1
 momwire 0.70.0 bspline avx2


                                ***********************************************
                                *                                             *
                                *  NUMERICAL ELECTROMAGNETICS CODE (NEC-4.2)  *
                                *                                             *
                                ***********************************************




                      **********************************************************

                          Dipole in free space                                                         
                                                                                                       
                          EZNEC Pro/2+ v. 7.0.4  2026-10-03 16:31:10                                   
                                                                                                       
                          ! Written by EZNEC/Pro+ v. 7.0 in NEC-4.2 format.                            
                                                                                                       

                      **********************************************************





                                 - - - STRUCTURE SPECIFICATION - - -

                                     COORDINATES MUST BE INPUT IN
                                     METERS OR BE SCALED TO METERS
                                     BEFORE STRUCTURE INPUT IS ENDED


  WIRE                                                                               NO. OF    FIRST  LAST     TAG
  NO.        X1         Y1         Z1          X2         Y2         Z2      RADIUS   SEG.     SEG.   SEG.     NO.
     1    0.00000   -0.25000    0.00000     0.00000    0.25000    0.00000    0.00050     11        1    11       1

   TOTAL SEGMENTS USED=   11     NO. SEG. IN A SYMMETRIC CELL=   11     SYMMETRY FLAG=  0


         - MULTIPLE WIRE JUNCTIONS -
 JUNCTION    SEGMENTS  (- FOR END 1, + FOR END 2)
  NONE




                                 - - - - SEGMENTATION DATA - - - -

                                        COORDINATES IN METERS

                         I+ AND I- INDICATE THE SEGMENTS BEFORE AND AFTER I


  SEG.   COORDINATES OF SEG. CENTER     SEG.     ORIENTATION ANGLES    WIRE    CONNECTION DATA   TAG
  NO.       X         Y         Z       LENGTH     ALPHA     BETA      RADIUS    I-   I    I+    NO.
     1   0.00000  -0.22727   0.00000   0.04545    0.00000  90.00000   0.00050     0    1    2      1
     2   0.00000  -0.18182   0.00000   0.04545    0.00000  90.00000   0.00050     1    2    3      1
     3   0.00000  -0.13636   0.00000   0.04545    0.00000  90.00000   0.00050     2    3    4      1
     4   0.00000  -0.09091   0.00000   0.04545    0.00000  90.00000   0.00050     3    4    5      1
     5   0.00000  -0.04545   0.00000   0.04545    0.00000  90.00000   0.00050     4    5    6      1
     6   0.00000   0.00000   0.00000   0.04545    0.00000  90.00000   0.00050     5    6    7      1
     7   0.00000   0.04545   0.00000   0.04545    0.00000  90.00000   0.00050     6    7    8      1
     8   0.00000   0.09091   0.00000   0.04545    0.00000  90.00000   0.00050     7    8    9      1
     9   0.00000   0.13636   0.00000   0.04545    0.00000  90.00000   0.00050     8    9   10      1
    10   0.00000   0.18182   0.00000   0.04545    0.00000  90.00000   0.00050     9   10   11      1
    11   0.00000   0.22727   0.00000   0.04545    0.00000  90.00000   0.00050    10   11    0      1




 ***** INPUT LINE  1  FR   0    1    0    0  2.99793E+02  0.00000E+00  0.00000E+00  0.00000E+00  0.00000E+00  0.00000E+00
 ***** INPUT LINE  2  GN  -1    0    0    0  0.00000E+00  0.00000E+00  0.00000E+00  0.00000E+00  0.00000E+00  0.00000E+00
 ***** INPUT LINE  3  EX   6    1    6    0  1.41421E+00  0.00000E+00  0.00000E+00  0.00000E+00  0.00000E+00  0.00000E+00
 ***** INPUT LINE  4  PQ   0    0    0    0  0.00000E+00  0.00000E+00  0.00000E+00  0.00000E+00  0.00000E+00  0.00000E+00
 ***** INPUT LINE  5  RP   0   37   73 1001  0.00000E+00  0.00000E+00  5.00000E+00  5.00000E+00  0.00000E+00  0.00000E+00




                                 - - - - - - FREQUENCY - - - - - -

                                    FREQUENCY= 2.9979E+02 MHZ
                                    WAVELENGTH= 1.0000E+00 METERS



                                  - - - ANTENNA ENVIRONMENT - - -

                                            FREE SPACE



                               - - - STRUCTURE IMPEDANCE LOADING - - -

                                   THIS STRUCTURE IS NOT LOADED



                                - - - MATRIX TIMING - - -

                        FILL=    0.002 SEC.,  FACTOR=    0.000 SEC.



                                          - - - ANTENNA INPUT PARAMETERS - - -

   TAG   SEG.    VOLTAGE (VOLTS)         CURRENT (AMPS)         IMPEDANCE (OHMS)        ADMITTANCE (MHOS)      POWER
   NO.   NO.    REAL        IMAG.       REAL        IMAG.       REAL        IMAG.       REAL        IMAG.     (WATTS)
     1     6 1.16136E+02 6.49342E+01 1.41421E+00 0.00000E+00 8.21202E+01 4.59154E+01 9.27707E-03-5.18704E-03 8.21203E+01



                             - - - CURRENTS AND LOCATION - - -

                     LENGTHS NORMALIZED BY WAVELENGTH (OR 2.*PI/CABS(K))

  SEG.  TAG    COORD. OF SEG. CENTER     SEG.            - - - CURRENT (AMPS) - - -
  NO.   NO.     X        Y        Z      LENGTH     REAL        IMAG.       MAG.        PHASE
     1    1   0.0000  -0.2273   0.0000  0.04545   2.4049E-01 -2.5007E-02  2.4179E-01   -5.936
     2    1   0.0000  -0.1818   0.0000  0.04545   6.6346E-01 -6.2436E-02  6.6639E-01   -5.376
     3    1   0.0000  -0.1364   0.0000  0.04545   9.9193E-01 -7.7233E-02  9.9494E-01   -4.452
     4    1   0.0000  -0.0909   0.0000  0.04545   1.2350E+00 -7.2324E-02  1.2372E+00   -3.351
     5    1   0.0000  -0.0455   0.0000  0.04545   1.3716E+00 -4.1527E-02  1.3722E+00   -1.734
     6    1   0.0000   0.0000   0.0000  0.04545   1.4142E+00  9.9923E-17  1.4142E+00    0.000
     7    1   0.0000   0.0455   0.0000  0.04545   1.3716E+00 -4.1527E-02  1.3722E+00   -1.734
     8    1   0.0000   0.0909   0.0000  0.04545   1.2350E+00 -7.2324E-02  1.2372E+00   -3.351
     9    1   0.0000   0.1364   0.0000  0.04545   9.9193E-01 -7.7233E-02  9.9494E-01   -4.452
    10    1   0.0000   0.1818   0.0000  0.04545   6.6346E-01 -6.2436E-02  6.6639E-01   -5.376
    11    1   0.0000   0.2273   0.0000  0.04545   2.4049E-01 -2.5007E-02  2.4179E-01   -5.936



                                  - - - CHARGE DENSITIES - - -

                       LENGTHS NORMALIZED TO WAVELENGTH (OR 2.*PI/CABS(K))


  SEG.  TAG    COORD. OF SEG. CENTER     SEG.          CHARGE DENSITY (COULOMBS/METER)
  NO.   NO.     X        Y        Z      LENGTH     REAL        IMAG.       MAG.        PHASE
     1E   1   0.0000  -0.2500   0.0000  0.04545   7.8225E-10  6.6848E-09  6.7304E-09   83.326
     1    1   0.0000  -0.2273   0.0000  0.04545   5.8413E-10  5.6176E-09  5.6479E-09   84.064
     2    1   0.0000  -0.1818   0.0000  0.04545   2.9016E-10  4.2624E-09  4.2722E-09   86.106
     3    1   0.0000  -0.1364   0.0000  0.04545   5.5484E-11  3.4105E-09  3.4110E-09   89.068
     4    1   0.0000  -0.0909   0.0000  0.04545  -1.7014E-10  2.2683E-09  2.2746E-09   94.290
     5    1   0.0000  -0.0455   0.0000  0.04545  -5.4925E-10  9.2062E-10  1.0720E-09  120.821
     6    1   0.0000   0.0000   0.0000  0.04545   0.0000E+00  0.0000E+00  0.0000E+00    0.000
     7    1   0.0000   0.0455   0.0000  0.04545   5.4925E-10 -9.2062E-10  1.0720E-09  -59.179
     8    1   0.0000   0.0909   0.0000  0.04545   1.7014E-10 -2.2683E-09  2.2746E-09  -85.710
     9    1   0.0000   0.1364   0.0000  0.04545  -5.5484E-11 -3.4105E-09  3.4110E-09  -90.932
    10    1   0.0000   0.1818   0.0000  0.04545  -2.9016E-10 -4.2624E-09  4.2722E-09  -93.894
    11    1   0.0000   0.2273   0.0000  0.04545  -5.8413E-10 -5.6176E-09  5.6479E-09  -95.936
    11E   1   0.0000   0.2500   0.0000  0.04545  -7.8225E-10 -6.6848E-09  6.7304E-09  -96.674



                                        - - - POWER BUDGET - - -

                                           INPUT POWER   = 8.2120E+01 WATTS
                                           RADIATED POWER= 8.2120E+01 WATTS
                                           WIRE LOSS     = 0.0000E+00 WATTS
                                           EFFICIENCY    = 100.00 PERCENT



                                                - - - RADIATION PATTERNS - - -

  - - ANGLES - -          - POWER GAINS -        - - - POLARIZATION - - -    - - - E(THETA) - - -    - - - E(PHI) - - -
  THETA     PHI        VERT.   HOR.    TOTAL      AXIAL     TILT   SENSE     MAGNITUDE    PHASE      MAGNITUDE    PHASE 
 DEGREES  DEGREES       DB      DB      DB        RATIO     DEG.               VOLTS     DEGREES       VOLTS     DEGREES
    0.00     0.00    -999.99    2.10    2.10    0.00000   -90.00  LINEAR    0.00000E+00     0.00    8.93177E+01   -93.16
    5.00     0.00    -999.99    2.10    2.10    0.00000   -90.00  LINEAR    0.00000E+00     0.00    8.93177E+01   -93.16
   10.00     0.00    -999.99    2.10    2.10    0.00000   -90.00  LINEAR    0.00000E+00     0.00    8.93177E+01   -93.16
   15.00     0.00    -999.99    2.10    2.10    0.00000   -90.00  LINEAR    0.00000E+00     0.00    8.93177E+01   -93.16
   20.00     0.00    -999.99    2.10    2.10    0.00000   -90.00  LINEAR    0.00000E+00     0.00    8.93177E+01   -93.16
   25.00     0.00    -999.99    2.10    2.10    0.00000   -90.00  LINEAR    0.00000E+00     0.00    8.93177E+01   -93.16
   30.00     0.00    -999.99    2.10    2.10    0.00000   -90.00  LINEAR    0.00000E+00     0.00    8.93177E+01   -93.16
   35.00     0.00    -999.99    2.10    2.10    0.00000   -90.00  LINEAR    0.00000E+00     0.00    8.93177E+01   -93.16
   40.00     0.00    -999.99    2.10    2.10    0.00000   -90.00  LINEAR    0.00000E+00     0.00    8.93177E+01   -93.16
   45.00     0.00    -999.99    2.10    2.10    0.00000   -90.00  LINEAR    0.00000E+00     0.00    8.93177E+01   -93.16
   50.00     0.00    -999.99    2.10    2.10    0.00000   -90.00  LINEAR    0.00000E+00     0.00    8.93177E+01   -93.16
   55.00     0.00    -999.99    2.10    2.10    0.00000   -90.00  LINEAR    0.00000E+00     0.00    8.93177E+01   -93.16
   60.00     0.00    -999.99    2.10    2.10    0.00000   -90.00  LINEAR    0.00000E+00     0.00    8.93177E+01   -93.16
   65.00     0.00    -999.99    2.10    2.10    0.00000   -90.00  LINEAR    0.00000E+00     0.00    8.93177E+01   -93.16
   70.00     0.00    -999.99    2.10    2.10    0.00000   -90.00  LINEAR    0.00000E+00     0.00    8.93177E+01   -93.16
   75.00     0.00    -999.99    2.10    2.10    0.00000   -90.00  LINEAR    0.00000E+00     0.00    8.93177E+01   -93.16
   80.00     0.00    -999.99    2.10    2.10    0.00000   -90.00  LINEAR    0.00000E+00     0.00    8.93177E+01   -93.16
   85.00     0.00    -999.99    2.10    2.10    0.00000   -90.00  LINEAR    0.00000E+00     0.00    8.93177E+01   -93.16
   90.00     0.00    -999.99    2.10    2.10    0.00000   -90.00  LINEAR    0.00000E+00     0.00    8.93177E+01   -93.16
   95.00     0.00    -999.99    2.10    2.10    0.00000   -90.00  LINEAR    0.00000E+00     0.00    8.93177E+01   -93.16
  100.00     0.00    -999.99    2.10    2.10    0.00000   -90.00  LINEAR    0.00000E+00     0.00    8.93177E+01   -93.16
  105.00     0.00    -999.99    2.10    2.10    0.00000   -90.00  LINEAR    0.00000E+00     0.00    8.93177E+01   -93.16
  110.00     0.00    -999.99    2.10    2.10    0.00000   -90.00  LINEAR    0.00000E+00     0.00    8.93177E+01   -93.16
  115.00     0.00    -999.99    2.10    2.10    0.00000   -90.00  LINEAR    0.00000E+00     0.00    8.93177E+01   -93.16
  120.00     0.00    -999.99    2.10    2.10    0.00000   -90.00  LINEAR    0.00000E+00     0.00    8.93177E+01   -93.16
  125.00     0.00    -999.99    2.10    2.10    0.00000   -90.00  LINEAR    0.00000E+00     0.00    8.93177E+01   -93.16
  130.00     0.00    -999.99    2.10    2.10    0.00000   -90.00  LINEAR    0.00000E+00     0.00    8.93177E+01   -93.16
  135.00     0.00    -999.99    2.10    2.10    0.00000   -90.00  LINEAR    0.00000E+00     0.00    8.93177E+01   -93.16
  140.00     0.00    -999.99    2.10    2.10    0.00000   -90.00  LINEAR    0.00000E+00     0.00    8.93177E+01   -93.16
  145.00     0.00    -999.99    2.10    2.10    0.00000   -90.00  LINEAR    0.00000E+00     0.00    8.93177E+01   -93.16
  150.00     0.00    -999.99    2.10    2.10    0.00000   -90.00  LINEAR    0.00000E+00     0.00    8.93177E+01   -93.16
  155.00     0.00    -999.99    2.10    2.10    0.00000   -90.00  LINEAR    0.00000E+00     0.00    8.93177E+01   -93.16
  160.00     0.00    -999.99    2.10    2.10    0.00000   -90.00  LINEAR    0.00000E+00     0.00    8.93177E+01   -93.16
  165.00     0.00    -999.99    2.10    2.10    0.00000   -90.00  LINEAR    0.00000E+00     0.00    8.93177E+01   -93.16
  170.00     0.00    -999.99    2.10    2.10    0.00000   -90.00  LINEAR    0.00000E+00     0.00    8.93177E+01   -93.16
  175.00     0.00    -999.99    2.10    2.10    0.00000   -90.00  LINEAR    0.00000E+00     0.00    8.93177E+01   -93.16
  180.00     0.00    -999.99    2.10    2.10    0.00000   -90.00  LINEAR    0.00000E+00     0.00    8.93177E+01   -93.16
    0.00     5.00     -19.10    2.06    2.10    0.00000    85.00  LINEAR    7.78455E+00   -93.16    8.89779E+01   -93.16
    5.00     5.00     -19.13    2.06    2.10    0.00000    85.02  LINEAR    7.75482E+00   -93.16    8.89766E+01   -93.16
   10.00     5.00     -19.23    2.06    2.09    0.00000    85.08  LINEAR    7.66585E+00   -93.16    8.89728E+01   -93.16
   15.00     5.00     -19.40    2.06    2.09    0.00000    85.17  LINEAR    7.51835E+00   -93.16    8.89665E+01   -93.16
   20.00     5.00     -19.64    2.06    2.09    0.00000    85.30  LINEAR    7.31346E+00   -93.16    8.89581E+01   -93.16
   25.00     5.00     -19.96    2.06    2.09    0.00000    85.47  LINEAR    7.05281E+00   -93.16    8.89477E+01   -93.16
   30.00     5.00     -20.35    2.06    2.08    0.00000    85.67  LINEAR    6.73842E+00   -93.16    8.89356E+01   -93.16
   35.00     5.00     -20.84    2.06    2.08    0.00000    85.90  LINEAR    6.37275E+00   -93.16    8.89223E+01   -93.16
   40.00     5.00     -21.42    2.06    2.08    0.00000    86.17  LINEAR    5.95864E+00   -93.16    8.89081E+01   -93.16
   45.00     5.00     -22.12    2.05    2.07    0.00000    86.46  LINEAR    5.49929E+00   -93.16    8.88934E+01   -93.16
   50.00     5.00     -22.95    2.05    2.07    0.00000    86.78  LINEAR    4.99824E+00   -93.16    8.88788E+01   -93.16
   55.00     5.00     -23.94    2.05    2.06    0.00000    87.13  LINEAR    4.45935E+00   -93.16    8.88646E+01   -93.16
   60.00     5.00     -25.13    2.05    2.06    0.00000    87.50  LINEAR    3.88674E+00   -93.16    8.88512E+01   -93.16
   65.00     5.00     -26.59    2.05    2.06    0.00000    87.88  LINEAR    3.28477E+00   -93.16    8.88392E+01   -93.16
   70.00     5.00     -28.43    2.05    2.05    0.00000    88.29  LINEAR    2.65801E+00   -93.16    8.88288E+01   -93.16
   75.00     5.00     -30.85    2.05    2.05    0.00000    88.70  LINEAR    2.01122E+00   -93.16    8.88203E+01   -93.16
   80.00     5.00     -34.32    2.05    2.05    0.00000    89.13  LINEAR    1.34929E+00   -93.16    8.88141E+01   -93.16
   85.00     5.00     -40.31    2.05    2.05    0.00000    89.56  LINEAR    6.77191E-01   -93.16    8.88103E+01   -93.16
   90.00     5.00    -999.99    2.05    2.05    0.00000   -90.00  LINEAR    0.00000E+00     0.00    8.88090E+01   -93.16
   95.00     5.00     -40.31    2.05    2.05    0.00000   -89.56  LINEAR    6.77191E-01    86.84    8.88103E+01   -93.16
  100.00     5.00     -34.32    2.05    2.05    0.00000   -89.13  LINEAR    1.34929E+00    86.84    8.88141E+01   -93.16
  105.00     5.00     -30.85    2.05    2.05    0.00000   -88.70  LINEAR    2.01122E+00    86.84    8.88203E+01   -93.16
  110.00     5.00     -28.43    2.05    2.05    0.00000   -88.29  LINEAR    2.65801E+00    86.84    8.88288E+01   -93.16
  115.00     5.00     -26.59    2.05    2.06    0.00000   -87.88  LINEAR    3.28477E+00    86.84    8.88392E+01   -93.16
  120.00     5.00     -25.13    2.05    2.06    0.00000   -87.50  LINEAR    3.88674E+00    86.84    8.88512E+01   -93.16
  125.00     5.00     -23.94    2.05    2.06    0.00000   -87.13  LINEAR    4.45935E+00    86.84    8.88646E+01   -93.16
  130.00     5.00     -22.95    2.05    2.07    0.00000   -86.78  LINEAR    4.99824E+00    86.84    8.88788E+01   -93.16
  135.00     5.00     -22.12    2.05    2.07    0.00000   -86.46  LINEAR    5.49929E+00    86.84    8.88934E+01   -93.16
  140.00     5.00     -21.42    2.06    2.08    0.00000   -86.17  LINEAR    5.95864E+00    86.84    8.89081E+01   -93.16
  145.00     5.00     -20.84    2.06    2.08    0.00000   -85.90  LINEAR    6.37275E+00    86.84    8.89223E+01   -93.16
  150.00     5.00     -20.35    2.06    2.08    0.00000   -85.67  LINEAR    6.73842E+00    86.84    8.89356E+01   -93.16
  155.00     5.00     -19.96    2.06    2.09    0.00000   -85.47  LINEAR    7.05281E+00    86.84    8.89477E+01   -93.16
  160.00     5.00     -19.64    2.06    2.09    0.00000   -85.30  LINEAR    7.31346E+00    86.84    8.89581E+01   -93.16
  165.00     5.00     -19.40    2.06    2.09    0.00000   -85.17  LINEAR    7.51835E+00    86.84    8.89665E+01   -93.16
  170.00     5.00     -19.23    2.06    2.09    0.00000   -85.08  LINEAR    7.66585E+00    86.84    8.89728E+01   -93.16
  175.00     5.00     -19.13    2.06    2.10    0.00000   -85.02  LINEAR    7.75482E+00    86.84    8.89766E+01   -93.16
  180.00     5.00     -19.10    2.06    2.10    0.00000   -85.00  LINEAR    7.78455E+00    86.84    8.89779E+01   -93.16
    0.00    10.00     -13.11    1.96    2.10    0.00000    80.00  LINEAR    1.55099E+01   -93.16    8.79608E+01   -93.16
    5.00    10.00     -13.14    1.96    2.09    0.00000    80.04  LINEAR    1.54500E+01   -93.16    8.79558E+01   -93.16
   10.00    10.00     -13.25    1.96    2.09    0.00000    80.15  LINEAR    1.52708E+01   -93.16    8.79408E+01   -93.16
   15.00    10.00     -13.42    1.96    2.08    0.00000    80.33  LINEAR    1.49738E+01   -93.16    8.79164E+01   -93.16
   20.00    10.00     -13.66    1.96    2.07    0.00000    80.59  LINEAR    1.45617E+01   -93.16    8.78833E+01   -93.16
   25.00    10.00     -13.98    1.95    2.06    0.00000    80.92  LINEAR    1.40378E+01   -93.16    8.78425E+01   -93.16
   30.00    10.00     -14.38    1.95    2.05    0.00000    81.32  LINEAR    1.34066E+01   -93.16    8.77952E+01   -93.16
   35.00    10.00     -14.87    1.94    2.03    0.00000    81.78  LINEAR    1.26735E+01   -93.16    8.77429E+01   -93.16
   40.00    10.00     -15.45    1.94    2.01    0.00000    82.31  LINEAR    1.18443E+01   -93.16    8.76872E+01   -93.16
   45.00    10.00     -16.15    1.93    2.00    0.00000    82.89  LINEAR    1.09259E+01   -93.15    8.76298E+01   -93.15
   50.00    10.00     -16.99    1.92    1.98    0.00000    83.53  LINEAR    9.92553E+00   -93.15    8.75724E+01   -93.15
   55.00    10.00     -17.98    1.92    1.96    0.00000    84.22  LINEAR    8.85119E+00   -93.15    8.75168E+01   -93.15
   60.00    10.00     -19.18    1.91    1.95    0.00000    84.96  LINEAR    7.71119E+00   -93.15    8.74646E+01   -93.15
   65.00    10.00     -20.65    1.91    1.93    0.00000    85.74  LINEAR    6.51427E+00   -93.15    8.74175E+01   -93.15
   70.00    10.00     -22.49    1.90    1.92    0.00000    86.55  LINEAR    5.26947E+00   -93.15    8.73768E+01   -93.15
   75.00    10.00     -24.91    1.90    1.91    0.00000    87.39  LINEAR    3.98609E+00   -93.15    8.73439E+01   -93.15
   80.00    10.00     -28.38    1.90    1.90    0.00000    88.25  LINEAR    2.67363E+00   -93.15    8.73196E+01   -93.15
   85.00    10.00     -34.37    1.90    1.90    0.00000    89.12  LINEAR    1.34169E+00   -93.15    8.73047E+01   -93.15
   90.00    10.00    -999.99    1.90    1.90    0.00000   -90.00  LINEAR    0.00000E+00     0.00    8.72997E+01   -93.15
   95.00    10.00     -34.37    1.90    1.90    0.00000   -89.12  LINEAR    1.34169E+00    86.85    8.73047E+01   -93.15
  100.00    10.00     -28.38    1.90    1.90    0.00000   -88.25  LINEAR    2.67363E+00    86.85    8.73196E+01   -93.15
  105.00    10.00     -24.91    1.90    1.91    0.00000   -87.39  LINEAR    3.98609E+00    86.85    8.73439E+01   -93.15
  110.00    10.00     -22.49    1.90    1.92    0.00000   -86.55  LINEAR    5.26947E+00    86.85    8.73768E+01   -93.15
  115.00    10.00     -20.65    1.91    1.93    0.00000   -85.74  LINEAR    6.51427E+00    86.85    8.74175E+01   -93.15
  120.00    10.00     -19.18    1.91    1.95    0.00000   -84.96  LINEAR    7.71119E+00    86.85    8.74646E+01   -93.15
  125.00    10.00     -17.98    1.92    1.96    0.00000   -84.22  LINEAR    8.85119E+00    86.85    8.75168E+01   -93.15
  130.00    10.00     -16.99    1.92    1.98    0.00000   -83.53  LINEAR    9.92553E+00    86.85    8.75724E+01   -93.15
  135.00    10.00     -16.15    1.93    2.00    0.00000   -82.89  LINEAR    1.09259E+01    86.85    8.76298E+01   -93.15
  140.00    10.00     -15.45    1.94    2.01    0.00000   -82.31  LINEAR    1.18443E+01    86.84    8.76872E+01   -93.16
  145.00    10.00     -14.87    1.94    2.03    0.00000   -81.78  LINEAR    1.26735E+01    86.84    8.77429E+01   -93.16
  150.00    10.00     -14.38    1.95    2.05    0.00000   -81.32  LINEAR    1.34066E+01    86.84    8.77952E+01   -93.16
  155.00    10.00     -13.98    1.95    2.06    0.00000   -80.92  LINEAR    1.40378E+01    86.84    8.78425E+01   -93.16
  160.00    10.00     -13.66    1.96    2.07    0.00000   -80.59  LINEAR    1.45617E+01    86.84    8.78833E+01   -93.16
  165.00    10.00     -13.42    1.96    2.08    0.00000   -80.33  LINEAR    1.49738E+01    86.84    8.79164E+01   -93.16
  170.00    10.00     -13.25    1.96    2.09    0.00000   -80.15  LINEAR    1.52708E+01    86.84    8.79408E+01   -93.16
  175.00    10.00     -13.14    1.96    2.09    0.00000   -80.04  LINEAR    1.54500E+01    86.84    8.79558E+01   -93.16
  180.00    10.00     -13.11    1.96    2.10    0.00000   -80.00  LINEAR    1.55099E+01    86.84    8.79608E+01   -93.16
    0.00    15.00      -9.64    1.79    2.10    0.00000    75.00  LINEAR    2.31171E+01   -93.16    8.62743E+01   -93.16
    5.00    15.00      -9.68    1.79    2.09    0.00000    75.05  LINEAR    2.30262E+01   -93.16    8.62633E+01   -93.16
   10.00    15.00      -9.78    1.79    2.08    0.00000    75.22  LINEAR    2.27544E+01   -93.16    8.62308E+01   -93.16
   15.00    15.00      -9.96    1.78    2.07    0.00000    75.49  LINEAR    2.23044E+01   -93.16    8.61776E+01   -93.16
   20.00    15.00     -10.20    1.78    2.04    0.00000    75.87  LINEAR    2.16805E+01   -93.16    8.61055E+01   -93.16
   25.00    15.00     -10.52    1.77    2.02    0.00000    76.35  LINEAR    2.08887E+01   -93.16    8.60166E+01   -93.16
   30.00    15.00     -10.93    1.76    1.99    0.00000    76.94  LINEAR    1.99364E+01   -93.15    8.59137E+01   -93.15
   35.00    15.00     -11.42    1.75    1.95    0.00000    77.62  LINEAR    1.88323E+01   -93.15    8.58000E+01   -93.15
   40.00    15.00     -12.02    1.73    1.91    0.00000    78.40  LINEAR    1.75866E+01   -93.15    8.56790E+01   -93.15
   45.00    15.00     -12.73    1.72    1.87    0.00000    79.27  LINEAR    1.62099E+01   -93.15    8.55543E+01   -93.15
   50.00    15.00     -13.57    1.71    1.84    0.00000    80.23  LINEAR    1.47139E+01   -93.14    8.54297E+01   -93.14
   55.00    15.00     -14.57    1.70    1.80    0.00000    81.26  LINEAR    1.31111E+01   -93.14    8.53090E+01   -93.14
   60.00    15.00     -15.77    1.69    1.76    0.00000    82.37  LINEAR    1.14141E+01   -93.14    8.51959E+01   -93.14
   65.00    15.00     -17.25    1.67    1.73    0.00000    83.54  LINEAR    9.63603E+00   -93.14    8.50937E+01   -93.14
   70.00    15.00     -19.09    1.67    1.70    0.00000    84.76  LINEAR    7.79026E+00   -93.14    8.50056E+01   -93.14
   75.00    15.00     -21.52    1.66    1.68    0.00000    86.03  LINEAR    5.89022E+00   -93.14    8.49342E+01   -93.14
   80.00    15.00     -24.99    1.65    1.66    0.00000    87.34  LINEAR    3.94945E+00   -93.13    8.48816E+01   -93.13
   85.00    15.00     -30.98    1.65    1.65    0.00000    88.66  LINEAR    1.98151E+00   -93.13    8.48494E+01   -93.13
   90.00    15.00    -999.99    1.65    1.65    0.00000   -90.00  LINEAR    0.00000E+00     0.00    8.48386E+01   -93.13
   95.00    15.00     -30.98    1.65    1.65    0.00000   -88.66  LINEAR    1.98151E+00    86.87    8.48494E+01   -93.13
  100.00    15.00     -24.99    1.65    1.66    0.00000   -87.34  LINEAR    3.94945E+00    86.87    8.48816E+01   -93.13
  105.00    15.00     -21.52    1.66    1.68    0.00000   -86.03  LINEAR    5.89022E+00    86.86    8.49342E+01   -93.14
  110.00    15.00     -19.09    1.67    1.70    0.00000   -84.76  LINEAR    7.79026E+00    86.86    8.50056E+01   -93.14
  115.00    15.00     -17.25    1.67    1.73    0.00000   -83.54  LINEAR    9.63603E+00    86.86    8.50937E+01   -93.14
  120.00    15.00     -15.77    1.69    1.76    0.00000   -82.37  LINEAR    1.14141E+01    86.86    8.51959E+01   -93.14
  125.00    15.00     -14.57    1.70    1.80    0.00000   -81.26  LINEAR    1.31111E+01    86.86    8.53090E+01   -93.14
  130.00    15.00     -13.57    1.71    1.84    0.00000   -80.23  LINEAR    1.47139E+01    86.86    8.54297E+01   -93.14
  135.00    15.00     -12.73    1.72    1.87    0.00000   -79.27  LINEAR    1.62099E+01    86.85    8.55543E+01   -93.15
  140.00    15.00     -12.02    1.73    1.91    0.00000   -78.40  LINEAR    1.75866E+01    86.85    8.56790E+01   -93.15
  145.00    15.00     -11.42    1.75    1.95    0.00000   -77.62  LINEAR    1.88323E+01    86.85    8.58000E+01   -93.15
  150.00    15.00     -10.93    1.76    1.99    0.00000   -76.94  LINEAR    1.99364E+01    86.85    8.59137E+01   -93.15
  155.00    15.00     -10.52    1.77    2.02    0.00000   -76.35  LINEAR    2.08887E+01    86.84    8.60166E+01   -93.16
  160.00    15.00     -10.20    1.78    2.04    0.00000   -75.87  LINEAR    2.16805E+01    86.84    8.61055E+01   -93.16
  165.00    15.00      -9.96    1.78    2.07    0.00000   -75.49  LINEAR    2.23044E+01    86.84    8.61776E+01   -93.16
  170.00    15.00      -9.78    1.79    2.08    0.00000   -75.22  LINEAR    2.27544E+01    86.84    8.62308E+01   -93.16
  175.00    15.00      -9.68    1.79    2.09    0.00000   -75.05  LINEAR    2.30262E+01    86.84    8.62633E+01   -93.16
  180.00    15.00      -9.64    1.79    2.10    0.00000   -75.00  LINEAR    2.31171E+01    86.84    8.62743E+01   -93.16
    0.00    20.00      -7.22    1.56    2.10    0.00000    70.00  LINEAR    3.05485E+01   -93.16    8.39312E+01   -93.16
    5.00    20.00      -7.26    1.55    2.09    0.00000    70.07  LINEAR    3.04255E+01   -93.16    8.39126E+01   -93.16
   10.00    20.00      -7.36    1.55    2.07    0.00000    70.28  LINEAR    3.00579E+01   -93.16    8.38572E+01   -93.16
   15.00    20.00      -7.54    1.54    2.04    0.00000    70.63  LINEAR    2.94498E+01   -93.16    8.37670E+01   -93.16
   20.00    20.00      -7.79    1.53    2.01    0.00000    71.12  LINEAR    2.86081E+01   -93.15    8.36445E+01   -93.15
   25.00    20.00      -8.12    1.51    1.96    0.00000    71.74  LINEAR    2.75420E+01   -93.15    8.34938E+01   -93.15
   30.00    20.00      -8.54    1.49    1.90    0.00000    72.50  LINEAR    2.62629E+01   -93.15    8.33194E+01   -93.15
   35.00    20.00      -9.04    1.47    1.84    0.00000    73.40  LINEAR    2.47840E+01   -93.14    8.31267E+01   -93.14
   40.00    20.00      -9.64    1.45    1.78    0.00000    74.42  LINEAR    2.31200E+01   -93.14    8.29217E+01   -93.14
   45.00    20.00     -10.36    1.43    1.71    0.00000    75.57  LINEAR    2.12869E+01   -93.14    8.27107E+01   -93.14
   50.00    20.00     -11.21    1.41    1.64    0.00000    76.83  LINEAR    1.93014E+01   -93.13    8.25001E+01   -93.13
   55.00    20.00     -12.22    1.38    1.57    0.00000    78.21  LINEAR    1.71806E+01   -93.13    8.22963E+01   -93.13
   60.00    20.00     -13.43    1.36    1.51    0.00000    79.69  LINEAR    1.49419E+01   -93.12    8.21053E+01   -93.12
   65.00    20.00     -14.91    1.35    1.45    0.00000    81.26  LINEAR    1.26030E+01   -93.12    8.19330E+01   -93.12
   70.00    20.00     -16.77    1.33    1.40    0.00000    82.90  LINEAR    1.01810E+01   -93.12    8.17845E+01   -93.12
   75.00    20.00     -19.20    1.32    1.36    0.00000    84.62  LINEAR    7.69296E+00   -93.12    8.16641E+01   -93.12
   80.00    20.00     -22.68    1.31    1.33    0.00000    86.38  LINEAR    5.15580E+00   -93.11    8.15756E+01   -93.11
   85.00    20.00     -28.67    1.30    1.31    0.00000    88.18  LINEAR    2.58603E+00   -93.11    8.15213E+01   -93.11
   90.00    20.00    -999.99    1.30    1.30    0.00000   -90.00  LINEAR    0.00000E+00     0.00    8.15031E+01   -93.11
   95.00    20.00     -28.67    1.30    1.31    0.00000   -88.18  LINEAR    2.58603E+00    86.89    8.15213E+01   -93.11
  100.00    20.00     -22.68    1.31    1.33    0.00000   -86.38  LINEAR    5.15580E+00    86.89    8.15756E+01   -93.11
  105.00    20.00     -19.20    1.32    1.36    0.00000   -84.62  LINEAR    7.69296E+00    86.88    8.16641E+01   -93.12
  110.00    20.00     -16.77    1.33    1.40    0.00000   -82.90  LINEAR    1.01810E+01    86.88    8.17845E+01   -93.12
  115.00    20.00     -14.91    1.35    1.45    0.00000   -81.26  LINEAR    1.26030E+01    86.88    8.19330E+01   -93.12
  120.00    20.00     -13.43    1.36    1.51    0.00000   -79.69  LINEAR    1.49419E+01    86.88    8.21053E+01   -93.12
  125.00    20.00     -12.22    1.38    1.57    0.00000   -78.21  LINEAR    1.71806E+01    86.87    8.22963E+01   -93.13
  130.00    20.00     -11.21    1.41    1.64    0.00000   -76.83  LINEAR    1.93014E+01    86.87    8.25001E+01   -93.13
  135.00    20.00     -10.36    1.43    1.71    0.00000   -75.57  LINEAR    2.12869E+01    86.86    8.27107E+01   -93.14
  140.00    20.00      -9.64    1.45    1.78    0.00000   -74.42  LINEAR    2.31200E+01    86.86    8.29217E+01   -93.14
  145.00    20.00      -9.04    1.47    1.84    0.00000   -73.40  LINEAR    2.47840E+01    86.86    8.31267E+01   -93.14
  150.00    20.00      -8.54    1.49    1.90    0.00000   -72.50  LINEAR    2.62629E+01    86.85    8.33194E+01   -93.15
  155.00    20.00      -8.12    1.51    1.96    0.00000   -71.74  LINEAR    2.75420E+01    86.85    8.34938E+01   -93.15
  160.00    20.00      -7.79    1.53    2.01    0.00000   -71.12  LINEAR    2.86081E+01    86.85    8.36445E+01   -93.15
  165.00    20.00      -7.54    1.54    2.04    0.00000   -70.63  LINEAR    2.94498E+01    86.84    8.37670E+01   -93.16
  170.00    20.00      -7.36    1.55    2.07    0.00000   -70.28  LINEAR    3.00579E+01    86.84    8.38572E+01   -93.16
  175.00    20.00      -7.26    1.55    2.09    0.00000   -70.07  LINEAR    3.04255E+01    86.84    8.39126E+01   -93.16
  180.00    20.00      -7.22    1.56    2.10    0.00000   -70.00  LINEAR    3.05485E+01    86.84    8.39312E+01   -93.16
    0.00    25.00      -5.39    1.24    2.10    0.00000    65.00  LINEAR    3.77473E+01   -93.16    8.09494E+01   -93.16
    5.00    25.00      -5.42    1.24    2.09    0.00000    65.08  LINEAR    3.75909E+01   -93.16    8.09219E+01   -93.16
   10.00    25.00      -5.53    1.23    2.06    0.00000    65.33  LINEAR    3.71238E+01   -93.16    8.08404E+01   -93.16
   15.00    25.00      -5.71    1.22    2.02    0.00000    65.75  LINEAR    3.63522E+01   -93.16    8.07076E+01   -93.16
   20.00    25.00      -5.97    1.20    1.96    0.00000    66.34  LINEAR    3.52860E+01   -93.15    8.05275E+01   -93.15
   25.00    25.00      -6.31    1.17    1.89    0.00000    67.09  LINEAR    3.39387E+01   -93.15    8.03058E+01   -93.15
   30.00    25.00      -6.73    1.14    1.80    0.00000    68.01  LINEAR    3.23268E+01   -93.14    8.00496E+01   -93.14
   35.00    25.00      -7.25    1.11    1.70    0.00000    69.09  LINEAR    3.04691E+01   -93.14    7.97668E+01   -93.14
   40.00    25.00      -7.86    1.08    1.60    0.00000    70.34  LINEAR    2.83863E+01   -93.13    7.94662E+01   -93.13
   45.00    25.00      -8.59    1.05    1.50    0.00000    71.75  LINEAR    2.61004E+01   -93.12    7.91571E+01   -93.12
   50.00    25.00      -9.45    1.01    1.39    0.00000    73.31  LINEAR    2.36339E+01   -93.12    7.88488E+01   -93.12
   55.00    25.00     -10.47    0.98    1.28    0.00000    75.03  LINEAR    2.10094E+01   -93.11    7.85507E+01   -93.11
   60.00    25.00     -11.70    0.95    1.18    0.00000    76.88  LINEAR    1.82494E+01   -93.11    7.82717E+01   -93.11
   65.00    25.00     -13.19    0.92    1.09    0.00000    78.85  LINEAR    1.53754E+01   -93.10    7.80202E+01   -93.10
   70.00    25.00     -15.05    0.90    1.01    0.00000    80.94  LINEAR    1.24086E+01   -93.10    7.78035E+01   -93.10
   75.00    25.00     -17.49    0.88    0.94    0.00000    83.12  LINEAR    9.36888E+00   -93.09    7.76281E+01   -93.09
   80.00    25.00     -20.97    0.86    0.89    0.00000    85.37  LINEAR    6.27537E+00   -93.09    7.74990E+01   -93.09
   85.00    25.00     -26.97    0.85    0.86    0.00000    87.67  LINEAR    3.14646E+00   -93.09    7.74201E+01   -93.09
   90.00    25.00    -999.99    0.85    0.85    0.00000   -90.00  LINEAR    0.00000E+00     0.00    7.73935E+01   -93.09
   95.00    25.00     -26.97    0.85    0.86    0.00000   -87.67  LINEAR    3.14646E+00    86.91    7.74201E+01   -93.09
  100.00    25.00     -20.97    0.86    0.89    0.00000   -85.37  LINEAR    6.27537E+00    86.91    7.74990E+01   -93.09
  105.00    25.00     -17.49    0.88    0.94    0.00000   -83.12  LINEAR    9.36888E+00    86.91    7.76281E+01   -93.09
  110.00    25.00     -15.05    0.90    1.01    0.00000   -80.94  LINEAR    1.24086E+01    86.90    7.78035E+01   -93.10
  115.00    25.00     -13.19    0.92    1.09    0.00000   -78.85  LINEAR    1.53754E+01    86.90    7.80202E+01   -93.10
  120.00    25.00     -11.70    0.95    1.18    0.00000   -76.88  LINEAR    1.82494E+01    86.89    7.82717E+01   -93.11
  125.00    25.00     -10.47    0.98    1.28    0.00000   -75.03  LINEAR    2.10094E+01    86.89    7.85507E+01   -93.11
  130.00    25.00      -9.45    1.01    1.39    0.00000   -73.31  LINEAR    2.36339E+01    86.88    7.88488E+01   -93.12
  135.00    25.00      -8.59    1.05    1.50    0.00000   -71.75  LINEAR    2.61004E+01    86.88    7.91571E+01   -93.12
  140.00    25.00      -7.86    1.08    1.60    0.00000   -70.34  LINEAR    2.83863E+01    86.87    7.94662E+01   -93.13
  145.00    25.00      -7.25    1.11    1.70    0.00000   -69.09  LINEAR    3.04691E+01    86.86    7.97668E+01   -93.14
  150.00    25.00      -6.73    1.14    1.80    0.00000   -68.01  LINEAR    3.23268E+01    86.86    8.00496E+01   -93.14
  155.00    25.00      -6.31    1.17    1.89    0.00000   -67.09  LINEAR    3.39387E+01    86.85    8.03058E+01   -93.15
  160.00    25.00      -5.97    1.20    1.96    0.00000   -66.34  LINEAR    3.52860E+01    86.85    8.05275E+01   -93.15
  165.00    25.00      -5.71    1.22    2.02    0.00000   -65.75  LINEAR    3.63522E+01    86.84    8.07076E+01   -93.16
  170.00    25.00      -5.53    1.23    2.06    0.00000   -65.33  LINEAR    3.71238E+01    86.84    8.08404E+01   -93.16
  175.00    25.00      -5.42    1.24    2.09    0.00000   -65.08  LINEAR    3.75909E+01    86.84    8.09219E+01   -93.16
  180.00    25.00      -5.39    1.24    2.10    0.00000   -65.00  LINEAR    3.77473E+01    86.84    8.09494E+01   -93.16
    0.00    30.00      -3.92    0.85    2.10    0.00000    60.00  LINEAR    4.46589E+01   -93.16    7.73514E+01   -93.16
    5.00    30.00      -3.96    0.84    2.08    0.00000    60.09  LINEAR    4.44678E+01   -93.16    7.73147E+01   -93.16
   10.00    30.00      -4.07    0.83    2.05    0.00000    60.38  LINEAR    4.38976E+01   -93.16    7.72058E+01   -93.16
   15.00    30.00      -4.26    0.81    1.99    0.00000    60.85  LINEAR    4.29569E+01   -93.15    7.70282E+01   -93.15
   20.00    30.00      -4.53    0.78    1.90    0.00000    61.52  LINEAR    4.16597E+01   -93.15    7.67875E+01   -93.15
   25.00    30.00      -4.88    0.75    1.80    0.00000    62.38  LINEAR    4.00248E+01   -93.14    7.64917E+01   -93.14
   30.00    30.00      -5.31    0.71    1.68    0.00000    63.43  LINEAR    3.80750E+01   -93.14    7.61499E+01   -93.14
   35.00    30.00      -5.84    0.67    1.54    0.00000    64.69  LINEAR    3.58360E+01   -93.13    7.57731E+01   -93.13
   40.00    30.00      -6.46    0.62    1.40    0.00000    66.14  LINEAR    3.33357E+01   -93.12    7.53730E+01   -93.12
   45.00    30.00      -7.21    0.57    1.24    0.00000    67.79  LINEAR    3.06031E+01   -93.11    7.49619E+01   -93.11
   50.00    30.00      -8.08    0.53    1.09    0.00000    69.64  LINEAR    2.76674E+01   -93.10    7.45525E+01   -93.10
   55.00    30.00      -9.12    0.48    0.93    0.00000    71.68  LINEAR    2.45574E+01   -93.09    7.41570E+01   -93.09
   60.00    30.00     -10.36    0.44    0.78    0.00000    73.90  LINEAR    2.13005E+01   -93.08    7.37873E+01   -93.08
   65.00    30.00     -11.85    0.40    0.65    0.00000    76.29  LINEAR    1.79227E+01   -93.08    7.34543E+01   -93.08
   70.00    30.00     -13.73    0.36    0.53    0.00000    78.83  LINEAR    1.44481E+01   -93.07    7.31677E+01   -93.07
   75.00    30.00     -16.18    0.34    0.43    0.00000    81.50  LINEAR    1.08987E+01   -93.06    7.29358E+01   -93.06
   80.00    30.00     -19.66    0.32    0.36    0.00000    84.27  LINEAR    7.29514E+00   -93.06    7.27652E+01   -93.06
   85.00    30.00     -25.66    0.30    0.31    0.00000    87.12  LINEAR    3.65626E+00   -93.06    7.26610E+01   -93.06
   90.00    30.00    -999.99    0.30    0.30    0.00000   -90.00  LINEAR    0.00000E+00     0.00    7.26259E+01   -93.06
   95.00    30.00     -25.66    0.30    0.31    0.00000   -87.12  LINEAR    3.65626E+00    86.94    7.26610E+01   -93.06
  100.00    30.00     -19.66    0.32    0.36    0.00000   -84.27  LINEAR    7.29514E+00    86.94    7.27652E+01   -93.06
  105.00    30.00     -16.18    0.34    0.43    0.00000   -81.50  LINEAR    1.08987E+01    86.94    7.29358E+01   -93.06
  110.00    30.00     -13.73    0.36    0.53    0.00000   -78.83  LINEAR    1.44481E+01    86.93    7.31677E+01   -93.07
  115.00    30.00     -11.85    0.40    0.65    0.00000   -76.29  LINEAR    1.79227E+01    86.92    7.34543E+01   -93.08
  120.00    30.00     -10.36    0.44    0.78    0.00000   -73.90  LINEAR    2.13005E+01    86.92    7.37873E+01   -93.08
  125.00    30.00      -9.12    0.48    0.93    0.00000   -71.68  LINEAR    2.45574E+01    86.91    7.41570E+01   -93.09
  130.00    30.00      -8.08    0.53    1.09    0.00000   -69.64  LINEAR    2.76674E+01    86.90    7.45525E+01   -93.10
  135.00    30.00      -7.21    0.57    1.24    0.00000   -67.79  LINEAR    3.06031E+01    86.89    7.49619E+01   -93.11
  140.00    30.00      -6.46    0.62    1.40    0.00000   -66.14  LINEAR    3.33357E+01    86.88    7.53730E+01   -93.12
  145.00    30.00      -5.84    0.67    1.54    0.00000   -64.69  LINEAR    3.58360E+01    86.87    7.57731E+01   -93.13
  150.00    30.00      -5.31    0.71    1.68    0.00000   -63.43  LINEAR    3.80750E+01    86.86    7.61499E+01   -93.14
  155.00    30.00      -4.88    0.75    1.80    0.00000   -62.38  LINEAR    4.00248E+01    86.86    7.64917E+01   -93.14
  160.00    30.00      -4.53    0.78    1.90    0.00000   -61.52  LINEAR    4.16597E+01    86.85    7.67875E+01   -93.15
  165.00    30.00      -4.26    0.81    1.99    0.00000   -60.85  LINEAR    4.29569E+01    86.85    7.70282E+01   -93.15
  170.00    30.00      -4.07    0.83    2.05    0.00000   -60.38  LINEAR    4.38976E+01    86.84    7.72058E+01   -93.16
  175.00    30.00      -3.96    0.84    2.08    0.00000   -60.09  LINEAR    4.44678E+01    86.84    7.73147E+01   -93.16
  180.00    30.00      -3.92    0.85    2.10    0.00000   -60.00  LINEAR    4.46589E+01    86.84    7.73514E+01   -93.16
    0.00    35.00      -2.73    0.36    2.10    0.00000    55.00  LINEAR    5.12305E+01   -93.16    7.31648E+01   -93.16
    5.00    35.00      -2.77    0.36    2.08    0.00000    55.10  LINEAR    5.10037E+01   -93.16    7.31191E+01   -93.16
   10.00    35.00      -2.89    0.34    2.03    0.00000    55.41  LINEAR    5.03273E+01   -93.16    7.29836E+01   -93.16
   15.00    35.00      -3.08    0.32    1.95    0.00000    55.93  LINEAR    4.92129E+01   -93.15    7.27626E+01   -93.15
   20.00    35.00      -3.36    0.28    1.84    0.00000    56.66  LINEAR    4.76795E+01   -93.14    7.24635E+01   -93.14
   25.00    35.00      -3.71    0.24    1.70    0.00000    57.60  LINEAR    4.57524E+01   -93.14    7.20960E+01   -93.14
   30.00    35.00      -4.16    0.18    1.54    0.00000    58.77  LINEAR    4.34617E+01   -93.13    7.16719E+01   -93.13
   35.00    35.00      -4.70    0.13    1.36    0.00000    60.16  LINEAR    4.08414E+01   -93.12    7.12048E+01   -93.12
   40.00    35.00      -5.34    0.07    1.16    0.00000    61.79  LINEAR    3.79278E+01   -93.10    7.07094E+01   -93.10
   45.00    35.00      -6.10    0.00    0.96    0.00000    63.66  LINEAR    3.47580E+01   -93.09    7.02011E+01   -93.09
   50.00    35.00      -6.99   -0.06    0.74    0.00000    65.77  LINEAR    3.13688E+01   -93.08    6.96953E+01   -93.08
   55.00    35.00      -8.04   -0.12    0.53    0.00000    68.12  LINEAR    2.77953E+01   -93.07    6.92075E+01   -93.07
   60.00    35.00      -9.29   -0.18    0.32    0.00000    70.70  LINEAR    2.40703E+01   -93.06    6.87520E+01   -93.06
   65.00    35.00     -10.81   -0.23    0.14    0.00000    73.52  LINEAR    2.02238E+01   -93.05    6.83421E+01   -93.05
   70.00    35.00     -12.69   -0.27   -0.03    0.00000    76.53  LINEAR    1.62825E+01   -93.04    6.79897E+01   -93.04
   75.00    35.00     -15.15   -0.31   -0.17    0.00000    79.73  LINEAR    1.22699E+01   -93.03    6.77048E+01   -93.03
   80.00    35.00     -18.64   -0.34   -0.27    0.00000    83.07  LINEAR    8.20676E+00   -93.03    6.74954E+01   -93.03
   85.00    35.00     -24.64   -0.35   -0.34    0.00000    86.51  LINEAR    4.11124E+00   -93.02    6.73675E+01   -93.02
   90.00    35.00    -999.99   -0.36   -0.36    0.00000   -90.00  LINEAR    0.00000E+00     0.00    6.73244E+01   -93.02
   95.00    35.00     -24.64   -0.35   -0.34    0.00000   -86.51  LINEAR    4.11124E+00    86.98    6.73675E+01   -93.02
  100.00    35.00     -18.64   -0.34   -0.27    0.00000   -83.07  LINEAR    8.20676E+00    86.97    6.74954E+01   -93.03
  105.00    35.00     -15.15   -0.31   -0.17    0.00000   -79.73  LINEAR    1.22699E+01    86.97    6.77048E+01   -93.03
  110.00    35.00     -12.69   -0.27   -0.03    0.00000   -76.53  LINEAR    1.62825E+01    86.96    6.79897E+01   -93.04
  115.00    35.00     -10.81   -0.23    0.14    0.00000   -73.52  LINEAR    2.02238E+01    86.95    6.83421E+01   -93.05
  120.00    35.00      -9.29   -0.18    0.32    0.00000   -70.70  LINEAR    2.40703E+01    86.94    6.87520E+01   -93.06
  125.00    35.00      -8.04   -0.12    0.53    0.00000   -68.12  LINEAR    2.77953E+01    86.93    6.92075E+01   -93.07
  130.00    35.00      -6.99   -0.06    0.74    0.00000   -65.77  LINEAR    3.13688E+01    86.92    6.96953E+01   -93.08
  135.00    35.00      -6.10    0.00    0.96    0.00000   -63.66  LINEAR    3.47580E+01    86.91    7.02011E+01   -93.09
  140.00    35.00      -5.34    0.07    1.16    0.00000   -61.79  LINEAR    3.79278E+01    86.90    7.07094E+01   -93.10
  145.00    35.00      -4.70    0.13    1.36    0.00000   -60.16  LINEAR    4.08414E+01    86.88    7.12048E+01   -93.12
  150.00    35.00      -4.16    0.18    1.54    0.00000   -58.77  LINEAR    4.34617E+01    86.87    7.16719E+01   -93.13
  155.00    35.00      -3.71    0.24    1.70    0.00000   -57.60  LINEAR    4.57524E+01    86.86    7.20960E+01   -93.14
  160.00    35.00      -3.36    0.28    1.84    0.00000   -56.66  LINEAR    4.76795E+01    86.86    7.24635E+01   -93.14
  165.00    35.00      -3.08    0.32    1.95    0.00000   -55.93  LINEAR    4.92129E+01    86.85    7.27626E+01   -93.15
  170.00    35.00      -2.89    0.34    2.03    0.00000   -55.41  LINEAR    5.03273E+01    86.84    7.29836E+01   -93.16
  175.00    35.00      -2.77    0.36    2.08    0.00000   -55.10  LINEAR    5.10037E+01    86.84    7.31191E+01   -93.16
  180.00    35.00      -2.73    0.36    2.10    0.00000   -55.00  LINEAR    5.12305E+01    86.84    7.31648E+01   -93.16
    0.00    40.00      -1.74   -0.22    2.10    0.00000    50.00  LINEAR    5.74123E+01   -93.16    6.84214E+01   -93.16
    5.00    40.00      -1.78   -0.23    2.08    0.00000    50.11  LINEAR    5.71490E+01   -93.16    6.83677E+01   -93.16
   10.00    40.00      -1.90   -0.25    2.01    0.00000    50.43  LINEAR    5.63643E+01   -93.16    6.82085E+01   -93.16
   15.00    40.00      -2.10   -0.28    1.91    0.00000    50.97  LINEAR    5.50734E+01   -93.15    6.79492E+01   -93.15
   20.00    40.00      -2.39   -0.32    1.78    0.00000    51.74  LINEAR    5.33011E+01   -93.14    6.75984E+01   -93.14
   25.00    40.00      -2.76   -0.38    1.60    0.00000    52.75  LINEAR    5.10799E+01   -93.13    6.71678E+01   -93.13
   30.00    40.00      -3.22   -0.44    1.40    0.00000    53.99  LINEAR    4.84488E+01   -93.12    6.66713E+01   -93.12
   35.00    40.00      -3.77   -0.52    1.16    0.00000    55.50  LINEAR    4.54511E+01   -93.10    6.61251E+01   -93.10
   40.00    40.00      -4.43   -0.59    0.91    0.00000    57.27  LINEAR    4.21325E+01   -93.09    6.55466E+01   -93.09
   45.00    40.00      -5.20   -0.67    0.64    0.00000    59.32  LINEAR    3.85392E+01   -93.08    6.49537E+01   -93.08
   50.00    40.00      -6.11   -0.75    0.36    0.00000    61.66  LINEAR    3.47159E+01   -93.06    6.43646E+01   -93.06
   55.00    40.00      -7.18   -0.83    0.08    0.00000    64.30  LINEAR    3.07048E+01   -93.05    6.37972E+01   -93.05
   60.00    40.00      -8.44   -0.90   -0.20    0.00000    67.24  LINEAR    2.65441E+01   -93.03    6.32680E+01   -93.03
   65.00    40.00      -9.97   -0.96   -0.45    0.00000    70.47  LINEAR    2.22674E+01   -93.02    6.27924E+01   -93.02
   70.00    40.00     -11.86   -1.02   -0.68    0.00000    73.99  LINEAR    1.79035E+01   -93.01    6.23839E+01   -93.01
   75.00    40.00     -14.33   -1.07   -0.87    0.00000    77.75  LINEAR    1.34766E+01   -93.00    6.20539E+01   -93.00
   80.00    40.00     -17.83   -1.10   -1.01    0.00000    81.71  LINEAR    9.00645E+00   -92.99    6.18116E+01   -92.99
   85.00    40.00     -23.84   -1.12   -1.10    0.00000    85.82  LINEAR    4.50960E+00   -92.99    6.16635E+01   -92.99
   90.00    40.00    -999.99   -1.13   -1.13    0.00000   -90.00  LINEAR    0.00000E+00     0.00    6.16137E+01   -92.99
   95.00    40.00     -23.84   -1.12   -1.10    0.00000   -85.82  LINEAR    4.50960E+00    87.01    6.16635E+01   -92.99
  100.00    40.00     -17.83   -1.10   -1.01    0.00000   -81.71  LINEAR    9.00645E+00    87.01    6.18116E+01   -92.99
  105.00    40.00     -14.33   -1.07   -0.87    0.00000   -77.75  LINEAR    1.34766E+01    87.00    6.20539E+01   -93.00
  110.00    40.00     -11.86   -1.02   -0.68    0.00000   -73.99  LINEAR    1.79035E+01    86.99    6.23839E+01   -93.01
  115.00    40.00      -9.97   -0.96   -0.45    0.00000   -70.47  LINEAR    2.22674E+01    86.98    6.27924E+01   -93.02
  120.00    40.00      -8.44   -0.90   -0.20    0.00000   -67.24  LINEAR    2.65441E+01    86.97    6.32680E+01   -93.03
  125.00    40.00      -7.18   -0.83    0.08    0.00000   -64.30  LINEAR    3.07048E+01    86.95    6.37972E+01   -93.05
  130.00    40.00      -6.11   -0.75    0.36    0.00000   -61.66  LINEAR    3.47159E+01    86.94    6.43646E+01   -93.06
  135.00    40.00      -5.20   -0.67    0.64    0.00000   -59.32  LINEAR    3.85392E+01    86.92    6.49537E+01   -93.08
  140.00    40.00      -4.43   -0.59    0.91    0.00000   -57.27  LINEAR    4.21325E+01    86.91    6.55466E+01   -93.09
  145.00    40.00      -3.77   -0.52    1.16    0.00000   -55.50  LINEAR    4.54511E+01    86.90    6.61251E+01   -93.10
  150.00    40.00      -3.22   -0.44    1.40    0.00000   -53.99  LINEAR    4.84488E+01    86.88    6.66713E+01   -93.12
  155.00    40.00      -2.76   -0.38    1.60    0.00000   -52.75  LINEAR    5.10799E+01    86.87    6.71678E+01   -93.13
  160.00    40.00      -2.39   -0.32    1.78    0.00000   -51.74  LINEAR    5.33011E+01    86.86    6.75984E+01   -93.14
  165.00    40.00      -2.10   -0.28    1.91    0.00000   -50.97  LINEAR    5.50734E+01    86.85    6.79492E+01   -93.15
  170.00    40.00      -1.90   -0.25    2.01    0.00000   -50.43  LINEAR    5.63643E+01    86.84    6.82085E+01   -93.16
  175.00    40.00      -1.78   -0.23    2.08    0.00000   -50.11  LINEAR    5.71490E+01    86.84    6.83677E+01   -93.16
  180.00    40.00      -1.74   -0.22    2.10    0.00000   -50.00  LINEAR    5.74123E+01    86.84    6.84214E+01   -93.16
    0.00    45.00      -0.91   -0.91    2.10    0.00000    45.00  LINEAR    6.31572E+01   -93.16    6.31572E+01   -93.16
    5.00    45.00      -0.96   -0.92    2.07    0.00000    45.11  LINEAR    6.28571E+01   -93.16    6.30972E+01   -93.16
   10.00    45.00      -1.08   -0.95    2.00    0.00000    45.44  LINEAR    6.19636E+01   -93.15    6.29195E+01   -93.15
   15.00    45.00      -1.29   -0.99    1.87    0.00000    45.99  LINEAR    6.04960E+01   -93.15    6.26301E+01   -93.15
   20.00    45.00      -1.58   -1.04    1.71    0.00000    46.78  LINEAR    5.84853E+01   -93.14    6.22388E+01   -93.14
   25.00    45.00      -1.96   -1.11    1.50    0.00000    47.81  LINEAR    5.59725E+01   -93.12    6.17588E+01   -93.12
   30.00    45.00      -2.44   -1.19    1.24    0.00000    49.11  LINEAR    5.30061E+01   -93.11    6.12061E+01   -93.11
   35.00    45.00      -3.01   -1.27    0.96    0.00000    50.68  LINEAR    4.96396E+01   -93.09    6.05988E+01   -93.09
   40.00    45.00      -3.68   -1.37    0.64    0.00000    52.55  LINEAR    4.59292E+01   -93.08    5.99563E+01   -93.08
   45.00    45.00      -4.47   -1.46    0.30    0.00000    54.74  LINEAR    4.19306E+01   -93.06    5.92988E+01   -93.06
   50.00    45.00      -5.40   -1.56   -0.06    0.00000    57.27  LINEAR    3.76972E+01   -93.04    5.86464E+01   -93.04
   55.00    45.00      -6.48   -1.65   -0.42    0.00000    60.16  LINEAR    3.32782E+01   -93.02    5.80188E+01   -93.02
   60.00    45.00      -7.76   -1.74   -0.77    0.00000    63.43  LINEAR    2.87171E+01   -93.00    5.74343E+01   -93.00
   65.00    45.00      -9.30   -1.82   -1.11    0.00000    67.09  LINEAR    2.40510E+01   -92.99    5.69096E+01   -92.99
   70.00    45.00     -11.21   -1.89   -1.41    0.00000    71.12  LINEAR    1.93103E+01   -92.97    5.64595E+01   -92.97
   75.00    45.00     -13.68   -1.94   -1.66    0.00000    75.49  LINEAR    1.45188E+01   -92.96    5.60962E+01   -92.96
   80.00    45.00     -17.19   -1.99   -1.86    0.00000    80.15  LINEAR    9.69470E+00   -92.95    5.58295E+01   -92.95
   85.00    45.00     -23.21   -2.01   -1.98    0.00000    85.02  LINEAR    4.85167E+00   -92.95    5.56667E+01   -92.95
   90.00    45.00    -999.99   -2.02   -2.02    0.00000   -90.00  LINEAR    0.00000E+00     0.00    5.56120E+01   -92.95
   95.00    45.00     -23.21   -2.01   -1.98    0.00000   -85.02  LINEAR    4.85167E+00    87.05    5.56667E+01   -92.95
  100.00    45.00     -17.19   -1.99   -1.86    0.00000   -80.15  LINEAR    9.69470E+00    87.05    5.58295E+01   -92.95
  105.00    45.00     -13.68   -1.94   -1.66    0.00000   -75.49  LINEAR    1.45188E+01    87.04    5.60962E+01   -92.96
  110.00    45.00     -11.21   -1.89   -1.41    0.00000   -71.12  LINEAR    1.93103E+01    87.03    5.64595E+01   -92.97
  115.00    45.00      -9.30   -1.82   -1.11    0.00000   -67.09  LINEAR    2.40510E+01    87.01    5.69096E+01   -92.99
  120.00    45.00      -7.76   -1.74   -0.77    0.00000   -63.43  LINEAR    2.87171E+01    87.00    5.74343E+01   -93.00
  125.00    45.00      -6.48   -1.65   -0.42    0.00000   -60.16  LINEAR    3.32782E+01    86.98    5.80188E+01   -93.02
  130.00    45.00      -5.40   -1.56   -0.06    0.00000   -57.27  LINEAR    3.76972E+01    86.96    5.86464E+01   -93.04
  135.00    45.00      -4.47   -1.46    0.30    0.00000   -54.74  LINEAR    4.19306E+01    86.94    5.92988E+01   -93.06
  140.00    45.00      -3.68   -1.37    0.64    0.00000   -52.55  LINEAR    4.59292E+01    86.92    5.99563E+01   -93.08
  145.00    45.00      -3.01   -1.27    0.96    0.00000   -50.68  LINEAR    4.96396E+01    86.91    6.05988E+01   -93.09
  150.00    45.00      -2.44   -1.19    1.24    0.00000   -49.11  LINEAR    5.30061E+01    86.89    6.12061E+01   -93.11
  155.00    45.00      -1.96   -1.11    1.50    0.00000   -47.81  LINEAR    5.59725E+01    86.88    6.17588E+01   -93.12
  160.00    45.00      -1.58   -1.04    1.71    0.00000   -46.78  LINEAR    5.84853E+01    86.86    6.22388E+01   -93.14
  165.00    45.00      -1.29   -0.99    1.87    0.00000   -45.99  LINEAR    6.04960E+01    86.85    6.26301E+01   -93.15
  170.00    45.00      -1.08   -0.95    2.00    0.00000   -45.44  LINEAR    6.19636E+01    86.85    6.29195E+01   -93.15
  175.00    45.00      -0.96   -0.92    2.07    0.00000   -45.11  LINEAR    6.28571E+01    86.84    6.30972E+01   -93.16
  180.00    45.00      -0.91   -0.91    2.10    0.00000   -45.00  LINEAR    6.31572E+01    86.84    6.31572E+01   -93.16
    0.00    50.00      -0.22   -1.74    2.10    0.00000    40.00  LINEAR    6.84214E+01   -93.16    5.74123E+01   -93.16
    5.00    50.00      -0.26   -1.75    2.07    0.00000    40.11  LINEAR    6.80851E+01   -93.16    5.73484E+01   -93.16
   10.00    50.00      -0.39   -1.78    1.98    0.00000    40.43  LINEAR    6.70844E+01   -93.15    5.71588E+01   -93.15
   15.00    50.00      -0.61   -1.83    1.84    0.00000    40.98  LINEAR    6.54429E+01   -93.14    5.68503E+01   -93.14
   20.00    50.00      -0.91   -1.89    1.64    0.00000    41.76  LINEAR    6.31988E+01   -93.13    5.64334E+01   -93.13
   25.00    50.00      -1.30   -1.97    1.39    0.00000    42.79  LINEAR    6.04017E+01   -93.12    5.59225E+01   -93.12
   30.00    50.00      -1.79   -2.06    1.09    0.00000    44.10  LINEAR    5.71105E+01   -93.10    5.53349E+01   -93.10
   35.00    50.00      -2.37   -2.16    0.74    0.00000    45.69  LINEAR    5.33897E+01   -93.08    5.46898E+01   -93.08
   40.00    50.00      -3.06   -2.27    0.36    0.00000    47.61  LINEAR    4.93062E+01   -93.06    5.40083E+01   -93.06
   45.00    50.00      -3.87   -2.39   -0.06    0.00000    49.88  LINEAR    4.49258E+01   -93.04    5.33119E+01   -93.04
   50.00    50.00      -4.81   -2.50   -0.49    0.00000    52.55  LINEAR    4.03107E+01   -93.02    5.26219E+01   -93.02
   55.00    50.00      -5.91   -2.61   -0.94    0.00000    55.64  LINEAR    3.55171E+01   -92.99    5.19589E+01   -92.99
   60.00    50.00      -7.21   -2.71   -1.39    0.00000    59.21  LINEAR    3.05937E+01   -92.97    5.13423E+01   -92.97
   65.00    50.00      -8.76   -2.81   -1.83    0.00000    63.27  LINEAR    2.55805E+01   -92.96    5.07895E+01   -92.96
   70.00    50.00     -10.68   -2.89   -2.22    0.00000    67.82  LINEAR    2.05089E+01   -92.94    5.03157E+01   -92.94
   75.00    50.00     -13.17   -2.96   -2.56    0.00000    72.86  LINEAR    1.54020E+01   -92.93    4.99337E+01   -92.93
   80.00    50.00     -16.69   -3.00   -2.82    0.00000    78.31  LINEAR    1.02756E+01   -92.92    4.96535E+01   -92.92
   85.00    50.00     -22.70   -3.03   -2.99    0.00000    84.07  LINEAR    5.13965E+00   -92.91    4.94825E+01   -92.91
   90.00    50.00    -999.99   -3.04   -3.04    0.00000   -90.00  LINEAR    0.00000E+00     0.00    4.94250E+01   -92.91
   95.00    50.00     -22.70   -3.03   -2.99    0.00000   -84.07  LINEAR    5.13965E+00    87.09    4.94825E+01   -92.91
  100.00    50.00     -16.69   -3.00   -2.82    0.00000   -78.31  LINEAR    1.02756E+01    87.08    4.96535E+01   -92.92
  105.00    50.00     -13.17   -2.96   -2.56    0.00000   -72.86  LINEAR    1.54020E+01    87.07    4.99337E+01   -92.93
  110.00    50.00     -10.68   -2.89   -2.22    0.00000   -67.82  LINEAR    2.05089E+01    87.06    5.03157E+01   -92.94
  115.00    50.00      -8.76   -2.81   -1.83    0.00000   -63.27  LINEAR    2.55805E+01    87.04    5.07895E+01   -92.96
  120.00    50.00      -7.21   -2.71   -1.39    0.00000   -59.21  LINEAR    3.05937E+01    87.03    5.13423E+01   -92.97
  125.00    50.00      -5.91   -2.61   -0.94    0.00000   -55.64  LINEAR    3.55171E+01    87.01    5.19589E+01   -92.99
  130.00    50.00      -4.81   -2.50   -0.49    0.00000   -52.55  LINEAR    4.03107E+01    86.98    5.26219E+01   -93.02
  135.00    50.00      -3.87   -2.39   -0.06    0.00000   -49.88  LINEAR    4.49258E+01    86.96    5.33119E+01   -93.04
  140.00    50.00      -3.06   -2.27    0.36    0.00000   -47.61  LINEAR    4.93062E+01    86.94    5.40083E+01   -93.06
  145.00    50.00      -2.37   -2.16    0.74    0.00000   -45.69  LINEAR    5.33897E+01    86.92    5.46898E+01   -93.08
  150.00    50.00      -1.79   -2.06    1.09    0.00000   -44.10  LINEAR    5.71105E+01    86.90    5.53349E+01   -93.10
  155.00    50.00      -1.30   -1.97    1.39    0.00000   -42.79  LINEAR    6.04017E+01    86.88    5.59225E+01   -93.12
  160.00    50.00      -0.91   -1.89    1.64    0.00000   -41.76  LINEAR    6.31988E+01    86.87    5.64334E+01   -93.13
  165.00    50.00      -0.61   -1.83    1.84    0.00000   -40.98  LINEAR    6.54429E+01    86.86    5.68503E+01   -93.14
  170.00    50.00      -0.39   -1.78    1.98    0.00000   -40.43  LINEAR    6.70844E+01    86.85    5.71588E+01   -93.15
  175.00    50.00      -0.26   -1.75    2.07    0.00000   -40.11  LINEAR    6.80851E+01    86.84    5.73484E+01   -93.16
  180.00    50.00      -0.22   -1.74    2.10    0.00000   -40.00  LINEAR    6.84214E+01    86.84    5.74123E+01   -93.16
    0.00    55.00       0.36   -2.73    2.10    0.00000    35.00  LINEAR    7.31648E+01   -93.16    5.12305E+01   -93.16
    5.00    55.00       0.32   -2.74    2.06    0.00000    35.10  LINEAR    7.27936E+01   -93.16    5.11653E+01   -93.16
   10.00    55.00       0.19   -2.78    1.96    0.00000    35.41  LINEAR    7.16896E+01   -93.15    5.09719E+01   -93.15
   15.00    55.00      -0.04   -2.83    1.80    0.00000    35.94  LINEAR    6.98810E+01   -93.14    5.06573E+01   -93.14
   20.00    55.00      -0.35   -2.90    1.57    0.00000    36.69  LINEAR    6.74131E+01   -93.13    5.02326E+01   -93.13
   25.00    55.00      -0.75   -2.99    1.28    0.00000    37.69  LINEAR    6.43449E+01   -93.11    4.97125E+01   -93.11
   30.00    55.00      -1.25   -3.10    0.93    0.00000    38.96  LINEAR    6.07458E+01   -93.09    4.91148E+01   -93.09
   35.00    55.00      -1.85   -3.22    0.53    0.00000    40.52  LINEAR    5.66914E+01   -93.07    4.84596E+01   -93.07
   40.00    55.00      -2.56   -3.34    0.08    0.00000    42.43  LINEAR    5.22596E+01   -93.05    4.77682E+01   -93.05
   45.00    55.00      -3.38   -3.47   -0.42    0.00000    44.72  LINEAR    4.75262E+01   -93.02    4.70625E+01   -93.02
   50.00    55.00      -4.34   -3.60   -0.94    0.00000    47.45  LINEAR    4.25622E+01   -92.99    4.63643E+01   -92.99
   55.00    55.00      -5.46   -3.73   -1.50    0.00000    50.68  LINEAR    3.74307E+01   -92.97    4.56944E+01   -92.97
   60.00    55.00      -6.77   -3.84   -2.06    0.00000    54.47  LINEAR    3.21848E+01   -92.95    4.50721E+01   -92.95
   65.00    55.00      -8.34   -3.95   -2.60    0.00000    58.89  LINEAR    2.68674E+01   -92.92    4.45148E+01   -92.92
   70.00    55.00     -10.27   -4.05   -3.12    0.00000    63.97  LINEAR    2.15105E+01   -92.90    4.40378E+01   -92.90
   75.00    55.00     -12.77   -4.12   -3.57    0.00000    69.71  LINEAR    1.61357E+01   -92.89    4.36534E+01   -92.89
   80.00    55.00     -16.29   -4.18   -3.92    0.00000    76.07  LINEAR    1.07560E+01   -92.88    4.33718E+01   -92.88
   85.00    55.00     -22.31   -4.21   -4.15    0.00000    82.90  LINEAR    5.37715E+00   -92.87    4.31999E+01   -92.87
   90.00    55.00    -999.99   -4.22   -4.22    0.00000   -90.00  LINEAR    0.00000E+00     0.00    4.31421E+01   -92.87
   95.00    55.00     -22.31   -4.21   -4.15    0.00000   -82.90  LINEAR    5.37715E+00    87.13    4.31999E+01   -92.87
  100.00    55.00     -16.29   -4.18   -3.92    0.00000   -76.07  LINEAR    1.07560E+01    87.12    4.33718E+01   -92.88
  105.00    55.00     -12.77   -4.12   -3.57    0.00000   -69.71  LINEAR    1.61357E+01    87.11    4.36534E+01   -92.89
  110.00    55.00     -10.27   -4.05   -3.12    0.00000   -63.97  LINEAR    2.15105E+01    87.10    4.40378E+01   -92.90
  115.00    55.00      -8.34   -3.95   -2.60    0.00000   -58.89  LINEAR    2.68674E+01    87.08    4.45148E+01   -92.92
  120.00    55.00      -6.77   -3.84   -2.06    0.00000   -54.47  LINEAR    3.21848E+01    87.05    4.50721E+01   -92.95
  125.00    55.00      -5.46   -3.73   -1.50    0.00000   -50.68  LINEAR    3.74307E+01    87.03    4.56944E+01   -92.97
  130.00    55.00      -4.34   -3.60   -0.94    0.00000   -47.45  LINEAR    4.25622E+01    87.01    4.63643E+01   -92.99
  135.00    55.00      -3.38   -3.47   -0.42    0.00000   -44.72  LINEAR    4.75262E+01    86.98    4.70625E+01   -93.02
  140.00    55.00      -2.56   -3.34    0.08    0.00000   -42.43  LINEAR    5.22596E+01    86.95    4.77682E+01   -93.05
  145.00    55.00      -1.85   -3.22    0.53    0.00000   -40.52  LINEAR    5.66914E+01    86.93    4.84596E+01   -93.07
  150.00    55.00      -1.25   -3.10    0.93    0.00000   -38.96  LINEAR    6.07458E+01    86.91    4.91148E+01   -93.09
  155.00    55.00      -0.75   -2.99    1.28    0.00000   -37.69  LINEAR    6.43449E+01    86.89    4.97125E+01   -93.11
  160.00    55.00      -0.35   -2.90    1.57    0.00000   -36.69  LINEAR    6.74131E+01    86.87    5.02326E+01   -93.13
  165.00    55.00      -0.04   -2.83    1.80    0.00000   -35.94  LINEAR    6.98810E+01    86.86    5.06573E+01   -93.14
  170.00    55.00       0.19   -2.78    1.96    0.00000   -35.41  LINEAR    7.16896E+01    86.85    5.09719E+01   -93.15
  175.00    55.00       0.32   -2.74    2.06    0.00000   -35.10  LINEAR    7.27936E+01    86.84    5.11653E+01   -93.16
  180.00    55.00       0.36   -2.73    2.10    0.00000   -35.00  LINEAR    7.31648E+01    86.84    5.12305E+01   -93.16
    0.00    60.00       0.85   -3.92    2.10    0.00000    30.00  LINEAR    7.73514E+01   -93.16    4.46589E+01   -93.16
    5.00    60.00       0.80   -3.94    2.06    0.00000    30.09  LINEAR    7.69474E+01   -93.16    4.45953E+01   -93.16
   10.00    60.00       0.66   -3.97    1.95    0.00000    30.38  LINEAR    7.57466E+01   -93.15    4.44070E+01   -93.15
   15.00    60.00       0.44   -4.03    1.76    0.00000    30.87  LINEAR    7.37818E+01   -93.14    4.41006E+01   -93.14
   20.00    60.00       0.12   -4.12    1.51    0.00000    31.57  LINEAR    7.11053E+01   -93.12    4.36873E+01   -93.12
   25.00    60.00      -0.30   -4.22    1.18    0.00000    32.50  LINEAR    6.77853E+01   -93.11    4.31816E+01   -93.11
   30.00    60.00      -0.81   -4.33    0.78    0.00000    33.69  LINEAR    6.39016E+01   -93.08    4.26011E+01   -93.08
   35.00    60.00      -1.43   -4.47    0.32    0.00000    35.18  LINEAR    5.95409E+01   -93.06    4.19653E+01   -93.06
   40.00    60.00      -2.15   -4.61   -0.20    0.00000    37.00  LINEAR    5.47917E+01   -93.03    4.12952E+01   -93.03
   45.00    60.00      -2.99   -4.75   -0.77    0.00000    39.23  LINEAR    4.97396E+01   -93.00    4.06122E+01   -93.00
   50.00    60.00      -3.96   -4.90   -1.39    0.00000    41.93  LINEAR    4.44637E+01   -92.97    3.99372E+01   -92.97
   55.00    60.00      -5.09   -5.04   -2.06    0.00000    45.19  LINEAR    3.90336E+01   -92.95    3.92904E+01   -92.95
   60.00    60.00      -6.42   -5.17   -2.74    0.00000    49.11  LINEAR    3.35068E+01   -92.92    3.86903E+01   -92.92
   65.00    60.00      -8.00   -5.29   -3.43    0.00000    53.80  LINEAR    2.79282E+01   -92.89    3.81535E+01   -92.89
   70.00    60.00      -9.95   -5.40   -4.09    0.00000    59.36  LINEAR    2.23300E+01   -92.87    3.76944E+01   -92.87
   75.00    60.00     -12.45   -5.48   -4.69    0.00000    65.85  LINEAR    1.67323E+01   -92.85    3.73249E+01   -92.85
   80.00    60.00     -15.98   -5.55   -5.17    0.00000    73.26  LINEAR    1.11447E+01   -92.84    3.70542E+01   -92.84
   85.00    60.00     -22.01   -5.59   -5.49    0.00000    81.42  LINEAR    5.56872E+00   -92.83    3.68892E+01   -92.83
   90.00    60.00    -999.99   -5.60   -5.60    0.00000   -90.00  LINEAR    0.00000E+00     0.00    3.68337E+01   -92.83
   95.00    60.00     -22.01   -5.59   -5.49    0.00000   -81.42  LINEAR    5.56872E+00    87.17    3.68892E+01   -92.83
  100.00    60.00     -15.98   -5.55   -5.17    0.00000   -73.26  LINEAR    1.11447E+01    87.16    3.70542E+01   -92.84
  105.00    60.00     -12.45   -5.48   -4.69    0.00000   -65.85  LINEAR    1.67323E+01    87.15    3.73249E+01   -92.85
  110.00    60.00      -9.95   -5.40   -4.09    0.00000   -59.36  LINEAR    2.23300E+01    87.13    3.76944E+01   -92.87
  115.00    60.00      -8.00   -5.29   -3.43    0.00000   -53.80  LINEAR    2.79282E+01    87.11    3.81535E+01   -92.89
  120.00    60.00      -6.42   -5.17   -2.74    0.00000   -49.11  LINEAR    3.35068E+01    87.08    3.86903E+01   -92.92
  125.00    60.00      -5.09   -5.04   -2.06    0.00000   -45.19  LINEAR    3.90336E+01    87.05    3.92904E+01   -92.95
  130.00    60.00      -3.96   -4.90   -1.39    0.00000   -41.93  LINEAR    4.44637E+01    87.03    3.99372E+01   -92.97
  135.00    60.00      -2.99   -4.75   -0.77    0.00000   -39.23  LINEAR    4.97396E+01    87.00    4.06122E+01   -93.00
  140.00    60.00      -2.15   -4.61   -0.20    0.00000   -37.00  LINEAR    5.47917E+01    86.97    4.12952E+01   -93.03
  145.00    60.00      -1.43   -4.47    0.32    0.00000   -35.18  LINEAR    5.95409E+01    86.94    4.19653E+01   -93.06
  150.00    60.00      -0.81   -4.33    0.78    0.00000   -33.69  LINEAR    6.39016E+01    86.92    4.26011E+01   -93.08
  155.00    60.00      -0.30   -4.22    1.18    0.00000   -32.50  LINEAR    6.77853E+01    86.89    4.31816E+01   -93.11
  160.00    60.00       0.12   -4.12    1.51    0.00000   -31.57  LINEAR    7.11053E+01    86.88    4.36873E+01   -93.12
  165.00    60.00       0.44   -4.03    1.76    0.00000   -30.87  LINEAR    7.37818E+01    86.86    4.41006E+01   -93.14
  170.00    60.00       0.66   -3.97    1.95    0.00000   -30.38  LINEAR    7.57466E+01    86.85    4.44070E+01   -93.15
  175.00    60.00       0.80   -3.94    2.06    0.00000   -30.09  LINEAR    7.69474E+01    86.84    4.45953E+01   -93.16
  180.00    60.00       0.85   -3.92    2.10    0.00000   -30.00  LINEAR    7.73514E+01    86.84    4.46589E+01   -93.16
    0.00    65.00       1.24   -5.39    2.10    0.00000    25.00  LINEAR    8.09494E+01   -93.16    3.77473E+01   -93.16
    5.00    65.00       1.19   -5.40    2.06    0.00000    25.08  LINEAR    8.05156E+01   -93.16    3.76885E+01   -93.16
   10.00    65.00       1.05   -5.44    1.93    0.00000    25.34  LINEAR    7.92272E+01   -93.15    3.75142E+01   -93.15
   15.00    65.00       0.82   -5.50    1.73    0.00000    25.77  LINEAR    7.71211E+01   -93.14    3.72308E+01   -93.14
   20.00    65.00       0.49   -5.59    1.45    0.00000    26.39  LINEAR    7.42565E+01   -93.12    3.68486E+01   -93.12
   25.00    65.00       0.07   -5.71    1.09    0.00000    27.23  LINEAR    7.07103E+01   -93.10    3.63814E+01   -93.10
   30.00    65.00      -0.46   -5.83    0.65    0.00000    28.30  LINEAR    6.65722E+01   -93.08    3.58455E+01   -93.08
   35.00    65.00      -1.08   -5.98    0.14    0.00000    29.65  LINEAR    6.19390E+01   -93.05    3.52592E+01   -93.05
   40.00    65.00      -1.82   -6.13   -0.45    0.00000    31.33  LINEAR    5.69092E+01   -93.02    3.46419E+01   -93.02
   45.00    65.00      -2.67   -6.29   -1.11    0.00000    33.40  LINEAR    5.15776E+01   -92.99    3.40133E+01   -92.99
   50.00    65.00      -3.66   -6.45   -1.83    0.00000    35.96  LINEAR    4.60309E+01   -92.96    3.33929E+01   -92.96
   55.00    65.00      -4.81   -6.61   -2.60    0.00000    39.11  LINEAR    4.03442E+01   -92.92    3.27991E+01   -92.92
   60.00    65.00      -6.15   -6.75   -3.43    0.00000    43.00  LINEAR    3.45788E+01   -92.89    3.22488E+01   -92.89
   65.00    65.00      -7.74   -6.89   -4.28    0.00000    47.81  LINEAR    2.87816E+01   -92.87    3.17570E+01   -92.87
   70.00    65.00      -9.69   -7.00   -5.13    0.00000    53.74  LINEAR    2.29844E+01   -92.84    3.13368E+01   -92.84
   75.00    65.00     -12.21   -7.10   -5.93    0.00000    60.97  LINEAR    1.72055E+01   -92.82    3.09988E+01   -92.82
   80.00    65.00     -15.75   -7.17   -6.60    0.00000    69.58  LINEAR    1.14515E+01   -92.81    3.07514E+01   -92.81
   85.00    65.00     -21.78   -7.21   -7.06    0.00000    79.41  LINEAR    5.71943E+00   -92.80    3.06006E+01   -92.80
   90.00    65.00    -999.99   -7.22   -7.22    0.00000   -90.00  LINEAR    0.00000E+00     0.00    3.05499E+01   -92.79
   95.00    65.00     -21.78   -7.21   -7.06    0.00000   -79.41  LINEAR    5.71943E+00    87.20    3.06006E+01   -92.80
  100.00    65.00     -15.75   -7.17   -6.60    0.00000   -69.58  LINEAR    1.14515E+01    87.19    3.07514E+01   -92.81
  105.00    65.00     -12.21   -7.10   -5.93    0.00000   -60.97  LINEAR    1.72055E+01    87.18    3.09988E+01   -92.82
  110.00    65.00      -9.69   -7.00   -5.13    0.00000   -53.74  LINEAR    2.29844E+01    87.16    3.13368E+01   -92.84
  115.00    65.00      -7.74   -6.89   -4.28    0.00000   -47.81  LINEAR    2.87816E+01    87.13    3.17570E+01   -92.87
  120.00    65.00      -6.15   -6.75   -3.43    0.00000   -43.00  LINEAR    3.45788E+01    87.11    3.22488E+01   -92.89
  125.00    65.00      -4.81   -6.61   -2.60    0.00000   -39.11  LINEAR    4.03442E+01    87.08    3.27991E+01   -92.92
  130.00    65.00      -3.66   -6.45   -1.83    0.00000   -35.96  LINEAR    4.60309E+01    87.04    3.33929E+01   -92.96
  135.00    65.00      -2.67   -6.29   -1.11    0.00000   -33.40  LINEAR    5.15776E+01    87.01    3.40133E+01   -92.99
  140.00    65.00      -1.82   -6.13   -0.45    0.00000   -31.33  LINEAR    5.69092E+01    86.98    3.46419E+01   -93.02
  145.00    65.00      -1.08   -5.98    0.14    0.00000   -29.65  LINEAR    6.19390E+01    86.95    3.52592E+01   -93.05
  150.00    65.00      -0.46   -5.83    0.65    0.00000   -28.30  LINEAR    6.65722E+01    86.92    3.58455E+01   -93.08
  155.00    65.00       0.07   -5.71    1.09    0.00000   -27.23  LINEAR    7.07103E+01    86.90    3.63814E+01   -93.10
  160.00    65.00       0.49   -5.59    1.45    0.00000   -26.39  LINEAR    7.42565E+01    86.88    3.68486E+01   -93.12
  165.00    65.00       0.82   -5.50    1.73    0.00000   -25.77  LINEAR    7.71211E+01    86.86    3.72308E+01   -93.14
  170.00    65.00       1.05   -5.44    1.93    0.00000   -25.34  LINEAR    7.92272E+01    86.85    3.75142E+01   -93.15
  175.00    65.00       1.19   -5.40    2.06    0.00000   -25.08  LINEAR    8.05156E+01    86.84    3.76885E+01   -93.16
  180.00    65.00       1.24   -5.39    2.10    0.00000   -25.00  LINEAR    8.09494E+01    86.84    3.77473E+01   -93.16
    0.00    70.00       1.56   -7.22    2.10    0.00000    20.00  LINEAR    8.39312E+01   -93.16    3.05485E+01   -93.16
    5.00    70.00       1.51   -7.24    2.05    0.00000    20.07  LINEAR    8.34717E+01   -93.16    3.04973E+01   -93.16
   10.00    70.00       1.36   -7.28    1.92    0.00000    20.28  LINEAR    8.21074E+01   -93.15    3.03457E+01   -93.15
   15.00    70.00       1.13   -7.35    1.70    0.00000    20.65  LINEAR    7.98792E+01   -93.14    3.00992E+01   -93.14
   20.00    70.00       0.79   -7.45    1.40    0.00000    21.17  LINEAR    7.68523E+01   -93.12    2.97671E+01   -93.12
   25.00    70.00       0.36   -7.57    1.01    0.00000    21.88  LINEAR    7.31114E+01   -93.10    2.93613E+01   -93.10
   30.00    70.00      -0.18   -7.71    0.53    0.00000    22.80  LINEAR    6.87551E+01   -93.07    2.88962E+01   -93.07
   35.00    70.00      -0.81   -7.86   -0.03    0.00000    23.96  LINEAR    6.38894E+01   -93.04    2.83877E+01   -93.04
   40.00    70.00      -1.56   -8.03   -0.68    0.00000    25.41  LINEAR    5.86217E+01   -93.01    2.78529E+01   -93.01
   45.00    70.00      -2.43   -8.20   -1.41    0.00000    27.24  LINEAR    5.30545E+01   -92.97    2.73088E+01   -92.97
   50.00    70.00      -3.43   -8.37   -2.22    0.00000    29.52  LINEAR    4.72813E+01   -92.94    2.67724E+01   -92.94
   55.00    70.00      -4.59   -8.54   -3.12    0.00000    32.40  LINEAR    4.13820E+01   -92.90    2.62594E+01   -92.90
   60.00    70.00      -5.94   -8.70   -4.09    0.00000    36.05  LINEAR    3.54212E+01   -92.87    2.57845E+01   -92.87
   65.00    70.00      -7.54   -8.84   -5.13    0.00000    40.74  LINEAR    2.94469E+01   -92.84    2.53605E+01   -92.84
   70.00    70.00      -9.51   -8.96   -6.22    0.00000    46.78  LINEAR    2.34908E+01   -92.81    2.49984E+01   -92.81
   75.00    70.00     -12.03   -9.07   -7.29    0.00000    54.58  LINEAR    1.75694E+01   -92.79    2.47074E+01   -92.79
   80.00    70.00     -15.57   -9.14   -8.25    0.00000    64.49  LINEAR    1.16862E+01   -92.78    2.44945E+01   -92.78
   85.00    70.00     -21.60   -9.19   -8.95    0.00000    76.53  LINEAR    5.83435E+00   -92.77    2.43648E+01   -92.77
   90.00    70.00    -999.99   -9.20   -9.20    0.00000   -90.00  LINEAR    0.00000E+00     0.00    2.43212E+01   -92.76
   95.00    70.00     -21.60   -9.19   -8.95    0.00000   -76.53  LINEAR    5.83435E+00    87.23    2.43648E+01   -92.77
  100.00    70.00     -15.57   -9.14   -8.25    0.00000   -64.49  LINEAR    1.16862E+01    87.22    2.44945E+01   -92.78
  105.00    70.00     -12.03   -9.07   -7.29    0.00000   -54.58  LINEAR    1.75694E+01    87.21    2.47074E+01   -92.79
  110.00    70.00      -9.51   -8.96   -6.22    0.00000   -46.78  LINEAR    2.34908E+01    87.19    2.49984E+01   -92.81
  115.00    70.00      -7.54   -8.84   -5.13    0.00000   -40.74  LINEAR    2.94469E+01    87.16    2.53605E+01   -92.84
  120.00    70.00      -5.94   -8.70   -4.09    0.00000   -36.05  LINEAR    3.54212E+01    87.13    2.57845E+01   -92.87
  125.00    70.00      -4.59   -8.54   -3.12    0.00000   -32.40  LINEAR    4.13820E+01    87.10    2.62594E+01   -92.90
  130.00    70.00      -3.43   -8.37   -2.22    0.00000   -29.52  LINEAR    4.72813E+01    87.06    2.67724E+01   -92.94
  135.00    70.00      -2.43   -8.20   -1.41    0.00000   -27.24  LINEAR    5.30545E+01    87.03    2.73088E+01   -92.97
  140.00    70.00      -1.56   -8.03   -0.68    0.00000   -25.41  LINEAR    5.86217E+01    86.99    2.78529E+01   -93.01
  145.00    70.00      -0.81   -7.86   -0.03    0.00000   -23.96  LINEAR    6.38894E+01    86.96    2.83877E+01   -93.04
  150.00    70.00      -0.18   -7.71    0.53    0.00000   -22.80  LINEAR    6.87551E+01    86.93    2.88962E+01   -93.07
  155.00    70.00       0.36   -7.57    1.01    0.00000   -21.88  LINEAR    7.31114E+01    86.90    2.93613E+01   -93.10
  160.00    70.00       0.79   -7.45    1.40    0.00000   -21.17  LINEAR    7.68523E+01    86.88    2.97671E+01   -93.12
  165.00    70.00       1.13   -7.35    1.70    0.00000   -20.65  LINEAR    7.98792E+01    86.86    3.00992E+01   -93.14
  170.00    70.00       1.36   -7.28    1.92    0.00000   -20.28  LINEAR    8.21074E+01    86.85    3.03457E+01   -93.15
  175.00    70.00       1.51   -7.24    2.05    0.00000   -20.07  LINEAR    8.34717E+01    86.84    3.04973E+01   -93.16
  180.00    70.00       1.56   -7.22    2.10    0.00000   -20.00  LINEAR    8.39312E+01    86.84    3.05485E+01   -93.16
    0.00    75.00       1.79   -9.64    2.10    0.00000    15.00  LINEAR    8.62743E+01   -93.16    2.31171E+01   -93.16
    5.00    75.00       1.75   -9.66    2.05    0.00000    15.05  LINEAR    8.57939E+01   -93.16    2.30762E+01   -93.16
   10.00    75.00       1.60   -9.71    1.91    0.00000    15.22  LINEAR    8.43677E+01   -93.15    2.29550E+01   -93.15
   15.00    75.00       1.36   -9.78    1.68    0.00000    15.50  LINEAR    8.20401E+01   -93.14    2.27581E+01   -93.14
   20.00    75.00       1.02   -9.88    1.36    0.00000    15.92  LINEAR    7.88815E+01   -93.12    2.24927E+01   -93.12
   25.00    75.00       0.58  -10.01    0.94    0.00000    16.47  LINEAR    7.49830E+01   -93.09    2.21687E+01   -93.09
   30.00    75.00       0.03  -10.15    0.43    0.00000    17.19  LINEAR    7.04505E+01   -93.06    2.17975E+01   -93.06
   35.00    75.00      -0.61  -10.32   -0.17    0.00000    18.11  LINEAR    6.53978E+01   -93.03    2.13920E+01   -93.03
   40.00    75.00      -1.37  -10.49   -0.87    0.00000    19.28  LINEAR    5.99395E+01   -93.00    2.09658E+01   -93.00
   45.00    75.00      -2.25  -10.67   -1.66    0.00000    20.75  LINEAR    5.41847E+01   -92.96    2.05326E+01   -92.96
   50.00    75.00      -3.26  -10.86   -2.56    0.00000    22.63  LINEAR    4.82322E+01   -92.93    2.01058E+01   -92.93
   55.00    75.00      -4.42  -11.03   -3.57    0.00000    25.04  LINEAR    4.21660E+01   -92.89    1.96981E+01   -92.89
   60.00    75.00      -5.78  -11.20   -4.69    0.00000    28.19  LINEAR    3.60531E+01   -92.85    1.93208E+01   -92.85
   65.00    75.00      -7.40  -11.36   -5.93    0.00000    32.38  LINEAR    2.99425E+01   -92.82    1.89842E+01   -92.82
   70.00    75.00      -9.37  -11.49   -7.29    0.00000    38.08  LINEAR    2.38655E+01   -92.79    1.86970E+01   -92.79
   75.00    75.00     -11.90  -11.60   -8.73    0.00000    45.99  LINEAR    1.78370E+01   -92.77    1.84663E+01   -92.77
   80.00    75.00     -15.44  -11.68  -10.15    0.00000    57.05  LINEAR    1.18580E+01   -92.75    1.82975E+01   -92.75
   85.00    75.00     -21.48  -11.72  -11.29    0.00000    71.98  LINEAR    5.91820E+00   -92.74    1.81948E+01   -92.74
   90.00    75.00    -999.99  -11.74  -11.74    0.00000   -90.00  LINEAR    0.00000E+00     0.00    1.81602E+01   -92.74
   95.00    75.00     -21.48  -11.72  -11.29    0.00000   -71.98  LINEAR    5.91820E+00    87.26    1.81948E+01   -92.74
  100.00    75.00     -15.44  -11.68  -10.15    0.00000   -57.05  LINEAR    1.18580E+01    87.25    1.82975E+01   -92.75
  105.00    75.00     -11.90  -11.60   -8.73    0.00000   -45.99  LINEAR    1.78370E+01    87.23    1.84663E+01   -92.77
  110.00    75.00      -9.37  -11.49   -7.29    0.00000   -38.08  LINEAR    2.38655E+01    87.21    1.86970E+01   -92.79
  115.00    75.00      -7.40  -11.36   -5.93    0.00000   -32.38  LINEAR    2.99425E+01    87.18    1.89842E+01   -92.82
  120.00    75.00      -5.78  -11.20   -4.69    0.00000   -28.19  LINEAR    3.60531E+01    87.15    1.93208E+01   -92.85
  125.00    75.00      -4.42  -11.03   -3.57    0.00000   -25.04  LINEAR    4.21660E+01    87.11    1.96981E+01   -92.89
  130.00    75.00      -3.26  -10.86   -2.56    0.00000   -22.63  LINEAR    4.82322E+01    87.07    2.01058E+01   -92.93
  135.00    75.00      -2.25  -10.67   -1.66    0.00000   -20.75  LINEAR    5.41847E+01    87.04    2.05326E+01   -92.96
  140.00    75.00      -1.37  -10.49   -0.87    0.00000   -19.28  LINEAR    5.99395E+01    87.00    2.09658E+01   -93.00
  145.00    75.00      -0.61  -10.32   -0.17    0.00000   -18.11  LINEAR    6.53978E+01    86.97    2.13920E+01   -93.03
  150.00    75.00       0.03  -10.15    0.43    0.00000   -17.19  LINEAR    7.04505E+01    86.94    2.17975E+01   -93.06
  155.00    75.00       0.58  -10.01    0.94    0.00000   -16.47  LINEAR    7.49830E+01    86.91    2.21687E+01   -93.09
  160.00    75.00       1.02   -9.88    1.36    0.00000   -15.92  LINEAR    7.88815E+01    86.88    2.24927E+01   -93.12
  165.00    75.00       1.36   -9.78    1.68    0.00000   -15.50  LINEAR    8.20401E+01    86.86    2.27581E+01   -93.14
  170.00    75.00       1.60   -9.71    1.91    0.00000   -15.22  LINEAR    8.43677E+01    86.85    2.29550E+01   -93.15
  175.00    75.00       1.75   -9.66    2.05    0.00000   -15.05  LINEAR    8.57939E+01    86.84    2.30762E+01   -93.16
  180.00    75.00       1.79   -9.64    2.10    0.00000   -15.00  LINEAR    8.62743E+01    86.84    2.31171E+01   -93.16
    0.00    80.00       1.96  -13.11    2.10    0.00000    10.00  LINEAR    8.79608E+01   -93.16    1.55099E+01   -93.16
    5.00    80.00       1.91  -13.13    2.05    0.00000    10.04  LINEAR    8.74648E+01   -93.16    1.54813E+01   -93.16
   10.00    80.00       1.77  -13.17    1.90    0.00000    10.15  LINEAR    8.59930E+01   -93.15    1.53968E+01   -93.15
   15.00    80.00       1.52  -13.25    1.66    0.00000    10.35  LINEAR    8.35921E+01   -93.13    1.52595E+01   -93.13
   20.00    80.00       1.18  -13.36    1.33    0.00000    10.63  LINEAR    8.03362E+01   -93.11    1.50746E+01   -93.11
   25.00    80.00       0.73  -13.49    0.89    0.00000    11.01  LINEAR    7.63217E+01   -93.09    1.48488E+01   -93.09
   30.00    80.00       0.18  -13.64    0.36    0.00000    11.51  LINEAR    7.16598E+01   -93.06    1.45903E+01   -93.06
   35.00    80.00      -0.47  -13.81   -0.27    0.00000    12.15  LINEAR    6.64700E+01   -93.03    1.43080E+01   -93.03
   40.00    80.00      -1.23  -13.99   -1.01    0.00000    12.96  LINEAR    6.08725E+01   -92.99    1.40116E+01   -92.99
   45.00    80.00      -2.12  -14.18   -1.86    0.00000    14.00  LINEAR    5.49814E+01   -92.95    1.37104E+01   -92.95
   50.00    80.00      -3.14  -14.37   -2.82    0.00000    15.34  LINEAR    4.88992E+01   -92.92    1.34138E+01   -92.92
   55.00    80.00      -4.31  -14.56   -3.92    0.00000    17.09  LINEAR    4.27129E+01   -92.88    1.31306E+01   -92.88
   60.00    80.00      -5.68  -14.73   -5.17    0.00000    19.43  LINEAR    3.64913E+01   -92.84    1.28688E+01   -92.84
   65.00    80.00      -7.30  -14.89   -6.60    0.00000    22.65  LINEAR    3.02842E+01   -92.81    1.26353E+01   -92.81
   70.00    80.00      -9.27  -15.03   -8.25    0.00000    27.27  LINEAR    2.41224E+01   -92.78    1.24362E+01   -92.78
   75.00    80.00     -11.81  -15.14  -10.15    0.00000    34.27  LINEAR    1.80196E+01   -92.75    1.22763E+01   -92.75
   80.00    80.00     -15.36  -15.22  -12.28    0.00000    45.44  LINEAR    1.19747E+01   -92.73    1.21594E+01   -92.73
   85.00    80.00     -21.40  -15.28  -14.33    0.00000    63.70  LINEAR    5.97500E+00   -92.72    1.20882E+01   -92.72
   90.00    80.00    -999.99  -15.29  -15.29    0.00000   -90.00  LINEAR    0.00000E+00     0.00    1.20643E+01   -92.72
   95.00    80.00     -21.40  -15.28  -14.33    0.00000   -63.70  LINEAR    5.97500E+00    87.28    1.20882E+01   -92.72
  100.00    80.00     -15.36  -15.22  -12.28    0.00000   -45.44  LINEAR    1.19747E+01    87.27    1.21594E+01   -92.73
  105.00    80.00     -11.81  -15.14  -10.15    0.00000   -34.27  LINEAR    1.80196E+01    87.25    1.22763E+01   -92.75
  110.00    80.00      -9.27  -15.03   -8.25    0.00000   -27.27  LINEAR    2.41224E+01    87.22    1.24362E+01   -92.78
  115.00    80.00      -7.30  -14.89   -6.60    0.00000   -22.65  LINEAR    3.02842E+01    87.19    1.26353E+01   -92.81
  120.00    80.00      -5.68  -14.73   -5.17    0.00000   -19.43  LINEAR    3.64913E+01    87.16    1.28688E+01   -92.84
  125.00    80.00      -4.31  -14.56   -3.92    0.00000   -17.09  LINEAR    4.27129E+01    87.12    1.31306E+01   -92.88
  130.00    80.00      -3.14  -14.37   -2.82    0.00000   -15.34  LINEAR    4.88992E+01    87.08    1.34138E+01   -92.92
  135.00    80.00      -2.12  -14.18   -1.86    0.00000   -14.00  LINEAR    5.49814E+01    87.05    1.37104E+01   -92.95
  140.00    80.00      -1.23  -13.99   -1.01    0.00000   -12.96  LINEAR    6.08725E+01    87.01    1.40116E+01   -92.99
  145.00    80.00      -0.47  -13.81   -0.27    0.00000   -12.15  LINEAR    6.64700E+01    86.97    1.43080E+01   -93.03
  150.00    80.00       0.18  -13.64    0.36    0.00000   -11.51  LINEAR    7.16598E+01    86.94    1.45903E+01   -93.06
  155.00    80.00       0.73  -13.49    0.89    0.00000   -11.01  LINEAR    7.63217E+01    86.91    1.48488E+01   -93.09
  160.00    80.00       1.18  -13.36    1.33    0.00000   -10.63  LINEAR    8.03362E+01    86.89    1.50746E+01   -93.11
  165.00    80.00       1.52  -13.25    1.66    0.00000   -10.35  LINEAR    8.35921E+01    86.87    1.52595E+01   -93.13
  170.00    80.00       1.77  -13.17    1.90    0.00000   -10.15  LINEAR    8.59930E+01    86.85    1.53968E+01   -93.15
  175.00    80.00       1.91  -13.13    2.05    0.00000   -10.04  LINEAR    8.74648E+01    86.84    1.54813E+01   -93.16
  180.00    80.00       1.96  -13.11    2.10    0.00000   -10.00  LINEAR    8.79608E+01    86.84    1.55099E+01   -93.16
    0.00    85.00       2.06  -19.10    2.10    0.00000     5.00  LINEAR    8.89779E+01   -93.16    7.78455E+00   -93.16
    5.00    85.00       2.01  -19.11    2.05    0.00000     5.02  LINEAR    8.84724E+01   -93.16    7.76990E+00   -93.16
   10.00    85.00       1.86  -19.16    1.90    0.00000     5.08  LINEAR    8.69725E+01   -93.15    7.72649E+00   -93.15
   15.00    85.00       1.62  -19.24    1.65    0.00000     5.18  LINEAR    8.45265E+01   -93.13    7.65598E+00   -93.13
   20.00    85.00       1.27  -19.35    1.31    0.00000     5.32  LINEAR    8.12111E+01   -93.11    7.56104E+00   -93.11
   25.00    85.00       0.82  -19.49    0.86    0.00000     5.51  LINEAR    7.71255E+01   -93.09    7.44516E+00   -93.09
   30.00    85.00       0.27  -19.64    0.31    0.00000     5.77  LINEAR    7.23845E+01   -93.06    7.31251E+00   -93.06
   35.00    85.00      -0.39  -19.82   -0.34    0.00000     6.10  LINEAR    6.71111E+01   -93.02    7.16773E+00   -93.02
   40.00    85.00      -1.16  -20.00   -1.10    0.00000     6.52  LINEAR    6.14289E+01   -92.99    7.01569E+00   -92.99
   45.00    85.00      -2.04  -20.19   -1.98    0.00000     7.05  LINEAR    5.54549E+01   -92.95    6.86130E+00   -92.95
   50.00    85.00      -3.07  -20.39   -2.99    0.00000     7.75  LINEAR    4.92942E+01   -92.91    6.70934E+00   -92.91
   55.00    85.00      -4.25  -20.58   -4.15    0.00000     8.67  LINEAR    4.30355E+01   -92.87    6.56429E+00   -92.87
   60.00    85.00      -5.62  -20.76   -5.49    0.00000     9.92  LINEAR    3.67488E+01   -92.83    6.43021E+00   -92.83
   65.00    85.00      -7.24  -20.92   -7.06    0.00000    11.70  LINEAR    3.04841E+01   -92.80    6.31069E+00   -92.80
   70.00    85.00      -9.22  -21.06   -8.95    0.00000    14.35  LINEAR    2.42721E+01   -92.77    6.20879E+00   -92.77
   75.00    85.00     -11.76  -21.18  -11.29    0.00000    18.68  LINEAR    1.81255E+01   -92.74    6.12697E+00   -92.74
   80.00    85.00     -15.31  -21.26  -14.33    0.00000    26.74  LINEAR    1.20422E+01   -92.72    6.06718E+00   -92.72
   85.00    85.00     -21.35  -21.32  -18.32    0.00000    45.11  LINEAR    6.00781E+00   -92.71    6.03076E+00   -92.71
   90.00    85.00    -999.99  -21.33  -21.33    0.00000   -90.00  LINEAR    0.00000E+00     0.00    6.01853E+00   -92.71
   95.00    85.00     -21.35  -21.32  -18.32    0.00000   -45.11  LINEAR    6.00781E+00    87.29    6.03076E+00   -92.71
  100.00    85.00     -15.31  -21.26  -14.33    0.00000   -26.74  LINEAR    1.20422E+01    87.28    6.06718E+00   -92.72
  105.00    85.00     -11.76  -21.18  -11.29    0.00000   -18.68  LINEAR    1.81255E+01    87.26    6.12697E+00   -92.74
  110.00    85.00      -9.22  -21.06   -8.95    0.00000   -14.35  LINEAR    2.42721E+01    87.23    6.20879E+00   -92.77
  115.00    85.00      -7.24  -20.92   -7.06    0.00000   -11.70  LINEAR    3.04841E+01    87.20    6.31069E+00   -92.80
  120.00    85.00      -5.62  -20.76   -5.49    0.00000    -9.92  LINEAR    3.67488E+01    87.17    6.43021E+00   -92.83
  125.00    85.00      -4.25  -20.58   -4.15    0.00000    -8.67  LINEAR    4.30355E+01    87.13    6.56429E+00   -92.87
  130.00    85.00      -3.07  -20.39   -2.99    0.00000    -7.75  LINEAR    4.92942E+01    87.09    6.70934E+00   -92.91
  135.00    85.00      -2.04  -20.19   -1.98    0.00000    -7.05  LINEAR    5.54549E+01    87.05    6.86130E+00   -92.95
  140.00    85.00      -1.16  -20.00   -1.10    0.00000    -6.52  LINEAR    6.14289E+01    87.01    7.01569E+00   -92.99
  145.00    85.00      -0.39  -19.82   -0.34    0.00000    -6.10  LINEAR    6.71111E+01    86.98    7.16773E+00   -93.02
  150.00    85.00       0.27  -19.64    0.31    0.00000    -5.77  LINEAR    7.23845E+01    86.94    7.31251E+00   -93.06
  155.00    85.00       0.82  -19.49    0.86    0.00000    -5.51  LINEAR    7.71255E+01    86.91    7.44516E+00   -93.09
  160.00    85.00       1.27  -19.35    1.31    0.00000    -5.32  LINEAR    8.12111E+01    86.89    7.56104E+00   -93.11
  165.00    85.00       1.62  -19.24    1.65    0.00000    -5.18  LINEAR    8.45265E+01    86.87    7.65598E+00   -93.13
  170.00    85.00       1.86  -19.16    1.90    0.00000    -5.08  LINEAR    8.69725E+01    86.85    7.72649E+00   -93.15
  175.00    85.00       2.01  -19.11    2.05    0.00000    -5.02  LINEAR    8.84724E+01    86.84    7.76990E+00   -93.16
  180.00    85.00       2.06  -19.10    2.10    0.00000    -5.00  LINEAR    8.89779E+01    86.84    7.78455E+00   -93.16
    0.00    90.00       2.10 -999.99    2.10    0.00000    -0.00  LINEAR    8.93177E+01   -93.16    0.00000E+00     0.00
    5.00    90.00       2.05 -999.99    2.05    0.00000    -0.00  LINEAR    8.88090E+01   -93.16    0.00000E+00     0.00
   10.00    90.00       1.90 -999.99    1.90    0.00000    -0.00  LINEAR    8.72997E+01   -93.15    0.00000E+00     0.00
   15.00    90.00       1.65 -999.99    1.65    0.00000    -0.00  LINEAR    8.48386E+01   -93.13    0.00000E+00     0.00
   20.00    90.00       1.30 -999.99    1.30    0.00000    -0.00  LINEAR    8.15031E+01   -93.11    0.00000E+00     0.00
   25.00    90.00       0.85 -999.99    0.85    0.00000    -0.00  LINEAR    7.73935E+01   -93.09    0.00000E+00     0.00
   30.00    90.00       0.30 -999.99    0.30    0.00000    -0.00  LINEAR    7.26259E+01   -93.06    0.00000E+00     0.00
   35.00    90.00      -0.36 -999.99   -0.36    0.00000    -0.00  LINEAR    6.73244E+01   -93.02    0.00000E+00     0.00
   40.00    90.00      -1.13 -999.99   -1.13    0.00000    -0.00  LINEAR    6.16137E+01   -92.99    0.00000E+00     0.00
   45.00    90.00      -2.02 -999.99   -2.02    0.00000    -0.00  LINEAR    5.56120E+01   -92.95    0.00000E+00     0.00
   50.00    90.00      -3.04 -999.99   -3.04    0.00000    -0.00  LINEAR    4.94250E+01   -92.91    0.00000E+00     0.00
   55.00    90.00      -4.22 -999.99   -4.22    0.00000    -0.00  LINEAR    4.31421E+01   -92.87    0.00000E+00     0.00
   60.00    90.00      -5.60 -999.99   -5.60    0.00000    -0.00  LINEAR    3.68337E+01   -92.83    0.00000E+00     0.00
   65.00    90.00      -7.22 -999.99   -7.22    0.00000    -0.00  LINEAR    3.05499E+01   -92.79    0.00000E+00     0.00
   70.00    90.00      -9.20 -999.99   -9.20    0.00000    -0.00  LINEAR    2.43212E+01   -92.76    0.00000E+00     0.00
   75.00    90.00     -11.74 -999.99  -11.74    0.00000    -0.00  LINEAR    1.81602E+01   -92.74    0.00000E+00     0.00
   80.00    90.00     -15.29 -999.99  -15.29    0.00000    -0.00  LINEAR    1.20643E+01   -92.72    0.00000E+00     0.00
   85.00    90.00     -21.33 -999.99  -21.33    0.00000    -0.00  LINEAR    6.01853E+00   -92.71    0.00000E+00     0.00
   90.00    90.00    -999.99 -999.99 -999.99    0.00000     0.00            0.00000E+00     0.00    0.00000E+00     0.00
   95.00    90.00     -21.33 -999.99  -21.33    0.00000     0.00  LINEAR    6.01853E+00    87.29    0.00000E+00     0.00
  100.00    90.00     -15.29 -999.99  -15.29    0.00000     0.00  LINEAR    1.20643E+01    87.28    0.00000E+00     0.00
  105.00    90.00     -11.74 -999.99  -11.74    0.00000     0.00  LINEAR    1.81602E+01    87.26    0.00000E+00     0.00
  110.00    90.00      -9.20 -999.99   -9.20    0.00000     0.00  LINEAR    2.43212E+01    87.24    0.00000E+00     0.00
  115.00    90.00      -7.22 -999.99   -7.22    0.00000     0.00  LINEAR    3.05499E+01    87.21    0.00000E+00     0.00
  120.00    90.00      -5.60 -999.99   -5.60    0.00000     0.00  LINEAR    3.68337E+01    87.17    0.00000E+00     0.00
  125.00    90.00      -4.22 -999.99   -4.22    0.00000     0.00  LINEAR    4.31421E+01    87.13    0.00000E+00     0.00
  130.00    90.00      -3.04 -999.99   -3.04    0.00000     0.00  LINEAR    4.94250E+01    87.09    0.00000E+00     0.00
  135.00    90.00      -2.02 -999.99   -2.02    0.00000     0.00  LINEAR    5.56120E+01    87.05    0.00000E+00     0.00
  140.00    90.00      -1.13 -999.99   -1.13    0.00000     0.00  LINEAR    6.16137E+01    87.01    0.00000E+00     0.00
  145.00    90.00      -0.36 -999.99   -0.36    0.00000     0.00  LINEAR    6.73244E+01    86.98    0.00000E+00     0.00
  150.00    90.00       0.30 -999.99    0.30    0.00000     0.00  LINEAR    7.26259E+01    86.94    0.00000E+00     0.00
  155.00    90.00       0.85 -999.99    0.85    0.00000     0.00  LINEAR    7.73935E+01    86.91    0.00000E+00     0.00
  160.00    90.00       1.30 -999.99    1.30    0.00000     0.00  LINEAR    8.15031E+01    86.89    0.00000E+00     0.00
  165.00    90.00       1.65 -999.99    1.65    0.00000     0.00  LINEAR    8.48386E+01    86.87    0.00000E+00     0.00
  170.00    90.00       1.90 -999.99    1.90    0.00000     0.00  LINEAR    8.72997E+01    86.85    0.00000E+00     0.00
  175.00    90.00       2.05 -999.99    2.05    0.00000     0.00  LINEAR    8.88090E+01    86.84    0.00000E+00     0.00
  180.00    90.00       2.10 -999.99    2.10    0.00000     0.00  LINEAR    8.93177E+01    86.84    0.00000E+00     0.00
    0.00    95.00       2.06  -19.10    2.10    0.00000    -5.00  LINEAR    8.89779E+01   -93.16    7.78455E+00    86.84
    5.00    95.00       2.01  -19.11    2.05    0.00000    -5.02  LINEAR    8.84724E+01   -93.16    7.76990E+00    86.84
   10.00    95.00       1.86  -19.16    1.90    0.00000    -5.08  LINEAR    8.69725E+01   -93.15    7.72649E+00    86.85
   15.00    95.00       1.62  -19.24    1.65    0.00000    -5.18  LINEAR    8.45265E+01   -93.13    7.65598E+00    86.87
   20.00    95.00       1.27  -19.35    1.31    0.00000    -5.32  LINEAR    8.12111E+01   -93.11    7.56104E+00    86.89
   25.00    95.00       0.82  -19.49    0.86    0.00000    -5.51  LINEAR    7.71255E+01   -93.09    7.44516E+00    86.91
   30.00    95.00       0.27  -19.64    0.31    0.00000    -5.77  LINEAR    7.23845E+01   -93.06    7.31251E+00    86.94
   35.00    95.00      -0.39  -19.82   -0.34    0.00000    -6.10  LINEAR    6.71111E+01   -93.02    7.16773E+00    86.98
   40.00    95.00      -1.16  -20.00   -1.10    0.00000    -6.52  LINEAR    6.14289E+01   -92.99    7.01569E+00    87.01
   45.00    95.00      -2.04  -20.19   -1.98    0.00000    -7.05  LINEAR    5.54549E+01   -92.95    6.86130E+00    87.05
   50.00    95.00      -3.07  -20.39   -2.99    0.00000    -7.75  LINEAR    4.92942E+01   -92.91    6.70934E+00    87.09
   55.00    95.00      -4.25  -20.58   -4.15    0.00000    -8.67  LINEAR    4.30355E+01   -92.87    6.56429E+00    87.13
   60.00    95.00      -5.62  -20.76   -5.49    0.00000    -9.92  LINEAR    3.67488E+01   -92.83    6.43021E+00    87.17
   65.00    95.00      -7.24  -20.92   -7.06    0.00000   -11.70  LINEAR    3.04841E+01   -92.80    6.31069E+00    87.20
   70.00    95.00      -9.22  -21.06   -8.95    0.00000   -14.35  LINEAR    2.42721E+01   -92.77    6.20879E+00    87.23
   75.00    95.00     -11.76  -21.18  -11.29    0.00000   -18.68  LINEAR    1.81255E+01   -92.74    6.12697E+00    87.26
   80.00    95.00     -15.31  -21.26  -14.33    0.00000   -26.74  LINEAR    1.20422E+01   -92.72    6.06718E+00    87.28
   85.00    95.00     -21.35  -21.32  -18.32    0.00000   -45.11  LINEAR    6.00781E+00   -92.71    6.03076E+00    87.29
   90.00    95.00    -999.99  -21.33  -21.33    0.00000    90.00  LINEAR    0.00000E+00     0.00    6.01853E+00    87.29
   95.00    95.00     -21.35  -21.32  -18.32    0.00000    45.11  LINEAR    6.00781E+00    87.29    6.03076E+00    87.29
  100.00    95.00     -15.31  -21.26  -14.33    0.00000    26.74  LINEAR    1.20422E+01    87.28    6.06718E+00    87.28
  105.00    95.00     -11.76  -21.18  -11.29    0.00000    18.68  LINEAR    1.81255E+01    87.26    6.12697E+00    87.26
  110.00    95.00      -9.22  -21.06   -8.95    0.00000    14.35  LINEAR    2.42721E+01    87.23    6.20879E+00    87.23
  115.00    95.00      -7.24  -20.92   -7.06    0.00000    11.70  LINEAR    3.04841E+01    87.20    6.31069E+00    87.20
  120.00    95.00      -5.62  -20.76   -5.49    0.00000     9.92  LINEAR    3.67488E+01    87.17    6.43021E+00    87.17
  125.00    95.00      -4.25  -20.58   -4.15    0.00000     8.67  LINEAR    4.30355E+01    87.13    6.56429E+00    87.13
  130.00    95.00      -3.07  -20.39   -2.99    0.00000     7.75  LINEAR    4.92942E+01    87.09    6.70934E+00    87.09
  135.00    95.00      -2.04  -20.19   -1.98    0.00000     7.05  LINEAR    5.54549E+01    87.05    6.86130E+00    87.05
  140.00    95.00      -1.16  -20.00   -1.10    0.00000     6.52  LINEAR    6.14289E+01    87.01    7.01569E+00    87.01
  145.00    95.00      -0.39  -19.82   -0.34    0.00000     6.10  LINEAR    6.71111E+01    86.98    7.16773E+00    86.98
  150.00    95.00       0.27  -19.64    0.31    0.00000     5.77  LINEAR    7.23845E+01    86.94    7.31251E+00    86.94
  155.00    95.00       0.82  -19.49    0.86    0.00000     5.51  LINEAR    7.71255E+01    86.91    7.44516E+00    86.91
  160.00    95.00       1.27  -19.35    1.31    0.00000     5.32  LINEAR    8.12111E+01    86.89    7.56104E+00    86.89
  165.00    95.00       1.62  -19.24    1.65    0.00000     5.18  LINEAR    8.45265E+01    86.87    7.65598E+00    86.87
  170.00    95.00       1.86  -19.16    1.90    0.00000     5.08  LINEAR    8.69725E+01    86.85    7.72649E+00    86.85
  175.00    95.00       2.01  -19.11    2.05    0.00000     5.02  LINEAR    8.84724E+01    86.84    7.76990E+00    86.84
  180.00    95.00       2.06  -19.10    2.10    0.00000     5.00  LINEAR    8.89779E+01    86.84    7.78455E+00    86.84
    0.00   100.00       1.96  -13.11    2.10    0.00000   -10.00  LINEAR    8.79608E+01   -93.16    1.55099E+01    86.84
    5.00   100.00       1.91  -13.13    2.05    0.00000   -10.04  LINEAR    8.74648E+01   -93.16    1.54813E+01    86.84
   10.00   100.00       1.77  -13.17    1.90    0.00000   -10.15  LINEAR    8.59930E+01   -93.15    1.53968E+01    86.85
   15.00   100.00       1.52  -13.25    1.66    0.00000   -10.35  LINEAR    8.35921E+01   -93.13    1.52595E+01    86.87
   20.00   100.00       1.18  -13.36    1.33    0.00000   -10.63  LINEAR    8.03362E+01   -93.11    1.50746E+01    86.89
   25.00   100.00       0.73  -13.49    0.89    0.00000   -11.01  LINEAR    7.63217E+01   -93.09    1.48488E+01    86.91
   30.00   100.00       0.18  -13.64    0.36    0.00000   -11.51  LINEAR    7.16598E+01   -93.06    1.45903E+01    86.94
   35.00   100.00      -0.47  -13.81   -0.27    0.00000   -12.15  LINEAR    6.64700E+01   -93.03    1.43080E+01    86.97
   40.00   100.00      -1.23  -13.99   -1.01    0.00000   -12.96  LINEAR    6.08725E+01   -92.99    1.40116E+01    87.01
   45.00   100.00      -2.12  -14.18   -1.86    0.00000   -14.00  LINEAR    5.49814E+01   -92.95    1.37104E+01    87.05
   50.00   100.00      -3.14  -14.37   -2.82    0.00000   -15.34  LINEAR    4.88992E+01   -92.92    1.34138E+01    87.08
   55.00   100.00      -4.31  -14.56   -3.92    0.00000   -17.09  LINEAR    4.27129E+01   -92.88    1.31306E+01    87.12
   60.00   100.00      -5.68  -14.73   -5.17    0.00000   -19.43  LINEAR    3.64913E+01   -92.84    1.28688E+01    87.16
   65.00   100.00      -7.30  -14.89   -6.60    0.00000   -22.65  LINEAR    3.02842E+01   -92.81    1.26353E+01    87.19
   70.00   100.00      -9.27  -15.03   -8.25    0.00000   -27.27  LINEAR    2.41224E+01   -92.78    1.24362E+01    87.22
   75.00   100.00     -11.81  -15.14  -10.15    0.00000   -34.27  LINEAR    1.80196E+01   -92.75    1.22763E+01    87.25
   80.00   100.00     -15.36  -15.22  -12.28    0.00000   -45.44  LINEAR    1.19747E+01   -92.73    1.21594E+01    87.27
   85.00   100.00     -21.40  -15.28  -14.33    0.00000   -63.70  LINEAR    5.97500E+00   -92.72    1.20882E+01    87.28
   90.00   100.00    -999.99  -15.29  -15.29    0.00000    90.00  LINEAR    0.00000E+00     0.00    1.20643E+01    87.28
   95.00   100.00     -21.40  -15.28  -14.33    0.00000    63.70  LINEAR    5.97500E+00    87.28    1.20882E+01    87.28
  100.00   100.00     -15.36  -15.22  -12.28    0.00000    45.44  LINEAR    1.19747E+01    87.27    1.21594E+01    87.27
  105.00   100.00     -11.81  -15.14  -10.15    0.00000    34.27  LINEAR    1.80196E+01    87.25    1.22763E+01    87.25
  110.00   100.00      -9.27  -15.03   -8.25    0.00000    27.27  LINEAR    2.41224E+01    87.22    1.24362E+01    87.22
  115.00   100.00      -7.30  -14.89   -6.60    0.00000    22.65  LINEAR    3.02842E+01    87.19    1.26353E+01    87.19
  120.00   100.00      -5.68  -14.73   -5.17    0.00000    19.43  LINEAR    3.64913E+01    87.16    1.28688E+01    87.16
  125.00   100.00      -4.31  -14.56   -3.92    0.00000    17.09  LINEAR    4.27129E+01    87.12    1.31306E+01    87.12
  130.00   100.00      -3.14  -14.37   -2.82    0.00000    15.34  LINEAR    4.88992E+01    87.08    1.34138E+01    87.08
  135.00   100.00      -2.12  -14.18   -1.86    0.00000    14.00  LINEAR    5.49814E+01    87.05    1.37104E+01    87.05
  140.00   100.00      -1.23  -13.99   -1.01    0.00000    12.96  LINEAR    6.08725E+01    87.01    1.40116E+01    87.01
  145.00   100.00      -0.47  -13.81   -0.27    0.00000    12.15  LINEAR    6.64700E+01    86.97    1.43080E+01    86.97
  150.00   100.00       0.18  -13.64    0.36    0.00000    11.51  LINEAR    7.16598E+01    86.94    1.45903E+01    86.94
  155.00   100.00       0.73  -13.49    0.89    0.00000    11.01  LINEAR    7.63217E+01    86.91    1.48488E+01    86.91
  160.00   100.00       1.18  -13.36    1.33    0.00000    10.63  LINEAR    8.03362E+01    86.89    1.50746E+01    86.89
  165.00   100.00       1.52  -13.25    1.66    0.00000    10.35  LINEAR    8.35921E+01    86.87    1.52595E+01    86.87
  170.00   100.00       1.77  -13.17    1.90    0.00000    10.15  LINEAR    8.59930E+01    86.85    1.53968E+01    86.85
  175.00   100.00       1.91  -13.13    2.05    0.00000    10.04  LINEAR    8.74648E+01    86.84    1.54813E+01    86.84
  180.00   100.00       1.96  -13.11    2.10    0.00000    10.00  LINEAR    8.79608E+01    86.84    1.55099E+01    86.84
    0.00   105.00       1.79   -9.64    2.10    0.00000   -15.00  LINEAR    8.62743E+01   -93.16    2.31171E+01    86.84
    5.00   105.00       1.75   -9.66    2.05    0.00000   -15.05  LINEAR    8.57939E+01   -93.16    2.30762E+01    86.84
   10.00   105.00       1.60   -9.71    1.91    0.00000   -15.22  LINEAR    8.43677E+01   -93.15    2.29550E+01    86.85
   15.00   105.00       1.36   -9.78    1.68    0.00000   -15.50  LINEAR    8.20401E+01   -93.14    2.27581E+01    86.86
   20.00   105.00       1.02   -9.88    1.36    0.00000   -15.92  LINEAR    7.88815E+01   -93.12    2.24927E+01    86.88
   25.00   105.00       0.58  -10.01    0.94    0.00000   -16.47  LINEAR    7.49830E+01   -93.09    2.21687E+01    86.91
   30.00   105.00       0.03  -10.15    0.43    0.00000   -17.19  LINEAR    7.04505E+01   -93.06    2.17975E+01    86.94
   35.00   105.00      -0.61  -10.32   -0.17    0.00000   -18.11  LINEAR    6.53978E+01   -93.03    2.13920E+01    86.97
   40.00   105.00      -1.37  -10.49   -0.87    0.00000   -19.28  LINEAR    5.99395E+01   -93.00    2.09658E+01    87.00
   45.00   105.00      -2.25  -10.67   -1.66    0.00000   -20.75  LINEAR    5.41847E+01   -92.96    2.05326E+01    87.04
   50.00   105.00      -3.26  -10.86   -2.56    0.00000   -22.63  LINEAR    4.82322E+01   -92.93    2.01058E+01    87.07
   55.00   105.00      -4.42  -11.03   -3.57    0.00000   -25.04  LINEAR    4.21660E+01   -92.89    1.96981E+01    87.11
   60.00   105.00      -5.78  -11.20   -4.69    0.00000   -28.19  LINEAR    3.60531E+01   -92.85    1.93208E+01    87.15
   65.00   105.00      -7.40  -11.36   -5.93    0.00000   -32.38  LINEAR    2.99425E+01   -92.82    1.89842E+01    87.18
   70.00   105.00      -9.37  -11.49   -7.29    0.00000   -38.08  LINEAR    2.38655E+01   -92.79    1.86970E+01    87.21
   75.00   105.00     -11.90  -11.60   -8.73    0.00000   -45.99  LINEAR    1.78370E+01   -92.77    1.84663E+01    87.23
   80.00   105.00     -15.44  -11.68  -10.15    0.00000   -57.05  LINEAR    1.18580E+01   -92.75    1.82975E+01    87.25
   85.00   105.00     -21.48  -11.72  -11.29    0.00000   -71.98  LINEAR    5.91820E+00   -92.74    1.81948E+01    87.26
   90.00   105.00    -999.99  -11.74  -11.74    0.00000    90.00  LINEAR    0.00000E+00     0.00    1.81602E+01    87.26
   95.00   105.00     -21.48  -11.72  -11.29    0.00000    71.98  LINEAR    5.91820E+00    87.26    1.81948E+01    87.26
  100.00   105.00     -15.44  -11.68  -10.15    0.00000    57.05  LINEAR    1.18580E+01    87.25    1.82975E+01    87.25
  105.00   105.00     -11.90  -11.60   -8.73    0.00000    45.99  LINEAR    1.78370E+01    87.23    1.84663E+01    87.23
  110.00   105.00      -9.37  -11.49   -7.29    0.00000    38.08  LINEAR    2.38655E+01    87.21    1.86970E+01    87.21
  115.00   105.00      -7.40  -11.36   -5.93    0.00000    32.38  LINEAR    2.99425E+01    87.18    1.89842E+01    87.18
  120.00   105.00      -5.78  -11.20   -4.69    0.00000    28.19  LINEAR    3.60531E+01    87.15    1.93208E+01    87.15
  125.00   105.00      -4.42  -11.03   -3.57    0.00000    25.04  LINEAR    4.21660E+01    87.11    1.96981E+01    87.11
  130.00   105.00      -3.26  -10.86   -2.56    0.00000    22.63  LINEAR    4.82322E+01    87.07    2.01058E+01    87.07
  135.00   105.00      -2.25  -10.67   -1.66    0.00000    20.75  LINEAR    5.41847E+01    87.04    2.05326E+01    87.04
  140.00   105.00      -1.37  -10.49   -0.87    0.00000    19.28  LINEAR    5.99395E+01    87.00    2.09658E+01    87.00
  145.00   105.00      -0.61  -10.32   -0.17    0.00000    18.11  LINEAR    6.53978E+01    86.97    2.13920E+01    86.97
  150.00   105.00       0.03  -10.15    0.43    0.00000    17.19  LINEAR    7.04505E+01    86.94    2.17975E+01    86.94
  155.00   105.00       0.58  -10.01    0.94    0.00000    16.47  LINEAR    7.49830E+01    86.91    2.21687E+01    86.91
  160.00   105.00       1.02   -9.88    1.36    0.00000    15.92  LINEAR    7.88815E+01    86.88    2.24927E+01    86.88
  165.00   105.00       1.36   -9.78    1.68    0.00000    15.50  LINEAR    8.20401E+01    86.86    2.27581E+01    86.86
  170.00   105.00       1.60   -9.71    1.91    0.00000    15.22  LINEAR    8.43677E+01    86.85    2.29550E+01    86.85
  175.00   105.00       1.75   -9.66    2.05    0.00000    15.05  LINEAR    8.57939E+01    86.84    2.30762E+01    86.84
  180.00   105.00       1.79   -9.64    2.10    0.00000    15.00  LINEAR    8.62743E+01    86.84    2.31171E+01    86.84
    0.00   110.00       1.56   -7.22    2.10    0.00000   -20.00  LINEAR    8.39312E+01   -93.16    3.05485E+01    86.84
    5.00   110.00       1.51   -7.24    2.05    0.00000   -20.07  LINEAR    8.34717E+01   -93.16    3.04973E+01    86.84
   10.00   110.00       1.36   -7.28    1.92    0.00000   -20.28  LINEAR    8.21074E+01   -93.15    3.03457E+01    86.85
   15.00   110.00       1.13   -7.35    1.70    0.00000   -20.65  LINEAR    7.98792E+01   -93.14    3.00992E+01    86.86
   20.00   110.00       0.79   -7.45    1.40    0.00000   -21.17  LINEAR    7.68523E+01   -93.12    2.97671E+01    86.88
   25.00   110.00       0.36   -7.57    1.01    0.00000   -21.88  LINEAR    7.31114E+01   -93.10    2.93613E+01    86.90
   30.00   110.00      -0.18   -7.71    0.53    0.00000   -22.80  LINEAR    6.87551E+01   -93.07    2.88962E+01    86.93
   35.00   110.00      -0.81   -7.86   -0.03    0.00000   -23.96  LINEAR    6.38894E+01   -93.04    2.83877E+01    86.96
   40.00   110.00      -1.56   -8.03   -0.68    0.00000   -25.41  LINEAR    5.86217E+01   -93.01    2.78529E+01    86.99
   45.00   110.00      -2.43   -8.20   -1.41    0.00000   -27.24  LINEAR    5.30545E+01   -92.97    2.73088E+01    87.03
   50.00   110.00      -3.43   -8.37   -2.22    0.00000   -29.52  LINEAR    4.72813E+01   -92.94    2.67724E+01    87.06
   55.00   110.00      -4.59   -8.54   -3.12    0.00000   -32.40  LINEAR    4.13820E+01   -92.90    2.62594E+01    87.10
   60.00   110.00      -5.94   -8.70   -4.09    0.00000   -36.05  LINEAR    3.54212E+01   -92.87    2.57845E+01    87.13
   65.00   110.00      -7.54   -8.84   -5.13    0.00000   -40.74  LINEAR    2.94469E+01   -92.84    2.53605E+01    87.16
   70.00   110.00      -9.51   -8.96   -6.22    0.00000   -46.78  LINEAR    2.34908E+01   -92.81    2.49984E+01    87.19
   75.00   110.00     -12.03   -9.07   -7.29    0.00000   -54.58  LINEAR    1.75694E+01   -92.79    2.47074E+01    87.21
   80.00   110.00     -15.57   -9.14   -8.25    0.00000   -64.49  LINEAR    1.16862E+01   -92.78    2.44945E+01    87.22
   85.00   110.00     -21.60   -9.19   -8.95    0.00000   -76.53  LINEAR    5.83435E+00   -92.77    2.43648E+01    87.23
   90.00   110.00    -999.99   -9.20   -9.20    0.00000    90.00  LINEAR    0.00000E+00     0.00    2.43212E+01    87.24
   95.00   110.00     -21.60   -9.19   -8.95    0.00000    76.53  LINEAR    5.83435E+00    87.23    2.43648E+01    87.23
  100.00   110.00     -15.57   -9.14   -8.25    0.00000    64.49  LINEAR    1.16862E+01    87.22    2.44945E+01    87.22
  105.00   110.00     -12.03   -9.07   -7.29    0.00000    54.58  LINEAR    1.75694E+01    87.21    2.47074E+01    87.21
  110.00   110.00      -9.51   -8.96   -6.22    0.00000    46.78  LINEAR    2.34908E+01    87.19    2.49984E+01    87.19
  115.00   110.00      -7.54   -8.84   -5.13    0.00000    40.74  LINEAR    2.94469E+01    87.16    2.53605E+01    87.16
  120.00   110.00      -5.94   -8.70   -4.09    0.00000    36.05  LINEAR    3.54212E+01    87.13    2.57845E+01    87.13
  125.00   110.00      -4.59   -8.54   -3.12    0.00000    32.40  LINEAR    4.13820E+01    87.10    2.62594E+01    87.10
  130.00   110.00      -3.43   -8.37   -2.22    0.00000    29.52  LINEAR    4.72813E+01    87.06    2.67724E+01    87.06
  135.00   110.00      -2.43   -8.20   -1.41    0.00000    27.24  LINEAR    5.30545E+01    87.03    2.73088E+01    87.03
  140.00   110.00      -1.56   -8.03   -0.68    0.00000    25.41  LINEAR    5.86217E+01    86.99    2.78529E+01    86.99
  145.00   110.00      -0.81   -7.86   -0.03    0.00000    23.96  LINEAR    6.38894E+01    86.96    2.83877E+01    86.96
  150.00   110.00      -0.18   -7.71    0.53    0.00000    22.80  LINEAR    6.87551E+01    86.93    2.88962E+01    86.93
  155.00   110.00       0.36   -7.57    1.01    0.00000    21.88  LINEAR    7.31114E+01    86.90    2.93613E+01    86.90
  160.00   110.00       0.79   -7.45    1.40    0.00000    21.17  LINEAR    7.68523E+01    86.88    2.97671E+01    86.88
  165.00   110.00       1.13   -7.35    1.70    0.00000    20.65  LINEAR    7.98792E+01    86.86    3.00992E+01    86.86
  170.00   110.00       1.36   -7.28    1.92    0.00000    20.28  LINEAR    8.21074E+01    86.85    3.03457E+01    86.85
  175.00   110.00       1.51   -7.24    2.05    0.00000    20.07  LINEAR    8.34717E+01    86.84    3.04973E+01    86.84
  180.00   110.00       1.56   -7.22    2.10    0.00000    20.00  LINEAR    8.39312E+01    86.84    3.05485E+01    86.84
    0.00   115.00       1.24   -5.39    2.10    0.00000   -25.00  LINEAR    8.09494E+01   -93.16    3.77473E+01    86.84
    5.00   115.00       1.19   -5.40    2.06    0.00000   -25.08  LINEAR    8.05156E+01   -93.16    3.76885E+01    86.84
   10.00   115.00       1.05   -5.44    1.93    0.00000   -25.34  LINEAR    7.92272E+01   -93.15    3.75142E+01    86.85
   15.00   115.00       0.82   -5.50    1.73    0.00000   -25.77  LINEAR    7.71211E+01   -93.14    3.72308E+01    86.86
   20.00   115.00       0.49   -5.59    1.45    0.00000   -26.39  LINEAR    7.42565E+01   -93.12    3.68486E+01    86.88
   25.00   115.00       0.07   -5.71    1.09    0.00000   -27.23  LINEAR    7.07103E+01   -93.10    3.63814E+01    86.90
   30.00   115.00      -0.46   -5.83    0.65    0.00000   -28.30  LINEAR    6.65722E+01   -93.08    3.58455E+01    86.92
   35.00   115.00      -1.08   -5.98    0.14    0.00000   -29.65  LINEAR    6.19390E+01   -93.05    3.52592E+01    86.95
   40.00   115.00      -1.82   -6.13   -0.45    0.00000   -31.33  LINEAR    5.69092E+01   -93.02    3.46419E+01    86.98
   45.00   115.00      -2.67   -6.29   -1.11    0.00000   -33.40  LINEAR    5.15776E+01   -92.99    3.40133E+01    87.01
   50.00   115.00      -3.66   -6.45   -1.83    0.00000   -35.96  LINEAR    4.60309E+01   -92.96    3.33929E+01    87.04
   55.00   115.00      -4.81   -6.61   -2.60    0.00000   -39.11  LINEAR    4.03442E+01   -92.92    3.27991E+01    87.08
   60.00   115.00      -6.15   -6.75   -3.43    0.00000   -43.00  LINEAR    3.45788E+01   -92.89    3.22488E+01    87.11
   65.00   115.00      -7.74   -6.89   -4.28    0.00000   -47.81  LINEAR    2.87816E+01   -92.87    3.17570E+01    87.13
   70.00   115.00      -9.69   -7.00   -5.13    0.00000   -53.74  LINEAR    2.29844E+01   -92.84    3.13368E+01    87.16
   75.00   115.00     -12.21   -7.10   -5.93    0.00000   -60.97  LINEAR    1.72055E+01   -92.82    3.09988E+01    87.18
   80.00   115.00     -15.75   -7.17   -6.60    0.00000   -69.58  LINEAR    1.14515E+01   -92.81    3.07514E+01    87.19
   85.00   115.00     -21.78   -7.21   -7.06    0.00000   -79.41  LINEAR    5.71943E+00   -92.80    3.06006E+01    87.20
   90.00   115.00    -999.99   -7.22   -7.22    0.00000    90.00  LINEAR    0.00000E+00     0.00    3.05499E+01    87.21
   95.00   115.00     -21.78   -7.21   -7.06    0.00000    79.41  LINEAR    5.71943E+00    87.20    3.06006E+01    87.20
  100.00   115.00     -15.75   -7.17   -6.60    0.00000    69.58  LINEAR    1.14515E+01    87.19    3.07514E+01    87.19
  105.00   115.00     -12.21   -7.10   -5.93    0.00000    60.97  LINEAR    1.72055E+01    87.18    3.09988E+01    87.18
  110.00   115.00      -9.69   -7.00   -5.13    0.00000    53.74  LINEAR    2.29844E+01    87.16    3.13368E+01    87.16
  115.00   115.00      -7.74   -6.89   -4.28    0.00000    47.81  LINEAR    2.87816E+01    87.13    3.17570E+01    87.13
  120.00   115.00      -6.15   -6.75   -3.43    0.00000    43.00  LINEAR    3.45788E+01    87.11    3.22488E+01    87.11
  125.00   115.00      -4.81   -6.61   -2.60    0.00000    39.11  LINEAR    4.03442E+01    87.08    3.27991E+01    87.08
  130.00   115.00      -3.66   -6.45   -1.83    0.00000    35.96  LINEAR    4.60309E+01    87.04    3.33929E+01    87.04
  135.00   115.00      -2.67   -6.29   -1.11    0.00000    33.40  LINEAR    5.15776E+01    87.01    3.40133E+01    87.01
  140.00   115.00      -1.82   -6.13   -0.45    0.00000    31.33  LINEAR    5.69092E+01    86.98    3.46419E+01    86.98
  145.00   115.00      -1.08   -5.98    0.14    0.00000    29.65  LINEAR    6.19390E+01    86.95    3.52592E+01    86.95
  150.00   115.00      -0.46   -5.83    0.65    0.00000    28.30  LINEAR    6.65722E+01    86.92    3.58455E+01    86.92
  155.00   115.00       0.07   -5.71    1.09    0.00000    27.23  LINEAR    7.07103E+01    86.90    3.63814E+01    86.90
  160.00   115.00       0.49   -5.59    1.45    0.00000    26.39  LINEAR    7.42565E+01    86.88    3.68486E+01    86.88
  165.00   115.00       0.82   -5.50    1.73    0.00000    25.77  LINEAR    7.71211E+01    86.86    3.72308E+01    86.86
  170.00   115.00       1.05   -5.44    1.93    0.00000    25.34  LINEAR    7.92272E+01    86.85    3.75142E+01    86.85
  175.00   115.00       1.19   -5.40    2.06    0.00000    25.08  LINEAR    8.05156E+01    86.84    3.76885E+01    86.84
  180.00   115.00       1.24   -5.39    2.10    0.00000    25.00  LINEAR    8.09494E+01    86.84    3.77473E+01    86.84
    0.00   120.00       0.85   -3.92    2.10    0.00000   -30.00  LINEAR    7.73514E+01   -93.16    4.46589E+01    86.84
    5.00   120.00       0.80   -3.94    2.06    0.00000   -30.09  LINEAR    7.69474E+01   -93.16    4.45953E+01    86.84
   10.00   120.00       0.66   -3.97    1.95    0.00000   -30.38  LINEAR    7.57466E+01   -93.15    4.44070E+01    86.85
   15.00   120.00       0.44   -4.03    1.76    0.00000   -30.87  LINEAR    7.37818E+01   -93.14    4.41006E+01    86.86
   20.00   120.00       0.12   -4.12    1.51    0.00000   -31.57  LINEAR    7.11053E+01   -93.12    4.36873E+01    86.88
   25.00   120.00      -0.30   -4.22    1.18    0.00000   -32.50  LINEAR    6.77853E+01   -93.11    4.31816E+01    86.89
   30.00   120.00      -0.81   -4.33    0.78    0.00000   -33.69  LINEAR    6.39016E+01   -93.08    4.26011E+01    86.92
   35.00   120.00      -1.43   -4.47    0.32    0.00000   -35.18  LINEAR    5.95409E+01   -93.06    4.19653E+01    86.94
   40.00   120.00      -2.15   -4.61   -0.20    0.00000   -37.00  LINEAR    5.47917E+01   -93.03    4.12952E+01    86.97
   45.00   120.00      -2.99   -4.75   -0.77    0.00000   -39.23  LINEAR    4.97396E+01   -93.00    4.06122E+01    87.00
   50.00   120.00      -3.96   -4.90   -1.39    0.00000   -41.93  LINEAR    4.44637E+01   -92.97    3.99372E+01    87.03
   55.00   120.00      -5.09   -5.04   -2.06    0.00000   -45.19  LINEAR    3.90336E+01   -92.95    3.92904E+01    87.05
   60.00   120.00      -6.42   -5.17   -2.74    0.00000   -49.11  LINEAR    3.35068E+01   -92.92    3.86903E+01    87.08
   65.00   120.00      -8.00   -5.29   -3.43    0.00000   -53.80  LINEAR    2.79282E+01   -92.89    3.81535E+01    87.11
   70.00   120.00      -9.95   -5.40   -4.09    0.00000   -59.36  LINEAR    2.23300E+01   -92.87    3.76944E+01    87.13
   75.00   120.00     -12.45   -5.48   -4.69    0.00000   -65.85  LINEAR    1.67323E+01   -92.85    3.73249E+01    87.15
   80.00   120.00     -15.98   -5.55   -5.17    0.00000   -73.26  LINEAR    1.11447E+01   -92.84    3.70542E+01    87.16
   85.00   120.00     -22.01   -5.59   -5.49    0.00000   -81.42  LINEAR    5.56872E+00   -92.83    3.68892E+01    87.17
   90.00   120.00    -999.99   -5.60   -5.60    0.00000    90.00  LINEAR    0.00000E+00     0.00    3.68337E+01    87.17
   95.00   120.00     -22.01   -5.59   -5.49    0.00000    81.42  LINEAR    5.56872E+00    87.17    3.68892E+01    87.17
  100.00   120.00     -15.98   -5.55   -5.17    0.00000    73.26  LINEAR    1.11447E+01    87.16    3.70542E+01    87.16
  105.00   120.00     -12.45   -5.48   -4.69    0.00000    65.85  LINEAR    1.67323E+01    87.15    3.73249E+01    87.15
  110.00   120.00      -9.95   -5.40   -4.09    0.00000    59.36  LINEAR    2.23300E+01    87.13    3.76944E+01    87.13
  115.00   120.00      -8.00   -5.29   -3.43    0.00000    53.80  LINEAR    2.79282E+01    87.11    3.81535E+01    87.11
  120.00   120.00      -6.42   -5.17   -2.74    0.00000    49.11  LINEAR    3.35068E+01    87.08    3.86903E+01    87.08
  125.00   120.00      -5.09   -5.04   -2.06    0.00000    45.19  LINEAR    3.90336E+01    87.05    3.92904E+01    87.05
  130.00   120.00      -3.96   -4.90   -1.39    0.00000    41.93  LINEAR    4.44637E+01    87.03    3.99372E+01    87.03
  135.00   120.00      -2.99   -4.75   -0.77    0.00000    39.23  LINEAR    4.97396E+01    87.00    4.06122E+01    87.00
  140.00   120.00      -2.15   -4.61   -0.20    0.00000    37.00  LINEAR    5.47917E+01    86.97    4.12952E+01    86.97
  145.00   120.00      -1.43   -4.47    0.32    0.00000    35.18  LINEAR    5.95409E+01    86.94    4.19653E+01    86.94
  150.00   120.00      -0.81   -4.33    0.78    0.00000    33.69  LINEAR    6.39016E+01    86.92    4.26011E+01    86.92
  155.00   120.00      -0.30   -4.22    1.18    0.00000    32.50  LINEAR    6.77853E+01    86.89    4.31816E+01    86.89
  160.00   120.00       0.12   -4.12    1.51    0.00000    31.57  LINEAR    7.11053E+01    86.88    4.36873E+01    86.88
  165.00   120.00       0.44   -4.03    1.76    0.00000    30.87  LINEAR    7.37818E+01    86.86    4.41006E+01    86.86
  170.00   120.00       0.66   -3.97    1.95    0.00000    30.38  LINEAR    7.57466E+01    86.85    4.44070E+01    86.85
  175.00   120.00       0.80   -3.94    2.06    0.00000    30.09  LINEAR    7.69474E+01    86.84    4.45953E+01    86.84
  180.00   120.00       0.85   -3.92    2.10    0.00000    30.00  LINEAR    7.73514E+01    86.84    4.46589E+01    86.84
    0.00   125.00       0.36   -2.73    2.10    0.00000   -35.00  LINEAR    7.31648E+01   -93.16    5.12305E+01    86.84
    5.00   125.00       0.32   -2.74    2.06    0.00000   -35.10  LINEAR    7.27936E+01   -93.16    5.11653E+01    86.84
   10.00   125.00       0.19   -2.78    1.96    0.00000   -35.41  LINEAR    7.16896E+01   -93.15    5.09719E+01    86.85
   15.00   125.00      -0.04   -2.83    1.80    0.00000   -35.94  LINEAR    6.98810E+01   -93.14    5.06573E+01    86.86
   20.00   125.00      -0.35   -2.90    1.57    0.00000   -36.69  LINEAR    6.74131E+01   -93.13    5.02326E+01    86.87
   25.00   125.00      -0.75   -2.99    1.28    0.00000   -37.69  LINEAR    6.43449E+01   -93.11    4.97125E+01    86.89
   30.00   125.00      -1.25   -3.10    0.93    0.00000   -38.96  LINEAR    6.07458E+01   -93.09    4.91148E+01    86.91
   35.00   125.00      -1.85   -3.22    0.53    0.00000   -40.52  LINEAR    5.66914E+01   -93.07    4.84596E+01    86.93
   40.00   125.00      -2.56   -3.34    0.08    0.00000   -42.43  LINEAR    5.22596E+01   -93.05    4.77682E+01    86.95
   45.00   125.00      -3.38   -3.47   -0.42    0.00000   -44.72  LINEAR    4.75262E+01   -93.02    4.70625E+01    86.98
   50.00   125.00      -4.34   -3.60   -0.94    0.00000   -47.45  LINEAR    4.25622E+01   -92.99    4.63643E+01    87.01
   55.00   125.00      -5.46   -3.73   -1.50    0.00000   -50.68  LINEAR    3.74307E+01   -92.97    4.56944E+01    87.03
   60.00   125.00      -6.77   -3.84   -2.06    0.00000   -54.47  LINEAR    3.21848E+01   -92.95    4.50721E+01    87.05
   65.00   125.00      -8.34   -3.95   -2.60    0.00000   -58.89  LINEAR    2.68674E+01   -92.92    4.45148E+01    87.08
   70.00   125.00     -10.27   -4.05   -3.12    0.00000   -63.97  LINEAR    2.15105E+01   -92.90    4.40378E+01    87.10
   75.00   125.00     -12.77   -4.12   -3.57    0.00000   -69.71  LINEAR    1.61357E+01   -92.89    4.36534E+01    87.11
   80.00   125.00     -16.29   -4.18   -3.92    0.00000   -76.07  LINEAR    1.07560E+01   -92.88    4.33718E+01    87.12
   85.00   125.00     -22.31   -4.21   -4.15    0.00000   -82.90  LINEAR    5.37715E+00   -92.87    4.31999E+01    87.13
   90.00   125.00    -999.99   -4.22   -4.22    0.00000    90.00  LINEAR    0.00000E+00     0.00    4.31421E+01    87.13
   95.00   125.00     -22.31   -4.21   -4.15    0.00000    82.90  LINEAR    5.37715E+00    87.13    4.31999E+01    87.13
  100.00   125.00     -16.29   -4.18   -3.92    0.00000    76.07  LINEAR    1.07560E+01    87.12    4.33718E+01    87.12
  105.00   125.00     -12.77   -4.12   -3.57    0.00000    69.71  LINEAR    1.61357E+01    87.11    4.36534E+01    87.11
  110.00   125.00     -10.27   -4.05   -3.12    0.00000    63.97  LINEAR    2.15105E+01    87.10    4.40378E+01    87.10
  115.00   125.00      -8.34   -3.95   -2.60    0.00000    58.89  LINEAR    2.68674E+01    87.08    4.45148E+01    87.08
  120.00   125.00      -6.77   -3.84   -2.06    0.00000    54.47  LINEAR    3.21848E+01    87.05    4.50721E+01    87.05
  125.00   125.00      -5.46   -3.73   -1.50    0.00000    50.68  LINEAR    3.74307E+01    87.03    4.56944E+01    87.03
  130.00   125.00      -4.34   -3.60   -0.94    0.00000    47.45  LINEAR    4.25622E+01    87.01    4.63643E+01    87.01
  135.00   125.00      -3.38   -3.47   -0.42    0.00000    44.72  LINEAR    4.75262E+01    86.98    4.70625E+01    86.98
  140.00   125.00      -2.56   -3.34    0.08    0.00000    42.43  LINEAR    5.22596E+01    86.95    4.77682E+01    86.95
  145.00   125.00      -1.85   -3.22    0.53    0.00000    40.52  LINEAR    5.66914E+01    86.93    4.84596E+01    86.93
  150.00   125.00      -1.25   -3.10    0.93    0.00000    38.96  LINEAR    6.07458E+01    86.91    4.91148E+01    86.91
  155.00   125.00      -0.75   -2.99    1.28    0.00000    37.69  LINEAR    6.43449E+01    86.89    4.97125E+01    86.89
  160.00   125.00      -0.35   -2.90    1.57    0.00000    36.69  LINEAR    6.74131E+01    86.87    5.02326E+01    86.87
  165.00   125.00      -0.04   -2.83    1.80    0.00000    35.94  LINEAR    6.98810E+01    86.86    5.06573E+01    86.86
  170.00   125.00       0.19   -2.78    1.96    0.00000    35.41  LINEAR    7.16896E+01    86.85    5.09719E+01    86.85
  175.00   125.00       0.32   -2.74    2.06    0.00000    35.10  LINEAR    7.27936E+01    86.84    5.11653E+01    86.84
  180.00   125.00       0.36   -2.73    2.10    0.00000    35.00  LINEAR    7.31648E+01    86.84    5.12305E+01    86.84
    0.00   130.00      -0.22   -1.74    2.10    0.00000   -40.00  LINEAR    6.84214E+01   -93.16    5.74123E+01    86.84
    5.00   130.00      -0.26   -1.75    2.07    0.00000   -40.11  LINEAR    6.80851E+01   -93.16    5.73484E+01    86.84
   10.00   130.00      -0.39   -1.78    1.98    0.00000   -40.43  LINEAR    6.70844E+01   -93.15    5.71588E+01    86.85
   15.00   130.00      -0.61   -1.83    1.84    0.00000   -40.98  LINEAR    6.54429E+01   -93.14    5.68503E+01    86.86
   20.00   130.00      -0.91   -1.89    1.64    0.00000   -41.76  LINEAR    6.31988E+01   -93.13    5.64334E+01    86.87
   25.00   130.00      -1.30   -1.97    1.39    0.00000   -42.79  LINEAR    6.04017E+01   -93.12    5.59225E+01    86.88
   30.00   130.00      -1.79   -2.06    1.09    0.00000   -44.10  LINEAR    5.71105E+01   -93.10    5.53349E+01    86.90
   35.00   130.00      -2.37   -2.16    0.74    0.00000   -45.69  LINEAR    5.33897E+01   -93.08    5.46898E+01    86.92
   40.00   130.00      -3.06   -2.27    0.36    0.00000   -47.61  LINEAR    4.93062E+01   -93.06    5.40083E+01    86.94
   45.00   130.00      -3.87   -2.39   -0.06    0.00000   -49.88  LINEAR    4.49258E+01   -93.04    5.33119E+01    86.96
   50.00   130.00      -4.81   -2.50   -0.49    0.00000   -52.55  LINEAR    4.03107E+01   -93.02    5.26219E+01    86.98
   55.00   130.00      -5.91   -2.61   -0.94    0.00000   -55.64  LINEAR    3.55171E+01   -92.99    5.19589E+01    87.01
   60.00   130.00      -7.21   -2.71   -1.39    0.00000   -59.21  LINEAR    3.05937E+01   -92.97    5.13423E+01    87.03
   65.00   130.00      -8.76   -2.81   -1.83    0.00000   -63.27  LINEAR    2.55805E+01   -92.96    5.07895E+01    87.04
   70.00   130.00     -10.68   -2.89   -2.22    0.00000   -67.82  LINEAR    2.05089E+01   -92.94    5.03157E+01    87.06
   75.00   130.00     -13.17   -2.96   -2.56    0.00000   -72.86  LINEAR    1.54020E+01   -92.93    4.99337E+01    87.07
   80.00   130.00     -16.69   -3.00   -2.82    0.00000   -78.31  LINEAR    1.02756E+01   -92.92    4.96535E+01    87.08
   85.00   130.00     -22.70   -3.03   -2.99    0.00000   -84.07  LINEAR    5.13965E+00   -92.91    4.94825E+01    87.09
   90.00   130.00    -999.99   -3.04   -3.04    0.00000    90.00  LINEAR    0.00000E+00     0.00    4.94250E+01    87.09
   95.00   130.00     -22.70   -3.03   -2.99    0.00000    84.07  LINEAR    5.13965E+00    87.09    4.94825E+01    87.09
  100.00   130.00     -16.69   -3.00   -2.82    0.00000    78.31  LINEAR    1.02756E+01    87.08    4.96535E+01    87.08
  105.00   130.00     -13.17   -2.96   -2.56    0.00000    72.86  LINEAR    1.54020E+01    87.07    4.99337E+01    87.07
  110.00   130.00     -10.68   -2.89   -2.22    0.00000    67.82  LINEAR    2.05089E+01    87.06    5.03157E+01    87.06
  115.00   130.00      -8.76   -2.81   -1.83    0.00000    63.27  LINEAR    2.55805E+01    87.04    5.07895E+01    87.04
  120.00   130.00      -7.21   -2.71   -1.39    0.00000    59.21  LINEAR    3.05937E+01    87.03    5.13423E+01    87.03
  125.00   130.00      -5.91   -2.61   -0.94    0.00000    55.64  LINEAR    3.55171E+01    87.01    5.19589E+01    87.01
  130.00   130.00      -4.81   -2.50   -0.49    0.00000    52.55  LINEAR    4.03107E+01    86.98    5.26219E+01    86.98
  135.00   130.00      -3.87   -2.39   -0.06    0.00000    49.88  LINEAR    4.49258E+01    86.96    5.33119E+01    86.96
  140.00   130.00      -3.06   -2.27    0.36    0.00000    47.61  LINEAR    4.93062E+01    86.94    5.40083E+01    86.94
  145.00   130.00      -2.37   -2.16    0.74    0.00000    45.69  LINEAR    5.33897E+01    86.92    5.46898E+01    86.92
  150.00   130.00      -1.79   -2.06    1.09    0.00000    44.10  LINEAR    5.71105E+01    86.90    5.53349E+01    86.90
  155.00   130.00      -1.30   -1.97    1.39    0.00000    42.79  LINEAR    6.04017E+01    86.88    5.59225E+01    86.88
  160.00   130.00      -0.91   -1.89    1.64    0.00000    41.76  LINEAR    6.31988E+01    86.87    5.64334E+01    86.87
  165.00   130.00      -0.61   -1.83    1.84    0.00000    40.98  LINEAR    6.54429E+01    86.86    5.68503E+01    86.86
  170.00   130.00      -0.39   -1.78    1.98    0.00000    40.43  LINEAR    6.70844E+01    86.85    5.71588E+01    86.85
  175.00   130.00      -0.26   -1.75    2.07    0.00000    40.11  LINEAR    6.80851E+01    86.84    5.73484E+01    86.84
  180.00   130.00      -0.22   -1.74    2.10    0.00000    40.00  LINEAR    6.84214E+01    86.84    5.74123E+01    86.84
    0.00   135.00      -0.91   -0.91    2.10    0.00000   -45.00  LINEAR    6.31572E+01   -93.16    6.31572E+01    86.84
    5.00   135.00      -0.96   -0.92    2.07    0.00000   -45.11  LINEAR    6.28571E+01   -93.16    6.30972E+01    86.84
   10.00   135.00      -1.08   -0.95    2.00    0.00000   -45.44  LINEAR    6.19636E+01   -93.15    6.29195E+01    86.85
   15.00   135.00      -1.29   -0.99    1.87    0.00000   -45.99  LINEAR    6.04960E+01   -93.15    6.26301E+01    86.85
   20.00   135.00      -1.58   -1.04    1.71    0.00000   -46.78  LINEAR    5.84853E+01   -93.14    6.22388E+01    86.86
   25.00   135.00      -1.96   -1.11    1.50    0.00000   -47.81  LINEAR    5.59725E+01   -93.12    6.17588E+01    86.88
   30.00   135.00      -2.44   -1.19    1.24    0.00000   -49.11  LINEAR    5.30061E+01   -93.11    6.12061E+01    86.89
   35.00   135.00      -3.01   -1.27    0.96    0.00000   -50.68  LINEAR    4.96396E+01   -93.09    6.05988E+01    86.91
   40.00   135.00      -3.68   -1.37    0.64    0.00000   -52.55  LINEAR    4.59292E+01   -93.08    5.99563E+01    86.92
   45.00   135.00      -4.47   -1.46    0.30    0.00000   -54.74  LINEAR    4.19306E+01   -93.06    5.92988E+01    86.94
   50.00   135.00      -5.40   -1.56   -0.06    0.00000   -57.27  LINEAR    3.76972E+01   -93.04    5.86464E+01    86.96
   55.00   135.00      -6.48   -1.65   -0.42    0.00000   -60.16  LINEAR    3.32782E+01   -93.02    5.80188E+01    86.98
   60.00   135.00      -7.76   -1.74   -0.77    0.00000   -63.43  LINEAR    2.87171E+01   -93.00    5.74343E+01    87.00
   65.00   135.00      -9.30   -1.82   -1.11    0.00000   -67.09  LINEAR    2.40510E+01   -92.99    5.69096E+01    87.01
   70.00   135.00     -11.21   -1.89   -1.41    0.00000   -71.12  LINEAR    1.93103E+01   -92.97    5.64595E+01    87.03
   75.00   135.00     -13.68   -1.94   -1.66    0.00000   -75.49  LINEAR    1.45188E+01   -92.96    5.60962E+01    87.04
   80.00   135.00     -17.19   -1.99   -1.86    0.00000   -80.15  LINEAR    9.69470E+00   -92.95    5.58295E+01    87.05
   85.00   135.00     -23.21   -2.01   -1.98    0.00000   -85.02  LINEAR    4.85167E+00   -92.95    5.56667E+01    87.05
   90.00   135.00    -999.99   -2.02   -2.02    0.00000    90.00  LINEAR    0.00000E+00     0.00    5.56120E+01    87.05
   95.00   135.00     -23.21   -2.01   -1.98    0.00000    85.02  LINEAR    4.85167E+00    87.05    5.56667E+01    87.05
  100.00   135.00     -17.19   -1.99   -1.86    0.00000    80.15  LINEAR    9.69470E+00    87.05    5.58295E+01    87.05
  105.00   135.00     -13.68   -1.94   -1.66    0.00000    75.49  LINEAR    1.45188E+01    87.04    5.60962E+01    87.04
  110.00   135.00     -11.21   -1.89   -1.41    0.00000    71.12  LINEAR    1.93103E+01    87.03    5.64595E+01    87.03
  115.00   135.00      -9.30   -1.82   -1.11    0.00000    67.09  LINEAR    2.40510E+01    87.01    5.69096E+01    87.01
  120.00   135.00      -7.76   -1.74   -0.77    0.00000    63.43  LINEAR    2.87171E+01    87.00    5.74343E+01    87.00
  125.00   135.00      -6.48   -1.65   -0.42    0.00000    60.16  LINEAR    3.32782E+01    86.98    5.80188E+01    86.98
  130.00   135.00      -5.40   -1.56   -0.06    0.00000    57.27  LINEAR    3.76972E+01    86.96    5.86464E+01    86.96
  135.00   135.00      -4.47   -1.46    0.30    0.00000    54.74  LINEAR    4.19306E+01    86.94    5.92988E+01    86.94
  140.00   135.00      -3.68   -1.37    0.64    0.00000    52.55  LINEAR    4.59292E+01    86.92    5.99563E+01    86.92
  145.00   135.00      -3.01   -1.27    0.96    0.00000    50.68  LINEAR    4.96396E+01    86.91    6.05988E+01    86.91
  150.00   135.00      -2.44   -1.19    1.24    0.00000    49.11  LINEAR    5.30061E+01    86.89    6.12061E+01    86.89
  155.00   135.00      -1.96   -1.11    1.50    0.00000    47.81  LINEAR    5.59725E+01    86.88    6.17588E+01    86.88
  160.00   135.00      -1.58   -1.04    1.71    0.00000    46.78  LINEAR    5.84853E+01    86.86    6.22388E+01    86.86
  165.00   135.00      -1.29   -0.99    1.87    0.00000    45.99  LINEAR    6.04960E+01    86.85    6.26301E+01    86.85
  170.00   135.00      -1.08   -0.95    2.00    0.00000    45.44  LINEAR    6.19636E+01    86.85    6.29195E+01    86.85
  175.00   135.00      -0.96   -0.92    2.07    0.00000    45.11  LINEAR    6.28571E+01    86.84    6.30972E+01    86.84
  180.00   135.00      -0.91   -0.91    2.10    0.00000    45.00  LINEAR    6.31572E+01    86.84    6.31572E+01    86.84
    0.00   140.00      -1.74   -0.22    2.10    0.00000   -50.00  LINEAR    5.74123E+01   -93.16    6.84214E+01    86.84
    5.00   140.00      -1.78   -0.23    2.08    0.00000   -50.11  LINEAR    5.71490E+01   -93.16    6.83677E+01    86.84
   10.00   140.00      -1.90   -0.25    2.01    0.00000   -50.43  LINEAR    5.63643E+01   -93.16    6.82085E+01    86.84
   15.00   140.00      -2.10   -0.28    1.91    0.00000   -50.97  LINEAR    5.50734E+01   -93.15    6.79492E+01    86.85
   20.00   140.00      -2.39   -0.32    1.78    0.00000   -51.74  LINEAR    5.33011E+01   -93.14    6.75984E+01    86.86
   25.00   140.00      -2.76   -0.38    1.60    0.00000   -52.75  LINEAR    5.10799E+01   -93.13    6.71678E+01    86.87
   30.00   140.00      -3.22   -0.44    1.40    0.00000   -53.99  LINEAR    4.84488E+01   -93.12    6.66713E+01    86.88
   35.00   140.00      -3.77   -0.52    1.16    0.00000   -55.50  LINEAR    4.54511E+01   -93.10    6.61251E+01    86.90
   40.00   140.00      -4.43   -0.59    0.91    0.00000   -57.27  LINEAR    4.21325E+01   -93.09    6.55466E+01    86.91
   45.00   140.00      -5.20   -0.67    0.64    0.00000   -59.32  LINEAR    3.85392E+01   -93.08    6.49537E+01    86.92
   50.00   140.00      -6.11   -0.75    0.36    0.00000   -61.66  LINEAR    3.47159E+01   -93.06    6.43646E+01    86.94
   55.00   140.00      -7.18   -0.83    0.08    0.00000   -64.30  LINEAR    3.07048E+01   -93.05    6.37972E+01    86.95
   60.00   140.00      -8.44   -0.90   -0.20    0.00000   -67.24  LINEAR    2.65441E+01   -93.03    6.32680E+01    86.97
   65.00   140.00      -9.97   -0.96   -0.45    0.00000   -70.47  LINEAR    2.22674E+01   -93.02    6.27924E+01    86.98
   70.00   140.00     -11.86   -1.02   -0.68    0.00000   -73.99  LINEAR    1.79035E+01   -93.01    6.23839E+01    86.99
   75.00   140.00     -14.33   -1.07   -0.87    0.00000   -77.75  LINEAR    1.34766E+01   -93.00    6.20539E+01    87.00
   80.00   140.00     -17.83   -1.10   -1.01    0.00000   -81.71  LINEAR    9.00645E+00   -92.99    6.18116E+01    87.01
   85.00   140.00     -23.84   -1.12   -1.10    0.00000   -85.82  LINEAR    4.50960E+00   -92.99    6.16635E+01    87.01
   90.00   140.00    -999.99   -1.13   -1.13    0.00000    90.00  LINEAR    0.00000E+00     0.00    6.16137E+01    87.01
   95.00   140.00     -23.84   -1.12   -1.10    0.00000    85.82  LINEAR    4.50960E+00    87.01    6.16635E+01    87.01
  100.00   140.00     -17.83   -1.10   -1.01    0.00000    81.71  LINEAR    9.00645E+00    87.01    6.18116E+01    87.01
  105.00   140.00     -14.33   -1.07   -0.87    0.00000    77.75  LINEAR    1.34766E+01    87.00    6.20539E+01    87.00
  110.00   140.00     -11.86   -1.02   -0.68    0.00000    73.99  LINEAR    1.79035E+01    86.99    6.23839E+01    86.99
  115.00   140.00      -9.97   -0.96   -0.45    0.00000    70.47  LINEAR    2.22674E+01    86.98    6.27924E+01    86.98
  120.00   140.00      -8.44   -0.90   -0.20    0.00000    67.24  LINEAR    2.65441E+01    86.97    6.32680E+01    86.97
  125.00   140.00      -7.18   -0.83    0.08    0.00000    64.30  LINEAR    3.07048E+01    86.95    6.37972E+01    86.95
  130.00   140.00      -6.11   -0.75    0.36    0.00000    61.66  LINEAR    3.47159E+01    86.94    6.43646E+01    86.94
  135.00   140.00      -5.20   -0.67    0.64    0.00000    59.32  LINEAR    3.85392E+01    86.92    6.49537E+01    86.92
  140.00   140.00      -4.43   -0.59    0.91    0.00000    57.27  LINEAR    4.21325E+01    86.91    6.55466E+01    86.91
  145.00   140.00      -3.77   -0.52    1.16    0.00000    55.50  LINEAR    4.54511E+01    86.90    6.61251E+01    86.90
  150.00   140.00      -3.22   -0.44    1.40    0.00000    53.99  LINEAR    4.84488E+01    86.88    6.66713E+01    86.88
  155.00   140.00      -2.76   -0.38    1.60    0.00000    52.75  LINEAR    5.10799E+01    86.87    6.71678E+01    86.87
  160.00   140.00      -2.39   -0.32    1.78    0.00000    51.74  LINEAR    5.33011E+01    86.86    6.75984E+01    86.86
  165.00   140.00      -2.10   -0.28    1.91    0.00000    50.97  LINEAR    5.50734E+01    86.85    6.79492E+01    86.85
  170.00   140.00      -1.90   -0.25    2.01    0.00000    50.43  LINEAR    5.63643E+01    86.84    6.82085E+01    86.84
  175.00   140.00      -1.78   -0.23    2.08    0.00000    50.11  LINEAR    5.71490E+01    86.84    6.83677E+01    86.84
  180.00   140.00      -1.74   -0.22    2.10    0.00000    50.00  LINEAR    5.74123E+01    86.84    6.84214E+01    86.84
    0.00   145.00      -2.73    0.36    2.10    0.00000   -55.00  LINEAR    5.12305E+01   -93.16    7.31648E+01    86.84
    5.00   145.00      -2.77    0.36    2.08    0.00000   -55.10  LINEAR    5.10037E+01   -93.16    7.31191E+01    86.84
   10.00   145.00      -2.89    0.34    2.03    0.00000   -55.41  LINEAR    5.03273E+01   -93.16    7.29836E+01    86.84
   15.00   145.00      -3.08    0.32    1.95    0.00000   -55.93  LINEAR    4.92129E+01   -93.15    7.27626E+01    86.85
   20.00   145.00      -3.36    0.28    1.84    0.00000   -56.66  LINEAR    4.76795E+01   -93.14    7.24635E+01    86.86
   25.00   145.00      -3.71    0.24    1.70    0.00000   -57.60  LINEAR    4.57524E+01   -93.14    7.20960E+01    86.86
   30.00   145.00      -4.16    0.18    1.54    0.00000   -58.77  LINEAR    4.34617E+01   -93.13    7.16719E+01    86.87
   35.00   145.00      -4.70    0.13    1.36    0.00000   -60.16  LINEAR    4.08414E+01   -93.12    7.12048E+01    86.88
   40.00   145.00      -5.34    0.07    1.16    0.00000   -61.79  LINEAR    3.79278E+01   -93.10    7.07094E+01    86.90
   45.00   145.00      -6.10    0.00    0.96    0.00000   -63.66  LINEAR    3.47580E+01   -93.09    7.02011E+01    86.91
   50.00   145.00      -6.99   -0.06    0.74    0.00000   -65.77  LINEAR    3.13688E+01   -93.08    6.96953E+01    86.92
   55.00   145.00      -8.04   -0.12    0.53    0.00000   -68.12  LINEAR    2.77953E+01   -93.07    6.92075E+01    86.93
   60.00   145.00      -9.29   -0.18    0.32    0.00000   -70.70  LINEAR    2.40703E+01   -93.06    6.87520E+01    86.94
   65.00   145.00     -10.81   -0.23    0.14    0.00000   -73.52  LINEAR    2.02238E+01   -93.05    6.83421E+01    86.95
   70.00   145.00     -12.69   -0.27   -0.03    0.00000   -76.53  LINEAR    1.62825E+01   -93.04    6.79897E+01    86.96
   75.00   145.00     -15.15   -0.31   -0.17    0.00000   -79.73  LINEAR    1.22699E+01   -93.03    6.77048E+01    86.97
   80.00   145.00     -18.64   -0.34   -0.27    0.00000   -83.07  LINEAR    8.20676E+00   -93.03    6.74954E+01    86.97
   85.00   145.00     -24.64   -0.35   -0.34    0.00000   -86.51  LINEAR    4.11124E+00   -93.02    6.73675E+01    86.98
   90.00   145.00    -999.99   -0.36   -0.36    0.00000    90.00  LINEAR    0.00000E+00     0.00    6.73244E+01    86.98
   95.00   145.00     -24.64   -0.35   -0.34    0.00000    86.51  LINEAR    4.11124E+00    86.98    6.73675E+01    86.98
  100.00   145.00     -18.64   -0.34   -0.27    0.00000    83.07  LINEAR    8.20676E+00    86.97    6.74954E+01    86.97
  105.00   145.00     -15.15   -0.31   -0.17    0.00000    79.73  LINEAR    1.22699E+01    86.97    6.77048E+01    86.97
  110.00   145.00     -12.69   -0.27   -0.03    0.00000    76.53  LINEAR    1.62825E+01    86.96    6.79897E+01    86.96
  115.00   145.00     -10.81   -0.23    0.14    0.00000    73.52  LINEAR    2.02238E+01    86.95    6.83421E+01    86.95
  120.00   145.00      -9.29   -0.18    0.32    0.00000    70.70  LINEAR    2.40703E+01    86.94    6.87520E+01    86.94
  125.00   145.00      -8.04   -0.12    0.53    0.00000    68.12  LINEAR    2.77953E+01    86.93    6.92075E+01    86.93
  130.00   145.00      -6.99   -0.06    0.74    0.00000    65.77  LINEAR    3.13688E+01    86.92    6.96953E+01    86.92
  135.00   145.00      -6.10    0.00    0.96    0.00000    63.66  LINEAR    3.47580E+01    86.91    7.02011E+01    86.91
  140.00   145.00      -5.34    0.07    1.16    0.00000    61.79  LINEAR    3.79278E+01    86.90    7.07094E+01    86.90
  145.00   145.00      -4.70    0.13    1.36    0.00000    60.16  LINEAR    4.08414E+01    86.88    7.12048E+01    86.88
  150.00   145.00      -4.16    0.18    1.54    0.00000    58.77  LINEAR    4.34617E+01    86.87    7.16719E+01    86.87
  155.00   145.00      -3.71    0.24    1.70    0.00000    57.60  LINEAR    4.57524E+01    86.86    7.20960E+01    86.86
  160.00   145.00      -3.36    0.28    1.84    0.00000    56.66  LINEAR    4.76795E+01    86.86    7.24635E+01    86.86
  165.00   145.00      -3.08    0.32    1.95    0.00000    55.93  LINEAR    4.92129E+01    86.85    7.27626E+01    86.85
  170.00   145.00      -2.89    0.34    2.03    0.00000    55.41  LINEAR    5.03273E+01    86.84    7.29836E+01    86.84
  175.00   145.00      -2.77    0.36    2.08    0.00000    55.10  LINEAR    5.10037E+01    86.84    7.31191E+01    86.84
  180.00   145.00      -2.73    0.36    2.10    0.00000    55.00  LINEAR    5.12305E+01    86.84    7.31648E+01    86.84
    0.00   150.00      -3.92    0.85    2.10    0.00000   -60.00  LINEAR    4.46589E+01   -93.16    7.73514E+01    86.84
    5.00   150.00      -3.96    0.84    2.08    0.00000   -60.09  LINEAR    4.44678E+01   -93.16    7.73147E+01    86.84
   10.00   150.00      -4.07    0.83    2.05    0.00000   -60.38  LINEAR    4.38976E+01   -93.16    7.72058E+01    86.84
   15.00   150.00      -4.26    0.81    1.99    0.00000   -60.85  LINEAR    4.29569E+01   -93.15    7.70282E+01    86.85
   20.00   150.00      -4.53    0.78    1.90    0.00000   -61.52  LINEAR    4.16597E+01   -93.15    7.67875E+01    86.85
   25.00   150.00      -4.88    0.75    1.80    0.00000   -62.38  LINEAR    4.00248E+01   -93.14    7.64917E+01    86.86
   30.00   150.00      -5.31    0.71    1.68    0.00000   -63.43  LINEAR    3.80750E+01   -93.14    7.61499E+01    86.86
   35.00   150.00      -5.84    0.67    1.54    0.00000   -64.69  LINEAR    3.58360E+01   -93.13    7.57731E+01    86.87
   40.00   150.00      -6.46    0.62    1.40    0.00000   -66.14  LINEAR    3.33357E+01   -93.12    7.53730E+01    86.88
   45.00   150.00      -7.21    0.57    1.24    0.00000   -67.79  LINEAR    3.06031E+01   -93.11    7.49619E+01    86.89
   50.00   150.00      -8.08    0.53    1.09    0.00000   -69.64  LINEAR    2.76674E+01   -93.10    7.45525E+01    86.90
   55.00   150.00      -9.12    0.48    0.93    0.00000   -71.68  LINEAR    2.45574E+01   -93.09    7.41570E+01    86.91
   60.00   150.00     -10.36    0.44    0.78    0.00000   -73.90  LINEAR    2.13005E+01   -93.08    7.37873E+01    86.92
   65.00   150.00     -11.85    0.40    0.65    0.00000   -76.29  LINEAR    1.79227E+01   -93.08    7.34543E+01    86.92
   70.00   150.00     -13.73    0.36    0.53    0.00000   -78.83  LINEAR    1.44481E+01   -93.07    7.31677E+01    86.93
   75.00   150.00     -16.18    0.34    0.43    0.00000   -81.50  LINEAR    1.08987E+01   -93.06    7.29358E+01    86.94
   80.00   150.00     -19.66    0.32    0.36    0.00000   -84.27  LINEAR    7.29514E+00   -93.06    7.27652E+01    86.94
   85.00   150.00     -25.66    0.30    0.31    0.00000   -87.12  LINEAR    3.65626E+00   -93.06    7.26610E+01    86.94
   90.00   150.00    -999.99    0.30    0.30    0.00000    90.00  LINEAR    0.00000E+00     0.00    7.26259E+01    86.94
   95.00   150.00     -25.66    0.30    0.31    0.00000    87.12  LINEAR    3.65626E+00    86.94    7.26610E+01    86.94
  100.00   150.00     -19.66    0.32    0.36    0.00000    84.27  LINEAR    7.29514E+00    86.94    7.27652E+01    86.94
  105.00   150.00     -16.18    0.34    0.43    0.00000    81.50  LINEAR    1.08987E+01    86.94    7.29358E+01    86.94
  110.00   150.00     -13.73    0.36    0.53    0.00000    78.83  LINEAR    1.44481E+01    86.93    7.31677E+01    86.93
  115.00   150.00     -11.85    0.40    0.65    0.00000    76.29  LINEAR    1.79227E+01    86.92    7.34543E+01    86.92
  120.00   150.00     -10.36    0.44    0.78    0.00000    73.90  LINEAR    2.13005E+01    86.92    7.37873E+01    86.92
  125.00   150.00      -9.12    0.48    0.93    0.00000    71.68  LINEAR    2.45574E+01    86.91    7.41570E+01    86.91
  130.00   150.00      -8.08    0.53    1.09    0.00000    69.64  LINEAR    2.76674E+01    86.90    7.45525E+01    86.90
  135.00   150.00      -7.21    0.57    1.24    0.00000    67.79  LINEAR    3.06031E+01    86.89    7.49619E+01    86.89
  140.00   150.00      -6.46    0.62    1.40    0.00000    66.14  LINEAR    3.33357E+01    86.88    7.53730E+01    86.88
  145.00   150.00      -5.84    0.67    1.54    0.00000    64.69  LINEAR    3.58360E+01    86.87    7.57731E+01    86.87
  150.00   150.00      -5.31    0.71    1.68    0.00000    63.43  LINEAR    3.80750E+01    86.86    7.61499E+01    86.86
  155.00   150.00      -4.88    0.75    1.80    0.00000    62.38  LINEAR    4.00248E+01    86.86    7.64917E+01    86.86
  160.00   150.00      -4.53    0.78    1.90    0.00000    61.52  LINEAR    4.16597E+01    86.85    7.67875E+01    86.85
  165.00   150.00      -4.26    0.81    1.99    0.00000    60.85  LINEAR    4.29569E+01    86.85    7.70282E+01    86.85
  170.00   150.00      -4.07    0.83    2.05    0.00000    60.38  LINEAR    4.38976E+01    86.84    7.72058E+01    86.84
  175.00   150.00      -3.96    0.84    2.08    0.00000    60.09  LINEAR    4.44678E+01    86.84    7.73147E+01    86.84
  180.00   150.00      -3.92    0.85    2.10    0.00000    60.00  LINEAR    4.46589E+01    86.84    7.73514E+01    86.84
    0.00   155.00      -5.39    1.24    2.10    0.00000   -65.00  LINEAR    3.77473E+01   -93.16    8.09494E+01    86.84
    5.00   155.00      -5.42    1.24    2.09    0.00000   -65.08  LINEAR    3.75909E+01   -93.16    8.09219E+01    86.84
   10.00   155.00      -5.53    1.23    2.06    0.00000   -65.33  LINEAR    3.71238E+01   -93.16    8.08404E+01    86.84
   15.00   155.00      -5.71    1.22    2.02    0.00000   -65.75  LINEAR    3.63522E+01   -93.16    8.07076E+01    86.84
   20.00   155.00      -5.97    1.20    1.96    0.00000   -66.34  LINEAR    3.52860E+01   -93.15    8.05275E+01    86.85
   25.00   155.00      -6.31    1.17    1.89    0.00000   -67.09  LINEAR    3.39387E+01   -93.15    8.03058E+01    86.85
   30.00   155.00      -6.73    1.14    1.80    0.00000   -68.01  LINEAR    3.23268E+01   -93.14    8.00496E+01    86.86
   35.00   155.00      -7.25    1.11    1.70    0.00000   -69.09  LINEAR    3.04691E+01   -93.14    7.97668E+01    86.86
   40.00   155.00      -7.86    1.08    1.60    0.00000   -70.34  LINEAR    2.83863E+01   -93.13    7.94662E+01    86.87
   45.00   155.00      -8.59    1.05    1.50    0.00000   -71.75  LINEAR    2.61004E+01   -93.12    7.91571E+01    86.88
   50.00   155.00      -9.45    1.01    1.39    0.00000   -73.31  LINEAR    2.36339E+01   -93.12    7.88488E+01    86.88
   55.00   155.00     -10.47    0.98    1.28    0.00000   -75.03  LINEAR    2.10094E+01   -93.11    7.85507E+01    86.89
   60.00   155.00     -11.70    0.95    1.18    0.00000   -76.88  LINEAR    1.82494E+01   -93.11    7.82717E+01    86.89
   65.00   155.00     -13.19    0.92    1.09    0.00000   -78.85  LINEAR    1.53754E+01   -93.10    7.80202E+01    86.90
   70.00   155.00     -15.05    0.90    1.01    0.00000   -80.94  LINEAR    1.24086E+01   -93.10    7.78035E+01    86.90
   75.00   155.00     -17.49    0.88    0.94    0.00000   -83.12  LINEAR    9.36888E+00   -93.09    7.76281E+01    86.91
   80.00   155.00     -20.97    0.86    0.89    0.00000   -85.37  LINEAR    6.27537E+00   -93.09    7.74990E+01    86.91
   85.00   155.00     -26.97    0.85    0.86    0.00000   -87.67  LINEAR    3.14646E+00   -93.09    7.74201E+01    86.91
   90.00   155.00    -999.99    0.85    0.85    0.00000    90.00  LINEAR    0.00000E+00     0.00    7.73935E+01    86.91
   95.00   155.00     -26.97    0.85    0.86    0.00000    87.67  LINEAR    3.14646E+00    86.91    7.74201E+01    86.91
  100.00   155.00     -20.97    0.86    0.89    0.00000    85.37  LINEAR    6.27537E+00    86.91    7.74990E+01    86.91
  105.00   155.00     -17.49    0.88    0.94    0.00000    83.12  LINEAR    9.36888E+00    86.91    7.76281E+01    86.91
  110.00   155.00     -15.05    0.90    1.01    0.00000    80.94  LINEAR    1.24086E+01    86.90    7.78035E+01    86.90
  115.00   155.00     -13.19    0.92    1.09    0.00000    78.85  LINEAR    1.53754E+01    86.90    7.80202E+01    86.90
  120.00   155.00     -11.70    0.95    1.18    0.00000    76.88  LINEAR    1.82494E+01    86.89    7.82717E+01    86.89
  125.00   155.00     -10.47    0.98    1.28    0.00000    75.03  LINEAR    2.10094E+01    86.89    7.85507E+01    86.89
  130.00   155.00      -9.45    1.01    1.39    0.00000    73.31  LINEAR    2.36339E+01    86.88    7.88488E+01    86.88
  135.00   155.00      -8.59    1.05    1.50    0.00000    71.75  LINEAR    2.61004E+01    86.88    7.91571E+01    86.88
  140.00   155.00      -7.86    1.08    1.60    0.00000    70.34  LINEAR    2.83863E+01    86.87    7.94662E+01    86.87
  145.00   155.00      -7.25    1.11    1.70    0.00000    69.09  LINEAR    3.04691E+01    86.86    7.97668E+01    86.86
  150.00   155.00      -6.73    1.14    1.80    0.00000    68.01  LINEAR    3.23268E+01    86.86    8.00496E+01    86.86
  155.00   155.00      -6.31    1.17    1.89    0.00000    67.09  LINEAR    3.39387E+01    86.85    8.03058E+01    86.85
  160.00   155.00      -5.97    1.20    1.96    0.00000    66.34  LINEAR    3.52860E+01    86.85    8.05275E+01    86.85
  165.00   155.00      -5.71    1.22    2.02    0.00000    65.75  LINEAR    3.63522E+01    86.84    8.07076E+01    86.84
  170.00   155.00      -5.53    1.23    2.06    0.00000    65.33  LINEAR    3.71238E+01    86.84    8.08404E+01    86.84
  175.00   155.00      -5.42    1.24    2.09    0.00000    65.08  LINEAR    3.75909E+01    86.84    8.09219E+01    86.84
  180.00   155.00      -5.39    1.24    2.10    0.00000    65.00  LINEAR    3.77473E+01    86.84    8.09494E+01    86.84
    0.00   160.00      -7.22    1.56    2.10    0.00000   -70.00  LINEAR    3.05485E+01   -93.16    8.39312E+01    86.84
    5.00   160.00      -7.26    1.55    2.09    0.00000   -70.07  LINEAR    3.04255E+01   -93.16    8.39126E+01    86.84
   10.00   160.00      -7.36    1.55    2.07    0.00000   -70.28  LINEAR    3.00579E+01   -93.16    8.38572E+01    86.84
   15.00   160.00      -7.54    1.54    2.04    0.00000   -70.63  LINEAR    2.94498E+01   -93.16    8.37670E+01    86.84
   20.00   160.00      -7.79    1.53    2.01    0.00000   -71.12  LINEAR    2.86081E+01   -93.15    8.36445E+01    86.85
   25.00   160.00      -8.12    1.51    1.96    0.00000   -71.74  LINEAR    2.75420E+01   -93.15    8.34938E+01    86.85
   30.00   160.00      -8.54    1.49    1.90    0.00000   -72.50  LINEAR    2.62629E+01   -93.15    8.33194E+01    86.85
   35.00   160.00      -9.04    1.47    1.84    0.00000   -73.40  LINEAR    2.47840E+01   -93.14    8.31267E+01    86.86
   40.00   160.00      -9.64    1.45    1.78    0.00000   -74.42  LINEAR    2.31200E+01   -93.14    8.29217E+01    86.86
   45.00   160.00     -10.36    1.43    1.71    0.00000   -75.57  LINEAR    2.12869E+01   -93.14    8.27107E+01    86.86
   50.00   160.00     -11.21    1.41    1.64    0.00000   -76.83  LINEAR    1.93014E+01   -93.13    8.25001E+01    86.87
   55.00   160.00     -12.22    1.38    1.57    0.00000   -78.21  LINEAR    1.71806E+01   -93.13    8.22963E+01    86.87
   60.00   160.00     -13.43    1.36    1.51    0.00000   -79.69  LINEAR    1.49419E+01   -93.12    8.21053E+01    86.88
   65.00   160.00     -14.91    1.35    1.45    0.00000   -81.26  LINEAR    1.26030E+01   -93.12    8.19330E+01    86.88
   70.00   160.00     -16.77    1.33    1.40    0.00000   -82.90  LINEAR    1.01810E+01   -93.12    8.17845E+01    86.88
   75.00   160.00     -19.20    1.32    1.36    0.00000   -84.62  LINEAR    7.69296E+00   -93.12    8.16641E+01    86.88
   80.00   160.00     -22.68    1.31    1.33    0.00000   -86.38  LINEAR    5.15580E+00   -93.11    8.15756E+01    86.89
   85.00   160.00     -28.67    1.30    1.31    0.00000   -88.18  LINEAR    2.58603E+00   -93.11    8.15213E+01    86.89
   90.00   160.00    -999.99    1.30    1.30    0.00000    90.00  LINEAR    0.00000E+00     0.00    8.15031E+01    86.89
   95.00   160.00     -28.67    1.30    1.31    0.00000    88.18  LINEAR    2.58603E+00    86.89    8.15213E+01    86.89
  100.00   160.00     -22.68    1.31    1.33    0.00000    86.38  LINEAR    5.15580E+00    86.89    8.15756E+01    86.89
  105.00   160.00     -19.20    1.32    1.36    0.00000    84.62  LINEAR    7.69296E+00    86.88    8.16641E+01    86.88
  110.00   160.00     -16.77    1.33    1.40    0.00000    82.90  LINEAR    1.01810E+01    86.88    8.17845E+01    86.88
  115.00   160.00     -14.91    1.35    1.45    0.00000    81.26  LINEAR    1.26030E+01    86.88    8.19330E+01    86.88
  120.00   160.00     -13.43    1.36    1.51    0.00000    79.69  LINEAR    1.49419E+01    86.88    8.21053E+01    86.88
  125.00   160.00     -12.22    1.38    1.57    0.00000    78.21  LINEAR    1.71806E+01    86.87    8.22963E+01    86.87
  130.00   160.00     -11.21    1.41    1.64    0.00000    76.83  LINEAR    1.93014E+01    86.87    8.25001E+01    86.87
  135.00   160.00     -10.36    1.43    1.71    0.00000    75.57  LINEAR    2.12869E+01    86.86    8.27107E+01    86.86
  140.00   160.00      -9.64    1.45    1.78    0.00000    74.42  LINEAR    2.31200E+01    86.86    8.29217E+01    86.86
  145.00   160.00      -9.04    1.47    1.84    0.00000    73.40  LINEAR    2.47840E+01    86.86    8.31267E+01    86.86
  150.00   160.00      -8.54    1.49    1.90    0.00000    72.50  LINEAR    2.62629E+01    86.85    8.33194E+01    86.85
  155.00   160.00      -8.12    1.51    1.96    0.00000    71.74  LINEAR    2.75420E+01    86.85    8.34938E+01    86.85
  160.00   160.00      -7.79    1.53    2.01    0.00000    71.12  LINEAR    2.86081E+01    86.85    8.36445E+01    86.85
  165.00   160.00      -7.54    1.54    2.04    0.00000    70.63  LINEAR    2.94498E+01    86.84    8.37670E+01    86.84
  170.00   160.00      -7.36    1.55    2.07    0.00000    70.28  LINEAR    3.00579E+01    86.84    8.38572E+01    86.84
  175.00   160.00      -7.26    1.55    2.09    0.00000    70.07  LINEAR    3.04255E+01    86.84    8.39126E+01    86.84
  180.00   160.00      -7.22    1.56    2.10    0.00000    70.00  LINEAR    3.05485E+01    86.84    8.39312E+01    86.84
    0.00   165.00      -9.64    1.79    2.10    0.00000   -75.00  LINEAR    2.31171E+01   -93.16    8.62743E+01    86.84
    5.00   165.00      -9.68    1.79    2.09    0.00000   -75.05  LINEAR    2.30262E+01   -93.16    8.62633E+01    86.84
   10.00   165.00      -9.78    1.79    2.08    0.00000   -75.22  LINEAR    2.27544E+01   -93.16    8.62308E+01    86.84
   15.00   165.00      -9.96    1.78    2.07    0.00000   -75.49  LINEAR    2.23044E+01   -93.16    8.61776E+01    86.84
   20.00   165.00     -10.20    1.78    2.04    0.00000   -75.87  LINEAR    2.16805E+01   -93.16    8.61055E+01    86.84
   25.00   165.00     -10.52    1.77    2.02    0.00000   -76.35  LINEAR    2.08887E+01   -93.16    8.60166E+01    86.84
   30.00   165.00     -10.93    1.76    1.99    0.00000   -76.94  LINEAR    1.99364E+01   -93.15    8.59137E+01    86.85
   35.00   165.00     -11.42    1.75    1.95    0.00000   -77.62  LINEAR    1.88323E+01   -93.15    8.58000E+01    86.85
   40.00   165.00     -12.02    1.73    1.91    0.00000   -78.40  LINEAR    1.75866E+01   -93.15    8.56790E+01    86.85
   45.00   165.00     -12.73    1.72    1.87    0.00000   -79.27  LINEAR    1.62099E+01   -93.15    8.55543E+01    86.85
   50.00   165.00     -13.57    1.71    1.84    0.00000   -80.23  LINEAR    1.47139E+01   -93.14    8.54297E+01    86.86
   55.00   165.00     -14.57    1.70    1.80    0.00000   -81.26  LINEAR    1.31111E+01   -93.14    8.53090E+01    86.86
   60.00   165.00     -15.77    1.69    1.76    0.00000   -82.37  LINEAR    1.14141E+01   -93.14    8.51959E+01    86.86
   65.00   165.00     -17.25    1.67    1.73    0.00000   -83.54  LINEAR    9.63603E+00   -93.14    8.50937E+01    86.86
   70.00   165.00     -19.09    1.67    1.70    0.00000   -84.76  LINEAR    7.79026E+00   -93.14    8.50056E+01    86.86
   75.00   165.00     -21.52    1.66    1.68    0.00000   -86.03  LINEAR    5.89022E+00   -93.14    8.49342E+01    86.86
   80.00   165.00     -24.99    1.65    1.66    0.00000   -87.34  LINEAR    3.94945E+00   -93.13    8.48816E+01    86.87
   85.00   165.00     -30.98    1.65    1.65    0.00000   -88.66  LINEAR    1.98151E+00   -93.13    8.48494E+01    86.87
   90.00   165.00    -999.99    1.65    1.65    0.00000    90.00  LINEAR    0.00000E+00     0.00    8.48386E+01    86.87
   95.00   165.00     -30.98    1.65    1.65    0.00000    88.66  LINEAR    1.98151E+00    86.87    8.48494E+01    86.87
  100.00   165.00     -24.99    1.65    1.66    0.00000    87.34  LINEAR    3.94945E+00    86.87    8.48816E+01    86.87
  105.00   165.00     -21.52    1.66    1.68    0.00000    86.03  LINEAR    5.89022E+00    86.86    8.49342E+01    86.86
  110.00   165.00     -19.09    1.67    1.70    0.00000    84.76  LINEAR    7.79026E+00    86.86    8.50056E+01    86.86
  115.00   165.00     -17.25    1.67    1.73    0.00000    83.54  LINEAR    9.63603E+00    86.86    8.50937E+01    86.86
  120.00   165.00     -15.77    1.69    1.76    0.00000    82.37  LINEAR    1.14141E+01    86.86    8.51959E+01    86.86
  125.00   165.00     -14.57    1.70    1.80    0.00000    81.26  LINEAR    1.31111E+01    86.86    8.53090E+01    86.86
  130.00   165.00     -13.57    1.71    1.84    0.00000    80.23  LINEAR    1.47139E+01    86.86    8.54297E+01    86.86
  135.00   165.00     -12.73    1.72    1.87    0.00000    79.27  LINEAR    1.62099E+01    86.85    8.55543E+01    86.85
  140.00   165.00     -12.02    1.73    1.91    0.00000    78.40  LINEAR    1.75866E+01    86.85    8.56790E+01    86.85
  145.00   165.00     -11.42    1.75    1.95    0.00000    77.62  LINEAR    1.88323E+01    86.85    8.58000E+01    86.85
  150.00   165.00     -10.93    1.76    1.99    0.00000    76.94  LINEAR    1.99364E+01    86.85    8.59137E+01    86.85
  155.00   165.00     -10.52    1.77    2.02    0.00000    76.35  LINEAR    2.08887E+01    86.84    8.60166E+01    86.84
  160.00   165.00     -10.20    1.78    2.04    0.00000    75.87  LINEAR    2.16805E+01    86.84    8.61055E+01    86.84
  165.00   165.00      -9.96    1.78    2.07    0.00000    75.49  LINEAR    2.23044E+01    86.84    8.61776E+01    86.84
  170.00   165.00      -9.78    1.79    2.08    0.00000    75.22  LINEAR    2.27544E+01    86.84    8.62308E+01    86.84
  175.00   165.00      -9.68    1.79    2.09    0.00000    75.05  LINEAR    2.30262E+01    86.84    8.62633E+01    86.84
  180.00   165.00      -9.64    1.79    2.10    0.00000    75.00  LINEAR    2.31171E+01    86.84    8.62743E+01    86.84
    0.00   170.00     -13.11    1.96    2.10    0.00000   -80.00  LINEAR    1.55099E+01   -93.16    8.79608E+01    86.84
    5.00   170.00     -13.14    1.96    2.09    0.00000   -80.04  LINEAR    1.54500E+01   -93.16    8.79558E+01    86.84
   10.00   170.00     -13.25    1.96    2.09    0.00000   -80.15  LINEAR    1.52708E+01   -93.16    8.79408E+01    86.84
   15.00   170.00     -13.42    1.96    2.08    0.00000   -80.33  LINEAR    1.49738E+01   -93.16    8.79164E+01    86.84
   20.00   170.00     -13.66    1.96    2.07    0.00000   -80.59  LINEAR    1.45617E+01   -93.16    8.78833E+01    86.84
   25.00   170.00     -13.98    1.95    2.06    0.00000   -80.92  LINEAR    1.40378E+01   -93.16    8.78425E+01    86.84
   30.00   170.00     -14.38    1.95    2.05    0.00000   -81.32  LINEAR    1.34066E+01   -93.16    8.77952E+01    86.84
   35.00   170.00     -14.87    1.94    2.03    0.00000   -81.78  LINEAR    1.26735E+01   -93.16    8.77429E+01    86.84
   40.00   170.00     -15.45    1.94    2.01    0.00000   -82.31  LINEAR    1.18443E+01   -93.16    8.76872E+01    86.84
   45.00   170.00     -16.15    1.93    2.00    0.00000   -82.89  LINEAR    1.09259E+01   -93.15    8.76298E+01    86.85
   50.00   170.00     -16.99    1.92    1.98    0.00000   -83.53  LINEAR    9.92553E+00   -93.15    8.75724E+01    86.85
   55.00   170.00     -17.98    1.92    1.96    0.00000   -84.22  LINEAR    8.85119E+00   -93.15    8.75168E+01    86.85
   60.00   170.00     -19.18    1.91    1.95    0.00000   -84.96  LINEAR    7.71119E+00   -93.15    8.74646E+01    86.85
   65.00   170.00     -20.65    1.91    1.93    0.00000   -85.74  LINEAR    6.51427E+00   -93.15    8.74175E+01    86.85
   70.00   170.00     -22.49    1.90    1.92    0.00000   -86.55  LINEAR    5.26947E+00   -93.15    8.73768E+01    86.85
   75.00   170.00     -24.91    1.90    1.91    0.00000   -87.39  LINEAR    3.98609E+00   -93.15    8.73439E+01    86.85
   80.00   170.00     -28.38    1.90    1.90    0.00000   -88.25  LINEAR    2.67363E+00   -93.15    8.73196E+01    86.85
   85.00   170.00     -34.37    1.90    1.90    0.00000   -89.12  LINEAR    1.34169E+00   -93.15    8.73047E+01    86.85
   90.00   170.00    -999.99    1.90    1.90    0.00000    90.00  LINEAR    0.00000E+00     0.00    8.72997E+01    86.85
   95.00   170.00     -34.37    1.90    1.90    0.00000    89.12  LINEAR    1.34169E+00    86.85    8.73047E+01    86.85
  100.00   170.00     -28.38    1.90    1.90    0.00000    88.25  LINEAR    2.67363E+00    86.85    8.73196E+01    86.85
  105.00   170.00     -24.91    1.90    1.91    0.00000    87.39  LINEAR    3.98609E+00    86.85    8.73439E+01    86.85
  110.00   170.00     -22.49    1.90    1.92    0.00000    86.55  LINEAR    5.26947E+00    86.85    8.73768E+01    86.85
  115.00   170.00     -20.65    1.91    1.93    0.00000    85.74  LINEAR    6.51427E+00    86.85    8.74175E+01    86.85
  120.00   170.00     -19.18    1.91    1.95    0.00000    84.96  LINEAR    7.71119E+00    86.85    8.74646E+01    86.85
  125.00   170.00     -17.98    1.92    1.96    0.00000    84.22  LINEAR    8.85119E+00    86.85    8.75168E+01    86.85
  130.00   170.00     -16.99    1.92    1.98    0.00000    83.53  LINEAR    9.92553E+00    86.85    8.75724E+01    86.85
  135.00   170.00     -16.15    1.93    2.00    0.00000    82.89  LINEAR    1.09259E+01    86.85    8.76298E+01    86.85
  140.00   170.00     -15.45    1.94    2.01    0.00000    82.31  LINEAR    1.18443E+01    86.84    8.76872E+01    86.84
  145.00   170.00     -14.87    1.94    2.03    0.00000    81.78  LINEAR    1.26735E+01    86.84    8.77429E+01    86.84
  150.00   170.00     -14.38    1.95    2.05    0.00000    81.32  LINEAR    1.34066E+01    86.84    8.77952E+01    86.84
  155.00   170.00     -13.98    1.95    2.06    0.00000    80.92  LINEAR    1.40378E+01    86.84    8.78425E+01    86.84
  160.00   170.00     -13.66    1.96    2.07    0.00000    80.59  LINEAR    1.45617E+01    86.84    8.78833E+01    86.84
  165.00   170.00     -13.42    1.96    2.08    0.00000    80.33  LINEAR    1.49738E+01    86.84    8.79164E+01    86.84
  170.00   170.00     -13.25    1.96    2.09    0.00000    80.15  LINEAR    1.52708E+01    86.84    8.79408E+01    86.84
  175.00   170.00     -13.14    1.96    2.09    0.00000    80.04  LINEAR    1.54500E+01    86.84    8.79558E+01    86.84
  180.00   170.00     -13.11    1.96    2.10    0.00000    80.00  LINEAR    1.55099E+01    86.84    8.79608E+01    86.84
    0.00   175.00     -19.10    2.06    2.10    0.00000   -85.00  LINEAR    7.78455E+00   -93.16    8.89779E+01    86.84
    5.00   175.00     -19.13    2.06    2.10    0.00000   -85.02  LINEAR    7.75482E+00   -93.16    8.89766E+01    86.84
   10.00   175.00     -19.23    2.06    2.09    0.00000   -85.08  LINEAR    7.66585E+00   -93.16    8.89728E+01    86.84
   15.00   175.00     -19.40    2.06    2.09    0.00000   -85.17  LINEAR    7.51835E+00   -93.16    8.89665E+01    86.84
   20.00   175.00     -19.64    2.06    2.09    0.00000   -85.30  LINEAR    7.31346E+00   -93.16    8.89581E+01    86.84
   25.00   175.00     -19.96    2.06    2.09    0.00000   -85.47  LINEAR    7.05281E+00   -93.16    8.89477E+01    86.84
   30.00   175.00     -20.35    2.06    2.08    0.00000   -85.67  LINEAR    6.73842E+00   -93.16    8.89356E+01    86.84
   35.00   175.00     -20.84    2.06    2.08    0.00000   -85.90  LINEAR    6.37275E+00   -93.16    8.89223E+01    86.84
   40.00   175.00     -21.42    2.06    2.08    0.00000   -86.17  LINEAR    5.95864E+00   -93.16    8.89081E+01    86.84
   45.00   175.00     -22.12    2.05    2.07    0.00000   -86.46  LINEAR    5.49929E+00   -93.16    8.88934E+01    86.84
   50.00   175.00     -22.95    2.05    2.07    0.00000   -86.78  LINEAR    4.99824E+00   -93.16    8.88788E+01    86.84
   55.00   175.00     -23.94    2.05    2.06    0.00000   -87.13  LINEAR    4.45935E+00   -93.16    8.88646E+01    86.84
   60.00   175.00     -25.13    2.05    2.06    0.00000   -87.50  LINEAR    3.88674E+00   -93.16    8.88512E+01    86.84
   65.00   175.00     -26.59    2.05    2.06    0.00000   -87.88  LINEAR    3.28477E+00   -93.16    8.88392E+01    86.84
   70.00   175.00     -28.43    2.05    2.05    0.00000   -88.29  LINEAR    2.65801E+00   -93.16    8.88288E+01    86.84
   75.00   175.00     -30.85    2.05    2.05    0.00000   -88.70  LINEAR    2.01122E+00   -93.16    8.88203E+01    86.84
   80.00   175.00     -34.32    2.05    2.05    0.00000   -89.13  LINEAR    1.34929E+00   -93.16    8.88141E+01    86.84
   85.00   175.00     -40.31    2.05    2.05    0.00000   -89.56  LINEAR    6.77191E-01   -93.16    8.88103E+01    86.84
   90.00   175.00    -999.99    2.05    2.05    0.00000    90.00  LINEAR    0.00000E+00     0.00    8.88090E+01    86.84
   95.00   175.00     -40.31    2.05    2.05    0.00000    89.56  LINEAR    6.77191E-01    86.84    8.88103E+01    86.84
  100.00   175.00     -34.32    2.05    2.05    0.00000    89.13  LINEAR    1.34929E+00    86.84    8.88141E+01    86.84
  105.00   175.00     -30.85    2.05    2.05    0.00000    88.70  LINEAR    2.01122E+00    86.84    8.88203E+01    86.84
  110.00   175.00     -28.43    2.05    2.05    0.00000    88.29  LINEAR    2.65801E+00    86.84    8.88288E+01    86.84
  115.00   175.00     -26.59    2.05    2.06    0.00000    87.88  LINEAR    3.28477E+00    86.84    8.88392E+01    86.84
  120.00   175.00     -25.13    2.05    2.06    0.00000    87.50  LINEAR    3.88674E+00    86.84    8.88512E+01    86.84
  125.00   175.00     -23.94    2.05    2.06    0.00000    87.13  LINEAR    4.45935E+00    86.84    8.88646E+01    86.84
  130.00   175.00     -22.95    2.05    2.07    0.00000    86.78  LINEAR    4.99824E+00    86.84    8.88788E+01    86.84
  135.00   175.00     -22.12    2.05    2.07    0.00000    86.46  LINEAR    5.49929E+00    86.84    8.88934E+01    86.84
  140.00   175.00     -21.42    2.06    2.08    0.00000    86.17  LINEAR    5.95864E+00    86.84    8.89081E+01    86.84
  145.00   175.00     -20.84    2.06    2.08    0.00000    85.90  LINEAR    6.37275E+00    86.84    8.89223E+01    86.84
  150.00   175.00     -20.35    2.06    2.08    0.00000    85.67  LINEAR    6.73842E+00    86.84    8.89356E+01    86.84
  155.00   175.00     -19.96    2.06    2.09    0.00000    85.47  LINEAR    7.05281E+00    86.84    8.89477E+01    86.84
  160.00   175.00     -19.64    2.06    2.09    0.00000    85.30  LINEAR    7.31346E+00    86.84    8.89581E+01    86.84
  165.00   175.00     -19.40    2.06    2.09    0.00000    85.17  LINEAR    7.51835E+00    86.84    8.89665E+01    86.84
  170.00   175.00     -19.23    2.06    2.09    0.00000    85.08  LINEAR    7.66585E+00    86.84    8.89728E+01    86.84
  175.00   175.00     -19.13    2.06    2.10    0.00000    85.02  LINEAR    7.75482E+00    86.84    8.89766E+01    86.84
  180.00   175.00     -19.10    2.06    2.10    0.00000    85.00  LINEAR    7.78455E+00    86.84    8.89779E+01    86.84
    0.00   180.00    -999.99    2.10    2.10    0.00000    90.00  LINEAR    0.00000E+00     0.00    8.93177E+01    86.84
    5.00   180.00    -999.99    2.10    2.10    0.00000    90.00  LINEAR    0.00000E+00     0.00    8.93177E+01    86.84
   10.00   180.00    -999.99    2.10    2.10    0.00000    90.00  LINEAR    0.00000E+00     0.00    8.93177E+01    86.84
   15.00   180.00    -999.99    2.10    2.10    0.00000    90.00  LINEAR    0.00000E+00     0.00    8.93177E+01    86.84
   20.00   180.00    -999.99    2.10    2.10    0.00000    90.00  LINEAR    0.00000E+00     0.00    8.93177E+01    86.84
   25.00   180.00    -999.99    2.10    2.10    0.00000    90.00  LINEAR    0.00000E+00     0.00    8.93177E+01    86.84
   30.00   180.00    -999.99    2.10    2.10    0.00000    90.00  LINEAR    0.00000E+00     0.00    8.93177E+01    86.84
   35.00   180.00    -999.99    2.10    2.10    0.00000    90.00  LINEAR    0.00000E+00     0.00    8.93177E+01    86.84
   40.00   180.00    -999.99    2.10    2.10    0.00000    90.00  LINEAR    0.00000E+00     0.00    8.93177E+01    86.84
   45.00   180.00    -999.99    2.10    2.10    0.00000    90.00  LINEAR    0.00000E+00     0.00    8.93177E+01    86.84
   50.00   180.00    -999.99    2.10    2.10    0.00000    90.00  LINEAR    0.00000E+00     0.00    8.93177E+01    86.84
   55.00   180.00    -999.99    2.10    2.10    0.00000    90.00  LINEAR    0.00000E+00     0.00    8.93177E+01    86.84
   60.00   180.00    -999.99    2.10    2.10    0.00000    90.00  LINEAR    0.00000E+00     0.00    8.93177E+01    86.84
   65.00   180.00    -999.99    2.10    2.10    0.00000    90.00  LINEAR    0.00000E+00     0.00    8.93177E+01    86.84
   70.00   180.00    -999.99    2.10    2.10    0.00000    90.00  LINEAR    0.00000E+00     0.00    8.93177E+01    86.84
   75.00   180.00    -999.99    2.10    2.10    0.00000    90.00  LINEAR    0.00000E+00     0.00    8.93177E+01    86.84
   80.00   180.00    -999.99    2.10    2.10    0.00000    90.00  LINEAR    0.00000E+00     0.00    8.93177E+01    86.84
   85.00   180.00    -999.99    2.10    2.10    0.00000    90.00  LINEAR    0.00000E+00     0.00    8.93177E+01    86.84
   90.00   180.00    -999.99    2.10    2.10    0.00000    90.00  LINEAR    0.00000E+00     0.00    8.93177E+01    86.84
   95.00   180.00    -999.99    2.10    2.10    0.00000    90.00  LINEAR    0.00000E+00     0.00    8.93177E+01    86.84
  100.00   180.00    -999.99    2.10    2.10    0.00000    90.00  LINEAR    0.00000E+00     0.00    8.93177E+01    86.84
  105.00   180.00    -999.99    2.10    2.10    0.00000    90.00  LINEAR    0.00000E+00     0.00    8.93177E+01    86.84
  110.00   180.00    -999.99    2.10    2.10    0.00000    90.00  LINEAR    0.00000E+00     0.00    8.93177E+01    86.84
  115.00   180.00    -999.99    2.10    2.10    0.00000    90.00  LINEAR    0.00000E+00     0.00    8.93177E+01    86.84
  120.00   180.00    -999.99    2.10    2.10    0.00000    90.00  LINEAR    0.00000E+00     0.00    8.93177E+01    86.84
  125.00   180.00    -999.99    2.10    2.10    0.00000    90.00  LINEAR    0.00000E+00     0.00    8.93177E+01    86.84
  130.00   180.00    -999.99    2.10    2.10    0.00000    90.00  LINEAR    0.00000E+00     0.00    8.93177E+01    86.84
  135.00   180.00    -999.99    2.10    2.10    0.00000    90.00  LINEAR    0.00000E+00     0.00    8.93177E+01    86.84
  140.00   180.00    -999.99    2.10    2.10    0.00000    90.00  LINEAR    0.00000E+00     0.00    8.93177E+01    86.84
  145.00   180.00    -999.99    2.10    2.10    0.00000    90.00  LINEAR    0.00000E+00     0.00    8.93177E+01    86.84
  150.00   180.00    -999.99    2.10    2.10    0.00000    90.00  LINEAR    0.00000E+00     0.00    8.93177E+01    86.84
  155.00   180.00    -999.99    2.10    2.10    0.00000    90.00  LINEAR    0.00000E+00     0.00    8.93177E+01    86.84
  160.00   180.00    -999.99    2.10    2.10    0.00000    90.00  LINEAR    0.00000E+00     0.00    8.93177E+01    86.84
  165.00   180.00    -999.99    2.10    2.10    0.00000    90.00  LINEAR    0.00000E+00     0.00    8.93177E+01    86.84
  170.00   180.00    -999.99    2.10    2.10    0.00000    90.00  LINEAR    0.00000E+00     0.00    8.93177E+01    86.84
  175.00   180.00    -999.99    2.10    2.10    0.00000    90.00  LINEAR    0.00000E+00     0.00    8.93177E+01    86.84
  180.00   180.00    -999.99    2.10    2.10    0.00000    90.00  LINEAR    0.00000E+00     0.00    8.93177E+01    86.84
    0.00   185.00     -19.10    2.06    2.10    0.00000    85.00  LINEAR    7.78455E+00    86.84    8.89779E+01    86.84
    5.00   185.00     -19.13    2.06    2.10    0.00000    85.02  LINEAR    7.75482E+00    86.84    8.89766E+01    86.84
   10.00   185.00     -19.23    2.06    2.09    0.00000    85.08  LINEAR    7.66585E+00    86.84    8.89728E+01    86.84
   15.00   185.00     -19.40    2.06    2.09    0.00000    85.17  LINEAR    7.51835E+00    86.84    8.89665E+01    86.84
   20.00   185.00     -19.64    2.06    2.09    0.00000    85.30  LINEAR    7.31346E+00    86.84    8.89581E+01    86.84
   25.00   185.00     -19.96    2.06    2.09    0.00000    85.47  LINEAR    7.05281E+00    86.84    8.89477E+01    86.84
   30.00   185.00     -20.35    2.06    2.08    0.00000    85.67  LINEAR    6.73842E+00    86.84    8.89356E+01    86.84
   35.00   185.00     -20.84    2.06    2.08    0.00000    85.90  LINEAR    6.37275E+00    86.84    8.89223E+01    86.84
   40.00   185.00     -21.42    2.06    2.08    0.00000    86.17  LINEAR    5.95864E+00    86.84    8.89081E+01    86.84
   45.00   185.00     -22.12    2.05    2.07    0.00000    86.46  LINEAR    5.49929E+00    86.84    8.88934E+01    86.84
   50.00   185.00     -22.95    2.05    2.07    0.00000    86.78  LINEAR    4.99824E+00    86.84    8.88788E+01    86.84
   55.00   185.00     -23.94    2.05    2.06    0.00000    87.13  LINEAR    4.45935E+00    86.84    8.88646E+01    86.84
   60.00   185.00     -25.13    2.05    2.06    0.00000    87.50  LINEAR    3.88674E+00    86.84    8.88512E+01    86.84
   65.00   185.00     -26.59    2.05    2.06    0.00000    87.88  LINEAR    3.28477E+00    86.84    8.88392E+01    86.84
   70.00   185.00     -28.43    2.05    2.05    0.00000    88.29  LINEAR    2.65801E+00    86.84    8.88288E+01    86.84
   75.00   185.00     -30.85    2.05    2.05    0.00000    88.70  LINEAR    2.01122E+00    86.84    8.88203E+01    86.84
   80.00   185.00     -34.32    2.05    2.05    0.00000    89.13  LINEAR    1.34929E+00    86.84    8.88141E+01    86.84
   85.00   185.00     -40.31    2.05    2.05    0.00000    89.56  LINEAR    6.77191E-01    86.84    8.88103E+01    86.84
   90.00   185.00    -999.99    2.05    2.05    0.00000    90.00  LINEAR    0.00000E+00     0.00    8.88090E+01    86.84
   95.00   185.00     -40.31    2.05    2.05    0.00000   -89.56  LINEAR    6.77191E-01   -93.16    8.88103E+01    86.84
  100.00   185.00     -34.32    2.05    2.05    0.00000   -89.13  LINEAR    1.34929E+00   -93.16    8.88141E+01    86.84
  105.00   185.00     -30.85    2.05    2.05    0.00000   -88.70  LINEAR    2.01122E+00   -93.16    8.88203E+01    86.84
  110.00   185.00     -28.43    2.05    2.05    0.00000   -88.29  LINEAR    2.65801E+00   -93.16    8.88288E+01    86.84
  115.00   185.00     -26.59    2.05    2.06    0.00000   -87.88  LINEAR    3.28477E+00   -93.16    8.88392E+01    86.84
  120.00   185.00     -25.13    2.05    2.06    0.00000   -87.50  LINEAR    3.88674E+00   -93.16    8.88512E+01    86.84
  125.00   185.00     -23.94    2.05    2.06    0.00000   -87.13  LINEAR    4.45935E+00   -93.16    8.88646E+01    86.84
  130.00   185.00     -22.95    2.05    2.07    0.00000   -86.78  LINEAR    4.99824E+00   -93.16    8.88788E+01    86.84
  135.00   185.00     -22.12    2.05    2.07    0.00000   -86.46  LINEAR    5.49929E+00   -93.16    8.88934E+01    86.84
  140.00   185.00     -21.42    2.06    2.08    0.00000   -86.17  LINEAR    5.95864E+00   -93.16    8.89081E+01    86.84
  145.00   185.00     -20.84    2.06    2.08    0.00000   -85.90  LINEAR    6.37275E+00   -93.16    8.89223E+01    86.84
  150.00   185.00     -20.35    2.06    2.08    0.00000   -85.67  LINEAR    6.73842E+00   -93.16    8.89356E+01    86.84
  155.00   185.00     -19.96    2.06    2.09    0.00000   -85.47  LINEAR    7.05281E+00   -93.16    8.89477E+01    86.84
  160.00   185.00     -19.64    2.06    2.09    0.00000   -85.30  LINEAR    7.31346E+00   -93.16    8.89581E+01    86.84
  165.00   185.00     -19.40    2.06    2.09    0.00000   -85.17  LINEAR    7.51835E+00   -93.16    8.89665E+01    86.84
  170.00   185.00     -19.23    2.06    2.09    0.00000   -85.08  LINEAR    7.66585E+00   -93.16    8.89728E+01    86.84
  175.00   185.00     -19.13    2.06    2.10    0.00000   -85.02  LINEAR    7.75482E+00   -93.16    8.89766E+01    86.84
  180.00   185.00     -19.10    2.06    2.10    0.00000   -85.00  LINEAR    7.78455E+00   -93.16    8.89779E+01    86.84
    0.00   190.00     -13.11    1.96    2.10    0.00000    80.00  LINEAR    1.55099E+01    86.84    8.79608E+01    86.84
    5.00   190.00     -13.14    1.96    2.09    0.00000    80.04  LINEAR    1.54500E+01    86.84    8.79558E+01    86.84
   10.00   190.00     -13.25    1.96    2.09    0.00000    80.15  LINEAR    1.52708E+01    86.84    8.79408E+01    86.84
   15.00   190.00     -13.42    1.96    2.08    0.00000    80.33  LINEAR    1.49738E+01    86.84    8.79164E+01    86.84
   20.00   190.00     -13.66    1.96    2.07    0.00000    80.59  LINEAR    1.45617E+01    86.84    8.78833E+01    86.84
   25.00   190.00     -13.98    1.95    2.06    0.00000    80.92  LINEAR    1.40378E+01    86.84    8.78425E+01    86.84
   30.00   190.00     -14.38    1.95    2.05    0.00000    81.32  LINEAR    1.34066E+01    86.84    8.77952E+01    86.84
   35.00   190.00     -14.87    1.94    2.03    0.00000    81.78  LINEAR    1.26735E+01    86.84    8.77429E+01    86.84
   40.00   190.00     -15.45    1.94    2.01    0.00000    82.31  LINEAR    1.18443E+01    86.84    8.76872E+01    86.84
   45.00   190.00     -16.15    1.93    2.00    0.00000    82.89  LINEAR    1.09259E+01    86.85    8.76298E+01    86.85
   50.00   190.00     -16.99    1.92    1.98    0.00000    83.53  LINEAR    9.92553E+00    86.85    8.75724E+01    86.85
   55.00   190.00     -17.98    1.92    1.96    0.00000    84.22  LINEAR    8.85119E+00    86.85    8.75168E+01    86.85
   60.00   190.00     -19.18    1.91    1.95    0.00000    84.96  LINEAR    7.71119E+00    86.85    8.74646E+01    86.85
   65.00   190.00     -20.65    1.91    1.93    0.00000    85.74  LINEAR    6.51427E+00    86.85    8.74175E+01    86.85
   70.00   190.00     -22.49    1.90    1.92    0.00000    86.55  LINEAR    5.26947E+00    86.85    8.73768E+01    86.85
   75.00   190.00     -24.91    1.90    1.91    0.00000    87.39  LINEAR    3.98609E+00    86.85    8.73439E+01    86.85
   80.00   190.00     -28.38    1.90    1.90    0.00000    88.25  LINEAR    2.67363E+00    86.85    8.73196E+01    86.85
   85.00   190.00     -34.37    1.90    1.90    0.00000    89.12  LINEAR    1.34169E+00    86.85    8.73047E+01    86.85
   90.00   190.00    -999.99    1.90    1.90    0.00000    90.00  LINEAR    0.00000E+00     0.00    8.72997E+01    86.85
   95.00   190.00     -34.37    1.90    1.90    0.00000   -89.12  LINEAR    1.34169E+00   -93.15    8.73047E+01    86.85
  100.00   190.00     -28.38    1.90    1.90    0.00000   -88.25  LINEAR    2.67363E+00   -93.15    8.73196E+01    86.85
  105.00   190.00     -24.91    1.90    1.91    0.00000   -87.39  LINEAR    3.98609E+00   -93.15    8.73439E+01    86.85
  110.00   190.00     -22.49    1.90    1.92    0.00000   -86.55  LINEAR    5.26947E+00   -93.15    8.73768E+01    86.85
  115.00   190.00     -20.65    1.91    1.93    0.00000   -85.74  LINEAR    6.51427E+00   -93.15    8.74175E+01    86.85
  120.00   190.00     -19.18    1.91    1.95    0.00000   -84.96  LINEAR    7.71119E+00   -93.15    8.74646E+01    86.85
  125.00   190.00     -17.98    1.92    1.96    0.00000   -84.22  LINEAR    8.85119E+00   -93.15    8.75168E+01    86.85
  130.00   190.00     -16.99    1.92    1.98    0.00000   -83.53  LINEAR    9.92553E+00   -93.15    8.75724E+01    86.85
  135.00   190.00     -16.15    1.93    2.00    0.00000   -82.89  LINEAR    1.09259E+01   -93.15    8.76298E+01    86.85
  140.00   190.00     -15.45    1.94    2.01    0.00000   -82.31  LINEAR    1.18443E+01   -93.16    8.76872E+01    86.84
  145.00   190.00     -14.87    1.94    2.03    0.00000   -81.78  LINEAR    1.26735E+01   -93.16    8.77429E+01    86.84
  150.00   190.00     -14.38    1.95    2.05    0.00000   -81.32  LINEAR    1.34066E+01   -93.16    8.77952E+01    86.84
  155.00   190.00     -13.98    1.95    2.06    0.00000   -80.92  LINEAR    1.40378E+01   -93.16    8.78425E+01    86.84
  160.00   190.00     -13.66    1.96    2.07    0.00000   -80.59  LINEAR    1.45617E+01   -93.16    8.78833E+01    86.84
  165.00   190.00     -13.42    1.96    2.08    0.00000   -80.33  LINEAR    1.49738E+01   -93.16    8.79164E+01    86.84
  170.00   190.00     -13.25    1.96    2.09    0.00000   -80.15  LINEAR    1.52708E+01   -93.16    8.79408E+01    86.84
  175.00   190.00     -13.14    1.96    2.09    0.00000   -80.04  LINEAR    1.54500E+01   -93.16    8.79558E+01    86.84
  180.00   190.00     -13.11    1.96    2.10    0.00000   -80.00  LINEAR    1.55099E+01   -93.16    8.79608E+01    86.84
    0.00   195.00      -9.64    1.79    2.10    0.00000    75.00  LINEAR    2.31171E+01    86.84    8.62743E+01    86.84
    5.00   195.00      -9.68    1.79    2.09    0.00000    75.05  LINEAR    2.30262E+01    86.84    8.62633E+01    86.84
   10.00   195.00      -9.78    1.79    2.08    0.00000    75.22  LINEAR    2.27544E+01    86.84    8.62308E+01    86.84
   15.00   195.00      -9.96    1.78    2.07    0.00000    75.49  LINEAR    2.23044E+01    86.84    8.61776E+01    86.84
   20.00   195.00     -10.20    1.78    2.04    0.00000    75.87  LINEAR    2.16805E+01    86.84    8.61055E+01    86.84
   25.00   195.00     -10.52    1.77    2.02    0.00000    76.35  LINEAR    2.08887E+01    86.84    8.60166E+01    86.84
   30.00   195.00     -10.93    1.76    1.99    0.00000    76.94  LINEAR    1.99364E+01    86.85    8.59137E+01    86.85
   35.00   195.00     -11.42    1.75    1.95    0.00000    77.62  LINEAR    1.88323E+01    86.85    8.58000E+01    86.85
   40.00   195.00     -12.02    1.73    1.91    0.00000    78.40  LINEAR    1.75866E+01    86.85    8.56790E+01    86.85
   45.00   195.00     -12.73    1.72    1.87    0.00000    79.27  LINEAR    1.62099E+01    86.85    8.55543E+01    86.85
   50.00   195.00     -13.57    1.71    1.84    0.00000    80.23  LINEAR    1.47139E+01    86.86    8.54297E+01    86.86
   55.00   195.00     -14.57    1.70    1.80    0.00000    81.26  LINEAR    1.31111E+01    86.86    8.53090E+01    86.86
   60.00   195.00     -15.77    1.69    1.76    0.00000    82.37  LINEAR    1.14141E+01    86.86    8.51959E+01    86.86
   65.00   195.00     -17.25    1.67    1.73    0.00000    83.54  LINEAR    9.63603E+00    86.86    8.50937E+01    86.86
   70.00   195.00     -19.09    1.67    1.70    0.00000    84.76  LINEAR    7.79026E+00    86.86    8.50056E+01    86.86
   75.00   195.00     -21.52    1.66    1.68    0.00000    86.03  LINEAR    5.89022E+00    86.86    8.49342E+01    86.86
   80.00   195.00     -24.99    1.65    1.66    0.00000    87.34  LINEAR    3.94945E+00    86.87    8.48816E+01    86.87
   85.00   195.00     -30.98    1.65    1.65    0.00000    88.66  LINEAR    1.98151E+00    86.87    8.48494E+01    86.87
   90.00   195.00    -999.99    1.65    1.65    0.00000    90.00  LINEAR    0.00000E+00     0.00    8.48386E+01    86.87
   95.00   195.00     -30.98    1.65    1.65    0.00000   -88.66  LINEAR    1.98151E+00   -93.13    8.48494E+01    86.87
  100.00   195.00     -24.99    1.65    1.66    0.00000   -87.34  LINEAR    3.94945E+00   -93.13    8.48816E+01    86.87
  105.00   195.00     -21.52    1.66    1.68    0.00000   -86.03  LINEAR    5.89022E+00   -93.14    8.49342E+01    86.86
  110.00   195.00     -19.09    1.67    1.70    0.00000   -84.76  LINEAR    7.79026E+00   -93.14    8.50056E+01    86.86
  115.00   195.00     -17.25    1.67    1.73    0.00000   -83.54  LINEAR    9.63603E+00   -93.14    8.50937E+01    86.86
  120.00   195.00     -15.77    1.69    1.76    0.00000   -82.37  LINEAR    1.14141E+01   -93.14    8.51959E+01    86.86
  125.00   195.00     -14.57    1.70    1.80    0.00000   -81.26  LINEAR    1.31111E+01   -93.14    8.53090E+01    86.86
  130.00   195.00     -13.57    1.71    1.84    0.00000   -80.23  LINEAR    1.47139E+01   -93.14    8.54297E+01    86.86
  135.00   195.00     -12.73    1.72    1.87    0.00000   -79.27  LINEAR    1.62099E+01   -93.15    8.55543E+01    86.85
  140.00   195.00     -12.02    1.73    1.91    0.00000   -78.40  LINEAR    1.75866E+01   -93.15    8.56790E+01    86.85
  145.00   195.00     -11.42    1.75    1.95    0.00000   -77.62  LINEAR    1.88323E+01   -93.15    8.58000E+01    86.85
  150.00   195.00     -10.93    1.76    1.99    0.00000   -76.94  LINEAR    1.99364E+01   -93.15    8.59137E+01    86.85
  155.00   195.00     -10.52    1.77    2.02    0.00000   -76.35  LINEAR    2.08887E+01   -93.16    8.60166E+01    86.84
  160.00   195.00     -10.20    1.78    2.04    0.00000   -75.87  LINEAR    2.16805E+01   -93.16    8.61055E+01    86.84
  165.00   195.00      -9.96    1.78    2.07    0.00000   -75.49  LINEAR    2.23044E+01   -93.16    8.61776E+01    86.84
  170.00   195.00      -9.78    1.79    2.08    0.00000   -75.22  LINEAR    2.27544E+01   -93.16    8.62308E+01    86.84
  175.00   195.00      -9.68    1.79    2.09    0.00000   -75.05  LINEAR    2.30262E+01   -93.16    8.62633E+01    86.84
  180.00   195.00      -9.64    1.79    2.10    0.00000   -75.00  LINEAR    2.31171E+01   -93.16    8.62743E+01    86.84
    0.00   200.00      -7.22    1.56    2.10    0.00000    70.00  LINEAR    3.05485E+01    86.84    8.39312E+01    86.84
    5.00   200.00      -7.26    1.55    2.09    0.00000    70.07  LINEAR    3.04255E+01    86.84    8.39126E+01    86.84
   10.00   200.00      -7.36    1.55    2.07    0.00000    70.28  LINEAR    3.00579E+01    86.84    8.38572E+01    86.84
   15.00   200.00      -7.54    1.54    2.04    0.00000    70.63  LINEAR    2.94498E+01    86.84    8.37670E+01    86.84
   20.00   200.00      -7.79    1.53    2.01    0.00000    71.12  LINEAR    2.86081E+01    86.85    8.36445E+01    86.85
   25.00   200.00      -8.12    1.51    1.96    0.00000    71.74  LINEAR    2.75420E+01    86.85    8.34938E+01    86.85
   30.00   200.00      -8.54    1.49    1.90    0.00000    72.50  LINEAR    2.62629E+01    86.85    8.33194E+01    86.85
   35.00   200.00      -9.04    1.47    1.84    0.00000    73.40  LINEAR    2.47840E+01    86.86    8.31267E+01    86.86
   40.00   200.00      -9.64    1.45    1.78    0.00000    74.42  LINEAR    2.31200E+01    86.86    8.29217E+01    86.86
   45.00   200.00     -10.36    1.43    1.71    0.00000    75.57  LINEAR    2.12869E+01    86.86    8.27107E+01    86.86
   50.00   200.00     -11.21    1.41    1.64    0.00000    76.83  LINEAR    1.93014E+01    86.87    8.25001E+01    86.87
   55.00   200.00     -12.22    1.38    1.57    0.00000    78.21  LINEAR    1.71806E+01    86.87    8.22963E+01    86.87
   60.00   200.00     -13.43    1.36    1.51    0.00000    79.69  LINEAR    1.49419E+01    86.88    8.21053E+01    86.88
   65.00   200.00     -14.91    1.35    1.45    0.00000    81.26  LINEAR    1.26030E+01    86.88    8.19330E+01    86.88
   70.00   200.00     -16.77    1.33    1.40    0.00000    82.90  LINEAR    1.01810E+01    86.88    8.17845E+01    86.88
   75.00   200.00     -19.20    1.32    1.36    0.00000    84.62  LINEAR    7.69296E+00    86.88    8.16641E+01    86.88
   80.00   200.00     -22.68    1.31    1.33    0.00000    86.38  LINEAR    5.15580E+00    86.89    8.15756E+01    86.89
   85.00   200.00     -28.67    1.30    1.31    0.00000    88.18  LINEAR    2.58603E+00    86.89    8.15213E+01    86.89
   90.00   200.00    -999.99    1.30    1.30    0.00000    90.00  LINEAR    0.00000E+00     0.00    8.15031E+01    86.89
   95.00   200.00     -28.67    1.30    1.31    0.00000   -88.18  LINEAR    2.58603E+00   -93.11    8.15213E+01    86.89
  100.00   200.00     -22.68    1.31    1.33    0.00000   -86.38  LINEAR    5.15580E+00   -93.11    8.15756E+01    86.89
  105.00   200.00     -19.20    1.32    1.36    0.00000   -84.62  LINEAR    7.69296E+00   -93.12    8.16641E+01    86.88
  110.00   200.00     -16.77    1.33    1.40    0.00000   -82.90  LINEAR    1.01810E+01   -93.12    8.17845E+01    86.88
  115.00   200.00     -14.91    1.35    1.45    0.00000   -81.26  LINEAR    1.26030E+01   -93.12    8.19330E+01    86.88
  120.00   200.00     -13.43    1.36    1.51    0.00000   -79.69  LINEAR    1.49419E+01   -93.12    8.21053E+01    86.88
  125.00   200.00     -12.22    1.38    1.57    0.00000   -78.21  LINEAR    1.71806E+01   -93.13    8.22963E+01    86.87
  130.00   200.00     -11.21    1.41    1.64    0.00000   -76.83  LINEAR    1.93014E+01   -93.13    8.25001E+01    86.87
  135.00   200.00     -10.36    1.43    1.71    0.00000   -75.57  LINEAR    2.12869E+01   -93.14    8.27107E+01    86.86
  140.00   200.00      -9.64    1.45    1.78    0.00000   -74.42  LINEAR    2.31200E+01   -93.14    8.29217E+01    86.86
  145.00   200.00      -9.04    1.47    1.84    0.00000   -73.40  LINEAR    2.47840E+01   -93.14    8.31267E+01    86.86
  150.00   200.00      -8.54    1.49    1.90    0.00000   -72.50  LINEAR    2.62629E+01   -93.15    8.33194E+01    86.85
  155.00   200.00      -8.12    1.51    1.96    0.00000   -71.74  LINEAR    2.75420E+01   -93.15    8.34938E+01    86.85
  160.00   200.00      -7.79    1.53    2.01    0.00000   -71.12  LINEAR    2.86081E+01   -93.15    8.36445E+01    86.85
  165.00   200.00      -7.54    1.54    2.04    0.00000   -70.63  LINEAR    2.94498E+01   -93.16    8.37670E+01    86.84
  170.00   200.00      -7.36    1.55    2.07    0.00000   -70.28  LINEAR    3.00579E+01   -93.16    8.38572E+01    86.84
  175.00   200.00      -7.26    1.55    2.09    0.00000   -70.07  LINEAR    3.04255E+01   -93.16    8.39126E+01    86.84
  180.00   200.00      -7.22    1.56    2.10    0.00000   -70.00  LINEAR    3.05485E+01   -93.16    8.39312E+01    86.84
    0.00   205.00      -5.39    1.24    2.10    0.00000    65.00  LINEAR    3.77473E+01    86.84    8.09494E+01    86.84
    5.00   205.00      -5.42    1.24    2.09    0.00000    65.08  LINEAR    3.75909E+01    86.84    8.09219E+01    86.84
   10.00   205.00      -5.53    1.23    2.06    0.00000    65.33  LINEAR    3.71238E+01    86.84    8.08404E+01    86.84
   15.00   205.00      -5.71    1.22    2.02    0.00000    65.75  LINEAR    3.63522E+01    86.84    8.07076E+01    86.84
   20.00   205.00      -5.97    1.20    1.96    0.00000    66.34  LINEAR    3.52860E+01    86.85    8.05275E+01    86.85
   25.00   205.00      -6.31    1.17    1.89    0.00000    67.09  LINEAR    3.39387E+01    86.85    8.03058E+01    86.85
   30.00   205.00      -6.73    1.14    1.80    0.00000    68.01  LINEAR    3.23268E+01    86.86    8.00496E+01    86.86
   35.00   205.00      -7.25    1.11    1.70    0.00000    69.09  LINEAR    3.04691E+01    86.86    7.97668E+01    86.86
   40.00   205.00      -7.86    1.08    1.60    0.00000    70.34  LINEAR    2.83863E+01    86.87    7.94662E+01    86.87
   45.00   205.00      -8.59    1.05    1.50    0.00000    71.75  LINEAR    2.61004E+01    86.88    7.91571E+01    86.88
   50.00   205.00      -9.45    1.01    1.39    0.00000    73.31  LINEAR    2.36339E+01    86.88    7.88488E+01    86.88
   55.00   205.00     -10.47    0.98    1.28    0.00000    75.03  LINEAR    2.10094E+01    86.89    7.85507E+01    86.89
   60.00   205.00     -11.70    0.95    1.18    0.00000    76.88  LINEAR    1.82494E+01    86.89    7.82717E+01    86.89
   65.00   205.00     -13.19    0.92    1.09    0.00000    78.85  LINEAR    1.53754E+01    86.90    7.80202E+01    86.90
   70.00   205.00     -15.05    0.90    1.01    0.00000    80.94  LINEAR    1.24086E+01    86.90    7.78035E+01    86.90
   75.00   205.00     -17.49    0.88    0.94    0.00000    83.12  LINEAR    9.36888E+00    86.91    7.76281E+01    86.91
   80.00   205.00     -20.97    0.86    0.89    0.00000    85.37  LINEAR    6.27537E+00    86.91    7.74990E+01    86.91
   85.00   205.00     -26.97    0.85    0.86    0.00000    87.67  LINEAR    3.14646E+00    86.91    7.74201E+01    86.91
   90.00   205.00    -999.99    0.85    0.85    0.00000    90.00  LINEAR    0.00000E+00     0.00    7.73935E+01    86.91
   95.00   205.00     -26.97    0.85    0.86    0.00000   -87.67  LINEAR    3.14646E+00   -93.09    7.74201E+01    86.91
  100.00   205.00     -20.97    0.86    0.89    0.00000   -85.37  LINEAR    6.27537E+00   -93.09    7.74990E+01    86.91
  105.00   205.00     -17.49    0.88    0.94    0.00000   -83.12  LINEAR    9.36888E+00   -93.09    7.76281E+01    86.91
  110.00   205.00     -15.05    0.90    1.01    0.00000   -80.94  LINEAR    1.24086E+01   -93.10    7.78035E+01    86.90
  115.00   205.00     -13.19    0.92    1.09    0.00000   -78.85  LINEAR    1.53754E+01   -93.10    7.80202E+01    86.90
  120.00   205.00     -11.70    0.95    1.18    0.00000   -76.88  LINEAR    1.82494E+01   -93.11    7.82717E+01    86.89
  125.00   205.00     -10.47    0.98    1.28    0.00000   -75.03  LINEAR    2.10094E+01   -93.11    7.85507E+01    86.89
  130.00   205.00      -9.45    1.01    1.39    0.00000   -73.31  LINEAR    2.36339E+01   -93.12    7.88488E+01    86.88
  135.00   205.00      -8.59    1.05    1.50    0.00000   -71.75  LINEAR    2.61004E+01   -93.12    7.91571E+01    86.88
  140.00   205.00      -7.86    1.08    1.60    0.00000   -70.34  LINEAR    2.83863E+01   -93.13    7.94662E+01    86.87
  145.00   205.00      -7.25    1.11    1.70    0.00000   -69.09  LINEAR    3.04691E+01   -93.14    7.97668E+01    86.86
  150.00   205.00      -6.73    1.14    1.80    0.00000   -68.01  LINEAR    3.23268E+01   -93.14    8.00496E+01    86.86
  155.00   205.00      -6.31    1.17    1.89    0.00000   -67.09  LINEAR    3.39387E+01   -93.15    8.03058E+01    86.85
  160.00   205.00      -5.97    1.20    1.96    0.00000   -66.34  LINEAR    3.52860E+01   -93.15    8.05275E+01    86.85
  165.00   205.00      -5.71    1.22    2.02    0.00000   -65.75  LINEAR    3.63522E+01   -93.16    8.07076E+01    86.84
  170.00   205.00      -5.53    1.23    2.06    0.00000   -65.33  LINEAR    3.71238E+01   -93.16    8.08404E+01    86.84
  175.00   205.00      -5.42    1.24    2.09    0.00000   -65.08  LINEAR    3.75909E+01   -93.16    8.09219E+01    86.84
  180.00   205.00      -5.39    1.24    2.10    0.00000   -65.00  LINEAR    3.77473E+01   -93.16    8.09494E+01    86.84
    0.00   210.00      -3.92    0.85    2.10    0.00000    60.00  LINEAR    4.46589E+01    86.84    7.73514E+01    86.84
    5.00   210.00      -3.96    0.84    2.08    0.00000    60.09  LINEAR    4.44678E+01    86.84    7.73147E+01    86.84
   10.00   210.00      -4.07    0.83    2.05    0.00000    60.38  LINEAR    4.38976E+01    86.84    7.72058E+01    86.84
   15.00   210.00      -4.26    0.81    1.99    0.00000    60.85  LINEAR    4.29569E+01    86.85    7.70282E+01    86.85
   20.00   210.00      -4.53    0.78    1.90    0.00000    61.52  LINEAR    4.16597E+01    86.85    7.67875E+01    86.85
   25.00   210.00      -4.88    0.75    1.80    0.00000    62.38  LINEAR    4.00248E+01    86.86    7.64917E+01    86.86
   30.00   210.00      -5.31    0.71    1.68    0.00000    63.43  LINEAR    3.80750E+01    86.86    7.61499E+01    86.86
   35.00   210.00      -5.84    0.67    1.54    0.00000    64.69  LINEAR    3.58360E+01    86.87    7.57731E+01    86.87
   40.00   210.00      -6.46    0.62    1.40    0.00000    66.14  LINEAR    3.33357E+01    86.88    7.53730E+01    86.88
   45.00   210.00      -7.21    0.57    1.24    0.00000    67.79  LINEAR    3.06031E+01    86.89    7.49619E+01    86.89
   50.00   210.00      -8.08    0.53    1.09    0.00000    69.64  LINEAR    2.76674E+01    86.90    7.45525E+01    86.90
   55.00   210.00      -9.12    0.48    0.93    0.00000    71.68  LINEAR    2.45574E+01    86.91    7.41570E+01    86.91
   60.00   210.00     -10.36    0.44    0.78    0.00000    73.90  LINEAR    2.13005E+01    86.92    7.37873E+01    86.92
   65.00   210.00     -11.85    0.40    0.65    0.00000    76.29  LINEAR    1.79227E+01    86.92    7.34543E+01    86.92
   70.00   210.00     -13.73    0.36    0.53    0.00000    78.83  LINEAR    1.44481E+01    86.93    7.31677E+01    86.93
   75.00   210.00     -16.18    0.34    0.43    0.00000    81.50  LINEAR    1.08987E+01    86.94    7.29358E+01    86.94
   80.00   210.00     -19.66    0.32    0.36    0.00000    84.27  LINEAR    7.29514E+00    86.94    7.27652E+01    86.94
   85.00   210.00     -25.66    0.30    0.31    0.00000    87.12  LINEAR    3.65626E+00    86.94    7.26610E+01    86.94
   90.00   210.00    -999.99    0.30    0.30    0.00000    90.00  LINEAR    0.00000E+00     0.00    7.26259E+01    86.94
   95.00   210.00     -25.66    0.30    0.31    0.00000   -87.12  LINEAR    3.65626E+00   -93.06    7.26610E+01    86.94
  100.00   210.00     -19.66    0.32    0.36    0.00000   -84.27  LINEAR    7.29514E+00   -93.06    7.27652E+01    86.94
  105.00   210.00     -16.18    0.34    0.43    0.00000   -81.50  LINEAR    1.08987E+01   -93.06    7.29358E+01    86.94
  110.00   210.00     -13.73    0.36    0.53    0.00000   -78.83  LINEAR    1.44481E+01   -93.07    7.31677E+01    86.93
  115.00   210.00     -11.85    0.40    0.65    0.00000   -76.29  LINEAR    1.79227E+01   -93.08    7.34543E+01    86.92
  120.00   210.00     -10.36    0.44    0.78    0.00000   -73.90  LINEAR    2.13005E+01   -93.08    7.37873E+01    86.92
  125.00   210.00      -9.12    0.48    0.93    0.00000   -71.68  LINEAR    2.45574E+01   -93.09    7.41570E+01    86.91
  130.00   210.00      -8.08    0.53    1.09    0.00000   -69.64  LINEAR    2.76674E+01   -93.10    7.45525E+01    86.90
  135.00   210.00      -7.21    0.57    1.24    0.00000   -67.79  LINEAR    3.06031E+01   -93.11    7.49619E+01    86.89
  140.00   210.00      -6.46    0.62    1.40    0.00000   -66.14  LINEAR    3.33357E+01   -93.12    7.53730E+01    86.88
  145.00   210.00      -5.84    0.67    1.54    0.00000   -64.69  LINEAR    3.58360E+01   -93.13    7.57731E+01    86.87
  150.00   210.00      -5.31    0.71    1.68    0.00000   -63.43  LINEAR    3.80750E+01   -93.14    7.61499E+01    86.86
  155.00   210.00      -4.88    0.75    1.80    0.00000   -62.38  LINEAR    4.00248E+01   -93.14    7.64917E+01    86.86
  160.00   210.00      -4.53    0.78    1.90    0.00000   -61.52  LINEAR    4.16597E+01   -93.15    7.67875E+01    86.85
  165.00   210.00      -4.26    0.81    1.99    0.00000   -60.85  LINEAR    4.29569E+01   -93.15    7.70282E+01    86.85
  170.00   210.00      -4.07    0.83    2.05    0.00000   -60.38  LINEAR    4.38976E+01   -93.16    7.72058E+01    86.84
  175.00   210.00      -3.96    0.84    2.08    0.00000   -60.09  LINEAR    4.44678E+01   -93.16    7.73147E+01    86.84
  180.00   210.00      -3.92    0.85    2.10    0.00000   -60.00  LINEAR    4.46589E+01   -93.16    7.73514E+01    86.84
    0.00   215.00      -2.73    0.36    2.10    0.00000    55.00  LINEAR    5.12305E+01    86.84    7.31648E+01    86.84
    5.00   215.00      -2.77    0.36    2.08    0.00000    55.10  LINEAR    5.10037E+01    86.84    7.31191E+01    86.84
   10.00   215.00      -2.89    0.34    2.03    0.00000    55.41  LINEAR    5.03273E+01    86.84    7.29836E+01    86.84
   15.00   215.00      -3.08    0.32    1.95    0.00000    55.93  LINEAR    4.92129E+01    86.85    7.27626E+01    86.85
   20.00   215.00      -3.36    0.28    1.84    0.00000    56.66  LINEAR    4.76795E+01    86.86    7.24635E+01    86.86
   25.00   215.00      -3.71    0.24    1.70    0.00000    57.60  LINEAR    4.57524E+01    86.86    7.20960E+01    86.86
   30.00   215.00      -4.16    0.18    1.54    0.00000    58.77  LINEAR    4.34617E+01    86.87    7.16719E+01    86.87
   35.00   215.00      -4.70    0.13    1.36    0.00000    60.16  LINEAR    4.08414E+01    86.88    7.12048E+01    86.88
   40.00   215.00      -5.34    0.07    1.16    0.00000    61.79  LINEAR    3.79278E+01    86.90    7.07094E+01    86.90
   45.00   215.00      -6.10    0.00    0.96    0.00000    63.66  LINEAR    3.47580E+01    86.91    7.02011E+01    86.91
   50.00   215.00      -6.99   -0.06    0.74    0.00000    65.77  LINEAR    3.13688E+01    86.92    6.96953E+01    86.92
   55.00   215.00      -8.04   -0.12    0.53    0.00000    68.12  LINEAR    2.77953E+01    86.93    6.92075E+01    86.93
   60.00   215.00      -9.29   -0.18    0.32    0.00000    70.70  LINEAR    2.40703E+01    86.94    6.87520E+01    86.94
   65.00   215.00     -10.81   -0.23    0.14    0.00000    73.52  LINEAR    2.02238E+01    86.95    6.83421E+01    86.95
   70.00   215.00     -12.69   -0.27   -0.03    0.00000    76.53  LINEAR    1.62825E+01    86.96    6.79897E+01    86.96
   75.00   215.00     -15.15   -0.31   -0.17    0.00000    79.73  LINEAR    1.22699E+01    86.97    6.77048E+01    86.97
   80.00   215.00     -18.64   -0.34   -0.27    0.00000    83.07  LINEAR    8.20676E+00    86.97    6.74954E+01    86.97
   85.00   215.00     -24.64   -0.35   -0.34    0.00000    86.51  LINEAR    4.11124E+00    86.98    6.73675E+01    86.98
   90.00   215.00    -999.99   -0.36   -0.36    0.00000    90.00  LINEAR    0.00000E+00     0.00    6.73244E+01    86.98
   95.00   215.00     -24.64   -0.35   -0.34    0.00000   -86.51  LINEAR    4.11124E+00   -93.02    6.73675E+01    86.98
  100.00   215.00     -18.64   -0.34   -0.27    0.00000   -83.07  LINEAR    8.20676E+00   -93.03    6.74954E+01    86.97
  105.00   215.00     -15.15   -0.31   -0.17    0.00000   -79.73  LINEAR    1.22699E+01   -93.03    6.77048E+01    86.97
  110.00   215.00     -12.69   -0.27   -0.03    0.00000   -76.53  LINEAR    1.62825E+01   -93.04    6.79897E+01    86.96
  115.00   215.00     -10.81   -0.23    0.14    0.00000   -73.52  LINEAR    2.02238E+01   -93.05    6.83421E+01    86.95
  120.00   215.00      -9.29   -0.18    0.32    0.00000   -70.70  LINEAR    2.40703E+01   -93.06    6.87520E+01    86.94
  125.00   215.00      -8.04   -0.12    0.53    0.00000   -68.12  LINEAR    2.77953E+01   -93.07    6.92075E+01    86.93
  130.00   215.00      -6.99   -0.06    0.74    0.00000   -65.77  LINEAR    3.13688E+01   -93.08    6.96953E+01    86.92
  135.00   215.00      -6.10    0.00    0.96    0.00000   -63.66  LINEAR    3.47580E+01   -93.09    7.02011E+01    86.91
  140.00   215.00      -5.34    0.07    1.16    0.00000   -61.79  LINEAR    3.79278E+01   -93.10    7.07094E+01    86.90
  145.00   215.00      -4.70    0.13    1.36    0.00000   -60.16  LINEAR    4.08414E+01   -93.12    7.12048E+01    86.88
  150.00   215.00      -4.16    0.18    1.54    0.00000   -58.77  LINEAR    4.34617E+01   -93.13    7.16719E+01    86.87
  155.00   215.00      -3.71    0.24    1.70    0.00000   -57.60  LINEAR    4.57524E+01   -93.14    7.20960E+01    86.86
  160.00   215.00      -3.36    0.28    1.84    0.00000   -56.66  LINEAR    4.76795E+01   -93.14    7.24635E+01    86.86
  165.00   215.00      -3.08    0.32    1.95    0.00000   -55.93  LINEAR    4.92129E+01   -93.15    7.27626E+01    86.85
  170.00   215.00      -2.89    0.34    2.03    0.00000   -55.41  LINEAR    5.03273E+01   -93.16    7.29836E+01    86.84
  175.00   215.00      -2.77    0.36    2.08    0.00000   -55.10  LINEAR    5.10037E+01   -93.16    7.31191E+01    86.84
  180.00   215.00      -2.73    0.36    2.10    0.00000   -55.00  LINEAR    5.12305E+01   -93.16    7.31648E+01    86.84
    0.00   220.00      -1.74   -0.22    2.10    0.00000    50.00  LINEAR    5.74123E+01    86.84    6.84214E+01    86.84
    5.00   220.00      -1.78   -0.23    2.08    0.00000    50.11  LINEAR    5.71490E+01    86.84    6.83677E+01    86.84
   10.00   220.00      -1.90   -0.25    2.01    0.00000    50.43  LINEAR    5.63643E+01    86.84    6.82085E+01    86.84
   15.00   220.00      -2.10   -0.28    1.91    0.00000    50.97  LINEAR    5.50734E+01    86.85    6.79492E+01    86.85
   20.00   220.00      -2.39   -0.32    1.78    0.00000    51.74  LINEAR    5.33011E+01    86.86    6.75984E+01    86.86
   25.00   220.00      -2.76   -0.38    1.60    0.00000    52.75  LINEAR    5.10799E+01    86.87    6.71678E+01    86.87
   30.00   220.00      -3.22   -0.44    1.40    0.00000    53.99  LINEAR    4.84488E+01    86.88    6.66713E+01    86.88
   35.00   220.00      -3.77   -0.52    1.16    0.00000    55.50  LINEAR    4.54511E+01    86.90    6.61251E+01    86.90
   40.00   220.00      -4.43   -0.59    0.91    0.00000    57.27  LINEAR    4.21325E+01    86.91    6.55466E+01    86.91
   45.00   220.00      -5.20   -0.67    0.64    0.00000    59.32  LINEAR    3.85392E+01    86.92    6.49537E+01    86.92
   50.00   220.00      -6.11   -0.75    0.36    0.00000    61.66  LINEAR    3.47159E+01    86.94    6.43646E+01    86.94
   55.00   220.00      -7.18   -0.83    0.08    0.00000    64.30  LINEAR    3.07048E+01    86.95    6.37972E+01    86.95
   60.00   220.00      -8.44   -0.90   -0.20    0.00000    67.24  LINEAR    2.65441E+01    86.97    6.32680E+01    86.97
   65.00   220.00      -9.97   -0.96   -0.45    0.00000    70.47  LINEAR    2.22674E+01    86.98    6.27924E+01    86.98
   70.00   220.00     -11.86   -1.02   -0.68    0.00000    73.99  LINEAR    1.79035E+01    86.99    6.23839E+01    86.99
   75.00   220.00     -14.33   -1.07   -0.87    0.00000    77.75  LINEAR    1.34766E+01    87.00    6.20539E+01    87.00
   80.00   220.00     -17.83   -1.10   -1.01    0.00000    81.71  LINEAR    9.00645E+00    87.01    6.18116E+01    87.01
   85.00   220.00     -23.84   -1.12   -1.10    0.00000    85.82  LINEAR    4.50960E+00    87.01    6.16635E+01    87.01
   90.00   220.00    -999.99   -1.13   -1.13    0.00000    90.00  LINEAR    0.00000E+00     0.00    6.16137E+01    87.01
   95.00   220.00     -23.84   -1.12   -1.10    0.00000   -85.82  LINEAR    4.50960E+00   -92.99    6.16635E+01    87.01
  100.00   220.00     -17.83   -1.10   -1.01    0.00000   -81.71  LINEAR    9.00645E+00   -92.99    6.18116E+01    87.01
  105.00   220.00     -14.33   -1.07   -0.87    0.00000   -77.75  LINEAR    1.34766E+01   -93.00    6.20539E+01    87.00
  110.00   220.00     -11.86   -1.02   -0.68    0.00000   -73.99  LINEAR    1.79035E+01   -93.01    6.23839E+01    86.99
  115.00   220.00      -9.97   -0.96   -0.45    0.00000   -70.47  LINEAR    2.22674E+01   -93.02    6.27924E+01    86.98
  120.00   220.00      -8.44   -0.90   -0.20    0.00000   -67.24  LINEAR    2.65441E+01   -93.03    6.32680E+01    86.97
  125.00   220.00      -7.18   -0.83    0.08    0.00000   -64.30  LINEAR    3.07048E+01   -93.05    6.37972E+01    86.95
  130.00   220.00      -6.11   -0.75    0.36    0.00000   -61.66  LINEAR    3.47159E+01   -93.06    6.43646E+01    86.94
  135.00   220.00      -5.20   -0.67    0.64    0.00000   -59.32  LINEAR    3.85392E+01   -93.08    6.49537E+01    86.92
  140.00   220.00      -4.43   -0.59    0.91    0.00000   -57.27  LINEAR    4.21325E+01   -93.09    6.55466E+01    86.91
  145.00   220.00      -3.77   -0.52    1.16    0.00000   -55.50  LINEAR    4.54511E+01   -93.10    6.61251E+01    86.90
  150.00   220.00      -3.22   -0.44    1.40    0.00000   -53.99  LINEAR    4.84488E+01   -93.12    6.66713E+01    86.88
  155.00   220.00      -2.76   -0.38    1.60    0.00000   -52.75  LINEAR    5.10799E+01   -93.13    6.71678E+01    86.87
  160.00   220.00      -2.39   -0.32    1.78    0.00000   -51.74  LINEAR    5.33011E+01   -93.14    6.75984E+01    86.86
  165.00   220.00      -2.10   -0.28    1.91    0.00000   -50.97  LINEAR    5.50734E+01   -93.15    6.79492E+01    86.85
  170.00   220.00      -1.90   -0.25    2.01    0.00000   -50.43  LINEAR    5.63643E+01   -93.16    6.82085E+01    86.84
  175.00   220.00      -1.78   -0.23    2.08    0.00000   -50.11  LINEAR    5.71490E+01   -93.16    6.83677E+01    86.84
  180.00   220.00      -1.74   -0.22    2.10    0.00000   -50.00  LINEAR    5.74123E+01   -93.16    6.84214E+01    86.84
    0.00   225.00      -0.91   -0.91    2.10    0.00000    45.00  LINEAR    6.31572E+01    86.84    6.31572E+01    86.84
    5.00   225.00      -0.96   -0.92    2.07    0.00000    45.11  LINEAR    6.28571E+01    86.84    6.30972E+01    86.84
   10.00   225.00      -1.08   -0.95    2.00    0.00000    45.44  LINEAR    6.19636E+01    86.85    6.29195E+01    86.85
   15.00   225.00      -1.29   -0.99    1.87    0.00000    45.99  LINEAR    6.04960E+01    86.85    6.26301E+01    86.85
   20.00   225.00      -1.58   -1.04    1.71    0.00000    46.78  LINEAR    5.84853E+01    86.86    6.22388E+01    86.86
   25.00   225.00      -1.96   -1.11    1.50    0.00000    47.81  LINEAR    5.59725E+01    86.88    6.17588E+01    86.88
   30.00   225.00      -2.44   -1.19    1.24    0.00000    49.11  LINEAR    5.30061E+01    86.89    6.12061E+01    86.89
   35.00   225.00      -3.01   -1.27    0.96    0.00000    50.68  LINEAR    4.96396E+01    86.91    6.05988E+01    86.91
   40.00   225.00      -3.68   -1.37    0.64    0.00000    52.55  LINEAR    4.59292E+01    86.92    5.99563E+01    86.92
   45.00   225.00      -4.47   -1.46    0.30    0.00000    54.74  LINEAR    4.19306E+01    86.94    5.92988E+01    86.94
   50.00   225.00      -5.40   -1.56   -0.06    0.00000    57.27  LINEAR    3.76972E+01    86.96    5.86464E+01    86.96
   55.00   225.00      -6.48   -1.65   -0.42    0.00000    60.16  LINEAR    3.32782E+01    86.98    5.80188E+01    86.98
   60.00   225.00      -7.76   -1.74   -0.77    0.00000    63.43  LINEAR    2.87171E+01    87.00    5.74343E+01    87.00
   65.00   225.00      -9.30   -1.82   -1.11    0.00000    67.09  LINEAR    2.40510E+01    87.01    5.69096E+01    87.01
   70.00   225.00     -11.21   -1.89   -1.41    0.00000    71.12  LINEAR    1.93103E+01    87.03    5.64595E+01    87.03
   75.00   225.00     -13.68   -1.94   -1.66    0.00000    75.49  LINEAR    1.45188E+01    87.04    5.60962E+01    87.04
   80.00   225.00     -17.19   -1.99   -1.86    0.00000    80.15  LINEAR    9.69470E+00    87.05    5.58295E+01    87.05
   85.00   225.00     -23.21   -2.01   -1.98    0.00000    85.02  LINEAR    4.85167E+00    87.05    5.56667E+01    87.05
   90.00   225.00    -999.99   -2.02   -2.02    0.00000    90.00  LINEAR    0.00000E+00     0.00    5.56120E+01    87.05
   95.00   225.00     -23.21   -2.01   -1.98    0.00000   -85.02  LINEAR    4.85167E+00   -92.95    5.56667E+01    87.05
  100.00   225.00     -17.19   -1.99   -1.86    0.00000   -80.15  LINEAR    9.69470E+00   -92.95    5.58295E+01    87.05
  105.00   225.00     -13.68   -1.94   -1.66    0.00000   -75.49  LINEAR    1.45188E+01   -92.96    5.60962E+01    87.04
  110.00   225.00     -11.21   -1.89   -1.41    0.00000   -71.12  LINEAR    1.93103E+01   -92.97    5.64595E+01    87.03
  115.00   225.00      -9.30   -1.82   -1.11    0.00000   -67.09  LINEAR    2.40510E+01   -92.99    5.69096E+01    87.01
  120.00   225.00      -7.76   -1.74   -0.77    0.00000   -63.43  LINEAR    2.87171E+01   -93.00    5.74343E+01    87.00
  125.00   225.00      -6.48   -1.65   -0.42    0.00000   -60.16  LINEAR    3.32782E+01   -93.02    5.80188E+01    86.98
  130.00   225.00      -5.40   -1.56   -0.06    0.00000   -57.27  LINEAR    3.76972E+01   -93.04    5.86464E+01    86.96
  135.00   225.00      -4.47   -1.46    0.30    0.00000   -54.74  LINEAR    4.19306E+01   -93.06    5.92988E+01    86.94
  140.00   225.00      -3.68   -1.37    0.64    0.00000   -52.55  LINEAR    4.59292E+01   -93.08    5.99563E+01    86.92
  145.00   225.00      -3.01   -1.27    0.96    0.00000   -50.68  LINEAR    4.96396E+01   -93.09    6.05988E+01    86.91
  150.00   225.00      -2.44   -1.19    1.24    0.00000   -49.11  LINEAR    5.30061E+01   -93.11    6.12061E+01    86.89
  155.00   225.00      -1.96   -1.11    1.50    0.00000   -47.81  LINEAR    5.59725E+01   -93.12    6.17588E+01    86.88
  160.00   225.00      -1.58   -1.04    1.71    0.00000   -46.78  LINEAR    5.84853E+01   -93.14    6.22388E+01    86.86
  165.00   225.00      -1.29   -0.99    1.87    0.00000   -45.99  LINEAR    6.04960E+01   -93.15    6.26301E+01    86.85
  170.00   225.00      -1.08   -0.95    2.00    0.00000   -45.44  LINEAR    6.19636E+01   -93.15    6.29195E+01    86.85
  175.00   225.00      -0.96   -0.92    2.07    0.00000   -45.11  LINEAR    6.28571E+01   -93.16    6.30972E+01    86.84
  180.00   225.00      -0.91   -0.91    2.10    0.00000   -45.00  LINEAR    6.31572E+01   -93.16    6.31572E+01    86.84
    0.00   230.00      -0.22   -1.74    2.10    0.00000    40.00  LINEAR    6.84214E+01    86.84    5.74123E+01    86.84
    5.00   230.00      -0.26   -1.75    2.07    0.00000    40.11  LINEAR    6.80851E+01    86.84    5.73484E+01    86.84
   10.00   230.00      -0.39   -1.78    1.98    0.00000    40.43  LINEAR    6.70844E+01    86.85    5.71588E+01    86.85
   15.00   230.00      -0.61   -1.83    1.84    0.00000    40.98  LINEAR    6.54429E+01    86.86    5.68503E+01    86.86
   20.00   230.00      -0.91   -1.89    1.64    0.00000    41.76  LINEAR    6.31988E+01    86.87    5.64334E+01    86.87
   25.00   230.00      -1.30   -1.97    1.39    0.00000    42.79  LINEAR    6.04017E+01    86.88    5.59225E+01    86.88
   30.00   230.00      -1.79   -2.06    1.09    0.00000    44.10  LINEAR    5.71105E+01    86.90    5.53349E+01    86.90
   35.00   230.00      -2.37   -2.16    0.74    0.00000    45.69  LINEAR    5.33897E+01    86.92    5.46898E+01    86.92
   40.00   230.00      -3.06   -2.27    0.36    0.00000    47.61  LINEAR    4.93062E+01    86.94    5.40083E+01    86.94
   45.00   230.00      -3.87   -2.39   -0.06    0.00000    49.88  LINEAR    4.49258E+01    86.96    5.33119E+01    86.96
   50.00   230.00      -4.81   -2.50   -0.49    0.00000    52.55  LINEAR    4.03107E+01    86.98    5.26219E+01    86.98
   55.00   230.00      -5.91   -2.61   -0.94    0.00000    55.64  LINEAR    3.55171E+01    87.01    5.19589E+01    87.01
   60.00   230.00      -7.21   -2.71   -1.39    0.00000    59.21  LINEAR    3.05937E+01    87.03    5.13423E+01    87.03
   65.00   230.00      -8.76   -2.81   -1.83    0.00000    63.27  LINEAR    2.55805E+01    87.04    5.07895E+01    87.04
   70.00   230.00     -10.68   -2.89   -2.22    0.00000    67.82  LINEAR    2.05089E+01    87.06    5.03157E+01    87.06
   75.00   230.00     -13.17   -2.96   -2.56    0.00000    72.86  LINEAR    1.54020E+01    87.07    4.99337E+01    87.07
   80.00   230.00     -16.69   -3.00   -2.82    0.00000    78.31  LINEAR    1.02756E+01    87.08    4.96535E+01    87.08
   85.00   230.00     -22.70   -3.03   -2.99    0.00000    84.07  LINEAR    5.13965E+00    87.09    4.94825E+01    87.09
   90.00   230.00    -999.99   -3.04   -3.04    0.00000    90.00  LINEAR    0.00000E+00     0.00    4.94250E+01    87.09
   95.00   230.00     -22.70   -3.03   -2.99    0.00000   -84.07  LINEAR    5.13965E+00   -92.91    4.94825E+01    87.09
  100.00   230.00     -16.69   -3.00   -2.82    0.00000   -78.31  LINEAR    1.02756E+01   -92.92    4.96535E+01    87.08
  105.00   230.00     -13.17   -2.96   -2.56    0.00000   -72.86  LINEAR    1.54020E+01   -92.93    4.99337E+01    87.07
  110.00   230.00     -10.68   -2.89   -2.22    0.00000   -67.82  LINEAR    2.05089E+01   -92.94    5.03157E+01    87.06
  115.00   230.00      -8.76   -2.81   -1.83    0.00000   -63.27  LINEAR    2.55805E+01   -92.96    5.07895E+01    87.04
  120.00   230.00      -7.21   -2.71   -1.39    0.00000   -59.21  LINEAR    3.05937E+01   -92.97    5.13423E+01    87.03
  125.00   230.00      -5.91   -2.61   -0.94    0.00000   -55.64  LINEAR    3.55171E+01   -92.99    5.19589E+01    87.01
  130.00   230.00      -4.81   -2.50   -0.49    0.00000   -52.55  LINEAR    4.03107E+01   -93.02    5.26219E+01    86.98
  135.00   230.00      -3.87   -2.39   -0.06    0.00000   -49.88  LINEAR    4.49258E+01   -93.04    5.33119E+01    86.96
  140.00   230.00      -3.06   -2.27    0.36    0.00000   -47.61  LINEAR    4.93062E+01   -93.06    5.40083E+01    86.94
  145.00   230.00      -2.37   -2.16    0.74    0.00000   -45.69  LINEAR    5.33897E+01   -93.08    5.46898E+01    86.92
  150.00   230.00      -1.79   -2.06    1.09    0.00000   -44.10  LINEAR    5.71105E+01   -93.10    5.53349E+01    86.90
  155.00   230.00      -1.30   -1.97    1.39    0.00000   -42.79  LINEAR    6.04017E+01   -93.12    5.59225E+01    86.88
  160.00   230.00      -0.91   -1.89    1.64    0.00000   -41.76  LINEAR    6.31988E+01   -93.13    5.64334E+01    86.87
  165.00   230.00      -0.61   -1.83    1.84    0.00000   -40.98  LINEAR    6.54429E+01   -93.14    5.68503E+01    86.86
  170.00   230.00      -0.39   -1.78    1.98    0.00000   -40.43  LINEAR    6.70844E+01   -93.15    5.71588E+01    86.85
  175.00   230.00      -0.26   -1.75    2.07    0.00000   -40.11  LINEAR    6.80851E+01   -93.16    5.73484E+01    86.84
  180.00   230.00      -0.22   -1.74    2.10    0.00000   -40.00  LINEAR    6.84214E+01   -93.16    5.74123E+01    86.84
    0.00   235.00       0.36   -2.73    2.10    0.00000    35.00  LINEAR    7.31648E+01    86.84    5.12305E+01    86.84
    5.00   235.00       0.32   -2.74    2.06    0.00000    35.10  LINEAR    7.27936E+01    86.84    5.11653E+01    86.84
   10.00   235.00       0.19   -2.78    1.96    0.00000    35.41  LINEAR    7.16896E+01    86.85    5.09719E+01    86.85
   15.00   235.00      -0.04   -2.83    1.80    0.00000    35.94  LINEAR    6.98810E+01    86.86    5.06573E+01    86.86
   20.00   235.00      -0.35   -2.90    1.57    0.00000    36.69  LINEAR    6.74131E+01    86.87    5.02326E+01    86.87
   25.00   235.00      -0.75   -2.99    1.28    0.00000    37.69  LINEAR    6.43449E+01    86.89    4.97125E+01    86.89
   30.00   235.00      -1.25   -3.10    0.93    0.00000    38.96  LINEAR    6.07458E+01    86.91    4.91148E+01    86.91
   35.00   235.00      -1.85   -3.22    0.53    0.00000    40.52  LINEAR    5.66914E+01    86.93    4.84596E+01    86.93
   40.00   235.00      -2.56   -3.34    0.08    0.00000    42.43  LINEAR    5.22596E+01    86.95    4.77682E+01    86.95
   45.00   235.00      -3.38   -3.47   -0.42    0.00000    44.72  LINEAR    4.75262E+01    86.98    4.70625E+01    86.98
   50.00   235.00      -4.34   -3.60   -0.94    0.00000    47.45  LINEAR    4.25622E+01    87.01    4.63643E+01    87.01
   55.00   235.00      -5.46   -3.73   -1.50    0.00000    50.68  LINEAR    3.74307E+01    87.03    4.56944E+01    87.03
   60.00   235.00      -6.77   -3.84   -2.06    0.00000    54.47  LINEAR    3.21848E+01    87.05    4.50721E+01    87.05
   65.00   235.00      -8.34   -3.95   -2.60    0.00000    58.89  LINEAR    2.68674E+01    87.08    4.45148E+01    87.08
   70.00   235.00     -10.27   -4.05   -3.12    0.00000    63.97  LINEAR    2.15105E+01    87.10    4.40378E+01    87.10
   75.00   235.00     -12.77   -4.12   -3.57    0.00000    69.71  LINEAR    1.61357E+01    87.11    4.36534E+01    87.11
   80.00   235.00     -16.29   -4.18   -3.92    0.00000    76.07  LINEAR    1.07560E+01    87.12    4.33718E+01    87.12
   85.00   235.00     -22.31   -4.21   -4.15    0.00000    82.90  LINEAR    5.37715E+00    87.13    4.31999E+01    87.13
   90.00   235.00    -999.99   -4.22   -4.22    0.00000    90.00  LINEAR    0.00000E+00     0.00    4.31421E+01    87.13
   95.00   235.00     -22.31   -4.21   -4.15    0.00000   -82.90  LINEAR    5.37715E+00   -92.87    4.31999E+01    87.13
  100.00   235.00     -16.29   -4.18   -3.92    0.00000   -76.07  LINEAR    1.07560E+01   -92.88    4.33718E+01    87.12
  105.00   235.00     -12.77   -4.12   -3.57    0.00000   -69.71  LINEAR    1.61357E+01   -92.89    4.36534E+01    87.11
  110.00   235.00     -10.27   -4.05   -3.12    0.00000   -63.97  LINEAR    2.15105E+01   -92.90    4.40378E+01    87.10
  115.00   235.00      -8.34   -3.95   -2.60    0.00000   -58.89  LINEAR    2.68674E+01   -92.92    4.45148E+01    87.08
  120.00   235.00      -6.77   -3.84   -2.06    0.00000   -54.47  LINEAR    3.21848E+01   -92.95    4.50721E+01    87.05
  125.00   235.00      -5.46   -3.73   -1.50    0.00000   -50.68  LINEAR    3.74307E+01   -92.97    4.56944E+01    87.03
  130.00   235.00      -4.34   -3.60   -0.94    0.00000   -47.45  LINEAR    4.25622E+01   -92.99    4.63643E+01    87.01
  135.00   235.00      -3.38   -3.47   -0.42    0.00000   -44.72  LINEAR    4.75262E+01   -93.02    4.70625E+01    86.98
  140.00   235.00      -2.56   -3.34    0.08    0.00000   -42.43  LINEAR    5.22596E+01   -93.05    4.77682E+01    86.95
  145.00   235.00      -1.85   -3.22    0.53    0.00000   -40.52  LINEAR    5.66914E+01   -93.07    4.84596E+01    86.93
  150.00   235.00      -1.25   -3.10    0.93    0.00000   -38.96  LINEAR    6.07458E+01   -93.09    4.91148E+01    86.91
  155.00   235.00      -0.75   -2.99    1.28    0.00000   -37.69  LINEAR    6.43449E+01   -93.11    4.97125E+01    86.89
  160.00   235.00      -0.35   -2.90    1.57    0.00000   -36.69  LINEAR    6.74131E+01   -93.13    5.02326E+01    86.87
  165.00   235.00      -0.04   -2.83    1.80    0.00000   -35.94  LINEAR    6.98810E+01   -93.14    5.06573E+01    86.86
  170.00   235.00       0.19   -2.78    1.96    0.00000   -35.41  LINEAR    7.16896E+01   -93.15    5.09719E+01    86.85
  175.00   235.00       0.32   -2.74    2.06    0.00000   -35.10  LINEAR    7.27936E+01   -93.16    5.11653E+01    86.84
  180.00   235.00       0.36   -2.73    2.10    0.00000   -35.00  LINEAR    7.31648E+01   -93.16    5.12305E+01    86.84
    0.00   240.00       0.85   -3.92    2.10    0.00000    30.00  LINEAR    7.73514E+01    86.84    4.46589E+01    86.84
    5.00   240.00       0.80   -3.94    2.06    0.00000    30.09  LINEAR    7.69474E+01    86.84    4.45953E+01    86.84
   10.00   240.00       0.66   -3.97    1.95    0.00000    30.38  LINEAR    7.57466E+01    86.85    4.44070E+01    86.85
   15.00   240.00       0.44   -4.03    1.76    0.00000    30.87  LINEAR    7.37818E+01    86.86    4.41006E+01    86.86
   20.00   240.00       0.12   -4.12    1.51    0.00000    31.57  LINEAR    7.11053E+01    86.88    4.36873E+01    86.88
   25.00   240.00      -0.30   -4.22    1.18    0.00000    32.50  LINEAR    6.77853E+01    86.89    4.31816E+01    86.89
   30.00   240.00      -0.81   -4.33    0.78    0.00000    33.69  LINEAR    6.39016E+01    86.92    4.26011E+01    86.92
   35.00   240.00      -1.43   -4.47    0.32    0.00000    35.18  LINEAR    5.95409E+01    86.94    4.19653E+01    86.94
   40.00   240.00      -2.15   -4.61   -0.20    0.00000    37.00  LINEAR    5.47917E+01    86.97    4.12952E+01    86.97
   45.00   240.00      -2.99   -4.75   -0.77    0.00000    39.23  LINEAR    4.97396E+01    87.00    4.06122E+01    87.00
   50.00   240.00      -3.96   -4.90   -1.39    0.00000    41.93  LINEAR    4.44637E+01    87.03    3.99372E+01    87.03
   55.00   240.00      -5.09   -5.04   -2.06    0.00000    45.19  LINEAR    3.90336E+01    87.05    3.92904E+01    87.05
   60.00   240.00      -6.42   -5.17   -2.74    0.00000    49.11  LINEAR    3.35068E+01    87.08    3.86903E+01    87.08
   65.00   240.00      -8.00   -5.29   -3.43    0.00000    53.80  LINEAR    2.79282E+01    87.11    3.81535E+01    87.11
   70.00   240.00      -9.95   -5.40   -4.09    0.00000    59.36  LINEAR    2.23300E+01    87.13    3.76944E+01    87.13
   75.00   240.00     -12.45   -5.48   -4.69    0.00000    65.85  LINEAR    1.67323E+01    87.15    3.73249E+01    87.15
   80.00   240.00     -15.98   -5.55   -5.17    0.00000    73.26  LINEAR    1.11447E+01    87.16    3.70542E+01    87.16
   85.00   240.00     -22.01   -5.59   -5.49    0.00000    81.42  LINEAR    5.56872E+00    87.17    3.68892E+01    87.17
   90.00   240.00    -999.99   -5.60   -5.60    0.00000    90.00  LINEAR    0.00000E+00     0.00    3.68337E+01    87.17
   95.00   240.00     -22.01   -5.59   -5.49    0.00000   -81.42  LINEAR    5.56872E+00   -92.83    3.68892E+01    87.17
  100.00   240.00     -15.98   -5.55   -5.17    0.00000   -73.26  LINEAR    1.11447E+01   -92.84    3.70542E+01    87.16
  105.00   240.00     -12.45   -5.48   -4.69    0.00000   -65.85  LINEAR    1.67323E+01   -92.85    3.73249E+01    87.15
  110.00   240.00      -9.95   -5.40   -4.09    0.00000   -59.36  LINEAR    2.23300E+01   -92.87    3.76944E+01    87.13
  115.00   240.00      -8.00   -5.29   -3.43    0.00000   -53.80  LINEAR    2.79282E+01   -92.89    3.81535E+01    87.11
  120.00   240.00      -6.42   -5.17   -2.74    0.00000   -49.11  LINEAR    3.35068E+01   -92.92    3.86903E+01    87.08
  125.00   240.00      -5.09   -5.04   -2.06    0.00000   -45.19  LINEAR    3.90336E+01   -92.95    3.92904E+01    87.05
  130.00   240.00      -3.96   -4.90   -1.39    0.00000   -41.93  LINEAR    4.44637E+01   -92.97    3.99372E+01    87.03
  135.00   240.00      -2.99   -4.75   -0.77    0.00000   -39.23  LINEAR    4.97396E+01   -93.00    4.06122E+01    87.00
  140.00   240.00      -2.15   -4.61   -0.20    0.00000   -37.00  LINEAR    5.47917E+01   -93.03    4.12952E+01    86.97
  145.00   240.00      -1.43   -4.47    0.32    0.00000   -35.18  LINEAR    5.95409E+01   -93.06    4.19653E+01    86.94
  150.00   240.00      -0.81   -4.33    0.78    0.00000   -33.69  LINEAR    6.39016E+01   -93.08    4.26011E+01    86.92
  155.00   240.00      -0.30   -4.22    1.18    0.00000   -32.50  LINEAR    6.77853E+01   -93.11    4.31816E+01    86.89
  160.00   240.00       0.12   -4.12    1.51    0.00000   -31.57  LINEAR    7.11053E+01   -93.12    4.36873E+01    86.88
  165.00   240.00       0.44   -4.03    1.76    0.00000   -30.87  LINEAR    7.37818E+01   -93.14    4.41006E+01    86.86
  170.00   240.00       0.66   -3.97    1.95    0.00000   -30.38  LINEAR    7.57466E+01   -93.15    4.44070E+01    86.85
  175.00   240.00       0.80   -3.94    2.06    0.00000   -30.09  LINEAR    7.69474E+01   -93.16    4.45953E+01    86.84
  180.00   240.00       0.85   -3.92    2.10    0.00000   -30.00  LINEAR    7.73514E+01   -93.16    4.46589E+01    86.84
    0.00   245.00       1.24   -5.39    2.10    0.00000    25.00  LINEAR    8.09494E+01    86.84    3.77473E+01    86.84
    5.00   245.00       1.19   -5.40    2.06    0.00000    25.08  LINEAR    8.05156E+01    86.84    3.76885E+01    86.84
   10.00   245.00       1.05   -5.44    1.93    0.00000    25.34  LINEAR    7.92272E+01    86.85    3.75142E+01    86.85
   15.00   245.00       0.82   -5.50    1.73    0.00000    25.77  LINEAR    7.71211E+01    86.86    3.72308E+01    86.86
   20.00   245.00       0.49   -5.59    1.45    0.00000    26.39  LINEAR    7.42565E+01    86.88    3.68486E+01    86.88
   25.00   245.00       0.07   -5.71    1.09    0.00000    27.23  LINEAR    7.07103E+01    86.90    3.63814E+01    86.90
   30.00   245.00      -0.46   -5.83    0.65    0.00000    28.30  LINEAR    6.65722E+01    86.92    3.58455E+01    86.92
   35.00   245.00      -1.08   -5.98    0.14    0.00000    29.65  LINEAR    6.19390E+01    86.95    3.52592E+01    86.95
   40.00   245.00      -1.82   -6.13   -0.45    0.00000    31.33  LINEAR    5.69092E+01    86.98    3.46419E+01    86.98
   45.00   245.00      -2.67   -6.29   -1.11    0.00000    33.40  LINEAR    5.15776E+01    87.01    3.40133E+01    87.01
   50.00   245.00      -3.66   -6.45   -1.83    0.00000    35.96  LINEAR    4.60309E+01    87.04    3.33929E+01    87.04
   55.00   245.00      -4.81   -6.61   -2.60    0.00000    39.11  LINEAR    4.03442E+01    87.08    3.27991E+01    87.08
   60.00   245.00      -6.15   -6.75   -3.43    0.00000    43.00  LINEAR    3.45788E+01    87.11    3.22488E+01    87.11
   65.00   245.00      -7.74   -6.89   -4.28    0.00000    47.81  LINEAR    2.87816E+01    87.13    3.17570E+01    87.13
   70.00   245.00      -9.69   -7.00   -5.13    0.00000    53.74  LINEAR    2.29844E+01    87.16    3.13368E+01    87.16
   75.00   245.00     -12.21   -7.10   -5.93    0.00000    60.97  LINEAR    1.72055E+01    87.18    3.09988E+01    87.18
   80.00   245.00     -15.75   -7.17   -6.60    0.00000    69.58  LINEAR    1.14515E+01    87.19    3.07514E+01    87.19
   85.00   245.00     -21.78   -7.21   -7.06    0.00000    79.41  LINEAR    5.71943E+00    87.20    3.06006E+01    87.20
   90.00   245.00    -999.99   -7.22   -7.22    0.00000    90.00  LINEAR    0.00000E+00     0.00    3.05499E+01    87.21
   95.00   245.00     -21.78   -7.21   -7.06    0.00000   -79.41  LINEAR    5.71943E+00   -92.80    3.06006E+01    87.20
  100.00   245.00     -15.75   -7.17   -6.60    0.00000   -69.58  LINEAR    1.14515E+01   -92.81    3.07514E+01    87.19
  105.00   245.00     -12.21   -7.10   -5.93    0.00000   -60.97  LINEAR    1.72055E+01   -92.82    3.09988E+01    87.18
  110.00   245.00      -9.69   -7.00   -5.13    0.00000   -53.74  LINEAR    2.29844E+01   -92.84    3.13368E+01    87.16
  115.00   245.00      -7.74   -6.89   -4.28    0.00000   -47.81  LINEAR    2.87816E+01   -92.87    3.17570E+01    87.13
  120.00   245.00      -6.15   -6.75   -3.43    0.00000   -43.00  LINEAR    3.45788E+01   -92.89    3.22488E+01    87.11
  125.00   245.00      -4.81   -6.61   -2.60    0.00000   -39.11  LINEAR    4.03442E+01   -92.92    3.27991E+01    87.08
  130.00   245.00      -3.66   -6.45   -1.83    0.00000   -35.96  LINEAR    4.60309E+01   -92.96    3.33929E+01    87.04
  135.00   245.00      -2.67   -6.29   -1.11    0.00000   -33.40  LINEAR    5.15776E+01   -92.99    3.40133E+01    87.01
  140.00   245.00      -1.82   -6.13   -0.45    0.00000   -31.33  LINEAR    5.69092E+01   -93.02    3.46419E+01    86.98
  145.00   245.00      -1.08   -5.98    0.14    0.00000   -29.65  LINEAR    6.19390E+01   -93.05    3.52592E+01    86.95
  150.00   245.00      -0.46   -5.83    0.65    0.00000   -28.30  LINEAR    6.65722E+01   -93.08    3.58455E+01    86.92
  155.00   245.00       0.07   -5.71    1.09    0.00000   -27.23  LINEAR    7.07103E+01   -93.10    3.63814E+01    86.90
  160.00   245.00       0.49   -5.59    1.45    0.00000   -26.39  LINEAR    7.42565E+01   -93.12    3.68486E+01    86.88
  165.00   245.00       0.82   -5.50    1.73    0.00000   -25.77  LINEAR    7.71211E+01   -93.14    3.72308E+01    86.86
  170.00   245.00       1.05   -5.44    1.93    0.00000   -25.34  LINEAR    7.92272E+01   -93.15    3.75142E+01    86.85
  175.00   245.00       1.19   -5.40    2.06    0.00000   -25.08  LINEAR    8.05156E+01   -93.16    3.76885E+01    86.84
  180.00   245.00       1.24   -5.39    2.10    0.00000   -25.00  LINEAR    8.09494E+01   -93.16    3.77473E+01    86.84
    0.00   250.00       1.56   -7.22    2.10    0.00000    20.00  LINEAR    8.39312E+01    86.84    3.05485E+01    86.84
    5.00   250.00       1.51   -7.24    2.05    0.00000    20.07  LINEAR    8.34717E+01    86.84    3.04973E+01    86.84
   10.00   250.00       1.36   -7.28    1.92    0.00000    20.28  LINEAR    8.21074E+01    86.85    3.03457E+01    86.85
   15.00   250.00       1.13   -7.35    1.70    0.00000    20.65  LINEAR    7.98792E+01    86.86    3.00992E+01    86.86
   20.00   250.00       0.79   -7.45    1.40    0.00000    21.17  LINEAR    7.68523E+01    86.88    2.97671E+01    86.88
   25.00   250.00       0.36   -7.57    1.01    0.00000    21.88  LINEAR    7.31114E+01    86.90    2.93613E+01    86.90
   30.00   250.00      -0.18   -7.71    0.53    0.00000    22.80  LINEAR    6.87551E+01    86.93    2.88962E+01    86.93
   35.00   250.00      -0.81   -7.86   -0.03    0.00000    23.96  LINEAR    6.38894E+01    86.96    2.83877E+01    86.96
   40.00   250.00      -1.56   -8.03   -0.68    0.00000    25.41  LINEAR    5.86217E+01    86.99    2.78529E+01    86.99
   45.00   250.00      -2.43   -8.20   -1.41    0.00000    27.24  LINEAR    5.30545E+01    87.03    2.73088E+01    87.03
   50.00   250.00      -3.43   -8.37   -2.22    0.00000    29.52  LINEAR    4.72813E+01    87.06    2.67724E+01    87.06
   55.00   250.00      -4.59   -8.54   -3.12    0.00000    32.40  LINEAR    4.13820E+01    87.10    2.62594E+01    87.10
   60.00   250.00      -5.94   -8.70   -4.09    0.00000    36.05  LINEAR    3.54212E+01    87.13    2.57845E+01    87.13
   65.00   250.00      -7.54   -8.84   -5.13    0.00000    40.74  LINEAR    2.94469E+01    87.16    2.53605E+01    87.16
   70.00   250.00      -9.51   -8.96   -6.22    0.00000    46.78  LINEAR    2.34908E+01    87.19    2.49984E+01    87.19
   75.00   250.00     -12.03   -9.07   -7.29    0.00000    54.58  LINEAR    1.75694E+01    87.21    2.47074E+01    87.21
   80.00   250.00     -15.57   -9.14   -8.25    0.00000    64.49  LINEAR    1.16862E+01    87.22    2.44945E+01    87.22
   85.00   250.00     -21.60   -9.19   -8.95    0.00000    76.53  LINEAR    5.83435E+00    87.23    2.43648E+01    87.23
   90.00   250.00    -999.99   -9.20   -9.20    0.00000    90.00  LINEAR    0.00000E+00     0.00    2.43212E+01    87.24
   95.00   250.00     -21.60   -9.19   -8.95    0.00000   -76.53  LINEAR    5.83435E+00   -92.77    2.43648E+01    87.23
  100.00   250.00     -15.57   -9.14   -8.25    0.00000   -64.49  LINEAR    1.16862E+01   -92.78    2.44945E+01    87.22
  105.00   250.00     -12.03   -9.07   -7.29    0.00000   -54.58  LINEAR    1.75694E+01   -92.79    2.47074E+01    87.21
  110.00   250.00      -9.51   -8.96   -6.22    0.00000   -46.78  LINEAR    2.34908E+01   -92.81    2.49984E+01    87.19
  115.00   250.00      -7.54   -8.84   -5.13    0.00000   -40.74  LINEAR    2.94469E+01   -92.84    2.53605E+01    87.16
  120.00   250.00      -5.94   -8.70   -4.09    0.00000   -36.05  LINEAR    3.54212E+01   -92.87    2.57845E+01    87.13
  125.00   250.00      -4.59   -8.54   -3.12    0.00000   -32.40  LINEAR    4.13820E+01   -92.90    2.62594E+01    87.10
  130.00   250.00      -3.43   -8.37   -2.22    0.00000   -29.52  LINEAR    4.72813E+01   -92.94    2.67724E+01    87.06
  135.00   250.00      -2.43   -8.20   -1.41    0.00000   -27.24  LINEAR    5.30545E+01   -92.97    2.73088E+01    87.03
  140.00   250.00      -1.56   -8.03   -0.68    0.00000   -25.41  LINEAR    5.86217E+01   -93.01    2.78529E+01    86.99
  145.00   250.00      -0.81   -7.86   -0.03    0.00000   -23.96  LINEAR    6.38894E+01   -93.04    2.83877E+01    86.96
  150.00   250.00      -0.18   -7.71    0.53    0.00000   -22.80  LINEAR    6.87551E+01   -93.07    2.88962E+01    86.93
  155.00   250.00       0.36   -7.57    1.01    0.00000   -21.88  LINEAR    7.31114E+01   -93.10    2.93613E+01    86.90
  160.00   250.00       0.79   -7.45    1.40    0.00000   -21.17  LINEAR    7.68523E+01   -93.12    2.97671E+01    86.88
  165.00   250.00       1.13   -7.35    1.70    0.00000   -20.65  LINEAR    7.98792E+01   -93.14    3.00992E+01    86.86
  170.00   250.00       1.36   -7.28    1.92    0.00000   -20.28  LINEAR    8.21074E+01   -93.15    3.03457E+01    86.85
  175.00   250.00       1.51   -7.24    2.05    0.00000   -20.07  LINEAR    8.34717E+01   -93.16    3.04973E+01    86.84
  180.00   250.00       1.56   -7.22    2.10    0.00000   -20.00  LINEAR    8.39312E+01   -93.16    3.05485E+01    86.84
    0.00   255.00       1.79   -9.64    2.10    0.00000    15.00  LINEAR    8.62743E+01    86.84    2.31171E+01    86.84
    5.00   255.00       1.75   -9.66    2.05    0.00000    15.05  LINEAR    8.57939E+01    86.84    2.30762E+01    86.84
   10.00   255.00       1.60   -9.71    1.91    0.00000    15.22  LINEAR    8.43677E+01    86.85    2.29550E+01    86.85
   15.00   255.00       1.36   -9.78    1.68    0.00000    15.50  LINEAR    8.20401E+01    86.86    2.27581E+01    86.86
   20.00   255.00       1.02   -9.88    1.36    0.00000    15.92  LINEAR    7.88815E+01    86.88    2.24927E+01    86.88
   25.00   255.00       0.58  -10.01    0.94    0.00000    16.47  LINEAR    7.49830E+01    86.91    2.21687E+01    86.91
   30.00   255.00       0.03  -10.15    0.43    0.00000    17.19  LINEAR    7.04505E+01    86.94    2.17975E+01    86.94
   35.00   255.00      -0.61  -10.32   -0.17    0.00000    18.11  LINEAR    6.53978E+01    86.97    2.13920E+01    86.97
   40.00   255.00      -1.37  -10.49   -0.87    0.00000    19.28  LINEAR    5.99395E+01    87.00    2.09658E+01    87.00
   45.00   255.00      -2.25  -10.67   -1.66    0.00000    20.75  LINEAR    5.41847E+01    87.04    2.05326E+01    87.04
   50.00   255.00      -3.26  -10.86   -2.56    0.00000    22.63  LINEAR    4.82322E+01    87.07    2.01058E+01    87.07
   55.00   255.00      -4.42  -11.03   -3.57    0.00000    25.04  LINEAR    4.21660E+01    87.11    1.96981E+01    87.11
   60.00   255.00      -5.78  -11.20   -4.69    0.00000    28.19  LINEAR    3.60531E+01    87.15    1.93208E+01    87.15
   65.00   255.00      -7.40  -11.36   -5.93    0.00000    32.38  LINEAR    2.99425E+01    87.18    1.89842E+01    87.18
   70.00   255.00      -9.37  -11.49   -7.29    0.00000    38.08  LINEAR    2.38655E+01    87.21    1.86970E+01    87.21
   75.00   255.00     -11.90  -11.60   -8.73    0.00000    45.99  LINEAR    1.78370E+01    87.23    1.84663E+01    87.23
   80.00   255.00     -15.44  -11.68  -10.15    0.00000    57.05  LINEAR    1.18580E+01    87.25    1.82975E+01    87.25
   85.00   255.00     -21.48  -11.72  -11.29    0.00000    71.98  LINEAR    5.91820E+00    87.26    1.81948E+01    87.26
   90.00   255.00    -999.99  -11.74  -11.74    0.00000    90.00  LINEAR    0.00000E+00     0.00    1.81602E+01    87.26
   95.00   255.00     -21.48  -11.72  -11.29    0.00000   -71.98  LINEAR    5.91820E+00   -92.74    1.81948E+01    87.26
  100.00   255.00     -15.44  -11.68  -10.15    0.00000   -57.05  LINEAR    1.18580E+01   -92.75    1.82975E+01    87.25
  105.00   255.00     -11.90  -11.60   -8.73    0.00000   -45.99  LINEAR    1.78370E+01   -92.77    1.84663E+01    87.23
  110.00   255.00      -9.37  -11.49   -7.29    0.00000   -38.08  LINEAR    2.38655E+01   -92.79    1.86970E+01    87.21
  115.00   255.00      -7.40  -11.36   -5.93    0.00000   -32.38  LINEAR    2.99425E+01   -92.82    1.89842E+01    87.18
  120.00   255.00      -5.78  -11.20   -4.69    0.00000   -28.19  LINEAR    3.60531E+01   -92.85    1.93208E+01    87.15
  125.00   255.00      -4.42  -11.03   -3.57    0.00000   -25.04  LINEAR    4.21660E+01   -92.89    1.96981E+01    87.11
  130.00   255.00      -3.26  -10.86   -2.56    0.00000   -22.63  LINEAR    4.82322E+01   -92.93    2.01058E+01    87.07
  135.00   255.00      -2.25  -10.67   -1.66    0.00000   -20.75  LINEAR    5.41847E+01   -92.96    2.05326E+01    87.04
  140.00   255.00      -1.37  -10.49   -0.87    0.00000   -19.28  LINEAR    5.99395E+01   -93.00    2.09658E+01    87.00
  145.00   255.00      -0.61  -10.32   -0.17    0.00000   -18.11  LINEAR    6.53978E+01   -93.03    2.13920E+01    86.97
  150.00   255.00       0.03  -10.15    0.43    0.00000   -17.19  LINEAR    7.04505E+01   -93.06    2.17975E+01    86.94
  155.00   255.00       0.58  -10.01    0.94    0.00000   -16.47  LINEAR    7.49830E+01   -93.09    2.21687E+01    86.91
  160.00   255.00       1.02   -9.88    1.36    0.00000   -15.92  LINEAR    7.88815E+01   -93.12    2.24927E+01    86.88
  165.00   255.00       1.36   -9.78    1.68    0.00000   -15.50  LINEAR    8.20401E+01   -93.14    2.27581E+01    86.86
  170.00   255.00       1.60   -9.71    1.91    0.00000   -15.22  LINEAR    8.43677E+01   -93.15    2.29550E+01    86.85
  175.00   255.00       1.75   -9.66    2.05    0.00000   -15.05  LINEAR    8.57939E+01   -93.16    2.30762E+01    86.84
  180.00   255.00       1.79   -9.64    2.10    0.00000   -15.00  LINEAR    8.62743E+01   -93.16    2.31171E+01    86.84
    0.00   260.00       1.96  -13.11    2.10    0.00000    10.00  LINEAR    8.79608E+01    86.84    1.55099E+01    86.84
    5.00   260.00       1.91  -13.13    2.05    0.00000    10.04  LINEAR    8.74648E+01    86.84    1.54813E+01    86.84
   10.00   260.00       1.77  -13.17    1.90    0.00000    10.15  LINEAR    8.59930E+01    86.85    1.53968E+01    86.85
   15.00   260.00       1.52  -13.25    1.66    0.00000    10.35  LINEAR    8.35921E+01    86.87    1.52595E+01    86.87
   20.00   260.00       1.18  -13.36    1.33    0.00000    10.63  LINEAR    8.03362E+01    86.89    1.50746E+01    86.89
   25.00   260.00       0.73  -13.49    0.89    0.00000    11.01  LINEAR    7.63217E+01    86.91    1.48488E+01    86.91
   30.00   260.00       0.18  -13.64    0.36    0.00000    11.51  LINEAR    7.16598E+01    86.94    1.45903E+01    86.94
   35.00   260.00      -0.47  -13.81   -0.27    0.00000    12.15  LINEAR    6.64700E+01    86.97    1.43080E+01    86.97
   40.00   260.00      -1.23  -13.99   -1.01    0.00000    12.96  LINEAR    6.08725E+01    87.01    1.40116E+01    87.01
   45.00   260.00      -2.12  -14.18   -1.86    0.00000    14.00  LINEAR    5.49814E+01    87.05    1.37104E+01    87.05
   50.00   260.00      -3.14  -14.37   -2.82    0.00000    15.34  LINEAR    4.88992E+01    87.08    1.34138E+01    87.08
   55.00   260.00      -4.31  -14.56   -3.92    0.00000    17.09  LINEAR    4.27129E+01    87.12    1.31306E+01    87.12
   60.00   260.00      -5.68  -14.73   -5.17    0.00000    19.43  LINEAR    3.64913E+01    87.16    1.28688E+01    87.16
   65.00   260.00      -7.30  -14.89   -6.60    0.00000    22.65  LINEAR    3.02842E+01    87.19    1.26353E+01    87.19
   70.00   260.00      -9.27  -15.03   -8.25    0.00000    27.27  LINEAR    2.41224E+01    87.22    1.24362E+01    87.22
   75.00   260.00     -11.81  -15.14  -10.15    0.00000    34.27  LINEAR    1.80196E+01    87.25    1.22763E+01    87.25
   80.00   260.00     -15.36  -15.22  -12.28    0.00000    45.44  LINEAR    1.19747E+01    87.27    1.21594E+01    87.27
   85.00   260.00     -21.40  -15.28  -14.33    0.00000    63.70  LINEAR    5.97500E+00    87.28    1.20882E+01    87.28
   90.00   260.00    -999.99  -15.29  -15.29    0.00000    90.00  LINEAR    0.00000E+00     0.00    1.20643E+01    87.28
   95.00   260.00     -21.40  -15.28  -14.33    0.00000   -63.70  LINEAR    5.97500E+00   -92.72    1.20882E+01    87.28
  100.00   260.00     -15.36  -15.22  -12.28    0.00000   -45.44  LINEAR    1.19747E+01   -92.73    1.21594E+01    87.27
  105.00   260.00     -11.81  -15.14  -10.15    0.00000   -34.27  LINEAR    1.80196E+01   -92.75    1.22763E+01    87.25
  110.00   260.00      -9.27  -15.03   -8.25    0.00000   -27.27  LINEAR    2.41224E+01   -92.78    1.24362E+01    87.22
  115.00   260.00      -7.30  -14.89   -6.60    0.00000   -22.65  LINEAR    3.02842E+01   -92.81    1.26353E+01    87.19
  120.00   260.00      -5.68  -14.73   -5.17    0.00000   -19.43  LINEAR    3.64913E+01   -92.84    1.28688E+01    87.16
  125.00   260.00      -4.31  -14.56   -3.92    0.00000   -17.09  LINEAR    4.27129E+01   -92.88    1.31306E+01    87.12
  130.00   260.00      -3.14  -14.37   -2.82    0.00000   -15.34  LINEAR    4.88992E+01   -92.92    1.34138E+01    87.08
  135.00   260.00      -2.12  -14.18   -1.86    0.00000   -14.00  LINEAR    5.49814E+01   -92.95    1.37104E+01    87.05
  140.00   260.00      -1.23  -13.99   -1.01    0.00000   -12.96  LINEAR    6.08725E+01   -92.99    1.40116E+01    87.01
  145.00   260.00      -0.47  -13.81   -0.27    0.00000   -12.15  LINEAR    6.64700E+01   -93.03    1.43080E+01    86.97
  150.00   260.00       0.18  -13.64    0.36    0.00000   -11.51  LINEAR    7.16598E+01   -93.06    1.45903E+01    86.94
  155.00   260.00       0.73  -13.49    0.89    0.00000   -11.01  LINEAR    7.63217E+01   -93.09    1.48488E+01    86.91
  160.00   260.00       1.18  -13.36    1.33    0.00000   -10.63  LINEAR    8.03362E+01   -93.11    1.50746E+01    86.89
  165.00   260.00       1.52  -13.25    1.66    0.00000   -10.35  LINEAR    8.35921E+01   -93.13    1.52595E+01    86.87
  170.00   260.00       1.77  -13.17    1.90    0.00000   -10.15  LINEAR    8.59930E+01   -93.15    1.53968E+01    86.85
  175.00   260.00       1.91  -13.13    2.05    0.00000   -10.04  LINEAR    8.74648E+01   -93.16    1.54813E+01    86.84
  180.00   260.00       1.96  -13.11    2.10    0.00000   -10.00  LINEAR    8.79608E+01   -93.16    1.55099E+01    86.84
    0.00   265.00       2.06  -19.10    2.10    0.00000     5.00  LINEAR    8.89779E+01    86.84    7.78455E+00    86.84
    5.00   265.00       2.01  -19.11    2.05    0.00000     5.02  LINEAR    8.84724E+01    86.84    7.76990E+00    86.84
   10.00   265.00       1.86  -19.16    1.90    0.00000     5.08  LINEAR    8.69725E+01    86.85    7.72649E+00    86.85
   15.00   265.00       1.62  -19.24    1.65    0.00000     5.18  LINEAR    8.45265E+01    86.87    7.65598E+00    86.87
   20.00   265.00       1.27  -19.35    1.31    0.00000     5.32  LINEAR    8.12111E+01    86.89    7.56104E+00    86.89
   25.00   265.00       0.82  -19.49    0.86    0.00000     5.51  LINEAR    7.71255E+01    86.91    7.44516E+00    86.91
   30.00   265.00       0.27  -19.64    0.31    0.00000     5.77  LINEAR    7.23845E+01    86.94    7.31251E+00    86.94
   35.00   265.00      -0.39  -19.82   -0.34    0.00000     6.10  LINEAR    6.71111E+01    86.98    7.16773E+00    86.98
   40.00   265.00      -1.16  -20.00   -1.10    0.00000     6.52  LINEAR    6.14289E+01    87.01    7.01569E+00    87.01
   45.00   265.00      -2.04  -20.19   -1.98    0.00000     7.05  LINEAR    5.54549E+01    87.05    6.86130E+00    87.05
   50.00   265.00      -3.07  -20.39   -2.99    0.00000     7.75  LINEAR    4.92942E+01    87.09    6.70934E+00    87.09
   55.00   265.00      -4.25  -20.58   -4.15    0.00000     8.67  LINEAR    4.30355E+01    87.13    6.56429E+00    87.13
   60.00   265.00      -5.62  -20.76   -5.49    0.00000     9.92  LINEAR    3.67488E+01    87.17    6.43021E+00    87.17
   65.00   265.00      -7.24  -20.92   -7.06    0.00000    11.70  LINEAR    3.04841E+01    87.20    6.31069E+00    87.20
   70.00   265.00      -9.22  -21.06   -8.95    0.00000    14.35  LINEAR    2.42721E+01    87.23    6.20879E+00    87.23
   75.00   265.00     -11.76  -21.18  -11.29    0.00000    18.68  LINEAR    1.81255E+01    87.26    6.12697E+00    87.26
   80.00   265.00     -15.31  -21.26  -14.33    0.00000    26.74  LINEAR    1.20422E+01    87.28    6.06718E+00    87.28
   85.00   265.00     -21.35  -21.32  -18.32    0.00000    45.11  LINEAR    6.00781E+00    87.29    6.03076E+00    87.29
   90.00   265.00    -999.99  -21.33  -21.33    0.00000    90.00  LINEAR    0.00000E+00     0.00    6.01853E+00    87.29
   95.00   265.00     -21.35  -21.32  -18.32    0.00000   -45.11  LINEAR    6.00781E+00   -92.71    6.03076E+00    87.29
  100.00   265.00     -15.31  -21.26  -14.33    0.00000   -26.74  LINEAR    1.20422E+01   -92.72    6.06718E+00    87.28
  105.00   265.00     -11.76  -21.18  -11.29    0.00000   -18.68  LINEAR    1.81255E+01   -92.74    6.12697E+00    87.26
  110.00   265.00      -9.22  -21.06   -8.95    0.00000   -14.35  LINEAR    2.42721E+01   -92.77    6.20879E+00    87.23
  115.00   265.00      -7.24  -20.92   -7.06    0.00000   -11.70  LINEAR    3.04841E+01   -92.80    6.31069E+00    87.20
  120.00   265.00      -5.62  -20.76   -5.49    0.00000    -9.92  LINEAR    3.67488E+01   -92.83    6.43021E+00    87.17
  125.00   265.00      -4.25  -20.58   -4.15    0.00000    -8.67  LINEAR    4.30355E+01   -92.87    6.56429E+00    87.13
  130.00   265.00      -3.07  -20.39   -2.99    0.00000    -7.75  LINEAR    4.92942E+01   -92.91    6.70934E+00    87.09
  135.00   265.00      -2.04  -20.19   -1.98    0.00000    -7.05  LINEAR    5.54549E+01   -92.95    6.86130E+00    87.05
  140.00   265.00      -1.16  -20.00   -1.10    0.00000    -6.52  LINEAR    6.14289E+01   -92.99    7.01569E+00    87.01
  145.00   265.00      -0.39  -19.82   -0.34    0.00000    -6.10  LINEAR    6.71111E+01   -93.02    7.16773E+00    86.98
  150.00   265.00       0.27  -19.64    0.31    0.00000    -5.77  LINEAR    7.23845E+01   -93.06    7.31251E+00    86.94
  155.00   265.00       0.82  -19.49    0.86    0.00000    -5.51  LINEAR    7.71255E+01   -93.09    7.44516E+00    86.91
  160.00   265.00       1.27  -19.35    1.31    0.00000    -5.32  LINEAR    8.12111E+01   -93.11    7.56104E+00    86.89
  165.00   265.00       1.62  -19.24    1.65    0.00000    -5.18  LINEAR    8.45265E+01   -93.13    7.65598E+00    86.87
  170.00   265.00       1.86  -19.16    1.90    0.00000    -5.08  LINEAR    8.69725E+01   -93.15    7.72649E+00    86.85
  175.00   265.00       2.01  -19.11    2.05    0.00000    -5.02  LINEAR    8.84724E+01   -93.16    7.76990E+00    86.84
  180.00   265.00       2.06  -19.10    2.10    0.00000    -5.00  LINEAR    8.89779E+01   -93.16    7.78455E+00    86.84
    0.00   270.00       2.10 -999.99    2.10    0.00000     0.00  LINEAR    8.93177E+01    86.84    0.00000E+00     0.00
    5.00   270.00       2.05 -999.99    2.05    0.00000     0.00  LINEAR    8.88090E+01    86.84    0.00000E+00     0.00
   10.00   270.00       1.90 -999.99    1.90    0.00000     0.00  LINEAR    8.72997E+01    86.85    0.00000E+00     0.00
   15.00   270.00       1.65 -999.99    1.65    0.00000     0.00  LINEAR    8.48386E+01    86.87    0.00000E+00     0.00
   20.00   270.00       1.30 -999.99    1.30    0.00000     0.00  LINEAR    8.15031E+01    86.89    0.00000E+00     0.00
   25.00   270.00       0.85 -999.99    0.85    0.00000     0.00  LINEAR    7.73935E+01    86.91    0.00000E+00     0.00
   30.00   270.00       0.30 -999.99    0.30    0.00000     0.00  LINEAR    7.26259E+01    86.94    0.00000E+00     0.00
   35.00   270.00      -0.36 -999.99   -0.36    0.00000     0.00  LINEAR    6.73244E+01    86.98    0.00000E+00     0.00
   40.00   270.00      -1.13 -999.99   -1.13    0.00000     0.00  LINEAR    6.16137E+01    87.01    0.00000E+00     0.00
   45.00   270.00      -2.02 -999.99   -2.02    0.00000     0.00  LINEAR    5.56120E+01    87.05    0.00000E+00     0.00
   50.00   270.00      -3.04 -999.99   -3.04    0.00000     0.00  LINEAR    4.94250E+01    87.09    0.00000E+00     0.00
   55.00   270.00      -4.22 -999.99   -4.22    0.00000     0.00  LINEAR    4.31421E+01    87.13    0.00000E+00     0.00
   60.00   270.00      -5.60 -999.99   -5.60    0.00000     0.00  LINEAR    3.68337E+01    87.17    0.00000E+00     0.00
   65.00   270.00      -7.22 -999.99   -7.22    0.00000     0.00  LINEAR    3.05499E+01    87.21    0.00000E+00     0.00
   70.00   270.00      -9.20 -999.99   -9.20    0.00000     0.00  LINEAR    2.43212E+01    87.24    0.00000E+00     0.00
   75.00   270.00     -11.74 -999.99  -11.74    0.00000     0.00  LINEAR    1.81602E+01    87.26    0.00000E+00     0.00
   80.00   270.00     -15.29 -999.99  -15.29    0.00000     0.00  LINEAR    1.20643E+01    87.28    0.00000E+00     0.00
   85.00   270.00     -21.33 -999.99  -21.33    0.00000     0.00  LINEAR    6.01853E+00    87.29    0.00000E+00     0.00
   90.00   270.00    -999.99 -999.99 -999.99    0.00000     0.00            0.00000E+00     0.00    0.00000E+00     0.00
   95.00   270.00     -21.33 -999.99  -21.33    0.00000    -0.00  LINEAR    6.01853E+00   -92.71    0.00000E+00     0.00
  100.00   270.00     -15.29 -999.99  -15.29    0.00000    -0.00  LINEAR    1.20643E+01   -92.72    0.00000E+00     0.00
  105.00   270.00     -11.74 -999.99  -11.74    0.00000    -0.00  LINEAR    1.81602E+01   -92.74    0.00000E+00     0.00
  110.00   270.00      -9.20 -999.99   -9.20    0.00000    -0.00  LINEAR    2.43212E+01   -92.76    0.00000E+00     0.00
  115.00   270.00      -7.22 -999.99   -7.22    0.00000    -0.00  LINEAR    3.05499E+01   -92.79    0.00000E+00     0.00
  120.00   270.00      -5.60 -999.99   -5.60    0.00000    -0.00  LINEAR    3.68337E+01   -92.83    0.00000E+00     0.00
  125.00   270.00      -4.22 -999.99   -4.22    0.00000    -0.00  LINEAR    4.31421E+01   -92.87    0.00000E+00     0.00
  130.00   270.00      -3.04 -999.99   -3.04    0.00000    -0.00  LINEAR    4.94250E+01   -92.91    0.00000E+00     0.00
  135.00   270.00      -2.02 -999.99   -2.02    0.00000    -0.00  LINEAR    5.56120E+01   -92.95    0.00000E+00     0.00
  140.00   270.00      -1.13 -999.99   -1.13    0.00000    -0.00  LINEAR    6.16137E+01   -92.99    0.00000E+00     0.00
  145.00   270.00      -0.36 -999.99   -0.36    0.00000    -0.00  LINEAR    6.73244E+01   -93.02    0.00000E+00     0.00
  150.00   270.00       0.30 -999.99    0.30    0.00000    -0.00  LINEAR    7.26259E+01   -93.06    0.00000E+00     0.00
  155.00   270.00       0.85 -999.99    0.85    0.00000    -0.00  LINEAR    7.73935E+01   -93.09    0.00000E+00     0.00
  160.00   270.00       1.30 -999.99    1.30    0.00000    -0.00  LINEAR    8.15031E+01   -93.11    0.00000E+00     0.00
  165.00   270.00       1.65 -999.99    1.65    0.00000    -0.00  LINEAR    8.48386E+01   -93.13    0.00000E+00     0.00
  170.00   270.00       1.90 -999.99    1.90    0.00000    -0.00  LINEAR    8.72997E+01   -93.15    0.00000E+00     0.00
  175.00   270.00       2.05 -999.99    2.05    0.00000    -0.00  LINEAR    8.88090E+01   -93.16    0.00000E+00     0.00
  180.00   270.00       2.10 -999.99    2.10    0.00000    -0.00  LINEAR    8.93177E+01   -93.16    0.00000E+00     0.00
    0.00   275.00       2.06  -19.10    2.10    0.00000    -5.00  LINEAR    8.89779E+01    86.84    7.78455E+00   -93.16
    5.00   275.00       2.01  -19.11    2.05    0.00000    -5.02  LINEAR    8.84724E+01    86.84    7.76990E+00   -93.16
   10.00   275.00       1.86  -19.16    1.90    0.00000    -5.08  LINEAR    8.69725E+01    86.85    7.72649E+00   -93.15
   15.00   275.00       1.62  -19.24    1.65    0.00000    -5.18  LINEAR    8.45265E+01    86.87    7.65598E+00   -93.13
   20.00   275.00       1.27  -19.35    1.31    0.00000    -5.32  LINEAR    8.12111E+01    86.89    7.56104E+00   -93.11
   25.00   275.00       0.82  -19.49    0.86    0.00000    -5.51  LINEAR    7.71255E+01    86.91    7.44516E+00   -93.09
   30.00   275.00       0.27  -19.64    0.31    0.00000    -5.77  LINEAR    7.23845E+01    86.94    7.31251E+00   -93.06
   35.00   275.00      -0.39  -19.82   -0.34    0.00000    -6.10  LINEAR    6.71111E+01    86.98    7.16773E+00   -93.02
   40.00   275.00      -1.16  -20.00   -1.10    0.00000    -6.52  LINEAR    6.14289E+01    87.01    7.01569E+00   -92.99
   45.00   275.00      -2.04  -20.19   -1.98    0.00000    -7.05  LINEAR    5.54549E+01    87.05    6.86130E+00   -92.95
   50.00   275.00      -3.07  -20.39   -2.99    0.00000    -7.75  LINEAR    4.92942E+01    87.09    6.70934E+00   -92.91
   55.00   275.00      -4.25  -20.58   -4.15    0.00000    -8.67  LINEAR    4.30355E+01    87.13    6.56429E+00   -92.87
   60.00   275.00      -5.62  -20.76   -5.49    0.00000    -9.92  LINEAR    3.67488E+01    87.17    6.43021E+00   -92.83
   65.00   275.00      -7.24  -20.92   -7.06    0.00000   -11.70  LINEAR    3.04841E+01    87.20    6.31069E+00   -92.80
   70.00   275.00      -9.22  -21.06   -8.95    0.00000   -14.35  LINEAR    2.42721E+01    87.23    6.20879E+00   -92.77
   75.00   275.00     -11.76  -21.18  -11.29    0.00000   -18.68  LINEAR    1.81255E+01    87.26    6.12697E+00   -92.74
   80.00   275.00     -15.31  -21.26  -14.33    0.00000   -26.74  LINEAR    1.20422E+01    87.28    6.06718E+00   -92.72
   85.00   275.00     -21.35  -21.32  -18.32    0.00000   -45.11  LINEAR    6.00781E+00    87.29    6.03076E+00   -92.71
   90.00   275.00    -999.99  -21.33  -21.33    0.00000   -90.00  LINEAR    0.00000E+00     0.00    6.01853E+00   -92.71
   95.00   275.00     -21.35  -21.32  -18.32    0.00000    45.11  LINEAR    6.00781E+00   -92.71    6.03076E+00   -92.71
  100.00   275.00     -15.31  -21.26  -14.33    0.00000    26.74  LINEAR    1.20422E+01   -92.72    6.06718E+00   -92.72
  105.00   275.00     -11.76  -21.18  -11.29    0.00000    18.68  LINEAR    1.81255E+01   -92.74    6.12697E+00   -92.74
  110.00   275.00      -9.22  -21.06   -8.95    0.00000    14.35  LINEAR    2.42721E+01   -92.77    6.20879E+00   -92.77
  115.00   275.00      -7.24  -20.92   -7.06    0.00000    11.70  LINEAR    3.04841E+01   -92.80    6.31069E+00   -92.80
  120.00   275.00      -5.62  -20.76   -5.49    0.00000     9.92  LINEAR    3.67488E+01   -92.83    6.43021E+00   -92.83
  125.00   275.00      -4.25  -20.58   -4.15    0.00000     8.67  LINEAR    4.30355E+01   -92.87    6.56429E+00   -92.87
  130.00   275.00      -3.07  -20.39   -2.99    0.00000     7.75  LINEAR    4.92942E+01   -92.91    6.70934E+00   -92.91
  135.00   275.00      -2.04  -20.19   -1.98    0.00000     7.05  LINEAR    5.54549E+01   -92.95    6.86130E+00   -92.95
  140.00   275.00      -1.16  -20.00   -1.10    0.00000     6.52  LINEAR    6.14289E+01   -92.99    7.01569E+00   -92.99
  145.00   275.00      -0.39  -19.82   -0.34    0.00000     6.10  LINEAR    6.71111E+01   -93.02    7.16773E+00   -93.02
  150.00   275.00       0.27  -19.64    0.31    0.00000     5.77  LINEAR    7.23845E+01   -93.06    7.31251E+00   -93.06
  155.00   275.00       0.82  -19.49    0.86    0.00000     5.51  LINEAR    7.71255E+01   -93.09    7.44516E+00   -93.09
  160.00   275.00       1.27  -19.35    1.31    0.00000     5.32  LINEAR    8.12111E+01   -93.11    7.56104E+00   -93.11
  165.00   275.00       1.62  -19.24    1.65    0.00000     5.18  LINEAR    8.45265E+01   -93.13    7.65598E+00   -93.13
  170.00   275.00       1.86  -19.16    1.90    0.00000     5.08  LINEAR    8.69725E+01   -93.15    7.72649E+00   -93.15
  175.00   275.00       2.01  -19.11    2.05    0.00000     5.02  LINEAR    8.84724E+01   -93.16    7.76990E+00   -93.16
  180.00   275.00       2.06  -19.10    2.10    0.00000     5.00  LINEAR    8.89779E+01   -93.16    7.78455E+00   -93.16
    0.00   280.00       1.96  -13.11    2.10    0.00000   -10.00  LINEAR    8.79608E+01    86.84    1.55099E+01   -93.16
    5.00   280.00       1.91  -13.13    2.05    0.00000   -10.04  LINEAR    8.74648E+01    86.84    1.54813E+01   -93.16
   10.00   280.00       1.77  -13.17    1.90    0.00000   -10.15  LINEAR    8.59930E+01    86.85    1.53968E+01   -93.15
   15.00   280.00       1.52  -13.25    1.66    0.00000   -10.35  LINEAR    8.35921E+01    86.87    1.52595E+01   -93.13
   20.00   280.00       1.18  -13.36    1.33    0.00000   -10.63  LINEAR    8.03362E+01    86.89    1.50746E+01   -93.11
   25.00   280.00       0.73  -13.49    0.89    0.00000   -11.01  LINEAR    7.63217E+01    86.91    1.48488E+01   -93.09
   30.00   280.00       0.18  -13.64    0.36    0.00000   -11.51  LINEAR    7.16598E+01    86.94    1.45903E+01   -93.06
   35.00   280.00      -0.47  -13.81   -0.27    0.00000   -12.15  LINEAR    6.64700E+01    86.97    1.43080E+01   -93.03
   40.00   280.00      -1.23  -13.99   -1.01    0.00000   -12.96  LINEAR    6.08725E+01    87.01    1.40116E+01   -92.99
   45.00   280.00      -2.12  -14.18   -1.86    0.00000   -14.00  LINEAR    5.49814E+01    87.05    1.37104E+01   -92.95
   50.00   280.00      -3.14  -14.37   -2.82    0.00000   -15.34  LINEAR    4.88992E+01    87.08    1.34138E+01   -92.92
   55.00   280.00      -4.31  -14.56   -3.92    0.00000   -17.09  LINEAR    4.27129E+01    87.12    1.31306E+01   -92.88
   60.00   280.00      -5.68  -14.73   -5.17    0.00000   -19.43  LINEAR    3.64913E+01    87.16    1.28688E+01   -92.84
   65.00   280.00      -7.30  -14.89   -6.60    0.00000   -22.65  LINEAR    3.02842E+01    87.19    1.26353E+01   -92.81
   70.00   280.00      -9.27  -15.03   -8.25    0.00000   -27.27  LINEAR    2.41224E+01    87.22    1.24362E+01   -92.78
   75.00   280.00     -11.81  -15.14  -10.15    0.00000   -34.27  LINEAR    1.80196E+01    87.25    1.22763E+01   -92.75
   80.00   280.00     -15.36  -15.22  -12.28    0.00000   -45.44  LINEAR    1.19747E+01    87.27    1.21594E+01   -92.73
   85.00   280.00     -21.40  -15.28  -14.33    0.00000   -63.70  LINEAR    5.97500E+00    87.28    1.20882E+01   -92.72
   90.00   280.00    -999.99  -15.29  -15.29    0.00000   -90.00  LINEAR    0.00000E+00     0.00    1.20643E+01   -92.72
   95.00   280.00     -21.40  -15.28  -14.33    0.00000    63.70  LINEAR    5.97500E+00   -92.72    1.20882E+01   -92.72
  100.00   280.00     -15.36  -15.22  -12.28    0.00000    45.44  LINEAR    1.19747E+01   -92.73    1.21594E+01   -92.73
  105.00   280.00     -11.81  -15.14  -10.15    0.00000    34.27  LINEAR    1.80196E+01   -92.75    1.22763E+01   -92.75
  110.00   280.00      -9.27  -15.03   -8.25    0.00000    27.27  LINEAR    2.41224E+01   -92.78    1.24362E+01   -92.78
  115.00   280.00      -7.30  -14.89   -6.60    0.00000    22.65  LINEAR    3.02842E+01   -92.81    1.26353E+01   -92.81
  120.00   280.00      -5.68  -14.73   -5.17    0.00000    19.43  LINEAR    3.64913E+01   -92.84    1.28688E+01   -92.84
  125.00   280.00      -4.31  -14.56   -3.92    0.00000    17.09  LINEAR    4.27129E+01   -92.88    1.31306E+01   -92.88
  130.00   280.00      -3.14  -14.37   -2.82    0.00000    15.34  LINEAR    4.88992E+01   -92.92    1.34138E+01   -92.92
  135.00   280.00      -2.12  -14.18   -1.86    0.00000    14.00  LINEAR    5.49814E+01   -92.95    1.37104E+01   -92.95
  140.00   280.00      -1.23  -13.99   -1.01    0.00000    12.96  LINEAR    6.08725E+01   -92.99    1.40116E+01   -92.99
  145.00   280.00      -0.47  -13.81   -0.27    0.00000    12.15  LINEAR    6.64700E+01   -93.03    1.43080E+01   -93.03
  150.00   280.00       0.18  -13.64    0.36    0.00000    11.51  LINEAR    7.16598E+01   -93.06    1.45903E+01   -93.06
  155.00   280.00       0.73  -13.49    0.89    0.00000    11.01  LINEAR    7.63217E+01   -93.09    1.48488E+01   -93.09
  160.00   280.00       1.18  -13.36    1.33    0.00000    10.63  LINEAR    8.03362E+01   -93.11    1.50746E+01   -93.11
  165.00   280.00       1.52  -13.25    1.66    0.00000    10.35  LINEAR    8.35921E+01   -93.13    1.52595E+01   -93.13
  170.00   280.00       1.77  -13.17    1.90    0.00000    10.15  LINEAR    8.59930E+01   -93.15    1.53968E+01   -93.15
  175.00   280.00       1.91  -13.13    2.05    0.00000    10.04  LINEAR    8.74648E+01   -93.16    1.54813E+01   -93.16
  180.00   280.00       1.96  -13.11    2.10    0.00000    10.00  LINEAR    8.79608E+01   -93.16    1.55099E+01   -93.16
    0.00   285.00       1.79   -9.64    2.10    0.00000   -15.00  LINEAR    8.62743E+01    86.84    2.31171E+01   -93.16
    5.00   285.00       1.75   -9.66    2.05    0.00000   -15.05  LINEAR    8.57939E+01    86.84    2.30762E+01   -93.16
   10.00   285.00       1.60   -9.71    1.91    0.00000   -15.22  LINEAR    8.43677E+01    86.85    2.29550E+01   -93.15
   15.00   285.00       1.36   -9.78    1.68    0.00000   -15.50  LINEAR    8.20401E+01    86.86    2.27581E+01   -93.14
   20.00   285.00       1.02   -9.88    1.36    0.00000   -15.92  LINEAR    7.88815E+01    86.88    2.24927E+01   -93.12
   25.00   285.00       0.58  -10.01    0.94    0.00000   -16.47  LINEAR    7.49830E+01    86.91    2.21687E+01   -93.09
   30.00   285.00       0.03  -10.15    0.43    0.00000   -17.19  LINEAR    7.04505E+01    86.94    2.17975E+01   -93.06
   35.00   285.00      -0.61  -10.32   -0.17    0.00000   -18.11  LINEAR    6.53978E+01    86.97    2.13920E+01   -93.03
   40.00   285.00      -1.37  -10.49   -0.87    0.00000   -19.28  LINEAR    5.99395E+01    87.00    2.09658E+01   -93.00
   45.00   285.00      -2.25  -10.67   -1.66    0.00000   -20.75  LINEAR    5.41847E+01    87.04    2.05326E+01   -92.96
   50.00   285.00      -3.26  -10.86   -2.56    0.00000   -22.63  LINEAR    4.82322E+01    87.07    2.01058E+01   -92.93
   55.00   285.00      -4.42  -11.03   -3.57    0.00000   -25.04  LINEAR    4.21660E+01    87.11    1.96981E+01   -92.89
   60.00   285.00      -5.78  -11.20   -4.69    0.00000   -28.19  LINEAR    3.60531E+01    87.15    1.93208E+01   -92.85
   65.00   285.00      -7.40  -11.36   -5.93    0.00000   -32.38  LINEAR    2.99425E+01    87.18    1.89842E+01   -92.82
   70.00   285.00      -9.37  -11.49   -7.29    0.00000   -38.08  LINEAR    2.38655E+01    87.21    1.86970E+01   -92.79
   75.00   285.00     -11.90  -11.60   -8.73    0.00000   -45.99  LINEAR    1.78370E+01    87.23    1.84663E+01   -92.77
   80.00   285.00     -15.44  -11.68  -10.15    0.00000   -57.05  LINEAR    1.18580E+01    87.25    1.82975E+01   -92.75
   85.00   285.00     -21.48  -11.72  -11.29    0.00000   -71.98  LINEAR    5.91820E+00    87.26    1.81948E+01   -92.74
   90.00   285.00    -999.99  -11.74  -11.74    0.00000   -90.00  LINEAR    0.00000E+00     0.00    1.81602E+01   -92.74
   95.00   285.00     -21.48  -11.72  -11.29    0.00000    71.98  LINEAR    5.91820E+00   -92.74    1.81948E+01   -92.74
  100.00   285.00     -15.44  -11.68  -10.15    0.00000    57.05  LINEAR    1.18580E+01   -92.75    1.82975E+01   -92.75
  105.00   285.00     -11.90  -11.60   -8.73    0.00000    45.99  LINEAR    1.78370E+01   -92.77    1.84663E+01   -92.77
  110.00   285.00      -9.37  -11.49   -7.29    0.00000    38.08  LINEAR    2.38655E+01   -92.79    1.86970E+01   -92.79
  115.00   285.00      -7.40  -11.36   -5.93    0.00000    32.38  LINEAR    2.99425E+01   -92.82    1.89842E+01   -92.82
  120.00   285.00      -5.78  -11.20   -4.69    0.00000    28.19  LINEAR    3.60531E+01   -92.85    1.93208E+01   -92.85
  125.00   285.00      -4.42  -11.03   -3.57    0.00000    25.04  LINEAR    4.21660E+01   -92.89    1.96981E+01   -92.89
  130.00   285.00      -3.26  -10.86   -2.56    0.00000    22.63  LINEAR    4.82322E+01   -92.93    2.01058E+01   -92.93
  135.00   285.00      -2.25  -10.67   -1.66    0.00000    20.75  LINEAR    5.41847E+01   -92.96    2.05326E+01   -92.96
  140.00   285.00      -1.37  -10.49   -0.87    0.00000    19.28  LINEAR    5.99395E+01   -93.00    2.09658E+01   -93.00
  145.00   285.00      -0.61  -10.32   -0.17    0.00000    18.11  LINEAR    6.53978E+01   -93.03    2.13920E+01   -93.03
  150.00   285.00       0.03  -10.15    0.43    0.00000    17.19  LINEAR    7.04505E+01   -93.06    2.17975E+01   -93.06
  155.00   285.00       0.58  -10.01    0.94    0.00000    16.47  LINEAR    7.49830E+01   -93.09    2.21687E+01   -93.09
  160.00   285.00       1.02   -9.88    1.36    0.00000    15.92  LINEAR    7.88815E+01   -93.12    2.24927E+01   -93.12
  165.00   285.00       1.36   -9.78    1.68    0.00000    15.50  LINEAR    8.20401E+01   -93.14    2.27581E+01   -93.14
  170.00   285.00       1.60   -9.71    1.91    0.00000    15.22  LINEAR    8.43677E+01   -93.15    2.29550E+01   -93.15
  175.00   285.00       1.75   -9.66    2.05    0.00000    15.05  LINEAR    8.57939E+01   -93.16    2.30762E+01   -93.16
  180.00   285.00       1.79   -9.64    2.10    0.00000    15.00  LINEAR    8.62743E+01   -93.16    2.31171E+01   -93.16
    0.00   290.00       1.56   -7.22    2.10    0.00000   -20.00  LINEAR    8.39312E+01    86.84    3.05485E+01   -93.16
    5.00   290.00       1.51   -7.24    2.05    0.00000   -20.07  LINEAR    8.34717E+01    86.84    3.04973E+01   -93.16
   10.00   290.00       1.36   -7.28    1.92    0.00000   -20.28  LINEAR    8.21074E+01    86.85    3.03457E+01   -93.15
   15.00   290.00       1.13   -7.35    1.70    0.00000   -20.65  LINEAR    7.98792E+01    86.86    3.00992E+01   -93.14
   20.00   290.00       0.79   -7.45    1.40    0.00000   -21.17  LINEAR    7.68523E+01    86.88    2.97671E+01   -93.12
   25.00   290.00       0.36   -7.57    1.01    0.00000   -21.88  LINEAR    7.31114E+01    86.90    2.93613E+01   -93.10
   30.00   290.00      -0.18   -7.71    0.53    0.00000   -22.80  LINEAR    6.87551E+01    86.93    2.88962E+01   -93.07
   35.00   290.00      -0.81   -7.86   -0.03    0.00000   -23.96  LINEAR    6.38894E+01    86.96    2.83877E+01   -93.04
   40.00   290.00      -1.56   -8.03   -0.68    0.00000   -25.41  LINEAR    5.86217E+01    86.99    2.78529E+01   -93.01
   45.00   290.00      -2.43   -8.20   -1.41    0.00000   -27.24  LINEAR    5.30545E+01    87.03    2.73088E+01   -92.97
   50.00   290.00      -3.43   -8.37   -2.22    0.00000   -29.52  LINEAR    4.72813E+01    87.06    2.67724E+01   -92.94
   55.00   290.00      -4.59   -8.54   -3.12    0.00000   -32.40  LINEAR    4.13820E+01    87.10    2.62594E+01   -92.90
   60.00   290.00      -5.94   -8.70   -4.09    0.00000   -36.05  LINEAR    3.54212E+01    87.13    2.57845E+01   -92.87
   65.00   290.00      -7.54   -8.84   -5.13    0.00000   -40.74  LINEAR    2.94469E+01    87.16    2.53605E+01   -92.84
   70.00   290.00      -9.51   -8.96   -6.22    0.00000   -46.78  LINEAR    2.34908E+01    87.19    2.49984E+01   -92.81
   75.00   290.00     -12.03   -9.07   -7.29    0.00000   -54.58  LINEAR    1.75694E+01    87.21    2.47074E+01   -92.79
   80.00   290.00     -15.57   -9.14   -8.25    0.00000   -64.49  LINEAR    1.16862E+01    87.22    2.44945E+01   -92.78
   85.00   290.00     -21.60   -9.19   -8.95    0.00000   -76.53  LINEAR    5.83435E+00    87.23    2.43648E+01   -92.77
   90.00   290.00    -999.99   -9.20   -9.20    0.00000   -90.00  LINEAR    0.00000E+00     0.00    2.43212E+01   -92.76
   95.00   290.00     -21.60   -9.19   -8.95    0.00000    76.53  LINEAR    5.83435E+00   -92.77    2.43648E+01   -92.77
  100.00   290.00     -15.57   -9.14   -8.25    0.00000    64.49  LINEAR    1.16862E+01   -92.78    2.44945E+01   -92.78
  105.00   290.00     -12.03   -9.07   -7.29    0.00000    54.58  LINEAR    1.75694E+01   -92.79    2.47074E+01   -92.79
  110.00   290.00      -9.51   -8.96   -6.22    0.00000    46.78  LINEAR    2.34908E+01   -92.81    2.49984E+01   -92.81
  115.00   290.00      -7.54   -8.84   -5.13    0.00000    40.74  LINEAR    2.94469E+01   -92.84    2.53605E+01   -92.84
  120.00   290.00      -5.94   -8.70   -4.09    0.00000    36.05  LINEAR    3.54212E+01   -92.87    2.57845E+01   -92.87
  125.00   290.00      -4.59   -8.54   -3.12    0.00000    32.40  LINEAR    4.13820E+01   -92.90    2.62594E+01   -92.90
  130.00   290.00      -3.43   -8.37   -2.22    0.00000    29.52  LINEAR    4.72813E+01   -92.94    2.67724E+01   -92.94
  135.00   290.00      -2.43   -8.20   -1.41    0.00000    27.24  LINEAR    5.30545E+01   -92.97    2.73088E+01   -92.97
  140.00   290.00      -1.56   -8.03   -0.68    0.00000    25.41  LINEAR    5.86217E+01   -93.01    2.78529E+01   -93.01
  145.00   290.00      -0.81   -7.86   -0.03    0.00000    23.96  LINEAR    6.38894E+01   -93.04    2.83877E+01   -93.04
  150.00   290.00      -0.18   -7.71    0.53    0.00000    22.80  LINEAR    6.87551E+01   -93.07    2.88962E+01   -93.07
  155.00   290.00       0.36   -7.57    1.01    0.00000    21.88  LINEAR    7.31114E+01   -93.10    2.93613E+01   -93.10
  160.00   290.00       0.79   -7.45    1.40    0.00000    21.17  LINEAR    7.68523E+01   -93.12    2.97671E+01   -93.12
  165.00   290.00       1.13   -7.35    1.70    0.00000    20.65  LINEAR    7.98792E+01   -93.14    3.00992E+01   -93.14
  170.00   290.00       1.36   -7.28    1.92    0.00000    20.28  LINEAR    8.21074E+01   -93.15    3.03457E+01   -93.15
  175.00   290.00       1.51   -7.24    2.05    0.00000    20.07  LINEAR    8.34717E+01   -93.16    3.04973E+01   -93.16
  180.00   290.00       1.56   -7.22    2.10    0.00000    20.00  LINEAR    8.39312E+01   -93.16    3.05485E+01   -93.16
    0.00   295.00       1.24   -5.39    2.10    0.00000   -25.00  LINEAR    8.09494E+01    86.84    3.77473E+01   -93.16
    5.00   295.00       1.19   -5.40    2.06    0.00000   -25.08  LINEAR    8.05156E+01    86.84    3.76885E+01   -93.16
   10.00   295.00       1.05   -5.44    1.93    0.00000   -25.34  LINEAR    7.92272E+01    86.85    3.75142E+01   -93.15
   15.00   295.00       0.82   -5.50    1.73    0.00000   -25.77  LINEAR    7.71211E+01    86.86    3.72308E+01   -93.14
   20.00   295.00       0.49   -5.59    1.45    0.00000   -26.39  LINEAR    7.42565E+01    86.88    3.68486E+01   -93.12
   25.00   295.00       0.07   -5.71    1.09    0.00000   -27.23  LINEAR    7.07103E+01    86.90    3.63814E+01   -93.10
   30.00   295.00      -0.46   -5.83    0.65    0.00000   -28.30  LINEAR    6.65722E+01    86.92    3.58455E+01   -93.08
   35.00   295.00      -1.08   -5.98    0.14    0.00000   -29.65  LINEAR    6.19390E+01    86.95    3.52592E+01   -93.05
   40.00   295.00      -1.82   -6.13   -0.45    0.00000   -31.33  LINEAR    5.69092E+01    86.98    3.46419E+01   -93.02
   45.00   295.00      -2.67   -6.29   -1.11    0.00000   -33.40  LINEAR    5.15776E+01    87.01    3.40133E+01   -92.99
   50.00   295.00      -3.66   -6.45   -1.83    0.00000   -35.96  LINEAR    4.60309E+01    87.04    3.33929E+01   -92.96
   55.00   295.00      -4.81   -6.61   -2.60    0.00000   -39.11  LINEAR    4.03442E+01    87.08    3.27991E+01   -92.92
   60.00   295.00      -6.15   -6.75   -3.43    0.00000   -43.00  LINEAR    3.45788E+01    87.11    3.22488E+01   -92.89
   65.00   295.00      -7.74   -6.89   -4.28    0.00000   -47.81  LINEAR    2.87816E+01    87.13    3.17570E+01   -92.87
   70.00   295.00      -9.69   -7.00   -5.13    0.00000   -53.74  LINEAR    2.29844E+01    87.16    3.13368E+01   -92.84
   75.00   295.00     -12.21   -7.10   -5.93    0.00000   -60.97  LINEAR    1.72055E+01    87.18    3.09988E+01   -92.82
   80.00   295.00     -15.75   -7.17   -6.60    0.00000   -69.58  LINEAR    1.14515E+01    87.19    3.07514E+01   -92.81
   85.00   295.00     -21.78   -7.21   -7.06    0.00000   -79.41  LINEAR    5.71943E+00    87.20    3.06006E+01   -92.80
   90.00   295.00    -999.99   -7.22   -7.22    0.00000   -90.00  LINEAR    0.00000E+00     0.00    3.05499E+01   -92.79
   95.00   295.00     -21.78   -7.21   -7.06    0.00000    79.41  LINEAR    5.71943E+00   -92.80    3.06006E+01   -92.80
  100.00   295.00     -15.75   -7.17   -6.60    0.00000    69.58  LINEAR    1.14515E+01   -92.81    3.07514E+01   -92.81
  105.00   295.00     -12.21   -7.10   -5.93    0.00000    60.97  LINEAR    1.72055E+01   -92.82    3.09988E+01   -92.82
  110.00   295.00      -9.69   -7.00   -5.13    0.00000    53.74  LINEAR    2.29844E+01   -92.84    3.13368E+01   -92.84
  115.00   295.00      -7.74   -6.89   -4.28    0.00000    47.81  LINEAR    2.87816E+01   -92.87    3.17570E+01   -92.87
  120.00   295.00      -6.15   -6.75   -3.43    0.00000    43.00  LINEAR    3.45788E+01   -92.89    3.22488E+01   -92.89
  125.00   295.00      -4.81   -6.61   -2.60    0.00000    39.11  LINEAR    4.03442E+01   -92.92    3.27991E+01   -92.92
  130.00   295.00      -3.66   -6.45   -1.83    0.00000    35.96  LINEAR    4.60309E+01   -92.96    3.33929E+01   -92.96
  135.00   295.00      -2.67   -6.29   -1.11    0.00000    33.40  LINEAR    5.15776E+01   -92.99    3.40133E+01   -92.99
  140.00   295.00      -1.82   -6.13   -0.45    0.00000    31.33  LINEAR    5.69092E+01   -93.02    3.46419E+01   -93.02
  145.00   295.00      -1.08   -5.98    0.14    0.00000    29.65  LINEAR    6.19390E+01   -93.05    3.52592E+01   -93.05
  150.00   295.00      -0.46   -5.83    0.65    0.00000    28.30  LINEAR    6.65722E+01   -93.08    3.58455E+01   -93.08
  155.00   295.00       0.07   -5.71    1.09    0.00000    27.23  LINEAR    7.07103E+01   -93.10    3.63814E+01   -93.10
  160.00   295.00       0.49   -5.59    1.45    0.00000    26.39  LINEAR    7.42565E+01   -93.12    3.68486E+01   -93.12
  165.00   295.00       0.82   -5.50    1.73    0.00000    25.77  LINEAR    7.71211E+01   -93.14    3.72308E+01   -93.14
  170.00   295.00       1.05   -5.44    1.93    0.00000    25.34  LINEAR    7.92272E+01   -93.15    3.75142E+01   -93.15
  175.00   295.00       1.19   -5.40    2.06    0.00000    25.08  LINEAR    8.05156E+01   -93.16    3.76885E+01   -93.16
  180.00   295.00       1.24   -5.39    2.10    0.00000    25.00  LINEAR    8.09494E+01   -93.16    3.77473E+01   -93.16
    0.00   300.00       0.85   -3.92    2.10    0.00000   -30.00  LINEAR    7.73514E+01    86.84    4.46589E+01   -93.16
    5.00   300.00       0.80   -3.94    2.06    0.00000   -30.09  LINEAR    7.69474E+01    86.84    4.45953E+01   -93.16
   10.00   300.00       0.66   -3.97    1.95    0.00000   -30.38  LINEAR    7.57466E+01    86.85    4.44070E+01   -93.15
   15.00   300.00       0.44   -4.03    1.76    0.00000   -30.87  LINEAR    7.37818E+01    86.86    4.41006E+01   -93.14
   20.00   300.00       0.12   -4.12    1.51    0.00000   -31.57  LINEAR    7.11053E+01    86.88    4.36873E+01   -93.12
   25.00   300.00      -0.30   -4.22    1.18    0.00000   -32.50  LINEAR    6.77853E+01    86.89    4.31816E+01   -93.11
   30.00   300.00      -0.81   -4.33    0.78    0.00000   -33.69  LINEAR    6.39016E+01    86.92    4.26011E+01   -93.08
   35.00   300.00      -1.43   -4.47    0.32    0.00000   -35.18  LINEAR    5.95409E+01    86.94    4.19653E+01   -93.06
   40.00   300.00      -2.15   -4.61   -0.20    0.00000   -37.00  LINEAR    5.47917E+01    86.97    4.12952E+01   -93.03
   45.00   300.00      -2.99   -4.75   -0.77    0.00000   -39.23  LINEAR    4.97396E+01    87.00    4.06122E+01   -93.00
   50.00   300.00      -3.96   -4.90   -1.39    0.00000   -41.93  LINEAR    4.44637E+01    87.03    3.99372E+01   -92.97
   55.00   300.00      -5.09   -5.04   -2.06    0.00000   -45.19  LINEAR    3.90336E+01    87.05    3.92904E+01   -92.95
   60.00   300.00      -6.42   -5.17   -2.74    0.00000   -49.11  LINEAR    3.35068E+01    87.08    3.86903E+01   -92.92
   65.00   300.00      -8.00   -5.29   -3.43    0.00000   -53.80  LINEAR    2.79282E+01    87.11    3.81535E+01   -92.89
   70.00   300.00      -9.95   -5.40   -4.09    0.00000   -59.36  LINEAR    2.23300E+01    87.13    3.76944E+01   -92.87
   75.00   300.00     -12.45   -5.48   -4.69    0.00000   -65.85  LINEAR    1.67323E+01    87.15    3.73249E+01   -92.85
   80.00   300.00     -15.98   -5.55   -5.17    0.00000   -73.26  LINEAR    1.11447E+01    87.16    3.70542E+01   -92.84
   85.00   300.00     -22.01   -5.59   -5.49    0.00000   -81.42  LINEAR    5.56872E+00    87.17    3.68892E+01   -92.83
   90.00   300.00    -999.99   -5.60   -5.60    0.00000   -90.00  LINEAR    0.00000E+00     0.00    3.68337E+01   -92.83
   95.00   300.00     -22.01   -5.59   -5.49    0.00000    81.42  LINEAR    5.56872E+00   -92.83    3.68892E+01   -92.83
  100.00   300.00     -15.98   -5.55   -5.17    0.00000    73.26  LINEAR    1.11447E+01   -92.84    3.70542E+01   -92.84
  105.00   300.00     -12.45   -5.48   -4.69    0.00000    65.85  LINEAR    1.67323E+01   -92.85    3.73249E+01   -92.85
  110.00   300.00      -9.95   -5.40   -4.09    0.00000    59.36  LINEAR    2.23300E+01   -92.87    3.76944E+01   -92.87
  115.00   300.00      -8.00   -5.29   -3.43    0.00000    53.80  LINEAR    2.79282E+01   -92.89    3.81535E+01   -92.89
  120.00   300.00      -6.42   -5.17   -2.74    0.00000    49.11  LINEAR    3.35068E+01   -92.92    3.86903E+01   -92.92
  125.00   300.00      -5.09   -5.04   -2.06    0.00000    45.19  LINEAR    3.90336E+01   -92.95    3.92904E+01   -92.95
  130.00   300.00      -3.96   -4.90   -1.39    0.00000    41.93  LINEAR    4.44637E+01   -92.97    3.99372E+01   -92.97
  135.00   300.00      -2.99   -4.75   -0.77    0.00000    39.23  LINEAR    4.97396E+01   -93.00    4.06122E+01   -93.00
  140.00   300.00      -2.15   -4.61   -0.20    0.00000    37.00  LINEAR    5.47917E+01   -93.03    4.12952E+01   -93.03
  145.00   300.00      -1.43   -4.47    0.32    0.00000    35.18  LINEAR    5.95409E+01   -93.06    4.19653E+01   -93.06
  150.00   300.00      -0.81   -4.33    0.78    0.00000    33.69  LINEAR    6.39016E+01   -93.08    4.26011E+01   -93.08
  155.00   300.00      -0.30   -4.22    1.18    0.00000    32.50  LINEAR    6.77853E+01   -93.11    4.31816E+01   -93.11
  160.00   300.00       0.12   -4.12    1.51    0.00000    31.57  LINEAR    7.11053E+01   -93.12    4.36873E+01   -93.12
  165.00   300.00       0.44   -4.03    1.76    0.00000    30.87  LINEAR    7.37818E+01   -93.14    4.41006E+01   -93.14
  170.00   300.00       0.66   -3.97    1.95    0.00000    30.38  LINEAR    7.57466E+01   -93.15    4.44070E+01   -93.15
  175.00   300.00       0.80   -3.94    2.06    0.00000    30.09  LINEAR    7.69474E+01   -93.16    4.45953E+01   -93.16
  180.00   300.00       0.85   -3.92    2.10    0.00000    30.00  LINEAR    7.73514E+01   -93.16    4.46589E+01   -93.16
    0.00   305.00       0.36   -2.73    2.10    0.00000   -35.00  LINEAR    7.31648E+01    86.84    5.12305E+01   -93.16
    5.00   305.00       0.32   -2.74    2.06    0.00000   -35.10  LINEAR    7.27936E+01    86.84    5.11653E+01   -93.16
   10.00   305.00       0.19   -2.78    1.96    0.00000   -35.41  LINEAR    7.16896E+01    86.85    5.09719E+01   -93.15
   15.00   305.00      -0.04   -2.83    1.80    0.00000   -35.94  LINEAR    6.98810E+01    86.86    5.06573E+01   -93.14
   20.00   305.00      -0.35   -2.90    1.57    0.00000   -36.69  LINEAR    6.74131E+01    86.87    5.02326E+01   -93.13
   25.00   305.00      -0.75   -2.99    1.28    0.00000   -37.69  LINEAR    6.43449E+01    86.89    4.97125E+01   -93.11
   30.00   305.00      -1.25   -3.10    0.93    0.00000   -38.96  LINEAR    6.07458E+01    86.91    4.91148E+01   -93.09
   35.00   305.00      -1.85   -3.22    0.53    0.00000   -40.52  LINEAR    5.66914E+01    86.93    4.84596E+01   -93.07
   40.00   305.00      -2.56   -3.34    0.08    0.00000   -42.43  LINEAR    5.22596E+01    86.95    4.77682E+01   -93.05
   45.00   305.00      -3.38   -3.47   -0.42    0.00000   -44.72  LINEAR    4.75262E+01    86.98    4.70625E+01   -93.02
   50.00   305.00      -4.34   -3.60   -0.94    0.00000   -47.45  LINEAR    4.25622E+01    87.01    4.63643E+01   -92.99
   55.00   305.00      -5.46   -3.73   -1.50    0.00000   -50.68  LINEAR    3.74307E+01    87.03    4.56944E+01   -92.97
   60.00   305.00      -6.77   -3.84   -2.06    0.00000   -54.47  LINEAR    3.21848E+01    87.05    4.50721E+01   -92.95
   65.00   305.00      -8.34   -3.95   -2.60    0.00000   -58.89  LINEAR    2.68674E+01    87.08    4.45148E+01   -92.92
   70.00   305.00     -10.27   -4.05   -3.12    0.00000   -63.97  LINEAR    2.15105E+01    87.10    4.40378E+01   -92.90
   75.00   305.00     -12.77   -4.12   -3.57    0.00000   -69.71  LINEAR    1.61357E+01    87.11    4.36534E+01   -92.89
   80.00   305.00     -16.29   -4.18   -3.92    0.00000   -76.07  LINEAR    1.07560E+01    87.12    4.33718E+01   -92.88
   85.00   305.00     -22.31   -4.21   -4.15    0.00000   -82.90  LINEAR    5.37715E+00    87.13    4.31999E+01   -92.87
   90.00   305.00    -999.99   -4.22   -4.22    0.00000   -90.00  LINEAR    0.00000E+00     0.00    4.31421E+01   -92.87
   95.00   305.00     -22.31   -4.21   -4.15    0.00000    82.90  LINEAR    5.37715E+00   -92.87    4.31999E+01   -92.87
  100.00   305.00     -16.29   -4.18   -3.92    0.00000    76.07  LINEAR    1.07560E+01   -92.88    4.33718E+01   -92.88
  105.00   305.00     -12.77   -4.12   -3.57    0.00000    69.71  LINEAR    1.61357E+01   -92.89    4.36534E+01   -92.89
  110.00   305.00     -10.27   -4.05   -3.12    0.00000    63.97  LINEAR    2.15105E+01   -92.90    4.40378E+01   -92.90
  115.00   305.00      -8.34   -3.95   -2.60    0.00000    58.89  LINEAR    2.68674E+01   -92.92    4.45148E+01   -92.92
  120.00   305.00      -6.77   -3.84   -2.06    0.00000    54.47  LINEAR    3.21848E+01   -92.95    4.50721E+01   -92.95
  125.00   305.00      -5.46   -3.73   -1.50    0.00000    50.68  LINEAR    3.74307E+01   -92.97    4.56944E+01   -92.97
  130.00   305.00      -4.34   -3.60   -0.94    0.00000    47.45  LINEAR    4.25622E+01   -92.99    4.63643E+01   -92.99
  135.00   305.00      -3.38   -3.47   -0.42    0.00000    44.72  LINEAR    4.75262E+01   -93.02    4.70625E+01   -93.02
  140.00   305.00      -2.56   -3.34    0.08    0.00000    42.43  LINEAR    5.22596E+01   -93.05    4.77682E+01   -93.05
  145.00   305.00      -1.85   -3.22    0.53    0.00000    40.52  LINEAR    5.66914E+01   -93.07    4.84596E+01   -93.07
  150.00   305.00      -1.25   -3.10    0.93    0.00000    38.96  LINEAR    6.07458E+01   -93.09    4.91148E+01   -93.09
  155.00   305.00      -0.75   -2.99    1.28    0.00000    37.69  LINEAR    6.43449E+01   -93.11    4.97125E+01   -93.11
  160.00   305.00      -0.35   -2.90    1.57    0.00000    36.69  LINEAR    6.74131E+01   -93.13    5.02326E+01   -93.13
  165.00   305.00      -0.04   -2.83    1.80    0.00000    35.94  LINEAR    6.98810E+01   -93.14    5.06573E+01   -93.14
  170.00   305.00       0.19   -2.78    1.96    0.00000    35.41  LINEAR    7.16896E+01   -93.15    5.09719E+01   -93.15
  175.00   305.00       0.32   -2.74    2.06    0.00000    35.10  LINEAR    7.27936E+01   -93.16    5.11653E+01   -93.16
  180.00   305.00       0.36   -2.73    2.10    0.00000    35.00  LINEAR    7.31648E+01   -93.16    5.12305E+01   -93.16
    0.00   310.00      -0.22   -1.74    2.10    0.00000   -40.00  LINEAR    6.84214E+01    86.84    5.74123E+01   -93.16
    5.00   310.00      -0.26   -1.75    2.07    0.00000   -40.11  LINEAR    6.80851E+01    86.84    5.73484E+01   -93.16
   10.00   310.00      -0.39   -1.78    1.98    0.00000   -40.43  LINEAR    6.70844E+01    86.85    5.71588E+01   -93.15
   15.00   310.00      -0.61   -1.83    1.84    0.00000   -40.98  LINEAR    6.54429E+01    86.86    5.68503E+01   -93.14
   20.00   310.00      -0.91   -1.89    1.64    0.00000   -41.76  LINEAR    6.31988E+01    86.87    5.64334E+01   -93.13
   25.00   310.00      -1.30   -1.97    1.39    0.00000   -42.79  LINEAR    6.04017E+01    86.88    5.59225E+01   -93.12
   30.00   310.00      -1.79   -2.06    1.09    0.00000   -44.10  LINEAR    5.71105E+01    86.90    5.53349E+01   -93.10
   35.00   310.00      -2.37   -2.16    0.74    0.00000   -45.69  LINEAR    5.33897E+01    86.92    5.46898E+01   -93.08
   40.00   310.00      -3.06   -2.27    0.36    0.00000   -47.61  LINEAR    4.93062E+01    86.94    5.40083E+01   -93.06
   45.00   310.00      -3.87   -2.39   -0.06    0.00000   -49.88  LINEAR    4.49258E+01    86.96    5.33119E+01   -93.04
   50.00   310.00      -4.81   -2.50   -0.49    0.00000   -52.55  LINEAR    4.03107E+01    86.98    5.26219E+01   -93.02
   55.00   310.00      -5.91   -2.61   -0.94    0.00000   -55.64  LINEAR    3.55171E+01    87.01    5.19589E+01   -92.99
   60.00   310.00      -7.21   -2.71   -1.39    0.00000   -59.21  LINEAR    3.05937E+01    87.03    5.13423E+01   -92.97
   65.00   310.00      -8.76   -2.81   -1.83    0.00000   -63.27  LINEAR    2.55805E+01    87.04    5.07895E+01   -92.96
   70.00   310.00     -10.68   -2.89   -2.22    0.00000   -67.82  LINEAR    2.05089E+01    87.06    5.03157E+01   -92.94
   75.00   310.00     -13.17   -2.96   -2.56    0.00000   -72.86  LINEAR    1.54020E+01    87.07    4.99337E+01   -92.93
   80.00   310.00     -16.69   -3.00   -2.82    0.00000   -78.31  LINEAR    1.02756E+01    87.08    4.96535E+01   -92.92
   85.00   310.00     -22.70   -3.03   -2.99    0.00000   -84.07  LINEAR    5.13965E+00    87.09    4.94825E+01   -92.91
   90.00   310.00    -999.99   -3.04   -3.04    0.00000   -90.00  LINEAR    0.00000E+00     0.00    4.94250E+01   -92.91
   95.00   310.00     -22.70   -3.03   -2.99    0.00000    84.07  LINEAR    5.13965E+00   -92.91    4.94825E+01   -92.91
  100.00   310.00     -16.69   -3.00   -2.82    0.00000    78.31  LINEAR    1.02756E+01   -92.92    4.96535E+01   -92.92
  105.00   310.00     -13.17   -2.96   -2.56    0.00000    72.86  LINEAR    1.54020E+01   -92.93    4.99337E+01   -92.93
  110.00   310.00     -10.68   -2.89   -2.22    0.00000    67.82  LINEAR    2.05089E+01   -92.94    5.03157E+01   -92.94
  115.00   310.00      -8.76   -2.81   -1.83    0.00000    63.27  LINEAR    2.55805E+01   -92.96    5.07895E+01   -92.96
  120.00   310.00      -7.21   -2.71   -1.39    0.00000    59.21  LINEAR    3.05937E+01   -92.97    5.13423E+01   -92.97
  125.00   310.00      -5.91   -2.61   -0.94    0.00000    55.64  LINEAR    3.55171E+01   -92.99    5.19589E+01   -92.99
  130.00   310.00      -4.81   -2.50   -0.49    0.00000    52.55  LINEAR    4.03107E+01   -93.02    5.26219E+01   -93.02
  135.00   310.00      -3.87   -2.39   -0.06    0.00000    49.88  LINEAR    4.49258E+01   -93.04    5.33119E+01   -93.04
  140.00   310.00      -3.06   -2.27    0.36    0.00000    47.61  LINEAR    4.93062E+01   -93.06    5.40083E+01   -93.06
  145.00   310.00      -2.37   -2.16    0.74    0.00000    45.69  LINEAR    5.33897E+01   -93.08    5.46898E+01   -93.08
  150.00   310.00      -1.79   -2.06    1.09    0.00000    44.10  LINEAR    5.71105E+01   -93.10    5.53349E+01   -93.10
  155.00   310.00      -1.30   -1.97    1.39    0.00000    42.79  LINEAR    6.04017E+01   -93.12    5.59225E+01   -93.12
  160.00   310.00      -0.91   -1.89    1.64    0.00000    41.76  LINEAR    6.31988E+01   -93.13    5.64334E+01   -93.13
  165.00   310.00      -0.61   -1.83    1.84    0.00000    40.98  LINEAR    6.54429E+01   -93.14    5.68503E+01   -93.14
  170.00   310.00      -0.39   -1.78    1.98    0.00000    40.43  LINEAR    6.70844E+01   -93.15    5.71588E+01   -93.15
  175.00   310.00      -0.26   -1.75    2.07    0.00000    40.11  LINEAR    6.80851E+01   -93.16    5.73484E+01   -93.16
  180.00   310.00      -0.22   -1.74    2.10    0.00000    40.00  LINEAR    6.84214E+01   -93.16    5.74123E+01   -93.16
    0.00   315.00      -0.91   -0.91    2.10    0.00000   -45.00  LINEAR    6.31572E+01    86.84    6.31572E+01   -93.16
    5.00   315.00      -0.96   -0.92    2.07    0.00000   -45.11  LINEAR    6.28571E+01    86.84    6.30972E+01   -93.16
   10.00   315.00      -1.08   -0.95    2.00    0.00000   -45.44  LINEAR    6.19636E+01    86.85    6.29195E+01   -93.15
   15.00   315.00      -1.29   -0.99    1.87    0.00000   -45.99  LINEAR    6.04960E+01    86.85    6.26301E+01   -93.15
   20.00   315.00      -1.58   -1.04    1.71    0.00000   -46.78  LINEAR    5.84853E+01    86.86    6.22388E+01   -93.14
   25.00   315.00      -1.96   -1.11    1.50    0.00000   -47.81  LINEAR    5.59725E+01    86.88    6.17588E+01   -93.12
   30.00   315.00      -2.44   -1.19    1.24    0.00000   -49.11  LINEAR    5.30061E+01    86.89    6.12061E+01   -93.11
   35.00   315.00      -3.01   -1.27    0.96    0.00000   -50.68  LINEAR    4.96396E+01    86.91    6.05988E+01   -93.09
   40.00   315.00      -3.68   -1.37    0.64    0.00000   -52.55  LINEAR    4.59292E+01    86.92    5.99563E+01   -93.08
   45.00   315.00      -4.47   -1.46    0.30    0.00000   -54.74  LINEAR    4.19306E+01    86.94    5.92988E+01   -93.06
   50.00   315.00      -5.40   -1.56   -0.06    0.00000   -57.27  LINEAR    3.76972E+01    86.96    5.86464E+01   -93.04
   55.00   315.00      -6.48   -1.65   -0.42    0.00000   -60.16  LINEAR    3.32782E+01    86.98    5.80188E+01   -93.02
   60.00   315.00      -7.76   -1.74   -0.77    0.00000   -63.43  LINEAR    2.87171E+01    87.00    5.74343E+01   -93.00
   65.00   315.00      -9.30   -1.82   -1.11    0.00000   -67.09  LINEAR    2.40510E+01    87.01    5.69096E+01   -92.99
   70.00   315.00     -11.21   -1.89   -1.41    0.00000   -71.12  LINEAR    1.93103E+01    87.03    5.64595E+01   -92.97
   75.00   315.00     -13.68   -1.94   -1.66    0.00000   -75.49  LINEAR    1.45188E+01    87.04    5.60962E+01   -92.96
   80.00   315.00     -17.19   -1.99   -1.86    0.00000   -80.15  LINEAR    9.69470E+00    87.05    5.58295E+01   -92.95
   85.00   315.00     -23.21   -2.01   -1.98    0.00000   -85.02  LINEAR    4.85167E+00    87.05    5.56667E+01   -92.95
   90.00   315.00    -999.99   -2.02   -2.02    0.00000   -90.00  LINEAR    0.00000E+00     0.00    5.56120E+01   -92.95
   95.00   315.00     -23.21   -2.01   -1.98    0.00000    85.02  LINEAR    4.85167E+00   -92.95    5.56667E+01   -92.95
  100.00   315.00     -17.19   -1.99   -1.86    0.00000    80.15  LINEAR    9.69470E+00   -92.95    5.58295E+01   -92.95
  105.00   315.00     -13.68   -1.94   -1.66    0.00000    75.49  LINEAR    1.45188E+01   -92.96    5.60962E+01   -92.96
  110.00   315.00     -11.21   -1.89   -1.41    0.00000    71.12  LINEAR    1.93103E+01   -92.97    5.64595E+01   -92.97
  115.00   315.00      -9.30   -1.82   -1.11    0.00000    67.09  LINEAR    2.40510E+01   -92.99    5.69096E+01   -92.99
  120.00   315.00      -7.76   -1.74   -0.77    0.00000    63.43  LINEAR    2.87171E+01   -93.00    5.74343E+01   -93.00
  125.00   315.00      -6.48   -1.65   -0.42    0.00000    60.16  LINEAR    3.32782E+01   -93.02    5.80188E+01   -93.02
  130.00   315.00      -5.40   -1.56   -0.06    0.00000    57.27  LINEAR    3.76972E+01   -93.04    5.86464E+01   -93.04
  135.00   315.00      -4.47   -1.46    0.30    0.00000    54.74  LINEAR    4.19306E+01   -93.06    5.92988E+01   -93.06
  140.00   315.00      -3.68   -1.37    0.64    0.00000    52.55  LINEAR    4.59292E+01   -93.08    5.99563E+01   -93.08
  145.00   315.00      -3.01   -1.27    0.96    0.00000    50.68  LINEAR    4.96396E+01   -93.09    6.05988E+01   -93.09
  150.00   315.00      -2.44   -1.19    1.24    0.00000    49.11  LINEAR    5.30061E+01   -93.11    6.12061E+01   -93.11
  155.00   315.00      -1.96   -1.11    1.50    0.00000    47.81  LINEAR    5.59725E+01   -93.12    6.17588E+01   -93.12
  160.00   315.00      -1.58   -1.04    1.71    0.00000    46.78  LINEAR    5.84853E+01   -93.14    6.22388E+01   -93.14
  165.00   315.00      -1.29   -0.99    1.87    0.00000    45.99  LINEAR    6.04960E+01   -93.15    6.26301E+01   -93.15
  170.00   315.00      -1.08   -0.95    2.00    0.00000    45.44  LINEAR    6.19636E+01   -93.15    6.29195E+01   -93.15
  175.00   315.00      -0.96   -0.92    2.07    0.00000    45.11  LINEAR    6.28571E+01   -93.16    6.30972E+01   -93.16
  180.00   315.00      -0.91   -0.91    2.10    0.00000    45.00  LINEAR    6.31572E+01   -93.16    6.31572E+01   -93.16
    0.00   320.00      -1.74   -0.22    2.10    0.00000   -50.00  LINEAR    5.74123E+01    86.84    6.84214E+01   -93.16
    5.00   320.00      -1.78   -0.23    2.08    0.00000   -50.11  LINEAR    5.71490E+01    86.84    6.83677E+01   -93.16
   10.00   320.00      -1.90   -0.25    2.01    0.00000   -50.43  LINEAR    5.63643E+01    86.84    6.82085E+01   -93.16
   15.00   320.00      -2.10   -0.28    1.91    0.00000   -50.97  LINEAR    5.50734E+01    86.85    6.79492E+01   -93.15
   20.00   320.00      -2.39   -0.32    1.78    0.00000   -51.74  LINEAR    5.33011E+01    86.86    6.75984E+01   -93.14
   25.00   320.00      -2.76   -0.38    1.60    0.00000   -52.75  LINEAR    5.10799E+01    86.87    6.71678E+01   -93.13
   30.00   320.00      -3.22   -0.44    1.40    0.00000   -53.99  LINEAR    4.84488E+01    86.88    6.66713E+01   -93.12
   35.00   320.00      -3.77   -0.52    1.16    0.00000   -55.50  LINEAR    4.54511E+01    86.90    6.61251E+01   -93.10
   40.00   320.00      -4.43   -0.59    0.91    0.00000   -57.27  LINEAR    4.21325E+01    86.91    6.55466E+01   -93.09
   45.00   320.00      -5.20   -0.67    0.64    0.00000   -59.32  LINEAR    3.85392E+01    86.92    6.49537E+01   -93.08
   50.00   320.00      -6.11   -0.75    0.36    0.00000   -61.66  LINEAR    3.47159E+01    86.94    6.43646E+01   -93.06
   55.00   320.00      -7.18   -0.83    0.08    0.00000   -64.30  LINEAR    3.07048E+01    86.95    6.37972E+01   -93.05
   60.00   320.00      -8.44   -0.90   -0.20    0.00000   -67.24  LINEAR    2.65441E+01    86.97    6.32680E+01   -93.03
   65.00   320.00      -9.97   -0.96   -0.45    0.00000   -70.47  LINEAR    2.22674E+01    86.98    6.27924E+01   -93.02
   70.00   320.00     -11.86   -1.02   -0.68    0.00000   -73.99  LINEAR    1.79035E+01    86.99    6.23839E+01   -93.01
   75.00   320.00     -14.33   -1.07   -0.87    0.00000   -77.75  LINEAR    1.34766E+01    87.00    6.20539E+01   -93.00
   80.00   320.00     -17.83   -1.10   -1.01    0.00000   -81.71  LINEAR    9.00645E+00    87.01    6.18116E+01   -92.99
   85.00   320.00     -23.84   -1.12   -1.10    0.00000   -85.82  LINEAR    4.50960E+00    87.01    6.16635E+01   -92.99
   90.00   320.00    -999.99   -1.13   -1.13    0.00000   -90.00  LINEAR    0.00000E+00     0.00    6.16137E+01   -92.99
   95.00   320.00     -23.84   -1.12   -1.10    0.00000    85.82  LINEAR    4.50960E+00   -92.99    6.16635E+01   -92.99
  100.00   320.00     -17.83   -1.10   -1.01    0.00000    81.71  LINEAR    9.00645E+00   -92.99    6.18116E+01   -92.99
  105.00   320.00     -14.33   -1.07   -0.87    0.00000    77.75  LINEAR    1.34766E+01   -93.00    6.20539E+01   -93.00
  110.00   320.00     -11.86   -1.02   -0.68    0.00000    73.99  LINEAR    1.79035E+01   -93.01    6.23839E+01   -93.01
  115.00   320.00      -9.97   -0.96   -0.45    0.00000    70.47  LINEAR    2.22674E+01   -93.02    6.27924E+01   -93.02
  120.00   320.00      -8.44   -0.90   -0.20    0.00000    67.24  LINEAR    2.65441E+01   -93.03    6.32680E+01   -93.03
  125.00   320.00      -7.18   -0.83    0.08    0.00000    64.30  LINEAR    3.07048E+01   -93.05    6.37972E+01   -93.05
  130.00   320.00      -6.11   -0.75    0.36    0.00000    61.66  LINEAR    3.47159E+01   -93.06    6.43646E+01   -93.06
  135.00   320.00      -5.20   -0.67    0.64    0.00000    59.32  LINEAR    3.85392E+01   -93.08    6.49537E+01   -93.08
  140.00   320.00      -4.43   -0.59    0.91    0.00000    57.27  LINEAR    4.21325E+01   -93.09    6.55466E+01   -93.09
  145.00   320.00      -3.77   -0.52    1.16    0.00000    55.50  LINEAR    4.54511E+01   -93.10    6.61251E+01   -93.10
  150.00   320.00      -3.22   -0.44    1.40    0.00000    53.99  LINEAR    4.84488E+01   -93.12    6.66713E+01   -93.12
  155.00   320.00      -2.76   -0.38    1.60    0.00000    52.75  LINEAR    5.10799E+01   -93.13    6.71678E+01   -93.13
  160.00   320.00      -2.39   -0.32    1.78    0.00000    51.74  LINEAR    5.33011E+01   -93.14    6.75984E+01   -93.14
  165.00   320.00      -2.10   -0.28    1.91    0.00000    50.97  LINEAR    5.50734E+01   -93.15    6.79492E+01   -93.15
  170.00   320.00      -1.90   -0.25    2.01    0.00000    50.43  LINEAR    5.63643E+01   -93.16    6.82085E+01   -93.16
  175.00   320.00      -1.78   -0.23    2.08    0.00000    50.11  LINEAR    5.71490E+01   -93.16    6.83677E+01   -93.16
  180.00   320.00      -1.74   -0.22    2.10    0.00000    50.00  LINEAR    5.74123E+01   -93.16    6.84214E+01   -93.16
    0.00   325.00      -2.73    0.36    2.10    0.00000   -55.00  LINEAR    5.12305E+01    86.84    7.31648E+01   -93.16
    5.00   325.00      -2.77    0.36    2.08    0.00000   -55.10  LINEAR    5.10037E+01    86.84    7.31191E+01   -93.16
   10.00   325.00      -2.89    0.34    2.03    0.00000   -55.41  LINEAR    5.03273E+01    86.84    7.29836E+01   -93.16
   15.00   325.00      -3.08    0.32    1.95    0.00000   -55.93  LINEAR    4.92129E+01    86.85    7.27626E+01   -93.15
   20.00   325.00      -3.36    0.28    1.84    0.00000   -56.66  LINEAR    4.76795E+01    86.86    7.24635E+01   -93.14
   25.00   325.00      -3.71    0.24    1.70    0.00000   -57.60  LINEAR    4.57524E+01    86.86    7.20960E+01   -93.14
   30.00   325.00      -4.16    0.18    1.54    0.00000   -58.77  LINEAR    4.34617E+01    86.87    7.16719E+01   -93.13
   35.00   325.00      -4.70    0.13    1.36    0.00000   -60.16  LINEAR    4.08414E+01    86.88    7.12048E+01   -93.12
   40.00   325.00      -5.34    0.07    1.16    0.00000   -61.79  LINEAR    3.79278E+01    86.90    7.07094E+01   -93.10
   45.00   325.00      -6.10    0.00    0.96    0.00000   -63.66  LINEAR    3.47580E+01    86.91    7.02011E+01   -93.09
   50.00   325.00      -6.99   -0.06    0.74    0.00000   -65.77  LINEAR    3.13688E+01    86.92    6.96953E+01   -93.08
   55.00   325.00      -8.04   -0.12    0.53    0.00000   -68.12  LINEAR    2.77953E+01    86.93    6.92075E+01   -93.07
   60.00   325.00      -9.29   -0.18    0.32    0.00000   -70.70  LINEAR    2.40703E+01    86.94    6.87520E+01   -93.06
   65.00   325.00     -10.81   -0.23    0.14    0.00000   -73.52  LINEAR    2.02238E+01    86.95    6.83421E+01   -93.05
   70.00   325.00     -12.69   -0.27   -0.03    0.00000   -76.53  LINEAR    1.62825E+01    86.96    6.79897E+01   -93.04
   75.00   325.00     -15.15   -0.31   -0.17    0.00000   -79.73  LINEAR    1.22699E+01    86.97    6.77048E+01   -93.03
   80.00   325.00     -18.64   -0.34   -0.27    0.00000   -83.07  LINEAR    8.20676E+00    86.97    6.74954E+01   -93.03
   85.00   325.00     -24.64   -0.35   -0.34    0.00000   -86.51  LINEAR    4.11124E+00    86.98    6.73675E+01   -93.02
   90.00   325.00    -999.99   -0.36   -0.36    0.00000   -90.00  LINEAR    0.00000E+00     0.00    6.73244E+01   -93.02
   95.00   325.00     -24.64   -0.35   -0.34    0.00000    86.51  LINEAR    4.11124E+00   -93.02    6.73675E+01   -93.02
  100.00   325.00     -18.64   -0.34   -0.27    0.00000    83.07  LINEAR    8.20676E+00   -93.03    6.74954E+01   -93.03
  105.00   325.00     -15.15   -0.31   -0.17    0.00000    79.73  LINEAR    1.22699E+01   -93.03    6.77048E+01   -93.03
  110.00   325.00     -12.69   -0.27   -0.03    0.00000    76.53  LINEAR    1.62825E+01   -93.04    6.79897E+01   -93.04
  115.00   325.00     -10.81   -0.23    0.14    0.00000    73.52  LINEAR    2.02238E+01   -93.05    6.83421E+01   -93.05
  120.00   325.00      -9.29   -0.18    0.32    0.00000    70.70  LINEAR    2.40703E+01   -93.06    6.87520E+01   -93.06
  125.00   325.00      -8.04   -0.12    0.53    0.00000    68.12  LINEAR    2.77953E+01   -93.07    6.92075E+01   -93.07
  130.00   325.00      -6.99   -0.06    0.74    0.00000    65.77  LINEAR    3.13688E+01   -93.08    6.96953E+01   -93.08
  135.00   325.00      -6.10    0.00    0.96    0.00000    63.66  LINEAR    3.47580E+01   -93.09    7.02011E+01   -93.09
  140.00   325.00      -5.34    0.07    1.16    0.00000    61.79  LINEAR    3.79278E+01   -93.10    7.07094E+01   -93.10
  145.00   325.00      -4.70    0.13    1.36    0.00000    60.16  LINEAR    4.08414E+01   -93.12    7.12048E+01   -93.12
  150.00   325.00      -4.16    0.18    1.54    0.00000    58.77  LINEAR    4.34617E+01   -93.13    7.16719E+01   -93.13
  155.00   325.00      -3.71    0.24    1.70    0.00000    57.60  LINEAR    4.57524E+01   -93.14    7.20960E+01   -93.14
  160.00   325.00      -3.36    0.28    1.84    0.00000    56.66  LINEAR    4.76795E+01   -93.14    7.24635E+01   -93.14
  165.00   325.00      -3.08    0.32    1.95    0.00000    55.93  LINEAR    4.92129E+01   -93.15    7.27626E+01   -93.15
  170.00   325.00      -2.89    0.34    2.03    0.00000    55.41  LINEAR    5.03273E+01   -93.16    7.29836E+01   -93.16
  175.00   325.00      -2.77    0.36    2.08    0.00000    55.10  LINEAR    5.10037E+01   -93.16    7.31191E+01   -93.16
  180.00   325.00      -2.73    0.36    2.10    0.00000    55.00  LINEAR    5.12305E+01   -93.16    7.31648E+01   -93.16
    0.00   330.00      -3.92    0.85    2.10    0.00000   -60.00  LINEAR    4.46589E+01    86.84    7.73514E+01   -93.16
    5.00   330.00      -3.96    0.84    2.08    0.00000   -60.09  LINEAR    4.44678E+01    86.84    7.73147E+01   -93.16
   10.00   330.00      -4.07    0.83    2.05    0.00000   -60.38  LINEAR    4.38976E+01    86.84    7.72058E+01   -93.16
   15.00   330.00      -4.26    0.81    1.99    0.00000   -60.85  LINEAR    4.29569E+01    86.85    7.70282E+01   -93.15
   20.00   330.00      -4.53    0.78    1.90    0.00000   -61.52  LINEAR    4.16597E+01    86.85    7.67875E+01   -93.15
   25.00   330.00      -4.88    0.75    1.80    0.00000   -62.38  LINEAR    4.00248E+01    86.86    7.64917E+01   -93.14
   30.00   330.00      -5.31    0.71    1.68    0.00000   -63.43  LINEAR    3.80750E+01    86.86    7.61499E+01   -93.14
   35.00   330.00      -5.84    0.67    1.54    0.00000   -64.69  LINEAR    3.58360E+01    86.87    7.57731E+01   -93.13
   40.00   330.00      -6.46    0.62    1.40    0.00000   -66.14  LINEAR    3.33357E+01    86.88    7.53730E+01   -93.12
   45.00   330.00      -7.21    0.57    1.24    0.00000   -67.79  LINEAR    3.06031E+01    86.89    7.49619E+01   -93.11
   50.00   330.00      -8.08    0.53    1.09    0.00000   -69.64  LINEAR    2.76674E+01    86.90    7.45525E+01   -93.10
   55.00   330.00      -9.12    0.48    0.93    0.00000   -71.68  LINEAR    2.45574E+01    86.91    7.41570E+01   -93.09
   60.00   330.00     -10.36    0.44    0.78    0.00000   -73.90  LINEAR    2.13005E+01    86.92    7.37873E+01   -93.08
   65.00   330.00     -11.85    0.40    0.65    0.00000   -76.29  LINEAR    1.79227E+01    86.92    7.34543E+01   -93.08
   70.00   330.00     -13.73    0.36    0.53    0.00000   -78.83  LINEAR    1.44481E+01    86.93    7.31677E+01   -93.07
   75.00   330.00     -16.18    0.34    0.43    0.00000   -81.50  LINEAR    1.08987E+01    86.94    7.29358E+01   -93.06
   80.00   330.00     -19.66    0.32    0.36    0.00000   -84.27  LINEAR    7.29514E+00    86.94    7.27652E+01   -93.06
   85.00   330.00     -25.66    0.30    0.31    0.00000   -87.12  LINEAR    3.65626E+00    86.94    7.26610E+01   -93.06
   90.00   330.00    -999.99    0.30    0.30    0.00000   -90.00  LINEAR    0.00000E+00     0.00    7.26259E+01   -93.06
   95.00   330.00     -25.66    0.30    0.31    0.00000    87.12  LINEAR    3.65626E+00   -93.06    7.26610E+01   -93.06
  100.00   330.00     -19.66    0.32    0.36    0.00000    84.27  LINEAR    7.29514E+00   -93.06    7.27652E+01   -93.06
  105.00   330.00     -16.18    0.34    0.43    0.00000    81.50  LINEAR    1.08987E+01   -93.06    7.29358E+01   -93.06
  110.00   330.00     -13.73    0.36    0.53    0.00000    78.83  LINEAR    1.44481E+01   -93.07    7.31677E+01   -93.07
  115.00   330.00     -11.85    0.40    0.65    0.00000    76.29  LINEAR    1.79227E+01   -93.08    7.34543E+01   -93.08
  120.00   330.00     -10.36    0.44    0.78    0.00000    73.90  LINEAR    2.13005E+01   -93.08    7.37873E+01   -93.08
  125.00   330.00      -9.12    0.48    0.93    0.00000    71.68  LINEAR    2.45574E+01   -93.09    7.41570E+01   -93.09
  130.00   330.00      -8.08    0.53    1.09    0.00000    69.64  LINEAR    2.76674E+01   -93.10    7.45525E+01   -93.10
  135.00   330.00      -7.21    0.57    1.24    0.00000    67.79  LINEAR    3.06031E+01   -93.11    7.49619E+01   -93.11
  140.00   330.00      -6.46    0.62    1.40    0.00000    66.14  LINEAR    3.33357E+01   -93.12    7.53730E+01   -93.12
  145.00   330.00      -5.84    0.67    1.54    0.00000    64.69  LINEAR    3.58360E+01   -93.13    7.57731E+01   -93.13
  150.00   330.00      -5.31    0.71    1.68    0.00000    63.43  LINEAR    3.80750E+01   -93.14    7.61499E+01   -93.14
  155.00   330.00      -4.88    0.75    1.80    0.00000    62.38  LINEAR    4.00248E+01   -93.14    7.64917E+01   -93.14
  160.00   330.00      -4.53    0.78    1.90    0.00000    61.52  LINEAR    4.16597E+01   -93.15    7.67875E+01   -93.15
  165.00   330.00      -4.26    0.81    1.99    0.00000    60.85  LINEAR    4.29569E+01   -93.15    7.70282E+01   -93.15
  170.00   330.00      -4.07    0.83    2.05    0.00000    60.38  LINEAR    4.38976E+01   -93.16    7.72058E+01   -93.16
  175.00   330.00      -3.96    0.84    2.08    0.00000    60.09  LINEAR    4.44678E+01   -93.16    7.73147E+01   -93.16
  180.00   330.00      -3.92    0.85    2.10    0.00000    60.00  LINEAR    4.46589E+01   -93.16    7.73514E+01   -93.16
    0.00   335.00      -5.39    1.24    2.10    0.00000   -65.00  LINEAR    3.77473E+01    86.84    8.09494E+01   -93.16
    5.00   335.00      -5.42    1.24    2.09    0.00000   -65.08  LINEAR    3.75909E+01    86.84    8.09219E+01   -93.16
   10.00   335.00      -5.53    1.23    2.06    0.00000   -65.33  LINEAR    3.71238E+01    86.84    8.08404E+01   -93.16
   15.00   335.00      -5.71    1.22    2.02    0.00000   -65.75  LINEAR    3.63522E+01    86.84    8.07076E+01   -93.16
   20.00   335.00      -5.97    1.20    1.96    0.00000   -66.34  LINEAR    3.52860E+01    86.85    8.05275E+01   -93.15
   25.00   335.00      -6.31    1.17    1.89    0.00000   -67.09  LINEAR    3.39387E+01    86.85    8.03058E+01   -93.15
   30.00   335.00      -6.73    1.14    1.80    0.00000   -68.01  LINEAR    3.23268E+01    86.86    8.00496E+01   -93.14
   35.00   335.00      -7.25    1.11    1.70    0.00000   -69.09  LINEAR    3.04691E+01    86.86    7.97668E+01   -93.14
   40.00   335.00      -7.86    1.08    1.60    0.00000   -70.34  LINEAR    2.83863E+01    86.87    7.94662E+01   -93.13
   45.00   335.00      -8.59    1.05    1.50    0.00000   -71.75  LINEAR    2.61004E+01    86.88    7.91571E+01   -93.12
   50.00   335.00      -9.45    1.01    1.39    0.00000   -73.31  LINEAR    2.36339E+01    86.88    7.88488E+01   -93.12
   55.00   335.00     -10.47    0.98    1.28    0.00000   -75.03  LINEAR    2.10094E+01    86.89    7.85507E+01   -93.11
   60.00   335.00     -11.70    0.95    1.18    0.00000   -76.88  LINEAR    1.82494E+01    86.89    7.82717E+01   -93.11
   65.00   335.00     -13.19    0.92    1.09    0.00000   -78.85  LINEAR    1.53754E+01    86.90    7.80202E+01   -93.10
   70.00   335.00     -15.05    0.90    1.01    0.00000   -80.94  LINEAR    1.24086E+01    86.90    7.78035E+01   -93.10
   75.00   335.00     -17.49    0.88    0.94    0.00000   -83.12  LINEAR    9.36888E+00    86.91    7.76281E+01   -93.09
   80.00   335.00     -20.97    0.86    0.89    0.00000   -85.37  LINEAR    6.27537E+00    86.91    7.74990E+01   -93.09
   85.00   335.00     -26.97    0.85    0.86    0.00000   -87.67  LINEAR    3.14646E+00    86.91    7.74201E+01   -93.09
   90.00   335.00    -999.99    0.85    0.85    0.00000   -90.00  LINEAR    0.00000E+00     0.00    7.73935E+01   -93.09
   95.00   335.00     -26.97    0.85    0.86    0.00000    87.67  LINEAR    3.14646E+00   -93.09    7.74201E+01   -93.09
  100.00   335.00     -20.97    0.86    0.89    0.00000    85.37  LINEAR    6.27537E+00   -93.09    7.74990E+01   -93.09
  105.00   335.00     -17.49    0.88    0.94    0.00000    83.12  LINEAR    9.36888E+00   -93.09    7.76281E+01   -93.09
  110.00   335.00     -15.05    0.90    1.01    0.00000    80.94  LINEAR    1.24086E+01   -93.10    7.78035E+01   -93.10
  115.00   335.00     -13.19    0.92    1.09    0.00000    78.85  LINEAR    1.53754E+01   -93.10    7.80202E+01   -93.10
  120.00   335.00     -11.70    0.95    1.18    0.00000    76.88  LINEAR    1.82494E+01   -93.11    7.82717E+01   -93.11
  125.00   335.00     -10.47    0.98    1.28    0.00000    75.03  LINEAR    2.10094E+01   -93.11    7.85507E+01   -93.11
  130.00   335.00      -9.45    1.01    1.39    0.00000    73.31  LINEAR    2.36339E+01   -93.12    7.88488E+01   -93.12
  135.00   335.00      -8.59    1.05    1.50    0.00000    71.75  LINEAR    2.61004E+01   -93.12    7.91571E+01   -93.12
  140.00   335.00      -7.86    1.08    1.60    0.00000    70.34  LINEAR    2.83863E+01   -93.13    7.94662E+01   -93.13
  145.00   335.00      -7.25    1.11    1.70    0.00000    69.09  LINEAR    3.04691E+01   -93.14    7.97668E+01   -93.14
  150.00   335.00      -6.73    1.14    1.80    0.00000    68.01  LINEAR    3.23268E+01   -93.14    8.00496E+01   -93.14
  155.00   335.00      -6.31    1.17    1.89    0.00000    67.09  LINEAR    3.39387E+01   -93.15    8.03058E+01   -93.15
  160.00   335.00      -5.97    1.20    1.96    0.00000    66.34  LINEAR    3.52860E+01   -93.15    8.05275E+01   -93.15
  165.00   335.00      -5.71    1.22    2.02    0.00000    65.75  LINEAR    3.63522E+01   -93.16    8.07076E+01   -93.16
  170.00   335.00      -5.53    1.23    2.06    0.00000    65.33  LINEAR    3.71238E+01   -93.16    8.08404E+01   -93.16
  175.00   335.00      -5.42    1.24    2.09    0.00000    65.08  LINEAR    3.75909E+01   -93.16    8.09219E+01   -93.16
  180.00   335.00      -5.39    1.24    2.10    0.00000    65.00  LINEAR    3.77473E+01   -93.16    8.09494E+01   -93.16
    0.00   340.00      -7.22    1.56    2.10    0.00000   -70.00  LINEAR    3.05485E+01    86.84    8.39312E+01   -93.16
    5.00   340.00      -7.26    1.55    2.09    0.00000   -70.07  LINEAR    3.04255E+01    86.84    8.39126E+01   -93.16
   10.00   340.00      -7.36    1.55    2.07    0.00000   -70.28  LINEAR    3.00579E+01    86.84    8.38572E+01   -93.16
   15.00   340.00      -7.54    1.54    2.04    0.00000   -70.63  LINEAR    2.94498E+01    86.84    8.37670E+01   -93.16
   20.00   340.00      -7.79    1.53    2.01    0.00000   -71.12  LINEAR    2.86081E+01    86.85    8.36445E+01   -93.15
   25.00   340.00      -8.12    1.51    1.96    0.00000   -71.74  LINEAR    2.75420E+01    86.85    8.34938E+01   -93.15
   30.00   340.00      -8.54    1.49    1.90    0.00000   -72.50  LINEAR    2.62629E+01    86.85    8.33194E+01   -93.15
   35.00   340.00      -9.04    1.47    1.84    0.00000   -73.40  LINEAR    2.47840E+01    86.86    8.31267E+01   -93.14
   40.00   340.00      -9.64    1.45    1.78    0.00000   -74.42  LINEAR    2.31200E+01    86.86    8.29217E+01   -93.14
   45.00   340.00     -10.36    1.43    1.71    0.00000   -75.57  LINEAR    2.12869E+01    86.86    8.27107E+01   -93.14
   50.00   340.00     -11.21    1.41    1.64    0.00000   -76.83  LINEAR    1.93014E+01    86.87    8.25001E+01   -93.13
   55.00   340.00     -12.22    1.38    1.57    0.00000   -78.21  LINEAR    1.71806E+01    86.87    8.22963E+01   -93.13
   60.00   340.00     -13.43    1.36    1.51    0.00000   -79.69  LINEAR    1.49419E+01    86.88    8.21053E+01   -93.12
   65.00   340.00     -14.91    1.35    1.45    0.00000   -81.26  LINEAR    1.26030E+01    86.88    8.19330E+01   -93.12
   70.00   340.00     -16.77    1.33    1.40    0.00000   -82.90  LINEAR    1.01810E+01    86.88    8.17845E+01   -93.12
   75.00   340.00     -19.20    1.32    1.36    0.00000   -84.62  LINEAR    7.69296E+00    86.88    8.16641E+01   -93.12
   80.00   340.00     -22.68    1.31    1.33    0.00000   -86.38  LINEAR    5.15580E+00    86.89    8.15756E+01   -93.11
   85.00   340.00     -28.67    1.30    1.31    0.00000   -88.18  LINEAR    2.58603E+00    86.89    8.15213E+01   -93.11
   90.00   340.00    -999.99    1.30    1.30    0.00000   -90.00  LINEAR    0.00000E+00     0.00    8.15031E+01   -93.11
   95.00   340.00     -28.67    1.30    1.31    0.00000    88.18  LINEAR    2.58603E+00   -93.11    8.15213E+01   -93.11
  100.00   340.00     -22.68    1.31    1.33    0.00000    86.38  LINEAR    5.15580E+00   -93.11    8.15756E+01   -93.11
  105.00   340.00     -19.20    1.32    1.36    0.00000    84.62  LINEAR    7.69296E+00   -93.12    8.16641E+01   -93.12
  110.00   340.00     -16.77    1.33    1.40    0.00000    82.90  LINEAR    1.01810E+01   -93.12    8.17845E+01   -93.12
  115.00   340.00     -14.91    1.35    1.45    0.00000    81.26  LINEAR    1.26030E+01   -93.12    8.19330E+01   -93.12
  120.00   340.00     -13.43    1.36    1.51    0.00000    79.69  LINEAR    1.49419E+01   -93.12    8.21053E+01   -93.12
  125.00   340.00     -12.22    1.38    1.57    0.00000    78.21  LINEAR    1.71806E+01   -93.13    8.22963E+01   -93.13
  130.00   340.00     -11.21    1.41    1.64    0.00000    76.83  LINEAR    1.93014E+01   -93.13    8.25001E+01   -93.13
  135.00   340.00     -10.36    1.43    1.71    0.00000    75.57  LINEAR    2.12869E+01   -93.14    8.27107E+01   -93.14
  140.00   340.00      -9.64    1.45    1.78    0.00000    74.42  LINEAR    2.31200E+01   -93.14    8.29217E+01   -93.14
  145.00   340.00      -9.04    1.47    1.84    0.00000    73.40  LINEAR    2.47840E+01   -93.14    8.31267E+01   -93.14
  150.00   340.00      -8.54    1.49    1.90    0.00000    72.50  LINEAR    2.62629E+01   -93.15    8.33194E+01   -93.15
  155.00   340.00      -8.12    1.51    1.96    0.00000    71.74  LINEAR    2.75420E+01   -93.15    8.34938E+01   -93.15
  160.00   340.00      -7.79    1.53    2.01    0.00000    71.12  LINEAR    2.86081E+01   -93.15    8.36445E+01   -93.15
  165.00   340.00      -7.54    1.54    2.04    0.00000    70.63  LINEAR    2.94498E+01   -93.16    8.37670E+01   -93.16
  170.00   340.00      -7.36    1.55    2.07    0.00000    70.28  LINEAR    3.00579E+01   -93.16    8.38572E+01   -93.16
  175.00   340.00      -7.26    1.55    2.09    0.00000    70.07  LINEAR    3.04255E+01   -93.16    8.39126E+01   -93.16
  180.00   340.00      -7.22    1.56    2.10    0.00000    70.00  LINEAR    3.05485E+01   -93.16    8.39312E+01   -93.16
    0.00   345.00      -9.64    1.79    2.10    0.00000   -75.00  LINEAR    2.31171E+01    86.84    8.62743E+01   -93.16
    5.00   345.00      -9.68    1.79    2.09    0.00000   -75.05  LINEAR    2.30262E+01    86.84    8.62633E+01   -93.16
   10.00   345.00      -9.78    1.79    2.08    0.00000   -75.22  LINEAR    2.27544E+01    86.84    8.62308E+01   -93.16
   15.00   345.00      -9.96    1.78    2.07    0.00000   -75.49  LINEAR    2.23044E+01    86.84    8.61776E+01   -93.16
   20.00   345.00     -10.20    1.78    2.04    0.00000   -75.87  LINEAR    2.16805E+01    86.84    8.61055E+01   -93.16
   25.00   345.00     -10.52    1.77    2.02    0.00000   -76.35  LINEAR    2.08887E+01    86.84    8.60166E+01   -93.16
   30.00   345.00     -10.93    1.76    1.99    0.00000   -76.94  LINEAR    1.99364E+01    86.85    8.59137E+01   -93.15
   35.00   345.00     -11.42    1.75    1.95    0.00000   -77.62  LINEAR    1.88323E+01    86.85    8.58000E+01   -93.15
   40.00   345.00     -12.02    1.73    1.91    0.00000   -78.40  LINEAR    1.75866E+01    86.85    8.56790E+01   -93.15
   45.00   345.00     -12.73    1.72    1.87    0.00000   -79.27  LINEAR    1.62099E+01    86.85    8.55543E+01   -93.15
   50.00   345.00     -13.57    1.71    1.84    0.00000   -80.23  LINEAR    1.47139E+01    86.86    8.54297E+01   -93.14
   55.00   345.00     -14.57    1.70    1.80    0.00000   -81.26  LINEAR    1.31111E+01    86.86    8.53090E+01   -93.14
   60.00   345.00     -15.77    1.69    1.76    0.00000   -82.37  LINEAR    1.14141E+01    86.86    8.51959E+01   -93.14
   65.00   345.00     -17.25    1.67    1.73    0.00000   -83.54  LINEAR    9.63603E+00    86.86    8.50937E+01   -93.14
   70.00   345.00     -19.09    1.67    1.70    0.00000   -84.76  LINEAR    7.79026E+00    86.86    8.50056E+01   -93.14
   75.00   345.00     -21.52    1.66    1.68    0.00000   -86.03  LINEAR    5.89022E+00    86.86    8.49342E+01   -93.14
   80.00   345.00     -24.99    1.65    1.66    0.00000   -87.34  LINEAR    3.94945E+00    86.87    8.48816E+01   -93.13
   85.00   345.00     -30.98    1.65    1.65    0.00000   -88.66  LINEAR    1.98151E+00    86.87    8.48494E+01   -93.13
   90.00   345.00    -999.99    1.65    1.65    0.00000   -90.00  LINEAR    0.00000E+00     0.00    8.48386E+01   -93.13
   95.00   345.00     -30.98    1.65    1.65    0.00000    88.66  LINEAR    1.98151E+00   -93.13    8.48494E+01   -93.13
  100.00   345.00     -24.99    1.65    1.66    0.00000    87.34  LINEAR    3.94945E+00   -93.13    8.48816E+01   -93.13
  105.00   345.00     -21.52    1.66    1.68    0.00000    86.03  LINEAR    5.89022E+00   -93.14    8.49342E+01   -93.14
  110.00   345.00     -19.09    1.67    1.70    0.00000    84.76  LINEAR    7.79026E+00   -93.14    8.50056E+01   -93.14
  115.00   345.00     -17.25    1.67    1.73    0.00000    83.54  LINEAR    9.63603E+00   -93.14    8.50937E+01   -93.14
  120.00   345.00     -15.77    1.69    1.76    0.00000    82.37  LINEAR    1.14141E+01   -93.14    8.51959E+01   -93.14
  125.00   345.00     -14.57    1.70    1.80    0.00000    81.26  LINEAR    1.31111E+01   -93.14    8.53090E+01   -93.14
  130.00   345.00     -13.57    1.71    1.84    0.00000    80.23  LINEAR    1.47139E+01   -93.14    8.54297E+01   -93.14
  135.00   345.00     -12.73    1.72    1.87    0.00000    79.27  LINEAR    1.62099E+01   -93.15    8.55543E+01   -93.15
  140.00   345.00     -12.02    1.73    1.91    0.00000    78.40  LINEAR    1.75866E+01   -93.15    8.56790E+01   -93.15
  145.00   345.00     -11.42    1.75    1.95    0.00000    77.62  LINEAR    1.88323E+01   -93.15    8.58000E+01   -93.15
  150.00   345.00     -10.93    1.76    1.99    0.00000    76.94  LINEAR    1.99364E+01   -93.15    8.59137E+01   -93.15
  155.00   345.00     -10.52    1.77    2.02    0.00000    76.35  LINEAR    2.08887E+01   -93.16    8.60166E+01   -93.16
  160.00   345.00     -10.20    1.78    2.04    0.00000    75.87  LINEAR    2.16805E+01   -93.16    8.61055E+01   -93.16
  165.00   345.00      -9.96    1.78    2.07    0.00000    75.49  LINEAR    2.23044E+01   -93.16    8.61776E+01   -93.16
  170.00   345.00      -9.78    1.79    2.08    0.00000    75.22  LINEAR    2.27544E+01   -93.16    8.62308E+01   -93.16
  175.00   345.00      -9.68    1.79    2.09    0.00000    75.05  LINEAR    2.30262E+01   -93.16    8.62633E+01   -93.16
  180.00   345.00      -9.64    1.79    2.10    0.00000    75.00  LINEAR    2.31171E+01   -93.16    8.62743E+01   -93.16
    0.00   350.00     -13.11    1.96    2.10    0.00000   -80.00  LINEAR    1.55099E+01    86.84    8.79608E+01   -93.16
    5.00   350.00     -13.14    1.96    2.09    0.00000   -80.04  LINEAR    1.54500E+01    86.84    8.79558E+01   -93.16
   10.00   350.00     -13.25    1.96    2.09    0.00000   -80.15  LINEAR    1.52708E+01    86.84    8.79408E+01   -93.16
   15.00   350.00     -13.42    1.96    2.08    0.00000   -80.33  LINEAR    1.49738E+01    86.84    8.79164E+01   -93.16
   20.00   350.00     -13.66    1.96    2.07    0.00000   -80.59  LINEAR    1.45617E+01    86.84    8.78833E+01   -93.16
   25.00   350.00     -13.98    1.95    2.06    0.00000   -80.92  LINEAR    1.40378E+01    86.84    8.78425E+01   -93.16
   30.00   350.00     -14.38    1.95    2.05    0.00000   -81.32  LINEAR    1.34066E+01    86.84    8.77952E+01   -93.16
   35.00   350.00     -14.87    1.94    2.03    0.00000   -81.78  LINEAR    1.26735E+01    86.84    8.77429E+01   -93.16
   40.00   350.00     -15.45    1.94    2.01    0.00000   -82.31  LINEAR    1.18443E+01    86.84    8.76872E+01   -93.16
   45.00   350.00     -16.15    1.93    2.00    0.00000   -82.89  LINEAR    1.09259E+01    86.85    8.76298E+01   -93.15
   50.00   350.00     -16.99    1.92    1.98    0.00000   -83.53  LINEAR    9.92553E+00    86.85    8.75724E+01   -93.15
   55.00   350.00     -17.98    1.92    1.96    0.00000   -84.22  LINEAR    8.85119E+00    86.85    8.75168E+01   -93.15
   60.00   350.00     -19.18    1.91    1.95    0.00000   -84.96  LINEAR    7.71119E+00    86.85    8.74646E+01   -93.15
   65.00   350.00     -20.65    1.91    1.93    0.00000   -85.74  LINEAR    6.51427E+00    86.85    8.74175E+01   -93.15
   70.00   350.00     -22.49    1.90    1.92    0.00000   -86.55  LINEAR    5.26947E+00    86.85    8.73768E+01   -93.15
   75.00   350.00     -24.91    1.90    1.91    0.00000   -87.39  LINEAR    3.98609E+00    86.85    8.73439E+01   -93.15
   80.00   350.00     -28.38    1.90    1.90    0.00000   -88.25  LINEAR    2.67363E+00    86.85    8.73196E+01   -93.15
   85.00   350.00     -34.37    1.90    1.90    0.00000   -89.12  LINEAR    1.34169E+00    86.85    8.73047E+01   -93.15
   90.00   350.00    -999.99    1.90    1.90    0.00000   -90.00  LINEAR    0.00000E+00     0.00    8.72997E+01   -93.15
   95.00   350.00     -34.37    1.90    1.90    0.00000    89.12  LINEAR    1.34169E+00   -93.15    8.73047E+01   -93.15
  100.00   350.00     -28.38    1.90    1.90    0.00000    88.25  LINEAR    2.67363E+00   -93.15    8.73196E+01   -93.15
  105.00   350.00     -24.91    1.90    1.91    0.00000    87.39  LINEAR    3.98609E+00   -93.15    8.73439E+01   -93.15
  110.00   350.00     -22.49    1.90    1.92    0.00000    86.55  LINEAR    5.26947E+00   -93.15    8.73768E+01   -93.15
  115.00   350.00     -20.65    1.91    1.93    0.00000    85.74  LINEAR    6.51427E+00   -93.15    8.74175E+01   -93.15
  120.00   350.00     -19.18    1.91    1.95    0.00000    84.96  LINEAR    7.71119E+00   -93.15    8.74646E+01   -93.15
  125.00   350.00     -17.98    1.92    1.96    0.00000    84.22  LINEAR    8.85119E+00   -93.15    8.75168E+01   -93.15
  130.00   350.00     -16.99    1.92    1.98    0.00000    83.53  LINEAR    9.92553E+00   -93.15    8.75724E+01   -93.15
  135.00   350.00     -16.15    1.93    2.00    0.00000    82.89  LINEAR    1.09259E+01   -93.15    8.76298E+01   -93.15
  140.00   350.00     -15.45    1.94    2.01    0.00000    82.31  LINEAR    1.18443E+01   -93.16    8.76872E+01   -93.16
  145.00   350.00     -14.87    1.94    2.03    0.00000    81.78  LINEAR    1.26735E+01   -93.16    8.77429E+01   -93.16
  150.00   350.00     -14.38    1.95    2.05    0.00000    81.32  LINEAR    1.34066E+01   -93.16    8.77952E+01   -93.16
  155.00   350.00     -13.98    1.95    2.06    0.00000    80.92  LINEAR    1.40378E+01   -93.16    8.78425E+01   -93.16
  160.00   350.00     -13.66    1.96    2.07    0.00000    80.59  LINEAR    1.45617E+01   -93.16    8.78833E+01   -93.16
  165.00   350.00     -13.42    1.96    2.08    0.00000    80.33  LINEAR    1.49738E+01   -93.16    8.79164E+01   -93.16
  170.00   350.00     -13.25    1.96    2.09    0.00000    80.15  LINEAR    1.52708E+01   -93.16    8.79408E+01   -93.16
  175.00   350.00     -13.14    1.96    2.09    0.00000    80.04  LINEAR    1.54500E+01   -93.16    8.79558E+01   -93.16
  180.00   350.00     -13.11    1.96    2.10    0.00000    80.00  LINEAR    1.55099E+01   -93.16    8.79608E+01   -93.16
    0.00   355.00     -19.10    2.06    2.10    0.00000   -85.00  LINEAR    7.78455E+00    86.84    8.89779E+01   -93.16
    5.00   355.00     -19.13    2.06    2.10    0.00000   -85.02  LINEAR    7.75482E+00    86.84    8.89766E+01   -93.16
   10.00   355.00     -19.23    2.06    2.09    0.00000   -85.08  LINEAR    7.66585E+00    86.84    8.89728E+01   -93.16
   15.00   355.00     -19.40    2.06    2.09    0.00000   -85.17  LINEAR    7.51835E+00    86.84    8.89665E+01   -93.16
   20.00   355.00     -19.64    2.06    2.09    0.00000   -85.30  LINEAR    7.31346E+00    86.84    8.89581E+01   -93.16
   25.00   355.00     -19.96    2.06    2.09    0.00000   -85.47  LINEAR    7.05281E+00    86.84    8.89477E+01   -93.16
   30.00   355.00     -20.35    2.06    2.08    0.00000   -85.67  LINEAR    6.73842E+00    86.84    8.89356E+01   -93.16
   35.00   355.00     -20.84    2.06    2.08    0.00000   -85.90  LINEAR    6.37275E+00    86.84    8.89223E+01   -93.16
   40.00   355.00     -21.42    2.06    2.08    0.00000   -86.17  LINEAR    5.95864E+00    86.84    8.89081E+01   -93.16
   45.00   355.00     -22.12    2.05    2.07    0.00000   -86.46  LINEAR    5.49929E+00    86.84    8.88934E+01   -93.16
   50.00   355.00     -22.95    2.05    2.07    0.00000   -86.78  LINEAR    4.99824E+00    86.84    8.88788E+01   -93.16
   55.00   355.00     -23.94    2.05    2.06    0.00000   -87.13  LINEAR    4.45935E+00    86.84    8.88646E+01   -93.16
   60.00   355.00     -25.13    2.05    2.06    0.00000   -87.50  LINEAR    3.88674E+00    86.84    8.88512E+01   -93.16
   65.00   355.00     -26.59    2.05    2.06    0.00000   -87.88  LINEAR    3.28477E+00    86.84    8.88392E+01   -93.16
   70.00   355.00     -28.43    2.05    2.05    0.00000   -88.29  LINEAR    2.65801E+00    86.84    8.88288E+01   -93.16
   75.00   355.00     -30.85    2.05    2.05    0.00000   -88.70  LINEAR    2.01122E+00    86.84    8.88203E+01   -93.16
   80.00   355.00     -34.32    2.05    2.05    0.00000   -89.13  LINEAR    1.34929E+00    86.84    8.88141E+01   -93.16
   85.00   355.00     -40.31    2.05    2.05    0.00000   -89.56  LINEAR    6.77191E-01    86.84    8.88103E+01   -93.16
   90.00   355.00    -999.99    2.05    2.05    0.00000   -90.00  LINEAR    0.00000E+00     0.00    8.88090E+01   -93.16
   95.00   355.00     -40.31    2.05    2.05    0.00000    89.56  LINEAR    6.77191E-01   -93.16    8.88103E+01   -93.16
  100.00   355.00     -34.32    2.05    2.05    0.00000    89.13  LINEAR    1.34929E+00   -93.16    8.88141E+01   -93.16
  105.00   355.00     -30.85    2.05    2.05    0.00000    88.70  LINEAR    2.01122E+00   -93.16    8.88203E+01   -93.16
  110.00   355.00     -28.43    2.05    2.05    0.00000    88.29  LINEAR    2.65801E+00   -93.16    8.88288E+01   -93.16
  115.00   355.00     -26.59    2.05    2.06    0.00000    87.88  LINEAR    3.28477E+00   -93.16    8.88392E+01   -93.16
  120.00   355.00     -25.13    2.05    2.06    0.00000    87.50  LINEAR    3.88674E+00   -93.16    8.88512E+01   -93.16
  125.00   355.00     -23.94    2.05    2.06    0.00000    87.13  LINEAR    4.45935E+00   -93.16    8.88646E+01   -93.16
  130.00   355.00     -22.95    2.05    2.07    0.00000    86.78  LINEAR    4.99824E+00   -93.16    8.88788E+01   -93.16
  135.00   355.00     -22.12    2.05    2.07    0.00000    86.46  LINEAR    5.49929E+00   -93.16    8.88934E+01   -93.16
  140.00   355.00     -21.42    2.06    2.08    0.00000    86.17  LINEAR    5.95864E+00   -93.16    8.89081E+01   -93.16
  145.00   355.00     -20.84    2.06    2.08    0.00000    85.90  LINEAR    6.37275E+00   -93.16    8.89223E+01   -93.16
  150.00   355.00     -20.35    2.06    2.08    0.00000    85.67  LINEAR    6.73842E+00   -93.16    8.89356E+01   -93.16
  155.00   355.00     -19.96    2.06    2.09    0.00000    85.47  LINEAR    7.05281E+00   -93.16    8.89477E+01   -93.16
  160.00   355.00     -19.64    2.06    2.09    0.00000    85.30  LINEAR    7.31346E+00   -93.16    8.89581E+01   -93.16
  165.00   355.00     -19.40    2.06    2.09    0.00000    85.17  LINEAR    7.51835E+00   -93.16    8.89665E+01   -93.16
  170.00   355.00     -19.23    2.06    2.09    0.00000    85.08  LINEAR    7.66585E+00   -93.16    8.89728E+01   -93.16
  175.00   355.00     -19.13    2.06    2.10    0.00000    85.02  LINEAR    7.75482E+00   -93.16    8.89766E+01   -93.16
  180.00   355.00     -19.10    2.06    2.10    0.00000    85.00  LINEAR    7.78455E+00   -93.16    8.89779E+01   -93.16
    0.00   360.00    -999.99    2.10    2.10    0.00000   -90.00  LINEAR    0.00000E+00     0.00    8.93177E+01   -93.16
    5.00   360.00    -999.99    2.10    2.10    0.00000   -90.00  LINEAR    0.00000E+00     0.00    8.93177E+01   -93.16
   10.00   360.00    -999.99    2.10    2.10    0.00000   -90.00  LINEAR    0.00000E+00     0.00    8.93177E+01   -93.16
   15.00   360.00    -999.99    2.10    2.10    0.00000   -90.00  LINEAR    0.00000E+00     0.00    8.93177E+01   -93.16
   20.00   360.00    -999.99    2.10    2.10    0.00000   -90.00  LINEAR    0.00000E+00     0.00    8.93177E+01   -93.16
   25.00   360.00    -999.99    2.10    2.10    0.00000   -90.00  LINEAR    0.00000E+00     0.00    8.93177E+01   -93.16
   30.00   360.00    -999.99    2.10    2.10    0.00000   -90.00  LINEAR    0.00000E+00     0.00    8.93177E+01   -93.16
   35.00   360.00    -999.99    2.10    2.10    0.00000   -90.00  LINEAR    0.00000E+00     0.00    8.93177E+01   -93.16
   40.00   360.00    -999.99    2.10    2.10    0.00000   -90.00  LINEAR    0.00000E+00     0.00    8.93177E+01   -93.16
   45.00   360.00    -999.99    2.10    2.10    0.00000   -90.00  LINEAR    0.00000E+00     0.00    8.93177E+01   -93.16
   50.00   360.00    -999.99    2.10    2.10    0.00000   -90.00  LINEAR    0.00000E+00     0.00    8.93177E+01   -93.16
   55.00   360.00    -999.99    2.10    2.10    0.00000   -90.00  LINEAR    0.00000E+00     0.00    8.93177E+01   -93.16
   60.00   360.00    -999.99    2.10    2.10    0.00000   -90.00  LINEAR    0.00000E+00     0.00    8.93177E+01   -93.16
   65.00   360.00    -999.99    2.10    2.10    0.00000   -90.00  LINEAR    0.00000E+00     0.00    8.93177E+01   -93.16
   70.00   360.00    -999.99    2.10    2.10    0.00000   -90.00  LINEAR    0.00000E+00     0.00    8.93177E+01   -93.16
   75.00   360.00    -999.99    2.10    2.10    0.00000   -90.00  LINEAR    0.00000E+00     0.00    8.93177E+01   -93.16
   80.00   360.00    -999.99    2.10    2.10    0.00000   -90.00  LINEAR    0.00000E+00     0.00    8.93177E+01   -93.16
   85.00   360.00    -999.99    2.10    2.10    0.00000   -90.00  LINEAR    0.00000E+00     0.00    8.93177E+01   -93.16
   90.00   360.00    -999.99    2.10    2.10    0.00000   -90.00  LINEAR    0.00000E+00     0.00    8.93177E+01   -93.16
   95.00   360.00    -999.99    2.10    2.10    0.00000   -90.00  LINEAR    0.00000E+00     0.00    8.93177E+01   -93.16
  100.00   360.00    -999.99    2.10    2.10    0.00000   -90.00  LINEAR    0.00000E+00     0.00    8.93177E+01   -93.16
  105.00   360.00    -999.99    2.10    2.10    0.00000   -90.00  LINEAR    0.00000E+00     0.00    8.93177E+01   -93.16
  110.00   360.00    -999.99    2.10    2.10    0.00000   -90.00  LINEAR    0.00000E+00     0.00    8.93177E+01   -93.16
  115.00   360.00    -999.99    2.10    2.10    0.00000   -90.00  LINEAR    0.00000E+00     0.00    8.93177E+01   -93.16
  120.00   360.00    -999.99    2.10    2.10    0.00000   -90.00  LINEAR    0.00000E+00     0.00    8.93177E+01   -93.16
  125.00   360.00    -999.99    2.10    2.10    0.00000   -90.00  LINEAR    0.00000E+00     0.00    8.93177E+01   -93.16
  130.00   360.00    -999.99    2.10    2.10    0.00000   -90.00  LINEAR    0.00000E+00     0.00    8.93177E+01   -93.16
  135.00   360.00    -999.99    2.10    2.10    0.00000   -90.00  LINEAR    0.00000E+00     0.00    8.93177E+01   -93.16
  140.00   360.00    -999.99    2.10    2.10    0.00000   -90.00  LINEAR    0.00000E+00     0.00    8.93177E+01   -93.16
  145.00   360.00    -999.99    2.10    2.10    0.00000   -90.00  LINEAR    0.00000E+00     0.00    8.93177E+01   -93.16
  150.00   360.00    -999.99    2.10    2.10    0.00000   -90.00  LINEAR    0.00000E+00     0.00    8.93177E+01   -93.16
  155.00   360.00    -999.99    2.10    2.10    0.00000   -90.00  LINEAR    0.00000E+00     0.00    8.93177E+01   -93.16
  160.00   360.00    -999.99    2.10    2.10    0.00000   -90.00  LINEAR    0.00000E+00     0.00    8.93177E+01   -93.16
  165.00   360.00    -999.99    2.10    2.10    0.00000   -90.00  LINEAR    0.00000E+00     0.00    8.93177E+01   -93.16
  170.00   360.00    -999.99    2.10    2.10    0.00000   -90.00  LINEAR    0.00000E+00     0.00    8.93177E+01   -93.16
  175.00   360.00    -999.99    2.10    2.10    0.00000   -90.00  LINEAR    0.00000E+00     0.00    8.93177E+01   -93.16
  180.00   360.00    -999.99    2.10    2.10    0.00000   -90.00  LINEAR    0.00000E+00     0.00    8.93177E+01   -93.16


   AVERAGE POWER GAIN= 9.81664E-01       SOLID ANGLE USED IN AVERAGING=( 4.0000)*PI STERADIANS.

   POWER RADIATED ASSUMING RADIATION INTO 4*PI STERADIANS = 8.06145E+01 WATTS






 ***** INPUT LINE  6  EN   0    0    0    0  0.00000E+00  0.00000E+00  0.00000E+00  0.00000E+00  0.00000E+00  0.00000E+00

 RUN TIME =     0.024
