deck,status_a,status_b,wall_a,wall_b,speedup,comparable
4nec2-models/Aperiodic/2ELK9AY.nec,ok,ok,0.42085787281394005,0.2566110324114561,1.6401,1
4nec2-models/Aperiodic/2beverage.nec,ok,ok,0.4207773506641388,0.25398299749940634,1.6567,1
4nec2-models/Aperiodic/2el160flag.nec,ok,ok,0.2795879924669862,0.20897279493510723,1.3379,1
4nec2-models/Aperiodic/80pennant-pf.nec,ok,ok,0.25110034737735987,0.17495040781795979,1.4353,1
4nec2-models/Aperiodic/ON4BAAWD.nec,ok,ok,0.13267662469297647,0.14915105793625116,0.8895,1
4nec2-models/Aperiodic/Rhomb1.nec,ok,ok,0.10762718599289656,0.12208123877644539,0.8816,1
4nec2-models/Aperiodic/Rhombic.nec,ok,ok,0.16079657524824142,0.12499656435102224,1.2864,1
4nec2-models/Aperiodic/Semirhomb.nec,ok,ok,0.4406009279191494,0.28570213820785284,1.5422,1
4nec2-models/Aperiodic/Slopvee.nec,ok,ok,0.322620265185833,0.23865609522908926,1.3518,1
4nec2-models/Aperiodic/Vee40.nec,ok,ok,0.3566811541095376,0.25226275622844696,1.4139,1
4nec2-models/Aperiodic/bev80.nec,ok,ok,0.38531633745878935,0.29923035856336355,1.2877,1
4nec2-models/Equations/1elQuad.nec,ok,ok,0.006606702692806721,0.005425704643130302,,0
4nec2-models/Equations/2elQuad.nec,ok,ok,0.008798779919743538,0.006615977734327316,,0
4nec2-models/Equations/3elQuadGain.nec,ok,ok,0.011003855615854263,0.011836063116788864,,0
4nec2-models/Equations/3elQuadWide.nec,ok,ok,0.01222203765064478,0.011776759289205074,,0
4nec2-models/Equations/3elYagiGain.nec,ok,ok,0.006092153489589691,0.004946031607687473,,0
4nec2-models/Equations/3elYagiMaxFB.nec,ok,ok,0.004521015100181103,0.004780027084052563,,0
4nec2-models/Equations/3elYagiWide.nec,ok,ok,0.006484569050371647,0.005259236320853233,,0
4nec2-models/Equations/4elQuad.nec,ok,ok,0.016016004607081413,0.013783402740955353,,0
4nec2-models/Equations/Moxon.nec,ok,ok,0.29811278730630875,0.31309198774397373,0.9522,1
4nec2-models/Example1.nec,ok,ok,0.00525478832423687,0.004109972156584263,,0
4nec2-models/Example2.nec,ok,ok,0.005191243253648281,0.0038313334807753563,,0
4nec2-models/Fractals/Fractal.nec,ok,ok,1.8021629061549902,1.289640593342483,1.3974,1
4nec2-models/Fractals/MI2 Loop.nec,ok,ok,0.08586590643972158,0.15545363817363977,0.5524,1
4nec2-models/Fractals/MI3.nec,ok,ok,0.09817724581807852,0.20373908709734678,0.4819,1
4nec2-models/Fractals/RANDOM1.nec,ok,ok,0.08021138422191143,0.13357752095907927,0.6005,1
4nec2-models/Fractals/Random2.nec,ok,ok,0.0578459408134222,0.1750125251710415,0.3305,1
4nec2-models/HFActiveFeed/2el10.nec,ok,ok,0.10978367831557989,0.14868326298892498,0.7384,1
4nec2-models/HFActiveFeed/2lsloper.nec,ok,ok,0.6341566778719425,0.49063906352967024,1.2925,1
4nec2-models/HFActiveFeed/2phased.nec,ok,ok,0.014517624862492085,0.004758918657898903,,0
4nec2-models/HFActiveFeed/3vertical.nec,ok,ok,0.020319035276770592,0.012889883480966091,,0
4nec2-models/HFActiveFeed/BRDZPR10.nec,ok,ok,0.12206053454428911,0.15532403346151114,0.7858,1
4nec2-models/HFActiveFeed/HB9CV.nec,ok,ok,0.006217838265001774,0.005124598741531372,,0
4nec2-models/HFActiveFeed/Quad4.nec,ok,ok,0.03940459340810776,0.09482362121343613,,0
4nec2-models/HFActiveFeed/ZLSPTS10.nec,ok,ok,0.11661866866052151,0.13837679848074913,0.8428,1
4nec2-models/HFActiveFeed/ZLTROM10.nec,ok,ok,0.170640392228961,0.128344246186316,1.3296,1
4nec2-models/HFActiveFeed/cedzph10.nec,ok,ok,0.15994796343147755,0.12740955129265785,1.2554,1
4nec2-models/HFActiveFeed/n2pl_phased_dloop.nec,ok,ok,0.3229508614167571,0.2376796556636691,1.3588,1
4nec2-models/HFActiveFeed/zlspdp10.nec,ok,ok,0.11670784559100866,0.11498821061104536,1.0150,1
4nec2-models/HFbeams/2EL160H.nec,ok,ok,1.1298320889472961,0.4846092639490962,2.3314,1
4nec2-models/HFbeams/2lqful10.nec,ok,ok,0.013734518550336361,0.07423561252653599,,0
4nec2-models/HFbeams/2lyagi20.nec,ok,ok,0.08997694682329893,0.0948238130658865,0.9489,1
4nec2-models/HFbeams/2x4Q15A95.nec,ok,ok,0.03191367257386446,0.04493292607367039,,0
4nec2-models/HFbeams/3YAGI20.nec,ok,ok,0.3271070811897516,0.24310861248522997,1.3455,1
4nec2-models/HFbeams/3el-inverted-V.nec,ok,ok,0.31517612375319004,0.2369373170658946,1.3302,1
4nec2-models/HFbeams/3elquad.nec,ok,ok,0.008409915491938591,0.03655529022216797,,0
4nec2-models/HFbeams/3lyagi20.nec,ok,ok,0.4551271293312311,0.26853608526289463,1.6948,1
4nec2-models/HFbeams/40MYAG2.nec,ok,ok,0.36077259946614504,0.24488159082829952,1.4733,1
4nec2-models/HFbeams/40quad.nec,ok,ok,0.20542061142623425,0.16043023485690355,1.2804,1
4nec2-models/HFbeams/4el_vk1aa1.nec,ok,ok,0.37901587691158056,0.1782188331708312,2.1267,1
4nec2-models/HFbeams/5_el_wbeam_PA2AWU.nec,ok,ok,0.6179011203348637,0.33361224085092545,1.8522,1
4nec2-models/HFbeams/7lyagi10.nec,ok,ok,0.3062686398625374,0.22324088960886002,1.3719,1
4nec2-models/HFbeams/80hsbeam.nec,ok,ok,0.3447775151580572,0.2411756506189704,1.4296,1
4nec2-models/HFbeams/80rdbeam.nec,ok,ok,0.3505739150568843,0.3319340208545327,1.0562,1
4nec2-models/HFbeams/8x6q.nec,ok,ok,0.319594981148839,0.24229010753333569,1.3191,1
4nec2-models/HFbeams/BetaMatch.nec,ok,ok,0.0358623405918479,0.10295374132692814,,0
4nec2-models/HFbeams/Bowtie.nec,timeout,ok,300.05730067007244,183.09073685109615,,0
4nec2-models/HFbeams/Deltalp.nec,ok,ok,0.1301117530092597,0.13826019037514925,0.9411,1
4nec2-models/HFbeams/NinjaBeam.nec,ok,ok,0.2934056743979454,0.214767643250525,1.3662,1
4nec2-models/HFbeams/Quad.nec,ok,ok,0.04787999391555786,0.025902998633682728,,0
4nec2-models/HFbeams/Stack.nec,ok,ok,0.4148693848401308,0.27626718394458294,1.5017,1
4nec2-models/HFbeams/Unwin.nec,ok,ok,0.013097026385366917,0.0838462645187974,,0
4nec2-models/HFbeams/Unwin_mod.nec,ok,ok,0.012347533367574215,0.08539530169218779,,0
4nec2-models/HFbeams/fan1022.nec,ok,ok,0.0472782738506794,0.10709757823497057,,0
4nec2-models/HFbeams/moxon20.nec,ok,ok,0.34674142207950354,0.28512008767575026,1.2161,1
4nec2-models/HFbeams/sloper.nec,ok,ok,0.22617951966822147,0.22128792107105255,1.0221,1
4nec2-models/HFbeams/wa2wvl.nec,ok,ok,0.4932718463242054,0.3734756950289011,1.3208,1
4nec2-models/HFbeams/y6mhg.nec,ok,ok,0.007448134012520313,0.08206144999712706,,0
4nec2-models/HFbeams/y6mwb.nec,ok,ok,0.00868996512144804,0.07376899011433125,,0
4nec2-models/HFbeams/zl1le10.nec,ok,ok,0.09990608785301447,0.08918639179319143,1.1202,1
4nec2-models/HFcollinear/15edzph2.nec,ok,ok,0.07659290824085474,0.12396817840635777,0.6178,1
4nec2-models/HFcollinear/2 dipole on roof.nec,ok,ok,1.0753412880003452,0.3707012813538313,2.9008,1
4nec2-models/HFcollinear/4 Dipole Trans-lines.nec,ok,ok,0.011600999161601067,0.04004858713597059,,0
4nec2-models/HFcollinear/BROADSID.nec,ok,ok,0.004965249449014664,0.005124688148498535,,0
4nec2-models/HFcollinear/Collinear_1L.nec,ok,ok,0.12541029788553715,0.11856730189174414,1.0577,1
4nec2-models/HFcollinear/SLOPER2.nec,ok,ok,0.45455582067370415,0.33285479340702295,1.3656,1
4nec2-models/HFcollinear/W8BYA Collinear 7 MHz.nec,ok,ok,0.36656084656715393,0.25171058904379606,1.4563,1
4nec2-models/HFcollinear/franklin.nec,ok,ok,0.007370946928858757,0.006751052103936672,,0
4nec2-models/HFcollinear/hrs_441.nec,ok,ok,9.783265680074692,6.594216884113848,1.4836,1
4nec2-models/HFcollinear/lazyh.nec,ok,ok,0.007950476370751858,0.008405746892094612,,0
4nec2-models/HFmultiband/4-BAND.nec,ok,ok,5.8095940966159105,8.118678570725024,0.7156,1
4nec2-models/HFmultiband/40MYAG2.nec,ok,ok,0.4109933050349355,0.2755020745098591,1.4918,1
4nec2-models/HFmultiband/5BWIDE-1.nec,ok,ok,0.10638703778386116,0.10997185483574867,0.9674,1
4nec2-models/HFmultiband/Cobra.nec,ok,ok,0.44968273397535086,0.2788859223946929,1.6124,1
4nec2-models/HFmultiband/Cone.nec,ok,ok,0.42574135307222605,0.30841575749218464,1.3804,1
4nec2-models/HFmultiband/CrossDip.nec,ok,ok,0.01370382122695446,0.07379841897636652,,0
4nec2-models/HFmultiband/DUAL2EL.nec,ok,ok,0.09359087515622377,0.09844788629561663,0.9507,1
4nec2-models/HFmultiband/InvV80-40.nec,ok,ok,0.32396895345300436,0.25717269722372293,1.2597,1
4nec2-models/HFmultiband/LPDA1.nec,ok,ok,0.009052473120391369,0.07410964835435152,,0
4nec2-models/HFmultiband/Logp.nec,ok,ok,0.009663560427725315,0.07282312866300344,,0
4nec2-models/HFmultiband/MultiDips.nec,ok,ok,0.3602793961763382,0.3089795606210828,1.1660,1
4nec2-models/HFmultiband/MultiTrap.nec,ok,ok,0.23546799551695585,0.19011011067777872,1.2386,1
4nec2-models/HFmultiband/Sleeve.nec,ok,ok,0.294342496432364,0.22544846218079329,1.3056,1
4nec2-models/HFmultiband/Telerana.nec,ok,ok,0.039662248454988,0.11287577915936708,,0
4nec2-models/HFmultiband/TrapDip.nec,ok,ok,0.007168687880039215,0.007050522603094578,,0
4nec2-models/HFmultiband/TrapDipole.nec,ok,ok,0.010263101197779179,0.00694134458899498,,0
4nec2-models/HFmultiband/UA3SFH.nec,ok,ok,0.09230560436844826,0.09564875438809395,0.9650,1
4nec2-models/HFmultiband/discone.nec,ok,ok,0.040411622263491154,0.10121101513504982,,0
4nec2-models/HFmultiband/dscn2.nec,ok,ok,0.9029952548444271,0.4158665332943201,2.1714,1
4nec2-models/HFmultiband/logper.nec,ok,ok,0.6928202733397484,0.8671462200582027,0.7990,1
4nec2-models/HFmultiband/lpda.nec,ok,ok,0.12421173881739378,0.15106037259101868,0.8223,1
4nec2-models/HFmultiband/mil14.nec,ok,ok,1.2208684366196394,0.4276220519095659,2.8550,1
4nec2-models/HFmultiband/op201510.nec,ok,ok,0.34600422624498606,0.3266951823607087,1.0591,1
4nec2-models/HFmultiband/quad5b10.nec,ok,ok,0.5998412929475307,0.23922158032655716,2.5075,1
4nec2-models/HFmultiband/sleeve_err.nec,ok,ok,0.3123759599402547,0.28798608388751745,1.0847,1
4nec2-models/HFmultiband/t2fd.nec,ok,ok,0.014144343324005604,0.006332256831228733,,0
4nec2-models/HFmultiband/y1217bb.nec,ok,ok,0.011759751476347446,0.10160411614924669,,0
4nec2-models/HFmultiband/y2015.nec,ok,ok,0.009653696790337563,0.027974577620625496,,0
4nec2-models/HFmultiband/yi20_40b.nec,ok,ok,0.41143524181097746,0.2756643323227763,1.4925,1
4nec2-models/HFshort/2elShort.nec,ok,ok,0.11403043009340763,0.12025419529527426,0.9482,1
4nec2-models/HFshort/2lqsdi10.nec,ok,ok,0.04100523702800274,0.10104366764426231,,0
4nec2-models/HFshort/2lqssq10.nec,ok,ok,0.052117763087153435,0.1423846697434783,0.3660,1
4nec2-models/HFshort/2lygcl10.nec,ok,ok,0.10075382422655821,0.09985770843923092,1.0090,1
4nec2-models/HFshort/CoilCapHat.nec,ok,ok,0.25297914911061525,0.1906510004773736,1.3269,1
4nec2-models/HFshort/DPLNLD10.nec,ok,ok,0.016785928048193455,0.09585370682179928,,0
4nec2-models/HFshort/HelixDip.nec,ok,ok,0.007393820211291313,0.00858527235686779,,0
4nec2-models/HFshort/LinLoad.nec,ok,ok,0.041168879717588425,0.10051111411303282,,0
4nec2-models/HFshort/LinLoad2.nec,ok,ok,0.07844935823231936,0.11601890251040459,0.6762,1
4nec2-models/HFshort/Magnetic.nec,ok,ok,0.007241124287247658,0.0070715053007006645,,0
4nec2-models/HFshort/MagneticLoop.nec,ok,ok,0.00830896943807602,0.03274046257138252,,0
4nec2-models/HFshort/Minibeam.nec,ok,ok,0.010288387537002563,0.073933863081038,,0
4nec2-models/HFshort/RXload.nec,ok,ok,0.00606926716864109,0.004847729578614235,,0
4nec2-models/HFshort/caphat10.nec,ok,ok,0.00792009849101305,0.006033439189195633,,0
4nec2-models/HFsimple/36ccd.nec,ok,ok,0.37195557076483965,0.27338087651878595,1.3606,1
4nec2-models/HFsimple/36dip.nec,ok,ok,0.3164799092337489,0.23712274711579084,1.3347,1
4nec2-models/HFsimple/36inv.nec,ok,ok,0.3174421349540353,0.2407652661204338,1.3185,1
4nec2-models/HFsimple/36inv_coat.nec,ok,ok,0.3182062553241849,0.24156604334712029,1.3173,1
4nec2-models/HFsimple/36inv_split.nec,ok,ok,0.3250134773552418,0.24131136015057564,1.3469,1
4nec2-models/HFsimple/70edz.nec,ok,ok,0.36847358103841543,0.2793829217553139,1.3189,1
4nec2-models/HFsimple/CageAlt.nec,ok,ok,0.010719547979533672,0.04359407164156437,,0
4nec2-models/HFsimple/Coax.nec,ok,ok,0.3174992548301816,0.2309899628162384,1.3745,1
4nec2-models/HFsimple/DLoop40.nec,ok,ok,0.2280708197504282,0.1825981056317687,1.2490,1
4nec2-models/HFsimple/EDZ_TL.nec,ok,ok,0.09147045016288757,0.09591603372246027,0.9537,1
4nec2-models/HFsimple/EDZ_mod.nec,ok,ok,0.28579356148838997,0.2130707474425435,1.3413,1
4nec2-models/HFsimple/FANDPL10.nec,ok,ok,0.019537596963346004,0.08774429094046354,,0
4nec2-models/HFsimple/G5RV.nec,ok,ok,0.006396055221557617,0.0051299212500452995,,0
4nec2-models/HFsimple/Hairpin.nec,ok,ok,0.0075615160167217255,0.037881950847804546,,0
4nec2-models/HFsimple/Halfsq40.nec,ok,ok,0.2912244126200676,0.21481310669332743,1.3557,1
4nec2-models/HFsimple/HorLoop80.nec,ok,ok,0.3742029098793864,0.27274064999073744,1.3720,1
4nec2-models/HFsimple/Inv-L.nec,ok,ok,0.44231855124235153,0.27985771000385284,1.5805,1
4nec2-models/HFsimple/Isotrop.nec,ok,ok,0.007233520969748497,0.006868474185466766,,0
4nec2-models/HFsimple/L_match.nec,ok,ok,0.020603192038834095,0.09434881247580051,,0
4nec2-models/HFsimple/LoadPos.nec,ok,ok,0.008693300187587738,0.061946586705744267,,0
4nec2-models/HFsimple/LoopCirc20.nec,ok,ok,0.006433696486055851,0.005653101019561291,,0
4nec2-models/HFsimple/Lowdip.nec,ok,ok,0.3765559457242489,0.3417313555255532,1.1019,1
4nec2-models/HFsimple/MagCirc.nec,ok,ok,0.09311895910650492,0.13112085592001677,0.7102,1
4nec2-models/HFsimple/Magnetic.nec,ok,ok,0.08854323904961348,0.08736393973231316,1.0135,1
4nec2-models/HFsimple/Magnetic2.nec,ok,ok,0.007994047366082668,0.08188027422875166,,0
4nec2-models/HFsimple/ParStub.nec,ok,ok,0.006307613104581833,0.00592300109565258,,0
4nec2-models/HFsimple/Patch.nec,timeout,timeout,301.86731306184083,301.5163458995521,,0
4nec2-models/HFsimple/Piramid.nec,ok,ok,0.22356983926147223,0.23375255707651377,0.9564,1
4nec2-models/HFsimple/Rectb40.nec,ok,ok,0.28690462093800306,0.2944197887554765,0.9745,1
4nec2-models/HFsimple/Rects40.nec,ok,ok,0.29133778251707554,0.2924892473965883,0.9961,1
4nec2-models/HFsimple/SLOPE1.nec,ok,ok,0.3443710645660758,0.428525916300714,0.8036,1
4nec2-models/HFsimple/SLOPE3.nec,ok,ok,0.5707554826512933,0.3212142465636134,1.7769,1
4nec2-models/HFsimple/StepRadAGT.nec,ok,ok,0.014538786374032497,0.013676932081580162,,0
4nec2-models/HFsimple/TriangleError.nec,ok,ok,0.0069160182029008865,0.005712217651307583,,0
4nec2-models/HFsimple/TriangleLimit.nec,ok,ok,0.015531106851994991,0.013867813162505627,,0
4nec2-models/HFsimple/deltb40.nec,ok,ok,0.3067153738811612,0.23934036307036877,1.2815,1
4nec2-models/HFsimple/delts40.nec,ok,ok,0.3127418430522084,0.2400455567985773,1.3028,1
4nec2-models/HFsimple/fanndp10.nec,ok,ok,0.14447856321930885,0.1269675763323903,1.1379,1
4nec2-models/HFsimple/tr-line.nec,ok,ok,0.31842703092843294,0.2410299377515912,1.3211,1
4nec2-models/HFvertical/40M2EL.nec,ok,ok,0.3372512711212039,0.2551634181290865,1.3217,1
4nec2-models/HFvertical/4SQTL.nec,ok,ok,0.2848216509446502,0.22639737650752068,1.2581,1
4nec2-models/HFvertical/4SQUARE.nec,ok,ok,0.1892602387815714,0.16475844755768776,1.1487,1
4nec2-models/HFvertical/80RDBEAM.nec,ok,ok,0.4626430366188288,0.3081734050065279,1.5012,1
4nec2-models/HFvertical/BOBTAIL.nec,ok,ok,0.3510866491124034,0.2721238471567631,1.2902,1
4nec2-models/HFvertical/Bloem.nec,ok,ok,0.26927176397293806,0.21623328048735857,1.2453,1
4nec2-models/HFvertical/BurRad.nec,ok,ok,0.3890876304358244,0.2729483703151345,1.4255,1
4nec2-models/HFvertical/CARDIOID.nec,ok,ok,0.23117564339190722,0.17609180510044098,1.3128,1
4nec2-models/HFvertical/CardTL.nec,ok,ok,0.20864184014499187,0.1771836681291461,1.1775,1
4nec2-models/HFvertical/ElevatRad.nec,ok,ok,0.526131059974432,0.3271279660984874,1.6083,1
4nec2-models/HFvertical/GNDPLANE.nec,ok,ok,0.005504552274942398,0.006200424395501614,,0
4nec2-models/HFvertical/GP80.nec,ok,ok,0.318234252743423,0.24896284006536007,1.2782,1
4nec2-models/HFvertical/GndScreen.nec,ok,ok,0.8570636510848999,0.4256277084350586,2.0136,1
4nec2-models/HFvertical/Gwave.nec,ok,ok,0.1483497302979231,0.13973333593457937,1.0617,1
4nec2-models/HFvertical/Isolators.nec,ok,ok,0.3420543298125267,0.2588231507688761,1.3216,1
4nec2-models/HFvertical/Lowdip.nec,ok,ok,0.37174185272306204,0.2831748481839895,1.3128,1
4nec2-models/HFvertical/Phased GP.nec,ok,ok,0.023768143728375435,0.07648739963769913,,0
4nec2-models/HFvertical/Phased array Trans-line.nec,ok,ok,0.24082725681364536,0.20129695627838373,1.1964,1
4nec2-models/HFvertical/TOPLOAD.nec,ok,ok,0.24094051122665405,0.195839898660779,1.2303,1
4nec2-models/HFvertical/Varray.nec,ok,ok,0.35787451546639204,0.2781847156584263,1.2865,1
4nec2-models/HFvertical/VertHats.nec,ok,ok,0.304097899235785,0.21409691125154495,1.4204,1
4nec2-models/LFvertical/cutler_single .nec,ok,ok,11.872793856076896,3.425997761078179,3.4655,1
4nec2-models/Nec4/Catenary.nec,ok,ok,0.008072561584413052,0.009129919111728668,,0
4nec2-models/Objects/4nec2.nec,ok,ok,0.10269152838736773,0.12165254261344671,0.8441,1
4nec2-models/Objects/747plane.nec,ok,ok,7.0107526909559965,2.0446952916681767,3.4288,1
4nec2-models/Objects/GM_test.nec,ok,ok,9.003074382431805,2.9055901477113366,3.0985,1
4nec2-models/Objects/Horn.nec,ok-no-source,ok-no-source,4.096817022189498,1.4791614767163992,,0
4nec2-models/Objects/Illuminate.nec,ok,ok,3.536143130622804,1.2014644276350737,2.9432,1
4nec2-models/Objects/NearFld.nec,ok,ok,2.723562242463231,0.9247260810807347,2.9453,1
4nec2-models/Objects/Ship1.nec,ok,ok,1.3581888051703572,0.5238236524164677,2.5928,1
4nec2-models/Objects/TL-test.nec,ok,ok,0.17460195627063513,0.1304705496877432,1.3382,1
4nec2-models/Objects/Tank.nec,ok-no-source,ok-no-source,0.039797743782401085,0.099291049875319,,0
4nec2-models/Objects/Van.nec,ok-no-source,ok-no-source,0.12017691042274237,0.12078322377055883,,0
4nec2-models/Objects/Vehicle.nec,ok,ok,0.1027346421033144,0.1008124016225338,1.0191,1
4nec2-models/Objects/car.nec,ok,ok,1.2305421382188797,0.4614036846905947,2.6670,1
4nec2-models/Objects/car_1.nec,ok,ok,0.3485675472766161,0.1538266707211733,2.2660,1
4nec2-models/VHFbeams/10RA432.nec,ok,ok,0.01211210060864687,0.03304725047200918,,0
4nec2-models/VHFbeams/12el430.nec,ok,ok,0.011810563504695892,0.052966443821787834,,0
4nec2-models/VHFbeams/215DX.nec,ok,ok,0.06314508058130741,0.17155565600842237,0.3681,1
4nec2-models/VHFbeams/216CP.nec,ok,ok,0.11697759851813316,0.340746296569705,0.3433,1
4nec2-models/VHFbeams/23DF.nec,ok,ok,0.014008906669914722,0.01573293562978506,,0
4nec2-models/VHFbeams/28DX.nec,ok,ok,0.09220767114311457,0.18227959051728249,0.5059,1
4nec2-models/VHFbeams/2SA.nec,ok,ok,2.225032264366746,1.2859908463433385,1.7302,1
4nec2-models/VHFbeams/4x20ra.nec,ok,ok,0.14457709155976772,0.07448436971753836,1.9410,1
4nec2-models/VHFbeams/5Vquad.nec,ok,ok,0.020367504097521305,0.10292871668934822,,0
4nec2-models/VHFbeams/5elDdelta.nec,ok,ok,0.06747997459024191,0.10403360705822706,0.6486,1
4nec2-models/VHFbeams/5elDquad.nec,ok,ok,0.05216460209339857,0.10236707981675863,0.5096,1
4nec2-models/VHFbeams/BIQDFEED.nec,ok,ok,1.467106994241476,0.5041998913511634,2.9098,1
4nec2-models/VHFbeams/DLW6U.nec,ok,ok,1.754973677918315,0.5905538601800799,2.9717,1
4nec2-models/VHFbeams/DipReflGW.nec,error,error,0.8198961708694696,0.3190326504409313,,0
4nec2-models/VHFbeams/EMEyagi.nec,ok,ok,0.020384822972118855,0.08714826498180628,,0
4nec2-models/VHFbeams/GSM_yagi.nec,ok,ok,0.41214354149997234,0.42039417289197445,0.9804,1
4nec2-models/VHFbeams/JBL.nec,ok,ok,8.933212655596435,2.8602169919759035,3.1233,1
4nec2-models/VHFbeams/Parab50.nec,ok,ok,18.664874086156487,6.008198321796954,3.1066,1
4nec2-models/VHFbeams/QFH1280.nec,ok,ok,0.008559729903936386,0.01014027465134859,,0
4nec2-models/VHFbeams/TV_uhf.nec,ok,ok,0.05558094568550587,0.1006033020094037,0.5525,1
4nec2-models/VHFbeams/Vyagi22.nec,ok,ok,0.03205693978816271,0.042073232121765614,,0
4nec2-models/VHFbeams/Yagi16.nec,ok,ok,0.010431788861751556,0.019793076440691948,,0
4nec2-models/VHFbeams/atl50E.nec,ok,ok,0.7372995791956782,0.6098349597305059,1.2090,1
4nec2-models/VHFbeams/atl50e-h.nec,ok,ok,0.8307831073179841,0.5135605204850435,1.6177,1
4nec2-models/VHFbeams/bisq7.nec,ok,ok,0.07900254894047976,0.09207774698734283,0.8580,1
4nec2-models/VHFbeams/corner.nec,ok,ok,0.03362562786787748,0.09680370055139065,,0
4nec2-models/VHFbeams/fm6.nec,ok,ok,0.013936666771769524,0.05346686113625765,,0
4nec2-models/VHFbeams/gridyagi.nec,ok,ok,1.2671418776735663,0.44695605244487524,2.8350,1
4nec2-models/VHFbeams/hel10ua.nec,ok,ok,0.4726261952891946,0.2070680996403098,2.2825,1
4nec2-models/VHFbeams/helix.nec,ok,ok,1.0958384545519948,0.41310191340744495,2.6527,1
4nec2-models/VHFbeams/i5tdjii.nec,ok,ok,0.035370947793126106,0.09793699812144041,,0
4nec2-models/VHFbeams/qfh137.nec,ok,ok,1.2311647459864616,1.00959493778646,1.2195,1
4nec2-models/VHFbeams/quad7.nec,ok,ok,0.016439268365502357,0.018038173206150532,,0
4nec2-models/VHFmultiband/402_306 146 MHz.nec,ok,ok,0.011755183339118958,0.08464758470654488,,0
4nec2-models/VHFmultiband/Dc8ce.nec,ok,ok,0.14124078955501318,0.40509611181914806,0.3487,1
4nec2-models/VHFmultiband/SpiralAntennaCenterFeed.nec,ok,ok,32.12870958633721,18.04656453989446,1.7803,1
4nec2-models/VHFmultiband/ez2309.nec,ok,ok,0.09383733384311199,0.11430025938898325,0.8210,1
4nec2-models/VHFsimple/2mGP.nec,ok,ok,0.016294079832732677,0.0765941608697176,,0
4nec2-models/VHFsimple/2meteradr.nec,ok,ok,0.13079330697655678,0.12888130079954863,1.0148,1
4nec2-models/VHFsimple/CircDip3.nec,ok,ok,0.007115508429706097,0.0055245291441679,,0
4nec2-models/VHFsimple/CoaxEnd.nec,ok,ok,0.4549114918336272,0.38792057801038027,1.1727,1
4nec2-models/VHFsimple/Dquad.nec,ok,ok,0.007620636373758316,0.006406866945326328,,0
4nec2-models/VHFsimple/Generator.nec,ok,ok,0.10559658985584974,0.16061002295464277,0.6575,1
4nec2-models/VHFsimple/Helix.nec,ok,ok,0.015585759654641151,0.012787719257175922,,0
4nec2-models/VHFsimple/J-ant.nec,ok,ok,0.010473985224962234,0.011951115913689137,,0
4nec2-models/VHFsimple/T-box.nec,ok,ok,0.41199698578566313,0.16811344306915998,2.4507,1
4nec2-models/VHFsimple/dip_curv_6m.nec,ok,ok,0.008365333080291748,0.02405437082052231,,0
4nec2-models/VHFsimple/gpflat2m.nec,ok,ok,0.012997422367334366,0.014941996894776821,,0
4nec2-models/VHFsimple/gpslop2m.nec,ok,ok,0.014100504107773304,0.014862870797514915,,0
4nec2-models/VHFsimple/halfsq2m.nec,ok,ok,0.03984862193465233,0.13505924213677645,,0
4nec2-models/VHFsimple/masters.nec,ok,ok,0.0126495948061347,0.01375286653637886,,0
4nec2-models/VHFsimple/sterba.nec,ok,ok,0.01446057390421629,0.10444882232695818,,0
4nec2-models/VHFsimple/thick.nec,ok,ok,0.43122146371752024,0.2491455115377903,1.7308,1
4nec2-models/VHFsimple/wheeler.nec,ok,ok,0.011622635647654533,0.07368213403970003,,0
4nec2-models/zz_EZnec/v3.0/15MQUAD.nec,ok,ok,0.007103847339749336,0.007517685182392597,,0
4nec2-models/zz_EZnec/v3.0/20M5ELYA.nec,ok,ok,0.009881238453090191,0.02931883931159973,,0
4nec2-models/zz_EZnec/v3.0/4SQTL.nec,ok,ok,0.29365117382258177,0.2271100739017129,1.2930,1
4nec2-models/zz_EZnec/v3.0/4SQUARE.nec,ok,ok,0.28236038889735937,0.22640742920339108,1.2471,1
4nec2-models/zz_EZnec/v3.0/BYDipole.nec,ok,ok,0.31243598461151123,0.23870994243770838,1.3089,1
4nec2-models/zz_EZnec/v3.0/BYVee.nec,ok,ok,0.30417813546955585,0.2468291874974966,1.2323,1
4nec2-models/zz_EZnec/v3.0/CardTL.nec,ok,ok,0.00673381332308054,0.005598883144557476,,0
4nec2-models/zz_EZnec/v3.0/Cardioid.nec,ok,ok,0.00653709564357996,0.0054106321185827255,,0
4nec2-models/zz_EZnec/v3.0/DipTL.nec,ok,ok,0.3189704595133662,0.24482267443090677,1.3029,1
4nec2-models/zz_EZnec/v3.0/Dipole1.nec,ok,ok,0.00620061531662941,0.005043546669185162,,0
4nec2-models/zz_EZnec/v3.0/ELEVRAD1.nec,ok,ok,0.33585769683122635,0.25280958134680986,1.3285,1
4nec2-models/zz_EZnec/v3.0/ELEVRAD2.nec,ok,ok,0.5464219488203526,0.3258495293557644,1.6769,1
4nec2-models/zz_EZnec/v3.0/FDSP.nec,ok,ok,0.3132923012599349,0.2445385167375207,1.2812,1
4nec2-models/zz_EZnec/v3.0/K5RP.nec,ok,ok,0.30535856168717146,0.22751852683722973,1.3421,1
4nec2-models/zz_EZnec/v3.0/LOGPER.nec,ok,ok,0.011984805576503277,0.09251371398568153,,0
4nec2-models/zz_EZnec/v3.0/LOGPERTL.nec,ok,ok,0.01056892890483141,0.07382652256637812,,0
4nec2-models/zz_EZnec/v3.0/N4PCLOOP.nec,ok,ok,0.3549194959923625,0.26997035369277,1.3147,1
4nec2-models/zz_EZnec/v3.0/NBSYAGI.nec,ok,ok,0.006801638752222061,0.005736658349633217,,0
4nec2-models/zz_EZnec/v3.0/VHFGP.nec,ok,ok,0.010056321509182453,0.010410240851342678,,0
4nec2-models/zz_EZnec/v3.0/Vert1.nec,ok,ok,0.08835906255990267,0.09499884117394686,0.9301,1
4nec2-models/zz_EZnec/v3.0/W8JK.nec,ok,ok,0.2786153284832835,0.21411497611552477,1.3012,1
4nec2-models/zz_MiniNec/ActiveFeed/2 el activ VP2E 40m.nec,ok,ok,0.35056451335549355,0.2570873647928238,1.3636,1
4nec2-models/zz_MiniNec/ActiveFeed/2D40MB10_multinec.nec,ok,ok,0.008452989161014557,0.03209683205932379,,0
4nec2-models/zz_MiniNec/ActiveFeed/4 el Delta act.nec,ok,ok,0.02138491626828909,0.09044042322784662,,0
4nec2-models/zz_MiniNec/ActiveFeed/40m 4square.nec,ok,ok,0.007751414552330971,0.006758229807019234,,0
4nec2-models/zz_MiniNec/ActiveFeed/HB9CVH.nec,ok,ok,0.008934719488024712,0.029351486824452877,,0
4nec2-models/zz_MiniNec/ActiveFeed/HB9CVW.nec,ok,ok,0.007406952790915966,0.008037541061639786,,0
4nec2-models/zz_MiniNec/Feeders/025lambda_trans.nec,ok,ok,0.01241171732544899,0.08465187717229128,,0
4nec2-models/zz_MiniNec/Feeders/FEEDER.nec,ok,ok,0.010648785158991814,0.005921747535467148,,0
4nec2-models/zz_MiniNec/HFAperiodic/2elK9AY-1.nec,ok,ok,0.25799618754535913,0.19522067438811064,1.3216,1
4nec2-models/zz_MiniNec/HFAperiodic/BEVERAGE.nec,ok,ok,0.40341880545020103,0.29091377183794975,1.3867,1
4nec2-models/zz_MiniNec/HFAperiodic/D2T.nec,ok,ok,0.2311956463381648,0.18038346152752638,1.2817,1
4nec2-models/zz_MiniNec/HFAperiodic/EWE.nec,ok,ok,0.24694788921624422,0.19422823935747147,1.2714,1
4nec2-models/zz_MiniNec/HFAperiodic/Flag K6SE.nec,ok,ok,0.09566253051161766,0.09966014791280031,0.9599,1
4nec2-models/zz_MiniNec/HFAperiodic/RHOMBIC.nec,ok,ok,0.7393788769841194,0.39310700818896294,1.8809,1
4nec2-models/zz_MiniNec/HFAperiodic/Semirhomb.nec,ok,ok,0.4406601060181856,0.31117521971464157,1.4161,1
4nec2-models/zz_MiniNec/HFAperiodic/T2FD.nec,ok,ok,0.20759278442710638,0.1694341478869319,1.2252,1
4nec2-models/zz_MiniNec/HFAperiodic/beverage200.nec,ok,ok,0.7453220598399639,0.3826358187943697,1.9479,1
4nec2-models/zz_MiniNec/HFAperiodic/widebanddip.nec,ok,ok,0.33115551620721817,0.252498802728951,1.3115,1
4nec2-models/zz_MiniNec/HFbeams/2CQ20.nec,ok,ok,0.11187038570642471,0.1028792830184102,1.0874,1
4nec2-models/zz_MiniNec/HFbeams/2DELTA20.nec,ok,ok,0.020977777428925037,0.08922901842743158,,0
4nec2-models/zz_MiniNec/HFbeams/2ELQUAD.nec,ok,ok,1.0559154553338885,0.3727773781865835,2.8326,1
4nec2-models/zz_MiniNec/HFbeams/2ELVP15.nec,ok,ok,0.008722144179046154,0.008372247219085693,,0
4nec2-models/zz_MiniNec/HFbeams/2ELVP20.nec,ok,ok,0.012042679823935032,0.05305625405162573,,0
4nec2-models/zz_MiniNec/HFbeams/2el.delta.20m.nec,ok,ok,0.3523466605693102,0.2831978602334857,1.2442,1
4nec2-models/zz_MiniNec/HFbeams/2elQuad W1HXU.nec,ok,ok,0.08013124391436577,0.10783252865076065,0.7431,1
4nec2-models/zz_MiniNec/HFbeams/3EL20.nec,ok,ok,0.1145091475918889,0.10434882342815399,1.0974,1
4nec2-models/zz_MiniNec/HFbeams/3el GP80 CW.nec,ok,ok,0.32384664844721556,0.24782832153141499,1.3067,1
4nec2-models/zz_MiniNec/HFbeams/4EL20.nec,ok,ok,0.3489210996776819,0.281736065633595,1.2385,1
4nec2-models/zz_MiniNec/HFbeams/4EL20HM.nec,ok,ok,0.012545106932520866,0.08407005108892918,,0
4nec2-models/zz_MiniNec/HFbeams/4_4RZT_2.nec,ok,ok,0.26260074134916067,0.16093016229569912,1.6318,1
4nec2-models/zz_MiniNec/HFbeams/5EL20.nec,ok,ok,0.011833625845611095,0.08429614640772343,,0
4nec2-models/zz_MiniNec/HFbeams/6EL10.nec,ok,ok,0.012007084675133228,0.08403016533702612,,0
4nec2-models/zz_MiniNec/HFbeams/DL9JFT Yagi 14.nec,ok,ok,0.007378268986940384,0.00732759665697813,,0
4nec2-models/zz_MiniNec/HFbeams/DX415TT.nec,ok,ok,0.32462830282747746,0.24441393837332726,1.3282,1
4nec2-models/zz_MiniNec/HFbeams/Diamond Quadx2 14.nec,ok,ok,0.030394531786441803,0.09275670535862446,,0
4nec2-models/zz_MiniNec/HFbeams/JungleJob.nec,ok,ok,0.007483408786356449,0.005996053107082844,,0
4nec2-models/zz_MiniNec/HFbeams/LPDA15.nec,ok,ok,0.2662195637822151,0.16141892317682505,1.6492,1
4nec2-models/zz_MiniNec/HFbeams/M2CQ.nec,ok,ok,0.02365780808031559,0.08932418469339609,,0
4nec2-models/zz_MiniNec/HFbeams/Rhomb10.nec,ok,ok,0.168110815808177,0.13537022098898888,1.2419,1
4nec2-models/zz_MiniNec/HFbeams/W2EEY.nec,ok,ok,0.012779117561876774,0.050713577307760715,,0
4nec2-models/zz_MiniNec/HFbeams/XQ20.nec,ok,ok,0.4391488488763571,0.28957885783165693,1.5165,1
4nec2-models/zz_MiniNec/HFbeams/ZL20.nec,ok,ok,0.14406308997422457,0.12768565490841866,1.1283,1
4nec2-models/zz_MiniNec/HFmultiband/10-18-24GP.nec,ok,ok,0.2546683354303241,0.2039710469543934,1.2486,1
4nec2-models/zz_MiniNec/HFmultiband/28_21_14V3.nec,ok,ok,0.008397982455790043,0.05409010499715805,,0
4nec2-models/zz_MiniNec/HFmultiband/3.5-7-14-28offsetdip-1.nec,ok,ok,0.14828228764235973,0.13102396670728922,1.1317,1
4nec2-models/zz_MiniNec/HFmultiband/3e lTriband Yagi.nec,ok,ok,0.347831305116415,0.26316122990101576,1.3217,1
4nec2-models/zz_MiniNec/HFmultiband/4_4RZT_2.nec,ok,ok,0.2602053713053465,0.1704820329323411,1.5263,1
4nec2-models/zz_MiniNec/HFmultiband/8b Delta Loop.nec,ok,ok,0.3743184022605419,0.2721559600904584,1.3754,1
4nec2-models/zz_MiniNec/HFmultiband/DBLDP.nec,ok,ok,0.10021116118878126,0.0996322650462389,1.0058,1
4nec2-models/zz_MiniNec/HFmultiband/DUAL2EL.nec,ok,ok,0.10112075507640839,0.09740181360393763,1.0382,1
4nec2-models/zz_MiniNec/HFmultiband/Db54m.nec,ok,ok,0.23417187947779894,0.1593027301132679,1.4700,1
4nec2-models/zz_MiniNec/HFmultiband/Delta160allbands.nec,ok,ok,0.40595316234976053,0.2782287336885929,1.4591,1
4nec2-models/zz_MiniNec/HFmultiband/G5RV.nec,ok,ok,0.3581965519115329,0.2606355659663677,1.3743,1
4nec2-models/zz_MiniNec/HFmultiband/LPDA.nec,ok,ok,0.0767447343096137,0.10537720378488302,0.7283,1
4nec2-models/zz_MiniNec/HFmultiband/M2CQW.nec,ok,ok,0.36514274310320616,0.20436944533139467,1.7867,1
4nec2-models/zz_MiniNec/HFmultiband/MCQM.nec,ok,ok,0.014516018331050873,0.08958905655890703,,0
4nec2-models/zz_MiniNec/HFmultiband/MULTDP.nec,ok,ok,0.13413844723254442,0.1261506900191307,1.0633,1
4nec2-models/zz_MiniNec/HFmultiband/MULTDPH.nec,ok,ok,0.19839098118245602,0.15725277364253998,1.2616,1
4nec2-models/zz_MiniNec/HFmultiband/MULTDPHW.nec,ok,ok,0.2415526444092393,0.18549013789743185,1.3022,1
4nec2-models/zz_MiniNec/HFmultiband/MULTDPL.nec,ok,ok,0.3726484216749668,0.26708451844751835,1.3952,1
4nec2-models/zz_MiniNec/HFmultiband/MULTDPW.nec,ok,ok,0.31820275634527206,0.23297875374555588,1.3658,1
4nec2-models/zz_MiniNec/HFmultiband/QuadsUA4IF.nec,ok,ok,0.4332720460370183,0.29429230373352766,1.4723,1
4nec2-models/zz_MiniNec/HFmultiband/SHOEBOX.nec,ok,ok,0.01118011400103569,0.09190508909523487,,0
4nec2-models/zz_MiniNec/HFmultiband/TribandQQ.nec,ok,ok,0.34738354850560427,0.19775908533483744,1.7566,1
4nec2-models/zz_MiniNec/HFmultiband/WARC open sleeve dip.nec,ok,ok,0.29592958465218544,0.22198087349534035,1.3331,1
4nec2-models/zz_MiniNec/HFshort/05 lamda  deform  GP witn feed line.nec,ok,ok,0.30497631896287203,0.21054350771009922,1.4485,1
4nec2-models/zz_MiniNec/HFshort/28_21_14v3.nec,ok,ok,0.007439007982611656,0.006359240971505642,,0
4nec2-models/zz_MiniNec/HFshort/3el short Yagj W1FBY.nec,ok,ok,0.0405343072488904,0.10513369459658861,,0
4nec2-models/zz_MiniNec/HFshort/4X4NJ -1.nec,ok,ok,0.012232412584125996,0.006224161013960838,,0
4nec2-models/zz_MiniNec/HFshort/80mDLsh.nec,ok,ok,0.23341916128993034,0.18032675795257092,1.2944,1
4nec2-models/zz_MiniNec/HFshort/Auto with GP.nec,ok,ok,0.15312991943210363,0.13188496325165033,1.1611,1
4nec2-models/zz_MiniNec/HFshort/Dipol3_5-7.nec,ok,ok,0.2792090866714716,0.21114996913820505,1.3223,1
4nec2-models/zz_MiniNec/HFshort/Fractal_1.nec,ok,ok,0.3157678572461009,0.2619731854647398,1.2053,1
4nec2-models/zz_MiniNec/HFshort/Gp40short rad.nec,ok,ok,0.24757511261850595,0.2198597751557827,1.1261,1
4nec2-models/zz_MiniNec/HFshort/Lineload75.nec,ok,ok,0.1555378409102559,0.1268384801223874,1.2263,1
4nec2-models/zz_MiniNec/HFshort/MCQM.nec,ok,ok,0.15128889679908752,0.12644580099731684,1.1965,1
4nec2-models/zz_MiniNec/HFshort/QQ21-14short.nec,ok,ok,0.21154974307864904,0.17676249518990517,1.1968,1
4nec2-models/zz_MiniNec/HFshort/SLOPER.nec,ok,ok,0.08730780053883791,0.09422727860510349,0.9266,1
4nec2-models/zz_MiniNec/HFshort/TRIHAT.nec,ok,ok,0.19878678396344185,0.16558304894715548,1.2005,1
4nec2-models/zz_MiniNec/HFshort/TopCap75.nec,ok,ok,0.09656921587884426,0.09980899654328823,0.9675,1
4nec2-models/zz_MiniNec/HFshort/VDP40.nec,ok,ok,0.08700256701558828,0.0939958430826664,0.9256,1
4nec2-models/zz_MiniNec/HFshort/VDP40B.nec,ok,ok,0.08742065075784922,0.09375080838799477,0.9325,1
4nec2-models/zz_MiniNec/HFshort/VDP40C.nec,ok,ok,0.0899193799123168,0.09491397067904472,0.9474,1
4nec2-models/zz_MiniNec/HFshort/W2EEY.nec,ok,ok,0.03834843449294567,0.09327017329633236,,0
4nec2-models/zz_MiniNec/HFshort/WA1MKP.nec,ok,ok,0.21673683822155,0.19676772691309452,1.1015,1
4nec2-models/zz_MiniNec/HFshort/field day GP short.nec,ok,ok,0.22403859347105026,0.1798821808770299,1.2455,1
4nec2-models/zz_MiniNec/HFshort/short vetr75.nec,ok,ok,0.16855969466269016,0.13211724255234003,1.2758,1
4nec2-models/zz_MiniNec/HFsimple/160m vert gnd tower.nec,ok,ok,0.43241812102496624,0.2585857920348644,1.6722,1
4nec2-models/zz_MiniNec/HFsimple/80mDLdouble.nec,ok,ok,0.022021587938070297,0.08819377142935991,,0
4nec2-models/zz_MiniNec/HFsimple/CB5_8 lambda.nec,ok,ok,0.10319074615836143,0.10260800551623106,1.0057,1
4nec2-models/zz_MiniNec/HFsimple/COLLINEA.nec,ok,ok,0.24105040170252323,0.20453597884625196,1.1785,1
4nec2-models/zz_MiniNec/HFsimple/DIPOL160.nec,ok,ok,0.32767503056675196,0.24597105849534273,1.3322,1
4nec2-models/zz_MiniNec/HFsimple/DP160LD.nec,ok,ok,0.006202135235071182,0.005265654996037483,,0
4nec2-models/zz_MiniNec/HFsimple/DP20.nec,ok,ok,0.08656477369368076,0.0939396908506751,0.9215,1
4nec2-models/zz_MiniNec/HFsimple/Delta-Gamma.nec,ok,ok,0.008095675148069859,0.00769096240401268,,0
4nec2-models/zz_MiniNec/HFsimple/FD20.nec,ok,ok,0.010534994304180145,0.04896590206772089,,0
4nec2-models/zz_MiniNec/HFsimple/GP with gamma match.nec,ok,ok,0.08435498084872961,0.09187072142958641,0.9182,1
4nec2-models/zz_MiniNec/HFsimple/GP40.nec,ok,ok,0.2840670691803098,0.22419597208499908,1.2670,1
4nec2-models/zz_MiniNec/HFsimple/GP40S.nec,ok,ok,0.2037869868800044,0.1731326086446643,1.1771,1
4nec2-models/zz_MiniNec/HFsimple/Hcollinear14.nec,ok,ok,0.007705711759626865,0.036218385212123394,,0
4nec2-models/zz_MiniNec/HFsimple/Hiquad.nec,ok,ok,0.008486825972795486,0.03776600398123264,,0
4nec2-models/zz_MiniNec/HFsimple/J-ant28.nec,ok,ok,0.09490164089947939,0.09979979041963816,0.9509,1
4nec2-models/zz_MiniNec/HFsimple/LAZY-H.nec,ok,ok,0.011448218487203121,0.08813249971717596,,0
4nec2-models/zz_MiniNec/HFsimple/LONDQUAD.nec,ok,ok,0.31196471955627203,0.24682159069925547,1.2639,1
4nec2-models/zz_MiniNec/HFsimple/LOOP20.nec,ok,ok,0.006939370185136795,0.00638221763074398,,0
4nec2-models/zz_MiniNec/HFsimple/LOOP20C.nec,ok,ok,0.006757935509085655,0.006197518669068813,,0
4nec2-models/zz_MiniNec/HFsimple/Piramida.nec,ok,ok,0.22628194838762283,0.18727231863886118,1.2083,1
4nec2-models/zz_MiniNec/HFsimple/VERT20.nec,ok,ok,0.08719976712018251,0.09485270734876394,0.9193,1
4nec2-models/zz_MiniNec/HFsimple/VERT20M.nec,ok,ok,0.08908752165734768,0.09868178144097328,0.9028,1
4nec2-models/zz_MiniNec/HFsimple/VERT53.nec,ok,ok,0.10044034011662006,0.10125023778527975,0.9920,1
4nec2-models/zz_MiniNec/HFsimple/VERT58.nec,ok,ok,0.09594036173075438,0.09995672479271889,0.9598,1
4nec2-models/zz_MiniNec/HFsimple/VP2E 40m.nec,ok,ok,0.28017593175172806,0.22425495274364948,1.2494,1
4nec2-models/zz_MiniNec/HFsimple/VP2E-CW.nec,ok,ok,0.31142145302146673,0.24395768251270056,1.2765,1
4nec2-models/zz_MiniNec/HFsimple/Vcollinear28.nec,ok,ok,0.20133762434124947,0.17227607779204845,1.1687,1
4nec2-models/zz_MiniNec/HFsimple/Vert20s.nec,ok,ok,0.08619927428662777,0.09509702678769827,0.9064,1
4nec2-models/zz_MiniNec/HFsimple/VertUA3SFH.nec,ok,ok,0.08782110828906298,0.09633732493966818,0.9116,1
4nec2-models/zz_MiniNec/HFsimple/WINDOM.nec,ok,ok,0.02137917745858431,0.09465949889272451,,0
4nec2-models/zz_MiniNec/HFsimple/end feer dipole.nec,ok,ok,0.2802394861355424,0.22679634019732475,1.2356,1
4nec2-models/zz_MiniNec/HFsimple/wideInvV80.nec,ok,ok,0.35145370475947857,0.27447402849793434,1.2805,1
4nec2-models/zz_MiniNec/MagLoops/MAGLOOPT.nec,ok,ok,0.0910897059366107,0.09835895616561174,0.9261,1
4nec2-models/zz_MiniNec/Stacks/2X6EL10.nec,ok,ok,0.1406165286898613,0.11990224942564964,1.1728,1
4nec2-models/zz_MiniNec/Stacks/2x4elTwin Delta Loop 145 MHz.nec,ok,ok,0.1859432877972722,0.1462865248322487,1.2711,1
4nec2-models/zz_MiniNec/Stacks/4X12.nec,ok,ok,0.04407332465052605,0.05993103701621294,,0
4nec2-models/zz_MiniNec/Stacks/4xQQ.nec,ok,ok,0.2513043861836195,0.2114286795258522,1.1886,1
4nec2-models/zz_MiniNec/Stacks/syack3el20.nec,ok,ok,0.12153106834739447,0.11918482556939125,1.0197,1
4nec2-models/zz_MiniNec/Stacks/zigzag2x10 el 2 m.nec,ok,ok,0.06130039505660534,0.10317017138004303,0.5942,1
4nec2-models/zz_MiniNec/VHFbeams/12CQ430.nec,ok,ok,0.06987844035029411,0.10186420939862728,0.6860,1
4nec2-models/zz_MiniNec/VHFbeams/12EL23CM.nec,ok,ok,0.03391621075570583,0.11347851436585188,,0
4nec2-models/zz_MiniNec/VHFbeams/12EL430.nec,ok,ok,0.011643469333648682,0.09396660979837179,,0
4nec2-models/zz_MiniNec/VHFbeams/144-5Yagi.nec,ok,ok,0.008764213882386684,0.07404723670333624,,0
4nec2-models/zz_MiniNec/VHFbeams/15EL23CM.nec,ok,ok,0.025842122733592987,0.09025074355304241,,0
4nec2-models/zz_MiniNec/VHFbeams/3DQ6.nec,ok,ok,0.024807050824165344,0.0945446714758873,,0
4nec2-models/zz_MiniNec/VHFbeams/3HENT.nec,ok,ok,0.01889684796333313,0.08684499096125364,,0
4nec2-models/zz_MiniNec/VHFbeams/4DELTA6.nec,ok,ok,0.020542778074741364,0.09410592541098595,,0
4nec2-models/zz_MiniNec/VHFbeams/4X12.nec,ok,ok,0.043127971701323986,0.059416293166577816,,0
4nec2-models/zz_MiniNec/VHFbeams/5CQ2.nec,ok,ok,0.021611221134662628,0.10135066136717796,,0
4nec2-models/zz_MiniNec/VHFbeams/5ELTWIND.nec,ok,ok,0.06726578809320927,0.10454076156020164,0.6434,1
4nec2-models/zz_MiniNec/VHFbeams/6EL6MW.nec,ok,ok,0.011101133190095425,0.08612432796508074,,0
4nec2-models/zz_MiniNec/VHFbeams/7EL6M.nec,ok,ok,0.012178278528153896,0.09264384862035513,,0
4nec2-models/zz_MiniNec/VHFbeams/7elQuad_GW4CQT.nec,ok,ok,0.18414296209812164,0.13619645405560732,1.3520,1
4nec2-models/zz_MiniNec/VHFbeams/8EL2MW.nec,ok,ok,0.05619665142148733,0.09932577516883612,0.5658,1
4nec2-models/zz_MiniNec/VHFbeams/8EL6M.nec,ok,ok,0.014605535194277763,0.09737104829400778,,0
4nec2-models/zz_MiniNec/VHFbeams/8EL6MW.nec,ok,ok,0.01364067755639553,0.0924353301525116,,0
4nec2-models/zz_MiniNec/VHFbeams/Crosspol144.nec,ok,ok,0.01641695573925972,0.09039125312119722,,0
4nec2-models/zz_MiniNec/VHFbeams/DK7ZB-2.nec,ok,ok,0.0075619397684931755,0.01908693090081215,,0
4nec2-models/zz_MiniNec/VHFbeams/MIRROR.nec,ok,ok,2.317637720145285,0.9041441818699241,2.5633,1
4nec2-models/zz_MiniNec/VHFbeams/USN_StarGP.nec,ok,ok,0.01024027168750763,0.03630703128874302,,0
4nec2-models/zz_MiniNec/VHFbeams/f9ft-2-uu4jcr.nec,ok,ok,0.15858214814215899,0.13788287341594696,1.1501,1
4nec2-models/zz_MiniNec/VHFbeams/f9ft-21-432.nec,ok,ok,0.026462020352482796,0.10325363278388977,,0
4nec2-models/zz_MiniNec/VHFsimple/144OMNI.nec,ok,ok,0.005968594923615456,0.00606063287705183,,0
4nec2-models/zz_MiniNec/VHFsimple/6SKYDOOR.nec,ok,ok,0.007539317011833191,0.00716834980994463,,0
4nec2-models/zz_MiniNec/VHFsimple/CR2.nec,ok,ok,0.1119364621117711,0.1226371955126524,0.9127,1
4nec2-models/zz_MiniNec/VHFsimple/Discon55-200.nec,ok,ok,0.012118876911699772,0.0490636732429266,,0
4nec2-models/zz_MiniNec/VHFsimple/GP144-435.nec,ok,ok,0.11393057182431221,0.11334546748548746,1.0052,1
4nec2-models/zz_MiniNec/VHFsimple/HENTENNA.nec,ok,ok,0.21980003360658884,0.17553813848644495,1.2521,1
4nec2-models/zz_MiniNec/VHFsimple/Helix145.nec,ok,ok,0.11401698552072048,0.11174506600946188,1.0203,1
4nec2-models/zz_MiniNec/VHFsimple/Isotrop2.nec,ok,ok,0.03477228060364723,0.09956601914018393,,0
4nec2-models/zz_MiniNec/VHFsimple/J-ant144.nec,ok,ok,0.012996092438697815,0.01247562188655138,,0
4nec2-models/zz_MiniNec/VHFsimple/TWIND.nec,ok,ok,0.0077454326674342155,0.006928233429789543,,0
4nec2-models/zz_MiniNec/VHFsimple/TWINLOOP.nec,ok,ok,0.007397306151688099,0.006615363992750645,,0
antenna-modeling/2el-yagi-freespace.nec,ok,ok,1.183886089362204,0.9237596299499273,1.2816,1
antenna-modeling/2el-yagi-halfwl.nec,ok,ok,1.3346486072987318,0.9355539251118898,1.4266,1
antenna-modeling/2el-yagi-high.nec,ok,ok,1.3957620169967413,0.9129748092964292,1.5288,1
antenna-modeling/2m-sat-yagi/2m-sat-candidate1-crossed.nec,ok,ok,5.656119870021939,3.040126417763531,1.8605,1
antenna-modeling/2m-sat-yagi/2m-sat-candidate1-drivenonly-long.nec,ok,ok,3.9760232735425234,2.4064884455874562,1.6522,1
antenna-modeling/2m-sat-yagi/2m-sat-candidate1-drivenonly.nec,ok,ok,2.8007339481264353,2.3583245631307364,1.1876,1
antenna-modeling/2m-sat-yagi/2m-sat-candidate1-inorder.nec,ok,ok,5.531159986741841,2.863788760267198,1.9314,1
antenna-modeling/2m-sat-yagi/2m-sat-candidate1.nec,ok,ok,2.4029955165460706,2.931644406169653,0.8197,1
antenna-modeling/2m-sat-yagi/2m-sat-candidate2-folded-drivenonly.nec,ok,ok,3.5520313661545515,2.264193559065461,1.5688,1
antenna-modeling/2m-sat-yagi/2m-sat-candidate2-thick-crossed-wide.nec,ok,ok,23.572212671861053,13.350039209239185,1.7657,1
antenna-modeling/2m-sat-yagi/2m-sat-candidate2-thick-crossed.nec,ok,ok,6.0213935961946845,3.292204203084111,1.8290,1
antenna-modeling/2m-sat-yagi/2m-sat-candidate2-thick-folded-inorder.nec,ok,ok,3.268797636963427,2.384340994991362,1.3709,1
antenna-modeling/2m-sat-yagi/2m-sat-candidate2-thin-folded-inorder.nec,ok,ok,3.1963185453787446,2.4283077949658036,1.3163,1
antenna-modeling/2m-sat-yagi/bar.nec,ok,ok,6.76560141146183,3.3908741287887096,1.9952,1
antenna-modeling/2m-sat-yagi/foo.nec,ok,ok,1.6050704680383205,0.7693830262869596,2.0862,1
antenna-modeling/2m-sat-yagi/thick-300.nec,ok,ok,1.5558985900133848,0.8256941419094801,1.8844,1
antenna-modeling/2m-sat-yagi/thick-clearboom.nec,ok,ok,3.586429165676236,1.8576007541269064,1.9307,1
antenna-modeling/2m-sat-yagi/thin-5.nec,ok,ok,1.5957979150116444,0.7896333131939173,2.0209,1
antenna-modeling/2m-sat-yagi/thin-clearboom.nec,ok,ok,3.2689205892384052,1.6819432498887181,1.9435,1
antenna-modeling/2m-sat-yagi/thin.nec,ok,ok,1.6236244477331638,0.6785353776067495,2.3928,1
antenna-modeling/2m-yagi-5el-calculated.nec,ok,ok,1.2840629313141108,1.7047171834856272,0.7532,1
antenna-modeling/2m-yagi-test1.nec,ok,ok,1.1457560313865542,1.718735747039318,0.6666,1
antenna-modeling/General 6-Band G3TXQ Broadband Hex Beam.nec,ok,ok,0.7214827127754688,0.3978080591186881,1.8136,1
antenna-modeling/barry.nec,ok,ok,0.7724581453949213,1.332760519348085,0.5796,1
antenna-modeling/biqdfeed-fixed.nec,ok,ok,11.228401331230998,4.725954753346741,2.3759,1
antenna-modeling/dipole-10m-gutters.nec,ok,ok,1.8037210870534182,1.2482092138379812,1.4450,1
antenna-modeling/dipole-10m.nec,ok,ok,0.7766442829743028,0.4667186150327325,1.6641,1
antenna-modeling/dipole-12m.nec,ok,ok,0.4994277721270919,0.35184271167963743,1.4195,1
antenna-modeling/dipole-15m.nec,ok,ok,1.7840046361088753,0.8926663659512997,1.9985,1
antenna-modeling/dipole-17m.nec,ok,ok,0.4279188560321927,0.24492414854466915,1.7471,1
antenna-modeling/dipole-20m-gutters.nec,ok,ok,3.100067955441773,1.8556296462193131,1.6706,1
antenna-modeling/dipole-20m.nec,ok,ok,1.455314681865275,1.0938713271170855,1.3304,1
antenna-modeling/dipole-30m-gutters.nec,ok,ok,0.8553180769085884,0.6143555017188191,1.3922,1
antenna-modeling/dipole-30m.nec,ok,ok,0.44290430285036564,0.3343685157597065,1.3246,1
antenna-modeling/dipole-40m-gutters.nec,ok,ok,2.080333836376667,1.6613120781257749,1.2522,1
antenna-modeling/dipole-40m.nec,ok,ok,1.2070555910468102,0.861981344409287,1.4003,1
antenna-modeling/dipole-80m-gutters.nec,ok,ok,3.086098856292665,2.1457905611023307,1.4382,1
antenna-modeling/dipole-80m.nec,ok,ok,1.7147455755621195,1.1717778025195003,1.4634,1
antenna-modeling/dipole-sample-freespace.nec,ok,ok,1.0058435378596187,0.6296515399590135,1.5975,1
antenna-modeling/dipole-sample-halfwl.nec,ok,ok,0.9907626705244184,0.5830648699775338,1.6992,1
antenna-modeling/dipole-sample.nec,ok,ok,0.9035214530304074,0.9785295994952321,0.9233,1
antenna-modeling/foo.nec,ok,ok,1.3784744767472148,1.1254776259884238,1.2248,1
antenna-modeling/force12-C3-10m-roof.nec,ok,ok,1.5012072622776031,1.3378729317337275,1.1221,1
antenna-modeling/force12-C3-10m-tower.nec,ok,ok,1.3660754058510065,1.532438619993627,0.8914,1
antenna-modeling/force12-C3-12m-roof.nec,ok,ok,0.9452911987900734,1.0926297763362527,0.8652,1
antenna-modeling/force12-C3-12m-tower.nec,ok,ok,0.7382458839565516,0.9274152405560017,0.7960,1
antenna-modeling/force12-C3-15m-roof.nec,ok,ok,4.1284959483891726,3.727195688523352,1.1077,1
antenna-modeling/force12-C3-15m-tower.nec,ok,ok,4.1029738849028945,3.9737681848928332,1.0325,1
antenna-modeling/force12-C3-17m-roof.nec,ok,ok,0.9725915789604187,1.0117738703265786,0.9613,1
antenna-modeling/force12-C3-17m-tower.nec,ok,ok,0.9833750743418932,1.006849323399365,0.9767,1
antenna-modeling/force12-C3-20m-roof.nec,ok,ok,2.9170700749382377,2.753339160233736,1.0595,1
antenna-modeling/force12-C3-20m-tower.nec,ok,ok,2.8667906066402793,2.182847486808896,1.3133,1
antenna-modeling/force12-C3.nec,ok,ok,2.7433709371834993,2.3637975258752704,1.1606,1
antenna-modeling/gbhoyt.nec,ok,ok,32.63246393483132,20.600457748398185,1.5841,1
antenna-modeling/hexbeam-20m.nec,ok,ok,1.2345696249976754,1.000273541547358,1.2342,1
antenna-modeling/log_per.nec,ok,ok,0.3394183609634638,0.15014472976326942,2.2606,1
antenna-modeling/rotatable-dipole-40m.nec,ok,ok,0.8307717060670257,0.8399853743612766,0.9890,1
antenna-modeling/vertical-sample.nec,ok,ok,10.88121653161943,12.260332627221942,0.8875,1
antenna-modeling/yagi.nec,ok,ok,1.4971490735188127,1.6131832264363766,0.9281,1
antenna-modeling/yagitools/2m-sat-candidate1-crossed.nec,ok,ok,2.7875451678410172,1.5600068289786577,1.7869,1
antenna-modeling/yagitools/2m-sat-candidate1-drivenonly.nec,ok,ok,2.875664464198053,1.3989523528143764,2.0556,1
antenna-modeling/yagitools/2m-sat-candidate1-inorder.nec,ok,ok,2.781392195262015,2.4443843085318804,1.1379,1
antenna-modeling/yagitools/2m-sat-candidate1.nec,ok,ok,1.4600909482687712,1.7011523433029652,0.8583,1
antenna-modeling/yagitools/ON6MU-adjusted.nec,ok,ok,8.31378392316401,8.18030420690775,1.0163,1
antenna-modeling/yagitools/ON6MU-adjusted2.nec,ok,ok,8.186774211935699,8.73282533325255,0.9375,1
antenna-modeling/yagitools/ON6MU-adjusted3.nec,ok,ok,8.253938098438084,5.87813579197973,1.4042,1
antenna-modeling/yagitools/ON6MU-adjusted4-allthick.nec,ok,ok,2.9039321076124907,3.70143457967788,0.7845,1
antenna-modeling/yagitools/ON6MU-adjusted4-refthick.nec,ok,ok,2.6925266766920686,1.6387453638017178,1.6430,1
antenna-modeling/yagitools/ON6MU-adjusted4.nec,ok,ok,2.761537845246494,2.9594890968874097,0.9331,1
antenna-modeling/yagitools/ON6MU.nec,ok,ok,5.831421230919659,6.495152995921671,0.8978,1
antenna-modeling/yagitools/dipole.nec,ok,ok,0.8569977832958102,0.46197227388620377,1.8551,1
antenna-modeling/yagitools/foo.nec,ok,ok,1.3087681690230966,1.3657424245029688,0.9583,1
arcanum/dumbbell-ori.nec,ok,ok,0.13085706252604723,0.11781077831983566,1.1107,1
arcanum/half-wave-dipole.nec,ok,ok,0.07975373789668083,0.10521354712545872,0.7580,1
arcanum/yagi-3el.nec,ok,ok,0.08486218564212322,0.10893240384757519,0.7790,1
arrl/DIP.nec,ok,ok,0.1228586109355092,0.09313005208969116,1.3192,1
arrl/LOOP.nec,ok-no-source,ok-no-source,0.12247135769575834,0.07696331199258566,,0
arrl/LPER.nec,ok,ok,0.18785470630973577,0.11297555360943079,1.6628,1
arrl/W1JR.nec,ok,ok,0.15689492132514715,0.10483321640640497,1.4966,1
arthurcadore/dipole/SimpleReflector.nec,ok,ok,0.07268679700791836,0.09221245255321264,0.7883,1
arthurcadore/dipole/phaseShift16Arragement.nec,ok,ok,0.1092440290376544,0.036124574951827526,,0
arthurcadore/dipole/simple2Arragment.nec,ok,ok,0.062422070652246475,0.007053060457110405,,0
arthurcadore/dipole/simple4Arragment.nec,ok,ok,0.07662479020655155,0.00979989767074585,,0
arthurcadore/dipole/turnStile.nec,ok,ok,0.04960928298532963,0.006019938737154007,,0
arthurcadore/helical/helical-simple.nec,ok,ok,0.14192382339388132,0.11721294559538364,1.2108,1
arthurcadore/yagiUda/yagi4Directors.nec,ok,ok,0.011350218206644058,0.10748813208192587,,0
cebik-w4rnl/Basic-Intermediate-Tutorial-Models/EZNEC/partc/20-6-4.nec,ok,ok,0.012982012704014778,0.041781699284911156,,0
cebik-w4rnl/Basic-Intermediate-Tutorial-Models/Tutorial-1/1-1.nec,ok,ok,0.28563543874770403,0.24894681386649609,1.1474,1
cebik-w4rnl/Basic-Intermediate-Tutorial-Models/Tutorial-1/10-1-1.nec,ok,ok,0.01866181567311287,0.04068673402070999,,0
cebik-w4rnl/Basic-Intermediate-Tutorial-Models/Tutorial-1/10-1-2.nec,ok,ok,0.020079628564417362,0.01684747915714979,,0
cebik-w4rnl/Basic-Intermediate-Tutorial-Models/Tutorial-1/10-1-3.nec,ok,ok,0.018867410719394684,0.01661717239767313,,0
cebik-w4rnl/Basic-Intermediate-Tutorial-Models/Tutorial-1/10-1-3A.nec,ok,ok,0.022517230361700058,0.016665159724652767,,0
cebik-w4rnl/Basic-Intermediate-Tutorial-Models/Tutorial-1/10-1-4.nec,ok,ok,0.019898796454072,0.016655257903039455,,0
cebik-w4rnl/Basic-Intermediate-Tutorial-Models/Tutorial-1/10-2-1.nec,ok,ok,0.03228751104325056,0.02307368442416191,,0
cebik-w4rnl/Basic-Intermediate-Tutorial-Models/Tutorial-1/10-2-2.nec,ok,ok,0.0317729189991951,0.024109477177262306,,0
cebik-w4rnl/Basic-Intermediate-Tutorial-Models/Tutorial-1/10-2-3.nec,ok,ok,0.03181557450443506,0.02335251960903406,,0
cebik-w4rnl/Basic-Intermediate-Tutorial-Models/Tutorial-1/10-2-3A.nec,ok,ok,0.05374664627015591,0.11381676141172647,0.4722,1
cebik-w4rnl/Basic-Intermediate-Tutorial-Models/Tutorial-1/10-2-4.nec,ok,ok,0.031735753640532494,0.08195840939879417,,0
cebik-w4rnl/Basic-Intermediate-Tutorial-Models/Tutorial-1/10-3-1.nec,ok,ok,0.015785754658281803,0.04493256099522114,,0
cebik-w4rnl/Basic-Intermediate-Tutorial-Models/Tutorial-1/10-3-2.nec,ok,ok,0.01373316440731287,0.022698855958878994,,0
cebik-w4rnl/Basic-Intermediate-Tutorial-Models/Tutorial-1/10-4-1.nec,ok,ok,0.015715498477220535,0.04225481767207384,,0
cebik-w4rnl/Basic-Intermediate-Tutorial-Models/Tutorial-1/10-4-2.nec,ok,ok,0.015165481716394424,0.04647854529321194,,0
cebik-w4rnl/Basic-Intermediate-Tutorial-Models/Tutorial-1/10-5-1.nec,ok,ok,0.01151614636182785,0.008500926196575165,,0
cebik-w4rnl/Basic-Intermediate-Tutorial-Models/Tutorial-1/10-5-2.nec,ok,ok,0.011973095126450062,0.010231566615402699,,0
cebik-w4rnl/Basic-Intermediate-Tutorial-Models/Tutorial-1/11-1-1.nec,ok,ok,0.07657715491950512,0.11653068102896214,0.6571,1
cebik-w4rnl/Basic-Intermediate-Tutorial-Models/Tutorial-1/11-1-2.nec,ok,ok,0.3565942645072937,0.15678108483552933,2.2745,1
cebik-w4rnl/Basic-Intermediate-Tutorial-Models/Tutorial-1/11-1-3.nec,ok,ok,0.35173945128917694,0.15812246967107058,2.2245,1
cebik-w4rnl/Basic-Intermediate-Tutorial-Models/Tutorial-1/11-1.nec,ok,ok,0.24811849649995565,0.05421968922019005,4.5762,1
cebik-w4rnl/Basic-Intermediate-Tutorial-Models/Tutorial-1/11-2-1.nec,ok,ok,0.33232586085796356,0.21513494104146957,1.5447,1
cebik-w4rnl/Basic-Intermediate-Tutorial-Models/Tutorial-1/11-2.nec,ok,ok,0.06306164525449276,0.010100286453962326,,0
cebik-w4rnl/Basic-Intermediate-Tutorial-Models/Tutorial-1/11-3-1.nec,ok,ok,0.2763033416122198,0.2627944489941001,1.0514,1
cebik-w4rnl/Basic-Intermediate-Tutorial-Models/Tutorial-1/11-3.nec,ok,ok,0.06374954152852297,0.016130132600665092,,0
cebik-w4rnl/Basic-Intermediate-Tutorial-Models/Tutorial-1/11-4.nec,ok,ok,0.07690019253641367,0.009646259248256683,,0
cebik-w4rnl/Basic-Intermediate-Tutorial-Models/Tutorial-1/11-5.nec,ok,ok,0.08065357990562916,0.016100339591503143,,0
cebik-w4rnl/Basic-Intermediate-Tutorial-Models/Tutorial-1/11-6-1.nec,ok,ok,0.38543669786304235,0.23541905265301466,1.6372,1
cebik-w4rnl/Basic-Intermediate-Tutorial-Models/Tutorial-1/11-6.nec,ok,ok,0.313496763817966,0.27046591602265835,1.1591,1
cebik-w4rnl/Basic-Intermediate-Tutorial-Models/Tutorial-1/11-7-1.nec,ok,ok,0.24996826238930225,0.06878494564443827,3.6341,1
cebik-w4rnl/Basic-Intermediate-Tutorial-Models/Tutorial-1/11-7.nec,ok,ok,0.18820012733340263,0.07082015462219715,2.6574,1
cebik-w4rnl/Basic-Intermediate-Tutorial-Models/Tutorial-1/11-8-1.nec,ok,ok,0.1427457807585597,0.09878860041499138,1.4450,1
cebik-w4rnl/Basic-Intermediate-Tutorial-Models/Tutorial-1/11-8-1a.nec,ok,ok,0.15843473374843597,0.09541394095867872,1.6605,1
cebik-w4rnl/Basic-Intermediate-Tutorial-Models/Tutorial-1/11-8-1b.nec,ok,ok,0.12205052748322487,0.09136616345494986,1.3358,1
cebik-w4rnl/Basic-Intermediate-Tutorial-Models/Tutorial-1/11-8-1c.nec,ok,ok,0.1288349088281393,0.09135675989091396,1.4102,1
cebik-w4rnl/Basic-Intermediate-Tutorial-Models/Tutorial-1/11-8.nec,ok,ok,0.15503874979913235,0.09245759528130293,1.6769,1
cebik-w4rnl/Basic-Intermediate-Tutorial-Models/Tutorial-1/11-8a.nec,ok,ok,0.1600744193419814,0.09834854956716299,1.6276,1
cebik-w4rnl/Basic-Intermediate-Tutorial-Models/Tutorial-1/12-1.nec,ok,ok,0.06127226259559393,0.01611399929970503,,0
cebik-w4rnl/Basic-Intermediate-Tutorial-Models/Tutorial-1/12-1A.nec,ok,ok,0.09695523977279663,0.008540540002286434,,0
cebik-w4rnl/Basic-Intermediate-Tutorial-Models/Tutorial-1/12-2.nec,ok,ok,0.04236625228077173,0.028089198283851147,,0
cebik-w4rnl/Basic-Intermediate-Tutorial-Models/Tutorial-1/12-2A.nec,ok,ok,0.060520696453750134,0.015449167229235172,,0
cebik-w4rnl/Basic-Intermediate-Tutorial-Models/Tutorial-1/12-3-1.nec,ok,ok,0.08884082362055779,0.05676526017487049,1.5651,1
cebik-w4rnl/Basic-Intermediate-Tutorial-Models/Tutorial-1/12-3.nec,ok,ok,0.03604170121252537,0.045298896729946136,,0
cebik-w4rnl/Basic-Intermediate-Tutorial-Models/Tutorial-1/12-4-1.nec,ok,ok,0.0977144492790103,0.011216090060770512,,0
cebik-w4rnl/Basic-Intermediate-Tutorial-Models/Tutorial-1/12-4-2.nec,ok,ok,0.07876452896744013,0.03172773029655218,,0
cebik-w4rnl/Basic-Intermediate-Tutorial-Models/Tutorial-1/12-4.nec,ok,ok,0.07870360370725393,0.02932278998196125,,0
cebik-w4rnl/Basic-Intermediate-Tutorial-Models/Tutorial-1/12-5-14.nec,ok,ok,0.3771379776299,0.2461002692580223,1.5325,1
cebik-w4rnl/Basic-Intermediate-Tutorial-Models/Tutorial-1/12-5-18.nec,ok,ok,0.34076833445578814,0.23405649233609438,1.4559,1
cebik-w4rnl/Basic-Intermediate-Tutorial-Models/Tutorial-1/12-5-24.nec,ok,ok,0.23911030683666468,0.2012520069256425,1.1881,1
cebik-w4rnl/Basic-Intermediate-Tutorial-Models/Tutorial-1/12-5-28.nec,ok,ok,0.2458244478330016,0.22156117018312216,1.1095,1
cebik-w4rnl/Basic-Intermediate-Tutorial-Models/Tutorial-1/12-5.nec,ok,ok,0.3199928356334567,0.19965601339936256,1.6027,1
cebik-w4rnl/Basic-Intermediate-Tutorial-Models/Tutorial-1/12-6-1.nec,ok,ok,0.10341408848762512,0.02208200003951788,,0
cebik-w4rnl/Basic-Intermediate-Tutorial-Models/Tutorial-1/12-6.nec,ok,ok,0.10767985042184591,0.02048906683921814,,0
cebik-w4rnl/Basic-Intermediate-Tutorial-Models/Tutorial-1/12-6A.nec,ok,ok,0.06778677552938461,0.00834729615598917,,0
cebik-w4rnl/Basic-Intermediate-Tutorial-Models/Tutorial-1/12-7.nec,ok,ok,0.113529690541327,0.04707625228911638,,0
cebik-w4rnl/Basic-Intermediate-Tutorial-Models/Tutorial-1/12-7A.nec,ok,ok,0.12653537839651108,0.06578860618174076,1.9234,1
cebik-w4rnl/Basic-Intermediate-Tutorial-Models/Tutorial-1/12-7B.nec,ok,ok,0.12194383144378662,0.10308066289871931,1.1830,1
cebik-w4rnl/Basic-Intermediate-Tutorial-Models/Tutorial-1/13-1-1.nec,ok,ok,0.014546678401529789,0.03227363061159849,,0
cebik-w4rnl/Basic-Intermediate-Tutorial-Models/Tutorial-1/13-1.nec,ok,ok,0.01068709697574377,0.0276468638330698,,0
cebik-w4rnl/Basic-Intermediate-Tutorial-Models/Tutorial-1/13-2-1.nec,ok,ok,0.011417217552661896,0.030440814793109894,,0
cebik-w4rnl/Basic-Intermediate-Tutorial-Models/Tutorial-1/13-2.nec,ok,ok,0.010488437488675117,0.025004010647535324,,0
cebik-w4rnl/Basic-Intermediate-Tutorial-Models/Tutorial-1/13-2a.nec,ok,ok,0.01600633841007948,0.023919546976685524,,0
cebik-w4rnl/Basic-Intermediate-Tutorial-Models/Tutorial-1/13-3-1.nec,ok,ok,0.013212563470005989,0.07073911000043154,,0
cebik-w4rnl/Basic-Intermediate-Tutorial-Models/Tutorial-1/13-3.nec,ok,ok,0.012574413791298866,0.07334626652300358,,0
cebik-w4rnl/Basic-Intermediate-Tutorial-Models/Tutorial-1/13-4-1.nec,ok,ok,0.020271415822207928,0.09539906308054924,,0
cebik-w4rnl/Basic-Intermediate-Tutorial-Models/Tutorial-1/13-4.nec,ok,ok,0.01586740091443062,0.0998256104066968,,0
cebik-w4rnl/Basic-Intermediate-Tutorial-Models/Tutorial-1/13-5.nec,ok,ok,0.011743723414838314,0.0349312424659729,,0
cebik-w4rnl/Basic-Intermediate-Tutorial-Models/Tutorial-1/13-6.nec,ok,ok,0.2981316829100251,0.21645502094179392,1.3773,1
cebik-w4rnl/Basic-Intermediate-Tutorial-Models/Tutorial-1/13-7-1.nec,ok,ok,0.29762223083525896,0.22540612891316414,1.3204,1
cebik-w4rnl/Basic-Intermediate-Tutorial-Models/Tutorial-1/13-7.nec,ok,ok,0.2968049654737115,0.21660757157951593,1.3702,1
cebik-w4rnl/Basic-Intermediate-Tutorial-Models/Tutorial-1/13-7a.nec,ok,ok,0.2969211768358946,0.24256584513932467,1.2241,1
cebik-w4rnl/Basic-Intermediate-Tutorial-Models/Tutorial-1/13-8-1.nec,ok,ok,0.014299092814326286,0.011772495694458485,,0
cebik-w4rnl/Basic-Intermediate-Tutorial-Models/Tutorial-1/13-8-1a.nec,ok,ok,0.053955172188580036,0.043746392242610455,,0
cebik-w4rnl/Basic-Intermediate-Tutorial-Models/Tutorial-1/13-8-2.nec,ok,ok,0.01440915185958147,0.0727522699162364,,0
cebik-w4rnl/Basic-Intermediate-Tutorial-Models/Tutorial-1/13-8-2a.nec,ok,ok,0.05346125550568104,0.09667818807065487,0.5530,1
cebik-w4rnl/Basic-Intermediate-Tutorial-Models/Tutorial-1/13-8.nec,ok,ok,0.014122705906629562,0.03455156274139881,,0
cebik-w4rnl/Basic-Intermediate-Tutorial-Models/Tutorial-1/13-8a.nec,ok,ok,0.05418951157480478,0.09312969073653221,0.5819,1
cebik-w4rnl/Basic-Intermediate-Tutorial-Models/Tutorial-1/13-9-10.nec,ok,ok,0.013196520507335663,0.04937932267785072,,0
cebik-w4rnl/Basic-Intermediate-Tutorial-Models/Tutorial-1/13-9-20.nec,ok,ok,0.016849618405103683,0.021029047667980194,,0
cebik-w4rnl/Basic-Intermediate-Tutorial-Models/Tutorial-1/14-1-1.nec,ok,ok,1.0259284796193242,0.48605741187930107,2.1107,1
cebik-w4rnl/Basic-Intermediate-Tutorial-Models/Tutorial-1/14-1-2.nec,ok,ok,0.9994499692693353,0.49444710835814476,2.0213,1
cebik-w4rnl/Basic-Intermediate-Tutorial-Models/Tutorial-1/14-1-3.nec,ok,ok,0.9998463653028011,0.5185649497434497,1.9281,1
cebik-w4rnl/Basic-Intermediate-Tutorial-Models/Tutorial-1/14-1.nec,ok,ok,0.3412082539871335,0.2565486114472151,1.3300,1
cebik-w4rnl/Basic-Intermediate-Tutorial-Models/Tutorial-1/14-2-1.nec,ok,ok,0.016471718437969685,0.015032044611871243,,0
cebik-w4rnl/Basic-Intermediate-Tutorial-Models/Tutorial-1/14-2.nec,ok,ok,0.0137582216411829,0.026927195489406586,,0
cebik-w4rnl/Basic-Intermediate-Tutorial-Models/Tutorial-1/14-3-1.nec,ok,ok,0.03128183167427778,0.036286210641264915,,0
cebik-w4rnl/Basic-Intermediate-Tutorial-Models/Tutorial-1/14-3-2.nec,ok,ok,0.030697107315063477,0.033921060152351856,,0
cebik-w4rnl/Basic-Intermediate-Tutorial-Models/Tutorial-1/14-3.nec,ok,ok,0.030483516864478588,0.032847688533365726,,0
cebik-w4rnl/Basic-Intermediate-Tutorial-Models/Tutorial-1/14-4-1.nec,ok,ok,1.1180801708251238,0.7256061276420951,1.5409,1
cebik-w4rnl/Basic-Intermediate-Tutorial-Models/Tutorial-1/14-4-2.nec,ok,ok,0.8387684458866715,0.7266827309504151,1.1542,1
cebik-w4rnl/Basic-Intermediate-Tutorial-Models/Tutorial-1/14-4.nec,ok,ok,0.8298546969890594,0.8468476701527834,0.9799,1
cebik-w4rnl/Basic-Intermediate-Tutorial-Models/Tutorial-1/14-5-1.nec,ok,ok,0.11534539330750704,0.1179834920912981,0.9776,1
cebik-w4rnl/Basic-Intermediate-Tutorial-Models/Tutorial-1/14-5-2.nec,ok,ok,0.1048551918938756,0.054727401584386826,1.9160,1
cebik-w4rnl/Basic-Intermediate-Tutorial-Models/Tutorial-1/14-5-3.nec,ok,ok,0.14964760560542345,0.06601983681321144,2.2667,1
cebik-w4rnl/Basic-Intermediate-Tutorial-Models/Tutorial-1/14-5.nec,ok,ok,0.08222621120512486,0.019903576001524925,,0
cebik-w4rnl/Basic-Intermediate-Tutorial-Models/Tutorial-1/14-6-1.nec,ok,ok,0.09166599158197641,0.036240000277757645,,0
cebik-w4rnl/Basic-Intermediate-Tutorial-Models/Tutorial-1/14-6.nec,ok,ok,0.096704026684165,0.009021102450788021,,0
cebik-w4rnl/Basic-Intermediate-Tutorial-Models/Tutorial-1/15-1-1.nec,ok,ok,0.08828635513782501,0.01039340253919363,,0
cebik-w4rnl/Basic-Intermediate-Tutorial-Models/Tutorial-1/15-1.nec,ok,ok,0.07203744258731604,0.008065048605203629,,0
cebik-w4rnl/Basic-Intermediate-Tutorial-Models/Tutorial-1/15-1A.nec,ok,ok,0.05075359717011452,0.008481784723699093,,0
cebik-w4rnl/Basic-Intermediate-Tutorial-Models/Tutorial-1/15-1B.nec,ok,ok,0.05119914002716541,0.0078698405995965,,0
cebik-w4rnl/Basic-Intermediate-Tutorial-Models/Tutorial-1/15-1C.nec,ok,ok,0.05254361219704151,0.00674968957901001,,0
cebik-w4rnl/Basic-Intermediate-Tutorial-Models/Tutorial-1/15-1D.nec,ok,ok,0.07537608407437801,0.006012425757944584,,0
cebik-w4rnl/Basic-Intermediate-Tutorial-Models/Tutorial-1/15-2-12P.nec,ok,ok,0.09588501136749983,0.01656944863498211,,0
cebik-w4rnl/Basic-Intermediate-Tutorial-Models/Tutorial-1/15-2-12S.nec,ok,ok,0.09083015657961369,0.011568441987037659,,0
cebik-w4rnl/Basic-Intermediate-Tutorial-Models/Tutorial-1/15-2-16P.nec,ok,ok,0.14667037036269903,0.019315862096846104,,0
cebik-w4rnl/Basic-Intermediate-Tutorial-Models/Tutorial-1/15-2-16S.nec,ok,ok,0.11385675240308046,0.011630133725702763,,0
cebik-w4rnl/Basic-Intermediate-Tutorial-Models/Tutorial-1/15-2-24P.nec,ok,ok,0.11381199862807989,0.02414360921829939,,0
cebik-w4rnl/Basic-Intermediate-Tutorial-Models/Tutorial-1/15-2-24S.nec,ok,ok,0.07019362691789865,0.016038096509873867,,0
cebik-w4rnl/Basic-Intermediate-Tutorial-Models/Tutorial-1/15-2-32P.nec,ok,ok,0.09593557380139828,0.03236146830022335,,0
cebik-w4rnl/Basic-Intermediate-Tutorial-Models/Tutorial-1/15-2-32S.nec,ok,ok,0.05848830100148916,0.019228429533541203,,0
cebik-w4rnl/Basic-Intermediate-Tutorial-Models/Tutorial-1/15-2-3P.nec,ok,ok,0.06738188862800598,0.009005814790725708,,0
cebik-w4rnl/Basic-Intermediate-Tutorial-Models/Tutorial-1/15-2-3S.nec,ok,ok,0.1189926853403449,0.009169221855700016,,0
cebik-w4rnl/Basic-Intermediate-Tutorial-Models/Tutorial-1/15-2-4P.nec,ok,ok,0.11078881472349167,0.009571266360580921,,0
cebik-w4rnl/Basic-Intermediate-Tutorial-Models/Tutorial-1/15-2-4S.nec,ok,ok,0.06964467465877533,0.009639628231525421,,0
cebik-w4rnl/Basic-Intermediate-Tutorial-Models/Tutorial-1/15-2-6P.nec,ok,ok,0.08723846450448036,0.009996820241212845,,0
cebik-w4rnl/Basic-Intermediate-Tutorial-Models/Tutorial-1/15-2-6S.nec,ok,ok,0.0590349305421114,0.020405272021889687,,0
cebik-w4rnl/Basic-Intermediate-Tutorial-Models/Tutorial-1/15-2-8P.nec,ok,ok,0.05904980469495058,0.014156607910990715,,0
cebik-w4rnl/Basic-Intermediate-Tutorial-Models/Tutorial-1/15-2-8S.nec,ok,ok,0.044667135924100876,0.00903997104614973,,0
cebik-w4rnl/Basic-Intermediate-Tutorial-Models/Tutorial-1/15-3-1.nec,ok,ok,0.06263655330985785,0.009082882665097713,,0
cebik-w4rnl/Basic-Intermediate-Tutorial-Models/Tutorial-1/15-3-1A.nec,ok,ok,0.16521366406232119,0.10538002010434866,1.5678,1
cebik-w4rnl/Basic-Intermediate-Tutorial-Models/Tutorial-1/15-3-1B.nec,ok,ok,0.0860514072701335,0.10033703781664371,0.8576,1
cebik-w4rnl/Basic-Intermediate-Tutorial-Models/Tutorial-1/15-3-1C.nec,ok,ok,0.1826363494619727,0.0977152157574892,1.8691,1
cebik-w4rnl/Basic-Intermediate-Tutorial-Models/Tutorial-1/15-3-2.nec,ok,ok,0.10770110506564379,0.01027689315378666,,0
cebik-w4rnl/Basic-Intermediate-Tutorial-Models/Tutorial-1/15-3-2A.nec,ok,ok,0.1452837660908699,0.10911680106073618,1.3315,1
cebik-w4rnl/Basic-Intermediate-Tutorial-Models/Tutorial-1/15-3-2B.nec,ok,ok,0.1540636057034135,0.10389406979084015,1.4829,1
cebik-w4rnl/Basic-Intermediate-Tutorial-Models/Tutorial-1/15-3-2C.nec,ok,ok,0.14051498845219612,0.10681984666734934,1.3154,1
cebik-w4rnl/Basic-Intermediate-Tutorial-Models/Tutorial-1/15-3-3.nec,ok,ok,0.12513434700667858,0.08543539885431528,1.4647,1
cebik-w4rnl/Basic-Intermediate-Tutorial-Models/Tutorial-1/15-3-3A.nec,ok,ok,0.2730724783614278,0.14255543053150177,1.9156,1
cebik-w4rnl/Basic-Intermediate-Tutorial-Models/Tutorial-1/15-3-3B.nec,ok,ok,0.16557888220995665,0.12493987753987312,1.3253,1
cebik-w4rnl/Basic-Intermediate-Tutorial-Models/Tutorial-1/15-3-3C.nec,ok,ok,0.20306497998535633,0.1656169854104519,1.2261,1
cebik-w4rnl/Basic-Intermediate-Tutorial-Models/Tutorial-1/15-3-4.nec,ok,ok,0.13907251600176096,0.09916801378130913,1.4024,1
cebik-w4rnl/Basic-Intermediate-Tutorial-Models/Tutorial-1/15-3-4A.nec,ok,ok,0.48246353678405285,0.21803706232458353,2.2128,1
cebik-w4rnl/Basic-Intermediate-Tutorial-Models/Tutorial-1/15-3-4b.nec,ok,ok,0.4756499631330371,0.209655218757689,2.2687,1
cebik-w4rnl/Basic-Intermediate-Tutorial-Models/Tutorial-1/15-3-4c.nec,ok,ok,0.3746474888175726,0.2090064100921154,1.7925,1
cebik-w4rnl/Basic-Intermediate-Tutorial-Models/Tutorial-1/15-4-0.nec,ok,ok,0.19787116535007954,0.09996302798390388,1.9794,1
cebik-w4rnl/Basic-Intermediate-Tutorial-Models/Tutorial-1/15-4-0a.nec,ok,ok,0.3552351612597704,0.21582949440926313,1.6459,1
cebik-w4rnl/Basic-Intermediate-Tutorial-Models/Tutorial-1/15-4-0b.nec,ok,ok,0.24386268015950918,0.215529995970428,1.1315,1
cebik-w4rnl/Basic-Intermediate-Tutorial-Models/Tutorial-1/15-4-0c.nec,ok,ok,0.3078736960887909,0.21621843799948692,1.4239,1
cebik-w4rnl/Basic-Intermediate-Tutorial-Models/Tutorial-1/15-4-30.nec,ok,ok,0.15129461884498596,0.09929653070867062,1.5237,1
cebik-w4rnl/Basic-Intermediate-Tutorial-Models/Tutorial-1/15-4-30a.nec,ok,ok,0.3145452430471778,0.21566782612353563,1.4585,1
cebik-w4rnl/Basic-Intermediate-Tutorial-Models/Tutorial-1/15-4-30b.nec,ok,ok,0.22955954261124134,0.21722043119370937,1.0568,1
cebik-w4rnl/Basic-Intermediate-Tutorial-Models/Tutorial-1/15-4-45.nec,ok,ok,0.13800796121358871,0.09937758464366198,1.3887,1
cebik-w4rnl/Basic-Intermediate-Tutorial-Models/Tutorial-1/15-4-45a.nec,ok,ok,0.21343974582850933,0.16144460439682007,1.3221,1
cebik-w4rnl/Basic-Intermediate-Tutorial-Models/Tutorial-1/15-4-45b.nec,ok,ok,0.21509733330458403,0.16315892711281776,1.3183,1
cebik-w4rnl/Basic-Intermediate-Tutorial-Models/Tutorial-1/15-4-60.nec,ok,ok,0.14196725841611624,0.09973496664315462,1.4234,1
cebik-w4rnl/Basic-Intermediate-Tutorial-Models/Tutorial-1/15-4-60a.nec,ok,ok,0.20024709682911634,0.16067801136523485,1.2463,1
cebik-w4rnl/Basic-Intermediate-Tutorial-Models/Tutorial-1/15-4-60b.nec,ok,ok,0.2659745533019304,0.16203697118908167,1.6414,1
cebik-w4rnl/Basic-Intermediate-Tutorial-Models/Tutorial-1/15-5-32.nec,ok,ok,0.521055961959064,0.32304581068456173,1.6129,1
cebik-w4rnl/Basic-Intermediate-Tutorial-Models/Tutorial-1/15-5-32A.nec,ok,ok,0.642280244268477,0.342148975469172,1.8772,1
cebik-w4rnl/Basic-Intermediate-Tutorial-Models/Tutorial-1/15-5-32B.nec,ok,ok,0.695836503058672,0.3091373732313514,2.2509,1
cebik-w4rnl/Basic-Intermediate-Tutorial-Models/Tutorial-1/15-5-32C.nec,ok,ok,0.6675270702689886,0.3381702220067382,1.9739,1
cebik-w4rnl/Basic-Intermediate-Tutorial-Models/Tutorial-1/15-5-4.nec,ok,ok,0.2856321642175317,0.22311934549361467,1.2802,1
cebik-w4rnl/Basic-Intermediate-Tutorial-Models/Tutorial-1/15-5-4A.nec,ok,ok,0.3608801169320941,0.21628032065927982,1.6686,1
cebik-w4rnl/Basic-Intermediate-Tutorial-Models/Tutorial-1/15-5-4B.nec,ok,ok,0.35107309743762016,0.21622567810118198,1.6236,1
cebik-w4rnl/Basic-Intermediate-Tutorial-Models/Tutorial-1/15-5-4C.nec,ok,ok,0.28843870386481285,0.2192488107830286,1.3156,1
cebik-w4rnl/Basic-Intermediate-Tutorial-Models/Tutorial-1/15-6-1.nec,ok,ok,0.07741368748247623,0.006387548521161079,,0
cebik-w4rnl/Basic-Intermediate-Tutorial-Models/Tutorial-1/15-6-1a.nec,ok,ok,0.08291736990213394,0.0066079031676054,,0
cebik-w4rnl/Basic-Intermediate-Tutorial-Models/Tutorial-1/15-6-1b.nec,ok,ok,0.03899492975324392,0.006577621214091778,,0
cebik-w4rnl/Basic-Intermediate-Tutorial-Models/Tutorial-1/15-6-1c.nec,ok,ok,0.07758457213640213,0.00631897896528244,,0
cebik-w4rnl/Basic-Intermediate-Tutorial-Models/Tutorial-1/15-6-2a.nec,ok,ok,0.6079412447288632,0.32022345811128616,1.8985,1
cebik-w4rnl/Basic-Intermediate-Tutorial-Models/Tutorial-1/15-6-2b.nec,ok,ok,0.4466936867684126,0.3506078505888581,1.2741,1
cebik-w4rnl/Basic-Intermediate-Tutorial-Models/Tutorial-1/15-6-2c.nec,ok,ok,0.7215715441852808,0.3338536284863949,2.1613,1
cebik-w4rnl/Basic-Intermediate-Tutorial-Models/Tutorial-1/16-1-1.nec,ok,ok,0.07790694385766983,0.010760314762592316,,0
cebik-w4rnl/Basic-Intermediate-Tutorial-Models/Tutorial-1/16-1-2.nec,ok,ok,0.09277543425559998,0.01100095547735691,,0
cebik-w4rnl/Basic-Intermediate-Tutorial-Models/Tutorial-1/16-2-1.nec,ok,ok,0.052175880409777164,0.008203118108212948,,0
cebik-w4rnl/Basic-Intermediate-Tutorial-Models/Tutorial-1/16-2-2.nec,ok,ok,0.5556859839707613,0.3916132291778922,1.4190,1
cebik-w4rnl/Basic-Intermediate-Tutorial-Models/Tutorial-1/16-3-1.nec,ok,ok,0.3039976377040148,0.16061133239418268,1.8928,1
cebik-w4rnl/Basic-Intermediate-Tutorial-Models/Tutorial-1/16-3.nec,ok,ok,0.12823400553315878,0.09302013460546732,1.3786,1
cebik-w4rnl/Basic-Intermediate-Tutorial-Models/Tutorial-1/16-4.nec,ok,ok,0.2903040926903486,0.18235521763563156,1.5920,1
cebik-w4rnl/Basic-Intermediate-Tutorial-Models/Tutorial-1/16-5-1.nec,ok,ok,0.05579577572643757,0.07319314312189817,0.7623,1
cebik-w4rnl/Basic-Intermediate-Tutorial-Models/Tutorial-1/16-5-2.nec,ok,ok,0.5535617349669337,0.3298946265131235,1.6780,1
cebik-w4rnl/Basic-Intermediate-Tutorial-Models/Tutorial-1/16-5.nec,ok,ok,0.07784957066178322,0.013161957263946533,,0
cebik-w4rnl/Basic-Intermediate-Tutorial-Models/Tutorial-1/16-6-1.nec,ok,ok,0.23726496566087008,0.2624878855422139,0.9039,1
cebik-w4rnl/Basic-Intermediate-Tutorial-Models/Tutorial-1/16-6-2.nec,ok,ok,0.4144923146814108,0.26544143725186586,1.5615,1
cebik-w4rnl/Basic-Intermediate-Tutorial-Models/Tutorial-1/16-6-3.nec,ok,ok,0.3812071159482002,0.22284815832972527,1.7106,1
cebik-w4rnl/Basic-Intermediate-Tutorial-Models/Tutorial-1/16-7-1.nec,ok,ok,0.30591422878205776,0.2194557236507535,1.3940,1
cebik-w4rnl/Basic-Intermediate-Tutorial-Models/Tutorial-1/16-7-2.nec,ok,ok,0.33565931394696236,0.23868940118700266,1.4063,1
cebik-w4rnl/Basic-Intermediate-Tutorial-Models/Tutorial-1/17-1-1.nec,ok,ok,0.36555106937885284,0.23185815755277872,1.5766,1
cebik-w4rnl/Basic-Intermediate-Tutorial-Models/Tutorial-1/17-1.nec,ok,ok,0.376122641377151,0.23637647461146116,1.5912,1
cebik-w4rnl/Basic-Intermediate-Tutorial-Models/Tutorial-1/17-2-1.nec,ok,ok,0.4070896664634347,0.26586953178048134,1.5312,1
cebik-w4rnl/Basic-Intermediate-Tutorial-Models/Tutorial-1/17-2.nec,ok,ok,0.39010458439588547,0.2555401138961315,1.5266,1
cebik-w4rnl/Basic-Intermediate-Tutorial-Models/Tutorial-1/17-3-1.nec,ok,ok,0.4177677370607853,0.24140581768006086,1.7306,1
cebik-w4rnl/Basic-Intermediate-Tutorial-Models/Tutorial-1/17-3.nec,ok,ok,0.3755225818604231,0.24683435168117285,1.5214,1
cebik-w4rnl/Basic-Intermediate-Tutorial-Models/Tutorial-1/17-4-1.nec,ok,ok,0.16091166250407696,0.13436109758913517,1.1976,1
cebik-w4rnl/Basic-Intermediate-Tutorial-Models/Tutorial-1/17-4-2.nec,ok,ok,0.15458051022142172,0.16912824846804142,0.9140,1
cebik-w4rnl/Basic-Intermediate-Tutorial-Models/Tutorial-1/17-4.nec,ok,ok,0.11231991089880466,0.11310783307999372,0.9930,1
cebik-w4rnl/Basic-Intermediate-Tutorial-Models/Tutorial-1/17-5.nec,ok,ok,0.204821290448308,0.17631893418729305,1.1617,1
cebik-w4rnl/Basic-Intermediate-Tutorial-Models/Tutorial-1/17-6.nec,ok,ok,0.15841235220432281,0.16385689564049244,0.9668,1
cebik-w4rnl/Basic-Intermediate-Tutorial-Models/Tutorial-1/17-7-1.nec,ok,ok,0.7395085664466023,0.41727937292307615,1.7722,1
cebik-w4rnl/Basic-Intermediate-Tutorial-Models/Tutorial-1/17-7-2.nec,ok,ok,0.7736097266897559,0.394432932138443,1.9613,1
cebik-w4rnl/Basic-Intermediate-Tutorial-Models/Tutorial-1/17-7-2a.nec,ok,ok,0.47676372062414885,0.2194371772930026,2.1727,1
cebik-w4rnl/Basic-Intermediate-Tutorial-Models/Tutorial-1/17-7-3.nec,ok,ok,0.7204946856945753,0.41986515186727047,1.7160,1
cebik-w4rnl/Basic-Intermediate-Tutorial-Models/Tutorial-1/17-7.nec,ok,ok,0.7943949429318309,0.44282435718923807,1.7939,1
cebik-w4rnl/Basic-Intermediate-Tutorial-Models/Tutorial-1/17-8-1.nec,ok,ok,1.2299342676997185,0.576703934930265,2.1327,1
cebik-w4rnl/Basic-Intermediate-Tutorial-Models/Tutorial-1/17-8.nec,ok,ok,1.2207541903480887,0.6147076785564423,1.9859,1
cebik-w4rnl/Basic-Intermediate-Tutorial-Models/Tutorial-1/18-1-1.nec,ok,ok,0.034671053290367126,0.07850363943725824,,0
cebik-w4rnl/Basic-Intermediate-Tutorial-Models/Tutorial-1/18-1.nec,ok,ok,0.0338635602965951,0.05662963166832924,,0
cebik-w4rnl/Basic-Intermediate-Tutorial-Models/Tutorial-1/18-10-1.nec,ok,ok,0.05233713984489441,0.08802850916981697,0.5945,1
cebik-w4rnl/Basic-Intermediate-Tutorial-Models/Tutorial-1/18-10.nec,ok,ok,0.05188257806003094,0.058019084855914116,0.8942,1
cebik-w4rnl/Basic-Intermediate-Tutorial-Models/Tutorial-1/18-1a.nec,ok,ok,0.023977205157279968,0.03463581670075655,,0
cebik-w4rnl/Basic-Intermediate-Tutorial-Models/Tutorial-1/18-2-1.nec,ok,ok,0.03901676647365093,0.08602530602365732,,0
cebik-w4rnl/Basic-Intermediate-Tutorial-Models/Tutorial-1/18-2.nec,ok,ok,0.03880465496331453,0.09762280527502298,,0
cebik-w4rnl/Basic-Intermediate-Tutorial-Models/Tutorial-1/18-2a.nec,ok,ok,0.03853875491768122,0.08918355405330658,,0
cebik-w4rnl/Basic-Intermediate-Tutorial-Models/Tutorial-1/18-3-1.nec,ok,ok,0.049013388343155384,0.0765905762091279,,0
cebik-w4rnl/Basic-Intermediate-Tutorial-Models/Tutorial-1/18-3-2.nec,ok,ok,0.0481743048876524,0.08533699717372656,,0
cebik-w4rnl/Basic-Intermediate-Tutorial-Models/Tutorial-1/18-3-3.nec,ok,ok,0.029868691228330135,0.0726918326690793,,0
cebik-w4rnl/Basic-Intermediate-Tutorial-Models/Tutorial-1/18-3.nec,ok,ok,0.009495166130363941,0.031091424636542797,,0
cebik-w4rnl/Basic-Intermediate-Tutorial-Models/Tutorial-1/18-4.nec,ok,ok,0.06463598646223545,0.05738309398293495,1.1264,1
cebik-w4rnl/Basic-Intermediate-Tutorial-Models/Tutorial-1/18-5.nec,ok,ok,0.05516754277050495,0.051775893196463585,1.0655,1
cebik-w4rnl/Basic-Intermediate-Tutorial-Models/Tutorial-1/18-6.nec,ok,ok,0.10760119836777449,0.3695335742086172,0.2912,1
cebik-w4rnl/Basic-Intermediate-Tutorial-Models/Tutorial-1/18-7.nec,ok,ok,0.1585649223998189,0.4044188279658556,0.3921,1
cebik-w4rnl/Basic-Intermediate-Tutorial-Models/Tutorial-1/18-8-1.nec,ok,ok,0.18639032449573278,0.13057167641818523,1.4275,1
cebik-w4rnl/Basic-Intermediate-Tutorial-Models/Tutorial-1/18-8-2.nec,ok,ok,0.1694646254181862,0.1411593472585082,1.2005,1
cebik-w4rnl/Basic-Intermediate-Tutorial-Models/Tutorial-1/18-8-3.nec,ok,ok,0.15950866788625717,0.13432401418685913,1.1875,1
cebik-w4rnl/Basic-Intermediate-Tutorial-Models/Tutorial-1/18-8-4.nec,ok,ok,0.16482898592948914,0.14362391270697117,1.1476,1
cebik-w4rnl/Basic-Intermediate-Tutorial-Models/Tutorial-1/18-8.nec,ok,ok,0.11751178000122309,0.15577631816267967,0.7544,1
cebik-w4rnl/Basic-Intermediate-Tutorial-Models/Tutorial-1/18-9.nec,ok,ok,0.04455279838293791,0.1084042638540268,,0
cebik-w4rnl/Basic-Intermediate-Tutorial-Models/Tutorial-1/19-1.nec,ok,ok,0.01842000149190426,0.07396013289690018,,0
cebik-w4rnl/Basic-Intermediate-Tutorial-Models/Tutorial-1/19-2-1.nec,ok,ok,0.09469606820493937,0.16425206698477268,0.5765,1
cebik-w4rnl/Basic-Intermediate-Tutorial-Models/Tutorial-1/19-2.nec,ok,ok,0.10155473463237286,0.13374091032892466,0.7593,1
cebik-w4rnl/Basic-Intermediate-Tutorial-Models/Tutorial-1/19-3-1.nec,ok,ok,0.008948423899710178,0.021298710256814957,,0
cebik-w4rnl/Basic-Intermediate-Tutorial-Models/Tutorial-1/19-3.nec,ok,ok,0.01193623710423708,0.014461241662502289,,0
cebik-w4rnl/Basic-Intermediate-Tutorial-Models/Tutorial-1/19-4-1.nec,ok,ok,0.18232114147394896,0.14009035285562277,1.3015,1
cebik-w4rnl/Basic-Intermediate-Tutorial-Models/Tutorial-1/19-4.nec,ok,ok,0.1773764044046402,0.13638165313750505,1.3006,1
cebik-w4rnl/Basic-Intermediate-Tutorial-Models/Tutorial-1/19-5.nec,ok,ok,0.13244721107184887,0.1251867050305009,1.0580,1
cebik-w4rnl/Basic-Intermediate-Tutorial-Models/Tutorial-1/19-6-1.nec,ok,ok,0.012370583601295948,0.07015938591212034,,0
cebik-w4rnl/Basic-Intermediate-Tutorial-Models/Tutorial-1/19-6-2.nec,ok,ok,0.016323810443282127,0.01535471435636282,,0
cebik-w4rnl/Basic-Intermediate-Tutorial-Models/Tutorial-1/19-6-3.nec,ok,ok,0.021252968348562717,0.04109504725784063,,0
cebik-w4rnl/Basic-Intermediate-Tutorial-Models/Tutorial-1/19-6.nec,ok,ok,0.016361641697585583,0.02175869047641754,,0
cebik-w4rnl/Basic-Intermediate-Tutorial-Models/Tutorial-1/19-7.nec,ok,ok,0.016153963282704353,0.009860259480774403,,0
cebik-w4rnl/Basic-Intermediate-Tutorial-Models/Tutorial-1/2-1.nec,ok,ok,0.009013785980641842,0.020184886641800404,,0
cebik-w4rnl/Basic-Intermediate-Tutorial-Models/Tutorial-1/2-2.nec,ok,ok,0.10134377982467413,0.10142786800861359,0.9992,1
cebik-w4rnl/Basic-Intermediate-Tutorial-Models/Tutorial-1/2-3.nec,ok,ok,0.34354713279753923,0.25089647620916367,1.3693,1
cebik-w4rnl/Basic-Intermediate-Tutorial-Models/Tutorial-1/2-4.nec,ok,ok,0.017915076576173306,0.011156663298606873,,0
cebik-w4rnl/Basic-Intermediate-Tutorial-Models/Tutorial-1/2-5.nec,ok,ok,0.31230490282177925,0.27135944087058306,1.1509,1
cebik-w4rnl/Basic-Intermediate-Tutorial-Models/Tutorial-1/2-6.nec,ok,ok,0.017369977198541164,0.019042089581489563,,0
cebik-w4rnl/Basic-Intermediate-Tutorial-Models/Tutorial-1/20-1-1.nec,ok,ok,0.05685539077967405,0.03153843153268099,,0
cebik-w4rnl/Basic-Intermediate-Tutorial-Models/Tutorial-1/20-1-2.nec,ok,ok,0.053780692629516125,0.03243464324623346,,0
cebik-w4rnl/Basic-Intermediate-Tutorial-Models/Tutorial-1/20-1.nec,ok,ok,0.013936522416770458,0.03465433046221733,,0
cebik-w4rnl/Basic-Intermediate-Tutorial-Models/Tutorial-1/20-2-1.nec,ok,ok,0.07924117334187031,0.22371044103056192,0.3542,1
cebik-w4rnl/Basic-Intermediate-Tutorial-Models/Tutorial-1/20-2-2.nec,ok,ok,0.04438462946563959,0.11451533809304237,,0
cebik-w4rnl/Basic-Intermediate-Tutorial-Models/Tutorial-1/20-2-3.nec,ok,ok,0.03737443219870329,0.1031005522236228,,0
cebik-w4rnl/Basic-Intermediate-Tutorial-Models/Tutorial-1/20-2-4.nec,ok,ok,0.03943457081913948,0.10192950256168842,,0
cebik-w4rnl/Basic-Intermediate-Tutorial-Models/Tutorial-1/20-2.nec,ok,ok,0.09737146366387606,0.11835937295109034,0.8227,1
cebik-w4rnl/Basic-Intermediate-Tutorial-Models/Tutorial-1/20-3-1.nec,ok,ok,0.0190971028059721,0.021224808879196644,,0
cebik-w4rnl/Basic-Intermediate-Tutorial-Models/Tutorial-1/20-3-2.nec,ok,ok,0.022850912995636463,0.07010888773947954,,0
cebik-w4rnl/Basic-Intermediate-Tutorial-Models/Tutorial-1/20-4-1.nec,ok,ok,0.03797628916800022,0.08318867813795805,,0
cebik-w4rnl/Basic-Intermediate-Tutorial-Models/Tutorial-1/20-4-2.nec,ok,ok,0.03818732500076294,0.09011429827660322,,0
cebik-w4rnl/Basic-Intermediate-Tutorial-Models/Tutorial-1/20-4-3.nec,ok,ok,0.09053843095898628,0.1790947187691927,0.5055,1
cebik-w4rnl/Basic-Intermediate-Tutorial-Models/Tutorial-1/20-4-4.nec,ok,ok,0.09370951913297176,0.13631667848676443,0.6874,1
cebik-w4rnl/Basic-Intermediate-Tutorial-Models/Tutorial-1/20-4.nec,ok,ok,0.01598429400473833,0.09145447891205549,,0
cebik-w4rnl/Basic-Intermediate-Tutorial-Models/Tutorial-1/20-5-1.nec,ok,ok,0.04397379420697689,0.03710001241415739,,0
cebik-w4rnl/Basic-Intermediate-Tutorial-Models/Tutorial-1/20-5-2.nec,ok,ok,0.06098921410739422,0.08522945176810026,0.7156,1
cebik-w4rnl/Basic-Intermediate-Tutorial-Models/Tutorial-1/20-5-3.nec,ok,ok,0.10432246793061495,0.16473909188061953,0.6333,1
cebik-w4rnl/Basic-Intermediate-Tutorial-Models/Tutorial-1/20-5-4.nec,ok,ok,0.14243842661380768,0.18159766867756844,0.7844,1
cebik-w4rnl/Basic-Intermediate-Tutorial-Models/Tutorial-1/20-5-5.nec,ok,ok,0.44217727333307266,0.24543545953929424,1.8016,1
cebik-w4rnl/Basic-Intermediate-Tutorial-Models/Tutorial-1/20-6-1.nec,ok,ok,0.00773561280220747,0.02693868149071932,,0
cebik-w4rnl/Basic-Intermediate-Tutorial-Models/Tutorial-1/20-6-1A.nec,ok,ok,0.011282410472631454,0.010839344933629036,,0
cebik-w4rnl/Basic-Intermediate-Tutorial-Models/Tutorial-1/20-6-2.nec,ok,ok,0.015479795634746552,0.09857840742915869,,0
cebik-w4rnl/Basic-Intermediate-Tutorial-Models/Tutorial-1/20-6-2A.nec,ok,ok,0.04464395623654127,0.0627576895058155,,0
cebik-w4rnl/Basic-Intermediate-Tutorial-Models/Tutorial-1/20-6-3.nec,ok,ok,0.009028463624417782,0.042767453007400036,,0
cebik-w4rnl/Basic-Intermediate-Tutorial-Models/Tutorial-1/20-6-3A.nec,ok,ok,0.014620617032051086,0.012634985148906708,,0
cebik-w4rnl/Basic-Intermediate-Tutorial-Models/Tutorial-1/20-6-4.nec,ok,ok,0.010686112567782402,0.010368799790740013,,0
cebik-w4rnl/Basic-Intermediate-Tutorial-Models/Tutorial-1/20-6-4A.nec,ok,ok,0.0236554192379117,0.010854600928723812,,0
cebik-w4rnl/Basic-Intermediate-Tutorial-Models/Tutorial-1/20-7.nec,ok,ok,0.6368954833596945,0.45408370066434145,1.4026,1
cebik-w4rnl/Basic-Intermediate-Tutorial-Models/Tutorial-1/20-8-1.nec,ok,ok,0.010974819771945477,0.019145659171044827,,0
cebik-w4rnl/Basic-Intermediate-Tutorial-Models/Tutorial-1/20-8-2.nec,ok,ok,0.011846546083688736,0.011617540381848812,,0
cebik-w4rnl/Basic-Intermediate-Tutorial-Models/Tutorial-1/20-8-3.nec,ok,ok,0.014984779991209507,0.02756483666598797,,0
cebik-w4rnl/Basic-Intermediate-Tutorial-Models/Tutorial-1/21-1-1.nec,ok,ok,0.053826117888092995,0.1730020884424448,0.3111,1
cebik-w4rnl/Basic-Intermediate-Tutorial-Models/Tutorial-1/21-1.nec,ok,ok,0.02384949941188097,0.11009343340992928,,0
cebik-w4rnl/Basic-Intermediate-Tutorial-Models/Tutorial-1/21-2-1.nec,ok,ok,0.06571420840919018,0.07621666882187128,0.8622,1
cebik-w4rnl/Basic-Intermediate-Tutorial-Models/Tutorial-1/21-2-2.nec,ok,ok,0.01323576271533966,0.09933114796876907,,0
cebik-w4rnl/Basic-Intermediate-Tutorial-Models/Tutorial-1/21-2-3.nec,ok,ok,0.16079726442694664,0.1593453772366047,1.0091,1
cebik-w4rnl/Basic-Intermediate-Tutorial-Models/Tutorial-1/21-2-4.nec,ok,ok,0.015239189378917217,0.0777702797204256,,0
cebik-w4rnl/Basic-Intermediate-Tutorial-Models/Tutorial-1/21-2-5.nec,ok,ok,0.06386636942625046,0.07262955233454704,0.8793,1
cebik-w4rnl/Basic-Intermediate-Tutorial-Models/Tutorial-1/21-3-1.nec,ok,ok,0.007373793050646782,0.03792197909206152,,0
cebik-w4rnl/Basic-Intermediate-Tutorial-Models/Tutorial-1/21-3-2.nec,ok,ok,0.009073276072740555,0.013994215987622738,,0
cebik-w4rnl/Basic-Intermediate-Tutorial-Models/Tutorial-1/21-3-3.nec,ok,ok,0.0131769310683012,0.019353126175701618,,0
cebik-w4rnl/Basic-Intermediate-Tutorial-Models/Tutorial-1/21-3-4.nec,ok,ok,0.06587170902639627,0.1079959711059928,0.6099,1
cebik-w4rnl/Basic-Intermediate-Tutorial-Models/Tutorial-1/21-4-1.nec,ok,ok,0.04380892403423786,0.11460615508258343,,0
cebik-w4rnl/Basic-Intermediate-Tutorial-Models/Tutorial-1/21-4-2.nec,ok,ok,0.04511302895843983,0.06301221530884504,,0
cebik-w4rnl/Basic-Intermediate-Tutorial-Models/Tutorial-1/21-4-3.nec,ok,ok,0.04698777757585049,0.07306415308266878,,0
cebik-w4rnl/Basic-Intermediate-Tutorial-Models/Tutorial-1/21-4-4.nec,ok,ok,0.23355668876320124,0.35114160645753145,0.6651,1
cebik-w4rnl/Basic-Intermediate-Tutorial-Models/Tutorial-1/21-4-5.nec,ok,ok,0.04604434408247471,0.10335991624742746,,0
cebik-w4rnl/Basic-Intermediate-Tutorial-Models/Tutorial-1/21-4.nec,ok,ok,0.04439619183540344,0.1453165914863348,,0
cebik-w4rnl/Basic-Intermediate-Tutorial-Models/Tutorial-1/21-5-1.nec,ok,ok,0.009249663911759853,0.00922855082899332,,0
cebik-w4rnl/Basic-Intermediate-Tutorial-Models/Tutorial-1/21-5-2.nec,ok,ok,0.1586150759831071,0.17021285463124514,0.9319,1
cebik-w4rnl/Basic-Intermediate-Tutorial-Models/Tutorial-1/21-5-3.nec,ok,ok,0.17555302195250988,0.09353153221309185,1.8769,1
cebik-w4rnl/Basic-Intermediate-Tutorial-Models/Tutorial-1/21-5.nec,ok,ok,0.009289124049246311,0.010710052214562893,,0
cebik-w4rnl/Basic-Intermediate-Tutorial-Models/Tutorial-1/3-1.nec,ok,ok,0.009235326200723648,0.04722218215465546,,0
cebik-w4rnl/Basic-Intermediate-Tutorial-Models/Tutorial-1/3-2.nec,ok,ok,0.0892880680039525,0.09536503627896309,0.9363,1
cebik-w4rnl/Basic-Intermediate-Tutorial-Models/Tutorial-1/3-3.nec,ok,ok,0.07725255191326141,0.10794440004974604,0.7157,1
cebik-w4rnl/Basic-Intermediate-Tutorial-Models/Tutorial-1/3-4.nec,ok,ok,0.08125087711960077,0.06042314041405916,1.3447,1
cebik-w4rnl/Basic-Intermediate-Tutorial-Models/Tutorial-1/3-5.nec,ok,ok,0.0905993152409792,0.09801569953560829,0.9243,1
cebik-w4rnl/Basic-Intermediate-Tutorial-Models/Tutorial-1/4-1.nec,ok,ok,0.2707274192944169,0.23171098344027996,1.1684,1
cebik-w4rnl/Basic-Intermediate-Tutorial-Models/Tutorial-1/4-10.nec,ok,ok,0.02983636874705553,0.016602305695414543,,0
cebik-w4rnl/Basic-Intermediate-Tutorial-Models/Tutorial-1/4-2.nec,ok,ok,0.024958579801023006,0.015588274225592613,,0
cebik-w4rnl/Basic-Intermediate-Tutorial-Models/Tutorial-1/4-3.nec,ok,ok,0.014651241712272167,0.014451171271502972,,0
cebik-w4rnl/Basic-Intermediate-Tutorial-Models/Tutorial-1/4-4.nec,ok,ok,0.030057075433433056,0.020015014335513115,,0
cebik-w4rnl/Basic-Intermediate-Tutorial-Models/Tutorial-1/4-5.nec,ok,ok,0.3161593396216631,0.23161005042493343,1.3651,1
cebik-w4rnl/Basic-Intermediate-Tutorial-Models/Tutorial-1/4-6.nec,ok,ok,0.33156207483261824,0.23765522986650467,1.3951,1
cebik-w4rnl/Basic-Intermediate-Tutorial-Models/Tutorial-1/4-7.nec,ok,ok,0.33632550202310085,0.22479273658245802,1.4962,1
cebik-w4rnl/Basic-Intermediate-Tutorial-Models/Tutorial-1/4-8.nec,ok,ok,0.29472149163484573,0.22568590473383665,1.3059,1
cebik-w4rnl/Basic-Intermediate-Tutorial-Models/Tutorial-1/4-9.nec,ok,ok,0.015975700691342354,0.01564459688961506,,0
cebik-w4rnl/Basic-Intermediate-Tutorial-Models/Tutorial-1/5-1-1.nec,ok,ok,0.2992096384987235,0.2606827626004815,1.1478,1
cebik-w4rnl/Basic-Intermediate-Tutorial-Models/Tutorial-1/5-1-2.nec,ok,ok,0.027459338307380676,0.05261904839426279,,0
cebik-w4rnl/Basic-Intermediate-Tutorial-Models/Tutorial-1/5-2-1.nec,ok,ok,0.009385098703205585,0.008848227560520172,,0
cebik-w4rnl/Basic-Intermediate-Tutorial-Models/Tutorial-1/5-2-2.nec,ok,ok,0.06835449114441872,0.0415057297796011,,0
cebik-w4rnl/Basic-Intermediate-Tutorial-Models/Tutorial-1/5-3-1.nec,ok,ok,0.009784537367522717,0.00924523826688528,,0
cebik-w4rnl/Basic-Intermediate-Tutorial-Models/Tutorial-1/5-3-2.nec,ok,ok,0.013236160390079021,0.011198877356946468,,0
cebik-w4rnl/Basic-Intermediate-Tutorial-Models/Tutorial-1/5-4-1.nec,ok,ok,0.023365100845694542,0.019169379025697708,,0
cebik-w4rnl/Basic-Intermediate-Tutorial-Models/Tutorial-1/5-4-2.nec,ok,ok,0.027748282998800278,0.019240692257881165,,0
cebik-w4rnl/Basic-Intermediate-Tutorial-Models/Tutorial-1/5-5-1.nec,ok,ok,0.010798363015055656,0.01044192723929882,,0
cebik-w4rnl/Basic-Intermediate-Tutorial-Models/Tutorial-1/5-5-2.nec,ok,ok,0.01389400102198124,0.010490893386304379,,0
cebik-w4rnl/Basic-Intermediate-Tutorial-Models/Tutorial-1/6-1.nec,ok,ok,0.3207505261525512,0.23928518313914537,1.3405,1
cebik-w4rnl/Basic-Intermediate-Tutorial-Models/Tutorial-1/6-2.nec,ok,ok,0.12523421924561262,0.1055356478318572,1.1867,1
cebik-w4rnl/Basic-Intermediate-Tutorial-Models/Tutorial-1/6-3.nec,ok,ok,0.1340913400053978,0.10974356159567833,1.2219,1
cebik-w4rnl/Basic-Intermediate-Tutorial-Models/Tutorial-1/6-4.nec,ok,ok,0.0989975230768323,0.11563487816601992,0.8561,1
cebik-w4rnl/Basic-Intermediate-Tutorial-Models/Tutorial-1/6-5.nec,ok,ok,0.02082489524036646,0.0874196495860815,,0
cebik-w4rnl/Basic-Intermediate-Tutorial-Models/Tutorial-1/6-6.nec,ok,ok,0.34504170808941126,0.18112392537295818,1.9050,1
cebik-w4rnl/Basic-Intermediate-Tutorial-Models/Tutorial-1/6-7.nec,ok,ok,0.430721796117723,0.30142963491380215,1.4289,1
cebik-w4rnl/Basic-Intermediate-Tutorial-Models/Tutorial-1/7-1.nec,ok,ok,0.2907151123508811,0.27832954563200474,1.0445,1
cebik-w4rnl/Basic-Intermediate-Tutorial-Models/Tutorial-1/7-2.nec,ok,ok,0.02468122821301222,0.020135954022407532,,0
cebik-w4rnl/Basic-Intermediate-Tutorial-Models/Tutorial-1/7-3.nec,ok,ok,0.015582811087369919,0.01453342754393816,,0
cebik-w4rnl/Basic-Intermediate-Tutorial-Models/Tutorial-1/7-4.nec,ok,ok,0.008796635083854198,0.009017182514071465,,0
cebik-w4rnl/Basic-Intermediate-Tutorial-Models/Tutorial-1/7-5.nec,ok,ok,0.012443271465599537,0.009515679441392422,,0
cebik-w4rnl/Basic-Intermediate-Tutorial-Models/Tutorial-1/7-6.nec,ok,ok,0.01230471022427082,0.010273166932165623,,0
cebik-w4rnl/Basic-Intermediate-Tutorial-Models/Tutorial-1/7-7.nec,ok,ok,0.3670168984681368,0.2876882404088974,1.2757,1
cebik-w4rnl/Basic-Intermediate-Tutorial-Models/Tutorial-1/7-8.nec,ok,ok,0.013166126795113087,0.02106392662972212,,0
cebik-w4rnl/Basic-Intermediate-Tutorial-Models/Tutorial-1/8-1-1.nec,ok,ok,0.010108016431331635,0.020657804794609547,,0
cebik-w4rnl/Basic-Intermediate-Tutorial-Models/Tutorial-1/8-1.nec,ok,ok,0.008793311193585396,0.012468701228499413,,0
cebik-w4rnl/Basic-Intermediate-Tutorial-Models/Tutorial-1/8-2.nec,ok,ok,0.010286945849657059,0.012218814343214035,,0
cebik-w4rnl/Basic-Intermediate-Tutorial-Models/Tutorial-1/8-3.nec,ok,ok,0.010671110823750496,0.016917954199016094,,0
cebik-w4rnl/Basic-Intermediate-Tutorial-Models/Tutorial-1/8-4.nec,ok,ok,0.012585650198161602,0.018597498536109924,,0
cebik-w4rnl/Basic-Intermediate-Tutorial-Models/Tutorial-1/8-5-1.nec,ok,ok,0.013913532719016075,0.021524550393223763,,0
cebik-w4rnl/Basic-Intermediate-Tutorial-Models/Tutorial-1/8-5.nec,ok,ok,0.01909372117370367,0.08673331327736378,,0
cebik-w4rnl/Basic-Intermediate-Tutorial-Models/Tutorial-1/8-6-1.nec,ok,ok,0.3080234806984663,0.21348026115447283,1.4429,1
cebik-w4rnl/Basic-Intermediate-Tutorial-Models/Tutorial-1/8-6.nec,ok,ok,0.3167384695261717,0.2516416497528553,1.2587,1
cebik-w4rnl/Basic-Intermediate-Tutorial-Models/Tutorial-1/8-7-1.nec,no-impedance,no-impedance,0.010148870758712292,0.03126193955540657,,0
cebik-w4rnl/Basic-Intermediate-Tutorial-Models/Tutorial-1/8-7-2.nec,no-impedance,no-impedance,0.012448085471987724,0.014145847409963608,,0
cebik-w4rnl/Basic-Intermediate-Tutorial-Models/Tutorial-1/8-7.nec,ok,ok,0.009461467154324055,0.007808087393641472,,0
cebik-w4rnl/Basic-Intermediate-Tutorial-Models/Tutorial-1/9-1-1.nec,ok,ok,0.016083908267319202,0.04282328672707081,,0
cebik-w4rnl/Basic-Intermediate-Tutorial-Models/Tutorial-1/9-1-2.nec,ok,ok,0.01194774080067873,0.03991408087313175,,0
cebik-w4rnl/Basic-Intermediate-Tutorial-Models/Tutorial-1/9-1-3.nec,ok,ok,0.012058406136929989,0.050028735771775246,,0
cebik-w4rnl/Basic-Intermediate-Tutorial-Models/Tutorial-1/9-2-1.nec,ok,ok,0.01161085907369852,0.057598767802119255,,0
cebik-w4rnl/Basic-Intermediate-Tutorial-Models/Tutorial-1/9-2-2.nec,ok,ok,0.01599747221916914,0.01643836498260498,,0
cebik-w4rnl/Basic-Intermediate-Tutorial-Models/Tutorial-1/9-2-3.nec,ok,ok,0.01202567107975483,0.011882096529006958,,0
cebik-w4rnl/Basic-Intermediate-Tutorial-Models/Tutorial-1/9-3-1.nec,ok,ok,0.01198139414191246,0.08506293408572674,,0
cebik-w4rnl/Basic-Intermediate-Tutorial-Models/Tutorial-1/9-3-2.nec,ok,ok,0.015970651991665363,0.05375157482922077,,0
cebik-w4rnl/Basic-Intermediate-Tutorial-Models/Tutorial-1/9-3-3.nec,ok,ok,0.013289358466863632,0.02556947711855173,,0
cebik-w4rnl/Basic-Intermediate-Tutorial-Models/Tutorial-1/9-4-1.nec,ok,ok,0.017006896436214447,0.07116865459829569,,0
cebik-w4rnl/Basic-Intermediate-Tutorial-Models/Tutorial-1/9-4.nec,ok,ok,0.011093643493950367,0.023772126995027065,,0
cebik-w4rnl/Basic-Intermediate-Tutorial-Models/Tutorial-1/9-5-1.nec,ok,ok,0.01756434328854084,0.046095628291368484,,0
cebik-w4rnl/Basic-Intermediate-Tutorial-Models/Tutorial-1/9-5-2.nec,ok,ok,0.048509493470191956,0.03299618698656559,,0
cebik-w4rnl/Basic-Intermediate-Tutorial-Models/Tutorial-1/9-5-3.nec,ok,ok,0.0480758985504508,0.03254221472889185,,0
cebik-w4rnl/Basic-Intermediate-Tutorial-Models/Tutorial-1/9-5.nec,ok,ok,0.04532627295702696,0.08002009708434343,,0
cebik-w4rnl/Basic-Intermediate-Tutorial-Models/Tutorial-1/9-6-1.nec,ok,ok,0.009653224609792233,0.03197851497679949,,0
cebik-w4rnl/Basic-Intermediate-Tutorial-Models/Tutorial-1/9-6-2.nec,ok,ok,0.008925611153244972,0.015083973295986652,,0
cebik-w4rnl/Basic-Intermediate-Tutorial-Models/Tutorial-1/9-6-3.nec,ok,ok,0.008293651044368744,0.011379883624613285,,0
cebik-w4rnl/Basic-Intermediate-Tutorial-Models/Tutorial-1/9-6-4.nec,ok,ok,0.008368443697690964,0.010438037104904652,,0
cebik-w4rnl/Basic-Intermediate-Tutorial-Models/Tutorial-1/9-6-5.nec,ok,ok,0.015127611346542835,0.009815173223614693,,0
cebik-w4rnl/Basic-Intermediate-Tutorial-Models/Tutorial-1/9-6.nec,ok,ok,0.013191133737564087,0.008106806315481663,,0
cebik-w4rnl/Basic-Intermediate-Tutorial-Models/Tutorial-2/ch-0/0-1.nec,ok,ok,0.4420899339020252,0.25951758306473494,1.7035,1
cebik-w4rnl/Basic-Intermediate-Tutorial-Models/Tutorial-2/ch-1/1-1.nec,ok,ok,0.03765571303665638,0.07469460647553205,,0
cebik-w4rnl/Basic-Intermediate-Tutorial-Models/Tutorial-2/ch-1/1-1a.nec,ok,ok,0.045548006892204285,0.021803302690386772,,0
cebik-w4rnl/Basic-Intermediate-Tutorial-Models/Tutorial-2/ch-1/1-1b.nec,ok,ok,0.0366416247561574,0.04707686882466078,,0
cebik-w4rnl/Basic-Intermediate-Tutorial-Models/Tutorial-2/ch-1/1-1c.nec,ok,ok,0.045571306720376015,0.08102384675294161,,0
cebik-w4rnl/Basic-Intermediate-Tutorial-Models/Tutorial-2/ch-1/1-2.nec,ok,ok,0.008821027353405952,0.011611983180046082,,0
cebik-w4rnl/Basic-Intermediate-Tutorial-Models/Tutorial-2/ch-1/1-2a.nec,ok,ok,0.008706308901309967,0.02294312324374914,,0
cebik-w4rnl/Basic-Intermediate-Tutorial-Models/Tutorial-2/ch-1/1-3.nec,ok,ok,0.40330352447927,0.3284386470913887,1.2279,1
cebik-w4rnl/Basic-Intermediate-Tutorial-Models/Tutorial-2/ch-1/1-4.nec,ok,ok,0.016688579693436623,0.027744343504309654,,0
cebik-w4rnl/Basic-Intermediate-Tutorial-Models/Tutorial-2/ch-1/1-4a.nec,ok,ok,0.011451848782598972,0.020523604936897755,,0
cebik-w4rnl/Basic-Intermediate-Tutorial-Models/Tutorial-2/ch-1/1-4b.nec,ok,ok,0.5133466189727187,0.19908756203949451,2.5785,1
cebik-w4rnl/Basic-Intermediate-Tutorial-Models/Tutorial-2/ch-1/1-5.nec,ok,ok,0.010525676421821117,0.010819291695952415,,0
cebik-w4rnl/Basic-Intermediate-Tutorial-Models/Tutorial-2/ch-1/1-6.nec,ok,ok,0.017251278273761272,0.01126008853316307,,0
cebik-w4rnl/Basic-Intermediate-Tutorial-Models/Tutorial-2/ch-1/1-6a.nec,ok,ok,0.012683366425335407,0.010467282496392727,,0
cebik-w4rnl/Basic-Intermediate-Tutorial-Models/Tutorial-2/ch-10/10-1.nec,ok,ok,0.006718848831951618,0.0056424252688884735,,0
cebik-w4rnl/Basic-Intermediate-Tutorial-Models/Tutorial-2/ch-10/10-10.nec,ok,ok,0.008849755860865116,0.0041626011952757835,,0
cebik-w4rnl/Basic-Intermediate-Tutorial-Models/Tutorial-2/ch-10/10-10a.nec,ok,ok,0.005135484971106052,0.004319107159972191,,0
cebik-w4rnl/Basic-Intermediate-Tutorial-Models/Tutorial-2/ch-10/10-10b.nec,ok,ok,0.00505994725972414,0.004209625534713268,,0
cebik-w4rnl/Basic-Intermediate-Tutorial-Models/Tutorial-2/ch-10/10-10c.nec,ok,ok,0.004673279821872711,0.004078885540366173,,0
cebik-w4rnl/Basic-Intermediate-Tutorial-Models/Tutorial-2/ch-10/10-11.nec,ok,ok,0.0057667577639222145,0.004302759654819965,,0
cebik-w4rnl/Basic-Intermediate-Tutorial-Models/Tutorial-2/ch-10/10-11a.nec,ok,ok,0.009026546962559223,0.0066329361870884895,,0
cebik-w4rnl/Basic-Intermediate-Tutorial-Models/Tutorial-2/ch-10/10-11b.nec,ok,ok,0.006528870202600956,0.006663214415311813,,0
cebik-w4rnl/Basic-Intermediate-Tutorial-Models/Tutorial-2/ch-10/10-1a.nec,ok,ok,0.008059343323111534,0.006906157359480858,,0
cebik-w4rnl/Basic-Intermediate-Tutorial-Models/Tutorial-2/ch-10/10-2.nec,ok,ok,0.006339274346828461,0.005864362232387066,,0
cebik-w4rnl/Basic-Intermediate-Tutorial-Models/Tutorial-2/ch-10/10-2a.nec,ok,ok,0.00833586510270834,0.023067109286785126,,0
cebik-w4rnl/Basic-Intermediate-Tutorial-Models/Tutorial-2/ch-10/10-2b.nec,ok,ok,0.007983263581991196,0.006379415281116962,,0
cebik-w4rnl/Basic-Intermediate-Tutorial-Models/Tutorial-2/ch-10/10-3.nec,ok,ok,0.015735606662929058,0.019887978211045265,,0
cebik-w4rnl/Basic-Intermediate-Tutorial-Models/Tutorial-2/ch-10/10-3a.nec,ok,ok,0.011551953852176666,0.01118936762213707,,0
cebik-w4rnl/Basic-Intermediate-Tutorial-Models/Tutorial-2/ch-10/10-3b.nec,ok,ok,0.019733142107725143,0.02678530476987362,,0
cebik-w4rnl/Basic-Intermediate-Tutorial-Models/Tutorial-2/ch-10/10-4.nec,ok,ok,0.01556398719549179,0.022845037281513214,,0
cebik-w4rnl/Basic-Intermediate-Tutorial-Models/Tutorial-2/ch-10/10-4a.nec,ok,ok,0.027696432545781136,0.11341273877769709,,0
cebik-w4rnl/Basic-Intermediate-Tutorial-Models/Tutorial-2/ch-10/10-4b.nec,ok,ok,0.011112364940345287,0.07821133732795715,,0
cebik-w4rnl/Basic-Intermediate-Tutorial-Models/Tutorial-2/ch-10/10-5.nec,ok,ok,0.3408703776076436,0.20280116982758045,1.6808,1
cebik-w4rnl/Basic-Intermediate-Tutorial-Models/Tutorial-2/ch-10/10-5a.nec,ok,ok,0.3483870616182685,0.18456996325403452,1.8876,1
cebik-w4rnl/Basic-Intermediate-Tutorial-Models/Tutorial-2/ch-10/10-6.nec,ok,ok,0.15518883522599936,0.14331266190856695,1.0829,1
cebik-w4rnl/Basic-Intermediate-Tutorial-Models/Tutorial-2/ch-10/10-6a.nec,ok,ok,0.06656604446470737,0.1151720779016614,0.5780,1
cebik-w4rnl/Basic-Intermediate-Tutorial-Models/Tutorial-2/ch-10/10-6b.nec,ok,ok,0.06660116277635098,0.06418422143906355,1.0377,1
cebik-w4rnl/Basic-Intermediate-Tutorial-Models/Tutorial-2/ch-10/10-7.nec,ok,ok,0.009384160861372948,0.007649581879377365,,0
cebik-w4rnl/Basic-Intermediate-Tutorial-Models/Tutorial-2/ch-10/10-8.nec,ok,ok,0.006268283352255821,0.0038162022829055786,,0
cebik-w4rnl/Basic-Intermediate-Tutorial-Models/Tutorial-2/ch-10/10-8a.nec,ok,ok,0.0051755961030721664,0.0037150103598833084,,0
cebik-w4rnl/Basic-Intermediate-Tutorial-Models/Tutorial-2/ch-10/10-8b.nec,ok,ok,0.005944616161286831,0.004343598149716854,,0
cebik-w4rnl/Basic-Intermediate-Tutorial-Models/Tutorial-2/ch-10/10-8c.nec,ok,ok,0.0044954391196370125,0.006222378462553024,,0
cebik-w4rnl/Basic-Intermediate-Tutorial-Models/Tutorial-2/ch-10/10-8d.nec,ok,ok,0.008563008159399033,0.018810665234923363,,0
cebik-w4rnl/Basic-Intermediate-Tutorial-Models/Tutorial-2/ch-10/10-9.nec,no-impedance,no-impedance,0.026188050396740437,0.09134279191493988,,0
cebik-w4rnl/Basic-Intermediate-Tutorial-Models/Tutorial-2/ch-10/10-9a.nec,ok,ok,0.02367356140166521,0.0771739361807704,,0
cebik-w4rnl/Basic-Intermediate-Tutorial-Models/Tutorial-2/ch-11/11-10-nec4.nec,ok,ok,0.10817192308604717,0.10540999379009008,1.0262,1
cebik-w4rnl/Basic-Intermediate-Tutorial-Models/Tutorial-2/ch-11/11-10a-nec4.nec,ok,ok,0.11338010802865028,0.10904538817703724,1.0398,1
cebik-w4rnl/Basic-Intermediate-Tutorial-Models/Tutorial-2/ch-11/11-10b-nec4.nec,ok,ok,0.1128790220245719,0.10571315512061119,1.0678,1
cebik-w4rnl/Basic-Intermediate-Tutorial-Models/Tutorial-2/ch-11/11-11.nec,ok,ok,0.3098728796467185,0.2305530682206154,1.3440,1
cebik-w4rnl/Basic-Intermediate-Tutorial-Models/Tutorial-2/ch-11/11-11a.nec,ok,ok,3.5995214451104403,1.2512802416458726,2.8767,1
cebik-w4rnl/Basic-Intermediate-Tutorial-Models/Tutorial-2/ch-11/11-1_1.nec,ok,ok,0.011981984600424767,0.010129055008292198,,0
cebik-w4rnl/Basic-Intermediate-Tutorial-Models/Tutorial-2/ch-11/11-1_2.nec,ok,ok,0.012020034715533257,0.010477564297616482,,0
cebik-w4rnl/Basic-Intermediate-Tutorial-Models/Tutorial-2/ch-11/11-1a_1.nec,ok,ok,0.06375325936824083,0.05897905491292477,1.0809,1
cebik-w4rnl/Basic-Intermediate-Tutorial-Models/Tutorial-2/ch-11/11-1a_2.nec,ok,ok,0.07544491533190012,0.057371191680431366,1.3150,1
cebik-w4rnl/Basic-Intermediate-Tutorial-Models/Tutorial-2/ch-11/11-1b.nec,ok,ok,0.07101444434374571,0.0958755761384964,0.7407,1
cebik-w4rnl/Basic-Intermediate-Tutorial-Models/Tutorial-2/ch-11/11-2.nec,ok,ok,0.008390514180064201,0.014458911493420601,,0
cebik-w4rnl/Basic-Intermediate-Tutorial-Models/Tutorial-2/ch-11/11-2a.nec,ok,ok,0.09393772203475237,0.10744535177946091,0.8743,1
cebik-w4rnl/Basic-Intermediate-Tutorial-Models/Tutorial-2/ch-11/11-2b.nec,ok,ok,0.10795958712697029,0.10848930850625038,0.9951,1
cebik-w4rnl/Basic-Intermediate-Tutorial-Models/Tutorial-2/ch-11/11-3.nec,ok,ok,0.29439658019691706,0.22292388789355755,1.3206,1
cebik-w4rnl/Basic-Intermediate-Tutorial-Models/Tutorial-2/ch-11/11-3a.nec,ok,ok,0.29652858804911375,0.22368431091308594,1.3257,1
cebik-w4rnl/Basic-Intermediate-Tutorial-Models/Tutorial-2/ch-11/11-4.nec,ok,ok,0.3300802558660507,0.25439715664833784,1.2975,1
cebik-w4rnl/Basic-Intermediate-Tutorial-Models/Tutorial-2/ch-11/11-4a-nec4.nec,ok,ok,1.1024923417717218,0.48645743262022734,2.2664,1
cebik-w4rnl/Basic-Intermediate-Tutorial-Models/Tutorial-2/ch-11/11-5.nec,ok,ok,0.25416209269315004,0.19602857995778322,1.2966,1
cebik-w4rnl/Basic-Intermediate-Tutorial-Models/Tutorial-2/ch-11/11-6.nec,ok,ok,0.09602793026715517,0.09985579177737236,0.9617,1
cebik-w4rnl/Basic-Intermediate-Tutorial-Models/Tutorial-2/ch-11/11-7.nec,ok,ok,0.10735034104436636,0.1074769301339984,0.9988,1
cebik-w4rnl/Basic-Intermediate-Tutorial-Models/Tutorial-2/ch-11/11-7a.nec,ok,ok,0.09613773226737976,0.09867964778095484,0.9742,1
cebik-w4rnl/Basic-Intermediate-Tutorial-Models/Tutorial-2/ch-11/11-7b-nec2.nec,ok,ok,0.10734746139496565,0.10539132822304964,1.0186,1
cebik-w4rnl/Basic-Intermediate-Tutorial-Models/Tutorial-2/ch-11/11-7c-nec2.nec,ok,ok,0.10697714053094387,0.10538237914443016,1.0151,1
cebik-w4rnl/Basic-Intermediate-Tutorial-Models/Tutorial-2/ch-11/11-7d-nec2.nec,ok,ok,0.10668776091188192,0.10534718353301287,1.0127,1
cebik-w4rnl/Basic-Intermediate-Tutorial-Models/Tutorial-2/ch-11/11-7e-nec2.nec,ok,ok,0.10913237649947405,0.10745180305093527,1.0156,1
cebik-w4rnl/Basic-Intermediate-Tutorial-Models/Tutorial-2/ch-11/11-7f-nec2.nec,ok,ok,0.11376896593719721,0.09442325215786695,1.2049,1
cebik-w4rnl/Basic-Intermediate-Tutorial-Models/Tutorial-2/ch-11/11-7g-nec2.nec,ok,ok,0.1100057065486908,0.10844651609659195,1.0144,1
cebik-w4rnl/Basic-Intermediate-Tutorial-Models/Tutorial-2/ch-11/11-8b-nec2.nec,ok,ok,0.10555072966963053,0.10666807554662228,0.9895,1
cebik-w4rnl/Basic-Intermediate-Tutorial-Models/Tutorial-2/ch-11/11-8c-nec2.nec,ok,ok,0.108574278652668,0.10540002211928368,1.0301,1
cebik-w4rnl/Basic-Intermediate-Tutorial-Models/Tutorial-2/ch-11/11-8d-nec2.nec,ok,ok,0.1068282499909401,0.10638213157653809,1.0042,1
cebik-w4rnl/Basic-Intermediate-Tutorial-Models/Tutorial-2/ch-11/11-8e-nec2.nec,ok,ok,0.11265931650996208,0.10739250294864178,1.0490,1
cebik-w4rnl/Basic-Intermediate-Tutorial-Models/Tutorial-2/ch-11/11-8e-nec4.nec,ok,ok,0.11408546008169651,0.10844072699546814,1.0521,1
cebik-w4rnl/Basic-Intermediate-Tutorial-Models/Tutorial-2/ch-11/11-8f-nec2.nec,ok,ok,0.11177672725170851,0.10668337438255548,1.0477,1
cebik-w4rnl/Basic-Intermediate-Tutorial-Models/Tutorial-2/ch-11/11-8f-nec4.nec,ok,ok,0.10697260964661837,0.10908135492354631,0.9807,1
cebik-w4rnl/Basic-Intermediate-Tutorial-Models/Tutorial-2/ch-11/11-8g-nec2.nec,ok,ok,0.1089574871584773,0.10685994289815426,1.0196,1
cebik-w4rnl/Basic-Intermediate-Tutorial-Models/Tutorial-2/ch-11/11-8g-nec4.nec,ok,ok,0.12092816270887852,0.15207347460091114,0.7952,1
cebik-w4rnl/Basic-Intermediate-Tutorial-Models/Tutorial-2/ch-11/11-9-nec2.nec,ok,ok,0.11100094858556986,0.10631486587226391,1.0441,1
cebik-w4rnl/Basic-Intermediate-Tutorial-Models/Tutorial-2/ch-11/11-9a-nec2.nec,ok,ok,0.1095890337601304,0.10638854280114174,1.0301,1
cebik-w4rnl/Basic-Intermediate-Tutorial-Models/Tutorial-2/ch-11/11-9b-nec2.nec,ok,ok,0.11041558627039194,0.10239837598055601,1.0783,1
cebik-w4rnl/Basic-Intermediate-Tutorial-Models/Tutorial-2/ch-12/12-1.nec,ok,ok,0.008696985431015491,0.014691797085106373,,0
cebik-w4rnl/Basic-Intermediate-Tutorial-Models/Tutorial-2/ch-12/12-10-nec4.nec,ok,ok,1.3606105484068394,0.48359524458646774,2.8135,1
cebik-w4rnl/Basic-Intermediate-Tutorial-Models/Tutorial-2/ch-12/12-10a-nec4.nec,ok,ok,1.0826820945367217,0.38961115665733814,2.7789,1
cebik-w4rnl/Basic-Intermediate-Tutorial-Models/Tutorial-2/ch-12/12-11-nec4.nec,ok,ok,3.255329580977559,0.9377779308706522,3.4713,1
cebik-w4rnl/Basic-Intermediate-Tutorial-Models/Tutorial-2/ch-12/12-11a-nec4.nec,ok,ok,3.2760159261524677,0.9351638946682215,3.5031,1
cebik-w4rnl/Basic-Intermediate-Tutorial-Models/Tutorial-2/ch-12/12-1a.nec,ok,ok,0.009190293028950691,0.018476096913218498,,0
cebik-w4rnl/Basic-Intermediate-Tutorial-Models/Tutorial-2/ch-12/12-1b.nec,no-impedance,no-impedance,0.009259880520403385,0.04476266074925661,,0
cebik-w4rnl/Basic-Intermediate-Tutorial-Models/Tutorial-2/ch-12/12-2.nec,ok,ok,0.012355424463748932,0.01643810886889696,,0
cebik-w4rnl/Basic-Intermediate-Tutorial-Models/Tutorial-2/ch-12/12-2a.nec,ok,ok,0.012608135119080544,0.013758234679698944,,0
cebik-w4rnl/Basic-Intermediate-Tutorial-Models/Tutorial-2/ch-12/12-3.nec,ok,ok,0.011303303763270378,0.07599297631531954,,0
cebik-w4rnl/Basic-Intermediate-Tutorial-Models/Tutorial-2/ch-12/12-3a.nec,ok,ok,0.012730991467833519,0.07316902093589306,,0
cebik-w4rnl/Basic-Intermediate-Tutorial-Models/Tutorial-2/ch-12/12-4.nec,ok,ok,0.01027069054543972,0.026720724999904633,,0
cebik-w4rnl/Basic-Intermediate-Tutorial-Models/Tutorial-2/ch-12/12-4a.nec,ok,ok,0.010505588725209236,0.03357787523418665,,0
cebik-w4rnl/Basic-Intermediate-Tutorial-Models/Tutorial-2/ch-12/12-4b.nec,ok,ok,0.05473482050001621,0.07035085745155811,0.7780,1
cebik-w4rnl/Basic-Intermediate-Tutorial-Models/Tutorial-2/ch-12/12-5.nec,ok,ok,0.01048037875443697,0.015772925689816475,,0
cebik-w4rnl/Basic-Intermediate-Tutorial-Models/Tutorial-2/ch-12/12-5a.nec,ok,ok,0.01059295516461134,0.018001445569097996,,0
cebik-w4rnl/Basic-Intermediate-Tutorial-Models/Tutorial-2/ch-12/12-5b.nec,ok,ok,0.055578612722456455,0.06799729727208614,0.8174,1
cebik-w4rnl/Basic-Intermediate-Tutorial-Models/Tutorial-2/ch-12/12-6.nec,ok,ok,2.0377173451706767,1.3009981168434024,1.5663,1
cebik-w4rnl/Basic-Intermediate-Tutorial-Models/Tutorial-2/ch-12/12-7.nec,ok,ok,0.039123088121414185,0.12093228008598089,,0
cebik-w4rnl/Basic-Intermediate-Tutorial-Models/Tutorial-2/ch-12/12-7a.nec,ok,ok,0.01565816067159176,0.08536023367196321,,0
cebik-w4rnl/Basic-Intermediate-Tutorial-Models/Tutorial-2/ch-12/12-8.nec,ok,ok,0.018807723186910152,0.11913730576634407,,0
cebik-w4rnl/Basic-Intermediate-Tutorial-Models/Tutorial-2/ch-12/12-8a.nec,ok,ok,0.018703797832131386,0.06345713417977095,,0
cebik-w4rnl/Basic-Intermediate-Tutorial-Models/Tutorial-2/ch-12/12-8b.nec,ok,ok,0.09182112943381071,0.0824454678222537,1.1137,1
cebik-w4rnl/Basic-Intermediate-Tutorial-Models/Tutorial-2/ch-12/12-9.nec,ok,ok,0.026102888397872448,0.04437600076198578,,0
cebik-w4rnl/Basic-Intermediate-Tutorial-Models/Tutorial-2/ch-12/12-9a.nec,ok,ok,0.006945452652871609,0.008995315060019493,,0
cebik-w4rnl/Basic-Intermediate-Tutorial-Models/Tutorial-2/ch-12/12-9b.nec,ok,ok,0.04331710562109947,0.10084116738289595,,0
cebik-w4rnl/Basic-Intermediate-Tutorial-Models/Tutorial-2/ch-12/12-9c.nec,ok,ok,0.045132516883313656,0.15875982213765383,,0
cebik-w4rnl/Basic-Intermediate-Tutorial-Models/Tutorial-2/ch-13/13-1.nec,ok,ok,0.008801876567304134,0.029566672630608082,,0
cebik-w4rnl/Basic-Intermediate-Tutorial-Models/Tutorial-2/ch-13/13-1a.nec,ok,ok,0.008925070986151695,0.021405636332929134,,0
cebik-w4rnl/Basic-Intermediate-Tutorial-Models/Tutorial-2/ch-13/13-1b.nec,ok,ok,0.007773078046739101,0.012814409099519253,,0
cebik-w4rnl/Basic-Intermediate-Tutorial-Models/Tutorial-2/ch-13/13-1c-nec4.nec,ok,ok,0.008953290060162544,0.02474248595535755,,0
cebik-w4rnl/Basic-Intermediate-Tutorial-Models/Tutorial-2/ch-13/13-1d.nec,ok,ok,0.008641201071441174,0.013390786945819855,,0
cebik-w4rnl/Basic-Intermediate-Tutorial-Models/Tutorial-2/ch-13/13-2.nec,ok,ok,0.007988311350345612,0.010245882906019688,,0
cebik-w4rnl/Basic-Intermediate-Tutorial-Models/Tutorial-2/ch-13/13-2a.nec,ok,ok,0.007932933047413826,0.013227435760200024,,0
cebik-w4rnl/Basic-Intermediate-Tutorial-Models/Tutorial-2/ch-13/13-2b.nec,ok,ok,0.008156879805028439,0.01398590300232172,,0
cebik-w4rnl/Basic-Intermediate-Tutorial-Models/Tutorial-2/ch-13/13-2c.nec,ok,ok,0.008124356158077717,0.010809404775500298,,0
cebik-w4rnl/Basic-Intermediate-Tutorial-Models/Tutorial-2/ch-13/13-2d.nec,ok,ok,0.008385544642806053,0.020396566949784756,,0
cebik-w4rnl/Basic-Intermediate-Tutorial-Models/Tutorial-2/ch-13/13-2e.nec,ok,ok,0.008177129551768303,0.019757711328566074,,0
cebik-w4rnl/Basic-Intermediate-Tutorial-Models/Tutorial-2/ch-13/13-3.nec,ok,ok,0.018835535272955894,0.04450141545385122,,0
cebik-w4rnl/Basic-Intermediate-Tutorial-Models/Tutorial-2/ch-13/13-3a.nec,ok,ok,0.02290770597755909,0.06390136480331421,,0
cebik-w4rnl/Basic-Intermediate-Tutorial-Models/Tutorial-2/ch-13/13-4.nec,ok,ok,0.00809316523373127,0.01826212741434574,,0
cebik-w4rnl/Basic-Intermediate-Tutorial-Models/Tutorial-2/ch-13/13-4a.nec,ok,ok,0.008204936981201172,0.02244318090379238,,0
cebik-w4rnl/Basic-Intermediate-Tutorial-Models/Tutorial-2/ch-13/13-4b.nec,ok,ok,0.008084218017756939,0.01729123666882515,,0
cebik-w4rnl/Basic-Intermediate-Tutorial-Models/Tutorial-2/ch-13/13-4c.nec,ok,ok,0.008131311275064945,0.013428914360702038,,0
cebik-w4rnl/Basic-Intermediate-Tutorial-Models/Tutorial-2/ch-13/13-4d.nec,ok,ok,0.008120875805616379,0.031466818414628506,,0
cebik-w4rnl/Basic-Intermediate-Tutorial-Models/Tutorial-2/ch-13/13-5.nec,ok,ok,0.008131546899676323,0.01870290283113718,,0
cebik-w4rnl/Basic-Intermediate-Tutorial-Models/Tutorial-2/ch-13/13-5a.nec,ok,ok,0.009053020738065243,0.014962058514356613,,0
cebik-w4rnl/Basic-Intermediate-Tutorial-Models/Tutorial-2/ch-13/13-6.nec,ok,ok,0.011172616854310036,0.007577071897685528,,0
cebik-w4rnl/Basic-Intermediate-Tutorial-Models/Tutorial-2/ch-13/13-6a.nec,ok,ok,0.014069102704524994,0.016186106950044632,,0
cebik-w4rnl/Basic-Intermediate-Tutorial-Models/Tutorial-2/ch-13/13-6b.nec,ok,ok,0.010206934064626694,0.006949947215616703,,0
cebik-w4rnl/Basic-Intermediate-Tutorial-Models/Tutorial-2/ch-13/13-7.nec,ok,ok,0.012471468187868595,0.055572657845914364,,0
cebik-w4rnl/Basic-Intermediate-Tutorial-Models/Tutorial-2/ch-13/13-7a.nec,ok,ok,0.016253824345767498,0.06650772877037525,,0
cebik-w4rnl/Basic-Intermediate-Tutorial-Models/Tutorial-2/ch-13/13-7b.nec,ok,ok,0.029490802437067032,0.018593919463455677,,0
cebik-w4rnl/Basic-Intermediate-Tutorial-Models/Tutorial-2/ch-13/13-7c.nec,ok,ok,0.024526799097657204,0.0377168757840991,,0
cebik-w4rnl/Basic-Intermediate-Tutorial-Models/Tutorial-2/ch-13/13-8.nec,ok,ok,0.016072076745331287,0.008557239547371864,,0
cebik-w4rnl/Basic-Intermediate-Tutorial-Models/Tutorial-2/ch-13/13-8a.nec,ok,ok,0.012252132408320904,0.05314367078244686,,0
cebik-w4rnl/Basic-Intermediate-Tutorial-Models/Tutorial-2/ch-13/13-8b.nec,ok,ok,0.039824157021939754,0.13875232357531786,,0
cebik-w4rnl/Basic-Intermediate-Tutorial-Models/Tutorial-2/ch-13/13-8c.nec,ok,ok,0.03986063040792942,0.09942909888923168,,0
cebik-w4rnl/Basic-Intermediate-Tutorial-Models/Tutorial-2/ch-13/13-9.nec,ok,ok,0.029859567992389202,0.07820417638868093,,0
cebik-w4rnl/Basic-Intermediate-Tutorial-Models/Tutorial-2/ch-13/13-9a.nec,ok,ok,0.09457218926399946,0.10772882215678692,0.8779,1
cebik-w4rnl/Basic-Intermediate-Tutorial-Models/Tutorial-2/ch-14/14-1.nec,ok,ok,0.02208641916513443,0.041946396231651306,,0
cebik-w4rnl/Basic-Intermediate-Tutorial-Models/Tutorial-2/ch-14/14-1a.nec,ok,ok,0.022154451347887516,0.01770638395100832,,0
cebik-w4rnl/Basic-Intermediate-Tutorial-Models/Tutorial-2/ch-14/14-3.nec,ok,ok,0.04327825549989939,0.06350062321871519,,0
cebik-w4rnl/Basic-Intermediate-Tutorial-Models/Tutorial-2/ch-14/14-3a.nec,ok,ok,0.044128390960395336,0.057266383431851864,,0
cebik-w4rnl/Basic-Intermediate-Tutorial-Models/Tutorial-2/ch-14/14-3b.nec,ok,ok,0.04467580188065767,0.031104907393455505,,0
cebik-w4rnl/Basic-Intermediate-Tutorial-Models/Tutorial-2/ch-14/14-3c.nec,ok,ok,0.0445525711402297,0.11868748720735312,,0
cebik-w4rnl/Basic-Intermediate-Tutorial-Models/Tutorial-2/ch-14/14-3d.nec,ok,ok,0.0440672691911459,0.071571278385818,,0
cebik-w4rnl/Basic-Intermediate-Tutorial-Models/Tutorial-2/ch-14/14-4.nec,ok,ok,0.0048563554883003235,0.004366742447018623,,0
cebik-w4rnl/Basic-Intermediate-Tutorial-Models/Tutorial-2/ch-14/14-4a.nec,ok,ok,0.006238686852157116,0.006254109553992748,,0
cebik-w4rnl/Basic-Intermediate-Tutorial-Models/Tutorial-2/ch-14/14-4b.nec,ok,ok,0.005145622417330742,0.004347487352788448,,0
cebik-w4rnl/Basic-Intermediate-Tutorial-Models/Tutorial-2/ch-14/14-4c.nec,ok,ok,0.0080258222296834,0.004309479147195816,,0
cebik-w4rnl/Basic-Intermediate-Tutorial-Models/Tutorial-2/ch-14/14-5.nec,ok,ok,0.027133536525070667,0.05143267102539539,,0
cebik-w4rnl/Basic-Intermediate-Tutorial-Models/Tutorial-2/ch-14/14-5a.nec,ok,ok,0.031844424083828926,0.05144542641937733,,0
cebik-w4rnl/Basic-Intermediate-Tutorial-Models/Tutorial-2/ch-14/14-6.nec,ok,ok,0.018973209895193577,0.10747495759278536,,0
cebik-w4rnl/Basic-Intermediate-Tutorial-Models/Tutorial-2/ch-14/14-6a.nec,ok,ok,0.018610368482768536,0.08858088497072458,,0
cebik-w4rnl/Basic-Intermediate-Tutorial-Models/Tutorial-2/ch-14/14-6b.nec,ok,ok,0.01895771361887455,0.02751323487609625,,0
cebik-w4rnl/Basic-Intermediate-Tutorial-Models/Tutorial-2/ch-14/14-6c.nec,ok,ok,0.020893733017146587,0.05431721452623606,,0
cebik-w4rnl/Basic-Intermediate-Tutorial-Models/Tutorial-2/ch-14/14-6d.nec,ok,ok,0.019895819015800953,0.08579129446297884,,0
cebik-w4rnl/Basic-Intermediate-Tutorial-Models/Tutorial-2/ch-15/15-1.nec,ok,ok,0.00969842728227377,0.0338991517201066,,0
cebik-w4rnl/Basic-Intermediate-Tutorial-Models/Tutorial-2/ch-15/15-1a.nec,ok,ok,0.00884000863879919,0.013026201166212559,,0
cebik-w4rnl/Basic-Intermediate-Tutorial-Models/Tutorial-2/ch-15/15-1b.nec,ok,ok,0.009883196093142033,0.011735114268958569,,0
cebik-w4rnl/Basic-Intermediate-Tutorial-Models/Tutorial-2/ch-15/15-1c.nec,ok,ok,0.009309086948633194,0.023174314759671688,,0
cebik-w4rnl/Basic-Intermediate-Tutorial-Models/Tutorial-2/ch-15/15-1c1.nec,ok,ok,0.08656669035553932,0.12531691510230303,0.6908,1
cebik-w4rnl/Basic-Intermediate-Tutorial-Models/Tutorial-2/ch-15/15-1d.nec,ok,ok,0.009666074998676777,0.030375920236110687,,0
cebik-w4rnl/Basic-Intermediate-Tutorial-Models/Tutorial-2/ch-15/15-1d1.nec,ok,ok,0.12967899069190025,0.11606728751212358,1.1173,1
cebik-w4rnl/Basic-Intermediate-Tutorial-Models/Tutorial-2/ch-15/15-2.nec,ok,ok,0.009624926373362541,0.013381656259298325,,0
cebik-w4rnl/Basic-Intermediate-Tutorial-Models/Tutorial-2/ch-15/15-2a.nec,ok,ok,0.012155227363109589,0.007249636575579643,,0
cebik-w4rnl/Basic-Intermediate-Tutorial-Models/Tutorial-2/ch-15/15-2b.nec,ok,ok,0.010294708423316479,0.00932052731513977,,0
cebik-w4rnl/Basic-Intermediate-Tutorial-Models/Tutorial-2/ch-15/15-3.nec,ok,ok,0.08604345191270113,0.06722417380660772,1.2799,1
cebik-w4rnl/Basic-Intermediate-Tutorial-Models/Tutorial-2/ch-15/15-3a.nec,ok,ok,0.08541502337902784,0.07261956762522459,1.1762,1
cebik-w4rnl/Basic-Intermediate-Tutorial-Models/Tutorial-2/ch-15/15-4-1.nec,ok,ok,0.012665478512644768,0.008471323177218437,,0
cebik-w4rnl/Basic-Intermediate-Tutorial-Models/Tutorial-2/ch-15/15-4.nec,ok,ok,0.012239458039402962,0.030143224634230137,,0
cebik-w4rnl/Basic-Intermediate-Tutorial-Models/Tutorial-2/ch-15/15-4a.nec,ok,ok,0.008718693628907204,0.02324179094284773,,0
cebik-w4rnl/Basic-Intermediate-Tutorial-Models/Tutorial-2/ch-15/15-4a1.nec,ok,ok,0.011187157593667507,0.02326884027570486,,0
cebik-w4rnl/Basic-Intermediate-Tutorial-Models/Tutorial-2/ch-15/15-4b.nec,ok,ok,0.007990630343556404,0.025421415455639362,,0
cebik-w4rnl/Basic-Intermediate-Tutorial-Models/Tutorial-2/ch-15/15-4b1.nec,ok,ok,0.008042951114475727,0.03153400123119354,,0
cebik-w4rnl/Basic-Intermediate-Tutorial-Models/Tutorial-2/ch-15/15-4c.nec,ok,ok,0.007879350334405899,0.028161377646028996,,0
cebik-w4rnl/Basic-Intermediate-Tutorial-Models/Tutorial-2/ch-15/15-4c1.nec,ok,ok,0.007868804037570953,0.04049828089773655,,0
cebik-w4rnl/Basic-Intermediate-Tutorial-Models/Tutorial-2/ch-15/15-5-1.nec,ok,ok,0.007979651913046837,0.040249492041766644,,0
cebik-w4rnl/Basic-Intermediate-Tutorial-Models/Tutorial-2/ch-15/15-5.nec,ok,ok,0.011096450500190258,0.03244379814714193,,0
cebik-w4rnl/Basic-Intermediate-Tutorial-Models/Tutorial-2/ch-15/15-5a-1.nec,ok,ok,0.008022356778383255,0.03483256883919239,,0
cebik-w4rnl/Basic-Intermediate-Tutorial-Models/Tutorial-2/ch-15/15-5a.nec,ok,ok,0.010888878256082535,0.04127960093319416,,0
cebik-w4rnl/Basic-Intermediate-Tutorial-Models/Tutorial-2/ch-15/15-5b-1.nec,ok,ok,0.007798292674124241,0.041052172891795635,,0
cebik-w4rnl/Basic-Intermediate-Tutorial-Models/Tutorial-2/ch-15/15-5b.nec,ok,ok,0.010753805749118328,0.03547490108758211,,0
cebik-w4rnl/Basic-Intermediate-Tutorial-Models/Tutorial-2/ch-15/15-6.nec,ok,ok,0.0077169351279735565,0.037736677564680576,,0
cebik-w4rnl/Basic-Intermediate-Tutorial-Models/Tutorial-2/ch-15/15-6a.nec,ok,ok,0.015457016415894032,0.030034324154257774,,0
cebik-w4rnl/Basic-Intermediate-Tutorial-Models/Tutorial-2/ch-15/15-6b.nec,ok,ok,0.23058643471449614,0.08987148385494947,2.5657,1
cebik-w4rnl/Basic-Intermediate-Tutorial-Models/Tutorial-2/ch-15/15-7.nec,ok,ok,0.04094313457608223,0.075621766038239,,0
cebik-w4rnl/Basic-Intermediate-Tutorial-Models/Tutorial-2/ch-15/15-7a.nec,ok,ok,0.6185254491865635,0.21013222634792328,2.9435,1
cebik-w4rnl/Basic-Intermediate-Tutorial-Models/Tutorial-2/ch-15/15-7b.nec,ok,ok,0.0392210241407156,0.10015364177525043,,0
cebik-w4rnl/Basic-Intermediate-Tutorial-Models/Tutorial-2/ch-15/15-7c.nec,ok,ok,0.33949373941868544,0.23408511374145746,1.4503,1
cebik-w4rnl/Basic-Intermediate-Tutorial-Models/Tutorial-2/ch-15/15-8.nec,ok,ok,0.33315376937389374,0.2544171614572406,1.3095,1
cebik-w4rnl/Basic-Intermediate-Tutorial-Models/Tutorial-2/ch-15/15-8a.nec,ok,ok,0.337903936393559,0.23957220185548067,1.4104,1
cebik-w4rnl/Basic-Intermediate-Tutorial-Models/Tutorial-2/ch-15/15-8b.nec,ok,ok,0.3432280048727989,0.2459931131452322,1.3953,1
cebik-w4rnl/Basic-Intermediate-Tutorial-Models/Tutorial-2/ch-15/15-9.nec,ok,ok,0.015370621345937252,0.009691008366644382,,0
cebik-w4rnl/Basic-Intermediate-Tutorial-Models/Tutorial-2/ch-15/15-9a.nec,ok,ok,0.10741997417062521,0.1053416645154357,1.0197,1
cebik-w4rnl/Basic-Intermediate-Tutorial-Models/Tutorial-2/ch-16/16-1.nec,ok,ok,0.008836913853883743,0.04228148050606251,,0
cebik-w4rnl/Basic-Intermediate-Tutorial-Models/Tutorial-2/ch-16/16-10a.nec,ok,ok,0.008386388421058655,0.03590768575668335,,0
cebik-w4rnl/Basic-Intermediate-Tutorial-Models/Tutorial-2/ch-16/16-10b.nec,ok,ok,0.007997977547347546,0.008387121371924877,,0
cebik-w4rnl/Basic-Intermediate-Tutorial-Models/Tutorial-2/ch-16/16-10c.nec,ok,ok,0.008486048318445683,0.02394547313451767,,0
cebik-w4rnl/Basic-Intermediate-Tutorial-Models/Tutorial-2/ch-16/16-10d.nec,ok,ok,0.008462016470730305,0.021382524631917477,,0
cebik-w4rnl/Basic-Intermediate-Tutorial-Models/Tutorial-2/ch-16/16-10e.nec,ok,ok,0.01154013630002737,0.026911728084087372,,0
cebik-w4rnl/Basic-Intermediate-Tutorial-Models/Tutorial-2/ch-16/16-10f.nec,ok,ok,0.008232633583247662,0.02363835833966732,,0
cebik-w4rnl/Basic-Intermediate-Tutorial-Models/Tutorial-2/ch-16/16-10g.nec,ok,ok,0.008339982479810715,0.02666766382753849,,0
cebik-w4rnl/Basic-Intermediate-Tutorial-Models/Tutorial-2/ch-16/16-10h.nec,ok,ok,0.008427516557276249,0.02363949827849865,,0
cebik-w4rnl/Basic-Intermediate-Tutorial-Models/Tutorial-2/ch-16/16-11a.nec,ok,ok,0.008585549890995026,0.024153231643140316,,0
cebik-w4rnl/Basic-Intermediate-Tutorial-Models/Tutorial-2/ch-16/16-11b.nec,ok,ok,0.008688016794621944,0.023509721271693707,,0
cebik-w4rnl/Basic-Intermediate-Tutorial-Models/Tutorial-2/ch-16/16-11c.nec,ok,ok,0.008251337334513664,0.024843414314091206,,0
cebik-w4rnl/Basic-Intermediate-Tutorial-Models/Tutorial-2/ch-16/16-11d.nec,ok,ok,0.011498752050101757,0.02709524892270565,,0
cebik-w4rnl/Basic-Intermediate-Tutorial-Models/Tutorial-2/ch-16/16-11e.nec,ok,ok,0.011620319448411465,0.034417951479554176,,0
cebik-w4rnl/Basic-Intermediate-Tutorial-Models/Tutorial-2/ch-16/16-11f.nec,ok,ok,0.007953169755637646,0.03182676620781422,,0
cebik-w4rnl/Basic-Intermediate-Tutorial-Models/Tutorial-2/ch-16/16-11g.nec,ok,ok,0.0147435013204813,0.02605726197361946,,0
cebik-w4rnl/Basic-Intermediate-Tutorial-Models/Tutorial-2/ch-16/16-11h.nec,ok,ok,0.011080753058195114,0.021351581439375877,,0
cebik-w4rnl/Basic-Intermediate-Tutorial-Models/Tutorial-2/ch-16/16-1a.nec,ok,ok,0.007692040875554085,0.04301995877176523,,0
cebik-w4rnl/Basic-Intermediate-Tutorial-Models/Tutorial-2/ch-16/16-1b.nec,ok,ok,0.010786779224872589,0.04007662460207939,,0
cebik-w4rnl/Basic-Intermediate-Tutorial-Models/Tutorial-2/ch-16/16-1c.nec,ok,ok,0.021866117604076862,0.012735433876514435,,0
cebik-w4rnl/Basic-Intermediate-Tutorial-Models/Tutorial-2/ch-16/16-1d.nec,ok,ok,0.008104543201625347,0.007208923809230328,,0
cebik-w4rnl/Basic-Intermediate-Tutorial-Models/Tutorial-2/ch-16/16-2.nec,ok,ok,0.008201837539672852,0.009934971109032631,,0
cebik-w4rnl/Basic-Intermediate-Tutorial-Models/Tutorial-2/ch-16/16-2a.nec,ok,ok,0.007271827198565006,0.009654039517045021,,0
cebik-w4rnl/Basic-Intermediate-Tutorial-Models/Tutorial-2/ch-16/16-2b.nec,ok,ok,0.015819118358194828,0.027257301844656467,,0
cebik-w4rnl/Basic-Intermediate-Tutorial-Models/Tutorial-2/ch-16/16-2c.nec,ok,ok,0.022296281531453133,0.03336043190211058,,0
cebik-w4rnl/Basic-Intermediate-Tutorial-Models/Tutorial-2/ch-16/16-2d.nec,ok,ok,0.014907147735357285,0.009730774909257889,,0
cebik-w4rnl/Basic-Intermediate-Tutorial-Models/Tutorial-2/ch-16/16-3.nec,ok,ok,0.00827937200665474,0.008346992544829845,,0
cebik-w4rnl/Basic-Intermediate-Tutorial-Models/Tutorial-2/ch-16/16-4.nec,ok,ok,0.008026580326259136,0.0264727845788002,,0
cebik-w4rnl/Basic-Intermediate-Tutorial-Models/Tutorial-2/ch-16/16-4a.nec,ok,ok,0.015158657915890217,0.02294818591326475,,0
cebik-w4rnl/Basic-Intermediate-Tutorial-Models/Tutorial-2/ch-16/16-5.nec,ok,ok,0.014996865764260292,0.025709046982228756,,0
cebik-w4rnl/Basic-Intermediate-Tutorial-Models/Tutorial-2/ch-16/16-5a.nec,ok,ok,0.01633924525231123,0.02309477049857378,,0
cebik-w4rnl/Basic-Intermediate-Tutorial-Models/Tutorial-2/ch-16/16-6.nec,ok,ok,0.015202927403151989,0.021820691414177418,,0
cebik-w4rnl/Basic-Intermediate-Tutorial-Models/Tutorial-2/ch-16/16-6a.nec,ok,ok,0.018192606046795845,0.02419169247150421,,0
cebik-w4rnl/Basic-Intermediate-Tutorial-Models/Tutorial-2/ch-16/16-7.nec,ok,ok,0.029335862025618553,0.09606711380183697,,0
cebik-w4rnl/Basic-Intermediate-Tutorial-Models/Tutorial-2/ch-16/16-7a.nec,ok,ok,0.02028622943907976,0.09086092375218868,,0
cebik-w4rnl/Basic-Intermediate-Tutorial-Models/Tutorial-2/ch-16/16-7b.nec,ok,ok,0.020038943737745285,0.02457537315785885,,0
cebik-w4rnl/Basic-Intermediate-Tutorial-Models/Tutorial-2/ch-16/16-8.nec,ok,ok,0.012470907531678677,0.015206272713840008,,0
cebik-w4rnl/Basic-Intermediate-Tutorial-Models/Tutorial-2/ch-16/16-8a.nec,ok,ok,0.008282007649540901,0.05172107368707657,,0
cebik-w4rnl/Basic-Intermediate-Tutorial-Models/Tutorial-2/ch-16/16-8b.nec,ok,ok,0.01183054968714714,0.047734917141497135,,0
cebik-w4rnl/Basic-Intermediate-Tutorial-Models/Tutorial-2/ch-16/16-8c.nec,ok,ok,0.015037110075354576,0.05287398584187031,,0
cebik-w4rnl/Basic-Intermediate-Tutorial-Models/Tutorial-2/ch-16/16-8d.nec,ok,ok,0.012347997166216373,0.048187002539634705,,0
cebik-w4rnl/Basic-Intermediate-Tutorial-Models/Tutorial-2/ch-16/16-9.nec,ok,ok,0.008299270644783974,0.02348099648952484,,0
cebik-w4rnl/Basic-Intermediate-Tutorial-Models/Tutorial-2/ch-16/16-9a.nec,ok,ok,0.011546127498149872,0.025324823334813118,,0
cebik-w4rnl/Basic-Intermediate-Tutorial-Models/Tutorial-2/ch-16/16-9b.nec,ok,ok,0.010667689144611359,0.03176008444279432,,0
cebik-w4rnl/Basic-Intermediate-Tutorial-Models/Tutorial-2/ch-16/16-9c.nec,ok,ok,0.021265209652483463,0.022961704060435295,,0
cebik-w4rnl/Basic-Intermediate-Tutorial-Models/Tutorial-2/ch-16/16-9d.nec,ok,ok,0.016834628768265247,0.009570845402777195,,0
cebik-w4rnl/Basic-Intermediate-Tutorial-Models/Tutorial-2/ch-16/16-9e.nec,ok,ok,0.01443790178745985,0.00826159305870533,,0
cebik-w4rnl/Basic-Intermediate-Tutorial-Models/Tutorial-2/ch-16/16-9f.nec,ok,ok,0.01814949605613947,0.008681684732437134,,0
cebik-w4rnl/Basic-Intermediate-Tutorial-Models/Tutorial-2/ch-16/16-9g.nec,ok,ok,0.010750751942396164,0.01008069422096014,,0
cebik-w4rnl/Basic-Intermediate-Tutorial-Models/Tutorial-2/ch-16/16-9h.nec,ok,ok,0.010821840725839138,0.008572961203753948,,0
cebik-w4rnl/Basic-Intermediate-Tutorial-Models/Tutorial-2/ch-17/17-1.nec,ok,ok,0.01047439593821764,0.014672321267426014,,0
cebik-w4rnl/Basic-Intermediate-Tutorial-Models/Tutorial-2/ch-17/17-10-nec2.nec,ok,ok,0.058606818318367004,0.0786674628034234,0.7450,1
cebik-w4rnl/Basic-Intermediate-Tutorial-Models/Tutorial-2/ch-17/17-10-nec4.nec,ok,ok,0.031071732752025127,0.09183450974524021,,0
cebik-w4rnl/Basic-Intermediate-Tutorial-Models/Tutorial-2/ch-17/17-11-nec2.nec,ok,ok,0.06395144574344158,0.1074382346123457,0.5952,1
cebik-w4rnl/Basic-Intermediate-Tutorial-Models/Tutorial-2/ch-17/17-11-nec4.nec,ok,ok,0.03322900831699371,0.07253497745841742,,0
cebik-w4rnl/Basic-Intermediate-Tutorial-Models/Tutorial-2/ch-17/17-1a.nec,ok,ok,0.11070369277149439,0.10781913436949253,1.0268,1
cebik-w4rnl/Basic-Intermediate-Tutorial-Models/Tutorial-2/ch-17/17-2.nec,ok,ok,0.39502011332660913,0.24685809575021267,1.6002,1
cebik-w4rnl/Basic-Intermediate-Tutorial-Models/Tutorial-2/ch-17/17-2a.nec,ok,ok,0.19909352995455265,0.12420637253671885,1.6029,1
cebik-w4rnl/Basic-Intermediate-Tutorial-Models/Tutorial-2/ch-17/17-3.nec,ok,ok,0.10632900055497885,0.12880352139472961,0.8255,1
cebik-w4rnl/Basic-Intermediate-Tutorial-Models/Tutorial-2/ch-17/17-3a.nec,ok,ok,0.10800958052277565,0.10460260044783354,1.0326,1
cebik-w4rnl/Basic-Intermediate-Tutorial-Models/Tutorial-2/ch-17/17-4.nec,ok,ok,0.008158662356436253,0.01133419293910265,,0
cebik-w4rnl/Basic-Intermediate-Tutorial-Models/Tutorial-2/ch-17/17-5.nec,ok,ok,0.00850948691368103,0.015243833884596825,,0
cebik-w4rnl/Basic-Intermediate-Tutorial-Models/Tutorial-2/ch-18/18-1.nec,ok,ok,0.10545238852500916,0.10373394936323166,1.0166,1
cebik-w4rnl/Basic-Intermediate-Tutorial-Models/Tutorial-2/ch-18/18-10.nec,ok,ok,0.5337098902091384,0.376866209320724,1.4162,1
cebik-w4rnl/Basic-Intermediate-Tutorial-Models/Tutorial-2/ch-18/18-11.nec,no-impedance,no-impedance,0.005337849259376526,0.003491469658911228,,0
cebik-w4rnl/Basic-Intermediate-Tutorial-Models/Tutorial-2/ch-18/18-11a.nec,ok,ok,0.8926910422742367,0.5916397487744689,1.5088,1
cebik-w4rnl/Basic-Intermediate-Tutorial-Models/Tutorial-2/ch-18/18-11b.nec,ok,ok,0.8944521527737379,0.597801580093801,1.4962,1
cebik-w4rnl/Basic-Intermediate-Tutorial-Models/Tutorial-2/ch-18/18-11c.nec,ok,ok,1.769600941799581,1.1436941968277097,1.5473,1
cebik-w4rnl/Basic-Intermediate-Tutorial-Models/Tutorial-2/ch-18/18-12-nec2.nec,ok,ok,0.005978358909487724,0.004634390585124493,,0
cebik-w4rnl/Basic-Intermediate-Tutorial-Models/Tutorial-2/ch-18/18-12-nec4.nec,ok,ok,0.004873153753578663,0.004451140761375427,,0
cebik-w4rnl/Basic-Intermediate-Tutorial-Models/Tutorial-2/ch-18/18-13-nec4.nec,ok,ok,0.005945331417024136,0.0045339204370975494,,0
cebik-w4rnl/Basic-Intermediate-Tutorial-Models/Tutorial-2/ch-18/18-14-nec4.nec,ok,ok,0.00633295439183712,0.0049256086349487305,,0
cebik-w4rnl/Basic-Intermediate-Tutorial-Models/Tutorial-2/ch-18/18-2.nec,ok,ok,0.10433647129684687,0.10380551312118769,1.0051,1
cebik-w4rnl/Basic-Intermediate-Tutorial-Models/Tutorial-2/ch-18/18-3.nec,ok,ok,0.12840268574655056,0.10391899012029171,1.2356,1
cebik-w4rnl/Basic-Intermediate-Tutorial-Models/Tutorial-2/ch-18/18-4.nec,ok,ok,0.12192727345973253,0.10389646049588919,1.1735,1
cebik-w4rnl/Basic-Intermediate-Tutorial-Models/Tutorial-2/ch-18/18-5-nec4.nec,ok,ok,0.10501797497272491,0.10361812822520733,1.0135,1
cebik-w4rnl/Basic-Intermediate-Tutorial-Models/Tutorial-2/ch-18/18-6.nec,ok,ok,0.10489543061703444,0.10367374122142792,1.0118,1
cebik-w4rnl/Basic-Intermediate-Tutorial-Models/Tutorial-2/ch-18/18-7.nec,ok,ok,0.22488293517380953,0.18134220782667398,1.2401,1
cebik-w4rnl/Basic-Intermediate-Tutorial-Models/Tutorial-2/ch-18/18-8.nec,ok,ok,0.20805946178734303,0.17893962655216455,1.1627,1
cebik-w4rnl/Basic-Intermediate-Tutorial-Models/Tutorial-2/ch-18/18-9.nec,ok,ok,0.7657690886408091,0.6091385297477245,1.2571,1
cebik-w4rnl/Basic-Intermediate-Tutorial-Models/Tutorial-2/ch-19/19-1.nec,ok,ok,0.00873953104019165,0.013938612304627895,,0
cebik-w4rnl/Basic-Intermediate-Tutorial-Models/Tutorial-2/ch-19/19-10.nec,ok,ok,0.018124697729945183,0.016062239184975624,,0
cebik-w4rnl/Basic-Intermediate-Tutorial-Models/Tutorial-2/ch-19/19-10a.nec,ok,ok,1.1056840009987354,0.4126263288781047,2.6796,1
cebik-w4rnl/Basic-Intermediate-Tutorial-Models/Tutorial-2/ch-19/19-10b.nec,ok,ok,0.6849216669797897,0.247639749199152,2.7658,1
cebik-w4rnl/Basic-Intermediate-Tutorial-Models/Tutorial-2/ch-19/19-11.nec,ok,ok,0.011127617210149765,0.0619003102183342,,0
cebik-w4rnl/Basic-Intermediate-Tutorial-Models/Tutorial-2/ch-19/19-11a.nec,ok,ok,0.011114904657006264,0.05852128006517887,,0
cebik-w4rnl/Basic-Intermediate-Tutorial-Models/Tutorial-2/ch-19/19-11b.nec,ok,ok,0.010952158831059933,0.12870512809604406,,0
cebik-w4rnl/Basic-Intermediate-Tutorial-Models/Tutorial-2/ch-19/19-11c.nec,ok,ok,0.14598176442086697,0.187408902682364,0.7789,1
cebik-w4rnl/Basic-Intermediate-Tutorial-Models/Tutorial-2/ch-19/19-12.nec,ok-no-source,ok-no-source,0.012030758894979954,0.06283699627965689,,0
cebik-w4rnl/Basic-Intermediate-Tutorial-Models/Tutorial-2/ch-19/19-12a.nec,ok-no-source,ok-no-source,0.012094113975763321,0.08676962368190289,,0
cebik-w4rnl/Basic-Intermediate-Tutorial-Models/Tutorial-2/ch-19/19-12b.nec,ok-no-source,ok-no-source,0.017967110499739647,0.08924450911581516,,0
cebik-w4rnl/Basic-Intermediate-Tutorial-Models/Tutorial-2/ch-19/19-13.nec,ok-no-source,ok-no-source,0.011045420542359352,0.09072896186262369,,0
cebik-w4rnl/Basic-Intermediate-Tutorial-Models/Tutorial-2/ch-19/19-13a.nec,ok-no-source,ok-no-source,0.012079671956598759,0.08794710505753756,,0
cebik-w4rnl/Basic-Intermediate-Tutorial-Models/Tutorial-2/ch-19/19-14.nec,ok-no-source,ok-no-source,0.01213359460234642,0.07541816495358944,,0
cebik-w4rnl/Basic-Intermediate-Tutorial-Models/Tutorial-2/ch-19/19-15-nec4.nec,ok-no-source,ok-no-source,0.01352399867027998,0.07199146132916212,,0
cebik-w4rnl/Basic-Intermediate-Tutorial-Models/Tutorial-2/ch-19/19-15a-nec4.nec,ok-no-source,ok-no-source,0.014971259981393814,0.011453925631940365,,0
cebik-w4rnl/Basic-Intermediate-Tutorial-Models/Tutorial-2/ch-19/19-16.nec,ok-no-source,ok-no-source,1.1885853204876184,0.42879512161016464,,0
cebik-w4rnl/Basic-Intermediate-Tutorial-Models/Tutorial-2/ch-19/19-16a.nec,ok-no-source,ok-no-source,1.159667550586164,0.4281889470294118,,0
cebik-w4rnl/Basic-Intermediate-Tutorial-Models/Tutorial-2/ch-19/19-16b.nec,ok-no-source,ok-no-source,0.9857297269627452,0.3985125785693526,,0
cebik-w4rnl/Basic-Intermediate-Tutorial-Models/Tutorial-2/ch-19/19-1a.nec,ok-no-source,ok-no-source,0.005759231746196747,0.004088466055691242,,0
cebik-w4rnl/Basic-Intermediate-Tutorial-Models/Tutorial-2/ch-19/19-2.nec,ok,ok,0.10696284286677837,0.10488321632146835,1.0198,1
cebik-w4rnl/Basic-Intermediate-Tutorial-Models/Tutorial-2/ch-19/19-2a.nec,ok-no-source,ok-no-source,0.1051715025678277,0.10435617435723543,,0
cebik-w4rnl/Basic-Intermediate-Tutorial-Models/Tutorial-2/ch-19/19-3.nec,ok,ok,0.010099277831614017,0.03960725199431181,,0
cebik-w4rnl/Basic-Intermediate-Tutorial-Models/Tutorial-2/ch-19/19-3a.nec,ok-no-source,ok-no-source,0.006495621055364609,0.004938457161188126,,0
cebik-w4rnl/Basic-Intermediate-Tutorial-Models/Tutorial-2/ch-19/19-4.nec,ok,ok,0.008423198014497757,0.009486009366810322,,0
cebik-w4rnl/Basic-Intermediate-Tutorial-Models/Tutorial-2/ch-19/19-4a.nec,ok-no-source,ok-no-source,0.006466061808168888,0.005733572877943516,,0
cebik-w4rnl/Basic-Intermediate-Tutorial-Models/Tutorial-2/ch-19/19-5a.nec,ok-no-source,ok-no-source,0.005849266424775124,0.005468645133078098,,0
cebik-w4rnl/Basic-Intermediate-Tutorial-Models/Tutorial-2/ch-19/19-5b.nec,ok-no-source,ok-no-source,0.005896576680243015,0.005817575380206108,,0
cebik-w4rnl/Basic-Intermediate-Tutorial-Models/Tutorial-2/ch-19/19-5c.nec,ok-no-source,ok-no-source,0.011272825300693512,0.005122612230479717,,0
cebik-w4rnl/Basic-Intermediate-Tutorial-Models/Tutorial-2/ch-19/19-5d.nec,ok-no-source,ok-no-source,0.005930161103606224,0.005111044272780418,,0
cebik-w4rnl/Basic-Intermediate-Tutorial-Models/Tutorial-2/ch-19/19-5e.nec,ok-no-source,ok-no-source,0.005621424876153469,0.004966920241713524,,0
cebik-w4rnl/Basic-Intermediate-Tutorial-Models/Tutorial-2/ch-19/19-6a.nec,ok-no-source,ok-no-source,0.10550737474113703,0.09655388258397579,,0
cebik-w4rnl/Basic-Intermediate-Tutorial-Models/Tutorial-2/ch-19/19-6b.nec,ok-no-source,ok-no-source,0.11360867042094469,0.10366992000490427,,0
cebik-w4rnl/Basic-Intermediate-Tutorial-Models/Tutorial-2/ch-19/19-6c.nec,ok-no-source,ok-no-source,0.140565549954772,0.10318941716104746,,0
cebik-w4rnl/Basic-Intermediate-Tutorial-Models/Tutorial-2/ch-19/19-6d.nec,ok-no-source,ok-no-source,0.20039027277380228,0.1033206470310688,,0
cebik-w4rnl/Basic-Intermediate-Tutorial-Models/Tutorial-2/ch-19/19-6e.nec,ok-no-source,ok-no-source,0.15736881084740162,0.10311595629900694,,0
cebik-w4rnl/Basic-Intermediate-Tutorial-Models/Tutorial-2/ch-19/19-7-nec2.nec,ok,ok,0.04987569618970156,0.0385174872353673,,0
cebik-w4rnl/Basic-Intermediate-Tutorial-Models/Tutorial-2/ch-19/19-7a-nec2.nec,ok-no-source,ok-no-source,0.015591003932058811,0.03685528226196766,,0
cebik-w4rnl/Basic-Intermediate-Tutorial-Models/Tutorial-2/ch-19/19-7b-nec2.nec,ok-no-source,ok-no-source,0.014387989416718483,0.08887139149010181,,0
cebik-w4rnl/Basic-Intermediate-Tutorial-Models/Tutorial-2/ch-19/19-8-nec2.nec,ok,ok,0.06306612771004438,0.09857010003179312,0.6398,1
cebik-w4rnl/Basic-Intermediate-Tutorial-Models/Tutorial-2/ch-19/19-8a-nec2.nec,ok-no-source,ok-no-source,0.016190589405596256,0.015416912734508514,,0
cebik-w4rnl/Basic-Intermediate-Tutorial-Models/Tutorial-2/ch-19/19-8b-nec2.nec,ok-no-source,ok-no-source,0.018021742813289165,0.08977227471768856,,0
cebik-w4rnl/Basic-Intermediate-Tutorial-Models/Tutorial-2/ch-19/19-9b-nec.nec,ok-no-source,ok-no-source,0.015391749329864979,0.08618013933300972,,0
cebik-w4rnl/Basic-Intermediate-Tutorial-Models/Tutorial-2/ch-19/19-9c-nec2.nec,ok-no-source,ok-no-source,0.01596939843147993,0.08724050596356392,,0
cebik-w4rnl/Basic-Intermediate-Tutorial-Models/Tutorial-2/ch-19/19-9d-nec2.nec,ok-no-source,ok-no-source,0.014903223142027855,0.0862215468659997,,0
cebik-w4rnl/Basic-Intermediate-Tutorial-Models/Tutorial-2/ch-19/19-9e-nec2.nec,ok-no-source,ok-no-source,0.01911503914743662,0.05342140607535839,,0
cebik-w4rnl/Basic-Intermediate-Tutorial-Models/Tutorial-2/ch-2/2-0.nec,ok,ok,0.016232358291745186,0.0485157985240221,,0
cebik-w4rnl/Basic-Intermediate-Tutorial-Models/Tutorial-2/ch-2/2-1.nec,ok,ok,0.022674457170069218,0.04949500132352114,,0
cebik-w4rnl/Basic-Intermediate-Tutorial-Models/Tutorial-2/ch-2/2-1a.nec,ok,ok,0.012527544051408768,0.04839298687875271,,0
cebik-w4rnl/Basic-Intermediate-Tutorial-Models/Tutorial-2/ch-2/2-1b.nec,ok,ok,0.012153287418186665,0.025006678886711597,,0
cebik-w4rnl/Basic-Intermediate-Tutorial-Models/Tutorial-2/ch-2/2-1c.nec,ok,ok,0.019465026445686817,0.027399977669119835,,0
cebik-w4rnl/Basic-Intermediate-Tutorial-Models/Tutorial-2/ch-2/2-2.nec,ok,ok,0.012193520553410053,0.021059556864202023,,0
cebik-w4rnl/Basic-Intermediate-Tutorial-Models/Tutorial-2/ch-2/2-2a.nec,ok,ok,0.010982133448123932,0.022787212394177914,,0
cebik-w4rnl/Basic-Intermediate-Tutorial-Models/Tutorial-2/ch-2/2-2b.nec,ok,ok,0.011210228316485882,0.028150493279099464,,0
cebik-w4rnl/Basic-Intermediate-Tutorial-Models/Tutorial-2/ch-2/2-2c.nec,ok,ok,0.008667180314660072,0.03013079334050417,,0
cebik-w4rnl/Basic-Intermediate-Tutorial-Models/Tutorial-2/ch-2/2-2d.nec,error,error,0.008186469785869122,0.0033450694754719734,,0
cebik-w4rnl/Basic-Intermediate-Tutorial-Models/Tutorial-2/ch-2/2-3.nec,ok,ok,0.015774588100612164,0.010320791974663734,,0
cebik-w4rnl/Basic-Intermediate-Tutorial-Models/Tutorial-2/ch-2/2-3a.nec,ok,ok,0.015516556799411774,0.008844664320349693,,0
cebik-w4rnl/Basic-Intermediate-Tutorial-Models/Tutorial-2/ch-2/2-4.nec,ok,ok,0.010713042691349983,0.04517624620348215,,0
cebik-w4rnl/Basic-Intermediate-Tutorial-Models/Tutorial-2/ch-2/2-4a-nec2.nec,ok,ok,0.014886575751006603,0.04757446609437466,,0
cebik-w4rnl/Basic-Intermediate-Tutorial-Models/Tutorial-2/ch-2/2-4a-nec4.nec,ok,ok,0.010684688575565815,0.0480234082788229,,0
cebik-w4rnl/Basic-Intermediate-Tutorial-Models/Tutorial-2/ch-2/2-5.nec,ok,ok,0.08801149670034647,0.09606360085308552,0.9162,1
cebik-w4rnl/Basic-Intermediate-Tutorial-Models/Tutorial-2/ch-2/2-5a-nec2.nec,ok,ok,0.0748940659686923,0.1371969049796462,0.5459,1
cebik-w4rnl/Basic-Intermediate-Tutorial-Models/Tutorial-2/ch-2/2-5a-nec4.nec,ok,ok,0.0878830524161458,0.07682560198009014,1.1439,1
cebik-w4rnl/Basic-Intermediate-Tutorial-Models/Tutorial-2/ch-2/2-5b-nec2.nec,ok,ok,0.08741304185241461,0.10933556407690048,0.7995,1
cebik-w4rnl/Basic-Intermediate-Tutorial-Models/Tutorial-2/ch-2/2-5b-nec4.nec,ok,ok,0.07906255777925253,0.1189665412530303,0.6646,1
cebik-w4rnl/Basic-Intermediate-Tutorial-Models/Tutorial-2/ch-2/2-6-nec2.nec,ok,ok,0.02693459950387478,0.016605015844106674,,0
cebik-w4rnl/Basic-Intermediate-Tutorial-Models/Tutorial-2/ch-2/2-6-nec4.nec,ok,ok,0.03390503395348787,0.018626395612955093,,0
cebik-w4rnl/Basic-Intermediate-Tutorial-Models/Tutorial-2/ch-2/2-6a-nec2.nec,ok,ok,0.030359206721186638,0.02251483593136072,,0
cebik-w4rnl/Basic-Intermediate-Tutorial-Models/Tutorial-2/ch-2/2-6a-nec4.nec,ok,ok,0.03937362227588892,0.01775341108441353,,0
cebik-w4rnl/Basic-Intermediate-Tutorial-Models/Tutorial-2/ch-2/2-7.nec,ok,ok,0.011872666887938976,0.0073438240215182304,,0
cebik-w4rnl/Basic-Intermediate-Tutorial-Models/Tutorial-2/ch-2/2-7a.nec,ok,ok,0.007225664332509041,0.007008567452430725,,0
cebik-w4rnl/Basic-Intermediate-Tutorial-Models/Tutorial-2/ch-2/2-7b.nec,ok,ok,0.008103946223855019,0.006312903948128223,,0
cebik-w4rnl/Basic-Intermediate-Tutorial-Models/Tutorial-2/ch-20/20-1-nec2.nec,ok,ok,0.007951930165290833,0.0294759264215827,,0
cebik-w4rnl/Basic-Intermediate-Tutorial-Models/Tutorial-2/ch-20/20-10.nec,ok,ok,0.012189798057079315,0.02676563709974289,,0
cebik-w4rnl/Basic-Intermediate-Tutorial-Models/Tutorial-2/ch-20/20-10a.nec,ok,ok,0.013547086156904697,0.03587923105806112,,0
cebik-w4rnl/Basic-Intermediate-Tutorial-Models/Tutorial-2/ch-20/20-11.nec,ok,ok,0.013739009387791157,0.038038390688598156,,0
cebik-w4rnl/Basic-Intermediate-Tutorial-Models/Tutorial-2/ch-20/20-11a.nec,ok,ok,0.010430365800857544,0.03228145930916071,,0
cebik-w4rnl/Basic-Intermediate-Tutorial-Models/Tutorial-2/ch-20/20-12.nec,ok,ok,0.008909439668059349,0.02800743840634823,,0
cebik-w4rnl/Basic-Intermediate-Tutorial-Models/Tutorial-2/ch-20/20-13.nec,ok,ok,0.0065828245133161545,0.004364123567938805,,0
cebik-w4rnl/Basic-Intermediate-Tutorial-Models/Tutorial-2/ch-20/20-14.nec,ok,ok,0.3032119497656822,0.229882525280118,1.3190,1
cebik-w4rnl/Basic-Intermediate-Tutorial-Models/Tutorial-2/ch-20/20-15.nec,ok,ok,0.09882461931556463,0.09781297948211432,1.0103,1
cebik-w4rnl/Basic-Intermediate-Tutorial-Models/Tutorial-2/ch-20/20-15a.nec,ok,ok,0.09385917149484158,0.09919753018766642,0.9462,1
cebik-w4rnl/Basic-Intermediate-Tutorial-Models/Tutorial-2/ch-20/20-15b.nec,ok,ok,0.2831539297476411,0.2417824612930417,1.1711,1
cebik-w4rnl/Basic-Intermediate-Tutorial-Models/Tutorial-2/ch-20/20-2a-nec2.nec,ok,ok,0.014162348583340645,0.025717521086335182,,0
cebik-w4rnl/Basic-Intermediate-Tutorial-Models/Tutorial-2/ch-20/20-2b-nec2.nec,ok,ok,0.007136811502277851,0.014835681766271591,,0
cebik-w4rnl/Basic-Intermediate-Tutorial-Models/Tutorial-2/ch-20/20-2c-nec2.nec,ok,ok,0.010727224871516228,0.0077881645411252975,,0
cebik-w4rnl/Basic-Intermediate-Tutorial-Models/Tutorial-2/ch-20/20-2d-nec2.nec,ok,ok,0.007400090806186199,0.007826320827007294,,0
cebik-w4rnl/Basic-Intermediate-Tutorial-Models/Tutorial-2/ch-20/20-2e-nec2.nec,ok,ok,0.011363454163074493,0.007764529436826706,,0
cebik-w4rnl/Basic-Intermediate-Tutorial-Models/Tutorial-2/ch-20/20-2f-nec2.nec,ok,ok,0.008448711596429348,0.0077848294749855995,,0
cebik-w4rnl/Basic-Intermediate-Tutorial-Models/Tutorial-2/ch-20/20-2g-nec.nec,ok,ok,0.007593835704028606,0.0079017523676157,,0
cebik-w4rnl/Basic-Intermediate-Tutorial-Models/Tutorial-2/ch-20/20-3a.nec,ok,ok,0.007673459127545357,0.007893110625445843,,0
cebik-w4rnl/Basic-Intermediate-Tutorial-Models/Tutorial-2/ch-20/20-3b.nec,ok,ok,0.009247126057744026,0.007781710475683212,,0
cebik-w4rnl/Basic-Intermediate-Tutorial-Models/Tutorial-2/ch-20/20-3c.nec,ok,ok,0.00891068670898676,0.00805407389998436,,0
cebik-w4rnl/Basic-Intermediate-Tutorial-Models/Tutorial-2/ch-20/20-3d.nec,ok,ok,0.007592065259814262,0.008095541037619114,,0
cebik-w4rnl/Basic-Intermediate-Tutorial-Models/Tutorial-2/ch-20/20-3e.nec,ok,ok,0.010450820438563824,0.007742599584162235,,0
cebik-w4rnl/Basic-Intermediate-Tutorial-Models/Tutorial-2/ch-20/20-3f.nec,ok,ok,0.008475622162222862,0.007808961905539036,,0
cebik-w4rnl/Basic-Intermediate-Tutorial-Models/Tutorial-2/ch-20/20-3g.nec,ok,ok,0.007639261893928051,0.007837975397706032,,0
cebik-w4rnl/Basic-Intermediate-Tutorial-Models/Tutorial-2/ch-20/20-4a-nec2.nec,ok,ok,0.013135941699147224,0.007325169630348682,,0
cebik-w4rnl/Basic-Intermediate-Tutorial-Models/Tutorial-2/ch-20/20-4b-nec2.nec,ok,ok,0.012534792535007,0.007775113917887211,,0
cebik-w4rnl/Basic-Intermediate-Tutorial-Models/Tutorial-2/ch-20/20-4c-nec2.nec,ok,ok,0.010472818277776241,0.007333969697356224,,0
cebik-w4rnl/Basic-Intermediate-Tutorial-Models/Tutorial-2/ch-20/20-4d-nec2.nec,ok,ok,0.009671086445450783,0.0073454724624753,,0
cebik-w4rnl/Basic-Intermediate-Tutorial-Models/Tutorial-2/ch-20/20-4e-nec2.nec,ok,ok,0.007583974860608578,0.007564587518572807,,0
cebik-w4rnl/Basic-Intermediate-Tutorial-Models/Tutorial-2/ch-20/20-4f-nec2.nec,ok,ok,0.009912557899951935,0.008183193393051624,,0
cebik-w4rnl/Basic-Intermediate-Tutorial-Models/Tutorial-2/ch-20/20-4g-nec2.nec,ok,ok,0.010524562560021877,0.0061362748965620995,,0
cebik-w4rnl/Basic-Intermediate-Tutorial-Models/Tutorial-2/ch-20/20-5a.nec,ok,ok,0.010101716965436935,0.02867182344198227,,0
cebik-w4rnl/Basic-Intermediate-Tutorial-Models/Tutorial-2/ch-20/20-5b.nec,ok,ok,0.007613295689225197,0.028231734409928322,,0
cebik-w4rnl/Basic-Intermediate-Tutorial-Models/Tutorial-2/ch-20/20-5c.nec,ok,ok,0.0092088021337986,0.03095636237412691,,0
cebik-w4rnl/Basic-Intermediate-Tutorial-Models/Tutorial-2/ch-20/20-5d.nec,ok,ok,0.010344553738832474,0.029492427594959736,,0
cebik-w4rnl/Basic-Intermediate-Tutorial-Models/Tutorial-2/ch-20/20-5e.nec,ok,ok,0.012699573300778866,0.03261090535670519,,0
cebik-w4rnl/Basic-Intermediate-Tutorial-Models/Tutorial-2/ch-20/20-5f.nec,ok,ok,0.017236378975212574,0.030524877831339836,,0
cebik-w4rnl/Basic-Intermediate-Tutorial-Models/Tutorial-2/ch-20/20-5g.nec,ok,ok,0.01212875172495842,0.026935769245028496,,0
cebik-w4rnl/Basic-Intermediate-Tutorial-Models/Tutorial-2/ch-20/20-6.nec,ok,ok,0.009360342286527157,0.024115166626870632,,0
cebik-w4rnl/Basic-Intermediate-Tutorial-Models/Tutorial-2/ch-20/20-6a.nec,ok,ok,0.011965794488787651,0.023193917237222195,,0
cebik-w4rnl/Basic-Intermediate-Tutorial-Models/Tutorial-2/ch-20/20-6b.nec,ok,ok,0.012015027925372124,0.028454752638936043,,0
cebik-w4rnl/Basic-Intermediate-Tutorial-Models/Tutorial-2/ch-20/20-7.nec,ok,ok,0.005343516357243061,0.005315457470715046,,0
cebik-w4rnl/Basic-Intermediate-Tutorial-Models/Tutorial-2/ch-20/20-8-nec2.nec,ok,ok,0.0051957303658127785,0.004732695408165455,,0
cebik-w4rnl/Basic-Intermediate-Tutorial-Models/Tutorial-2/ch-20/20-8-nec4.nec,ok-no-source,ok-no-source,0.006261741742491722,0.0038318000733852386,,0
cebik-w4rnl/Basic-Intermediate-Tutorial-Models/Tutorial-2/ch-20/20-9-nec2.nec,ok,ok,0.028766078874468803,0.07536247372627258,,0
cebik-w4rnl/Basic-Intermediate-Tutorial-Models/Tutorial-2/ch-20/20-9-nec4.nec,ok-no-source,ok-no-source,0.024416210129857063,0.07296099234372377,,0
cebik-w4rnl/Basic-Intermediate-Tutorial-Models/Tutorial-2/ch-21/21-1.nec,ok,ok,0.012409101240336895,0.020028136670589447,,0
cebik-w4rnl/Basic-Intermediate-Tutorial-Models/Tutorial-2/ch-21/21-10.nec,ok,ok,0.026730201207101345,0.06826657988131046,,0
cebik-w4rnl/Basic-Intermediate-Tutorial-Models/Tutorial-2/ch-21/21-11.nec,ok,ok,0.13213870115578175,0.14310885779559612,0.9233,1
cebik-w4rnl/Basic-Intermediate-Tutorial-Models/Tutorial-2/ch-21/21-12a.nec,ok,ok,0.016272155568003654,0.031941112130880356,,0
cebik-w4rnl/Basic-Intermediate-Tutorial-Models/Tutorial-2/ch-21/21-12b.nec,ok,ok,0.013511335477232933,0.02382261771708727,,0
cebik-w4rnl/Basic-Intermediate-Tutorial-Models/Tutorial-2/ch-21/21-12c.nec,ok,ok,0.016658632084727287,0.015434584580361843,,0
cebik-w4rnl/Basic-Intermediate-Tutorial-Models/Tutorial-2/ch-21/21-13.nec,ok,ok,0.022386466152966022,0.10952438320964575,,0
cebik-w4rnl/Basic-Intermediate-Tutorial-Models/Tutorial-2/ch-21/21-14.nec,ok,ok,0.01757656503468752,0.11182190105319023,,0
cebik-w4rnl/Basic-Intermediate-Tutorial-Models/Tutorial-2/ch-21/21-15.nec,ok,ok,0.02764009404927492,0.022023814730346203,,0
cebik-w4rnl/Basic-Intermediate-Tutorial-Models/Tutorial-2/ch-21/21-2.nec,ok,ok,0.01265149749815464,0.010849930346012115,,0
cebik-w4rnl/Basic-Intermediate-Tutorial-Models/Tutorial-2/ch-21/21-3.nec,ok,ok,0.012099308893084526,0.07139396015554667,,0
cebik-w4rnl/Basic-Intermediate-Tutorial-Models/Tutorial-2/ch-21/21-4.nec,ok,ok,0.016040218994021416,0.07500442396849394,,0
cebik-w4rnl/Basic-Intermediate-Tutorial-Models/Tutorial-2/ch-21/21-5.nec,ok,ok,0.025281526148319244,0.1257406659424305,,0
cebik-w4rnl/Basic-Intermediate-Tutorial-Models/Tutorial-2/ch-21/21-6.nec,ok,ok,0.07460288982838392,0.12157600093632936,0.6136,1
cebik-w4rnl/Basic-Intermediate-Tutorial-Models/Tutorial-2/ch-21/21-7.nec,ok,ok,0.024092331528663635,0.09569051396101713,,0
cebik-w4rnl/Basic-Intermediate-Tutorial-Models/Tutorial-2/ch-21/21-8.nec,ok,ok,0.010194730944931507,0.041187992319464684,,0
cebik-w4rnl/Basic-Intermediate-Tutorial-Models/Tutorial-2/ch-21/21-9.nec,ok,ok,0.057355064898729324,0.030359801836311817,,0
cebik-w4rnl/Basic-Intermediate-Tutorial-Models/Tutorial-2/ch-3/3-0.nec,ok,ok,0.012846637517213821,0.019870968535542488,,0
cebik-w4rnl/Basic-Intermediate-Tutorial-Models/Tutorial-2/ch-3/3-1.nec,ok,ok,0.022843253798782825,0.02535420563071966,,0
cebik-w4rnl/Basic-Intermediate-Tutorial-Models/Tutorial-2/ch-3/3-1a-nec2.nec,ok,ok,0.011953439563512802,0.009370989166200161,,0
cebik-w4rnl/Basic-Intermediate-Tutorial-Models/Tutorial-2/ch-3/3-1a-nec4.nec,ok,ok,0.012395433150231838,0.008156906813383102,,0
cebik-w4rnl/Basic-Intermediate-Tutorial-Models/Tutorial-2/ch-3/3-1b-nec4.nec,ok,ok,0.008689632639288902,0.008515520952641964,,0
cebik-w4rnl/Basic-Intermediate-Tutorial-Models/Tutorial-2/ch-3/3-1c-nec4.nec,ok,ok,0.010916476137936115,0.010201341472566128,,0
cebik-w4rnl/Basic-Intermediate-Tutorial-Models/Tutorial-2/ch-3/3-1d-nec4.nec,ok,ok,0.011179810389876366,0.008694484829902649,,0
cebik-w4rnl/Basic-Intermediate-Tutorial-Models/Tutorial-2/ch-3/3-2.nec,ok,ok,0.39080582931637764,0.28217331040650606,1.3850,1
cebik-w4rnl/Basic-Intermediate-Tutorial-Models/Tutorial-2/ch-3/3-2a-nec4.nec,ok,ok,0.3923877002671361,0.278633538633585,1.4083,1
cebik-w4rnl/Basic-Intermediate-Tutorial-Models/Tutorial-2/ch-3/3-2b-nec4.nec,ok,ok,0.3867405764758587,0.33676703833043575,1.1484,1
cebik-w4rnl/Basic-Intermediate-Tutorial-Models/Tutorial-2/ch-3/3-3.nec,ok,ok,0.011438767425715923,0.048197245225310326,,0
cebik-w4rnl/Basic-Intermediate-Tutorial-Models/Tutorial-2/ch-3/3-3a.nec,ok,ok,0.007778632454574108,0.013108372688293457,,0
cebik-w4rnl/Basic-Intermediate-Tutorial-Models/Tutorial-2/ch-3/3-3b.nec,ok,ok,0.007588464766740799,0.007983937859535217,,0
cebik-w4rnl/Basic-Intermediate-Tutorial-Models/Tutorial-2/ch-3/3-3c.nec,ok,ok,0.007739558815956116,0.0074736736714839935,,0
cebik-w4rnl/Basic-Intermediate-Tutorial-Models/Tutorial-2/ch-3/3-4.nec,ok,ok,0.022713475860655308,0.019657826982438564,,0
cebik-w4rnl/Basic-Intermediate-Tutorial-Models/Tutorial-2/ch-3/3-4a.nec,ok,ok,0.017325411550700665,0.015778489410877228,,0
cebik-w4rnl/Basic-Intermediate-Tutorial-Models/Tutorial-2/ch-3/3-5.nec,ok,ok,0.036269668489694595,0.0269251661375165,,0
cebik-w4rnl/Basic-Intermediate-Tutorial-Models/Tutorial-2/ch-3/3-5a.nec,ok,ok,0.017954048700630665,0.01585822831839323,,0
cebik-w4rnl/Basic-Intermediate-Tutorial-Models/Tutorial-2/ch-3/3-6.nec,ok,ok,0.008462565951049328,0.007967877201735973,,0
cebik-w4rnl/Basic-Intermediate-Tutorial-Models/Tutorial-2/ch-3/3-6a.nec,ok,ok,0.00783457513898611,0.00785737857222557,,0
cebik-w4rnl/Basic-Intermediate-Tutorial-Models/Tutorial-2/ch-3/3-6b.nec,ok,ok,0.0076041147112846375,0.007868081331253052,,0
cebik-w4rnl/Basic-Intermediate-Tutorial-Models/Tutorial-2/ch-3/3-6c.nec,ok,ok,0.007685355842113495,0.007853555493056774,,0
cebik-w4rnl/Basic-Intermediate-Tutorial-Models/Tutorial-2/ch-3/3-7.nec,ok,ok,0.0129786916077137,0.00788967590779066,,0
cebik-w4rnl/Basic-Intermediate-Tutorial-Models/Tutorial-2/ch-3/3-7a.nec,ok,ok,0.007174741476774216,0.007892525754868984,,0
cebik-w4rnl/Basic-Intermediate-Tutorial-Models/Tutorial-2/ch-3/3-7b.nec,ok,ok,0.01511859055608511,0.01176823116838932,,0
cebik-w4rnl/Basic-Intermediate-Tutorial-Models/Tutorial-2/ch-3/3-8.nec,ok,ok,0.01501621212810278,0.037169829942286015,,0
cebik-w4rnl/Basic-Intermediate-Tutorial-Models/Tutorial-2/ch-3/3-8a.nec,ok,ok,0.010862037539482117,0.02069711685180664,,0
cebik-w4rnl/Basic-Intermediate-Tutorial-Models/Tutorial-2/ch-3/3-9.nec,ok,ok,0.026221349835395813,0.07611897215247154,,0
cebik-w4rnl/Basic-Intermediate-Tutorial-Models/Tutorial-2/ch-3/3-9a.nec,ok,ok,0.021754530258476734,0.10901173297315836,,0
cebik-w4rnl/Basic-Intermediate-Tutorial-Models/Tutorial-2/ch-4/4-1-nec2.nec,ok,ok,0.02549440972507,0.04956087376922369,,0
cebik-w4rnl/Basic-Intermediate-Tutorial-Models/Tutorial-2/ch-4/4-1.nec,ok,ok,0.02551061473786831,0.09494417253881693,,0
cebik-w4rnl/Basic-Intermediate-Tutorial-Models/Tutorial-2/ch-4/4-1a.nec,ok,ok,0.024909823201596737,0.09435552544891834,,0
cebik-w4rnl/Basic-Intermediate-Tutorial-Models/Tutorial-2/ch-4/4-1b.nec,ok,ok,0.03343738988041878,0.09860254731029272,,0
cebik-w4rnl/Basic-Intermediate-Tutorial-Models/Tutorial-2/ch-4/4-1c.nec,ok,ok,0.025826861150562763,0.09195734187960625,,0
cebik-w4rnl/Basic-Intermediate-Tutorial-Models/Tutorial-2/ch-4/4-2a.nec,ok,ok,0.030563893727958202,0.03563821315765381,,0
cebik-w4rnl/Basic-Intermediate-Tutorial-Models/Tutorial-2/ch-4/4-2b.nec,ok,ok,0.02533490862697363,0.04040479753166437,,0
cebik-w4rnl/Basic-Intermediate-Tutorial-Models/Tutorial-2/ch-4/4-3a.nec,ok,ok,0.051341233775019646,0.06481412518769503,0.7921,1
cebik-w4rnl/Basic-Intermediate-Tutorial-Models/Tutorial-2/ch-4/4-3b.nec,ok,ok,0.02269415371119976,0.09498146641999483,,0
cebik-w4rnl/Basic-Intermediate-Tutorial-Models/Tutorial-2/ch-4/4-3c.nec,ok,ok,0.01948907971382141,0.03785177320241928,,0
cebik-w4rnl/Basic-Intermediate-Tutorial-Models/Tutorial-2/ch-4/4-4.nec,ok,ok,0.20466152019798756,0.15768460370600224,1.2979,1
cebik-w4rnl/Basic-Intermediate-Tutorial-Models/Tutorial-2/ch-4/4-4a.nec,ok,ok,0.20745179429650307,0.15112695563584566,1.3727,1
cebik-w4rnl/Basic-Intermediate-Tutorial-Models/Tutorial-2/ch-4/4-5.nec,ok,ok,0.029332701116800308,0.10004874598234892,,0
cebik-w4rnl/Basic-Intermediate-Tutorial-Models/Tutorial-2/ch-4/4-5a.nec,ok,ok,0.03813481330871582,0.09772562421858311,,0
cebik-w4rnl/Basic-Intermediate-Tutorial-Models/Tutorial-2/ch-4/4-5b.nec,ok,ok,0.044072890654206276,0.11053464375436306,,0
cebik-w4rnl/Basic-Intermediate-Tutorial-Models/Tutorial-2/ch-4/4-5c.nec,ok,ok,0.04627935215830803,0.11037802882492542,,0
cebik-w4rnl/Basic-Intermediate-Tutorial-Models/Tutorial-2/ch-4/4-6.nec,ok,ok,0.02143967617303133,0.10124136693775654,,0
cebik-w4rnl/Basic-Intermediate-Tutorial-Models/Tutorial-2/ch-4/4-6a.nec,ok,ok,0.022824102081358433,0.10733704641461372,,0
cebik-w4rnl/Basic-Intermediate-Tutorial-Models/Tutorial-2/ch-4/4-7.nec,ok,ok,0.02566642500460148,0.08042671997100115,,0
cebik-w4rnl/Basic-Intermediate-Tutorial-Models/Tutorial-2/ch-4/4-7a.nec,ok,ok,0.020369610749185085,0.07268658373504877,,0
cebik-w4rnl/Basic-Intermediate-Tutorial-Models/Tutorial-2/ch-4/4-8.nec,ok,ok,0.21263218764215708,0.1878293240442872,1.1321,1
cebik-w4rnl/Basic-Intermediate-Tutorial-Models/Tutorial-2/ch-4/4-9.nec,ok,ok,0.048029680736362934,0.09420847333967686,,0
cebik-w4rnl/Basic-Intermediate-Tutorial-Models/Tutorial-2/ch-4/4-9a.nec,ok,ok,0.04737719800323248,0.08372242841869593,,0
cebik-w4rnl/Basic-Intermediate-Tutorial-Models/Tutorial-2/ch-5/5-1.nec,ok,ok,0.010222566314041615,0.010059199295938015,,0
cebik-w4rnl/Basic-Intermediate-Tutorial-Models/Tutorial-2/ch-5/5-10.nec,ok,ok,0.7075689546763897,0.3596376543864608,1.9674,1
cebik-w4rnl/Basic-Intermediate-Tutorial-Models/Tutorial-2/ch-5/5-10a.nec,ok,ok,0.4380861958488822,0.3170182919129729,1.3819,1
cebik-w4rnl/Basic-Intermediate-Tutorial-Models/Tutorial-2/ch-5/5-1a.nec,ok,ok,0.011475509032607079,0.03517955541610718,,0
cebik-w4rnl/Basic-Intermediate-Tutorial-Models/Tutorial-2/ch-5/5-1b.nec,ok,ok,0.009815617464482784,0.028364423662424088,,0
cebik-w4rnl/Basic-Intermediate-Tutorial-Models/Tutorial-2/ch-5/5-2a.nec,ok,ok,0.01428661122918129,0.029198831878602505,,0
cebik-w4rnl/Basic-Intermediate-Tutorial-Models/Tutorial-2/ch-5/5-2b.nec,ok,ok,0.010229965671896935,0.03821995295584202,,0
cebik-w4rnl/Basic-Intermediate-Tutorial-Models/Tutorial-2/ch-5/5-3.nec,ok,ok,0.010088857263326645,0.03545167203992605,,0
cebik-w4rnl/Basic-Intermediate-Tutorial-Models/Tutorial-2/ch-5/5-3a.nec,ok,ok,0.012329427525401115,0.011495457962155342,,0
cebik-w4rnl/Basic-Intermediate-Tutorial-Models/Tutorial-2/ch-5/5-3b.nec,ok,ok,0.016372766345739365,0.010816513560712337,,0
cebik-w4rnl/Basic-Intermediate-Tutorial-Models/Tutorial-2/ch-5/5-4.nec,ok,ok,0.00980816874653101,0.02402215078473091,,0
cebik-w4rnl/Basic-Intermediate-Tutorial-Models/Tutorial-2/ch-5/5-4a.nec,ok,ok,0.008745410479605198,0.025840505957603455,,0
cebik-w4rnl/Basic-Intermediate-Tutorial-Models/Tutorial-2/ch-5/5-5.nec,ok,ok,0.01440381072461605,0.043246873654425144,,0
cebik-w4rnl/Basic-Intermediate-Tutorial-Models/Tutorial-2/ch-5/5-5a.nec,ok,ok,0.018780930899083614,0.037199245765805244,,0
cebik-w4rnl/Basic-Intermediate-Tutorial-Models/Tutorial-2/ch-5/5-6.nec,ok,ok,0.01163614634424448,0.009217831306159496,,0
cebik-w4rnl/Basic-Intermediate-Tutorial-Models/Tutorial-2/ch-5/5-6a.nec,ok,ok,0.013426529243588448,0.007914646528661251,,0
cebik-w4rnl/Basic-Intermediate-Tutorial-Models/Tutorial-2/ch-5/5-6b.nec,ok,ok,0.009224839508533478,0.04008518438786268,,0
cebik-w4rnl/Basic-Intermediate-Tutorial-Models/Tutorial-2/ch-5/5-7.nec,ok,ok,0.016702133230865,0.04153510369360447,,0
cebik-w4rnl/Basic-Intermediate-Tutorial-Models/Tutorial-2/ch-5/5-7a.nec,ok,ok,0.1056914022192359,0.12126151658594608,0.8716,1
cebik-w4rnl/Basic-Intermediate-Tutorial-Models/Tutorial-2/ch-5/5-7b.nec,ok,ok,0.09848777670413256,0.13865475729107857,0.7103,1
cebik-w4rnl/Basic-Intermediate-Tutorial-Models/Tutorial-2/ch-5/5-7c.nec,ok,ok,0.05263844318687916,0.06268862821161747,0.8397,1
cebik-w4rnl/Basic-Intermediate-Tutorial-Models/Tutorial-2/ch-5/5-7d.nec,ok,ok,0.049588484689593315,0.05854503810405731,,0
cebik-w4rnl/Basic-Intermediate-Tutorial-Models/Tutorial-2/ch-5/5-8.nec,ok,ok,8.839819844812155,2.4991183103993535,3.5372,1
cebik-w4rnl/Basic-Intermediate-Tutorial-Models/Tutorial-2/ch-5/5-8a.nec,ok,ok,21.367709333077073,10.302841369993985,2.0740,1
cebik-w4rnl/Basic-Intermediate-Tutorial-Models/Tutorial-2/ch-5/5-8b.nec,ok,ok,1.6940333358943462,0.5182356694713235,3.2688,1
cebik-w4rnl/Basic-Intermediate-Tutorial-Models/Tutorial-2/ch-5/5-9.nec,ok,ok,0.011185596697032452,0.009745592251420021,,0
cebik-w4rnl/Basic-Intermediate-Tutorial-Models/Tutorial-2/ch-5/5-9a.nec,ok,ok,0.013759718276560307,0.012351319193840027,,0
cebik-w4rnl/Basic-Intermediate-Tutorial-Models/Tutorial-2/ch-5/5-9b.nec,ok,ok,0.010909399017691612,0.009687145240604877,,0
cebik-w4rnl/Basic-Intermediate-Tutorial-Models/Tutorial-2/ch-5/5-9c-nec2.nec,error,error,0.007620338350534439,0.005602871999144554,,0
cebik-w4rnl/Basic-Intermediate-Tutorial-Models/Tutorial-2/ch-5/5-9c-nec4.nec,error,error,0.008507332764565945,0.005535881035029888,,0
cebik-w4rnl/Basic-Intermediate-Tutorial-Models/Tutorial-2/ch-6/6-4.nec,ok-no-source,ok-no-source,0.06348085962235928,0.03316370211541653,,0
cebik-w4rnl/Basic-Intermediate-Tutorial-Models/Tutorial-2/ch-6/6-4a.nec,ok,ok,0.08647261466830969,0.05136532988399267,1.6835,1
cebik-w4rnl/Basic-Intermediate-Tutorial-Models/Tutorial-2/ch-6/6-5a.nec,ok,ok,0.5649172598496079,0.24015481863170862,2.3523,1
cebik-w4rnl/Basic-Intermediate-Tutorial-Models/Tutorial-2/ch-6/6-6-nec2.nec,ok,ok,0.4811571128666401,0.19729544688016176,2.4388,1
cebik-w4rnl/Basic-Intermediate-Tutorial-Models/Tutorial-2/ch-6/6-6-nec4.nec,ok,ok,0.5154716800898314,0.18939825147390366,2.7216,1
cebik-w4rnl/Basic-Intermediate-Tutorial-Models/Tutorial-2/ch-6/6-s1.nec,ok-no-source,ok-no-source,0.011530865915119648,0.008450010791420937,,0
cebik-w4rnl/Basic-Intermediate-Tutorial-Models/Tutorial-2/ch-6/6-s1a.nec,ok-no-source,ok-no-source,0.020090028643608093,0.017307423055171967,,0
cebik-w4rnl/Basic-Intermediate-Tutorial-Models/Tutorial-2/ch-6/6-s2.nec,ok-no-source,ok-no-source,1.1884893272072077,0.38335427176207304,,0
cebik-w4rnl/Basic-Intermediate-Tutorial-Models/Tutorial-2/ch-6/6-s3a.nec,ok,ok,0.03248620219528675,0.02609515469521284,,0
cebik-w4rnl/Basic-Intermediate-Tutorial-Models/Tutorial-2/ch-6/6-s4.nec,ok-no-source,ok-no-source,0.0622712466865778,0.03346972540020943,,0
cebik-w4rnl/Basic-Intermediate-Tutorial-Models/Tutorial-2/ch-6/6-s4a.nec,ok,ok,0.08868868462741375,0.0873478977009654,1.0153,1
cebik-w4rnl/Basic-Intermediate-Tutorial-Models/Tutorial-2/ch-7/7-0.nec,ok,ok,0.04562206566333771,0.027281688526272774,,0
cebik-w4rnl/Basic-Intermediate-Tutorial-Models/Tutorial-2/ch-7/7-1.nec,ok,ok,0.012610593810677528,0.009325397200882435,,0
cebik-w4rnl/Basic-Intermediate-Tutorial-Models/Tutorial-2/ch-7/7-10.nec,ok,ok,0.04197042714804411,0.02698773331940174,,0
cebik-w4rnl/Basic-Intermediate-Tutorial-Models/Tutorial-2/ch-7/7-10a.nec,ok,ok,0.04675902519375086,0.032431239262223244,,0
cebik-w4rnl/Basic-Intermediate-Tutorial-Models/Tutorial-2/ch-7/7-10b.nec,ok,ok,0.040612801909446716,0.031728955917060375,,0
cebik-w4rnl/Basic-Intermediate-Tutorial-Models/Tutorial-2/ch-7/7-10c.nec,ok,ok,0.04010377451777458,0.03257716726511717,,0
cebik-w4rnl/Basic-Intermediate-Tutorial-Models/Tutorial-2/ch-7/7-11.nec,ok,ok,0.013307957910001278,0.011092081665992737,,0
cebik-w4rnl/Basic-Intermediate-Tutorial-Models/Tutorial-2/ch-7/7-11a.nec,ok,ok,0.013403275981545448,0.010991012677550316,,0
cebik-w4rnl/Basic-Intermediate-Tutorial-Models/Tutorial-2/ch-7/7-1a.nec,ok,ok,0.01350037194788456,0.009499374777078629,,0
cebik-w4rnl/Basic-Intermediate-Tutorial-Models/Tutorial-2/ch-7/7-2.nec,ok,ok,0.00989054050296545,0.008620338514447212,,0
cebik-w4rnl/Basic-Intermediate-Tutorial-Models/Tutorial-2/ch-7/7-2a.nec,ok,ok,0.009087706916034222,0.00839721504598856,,0
cebik-w4rnl/Basic-Intermediate-Tutorial-Models/Tutorial-2/ch-7/7-2b.nec,ok,ok,0.008695737458765507,0.008565789088606834,,0
cebik-w4rnl/Basic-Intermediate-Tutorial-Models/Tutorial-2/ch-7/7-3.nec,ok,ok,0.012704984284937382,0.009099878370761871,,0
cebik-w4rnl/Basic-Intermediate-Tutorial-Models/Tutorial-2/ch-7/7-3a.nec,ok,ok,0.009341368451714516,0.009067145176231861,,0
cebik-w4rnl/Basic-Intermediate-Tutorial-Models/Tutorial-2/ch-7/7-4.nec,ok,ok,0.009498251602053642,0.008375216275453568,,0
cebik-w4rnl/Basic-Intermediate-Tutorial-Models/Tutorial-2/ch-7/7-5.nec,ok,ok,0.012108861468732357,0.008441370911896229,,0
cebik-w4rnl/Basic-Intermediate-Tutorial-Models/Tutorial-2/ch-7/7-5a.nec,ok,ok,0.008539272472262383,0.007166307419538498,,0
cebik-w4rnl/Basic-Intermediate-Tutorial-Models/Tutorial-2/ch-7/7-5b.nec,ok,ok,0.008639511652290821,0.015527136623859406,,0
cebik-w4rnl/Basic-Intermediate-Tutorial-Models/Tutorial-2/ch-7/7-8.nec,ok,ok,0.03006391692906618,0.02354734018445015,,0
cebik-w4rnl/Basic-Intermediate-Tutorial-Models/Tutorial-2/ch-7/7-9.nec,ok,ok,0.02296128962188959,0.01822227519005537,,0
cebik-w4rnl/Basic-Intermediate-Tutorial-Models/Tutorial-2/ch-7/7-9a.nec,ok,ok,0.3642780128866434,0.23748762719333172,1.5339,1
cebik-w4rnl/Basic-Intermediate-Tutorial-Models/Tutorial-2/ch-8/8-1.nec,ok,ok,0.007396673783659935,0.004138519987463951,,0
cebik-w4rnl/Basic-Intermediate-Tutorial-Models/Tutorial-2/ch-8/8-1a.nec,ok,ok,0.008210237137973309,0.007949305698275566,,0
cebik-w4rnl/Basic-Intermediate-Tutorial-Models/Tutorial-2/ch-8/8-1b.nec,ok,ok,0.006241518072783947,0.004067771136760712,,0
cebik-w4rnl/Basic-Intermediate-Tutorial-Models/Tutorial-2/ch-8/8-1c.nec,ok,ok,0.007744575850665569,0.005977374501526356,,0
cebik-w4rnl/Basic-Intermediate-Tutorial-Models/Tutorial-2/ch-8/8-2_1.nec,ok,ok,0.008126786909997463,0.008112659677863121,,0
cebik-w4rnl/Basic-Intermediate-Tutorial-Models/Tutorial-2/ch-8/8-2_2.nec,ok,ok,0.008788160979747772,0.00755523145198822,,0
cebik-w4rnl/Basic-Intermediate-Tutorial-Models/Tutorial-2/ch-8/8-3.nec,ok,ok,0.00652935728430748,0.004386678338050842,,0
cebik-w4rnl/Basic-Intermediate-Tutorial-Models/Tutorial-2/ch-8/8-3a.nec,no-impedance,no-impedance,0.0049267662689089775,0.003476235084235668,,0
cebik-w4rnl/Basic-Intermediate-Tutorial-Models/Tutorial-2/ch-8/8-3b.nec,no-impedance,no-impedance,0.005848255939781666,0.0033569373190402985,,0
cebik-w4rnl/Basic-Intermediate-Tutorial-Models/Tutorial-2/ch-8/8-3c.nec,ok,ok,0.006495770066976547,0.005257491022348404,,0
cebik-w4rnl/Basic-Intermediate-Tutorial-Models/Tutorial-2/ch-8/8-3d.nec,ok,ok,0.007175804115831852,0.006407927721738815,,0
cebik-w4rnl/Basic-Intermediate-Tutorial-Models/Tutorial-2/ch-8/8-4.nec,ok,ok,0.018405945040285587,0.019749358296394348,,0
cebik-w4rnl/Basic-Intermediate-Tutorial-Models/Tutorial-2/ch-8/8-4a.nec,ok,ok,0.02324450947344303,0.027516799047589302,,0
cebik-w4rnl/Basic-Intermediate-Tutorial-Models/Tutorial-2/ch-8/8-5.nec,ok,ok,0.06842103786766529,0.04975319933146238,,0
cebik-w4rnl/Basic-Intermediate-Tutorial-Models/Tutorial-2/ch-8/8-5a.nec,ok,ok,0.11646568588912487,0.08407063689082861,1.3853,1
cebik-w4rnl/Basic-Intermediate-Tutorial-Models/Tutorial-2/ch-8/8-6.nec,ok,ok,0.06476960610598326,0.034366548992693424,,0
cebik-w4rnl/Basic-Intermediate-Tutorial-Models/Tutorial-2/ch-9/9-1.nec,ok,ok,0.012089750729501247,0.011482808738946915,,0
cebik-w4rnl/Basic-Intermediate-Tutorial-Models/Tutorial-2/ch-9/9-1a.nec,ok,ok,0.017532012425363064,0.01139163039624691,,0
cebik-w4rnl/Basic-Intermediate-Tutorial-Models/Tutorial-2/ch-9/9-2a.nec,ok,ok,0.12285767402499914,0.10654450580477715,1.1531,1
cebik-w4rnl/Basic-Intermediate-Tutorial-Models/Tutorial-2/ch-9/9-2b.nec,ok,ok,0.00885733962059021,0.007308964617550373,,0
cebik-w4rnl/Basic-Intermediate-Tutorial-Models/Tutorial-2/ch-9/9-2c.nec,ok,ok,0.020822545513510704,0.024656238965690136,,0
cebik-w4rnl/Basic-Intermediate-Tutorial-Models/Tutorial-2/ch-9/9-3a.nec,ok,ok,0.1209412207826972,0.10821553412824869,1.1176,1
cebik-w4rnl/Basic-Intermediate-Tutorial-Models/Tutorial-2/ch-9/9-3b.nec,ok,ok,0.05074646230787039,0.03560898918658495,,0
cebik-w4rnl/Basic-Intermediate-Tutorial-Models/Tutorial-2/ch-9/9-4.nec,ok,ok,0.3133115665987134,0.23679443076252937,1.3231,1
cebik-w4rnl/Basic-Intermediate-Tutorial-Models/Tutorial-2/ch-9/9-4a.nec,ok,ok,0.6216642996296287,0.4317730301991105,1.4398,1
cebik-w4rnl/Basic-Intermediate-Tutorial-Models/Tutorial-2/ch-9/9-4b.nec,ok,ok,0.6315269535407424,0.43165234848856926,1.4630,1
cebik-w4rnl/Basic-Intermediate-Tutorial-Models/Tutorial-2/ch-9/9-5.nec,ok,ok,0.01217636838555336,0.012892208993434906,,0
cebik-w4rnl/Basic-Intermediate-Tutorial-Models/Tutorial-2/ch-9/9-6.nec,ok,ok,0.058146203868091106,0.03416885621845722,,0
cebik-w4rnl/Basic-Intermediate-Tutorial-Models/Tutorial-2/ch-9/9-6a.nec,ok,ok,0.05739715415984392,0.034510658122599125,,0
cebik-w4rnl/Basic-Intermediate-Tutorial-Models/Tutorial-2/ch-9/9-7.nec,ok,ok,0.012143884785473347,0.010736684314906597,,0
cebik-w4rnl/Basic-Intermediate-Tutorial-Models/Tutorial-2/ch-9/9-7a.nec,ok,ok,0.012992973439395428,0.01140748243778944,,0
cebik-w4rnl/Basic-Intermediate-Tutorial-Models/Tutorial-2/ch-9/9-8.nec,ok,ok,0.01210959441959858,0.010769469663500786,,0
cebik-w4rnl/Basic-Intermediate-Tutorial-Models/Tutorial-2/ch-9/9-8a.nec,ok,ok,0.7828503642231226,0.41731321532279253,1.8759,1
cebik-w4rnl/Basic-Intermediate-Tutorial-Models/Tutorial-2/ch-9/9-8b.nec,ok,ok,0.36209079157561064,0.10522543173283339,3.4411,1
cebik-w4rnl/Basic-Intermediate-Tutorial-Models/Tutorial-2/ch-9/9-8c.nec,ok,ok,0.3804981876164675,0.10701108537614346,3.5557,1
cebik-w4rnl/Moxon-Rectangle-Notes-Models/mox10-1al.nec,ok,ok,0.015714142471551895,0.031463608145713806,,0
cebik-w4rnl/Moxon-Rectangle-Notes-Models/mox10-1alv.nec,ok,ok,0.013887621462345123,0.029832005500793457,,0
cebik-w4rnl/Moxon-Rectangle-Notes-Models/mox20-11.nec,ok,ok,0.01809579599648714,0.03085285145789385,,0
cebik-w4rnl/models/LPDAs/nec/LP100-1000-12el3ft150o.nec,ok,ok,0.17703006602823734,0.12745659705251455,1.3889,1
cebik-w4rnl/models/LPDAs/nec/lc14-7el38ft80o-1.nec,ok,ok,0.023441138677299023,0.09690243471413851,,0
cebik-w4rnl/models/LPDAs/nec/lc14-7el52ft65o-1.nec,ok,ok,0.022196081466972828,0.09128749743103981,,0
cebik-w4rnl/models/LPDAs/nec/lc21-5el21ft800o-1-vee.nec,ok,ok,0.03337848838418722,0.1018031919375062,,0
cebik-w4rnl/models/LPDAs/nec/lc21-7el35ft65o-75.nec,ok,ok,0.023342926986515522,0.08554779458791018,,0
cebik-w4rnl/models/LPDAs/nec/lc28-4el10ft75o.nec,ok,ok,0.023059692233800888,0.0988815063610673,,0
cebik-w4rnl/models/LPDAs/nec/lc28-5el16ft800o-75-Vee.nec,ok,ok,0.03430876135826111,0.1034929258748889,,0
cebik-w4rnl/models/LPDAs/nec/lc28-5el20ft150o-50-W6SAI.nec,ok,ok,0.016426841728389263,0.08827250171452761,,0
cebik-w4rnl/models/LPDAs/nec/lc28-6el12ft75o-1.nec,ok,ok,0.01882751379162073,0.07048829458653927,,0
cebik-w4rnl/models/LPDAs/nec/lc28-6el28ft100o-50.nec,ok,ok,0.018479573540389538,0.08798291627317667,,0
cebik-w4rnl/models/LPDAs/nec/lc28-7el14ft80o-875.nec,ok,ok,0.02565625961869955,0.10903746541589499,,0
cebik-w4rnl/models/LPDAs/nec/lc28-7el15ft100o-1.nec,ok,ok,0.021519494242966175,0.12345255818217993,,0
cebik-w4rnl/models/LPDAs/nec/lc28-7el15ft80o-1.nec,ok,ok,0.022286091931164265,0.09866934083402157,,0
cebik-w4rnl/models/LPDAs/nec/lc28-7el19ft80o-50.nec,ok,ok,0.026204850524663925,0.09462974965572357,,0
cebik-w4rnl/models/LPDAs/nec/lc28-7el19ft80o-75.nec,ok,ok,0.026424272917211056,0.0995485819876194,,0
cebik-w4rnl/models/LPDAs/nec/lc28-7el21ft65o-75.nec,ok,ok,0.022058439441025257,0.09112639259546995,,0
cebik-w4rnl/models/LPDAs/nec/lc28-7el25ft80o-75.nec,ok,ok,0.021816134452819824,0.09090208169072866,,0
cebik-w4rnl/models/LPDAs/nec/lc28-7el26ft65o-75.nec,ok,ok,0.02633600030094385,0.09069598279893398,,0
cebik-w4rnl/models/LPDAs/nec/lc28-7el28ft70o-75.nec,ok,ok,0.021344343200325966,0.10350072104483843,,0
cebik-w4rnl/models/LPDAs/nec/lp10-30-12el45ft250o.nec,ok,ok,0.07289937417954206,0.038251339457929134,,0
cebik-w4rnl/models/LPDAs/nec/lp10-30-15el45ft250o.nec,ok,ok,0.09663798753172159,0.09426426235586405,1.0252,1
cebik-w4rnl/models/LPDAs/nec/lp100-1000-12el5ft150o.nec,ok,ok,0.20072766486555338,0.1013863580301404,1.9798,1
cebik-w4rnl/models/LPDAs/nec/lp100-1000-26el5ft150o.nec,ok,ok,0.45166477654129267,0.23822965566068888,1.8959,1
cebik-w4rnl/models/LPDAs/nec/lp100-12elFM-med.nec,ok,ok,0.093562301248312,0.06515378970652819,1.4360,1
cebik-w4rnl/models/LPDAs/nec/lp100-16elFM-long.nec,ok,ok,0.11953998915851116,0.09954115562140942,1.2009,1
cebik-w4rnl/models/LPDAs/nec/lp100-8elFM-short.nec,ok,ok,0.020476389676332474,0.025793644599616528,,0
cebik-w4rnl/models/LPDAs/nec/lp14-29-11el30ft225o.nec,ok,ok,0.03375387843698263,0.11719995830208063,,0
cebik-w4rnl/models/LPDAs/nec/lp14-29-12el33ft250o-dir.nec,ok,ok,0.037703800946474075,0.10759816411882639,,0
cebik-w4rnl/models/LPDAs/nec/lp14-30-12el26ft125o.nec,ok,ok,0.04890282545238733,0.03103919979184866,,0
cebik-w4rnl/models/LPDAs/nec/lp14-30-12el32ft100o.nec,ok,ok,0.046171240508556366,0.0322099756449461,,0
cebik-w4rnl/models/LPDAs/nec/lp14-30-12el32ft400o.nec,ok,ok,0.051885941065847874,0.032704503275454044,,0
cebik-w4rnl/models/LPDAs/nec/lp14-30-13el29ft200o-telerana14.nec,ok,ok,0.05266486946493387,0.041519214399158955,,0
cebik-w4rnl/models/LPDAs/nec/lp14-30-13el29ft200o-telerana50.nec,ok,ok,0.05296611599624157,0.030547489412128925,,0
cebik-w4rnl/models/LPDAs/nec/lp14-30-13el29ft200o-teleranavee.nec,ok,ok,0.05875490512698889,0.035112444311380386,,0
cebik-w4rnl/models/LPDAs/nec/lp14-30-14el40ft100o.nec,ok,ok,0.20586504880338907,0.09700674656778574,2.1222,1
cebik-w4rnl/models/LPDAs/nec/lp14-30-15el42ft250o-dir-stepdia.nec,ok,ok,0.12507667113095522,0.08429860696196556,1.4837,1
cebik-w4rnl/models/LPDAs/nec/lp14-30-16el42ft100o-dir.nec,ok,ok,0.05122001003473997,0.10219192784279585,0.5012,1
cebik-w4rnl/models/LPDAs/nec/lp14-30-21el52ft200o.nec,ok,ok,0.056503694504499435,0.10645845904946327,0.5308,1
cebik-w4rnl/models/LPDAs/nec/lp14-30-22el56ft250o-dir.nec,ok,ok,0.061746345832943916,0.12579805683344603,0.4908,1
cebik-w4rnl/models/LPDAs/nec/lp14-30-24el58ft200o.nec,ok,ok,0.11090023536235094,0.11124013736844063,0.9969,1
cebik-w4rnl/models/LPDAs/nec/lp14-30-27el217ft200o.nec,ok,ok,0.11965484730899334,0.08869584277272224,1.3490,1
cebik-w4rnl/models/LPDAs/nec/lp14-30-7el20ft100o-K4EWG.nec,ok,ok,0.030415796674787998,0.07012650836259127,,0
cebik-w4rnl/models/LPDAs/nec/lp14-30-8el20ft200o.nec,ok,ok,0.030259868130087852,0.023744622245430946,,0
cebik-w4rnl/models/LPDAs/nec/lp14-30-9el21ft250o-dir.nec,ok,ok,0.03737399261444807,0.05054837837815285,,0
cebik-w4rnl/models/LPDAs/nec/lp144-6el5ft75o-1875.nec,ok,ok,0.03180814068764448,0.04453206714242697,,0
cebik-w4rnl/models/LPDAs/nec/lp17-5el32ft50o.nec,ok,ok,0.011430775746703148,0.016359316185116768,,0
cebik-w4rnl/models/LPDAs/nec/lp21-5el27ft50o.nec,ok,ok,0.015405860729515553,0.03475920669734478,,0
cebik-w4rnl/models/LPDAs/nec/lp220-15el11ft80o.nec,ok,ok,0.15601737331598997,0.13120311219245195,1.1891,1
cebik-w4rnl/models/LPDAs/nec/lp220-17el11ft60o.nec,ok,ok,0.14499896671622992,0.08772047515958548,1.6530,1
cebik-w4rnl/models/LPDAs/nec/lp220-18el11ft60o.nec,ok,ok,0.16795326955616474,0.16552980337291956,1.0146,1
cebik-w4rnl/models/LPDAs/nec/lp220-20el12ft60o.nec,ok,ok,0.20090730767697096,0.17063647881150246,1.1774,1
cebik-w4rnl/models/LPDAs/nec/lp220-20el13ft60o.nec,ok,ok,0.13590823579579592,0.18375749420374632,0.7396,1
cebik-w4rnl/models/LPDAs/nec/lp250-276-21el4ft80o.nec,ok,ok,0.08365171775221825,0.11295837257057428,0.7406,1
cebik-w4rnl/models/LPDAs/nec/lp250-317-10el3ft75o.nec,ok,ok,0.017709515057504177,0.037129126489162445,,0
cebik-w4rnl/models/LPDAs/nec/lp250-317-15el5ft75o.nec,ok,ok,0.03093518503010273,0.09546440746635199,,0
cebik-w4rnl/models/LPDAs/nec/lp250-317-8el3ft75o.nec,ok,ok,0.01507610734552145,0.06210506986826658,,0
cebik-w4rnl/models/LPDAs/nec/lp250-500-12el3ft80o.nec,ok,ok,0.04845613334327936,0.12056593410670757,,0
cebik-w4rnl/models/LPDAs/nec/lp250-500-20el3ft80o.nec,ok,ok,0.10713901277631521,0.11516036931425333,0.9303,1
cebik-w4rnl/models/LPDAs/nec/lp28-30-4el8ft200o-wire12.nec,ok,ok,0.023142531514167786,0.09450699482113123,,0
cebik-w4rnl/models/LPDAs/nec/lp28-30-4el8ft75o-W4RNL.nec,ok,ok,0.027067027986049652,0.08408714178949594,,0
cebik-w4rnl/models/LPDAs/nec/lp28-30-4el8ft75o-fatel-W4RNL.nec,ok,ok,0.0218083206564188,0.02168176043778658,,0
cebik-w4rnl/models/LPDAs/nec/lp28-30-4el8ft75o-stepdia-W4RNL.nec,ok,ok,0.025139923207461834,0.06859921105206013,,0
cebik-w4rnl/models/LPDAs/nec/lp28-30-53l8ft300o-wire12-zigzag.nec,ok,ok,0.05637361854314804,0.07630979362875223,0.7387,1
cebik-w4rnl/models/LPDAs/nec/lp28-30-5el8ftnoline-wire10-zigzag.nec,ok,ok,0.033074500039219856,0.0355746578425169,,0
cebik-w4rnl/models/LPDAs/nec/lp28-31-10el48ft80o.nec,ok,ok,0.025681087747216225,0.054048352874815464,,0
cebik-w4rnl/models/LPDAs/nec/lp3-30-20el100ft200o.nec,ok,ok,0.6183366142213345,0.25683178566396236,2.4076,1
cebik-w4rnl/models/LPDAs/nec/lp3-30-20el60ft150o.nec,ok,ok,0.32981318794190884,0.20530827809125185,1.6064,1
cebik-w4rnl/models/LPDAs/nec/lp3-30-21el100ft200o.nec,ok,ok,0.33959166519343853,0.17941469326615334,1.8928,1
cebik-w4rnl/models/LPDAs/nec/lp3-30-22el100ft200o.nec,ok,ok,0.34324846789240837,0.23871578462421894,1.4379,1
cebik-w4rnl/models/LPDAs/nec/lp3-30-23el100ft200o.nec,ok,ok,0.3905465258285403,0.2274929853156209,1.7167,1
cebik-w4rnl/models/LPDAs/nec/lp3-30-24el100ft200o.nec,ok,ok,0.43336111679673195,0.2389539023861289,1.8136,1
cebik-w4rnl/models/LPDAs/nec/lp3-30-25el100ft200o.nec,ok,ok,0.45308307837694883,0.24677986279129982,1.8360,1
cebik-w4rnl/models/LPDAs/nec/lp3-30-26el100ft200o.nec,ok,ok,0.5015366794541478,0.24434868898242712,2.0525,1
cebik-w4rnl/models/LPDAs/nec/lp3-30-26el164ft150o.nec,ok,ok,0.4998493641614914,0.272072016261518,1.8372,1
cebik-w4rnl/models/LPDAs/nec/lp3-30-33el100ft150o.nec,ok,ok,0.5142706241458654,0.23367062956094742,2.2008,1
cebik-w4rnl/models/LPDAs/nec/lp3-30-33el168ft250o.nec,ok,ok,0.9737013736739755,0.3852325761690736,2.5276,1
cebik-w4rnl/models/LPDAs/nec/lp3-30-42el164ft250o.nec,ok,ok,1.4826558912172914,0.5300072962418199,2.7974,1
cebik-w4rnl/models/LPDAs/nec/lp3-7-10el55ft200o.nec,ok,ok,0.028452877886593342,0.09176130779087543,,0
cebik-w4rnl/models/LPDAs/nec/lp3-7-10el56ft200o.nec,ok,ok,0.030406645499169827,0.022435545921325684,,0
cebik-w4rnl/models/LPDAs/nec/lp3-7-11el53ft200o.nec,ok,ok,0.028918256051838398,0.02098036464303732,,0
cebik-w4rnl/models/LPDAs/nec/lp3-7-12el53ft200o.nec,ok,ok,0.033043921925127506,0.10653622075915337,,0
cebik-w4rnl/models/LPDAs/nec/lp3-7-12el55ft200o.nec,ok,ok,0.03917468152940273,0.07090429402887821,,0
cebik-w4rnl/models/LPDAs/nec/lp3-7-16el84ft200o.nec,ok,ok,0.05012812931090593,0.1020141514018178,0.4914,1
cebik-w4rnl/models/LPDAs/nec/lp3r5-4-14el89ft200o-2.nec,ok,ok,0.05316546652466059,0.10394094325602055,0.5115,1
cebik-w4rnl/models/LPDAs/nec/lp3r5-4-6el86ft100o-2.nec,ok,ok,0.08171814028173685,0.14497295767068863,0.5637,1
cebik-w4rnl/models/LPDAs/nec/lp3r5-4-8el86ft100o-2.nec,ok,ok,0.02633380889892578,0.09582550637423992,,0
cebik-w4rnl/models/LPDAs/nec/lp3r5-4-8el86ft150o-12.nec,ok,ok,0.026585271582007408,0.09426282253116369,,0
cebik-w4rnl/models/LPDAs/nec/lp4-30-19el60ft200o.nec,ok,ok,0.24975734669715166,0.11901660356670618,2.0985,1
cebik-w4rnl/models/LPDAs/nec/lp4-30-20el65ft150o.nec,ok,ok,0.30621394142508507,0.18955160211771727,1.6155,1
cebik-w4rnl/models/LPDAs/nec/lp4-30-20el65ft200o.nec,ok,ok,0.21791543811559677,0.158063480630517,1.3787,1
cebik-w4rnl/models/LPDAs/nec/lp4-30-21el65ft200o.nec,ok,ok,0.2560440255329013,0.14792179502546787,1.7309,1
cebik-w4rnl/models/LPDAs/nec/lp40-90-22el20ft100o-dir.nec,ok,ok,0.05944320186972618,0.08456870447844267,0.7029,1
cebik-w4rnl/models/LPDAs/nec/lp400-800-12el1ft250o.nec,ok,ok,0.04613091330975294,0.051390460692346096,,0
cebik-w4rnl/models/LPDAs/nec/lp7-15-10el35ft200o.nec,ok,ok,0.027922273613512516,0.04667613375931978,,0
cebik-w4rnl/models/LPDAs/nec/lp7-15-11el44ft200o-dir.nec,ok,ok,0.028994165360927582,0.10828541498631239,,0
cebik-w4rnl/models/LPDAs/nec/lp7-15-12el42ft200o.nec,ok,ok,0.033311428502202034,0.10272554587572813,,0
cebik-w4rnl/models/LPDAs/nec/lp7-15-13el53ft200o.nec,ok,ok,0.04014307074248791,0.1133919283747673,,0
cebik-w4rnl/models/LPDAs/nec/lp7-15-16el28ft200o.nec,ok,ok,0.057583327405154705,0.10493282601237297,0.5488,1
cebik-w4rnl/models/LPDAs/nec/lp7-15-16el56ft200o.nec,ok,ok,0.04827242810279131,0.04736797697842121,,0
cebik-w4rnl/models/LPDAs/nec/lp7-15-16el70ft200o.nec,ok,ok,0.04946812614798546,0.05443405173718929,,0
cebik-w4rnl/models/LPDAs/nec/lp7-15-16el84ft200o.nec,ok,ok,0.04490149486809969,0.04254977684468031,,0
cebik-w4rnl/models/LPDAs/nec/lp7-15-22el78ft200o.nec,ok,ok,0.09378521051257849,0.06571213714778423,1.4272,1
cebik-w4rnl/models/LPDAs/nec/lp7-15-27el434ft200o.nec,ok,ok,0.1329826032742858,0.13624498154968023,0.9761,1
cebik-w4rnl/models/LPDAs/nec/lp7-15-7el25ft200o.nec,ok,ok,0.015907905995845795,0.09211131930351257,,0
cebik-w4rnl/models/LPDAs/nec/lp7-15-7el37ft200o.nec,ok,ok,0.016475265845656395,0.01998457871377468,,0
cebik-w4rnl/models/LPDAs/nec/lp7-15-9el31ft200o.nec,ok,ok,0.02492309082299471,0.02982148341834545,,0
cebik-w4rnl/models/LPDAs/nec/lp800-1200-17el3ft200o.nec,ok,ok,0.03146077413111925,0.04048591572791338,,0
cebik-w4rnl/models/LPDAs/nec/lp850-2600-36el4ft200o.nec,ok,ok,0.33852970879524946,0.21865701489150524,1.5482,1
cebik-w4rnl/models/LPDAs/nec/lp850-2600-37el4ft80o.nec,ok,ok,0.39499065559357405,0.2017141254618764,1.9582,1
cebik-w4rnl/models/LPDAs/nec/lp900-1400-36el4ft200o.nec,ok,ok,0.3697936963289976,0.16244421433657408,2.2764,1
cebik-w4rnl/models/LPDAs/nec/lpma3r5-4-6el86ft75o-buriedradials.nec,ok,ok,24.041001330129802,6.33584119938314,3.7944,1
cebik-w4rnl/models/Phased-Arrays/nec/10-28-edzlazyh-fs-14.nec,ok,ok,0.013582052662968636,0.01262450497597456,,0
cebik-w4rnl/models/Phased-Arrays/nec/14-29-lpda-50.nec,ok,ok,0.10887230187654495,0.05826781038194895,1.8685,1
cebik-w4rnl/models/Phased-Arrays/nec/14-8jk-fs-75.nec,ok,ok,0.010104825720191002,0.009054625406861305,,0
cebik-w4rnl/models/Phased-Arrays/nec/14-8jkstack-stdphase-12.nec,ok,ok,0.4861726928502321,0.2983318539336324,1.6296,1
cebik-w4rnl/models/Phased-Arrays/nec/14-8jkstack-xphased-12.nec,ok,ok,0.4780170498415828,0.29021143913269043,1.6471,1
cebik-w4rnl/models/Phased-Arrays/nec/14-fdsp-W7EL.nec,ok,ok,0.22064844705164433,0.14592705853283405,1.5120,1
cebik-w4rnl/models/Phased-Arrays/nec/14-longelphased-directfeedp1-W4RNL.nec,ok,ok,0.016068494878709316,0.0625039329752326,,0
cebik-w4rnl/models/Phased-Arrays/nec/14-phased35o-50-W4RNL.nec,ok,ok,0.22899131756275892,0.17541280947625637,1.3054,1
cebik-w4rnl/models/Phased-Arrays/nec/14-phasedsplit50o-50-W4RNL.nec,ok,ok,0.008348957635462284,0.03624197747558355,,0
cebik-w4rnl/models/Phased-Arrays/nec/14-shortel-stubs-50-N7CL.nec,ok,ok,0.1190094742923975,0.11624469608068466,1.0238,1
cebik-w4rnl/models/Phased-Arrays/nec/14-stacked3elYagis-1.nec,ok,ok,0.13906937651336193,0.1260648500174284,1.1032,1
cebik-w4rnl/models/Phased-Arrays/nec/14-zlsporig-1-ZL3MH.nec,ok,ok,0.127470918931067,0.11966570932418108,1.0652,1
cebik-w4rnl/models/Phased-Arrays/nec/144-3eledzvbeam-fs-40.nec,ok,ok,0.03627552557736635,0.1020445516332984,,0
cebik-w4rnl/models/Phased-Arrays/nec/146-436-dualquad turnstile-sat-146.nec,ok,ok,0.7668951908126473,0.29797310568392277,2.5737,1
cebik-w4rnl/models/Phased-Arrays/nec/146-436-dualquadturnstile-sat-436.nec,ok,ok,0.5309358481317759,0.2186653409153223,2.4281,1
cebik-w4rnl/models/Phased-Arrays/nec/146-moxrectturnstile-sat-1875.nec,ok,ok,0.27355513721704483,0.19754089694470167,1.3848,1
cebik-w4rnl/models/Phased-Arrays/nec/18-fdsp-W7EL.nec,ok,ok,0.22902111615985632,0.1467639384791255,1.5605,1
cebik-w4rnl/models/Phased-Arrays/nec/18-longelphased-directfeedp1-W4RNL.nec,ok,ok,0.0159600293263793,0.0970816845074296,,0
cebik-w4rnl/models/Phased-Arrays/nec/18-phased35o-50-W4RNL.nec,ok,ok,0.2063586013391614,0.16375383827835321,1.2602,1
cebik-w4rnl/models/Phased-Arrays/nec/18-phasedsplit50o-50-W4RNL.nec,ok,ok,0.008345305919647217,0.02893837634474039,,0
cebik-w4rnl/models/Phased-Arrays/nec/18-shortel-stubs-50-N7CL.nec,ok,ok,0.12217041477560997,0.11763339582830667,1.0386,1
cebik-w4rnl/models/Phased-Arrays/nec/1r1-bc2elphased vert.nec,ok,ok,0.01624920964241028,0.0855210330337286,,0
cebik-w4rnl/models/Phased-Arrays/nec/1r4-bc3elendfire-pergnd.nec,ok,ok,0.041044931858778,0.10020019486546516,,0
cebik-w4rnl/models/Phased-Arrays/nec/1r4-bc6elb-s+e-f-pergnd.nec,ok,ok,0.134723792783916,0.13432313594967127,1.0030,1
cebik-w4rnl/models/Phased-Arrays/nec/1r5-bc2xhalfwldr+6parguy-sngnd.nec,ok,ok,1.4756996566429734,0.5947603359818459,2.4812,1
cebik-w4rnl/models/Phased-Arrays/nec/1r5-bc3elendfire-burrad.nec,ok,ok,3.487948245368898,1.1115345554426312,3.1380,1
cebik-w4rnl/models/Phased-Arrays/nec/1r5-bc4elendfire-pergnd.nec,ok,ok,0.21634067129343748,0.18257451336830854,1.1849,1
cebik-w4rnl/models/Phased-Arrays/nec/1r5-bc6elphaseaim-pergnd.nec,ok,ok,0.1371520385146141,0.06829684972763062,2.0082,1
cebik-w4rnl/models/Phased-Arrays/nec/1r5-bchalfwldr+6parguy-sngnd.nec,ok,ok,0.8141924431547523,0.43355607986450195,1.8779,1
cebik-w4rnl/models/Phased-Arrays/nec/1r8-2-elphased-radials.nec,ok,ok,6.0690355794504285,1.9270530603826046,3.1494,1
cebik-w4rnl/models/Phased-Arrays/nec/1r8-2x4elphased-K8UR.nec,ok,ok,0.8146431976929307,0.40768594294786453,1.9982,1
cebik-w4rnl/models/Phased-Arrays/nec/1r8-4el-broadside.nec,ok,ok,0.1289144866168499,0.15450141578912735,0.8344,1
cebik-w4rnl/models/Phased-Arrays/nec/1r8-4el-endfire-burrad.nec,ok,ok,5.680453319102526,1.716992013156414,3.3084,1
cebik-w4rnl/models/Phased-Arrays/nec/1r8-4el-endfire.nec,ok,ok,0.13976421486586332,0.14212316647171974,0.9834,1
cebik-w4rnl/models/Phased-Arrays/nec/1r8-4elphased-lowbend-K8UR.nec,ok,ok,0.4855700759217143,0.3135817600414157,1.5485,1
cebik-w4rnl/models/Phased-Arrays/nec/1r8-4elphased-midelbend-K8UR.nec,ok,ok,0.4401573287323117,0.33236496709287167,1.3243,1
cebik-w4rnl/models/Phased-Arrays/nec/1r8-5el-broadside.nec,ok,ok,0.16997628659009933,0.11888914089649916,1.4297,1
cebik-w4rnl/models/Phased-Arrays/nec/1r8-5el-endfire.nec,ok,ok,0.18478352762758732,0.11450931709259748,1.6137,1
cebik-w4rnl/models/Phased-Arrays/nec/21-2eledzbeam-2ref-gnd-12-ZL1LE.nec,ok,ok,0.2874432457610965,0.22182904370129108,1.2958,1
cebik-w4rnl/models/Phased-Arrays/nec/21-coledz-wiretl-12.nec,ok,ok,0.15303063951432705,0.11434781178832054,1.3383,1
cebik-w4rnl/models/Phased-Arrays/nec/21-fdsp-W7EL.nec,ok,ok,0.22585451044142246,0.16346250660717487,1.3817,1
cebik-w4rnl/models/Phased-Arrays/nec/21-longelphased-directfeedp1-W4RNL.nec,ok,ok,0.015100676566362381,0.0685433829203248,,0
cebik-w4rnl/models/Phased-Arrays/nec/21-phased35o-50-W4RNL.nec,ok,ok,0.18987210188061,0.16441985499113798,1.1548,1
cebik-w4rnl/models/Phased-Arrays/nec/21-phasedcoledz-fs-12.nec,ok,ok,0.07704472169280052,0.04579781461507082,,0
cebik-w4rnl/models/Phased-Arrays/nec/21-phasedsplit50o-50-W4RNL.nec,ok,ok,0.008424346335232258,0.006977317854762077,,0
cebik-w4rnl/models/Phased-Arrays/nec/21-shortel-stubs-50-N7CL.nec,ok,ok,0.123647416010499,0.11673702392727137,1.0592,1
cebik-w4rnl/models/Phased-Arrays/nec/21-zlsporig-1-ZL3MH.nec,ok,ok,0.12562390696257353,0.11250006500631571,1.1167,1
cebik-w4rnl/models/Phased-Arrays/nec/24-3elzlsp-fs-75.nec,ok,ok,0.018280508928000927,0.025399066507816315,,0
cebik-w4rnl/models/Phased-Arrays/nec/24-fdsp-W7EL.nec,ok,ok,0.22861628327518702,0.1753961956128478,1.3034,1
cebik-w4rnl/models/Phased-Arrays/nec/24-lazyh-fs-K7KGP.nec,ok,ok,0.013261201791465282,0.04559589922428131,,0
cebik-w4rnl/models/Phased-Arrays/nec/24-longelphased-directfeedp1-W4RNL.nec,ok,ok,0.0157104330137372,0.03956436458975077,,0
cebik-w4rnl/models/Phased-Arrays/nec/24-phased35o-50-W4RNL.nec,ok,ok,0.19892100244760513,0.1606335360556841,1.2384,1
cebik-w4rnl/models/Phased-Arrays/nec/24-phasedsplit50o-50-W4RNL.nec,ok,ok,0.008326402865350246,0.006916742771863937,,0
cebik-w4rnl/models/Phased-Arrays/nec/24-shortel-stubs-50-N7CL.nec,ok,ok,0.12335365265607834,0.122764996252954,1.0048,1
cebik-w4rnl/models/Phased-Arrays/nec/254-turnstileYagi-milsat.nec,ok,ok,0.3211303539574146,0.1958133289590478,1.6400,1
cebik-w4rnl/models/Phased-Arrays/nec/28-2eledzbeam-2ref-fs-12.nec,ok,ok,0.01241236086934805,0.027720194309949875,,0
cebik-w4rnl/models/Phased-Arrays/nec/28-2eledzbeam-fs-12.nec,ok,ok,0.01295649353414774,0.010128837078809738,,0
cebik-w4rnl/models/Phased-Arrays/nec/28-3eledzbeam-2ref-gnd-12.nec,ok,ok,0.11912482045590878,0.10643987637013197,1.1192,1
cebik-w4rnl/models/Phased-Arrays/nec/28-6elphasefedbeam-fs-50.nec,ok,ok,0.018324376083910465,0.011437552981078625,,0
cebik-w4rnl/models/Phased-Arrays/nec/28-7-lazyh-vert-14.nec,ok,ok,0.3029544726014137,0.27229598071426153,1.1126,1
cebik-w4rnl/models/Phased-Arrays/nec/28-fdsp-W7EL.nec,ok,ok,0.2296906327828765,0.13232550118118525,1.7358,1
cebik-w4rnl/models/Phased-Arrays/nec/28-longelphased-directfeedp1-W4RNL.nec,ok,ok,0.015898538753390312,0.01666753925383091,,0
cebik-w4rnl/models/Phased-Arrays/nec/28-phased-gammas-1-HB9CV.nec,ok,ok,0.021658441051840782,0.07495127245783806,,0
cebik-w4rnl/models/Phased-Arrays/nec/28-phased35o-50-W4RNL.nec,ok,ok,0.20398417860269547,0.16155658103525639,1.2626,1
cebik-w4rnl/models/Phased-Arrays/nec/28-phasedsplit50o-50-W4RNL.nec,ok,ok,0.008337203413248062,0.03166372887790203,,0
cebik-w4rnl/models/Phased-Arrays/nec/28-shortel-stubs-50-N7CL.nec,ok,ok,0.12696317862719297,0.12144263833761215,1.0455,1
cebik-w4rnl/models/Phased-Arrays/nec/28-shortel-stubstack-50-N7CL.nec,ok,ok,0.22222965955734253,0.16127316188067198,1.3780,1
cebik-w4rnl/models/Phased-Arrays/nec/28-swissquad-14.nec,ok,ok,0.016384494490921497,0.06465012300759554,,0
cebik-w4rnl/models/Phased-Arrays/nec/28-zlsp-udp-75-W4RNL.nec,ok,ok,0.13087261375039816,0.12668223772197962,1.0331,1
cebik-w4rnl/models/Phased-Arrays/nec/28-zlsporig-1-ZL3MH.nec,ok,ok,0.13019169867038727,0.1260785534977913,1.0326,1
cebik-w4rnl/models/Phased-Arrays/nec/28-zlsptrombone-ARRL.nec,ok,ok,0.18784661870449781,0.1494896011427045,1.2566,1
cebik-w4rnl/models/Phased-Arrays/nec/284-turnstilequad-milsat-ez.nec,ok,ok,0.466564835049212,0.2652949197217822,1.7587,1
cebik-w4rnl/models/Phased-Arrays/nec/300-11eldplarray.nec,ok,ok,0.10169371217489243,0.07074882742017508,1.4374,1
cebik-w4rnl/models/Phased-Arrays/nec/300-20eldplarray.nec,ok,ok,0.18832039833068848,0.15788236632943153,1.1928,1
cebik-w4rnl/models/Phased-Arrays/nec/300-30eldplarray.nec,ok,ok,0.315848246216774,0.13757361564785242,2.2958,1
cebik-w4rnl/models/Phased-Arrays/nec/300-40eldplarray.nec,ok,ok,0.4696521097794175,0.24090190418064594,1.9496,1
cebik-w4rnl/models/Phased-Arrays/nec/300-50dplarray.nec,ok,ok,0.6815178627148271,0.31195329781621695,2.1847,1
cebik-w4rnl/models/Phased-Arrays/nec/3r6-2x4elphased-K8UR.nec,ok,ok,0.8750186851248145,0.4620011728256941,1.8940,1
cebik-w4rnl/models/Phased-Arrays/nec/3r6-4elphased-lowbend-K8UR.nec,ok,ok,0.4787073889747262,0.30543768126517534,1.5673,1
cebik-w4rnl/models/Phased-Arrays/nec/3r6-4elphased-midelbend-K8UR.nec,ok,ok,0.34810721781104803,0.21316986810415983,1.6330,1
cebik-w4rnl/models/Phased-Arrays/nec/3r6-8jk-12.nec,ok,ok,0.3728428613394499,0.2664707098156214,1.3992,1
cebik-w4rnl/models/Phased-Arrays/nec/3r6-bruce-3sect-12.nec,ok,ok,0.3284900365397334,0.23074652068316936,1.4236,1
cebik-w4rnl/models/Phased-Arrays/nec/3r6-bruce-4sect-12.nec,ok,ok,0.3332933420315385,0.23417783621698618,1.4232,1
cebik-w4rnl/models/Phased-Arrays/nec/3r6-bruce-5sect-12.nec,ok,ok,0.40149958059191704,0.27742480859160423,1.4472,1
cebik-w4rnl/models/Phased-Arrays/nec/3r6-halfwldr+6parguy-sngnd.nec,ok,ok,0.6930529829114676,0.3905424391850829,1.7746,1
cebik-w4rnl/models/Phased-Arrays/nec/3r6-phasedrect-10-N2DT.nec,ok,ok,0.37853113003075123,0.26967041194438934,1.4037,1
cebik-w4rnl/models/Phased-Arrays/nec/3r6-sterba-12.nec,ok,ok,0.5972311152145267,0.33433886989951134,1.7863,1
cebik-w4rnl/models/Phased-Arrays/nec/3r6-sterba-ctrfed-12.nec,ok,ok,0.5639079008251429,0.33571813255548477,1.6797,1
cebik-w4rnl/models/Phased-Arrays/nec/3r9-halfwldr+6parguy-sngnd.nec,ok,ok,0.6198827913030982,0.4129238957539201,1.5012,1
cebik-w4rnl/models/Phased-Arrays/nec/432-col-coilmatch.nec,ok,ok,0.09906524047255516,0.0592800285667181,1.6711,1
cebik-w4rnl/models/Phased-Arrays/nec/432-col-indloadmatch.nec,ok,ok,0.06761275697499514,0.04258078057318926,,0
cebik-w4rnl/models/Phased-Arrays/nec/436-moxrectturnstile-sat-12.nec,ok,ok,0.16308543179184198,0.16921443585306406,0.9638,1
cebik-w4rnl/models/Phased-Arrays/nec/436-turnstileYagi-sat.nec,ok,ok,0.3201009947806597,0.1905929446220398,1.6795,1
cebik-w4rnl/models/Phased-Arrays/nec/50-edzlazyh-fs-14.nec,ok,ok,0.015041276812553406,0.032368539832532406,,0
cebik-w4rnl/models/Phased-Arrays/nec/5r4-2x4elphased-K8UR.nec,ok,ok,0.8938045706599951,0.4360282300040126,2.0499,1
cebik-w4rnl/models/Phased-Arrays/nec/5r4-4elphased-lowbend-K8UR.nec,ok,ok,0.47120943758636713,0.32659685984253883,1.4428,1
cebik-w4rnl/models/Phased-Arrays/nec/5r4-4elphased-midelbend-K8UR.nec,ok,ok,0.3323934320360422,0.21793091017752886,1.5252,1
cebik-w4rnl/models/Phased-Arrays/nec/5r4-halfwldr+6parguy-sngnd.nec,ok,ok,0.6443242132663727,0.3597328057512641,1.7911,1
cebik-w4rnl/models/Phased-Arrays/nec/7-2elphased-pergnd-2.nec,ok,ok,0.020703621208667755,0.017370653338730335,,0
cebik-w4rnl/models/Phased-Arrays/nec/7-2xhalfwldr+6parguy-sngnd.nec,ok,ok,1.4554406329989433,0.583385743200779,2.4948,1
cebik-w4rnl/models/Phased-Arrays/nec/7-4square phased verts.nec,ok,ok,0.013846459798514843,0.011958301067352295,,0
cebik-w4rnl/models/Phased-Arrays/nec/7-halfwldr+6parguy-sngnd.nec,ok,ok,0.6172791561111808,0.3387241084128618,1.8224,1
cebik-w4rnl/models/Phased-Arrays/nec/903-vertmonoYagis-inphasefed.nec,ok,ok,0.018720459192991257,0.07421645894646645,,0
cebik-w4rnl/models/Quads/nec/10-2eloptquad-12.nec,ok,ok,0.016643710434436798,0.0607181740924716,,0
cebik-w4rnl/models/Quads/nec/10-3elopthgquad-12.nec,ok,ok,0.019158334471285343,0.03558767028152943,,0
cebik-w4rnl/models/Quads/nec/10-3eloptwbquad-12.nec,ok,ok,0.021198502741754055,0.09877554047852755,,0
cebik-w4rnl/models/Quads/nec/10-4eloptquad-12.nec,ok,ok,0.025115647353231907,0.09301082324236631,,0
cebik-w4rnl/models/Quads/nec/1296-2eloptquad-12.nec,ok,ok,0.015201596543192863,0.0851635243743658,,0
cebik-w4rnl/models/Quads/nec/1296-3elopthgquad-12.nec,ok,ok,0.020080694928765297,0.06547877565026283,,0
cebik-w4rnl/models/Quads/nec/1296-3eloptwbquad-12.nec,ok,ok,0.018872407265007496,0.020686947740614414,,0
cebik-w4rnl/models/Quads/nec/1296-4eloptquad-12.nec,ok,ok,0.027186445891857147,0.11665720120072365,,0
cebik-w4rnl/models/Quads/nec/14-1elloop-diamond-14.nec,ok,ok,0.017092030495405197,0.1200771490111947,,0
cebik-w4rnl/models/Quads/nec/14-28-2b2elquad-14-1feed.nec,ok,ok,0.31596347130835056,0.26362805999815464,1.1985,1
cebik-w4rnl/models/Quads/nec/14-28-2b2elquad-14-widesp.nec,ok,ok,0.020641802810132504,0.07403690461069345,,0
cebik-w4rnl/models/Quads/nec/14-2eloptquad-12.nec,ok,ok,0.014833864755928516,0.013635102659463882,,0
cebik-w4rnl/models/Quads/nec/14-2elquad-sq-14-medsp.nec,ok,ok,0.016125413589179516,0.014458931982517242,,0
cebik-w4rnl/models/Quads/nec/14-2elquad-sq-14-smallsp.nec,ok,ok,0.012970970943570137,0.011905813589692116,,0
cebik-w4rnl/models/Quads/nec/14-2elquad-sq-widesp.nec,ok,ok,0.011685814708471298,0.01090931799262762,,0
cebik-w4rnl/models/Quads/nec/14-3elopthgquad-12.nec,ok,ok,0.01841380074620247,0.017491746693849564,,0
cebik-w4rnl/models/Quads/nec/14-3eloptwbquad-12.nec,ok,ok,0.01840613316744566,0.017105547711253166,,0
cebik-w4rnl/models/Quads/nec/14-3elquad-12-W6SAI.nec,ok,ok,0.027261391282081604,0.041742405854165554,,0
cebik-w4rnl/models/Quads/nec/14-3elquad-14-K2OB.nec,ok,ok,0.028537805192172527,0.05948645528405905,,0
cebik-w4rnl/models/Quads/nec/14-3elquad-14-Yagisp.nec,ok,ok,0.027989585883915424,0.0289233336225152,,0
cebik-w4rnl/models/Quads/nec/14-4eloptquad-12.nec,ok,ok,0.024837804958224297,0.04049075674265623,,0
cebik-w4rnl/models/Quads/nec/14-5elquad-10-eqsp-W4RNL.nec,ok,ok,0.08042246848344803,0.0875142877921462,0.9190,1
cebik-w4rnl/models/Quads/nec/14-5elquad-14-K2OB-80ft.nec,ok,ok,0.06450349558144808,0.05160076729953289,1.2500,1
cebik-w4rnl/models/Quads/nec/14-5elquad-14-K2OB.nec,ok,ok,0.06541627272963524,0.10425213910639286,0.6275,1
cebik-w4rnl/models/Quads/nec/14-6elquad-8.nec,ok,ok,0.1011262396350503,0.13624024111777544,0.7423,1
cebik-w4rnl/models/Quads/nec/144-2eloptquad-12.nec,ok,ok,0.01515898760408163,0.027285312302410603,,0
cebik-w4rnl/models/Quads/nec/144-3eloctagon-50.nec,ok,ok,0.018277662806212902,0.06491423305124044,,0
cebik-w4rnl/models/Quads/nec/144-3elopthgquad-12.nec,ok,ok,0.01883423887193203,0.06958035845309496,,0
cebik-w4rnl/models/Quads/nec/144-3eloptwbquad-12.nec,ok,ok,0.020457004196941853,0.09227156080305576,,0
cebik-w4rnl/models/Quads/nec/144-4eloptquad-12.nec,ok,ok,0.025120324455201626,0.10209926217794418,,0
cebik-w4rnl/models/Quads/nec/144-6elquad-14.nec,ok,ok,0.10586426220834255,0.11428349278867245,0.9263,1
cebik-w4rnl/models/Quads/nec/18-24-2b5-6elquad-W4RNL.nec,ok,ok,0.23478490486741066,0.13511736132204533,1.7376,1
cebik-w4rnl/models/Quads/nec/18-2eloptquad-12.nec,ok,ok,0.015211847610771656,0.04087436571717262,,0
cebik-w4rnl/models/Quads/nec/18-2elquad-sq-14-679ftsp.nec,ok,ok,0.010939166881144047,0.03716864436864853,,0
cebik-w4rnl/models/Quads/nec/18-2elquad-sq-14-944ftsp.nec,ok,ok,0.01645270176231861,0.1275641843676567,,0
cebik-w4rnl/models/Quads/nec/18-3elopthgquad-12.nec,ok,ok,0.019522711634635925,0.09274185821413994,,0
cebik-w4rnl/models/Quads/nec/18-3eloptwbquad.nec,ok,ok,0.024625856429338455,0.01800665445625782,,0
cebik-w4rnl/models/Quads/nec/18-3elquad-14-reversible-AA2NN.nec,ok,ok,0.38397375866770744,0.2654431061819196,1.4465,1
cebik-w4rnl/models/Quads/nec/18-3elquad-14.nec,ok,ok,0.3772797482088208,0.2520930487662554,1.4966,1
cebik-w4rnl/models/Quads/nec/18-4eloptquad-12.nec,ok,ok,0.02477211970835924,0.040274372324347496,,0
cebik-w4rnl/models/Quads/nec/21-28-2b2elquad-14-spider.nec,ok,ok,0.017310159280896187,0.03982668463140726,,0
cebik-w4rnl/models/Quads/nec/21-2eloptquad-12.nec,ok,ok,0.01601091492921114,0.13277164101600647,,0
cebik-w4rnl/models/Quads/nec/21-2elquad-sq-14-580ftsp.nec,ok,ok,0.010853365994989872,0.04021701402962208,,0
cebik-w4rnl/models/Quads/nec/21-2elquad-sq-14-8ftsp.nec,ok,ok,0.016298518516123295,0.10958865284919739,,0
cebik-w4rnl/models/Quads/nec/21-2elquad-sq-18-ARRL.nec,ok,ok,0.014335451647639275,0.023753909394145012,,0
cebik-w4rnl/models/Quads/nec/21-3elopthgquad-12.nec,ok,ok,0.01901158969849348,0.042830328457057476,,0
cebik-w4rnl/models/Quads/nec/21-3eloptwbquad-12.nec,ok,ok,0.01784356404095888,0.028979388996958733,,0
cebik-w4rnl/models/Quads/nec/21-4eloptquad-12.nec,ok,ok,0.024010082706809044,0.11430778354406357,,0
cebik-w4rnl/models/Quads/nec/21-5elquad-14-eqsp-W4RNL.nec,ok,ok,0.07570752874016762,0.1139018852263689,0.6647,1
cebik-w4rnl/models/Quads/nec/21-6elquad-8.nec,ok,ok,0.10587444249540567,0.11478405818343163,0.9224,1
cebik-w4rnl/models/Quads/nec/220-2eloptquad-12.nec,ok,ok,0.022345837205648422,0.10676683112978935,,0
cebik-w4rnl/models/Quads/nec/220-3elopthgquad-12.nec,ok,ok,0.023035728372633457,0.01871887780725956,,0
cebik-w4rnl/models/Quads/nec/220-3eloptwbquad-12.nec,ok,ok,0.018312104046344757,0.020238276571035385,,0
cebik-w4rnl/models/Quads/nec/220-4eloptquad-12.nec,ok,ok,0.02611664868891239,0.028698434121906757,,0
cebik-w4rnl/models/Quads/nec/24-1elloop-diamond-14.nec,ok,ok,0.032885411754250526,0.029770726338028908,,0
cebik-w4rnl/models/Quads/nec/24-1elloop-diamond-load-14.nec,ok,ok,0.030922899022698402,0.1206613052636385,,0
cebik-w4rnl/models/Quads/nec/24-2eloptquad-12.nec,ok,ok,0.029454928822815418,0.08702774066478014,,0
cebik-w4rnl/models/Quads/nec/24-2elquad-dia-14-675ftsp.nec,ok,ok,0.05143189616501331,0.05571874510496855,0.9231,1
cebik-w4rnl/models/Quads/nec/24-2elquad-sq-14-5ftsp.nec,ok,ok,0.012465848587453365,0.02317439392209053,,0
cebik-w4rnl/models/Quads/nec/24-2elquad-sq-14-685ftsp.nec,ok,ok,0.017664295621216297,0.06196287274360657,,0
cebik-w4rnl/models/Quads/nec/24-3elopthgquad-12.nec,ok,ok,0.019563032314181328,0.048753499053418636,,0
cebik-w4rnl/models/Quads/nec/24-3eloptwbquad-12.nec,ok,ok,0.01967252977192402,0.020717814564704895,,0
cebik-w4rnl/models/Quads/nec/24-4eloptquad-12.nec,ok,ok,0.022527595050632954,0.018308143131434917,,0
cebik-w4rnl/models/Quads/nec/28-1elloop-1.nec,ok,ok,0.013558258302509785,0.0731054125353694,,0
cebik-w4rnl/models/Quads/nec/28-1elloop-14.nec,ok,ok,0.017752666026353836,0.0576785821467638,,0
cebik-w4rnl/models/Quads/nec/28-1elloop-load-14.nec,ok,ok,0.0170247508212924,0.1010982496663928,,0
cebik-w4rnl/models/Quads/nec/28-2eldeltaloop-14.nec,ok,ok,0.03785368613898754,0.09052832052111626,,0
cebik-w4rnl/models/Quads/nec/28-2eloptquad-12.nec,ok,ok,0.01512946281582117,0.013962572440505028,,0
cebik-w4rnl/models/Quads/nec/28-2elquad-dia-load-14.nec,ok,ok,0.05993035528808832,0.10006119310855865,0.5989,1
cebik-w4rnl/models/Quads/nec/28-2elquad-sq-14-6ftsp.nec,ok,ok,0.015888969413936138,0.09448728151619434,,0
cebik-w4rnl/models/Quads/nec/28-2elquad-sq-14-medsp.nec,ok,ok,0.019467724487185478,0.0829699095338583,,0
cebik-w4rnl/models/Quads/nec/28-2elquad-sq-14-smallsp.nec,ok,ok,0.02152480836957693,0.08725873753428459,,0
cebik-w4rnl/models/Quads/nec/28-2elquad-sq-14-widesp.nec,ok,ok,0.01645048800855875,0.021377052180469036,,0
cebik-w4rnl/models/Quads/nec/28-2elquad-sq-14.nec,ok,ok,0.012085489928722382,0.014399243518710136,,0
cebik-w4rnl/models/Quads/nec/28-2elquad-sq-dblload-14.nec,ok,ok,0.09560492634773254,0.1322071747854352,0.7231,1
cebik-w4rnl/models/Quads/nec/28-2elquad-sq-load-14.nec,ok,ok,0.052084400318562984,0.1412877244874835,0.3686,1
cebik-w4rnl/models/Quads/nec/28-2elquad-sq-load.nec,ok,ok,0.031976133584976196,0.0841122567653656,,0
cebik-w4rnl/models/Quads/nec/28-2elswissdelta-14.nec,ok,ok,0.016553808003664017,0.07403783220797777,,0
cebik-w4rnl/models/Quads/nec/28-3elopthgquad-12.nec,ok,ok,0.01864301785826683,0.06222971994429827,,0
cebik-w4rnl/models/Quads/nec/28-3eloptwbquad-12.nec,ok,ok,0.025599604472517967,0.04689787607640028,,0
cebik-w4rnl/models/Quads/nec/28-3elquad-14-Yagisp.nec,ok,ok,0.03365165088325739,0.015716965310275555,,0
cebik-w4rnl/models/Quads/nec/28-3elquad-50-Yagisp.nec,ok,ok,0.03004186600446701,0.04744402226060629,,0
cebik-w4rnl/models/Quads/nec/28-4eloptquad-12.nec,ok,ok,0.023937098681926727,0.1276166709139943,,0
cebik-w4rnl/models/Quads/nec/28-5elquad-16-eqsp-W4RNL.nec,ok,ok,0.07689061667770147,0.14434292912483215,0.5327,1
cebik-w4rnl/models/Quads/nec/28-6elquad-8.nec,ok,ok,0.09591661021113396,0.12550309300422668,0.7643,1
cebik-w4rnl/models/Quads/nec/28-birdcage-dri-14.nec,ok,ok,0.021624380722641945,0.03682549111545086,,0
cebik-w4rnl/models/Quads/nec/28-birdcage-ref-14.nec,ok,ok,0.021426653489470482,0.03224985674023628,,0
cebik-w4rnl/models/Quads/nec/3band2elquad-14-1feed-a.nec,ok,ok,0.5460106413811445,0.33082019723951817,1.6505,1
cebik-w4rnl/models/Quads/nec/3band2elquad-14-1feed.nec,ok,ok,0.40854502748697996,0.2430069660767913,1.6812,1
cebik-w4rnl/models/Quads/nec/3band4elquad-12-ARRL.nec,ok,ok,0.10558927152305841,0.12495827209204435,0.8450,1
cebik-w4rnl/models/Quads/nec/3r6-2eloptquad-12.nec,ok,ok,0.014589954167604446,0.04453970305621624,,0
cebik-w4rnl/models/Quads/nec/3r6-3elopthgquad-12.nec,ok,ok,0.01891903765499592,0.033225259743630886,,0
cebik-w4rnl/models/Quads/nec/3r6-3eloptwbquad-12.nec,ok,ok,0.019244998693466187,0.05018706060945988,,0
cebik-w4rnl/models/Quads/nec/3r6-4eloptquad-12.nec,ok,ok,0.025700065307319164,0.024105209857225418,,0
cebik-w4rnl/models/Quads/nec/3r9-2eloptquad-12.nec,ok,ok,0.01494370773434639,0.01850600354373455,,0
cebik-w4rnl/models/Quads/nec/3r9-3elopthgquad-12.nec,ok,ok,0.018932669423520565,0.01604588609188795,,0
cebik-w4rnl/models/Quads/nec/3r9-3eloptwbquad-12.nec,ok,ok,0.01920016761869192,0.017064987681806087,,0
cebik-w4rnl/models/Quads/nec/3r9-4eloptquad-12.nec,ok,ok,0.025052182376384735,0.048394800163805485,,0
cebik-w4rnl/models/Quads/nec/432-2eloptquad-12.nec,ok,ok,0.021711663343012333,0.03839653544127941,,0
cebik-w4rnl/models/Quads/nec/432-3elopthgquad-12.nec,ok,ok,0.01939376536756754,0.09230842534452677,,0
cebik-w4rnl/models/Quads/nec/432-3eloptwbquad-12.nec,ok,ok,0.018047712743282318,0.10227838903665543,,0
cebik-w4rnl/models/Quads/nec/432-4eloptquad-12.nec,ok,ok,0.023739391937851906,0.030676485039293766,,0
cebik-w4rnl/models/Quads/nec/50-2eloptquad-12.nec,ok,ok,0.015076404437422752,0.029431375674903393,,0
cebik-w4rnl/models/Quads/nec/50-3elopthgquad-12.nec,ok,ok,0.01821132656186819,0.01949605904519558,,0
cebik-w4rnl/models/Quads/nec/50-3eloptwbquad-12.nec,ok,ok,0.019264303147792816,0.11453491449356079,,0
cebik-w4rnl/models/Quads/nec/50-4eloptquad-12.nec,ok,ok,0.0236498499289155,0.09252306446433067,,0
cebik-w4rnl/models/Quads/nec/5band2elquad-planar-KC6T.nec,ok,ok,0.09031371679157019,0.1125417398288846,0.8025,1
cebik-w4rnl/models/Quads/nec/5band2elquad-spider-125wlsp.nec,ok,ok,0.08534560352563858,0.12889929953962564,0.6621,1
cebik-w4rnl/models/Quads/nec/5band2elquad-spider-174wlsp.nec,ok,ok,0.08918083738535643,0.06668641790747643,1.3373,1
cebik-w4rnl/models/Quads/nec/5band2elquad-spider-opt.nec,ok,ok,0.0867177490144968,0.05765438545495272,1.5041,1
cebik-w4rnl/models/Quads/nec/5band2elquad-spider-widesp.nec,ok,ok,0.10146203637123108,0.09743664413690567,1.0413,1
cebik-w4rnl/models/Quads/nec/5band3elquad-14-ON7NQ.nec,ok,ok,0.1764454012736678,0.10371368750929832,1.7013,1
cebik-w4rnl/models/Quads/nec/5band3elquad-14-sepfeed.nec,ok,ok,0.17316569201648235,0.1447601867839694,1.1962,1
cebik-w4rnl/models/Quads/nec/5band3r5elquad-12-ON7NQ.nec,ok,ok,0.22330712247639894,0.14087866712361574,1.5851,1
cebik-w4rnl/models/Quads/nec/5band4-5elquad-12-W4RNL.nec,ok,ok,0.38520866073668003,0.19192833825945854,2.0070,1
cebik-w4rnl/models/Quads/nec/5band4-5elquad-ON7NQ.nec,ok,ok,0.15417998936027288,0.12491165939718485,1.2343,1
cebik-w4rnl/models/Quads/nec/5band4elquad-12-GI0KVQ.nec,ok,ok,0.30229630786925554,0.16723833698779345,1.8076,1
cebik-w4rnl/models/Quads/nec/5band5-6elquad-12-W4RNL.nec,ok,ok,0.42475165240466595,0.22949247434735298,1.8508,1
cebik-w4rnl/models/Quads/nec/5r4-2eloptquad-12.nec,ok,ok,0.015314873307943344,0.08683360181748867,,0
cebik-w4rnl/models/Quads/nec/5r4-3elopthgquad-12.nec,ok,ok,0.04081868473440409,0.031721717678010464,,0
cebik-w4rnl/models/Quads/nec/5r4-3eloptwbquad-12.nec,ok,ok,0.019623716361820698,0.0710185756906867,,0
cebik-w4rnl/models/Quads/nec/5r4-4eloptquad-12.nec,ok,ok,0.03100976161658764,0.07864926662296057,,0
cebik-w4rnl/models/Quads/nec/7-2eloptquad-12.nec,ok,ok,0.01603731233626604,0.026491756550967693,,0
cebik-w4rnl/models/Quads/nec/7-3elopthgquad-12.nec,ok,ok,0.027340657077729702,0.028592629358172417,,0
cebik-w4rnl/models/Quads/nec/7-3eloptwbquad-12.nec,ok,ok,0.029234042391180992,0.0191463278606534,,0
cebik-w4rnl/models/Quads/nec/7-4eloptquad-12.nec,ok,ok,0.025574151426553726,0.04904125723987818,,0
cebik-w4rnl/models/Quads/nec/903-2eloptquad-12.nec,ok,ok,0.014709630981087685,0.03036732506006956,,0
cebik-w4rnl/models/Quads/nec/903-3elopthgquad-12.nec,ok,ok,0.022270013578236103,0.038719537667930126,,0
cebik-w4rnl/models/Quads/nec/903-3eloptwbquad-12.nec,ok,ok,0.017918266355991364,0.033970676362514496,,0
cebik-w4rnl/models/Quads/nec/903-4eloptquad-12.nec,ok,ok,0.02272600680589676,0.09934076759964228,,0
cebik-w4rnl/models/VHF-UHF/nec/100-FMJpole.nec,ok,ok,0.13265510834753513,0.17886141035705805,0.7417,1
cebik-w4rnl/models/VHF-UHF/nec/100-batwing+reflector.nec,ok,ok,0.21158355101943016,0.19669166766107082,1.0757,1
cebik-w4rnl/models/VHF-UHF/nec/100-batwing-wbdipole.nec,ok,ok,0.04496032651513815,0.0967129934579134,,0
cebik-w4rnl/models/VHF-UHF/nec/100-dual-rhombic.nec,ok,ok,6.386418695561588,1.9937635278329253,3.2032,1
cebik-w4rnl/models/VHF-UHF/nec/1296-20elYagi-DL6WU.nec,ok,ok,0.06528741959482431,0.09429600182920694,0.6924,1
cebik-w4rnl/models/VHF-UHF/nec/1296-32elYagi-DL6WU.nec,ok,ok,0.1418820759281516,0.07431884296238422,1.9091,1
cebik-w4rnl/models/VHF-UHF/nec/1296-cornerrefl+dipole.nec,ok,ok,0.6499563129618764,0.25482027977705,2.5506,1
cebik-w4rnl/models/VHF-UHF/nec/1296-cornerrefl-vertical.nec,ok,ok,0.1483777705579996,0.1244427040219307,1.1923,1
cebik-w4rnl/models/VHF-UHF/nec/1296-dual-rhombic-QST.nec,ok,ok,1.478334748186171,0.49434105586260557,2.9905,1
cebik-w4rnl/models/VHF-UHF/nec/144-10elOWAYagi.nec,ok,ok,0.031229830347001553,0.09476442914456129,,0
cebik-w4rnl/models/VHF-UHF/nec/144-10elYagi-DL6WU.nec,ok,ok,0.026797227561473846,0.10134942270815372,,0
cebik-w4rnl/models/VHF-UHF/nec/144-11elOWAYagi.nec,ok,ok,0.03305585961788893,0.09692233614623547,,0
cebik-w4rnl/models/VHF-UHF/nec/144-12elOWAYagi.nec,ok,ok,0.03809293918311596,0.10817860718816519,,0
cebik-w4rnl/models/VHF-UHF/nec/144-13elquagi.nec,ok,ok,0.028950252570211887,0.09946305677294731,,0
cebik-w4rnl/models/VHF-UHF/nec/144-2elquad-vertical.nec,ok,ok,0.07878692634403706,0.11728669051080942,0.6717,1
cebik-w4rnl/models/VHF-UHF/nec/144-2elquad.nec,ok,ok,0.01854786090552807,0.09012261684983969,,0
cebik-w4rnl/models/VHF-UHF/nec/144-3elhalfsquare.nec,ok,ok,0.0779143963009119,0.10652391146868467,0.7314,1
cebik-w4rnl/models/VHF-UHF/nec/144-3elwbYagi-W6SAI.nec,ok,ok,0.014587805606424809,0.02494970429688692,,0
cebik-w4rnl/models/VHF-UHF/nec/144-58gp.nec,ok,ok,0.25468022748827934,0.18942075222730637,1.3445,1
cebik-w4rnl/models/VHF-UHF/nec/144-6elOWAYagi.nec,ok,ok,0.01881218235939741,0.037040880881249905,,0
cebik-w4rnl/models/VHF-UHF/nec/144-7elOWAYagi.nec,ok,ok,0.020338506437838078,0.0926735745742917,,0
cebik-w4rnl/models/VHF-UHF/nec/144-8elOWAYagi.nec,ok,ok,0.02311046328395605,0.036636208184063435,,0
cebik-w4rnl/models/VHF-UHF/nec/144-9elOWAYagi.nec,ok,ok,0.02711102645844221,0.06904538441449404,,0
cebik-w4rnl/models/VHF-UHF/nec/144-collinear-vertical.nec,ok,ok,0.07241481449455023,0.049310801550745964,,0
cebik-w4rnl/models/VHF-UHF/nec/144-dipole-vertical.nec,ok,ok,0.03017833922058344,0.05889997538179159,,0
cebik-w4rnl/models/VHF-UHF/nec/144-edz-delayline.nec,ok,ok,0.04444207716733217,0.09261748567223549,,0
cebik-w4rnl/models/VHF-UHF/nec/144-edz.nec,ok,ok,0.016083749011158943,0.013875141739845276,,0
cebik-w4rnl/models/VHF-UHF/nec/144-moxrect-1.nec,ok,ok,0.012078296393156052,0.012145754881203175,,0
cebik-w4rnl/models/VHF-UHF/nec/144-moxrect-125.nec,ok,ok,0.01317739486694336,0.014475979842245579,,0
cebik-w4rnl/models/VHF-UHF/nec/144-quadloop-vertical.nec,ok,ok,0.036389793269336224,0.060378775000572205,,0
cebik-w4rnl/models/VHF-UHF/nec/220-10elOWAYagi.nec,ok,ok,0.0304350508376956,0.03974907845258713,,0
cebik-w4rnl/models/VHF-UHF/nec/220-11elOWAYagi.nec,ok,ok,0.07369659189134836,0.057723475620150566,1.2767,1
cebik-w4rnl/models/VHF-UHF/nec/220-12elOWAYagi+2ref.nec,ok,ok,0.0667799711227417,0.05789545364677906,1.1535,1
cebik-w4rnl/models/VHF-UHF/nec/220-12elOWAYagi.nec,ok,ok,0.03719236236065626,0.10481061600148678,,0
cebik-w4rnl/models/VHF-UHF/nec/220-12elYagi-DL6WU.nec,ok,ok,0.031842305324971676,0.1138924015685916,,0
cebik-w4rnl/models/VHF-UHF/nec/220-13elYagi-SM5BSZ.nec,ok,ok,0.0420033959671855,0.021930860355496407,,0
cebik-w4rnl/models/VHF-UHF/nec/220-13elquagi-Buchanen.nec,ok,ok,0.03253429289907217,0.030149931088089943,,0
cebik-w4rnl/models/VHF-UHF/nec/220-14elYagi-W4RNL.nec,ok,ok,0.02226325497031212,0.027025513350963593,,0
cebik-w4rnl/models/VHF-UHF/nec/220-15elYagi-Buchanan.nec,ok,ok,0.02654056530445814,0.09306555520743132,,0
cebik-w4rnl/models/VHF-UHF/nec/220-16elYagi-DL6WU.nec,ok,ok,0.04719636123627424,0.08496343996375799,,0
cebik-w4rnl/models/VHF-UHF/nec/220-18elYagi-DL6WU.nec,ok,ok,0.05589470453560352,0.11769078951328993,0.4749,1
cebik-w4rnl/models/VHF-UHF/nec/220-21elYagi-DL6WU.nec,ok,ok,0.06937261112034321,0.12124571576714516,0.5722,1
cebik-w4rnl/models/VHF-UHF/nec/220-26elYagi-Dl6WU.nec,ok,ok,0.09854174219071865,0.11718832980841398,0.8409,1
cebik-w4rnl/models/VHF-UHF/nec/220-27elYagi-DJ9BV.nec,ok,ok,0.04664874542504549,0.13150898646563292,,0
cebik-w4rnl/models/VHF-UHF/nec/220-33elYagi.nec,ok,ok,0.1456058733165264,0.06757636740803719,2.1547,1
cebik-w4rnl/models/VHF-UHF/nec/220-3elYagi.nec,ok,ok,0.010799342766404152,0.015831133350729942,,0
cebik-w4rnl/models/VHF-UHF/nec/220-4elwbYagi.nec,ok,ok,0.014746325090527534,0.011615472845733166,,0
cebik-w4rnl/models/VHF-UHF/nec/220-6elOWAYagi-a.nec,ok,ok,0.01805182173848152,0.024937630631029606,,0
cebik-w4rnl/models/VHF-UHF/nec/220-6elOWAYagi.nec,ok,ok,0.018826551735401154,0.05271332152187824,,0
cebik-w4rnl/models/VHF-UHF/nec/220-7elOWAYagi-a.nec,ok,ok,0.020363050512969494,0.05575091205537319,,0
cebik-w4rnl/models/VHF-UHF/nec/220-7elOWAYagi.nec,ok,ok,0.02050707582384348,0.07073856331408024,,0
cebik-w4rnl/models/VHF-UHF/nec/220-8elOWAYagi-a.nec,ok,ok,0.032061622478067875,0.08012053463608027,,0
cebik-w4rnl/models/VHF-UHF/nec/220-8elOWAYagi.nec,ok,ok,0.026715931482613087,0.022684668190777302,,0
cebik-w4rnl/models/VHF-UHF/nec/220-9elOWAYagi.nec,ok,ok,0.026039056479930878,0.044537621550261974,,0
cebik-w4rnl/models/VHF-UHF/nec/300-Lindenblad.nec,ok,ok,0.014539817348122597,0.011926610954105854,,0
cebik-w4rnl/models/VHF-UHF/nec/300-turnstile-dipoles.nec,ok,ok,0.010258948430418968,0.008473529480397701,,0
cebik-w4rnl/models/VHF-UHF/nec/432-10elOWAYagi-14.nec,ok,ok,0.031266575679183006,0.1041090115904808,,0
cebik-w4rnl/models/VHF-UHF/nec/432-10elYagi-DL6WU.nec,ok,ok,0.025978158228099346,0.11244337167590857,,0
cebik-w4rnl/models/VHF-UHF/nec/432-11elOWAYagi-14.nec,ok,ok,0.03242054674774408,0.017649972811341286,,0
cebik-w4rnl/models/VHF-UHF/nec/432-12elOWAYagi+2ref-4mm.nec,ok,ok,0.04455911833792925,0.05458334647119045,,0
cebik-w4rnl/models/VHF-UHF/nec/432-12elOWAYagi-10mm.nec,ok,ok,0.03529691696166992,0.03689764719456434,,0
cebik-w4rnl/models/VHF-UHF/nec/432-12elOWAYagi-14.nec,ok,ok,0.036841840483248234,0.09592767059803009,,0
cebik-w4rnl/models/VHF-UHF/nec/432-12elOWAYagi-4mm.nec,ok,ok,0.04380561783909798,0.10189911350607872,,0
cebik-w4rnl/models/VHF-UHF/nec/432-14elYagi-DL6WU.nec,ok,ok,0.03915687929838896,0.12183978781104088,,0
cebik-w4rnl/models/VHF-UHF/nec/432-16elYagi-DL6WU.nec,ok,ok,0.045803661458194256,0.10986436996608973,,0
cebik-w4rnl/models/VHF-UHF/nec/432-18elYagi-DL6WU.nec,ok,ok,0.06422281451523304,0.04900168441236019,,0
cebik-w4rnl/models/VHF-UHF/nec/432-18elYagi.nec,ok,ok,0.06031307764351368,0.04640715569257736,,0
cebik-w4rnl/models/VHF-UHF/nec/432-20elYagi-DL6WU.nec,ok,ok,0.06369557790458202,0.0982321510091424,0.6484,1
cebik-w4rnl/models/VHF-UHF/nec/432-21-elOWAYagi-4mm.nec,ok,ok,0.07610518392175436,0.08438429795205593,0.9019,1
cebik-w4rnl/models/VHF-UHF/nec/432-21elYagi-DL6WU.nec,ok,ok,0.06818817555904388,0.1217798637226224,0.5599,1
cebik-w4rnl/models/VHF-UHF/nec/432-25elYagi.nec,ok,ok,0.09080871008336544,0.12556707300245762,0.7232,1
cebik-w4rnl/models/VHF-UHF/nec/432-26elYagi-DL6WU.nec,ok,ok,0.09830626100301743,0.1530667431652546,0.6422,1
cebik-w4rnl/models/VHF-UHF/nec/432-26elYagi-SM5BSZ.nec,ok,ok,0.09636779222637415,0.1248372932896018,0.7719,1
cebik-w4rnl/models/VHF-UHF/nec/432-27elYagi-DJ9BV.nec,ok,ok,0.1038376409560442,0.0753591489046812,1.3779,1
cebik-w4rnl/models/VHF-UHF/nec/432-31elYagi.nec,ok,ok,0.12944688368588686,0.1039495263248682,1.2453,1
cebik-w4rnl/models/VHF-UHF/nec/432-32elYagi-DL6WU.nec,ok,ok,0.13977262936532497,0.16558874025940895,0.8441,1
cebik-w4rnl/models/VHF-UHF/nec/432-32elwbYagi-VK3AUU.nec,ok,ok,0.14162654615938663,0.1349251763895154,1.0497,1
cebik-w4rnl/models/VHF-UHF/nec/432-40elYagi-K1FO.nec,ok,ok,0.21071589551866055,0.1461308402940631,1.4420,1
cebik-w4rnl/models/VHF-UHF/nec/432-41elwbYagi-VK3AUU.nec,ok,ok,0.21699044108390808,0.17366271652281284,1.2495,1
cebik-w4rnl/models/VHF-UHF/nec/432-43elYagi-VE7SQB.nec,ok,ok,0.24362140707671642,0.1531388545408845,1.5909,1
cebik-w4rnl/models/VHF-UHF/nec/432-4elwbYagi-W4RNL.nec,ok,ok,0.011540642939507961,0.010855925269424915,,0
cebik-w4rnl/models/VHF-UHF/nec/432-58gp.nec,ok,ok,0.043836141005158424,0.0690357219427824,,0
cebik-w4rnl/models/VHF-UHF/nec/432-58splitvertical-WA6SVT.nec,ok,ok,0.05783549044281244,0.10837173741310835,0.5337,1
cebik-w4rnl/models/VHF-UHF/nec/432-6elOWAYagi-14.nec,ok,ok,0.0191664882004261,0.07967285998165607,,0
cebik-w4rnl/models/VHF-UHF/nec/432-6elwbYagi-W4RNL.nec,ok,ok,0.02311798930168152,0.02844224963337183,,0
cebik-w4rnl/models/VHF-UHF/nec/432-7elOWAYagi-14.nec,ok,ok,0.02275861706584692,0.10302019957453012,,0
cebik-w4rnl/models/VHF-UHF/nec/432-8elOWAYagi-14.nec,ok,ok,0.026973565109074116,0.09603410307317972,,0
cebik-w4rnl/models/VHF-UHF/nec/432-8elYagi-ARRL.nec,ok,ok,0.01780447829514742,0.02759275771677494,,0
cebik-w4rnl/models/VHF-UHF/nec/432-8elYagi-DL6WU.nec,ok,ok,0.020563559606671333,0.03747264761477709,,0
cebik-w4rnl/models/VHF-UHF/nec/432-8elwbYagi-W4RNL.nec,ok,ok,0.019772827625274658,0.034022826701402664,,0
cebik-w4rnl/models/VHF-UHF/nec/432-8elwireYagi-14.nec,ok,ok,0.014864935539662838,0.034551212564110756,,0
cebik-w4rnl/models/VHF-UHF/nec/432-9elOWAYagi-14.nec,ok,ok,0.025342440232634544,0.03351377695798874,,0
cebik-w4rnl/models/VHF-UHF/nec/432-batwing+reflector.nec,ok,ok,0.6943096052855253,0.3020057734102011,2.2990,1
cebik-w4rnl/models/VHF-UHF/nec/432-batwing-wbdipole.nec,ok,ok,0.048450165428221226,0.07831870950758457,,0
cebik-w4rnl/models/VHF-UHF/nec/432-collinearvertical-GP.nec,ok,ok,0.06727456767112017,0.09336350578814745,0.7206,1
cebik-w4rnl/models/VHF-UHF/nec/432-cornerrefl+dipole-a.nec,ok,ok,0.1661589127033949,0.11300284508615732,1.4704,1
cebik-w4rnl/models/VHF-UHF/nec/432-cornerrefl+dipole-b.nec,ok,ok,0.6671656193211675,0.27375300135463476,2.4371,1
cebik-w4rnl/models/VHF-UHF/nec/432-cornerrefl+dipole.nec,ok,ok,0.3217591382563114,0.1750531792640686,1.8381,1
cebik-w4rnl/models/VHF-UHF/nec/432-cornerrefl-horiz.nec,ok,ok,1.1829807879403234,0.4237694200128317,2.7916,1
cebik-w4rnl/models/VHF-UHF/nec/432-cornerrefl-vertical.nec,ok,ok,0.1385932071134448,0.14785568602383137,0.9374,1
cebik-w4rnl/models/VHF-UHF/nec/432-cornerrefl-wiregrid-large.nec,ok,ok,4.887520815245807,1.611063638702035,3.0337,1
cebik-w4rnl/models/VHF-UHF/nec/432-cornerrefl-wiregrid-small.nec,ok,ok,0.28642681427299976,0.15827037394046783,1.8097,1
cebik-w4rnl/models/VHF-UHF/nec/432-dbldiamond-wiregridplanarrefl.nec,ok,ok,1.0759137980639935,0.3854420334100723,2.7914,1
cebik-w4rnl/models/VHF-UHF/nec/432-flatcornerrefl+dipole.nec,ok,ok,0.21660533733665943,0.14420359954237938,1.5021,1
cebik-w4rnl/models/VHF-UHF/nec/432-tri-cornerrefl.nec,ok,ok,6.510059705004096,1.9005639227107167,3.4253,1
cebik-w4rnl/models/VHF-UHF/nec/432-vertical-GP-125.nec,ok,ok,0.033513566479086876,0.03682324942201376,,0
cebik-w4rnl/models/VHF-UHF/nec/50-12elXquad-14.nec,ok,ok,0.11189705412834883,0.13969243504106998,0.8010,1
cebik-w4rnl/models/VHF-UHF/nec/50-2eldr-dirYagi.nec,ok,ok,0.011283247731626034,0.029741461388766766,,0
cebik-w4rnl/models/VHF-UHF/nec/50-2elwbYagi-W6SAI.nec,ok,ok,0.011747107841074467,0.020569357089698315,,0
cebik-w4rnl/models/VHF-UHF/nec/50-3elquad-14.nec,ok,ok,0.029742026701569557,0.09290591720491648,,0
cebik-w4rnl/models/VHF-UHF/nec/50-3elwbYagi-W6SAI.nec,ok,ok,0.013677455484867096,0.07217760011553764,,0
cebik-w4rnl/models/VHF-UHF/nec/50-4elhigainYagi-W1VT.nec,ok,ok,0.01163941714912653,0.02694545965641737,,0
cebik-w4rnl/models/VHF-UHF/nec/50-6elOWAYagi.nec,ok,ok,0.02193027175962925,0.07647926732897758,,0
cebik-w4rnl/models/VHF-UHF/nec/50-7elOWAYagi.nec,ok,ok,0.025105872191488743,0.09375644568353891,,0
cebik-w4rnl/models/VHF-UHF/nec/50-8elOWAYagi.nec,ok,ok,0.03013711702078581,0.09467525221407413,,0
cebik-w4rnl/models/VHF-UHF/nec/50-9elYagi-ON4ANT.nec,ok,ok,0.07853362243622541,0.10908925719559193,0.7199,1
cebik-w4rnl/models/VHF-UHF/nec/50-dipole-turnstile.nec,ok,ok,0.1053753849118948,0.10436332691460848,1.0097,1
cebik-w4rnl/models/VHF-UHF/nec/50-lazyH-phasedarray.nec,ok,ok,0.39500873535871506,0.21765834465622902,1.8148,1
cebik-w4rnl/models/VHF-UHF/nec/50-lazyH.nec,ok,ok,0.18373982049524784,0.19065499678254128,0.9637,1
cebik-w4rnl/models/VHF-UHF/nec/50-moxrect-14.nec,ok,ok,0.053786967881023884,0.07154759764671326,0.7518,1
cebik-w4rnl/models/VHF-UHF/nec/50-moxrect-50.nec,ok,ok,0.05537001136690378,0.030425338074564934,,0
cebik-w4rnl/models/VHF-UHF/nec/50-quad-turnstile.nec,ok,ok,0.18307733908295631,0.16765915509313345,1.0920,1
cebik-w4rnl/models/VHF-UHF/nec/50-quadrectangle-horiz.nec,ok,ok,0.014641126617789268,0.03376941755414009,,0
cebik-w4rnl/models/VHF-UHF/nec/850-dbldiamond-planarrefl.nec,ok,ok,0.049340480007231236,0.10001271218061447,,0
cebik-w4rnl/models/VHF-UHF/nec/903-20elYagi-DL6WU.nec,ok,ok,0.06824733037501574,0.07010061480104923,0.9736,1
cebik-w4rnl/models/VHF-UHF/nec/903-32elYagi-DL6WU.nec,ok,ok,0.14580071531236172,0.15479548834264278,0.9419,1
cebik-w4rnl/models/VHF-UHF/nec/903-cornerrefl-vertical.nec,ok,ok,0.14110955968499184,0.10420791245996952,1.3541,1
cebik-w4rnl/models/Verticals/nec/10-3elparasitic-sngnd.nec,ok,ok,0.5207147719338536,0.2662549717351794,1.9557,1
cebik-w4rnl/models/Verticals/nec/10-3elwireparasitic-sngnd.nec,ok,ok,0.2044326774775982,0.15538233425468206,1.3157,1
cebik-w4rnl/models/Verticals/nec/10-bobtailcurtain-14.nec,ok,ok,0.32083333749324083,0.2254050076007843,1.4234,1
cebik-w4rnl/models/Verticals/nec/10-dblrect-14.nec,ok,ok,0.37497714534401894,0.2457265481352806,1.5260,1
cebik-w4rnl/models/Verticals/nec/10-dpl-spiralhats-sngnd.nec,ok,ok,0.13124452345073223,0.12299911957234144,1.0670,1
cebik-w4rnl/models/Verticals/nec/10-halfsquare-12.nec,ok,ok,0.3217296274378896,0.23034251108765602,1.3967,1
cebik-w4rnl/models/Verticals/nec/10-hsbeam-12.nec,ok,ok,0.35752188693732023,0.2589087691158056,1.3809,1
cebik-w4rnl/models/Verticals/nec/10-quadloop-dia-12.nec,ok,ok,0.3390583535656333,0.24880743026733398,1.3627,1
cebik-w4rnl/models/Verticals/nec/10-quadloop-sq-12.nec,ok,ok,0.20836712792515755,0.15457960311323404,1.3480,1
cebik-w4rnl/models/Verticals/nec/10-rect-14.nec,ok,ok,0.32752589602023363,0.22302768658846617,1.4685,1
cebik-w4rnl/models/Verticals/nec/10-sterba-12.nec,ok,ok,0.5992811350151896,0.32629173435270786,1.8366,1
cebik-w4rnl/models/Verticals/nec/10-sterba-ctrfed-12.nec,ok,ok,0.5686222864314914,0.3110116943717003,1.8283,1
cebik-w4rnl/models/Verticals/nec/14-monopole-4rad.nec,ok,ok,0.3698768876492977,0.2574533736333251,1.4367,1
cebik-w4rnl/models/Verticals/nec/14-monopole-4sloperad.nec,ok,ok,0.2699043406173587,0.22279168013483286,1.2115,1
cebik-w4rnl/models/Verticals/nec/144-14gp-45deg.nec,ok,ok,0.15285692643374205,0.07428576704114676,2.0577,1
cebik-w4rnl/models/Verticals/nec/144-14gp.nec,ok,ok,0.14563069585710764,0.0950389290228486,1.5323,1
cebik-w4rnl/models/Verticals/nec/144-14vertical-GP-fat.nec,ok,ok,0.05164817348122597,0.07726967334747314,0.6684,1
cebik-w4rnl/models/Verticals/nec/144-2elBobtail.nec,ok,ok,0.24501602910459042,0.16025098972022533,1.5290,1
cebik-w4rnl/models/Verticals/nec/144-2elhalfsquare.nec,ok,ok,0.048179278150200844,0.10713579878211021,,0
cebik-w4rnl/models/Verticals/nec/144-3eljpoleYagi-375.nec,ok,ok,0.44666149839758873,0.31458665430545807,1.4198,1
cebik-w4rnl/models/Verticals/nec/144-Jpole-50.nec,ok,ok,0.011261742562055588,0.014127039350569248,,0
cebik-w4rnl/models/Verticals/nec/144-Jpole58-375.nec,ok,ok,0.02446969971060753,0.03154564928263426,,0
cebik-w4rnl/models/Verticals/nec/144-edz-vertical.nec,ok,ok,0.059392780996859074,0.07937878184020519,0.7482,1
cebik-w4rnl/models/Verticals/nec/144-halfsquare.nec,ok,ok,0.02685443591326475,0.07598980888724327,,0
cebik-w4rnl/models/Verticals/nec/18-jpole-12.nec,ok,ok,0.010823668912053108,0.01238684356212616,,0
cebik-w4rnl/models/Verticals/nec/1r8-dblrect-12.nec,ok,ok,0.40022523794323206,0.25890910159796476,1.5458,1
cebik-w4rnl/models/Verticals/nec/1r8-monopole-12rad-lentpr.nec,ok,ok,0.402801469899714,0.2818788792937994,1.4290,1
cebik-w4rnl/models/Verticals/nec/1r8-monopole-4rad-lentpr.nec,ok,ok,0.33492055907845497,0.24187026731669903,1.3847,1
cebik-w4rnl/models/Verticals/nec/1r8-monopole-60rad-lentpr.nec,ok,ok,1.445324252359569,0.5738928224891424,2.5185,1
cebik-w4rnl/models/Verticals/nec/1r8-rect-12.nec,ok,ok,0.35238227900117636,0.24070696067065,1.4639,1
cebik-w4rnl/models/Verticals/nec/1r8-thatmonopole-mingnd.nec,ok,ok,0.010679604485630989,0.04291548207402229,,0
cebik-w4rnl/models/Verticals/nec/1r8-thatwiremonopole-mingnd.nec,ok,ok,0.012654184363782406,0.07228346075862646,,0
cebik-w4rnl/models/Verticals/nec/21-jpole-12.nec,ok,ok,0.010690676048398018,0.037169888615608215,,0
cebik-w4rnl/models/Verticals/nec/24-jpole-12.nec,ok,ok,0.010673548094928265,0.010325717739760876,,0
cebik-w4rnl/models/Verticals/nec/28-jpole-12.nec,ok,ok,0.010588976554572582,0.04821935202926397,,0
cebik-w4rnl/models/Verticals/nec/28-monopole-4rad.nec,ok,ok,0.3363356189802289,0.2688595885410905,1.2510,1
cebik-w4rnl/models/Verticals/nec/28-monopole-4sloperad.nec,ok,ok,0.1304854191839695,0.10831246804445982,1.2047,1
cebik-w4rnl/models/Verticals/nec/3-monopole-16hat-pergnd.nec,ok,ok,0.015828946605324745,0.029596074484288692,,0
cebik-w4rnl/models/Verticals/nec/3-monopole-16hat-perim-pergnd.nec,ok,ok,0.02356184460222721,0.01867601554840803,,0
cebik-w4rnl/models/Verticals/nec/3-monopole-4hat-pergnd.nec,ok,ok,0.014316837303340435,0.009808173403143883,,0
cebik-w4rnl/models/Verticals/nec/3-monopole-4hat-perim-pergnd.nec,ok,ok,0.013229054398834705,0.009851864539086819,,0
cebik-w4rnl/models/Verticals/nec/300-11eldplarray.nec,ok,ok,0.10231724195182323,0.08117969892919064,1.2604,1
cebik-w4rnl/models/Verticals/nec/300-20eldplarray.nec,ok,ok,0.18134011700749397,0.10230860020965338,1.7725,1
cebik-w4rnl/models/Verticals/nec/300-30eldplarray.nec,ok,ok,0.31426965445280075,0.13218644447624683,2.3775,1
cebik-w4rnl/models/Verticals/nec/3r5-equidelta-fs-12.nec,ok,ok,0.012778360396623611,0.04563645087182522,,0
cebik-w4rnl/models/Verticals/nec/3r6-alt2shortequidelta-sngnd-12.nec,ok,ok,0.24674257636070251,0.1744077168405056,1.4147,1
cebik-w4rnl/models/Verticals/nec/3r6-alt3shortequidelta-sngnd-12.nec,ok,ok,0.2420479916036129,0.1844570217654109,1.3122,1
cebik-w4rnl/models/Verticals/nec/3r6-altshortequidelta-sngnd-12.nec,ok,ok,0.25075559224933386,0.18139139749109745,1.3824,1
cebik-w4rnl/models/Verticals/nec/3r6-bobtailbeam-12.nec,ok,ok,0.46669112239032984,0.28926559817045927,1.6134,1
cebik-w4rnl/models/Verticals/nec/3r6-bobtailcurtain-12.nec,ok,ok,0.3824127884581685,0.2690189331769943,1.4215,1
cebik-w4rnl/models/Verticals/nec/3r6-dbldelta-sngnd-12.nec,ok,ok,0.3438249845057726,0.24035581480711699,1.4305,1
cebik-w4rnl/models/Verticals/nec/3r6-dblrect-12.nec,ok,ok,0.37820813059806824,0.259491715580225,1.4575,1
cebik-w4rnl/models/Verticals/nec/3r6-halfsquare-12.nec,ok,ok,0.3417995423078537,0.23900896776467562,1.4301,1
cebik-w4rnl/models/Verticals/nec/3r6-hentenna-12.nec,ok,ok,0.3314256388694048,0.2334456229582429,1.4197,1
cebik-w4rnl/models/Verticals/nec/3r6-hsbeam-12.nec,ok,ok,0.3684431416913867,0.2431324850767851,1.5154,1
cebik-w4rnl/models/Verticals/nec/3r6-hsbeam-reverible-12.nec,ok,ok,0.37381869927048683,0.24848853517323732,1.5044,1
cebik-w4rnl/models/Verticals/nec/3r6-opendblrect-12.nec,ok,ok,0.3548178859055042,0.25153463426977396,1.4106,1
cebik-w4rnl/models/Verticals/nec/3r6-parasitichentennas-12-N2DT.nec,ok,ok,0.37939620669931173,0.25360582023859024,1.4960,1
cebik-w4rnl/models/Verticals/nec/3r6-phasedhentennas-12-N2DT.nec,ok,ok,0.3863366600126028,0.2621345091611147,1.4738,1
cebik-w4rnl/models/Verticals/nec/3r6-rectangle-12.nec,ok,ok,0.3506036354228854,0.23335480690002441,1.5024,1
cebik-w4rnl/models/Verticals/nec/3r6-rtangdelta-fs-12.nec,ok,ok,0.011508324183523655,0.010265509597957134,,0
cebik-w4rnl/models/Verticals/nec/3r6-shortequidelta-sngnd-12.nec,ok,ok,0.2516981838271022,0.20410874299705029,1.2332,1
cebik-w4rnl/models/Verticals/nec/3r6-vert-coilhat.nec,ok,ok,0.02209967002272606,0.017244764603674412,,0
cebik-w4rnl/models/Verticals/nec/3r6-vert-spiralhat.nec,ok,ok,0.033333481289446354,0.023763522505760193,,0
cebik-w4rnl/models/Verticals/nec/3r6-vert-symradhat.nec,ok,ok,0.07652358990162611,0.04268687963485718,,0
cebik-w4rnl/models/Verticals/nec/3r6-vert-teehat.nec,ok,ok,0.016084191389381886,0.017322393134236336,,0
cebik-w4rnl/models/Verticals/nec/3r6-vert-zigzaghat.nec,ok,ok,0.022655388340353966,0.0890545416623354,,0
cebik-w4rnl/models/Verticals/nec/50-Lant-375.nec,ok,ok,0.11229436844587326,0.10974462330341339,1.0232,1
cebik-w4rnl/models/Verticals/nec/50-Lant-50.nec,ok,ok,0.11120476108044386,0.10398650355637074,1.0694,1
cebik-w4rnl/models/Verticals/nec/5r4-bobtailcurtain-14.nec,ok,ok,0.3483572918921709,0.23296265210956335,1.4953,1
cebik-w4rnl/models/Verticals/nec/5r4-dblrect-14.nec,ok,ok,0.37512455973774195,0.24999632593244314,1.5005,1
cebik-w4rnl/models/Verticals/nec/5r4-halfsquare-12.nec,ok,ok,0.3352735200896859,0.23483241721987724,1.4277,1
cebik-w4rnl/models/Verticals/nec/5r4-opendblrect-12.nec,ok,ok,0.3573449747636914,0.2433649469166994,1.4684,1
cebik-w4rnl/models/Verticals/nec/5r4-rect-14.nec,ok,ok,0.3335419874638319,0.23774282168596983,1.4030,1
cebik-w4rnl/models/Verticals/nec/7-2elphased-mingnd.nec,ok,ok,0.01060725562274456,0.008433053269982338,,0
cebik-w4rnl/models/Verticals/nec/7-2monopoles-parasitic.nec,ok,ok,0.007928312756121159,0.006837817840278149,,0
cebik-w4rnl/models/Verticals/nec/7-2monopoles-phased.nec,ok,ok,0.010432017035782337,0.008631724864244461,,0
cebik-w4rnl/models/Verticals/nec/7-3elcaploadparasitic-sngnd.nec,ok,ok,0.5527568720281124,0.3020609933882952,1.8300,1
cebik-w4rnl/models/Verticals/nec/7-3elhatloadparasitic-sngnd.nec,ok,ok,0.5304389419034123,0.30418886709958315,1.7438,1
cebik-w4rnl/models/Verticals/nec/7-3elparasitic-sngnd.nec,ok,ok,0.4092726893723011,0.24553008377552032,1.6669,1
cebik-w4rnl/models/Verticals/nec/7-3elvertYagi-mingnd-1.nec,ok,ok,0.018745130859315395,0.01141821127384901,,0
cebik-w4rnl/models/Verticals/nec/7-3elwireparasitic-sngnd.nec,ok,ok,0.20506382267922163,0.17489582672715187,1.1725,1
cebik-w4rnl/models/Verticals/nec/7-bobtailcurtain-14.nec,ok,ok,0.2922896835952997,0.23255684599280357,1.2569,1
cebik-w4rnl/models/Verticals/nec/7-bruce-12.nec,ok,ok,0.018305215053260326,0.08051501400768757,,0
cebik-w4rnl/models/Verticals/nec/7-dbldelta-sngnd-12.nec,ok,ok,0.31245929282158613,0.2256768560037017,1.3845,1
cebik-w4rnl/models/Verticals/nec/7-dblrect-14.nec,ok,ok,0.3454451831057668,0.2343205949291587,1.4742,1
cebik-w4rnl/models/Verticals/nec/7-dpl-hats-sngnd.nec,ok,ok,0.22106697782874107,0.1905420245602727,1.1602,1
cebik-w4rnl/models/Verticals/nec/7-dpl-spiralhats-sngnd.nec,ok,ok,0.12003454752266407,0.1099292179569602,1.0919,1
cebik-w4rnl/models/Verticals/nec/7-equidelta-fs-12.nec,ok,ok,0.012317593209445477,0.010579871013760567,,0
cebik-w4rnl/models/Verticals/nec/7-halfsquare-12.nec,ok,ok,0.2959108278155327,0.21436669770628214,1.3804,1
cebik-w4rnl/models/Verticals/nec/7-halfwlvert-6parasiticguys.nec,ok,ok,0.7669688882306218,0.38643908966332674,1.9847,1
cebik-w4rnl/models/Verticals/nec/7-hsbeam-12.nec,ok,ok,0.32567447051405907,0.2855771388858557,1.1404,1
cebik-w4rnl/models/Verticals/nec/7-monopole-4sloperad-sngnd.nec,ok,ok,0.20092340372502804,0.16037695296108723,1.2528,1
cebik-w4rnl/models/Verticals/nec/7-monopole-6rad-sngnd.nec,ok,ok,0.37006386555731297,0.23938135243952274,1.5459,1
cebik-w4rnl/models/Verticals/nec/7-opendblrect-12.nec,ok,ok,0.3216648455709219,0.24021589662879705,1.3391,1
cebik-w4rnl/models/Verticals/nec/7-quadloop-dia-12.nec,ok,ok,0.30946169327944517,0.22525717224925756,1.3738,1
cebik-w4rnl/models/Verticals/nec/7-quadloop-sq-12.nec,ok,ok,0.20706097967922688,0.16524212714284658,1.2531,1
cebik-w4rnl/models/Verticals/nec/7-rect-14.nec,ok,ok,0.29840298648923635,0.21558958664536476,1.3841,1
cebik-w4rnl/models/Verticals/nec/7-rtangdelta-sngnd-12.nec,ok,ok,0.2887268140912056,0.22024743352085352,1.3109,1
cebik-w4rnl/models/Verticals/nec/7-smallloop-1.nec,ok,ok,0.01742532104253769,0.01653369516134262,,0
cebik-w4rnl/models/Verticals/nec/7-sterba-12.nec,ok,ok,0.5510343164205551,0.3314067805185914,1.6627,1
cebik-w4rnl/models/Verticals/nec/7-sterba-ctrfed-12.nec,ok,ok,0.529075981117785,0.316278669051826,1.6728,1
cebik-w4rnl/models/Wire-Arrays/nec/10-28-hordelta-cnrfd-12.nec,ok,ok,0.2566698407754302,0.17990116775035858,1.4267,1
cebik-w4rnl/models/Wire-Arrays/nec/10-2elYagi-reversible-12.nec,ok,ok,0.009968939237296581,0.029278413392603397,,0
cebik-w4rnl/models/Wire-Arrays/nec/10-3elYagi-14.nec,ok,ok,0.3189989738166332,0.2253496004268527,1.4156,1
cebik-w4rnl/models/Wire-Arrays/nec/10-8jk-12.nec,ok,ok,0.2999737923964858,0.2225824100896716,1.3477,1
cebik-w4rnl/models/Wire-Arrays/nec/10-halfsq-14.nec,ok,ok,0.34612645022571087,0.26739420648664236,1.2944,1
cebik-w4rnl/models/Wire-Arrays/nec/14-28-rhombic21-12.nec,ok,ok,0.0733387554064393,0.044338650070130825,,0
cebik-w4rnl/models/Wire-Arrays/nec/14-3eledzbeam-12.nec,ok,ok,0.11018836963921785,0.10365755297243595,1.0630,1
cebik-w4rnl/models/Wire-Arrays/nec/14-5wllongwire-endfd-12.nec,ok,ok,0.7619805680587888,0.38537963572889566,1.9772,1
cebik-w4rnl/models/Wire-Arrays/nec/14-8jk-12.nec,ok,ok,0.3259349623695016,0.23693528771400452,1.3756,1
cebik-w4rnl/models/Wire-Arrays/nec/14-N4PCloop-12.nec,ok,ok,0.03820356260985136,0.09646421577781439,,0
cebik-w4rnl/models/Wire-Arrays/nec/14-halfsq-14.nec,ok,ok,0.3691611960530281,0.24774232134222984,1.4901,1
cebik-w4rnl/models/Wire-Arrays/nec/14-halfsqbeam-14.nec,ok,ok,0.34935864713042974,0.26217102259397507,1.3326,1
cebik-w4rnl/models/Wire-Arrays/nec/14-slopet2fd-12.nec,ok,ok,0.3293996900320053,0.2320916848257184,1.4193,1
cebik-w4rnl/models/Wire-Arrays/nec/14-trianglebeam-12.nec,ok,ok,1.222356085665524,0.5169551083818078,2.3645,1
cebik-w4rnl/models/Wire-Arrays/nec/14-vbeam-12.nec,ok,ok,0.7806012751534581,0.38449186366051435,2.0302,1
cebik-w4rnl/models/Wire-Arrays/nec/1r8-28-horhexloop-12.nec,ok,ok,0.4628925221040845,0.27165242563933134,1.7040,1
cebik-w4rnl/models/Wire-Arrays/nec/1r8-28-horhexloop-large-12.nec,ok,ok,0.38971294555813074,0.29355682618916035,1.3276,1
cebik-w4rnl/models/Wire-Arrays/nec/1r8-28-hort2fd-long-12.nec,ok,ok,0.0365610346198082,0.026281519792973995,,0
cebik-w4rnl/models/Wire-Arrays/nec/1r8-28-hort2fd-med-12.nec,ok,ok,0.35912689100950956,0.2811028528958559,1.2776,1
cebik-w4rnl/models/Wire-Arrays/nec/1r8-28-hort2fd-med-tl-12.nec,ok,ok,0.5253418972715735,0.23454031068831682,2.2399,1
cebik-w4rnl/models/Wire-Arrays/nec/1r8-28-hort2fd-short-12.nec,ok,ok,0.013553631491959095,0.009893853217363358,,0
cebik-w4rnl/models/Wire-Arrays/nec/1r8-bobtailbeam-12.nec,ok,ok,0.4408730436116457,0.3316054232418537,1.3295,1
cebik-w4rnl/models/Wire-Arrays/nec/1r8-dblrect-12.nec,ok,ok,0.3846652414649725,0.26218283362686634,1.4672,1
cebik-w4rnl/models/Wire-Arrays/nec/1r8-halfsq-14.nec,ok,ok,0.3432881273329258,0.24543695338070393,1.3987,1
cebik-w4rnl/models/Wire-Arrays/nec/21-coledz-12.nec,ok,ok,0.1789356293156743,0.12261340022087097,1.4593,1
cebik-w4rnl/models/Wire-Arrays/nec/21-coledzlazyh-12.nec,ok,ok,0.4230185989290476,0.22307796217501163,1.8963,1
cebik-w4rnl/models/Wire-Arrays/nec/28-hentenna-12.nec,ok,ok,0.11158711183816195,0.10156081803143024,1.0987,1
cebik-w4rnl/models/Wire-Arrays/nec/3r6-1wlhordelta-12.nec,ok,ok,0.37958870455622673,0.25812781415879726,1.4705,1
cebik-w4rnl/models/Wire-Arrays/nec/3r6-1wlhorhexloop-14.nec,ok,ok,0.32508585043251514,0.2452061315998435,1.3258,1
cebik-w4rnl/models/Wire-Arrays/nec/3r6-1wlhoroctloop-12.nec,ok,ok,0.38151425030082464,0.2505712127313018,1.5226,1
cebik-w4rnl/models/Wire-Arrays/nec/3r6-2elYagi-12.nec,ok,ok,0.31138189136981964,0.23640039563179016,1.3172,1
cebik-w4rnl/models/Wire-Arrays/nec/3r6-3elYagi-14.nec,ok,ok,0.33762031979858875,0.23568858671933413,1.4325,1
cebik-w4rnl/models/Wire-Arrays/nec/3r6-3r9-4wire2elYagi.nec,ok,ok,0.3356544068083167,0.24723293725401163,1.3576,1
cebik-w4rnl/models/Wire-Arrays/nec/3r6-dblrect-12.nec,ok,ok,0.02087966911494732,0.017792223021388054,,0
cebik-w4rnl/models/Wire-Arrays/nec/3r6-halfsq-12.nec,ok,ok,0.3222290510311723,0.23170479480177164,1.3907,1
cebik-w4rnl/models/Wire-Arrays/nec/3r6-halfsqbeam-12.nec,ok,ok,0.3517482141032815,0.266916879452765,1.3178,1
cebik-w4rnl/models/Wire-Arrays/nec/3r6-linloaddipole-12.nec,ok,ok,0.01384190283715725,0.012632212601602077,,0
cebik-w4rnl/models/Wire-Arrays/nec/3r6-slopet2fd-12.nec,ok,ok,0.2447340451180935,0.1787211736664176,1.3694,1
cebik-w4rnl/models/Wire-Arrays/nec/3r6-vertrect-12.nec,ok,ok,0.3241953467950225,0.23300158977508545,1.3914,1
cebik-w4rnl/models/Wire-Arrays/nec/3r6-wbdipole-14.nec,ok,ok,0.3098747143521905,0.22797044925391674,1.3593,1
cebik-w4rnl/models/Wire-Arrays/nec/3r9-2elYagi-14.nec,ok,ok,0.32770663872361183,0.23922372702509165,1.3699,1
cebik-w4rnl/models/Wire-Arrays/nec/3r9-2elYagi-reflload-14.nec,ok,ok,0.32770559564232826,0.23464103136211634,1.3966,1
cebik-w4rnl/models/Wire-Arrays/nec/3r9-3elYagi-14.nec,ok,ok,0.33751852437853813,0.24075977876782417,1.4019,1
cebik-w4rnl/models/Wire-Arrays/nec/3r9-3wire2elYagi-14.nec,ok,ok,0.342221830971539,0.23880635481327772,1.4331,1
cebik-w4rnl/models/Wire-Arrays/nec/3r9-nvis-1wlloop-planarrefl.nec,ok,ok,0.655698080547154,0.3493052227422595,1.8771,1
cebik-w4rnl/models/Wire-Arrays/nec/3r9-nvis-batwing-planarrefl.nec,ok,ok,1.0201521180570126,0.4590438026934862,2.2223,1
cebik-w4rnl/models/Wire-Arrays/nec/3r9-nvis-dipole-planarrefl.nec,ok,ok,0.6115377321839333,0.3696990478783846,1.6542,1
cebik-w4rnl/models/Wire-Arrays/nec/3r9-nvis-edzlazyh-planarrefl.nec,ok,ok,1.2061623949557543,0.5213536312803626,2.3135,1
cebik-w4rnl/models/Wire-Arrays/nec/3r9-nvis-jamaica-planarrefl.nec,ok,ok,0.9129105396568775,0.45280222687870264,2.0161,1
cebik-w4rnl/models/Wire-Arrays/nec/5r4-2elYagi-reversible-12.nec,ok,ok,0.011127302423119545,0.029504439793527126,,0
cebik-w4rnl/models/Wire-Arrays/nec/5r4-8jk-12.nec,ok,ok,0.3642594078555703,0.2586996713653207,1.4080,1
cebik-w4rnl/models/Wire-Arrays/nec/5r4-dblrect-14.nec,ok,ok,0.3800804829224944,0.269847066141665,1.4085,1
cebik-w4rnl/models/Wire-Arrays/nec/5r4-halfsq-12.nec,ok,ok,0.3229078445583582,0.22977231908589602,1.4053,1
cebik-w4rnl/models/Wire-Arrays/nec/5r4-moxrect-reversible-12-AA2NN.nec,ok,ok,0.31572193931788206,0.24474825523793697,1.2900,1
cebik-w4rnl/models/Wire-Arrays/nec/7-14-rhombic10-12.nec,ok,ok,0.07354652136564255,0.043921591714024544,,0
cebik-w4rnl/models/Wire-Arrays/nec/7-28-hordelta-cnrfd-12.nec,ok,ok,0.3509418535977602,0.24877267610281706,1.4107,1
cebik-w4rnl/models/Wire-Arrays/nec/7-28-lazyh15-al.nec,ok,ok,0.11520161014050245,0.11915022600442171,0.9669,1
cebik-w4rnl/models/Wire-Arrays/nec/7-28-sqloop-cnrfd-12.nec,ok,ok,0.514415162615478,0.29189796186983585,1.7623,1
cebik-w4rnl/models/Wire-Arrays/nec/7-28-sqloop-sidefd-12.nec,ok,ok,0.3965478762984276,0.2867418248206377,1.3829,1
cebik-w4rnl/models/Wire-Arrays/nec/7-2elYagi-reversible-12.nec,ok,ok,0.01125159952789545,0.010267031379044056,,0
cebik-w4rnl/models/Wire-Arrays/nec/7-2eldelta-12-K4TX.nec,ok,ok,0.3425622973591089,0.23631119169294834,1.4496,1
cebik-w4rnl/models/Wire-Arrays/nec/7-2elwireYagi-12.nec,ok,ok,0.010092893615365028,0.009973644278943539,,0
cebik-w4rnl/models/Wire-Arrays/nec/7-3elYagi-14.nec,ok,ok,0.2990317437797785,0.2231241250410676,1.3402,1
cebik-w4rnl/models/Wire-Arrays/nec/7-8jk-12.nec,ok,ok,0.2947133705019951,0.21563834883272648,1.3667,1
cebik-w4rnl/models/Wire-Arrays/nec/7-bobtailbeam-12.nec,ok,ok,0.40547032561153173,0.2775534288957715,1.4609,1
cebik-w4rnl/models/Wire-Arrays/nec/7-dblrect-14.nec,ok,ok,0.3400368504226208,0.2382769687101245,1.4271,1
cebik-w4rnl/models/Wire-Arrays/nec/7-edzlazyh-14.nec,ok,ok,0.10552268102765083,0.10297682974487543,1.0247,1
cebik-w4rnl/models/Wire-Arrays/nec/7-halfsq-12.nec,ok,ok,0.29161566495895386,0.21530660800635815,1.3544,1
cebik-w4rnl/models/Wire-Arrays/nec/7-halfsqbeam-12.nec,ok,ok,0.3200687738135457,0.24423301126807928,1.3105,1
cebik-w4rnl/models/Wire-Arrays/nec/7-halfsqbeam-14.nec,ok,ok,0.3160270359367132,0.23229731898754835,1.3604,1
cebik-w4rnl/models/Wire-Arrays/nec/7-hentenna-12.nec,ok,ok,0.10697354469448328,0.09792086947709322,1.0924,1
cebik-w4rnl/models/Wire-Arrays/nec/7-lazyh-14.nec,ok,ok,0.10521394945681095,0.10618355683982372,0.9909,1
cebik-w4rnl/models/Wire-Arrays/nec/7-moxrect-reversible-12-AA2NN.nec,ok,ok,0.28659167792648077,0.2144073098897934,1.3367,1
cebik-w4rnl/models/Wire-Arrays/nec/7-multiV-4wl-14.nec,ok,ok,0.6164815509691834,0.334432702511549,1.8434,1
cebik-w4rnl/models/Wire-Arrays/nec/7-rect-botctrfd-14.nec,ok,ok,0.29175387881696224,0.22106901183724403,1.3197,1
cebik-w4rnl/models/Wire-Arrays/nec/7-rtanglevertdelta-botfd-12.nec,ok,ok,0.29696134477853775,0.21483951061964035,1.3822,1
cebik-w4rnl/models/Wire-Arrays/nec/7-slopet2fd-12.nec,ok,ok,0.21376789547502995,0.16810588352382183,1.2716,1
cebik-w4rnl/models/Wire-Arrays/nec/7-sqquadloop-botfd-12.nec,ok,ok,0.011983989737927914,0.010315947234630585,,0
cebik-w4rnl/models/Wire-Arrays/nec/7-vertdelta-botfd-12.nec,ok,ok,0.30056866724044085,0.21617218386381865,1.3904,1
cebik-w4rnl/models/Wire-Arrays/nec/7-vertintfldloop-12.nec,ok,ok,0.2635390283539891,0.17784456629306078,1.4819,1
cebik-w4rnl/models/Wire-Arrays/nec/7-wbdipole-14.nec,ok,ok,0.28412388637661934,0.22997851856052876,1.2354,1
cebik-w4rnl/models/Yagis-HF/nec/13el20mwireYagi-KB9MZ.nec,ok,ok,0.27987849339842796,0.15169520303606987,1.8450,1
cebik-w4rnl/models/Yagis-HF/nec/2e10mlhelicalelYagi-12.nec,ok,ok,0.05359876528382301,0.03992117755115032,,0
cebik-w4rnl/models/Yagis-HF/nec/2el10mB-antbeam-25.nec,ok,ok,0.1682069106027484,0.14589053951203823,1.1530,1
cebik-w4rnl/models/Yagis-HF/nec/2el10mYagi-stepdia-large.nec,ok,ok,0.01148473471403122,0.04613326117396355,,0
cebik-w4rnl/models/Yagis-HF/nec/2el10mYagi-stepdia-small.nec,ok,ok,0.01110640075057745,0.010324809700250626,,0
cebik-w4rnl/models/Yagis-HF/nec/2el30mwireYagi.nec,ok,ok,0.010550259612500668,0.009655709378421307,,0
cebik-w4rnl/models/Yagis-HF/nec/2el40mwireYagi.nec,ok,ok,0.010518220253288746,0.014396647922694683,,0
cebik-w4rnl/models/Yagis-HF/nec/2el60mwireYagi.nec,ok,ok,0.009694247506558895,0.028580356389284134,,0
cebik-w4rnl/models/Yagis-HF/nec/2el75mwireYagi.nec,ok,ok,0.009526961483061314,0.027582325041294098,,0
cebik-w4rnl/models/Yagis-HF/nec/2el80mwireYagi.nec,ok,ok,0.0094491271302104,0.03313641808927059,,0
cebik-w4rnl/models/Yagis-HF/nec/2eldr-dir10mYagi-375.nec,ok,ok,0.01039082370698452,0.008920606225728989,,0
cebik-w4rnl/models/Yagis-HF/nec/2eldr-dir10mYagi-50.nec,ok,ok,0.009584910236299038,0.006833938881754875,,0
cebik-w4rnl/models/Yagis-HF/nec/2eldr-ref12mYagi-42.nec,ok,ok,0.009385286830365658,0.02468978799879551,,0
cebik-w4rnl/models/Yagis-HF/nec/2eldr-ref15mYagi-50.nec,ok,ok,0.013807966373860836,0.031266918405890465,,0
cebik-w4rnl/models/Yagis-HF/nec/2eldr-ref17mYagi-59.nec,ok,ok,0.011221465654671192,0.009608812630176544,,0
cebik-w4rnl/models/Yagis-HF/nec/2eldr-ref20mYagi-1r5.nec,ok,ok,0.01053335890173912,0.009083239361643791,,0
cebik-w4rnl/models/Yagis-HF/nec/2eldr-ref30mYagi-2.nec,ok,ok,0.014832529239356518,0.012391326949000359,,0
cebik-w4rnl/models/Yagis-HF/nec/2eldr-ref40mYagi-1r5.nec,ok,ok,0.018745544366538525,0.01179825235158205,,0
cebik-w4rnl/models/Yagis-HF/nec/2eldr-ref40mYagi-stepdia.nec,ok,ok,0.02271097619086504,0.10534232947975397,,0
cebik-w4rnl/models/Yagis-HF/nec/2elwb40mYagi-stepdia.nec,ok,ok,0.027644033543765545,0.10060008615255356,,0
cebik-w4rnl/models/Yagis-HF/nec/3bandHFYagi-uniel-noloads.nec,ok,ok,0.053289501927793026,0.0878782058134675,0.6064,1
cebik-w4rnl/models/Yagis-HF/nec/3bandHFtrapYagi-stepdia.nec,ok,ok,0.04134080186486244,0.07428562641143799,,0
cebik-w4rnl/models/Yagis-HF/nec/3el10mYagi-50.nec,ok,ok,0.011189296841621399,0.010764049366116524,,0
cebik-w4rnl/models/Yagis-HF/nec/3el10mYagi-Bird.nec,ok,ok,0.022127973847091198,0.011852857656776905,,0
cebik-w4rnl/models/Yagis-HF/nec/3el10mYagi-stepdia.nec,ok,ok,0.013432924635708332,0.010757749900221825,,0
cebik-w4rnl/models/Yagis-HF/nec/3el12mYagi-625.nec,ok,ok,0.013457413762807846,0.00998158473521471,,0
cebik-w4rnl/models/Yagis-HF/nec/3el15mYagi-stepdia-large.nec,ok,ok,0.018770035356283188,0.014205033890902996,,0
cebik-w4rnl/models/Yagis-HF/nec/3el15mYagi-stepdia-small.nec,ok,ok,0.03231177665293217,0.09583961963653564,,0
cebik-w4rnl/models/Yagis-HF/nec/3el15mlongYagi-75.nec,ok,ok,0.018003019504249096,0.08672745432704687,,0
cebik-w4rnl/models/Yagis-HF/nec/3el15mmedYagi-K9EUV.nec,ok,ok,0.017917309887707233,0.0252775177359581,,0
cebik-w4rnl/models/Yagis-HF/nec/3el15mshortYagi-75.nec,ok,ok,0.015604748390614986,0.038824175484478474,,0
cebik-w4rnl/models/Yagis-HF/nec/3el17mshortYagi-875.nec,ok,ok,0.01300948578864336,0.015077774412930012,,0
cebik-w4rnl/models/Yagis-HF/nec/3el20mlongYagi-1.nec,ok,ok,0.01362323947250843,0.03014388680458069,,0
cebik-w4rnl/models/Yagis-HF/nec/3el20mlongYagi-stepdia.nec,ok,ok,0.012674316763877869,0.026680676266551018,,0
cebik-w4rnl/models/Yagis-HF/nec/3el20mmedYagi-K9EUV.nec,ok,ok,0.009737544693052769,0.024282227270305157,,0
cebik-w4rnl/models/Yagis-HF/nec/3el20mshortYagi-1.nec,ok,ok,0.013185209594666958,0.03192320745438337,,0
cebik-w4rnl/models/Yagis-HF/nec/3el20mshortYagi-stepdia.nec,ok,ok,0.016878260299563408,0.012614964507520199,,0
cebik-w4rnl/models/Yagis-HF/nec/3el2b15m10mYagi-1.nec,ok,ok,0.042103410698473454,0.03664886113256216,,0
cebik-w4rnl/models/Yagis-HF/nec/3el40mVYagi-WA3FET.nec,ok,ok,0.018958108499646187,0.016379335895180702,,0
cebik-w4rnl/models/Yagis-HF/nec/3el40mYagi-stepdia.nec,ok,ok,0.024764792062342167,0.02152054663747549,,0
cebik-w4rnl/models/Yagis-HF/nec/3el40mlongYagi-2.nec,ok,ok,0.01800295989960432,0.01618527341634035,,0
cebik-w4rnl/models/Yagis-HF/nec/3el40mshortYagi-2.nec,ok,ok,0.011476452462375164,0.04150497820228338,,0
cebik-w4rnl/models/Yagis-HF/nec/3el40mwireYagi-reversible.nec,ok,ok,0.011316116899251938,0.04824762139469385,,0
cebik-w4rnl/models/Yagis-HF/nec/3el60mwireYagi-reversible.nec,ok,ok,0.01916134264320135,0.030268345028162003,,0
cebik-w4rnl/models/Yagis-HF/nec/3el75mwireYagi-reversible.nec,ok,ok,0.014836491085588932,0.026633244939148426,,0
cebik-w4rnl/models/Yagis-HF/nec/3el80mwireYagi-reversible.nec,ok,ok,0.015238648280501366,0.04981213714927435,,0
cebik-w4rnl/models/Yagis-HF/nec/3elVYagi10m-wa3fet.nec,ok,ok,0.01422061212360859,0.044669860042631626,,0
cebik-w4rnl/models/Yagis-HF/nec/3elmed10mYagi-K9EUV.nec,ok,ok,0.020622463896870613,0.012293783016502857,,0
cebik-w4rnl/models/Yagis-HF/nec/3elshort10mYagi-50.nec,ok,ok,0.01490694098174572,0.008764305151998997,,0
cebik-w4rnl/models/Yagis-HF/nec/3elwb10mYagi-W6SAI.nec,ok,ok,0.010803780518472195,0.028775013983249664,,0
cebik-w4rnl/models/Yagis-HF/nec/3elwb10mYagi-stepdia.nec,ok,ok,0.014114415273070335,0.04351979400962591,,0
cebik-w4rnl/models/Yagis-HF/nec/3elwb40mYagi-stepdia.nec,ok,ok,0.027643365785479546,0.03701527509838343,,0
cebik-w4rnl/models/Yagis-HF/nec/4el10mYagi-75.nec,ok,ok,0.013928990811109543,0.013257305137813091,,0
cebik-w4rnl/models/Yagis-HF/nec/4el10mwbYagi-stepdia-W4RNL.nec,ok,ok,0.02021084725856781,0.013600445352494717,,0
cebik-w4rnl/models/Yagis-HF/nec/4el10mwbYagi-stepdia.nec,ok,ok,0.019039878621697426,0.016382619738578796,,0
cebik-w4rnl/models/Yagis-HF/nec/4el15mYagi-875.nec,ok,ok,0.016866506077349186,0.012162403203547001,,0
cebik-w4rnl/models/Yagis-HF/nec/4el20mYagi-stepdia.nec,ok,ok,0.029213794507086277,0.07521664258092642,,0
cebik-w4rnl/models/Yagis-HF/nec/4el2b12m17mYagi-stepdia.nec,ok,ok,0.025064962916076183,0.07184783834964037,,0
cebik-w4rnl/models/Yagis-HF/nec/4el2b12m17mdr-dirYagi-stepdia.nec,ok,ok,0.02436576969921589,0.04788241907954216,,0
cebik-w4rnl/models/Yagis-HF/nec/4el2band80m75mwireYagi.nec,ok,ok,0.016489004716277122,0.041718379594385624,,0
cebik-w4rnl/models/Yagis-HF/nec/4elwb40mYagi.nec,ok,ok,0.03576146066188812,0.11148650199174881,,0
cebik-w4rnl/models/Yagis-HF/nec/5bandHFYagi50_-ON4ANT.nec,ok,ok,0.05534016992896795,0.11613532714545727,0.4765,1
cebik-w4rnl/models/Yagis-HF/nec/5bandHFYagi60_-ON4ANT.nec,ok,ok,0.05640101432800293,0.0752127068117261,0.7499,1
cebik-w4rnl/models/Yagis-HF/nec/5el10mYagi-K4SB.nec,ok,ok,0.013115529902279377,0.04480111878365278,,0
cebik-w4rnl/models/Yagis-HF/nec/5el10mwbYagi-stepdia.nec,ok,ok,0.017693146131932735,0.015316111035645008,,0
cebik-w4rnl/models/Yagis-HF/nec/5el20mYagi-K4SB.nec,ok,ok,0.026844137348234653,0.023764812387526035,,0
cebik-w4rnl/models/Yagis-HF/nec/5el20mYagi-N6BV.nec,ok,ok,0.040157703682780266,0.06646515056490898,,0
cebik-w4rnl/models/Yagis-HF/nec/5el20mYagi-W3LPL.nec,ok,ok,0.039661528542637825,0.05848144553601742,,0
cebik-w4rnl/models/Yagis-HF/nec/5el20mYagi-W6NGZ.nec,ok,ok,0.03713357914239168,0.05959212686866522,,0
cebik-w4rnl/models/Yagis-HF/nec/6el10mOWAYagi-N6BV.nec,ok,ok,0.031735884957015514,0.05867829080671072,,0
cebik-w4rnl/models/Yagis-HF/nec/6el10mOWAYagi-NW3Z.nec,ok,ok,0.03328002896159887,0.01748343277722597,,0
cebik-w4rnl/models/Yagis-HF/nec/6el10mOWAYagi-hd-stepdia.nec,ok,ok,0.023725422099232674,0.09390045888721943,,0
cebik-w4rnl/models/Yagis-HF/nec/6el20mOWAYagi-NW3Z.nec,ok,ok,0.04206710495054722,0.102195605635643,,0
cebik-w4rnl/models/Yagis-HF/nec/6el20mYagi-1r5.nec,ok,ok,0.022345338948071003,0.020792276598513126,,0
cebik-w4rnl/models/Yagis-HF/nec/6el20mYagi-N6BV.nec,ok,ok,0.031390758231282234,0.024875358678400517,,0
cebik-w4rnl/models/Yagis-HF/nec/6el2b15m10mYagi-W4RNL.nec,ok,ok,0.021830442361533642,0.07015809696167707,,0
cebik-w4rnl/models/Yagis-HF/nec/6el2b20m15mYagi-W4RNL.nec,ok,ok,0.02089550532400608,0.0766315683722496,,0
cebik-w4rnl/models/Yagis-HF/nec/7el10mOWAYagi-stepdia.nec,ok,ok,0.024532255716621876,0.023214426822960377,,0
cebik-w4rnl/models/Yagis-HF/nec/7el10mwireYagi.nec,ok,ok,0.021829246543347836,0.01988139934837818,,0
cebik-w4rnl/models/Yagis-HF/nec/7el15mYagi-SP5GRM.nec,ok,ok,0.04096577875316143,0.09838380105793476,,0
cebik-w4rnl/models/Yagis-HF/nec/7el20mlongYagi-1r5.nec,ok,ok,0.02265938464552164,0.09309564251452684,,0
cebik-w4rnl/models/Yagis-HF/nec/7el20mshortYagi-1r5.nec,ok,ok,0.02311579044908285,0.01744383852928877,,0
cebik-w4rnl/models/Yagis-HF/nec/8el20mYagi-1r5.nec,ok,ok,0.030869441106915474,0.028697221539914608,,0
cebik-w4rnl/models/Yagis-HF/nec/capload2el10mYagi-375.nec,ok,ok,0.01602253131568432,0.02135993354022503,,0
cebik-w4rnl/models/Yagis-HF/nec/ctrload2el10mYagi-375.nec,ok,ok,0.019000742584466934,0.015222478657960892,,0
cebik-w4rnl/models/Yagis-HF/nec/ctrload2el10mYagi-75.nec,ok,ok,0.014694339595735073,0.007036435417830944,,0
cebik-w4rnl/models/Yagis-HF/nec/ctrload2el40mYagi-stepdia.nec,ok,ok,0.02625691331923008,0.05489403288811445,,0
cebik-w4rnl/models/Yagis-HF/nec/moxrect10m12.nec,ok,ok,0.015873790718615055,0.04095857124775648,,0
cebik-w4rnl/models/Yagis-HF/nec/moxrect10m50.nec,ok,ok,0.01583790872246027,0.016666950657963753,,0
cebik-w4rnl/models/Yagis-HF/nec/moxrect12m12.nec,ok,ok,0.01886410266160965,0.01682300493121147,,0
cebik-w4rnl/models/Yagis-HF/nec/moxrect12m625.nec,ok,ok,0.02340126410126686,0.01394884753972292,,0
cebik-w4rnl/models/Yagis-HF/nec/moxrect15m12.nec,ok,ok,0.01638722326606512,0.07505110371857882,,0
cebik-w4rnl/models/Yagis-HF/nec/moxrect15m75.nec,ok,ok,0.02881722617894411,0.07767145987600088,,0
cebik-w4rnl/models/Yagis-HF/nec/moxrect17m12.nec,ok,ok,0.020282702520489693,0.07961801439523697,,0
cebik-w4rnl/models/Yagis-HF/nec/moxrect17m875.nec,ok,ok,0.02801259234547615,0.07422036491334438,,0
cebik-w4rnl/models/Yagis-HF/nec/moxrect20m1.nec,ok,ok,0.023823518306016922,0.04962229076772928,,0
cebik-w4rnl/models/Yagis-HF/nec/moxrect20m12.nec,ok,ok,0.022811489179730415,0.05998942907899618,,0
cebik-w4rnl/models/Yagis-HF/nec/moxrect30m12.nec,ok,ok,0.01864675059914589,0.011520241387188435,,0
cebik-w4rnl/models/Yagis-HF/nec/moxrect40m12.nec,ok,ok,0.018478356301784515,0.06367042008787394,,0
cebik-w4rnl/models/Yagis-HF/nec/moxrect60m12.nec,ok,ok,0.013418777845799923,0.04572131857275963,,0
cebik-w4rnl/models/Yagis-HF/nec/moxrect75m12.nec,ok,ok,0.017310394905507565,0.024257129058241844,,0
cebik-w4rnl/models/Yagis-HF/nec/moxrect80m12.nec,ok,ok,0.01707373932003975,0.012337135151028633,,0
cebik-w4rnl/nec2-ex1.nec,ok,ok,0.0056061046198010445,0.0046814316883683205,,0
cebik-w4rnl/nec2-ex2.nec,ok,ok,0.009332694113254547,0.004912042059004307,,0
cebik-w4rnl/nec2-ex3.nec,ok,ok,0.08802122250199318,0.09331960417330265,0.9432,1
cebik-w4rnl/nec2-ex5.nec,ok,ok,0.009168041869997978,0.07080498617142439,,0
cebik-w4rnl/nec2-ex7.nec,ok-no-source,ok-no-source,0.19360537081956863,0.1632988341152668,,0
cebik-w4rnl/nec2-ex8.nec,ok-no-source,ok-no-source,0.0053769852966070175,0.005216449499130249,,0
cebik-w4rnl/nec4-ex1.nec,ok,ok,0.006031186319887638,0.004511210136115551,,0
cebik-w4rnl/nec4-ex10_1.nec,ok,ok,0.2361463913694024,0.19789728615432978,1.1933,1
cebik-w4rnl/nec4-ex10_2.nec,ok,ok,0.0077485935762524605,0.006317438557744026,,0
cebik-w4rnl/nec4-ex10_3.nec,ok,ok,0.23431407753378153,0.18498353101313114,1.2667,1
cebik-w4rnl/nec4-ex11.nec,ok,ok,0.08985286112874746,0.0924242464825511,0.9722,1
cebik-w4rnl/nec4-ex3.nec,ok,ok,0.08883417770266533,0.09922068193554878,0.8953,1
cebik-w4rnl/nec4-ex5.nec,ok,ok,0.010074523277580738,0.05764986574649811,,0
cebik-w4rnl/nec4-ex7.nec,ok-no-source,ok-no-source,0.19744382239878178,0.16056887712329626,,0
cebik-w4rnl/nec4-ex8.nec,ok-no-source,ok-no-source,0.004992077127099037,0.005319997668266296,,0
g1ojs/10m/10m 65cm Circ 10mm Copper Magloop H.nec,ok,ok,0.0894831633195281,0.09307958744466305,0.9614,1
g1ojs/10m/10m 65cm Circ 10mm Copper Magloop V side.nec,ok,ok,0.08816637564450502,0.09382686764001846,0.9397,1
g1ojs/10m/10m 65cm Circ 10mm Copper Magloop V.nec,ok,ok,0.08719857968389988,0.09378528408706188,0.9298,1
g1ojs/10m/10m Helically loaded dipole 2.43m long.nec,ok,ok,11.372196332551539,3.559349713847041,3.1950,1
g1ojs/10m/10m LL Dipole 4m 5mm dia elements - hairpin.nec,ok,ok,0.796938193961978,0.6793729411438107,1.1730,1
g1ojs/10m/10m Quad base fed.nec,ok,ok,0.8858110904693604,0.5722388587892056,1.5480,1
g1ojs/10m/10m Rect Petlowany Dipole 10mm dia elements flat 2.nec,ok,ok,0.015400905162096024,0.019706107676029205,,0
g1ojs/10m/10m Short Dipole 3m 5mm dia elements - trombone.nec,ok,ok,0.6758754458278418,0.5900581730529666,1.1454,1
g1ojs/10m/_10m Dipole ref.nec,ok,ok,0.40238548815250397,0.37054992839694023,1.0859,1
g1ojs/10m/_10m V.nec,ok,ok,0.6698637381196022,0.6477594878524542,1.0341,1
g1ojs/15m/_15m V.nec,ok,ok,0.9804726485162973,0.6649247342720628,1.4746,1
g1ojs/160m/160m 239cm Circ 10mm Cu Magloop V.nec,ok,ok,0.12353206053376198,0.10704905353486538,1.1540,1
g1ojs/160m/160m Coax Magloop V.nec,ok,ok,0.09371207654476166,0.09707208722829819,0.9654,1
g1ojs/160m/160m Single Turn Coax Magloop V.nec,ok,ok,0.0952970590442419,0.0963409785181284,0.9892,1
g1ojs/160m/160m Three Turn Coax Magloop V.nec,ok,ok,0.09753666818141937,0.09910234995186329,0.9842,1
g1ojs/160m/160m Two Turn Coax Magloop V.nec,ok,ok,0.09436189662665129,0.09851936437189579,0.9578,1
g1ojs/1V cap plates solid coplanar.nec,ok,ok,1.428695092909038,1.0612200796604156,1.3463,1
g1ojs/20m/20m 239cm Circ 10mm Copper Magloop H.nec,ok,ok,0.11330212093889713,0.10152204614132643,1.1160,1
g1ojs/20m/20m 239cm Circ 10mm Copper Magloop V.nec,ok,ok,0.11638822127133608,0.11644783802330494,0.9995,1
g1ojs/20m/20m 239cm Circ 10mm Copper Magloop Vside.nec,ok,ok,0.11535239312797785,0.10391620732843876,1.1101,1
g1ojs/20m/20m 65cm Circ 10mm Copper Magloop H.nec,ok,ok,0.08817144762724638,0.0941395191475749,0.9366,1
g1ojs/20m/20m 65cm Circ 10mm Copper Magloop V side.nec,ok,ok,0.08834174554795027,0.09367796964943409,0.9430,1
g1ojs/20m/20m 65cm Circ 10mm Copper Magloop V.nec,ok,ok,0.0895502744242549,0.09385960921645164,0.9541,1
g1ojs/20m/20m Half wave circular loop V side.nec,ok,ok,0.19436434004455805,0.15516552608460188,1.2526,1
g1ojs/20m/20m Half wave square loop V side as built.nec,ok,ok,0.1825890839099884,0.15115597657859325,1.2080,1
g1ojs/20m/20m Half wave square loop V side.nec,ok,ok,0.08673916663974524,0.09240158461034298,0.9387,1
g1ojs/20m/20m V coax braid element.nec,ok,ok,1.2029321668669581,0.7786670858040452,1.5449,1
g1ojs/20m/20m V coax inner element.nec,ok,ok,1.0350724337622523,0.6772844363003969,1.5283,1
g1ojs/20m/20m V pvc covered.nec,ok,ok,1.1506513999775052,0.7314478056505322,1.5731,1
g1ojs/20m/Open loop H 7.4m.nec,ok,ok,0.09624414797872305,0.09534292481839657,1.0095,1
g1ojs/20m/Open loop V base 7.4m.nec,ok,ok,0.09774310700595379,0.0954507477581501,1.0240,1
g1ojs/20m/Open loop V side 7.4m.nec,ok,ok,0.09791229106485844,0.09531611111015081,1.0272,1
g1ojs/20m/_20m Dipole ref.nec,ok,ok,1.2616386022418737,0.8305699778720737,1.5190,1
g1ojs/20m/_20m V.nec,ok,ok,1.2317041046917439,0.8250466641038656,1.4929,1
g1ojs/3V cap plates solid coplanar.nec,ok,ok,2.046019621193409,1.0762344477698207,1.9011,1
g1ojs/40m/40m 239cm Circ 10mm Cu Magloop H.nec,ok,ok,0.17167052160948515,0.12789761740714312,1.3422,1
g1ojs/40m/40m 239cm Circ 10mm Cu Magloop V side.nec,ok,ok,0.16895862575620413,0.06652453355491161,2.5398,1
g1ojs/40m/40m 239cm Circ 10mm Cu Magloop V.nec,ok,ok,0.1091106440871954,0.11161934863775969,0.9775,1
g1ojs/40m/40m Fitted Attic V.nec,ok,ok,1.056847053579986,0.7336722053587437,1.4405,1
g1ojs/40m/40m V cap plates coplanar.nec,ok,ok,1.4061525743454695,1.0532906092703342,1.3350,1
g1ojs/40m/40m V cap spokes.nec,ok,ok,1.0369799053296447,0.7953262627124786,1.3038,1
g1ojs/40m/40m V doglegs BUILT.nec,ok,ok,1.0781570822000504,0.6850177440792322,1.5739,1
g1ojs/40m/40m VU built 2.nec,ok,ok,1.0688771679997444,0.7007407331839204,1.5254,1
g1ojs/40m/40m VU built.nec,ok,ok,1.0429808543995023,0.6821005418896675,1.5291,1
g1ojs/40m/40m VU.nec,ok,ok,1.0670419968664646,0.683450112119317,1.5613,1
g1ojs/40m/_40m Dipole ref.nec,ok,ok,1.4656210076063871,0.950453114695847,1.5420,1
g1ojs/40m/_40m V loaded.nec,ok,ok,1.0754090081900358,0.6827275510877371,1.5752,1
g1ojs/40m/opt/40m V integral PI-01.nec,ok,ok,0.22294093389064074,0.17365192901343107,1.2838,1
g1ojs/40m/opt/40m V integral PI-02.nec,ok,ok,0.2225451236590743,0.17329452093690634,1.2842,1
g1ojs/40m/opt/40m V integral PI-03.nec,ok,ok,0.21734724286943674,0.17381340730935335,1.2505,1
g1ojs/40m/opt/40m V integral PI-04.nec,ok,ok,0.2234115619212389,0.1731561552733183,1.2902,1
g1ojs/40m/opt/40m V integral PI-05.nec,ok,ok,0.22280131746083498,0.17361921723932028,1.2833,1
g1ojs/40m/opt/40m V integral PI-06.nec,ok,ok,0.21705288160592318,0.1728574139997363,1.2557,1
g1ojs/40m/opt/40m V integral PI-07.nec,ok,ok,0.2231184048578143,0.17348324600607157,1.2861,1
g1ojs/40m/opt/40m V integral PI-08.nec,ok,ok,0.22320790588855743,0.1751199197024107,1.2746,1
g1ojs/40m/opt/40m V integral PI-09.nec,ok,ok,0.21713117230683565,0.17383282538503408,1.2491,1
g1ojs/40m/opt/40m V integral PI-10.nec,ok,ok,0.22268035262823105,0.1728215916082263,1.2885,1
g1ojs/40m/opt/40m V integral PI-11.nec,ok,ok,0.22274670843034983,0.17355460114777088,1.2834,1
g1ojs/40m/opt/40m V integral PI-12.nec,ok,ok,0.22614114359021187,0.1736646704375744,1.3022,1
g1ojs/40m/opt/40m V integral PI-13.nec,ok,ok,0.2176725659519434,0.17533552274107933,1.2415,1
g1ojs/40m/opt/40m V integral PI-14.nec,ok,ok,0.2194471638649702,0.17359983827918768,1.2641,1
g1ojs/40m/opt/40m V integral PI-15.nec,ok,ok,0.22295308858156204,0.17349678929895163,1.2851,1
g1ojs/40m/opt/40m V integral PI-16.nec,ok,ok,0.22289866395294666,0.17338433396071196,1.2856,1
g1ojs/40m/opt/40m V integral PI-17.nec,ok,ok,0.2264348790049553,0.17369572073221207,1.3036,1
g1ojs/40m/opt/40m V integral PI-18.nec,ok,ok,0.2173955487087369,0.17361797019839287,1.2521,1
g1ojs/40m/opt/40m V integral PI-19.nec,ok,ok,0.21811624988913536,0.17370544746518135,1.2557,1
g1ojs/40m/opt/40m V integral PI-20.nec,ok,ok,0.22403390053659678,0.18402165360748768,1.2174,1
g1ojs/40m/opt/40m V integral PI-21.nec,ok,ok,0.22258914727717638,0.17402686458081007,1.2791,1
g1ojs/40m/opt/40m V integral PI-22.nec,ok,ok,0.22672852966934443,0.17301025055348873,1.3105,1
g1ojs/40m/opt/40m V integral PI-23.nec,ok,ok,0.216930091381073,0.17336384020745754,1.2513,1
g1ojs/40m/opt/40m V integral PI-24.nec,ok,ok,0.21952116582542658,0.17314705345779657,1.2678,1
g1ojs/40m/opt/40m V integral PI-25.nec,ok,ok,0.22269430570304394,0.17369511350989342,1.2821,1
g1ojs/40m/opt/40m V integral PI-26.nec,ok,ok,0.22218076325953007,0.17275389842689037,1.2861,1
g1ojs/40m/opt/40m V integral PI-27.nec,ok,ok,0.22647945303469896,0.17383221257478,1.3029,1
g1ojs/40m/opt/40m V integral PI-28.nec,ok,ok,0.21716100722551346,0.1729359906166792,1.2557,1
g1ojs/40m/opt/40m V integral PI-29.nec,ok,ok,0.21940344851464033,0.17375068459659815,1.2627,1
g1ojs/40m/opt/40m V integral PI-30.nec,ok,ok,0.22320977877825499,0.17340984102338552,1.2872,1
g1ojs/40m/opt/40m V integral PI_003-19.nec,ok,ok,0.22403452545404434,0.17437475826591253,1.2848,1
g1ojs/40m/opt/40m V integral PI_007-12.nec,ok,ok,0.22391704376786947,0.17313507664948702,1.2933,1
g1ojs/40m/trials/40m V cage.nec,ok,ok,1.8840872840955853,1.3568251533433795,1.3886,1
g1ojs/40m/trials/40m V curve 4pts 7MHz.nec,ok,ok,1.057057031430304,0.6820362284779549,1.5499,1
g1ojs/40m/trials/40m V curve 5pts 7MHz.nec,ok,ok,1.0672282511368394,0.6811789041385055,1.5667,1
g1ojs/40m/trials/40m V integral PI.nec,ok,ok,1.0669085402041674,0.8413213221356273,1.2681,1
g1ojs/40m/trials/40m V mesh.nec,ok,ok,1.7137093367055058,1.2155661545693874,1.4098,1
g1ojs/630m/630m Three Turn Coax Magloop V.nec,ok,ok,0.09996392484754324,0.10068291798233986,0.9929,1
g1ojs/80m/40m V3.nec,ok,ok,1.0704418839886785,0.8189220568165183,1.3071,1
g1ojs/80m/80m 239cm Circ 10mm Cu Magloop V.nec,ok,ok,0.11580660846084356,0.11002592369914055,1.0525,1
g1ojs/80m/80m V cap plates high H.nec,ok,ok,1.2789554223418236,0.9772051554173231,1.3088,1
g1ojs/80m/80m V cap plates solid coplanar.nec,ok,ok,1.4453213680535555,1.0715787271037698,1.3488,1
g1ojs/80m/80m V cap plates solid felt.nec,ok,ok,1.3724368708208203,1.0427858922630548,1.3161,1
g1ojs/80m/80m V.nec,ok,ok,1.1293754298239946,0.8617080664262176,1.3106,1
g1ojs/80m/80m V3.nec,ok,ok,1.1359931780025363,0.7784502021968365,1.4593,1
g1ojs/80m/_80m Dipole ref.nec,ok,ok,1.614474824629724,1.007266391068697,1.6028,1
g1ojs/80m/tmp.nec,ok,ok,0.9857510197907686,0.7920221416279674,1.2446,1
g1ojs/Delta loop/loop.nec,ok,ok,0.9296260233968496,0.7488454319536686,1.2414,1
g1ojs/Loft wires/1V.nec,ok,ok,1.0345952417701483,0.6798251159489155,1.5219,1
g1ojs/Loft wires/2V.nec,ok,ok,1.0718739787116647,0.7670610249042511,1.3974,1
g1ojs/Loft wires/LF.nec,ok,ok,1.1816969029605389,0.7400161270052195,1.5969,1
g1ojs/Loft wires/Max space V centre.nec,ok,ok,1.076579786837101,0.7320773182436824,1.4706,1
g1ojs/Loft wires/Max space V diag.nec,ok,ok,1.0488369492813945,0.6811302369460464,1.5398,1
g1ojs/Loft wires/Spiral.nec,ok,ok,1.074729616753757,0.7087554046884179,1.5164,1
g1ojs/Magloop with cap on coupling loop.nec,ok,ok,0.11504309251904488,0.11291973385959864,1.0188,1
g1ojs/Magloop with gap and cap on coupling loop.nec,ok,ok,0.21226330660283566,0.15994784887880087,1.3271,1
g1ojs/Meander Loading/40m Dipole at 7m reference.nec,ok,ok,0.3080786895006895,0.22764195501804352,1.3533,1
g1ojs/Meander Loading/40m Dipole at 7m with 10 meanders.nec,ok,ok,0.22750565875321627,0.17564076744019985,1.2953,1
g1ojs/Meander Loading/40m Dipole at 7m with 20 meanders.nec,ok,ok,0.24147158209234476,0.18289694655686617,1.3203,1
g1ojs/Meander Loading/40m Inverted V at 7m with 10 meanders.nec,ok,ok,0.22827572375535965,0.17486683931201696,1.3054,1
g1ojs/Meander Loading/40m Inverted V at 7m with full meandering.nec,ok,ok,0.2235103640705347,0.1742433588951826,1.2827,1
g1ojs/Open wire V/Open wire V fixed wire length.nec,ok,ok,1.2242513112723827,0.7889721225947142,1.5517,1
g1ojs/Open wire V/Open wire V max wire length.nec,ok,ok,0.9702470814809203,0.6365198753774166,1.5243,1
g1ojs/Small Receiving Loops/1m dia loop.nec,ok,ok,0.0874625202268362,0.09287217259407043,0.9418,1
g1ojs/Trapped/TRAPx1 V 40m 20m.nec,ok,ok,0.09507524501532316,0.09351796470582485,1.0167,1
g1ojs/Trapped/TRAPx2 V 40m 20m 10m - remove 10m.nec,ok,ok,0.08769569359719753,0.093149877153337,0.9414,1
g1ojs/Trapped/TRAPx2 V 40m 20m 10m.nec,ok,ok,0.08983629569411278,0.095180737785995,0.9438,1
g1ojs/Trapped/TRAPx2 V 40m 20m 6m.nec,ok,ok,0.08992573153227568,0.09444424416869879,0.9522,1
g1ojs/Trapped/TRAPx2_V.nec,ok,ok,40.36250469554216,39.27666780445725,1.0276,1
g1ojs/Trapped/Test.nec,ok,ok,0.4832401415333152,0.3345686849206686,1.4444,1
g1ojs/Trapped/Trap V - 6m 15m.nec,ok,ok,0.08625858929008245,0.09191912692040205,0.9384,1
g1ojs/Trapped/Trap_V.nec,ok,ok,0.08997028786689043,0.09435038175433874,0.9536,1
g1ojs/Tree/treeV_20m_10m.nec,ok,ok,0.08544029295444489,0.09177924785763025,0.9309,1
g1ojs/Verticals/10m OCF H/10m H OCF 2.5m long.nec,ok,ok,0.4063166622072458,0.4473613705486059,0.9083,1
g1ojs/Verticals/10m OCF H/10m H OCF 3.5m long.nec,ok,ok,0.40827849321067333,0.44430415891110897,0.9189,1
g1ojs/Verticals/10m OCF H/10m H OCF 3m long.nec,ok,ok,0.415395206771791,0.3170639695599675,1.3101,1
g1ojs/Verticals/10m OCF H/10m Vertical V 3m tall.nec,ok,ok,0.8335541374981403,0.5285434685647488,1.5771,1
g1ojs/Verticals/15m/15m H OCF 3m long.nec,ok,ok,0.48957942984998226,0.4958884520456195,0.9873,1
g1ojs/Verticals/20m/20m horizontal V 3.5m high.nec,ok,ok,0.874254148453474,0.7369118444621563,1.1864,1
g1ojs/Verticals/20m/20m horizontal diamond 3m high.nec,ok,ok,0.8305073184892535,0.5885685039684176,1.4111,1
g1ojs/Verticals/others/10m H OCF - Copy.nec,ok,ok,0.4110176023095846,0.44780588056892157,0.9178,1
g1ojs/Verticals/others/10m arrow 2 wire 75cm wide - OCF.nec,ok,ok,0.40989277604967356,0.44706141017377377,0.9169,1
g1ojs/Verticals/others/10m bicone 2 wire 100cm wide.nec,crash,crash,1.2781067565083504,1.2225079135969281,,0
g1ojs/Verticals/others/10m bicone 2 wire 150cm wide.nec,crash,crash,2.214106642641127,1.2237050496041775,,0
g1ojs/Verticals/others/10m bicone 2 wire 40cm wide.nec,crash,crash,3.126488136127591,1.2191525399684906,,0
g1ojs/Verticals/others/10m bicone 2 wire 50cm wide.nec,crash,crash,3.9752039974555373,1.2251705722883344,,0
g1ojs/Verticals/others/10m bicone 2 wire 75cm wide - OCF.nec,ok,ok,0.302721100859344,0.4575534174218774,0.6616,1
g1ojs/Verticals/others/10m bicone 2 wire 75cm wide.nec,crash,crash,4.655186573043466,1.223120124079287,,0
g1ojs/Verticals/others/10m bicone 2 wire.nec,crash,crash,5.112140108831227,1.2235469119623303,,0
g1ojs/Verticals/others/10m bicone 4 wire.nec,crash,crash,5.1082748444750905,1.226044101640582,,0
g1ojs/Verticals/others/10m bitrap.nec,crash,crash,5.108764347620308,1.2239037798717618,,0
g1ojs/Verticals/others/10m general.nec,crash,crash,5.103625372052193,1.194377014413476,,0
g1ojs/Verticals/others/Dipole 4.6m _ too long.nec,crash,crash,5.108320596627891,1.2814013669267297,,0
g1ojs/Verticals/others/general 1.nec,crash,crash,5.104031511582434,1.2253176299855113,,0
g1ojs/Verticals/others/general 15m.nec,crash,crash,5.104522665962577,1.2236186191439629,,0
g1ojs/Verticals/others/general 2.nec,crash,crash,5.099413542076945,1.2249883832409978,,0
g1ojs/Verticals/others/opt/general 2-01.nec,crash,crash,5.099252823740244,1.2237232690677047,,0
g1ojs/Verticals/others/opt/general 2-02.nec,crash,crash,5.098530689254403,1.194093881174922,,0
g1ojs/Verticals/others/opt/general 2-03.nec,crash,crash,5.097970375791192,1.2061890186741948,,0
g1ojs/Verticals/others/opt/general 2-04.nec,crash,crash,5.102883864194155,1.2254901323467493,,0
g1ojs/Verticals/others/opt/general 2-05.nec,crash,crash,5.108302568085492,1.2254872471094131,,0
g1ojs/Verticals/others/opt/general 2-06.nec,crash,crash,5.106264499016106,1.2255655713379383,,0
g1ojs/Verticals/others/opt/general 2-07.nec,crash,crash,5.1084114126861095,1.224550467915833,,0
g1ojs/Verticals/others/opt/general 2-08.nec,crash,crash,5.108903037384152,1.2244106475263834,,0
g1ojs/Verticals/others/opt/general 2-09.nec,crash,crash,5.109609262086451,1.194689953699708,,0
g1ojs/Verticals/others/opt/general 2-10.nec,crash,crash,5.104233464226127,1.2269753012806177,,0
g1ojs/Verticals/others/opt/general 2-11.nec,crash,crash,5.110169372521341,1.2239465033635497,,0
g1ojs/Verticals/others/opt/general 2-12.nec,crash,crash,5.105671349912882,1.2247540410608053,,0
g1ojs/Verticals/others/opt/general 2-13.nec,crash,crash,5.10436899214983,1.2252147905528545,,0
g1ojs/Verticals/others/opt/general 2-14.nec,crash,crash,5.103143555112183,1.2233012849465013,,0
g1ojs/Verticals/others/opt/general 2-15.nec,crash,crash,5.1026489632204175,1.2251494843512774,,0
g1ojs/Verticals/others/opt/general 2-16.nec,crash,crash,5.097313522361219,1.2655199021100998,,0
g1ojs/Verticals/others/opt/general 2-17.nec,crash,crash,5.1002839570865035,2.100977794267237,,0
g1ojs/Verticals/others/opt/general 2-18.nec,crash,crash,5.10137933678925,2.0707383677363396,,0
g1ojs/Verticals/others/opt/general 2-20.nec,crash,crash,5.0961385499686,2.0382048720493913,,0
g1ojs/Verticals/others/opt/general 2-21.nec,crash,crash,5.096552927047014,2.038824340328574,,0
g1ojs/Verticals/others/opt/general 2-22.nec,crash,crash,5.097054247744381,2.039786051027477,,0
g1ojs/Verticals/others/opt/general 2-25.nec,crash,crash,5.093257104046643,2.041092145256698,,0
g1ojs/Verticals/others/opt/general 2-26.nec,crash,crash,5.092950158752501,2.0405142651870847,,0
g1ojs/Verticals/others/opt/general 2-27.nec,crash,crash,5.10089710354805,2.0384938372299075,,0
g1ojs/Verticals/others/opt/general 2-28.nec,crash,crash,5.114724246785045,2.0398746076971292,,0
g1ojs/Verticals/others/opt/general 2-29.nec,crash,crash,5.12397890817374,2.039738867431879,,0
g1ojs/Verticals/others/opt/general 2-30.nec,crash,crash,5.130867966450751,2.0547958966344595,,0
g1ojs/_1m/Contrahelix 1.nec,ok,ok,0.029339848086237907,0.02101801708340645,,0
g1ojs/_1m/Dipole linear 1 75pc.nec,ok,ok,0.0052544595673680305,0.00508452020585537,,0
g1ojs/_1m/Dipole to slot/1 Dipole.nec,ok,ok,0.004457619972527027,0.004165382124483585,,0
g1ojs/_1m/Dipole to slot/2 Dipole H.nec,ok,ok,0.0055732158944010735,0.005117460153996944,,0
g1ojs/_1m/Dipole to slot/3 Dipole H Serifs.nec,ok,ok,0.008610698394477367,0.008205532096326351,,0
g1ojs/_1m/Dipole to slot/4 Dipole Rects.nec,ok,ok,0.010984101332724094,0.010594269260764122,,0
g1ojs/_1m/Dipole to slot/5 Dipole Rects Shorts.nec,ok,ok,0.012053672224283218,0.011888828128576279,,0
g1ojs/_1m/Dipole to slot/6 Dipole Rects Shorts 2.nec,ok,ok,0.004779962822794914,0.0046508945524692535,,0
g1ojs/_1m/Dipole with matching l _ 0.25 v1.nec,ok,ok,0.00735947210341692,0.006942255422472954,,0
g1ojs/_1m/Dipole with matching l _ 0.25 v2.nec,ok,ok,0.005906332284212112,0.005675962194800377,,0
g1ojs/_1m/Dipole with matching l _ 0.33.nec,ok,ok,0.007481105625629425,0.0070753274485468864,,0
g1ojs/_1m/Dipole.nec,ok,ok,0.004037283360958099,0.003703332506120205,,0
g1ojs/_1m/Folded 1.nec,ok,ok,0.006306362338364124,0.005955761298537254,,0
g1ojs/_1m/Helix Dipole 11 turn.nec,ok,ok,0.017732382752001286,0.013859454542398453,,0
g1ojs/_1m/Helix Dipole 2.5 turn.nec,ok,ok,0.005339242517948151,0.005190402269363403,,0
g1ojs/_1m/Helix Dipole 21 turn.nec,ok,ok,0.017162250354886055,0.011881946586072445,,0
g1ojs/_1m/Helix Dipole 3 turn.nec,ok,ok,0.005240715108811855,0.005179182626307011,,0
g1ojs/_1m/Helix Dipole 5 turn.nec,ok,ok,0.005221134051680565,0.005106079392135143,,0
g1ojs/_1m/Helix Dipole 7 turn.nec,ok,ok,0.017802110873162746,0.012190015986561775,,0
g1ojs/_1m/Helix Dipole 9 turn.nec,ok,ok,0.017490980215370655,0.012258465401828289,,0
g1ojs/_1m/Pair 1.nec,ok,ok,0.006757980212569237,0.00687035545706749,,0
g1ojs/_1m/Trapezium 1.nec,ok,ok,0.005897642113268375,0.0057578859850764275,,0
g1ojs/_1m/Trapezium 2.nec,ok,ok,0.0058858273550868034,0.005791597068309784,,0
g1ojs/_1m/Two rect dipole.nec,ok,ok,0.016136210411787033,0.015618444420397282,,0
g1ojs/_2m/2m clutter/2m Diamond A144S5R over ground with clutter.nec,ok,ok,0.6654855739325285,0.36531476117670536,1.8217,1
g1ojs/_2m/2m clutter/2m Diamond A144S5R over ground.nec,ok,ok,0.05258784629404545,0.033408029936254025,,0
g1ojs/_2m/2m clutter/Circular Quad 2 ele V-pol with clutter.nec,ok,ok,0.15965133998543024,0.0861758291721344,1.8526,1
g1ojs/_2m/2m clutter/Circular Quad 2 ele with clutter no 6m.nec,ok,ok,0.22179214842617512,0.08298902399837971,2.6725,1
g1ojs/_2m/2m clutter/Circular Quad 2 ele with clutter no loop.nec,ok,ok,0.11420401092618704,0.06316804978996515,1.8079,1
g1ojs/_2m/2m clutter/Circular Quad 2 ele with clutter.nec,ok,ok,0.2373861288651824,0.08627658430486917,2.7515,1
g1ojs/_2m/2m clutter/Circular Quad 2 ele.nec,ok,ok,0.02598709985613823,0.011929967440664768,,0
g1ojs/_2m/2m clutter/Clutter feed the clutter.nec,ok,ok,0.1285662492737174,0.05358033534139395,2.3995,1
g1ojs/_2m/2m clutter/Dipole ref with clutter.nec,ok,ok,0.5672705210745335,0.396185708232224,1.4318,1
g1ojs/_2m/2m clutter/Dipole ref.nec,ok,ok,0.007102048955857754,0.009631299413740635,,0
g1ojs/_2m/2m clutter/Stacked dipoles x2.nec,ok,ok,0.010913779027760029,0.014675687067210674,,0
g1ojs/_2m/Cylindrical slots/2m Circular Slot Cube H Pol.nec,ok,ok,0.020279954187572002,0.018251383677124977,,0
g1ojs/_2m/Cylindrical slots/2m Circular Slot Cube V Pol.nec,ok,ok,0.02646759059280157,0.03043497633188963,,0
g1ojs/_2m/Cylindrical slots/2m Cylindrical Slot Open.nec,ok,ok,0.23399936594069004,0.1905785510316491,1.2278,1
g1ojs/_2m/Cylindrical slots/2m Pair of circles with tilt 0 deg.nec,ok,ok,0.03402720391750336,0.11520599853247404,,0
g1ojs/_2m/Cylindrical slots/2m Pair of circles with tilt 90 deg.nec,ok,ok,0.020513873547315598,0.07569384016096592,,0
g1ojs/_2m/Cylindrical slots/2m Pair of circles with tilt.nec,ok,ok,0.02148799877613783,0.07646158803254366,,0
g1ojs/_2m/Cylindrical slots/Slot cube C shape.nec,ok,ok,0.030872789211571217,0.041151280514895916,,0
g1ojs/_2m/Driven beams/2ele 0.25m long.nec,ok,ok,0.011926460079848766,0.014200367964804173,,0
g1ojs/_2m/Driven beams/5ele 1m long.nec,ok,ok,0.038775257766246796,0.047480711713433266,,0
g1ojs/_2m/Driven beams/5ele 3m long .nec,ok,ok,0.04629822261631489,0.050870008766651154,,0
g1ojs/_2m/Evolved/Ev3.nec,ok,ok,0.005567064508795738,0.00492856465280056,,0
g1ojs/_2m/Evolved/Ev4.nec,ok,ok,0.005220199003815651,0.004850870929658413,,0
g1ojs/_2m/Evolved/Ev5.nec,ok,ok,0.041098845191299915,0.004746368154883385,,0
g1ojs/_2m/Evolved/Ev6.nec,ok,ok,0.05145713873207569,0.004886000417172909,,0
g1ojs/_2m/Evolved/Ev7.nec,ok,ok,0.08874054532498121,0.004795758984982967,,0
g1ojs/_2m/Evolved/Ev8.nec,ok,ok,0.09366025682538748,0.005628155544400215,,0
g1ojs/_2m/Evolved/Ev9.nec,ok,ok,0.09390582982450724,0.005845106206834316,,0
g1ojs/_2m/Evolved/Test5.nec,ok,ok,0.006280246190726757,0.005581531673669815,,0
g1ojs/_2m/Franklin/Horizontal 2m Franklin V over ground.nec,ok,ok,0.029476753436028957,0.04825680237263441,,0
g1ojs/_2m/Franklin/Horizontal 2m Franklin oddity.nec,ok,ok,0.05248471535742283,0.06814372260123491,0.7702,1
g1ojs/_2m/Franklin/Horizontal 2m Franklin over ground with Franklin reflector.nec,ok,ok,0.092741833999753,0.07118110917508602,1.3029,1
g1ojs/_2m/Franklin/Horizontal 2m Franklin over ground.nec,ok,ok,0.034949902445077896,0.03428278211504221,,0
g1ojs/_2m/Franklin/Horizontal 2m Franklin with Twin Reflectors.nec,ok,ok,0.03928677178919315,0.0659726308658719,,0
g1ojs/_2m/Franklin/Horizontal 2m Franklin with droops over ground.nec,ok,ok,0.041211080737411976,0.05782976746559143,,0
g1ojs/_2m/Franklin/Horizontal 2m Vertical Franklin over ground.nec,ok,ok,0.03539433144032955,0.048678928054869175,,0
g1ojs/_2m/Halo based/2m Chimney Halo Phi_0 El_0.nec,ok,ok,0.05565670784562826,0.0882886415347457,0.6304,1
g1ojs/_2m/Halo based/2m Chimney Halo Phi_0 El_45.nec,ok,ok,0.06943579018115997,0.09812153968960047,0.7077,1
g1ojs/_2m/Halo based/2m Chimney Halo Phi_0 El_90.nec,ok,ok,0.0762682557106018,0.06244334951043129,1.2214,1
g1ojs/_2m/Halo based/2m Horizontal Halo at 9m Phi_0 El_00.nec,ok,ok,0.07248585671186447,0.05269721522927284,1.3755,1
g1ojs/_2m/Halo based/2m Low halo Phi_0 El_0.nec,ok,ok,0.053511885926127434,0.08336438797414303,0.6419,1
g1ojs/_2m/Halo based/2m Stacked Halos Phi_0 El_0 1.5m.nec,ok,ok,0.22594889625906944,0.22059818729758263,1.0243,1
g1ojs/_2m/Halo based/2m Stacked Halos Phi_0 El_0 1.7m.nec,ok,ok,0.2560713728889823,0.38519537542015314,0.6648,1
g1ojs/_2m/Halo based/2m Vertical Halo at 9m Phi_0 El_90.nec,ok,ok,0.07010598946362734,0.12960406299680471,0.5409,1
g1ojs/_2m/Halo based/2m halo 8m agl Phi_0 El_0.nec,ok,ok,0.07191126886755228,0.06382739823311567,1.1267,1
g1ojs/_2m/Halo based/2m low stacked halos Phi_0 El_0 1.03m .nec,ok,ok,0.25740763172507286,0.34103461634367704,0.7548,1
g1ojs/_2m/Halo based/Horizontal direct fed S with coax balun not folded.nec,ok,ok,0.10738378576934338,0.09764987230300903,1.0997,1
g1ojs/_2m/Halo based/Horizontal direct fed S2 with coax balun not folded.nec,ok,ok,0.10296908486634493,0.10018468461930752,1.0278,1
g1ojs/_2m/Halo based/Horizontal direct fed halo with coax balun not folded.nec,ok,ok,0.10656085889786482,0.12594000156968832,0.8461,1
g1ojs/_2m/Halo based/Horizontal halo delta match with coax balun not folded - Copy.nec,ok,ok,0.12981926929205656,0.06285272259265184,2.0655,1
g1ojs/_2m/Helix/2m Pair of 2turn Helices 1 thin interconnect.nec,crash,crash,3.3261407744139433,1.229797339066863,,0
g1ojs/_2m/Helix/2m Pair of 2turn Helices 2mm wire.nec,crash,crash,2.2756024207919836,2.1916162334382534,,0
g1ojs/_2m/Helix/2m Single 2turn Helix - Horizontal.nec,ok,ok,0.013061136938631535,0.008926773443818092,,0
g1ojs/_2m/Helix/2m Single 2turn Helix as built.nec,ok,ok,0.013035234063863754,0.008591433055698872,,0
g1ojs/_2m/Helix/2m Single 2turn Helix e.g.nec,ok,ok,0.013347925618290901,0.008603825233876705,,0
g1ojs/_2m/Helix/2m Single 2turn Helix.nec,ok,ok,0.015356280840933323,0.008651167154312134,,0
g1ojs/_2m/Helix/2m Single Helix 1 thin wire direct feed with feedline.nec,ok,ok,0.04147616308182478,0.019522132351994514,,0
g1ojs/_2m/Helix/Square helix.nec,ok,ok,0.029743368737399578,0.015338514000177383,,0
g1ojs/_2m/Hentenna based/2m Cuboid Hentenna Symmetric.nec,ok,ok,0.08096127212047577,0.05219599977135658,1.5511,1
g1ojs/_2m/Hentenna based/2m Hentenna fs.nec,ok,ok,0.009430787526071072,0.006151009351015091,,0
g1ojs/_2m/Hentenna based/2m Hentenna over ground Phi_0 - flashing.nec,ok,ok,2.089255173690617,0.5439987499266863,3.8406,1
g1ojs/_2m/Hentenna based/2m Hentenna over ground Phi_0.nec,ok,ok,0.05580627452582121,0.023194161243736744,,0
g1ojs/_2m/Hentenna based/2m Hentenna over ground Phi_90 - flashing.nec,ok,ok,2.8548354618251324,0.7585857268422842,3.7634,1
g1ojs/_2m/Hentenna based/2m Hentenna over ground.nec,ok,ok,0.03553183190524578,0.08485874067991972,,0
g1ojs/_2m/Hentenna based/2m Small Cube Hentenna.nec,ok,ok,0.04147056769579649,0.08834704849869013,,0
g1ojs/_2m/Hentenna based/2m Small Cuboid Hentenna Symmetric.nec,ok,ok,0.05290872044861317,0.11273801233619452,0.4693,1
g1ojs/_2m/Hentenna based/2m Small Cuboid Hentenna.nec,ok,ok,0.04112749174237251,0.10124573949724436,,0
g1ojs/_2m/Hentenna based/2m Small Hentenna Loop 12.5 Ohms.nec,ok,ok,0.026654244400560856,0.05637039989233017,,0
g1ojs/_2m/Hentenna based/2m Small Hentenna Loop 700x200 Stub Match Wire dia.nec,ok,ok,0.028266306035220623,0.057153528556227684,,0
g1ojs/_2m/Hentenna based/2m Small Hentenna Loop 700x200 Stub Match.nec,ok,ok,0.028366368263959885,0.05983579903841019,,0
g1ojs/_2m/Hentenna based/2m Small Hentenna Loop 700x280 Stub Match.nec,ok,ok,0.030137285590171814,0.05831136740744114,,0
g1ojs/_2m/Hentenna based/2m Wide Hentenna over ground.nec,ok,ok,0.018419933505356312,0.03597594052553177,,0
g1ojs/_2m/Hentenna based/2m gapped hentenna over ground.nec,ok,ok,0.0780684556812048,0.1929831588640809,0.4045,1
g1ojs/_2m/Hentenna based/2x Stacked 2m Hentenna Single Feed Inverted parallel to roof ridge over Ground.nec,ok,ok,0.08463911525905132,0.077200623229146,1.0964,1
g1ojs/_2m/Hentenna based/2x Stacked 2m Hentenna Single Feed parallel to roof ridge over Ground Base Direct Feed.nec,ok,ok,0.06467190105468035,0.11947192251682281,0.5413,1
g1ojs/_2m/Hentenna based/2x Stacked 2m Hentenna Single Feed parallel to roof ridge over Ground.nec,ok,ok,0.08338620699942112,0.10584260802716017,0.7878,1
g1ojs/_2m/Hentenna based/2x Stacked 2m Hentenna parallel to roof ridge over Ground.nec,ok,ok,0.06855274084955454,0.08621540479362011,0.7951,1
g1ojs/_2m/Hentenna based/2x Stacked 2m Hentenna parallel to roof ridge with reflector.nec,ok,ok,0.09404479432851076,0.163974117487669,0.5735,1
g1ojs/_2m/Hentenna based/Build.nec,ok-no-source,ok-no-source,0.030650673434138298,0.13625734578818083,,0
g1ojs/_2m/Horizontal 2m Moxon.nec,ok,ok,0.012742076069116592,0.017949040979146957,,0
g1ojs/_2m/Horizontal Dipole with end loading plates.nec,ok,ok,0.04432818107306957,0.04284864664077759,,0
g1ojs/_2m/Larger loops/Fullwave square one turn.nec,ok,ok,0.005806691944599152,0.009234997443854809,,0
g1ojs/_2m/Larger loops/Rect 35cm x 50cm.nec,ok,ok,0.0058175669983029366,0.008148295804858208,,0
g1ojs/_2m/Larger loops/Rect 35cm x 60cm.nec,ok,ok,0.005838206969201565,0.007568656466901302,,0
g1ojs/_2m/Larger loops/Skinny wire diamond loop.nec,ok,ok,0.010811659507453442,0.013196352869272232,,0
g1ojs/_2m/Larger loops/Square 40cm.nec,ok,ok,0.0054884254932403564,0.008111337199807167,,0
g1ojs/_2m/Magloop/2m 17cm dia Magloop 144.2 MHz H - FS.nec,ok,ok,0.00787553284317255,0.013451527804136276,,0
g1ojs/_2m/Magloop/2m 17cm dia Magloop 144.2 MHz H.nec,ok,ok,0.023519041016697884,0.09929780755192041,,0
g1ojs/_2m/Magloop/2m 17cm dia Magloop 144.2 MHz V.nec,ok,ok,0.035080693662166595,0.09133652318269014,,0
g1ojs/_2m/Owen Collinear.nec,ok,ok,0.0061592962592840195,0.007081247866153717,,0
g1ojs/_2m/Quads/Circular Loop.nec,ok,ok,0.011821970343589783,0.008894192054867744,,0
g1ojs/_2m/Quads/Circular Quad 2 ele - fb.nec,ok,ok,0.03315446060150862,0.014300009235739708,,0
g1ojs/_2m/Quads/Rect Wire Quad 3 ele 50R.nec,ok,ok,0.03738775476813316,0.05487826559692621,,0
g1ojs/_2m/Quads/Square Quad 1 with dipole reflector.nec,ok,ok,0.018302323296666145,0.022302981466054916,,0
g1ojs/_2m/Quads/Square Quad 2 ele 50R.nec,ok,ok,0.020165162160992622,0.03296417370438576,,0
g1ojs/_2m/Quads/Square Quad 2 ele box.nec,ok,ok,0.05452486872673035,0.06608697958290577,0.8250,1
g1ojs/_2m/Quads/Square Thick Wire Quad 3 ele 50R.nec,ok,ok,0.03509783744812012,0.06608003657311201,,0
g1ojs/_2m/Quads/Square Wire Quad 2 ele 50R with clutter.nec,ok,ok,0.33394444920122623,0.20416204538196325,1.6357,1
g1ojs/_2m/Quads/Square Wire Quad 2 ele 50R.nec,ok,ok,0.030754312872886658,0.04413458239287138,,0
g1ojs/_2m/Quads/Square Wire Quad 3 ele 50R - fb.nec,ok,ok,0.05612175352871418,0.07864758931100368,0.7136,1
g1ojs/_2m/Quads/Square Wire Quad 3 ele 50R.nec,ok,ok,0.05621289275586605,0.07423012610524893,0.7573,1
g1ojs/_2m/Shortened dipoles/2m H dipole 0.5m.nec,ok,ok,0.009602339938282967,0.011431073769927025,,0
g1ojs/_2m/Shortened dipoles/2m Helix S dipole 0.5t.nec,ok,ok,0.047975839115679264,0.10228018928319216,,0
g1ojs/_2m/Shortened dipoles/2m Helix S dipole 0.7t.nec,ok,ok,0.047534109093248844,0.09941665548831224,,0
g1ojs/_2m/Shortened dipoles/2m Helix S dipole 1t.nec,ok,ok,0.04849090613424778,0.0934331826865673,,0
g1ojs/_2m/Shortened dipoles/2m Helix S dipole.nec,ok,ok,0.04805770795792341,0.09335141070187092,,0
g1ojs/_2m/Shortened dipoles/2m LL Dipole 2mm dia elements 40cm - hairpin.nec,ok,ok,0.020488963462412357,0.04250348545610905,,0
g1ojs/_2m/Shortened dipoles/2m LL Dipole 4mm dia elements 40cm - hairpin.nec,ok,ok,0.021023987792432308,0.04064135625958443,,0
g1ojs/_2m/Shortened dipoles/2m LL Dipole 5mm dia elements 50cm - hairpin.nec,ok,ok,0.030403530225157738,0.04035352636128664,,0
g1ojs/_2m/Shortened dipoles/2m M dipole 0.5m.nec,ok,ok,0.006407636217772961,0.010404588654637337,,0
g1ojs/_2m/Shortened dipoles/2m Rect Petlowany Dipole 5mm dia elements flat 0.4.nec,ok,ok,0.009884875267744064,0.01790565252304077,,0
g1ojs/_2m/Shortened dipoles/2m Rect Petlowany Dipole 5mm dia elements flat 0.5.nec,ok,ok,0.014068404212594032,0.01771427132189274,,0
g1ojs/_2m/Shortened dipoles/2m Z dipole 0.5m.nec,ok,ok,0.00880363304167986,0.009873944334685802,,0
g1ojs/_2m/Shortened dipoles/2m Z dipole 0.6m.nec,ok,ok,0.006952392868697643,0.009750576689839363,,0
g1ojs/_2m/Shortened dipoles/2m meander dipole.nec,ok,ok,0.005033009685575962,0.0051592253148555756,,0
g1ojs/_2m/Shortened dipoles/Dipole wire diameter.nec,ok,ok,0.009125900454819202,0.010533581487834454,,0
g1ojs/_2m/Shortened dipoles/Patch dipole.nec,ok,ok,1.2389944782480597,0.5604335647076368,2.2108,1
g1ojs/_2m/Slot cube tall.nec,ok,ok,0.03492317162454128,0.046797228045761585,,0
g1ojs/_2m/Slot cube wide.nec,ok,ok,0.03388595953583717,0.045794070698320866,,0
g1ojs/_2m/Slot cube.nec,ok,ok,0.031110534444451332,0.04170191939920187,,0
g1ojs/_2m/Stacked dipoles.nec,ok,ok,0.023768137209117413,0.0313107855618,,0
g1ojs/_2m/Verticals/2m Stacked Vertical Dipoles with integral baluns - 4 lens opt WITH MEASUREMENT NOTES.nec,ok,ok,1.3607548959553242,0.9083070904016495,1.4981,1
g1ojs/_2m/Verticals/2m Stacked Vertical Dipoles with integral baluns - no harness.nec,ok,ok,0.9086272027343512,0.7190207755193114,1.2637,1
g1ojs/_2m/Verticals/2m Stacked Vertical Dipoles with integral baluns reentrant harness.nec,ok,ok,1.3898032447323203,0.967881053686142,1.4359,1
g1ojs/_2m/Verticals/2m Stacked Vertical Dipoles with integral baluns.nec,ok,ok,1.158131311647594,0.7642933912575245,1.5153,1
g1ojs/_2m/Verticals/2m Stacked Vertical Gamma Matched Dipole over ground.nec,ok,ok,1.4650200959295034,0.9239560486748815,1.5856,1
g1ojs/_2m/Verticals/2m Vertical Dipole with integral balun.nec,ok,ok,0.9581020064651966,0.7592222159728408,1.2620,1
g1ojs/_2m/Verticals/2m Vertical Gamma Matched Dipole over ground.nec,ok,ok,0.9159022448584437,0.6904005249962211,1.3266,1
g1ojs/_2m/Verticals/2m Vertical dipole with phasing balun.nec,ok,ok,2.7158230328932405,1.4016371639445424,1.9376,1
g1ojs/_2m/Verticals/2m high gain Vertical flowerpot with metal sleeve air spaced with feedline and feed stub.nec,ok,ok,0.6518914960324764,0.336047625169158,1.9399,1
g1ojs/_2m/Verticals/Periodic stubs tests/2m 3lam monopole stubs shaped generic.nec,ok,ok,0.5762730669230223,0.4398161889985204,1.3103,1
g1ojs/_2m/Verticals/Periodic stubs tests/2m gamma dipole extended TL.nec,ok,ok,0.13431400898844004,0.1893726410344243,0.7093,1
g1ojs/_2m/Verticals/Periodic stubs tests/2m gamma dipole extended stubs - test.nec,ok,ok,0.1863560676574707,0.10032600071281195,1.8575,1
g1ojs/_2m/Verticals/Periodic stubs tests/2m gamma dipole extended stubs shaped.nec,ok,ok,0.17319304775446653,0.17811471410095692,0.9724,1
g1ojs/_2m/Verticals/Periodic stubs tests/2m gamma dipole extended stubs.nec,ok,ok,0.157573401927948,0.06684233155101538,2.3574,1
g1ojs/_2m/Verticals/Periodic stubs tests/2m gamma dipole extended zigzag.nec,ok,ok,0.07644221652299166,0.06488686893135309,1.1781,1
g1ojs/_2m/Yagis Loop Fed/2m 3ele LF yagi BUILT.nec,ok,ok,0.04157550074160099,0.05701661854982376,,0
g1ojs/_2m/Yagis Loop Fed/2m 3ele LF yagi opt FR.nec,ok,ok,0.044204006902873516,0.05777802783995867,,0
g1ojs/_2m/Yagis/2m Diamond A144S5R free space.nec,ok,ok,0.01895632967352867,0.0263883788138628,,0
g1ojs/_2m/Yagis/Horizontal 2m 2ele yagi.nec,ok,ok,0.012852286919951439,0.012628616765141487,,0
g1ojs/_2m/Yagis/Horizontal 2m 3ele yagi - M5AML.nec,ok,ok,0.01807611994445324,0.020841951481997967,,0
g1ojs/_2m/Yagis/Horizontal 2m 4ele yagi 95cm boom 20 ohm.nec,ok,ok,0.025210020132362843,0.031503574922680855,,0
g1ojs/_2m/Yagis/Horizontal 2m 4ele yagi BUILT.nec,ok,ok,0.029653076082468033,0.030953899957239628,,0
g1ojs/_2m/Yagis/Horizontal 2m yagi 5 ele.nec,ok,ok,0.029474548064172268,0.04316535033285618,,0
g1ojs/_2m/Yagis/Horizontal 2m yagi 6 ele.nec,ok,ok,0.04855442326515913,0.05673649441450834,,0
g1ojs/_6m/6m 2ele Quad base fed.nec,ok,ok,0.478724162094295,0.3260844275355339,1.4681,1
g1ojs/_6m/6m Dipole bars.nec,ok,ok,0.3976314961910248,0.4401825927197933,0.9033,1
g1ojs/_6m/6m Dipole coax inner fed.nec,ok,ok,0.016202161088585854,0.015090538188815117,,0
g1ojs/_6m/6m Dipole discs.nec,error,error,0.1701237028464675,0.12086135521531105,,0
g1ojs/_6m/6m Dipole droops.nec,ok,ok,0.4017345989122987,0.2829302093014121,1.4199,1
g1ojs/_6m/6m Dipole speaker wire.nec,ok,ok,0.012281195260584354,0.01459809672087431,,0
g1ojs/_6m/6m Dipole stars.nec,ok,ok,0.4024059195071459,0.2868535239249468,1.4028,1
g1ojs/_6m/6m Helically loaded dipole.nec,ok,ok,11.669093616306782,3.877628824673593,3.0093,1
g1ojs/_6m/6m LL Bar Dipole 5mm dia elements - 2.nec,ok,ok,0.4052734198048711,0.4444162165746093,0.9119,1
g1ojs/_6m/6m LL Bar Dipole 5mm dia elements.nec,ok,ok,0.4135279869660735,0.4446682734414935,0.9300,1
g1ojs/_6m/6m LL Dipole 5mm dia elements - hairpin - 2.nec,ok,ok,0.4176216730847955,0.45415510796010494,0.9196,1
g1ojs/_6m/6m LL Dipole 5mm dia elements - hairpin.nec,ok,ok,0.4254340911284089,0.4543107086792588,0.9364,1
g1ojs/_6m/6m LL Dipole test 5mm dia elements - hairpin.nec,ok,ok,0.4181404784321785,0.452943766489625,0.9232,1
g1ojs/_6m/6m LL2 Dipole 5mm dia elements.nec,ok,ok,0.41907996963709593,0.44825100526213646,0.9349,1
g1ojs/_6m/6m Moxgen Moxon.nec,ok,ok,0.03940870892256498,0.08675432577729225,,0
g1ojs/_6m/6m Moxon 1mm wire.nec,ok,ok,0.017223290167748928,0.02208179607987404,,0
g1ojs/_6m/6m Moxon Front coax inner fed Rear wire.nec,ok,ok,0.03321735095232725,0.04431053437292576,,0
g1ojs/_6m/6m Moxon coax inner fed.nec,ok,ok,0.033698637038469315,0.044101142324507236,,0
g1ojs/_6m/6m Quad base fed.nec,ok,ok,0.4171917187049985,0.34349791053682566,1.2145,1
g1ojs/_6m/6m Quad side fed.nec,ok,ok,0.4157188795506954,0.29702256713062525,1.3996,1
g1ojs/_6m/6m Rect Petlowany Dipole 5mm dia elements 3D.nec,ok,ok,0.39960538130253553,0.4408340211957693,0.9065,1
g1ojs/_6m/6m Rect Petlowany Dipole 5mm dia elements flat 2.nec,ok,ok,0.40621228609234095,0.44216469675302505,0.9187,1
g1ojs/_6m/6m Rect Petlowany Dipole 5mm dia elements flat.nec,ok,ok,0.4001516466960311,0.44316727947443724,0.9029,1
g1ojs/_6m/6m Short Dipole 5mm dia elements - hairpin.nec,ok,ok,0.3974740030243993,0.4199706818908453,0.9464,1
g1ojs/_6m/Build.nec,ok-no-source,ok-no-source,0.008474987931549549,0.029038536362349987,,0
g1ojs/_6m/_6m Dipole ref.nec,ok,ok,0.012805985286831856,0.014305065385997295,,0
g1ojs/_6m/_6m V.nec,ok,ok,0.3989678490906954,0.31204002257436514,1.2786,1
g1ojs/__70cm/70cm 6cm dia Magloop 433.2 MHz V.nec,ok,ok,0.033552136272192,0.022129732184112072,,0
g1ojs/__70cm/70cm Rect Petlowany Dipole 1mm dia elements flat 2.nec,ok,ok,0.015950605273246765,0.01796231884509325,,0
g1ojs/__70cm/70cm Rect Petlowany Dipole 5mm dia elements flat 2.nec,ok,ok,0.013183552771806717,0.01698625460267067,,0
g1ojs/__70cm/Dipole ref.nec,ok,ok,0.006934603676199913,0.007209182716906071,,0
g1ojs/__70cm/Horizontal 70cm 3ele LF yagi.nec,ok,ok,0.041641710326075554,0.05667779128998518,,0
g1ojs/__70cm/Patch dipole.nec,ok,ok,0.04582846723496914,0.07025563903152943,,0
g1ojs/__70cm/Square loop.nec,ok,ok,0.021277240477502346,0.016705963760614395,,0
g1ojs/__70cm/Yagis/70cm Horizontal 2ele yagi over ground.nec,ok,ok,0.012458410114049911,0.012743927538394928,,0
g1ojs/__70cm/Yagis/70cm Horizontal 3ele yagi over ground.nec,ok,ok,0.015325821936130524,0.019583159126341343,,0
g1ojs/__70cm/Yagis/70cm Stacked dipoles x3.nec,ok,ok,0.020855652168393135,0.025023341178894043,,0
g1ojs/opt/Loaded V-01.nec,ok,ok,0.22419794462621212,0.17406878992915154,1.2880,1
g1ojs/opt/Loaded V-02.nec,ok,ok,0.21435048431158066,0.17203127313405275,1.2460,1
g1ojs/opt/Loaded V-03.nec,ok,ok,0.23010082263499498,0.1722812969237566,1.3356,1
g1ojs/opt/Loaded V-04.nec,ok,ok,0.22237364761531353,0.1720019206404686,1.2929,1
g1ojs/opt/Loaded V-05.nec,ok,ok,0.2190679432824254,0.172285920009017,1.2715,1
g1ojs/opt/Loaded V-06.nec,ok,ok,0.21336468309164047,0.17204191256314516,1.2402,1
g1ojs/opt/Loaded V-07.nec,ok,ok,0.21837192587554455,0.17201665043830872,1.2695,1
g1ojs/opt/Loaded V-08.nec,ok,ok,0.21813017316162586,0.17249978706240654,1.2645,1
g1ojs/opt/Loaded V-09.nec,ok,ok,0.21877361927181482,0.17225049063563347,1.2701,1
g1ojs/opt/Loaded V-10.nec,ok,ok,0.21907164994627237,0.17199136316776276,1.2737,1
g1ojs/opt/Loaded V-11.nec,ok,ok,0.213038707152009,0.17261735256761312,1.2342,1
g1ojs/opt/Loaded V-12.nec,ok,ok,0.21788377314805984,0.17280498519539833,1.2609,1
g1ojs/opt/Loaded V-13.nec,ok,ok,0.21970125753432512,0.17211507074534893,1.2765,1
g1ojs/opt/Loaded V-14.nec,ok,ok,0.2180453548207879,0.17430175188928843,1.2510,1
g1ojs/opt/Loaded V-15.nec,ok,ok,0.22081774193793535,0.17078522313386202,1.2930,1
g1ojs/opt/Loaded V-16.nec,ok,ok,0.21265659760683775,0.17264963686466217,1.2317,1
g1ojs/opt/Loaded V-18.nec,ok,ok,0.2197242258116603,0.18269606493413448,1.2027,1
g1ojs/opt/Loaded V-19.nec,ok,ok,0.2193972673267126,0.17328783590346575,1.2661,1
g1ojs/opt/Loaded V-20.nec,ok,ok,0.2184991417452693,0.1722337743267417,1.2686,1
g1ojs/opt/Loaded V-21.nec,ok,ok,0.2196909748017788,0.17179557494819164,1.2788,1
g1ojs/opt/Loaded V-22.nec,ok,ok,0.21329673565924168,0.17197117023169994,1.2403,1
g1ojs/opt/Loaded V-23.nec,ok,ok,0.21950104925781488,0.1713711954653263,1.2809,1
g1ojs/opt/Loaded V-24.nec,ok,ok,0.21919233165681362,0.1726642670109868,1.2695,1
g1ojs/opt/Loaded V-26.nec,ok,ok,0.21803919598460197,0.1724961530417204,1.2640,1
g1ojs/opt/Loaded V-27.nec,ok,ok,0.2195623079314828,0.1717516491189599,1.2784,1
g1ojs/opt/Loaded V-28.nec,ok,ok,0.21372751239687204,0.17214823607355356,1.2415,1
icecube-dbesson/2 dipole on roof.nec,ok,ok,1.0565225603058934,0.3591424720361829,2.9418,1
icecube-dbesson/2lsloper.nec,ok,ok,0.6443435614928603,0.4492699736729264,1.4342,1
icecube-dbesson/2phased.nec,ok,ok,0.0058176834136247635,0.004578234627842903,,0
icecube-dbesson/36ccd.nec,ok,ok,0.3760162740945816,0.2661917060613632,1.4126,1
icecube-dbesson/36dip.nec,ok,ok,0.3167878435924649,0.2336793476715684,1.3557,1
icecube-dbesson/36inv.nec,ok,ok,0.3129223035648465,0.23515213653445244,1.3307,1
icecube-dbesson/36inv_split.nec,ok,ok,0.3219215711578727,0.23465889040380716,1.3719,1
icecube-dbesson/3el-inverted-V.nec,ok,ok,0.31595769990235567,0.2334604011848569,1.3534,1
icecube-dbesson/3elquad.nec,ok,ok,0.00892326608300209,0.024808719754219055,,0
icecube-dbesson/4 Dipole Trans-lines.nec,ok,ok,0.019318409264087677,0.01575793419033289,,0
icecube-dbesson/40quad.nec,ok,ok,0.2027075346559286,0.1633222633972764,1.2412,1
icecube-dbesson/4nec2.nec,ok,ok,0.41614420246332884,0.16990879457443953,2.4492,1
icecube-dbesson/4square.nec,ok,ok,0.3104484872892499,0.24471218883991241,1.2686,1
icecube-dbesson/4x20ra.nec,ok,ok,0.13950922153890133,0.07164984941482544,1.9471,1
icecube-dbesson/7lyagi10.nec,ok,ok,0.2967983400449157,0.2171742469072342,1.3666,1
icecube-dbesson/80hsbeam.nec,ok,ok,0.34382630232721567,0.25918911676853895,1.3265,1
icecube-dbesson/80rdbeam.nec,ok,ok,0.4587932052090764,0.3307793503627181,1.3870,1
icecube-dbesson/BCone45.nec,ok,ok,0.0606981860473752,0.036766706965863705,,0
icecube-dbesson/BCone55.nec,ok,ok,0.8648478267714381,0.3196140415966511,2.7059,1
icecube-dbesson/BCone65.nec,ok,ok,0.8920543435961008,0.3542104298248887,2.5184,1
icecube-dbesson/Bcone-1mmgap.nec,ok,ok,0.06169467605650425,0.11464073043316603,0.5382,1
icecube-dbesson/Bcone-3cmgap.nec,ok,ok,0.06132889352738857,0.11820096615701914,0.5189,1
icecube-dbesson/BetaMatch.nec,ok,ok,0.03469929378479719,0.025415400974452496,,0
icecube-dbesson/Bicone-dzvar.nec,ok,ok,0.0626589935272932,0.07679506950080395,0.8159,1
icecube-dbesson/Bicone0+.nec,ok,ok,0.14277358632534742,0.0801955247297883,1.7803,1
icecube-dbesson/Bicone0.nec,ok,ok,0.04270554427057505,0.03188116941601038,,0
icecube-dbesson/Catenary_1.nec,ok-no-source,ok-no-source,0.00636636558920145,0.005756569094955921,,0
icecube-dbesson/Cedzph10.nec,ok,ok,0.15729122143238783,0.11591780465096235,1.3569,1
icecube-dbesson/CoilCapHat.nec,ok,ok,0.283305705524981,0.20071805827319622,1.4115,1
icecube-dbesson/Collinear_1L.nec,ok,ok,0.12364738155156374,0.12970800697803497,0.9533,1
icecube-dbesson/Deltalp.nec,ok,ok,0.13989551458507776,0.0824611634016037,1.6965,1
icecube-dbesson/Example1.nec,ok,ok,0.0059746261686086655,0.005662167444825172,,0
icecube-dbesson/Example2.nec,ok,ok,0.006187056191265583,0.004915056750178337,,0
icecube-dbesson/Example3.nec,ok,ok,0.3119301050901413,0.448056866414845,0.6962,1
icecube-dbesson/Fractal.nec,ok,ok,1.8358119167387486,1.036180262453854,1.7717,1
icecube-dbesson/Generator.nec,ok,ok,0.10518857091665268,0.16438899748027325,0.6399,1
icecube-dbesson/Gwave.nec,ok,ok,0.15020078234374523,0.20917643699795008,0.7181,1
icecube-dbesson/Half-Horn2.nec,ok,ok,0.05411282740533352,0.14494277443736792,0.3733,1
icecube-dbesson/Half-horn.nec,ok,ok,0.05116990860551596,0.07334825675934553,0.6976,1
icecube-dbesson/Illuminate.nec,ok,ok,3.5648924857378006,1.022313897497952,3.4871,1
icecube-dbesson/L_match.nec,ok,ok,0.022028503008186817,0.03406547289341688,,0
icecube-dbesson/Logper.nec,ok,ok,0.030826727859675884,0.03373501915484667,,0
icecube-dbesson/Loops.nec,ok,ok,0.007538622245192528,0.005843794904649258,,0
icecube-dbesson/Lowdip.nec,ok,ok,0.3662357572466135,0.3417453048750758,1.0717,1
icecube-dbesson/Match_Test.nec,ok,ok,0.0059594642370939255,0.004430193454027176,,0
icecube-dbesson/Moxon.nec,ok,ok,0.3018780145794153,0.2774349506944418,1.0881,1
icecube-dbesson/Multiband.nec,ok,ok,0.36489098239690065,0.2396043986082077,1.5229,1
icecube-dbesson/NearFld.nec,ok,ok,2.709366286173463,0.8668549489229918,3.1255,1
icecube-dbesson/Optimized-discone.nec,ok,ok,0.041344938799738884,0.03475953824818134,,0
icecube-dbesson/Parab50.nec,ok,ok,19.1188394613564,5.574054254218936,3.4300,1
icecube-dbesson/Parabola.nec,ok-no-source,ok-no-source,0.1805782513692975,0.13210536539554596,,0
icecube-dbesson/Patch.nec,ok-no-source,ok-no-source,0.013152619823813438,0.0656000329181552,,0
icecube-dbesson/Phased GP.nec,ok,ok,0.023900015279650688,0.09017224982380867,,0
icecube-dbesson/Phased array Trans-line.nec,ok,ok,0.012478100135922432,0.022442412562668324,,0
icecube-dbesson/Quad.nec,ok,ok,0.5534920338541269,0.337083974853158,1.6420,1
icecube-dbesson/RICE-dipole.nec,error,error,0.524256743490696,0.20093837566673756,,0
icecube-dbesson/RICE-dipole0.nec,error,error,0.4258680259808898,0.19620983209460974,,0
icecube-dbesson/Rhombic.nec,ok,ok,0.20955614000558853,0.16696331463754177,1.2551,1
icecube-dbesson/Slopvee.nec,ok,ok,0.330526378005743,0.23368424363434315,1.4144,1
icecube-dbesson/T-box.nec,ok,ok,0.3924167938530445,0.21089148707687855,1.8608,1
icecube-dbesson/TL-test.nec,ok,ok,0.17122963443398476,0.13130617048591375,1.3040,1
icecube-dbesson/TV_uhf.nec,ok,ok,0.07166820671409369,0.12025557644665241,0.5960,1
icecube-dbesson/Tr-line.nec,ok,ok,0.3339189840480685,0.2384883351624012,1.4001,1
icecube-dbesson/TrapDip.nec,ok,ok,0.006470257416367531,0.007172485813498497,,0
icecube-dbesson/Vee40.nec,ok,ok,0.4034728603437543,0.25834683794528246,1.5617,1
icecube-dbesson/Vyagi22.nec,ok,ok,0.04710899852216244,0.08689959347248077,,0
icecube-dbesson/Yagi16.nec,ok,ok,0.05384014826267958,0.08712842781096697,0.6179,1
icecube-dbesson/atl50E.nec,ok,ok,0.6775028510019183,0.6305682370439172,1.0744,1
icecube-dbesson/atl50e-h.nec,ok,ok,0.8279483821243048,0.5193141447380185,1.5943,1
icecube-dbesson/bev80.nec,ok,ok,0.41825445275753736,0.2850305400788784,1.4674,1
icecube-dbesson/bisq7.nec,ok,ok,0.07650402467697859,0.09054042492061853,0.8450,1
icecube-dbesson/bobtail.nec,ok,ok,0.3498737961053848,0.26351872365921736,1.3277,1
icecube-dbesson/circdip3.nec,ok,ok,0.006633060984313488,0.004841374233365059,,0
icecube-dbesson/corner.nec,ok,ok,0.0326932929456234,0.02105874288827181,,0
icecube-dbesson/dip_curv_6m.nec,ok,ok,0.018144271336495876,0.08498483337461948,,0
icecube-dbesson/discone.nec,ok,ok,0.04626974184066057,0.0912393219769001,,0
icecube-dbesson/dscn2.nec,ok,ok,0.977726879529655,0.4488835949450731,2.1781,1
icecube-dbesson/edzmod.nec,ok,ok,0.28751368541270494,0.21214898582547903,1.3552,1
icecube-dbesson/emeyagi.nec,ok,ok,0.042472450993955135,0.08858498930931091,,0
icecube-dbesson/fm6.nec,ok,ok,0.01224623154848814,0.08341744635254145,,0
icecube-dbesson/franklin.nec,ok,ok,0.007440384477376938,0.0064110299572348595,,0
icecube-dbesson/g5rv.nec,ok,ok,0.008772148750722408,0.004734281450510025,,0
icecube-dbesson/gndplane.nec,ok,ok,0.0068918270990252495,0.0053792428225278854,,0
icecube-dbesson/hel10ua.nec,ok,ok,0.47134012822061777,0.21659534610807896,2.1761,1
icecube-dbesson/helix.nec,ok,ok,1.0601502368226647,0.4319794690236449,2.4542,1
icecube-dbesson/helixve5.nec,ok,ok,0.061943563632667065,0.12455930560827255,0.4973,1
icecube-dbesson/hrs_441.nec,ok,ok,9.747050359845161,7.499202388338745,1.2997,1
icecube-dbesson/i5tdjii.nec,ok,ok,0.034963889978826046,0.023933202028274536,,0
icecube-dbesson/isotrop.nec,ok,ok,0.007715134881436825,0.006458703428506851,,0
icecube-dbesson/jbl.nec,ok,ok,9.517858411185443,2.4012364093214273,3.9637,1
icecube-dbesson/lazyh.nec,ok,ok,0.008330469019711018,0.006109029985964298,,0
kk4obi-bent-dipoles/efhw-straight.nec,ok,ok,0.09907795023173094,0.09403919149190187,1.0536,1
kk4obi-bent-dipoles/folded-end-dipole.nec,ok,ok,0.3471217853948474,0.2378088952973485,1.4597,1
kk4obi-bent-dipoles/ocf-vertical-4radials.nec,ok,ok,0.2464421233162284,0.1716090776026249,1.4361,1
kk4obi-bent-dipoles/std-vertical-dipole.nec,ok,ok,0.10926253627985716,0.09584222454577684,1.1400,1
nec-simulations/nec/biconicalAntenna.nec,ok,ok,0.008314133621752262,0.00830039568245411,,0
nec-simulations/nec/colinnearDipoles.nec,ok,ok,0.009872820228338242,0.0054290760308504105,,0
nec-simulations/nec/foldedDipole_10.nec,ok,ok,0.00624739658087492,0.006312742829322815,,0
nec-simulations/nec/foldedDipole_5.nec,ok,ok,0.006050786003470421,0.00489160418510437,,0
nec-simulations/nec/foldedDipole_50.nec,ok,ok,0.028364457190036774,0.025478319264948368,,0
nec-simulations/nec/helicalAntenna.nec,ok,ok,0.0605879258364439,0.03653324581682682,,0
nec-simulations/nec/inEchellonDipoles.nec,ok,ok,0.0062998076900839806,0.0043805744498968124,,0
nec-simulations/nec/parallelDipoles.nec,ok,ok,0.007291977293789387,0.005406834185123444,,0
nec-simulations/nec/turnstileAntenna.nec,ok,ok,0.007304424419999123,0.005317636765539646,,0
nec-simulations/nec/turnstileTestAntenna.nec,ok,ok,13.561632539145648,3.562240739353001,3.8071,1
nec-simulations/nec/wireAntennaFastGround.nec,ok,ok,0.4884169101715088,0.29203484021127224,1.6725,1
nec-simulations/nec/wireAntennaPerfectGround.nec,crash,crash,1.3333205757662654,1.2662897948175669,,0
nec2-toys/2m-fd-fed-yagi.nec,ok,ok,1.3720846325159073,0.5887993620708585,2.3303,1
nec2-toys/2m-folded-dipole/2m-folded-dipole.nec,ok,ok,1.2169702500104904,0.9359625242650509,1.3002,1
nec2-toys/oldStuff/gen1/freeSpace2mDE.nec,ok,ok,0.07709724362939596,0.1377815091982484,0.5596,1
nec2-toys/oldStuff/gen1/nec-2m-2el-146.310.nec,ok,ok,0.03857183363288641,0.1451395619660616,,0
nec2-toys/oldStuff/gen1/nec-2m-2el-1_8th-wire.nec,ok,ok,0.030850805342197418,0.0856332378461957,,0
nec2-toys/oldStuff/gen1/nec-2m-2el-3_16ths-wire.nec,ok,ok,0.03012827504426241,0.04372435435652733,,0
nec2c/10RA432.nec,ok,ok,0.01567043736577034,0.027838976122438908,,0
nec2c/19el_432_tonna.nec,ok,ok,0.07852608058601618,0.1081699337810278,0.7260,1
nec2c/20RA432.nec,ok,ok,0.031012127175927162,0.12639966420829296,,0
nec2c/20RA_X4.nec,ok,ok,0.11413927096873522,0.17904912866652012,0.6375,1
nec2c/3E_.nec,ok,ok,0.012896385043859482,0.09181634616106749,,0
nec2c/9EL_GRA.nec,ok,ok,0.022139649838209152,0.15044748224318027,,0
nec2c/9elX2b_gr.nec,ok,ok,0.1817453419789672,0.10900195688009262,1.6674,1
nec2c/9elX2b_mast.nec,ok,ok,0.16761310026049614,0.13456253241747618,1.2456,1
nec2c/9elX2b_tonna.nec,ok,ok,0.15685744676738977,0.12485944386571646,1.2563,1
nec2c/9elX2bm_gr.nec,ok,ok,0.5359416557475924,0.2351469388231635,2.2792,1
nec2c/9elX_gra.nec,ok,ok,0.05765252001583576,0.10473912581801414,0.5504,1
nec2c/9elX_tonna.nec,ok,ok,0.05844441242516041,0.2084753243252635,0.2803,1
nec2c/9elXb_tonna.nec,ok,ok,0.05776587687432766,0.12107564508914948,0.4771,1
nec2c/9elXb_tonnaf.nec,ok,ok,1.1446081008762121,0.8782063582912087,1.3033,1
nec2c/9el_p_tonna.nec,ok,ok,0.027996587567031384,0.046019334346055984,,0
nec2c/9el_tonna.nec,ok,ok,0.02668925654143095,0.10422294680029154,,0
nec2c/9el_tonnaf.nec,ok,ok,0.2929925285279751,1.1098112603649497,0.2640,1
nec2c/9elv_tonna.nec,ok,ok,0.027211448177695274,0.16030788142234087,,0
nec2c/BSZ09.nec,ok,ok,0.024655583314597607,0.07213149592280388,,0
nec2c/BSZ10.nec,ok,ok,0.35913807339966297,0.26850789226591587,1.3375,1
nec2c/CAR.nec,ok,ok,0.11937482096254826,0.06013217102736235,1.9852,1
nec2c/DIP2_7T.nec,ok,ok,0.009682045318186283,0.007531452924013138,,0
nec2c/DIP_7.nec,ok,ok,0.012530753389000893,0.03354047704488039,,0
nec2c/DIP_7T.nec,ok,ok,0.008310622535645962,0.03592998068779707,,0
nec2c/DIP_7TB.nec,ok,ok,0.007302366197109222,0.014261544682085514,,0
nec2c/DIP_7TC.nec,ok,ok,0.008205021731555462,0.015405599027872086,,0
nec2c/DIP_7TD.nec,ok,ok,0.007214829325675964,0.006821007467806339,,0
nec2c/DIP_7TE.nec,ok,ok,0.007378954440355301,0.0075608184561133385,,0
nec2c/DIP_REFL.nec,ok,ok,0.017771806567907333,0.018982413224875927,,0
nec2c/ELICA.nec,ok,ok,0.0189369423314929,0.009959355928003788,,0
nec2c/EX1.nec,ok,ok,0.009144693613052368,0.01093367487192154,,0
nec2c/EX2.nec,ok,ok,0.005596162751317024,0.004722077399492264,,0
nec2c/EX3.nec,ok,ok,0.09473650250583887,0.1072796918451786,0.8831,1
nec2c/EX5.nec,ok,ok,0.009914790280163288,0.010138026438653469,,0
nec2c/EX7.nec,ok-no-source,ok-no-source,0.0072424570098519325,0.005241432227194309,,0
nec2c/I5TDJII.nec,ok,ok,0.058024972677230835,0.08789492398500443,0.6602,1
nec2c/I5TDJIII.nec,ok,ok,0.057339319959282875,0.07700738217681646,0.7446,1
nec2c/LOGPERIO_1.nec,ok-no-source,ok-no-source,0.008408287540078163,0.014136272482573986,,0
nec2c/LPA9.nec,ok,ok,0.05466326605528593,0.0331410001963377,,0
nec2c/MARCONI.nec,ok,ok,0.03016836754977703,0.0075566330924630165,,0
nec2c/MONOPOLE.nec,ok,ok,0.009064990095794201,0.011725254356861115,,0
nec2c/MONOPOLO.nec,ok,ok,0.009124288335442543,0.008238042704761028,,0
nec2c/MYGP.nec,ok,ok,0.13634437508881092,0.11975965276360512,1.1385,1
nec2c/MYGPR.nec,ok,ok,0.790903877466917,0.4955115457996726,1.5961,1
nec2c/MYGPX.nec,ok,ok,0.7760898293927312,0.5155047411099076,1.5055,1
nec2c/RHOMBIC.nec,ok,ok,0.06338326632976532,0.043890620581805706,,0
nec2c/ROMBICA.nec,ok,ok,0.06328492425382137,0.042673135176301,,0
nec2c/SKYWIRE.nec,ok,ok,0.015865051187574863,0.013002611696720123,,0
nec2c/SPIRAL.nec,error,error,0.022157393395900726,0.008367623202502728,,0
nec2c/TEST299.nec,ok,ok,0.044856784865260124,0.08113423362374306,,0
nec2c/TRI_7.nec,ok,ok,0.01574908196926117,0.056921323761343956,,0
nec2c/TRI_7T.nec,ok,ok,0.01167653501033783,0.011065565049648285,,0
nec2c/TRI_7TA.nec,ok,ok,0.010987677611410618,0.062121194787323475,,0
nec2c/TRI_7TB.nec,ok,ok,0.01036234013736248,0.06171747297048569,,0
nec2c/TRI_7TC.nec,ok,ok,0.009978999383747578,0.024588112719357014,,0
nec2c/VBS_28_T.nec,ok,ok,0.009071774780750275,0.03185024857521057,,0
nec2c/VB_28_T.nec,ok,ok,0.009183881804347038,0.006278780288994312,,0
nec2c/YG_4X6.nec,ok,ok,0.01962821278721094,0.035873135551810265,,0
nec2c/YG_4X6_B.nec,ok,ok,0.04774774890393019,0.05595601163804531,,0
nec2c/YG_6EL.nec,ok,ok,0.013011053204536438,0.01529550552368164,,0
nec2c/YI20_40B.nec,ok,ok,1.64693836402148,1.1479694675654173,1.4347,1
nec2c/YI20_40C.nec,ok,ok,1.655785845592618,0.8604122083634138,1.9244,1
nec2c/dip_curv_6m.nec,ok,ok,0.017812139354646206,0.0148216113448143,,0
nec2c/dl_2el_18.nec,ok,ok,0.03152729105204344,0.034227109514176846,,0
nec2c/dl_2el_18_1.nec,ok,ok,0.018140007741749287,0.059726362116634846,,0
nec2c/dl_2el_18_1t.nec,ok,ok,0.013082263991236687,0.04086523316800594,,0
nec2c/dl_2el_18_1t15mvp.nec,ok,ok,0.31547779496759176,0.26137516740709543,1.2070,1
nec2c/dl_2el_18_t10m.nec,ok,ok,0.013174998573958874,0.008433428592979908,,0
nec2c/dl_2el_18_t10mvp.nec,ok,ok,0.013299882411956787,0.008304922841489315,,0
nec2c/dl_2el_18b24.nec,ok,ok,0.03944482933729887,0.02498576231300831,,0
nec2c/dl_2el_24b18.nec,ok,ok,0.0371724059805274,0.02528046164661646,,0
nec2c/dl_2el_28_1.nec,ok,ok,0.038596767000854015,0.02501512411981821,,0
nec2c/dl_2el_28_1t.nec,ok,ok,0.038939451798796654,0.019585845060646534,,0
nec2c/dl_2el_28_f.nec,ok,ok,0.5078503265976906,1.3303020484745502,0.3818,1
nec2c/dl_4el_20.nec,ok,ok,0.06310865748673677,0.15002456679940224,0.4207,1
nec2c/dl_4el_20f.nec,ok,ok,0.6519053298979998,1.1336964694783092,0.5750,1
nec2c/firstrhombic.nec,ok,ok,0.01266170758754015,0.015915214084088802,,0
nec2c/i5tdjiiif.nec,ok,ok,1.0660282699391246,1.19607983995229,0.8913,1
nec2c/log_periodic.nec,ok,ok,0.05862575024366379,0.02980856131762266,,0
nec2c/logperA9.nec,ok,ok,0.053344449028372765,0.053468561731278896,0.9977,1
nec2c/quad17m_1.nec,ok,ok,0.03949869051575661,0.3125846302136779,,0
nec2c/quad17m_2.nec,ok,ok,0.04098372347652912,0.19692511297762394,,0
nec2c/rombica_t.nec,ok,ok,0.01438911072909832,0.0589026790112257,,0
nec2c/yg2_5el_50.nec,ok,ok,0.02993226796388626,0.04912254028022289,,0
nec2c/yg2_5el_50t.nec,ok,ok,0.024473978206515312,0.09792766813188791,,0
nec2c/yg_16el_220.nec,ok,ok,0.024623353965580463,0.04123720433562994,,0
nec2c/yg_16el_220M_1.nec,ok,ok,0.0534121161326766,0.04173632338643074,,0
nec2c/yg_16el_220M_2.nec,ok,ok,0.04699350614100695,0.1463417513296008,,0
nec2c/yg_2el_24.nec,ok,ok,0.0156751936301589,0.042028022930026054,,0
nec2c/yg_4el_20.nec,ok,ok,0.021318206563591957,0.015273069962859154,,0
nec2c/yg_4el_20f.nec,ok,ok,0.055753329768776894,0.03880644589662552,,0
nec2c/yg_4el_20g.nec,ok,ok,0.014245464466512203,0.015445106662809849,,0
nec2c/yg_5el_50.nec,ok,ok,0.018383814021945,0.016713465563952923,,0
nec2c/yg_5el_50_opt.nec,ok,ok,0.017862298525869846,0.015448875725269318,,0
nec2c/yg_5el_50p_opt.nec,ok,ok,0.02342765685170889,0.014891891740262508,,0
nec2c/yg_5el_50t.nec,ok,ok,0.017490333877503872,0.008481262251734734,,0
nec2c/yg_9el_144.nec,ok,ok,0.02606815006583929,0.02103235013782978,,0
nec2org/biquad_2440MHz.nec,ok,ok,1.4900315115228295,0.4970083935186267,2.9980,1
necpp/36dip.nec,ok,ok,0.32373317144811153,0.23516630101948977,1.3766,1
necpp/Collinear_1L.nec,ok,ok,0.13234674278646708,0.13560243137180805,0.9760,1
necpp/GA487.nec,ok,ok,0.9182616183534265,0.6743874326348305,1.3616,1
necpp/Yg_4x6_b.nec,ok,ok,0.04563291557133198,0.03664884343743324,,0
necpp/biquad.nec,ok,ok,1.4609572617337108,0.4274649880826473,3.4177,1
necpp/bruce_sommerfeld.nec,ok,ok,0.40462119597941637,0.2852940522134304,1.4183,1
necpp/buoy.nec,ok,ok,0.15030602551996708,0.18137711752206087,0.8287,1
necpp/dipole_anim.nec,ok,ok,0.021788647398352623,0.11159344110637903,,0
necpp/discone.nec,ok-no-source,ok-no-source,3.673612680286169,1.224095649085939,,0
necpp/ek_test.nec,ok,ok,0.10842670314013958,0.0495231868699193,,0
necpp/example1.nec,ok,ok,0.08323787804692984,0.004515300504863262,,0
necpp/example2.nec,ok,ok,0.10214140638709068,0.004608406685292721,,0
necpp/example3.nec,ok,ok,0.09055322129279375,0.0939091956242919,0.9643,1
necpp/example5.nec,ok,ok,0.010642322711646557,0.0222807414829731,,0
necpp/excessive_gain.nec,ok,ok,0.020531109534204006,0.07379238028079271,,0
necpp/ga_pjw_0.nec,ok-no-source,ok-no-source,0.11400335654616356,0.11929505597800016,,0
necpp/ga_pjw_1.nec,ok,ok,1.2809546831995249,0.41804985515773296,3.0641,1
necpp/gh_flat_spiral.nec,ok,ok,0.012282109819352627,0.03799011465162039,,0
necpp/gn2.nec,ok,ok,0.20350637566298246,0.16442733630537987,1.2377,1
necpp/gx_one_plane.nec,ok,ok,0.010369854979217052,0.029869348742067814,,0
necpp/gx_three_planes.nec,ok,ok,0.01674233004450798,0.03813064470887184,,0
necpp/gx_three_planes_control.nec,ok,ok,0.01780377235263586,0.052448260597884655,,0
necpp/hang.nec,ok,ok,0.6316509041935205,0.2447692546993494,2.5806,1
necpp/herzian_dipole.nec,ok,ok,0.010222124867141247,0.01443963497877121,,0
necpp/intersection.nec,ok,ok,0.00703517347574234,0.005184548906981945,,0
necpp/inverted_v.nec,ok,ok,5.01640965603292,1.549572329968214,3.2373,1
necpp/medium_test.nec,ok,ok,0.005806261673569679,0.004714644514024258,,0
necpp/near_field_electric.nec,ok,ok,0.007310046814382076,0.003944339230656624,,0
necpp/near_field_magnetic.nec,ok,ok,0.00526008103042841,0.003888247534632683,,0
necpp/passive_test1.nec,ok-no-source,ok-no-source,0.10781190544366837,0.04983249772340059,,0
necpp/patch_999.nec,error,error,0.17218179907649755,0.07567310333251953,,0
necpp/patch_999_2.nec,no-impedance,no-impedance,0.021834074519574642,0.027355913072824478,,0
necpp/plane.nec,error,error,0.054800315760076046,0.1072369571775198,,0
necpp/plane_wave_excitation.nec,ok-no-source,ok-no-source,0.011987057514488697,0.011357787065207958,,0
necpp/plet_helix.nec,ok-no-source,ok-no-source,0.0427987901493907,0.09162166714668274,,0
necpp/plet_helixumts.nec,ok,ok,0.28884730488061905,0.15934710204601288,1.8127,1
necpp/salt_ground.nec,ok,ok,1.0215255366638303,0.6910010511055589,1.4783,1
necpp/sommerfeld2.nec,ok,ok,0.17839709296822548,0.12682040221989155,1.4067,1
necpp/sommerfeld3.nec,ok,ok,0.34845066629350185,0.210795016027987,1.6530,1
necpp/sommerfield1.nec,ok,ok,0.09667819924652576,0.09577356465160847,1.0094,1
necpp/test299.nec,ok,ok,0.04452791158109903,0.029454845003783703,,0
necpp/yagi.nec,ok,ok,0.05288070812821388,0.03927768487483263,,0
opennec/6mYagi-Onec.nec,ok,ok,69.94534798618406,31.436209914274514,2.2250,1
opennec/6mYagi-Onec2.nec,ok,ok,0.07405011355876923,0.0740656666457653,0.9998,1
opennec/example5.nec,ok,ok,0.01028146967291832,0.026536514051258564,,0
qantenna/10-30m_vert4.nec,ok,ok,12.776168852113187,8.076522312127054,1.5819,1
qantenna/19el_432_tonna.nec,ok,ok,0.07560265995562077,0.04515605140477419,,0
qantenna/1_4l-gp_on_pole.nec,ok,ok,2.5765036968514323,1.6529611013829708,1.5587,1
qantenna/5_8l-gp_on_pole.nec,ok,ok,2.2654214166104794,1.5925903469324112,1.4225,1
qantenna/adrian.nec,ok,ok,0.1373900081962347,0.08813998568803072,1.5588,1
qantenna/airplane.nec,error,error,0.05582572799175978,0.038604761473834515,,0
qantenna/ant.nec,ok,ok,0.059295360930263996,0.06285283248871565,0.9434,1
qantenna/collinear.nec,ok,ok,2.577092884108424,1.2299423879012465,2.0953,1
qantenna/delta-loop-15m.nec,ok,ok,1.2059136694297194,0.8793667051941156,1.3713,1
qantenna/quad-20m.nec,ok,ok,1.1718454537913203,0.6622086334973574,1.7696,1
qantenna/spaceship.nec,ok,ok,0.10609232261776924,0.06343917641788721,1.6723,1
qantenna/tower.nec,error,error,0.01423821970820427,0.016651381738483906,,0
qantenna/tri_7.nec,ok,ok,0.015995128080248833,0.035540761426091194,,0
qantenna/turnstile-sloped.nec,ok,ok,0.24494004249572754,0.14959164150059223,1.6374,1
qantenna/turnstile.nec,ok,ok,0.2644274029880762,0.11770573258399963,2.2465,1
qantenna/xpol_omni.nec,ok,ok,0.5118154743686318,0.503686111420393,1.0161,1
qantenna/yagi.nec,ok,ok,0.21229877788573503,0.08179523143917322,2.5955,1
qantenna/yagi8sq_ch1.nec,ok,ok,0.2561808628961444,0.08422968443483114,3.0415,1
qantenna/yg_16el_220.nec,ok,ok,0.1539100119844079,0.01628556940704584,,0
qantenna/yg_4el_20.nec,ok,ok,0.12004287540912628,0.07279940042644739,1.6490,1
qantenna/yg_6el.nec,ok,ok,1.450440278276801,0.6792220063507557,2.1354,1
qantenna/zepp-80m.nec,ok,ok,0.3534977789968252,0.24729774612933397,1.4294,1
rchacker-antennas/1180/helical.nec,ok,ok,0.03002981375902891,0.01976589486002922,,0
rchacker-antennas/1180/moxon_44mm.nec,ok,ok,0.014675869606435299,0.01305527612566948,,0
rchacker-antennas/1180/moxon_thin_wire.nec,ok,ok,0.01722750347107649,0.013624564744532108,,0
rchacker-antennas/1180/turnstile_1180_droop_angle_raptor.nec,ok,ok,0.08059811498969793,0.042502261698246,,0
rchacker-antennas/1180/turnstile_1180_droop_angle_raptor_optimised.nec,ok,ok,0.053814614191651344,0.03372318763285875,,0
rchacker-antennas/1180/use gen program in 4nec folder.nec,ok-no-source,ok-no-source,11.927712636068463,3.555682155303657,,0
rchacker-antennas/2.4/dipole_2.4.nec,ok,ok,0.013336011208593845,0.028961981646716595,,0
rchacker-antennas/2.4/moxon24.nec,ok,ok,0.01113827247172594,0.009090476669371128,,0
rchacker-antennas/2.4/stripped_coax_2.4.nec,ok,ok,0.011085046455264091,0.010348888114094734,,0
rchacker-antennas/2.4/swastika thick wire.nec,ok,ok,0.009338322095572948,0.006873490288853645,,0
rchacker-antennas/2.4/swastika thin wire.nec,ok,ok,0.010948790237307549,0.010722063481807709,,0
rchacker-antennas/2.4/swastika.nec,ok,ok,0.009481257759034634,0.006967166438698769,,0
rchacker-antennas/2.4/swastika_large_wire_opt.nec,ok,ok,0.008444701321423054,0.006791054271161556,,0
rchacker-antennas/2.4/swastika_large_wire_opt_1mm_feed.nec,ok,ok,0.008355979807674885,0.006945531815290451,,0
rchacker-antennas/2.4/turnstile.nec,ok,ok,0.01867055706679821,0.015232137404382229,,0
rchacker-antennas/2.4/turnstile_2.4_asymmetric.nec,ok,ok,0.01870740670710802,0.017691881395876408,,0
rchacker-antennas/2.4/turnstile_2.4_asymmetric_rad.nec,ok,ok,0.018985443748533726,0.014889180660247803,,0
rchacker-antennas/2.4/vee_2.4.nec,ok,ok,0.01352908555418253,0.012155687436461449,,0
rchacker-antennas/58/helical58.nec,ok,ok,0.5081667378544807,0.204763594083488,2.4817,1
rchacker-antennas/58/pinwheel5.8.nec,ok,ok,0.17064073961228132,0.09654467180371284,1.7675,1
rchacker-antennas/UHF/_new.nec,ok,ok,0.02432871423661709,0.017849968746304512,,0
rchacker-antennas/UHF/ground_plane.nec,ok,ok,0.05347547773271799,0.03469788655638695,,0
rchacker-antennas/UHF/ground_turnstile.nec,ok,ok,0.014894873835146427,0.009834091179072857,,0
rchacker-antennas/UHF/ibcrazy turnstile.nec,ok,ok,0.005269965156912804,0.004373188130557537,,0
rchacker-antennas/UHF/ibcrazy turnstile_measurements_from_web_tutorial.nec,ok,ok,0.005073215812444687,0.004250204190611839,,0
rchacker-antennas/UHF/moxon435_as_per_generator.nec,ok,ok,0.018934765830636024,0.01649148017168045,,0
rchacker-antennas/UHF/moxon435_optimised.nec,ok,ok,0.01896444521844387,0.020564159378409386,,0
rchacker-antennas/UHF/turnstile.nec,ok,ok,0.02281620353460312,0.09471605159342289,,0
rchacker-antennas/UHF/turnstile_NEW.nec,ok,ok,0.02294765319675207,0.09472573548555374,,0
rchacker-antennas/UHF/turnstile_coax_flat.nec,ok,ok,0.0226732911542058,0.07489322777837515,,0
rchacker-antennas/UHF/turnstile_coax_flower.nec,ok,ok,0.04362743720412254,0.029250580817461014,,0
rchacker-antennas/UHF/turnstile_coax_flower_2.5.nec,ok,ok,0.04656314663589001,0.029441962018609047,,0
rchacker-antennas/UHF/turnstile_droop_angle.nec,ok,ok,0.036986177787184715,0.030128885991871357,,0
rchacker-antennas/UHF/turnstile_droop_angle_coax.nec,ok,ok,0.054872527718544006,0.03341068793088198,,0
rchacker-antennas/UHF/turnstile_droop_angle_raptor.nec,ok,ok,0.13011708296835423,0.06684478092938662,1.9466,1
rchacker-antennas/UHF/turnstile_droop_angle_raptor_optimised.nec,ok,ok,0.25264940690249205,0.11435071565210819,2.2094,1
rchacker-antennas/UHF/turnstile_droop_angle_raptor_optimised_eff.nec,ok,ok,0.2498519979417324,0.11081792693585157,2.2546,1
rchacker-antennas/UHF/turnstile_effeciency_optimised.nec,ok,ok,0.03680422808974981,0.02520639728754759,,0
rchacker-antennas/UHF/vee3_asymmetrical.nec,ok,ok,0.014734412543475628,0.01254026498645544,,0
rchacker-antennas/UHF/vee3_asymmetrical_hello_kitty_evolved.nec,ok,ok,0.02962560299783945,0.017293554730713367,,0
rchacker-antennas/UHF/vee3_asymmetrical_hello_kitty_evolved_40.nec,ok,ok,0.022606545127928257,0.01777890883386135,,0
rchacker-antennas/UHF/vee3_asymmetrical_with_coax.nec,ok,ok,0.022700550965964794,0.01740356720983982,,0
rchacker-antennas/UHF/vee3_symmetrical.nec,ok,ok,0.08780959341675043,0.012568319216370583,,0
rchacker-antennas/circular omni/PINWHEEL62m.nec,ok,ok,0.19670824706554413,0.10025253985077143,1.9621,1
rchacker-antennas/circular omni/pinwheel62m_980skewplanar-e3.nec,ok,ok,0.23308857344090939,0.1632512891665101,1.4278,1
rchacker-antennas/vee_cheatsheet/vee3_symmetrical_1080_cat5.nec,ok,ok,0.09874147828668356,0.012630229815840721,,0
rchacker-antennas/vee_cheatsheet/vee3_symmetrical_1180_cat5.nec,ok,ok,0.15463353507220745,0.012536159716546535,,0
rchacker-antennas/vee_cheatsheet/vee3_symmetrical_1280_cat5.nec,ok,ok,0.09780033770948648,0.02899129595607519,,0
rchacker-antennas/vee_cheatsheet/vee3_symmetrical_425.nec,ok,ok,0.10302194394171238,0.012467700988054276,,0
rchacker-antennas/vee_cheatsheet/vee3_symmetrical_433.nec,ok,ok,0.11332730110734701,0.012493306770920753,,0
rchacker-antennas/vee_cheatsheet/vee3_symmetrical_435.nec,ok,ok,0.01343964971601963,0.012527335435152054,,0
rchacker-antennas/vee_cheatsheet/vee3_symmetrical_440.nec,ok,ok,0.014507086016237736,0.01241024024784565,,0
rchacker-antennas/vee_cheatsheet/vee3_symmetrical_459.nec,ok,ok,0.014469118788838387,0.012655338272452354,,0
rchacker-antennas/vee_cheatsheet/vee3_symmetrical_915.nec,ok,ok,0.0169978691264987,0.012941846624016762,,0
rchacker-antennas/vee_cheatsheet/vee3_symmetrical_915_cat5.nec,ok,ok,0.013127101585268974,0.01245933398604393,,0
sokyrad/k8uy_yagi_10el/models/K8UY_yagi_2m_original.nec,ok,ok,0.17618165630847216,0.08313070237636566,2.1193,1
sokyrad/unsorted/10m efhw narrow rect 28.4mhz  10m efhw narrow rect 28.4mhz.nec,ok,ok,0.18332281056791544,0.13004759140312672,1.4097,1
sokyrad/unsorted/10m_3el_yagi_horizontal.nec,ok,ok,0.52617107052356,0.303687728010118,1.7326,1
sokyrad/unsorted/10m_3el_yagi_horizontal_quarter_wave_elements.nec,ok,ok,0.5228135613724589,0.2642189348116517,1.9787,1
sokyrad/unsorted/10m_3el_yagi_vertical.nec,ok,ok,0.6970266243442893,0.39588199369609356,1.7607,1
sokyrad/unsorted/10m_efhw_inverted_L_10ft.nec,ok,ok,0.22056186944246292,0.1715536192059517,1.2857,1
sokyrad/unsorted/10m_quarter_wave_ground_plane_10ft.nec,ok,ok,1.2001393418759108,0.6015504011884332,1.9951,1
sokyrad/unsorted/15m_20m_jumper_half_square.nec,ok,ok,4.017427052371204,1.8874939186498523,2.1284,1
sokyrad/unsorted/26ft_vertical_26x20ft_radials_eznec_import.nec,ok,ok,2.832037292420864,1.4071653289720416,2.0126,1
sokyrad/unsorted/2m70cm_moxon_nested.nec,ok,ok,0.0666853291913867,0.11306835617870092,0.5898,1
sokyrad/unsorted/2m70cm_moxon_nested_four_masted.nec,ok,ok,0.5394717939198017,0.3003477482125163,1.7962,1
sokyrad/unsorted/40m_efhw-inverted-v_28.6MHz.nec,ok,ok,0.05085873417556286,0.0977657763287425,0.5202,1
sokyrad/unsorted/40m_efhw_L.nec,ok,ok,0.2599687799811363,0.24613325763493776,1.0562,1
sokyrad/unsorted/6m_2m_70cm_moxon-yagi.nec,ok,ok,0.1920073051005602,0.1741800019517541,1.1023,1
sokyrad/unsorted/80m_delta_loop_top10m_bottom1m_quarterwave_feed_3p9MHz.nec,ok,ok,1.76616785582155,0.8981768041849136,1.9664,1
sokyrad/unsorted/80m_delta_loop_top3m_bottom1m_quarterwave_feed_3p9MHz.nec,ok,ok,1.6983446655794978,0.8993058707565069,1.8885,1
sokyrad/unsorted/80m_efhw-Sloper-L_3.85M.nec,ok,ok,0.3776436625048518,0.3037376208230853,1.2433,1
sokyrad/unsorted/80m_efhw-Sloper-L_7.2375M.nec,ok,ok,0.3683701232075691,0.2927058394998312,1.2585,1
sokyrad/unsorted/80m_efhw-Sloper.nec,ok,ok,0.4295412488281727,0.2837392156943679,1.5139,1
sokyrad/unsorted/80m_efhw_inverted_v.nec,ok,ok,0.27698797453194857,0.21982080955058336,1.2601,1
sokyrad/unsorted/80m_efhw_sloper.nec,ok,ok,0.46955318097025156,0.32726652082055807,1.4348,1
sokyrad/unsorted/80m_full-wave_horiz-L_3.8MHz.nec,ok,ok,0.0843254504725337,0.11252240277826786,0.7494,1
sokyrad/unsorted/80m_square_horizontal_loop_65ft_3mm_3p9MHz.nec,ok,ok,1.7009652210399508,0.8946311548352242,1.9013,1
sokyrad/unsorted/K8UY_dipole_2m_original_gamma.nec,ok,ok,1.063694135285914,0.41045644227415323,2.5915,1
sokyrad/unsorted/K8UY_yagi_2m_original.nec,ok,ok,0.1891344664618373,0.13220233097672462,1.4306,1
sokyrad/unsorted/butternut_hf6v_approx.nec,ok,ok,0.4392204340547323,0.29625235218554735,1.4826,1
sokyrad/unsorted/custom_28_4MHz_hybrid_dipole_invertedV.nec,ok,ok,0.15269507188349962,0.1915560243651271,0.7971,1
sokyrad/unsorted/custom_28_4MHz_hybrid_dipole_invertedV_10mheight_1_8wave.nec,ok,ok,0.1513446941971779,0.18334582168608904,0.8255,1
sokyrad/unsorted/custom_28_4MHz_hybrid_dipole_invertedV_2_5m.nec,ok,ok,0.7972963973879814,0.5577231580391526,1.4296,1
sokyrad/unsorted/custom_28_4MHz_hybrid_dipole_invertedV_2_5m_horiz_1_8wave_angled_1_4wave.nec,ok,ok,0.679375134408474,0.5181892672553658,1.3111,1
sokyrad/unsorted/custom_28_4MHz_hybrid_dipole_invertedV_5_0m.nec,ok,ok,0.7829527519643307,0.569617560133338,1.3745,1
sokyrad/unsorted/custom_double_inverted_v_10m_28_4MHz_20ft.nec,ok,ok,0.6769075356423855,0.506342388689518,1.3369,1
sokyrad/unsorted/custom_double_inverted_v_10m_28_4MHz_20ft_same_plane.nec,ok,ok,0.7103769881650805,0.5034848116338253,1.4109,1
sokyrad/unsorted/delta_loop_equilateral_29MHz.nec,ok,ok,1.1756043182685971,0.6744972486048937,1.7429,1
sokyrad/unsorted/delta_loop_equilateral_29MHz_bottom_corner_feed.nec,ok,ok,1.1060012830421329,0.6609453354030848,1.6734,1
sokyrad/unsorted/dual_band_stacked_moxon_146_444_50mm_only146driven.nec,ok,ok,0.3938075974583626,0.22560437582433224,1.7456,1
sokyrad/unsorted/fan_dipole_80_40_20_10_6m_20m_height_voltage_balun.nec,ok,ok,6.05855461768806,2.2131732078269124,2.7375,1
sokyrad/unsorted/inverted_v_10m_28_4MHz_20ft.nec,ok,ok,0.659688375890255,0.48458568938076496,1.3613,1
sokyrad/unsorted/inverted_v_14p225MHz.nec,ok,ok,1.4802589528262615,0.6641545910388231,2.2288,1
sokyrad/unsorted/inverted_v_28p4MHz.nec,ok,ok,1.5229101292788982,0.6598501913249493,2.3080,1
sokyrad/unsorted/inverted_v_3p8MHz.nec,ok,ok,1.6327694412320852,0.6882439786568284,2.3724,1
sokyrad/unsorted/inverted_v_7p2MHz.nec,ok,ok,1.4589916728436947,0.6640876159071922,2.1970,1
sokyrad/unsorted/moxong_2m_single.nec,ok,ok,0.22622260823845863,0.09220623690634966,2.4534,1
sokyrad/unsorted/moxong_2m_stacked_common_feed.nec,ok,ok,0.022411270067095757,0.09621893800795078,,0
sokyrad/unsorted/moxong_2m_stacked_common_feed_0_99lambda.nec,ok,ok,0.019847054965794086,0.08905187342315912,,0
sokyrad/unsorted/simple_10m_inverted_v_10ft.nec,ok,ok,0.9288209537044168,0.5960672087967396,1.5582,1
sokyrad/unsorted/simple_dipole_28_4MHz_10_0m.nec,ok,ok,0.30506887566298246,0.28351565077900887,1.0760,1
sokyrad/unsorted/simple_dipole_28_4MHz_2_5m.nec,ok,ok,0.7637061076238751,0.5599693926051259,1.3638,1
sokyrad/unsorted/simple_dipole_28_4MHz_5_0m.nec,ok,ok,0.7614852590486407,0.5618174793198705,1.3554,1
sokyrad/unsorted/stacked_146MHz_moxon_horizontal.nec,ok,ok,0.5802521826699376,0.27119697351008654,2.1396,1
sokyrad/unsorted/stacked_146MHz_moxon_vertical (1).nec,ok,ok,0.6297773160040379,0.28748907521367073,2.1906,1
sokyrad/unsorted/stacked_146MHz_moxon_vertical.nec,ok,ok,0.6507711429148912,0.27128877490758896,2.3988,1
sokyrad/unsorted/stacked_146MHz_moxon_vertical_0_75lambda.nec,ok,ok,0.590133411809802,0.2541657341644168,2.3218,1
w8io/215DX.nec,ok,ok,0.1946168038994074,0.14349106699228287,1.3563,1
w8io/216CP.nec,ok,ok,0.4175426736474037,0.349474991671741,1.1948,1
w8io/222_13l_50ohm_yagi_kf6a.nec,ok,ok,0.018346906639635563,0.023234805092215538,,0
w8io/222_15l_50ohm_yagi_kf6a.nec,ok,ok,0.012583736330270767,0.14278282411396503,,0
w8io/2m12L_yagi_kf6a.nec,ok,ok,0.014447320252656937,0.1917933179065585,,0
w8io/6m_7L_1-46WL_yagi.nec,ok,ok,0.010300165973603725,0.026978474110364914,,0
w8io/6m_8L_50ohm_yagi_kf6a.nec,ok,ok,0.014979548752307892,0.006139070726931095,,0
w8io/BVO-4WL-144-15.nec,ok,ok,0.08587401080876589,0.2627452090382576,0.3268,1
w8io/CC-17B2.nec,ok,ok,0.2772999554872513,0.3630761941894889,0.7638,1
w8io/DG7YBN 144_GTV2-14w.nec,ok,ok,0.05463010538369417,0.10899639036506414,0.5012,1
w8io/DK7ZB-144-12.nec,ok,ok,0.17750022560358047,0.20359996892511845,0.8718,1
w8io/EF7021.nec,ok,ok,18.641544382087886,14.57067346572876,1.2794,1
w8io/EF7027.nec,ok,ok,30.031960552558303,17.356516904197633,1.7303,1
w8io/FO-25-432.nec,ok,ok,26.07330844923854,14.219171658158302,1.8337,1
w8io/FO-33-432.nec,ok,ok,44.76610042899847,21.3512028651312,2.0967,1
w8io/G0KSC-13LFA.nec,ok,ok,0.37874510511755943,0.8834379846230149,0.4287,1
w8io/G0KSC-14LFA.nec,ok,ok,0.42940779495984316,0.6232842998579144,0.6889,1
w8io/G0KSC-15LFA.nec,ok,ok,0.4876098120585084,0.5800093226134777,0.8407,1
w8io/HG-66DX-CW.nec,ok,ok,0.00775190070271492,0.011801266111433506,,0
w8io/HG7031DX.nec,ok,ok,39.27989321388304,18.24063115287572,2.1534,1
w8io/I0JXX-16JXX2.nec,ok,ok,0.22866233810782433,0.3920328877866268,0.5833,1
w8io/IO-432-28.nec,ok,ok,29.73329983651638,15.916430826298892,1.8681,1
w8io/K1FO-222-22.nec,ok,ok,0.1001193169504404,0.12257002480328083,0.8168,1
w8io/K1FO-FO15-144.nec,ok,ok,0.0628118235617876,0.32122187968343496,0.1955,1
w8io/K1FO-FO16-144.nec,ok,ok,0.07055072765797377,0.34492973517626524,0.2045,1
w8io/KF6A-144-18.nec,ok,ok,0.01996209006756544,0.14779165759682655,,0
w8io/KF6A_6m_7EL_12_5ohm_yagi.nec,ok,ok,0.009255203418433666,0.01237381063401699,,0
w8io/KF6A_70cm_22L.nec,ok,ok,0.029729073867201805,0.09553451649844646,,0
w8io/LP140-200-2D.nec,ok,ok,4.440085202455521,3.2655608719214797,1.3597,1
w8io/LP144-22.nec,ok,ok,3.674755704589188,4.428959188982844,0.8297,1
w8io/LP144-35-MAXFB.nec,ok,ok,45.13586082030088,27.146995247341692,1.6626,1
w8io/LP50-108-16.nec,ok,ok,5.467974559403956,6.211489848792553,0.8803,1
w8io/LogYag220-520-15dbi.nec,ok,ok,41.19936418533325,23.00158925447613,1.7912,1
w8io/M2-222-5WL.nec,ok,ok,0.07331915944814682,0.10441488772630692,0.7022,1
w8io/M2-2M5WL-inch.nec,ok,ok,0.13095069397240877,0.1285205753520131,1.0189,1
w8io/M2-432-9WLA.nec,ok,ok,26.158507263287902,16.394725448451936,1.5955,1
w8io/SM5BSZ-2SA13.nec,ok,ok,0.044612313620746136,0.1167540019378066,,0
w8io/UR5EAZ_144_12_W8IO_opt.nec,ok,ok,0.028626102954149246,0.09874303545802832,,0
w8io/UR5EAZ_144_RS12.nec,ok,ok,0.02856751810759306,0.11631862446665764,,0
w8io/UR5EAZ_RS_2_11_DRAFT.nec,ok,ok,0.025275456719100475,0.0719850230962038,,0
w8io/W8IO-144-13U.nec,ok,ok,0.031085237860679626,0.12128137331455946,,0
w8io/W8IO-144-13a.nec,ok,ok,0.15420497488230467,0.35953676607459784,0.4289,1
w8io/W8IO-144-14U.nec,ok,ok,0.034154633060097694,0.06998415663838387,,0
w8io/W8IO-144-14V.nec,ok,ok,0.03832165524363518,0.10166782792657614,,0
w8io/W8IO-144-15U.nec,ok,ok,0.03723715431988239,0.07154720555990934,,0
w8io/W8IO-144-15V.nec,ok,ok,0.0432333005592227,0.15068459697067738,,0
w8io/W8IO-144-15fd.nec,ok,ok,0.4995797658339143,0.6070700976997614,0.8229,1
w8io/W8IO-144-16V.nec,ok,ok,0.05061549600213766,0.1629241043701768,0.3107,1
w8io/W8IO-144-17V.nec,ok,ok,0.0531680965796113,0.11783773638308048,0.4512,1
w8io/W8IO-222-17.nec,ok,ok,0.2771634003147483,0.8958770092576742,0.3094,1
w8io/W8IO-222-18.nec,ok,ok,0.35547426249831915,0.37024951819330454,0.9601,1
w8io/W8IO-222-19.nec,ok,ok,0.3857644312083721,0.3294541956856847,1.1709,1
w8io/W8IO-222-19V.nec,ok,ok,0.15488122031092644,0.050814139656722546,3.0480,1
w8io/W8IO-UR5EAZ-144-16V.nec,ok,ok,0.09402582701295614,0.10774971079081297,0.8726,1
w8io/YU7EF EF0606.nec,ok,ok,0.0724095394834876,0.11891181394457817,0.6089,1
w8io/YU7EF-EF0213.nec,ok,ok,0.04797238763421774,0.32560244482010603,,0
w8io/YU7EF-EF0215.nec,ok,ok,0.20140920113772154,0.359749392606318,0.5599,1
w8io/kf6a-144-17.nec,ok,ok,0.017792348749935627,0.09800746385008097,,0
w8io/kf6a-432-27L.nec,ok,ok,0.03405792824923992,0.09722136333584785,,0
w8io/whip_antenna_8ft_groundplane.nec,ok,ok,189.16909315250814,54.006745386868715,3.5027,1
xnec2c-fixtures/sy_comma_format.nec,ok-no-source,ok-no-source,0.006122046150267124,0.004025539383292198,,0
xnec2c-fixtures/sy_math_cmnd.nec,ok-no-source,ok-no-source,0.006294973194599152,0.005295419134199619,,0
xnec2c-fixtures/sy_math_geom.nec,ok-no-source,ok-no-source,0.006171238608658314,0.00410601869225502,,0
xnec2c-fixtures/sy_separate_cards.nec,ok-no-source,ok-no-source,0.005516435950994492,0.004146206192672253,,0
xnec2c-fixtures/sy_units_spaces.nec,ok-no-source,ok-no-source,0.00582468044012785,0.0041489386931061745,,0
