deck,status_a,status_b,wall_a,wall_b,speedup,comparable
4nec2-models/Aperiodic/2ELK9AY.nec,ok,ok,0.4305302891880274,0.2784653538838029,1.5461,1
4nec2-models/Aperiodic/2beverage.nec,ok,ok,0.4241330334916711,0.2529936758801341,1.6765,1
4nec2-models/Aperiodic/2el160flag.nec,ok,ok,0.2585563650354743,0.16501374077051878,1.5669,1
4nec2-models/Aperiodic/80pennant-pf.nec,ok,ok,0.2177725089713931,0.1551038334146142,1.4040,1
4nec2-models/Aperiodic/ON4BAAWD.nec,ok,ok,0.17502097319811583,0.08817521762102842,1.9849,1
4nec2-models/Aperiodic/Rhomb1.nec,ok,ok,0.13638767786324024,0.061116355471313,2.2316,1
4nec2-models/Aperiodic/Rhombic.nec,ok,ok,0.17801764328032732,0.09463360253721476,1.8811,1
4nec2-models/Aperiodic/Semirhomb.nec,ok,ok,0.42331951204687357,0.2636090721935034,1.6059,1
4nec2-models/Aperiodic/Slopvee.nec,ok,ok,0.3205109778791666,0.1984444996342063,1.6151,1
4nec2-models/Aperiodic/Vee40.nec,ok,ok,0.3509051948785782,0.2185647450387478,1.6055,1
4nec2-models/Aperiodic/bev80.nec,ok,ok,0.36936177033931017,0.24668370932340622,1.4973,1
4nec2-models/Equations/1elQuad.nec,ok,ok,0.0037973737344145775,0.0038053952157497406,,0
4nec2-models/Equations/2elQuad.nec,ok,ok,0.0055330125615000725,0.005089851096272469,,0
4nec2-models/Equations/3elQuadGain.nec,ok,ok,0.008847595192492008,0.007142794318497181,,0
4nec2-models/Equations/3elQuadWide.nec,ok,ok,0.009177085012197495,0.007158888503909111,,0
4nec2-models/Equations/3elYagiGain.nec,ok,ok,0.0040031978860497475,0.0034722518175840378,,0
4nec2-models/Equations/3elYagiMaxFB.nec,ok,ok,0.003277515061199665,0.0034038787707686424,,0
4nec2-models/Equations/3elYagiWide.nec,ok,ok,0.0032975655049085617,0.0034115156158804893,,0
4nec2-models/Equations/4elQuad.nec,ok,ok,0.013628832995891571,0.009749363176524639,,0
4nec2-models/Equations/Moxon.nec,ok,ok,0.2877982063218951,0.18323864601552486,1.5706,1
4nec2-models/Example1.nec,ok,ok,0.0029330281540751457,0.0032445210963487625,,0
4nec2-models/Example2.nec,ok,ok,0.0027569392696022987,0.0033318856731057167,,0
4nec2-models/Fractals/Fractal.nec,ok,ok,1.5637830719351768,1.0916664069518447,1.4325,1
4nec2-models/Fractals/MI2 Loop.nec,ok,ok,0.08433760795742273,0.05317276623100042,1.5861,1
4nec2-models/Fractals/MI3.nec,ok,ok,0.0905125206336379,0.06179833225905895,1.4646,1
4nec2-models/Fractals/RANDOM1.nec,ok,ok,0.08092075306922197,0.051335206255316734,1.5763,1
4nec2-models/Fractals/Random2.nec,ok,ok,0.05431823246181011,0.03554088156670332,,0
4nec2-models/HFActiveFeed/2el10.nec,ok,ok,0.11429879255592823,0.06779264193028212,1.6860,1
4nec2-models/HFActiveFeed/2lsloper.nec,ok,ok,0.6292418548837304,0.39146244432777166,1.6074,1
4nec2-models/HFActiveFeed/2phased.nec,ok,ok,0.003158147446811199,0.003391486592590809,,0
4nec2-models/HFActiveFeed/3vertical.nec,ok,ok,0.014545130543410778,0.00929056853055954,,0
4nec2-models/HFActiveFeed/BRDZPR10.nec,ok,ok,0.12650376465171576,0.07789390068501234,1.6241,1
4nec2-models/HFActiveFeed/HB9CV.nec,ok,ok,0.0036277109757065773,0.0037141889333724976,,0
4nec2-models/HFActiveFeed/Quad4.nec,ok,ok,0.03992261737585068,0.02488275244832039,,0
4nec2-models/HFActiveFeed/ZLSPTS10.nec,ok,ok,0.12092739343643188,0.07397256046533585,1.6348,1
4nec2-models/HFActiveFeed/ZLTROM10.nec,ok,ok,0.17931775283068419,0.10591960791498423,1.6930,1
4nec2-models/HFActiveFeed/cedzph10.nec,ok,ok,0.18174028396606445,0.10092319548130035,1.8008,1
4nec2-models/HFActiveFeed/n2pl_phased_dloop.nec,ok,ok,0.31399497855454683,0.19937891978770494,1.5749,1
4nec2-models/HFActiveFeed/zlspdp10.nec,ok,ok,0.11671985778957605,0.07281771302223206,1.6029,1
4nec2-models/HFbeams/2EL160H.nec,ok,ok,1.0981813371181488,0.7266052598133683,1.5114,1
4nec2-models/HFbeams/2lqful10.nec,ok,ok,0.013147667050361633,0.009182687848806381,,0
4nec2-models/HFbeams/2lyagi20.nec,ok,ok,0.0863383412361145,0.05537418741732836,1.5592,1
4nec2-models/HFbeams/2x4Q15A95.nec,ok,ok,0.031096184626221657,0.02005615271627903,,0
4nec2-models/HFbeams/3YAGI20.nec,ok,ok,0.3204834256321192,0.2034808248281479,1.5750,1
4nec2-models/HFbeams/3el-inverted-V.nec,ok,ok,0.3117594225332141,0.19377537351101637,1.6089,1
4nec2-models/HFbeams/3elquad.nec,ok,ok,0.005203168839216232,0.005192003212869167,,0
4nec2-models/HFbeams/3lyagi20.nec,ok,ok,0.5089544067159295,0.2864142870530486,1.7770,1
4nec2-models/HFbeams/40MYAG2.nec,ok,ok,0.3802751526236534,0.22218387760221958,1.7115,1
4nec2-models/HFbeams/40quad.nec,ok,ok,0.2379605583846569,0.16171166207641363,1.4715,1
4nec2-models/HFbeams/4el_vk1aa1.nec,ok,ok,0.49894594214856625,0.2923612017184496,1.7066,1
4nec2-models/HFbeams/5_el_wbeam_PA2AWU.nec,ok,ok,0.5884269112721086,0.45003528613597155,1.3075,1
4nec2-models/HFbeams/7lyagi10.nec,ok,ok,0.2952588340267539,0.23483185097575188,1.2573,1
4nec2-models/HFbeams/80hsbeam.nec,ok,ok,0.3754274267703295,0.2130339602008462,1.7623,1
4nec2-models/HFbeams/80rdbeam.nec,ok,ok,0.36522757820785046,0.21617554128170013,1.6895,1
4nec2-models/HFbeams/8x6q.nec,ok,ok,0.35834868997335434,0.21221712697297335,1.6886,1
4nec2-models/HFbeams/BetaMatch.nec,ok,ok,0.05737319402396679,0.020807508379220963,,0
4nec2-models/HFbeams/Bowtie.nec,timeout,timeout,300.05927730724216,300.048302131705,,0
4nec2-models/HFbeams/Deltalp.nec,ok,ok,0.1057191202417016,0.08029353618621826,1.3167,1
4nec2-models/HFbeams/NinjaBeam.nec,ok,ok,0.29771743807941675,0.18288623727858067,1.6279,1
4nec2-models/HFbeams/Quad.nec,ok,ok,0.042617601342499256,0.023015756160020828,,0
4nec2-models/HFbeams/Stack.nec,ok,ok,0.4398731915280223,0.2647474715486169,1.6615,1
4nec2-models/HFbeams/Unwin.nec,ok,ok,0.00920630432665348,0.007870863191783428,,0
4nec2-models/HFbeams/Unwin_mod.nec,ok,ok,0.00837007351219654,0.0070987893268466,,0
4nec2-models/HFbeams/fan1022.nec,ok,ok,0.03224139381200075,0.019823516719043255,,0
4nec2-models/HFbeams/moxon20.nec,ok,ok,0.3368743807077408,0.21285268384963274,1.5827,1
4nec2-models/HFbeams/sloper.nec,ok,ok,0.21434820257127285,0.1392055507749319,1.5398,1
4nec2-models/HFbeams/wa2wvl.nec,ok,ok,0.3885012334212661,0.25241182558238506,1.5392,1
4nec2-models/HFbeams/y6mhg.nec,ok,ok,0.005204315297305584,0.004500445909798145,,0
4nec2-models/HFbeams/y6mwb.nec,ok,ok,0.006897144950926304,0.005346659570932388,,0
4nec2-models/HFbeams/zl1le10.nec,ok,ok,0.09806030243635178,0.06275697145611048,1.5625,1
4nec2-models/HFcollinear/15edzph2.nec,ok,ok,0.09509698301553726,0.047548942267894745,,0
4nec2-models/HFcollinear/2 dipole on roof.nec,ok,ok,1.5177737940102816,0.684257511049509,2.2181,1
4nec2-models/HFcollinear/4 Dipole Trans-lines.nec,ok,ok,0.008968917652964592,0.007199122570455074,,0
4nec2-models/HFcollinear/BROADSID.nec,ok,ok,0.003396410495042801,0.003622833639383316,,0
4nec2-models/HFcollinear/Collinear_1L.nec,ok,ok,0.12176700308918953,0.07678957469761372,1.5857,1
4nec2-models/HFcollinear/SLOPER2.nec,ok,ok,0.445559024810791,0.2823916310444474,1.5778,1
4nec2-models/HFcollinear/W8BYA Collinear 7 MHz.nec,ok,ok,0.33168389089405537,0.20948301628232002,1.5833,1
4nec2-models/HFcollinear/franklin.nec,ok,ok,0.0043607717379927635,0.004397135227918625,,0
4nec2-models/HFcollinear/hrs_441.nec,ok,ok,14.187275497242808,6.197552254423499,2.2892,1
4nec2-models/HFcollinear/lazyh.nec,ok,ok,0.004749111831188202,0.004821509122848511,,0
4nec2-models/HFmultiband/4-BAND.nec,ok,ok,5.030833274126053,3.632238296791911,1.3851,1
4nec2-models/HFmultiband/40MYAG2.nec,ok,ok,0.35414670780301094,0.2238559229299426,1.5820,1
4nec2-models/HFmultiband/5BWIDE-1.nec,ok,ok,0.07048783637583256,0.04889769293367863,,0
4nec2-models/HFmultiband/Cobra.nec,ok,ok,0.3822212591767311,0.24575234483927488,1.5553,1
4nec2-models/HFmultiband/Cone.nec,ok,ok,0.4096642378717661,0.26156774815171957,1.5662,1
4nec2-models/HFmultiband/CrossDip.nec,ok,ok,0.009693518280982971,0.008336801081895828,,0
4nec2-models/HFmultiband/DUAL2EL.nec,ok,ok,0.08967665489763021,0.058155578561127186,1.5420,1
4nec2-models/HFmultiband/InvV80-40.nec,ok,ok,0.3134383037686348,0.19876762479543686,1.5769,1
4nec2-models/HFmultiband/LPDA1.nec,ok,ok,0.0058442819863557816,0.005628284066915512,,0
4nec2-models/HFmultiband/Logp.nec,ok,ok,0.006313414312899113,0.005879749543964863,,0
4nec2-models/HFmultiband/MultiDips.nec,ok,ok,0.3556750388815999,0.22343855071812868,1.5918,1
4nec2-models/HFmultiband/MultiTrap.nec,ok,ok,0.23354247584939003,0.14546811021864414,1.6055,1
4nec2-models/HFmultiband/Sleeve.nec,ok,ok,0.28590800892561674,0.18143594544380903,1.5758,1
4nec2-models/HFmultiband/Telerana.nec,ok,ok,0.03520362079143524,0.025563381612300873,,0
4nec2-models/HFmultiband/TrapDip.nec,ok,ok,0.004450474865734577,0.004477369599044323,,0
4nec2-models/HFmultiband/TrapDipole.nec,ok,ok,0.004420450888574123,0.004335365258157253,,0
4nec2-models/HFmultiband/UA3SFH.nec,ok,ok,0.08464357815682888,0.055928110145032406,1.5134,1
4nec2-models/HFmultiband/discone.nec,ok,ok,0.03659294173121452,0.025721882469952106,,0
4nec2-models/HFmultiband/dscn2.nec,ok,ok,0.8868804527446628,0.5858975928276777,1.5137,1
4nec2-models/HFmultiband/logper.nec,ok,ok,0.6077333260327578,0.41249921452254057,1.4733,1
4nec2-models/HFmultiband/lpda.nec,ok,ok,0.13845249637961388,0.07094826083630323,1.9515,1
4nec2-models/HFmultiband/mil14.nec,ok,ok,1.1879596170037985,0.7433641403913498,1.5981,1
4nec2-models/HFmultiband/op201510.nec,ok,ok,0.3339634286239743,0.2134812530130148,1.5644,1
4nec2-models/HFmultiband/quad5b10.nec,ok,ok,0.7293416280299425,0.36689172126352787,1.9879,1
4nec2-models/HFmultiband/sleeve_err.nec,ok,ok,0.31814327370375395,0.18213065806776285,1.7468,1
4nec2-models/HFmultiband/t2fd.nec,ok,ok,0.004055828787386417,0.004204158671200275,,0
4nec2-models/HFmultiband/y1217bb.nec,ok,ok,0.008391429670155048,0.007474534213542938,,0
4nec2-models/HFmultiband/y2015.nec,ok,ok,0.00702290702611208,0.006438042037189007,,0
4nec2-models/HFmultiband/yi20_40b.nec,ok,ok,0.4311895938590169,0.2503955364227295,1.7220,1
4nec2-models/HFshort/2elShort.nec,ok,ok,0.11357918102294207,0.07156532816588879,1.5871,1
4nec2-models/HFshort/2lqsdi10.nec,ok,ok,0.041758774779736996,0.026644802652299404,,0
4nec2-models/HFshort/2lqssq10.nec,ok,ok,0.04840882122516632,0.03167378529906273,,0
4nec2-models/HFshort/2lygcl10.nec,ok,ok,0.09518982097506523,0.06189917307347059,1.5378,1
4nec2-models/HFshort/CoilCapHat.nec,ok,ok,0.23787609208375216,0.15393086336553097,1.5453,1
4nec2-models/HFshort/DPLNLD10.nec,ok,ok,0.013881165534257889,0.010632393881678581,,0
4nec2-models/HFshort/HelixDip.nec,ok,ok,0.004880157299339771,0.005019336007535458,,0
4nec2-models/HFshort/LinLoad.nec,ok,ok,0.04025062546133995,0.026193969883024693,,0
4nec2-models/HFshort/LinLoad2.nec,ok,ok,0.0792912570759654,0.0499116750434041,,0
4nec2-models/HFshort/Magnetic.nec,ok,ok,0.00403656717389822,0.004370805807411671,,0
4nec2-models/HFshort/MagneticLoop.nec,ok,ok,0.005005896091461182,0.004965217784047127,,0
4nec2-models/HFshort/Minibeam.nec,ok,ok,0.006306963041424751,0.006150594912469387,,0
4nec2-models/HFshort/RXload.nec,ok,ok,0.0034042466431856155,0.0033247480168938637,,0
4nec2-models/HFshort/caphat10.nec,ok,ok,0.0037767337635159492,0.004127436317503452,,0
4nec2-models/HFsimple/36ccd.nec,ok,ok,0.3583882376551628,0.22871002089232206,1.5670,1
4nec2-models/HFsimple/36dip.nec,ok,ok,0.3034201106056571,0.19522910751402378,1.5542,1
4nec2-models/HFsimple/36inv.nec,ok,ok,0.30740478355437517,0.19786227960139513,1.5536,1
4nec2-models/HFsimple/36inv_coat.nec,ok,ok,0.3080673385411501,0.1979294577613473,1.5565,1
4nec2-models/HFsimple/36inv_split.nec,ok,ok,0.3070462793111801,0.1967046530917287,1.5610,1
4nec2-models/HFsimple/70edz.nec,ok,ok,0.35751807130873203,0.22849448211491108,1.5647,1
4nec2-models/HFsimple/CageAlt.nec,ok,ok,0.006621676497161388,0.006513817235827446,,0
4nec2-models/HFsimple/Coax.nec,ok,ok,0.3036467479541898,0.19622665736824274,1.5474,1
4nec2-models/HFsimple/DLoop40.nec,ok,ok,0.2171418908983469,0.14043898601084948,1.5462,1
4nec2-models/HFsimple/EDZ_TL.nec,ok,ok,0.08641939144581556,0.056829482316970825,1.5207,1
4nec2-models/HFsimple/EDZ_mod.nec,ok,ok,0.2731817336753011,0.17474940326064825,1.5633,1
4nec2-models/HFsimple/FANDPL10.nec,ok,ok,0.016226339153945446,0.012238919734954834,,0
4nec2-models/HFsimple/G5RV.nec,ok,ok,0.0034223170951008797,0.0037350747734308243,,0
4nec2-models/HFsimple/Hairpin.nec,ok,ok,0.0044590774923563,0.004710742272436619,,0
4nec2-models/HFsimple/Halfsq40.nec,ok,ok,0.2858784403651953,0.18250753730535507,1.5664,1
4nec2-models/HFsimple/HorLoop80.nec,ok,ok,0.3548017852008343,0.23153550829738379,1.5324,1
4nec2-models/HFsimple/Inv-L.nec,ok,ok,0.43083232548087835,0.27452938444912434,1.5693,1
4nec2-models/HFsimple/Isotrop.nec,ok,ok,0.0041977884247899055,0.004531562328338623,,0
4nec2-models/HFsimple/L_match.nec,ok,ok,0.01873971987515688,0.013251420110464096,,0
4nec2-models/HFsimple/LoadPos.nec,ok,ok,0.00611454714089632,0.0059445444494485855,,0
4nec2-models/HFsimple/LoopCirc20.nec,ok,ok,0.003960277885198593,0.004353120923042297,,0
4nec2-models/HFsimple/Lowdip.nec,ok,ok,0.35986247193068266,0.23670928459614515,1.5203,1
4nec2-models/HFsimple/MagCirc.nec,ok,ok,0.08495604898780584,0.05991298984736204,1.4180,1
4nec2-models/HFsimple/Magnetic.nec,ok,ok,0.08238306641578674,0.05519412271678448,1.4926,1
4nec2-models/HFsimple/Magnetic2.nec,ok,ok,0.0052218958735466,0.0048666223883628845,,0
4nec2-models/HFsimple/ParStub.nec,ok,ok,0.0038870610296726227,0.0038776276633143425,,0
4nec2-models/HFsimple/Patch.nec,timeout,timeout,301.2607990950346,301.21007153671235,,0
4nec2-models/HFsimple/Piramid.nec,ok,ok,0.21730999276041985,0.13889664877206087,1.5645,1
4nec2-models/HFsimple/Rectb40.nec,ok,ok,0.28275790624320507,0.1934487083926797,1.4617,1
4nec2-models/HFsimple/Rects40.nec,ok,ok,0.2834330406039953,0.1876030471175909,1.5108,1
4nec2-models/HFsimple/SLOPE1.nec,ok,ok,0.3329716045409441,0.21540517266839743,1.5458,1
4nec2-models/HFsimple/SLOPE3.nec,ok,ok,0.5576557032763958,0.3515905812382698,1.5861,1
4nec2-models/HFsimple/StepRadAGT.nec,ok,ok,0.011843536049127579,0.008777578361332417,,0
4nec2-models/HFsimple/TriangleError.nec,ok,ok,0.004075196571648121,0.004222171381115913,,0
4nec2-models/HFsimple/TriangleLimit.nec,ok,ok,0.013189872726798058,0.00938879232853651,,0
4nec2-models/HFsimple/deltb40.nec,ok,ok,0.30052585154771805,0.19150798209011555,1.5693,1
4nec2-models/HFsimple/delts40.nec,ok,ok,0.3064234359189868,0.19534233678132296,1.5686,1
4nec2-models/HFsimple/fanndp10.nec,ok,ok,0.1504301941022277,0.09225614834576845,1.6306,1
4nec2-models/HFsimple/tr-line.nec,ok,ok,0.3086128458380699,0.1961809741333127,1.5731,1
4nec2-models/HFvertical/40M2EL.nec,ok,ok,0.3270427668467164,0.2089221253991127,1.5654,1
4nec2-models/HFvertical/4SQTL.nec,ok,ok,0.2769197793677449,0.17543283570557833,1.5785,1
4nec2-models/HFvertical/4SQUARE.nec,ok,ok,0.18046973180025816,0.11768521647900343,1.5335,1
4nec2-models/HFvertical/80RDBEAM.nec,ok,ok,0.4484299197793007,0.28610114846378565,1.5674,1
4nec2-models/HFvertical/BOBTAIL.nec,ok,ok,0.3516878020018339,0.21858416218310595,1.6089,1
4nec2-models/HFvertical/Bloem.nec,ok,ok,0.2629260439425707,0.17380744591355324,1.5127,1
4nec2-models/HFvertical/BurRad.nec,ok,ok,0.36906304117292166,0.2384058116003871,1.5480,1
4nec2-models/HFvertical/CARDIOID.nec,ok,ok,0.20447813719511032,0.12831555865705013,1.5936,1
4nec2-models/HFvertical/CardTL.nec,ok,ok,0.20453249476850033,0.12937752902507782,1.5809,1
4nec2-models/HFvertical/ElevatRad.nec,ok,ok,0.5174831561744213,0.321623332798481,1.6090,1
4nec2-models/HFvertical/GNDPLANE.nec,ok,ok,0.0038321325555443764,0.004151251167058945,,0
4nec2-models/HFvertical/GP80.nec,ok,ok,0.305389741435647,0.19631152134388685,1.5556,1
4nec2-models/HFvertical/GndScreen.nec,ok,ok,0.8403901159763336,0.5189479747787118,1.6194,1
4nec2-models/HFvertical/Gwave.nec,ok,ok,0.13549494743347168,0.09415924828499556,1.4390,1
4nec2-models/HFvertical/Isolators.nec,ok,ok,0.3701208755373955,0.20532556250691414,1.8026,1
4nec2-models/HFvertical/Lowdip.nec,ok,ok,0.36066900845617056,0.23161665070801973,1.5572,1
4nec2-models/HFvertical/Phased GP.nec,ok,ok,0.026786684058606625,0.015047725290060043,,0
4nec2-models/HFvertical/Phased array Trans-line.nec,ok,ok,0.23178121261298656,0.14835029933601618,1.5624,1
4nec2-models/HFvertical/TOPLOAD.nec,ok,ok,0.2270506238564849,0.1484787529334426,1.5292,1
4nec2-models/HFvertical/Varray.nec,ok,ok,0.3407112695276737,0.2178294099867344,1.5641,1
4nec2-models/HFvertical/VertHats.nec,ok,ok,0.2930900985375047,0.18736980482935905,1.5642,1
4nec2-models/LFvertical/cutler_single .nec,ok,ok,10.467902903445065,6.648302142508328,1.5745,1
4nec2-models/Nec4/Catenary.nec,ok,ok,0.005872658453881741,0.005455676466226578,,0
4nec2-models/Objects/4nec2.nec,ok,ok,0.08970835246145725,0.06533401366323233,1.3731,1
4nec2-models/Objects/747plane.nec,ok,ok,6.191273899748921,3.8335395557805896,1.6150,1
4nec2-models/Objects/GM_test.nec,ok,ok,7.639758452773094,4.945176126435399,1.5449,1
4nec2-models/Objects/Horn.nec,ok-no-source,ok-no-source,3.406506249681115,2.2939006108790636,,0
4nec2-models/Objects/Illuminate.nec,ok,ok,3.2493678126484156,2.2146780397742987,1.4672,1
4nec2-models/Objects/NearFld.nec,ok,ok,2.367954504676163,1.6607876056805253,1.4258,1
4nec2-models/Objects/Ship1.nec,ok,ok,1.205660647712648,0.7722585899755359,1.5612,1
4nec2-models/Objects/TL-test.nec,ok,ok,0.1568279443308711,0.10402471758425236,1.5076,1
4nec2-models/Objects/Tank.nec,ok-no-source,ok-no-source,0.03422214183956385,0.025078268721699715,,0
4nec2-models/Objects/Van.nec,ok-no-source,ok-no-source,0.10259654186666012,0.0734607046470046,,0
4nec2-models/Objects/Vehicle.nec,ok,ok,0.09337061550468206,0.0632916372269392,1.4752,1
4nec2-models/Objects/car.nec,ok,ok,1.0524467192590237,0.7477941205725074,1.4074,1
4nec2-models/Objects/car_1.nec,ok,ok,0.28269648272544146,0.20272842328995466,1.3945,1
4nec2-models/VHFbeams/10RA432.nec,ok,ok,0.0073057059198617935,0.006966284476220608,,0
4nec2-models/VHFbeams/12el430.nec,ok,ok,0.008317607454955578,0.0070190466940402985,,0
4nec2-models/VHFbeams/215DX.nec,ok,ok,0.06540511921048164,0.038279615342617035,,0
4nec2-models/VHFbeams/216CP.nec,ok,ok,0.10513918567448854,0.06814392376691103,1.5429,1
4nec2-models/VHFbeams/23DF.nec,ok,ok,0.00835668109357357,0.008545497432351112,,0
4nec2-models/VHFbeams/28DX.nec,ok,ok,0.07366302888840437,0.0431725112721324,,0
4nec2-models/VHFbeams/2SA.nec,ok,ok,2.083056121133268,1.2666758326813579,1.6445,1
4nec2-models/VHFbeams/4x20ra.nec,ok,ok,0.15882860869169235,0.08985935896635056,1.7675,1
4nec2-models/VHFbeams/5Vquad.nec,ok,ok,0.018899062648415565,0.01299145258963108,,0
4nec2-models/VHFbeams/5elDdelta.nec,ok,ok,0.07002681400626898,0.04125067591667175,,0
4nec2-models/VHFbeams/5elDquad.nec,ok,ok,0.045946551486849785,0.02822691760957241,,0
4nec2-models/VHFbeams/BIQDFEED.nec,ok,ok,1.213457097299397,0.8399020163342357,1.4448,1
4nec2-models/VHFbeams/DLW6U.nec,ok,ok,1.7543501546606421,0.989927850663662,1.7722,1
4nec2-models/VHFbeams/DipReflGW.nec,error,error,0.6983687076717615,0.4696195051074028,,0
4nec2-models/VHFbeams/EMEyagi.nec,ok,ok,0.020135859958827496,0.013061143457889557,,0
4nec2-models/VHFbeams/GSM_yagi.nec,ok,ok,0.3425988145172596,0.24343740101903677,1.4073,1
4nec2-models/VHFbeams/JBL.nec,ok,ok,7.4586097141727805,5.002606315538287,1.4909,1
4nec2-models/VHFbeams/Parab50.nec,ok,ok,15.283956096507609,10.593111942522228,1.4428,1
4nec2-models/VHFbeams/QFH1280.nec,ok,ok,0.005795691162347794,0.005654666572809219,,0
4nec2-models/VHFbeams/TV_uhf.nec,ok,ok,0.053313455544412136,0.03455675859004259,,0
4nec2-models/VHFbeams/Vyagi22.nec,ok,ok,0.019211734645068645,0.018945694901049137,,0
4nec2-models/VHFbeams/Yagi16.nec,ok,ok,0.007110912352800369,0.006164225749671459,,0
4nec2-models/VHFbeams/atl50E.nec,ok,ok,0.8900114698335528,0.44270044285804033,2.0104,1
4nec2-models/VHFbeams/atl50e-h.nec,ok,ok,0.9996277522295713,0.5040090987458825,1.9834,1
4nec2-models/VHFbeams/bisq7.nec,ok,ok,0.07017056085169315,0.04789293836802244,,0
4nec2-models/VHFbeams/corner.nec,ok,ok,0.025042688474059105,0.023984255269169807,,0
4nec2-models/VHFbeams/fm6.nec,ok,ok,0.008912142366170883,0.008098634891211987,,0
4nec2-models/VHFbeams/gridyagi.nec,ok,ok,1.1795190460979939,0.7421862352639437,1.5892,1
4nec2-models/VHFbeams/hel10ua.nec,ok,ok,0.500183068215847,0.28953275736421347,1.7276,1
4nec2-models/VHFbeams/helix.nec,ok,ok,1.1275467099621892,0.6805305723100901,1.6569,1
4nec2-models/VHFbeams/i5tdjii.nec,ok,ok,0.03661737125366926,0.022023835219442844,,0
4nec2-models/VHFbeams/qfh137.nec,ok,ok,1.2893879860639572,0.7711221501231194,1.6721,1
4nec2-models/VHFbeams/quad7.nec,ok,ok,0.011498012579977512,0.009980889037251472,,0
4nec2-models/VHFmultiband/402_306 146 MHz.nec,ok,ok,0.009287216700613499,0.008048057556152344,,0
4nec2-models/VHFmultiband/Dc8ce.nec,ok,ok,0.13603639975190163,0.090818602591753,1.4979,1
4nec2-models/VHFmultiband/SpiralAntennaCenterFeed.nec,ok,ok,28.58808572217822,21.528913578018546,1.3279,1
4nec2-models/VHFmultiband/ez2309.nec,ok,ok,0.08448557928204536,0.054953474551439285,1.5374,1
4nec2-models/VHFsimple/2mGP.nec,ok,ok,0.010469475761055946,0.010311786085367203,,0
4nec2-models/VHFsimple/2meteradr.nec,ok,ok,0.10646459925919771,0.07439603935927153,1.4311,1
4nec2-models/VHFsimple/CircDip3.nec,ok,ok,0.0035709524527192116,0.003804173320531845,,0
4nec2-models/VHFsimple/CoaxEnd.nec,ok,ok,0.36426785308867693,0.2628968395292759,1.3856,1
4nec2-models/VHFsimple/Dquad.nec,ok,ok,0.003981593996286392,0.0042959339916706085,,0
4nec2-models/VHFsimple/Generator.nec,ok,ok,0.07280334457755089,0.06040138192474842,1.2053,1
4nec2-models/VHFsimple/Helix.nec,ok,ok,0.010559740476310253,0.009660341776907444,,0
4nec2-models/VHFsimple/J-ant.nec,ok,ok,0.009217949584126472,0.006769368425011635,,0
4nec2-models/VHFsimple/T-box.nec,ok,ok,0.4033821225166321,0.23700734972953796,1.7020,1
4nec2-models/VHFsimple/dip_curv_6m.nec,ok,ok,0.005841923877596855,0.005284120328724384,,0
4nec2-models/VHFsimple/gpflat2m.nec,ok,ok,0.011139675043523312,0.008236606605350971,,0
4nec2-models/VHFsimple/gpslop2m.nec,ok,ok,0.011278155259788036,0.008129283785820007,,0
4nec2-models/VHFsimple/halfsq2m.nec,ok,ok,0.04595838487148285,0.02517001051455736,,0
4nec2-models/VHFsimple/masters.nec,ok,ok,0.007624444551765919,0.007354820147156715,,0
4nec2-models/VHFsimple/sterba.nec,ok,ok,0.012145066633820534,0.009428700432181358,,0
4nec2-models/VHFsimple/thick.nec,ok,ok,0.5215943837538362,0.2703555300831795,1.9293,1
4nec2-models/VHFsimple/wheeler.nec,ok,ok,0.006726270541548729,0.006665990687906742,,0
4nec2-models/zz_EZnec/v3.0/15MQUAD.nec,ok,ok,0.004372945986688137,0.0047936346381902695,,0
4nec2-models/zz_EZnec/v3.0/20M5ELYA.nec,ok,ok,0.006995246745646,0.006328323855996132,,0
4nec2-models/zz_EZnec/v3.0/4SQTL.nec,ok,ok,0.27533736918121576,0.17567897029221058,1.5673,1
4nec2-models/zz_EZnec/v3.0/4SQUARE.nec,ok,ok,0.2734399205073714,0.17482976522296667,1.5640,1
4nec2-models/zz_EZnec/v3.0/BYDipole.nec,ok,ok,0.29017310682684183,0.18636558670550585,1.5570,1
4nec2-models/zz_EZnec/v3.0/BYVee.nec,ok,ok,0.28974948544055223,0.1865233900025487,1.5534,1
4nec2-models/zz_EZnec/v3.0/CardTL.nec,ok,ok,0.003691435791552067,0.003803541883826256,,0
4nec2-models/zz_EZnec/v3.0/Cardioid.nec,ok,ok,0.0035042930394411087,0.00382075272500515,,0
4nec2-models/zz_EZnec/v3.0/DipTL.nec,ok,ok,0.3054495844990015,0.19815588369965553,1.5415,1
4nec2-models/zz_EZnec/v3.0/Dipole1.nec,ok,ok,0.003248625434935093,0.003439614549279213,,0
4nec2-models/zz_EZnec/v3.0/ELEVRAD1.nec,ok,ok,0.311414934694767,0.2003076346591115,1.5547,1
4nec2-models/zz_EZnec/v3.0/ELEVRAD2.nec,ok,ok,0.5144053492695093,0.32867038901895285,1.5651,1
4nec2-models/zz_EZnec/v3.0/FDSP.nec,ok,ok,0.3026821641251445,0.1935706827789545,1.5637,1
4nec2-models/zz_EZnec/v3.0/K5RP.nec,ok,ok,0.2819517608731985,0.18158448673784733,1.5527,1
4nec2-models/zz_EZnec/v3.0/LOGPER.nec,ok,ok,0.007933014072477818,0.007612874731421471,,0
4nec2-models/zz_EZnec/v3.0/LOGPERTL.nec,ok,ok,0.006465206854045391,0.006120776757597923,,0
4nec2-models/zz_EZnec/v3.0/N4PCLOOP.nec,ok,ok,0.3397822780534625,0.21721849963068962,1.5642,1
4nec2-models/zz_EZnec/v3.0/NBSYAGI.nec,ok,ok,0.003579886630177498,0.003895559348165989,,0
4nec2-models/zz_EZnec/v3.0/VHFGP.nec,ok,ok,0.007203350774943829,0.005866102874279022,,0
4nec2-models/zz_EZnec/v3.0/Vert1.nec,ok,ok,0.0795973464846611,0.05325007811188698,1.4948,1
4nec2-models/zz_EZnec/v3.0/W8JK.nec,ok,ok,0.25831750873476267,0.164215967990458,1.5730,1
4nec2-models/zz_MiniNec/ActiveFeed/2 el activ VP2E 40m.nec,ok,ok,0.33244754280894995,0.21140823513269424,1.5725,1
4nec2-models/zz_MiniNec/ActiveFeed/2D40MB10_multinec.nec,ok,ok,0.004819503054022789,0.00485342089086771,,0
4nec2-models/zz_MiniNec/ActiveFeed/4 el Delta act.nec,ok,ok,0.019750988110899925,0.013238471001386642,,0
4nec2-models/zz_MiniNec/ActiveFeed/40m 4square.nec,ok,ok,0.004486020654439926,0.004325581714510918,,0
4nec2-models/zz_MiniNec/ActiveFeed/HB9CVH.nec,ok,ok,0.005085998214781284,0.005145875737071037,,0
4nec2-models/zz_MiniNec/ActiveFeed/HB9CVW.nec,ok,ok,0.004715225659310818,0.004788506776094437,,0
4nec2-models/zz_MiniNec/Feeders/025lambda_trans.nec,ok,ok,0.008441368117928505,0.007381618954241276,,0
4nec2-models/zz_MiniNec/Feeders/FEEDER.nec,ok,ok,0.0036848606541752815,0.003946781158447266,,0
4nec2-models/zz_MiniNec/HFAperiodic/2elK9AY-1.nec,ok,ok,0.23288483452051878,0.1486105229705572,1.5671,1
4nec2-models/zz_MiniNec/HFAperiodic/BEVERAGE.nec,ok,ok,0.38390033040195704,0.2452368251979351,1.5654,1
4nec2-models/zz_MiniNec/HFAperiodic/D2T.nec,ok,ok,0.21069703716784716,0.13720657117664814,1.5356,1
4nec2-models/zz_MiniNec/HFAperiodic/EWE.nec,ok,ok,0.22416242584586143,0.14523951802402735,1.5434,1
4nec2-models/zz_MiniNec/HFAperiodic/Flag K6SE.nec,ok,ok,0.0846191318705678,0.057371157221496105,1.4749,1
4nec2-models/zz_MiniNec/HFAperiodic/RHOMBIC.nec,ok,ok,0.7360370066016912,0.43987901974469423,1.6733,1
4nec2-models/zz_MiniNec/HFAperiodic/Semirhomb.nec,ok,ok,0.4152134954929352,0.27319036051630974,1.5199,1
4nec2-models/zz_MiniNec/HFAperiodic/T2FD.nec,ok,ok,0.18875049520283937,0.12318740598857403,1.5322,1
4nec2-models/zz_MiniNec/HFAperiodic/beverage200.nec,ok,ok,0.894548655487597,0.4406245853751898,2.0302,1
4nec2-models/zz_MiniNec/HFAperiodic/widebanddip.nec,ok,ok,0.3061046916991472,0.19742317963391542,1.5505,1
4nec2-models/zz_MiniNec/HFbeams/2CQ20.nec,ok,ok,0.10455808974802494,0.06729023158550262,1.5538,1
4nec2-models/zz_MiniNec/HFbeams/2DELTA20.nec,ok,ok,0.013109981082379818,0.010953260585665703,,0
4nec2-models/zz_MiniNec/HFbeams/2ELQUAD.nec,ok,ok,1.1592823630198836,0.5944337183609605,1.9502,1
4nec2-models/zz_MiniNec/HFbeams/2ELVP15.nec,ok,ok,0.0048784296959638596,0.004948885180056095,,0
4nec2-models/zz_MiniNec/HFbeams/2ELVP20.nec,ok,ok,0.0064845336601138115,0.006589978933334351,,0
4nec2-models/zz_MiniNec/HFbeams/2el.delta.20m.nec,ok,ok,0.33103088941425085,0.21178494207561016,1.5631,1
4nec2-models/zz_MiniNec/HFbeams/2elQuad W1HXU.nec,ok,ok,0.08818572387099266,0.04643092304468155,,0
4nec2-models/zz_MiniNec/HFbeams/3EL20.nec,ok,ok,0.10631434991955757,0.06842962559312582,1.5536,1
4nec2-models/zz_MiniNec/HFbeams/3el GP80 CW.nec,ok,ok,0.30357480980455875,0.19683497585356236,1.5423,1
4nec2-models/zz_MiniNec/HFbeams/4EL20.nec,ok,ok,0.32283840514719486,0.20603041630238295,1.5669,1
4nec2-models/zz_MiniNec/HFbeams/4EL20HM.nec,ok,ok,0.008131432346999645,0.006850509904325008,,0
4nec2-models/zz_MiniNec/HFbeams/4_4RZT_2.nec,ok,ok,0.31302424147725105,0.16850517224520445,1.8577,1
4nec2-models/zz_MiniNec/HFbeams/5EL20.nec,ok,ok,0.009054007939994335,0.00734409224241972,,0
4nec2-models/zz_MiniNec/HFbeams/6EL10.nec,ok,ok,0.008213060908019543,0.006741682067513466,,0
4nec2-models/zz_MiniNec/HFbeams/DL9JFT Yagi 14.nec,ok,ok,0.0042678359895944595,0.004715678282082081,,0
4nec2-models/zz_MiniNec/HFbeams/DX415TT.nec,ok,ok,0.29650621209293604,0.189219337888062,1.5670,1
4nec2-models/zz_MiniNec/HFbeams/Diamond Quadx2 14.nec,ok,ok,0.026377602480351925,0.017303261905908585,,0
4nec2-models/zz_MiniNec/HFbeams/JungleJob.nec,ok,ok,0.0036592986434698105,0.004131861962378025,,0
4nec2-models/zz_MiniNec/HFbeams/LPDA15.nec,ok,ok,0.3165862075984478,0.16435236111283302,1.9263,1
4nec2-models/zz_MiniNec/HFbeams/M2CQ.nec,ok,ok,0.016396100632846355,0.014623627066612244,,0
4nec2-models/zz_MiniNec/HFbeams/Rhomb10.nec,ok,ok,0.1968087898567319,0.10638901498168707,1.8499,1
4nec2-models/zz_MiniNec/HFbeams/W2EEY.nec,ok,ok,0.007519994862377644,0.007372534833848476,,0
4nec2-models/zz_MiniNec/HFbeams/XQ20.nec,ok,ok,0.4372462509199977,0.2642505317926407,1.6547,1
4nec2-models/zz_MiniNec/HFbeams/ZL20.nec,ok,ok,0.14632015768438578,0.0900004580616951,1.6258,1
4nec2-models/zz_MiniNec/HFmultiband/10-18-24GP.nec,ok,ok,0.23475507274270058,0.15146169252693653,1.5499,1
4nec2-models/zz_MiniNec/HFmultiband/28_21_14V3.nec,ok,ok,0.0057849399745464325,0.005261659622192383,,0
4nec2-models/zz_MiniNec/HFmultiband/3.5-7-14-28offsetdip-1.nec,ok,ok,0.16742903646081686,0.09181162714958191,1.8236,1
4nec2-models/zz_MiniNec/HFmultiband/3e lTriband Yagi.nec,ok,ok,0.3282809928059578,0.21057291328907013,1.5590,1
4nec2-models/zz_MiniNec/HFmultiband/4_4RZT_2.nec,ok,ok,0.31119862012565136,0.16857606079429388,1.8460,1
4nec2-models/zz_MiniNec/HFmultiband/8b Delta Loop.nec,ok,ok,0.34042132645845413,0.22054296731948853,1.5436,1
4nec2-models/zz_MiniNec/HFmultiband/DBLDP.nec,ok,ok,0.09981146454811096,0.060685005970299244,1.6447,1
4nec2-models/zz_MiniNec/HFmultiband/DUAL2EL.nec,ok,ok,0.08961962070316076,0.05821738578379154,1.5394,1
4nec2-models/zz_MiniNec/HFmultiband/Db54m.nec,ok,ok,0.2785565610975027,0.14022038597613573,1.9866,1
4nec2-models/zz_MiniNec/HFmultiband/Delta160allbands.nec,ok,ok,0.3703948073089123,0.23871078435331583,1.5516,1
4nec2-models/zz_MiniNec/HFmultiband/G5RV.nec,ok,ok,0.3404391845688224,0.21906084474176168,1.5541,1
4nec2-models/zz_MiniNec/HFmultiband/LPDA.nec,ok,ok,0.05437940452247858,0.035214370116591454,,0
4nec2-models/zz_MiniNec/HFmultiband/M2CQW.nec,ok,ok,0.37237822264432907,0.22911472991108894,1.6253,1
4nec2-models/zz_MiniNec/HFmultiband/MCQM.nec,ok,ok,0.012287192046642303,0.009062143042683601,,0
4nec2-models/zz_MiniNec/HFmultiband/MULTDP.nec,ok,ok,0.13281282782554626,0.08199567720293999,1.6198,1
4nec2-models/zz_MiniNec/HFmultiband/MULTDPH.nec,ok,ok,0.18265228159725666,0.11794943921267986,1.5486,1
4nec2-models/zz_MiniNec/HFmultiband/MULTDPHW.nec,ok,ok,0.22768731601536274,0.14694187510758638,1.5495,1
4nec2-models/zz_MiniNec/HFmultiband/MULTDPL.nec,ok,ok,0.35048664174973965,0.22514622937887907,1.5567,1
4nec2-models/zz_MiniNec/HFmultiband/MULTDPW.nec,ok,ok,0.3070641113445163,0.1925603412091732,1.5946,1
4nec2-models/zz_MiniNec/HFmultiband/QuadsUA4IF.nec,ok,ok,0.4122018376365304,0.267305176705122,1.5421,1
4nec2-models/zz_MiniNec/HFmultiband/SHOEBOX.nec,ok,ok,0.009032309986650944,0.00709511898458004,,0
4nec2-models/zz_MiniNec/HFmultiband/TribandQQ.nec,ok,ok,0.4817120572552085,0.217415489256382,2.2156,1
4nec2-models/zz_MiniNec/HFmultiband/WARC open sleeve dip.nec,ok,ok,0.28590969555079937,0.18295401148498058,1.5627,1
4nec2-models/zz_MiniNec/HFshort/05 lamda  deform  GP witn feed line.nec,ok,ok,0.2840139642357826,0.18149777874350548,1.5648,1
4nec2-models/zz_MiniNec/HFshort/28_21_14v3.nec,ok,ok,0.004394472576677799,0.004400908946990967,,0
4nec2-models/zz_MiniNec/HFshort/3el short Yagj W1FBY.nec,ok,ok,0.027945700101554394,0.018701449036598206,,0
4nec2-models/zz_MiniNec/HFshort/4X4NJ -1.nec,ok,ok,0.0041970545426011086,0.004398503340780735,,0
4nec2-models/zz_MiniNec/HFshort/80mDLsh.nec,ok,ok,0.21947510913014412,0.1428642924875021,1.5362,1
4nec2-models/zz_MiniNec/HFshort/Auto with GP.nec,ok,ok,0.13768976833671331,0.0932972738519311,1.4758,1
4nec2-models/zz_MiniNec/HFshort/Dipol3_5-7.nec,ok,ok,0.2712182020768523,0.17290907725691795,1.5686,1
4nec2-models/zz_MiniNec/HFshort/Fractal_1.nec,ok,ok,0.3034404432401061,0.19355426356196404,1.5677,1
4nec2-models/zz_MiniNec/HFshort/Gp40short rad.nec,ok,ok,0.23671510349959135,0.15333972312510014,1.5437,1
4nec2-models/zz_MiniNec/HFshort/Lineload75.nec,ok,ok,0.14588455576449633,0.09460206050425768,1.5421,1
4nec2-models/zz_MiniNec/HFshort/MCQM.nec,ok,ok,0.16061114892363548,0.09339256584644318,1.7197,1
4nec2-models/zz_MiniNec/HFshort/QQ21-14short.nec,ok,ok,0.20344855822622776,0.13252220582216978,1.5352,1
4nec2-models/zz_MiniNec/HFshort/SLOPER.nec,ok,ok,0.07884073257446289,0.05384953785687685,1.4641,1
4nec2-models/zz_MiniNec/HFshort/TRIHAT.nec,ok,ok,0.19345861207693815,0.12602894939482212,1.5350,1
4nec2-models/zz_MiniNec/HFshort/TopCap75.nec,ok,ok,0.08615744486451149,0.05931038036942482,1.4527,1
4nec2-models/zz_MiniNec/HFshort/VDP40.nec,ok,ok,0.07947763986885548,0.05451842676848173,1.4578,1
4nec2-models/zz_MiniNec/HFshort/VDP40B.nec,ok,ok,0.07960070669651031,0.05393964983522892,1.4757,1
4nec2-models/zz_MiniNec/HFshort/VDP40C.nec,ok,ok,0.08199979271739721,0.05456302501261234,1.5028,1
4nec2-models/zz_MiniNec/HFshort/W2EEY.nec,ok,ok,0.039157094433903694,0.024152358062565327,,0
4nec2-models/zz_MiniNec/HFshort/WA1MKP.nec,ok,ok,0.21060910820960999,0.13572830334305763,1.5517,1
4nec2-models/zz_MiniNec/HFshort/field day GP short.nec,ok,ok,0.2124273832887411,0.1373067693784833,1.5471,1
4nec2-models/zz_MiniNec/HFshort/short vetr75.nec,ok,ok,0.15670614130795002,0.1022972697392106,1.5319,1
4nec2-models/zz_MiniNec/HFsimple/160m vert gnd tower.nec,ok,ok,0.4079363979399204,0.2604067884385586,1.5665,1
4nec2-models/zz_MiniNec/HFsimple/80mDLdouble.nec,ok,ok,0.021367225795984268,0.013948220759630203,,0
4nec2-models/zz_MiniNec/HFsimple/CB5_8 lambda.nec,ok,ok,0.09605536051094532,0.06378318928182125,1.5060,1
4nec2-models/zz_MiniNec/HFsimple/COLLINEA.nec,ok,ok,0.23344127647578716,0.15003390982747078,1.5559,1
4nec2-models/zz_MiniNec/HFsimple/DIPOL160.nec,ok,ok,0.3109012320637703,0.199688826687634,1.5569,1
4nec2-models/zz_MiniNec/HFsimple/DP160LD.nec,ok,ok,0.003399590030312538,0.0036454051733016968,,0
4nec2-models/zz_MiniNec/HFsimple/DP20.nec,ok,ok,0.08034838363528252,0.05376432929188013,1.4945,1
4nec2-models/zz_MiniNec/HFsimple/Delta-Gamma.nec,ok,ok,0.00482532475143671,0.004670358262956142,,0
4nec2-models/zz_MiniNec/HFsimple/FD20.nec,ok,ok,0.006481479853391647,0.006281123496592045,,0
4nec2-models/zz_MiniNec/HFsimple/GP with gamma match.nec,ok,ok,0.07683726120740175,0.05176941305398941,1.4842,1
4nec2-models/zz_MiniNec/HFsimple/GP40.nec,ok,ok,0.2791218599304557,0.17772464640438557,1.5705,1
4nec2-models/zz_MiniNec/HFsimple/GP40S.nec,ok,ok,0.19221594650298357,0.12669245898723602,1.5172,1
4nec2-models/zz_MiniNec/HFsimple/Hcollinear14.nec,ok,ok,0.006105704233050346,0.0052104527130723,,0
4nec2-models/zz_MiniNec/HFsimple/Hiquad.nec,ok,ok,0.005211373791098595,0.0050993142649531364,,0
4nec2-models/zz_MiniNec/HFsimple/J-ant28.nec,ok,ok,0.08766574691981077,0.05849601328372955,1.4987,1
4nec2-models/zz_MiniNec/HFsimple/LAZY-H.nec,ok,ok,0.0085529126226902,0.006933314725756645,,0
4nec2-models/zz_MiniNec/HFsimple/LONDQUAD.nec,ok,ok,0.30557750165462494,0.19572895113378763,1.5612,1
4nec2-models/zz_MiniNec/HFsimple/LOOP20.nec,ok,ok,0.00392276793718338,0.004051951691508293,,0
4nec2-models/zz_MiniNec/HFsimple/LOOP20C.nec,ok,ok,0.0037909606471657753,0.003967548720538616,,0
4nec2-models/zz_MiniNec/HFsimple/Piramida.nec,ok,ok,0.2142184255644679,0.13904443476349115,1.5406,1
4nec2-models/zz_MiniNec/HFsimple/VERT20.nec,ok,ok,0.07965026888996363,0.05315417796373367,1.4985,1
4nec2-models/zz_MiniNec/HFsimple/VERT20M.nec,ok,ok,0.08298882283270359,0.056193796917796135,1.4768,1
4nec2-models/zz_MiniNec/HFsimple/VERT53.nec,ok,ok,0.09195544756948948,0.060940432362258434,1.5089,1
4nec2-models/zz_MiniNec/HFsimple/VERT58.nec,ok,ok,0.08855402749031782,0.05937767866998911,1.4914,1
4nec2-models/zz_MiniNec/HFsimple/VP2E 40m.nec,ok,ok,0.2702195094898343,0.17308828607201576,1.5612,1
4nec2-models/zz_MiniNec/HFsimple/VP2E-CW.nec,ok,ok,0.2981523582711816,0.19295778311789036,1.5452,1
4nec2-models/zz_MiniNec/HFsimple/Vcollinear28.nec,ok,ok,0.1923114713281393,0.14171412866562605,1.3570,1
4nec2-models/zz_MiniNec/HFsimple/Vert20s.nec,ok,ok,0.07995329983532429,0.05610195640474558,1.4251,1
4nec2-models/zz_MiniNec/HFsimple/VertUA3SFH.nec,ok,ok,0.08075643610209227,0.054295362904667854,1.4874,1
4nec2-models/zz_MiniNec/HFsimple/WINDOM.nec,ok,ok,0.023474734276533127,0.01361153181642294,,0
4nec2-models/zz_MiniNec/HFsimple/end feer dipole.nec,ok,ok,0.27213193010538816,0.17513925209641457,1.5538,1
4nec2-models/zz_MiniNec/HFsimple/wideInvV80.nec,ok,ok,0.3702268162742257,0.2141687860712409,1.7287,1
4nec2-models/zz_MiniNec/MagLoops/MAGLOOPT.nec,ok,ok,0.1687039379030466,0.056652446277439594,2.9779,1
4nec2-models/zz_MiniNec/Stacks/2X6EL10.nec,ok,ok,0.26051607821136713,0.08804317843168974,2.9590,1
4nec2-models/zz_MiniNec/Stacks/2x4elTwin Delta Loop 145 MHz.nec,ok,ok,0.19818114954978228,0.11568350996822119,1.7131,1
4nec2-models/zz_MiniNec/Stacks/4X12.nec,ok,ok,0.0377727672457695,0.02627649437636137,,0
4nec2-models/zz_MiniNec/Stacks/4xQQ.nec,ok,ok,0.2975149042904377,0.15982257202267647,1.8615,1
4nec2-models/zz_MiniNec/Stacks/syack3el20.nec,ok,ok,0.12807480432093143,0.07607738487422466,1.6835,1
4nec2-models/zz_MiniNec/Stacks/zigzag2x10 el 2 m.nec,ok,ok,0.06535004451870918,0.03822727035731077,,0
4nec2-models/zz_MiniNec/VHFbeams/12CQ430.nec,ok,ok,0.0712840985506773,0.04217732883989811,,0
4nec2-models/zz_MiniNec/VHFbeams/12EL23CM.nec,ok,ok,0.03251228481531143,0.021189138293266296,,0
4nec2-models/zz_MiniNec/VHFbeams/12EL430.nec,ok,ok,0.008161717094480991,0.006969408132135868,,0
4nec2-models/zz_MiniNec/VHFbeams/144-5Yagi.nec,ok,ok,0.006253644824028015,0.005610569380223751,,0
4nec2-models/zz_MiniNec/VHFbeams/15EL23CM.nec,ok,ok,0.02500888705253601,0.015556764788925648,,0
4nec2-models/zz_MiniNec/VHFbeams/3DQ6.nec,ok,ok,0.015635727904736996,0.013101083226501942,,0
4nec2-models/zz_MiniNec/VHFbeams/3HENT.nec,ok,ok,0.01574715133756399,0.011587846092879772,,0
4nec2-models/zz_MiniNec/VHFbeams/4DELTA6.nec,ok,ok,0.018504350446164608,0.012784228660166264,,0
4nec2-models/zz_MiniNec/VHFbeams/4X12.nec,ok,ok,0.0380283510312438,0.026349768042564392,,0
4nec2-models/zz_MiniNec/VHFbeams/5CQ2.nec,ok,ok,0.01861046440899372,0.012974790297448635,,0
4nec2-models/zz_MiniNec/VHFbeams/5ELTWIND.nec,ok,ok,0.06911259330809116,0.041069689206779,,0
4nec2-models/zz_MiniNec/VHFbeams/6EL6MW.nec,ok,ok,0.007459161803126335,0.006363866850733757,,0
4nec2-models/zz_MiniNec/VHFbeams/7EL6M.nec,ok,ok,0.008951447904109955,0.00714727770537138,,0
4nec2-models/zz_MiniNec/VHFbeams/7elQuad_GW4CQT.nec,ok,ok,0.29114553332328796,0.11687247641384602,2.4911,1
4nec2-models/zz_MiniNec/VHFbeams/8EL2MW.nec,ok,ok,0.06005776207894087,0.032139625400304794,,0
4nec2-models/zz_MiniNec/VHFbeams/8EL6M.nec,ok,ok,0.010613294318318367,0.008229651488363743,,0
4nec2-models/zz_MiniNec/VHFbeams/8EL6MW.nec,ok,ok,0.011877822689712048,0.00877798069268465,,0
4nec2-models/zz_MiniNec/VHFbeams/Crosspol144.nec,ok,ok,0.02003976982086897,0.01034538634121418,,0
4nec2-models/zz_MiniNec/VHFbeams/DK7ZB-2.nec,ok,ok,0.007825642824172974,0.004973476752638817,,0
4nec2-models/zz_MiniNec/VHFbeams/MIRROR.nec,ok,ok,2.462109923362732,1.5020012287423015,1.6392,1
4nec2-models/zz_MiniNec/VHFbeams/USN_StarGP.nec,ok,ok,0.007292699068784714,0.006203429773449898,,0
4nec2-models/zz_MiniNec/VHFbeams/f9ft-2-uu4jcr.nec,ok,ok,0.22805011551827192,0.09530658926814795,2.3928,1
4nec2-models/zz_MiniNec/VHFbeams/f9ft-21-432.nec,ok,ok,0.023855317384004593,0.016454297117888927,,0
4nec2-models/zz_MiniNec/VHFsimple/144OMNI.nec,ok,ok,0.003699825145304203,0.003931050188839436,,0
4nec2-models/zz_MiniNec/VHFsimple/6SKYDOOR.nec,ok,ok,0.0047282008454203606,0.004325618036091328,,0
4nec2-models/zz_MiniNec/VHFsimple/CR2.nec,ok,ok,0.10829844605177641,0.06740772910416126,1.6066,1
4nec2-models/zz_MiniNec/VHFsimple/Discon55-200.nec,ok,ok,0.008039562031626701,0.0078016165643930435,,0
4nec2-models/zz_MiniNec/VHFsimple/GP144-435.nec,ok,ok,0.10833281464874744,0.06995906680822372,1.5485,1
4nec2-models/zz_MiniNec/VHFsimple/HENTENNA.nec,ok,ok,0.2124788761138916,0.15026000887155533,1.4141,1
4nec2-models/zz_MiniNec/VHFsimple/Helix145.nec,ok,ok,0.10587289836257696,0.12208256591111422,0.8672,1
4nec2-models/zz_MiniNec/VHFsimple/Isotrop2.nec,ok,ok,0.03538296930491924,0.11811001040041447,,0
4nec2-models/zz_MiniNec/VHFsimple/J-ant144.nec,ok,ok,0.009122795425355434,0.006872663274407387,,0
4nec2-models/zz_MiniNec/VHFsimple/TWIND.nec,ok,ok,0.004128758795559406,0.004301287233829498,,0
4nec2-models/zz_MiniNec/VHFsimple/TWINLOOP.nec,ok,ok,0.0038764197379350662,0.004289691336452961,,0
antenna-modeling/2el-yagi-freespace.nec,ok,ok,0.801606971770525,0.6846664901822805,1.1708,1
antenna-modeling/2el-yagi-halfwl.nec,ok,ok,0.868231556378305,0.7538902116939425,1.1517,1
antenna-modeling/2el-yagi-high.nec,ok,ok,0.8853631382808089,0.7662837281823158,1.1554,1
antenna-modeling/2m-sat-yagi/2m-sat-candidate1-crossed.nec,ok,ok,4.660356323234737,3.2608824241906404,1.4292,1
antenna-modeling/2m-sat-yagi/2m-sat-candidate1-drivenonly-long.nec,ok,ok,1.809173557907343,1.6256707236170769,1.1129,1
antenna-modeling/2m-sat-yagi/2m-sat-candidate1-drivenonly.nec,ok,ok,1.8767847996205091,1.7024089731276035,1.1024,1
antenna-modeling/2m-sat-yagi/2m-sat-candidate1-inorder.nec,ok,ok,4.640112981200218,3.2592471381649375,1.4237,1
antenna-modeling/2m-sat-yagi/2m-sat-candidate1.nec,ok,ok,2.242585456930101,1.6696778079494834,1.3431,1
antenna-modeling/2m-sat-yagi/2m-sat-candidate2-folded-drivenonly.nec,ok,ok,2.5940549978986382,2.1564049795269966,1.2030,1
antenna-modeling/2m-sat-yagi/2m-sat-candidate2-thick-crossed-wide.nec,ok,ok,23.465950122103095,16.20741854980588,1.4479,1
antenna-modeling/2m-sat-yagi/2m-sat-candidate2-thick-crossed.nec,ok,ok,5.86701344512403,4.042141171172261,1.4515,1
antenna-modeling/2m-sat-yagi/2m-sat-candidate2-thick-folded-inorder.nec,ok,ok,2.5909913685172796,1.9512758469209075,1.3278,1
antenna-modeling/2m-sat-yagi/2m-sat-candidate2-thin-folded-inorder.nec,ok,ok,2.613167761825025,1.931987258605659,1.3526,1
antenna-modeling/2m-sat-yagi/bar.nec,ok,ok,5.941430035978556,4.071592345833778,1.4592,1
antenna-modeling/2m-sat-yagi/foo.nec,ok,ok,1.0529022887349129,0.9413750823587179,1.1185,1
antenna-modeling/2m-sat-yagi/thick-300.nec,ok,ok,1.1035628616809845,0.981178923510015,1.1247,1
antenna-modeling/2m-sat-yagi/thick-clearboom.nec,ok,ok,2.62171237077564,2.151734245941043,1.2184,1
antenna-modeling/2m-sat-yagi/thin-5.nec,ok,ok,1.1115484982728958,0.935457062907517,1.1882,1
antenna-modeling/2m-sat-yagi/thin-clearboom.nec,ok,ok,2.5689060762524605,2.192276959307492,1.1718,1
antenna-modeling/2m-sat-yagi/thin.nec,ok,ok,1.064206724986434,0.8660168154165149,1.2289,1
antenna-modeling/2m-yagi-5el-calculated.nec,ok,ok,1.000285418704152,0.7494924096390605,1.3346,1
antenna-modeling/2m-yagi-test1.nec,ok,ok,1.1157319471240044,0.8672685977071524,1.2865,1
antenna-modeling/General 6-Band G3TXQ Broadband Hex Beam.nec,ok,ok,0.837275086902082,0.3454326782375574,2.4238,1
antenna-modeling/barry.nec,ok,ok,0.630144071765244,0.5192722221836448,1.2135,1
antenna-modeling/biqdfeed-fixed.nec,ok,ok,11.802093180827796,8.117001467384398,1.4540,1
antenna-modeling/dipole-10m-gutters.nec,ok,ok,1.3586598858237267,1.0063646920025349,1.3501,1
antenna-modeling/dipole-10m.nec,ok,ok,0.47499850764870644,0.4035537801682949,1.1770,1
antenna-modeling/dipole-12m.nec,ok,ok,0.29119177628308535,0.24801858607679605,1.1741,1
antenna-modeling/dipole-15m.nec,ok,ok,1.1869107158854604,1.0185321308672428,1.1653,1
antenna-modeling/dipole-17m.nec,ok,ok,0.28345279954373837,0.2431306941434741,1.1658,1
antenna-modeling/dipole-20m-gutters.nec,ok,ok,2.5417536944150925,1.8753869468346238,1.3553,1
antenna-modeling/dipole-20m.nec,ok,ok,0.9185979142785072,0.811692020855844,1.1317,1
antenna-modeling/dipole-30m-gutters.nec,ok,ok,0.6867510480806231,0.541668345220387,1.2678,1
antenna-modeling/dipole-30m.nec,ok,ok,0.24952587950974703,0.24439603928476572,1.0210,1
antenna-modeling/dipole-40m-gutters.nec,ok,ok,1.9783834274858236,1.404929118230939,1.4082,1
antenna-modeling/dipole-40m.nec,ok,ok,0.7261453345417976,0.6159190004691482,1.1790,1
antenna-modeling/dipole-80m-gutters.nec,ok,ok,3.1748379236087203,2.1529219895601273,1.4747,1
antenna-modeling/dipole-80m.nec,ok,ok,1.1879043197259307,0.9860672485083342,1.2047,1
antenna-modeling/dipole-sample-freespace.nec,ok,ok,0.5996887441724539,0.5768066830933094,1.0397,1
antenna-modeling/dipole-sample-halfwl.nec,ok,ok,0.6975445719435811,0.6006412142887712,1.1613,1
antenna-modeling/dipole-sample.nec,ok,ok,0.6436783606186509,0.6206190874800086,1.0372,1
antenna-modeling/foo.nec,ok,ok,1.0780566204339266,0.8166971951723099,1.3200,1
antenna-modeling/force12-C3-10m-roof.nec,ok,ok,1.2191422767937183,0.9176949989050627,1.3285,1
antenna-modeling/force12-C3-10m-tower.nec,ok,ok,1.217847433872521,0.9436915451660752,1.2905,1
antenna-modeling/force12-C3-12m-roof.nec,ok,ok,0.7682123426347971,0.5606130063533783,1.3703,1
antenna-modeling/force12-C3-12m-tower.nec,ok,ok,0.7365609901025891,0.5663080625236034,1.3006,1
antenna-modeling/force12-C3-15m-roof.nec,ok,ok,3.0098213218152523,2.3121290542185307,1.3018,1
antenna-modeling/force12-C3-15m-tower.nec,ok,ok,3.0153453601524234,2.3418477810919285,1.2876,1
antenna-modeling/force12-C3-17m-roof.nec,ok,ok,0.7290245499461889,0.6137587781995535,1.1878,1
antenna-modeling/force12-C3-17m-tower.nec,ok,ok,0.7693096045404673,0.5517392940819263,1.3943,1
antenna-modeling/force12-C3-20m-roof.nec,ok,ok,2.2840157905593514,1.7445349600166082,1.3092,1
antenna-modeling/force12-C3-20m-tower.nec,ok,ok,2.309436555020511,1.7930618785321712,1.2880,1
antenna-modeling/force12-C3.nec,ok,ok,2.0699639935046434,1.6280918577685952,1.2714,1
antenna-modeling/gbhoyt.nec,ok,ok,35.597310532815754,23.534888056106865,1.5125,1
antenna-modeling/hexbeam-20m.nec,ok,ok,1.1801183447241783,0.963015578687191,1.2254,1
antenna-modeling/log_per.nec,ok,ok,0.13477191608399153,0.09961790312081575,1.3529,1
antenna-modeling/rotatable-dipole-40m.nec,ok,ok,0.7013279795646667,0.58545115403831,1.1979,1
antenna-modeling/vertical-sample.nec,ok,ok,14.153680981136858,7.048607320524752,2.0080,1
antenna-modeling/yagi.nec,ok,ok,1.0791791453957558,0.8105114558711648,1.3315,1
antenna-modeling/yagitools/2m-sat-candidate1-crossed.nec,ok,ok,2.302454050630331,1.6150997886434197,1.4256,1
antenna-modeling/yagitools/2m-sat-candidate1-drivenonly.nec,ok,ok,1.8859487297013402,1.6339115416631103,1.1543,1
antenna-modeling/yagitools/2m-sat-candidate1-inorder.nec,ok,ok,2.2955063097178936,1.6680749403312802,1.3761,1
antenna-modeling/yagitools/2m-sat-candidate1.nec,ok,ok,1.1468575075268745,0.8349105222150683,1.3736,1
antenna-modeling/yagitools/ON6MU-adjusted.nec,ok,ok,6.660674140788615,5.05135306622833,1.3186,1
antenna-modeling/yagitools/ON6MU-adjusted2.nec,ok,ok,6.634925439953804,5.006866226904094,1.3252,1
antenna-modeling/yagitools/ON6MU-adjusted3.nec,ok,ok,6.692692500539124,5.037856582552195,1.3285,1
antenna-modeling/yagitools/ON6MU-adjusted4-allthick.nec,ok,ok,2.275892917998135,1.709567753598094,1.3313,1
antenna-modeling/yagitools/ON6MU-adjusted4-refthick.nec,ok,ok,2.2146507035940886,1.6907410323619843,1.3099,1
antenna-modeling/yagitools/ON6MU-adjusted4.nec,ok,ok,2.2369901733472943,1.7289872262626886,1.2938,1
antenna-modeling/yagitools/ON6MU.nec,ok,ok,6.712168508209288,5.1386248003691435,1.3062,1
antenna-modeling/yagitools/dipole.nec,ok,ok,0.4983850661665201,0.42402292508631945,1.1754,1
antenna-modeling/yagitools/foo.nec,ok,ok,0.9410204570740461,0.7282751351594925,1.2921,1
arcanum/dumbbell-ori.nec,ok,ok,0.02387239784002304,0.021312975324690342,,0
arcanum/half-wave-dipole.nec,ok,ok,0.015403663739562035,0.015022559091448784,,0
arcanum/yagi-3el.nec,ok,ok,0.019805616699159145,0.018610380589962006,,0
arrl/DIP.nec,ok,ok,0.006017139181494713,0.006187137216329575,,0
arrl/LOOP.nec,ok-no-source,ok-no-source,0.0029655704274773598,0.0034176716580986977,,0
arrl/LPER.nec,ok,ok,0.03596880752593279,0.03068878222256899,,0
arrl/W1JR.nec,ok,ok,0.030917112715542316,0.02066461555659771,,0
arthurcadore/dipole/SimpleReflector.nec,ok,ok,0.0032614367082715034,0.0037104468792676926,,0
arthurcadore/dipole/phaseShift16Arragement.nec,ok,ok,0.04546061530709267,0.02622402086853981,,0
arthurcadore/dipole/simple2Arragment.nec,ok,ok,0.003800753504037857,0.004147164523601532,,0
arthurcadore/dipole/simple4Arragment.nec,ok,ok,0.005771566182374954,0.005187694914638996,,0
arthurcadore/dipole/turnStile.nec,ok,ok,0.006008433178067207,0.005535447038710117,,0
arthurcadore/helical/helical-simple.nec,ok,ok,0.08862810023128986,0.07226207572966814,1.2265,1
arthurcadore/yagiUda/yagi4Directors.nec,ok,ok,0.008633874356746674,0.006945996545255184,,0
cebik-w4rnl/Basic-Intermediate-Tutorial-Models/EZNEC/partc/20-6-4.nec,ok,ok,0.012042691931128502,0.00919270794838667,,0
cebik-w4rnl/Basic-Intermediate-Tutorial-Models/Tutorial-1/1-1.nec,ok,ok,0.2720588864758611,0.17617223970592022,1.5443,1
cebik-w4rnl/Basic-Intermediate-Tutorial-Models/Tutorial-1/10-1-1.nec,ok,ok,0.014178463257849216,0.011562716215848923,,0
cebik-w4rnl/Basic-Intermediate-Tutorial-Models/Tutorial-1/10-1-2.nec,ok,ok,0.014023138210177422,0.01149297971278429,,0
cebik-w4rnl/Basic-Intermediate-Tutorial-Models/Tutorial-1/10-1-3.nec,ok,ok,0.014049612917006016,0.011539953760802746,,0
cebik-w4rnl/Basic-Intermediate-Tutorial-Models/Tutorial-1/10-1-3A.nec,ok,ok,0.01414024829864502,0.011950639076530933,,0
cebik-w4rnl/Basic-Intermediate-Tutorial-Models/Tutorial-1/10-1-4.nec,ok,ok,0.01415214966982603,0.011568412184715271,,0
cebik-w4rnl/Basic-Intermediate-Tutorial-Models/Tutorial-1/10-2-1.nec,ok,ok,0.031268888153135777,0.019587035290896893,,0
cebik-w4rnl/Basic-Intermediate-Tutorial-Models/Tutorial-1/10-2-2.nec,ok,ok,0.028200426138937473,0.0194372171536088,,0
cebik-w4rnl/Basic-Intermediate-Tutorial-Models/Tutorial-1/10-2-3.nec,ok,ok,0.028556608594954014,0.0194861963391304,,0
cebik-w4rnl/Basic-Intermediate-Tutorial-Models/Tutorial-1/10-2-3A.nec,ok,ok,0.05340493097901344,0.03346091415733099,,0
cebik-w4rnl/Basic-Intermediate-Tutorial-Models/Tutorial-1/10-2-4.nec,ok,ok,0.028577077202498913,0.01964419335126877,,0
cebik-w4rnl/Basic-Intermediate-Tutorial-Models/Tutorial-1/10-3-1.nec,ok,ok,0.012359553016722202,0.010109820403158665,,0
cebik-w4rnl/Basic-Intermediate-Tutorial-Models/Tutorial-1/10-3-2.nec,ok,ok,0.00513820257037878,0.005420737899839878,,0
cebik-w4rnl/Basic-Intermediate-Tutorial-Models/Tutorial-1/10-4-1.nec,ok,ok,0.009040419943630695,0.0076645733788609505,,0
cebik-w4rnl/Basic-Intermediate-Tutorial-Models/Tutorial-1/10-4-2.nec,ok,ok,0.009408003650605679,0.00792081467807293,,0
cebik-w4rnl/Basic-Intermediate-Tutorial-Models/Tutorial-1/10-5-1.nec,ok,ok,0.007339391857385635,0.007101765833795071,,0
cebik-w4rnl/Basic-Intermediate-Tutorial-Models/Tutorial-1/10-5-2.nec,ok,ok,0.007353058084845543,0.007082747295498848,,0
cebik-w4rnl/Basic-Intermediate-Tutorial-Models/Tutorial-1/11-1-1.nec,ok,ok,0.08192702010273933,0.04717603512108326,,0
cebik-w4rnl/Basic-Intermediate-Tutorial-Models/Tutorial-1/11-1-2.nec,ok,ok,0.3088059648871422,0.16327821090817451,1.8913,1
cebik-w4rnl/Basic-Intermediate-Tutorial-Models/Tutorial-1/11-1-3.nec,ok,ok,0.3111172094941139,0.1597361695021391,1.9477,1
cebik-w4rnl/Basic-Intermediate-Tutorial-Models/Tutorial-1/11-1.nec,ok,ok,0.05231557320803404,0.032472589053213596,,0
cebik-w4rnl/Basic-Intermediate-Tutorial-Models/Tutorial-1/11-2-1.nec,ok,ok,0.2761271456256509,0.1775703877210617,1.5550,1
cebik-w4rnl/Basic-Intermediate-Tutorial-Models/Tutorial-1/11-2.nec,ok,ok,0.006512059830129147,0.006413509137928486,,0
cebik-w4rnl/Basic-Intermediate-Tutorial-Models/Tutorial-1/11-3-1.nec,ok,ok,0.309609018266201,0.21813838090747595,1.4193,1
cebik-w4rnl/Basic-Intermediate-Tutorial-Models/Tutorial-1/11-3.nec,ok,ok,0.012767700478434563,0.11299547739326954,,0
cebik-w4rnl/Basic-Intermediate-Tutorial-Models/Tutorial-1/11-4.nec,ok,ok,0.009448333643376827,0.10278221592307091,,0
cebik-w4rnl/Basic-Intermediate-Tutorial-Models/Tutorial-1/11-5.nec,ok,ok,0.01259603537619114,0.10287950374186039,,0
cebik-w4rnl/Basic-Intermediate-Tutorial-Models/Tutorial-1/11-6-1.nec,ok,ok,0.3087763749063015,0.26229228638112545,1.1772,1
cebik-w4rnl/Basic-Intermediate-Tutorial-Models/Tutorial-1/11-6.nec,ok,ok,0.3092734646052122,0.28774928860366344,1.0748,1
cebik-w4rnl/Basic-Intermediate-Tutorial-Models/Tutorial-1/11-7-1.nec,ok,ok,0.25516293197870255,0.16718247346580029,1.5263,1
cebik-w4rnl/Basic-Intermediate-Tutorial-Models/Tutorial-1/11-7.nec,ok,ok,0.25970303546637297,0.09722092840820551,2.6713,1
cebik-w4rnl/Basic-Intermediate-Tutorial-Models/Tutorial-1/11-8-1.nec,ok,ok,0.1696767946705222,0.05470516346395016,3.1017,1
cebik-w4rnl/Basic-Intermediate-Tutorial-Models/Tutorial-1/11-8-1a.nec,ok,ok,0.16963906958699226,0.05483358073979616,3.0937,1
cebik-w4rnl/Basic-Intermediate-Tutorial-Models/Tutorial-1/11-8-1b.nec,ok,ok,0.17044106125831604,0.051743557676672935,3.2940,1
cebik-w4rnl/Basic-Intermediate-Tutorial-Models/Tutorial-1/11-8-1c.nec,ok,ok,0.1850717943161726,0.051651813089847565,3.5831,1
cebik-w4rnl/Basic-Intermediate-Tutorial-Models/Tutorial-1/11-8.nec,ok,ok,0.08117409516125917,0.05586735438555479,1.4530,1
cebik-w4rnl/Basic-Intermediate-Tutorial-Models/Tutorial-1/11-8a.nec,ok,ok,0.08178949449211359,0.056201569736003876,1.4553,1
cebik-w4rnl/Basic-Intermediate-Tutorial-Models/Tutorial-1/12-1.nec,ok,ok,0.0050295088440179825,0.005264592356979847,,0
cebik-w4rnl/Basic-Intermediate-Tutorial-Models/Tutorial-1/12-1A.nec,ok,ok,0.0052351029589772224,0.005203339271247387,,0
cebik-w4rnl/Basic-Intermediate-Tutorial-Models/Tutorial-1/12-2.nec,ok,ok,0.007170954719185829,0.006186741404235363,,0
cebik-w4rnl/Basic-Intermediate-Tutorial-Models/Tutorial-1/12-2A.nec,ok,ok,0.005198176018893719,0.0053156279027462006,,0
cebik-w4rnl/Basic-Intermediate-Tutorial-Models/Tutorial-1/12-3-1.nec,ok,ok,0.0102643221616745,0.008872306905686855,,0
cebik-w4rnl/Basic-Intermediate-Tutorial-Models/Tutorial-1/12-3.nec,ok,ok,0.01013222523033619,0.00875973328948021,,0
cebik-w4rnl/Basic-Intermediate-Tutorial-Models/Tutorial-1/12-4-1.nec,ok,ok,0.007098725996911526,0.00731334462761879,,0
cebik-w4rnl/Basic-Intermediate-Tutorial-Models/Tutorial-1/12-4-2.nec,ok,ok,0.006010085344314575,0.006029875949025154,,0
cebik-w4rnl/Basic-Intermediate-Tutorial-Models/Tutorial-1/12-4.nec,ok,ok,0.006211136467754841,0.008107130415737629,,0
cebik-w4rnl/Basic-Intermediate-Tutorial-Models/Tutorial-1/12-5-14.nec,ok,ok,0.4202989786863327,0.19362651463598013,2.1707,1
cebik-w4rnl/Basic-Intermediate-Tutorial-Models/Tutorial-1/12-5-18.nec,ok,ok,0.38821782544255257,0.17781107686460018,2.1833,1
cebik-w4rnl/Basic-Intermediate-Tutorial-Models/Tutorial-1/12-5-24.nec,ok,ok,0.3036684300750494,0.1240680105984211,2.4476,1
cebik-w4rnl/Basic-Intermediate-Tutorial-Models/Tutorial-1/12-5-28.nec,ok,ok,0.3041652701795101,0.12356328126043081,2.4616,1
cebik-w4rnl/Basic-Intermediate-Tutorial-Models/Tutorial-1/12-5.nec,ok,ok,0.3829825706779957,0.17378337401896715,2.2038,1
cebik-w4rnl/Basic-Intermediate-Tutorial-Models/Tutorial-1/12-6-1.nec,ok,ok,0.00545104406774044,0.005561884492635727,,0
cebik-w4rnl/Basic-Intermediate-Tutorial-Models/Tutorial-1/12-6.nec,ok,ok,0.005125632509589195,0.005222144536674023,,0
cebik-w4rnl/Basic-Intermediate-Tutorial-Models/Tutorial-1/12-6A.nec,ok,ok,0.005478742532432079,0.005559709854424,,0
cebik-w4rnl/Basic-Intermediate-Tutorial-Models/Tutorial-1/12-7.nec,ok,ok,0.014104513451457024,0.011143124662339687,,0
cebik-w4rnl/Basic-Intermediate-Tutorial-Models/Tutorial-1/12-7A.nec,ok,ok,0.03575195651501417,0.023428496904671192,,0
cebik-w4rnl/Basic-Intermediate-Tutorial-Models/Tutorial-1/12-7B.nec,ok,ok,0.07182603143155575,0.04303039237856865,,0
cebik-w4rnl/Basic-Intermediate-Tutorial-Models/Tutorial-1/13-1-1.nec,ok,ok,0.005027052015066147,0.005325484089553356,,0
cebik-w4rnl/Basic-Intermediate-Tutorial-Models/Tutorial-1/13-1.nec,ok,ok,0.004957079887390137,0.005341400392353535,,0
cebik-w4rnl/Basic-Intermediate-Tutorial-Models/Tutorial-1/13-2-1.nec,ok,ok,0.0068977149203419685,0.006616638973355293,,0
cebik-w4rnl/Basic-Intermediate-Tutorial-Models/Tutorial-1/13-2.nec,ok,ok,0.005046048201620579,0.005367012694478035,,0
cebik-w4rnl/Basic-Intermediate-Tutorial-Models/Tutorial-1/13-2a.nec,ok,ok,0.005354695953428745,0.005593680776655674,,0
cebik-w4rnl/Basic-Intermediate-Tutorial-Models/Tutorial-1/13-3-1.nec,ok,ok,0.007795718498528004,0.010620061308145523,,0
cebik-w4rnl/Basic-Intermediate-Tutorial-Models/Tutorial-1/13-3.nec,ok,ok,0.007758120074868202,0.007049078121781349,,0
cebik-w4rnl/Basic-Intermediate-Tutorial-Models/Tutorial-1/13-4-1.nec,ok,ok,0.012627108953893185,0.010208720341324806,,0
cebik-w4rnl/Basic-Intermediate-Tutorial-Models/Tutorial-1/13-4.nec,ok,ok,0.012637811712920666,0.010224493220448494,,0
cebik-w4rnl/Basic-Intermediate-Tutorial-Models/Tutorial-1/13-5.nec,ok,ok,0.007760120555758476,0.0095992311835289,,0
cebik-w4rnl/Basic-Intermediate-Tutorial-Models/Tutorial-1/13-6.nec,ok,ok,0.2797417053952813,0.17934112530201674,1.5598,1
cebik-w4rnl/Basic-Intermediate-Tutorial-Models/Tutorial-1/13-7-1.nec,ok,ok,0.29068547394126654,0.18636700604110956,1.5597,1
cebik-w4rnl/Basic-Intermediate-Tutorial-Models/Tutorial-1/13-7.nec,ok,ok,0.27949985582381487,0.17918101605027914,1.5599,1
cebik-w4rnl/Basic-Intermediate-Tutorial-Models/Tutorial-1/13-7a.nec,ok,ok,0.27916841208934784,0.18131111655384302,1.5397,1
cebik-w4rnl/Basic-Intermediate-Tutorial-Models/Tutorial-1/13-8-1.nec,ok,ok,0.009507209062576294,0.012679393403232098,,0
cebik-w4rnl/Basic-Intermediate-Tutorial-Models/Tutorial-1/13-8-1a.nec,ok,ok,0.039667919278144836,0.032491130754351616,,0
cebik-w4rnl/Basic-Intermediate-Tutorial-Models/Tutorial-1/13-8-2.nec,ok,ok,0.009538711048662663,0.008486182428896427,,0
cebik-w4rnl/Basic-Intermediate-Tutorial-Models/Tutorial-1/13-8-2a.nec,ok,ok,0.042138840071856976,0.04133816435933113,,0
cebik-w4rnl/Basic-Intermediate-Tutorial-Models/Tutorial-1/13-8.nec,ok,ok,0.009435761719942093,0.00863235630095005,,0
cebik-w4rnl/Basic-Intermediate-Tutorial-Models/Tutorial-1/13-8a.nec,ok,ok,0.039781032130122185,0.03221729211509228,,0
cebik-w4rnl/Basic-Intermediate-Tutorial-Models/Tutorial-1/13-9-10.nec,ok,ok,0.009427221491932869,0.008201942779123783,,0
cebik-w4rnl/Basic-Intermediate-Tutorial-Models/Tutorial-1/13-9-20.nec,ok,ok,0.008979137055575848,0.021120034158229828,,0
cebik-w4rnl/Basic-Intermediate-Tutorial-Models/Tutorial-1/14-1-1.nec,ok,ok,0.6949786711484194,0.44068620540201664,1.5770,1
cebik-w4rnl/Basic-Intermediate-Tutorial-Models/Tutorial-1/14-1-2.nec,ok,ok,0.6938578495755792,0.4475718764588237,1.5503,1
cebik-w4rnl/Basic-Intermediate-Tutorial-Models/Tutorial-1/14-1-3.nec,ok,ok,0.6955376481637359,0.44270462449640036,1.5711,1
cebik-w4rnl/Basic-Intermediate-Tutorial-Models/Tutorial-1/14-1.nec,ok,ok,0.32272767648100853,0.21103359293192625,1.5293,1
cebik-w4rnl/Basic-Intermediate-Tutorial-Models/Tutorial-1/14-2-1.nec,ok,ok,0.013156086206436157,0.009835442528128624,,0
cebik-w4rnl/Basic-Intermediate-Tutorial-Models/Tutorial-1/14-2.nec,ok,ok,0.00999225489795208,0.008089150302112103,,0
cebik-w4rnl/Basic-Intermediate-Tutorial-Models/Tutorial-1/14-3-1.nec,ok,ok,0.02044201549142599,0.01839932706207037,,0
cebik-w4rnl/Basic-Intermediate-Tutorial-Models/Tutorial-1/14-3-2.nec,ok,ok,0.020842645317316055,0.018826104700565338,,0
cebik-w4rnl/Basic-Intermediate-Tutorial-Models/Tutorial-1/14-3.nec,ok,ok,0.019669403322041035,0.01792678888887167,,0
cebik-w4rnl/Basic-Intermediate-Tutorial-Models/Tutorial-1/14-4-1.nec,ok,ok,1.0748312016949058,0.6856823358684778,1.5675,1
cebik-w4rnl/Basic-Intermediate-Tutorial-Models/Tutorial-1/14-4-2.nec,ok,ok,1.0802240911871195,0.6819384088739753,1.5840,1
cebik-w4rnl/Basic-Intermediate-Tutorial-Models/Tutorial-1/14-4.nec,ok,ok,1.0769230388104916,0.6814507218077779,1.5803,1
cebik-w4rnl/Basic-Intermediate-Tutorial-Models/Tutorial-1/14-5-1.nec,ok,ok,0.07249709591269493,0.04594280943274498,,0
cebik-w4rnl/Basic-Intermediate-Tutorial-Models/Tutorial-1/14-5-2.nec,ok,ok,0.07517531421035528,0.04831442981958389,,0
cebik-w4rnl/Basic-Intermediate-Tutorial-Models/Tutorial-1/14-5-3.nec,ok,ok,0.07559454441070557,0.04833698086440563,,0
cebik-w4rnl/Basic-Intermediate-Tutorial-Models/Tutorial-1/14-5.nec,ok,ok,0.021112609654664993,0.014956292696297169,,0
cebik-w4rnl/Basic-Intermediate-Tutorial-Models/Tutorial-1/14-6-1.nec,ok,ok,0.021290396340191364,0.019055205397307873,,0
cebik-w4rnl/Basic-Intermediate-Tutorial-Models/Tutorial-1/14-6.nec,ok,ok,0.005902010947465897,0.005930095911026001,,0
cebik-w4rnl/Basic-Intermediate-Tutorial-Models/Tutorial-1/15-1-1.nec,ok,ok,0.008076350204646587,0.007338636554777622,,0
cebik-w4rnl/Basic-Intermediate-Tutorial-Models/Tutorial-1/15-1.nec,ok,ok,0.007726076990365982,0.006526049226522446,,0
cebik-w4rnl/Basic-Intermediate-Tutorial-Models/Tutorial-1/15-1A.nec,ok,ok,0.006544832140207291,0.005907229147851467,,0
cebik-w4rnl/Basic-Intermediate-Tutorial-Models/Tutorial-1/15-1B.nec,ok,ok,0.005535870790481567,0.005242491140961647,,0
cebik-w4rnl/Basic-Intermediate-Tutorial-Models/Tutorial-1/15-1C.nec,ok,ok,0.004732213914394379,0.004769722931087017,,0
cebik-w4rnl/Basic-Intermediate-Tutorial-Models/Tutorial-1/15-1D.nec,ok,ok,0.0042092520743608475,0.004350287839770317,,0
cebik-w4rnl/Basic-Intermediate-Tutorial-Models/Tutorial-1/15-2-12P.nec,ok,ok,0.015089677646756172,0.01140441745519638,,0
cebik-w4rnl/Basic-Intermediate-Tutorial-Models/Tutorial-1/15-2-12S.nec,ok,ok,0.009975561872124672,0.008438518270850182,,0
cebik-w4rnl/Basic-Intermediate-Tutorial-Models/Tutorial-1/15-2-16P.nec,ok,ok,0.019251175224781036,0.013927263207733631,,0
cebik-w4rnl/Basic-Intermediate-Tutorial-Models/Tutorial-1/15-2-16S.nec,ok,ok,0.011661809869110584,0.009115036576986313,,0
cebik-w4rnl/Basic-Intermediate-Tutorial-Models/Tutorial-1/15-2-24P.nec,ok,ok,0.029712073504924774,0.020294207148253918,,0
cebik-w4rnl/Basic-Intermediate-Tutorial-Models/Tutorial-1/15-2-24S.nec,ok,ok,0.01579202339053154,0.011817056685686111,,0
cebik-w4rnl/Basic-Intermediate-Tutorial-Models/Tutorial-1/15-2-32P.nec,ok,ok,0.04312816169112921,0.028455529361963272,,0
cebik-w4rnl/Basic-Intermediate-Tutorial-Models/Tutorial-1/15-2-32S.nec,ok,ok,0.020200783386826515,0.015127836726605892,,0
cebik-w4rnl/Basic-Intermediate-Tutorial-Models/Tutorial-1/15-2-3P.nec,ok,ok,0.0084078973159194,0.007079778239130974,,0
cebik-w4rnl/Basic-Intermediate-Tutorial-Models/Tutorial-1/15-2-3S.nec,ok,ok,0.006954895332455635,0.006115773692727089,,0
cebik-w4rnl/Basic-Intermediate-Tutorial-Models/Tutorial-1/15-2-4P.nec,ok,ok,0.009270883165299892,0.007575931027531624,,0
cebik-w4rnl/Basic-Intermediate-Tutorial-Models/Tutorial-1/15-2-4S.nec,ok,ok,0.007117715664207935,0.006236720830202103,,0
cebik-w4rnl/Basic-Intermediate-Tutorial-Models/Tutorial-1/15-2-6P.nec,ok,ok,0.009868413209915161,0.008029397577047348,,0
cebik-w4rnl/Basic-Intermediate-Tutorial-Models/Tutorial-1/15-2-6S.nec,ok,ok,0.007803665474057198,0.0066742124035954475,,0
cebik-w4rnl/Basic-Intermediate-Tutorial-Models/Tutorial-1/15-2-8P.nec,ok,ok,0.0113158468157053,0.008936609141528606,,0
cebik-w4rnl/Basic-Intermediate-Tutorial-Models/Tutorial-1/15-2-8S.nec,ok,ok,0.008447389118373394,0.00714364368468523,,0
cebik-w4rnl/Basic-Intermediate-Tutorial-Models/Tutorial-1/15-3-1.nec,ok,ok,0.005870396271348,0.005760227330029011,,0
cebik-w4rnl/Basic-Intermediate-Tutorial-Models/Tutorial-1/15-3-1A.nec,ok,ok,0.10164294485002756,0.06726317759603262,1.5111,1
cebik-w4rnl/Basic-Intermediate-Tutorial-Models/Tutorial-1/15-3-1B.nec,ok,ok,0.09833531640470028,0.06172519363462925,1.5931,1
cebik-w4rnl/Basic-Intermediate-Tutorial-Models/Tutorial-1/15-3-1C.nec,ok,ok,0.0882889935746789,0.05853666737675667,1.5083,1
cebik-w4rnl/Basic-Intermediate-Tutorial-Models/Tutorial-1/15-3-2.nec,ok,ok,0.009008277207612991,0.007846152409911156,,0
cebik-w4rnl/Basic-Intermediate-Tutorial-Models/Tutorial-1/15-3-2A.nec,ok,ok,0.12762957159429789,0.08071006275713444,1.5813,1
cebik-w4rnl/Basic-Intermediate-Tutorial-Models/Tutorial-1/15-3-2B.nec,ok,ok,0.11748880799859762,0.07474363129585981,1.5719,1
cebik-w4rnl/Basic-Intermediate-Tutorial-Models/Tutorial-1/15-3-2C.nec,ok,ok,0.11277645081281662,0.0713924365118146,1.5797,1
cebik-w4rnl/Basic-Intermediate-Tutorial-Models/Tutorial-1/15-3-3.nec,ok,ok,0.017516836524009705,0.014975561760365963,,0
cebik-w4rnl/Basic-Intermediate-Tutorial-Models/Tutorial-1/15-3-3A.nec,ok,ok,0.21171520836651325,0.12484265677630901,1.6959,1
cebik-w4rnl/Basic-Intermediate-Tutorial-Models/Tutorial-1/15-3-3B.nec,ok,ok,0.19790771044790745,0.11747530661523342,1.6847,1
cebik-w4rnl/Basic-Intermediate-Tutorial-Models/Tutorial-1/15-3-3C.nec,ok,ok,0.18952284194529057,0.11226964835077524,1.6881,1
cebik-w4rnl/Basic-Intermediate-Tutorial-Models/Tutorial-1/15-3-4.nec,ok,ok,0.04839979950338602,0.039127808064222336,,0
cebik-w4rnl/Basic-Intermediate-Tutorial-Models/Tutorial-1/15-3-4A.nec,ok,ok,0.5188554059714079,0.2839496349915862,1.8273,1
cebik-w4rnl/Basic-Intermediate-Tutorial-Models/Tutorial-1/15-3-4b.nec,ok,ok,0.4872985705733299,0.26932494807988405,1.8093,1
cebik-w4rnl/Basic-Intermediate-Tutorial-Models/Tutorial-1/15-3-4c.nec,ok,ok,0.4611058384180069,0.26399981416761875,1.7466,1
cebik-w4rnl/Basic-Intermediate-Tutorial-Models/Tutorial-1/15-4-0.nec,ok,ok,0.09304675739258528,0.06295426189899445,1.4780,1
cebik-w4rnl/Basic-Intermediate-Tutorial-Models/Tutorial-1/15-4-0a.nec,ok,ok,0.2848891392350197,0.17894804012030363,1.5920,1
cebik-w4rnl/Basic-Intermediate-Tutorial-Models/Tutorial-1/15-4-0b.nec,ok,ok,0.28385686222463846,0.17842974420636892,1.5909,1
cebik-w4rnl/Basic-Intermediate-Tutorial-Models/Tutorial-1/15-4-0c.nec,ok,ok,0.2828185623511672,0.177936096675694,1.5894,1
cebik-w4rnl/Basic-Intermediate-Tutorial-Models/Tutorial-1/15-4-30.nec,ok,ok,0.09189749509096146,0.061397786252200603,1.4968,1
cebik-w4rnl/Basic-Intermediate-Tutorial-Models/Tutorial-1/15-4-30a.nec,ok,ok,0.28058290760964155,0.1784637365490198,1.5722,1
cebik-w4rnl/Basic-Intermediate-Tutorial-Models/Tutorial-1/15-4-30b.nec,ok,ok,0.28030820470303297,0.17845627758651972,1.5707,1
cebik-w4rnl/Basic-Intermediate-Tutorial-Models/Tutorial-1/15-4-45.nec,ok,ok,0.0928936367854476,0.061175704933702946,1.5185,1
cebik-w4rnl/Basic-Intermediate-Tutorial-Models/Tutorial-1/15-4-45a.nec,ok,ok,0.1895006811246276,0.12373635359108448,1.5315,1
cebik-w4rnl/Basic-Intermediate-Tutorial-Models/Tutorial-1/15-4-45b.nec,ok,ok,0.19050016067922115,0.12336068972945213,1.5443,1
cebik-w4rnl/Basic-Intermediate-Tutorial-Models/Tutorial-1/15-4-60.nec,ok,ok,0.08980071730911732,0.06126074679195881,1.4659,1
cebik-w4rnl/Basic-Intermediate-Tutorial-Models/Tutorial-1/15-4-60a.nec,ok,ok,0.19123371597379446,0.12314785271883011,1.5529,1
cebik-w4rnl/Basic-Intermediate-Tutorial-Models/Tutorial-1/15-4-60b.nec,ok,ok,0.1893238127231598,0.12370522785931826,1.5304,1
cebik-w4rnl/Basic-Intermediate-Tutorial-Models/Tutorial-1/15-5-32.nec,ok,ok,0.5968909496441483,0.3836447736248374,1.5558,1
cebik-w4rnl/Basic-Intermediate-Tutorial-Models/Tutorial-1/15-5-32A.nec,ok,ok,0.5954538295045495,0.3859065379947424,1.5430,1
cebik-w4rnl/Basic-Intermediate-Tutorial-Models/Tutorial-1/15-5-32B.nec,ok,ok,0.5965992165729403,0.38367586582899094,1.5550,1
cebik-w4rnl/Basic-Intermediate-Tutorial-Models/Tutorial-1/15-5-32C.nec,ok,ok,0.5844696080312133,0.37975229881703854,1.5391,1
cebik-w4rnl/Basic-Intermediate-Tutorial-Models/Tutorial-1/15-5-4.nec,ok,ok,0.2816346390172839,0.1791902333498001,1.5717,1
cebik-w4rnl/Basic-Intermediate-Tutorial-Models/Tutorial-1/15-5-4A.nec,ok,ok,0.2796152252703905,0.17911845725029707,1.5611,1
cebik-w4rnl/Basic-Intermediate-Tutorial-Models/Tutorial-1/15-5-4B.nec,ok,ok,0.28007150162011385,0.1808903655037284,1.5483,1
cebik-w4rnl/Basic-Intermediate-Tutorial-Models/Tutorial-1/15-5-4C.nec,ok,ok,0.27918876335024834,0.1795771410688758,1.5547,1
cebik-w4rnl/Basic-Intermediate-Tutorial-Models/Tutorial-1/15-6-1.nec,ok,ok,0.004546997137367725,0.004606034606695175,,0
cebik-w4rnl/Basic-Intermediate-Tutorial-Models/Tutorial-1/15-6-1a.nec,ok,ok,0.004399259574711323,0.004573404788970947,,0
cebik-w4rnl/Basic-Intermediate-Tutorial-Models/Tutorial-1/15-6-1b.nec,ok,ok,0.004388275556266308,0.004692737013101578,,0
cebik-w4rnl/Basic-Intermediate-Tutorial-Models/Tutorial-1/15-6-1c.nec,ok,ok,0.004437853582203388,0.004785124212503433,,0
cebik-w4rnl/Basic-Intermediate-Tutorial-Models/Tutorial-1/15-6-2a.nec,ok,ok,0.5968648996204138,0.385905341245234,1.5467,1
cebik-w4rnl/Basic-Intermediate-Tutorial-Models/Tutorial-1/15-6-2b.nec,ok,ok,0.5933572137728333,0.3866303702816367,1.5347,1
cebik-w4rnl/Basic-Intermediate-Tutorial-Models/Tutorial-1/15-6-2c.nec,ok,ok,0.5996763650327921,0.3863203963264823,1.5523,1
cebik-w4rnl/Basic-Intermediate-Tutorial-Models/Tutorial-1/16-1-1.nec,ok,ok,0.006763310171663761,0.006205199286341667,,0
cebik-w4rnl/Basic-Intermediate-Tutorial-Models/Tutorial-1/16-1-2.nec,ok,ok,0.006542163901031017,0.0066439444199204445,,0
cebik-w4rnl/Basic-Intermediate-Tutorial-Models/Tutorial-1/16-2-1.nec,ok,ok,0.006223388947546482,0.00567223783582449,,0
cebik-w4rnl/Basic-Intermediate-Tutorial-Models/Tutorial-1/16-2-2.nec,ok,ok,0.6108147511258721,0.39059338346123695,1.5638,1
cebik-w4rnl/Basic-Intermediate-Tutorial-Models/Tutorial-1/16-3-1.nec,ok,ok,0.20352818351238966,0.13706881180405617,1.4849,1
cebik-w4rnl/Basic-Intermediate-Tutorial-Models/Tutorial-1/16-3.nec,ok,ok,0.0800240421667695,0.05469089467078447,1.4632,1
cebik-w4rnl/Basic-Intermediate-Tutorial-Models/Tutorial-1/16-4.nec,ok,ok,0.2029964979737997,0.13558537978678942,1.4972,1
cebik-w4rnl/Basic-Intermediate-Tutorial-Models/Tutorial-1/16-5-1.nec,ok,ok,0.010891963727772236,0.008611228317022324,,0
cebik-w4rnl/Basic-Intermediate-Tutorial-Models/Tutorial-1/16-5-2.nec,ok,ok,0.6092929979786277,0.38843216560781,1.5686,1
cebik-w4rnl/Basic-Intermediate-Tutorial-Models/Tutorial-1/16-5.nec,ok,ok,0.011797716841101646,0.009387011639773846,,0
cebik-w4rnl/Basic-Intermediate-Tutorial-Models/Tutorial-1/16-6-1.nec,ok,ok,0.2868956085294485,0.1866026073694229,1.5375,1
cebik-w4rnl/Basic-Intermediate-Tutorial-Models/Tutorial-1/16-6-2.nec,ok,ok,0.38860992807894945,0.25218371115624905,1.5410,1
cebik-w4rnl/Basic-Intermediate-Tutorial-Models/Tutorial-1/16-6-3.nec,ok,ok,0.28786802291870117,0.1893646651878953,1.5202,1
cebik-w4rnl/Basic-Intermediate-Tutorial-Models/Tutorial-1/16-7-1.nec,ok,ok,0.29424590431153774,0.19037142395973206,1.5456,1
cebik-w4rnl/Basic-Intermediate-Tutorial-Models/Tutorial-1/16-7-2.nec,ok,ok,0.30062310863286257,0.19586330000311136,1.5349,1
cebik-w4rnl/Basic-Intermediate-Tutorial-Models/Tutorial-1/17-1-1.nec,ok,ok,0.3042812282219529,0.19529397040605545,1.5581,1
cebik-w4rnl/Basic-Intermediate-Tutorial-Models/Tutorial-1/17-1.nec,ok,ok,0.3093653069809079,0.20110556669533253,1.5383,1
cebik-w4rnl/Basic-Intermediate-Tutorial-Models/Tutorial-1/17-2-1.nec,ok,ok,0.41943492740392685,0.25420902017503977,1.6500,1
cebik-w4rnl/Basic-Intermediate-Tutorial-Models/Tutorial-1/17-2.nec,ok,ok,0.32737833075225353,0.222715993411839,1.4699,1
cebik-w4rnl/Basic-Intermediate-Tutorial-Models/Tutorial-1/17-3-1.nec,ok,ok,0.3368705492466688,0.2169363172724843,1.5529,1
cebik-w4rnl/Basic-Intermediate-Tutorial-Models/Tutorial-1/17-3.nec,ok,ok,0.33580605033785105,0.21363431680947542,1.5719,1
cebik-w4rnl/Basic-Intermediate-Tutorial-Models/Tutorial-1/17-4-1.nec,ok,ok,0.16731790453195572,0.10089633148163557,1.6583,1
cebik-w4rnl/Basic-Intermediate-Tutorial-Models/Tutorial-1/17-4-2.nec,ok,ok,0.16635072976350784,0.09824668150395155,1.6932,1
cebik-w4rnl/Basic-Intermediate-Tutorial-Models/Tutorial-1/17-4.nec,ok,ok,0.10773593373596668,0.07275477703660727,1.4808,1
cebik-w4rnl/Basic-Intermediate-Tutorial-Models/Tutorial-1/17-5.nec,ok,ok,0.24818038009107113,0.12989663518965244,1.9106,1
cebik-w4rnl/Basic-Intermediate-Tutorial-Models/Tutorial-1/17-6.nec,ok,ok,0.17038646154105663,0.10159752983599901,1.6771,1
cebik-w4rnl/Basic-Intermediate-Tutorial-Models/Tutorial-1/17-7-1.nec,ok,ok,0.8365990975871682,0.46298126596957445,1.8070,1
cebik-w4rnl/Basic-Intermediate-Tutorial-Models/Tutorial-1/17-7-2.nec,ok,ok,0.8712757201865315,0.4833791274577379,1.8025,1
cebik-w4rnl/Basic-Intermediate-Tutorial-Models/Tutorial-1/17-7-2a.nec,ok,ok,0.6915562292560935,0.3045029565691948,2.2711,1
cebik-w4rnl/Basic-Intermediate-Tutorial-Models/Tutorial-1/17-7-3.nec,ok,ok,0.7990634283050895,0.4482986805960536,1.7824,1
cebik-w4rnl/Basic-Intermediate-Tutorial-Models/Tutorial-1/17-7.nec,ok,ok,0.9159751776605844,0.5035375636070967,1.8191,1
cebik-w4rnl/Basic-Intermediate-Tutorial-Models/Tutorial-1/17-8-1.nec,ok,ok,1.6003344738855958,0.755129374563694,2.1193,1
cebik-w4rnl/Basic-Intermediate-Tutorial-Models/Tutorial-1/17-8.nec,ok,ok,1.71611356921494,0.7599837072193623,2.2581,1
cebik-w4rnl/Basic-Intermediate-Tutorial-Models/Tutorial-1/18-1-1.nec,ok,ok,0.01838972046971321,0.017509684897959232,,0
cebik-w4rnl/Basic-Intermediate-Tutorial-Models/Tutorial-1/18-1.nec,ok,ok,0.01878375466912985,0.017378912307322025,,0
cebik-w4rnl/Basic-Intermediate-Tutorial-Models/Tutorial-1/18-10-1.nec,ok,ok,0.028542157262563705,0.023095893673598766,,0
cebik-w4rnl/Basic-Intermediate-Tutorial-Models/Tutorial-1/18-10.nec,ok,ok,0.02783122844994068,0.022725360468029976,,0
cebik-w4rnl/Basic-Intermediate-Tutorial-Models/Tutorial-1/18-1a.nec,ok,ok,0.015725514851510525,0.015266947448253632,,0
cebik-w4rnl/Basic-Intermediate-Tutorial-Models/Tutorial-1/18-2-1.nec,ok,ok,0.01858513616025448,0.01784520596265793,,0
cebik-w4rnl/Basic-Intermediate-Tutorial-Models/Tutorial-1/18-2.nec,ok,ok,0.018615180626511574,0.017546086572110653,,0
cebik-w4rnl/Basic-Intermediate-Tutorial-Models/Tutorial-1/18-2a.nec,ok,ok,0.023714945651590824,0.022469162940979004,,0
cebik-w4rnl/Basic-Intermediate-Tutorial-Models/Tutorial-1/18-3-1.nec,ok,ok,0.019276956096291542,0.018202679231762886,,0
cebik-w4rnl/Basic-Intermediate-Tutorial-Models/Tutorial-1/18-3-2.nec,ok,ok,0.019227097742259502,0.018352504819631577,,0
cebik-w4rnl/Basic-Intermediate-Tutorial-Models/Tutorial-1/18-3-3.nec,ok,ok,0.019258911721408367,0.024684748612344265,,0
cebik-w4rnl/Basic-Intermediate-Tutorial-Models/Tutorial-1/18-3.nec,ok,ok,0.005958846770226955,0.012938207015395164,,0
cebik-w4rnl/Basic-Intermediate-Tutorial-Models/Tutorial-1/18-4.nec,ok,ok,0.030953562818467617,0.02599150873720646,,0
cebik-w4rnl/Basic-Intermediate-Tutorial-Models/Tutorial-1/18-5.nec,ok,ok,0.030590522103011608,0.03107855562120676,,0
cebik-w4rnl/Basic-Intermediate-Tutorial-Models/Tutorial-1/18-6.nec,ok,ok,0.09768061805516481,0.07365080434828997,1.3263,1
cebik-w4rnl/Basic-Intermediate-Tutorial-Models/Tutorial-1/18-7.nec,ok,ok,0.1536750653758645,0.09847238194197416,1.5606,1
cebik-w4rnl/Basic-Intermediate-Tutorial-Models/Tutorial-1/18-8-1.nec,ok,ok,0.18635455425828695,0.10728001687675714,1.7371,1
cebik-w4rnl/Basic-Intermediate-Tutorial-Models/Tutorial-1/18-8-2.nec,ok,ok,0.18615531455725431,0.10773241892457008,1.7279,1
cebik-w4rnl/Basic-Intermediate-Tutorial-Models/Tutorial-1/18-8-3.nec,ok,ok,0.18555578961968422,0.10860240738838911,1.7086,1
cebik-w4rnl/Basic-Intermediate-Tutorial-Models/Tutorial-1/18-8-4.nec,ok,ok,0.18529279809445143,0.10673197638243437,1.7361,1
cebik-w4rnl/Basic-Intermediate-Tutorial-Models/Tutorial-1/18-8.nec,ok,ok,0.11093160230666399,0.07108751311898232,1.5605,1
cebik-w4rnl/Basic-Intermediate-Tutorial-Models/Tutorial-1/18-9.nec,ok,ok,0.03575159702450037,0.02755026612430811,,0
cebik-w4rnl/Basic-Intermediate-Tutorial-Models/Tutorial-1/19-1.nec,ok,ok,0.009474122896790504,0.00856590922921896,,0
cebik-w4rnl/Basic-Intermediate-Tutorial-Models/Tutorial-1/19-2-1.nec,ok,ok,0.07850773446261883,0.05848489981144667,1.3424,1
cebik-w4rnl/Basic-Intermediate-Tutorial-Models/Tutorial-1/19-2.nec,ok,ok,0.07887779921293259,0.0580961462110281,1.3577,1
cebik-w4rnl/Basic-Intermediate-Tutorial-Models/Tutorial-1/19-3-1.nec,ok,ok,0.006018009036779404,0.006718616932630539,,0
cebik-w4rnl/Basic-Intermediate-Tutorial-Models/Tutorial-1/19-3.nec,ok,ok,0.0074599385261535645,0.007273044437170029,,0
cebik-w4rnl/Basic-Intermediate-Tutorial-Models/Tutorial-1/19-4-1.nec,ok,ok,0.19120875000953674,0.11509273573756218,1.6613,1
cebik-w4rnl/Basic-Intermediate-Tutorial-Models/Tutorial-1/19-4.nec,ok,ok,0.1903675403445959,0.1146294642239809,1.6607,1
cebik-w4rnl/Basic-Intermediate-Tutorial-Models/Tutorial-1/19-5.nec,ok,ok,0.127772088162601,0.08050155360251665,1.5872,1
cebik-w4rnl/Basic-Intermediate-Tutorial-Models/Tutorial-1/19-6-1.nec,ok,ok,0.009344502352178097,0.008134935982525349,,0
cebik-w4rnl/Basic-Intermediate-Tutorial-Models/Tutorial-1/19-6-2.nec,ok,ok,0.013152788393199444,0.010403493419289589,,0
cebik-w4rnl/Basic-Intermediate-Tutorial-Models/Tutorial-1/19-6-3.nec,ok,ok,0.017917266115546227,0.013723340816795826,,0
cebik-w4rnl/Basic-Intermediate-Tutorial-Models/Tutorial-1/19-6.nec,ok,ok,0.013331668451428413,0.01058938167989254,,0
cebik-w4rnl/Basic-Intermediate-Tutorial-Models/Tutorial-1/19-7.nec,ok,ok,0.011392930522561073,0.009694181382656097,,0
cebik-w4rnl/Basic-Intermediate-Tutorial-Models/Tutorial-1/2-1.nec,ok,ok,0.005463691428303719,0.006471632979810238,,0
cebik-w4rnl/Basic-Intermediate-Tutorial-Models/Tutorial-1/2-2.nec,ok,ok,0.09403183404356241,0.06223080214112997,1.5110,1
cebik-w4rnl/Basic-Intermediate-Tutorial-Models/Tutorial-1/2-3.nec,ok,ok,0.33802388701587915,0.21548193879425526,1.5687,1
cebik-w4rnl/Basic-Intermediate-Tutorial-Models/Tutorial-1/2-4.nec,ok,ok,0.009063206613063812,0.007948075421154499,,0
cebik-w4rnl/Basic-Intermediate-Tutorial-Models/Tutorial-1/2-5.nec,ok,ok,0.30673360358923674,0.1975977849215269,1.5523,1
cebik-w4rnl/Basic-Intermediate-Tutorial-Models/Tutorial-1/2-6.nec,ok,ok,0.015700542367994785,0.011192341335117817,,0
cebik-w4rnl/Basic-Intermediate-Tutorial-Models/Tutorial-1/20-1-1.nec,ok,ok,0.06660904083400965,0.03704641852527857,,0
cebik-w4rnl/Basic-Intermediate-Tutorial-Models/Tutorial-1/20-1-2.nec,ok,ok,0.06452206615358591,0.03479117248207331,,0
cebik-w4rnl/Basic-Intermediate-Tutorial-Models/Tutorial-1/20-1.nec,ok,ok,0.010133868083357811,0.009204494766891003,,0
cebik-w4rnl/Basic-Intermediate-Tutorial-Models/Tutorial-1/20-2-1.nec,ok,ok,0.07032991107553244,0.04224000312387943,,0
cebik-w4rnl/Basic-Intermediate-Tutorial-Models/Tutorial-1/20-2-2.nec,ok,ok,0.04450203571468592,0.028487011790275574,,0
cebik-w4rnl/Basic-Intermediate-Tutorial-Models/Tutorial-1/20-2-3.nec,ok,ok,0.037244727835059166,0.023862105794250965,,0
cebik-w4rnl/Basic-Intermediate-Tutorial-Models/Tutorial-1/20-2-4.nec,ok,ok,0.02293720655143261,0.017132974229753017,,0
cebik-w4rnl/Basic-Intermediate-Tutorial-Models/Tutorial-1/20-2.nec,ok,ok,0.10180784855037928,0.05985730793327093,1.7008,1
cebik-w4rnl/Basic-Intermediate-Tutorial-Models/Tutorial-1/20-3-1.nec,ok,ok,0.013233979232609272,0.010967157781124115,,0
cebik-w4rnl/Basic-Intermediate-Tutorial-Models/Tutorial-1/20-3-2.nec,ok,ok,0.016178643330931664,0.012668882496654987,,0
cebik-w4rnl/Basic-Intermediate-Tutorial-Models/Tutorial-1/20-4-1.nec,ok,ok,0.03155985753983259,0.021440060809254646,,0
cebik-w4rnl/Basic-Intermediate-Tutorial-Models/Tutorial-1/20-4-2.nec,ok,ok,0.031276267021894455,0.021211865358054638,,0
cebik-w4rnl/Basic-Intermediate-Tutorial-Models/Tutorial-1/20-4-3.nec,ok,ok,0.1012679161503911,0.05750368256121874,1.7611,1
cebik-w4rnl/Basic-Intermediate-Tutorial-Models/Tutorial-1/20-4-4.nec,ok,ok,0.09889314230531454,0.05740770325064659,1.7226,1
cebik-w4rnl/Basic-Intermediate-Tutorial-Models/Tutorial-1/20-4.nec,ok,ok,0.013173774816095829,0.014817265793681145,,0
cebik-w4rnl/Basic-Intermediate-Tutorial-Models/Tutorial-1/20-5-1.nec,ok,ok,0.03688778541982174,0.027116429060697556,,0
cebik-w4rnl/Basic-Intermediate-Tutorial-Models/Tutorial-1/20-5-2.nec,ok,ok,0.0662291944026947,0.039089093916118145,,0
cebik-w4rnl/Basic-Intermediate-Tutorial-Models/Tutorial-1/20-5-3.nec,ok,ok,0.12649898044764996,0.06709434930235147,1.8854,1
cebik-w4rnl/Basic-Intermediate-Tutorial-Models/Tutorial-1/20-5-4.nec,ok,ok,0.1776469275355339,0.09328240621834993,1.9044,1
cebik-w4rnl/Basic-Intermediate-Tutorial-Models/Tutorial-1/20-5-5.nec,ok,ok,0.5867525096982718,0.2867135005071759,2.0465,1
cebik-w4rnl/Basic-Intermediate-Tutorial-Models/Tutorial-1/20-6-1.nec,ok,ok,0.004983105696737766,0.005130289122462273,,0
cebik-w4rnl/Basic-Intermediate-Tutorial-Models/Tutorial-1/20-6-1A.nec,ok,ok,0.006136957556009293,0.005643503740429878,,0
cebik-w4rnl/Basic-Intermediate-Tutorial-Models/Tutorial-1/20-6-2.nec,ok,ok,0.012803359888494015,0.010313575156033039,,0
cebik-w4rnl/Basic-Intermediate-Tutorial-Models/Tutorial-1/20-6-2A.nec,ok,ok,0.05070130340754986,0.028172479942440987,,0
cebik-w4rnl/Basic-Intermediate-Tutorial-Models/Tutorial-1/20-6-3.nec,ok,ok,0.006316659040749073,0.006207739934325218,,0
cebik-w4rnl/Basic-Intermediate-Tutorial-Models/Tutorial-1/20-6-3A.nec,ok,ok,0.012222406454384327,0.008994766511023045,,0
cebik-w4rnl/Basic-Intermediate-Tutorial-Models/Tutorial-1/20-6-4.nec,ok,ok,0.007578137330710888,0.006923857145011425,,0
cebik-w4rnl/Basic-Intermediate-Tutorial-Models/Tutorial-1/20-6-4A.nec,ok,ok,0.01826394535601139,0.012168091721832752,,0
cebik-w4rnl/Basic-Intermediate-Tutorial-Models/Tutorial-1/20-7.nec,ok,ok,0.5789123335853219,0.40833351016044617,1.4177,1
cebik-w4rnl/Basic-Intermediate-Tutorial-Models/Tutorial-1/20-8-1.nec,ok,ok,0.0050006890669465065,0.005301345139741898,,0
cebik-w4rnl/Basic-Intermediate-Tutorial-Models/Tutorial-1/20-8-2.nec,ok,ok,0.006641088053584099,0.006684284657239914,,0
cebik-w4rnl/Basic-Intermediate-Tutorial-Models/Tutorial-1/20-8-3.nec,ok,ok,0.00959702953696251,0.008160029537975788,,0
cebik-w4rnl/Basic-Intermediate-Tutorial-Models/Tutorial-1/21-1-1.nec,ok,ok,0.04867846891283989,0.032436905428767204,,0
cebik-w4rnl/Basic-Intermediate-Tutorial-Models/Tutorial-1/21-1.nec,ok,ok,0.0183411268517375,0.014364008791744709,,0
cebik-w4rnl/Basic-Intermediate-Tutorial-Models/Tutorial-1/21-2-1.nec,ok,ok,0.062167917378246784,0.038696431554853916,,0
cebik-w4rnl/Basic-Intermediate-Tutorial-Models/Tutorial-1/21-2-2.nec,ok,ok,0.02157481200993061,0.008537618443369865,,0
cebik-w4rnl/Basic-Intermediate-Tutorial-Models/Tutorial-1/21-2-3.nec,ok,ok,0.1554585499688983,0.09804009459912777,1.5857,1
cebik-w4rnl/Basic-Intermediate-Tutorial-Models/Tutorial-1/21-2-4.nec,ok,ok,0.010360508225858212,0.026655022986233234,,0
cebik-w4rnl/Basic-Intermediate-Tutorial-Models/Tutorial-1/21-2-5.nec,ok,ok,0.06237767077982426,0.03838270716369152,,0
cebik-w4rnl/Basic-Intermediate-Tutorial-Models/Tutorial-1/21-3-1.nec,ok,ok,0.00496575515717268,0.005162219516932964,,0
cebik-w4rnl/Basic-Intermediate-Tutorial-Models/Tutorial-1/21-3-2.nec,ok,ok,0.006070619449019432,0.005830409936606884,,0
cebik-w4rnl/Basic-Intermediate-Tutorial-Models/Tutorial-1/21-3-3.nec,ok,ok,0.009378223679959774,0.00802468042820692,,0
cebik-w4rnl/Basic-Intermediate-Tutorial-Models/Tutorial-1/21-3-4.nec,ok,ok,0.06868910975754261,0.04071159940212965,,0
cebik-w4rnl/Basic-Intermediate-Tutorial-Models/Tutorial-1/21-4-1.nec,ok,ok,0.04150399658828974,0.026749946177005768,,0
cebik-w4rnl/Basic-Intermediate-Tutorial-Models/Tutorial-1/21-4-2.nec,ok,ok,0.042400981299579144,0.027422646060585976,,0
cebik-w4rnl/Basic-Intermediate-Tutorial-Models/Tutorial-1/21-4-3.nec,ok,ok,0.042497401125729084,0.027341220527887344,,0
cebik-w4rnl/Basic-Intermediate-Tutorial-Models/Tutorial-1/21-4-4.nec,ok,ok,0.22787900175899267,0.13599918410182,1.6756,1
cebik-w4rnl/Basic-Intermediate-Tutorial-Models/Tutorial-1/21-4-5.nec,ok,ok,0.04336906224489212,0.02827123925089836,,0
cebik-w4rnl/Basic-Intermediate-Tutorial-Models/Tutorial-1/21-4.nec,ok,ok,0.04141827113926411,0.027112508192658424,,0
cebik-w4rnl/Basic-Intermediate-Tutorial-Models/Tutorial-1/21-5-1.nec,ok,ok,0.006243187002837658,0.005904315039515495,,0
cebik-w4rnl/Basic-Intermediate-Tutorial-Models/Tutorial-1/21-5-2.nec,ok,ok,0.18749173916876316,0.10258931946009398,1.8276,1
cebik-w4rnl/Basic-Intermediate-Tutorial-Models/Tutorial-1/21-5-3.nec,ok,ok,0.19841174315661192,0.1010175384581089,1.9641,1
cebik-w4rnl/Basic-Intermediate-Tutorial-Models/Tutorial-1/21-5.nec,ok,ok,0.005461578257381916,0.005695606581866741,,0
cebik-w4rnl/Basic-Intermediate-Tutorial-Models/Tutorial-1/3-1.nec,ok,ok,0.005509877577424049,0.005613459274172783,,0
cebik-w4rnl/Basic-Intermediate-Tutorial-Models/Tutorial-1/3-2.nec,ok,ok,0.08234168589115143,0.059213727712631226,1.3906,1
cebik-w4rnl/Basic-Intermediate-Tutorial-Models/Tutorial-1/3-3.nec,ok,ok,0.09802470356225967,0.06971173547208309,1.4061,1
cebik-w4rnl/Basic-Intermediate-Tutorial-Models/Tutorial-1/3-4.nec,ok,ok,0.06528471782803535,0.04889662750065327,,0
cebik-w4rnl/Basic-Intermediate-Tutorial-Models/Tutorial-1/3-5.nec,ok,ok,0.06415081489831209,0.048447021283209324,,0
cebik-w4rnl/Basic-Intermediate-Tutorial-Models/Tutorial-1/4-1.nec,ok,ok,0.2693960200995207,0.17273820377886295,1.5596,1
cebik-w4rnl/Basic-Intermediate-Tutorial-Models/Tutorial-1/4-10.nec,ok,ok,0.03206551820039749,0.018613573163747787,,0
cebik-w4rnl/Basic-Intermediate-Tutorial-Models/Tutorial-1/4-2.nec,ok,ok,0.022940336726605892,0.015600032173097134,,0
cebik-w4rnl/Basic-Intermediate-Tutorial-Models/Tutorial-1/4-3.nec,ok,ok,0.010939144529402256,0.008647140115499496,,0
cebik-w4rnl/Basic-Intermediate-Tutorial-Models/Tutorial-1/4-4.nec,ok,ok,0.03825622331351042,0.02229474578052759,,0
cebik-w4rnl/Basic-Intermediate-Tutorial-Models/Tutorial-1/4-5.nec,ok,ok,0.304538425989449,0.19521181844174862,1.5600,1
cebik-w4rnl/Basic-Intermediate-Tutorial-Models/Tutorial-1/4-6.nec,ok,ok,0.3177102180197835,0.2051806729286909,1.5484,1
cebik-w4rnl/Basic-Intermediate-Tutorial-Models/Tutorial-1/4-7.nec,ok,ok,0.325702958740294,0.20349011849611998,1.6006,1
cebik-w4rnl/Basic-Intermediate-Tutorial-Models/Tutorial-1/4-8.nec,ok,ok,0.2875277241691947,0.1842188099399209,1.5608,1
cebik-w4rnl/Basic-Intermediate-Tutorial-Models/Tutorial-1/4-9.nec,ok,ok,0.012968625873327255,0.010545684024691582,,0
cebik-w4rnl/Basic-Intermediate-Tutorial-Models/Tutorial-1/5-1-1.nec,ok,ok,0.29981554578989744,0.1925612185150385,1.5570,1
cebik-w4rnl/Basic-Intermediate-Tutorial-Models/Tutorial-1/5-1-2.nec,ok,ok,0.035349126905202866,0.018110057339072227,,0
cebik-w4rnl/Basic-Intermediate-Tutorial-Models/Tutorial-1/5-2-1.nec,ok,ok,0.005752885714173317,0.00578845851123333,,0
cebik-w4rnl/Basic-Intermediate-Tutorial-Models/Tutorial-1/5-2-2.nec,ok,ok,0.065641681663692,0.04160102363675833,,0
cebik-w4rnl/Basic-Intermediate-Tutorial-Models/Tutorial-1/5-3-1.nec,ok,ok,0.0058022188022732735,0.006042923778295517,,0
cebik-w4rnl/Basic-Intermediate-Tutorial-Models/Tutorial-1/5-3-2.nec,ok,ok,0.008984552696347237,0.008324499242007732,,0
cebik-w4rnl/Basic-Intermediate-Tutorial-Models/Tutorial-1/5-4-1.nec,ok,ok,0.01944271195679903,0.014440106227993965,,0
cebik-w4rnl/Basic-Intermediate-Tutorial-Models/Tutorial-1/5-4-2.nec,ok,ok,0.019026330672204494,0.014396058395504951,,0
cebik-w4rnl/Basic-Intermediate-Tutorial-Models/Tutorial-1/5-5-1.nec,ok,ok,0.007639927789568901,0.006793303415179253,,0
cebik-w4rnl/Basic-Intermediate-Tutorial-Models/Tutorial-1/5-5-2.nec,ok,ok,0.0078083062544465065,0.0069818804040551186,,0
cebik-w4rnl/Basic-Intermediate-Tutorial-Models/Tutorial-1/6-1.nec,ok,ok,0.3111063204705715,0.19875648617744446,1.5653,1
cebik-w4rnl/Basic-Intermediate-Tutorial-Models/Tutorial-1/6-2.nec,ok,ok,0.12490300182253122,0.07843213062733412,1.5925,1
cebik-w4rnl/Basic-Intermediate-Tutorial-Models/Tutorial-1/6-3.nec,ok,ok,0.13344767317175865,0.08588684070855379,1.5538,1
cebik-w4rnl/Basic-Intermediate-Tutorial-Models/Tutorial-1/6-4.nec,ok,ok,0.09317145589739084,0.062051376327872276,1.5015,1
cebik-w4rnl/Basic-Intermediate-Tutorial-Models/Tutorial-1/6-5.nec,ok,ok,0.016702051274478436,0.012660144828259945,,0
cebik-w4rnl/Basic-Intermediate-Tutorial-Models/Tutorial-1/6-6.nec,ok,ok,0.41343792993575335,0.22998618613928556,1.7977,1
cebik-w4rnl/Basic-Intermediate-Tutorial-Models/Tutorial-1/6-7.nec,ok,ok,0.41229169350117445,0.26379654463380575,1.5629,1
cebik-w4rnl/Basic-Intermediate-Tutorial-Models/Tutorial-1/7-1.nec,ok,ok,0.28927065897732973,0.1851341724395752,1.5625,1
cebik-w4rnl/Basic-Intermediate-Tutorial-Models/Tutorial-1/7-2.nec,ok,ok,0.018948692828416824,0.015252947807312012,,0
cebik-w4rnl/Basic-Intermediate-Tutorial-Models/Tutorial-1/7-3.nec,ok,ok,0.012134113349020481,0.00960598886013031,,0
cebik-w4rnl/Basic-Intermediate-Tutorial-Models/Tutorial-1/7-4.nec,ok,ok,0.005660376511514187,0.005830681882798672,,0
cebik-w4rnl/Basic-Intermediate-Tutorial-Models/Tutorial-1/7-5.nec,ok,ok,0.006606125272810459,0.006436505354940891,,0
cebik-w4rnl/Basic-Intermediate-Tutorial-Models/Tutorial-1/7-6.nec,ok,ok,0.007966755889356136,0.007384577766060829,,0
cebik-w4rnl/Basic-Intermediate-Tutorial-Models/Tutorial-1/7-7.nec,ok,ok,0.38819246366620064,0.22297090012580156,1.7410,1
cebik-w4rnl/Basic-Intermediate-Tutorial-Models/Tutorial-1/7-8.nec,ok,ok,0.010243898257613182,0.008680341765284538,,0
cebik-w4rnl/Basic-Intermediate-Tutorial-Models/Tutorial-1/8-1-1.nec,ok,ok,0.006302415393292904,0.006125430576503277,,0
cebik-w4rnl/Basic-Intermediate-Tutorial-Models/Tutorial-1/8-1.nec,ok,ok,0.005072372034192085,0.005299423821270466,,0
cebik-w4rnl/Basic-Intermediate-Tutorial-Models/Tutorial-1/8-2.nec,ok,ok,0.006668379530310631,0.00630098395049572,,0
cebik-w4rnl/Basic-Intermediate-Tutorial-Models/Tutorial-1/8-3.nec,ok,ok,0.006675689481198788,0.006473344750702381,,0
cebik-w4rnl/Basic-Intermediate-Tutorial-Models/Tutorial-1/8-4.nec,ok,ok,0.00855029933154583,0.007567784748971462,,0
cebik-w4rnl/Basic-Intermediate-Tutorial-Models/Tutorial-1/8-5-1.nec,ok,ok,0.00962584838271141,0.008434302173554897,,0
cebik-w4rnl/Basic-Intermediate-Tutorial-Models/Tutorial-1/8-5.nec,ok,ok,0.011400244198739529,0.009426312521100044,,0
cebik-w4rnl/Basic-Intermediate-Tutorial-Models/Tutorial-1/8-6-1.nec,ok,ok,0.2806100398302078,0.18051530979573727,1.5545,1
cebik-w4rnl/Basic-Intermediate-Tutorial-Models/Tutorial-1/8-6.nec,ok,ok,0.31522298231720924,0.20146054588258266,1.5647,1
cebik-w4rnl/Basic-Intermediate-Tutorial-Models/Tutorial-1/8-7-1.nec,no-impedance,no-impedance,0.005989672616124153,0.005945704877376556,,0
cebik-w4rnl/Basic-Intermediate-Tutorial-Models/Tutorial-1/8-7-2.nec,no-impedance,no-impedance,0.006184781901538372,0.006172235123813152,,0
cebik-w4rnl/Basic-Intermediate-Tutorial-Models/Tutorial-1/8-7.nec,ok,ok,0.005796634592115879,0.0057671647518873215,,0
cebik-w4rnl/Basic-Intermediate-Tutorial-Models/Tutorial-1/9-1-1.nec,ok,ok,0.008966025896370411,0.007896722294390202,,0
cebik-w4rnl/Basic-Intermediate-Tutorial-Models/Tutorial-1/9-1-2.nec,ok,ok,0.008879335597157478,0.007693462073802948,,0
cebik-w4rnl/Basic-Intermediate-Tutorial-Models/Tutorial-1/9-1-3.nec,ok,ok,0.008792988955974579,0.007863708771765232,,0
cebik-w4rnl/Basic-Intermediate-Tutorial-Models/Tutorial-1/9-2-1.nec,ok,ok,0.008825600147247314,0.00796540081501007,,0
cebik-w4rnl/Basic-Intermediate-Tutorial-Models/Tutorial-1/9-2-2.nec,ok,ok,0.008870692923665047,0.007797613739967346,,0
cebik-w4rnl/Basic-Intermediate-Tutorial-Models/Tutorial-1/9-2-3.nec,ok,ok,0.008781593292951584,0.007909190841019154,,0
cebik-w4rnl/Basic-Intermediate-Tutorial-Models/Tutorial-1/9-3-1.nec,ok,ok,0.00889795832335949,0.00787340011447668,,0
cebik-w4rnl/Basic-Intermediate-Tutorial-Models/Tutorial-1/9-3-2.nec,ok,ok,0.008862316608428955,0.007852948270738125,,0
cebik-w4rnl/Basic-Intermediate-Tutorial-Models/Tutorial-1/9-3-3.nec,ok,ok,0.008934877812862396,0.007818617857992649,,0
cebik-w4rnl/Basic-Intermediate-Tutorial-Models/Tutorial-1/9-4-1.nec,ok,ok,0.011216088198125362,0.009436497464776039,,0
cebik-w4rnl/Basic-Intermediate-Tutorial-Models/Tutorial-1/9-4.nec,ok,ok,0.00588587298989296,0.005841486155986786,,0
cebik-w4rnl/Basic-Intermediate-Tutorial-Models/Tutorial-1/9-5-1.nec,ok,ok,0.013761386275291443,0.011216780170798302,,0
cebik-w4rnl/Basic-Intermediate-Tutorial-Models/Tutorial-1/9-5-2.nec,ok,ok,0.014038322493433952,0.011119596660137177,,0
cebik-w4rnl/Basic-Intermediate-Tutorial-Models/Tutorial-1/9-5-3.nec,ok,ok,0.013653498142957687,0.010982412844896317,,0
cebik-w4rnl/Basic-Intermediate-Tutorial-Models/Tutorial-1/9-5.nec,ok,ok,0.0146375373005867,0.01150834746658802,,0
cebik-w4rnl/Basic-Intermediate-Tutorial-Models/Tutorial-1/9-6-1.nec,ok,ok,0.005987974815070629,0.005702153779566288,,0
cebik-w4rnl/Basic-Intermediate-Tutorial-Models/Tutorial-1/9-6-2.nec,ok,ok,0.005169478245079517,0.005419153720140457,,0
cebik-w4rnl/Basic-Intermediate-Tutorial-Models/Tutorial-1/9-6-3.nec,ok,ok,0.00757383368909359,0.006474439986050129,,0
cebik-w4rnl/Basic-Intermediate-Tutorial-Models/Tutorial-1/9-6-4.nec,ok,ok,0.0053705936297774315,0.005311226472258568,,0
cebik-w4rnl/Basic-Intermediate-Tutorial-Models/Tutorial-1/9-6-5.nec,ok,ok,0.0061388155445456505,0.006753625348210335,,0
cebik-w4rnl/Basic-Intermediate-Tutorial-Models/Tutorial-1/9-6.nec,ok,ok,0.008251173421740532,0.005995705723762512,,0
cebik-w4rnl/Basic-Intermediate-Tutorial-Models/Tutorial-2/ch-0/0-1.nec,ok,ok,0.5826418260112405,0.3017297238111496,1.9310,1
cebik-w4rnl/Basic-Intermediate-Tutorial-Models/Tutorial-2/ch-1/1-1.nec,ok,ok,0.03942322637885809,0.023695536889135838,,0
cebik-w4rnl/Basic-Intermediate-Tutorial-Models/Tutorial-2/ch-1/1-1a.nec,ok,ok,0.03961086366325617,0.023596343584358692,,0
cebik-w4rnl/Basic-Intermediate-Tutorial-Models/Tutorial-2/ch-1/1-1b.nec,ok,ok,0.03941940609365702,0.03181665204465389,,0
cebik-w4rnl/Basic-Intermediate-Tutorial-Models/Tutorial-2/ch-1/1-1c.nec,ok,ok,0.04064618889242411,0.023995372466742992,,0
cebik-w4rnl/Basic-Intermediate-Tutorial-Models/Tutorial-2/ch-1/1-2.nec,ok,ok,0.0050010159611701965,0.005399060435593128,,0
cebik-w4rnl/Basic-Intermediate-Tutorial-Models/Tutorial-2/ch-1/1-2a.nec,ok,ok,0.0047623030841350555,0.00520740170031786,,0
cebik-w4rnl/Basic-Intermediate-Tutorial-Models/Tutorial-2/ch-1/1-3.nec,ok,ok,0.3738685501739383,0.24825835227966309,1.5060,1
cebik-w4rnl/Basic-Intermediate-Tutorial-Models/Tutorial-2/ch-1/1-4.nec,ok,ok,0.005389908328652382,0.005548460409045219,,0
cebik-w4rnl/Basic-Intermediate-Tutorial-Models/Tutorial-2/ch-1/1-4a.nec,ok,ok,0.005535871721804142,0.00599866546690464,,0
cebik-w4rnl/Basic-Intermediate-Tutorial-Models/Tutorial-2/ch-1/1-4b.nec,ok,ok,0.5389053635299206,0.3160925079137087,1.7049,1
cebik-w4rnl/Basic-Intermediate-Tutorial-Models/Tutorial-2/ch-1/1-5.nec,ok,ok,0.007436614483594894,0.006869998760521412,,0
cebik-w4rnl/Basic-Intermediate-Tutorial-Models/Tutorial-2/ch-1/1-6.nec,ok,ok,0.010437993332743645,0.008620113134384155,,0
cebik-w4rnl/Basic-Intermediate-Tutorial-Models/Tutorial-2/ch-1/1-6a.nec,ok,ok,0.008686063811182976,0.007701069116592407,,0
cebik-w4rnl/Basic-Intermediate-Tutorial-Models/Tutorial-2/ch-10/10-1.nec,ok,ok,0.004141605459153652,0.004208642989397049,,0
cebik-w4rnl/Basic-Intermediate-Tutorial-Models/Tutorial-2/ch-10/10-10.nec,ok,ok,0.0032350122928619385,0.0043664658442139626,,0
cebik-w4rnl/Basic-Intermediate-Tutorial-Models/Tutorial-2/ch-10/10-10a.nec,ok,ok,0.00322126317769289,0.0041023967787623405,,0
cebik-w4rnl/Basic-Intermediate-Tutorial-Models/Tutorial-2/ch-10/10-10b.nec,ok,ok,0.0032129287719726562,0.004146800376474857,,0
cebik-w4rnl/Basic-Intermediate-Tutorial-Models/Tutorial-2/ch-10/10-10c.nec,ok,ok,0.003230120986700058,0.004225060343742371,,0
cebik-w4rnl/Basic-Intermediate-Tutorial-Models/Tutorial-2/ch-10/10-11.nec,ok,ok,0.00317489355802536,0.003954150713980198,,0
cebik-w4rnl/Basic-Intermediate-Tutorial-Models/Tutorial-2/ch-10/10-11a.nec,ok,ok,0.004869847558438778,0.005712882615625858,,0
cebik-w4rnl/Basic-Intermediate-Tutorial-Models/Tutorial-2/ch-10/10-11b.nec,ok,ok,0.005029919557273388,0.005937556736171246,,0
cebik-w4rnl/Basic-Intermediate-Tutorial-Models/Tutorial-2/ch-10/10-1a.nec,ok,ok,0.00665478128939867,0.0063917748630046844,,0
cebik-w4rnl/Basic-Intermediate-Tutorial-Models/Tutorial-2/ch-10/10-2.nec,ok,ok,0.005116661079227924,0.005466677248477936,,0
cebik-w4rnl/Basic-Intermediate-Tutorial-Models/Tutorial-2/ch-10/10-2a.nec,ok,ok,0.006544383242726326,0.005704336799681187,,0
cebik-w4rnl/Basic-Intermediate-Tutorial-Models/Tutorial-2/ch-10/10-2b.nec,ok,ok,0.0041559552773833275,0.004173731431365013,,0
cebik-w4rnl/Basic-Intermediate-Tutorial-Models/Tutorial-2/ch-10/10-3.nec,ok,ok,0.010117906145751476,0.008752232417464256,,0
cebik-w4rnl/Basic-Intermediate-Tutorial-Models/Tutorial-2/ch-10/10-3a.nec,ok,ok,0.00868908315896988,0.00775551050901413,,0
cebik-w4rnl/Basic-Intermediate-Tutorial-Models/Tutorial-2/ch-10/10-3b.nec,ok,ok,0.0156038673594594,0.012235917150974274,,0
cebik-w4rnl/Basic-Intermediate-Tutorial-Models/Tutorial-2/ch-10/10-4.nec,ok,ok,0.014275247231125832,0.010415928438305855,,0
cebik-w4rnl/Basic-Intermediate-Tutorial-Models/Tutorial-2/ch-10/10-4a.nec,ok,ok,0.027799504809081554,0.01780472882091999,,0
cebik-w4rnl/Basic-Intermediate-Tutorial-Models/Tutorial-2/ch-10/10-4b.nec,ok,ok,0.009624913334846497,0.007571389898657799,,0
cebik-w4rnl/Basic-Intermediate-Tutorial-Models/Tutorial-2/ch-10/10-5.nec,ok,ok,0.39139298256486654,0.22042808588594198,1.7756,1
cebik-w4rnl/Basic-Intermediate-Tutorial-Models/Tutorial-2/ch-10/10-5a.nec,ok,ok,0.3983878092840314,0.2385300062596798,1.6702,1
cebik-w4rnl/Basic-Intermediate-Tutorial-Models/Tutorial-2/ch-10/10-6.nec,ok,ok,0.15865729004144669,0.0957391420379281,1.6572,1
cebik-w4rnl/Basic-Intermediate-Tutorial-Models/Tutorial-2/ch-10/10-6a.nec,ok,ok,0.06480639521032572,0.041417441330850124,,0
cebik-w4rnl/Basic-Intermediate-Tutorial-Models/Tutorial-2/ch-10/10-6b.nec,ok,ok,0.06522093527019024,0.04213336203247309,,0
cebik-w4rnl/Basic-Intermediate-Tutorial-Models/Tutorial-2/ch-10/10-7.nec,ok,ok,0.0042034657672047615,0.004234210588037968,,0
cebik-w4rnl/Basic-Intermediate-Tutorial-Models/Tutorial-2/ch-10/10-8.nec,ok,ok,0.0029197540134191513,0.0034677833318710327,,0
cebik-w4rnl/Basic-Intermediate-Tutorial-Models/Tutorial-2/ch-10/10-8a.nec,ok,ok,0.0030490849167108536,0.006166951730847359,,0
cebik-w4rnl/Basic-Intermediate-Tutorial-Models/Tutorial-2/ch-10/10-8b.nec,ok,ok,0.0030038487166166306,0.003599122166633606,,0
cebik-w4rnl/Basic-Intermediate-Tutorial-Models/Tutorial-2/ch-10/10-8c.nec,ok,ok,0.002877333201467991,0.003700556233525276,,0
cebik-w4rnl/Basic-Intermediate-Tutorial-Models/Tutorial-2/ch-10/10-8d.nec,ok,ok,0.004371728748083115,0.004982203245162964,,0
cebik-w4rnl/Basic-Intermediate-Tutorial-Models/Tutorial-2/ch-10/10-9.nec,no-impedance,no-impedance,0.021959880366921425,0.015609717927873135,,0
cebik-w4rnl/Basic-Intermediate-Tutorial-Models/Tutorial-2/ch-10/10-9a.nec,ok,ok,0.02023173775523901,0.014430474489927292,,0
cebik-w4rnl/Basic-Intermediate-Tutorial-Models/Tutorial-2/ch-11/11-10-nec4.nec,ok,ok,0.10348575282841921,0.0673772320151329,1.5359,1
cebik-w4rnl/Basic-Intermediate-Tutorial-Models/Tutorial-2/ch-11/11-10a-nec4.nec,ok,ok,0.10355587489902973,0.0673878313973546,1.5367,1
cebik-w4rnl/Basic-Intermediate-Tutorial-Models/Tutorial-2/ch-11/11-10b-nec4.nec,ok,ok,0.10333305038511753,0.06814290024340153,1.5164,1
cebik-w4rnl/Basic-Intermediate-Tutorial-Models/Tutorial-2/ch-11/11-11.nec,ok,ok,0.307888425886631,0.19704936910420656,1.5625,1
cebik-w4rnl/Basic-Intermediate-Tutorial-Models/Tutorial-2/ch-11/11-11a.nec,ok,ok,3.2000667629763484,2.1264849174767733,1.5049,1
cebik-w4rnl/Basic-Intermediate-Tutorial-Models/Tutorial-2/ch-11/11-1_1.nec,ok,ok,0.007670419290661812,0.007264292798936367,,0
cebik-w4rnl/Basic-Intermediate-Tutorial-Models/Tutorial-2/ch-11/11-1_2.nec,ok,ok,0.007611625827848911,0.007295708172023296,,0
cebik-w4rnl/Basic-Intermediate-Tutorial-Models/Tutorial-2/ch-11/11-1a_1.nec,ok,ok,0.04415908269584179,0.03712286055088043,,0
cebik-w4rnl/Basic-Intermediate-Tutorial-Models/Tutorial-2/ch-11/11-1a_2.nec,ok,ok,0.04343328811228275,0.03689457289874554,,0
cebik-w4rnl/Basic-Intermediate-Tutorial-Models/Tutorial-2/ch-11/11-1b.nec,ok,ok,0.044505972415208817,0.036469834856688976,,0
cebik-w4rnl/Basic-Intermediate-Tutorial-Models/Tutorial-2/ch-11/11-2.nec,ok,ok,0.005015537142753601,0.004953222349286079,,0
cebik-w4rnl/Basic-Intermediate-Tutorial-Models/Tutorial-2/ch-11/11-2a.nec,ok,ok,0.10313947405666113,0.06721257604658604,1.5345,1
cebik-w4rnl/Basic-Intermediate-Tutorial-Models/Tutorial-2/ch-11/11-2b.nec,ok,ok,0.1035614637658,0.06733361631631851,1.5380,1
cebik-w4rnl/Basic-Intermediate-Tutorial-Models/Tutorial-2/ch-11/11-3.nec,ok,ok,0.2911741388961673,0.18453277833759785,1.5779,1
cebik-w4rnl/Basic-Intermediate-Tutorial-Models/Tutorial-2/ch-11/11-3a.nec,ok,ok,0.29109292943030596,0.18443801254034042,1.5783,1
cebik-w4rnl/Basic-Intermediate-Tutorial-Models/Tutorial-2/ch-11/11-4.nec,ok,ok,0.32214272674173117,0.2052676770836115,1.5694,1
cebik-w4rnl/Basic-Intermediate-Tutorial-Models/Tutorial-2/ch-11/11-4a-nec4.nec,ok,ok,1.0712910806760192,0.6654418660327792,1.6099,1
cebik-w4rnl/Basic-Intermediate-Tutorial-Models/Tutorial-2/ch-11/11-5.nec,ok,ok,0.24438073299825191,0.15694679878652096,1.5571,1
cebik-w4rnl/Basic-Intermediate-Tutorial-Models/Tutorial-2/ch-11/11-6.nec,ok,ok,0.08987878356128931,0.05957997124642134,1.5085,1
cebik-w4rnl/Basic-Intermediate-Tutorial-Models/Tutorial-2/ch-11/11-7.nec,ok,ok,0.10151448845863342,0.06681122165173292,1.5194,1
cebik-w4rnl/Basic-Intermediate-Tutorial-Models/Tutorial-2/ch-11/11-7a.nec,ok,ok,0.08641757257282734,0.05863570794463158,1.4738,1
cebik-w4rnl/Basic-Intermediate-Tutorial-Models/Tutorial-2/ch-11/11-7b-nec2.nec,ok,ok,0.1015255767852068,0.06642933003604412,1.5283,1
cebik-w4rnl/Basic-Intermediate-Tutorial-Models/Tutorial-2/ch-11/11-7c-nec2.nec,ok,ok,0.10150546208024025,0.06596129853278399,1.5389,1
cebik-w4rnl/Basic-Intermediate-Tutorial-Models/Tutorial-2/ch-11/11-7d-nec2.nec,ok,ok,0.10131298005580902,0.06589026842266321,1.5376,1
cebik-w4rnl/Basic-Intermediate-Tutorial-Models/Tutorial-2/ch-11/11-7e-nec2.nec,ok,ok,0.1041690967977047,0.06896008271723986,1.5106,1
cebik-w4rnl/Basic-Intermediate-Tutorial-Models/Tutorial-2/ch-11/11-7f-nec2.nec,ok,ok,0.10365831758826971,0.0701899928972125,1.4768,1
cebik-w4rnl/Basic-Intermediate-Tutorial-Models/Tutorial-2/ch-11/11-7g-nec2.nec,ok,ok,0.10346776712685823,0.06809040158987045,1.5196,1
cebik-w4rnl/Basic-Intermediate-Tutorial-Models/Tutorial-2/ch-11/11-8b-nec2.nec,ok,ok,0.10138181503862143,0.06590529158711433,1.5383,1
cebik-w4rnl/Basic-Intermediate-Tutorial-Models/Tutorial-2/ch-11/11-8c-nec2.nec,ok,ok,0.10147350933402777,0.06712738424539566,1.5117,1
cebik-w4rnl/Basic-Intermediate-Tutorial-Models/Tutorial-2/ch-11/11-8d-nec2.nec,ok,ok,0.10172770544886589,0.0660595828667283,1.5399,1
cebik-w4rnl/Basic-Intermediate-Tutorial-Models/Tutorial-2/ch-11/11-8e-nec2.nec,ok,ok,0.10361567419022322,0.06802301201969385,1.5232,1
cebik-w4rnl/Basic-Intermediate-Tutorial-Models/Tutorial-2/ch-11/11-8e-nec4.nec,ok,ok,0.10328944958746433,0.06856610160320997,1.5064,1
cebik-w4rnl/Basic-Intermediate-Tutorial-Models/Tutorial-2/ch-11/11-8f-nec2.nec,ok,ok,0.10323772765696049,0.07076978869736195,1.4588,1
cebik-w4rnl/Basic-Intermediate-Tutorial-Models/Tutorial-2/ch-11/11-8f-nec4.nec,ok,ok,0.10315762087702751,0.06728383246809244,1.5332,1
cebik-w4rnl/Basic-Intermediate-Tutorial-Models/Tutorial-2/ch-11/11-8g-nec2.nec,ok,ok,0.10367589816451073,0.06812556087970734,1.5218,1
cebik-w4rnl/Basic-Intermediate-Tutorial-Models/Tutorial-2/ch-11/11-8g-nec4.nec,ok,ok,0.1183528620749712,0.07584457192569971,1.5605,1
cebik-w4rnl/Basic-Intermediate-Tutorial-Models/Tutorial-2/ch-11/11-9-nec2.nec,ok,ok,0.11017233785241842,0.06797984708100557,1.6207,1
cebik-w4rnl/Basic-Intermediate-Tutorial-Models/Tutorial-2/ch-11/11-9a-nec2.nec,ok,ok,0.10330094676464796,0.06771839316934347,1.5254,1
cebik-w4rnl/Basic-Intermediate-Tutorial-Models/Tutorial-2/ch-11/11-9b-nec2.nec,ok,ok,0.1035629715770483,0.0676024230197072,1.5319,1
cebik-w4rnl/Basic-Intermediate-Tutorial-Models/Tutorial-2/ch-12/12-1.nec,ok,ok,0.004904941655695438,0.005111590959131718,,0
cebik-w4rnl/Basic-Intermediate-Tutorial-Models/Tutorial-2/ch-12/12-10-nec4.nec,ok,ok,1.3775371480733156,0.8169699851423502,1.6862,1
cebik-w4rnl/Basic-Intermediate-Tutorial-Models/Tutorial-2/ch-12/12-10a-nec4.nec,ok,ok,1.0949660278856754,0.6404020031914115,1.7098,1
cebik-w4rnl/Basic-Intermediate-Tutorial-Models/Tutorial-2/ch-12/12-11-nec4.nec,ok,ok,4.406288089230657,2.0211809081956744,2.1801,1
cebik-w4rnl/Basic-Intermediate-Tutorial-Models/Tutorial-2/ch-12/12-11a-nec4.nec,ok,ok,4.396840559318662,2.043765600770712,2.1513,1
cebik-w4rnl/Basic-Intermediate-Tutorial-Models/Tutorial-2/ch-12/12-1a.nec,ok,ok,0.00509826373308897,0.005448954179883003,,0
cebik-w4rnl/Basic-Intermediate-Tutorial-Models/Tutorial-2/ch-12/12-1b.nec,no-impedance,no-impedance,0.005131036974489689,0.005426326766610146,,0
cebik-w4rnl/Basic-Intermediate-Tutorial-Models/Tutorial-2/ch-12/12-2.nec,ok,ok,0.007831447757780552,0.00742965005338192,,0
cebik-w4rnl/Basic-Intermediate-Tutorial-Models/Tutorial-2/ch-12/12-2a.nec,ok,ok,0.007946954108774662,0.007581223733723164,,0
cebik-w4rnl/Basic-Intermediate-Tutorial-Models/Tutorial-2/ch-12/12-3.nec,ok,ok,0.007796050049364567,0.007512413896620274,,0
cebik-w4rnl/Basic-Intermediate-Tutorial-Models/Tutorial-2/ch-12/12-3a.nec,ok,ok,0.008003495633602142,0.007647314108908176,,0
cebik-w4rnl/Basic-Intermediate-Tutorial-Models/Tutorial-2/ch-12/12-4.nec,ok,ok,0.005934759974479675,0.006206316873431206,,0
cebik-w4rnl/Basic-Intermediate-Tutorial-Models/Tutorial-2/ch-12/12-4a.nec,ok,ok,0.0061514712870121,0.006241898983716965,,0
cebik-w4rnl/Basic-Intermediate-Tutorial-Models/Tutorial-2/ch-12/12-4b.nec,ok,ok,0.03535441495478153,0.03367433324456215,,0
cebik-w4rnl/Basic-Intermediate-Tutorial-Models/Tutorial-2/ch-12/12-5.nec,ok,ok,0.006297259591519833,0.0060827406123280525,,0
cebik-w4rnl/Basic-Intermediate-Tutorial-Models/Tutorial-2/ch-12/12-5a.nec,ok,ok,0.006343761458992958,0.012630404904484749,,0
cebik-w4rnl/Basic-Intermediate-Tutorial-Models/Tutorial-2/ch-12/12-5b.nec,ok,ok,0.03677176311612129,0.03303008433431387,,0
cebik-w4rnl/Basic-Intermediate-Tutorial-Models/Tutorial-2/ch-12/12-6.nec,ok,ok,2.204282568767667,1.3135928250849247,1.6781,1
cebik-w4rnl/Basic-Intermediate-Tutorial-Models/Tutorial-2/ch-12/12-7.nec,ok,ok,0.03719707578420639,0.02416273672133684,,0
cebik-w4rnl/Basic-Intermediate-Tutorial-Models/Tutorial-2/ch-12/12-7a.nec,ok,ok,0.012315950356423855,0.009315280243754387,,0
cebik-w4rnl/Basic-Intermediate-Tutorial-Models/Tutorial-2/ch-12/12-8.nec,ok,ok,0.017420298419892788,0.011957738548517227,,0
cebik-w4rnl/Basic-Intermediate-Tutorial-Models/Tutorial-2/ch-12/12-8a.nec,ok,ok,0.017869681119918823,0.011985419318079948,,0
cebik-w4rnl/Basic-Intermediate-Tutorial-Models/Tutorial-2/ch-12/12-8b.nec,ok,ok,0.09469358902424574,0.05756939295679331,1.6449,1
cebik-w4rnl/Basic-Intermediate-Tutorial-Models/Tutorial-2/ch-12/12-9.nec,ok,ok,0.02541979029774666,0.01704917475581169,,0
cebik-w4rnl/Basic-Intermediate-Tutorial-Models/Tutorial-2/ch-12/12-9a.nec,ok,ok,0.003897308371961117,0.004311211407184601,,0
cebik-w4rnl/Basic-Intermediate-Tutorial-Models/Tutorial-2/ch-12/12-9b.nec,ok,ok,0.041272442787885666,0.027382705360651016,,0
cebik-w4rnl/Basic-Intermediate-Tutorial-Models/Tutorial-2/ch-12/12-9c.nec,ok,ok,0.0417934563010931,0.027127672918140888,,0
cebik-w4rnl/Basic-Intermediate-Tutorial-Models/Tutorial-2/ch-13/13-1.nec,ok,ok,0.005029011517763138,0.005387607961893082,,0
cebik-w4rnl/Basic-Intermediate-Tutorial-Models/Tutorial-2/ch-13/13-1a.nec,ok,ok,0.0051928190514445305,0.00545358844101429,,0
cebik-w4rnl/Basic-Intermediate-Tutorial-Models/Tutorial-2/ch-13/13-1b.nec,ok,ok,0.005506853573024273,0.005669821985065937,,0
cebik-w4rnl/Basic-Intermediate-Tutorial-Models/Tutorial-2/ch-13/13-1c-nec4.nec,ok,ok,0.005211510695517063,0.005726201459765434,,0
cebik-w4rnl/Basic-Intermediate-Tutorial-Models/Tutorial-2/ch-13/13-1d.nec,ok,ok,0.0050377799198031425,0.00526050478219986,,0
cebik-w4rnl/Basic-Intermediate-Tutorial-Models/Tutorial-2/ch-13/13-2.nec,ok,ok,0.005015257745981216,0.0053692711517214775,,0
cebik-w4rnl/Basic-Intermediate-Tutorial-Models/Tutorial-2/ch-13/13-2a.nec,ok,ok,0.005010613240301609,0.0052711451426148415,,0
cebik-w4rnl/Basic-Intermediate-Tutorial-Models/Tutorial-2/ch-13/13-2b.nec,ok,ok,0.005096151493489742,0.005360981449484825,,0
cebik-w4rnl/Basic-Intermediate-Tutorial-Models/Tutorial-2/ch-13/13-2c.nec,ok,ok,0.005105691030621529,0.0058575402945280075,,0
cebik-w4rnl/Basic-Intermediate-Tutorial-Models/Tutorial-2/ch-13/13-2d.nec,ok,ok,0.005030639469623566,0.005310244858264923,,0
cebik-w4rnl/Basic-Intermediate-Tutorial-Models/Tutorial-2/ch-13/13-2e.nec,ok,ok,0.00499365758150816,0.005284606479108334,,0
cebik-w4rnl/Basic-Intermediate-Tutorial-Models/Tutorial-2/ch-13/13-3.nec,ok,ok,0.013315284624695778,0.012596295215189457,,0
cebik-w4rnl/Basic-Intermediate-Tutorial-Models/Tutorial-2/ch-13/13-3a.nec,ok,ok,0.013476165011525154,0.012551750056445599,,0
cebik-w4rnl/Basic-Intermediate-Tutorial-Models/Tutorial-2/ch-13/13-4.nec,ok,ok,0.0055637843906879425,0.005298974923789501,,0
cebik-w4rnl/Basic-Intermediate-Tutorial-Models/Tutorial-2/ch-13/13-4a.nec,ok,ok,0.005748420022428036,0.0053191836923360825,,0
cebik-w4rnl/Basic-Intermediate-Tutorial-Models/Tutorial-2/ch-13/13-4b.nec,ok,ok,0.00572634395211935,0.005372161045670509,,0
cebik-w4rnl/Basic-Intermediate-Tutorial-Models/Tutorial-2/ch-13/13-4c.nec,ok,ok,0.005959915928542614,0.005335870198905468,,0
cebik-w4rnl/Basic-Intermediate-Tutorial-Models/Tutorial-2/ch-13/13-4d.nec,ok,ok,0.006032861769199371,0.005241141654551029,,0
cebik-w4rnl/Basic-Intermediate-Tutorial-Models/Tutorial-2/ch-13/13-5.nec,ok,ok,0.00565873458981514,0.005350839346647263,,0
cebik-w4rnl/Basic-Intermediate-Tutorial-Models/Tutorial-2/ch-13/13-5a.nec,ok,ok,0.005576872266829014,0.005489392206072807,,0
cebik-w4rnl/Basic-Intermediate-Tutorial-Models/Tutorial-2/ch-13/13-6.nec,ok,ok,0.007372437976300716,0.007362063974142075,,0
cebik-w4rnl/Basic-Intermediate-Tutorial-Models/Tutorial-2/ch-13/13-6a.nec,ok,ok,0.007399768568575382,0.0073213763535022736,,0
cebik-w4rnl/Basic-Intermediate-Tutorial-Models/Tutorial-2/ch-13/13-6b.nec,ok,ok,0.007186073809862137,0.006850533187389374,,0
cebik-w4rnl/Basic-Intermediate-Tutorial-Models/Tutorial-2/ch-13/13-7.nec,ok,ok,0.009047076106071472,0.007762927561998367,,0
cebik-w4rnl/Basic-Intermediate-Tutorial-Models/Tutorial-2/ch-13/13-7a.nec,ok,ok,0.00901363231241703,0.007721557281911373,,0
cebik-w4rnl/Basic-Intermediate-Tutorial-Models/Tutorial-2/ch-13/13-7b.nec,ok,ok,0.019627303816378117,0.01525007002055645,,0
cebik-w4rnl/Basic-Intermediate-Tutorial-Models/Tutorial-2/ch-13/13-7c.nec,ok,ok,0.019763659685850143,0.015934543684124947,,0
cebik-w4rnl/Basic-Intermediate-Tutorial-Models/Tutorial-2/ch-13/13-8.nec,ok,ok,0.009718229062855244,0.007984938099980354,,0
cebik-w4rnl/Basic-Intermediate-Tutorial-Models/Tutorial-2/ch-13/13-8a.nec,ok,ok,0.009159165434539318,0.00809596385806799,,0
cebik-w4rnl/Basic-Intermediate-Tutorial-Models/Tutorial-2/ch-13/13-8b.nec,ok,ok,0.03326617740094662,0.024660758674144745,,0
cebik-w4rnl/Basic-Intermediate-Tutorial-Models/Tutorial-2/ch-13/13-8c.nec,ok,ok,0.0333290034905076,0.025225005112588406,,0
cebik-w4rnl/Basic-Intermediate-Tutorial-Models/Tutorial-2/ch-13/13-9.nec,ok,ok,0.03442765772342682,0.01927730906754732,,0
cebik-w4rnl/Basic-Intermediate-Tutorial-Models/Tutorial-2/ch-13/13-9a.nec,ok,ok,0.09524339996278286,0.06036464124917984,1.5778,1
cebik-w4rnl/Basic-Intermediate-Tutorial-Models/Tutorial-2/ch-14/14-1.nec,ok,ok,0.01767992600798607,0.013280187733471394,,0
cebik-w4rnl/Basic-Intermediate-Tutorial-Models/Tutorial-2/ch-14/14-1a.nec,ok,ok,0.01748619880527258,0.013282823376357555,,0
cebik-w4rnl/Basic-Intermediate-Tutorial-Models/Tutorial-2/ch-14/14-3.nec,ok,ok,0.04138022568076849,0.027578609995543957,,0
cebik-w4rnl/Basic-Intermediate-Tutorial-Models/Tutorial-2/ch-14/14-3a.nec,ok,ok,0.042339165695011616,0.02735642809420824,,0
cebik-w4rnl/Basic-Intermediate-Tutorial-Models/Tutorial-2/ch-14/14-3b.nec,ok,ok,0.04270600154995918,0.02753263618797064,,0
cebik-w4rnl/Basic-Intermediate-Tutorial-Models/Tutorial-2/ch-14/14-3c.nec,ok,ok,0.04210308939218521,0.027209720574319363,,0
cebik-w4rnl/Basic-Intermediate-Tutorial-Models/Tutorial-2/ch-14/14-3d.nec,ok,ok,0.04225348588079214,0.02747532818466425,,0
cebik-w4rnl/Basic-Intermediate-Tutorial-Models/Tutorial-2/ch-14/14-4.nec,ok,ok,0.00344229768961668,0.0037260912358760834,,0
cebik-w4rnl/Basic-Intermediate-Tutorial-Models/Tutorial-2/ch-14/14-4a.nec,ok,ok,0.0034470735117793083,0.00399516336619854,,0
cebik-w4rnl/Basic-Intermediate-Tutorial-Models/Tutorial-2/ch-14/14-4b.nec,ok,ok,0.0032554445788264275,0.0040724799036979675,,0
cebik-w4rnl/Basic-Intermediate-Tutorial-Models/Tutorial-2/ch-14/14-4c.nec,ok,ok,0.003254106268286705,0.003708929754793644,,0
cebik-w4rnl/Basic-Intermediate-Tutorial-Models/Tutorial-2/ch-14/14-5.nec,ok,ok,0.02255847677588463,0.016532042995095253,,0
cebik-w4rnl/Basic-Intermediate-Tutorial-Models/Tutorial-2/ch-14/14-5a.nec,ok,ok,0.024644168093800545,0.01774811465293169,,0
cebik-w4rnl/Basic-Intermediate-Tutorial-Models/Tutorial-2/ch-14/14-6.nec,ok,ok,0.016868671402335167,0.012000310234725475,,0
cebik-w4rnl/Basic-Intermediate-Tutorial-Models/Tutorial-2/ch-14/14-6a.nec,ok,ok,0.01718773879110813,0.012954432517290115,,0
cebik-w4rnl/Basic-Intermediate-Tutorial-Models/Tutorial-2/ch-14/14-6b.nec,ok,ok,0.0175211438909173,0.012580269947648048,,0
cebik-w4rnl/Basic-Intermediate-Tutorial-Models/Tutorial-2/ch-14/14-6c.nec,ok,ok,0.017666323110461235,0.012246024794876575,,0
cebik-w4rnl/Basic-Intermediate-Tutorial-Models/Tutorial-2/ch-14/14-6d.nec,ok,ok,0.017226174473762512,0.012252168729901314,,0
cebik-w4rnl/Basic-Intermediate-Tutorial-Models/Tutorial-2/ch-15/15-1.nec,ok,ok,0.005774102173745632,0.005693539977073669,,0
cebik-w4rnl/Basic-Intermediate-Tutorial-Models/Tutorial-2/ch-15/15-1a.nec,ok,ok,0.0056206174194812775,0.005680689588189125,,0
cebik-w4rnl/Basic-Intermediate-Tutorial-Models/Tutorial-2/ch-15/15-1b.nec,ok,ok,0.005617300979793072,0.005986461415886879,,0
cebik-w4rnl/Basic-Intermediate-Tutorial-Models/Tutorial-2/ch-15/15-1c.nec,ok,ok,0.005729372613132,0.00627303309738636,,0
cebik-w4rnl/Basic-Intermediate-Tutorial-Models/Tutorial-2/ch-15/15-1c1.nec,ok,ok,0.05636798124760389,0.05132187902927399,1.0983,1
cebik-w4rnl/Basic-Intermediate-Tutorial-Models/Tutorial-2/ch-15/15-1d.nec,ok,ok,0.0056556472554802895,0.005836013704538345,,0
cebik-w4rnl/Basic-Intermediate-Tutorial-Models/Tutorial-2/ch-15/15-1d1.nec,ok,ok,0.05669279955327511,0.05198807455599308,1.0905,1
cebik-w4rnl/Basic-Intermediate-Tutorial-Models/Tutorial-2/ch-15/15-2.nec,ok,ok,0.007727069780230522,0.0058672381564974785,,0
cebik-w4rnl/Basic-Intermediate-Tutorial-Models/Tutorial-2/ch-15/15-2a.nec,ok,ok,0.006042676977813244,0.005953050218522549,,0
cebik-w4rnl/Basic-Intermediate-Tutorial-Models/Tutorial-2/ch-15/15-2b.nec,ok,ok,0.005887032486498356,0.006085256114602089,,0
cebik-w4rnl/Basic-Intermediate-Tutorial-Models/Tutorial-2/ch-15/15-3.nec,ok,ok,0.09183803386986256,0.06940264906734228,1.3233,1
cebik-w4rnl/Basic-Intermediate-Tutorial-Models/Tutorial-2/ch-15/15-3a.nec,ok,ok,0.08950022980570793,0.0545121431350708,1.6418,1
cebik-w4rnl/Basic-Intermediate-Tutorial-Models/Tutorial-2/ch-15/15-4-1.nec,ok,ok,0.0050489455461502075,0.005314746871590614,,0
cebik-w4rnl/Basic-Intermediate-Tutorial-Models/Tutorial-2/ch-15/15-4.nec,ok,ok,0.005106352269649506,0.0052097262814641,,0
cebik-w4rnl/Basic-Intermediate-Tutorial-Models/Tutorial-2/ch-15/15-4a.nec,ok,ok,0.005322623997926712,0.005233150906860828,,0
cebik-w4rnl/Basic-Intermediate-Tutorial-Models/Tutorial-2/ch-15/15-4a1.nec,ok,ok,0.005534046329557896,0.005299811251461506,,0
cebik-w4rnl/Basic-Intermediate-Tutorial-Models/Tutorial-2/ch-15/15-4b.nec,ok,ok,0.005012493580579758,0.005285760387778282,,0
cebik-w4rnl/Basic-Intermediate-Tutorial-Models/Tutorial-2/ch-15/15-4b1.nec,ok,ok,0.004994637332856655,0.005408975295722485,,0
cebik-w4rnl/Basic-Intermediate-Tutorial-Models/Tutorial-2/ch-15/15-4c.nec,ok,ok,0.0066995564848184586,0.005211859010159969,,0
cebik-w4rnl/Basic-Intermediate-Tutorial-Models/Tutorial-2/ch-15/15-4c1.nec,ok,ok,0.007020637392997742,0.0054030390456318855,,0
cebik-w4rnl/Basic-Intermediate-Tutorial-Models/Tutorial-2/ch-15/15-5-1.nec,ok,ok,0.005055125802755356,0.005243908613920212,,0
cebik-w4rnl/Basic-Intermediate-Tutorial-Models/Tutorial-2/ch-15/15-5.nec,ok,ok,0.005019227974116802,0.005270082503557205,,0
cebik-w4rnl/Basic-Intermediate-Tutorial-Models/Tutorial-2/ch-15/15-5a-1.nec,ok,ok,0.005054662004113197,0.008267168886959553,,0
cebik-w4rnl/Basic-Intermediate-Tutorial-Models/Tutorial-2/ch-15/15-5a.nec,ok,ok,0.005088400095701218,0.005362270399928093,,0
cebik-w4rnl/Basic-Intermediate-Tutorial-Models/Tutorial-2/ch-15/15-5b-1.nec,ok,ok,0.0050406791269779205,0.008513171225786209,,0
cebik-w4rnl/Basic-Intermediate-Tutorial-Models/Tutorial-2/ch-15/15-5b.nec,ok,ok,0.0051118312403559685,0.005488390102982521,,0
cebik-w4rnl/Basic-Intermediate-Tutorial-Models/Tutorial-2/ch-15/15-6.nec,ok,ok,0.0058152880519628525,0.008557991124689579,,0
cebik-w4rnl/Basic-Intermediate-Tutorial-Models/Tutorial-2/ch-15/15-6a.nec,ok,ok,0.011359618045389652,0.00955237541347742,,0
cebik-w4rnl/Basic-Intermediate-Tutorial-Models/Tutorial-2/ch-15/15-6b.nec,ok,ok,0.1729340674355626,0.1285208174958825,1.3456,1
cebik-w4rnl/Basic-Intermediate-Tutorial-Models/Tutorial-2/ch-15/15-7.nec,ok,ok,0.032622020691633224,0.0235054986551404,,0
cebik-w4rnl/Basic-Intermediate-Tutorial-Models/Tutorial-2/ch-15/15-7a.nec,ok,ok,0.5263311062008142,0.3699398981407285,1.4227,1
cebik-w4rnl/Basic-Intermediate-Tutorial-Models/Tutorial-2/ch-15/15-7b.nec,ok,ok,0.03283940069377422,0.023908275179564953,,0
cebik-w4rnl/Basic-Intermediate-Tutorial-Models/Tutorial-2/ch-15/15-7c.nec,ok,ok,0.33003388717770576,0.2107149101793766,1.5663,1
cebik-w4rnl/Basic-Intermediate-Tutorial-Models/Tutorial-2/ch-15/15-8.nec,ok,ok,0.32626972906291485,0.20991703681647778,1.5543,1
cebik-w4rnl/Basic-Intermediate-Tutorial-Models/Tutorial-2/ch-15/15-8a.nec,ok,ok,0.32756493892520666,0.2088578473776579,1.5684,1
cebik-w4rnl/Basic-Intermediate-Tutorial-Models/Tutorial-2/ch-15/15-8b.nec,ok,ok,0.32828537188470364,0.2115111593157053,1.5521,1
cebik-w4rnl/Basic-Intermediate-Tutorial-Models/Tutorial-2/ch-15/15-9.nec,ok,ok,0.011715449392795563,0.009929326362907887,,0
cebik-w4rnl/Basic-Intermediate-Tutorial-Models/Tutorial-2/ch-15/15-9a.nec,ok,ok,0.09685124550014734,0.0650493698194623,1.4889,1
cebik-w4rnl/Basic-Intermediate-Tutorial-Models/Tutorial-2/ch-16/16-1.nec,ok,ok,0.005034019239246845,0.005298284813761711,,0
cebik-w4rnl/Basic-Intermediate-Tutorial-Models/Tutorial-2/ch-16/16-10a.nec,ok,ok,0.005464514717459679,0.00550707895308733,,0
cebik-w4rnl/Basic-Intermediate-Tutorial-Models/Tutorial-2/ch-16/16-10b.nec,ok,ok,0.005402753129601479,0.005498018115758896,,0
cebik-w4rnl/Basic-Intermediate-Tutorial-Models/Tutorial-2/ch-16/16-10c.nec,ok,ok,0.005367248319089413,0.005467262119054794,,0
cebik-w4rnl/Basic-Intermediate-Tutorial-Models/Tutorial-2/ch-16/16-10d.nec,ok,ok,0.005522924475371838,0.005493806675076485,,0
cebik-w4rnl/Basic-Intermediate-Tutorial-Models/Tutorial-2/ch-16/16-10e.nec,ok,ok,0.005430718883872032,0.005549881607294083,,0
cebik-w4rnl/Basic-Intermediate-Tutorial-Models/Tutorial-2/ch-16/16-10f.nec,ok,ok,0.005516371689736843,0.005520347505807877,,0
cebik-w4rnl/Basic-Intermediate-Tutorial-Models/Tutorial-2/ch-16/16-10g.nec,ok,ok,0.005380075424909592,0.005583232268691063,,0
cebik-w4rnl/Basic-Intermediate-Tutorial-Models/Tutorial-2/ch-16/16-10h.nec,ok,ok,0.005374966189265251,0.005647797137498856,,0
cebik-w4rnl/Basic-Intermediate-Tutorial-Models/Tutorial-2/ch-16/16-11a.nec,ok,ok,0.005439662374556065,0.005633290857076645,,0
cebik-w4rnl/Basic-Intermediate-Tutorial-Models/Tutorial-2/ch-16/16-11b.nec,ok,ok,0.005494506098330021,0.005589411593973637,,0
cebik-w4rnl/Basic-Intermediate-Tutorial-Models/Tutorial-2/ch-16/16-11c.nec,ok,ok,0.00554534699767828,0.005455031991004944,,0
cebik-w4rnl/Basic-Intermediate-Tutorial-Models/Tutorial-2/ch-16/16-11d.nec,ok,ok,0.005506676621735096,0.005711075849831104,,0
cebik-w4rnl/Basic-Intermediate-Tutorial-Models/Tutorial-2/ch-16/16-11e.nec,ok,ok,0.005478130653500557,0.0054407911375164986,,0
cebik-w4rnl/Basic-Intermediate-Tutorial-Models/Tutorial-2/ch-16/16-11f.nec,ok,ok,0.005526440218091011,0.00581689178943634,,0
cebik-w4rnl/Basic-Intermediate-Tutorial-Models/Tutorial-2/ch-16/16-11g.nec,ok,ok,0.005523345433175564,0.008064123801887035,,0
cebik-w4rnl/Basic-Intermediate-Tutorial-Models/Tutorial-2/ch-16/16-11h.nec,ok,ok,0.00550264585763216,0.007837658748030663,,0
cebik-w4rnl/Basic-Intermediate-Tutorial-Models/Tutorial-2/ch-16/16-1a.nec,ok,ok,0.005161556415259838,0.005510023795068264,,0
cebik-w4rnl/Basic-Intermediate-Tutorial-Models/Tutorial-2/ch-16/16-1b.nec,ok,ok,0.005055544897913933,0.0055269477888941765,,0
cebik-w4rnl/Basic-Intermediate-Tutorial-Models/Tutorial-2/ch-16/16-1c.nec,ok,ok,0.0051766810938715935,0.007445270195603371,,0
cebik-w4rnl/Basic-Intermediate-Tutorial-Models/Tutorial-2/ch-16/16-1d.nec,ok,ok,0.005057480186223984,0.008491426706314087,,0
cebik-w4rnl/Basic-Intermediate-Tutorial-Models/Tutorial-2/ch-16/16-2.nec,ok,ok,0.00504448264837265,0.006157156080007553,,0
cebik-w4rnl/Basic-Intermediate-Tutorial-Models/Tutorial-2/ch-16/16-2a.nec,ok,ok,0.005092158913612366,0.005484254099428654,,0
cebik-w4rnl/Basic-Intermediate-Tutorial-Models/Tutorial-2/ch-16/16-2b.nec,ok,ok,0.005107969045639038,0.007657072506844997,,0
cebik-w4rnl/Basic-Intermediate-Tutorial-Models/Tutorial-2/ch-16/16-2c.nec,ok,ok,0.005240190774202347,0.005429578013718128,,0
cebik-w4rnl/Basic-Intermediate-Tutorial-Models/Tutorial-2/ch-16/16-2d.nec,ok,ok,0.008425385691225529,0.007513026706874371,,0
cebik-w4rnl/Basic-Intermediate-Tutorial-Models/Tutorial-2/ch-16/16-3.nec,ok,ok,0.005566367879509926,0.005582941696047783,,0
cebik-w4rnl/Basic-Intermediate-Tutorial-Models/Tutorial-2/ch-16/16-4.nec,ok,ok,0.005235964432358742,0.007942486554384232,,0
cebik-w4rnl/Basic-Intermediate-Tutorial-Models/Tutorial-2/ch-16/16-4a.nec,ok,ok,0.005536739714443684,0.005744479596614838,,0
cebik-w4rnl/Basic-Intermediate-Tutorial-Models/Tutorial-2/ch-16/16-5.nec,ok,ok,0.008764003403484821,0.005637842230498791,,0
cebik-w4rnl/Basic-Intermediate-Tutorial-Models/Tutorial-2/ch-16/16-5a.nec,ok,ok,0.005570185370743275,0.0056395456194877625,,0
cebik-w4rnl/Basic-Intermediate-Tutorial-Models/Tutorial-2/ch-16/16-6.nec,ok,ok,0.008550538681447506,0.005717822350561619,,0
cebik-w4rnl/Basic-Intermediate-Tutorial-Models/Tutorial-2/ch-16/16-6a.nec,ok,ok,0.005475543439388275,0.00585002638399601,,0
cebik-w4rnl/Basic-Intermediate-Tutorial-Models/Tutorial-2/ch-16/16-7.nec,ok,ok,0.01802746020257473,0.012475049123167992,,0
cebik-w4rnl/Basic-Intermediate-Tutorial-Models/Tutorial-2/ch-16/16-7a.nec,ok,ok,0.018416103906929493,0.012461989186704159,,0
cebik-w4rnl/Basic-Intermediate-Tutorial-Models/Tutorial-2/ch-16/16-7b.nec,ok,ok,0.018685863353312016,0.011632968671619892,,0
cebik-w4rnl/Basic-Intermediate-Tutorial-Models/Tutorial-2/ch-16/16-8.nec,ok,ok,0.0055022211745381355,0.005610274150967598,,0
cebik-w4rnl/Basic-Intermediate-Tutorial-Models/Tutorial-2/ch-16/16-8a.nec,ok,ok,0.0055294521152973175,0.005577375181019306,,0
cebik-w4rnl/Basic-Intermediate-Tutorial-Models/Tutorial-2/ch-16/16-8b.nec,ok,ok,0.008479494601488113,0.005629147402942181,,0
cebik-w4rnl/Basic-Intermediate-Tutorial-Models/Tutorial-2/ch-16/16-8c.nec,ok,ok,0.005559641867876053,0.0056336624547839165,,0
cebik-w4rnl/Basic-Intermediate-Tutorial-Models/Tutorial-2/ch-16/16-8d.nec,ok,ok,0.008490649051964283,0.005475320853292942,,0
cebik-w4rnl/Basic-Intermediate-Tutorial-Models/Tutorial-2/ch-16/16-9.nec,ok,ok,0.005622986704111099,0.005611102096736431,,0
cebik-w4rnl/Basic-Intermediate-Tutorial-Models/Tutorial-2/ch-16/16-9a.nec,ok,ok,0.005293714813888073,0.005698470398783684,,0
cebik-w4rnl/Basic-Intermediate-Tutorial-Models/Tutorial-2/ch-16/16-9b.nec,ok,ok,0.007977443747222424,0.005788416601717472,,0
cebik-w4rnl/Basic-Intermediate-Tutorial-Models/Tutorial-2/ch-16/16-9c.nec,ok,ok,0.005733422935009003,0.005716068670153618,,0
cebik-w4rnl/Basic-Intermediate-Tutorial-Models/Tutorial-2/ch-16/16-9d.nec,ok,ok,0.005523622967302799,0.005537062883377075,,0
cebik-w4rnl/Basic-Intermediate-Tutorial-Models/Tutorial-2/ch-16/16-9e.nec,ok,ok,0.007867041975259781,0.005823234096169472,,0
cebik-w4rnl/Basic-Intermediate-Tutorial-Models/Tutorial-2/ch-16/16-9f.nec,ok,ok,0.0056983837857842445,0.0055931368842720985,,0
cebik-w4rnl/Basic-Intermediate-Tutorial-Models/Tutorial-2/ch-16/16-9g.nec,ok,ok,0.005722894333302975,0.005619346164166927,,0
cebik-w4rnl/Basic-Intermediate-Tutorial-Models/Tutorial-2/ch-16/16-9h.nec,ok,ok,0.005529025569558144,0.005586966872215271,,0
cebik-w4rnl/Basic-Intermediate-Tutorial-Models/Tutorial-2/ch-17/17-1.nec,ok,ok,0.007865333929657936,0.006441889330744743,,0
cebik-w4rnl/Basic-Intermediate-Tutorial-Models/Tutorial-2/ch-17/17-10-nec2.nec,ok,ok,0.04395213257521391,0.03709997795522213,,0
cebik-w4rnl/Basic-Intermediate-Tutorial-Models/Tutorial-2/ch-17/17-10-nec4.nec,ok,ok,0.03023366630077362,0.019609916023910046,,0
cebik-w4rnl/Basic-Intermediate-Tutorial-Models/Tutorial-2/ch-17/17-11-nec2.nec,ok,ok,0.04711237456649542,0.03958915174007416,,0
cebik-w4rnl/Basic-Intermediate-Tutorial-Models/Tutorial-2/ch-17/17-11-nec4.nec,ok,ok,0.031234067864716053,0.019654655829072,,0
cebik-w4rnl/Basic-Intermediate-Tutorial-Models/Tutorial-2/ch-17/17-1a.nec,ok,ok,0.10407477710396051,0.06833039503544569,1.5231,1
cebik-w4rnl/Basic-Intermediate-Tutorial-Models/Tutorial-2/ch-17/17-2.nec,ok,ok,0.2831027200445533,0.229988650418818,1.2309,1
cebik-w4rnl/Basic-Intermediate-Tutorial-Models/Tutorial-2/ch-17/17-2a.nec,ok,ok,0.16864334419369698,0.1187403341755271,1.4203,1
cebik-w4rnl/Basic-Intermediate-Tutorial-Models/Tutorial-2/ch-17/17-3.nec,ok,ok,0.11597425118088722,0.08074202761054039,1.4364,1
cebik-w4rnl/Basic-Intermediate-Tutorial-Models/Tutorial-2/ch-17/17-3a.nec,ok,ok,0.10218299552798271,0.10883414093405008,0.9389,1
cebik-w4rnl/Basic-Intermediate-Tutorial-Models/Tutorial-2/ch-17/17-4.nec,ok,ok,0.004627107642591,0.004763416014611721,,0
cebik-w4rnl/Basic-Intermediate-Tutorial-Models/Tutorial-2/ch-17/17-5.nec,ok,ok,0.004956677556037903,0.00500917062163353,,0
cebik-w4rnl/Basic-Intermediate-Tutorial-Models/Tutorial-2/ch-18/18-1.nec,ok,ok,0.1011141985654831,0.06548838876187801,1.5440,1
cebik-w4rnl/Basic-Intermediate-Tutorial-Models/Tutorial-2/ch-18/18-10.nec,ok,ok,0.7189203994348645,0.3431934239342809,2.0948,1
cebik-w4rnl/Basic-Intermediate-Tutorial-Models/Tutorial-2/ch-18/18-11.nec,no-impedance,no-impedance,0.0029310453683137894,0.0031224219128489494,,0
cebik-w4rnl/Basic-Intermediate-Tutorial-Models/Tutorial-2/ch-18/18-11a.nec,ok,ok,0.8799261562526226,0.5596584547311068,1.5723,1
cebik-w4rnl/Basic-Intermediate-Tutorial-Models/Tutorial-2/ch-18/18-11b.nec,ok,ok,0.8815904892981052,0.5576275670900941,1.5810,1
cebik-w4rnl/Basic-Intermediate-Tutorial-Models/Tutorial-2/ch-18/18-11c.nec,ok,ok,1.7589645646512508,1.116094614379108,1.5760,1
cebik-w4rnl/Basic-Intermediate-Tutorial-Models/Tutorial-2/ch-18/18-12-nec2.nec,ok,ok,0.003453494980931282,0.00370696559548378,,0
cebik-w4rnl/Basic-Intermediate-Tutorial-Models/Tutorial-2/ch-18/18-12-nec4.nec,ok,ok,0.003408251330256462,0.003676316700875759,,0
cebik-w4rnl/Basic-Intermediate-Tutorial-Models/Tutorial-2/ch-18/18-13-nec4.nec,ok,ok,0.003321218304336071,0.0036439402028918266,,0
cebik-w4rnl/Basic-Intermediate-Tutorial-Models/Tutorial-2/ch-18/18-14-nec4.nec,ok,ok,0.0036637429147958755,0.003956455737352371,,0
cebik-w4rnl/Basic-Intermediate-Tutorial-Models/Tutorial-2/ch-18/18-2.nec,ok,ok,0.1015128530561924,0.06559267081320286,1.5476,1
cebik-w4rnl/Basic-Intermediate-Tutorial-Models/Tutorial-2/ch-18/18-3.nec,ok,ok,0.10119393188506365,0.0655781589448452,1.5431,1
cebik-w4rnl/Basic-Intermediate-Tutorial-Models/Tutorial-2/ch-18/18-4.nec,ok,ok,0.10183050855994225,0.06566553004086018,1.5507,1
cebik-w4rnl/Basic-Intermediate-Tutorial-Models/Tutorial-2/ch-18/18-5-nec4.nec,ok,ok,0.10219452809542418,0.06551169510930777,1.5599,1
cebik-w4rnl/Basic-Intermediate-Tutorial-Models/Tutorial-2/ch-18/18-6.nec,ok,ok,0.101645995862782,0.06533835176378489,1.5557,1
cebik-w4rnl/Basic-Intermediate-Tutorial-Models/Tutorial-2/ch-18/18-7.nec,ok,ok,0.2875397289171815,0.14485568925738335,1.9850,1
cebik-w4rnl/Basic-Intermediate-Tutorial-Models/Tutorial-2/ch-18/18-8.nec,ok,ok,0.26288473699241877,0.1334382090717554,1.9701,1
cebik-w4rnl/Basic-Intermediate-Tutorial-Models/Tutorial-2/ch-18/18-9.nec,ok,ok,1.0856526028364897,0.4910854808986187,2.2107,1
cebik-w4rnl/Basic-Intermediate-Tutorial-Models/Tutorial-2/ch-19/19-1.nec,ok,ok,0.004930552095174789,0.005339291878044605,,0
cebik-w4rnl/Basic-Intermediate-Tutorial-Models/Tutorial-2/ch-19/19-10.nec,ok,ok,0.013455430045723915,0.011219101026654243,,0
cebik-w4rnl/Basic-Intermediate-Tutorial-Models/Tutorial-2/ch-19/19-10a.nec,ok,ok,0.8060464467853308,0.6524529168382287,1.2354,1
cebik-w4rnl/Basic-Intermediate-Tutorial-Models/Tutorial-2/ch-19/19-10b.nec,ok,ok,0.549849952571094,0.41767582949250937,1.3165,1
cebik-w4rnl/Basic-Intermediate-Tutorial-Models/Tutorial-2/ch-19/19-11.nec,ok,ok,0.008327842690050602,0.11310611199587584,,0
cebik-w4rnl/Basic-Intermediate-Tutorial-Models/Tutorial-2/ch-19/19-11a.nec,ok,ok,0.008349602110683918,0.0067947907373309135,,0
cebik-w4rnl/Basic-Intermediate-Tutorial-Models/Tutorial-2/ch-19/19-11b.nec,ok,ok,0.008399424143135548,0.006494300439953804,,0
cebik-w4rnl/Basic-Intermediate-Tutorial-Models/Tutorial-2/ch-19/19-11c.nec,ok,ok,0.14533540327101946,0.0915652634575963,1.5872,1
cebik-w4rnl/Basic-Intermediate-Tutorial-Models/Tutorial-2/ch-19/19-12.nec,ok-no-source,ok-no-source,0.009220602922141552,0.007287973538041115,,0
cebik-w4rnl/Basic-Intermediate-Tutorial-Models/Tutorial-2/ch-19/19-12a.nec,ok-no-source,ok-no-source,0.009116820991039276,0.007589323446154594,,0
cebik-w4rnl/Basic-Intermediate-Tutorial-Models/Tutorial-2/ch-19/19-12b.nec,ok-no-source,ok-no-source,0.014751055277884007,0.011303828097879887,,0
cebik-w4rnl/Basic-Intermediate-Tutorial-Models/Tutorial-2/ch-19/19-13.nec,ok-no-source,ok-no-source,0.009225815534591675,0.007665747776627541,,0
cebik-w4rnl/Basic-Intermediate-Tutorial-Models/Tutorial-2/ch-19/19-13a.nec,ok-no-source,ok-no-source,0.009100654162466526,0.007577869109809399,,0
cebik-w4rnl/Basic-Intermediate-Tutorial-Models/Tutorial-2/ch-19/19-14.nec,ok-no-source,ok-no-source,0.00925200805068016,0.0075014811009168625,,0
cebik-w4rnl/Basic-Intermediate-Tutorial-Models/Tutorial-2/ch-19/19-15-nec4.nec,ok-no-source,ok-no-source,0.009148472920060158,0.007568071596324444,,0
cebik-w4rnl/Basic-Intermediate-Tutorial-Models/Tutorial-2/ch-19/19-15a-nec4.nec,ok-no-source,ok-no-source,0.009141581133008003,0.007557131350040436,,0
cebik-w4rnl/Basic-Intermediate-Tutorial-Models/Tutorial-2/ch-19/19-16.nec,ok-no-source,ok-no-source,1.2533223954960704,0.6930975504219532,,0
cebik-w4rnl/Basic-Intermediate-Tutorial-Models/Tutorial-2/ch-19/19-16a.nec,ok-no-source,ok-no-source,1.253296890296042,0.6976949227973819,,0
cebik-w4rnl/Basic-Intermediate-Tutorial-Models/Tutorial-2/ch-19/19-16b.nec,ok-no-source,ok-no-source,1.2485508928075433,0.692523293197155,,0
cebik-w4rnl/Basic-Intermediate-Tutorial-Models/Tutorial-2/ch-19/19-1a.nec,ok-no-source,ok-no-source,0.003123779781162739,0.003508034162223339,,0
cebik-w4rnl/Basic-Intermediate-Tutorial-Models/Tutorial-2/ch-19/19-2.nec,ok,ok,0.10141233820468187,0.0667742695659399,1.5187,1
cebik-w4rnl/Basic-Intermediate-Tutorial-Models/Tutorial-2/ch-19/19-2a.nec,ok-no-source,ok-no-source,0.10059991851449013,0.0659459326416254,,0
cebik-w4rnl/Basic-Intermediate-Tutorial-Models/Tutorial-2/ch-19/19-3.nec,ok,ok,0.005814923904836178,0.006058411672711372,,0
cebik-w4rnl/Basic-Intermediate-Tutorial-Models/Tutorial-2/ch-19/19-3a.nec,ok-no-source,ok-no-source,0.0033569373190402985,0.0041241636499762535,,0
cebik-w4rnl/Basic-Intermediate-Tutorial-Models/Tutorial-2/ch-19/19-4.nec,ok,ok,0.005203628912568092,0.005676552653312683,,0
cebik-w4rnl/Basic-Intermediate-Tutorial-Models/Tutorial-2/ch-19/19-4a.nec,ok-no-source,ok-no-source,0.003460526466369629,0.004093554802238941,,0
cebik-w4rnl/Basic-Intermediate-Tutorial-Models/Tutorial-2/ch-19/19-5a.nec,ok-no-source,ok-no-source,0.0029542455449700356,0.003586658276617527,,0
cebik-w4rnl/Basic-Intermediate-Tutorial-Models/Tutorial-2/ch-19/19-5b.nec,ok-no-source,ok-no-source,0.0028783967718482018,0.0036906301975250244,,0
cebik-w4rnl/Basic-Intermediate-Tutorial-Models/Tutorial-2/ch-19/19-5c.nec,ok-no-source,ok-no-source,0.0029977448284626007,0.0038504954427480698,,0
cebik-w4rnl/Basic-Intermediate-Tutorial-Models/Tutorial-2/ch-19/19-5d.nec,ok-no-source,ok-no-source,0.00284573994576931,0.003710484132170677,,0
cebik-w4rnl/Basic-Intermediate-Tutorial-Models/Tutorial-2/ch-19/19-5e.nec,ok-no-source,ok-no-source,0.002830938436090946,0.0037547629326581955,,0
cebik-w4rnl/Basic-Intermediate-Tutorial-Models/Tutorial-2/ch-19/19-6a.nec,ok-no-source,ok-no-source,0.10016640368849039,0.06633651070296764,,0
cebik-w4rnl/Basic-Intermediate-Tutorial-Models/Tutorial-2/ch-19/19-6b.nec,ok-no-source,ok-no-source,0.10063879378139973,0.06526379194110632,,0
cebik-w4rnl/Basic-Intermediate-Tutorial-Models/Tutorial-2/ch-19/19-6c.nec,ok-no-source,ok-no-source,0.10037598665803671,0.06564310938119888,,0
cebik-w4rnl/Basic-Intermediate-Tutorial-Models/Tutorial-2/ch-19/19-6d.nec,ok-no-source,ok-no-source,0.10036818590015173,0.06523947604000568,,0
cebik-w4rnl/Basic-Intermediate-Tutorial-Models/Tutorial-2/ch-19/19-6e.nec,ok-no-source,ok-no-source,0.10099542234092951,0.06574469525367022,,0
cebik-w4rnl/Basic-Intermediate-Tutorial-Models/Tutorial-2/ch-19/19-7-nec2.nec,ok,ok,0.037522196769714355,0.031992848962545395,,0
cebik-w4rnl/Basic-Intermediate-Tutorial-Models/Tutorial-2/ch-19/19-7a-nec2.nec,ok-no-source,ok-no-source,0.010823090560734272,0.009593027643859386,,0
cebik-w4rnl/Basic-Intermediate-Tutorial-Models/Tutorial-2/ch-19/19-7b-nec2.nec,ok-no-source,ok-no-source,0.010339563712477684,0.009616602212190628,,0
cebik-w4rnl/Basic-Intermediate-Tutorial-Models/Tutorial-2/ch-19/19-8-nec2.nec,ok,ok,0.03900967165827751,0.03448925167322159,,0
cebik-w4rnl/Basic-Intermediate-Tutorial-Models/Tutorial-2/ch-19/19-8a-nec2.nec,ok-no-source,ok-no-source,0.0115947425365448,0.010813810862600803,,0
cebik-w4rnl/Basic-Intermediate-Tutorial-Models/Tutorial-2/ch-19/19-8b-nec2.nec,ok-no-source,ok-no-source,0.011589177884161472,0.01095928717404604,,0
cebik-w4rnl/Basic-Intermediate-Tutorial-Models/Tutorial-2/ch-19/19-9b-nec.nec,ok-no-source,ok-no-source,0.010349650867283344,0.009761647321283817,,0
cebik-w4rnl/Basic-Intermediate-Tutorial-Models/Tutorial-2/ch-19/19-9c-nec2.nec,ok-no-source,ok-no-source,0.010413610376417637,0.009874722920358181,,0
cebik-w4rnl/Basic-Intermediate-Tutorial-Models/Tutorial-2/ch-19/19-9d-nec2.nec,ok-no-source,ok-no-source,0.010349833406507969,0.009416690096259117,,0
cebik-w4rnl/Basic-Intermediate-Tutorial-Models/Tutorial-2/ch-19/19-9e-nec2.nec,ok-no-source,ok-no-source,0.010337376035749912,0.016977421939373016,,0
cebik-w4rnl/Basic-Intermediate-Tutorial-Models/Tutorial-2/ch-2/2-0.nec,ok,ok,0.005667876452207565,0.005776390433311462,,0
cebik-w4rnl/Basic-Intermediate-Tutorial-Models/Tutorial-2/ch-2/2-1.nec,ok,ok,0.007270338013768196,0.006457624025642872,,0
cebik-w4rnl/Basic-Intermediate-Tutorial-Models/Tutorial-2/ch-2/2-1a.nec,ok,ok,0.007218795828521252,0.008691120892763138,,0
cebik-w4rnl/Basic-Intermediate-Tutorial-Models/Tutorial-2/ch-2/2-1b.nec,ok,ok,0.014555701054632664,0.0089867003262043,,0
cebik-w4rnl/Basic-Intermediate-Tutorial-Models/Tutorial-2/ch-2/2-1c.nec,ok,ok,0.007373029366135597,0.006352062337100506,,0
cebik-w4rnl/Basic-Intermediate-Tutorial-Models/Tutorial-2/ch-2/2-2.nec,ok,ok,0.0050627803429961205,0.005362474359571934,,0
cebik-w4rnl/Basic-Intermediate-Tutorial-Models/Tutorial-2/ch-2/2-2a.nec,ok,ok,0.005326179787516594,0.007518012076616287,,0
cebik-w4rnl/Basic-Intermediate-Tutorial-Models/Tutorial-2/ch-2/2-2b.nec,ok,ok,0.005029389634728432,0.0074544670060276985,,0
cebik-w4rnl/Basic-Intermediate-Tutorial-Models/Tutorial-2/ch-2/2-2c.nec,ok,ok,0.005183147266507149,0.005207573063671589,,0
cebik-w4rnl/Basic-Intermediate-Tutorial-Models/Tutorial-2/ch-2/2-2d.nec,error,error,0.0029470734298229218,0.0030842963606119156,,0
cebik-w4rnl/Basic-Intermediate-Tutorial-Models/Tutorial-2/ch-2/2-3.nec,ok,ok,0.005172548815608025,0.005902595818042755,,0
cebik-w4rnl/Basic-Intermediate-Tutorial-Models/Tutorial-2/ch-2/2-3a.nec,ok,ok,0.0052004242315888405,0.005403950810432434,,0
cebik-w4rnl/Basic-Intermediate-Tutorial-Models/Tutorial-2/ch-2/2-4.nec,ok,ok,0.0064764730632305145,0.00654410757124424,,0
cebik-w4rnl/Basic-Intermediate-Tutorial-Models/Tutorial-2/ch-2/2-4a-nec2.nec,ok,ok,0.006601992063224316,0.006550922989845276,,0
cebik-w4rnl/Basic-Intermediate-Tutorial-Models/Tutorial-2/ch-2/2-4a-nec4.nec,ok,ok,0.006392873823642731,0.0065403711050748825,,0
cebik-w4rnl/Basic-Intermediate-Tutorial-Models/Tutorial-2/ch-2/2-5.nec,ok,ok,0.06460889521986246,0.05071344133466482,1.2740,1
cebik-w4rnl/Basic-Intermediate-Tutorial-Models/Tutorial-2/ch-2/2-5a-nec2.nec,ok,ok,0.06490276474505663,0.04978302028030157,,0
cebik-w4rnl/Basic-Intermediate-Tutorial-Models/Tutorial-2/ch-2/2-5a-nec4.nec,ok,ok,0.06104708183556795,0.04709785245358944,,0
cebik-w4rnl/Basic-Intermediate-Tutorial-Models/Tutorial-2/ch-2/2-5b-nec2.nec,ok,ok,0.06683546584099531,0.050648029893636703,1.3196,1
cebik-w4rnl/Basic-Intermediate-Tutorial-Models/Tutorial-2/ch-2/2-5b-nec4.nec,ok,ok,0.061251573264598846,0.04757409356534481,,0
cebik-w4rnl/Basic-Intermediate-Tutorial-Models/Tutorial-2/ch-2/2-6-nec2.nec,ok,ok,0.024213965982198715,0.01711920090019703,,0
cebik-w4rnl/Basic-Intermediate-Tutorial-Models/Tutorial-2/ch-2/2-6-nec4.nec,ok,ok,0.024495244957506657,0.017118072137236595,,0
cebik-w4rnl/Basic-Intermediate-Tutorial-Models/Tutorial-2/ch-2/2-6a-nec2.nec,ok,ok,0.024303507059812546,0.01704829279333353,,0
cebik-w4rnl/Basic-Intermediate-Tutorial-Models/Tutorial-2/ch-2/2-6a-nec4.nec,ok,ok,0.024211406707763672,0.017265301197767258,,0
cebik-w4rnl/Basic-Intermediate-Tutorial-Models/Tutorial-2/ch-2/2-7.nec,ok,ok,0.004829488694667816,0.004918502643704414,,0
cebik-w4rnl/Basic-Intermediate-Tutorial-Models/Tutorial-2/ch-2/2-7a.nec,ok,ok,0.005715631879866123,0.004985219798982143,,0
cebik-w4rnl/Basic-Intermediate-Tutorial-Models/Tutorial-2/ch-2/2-7b.nec,ok,ok,0.007314113900065422,0.006050029769539833,,0
cebik-w4rnl/Basic-Intermediate-Tutorial-Models/Tutorial-2/ch-20/20-1-nec2.nec,ok,ok,0.004716143012046814,0.005323512479662895,,0
cebik-w4rnl/Basic-Intermediate-Tutorial-Models/Tutorial-2/ch-20/20-10.nec,ok,ok,0.005099998787045479,0.007582509890198708,,0
cebik-w4rnl/Basic-Intermediate-Tutorial-Models/Tutorial-2/ch-20/20-10a.nec,ok,ok,0.005180796608328819,0.005524733103811741,,0
cebik-w4rnl/Basic-Intermediate-Tutorial-Models/Tutorial-2/ch-20/20-11.nec,ok,ok,0.005263489671051502,0.007657868787646294,,0
cebik-w4rnl/Basic-Intermediate-Tutorial-Models/Tutorial-2/ch-20/20-11a.nec,ok,ok,0.005183367058634758,0.007523869164288044,,0
cebik-w4rnl/Basic-Intermediate-Tutorial-Models/Tutorial-2/ch-20/20-12.nec,ok,ok,0.004961884580552578,0.005273314192891121,,0
cebik-w4rnl/Basic-Intermediate-Tutorial-Models/Tutorial-2/ch-20/20-13.nec,ok,ok,0.00329524464905262,0.004132148809731007,,0
cebik-w4rnl/Basic-Intermediate-Tutorial-Models/Tutorial-2/ch-20/20-14.nec,ok,ok,0.3004284184426069,0.19129162933677435,1.5705,1
cebik-w4rnl/Basic-Intermediate-Tutorial-Models/Tutorial-2/ch-20/20-15.nec,ok,ok,0.08922414295375347,0.0590325091034174,1.5114,1
cebik-w4rnl/Basic-Intermediate-Tutorial-Models/Tutorial-2/ch-20/20-15a.nec,ok,ok,0.09098855592310429,0.06048468127846718,1.5043,1
cebik-w4rnl/Basic-Intermediate-Tutorial-Models/Tutorial-2/ch-20/20-15b.nec,ok,ok,0.2875495431944728,0.18041981291025877,1.5938,1
cebik-w4rnl/Basic-Intermediate-Tutorial-Models/Tutorial-2/ch-20/20-2a-nec2.nec,ok,ok,0.004917600192129612,0.005065476521849632,,0
cebik-w4rnl/Basic-Intermediate-Tutorial-Models/Tutorial-2/ch-20/20-2b-nec2.nec,ok,ok,0.004773988388478756,0.0050917379558086395,,0
cebik-w4rnl/Basic-Intermediate-Tutorial-Models/Tutorial-2/ch-20/20-2c-nec2.nec,ok,ok,0.004801813513040543,0.005101103335618973,,0
cebik-w4rnl/Basic-Intermediate-Tutorial-Models/Tutorial-2/ch-20/20-2d-nec2.nec,ok,ok,0.004936576820909977,0.005162677727639675,,0
cebik-w4rnl/Basic-Intermediate-Tutorial-Models/Tutorial-2/ch-20/20-2e-nec2.nec,ok,ok,0.004751420579850674,0.005106361582875252,,0
cebik-w4rnl/Basic-Intermediate-Tutorial-Models/Tutorial-2/ch-20/20-2f-nec2.nec,ok,ok,0.00479617714881897,0.005075068213045597,,0
cebik-w4rnl/Basic-Intermediate-Tutorial-Models/Tutorial-2/ch-20/20-2g-nec.nec,ok,ok,0.004781380295753479,0.005052092485129833,,0
cebik-w4rnl/Basic-Intermediate-Tutorial-Models/Tutorial-2/ch-20/20-3a.nec,ok,ok,0.004718035459518433,0.005139223299920559,,0
cebik-w4rnl/Basic-Intermediate-Tutorial-Models/Tutorial-2/ch-20/20-3b.nec,ok,ok,0.004777616821229458,0.005116196349263191,,0
cebik-w4rnl/Basic-Intermediate-Tutorial-Models/Tutorial-2/ch-20/20-3c.nec,ok,ok,0.0047511151060462,0.005106024444103241,,0
cebik-w4rnl/Basic-Intermediate-Tutorial-Models/Tutorial-2/ch-20/20-3d.nec,ok,ok,0.0047310348600149155,0.005062803626060486,,0
cebik-w4rnl/Basic-Intermediate-Tutorial-Models/Tutorial-2/ch-20/20-3e.nec,ok,ok,0.004870373755693436,0.0051928935572505,,0
cebik-w4rnl/Basic-Intermediate-Tutorial-Models/Tutorial-2/ch-20/20-3f.nec,ok,ok,0.004754018038511276,0.005172009579837322,,0
cebik-w4rnl/Basic-Intermediate-Tutorial-Models/Tutorial-2/ch-20/20-3g.nec,ok,ok,0.004762057214975357,0.005134642124176025,,0
cebik-w4rnl/Basic-Intermediate-Tutorial-Models/Tutorial-2/ch-20/20-4a-nec2.nec,ok,ok,0.005069378763437271,0.00521745253354311,,0
cebik-w4rnl/Basic-Intermediate-Tutorial-Models/Tutorial-2/ch-20/20-4b-nec2.nec,ok,ok,0.005090868100523949,0.005310395732522011,,0
cebik-w4rnl/Basic-Intermediate-Tutorial-Models/Tutorial-2/ch-20/20-4c-nec2.nec,ok,ok,0.005026193335652351,0.005250247195363045,,0
cebik-w4rnl/Basic-Intermediate-Tutorial-Models/Tutorial-2/ch-20/20-4d-nec2.nec,ok,ok,0.004997416399419308,0.0051194168627262115,,0
cebik-w4rnl/Basic-Intermediate-Tutorial-Models/Tutorial-2/ch-20/20-4e-nec2.nec,ok,ok,0.0050831567496061325,0.005293823778629303,,0
cebik-w4rnl/Basic-Intermediate-Tutorial-Models/Tutorial-2/ch-20/20-4f-nec2.nec,ok,ok,0.004943094216287136,0.005149205215275288,,0
cebik-w4rnl/Basic-Intermediate-Tutorial-Models/Tutorial-2/ch-20/20-4g-nec2.nec,ok,ok,0.005047457292675972,0.0052509671077132225,,0
cebik-w4rnl/Basic-Intermediate-Tutorial-Models/Tutorial-2/ch-20/20-5a.nec,ok,ok,0.005371089093387127,0.005216965451836586,,0
cebik-w4rnl/Basic-Intermediate-Tutorial-Models/Tutorial-2/ch-20/20-5b.nec,ok,ok,0.0050975484773516655,0.0052803317084908485,,0
cebik-w4rnl/Basic-Intermediate-Tutorial-Models/Tutorial-2/ch-20/20-5c.nec,ok,ok,0.004948867484927177,0.005251976661384106,,0
cebik-w4rnl/Basic-Intermediate-Tutorial-Models/Tutorial-2/ch-20/20-5d.nec,ok,ok,0.005637632682919502,0.005280798301100731,,0
cebik-w4rnl/Basic-Intermediate-Tutorial-Models/Tutorial-2/ch-20/20-5e.nec,ok,ok,0.005268328823149204,0.005220637656748295,,0
cebik-w4rnl/Basic-Intermediate-Tutorial-Models/Tutorial-2/ch-20/20-5f.nec,ok,ok,0.007091531530022621,0.00524956826120615,,0
cebik-w4rnl/Basic-Intermediate-Tutorial-Models/Tutorial-2/ch-20/20-5g.nec,ok,ok,0.005107861012220383,0.005180547013878822,,0
cebik-w4rnl/Basic-Intermediate-Tutorial-Models/Tutorial-2/ch-20/20-6.nec,ok,ok,0.006863060407340527,0.005600683391094208,,0
cebik-w4rnl/Basic-Intermediate-Tutorial-Models/Tutorial-2/ch-20/20-6a.nec,ok,ok,0.00544204656034708,0.0059089697897434235,,0
cebik-w4rnl/Basic-Intermediate-Tutorial-Models/Tutorial-2/ch-20/20-6b.nec,ok,ok,0.008358846418559551,0.00572169478982687,,0
cebik-w4rnl/Basic-Intermediate-Tutorial-Models/Tutorial-2/ch-20/20-7.nec,ok,ok,0.003278893418610096,0.003519522026181221,,0
cebik-w4rnl/Basic-Intermediate-Tutorial-Models/Tutorial-2/ch-20/20-8-nec2.nec,ok,ok,0.0035901106894016266,0.0035752998664975166,,0
cebik-w4rnl/Basic-Intermediate-Tutorial-Models/Tutorial-2/ch-20/20-8-nec4.nec,ok-no-source,ok-no-source,0.003096344880759716,0.0035605719313025475,,0
cebik-w4rnl/Basic-Intermediate-Tutorial-Models/Tutorial-2/ch-20/20-9-nec2.nec,ok,ok,0.033147627487778664,0.017841078341007233,,0
cebik-w4rnl/Basic-Intermediate-Tutorial-Models/Tutorial-2/ch-20/20-9-nec4.nec,ok-no-source,ok-no-source,0.029318531043827534,0.016407729126513004,,0
cebik-w4rnl/Basic-Intermediate-Tutorial-Models/Tutorial-2/ch-21/21-1.nec,ok,ok,0.007656886242330074,0.007550019770860672,,0
cebik-w4rnl/Basic-Intermediate-Tutorial-Models/Tutorial-2/ch-21/21-10.nec,ok,ok,0.020442851819097996,0.01590939238667488,,0
cebik-w4rnl/Basic-Intermediate-Tutorial-Models/Tutorial-2/ch-21/21-11.nec,ok,ok,0.13294318038970232,0.09072242118418217,1.4654,1
cebik-w4rnl/Basic-Intermediate-Tutorial-Models/Tutorial-2/ch-21/21-12a.nec,ok,ok,0.007609045132994652,0.007271066308021545,,0
cebik-w4rnl/Basic-Intermediate-Tutorial-Models/Tutorial-2/ch-21/21-12b.nec,ok,ok,0.007487169466912746,0.0074000246822834015,,0
cebik-w4rnl/Basic-Intermediate-Tutorial-Models/Tutorial-2/ch-21/21-12c.nec,ok,ok,0.007530291564762592,0.0074531324207782745,,0
cebik-w4rnl/Basic-Intermediate-Tutorial-Models/Tutorial-2/ch-21/21-13.nec,ok,ok,0.01743259746581316,0.013440180569887161,,0
cebik-w4rnl/Basic-Intermediate-Tutorial-Models/Tutorial-2/ch-21/21-14.nec,ok,ok,0.013542624190449715,0.011101527139544487,,0
cebik-w4rnl/Basic-Intermediate-Tutorial-Models/Tutorial-2/ch-21/21-15.nec,ok,ok,0.013754980638623238,0.011060819029808044,,0
cebik-w4rnl/Basic-Intermediate-Tutorial-Models/Tutorial-2/ch-21/21-2.nec,ok,ok,0.007552105002105236,0.018893986009061337,,0
cebik-w4rnl/Basic-Intermediate-Tutorial-Models/Tutorial-2/ch-21/21-3.nec,ok,ok,0.007530992850661278,0.00744820199906826,,0
cebik-w4rnl/Basic-Intermediate-Tutorial-Models/Tutorial-2/ch-21/21-4.nec,ok,ok,0.00752370897680521,0.010607341304421425,,0
cebik-w4rnl/Basic-Intermediate-Tutorial-Models/Tutorial-2/ch-21/21-5.nec,ok,ok,0.020221136510372162,0.013467513024806976,,0
cebik-w4rnl/Basic-Intermediate-Tutorial-Models/Tutorial-2/ch-21/21-6.nec,ok,ok,0.0827756766229868,0.04013149440288544,,0
cebik-w4rnl/Basic-Intermediate-Tutorial-Models/Tutorial-2/ch-21/21-7.nec,ok,ok,0.015989783219993114,0.013484732247889042,,0
cebik-w4rnl/Basic-Intermediate-Tutorial-Models/Tutorial-2/ch-21/21-8.nec,ok,ok,0.007020370103418827,0.008933049626648426,,0
cebik-w4rnl/Basic-Intermediate-Tutorial-Models/Tutorial-2/ch-21/21-9.nec,ok,ok,0.022176049649715424,0.021015786565840244,,0
cebik-w4rnl/Basic-Intermediate-Tutorial-Models/Tutorial-2/ch-3/3-0.nec,ok,ok,0.0054565304890275,0.0055596474558115005,,0
cebik-w4rnl/Basic-Intermediate-Tutorial-Models/Tutorial-2/ch-3/3-1.nec,ok,ok,0.007356608286499977,0.0063927797600626945,,0
cebik-w4rnl/Basic-Intermediate-Tutorial-Models/Tutorial-2/ch-3/3-1a-nec2.nec,ok,ok,0.0075516486540436745,0.015742888674139977,,0
cebik-w4rnl/Basic-Intermediate-Tutorial-Models/Tutorial-2/ch-3/3-1a-nec4.nec,ok,ok,0.005020434968173504,0.007909786887466908,,0
cebik-w4rnl/Basic-Intermediate-Tutorial-Models/Tutorial-2/ch-3/3-1b-nec4.nec,ok,ok,0.007527354173362255,0.005709991790354252,,0
cebik-w4rnl/Basic-Intermediate-Tutorial-Models/Tutorial-2/ch-3/3-1c-nec4.nec,ok,ok,0.005234776064753532,0.005657440051436424,,0
cebik-w4rnl/Basic-Intermediate-Tutorial-Models/Tutorial-2/ch-3/3-1d-nec4.nec,ok,ok,0.00558921042829752,0.007779219187796116,,0
cebik-w4rnl/Basic-Intermediate-Tutorial-Models/Tutorial-2/ch-3/3-2.nec,ok,ok,0.3723090784624219,0.24462574534118176,1.5220,1
cebik-w4rnl/Basic-Intermediate-Tutorial-Models/Tutorial-2/ch-3/3-2a-nec4.nec,ok,ok,0.3736355770379305,0.24618122726678848,1.5177,1
cebik-w4rnl/Basic-Intermediate-Tutorial-Models/Tutorial-2/ch-3/3-2b-nec4.nec,ok,ok,0.38685184996575117,0.2497866852208972,1.5487,1
cebik-w4rnl/Basic-Intermediate-Tutorial-Models/Tutorial-2/ch-3/3-3.nec,ok,ok,0.004692992195487022,0.005035711452364922,,0
cebik-w4rnl/Basic-Intermediate-Tutorial-Models/Tutorial-2/ch-3/3-3a.nec,ok,ok,0.004692402668297291,0.005023989826440811,,0
cebik-w4rnl/Basic-Intermediate-Tutorial-Models/Tutorial-2/ch-3/3-3b.nec,ok,ok,0.00471093412488699,0.00510063860565424,,0
cebik-w4rnl/Basic-Intermediate-Tutorial-Models/Tutorial-2/ch-3/3-3c.nec,ok,ok,0.004655766300857067,0.005023490637540817,,0
cebik-w4rnl/Basic-Intermediate-Tutorial-Models/Tutorial-2/ch-3/3-4.nec,ok,ok,0.01940414123237133,0.014571186155080795,,0
cebik-w4rnl/Basic-Intermediate-Tutorial-Models/Tutorial-2/ch-3/3-4a.nec,ok,ok,0.01327010802924633,0.010754435323178768,,0
cebik-w4rnl/Basic-Intermediate-Tutorial-Models/Tutorial-2/ch-3/3-5.nec,ok,ok,0.033217706717550755,0.022427193820476532,,0
cebik-w4rnl/Basic-Intermediate-Tutorial-Models/Tutorial-2/ch-3/3-5a.nec,ok,ok,0.013171800412237644,0.010783498175442219,,0
cebik-w4rnl/Basic-Intermediate-Tutorial-Models/Tutorial-2/ch-3/3-6.nec,ok,ok,0.0048305438831448555,0.00509630236774683,,0
cebik-w4rnl/Basic-Intermediate-Tutorial-Models/Tutorial-2/ch-3/3-6a.nec,ok,ok,0.00476518739014864,0.005101289600133896,,0
cebik-w4rnl/Basic-Intermediate-Tutorial-Models/Tutorial-2/ch-3/3-6b.nec,ok,ok,0.004711209796369076,0.005105608142912388,,0
cebik-w4rnl/Basic-Intermediate-Tutorial-Models/Tutorial-2/ch-3/3-6c.nec,ok,ok,0.004748747684061527,0.005140770226716995,,0
cebik-w4rnl/Basic-Intermediate-Tutorial-Models/Tutorial-2/ch-3/3-7.nec,ok,ok,0.004914386197924614,0.005099286325275898,,0
cebik-w4rnl/Basic-Intermediate-Tutorial-Models/Tutorial-2/ch-3/3-7a.nec,ok,ok,0.004955850541591644,0.005155210383236408,,0
cebik-w4rnl/Basic-Intermediate-Tutorial-Models/Tutorial-2/ch-3/3-7b.nec,ok,ok,0.00812707468867302,0.0075807636603713036,,0
cebik-w4rnl/Basic-Intermediate-Tutorial-Models/Tutorial-2/ch-3/3-8.nec,ok,ok,0.009534943848848343,0.008283857256174088,,0
cebik-w4rnl/Basic-Intermediate-Tutorial-Models/Tutorial-2/ch-3/3-8a.nec,ok,ok,0.006924469955265522,0.006820373237133026,,0
cebik-w4rnl/Basic-Intermediate-Tutorial-Models/Tutorial-2/ch-3/3-9.nec,ok,ok,0.019508170895278454,0.014472912065684795,,0
cebik-w4rnl/Basic-Intermediate-Tutorial-Models/Tutorial-2/ch-3/3-9a.nec,ok,ok,0.018971407786011696,0.01333302166312933,,0
cebik-w4rnl/Basic-Intermediate-Tutorial-Models/Tutorial-2/ch-4/4-1-nec2.nec,ok,ok,0.020268453285098076,0.016283364035189152,,0
cebik-w4rnl/Basic-Intermediate-Tutorial-Models/Tutorial-2/ch-4/4-1.nec,ok,ok,0.019507987424731255,0.015962976031005383,,0
cebik-w4rnl/Basic-Intermediate-Tutorial-Models/Tutorial-2/ch-4/4-1a.nec,ok,ok,0.01955749001353979,0.018712585791945457,,0
cebik-w4rnl/Basic-Intermediate-Tutorial-Models/Tutorial-2/ch-4/4-1b.nec,ok,ok,0.019681804813444614,0.015720252878963947,,0
cebik-w4rnl/Basic-Intermediate-Tutorial-Models/Tutorial-2/ch-4/4-1c.nec,ok,ok,0.01983047090470791,0.016321360133588314,,0
cebik-w4rnl/Basic-Intermediate-Tutorial-Models/Tutorial-2/ch-4/4-2a.nec,ok,ok,0.01987563632428646,0.01648021675646305,,0
cebik-w4rnl/Basic-Intermediate-Tutorial-Models/Tutorial-2/ch-4/4-2b.nec,ok,ok,0.01982620172202587,0.016358356922864914,,0
cebik-w4rnl/Basic-Intermediate-Tutorial-Models/Tutorial-2/ch-4/4-3a.nec,ok,ok,0.038584064692258835,0.033705927431583405,,0
cebik-w4rnl/Basic-Intermediate-Tutorial-Models/Tutorial-2/ch-4/4-3b.nec,ok,ok,0.013877559453248978,0.0124226538464427,,0
cebik-w4rnl/Basic-Intermediate-Tutorial-Models/Tutorial-2/ch-4/4-3c.nec,ok,ok,0.014480272307991982,0.012611616402864456,,0
cebik-w4rnl/Basic-Intermediate-Tutorial-Models/Tutorial-2/ch-4/4-4.nec,ok,ok,0.22958517353981733,0.13093191105872393,1.7535,1
cebik-w4rnl/Basic-Intermediate-Tutorial-Models/Tutorial-2/ch-4/4-4a.nec,ok,ok,0.2316206144168973,0.13182159792631865,1.7571,1
cebik-w4rnl/Basic-Intermediate-Tutorial-Models/Tutorial-2/ch-4/4-5.nec,ok,ok,0.02211542520672083,0.01813378930091858,,0
cebik-w4rnl/Basic-Intermediate-Tutorial-Models/Tutorial-2/ch-4/4-5a.nec,ok,ok,0.02800043113529682,0.023248568177223206,,0
cebik-w4rnl/Basic-Intermediate-Tutorial-Models/Tutorial-2/ch-4/4-5b.nec,ok,ok,0.03253814112395048,0.025640117935836315,,0
cebik-w4rnl/Basic-Intermediate-Tutorial-Models/Tutorial-2/ch-4/4-5c.nec,ok,ok,0.032885306514799595,0.025629887357354164,,0
cebik-w4rnl/Basic-Intermediate-Tutorial-Models/Tutorial-2/ch-4/4-6.nec,ok,ok,0.017956461757421494,0.013568154536187649,,0
cebik-w4rnl/Basic-Intermediate-Tutorial-Models/Tutorial-2/ch-4/4-6a.nec,ok,ok,0.01796098332852125,0.013718439266085625,,0
cebik-w4rnl/Basic-Intermediate-Tutorial-Models/Tutorial-2/ch-4/4-7.nec,ok,ok,0.031822106800973415,0.019083798862993717,,0
cebik-w4rnl/Basic-Intermediate-Tutorial-Models/Tutorial-2/ch-4/4-7a.nec,ok,ok,0.012398242019116879,0.010005328804254532,,0
cebik-w4rnl/Basic-Intermediate-Tutorial-Models/Tutorial-2/ch-4/4-8.nec,ok,ok,0.2331773154437542,0.13288329169154167,1.7548,1
cebik-w4rnl/Basic-Intermediate-Tutorial-Models/Tutorial-2/ch-4/4-9.nec,ok,ok,0.03798079490661621,0.028823929838836193,,0
cebik-w4rnl/Basic-Intermediate-Tutorial-Models/Tutorial-2/ch-4/4-9a.nec,ok,ok,0.03770634904503822,0.028865298256278038,,0
cebik-w4rnl/Basic-Intermediate-Tutorial-Models/Tutorial-2/ch-5/5-1.nec,ok,ok,0.006159607321023941,0.006009387783706188,,0
cebik-w4rnl/Basic-Intermediate-Tutorial-Models/Tutorial-2/ch-5/5-10.nec,ok,ok,0.6889142850413918,0.44224539306014776,1.5578,1
cebik-w4rnl/Basic-Intermediate-Tutorial-Models/Tutorial-2/ch-5/5-10a.nec,ok,ok,0.41894557885825634,0.2712501110509038,1.5445,1
cebik-w4rnl/Basic-Intermediate-Tutorial-Models/Tutorial-2/ch-5/5-1a.nec,ok,ok,0.006113057024776936,0.0059232283383607864,,0
cebik-w4rnl/Basic-Intermediate-Tutorial-Models/Tutorial-2/ch-5/5-1b.nec,ok,ok,0.005716015584766865,0.005783263593912125,,0
cebik-w4rnl/Basic-Intermediate-Tutorial-Models/Tutorial-2/ch-5/5-2a.nec,ok,ok,0.0065001798793673515,0.006190040148794651,,0
cebik-w4rnl/Basic-Intermediate-Tutorial-Models/Tutorial-2/ch-5/5-2b.nec,ok,ok,0.006533762440085411,0.006226462312042713,,0
cebik-w4rnl/Basic-Intermediate-Tutorial-Models/Tutorial-2/ch-5/5-3.nec,ok,ok,0.006172475405037403,0.005976355634629726,,0
cebik-w4rnl/Basic-Intermediate-Tutorial-Models/Tutorial-2/ch-5/5-3a.nec,ok,ok,0.005839509889483452,0.005798947997391224,,0
cebik-w4rnl/Basic-Intermediate-Tutorial-Models/Tutorial-2/ch-5/5-3b.nec,ok,ok,0.005792106501758099,0.005869394168257713,,0
cebik-w4rnl/Basic-Intermediate-Tutorial-Models/Tutorial-2/ch-5/5-4.nec,ok,ok,0.004791855812072754,0.005226569250226021,,0
cebik-w4rnl/Basic-Intermediate-Tutorial-Models/Tutorial-2/ch-5/5-4a.nec,ok,ok,0.005222732201218605,0.005510023795068264,,0
cebik-w4rnl/Basic-Intermediate-Tutorial-Models/Tutorial-2/ch-5/5-5.nec,ok,ok,0.009560330770909786,0.00838654488325119,,0
cebik-w4rnl/Basic-Intermediate-Tutorial-Models/Tutorial-2/ch-5/5-5a.nec,ok,ok,0.014697561971843243,0.012561074458062649,,0
cebik-w4rnl/Basic-Intermediate-Tutorial-Models/Tutorial-2/ch-5/5-6.nec,ok,ok,0.005408719182014465,0.008383926935493946,,0
cebik-w4rnl/Basic-Intermediate-Tutorial-Models/Tutorial-2/ch-5/5-6a.nec,ok,ok,0.006073269993066788,0.006381220184266567,,0
cebik-w4rnl/Basic-Intermediate-Tutorial-Models/Tutorial-2/ch-5/5-6b.nec,ok,ok,0.0064151715487241745,0.008664336055517197,,0
cebik-w4rnl/Basic-Intermediate-Tutorial-Models/Tutorial-2/ch-5/5-7.nec,ok,ok,0.013211145997047424,0.011281409300863743,,0
cebik-w4rnl/Basic-Intermediate-Tutorial-Models/Tutorial-2/ch-5/5-7a.nec,ok,ok,0.10659064631909132,0.06300476659089327,1.6918,1
cebik-w4rnl/Basic-Intermediate-Tutorial-Models/Tutorial-2/ch-5/5-7b.nec,ok,ok,0.10552206449210644,0.06210263445973396,1.6992,1
cebik-w4rnl/Basic-Intermediate-Tutorial-Models/Tutorial-2/ch-5/5-7c.nec,ok,ok,0.043230608105659485,0.0313962334766984,,0
cebik-w4rnl/Basic-Intermediate-Tutorial-Models/Tutorial-2/ch-5/5-7d.nec,ok,ok,0.043040637858211994,0.03165842033922672,,0
cebik-w4rnl/Basic-Intermediate-Tutorial-Models/Tutorial-2/ch-5/5-8.nec,ok,ok,8.19699763506651,5.13010703958571,1.5978,1
cebik-w4rnl/Basic-Intermediate-Tutorial-Models/Tutorial-2/ch-5/5-8a.nec,ok,ok,18.7972591528669,12.193686592392623,1.5416,1
cebik-w4rnl/Basic-Intermediate-Tutorial-Models/Tutorial-2/ch-5/5-8b.nec,ok,ok,1.7258664350956678,1.0013432772830129,1.7236,1
cebik-w4rnl/Basic-Intermediate-Tutorial-Models/Tutorial-2/ch-5/5-9.nec,ok,ok,0.006983055733144283,0.007037539035081863,,0
cebik-w4rnl/Basic-Intermediate-Tutorial-Models/Tutorial-2/ch-5/5-9a.nec,ok,ok,0.009644917212426662,0.00919660646468401,,0
cebik-w4rnl/Basic-Intermediate-Tutorial-Models/Tutorial-2/ch-5/5-9b.nec,ok,ok,0.007052197121083736,0.0071289027109742165,,0
cebik-w4rnl/Basic-Intermediate-Tutorial-Models/Tutorial-2/ch-5/5-9c-nec2.nec,error,error,0.00413412693887949,0.0044825440272688866,,0
cebik-w4rnl/Basic-Intermediate-Tutorial-Models/Tutorial-2/ch-5/5-9c-nec4.nec,error,error,0.003990205004811287,0.004448787309229374,,0
cebik-w4rnl/Basic-Intermediate-Tutorial-Models/Tutorial-2/ch-6/6-4.nec,ok-no-source,ok-no-source,0.048975332640111446,0.03829625062644482,,0
cebik-w4rnl/Basic-Intermediate-Tutorial-Models/Tutorial-2/ch-6/6-4a.nec,ok,ok,0.07063942588865757,0.05418999679386616,1.3036,1
cebik-w4rnl/Basic-Intermediate-Tutorial-Models/Tutorial-2/ch-6/6-5a.nec,ok,ok,0.7257082108408213,0.3826750563457608,1.8964,1
cebik-w4rnl/Basic-Intermediate-Tutorial-Models/Tutorial-2/ch-6/6-6-nec2.nec,ok,ok,0.44696165062487125,0.3016838375478983,1.4816,1
cebik-w4rnl/Basic-Intermediate-Tutorial-Models/Tutorial-2/ch-6/6-6-nec4.nec,ok,ok,0.44731442630290985,0.30136890336871147,1.4843,1
cebik-w4rnl/Basic-Intermediate-Tutorial-Models/Tutorial-2/ch-6/6-s1.nec,ok-no-source,ok-no-source,0.007354158908128738,0.006959512829780579,,0
cebik-w4rnl/Basic-Intermediate-Tutorial-Models/Tutorial-2/ch-6/6-s1a.nec,ok-no-source,ok-no-source,0.013379078358411789,0.012692240066826344,,0
cebik-w4rnl/Basic-Intermediate-Tutorial-Models/Tutorial-2/ch-6/6-s2.nec,ok-no-source,ok-no-source,1.0382587779313326,0.7377037890255451,,0
cebik-w4rnl/Basic-Intermediate-Tutorial-Models/Tutorial-2/ch-6/6-s3a.nec,ok,ok,0.025609311647713184,0.020536274649202824,,0
cebik-w4rnl/Basic-Intermediate-Tutorial-Models/Tutorial-2/ch-6/6-s4.nec,ok-no-source,ok-no-source,0.0516161760315299,0.03852631710469723,,0
cebik-w4rnl/Basic-Intermediate-Tutorial-Models/Tutorial-2/ch-6/6-s4a.nec,ok,ok,0.07342785410583019,0.0552416630089283,1.3292,1
cebik-w4rnl/Basic-Intermediate-Tutorial-Models/Tutorial-2/ch-7/7-0.nec,ok,ok,0.03719370812177658,0.02828687708824873,,0
cebik-w4rnl/Basic-Intermediate-Tutorial-Models/Tutorial-2/ch-7/7-1.nec,ok,ok,0.006107812747359276,0.006312116980552673,,0
cebik-w4rnl/Basic-Intermediate-Tutorial-Models/Tutorial-2/ch-7/7-10.nec,ok,ok,0.024827351793646812,0.019739688374102116,,0
cebik-w4rnl/Basic-Intermediate-Tutorial-Models/Tutorial-2/ch-7/7-10a.nec,ok,ok,0.03287554066628218,0.025293140672147274,,0
cebik-w4rnl/Basic-Intermediate-Tutorial-Models/Tutorial-2/ch-7/7-10b.nec,ok,ok,0.0312862629070878,0.02442784234881401,,0
cebik-w4rnl/Basic-Intermediate-Tutorial-Models/Tutorial-2/ch-7/7-10c.nec,ok,ok,0.032434651628136635,0.025220266543328762,,0
cebik-w4rnl/Basic-Intermediate-Tutorial-Models/Tutorial-2/ch-7/7-11.nec,ok,ok,0.00972809363156557,0.008577713742852211,,0
cebik-w4rnl/Basic-Intermediate-Tutorial-Models/Tutorial-2/ch-7/7-11a.nec,ok,ok,0.00969515647739172,0.008632519282400608,,0
cebik-w4rnl/Basic-Intermediate-Tutorial-Models/Tutorial-2/ch-7/7-1a.nec,ok,ok,0.006334606558084488,0.006374618038535118,,0
cebik-w4rnl/Basic-Intermediate-Tutorial-Models/Tutorial-2/ch-7/7-2.nec,ok,ok,0.005738000385463238,0.005996624939143658,,0
cebik-w4rnl/Basic-Intermediate-Tutorial-Models/Tutorial-2/ch-7/7-2a.nec,ok,ok,0.005793584510684013,0.005858292803168297,,0
cebik-w4rnl/Basic-Intermediate-Tutorial-Models/Tutorial-2/ch-7/7-2b.nec,ok,ok,0.005682835355401039,0.005838301032781601,,0
cebik-w4rnl/Basic-Intermediate-Tutorial-Models/Tutorial-2/ch-7/7-3.nec,ok,ok,0.006023998372256756,0.0060899145901203156,,0
cebik-w4rnl/Basic-Intermediate-Tutorial-Models/Tutorial-2/ch-7/7-3a.nec,ok,ok,0.006115325726568699,0.006118846125900745,,0
cebik-w4rnl/Basic-Intermediate-Tutorial-Models/Tutorial-2/ch-7/7-4.nec,ok,ok,0.005532332696020603,0.005851047113537788,,0
cebik-w4rnl/Basic-Intermediate-Tutorial-Models/Tutorial-2/ch-7/7-5.nec,ok,ok,0.005436103790998459,0.005691784434020519,,0
cebik-w4rnl/Basic-Intermediate-Tutorial-Models/Tutorial-2/ch-7/7-5a.nec,ok,ok,0.005204562097787857,0.00524690467864275,,0
cebik-w4rnl/Basic-Intermediate-Tutorial-Models/Tutorial-2/ch-7/7-5b.nec,ok,ok,0.006146630272269249,0.005933013744652271,,0
cebik-w4rnl/Basic-Intermediate-Tutorial-Models/Tutorial-2/ch-7/7-8.nec,ok,ok,0.026385271921753883,0.018897498957812786,,0
cebik-w4rnl/Basic-Intermediate-Tutorial-Models/Tutorial-2/ch-7/7-9.nec,ok,ok,0.01818983629345894,0.01392488181591034,,0
cebik-w4rnl/Basic-Intermediate-Tutorial-Models/Tutorial-2/ch-7/7-9a.nec,ok,ok,0.34749926161020994,0.22867145016789436,1.5196,1
cebik-w4rnl/Basic-Intermediate-Tutorial-Models/Tutorial-2/ch-8/8-1.nec,ok,ok,0.003307177685201168,0.003657359629869461,,0
cebik-w4rnl/Basic-Intermediate-Tutorial-Models/Tutorial-2/ch-8/8-1a.nec,ok,ok,0.005130115896463394,0.005327223800122738,,0
cebik-w4rnl/Basic-Intermediate-Tutorial-Models/Tutorial-2/ch-8/8-1b.nec,ok,ok,0.003314894624054432,0.0036098333075642586,,0
cebik-w4rnl/Basic-Intermediate-Tutorial-Models/Tutorial-2/ch-8/8-1c.nec,ok,ok,0.00417777244001627,0.004528128542006016,,0
cebik-w4rnl/Basic-Intermediate-Tutorial-Models/Tutorial-2/ch-8/8-2_1.nec,ok,ok,0.005091807805001736,0.00548593420535326,,0
cebik-w4rnl/Basic-Intermediate-Tutorial-Models/Tutorial-2/ch-8/8-2_2.nec,ok,ok,0.0048003895208239555,0.005071141757071018,,0
cebik-w4rnl/Basic-Intermediate-Tutorial-Models/Tutorial-2/ch-8/8-3.nec,ok,ok,0.0035162270069122314,0.0038977526128292084,,0
cebik-w4rnl/Basic-Intermediate-Tutorial-Models/Tutorial-2/ch-8/8-3a.nec,no-impedance,no-impedance,0.003078050911426544,0.003232906572520733,,0
cebik-w4rnl/Basic-Intermediate-Tutorial-Models/Tutorial-2/ch-8/8-3b.nec,no-impedance,no-impedance,0.0030000796541571617,0.0032350867986679077,,0
cebik-w4rnl/Basic-Intermediate-Tutorial-Models/Tutorial-2/ch-8/8-3c.nec,ok,ok,0.004026150330901146,0.004064492881298065,,0
cebik-w4rnl/Basic-Intermediate-Tutorial-Models/Tutorial-2/ch-8/8-3d.nec,ok,ok,0.004608528688549995,0.005100240930914879,,0
cebik-w4rnl/Basic-Intermediate-Tutorial-Models/Tutorial-2/ch-8/8-4.nec,ok,ok,0.010490277782082558,0.010619213804602623,,0
cebik-w4rnl/Basic-Intermediate-Tutorial-Models/Tutorial-2/ch-8/8-4a.nec,ok,ok,0.013961425051093102,0.013846219517290592,,0
cebik-w4rnl/Basic-Intermediate-Tutorial-Models/Tutorial-2/ch-8/8-5.nec,ok,ok,0.05382207874208689,0.04111110884696245,,0
cebik-w4rnl/Basic-Intermediate-Tutorial-Models/Tutorial-2/ch-8/8-5a.nec,ok,ok,0.09434318449348211,0.07056275755167007,1.3370,1
cebik-w4rnl/Basic-Intermediate-Tutorial-Models/Tutorial-2/ch-8/8-6.nec,ok,ok,0.06793963816016912,0.03730537369847298,,0
cebik-w4rnl/Basic-Intermediate-Tutorial-Models/Tutorial-2/ch-9/9-1.nec,ok,ok,0.006461751647293568,0.006934886798262596,,0
cebik-w4rnl/Basic-Intermediate-Tutorial-Models/Tutorial-2/ch-9/9-1a.nec,ok,ok,0.006470209918916225,0.006879527121782303,,0
cebik-w4rnl/Basic-Intermediate-Tutorial-Models/Tutorial-2/ch-9/9-2a.nec,ok,ok,0.1051974343135953,0.0702399043366313,1.4977,1
cebik-w4rnl/Basic-Intermediate-Tutorial-Models/Tutorial-2/ch-9/9-2b.nec,ok,ok,0.00476335734128952,0.00517591368407011,,0
cebik-w4rnl/Basic-Intermediate-Tutorial-Models/Tutorial-2/ch-9/9-2c.nec,ok,ok,0.012748684734106064,0.01274073589593172,,0
cebik-w4rnl/Basic-Intermediate-Tutorial-Models/Tutorial-2/ch-9/9-3a.nec,ok,ok,0.11525111924856901,0.07642968744039536,1.5079,1
cebik-w4rnl/Basic-Intermediate-Tutorial-Models/Tutorial-2/ch-9/9-3b.nec,ok,ok,0.03975358605384827,0.0314266225323081,,0
cebik-w4rnl/Basic-Intermediate-Tutorial-Models/Tutorial-2/ch-9/9-4.nec,ok,ok,0.31083518639206886,0.19980166852474213,1.5557,1
cebik-w4rnl/Basic-Intermediate-Tutorial-Models/Tutorial-2/ch-9/9-4a.nec,ok,ok,0.6007182002067566,0.3956162575632334,1.5184,1
cebik-w4rnl/Basic-Intermediate-Tutorial-Models/Tutorial-2/ch-9/9-4b.nec,ok,ok,0.6008715415373445,0.40069473162293434,1.4996,1
cebik-w4rnl/Basic-Intermediate-Tutorial-Models/Tutorial-2/ch-9/9-5.nec,ok,ok,0.007368993014097214,0.007571270689368248,,0
cebik-w4rnl/Basic-Intermediate-Tutorial-Models/Tutorial-2/ch-9/9-6.nec,ok,ok,0.042676554061472416,0.0371971745043993,,0
cebik-w4rnl/Basic-Intermediate-Tutorial-Models/Tutorial-2/ch-9/9-6a.nec,ok,ok,0.04312461521476507,0.03754948265850544,,0
cebik-w4rnl/Basic-Intermediate-Tutorial-Models/Tutorial-2/ch-9/9-7.nec,ok,ok,0.007794706150889397,0.007295917719602585,,0
cebik-w4rnl/Basic-Intermediate-Tutorial-Models/Tutorial-2/ch-9/9-7a.nec,ok,ok,0.008232667110860348,0.007762604393064976,,0
cebik-w4rnl/Basic-Intermediate-Tutorial-Models/Tutorial-2/ch-9/9-8.nec,ok,ok,0.007809283211827278,0.007252495735883713,,0
cebik-w4rnl/Basic-Intermediate-Tutorial-Models/Tutorial-2/ch-9/9-8a.nec,ok,ok,0.5335837341845036,0.45939249638468027,1.1615,1
cebik-w4rnl/Basic-Intermediate-Tutorial-Models/Tutorial-2/ch-9/9-8b.nec,ok,ok,0.28143238835036755,0.21084117237478495,1.3348,1
cebik-w4rnl/Basic-Intermediate-Tutorial-Models/Tutorial-2/ch-9/9-8c.nec,ok,ok,0.297258285805583,0.22906872164458036,1.2977,1
cebik-w4rnl/Moxon-Rectangle-Notes-Models/mox10-1al.nec,ok,ok,0.011794119141995907,0.008970223367214203,,0
cebik-w4rnl/Moxon-Rectangle-Notes-Models/mox10-1alv.nec,ok,ok,0.009641285985708237,0.008257498033344746,,0
cebik-w4rnl/Moxon-Rectangle-Notes-Models/mox20-11.nec,ok,ok,0.011725514195859432,0.010158633813261986,,0
cebik-w4rnl/models/LPDAs/nec/LP100-1000-12el3ft150o.nec,ok,ok,0.17509874608367682,0.11119202338159084,1.5747,1
cebik-w4rnl/models/LPDAs/nec/lc14-7el38ft80o-1.nec,ok,ok,0.01680318731814623,0.013503365218639374,,0
cebik-w4rnl/models/LPDAs/nec/lc14-7el52ft65o-1.nec,ok,ok,0.01688468921929598,0.01325180009007454,,0
cebik-w4rnl/models/LPDAs/nec/lc21-5el21ft800o-1-vee.nec,ok,ok,0.02695571444928646,0.019782913848757744,,0
cebik-w4rnl/models/LPDAs/nec/lc21-7el35ft65o-75.nec,ok,ok,0.016837560571730137,0.014094077982008457,,0
cebik-w4rnl/models/LPDAs/nec/lc28-4el10ft75o.nec,ok,ok,0.01763440016657114,0.014378716237843037,,0
cebik-w4rnl/models/LPDAs/nec/lc28-5el16ft800o-75-Vee.nec,ok,ok,0.026630585081875324,0.020489515736699104,,0
cebik-w4rnl/models/LPDAs/nec/lc28-5el20ft150o-50-W6SAI.nec,ok,ok,0.011636804789304733,0.010525747202336788,,0
cebik-w4rnl/models/LPDAs/nec/lc28-6el12ft75o-1.nec,ok,ok,0.014040705747902393,0.012613828293979168,,0
cebik-w4rnl/models/LPDAs/nec/lc28-6el28ft100o-50.nec,ok,ok,0.01376847829669714,0.012027578428387642,,0
cebik-w4rnl/models/LPDAs/nec/lc28-7el14ft80o-875.nec,ok,ok,0.016794470138847828,0.014159737154841423,,0
cebik-w4rnl/models/LPDAs/nec/lc28-7el15ft100o-1.nec,ok,ok,0.01685523521155119,0.013647234067320824,,0
cebik-w4rnl/models/LPDAs/nec/lc28-7el15ft80o-1.nec,ok,ok,0.016990557312965393,0.013622007332742214,,0
cebik-w4rnl/models/LPDAs/nec/lc28-7el19ft80o-50.nec,ok,ok,0.016705897636711597,0.013393530622124672,,0
cebik-w4rnl/models/LPDAs/nec/lc28-7el19ft80o-75.nec,ok,ok,0.016632222570478916,0.013444725424051285,,0
cebik-w4rnl/models/LPDAs/nec/lc28-7el21ft65o-75.nec,ok,ok,0.016786254942417145,0.013260405510663986,,0
cebik-w4rnl/models/LPDAs/nec/lc28-7el25ft80o-75.nec,ok,ok,0.016965909861028194,0.013049094937741756,,0
cebik-w4rnl/models/LPDAs/nec/lc28-7el26ft65o-75.nec,ok,ok,0.016834702342748642,0.013043321669101715,,0
cebik-w4rnl/models/LPDAs/nec/lc28-7el28ft70o-75.nec,ok,ok,0.016982899978756905,0.013086950406432152,,0
cebik-w4rnl/models/LPDAs/nec/lp10-30-12el45ft250o.nec,ok,ok,0.049076068215072155,0.0324159637093544,,0
cebik-w4rnl/models/LPDAs/nec/lp10-30-15el45ft250o.nec,ok,ok,0.0702454186975956,0.06232496816664934,1.1271,1
cebik-w4rnl/models/LPDAs/nec/lp100-1000-12el5ft150o.nec,ok,ok,0.1931222602725029,0.12368194106966257,1.5614,1
cebik-w4rnl/models/LPDAs/nec/lp100-1000-26el5ft150o.nec,ok,ok,0.491448144428432,0.3052173927426338,1.6102,1
cebik-w4rnl/models/LPDAs/nec/lp100-12elFM-med.nec,ok,ok,0.020767100155353546,0.015407231636345387,,0
cebik-w4rnl/models/LPDAs/nec/lp100-16elFM-long.nec,ok,ok,0.034591794945299625,0.02470613829791546,,0
cebik-w4rnl/models/LPDAs/nec/lp100-8elFM-short.nec,ok,ok,0.016275272704660892,0.011893153190612793,,0
cebik-w4rnl/models/LPDAs/nec/lp14-29-11el30ft225o.nec,ok,ok,0.027541504241526127,0.02119552344083786,,0
cebik-w4rnl/models/LPDAs/nec/lp14-29-12el33ft250o-dir.nec,ok,ok,0.03075783047825098,0.023528599180281162,,0
cebik-w4rnl/models/LPDAs/nec/lp14-30-12el26ft125o.nec,ok,ok,0.03139337059110403,0.02468384336680174,,0
cebik-w4rnl/models/LPDAs/nec/lp14-30-12el32ft100o.nec,ok,ok,0.038819730281829834,0.02766041923314333,,0
cebik-w4rnl/models/LPDAs/nec/lp14-30-12el32ft400o.nec,ok,ok,0.032389833591878414,0.024099587462842464,,0
cebik-w4rnl/models/LPDAs/nec/lp14-30-13el29ft200o-telerana14.nec,ok,ok,0.04348002374172211,0.030896389856934547,,0
cebik-w4rnl/models/LPDAs/nec/lp14-30-13el29ft200o-telerana50.nec,ok,ok,0.04361041355878115,0.031740566715598106,,0
cebik-w4rnl/models/LPDAs/nec/lp14-30-13el29ft200o-teleranavee.nec,ok,ok,0.04477137792855501,0.03281538560986519,,0
cebik-w4rnl/models/LPDAs/nec/lp14-30-14el40ft100o.nec,ok,ok,0.19645865075290203,0.1239716736599803,1.5847,1
cebik-w4rnl/models/LPDAs/nec/lp14-30-15el42ft250o-dir-stepdia.nec,ok,ok,0.10701285395771265,0.06976817362010479,1.5338,1
cebik-w4rnl/models/LPDAs/nec/lp14-30-16el42ft100o-dir.nec,ok,ok,0.03994185570627451,0.02792318817228079,,0
cebik-w4rnl/models/LPDAs/nec/lp14-30-21el52ft200o.nec,ok,ok,0.04899558424949646,0.034208026714622974,,0
cebik-w4rnl/models/LPDAs/nec/lp14-30-22el56ft250o-dir.nec,ok,ok,0.05331688281148672,0.03608039394021034,,0
cebik-w4rnl/models/LPDAs/nec/lp14-30-24el58ft200o.nec,ok,ok,0.100165581330657,0.06521358620375395,1.5360,1
cebik-w4rnl/models/LPDAs/nec/lp14-30-27el217ft200o.nec,ok,ok,0.12265251018106937,0.07713572774082422,1.5901,1
cebik-w4rnl/models/LPDAs/nec/lp14-30-7el20ft100o-K4EWG.nec,ok,ok,0.02338828518986702,0.018793183378875256,,0
cebik-w4rnl/models/LPDAs/nec/lp14-30-8el20ft200o.nec,ok,ok,0.016376085579395294,0.01355738751590252,,0
cebik-w4rnl/models/LPDAs/nec/lp14-30-9el21ft250o-dir.nec,ok,ok,0.02697562985122204,0.018198588863015175,,0
cebik-w4rnl/models/LPDAs/nec/lp144-6el5ft75o-1875.nec,ok,ok,0.023395868949592113,0.01695077307522297,,0
cebik-w4rnl/models/LPDAs/nec/lp17-5el32ft50o.nec,ok,ok,0.0076950835064053535,0.006997829303145409,,0
cebik-w4rnl/models/LPDAs/nec/lp21-5el27ft50o.nec,ok,ok,0.007587919011712074,0.007068987935781479,,0
cebik-w4rnl/models/LPDAs/nec/lp220-15el11ft80o.nec,ok,ok,0.15220478642731905,0.09301985707134008,1.6363,1
cebik-w4rnl/models/LPDAs/nec/lp220-17el11ft60o.nec,ok,ok,0.14455185178667307,0.09426223672926426,1.5335,1
cebik-w4rnl/models/LPDAs/nec/lp220-18el11ft60o.nec,ok,ok,0.1596417985856533,0.09778822306543589,1.6325,1
cebik-w4rnl/models/LPDAs/nec/lp220-20el12ft60o.nec,ok,ok,0.196776881814003,0.12000909820199013,1.6397,1
cebik-w4rnl/models/LPDAs/nec/lp220-20el13ft60o.nec,ok,ok,0.13163947872817516,0.08018877264112234,1.6416,1
cebik-w4rnl/models/LPDAs/nec/lp250-276-21el4ft80o.nec,ok,ok,0.07468330580741167,0.050893244333565235,1.4675,1
cebik-w4rnl/models/LPDAs/nec/lp250-317-10el3ft75o.nec,ok,ok,0.01222301833331585,0.010346656665205956,,0
cebik-w4rnl/models/LPDAs/nec/lp250-317-15el5ft75o.nec,ok,ok,0.024165110662579536,0.017230825498700142,,0
cebik-w4rnl/models/LPDAs/nec/lp250-317-8el3ft75o.nec,ok,ok,0.01020703837275505,0.008627744391560555,,0
cebik-w4rnl/models/LPDAs/nec/lp250-500-12el3ft80o.nec,ok,ok,0.04491455666720867,0.02996802981942892,,0
cebik-w4rnl/models/LPDAs/nec/lp250-500-20el3ft80o.nec,ok,ok,0.10209173895418644,0.06724948901683092,1.5181,1
cebik-w4rnl/models/LPDAs/nec/lp28-30-4el8ft200o-wire12.nec,ok,ok,0.017851590178906918,0.013899818994104862,,0
cebik-w4rnl/models/LPDAs/nec/lp28-30-4el8ft75o-W4RNL.nec,ok,ok,0.017483238130807877,0.014053082093596458,,0
cebik-w4rnl/models/LPDAs/nec/lp28-30-4el8ft75o-fatel-W4RNL.nec,ok,ok,0.017969828099012375,0.013674331828951836,,0
cebik-w4rnl/models/LPDAs/nec/lp28-30-4el8ft75o-stepdia-W4RNL.nec,ok,ok,0.016318706795573235,0.012902806513011456,,0
cebik-w4rnl/models/LPDAs/nec/lp28-30-53l8ft300o-wire12-zigzag.nec,ok,ok,0.05191864166408777,0.03404258470982313,,0
cebik-w4rnl/models/LPDAs/nec/lp28-30-5el8ftnoline-wire10-zigzag.nec,ok,ok,0.022467457689344883,0.019121352583169937,,0
cebik-w4rnl/models/LPDAs/nec/lp28-31-10el48ft80o.nec,ok,ok,0.0182199627161026,0.012719552032649517,,0
cebik-w4rnl/models/LPDAs/nec/lp3-30-20el100ft200o.nec,ok,ok,0.5842110235244036,0.3747150767594576,1.5591,1
cebik-w4rnl/models/LPDAs/nec/lp3-30-20el60ft150o.nec,ok,ok,0.28995571844279766,0.18848183006048203,1.5384,1
cebik-w4rnl/models/LPDAs/nec/lp3-30-21el100ft200o.nec,ok,ok,0.3001316078007221,0.19161298405379057,1.5663,1
cebik-w4rnl/models/LPDAs/nec/lp3-30-22el100ft200o.nec,ok,ok,0.31539709586650133,0.20800930354744196,1.5163,1
cebik-w4rnl/models/LPDAs/nec/lp3-30-23el100ft200o.nec,ok,ok,0.34711500350385904,0.22989553399384022,1.5099,1
cebik-w4rnl/models/LPDAs/nec/lp3-30-24el100ft200o.nec,ok,ok,0.38255114667117596,0.252629897557199,1.5143,1
cebik-w4rnl/models/LPDAs/nec/lp3-30-25el100ft200o.nec,ok,ok,0.41622566524893045,0.27246802020817995,1.5276,1
cebik-w4rnl/models/LPDAs/nec/lp3-30-26el100ft200o.nec,ok,ok,0.4675560873001814,0.30384818464517593,1.5388,1
cebik-w4rnl/models/LPDAs/nec/lp3-30-26el164ft150o.nec,ok,ok,0.4590257303789258,0.2956707030534744,1.5525,1
cebik-w4rnl/models/LPDAs/nec/lp3-30-33el100ft150o.nec,ok,ok,0.48988325614482164,0.3068202221766114,1.5966,1
cebik-w4rnl/models/LPDAs/nec/lp3-30-33el168ft250o.nec,ok,ok,0.8850330244749784,0.5864401599392295,1.5092,1
cebik-w4rnl/models/LPDAs/nec/lp3-30-42el164ft250o.nec,ok,ok,1.3119587628170848,0.8913672659546137,1.4718,1
cebik-w4rnl/models/LPDAs/nec/lp3-7-10el55ft200o.nec,ok,ok,0.02185964584350586,0.017753510735929012,,0
cebik-w4rnl/models/LPDAs/nec/lp3-7-10el56ft200o.nec,ok,ok,0.022926156409084797,0.018165307119488716,,0
cebik-w4rnl/models/LPDAs/nec/lp3-7-11el53ft200o.nec,ok,ok,0.020642364397644997,0.017320959828794003,,0
cebik-w4rnl/models/LPDAs/nec/lp3-7-12el53ft200o.nec,ok,ok,0.02371958177536726,0.019711248576641083,,0
cebik-w4rnl/models/LPDAs/nec/lp3-7-12el55ft200o.nec,ok,ok,0.029260583221912384,0.0235397070646286,,0
cebik-w4rnl/models/LPDAs/nec/lp3-7-16el84ft200o.nec,ok,ok,0.03781095799058676,0.029900232329964638,,0
cebik-w4rnl/models/LPDAs/nec/lp3r5-4-14el89ft200o-2.nec,ok,ok,0.04088795743882656,0.03288975637406111,,0
cebik-w4rnl/models/LPDAs/nec/lp3r5-4-6el86ft100o-2.nec,ok,ok,0.07608921453356743,0.04814093466848135,,0
cebik-w4rnl/models/LPDAs/nec/lp3r5-4-8el86ft100o-2.nec,ok,ok,0.019253656268119812,0.016100801527500153,,0
cebik-w4rnl/models/LPDAs/nec/lp3r5-4-8el86ft150o-12.nec,ok,ok,0.019432718865573406,0.016086985357105732,,0
cebik-w4rnl/models/LPDAs/nec/lp4-30-19el60ft200o.nec,ok,ok,0.2243668781593442,0.1539187040179968,1.4577,1
cebik-w4rnl/models/LPDAs/nec/lp4-30-20el65ft150o.nec,ok,ok,0.31132871471345425,0.18492526561021805,1.6835,1
cebik-w4rnl/models/LPDAs/nec/lp4-30-20el65ft200o.nec,ok,ok,0.22696552518755198,0.13063348457217216,1.7374,1
cebik-w4rnl/models/LPDAs/nec/lp4-30-21el65ft200o.nec,ok,ok,0.2507919492200017,0.16343635972589254,1.5345,1
cebik-w4rnl/models/LPDAs/nec/lp40-90-22el20ft100o-dir.nec,ok,ok,0.05282945651561022,0.03702686261385679,,0
cebik-w4rnl/models/LPDAs/nec/lp400-800-12el1ft250o.nec,ok,ok,0.037702951580286026,0.0286086555570364,,0
cebik-w4rnl/models/LPDAs/nec/lp7-15-10el35ft200o.nec,ok,ok,0.020094982348382473,0.015891601331532,,0
cebik-w4rnl/models/LPDAs/nec/lp7-15-11el44ft200o-dir.nec,ok,ok,0.021997998468577862,0.01740308851003647,,0
cebik-w4rnl/models/LPDAs/nec/lp7-15-12el42ft200o.nec,ok,ok,0.025862726382911205,0.020198864862322807,,0
cebik-w4rnl/models/LPDAs/nec/lp7-15-13el53ft200o.nec,ok,ok,0.029814794659614563,0.022482317872345448,,0
cebik-w4rnl/models/LPDAs/nec/lp7-15-16el28ft200o.nec,ok,ok,0.04044794291257858,0.03127801790833473,,0
cebik-w4rnl/models/LPDAs/nec/lp7-15-16el56ft200o.nec,ok,ok,0.03753689769655466,0.028160467743873596,,0
cebik-w4rnl/models/LPDAs/nec/lp7-15-16el70ft200o.nec,ok,ok,0.04008452035486698,0.03018681053072214,,0
cebik-w4rnl/models/LPDAs/nec/lp7-15-16el84ft200o.nec,ok,ok,0.03982383385300636,0.027445822022855282,,0
cebik-w4rnl/models/LPDAs/nec/lp7-15-22el78ft200o.nec,ok,ok,0.0803498039022088,0.055920105427503586,1.4369,1
cebik-w4rnl/models/LPDAs/nec/lp7-15-27el434ft200o.nec,ok,ok,0.12749156076461077,0.07516588270664215,1.6961,1
cebik-w4rnl/models/LPDAs/nec/lp7-15-7el25ft200o.nec,ok,ok,0.011041977442800999,0.010636032558977604,,0
cebik-w4rnl/models/LPDAs/nec/lp7-15-7el37ft200o.nec,ok,ok,0.010619484819471836,0.009389040991663933,,0
cebik-w4rnl/models/LPDAs/nec/lp7-15-9el31ft200o.nec,ok,ok,0.021431563422083855,0.014312684535980225,,0
cebik-w4rnl/models/LPDAs/nec/lp800-1200-17el3ft200o.nec,ok,ok,0.026727719232439995,0.019120724871754646,,0
cebik-w4rnl/models/LPDAs/nec/lp850-2600-36el4ft200o.nec,ok,ok,0.3159201992675662,0.20866796746850014,1.5140,1
cebik-w4rnl/models/LPDAs/nec/lp850-2600-37el4ft80o.nec,ok,ok,0.37378829158842564,0.2349748807027936,1.5908,1
cebik-w4rnl/models/LPDAs/nec/lp900-1400-36el4ft200o.nec,ok,ok,0.32096528727561235,0.20094947144389153,1.5972,1
cebik-w4rnl/models/LPDAs/nec/lpma3r5-4-6el86ft75o-buriedradials.nec,ok,ok,21.301973229274154,13.705373509787023,1.5543,1
cebik-w4rnl/models/Phased-Arrays/nec/10-28-edzlazyh-fs-14.nec,ok,ok,0.010602268390357494,0.00895882397890091,,0
cebik-w4rnl/models/Phased-Arrays/nec/14-29-lpda-50.nec,ok,ok,0.09584860317409039,0.06531659606844187,1.4674,1
cebik-w4rnl/models/Phased-Arrays/nec/14-8jk-fs-75.nec,ok,ok,0.006115620024502277,0.005942320451140404,,0
cebik-w4rnl/models/Phased-Arrays/nec/14-8jkstack-stdphase-12.nec,ok,ok,0.5147981494665146,0.29827292915433645,1.7259,1
cebik-w4rnl/models/Phased-Arrays/nec/14-8jkstack-xphased-12.nec,ok,ok,0.5089804688468575,0.29785033501684666,1.7088,1
cebik-w4rnl/models/Phased-Arrays/nec/14-fdsp-W7EL.nec,ok,ok,0.24499548971652985,0.14434504229575396,1.6973,1
cebik-w4rnl/models/Phased-Arrays/nec/14-longelphased-directfeedp1-W4RNL.nec,ok,ok,0.010816996917128563,0.009339485317468643,,0
cebik-w4rnl/models/Phased-Arrays/nec/14-phased35o-50-W4RNL.nec,ok,ok,0.21236382331699133,0.13740424159914255,1.5455,1
cebik-w4rnl/models/Phased-Arrays/nec/14-phasedsplit50o-50-W4RNL.nec,ok,ok,0.00457948911935091,0.004878080449998379,,0
cebik-w4rnl/models/Phased-Arrays/nec/14-shortel-stubs-50-N7CL.nec,ok,ok,0.11790551245212555,0.07448785565793514,1.5829,1
cebik-w4rnl/models/Phased-Arrays/nec/14-stacked3elYagis-1.nec,ok,ok,0.14319288730621338,0.08681332785636187,1.6494,1
cebik-w4rnl/models/Phased-Arrays/nec/14-zlsporig-1-ZL3MH.nec,ok,ok,0.1230849539861083,0.07796510402113199,1.5787,1
cebik-w4rnl/models/Phased-Arrays/nec/144-3eledzvbeam-fs-40.nec,ok,ok,0.03138216212391853,0.02175594214349985,,0
cebik-w4rnl/models/Phased-Arrays/nec/146-436-dualquad turnstile-sat-146.nec,ok,ok,0.9731927588582039,0.4849538244307041,2.0068,1
cebik-w4rnl/models/Phased-Arrays/nec/146-436-dualquadturnstile-sat-436.nec,ok,ok,0.6876807371154428,0.33472863771021366,2.0544,1
cebik-w4rnl/models/Phased-Arrays/nec/146-moxrectturnstile-sat-1875.nec,ok,ok,0.2667871732264757,0.16534076537936926,1.6136,1
cebik-w4rnl/models/Phased-Arrays/nec/18-fdsp-W7EL.nec,ok,ok,0.24297058675438166,0.1435798853635788,1.6922,1
cebik-w4rnl/models/Phased-Arrays/nec/18-longelphased-directfeedp1-W4RNL.nec,ok,ok,0.010753469541668892,0.009386938065290451,,0
cebik-w4rnl/models/Phased-Arrays/nec/18-phased35o-50-W4RNL.nec,ok,ok,0.1918965969234705,0.1232629083096981,1.5568,1
cebik-w4rnl/models/Phased-Arrays/nec/18-phasedsplit50o-50-W4RNL.nec,ok,ok,0.00467919185757637,0.00482818391174078,,0
cebik-w4rnl/models/Phased-Arrays/nec/18-shortel-stubs-50-N7CL.nec,ok,ok,0.1175764137879014,0.07450569234788418,1.5781,1
cebik-w4rnl/models/Phased-Arrays/nec/1r1-bc2elphased vert.nec,ok,ok,0.010958408005535603,0.008994054049253464,,0
cebik-w4rnl/models/Phased-Arrays/nec/1r4-bc3elendfire-pergnd.nec,ok,ok,0.04313793871551752,0.02561970241367817,,0
cebik-w4rnl/models/Phased-Arrays/nec/1r4-bc6elb-s+e-f-pergnd.nec,ok,ok,0.1524889199063182,0.08015901781618595,1.9023,1
cebik-w4rnl/models/Phased-Arrays/nec/1r5-bc2xhalfwldr+6parguy-sngnd.nec,ok,ok,1.3665394270792603,0.8813803093507886,1.5505,1
cebik-w4rnl/models/Phased-Arrays/nec/1r5-bc3elendfire-burrad.nec,ok,ok,3.216799693182111,2.069466616027057,1.5544,1
cebik-w4rnl/models/Phased-Arrays/nec/1r5-bc4elendfire-pergnd.nec,ok,ok,0.1878501307219267,0.12441226188093424,1.5099,1
cebik-w4rnl/models/Phased-Arrays/nec/1r5-bc6elphaseaim-pergnd.nec,ok,ok,0.15626279637217522,0.0834205336868763,1.8732,1
cebik-w4rnl/models/Phased-Arrays/nec/1r5-bchalfwldr+6parguy-sngnd.nec,ok,ok,0.7442858843132854,0.4978190353140235,1.4951,1
cebik-w4rnl/models/Phased-Arrays/nec/1r8-2-elphased-radials.nec,ok,ok,5.7104540672153234,3.49830842576921,1.6323,1
cebik-w4rnl/models/Phased-Arrays/nec/1r8-2x4elphased-K8UR.nec,ok,ok,0.8058100640773773,0.5006721634417772,1.6095,1
cebik-w4rnl/models/Phased-Arrays/nec/1r8-4el-broadside.nec,ok,ok,0.11958918441087008,0.073142159730196,1.6350,1
cebik-w4rnl/models/Phased-Arrays/nec/1r8-4el-endfire-burrad.nec,ok,ok,5.206521721556783,3.3229830702766776,1.5668,1
cebik-w4rnl/models/Phased-Arrays/nec/1r8-4el-endfire.nec,ok,ok,0.12860962096601725,0.08495165221393108,1.5139,1
cebik-w4rnl/models/Phased-Arrays/nec/1r8-4elphased-lowbend-K8UR.nec,ok,ok,0.47109896689653397,0.2959554847329855,1.5918,1
cebik-w4rnl/models/Phased-Arrays/nec/1r8-4elphased-midelbend-K8UR.nec,ok,ok,0.42184565030038357,0.2892717430368066,1.4583,1
cebik-w4rnl/models/Phased-Arrays/nec/1r8-5el-broadside.nec,ok,ok,0.1642900975421071,0.0976514220237732,1.6824,1
cebik-w4rnl/models/Phased-Arrays/nec/1r8-5el-endfire.nec,ok,ok,0.17758984584361315,0.10869897808879614,1.6338,1
cebik-w4rnl/models/Phased-Arrays/nec/21-2eledzbeam-2ref-gnd-12-ZL1LE.nec,ok,ok,0.26934678200632334,0.1735159084200859,1.5523,1
cebik-w4rnl/models/Phased-Arrays/nec/21-coledz-wiretl-12.nec,ok,ok,0.1666384283453226,0.0943448506295681,1.7663,1
cebik-w4rnl/models/Phased-Arrays/nec/21-fdsp-W7EL.nec,ok,ok,0.24404743127524853,0.1439364841207862,1.6955,1
cebik-w4rnl/models/Phased-Arrays/nec/21-longelphased-directfeedp1-W4RNL.nec,ok,ok,0.020957442931830883,0.009272916242480278,,0
cebik-w4rnl/models/Phased-Arrays/nec/21-phased35o-50-W4RNL.nec,ok,ok,0.17697428166866302,0.11443397402763367,1.5465,1
cebik-w4rnl/models/Phased-Arrays/nec/21-phasedcoledz-fs-12.nec,ok,ok,0.07594524323940277,0.046989137306809425,,0
cebik-w4rnl/models/Phased-Arrays/nec/21-phasedsplit50o-50-W4RNL.nec,ok,ok,0.004476162604987621,0.004760032519698143,,0
cebik-w4rnl/models/Phased-Arrays/nec/21-shortel-stubs-50-N7CL.nec,ok,ok,0.11908379942178726,0.07510844059288502,1.5855,1
cebik-w4rnl/models/Phased-Arrays/nec/21-zlsporig-1-ZL3MH.nec,ok,ok,0.12425414752215147,0.07828936539590359,1.5871,1
cebik-w4rnl/models/Phased-Arrays/nec/24-3elzlsp-fs-75.nec,ok,ok,0.012813455425202847,0.010544057935476303,,0
cebik-w4rnl/models/Phased-Arrays/nec/24-fdsp-W7EL.nec,ok,ok,0.24967652466148138,0.14466831367462873,1.7259,1
cebik-w4rnl/models/Phased-Arrays/nec/24-lazyh-fs-K7KGP.nec,ok,ok,0.007923051714897156,0.007675708271563053,,0
cebik-w4rnl/models/Phased-Arrays/nec/24-longelphased-directfeedp1-W4RNL.nec,ok,ok,0.010618944652378559,0.009286221116781235,,0
cebik-w4rnl/models/Phased-Arrays/nec/24-phased35o-50-W4RNL.nec,ok,ok,0.1909070461988449,0.1227785013616085,1.5549,1
cebik-w4rnl/models/Phased-Arrays/nec/24-phasedsplit50o-50-W4RNL.nec,ok,ok,0.004458580166101456,0.004815246909856796,,0
cebik-w4rnl/models/Phased-Arrays/nec/24-shortel-stubs-50-N7CL.nec,ok,ok,0.11972683481872082,0.07575385365635157,1.5805,1
cebik-w4rnl/models/Phased-Arrays/nec/254-turnstileYagi-milsat.nec,ok,ok,0.3716617142781615,0.2020787363871932,1.8392,1
cebik-w4rnl/models/Phased-Arrays/nec/28-2eledzbeam-2ref-fs-12.nec,ok,ok,0.007285255007445812,0.007202528417110443,,0
cebik-w4rnl/models/Phased-Arrays/nec/28-2eledzbeam-fs-12.nec,ok,ok,0.0077025797218084335,0.0073968032374978065,,0
cebik-w4rnl/models/Phased-Arrays/nec/28-3eledzbeam-2ref-gnd-12.nec,ok,ok,0.11404367815703154,0.07202646695077419,1.5834,1
cebik-w4rnl/models/Phased-Arrays/nec/28-6elphasefedbeam-fs-50.nec,ok,ok,0.01358126476407051,0.01126013696193695,,0
cebik-w4rnl/models/Phased-Arrays/nec/28-7-lazyh-vert-14.nec,ok,ok,0.28322967886924744,0.1820944854989648,1.5554,1
cebik-w4rnl/models/Phased-Arrays/nec/28-fdsp-W7EL.nec,ok,ok,0.24564144015312195,0.14421442989259958,1.7033,1
cebik-w4rnl/models/Phased-Arrays/nec/28-longelphased-directfeedp1-W4RNL.nec,ok,ok,0.010873310267925262,0.010684561915695667,,0
cebik-w4rnl/models/Phased-Arrays/nec/28-phased-gammas-1-HB9CV.nec,ok,ok,0.015579753555357456,0.012541355565190315,,0
cebik-w4rnl/models/Phased-Arrays/nec/28-phased35o-50-W4RNL.nec,ok,ok,0.19215905759483576,0.12378373742103577,1.5524,1
cebik-w4rnl/models/Phased-Arrays/nec/28-phasedsplit50o-50-W4RNL.nec,ok,ok,0.0043740300461649895,0.004847193136811256,,0
cebik-w4rnl/models/Phased-Arrays/nec/28-shortel-stubs-50-N7CL.nec,ok,ok,0.12127405218780041,0.07646326161921024,1.5860,1
cebik-w4rnl/models/Phased-Arrays/nec/28-shortel-stubstack-50-N7CL.nec,ok,ok,0.23565760347992182,0.13343125861138105,1.7661,1
cebik-w4rnl/models/Phased-Arrays/nec/28-swissquad-14.nec,ok,ok,0.010150475427508354,0.00960907619446516,,0
cebik-w4rnl/models/Phased-Arrays/nec/28-zlsp-udp-75-W4RNL.nec,ok,ok,0.12634744960814714,0.08008276484906673,1.5777,1
cebik-w4rnl/models/Phased-Arrays/nec/28-zlsporig-1-ZL3MH.nec,ok,ok,0.12682476360350847,0.08015573862940073,1.5822,1
cebik-w4rnl/models/Phased-Arrays/nec/28-zlsptrombone-ARRL.nec,ok,ok,0.18886339385062456,0.11540571320801973,1.6365,1
cebik-w4rnl/models/Phased-Arrays/nec/284-turnstilequad-milsat-ez.nec,ok,ok,0.5772571982815862,0.29505957663059235,1.9564,1
cebik-w4rnl/models/Phased-Arrays/nec/300-11eldplarray.nec,ok,ok,0.07710623927414417,0.059100924991071224,1.3047,1
cebik-w4rnl/models/Phased-Arrays/nec/300-20eldplarray.nec,ok,ok,0.15786009840667248,0.10561766475439072,1.4946,1
cebik-w4rnl/models/Phased-Arrays/nec/300-30eldplarray.nec,ok,ok,0.2747380919754505,0.17831289861351252,1.5408,1
cebik-w4rnl/models/Phased-Arrays/nec/300-40eldplarray.nec,ok,ok,0.4437317010015249,0.27296343725174665,1.6256,1
cebik-w4rnl/models/Phased-Arrays/nec/300-50dplarray.nec,ok,ok,0.6239705206826329,0.38970085326582193,1.6012,1
cebik-w4rnl/models/Phased-Arrays/nec/3r6-2x4elphased-K8UR.nec,ok,ok,0.8570505566895008,0.5297654680907726,1.6178,1
cebik-w4rnl/models/Phased-Arrays/nec/3r6-4elphased-lowbend-K8UR.nec,ok,ok,0.45729714538902044,0.2862896425649524,1.5973,1
cebik-w4rnl/models/Phased-Arrays/nec/3r6-4elphased-midelbend-K8UR.nec,ok,ok,0.3226224221289158,0.20448179822415113,1.5778,1
cebik-w4rnl/models/Phased-Arrays/nec/3r6-8jk-12.nec,ok,ok,0.35610414668917656,0.22967403568327427,1.5505,1
cebik-w4rnl/models/Phased-Arrays/nec/3r6-bruce-3sect-12.nec,ok,ok,0.306749296374619,0.19866154249757528,1.5441,1
cebik-w4rnl/models/Phased-Arrays/nec/3r6-bruce-4sect-12.nec,ok,ok,0.31441217102110386,0.20367659721523523,1.5437,1
cebik-w4rnl/models/Phased-Arrays/nec/3r6-bruce-5sect-12.nec,ok,ok,0.3826408050954342,0.24179458618164062,1.5825,1
cebik-w4rnl/models/Phased-Arrays/nec/3r6-halfwldr+6parguy-sngnd.nec,ok,ok,0.6425387663766742,0.4173475531861186,1.5396,1
cebik-w4rnl/models/Phased-Arrays/nec/3r6-phasedrect-10-N2DT.nec,ok,ok,0.3481761645525694,0.22651536390185356,1.5371,1
cebik-w4rnl/models/Phased-Arrays/nec/3r6-sterba-12.nec,ok,ok,0.6363289710134268,0.3625935297459364,1.7549,1
cebik-w4rnl/models/Phased-Arrays/nec/3r6-sterba-ctrfed-12.nec,ok,ok,0.5857207775115967,0.33881830144673586,1.7287,1
cebik-w4rnl/models/Phased-Arrays/nec/3r9-halfwldr+6parguy-sngnd.nec,ok,ok,0.567593440413475,0.36937682144343853,1.5366,1
cebik-w4rnl/models/Phased-Arrays/nec/432-col-coilmatch.nec,ok,ok,0.09497950784862041,0.06032090727239847,1.5746,1
cebik-w4rnl/models/Phased-Arrays/nec/432-col-indloadmatch.nec,ok,ok,0.059835538268089294,0.040710095316171646,,0
cebik-w4rnl/models/Phased-Arrays/nec/436-moxrectturnstile-sat-12.nec,ok,ok,0.1663889391347766,0.09862871747463942,1.6870,1
cebik-w4rnl/models/Phased-Arrays/nec/436-turnstileYagi-sat.nec,ok,ok,0.3871379755437374,0.20038386806845665,1.9320,1
cebik-w4rnl/models/Phased-Arrays/nec/50-edzlazyh-fs-14.nec,ok,ok,0.010172400623559952,0.008912080898880959,,0
cebik-w4rnl/models/Phased-Arrays/nec/5r4-2x4elphased-K8UR.nec,ok,ok,0.8522206814959645,0.5296954577788711,1.6089,1
cebik-w4rnl/models/Phased-Arrays/nec/5r4-4elphased-lowbend-K8UR.nec,ok,ok,0.4531167773529887,0.28542367927730083,1.5875,1
cebik-w4rnl/models/Phased-Arrays/nec/5r4-4elphased-midelbend-K8UR.nec,ok,ok,0.318283261731267,0.20285834465175867,1.5690,1
cebik-w4rnl/models/Phased-Arrays/nec/5r4-halfwldr+6parguy-sngnd.nec,ok,ok,0.5794110400602221,0.3854674678295851,1.5031,1
cebik-w4rnl/models/Phased-Arrays/nec/7-2elphased-pergnd-2.nec,ok,ok,0.01767450664192438,0.017209870740771294,,0
cebik-w4rnl/models/Phased-Arrays/nec/7-2xhalfwldr+6parguy-sngnd.nec,ok,ok,1.350791784003377,0.8496442930772901,1.5898,1
cebik-w4rnl/models/Phased-Arrays/nec/7-4square phased verts.nec,ok,ok,0.009003029204905033,0.008113824762403965,,0
cebik-w4rnl/models/Phased-Arrays/nec/7-halfwldr+6parguy-sngnd.nec,ok,ok,0.5924566937610507,0.37139271292835474,1.5952,1
cebik-w4rnl/models/Phased-Arrays/nec/903-vertmonoYagis-inphasefed.nec,ok,ok,0.012212763540446758,0.009636293165385723,,0
cebik-w4rnl/models/Quads/nec/10-2eloptquad-12.nec,ok,ok,0.012476494535803795,0.00976133719086647,,0
cebik-w4rnl/models/Quads/nec/10-3elopthgquad-12.nec,ok,ok,0.013485471718013287,0.011253922246396542,,0
cebik-w4rnl/models/Quads/nec/10-3eloptwbquad-12.nec,ok,ok,0.013431421481072903,0.011348094791173935,,0
cebik-w4rnl/models/Quads/nec/10-4eloptquad-12.nec,ok,ok,0.01939945202320814,0.014711189083755016,,0
cebik-w4rnl/models/Quads/nec/1296-2eloptquad-12.nec,ok,ok,0.012570204213261604,0.009599074721336365,,0
cebik-w4rnl/models/Quads/nec/1296-3elopthgquad-12.nec,ok,ok,0.013431255705654621,0.011581056751310825,,0
cebik-w4rnl/models/Quads/nec/1296-3eloptwbquad-12.nec,ok,ok,0.013422715477645397,0.011334606446325779,,0
cebik-w4rnl/models/Quads/nec/1296-4eloptquad-12.nec,ok,ok,0.0192081518471241,0.01857079192996025,,0
cebik-w4rnl/models/Quads/nec/14-1elloop-diamond-14.nec,ok,ok,0.01257337536662817,0.010643670335412025,,0
cebik-w4rnl/models/Quads/nec/14-28-2b2elquad-14-1feed.nec,ok,ok,0.29000078421086073,0.18416890408843756,1.5746,1
cebik-w4rnl/models/Quads/nec/14-28-2b2elquad-14-widesp.nec,ok,ok,0.014845472760498524,0.012758484110236168,,0
cebik-w4rnl/models/Quads/nec/14-2eloptquad-12.nec,ok,ok,0.01251014694571495,0.009501118212938309,,0
cebik-w4rnl/models/Quads/nec/14-2elquad-sq-14-medsp.nec,ok,ok,0.013637078925967216,0.01041762437671423,,0
cebik-w4rnl/models/Quads/nec/14-2elquad-sq-14-smallsp.nec,ok,ok,0.008860928937792778,0.007733354344964027,,0
cebik-w4rnl/models/Quads/nec/14-2elquad-sq-widesp.nec,ok,ok,0.006537680514156818,0.006924038752913475,,0
cebik-w4rnl/models/Quads/nec/14-3elopthgquad-12.nec,ok,ok,0.013438853435218334,0.011371535249054432,,0
cebik-w4rnl/models/Quads/nec/14-3eloptwbquad-12.nec,ok,ok,0.013510937802493572,0.011294643394649029,,0
cebik-w4rnl/models/Quads/nec/14-3elquad-12-W6SAI.nec,ok,ok,0.02586167212575674,0.017183322459459305,,0
cebik-w4rnl/models/Quads/nec/14-3elquad-14-K2OB.nec,ok,ok,0.027684547938406467,0.01721926685422659,,0
cebik-w4rnl/models/Quads/nec/14-3elquad-14-Yagisp.nec,ok,ok,0.02586761862039566,0.01722514070570469,,0
cebik-w4rnl/models/Quads/nec/14-4eloptquad-12.nec,ok,ok,0.019834035076200962,0.014656098559498787,,0
cebik-w4rnl/models/Quads/nec/14-5elquad-10-eqsp-W4RNL.nec,ok,ok,0.0736102806404233,0.045700928196311,,0
cebik-w4rnl/models/Quads/nec/14-5elquad-14-K2OB-80ft.nec,ok,ok,0.0645575663074851,0.0386904077604413,,0
cebik-w4rnl/models/Quads/nec/14-5elquad-14-K2OB.nec,ok,ok,0.06434868089854717,0.03883787803351879,,0
cebik-w4rnl/models/Quads/nec/14-6elquad-8.nec,ok,ok,0.10976734664291143,0.060845328494906425,1.8040,1
cebik-w4rnl/models/Quads/nec/144-2eloptquad-12.nec,ok,ok,0.01276515144854784,0.009732255712151527,,0
cebik-w4rnl/models/Quads/nec/144-3eloctagon-50.nec,ok,ok,0.012659895233809948,0.010855232365429401,,0
cebik-w4rnl/models/Quads/nec/144-3elopthgquad-12.nec,ok,ok,0.013758942484855652,0.01140605378895998,,0
cebik-w4rnl/models/Quads/nec/144-3eloptwbquad-12.nec,ok,ok,0.013594997115433216,0.011451530270278454,,0
cebik-w4rnl/models/Quads/nec/144-4eloptquad-12.nec,ok,ok,0.022150754928588867,0.01484357938170433,,0
cebik-w4rnl/models/Quads/nec/144-6elquad-14.nec,ok,ok,0.10307164769619703,0.0620359955355525,1.6615,1
cebik-w4rnl/models/Quads/nec/18-24-2b5-6elquad-W4RNL.nec,ok,ok,0.24439135286957026,0.14675869047641754,1.6653,1
cebik-w4rnl/models/Quads/nec/18-2eloptquad-12.nec,ok,ok,0.016001989133656025,0.009975572116672993,,0
cebik-w4rnl/models/Quads/nec/18-2elquad-sq-14-679ftsp.nec,ok,ok,0.007765013724565506,0.0074789151549339294,,0
cebik-w4rnl/models/Quads/nec/18-2elquad-sq-14-944ftsp.nec,ok,ok,0.01369959581643343,0.01079487707465887,,0
cebik-w4rnl/models/Quads/nec/18-3elopthgquad-12.nec,ok,ok,0.013471970334649086,0.01115761511027813,,0
cebik-w4rnl/models/Quads/nec/18-3eloptwbquad.nec,ok,ok,0.013552014715969563,0.011388121172785759,,0
cebik-w4rnl/models/Quads/nec/18-3elquad-14-reversible-AA2NN.nec,ok,ok,0.3555987663567066,0.22811206802725792,1.5589,1
cebik-w4rnl/models/Quads/nec/18-3elquad-14.nec,ok,ok,0.3725626301020384,0.22445342503488064,1.6599,1
cebik-w4rnl/models/Quads/nec/18-4eloptquad-12.nec,ok,ok,0.019422659650444984,0.014512340538203716,,0
cebik-w4rnl/models/Quads/nec/21-28-2b2elquad-14-spider.nec,ok,ok,0.01114993542432785,0.010290795005857944,,0
cebik-w4rnl/models/Quads/nec/21-2eloptquad-12.nec,ok,ok,0.012544533237814903,0.009549673646688461,,0
cebik-w4rnl/models/Quads/nec/21-2elquad-sq-14-580ftsp.nec,ok,ok,0.006519193761050701,0.006279313005506992,,0
cebik-w4rnl/models/Quads/nec/21-2elquad-sq-14-8ftsp.nec,ok,ok,0.013473756611347198,0.010430432856082916,,0
cebik-w4rnl/models/Quads/nec/21-2elquad-sq-18-ARRL.nec,ok,ok,0.009323062375187874,0.009161063469946384,,0
cebik-w4rnl/models/Quads/nec/21-3elopthgquad-12.nec,ok,ok,0.013806629925966263,0.01149161346256733,,0
cebik-w4rnl/models/Quads/nec/21-3eloptwbquad-12.nec,ok,ok,0.013514090329408646,0.014052582904696465,,0
cebik-w4rnl/models/Quads/nec/21-4eloptquad-12.nec,ok,ok,0.0191735764965415,0.015024102292954922,,0
cebik-w4rnl/models/Quads/nec/21-5elquad-14-eqsp-W4RNL.nec,ok,ok,0.07396138645708561,0.045260099694132805,,0
cebik-w4rnl/models/Quads/nec/21-6elquad-8.nec,ok,ok,0.10346655733883381,0.06691756099462509,1.5462,1
cebik-w4rnl/models/Quads/nec/220-2eloptquad-12.nec,ok,ok,0.01267387717962265,0.009674044325947762,,0
cebik-w4rnl/models/Quads/nec/220-3elopthgquad-12.nec,ok,ok,0.013493138365447521,0.011648382991552353,,0
cebik-w4rnl/models/Quads/nec/220-3eloptwbquad-12.nec,ok,ok,0.01597847230732441,0.011329534463584423,,0
cebik-w4rnl/models/Quads/nec/220-4eloptquad-12.nec,ok,ok,0.021304319612681866,0.01470568124204874,,0
cebik-w4rnl/models/Quads/nec/24-1elloop-diamond-14.nec,ok,ok,0.031189830042421818,0.019430450163781643,,0
cebik-w4rnl/models/Quads/nec/24-1elloop-diamond-load-14.nec,ok,ok,0.04128877632319927,0.02425770927220583,,0
cebik-w4rnl/models/Quads/nec/24-2eloptquad-12.nec,ok,ok,0.012908407486975193,0.009623957797884941,,0
cebik-w4rnl/models/Quads/nec/24-2elquad-dia-14-675ftsp.nec,ok,ok,0.04854389373213053,0.0308359544724226,,0
cebik-w4rnl/models/Quads/nec/24-2elquad-sq-14-5ftsp.nec,ok,ok,0.005880409851670265,0.005943739786744118,,0
cebik-w4rnl/models/Quads/nec/24-2elquad-sq-14-685ftsp.nec,ok,ok,0.013632120564579964,0.010286622680723667,,0
cebik-w4rnl/models/Quads/nec/24-3elopthgquad-12.nec,ok,ok,0.013522432185709476,0.011186905205249786,,0
cebik-w4rnl/models/Quads/nec/24-3eloptwbquad-12.nec,ok,ok,0.013611276634037495,0.011131016537547112,,0
cebik-w4rnl/models/Quads/nec/24-4eloptquad-12.nec,ok,ok,0.026324616745114326,0.014646985568106174,,0
cebik-w4rnl/models/Quads/nec/28-1elloop-1.nec,ok,ok,0.00887464638799429,0.00948663055896759,,0
cebik-w4rnl/models/Quads/nec/28-1elloop-14.nec,ok,ok,0.00891727115958929,0.007982397451996803,,0
cebik-w4rnl/models/Quads/nec/28-1elloop-load-14.nec,ok,ok,0.012978901155292988,0.010286755859851837,,0
cebik-w4rnl/models/Quads/nec/28-2eldeltaloop-14.nec,ok,ok,0.029881909489631653,0.019051577895879745,,0
cebik-w4rnl/models/Quads/nec/28-2eloptquad-12.nec,ok,ok,0.012864083051681519,0.009473818354308605,,0
cebik-w4rnl/models/Quads/nec/28-2elquad-dia-load-14.nec,ok,ok,0.05475359316915274,0.03369831945747137,,0
cebik-w4rnl/models/Quads/nec/28-2elquad-sq-14-6ftsp.nec,ok,ok,0.01376266311854124,0.01027250662446022,,0
cebik-w4rnl/models/Quads/nec/28-2elquad-sq-14-medsp.nec,ok,ok,0.015917008742690086,0.01410763245075941,,0
cebik-w4rnl/models/Quads/nec/28-2elquad-sq-14-smallsp.nec,ok,ok,0.013873156160116196,0.010485615581274033,,0
cebik-w4rnl/models/Quads/nec/28-2elquad-sq-14-widesp.nec,ok,ok,0.013757061213254929,0.010369055904448032,,0
cebik-w4rnl/models/Quads/nec/28-2elquad-sq-14.nec,ok,ok,0.006963296793401241,0.0069845933467149734,,0
cebik-w4rnl/models/Quads/nec/28-2elquad-sq-dblload-14.nec,ok,ok,0.0907303849235177,0.05844689067453146,1.5524,1
cebik-w4rnl/models/Quads/nec/28-2elquad-sq-load-14.nec,ok,ok,0.04871656745672226,0.031991236843168736,,0
cebik-w4rnl/models/Quads/nec/28-2elquad-sq-load.nec,ok,ok,0.026275447569787502,0.0191904678940773,,0
cebik-w4rnl/models/Quads/nec/28-2elswissdelta-14.nec,ok,ok,0.011988081969320774,0.009530320763587952,,0
cebik-w4rnl/models/Quads/nec/28-3elopthgquad-12.nec,ok,ok,0.013555414043366909,0.013247091323137283,,0
cebik-w4rnl/models/Quads/nec/28-3eloptwbquad-12.nec,ok,ok,0.016615161672234535,0.011261781677603722,,0
cebik-w4rnl/models/Quads/nec/28-3elquad-14-Yagisp.nec,ok,ok,0.028668799437582493,0.016723042353987694,,0
cebik-w4rnl/models/Quads/nec/28-3elquad-50-Yagisp.nec,ok,ok,0.025645283982157707,0.017103081569075584,,0
cebik-w4rnl/models/Quads/nec/28-4eloptquad-12.nec,ok,ok,0.019360793754458427,0.01668426673859358,,0
cebik-w4rnl/models/Quads/nec/28-5elquad-16-eqsp-W4RNL.nec,ok,ok,0.07404109556227922,0.04568393807858229,,0
cebik-w4rnl/models/Quads/nec/28-6elquad-8.nec,ok,ok,0.10190801601856947,0.06040729023516178,1.6870,1
cebik-w4rnl/models/Quads/nec/28-birdcage-dri-14.nec,ok,ok,0.01638658717274666,0.013079113326966763,,0
cebik-w4rnl/models/Quads/nec/28-birdcage-ref-14.nec,ok,ok,0.016264013946056366,0.012795698828995228,,0
cebik-w4rnl/models/Quads/nec/3band2elquad-14-1feed-a.nec,ok,ok,0.5714362226426601,0.3408014951273799,1.6767,1
cebik-w4rnl/models/Quads/nec/3band2elquad-14-1feed.nec,ok,ok,0.3780333362519741,0.2547130770981312,1.4842,1
cebik-w4rnl/models/Quads/nec/3band4elquad-12-ARRL.nec,ok,ok,0.09810223523527384,0.06850023940205574,1.4321,1
cebik-w4rnl/models/Quads/nec/3r6-2eloptquad-12.nec,ok,ok,0.012656709179282188,0.00956785399466753,,0
cebik-w4rnl/models/Quads/nec/3r6-3elopthgquad-12.nec,ok,ok,0.01335111167281866,0.011093459092080593,,0
cebik-w4rnl/models/Quads/nec/3r6-3eloptwbquad-12.nec,ok,ok,0.013406180776655674,0.011351034976541996,,0
cebik-w4rnl/models/Quads/nec/3r6-4eloptquad-12.nec,ok,ok,0.019227814860641956,0.015501374378800392,,0
cebik-w4rnl/models/Quads/nec/3r9-2eloptquad-12.nec,ok,ok,0.01256283838301897,0.00956193171441555,,0
cebik-w4rnl/models/Quads/nec/3r9-3elopthgquad-12.nec,ok,ok,0.013361547142267227,0.011156688444316387,,0
cebik-w4rnl/models/Quads/nec/3r9-3eloptwbquad-12.nec,ok,ok,0.013547435402870178,0.011314035393297672,,0
cebik-w4rnl/models/Quads/nec/3r9-4eloptquad-12.nec,ok,ok,0.01935386098921299,0.015189559198915958,,0
cebik-w4rnl/models/Quads/nec/432-2eloptquad-12.nec,ok,ok,0.01255748700350523,0.009648141451179981,,0
cebik-w4rnl/models/Quads/nec/432-3elopthgquad-12.nec,ok,ok,0.013526867143809795,0.011417281813919544,,0
cebik-w4rnl/models/Quads/nec/432-3eloptwbquad-12.nec,ok,ok,0.013502330519258976,0.011909473687410355,,0
cebik-w4rnl/models/Quads/nec/432-4eloptquad-12.nec,ok,ok,0.019094862043857574,0.014848501421511173,,0
cebik-w4rnl/models/Quads/nec/50-2eloptquad-12.nec,ok,ok,0.012705677188932896,0.009564473293721676,,0
cebik-w4rnl/models/Quads/nec/50-3elopthgquad-12.nec,ok,ok,0.013515467755496502,0.011352132074534893,,0
cebik-w4rnl/models/Quads/nec/50-3eloptwbquad-12.nec,ok,ok,0.01682197581976652,0.011212036944925785,,0
cebik-w4rnl/models/Quads/nec/50-4eloptquad-12.nec,ok,ok,0.019357575103640556,0.01458682119846344,,0
cebik-w4rnl/models/Quads/nec/5band2elquad-planar-KC6T.nec,ok,ok,0.07001380622386932,0.05206220783293247,1.3448,1
cebik-w4rnl/models/Quads/nec/5band2elquad-spider-125wlsp.nec,ok,ok,0.07065429911017418,0.05206034891307354,1.3572,1
cebik-w4rnl/models/Quads/nec/5band2elquad-spider-174wlsp.nec,ok,ok,0.07317183166742325,0.05234549380838871,1.3979,1
cebik-w4rnl/models/Quads/nec/5band2elquad-spider-opt.nec,ok,ok,0.07325747609138489,0.05317166540771723,1.3778,1
cebik-w4rnl/models/Quads/nec/5band2elquad-spider-widesp.nec,ok,ok,0.08475813269615173,0.06118191871792078,1.3853,1
cebik-w4rnl/models/Quads/nec/5band3elquad-14-ON7NQ.nec,ok,ok,0.15233287401497364,0.10308902151882648,1.4777,1
cebik-w4rnl/models/Quads/nec/5band3elquad-14-sepfeed.nec,ok,ok,0.1519846273586154,0.10388810466974974,1.4630,1
cebik-w4rnl/models/Quads/nec/5band3r5elquad-12-ON7NQ.nec,ok,ok,0.194521420635283,0.13349374290555716,1.4572,1
cebik-w4rnl/models/Quads/nec/5band4-5elquad-12-W4RNL.nec,ok,ok,0.34288372099399567,0.22046782448887825,1.5553,1
cebik-w4rnl/models/Quads/nec/5band4-5elquad-ON7NQ.nec,ok,ok,0.11283529177308083,0.09104061964899302,1.2394,1
cebik-w4rnl/models/Quads/nec/5band4elquad-12-GI0KVQ.nec,ok,ok,0.28353013936430216,0.18480746168643236,1.5342,1
cebik-w4rnl/models/Quads/nec/5band5-6elquad-12-W4RNL.nec,ok,ok,0.3995191194117069,0.25695167388767004,1.5548,1
cebik-w4rnl/models/Quads/nec/5r4-2eloptquad-12.nec,ok,ok,0.012660329230129719,0.009570877067744732,,0
cebik-w4rnl/models/Quads/nec/5r4-3elopthgquad-12.nec,ok,ok,0.013667206279933453,0.011213780380785465,,0
cebik-w4rnl/models/Quads/nec/5r4-3eloptwbquad-12.nec,ok,ok,0.013902287930250168,0.011252808384597301,,0
cebik-w4rnl/models/Quads/nec/5r4-4eloptquad-12.nec,ok,ok,0.023905870504677296,0.014982744120061398,,0
cebik-w4rnl/models/Quads/nec/7-2eloptquad-12.nec,ok,ok,0.012835622765123844,0.009777745231986046,,0
cebik-w4rnl/models/Quads/nec/7-3elopthgquad-12.nec,ok,ok,0.0137969134375453,0.011524120345711708,,0
cebik-w4rnl/models/Quads/nec/7-3eloptwbquad-12.nec,ok,ok,0.013757923617959023,0.011574489995837212,,0
cebik-w4rnl/models/Quads/nec/7-4eloptquad-12.nec,ok,ok,0.01918051764369011,0.014658751897513866,,0
cebik-w4rnl/models/Quads/nec/903-2eloptquad-12.nec,ok,ok,0.012966625392436981,0.014570622704923153,,0
cebik-w4rnl/models/Quads/nec/903-3elopthgquad-12.nec,ok,ok,0.013799553737044334,0.014314213767647743,,0
cebik-w4rnl/models/Quads/nec/903-3eloptwbquad-12.nec,ok,ok,0.013864919543266296,0.010964134708046913,,0
cebik-w4rnl/models/Quads/nec/903-4eloptquad-12.nec,ok,ok,0.019761906936764717,0.015231339260935783,,0
cebik-w4rnl/models/VHF-UHF/nec/100-FMJpole.nec,ok,ok,0.1329035209491849,0.08108626957982779,1.6390,1
cebik-w4rnl/models/VHF-UHF/nec/100-batwing+reflector.nec,ok,ok,0.17019824218004942,0.12119071651250124,1.4044,1
cebik-w4rnl/models/VHF-UHF/nec/100-batwing-wbdipole.nec,ok,ok,0.03684464190155268,0.026135090738534927,,0
cebik-w4rnl/models/VHF-UHF/nec/100-dual-rhombic.nec,ok,ok,5.908389198593795,3.7132913190871477,1.5911,1
cebik-w4rnl/models/VHF-UHF/nec/1296-20elYagi-DL6WU.nec,ok,ok,0.06416845414787531,0.03900074400007725,,0
cebik-w4rnl/models/VHF-UHF/nec/1296-32elYagi-DL6WU.nec,ok,ok,0.14871877431869507,0.08568721823394299,1.7356,1
cebik-w4rnl/models/VHF-UHF/nec/1296-cornerrefl+dipole.nec,ok,ok,0.648912200704217,0.37691440992057323,1.7216,1
cebik-w4rnl/models/VHF-UHF/nec/1296-cornerrefl-vertical.nec,ok,ok,0.13475006073713303,0.08185076713562012,1.6463,1
cebik-w4rnl/models/VHF-UHF/nec/1296-dual-rhombic-QST.nec,ok,ok,1.4667765367776155,0.88232746347785,1.6624,1
cebik-w4rnl/models/VHF-UHF/nec/144-10elOWAYagi.nec,ok,ok,0.02575539331883192,0.018175247125327587,,0
cebik-w4rnl/models/VHF-UHF/nec/144-10elYagi-DL6WU.nec,ok,ok,0.02245294861495495,0.016179770231246948,,0
cebik-w4rnl/models/VHF-UHF/nec/144-11elOWAYagi.nec,ok,ok,0.029368054121732712,0.02045702561736107,,0
cebik-w4rnl/models/VHF-UHF/nec/144-12elOWAYagi.nec,ok,ok,0.03337353281676769,0.022802853025496006,,0
cebik-w4rnl/models/VHF-UHF/nec/144-13elquagi.nec,ok,ok,0.023745722137391567,0.017205750569701195,,0
cebik-w4rnl/models/VHF-UHF/nec/144-2elquad-vertical.nec,ok,ok,0.09039724711328745,0.048549369908869267,,0
cebik-w4rnl/models/VHF-UHF/nec/144-2elquad.nec,ok,ok,0.014335517771542072,0.010948349721729755,,0
cebik-w4rnl/models/VHF-UHF/nec/144-3elhalfsquare.nec,ok,ok,0.08796637691557407,0.047920748591423035,,0
cebik-w4rnl/models/VHF-UHF/nec/144-3elwbYagi-W6SAI.nec,ok,ok,0.010502836667001247,0.008955121971666813,,0
cebik-w4rnl/models/VHF-UHF/nec/144-58gp.nec,ok,ok,0.2955030295997858,0.15597664564847946,1.8945,1
cebik-w4rnl/models/VHF-UHF/nec/144-6elOWAYagi.nec,ok,ok,0.01365218311548233,0.011385107412934303,,0
cebik-w4rnl/models/VHF-UHF/nec/144-7elOWAYagi.nec,ok,ok,0.016110277734696865,0.013091330416500568,,0
cebik-w4rnl/models/VHF-UHF/nec/144-8elOWAYagi.nec,ok,ok,0.01909300684928894,0.014565281569957733,,0
cebik-w4rnl/models/VHF-UHF/nec/144-9elOWAYagi.nec,ok,ok,0.021700939163565636,0.01644507236778736,,0
cebik-w4rnl/models/VHF-UHF/nec/144-collinear-vertical.nec,ok,ok,0.054771654307842255,0.042382185347378254,,0
cebik-w4rnl/models/VHF-UHF/nec/144-dipole-vertical.nec,ok,ok,0.02099891845136881,0.01838288176804781,,0
cebik-w4rnl/models/VHF-UHF/nec/144-edz-delayline.nec,ok,ok,0.046514847315847874,0.024888782761991024,,0
cebik-w4rnl/models/VHF-UHF/nec/144-edz.nec,ok,ok,0.010959342122077942,0.009081481024622917,,0
cebik-w4rnl/models/VHF-UHF/nec/144-moxrect-1.nec,ok,ok,0.0071068499237298965,0.0071642762050032616,,0
cebik-w4rnl/models/VHF-UHF/nec/144-moxrect-125.nec,ok,ok,0.008017350919544697,0.0077245766296982765,,0
cebik-w4rnl/models/VHF-UHF/nec/144-quadloop-vertical.nec,ok,ok,0.0420436030253768,0.02354563307017088,,0
cebik-w4rnl/models/VHF-UHF/nec/220-10elOWAYagi.nec,ok,ok,0.02488929033279419,0.018278163857758045,,0
cebik-w4rnl/models/VHF-UHF/nec/220-11elOWAYagi.nec,ok,ok,0.02979971095919609,0.020457563921809196,,0
cebik-w4rnl/models/VHF-UHF/nec/220-12elOWAYagi+2ref.nec,ok,ok,0.03824046067893505,0.025144345127046108,,0
cebik-w4rnl/models/VHF-UHF/nec/220-12elOWAYagi.nec,ok,ok,0.03285128716379404,0.022681675851345062,,0
cebik-w4rnl/models/VHF-UHF/nec/220-12elYagi-DL6WU.nec,ok,ok,0.03139709122478962,0.02001189347356558,,0
cebik-w4rnl/models/VHF-UHF/nec/220-13elYagi-SM5BSZ.nec,ok,ok,0.03706014063209295,0.02508760802447796,,0
cebik-w4rnl/models/VHF-UHF/nec/220-13elquagi-Buchanen.nec,ok,ok,0.023683852516114712,0.017552660778164864,,0
cebik-w4rnl/models/VHF-UHF/nec/220-14elYagi-W4RNL.nec,ok,ok,0.017367633990943432,0.013481591828167439,,0
cebik-w4rnl/models/VHF-UHF/nec/220-15elYagi-Buchanan.nec,ok,ok,0.018683791160583496,0.014472010545432568,,0
cebik-w4rnl/models/VHF-UHF/nec/220-16elYagi-DL6WU.nec,ok,ok,0.043841151520609856,0.028897695243358612,,0
cebik-w4rnl/models/VHF-UHF/nec/220-18elYagi-DL6WU.nec,ok,ok,0.05353038478642702,0.03462580591440201,,0
cebik-w4rnl/models/VHF-UHF/nec/220-21elYagi-DL6WU.nec,ok,ok,0.06954332068562508,0.042761203832924366,,0
cebik-w4rnl/models/VHF-UHF/nec/220-26elYagi-Dl6WU.nec,ok,ok,0.11127857398241758,0.0601337905973196,1.8505,1
cebik-w4rnl/models/VHF-UHF/nec/220-27elYagi-DJ9BV.nec,ok,ok,0.053427278995513916,0.028132816776633263,,0
cebik-w4rnl/models/VHF-UHF/nec/220-33elYagi.nec,ok,ok,0.15672514121979475,0.0905161602422595,1.7315,1
cebik-w4rnl/models/VHF-UHF/nec/220-3elYagi.nec,ok,ok,0.005820552818477154,0.00623415969312191,,0
cebik-w4rnl/models/VHF-UHF/nec/220-4elwbYagi.nec,ok,ok,0.009324165992438793,0.008716704323887825,,0
cebik-w4rnl/models/VHF-UHF/nec/220-6elOWAYagi-a.nec,ok,ok,0.01575983129441738,0.011516682803630829,,0
cebik-w4rnl/models/VHF-UHF/nec/220-6elOWAYagi.nec,ok,ok,0.013912465423345566,0.011447619646787643,,0
cebik-w4rnl/models/VHF-UHF/nec/220-7elOWAYagi-a.nec,ok,ok,0.015879818238317966,0.012932256795465946,,0
cebik-w4rnl/models/VHF-UHF/nec/220-7elOWAYagi.nec,ok,ok,0.018382263369858265,0.012888194993138313,,0
cebik-w4rnl/models/VHF-UHF/nec/220-8elOWAYagi-a.nec,ok,ok,0.018699126318097115,0.014588229358196259,,0
cebik-w4rnl/models/VHF-UHF/nec/220-8elOWAYagi.nec,ok,ok,0.012667737901210785,0.011151159182190895,,0
cebik-w4rnl/models/VHF-UHF/nec/220-9elOWAYagi.nec,ok,ok,0.021988033317029476,0.01642524916678667,,0
cebik-w4rnl/models/VHF-UHF/nec/300-Lindenblad.nec,ok,ok,0.009188158437609673,0.00849052146077156,,0
cebik-w4rnl/models/VHF-UHF/nec/300-turnstile-dipoles.nec,ok,ok,0.0073227183893322945,0.00702087115496397,,0
cebik-w4rnl/models/VHF-UHF/nec/432-10elOWAYagi-14.nec,ok,ok,0.025655302219092846,0.020349204540252686,,0
cebik-w4rnl/models/VHF-UHF/nec/432-10elYagi-DL6WU.nec,ok,ok,0.022149168886244297,0.016391574405133724,,0
cebik-w4rnl/models/VHF-UHF/nec/432-11elOWAYagi-14.nec,ok,ok,0.03010890632867813,0.020383029244840145,,0
cebik-w4rnl/models/VHF-UHF/nec/432-12elOWAYagi+2ref-4mm.nec,ok,ok,0.04169003292918205,0.027616829611361027,,0
cebik-w4rnl/models/VHF-UHF/nec/432-12elOWAYagi-10mm.nec,ok,ok,0.0365545554086566,0.023033957928419113,,0
cebik-w4rnl/models/VHF-UHF/nec/432-12elOWAYagi-14.nec,ok,ok,0.03319928050041199,0.022736365906894207,,0
cebik-w4rnl/models/VHF-UHF/nec/432-12elOWAYagi-4mm.nec,ok,ok,0.041693114675581455,0.0273239528760314,,0
cebik-w4rnl/models/VHF-UHF/nec/432-14elYagi-DL6WU.nec,ok,ok,0.036169832572340965,0.02397874090820551,,0
cebik-w4rnl/models/VHF-UHF/nec/432-16elYagi-DL6WU.nec,ok,ok,0.043936822563409805,0.028408261016011238,,0
cebik-w4rnl/models/VHF-UHF/nec/432-18elYagi-DL6WU.nec,ok,ok,0.05350232403725386,0.03382460493594408,,0
cebik-w4rnl/models/VHF-UHF/nec/432-18elYagi.nec,ok,ok,0.05376635491847992,0.03447476029396057,,0
cebik-w4rnl/models/VHF-UHF/nec/432-20elYagi-DL6WU.nec,ok,ok,0.06445714458823204,0.039078423753380775,,0
cebik-w4rnl/models/VHF-UHF/nec/432-21-elOWAYagi-4mm.nec,ok,ok,0.07870903238654137,0.046048819087445736,,0
cebik-w4rnl/models/VHF-UHF/nec/432-21elYagi-DL6WU.nec,ok,ok,0.07040596846491098,0.042158208787441254,,0
cebik-w4rnl/models/VHF-UHF/nec/432-25elYagi.nec,ok,ok,0.09377483930438757,0.055700608529150486,1.6836,1
cebik-w4rnl/models/VHF-UHF/nec/432-26elYagi-DL6WU.nec,ok,ok,0.10096368100494146,0.05970143619924784,1.6911,1
cebik-w4rnl/models/VHF-UHF/nec/432-26elYagi-SM5BSZ.nec,ok,ok,0.10165348090231419,0.05954603850841522,1.7071,1
cebik-w4rnl/models/VHF-UHF/nec/432-27elYagi-DJ9BV.nec,ok,ok,0.10795920435339212,0.06320621818304062,1.7080,1
cebik-w4rnl/models/VHF-UHF/nec/432-31elYagi.nec,ok,ok,0.1394025506451726,0.09946097992360592,1.4016,1
cebik-w4rnl/models/VHF-UHF/nec/432-32elYagi-DL6WU.nec,ok,ok,0.14745725691318512,0.09102054685354233,1.6200,1
cebik-w4rnl/models/VHF-UHF/nec/432-32elwbYagi-VK3AUU.nec,ok,ok,0.14674098044633865,0.0856140237301588,1.7140,1
cebik-w4rnl/models/VHF-UHF/nec/432-40elYagi-K1FO.nec,ok,ok,0.22558245435357094,0.12811974436044693,1.7607,1
cebik-w4rnl/models/VHF-UHF/nec/432-41elwbYagi-VK3AUU.nec,ok,ok,0.23515099752694368,0.13422214146703482,1.7520,1
cebik-w4rnl/models/VHF-UHF/nec/432-43elYagi-VE7SQB.nec,ok,ok,0.2581710312515497,0.1456311596557498,1.7728,1
cebik-w4rnl/models/VHF-UHF/nec/432-4elwbYagi-W4RNL.nec,ok,ok,0.007711426354944706,0.007405848242342472,,0
cebik-w4rnl/models/VHF-UHF/nec/432-58gp.nec,ok,ok,0.03334974963217974,0.026287253014743328,,0
cebik-w4rnl/models/VHF-UHF/nec/432-58splitvertical-WA6SVT.nec,ok,ok,0.05911901034414768,0.03147720452398062,,0
cebik-w4rnl/models/VHF-UHF/nec/432-6elOWAYagi-14.nec,ok,ok,0.013319023884832859,0.011161627247929573,,0
cebik-w4rnl/models/VHF-UHF/nec/432-6elwbYagi-W4RNL.nec,ok,ok,0.016228361055254936,0.008957980200648308,,0
cebik-w4rnl/models/VHF-UHF/nec/432-7elOWAYagi-14.nec,ok,ok,0.016371521167457104,0.012973829172551632,,0
cebik-w4rnl/models/VHF-UHF/nec/432-8elOWAYagi-14.nec,ok,ok,0.01952865906059742,0.014486568979918957,,0
cebik-w4rnl/models/VHF-UHF/nec/432-8elYagi-ARRL.nec,ok,ok,0.01304609514772892,0.011157422326505184,,0
cebik-w4rnl/models/VHF-UHF/nec/432-8elYagi-DL6WU.nec,ok,ok,0.021836528554558754,0.013840392231941223,,0
cebik-w4rnl/models/VHF-UHF/nec/432-8elwbYagi-W4RNL.nec,ok,ok,0.016384534537792206,0.01106115709990263,,0
cebik-w4rnl/models/VHF-UHF/nec/432-8elwireYagi-14.nec,ok,ok,0.011919565498828888,0.009881044737994671,,0
cebik-w4rnl/models/VHF-UHF/nec/432-9elOWAYagi-14.nec,ok,ok,0.022254448384046555,0.016155295073986053,,0
cebik-w4rnl/models/VHF-UHF/nec/432-batwing+reflector.nec,ok,ok,0.5992509666830301,0.39796353969722986,1.5058,1
cebik-w4rnl/models/VHF-UHF/nec/432-batwing-wbdipole.nec,ok,ok,0.03742970060557127,0.026405523531138897,,0
cebik-w4rnl/models/VHF-UHF/nec/432-collinearvertical-GP.nec,ok,ok,0.060369168408215046,0.04084479995071888,,0
cebik-w4rnl/models/VHF-UHF/nec/432-cornerrefl+dipole-a.nec,ok,ok,0.16413396876305342,0.0983700966462493,1.6685,1
cebik-w4rnl/models/VHF-UHF/nec/432-cornerrefl+dipole-b.nec,ok,ok,0.6556343464180827,0.3781095249578357,1.7340,1
cebik-w4rnl/models/VHF-UHF/nec/432-cornerrefl+dipole.nec,ok,ok,0.32600612565875053,0.19289188645780087,1.6901,1
cebik-w4rnl/models/VHF-UHF/nec/432-cornerrefl-horiz.nec,ok,ok,1.3321332819759846,0.7042099265381694,1.8917,1
cebik-w4rnl/models/VHF-UHF/nec/432-cornerrefl-vertical.nec,ok,ok,0.13677646685391665,0.08170958142727613,1.6739,1
cebik-w4rnl/models/VHF-UHF/nec/432-cornerrefl-wiregrid-large.nec,ok,ok,4.44706616923213,2.8223435562103987,1.5757,1
cebik-w4rnl/models/VHF-UHF/nec/432-cornerrefl-wiregrid-small.nec,ok,ok,0.2427685223519802,0.16756442841142416,1.4488,1
cebik-w4rnl/models/VHF-UHF/nec/432-dbldiamond-wiregridplanarrefl.nec,ok,ok,0.9337923182174563,0.6027201600372791,1.5493,1
cebik-w4rnl/models/VHF-UHF/nec/432-flatcornerrefl+dipole.nec,ok,ok,0.21404545940458775,0.12904789578169584,1.6587,1
cebik-w4rnl/models/VHF-UHF/nec/432-tri-cornerrefl.nec,ok,ok,5.146320641040802,3.5142528479918838,1.4644,1
cebik-w4rnl/models/VHF-UHF/nec/432-vertical-GP-125.nec,ok,ok,0.024367013946175575,0.020338453352451324,,0
cebik-w4rnl/models/VHF-UHF/nec/50-12elXquad-14.nec,ok,ok,0.1116377767175436,0.06751517672091722,1.6535,1
cebik-w4rnl/models/VHF-UHF/nec/50-2eldr-dirYagi.nec,ok,ok,0.006235357373952866,0.006344552151858807,,0
cebik-w4rnl/models/VHF-UHF/nec/50-2elwbYagi-W6SAI.nec,ok,ok,0.006471266970038414,0.0066100480034947395,,0
cebik-w4rnl/models/VHF-UHF/nec/50-3elquad-14.nec,ok,ok,0.026175299659371376,0.017479168251156807,,0
cebik-w4rnl/models/VHF-UHF/nec/50-3elwbYagi-W6SAI.nec,ok,ok,0.008267507888376713,0.007595588453114033,,0
cebik-w4rnl/models/VHF-UHF/nec/50-4elhigainYagi-W1VT.nec,ok,ok,0.007330696098506451,0.007388046942651272,,0
cebik-w4rnl/models/VHF-UHF/nec/50-6elOWAYagi.nec,ok,ok,0.016563020646572113,0.01353527046740055,,0
cebik-w4rnl/models/VHF-UHF/nec/50-7elOWAYagi.nec,ok,ok,0.019906814210116863,0.01530260220170021,,0
cebik-w4rnl/models/VHF-UHF/nec/50-8elOWAYagi.nec,ok,ok,0.023797620087862015,0.0177011601626873,,0
cebik-w4rnl/models/VHF-UHF/nec/50-9elYagi-ON4ANT.nec,ok,ok,0.06745068356394768,0.04262107145041227,,0
cebik-w4rnl/models/VHF-UHF/nec/50-dipole-turnstile.nec,ok,ok,0.09615174308419228,0.06397362053394318,1.5030,1
cebik-w4rnl/models/VHF-UHF/nec/50-lazyH-phasedarray.nec,ok,ok,0.531517717987299,0.2514422722160816,2.1139,1
cebik-w4rnl/models/VHF-UHF/nec/50-lazyH.nec,ok,ok,0.1979168364778161,0.11116271372884512,1.7804,1
cebik-w4rnl/models/VHF-UHF/nec/50-moxrect-14.nec,ok,ok,0.0635761646553874,0.033627583645284176,,0
cebik-w4rnl/models/VHF-UHF/nec/50-moxrect-50.nec,ok,ok,0.06584920641034842,0.03447386156767607,,0
cebik-w4rnl/models/VHF-UHF/nec/50-quad-turnstile.nec,ok,ok,0.1859001973643899,0.11377368215471506,1.6339,1
cebik-w4rnl/models/VHF-UHF/nec/50-quadrectangle-horiz.nec,ok,ok,0.010209312662482262,0.008839115500450134,,0
cebik-w4rnl/models/VHF-UHF/nec/850-dbldiamond-planarrefl.nec,ok,ok,0.04190889839082956,0.029227033257484436,,0
cebik-w4rnl/models/VHF-UHF/nec/903-20elYagi-DL6WU.nec,ok,ok,0.06422165501862764,0.03955155145376921,,0
cebik-w4rnl/models/VHF-UHF/nec/903-32elYagi-DL6WU.nec,ok,ok,0.1490902053192258,0.08525172341614962,1.7488,1
cebik-w4rnl/models/VHF-UHF/nec/903-cornerrefl-vertical.nec,ok,ok,0.13557112589478493,0.08290261030197144,1.6353,1
cebik-w4rnl/models/Verticals/nec/10-3elparasitic-sngnd.nec,ok,ok,0.4703150922432542,0.3079773848876357,1.5271,1
cebik-w4rnl/models/Verticals/nec/10-3elwireparasitic-sngnd.nec,ok,ok,0.18791579268872738,0.12733287829905748,1.4758,1
cebik-w4rnl/models/Verticals/nec/10-bobtailcurtain-14.nec,ok,ok,0.301422948949039,0.20176380220800638,1.4939,1
cebik-w4rnl/models/Verticals/nec/10-dblrect-14.nec,ok,ok,0.34698526095598936,0.23243292793631554,1.4928,1
cebik-w4rnl/models/Verticals/nec/10-dpl-spiralhats-sngnd.nec,ok,ok,0.11578026972711086,0.08025516755878925,1.4427,1
cebik-w4rnl/models/Verticals/nec/10-halfsquare-12.nec,ok,ok,0.30015614069998264,0.19193675182759762,1.5638,1
cebik-w4rnl/models/Verticals/nec/10-hsbeam-12.nec,ok,ok,0.33038924541324377,0.21058408822864294,1.5689,1
cebik-w4rnl/models/Verticals/nec/10-quadloop-dia-12.nec,ok,ok,0.31328637804836035,0.19906978402286768,1.5738,1
cebik-w4rnl/models/Verticals/nec/10-quadloop-sq-12.nec,ok,ok,0.1894348105415702,0.12274548690766096,1.5433,1
cebik-w4rnl/models/Verticals/nec/10-rect-14.nec,ok,ok,0.3044955339282751,0.19324672129005194,1.5757,1
cebik-w4rnl/models/Verticals/nec/10-sterba-12.nec,ok,ok,0.6400949712842703,0.35277736373245716,1.8144,1
cebik-w4rnl/models/Verticals/nec/10-sterba-ctrfed-12.nec,ok,ok,0.5907429065555334,0.33463616482913494,1.7653,1
cebik-w4rnl/models/Verticals/nec/14-monopole-4rad.nec,ok,ok,0.3547593308612704,0.21825015731155872,1.6255,1
cebik-w4rnl/models/Verticals/nec/14-monopole-4sloperad.nec,ok,ok,0.24551966227591038,0.1562271760776639,1.5716,1
cebik-w4rnl/models/Verticals/nec/144-14gp-45deg.nec,ok,ok,0.147692846134305,0.08965081255882978,1.6474,1
cebik-w4rnl/models/Verticals/nec/144-14gp.nec,ok,ok,0.1445498913526535,0.08598942961543798,1.6810,1
cebik-w4rnl/models/Verticals/nec/144-14vertical-GP-fat.nec,ok,ok,0.054457335732877254,0.030735906213521957,,0
cebik-w4rnl/models/Verticals/nec/144-2elBobtail.nec,ok,ok,0.3082911027595401,0.1502983309328556,2.0512,1
cebik-w4rnl/models/Verticals/nec/144-2elhalfsquare.nec,ok,ok,0.05052149575203657,0.029456094838678837,,0
cebik-w4rnl/models/Verticals/nec/144-3eljpoleYagi-375.nec,ok,ok,0.510726809501648,0.27148211654275656,1.8813,1
cebik-w4rnl/models/Verticals/nec/144-Jpole-50.nec,ok,ok,0.006340973079204559,0.0061067622154951096,,0
cebik-w4rnl/models/Verticals/nec/144-Jpole58-375.nec,ok,ok,0.024221562780439854,0.015114481560885906,,0
cebik-w4rnl/models/Verticals/nec/144-edz-vertical.nec,ok,ok,0.047020843252539635,0.03352012671530247,,0
cebik-w4rnl/models/Verticals/nec/144-halfsquare.nec,ok,ok,0.02369311172515154,0.015376812778413296,,0
cebik-w4rnl/models/Verticals/nec/18-jpole-12.nec,ok,ok,0.006234573200345039,0.0059861354529857635,,0
cebik-w4rnl/models/Verticals/nec/1r8-dblrect-12.nec,ok,ok,0.3689595488831401,0.23663141950964928,1.5592,1
cebik-w4rnl/models/Verticals/nec/1r8-monopole-12rad-lentpr.nec,ok,ok,0.35961996391415596,0.23296908847987652,1.5436,1
cebik-w4rnl/models/Verticals/nec/1r8-monopole-4rad-lentpr.nec,ok,ok,0.3176071895286441,0.20489806029945612,1.5501,1
cebik-w4rnl/models/Verticals/nec/1r8-monopole-60rad-lentpr.nec,ok,ok,1.3441143669188023,0.848500900901854,1.5841,1
cebik-w4rnl/models/Verticals/nec/1r8-rect-12.nec,ok,ok,0.32697684597223997,0.20980794820934534,1.5585,1
cebik-w4rnl/models/Verticals/nec/1r8-thatmonopole-mingnd.nec,ok,ok,0.0070411162450909615,0.006254549138247967,,0
cebik-w4rnl/models/Verticals/nec/1r8-thatwiremonopole-mingnd.nec,ok,ok,0.008715718053281307,0.007127968594431877,,0
cebik-w4rnl/models/Verticals/nec/21-jpole-12.nec,ok,ok,0.006292806006968021,0.006015194579958916,,0
cebik-w4rnl/models/Verticals/nec/24-jpole-12.nec,ok,ok,0.0063278209418058395,0.005988717079162598,,0
cebik-w4rnl/models/Verticals/nec/28-jpole-12.nec,ok,ok,0.0063204290345311165,0.005972804501652718,,0
cebik-w4rnl/models/Verticals/nec/28-monopole-4rad.nec,ok,ok,0.31389043014496565,0.19876079261302948,1.5792,1
cebik-w4rnl/models/Verticals/nec/28-monopole-4sloperad.nec,ok,ok,0.13031924609094858,0.08000378776341677,1.6289,1
cebik-w4rnl/models/Verticals/nec/3-monopole-16hat-pergnd.nec,ok,ok,0.014811818487942219,0.009165099821984768,,0
cebik-w4rnl/models/Verticals/nec/3-monopole-16hat-perim-pergnd.nec,ok,ok,0.01930904109030962,0.013964353129267693,,0
cebik-w4rnl/models/Verticals/nec/3-monopole-4hat-pergnd.nec,ok,ok,0.007193972356617451,0.0063298651948571205,,0
cebik-w4rnl/models/Verticals/nec/3-monopole-4hat-perim-pergnd.nec,ok,ok,0.00935877300798893,0.00756003987044096,,0
cebik-w4rnl/models/Verticals/nec/300-11eldplarray.nec,ok,ok,0.07845357619225979,0.056728171184659004,1.3830,1
cebik-w4rnl/models/Verticals/nec/300-20eldplarray.nec,ok,ok,0.15641418658196926,0.10503389034420252,1.4892,1
cebik-w4rnl/models/Verticals/nec/300-30eldplarray.nec,ok,ok,0.27667454443871975,0.1765744024887681,1.5669,1
cebik-w4rnl/models/Verticals/nec/3r5-equidelta-fs-12.nec,ok,ok,0.008254407905042171,0.0072457632049918175,,0
cebik-w4rnl/models/Verticals/nec/3r6-alt2shortequidelta-sngnd-12.nec,ok,ok,0.22501698974519968,0.14655577298253775,1.5354,1
cebik-w4rnl/models/Verticals/nec/3r6-alt3shortequidelta-sngnd-12.nec,ok,ok,0.22761655785143375,0.14761114493012428,1.5420,1
cebik-w4rnl/models/Verticals/nec/3r6-altshortequidelta-sngnd-12.nec,ok,ok,0.22827266063541174,0.1491715218871832,1.5303,1
cebik-w4rnl/models/Verticals/nec/3r6-bobtailbeam-12.nec,ok,ok,0.40483079478144646,0.2597872754558921,1.5583,1
cebik-w4rnl/models/Verticals/nec/3r6-bobtailcurtain-12.nec,ok,ok,0.3626187378540635,0.23308998625725508,1.5557,1
cebik-w4rnl/models/Verticals/nec/3r6-dbldelta-sngnd-12.nec,ok,ok,0.3201919551938772,0.20709526725113392,1.5461,1
cebik-w4rnl/models/Verticals/nec/3r6-dblrect-12.nec,ok,ok,0.35350241605192423,0.22684951592236757,1.5583,1
cebik-w4rnl/models/Verticals/nec/3r6-halfsquare-12.nec,ok,ok,0.3090118458494544,0.19877523463219404,1.5546,1
cebik-w4rnl/models/Verticals/nec/3r6-hentenna-12.nec,ok,ok,0.3102540373802185,0.2007730519399047,1.5453,1
cebik-w4rnl/models/Verticals/nec/3r6-hsbeam-12.nec,ok,ok,0.3321111872792244,0.21444000490009785,1.5487,1
cebik-w4rnl/models/Verticals/nec/3r6-hsbeam-reverible-12.nec,ok,ok,0.34191417042165995,0.218763112090528,1.5629,1
cebik-w4rnl/models/Verticals/nec/3r6-opendblrect-12.nec,ok,ok,0.33234601840376854,0.21429428737610579,1.5509,1
cebik-w4rnl/models/Verticals/nec/3r6-parasitichentennas-12-N2DT.nec,ok,ok,0.35397040750831366,0.2289353897795081,1.5462,1
cebik-w4rnl/models/Verticals/nec/3r6-phasedhentennas-12-N2DT.nec,ok,ok,0.3527924306690693,0.23051781859248877,1.5304,1
cebik-w4rnl/models/Verticals/nec/3r6-rectangle-12.nec,ok,ok,0.31312231346964836,0.19968357030302286,1.5681,1
cebik-w4rnl/models/Verticals/nec/3r6-rtangdelta-fs-12.nec,ok,ok,0.006668571382761002,0.006627630442380905,,0
cebik-w4rnl/models/Verticals/nec/3r6-shortequidelta-sngnd-12.nec,ok,ok,0.237069190479815,0.14901933912187815,1.5909,1
cebik-w4rnl/models/Verticals/nec/3r6-vert-coilhat.nec,ok,ok,0.01756339706480503,0.012849009595811367,,0
cebik-w4rnl/models/Verticals/nec/3r6-vert-spiralhat.nec,ok,ok,0.02662544883787632,0.019073917530477047,,0
cebik-w4rnl/models/Verticals/nec/3r6-vert-symradhat.nec,ok,ok,0.0667480630800128,0.044557285495102406,,0
cebik-w4rnl/models/Verticals/nec/3r6-vert-teehat.nec,ok,ok,0.0129631282761693,0.009509057737886906,,0
cebik-w4rnl/models/Verticals/nec/3r6-vert-zigzaghat.nec,ok,ok,0.02001096773892641,0.013685662299394608,,0
cebik-w4rnl/models/Verticals/nec/50-Lant-375.nec,ok,ok,0.10131791140884161,0.06646236404776573,1.5244,1
cebik-w4rnl/models/Verticals/nec/50-Lant-50.nec,ok,ok,0.1003558598458767,0.06633880455046892,1.5128,1
cebik-w4rnl/models/Verticals/nec/5r4-bobtailcurtain-14.nec,ok,ok,0.3139176080003381,0.20005358196794987,1.5692,1
cebik-w4rnl/models/Verticals/nec/5r4-dblrect-14.nec,ok,ok,0.36139604914933443,0.2304979059845209,1.5679,1
cebik-w4rnl/models/Verticals/nec/5r4-halfsquare-12.nec,ok,ok,0.31019115075469017,0.19968649931252003,1.5534,1
cebik-w4rnl/models/Verticals/nec/5r4-opendblrect-12.nec,ok,ok,0.33555256109684706,0.21573450416326523,1.5554,1
cebik-w4rnl/models/Verticals/nec/5r4-rect-14.nec,ok,ok,0.31614266987890005,0.20405292510986328,1.5493,1
cebik-w4rnl/models/Verticals/nec/7-2elphased-mingnd.nec,ok,ok,0.005961238406598568,0.005826619453728199,,0
cebik-w4rnl/models/Verticals/nec/7-2monopoles-parasitic.nec,ok,ok,0.004740322008728981,0.005031272768974304,,0
cebik-w4rnl/models/Verticals/nec/7-2monopoles-phased.nec,ok,ok,0.005856628529727459,0.005750511772930622,,0
cebik-w4rnl/models/Verticals/nec/7-3elcaploadparasitic-sngnd.nec,ok,ok,0.5258523961529136,0.33736685290932655,1.5587,1
cebik-w4rnl/models/Verticals/nec/7-3elhatloadparasitic-sngnd.nec,ok,ok,0.504848062992096,0.32196788862347603,1.5680,1
cebik-w4rnl/models/Verticals/nec/7-3elparasitic-sngnd.nec,ok,ok,0.3882442647591233,0.2518805405125022,1.5414,1
cebik-w4rnl/models/Verticals/nec/7-3elvertYagi-mingnd-1.nec,ok,ok,0.010967525653541088,0.00930020585656166,,0
cebik-w4rnl/models/Verticals/nec/7-3elwireparasitic-sngnd.nec,ok,ok,0.1942621748894453,0.12706995848566294,1.5288,1
cebik-w4rnl/models/Verticals/nec/7-bobtailcurtain-14.nec,ok,ok,0.2857607314363122,0.18458477221429348,1.5481,1
cebik-w4rnl/models/Verticals/nec/7-bruce-12.nec,ok,ok,0.013357048854231834,0.010828155092895031,,0
cebik-w4rnl/models/Verticals/nec/7-dbldelta-sngnd-12.nec,ok,ok,0.2971409931778908,0.19227343425154686,1.5454,1
cebik-w4rnl/models/Verticals/nec/7-dblrect-14.nec,ok,ok,0.3292554337531328,0.21462795976549387,1.5341,1
cebik-w4rnl/models/Verticals/nec/7-dpl-hats-sngnd.nec,ok,ok,0.209330546669662,0.1381047572940588,1.5157,1
cebik-w4rnl/models/Verticals/nec/7-dpl-spiralhats-sngnd.nec,ok,ok,0.10762859974056482,0.07400867529213428,1.4543,1
cebik-w4rnl/models/Verticals/nec/7-equidelta-fs-12.nec,ok,ok,0.007467151619493961,0.007284815423190594,,0
cebik-w4rnl/models/Verticals/nec/7-halfsquare-12.nec,ok,ok,0.2841568188741803,0.18513953499495983,1.5348,1
cebik-w4rnl/models/Verticals/nec/7-halfwlvert-6parasiticguys.nec,ok,ok,0.7043277248740196,0.46468214597553015,1.5157,1
cebik-w4rnl/models/Verticals/nec/7-hsbeam-12.nec,ok,ok,0.31325704231858253,0.2022817675024271,1.5486,1
cebik-w4rnl/models/Verticals/nec/7-monopole-4sloperad-sngnd.nec,ok,ok,0.18900298420339823,0.12430550903081894,1.5205,1
cebik-w4rnl/models/Verticals/nec/7-monopole-6rad-sngnd.nec,ok,ok,0.3632681341841817,0.2324614217504859,1.5627,1
cebik-w4rnl/models/Verticals/nec/7-opendblrect-12.nec,ok,ok,0.3086904175579548,0.19847540836781263,1.5553,1
cebik-w4rnl/models/Verticals/nec/7-quadloop-dia-12.nec,ok,ok,0.29860086739063263,0.19231118634343147,1.5527,1
cebik-w4rnl/models/Verticals/nec/7-quadloop-sq-12.nec,ok,ok,0.1952944230288267,0.12842776160687208,1.5207,1
cebik-w4rnl/models/Verticals/nec/7-rect-14.nec,ok,ok,0.2861955324187875,0.18562391586601734,1.5418,1
cebik-w4rnl/models/Verticals/nec/7-rtangdelta-sngnd-12.nec,ok,ok,0.2789687495678663,0.18056351505219936,1.5450,1
cebik-w4rnl/models/Verticals/nec/7-smallloop-1.nec,ok,ok,0.013034174218773842,0.010454920120537281,,0
cebik-w4rnl/models/Verticals/nec/7-sterba-12.nec,ok,ok,0.5981648322194815,0.34904187358915806,1.7137,1
cebik-w4rnl/models/Verticals/nec/7-sterba-ctrfed-12.nec,ok,ok,0.5615900065749884,0.3284837016835809,1.7096,1
cebik-w4rnl/models/Wire-Arrays/nec/10-28-hordelta-cnrfd-12.nec,ok,ok,0.24467948731034994,0.16346265841275454,1.4969,1
cebik-w4rnl/models/Wire-Arrays/nec/10-2elYagi-reversible-12.nec,ok,ok,0.006925794295966625,0.006701180711388588,,0
cebik-w4rnl/models/Wire-Arrays/nec/10-3elYagi-14.nec,ok,ok,0.3056004326790571,0.19565099943429232,1.5620,1
cebik-w4rnl/models/Wire-Arrays/nec/10-8jk-12.nec,ok,ok,0.2956964699551463,0.1900348886847496,1.5560,1
cebik-w4rnl/models/Wire-Arrays/nec/10-halfsq-14.nec,ok,ok,0.33739202562719584,0.21661168057471514,1.5576,1
cebik-w4rnl/models/Wire-Arrays/nec/14-28-rhombic21-12.nec,ok,ok,0.07614867854863405,0.04517831839621067,,0
cebik-w4rnl/models/Wire-Arrays/nec/14-3eledzbeam-12.nec,ok,ok,0.11110684461891651,0.07037906255573034,1.5787,1
cebik-w4rnl/models/Wire-Arrays/nec/14-5wllongwire-endfd-12.nec,ok,ok,0.9507505036890507,0.47511344868689775,2.0011,1
cebik-w4rnl/models/Wire-Arrays/nec/14-8jk-12.nec,ok,ok,0.3161319559440017,0.2028121491894126,1.5587,1
cebik-w4rnl/models/Wire-Arrays/nec/14-N4PCloop-12.nec,ok,ok,0.035489894449710846,0.02372534852474928,,0
cebik-w4rnl/models/Wire-Arrays/nec/14-halfsq-14.nec,ok,ok,0.35570585262030363,0.22950817365199327,1.5499,1
cebik-w4rnl/models/Wire-Arrays/nec/14-halfsqbeam-14.nec,ok,ok,0.33769420720636845,0.21757278311997652,1.5521,1
cebik-w4rnl/models/Wire-Arrays/nec/14-slopet2fd-12.nec,ok,ok,0.3202093215659261,0.20463267900049686,1.5648,1
cebik-w4rnl/models/Wire-Arrays/nec/14-trianglebeam-12.nec,ok,ok,1.7043627593666315,0.7685761079192162,2.2176,1
cebik-w4rnl/models/Wire-Arrays/nec/14-vbeam-12.nec,ok,ok,1.0081041604280472,0.48273710533976555,2.0883,1
cebik-w4rnl/models/Wire-Arrays/nec/1r8-28-horhexloop-12.nec,ok,ok,0.4367897640913725,0.2910869503393769,1.5005,1
cebik-w4rnl/models/Wire-Arrays/nec/1r8-28-horhexloop-large-12.nec,ok,ok,0.3645806033164263,0.2360580200329423,1.5445,1
cebik-w4rnl/models/Wire-Arrays/nec/1r8-28-hort2fd-long-12.nec,ok,ok,0.032747188583016396,0.02244984172284603,,0
cebik-w4rnl/models/Wire-Arrays/nec/1r8-28-hort2fd-med-12.nec,ok,ok,0.3422252545133233,0.221363864839077,1.5460,1
cebik-w4rnl/models/Wire-Arrays/nec/1r8-28-hort2fd-med-tl-12.nec,ok,ok,0.505635648034513,0.32310753501951694,1.5649,1
cebik-w4rnl/models/Wire-Arrays/nec/1r8-28-hort2fd-short-12.nec,ok,ok,0.010067789815366268,0.008682780899107456,,0
cebik-w4rnl/models/Wire-Arrays/nec/1r8-bobtailbeam-12.nec,ok,ok,0.4194598961621523,0.26915960758924484,1.5584,1
cebik-w4rnl/models/Wire-Arrays/nec/1r8-dblrect-12.nec,ok,ok,0.365938950330019,0.23790056724101305,1.5382,1
cebik-w4rnl/models/Wire-Arrays/nec/1r8-halfsq-14.nec,ok,ok,0.32320616114884615,0.20813011471182108,1.5529,1
cebik-w4rnl/models/Wire-Arrays/nec/21-coledz-12.nec,ok,ok,0.21477847266942263,0.11414230428636074,1.8817,1
cebik-w4rnl/models/Wire-Arrays/nec/21-coledzlazyh-12.nec,ok,ok,0.5934688644483685,0.2691563395783305,2.2049,1
cebik-w4rnl/models/Wire-Arrays/nec/28-hentenna-12.nec,ok,ok,0.10512643028050661,0.06983033567667007,1.5055,1
cebik-w4rnl/models/Wire-Arrays/nec/3r6-1wlhordelta-12.nec,ok,ok,0.36215783562511206,0.23449965845793486,1.5444,1
cebik-w4rnl/models/Wire-Arrays/nec/3r6-1wlhorhexloop-14.nec,ok,ok,0.3137943996116519,0.20323012676090002,1.5440,1
cebik-w4rnl/models/Wire-Arrays/nec/3r6-1wlhoroctloop-12.nec,ok,ok,0.3641897039487958,0.23469439335167408,1.5518,1
cebik-w4rnl/models/Wire-Arrays/nec/3r6-2elYagi-12.nec,ok,ok,0.2967365402728319,0.19147777371108532,1.5497,1
cebik-w4rnl/models/Wire-Arrays/nec/3r6-3elYagi-14.nec,ok,ok,0.32340661343187094,0.20883004274219275,1.5487,1
cebik-w4rnl/models/Wire-Arrays/nec/3r6-3r9-4wire2elYagi.nec,ok,ok,0.32719951402395964,0.21023250464349985,1.5564,1
cebik-w4rnl/models/Wire-Arrays/nec/3r6-dblrect-12.nec,ok,ok,0.015017624944448471,0.01258818432688713,,0
cebik-w4rnl/models/Wire-Arrays/nec/3r6-halfsq-12.nec,ok,ok,0.30814421083778143,0.20078026596456766,1.5347,1
cebik-w4rnl/models/Wire-Arrays/nec/3r6-halfsqbeam-12.nec,ok,ok,0.33989384584128857,0.2216258905827999,1.5336,1
cebik-w4rnl/models/Wire-Arrays/nec/3r6-linloaddipole-12.nec,ok,ok,0.00959329679608345,0.008251119405031204,,0
cebik-w4rnl/models/Wire-Arrays/nec/3r6-slopet2fd-12.nec,ok,ok,0.22993681766092777,0.15022909920662642,1.5306,1
cebik-w4rnl/models/Wire-Arrays/nec/3r6-vertrect-12.nec,ok,ok,0.311623708344996,0.2008080631494522,1.5518,1
cebik-w4rnl/models/Wire-Arrays/nec/3r6-wbdipole-14.nec,ok,ok,0.29570108000189066,0.18997680861502886,1.5565,1
cebik-w4rnl/models/Wire-Arrays/nec/3r9-2elYagi-14.nec,ok,ok,0.3114379895851016,0.20246581081300974,1.5382,1
cebik-w4rnl/models/Wire-Arrays/nec/3r9-2elYagi-reflload-14.nec,ok,ok,0.3127810060977936,0.20217249169945717,1.5471,1
cebik-w4rnl/models/Wire-Arrays/nec/3r9-3elYagi-14.nec,ok,ok,0.3292680215090513,0.21273269411176443,1.5478,1
cebik-w4rnl/models/Wire-Arrays/nec/3r9-3wire2elYagi-14.nec,ok,ok,0.332275765016675,0.20826651621609926,1.5954,1
cebik-w4rnl/models/Wire-Arrays/nec/3r9-nvis-1wlloop-planarrefl.nec,ok,ok,0.6076236683875322,0.40251447539776564,1.5096,1
cebik-w4rnl/models/Wire-Arrays/nec/3r9-nvis-batwing-planarrefl.nec,ok,ok,0.9476295839995146,0.6261795675382018,1.5134,1
cebik-w4rnl/models/Wire-Arrays/nec/3r9-nvis-dipole-planarrefl.nec,ok,ok,0.5658754967153072,0.3742393655702472,1.5121,1
cebik-w4rnl/models/Wire-Arrays/nec/3r9-nvis-edzlazyh-planarrefl.nec,ok,ok,1.118752441368997,0.7338513042777777,1.5245,1
cebik-w4rnl/models/Wire-Arrays/nec/3r9-nvis-jamaica-planarrefl.nec,ok,ok,0.8598297061398625,0.5635980721563101,1.5256,1
cebik-w4rnl/models/Wire-Arrays/nec/5r4-2elYagi-reversible-12.nec,ok,ok,0.007055857218801975,0.006704037077724934,,0
cebik-w4rnl/models/Wire-Arrays/nec/5r4-8jk-12.nec,ok,ok,0.35142934415489435,0.22689407505095005,1.5489,1
cebik-w4rnl/models/Wire-Arrays/nec/5r4-dblrect-14.nec,ok,ok,0.35619819536805153,0.23098414856940508,1.5421,1
cebik-w4rnl/models/Wire-Arrays/nec/5r4-halfsq-12.nec,ok,ok,0.3080893224105239,0.19806732796132565,1.5555,1
cebik-w4rnl/models/Wire-Arrays/nec/5r4-moxrect-reversible-12-AA2NN.nec,ok,ok,0.30465946812182665,0.19599305372685194,1.5544,1
cebik-w4rnl/models/Wire-Arrays/nec/7-14-rhombic10-12.nec,ok,ok,0.07589420955628157,0.04542437754571438,,0
cebik-w4rnl/models/Wire-Arrays/nec/7-28-hordelta-cnrfd-12.nec,ok,ok,0.33836493641138077,0.21829337254166603,1.5500,1
cebik-w4rnl/models/Wire-Arrays/nec/7-28-lazyh15-al.nec,ok,ok,0.1161695858463645,0.07218713313341141,1.6093,1
cebik-w4rnl/models/Wire-Arrays/nec/7-28-sqloop-cnrfd-12.nec,ok,ok,0.49608351197093725,0.3133885320276022,1.5830,1
cebik-w4rnl/models/Wire-Arrays/nec/7-28-sqloop-sidefd-12.nec,ok,ok,0.3802815768867731,0.24633655603975058,1.5437,1
cebik-w4rnl/models/Wire-Arrays/nec/7-2elYagi-reversible-12.nec,ok,ok,0.006668349727988243,0.007048674859106541,,0
cebik-w4rnl/models/Wire-Arrays/nec/7-2eldelta-12-K4TX.nec,ok,ok,0.3335479609668255,0.21368409134447575,1.5609,1
cebik-w4rnl/models/Wire-Arrays/nec/7-2elwireYagi-12.nec,ok,ok,0.006277655251324177,0.006785312667489052,,0
cebik-w4rnl/models/Wire-Arrays/nec/7-3elYagi-14.nec,ok,ok,0.2933155344799161,0.18671869579702616,1.5709,1
cebik-w4rnl/models/Wire-Arrays/nec/7-8jk-12.nec,ok,ok,0.28232256416231394,0.18152888398617506,1.5552,1
cebik-w4rnl/models/Wire-Arrays/nec/7-bobtailbeam-12.nec,ok,ok,0.38906305748969316,0.24995165318250656,1.5566,1
cebik-w4rnl/models/Wire-Arrays/nec/7-dblrect-14.nec,ok,ok,0.3328633615747094,0.21302163135260344,1.5626,1
cebik-w4rnl/models/Wire-Arrays/nec/7-edzlazyh-14.nec,ok,ok,0.10012267995625734,0.06537523120641708,1.5315,1
cebik-w4rnl/models/Wire-Arrays/nec/7-halfsq-12.nec,ok,ok,0.281183279119432,0.18075006082654,1.5556,1
cebik-w4rnl/models/Wire-Arrays/nec/7-halfsqbeam-12.nec,ok,ok,0.30611999705433846,0.19751990493386984,1.5498,1
cebik-w4rnl/models/Wire-Arrays/nec/7-halfsqbeam-14.nec,ok,ok,0.30950385611504316,0.19738238397985697,1.5680,1
cebik-w4rnl/models/Wire-Arrays/nec/7-hentenna-12.nec,ok,ok,0.09969714283943176,0.06656496785581112,1.4977,1
cebik-w4rnl/models/Wire-Arrays/nec/7-lazyh-14.nec,ok,ok,0.09968415461480618,0.0656536128371954,1.5183,1
cebik-w4rnl/models/Wire-Arrays/nec/7-moxrect-reversible-12-AA2NN.nec,ok,ok,0.27950397972017527,0.17812064848840237,1.5692,1
cebik-w4rnl/models/Wire-Arrays/nec/7-multiV-4wl-14.nec,ok,ok,0.663164452649653,0.38516206853091717,1.7218,1
cebik-w4rnl/models/Wire-Arrays/nec/7-rect-botctrfd-14.nec,ok,ok,0.28125598188489676,0.18076700251549482,1.5559,1
cebik-w4rnl/models/Wire-Arrays/nec/7-rtanglevertdelta-botfd-12.nec,ok,ok,0.2867572531104088,0.18439000938087702,1.5552,1
cebik-w4rnl/models/Wire-Arrays/nec/7-slopet2fd-12.nec,ok,ok,0.20556196011602879,0.13227866310626268,1.5540,1
cebik-w4rnl/models/Wire-Arrays/nec/7-sqquadloop-botfd-12.nec,ok,ok,0.007574876770377159,0.007098807953298092,,0
cebik-w4rnl/models/Wire-Arrays/nec/7-vertdelta-botfd-12.nec,ok,ok,0.2881712485104799,0.18621019273996353,1.5476,1
cebik-w4rnl/models/Wire-Arrays/nec/7-vertintfldloop-12.nec,ok,ok,0.25034631695598364,0.16118315141648054,1.5532,1
cebik-w4rnl/models/Wire-Arrays/nec/7-wbdipole-14.nec,ok,ok,0.2702017929404974,0.17202637437731028,1.5707,1
cebik-w4rnl/models/Yagis-HF/nec/13el20mwireYagi-KB9MZ.nec,ok,ok,0.35514714755117893,0.18665301147848368,1.9027,1
cebik-w4rnl/models/Yagis-HF/nec/2e10mlhelicalelYagi-12.nec,ok,ok,0.048149336129426956,0.03618393559008837,,0
cebik-w4rnl/models/Yagis-HF/nec/2el10mB-antbeam-25.nec,ok,ok,0.1734055606648326,0.10859376844018698,1.5968,1
cebik-w4rnl/models/Yagis-HF/nec/2el10mYagi-stepdia-large.nec,ok,ok,0.006910429336130619,0.00729560200124979,,0
cebik-w4rnl/models/Yagis-HF/nec/2el10mYagi-stepdia-small.nec,ok,ok,0.0065866271033883095,0.006626926362514496,,0
cebik-w4rnl/models/Yagis-HF/nec/2el30mwireYagi.nec,ok,ok,0.008588938973844051,0.006342163309454918,,0
cebik-w4rnl/models/Yagis-HF/nec/2el40mwireYagi.nec,ok,ok,0.008247992023825645,0.006394625641405582,,0
cebik-w4rnl/models/Yagis-HF/nec/2el60mwireYagi.nec,ok,ok,0.007777508348226547,0.00580011960119009,,0
cebik-w4rnl/models/Yagis-HF/nec/2el75mwireYagi.nec,ok,ok,0.005200245417654514,0.005597266368567944,,0
cebik-w4rnl/models/Yagis-HF/nec/2el80mwireYagi.nec,ok,ok,0.005421038717031479,0.005602267570793629,,0
cebik-w4rnl/models/Yagis-HF/nec/2eldr-dir10mYagi-375.nec,ok,ok,0.007389329373836517,0.006171227432787418,,0
cebik-w4rnl/models/Yagis-HF/nec/2eldr-dir10mYagi-50.nec,ok,ok,0.005475527606904507,0.005684868432581425,,0
cebik-w4rnl/models/Yagis-HF/nec/2eldr-ref12mYagi-42.nec,ok,ok,0.007408397272229195,0.006166110746562481,,0
cebik-w4rnl/models/Yagis-HF/nec/2eldr-ref15mYagi-50.nec,ok,ok,0.006286352872848511,0.006118185818195343,,0
cebik-w4rnl/models/Yagis-HF/nec/2eldr-ref17mYagi-59.nec,ok,ok,0.00611178670078516,0.006345211528241634,,0
cebik-w4rnl/models/Yagis-HF/nec/2eldr-ref20mYagi-1r5.nec,ok,ok,0.008041693828999996,0.006041170097887516,,0
cebik-w4rnl/models/Yagis-HF/nec/2eldr-ref30mYagi-2.nec,ok,ok,0.005747354589402676,0.005917253904044628,,0
cebik-w4rnl/models/Yagis-HF/nec/2eldr-ref40mYagi-1r5.nec,ok,ok,0.006170383654534817,0.00623055174946785,,0
cebik-w4rnl/models/Yagis-HF/nec/2eldr-ref40mYagi-stepdia.nec,ok,ok,0.015629703179001808,0.012298676185309887,,0
cebik-w4rnl/models/Yagis-HF/nec/2elwb40mYagi-stepdia.nec,ok,ok,0.012299519032239914,0.011913214810192585,,0
cebik-w4rnl/models/Yagis-HF/nec/3bandHFYagi-uniel-noloads.nec,ok,ok,0.04118899907916784,0.02919907681643963,,0
cebik-w4rnl/models/Yagis-HF/nec/3bandHFtrapYagi-stepdia.nec,ok,ok,0.020048120990395546,0.015561389736831188,,0
cebik-w4rnl/models/Yagis-HF/nec/3el10mYagi-50.nec,ok,ok,0.009354522451758385,0.007387103512883186,,0
cebik-w4rnl/models/Yagis-HF/nec/3el10mYagi-Bird.nec,ok,ok,0.015374775044620037,0.011047076433897018,,0
cebik-w4rnl/models/Yagis-HF/nec/3el10mYagi-stepdia.nec,ok,ok,0.012250605039298534,0.008225420489907265,,0
cebik-w4rnl/models/Yagis-HF/nec/3el12mYagi-625.nec,ok,ok,0.01359971147030592,0.007353221997618675,,0
cebik-w4rnl/models/Yagis-HF/nec/3el15mYagi-stepdia-large.nec,ok,ok,0.011235673911869526,0.009909190237522125,,0
cebik-w4rnl/models/Yagis-HF/nec/3el15mYagi-stepdia-small.nec,ok,ok,0.016796141862869263,0.011266609653830528,,0
cebik-w4rnl/models/Yagis-HF/nec/3el15mlongYagi-75.nec,ok,ok,0.008033235557377338,0.007367807440459728,,0
cebik-w4rnl/models/Yagis-HF/nec/3el15mmedYagi-K9EUV.nec,ok,ok,0.012821712531149387,0.006129052489995956,,0
cebik-w4rnl/models/Yagis-HF/nec/3el15mshortYagi-75.nec,ok,ok,0.012429522350430489,0.007386934012174606,,0
cebik-w4rnl/models/Yagis-HF/nec/3el17mshortYagi-875.nec,ok,ok,0.008764296770095825,0.007385374046862125,,0
cebik-w4rnl/models/Yagis-HF/nec/3el20mlongYagi-1.nec,ok,ok,0.009401324205100536,0.007252098992466927,,0
cebik-w4rnl/models/Yagis-HF/nec/3el20mlongYagi-stepdia.nec,ok,ok,0.008688759990036488,0.007909880019724369,,0
cebik-w4rnl/models/Yagis-HF/nec/3el20mmedYagi-K9EUV.nec,ok,ok,0.006301185116171837,0.00606716051697731,,0
cebik-w4rnl/models/Yagis-HF/nec/3el20mshortYagi-1.nec,ok,ok,0.008126107975840569,0.0072934431955218315,,0
cebik-w4rnl/models/Yagis-HF/nec/3el20mshortYagi-stepdia.nec,ok,ok,0.008148986846208572,0.007690909318625927,,0
cebik-w4rnl/models/Yagis-HF/nec/3el2b15m10mYagi-1.nec,ok,ok,0.04615260660648346,0.029433798044919968,,0
cebik-w4rnl/models/Yagis-HF/nec/3el40mVYagi-WA3FET.nec,ok,ok,0.011176906526088715,0.00780211016535759,,0
cebik-w4rnl/models/Yagis-HF/nec/3el40mYagi-stepdia.nec,ok,ok,0.008249974809587002,0.00788124743849039,,0
cebik-w4rnl/models/Yagis-HF/nec/3el40mlongYagi-2.nec,ok,ok,0.010178196243941784,0.007333168759942055,,0
cebik-w4rnl/models/Yagis-HF/nec/3el40mshortYagi-2.nec,ok,ok,0.009856509044766426,0.009821271523833275,,0
cebik-w4rnl/models/Yagis-HF/nec/3el40mwireYagi-reversible.nec,ok,ok,0.010254421271383762,0.007264017127454281,,0
cebik-w4rnl/models/Yagis-HF/nec/3el60mwireYagi-reversible.nec,ok,ok,0.01005700696259737,0.009822545573115349,,0
cebik-w4rnl/models/Yagis-HF/nec/3el75mwireYagi-reversible.nec,ok,ok,0.012547115795314312,0.007332265377044678,,0
cebik-w4rnl/models/Yagis-HF/nec/3el80mwireYagi-reversible.nec,ok,ok,0.014938480220735073,0.007398052141070366,,0
cebik-w4rnl/models/Yagis-HF/nec/3elVYagi10m-wa3fet.nec,ok,ok,0.01052042841911316,0.00958365947008133,,0
cebik-w4rnl/models/Yagis-HF/nec/3elmed10mYagi-K9EUV.nec,ok,ok,0.013617999851703644,0.007544558495283127,,0
cebik-w4rnl/models/Yagis-HF/nec/3elshort10mYagi-50.nec,ok,ok,0.007905985228717327,0.007521447725594044,,0
cebik-w4rnl/models/Yagis-HF/nec/3elwb10mYagi-W6SAI.nec,ok,ok,0.007434966042637825,0.006951897405087948,,0
cebik-w4rnl/models/Yagis-HF/nec/3elwb10mYagi-stepdia.nec,ok,ok,0.015770189464092255,0.009311972185969353,,0
cebik-w4rnl/models/Yagis-HF/nec/3elwb40mYagi-stepdia.nec,ok,ok,0.024015605449676514,0.01492004282772541,,0
cebik-w4rnl/models/Yagis-HF/nec/4el10mYagi-75.nec,ok,ok,0.009709223173558712,0.006587033160030842,,0
cebik-w4rnl/models/Yagis-HF/nec/4el10mwbYagi-stepdia-W4RNL.nec,ok,ok,0.01567144598811865,0.01149363350123167,,0
cebik-w4rnl/models/Yagis-HF/nec/4el10mwbYagi-stepdia.nec,ok,ok,0.011694767512381077,0.008594495244324207,,0
cebik-w4rnl/models/Yagis-HF/nec/4el15mYagi-875.nec,ok,ok,0.01170147955417633,0.008488399907946587,,0
cebik-w4rnl/models/Yagis-HF/nec/4el20mYagi-stepdia.nec,ok,ok,0.023905334994196892,0.013371538370847702,,0
cebik-w4rnl/models/Yagis-HF/nec/4el2b12m17mYagi-stepdia.nec,ok,ok,0.014189137145876884,0.011930087581276894,,0
cebik-w4rnl/models/Yagis-HF/nec/4el2b12m17mdr-dirYagi-stepdia.nec,ok,ok,0.01347651332616806,0.011972387321293354,,0
cebik-w4rnl/models/Yagis-HF/nec/4el2band80m75mwireYagi.nec,ok,ok,0.014105107635259628,0.009100384078919888,,0
cebik-w4rnl/models/Yagis-HF/nec/4elwb40mYagi.nec,ok,ok,0.03152085095643997,0.023496534675359726,,0
cebik-w4rnl/models/Yagis-HF/nec/5bandHFYagi50_-ON4ANT.nec,ok,ok,0.056142219342291355,0.031178091652691364,,0
cebik-w4rnl/models/Yagis-HF/nec/5bandHFYagi60_-ON4ANT.nec,ok,ok,0.05163657013326883,0.03428586293011904,,0
cebik-w4rnl/models/Yagis-HF/nec/5el10mYagi-K4SB.nec,ok,ok,0.008976435288786888,0.007983917370438576,,0
cebik-w4rnl/models/Yagis-HF/nec/5el10mwbYagi-stepdia.nec,ok,ok,0.012843018397688866,0.009900921024382114,,0
cebik-w4rnl/models/Yagis-HF/nec/5el20mYagi-K4SB.nec,ok,ok,0.024785272777080536,0.01748571638017893,,0
cebik-w4rnl/models/Yagis-HF/nec/5el20mYagi-N6BV.nec,ok,ok,0.0336729409173131,0.022796759381890297,,0
cebik-w4rnl/models/Yagis-HF/nec/5el20mYagi-W3LPL.nec,ok,ok,0.033045725896954536,0.02407309878617525,,0
cebik-w4rnl/models/Yagis-HF/nec/5el20mYagi-W6NGZ.nec,ok,ok,0.01979020144790411,0.014952028170228004,,0
cebik-w4rnl/models/Yagis-HF/nec/6el10mOWAYagi-N6BV.nec,ok,ok,0.028132323175668716,0.01941605657339096,,0
cebik-w4rnl/models/Yagis-HF/nec/6el10mOWAYagi-NW3Z.nec,ok,ok,0.01675410009920597,0.013413875363767147,,0
cebik-w4rnl/models/Yagis-HF/nec/6el10mOWAYagi-hd-stepdia.nec,ok,ok,0.014211490750312805,0.011061598546802998,,0
cebik-w4rnl/models/Yagis-HF/nec/6el20mOWAYagi-NW3Z.nec,ok,ok,0.032202196307480335,0.021896244026720524,,0
cebik-w4rnl/models/Yagis-HF/nec/6el20mYagi-1r5.nec,ok,ok,0.01375570334494114,0.011059961281716824,,0
cebik-w4rnl/models/Yagis-HF/nec/6el20mYagi-N6BV.nec,ok,ok,0.027818750590085983,0.01948393788188696,,0
cebik-w4rnl/models/Yagis-HF/nec/6el2b15m10mYagi-W4RNL.nec,ok,ok,0.01535925641655922,0.012708518654108047,,0
cebik-w4rnl/models/Yagis-HF/nec/6el2b20m15mYagi-W4RNL.nec,ok,ok,0.0151600893586874,0.010994469746947289,,0
cebik-w4rnl/models/Yagis-HF/nec/7el10mOWAYagi-stepdia.nec,ok,ok,0.023511778563261032,0.012384305708110332,,0
cebik-w4rnl/models/Yagis-HF/nec/7el10mwireYagi.nec,ok,ok,0.01471150666475296,0.008936632424592972,,0
cebik-w4rnl/models/Yagis-HF/nec/7el15mYagi-SP5GRM.nec,ok,ok,0.052321561612188816,0.028618870303034782,,0
cebik-w4rnl/models/Yagis-HF/nec/7el20mlongYagi-1r5.nec,ok,ok,0.016344056464731693,0.012650370597839355,,0
cebik-w4rnl/models/Yagis-HF/nec/7el20mshortYagi-1r5.nec,ok,ok,0.015983878634870052,0.016563537530601025,,0
cebik-w4rnl/models/Yagis-HF/nec/8el20mYagi-1r5.nec,ok,ok,0.020290466956794262,0.01587366685271263,,0
cebik-w4rnl/models/Yagis-HF/nec/capload2el10mYagi-375.nec,ok,ok,0.016468645073473454,0.012584530748426914,,0
cebik-w4rnl/models/Yagis-HF/nec/ctrload2el10mYagi-375.nec,ok,ok,0.017284343019127846,0.00945482961833477,,0
cebik-w4rnl/models/Yagis-HF/nec/ctrload2el10mYagi-75.nec,ok,ok,0.006372836418449879,0.006628014147281647,,0
cebik-w4rnl/models/Yagis-HF/nec/ctrload2el40mYagi-stepdia.nec,ok,ok,0.013468834571540356,0.009871321730315685,,0
cebik-w4rnl/models/Yagis-HF/nec/moxrect10m12.nec,ok,ok,0.011612354777753353,0.009601154364645481,,0
cebik-w4rnl/models/Yagis-HF/nec/moxrect10m50.nec,ok,ok,0.011024578474462032,0.008846625685691833,,0
cebik-w4rnl/models/Yagis-HF/nec/moxrect12m12.nec,ok,ok,0.011953440494835377,0.008836413733661175,,0
cebik-w4rnl/models/Yagis-HF/nec/moxrect12m625.nec,ok,ok,0.011472462676465511,0.011379039846360683,,0
cebik-w4rnl/models/Yagis-HF/nec/moxrect15m12.nec,ok,ok,0.01457681879401207,0.008713243529200554,,0
cebik-w4rnl/models/Yagis-HF/nec/moxrect15m75.nec,ok,ok,0.010370243340730667,0.00870946329087019,,0
cebik-w4rnl/models/Yagis-HF/nec/moxrect17m12.nec,ok,ok,0.009904817678034306,0.010954724624752998,,0
cebik-w4rnl/models/Yagis-HF/nec/moxrect17m875.nec,ok,ok,0.015583018772304058,0.00910912174731493,,0
cebik-w4rnl/models/Yagis-HF/nec/moxrect20m1.nec,ok,ok,0.019041161984205246,0.00899728573858738,,0
cebik-w4rnl/models/Yagis-HF/nec/moxrect20m12.nec,ok,ok,0.01239938847720623,0.011388958431780338,,0
cebik-w4rnl/models/Yagis-HF/nec/moxrect30m12.nec,ok,ok,0.016963654197752476,0.008841087110340595,,0
cebik-w4rnl/models/Yagis-HF/nec/moxrect40m12.nec,ok,ok,0.013386771082878113,0.011564553715288639,,0
cebik-w4rnl/models/Yagis-HF/nec/moxrect60m12.nec,ok,ok,0.012510964646935463,0.00884404219686985,,0
cebik-w4rnl/models/Yagis-HF/nec/moxrect75m12.nec,ok,ok,0.02012073528021574,0.011193267069756985,,0
cebik-w4rnl/models/Yagis-HF/nec/moxrect80m12.nec,ok,ok,0.020247106440365314,0.00869590975344181,,0
cebik-w4rnl/nec2-ex1.nec,ok,ok,0.00422877911478281,0.0039046350866556168,,0
cebik-w4rnl/nec2-ex2.nec,ok,ok,0.003884163685142994,0.004608456045389175,,0
cebik-w4rnl/nec2-ex3.nec,ok,ok,0.08582976832985878,0.055504669435322285,1.5464,1
cebik-w4rnl/nec2-ex5.nec,ok,ok,0.006687725894153118,0.006299884058535099,,0
cebik-w4rnl/nec2-ex7.nec,ok-no-source,ok-no-source,0.1995472637936473,0.12259758822619915,,0
cebik-w4rnl/nec2-ex8.nec,ok-no-source,ok-no-source,0.004367230460047722,0.0038949986919760704,,0
cebik-w4rnl/nec4-ex1.nec,ok,ok,0.003070453181862831,0.0037426864728331566,,0
cebik-w4rnl/nec4-ex10_1.nec,ok,ok,0.2245209040120244,0.14896710962057114,1.5072,1
cebik-w4rnl/nec4-ex10_2.nec,ok,ok,0.003914489410817623,0.004514568485319614,,0
cebik-w4rnl/nec4-ex10_3.nec,ok,ok,0.22647559456527233,0.1459264736622572,1.5520,1
cebik-w4rnl/nec4-ex11.nec,ok,ok,0.08079205546528101,0.055321888998150826,1.4604,1
cebik-w4rnl/nec4-ex3.nec,ok,ok,0.08250558190047741,0.0546116977930069,1.5108,1
cebik-w4rnl/nec4-ex5.nec,ok,ok,0.006460568867623806,0.006103886291384697,,0
cebik-w4rnl/nec4-ex7.nec,ok-no-source,ok-no-source,0.19451186247169971,0.12234713789075613,,0
cebik-w4rnl/nec4-ex8.nec,ok-no-source,ok-no-source,0.003570680506527424,0.003941538743674755,,0
g1ojs/10m/10m 65cm Circ 10mm Copper Magloop H.nec,ok,ok,0.08134250342845917,0.054875838570296764,1.4823,1
g1ojs/10m/10m 65cm Circ 10mm Copper Magloop V side.nec,ok,ok,0.08245756663382053,0.055118490010499954,1.4960,1
g1ojs/10m/10m 65cm Circ 10mm Copper Magloop V.nec,ok,ok,0.08243909757584333,0.05499561596661806,1.4990,1
g1ojs/10m/10m Helically loaded dipole 2.43m long.nec,ok,ok,11.44670275785029,7.044513419270515,1.6249,1
g1ojs/10m/10m LL Dipole 4m 5mm dia elements - hairpin.nec,ok,ok,0.7658077776432037,0.4849384864792228,1.5792,1
g1ojs/10m/10m Quad base fed.nec,ok,ok,0.8360622059553862,0.5367824966087937,1.5575,1
g1ojs/10m/10m Rect Petlowany Dipole 10mm dia elements flat 2.nec,ok,ok,0.014324591495096684,0.010590504854917526,,0
g1ojs/10m/10m Short Dipole 3m 5mm dia elements - trombone.nec,ok,ok,0.6523680575191975,0.42179623432457447,1.5466,1
g1ojs/10m/_10m Dipole ref.nec,ok,ok,0.38553297705948353,0.25197179708629847,1.5301,1
g1ojs/10m/_10m V.nec,ok,ok,0.6732396008446813,0.4190654018893838,1.6065,1
g1ojs/15m/_15m V.nec,ok,ok,0.9765297034755349,0.6242102477699518,1.5644,1
g1ojs/160m/160m 239cm Circ 10mm Cu Magloop V.nec,ok,ok,0.11142023280262947,0.07606699410825968,1.4648,1
g1ojs/160m/160m Coax Magloop V.nec,ok,ok,0.0851840702816844,0.058040183037519455,1.4677,1
g1ojs/160m/160m Single Turn Coax Magloop V.nec,ok,ok,0.0858616465702653,0.057925933972001076,1.4823,1
g1ojs/160m/160m Three Turn Coax Magloop V.nec,ok,ok,0.08774561621248722,0.06013791263103485,1.4591,1
g1ojs/160m/160m Two Turn Coax Magloop V.nec,ok,ok,0.08663322683423758,0.058960999362170696,1.4693,1
g1ojs/1V cap plates solid coplanar.nec,ok,ok,1.327215762808919,0.8634843388572335,1.5370,1
g1ojs/20m/20m 239cm Circ 10mm Copper Magloop H.nec,ok,ok,0.10411400347948074,0.07066056318581104,1.4734,1
g1ojs/20m/20m 239cm Circ 10mm Copper Magloop V.nec,ok,ok,0.10567037854343653,0.07248560711741447,1.4578,1
g1ojs/20m/20m 239cm Circ 10mm Copper Magloop Vside.nec,ok,ok,0.10541464760899544,0.07203769963234663,1.4633,1
g1ojs/20m/20m 65cm Circ 10mm Copper Magloop H.nec,ok,ok,0.08043689467012882,0.05502752121537924,1.4618,1
g1ojs/20m/20m 65cm Circ 10mm Copper Magloop V side.nec,ok,ok,0.08093070704489946,0.055404371581971645,1.4607,1
g1ojs/20m/20m 65cm Circ 10mm Copper Magloop V.nec,ok,ok,0.08095219917595387,0.05523784086108208,1.4655,1
g1ojs/20m/20m Half wave circular loop V side.nec,ok,ok,0.186193379573524,0.12159136962145567,1.5313,1
g1ojs/20m/20m Half wave square loop V side as built.nec,ok,ok,0.17468497809022665,0.11363005731254816,1.5373,1
g1ojs/20m/20m Half wave square loop V side.nec,ok,ok,0.07896480523049831,0.053704867139458656,1.4703,1
g1ojs/20m/20m V coax braid element.nec,ok,ok,1.1756989499554038,0.7510527018457651,1.5654,1
g1ojs/20m/20m V coax inner element.nec,ok,ok,1.013159655034542,0.6472145952284336,1.5654,1
g1ojs/20m/20m V pvc covered.nec,ok,ok,1.1573683358728886,0.7010160014033318,1.6510,1
g1ojs/20m/Open loop H 7.4m.nec,ok,ok,0.08948751725256443,0.06082611531019211,1.4712,1
g1ojs/20m/Open loop V base 7.4m.nec,ok,ok,0.08992700930684805,0.061163829639554024,1.4703,1
g1ojs/20m/Open loop V side 7.4m.nec,ok,ok,0.08977988082915545,0.061081767082214355,1.4698,1
g1ojs/20m/_20m Dipole ref.nec,ok,ok,1.2702899677678943,0.8028221121057868,1.5823,1
g1ojs/20m/_20m V.nec,ok,ok,1.1813313765451312,0.7478548781946301,1.5796,1
g1ojs/3V cap plates solid coplanar.nec,ok,ok,1.9756167391315103,1.2562925722450018,1.5726,1
g1ojs/40m/40m 239cm Circ 10mm Cu Magloop H.nec,ok,ok,0.0978560084477067,0.06675100885331631,1.4660,1
g1ojs/40m/40m 239cm Circ 10mm Cu Magloop V side.nec,ok,ok,0.097879558801651,0.06688825786113739,1.4633,1
g1ojs/40m/40m 239cm Circ 10mm Cu Magloop V.nec,ok,ok,0.09764089994132519,0.06701046600937843,1.4571,1
g1ojs/40m/40m Fitted Attic V.nec,ok,ok,1.0112187266349792,0.6476990766823292,1.5612,1
g1ojs/40m/40m V cap plates coplanar.nec,ok,ok,1.3252046797424555,0.865398415364325,1.5313,1
g1ojs/40m/40m V cap spokes.nec,ok,ok,1.0163145791739225,0.6536952555179596,1.5547,1
g1ojs/40m/40m V doglegs BUILT.nec,ok,ok,1.021741557866335,0.6518709631636739,1.5674,1
g1ojs/40m/40m VU built 2.nec,ok,ok,1.0115309823304415,0.6484502544626594,1.5599,1
g1ojs/40m/40m VU built.nec,ok,ok,1.009236853569746,0.6456894874572754,1.5630,1
g1ojs/40m/40m VU.nec,ok,ok,1.0116538405418396,0.6470044683665037,1.5636,1
g1ojs/40m/_40m Dipole ref.nec,ok,ok,1.4186437176540494,0.901343404315412,1.5739,1
g1ojs/40m/_40m V loaded.nec,ok,ok,1.0056242011487484,0.6452281884849072,1.5586,1
g1ojs/40m/opt/40m V integral PI-01.nec,ok,ok,0.20827732514590025,0.1346866972744465,1.5464,1
g1ojs/40m/opt/40m V integral PI-02.nec,ok,ok,0.20868739765137434,0.13726566080003977,1.5203,1
g1ojs/40m/opt/40m V integral PI-03.nec,ok,ok,0.2089923294261098,0.13528016302734613,1.5449,1
g1ojs/40m/opt/40m V integral PI-04.nec,ok,ok,0.20724896620959044,0.1354036945849657,1.5306,1
g1ojs/40m/opt/40m V integral PI-05.nec,ok,ok,0.2090255105867982,0.13472117204219103,1.5515,1
g1ojs/40m/opt/40m V integral PI-06.nec,ok,ok,0.20812394749373198,0.13467913772910833,1.5453,1
g1ojs/40m/opt/40m V integral PI-07.nec,ok,ok,0.20783364959061146,0.13504893239587545,1.5390,1
g1ojs/40m/opt/40m V integral PI-08.nec,ok,ok,0.2091192239895463,0.13475149404257536,1.5519,1
g1ojs/40m/opt/40m V integral PI-09.nec,ok,ok,0.20776041317731142,0.1344398371875286,1.5454,1
g1ojs/40m/opt/40m V integral PI-10.nec,ok,ok,0.2076743608340621,0.13496275153011084,1.5388,1
g1ojs/40m/opt/40m V integral PI-11.nec,ok,ok,0.2084887381643057,0.13496065698564053,1.5448,1
g1ojs/40m/opt/40m V integral PI-12.nec,ok,ok,0.2080161990597844,0.13738043513149023,1.5142,1
g1ojs/40m/opt/40m V integral PI-13.nec,ok,ok,0.20804244559258223,0.13480110559612513,1.5433,1
g1ojs/40m/opt/40m V integral PI-14.nec,ok,ok,0.2085682125762105,0.13533500116318464,1.5411,1
g1ojs/40m/opt/40m V integral PI-15.nec,ok,ok,0.20769107155501842,0.13486234843730927,1.5400,1
g1ojs/40m/opt/40m V integral PI-16.nec,ok,ok,0.20773663092404604,0.13700056914240122,1.5163,1
g1ojs/40m/opt/40m V integral PI-17.nec,ok,ok,0.20882831420749426,0.1354203661903739,1.5421,1
g1ojs/40m/opt/40m V integral PI-18.nec,ok,ok,0.20734129380434752,0.13470924738794565,1.5392,1
g1ojs/40m/opt/40m V integral PI-19.nec,ok,ok,0.20787921268492937,0.13565953448414803,1.5324,1
g1ojs/40m/opt/40m V integral PI-20.nec,ok,ok,0.20849272143095732,0.13476554676890373,1.5471,1
g1ojs/40m/opt/40m V integral PI-21.nec,ok,ok,0.20784999895840883,0.13525522034615278,1.5367,1
g1ojs/40m/opt/40m V integral PI-22.nec,ok,ok,0.20778592117130756,0.1345966663211584,1.5438,1
g1ojs/40m/opt/40m V integral PI-23.nec,ok,ok,0.20895822998136282,0.13449614774435759,1.5536,1
g1ojs/40m/opt/40m V integral PI-24.nec,ok,ok,0.20750876888632774,0.13471627701073885,1.5403,1
g1ojs/40m/opt/40m V integral PI-25.nec,ok,ok,0.20778341591358185,0.13443630654364824,1.5456,1
g1ojs/40m/opt/40m V integral PI-26.nec,ok,ok,0.2083660252392292,0.1347959702834487,1.5458,1
g1ojs/40m/opt/40m V integral PI-27.nec,ok,ok,0.20913581363856792,0.13493082765489817,1.5499,1
g1ojs/40m/opt/40m V integral PI-28.nec,ok,ok,0.20757752750068903,0.13403411395847797,1.5487,1
g1ojs/40m/opt/40m V integral PI-29.nec,ok,ok,0.20909177884459496,0.13523421715945005,1.5461,1
g1ojs/40m/opt/40m V integral PI-30.nec,ok,ok,0.20818738359957933,0.1361791854724288,1.5288,1
g1ojs/40m/opt/40m V integral PI_003-19.nec,ok,ok,0.20720156282186508,0.13588359206914902,1.5248,1
g1ojs/40m/opt/40m V integral PI_007-12.nec,ok,ok,0.2094896724447608,0.135701110586524,1.5438,1
g1ojs/40m/trials/40m V cage.nec,ok,ok,1.7770873690024018,1.176049537025392,1.5111,1
g1ojs/40m/trials/40m V curve 4pts 7MHz.nec,ok,ok,1.009028920903802,0.6643706560134888,1.5188,1
g1ojs/40m/trials/40m V curve 5pts 7MHz.nec,ok,ok,1.0262197172269225,0.6513606291264296,1.5755,1
g1ojs/40m/trials/40m V integral PI.nec,ok,ok,1.0107194939628243,0.6533381612971425,1.5470,1
g1ojs/40m/trials/40m V mesh.nec,ok,ok,1.5901158191263676,1.0326467072591186,1.5398,1
g1ojs/630m/630m Three Turn Coax Magloop V.nec,ok,ok,0.0902478126809001,0.06186983548104763,1.4587,1
g1ojs/80m/40m V3.nec,ok,ok,1.0196913601830602,0.6590671557933092,1.5472,1
g1ojs/80m/80m 239cm Circ 10mm Cu Magloop V.nec,ok,ok,0.10530631057918072,0.07132879551500082,1.4764,1
g1ojs/80m/80m V cap plates high H.nec,ok,ok,1.2037474513053894,0.7885242514312267,1.5266,1
g1ojs/80m/80m V cap plates solid coplanar.nec,ok,ok,1.3539575533941388,0.8854244714602828,1.5292,1
g1ojs/80m/80m V cap plates solid felt.nec,ok,ok,1.3110354468226433,0.8528093155473471,1.5373,1
g1ojs/80m/80m V.nec,ok,ok,1.0468805814161897,0.6780770635232329,1.5439,1
g1ojs/80m/80m V3.nec,ok,ok,1.077837877906859,0.6949591413140297,1.5509,1
g1ojs/80m/_80m Dipole ref.nec,ok,ok,1.5290443683043122,0.9892926001921296,1.5456,1
g1ojs/80m/tmp.nec,ok,ok,0.9312003822997212,0.6042086957022548,1.5412,1
g1ojs/Delta loop/loop.nec,ok,ok,0.8702245093882084,0.5626942291855812,1.5465,1
g1ojs/Loft wires/1V.nec,ok,ok,1.0079755205661058,0.6494822381064296,1.5520,1
g1ojs/Loft wires/2V.nec,ok,ok,1.0187791474163532,0.6588714066892862,1.5462,1
g1ojs/Loft wires/LF.nec,ok,ok,1.1165481582283974,0.7252379432320595,1.5396,1
g1ojs/Loft wires/Max space V centre.nec,ok,ok,1.0065141944214702,0.6544813429936767,1.5379,1
g1ojs/Loft wires/Max space V diag.nec,ok,ok,1.0106477104127407,0.65151322260499,1.5512,1
g1ojs/Loft wires/Spiral.nec,ok,ok,1.0469734771177173,0.6776705589145422,1.5450,1
g1ojs/Magloop with cap on coupling loop.nec,ok,ok,0.11182527989149094,0.0725517338141799,1.5413,1
g1ojs/Magloop with gap and cap on coupling loop.nec,ok,ok,0.1984669677913189,0.13038475718349218,1.5222,1
g1ojs/Meander Loading/40m Dipole at 7m reference.nec,ok,ok,0.2930198609828949,0.18971231393516064,1.5445,1
g1ojs/Meander Loading/40m Dipole at 7m with 10 meanders.nec,ok,ok,0.21171072125434875,0.13948899880051613,1.5178,1
g1ojs/Meander Loading/40m Dipole at 7m with 20 meanders.nec,ok,ok,0.2276512933894992,0.14921763353049755,1.5256,1
g1ojs/Meander Loading/40m Inverted V at 7m with 10 meanders.nec,ok,ok,0.21589412167668343,0.14284657314419746,1.5114,1
g1ojs/Meander Loading/40m Inverted V at 7m with full meandering.nec,ok,ok,0.20889123436063528,0.1370414551347494,1.5243,1
g1ojs/Open wire V/Open wire V fixed wire length.nec,ok,ok,1.1927689500153065,0.7670546984300017,1.5550,1
g1ojs/Open wire V/Open wire V max wire length.nec,ok,ok,0.9526978032663465,0.6077023483812809,1.5677,1
g1ojs/Small Receiving Loops/1m dia loop.nec,ok,ok,0.08015950489789248,0.05443666595965624,1.4725,1
g1ojs/Trapped/TRAPx1 V 40m 20m.nec,ok,ok,0.09528655465692282,0.06041556037962437,1.5772,1
g1ojs/Trapped/TRAPx2 V 40m 20m 10m - remove 10m.nec,ok,ok,0.08306896220892668,0.05490823742002249,1.5129,1
g1ojs/Trapped/TRAPx2 V 40m 20m 10m.nec,ok,ok,0.0863064331933856,0.05650567729026079,1.5274,1
g1ojs/Trapped/TRAPx2 V 40m 20m 6m.nec,ok,ok,0.08683687448501587,0.05630785413086414,1.5422,1
g1ojs/Trapped/TRAPx2_V.nec,ok,ok,61.7702308120206,39.249617932364345,1.5738,1
g1ojs/Trapped/Test.nec,ok,ok,0.46580271795392036,0.302019321359694,1.5423,1
g1ojs/Trapped/Trap V - 6m 15m.nec,ok,ok,0.08061343710869551,0.05480361171066761,1.4710,1
g1ojs/Trapped/Trap_V.nec,ok,ok,0.08679443690925837,0.05650793854147196,1.5360,1
g1ojs/Tree/treeV_20m_10m.nec,ok,ok,0.08011497277766466,0.05352824181318283,1.4967,1
g1ojs/Verticals/10m OCF H/10m H OCF 2.5m long.nec,ok,ok,0.39034092240035534,0.25448350328952074,1.5339,1
g1ojs/Verticals/10m OCF H/10m H OCF 3.5m long.nec,ok,ok,0.3851326396688819,0.2521766647696495,1.5272,1
g1ojs/Verticals/10m OCF H/10m H OCF 3m long.nec,ok,ok,0.3879318833351135,0.25661954283714294,1.5117,1
g1ojs/Verticals/10m OCF H/10m Vertical V 3m tall.nec,ok,ok,0.8205264396965504,0.5224909782409668,1.5704,1
g1ojs/Verticals/15m/15m H OCF 3m long.nec,ok,ok,0.46751249954104424,0.3034528698772192,1.5406,1
g1ojs/Verticals/20m/20m horizontal V 3.5m high.nec,ok,ok,0.8597624730318785,0.5484296446666121,1.5677,1
g1ojs/Verticals/20m/20m horizontal diamond 3m high.nec,ok,ok,0.864687911234796,0.5555399870499969,1.5565,1
g1ojs/Verticals/others/10m H OCF - Copy.nec,ok,ok,0.3890180177986622,0.25502125173807144,1.5254,1
g1ojs/Verticals/others/10m arrow 2 wire 75cm wide - OCF.nec,ok,ok,0.38617418333888054,0.25362231116741896,1.5226,1
g1ojs/Verticals/others/10m bicone 2 wire 100cm wide.nec,crash,crash,1.1864470858126879,1.2021611677482724,,0
g1ojs/Verticals/others/10m bicone 2 wire 150cm wide.nec,crash,crash,2.0570911215618253,1.2036203667521477,,0
g1ojs/Verticals/others/10m bicone 2 wire 40cm wide.nec,crash,crash,3.0312242042273283,1.2024999605491757,,0
g1ojs/Verticals/others/10m bicone 2 wire 50cm wide.nec,crash,crash,3.0467662923038006,1.2028257381170988,,0
g1ojs/Verticals/others/10m bicone 2 wire 75cm wide - OCF.nec,ok,ok,0.3999148653820157,0.26608141977339983,1.5030,1
g1ojs/Verticals/others/10m bicone 2 wire 75cm wide.nec,crash,crash,2.644711146131158,1.2023517563939095,,0
g1ojs/Verticals/others/10m bicone 2 wire.nec,crash,crash,3.0468984888866544,1.2060062577947974,,0
g1ojs/Verticals/others/10m bicone 4 wire.nec,crash,crash,3.047066026367247,1.209245691075921,,0
g1ojs/Verticals/others/10m bitrap.nec,crash,crash,3.0476324474439025,2.0341795030981302,,0
g1ojs/Verticals/others/10m general.nec,crash,crash,3.0514241540804505,2.037049127742648,,0
g1ojs/Verticals/others/Dipole 4.6m _ too long.nec,crash,crash,3.0525869289413095,2.0365110663697124,,0
g1ojs/Verticals/others/general 1.nec,crash,crash,3.0512308720499277,2.0341061763465405,,0
g1ojs/Verticals/others/general 15m.nec,crash,crash,3.04697132576257,2.0343734277412295,,0
g1ojs/Verticals/others/general 2.nec,crash,crash,3.0448653111234307,2.033669751137495,,0
g1ojs/Verticals/others/opt/general 2-01.nec,crash,crash,3.0469723865389824,2.033170247450471,,0
g1ojs/Verticals/others/opt/general 2-02.nec,crash,crash,3.0468413196504116,2.032544686459005,,0
g1ojs/Verticals/others/opt/general 2-03.nec,crash,crash,3.0480237612500787,2.083528875373304,,0
g1ojs/Verticals/others/opt/general 2-04.nec,crash,crash,3.046200039796531,3.0475788498297334,,0
g1ojs/Verticals/others/opt/general 2-05.nec,crash,crash,3.04696315061301,3.0470433542504907,,0
g1ojs/Verticals/others/opt/general 2-06.nec,crash,crash,3.0476332288235426,3.046407336369157,,0
g1ojs/Verticals/others/opt/general 2-07.nec,crash,crash,3.049430811777711,3.046266222372651,,0
g1ojs/Verticals/others/opt/general 2-08.nec,crash,crash,3.0495218746364117,3.046829679980874,,0
g1ojs/Verticals/others/opt/general 2-09.nec,crash,crash,3.0477623445913196,3.0484021166339517,,0
g1ojs/Verticals/others/opt/general 2-10.nec,crash,crash,3.0472218710929155,3.047062241472304,,0
g1ojs/Verticals/others/opt/general 2-11.nec,crash,crash,3.046729032881558,3.0471333665773273,,0
g1ojs/Verticals/others/opt/general 2-12.nec,crash,crash,3.0477430894970894,3.0451098773628473,,0
g1ojs/Verticals/others/opt/general 2-13.nec,crash,crash,3.0471677500754595,3.0469871470704675,,0
g1ojs/Verticals/others/opt/general 2-14.nec,crash,crash,3.0474549513310194,3.046834702603519,,0
g1ojs/Verticals/others/opt/general 2-15.nec,crash,crash,3.0458681797608733,3.0470042917877436,,0
g1ojs/Verticals/others/opt/general 2-16.nec,crash,crash,3.0460177762433887,3.046977112069726,,0
g1ojs/Verticals/others/opt/general 2-17.nec,crash,crash,3.044891889207065,3.0468187984079123,,0
g1ojs/Verticals/others/opt/general 2-18.nec,crash,crash,3.0465772775933146,3.0468301279470325,,0
g1ojs/Verticals/others/opt/general 2-20.nec,crash,crash,3.0470021218061447,3.045780130662024,,0
g1ojs/Verticals/others/opt/general 2-21.nec,crash,crash,3.0471955249086022,3.0458117881789804,,0
g1ojs/Verticals/others/opt/general 2-22.nec,crash,crash,3.04621409997344,3.051872933283448,,0
g1ojs/Verticals/others/opt/general 2-25.nec,crash,crash,3.0460331989452243,3.0564217874780297,,0
g1ojs/Verticals/others/opt/general 2-26.nec,crash,crash,3.0472664581611753,3.060643160715699,,0
g1ojs/Verticals/others/opt/general 2-27.nec,crash,crash,3.046464583836496,3.1335890609771013,,0
g1ojs/Verticals/others/opt/general 2-28.nec,crash,crash,3.047993876039982,4.074554089456797,,0
g1ojs/Verticals/others/opt/general 2-29.nec,crash,crash,3.04670740570873,4.071650385856628,,0
g1ojs/Verticals/others/opt/general 2-30.nec,crash,crash,3.0529429521411657,4.066284609027207,,0
g1ojs/_1m/Contrahelix 1.nec,ok,ok,0.048731242306530476,0.028330689296126366,,0
g1ojs/_1m/Dipole linear 1 75pc.nec,ok,ok,0.00472102127969265,0.004920359700918198,,0
g1ojs/_1m/Dipole to slot/1 Dipole.nec,ok,ok,0.0035924306139349937,0.0039057647809386253,,0
g1ojs/_1m/Dipole to slot/2 Dipole H.nec,ok,ok,0.004655028693377972,0.004815800115466118,,0
g1ojs/_1m/Dipole to slot/3 Dipole H Serifs.nec,ok,ok,0.008488757535815239,0.0077618444338440895,,0
g1ojs/_1m/Dipole to slot/4 Dipole Rects.nec,ok,ok,0.010685424320399761,0.010274425148963928,,0
g1ojs/_1m/Dipole to slot/5 Dipole Rects Shorts.nec,ok,ok,0.012966040521860123,0.011469414457678795,,0
g1ojs/_1m/Dipole to slot/6 Dipole Rects Shorts 2.nec,ok,ok,0.004001150839030743,0.004258211702108383,,0
g1ojs/_1m/Dipole with matching l _ 0.25 v1.nec,ok,ok,0.006877816282212734,0.006610162556171417,,0
g1ojs/_1m/Dipole with matching l _ 0.25 v2.nec,ok,ok,0.005226037465035915,0.005240604281425476,,0
g1ojs/_1m/Dipole with matching l _ 0.33.nec,ok,ok,0.006806172430515289,0.006716832518577576,,0
g1ojs/_1m/Dipole.nec,ok,ok,0.0031432705000042915,0.003446632996201515,,0
g1ojs/_1m/Folded 1.nec,ok,ok,0.005740298889577389,0.005694327875971794,,0
g1ojs/_1m/Helix Dipole 11 turn.nec,ok,ok,0.02899976447224617,0.01668517477810383,,0
g1ojs/_1m/Helix Dipole 2.5 turn.nec,ok,ok,0.005806932225823402,0.004974677227437496,,0
g1ojs/_1m/Helix Dipole 21 turn.nec,ok,ok,0.028915753588080406,0.01644764468073845,,0
g1ojs/_1m/Helix Dipole 3 turn.nec,ok,ok,0.005792628042399883,0.0047844210639595985,,0
g1ojs/_1m/Helix Dipole 5 turn.nec,ok,ok,0.005696958862245083,0.004749421030282974,,0
g1ojs/_1m/Helix Dipole 7 turn.nec,ok,ok,0.02902192808687687,0.016948184929788113,,0
g1ojs/_1m/Helix Dipole 9 turn.nec,ok,ok,0.028816215693950653,0.016831441782414913,,0
g1ojs/_1m/Pair 1.nec,ok,ok,0.0062955766916275024,0.0062093716114759445,,0
g1ojs/_1m/Trapezium 1.nec,ok,ok,0.0054001035168766975,0.005332570523023605,,0
g1ojs/_1m/Trapezium 2.nec,ok,ok,0.00540002528578043,0.005330427549779415,,0
g1ojs/_1m/Two rect dipole.nec,ok,ok,0.018432111479341984,0.015326139517128468,,0
g1ojs/_2m/2m clutter/2m Diamond A144S5R over ground with clutter.nec,ok,ok,1.6193078877404332,0.6585647435858846,2.4588,1
g1ojs/_2m/2m clutter/2m Diamond A144S5R over ground.nec,ok,ok,0.09355942998081446,0.05108351167291403,1.8315,1
g1ojs/_2m/2m clutter/Circular Quad 2 ele V-pol with clutter.nec,ok,ok,0.35722336173057556,0.1498528691008687,2.3838,1
g1ojs/_2m/2m clutter/Circular Quad 2 ele with clutter no 6m.nec,ok,ok,0.3371821343898773,0.14243637677282095,2.3672,1
g1ojs/_2m/2m clutter/Circular Quad 2 ele with clutter no loop.nec,ok,ok,0.2466025222092867,0.10418006032705307,2.3671,1
g1ojs/_2m/2m clutter/Circular Quad 2 ele with clutter.nec,ok,ok,0.3673318596556783,0.14972327277064323,2.4534,1
g1ojs/_2m/2m clutter/Circular Quad 2 ele.nec,ok,ok,0.03058032225817442,0.016696483828127384,,0
g1ojs/_2m/2m clutter/Clutter feed the clutter.nec,ok,ok,0.19503382593393326,0.07999612018465996,2.4380,1
g1ojs/_2m/2m clutter/Dipole ref with clutter.nec,ok,ok,1.0399960884824395,0.4086673203855753,2.5448,1
g1ojs/_2m/2m clutter/Dipole ref.nec,ok,ok,0.005506862886250019,0.005213619209825993,,0
g1ojs/_2m/2m clutter/Stacked dipoles x2.nec,ok,ok,0.00969633087515831,0.007138490676879883,,0
g1ojs/_2m/Cylindrical slots/2m Circular Slot Cube H Pol.nec,ok,ok,0.021615849807858467,0.012945805676281452,,0
g1ojs/_2m/Cylindrical slots/2m Circular Slot Cube V Pol.nec,ok,ok,0.029584656469523907,0.016664380207657814,,0
g1ojs/_2m/Cylindrical slots/2m Cylindrical Slot Open.nec,ok,ok,0.29102372378110886,0.14584032073616982,1.9955,1
g1ojs/_2m/Cylindrical slots/2m Pair of circles with tilt 0 deg.nec,ok,ok,0.0400052797049284,0.021990543231368065,,0
g1ojs/_2m/Cylindrical slots/2m Pair of circles with tilt 90 deg.nec,ok,ok,0.022940661758184433,0.013428613543510437,,0
g1ojs/_2m/Cylindrical slots/2m Pair of circles with tilt.nec,ok,ok,0.02242670115083456,0.013486090116202831,,0
g1ojs/_2m/Cylindrical slots/Slot cube C shape.nec,ok,ok,0.031211490742862225,0.019542500376701355,,0
g1ojs/_2m/Driven beams/2ele 0.25m long.nec,ok,ok,0.010207741521298885,0.0075872428715229034,,0
g1ojs/_2m/Driven beams/5ele 1m long.nec,ok,ok,0.040946369990706444,0.02390945330262184,,0
g1ojs/_2m/Driven beams/5ele 3m long .nec,ok,ok,0.04194521252065897,0.023697085678577423,,0
g1ojs/_2m/Evolved/Ev3.nec,ok,ok,0.0032265791669487953,0.0035273265093564987,,0
g1ojs/_2m/Evolved/Ev4.nec,ok,ok,0.003114442341029644,0.003392593003809452,,0
g1ojs/_2m/Evolved/Ev5.nec,ok,ok,0.0031182896345853806,0.003363984636962414,,0
g1ojs/_2m/Evolved/Ev6.nec,ok,ok,0.003146706148982048,0.003409145399928093,,0
g1ojs/_2m/Evolved/Ev7.nec,ok,ok,0.0031486405059695244,0.00335506908595562,,0
g1ojs/_2m/Evolved/Ev8.nec,ok,ok,0.0034644100815057755,0.003624691627919674,,0
g1ojs/_2m/Evolved/Ev9.nec,ok,ok,0.0034614382311701775,0.0036568259820342064,,0
g1ojs/_2m/Evolved/Test5.nec,ok,ok,0.0034270090982317924,0.003650125116109848,,0
g1ojs/_2m/Franklin/Horizontal 2m Franklin V over ground.nec,ok,ok,0.0402285885065794,0.022409684024751186,,0
g1ojs/_2m/Franklin/Horizontal 2m Franklin oddity.nec,ok,ok,0.057192638516426086,0.03183635976165533,,0
g1ojs/_2m/Franklin/Horizontal 2m Franklin over ground with Franklin reflector.nec,ok,ok,0.14340901747345924,0.07447036448866129,1.9257,1
g1ojs/_2m/Franklin/Horizontal 2m Franklin over ground.nec,ok,ok,0.04020371101796627,0.02242704201489687,,0
g1ojs/_2m/Franklin/Horizontal 2m Franklin with Twin Reflectors.nec,ok,ok,0.056523638777434826,0.031253100372850895,,0
g1ojs/_2m/Franklin/Horizontal 2m Franklin with droops over ground.nec,ok,ok,0.04902271833270788,0.02693859674036503,,0
g1ojs/_2m/Franklin/Horizontal 2m Vertical Franklin over ground.nec,ok,ok,0.041675856336951256,0.02438020147383213,,0
g1ojs/_2m/Halo based/2m Chimney Halo Phi_0 El_0.nec,ok,ok,0.08490647375583649,0.04904396552592516,,0
g1ojs/_2m/Halo based/2m Chimney Halo Phi_0 El_45.nec,ok,ok,0.08454260788857937,0.044454860500991344,,0
g1ojs/_2m/Halo based/2m Chimney Halo Phi_0 El_90.nec,ok,ok,0.0861348919570446,0.045172167010605335,,0
g1ojs/_2m/Halo based/2m Horizontal Halo at 9m Phi_0 El_00.nec,ok,ok,0.08491354528814554,0.04738739598542452,,0
g1ojs/_2m/Halo based/2m Low halo Phi_0 El_0.nec,ok,ok,0.08477540593594313,0.04485054221004248,,0
g1ojs/_2m/Halo based/2m Stacked Halos Phi_0 El_0 1.5m.nec,ok,ok,0.3407253623008728,0.1674635512754321,2.0346,1
g1ojs/_2m/Halo based/2m Stacked Halos Phi_0 El_0 1.7m.nec,ok,ok,0.33519943058490753,0.16650148387998343,2.0132,1
g1ojs/_2m/Halo based/2m Vertical Halo at 9m Phi_0 El_90.nec,ok,ok,0.08549884334206581,0.045786717906594276,,0
g1ojs/_2m/Halo based/2m halo 8m agl Phi_0 El_0.nec,ok,ok,0.08459080662578344,0.0454314686357975,,0
g1ojs/_2m/Halo based/2m low stacked halos Phi_0 El_0 1.03m .nec,ok,ok,0.3360369121655822,0.16619268897920847,2.0220,1
g1ojs/_2m/Halo based/Horizontal direct fed S with coax balun not folded.nec,ok,ok,0.1305384747684002,0.06729768309742212,1.9397,1
g1ojs/_2m/Halo based/Horizontal direct fed S2 with coax balun not folded.nec,ok,ok,0.13112416211515665,0.06669580284506083,1.9660,1
g1ojs/_2m/Halo based/Horizontal direct fed halo with coax balun not folded.nec,ok,ok,0.1344699589535594,0.0667602326720953,2.0142,1
g1ojs/_2m/Halo based/Horizontal halo delta match with coax balun not folded - Copy.nec,ok,ok,0.16429353505373,0.08307627495378256,1.9776,1
g1ojs/_2m/Helix/2m Pair of 2turn Helices 1 thin interconnect.nec,crash,crash,1.2093166522681713,1.7944176280871034,,0
g1ojs/_2m/Helix/2m Pair of 2turn Helices 2mm wire.nec,crash,crash,2.22947649192065,2.8062243135645986,,0
g1ojs/_2m/Helix/2m Single 2turn Helix - Horizontal.nec,ok,ok,0.012633721344172955,0.008756411261856556,,0
g1ojs/_2m/Helix/2m Single 2turn Helix as built.nec,ok,ok,0.01247262954711914,0.008800574578344822,,0
g1ojs/_2m/Helix/2m Single 2turn Helix e.g.nec,ok,ok,0.012563367374241352,0.008641459047794342,,0
g1ojs/_2m/Helix/2m Single 2turn Helix.nec,ok,ok,0.012466191314160824,0.008537599816918373,,0
g1ojs/_2m/Helix/2m Single Helix 1 thin wire direct feed with feedline.nec,ok,ok,0.04598454013466835,0.026132539846003056,,0
g1ojs/_2m/Helix/Square helix.nec,ok,ok,0.02856247778981924,0.019049176014959812,,0
g1ojs/_2m/Hentenna based/2m Cuboid Hentenna Symmetric.nec,ok,ok,0.09613055270165205,0.05273750517517328,1.8228,1
g1ojs/_2m/Hentenna based/2m Hentenna fs.nec,ok,ok,0.0062731001526117325,0.006216301582753658,,0
g1ojs/_2m/Hentenna based/2m Hentenna over ground Phi_0 - flashing.nec,ok,ok,3.502693260088563,1.799150062724948,1.9469,1
g1ojs/_2m/Hentenna based/2m Hentenna over ground Phi_0.nec,ok,ok,0.06452425848692656,0.0349816782400012,,0
g1ojs/_2m/Hentenna based/2m Hentenna over ground Phi_90 - flashing.nec,ok,ok,3.5449863532558084,1.816508055664599,1.9515,1
g1ojs/_2m/Hentenna based/2m Hentenna over ground.nec,ok,ok,0.06459301244467497,0.03494980651885271,,0
g1ojs/_2m/Hentenna based/2m Small Cube Hentenna.nec,ok,ok,0.07335001602768898,0.040608336217701435,,0
g1ojs/_2m/Hentenna based/2m Small Cuboid Hentenna Symmetric.nec,ok,ok,0.09597582556307316,0.052084118127822876,1.8427,1
g1ojs/_2m/Hentenna based/2m Small Cuboid Hentenna.nec,ok,ok,0.07399248611181974,0.040666631422936916,,0
g1ojs/_2m/Hentenna based/2m Small Hentenna Loop 12.5 Ohms.nec,ok,ok,0.04745842609554529,0.02719107735902071,,0
g1ojs/_2m/Hentenna based/2m Small Hentenna Loop 700x200 Stub Match Wire dia.nec,ok,ok,0.0504495007917285,0.02751109655946493,,0
g1ojs/_2m/Hentenna based/2m Small Hentenna Loop 700x200 Stub Match.nec,ok,ok,0.050219565629959106,0.0274574663490057,,0
g1ojs/_2m/Hentenna based/2m Small Hentenna Loop 700x280 Stub Match.nec,ok,ok,0.04987414740025997,0.027868827804923058,,0
g1ojs/_2m/Hentenna based/2m Wide Hentenna over ground.nec,ok,ok,0.027980417013168335,0.017637647688388824,,0
g1ojs/_2m/Hentenna based/2m gapped hentenna over ground.nec,ok,ok,0.15510988235473633,0.0765294749289751,2.0268,1
g1ojs/_2m/Hentenna based/2x Stacked 2m Hentenna Single Feed Inverted parallel to roof ridge over Ground.nec,ok,ok,0.15838996693491936,0.08214423432946205,1.9282,1
g1ojs/_2m/Hentenna based/2x Stacked 2m Hentenna Single Feed parallel to roof ridge over Ground Base Direct Feed.nec,ok,ok,0.11693703662604094,0.06250780168920755,1.8708,1
g1ojs/_2m/Hentenna based/2x Stacked 2m Hentenna Single Feed parallel to roof ridge over Ground.nec,ok,ok,0.14899219293147326,0.08012509439140558,1.8595,1
g1ojs/_2m/Hentenna based/2x Stacked 2m Hentenna parallel to roof ridge over Ground.nec,ok,ok,0.1285693570971489,0.06729468796402216,1.9105,1
g1ojs/_2m/Hentenna based/2x Stacked 2m Hentenna parallel to roof ridge with reflector.nec,ok,ok,0.17755882069468498,0.09248475544154644,1.9199,1
g1ojs/_2m/Hentenna based/Build.nec,ok-no-source,ok-no-source,0.05188292171806097,0.030445781536400318,,0
g1ojs/_2m/Horizontal 2m Moxon.nec,ok,ok,0.018864727579057217,0.012153467163443565,,0
g1ojs/_2m/Horizontal Dipole with end loading plates.nec,ok,ok,0.07393811736255884,0.04201329778879881,,0
g1ojs/_2m/Larger loops/Fullwave square one turn.nec,ok,ok,0.006012831814587116,0.0050874995067715645,,0
g1ojs/_2m/Larger loops/Rect 35cm x 50cm.nec,ok,ok,0.0057085976004600525,0.004971079528331757,,0
g1ojs/_2m/Larger loops/Rect 35cm x 60cm.nec,ok,ok,0.008375092409551144,0.004907157272100449,,0
g1ojs/_2m/Larger loops/Skinny wire diamond loop.nec,ok,ok,0.013243619352579117,0.00950842909514904,,0
g1ojs/_2m/Larger loops/Square 40cm.nec,ok,ok,0.005855606868863106,0.005513171665370464,,0
g1ojs/_2m/Magloop/2m 17cm dia Magloop 144.2 MHz H - FS.nec,ok,ok,0.008318720385432243,0.0075353337451815605,,0
g1ojs/_2m/Magloop/2m 17cm dia Magloop 144.2 MHz H.nec,ok,ok,0.03902286756783724,0.02153393067419529,,0
g1ojs/_2m/Magloop/2m 17cm dia Magloop 144.2 MHz V.nec,ok,ok,0.04081381671130657,0.02168926689773798,,0
g1ojs/_2m/Owen Collinear.nec,ok,ok,0.008069044910371304,0.005879462696611881,,0
g1ojs/_2m/Quads/Circular Loop.nec,ok,ok,0.014768206514418125,0.00940075982362032,,0
g1ojs/_2m/Quads/Circular Quad 2 ele - fb.nec,ok,ok,0.02926019486039877,0.016690006479620934,,0
g1ojs/_2m/Quads/Rect Wire Quad 3 ele 50R.nec,ok,ok,0.06138486973941326,0.035087382420897484,,0
g1ojs/_2m/Quads/Square Quad 1 with dipole reflector.nec,ok,ok,0.01475844718515873,0.010125970467925072,,0
g1ojs/_2m/Quads/Square Quad 2 ele 50R.nec,ok,ok,0.02976876311004162,0.018218381330370903,,0
g1ojs/_2m/Quads/Square Quad 2 ele box.nec,ok,ok,0.061033301055431366,0.03499586321413517,,0
g1ojs/_2m/Quads/Square Thick Wire Quad 3 ele 50R.nec,ok,ok,0.05985026340931654,0.03395060356706381,,0
g1ojs/_2m/Quads/Square Wire Quad 2 ele 50R with clutter.nec,ok,ok,0.7992377756163478,0.3447037301957607,2.3186,1
g1ojs/_2m/Quads/Square Wire Quad 2 ele 50R.nec,ok,ok,0.031257799826562405,0.019759053364396095,,0
g1ojs/_2m/Quads/Square Wire Quad 3 ele 50R - fb.nec,ok,ok,0.06123314704746008,0.036091617308557034,,0
g1ojs/_2m/Quads/Square Wire Quad 3 ele 50R.nec,ok,ok,0.061045470647513866,0.036017089150846004,,0
g1ojs/_2m/Shortened dipoles/2m H dipole 0.5m.nec,ok,ok,0.008003038354218006,0.006673360243439674,,0
g1ojs/_2m/Shortened dipoles/2m Helix S dipole 0.5t.nec,ok,ok,0.05301954597234726,0.03717661742120981,,0
g1ojs/_2m/Shortened dipoles/2m Helix S dipole 0.7t.nec,ok,ok,0.053926022723317146,0.030359169468283653,,0
g1ojs/_2m/Shortened dipoles/2m Helix S dipole 1t.nec,ok,ok,0.05325103737413883,0.03171972092241049,,0
g1ojs/_2m/Shortened dipoles/2m Helix S dipole.nec,ok,ok,0.05340013187378645,0.0298881521448493,,0
g1ojs/_2m/Shortened dipoles/2m LL Dipole 2mm dia elements 40cm - hairpin.nec,ok,ok,0.03190738055855036,0.01970053743571043,,0
g1ojs/_2m/Shortened dipoles/2m LL Dipole 4mm dia elements 40cm - hairpin.nec,ok,ok,0.03125787526369095,0.019280267879366875,,0
g1ojs/_2m/Shortened dipoles/2m LL Dipole 5mm dia elements 50cm - hairpin.nec,ok,ok,0.03135496936738491,0.019169899635016918,,0
g1ojs/_2m/Shortened dipoles/2m M dipole 0.5m.nec,ok,ok,0.007321997545659542,0.005678159184753895,,0
g1ojs/_2m/Shortened dipoles/2m Rect Petlowany Dipole 5mm dia elements flat 0.4.nec,ok,ok,0.013428578153252602,0.009263548068702221,,0
g1ojs/_2m/Shortened dipoles/2m Rect Petlowany Dipole 5mm dia elements flat 0.5.nec,ok,ok,0.013352518901228905,0.00914251059293747,,0
g1ojs/_2m/Shortened dipoles/2m Z dipole 0.5m.nec,ok,ok,0.006991032510995865,0.005696735344827175,,0
g1ojs/_2m/Shortened dipoles/2m Z dipole 0.6m.nec,ok,ok,0.007078889757394791,0.005709839053452015,,0
g1ojs/_2m/Shortened dipoles/2m meander dipole.nec,ok,ok,0.003663156181573868,0.004830688238143921,,0
g1ojs/_2m/Shortened dipoles/Dipole wire diameter.nec,ok,ok,0.0074329618364572525,0.006059134379029274,,0
g1ojs/_2m/Shortened dipoles/Patch dipole.nec,ok,ok,1.3303548907861114,0.8738068994134665,1.5225,1
g1ojs/_2m/Slot cube tall.nec,ok,ok,0.037556521594524384,0.021826986223459244,,0
g1ojs/_2m/Slot cube wide.nec,ok,ok,0.03590602893382311,0.02209043875336647,,0
g1ojs/_2m/Slot cube.nec,ok,ok,0.03320605307817459,0.020544346421957016,,0
g1ojs/_2m/Stacked dipoles.nec,ok,ok,0.024988660588860512,0.01533929631114006,,0
g1ojs/_2m/Verticals/2m Stacked Vertical Dipoles with integral baluns - 4 lens opt WITH MEASUREMENT NOTES.nec,ok,ok,1.8088261634111404,0.8623546967282891,2.0975,1
g1ojs/_2m/Verticals/2m Stacked Vertical Dipoles with integral baluns - no harness.nec,ok,ok,1.1557459309697151,0.5845193946734071,1.9773,1
g1ojs/_2m/Verticals/2m Stacked Vertical Dipoles with integral baluns reentrant harness.nec,ok,ok,1.810919494368136,0.8733970252797008,2.0734,1
g1ojs/_2m/Verticals/2m Stacked Vertical Dipoles with integral baluns.nec,ok,ok,1.5873112753033638,0.7741966657340527,2.0503,1
g1ojs/_2m/Verticals/2m Stacked Vertical Gamma Matched Dipole over ground.nec,ok,ok,1.982030576094985,0.9360700594261289,2.1174,1
g1ojs/_2m/Verticals/2m Vertical Dipole with integral balun.nec,ok,ok,1.1615571659058332,0.5967724146321416,1.9464,1
g1ojs/_2m/Verticals/2m Vertical Gamma Matched Dipole over ground.nec,ok,ok,1.1091403663158417,0.5794896744191647,1.9140,1
g1ojs/_2m/Verticals/2m Vertical dipole with phasing balun.nec,ok,ok,3.795819497667253,1.7328728269785643,2.1905,1
g1ojs/_2m/Verticals/2m high gain Vertical flowerpot with metal sleeve air spaced with feedline and feed stub.nec,ok,ok,0.8044351162388921,0.404753640294075,1.9875,1
g1ojs/_2m/Verticals/Periodic stubs tests/2m 3lam monopole stubs shaped generic.nec,ok,ok,0.6111042639240623,0.37272639479488134,1.6396,1
g1ojs/_2m/Verticals/Periodic stubs tests/2m gamma dipole extended TL.nec,ok,ok,0.16072591207921505,0.08468959853053093,1.8978,1
g1ojs/_2m/Verticals/Periodic stubs tests/2m gamma dipole extended stubs - test.nec,ok,ok,0.1932296771556139,0.1207641614601016,1.6001,1
g1ojs/_2m/Verticals/Periodic stubs tests/2m gamma dipole extended stubs shaped.nec,ok,ok,0.1826065955683589,0.11202167719602585,1.6301,1
g1ojs/_2m/Verticals/Periodic stubs tests/2m gamma dipole extended stubs.nec,ok,ok,0.15991978347301483,0.10052461177110672,1.5909,1
g1ojs/_2m/Verticals/Periodic stubs tests/2m gamma dipole extended zigzag.nec,ok,ok,0.08139381464570761,0.05313752219080925,1.5318,1
g1ojs/_2m/Yagis Loop Fed/2m 3ele LF yagi BUILT.nec,ok,ok,0.04747562576085329,0.028361479751765728,,0
g1ojs/_2m/Yagis Loop Fed/2m 3ele LF yagi opt FR.nec,ok,ok,0.04739023465663195,0.02707436867058277,,0
g1ojs/_2m/Yagis/2m Diamond A144S5R free space.nec,ok,ok,0.013665199279785156,0.011692647822201252,,0
g1ojs/_2m/Yagis/Horizontal 2m 2ele yagi.nec,ok,ok,0.009659990668296814,0.007471451535820961,,0
g1ojs/_2m/Yagis/Horizontal 2m 3ele yagi - M5AML.nec,ok,ok,0.01600651815533638,0.010792902670800686,,0
g1ojs/_2m/Yagis/Horizontal 2m 4ele yagi 95cm boom 20 ohm.nec,ok,ok,0.024559464305639267,0.01548135094344616,,0
g1ojs/_2m/Yagis/Horizontal 2m 4ele yagi BUILT.nec,ok,ok,0.024242459796369076,0.015200784429907799,,0
g1ojs/_2m/Yagis/Horizontal 2m yagi 5 ele.nec,ok,ok,0.0345383295789361,0.022419163025915623,,0
g1ojs/_2m/Yagis/Horizontal 2m yagi 6 ele.nec,ok,ok,0.04712989926338196,0.026929830200970173,,0
g1ojs/_6m/6m 2ele Quad base fed.nec,ok,ok,0.4983939230442047,0.3083965089172125,1.6161,1
g1ojs/_6m/6m Dipole bars.nec,ok,ok,0.3770502405241132,0.24318836256861687,1.5504,1
g1ojs/_6m/6m Dipole coax inner fed.nec,ok,ok,0.011798462830483913,0.008188045583665371,,0
g1ojs/_6m/6m Dipole discs.nec,error,error,0.18943264987319708,0.10800181794911623,,0
g1ojs/_6m/6m Dipole droops.nec,ok,ok,0.3773370608687401,0.24452180974185467,1.5432,1
g1ojs/_6m/6m Dipole speaker wire.nec,ok,ok,0.011558452621102333,0.008197056129574776,,0
g1ojs/_6m/6m Dipole stars.nec,ok,ok,0.38375571090728045,0.2500414811074734,1.5348,1
g1ojs/_6m/6m Helically loaded dipole.nec,ok,ok,12.964715478010476,7.276063716970384,1.7818,1
g1ojs/_6m/6m LL Bar Dipole 5mm dia elements - 2.nec,ok,ok,0.38645488675683737,0.250783852301538,1.5410,1
g1ojs/_6m/6m LL Bar Dipole 5mm dia elements.nec,ok,ok,0.3862914675846696,0.2501447843387723,1.5443,1
g1ojs/_6m/6m LL Dipole 5mm dia elements - hairpin - 2.nec,ok,ok,0.3971975250169635,0.2582868570461869,1.5378,1
g1ojs/_6m/6m LL Dipole 5mm dia elements - hairpin.nec,ok,ok,0.4049850348383188,0.25689145363867283,1.5765,1
g1ojs/_6m/6m LL Dipole test 5mm dia elements - hairpin.nec,ok,ok,0.39585937839001417,0.2568964399397373,1.5409,1
g1ojs/_6m/6m LL2 Dipole 5mm dia elements.nec,ok,ok,0.3896928634494543,0.2535869786515832,1.5367,1
g1ojs/_6m/6m Moxgen Moxon.nec,ok,ok,0.0434297863394022,0.024592706933617592,,0
g1ojs/_6m/6m Moxon 1mm wire.nec,ok,ok,0.018098696134984493,0.011280461214482784,,0
g1ojs/_6m/6m Moxon Front coax inner fed Rear wire.nec,ok,ok,0.039053816348314285,0.021188917569816113,,0
g1ojs/_6m/6m Moxon coax inner fed.nec,ok,ok,0.0387215930968523,0.021158991381525993,,0
g1ojs/_6m/6m Quad base fed.nec,ok,ok,0.40018292888998985,0.25758157204836607,1.5536,1
g1ojs/_6m/6m Quad side fed.nec,ok,ok,0.3995761526748538,0.25911247078329325,1.5421,1
g1ojs/_6m/6m Rect Petlowany Dipole 5mm dia elements 3D.nec,ok,ok,0.38192673679441214,0.24988387059420347,1.5284,1
g1ojs/_6m/6m Rect Petlowany Dipole 5mm dia elements flat 2.nec,ok,ok,0.3825094299390912,0.2473017629235983,1.5467,1
g1ojs/_6m/6m Rect Petlowany Dipole 5mm dia elements flat.nec,ok,ok,0.3808874702081084,0.24981076456606388,1.5247,1
g1ojs/_6m/6m Short Dipole 5mm dia elements - hairpin.nec,ok,ok,0.38185697328299284,0.2476540794596076,1.5419,1
g1ojs/_6m/Build.nec,ok-no-source,ok-no-source,0.0050184465944767,0.0050018345937132835,,0
g1ojs/_6m/_6m Dipole ref.nec,ok,ok,0.011251362040638924,0.007668898440897465,,0
g1ojs/_6m/_6m V.nec,ok,ok,0.38147909846156836,0.2510761730372906,1.5194,1
g1ojs/__70cm/70cm 6cm dia Magloop 433.2 MHz V.nec,ok,ok,0.03481100779026747,0.020635019056499004,,0
g1ojs/__70cm/70cm Rect Petlowany Dipole 1mm dia elements flat 2.nec,ok,ok,0.013532097451388836,0.009186149574816227,,0
g1ojs/__70cm/70cm Rect Petlowany Dipole 5mm dia elements flat 2.nec,ok,ok,0.012171681970357895,0.008575597777962685,,0
g1ojs/__70cm/Dipole ref.nec,ok,ok,0.005171429365873337,0.004518385045230389,,0
g1ojs/__70cm/Horizontal 70cm 3ele LF yagi.nec,ok,ok,0.04336545988917351,0.026372842490673065,,0
g1ojs/__70cm/Patch dipole.nec,ok,ok,0.033823215402662754,0.027409876696765423,,0
g1ojs/__70cm/Square loop.nec,ok,ok,0.009735634550452232,0.01204239297658205,,0
g1ojs/__70cm/Yagis/70cm Horizontal 2ele yagi over ground.nec,ok,ok,0.008959043771028519,0.007299598306417465,,0
g1ojs/__70cm/Yagis/70cm Horizontal 3ele yagi over ground.nec,ok,ok,0.014469359070062637,0.010210912674665451,,0
g1ojs/__70cm/Yagis/70cm Stacked dipoles x3.nec,ok,ok,0.01921170298010111,0.013210768811404705,,0
g1ojs/opt/Loaded V-01.nec,ok,ok,0.20619525481015444,0.1333826733753085,1.5459,1
g1ojs/opt/Loaded V-02.nec,ok,ok,0.20625439938157797,0.13294612057507038,1.5514,1
g1ojs/opt/Loaded V-03.nec,ok,ok,0.20650016516447067,0.13430393394082785,1.5376,1
g1ojs/opt/Loaded V-04.nec,ok,ok,0.20582145359367132,0.13269804883748293,1.5511,1
g1ojs/opt/Loaded V-05.nec,ok,ok,0.20597933419048786,0.13313463050872087,1.5472,1
g1ojs/opt/Loaded V-06.nec,ok,ok,0.20637814048677683,0.13479651417583227,1.5310,1
g1ojs/opt/Loaded V-07.nec,ok,ok,0.2059608306735754,0.13299762178212404,1.5486,1
g1ojs/opt/Loaded V-08.nec,ok,ok,0.20657763350754976,0.13322555180639029,1.5506,1
g1ojs/opt/Loaded V-09.nec,ok,ok,0.20581182837486267,0.13341639749705791,1.5426,1
g1ojs/opt/Loaded V-10.nec,ok,ok,0.20609211921691895,0.1325190458446741,1.5552,1
g1ojs/opt/Loaded V-11.nec,ok,ok,0.205576385371387,0.1329705072566867,1.5460,1
g1ojs/opt/Loaded V-12.nec,ok,ok,0.20646087173372507,0.13375444058328867,1.5436,1
g1ojs/opt/Loaded V-13.nec,ok,ok,0.20586456544697285,0.13387866131961346,1.5377,1
g1ojs/opt/Loaded V-14.nec,ok,ok,0.20642280206084251,0.13304436951875687,1.5515,1
g1ojs/opt/Loaded V-15.nec,ok,ok,0.2060373267158866,0.13272853940725327,1.5523,1
g1ojs/opt/Loaded V-16.nec,ok,ok,0.20671876054257154,0.13346221577376127,1.5489,1
g1ojs/opt/Loaded V-18.nec,ok,ok,0.2065470591187477,0.13323727156966925,1.5502,1
g1ojs/opt/Loaded V-19.nec,ok,ok,0.20748618058860302,0.13319761492311954,1.5577,1
g1ojs/opt/Loaded V-20.nec,ok,ok,0.20572004187852144,0.13341419957578182,1.5420,1
g1ojs/opt/Loaded V-21.nec,ok,ok,0.2060198960825801,0.132715230807662,1.5523,1
g1ojs/opt/Loaded V-22.nec,ok,ok,0.20550965424627066,0.13347345683723688,1.5397,1
g1ojs/opt/Loaded V-23.nec,ok,ok,0.20545817725360394,0.13340022694319487,1.5402,1
g1ojs/opt/Loaded V-24.nec,ok,ok,0.2055822415277362,0.1330148633569479,1.5456,1
g1ojs/opt/Loaded V-26.nec,ok,ok,0.23080227989703417,0.13333877362310886,1.7309,1
g1ojs/opt/Loaded V-27.nec,ok,ok,0.23276096396148205,0.13279422465711832,1.7528,1
g1ojs/opt/Loaded V-28.nec,ok,ok,0.24631911143660545,0.1326831839978695,1.8564,1
icecube-dbesson/2 dipole on roof.nec,ok,ok,1.5443417010828853,0.6813184218481183,2.2667,1
icecube-dbesson/2lsloper.nec,ok,ok,0.626189524307847,0.3950627902522683,1.5850,1
icecube-dbesson/2phased.nec,ok,ok,0.003326810896396637,0.003462151624262333,,0
icecube-dbesson/36ccd.nec,ok,ok,0.3560887100175023,0.22766380291432142,1.5641,1
icecube-dbesson/36dip.nec,ok,ok,0.3034760234877467,0.19403176568448544,1.5641,1
icecube-dbesson/36inv.nec,ok,ok,0.30698015075176954,0.1958353267982602,1.5675,1
icecube-dbesson/36inv_split.nec,ok,ok,0.3068238105624914,0.19541942607611418,1.5701,1
icecube-dbesson/3el-inverted-V.nec,ok,ok,0.31132393423467875,0.19500570185482502,1.5965,1
icecube-dbesson/3elquad.nec,ok,ok,0.005234336480498314,0.005393520928919315,,0
icecube-dbesson/4 Dipole Trans-lines.nec,ok,ok,0.014963595196604729,0.01223016157746315,,0
icecube-dbesson/40quad.nec,ok,ok,0.19562162179499865,0.12662561982870102,1.5449,1
icecube-dbesson/4nec2.nec,ok,ok,0.45088363345712423,0.25941544584929943,1.7381,1
icecube-dbesson/4square.nec,ok,ok,0.2970130071043968,0.18873126525431871,1.5737,1
icecube-dbesson/4x20ra.nec,ok,ok,0.15722646471112967,0.08834105264395475,1.7798,1
icecube-dbesson/7lyagi10.nec,ok,ok,0.30696046631783247,0.18643339350819588,1.6465,1
icecube-dbesson/80hsbeam.nec,ok,ok,0.3348257848992944,0.21580155845731497,1.5515,1
icecube-dbesson/80rdbeam.nec,ok,ok,0.4448181362822652,0.2843944290652871,1.5641,1
icecube-dbesson/BCone45.nec,ok,ok,0.05076659098267555,0.036340221762657166,,0
icecube-dbesson/BCone55.nec,ok,ok,0.8300448404625058,0.5175105053931475,1.6039,1
icecube-dbesson/BCone65.nec,ok,ok,0.8458349602296948,0.530977918766439,1.5930,1
icecube-dbesson/Bcone-1mmgap.nec,ok,ok,0.05276729818433523,0.038140373304486275,,0
icecube-dbesson/Bcone-3cmgap.nec,ok,ok,0.052766889333724976,0.03882554639130831,,0
icecube-dbesson/BetaMatch.nec,ok,ok,0.0335184158757329,0.020962562412023544,,0
icecube-dbesson/Bicone-dzvar.nec,ok,ok,0.05268082953989506,0.03854441083967686,,0
icecube-dbesson/Bicone0+.nec,ok,ok,0.10931761097162962,0.08782643172889948,1.2447,1
icecube-dbesson/Bicone0.nec,ok,ok,0.031016843393445015,0.026251597329974174,,0
icecube-dbesson/Catenary_1.nec,ok-no-source,ok-no-source,0.0035678185522556305,0.0038307933136820793,,0
icecube-dbesson/Cedzph10.nec,ok,ok,0.18249309714883566,0.10188893415033817,1.7911,1
icecube-dbesson/CoilCapHat.nec,ok,ok,0.2504117926582694,0.1812712922692299,1.3814,1
icecube-dbesson/Collinear_1L.nec,ok,ok,0.12208021711558104,0.07864285726100206,1.5523,1
icecube-dbesson/Deltalp.nec,ok,ok,0.10587889607995749,0.08018310740590096,1.3205,1
icecube-dbesson/Example1.nec,ok,ok,0.003197699785232544,0.0031204819679260254,,0
icecube-dbesson/Example2.nec,ok,ok,0.0036513200029730797,0.0031195664778351784,,0
icecube-dbesson/Example3.nec,ok,ok,0.3043762780725956,0.19419943448156118,1.5673,1
icecube-dbesson/Fractal.nec,ok,ok,1.556416604667902,1.0996464947238564,1.4154,1
icecube-dbesson/Generator.nec,ok,ok,0.07232455164194107,0.059341173619031906,1.2188,1
icecube-dbesson/Gwave.nec,ok,ok,0.13337192684412003,0.09309281595051289,1.4327,1
icecube-dbesson/Half-Horn2.nec,ok,ok,0.038857223466038704,0.030794852413237095,,0
icecube-dbesson/Half-horn.nec,ok,ok,0.039517201483249664,0.0311115775257349,,0
icecube-dbesson/Illuminate.nec,ok,ok,3.2315601212903857,2.1902902899309993,1.4754,1
icecube-dbesson/L_match.nec,ok,ok,0.018413159996271133,0.012815570458769798,,0
icecube-dbesson/Logper.nec,ok,ok,0.019887274131178856,0.0172095512971282,,0
icecube-dbesson/Loops.nec,ok,ok,0.004270152188837528,0.004241129383444786,,0
icecube-dbesson/Lowdip.nec,ok,ok,0.3576964857056737,0.22785481251776218,1.5698,1
icecube-dbesson/Match_Test.nec,ok,ok,0.0030541541054844856,0.0033294716849923134,,0
icecube-dbesson/Moxon.nec,ok,ok,0.287548640742898,0.1830438720062375,1.5709,1
icecube-dbesson/Multiband.nec,ok,ok,0.35372776817530394,0.22195034474134445,1.5937,1
icecube-dbesson/NearFld.nec,ok,ok,2.340110826306045,1.6161353942006826,1.4480,1
icecube-dbesson/Optimized-discone.nec,ok,ok,0.03642740659415722,0.025936982594430447,,0
icecube-dbesson/Parab50.nec,ok,ok,14.701563355512917,10.561950573697686,1.3919,1
icecube-dbesson/Parabola.nec,ok-no-source,ok-no-source,0.19147077575325966,0.1200817571952939,,0
icecube-dbesson/Patch.nec,ok-no-source,ok-no-source,0.00832965038716793,0.007750297896564007,,0
icecube-dbesson/Phased GP.nec,ok,ok,0.028576796874403954,0.015700717456638813,,0
icecube-dbesson/Phased array Trans-line.nec,ok,ok,0.011328448541462421,0.00839965045452118,,0
icecube-dbesson/Quad.nec,ok,ok,0.44169331807643175,0.33677502162754536,1.3115,1
icecube-dbesson/RICE-dipole.nec,error,error,0.4396762913092971,0.308218939229846,,0
icecube-dbesson/RICE-dipole0.nec,error,error,0.381021186709404,0.2608851185068488,,0
icecube-dbesson/Rhombic.nec,ok,ok,0.16003031190484762,0.12621117383241653,1.2680,1
icecube-dbesson/Slopvee.nec,ok,ok,0.31200924329459667,0.1960765840485692,1.5913,1
icecube-dbesson/T-box.nec,ok,ok,0.3998994491994381,0.2527547450736165,1.5822,1
icecube-dbesson/TL-test.nec,ok,ok,0.15501893498003483,0.10263232421129942,1.5104,1
icecube-dbesson/TV_uhf.nec,ok,ok,0.06325353402644396,0.04257830139249563,,0
icecube-dbesson/Tr-line.nec,ok,ok,0.3059714650735259,0.1958700241521001,1.5621,1
icecube-dbesson/TrapDip.nec,ok,ok,0.004460899159312248,0.004450182430446148,,0
icecube-dbesson/Vee40.nec,ok,ok,0.3426864081993699,0.22660179063677788,1.5123,1
icecube-dbesson/Vyagi22.nec,ok,ok,0.026613672263920307,0.023772701621055603,,0
icecube-dbesson/Yagi16.nec,ok,ok,0.03822699934244156,0.03169052768498659,,0
icecube-dbesson/atl50E.nec,ok,ok,0.8823953149840236,0.439714970998466,2.0067,1
icecube-dbesson/atl50e-h.nec,ok,ok,0.9885500483214855,0.49794808495789766,1.9852,1
icecube-dbesson/bev80.nec,ok,ok,0.36923519242554903,0.2350944923236966,1.5706,1
icecube-dbesson/bisq7.nec,ok,ok,0.0698475381359458,0.04601303953677416,,0
icecube-dbesson/bobtail.nec,ok,ok,0.34447196777909994,0.22617186792194843,1.5231,1
icecube-dbesson/circdip3.nec,ok,ok,0.0035374630242586136,0.0036928225308656693,,0
icecube-dbesson/corner.nec,ok,ok,0.025042719207704067,0.020517772994935513,,0
icecube-dbesson/dip_curv_6m.nec,ok,ok,0.012200807221233845,0.010493312031030655,,0
icecube-dbesson/discone.nec,ok,ok,0.03696100972592831,0.025646268390119076,,0
icecube-dbesson/dscn2.nec,ok,ok,0.8876656321808696,0.6070725498721004,1.4622,1
icecube-dbesson/edzmod.nec,ok,ok,0.27406811341643333,0.17438844498246908,1.5716,1
icecube-dbesson/emeyagi.nec,ok,ok,0.019880374893546104,0.01282753236591816,,0
icecube-dbesson/fm6.nec,ok,ok,0.008765110746026039,0.00796191580593586,,0
icecube-dbesson/franklin.nec,ok,ok,0.00431106798350811,0.0043522147461771965,,0
icecube-dbesson/g5rv.nec,ok,ok,0.00337319727987051,0.003593241795897484,,0
icecube-dbesson/gndplane.nec,ok,ok,0.003508416935801506,0.004097628407180309,,0
icecube-dbesson/hel10ua.nec,ok,ok,0.494550091214478,0.2863920135423541,1.7268,1
icecube-dbesson/helix.nec,ok,ok,1.1282200086861849,0.6663135262206197,1.6932,1
icecube-dbesson/helixve5.nec,ok,ok,0.0470963129773736,0.035850225016474724,,0
icecube-dbesson/hrs_441.nec,ok,ok,14.269524442963302,6.35593993589282,2.2451,1
icecube-dbesson/i5tdjii.nec,ok,ok,0.03628452681005001,0.023963219486176968,,0
icecube-dbesson/isotrop.nec,ok,ok,0.0042699649930000305,0.005290714092552662,,0
icecube-dbesson/jbl.nec,ok,ok,7.448500130325556,5.065921703353524,1.4703,1
icecube-dbesson/lazyh.nec,ok,ok,0.005360662937164307,0.004864717833697796,,0
kk4obi-bent-dipoles/efhw-straight.nec,ok,ok,0.0968309985473752,0.06007313169538975,1.6119,1
kk4obi-bent-dipoles/folded-end-dipole.nec,ok,ok,0.3199877869337797,0.20568789914250374,1.5557,1
kk4obi-bent-dipoles/ocf-vertical-4radials.nec,ok,ok,0.23386079538613558,0.14888831041753292,1.5707,1
kk4obi-bent-dipoles/std-vertical-dipole.nec,ok,ok,0.09664592146873474,0.06450209580361843,1.4983,1
nec-simulations/nec/biconicalAntenna.nec,ok,ok,0.005176843143999577,0.005411382764577866,,0
nec-simulations/nec/colinnearDipoles.nec,ok,ok,0.0038144998252391815,0.004238122142851353,,0
nec-simulations/nec/foldedDipole_10.nec,ok,ok,0.0044138021767139435,0.004721016623079777,,0
nec-simulations/nec/foldedDipole_5.nec,ok,ok,0.0034847063943743706,0.004040843807160854,,0
nec-simulations/nec/foldedDipole_50.nec,ok,ok,0.02537364512681961,0.017028680071234703,,0
nec-simulations/nec/helicalAntenna.nec,ok,ok,0.04876448679715395,0.035631331615149975,,0
nec-simulations/nec/inEchellonDipoles.nec,ok,ok,0.003234921023249626,0.0035210056230425835,,0
nec-simulations/nec/parallelDipoles.nec,ok,ok,0.003950847312808037,0.00415588915348053,,0
nec-simulations/nec/turnstileAntenna.nec,ok,ok,0.003900350071489811,0.004225890152156353,,0
nec-simulations/nec/turnstileTestAntenna.nec,ok,ok,11.373191034421325,7.625377963297069,1.4915,1
nec-simulations/nec/wireAntennaFastGround.nec,ok,ok,0.4649966722354293,0.29467013385146856,1.5780,1
nec-simulations/nec/wireAntennaPerfectGround.nec,crash,crash,1.2237423602491617,1.2307052919641137,,0
nec2-toys/2m-fd-fed-yagi.nec,ok,ok,1.034254102036357,0.7874335115775466,1.3134,1
nec2-toys/2m-folded-dipole/2m-folded-dipole.nec,ok,ok,0.8687901897355914,0.6890824167057872,1.2608,1
nec2-toys/oldStuff/gen1/freeSpace2mDE.nec,ok,ok,0.01755353808403015,0.10514472331851721,,0
nec2-toys/oldStuff/gen1/nec-2m-2el-146.310.nec,ok,ok,0.023679804988205433,0.08875453844666481,,0
nec2-toys/oldStuff/gen1/nec-2m-2el-1_8th-wire.nec,ok,ok,0.02008017059415579,0.07772189471870661,,0
nec2-toys/oldStuff/gen1/nec-2m-2el-3_16ths-wire.nec,ok,ok,0.020269108936190605,0.01674243714660406,,0
nec2c/10RA432.nec,ok,ok,0.007409627549350262,0.0068837301805615425,,0
nec2c/19el_432_tonna.nec,ok,ok,0.07080062013119459,0.045254193246364594,,0
nec2c/20RA432.nec,ok,ok,0.02733766194432974,0.018962061032652855,,0
nec2c/20RA_X4.nec,ok,ok,0.1282881936058402,0.06641556695103645,1.9316,1
nec2c/3E_.nec,ok,ok,0.06194702070206404,0.007023584097623825,,0
nec2c/9EL_GRA.nec,ok,ok,0.019111198373138905,0.012232424691319466,,0
nec2c/9elX2b_gr.nec,ok,ok,0.2113533327355981,0.10874041449278593,1.9437,1
nec2c/9elX2b_mast.nec,ok,ok,0.16409318521618843,0.09917944669723511,1.6545,1
nec2c/9elX2b_tonna.nec,ok,ok,0.15514955017715693,0.09214129392057657,1.6838,1
nec2c/9elX2bm_gr.nec,ok,ok,0.6340419519692659,0.3074711188673973,2.0621,1
nec2c/9elX_gra.nec,ok,ok,0.06048107799142599,0.03412068262696266,,0
nec2c/9elX_tonna.nec,ok,ok,0.049952019937336445,0.03357865009456873,,0
nec2c/9elXb_tonna.nec,ok,ok,0.05003103706985712,0.0336955189704895,,0
nec2c/9elXb_tonnaf.nec,ok,ok,1.2108679180964828,0.6851167427375913,1.7674,1
nec2c/9el_p_tonna.nec,ok,ok,0.020494122058153152,0.015715626068413258,,0
nec2c/9el_tonna.nec,ok,ok,0.020404954440891743,0.015905010513961315,,0
nec2c/9el_tonnaf.nec,ok,ok,0.29809143114835024,0.1699807932600379,1.7537,1
nec2c/9elv_tonna.nec,ok,ok,0.020262280479073524,0.01535111665725708,,0
nec2c/BSZ09.nec,ok,ok,0.018362480215728283,0.014373300597071648,,0
nec2c/BSZ10.nec,ok,ok,0.2503756023943424,0.20339279901236296,1.2310,1
nec2c/CAR.nec,ok,ok,0.08615804277360439,0.06733430922031403,1.2796,1
nec2c/DIP2_7T.nec,ok,ok,0.024228344671428204,0.005124935880303383,,0
nec2c/DIP_7.nec,ok,ok,0.007643288001418114,0.006938651204109192,,0
nec2c/DIP_7T.nec,ok,ok,0.006124809384346008,0.004539860412478447,,0
nec2c/DIP_7TB.nec,ok,ok,0.004443907178938389,0.004448738880455494,,0
nec2c/DIP_7TC.nec,ok,ok,0.005885239690542221,0.0044412389397621155,,0
nec2c/DIP_7TD.nec,ok,ok,0.004472285509109497,0.004513784311711788,,0
nec2c/DIP_7TE.nec,ok,ok,0.005455942824482918,0.004495987668633461,,0
nec2c/DIP_REFL.nec,ok,ok,0.013685386627912521,0.010248096659779549,,0
nec2c/ELICA.nec,ok,ok,0.009427358396351337,0.008533434011042118,,0
nec2c/EX1.nec,ok,ok,0.0033013466745615005,0.0035638362169265747,,0
nec2c/EX2.nec,ok,ok,0.003165123052895069,0.0037126783281564713,,0
nec2c/EX3.nec,ok,ok,0.0819682814180851,0.061603011563420296,1.3306,1
nec2c/EX5.nec,ok,ok,0.006556082516908646,0.006620198488235474,,0
nec2c/EX7.nec,ok-no-source,ok-no-source,0.0036083823069930077,0.004051641561090946,,0
nec2c/I5TDJII.nec,ok,ok,0.05166891496628523,0.050923509523272514,1.0146,1
nec2c/I5TDJIII.nec,ok,ok,0.05238257348537445,0.04806333314627409,,0
nec2c/LOGPERIO_1.nec,ok-no-source,ok-no-source,0.005707395263016224,0.00654370803385973,,0
nec2c/LPA9.nec,ok,ok,0.03637333773076534,0.03260620776563883,,0
nec2c/MARCONI.nec,ok,ok,0.004635785706341267,0.005060529336333275,,0
nec2c/MONOPOLE.nec,ok,ok,0.004588717594742775,0.005227566696703434,,0
nec2c/MONOPOLO.nec,ok,ok,0.004776528105139732,0.007233753800392151,,0
nec2c/MYGP.nec,ok,ok,0.12218557856976986,0.09005585312843323,1.3568,1
nec2c/MYGPR.nec,ok,ok,0.6912071164697409,0.4585493244230747,1.5074,1
nec2c/MYGPX.nec,ok,ok,0.7080170847475529,0.4734772574156523,1.4954,1
nec2c/RHOMBIC.nec,ok,ok,0.04362924210727215,0.036049578338861465,,0
nec2c/ROMBICA.nec,ok,ok,0.04406610410660505,0.03497659042477608,,0
nec2c/SKYWIRE.nec,ok,ok,0.011362569406628609,0.008439808152616024,,0
nec2c/SPIRAL.nec,error,error,0.004816270433366299,0.004805524833500385,,0
nec2c/TEST299.nec,ok,ok,0.046669269911944866,0.025780564174056053,,0
nec2c/TRI_7.nec,ok,ok,0.009984130039811134,0.008900091052055359,,0
nec2c/TRI_7T.nec,ok,ok,0.007035397924482822,0.007579951547086239,,0
nec2c/TRI_7TA.nec,ok,ok,0.007102803327143192,0.006267405115067959,,0
nec2c/TRI_7TB.nec,ok,ok,0.007008330896496773,0.007382617332041264,,0
nec2c/TRI_7TC.nec,ok,ok,0.007966909557580948,0.005773800425231457,,0
nec2c/VBS_28_T.nec,ok,ok,0.005758920684456825,0.005737525410950184,,0
nec2c/VB_28_T.nec,ok,ok,0.005679827183485031,0.0056091779842972755,,0
nec2c/YG_4X6.nec,ok,ok,0.012240096926689148,0.01124043483287096,,0
nec2c/YG_4X6_B.nec,ok,ok,0.03437511436641216,0.027325347997248173,,0
nec2c/YG_6EL.nec,ok,ok,0.007690678350627422,0.0074394578114151955,,0
nec2c/YI20_40B.nec,ok,ok,1.5012061400339007,0.9764969507232308,1.5373,1
nec2c/YI20_40C.nec,ok,ok,1.8459878908470273,1.0109801962971687,1.8259,1
nec2c/dip_curv_6m.nec,ok,ok,0.012038325890898705,0.01004959549754858,,0
nec2c/dl_2el_18.nec,ok,ok,0.02801705989986658,0.017017756588757038,,0
nec2c/dl_2el_18_1.nec,ok,ok,0.011101272888481617,0.009818085469305515,,0
nec2c/dl_2el_18_1t.nec,ok,ok,0.00825451035052538,0.006851057521998882,,0
nec2c/dl_2el_18_1t15mvp.nec,ok,ok,0.30738606583327055,0.19430162385106087,1.5820,1
nec2c/dl_2el_18_t10m.nec,ok,ok,0.008492735214531422,0.006693599745631218,,0
nec2c/dl_2el_18_t10mvp.nec,ok,ok,0.008554489351809025,0.006624087691307068,,0
nec2c/dl_2el_18b24.nec,ok,ok,0.027273169718682766,0.020297084003686905,,0
nec2c/dl_2el_24b18.nec,ok,ok,0.02711583860218525,0.020908146165311337,,0
nec2c/dl_2el_28_1.nec,ok,ok,0.028262080624699593,0.020116733387112617,,0
nec2c/dl_2el_28_1t.nec,ok,ok,0.030141388066112995,0.017790076322853565,,0
nec2c/dl_2el_28_f.nec,ok,ok,0.5343006271868944,0.2915422962978482,1.8327,1
nec2c/dl_4el_20.nec,ok,ok,0.05527805257588625,0.03723633475601673,,0
nec2c/dl_4el_20f.nec,ok,ok,0.6671668849885464,0.3699384992942214,1.8035,1
nec2c/firstrhombic.nec,ok,ok,0.009822404943406582,0.007823710329830647,,0
nec2c/i5tdjiiif.nec,ok,ok,1.2667121440172195,0.6184895355254412,2.0481,1
nec2c/log_periodic.nec,ok,ok,0.03578393626958132,0.030224667862057686,,0
nec2c/logperA9.nec,ok,ok,0.03864266350865364,0.031087610870599747,,0
nec2c/quad17m_1.nec,ok,ok,0.04295608028769493,0.042569742538034916,,0
nec2c/quad17m_2.nec,ok,ok,0.0436827726662159,0.02765935566276312,,0
nec2c/rombica_t.nec,ok,ok,0.009951380081474781,0.00801490806043148,,0
nec2c/yg2_5el_50.nec,ok,ok,0.02347863744944334,0.017053162679076195,,0
nec2c/yg2_5el_50t.nec,ok,ok,0.02173637878149748,0.013970977626740932,,0
nec2c/yg_16el_220.nec,ok,ok,0.014169753529131413,0.012904766015708447,,0
nec2c/yg_16el_220M_1.nec,ok,ok,0.03315226547420025,0.03268403094261885,,0
nec2c/yg_16el_220M_2.nec,ok,ok,0.041479517705738544,0.0418819785118103,,0
nec2c/yg_2el_24.nec,ok,ok,0.011848486959934235,0.009364262223243713,,0
nec2c/yg_4el_20.nec,ok,ok,0.013224278576672077,0.015310093760490417,,0
nec2c/yg_4el_20f.nec,ok,ok,0.04793290700763464,0.032402572222054005,,0
nec2c/yg_4el_20g.nec,ok,ok,0.010202877223491669,0.007880469784140587,,0
nec2c/yg_5el_50.nec,ok,ok,0.011674806475639343,0.010245094075798988,,0
nec2c/yg_5el_50_opt.nec,ok,ok,0.012047676369547844,0.010127045214176178,,0
nec2c/yg_5el_50p_opt.nec,ok,ok,0.011823099106550217,0.010774299502372742,,0
nec2c/yg_5el_50t.nec,ok,ok,0.008903233334422112,0.00996456854045391,,0
nec2c/yg_9el_144.nec,ok,ok,0.01999056152999401,0.01566415559500456,,0
nec2org/biquad_2440MHz.nec,ok,ok,1.1880385400727391,0.8400651589035988,1.4142,1
necpp/36dip.nec,ok,ok,0.3042493611574173,0.1945520956069231,1.5638,1
necpp/Collinear_1L.nec,ok,ok,0.12218844424933195,0.07726558018475771,1.5814,1
necpp/GA487.nec,ok,ok,0.5270367385819554,0.5203610993921757,1.0128,1
necpp/Yg_4x6_b.nec,ok,ok,0.03468974772840738,0.027660188265144825,,0
necpp/biquad.nec,ok,ok,1.1894776578992605,0.84689228143543,1.4045,1
necpp/bruce_sommerfeld.nec,ok,ok,0.39461604971438646,0.24087979085743427,1.6382,1
necpp/buoy.nec,ok,ok,0.16137866396456957,0.08511192817240953,1.8961,1
necpp/dipole_anim.nec,ok,ok,0.10761506669223309,0.012343520298600197,,0
necpp/discone.nec,ok-no-source,ok-no-source,4.478510385379195,2.3043420845642686,,0
necpp/ek_test.nec,ok,ok,0.005351636558771133,0.10299002751708031,,0
necpp/example1.nec,ok,ok,0.00595405139029026,0.0471133878454566,,0
necpp/example2.nec,ok,ok,0.003374719060957432,0.09401002898812294,,0
necpp/example3.nec,ok,ok,0.09601111896336079,0.05763311963528395,1.6659,1
necpp/example5.nec,ok,ok,0.006442331708967686,0.006078200414776802,,0
necpp/excessive_gain.nec,ok,ok,0.0123344287276268,0.011479929089546204,,0
necpp/ga_pjw_0.nec,ok-no-source,ok-no-source,0.1222127303481102,0.06767173763364553,,0
necpp/ga_pjw_1.nec,ok,ok,1.0717306239530444,0.7270778538659215,1.4740,1
necpp/gh_flat_spiral.nec,ok,ok,0.00772870983928442,0.007181910797953606,,0
necpp/gn2.nec,ok,ok,0.18837237637490034,0.1215622965246439,1.5496,1
necpp/gx_one_plane.nec,ok,ok,0.005872830748558044,0.005663703195750713,,0
necpp/gx_three_planes.nec,ok,ok,0.01009082980453968,0.009152625687420368,,0
necpp/gx_three_planes_control.nec,ok,ok,0.010933773592114449,0.009896344505250454,,0
necpp/hang.nec,ok,ok,0.6780625125393271,0.3602711372077465,1.8821,1
necpp/herzian_dipole.nec,ok,ok,0.005610646679997444,0.005534160882234573,,0
necpp/intersection.nec,ok,ok,0.0035856375470757484,0.003761477768421173,,0
necpp/inverted_v.nec,ok,ok,4.500453040935099,2.798969275318086,1.6079,1
necpp/medium_test.nec,ok,ok,0.0034777000546455383,0.0037780357524752617,,0
necpp/near_field_electric.nec,ok,ok,0.0032082851976156235,0.0036205966025590897,,0
necpp/near_field_magnetic.nec,ok,ok,0.0029509104788303375,0.0035956455394625664,,0
necpp/passive_test1.nec,ok-no-source,ok-no-source,0.10947960987687111,0.06098347157239914,,0
necpp/patch_999.nec,error,error,0.13477681577205658,0.10200444422662258,,0
necpp/patch_999_2.nec,no-impedance,no-impedance,0.012747439555823803,0.012753146700561047,,0
necpp/plane.nec,ok-no-source,error,0.04017030727118254,0.03273107949644327,,0
necpp/plane_wave_excitation.nec,ok-no-source,ok-no-source,0.009493046440184116,0.00643471535295248,,0
necpp/plet_helix.nec,ok-no-source,ok-no-source,0.0351704116910696,0.02462959848344326,,0
necpp/plet_helixumts.nec,ok,ok,0.2567618051543832,0.16600023210048676,1.5468,1
necpp/salt_ground.nec,ok,ok,0.8938849763944745,0.5971399061381817,1.4969,1
necpp/sommerfeld2.nec,ok,ok,0.16074885427951813,0.10506219882518053,1.5300,1
necpp/sommerfeld3.nec,ok,ok,0.3162851044908166,0.20834891498088837,1.5181,1
necpp/sommerfield1.nec,ok,ok,0.08779227267950773,0.058374195359647274,1.5040,1
necpp/test299.nec,ok,ok,0.047173287719488144,0.02679607830941677,,0
necpp/yagi.nec,ok,ok,0.03580678626894951,0.03150920383632183,,0
opennec/6mYagi-Onec.nec,ok,ok,49.68595137260854,41.114818264730275,1.2085,1
opennec/6mYagi-Onec2.nec,ok,ok,0.05547357723116875,0.04175460897386074,,0
opennec/example5.nec,ok,ok,0.006784078665077686,0.006181974895298481,,0
qantenna/10-30m_vert4.nec,ok,ok,15.606926392763853,8.089874288067222,1.9292,1
qantenna/19el_432_tonna.nec,ok,ok,0.06939333025366068,0.044868456199765205,,0
qantenna/1_4l-gp_on_pole.nec,ok,ok,1.80795247387141,1.4380037067458034,1.2573,1
qantenna/5_8l-gp_on_pole.nec,ok,ok,1.7544164210557938,1.3376738335937262,1.3115,1
qantenna/adrian.nec,ok,ok,0.1000089617446065,0.08155996166169643,1.2262,1
qantenna/airplane.nec,ok,error,0.592750484123826,0.033129519782960415,,0
qantenna/ant.nec,ok,ok,0.03639702033251524,0.03351833298802376,,0
qantenna/collinear.nec,ok,ok,1.9544591661542654,1.501138212159276,1.3020,1
qantenna/delta-loop-15m.nec,ok,ok,0.9668835522606969,0.7651380123570561,1.2637,1
qantenna/quad-20m.nec,ok,ok,0.8845038935542107,0.7316066669300199,1.2090,1
qantenna/spaceship.nec,ok,ok,0.03665706142783165,0.03368604090064764,,0
qantenna/tower.nec,error,error,0.009265407919883728,0.008664079010486603,,0
qantenna/tri_7.nec,ok,ok,0.009716447442770004,0.008958528749644756,,0
qantenna/turnstile-sloped.nec,ok,ok,0.2049278225749731,0.1425030305981636,1.4381,1
qantenna/turnstile.nec,ok,ok,0.18528450839221478,0.1445009708404541,1.2822,1
qantenna/xpol_omni.nec,ok,ok,0.43491849210113287,0.34447379130870104,1.2626,1
qantenna/yagi.nec,ok,ok,0.07960949279367924,0.06341243814677,1.2554,1
qantenna/yagi8sq_ch1.nec,ok,ok,0.09860130026936531,0.08887429349124432,1.1094,1
qantenna/yg_16el_220.nec,ok,ok,0.020273255184292793,0.01205204613506794,,0
qantenna/yg_4el_20.nec,ok,ok,0.0588890602812171,0.049378884956240654,,0
qantenna/yg_6el.nec,ok,ok,0.8145139925181866,0.7383867874741554,1.1031,1
qantenna/zepp-80m.nec,ok,ok,0.24829192459583282,0.20719628781080246,1.1983,1
rchacker-antennas/1180/helical.nec,ok,ok,0.022434820421040058,0.018680420704185963,,0
rchacker-antennas/1180/moxon_44mm.nec,ok,ok,0.010271044448018074,0.007982038892805576,,0
rchacker-antennas/1180/moxon_thin_wire.nec,ok,ok,0.011150901205837727,0.009437932632863522,,0
rchacker-antennas/1180/turnstile_1180_droop_angle_raptor.nec,ok,ok,0.07872627303004265,0.04561762697994709,,0
rchacker-antennas/1180/turnstile_1180_droop_angle_raptor_optimised.nec,ok,ok,0.057012119330465794,0.033009995706379414,,0
rchacker-antennas/1180/use gen program in 4nec folder.nec,ok-no-source,ok-no-source,9.858232886530459,6.945053239353001,,0
rchacker-antennas/2.4/dipole_2.4.nec,ok,ok,0.010921109467744827,0.007986090146005154,,0
rchacker-antennas/2.4/moxon24.nec,ok,ok,0.007661920972168446,0.006577508524060249,,0
rchacker-antennas/2.4/stripped_coax_2.4.nec,ok,ok,0.00856032595038414,0.00654721911996603,,0
rchacker-antennas/2.4/swastika thick wire.nec,ok,ok,0.00612020306289196,0.005526394583284855,,0
rchacker-antennas/2.4/swastika thin wire.nec,ok,ok,0.007768467999994755,0.006375309079885483,,0
rchacker-antennas/2.4/swastika.nec,ok,ok,0.006147732026875019,0.005515172146260738,,0
rchacker-antennas/2.4/swastika_large_wire_opt.nec,ok,ok,0.006110690534114838,0.005579696036875248,,0
rchacker-antennas/2.4/swastika_large_wire_opt_1mm_feed.nec,ok,ok,0.00624189805239439,0.00545551348477602,,0
rchacker-antennas/2.4/turnstile.nec,ok,ok,0.01665034517645836,0.011271396651864052,,0
rchacker-antennas/2.4/turnstile_2.4_asymmetric.nec,ok,ok,0.016684746369719505,0.011297435499727726,,0
rchacker-antennas/2.4/turnstile_2.4_asymmetric_rad.nec,ok,ok,0.016735020093619823,0.011556754820048809,,0
rchacker-antennas/2.4/vee_2.4.nec,ok,ok,0.012408503331243992,0.008005199953913689,,0
rchacker-antennas/58/helical58.nec,ok,ok,0.47911399882286787,0.3116568075492978,1.5373,1
rchacker-antennas/58/pinwheel5.8.nec,ok,ok,0.13678181171417236,0.10277732275426388,1.3309,1
rchacker-antennas/UHF/_new.nec,ok,ok,0.02197654079645872,0.015683613717556,,0
rchacker-antennas/UHF/ground_plane.nec,ok,ok,0.0550921680405736,0.03312055207788944,,0
rchacker-antennas/UHF/ground_turnstile.nec,ok,ok,0.006357034668326378,0.006216942332684994,,0
rchacker-antennas/UHF/ibcrazy turnstile.nec,ok,ok,0.0031493352726101875,0.0033830152824521065,,0
rchacker-antennas/UHF/ibcrazy turnstile_measurements_from_web_tutorial.nec,ok,ok,0.0031429678201675415,0.003321995958685875,,0
rchacker-antennas/UHF/moxon435_as_per_generator.nec,ok,ok,0.016842574812471867,0.011759454384446144,,0
rchacker-antennas/UHF/moxon435_optimised.nec,ok,ok,0.016748026944696903,0.011868471279740334,,0
rchacker-antennas/UHF/turnstile.nec,ok,ok,0.02163650654256344,0.01438740361481905,,0
rchacker-antennas/UHF/turnstile_NEW.nec,ok,ok,0.022030755877494812,0.014392884448170662,,0
rchacker-antennas/UHF/turnstile_coax_flat.nec,ok,ok,0.02190606389194727,0.014413516968488693,,0
rchacker-antennas/UHF/turnstile_coax_flower.nec,ok,ok,0.04523955937474966,0.027276993729174137,,0
rchacker-antennas/UHF/turnstile_coax_flower_2.5.nec,ok,ok,0.04613639507442713,0.02733017038553953,,0
rchacker-antennas/UHF/turnstile_droop_angle.nec,ok,ok,0.03621549531817436,0.022511040791869164,,0
rchacker-antennas/UHF/turnstile_droop_angle_coax.nec,ok,ok,0.056409052573144436,0.033146755769848824,,0
rchacker-antennas/UHF/turnstile_droop_angle_raptor.nec,ok,ok,0.14288821164518595,0.08054398093372583,1.7740,1
rchacker-antennas/UHF/turnstile_droop_angle_raptor_optimised.nec,ok,ok,0.2740215118974447,0.15395135711878538,1.7799,1
rchacker-antennas/UHF/turnstile_droop_angle_raptor_optimised_eff.nec,ok,ok,0.27385383658111095,0.15471151284873486,1.7701,1
rchacker-antennas/UHF/turnstile_effeciency_optimised.nec,ok,ok,0.036669048480689526,0.022787352092564106,,0
rchacker-antennas/UHF/vee3_asymmetrical.nec,ok,ok,0.011792625300586224,0.00871904194355011,,0
rchacker-antennas/UHF/vee3_asymmetrical_hello_kitty_evolved.nec,ok,ok,0.02224208414554596,0.01442746166139841,,0
rchacker-antennas/UHF/vee3_asymmetrical_hello_kitty_evolved_40.nec,ok,ok,0.02217799983918667,0.01487181056290865,,0
rchacker-antennas/UHF/vee3_asymmetrical_with_coax.nec,ok,ok,0.02226735558360815,0.014676123857498169,,0
rchacker-antennas/UHF/vee3_symmetrical.nec,ok,ok,0.01174931414425373,0.008863029070198536,,0
rchacker-antennas/circular omni/PINWHEEL62m.nec,ok,ok,0.13406077213585377,0.10175779275596142,1.3174,1
rchacker-antennas/circular omni/pinwheel62m_980skewplanar-e3.nec,ok,ok,0.13593240920454264,0.10322610102593899,1.3168,1
rchacker-antennas/vee_cheatsheet/vee3_symmetrical_1080_cat5.nec,ok,ok,0.011736386455595493,0.008745134808123112,,0
rchacker-antennas/vee_cheatsheet/vee3_symmetrical_1180_cat5.nec,ok,ok,0.011596756055951118,0.009490151889622211,,0
rchacker-antennas/vee_cheatsheet/vee3_symmetrical_1280_cat5.nec,ok,ok,0.011665537022054195,0.008681869134306908,,0
rchacker-antennas/vee_cheatsheet/vee3_symmetrical_425.nec,ok,ok,0.011680301278829575,0.00955106969922781,,0
rchacker-antennas/vee_cheatsheet/vee3_symmetrical_433.nec,ok,ok,0.011671042069792747,0.0087376544252038,,0
rchacker-antennas/vee_cheatsheet/vee3_symmetrical_435.nec,ok,ok,0.011680608615279198,0.009727786295115948,,0
rchacker-antennas/vee_cheatsheet/vee3_symmetrical_440.nec,ok,ok,0.011728252284228802,0.00877389870584011,,0
rchacker-antennas/vee_cheatsheet/vee3_symmetrical_459.nec,ok,ok,0.011628462933003902,0.009934895671904087,,0
rchacker-antennas/vee_cheatsheet/vee3_symmetrical_915.nec,ok,ok,0.011674996465444565,0.00886444840580225,,0
rchacker-antennas/vee_cheatsheet/vee3_symmetrical_915_cat5.nec,ok,ok,0.011693364940583706,0.008676884695887566,,0
sokyrad/k8uy_yagi_10el/models/K8UY_yagi_2m_original.nec,ok,ok,0.20355293713510036,0.10729203000664711,1.8972,1
sokyrad/unsorted/10m efhw narrow rect 28.4mhz  10m efhw narrow rect 28.4mhz.nec,ok,ok,0.18437774572521448,0.11544812377542257,1.5971,1
sokyrad/unsorted/10m_3el_yagi_horizontal.nec,ok,ok,0.43650011625140905,0.3321837764233351,1.3140,1
sokyrad/unsorted/10m_3el_yagi_horizontal_quarter_wave_elements.nec,ok,ok,0.40894633438438177,0.3001253614202142,1.3626,1
sokyrad/unsorted/10m_3el_yagi_vertical.nec,ok,ok,0.573821522295475,0.4187415987253189,1.3703,1
sokyrad/unsorted/10m_efhw_inverted_L_10ft.nec,ok,ok,0.20887576695531607,0.1362243127077818,1.5333,1
sokyrad/unsorted/10m_quarter_wave_ground_plane_10ft.nec,ok,ok,0.9747987724840641,0.6843398064374924,1.4244,1
sokyrad/unsorted/15m_20m_jumper_half_square.nec,ok,ok,3.1273705940693617,2.404900474473834,1.3004,1
sokyrad/unsorted/26ft_vertical_26x20ft_radials_eznec_import.nec,ok,ok,2.4555791215971112,1.6608167476952076,1.4785,1
sokyrad/unsorted/2m70cm_moxon_nested.nec,ok,ok,0.056590499356389046,0.0385506646707654,,0
sokyrad/unsorted/2m70cm_moxon_nested_four_masted.nec,ok,ok,0.7369270203635097,0.34098601061850786,2.1612,1
sokyrad/unsorted/40m_efhw-inverted-v_28.6MHz.nec,ok,ok,0.11223060172051191,0.12227947171777487,0.9178,1
sokyrad/unsorted/40m_efhw_L.nec,ok,ok,0.30307277012616396,0.2238865327090025,1.3537,1
sokyrad/unsorted/6m_2m_70cm_moxon-yagi.nec,ok,ok,0.23413123842328787,0.1972456043586135,1.1870,1
sokyrad/unsorted/80m_delta_loop_top10m_bottom1m_quarterwave_feed_3p9MHz.nec,ok,ok,1.5120931714773178,0.994659224525094,1.5202,1
sokyrad/unsorted/80m_delta_loop_top3m_bottom1m_quarterwave_feed_3p9MHz.nec,ok,ok,1.438588121905923,0.978784047998488,1.4698,1
sokyrad/unsorted/80m_efhw-Sloper-L_3.85M.nec,ok,ok,0.32833236921578646,0.20518968254327774,1.6001,1
sokyrad/unsorted/80m_efhw-Sloper-L_7.2375M.nec,ok,ok,0.29468136839568615,0.18922703713178635,1.5573,1
sokyrad/unsorted/80m_efhw-Sloper.nec,ok,ok,0.2923800488933921,0.18849258683621883,1.5511,1
sokyrad/unsorted/80m_efhw_inverted_v.nec,ok,ok,0.19657291751354933,0.12642189022153616,1.5549,1
sokyrad/unsorted/80m_efhw_sloper.nec,ok,ok,0.39892468973994255,0.24585378263145685,1.6226,1
sokyrad/unsorted/80m_full-wave_horiz-L_3.8MHz.nec,ok,ok,0.046953086741268635,0.02393985353410244,,0
sokyrad/unsorted/80m_square_horizontal_loop_65ft_3mm_3p9MHz.nec,ok,ok,1.4707670137286186,0.9951339326798916,1.4780,1
sokyrad/unsorted/K8UY_dipole_2m_original_gamma.nec,ok,ok,0.8512878017500043,0.5965572400018573,1.4270,1
sokyrad/unsorted/K8UY_yagi_2m_original.nec,ok,ok,0.20284949149936438,0.10636036284267902,1.9072,1
sokyrad/unsorted/butternut_hf6v_approx.nec,ok,ok,0.37780413031578064,0.24693706911057234,1.5300,1
sokyrad/unsorted/custom_28_4MHz_hybrid_dipole_invertedV.nec,ok,ok,0.15164530277252197,0.09600352589040995,1.5796,1
sokyrad/unsorted/custom_28_4MHz_hybrid_dipole_invertedV_10mheight_1_8wave.nec,ok,ok,0.15293183084577322,0.09595551062375307,1.5938,1
sokyrad/unsorted/custom_28_4MHz_hybrid_dipole_invertedV_2_5m.nec,ok,ok,0.7182048996910453,0.474182503297925,1.5146,1
sokyrad/unsorted/custom_28_4MHz_hybrid_dipole_invertedV_2_5m_horiz_1_8wave_angled_1_4wave.nec,ok,ok,0.6296028606593609,0.4140256540849805,1.5207,1
sokyrad/unsorted/custom_28_4MHz_hybrid_dipole_invertedV_5_0m.nec,ok,ok,0.7209960669279099,0.4743273966014385,1.5200,1
sokyrad/unsorted/custom_double_inverted_v_10m_28_4MHz_20ft.nec,ok,ok,0.6279800711199641,0.41253152303397655,1.5223,1
sokyrad/unsorted/custom_double_inverted_v_10m_28_4MHz_20ft_same_plane.nec,ok,ok,0.6283262362703681,0.4134675757959485,1.5197,1
sokyrad/unsorted/delta_loop_equilateral_29MHz.nec,ok,ok,1.007622305303812,0.6943939719349146,1.4511,1
sokyrad/unsorted/delta_loop_equilateral_29MHz_bottom_corner_feed.nec,ok,ok,0.9554287400096655,0.6671568527817726,1.4321,1
sokyrad/unsorted/dual_band_stacked_moxon_146_444_50mm_only146driven.nec,ok,ok,0.29964795242995024,0.21965118311345577,1.3642,1
sokyrad/unsorted/fan_dipole_80_40_20_10_6m_20m_height_voltage_balun.nec,ok,ok,5.982215669006109,3.9820811869576573,1.5023,1
sokyrad/unsorted/inverted_v_10m_28_4MHz_20ft.nec,ok,ok,0.611345836892724,0.4107557591050863,1.4883,1
sokyrad/unsorted/inverted_v_14p225MHz.nec,ok,ok,1.1724968291819096,0.8642526501789689,1.3567,1
sokyrad/unsorted/inverted_v_28p4MHz.nec,ok,ok,1.1508336430415511,0.8470497541129589,1.3586,1
sokyrad/unsorted/inverted_v_3p8MHz.nec,ok,ok,1.246227702125907,0.9167237766087055,1.3594,1
sokyrad/unsorted/inverted_v_7p2MHz.nec,ok,ok,1.1434393599629402,0.8500660788267851,1.3451,1
sokyrad/unsorted/moxong_2m_single.nec,ok,ok,0.006131933070719242,0.005335425958037376,,0
sokyrad/unsorted/moxong_2m_stacked_common_feed.nec,ok,ok,0.01769091095775366,0.08205700851976871,,0
sokyrad/unsorted/moxong_2m_stacked_common_feed_0_99lambda.nec,ok,ok,0.01784751284867525,0.07247871719300747,,0
sokyrad/unsorted/simple_10m_inverted_v_10ft.nec,ok,ok,0.8033882947638631,0.5567494006827474,1.4430,1
sokyrad/unsorted/simple_dipole_28_4MHz_10_0m.nec,ok,ok,0.2946733199059963,0.18866837956011295,1.5619,1
sokyrad/unsorted/simple_dipole_28_4MHz_2_5m.nec,ok,ok,0.7018032725900412,0.4630921045318246,1.5155,1
sokyrad/unsorted/simple_dipole_28_4MHz_5_0m.nec,ok,ok,0.6998981107026339,0.4888519560918212,1.4317,1
sokyrad/unsorted/stacked_146MHz_moxon_horizontal.nec,ok,ok,0.5253987116739154,0.3567799460142851,1.4726,1
sokyrad/unsorted/stacked_146MHz_moxon_vertical (1).nec,ok,ok,0.5387423485517502,0.4170782333239913,1.2917,1
sokyrad/unsorted/stacked_146MHz_moxon_vertical.nec,ok,ok,0.5627188757061958,0.358066244982183,1.5715,1
sokyrad/unsorted/stacked_146MHz_moxon_vertical_0_75lambda.nec,ok,ok,0.6663213176652789,0.44147297739982605,1.5093,1
w8io/215DX.nec,ok,ok,0.2272829608991742,0.13949686381965876,1.6293,1
w8io/216CP.nec,ok,ok,0.3255645530298352,0.22188646346330643,1.4673,1
w8io/222_13l_50ohm_yagi_kf6a.nec,ok,ok,0.012836117297410965,0.008817482739686966,,0
w8io/222_15l_50ohm_yagi_kf6a.nec,ok,ok,0.01019339356571436,0.007857519201934338,,0
w8io/2m12L_yagi_kf6a.nec,ok,ok,0.011500497348606586,0.008265848271548748,,0
w8io/6m_7L_1-46WL_yagi.nec,ok,ok,0.005391201935708523,0.0049768369644880295,,0
w8io/6m_8L_50ohm_yagi_kf6a.nec,ok,ok,0.0058412011712789536,0.005141003057360649,,0
w8io/BVO-4WL-144-15.nec,ok,ok,0.10735155642032623,0.03635852225124836,,0
w8io/CC-17B2.nec,ok,ok,0.32826602924615145,0.1587314009666443,2.0681,1
w8io/DG7YBN 144_GTV2-14w.nec,ok,ok,0.04006744362413883,0.023723134770989418,,0
w8io/DK7ZB-144-12.nec,ok,ok,0.124883565120399,0.07215708866715431,1.7307,1
w8io/EF7021.nec,ok,ok,20.76624688785523,10.846782885491848,1.9145,1
w8io/EF7027.nec,ok,ok,33.0812717769295,17.59469966776669,1.8802,1
w8io/FO-25-432.nec,ok,ok,28.477045623585582,15.262856248766184,1.8658,1
w8io/FO-33-432.nec,ok,ok,49.41452282294631,26.260122710838914,1.8817,1
w8io/G0KSC-13LFA.nec,ok,ok,0.5122495582327247,0.22756573278456926,2.2510,1
w8io/G0KSC-14LFA.nec,ok,ok,0.5714587718248367,0.2582545494660735,2.2128,1
w8io/G0KSC-15LFA.nec,ok,ok,0.6487330161035061,0.3070076107978821,2.1131,1
w8io/HG-66DX-CW.nec,ok,ok,0.09739266522228718,0.0044327713549137115,,0
w8io/HG7031DX.nec,ok,ok,43.58457880653441,23.417220102623105,1.8612,1
w8io/I0JXX-16JXX2.nec,ok,ok,0.3279526745900512,0.14010303001850843,2.3408,1
w8io/IO-432-28.nec,ok,ok,35.89827978052199,18.863765568472445,1.9030,1
w8io/K1FO-222-22.nec,ok,ok,0.10592194646596909,0.11208280641585588,0.9450,1
w8io/K1FO-FO15-144.nec,ok,ok,0.07881800644099712,0.1238855505362153,0.6362,1
w8io/K1FO-FO16-144.nec,ok,ok,0.07175945676863194,0.21732957940548658,0.3302,1
w8io/KF6A-144-18.nec,ok,ok,0.01721114758402109,0.21676698420196772,,0
w8io/KF6A_6m_7EL_12_5ohm_yagi.nec,ok,ok,0.0057881055399775505,0.12130471132695675,,0
w8io/KF6A_70cm_22L.nec,ok,ok,0.028990204446017742,0.07839544396847486,,0
w8io/LP140-200-2D.nec,ok,ok,4.084683157503605,2.879123169928789,1.4187,1
w8io/LP144-22.nec,ok,ok,3.4080740911886096,2.183479611761868,1.5608,1
w8io/LP144-35-MAXFB.nec,ok,ok,59.58175388444215,36.26720278710127,1.6429,1
w8io/LP50-108-16.nec,ok,ok,5.048789733089507,3.3364369804039598,1.5132,1
w8io/LogYag220-520-15dbi.nec,ok,ok,57.802667282521725,36.559258786030114,1.5811,1
w8io/M2-222-5WL.nec,ok,ok,0.05227260384708643,0.12948965467512608,0.4037,1
w8io/M2-2M5WL-inch.nec,ok,ok,0.14504868257790804,0.18109299708157778,0.8010,1
w8io/M2-432-9WLA.nec,ok,ok,36.3044811906293,19.291431326419115,1.8819,1
w8io/SM5BSZ-2SA13.nec,ok,ok,0.04755051713436842,0.025398272089660168,,0
w8io/UR5EAZ_144_12_W8IO_opt.nec,ok,ok,0.028591113165020943,0.017782983370125294,,0
w8io/UR5EAZ_144_RS12.nec,ok,ok,0.028376057744026184,0.017959767021238804,,0
w8io/UR5EAZ_RS_2_11_DRAFT.nec,ok,ok,0.02433562744408846,0.015390660613775253,,0
w8io/W8IO-144-13U.nec,ok,ok,0.03143746592104435,0.019187546335160732,,0
w8io/W8IO-144-13a.nec,ok,ok,0.17264937330037355,0.09289281349629164,1.8586,1
w8io/W8IO-144-14U.nec,ok,ok,0.03680018242448568,0.02186320722103119,,0
w8io/W8IO-144-14V.nec,ok,ok,0.04043675772845745,0.02556591108441353,,0
w8io/W8IO-144-15U.nec,ok,ok,0.03901291638612747,0.025008780881762505,,0
w8io/W8IO-144-15V.nec,ok,ok,0.044682471081614494,0.027593419887125492,,0
w8io/W8IO-144-15fd.nec,ok,ok,0.5738287307322025,0.29126145225018263,1.9701,1
w8io/W8IO-144-16V.nec,ok,ok,0.050446552224457264,0.0297607509419322,,0
w8io/W8IO-144-17V.nec,ok,ok,0.05634919926524162,0.03329673409461975,,0
w8io/W8IO-222-17.nec,ok,ok,0.2975485799834132,0.1597830317914486,1.8622,1
w8io/W8IO-222-18.nec,ok,ok,0.3409704687073827,0.17332318238914013,1.9673,1
w8io/W8IO-222-19.nec,ok,ok,0.3737869644537568,0.1930400738492608,1.9363,1
w8io/W8IO-222-19V.nec,ok,ok,0.06843285728245974,0.03991666529327631,,0
w8io/W8IO-UR5EAZ-144-16V.nec,ok,ok,0.02478555403649807,0.017253884114325047,,0
w8io/YU7EF EF0606.nec,ok,ok,0.010781633667647839,0.009372547268867493,,0
w8io/YU7EF-EF0213.nec,ok,ok,0.050122887827456,0.03227494191378355,,0
w8io/YU7EF-EF0215.nec,ok,ok,0.2351107308641076,0.1211329223588109,1.9409,1
w8io/kf6a-144-17.nec,ok,ok,0.016518505290150642,0.010813671164214611,,0
w8io/kf6a-432-27L.nec,ok,ok,0.03818425163626671,0.021669181995093822,,0
w8io/whip_antenna_8ft_groundplane.nec,ok,ok,256.0810097856447,184.95306409150362,1.3846,1
xnec2c-fixtures/sy_comma_format.nec,ok-no-source,ok-no-source,0.0030399104580283165,0.0037968624383211136,,0
xnec2c-fixtures/sy_math_cmnd.nec,ok-no-source,ok-no-source,0.0037223706021904945,0.004471593536436558,,0
xnec2c-fixtures/sy_math_geom.nec,ok-no-source,ok-no-source,0.0030274204909801483,0.0038220062851905823,,0
xnec2c-fixtures/sy_separate_cards.nec,ok-no-source,ok-no-source,0.0028770463541150093,0.0036721350625157356,,0
xnec2c-fixtures/sy_units_spaces.nec,ok-no-source,ok-no-source,0.0030251285061240196,0.0037806034088134766,,0
