deck,status_a,status_b,wall_a,wall_b,speedup,comparable
4nec2-models/Aperiodic/2ELK9AY.nec,ok,ok,0.2645393228158355,0.2784653538838029,0.9500,1
4nec2-models/Aperiodic/2beverage.nec,ok,ok,0.2707181805744767,0.2529936758801341,1.0701,1
4nec2-models/Aperiodic/2el160flag.nec,ok,ok,0.16547587607055902,0.16501374077051878,1.0028,1
4nec2-models/Aperiodic/80pennant-pf.nec,ok,ok,0.1543418113142252,0.1551038334146142,0.9951,1
4nec2-models/Aperiodic/ON4BAAWD.nec,ok,ok,0.0900267781689763,0.08817521762102842,1.0210,1
4nec2-models/Aperiodic/Rhomb1.nec,ok,ok,0.05779687128961086,0.061116355471313,0.9457,1
4nec2-models/Aperiodic/Rhombic.nec,ok,ok,0.09378299862146378,0.09463360253721476,0.9910,1
4nec2-models/Aperiodic/Semirhomb.nec,ok,ok,0.26643750816583633,0.2636090721935034,1.0107,1
4nec2-models/Aperiodic/Slopvee.nec,ok,ok,0.20258463080972433,0.1984444996342063,1.0209,1
4nec2-models/Aperiodic/Vee40.nec,ok,ok,0.21922346111387014,0.2185647450387478,1.0030,1
4nec2-models/Aperiodic/bev80.nec,ok,ok,0.24234711565077305,0.24668370932340622,0.9824,1
4nec2-models/Equations/1elQuad.nec,ok,ok,0.003929548896849155,0.0038053952157497406,,0
4nec2-models/Equations/2elQuad.nec,ok,ok,0.005086353048682213,0.005089851096272469,,0
4nec2-models/Equations/3elQuadGain.nec,ok,ok,0.007011104375123978,0.007142794318497181,,0
4nec2-models/Equations/3elQuadWide.nec,ok,ok,0.0073514459654688835,0.007158888503909111,,0
4nec2-models/Equations/3elYagiGain.nec,ok,ok,0.004391285590827465,0.0034722518175840378,,0
4nec2-models/Equations/3elYagiMaxFB.nec,ok,ok,0.0037164613604545593,0.0034038787707686424,,0
4nec2-models/Equations/3elYagiWide.nec,ok,ok,0.0034568291157484055,0.0034115156158804893,,0
4nec2-models/Equations/4elQuad.nec,ok,ok,0.011573520489037037,0.009749363176524639,,0
4nec2-models/Equations/Moxon.nec,ok,ok,0.1887972680851817,0.18323864601552486,1.0303,1
4nec2-models/Example1.nec,ok,ok,0.003440447151660919,0.0032445210963487625,,0
4nec2-models/Example2.nec,ok,ok,0.003069003112614155,0.0033318856731057167,,0
4nec2-models/Fractals/Fractal.nec,ok,ok,1.106199243105948,1.0916664069518447,1.0133,1
4nec2-models/Fractals/MI2 Loop.nec,ok,ok,0.05366933345794678,0.05317276623100042,1.0093,1
4nec2-models/Fractals/MI3.nec,ok,ok,0.06444164272397757,0.06179833225905895,1.0428,1
4nec2-models/Fractals/RANDOM1.nec,ok,ok,0.05136874504387379,0.051335206255316734,1.0007,1
4nec2-models/Fractals/Random2.nec,ok,ok,0.035964044742286205,0.03554088156670332,,0
4nec2-models/HFActiveFeed/2el10.nec,ok,ok,0.0699474522843957,0.06779264193028212,1.0318,1
4nec2-models/HFActiveFeed/2lsloper.nec,ok,ok,0.39238350838422775,0.39146244432777166,1.0024,1
4nec2-models/HFActiveFeed/2phased.nec,ok,ok,0.003475625067949295,0.003391486592590809,,0
4nec2-models/HFActiveFeed/3vertical.nec,ok,ok,0.009523369371891022,0.00929056853055954,,0
4nec2-models/HFActiveFeed/BRDZPR10.nec,ok,ok,0.08129224088042974,0.07789390068501234,1.0436,1
4nec2-models/HFActiveFeed/HB9CV.nec,ok,ok,0.003583294339478016,0.0037141889333724976,,0
4nec2-models/HFActiveFeed/Quad4.nec,ok,ok,0.024210925213992596,0.02488275244832039,,0
4nec2-models/HFActiveFeed/ZLSPTS10.nec,ok,ok,0.07411741930991411,0.07397256046533585,1.0020,1
4nec2-models/HFActiveFeed/ZLTROM10.nec,ok,ok,0.10720209404826164,0.10591960791498423,1.0121,1
4nec2-models/HFActiveFeed/cedzph10.nec,ok,ok,0.1007458996027708,0.10092319548130035,0.9982,1
4nec2-models/HFActiveFeed/n2pl_phased_dloop.nec,ok,ok,0.19921846874058247,0.19937891978770494,0.9992,1
4nec2-models/HFActiveFeed/zlspdp10.nec,ok,ok,0.07271257601678371,0.07281771302223206,0.9986,1
4nec2-models/HFbeams/2EL160H.nec,ok,ok,0.6963609308004379,0.7266052598133683,0.9584,1
4nec2-models/HFbeams/2lqful10.nec,ok,ok,0.009187713265419006,0.009182687848806381,,0
4nec2-models/HFbeams/2lyagi20.nec,ok,ok,0.05643969215452671,0.05537418741732836,1.0192,1
4nec2-models/HFbeams/2x4Q15A95.nec,ok,ok,0.02009066566824913,0.02005615271627903,,0
4nec2-models/HFbeams/3YAGI20.nec,ok,ok,0.20203080028295517,0.2034808248281479,0.9929,1
4nec2-models/HFbeams/3el-inverted-V.nec,ok,ok,0.19490093179047108,0.19377537351101637,1.0058,1
4nec2-models/HFbeams/3elquad.nec,ok,ok,0.005113867111504078,0.005192003212869167,,0
4nec2-models/HFbeams/3lyagi20.nec,ok,ok,0.286521403118968,0.2864142870530486,1.0004,1
4nec2-models/HFbeams/40MYAG2.nec,ok,ok,0.22404311783611774,0.22218387760221958,1.0084,1
4nec2-models/HFbeams/40quad.nec,ok,ok,0.1371563207358122,0.16171166207641363,0.8482,1
4nec2-models/HFbeams/4el_vk1aa1.nec,ok,ok,0.26586291659623384,0.2923612017184496,0.9094,1
4nec2-models/HFbeams/5_el_wbeam_PA2AWU.nec,ok,ok,0.395317810587585,0.45003528613597155,0.8784,1
4nec2-models/HFbeams/7lyagi10.nec,ok,ok,0.23567621875554323,0.23483185097575188,1.0036,1
4nec2-models/HFbeams/80hsbeam.nec,ok,ok,0.2128142397850752,0.2130339602008462,0.9990,1
4nec2-models/HFbeams/80rdbeam.nec,ok,ok,0.21566880494356155,0.21617554128170013,0.9977,1
4nec2-models/HFbeams/8x6q.nec,ok,ok,0.1925130933523178,0.21221712697297335,0.9072,1
4nec2-models/HFbeams/BetaMatch.nec,ok,ok,0.021856226958334446,0.020807508379220963,,0
4nec2-models/HFbeams/Bowtie.nec,timeout,timeout,300.04832619056106,300.048302131705,,0
4nec2-models/HFbeams/Deltalp.nec,ok,ok,0.08194840606302023,0.08029353618621826,1.0206,1
4nec2-models/HFbeams/NinjaBeam.nec,ok,ok,0.18831105716526508,0.18288623727858067,1.0297,1
4nec2-models/HFbeams/Quad.nec,ok,ok,0.023003002628684044,0.023015756160020828,,0
4nec2-models/HFbeams/Stack.nec,ok,ok,0.277250018902123,0.2647474715486169,1.0472,1
4nec2-models/HFbeams/Unwin.nec,ok,ok,0.0077931880950927734,0.007870863191783428,,0
4nec2-models/HFbeams/Unwin_mod.nec,ok,ok,0.007343702018260956,0.0070987893268466,,0
4nec2-models/HFbeams/fan1022.nec,ok,ok,0.022637298330664635,0.019823516719043255,,0
4nec2-models/HFbeams/moxon20.nec,ok,ok,0.21600734163075686,0.21285268384963274,1.0148,1
4nec2-models/HFbeams/sloper.nec,ok,ok,0.13998181093484163,0.1392055507749319,1.0056,1
4nec2-models/HFbeams/wa2wvl.nec,ok,ok,0.250644713640213,0.25241182558238506,0.9930,1
4nec2-models/HFbeams/y6mhg.nec,ok,ok,0.004501831717789173,0.004500445909798145,,0
4nec2-models/HFbeams/y6mwb.nec,ok,ok,0.005369467660784721,0.005346659570932388,,0
4nec2-models/HFbeams/zl1le10.nec,ok,ok,0.06280315574258566,0.06275697145611048,1.0007,1
4nec2-models/HFcollinear/15edzph2.nec,ok,ok,0.04905206151306629,0.047548942267894745,,0
4nec2-models/HFcollinear/2 dipole on roof.nec,ok,ok,0.6809807363897562,0.684257511049509,0.9952,1
4nec2-models/HFcollinear/4 Dipole Trans-lines.nec,ok,ok,0.007369635626673698,0.007199122570455074,,0
4nec2-models/HFcollinear/BROADSID.nec,ok,ok,0.0035756882280111313,0.003622833639383316,,0
4nec2-models/HFcollinear/Collinear_1L.nec,ok,ok,0.07714200019836426,0.07678957469761372,1.0046,1
4nec2-models/HFcollinear/SLOPER2.nec,ok,ok,0.2826203741133213,0.2823916310444474,1.0008,1
4nec2-models/HFcollinear/W8BYA Collinear 7 MHz.nec,ok,ok,0.20987116172909737,0.20948301628232002,1.0019,1
4nec2-models/HFcollinear/franklin.nec,ok,ok,0.004372086375951767,0.004397135227918625,,0
4nec2-models/HFcollinear/hrs_441.nec,ok,ok,6.176673837937415,6.197552254423499,0.9966,1
4nec2-models/HFcollinear/lazyh.nec,ok,ok,0.0047929976135492325,0.004821509122848511,,0
4nec2-models/HFmultiband/4-BAND.nec,ok,ok,3.639775143004954,3.632238296791911,1.0021,1
4nec2-models/HFmultiband/40MYAG2.nec,ok,ok,0.22371212858706713,0.2238559229299426,0.9994,1
4nec2-models/HFmultiband/5BWIDE-1.nec,ok,ok,0.04920297767966986,0.04889769293367863,,0
4nec2-models/HFmultiband/Cobra.nec,ok,ok,0.2471882989630103,0.24575234483927488,1.0058,1
4nec2-models/HFmultiband/Cone.nec,ok,ok,0.2630016691982746,0.26156774815171957,1.0055,1
4nec2-models/HFmultiband/CrossDip.nec,ok,ok,0.008338836953043938,0.008336801081895828,,0
4nec2-models/HFmultiband/DUAL2EL.nec,ok,ok,0.05788778234273195,0.058155578561127186,0.9954,1
4nec2-models/HFmultiband/InvV80-40.nec,ok,ok,0.199657310731709,0.19876762479543686,1.0045,1
4nec2-models/HFmultiband/LPDA1.nec,ok,ok,0.005546329542994499,0.005628284066915512,,0
4nec2-models/HFmultiband/Logp.nec,ok,ok,0.005754461511969566,0.005879749543964863,,0
4nec2-models/HFmultiband/MultiDips.nec,ok,ok,0.2251101415604353,0.22343855071812868,1.0075,1
4nec2-models/HFmultiband/MultiTrap.nec,ok,ok,0.14726973325014114,0.14546811021864414,1.0124,1
4nec2-models/HFmultiband/Sleeve.nec,ok,ok,0.18174229841679335,0.18143594544380903,1.0017,1
4nec2-models/HFmultiband/Telerana.nec,ok,ok,0.025570273399353027,0.025563381612300873,,0
4nec2-models/HFmultiband/TrapDip.nec,ok,ok,0.0044412026181817055,0.004477369599044323,,0
4nec2-models/HFmultiband/TrapDipole.nec,ok,ok,0.004364977590739727,0.004335365258157253,,0
4nec2-models/HFmultiband/UA3SFH.nec,ok,ok,0.055945323780179024,0.055928110145032406,1.0003,1
4nec2-models/HFmultiband/discone.nec,ok,ok,0.02596097905188799,0.025721882469952106,,0
4nec2-models/HFmultiband/dscn2.nec,ok,ok,0.5870566908270121,0.5858975928276777,1.0020,1
4nec2-models/HFmultiband/logper.nec,ok,ok,0.4160820059478283,0.41249921452254057,1.0087,1
4nec2-models/HFmultiband/lpda.nec,ok,ok,0.0716489925980568,0.07094826083630323,1.0099,1
4nec2-models/HFmultiband/mil14.nec,ok,ok,0.7400279361754656,0.7433641403913498,0.9955,1
4nec2-models/HFmultiband/op201510.nec,ok,ok,0.21409068815410137,0.2134812530130148,1.0029,1
4nec2-models/HFmultiband/quad5b10.nec,ok,ok,0.3577289581298828,0.36689172126352787,0.9750,1
4nec2-models/HFmultiband/sleeve_err.nec,ok,ok,0.18473964650183916,0.18213065806776285,1.0143,1
4nec2-models/HFmultiband/t2fd.nec,ok,ok,0.005680118687450886,0.004204158671200275,,0
4nec2-models/HFmultiband/y1217bb.nec,ok,ok,0.007539808750152588,0.007474534213542938,,0
4nec2-models/HFmultiband/y2015.nec,ok,ok,0.006567385978996754,0.006438042037189007,,0
4nec2-models/HFmultiband/yi20_40b.nec,ok,ok,0.2532041557133198,0.2503955364227295,1.0112,1
4nec2-models/HFshort/2elShort.nec,ok,ok,0.07169731240719557,0.07156532816588879,1.0018,1
4nec2-models/HFshort/2lqsdi10.nec,ok,ok,0.02665548585355282,0.026644802652299404,,0
4nec2-models/HFshort/2lqssq10.nec,ok,ok,0.0318072410300374,0.03167378529906273,,0
4nec2-models/HFshort/2lygcl10.nec,ok,ok,0.06370423827320337,0.06189917307347059,1.0292,1
4nec2-models/HFshort/CoilCapHat.nec,ok,ok,0.16186926048249006,0.15393086336553097,1.0516,1
4nec2-models/HFshort/DPLNLD10.nec,ok,ok,0.010569965466856956,0.010632393881678581,,0
4nec2-models/HFshort/HelixDip.nec,ok,ok,0.005026442930102348,0.005019336007535458,,0
4nec2-models/HFshort/LinLoad.nec,ok,ok,0.026193179190158844,0.026193969883024693,,0
4nec2-models/HFshort/LinLoad2.nec,ok,ok,0.05017816834151745,0.0499116750434041,,0
4nec2-models/HFshort/Magnetic.nec,ok,ok,0.004338031634688377,0.004370805807411671,,0
4nec2-models/HFshort/MagneticLoop.nec,ok,ok,0.006141471676528454,0.004965217784047127,,0
4nec2-models/HFshort/Minibeam.nec,ok,ok,0.006161483004689217,0.006150594912469387,,0
4nec2-models/HFshort/RXload.nec,ok,ok,0.004127875901758671,0.0033247480168938637,,0
4nec2-models/HFshort/caphat10.nec,ok,ok,0.004003412090241909,0.004127436317503452,,0
4nec2-models/HFsimple/36ccd.nec,ok,ok,0.2296685753390193,0.22871002089232206,1.0042,1
4nec2-models/HFsimple/36dip.nec,ok,ok,0.1963500026613474,0.19522910751402378,1.0057,1
4nec2-models/HFsimple/36inv.nec,ok,ok,0.19793004728853703,0.19786227960139513,1.0003,1
4nec2-models/HFsimple/36inv_coat.nec,ok,ok,0.1978776678442955,0.1979294577613473,0.9997,1
4nec2-models/HFsimple/36inv_split.nec,ok,ok,0.19659638684242964,0.1967046530917287,0.9994,1
4nec2-models/HFsimple/70edz.nec,ok,ok,0.2293005371466279,0.22849448211491108,1.0035,1
4nec2-models/HFsimple/CageAlt.nec,ok,ok,0.006604026071727276,0.006513817235827446,,0
4nec2-models/HFsimple/Coax.nec,ok,ok,0.19595940224826336,0.19622665736824274,0.9986,1
4nec2-models/HFsimple/DLoop40.nec,ok,ok,0.14203020930290222,0.14043898601084948,1.0113,1
4nec2-models/HFsimple/EDZ_TL.nec,ok,ok,0.05691605806350708,0.056829482316970825,1.0015,1
4nec2-models/HFsimple/EDZ_mod.nec,ok,ok,0.1760026914998889,0.17474940326064825,1.0072,1
4nec2-models/HFsimple/FANDPL10.nec,ok,ok,0.012228007428348064,0.012238919734954834,,0
4nec2-models/HFsimple/G5RV.nec,ok,ok,0.0037290798500180244,0.0037350747734308243,,0
4nec2-models/HFsimple/Hairpin.nec,ok,ok,0.004718014970421791,0.004710742272436619,,0
4nec2-models/HFsimple/Halfsq40.nec,ok,ok,0.1829533688724041,0.18250753730535507,1.0024,1
4nec2-models/HFsimple/HorLoop80.nec,ok,ok,0.2328993482515216,0.23153550829738379,1.0059,1
4nec2-models/HFsimple/Inv-L.nec,ok,ok,0.2774655967950821,0.27452938444912434,1.0107,1
4nec2-models/HFsimple/Isotrop.nec,ok,ok,0.004968684166669846,0.004531562328338623,,0
4nec2-models/HFsimple/L_match.nec,ok,ok,0.014127696864306927,0.013251420110464096,,0
4nec2-models/HFsimple/LoadPos.nec,ok,ok,0.006047326140105724,0.0059445444494485855,,0
4nec2-models/HFsimple/LoopCirc20.nec,ok,ok,0.004482267424464226,0.004353120923042297,,0
4nec2-models/HFsimple/Lowdip.nec,ok,ok,0.23311065696179867,0.23670928459614515,0.9848,1
4nec2-models/HFsimple/MagCirc.nec,ok,ok,0.05824887007474899,0.05991298984736204,0.9722,1
4nec2-models/HFsimple/Magnetic.nec,ok,ok,0.055150450207293034,0.05519412271678448,0.9992,1
4nec2-models/HFsimple/Magnetic2.nec,ok,ok,0.0048622870817780495,0.0048666223883628845,,0
4nec2-models/HFsimple/ParStub.nec,ok,ok,0.004014940001070499,0.0038776276633143425,,0
4nec2-models/HFsimple/Patch.nec,timeout,timeout,301.19575159810483,301.21007153671235,,0
4nec2-models/HFsimple/Piramid.nec,ok,ok,0.14025608077645302,0.13889664877206087,1.0098,1
4nec2-models/HFsimple/Rectb40.nec,ok,ok,0.18066895380616188,0.1934487083926797,0.9339,1
4nec2-models/HFsimple/Rects40.nec,ok,ok,0.1817044885829091,0.1876030471175909,0.9686,1
4nec2-models/HFsimple/SLOPE1.nec,ok,ok,0.21371746808290482,0.21540517266839743,0.9922,1
4nec2-models/HFsimple/SLOPE3.nec,ok,ok,0.35574575141072273,0.3515905812382698,1.0118,1
4nec2-models/HFsimple/StepRadAGT.nec,ok,ok,0.009072527289390564,0.008777578361332417,,0
4nec2-models/HFsimple/TriangleError.nec,ok,ok,0.004220212809741497,0.004222171381115913,,0
4nec2-models/HFsimple/TriangleLimit.nec,ok,ok,0.009613935835659504,0.00938879232853651,,0
4nec2-models/HFsimple/deltb40.nec,ok,ok,0.1924752788618207,0.19150798209011555,1.0051,1
4nec2-models/HFsimple/delts40.nec,ok,ok,0.19628181494772434,0.19534233678132296,1.0048,1
4nec2-models/HFsimple/fanndp10.nec,ok,ok,0.09268546011298895,0.09225614834576845,1.0047,1
4nec2-models/HFsimple/tr-line.nec,ok,ok,0.19735435023903847,0.1961809741333127,1.0060,1
4nec2-models/HFvertical/40M2EL.nec,ok,ok,0.2096388777717948,0.2089221253991127,1.0034,1
4nec2-models/HFvertical/4SQTL.nec,ok,ok,0.17549175769090652,0.17543283570557833,1.0003,1
4nec2-models/HFvertical/4SQUARE.nec,ok,ok,0.1184232272207737,0.11768521647900343,1.0063,1
4nec2-models/HFvertical/80RDBEAM.nec,ok,ok,0.28923826292157173,0.28610114846378565,1.0110,1
4nec2-models/HFvertical/BOBTAIL.nec,ok,ok,0.22071644570678473,0.21858416218310595,1.0098,1
4nec2-models/HFvertical/Bloem.nec,ok,ok,0.16741628386080265,0.17380744591355324,0.9632,1
4nec2-models/HFvertical/BurRad.nec,ok,ok,0.23920276202261448,0.2384058116003871,1.0033,1
4nec2-models/HFvertical/CARDIOID.nec,ok,ok,0.13011515978723764,0.12831555865705013,1.0140,1
4nec2-models/HFvertical/CardTL.nec,ok,ok,0.13048168551176786,0.12937752902507782,1.0085,1
4nec2-models/HFvertical/ElevatRad.nec,ok,ok,0.32345794793218374,0.321623332798481,1.0057,1
4nec2-models/HFvertical/GNDPLANE.nec,ok,ok,0.004187241196632385,0.004151251167058945,,0
4nec2-models/HFvertical/GP80.nec,ok,ok,0.19918498862534761,0.19631152134388685,1.0146,1
4nec2-models/HFvertical/GndScreen.nec,ok,ok,0.5224321065470576,0.5189479747787118,1.0067,1
4nec2-models/HFvertical/Gwave.nec,ok,ok,0.09465078730136156,0.09415924828499556,1.0052,1
4nec2-models/HFvertical/Isolators.nec,ok,ok,0.2073490358889103,0.20532556250691414,1.0099,1
4nec2-models/HFvertical/Lowdip.nec,ok,ok,0.23314638156443834,0.23161665070801973,1.0066,1
4nec2-models/HFvertical/Phased GP.nec,ok,ok,0.015185145661234856,0.015047725290060043,,0
4nec2-models/HFvertical/Phased array Trans-line.nec,ok,ok,0.14900375623255968,0.14835029933601618,1.0044,1
4nec2-models/HFvertical/TOPLOAD.nec,ok,ok,0.14867870975285769,0.1484787529334426,1.0013,1
4nec2-models/HFvertical/Varray.nec,ok,ok,0.21760896779596806,0.2178294099867344,0.9990,1
4nec2-models/HFvertical/VertHats.nec,ok,ok,0.1871125316247344,0.18736980482935905,0.9986,1
4nec2-models/LFvertical/cutler_single .nec,ok,ok,6.6716527016833425,6.648302142508328,1.0035,1
4nec2-models/Nec4/Catenary.nec,ok,ok,0.0054556624963879585,0.005455676466226578,,0
4nec2-models/Objects/4nec2.nec,ok,ok,0.06408765353262424,0.06533401366323233,0.9809,1
4nec2-models/Objects/747plane.nec,ok,ok,3.8576850900426507,3.8335395557805896,1.0063,1
4nec2-models/Objects/GM_test.nec,ok,ok,4.957213444635272,4.945176126435399,1.0024,1
4nec2-models/Objects/Horn.nec,ok-no-source,ok-no-source,2.288621189072728,2.2939006108790636,,0
4nec2-models/Objects/Illuminate.nec,ok,ok,2.2400416433811188,2.2146780397742987,1.0115,1
4nec2-models/Objects/NearFld.nec,ok,ok,1.658771911635995,1.6607876056805253,0.9988,1
4nec2-models/Objects/Ship1.nec,ok,ok,0.7674687560647726,0.7722585899755359,0.9938,1
4nec2-models/Objects/TL-test.nec,ok,ok,0.10780104715377092,0.10402471758425236,1.0363,1
4nec2-models/Objects/Tank.nec,ok-no-source,ok-no-source,0.025528590194880962,0.025078268721699715,,0
4nec2-models/Objects/Van.nec,ok-no-source,ok-no-source,0.07362845074385405,0.0734607046470046,,0
4nec2-models/Objects/Vehicle.nec,ok,ok,0.06981714814901352,0.0632916372269392,1.1031,1
4nec2-models/Objects/car.nec,ok,ok,0.7530643446370959,0.7477941205725074,1.0070,1
4nec2-models/Objects/car_1.nec,ok,ok,0.2028478914871812,0.20272842328995466,1.0006,1
4nec2-models/VHFbeams/10RA432.nec,ok,ok,0.0070129213854670525,0.006966284476220608,,0
4nec2-models/VHFbeams/12el430.nec,ok,ok,0.007072574459016323,0.0070190466940402985,,0
4nec2-models/VHFbeams/215DX.nec,ok,ok,0.03737331461161375,0.038279615342617035,,0
4nec2-models/VHFbeams/216CP.nec,ok,ok,0.06813199631869793,0.06814392376691103,0.9998,1
4nec2-models/VHFbeams/23DF.nec,ok,ok,0.008397487923502922,0.008545497432351112,,0
4nec2-models/VHFbeams/28DX.nec,ok,ok,0.04229557327926159,0.0431725112721324,,0
4nec2-models/VHFbeams/2SA.nec,ok,ok,1.2839267468079925,1.2666758326813579,1.0136,1
4nec2-models/VHFbeams/4x20ra.nec,ok,ok,0.0894461665302515,0.08985935896635056,0.9954,1
4nec2-models/VHFbeams/5Vquad.nec,ok,ok,0.013046598993241787,0.01299145258963108,,0
4nec2-models/VHFbeams/5elDdelta.nec,ok,ok,0.04121522046625614,0.04125067591667175,,0
4nec2-models/VHFbeams/5elDquad.nec,ok,ok,0.028163060545921326,0.02822691760957241,,0
4nec2-models/VHFbeams/BIQDFEED.nec,ok,ok,0.8446643501520157,0.8399020163342357,1.0057,1
4nec2-models/VHFbeams/DLW6U.nec,ok,ok,0.9890635358169675,0.989927850663662,0.9991,1
4nec2-models/VHFbeams/DipReflGW.nec,error,error,0.4689795318990946,0.4696195051074028,,0
4nec2-models/VHFbeams/EMEyagi.nec,ok,ok,0.013235091231763363,0.013061143457889557,,0
4nec2-models/VHFbeams/GSM_yagi.nec,ok,ok,0.2459203852340579,0.24343740101903677,1.0102,1
4nec2-models/VHFbeams/JBL.nec,ok,ok,4.987740391865373,5.002606315538287,0.9970,1
4nec2-models/VHFbeams/Parab50.nec,ok,ok,10.488193270750344,10.593111942522228,0.9901,1
4nec2-models/VHFbeams/QFH1280.nec,ok,ok,0.005742708221077919,0.005654666572809219,,0
4nec2-models/VHFbeams/TV_uhf.nec,ok,ok,0.03482148051261902,0.03455675859004259,,0
4nec2-models/VHFbeams/Vyagi22.nec,ok,ok,0.018902383744716644,0.018945694901049137,,0
4nec2-models/VHFbeams/Yagi16.nec,ok,ok,0.00619867630302906,0.006164225749671459,,0
4nec2-models/VHFbeams/atl50E.nec,ok,ok,0.4452496534213424,0.44270044285804033,1.0058,1
4nec2-models/VHFbeams/atl50e-h.nec,ok,ok,0.5055796829983592,0.5040090987458825,1.0031,1
4nec2-models/VHFbeams/bisq7.nec,ok,ok,0.04709372576326132,0.04789293836802244,,0
4nec2-models/VHFbeams/corner.nec,ok,ok,0.021100119687616825,0.023984255269169807,,0
4nec2-models/VHFbeams/fm6.nec,ok,ok,0.008365445770323277,0.008098634891211987,,0
4nec2-models/VHFbeams/gridyagi.nec,ok,ok,0.7346803601831198,0.7421862352639437,0.9899,1
4nec2-models/VHFbeams/hel10ua.nec,ok,ok,0.2830375451594591,0.28953275736421347,0.9776,1
4nec2-models/VHFbeams/helix.nec,ok,ok,0.6756634935736656,0.6805305723100901,0.9928,1
4nec2-models/VHFbeams/i5tdjii.nec,ok,ok,0.021791815757751465,0.022023835219442844,,0
4nec2-models/VHFbeams/qfh137.nec,ok,ok,0.7592653799802065,0.7711221501231194,0.9846,1
4nec2-models/VHFbeams/quad7.nec,ok,ok,0.009919648058712482,0.009980889037251472,,0
4nec2-models/VHFmultiband/402_306 146 MHz.nec,ok,ok,0.007866659201681614,0.008048057556152344,,0
4nec2-models/VHFmultiband/Dc8ce.nec,ok,ok,0.08743197470903397,0.090818602591753,0.9627,1
4nec2-models/VHFmultiband/SpiralAntennaCenterFeed.nec,ok,ok,21.489677648060024,21.528913578018546,0.9982,1
4nec2-models/VHFmultiband/ez2309.nec,ok,ok,0.05566363409161568,0.054953474551439285,1.0129,1
4nec2-models/VHFsimple/2mGP.nec,ok,ok,0.009247567504644394,0.010311786085367203,,0
4nec2-models/VHFsimple/2meteradr.nec,ok,ok,0.07400540076196194,0.07439603935927153,0.9947,1
4nec2-models/VHFsimple/CircDip3.nec,ok,ok,0.0037883082404732704,0.003804173320531845,,0
4nec2-models/VHFsimple/CoaxEnd.nec,ok,ok,0.2610431658104062,0.2628968395292759,0.9929,1
4nec2-models/VHFsimple/Dquad.nec,ok,ok,0.004230163060128689,0.0042959339916706085,,0
4nec2-models/VHFsimple/Generator.nec,ok,ok,0.06162253953516483,0.06040138192474842,1.0202,1
4nec2-models/VHFsimple/Helix.nec,ok,ok,0.010059474036097527,0.009660341776907444,,0
4nec2-models/VHFsimple/J-ant.nec,ok,ok,0.006765738129615784,0.006769368425011635,,0
4nec2-models/VHFsimple/T-box.nec,ok,ok,0.23720620665699244,0.23700734972953796,1.0008,1
4nec2-models/VHFsimple/dip_curv_6m.nec,ok,ok,0.00530517753213644,0.005284120328724384,,0
4nec2-models/VHFsimple/gpflat2m.nec,ok,ok,0.008095413446426392,0.008236606605350971,,0
4nec2-models/VHFsimple/gpslop2m.nec,ok,ok,0.008005620911717415,0.008129283785820007,,0
4nec2-models/VHFsimple/halfsq2m.nec,ok,ok,0.025280357338488102,0.02517001051455736,,0
4nec2-models/VHFsimple/masters.nec,ok,ok,0.007395271211862564,0.007354820147156715,,0
4nec2-models/VHFsimple/sterba.nec,ok,ok,0.009476798586547375,0.009428700432181358,,0
4nec2-models/VHFsimple/thick.nec,ok,ok,0.27061977982521057,0.2703555300831795,1.0010,1
4nec2-models/VHFsimple/wheeler.nec,ok,ok,0.006687222048640251,0.006665990687906742,,0
4nec2-models/zz_EZnec/v3.0/15MQUAD.nec,ok,ok,0.004604535177350044,0.0047936346381902695,,0
4nec2-models/zz_EZnec/v3.0/20M5ELYA.nec,ok,ok,0.006706152111291885,0.006328323855996132,,0
4nec2-models/zz_EZnec/v3.0/4SQTL.nec,ok,ok,0.17645442113280296,0.17567897029221058,1.0044,1
4nec2-models/zz_EZnec/v3.0/4SQUARE.nec,ok,ok,0.17589548416435719,0.17482976522296667,1.0061,1
4nec2-models/zz_EZnec/v3.0/BYDipole.nec,ok,ok,0.18724195379763842,0.18636558670550585,1.0047,1
4nec2-models/zz_EZnec/v3.0/BYVee.nec,ok,ok,0.18767615407705307,0.1865233900025487,1.0062,1
4nec2-models/zz_EZnec/v3.0/CardTL.nec,ok,ok,0.0038187745958566666,0.003803541883826256,,0
4nec2-models/zz_EZnec/v3.0/Cardioid.nec,ok,ok,0.0038657626137137413,0.00382075272500515,,0
4nec2-models/zz_EZnec/v3.0/DipTL.nec,ok,ok,0.1977178743109107,0.19815588369965553,0.9978,1
4nec2-models/zz_EZnec/v3.0/Dipole1.nec,ok,ok,0.0035125240683555603,0.003439614549279213,,0
4nec2-models/zz_EZnec/v3.0/ELEVRAD1.nec,ok,ok,0.20070252288132906,0.2003076346591115,1.0020,1
4nec2-models/zz_EZnec/v3.0/ELEVRAD2.nec,ok,ok,0.3274042159318924,0.32867038901895285,0.9961,1
4nec2-models/zz_EZnec/v3.0/FDSP.nec,ok,ok,0.1954290298745036,0.1935706827789545,1.0096,1
4nec2-models/zz_EZnec/v3.0/K5RP.nec,ok,ok,0.18185612931847572,0.18158448673784733,1.0015,1
4nec2-models/zz_EZnec/v3.0/LOGPER.nec,ok,ok,0.007463954389095306,0.007612874731421471,,0
4nec2-models/zz_EZnec/v3.0/LOGPERTL.nec,ok,ok,0.006158001720905304,0.006120776757597923,,0
4nec2-models/zz_EZnec/v3.0/N4PCLOOP.nec,ok,ok,0.21632306091487408,0.21721849963068962,0.9959,1
4nec2-models/zz_EZnec/v3.0/NBSYAGI.nec,ok,ok,0.0038905907422304153,0.003895559348165989,,0
4nec2-models/zz_EZnec/v3.0/VHFGP.nec,ok,ok,0.006256969645619392,0.005866102874279022,,0
4nec2-models/zz_EZnec/v3.0/Vert1.nec,ok,ok,0.05360111966729164,0.05325007811188698,1.0066,1
4nec2-models/zz_EZnec/v3.0/W8JK.nec,ok,ok,0.16507051419466734,0.164215967990458,1.0052,1
4nec2-models/zz_MiniNec/ActiveFeed/2 el activ VP2E 40m.nec,ok,ok,0.2126795705407858,0.21140823513269424,1.0060,1
4nec2-models/zz_MiniNec/ActiveFeed/2D40MB10_multinec.nec,ok,ok,0.004902244545519352,0.00485342089086771,,0
4nec2-models/zz_MiniNec/ActiveFeed/4 el Delta act.nec,ok,ok,0.013137726113200188,0.013238471001386642,,0
4nec2-models/zz_MiniNec/ActiveFeed/40m 4square.nec,ok,ok,0.004337670281529427,0.004325581714510918,,0
4nec2-models/zz_MiniNec/ActiveFeed/HB9CVH.nec,ok,ok,0.005161522887647152,0.005145875737071037,,0
4nec2-models/zz_MiniNec/ActiveFeed/HB9CVW.nec,ok,ok,0.0047960588708519936,0.004788506776094437,,0
4nec2-models/zz_MiniNec/Feeders/025lambda_trans.nec,ok,ok,0.00706370547413826,0.007381618954241276,,0
4nec2-models/zz_MiniNec/Feeders/FEEDER.nec,ok,ok,0.003898734226822853,0.003946781158447266,,0
4nec2-models/zz_MiniNec/HFAperiodic/2elK9AY-1.nec,ok,ok,0.14942898228764534,0.1486105229705572,1.0055,1
4nec2-models/zz_MiniNec/HFAperiodic/BEVERAGE.nec,ok,ok,0.24425583612173796,0.2452368251979351,0.9960,1
4nec2-models/zz_MiniNec/HFAperiodic/D2T.nec,ok,ok,0.1370382010936737,0.13720657117664814,0.9988,1
4nec2-models/zz_MiniNec/HFAperiodic/EWE.nec,ok,ok,0.14621201809495687,0.14523951802402735,1.0067,1
4nec2-models/zz_MiniNec/HFAperiodic/Flag K6SE.nec,ok,ok,0.05761146359145641,0.057371157221496105,1.0042,1
4nec2-models/zz_MiniNec/HFAperiodic/RHOMBIC.nec,ok,ok,0.4421934671700001,0.43987901974469423,1.0053,1
4nec2-models/zz_MiniNec/HFAperiodic/Semirhomb.nec,ok,ok,0.26661009155213833,0.27319036051630974,0.9759,1
4nec2-models/zz_MiniNec/HFAperiodic/T2FD.nec,ok,ok,0.12240641005337238,0.12318740598857403,0.9937,1
4nec2-models/zz_MiniNec/HFAperiodic/beverage200.nec,ok,ok,0.4367244355380535,0.4406245853751898,0.9911,1
4nec2-models/zz_MiniNec/HFAperiodic/widebanddip.nec,ok,ok,0.19766423478722572,0.19742317963391542,1.0012,1
4nec2-models/zz_MiniNec/HFbeams/2CQ20.nec,ok,ok,0.06781952455639839,0.06729023158550262,1.0079,1
4nec2-models/zz_MiniNec/HFbeams/2DELTA20.nec,ok,ok,0.011220674961805344,0.010953260585665703,,0
4nec2-models/zz_MiniNec/HFbeams/2ELQUAD.nec,ok,ok,0.5919684646651149,0.5944337183609605,0.9959,1
4nec2-models/zz_MiniNec/HFbeams/2ELVP15.nec,ok,ok,0.005012570880353451,0.004948885180056095,,0
4nec2-models/zz_MiniNec/HFbeams/2ELVP20.nec,ok,ok,0.00663806963711977,0.006589978933334351,,0
4nec2-models/zz_MiniNec/HFbeams/2el.delta.20m.nec,ok,ok,0.2114817937836051,0.21178494207561016,0.9986,1
4nec2-models/zz_MiniNec/HFbeams/2elQuad W1HXU.nec,ok,ok,0.04833895433694124,0.04643092304468155,,0
4nec2-models/zz_MiniNec/HFbeams/3EL20.nec,ok,ok,0.06821076478809118,0.06842962559312582,0.9968,1
4nec2-models/zz_MiniNec/HFbeams/3el GP80 CW.nec,ok,ok,0.19505456369370222,0.19683497585356236,0.9910,1
4nec2-models/zz_MiniNec/HFbeams/4EL20.nec,ok,ok,0.20550445187836885,0.20603041630238295,0.9974,1
4nec2-models/zz_MiniNec/HFbeams/4EL20HM.nec,ok,ok,0.007092299871146679,0.006850509904325008,,0
4nec2-models/zz_MiniNec/HFbeams/4_4RZT_2.nec,ok,ok,0.16822971776127815,0.16850517224520445,0.9984,1
4nec2-models/zz_MiniNec/HFbeams/5EL20.nec,ok,ok,0.007363877259194851,0.00734409224241972,,0
4nec2-models/zz_MiniNec/HFbeams/6EL10.nec,ok,ok,0.006865866482257843,0.006741682067513466,,0
4nec2-models/zz_MiniNec/HFbeams/DL9JFT Yagi 14.nec,ok,ok,0.004919982515275478,0.004715678282082081,,0
4nec2-models/zz_MiniNec/HFbeams/DX415TT.nec,ok,ok,0.18955543637275696,0.189219337888062,1.0018,1
4nec2-models/zz_MiniNec/HFbeams/Diamond Quadx2 14.nec,ok,ok,0.017471717670559883,0.017303261905908585,,0
4nec2-models/zz_MiniNec/HFbeams/JungleJob.nec,ok,ok,0.004020911641418934,0.004131861962378025,,0
4nec2-models/zz_MiniNec/HFbeams/LPDA15.nec,ok,ok,0.16439034044742584,0.16435236111283302,1.0002,1
4nec2-models/zz_MiniNec/HFbeams/M2CQ.nec,ok,ok,0.014855217188596725,0.014623627066612244,,0
4nec2-models/zz_MiniNec/HFbeams/Rhomb10.nec,ok,ok,0.10430851578712463,0.10638901498168707,0.9804,1
4nec2-models/zz_MiniNec/HFbeams/W2EEY.nec,ok,ok,0.007310805842280388,0.007372534833848476,,0
4nec2-models/zz_MiniNec/HFbeams/XQ20.nec,ok,ok,0.26423607859760523,0.2642505317926407,0.9999,1
4nec2-models/zz_MiniNec/HFbeams/ZL20.nec,ok,ok,0.09043433144688606,0.0900004580616951,1.0048,1
4nec2-models/zz_MiniNec/HFmultiband/10-18-24GP.nec,ok,ok,0.15219217259436846,0.15146169252693653,1.0048,1
4nec2-models/zz_MiniNec/HFmultiband/28_21_14V3.nec,ok,ok,0.005404552444815636,0.005261659622192383,,0
4nec2-models/zz_MiniNec/HFmultiband/3.5-7-14-28offsetdip-1.nec,ok,ok,0.09234318323433399,0.09181162714958191,1.0058,1
4nec2-models/zz_MiniNec/HFmultiband/3e lTriband Yagi.nec,ok,ok,0.21075710095465183,0.21057291328907013,1.0009,1
4nec2-models/zz_MiniNec/HFmultiband/4_4RZT_2.nec,ok,ok,0.16830951813608408,0.16857606079429388,0.9984,1
4nec2-models/zz_MiniNec/HFmultiband/8b Delta Loop.nec,ok,ok,0.22139104083180428,0.22054296731948853,1.0038,1
4nec2-models/zz_MiniNec/HFmultiband/DBLDP.nec,ok,ok,0.06816909927874804,0.060685005970299244,1.1233,1
4nec2-models/zz_MiniNec/HFmultiband/DUAL2EL.nec,ok,ok,0.058633689768612385,0.05821738578379154,1.0072,1
4nec2-models/zz_MiniNec/HFmultiband/Db54m.nec,ok,ok,0.1416942374780774,0.14022038597613573,1.0105,1
4nec2-models/zz_MiniNec/HFmultiband/Delta160allbands.nec,ok,ok,0.2394325491040945,0.23871078435331583,1.0030,1
4nec2-models/zz_MiniNec/HFmultiband/G5RV.nec,ok,ok,0.21888306085020304,0.21906084474176168,0.9992,1
4nec2-models/zz_MiniNec/HFmultiband/LPDA.nec,ok,ok,0.03490865509957075,0.035214370116591454,,0
4nec2-models/zz_MiniNec/HFmultiband/M2CQW.nec,ok,ok,0.23039075825363398,0.22911472991108894,1.0056,1
4nec2-models/zz_MiniNec/HFmultiband/MCQM.nec,ok,ok,0.00938454084098339,0.009062143042683601,,0
4nec2-models/zz_MiniNec/HFmultiband/MULTDP.nec,ok,ok,0.08292677998542786,0.08199567720293999,1.0114,1
4nec2-models/zz_MiniNec/HFmultiband/MULTDPH.nec,ok,ok,0.11854357831180096,0.11794943921267986,1.0050,1
4nec2-models/zz_MiniNec/HFmultiband/MULTDPHW.nec,ok,ok,0.14809984806925058,0.14694187510758638,1.0079,1
4nec2-models/zz_MiniNec/HFmultiband/MULTDPL.nec,ok,ok,0.2265366930514574,0.22514622937887907,1.0062,1
4nec2-models/zz_MiniNec/HFmultiband/MULTDPW.nec,ok,ok,0.1921712001785636,0.1925603412091732,0.9980,1
4nec2-models/zz_MiniNec/HFmultiband/QuadsUA4IF.nec,ok,ok,0.2729293368756771,0.267305176705122,1.0210,1
4nec2-models/zz_MiniNec/HFmultiband/SHOEBOX.nec,ok,ok,0.007144000381231308,0.00709511898458004,,0
4nec2-models/zz_MiniNec/HFmultiband/TribandQQ.nec,ok,ok,0.21716593392193317,0.217415489256382,0.9989,1
4nec2-models/zz_MiniNec/HFmultiband/WARC open sleeve dip.nec,ok,ok,0.18328018113970757,0.18295401148498058,1.0018,1
4nec2-models/zz_MiniNec/HFshort/05 lamda  deform  GP witn feed line.nec,ok,ok,0.1822862420231104,0.18149777874350548,1.0043,1
4nec2-models/zz_MiniNec/HFshort/28_21_14v3.nec,ok,ok,0.004686882719397545,0.004400908946990967,,0
4nec2-models/zz_MiniNec/HFshort/3el short Yagj W1FBY.nec,ok,ok,0.01908707059919834,0.018701449036598206,,0
4nec2-models/zz_MiniNec/HFshort/4X4NJ -1.nec,ok,ok,0.004478012211620808,0.004398503340780735,,0
4nec2-models/zz_MiniNec/HFshort/80mDLsh.nec,ok,ok,0.14285563118755817,0.1428642924875021,0.9999,1
4nec2-models/zz_MiniNec/HFshort/Auto with GP.nec,ok,ok,0.09337328001856804,0.0932972738519311,1.0008,1
4nec2-models/zz_MiniNec/HFshort/Dipol3_5-7.nec,ok,ok,0.17371776513755322,0.17290907725691795,1.0047,1
4nec2-models/zz_MiniNec/HFshort/Fractal_1.nec,ok,ok,0.19429954513907433,0.19355426356196404,1.0039,1
4nec2-models/zz_MiniNec/HFshort/Gp40short rad.nec,ok,ok,0.15378631744533777,0.15333972312510014,1.0029,1
4nec2-models/zz_MiniNec/HFshort/Lineload75.nec,ok,ok,0.094307248480618,0.09460206050425768,0.9969,1
4nec2-models/zz_MiniNec/HFshort/MCQM.nec,ok,ok,0.09331806283444166,0.09339256584644318,0.9992,1
4nec2-models/zz_MiniNec/HFshort/QQ21-14short.nec,ok,ok,0.13318470306694508,0.13252220582216978,1.0050,1
4nec2-models/zz_MiniNec/HFshort/SLOPER.nec,ok,ok,0.05392471980303526,0.05384953785687685,1.0014,1
4nec2-models/zz_MiniNec/HFshort/TRIHAT.nec,ok,ok,0.12453280575573444,0.12602894939482212,0.9881,1
4nec2-models/zz_MiniNec/HFshort/TopCap75.nec,ok,ok,0.059126817621290684,0.05931038036942482,0.9969,1
4nec2-models/zz_MiniNec/HFshort/VDP40.nec,ok,ok,0.05363754462450743,0.05451842676848173,0.9838,1
4nec2-models/zz_MiniNec/HFshort/VDP40B.nec,ok,ok,0.053597853519022465,0.05393964983522892,0.9937,1
4nec2-models/zz_MiniNec/HFshort/VDP40C.nec,ok,ok,0.05496992822736502,0.05456302501261234,1.0075,1
4nec2-models/zz_MiniNec/HFshort/W2EEY.nec,ok,ok,0.02418879233300686,0.024152358062565327,,0
4nec2-models/zz_MiniNec/HFshort/WA1MKP.nec,ok,ok,0.13849676121026278,0.13572830334305763,1.0204,1
4nec2-models/zz_MiniNec/HFshort/field day GP short.nec,ok,ok,0.13828784506767988,0.1373067693784833,1.0071,1
4nec2-models/zz_MiniNec/HFshort/short vetr75.nec,ok,ok,0.10263187158852816,0.1022972697392106,1.0033,1
4nec2-models/zz_MiniNec/HFsimple/160m vert gnd tower.nec,ok,ok,0.2601136863231659,0.2604067884385586,0.9989,1
4nec2-models/zz_MiniNec/HFsimple/80mDLdouble.nec,ok,ok,0.013840465806424618,0.013948220759630203,,0
4nec2-models/zz_MiniNec/HFsimple/CB5_8 lambda.nec,ok,ok,0.06422575656324625,0.06378318928182125,1.0069,1
4nec2-models/zz_MiniNec/HFsimple/COLLINEA.nec,ok,ok,0.15043118223547935,0.15003390982747078,1.0026,1
4nec2-models/zz_MiniNec/HFsimple/DIPOL160.nec,ok,ok,0.20208401326090097,0.199688826687634,1.0120,1
4nec2-models/zz_MiniNec/HFsimple/DP160LD.nec,ok,ok,0.003611602820456028,0.0036454051733016968,,0
4nec2-models/zz_MiniNec/HFsimple/DP20.nec,ok,ok,0.05390358064323664,0.05376432929188013,1.0026,1
4nec2-models/zz_MiniNec/HFsimple/Delta-Gamma.nec,ok,ok,0.004723416641354561,0.004670358262956142,,0
4nec2-models/zz_MiniNec/HFsimple/FD20.nec,ok,ok,0.00624722708016634,0.006281123496592045,,0
4nec2-models/zz_MiniNec/HFsimple/GP with gamma match.nec,ok,ok,0.052337286062538624,0.05176941305398941,1.0110,1
4nec2-models/zz_MiniNec/HFsimple/GP40.nec,ok,ok,0.17870578728616238,0.17772464640438557,1.0055,1
4nec2-models/zz_MiniNec/HFsimple/GP40S.nec,ok,ok,0.12491570319980383,0.12669245898723602,0.9860,1
4nec2-models/zz_MiniNec/HFsimple/Hcollinear14.nec,ok,ok,0.005374753847718239,0.0052104527130723,,0
4nec2-models/zz_MiniNec/HFsimple/Hiquad.nec,ok,ok,0.005132927559316158,0.0050993142649531364,,0
4nec2-models/zz_MiniNec/HFsimple/J-ant28.nec,ok,ok,0.058398256078362465,0.05849601328372955,0.9983,1
4nec2-models/zz_MiniNec/HFsimple/LAZY-H.nec,ok,ok,0.007131545804440975,0.006933314725756645,,0
4nec2-models/zz_MiniNec/HFsimple/LONDQUAD.nec,ok,ok,0.19668233767151833,0.19572895113378763,1.0049,1
4nec2-models/zz_MiniNec/HFsimple/LOOP20.nec,ok,ok,0.004088320769369602,0.004051951691508293,,0
4nec2-models/zz_MiniNec/HFsimple/LOOP20C.nec,ok,ok,0.004111132584512234,0.003967548720538616,,0
4nec2-models/zz_MiniNec/HFsimple/Piramida.nec,ok,ok,0.14016201253980398,0.13904443476349115,1.0080,1
4nec2-models/zz_MiniNec/HFsimple/VERT20.nec,ok,ok,0.053687783889472485,0.05315417796373367,1.0100,1
4nec2-models/zz_MiniNec/HFsimple/VERT20M.nec,ok,ok,0.0562548516318202,0.056193796917796135,1.0011,1
4nec2-models/zz_MiniNec/HFsimple/VERT53.nec,ok,ok,0.06193418242037296,0.060940432362258434,1.0163,1
4nec2-models/zz_MiniNec/HFsimple/VERT58.nec,ok,ok,0.06019766628742218,0.05937767866998911,1.0138,1
4nec2-models/zz_MiniNec/HFsimple/VP2E 40m.nec,ok,ok,0.17423928249627352,0.17308828607201576,1.0066,1
4nec2-models/zz_MiniNec/HFsimple/VP2E-CW.nec,ok,ok,0.1932123200967908,0.19295778311789036,1.0013,1
4nec2-models/zz_MiniNec/HFsimple/Vcollinear28.nec,ok,ok,0.12556999269872904,0.14171412866562605,0.8861,1
4nec2-models/zz_MiniNec/HFsimple/Vert20s.nec,ok,ok,0.05356987193226814,0.05610195640474558,0.9549,1
4nec2-models/zz_MiniNec/HFsimple/VertUA3SFH.nec,ok,ok,0.05441946256905794,0.054295362904667854,1.0023,1
4nec2-models/zz_MiniNec/HFsimple/WINDOM.nec,ok,ok,0.013838106766343117,0.01361153181642294,,0
4nec2-models/zz_MiniNec/HFsimple/end feer dipole.nec,ok,ok,0.17543601617217064,0.17513925209641457,1.0017,1
4nec2-models/zz_MiniNec/HFsimple/wideInvV80.nec,ok,ok,0.21637488063424826,0.2141687860712409,1.0103,1
4nec2-models/zz_MiniNec/MagLoops/MAGLOOPT.nec,ok,ok,0.056628601625561714,0.056652446277439594,0.9996,1
4nec2-models/zz_MiniNec/Stacks/2X6EL10.nec,ok,ok,0.08886272180825472,0.08804317843168974,1.0093,1
4nec2-models/zz_MiniNec/Stacks/2x4elTwin Delta Loop 145 MHz.nec,ok,ok,0.11306395381689072,0.11568350996822119,0.9774,1
4nec2-models/zz_MiniNec/Stacks/4X12.nec,ok,ok,0.026848849840462208,0.02627649437636137,,0
4nec2-models/zz_MiniNec/Stacks/4xQQ.nec,ok,ok,0.15918433666229248,0.15982257202267647,0.9960,1
4nec2-models/zz_MiniNec/Stacks/syack3el20.nec,ok,ok,0.07652715779840946,0.07607738487422466,1.0059,1
4nec2-models/zz_MiniNec/Stacks/zigzag2x10 el 2 m.nec,ok,ok,0.03845742903649807,0.03822727035731077,,0
4nec2-models/zz_MiniNec/VHFbeams/12CQ430.nec,ok,ok,0.04208206944167614,0.04217732883989811,,0
4nec2-models/zz_MiniNec/VHFbeams/12EL23CM.nec,ok,ok,0.021359889768064022,0.021189138293266296,,0
4nec2-models/zz_MiniNec/VHFbeams/12EL430.nec,ok,ok,0.007034683600068092,0.006969408132135868,,0
4nec2-models/zz_MiniNec/VHFbeams/144-5Yagi.nec,ok,ok,0.005732622928917408,0.005610569380223751,,0
4nec2-models/zz_MiniNec/VHFbeams/15EL23CM.nec,ok,ok,0.015627766959369183,0.015556764788925648,,0
4nec2-models/zz_MiniNec/VHFbeams/3DQ6.nec,ok,ok,0.012918686494231224,0.013101083226501942,,0
4nec2-models/zz_MiniNec/VHFbeams/3HENT.nec,ok,ok,0.011576431803405285,0.011587846092879772,,0
4nec2-models/zz_MiniNec/VHFbeams/4DELTA6.nec,ok,ok,0.012773093767464161,0.012784228660166264,,0
4nec2-models/zz_MiniNec/VHFbeams/4X12.nec,ok,ok,0.026744747534394264,0.026349768042564392,,0
4nec2-models/zz_MiniNec/VHFbeams/5CQ2.nec,ok,ok,0.013429390266537666,0.012974790297448635,,0
4nec2-models/zz_MiniNec/VHFbeams/5ELTWIND.nec,ok,ok,0.04114823695272207,0.041069689206779,,0
4nec2-models/zz_MiniNec/VHFbeams/6EL6MW.nec,ok,ok,0.006359227932989597,0.006363866850733757,,0
4nec2-models/zz_MiniNec/VHFbeams/7EL6M.nec,ok,ok,0.007166285067796707,0.00714727770537138,,0
4nec2-models/zz_MiniNec/VHFbeams/7elQuad_GW4CQT.nec,ok,ok,0.1179233081638813,0.11687247641384602,1.0090,1
4nec2-models/zz_MiniNec/VHFbeams/8EL2MW.nec,ok,ok,0.032530625350773335,0.032139625400304794,,0
4nec2-models/zz_MiniNec/VHFbeams/8EL6M.nec,ok,ok,0.008251729421317577,0.008229651488363743,,0
4nec2-models/zz_MiniNec/VHFbeams/8EL6MW.nec,ok,ok,0.008921234868466854,0.00877798069268465,,0
4nec2-models/zz_MiniNec/VHFbeams/Crosspol144.nec,ok,ok,0.010485688224434853,0.01034538634121418,,0
4nec2-models/zz_MiniNec/VHFbeams/DK7ZB-2.nec,ok,ok,0.005152720957994461,0.004973476752638817,,0
4nec2-models/zz_MiniNec/VHFbeams/MIRROR.nec,ok,ok,1.4914752282202244,1.5020012287423015,0.9930,1
4nec2-models/zz_MiniNec/VHFbeams/USN_StarGP.nec,ok,ok,0.006321527063846588,0.006203429773449898,,0
4nec2-models/zz_MiniNec/VHFbeams/f9ft-2-uu4jcr.nec,ok,ok,0.09533914737403393,0.09530658926814795,1.0003,1
4nec2-models/zz_MiniNec/VHFbeams/f9ft-21-432.nec,ok,ok,0.016714932397007942,0.016454297117888927,,0
4nec2-models/zz_MiniNec/VHFsimple/144OMNI.nec,ok,ok,0.004101264290511608,0.003931050188839436,,0
4nec2-models/zz_MiniNec/VHFsimple/6SKYDOOR.nec,ok,ok,0.004440946504473686,0.004325618036091328,,0
4nec2-models/zz_MiniNec/VHFsimple/CR2.nec,ok,ok,0.06788439583033323,0.06740772910416126,1.0071,1
4nec2-models/zz_MiniNec/VHFsimple/Discon55-200.nec,ok,ok,0.007790150120854378,0.0078016165643930435,,0
4nec2-models/zz_MiniNec/VHFsimple/GP144-435.nec,ok,ok,0.07041947823017836,0.06995906680822372,1.0066,1
4nec2-models/zz_MiniNec/VHFsimple/HENTENNA.nec,ok,ok,0.1764584332704544,0.15026000887155533,1.1744,1
4nec2-models/zz_MiniNec/VHFsimple/Helix145.nec,ok,ok,0.1788673996925354,0.12208256591111422,1.4651,1
4nec2-models/zz_MiniNec/VHFsimple/Isotrop2.nec,ok,ok,0.09691449627280235,0.11811001040041447,0.8205,1
4nec2-models/zz_MiniNec/VHFsimple/J-ant144.nec,ok,ok,0.006815355271100998,0.006872663274407387,,0
4nec2-models/zz_MiniNec/VHFsimple/TWIND.nec,ok,ok,0.004566749557852745,0.004301287233829498,,0
4nec2-models/zz_MiniNec/VHFsimple/TWINLOOP.nec,ok,ok,0.004238194786012173,0.004289691336452961,,0
antenna-modeling/2el-yagi-freespace.nec,ok,ok,0.6885750386863947,0.6846664901822805,1.0057,1
antenna-modeling/2el-yagi-halfwl.nec,ok,ok,0.7513901572674513,0.7538902116939425,0.9967,1
antenna-modeling/2el-yagi-high.nec,ok,ok,0.7623335523530841,0.7662837281823158,0.9948,1
antenna-modeling/2m-sat-yagi/2m-sat-candidate1-crossed.nec,ok,ok,3.3160678623244166,3.2608824241906404,1.0169,1
antenna-modeling/2m-sat-yagi/2m-sat-candidate1-drivenonly-long.nec,ok,ok,1.6570068523287773,1.6256707236170769,1.0193,1
antenna-modeling/2m-sat-yagi/2m-sat-candidate1-drivenonly.nec,ok,ok,1.7185967359691858,1.7024089731276035,1.0095,1
antenna-modeling/2m-sat-yagi/2m-sat-candidate1-inorder.nec,ok,ok,3.303539266809821,3.2592471381649375,1.0136,1
antenna-modeling/2m-sat-yagi/2m-sat-candidate1.nec,ok,ok,1.685996231622994,1.6696778079494834,1.0098,1
antenna-modeling/2m-sat-yagi/2m-sat-candidate2-folded-drivenonly.nec,ok,ok,2.1872630529105663,2.1564049795269966,1.0143,1
antenna-modeling/2m-sat-yagi/2m-sat-candidate2-thick-crossed-wide.nec,ok,ok,16.31797672342509,16.20741854980588,1.0068,1
antenna-modeling/2m-sat-yagi/2m-sat-candidate2-thick-crossed.nec,ok,ok,4.097236723639071,4.042141171172261,1.0136,1
antenna-modeling/2m-sat-yagi/2m-sat-candidate2-thick-folded-inorder.nec,ok,ok,1.968142632395029,1.9512758469209075,1.0086,1
antenna-modeling/2m-sat-yagi/2m-sat-candidate2-thin-folded-inorder.nec,ok,ok,1.9428128404542804,1.931987258605659,1.0056,1
antenna-modeling/2m-sat-yagi/bar.nec,ok,ok,4.081673363223672,4.071592345833778,1.0025,1
antenna-modeling/2m-sat-yagi/foo.nec,ok,ok,0.9655454391613603,0.9413750823587179,1.0257,1
antenna-modeling/2m-sat-yagi/thick-300.nec,ok,ok,0.9121243730187416,0.981178923510015,0.9296,1
antenna-modeling/2m-sat-yagi/thick-clearboom.nec,ok,ok,2.1898860167711973,2.151734245941043,1.0177,1
antenna-modeling/2m-sat-yagi/thin-5.nec,ok,ok,0.9491047197952867,0.935457062907517,1.0146,1
antenna-modeling/2m-sat-yagi/thin-clearboom.nec,ok,ok,2.250562391243875,2.192276959307492,1.0266,1
antenna-modeling/2m-sat-yagi/thin.nec,ok,ok,0.8665835186839104,0.8660168154165149,1.0007,1
antenna-modeling/2m-yagi-5el-calculated.nec,ok,ok,0.7586365174502134,0.7494924096390605,1.0122,1
antenna-modeling/2m-yagi-test1.nec,ok,ok,0.8810243867337704,0.8672685977071524,1.0159,1
antenna-modeling/General 6-Band G3TXQ Broadband Hex Beam.nec,ok,ok,0.3394736610352993,0.3454326782375574,0.9827,1
antenna-modeling/barry.nec,ok,ok,0.4734507407993078,0.5192722221836448,0.9118,1
antenna-modeling/biqdfeed-fixed.nec,ok,ok,8.23165693320334,8.117001467384398,1.0141,1
antenna-modeling/dipole-10m-gutters.nec,ok,ok,1.0350799802690744,1.0063646920025349,1.0285,1
antenna-modeling/dipole-10m.nec,ok,ok,0.4107107510790229,0.4035537801682949,1.0177,1
antenna-modeling/dipole-12m.nec,ok,ok,0.25255364272743464,0.24801858607679605,1.0183,1
antenna-modeling/dipole-15m.nec,ok,ok,1.0247894935309887,1.0185321308672428,1.0061,1
antenna-modeling/dipole-17m.nec,ok,ok,0.24714094959199429,0.2431306941434741,1.0165,1
antenna-modeling/dipole-20m-gutters.nec,ok,ok,1.890882883220911,1.8753869468346238,1.0083,1
antenna-modeling/dipole-20m.nec,ok,ok,0.7952450728043914,0.811692020855844,0.9797,1
antenna-modeling/dipole-30m-gutters.nec,ok,ok,0.5336533430963755,0.541668345220387,0.9852,1
antenna-modeling/dipole-30m.nec,ok,ok,0.21526596043258905,0.24439603928476572,0.8808,1
antenna-modeling/dipole-40m-gutters.nec,ok,ok,1.4250747291371226,1.404929118230939,1.0143,1
antenna-modeling/dipole-40m.nec,ok,ok,0.6173918237909675,0.6159190004691482,1.0024,1
antenna-modeling/dipole-80m-gutters.nec,ok,ok,2.1711491560563445,2.1529219895601273,1.0085,1
antenna-modeling/dipole-80m.nec,ok,ok,0.9985601771622896,0.9860672485083342,1.0127,1
antenna-modeling/dipole-sample-freespace.nec,ok,ok,0.6153275854885578,0.5768066830933094,1.0668,1
antenna-modeling/dipole-sample-halfwl.nec,ok,ok,0.576600736938417,0.6006412142887712,0.9600,1
antenna-modeling/dipole-sample.nec,ok,ok,0.585880140773952,0.6206190874800086,0.9440,1
antenna-modeling/foo.nec,ok,ok,0.8257933016866446,0.8166971951723099,1.0111,1
antenna-modeling/force12-C3-10m-roof.nec,ok,ok,0.9296305309981108,0.9176949989050627,1.0130,1
antenna-modeling/force12-C3-10m-tower.nec,ok,ok,0.9303894806653261,0.9436915451660752,0.9859,1
antenna-modeling/force12-C3-12m-roof.nec,ok,ok,0.5746569875627756,0.5606130063533783,1.0251,1
antenna-modeling/force12-C3-12m-tower.nec,ok,ok,0.6468809610232711,0.5663080625236034,1.1423,1
antenna-modeling/force12-C3-15m-roof.nec,ok,ok,2.327432995662093,2.3121290542185307,1.0066,1
antenna-modeling/force12-C3-15m-tower.nec,ok,ok,2.3565618274733424,2.3418477810919285,1.0063,1
antenna-modeling/force12-C3-17m-roof.nec,ok,ok,0.6363876508548856,0.6137587781995535,1.0369,1
antenna-modeling/force12-C3-17m-tower.nec,ok,ok,0.6200988255441189,0.5517392940819263,1.1239,1
antenna-modeling/force12-C3-20m-roof.nec,ok,ok,1.7534820577129722,1.7445349600166082,1.0051,1
antenna-modeling/force12-C3-20m-tower.nec,ok,ok,1.777271043509245,1.7930618785321712,0.9912,1
antenna-modeling/force12-C3.nec,ok,ok,1.5851636761799455,1.6280918577685952,0.9736,1
antenna-modeling/gbhoyt.nec,ok,ok,23.7952514430508,23.534888056106865,1.0111,1
antenna-modeling/hexbeam-20m.nec,ok,ok,0.9803842166438699,0.963015578687191,1.0180,1
antenna-modeling/log_per.nec,ok,ok,0.0997999720275402,0.09961790312081575,1.0018,1
antenna-modeling/rotatable-dipole-40m.nec,ok,ok,0.5972803793847561,0.58545115403831,1.0202,1
antenna-modeling/vertical-sample.nec,ok,ok,6.585060807876289,7.048607320524752,0.9342,1
antenna-modeling/yagi.nec,ok,ok,0.8301130905747414,0.8105114558711648,1.0242,1
antenna-modeling/yagitools/2m-sat-candidate1-crossed.nec,ok,ok,1.668129307217896,1.6150997886434197,1.0328,1
antenna-modeling/yagitools/2m-sat-candidate1-drivenonly.nec,ok,ok,1.636058528907597,1.6339115416631103,1.0013,1
antenna-modeling/yagitools/2m-sat-candidate1-inorder.nec,ok,ok,1.6854272987693548,1.6680749403312802,1.0104,1
antenna-modeling/yagitools/2m-sat-candidate1.nec,ok,ok,0.8538591451942921,0.8349105222150683,1.0227,1
antenna-modeling/yagitools/ON6MU-adjusted.nec,ok,ok,5.054766470566392,5.05135306622833,1.0007,1
antenna-modeling/yagitools/ON6MU-adjusted2.nec,ok,ok,5.031491717323661,5.006866226904094,1.0049,1
antenna-modeling/yagitools/ON6MU-adjusted3.nec,ok,ok,5.049979243427515,5.037856582552195,1.0024,1
antenna-modeling/yagitools/ON6MU-adjusted4-allthick.nec,ok,ok,1.742976219393313,1.709567753598094,1.0195,1
antenna-modeling/yagitools/ON6MU-adjusted4-refthick.nec,ok,ok,1.6697971494868398,1.6907410323619843,0.9876,1
antenna-modeling/yagitools/ON6MU-adjusted4.nec,ok,ok,1.6752985548228025,1.7289872262626886,0.9689,1
antenna-modeling/yagitools/ON6MU.nec,ok,ok,5.055448734201491,5.1386248003691435,0.9838,1
antenna-modeling/yagitools/dipole.nec,ok,ok,0.42361948173493147,0.42402292508631945,0.9990,1
antenna-modeling/yagitools/foo.nec,ok,ok,0.7248751306906343,0.7282751351594925,0.9953,1
arcanum/dumbbell-ori.nec,ok,ok,0.021449370309710503,0.021312975324690342,,0
arcanum/half-wave-dipole.nec,ok,ok,0.015065956860780716,0.015022559091448784,,0
arcanum/yagi-3el.nec,ok,ok,0.01879650354385376,0.018610380589962006,,0
arrl/DIP.nec,ok,ok,0.006275595165789127,0.006187137216329575,,0
arrl/LOOP.nec,ok-no-source,ok-no-source,0.0035331211984157562,0.0034176716580986977,,0
arrl/LPER.nec,ok,ok,0.03164598159492016,0.03068878222256899,,0
arrl/W1JR.nec,ok,ok,0.021060760132968426,0.02066461555659771,,0
arthurcadore/dipole/SimpleReflector.nec,ok,ok,0.003644482232630253,0.0037104468792676926,,0
arthurcadore/dipole/phaseShift16Arragement.nec,ok,ok,0.026123149320483208,0.02622402086853981,,0
arthurcadore/dipole/simple2Arragment.nec,ok,ok,0.003981315530836582,0.004147164523601532,,0
arthurcadore/dipole/simple4Arragment.nec,ok,ok,0.00529360119253397,0.005187694914638996,,0
arthurcadore/dipole/turnStile.nec,ok,ok,0.005525660701096058,0.005535447038710117,,0
arthurcadore/helical/helical-simple.nec,ok,ok,0.07303651049733162,0.07226207572966814,1.0107,1
arthurcadore/yagiUda/yagi4Directors.nec,ok,ok,0.006893187761306763,0.006945996545255184,,0
cebik-w4rnl/Basic-Intermediate-Tutorial-Models/EZNEC/partc/20-6-4.nec,ok,ok,0.008878856897354126,0.00919270794838667,,0
cebik-w4rnl/Basic-Intermediate-Tutorial-Models/Tutorial-1/1-1.nec,ok,ok,0.17605978809297085,0.17617223970592022,0.9994,1
cebik-w4rnl/Basic-Intermediate-Tutorial-Models/Tutorial-1/10-1-1.nec,ok,ok,0.011566882953047752,0.011562716215848923,,0
cebik-w4rnl/Basic-Intermediate-Tutorial-Models/Tutorial-1/10-1-2.nec,ok,ok,0.011506728827953339,0.01149297971278429,,0
cebik-w4rnl/Basic-Intermediate-Tutorial-Models/Tutorial-1/10-1-3.nec,ok,ok,0.011489549651741982,0.011539953760802746,,0
cebik-w4rnl/Basic-Intermediate-Tutorial-Models/Tutorial-1/10-1-3A.nec,ok,ok,0.011665785685181618,0.011950639076530933,,0
cebik-w4rnl/Basic-Intermediate-Tutorial-Models/Tutorial-1/10-1-4.nec,ok,ok,0.011478709056973457,0.011568412184715271,,0
cebik-w4rnl/Basic-Intermediate-Tutorial-Models/Tutorial-1/10-2-1.nec,ok,ok,0.01951042003929615,0.019587035290896893,,0
cebik-w4rnl/Basic-Intermediate-Tutorial-Models/Tutorial-1/10-2-2.nec,ok,ok,0.01927928812801838,0.0194372171536088,,0
cebik-w4rnl/Basic-Intermediate-Tutorial-Models/Tutorial-1/10-2-3.nec,ok,ok,0.019410029985010624,0.0194861963391304,,0
cebik-w4rnl/Basic-Intermediate-Tutorial-Models/Tutorial-1/10-2-3A.nec,ok,ok,0.033342466689646244,0.03346091415733099,,0
cebik-w4rnl/Basic-Intermediate-Tutorial-Models/Tutorial-1/10-2-4.nec,ok,ok,0.01940155401825905,0.01964419335126877,,0
cebik-w4rnl/Basic-Intermediate-Tutorial-Models/Tutorial-1/10-3-1.nec,ok,ok,0.010107134468853474,0.010109820403158665,,0
cebik-w4rnl/Basic-Intermediate-Tutorial-Models/Tutorial-1/10-3-2.nec,ok,ok,0.00544371921569109,0.005420737899839878,,0
cebik-w4rnl/Basic-Intermediate-Tutorial-Models/Tutorial-1/10-4-1.nec,ok,ok,0.0076651861891150475,0.0076645733788609505,,0
cebik-w4rnl/Basic-Intermediate-Tutorial-Models/Tutorial-1/10-4-2.nec,ok,ok,0.00795298907905817,0.00792081467807293,,0
cebik-w4rnl/Basic-Intermediate-Tutorial-Models/Tutorial-1/10-5-1.nec,ok,ok,0.007117961533367634,0.007101765833795071,,0
cebik-w4rnl/Basic-Intermediate-Tutorial-Models/Tutorial-1/10-5-2.nec,ok,ok,0.007090793922543526,0.007082747295498848,,0
cebik-w4rnl/Basic-Intermediate-Tutorial-Models/Tutorial-1/11-1-1.nec,ok,ok,0.047006078995764256,0.04717603512108326,,0
cebik-w4rnl/Basic-Intermediate-Tutorial-Models/Tutorial-1/11-1-2.nec,ok,ok,0.1657951408997178,0.16327821090817451,1.0154,1
cebik-w4rnl/Basic-Intermediate-Tutorial-Models/Tutorial-1/11-1-3.nec,ok,ok,0.16009083669632673,0.1597361695021391,1.0022,1
cebik-w4rnl/Basic-Intermediate-Tutorial-Models/Tutorial-1/11-1.nec,ok,ok,0.03262375108897686,0.032472589053213596,,0
cebik-w4rnl/Basic-Intermediate-Tutorial-Models/Tutorial-1/11-2-1.nec,ok,ok,0.1786727923899889,0.1775703877210617,1.0062,1
cebik-w4rnl/Basic-Intermediate-Tutorial-Models/Tutorial-1/11-2.nec,ok,ok,0.006506720557808876,0.006413509137928486,,0
cebik-w4rnl/Basic-Intermediate-Tutorial-Models/Tutorial-1/11-3-1.nec,ok,ok,0.1997523345053196,0.21813838090747595,0.9157,1
cebik-w4rnl/Basic-Intermediate-Tutorial-Models/Tutorial-1/11-3.nec,ok,ok,0.010630357079207897,0.11299547739326954,,0
cebik-w4rnl/Basic-Intermediate-Tutorial-Models/Tutorial-1/11-4.nec,ok,ok,0.007744207978248596,0.10278221592307091,,0
cebik-w4rnl/Basic-Intermediate-Tutorial-Models/Tutorial-1/11-5.nec,ok,ok,0.010454019531607628,0.10287950374186039,,0
cebik-w4rnl/Basic-Intermediate-Tutorial-Models/Tutorial-1/11-6-1.nec,ok,ok,0.23728984408080578,0.26229228638112545,0.9047,1
cebik-w4rnl/Basic-Intermediate-Tutorial-Models/Tutorial-1/11-6.nec,ok,ok,0.29731322824954987,0.28774928860366344,1.0332,1
cebik-w4rnl/Basic-Intermediate-Tutorial-Models/Tutorial-1/11-7-1.nec,ok,ok,0.1625686502084136,0.16718247346580029,0.9724,1
cebik-w4rnl/Basic-Intermediate-Tutorial-Models/Tutorial-1/11-7.nec,ok,ok,0.1971518760547042,0.09722092840820551,2.0279,1
cebik-w4rnl/Basic-Intermediate-Tutorial-Models/Tutorial-1/11-8-1.nec,ok,ok,0.1431232327595353,0.05470516346395016,2.6163,1
cebik-w4rnl/Basic-Intermediate-Tutorial-Models/Tutorial-1/11-8-1a.nec,ok,ok,0.15323124919086695,0.05483358073979616,2.7945,1
cebik-w4rnl/Basic-Intermediate-Tutorial-Models/Tutorial-1/11-8-1b.nec,ok,ok,0.05157472658902407,0.051743557676672935,0.9967,1
cebik-w4rnl/Basic-Intermediate-Tutorial-Models/Tutorial-1/11-8-1c.nec,ok,ok,0.05154782813042402,0.051651813089847565,0.9980,1
cebik-w4rnl/Basic-Intermediate-Tutorial-Models/Tutorial-1/11-8.nec,ok,ok,0.05512572452425957,0.05586735438555479,0.9867,1
cebik-w4rnl/Basic-Intermediate-Tutorial-Models/Tutorial-1/11-8a.nec,ok,ok,0.054619147442281246,0.056201569736003876,0.9718,1
cebik-w4rnl/Basic-Intermediate-Tutorial-Models/Tutorial-1/12-1.nec,ok,ok,0.00637002382427454,0.005264592356979847,,0
cebik-w4rnl/Basic-Intermediate-Tutorial-Models/Tutorial-1/12-1A.nec,ok,ok,0.005523760803043842,0.005203339271247387,,0
cebik-w4rnl/Basic-Intermediate-Tutorial-Models/Tutorial-1/12-2.nec,ok,ok,0.00539482943713665,0.006186741404235363,,0
cebik-w4rnl/Basic-Intermediate-Tutorial-Models/Tutorial-1/12-2A.nec,ok,ok,0.005398129113018513,0.0053156279027462006,,0
cebik-w4rnl/Basic-Intermediate-Tutorial-Models/Tutorial-1/12-3-1.nec,ok,ok,0.009063011035323143,0.008872306905686855,,0
cebik-w4rnl/Basic-Intermediate-Tutorial-Models/Tutorial-1/12-3.nec,ok,ok,0.009182649664580822,0.00875973328948021,,0
cebik-w4rnl/Basic-Intermediate-Tutorial-Models/Tutorial-1/12-4-1.nec,ok,ok,0.00591813400387764,0.00731334462761879,,0
cebik-w4rnl/Basic-Intermediate-Tutorial-Models/Tutorial-1/12-4-2.nec,ok,ok,0.005919544957578182,0.006029875949025154,,0
cebik-w4rnl/Basic-Intermediate-Tutorial-Models/Tutorial-1/12-4.nec,ok,ok,0.0060070110484957695,0.008107130415737629,,0
cebik-w4rnl/Basic-Intermediate-Tutorial-Models/Tutorial-1/12-5-14.nec,ok,ok,0.1921507678925991,0.19362651463598013,0.9924,1
cebik-w4rnl/Basic-Intermediate-Tutorial-Models/Tutorial-1/12-5-18.nec,ok,ok,0.1783928982913494,0.17781107686460018,1.0033,1
cebik-w4rnl/Basic-Intermediate-Tutorial-Models/Tutorial-1/12-5-24.nec,ok,ok,0.12320458982139826,0.1240680105984211,0.9930,1
cebik-w4rnl/Basic-Intermediate-Tutorial-Models/Tutorial-1/12-5-28.nec,ok,ok,0.12319136597216129,0.12356328126043081,0.9970,1
cebik-w4rnl/Basic-Intermediate-Tutorial-Models/Tutorial-1/12-5.nec,ok,ok,0.17348584439605474,0.17378337401896715,0.9983,1
cebik-w4rnl/Basic-Intermediate-Tutorial-Models/Tutorial-1/12-6-1.nec,ok,ok,0.005640686489641666,0.005561884492635727,,0
cebik-w4rnl/Basic-Intermediate-Tutorial-Models/Tutorial-1/12-6.nec,ok,ok,0.0053200870752334595,0.005222144536674023,,0
cebik-w4rnl/Basic-Intermediate-Tutorial-Models/Tutorial-1/12-6A.nec,ok,ok,0.005617841146886349,0.005559709854424,,0
cebik-w4rnl/Basic-Intermediate-Tutorial-Models/Tutorial-1/12-7.nec,ok,ok,0.01102437824010849,0.011143124662339687,,0
cebik-w4rnl/Basic-Intermediate-Tutorial-Models/Tutorial-1/12-7A.nec,ok,ok,0.023388903588056564,0.023428496904671192,,0
cebik-w4rnl/Basic-Intermediate-Tutorial-Models/Tutorial-1/12-7B.nec,ok,ok,0.043190598487854004,0.04303039237856865,,0
cebik-w4rnl/Basic-Intermediate-Tutorial-Models/Tutorial-1/13-1-1.nec,ok,ok,0.005256042815744877,0.005325484089553356,,0
cebik-w4rnl/Basic-Intermediate-Tutorial-Models/Tutorial-1/13-1.nec,ok,ok,0.005193432793021202,0.005341400392353535,,0
cebik-w4rnl/Basic-Intermediate-Tutorial-Models/Tutorial-1/13-2-1.nec,ok,ok,0.006589814089238644,0.006616638973355293,,0
cebik-w4rnl/Basic-Intermediate-Tutorial-Models/Tutorial-1/13-2.nec,ok,ok,0.005320524796843529,0.005367012694478035,,0
cebik-w4rnl/Basic-Intermediate-Tutorial-Models/Tutorial-1/13-2a.nec,ok,ok,0.0055151209235191345,0.005593680776655674,,0
cebik-w4rnl/Basic-Intermediate-Tutorial-Models/Tutorial-1/13-3-1.nec,ok,ok,0.007165752351284027,0.010620061308145523,,0
cebik-w4rnl/Basic-Intermediate-Tutorial-Models/Tutorial-1/13-3.nec,ok,ok,0.008677656762301922,0.007049078121781349,,0
cebik-w4rnl/Basic-Intermediate-Tutorial-Models/Tutorial-1/13-4-1.nec,ok,ok,0.010483389720320702,0.010208720341324806,,0
cebik-w4rnl/Basic-Intermediate-Tutorial-Models/Tutorial-1/13-4.nec,ok,ok,0.010194618254899979,0.010224493220448494,,0
cebik-w4rnl/Basic-Intermediate-Tutorial-Models/Tutorial-1/13-5.nec,ok,ok,0.007233702577650547,0.0095992311835289,,0
cebik-w4rnl/Basic-Intermediate-Tutorial-Models/Tutorial-1/13-6.nec,ok,ok,0.17943698074668646,0.17934112530201674,1.0005,1
cebik-w4rnl/Basic-Intermediate-Tutorial-Models/Tutorial-1/13-7-1.nec,ok,ok,0.18747638817876577,0.18636700604110956,1.0060,1
cebik-w4rnl/Basic-Intermediate-Tutorial-Models/Tutorial-1/13-7.nec,ok,ok,0.17970272153615952,0.17918101605027914,1.0029,1
cebik-w4rnl/Basic-Intermediate-Tutorial-Models/Tutorial-1/13-7a.nec,ok,ok,0.18089436646550894,0.18131111655384302,0.9977,1
cebik-w4rnl/Basic-Intermediate-Tutorial-Models/Tutorial-1/13-8-1.nec,ok,ok,0.008680205792188644,0.012679393403232098,,0
cebik-w4rnl/Basic-Intermediate-Tutorial-Models/Tutorial-1/13-8-1a.nec,ok,ok,0.033428097143769264,0.032491130754351616,,0
cebik-w4rnl/Basic-Intermediate-Tutorial-Models/Tutorial-1/13-8-2.nec,ok,ok,0.00849605817347765,0.008486182428896427,,0
cebik-w4rnl/Basic-Intermediate-Tutorial-Models/Tutorial-1/13-8-2a.nec,ok,ok,0.038399056531488895,0.04133816435933113,,0
cebik-w4rnl/Basic-Intermediate-Tutorial-Models/Tutorial-1/13-8.nec,ok,ok,0.008700509555637836,0.00863235630095005,,0
cebik-w4rnl/Basic-Intermediate-Tutorial-Models/Tutorial-1/13-8a.nec,ok,ok,0.03312190342694521,0.03221729211509228,,0
cebik-w4rnl/Basic-Intermediate-Tutorial-Models/Tutorial-1/13-9-10.nec,ok,ok,0.008176502771675587,0.008201942779123783,,0
cebik-w4rnl/Basic-Intermediate-Tutorial-Models/Tutorial-1/13-9-20.nec,ok,ok,0.007945924066007137,0.021120034158229828,,0
cebik-w4rnl/Basic-Intermediate-Tutorial-Models/Tutorial-1/14-1-1.nec,ok,ok,0.4462304497137666,0.44068620540201664,1.0126,1
cebik-w4rnl/Basic-Intermediate-Tutorial-Models/Tutorial-1/14-1-2.nec,ok,ok,0.44087950699031353,0.4475718764588237,0.9850,1
cebik-w4rnl/Basic-Intermediate-Tutorial-Models/Tutorial-1/14-1-3.nec,ok,ok,0.44257511384785175,0.44270462449640036,0.9997,1
cebik-w4rnl/Basic-Intermediate-Tutorial-Models/Tutorial-1/14-1.nec,ok,ok,0.21030779741704464,0.21103359293192625,0.9966,1
cebik-w4rnl/Basic-Intermediate-Tutorial-Models/Tutorial-1/14-2-1.nec,ok,ok,0.009887614287436008,0.009835442528128624,,0
cebik-w4rnl/Basic-Intermediate-Tutorial-Models/Tutorial-1/14-2.nec,ok,ok,0.00808012206107378,0.008089150302112103,,0
cebik-w4rnl/Basic-Intermediate-Tutorial-Models/Tutorial-1/14-3-1.nec,ok,ok,0.018395581282675266,0.01839932706207037,,0
cebik-w4rnl/Basic-Intermediate-Tutorial-Models/Tutorial-1/14-3-2.nec,ok,ok,0.018779059872031212,0.018826104700565338,,0
cebik-w4rnl/Basic-Intermediate-Tutorial-Models/Tutorial-1/14-3.nec,ok,ok,0.01832437701523304,0.01792678888887167,,0
cebik-w4rnl/Basic-Intermediate-Tutorial-Models/Tutorial-1/14-4-1.nec,ok,ok,0.6811608783900738,0.6856823358684778,0.9934,1
cebik-w4rnl/Basic-Intermediate-Tutorial-Models/Tutorial-1/14-4-2.nec,ok,ok,0.6878780154511333,0.6819384088739753,1.0087,1
cebik-w4rnl/Basic-Intermediate-Tutorial-Models/Tutorial-1/14-4.nec,ok,ok,0.6811841204762459,0.6814507218077779,0.9996,1
cebik-w4rnl/Basic-Intermediate-Tutorial-Models/Tutorial-1/14-5-1.nec,ok,ok,0.0459829680621624,0.04594280943274498,,0
cebik-w4rnl/Basic-Intermediate-Tutorial-Models/Tutorial-1/14-5-2.nec,ok,ok,0.047490136697888374,0.04831442981958389,,0
cebik-w4rnl/Basic-Intermediate-Tutorial-Models/Tutorial-1/14-5-3.nec,ok,ok,0.04829951375722885,0.04833698086440563,,0
cebik-w4rnl/Basic-Intermediate-Tutorial-Models/Tutorial-1/14-5.nec,ok,ok,0.014950265176594257,0.014956292696297169,,0
cebik-w4rnl/Basic-Intermediate-Tutorial-Models/Tutorial-1/14-6-1.nec,ok,ok,0.019351309165358543,0.019055205397307873,,0
cebik-w4rnl/Basic-Intermediate-Tutorial-Models/Tutorial-1/14-6.nec,ok,ok,0.0058629633858799934,0.005930095911026001,,0
cebik-w4rnl/Basic-Intermediate-Tutorial-Models/Tutorial-1/15-1-1.nec,ok,ok,0.007321450859308243,0.007338636554777622,,0
cebik-w4rnl/Basic-Intermediate-Tutorial-Models/Tutorial-1/15-1.nec,ok,ok,0.006515095941722393,0.006526049226522446,,0
cebik-w4rnl/Basic-Intermediate-Tutorial-Models/Tutorial-1/15-1A.nec,ok,ok,0.005827166140079498,0.005907229147851467,,0
cebik-w4rnl/Basic-Intermediate-Tutorial-Models/Tutorial-1/15-1B.nec,ok,ok,0.005286351777613163,0.005242491140961647,,0
cebik-w4rnl/Basic-Intermediate-Tutorial-Models/Tutorial-1/15-1C.nec,ok,ok,0.0047475555911660194,0.004769722931087017,,0
cebik-w4rnl/Basic-Intermediate-Tutorial-Models/Tutorial-1/15-1D.nec,ok,ok,0.004305578768253326,0.004350287839770317,,0
cebik-w4rnl/Basic-Intermediate-Tutorial-Models/Tutorial-1/15-2-12P.nec,ok,ok,0.011259887367486954,0.01140441745519638,,0
cebik-w4rnl/Basic-Intermediate-Tutorial-Models/Tutorial-1/15-2-12S.nec,ok,ok,0.008196409791707993,0.008438518270850182,,0
cebik-w4rnl/Basic-Intermediate-Tutorial-Models/Tutorial-1/15-2-16P.nec,ok,ok,0.014021169394254684,0.013927263207733631,,0
cebik-w4rnl/Basic-Intermediate-Tutorial-Models/Tutorial-1/15-2-16S.nec,ok,ok,0.009311724454164505,0.009115036576986313,,0
cebik-w4rnl/Basic-Intermediate-Tutorial-Models/Tutorial-1/15-2-24P.nec,ok,ok,0.020659804344177246,0.020294207148253918,,0
cebik-w4rnl/Basic-Intermediate-Tutorial-Models/Tutorial-1/15-2-24S.nec,ok,ok,0.0118110878393054,0.011817056685686111,,0
cebik-w4rnl/Basic-Intermediate-Tutorial-Models/Tutorial-1/15-2-32P.nec,ok,ok,0.02859572134912014,0.028455529361963272,,0
cebik-w4rnl/Basic-Intermediate-Tutorial-Models/Tutorial-1/15-2-32S.nec,ok,ok,0.014951437711715698,0.015127836726605892,,0
cebik-w4rnl/Basic-Intermediate-Tutorial-Models/Tutorial-1/15-2-3P.nec,ok,ok,0.007353473454713821,0.007079778239130974,,0
cebik-w4rnl/Basic-Intermediate-Tutorial-Models/Tutorial-1/15-2-3S.nec,ok,ok,0.0061666714027523994,0.006115773692727089,,0
cebik-w4rnl/Basic-Intermediate-Tutorial-Models/Tutorial-1/15-2-4P.nec,ok,ok,0.007642354816198349,0.007575931027531624,,0
cebik-w4rnl/Basic-Intermediate-Tutorial-Models/Tutorial-1/15-2-4S.nec,ok,ok,0.006245231255888939,0.006236720830202103,,0
cebik-w4rnl/Basic-Intermediate-Tutorial-Models/Tutorial-1/15-2-6P.nec,ok,ok,0.008024453185498714,0.008029397577047348,,0
cebik-w4rnl/Basic-Intermediate-Tutorial-Models/Tutorial-1/15-2-6S.nec,ok,ok,0.006758011877536774,0.0066742124035954475,,0
cebik-w4rnl/Basic-Intermediate-Tutorial-Models/Tutorial-1/15-2-8P.nec,ok,ok,0.010442563332617283,0.008936609141528606,,0
cebik-w4rnl/Basic-Intermediate-Tutorial-Models/Tutorial-1/15-2-8S.nec,ok,ok,0.007178366184234619,0.00714364368468523,,0
cebik-w4rnl/Basic-Intermediate-Tutorial-Models/Tutorial-1/15-3-1.nec,ok,ok,0.005721854045987129,0.005760227330029011,,0
cebik-w4rnl/Basic-Intermediate-Tutorial-Models/Tutorial-1/15-3-1A.nec,ok,ok,0.06710457522422075,0.06726317759603262,0.9976,1
cebik-w4rnl/Basic-Intermediate-Tutorial-Models/Tutorial-1/15-3-1B.nec,ok,ok,0.06175485718995333,0.06172519363462925,1.0005,1
cebik-w4rnl/Basic-Intermediate-Tutorial-Models/Tutorial-1/15-3-1C.nec,ok,ok,0.05768658593297005,0.05853666737675667,0.9855,1
cebik-w4rnl/Basic-Intermediate-Tutorial-Models/Tutorial-1/15-3-2.nec,ok,ok,0.007883391343057156,0.007846152409911156,,0
cebik-w4rnl/Basic-Intermediate-Tutorial-Models/Tutorial-1/15-3-2A.nec,ok,ok,0.08200870454311371,0.08071006275713444,1.0161,1
cebik-w4rnl/Basic-Intermediate-Tutorial-Models/Tutorial-1/15-3-2B.nec,ok,ok,0.07468456588685513,0.07474363129585981,0.9992,1
cebik-w4rnl/Basic-Intermediate-Tutorial-Models/Tutorial-1/15-3-2C.nec,ok,ok,0.07035232242196798,0.0713924365118146,0.9854,1
cebik-w4rnl/Basic-Intermediate-Tutorial-Models/Tutorial-1/15-3-3.nec,ok,ok,0.015113282017409801,0.014975561760365963,,0
cebik-w4rnl/Basic-Intermediate-Tutorial-Models/Tutorial-1/15-3-3A.nec,ok,ok,0.12492089066654444,0.12484265677630901,1.0006,1
cebik-w4rnl/Basic-Intermediate-Tutorial-Models/Tutorial-1/15-3-3B.nec,ok,ok,0.11742644291371107,0.11747530661523342,0.9996,1
cebik-w4rnl/Basic-Intermediate-Tutorial-Models/Tutorial-1/15-3-3C.nec,ok,ok,0.112567781470716,0.11226964835077524,1.0027,1
cebik-w4rnl/Basic-Intermediate-Tutorial-Models/Tutorial-1/15-3-4.nec,ok,ok,0.039169264025986195,0.039127808064222336,,0
cebik-w4rnl/Basic-Intermediate-Tutorial-Models/Tutorial-1/15-3-4A.nec,ok,ok,0.2839077217504382,0.2839496349915862,0.9999,1
cebik-w4rnl/Basic-Intermediate-Tutorial-Models/Tutorial-1/15-3-4b.nec,ok,ok,0.27046678122133017,0.26932494807988405,1.0042,1
cebik-w4rnl/Basic-Intermediate-Tutorial-Models/Tutorial-1/15-3-4c.nec,ok,ok,0.26083012111485004,0.26399981416761875,0.9880,1
cebik-w4rnl/Basic-Intermediate-Tutorial-Models/Tutorial-1/15-4-0.nec,ok,ok,0.061624239198863506,0.06295426189899445,0.9789,1
cebik-w4rnl/Basic-Intermediate-Tutorial-Models/Tutorial-1/15-4-0a.nec,ok,ok,0.18020249903202057,0.17894804012030363,1.0070,1
cebik-w4rnl/Basic-Intermediate-Tutorial-Models/Tutorial-1/15-4-0b.nec,ok,ok,0.1780988574028015,0.17842974420636892,0.9981,1
cebik-w4rnl/Basic-Intermediate-Tutorial-Models/Tutorial-1/15-4-0c.nec,ok,ok,0.1784782437607646,0.177936096675694,1.0030,1
cebik-w4rnl/Basic-Intermediate-Tutorial-Models/Tutorial-1/15-4-30.nec,ok,ok,0.06177884805947542,0.061397786252200603,1.0062,1
cebik-w4rnl/Basic-Intermediate-Tutorial-Models/Tutorial-1/15-4-30a.nec,ok,ok,0.1784142591059208,0.1784637365490198,0.9997,1
cebik-w4rnl/Basic-Intermediate-Tutorial-Models/Tutorial-1/15-4-30b.nec,ok,ok,0.1782337175682187,0.17845627758651972,0.9988,1
cebik-w4rnl/Basic-Intermediate-Tutorial-Models/Tutorial-1/15-4-45.nec,ok,ok,0.060986039228737354,0.061175704933702946,0.9969,1
cebik-w4rnl/Basic-Intermediate-Tutorial-Models/Tutorial-1/15-4-45a.nec,ok,ok,0.12316848058253527,0.12373635359108448,0.9954,1
cebik-w4rnl/Basic-Intermediate-Tutorial-Models/Tutorial-1/15-4-45b.nec,ok,ok,0.12359533924609423,0.12336068972945213,1.0019,1
cebik-w4rnl/Basic-Intermediate-Tutorial-Models/Tutorial-1/15-4-60.nec,ok,ok,0.06052438635379076,0.06126074679195881,0.9880,1
cebik-w4rnl/Basic-Intermediate-Tutorial-Models/Tutorial-1/15-4-60a.nec,ok,ok,0.12345698475837708,0.12314785271883011,1.0025,1
cebik-w4rnl/Basic-Intermediate-Tutorial-Models/Tutorial-1/15-4-60b.nec,ok,ok,0.12361555360257626,0.12370522785931826,0.9993,1
cebik-w4rnl/Basic-Intermediate-Tutorial-Models/Tutorial-1/15-5-32.nec,ok,ok,0.38465691450983286,0.3836447736248374,1.0026,1
cebik-w4rnl/Basic-Intermediate-Tutorial-Models/Tutorial-1/15-5-32A.nec,ok,ok,0.38572905119508505,0.3859065379947424,0.9995,1
cebik-w4rnl/Basic-Intermediate-Tutorial-Models/Tutorial-1/15-5-32B.nec,ok,ok,0.38442947901785374,0.38367586582899094,1.0020,1
cebik-w4rnl/Basic-Intermediate-Tutorial-Models/Tutorial-1/15-5-32C.nec,ok,ok,0.3812704775482416,0.37975229881703854,1.0040,1
cebik-w4rnl/Basic-Intermediate-Tutorial-Models/Tutorial-1/15-5-4.nec,ok,ok,0.17896798439323902,0.1791902333498001,0.9988,1
cebik-w4rnl/Basic-Intermediate-Tutorial-Models/Tutorial-1/15-5-4A.nec,ok,ok,0.17907289415597916,0.17911845725029707,0.9997,1
cebik-w4rnl/Basic-Intermediate-Tutorial-Models/Tutorial-1/15-5-4B.nec,ok,ok,0.17926298268139362,0.1808903655037284,0.9910,1
cebik-w4rnl/Basic-Intermediate-Tutorial-Models/Tutorial-1/15-5-4C.nec,ok,ok,0.18026794213801622,0.1795771410688758,1.0038,1
cebik-w4rnl/Basic-Intermediate-Tutorial-Models/Tutorial-1/15-6-1.nec,ok,ok,0.0047044698148965836,0.004606034606695175,,0
cebik-w4rnl/Basic-Intermediate-Tutorial-Models/Tutorial-1/15-6-1a.nec,ok,ok,0.004686382599174976,0.004573404788970947,,0
cebik-w4rnl/Basic-Intermediate-Tutorial-Models/Tutorial-1/15-6-1b.nec,ok,ok,0.00483299046754837,0.004692737013101578,,0
cebik-w4rnl/Basic-Intermediate-Tutorial-Models/Tutorial-1/15-6-1c.nec,ok,ok,0.0048129986971616745,0.004785124212503433,,0
cebik-w4rnl/Basic-Intermediate-Tutorial-Models/Tutorial-1/15-6-2a.nec,ok,ok,0.38683297857642174,0.385905341245234,1.0024,1
cebik-w4rnl/Basic-Intermediate-Tutorial-Models/Tutorial-1/15-6-2b.nec,ok,ok,0.38624461833387613,0.3866303702816367,0.9990,1
cebik-w4rnl/Basic-Intermediate-Tutorial-Models/Tutorial-1/15-6-2c.nec,ok,ok,0.38584301620721817,0.3863203963264823,0.9988,1
cebik-w4rnl/Basic-Intermediate-Tutorial-Models/Tutorial-1/16-1-1.nec,ok,ok,0.006264479830861092,0.006205199286341667,,0
cebik-w4rnl/Basic-Intermediate-Tutorial-Models/Tutorial-1/16-1-2.nec,ok,ok,0.0068985773250460625,0.0066439444199204445,,0
cebik-w4rnl/Basic-Intermediate-Tutorial-Models/Tutorial-1/16-2-1.nec,ok,ok,0.005565628409385681,0.00567223783582449,,0
cebik-w4rnl/Basic-Intermediate-Tutorial-Models/Tutorial-1/16-2-2.nec,ok,ok,0.4120427882298827,0.39059338346123695,1.0549,1
cebik-w4rnl/Basic-Intermediate-Tutorial-Models/Tutorial-1/16-3-1.nec,ok,ok,0.13351980596780777,0.13706881180405617,0.9741,1
cebik-w4rnl/Basic-Intermediate-Tutorial-Models/Tutorial-1/16-3.nec,ok,ok,0.054569775238633156,0.05469089467078447,0.9978,1
cebik-w4rnl/Basic-Intermediate-Tutorial-Models/Tutorial-1/16-4.nec,ok,ok,0.1345029715448618,0.13558537978678942,0.9920,1
cebik-w4rnl/Basic-Intermediate-Tutorial-Models/Tutorial-1/16-5-1.nec,ok,ok,0.008516269735991955,0.008611228317022324,,0
cebik-w4rnl/Basic-Intermediate-Tutorial-Models/Tutorial-1/16-5-2.nec,ok,ok,0.3825939763337374,0.38843216560781,0.9850,1
cebik-w4rnl/Basic-Intermediate-Tutorial-Models/Tutorial-1/16-5.nec,ok,ok,0.00930737517774105,0.009387011639773846,,0
cebik-w4rnl/Basic-Intermediate-Tutorial-Models/Tutorial-1/16-6-1.nec,ok,ok,0.1875412045046687,0.1866026073694229,1.0050,1
cebik-w4rnl/Basic-Intermediate-Tutorial-Models/Tutorial-1/16-6-2.nec,ok,ok,0.2522942451760173,0.25218371115624905,1.0004,1
cebik-w4rnl/Basic-Intermediate-Tutorial-Models/Tutorial-1/16-6-3.nec,ok,ok,0.18585364893078804,0.1893646651878953,0.9815,1
cebik-w4rnl/Basic-Intermediate-Tutorial-Models/Tutorial-1/16-7-1.nec,ok,ok,0.19000629428774118,0.19037142395973206,0.9981,1
cebik-w4rnl/Basic-Intermediate-Tutorial-Models/Tutorial-1/16-7-2.nec,ok,ok,0.1943707838654518,0.19586330000311136,0.9924,1
cebik-w4rnl/Basic-Intermediate-Tutorial-Models/Tutorial-1/17-1-1.nec,ok,ok,0.19509781431406736,0.19529397040605545,0.9990,1
cebik-w4rnl/Basic-Intermediate-Tutorial-Models/Tutorial-1/17-1.nec,ok,ok,0.19984486140310764,0.20110556669533253,0.9937,1
cebik-w4rnl/Basic-Intermediate-Tutorial-Models/Tutorial-1/17-2-1.nec,ok,ok,0.2556607034057379,0.25420902017503977,1.0057,1
cebik-w4rnl/Basic-Intermediate-Tutorial-Models/Tutorial-1/17-2.nec,ok,ok,0.22064069099724293,0.222715993411839,0.9907,1
cebik-w4rnl/Basic-Intermediate-Tutorial-Models/Tutorial-1/17-3-1.nec,ok,ok,0.2146095484495163,0.2169363172724843,0.9893,1
cebik-w4rnl/Basic-Intermediate-Tutorial-Models/Tutorial-1/17-3.nec,ok,ok,0.213443617336452,0.21363431680947542,0.9991,1
cebik-w4rnl/Basic-Intermediate-Tutorial-Models/Tutorial-1/17-4-1.nec,ok,ok,0.09815614204853773,0.10089633148163557,0.9728,1
cebik-w4rnl/Basic-Intermediate-Tutorial-Models/Tutorial-1/17-4-2.nec,ok,ok,0.0984210018068552,0.09824668150395155,1.0018,1
cebik-w4rnl/Basic-Intermediate-Tutorial-Models/Tutorial-1/17-4.nec,ok,ok,0.0699106128886342,0.07275477703660727,0.9609,1
cebik-w4rnl/Basic-Intermediate-Tutorial-Models/Tutorial-1/17-5.nec,ok,ok,0.13017510995268822,0.12989663518965244,1.0021,1
cebik-w4rnl/Basic-Intermediate-Tutorial-Models/Tutorial-1/17-6.nec,ok,ok,0.09937895834445953,0.10159752983599901,0.9782,1
cebik-w4rnl/Basic-Intermediate-Tutorial-Models/Tutorial-1/17-7-1.nec,ok,ok,0.4659406989812851,0.46298126596957445,1.0064,1
cebik-w4rnl/Basic-Intermediate-Tutorial-Models/Tutorial-1/17-7-2.nec,ok,ok,0.478660786524415,0.4833791274577379,0.9902,1
cebik-w4rnl/Basic-Intermediate-Tutorial-Models/Tutorial-1/17-7-2a.nec,ok,ok,0.3054129472002387,0.3045029565691948,1.0030,1
cebik-w4rnl/Basic-Intermediate-Tutorial-Models/Tutorial-1/17-7-3.nec,ok,ok,0.44745114352554083,0.4482986805960536,0.9981,1
cebik-w4rnl/Basic-Intermediate-Tutorial-Models/Tutorial-1/17-7.nec,ok,ok,0.497021715156734,0.5035375636070967,0.9871,1
cebik-w4rnl/Basic-Intermediate-Tutorial-Models/Tutorial-1/17-8-1.nec,ok,ok,0.7604673271998763,0.755129374563694,1.0071,1
cebik-w4rnl/Basic-Intermediate-Tutorial-Models/Tutorial-1/17-8.nec,ok,ok,0.7659449484199286,0.7599837072193623,1.0078,1
cebik-w4rnl/Basic-Intermediate-Tutorial-Models/Tutorial-1/18-1-1.nec,ok,ok,0.0177228394895792,0.017509684897959232,,0
cebik-w4rnl/Basic-Intermediate-Tutorial-Models/Tutorial-1/18-1.nec,ok,ok,0.017609071917831898,0.017378912307322025,,0
cebik-w4rnl/Basic-Intermediate-Tutorial-Models/Tutorial-1/18-10-1.nec,ok,ok,0.023132948204874992,0.023095893673598766,,0
cebik-w4rnl/Basic-Intermediate-Tutorial-Models/Tutorial-1/18-10.nec,ok,ok,0.0229027196764946,0.022725360468029976,,0
cebik-w4rnl/Basic-Intermediate-Tutorial-Models/Tutorial-1/18-1a.nec,ok,ok,0.015215960331261158,0.015266947448253632,,0
cebik-w4rnl/Basic-Intermediate-Tutorial-Models/Tutorial-1/18-2-1.nec,ok,ok,0.017654549330472946,0.01784520596265793,,0
cebik-w4rnl/Basic-Intermediate-Tutorial-Models/Tutorial-1/18-2.nec,ok,ok,0.01777711883187294,0.017546086572110653,,0
cebik-w4rnl/Basic-Intermediate-Tutorial-Models/Tutorial-1/18-2a.nec,ok,ok,0.022659776732325554,0.022469162940979004,,0
cebik-w4rnl/Basic-Intermediate-Tutorial-Models/Tutorial-1/18-3-1.nec,ok,ok,0.018522780388593674,0.018202679231762886,,0
cebik-w4rnl/Basic-Intermediate-Tutorial-Models/Tutorial-1/18-3-2.nec,ok,ok,0.018387059681117535,0.018352504819631577,,0
cebik-w4rnl/Basic-Intermediate-Tutorial-Models/Tutorial-1/18-3-3.nec,ok,ok,0.026782061904668808,0.024684748612344265,,0
cebik-w4rnl/Basic-Intermediate-Tutorial-Models/Tutorial-1/18-3.nec,ok,ok,0.00597816426306963,0.012938207015395164,,0
cebik-w4rnl/Basic-Intermediate-Tutorial-Models/Tutorial-1/18-4.nec,ok,ok,0.026290769688785076,0.02599150873720646,,0
cebik-w4rnl/Basic-Intermediate-Tutorial-Models/Tutorial-1/18-5.nec,ok,ok,0.030598425306379795,0.03107855562120676,,0
cebik-w4rnl/Basic-Intermediate-Tutorial-Models/Tutorial-1/18-6.nec,ok,ok,0.06625685002654791,0.07365080434828997,0.8996,1
cebik-w4rnl/Basic-Intermediate-Tutorial-Models/Tutorial-1/18-7.nec,ok,ok,0.0998179242014885,0.09847238194197416,1.0137,1
cebik-w4rnl/Basic-Intermediate-Tutorial-Models/Tutorial-1/18-8-1.nec,ok,ok,0.10743847582489252,0.10728001687675714,1.0015,1
cebik-w4rnl/Basic-Intermediate-Tutorial-Models/Tutorial-1/18-8-2.nec,ok,ok,0.10758874099701643,0.10773241892457008,0.9987,1
cebik-w4rnl/Basic-Intermediate-Tutorial-Models/Tutorial-1/18-8-3.nec,ok,ok,0.10706070251762867,0.10860240738838911,0.9858,1
cebik-w4rnl/Basic-Intermediate-Tutorial-Models/Tutorial-1/18-8-4.nec,ok,ok,0.1062919907271862,0.10673197638243437,0.9959,1
cebik-w4rnl/Basic-Intermediate-Tutorial-Models/Tutorial-1/18-8.nec,ok,ok,0.07528781611472368,0.07108751311898232,1.0591,1
cebik-w4rnl/Basic-Intermediate-Tutorial-Models/Tutorial-1/18-9.nec,ok,ok,0.027650819160044193,0.02755026612430811,,0
cebik-w4rnl/Basic-Intermediate-Tutorial-Models/Tutorial-1/19-1.nec,ok,ok,0.008894362486898899,0.00856590922921896,,0
cebik-w4rnl/Basic-Intermediate-Tutorial-Models/Tutorial-1/19-2-1.nec,ok,ok,0.05801981408149004,0.05848489981144667,0.9920,1
cebik-w4rnl/Basic-Intermediate-Tutorial-Models/Tutorial-1/19-2.nec,ok,ok,0.06482999864965677,0.0580961462110281,1.1159,1
cebik-w4rnl/Basic-Intermediate-Tutorial-Models/Tutorial-1/19-3-1.nec,ok,ok,0.0060853492468595505,0.006718616932630539,,0
cebik-w4rnl/Basic-Intermediate-Tutorial-Models/Tutorial-1/19-3.nec,ok,ok,0.009263118728995323,0.007273044437170029,,0
cebik-w4rnl/Basic-Intermediate-Tutorial-Models/Tutorial-1/19-4-1.nec,ok,ok,0.1156714940443635,0.11509273573756218,1.0050,1
cebik-w4rnl/Basic-Intermediate-Tutorial-Models/Tutorial-1/19-4.nec,ok,ok,0.11522712465375662,0.1146294642239809,1.0052,1
cebik-w4rnl/Basic-Intermediate-Tutorial-Models/Tutorial-1/19-5.nec,ok,ok,0.08023285865783691,0.08050155360251665,0.9967,1
cebik-w4rnl/Basic-Intermediate-Tutorial-Models/Tutorial-1/19-6-1.nec,ok,ok,0.008120034821331501,0.008134935982525349,,0
cebik-w4rnl/Basic-Intermediate-Tutorial-Models/Tutorial-1/19-6-2.nec,ok,ok,0.010592755861580372,0.010403493419289589,,0
cebik-w4rnl/Basic-Intermediate-Tutorial-Models/Tutorial-1/19-6-3.nec,ok,ok,0.013714459724724293,0.013723340816795826,,0
cebik-w4rnl/Basic-Intermediate-Tutorial-Models/Tutorial-1/19-6.nec,ok,ok,0.010512027889490128,0.01058938167989254,,0
cebik-w4rnl/Basic-Intermediate-Tutorial-Models/Tutorial-1/19-7.nec,ok,ok,0.009864765219390392,0.009694181382656097,,0
cebik-w4rnl/Basic-Intermediate-Tutorial-Models/Tutorial-1/2-1.nec,ok,ok,0.005740637890994549,0.006471632979810238,,0
cebik-w4rnl/Basic-Intermediate-Tutorial-Models/Tutorial-1/2-2.nec,ok,ok,0.06248898804187775,0.06223080214112997,1.0041,1
cebik-w4rnl/Basic-Intermediate-Tutorial-Models/Tutorial-1/2-3.nec,ok,ok,0.21535668428987265,0.21548193879425526,0.9994,1
cebik-w4rnl/Basic-Intermediate-Tutorial-Models/Tutorial-1/2-4.nec,ok,ok,0.008066690526902676,0.007948075421154499,,0
cebik-w4rnl/Basic-Intermediate-Tutorial-Models/Tutorial-1/2-5.nec,ok,ok,0.19744351226836443,0.1975977849215269,0.9992,1
cebik-w4rnl/Basic-Intermediate-Tutorial-Models/Tutorial-1/2-6.nec,ok,ok,0.011234295554459095,0.011192341335117817,,0
cebik-w4rnl/Basic-Intermediate-Tutorial-Models/Tutorial-1/20-1-1.nec,ok,ok,0.037201263941824436,0.03704641852527857,,0
cebik-w4rnl/Basic-Intermediate-Tutorial-Models/Tutorial-1/20-1-2.nec,ok,ok,0.03513529524207115,0.03479117248207331,,0
cebik-w4rnl/Basic-Intermediate-Tutorial-Models/Tutorial-1/20-1.nec,ok,ok,0.009165782481431961,0.009204494766891003,,0
cebik-w4rnl/Basic-Intermediate-Tutorial-Models/Tutorial-1/20-2-1.nec,ok,ok,0.042122102342545986,0.04224000312387943,,0
cebik-w4rnl/Basic-Intermediate-Tutorial-Models/Tutorial-1/20-2-2.nec,ok,ok,0.03268051240593195,0.028487011790275574,,0
cebik-w4rnl/Basic-Intermediate-Tutorial-Models/Tutorial-1/20-2-3.nec,ok,ok,0.023876427672803402,0.023862105794250965,,0
cebik-w4rnl/Basic-Intermediate-Tutorial-Models/Tutorial-1/20-2-4.nec,ok,ok,0.016069505363702774,0.017132974229753017,,0
cebik-w4rnl/Basic-Intermediate-Tutorial-Models/Tutorial-1/20-2.nec,ok,ok,0.059813838452100754,0.05985730793327093,0.9993,1
cebik-w4rnl/Basic-Intermediate-Tutorial-Models/Tutorial-1/20-3-1.nec,ok,ok,0.01085459440946579,0.010967157781124115,,0
cebik-w4rnl/Basic-Intermediate-Tutorial-Models/Tutorial-1/20-3-2.nec,ok,ok,0.01286452729254961,0.012668882496654987,,0
cebik-w4rnl/Basic-Intermediate-Tutorial-Models/Tutorial-1/20-4-1.nec,ok,ok,0.022115438245236874,0.021440060809254646,,0
cebik-w4rnl/Basic-Intermediate-Tutorial-Models/Tutorial-1/20-4-2.nec,ok,ok,0.02397776860743761,0.021211865358054638,,0
cebik-w4rnl/Basic-Intermediate-Tutorial-Models/Tutorial-1/20-4-3.nec,ok,ok,0.05999466124922037,0.05750368256121874,1.0433,1
cebik-w4rnl/Basic-Intermediate-Tutorial-Models/Tutorial-1/20-4-4.nec,ok,ok,0.05817777011543512,0.05740770325064659,1.0134,1
cebik-w4rnl/Basic-Intermediate-Tutorial-Models/Tutorial-1/20-4.nec,ok,ok,0.01079881563782692,0.014817265793681145,,0
cebik-w4rnl/Basic-Intermediate-Tutorial-Models/Tutorial-1/20-5-1.nec,ok,ok,0.026843847706913948,0.027116429060697556,,0
cebik-w4rnl/Basic-Intermediate-Tutorial-Models/Tutorial-1/20-5-2.nec,ok,ok,0.0438519474118948,0.039089093916118145,,0
cebik-w4rnl/Basic-Intermediate-Tutorial-Models/Tutorial-1/20-5-3.nec,ok,ok,0.0681547736749053,0.06709434930235147,1.0158,1
cebik-w4rnl/Basic-Intermediate-Tutorial-Models/Tutorial-1/20-5-4.nec,ok,ok,0.09082109294831753,0.09328240621834993,0.9736,1
cebik-w4rnl/Basic-Intermediate-Tutorial-Models/Tutorial-1/20-5-5.nec,ok,ok,0.28645211923867464,0.2867135005071759,0.9991,1
cebik-w4rnl/Basic-Intermediate-Tutorial-Models/Tutorial-1/20-6-1.nec,ok,ok,0.005128767341375351,0.005130289122462273,,0
cebik-w4rnl/Basic-Intermediate-Tutorial-Models/Tutorial-1/20-6-1A.nec,ok,ok,0.005633796565234661,0.005643503740429878,,0
cebik-w4rnl/Basic-Intermediate-Tutorial-Models/Tutorial-1/20-6-2.nec,ok,ok,0.010405722074210644,0.010313575156033039,,0
cebik-w4rnl/Basic-Intermediate-Tutorial-Models/Tutorial-1/20-6-2A.nec,ok,ok,0.028929101303219795,0.028172479942440987,,0
cebik-w4rnl/Basic-Intermediate-Tutorial-Models/Tutorial-1/20-6-3.nec,ok,ok,0.0061809588223695755,0.006207739934325218,,0
cebik-w4rnl/Basic-Intermediate-Tutorial-Models/Tutorial-1/20-6-3A.nec,ok,ok,0.00895494595170021,0.008994766511023045,,0
cebik-w4rnl/Basic-Intermediate-Tutorial-Models/Tutorial-1/20-6-4.nec,ok,ok,0.0070277005434036255,0.006923857145011425,,0
cebik-w4rnl/Basic-Intermediate-Tutorial-Models/Tutorial-1/20-6-4A.nec,ok,ok,0.012237823568284512,0.012168091721832752,,0
cebik-w4rnl/Basic-Intermediate-Tutorial-Models/Tutorial-1/20-7.nec,ok,ok,0.399698649533093,0.40833351016044617,0.9789,1
cebik-w4rnl/Basic-Intermediate-Tutorial-Models/Tutorial-1/20-8-1.nec,ok,ok,0.005250911228358746,0.005301345139741898,,0
cebik-w4rnl/Basic-Intermediate-Tutorial-Models/Tutorial-1/20-8-2.nec,ok,ok,0.006423000246286392,0.006684284657239914,,0
cebik-w4rnl/Basic-Intermediate-Tutorial-Models/Tutorial-1/20-8-3.nec,ok,ok,0.008421206846833229,0.008160029537975788,,0
cebik-w4rnl/Basic-Intermediate-Tutorial-Models/Tutorial-1/21-1-1.nec,ok,ok,0.032461230643093586,0.032436905428767204,,0
cebik-w4rnl/Basic-Intermediate-Tutorial-Models/Tutorial-1/21-1.nec,ok,ok,0.014413140714168549,0.014364008791744709,,0
cebik-w4rnl/Basic-Intermediate-Tutorial-Models/Tutorial-1/21-2-1.nec,ok,ok,0.038962945342063904,0.038696431554853916,,0
cebik-w4rnl/Basic-Intermediate-Tutorial-Models/Tutorial-1/21-2-2.nec,ok,ok,0.00848972238600254,0.008537618443369865,,0
cebik-w4rnl/Basic-Intermediate-Tutorial-Models/Tutorial-1/21-2-3.nec,ok,ok,0.10819104965776205,0.09804009459912777,1.1035,1
cebik-w4rnl/Basic-Intermediate-Tutorial-Models/Tutorial-1/21-2-4.nec,ok,ok,0.009110931307077408,0.026655022986233234,,0
cebik-w4rnl/Basic-Intermediate-Tutorial-Models/Tutorial-1/21-2-5.nec,ok,ok,0.03906291723251343,0.03838270716369152,,0
cebik-w4rnl/Basic-Intermediate-Tutorial-Models/Tutorial-1/21-3-1.nec,ok,ok,0.005067659541964531,0.005162219516932964,,0
cebik-w4rnl/Basic-Intermediate-Tutorial-Models/Tutorial-1/21-3-2.nec,ok,ok,0.005911414511501789,0.005830409936606884,,0
cebik-w4rnl/Basic-Intermediate-Tutorial-Models/Tutorial-1/21-3-3.nec,ok,ok,0.007914617657661438,0.00802468042820692,,0
cebik-w4rnl/Basic-Intermediate-Tutorial-Models/Tutorial-1/21-3-4.nec,ok,ok,0.04059790074825287,0.04071159940212965,,0
cebik-w4rnl/Basic-Intermediate-Tutorial-Models/Tutorial-1/21-4-1.nec,ok,ok,0.02681001927703619,0.026749946177005768,,0
cebik-w4rnl/Basic-Intermediate-Tutorial-Models/Tutorial-1/21-4-2.nec,ok,ok,0.027491184882819653,0.027422646060585976,,0
cebik-w4rnl/Basic-Intermediate-Tutorial-Models/Tutorial-1/21-4-3.nec,ok,ok,0.027370687574148178,0.027341220527887344,,0
cebik-w4rnl/Basic-Intermediate-Tutorial-Models/Tutorial-1/21-4-4.nec,ok,ok,0.1366581292822957,0.13599918410182,1.0048,1
cebik-w4rnl/Basic-Intermediate-Tutorial-Models/Tutorial-1/21-4-5.nec,ok,ok,0.028219626285135746,0.02827123925089836,,0
cebik-w4rnl/Basic-Intermediate-Tutorial-Models/Tutorial-1/21-4.nec,ok,ok,0.02666193339973688,0.027112508192658424,,0
cebik-w4rnl/Basic-Intermediate-Tutorial-Models/Tutorial-1/21-5-1.nec,ok,ok,0.00571944285184145,0.005904315039515495,,0
cebik-w4rnl/Basic-Intermediate-Tutorial-Models/Tutorial-1/21-5-2.nec,ok,ok,0.10234244354069233,0.10258931946009398,0.9976,1
cebik-w4rnl/Basic-Intermediate-Tutorial-Models/Tutorial-1/21-5-3.nec,ok,ok,0.10192049108445644,0.1010175384581089,1.0089,1
cebik-w4rnl/Basic-Intermediate-Tutorial-Models/Tutorial-1/21-5.nec,ok,ok,0.005591291002929211,0.005695606581866741,,0
cebik-w4rnl/Basic-Intermediate-Tutorial-Models/Tutorial-1/3-1.nec,ok,ok,0.005601578392088413,0.005613459274172783,,0
cebik-w4rnl/Basic-Intermediate-Tutorial-Models/Tutorial-1/3-2.nec,ok,ok,0.058483454398810863,0.059213727712631226,0.9877,1
cebik-w4rnl/Basic-Intermediate-Tutorial-Models/Tutorial-1/3-3.nec,ok,ok,0.0698710959404707,0.06971173547208309,1.0023,1
cebik-w4rnl/Basic-Intermediate-Tutorial-Models/Tutorial-1/3-4.nec,ok,ok,0.04903266113251448,0.04889662750065327,,0
cebik-w4rnl/Basic-Intermediate-Tutorial-Models/Tutorial-1/3-5.nec,ok,ok,0.05002345144748688,0.048447021283209324,,0
cebik-w4rnl/Basic-Intermediate-Tutorial-Models/Tutorial-1/4-1.nec,ok,ok,0.1733580967411399,0.17273820377886295,1.0036,1
cebik-w4rnl/Basic-Intermediate-Tutorial-Models/Tutorial-1/4-10.nec,ok,ok,0.01863051764667034,0.018613573163747787,,0
cebik-w4rnl/Basic-Intermediate-Tutorial-Models/Tutorial-1/4-2.nec,ok,ok,0.015362032689154148,0.015600032173097134,,0
cebik-w4rnl/Basic-Intermediate-Tutorial-Models/Tutorial-1/4-3.nec,ok,ok,0.008623937144875526,0.008647140115499496,,0
cebik-w4rnl/Basic-Intermediate-Tutorial-Models/Tutorial-1/4-4.nec,ok,ok,0.022554884664714336,0.02229474578052759,,0
cebik-w4rnl/Basic-Intermediate-Tutorial-Models/Tutorial-1/4-5.nec,ok,ok,0.19545821193605661,0.19521181844174862,1.0013,1
cebik-w4rnl/Basic-Intermediate-Tutorial-Models/Tutorial-1/4-6.nec,ok,ok,0.2044883333146572,0.2051806729286909,0.9966,1
cebik-w4rnl/Basic-Intermediate-Tutorial-Models/Tutorial-1/4-7.nec,ok,ok,0.20608312729746103,0.20349011849611998,1.0127,1
cebik-w4rnl/Basic-Intermediate-Tutorial-Models/Tutorial-1/4-8.nec,ok,ok,0.18434931989759207,0.1842188099399209,1.0007,1
cebik-w4rnl/Basic-Intermediate-Tutorial-Models/Tutorial-1/4-9.nec,ok,ok,0.011649915017187595,0.010545684024691582,,0
cebik-w4rnl/Basic-Intermediate-Tutorial-Models/Tutorial-1/5-1-1.nec,ok,ok,0.1929034562781453,0.1925612185150385,1.0018,1
cebik-w4rnl/Basic-Intermediate-Tutorial-Models/Tutorial-1/5-1-2.nec,ok,ok,0.017968472093343735,0.018110057339072227,,0
cebik-w4rnl/Basic-Intermediate-Tutorial-Models/Tutorial-1/5-2-1.nec,ok,ok,0.005755109712481499,0.00578845851123333,,0
cebik-w4rnl/Basic-Intermediate-Tutorial-Models/Tutorial-1/5-2-2.nec,ok,ok,0.040829356759786606,0.04160102363675833,,0
cebik-w4rnl/Basic-Intermediate-Tutorial-Models/Tutorial-1/5-3-1.nec,ok,ok,0.00593417976051569,0.006042923778295517,,0
cebik-w4rnl/Basic-Intermediate-Tutorial-Models/Tutorial-1/5-3-2.nec,ok,ok,0.008436856791377068,0.008324499242007732,,0
cebik-w4rnl/Basic-Intermediate-Tutorial-Models/Tutorial-1/5-4-1.nec,ok,ok,0.014416452497243881,0.014440106227993965,,0
cebik-w4rnl/Basic-Intermediate-Tutorial-Models/Tutorial-1/5-4-2.nec,ok,ok,0.014410162344574928,0.014396058395504951,,0
cebik-w4rnl/Basic-Intermediate-Tutorial-Models/Tutorial-1/5-5-1.nec,ok,ok,0.00693541020154953,0.006793303415179253,,0
cebik-w4rnl/Basic-Intermediate-Tutorial-Models/Tutorial-1/5-5-2.nec,ok,ok,0.006823685020208359,0.0069818804040551186,,0
cebik-w4rnl/Basic-Intermediate-Tutorial-Models/Tutorial-1/6-1.nec,ok,ok,0.19901093095541,0.19875648617744446,1.0013,1
cebik-w4rnl/Basic-Intermediate-Tutorial-Models/Tutorial-1/6-2.nec,ok,ok,0.07844939175993204,0.07843213062733412,1.0002,1
cebik-w4rnl/Basic-Intermediate-Tutorial-Models/Tutorial-1/6-3.nec,ok,ok,0.08500885404646397,0.08588684070855379,0.9898,1
cebik-w4rnl/Basic-Intermediate-Tutorial-Models/Tutorial-1/6-4.nec,ok,ok,0.06263192277401686,0.062051376327872276,1.0094,1
cebik-w4rnl/Basic-Intermediate-Tutorial-Models/Tutorial-1/6-5.nec,ok,ok,0.013077642768621445,0.012660144828259945,,0
cebik-w4rnl/Basic-Intermediate-Tutorial-Models/Tutorial-1/6-6.nec,ok,ok,0.2319418378174305,0.22998618613928556,1.0085,1
cebik-w4rnl/Basic-Intermediate-Tutorial-Models/Tutorial-1/6-7.nec,ok,ok,0.26576970517635345,0.26379654463380575,1.0075,1
cebik-w4rnl/Basic-Intermediate-Tutorial-Models/Tutorial-1/7-1.nec,ok,ok,0.18548310175538063,0.1851341724395752,1.0019,1
cebik-w4rnl/Basic-Intermediate-Tutorial-Models/Tutorial-1/7-2.nec,ok,ok,0.01516993809491396,0.015252947807312012,,0
cebik-w4rnl/Basic-Intermediate-Tutorial-Models/Tutorial-1/7-3.nec,ok,ok,0.009716461412608624,0.00960598886013031,,0
cebik-w4rnl/Basic-Intermediate-Tutorial-Models/Tutorial-1/7-4.nec,ok,ok,0.0058638425543904305,0.005830681882798672,,0
cebik-w4rnl/Basic-Intermediate-Tutorial-Models/Tutorial-1/7-5.nec,ok,ok,0.006489703431725502,0.006436505354940891,,0
cebik-w4rnl/Basic-Intermediate-Tutorial-Models/Tutorial-1/7-6.nec,ok,ok,0.007494284771382809,0.007384577766060829,,0
cebik-w4rnl/Basic-Intermediate-Tutorial-Models/Tutorial-1/7-7.nec,ok,ok,0.2216932838782668,0.22297090012580156,0.9943,1
cebik-w4rnl/Basic-Intermediate-Tutorial-Models/Tutorial-1/7-8.nec,ok,ok,0.008815917186439037,0.008680341765284538,,0
cebik-w4rnl/Basic-Intermediate-Tutorial-Models/Tutorial-1/8-1-1.nec,ok,ok,0.006208282895386219,0.006125430576503277,,0
cebik-w4rnl/Basic-Intermediate-Tutorial-Models/Tutorial-1/8-1.nec,ok,ok,0.005361420102417469,0.005299423821270466,,0
cebik-w4rnl/Basic-Intermediate-Tutorial-Models/Tutorial-1/8-2.nec,ok,ok,0.006451819092035294,0.00630098395049572,,0
cebik-w4rnl/Basic-Intermediate-Tutorial-Models/Tutorial-1/8-3.nec,ok,ok,0.0065625449642539024,0.006473344750702381,,0
cebik-w4rnl/Basic-Intermediate-Tutorial-Models/Tutorial-1/8-4.nec,ok,ok,0.00767088495194912,0.007567784748971462,,0
cebik-w4rnl/Basic-Intermediate-Tutorial-Models/Tutorial-1/8-5-1.nec,ok,ok,0.008384665474295616,0.008434302173554897,,0
cebik-w4rnl/Basic-Intermediate-Tutorial-Models/Tutorial-1/8-5.nec,ok,ok,0.009585744701325893,0.009426312521100044,,0
cebik-w4rnl/Basic-Intermediate-Tutorial-Models/Tutorial-1/8-6-1.nec,ok,ok,0.18118052370846272,0.18051530979573727,1.0037,1
cebik-w4rnl/Basic-Intermediate-Tutorial-Models/Tutorial-1/8-6.nec,ok,ok,0.2013160176575184,0.20146054588258266,0.9993,1
cebik-w4rnl/Basic-Intermediate-Tutorial-Models/Tutorial-1/8-7-1.nec,no-impedance,no-impedance,0.00598415732383728,0.005945704877376556,,0
cebik-w4rnl/Basic-Intermediate-Tutorial-Models/Tutorial-1/8-7-2.nec,no-impedance,no-impedance,0.006220354698598385,0.006172235123813152,,0
cebik-w4rnl/Basic-Intermediate-Tutorial-Models/Tutorial-1/8-7.nec,ok,ok,0.005867150612175465,0.0057671647518873215,,0
cebik-w4rnl/Basic-Intermediate-Tutorial-Models/Tutorial-1/9-1-1.nec,ok,ok,0.007915000431239605,0.007896722294390202,,0
cebik-w4rnl/Basic-Intermediate-Tutorial-Models/Tutorial-1/9-1-2.nec,ok,ok,0.007836807519197464,0.007693462073802948,,0
cebik-w4rnl/Basic-Intermediate-Tutorial-Models/Tutorial-1/9-1-3.nec,ok,ok,0.0078050605952739716,0.007863708771765232,,0
cebik-w4rnl/Basic-Intermediate-Tutorial-Models/Tutorial-1/9-2-1.nec,ok,ok,0.00790584646165371,0.00796540081501007,,0
cebik-w4rnl/Basic-Intermediate-Tutorial-Models/Tutorial-1/9-2-2.nec,ok,ok,0.007888631895184517,0.007797613739967346,,0
cebik-w4rnl/Basic-Intermediate-Tutorial-Models/Tutorial-1/9-2-3.nec,ok,ok,0.007932868786156178,0.007909190841019154,,0
cebik-w4rnl/Basic-Intermediate-Tutorial-Models/Tutorial-1/9-3-1.nec,ok,ok,0.007890143431723118,0.00787340011447668,,0
cebik-w4rnl/Basic-Intermediate-Tutorial-Models/Tutorial-1/9-3-2.nec,ok,ok,0.007905774749815464,0.007852948270738125,,0
cebik-w4rnl/Basic-Intermediate-Tutorial-Models/Tutorial-1/9-3-3.nec,ok,ok,0.007914623245596886,0.007818617857992649,,0
cebik-w4rnl/Basic-Intermediate-Tutorial-Models/Tutorial-1/9-4-1.nec,ok,ok,0.009468632750213146,0.009436497464776039,,0
cebik-w4rnl/Basic-Intermediate-Tutorial-Models/Tutorial-1/9-4.nec,ok,ok,0.00686915498226881,0.005841486155986786,,0
cebik-w4rnl/Basic-Intermediate-Tutorial-Models/Tutorial-1/9-5-1.nec,ok,ok,0.011234200559556484,0.011216780170798302,,0
cebik-w4rnl/Basic-Intermediate-Tutorial-Models/Tutorial-1/9-5-2.nec,ok,ok,0.014006746001541615,0.011119596660137177,,0
cebik-w4rnl/Basic-Intermediate-Tutorial-Models/Tutorial-1/9-5-3.nec,ok,ok,0.011298099532723427,0.010982412844896317,,0
cebik-w4rnl/Basic-Intermediate-Tutorial-Models/Tutorial-1/9-5.nec,ok,ok,0.014170577749609947,0.01150834746658802,,0
cebik-w4rnl/Basic-Intermediate-Tutorial-Models/Tutorial-1/9-6-1.nec,ok,ok,0.0069791823625564575,0.005702153779566288,,0
cebik-w4rnl/Basic-Intermediate-Tutorial-Models/Tutorial-1/9-6-2.nec,ok,ok,0.005105375312268734,0.005419153720140457,,0
cebik-w4rnl/Basic-Intermediate-Tutorial-Models/Tutorial-1/9-6-3.nec,ok,ok,0.0051738787442445755,0.006474439986050129,,0
cebik-w4rnl/Basic-Intermediate-Tutorial-Models/Tutorial-1/9-6-4.nec,ok,ok,0.006611919030547142,0.005311226472258568,,0
cebik-w4rnl/Basic-Intermediate-Tutorial-Models/Tutorial-1/9-6-5.nec,ok,ok,0.005951599217951298,0.006753625348210335,,0
cebik-w4rnl/Basic-Intermediate-Tutorial-Models/Tutorial-1/9-6.nec,ok,ok,0.005933496169745922,0.005995705723762512,,0
cebik-w4rnl/Basic-Intermediate-Tutorial-Models/Tutorial-2/ch-0/0-1.nec,ok,ok,0.2977109495550394,0.3017297238111496,0.9867,1
cebik-w4rnl/Basic-Intermediate-Tutorial-Models/Tutorial-2/ch-1/1-1.nec,ok,ok,0.0238197585567832,0.023695536889135838,,0
cebik-w4rnl/Basic-Intermediate-Tutorial-Models/Tutorial-2/ch-1/1-1a.nec,ok,ok,0.023617910221219063,0.023596343584358692,,0
cebik-w4rnl/Basic-Intermediate-Tutorial-Models/Tutorial-2/ch-1/1-1b.nec,ok,ok,0.023435763083398342,0.03181665204465389,,0
cebik-w4rnl/Basic-Intermediate-Tutorial-Models/Tutorial-2/ch-1/1-1c.nec,ok,ok,0.024036483839154243,0.023995372466742992,,0
cebik-w4rnl/Basic-Intermediate-Tutorial-Models/Tutorial-2/ch-1/1-2.nec,ok,ok,0.005382755771279335,0.005399060435593128,,0
cebik-w4rnl/Basic-Intermediate-Tutorial-Models/Tutorial-2/ch-1/1-2a.nec,ok,ok,0.005025756545364857,0.00520740170031786,,0
cebik-w4rnl/Basic-Intermediate-Tutorial-Models/Tutorial-2/ch-1/1-3.nec,ok,ok,0.2546103410422802,0.24825835227966309,1.0256,1
cebik-w4rnl/Basic-Intermediate-Tutorial-Models/Tutorial-2/ch-1/1-4.nec,ok,ok,0.005608120933175087,0.005548460409045219,,0
cebik-w4rnl/Basic-Intermediate-Tutorial-Models/Tutorial-2/ch-1/1-4a.nec,ok,ok,0.005679193884134293,0.00599866546690464,,0
cebik-w4rnl/Basic-Intermediate-Tutorial-Models/Tutorial-2/ch-1/1-4b.nec,ok,ok,0.31429771054536104,0.3160925079137087,0.9943,1
cebik-w4rnl/Basic-Intermediate-Tutorial-Models/Tutorial-2/ch-1/1-5.nec,ok,ok,0.0069472892209887505,0.006869998760521412,,0
cebik-w4rnl/Basic-Intermediate-Tutorial-Models/Tutorial-2/ch-1/1-6.nec,ok,ok,0.008853139355778694,0.008620113134384155,,0
cebik-w4rnl/Basic-Intermediate-Tutorial-Models/Tutorial-2/ch-1/1-6a.nec,ok,ok,0.007797718048095703,0.007701069116592407,,0
cebik-w4rnl/Basic-Intermediate-Tutorial-Models/Tutorial-2/ch-10/10-1.nec,ok,ok,0.004150197841227055,0.004208642989397049,,0
cebik-w4rnl/Basic-Intermediate-Tutorial-Models/Tutorial-2/ch-10/10-10.nec,ok,ok,0.0035541998222470284,0.0043664658442139626,,0
cebik-w4rnl/Basic-Intermediate-Tutorial-Models/Tutorial-2/ch-10/10-10a.nec,ok,ok,0.0035544149577617645,0.0041023967787623405,,0
cebik-w4rnl/Basic-Intermediate-Tutorial-Models/Tutorial-2/ch-10/10-10b.nec,ok,ok,0.003565150313079357,0.004146800376474857,,0
cebik-w4rnl/Basic-Intermediate-Tutorial-Models/Tutorial-2/ch-10/10-10c.nec,ok,ok,0.0034410301595926285,0.004225060343742371,,0
cebik-w4rnl/Basic-Intermediate-Tutorial-Models/Tutorial-2/ch-10/10-11.nec,ok,ok,0.003519737161695957,0.003954150713980198,,0
cebik-w4rnl/Basic-Intermediate-Tutorial-Models/Tutorial-2/ch-10/10-11a.nec,ok,ok,0.004981168545782566,0.005712882615625858,,0
cebik-w4rnl/Basic-Intermediate-Tutorial-Models/Tutorial-2/ch-10/10-11b.nec,ok,ok,0.005095251835882664,0.005937556736171246,,0
cebik-w4rnl/Basic-Intermediate-Tutorial-Models/Tutorial-2/ch-10/10-1a.nec,ok,ok,0.0057134442031383514,0.0063917748630046844,,0
cebik-w4rnl/Basic-Intermediate-Tutorial-Models/Tutorial-2/ch-10/10-2.nec,ok,ok,0.004741284996271133,0.005466677248477936,,0
cebik-w4rnl/Basic-Intermediate-Tutorial-Models/Tutorial-2/ch-10/10-2a.nec,ok,ok,0.0055796438828110695,0.005704336799681187,,0
cebik-w4rnl/Basic-Intermediate-Tutorial-Models/Tutorial-2/ch-10/10-2b.nec,ok,ok,0.004222830757498741,0.004173731431365013,,0
cebik-w4rnl/Basic-Intermediate-Tutorial-Models/Tutorial-2/ch-10/10-3.nec,ok,ok,0.00879520270973444,0.008752232417464256,,0
cebik-w4rnl/Basic-Intermediate-Tutorial-Models/Tutorial-2/ch-10/10-3a.nec,ok,ok,0.007851064205169678,0.00775551050901413,,0
cebik-w4rnl/Basic-Intermediate-Tutorial-Models/Tutorial-2/ch-10/10-3b.nec,ok,ok,0.012058877386152744,0.012235917150974274,,0
cebik-w4rnl/Basic-Intermediate-Tutorial-Models/Tutorial-2/ch-10/10-4.nec,ok,ok,0.00997897144407034,0.010415928438305855,,0
cebik-w4rnl/Basic-Intermediate-Tutorial-Models/Tutorial-2/ch-10/10-4a.nec,ok,ok,0.017743472941219807,0.01780472882091999,,0
cebik-w4rnl/Basic-Intermediate-Tutorial-Models/Tutorial-2/ch-10/10-4b.nec,ok,ok,0.007599208503961563,0.007571389898657799,,0
cebik-w4rnl/Basic-Intermediate-Tutorial-Models/Tutorial-2/ch-10/10-5.nec,ok,ok,0.22563685197383165,0.22042808588594198,1.0236,1
cebik-w4rnl/Basic-Intermediate-Tutorial-Models/Tutorial-2/ch-10/10-5a.nec,ok,ok,0.22686821222305298,0.2385300062596798,0.9511,1
cebik-w4rnl/Basic-Intermediate-Tutorial-Models/Tutorial-2/ch-10/10-6.nec,ok,ok,0.09860395081341267,0.0957391420379281,1.0299,1
cebik-w4rnl/Basic-Intermediate-Tutorial-Models/Tutorial-2/ch-10/10-6a.nec,ok,ok,0.041601710952818394,0.041417441330850124,,0
cebik-w4rnl/Basic-Intermediate-Tutorial-Models/Tutorial-2/ch-10/10-6b.nec,ok,ok,0.041635289788246155,0.04213336203247309,,0
cebik-w4rnl/Basic-Intermediate-Tutorial-Models/Tutorial-2/ch-10/10-7.nec,ok,ok,0.006695798598229885,0.004234210588037968,,0
cebik-w4rnl/Basic-Intermediate-Tutorial-Models/Tutorial-2/ch-10/10-8.nec,ok,ok,0.0037599941715598106,0.0034677833318710327,,0
cebik-w4rnl/Basic-Intermediate-Tutorial-Models/Tutorial-2/ch-10/10-8a.nec,ok,ok,0.0035525085404515266,0.006166951730847359,,0
cebik-w4rnl/Basic-Intermediate-Tutorial-Models/Tutorial-2/ch-10/10-8b.nec,ok,ok,0.003684581257402897,0.003599122166633606,,0
cebik-w4rnl/Basic-Intermediate-Tutorial-Models/Tutorial-2/ch-10/10-8c.nec,ok,ok,0.0035340245813131332,0.003700556233525276,,0
cebik-w4rnl/Basic-Intermediate-Tutorial-Models/Tutorial-2/ch-10/10-8d.nec,ok,ok,0.005243333987891674,0.004982203245162964,,0
cebik-w4rnl/Basic-Intermediate-Tutorial-Models/Tutorial-2/ch-10/10-9.nec,no-impedance,no-impedance,0.01592044811695814,0.015609717927873135,,0
cebik-w4rnl/Basic-Intermediate-Tutorial-Models/Tutorial-2/ch-10/10-9a.nec,ok,ok,0.014576049521565437,0.014430474489927292,,0
cebik-w4rnl/Basic-Intermediate-Tutorial-Models/Tutorial-2/ch-11/11-10-nec4.nec,ok,ok,0.06741191074252129,0.0673772320151329,1.0005,1
cebik-w4rnl/Basic-Intermediate-Tutorial-Models/Tutorial-2/ch-11/11-10a-nec4.nec,ok,ok,0.06738051678985357,0.0673878313973546,0.9999,1
cebik-w4rnl/Basic-Intermediate-Tutorial-Models/Tutorial-2/ch-11/11-10b-nec4.nec,ok,ok,0.06741562206298113,0.06814290024340153,0.9893,1
cebik-w4rnl/Basic-Intermediate-Tutorial-Models/Tutorial-2/ch-11/11-11.nec,ok,ok,0.19600188732147217,0.19704936910420656,0.9947,1
cebik-w4rnl/Basic-Intermediate-Tutorial-Models/Tutorial-2/ch-11/11-11a.nec,ok,ok,2.1268561696633697,2.1264849174767733,1.0002,1
cebik-w4rnl/Basic-Intermediate-Tutorial-Models/Tutorial-2/ch-11/11-1_1.nec,ok,ok,0.0072846561670303345,0.007264292798936367,,0
cebik-w4rnl/Basic-Intermediate-Tutorial-Models/Tutorial-2/ch-11/11-1_2.nec,ok,ok,0.00730937160551548,0.007295708172023296,,0
cebik-w4rnl/Basic-Intermediate-Tutorial-Models/Tutorial-2/ch-11/11-1a_1.nec,ok,ok,0.03686369862407446,0.03712286055088043,,0
cebik-w4rnl/Basic-Intermediate-Tutorial-Models/Tutorial-2/ch-11/11-1a_2.nec,ok,ok,0.03676527552306652,0.03689457289874554,,0
cebik-w4rnl/Basic-Intermediate-Tutorial-Models/Tutorial-2/ch-11/11-1b.nec,ok,ok,0.03665126487612724,0.036469834856688976,,0
cebik-w4rnl/Basic-Intermediate-Tutorial-Models/Tutorial-2/ch-11/11-2.nec,ok,ok,0.004972251132130623,0.004953222349286079,,0
cebik-w4rnl/Basic-Intermediate-Tutorial-Models/Tutorial-2/ch-11/11-2a.nec,ok,ok,0.06727132853120565,0.06721257604658604,1.0009,1
cebik-w4rnl/Basic-Intermediate-Tutorial-Models/Tutorial-2/ch-11/11-2b.nec,ok,ok,0.06727812252938747,0.06733361631631851,0.9992,1
cebik-w4rnl/Basic-Intermediate-Tutorial-Models/Tutorial-2/ch-11/11-3.nec,ok,ok,0.18806081265211105,0.18453277833759785,1.0191,1
cebik-w4rnl/Basic-Intermediate-Tutorial-Models/Tutorial-2/ch-11/11-3a.nec,ok,ok,0.18392471689730883,0.18443801254034042,0.9972,1
cebik-w4rnl/Basic-Intermediate-Tutorial-Models/Tutorial-2/ch-11/11-4.nec,ok,ok,0.20396938920021057,0.2052676770836115,0.9937,1
cebik-w4rnl/Basic-Intermediate-Tutorial-Models/Tutorial-2/ch-11/11-4a-nec4.nec,ok,ok,0.670664744451642,0.6654418660327792,1.0078,1
cebik-w4rnl/Basic-Intermediate-Tutorial-Models/Tutorial-2/ch-11/11-5.nec,ok,ok,0.15653686225414276,0.15694679878652096,0.9974,1
cebik-w4rnl/Basic-Intermediate-Tutorial-Models/Tutorial-2/ch-11/11-6.nec,ok,ok,0.05937197990715504,0.05957997124642134,0.9965,1
cebik-w4rnl/Basic-Intermediate-Tutorial-Models/Tutorial-2/ch-11/11-7.nec,ok,ok,0.06610016990453005,0.06681122165173292,0.9894,1
cebik-w4rnl/Basic-Intermediate-Tutorial-Models/Tutorial-2/ch-11/11-7a.nec,ok,ok,0.05923082213848829,0.05863570794463158,1.0101,1
cebik-w4rnl/Basic-Intermediate-Tutorial-Models/Tutorial-2/ch-11/11-7b-nec2.nec,ok,ok,0.0665010018274188,0.06642933003604412,1.0011,1
cebik-w4rnl/Basic-Intermediate-Tutorial-Models/Tutorial-2/ch-11/11-7c-nec2.nec,ok,ok,0.06622308399528265,0.06596129853278399,1.0040,1
cebik-w4rnl/Basic-Intermediate-Tutorial-Models/Tutorial-2/ch-11/11-7d-nec2.nec,ok,ok,0.0662485659122467,0.06589026842266321,1.0054,1
cebik-w4rnl/Basic-Intermediate-Tutorial-Models/Tutorial-2/ch-11/11-7e-nec2.nec,ok,ok,0.06768352165818214,0.06896008271723986,0.9815,1
cebik-w4rnl/Basic-Intermediate-Tutorial-Models/Tutorial-2/ch-11/11-7f-nec2.nec,ok,ok,0.06770746875554323,0.0701899928972125,0.9646,1
cebik-w4rnl/Basic-Intermediate-Tutorial-Models/Tutorial-2/ch-11/11-7g-nec2.nec,ok,ok,0.06763374339789152,0.06809040158987045,0.9933,1
cebik-w4rnl/Basic-Intermediate-Tutorial-Models/Tutorial-2/ch-11/11-8b-nec2.nec,ok,ok,0.06591204926371574,0.06590529158711433,1.0001,1
cebik-w4rnl/Basic-Intermediate-Tutorial-Models/Tutorial-2/ch-11/11-8c-nec2.nec,ok,ok,0.0660638427361846,0.06712738424539566,0.9842,1
cebik-w4rnl/Basic-Intermediate-Tutorial-Models/Tutorial-2/ch-11/11-8d-nec2.nec,ok,ok,0.06600603647530079,0.0660595828667283,0.9992,1
cebik-w4rnl/Basic-Intermediate-Tutorial-Models/Tutorial-2/ch-11/11-8e-nec2.nec,ok,ok,0.06758021749556065,0.06802301201969385,0.9935,1
cebik-w4rnl/Basic-Intermediate-Tutorial-Models/Tutorial-2/ch-11/11-8e-nec4.nec,ok,ok,0.06762110255658627,0.06856610160320997,0.9862,1
cebik-w4rnl/Basic-Intermediate-Tutorial-Models/Tutorial-2/ch-11/11-8f-nec2.nec,ok,ok,0.06745418254286051,0.07076978869736195,0.9531,1
cebik-w4rnl/Basic-Intermediate-Tutorial-Models/Tutorial-2/ch-11/11-8f-nec4.nec,ok,ok,0.06769784726202488,0.06728383246809244,1.0062,1
cebik-w4rnl/Basic-Intermediate-Tutorial-Models/Tutorial-2/ch-11/11-8g-nec2.nec,ok,ok,0.06774251442402601,0.06812556087970734,0.9944,1
cebik-w4rnl/Basic-Intermediate-Tutorial-Models/Tutorial-2/ch-11/11-8g-nec4.nec,ok,ok,0.07572003733366728,0.07584457192569971,0.9984,1
cebik-w4rnl/Basic-Intermediate-Tutorial-Models/Tutorial-2/ch-11/11-9-nec2.nec,ok,ok,0.06712443847209215,0.06797984708100557,0.9874,1
cebik-w4rnl/Basic-Intermediate-Tutorial-Models/Tutorial-2/ch-11/11-9a-nec2.nec,ok,ok,0.06728845462203026,0.06771839316934347,0.9937,1
cebik-w4rnl/Basic-Intermediate-Tutorial-Models/Tutorial-2/ch-11/11-9b-nec2.nec,ok,ok,0.06716939155012369,0.0676024230197072,0.9936,1
cebik-w4rnl/Basic-Intermediate-Tutorial-Models/Tutorial-2/ch-12/12-1.nec,ok,ok,0.00521471444517374,0.005111590959131718,,0
cebik-w4rnl/Basic-Intermediate-Tutorial-Models/Tutorial-2/ch-12/12-10-nec4.nec,ok,ok,0.8141196900978684,0.8169699851423502,0.9965,1
cebik-w4rnl/Basic-Intermediate-Tutorial-Models/Tutorial-2/ch-12/12-10a-nec4.nec,ok,ok,0.6399963097646832,0.6404020031914115,0.9994,1
cebik-w4rnl/Basic-Intermediate-Tutorial-Models/Tutorial-2/ch-12/12-11-nec4.nec,ok,ok,2.0178225953131914,2.0211809081956744,0.9983,1
cebik-w4rnl/Basic-Intermediate-Tutorial-Models/Tutorial-2/ch-12/12-11a-nec4.nec,ok,ok,2.013403366319835,2.043765600770712,0.9851,1
cebik-w4rnl/Basic-Intermediate-Tutorial-Models/Tutorial-2/ch-12/12-1a.nec,ok,ok,0.005385269410908222,0.005448954179883003,,0
cebik-w4rnl/Basic-Intermediate-Tutorial-Models/Tutorial-2/ch-12/12-1b.nec,no-impedance,no-impedance,0.005427821539342403,0.005426326766610146,,0
cebik-w4rnl/Basic-Intermediate-Tutorial-Models/Tutorial-2/ch-12/12-2.nec,ok,ok,0.007538945414125919,0.00742965005338192,,0
cebik-w4rnl/Basic-Intermediate-Tutorial-Models/Tutorial-2/ch-12/12-2a.nec,ok,ok,0.007738478481769562,0.007581223733723164,,0
cebik-w4rnl/Basic-Intermediate-Tutorial-Models/Tutorial-2/ch-12/12-3.nec,ok,ok,0.007470621727406979,0.007512413896620274,,0
cebik-w4rnl/Basic-Intermediate-Tutorial-Models/Tutorial-2/ch-12/12-3a.nec,ok,ok,0.007656915113329887,0.007647314108908176,,0
cebik-w4rnl/Basic-Intermediate-Tutorial-Models/Tutorial-2/ch-12/12-4.nec,ok,ok,0.006271852180361748,0.006206316873431206,,0
cebik-w4rnl/Basic-Intermediate-Tutorial-Models/Tutorial-2/ch-12/12-4a.nec,ok,ok,0.006360440514981747,0.006241898983716965,,0
cebik-w4rnl/Basic-Intermediate-Tutorial-Models/Tutorial-2/ch-12/12-4b.nec,ok,ok,0.0327795073390007,0.03367433324456215,,0
cebik-w4rnl/Basic-Intermediate-Tutorial-Models/Tutorial-2/ch-12/12-5.nec,ok,ok,0.014728480949997902,0.0060827406123280525,,0
cebik-w4rnl/Basic-Intermediate-Tutorial-Models/Tutorial-2/ch-12/12-5a.nec,ok,ok,0.00665503554046154,0.012630404904484749,,0
cebik-w4rnl/Basic-Intermediate-Tutorial-Models/Tutorial-2/ch-12/12-5b.nec,ok,ok,0.03359276056289673,0.03303008433431387,,0
cebik-w4rnl/Basic-Intermediate-Tutorial-Models/Tutorial-2/ch-12/12-6.nec,ok,ok,1.306159514002502,1.3135928250849247,0.9943,1
cebik-w4rnl/Basic-Intermediate-Tutorial-Models/Tutorial-2/ch-12/12-7.nec,ok,ok,0.02414082270115614,0.02416273672133684,,0
cebik-w4rnl/Basic-Intermediate-Tutorial-Models/Tutorial-2/ch-12/12-7a.nec,ok,ok,0.009294986724853516,0.009315280243754387,,0
cebik-w4rnl/Basic-Intermediate-Tutorial-Models/Tutorial-2/ch-12/12-8.nec,ok,ok,0.012029001489281654,0.011957738548517227,,0
cebik-w4rnl/Basic-Intermediate-Tutorial-Models/Tutorial-2/ch-12/12-8a.nec,ok,ok,0.012076717801392078,0.011985419318079948,,0
cebik-w4rnl/Basic-Intermediate-Tutorial-Models/Tutorial-2/ch-12/12-8b.nec,ok,ok,0.05723412614315748,0.05756939295679331,0.9942,1
cebik-w4rnl/Basic-Intermediate-Tutorial-Models/Tutorial-2/ch-12/12-9.nec,ok,ok,0.016653919592499733,0.01704917475581169,,0
cebik-w4rnl/Basic-Intermediate-Tutorial-Models/Tutorial-2/ch-12/12-9a.nec,ok,ok,0.004108400084078312,0.004311211407184601,,0
cebik-w4rnl/Basic-Intermediate-Tutorial-Models/Tutorial-2/ch-12/12-9b.nec,ok,ok,0.027734216302633286,0.027382705360651016,,0
cebik-w4rnl/Basic-Intermediate-Tutorial-Models/Tutorial-2/ch-12/12-9c.nec,ok,ok,0.027116695418953896,0.027127672918140888,,0
cebik-w4rnl/Basic-Intermediate-Tutorial-Models/Tutorial-2/ch-13/13-1.nec,ok,ok,0.005235539749264717,0.005387607961893082,,0
cebik-w4rnl/Basic-Intermediate-Tutorial-Models/Tutorial-2/ch-13/13-1a.nec,ok,ok,0.005336272530257702,0.00545358844101429,,0
cebik-w4rnl/Basic-Intermediate-Tutorial-Models/Tutorial-2/ch-13/13-1b.nec,ok,ok,0.00557095929980278,0.005669821985065937,,0
cebik-w4rnl/Basic-Intermediate-Tutorial-Models/Tutorial-2/ch-13/13-1c-nec4.nec,ok,ok,0.005866795778274536,0.005726201459765434,,0
cebik-w4rnl/Basic-Intermediate-Tutorial-Models/Tutorial-2/ch-13/13-1d.nec,ok,ok,0.00564214214682579,0.00526050478219986,,0
cebik-w4rnl/Basic-Intermediate-Tutorial-Models/Tutorial-2/ch-13/13-2.nec,ok,ok,0.005313172936439514,0.0053692711517214775,,0
cebik-w4rnl/Basic-Intermediate-Tutorial-Models/Tutorial-2/ch-13/13-2a.nec,ok,ok,0.00537581741809845,0.0052711451426148415,,0
cebik-w4rnl/Basic-Intermediate-Tutorial-Models/Tutorial-2/ch-13/13-2b.nec,ok,ok,0.005381355993449688,0.005360981449484825,,0
cebik-w4rnl/Basic-Intermediate-Tutorial-Models/Tutorial-2/ch-13/13-2c.nec,ok,ok,0.005486336536705494,0.0058575402945280075,,0
cebik-w4rnl/Basic-Intermediate-Tutorial-Models/Tutorial-2/ch-13/13-2d.nec,ok,ok,0.00539677869528532,0.005310244858264923,,0
cebik-w4rnl/Basic-Intermediate-Tutorial-Models/Tutorial-2/ch-13/13-2e.nec,ok,ok,0.00544466357678175,0.005284606479108334,,0
cebik-w4rnl/Basic-Intermediate-Tutorial-Models/Tutorial-2/ch-13/13-3.nec,ok,ok,0.012377919629216194,0.012596295215189457,,0
cebik-w4rnl/Basic-Intermediate-Tutorial-Models/Tutorial-2/ch-13/13-3a.nec,ok,ok,0.012674428522586823,0.012551750056445599,,0
cebik-w4rnl/Basic-Intermediate-Tutorial-Models/Tutorial-2/ch-13/13-4.nec,ok,ok,0.005261741578578949,0.005298974923789501,,0
cebik-w4rnl/Basic-Intermediate-Tutorial-Models/Tutorial-2/ch-13/13-4a.nec,ok,ok,0.0053933290764689445,0.0053191836923360825,,0
cebik-w4rnl/Basic-Intermediate-Tutorial-Models/Tutorial-2/ch-13/13-4b.nec,ok,ok,0.005391798913478851,0.005372161045670509,,0
cebik-w4rnl/Basic-Intermediate-Tutorial-Models/Tutorial-2/ch-13/13-4c.nec,ok,ok,0.005626961588859558,0.005335870198905468,,0
cebik-w4rnl/Basic-Intermediate-Tutorial-Models/Tutorial-2/ch-13/13-4d.nec,ok,ok,0.005358119495213032,0.005241141654551029,,0
cebik-w4rnl/Basic-Intermediate-Tutorial-Models/Tutorial-2/ch-13/13-5.nec,ok,ok,0.005366295576095581,0.005350839346647263,,0
cebik-w4rnl/Basic-Intermediate-Tutorial-Models/Tutorial-2/ch-13/13-5a.nec,ok,ok,0.005441412329673767,0.005489392206072807,,0
cebik-w4rnl/Basic-Intermediate-Tutorial-Models/Tutorial-2/ch-13/13-6.nec,ok,ok,0.007159317843616009,0.007362063974142075,,0
cebik-w4rnl/Basic-Intermediate-Tutorial-Models/Tutorial-2/ch-13/13-6a.nec,ok,ok,0.0076189907267689705,0.0073213763535022736,,0
cebik-w4rnl/Basic-Intermediate-Tutorial-Models/Tutorial-2/ch-13/13-6b.nec,ok,ok,0.0068413494154810905,0.006850533187389374,,0
cebik-w4rnl/Basic-Intermediate-Tutorial-Models/Tutorial-2/ch-13/13-7.nec,ok,ok,0.007830338552594185,0.007762927561998367,,0
cebik-w4rnl/Basic-Intermediate-Tutorial-Models/Tutorial-2/ch-13/13-7a.nec,ok,ok,0.007765575312077999,0.007721557281911373,,0
cebik-w4rnl/Basic-Intermediate-Tutorial-Models/Tutorial-2/ch-13/13-7b.nec,ok,ok,0.015544119291007519,0.01525007002055645,,0
cebik-w4rnl/Basic-Intermediate-Tutorial-Models/Tutorial-2/ch-13/13-7c.nec,ok,ok,0.016261287033557892,0.015934543684124947,,0
cebik-w4rnl/Basic-Intermediate-Tutorial-Models/Tutorial-2/ch-13/13-8.nec,ok,ok,0.008368173614144325,0.007984938099980354,,0
cebik-w4rnl/Basic-Intermediate-Tutorial-Models/Tutorial-2/ch-13/13-8a.nec,ok,ok,0.007955697365105152,0.00809596385806799,,0
cebik-w4rnl/Basic-Intermediate-Tutorial-Models/Tutorial-2/ch-13/13-8b.nec,ok,ok,0.024443012662231922,0.024660758674144745,,0
cebik-w4rnl/Basic-Intermediate-Tutorial-Models/Tutorial-2/ch-13/13-8c.nec,ok,ok,0.02516581490635872,0.025225005112588406,,0
cebik-w4rnl/Basic-Intermediate-Tutorial-Models/Tutorial-2/ch-13/13-9.nec,ok,ok,0.01968354359269142,0.01927730906754732,,0
cebik-w4rnl/Basic-Intermediate-Tutorial-Models/Tutorial-2/ch-13/13-9a.nec,ok,ok,0.061239748261868954,0.06036464124917984,1.0145,1
cebik-w4rnl/Basic-Intermediate-Tutorial-Models/Tutorial-2/ch-14/14-1.nec,ok,ok,0.013398073613643646,0.013280187733471394,,0
cebik-w4rnl/Basic-Intermediate-Tutorial-Models/Tutorial-2/ch-14/14-1a.nec,ok,ok,0.01330592017620802,0.013282823376357555,,0
cebik-w4rnl/Basic-Intermediate-Tutorial-Models/Tutorial-2/ch-14/14-3.nec,ok,ok,0.02765029016882181,0.027578609995543957,,0
cebik-w4rnl/Basic-Intermediate-Tutorial-Models/Tutorial-2/ch-14/14-3a.nec,ok,ok,0.02735917456448078,0.02735642809420824,,0
cebik-w4rnl/Basic-Intermediate-Tutorial-Models/Tutorial-2/ch-14/14-3b.nec,ok,ok,0.028081591241061687,0.02753263618797064,,0
cebik-w4rnl/Basic-Intermediate-Tutorial-Models/Tutorial-2/ch-14/14-3c.nec,ok,ok,0.027596784755587578,0.027209720574319363,,0
cebik-w4rnl/Basic-Intermediate-Tutorial-Models/Tutorial-2/ch-14/14-3d.nec,ok,ok,0.0272238003090024,0.02747532818466425,,0
cebik-w4rnl/Basic-Intermediate-Tutorial-Models/Tutorial-2/ch-14/14-4.nec,ok,ok,0.0037595313042402267,0.0037260912358760834,,0
cebik-w4rnl/Basic-Intermediate-Tutorial-Models/Tutorial-2/ch-14/14-4a.nec,ok,ok,0.003979822620749474,0.00399516336619854,,0
cebik-w4rnl/Basic-Intermediate-Tutorial-Models/Tutorial-2/ch-14/14-4b.nec,ok,ok,0.004061796702444553,0.0040724799036979675,,0
cebik-w4rnl/Basic-Intermediate-Tutorial-Models/Tutorial-2/ch-14/14-4c.nec,ok,ok,0.00370725616812706,0.003708929754793644,,0
cebik-w4rnl/Basic-Intermediate-Tutorial-Models/Tutorial-2/ch-14/14-5.nec,ok,ok,0.016453323885798454,0.016532042995095253,,0
cebik-w4rnl/Basic-Intermediate-Tutorial-Models/Tutorial-2/ch-14/14-5a.nec,ok,ok,0.017793850041925907,0.01774811465293169,,0
cebik-w4rnl/Basic-Intermediate-Tutorial-Models/Tutorial-2/ch-14/14-6.nec,ok,ok,0.012252353131771088,0.012000310234725475,,0
cebik-w4rnl/Basic-Intermediate-Tutorial-Models/Tutorial-2/ch-14/14-6a.nec,ok,ok,0.012857230380177498,0.012954432517290115,,0
cebik-w4rnl/Basic-Intermediate-Tutorial-Models/Tutorial-2/ch-14/14-6b.nec,ok,ok,0.012744652107357979,0.012580269947648048,,0
cebik-w4rnl/Basic-Intermediate-Tutorial-Models/Tutorial-2/ch-14/14-6c.nec,ok,ok,0.012206408195197582,0.012246024794876575,,0
cebik-w4rnl/Basic-Intermediate-Tutorial-Models/Tutorial-2/ch-14/14-6d.nec,ok,ok,0.01238617766648531,0.012252168729901314,,0
cebik-w4rnl/Basic-Intermediate-Tutorial-Models/Tutorial-2/ch-15/15-1.nec,ok,ok,0.0057683903723955154,0.005693539977073669,,0
cebik-w4rnl/Basic-Intermediate-Tutorial-Models/Tutorial-2/ch-15/15-1a.nec,ok,ok,0.005713357590138912,0.005680689588189125,,0
cebik-w4rnl/Basic-Intermediate-Tutorial-Models/Tutorial-2/ch-15/15-1b.nec,ok,ok,0.005990305915474892,0.005986461415886879,,0
cebik-w4rnl/Basic-Intermediate-Tutorial-Models/Tutorial-2/ch-15/15-1c.nec,ok,ok,0.006383715197443962,0.00627303309738636,,0
cebik-w4rnl/Basic-Intermediate-Tutorial-Models/Tutorial-2/ch-15/15-1c1.nec,ok,ok,0.05113691743463278,0.05132187902927399,0.9964,1
cebik-w4rnl/Basic-Intermediate-Tutorial-Models/Tutorial-2/ch-15/15-1d.nec,ok,ok,0.005763314664363861,0.005836013704538345,,0
cebik-w4rnl/Basic-Intermediate-Tutorial-Models/Tutorial-2/ch-15/15-1d1.nec,ok,ok,0.05395575240254402,0.05198807455599308,1.0378,1
cebik-w4rnl/Basic-Intermediate-Tutorial-Models/Tutorial-2/ch-15/15-2.nec,ok,ok,0.005894436500966549,0.0058672381564974785,,0
cebik-w4rnl/Basic-Intermediate-Tutorial-Models/Tutorial-2/ch-15/15-2a.nec,ok,ok,0.006038554012775421,0.005953050218522549,,0
cebik-w4rnl/Basic-Intermediate-Tutorial-Models/Tutorial-2/ch-15/15-2b.nec,ok,ok,0.006353410892188549,0.006085256114602089,,0
cebik-w4rnl/Basic-Intermediate-Tutorial-Models/Tutorial-2/ch-15/15-3.nec,ok,ok,0.09038419928401709,0.06940264906734228,1.3023,1
cebik-w4rnl/Basic-Intermediate-Tutorial-Models/Tutorial-2/ch-15/15-3a.nec,ok,ok,0.05586623679846525,0.0545121431350708,1.0248,1
cebik-w4rnl/Basic-Intermediate-Tutorial-Models/Tutorial-2/ch-15/15-4-1.nec,ok,ok,0.005042099393904209,0.005314746871590614,,0
cebik-w4rnl/Basic-Intermediate-Tutorial-Models/Tutorial-2/ch-15/15-4.nec,ok,ok,0.005246071144938469,0.0052097262814641,,0
cebik-w4rnl/Basic-Intermediate-Tutorial-Models/Tutorial-2/ch-15/15-4a.nec,ok,ok,0.005307450890541077,0.005233150906860828,,0
cebik-w4rnl/Basic-Intermediate-Tutorial-Models/Tutorial-2/ch-15/15-4a1.nec,ok,ok,0.005329528823494911,0.005299811251461506,,0
cebik-w4rnl/Basic-Intermediate-Tutorial-Models/Tutorial-2/ch-15/15-4b.nec,ok,ok,0.005371591076254845,0.005285760387778282,,0
cebik-w4rnl/Basic-Intermediate-Tutorial-Models/Tutorial-2/ch-15/15-4b1.nec,ok,ok,0.005377465859055519,0.005408975295722485,,0
cebik-w4rnl/Basic-Intermediate-Tutorial-Models/Tutorial-2/ch-15/15-4c.nec,ok,ok,0.0052589355036616325,0.005211859010159969,,0
cebik-w4rnl/Basic-Intermediate-Tutorial-Models/Tutorial-2/ch-15/15-4c1.nec,ok,ok,0.005617446266114712,0.0054030390456318855,,0
cebik-w4rnl/Basic-Intermediate-Tutorial-Models/Tutorial-2/ch-15/15-5-1.nec,ok,ok,0.005589032545685768,0.005243908613920212,,0
cebik-w4rnl/Basic-Intermediate-Tutorial-Models/Tutorial-2/ch-15/15-5.nec,ok,ok,0.007854387164115906,0.005270082503557205,,0
cebik-w4rnl/Basic-Intermediate-Tutorial-Models/Tutorial-2/ch-15/15-5a-1.nec,ok,ok,0.005494594573974609,0.008267168886959553,,0
cebik-w4rnl/Basic-Intermediate-Tutorial-Models/Tutorial-2/ch-15/15-5a.nec,ok,ok,0.008529122918844223,0.005362270399928093,,0
cebik-w4rnl/Basic-Intermediate-Tutorial-Models/Tutorial-2/ch-15/15-5b-1.nec,ok,ok,0.005265435203909874,0.008513171225786209,,0
cebik-w4rnl/Basic-Intermediate-Tutorial-Models/Tutorial-2/ch-15/15-5b.nec,ok,ok,0.005342194810509682,0.005488390102982521,,0
cebik-w4rnl/Basic-Intermediate-Tutorial-Models/Tutorial-2/ch-15/15-6.nec,ok,ok,0.008446025662124157,0.008557991124689579,,0
cebik-w4rnl/Basic-Intermediate-Tutorial-Models/Tutorial-2/ch-15/15-6a.nec,ok,ok,0.009361973963677883,0.00955237541347742,,0
cebik-w4rnl/Basic-Intermediate-Tutorial-Models/Tutorial-2/ch-15/15-6b.nec,ok,ok,0.12892694026231766,0.1285208174958825,1.0032,1
cebik-w4rnl/Basic-Intermediate-Tutorial-Models/Tutorial-2/ch-15/15-7.nec,ok,ok,0.023525631986558437,0.0235054986551404,,0
cebik-w4rnl/Basic-Intermediate-Tutorial-Models/Tutorial-2/ch-15/15-7a.nec,ok,ok,0.371369575150311,0.3699398981407285,1.0039,1
cebik-w4rnl/Basic-Intermediate-Tutorial-Models/Tutorial-2/ch-15/15-7b.nec,ok,ok,0.0233274782076478,0.023908275179564953,,0
cebik-w4rnl/Basic-Intermediate-Tutorial-Models/Tutorial-2/ch-15/15-7c.nec,ok,ok,0.21020388323813677,0.2107149101793766,0.9976,1
cebik-w4rnl/Basic-Intermediate-Tutorial-Models/Tutorial-2/ch-15/15-8.nec,ok,ok,0.2101293159648776,0.20991703681647778,1.0010,1
cebik-w4rnl/Basic-Intermediate-Tutorial-Models/Tutorial-2/ch-15/15-8a.nec,ok,ok,0.2095122803002596,0.2088578473776579,1.0031,1
cebik-w4rnl/Basic-Intermediate-Tutorial-Models/Tutorial-2/ch-15/15-8b.nec,ok,ok,0.21247403044253588,0.2115111593157053,1.0046,1
cebik-w4rnl/Basic-Intermediate-Tutorial-Models/Tutorial-2/ch-15/15-9.nec,ok,ok,0.010030114091932774,0.009929326362907887,,0
cebik-w4rnl/Basic-Intermediate-Tutorial-Models/Tutorial-2/ch-15/15-9a.nec,ok,ok,0.06728063430637121,0.0650493698194623,1.0343,1
cebik-w4rnl/Basic-Intermediate-Tutorial-Models/Tutorial-2/ch-16/16-1.nec,ok,ok,0.005286211147904396,0.005298284813761711,,0
cebik-w4rnl/Basic-Intermediate-Tutorial-Models/Tutorial-2/ch-16/16-10a.nec,ok,ok,0.005550602450966835,0.00550707895308733,,0
cebik-w4rnl/Basic-Intermediate-Tutorial-Models/Tutorial-2/ch-16/16-10b.nec,ok,ok,0.0055230725556612015,0.005498018115758896,,0
cebik-w4rnl/Basic-Intermediate-Tutorial-Models/Tutorial-2/ch-16/16-10c.nec,ok,ok,0.005571532994508743,0.005467262119054794,,0
cebik-w4rnl/Basic-Intermediate-Tutorial-Models/Tutorial-2/ch-16/16-10d.nec,ok,ok,0.005604475736618042,0.005493806675076485,,0
cebik-w4rnl/Basic-Intermediate-Tutorial-Models/Tutorial-2/ch-16/16-10e.nec,ok,ok,0.005579804070293903,0.005549881607294083,,0
cebik-w4rnl/Basic-Intermediate-Tutorial-Models/Tutorial-2/ch-16/16-10f.nec,ok,ok,0.005551695823669434,0.005520347505807877,,0
cebik-w4rnl/Basic-Intermediate-Tutorial-Models/Tutorial-2/ch-16/16-10g.nec,ok,ok,0.005520693026483059,0.005583232268691063,,0
cebik-w4rnl/Basic-Intermediate-Tutorial-Models/Tutorial-2/ch-16/16-10h.nec,ok,ok,0.00559011846780777,0.005647797137498856,,0
cebik-w4rnl/Basic-Intermediate-Tutorial-Models/Tutorial-2/ch-16/16-11a.nec,ok,ok,0.005676859058439732,0.005633290857076645,,0
cebik-w4rnl/Basic-Intermediate-Tutorial-Models/Tutorial-2/ch-16/16-11b.nec,ok,ok,0.005613910034298897,0.005589411593973637,,0
cebik-w4rnl/Basic-Intermediate-Tutorial-Models/Tutorial-2/ch-16/16-11c.nec,ok,ok,0.00857916846871376,0.005455031991004944,,0
cebik-w4rnl/Basic-Intermediate-Tutorial-Models/Tutorial-2/ch-16/16-11d.nec,ok,ok,0.005653971806168556,0.005711075849831104,,0
cebik-w4rnl/Basic-Intermediate-Tutorial-Models/Tutorial-2/ch-16/16-11e.nec,ok,ok,0.008726637810468674,0.0054407911375164986,,0
cebik-w4rnl/Basic-Intermediate-Tutorial-Models/Tutorial-2/ch-16/16-11f.nec,ok,ok,0.005575457587838173,0.00581689178943634,,0
cebik-w4rnl/Basic-Intermediate-Tutorial-Models/Tutorial-2/ch-16/16-11g.nec,ok,ok,0.008621235378086567,0.008064123801887035,,0
cebik-w4rnl/Basic-Intermediate-Tutorial-Models/Tutorial-2/ch-16/16-11h.nec,ok,ok,0.007757080718874931,0.007837658748030663,,0
cebik-w4rnl/Basic-Intermediate-Tutorial-Models/Tutorial-2/ch-16/16-1a.nec,ok,ok,0.005216551013290882,0.005510023795068264,,0
cebik-w4rnl/Basic-Intermediate-Tutorial-Models/Tutorial-2/ch-16/16-1b.nec,ok,ok,0.00833927746862173,0.0055269477888941765,,0
cebik-w4rnl/Basic-Intermediate-Tutorial-Models/Tutorial-2/ch-16/16-1c.nec,ok,ok,0.005297188647091389,0.007445270195603371,,0
cebik-w4rnl/Basic-Intermediate-Tutorial-Models/Tutorial-2/ch-16/16-1d.nec,ok,ok,0.005335010588169098,0.008491426706314087,,0
cebik-w4rnl/Basic-Intermediate-Tutorial-Models/Tutorial-2/ch-16/16-2.nec,ok,ok,0.008380199782550335,0.006157156080007553,,0
cebik-w4rnl/Basic-Intermediate-Tutorial-Models/Tutorial-2/ch-16/16-2a.nec,ok,ok,0.005336456000804901,0.005484254099428654,,0
cebik-w4rnl/Basic-Intermediate-Tutorial-Models/Tutorial-2/ch-16/16-2b.nec,ok,ok,0.008203931152820587,0.007657072506844997,,0
cebik-w4rnl/Basic-Intermediate-Tutorial-Models/Tutorial-2/ch-16/16-2c.nec,ok,ok,0.005373205989599228,0.005429578013718128,,0
cebik-w4rnl/Basic-Intermediate-Tutorial-Models/Tutorial-2/ch-16/16-2d.nec,ok,ok,0.008395364508032799,0.007513026706874371,,0
cebik-w4rnl/Basic-Intermediate-Tutorial-Models/Tutorial-2/ch-16/16-3.nec,ok,ok,0.005609653890132904,0.005582941696047783,,0
cebik-w4rnl/Basic-Intermediate-Tutorial-Models/Tutorial-2/ch-16/16-4.nec,ok,ok,0.008529228158295155,0.007942486554384232,,0
cebik-w4rnl/Basic-Intermediate-Tutorial-Models/Tutorial-2/ch-16/16-4a.nec,ok,ok,0.00569791067391634,0.005744479596614838,,0
cebik-w4rnl/Basic-Intermediate-Tutorial-Models/Tutorial-2/ch-16/16-5.nec,ok,ok,0.005434900522232056,0.005637842230498791,,0
cebik-w4rnl/Basic-Intermediate-Tutorial-Models/Tutorial-2/ch-16/16-5a.nec,ok,ok,0.005563127808272839,0.0056395456194877625,,0
cebik-w4rnl/Basic-Intermediate-Tutorial-Models/Tutorial-2/ch-16/16-6.nec,ok,ok,0.005647322162985802,0.005717822350561619,,0
cebik-w4rnl/Basic-Intermediate-Tutorial-Models/Tutorial-2/ch-16/16-6a.nec,ok,ok,0.0055478643625974655,0.00585002638399601,,0
cebik-w4rnl/Basic-Intermediate-Tutorial-Models/Tutorial-2/ch-16/16-7.nec,ok,ok,0.012180349789559841,0.012475049123167992,,0
cebik-w4rnl/Basic-Intermediate-Tutorial-Models/Tutorial-2/ch-16/16-7a.nec,ok,ok,0.012566985562443733,0.012461989186704159,,0
cebik-w4rnl/Basic-Intermediate-Tutorial-Models/Tutorial-2/ch-16/16-7b.nec,ok,ok,0.011540149338543415,0.011632968671619892,,0
cebik-w4rnl/Basic-Intermediate-Tutorial-Models/Tutorial-2/ch-16/16-8.nec,ok,ok,0.00573392678052187,0.005610274150967598,,0
cebik-w4rnl/Basic-Intermediate-Tutorial-Models/Tutorial-2/ch-16/16-8a.nec,ok,ok,0.006201448850333691,0.005577375181019306,,0
cebik-w4rnl/Basic-Intermediate-Tutorial-Models/Tutorial-2/ch-16/16-8b.nec,ok,ok,0.00569778960198164,0.005629147402942181,,0
cebik-w4rnl/Basic-Intermediate-Tutorial-Models/Tutorial-2/ch-16/16-8c.nec,ok,ok,0.008765350095927715,0.0056336624547839165,,0
cebik-w4rnl/Basic-Intermediate-Tutorial-Models/Tutorial-2/ch-16/16-8d.nec,ok,ok,0.006013501435518265,0.005475320853292942,,0
cebik-w4rnl/Basic-Intermediate-Tutorial-Models/Tutorial-2/ch-16/16-9.nec,ok,ok,0.009027248248457909,0.005611102096736431,,0
cebik-w4rnl/Basic-Intermediate-Tutorial-Models/Tutorial-2/ch-16/16-9a.nec,ok,ok,0.0057323994114995,0.005698470398783684,,0
cebik-w4rnl/Basic-Intermediate-Tutorial-Models/Tutorial-2/ch-16/16-9b.nec,ok,ok,0.005631512030959129,0.005788416601717472,,0
cebik-w4rnl/Basic-Intermediate-Tutorial-Models/Tutorial-2/ch-16/16-9c.nec,ok,ok,0.005594020709395409,0.005716068670153618,,0
cebik-w4rnl/Basic-Intermediate-Tutorial-Models/Tutorial-2/ch-16/16-9d.nec,ok,ok,0.005684572272002697,0.005537062883377075,,0
cebik-w4rnl/Basic-Intermediate-Tutorial-Models/Tutorial-2/ch-16/16-9e.nec,ok,ok,0.005616975016891956,0.005823234096169472,,0
cebik-w4rnl/Basic-Intermediate-Tutorial-Models/Tutorial-2/ch-16/16-9f.nec,ok,ok,0.008948270231485367,0.0055931368842720985,,0
cebik-w4rnl/Basic-Intermediate-Tutorial-Models/Tutorial-2/ch-16/16-9g.nec,ok,ok,0.005777834914624691,0.005619346164166927,,0
cebik-w4rnl/Basic-Intermediate-Tutorial-Models/Tutorial-2/ch-16/16-9h.nec,ok,ok,0.005565737374126911,0.005586966872215271,,0
cebik-w4rnl/Basic-Intermediate-Tutorial-Models/Tutorial-2/ch-17/17-1.nec,ok,ok,0.006674180738627911,0.006441889330744743,,0
cebik-w4rnl/Basic-Intermediate-Tutorial-Models/Tutorial-2/ch-17/17-10-nec2.nec,ok,ok,0.03662357572466135,0.03709997795522213,,0
cebik-w4rnl/Basic-Intermediate-Tutorial-Models/Tutorial-2/ch-17/17-10-nec4.nec,ok,ok,0.019796550273895264,0.019609916023910046,,0
cebik-w4rnl/Basic-Intermediate-Tutorial-Models/Tutorial-2/ch-17/17-11-nec2.nec,ok,ok,0.03921897057443857,0.03958915174007416,,0
cebik-w4rnl/Basic-Intermediate-Tutorial-Models/Tutorial-2/ch-17/17-11-nec4.nec,ok,ok,0.019810324534773827,0.019654655829072,,0
cebik-w4rnl/Basic-Intermediate-Tutorial-Models/Tutorial-2/ch-17/17-1a.nec,ok,ok,0.0686014499515295,0.06833039503544569,1.0040,1
cebik-w4rnl/Basic-Intermediate-Tutorial-Models/Tutorial-2/ch-17/17-2.nec,ok,ok,0.2444601058959961,0.229988650418818,1.0629,1
cebik-w4rnl/Basic-Intermediate-Tutorial-Models/Tutorial-2/ch-17/17-2a.nec,ok,ok,0.11683526169508696,0.1187403341755271,0.9840,1
cebik-w4rnl/Basic-Intermediate-Tutorial-Models/Tutorial-2/ch-17/17-3.nec,ok,ok,0.06602291204035282,0.08074202761054039,0.8177,1
cebik-w4rnl/Basic-Intermediate-Tutorial-Models/Tutorial-2/ch-17/17-3a.nec,ok,ok,0.13083458505570889,0.10883414093405008,1.2021,1
cebik-w4rnl/Basic-Intermediate-Tutorial-Models/Tutorial-2/ch-17/17-4.nec,ok,ok,0.005189188756048679,0.004763416014611721,,0
cebik-w4rnl/Basic-Intermediate-Tutorial-Models/Tutorial-2/ch-17/17-5.nec,ok,ok,0.005046863108873367,0.00500917062163353,,0
cebik-w4rnl/Basic-Intermediate-Tutorial-Models/Tutorial-2/ch-18/18-1.nec,ok,ok,0.0655106408521533,0.06548838876187801,1.0003,1
cebik-w4rnl/Basic-Intermediate-Tutorial-Models/Tutorial-2/ch-18/18-10.nec,ok,ok,0.32578722573816776,0.3431934239342809,0.9493,1
cebik-w4rnl/Basic-Intermediate-Tutorial-Models/Tutorial-2/ch-18/18-11.nec,no-impedance,no-impedance,0.0031757578253746033,0.0031224219128489494,,0
cebik-w4rnl/Basic-Intermediate-Tutorial-Models/Tutorial-2/ch-18/18-11a.nec,ok,ok,0.5590075366199017,0.5596584547311068,0.9988,1
cebik-w4rnl/Basic-Intermediate-Tutorial-Models/Tutorial-2/ch-18/18-11b.nec,ok,ok,0.5582332257181406,0.5576275670900941,1.0011,1
cebik-w4rnl/Basic-Intermediate-Tutorial-Models/Tutorial-2/ch-18/18-11c.nec,ok,ok,1.1173992976546288,1.116094614379108,1.0012,1
cebik-w4rnl/Basic-Intermediate-Tutorial-Models/Tutorial-2/ch-18/18-12-nec2.nec,ok,ok,0.0038395170122385025,0.00370696559548378,,0
cebik-w4rnl/Basic-Intermediate-Tutorial-Models/Tutorial-2/ch-18/18-12-nec4.nec,ok,ok,0.0037946105003356934,0.003676316700875759,,0
cebik-w4rnl/Basic-Intermediate-Tutorial-Models/Tutorial-2/ch-18/18-13-nec4.nec,ok,ok,0.0038143303245306015,0.0036439402028918266,,0
cebik-w4rnl/Basic-Intermediate-Tutorial-Models/Tutorial-2/ch-18/18-14-nec4.nec,ok,ok,0.004031576216220856,0.003956455737352371,,0
cebik-w4rnl/Basic-Intermediate-Tutorial-Models/Tutorial-2/ch-18/18-2.nec,ok,ok,0.06547534931451082,0.06559267081320286,0.9982,1
cebik-w4rnl/Basic-Intermediate-Tutorial-Models/Tutorial-2/ch-18/18-3.nec,ok,ok,0.06491084024310112,0.0655781589448452,0.9898,1
cebik-w4rnl/Basic-Intermediate-Tutorial-Models/Tutorial-2/ch-18/18-4.nec,ok,ok,0.06520220916718245,0.06566553004086018,0.9929,1
cebik-w4rnl/Basic-Intermediate-Tutorial-Models/Tutorial-2/ch-18/18-5-nec4.nec,ok,ok,0.06483022775501013,0.06551169510930777,0.9896,1
cebik-w4rnl/Basic-Intermediate-Tutorial-Models/Tutorial-2/ch-18/18-6.nec,ok,ok,0.06546200066804886,0.06533835176378489,1.0019,1
cebik-w4rnl/Basic-Intermediate-Tutorial-Models/Tutorial-2/ch-18/18-7.nec,ok,ok,0.1382428240031004,0.14485568925738335,0.9543,1
cebik-w4rnl/Basic-Intermediate-Tutorial-Models/Tutorial-2/ch-18/18-8.nec,ok,ok,0.12951129395514727,0.1334382090717554,0.9706,1
cebik-w4rnl/Basic-Intermediate-Tutorial-Models/Tutorial-2/ch-18/18-9.nec,ok,ok,0.4649471426382661,0.4910854808986187,0.9468,1
cebik-w4rnl/Basic-Intermediate-Tutorial-Models/Tutorial-2/ch-19/19-1.nec,ok,ok,0.005349835380911827,0.005339291878044605,,0
cebik-w4rnl/Basic-Intermediate-Tutorial-Models/Tutorial-2/ch-19/19-10.nec,ok,ok,0.01123865693807602,0.011219101026654243,,0
cebik-w4rnl/Basic-Intermediate-Tutorial-Models/Tutorial-2/ch-19/19-10a.nec,ok,ok,0.6672258414328098,0.6524529168382287,1.0226,1
cebik-w4rnl/Basic-Intermediate-Tutorial-Models/Tutorial-2/ch-19/19-10b.nec,ok,ok,0.40095034148544073,0.41767582949250937,0.9600,1
cebik-w4rnl/Basic-Intermediate-Tutorial-Models/Tutorial-2/ch-19/19-11.nec,ok,ok,0.006994681432843208,0.11310611199587584,,0
cebik-w4rnl/Basic-Intermediate-Tutorial-Models/Tutorial-2/ch-19/19-11a.nec,ok,ok,0.0069776978343725204,0.0067947907373309135,,0
cebik-w4rnl/Basic-Intermediate-Tutorial-Models/Tutorial-2/ch-19/19-11b.nec,ok,ok,0.0071685416623950005,0.006494300439953804,,0
cebik-w4rnl/Basic-Intermediate-Tutorial-Models/Tutorial-2/ch-19/19-11c.nec,ok,ok,0.1255625318735838,0.0915652634575963,1.3713,1
cebik-w4rnl/Basic-Intermediate-Tutorial-Models/Tutorial-2/ch-19/19-12.nec,ok-no-source,ok-no-source,0.11267327982932329,0.007287973538041115,,0
cebik-w4rnl/Basic-Intermediate-Tutorial-Models/Tutorial-2/ch-19/19-12a.nec,ok-no-source,ok-no-source,0.007820215076208115,0.007589323446154594,,0
cebik-w4rnl/Basic-Intermediate-Tutorial-Models/Tutorial-2/ch-19/19-12b.nec,ok-no-source,ok-no-source,0.01100506167858839,0.011303828097879887,,0
cebik-w4rnl/Basic-Intermediate-Tutorial-Models/Tutorial-2/ch-19/19-13.nec,ok-no-source,ok-no-source,0.007767706178128719,0.007665747776627541,,0
cebik-w4rnl/Basic-Intermediate-Tutorial-Models/Tutorial-2/ch-19/19-13a.nec,ok-no-source,ok-no-source,0.007527578622102737,0.007577869109809399,,0
cebik-w4rnl/Basic-Intermediate-Tutorial-Models/Tutorial-2/ch-19/19-14.nec,ok-no-source,ok-no-source,0.007860244251787663,0.0075014811009168625,,0
cebik-w4rnl/Basic-Intermediate-Tutorial-Models/Tutorial-2/ch-19/19-15-nec4.nec,ok-no-source,ok-no-source,0.0076140230521559715,0.007568071596324444,,0
cebik-w4rnl/Basic-Intermediate-Tutorial-Models/Tutorial-2/ch-19/19-15a-nec4.nec,ok-no-source,ok-no-source,0.007775802165269852,0.007557131350040436,,0
cebik-w4rnl/Basic-Intermediate-Tutorial-Models/Tutorial-2/ch-19/19-16.nec,ok-no-source,ok-no-source,0.6988682840019464,0.6930975504219532,,0
cebik-w4rnl/Basic-Intermediate-Tutorial-Models/Tutorial-2/ch-19/19-16a.nec,ok-no-source,ok-no-source,0.712844843044877,0.6976949227973819,,0
cebik-w4rnl/Basic-Intermediate-Tutorial-Models/Tutorial-2/ch-19/19-16b.nec,ok-no-source,ok-no-source,0.6948088742792606,0.692523293197155,,0
cebik-w4rnl/Basic-Intermediate-Tutorial-Models/Tutorial-2/ch-19/19-1a.nec,ok-no-source,ok-no-source,0.003411504440009594,0.003508034162223339,,0
cebik-w4rnl/Basic-Intermediate-Tutorial-Models/Tutorial-2/ch-19/19-2.nec,ok,ok,0.06672760006040335,0.0667742695659399,0.9993,1
cebik-w4rnl/Basic-Intermediate-Tutorial-Models/Tutorial-2/ch-19/19-2a.nec,ok-no-source,ok-no-source,0.0658944882452488,0.0659459326416254,,0
cebik-w4rnl/Basic-Intermediate-Tutorial-Models/Tutorial-2/ch-19/19-3.nec,ok,ok,0.005961224436759949,0.006058411672711372,,0
cebik-w4rnl/Basic-Intermediate-Tutorial-Models/Tutorial-2/ch-19/19-3a.nec,ok-no-source,ok-no-source,0.0038236211985349655,0.0041241636499762535,,0
cebik-w4rnl/Basic-Intermediate-Tutorial-Models/Tutorial-2/ch-19/19-4.nec,ok,ok,0.005417772568762302,0.005676552653312683,,0
cebik-w4rnl/Basic-Intermediate-Tutorial-Models/Tutorial-2/ch-19/19-4a.nec,ok-no-source,ok-no-source,0.003949170000851154,0.004093554802238941,,0
cebik-w4rnl/Basic-Intermediate-Tutorial-Models/Tutorial-2/ch-19/19-5a.nec,ok-no-source,ok-no-source,0.0034827031195163727,0.003586658276617527,,0
cebik-w4rnl/Basic-Intermediate-Tutorial-Models/Tutorial-2/ch-19/19-5b.nec,ok-no-source,ok-no-source,0.003496267832815647,0.0036906301975250244,,0
cebik-w4rnl/Basic-Intermediate-Tutorial-Models/Tutorial-2/ch-19/19-5c.nec,ok-no-source,ok-no-source,0.0034541310742497444,0.0038504954427480698,,0
cebik-w4rnl/Basic-Intermediate-Tutorial-Models/Tutorial-2/ch-19/19-5d.nec,ok-no-source,ok-no-source,0.003445272333920002,0.003710484132170677,,0
cebik-w4rnl/Basic-Intermediate-Tutorial-Models/Tutorial-2/ch-19/19-5e.nec,ok-no-source,ok-no-source,0.003435763530433178,0.0037547629326581955,,0
cebik-w4rnl/Basic-Intermediate-Tutorial-Models/Tutorial-2/ch-19/19-6a.nec,ok-no-source,ok-no-source,0.06503351964056492,0.06633651070296764,,0
cebik-w4rnl/Basic-Intermediate-Tutorial-Models/Tutorial-2/ch-19/19-6b.nec,ok-no-source,ok-no-source,0.06499988865107298,0.06526379194110632,,0
cebik-w4rnl/Basic-Intermediate-Tutorial-Models/Tutorial-2/ch-19/19-6c.nec,ok-no-source,ok-no-source,0.06501571461558342,0.06564310938119888,,0
cebik-w4rnl/Basic-Intermediate-Tutorial-Models/Tutorial-2/ch-19/19-6d.nec,ok-no-source,ok-no-source,0.06554522924125195,0.06523947604000568,,0
cebik-w4rnl/Basic-Intermediate-Tutorial-Models/Tutorial-2/ch-19/19-6e.nec,ok-no-source,ok-no-source,0.06565684452652931,0.06574469525367022,,0
cebik-w4rnl/Basic-Intermediate-Tutorial-Models/Tutorial-2/ch-19/19-7-nec2.nec,ok,ok,0.03252478688955307,0.031992848962545395,,0
cebik-w4rnl/Basic-Intermediate-Tutorial-Models/Tutorial-2/ch-19/19-7a-nec2.nec,ok-no-source,ok-no-source,0.009655404835939407,0.009593027643859386,,0
cebik-w4rnl/Basic-Intermediate-Tutorial-Models/Tutorial-2/ch-19/19-7b-nec2.nec,ok-no-source,ok-no-source,0.00983063131570816,0.009616602212190628,,0
cebik-w4rnl/Basic-Intermediate-Tutorial-Models/Tutorial-2/ch-19/19-8-nec2.nec,ok,ok,0.03452325891703367,0.03448925167322159,,0
cebik-w4rnl/Basic-Intermediate-Tutorial-Models/Tutorial-2/ch-19/19-8a-nec2.nec,ok-no-source,ok-no-source,0.010801777243614197,0.010813810862600803,,0
cebik-w4rnl/Basic-Intermediate-Tutorial-Models/Tutorial-2/ch-19/19-8b-nec2.nec,ok-no-source,ok-no-source,0.010900222696363926,0.01095928717404604,,0
cebik-w4rnl/Basic-Intermediate-Tutorial-Models/Tutorial-2/ch-19/19-9b-nec.nec,ok-no-source,ok-no-source,0.009819051250815392,0.009761647321283817,,0
cebik-w4rnl/Basic-Intermediate-Tutorial-Models/Tutorial-2/ch-19/19-9c-nec2.nec,ok-no-source,ok-no-source,0.009728718549013138,0.009874722920358181,,0
cebik-w4rnl/Basic-Intermediate-Tutorial-Models/Tutorial-2/ch-19/19-9d-nec2.nec,ok-no-source,ok-no-source,0.009853416122496128,0.009416690096259117,,0
cebik-w4rnl/Basic-Intermediate-Tutorial-Models/Tutorial-2/ch-19/19-9e-nec2.nec,ok-no-source,ok-no-source,0.013039113953709602,0.016977421939373016,,0
cebik-w4rnl/Basic-Intermediate-Tutorial-Models/Tutorial-2/ch-2/2-0.nec,ok,ok,0.005719143897294998,0.005776390433311462,,0
cebik-w4rnl/Basic-Intermediate-Tutorial-Models/Tutorial-2/ch-2/2-1.nec,ok,ok,0.00814291276037693,0.006457624025642872,,0
cebik-w4rnl/Basic-Intermediate-Tutorial-Models/Tutorial-2/ch-2/2-1a.nec,ok,ok,0.006722474470734596,0.008691120892763138,,0
cebik-w4rnl/Basic-Intermediate-Tutorial-Models/Tutorial-2/ch-2/2-1b.nec,ok,ok,0.006579461507499218,0.0089867003262043,,0
cebik-w4rnl/Basic-Intermediate-Tutorial-Models/Tutorial-2/ch-2/2-1c.nec,ok,ok,0.007797585800290108,0.006352062337100506,,0
cebik-w4rnl/Basic-Intermediate-Tutorial-Models/Tutorial-2/ch-2/2-2.nec,ok,ok,0.005516942590475082,0.005362474359571934,,0
cebik-w4rnl/Basic-Intermediate-Tutorial-Models/Tutorial-2/ch-2/2-2a.nec,ok,ok,0.005301265046000481,0.007518012076616287,,0
cebik-w4rnl/Basic-Intermediate-Tutorial-Models/Tutorial-2/ch-2/2-2b.nec,ok,ok,0.007497447542846203,0.0074544670060276985,,0
cebik-w4rnl/Basic-Intermediate-Tutorial-Models/Tutorial-2/ch-2/2-2c.nec,ok,ok,0.005655928514897823,0.005207573063671589,,0
cebik-w4rnl/Basic-Intermediate-Tutorial-Models/Tutorial-2/ch-2/2-2d.nec,error,error,0.002934735268354416,0.0030842963606119156,,0
cebik-w4rnl/Basic-Intermediate-Tutorial-Models/Tutorial-2/ch-2/2-3.nec,ok,ok,0.005434880033135414,0.005902595818042755,,0
cebik-w4rnl/Basic-Intermediate-Tutorial-Models/Tutorial-2/ch-2/2-3a.nec,ok,ok,0.005631165578961372,0.005403950810432434,,0
cebik-w4rnl/Basic-Intermediate-Tutorial-Models/Tutorial-2/ch-2/2-4.nec,ok,ok,0.006432222202420235,0.00654410757124424,,0
cebik-w4rnl/Basic-Intermediate-Tutorial-Models/Tutorial-2/ch-2/2-4a-nec2.nec,ok,ok,0.006433727219700813,0.006550922989845276,,0
cebik-w4rnl/Basic-Intermediate-Tutorial-Models/Tutorial-2/ch-2/2-4a-nec4.nec,ok,ok,0.006408604793250561,0.0065403711050748825,,0
cebik-w4rnl/Basic-Intermediate-Tutorial-Models/Tutorial-2/ch-2/2-5.nec,ok,ok,0.049466729164123535,0.05071344133466482,,0
cebik-w4rnl/Basic-Intermediate-Tutorial-Models/Tutorial-2/ch-2/2-5a-nec2.nec,ok,ok,0.04931016359478235,0.04978302028030157,,0
cebik-w4rnl/Basic-Intermediate-Tutorial-Models/Tutorial-2/ch-2/2-5a-nec4.nec,ok,ok,0.047430988401174545,0.04709785245358944,,0
cebik-w4rnl/Basic-Intermediate-Tutorial-Models/Tutorial-2/ch-2/2-5b-nec2.nec,ok,ok,0.051073950715363026,0.050648029893636703,1.0084,1
cebik-w4rnl/Basic-Intermediate-Tutorial-Models/Tutorial-2/ch-2/2-5b-nec4.nec,ok,ok,0.0472834724932909,0.04757409356534481,,0
cebik-w4rnl/Basic-Intermediate-Tutorial-Models/Tutorial-2/ch-2/2-6-nec2.nec,ok,ok,0.01736311335116625,0.01711920090019703,,0
cebik-w4rnl/Basic-Intermediate-Tutorial-Models/Tutorial-2/ch-2/2-6-nec4.nec,ok,ok,0.017259308136999607,0.017118072137236595,,0
cebik-w4rnl/Basic-Intermediate-Tutorial-Models/Tutorial-2/ch-2/2-6a-nec2.nec,ok,ok,0.01739082019776106,0.01704829279333353,,0
cebik-w4rnl/Basic-Intermediate-Tutorial-Models/Tutorial-2/ch-2/2-6a-nec4.nec,ok,ok,0.0170395253226161,0.017265301197767258,,0
cebik-w4rnl/Basic-Intermediate-Tutorial-Models/Tutorial-2/ch-2/2-7.nec,ok,ok,0.007342895492911339,0.004918502643704414,,0
cebik-w4rnl/Basic-Intermediate-Tutorial-Models/Tutorial-2/ch-2/2-7a.nec,ok,ok,0.005182676948606968,0.004985219798982143,,0
cebik-w4rnl/Basic-Intermediate-Tutorial-Models/Tutorial-2/ch-2/2-7b.nec,ok,ok,0.006282408721745014,0.006050029769539833,,0
cebik-w4rnl/Basic-Intermediate-Tutorial-Models/Tutorial-2/ch-20/20-1-nec2.nec,ok,ok,0.006745652295649052,0.005323512479662895,,0
cebik-w4rnl/Basic-Intermediate-Tutorial-Models/Tutorial-2/ch-20/20-10.nec,ok,ok,0.00716130156069994,0.007582509890198708,,0
cebik-w4rnl/Basic-Intermediate-Tutorial-Models/Tutorial-2/ch-20/20-10a.nec,ok,ok,0.005598518997430801,0.005524733103811741,,0
cebik-w4rnl/Basic-Intermediate-Tutorial-Models/Tutorial-2/ch-20/20-11.nec,ok,ok,0.00772604625672102,0.007657868787646294,,0
cebik-w4rnl/Basic-Intermediate-Tutorial-Models/Tutorial-2/ch-20/20-11a.nec,ok,ok,0.005633465014398098,0.007523869164288044,,0
cebik-w4rnl/Basic-Intermediate-Tutorial-Models/Tutorial-2/ch-20/20-12.nec,ok,ok,0.005387253127992153,0.005273314192891121,,0
cebik-w4rnl/Basic-Intermediate-Tutorial-Models/Tutorial-2/ch-20/20-13.nec,ok,ok,0.003818250261247158,0.004132148809731007,,0
cebik-w4rnl/Basic-Intermediate-Tutorial-Models/Tutorial-2/ch-20/20-14.nec,ok,ok,0.19121282920241356,0.19129162933677435,0.9996,1
cebik-w4rnl/Basic-Intermediate-Tutorial-Models/Tutorial-2/ch-20/20-15.nec,ok,ok,0.058848884887993336,0.0590325091034174,0.9969,1
cebik-w4rnl/Basic-Intermediate-Tutorial-Models/Tutorial-2/ch-20/20-15a.nec,ok,ok,0.06099425535649061,0.06048468127846718,1.0084,1
cebik-w4rnl/Basic-Intermediate-Tutorial-Models/Tutorial-2/ch-20/20-15b.nec,ok,ok,0.17923571448773146,0.18041981291025877,0.9934,1
cebik-w4rnl/Basic-Intermediate-Tutorial-Models/Tutorial-2/ch-20/20-2a-nec2.nec,ok,ok,0.005090296268463135,0.005065476521849632,,0
cebik-w4rnl/Basic-Intermediate-Tutorial-Models/Tutorial-2/ch-20/20-2b-nec2.nec,ok,ok,0.0050693415105342865,0.0050917379558086395,,0
cebik-w4rnl/Basic-Intermediate-Tutorial-Models/Tutorial-2/ch-20/20-2c-nec2.nec,ok,ok,0.005035064183175564,0.005101103335618973,,0
cebik-w4rnl/Basic-Intermediate-Tutorial-Models/Tutorial-2/ch-20/20-2d-nec2.nec,ok,ok,0.005114923231303692,0.005162677727639675,,0
cebik-w4rnl/Basic-Intermediate-Tutorial-Models/Tutorial-2/ch-20/20-2e-nec2.nec,ok,ok,0.005071595311164856,0.005106361582875252,,0
cebik-w4rnl/Basic-Intermediate-Tutorial-Models/Tutorial-2/ch-20/20-2f-nec2.nec,ok,ok,0.005293908528983593,0.005075068213045597,,0
cebik-w4rnl/Basic-Intermediate-Tutorial-Models/Tutorial-2/ch-20/20-2g-nec.nec,ok,ok,0.005168437026441097,0.005052092485129833,,0
cebik-w4rnl/Basic-Intermediate-Tutorial-Models/Tutorial-2/ch-20/20-3a.nec,ok,ok,0.00520212110131979,0.005139223299920559,,0
cebik-w4rnl/Basic-Intermediate-Tutorial-Models/Tutorial-2/ch-20/20-3b.nec,ok,ok,0.00509465578943491,0.005116196349263191,,0
cebik-w4rnl/Basic-Intermediate-Tutorial-Models/Tutorial-2/ch-20/20-3c.nec,ok,ok,0.005181960761547089,0.005106024444103241,,0
cebik-w4rnl/Basic-Intermediate-Tutorial-Models/Tutorial-2/ch-20/20-3d.nec,ok,ok,0.005145208910107613,0.005062803626060486,,0
cebik-w4rnl/Basic-Intermediate-Tutorial-Models/Tutorial-2/ch-20/20-3e.nec,ok,ok,0.005154763348400593,0.0051928935572505,,0
cebik-w4rnl/Basic-Intermediate-Tutorial-Models/Tutorial-2/ch-20/20-3f.nec,ok,ok,0.00516381673514843,0.005172009579837322,,0
cebik-w4rnl/Basic-Intermediate-Tutorial-Models/Tutorial-2/ch-20/20-3g.nec,ok,ok,0.005089981481432915,0.005134642124176025,,0
cebik-w4rnl/Basic-Intermediate-Tutorial-Models/Tutorial-2/ch-20/20-4a-nec2.nec,ok,ok,0.005110796540975571,0.00521745253354311,,0
cebik-w4rnl/Basic-Intermediate-Tutorial-Models/Tutorial-2/ch-20/20-4b-nec2.nec,ok,ok,0.005182976834475994,0.005310395732522011,,0
cebik-w4rnl/Basic-Intermediate-Tutorial-Models/Tutorial-2/ch-20/20-4c-nec2.nec,ok,ok,0.005112213082611561,0.005250247195363045,,0
cebik-w4rnl/Basic-Intermediate-Tutorial-Models/Tutorial-2/ch-20/20-4d-nec2.nec,ok,ok,0.005167755298316479,0.0051194168627262115,,0
cebik-w4rnl/Basic-Intermediate-Tutorial-Models/Tutorial-2/ch-20/20-4e-nec2.nec,ok,ok,0.005087067373096943,0.005293823778629303,,0
cebik-w4rnl/Basic-Intermediate-Tutorial-Models/Tutorial-2/ch-20/20-4f-nec2.nec,ok,ok,0.005190437659621239,0.005149205215275288,,0
cebik-w4rnl/Basic-Intermediate-Tutorial-Models/Tutorial-2/ch-20/20-4g-nec2.nec,ok,ok,0.005103307776153088,0.0052509671077132225,,0
cebik-w4rnl/Basic-Intermediate-Tutorial-Models/Tutorial-2/ch-20/20-5a.nec,ok,ok,0.005227356217801571,0.005216965451836586,,0
cebik-w4rnl/Basic-Intermediate-Tutorial-Models/Tutorial-2/ch-20/20-5b.nec,ok,ok,0.005354485474526882,0.0052803317084908485,,0
cebik-w4rnl/Basic-Intermediate-Tutorial-Models/Tutorial-2/ch-20/20-5c.nec,ok,ok,0.005048863589763641,0.005251976661384106,,0
cebik-w4rnl/Basic-Intermediate-Tutorial-Models/Tutorial-2/ch-20/20-5d.nec,ok,ok,0.005237774923443794,0.005280798301100731,,0
cebik-w4rnl/Basic-Intermediate-Tutorial-Models/Tutorial-2/ch-20/20-5e.nec,ok,ok,0.00503173004835844,0.005220637656748295,,0
cebik-w4rnl/Basic-Intermediate-Tutorial-Models/Tutorial-2/ch-20/20-5f.nec,ok,ok,0.005157649517059326,0.00524956826120615,,0
cebik-w4rnl/Basic-Intermediate-Tutorial-Models/Tutorial-2/ch-20/20-5g.nec,ok,ok,0.005152535624802113,0.005180547013878822,,0
cebik-w4rnl/Basic-Intermediate-Tutorial-Models/Tutorial-2/ch-20/20-6.nec,ok,ok,0.005507617257535458,0.005600683391094208,,0
cebik-w4rnl/Basic-Intermediate-Tutorial-Models/Tutorial-2/ch-20/20-6a.nec,ok,ok,0.005814432166516781,0.0059089697897434235,,0
cebik-w4rnl/Basic-Intermediate-Tutorial-Models/Tutorial-2/ch-20/20-6b.nec,ok,ok,0.005658190697431564,0.00572169478982687,,0
cebik-w4rnl/Basic-Intermediate-Tutorial-Models/Tutorial-2/ch-20/20-7.nec,ok,ok,0.0034233806654810905,0.003519522026181221,,0
cebik-w4rnl/Basic-Intermediate-Tutorial-Models/Tutorial-2/ch-20/20-8-nec2.nec,ok,ok,0.004132668487727642,0.0035752998664975166,,0
cebik-w4rnl/Basic-Intermediate-Tutorial-Models/Tutorial-2/ch-20/20-8-nec4.nec,ok-no-source,ok-no-source,0.0036560017615556717,0.0035605719313025475,,0
cebik-w4rnl/Basic-Intermediate-Tutorial-Models/Tutorial-2/ch-20/20-9-nec2.nec,ok,ok,0.01790971029549837,0.017841078341007233,,0
cebik-w4rnl/Basic-Intermediate-Tutorial-Models/Tutorial-2/ch-20/20-9-nec4.nec,ok-no-source,ok-no-source,0.01648686919361353,0.016407729126513004,,0
cebik-w4rnl/Basic-Intermediate-Tutorial-Models/Tutorial-2/ch-21/21-1.nec,ok,ok,0.007551389746367931,0.007550019770860672,,0
cebik-w4rnl/Basic-Intermediate-Tutorial-Models/Tutorial-2/ch-21/21-10.nec,ok,ok,0.016079233027994633,0.01590939238667488,,0
cebik-w4rnl/Basic-Intermediate-Tutorial-Models/Tutorial-2/ch-21/21-11.nec,ok,ok,0.09238839522004128,0.09072242118418217,1.0184,1
cebik-w4rnl/Basic-Intermediate-Tutorial-Models/Tutorial-2/ch-21/21-12a.nec,ok,ok,0.007358183152973652,0.007271066308021545,,0
cebik-w4rnl/Basic-Intermediate-Tutorial-Models/Tutorial-2/ch-21/21-12b.nec,ok,ok,0.007369854487478733,0.0074000246822834015,,0
cebik-w4rnl/Basic-Intermediate-Tutorial-Models/Tutorial-2/ch-21/21-12c.nec,ok,ok,0.007381047122180462,0.0074531324207782745,,0
cebik-w4rnl/Basic-Intermediate-Tutorial-Models/Tutorial-2/ch-21/21-13.nec,ok,ok,0.013233509846031666,0.013440180569887161,,0
cebik-w4rnl/Basic-Intermediate-Tutorial-Models/Tutorial-2/ch-21/21-14.nec,ok,ok,0.011107898317277431,0.011101527139544487,,0
cebik-w4rnl/Basic-Intermediate-Tutorial-Models/Tutorial-2/ch-21/21-15.nec,ok,ok,0.011145150288939476,0.011060819029808044,,0
cebik-w4rnl/Basic-Intermediate-Tutorial-Models/Tutorial-2/ch-21/21-2.nec,ok,ok,0.01287072990089655,0.018893986009061337,,0
cebik-w4rnl/Basic-Intermediate-Tutorial-Models/Tutorial-2/ch-21/21-3.nec,ok,ok,0.0073842378333210945,0.00744820199906826,,0
cebik-w4rnl/Basic-Intermediate-Tutorial-Models/Tutorial-2/ch-21/21-4.nec,ok,ok,0.007416268810629845,0.010607341304421425,,0
cebik-w4rnl/Basic-Intermediate-Tutorial-Models/Tutorial-2/ch-21/21-5.nec,ok,ok,0.013371370732784271,0.013467513024806976,,0
cebik-w4rnl/Basic-Intermediate-Tutorial-Models/Tutorial-2/ch-21/21-6.nec,ok,ok,0.040227568708360195,0.04013149440288544,,0
cebik-w4rnl/Basic-Intermediate-Tutorial-Models/Tutorial-2/ch-21/21-7.nec,ok,ok,0.013168347999453545,0.013484732247889042,,0
cebik-w4rnl/Basic-Intermediate-Tutorial-Models/Tutorial-2/ch-21/21-8.nec,ok,ok,0.009804842062294483,0.008933049626648426,,0
cebik-w4rnl/Basic-Intermediate-Tutorial-Models/Tutorial-2/ch-21/21-9.nec,ok,ok,0.02110473532229662,0.021015786565840244,,0
cebik-w4rnl/Basic-Intermediate-Tutorial-Models/Tutorial-2/ch-3/3-0.nec,ok,ok,0.005500003695487976,0.0055596474558115005,,0
cebik-w4rnl/Basic-Intermediate-Tutorial-Models/Tutorial-2/ch-3/3-1.nec,ok,ok,0.006458835676312447,0.0063927797600626945,,0
cebik-w4rnl/Basic-Intermediate-Tutorial-Models/Tutorial-2/ch-3/3-1a-nec2.nec,ok,ok,0.018087034113705158,0.015742888674139977,,0
cebik-w4rnl/Basic-Intermediate-Tutorial-Models/Tutorial-2/ch-3/3-1a-nec4.nec,ok,ok,0.007984569296240807,0.007909786887466908,,0
cebik-w4rnl/Basic-Intermediate-Tutorial-Models/Tutorial-2/ch-3/3-1b-nec4.nec,ok,ok,0.005613833665847778,0.005709991790354252,,0
cebik-w4rnl/Basic-Intermediate-Tutorial-Models/Tutorial-2/ch-3/3-1c-nec4.nec,ok,ok,0.0055896202102303505,0.005657440051436424,,0
cebik-w4rnl/Basic-Intermediate-Tutorial-Models/Tutorial-2/ch-3/3-1d-nec4.nec,ok,ok,0.005685675889253616,0.007779219187796116,,0
cebik-w4rnl/Basic-Intermediate-Tutorial-Models/Tutorial-2/ch-3/3-2.nec,ok,ok,0.2439530799165368,0.24462574534118176,0.9973,1
cebik-w4rnl/Basic-Intermediate-Tutorial-Models/Tutorial-2/ch-3/3-2a-nec4.nec,ok,ok,0.2459629299119115,0.24618122726678848,0.9991,1
cebik-w4rnl/Basic-Intermediate-Tutorial-Models/Tutorial-2/ch-3/3-2b-nec4.nec,ok,ok,0.259259638376534,0.2497866852208972,1.0379,1
cebik-w4rnl/Basic-Intermediate-Tutorial-Models/Tutorial-2/ch-3/3-3.nec,ok,ok,0.004873394034802914,0.005035711452364922,,0
cebik-w4rnl/Basic-Intermediate-Tutorial-Models/Tutorial-2/ch-3/3-3a.nec,ok,ok,0.005073919892311096,0.005023989826440811,,0
cebik-w4rnl/Basic-Intermediate-Tutorial-Models/Tutorial-2/ch-3/3-3b.nec,ok,ok,0.0050362953916192055,0.00510063860565424,,0
cebik-w4rnl/Basic-Intermediate-Tutorial-Models/Tutorial-2/ch-3/3-3c.nec,ok,ok,0.005016040056943893,0.005023490637540817,,0
cebik-w4rnl/Basic-Intermediate-Tutorial-Models/Tutorial-2/ch-3/3-4.nec,ok,ok,0.01456860639154911,0.014571186155080795,,0
cebik-w4rnl/Basic-Intermediate-Tutorial-Models/Tutorial-2/ch-3/3-4a.nec,ok,ok,0.010878829285502434,0.010754435323178768,,0
cebik-w4rnl/Basic-Intermediate-Tutorial-Models/Tutorial-2/ch-3/3-5.nec,ok,ok,0.022440028376877308,0.022427193820476532,,0
cebik-w4rnl/Basic-Intermediate-Tutorial-Models/Tutorial-2/ch-3/3-5a.nec,ok,ok,0.010779975913465023,0.010783498175442219,,0
cebik-w4rnl/Basic-Intermediate-Tutorial-Models/Tutorial-2/ch-3/3-6.nec,ok,ok,0.005136376246809959,0.00509630236774683,,0
cebik-w4rnl/Basic-Intermediate-Tutorial-Models/Tutorial-2/ch-3/3-6a.nec,ok,ok,0.005129425786435604,0.005101289600133896,,0
cebik-w4rnl/Basic-Intermediate-Tutorial-Models/Tutorial-2/ch-3/3-6b.nec,ok,ok,0.005114826373755932,0.005105608142912388,,0
cebik-w4rnl/Basic-Intermediate-Tutorial-Models/Tutorial-2/ch-3/3-6c.nec,ok,ok,0.005181780084967613,0.005140770226716995,,0
cebik-w4rnl/Basic-Intermediate-Tutorial-Models/Tutorial-2/ch-3/3-7.nec,ok,ok,0.005159863270819187,0.005099286325275898,,0
cebik-w4rnl/Basic-Intermediate-Tutorial-Models/Tutorial-2/ch-3/3-7a.nec,ok,ok,0.005294036120176315,0.005155210383236408,,0
cebik-w4rnl/Basic-Intermediate-Tutorial-Models/Tutorial-2/ch-3/3-7b.nec,ok,ok,0.007707139477133751,0.0075807636603713036,,0
cebik-w4rnl/Basic-Intermediate-Tutorial-Models/Tutorial-2/ch-3/3-8.nec,ok,ok,0.008341237902641296,0.008283857256174088,,0
cebik-w4rnl/Basic-Intermediate-Tutorial-Models/Tutorial-2/ch-3/3-8a.nec,ok,ok,0.006696808151900768,0.006820373237133026,,0
cebik-w4rnl/Basic-Intermediate-Tutorial-Models/Tutorial-2/ch-3/3-9.nec,ok,ok,0.014596072025597095,0.014472912065684795,,0
cebik-w4rnl/Basic-Intermediate-Tutorial-Models/Tutorial-2/ch-3/3-9a.nec,ok,ok,0.01315620169043541,0.01333302166312933,,0
cebik-w4rnl/Basic-Intermediate-Tutorial-Models/Tutorial-2/ch-4/4-1-nec2.nec,ok,ok,0.01639162003993988,0.016283364035189152,,0
cebik-w4rnl/Basic-Intermediate-Tutorial-Models/Tutorial-2/ch-4/4-1.nec,ok,ok,0.016072873026132584,0.015962976031005383,,0
cebik-w4rnl/Basic-Intermediate-Tutorial-Models/Tutorial-2/ch-4/4-1a.nec,ok,ok,0.01602769736200571,0.018712585791945457,,0
cebik-w4rnl/Basic-Intermediate-Tutorial-Models/Tutorial-2/ch-4/4-1b.nec,ok,ok,0.015658673830330372,0.015720252878963947,,0
cebik-w4rnl/Basic-Intermediate-Tutorial-Models/Tutorial-2/ch-4/4-1c.nec,ok,ok,0.016291171312332153,0.016321360133588314,,0
cebik-w4rnl/Basic-Intermediate-Tutorial-Models/Tutorial-2/ch-4/4-2a.nec,ok,ok,0.01630552764981985,0.01648021675646305,,0
cebik-w4rnl/Basic-Intermediate-Tutorial-Models/Tutorial-2/ch-4/4-2b.nec,ok,ok,0.016246980987489223,0.016358356922864914,,0
cebik-w4rnl/Basic-Intermediate-Tutorial-Models/Tutorial-2/ch-4/4-3a.nec,ok,ok,0.03180179838091135,0.033705927431583405,,0
cebik-w4rnl/Basic-Intermediate-Tutorial-Models/Tutorial-2/ch-4/4-3b.nec,ok,ok,0.012433744966983795,0.0124226538464427,,0
cebik-w4rnl/Basic-Intermediate-Tutorial-Models/Tutorial-2/ch-4/4-3c.nec,ok,ok,0.012658118270337582,0.012611616402864456,,0
cebik-w4rnl/Basic-Intermediate-Tutorial-Models/Tutorial-2/ch-4/4-4.nec,ok,ok,0.13067801389843225,0.13093191105872393,0.9981,1
cebik-w4rnl/Basic-Intermediate-Tutorial-Models/Tutorial-2/ch-4/4-4a.nec,ok,ok,0.1331131448969245,0.13182159792631865,1.0098,1
cebik-w4rnl/Basic-Intermediate-Tutorial-Models/Tutorial-2/ch-4/4-5.nec,ok,ok,0.018300523050129414,0.01813378930091858,,0
cebik-w4rnl/Basic-Intermediate-Tutorial-Models/Tutorial-2/ch-4/4-5a.nec,ok,ok,0.023417687974870205,0.023248568177223206,,0
cebik-w4rnl/Basic-Intermediate-Tutorial-Models/Tutorial-2/ch-4/4-5b.nec,ok,ok,0.025643831118941307,0.025640117935836315,,0
cebik-w4rnl/Basic-Intermediate-Tutorial-Models/Tutorial-2/ch-4/4-5c.nec,ok,ok,0.025939377024769783,0.025629887357354164,,0
cebik-w4rnl/Basic-Intermediate-Tutorial-Models/Tutorial-2/ch-4/4-6.nec,ok,ok,0.013602865859866142,0.013568154536187649,,0
cebik-w4rnl/Basic-Intermediate-Tutorial-Models/Tutorial-2/ch-4/4-6a.nec,ok,ok,0.013595051132142544,0.013718439266085625,,0
cebik-w4rnl/Basic-Intermediate-Tutorial-Models/Tutorial-2/ch-4/4-7.nec,ok,ok,0.019219182431697845,0.019083798862993717,,0
cebik-w4rnl/Basic-Intermediate-Tutorial-Models/Tutorial-2/ch-4/4-7a.nec,ok,ok,0.011225367896258831,0.010005328804254532,,0
cebik-w4rnl/Basic-Intermediate-Tutorial-Models/Tutorial-2/ch-4/4-8.nec,ok,ok,0.13286728784441948,0.13288329169154167,0.9999,1
cebik-w4rnl/Basic-Intermediate-Tutorial-Models/Tutorial-2/ch-4/4-9.nec,ok,ok,0.028999493457376957,0.028823929838836193,,0
cebik-w4rnl/Basic-Intermediate-Tutorial-Models/Tutorial-2/ch-4/4-9a.nec,ok,ok,0.02882485743612051,0.028865298256278038,,0
cebik-w4rnl/Basic-Intermediate-Tutorial-Models/Tutorial-2/ch-5/5-1.nec,ok,ok,0.005973382852971554,0.006009387783706188,,0
cebik-w4rnl/Basic-Intermediate-Tutorial-Models/Tutorial-2/ch-5/5-10.nec,ok,ok,0.44403168093413115,0.44224539306014776,1.0040,1
cebik-w4rnl/Basic-Intermediate-Tutorial-Models/Tutorial-2/ch-5/5-10a.nec,ok,ok,0.27080642245709896,0.2712501110509038,0.9984,1
cebik-w4rnl/Basic-Intermediate-Tutorial-Models/Tutorial-2/ch-5/5-1a.nec,ok,ok,0.005982620641589165,0.0059232283383607864,,0
cebik-w4rnl/Basic-Intermediate-Tutorial-Models/Tutorial-2/ch-5/5-1b.nec,ok,ok,0.005893250927329063,0.005783263593912125,,0
cebik-w4rnl/Basic-Intermediate-Tutorial-Models/Tutorial-2/ch-5/5-2a.nec,ok,ok,0.006346693262457848,0.006190040148794651,,0
cebik-w4rnl/Basic-Intermediate-Tutorial-Models/Tutorial-2/ch-5/5-2b.nec,ok,ok,0.006318692117929459,0.006226462312042713,,0
cebik-w4rnl/Basic-Intermediate-Tutorial-Models/Tutorial-2/ch-5/5-3.nec,ok,ok,0.006086728535592556,0.005976355634629726,,0
cebik-w4rnl/Basic-Intermediate-Tutorial-Models/Tutorial-2/ch-5/5-3a.nec,ok,ok,0.005817761644721031,0.005798947997391224,,0
cebik-w4rnl/Basic-Intermediate-Tutorial-Models/Tutorial-2/ch-5/5-3b.nec,ok,ok,0.00583927147090435,0.005869394168257713,,0
cebik-w4rnl/Basic-Intermediate-Tutorial-Models/Tutorial-2/ch-5/5-4.nec,ok,ok,0.005173501558601856,0.005226569250226021,,0
cebik-w4rnl/Basic-Intermediate-Tutorial-Models/Tutorial-2/ch-5/5-4a.nec,ok,ok,0.005611616186797619,0.005510023795068264,,0
cebik-w4rnl/Basic-Intermediate-Tutorial-Models/Tutorial-2/ch-5/5-5.nec,ok,ok,0.008435717783868313,0.00838654488325119,,0
cebik-w4rnl/Basic-Intermediate-Tutorial-Models/Tutorial-2/ch-5/5-5a.nec,ok,ok,0.012634078040719032,0.012561074458062649,,0
cebik-w4rnl/Basic-Intermediate-Tutorial-Models/Tutorial-2/ch-5/5-6.nec,ok,ok,0.005767859518527985,0.008383926935493946,,0
cebik-w4rnl/Basic-Intermediate-Tutorial-Models/Tutorial-2/ch-5/5-6a.nec,ok,ok,0.008129953406751156,0.006381220184266567,,0
cebik-w4rnl/Basic-Intermediate-Tutorial-Models/Tutorial-2/ch-5/5-6b.nec,ok,ok,0.006440626457333565,0.008664336055517197,,0
cebik-w4rnl/Basic-Intermediate-Tutorial-Models/Tutorial-2/ch-5/5-7.nec,ok,ok,0.01104697585105896,0.011281409300863743,,0
cebik-w4rnl/Basic-Intermediate-Tutorial-Models/Tutorial-2/ch-5/5-7a.nec,ok,ok,0.0644524684175849,0.06300476659089327,1.0230,1
cebik-w4rnl/Basic-Intermediate-Tutorial-Models/Tutorial-2/ch-5/5-7b.nec,ok,ok,0.06455977354198694,0.06210263445973396,1.0396,1
cebik-w4rnl/Basic-Intermediate-Tutorial-Models/Tutorial-2/ch-5/5-7c.nec,ok,ok,0.03224809840321541,0.0313962334766984,,0
cebik-w4rnl/Basic-Intermediate-Tutorial-Models/Tutorial-2/ch-5/5-7d.nec,ok,ok,0.031996626406908035,0.03165842033922672,,0
cebik-w4rnl/Basic-Intermediate-Tutorial-Models/Tutorial-2/ch-5/5-8.nec,ok,ok,5.129049024544656,5.13010703958571,0.9998,1
cebik-w4rnl/Basic-Intermediate-Tutorial-Models/Tutorial-2/ch-5/5-8a.nec,ok,ok,12.233394709415734,12.193686592392623,1.0033,1
cebik-w4rnl/Basic-Intermediate-Tutorial-Models/Tutorial-2/ch-5/5-8b.nec,ok,ok,1.0118278032168746,1.0013432772830129,1.0105,1
cebik-w4rnl/Basic-Intermediate-Tutorial-Models/Tutorial-2/ch-5/5-9.nec,ok,ok,0.00726418849080801,0.007037539035081863,,0
cebik-w4rnl/Basic-Intermediate-Tutorial-Models/Tutorial-2/ch-5/5-9a.nec,ok,ok,0.009283640421926975,0.00919660646468401,,0
cebik-w4rnl/Basic-Intermediate-Tutorial-Models/Tutorial-2/ch-5/5-9b.nec,ok,ok,0.007197132334113121,0.0071289027109742165,,0
cebik-w4rnl/Basic-Intermediate-Tutorial-Models/Tutorial-2/ch-5/5-9c-nec2.nec,error,error,0.004470116458833218,0.0044825440272688866,,0
cebik-w4rnl/Basic-Intermediate-Tutorial-Models/Tutorial-2/ch-5/5-9c-nec4.nec,error,error,0.004446125589311123,0.004448787309229374,,0
cebik-w4rnl/Basic-Intermediate-Tutorial-Models/Tutorial-2/ch-6/6-4.nec,ok-no-source,ok-no-source,0.03778580203652382,0.03829625062644482,,0
cebik-w4rnl/Basic-Intermediate-Tutorial-Models/Tutorial-2/ch-6/6-4a.nec,ok,ok,0.05500338412821293,0.05418999679386616,1.0150,1
cebik-w4rnl/Basic-Intermediate-Tutorial-Models/Tutorial-2/ch-6/6-5a.nec,ok,ok,0.37814329378306866,0.3826750563457608,0.9882,1
cebik-w4rnl/Basic-Intermediate-Tutorial-Models/Tutorial-2/ch-6/6-6-nec2.nec,ok,ok,0.29209645837545395,0.3016838375478983,0.9682,1
cebik-w4rnl/Basic-Intermediate-Tutorial-Models/Tutorial-2/ch-6/6-6-nec4.nec,ok,ok,0.29048440884798765,0.30136890336871147,0.9639,1
cebik-w4rnl/Basic-Intermediate-Tutorial-Models/Tutorial-2/ch-6/6-s1.nec,ok-no-source,ok-no-source,0.006977743469178677,0.006959512829780579,,0
cebik-w4rnl/Basic-Intermediate-Tutorial-Models/Tutorial-2/ch-6/6-s1a.nec,ok-no-source,ok-no-source,0.012720231898128986,0.012692240066826344,,0
cebik-w4rnl/Basic-Intermediate-Tutorial-Models/Tutorial-2/ch-6/6-s2.nec,ok-no-source,ok-no-source,0.7051224913448095,0.7377037890255451,,0
cebik-w4rnl/Basic-Intermediate-Tutorial-Models/Tutorial-2/ch-6/6-s3a.nec,ok,ok,0.020459171384572983,0.020536274649202824,,0
cebik-w4rnl/Basic-Intermediate-Tutorial-Models/Tutorial-2/ch-6/6-s4.nec,ok-no-source,ok-no-source,0.037693340331315994,0.03852631710469723,,0
cebik-w4rnl/Basic-Intermediate-Tutorial-Models/Tutorial-2/ch-6/6-s4a.nec,ok,ok,0.05408451892435551,0.0552416630089283,0.9791,1
cebik-w4rnl/Basic-Intermediate-Tutorial-Models/Tutorial-2/ch-7/7-0.nec,ok,ok,0.028069287538528442,0.02828687708824873,,0
cebik-w4rnl/Basic-Intermediate-Tutorial-Models/Tutorial-2/ch-7/7-1.nec,ok,ok,0.006167587824165821,0.006312116980552673,,0
cebik-w4rnl/Basic-Intermediate-Tutorial-Models/Tutorial-2/ch-7/7-10.nec,ok,ok,0.019737455062568188,0.019739688374102116,,0
cebik-w4rnl/Basic-Intermediate-Tutorial-Models/Tutorial-2/ch-7/7-10a.nec,ok,ok,0.024852738715708256,0.025293140672147274,,0
cebik-w4rnl/Basic-Intermediate-Tutorial-Models/Tutorial-2/ch-7/7-10b.nec,ok,ok,0.024149267002940178,0.02442784234881401,,0
cebik-w4rnl/Basic-Intermediate-Tutorial-Models/Tutorial-2/ch-7/7-10c.nec,ok,ok,0.02492234855890274,0.025220266543328762,,0
cebik-w4rnl/Basic-Intermediate-Tutorial-Models/Tutorial-2/ch-7/7-11.nec,ok,ok,0.00859953835606575,0.008577713742852211,,0
cebik-w4rnl/Basic-Intermediate-Tutorial-Models/Tutorial-2/ch-7/7-11a.nec,ok,ok,0.008520571514964104,0.008632519282400608,,0
cebik-w4rnl/Basic-Intermediate-Tutorial-Models/Tutorial-2/ch-7/7-1a.nec,ok,ok,0.006381095387041569,0.006374618038535118,,0
cebik-w4rnl/Basic-Intermediate-Tutorial-Models/Tutorial-2/ch-7/7-2.nec,ok,ok,0.005803205072879791,0.005996624939143658,,0
cebik-w4rnl/Basic-Intermediate-Tutorial-Models/Tutorial-2/ch-7/7-2a.nec,ok,ok,0.005836786702275276,0.005858292803168297,,0
cebik-w4rnl/Basic-Intermediate-Tutorial-Models/Tutorial-2/ch-7/7-2b.nec,ok,ok,0.005855245515704155,0.005838301032781601,,0
cebik-w4rnl/Basic-Intermediate-Tutorial-Models/Tutorial-2/ch-7/7-3.nec,ok,ok,0.006206268444657326,0.0060899145901203156,,0
cebik-w4rnl/Basic-Intermediate-Tutorial-Models/Tutorial-2/ch-7/7-3a.nec,ok,ok,0.006267771124839783,0.006118846125900745,,0
cebik-w4rnl/Basic-Intermediate-Tutorial-Models/Tutorial-2/ch-7/7-4.nec,ok,ok,0.005700616165995598,0.005851047113537788,,0
cebik-w4rnl/Basic-Intermediate-Tutorial-Models/Tutorial-2/ch-7/7-5.nec,ok,ok,0.00578096229583025,0.005691784434020519,,0
cebik-w4rnl/Basic-Intermediate-Tutorial-Models/Tutorial-2/ch-7/7-5a.nec,ok,ok,0.005203602835536003,0.00524690467864275,,0
cebik-w4rnl/Basic-Intermediate-Tutorial-Models/Tutorial-2/ch-7/7-5b.nec,ok,ok,0.005813374184072018,0.005933013744652271,,0
cebik-w4rnl/Basic-Intermediate-Tutorial-Models/Tutorial-2/ch-7/7-8.nec,ok,ok,0.018553650937974453,0.018897498957812786,,0
cebik-w4rnl/Basic-Intermediate-Tutorial-Models/Tutorial-2/ch-7/7-9.nec,ok,ok,0.013599053025245667,0.01392488181591034,,0
cebik-w4rnl/Basic-Intermediate-Tutorial-Models/Tutorial-2/ch-7/7-9a.nec,ok,ok,0.2238088697195053,0.22867145016789436,0.9787,1
cebik-w4rnl/Basic-Intermediate-Tutorial-Models/Tutorial-2/ch-8/8-1.nec,ok,ok,0.0036216499283909798,0.003657359629869461,,0
cebik-w4rnl/Basic-Intermediate-Tutorial-Models/Tutorial-2/ch-8/8-1a.nec,ok,ok,0.005472940392792225,0.005327223800122738,,0
cebik-w4rnl/Basic-Intermediate-Tutorial-Models/Tutorial-2/ch-8/8-1b.nec,ok,ok,0.0037440545856952667,0.0036098333075642586,,0
cebik-w4rnl/Basic-Intermediate-Tutorial-Models/Tutorial-2/ch-8/8-1c.nec,ok,ok,0.004316880367696285,0.004528128542006016,,0
cebik-w4rnl/Basic-Intermediate-Tutorial-Models/Tutorial-2/ch-8/8-2_1.nec,ok,ok,0.005537479184567928,0.00548593420535326,,0
cebik-w4rnl/Basic-Intermediate-Tutorial-Models/Tutorial-2/ch-8/8-2_2.nec,ok,ok,0.005045912228524685,0.005071141757071018,,0
cebik-w4rnl/Basic-Intermediate-Tutorial-Models/Tutorial-2/ch-8/8-3.nec,ok,ok,0.003906075842678547,0.0038977526128292084,,0
cebik-w4rnl/Basic-Intermediate-Tutorial-Models/Tutorial-2/ch-8/8-3a.nec,no-impedance,no-impedance,0.0032497430220246315,0.003232906572520733,,0
cebik-w4rnl/Basic-Intermediate-Tutorial-Models/Tutorial-2/ch-8/8-3b.nec,no-impedance,no-impedance,0.0031667184084653854,0.0032350867986679077,,0
cebik-w4rnl/Basic-Intermediate-Tutorial-Models/Tutorial-2/ch-8/8-3c.nec,ok,ok,0.0042565446346998215,0.004064492881298065,,0
cebik-w4rnl/Basic-Intermediate-Tutorial-Models/Tutorial-2/ch-8/8-3d.nec,ok,ok,0.004969826899468899,0.005100240930914879,,0
cebik-w4rnl/Basic-Intermediate-Tutorial-Models/Tutorial-2/ch-8/8-4.nec,ok,ok,0.011744747869670391,0.010619213804602623,,0
cebik-w4rnl/Basic-Intermediate-Tutorial-Models/Tutorial-2/ch-8/8-4a.nec,ok,ok,0.013595825992524624,0.013846219517290592,,0
cebik-w4rnl/Basic-Intermediate-Tutorial-Models/Tutorial-2/ch-8/8-5.nec,ok,ok,0.041231634095311165,0.04111110884696245,,0
cebik-w4rnl/Basic-Intermediate-Tutorial-Models/Tutorial-2/ch-8/8-5a.nec,ok,ok,0.06927011255174875,0.07056275755167007,0.9817,1
cebik-w4rnl/Basic-Intermediate-Tutorial-Models/Tutorial-2/ch-8/8-6.nec,ok,ok,0.03714777156710625,0.03730537369847298,,0
cebik-w4rnl/Basic-Intermediate-Tutorial-Models/Tutorial-2/ch-9/9-1.nec,ok,ok,0.0071080755442380905,0.006934886798262596,,0
cebik-w4rnl/Basic-Intermediate-Tutorial-Models/Tutorial-2/ch-9/9-1a.nec,ok,ok,0.006922700442373753,0.006879527121782303,,0
cebik-w4rnl/Basic-Intermediate-Tutorial-Models/Tutorial-2/ch-9/9-2a.nec,ok,ok,0.06935671530663967,0.0702399043366313,0.9874,1
cebik-w4rnl/Basic-Intermediate-Tutorial-Models/Tutorial-2/ch-9/9-2b.nec,ok,ok,0.005039515905082226,0.00517591368407011,,0
cebik-w4rnl/Basic-Intermediate-Tutorial-Models/Tutorial-2/ch-9/9-2c.nec,ok,ok,0.01323210820555687,0.01274073589593172,,0
cebik-w4rnl/Basic-Intermediate-Tutorial-Models/Tutorial-2/ch-9/9-3a.nec,ok,ok,0.07581073883920908,0.07642968744039536,0.9919,1
cebik-w4rnl/Basic-Intermediate-Tutorial-Models/Tutorial-2/ch-9/9-3b.nec,ok,ok,0.03154570050537586,0.0314266225323081,,0
cebik-w4rnl/Basic-Intermediate-Tutorial-Models/Tutorial-2/ch-9/9-4.nec,ok,ok,0.19524180050939322,0.19980166852474213,0.9772,1
cebik-w4rnl/Basic-Intermediate-Tutorial-Models/Tutorial-2/ch-9/9-4a.nec,ok,ok,0.39445999450981617,0.3956162575632334,0.9971,1
cebik-w4rnl/Basic-Intermediate-Tutorial-Models/Tutorial-2/ch-9/9-4b.nec,ok,ok,0.38895947486162186,0.40069473162293434,0.9707,1
cebik-w4rnl/Basic-Intermediate-Tutorial-Models/Tutorial-2/ch-9/9-5.nec,ok,ok,0.007537131197750568,0.007571270689368248,,0
cebik-w4rnl/Basic-Intermediate-Tutorial-Models/Tutorial-2/ch-9/9-6.nec,ok,ok,0.03696752060204744,0.0371971745043993,,0
cebik-w4rnl/Basic-Intermediate-Tutorial-Models/Tutorial-2/ch-9/9-6a.nec,ok,ok,0.036272686906158924,0.03754948265850544,,0
cebik-w4rnl/Basic-Intermediate-Tutorial-Models/Tutorial-2/ch-9/9-7.nec,ok,ok,0.007654357701539993,0.007295917719602585,,0
cebik-w4rnl/Basic-Intermediate-Tutorial-Models/Tutorial-2/ch-9/9-7a.nec,ok,ok,0.007882515899837017,0.007762604393064976,,0
cebik-w4rnl/Basic-Intermediate-Tutorial-Models/Tutorial-2/ch-9/9-8.nec,ok,ok,0.007441933266818523,0.007252495735883713,,0
cebik-w4rnl/Basic-Intermediate-Tutorial-Models/Tutorial-2/ch-9/9-8a.nec,ok,ok,0.4593660868704319,0.45939249638468027,0.9999,1
cebik-w4rnl/Basic-Intermediate-Tutorial-Models/Tutorial-2/ch-9/9-8b.nec,ok,ok,0.2102641947567463,0.21084117237478495,0.9973,1
cebik-w4rnl/Basic-Intermediate-Tutorial-Models/Tutorial-2/ch-9/9-8c.nec,ok,ok,0.22947169840335846,0.22906872164458036,1.0018,1
cebik-w4rnl/Moxon-Rectangle-Notes-Models/mox10-1al.nec,ok,ok,0.008984277956187725,0.008970223367214203,,0
cebik-w4rnl/Moxon-Rectangle-Notes-Models/mox10-1alv.nec,ok,ok,0.008419527672231197,0.008257498033344746,,0
cebik-w4rnl/Moxon-Rectangle-Notes-Models/mox20-11.nec,ok,ok,0.010338318534195423,0.010158633813261986,,0
cebik-w4rnl/models/LPDAs/nec/LP100-1000-12el3ft150o.nec,ok,ok,0.10919310990720987,0.11119202338159084,0.9820,1
cebik-w4rnl/models/LPDAs/nec/lc14-7el38ft80o-1.nec,ok,ok,0.01351173222064972,0.013503365218639374,,0
cebik-w4rnl/models/LPDAs/nec/lc14-7el52ft65o-1.nec,ok,ok,0.013381906785070896,0.01325180009007454,,0
cebik-w4rnl/models/LPDAs/nec/lc21-5el21ft800o-1-vee.nec,ok,ok,0.01961331721395254,0.019782913848757744,,0
cebik-w4rnl/models/LPDAs/nec/lc21-7el35ft65o-75.nec,ok,ok,0.013450250960886478,0.014094077982008457,,0
cebik-w4rnl/models/LPDAs/nec/lc28-4el10ft75o.nec,ok,ok,0.013857218436896801,0.014378716237843037,,0
cebik-w4rnl/models/LPDAs/nec/lc28-5el16ft800o-75-Vee.nec,ok,ok,0.020177598111331463,0.020489515736699104,,0
cebik-w4rnl/models/LPDAs/nec/lc28-5el20ft150o-50-W6SAI.nec,ok,ok,0.010577752254903316,0.010525747202336788,,0
cebik-w4rnl/models/LPDAs/nec/lc28-6el12ft75o-1.nec,ok,ok,0.012785889208316803,0.012613828293979168,,0
cebik-w4rnl/models/LPDAs/nec/lc28-6el28ft100o-50.nec,ok,ok,0.012043808586895466,0.012027578428387642,,0
cebik-w4rnl/models/LPDAs/nec/lc28-7el14ft80o-875.nec,ok,ok,0.014600922353565693,0.014159737154841423,,0
cebik-w4rnl/models/LPDAs/nec/lc28-7el15ft100o-1.nec,ok,ok,0.0147054772824049,0.013647234067320824,,0
cebik-w4rnl/models/LPDAs/nec/lc28-7el15ft80o-1.nec,ok,ok,0.01454046368598938,0.013622007332742214,,0
cebik-w4rnl/models/LPDAs/nec/lc28-7el19ft80o-50.nec,ok,ok,0.013200726360082626,0.013393530622124672,,0
cebik-w4rnl/models/LPDAs/nec/lc28-7el19ft80o-75.nec,ok,ok,0.013330024667084217,0.013444725424051285,,0
cebik-w4rnl/models/LPDAs/nec/lc28-7el21ft65o-75.nec,ok,ok,0.0132534084841609,0.013260405510663986,,0
cebik-w4rnl/models/LPDAs/nec/lc28-7el25ft80o-75.nec,ok,ok,0.01306786760687828,0.013049094937741756,,0
cebik-w4rnl/models/LPDAs/nec/lc28-7el26ft65o-75.nec,ok,ok,0.013439508154988289,0.013043321669101715,,0
cebik-w4rnl/models/LPDAs/nec/lc28-7el28ft70o-75.nec,ok,ok,0.013197869062423706,0.013086950406432152,,0
cebik-w4rnl/models/LPDAs/nec/lp10-30-12el45ft250o.nec,ok,ok,0.033299616537988186,0.0324159637093544,,0
cebik-w4rnl/models/LPDAs/nec/lp10-30-15el45ft250o.nec,ok,ok,0.046813903376460075,0.06232496816664934,,0
cebik-w4rnl/models/LPDAs/nec/lp100-1000-12el5ft150o.nec,ok,ok,0.12420190311968327,0.12368194106966257,1.0042,1
cebik-w4rnl/models/LPDAs/nec/lp100-1000-26el5ft150o.nec,ok,ok,0.2996275797486305,0.3052173927426338,0.9817,1
cebik-w4rnl/models/LPDAs/nec/lp100-12elFM-med.nec,ok,ok,0.01551390066742897,0.015407231636345387,,0
cebik-w4rnl/models/LPDAs/nec/lp100-16elFM-long.nec,ok,ok,0.024611537344753742,0.02470613829791546,,0
cebik-w4rnl/models/LPDAs/nec/lp100-8elFM-short.nec,ok,ok,0.011990641243755817,0.011893153190612793,,0
cebik-w4rnl/models/LPDAs/nec/lp14-29-11el30ft225o.nec,ok,ok,0.02139604464173317,0.02119552344083786,,0
cebik-w4rnl/models/LPDAs/nec/lp14-29-12el33ft250o-dir.nec,ok,ok,0.023419362492859364,0.023528599180281162,,0
cebik-w4rnl/models/LPDAs/nec/lp14-30-12el26ft125o.nec,ok,ok,0.024614271707832813,0.02468384336680174,,0
cebik-w4rnl/models/LPDAs/nec/lp14-30-12el32ft100o.nec,ok,ok,0.028165609575808048,0.02766041923314333,,0
cebik-w4rnl/models/LPDAs/nec/lp14-30-12el32ft400o.nec,ok,ok,0.02405537199229002,0.024099587462842464,,0
cebik-w4rnl/models/LPDAs/nec/lp14-30-13el29ft200o-telerana14.nec,ok,ok,0.03136864956468344,0.030896389856934547,,0
cebik-w4rnl/models/LPDAs/nec/lp14-30-13el29ft200o-telerana50.nec,ok,ok,0.03144820034503937,0.031740566715598106,,0
cebik-w4rnl/models/LPDAs/nec/lp14-30-13el29ft200o-teleranavee.nec,ok,ok,0.03328297846019268,0.03281538560986519,,0
cebik-w4rnl/models/LPDAs/nec/lp14-30-14el40ft100o.nec,ok,ok,0.12174474354833364,0.1239716736599803,0.9820,1
cebik-w4rnl/models/LPDAs/nec/lp14-30-15el42ft250o-dir-stepdia.nec,ok,ok,0.07112265191972256,0.06976817362010479,1.0194,1
cebik-w4rnl/models/LPDAs/nec/lp14-30-16el42ft100o-dir.nec,ok,ok,0.029299622401595116,0.02792318817228079,,0
cebik-w4rnl/models/LPDAs/nec/lp14-30-21el52ft200o.nec,ok,ok,0.03414417337626219,0.034208026714622974,,0
cebik-w4rnl/models/LPDAs/nec/lp14-30-22el56ft250o-dir.nec,ok,ok,0.03656759671866894,0.03608039394021034,,0
cebik-w4rnl/models/LPDAs/nec/lp14-30-24el58ft200o.nec,ok,ok,0.06560977268964052,0.06521358620375395,1.0061,1
cebik-w4rnl/models/LPDAs/nec/lp14-30-27el217ft200o.nec,ok,ok,0.07494586892426014,0.07713572774082422,0.9716,1
cebik-w4rnl/models/LPDAs/nec/lp14-30-7el20ft100o-K4EWG.nec,ok,ok,0.01836397498846054,0.018793183378875256,,0
cebik-w4rnl/models/LPDAs/nec/lp14-30-8el20ft200o.nec,ok,ok,0.01366609986871481,0.01355738751590252,,0
cebik-w4rnl/models/LPDAs/nec/lp14-30-9el21ft250o-dir.nec,ok,ok,0.018057544715702534,0.018198588863015175,,0
cebik-w4rnl/models/LPDAs/nec/lp144-6el5ft75o-1875.nec,ok,ok,0.017017435282468796,0.01695077307522297,,0
cebik-w4rnl/models/LPDAs/nec/lp17-5el32ft50o.nec,ok,ok,0.007070849649608135,0.006997829303145409,,0
cebik-w4rnl/models/LPDAs/nec/lp21-5el27ft50o.nec,ok,ok,0.007189921103417873,0.007068987935781479,,0
cebik-w4rnl/models/LPDAs/nec/lp220-15el11ft80o.nec,ok,ok,0.09367489069700241,0.09301985707134008,1.0070,1
cebik-w4rnl/models/LPDAs/nec/lp220-17el11ft60o.nec,ok,ok,0.08972100727260113,0.09426223672926426,0.9518,1
cebik-w4rnl/models/LPDAs/nec/lp220-18el11ft60o.nec,ok,ok,0.09970035031437874,0.09778822306543589,1.0196,1
cebik-w4rnl/models/LPDAs/nec/lp220-20el12ft60o.nec,ok,ok,0.1188105121254921,0.12000909820199013,0.9900,1
cebik-w4rnl/models/LPDAs/nec/lp220-20el13ft60o.nec,ok,ok,0.07988930679857731,0.08018877264112234,0.9963,1
cebik-w4rnl/models/LPDAs/nec/lp250-276-21el4ft80o.nec,ok,ok,0.05034844949841499,0.050893244333565235,0.9893,1
cebik-w4rnl/models/LPDAs/nec/lp250-317-10el3ft75o.nec,ok,ok,0.011688847094774246,0.010346656665205956,,0
cebik-w4rnl/models/LPDAs/nec/lp250-317-15el5ft75o.nec,ok,ok,0.017584748566150665,0.017230825498700142,,0
cebik-w4rnl/models/LPDAs/nec/lp250-317-8el3ft75o.nec,ok,ok,0.00871544610708952,0.008627744391560555,,0
cebik-w4rnl/models/LPDAs/nec/lp250-500-12el3ft80o.nec,ok,ok,0.02996707148849964,0.02996802981942892,,0
cebik-w4rnl/models/LPDAs/nec/lp250-500-20el3ft80o.nec,ok,ok,0.06738380715250969,0.06724948901683092,1.0020,1
cebik-w4rnl/models/LPDAs/nec/lp28-30-4el8ft200o-wire12.nec,ok,ok,0.013900352641940117,0.013899818994104862,,0
cebik-w4rnl/models/LPDAs/nec/lp28-30-4el8ft75o-W4RNL.nec,ok,ok,0.014118769206106663,0.014053082093596458,,0
cebik-w4rnl/models/LPDAs/nec/lp28-30-4el8ft75o-fatel-W4RNL.nec,ok,ok,0.014029019512236118,0.013674331828951836,,0
cebik-w4rnl/models/LPDAs/nec/lp28-30-4el8ft75o-stepdia-W4RNL.nec,ok,ok,0.013215174898505211,0.012902806513011456,,0
cebik-w4rnl/models/LPDAs/nec/lp28-30-53l8ft300o-wire12-zigzag.nec,ok,ok,0.03417715057730675,0.03404258470982313,,0
cebik-w4rnl/models/LPDAs/nec/lp28-30-5el8ftnoline-wire10-zigzag.nec,ok,ok,0.022097899578511715,0.019121352583169937,,0
cebik-w4rnl/models/LPDAs/nec/lp28-31-10el48ft80o.nec,ok,ok,0.013074786402285099,0.012719552032649517,,0
cebik-w4rnl/models/LPDAs/nec/lp3-30-20el100ft200o.nec,ok,ok,0.3684925753623247,0.3747150767594576,0.9834,1
cebik-w4rnl/models/LPDAs/nec/lp3-30-20el60ft150o.nec,ok,ok,0.19076819065958261,0.18848183006048203,1.0121,1
cebik-w4rnl/models/LPDAs/nec/lp3-30-21el100ft200o.nec,ok,ok,0.19055268913507462,0.19161298405379057,0.9945,1
cebik-w4rnl/models/LPDAs/nec/lp3-30-22el100ft200o.nec,ok,ok,0.2038598982617259,0.20800930354744196,0.9801,1
cebik-w4rnl/models/LPDAs/nec/lp3-30-23el100ft200o.nec,ok,ok,0.2299442831426859,0.22989553399384022,1.0002,1
cebik-w4rnl/models/LPDAs/nec/lp3-30-24el100ft200o.nec,ok,ok,0.2526953900232911,0.252629897557199,1.0003,1
cebik-w4rnl/models/LPDAs/nec/lp3-30-25el100ft200o.nec,ok,ok,0.2768178693950176,0.27246802020817995,1.0160,1
cebik-w4rnl/models/LPDAs/nec/lp3-30-26el100ft200o.nec,ok,ok,0.2990909833461046,0.30384818464517593,0.9843,1
cebik-w4rnl/models/LPDAs/nec/lp3-30-26el164ft150o.nec,ok,ok,0.29856330808252096,0.2956707030534744,1.0098,1
cebik-w4rnl/models/LPDAs/nec/lp3-30-33el100ft150o.nec,ok,ok,0.3059749323874712,0.3068202221766114,0.9972,1
cebik-w4rnl/models/LPDAs/nec/lp3-30-33el168ft250o.nec,ok,ok,0.5883361604064703,0.5864401599392295,1.0032,1
cebik-w4rnl/models/LPDAs/nec/lp3-30-42el164ft250o.nec,ok,ok,0.8884216407313943,0.8913672659546137,0.9967,1
cebik-w4rnl/models/LPDAs/nec/lp3-7-10el55ft200o.nec,ok,ok,0.017790937796235085,0.017753510735929012,,0
cebik-w4rnl/models/LPDAs/nec/lp3-7-10el56ft200o.nec,ok,ok,0.018185476772487164,0.018165307119488716,,0
cebik-w4rnl/models/LPDAs/nec/lp3-7-11el53ft200o.nec,ok,ok,0.017497213557362556,0.017320959828794003,,0
cebik-w4rnl/models/LPDAs/nec/lp3-7-12el53ft200o.nec,ok,ok,0.019758292473852634,0.019711248576641083,,0
cebik-w4rnl/models/LPDAs/nec/lp3-7-12el55ft200o.nec,ok,ok,0.02351707685738802,0.0235397070646286,,0
cebik-w4rnl/models/LPDAs/nec/lp3-7-16el84ft200o.nec,ok,ok,0.02986402064561844,0.029900232329964638,,0
cebik-w4rnl/models/LPDAs/nec/lp3r5-4-14el89ft200o-2.nec,ok,ok,0.03252370189875364,0.03288975637406111,,0
cebik-w4rnl/models/LPDAs/nec/lp3r5-4-6el86ft100o-2.nec,ok,ok,0.04826282523572445,0.04814093466848135,,0
cebik-w4rnl/models/LPDAs/nec/lp3r5-4-8el86ft100o-2.nec,ok,ok,0.01622746605426073,0.016100801527500153,,0
cebik-w4rnl/models/LPDAs/nec/lp3r5-4-8el86ft150o-12.nec,ok,ok,0.016565002501010895,0.016086985357105732,,0
cebik-w4rnl/models/LPDAs/nec/lp4-30-19el60ft200o.nec,ok,ok,0.15806450229138136,0.1539187040179968,1.0269,1
cebik-w4rnl/models/LPDAs/nec/lp4-30-20el65ft150o.nec,ok,ok,0.18536676093935966,0.18492526561021805,1.0024,1
cebik-w4rnl/models/LPDAs/nec/lp4-30-20el65ft200o.nec,ok,ok,0.12931543122977018,0.13063348457217216,0.9899,1
cebik-w4rnl/models/LPDAs/nec/lp4-30-21el65ft200o.nec,ok,ok,0.1563469935208559,0.16343635972589254,0.9566,1
cebik-w4rnl/models/LPDAs/nec/lp40-90-22el20ft100o-dir.nec,ok,ok,0.036172857508063316,0.03702686261385679,,0
cebik-w4rnl/models/LPDAs/nec/lp400-800-12el1ft250o.nec,ok,ok,0.02742106281220913,0.0286086555570364,,0
cebik-w4rnl/models/LPDAs/nec/lp7-15-10el35ft200o.nec,ok,ok,0.015884121879935265,0.015891601331532,,0
cebik-w4rnl/models/LPDAs/nec/lp7-15-11el44ft200o-dir.nec,ok,ok,0.017654712311923504,0.01740308851003647,,0
cebik-w4rnl/models/LPDAs/nec/lp7-15-12el42ft200o.nec,ok,ok,0.02147146873176098,0.020198864862322807,,0
cebik-w4rnl/models/LPDAs/nec/lp7-15-13el53ft200o.nec,ok,ok,0.022703290916979313,0.022482317872345448,,0
cebik-w4rnl/models/LPDAs/nec/lp7-15-16el28ft200o.nec,ok,ok,0.031025785021483898,0.03127801790833473,,0
cebik-w4rnl/models/LPDAs/nec/lp7-15-16el56ft200o.nec,ok,ok,0.028289243578910828,0.028160467743873596,,0
cebik-w4rnl/models/LPDAs/nec/lp7-15-16el70ft200o.nec,ok,ok,0.027842496521770954,0.03018681053072214,,0
cebik-w4rnl/models/LPDAs/nec/lp7-15-16el84ft200o.nec,ok,ok,0.027654514648020267,0.027445822022855282,,0
cebik-w4rnl/models/LPDAs/nec/lp7-15-22el78ft200o.nec,ok,ok,0.05560516007244587,0.055920105427503586,0.9944,1
cebik-w4rnl/models/LPDAs/nec/lp7-15-27el434ft200o.nec,ok,ok,0.07494754903018475,0.07516588270664215,0.9971,1
cebik-w4rnl/models/LPDAs/nec/lp7-15-7el25ft200o.nec,ok,ok,0.010126559995114803,0.010636032558977604,,0
cebik-w4rnl/models/LPDAs/nec/lp7-15-7el37ft200o.nec,ok,ok,0.01015226636081934,0.009389040991663933,,0
cebik-w4rnl/models/LPDAs/nec/lp7-15-9el31ft200o.nec,ok,ok,0.014922919683158398,0.014312684535980225,,0
cebik-w4rnl/models/LPDAs/nec/lp800-1200-17el3ft200o.nec,ok,ok,0.01881315652281046,0.019120724871754646,,0
cebik-w4rnl/models/LPDAs/nec/lp850-2600-36el4ft200o.nec,ok,ok,0.2040532799437642,0.20866796746850014,0.9779,1
cebik-w4rnl/models/LPDAs/nec/lp850-2600-37el4ft80o.nec,ok,ok,0.2327862735837698,0.2349748807027936,0.9907,1
cebik-w4rnl/models/LPDAs/nec/lp900-1400-36el4ft200o.nec,ok,ok,0.20449459552764893,0.20094947144389153,1.0176,1
cebik-w4rnl/models/LPDAs/nec/lpma3r5-4-6el86ft75o-buriedradials.nec,ok,ok,13.679832541383803,13.705373509787023,0.9981,1
cebik-w4rnl/models/Phased-Arrays/nec/10-28-edzlazyh-fs-14.nec,ok,ok,0.008995690383017063,0.00895882397890091,,0
cebik-w4rnl/models/Phased-Arrays/nec/14-29-lpda-50.nec,ok,ok,0.06456055957823992,0.06531659606844187,0.9884,1
cebik-w4rnl/models/Phased-Arrays/nec/14-8jk-fs-75.nec,ok,ok,0.0060415612533688545,0.005942320451140404,,0
cebik-w4rnl/models/Phased-Arrays/nec/14-8jkstack-stdphase-12.nec,ok,ok,0.29927745927125216,0.29827292915433645,1.0034,1
cebik-w4rnl/models/Phased-Arrays/nec/14-8jkstack-xphased-12.nec,ok,ok,0.2999171447008848,0.29785033501684666,1.0069,1
cebik-w4rnl/models/Phased-Arrays/nec/14-fdsp-W7EL.nec,ok,ok,0.14448294136673212,0.14434504229575396,1.0010,1
cebik-w4rnl/models/Phased-Arrays/nec/14-longelphased-directfeedp1-W4RNL.nec,ok,ok,0.009374859742820263,0.009339485317468643,,0
cebik-w4rnl/models/Phased-Arrays/nec/14-phased35o-50-W4RNL.nec,ok,ok,0.15163905266672373,0.13740424159914255,1.1036,1
cebik-w4rnl/models/Phased-Arrays/nec/14-phasedsplit50o-50-W4RNL.nec,ok,ok,0.004800730384886265,0.004878080449998379,,0
cebik-w4rnl/models/Phased-Arrays/nec/14-shortel-stubs-50-N7CL.nec,ok,ok,0.07479739375412464,0.07448785565793514,1.0042,1
cebik-w4rnl/models/Phased-Arrays/nec/14-stacked3elYagis-1.nec,ok,ok,0.08698712754994631,0.08681332785636187,1.0020,1
cebik-w4rnl/models/Phased-Arrays/nec/14-zlsporig-1-ZL3MH.nec,ok,ok,0.07831905595958233,0.07796510402113199,1.0045,1
cebik-w4rnl/models/Phased-Arrays/nec/144-3eledzvbeam-fs-40.nec,ok,ok,0.02178285364061594,0.02175594214349985,,0
cebik-w4rnl/models/Phased-Arrays/nec/146-436-dualquad turnstile-sat-146.nec,ok,ok,0.48404861334711313,0.4849538244307041,0.9981,1
cebik-w4rnl/models/Phased-Arrays/nec/146-436-dualquadturnstile-sat-436.nec,ok,ok,0.33605774585157633,0.33472863771021366,1.0040,1
cebik-w4rnl/models/Phased-Arrays/nec/146-moxrectturnstile-sat-1875.nec,ok,ok,0.1667432663962245,0.16534076537936926,1.0085,1
cebik-w4rnl/models/Phased-Arrays/nec/18-fdsp-W7EL.nec,ok,ok,0.14416385907679796,0.1435798853635788,1.0041,1
cebik-w4rnl/models/Phased-Arrays/nec/18-longelphased-directfeedp1-W4RNL.nec,ok,ok,0.009370985440909863,0.009386938065290451,,0
cebik-w4rnl/models/Phased-Arrays/nec/18-phased35o-50-W4RNL.nec,ok,ok,0.12351520918309689,0.1232629083096981,1.0020,1
cebik-w4rnl/models/Phased-Arrays/nec/18-phasedsplit50o-50-W4RNL.nec,ok,ok,0.004798394627869129,0.00482818391174078,,0
cebik-w4rnl/models/Phased-Arrays/nec/18-shortel-stubs-50-N7CL.nec,ok,ok,0.07484822068363428,0.07450569234788418,1.0046,1
cebik-w4rnl/models/Phased-Arrays/nec/1r1-bc2elphased vert.nec,ok,ok,0.00887954980134964,0.008994054049253464,,0
cebik-w4rnl/models/Phased-Arrays/nec/1r4-bc3elendfire-pergnd.nec,ok,ok,0.025634380988776684,0.02561970241367817,,0
cebik-w4rnl/models/Phased-Arrays/nec/1r4-bc6elb-s+e-f-pergnd.nec,ok,ok,0.08039641194045544,0.08015901781618595,1.0030,1
cebik-w4rnl/models/Phased-Arrays/nec/1r5-bc2xhalfwldr+6parguy-sngnd.nec,ok,ok,0.8735870728269219,0.8813803093507886,0.9912,1
cebik-w4rnl/models/Phased-Arrays/nec/1r5-bc3elendfire-burrad.nec,ok,ok,2.060689895413816,2.069466616027057,0.9958,1
cebik-w4rnl/models/Phased-Arrays/nec/1r5-bc4elendfire-pergnd.nec,ok,ok,0.12576093152165413,0.12441226188093424,1.0108,1
cebik-w4rnl/models/Phased-Arrays/nec/1r5-bc6elphaseaim-pergnd.nec,ok,ok,0.0836462089791894,0.0834205336868763,1.0027,1
cebik-w4rnl/models/Phased-Arrays/nec/1r5-bchalfwldr+6parguy-sngnd.nec,ok,ok,0.5004776967689395,0.4978190353140235,1.0053,1
cebik-w4rnl/models/Phased-Arrays/nec/1r8-2-elphased-radials.nec,ok,ok,3.5002652453258634,3.49830842576921,1.0006,1
cebik-w4rnl/models/Phased-Arrays/nec/1r8-2x4elphased-K8UR.nec,ok,ok,0.5015355767682195,0.5006721634417772,1.0017,1
cebik-w4rnl/models/Phased-Arrays/nec/1r8-4el-broadside.nec,ok,ok,0.07647178135812283,0.073142159730196,1.0455,1
cebik-w4rnl/models/Phased-Arrays/nec/1r8-4el-endfire-burrad.nec,ok,ok,3.319071118719876,3.3229830702766776,0.9988,1
cebik-w4rnl/models/Phased-Arrays/nec/1r8-4el-endfire.nec,ok,ok,0.08328313753008842,0.08495165221393108,0.9804,1
cebik-w4rnl/models/Phased-Arrays/nec/1r8-4elphased-lowbend-K8UR.nec,ok,ok,0.30666091945022345,0.2959554847329855,1.0362,1
cebik-w4rnl/models/Phased-Arrays/nec/1r8-4elphased-midelbend-K8UR.nec,ok,ok,0.2692337092012167,0.2892717430368066,0.9307,1
cebik-w4rnl/models/Phased-Arrays/nec/1r8-5el-broadside.nec,ok,ok,0.09767893515527248,0.0976514220237732,1.0003,1
cebik-w4rnl/models/Phased-Arrays/nec/1r8-5el-endfire.nec,ok,ok,0.10938122309744358,0.10869897808879614,1.0063,1
cebik-w4rnl/models/Phased-Arrays/nec/21-2eledzbeam-2ref-gnd-12-ZL1LE.nec,ok,ok,0.17381267342716455,0.1735159084200859,1.0017,1
cebik-w4rnl/models/Phased-Arrays/nec/21-coledz-wiretl-12.nec,ok,ok,0.09467879496514797,0.0943448506295681,1.0035,1
cebik-w4rnl/models/Phased-Arrays/nec/21-fdsp-W7EL.nec,ok,ok,0.1442431788891554,0.1439364841207862,1.0021,1
cebik-w4rnl/models/Phased-Arrays/nec/21-longelphased-directfeedp1-W4RNL.nec,ok,ok,0.009289859794080257,0.009272916242480278,,0
cebik-w4rnl/models/Phased-Arrays/nec/21-phased35o-50-W4RNL.nec,ok,ok,0.11445170734077692,0.11443397402763367,1.0002,1
cebik-w4rnl/models/Phased-Arrays/nec/21-phasedcoledz-fs-12.nec,ok,ok,0.04721049405634403,0.046989137306809425,,0
cebik-w4rnl/models/Phased-Arrays/nec/21-phasedsplit50o-50-W4RNL.nec,ok,ok,0.004767140373587608,0.004760032519698143,,0
cebik-w4rnl/models/Phased-Arrays/nec/21-shortel-stubs-50-N7CL.nec,ok,ok,0.07560855988413095,0.07510844059288502,1.0067,1
cebik-w4rnl/models/Phased-Arrays/nec/21-zlsporig-1-ZL3MH.nec,ok,ok,0.07909502554684877,0.07828936539590359,1.0103,1
cebik-w4rnl/models/Phased-Arrays/nec/24-3elzlsp-fs-75.nec,ok,ok,0.010647600516676903,0.010544057935476303,,0
cebik-w4rnl/models/Phased-Arrays/nec/24-fdsp-W7EL.nec,ok,ok,0.1447406755760312,0.14466831367462873,1.0005,1
cebik-w4rnl/models/Phased-Arrays/nec/24-lazyh-fs-K7KGP.nec,ok,ok,0.007795543409883976,0.007675708271563053,,0
cebik-w4rnl/models/Phased-Arrays/nec/24-longelphased-directfeedp1-W4RNL.nec,ok,ok,0.009354986250400543,0.009286221116781235,,0
cebik-w4rnl/models/Phased-Arrays/nec/24-phased35o-50-W4RNL.nec,ok,ok,0.12307908292859793,0.1227785013616085,1.0024,1
cebik-w4rnl/models/Phased-Arrays/nec/24-phasedsplit50o-50-W4RNL.nec,ok,ok,0.004776621237397194,0.004815246909856796,,0
cebik-w4rnl/models/Phased-Arrays/nec/24-shortel-stubs-50-N7CL.nec,ok,ok,0.0760614238679409,0.07575385365635157,1.0041,1
cebik-w4rnl/models/Phased-Arrays/nec/254-turnstileYagi-milsat.nec,ok,ok,0.20147962030023336,0.2020787363871932,0.9970,1
cebik-w4rnl/models/Phased-Arrays/nec/28-2eledzbeam-2ref-fs-12.nec,ok,ok,0.007104514166712761,0.007202528417110443,,0
cebik-w4rnl/models/Phased-Arrays/nec/28-2eledzbeam-fs-12.nec,ok,ok,0.007482544519007206,0.0073968032374978065,,0
cebik-w4rnl/models/Phased-Arrays/nec/28-3eledzbeam-2ref-gnd-12.nec,ok,ok,0.07363225612789392,0.07202646695077419,1.0223,1
cebik-w4rnl/models/Phased-Arrays/nec/28-6elphasefedbeam-fs-50.nec,ok,ok,0.01125937420874834,0.01126013696193695,,0
cebik-w4rnl/models/Phased-Arrays/nec/28-7-lazyh-vert-14.nec,ok,ok,0.18204915151000023,0.1820944854989648,0.9998,1
cebik-w4rnl/models/Phased-Arrays/nec/28-fdsp-W7EL.nec,ok,ok,0.1455882266163826,0.14421442989259958,1.0095,1
cebik-w4rnl/models/Phased-Arrays/nec/28-longelphased-directfeedp1-W4RNL.nec,ok,ok,0.009328511543571949,0.010684561915695667,,0
cebik-w4rnl/models/Phased-Arrays/nec/28-phased-gammas-1-HB9CV.nec,ok,ok,0.012443732470273972,0.012541355565190315,,0
cebik-w4rnl/models/Phased-Arrays/nec/28-phased35o-50-W4RNL.nec,ok,ok,0.1277842205017805,0.12378373742103577,1.0323,1
cebik-w4rnl/models/Phased-Arrays/nec/28-phasedsplit50o-50-W4RNL.nec,ok,ok,0.004875867627561092,0.004847193136811256,,0
cebik-w4rnl/models/Phased-Arrays/nec/28-shortel-stubs-50-N7CL.nec,ok,ok,0.07763890270143747,0.07646326161921024,1.0154,1
cebik-w4rnl/models/Phased-Arrays/nec/28-shortel-stubstack-50-N7CL.nec,ok,ok,0.13462305162101984,0.13343125861138105,1.0089,1
cebik-w4rnl/models/Phased-Arrays/nec/28-swissquad-14.nec,ok,ok,0.009748054668307304,0.00960907619446516,,0
cebik-w4rnl/models/Phased-Arrays/nec/28-zlsp-udp-75-W4RNL.nec,ok,ok,0.08068931754678488,0.08008276484906673,1.0076,1
cebik-w4rnl/models/Phased-Arrays/nec/28-zlsporig-1-ZL3MH.nec,ok,ok,0.07980448007583618,0.08015573862940073,0.9956,1
cebik-w4rnl/models/Phased-Arrays/nec/28-zlsptrombone-ARRL.nec,ok,ok,0.11531862989068031,0.11540571320801973,0.9992,1
cebik-w4rnl/models/Phased-Arrays/nec/284-turnstilequad-milsat-ez.nec,ok,ok,0.2973159560933709,0.29505957663059235,1.0076,1
cebik-w4rnl/models/Phased-Arrays/nec/300-11eldplarray.nec,ok,ok,0.05757585819810629,0.059100924991071224,0.9742,1
cebik-w4rnl/models/Phased-Arrays/nec/300-20eldplarray.nec,ok,ok,0.10670796129852533,0.10561766475439072,1.0103,1
cebik-w4rnl/models/Phased-Arrays/nec/300-30eldplarray.nec,ok,ok,0.17956553492695093,0.17831289861351252,1.0070,1
cebik-w4rnl/models/Phased-Arrays/nec/300-40eldplarray.nec,ok,ok,0.2737888563424349,0.27296343725174665,1.0030,1
cebik-w4rnl/models/Phased-Arrays/nec/300-50dplarray.nec,ok,ok,0.3892293758690357,0.38970085326582193,0.9988,1
cebik-w4rnl/models/Phased-Arrays/nec/3r6-2x4elphased-K8UR.nec,ok,ok,0.5284104347229004,0.5297654680907726,0.9974,1
cebik-w4rnl/models/Phased-Arrays/nec/3r6-4elphased-lowbend-K8UR.nec,ok,ok,0.2867829315364361,0.2862896425649524,1.0017,1
cebik-w4rnl/models/Phased-Arrays/nec/3r6-4elphased-midelbend-K8UR.nec,ok,ok,0.20569822937250137,0.20448179822415113,1.0059,1
cebik-w4rnl/models/Phased-Arrays/nec/3r6-8jk-12.nec,ok,ok,0.22968654613941908,0.22967403568327427,1.0001,1
cebik-w4rnl/models/Phased-Arrays/nec/3r6-bruce-3sect-12.nec,ok,ok,0.19863426499068737,0.19866154249757528,0.9999,1
cebik-w4rnl/models/Phased-Arrays/nec/3r6-bruce-4sect-12.nec,ok,ok,0.20381466764956713,0.20367659721523523,1.0007,1
cebik-w4rnl/models/Phased-Arrays/nec/3r6-bruce-5sect-12.nec,ok,ok,0.2427379386499524,0.24179458618164062,1.0039,1
cebik-w4rnl/models/Phased-Arrays/nec/3r6-halfwldr+6parguy-sngnd.nec,ok,ok,0.4165123635903001,0.4173475531861186,0.9980,1
cebik-w4rnl/models/Phased-Arrays/nec/3r6-phasedrect-10-N2DT.nec,ok,ok,0.2274341294541955,0.22651536390185356,1.0041,1
cebik-w4rnl/models/Phased-Arrays/nec/3r6-sterba-12.nec,ok,ok,0.3658062778413296,0.3625935297459364,1.0089,1
cebik-w4rnl/models/Phased-Arrays/nec/3r6-sterba-ctrfed-12.nec,ok,ok,0.34040407557040453,0.33881830144673586,1.0047,1
cebik-w4rnl/models/Phased-Arrays/nec/3r9-halfwldr+6parguy-sngnd.nec,ok,ok,0.37081083096563816,0.36937682144343853,1.0039,1
cebik-w4rnl/models/Phased-Arrays/nec/432-col-coilmatch.nec,ok,ok,0.06059280876070261,0.06032090727239847,1.0045,1
cebik-w4rnl/models/Phased-Arrays/nec/432-col-indloadmatch.nec,ok,ok,0.04114259406924248,0.040710095316171646,,0
cebik-w4rnl/models/Phased-Arrays/nec/436-moxrectturnstile-sat-12.nec,ok,ok,0.09880825877189636,0.09862871747463942,1.0018,1
cebik-w4rnl/models/Phased-Arrays/nec/436-turnstileYagi-sat.nec,ok,ok,0.2000422589480877,0.20038386806845665,0.9983,1
cebik-w4rnl/models/Phased-Arrays/nec/50-edzlazyh-fs-14.nec,ok,ok,0.00909719243645668,0.008912080898880959,,0
cebik-w4rnl/models/Phased-Arrays/nec/5r4-2x4elphased-K8UR.nec,ok,ok,0.5317230829969049,0.5296954577788711,1.0038,1
cebik-w4rnl/models/Phased-Arrays/nec/5r4-4elphased-lowbend-K8UR.nec,ok,ok,0.2865426493808627,0.28542367927730083,1.0039,1
cebik-w4rnl/models/Phased-Arrays/nec/5r4-4elphased-midelbend-K8UR.nec,ok,ok,0.2012777216732502,0.20285834465175867,0.9922,1
cebik-w4rnl/models/Phased-Arrays/nec/5r4-halfwldr+6parguy-sngnd.nec,ok,ok,0.37838899809867144,0.3854674678295851,0.9816,1
cebik-w4rnl/models/Phased-Arrays/nec/7-2elphased-pergnd-2.nec,ok,ok,0.012701339088380337,0.017209870740771294,,0
cebik-w4rnl/models/Phased-Arrays/nec/7-2xhalfwldr+6parguy-sngnd.nec,ok,ok,0.8539091646671295,0.8496442930772901,1.0050,1
cebik-w4rnl/models/Phased-Arrays/nec/7-4square phased verts.nec,ok,ok,0.008434297516942024,0.008113824762403965,,0
cebik-w4rnl/models/Phased-Arrays/nec/7-halfwldr+6parguy-sngnd.nec,ok,ok,0.37513506412506104,0.37139271292835474,1.0101,1
cebik-w4rnl/models/Phased-Arrays/nec/903-vertmonoYagis-inphasefed.nec,ok,ok,0.009696575812995434,0.009636293165385723,,0
cebik-w4rnl/models/Quads/nec/10-2eloptquad-12.nec,ok,ok,0.009628691710531712,0.00976133719086647,,0
cebik-w4rnl/models/Quads/nec/10-3elopthgquad-12.nec,ok,ok,0.011410395614802837,0.011253922246396542,,0
cebik-w4rnl/models/Quads/nec/10-3eloptwbquad-12.nec,ok,ok,0.011442971415817738,0.011348094791173935,,0
cebik-w4rnl/models/Quads/nec/10-4eloptquad-12.nec,ok,ok,0.014899627305567265,0.014711189083755016,,0
cebik-w4rnl/models/Quads/nec/1296-2eloptquad-12.nec,ok,ok,0.00977589562535286,0.009599074721336365,,0
cebik-w4rnl/models/Quads/nec/1296-3elopthgquad-12.nec,ok,ok,0.011666186153888702,0.011581056751310825,,0
cebik-w4rnl/models/Quads/nec/1296-3eloptwbquad-12.nec,ok,ok,0.011377224698662758,0.011334606446325779,,0
cebik-w4rnl/models/Quads/nec/1296-4eloptquad-12.nec,ok,ok,0.01490714680403471,0.01857079192996025,,0
cebik-w4rnl/models/Quads/nec/14-1elloop-diamond-14.nec,ok,ok,0.010533125139772892,0.010643670335412025,,0
cebik-w4rnl/models/Quads/nec/14-28-2b2elquad-14-1feed.nec,ok,ok,0.18619006220251322,0.18416890408843756,1.0110,1
cebik-w4rnl/models/Quads/nec/14-28-2b2elquad-14-widesp.nec,ok,ok,0.013066169805824757,0.012758484110236168,,0
cebik-w4rnl/models/Quads/nec/14-2eloptquad-12.nec,ok,ok,0.010083219036459923,0.009501118212938309,,0
cebik-w4rnl/models/Quads/nec/14-2elquad-sq-14-medsp.nec,ok,ok,0.010914109647274017,0.01041762437671423,,0
cebik-w4rnl/models/Quads/nec/14-2elquad-sq-14-smallsp.nec,ok,ok,0.0081163439899683,0.007733354344964027,,0
cebik-w4rnl/models/Quads/nec/14-2elquad-sq-widesp.nec,ok,ok,0.00722348690032959,0.006924038752913475,,0
cebik-w4rnl/models/Quads/nec/14-3elopthgquad-12.nec,ok,ok,0.011966942809522152,0.011371535249054432,,0
cebik-w4rnl/models/Quads/nec/14-3eloptwbquad-12.nec,ok,ok,0.011989501304924488,0.011294643394649029,,0
cebik-w4rnl/models/Quads/nec/14-3elquad-12-W6SAI.nec,ok,ok,0.017690125852823257,0.017183322459459305,,0
cebik-w4rnl/models/Quads/nec/14-3elquad-14-K2OB.nec,ok,ok,0.016897814348340034,0.01721926685422659,,0
cebik-w4rnl/models/Quads/nec/14-3elquad-14-Yagisp.nec,ok,ok,0.017440933734178543,0.01722514070570469,,0
cebik-w4rnl/models/Quads/nec/14-4eloptquad-12.nec,ok,ok,0.015754597261548042,0.014656098559498787,,0
cebik-w4rnl/models/Quads/nec/14-5elquad-10-eqsp-W4RNL.nec,ok,ok,0.04725498240441084,0.045700928196311,,0
cebik-w4rnl/models/Quads/nec/14-5elquad-14-K2OB-80ft.nec,ok,ok,0.039960733614861965,0.0386904077604413,,0
cebik-w4rnl/models/Quads/nec/14-5elquad-14-K2OB.nec,ok,ok,0.038723016157746315,0.03883787803351879,,0
cebik-w4rnl/models/Quads/nec/14-6elquad-8.nec,ok,ok,0.060534282587468624,0.060845328494906425,0.9949,1
cebik-w4rnl/models/Quads/nec/144-2eloptquad-12.nec,ok,ok,0.009520159102976322,0.009732255712151527,,0
cebik-w4rnl/models/Quads/nec/144-3eloctagon-50.nec,ok,ok,0.010791613720357418,0.010855232365429401,,0
cebik-w4rnl/models/Quads/nec/144-3elopthgquad-12.nec,ok,ok,0.011342519894242287,0.01140605378895998,,0
cebik-w4rnl/models/Quads/nec/144-3eloptwbquad-12.nec,ok,ok,0.011252293363213539,0.011451530270278454,,0
cebik-w4rnl/models/Quads/nec/144-4eloptquad-12.nec,ok,ok,0.014835153706371784,0.01484357938170433,,0
cebik-w4rnl/models/Quads/nec/144-6elquad-14.nec,ok,ok,0.06049756985157728,0.0620359955355525,0.9752,1
cebik-w4rnl/models/Quads/nec/18-24-2b5-6elquad-W4RNL.nec,ok,ok,0.14277850836515427,0.14675869047641754,0.9729,1
cebik-w4rnl/models/Quads/nec/18-2eloptquad-12.nec,ok,ok,0.009663546457886696,0.009975572116672993,,0
cebik-w4rnl/models/Quads/nec/18-2elquad-sq-14-679ftsp.nec,ok,ok,0.006945179775357246,0.0074789151549339294,,0
cebik-w4rnl/models/Quads/nec/18-2elquad-sq-14-944ftsp.nec,ok,ok,0.010353314690291882,0.01079487707465887,,0
cebik-w4rnl/models/Quads/nec/18-3elopthgquad-12.nec,ok,ok,0.011297875083982944,0.01115761511027813,,0
cebik-w4rnl/models/Quads/nec/18-3eloptwbquad.nec,ok,ok,0.011518353596329689,0.011388121172785759,,0
cebik-w4rnl/models/Quads/nec/18-3elquad-14-reversible-AA2NN.nec,ok,ok,0.22674489673227072,0.22811206802725792,0.9940,1
cebik-w4rnl/models/Quads/nec/18-3elquad-14.nec,ok,ok,0.22504207864403725,0.22445342503488064,1.0026,1
cebik-w4rnl/models/Quads/nec/18-4eloptquad-12.nec,ok,ok,0.01468601357191801,0.014512340538203716,,0
cebik-w4rnl/models/Quads/nec/21-28-2b2elquad-14-spider.nec,ok,ok,0.010350600816309452,0.010290795005857944,,0
cebik-w4rnl/models/Quads/nec/21-2eloptquad-12.nec,ok,ok,0.00956095103174448,0.009549673646688461,,0
cebik-w4rnl/models/Quads/nec/21-2elquad-sq-14-580ftsp.nec,ok,ok,0.0065348949283361435,0.006279313005506992,,0
cebik-w4rnl/models/Quads/nec/21-2elquad-sq-14-8ftsp.nec,ok,ok,0.012057709507644176,0.010430432856082916,,0
cebik-w4rnl/models/Quads/nec/21-2elquad-sq-18-ARRL.nec,ok,ok,0.008664770983159542,0.009161063469946384,,0
cebik-w4rnl/models/Quads/nec/21-3elopthgquad-12.nec,ok,ok,0.011337250471115112,0.01149161346256733,,0
cebik-w4rnl/models/Quads/nec/21-3eloptwbquad-12.nec,ok,ok,0.01429399847984314,0.014052582904696465,,0
cebik-w4rnl/models/Quads/nec/21-4eloptquad-12.nec,ok,ok,0.014895125292241573,0.015024102292954922,,0
cebik-w4rnl/models/Quads/nec/21-5elquad-14-eqsp-W4RNL.nec,ok,ok,0.045354447327554226,0.045260099694132805,,0
cebik-w4rnl/models/Quads/nec/21-6elquad-8.nec,ok,ok,0.06084492616355419,0.06691756099462509,0.9093,1
cebik-w4rnl/models/Quads/nec/220-2eloptquad-12.nec,ok,ok,0.010412289761006832,0.009674044325947762,,0
cebik-w4rnl/models/Quads/nec/220-3elopthgquad-12.nec,ok,ok,0.011416892521083355,0.011648382991552353,,0
cebik-w4rnl/models/Quads/nec/220-3eloptwbquad-12.nec,ok,ok,0.011417154222726822,0.011329534463584423,,0
cebik-w4rnl/models/Quads/nec/220-4eloptquad-12.nec,ok,ok,0.014704016968607903,0.01470568124204874,,0
cebik-w4rnl/models/Quads/nec/24-1elloop-diamond-14.nec,ok,ok,0.01956268958747387,0.019430450163781643,,0
cebik-w4rnl/models/Quads/nec/24-1elloop-diamond-load-14.nec,ok,ok,0.024402432143688202,0.02425770927220583,,0
cebik-w4rnl/models/Quads/nec/24-2eloptquad-12.nec,ok,ok,0.00946960598230362,0.009623957797884941,,0
cebik-w4rnl/models/Quads/nec/24-2elquad-dia-14-675ftsp.nec,ok,ok,0.03111321944743395,0.0308359544724226,,0
cebik-w4rnl/models/Quads/nec/24-2elquad-sq-14-5ftsp.nec,ok,ok,0.005822457373142242,0.005943739786744118,,0
cebik-w4rnl/models/Quads/nec/24-2elquad-sq-14-685ftsp.nec,ok,ok,0.010347352363169193,0.010286622680723667,,0
cebik-w4rnl/models/Quads/nec/24-3elopthgquad-12.nec,ok,ok,0.011292507871985435,0.011186905205249786,,0
cebik-w4rnl/models/Quads/nec/24-3eloptwbquad-12.nec,ok,ok,0.011168789118528366,0.011131016537547112,,0
cebik-w4rnl/models/Quads/nec/24-4eloptquad-12.nec,ok,ok,0.014693508855998516,0.014646985568106174,,0
cebik-w4rnl/models/Quads/nec/28-1elloop-1.nec,ok,ok,0.009915781207382679,0.00948663055896759,,0
cebik-w4rnl/models/Quads/nec/28-1elloop-14.nec,ok,ok,0.007991909049451351,0.007982397451996803,,0
cebik-w4rnl/models/Quads/nec/28-1elloop-load-14.nec,ok,ok,0.010561528615653515,0.010286755859851837,,0
cebik-w4rnl/models/Quads/nec/28-2eldeltaloop-14.nec,ok,ok,0.01915692910552025,0.019051577895879745,,0
cebik-w4rnl/models/Quads/nec/28-2eloptquad-12.nec,ok,ok,0.00954477209597826,0.009473818354308605,,0
cebik-w4rnl/models/Quads/nec/28-2elquad-dia-load-14.nec,ok,ok,0.033999319188296795,0.03369831945747137,,0
cebik-w4rnl/models/Quads/nec/28-2elquad-sq-14-6ftsp.nec,ok,ok,0.010173437185585499,0.01027250662446022,,0
cebik-w4rnl/models/Quads/nec/28-2elquad-sq-14-medsp.nec,ok,ok,0.010345731861889362,0.01410763245075941,,0
cebik-w4rnl/models/Quads/nec/28-2elquad-sq-14-smallsp.nec,ok,ok,0.010691717267036438,0.010485615581274033,,0
cebik-w4rnl/models/Quads/nec/28-2elquad-sq-14-widesp.nec,ok,ok,0.012157640419900417,0.010369055904448032,,0
cebik-w4rnl/models/Quads/nec/28-2elquad-sq-14.nec,ok,ok,0.006852407939732075,0.0069845933467149734,,0
cebik-w4rnl/models/Quads/nec/28-2elquad-sq-dblload-14.nec,ok,ok,0.05786232650279999,0.05844689067453146,0.9900,1
cebik-w4rnl/models/Quads/nec/28-2elquad-sq-load-14.nec,ok,ok,0.031809402629733086,0.031991236843168736,,0
cebik-w4rnl/models/Quads/nec/28-2elquad-sq-load.nec,ok,ok,0.018043463118374348,0.0191904678940773,,0
cebik-w4rnl/models/Quads/nec/28-2elswissdelta-14.nec,ok,ok,0.009384813718497753,0.009530320763587952,,0
cebik-w4rnl/models/Quads/nec/28-3elopthgquad-12.nec,ok,ok,0.011114882305264473,0.013247091323137283,,0
cebik-w4rnl/models/Quads/nec/28-3eloptwbquad-12.nec,ok,ok,0.011365602724254131,0.011261781677603722,,0
cebik-w4rnl/models/Quads/nec/28-3elquad-14-Yagisp.nec,ok,ok,0.017019002698361874,0.016723042353987694,,0
cebik-w4rnl/models/Quads/nec/28-3elquad-50-Yagisp.nec,ok,ok,0.017011534422636032,0.017103081569075584,,0
cebik-w4rnl/models/Quads/nec/28-4eloptquad-12.nec,ok,ok,0.014755572192370892,0.01668426673859358,,0
cebik-w4rnl/models/Quads/nec/28-5elquad-16-eqsp-W4RNL.nec,ok,ok,0.04570280946791172,0.04568393807858229,,0
cebik-w4rnl/models/Quads/nec/28-6elquad-8.nec,ok,ok,0.06083566602319479,0.06040729023516178,1.0071,1
cebik-w4rnl/models/Quads/nec/28-birdcage-dri-14.nec,ok,ok,0.013027497567236423,0.013079113326966763,,0
cebik-w4rnl/models/Quads/nec/28-birdcage-ref-14.nec,ok,ok,0.012869625352323055,0.012795698828995228,,0
cebik-w4rnl/models/Quads/nec/3band2elquad-14-1feed-a.nec,ok,ok,0.33520983438938856,0.3408014951273799,0.9836,1
cebik-w4rnl/models/Quads/nec/3band2elquad-14-1feed.nec,ok,ok,0.2452636305242777,0.2547130770981312,0.9629,1
cebik-w4rnl/models/Quads/nec/3band4elquad-12-ARRL.nec,ok,ok,0.06569762341678143,0.06850023940205574,0.9591,1
cebik-w4rnl/models/Quads/nec/3r6-2eloptquad-12.nec,ok,ok,0.009625176899135113,0.00956785399466753,,0
cebik-w4rnl/models/Quads/nec/3r6-3elopthgquad-12.nec,ok,ok,0.011283626779913902,0.011093459092080593,,0
cebik-w4rnl/models/Quads/nec/3r6-3eloptwbquad-12.nec,ok,ok,0.012032289989292622,0.011351034976541996,,0
cebik-w4rnl/models/Quads/nec/3r6-4eloptquad-12.nec,ok,ok,0.015059336088597775,0.015501374378800392,,0
cebik-w4rnl/models/Quads/nec/3r9-2eloptquad-12.nec,ok,ok,0.009554033167660236,0.00956193171441555,,0
cebik-w4rnl/models/Quads/nec/3r9-3elopthgquad-12.nec,ok,ok,0.011247063986957073,0.011156688444316387,,0
cebik-w4rnl/models/Quads/nec/3r9-3eloptwbquad-12.nec,ok,ok,0.011277059093117714,0.011314035393297672,,0
cebik-w4rnl/models/Quads/nec/3r9-4eloptquad-12.nec,ok,ok,0.014686418697237968,0.015189559198915958,,0
cebik-w4rnl/models/Quads/nec/432-2eloptquad-12.nec,ok,ok,0.011629078537225723,0.009648141451179981,,0
cebik-w4rnl/models/Quads/nec/432-3elopthgquad-12.nec,ok,ok,0.011373139917850494,0.011417281813919544,,0
cebik-w4rnl/models/Quads/nec/432-3eloptwbquad-12.nec,ok,ok,0.014696105383336544,0.011909473687410355,,0
cebik-w4rnl/models/Quads/nec/432-4eloptquad-12.nec,ok,ok,0.014941193163394928,0.014848501421511173,,0
cebik-w4rnl/models/Quads/nec/50-2eloptquad-12.nec,ok,ok,0.009636392816901207,0.009564473293721676,,0
cebik-w4rnl/models/Quads/nec/50-3elopthgquad-12.nec,ok,ok,0.011362267658114433,0.011352132074534893,,0
cebik-w4rnl/models/Quads/nec/50-3eloptwbquad-12.nec,ok,ok,0.011251697316765785,0.011212036944925785,,0
cebik-w4rnl/models/Quads/nec/50-4eloptquad-12.nec,ok,ok,0.014770962297916412,0.01458682119846344,,0
cebik-w4rnl/models/Quads/nec/5band2elquad-planar-KC6T.nec,ok,ok,0.052250927314162254,0.05206220783293247,1.0036,1
cebik-w4rnl/models/Quads/nec/5band2elquad-spider-125wlsp.nec,ok,ok,0.051949561573565006,0.05206034891307354,0.9979,1
cebik-w4rnl/models/Quads/nec/5band2elquad-spider-174wlsp.nec,ok,ok,0.05148598924279213,0.05234549380838871,0.9836,1
cebik-w4rnl/models/Quads/nec/5band2elquad-spider-opt.nec,ok,ok,0.052109962329268456,0.05317166540771723,0.9800,1
cebik-w4rnl/models/Quads/nec/5band2elquad-spider-widesp.nec,ok,ok,0.06122810021042824,0.06118191871792078,1.0008,1
cebik-w4rnl/models/Quads/nec/5band3elquad-14-ON7NQ.nec,ok,ok,0.1029533464461565,0.10308902151882648,0.9987,1
cebik-w4rnl/models/Quads/nec/5band3elquad-14-sepfeed.nec,ok,ok,0.10331635549664497,0.10388810466974974,0.9945,1
cebik-w4rnl/models/Quads/nec/5band3r5elquad-12-ON7NQ.nec,ok,ok,0.13375725224614143,0.13349374290555716,1.0020,1
cebik-w4rnl/models/Quads/nec/5band4-5elquad-12-W4RNL.nec,ok,ok,0.2214840780943632,0.22046782448887825,1.0046,1
cebik-w4rnl/models/Quads/nec/5band4-5elquad-ON7NQ.nec,ok,ok,0.09118618629872799,0.09104061964899302,1.0016,1
cebik-w4rnl/models/Quads/nec/5band4elquad-12-GI0KVQ.nec,ok,ok,0.1794437849894166,0.18480746168643236,0.9710,1
cebik-w4rnl/models/Quads/nec/5band5-6elquad-12-W4RNL.nec,ok,ok,0.2548505188897252,0.25695167388767004,0.9918,1
cebik-w4rnl/models/Quads/nec/5r4-2eloptquad-12.nec,ok,ok,0.00956699252128601,0.009570877067744732,,0
cebik-w4rnl/models/Quads/nec/5r4-3elopthgquad-12.nec,ok,ok,0.01133369654417038,0.011213780380785465,,0
cebik-w4rnl/models/Quads/nec/5r4-3eloptwbquad-12.nec,ok,ok,0.011271965689957142,0.011252808384597301,,0
cebik-w4rnl/models/Quads/nec/5r4-4eloptquad-12.nec,ok,ok,0.014967460185289383,0.014982744120061398,,0
cebik-w4rnl/models/Quads/nec/7-2eloptquad-12.nec,ok,ok,0.009736710228025913,0.009777745231986046,,0
cebik-w4rnl/models/Quads/nec/7-3elopthgquad-12.nec,ok,ok,0.011565018445253372,0.011524120345711708,,0
cebik-w4rnl/models/Quads/nec/7-3eloptwbquad-12.nec,ok,ok,0.01162401307374239,0.011574489995837212,,0
cebik-w4rnl/models/Quads/nec/7-4eloptquad-12.nec,ok,ok,0.014623817056417465,0.014658751897513866,,0
cebik-w4rnl/models/Quads/nec/903-2eloptquad-12.nec,ok,ok,0.011462952010333538,0.014570622704923153,,0
cebik-w4rnl/models/Quads/nec/903-3elopthgquad-12.nec,ok,ok,0.011682886630296707,0.014314213767647743,,0
cebik-w4rnl/models/Quads/nec/903-3eloptwbquad-12.nec,ok,ok,0.01457848958671093,0.010964134708046913,,0
cebik-w4rnl/models/Quads/nec/903-4eloptquad-12.nec,ok,ok,0.01506522111594677,0.015231339260935783,,0
cebik-w4rnl/models/VHF-UHF/nec/100-FMJpole.nec,ok,ok,0.08083678316324949,0.08108626957982779,0.9969,1
cebik-w4rnl/models/VHF-UHF/nec/100-batwing+reflector.nec,ok,ok,0.12223717197775841,0.12119071651250124,1.0086,1
cebik-w4rnl/models/VHF-UHF/nec/100-batwing-wbdipole.nec,ok,ok,0.02621793933212757,0.026135090738534927,,0
cebik-w4rnl/models/VHF-UHF/nec/100-dual-rhombic.nec,ok,ok,3.6593336826190352,3.7132913190871477,0.9855,1
cebik-w4rnl/models/VHF-UHF/nec/1296-20elYagi-DL6WU.nec,ok,ok,0.03896218817681074,0.03900074400007725,,0
cebik-w4rnl/models/VHF-UHF/nec/1296-32elYagi-DL6WU.nec,ok,ok,0.08541531953960657,0.08568721823394299,0.9968,1
cebik-w4rnl/models/VHF-UHF/nec/1296-cornerrefl+dipole.nec,ok,ok,0.3773044468834996,0.37691440992057323,1.0010,1
cebik-w4rnl/models/VHF-UHF/nec/1296-cornerrefl-vertical.nec,ok,ok,0.08164738491177559,0.08185076713562012,0.9975,1
cebik-w4rnl/models/VHF-UHF/nec/1296-dual-rhombic-QST.nec,ok,ok,0.884358799085021,0.88232746347785,1.0023,1
cebik-w4rnl/models/VHF-UHF/nec/144-10elOWAYagi.nec,ok,ok,0.018572320230305195,0.018175247125327587,,0
cebik-w4rnl/models/VHF-UHF/nec/144-10elYagi-DL6WU.nec,ok,ok,0.01645408570766449,0.016179770231246948,,0
cebik-w4rnl/models/VHF-UHF/nec/144-11elOWAYagi.nec,ok,ok,0.02073259837925434,0.02045702561736107,,0
cebik-w4rnl/models/VHF-UHF/nec/144-12elOWAYagi.nec,ok,ok,0.02256108447909355,0.022802853025496006,,0
cebik-w4rnl/models/VHF-UHF/nec/144-13elquagi.nec,ok,ok,0.01728295534849167,0.017205750569701195,,0
cebik-w4rnl/models/VHF-UHF/nec/144-2elquad-vertical.nec,ok,ok,0.048670931719243526,0.048549369908869267,,0
cebik-w4rnl/models/VHF-UHF/nec/144-2elquad.nec,ok,ok,0.010837742127478123,0.010948349721729755,,0
cebik-w4rnl/models/VHF-UHF/nec/144-3elhalfsquare.nec,ok,ok,0.047657839953899384,0.047920748591423035,,0
cebik-w4rnl/models/VHF-UHF/nec/144-3elwbYagi-W6SAI.nec,ok,ok,0.008829798549413681,0.008955121971666813,,0
cebik-w4rnl/models/VHF-UHF/nec/144-58gp.nec,ok,ok,0.15870723966509104,0.15597664564847946,1.0175,1
cebik-w4rnl/models/VHF-UHF/nec/144-6elOWAYagi.nec,ok,ok,0.01149752363562584,0.011385107412934303,,0
cebik-w4rnl/models/VHF-UHF/nec/144-7elOWAYagi.nec,ok,ok,0.012943527661263943,0.013091330416500568,,0
cebik-w4rnl/models/VHF-UHF/nec/144-8elOWAYagi.nec,ok,ok,0.014580510556697845,0.014565281569957733,,0
cebik-w4rnl/models/VHF-UHF/nec/144-9elOWAYagi.nec,ok,ok,0.016464914195239544,0.01644507236778736,,0
cebik-w4rnl/models/VHF-UHF/nec/144-collinear-vertical.nec,ok,ok,0.04370294790714979,0.042382185347378254,,0
cebik-w4rnl/models/VHF-UHF/nec/144-dipole-vertical.nec,ok,ok,0.018562018871307373,0.01838288176804781,,0
cebik-w4rnl/models/VHF-UHF/nec/144-edz-delayline.nec,ok,ok,0.02433188632130623,0.024888782761991024,,0
cebik-w4rnl/models/VHF-UHF/nec/144-edz.nec,ok,ok,0.009258977137506008,0.009081481024622917,,0
cebik-w4rnl/models/VHF-UHF/nec/144-moxrect-1.nec,ok,ok,0.0071579450741410255,0.0071642762050032616,,0
cebik-w4rnl/models/VHF-UHF/nec/144-moxrect-125.nec,ok,ok,0.007856829091906548,0.0077245766296982765,,0
cebik-w4rnl/models/VHF-UHF/nec/144-quadloop-vertical.nec,ok,ok,0.023609413765370846,0.02354563307017088,,0
cebik-w4rnl/models/VHF-UHF/nec/220-10elOWAYagi.nec,ok,ok,0.01862405054271221,0.018278163857758045,,0
cebik-w4rnl/models/VHF-UHF/nec/220-11elOWAYagi.nec,ok,ok,0.020459416322410107,0.020457563921809196,,0
cebik-w4rnl/models/VHF-UHF/nec/220-12elOWAYagi+2ref.nec,ok,ok,0.025151734240353107,0.025144345127046108,,0
cebik-w4rnl/models/VHF-UHF/nec/220-12elOWAYagi.nec,ok,ok,0.022809699177742004,0.022681675851345062,,0
cebik-w4rnl/models/VHF-UHF/nec/220-12elYagi-DL6WU.nec,ok,ok,0.020255287177860737,0.02001189347356558,,0
cebik-w4rnl/models/VHF-UHF/nec/220-13elYagi-SM5BSZ.nec,ok,ok,0.024942554533481598,0.02508760802447796,,0
cebik-w4rnl/models/VHF-UHF/nec/220-13elquagi-Buchanen.nec,ok,ok,0.01756272464990616,0.017552660778164864,,0
cebik-w4rnl/models/VHF-UHF/nec/220-14elYagi-W4RNL.nec,ok,ok,0.013603313826024532,0.013481591828167439,,0
cebik-w4rnl/models/VHF-UHF/nec/220-15elYagi-Buchanan.nec,ok,ok,0.014770966954529285,0.014472010545432568,,0
cebik-w4rnl/models/VHF-UHF/nec/220-16elYagi-DL6WU.nec,ok,ok,0.028798753395676613,0.028897695243358612,,0
cebik-w4rnl/models/VHF-UHF/nec/220-18elYagi-DL6WU.nec,ok,ok,0.034274530597031116,0.03462580591440201,,0
cebik-w4rnl/models/VHF-UHF/nec/220-21elYagi-DL6WU.nec,ok,ok,0.04278742615133524,0.042761203832924366,,0
cebik-w4rnl/models/VHF-UHF/nec/220-26elYagi-Dl6WU.nec,ok,ok,0.06085406709462404,0.0601337905973196,1.0120,1
cebik-w4rnl/models/VHF-UHF/nec/220-27elYagi-DJ9BV.nec,ok,ok,0.02840494643896818,0.028132816776633263,,0
cebik-w4rnl/models/VHF-UHF/nec/220-33elYagi.nec,ok,ok,0.09054798632860184,0.0905161602422595,1.0004,1
cebik-w4rnl/models/VHF-UHF/nec/220-3elYagi.nec,ok,ok,0.006248786114156246,0.00623415969312191,,0
cebik-w4rnl/models/VHF-UHF/nec/220-4elwbYagi.nec,ok,ok,0.008884897455573082,0.008716704323887825,,0
cebik-w4rnl/models/VHF-UHF/nec/220-6elOWAYagi-a.nec,ok,ok,0.011556459590792656,0.011516682803630829,,0
cebik-w4rnl/models/VHF-UHF/nec/220-6elOWAYagi.nec,ok,ok,0.01150489505380392,0.011447619646787643,,0
cebik-w4rnl/models/VHF-UHF/nec/220-7elOWAYagi-a.nec,ok,ok,0.013083992525935173,0.012932256795465946,,0
cebik-w4rnl/models/VHF-UHF/nec/220-7elOWAYagi.nec,ok,ok,0.012968255206942558,0.012888194993138313,,0
cebik-w4rnl/models/VHF-UHF/nec/220-8elOWAYagi-a.nec,ok,ok,0.014676756225526333,0.014588229358196259,,0
cebik-w4rnl/models/VHF-UHF/nec/220-8elOWAYagi.nec,ok,ok,0.011135890148580074,0.011151159182190895,,0
cebik-w4rnl/models/VHF-UHF/nec/220-9elOWAYagi.nec,ok,ok,0.016551481559872627,0.01642524916678667,,0
cebik-w4rnl/models/VHF-UHF/nec/300-Lindenblad.nec,ok,ok,0.008354413323104382,0.00849052146077156,,0
cebik-w4rnl/models/VHF-UHF/nec/300-turnstile-dipoles.nec,ok,ok,0.0069745564833283424,0.00702087115496397,,0
cebik-w4rnl/models/VHF-UHF/nec/432-10elOWAYagi-14.nec,ok,ok,0.01858676318079233,0.020349204540252686,,0
cebik-w4rnl/models/VHF-UHF/nec/432-10elYagi-DL6WU.nec,ok,ok,0.018053199164569378,0.016391574405133724,,0
cebik-w4rnl/models/VHF-UHF/nec/432-11elOWAYagi-14.nec,ok,ok,0.0206743897870183,0.020383029244840145,,0
cebik-w4rnl/models/VHF-UHF/nec/432-12elOWAYagi+2ref-4mm.nec,ok,ok,0.02779080905020237,0.027616829611361027,,0
cebik-w4rnl/models/VHF-UHF/nec/432-12elOWAYagi-10mm.nec,ok,ok,0.022488687187433243,0.023033957928419113,,0
cebik-w4rnl/models/VHF-UHF/nec/432-12elOWAYagi-14.nec,ok,ok,0.022872721776366234,0.022736365906894207,,0
cebik-w4rnl/models/VHF-UHF/nec/432-12elOWAYagi-4mm.nec,ok,ok,0.027389558032155037,0.0273239528760314,,0
cebik-w4rnl/models/VHF-UHF/nec/432-14elYagi-DL6WU.nec,ok,ok,0.0238774036988616,0.02397874090820551,,0
cebik-w4rnl/models/VHF-UHF/nec/432-16elYagi-DL6WU.nec,ok,ok,0.028300131671130657,0.028408261016011238,,0
cebik-w4rnl/models/VHF-UHF/nec/432-18elYagi-DL6WU.nec,ok,ok,0.03392659034579992,0.03382460493594408,,0
cebik-w4rnl/models/VHF-UHF/nec/432-18elYagi.nec,ok,ok,0.03368132747709751,0.03447476029396057,,0
cebik-w4rnl/models/VHF-UHF/nec/432-20elYagi-DL6WU.nec,ok,ok,0.039409203454852104,0.039078423753380775,,0
cebik-w4rnl/models/VHF-UHF/nec/432-21-elOWAYagi-4mm.nec,ok,ok,0.04598451405763626,0.046048819087445736,,0
cebik-w4rnl/models/VHF-UHF/nec/432-21elYagi-DL6WU.nec,ok,ok,0.042121111415326595,0.042158208787441254,,0
cebik-w4rnl/models/VHF-UHF/nec/432-25elYagi.nec,ok,ok,0.05543930642306805,0.055700608529150486,0.9953,1
cebik-w4rnl/models/VHF-UHF/nec/432-26elYagi-DL6WU.nec,ok,ok,0.05939656961709261,0.05970143619924784,0.9949,1
cebik-w4rnl/models/VHF-UHF/nec/432-26elYagi-SM5BSZ.nec,ok,ok,0.059381213039159775,0.05954603850841522,0.9972,1
cebik-w4rnl/models/VHF-UHF/nec/432-27elYagi-DJ9BV.nec,ok,ok,0.06303148530423641,0.06320621818304062,0.9972,1
cebik-w4rnl/models/VHF-UHF/nec/432-31elYagi.nec,ok,ok,0.08047710731625557,0.09946097992360592,0.8091,1
cebik-w4rnl/models/VHF-UHF/nec/432-32elYagi-DL6WU.nec,ok,ok,0.08443246129900217,0.09102054685354233,0.9276,1
cebik-w4rnl/models/VHF-UHF/nec/432-32elwbYagi-VK3AUU.nec,ok,ok,0.08581721503287554,0.0856140237301588,1.0024,1
cebik-w4rnl/models/VHF-UHF/nec/432-40elYagi-K1FO.nec,ok,ok,0.12709389254450798,0.12811974436044693,0.9920,1
cebik-w4rnl/models/VHF-UHF/nec/432-41elwbYagi-VK3AUU.nec,ok,ok,0.1344276238232851,0.13422214146703482,1.0015,1
cebik-w4rnl/models/VHF-UHF/nec/432-43elYagi-VE7SQB.nec,ok,ok,0.14594582188874483,0.1456311596557498,1.0022,1
cebik-w4rnl/models/VHF-UHF/nec/432-4elwbYagi-W4RNL.nec,ok,ok,0.007381155155599117,0.007405848242342472,,0
cebik-w4rnl/models/VHF-UHF/nec/432-58gp.nec,ok,ok,0.02600684203207493,0.026287253014743328,,0
cebik-w4rnl/models/VHF-UHF/nec/432-58splitvertical-WA6SVT.nec,ok,ok,0.031922847032547,0.03147720452398062,,0
cebik-w4rnl/models/VHF-UHF/nec/432-6elOWAYagi-14.nec,ok,ok,0.014635961502790451,0.011161627247929573,,0
cebik-w4rnl/models/VHF-UHF/nec/432-6elwbYagi-W4RNL.nec,ok,ok,0.009299853816628456,0.008957980200648308,,0
cebik-w4rnl/models/VHF-UHF/nec/432-7elOWAYagi-14.nec,ok,ok,0.012842589989304543,0.012973829172551632,,0
cebik-w4rnl/models/VHF-UHF/nec/432-8elOWAYagi-14.nec,ok,ok,0.014323188923299313,0.014486568979918957,,0
cebik-w4rnl/models/VHF-UHF/nec/432-8elYagi-ARRL.nec,ok,ok,0.01302917767316103,0.011157422326505184,,0
cebik-w4rnl/models/VHF-UHF/nec/432-8elYagi-DL6WU.nec,ok,ok,0.01393306814134121,0.013840392231941223,,0
cebik-w4rnl/models/VHF-UHF/nec/432-8elwbYagi-W4RNL.nec,ok,ok,0.010457138530910015,0.01106115709990263,,0
cebik-w4rnl/models/VHF-UHF/nec/432-8elwireYagi-14.nec,ok,ok,0.00997835397720337,0.009881044737994671,,0
cebik-w4rnl/models/VHF-UHF/nec/432-9elOWAYagi-14.nec,ok,ok,0.016272087581455708,0.016155295073986053,,0
cebik-w4rnl/models/VHF-UHF/nec/432-batwing+reflector.nec,ok,ok,0.3974217474460602,0.39796353969722986,0.9986,1
cebik-w4rnl/models/VHF-UHF/nec/432-batwing-wbdipole.nec,ok,ok,0.02635953202843666,0.026405523531138897,,0
cebik-w4rnl/models/VHF-UHF/nec/432-collinearvertical-GP.nec,ok,ok,0.04118191171437502,0.04084479995071888,,0
cebik-w4rnl/models/VHF-UHF/nec/432-cornerrefl+dipole-a.nec,ok,ok,0.09840828739106655,0.0983700966462493,1.0004,1
cebik-w4rnl/models/VHF-UHF/nec/432-cornerrefl+dipole-b.nec,ok,ok,0.3796577835455537,0.3781095249578357,1.0041,1
cebik-w4rnl/models/VHF-UHF/nec/432-cornerrefl+dipole.nec,ok,ok,0.19286229088902473,0.19289188645780087,0.9998,1
cebik-w4rnl/models/VHF-UHF/nec/432-cornerrefl-horiz.nec,ok,ok,0.6988655356690288,0.7042099265381694,0.9924,1
cebik-w4rnl/models/VHF-UHF/nec/432-cornerrefl-vertical.nec,ok,ok,0.08233960531651974,0.08170958142727613,1.0077,1
cebik-w4rnl/models/VHF-UHF/nec/432-cornerrefl-wiregrid-large.nec,ok,ok,2.8177237566560507,2.8223435562103987,0.9984,1
cebik-w4rnl/models/VHF-UHF/nec/432-cornerrefl-wiregrid-small.nec,ok,ok,0.16575146280229092,0.16756442841142416,0.9892,1
cebik-w4rnl/models/VHF-UHF/nec/432-dbldiamond-wiregridplanarrefl.nec,ok,ok,0.5956401424482465,0.6027201600372791,0.9883,1
cebik-w4rnl/models/VHF-UHF/nec/432-flatcornerrefl+dipole.nec,ok,ok,0.12963109742850065,0.12904789578169584,1.0045,1
cebik-w4rnl/models/VHF-UHF/nec/432-tri-cornerrefl.nec,ok,ok,3.4645532313734293,3.5142528479918838,0.9859,1
cebik-w4rnl/models/VHF-UHF/nec/432-vertical-GP-125.nec,ok,ok,0.02047794871032238,0.020338453352451324,,0
cebik-w4rnl/models/VHF-UHF/nec/50-12elXquad-14.nec,ok,ok,0.06833517272025347,0.06751517672091722,1.0121,1
cebik-w4rnl/models/VHF-UHF/nec/50-2eldr-dirYagi.nec,ok,ok,0.006397689692676067,0.006344552151858807,,0
cebik-w4rnl/models/VHF-UHF/nec/50-2elwbYagi-W6SAI.nec,ok,ok,0.006756494753062725,0.0066100480034947395,,0
cebik-w4rnl/models/VHF-UHF/nec/50-3elquad-14.nec,ok,ok,0.01741234865039587,0.017479168251156807,,0
cebik-w4rnl/models/VHF-UHF/nec/50-3elwbYagi-W6SAI.nec,ok,ok,0.007750901393592358,0.007595588453114033,,0
cebik-w4rnl/models/VHF-UHF/nec/50-4elhigainYagi-W1VT.nec,ok,ok,0.007290310226380825,0.007388046942651272,,0
cebik-w4rnl/models/VHF-UHF/nec/50-6elOWAYagi.nec,ok,ok,0.01343904621899128,0.01353527046740055,,0
cebik-w4rnl/models/VHF-UHF/nec/50-7elOWAYagi.nec,ok,ok,0.015321843326091766,0.01530260220170021,,0
cebik-w4rnl/models/VHF-UHF/nec/50-8elOWAYagi.nec,ok,ok,0.017748763784766197,0.0177011601626873,,0
cebik-w4rnl/models/VHF-UHF/nec/50-9elYagi-ON4ANT.nec,ok,ok,0.04387694504112005,0.04262107145041227,,0
cebik-w4rnl/models/VHF-UHF/nec/50-dipole-turnstile.nec,ok,ok,0.0639281952753663,0.06397362053394318,0.9993,1
cebik-w4rnl/models/VHF-UHF/nec/50-lazyH-phasedarray.nec,ok,ok,0.25171476416289806,0.2514422722160816,1.0011,1
cebik-w4rnl/models/VHF-UHF/nec/50-lazyH.nec,ok,ok,0.11123277898877859,0.11116271372884512,1.0006,1
cebik-w4rnl/models/VHF-UHF/nec/50-moxrect-14.nec,ok,ok,0.04261989798396826,0.033627583645284176,,0
cebik-w4rnl/models/VHF-UHF/nec/50-moxrect-50.nec,ok,ok,0.04220024682581425,0.03447386156767607,,0
cebik-w4rnl/models/VHF-UHF/nec/50-quad-turnstile.nec,ok,ok,0.1146464990451932,0.11377368215471506,1.0077,1
cebik-w4rnl/models/VHF-UHF/nec/50-quadrectangle-horiz.nec,ok,ok,0.00888917874544859,0.008839115500450134,,0
cebik-w4rnl/models/VHF-UHF/nec/850-dbldiamond-planarrefl.nec,ok,ok,0.029155883006751537,0.029227033257484436,,0
cebik-w4rnl/models/VHF-UHF/nec/903-20elYagi-DL6WU.nec,ok,ok,0.03974763210862875,0.03955155145376921,,0
cebik-w4rnl/models/VHF-UHF/nec/903-32elYagi-DL6WU.nec,ok,ok,0.0864812945947051,0.08525172341614962,1.0144,1
cebik-w4rnl/models/VHF-UHF/nec/903-cornerrefl-vertical.nec,ok,ok,0.0826049204915762,0.08290261030197144,0.9964,1
cebik-w4rnl/models/Verticals/nec/10-3elparasitic-sngnd.nec,ok,ok,0.30135390907526016,0.3079773848876357,0.9785,1
cebik-w4rnl/models/Verticals/nec/10-3elwireparasitic-sngnd.nec,ok,ok,0.12347188219428062,0.12733287829905748,0.9697,1
cebik-w4rnl/models/Verticals/nec/10-bobtailcurtain-14.nec,ok,ok,0.19688457529991865,0.20176380220800638,0.9758,1
cebik-w4rnl/models/Verticals/nec/10-dblrect-14.nec,ok,ok,0.22729170229285955,0.23243292793631554,0.9779,1
cebik-w4rnl/models/Verticals/nec/10-dpl-spiralhats-sngnd.nec,ok,ok,0.0932749854400754,0.08025516755878925,1.1622,1
cebik-w4rnl/models/Verticals/nec/10-halfsquare-12.nec,ok,ok,0.19435279536992311,0.19193675182759762,1.0126,1
cebik-w4rnl/models/Verticals/nec/10-hsbeam-12.nec,ok,ok,0.2108319979161024,0.21058408822864294,1.0012,1
cebik-w4rnl/models/Verticals/nec/10-quadloop-dia-12.nec,ok,ok,0.20087726786732674,0.19906978402286768,1.0091,1
cebik-w4rnl/models/Verticals/nec/10-quadloop-sq-12.nec,ok,ok,0.1302601294592023,0.12274548690766096,1.0612,1
cebik-w4rnl/models/Verticals/nec/10-rect-14.nec,ok,ok,0.19348826352506876,0.19324672129005194,1.0012,1
cebik-w4rnl/models/Verticals/nec/10-sterba-12.nec,ok,ok,0.3535479549318552,0.35277736373245716,1.0022,1
cebik-w4rnl/models/Verticals/nec/10-sterba-ctrfed-12.nec,ok,ok,0.33632064145058393,0.33463616482913494,1.0050,1
cebik-w4rnl/models/Verticals/nec/14-monopole-4rad.nec,ok,ok,0.21740217320621014,0.21825015731155872,0.9961,1
cebik-w4rnl/models/Verticals/nec/14-monopole-4sloperad.nec,ok,ok,0.15451075602322817,0.1562271760776639,0.9890,1
cebik-w4rnl/models/Verticals/nec/144-14gp-45deg.nec,ok,ok,0.08935555815696716,0.08965081255882978,0.9967,1
cebik-w4rnl/models/Verticals/nec/144-14gp.nec,ok,ok,0.09461655467748642,0.08598942961543798,1.1003,1
cebik-w4rnl/models/Verticals/nec/144-14vertical-GP-fat.nec,ok,ok,0.030463929288089275,0.030735906213521957,,0
cebik-w4rnl/models/Verticals/nec/144-2elBobtail.nec,ok,ok,0.14893894363194704,0.1502983309328556,0.9910,1
cebik-w4rnl/models/Verticals/nec/144-2elhalfsquare.nec,ok,ok,0.029026005417108536,0.029456094838678837,,0
cebik-w4rnl/models/Verticals/nec/144-3eljpoleYagi-375.nec,ok,ok,0.28179999720305204,0.27148211654275656,1.0380,1
cebik-w4rnl/models/Verticals/nec/144-Jpole-50.nec,ok,ok,0.006210843101143837,0.0061067622154951096,,0
cebik-w4rnl/models/Verticals/nec/144-Jpole58-375.nec,ok,ok,0.01501935999840498,0.015114481560885906,,0
cebik-w4rnl/models/Verticals/nec/144-edz-vertical.nec,ok,ok,0.03436189237982035,0.03352012671530247,,0
cebik-w4rnl/models/Verticals/nec/144-halfsquare.nec,ok,ok,0.015466432087123394,0.015376812778413296,,0
cebik-w4rnl/models/Verticals/nec/18-jpole-12.nec,ok,ok,0.0061496226117014885,0.0059861354529857635,,0
cebik-w4rnl/models/Verticals/nec/1r8-dblrect-12.nec,ok,ok,0.24314198177307844,0.23663141950964928,1.0275,1
cebik-w4rnl/models/Verticals/nec/1r8-monopole-12rad-lentpr.nec,ok,ok,0.23283524252474308,0.23296908847987652,0.9994,1
cebik-w4rnl/models/Verticals/nec/1r8-monopole-4rad-lentpr.nec,ok,ok,0.20602017361670732,0.20489806029945612,1.0055,1
cebik-w4rnl/models/Verticals/nec/1r8-monopole-60rad-lentpr.nec,ok,ok,0.8478152146562934,0.848500900901854,0.9992,1
cebik-w4rnl/models/Verticals/nec/1r8-rect-12.nec,ok,ok,0.2090059071779251,0.20980794820934534,0.9962,1
cebik-w4rnl/models/Verticals/nec/1r8-thatmonopole-mingnd.nec,ok,ok,0.006251487880945206,0.006254549138247967,,0
cebik-w4rnl/models/Verticals/nec/1r8-thatwiremonopole-mingnd.nec,ok,ok,0.007241955958306789,0.007127968594431877,,0
cebik-w4rnl/models/Verticals/nec/21-jpole-12.nec,ok,ok,0.007330756634473801,0.006015194579958916,,0
cebik-w4rnl/models/Verticals/nec/24-jpole-12.nec,ok,ok,0.006065192632377148,0.005988717079162598,,0
cebik-w4rnl/models/Verticals/nec/28-jpole-12.nec,ok,ok,0.006004981696605682,0.005972804501652718,,0
cebik-w4rnl/models/Verticals/nec/28-monopole-4rad.nec,ok,ok,0.1989125246182084,0.19876079261302948,1.0008,1
cebik-w4rnl/models/Verticals/nec/28-monopole-4sloperad.nec,ok,ok,0.07992498762905598,0.08000378776341677,0.9990,1
cebik-w4rnl/models/Verticals/nec/3-monopole-16hat-pergnd.nec,ok,ok,0.009367967955768108,0.009165099821984768,,0
cebik-w4rnl/models/Verticals/nec/3-monopole-16hat-perim-pergnd.nec,ok,ok,0.014215897768735886,0.013964353129267693,,0
cebik-w4rnl/models/Verticals/nec/3-monopole-4hat-pergnd.nec,ok,ok,0.006379070691764355,0.0063298651948571205,,0
cebik-w4rnl/models/Verticals/nec/3-monopole-4hat-perim-pergnd.nec,ok,ok,0.007596855983138084,0.00756003987044096,,0
cebik-w4rnl/models/Verticals/nec/300-11eldplarray.nec,ok,ok,0.057078893296420574,0.056728171184659004,1.0062,1
cebik-w4rnl/models/Verticals/nec/300-20eldplarray.nec,ok,ok,0.11521904356777668,0.10503389034420252,1.0970,1
cebik-w4rnl/models/Verticals/nec/300-30eldplarray.nec,ok,ok,0.1819987678900361,0.1765744024887681,1.0307,1
cebik-w4rnl/models/Verticals/nec/3r5-equidelta-fs-12.nec,ok,ok,0.007394272834062576,0.0072457632049918175,,0
cebik-w4rnl/models/Verticals/nec/3r6-alt2shortequidelta-sngnd-12.nec,ok,ok,0.155884413048625,0.14655577298253775,1.0637,1
cebik-w4rnl/models/Verticals/nec/3r6-alt3shortequidelta-sngnd-12.nec,ok,ok,0.14846099633723497,0.14761114493012428,1.0058,1
cebik-w4rnl/models/Verticals/nec/3r6-altshortequidelta-sngnd-12.nec,ok,ok,0.14925877377390862,0.1491715218871832,1.0006,1
cebik-w4rnl/models/Verticals/nec/3r6-bobtailbeam-12.nec,ok,ok,0.2619638051837683,0.2597872754558921,1.0084,1
cebik-w4rnl/models/Verticals/nec/3r6-bobtailcurtain-12.nec,ok,ok,0.2361172679811716,0.23308998625725508,1.0130,1
cebik-w4rnl/models/Verticals/nec/3r6-dbldelta-sngnd-12.nec,ok,ok,0.20761508774012327,0.20709526725113392,1.0025,1
cebik-w4rnl/models/Verticals/nec/3r6-dblrect-12.nec,ok,ok,0.2302678283303976,0.22684951592236757,1.0151,1
cebik-w4rnl/models/Verticals/nec/3r6-halfsquare-12.nec,ok,ok,0.19863272365182638,0.19877523463219404,0.9993,1
cebik-w4rnl/models/Verticals/nec/3r6-hentenna-12.nec,ok,ok,0.20268017053604126,0.2007730519399047,1.0095,1
cebik-w4rnl/models/Verticals/nec/3r6-hsbeam-12.nec,ok,ok,0.2150425659492612,0.21444000490009785,1.0028,1
cebik-w4rnl/models/Verticals/nec/3r6-hsbeam-reverible-12.nec,ok,ok,0.21966119203716516,0.218763112090528,1.0041,1
cebik-w4rnl/models/Verticals/nec/3r6-opendblrect-12.nec,ok,ok,0.21348545979708433,0.21429428737610579,0.9962,1
cebik-w4rnl/models/Verticals/nec/3r6-parasitichentennas-12-N2DT.nec,ok,ok,0.22923347167670727,0.2289353897795081,1.0013,1
cebik-w4rnl/models/Verticals/nec/3r6-phasedhentennas-12-N2DT.nec,ok,ok,0.2304725954309106,0.23051781859248877,0.9998,1
cebik-w4rnl/models/Verticals/nec/3r6-rectangle-12.nec,ok,ok,0.2004381911829114,0.19968357030302286,1.0038,1
cebik-w4rnl/models/Verticals/nec/3r6-rtangdelta-fs-12.nec,ok,ok,0.006655687466263771,0.006627630442380905,,0
cebik-w4rnl/models/Verticals/nec/3r6-shortequidelta-sngnd-12.nec,ok,ok,0.14928752090781927,0.14901933912187815,1.0018,1
cebik-w4rnl/models/Verticals/nec/3r6-vert-coilhat.nec,ok,ok,0.012854766100645065,0.012849009595811367,,0
cebik-w4rnl/models/Verticals/nec/3r6-vert-spiralhat.nec,ok,ok,0.018944079987704754,0.019073917530477047,,0
cebik-w4rnl/models/Verticals/nec/3r6-vert-symradhat.nec,ok,ok,0.04438748210668564,0.044557285495102406,,0
cebik-w4rnl/models/Verticals/nec/3r6-vert-teehat.nec,ok,ok,0.009514053352177143,0.009509057737886906,,0
cebik-w4rnl/models/Verticals/nec/3r6-vert-zigzaghat.nec,ok,ok,0.013767976313829422,0.013685662299394608,,0
cebik-w4rnl/models/Verticals/nec/50-Lant-375.nec,ok,ok,0.06629215739667416,0.06646236404776573,0.9974,1
cebik-w4rnl/models/Verticals/nec/50-Lant-50.nec,ok,ok,0.06662723049521446,0.06633880455046892,1.0043,1
cebik-w4rnl/models/Verticals/nec/5r4-bobtailcurtain-14.nec,ok,ok,0.20110866334289312,0.20005358196794987,1.0053,1
cebik-w4rnl/models/Verticals/nec/5r4-dblrect-14.nec,ok,ok,0.2322530671954155,0.2304979059845209,1.0076,1
cebik-w4rnl/models/Verticals/nec/5r4-halfsquare-12.nec,ok,ok,0.20059072319418192,0.19968649931252003,1.0045,1
cebik-w4rnl/models/Verticals/nec/5r4-opendblrect-12.nec,ok,ok,0.21802574303001165,0.21573450416326523,1.0106,1
cebik-w4rnl/models/Verticals/nec/5r4-rect-14.nec,ok,ok,0.2034940142184496,0.20405292510986328,0.9973,1
cebik-w4rnl/models/Verticals/nec/7-2elphased-mingnd.nec,ok,ok,0.005800820887088776,0.005826619453728199,,0
cebik-w4rnl/models/Verticals/nec/7-2monopoles-parasitic.nec,ok,ok,0.004976295866072178,0.005031272768974304,,0
cebik-w4rnl/models/Verticals/nec/7-2monopoles-phased.nec,ok,ok,0.00581791065633297,0.005750511772930622,,0
cebik-w4rnl/models/Verticals/nec/7-3elcaploadparasitic-sngnd.nec,ok,ok,0.3408762216567993,0.33736685290932655,1.0104,1
cebik-w4rnl/models/Verticals/nec/7-3elhatloadparasitic-sngnd.nec,ok,ok,0.32229368668049574,0.32196788862347603,1.0010,1
cebik-w4rnl/models/Verticals/nec/7-3elparasitic-sngnd.nec,ok,ok,0.25070491805672646,0.2518805405125022,0.9953,1
cebik-w4rnl/models/Verticals/nec/7-3elvertYagi-mingnd-1.nec,ok,ok,0.00915020052343607,0.00930020585656166,,0
cebik-w4rnl/models/Verticals/nec/7-3elwireparasitic-sngnd.nec,ok,ok,0.1279119374230504,0.12706995848566294,1.0066,1
cebik-w4rnl/models/Verticals/nec/7-bobtailcurtain-14.nec,ok,ok,0.18509362824261189,0.18458477221429348,1.0028,1
cebik-w4rnl/models/Verticals/nec/7-bruce-12.nec,ok,ok,0.010927814990282059,0.010828155092895031,,0
cebik-w4rnl/models/Verticals/nec/7-dbldelta-sngnd-12.nec,ok,ok,0.1944229993969202,0.19227343425154686,1.0112,1
cebik-w4rnl/models/Verticals/nec/7-dblrect-14.nec,ok,ok,0.21373958978801966,0.21462795976549387,0.9959,1
cebik-w4rnl/models/Verticals/nec/7-dpl-hats-sngnd.nec,ok,ok,0.13836265914142132,0.1381047572940588,1.0019,1
cebik-w4rnl/models/Verticals/nec/7-dpl-spiralhats-sngnd.nec,ok,ok,0.07415886409580708,0.07400867529213428,1.0020,1
cebik-w4rnl/models/Verticals/nec/7-equidelta-fs-12.nec,ok,ok,0.0072807688266038895,0.007284815423190594,,0
cebik-w4rnl/models/Verticals/nec/7-halfsquare-12.nec,ok,ok,0.1840302562341094,0.18513953499495983,0.9940,1
cebik-w4rnl/models/Verticals/nec/7-halfwlvert-6parasiticguys.nec,ok,ok,0.4664164409041405,0.46468214597553015,1.0037,1
cebik-w4rnl/models/Verticals/nec/7-hsbeam-12.nec,ok,ok,0.20304312463849783,0.2022817675024271,1.0038,1
cebik-w4rnl/models/Verticals/nec/7-monopole-4sloperad-sngnd.nec,ok,ok,0.12872623279690742,0.12430550903081894,1.0356,1
cebik-w4rnl/models/Verticals/nec/7-monopole-6rad-sngnd.nec,ok,ok,0.23199452180415392,0.2324614217504859,0.9980,1
cebik-w4rnl/models/Verticals/nec/7-opendblrect-12.nec,ok,ok,0.20036643836647272,0.19847540836781263,1.0095,1
cebik-w4rnl/models/Verticals/nec/7-quadloop-dia-12.nec,ok,ok,0.19307615142315626,0.19231118634343147,1.0040,1
cebik-w4rnl/models/Verticals/nec/7-quadloop-sq-12.nec,ok,ok,0.12758503016084433,0.12842776160687208,0.9934,1
cebik-w4rnl/models/Verticals/nec/7-rect-14.nec,ok,ok,0.18521348480135202,0.18562391586601734,0.9978,1
cebik-w4rnl/models/Verticals/nec/7-rtangdelta-sngnd-12.nec,ok,ok,0.18064647540450096,0.18056351505219936,1.0005,1
cebik-w4rnl/models/Verticals/nec/7-smallloop-1.nec,ok,ok,0.012290333397686481,0.010454920120537281,,0
cebik-w4rnl/models/Verticals/nec/7-sterba-12.nec,ok,ok,0.3464343370869756,0.34904187358915806,0.9925,1
cebik-w4rnl/models/Verticals/nec/7-sterba-ctrfed-12.nec,ok,ok,0.32900693733245134,0.3284837016835809,1.0016,1
cebik-w4rnl/models/Wire-Arrays/nec/10-28-hordelta-cnrfd-12.nec,ok,ok,0.15945171378552914,0.16346265841275454,0.9755,1
cebik-w4rnl/models/Wire-Arrays/nec/10-2elYagi-reversible-12.nec,ok,ok,0.006684747524559498,0.006701180711388588,,0
cebik-w4rnl/models/Wire-Arrays/nec/10-3elYagi-14.nec,ok,ok,0.1961712846532464,0.19565099943429232,1.0027,1
cebik-w4rnl/models/Wire-Arrays/nec/10-8jk-12.nec,ok,ok,0.18994544353336096,0.1900348886847496,0.9995,1
cebik-w4rnl/models/Wire-Arrays/nec/10-halfsq-14.nec,ok,ok,0.21693890821188688,0.21661168057471514,1.0015,1
cebik-w4rnl/models/Wire-Arrays/nec/14-28-rhombic21-12.nec,ok,ok,0.045400625094771385,0.04517831839621067,,0
cebik-w4rnl/models/Wire-Arrays/nec/14-3eledzbeam-12.nec,ok,ok,0.0702347531914711,0.07037906255573034,0.9979,1
cebik-w4rnl/models/Wire-Arrays/nec/14-5wllongwire-endfd-12.nec,ok,ok,0.4776329733431339,0.47511344868689775,1.0053,1
cebik-w4rnl/models/Wire-Arrays/nec/14-8jk-12.nec,ok,ok,0.20335582364350557,0.2028121491894126,1.0027,1
cebik-w4rnl/models/Wire-Arrays/nec/14-N4PCloop-12.nec,ok,ok,0.023677842691540718,0.02372534852474928,,0
cebik-w4rnl/models/Wire-Arrays/nec/14-halfsq-14.nec,ok,ok,0.2310095140710473,0.22950817365199327,1.0065,1
cebik-w4rnl/models/Wire-Arrays/nec/14-halfsqbeam-14.nec,ok,ok,0.21716999169439077,0.21757278311997652,0.9981,1
cebik-w4rnl/models/Wire-Arrays/nec/14-slopet2fd-12.nec,ok,ok,0.20503755938261747,0.20463267900049686,1.0020,1
cebik-w4rnl/models/Wire-Arrays/nec/14-trianglebeam-12.nec,ok,ok,0.7663581855595112,0.7685761079192162,0.9971,1
cebik-w4rnl/models/Wire-Arrays/nec/14-vbeam-12.nec,ok,ok,0.48203987441956997,0.48273710533976555,0.9986,1
cebik-w4rnl/models/Wire-Arrays/nec/1r8-28-horhexloop-12.nec,ok,ok,0.2827937947586179,0.2910869503393769,0.9715,1
cebik-w4rnl/models/Wire-Arrays/nec/1r8-28-horhexloop-large-12.nec,ok,ok,0.2414275025948882,0.2360580200329423,1.0227,1
cebik-w4rnl/models/Wire-Arrays/nec/1r8-28-hort2fd-long-12.nec,ok,ok,0.02267763391137123,0.02244984172284603,,0
cebik-w4rnl/models/Wire-Arrays/nec/1r8-28-hort2fd-med-12.nec,ok,ok,0.22177248168736696,0.221363864839077,1.0018,1
cebik-w4rnl/models/Wire-Arrays/nec/1r8-28-hort2fd-med-tl-12.nec,ok,ok,0.3293934976682067,0.32310753501951694,1.0195,1
cebik-w4rnl/models/Wire-Arrays/nec/1r8-28-hort2fd-short-12.nec,ok,ok,0.008916007354855537,0.008682780899107456,,0
cebik-w4rnl/models/Wire-Arrays/nec/1r8-bobtailbeam-12.nec,ok,ok,0.26913228910416365,0.26915960758924484,0.9999,1
cebik-w4rnl/models/Wire-Arrays/nec/1r8-dblrect-12.nec,ok,ok,0.23700999561697245,0.23790056724101305,0.9963,1
cebik-w4rnl/models/Wire-Arrays/nec/1r8-halfsq-14.nec,ok,ok,0.20921956561505795,0.20813011471182108,1.0052,1
cebik-w4rnl/models/Wire-Arrays/nec/21-coledz-12.nec,ok,ok,0.1174155930057168,0.11414230428636074,1.0287,1
cebik-w4rnl/models/Wire-Arrays/nec/21-coledzlazyh-12.nec,ok,ok,0.2727541225031018,0.2691563395783305,1.0134,1
cebik-w4rnl/models/Wire-Arrays/nec/28-hentenna-12.nec,ok,ok,0.06951703783124685,0.06983033567667007,0.9955,1
cebik-w4rnl/models/Wire-Arrays/nec/3r6-1wlhordelta-12.nec,ok,ok,0.23721439484506845,0.23449965845793486,1.0116,1
cebik-w4rnl/models/Wire-Arrays/nec/3r6-1wlhorhexloop-14.nec,ok,ok,0.2015991834923625,0.20323012676090002,0.9920,1
cebik-w4rnl/models/Wire-Arrays/nec/3r6-1wlhoroctloop-12.nec,ok,ok,0.23659520410001278,0.23469439335167408,1.0081,1
cebik-w4rnl/models/Wire-Arrays/nec/3r6-2elYagi-12.nec,ok,ok,0.19132965710014105,0.19147777371108532,0.9992,1
cebik-w4rnl/models/Wire-Arrays/nec/3r6-3elYagi-14.nec,ok,ok,0.21006352081894875,0.20883004274219275,1.0059,1
cebik-w4rnl/models/Wire-Arrays/nec/3r6-3r9-4wire2elYagi.nec,ok,ok,0.2114641945809126,0.21023250464349985,1.0059,1
cebik-w4rnl/models/Wire-Arrays/nec/3r6-dblrect-12.nec,ok,ok,0.012336758896708488,0.01258818432688713,,0
cebik-w4rnl/models/Wire-Arrays/nec/3r6-halfsq-12.nec,ok,ok,0.2005498092621565,0.20078026596456766,0.9989,1
cebik-w4rnl/models/Wire-Arrays/nec/3r6-halfsqbeam-12.nec,ok,ok,0.22433694824576378,0.2216258905827999,1.0122,1
cebik-w4rnl/models/Wire-Arrays/nec/3r6-linloaddipole-12.nec,ok,ok,0.008520522154867649,0.008251119405031204,,0
cebik-w4rnl/models/Wire-Arrays/nec/3r6-slopet2fd-12.nec,ok,ok,0.15083439741283655,0.15022909920662642,1.0040,1
cebik-w4rnl/models/Wire-Arrays/nec/3r6-vertrect-12.nec,ok,ok,0.20179199147969484,0.2008080631494522,1.0049,1
cebik-w4rnl/models/Wire-Arrays/nec/3r6-wbdipole-14.nec,ok,ok,0.19115590956062078,0.18997680861502886,1.0062,1
cebik-w4rnl/models/Wire-Arrays/nec/3r9-2elYagi-14.nec,ok,ok,0.20353381894528866,0.20246581081300974,1.0053,1
cebik-w4rnl/models/Wire-Arrays/nec/3r9-2elYagi-reflload-14.nec,ok,ok,0.20333392545580864,0.20217249169945717,1.0057,1
cebik-w4rnl/models/Wire-Arrays/nec/3r9-3elYagi-14.nec,ok,ok,0.21451446879655123,0.21273269411176443,1.0084,1
cebik-w4rnl/models/Wire-Arrays/nec/3r9-3wire2elYagi-14.nec,ok,ok,0.2082563079893589,0.20826651621609926,1.0000,1
cebik-w4rnl/models/Wire-Arrays/nec/3r9-nvis-1wlloop-planarrefl.nec,ok,ok,0.4022557931020856,0.40251447539776564,0.9994,1
cebik-w4rnl/models/Wire-Arrays/nec/3r9-nvis-batwing-planarrefl.nec,ok,ok,0.6257654121145606,0.6261795675382018,0.9993,1
cebik-w4rnl/models/Wire-Arrays/nec/3r9-nvis-dipole-planarrefl.nec,ok,ok,0.37761313561350107,0.3742393655702472,1.0090,1
cebik-w4rnl/models/Wire-Arrays/nec/3r9-nvis-edzlazyh-planarrefl.nec,ok,ok,0.7412216775119305,0.7338513042777777,1.0100,1
cebik-w4rnl/models/Wire-Arrays/nec/3r9-nvis-jamaica-planarrefl.nec,ok,ok,0.5648127133026719,0.5635980721563101,1.0022,1
cebik-w4rnl/models/Wire-Arrays/nec/5r4-2elYagi-reversible-12.nec,ok,ok,0.006724108941853046,0.006704037077724934,,0
cebik-w4rnl/models/Wire-Arrays/nec/5r4-8jk-12.nec,ok,ok,0.232854506932199,0.22689407505095005,1.0263,1
cebik-w4rnl/models/Wire-Arrays/nec/5r4-dblrect-14.nec,ok,ok,0.23132401332259178,0.23098414856940508,1.0015,1
cebik-w4rnl/models/Wire-Arrays/nec/5r4-halfsq-12.nec,ok,ok,0.20023467671126127,0.19806732796132565,1.0109,1
cebik-w4rnl/models/Wire-Arrays/nec/5r4-moxrect-reversible-12-AA2NN.nec,ok,ok,0.19738840498030186,0.19599305372685194,1.0071,1
cebik-w4rnl/models/Wire-Arrays/nec/7-14-rhombic10-12.nec,ok,ok,0.04558721464127302,0.04542437754571438,,0
cebik-w4rnl/models/Wire-Arrays/nec/7-28-hordelta-cnrfd-12.nec,ok,ok,0.22145481407642365,0.21829337254166603,1.0145,1
cebik-w4rnl/models/Wire-Arrays/nec/7-28-lazyh15-al.nec,ok,ok,0.07218699157238007,0.07218713313341141,1.0000,1
cebik-w4rnl/models/Wire-Arrays/nec/7-28-sqloop-cnrfd-12.nec,ok,ok,0.3158941576257348,0.3133885320276022,1.0080,1
cebik-w4rnl/models/Wire-Arrays/nec/7-28-sqloop-sidefd-12.nec,ok,ok,0.2444082172587514,0.24633655603975058,0.9922,1
cebik-w4rnl/models/Wire-Arrays/nec/7-2elYagi-reversible-12.nec,ok,ok,0.00676110852509737,0.007048674859106541,,0
cebik-w4rnl/models/Wire-Arrays/nec/7-2eldelta-12-K4TX.nec,ok,ok,0.2189402161166072,0.21368409134447575,1.0246,1
cebik-w4rnl/models/Wire-Arrays/nec/7-2elwireYagi-12.nec,ok,ok,0.006438536569476128,0.006785312667489052,,0
cebik-w4rnl/models/Wire-Arrays/nec/7-3elYagi-14.nec,ok,ok,0.18738340213894844,0.18671869579702616,1.0036,1
cebik-w4rnl/models/Wire-Arrays/nec/7-8jk-12.nec,ok,ok,0.18223088048398495,0.18152888398617506,1.0039,1
cebik-w4rnl/models/Wire-Arrays/nec/7-bobtailbeam-12.nec,ok,ok,0.2515687784180045,0.24995165318250656,1.0065,1
cebik-w4rnl/models/Wire-Arrays/nec/7-dblrect-14.nec,ok,ok,0.21344591304659843,0.21302163135260344,1.0020,1
cebik-w4rnl/models/Wire-Arrays/nec/7-edzlazyh-14.nec,ok,ok,0.06546746846288443,0.06537523120641708,1.0014,1
cebik-w4rnl/models/Wire-Arrays/nec/7-halfsq-12.nec,ok,ok,0.18235110212117434,0.18075006082654,1.0089,1
cebik-w4rnl/models/Wire-Arrays/nec/7-halfsqbeam-12.nec,ok,ok,0.1989509155973792,0.19751990493386984,1.0072,1
cebik-w4rnl/models/Wire-Arrays/nec/7-halfsqbeam-14.nec,ok,ok,0.20092579163610935,0.19738238397985697,1.0180,1
cebik-w4rnl/models/Wire-Arrays/nec/7-hentenna-12.nec,ok,ok,0.06791219022125006,0.06656496785581112,1.0202,1
cebik-w4rnl/models/Wire-Arrays/nec/7-lazyh-14.nec,ok,ok,0.06579686794430017,0.0656536128371954,1.0022,1
cebik-w4rnl/models/Wire-Arrays/nec/7-moxrect-reversible-12-AA2NN.nec,ok,ok,0.17968316935002804,0.17812064848840237,1.0088,1
cebik-w4rnl/models/Wire-Arrays/nec/7-multiV-4wl-14.nec,ok,ok,0.38774976693093777,0.38516206853091717,1.0067,1
cebik-w4rnl/models/Wire-Arrays/nec/7-rect-botctrfd-14.nec,ok,ok,0.18045245297253132,0.18076700251549482,0.9983,1
cebik-w4rnl/models/Wire-Arrays/nec/7-rtanglevertdelta-botfd-12.nec,ok,ok,0.18728544935584068,0.18439000938087702,1.0157,1
cebik-w4rnl/models/Wire-Arrays/nec/7-slopet2fd-12.nec,ok,ok,0.1322051053866744,0.13227866310626268,0.9994,1
cebik-w4rnl/models/Wire-Arrays/nec/7-sqquadloop-botfd-12.nec,ok,ok,0.008660219609737396,0.007098807953298092,,0
cebik-w4rnl/models/Wire-Arrays/nec/7-vertdelta-botfd-12.nec,ok,ok,0.18485454376786947,0.18621019273996353,0.9927,1
cebik-w4rnl/models/Wire-Arrays/nec/7-vertintfldloop-12.nec,ok,ok,0.1604967275634408,0.16118315141648054,0.9957,1
cebik-w4rnl/models/Wire-Arrays/nec/7-wbdipole-14.nec,ok,ok,0.17232845537364483,0.17202637437731028,1.0018,1
cebik-w4rnl/models/Yagis-HF/nec/13el20mwireYagi-KB9MZ.nec,ok,ok,0.18894886784255505,0.18665301147848368,1.0123,1
cebik-w4rnl/models/Yagis-HF/nec/2e10mlhelicalelYagi-12.nec,ok,ok,0.03630678728222847,0.03618393559008837,,0
cebik-w4rnl/models/Yagis-HF/nec/2el10mB-antbeam-25.nec,ok,ok,0.10746334958821535,0.10859376844018698,0.9896,1
cebik-w4rnl/models/Yagis-HF/nec/2el10mYagi-stepdia-large.nec,ok,ok,0.006868982687592506,0.00729560200124979,,0
cebik-w4rnl/models/Yagis-HF/nec/2el10mYagi-stepdia-small.nec,ok,ok,0.006666599772870541,0.006626926362514496,,0
cebik-w4rnl/models/Yagis-HF/nec/2el30mwireYagi.nec,ok,ok,0.006409128196537495,0.006342163309454918,,0
cebik-w4rnl/models/Yagis-HF/nec/2el40mwireYagi.nec,ok,ok,0.006330661475658417,0.006394625641405582,,0
cebik-w4rnl/models/Yagis-HF/nec/2el60mwireYagi.nec,ok,ok,0.005826190114021301,0.00580011960119009,,0
cebik-w4rnl/models/Yagis-HF/nec/2el75mwireYagi.nec,ok,ok,0.005671631544828415,0.005597266368567944,,0
cebik-w4rnl/models/Yagis-HF/nec/2el80mwireYagi.nec,ok,ok,0.0056831371039152145,0.005602267570793629,,0
cebik-w4rnl/models/Yagis-HF/nec/2eldr-dir10mYagi-375.nec,ok,ok,0.0062105851247906685,0.006171227432787418,,0
cebik-w4rnl/models/Yagis-HF/nec/2eldr-dir10mYagi-50.nec,ok,ok,0.005648477002978325,0.005684868432581425,,0
cebik-w4rnl/models/Yagis-HF/nec/2eldr-ref12mYagi-42.nec,ok,ok,0.006217578426003456,0.006166110746562481,,0
cebik-w4rnl/models/Yagis-HF/nec/2eldr-ref15mYagi-50.nec,ok,ok,0.006296452134847641,0.006118185818195343,,0
cebik-w4rnl/models/Yagis-HF/nec/2eldr-ref17mYagi-59.nec,ok,ok,0.006293467245995998,0.006345211528241634,,0
cebik-w4rnl/models/Yagis-HF/nec/2eldr-ref20mYagi-1r5.nec,ok,ok,0.008852269500494003,0.006041170097887516,,0
cebik-w4rnl/models/Yagis-HF/nec/2eldr-ref30mYagi-2.nec,ok,ok,0.0061887409538030624,0.005917253904044628,,0
cebik-w4rnl/models/Yagis-HF/nec/2eldr-ref40mYagi-1r5.nec,ok,ok,0.006502415984869003,0.00623055174946785,,0
cebik-w4rnl/models/Yagis-HF/nec/2eldr-ref40mYagi-stepdia.nec,ok,ok,0.012000336311757565,0.012298676185309887,,0
cebik-w4rnl/models/Yagis-HF/nec/2elwb40mYagi-stepdia.nec,ok,ok,0.01058236975222826,0.011913214810192585,,0
cebik-w4rnl/models/Yagis-HF/nec/3bandHFYagi-uniel-noloads.nec,ok,ok,0.028882170096039772,0.02919907681643963,,0
cebik-w4rnl/models/Yagis-HF/nec/3bandHFtrapYagi-stepdia.nec,ok,ok,0.01553616113960743,0.015561389736831188,,0
cebik-w4rnl/models/Yagis-HF/nec/3el10mYagi-50.nec,ok,ok,0.007416067644953728,0.007387103512883186,,0
cebik-w4rnl/models/Yagis-HF/nec/3el10mYagi-Bird.nec,ok,ok,0.00911096390336752,0.011047076433897018,,0
cebik-w4rnl/models/Yagis-HF/nec/3el10mYagi-stepdia.nec,ok,ok,0.008183466270565987,0.008225420489907265,,0
cebik-w4rnl/models/Yagis-HF/nec/3el12mYagi-625.nec,ok,ok,0.00740303099155426,0.007353221997618675,,0
cebik-w4rnl/models/Yagis-HF/nec/3el15mYagi-stepdia-large.nec,ok,ok,0.008642618544399738,0.009909190237522125,,0
cebik-w4rnl/models/Yagis-HF/nec/3el15mYagi-stepdia-small.nec,ok,ok,0.01145953219383955,0.011266609653830528,,0
cebik-w4rnl/models/Yagis-HF/nec/3el15mlongYagi-75.nec,ok,ok,0.008252521045506,0.007367807440459728,,0
cebik-w4rnl/models/Yagis-HF/nec/3el15mmedYagi-K9EUV.nec,ok,ok,0.006340214982628822,0.006129052489995956,,0
cebik-w4rnl/models/Yagis-HF/nec/3el15mshortYagi-75.nec,ok,ok,0.008458650670945644,0.007386934012174606,,0
cebik-w4rnl/models/Yagis-HF/nec/3el17mshortYagi-875.nec,ok,ok,0.007432791404426098,0.007385374046862125,,0
cebik-w4rnl/models/Yagis-HF/nec/3el20mlongYagi-1.nec,ok,ok,0.009602656587958336,0.007252098992466927,,0
cebik-w4rnl/models/Yagis-HF/nec/3el20mlongYagi-stepdia.nec,ok,ok,0.008706154301762581,0.007909880019724369,,0
cebik-w4rnl/models/Yagis-HF/nec/3el20mmedYagi-K9EUV.nec,ok,ok,0.006236731074750423,0.00606716051697731,,0
cebik-w4rnl/models/Yagis-HF/nec/3el20mshortYagi-1.nec,ok,ok,0.0074224816635251045,0.0072934431955218315,,0
cebik-w4rnl/models/Yagis-HF/nec/3el20mshortYagi-stepdia.nec,ok,ok,0.009590973146259785,0.007690909318625927,,0
cebik-w4rnl/models/Yagis-HF/nec/3el2b15m10mYagi-1.nec,ok,ok,0.02974690403789282,0.029433798044919968,,0
cebik-w4rnl/models/Yagis-HF/nec/3el40mVYagi-WA3FET.nec,ok,ok,0.008013160899281502,0.00780211016535759,,0
cebik-w4rnl/models/Yagis-HF/nec/3el40mYagi-stepdia.nec,ok,ok,0.007783639244735241,0.00788124743849039,,0
cebik-w4rnl/models/Yagis-HF/nec/3el40mlongYagi-2.nec,ok,ok,0.010851544328033924,0.007333168759942055,,0
cebik-w4rnl/models/Yagis-HF/nec/3el40mshortYagi-2.nec,ok,ok,0.0075293174013495445,0.009821271523833275,,0
cebik-w4rnl/models/Yagis-HF/nec/3el40mwireYagi-reversible.nec,ok,ok,0.007341357879340649,0.007264017127454281,,0
cebik-w4rnl/models/Yagis-HF/nec/3el60mwireYagi-reversible.nec,ok,ok,0.009926426224410534,0.009822545573115349,,0
cebik-w4rnl/models/Yagis-HF/nec/3el75mwireYagi-reversible.nec,ok,ok,0.007407844997942448,0.007332265377044678,,0
cebik-w4rnl/models/Yagis-HF/nec/3el80mwireYagi-reversible.nec,ok,ok,0.007551765069365501,0.007398052141070366,,0
cebik-w4rnl/models/Yagis-HF/nec/3elVYagi10m-wa3fet.nec,ok,ok,0.009697018191218376,0.00958365947008133,,0
cebik-w4rnl/models/Yagis-HF/nec/3elmed10mYagi-K9EUV.nec,ok,ok,0.0074949078261852264,0.007544558495283127,,0
cebik-w4rnl/models/Yagis-HF/nec/3elshort10mYagi-50.nec,ok,ok,0.009586256928741932,0.007521447725594044,,0
cebik-w4rnl/models/Yagis-HF/nec/3elwb10mYagi-W6SAI.nec,ok,ok,0.006951597519218922,0.006951897405087948,,0
cebik-w4rnl/models/Yagis-HF/nec/3elwb10mYagi-stepdia.nec,ok,ok,0.009648560546338558,0.009311972185969353,,0
cebik-w4rnl/models/Yagis-HF/nec/3elwb40mYagi-stepdia.nec,ok,ok,0.015063637867569923,0.01492004282772541,,0
cebik-w4rnl/models/Yagis-HF/nec/4el10mYagi-75.nec,ok,ok,0.006697355769574642,0.006587033160030842,,0
cebik-w4rnl/models/Yagis-HF/nec/4el10mwbYagi-stepdia-W4RNL.nec,ok,ok,0.01161047164350748,0.01149363350123167,,0
cebik-w4rnl/models/Yagis-HF/nec/4el10mwbYagi-stepdia.nec,ok,ok,0.008615285158157349,0.008594495244324207,,0
cebik-w4rnl/models/Yagis-HF/nec/4el15mYagi-875.nec,ok,ok,0.00865644495934248,0.008488399907946587,,0
cebik-w4rnl/models/Yagis-HF/nec/4el20mYagi-stepdia.nec,ok,ok,0.013541609048843384,0.013371538370847702,,0
cebik-w4rnl/models/Yagis-HF/nec/4el2b12m17mYagi-stepdia.nec,ok,ok,0.012662419117987156,0.011930087581276894,,0
cebik-w4rnl/models/Yagis-HF/nec/4el2b12m17mdr-dirYagi-stepdia.nec,ok,ok,0.011594130657613277,0.011972387321293354,,0
cebik-w4rnl/models/Yagis-HF/nec/4el2band80m75mwireYagi.nec,ok,ok,0.008955815806984901,0.009100384078919888,,0
cebik-w4rnl/models/Yagis-HF/nec/4elwb40mYagi.nec,ok,ok,0.020427366718649864,0.023496534675359726,,0
cebik-w4rnl/models/Yagis-HF/nec/5bandHFYagi50_-ON4ANT.nec,ok,ok,0.031196278519928455,0.031178091652691364,,0
cebik-w4rnl/models/Yagis-HF/nec/5bandHFYagi60_-ON4ANT.nec,ok,ok,0.0347574045881629,0.03428586293011904,,0
cebik-w4rnl/models/Yagis-HF/nec/5el10mYagi-K4SB.nec,ok,ok,0.008007869124412537,0.007983917370438576,,0
cebik-w4rnl/models/Yagis-HF/nec/5el10mwbYagi-stepdia.nec,ok,ok,0.009921260178089142,0.009900921024382114,,0
cebik-w4rnl/models/Yagis-HF/nec/5el20mYagi-K4SB.nec,ok,ok,0.017028314992785454,0.01748571638017893,,0
cebik-w4rnl/models/Yagis-HF/nec/5el20mYagi-N6BV.nec,ok,ok,0.022982780821621418,0.022796759381890297,,0
cebik-w4rnl/models/Yagis-HF/nec/5el20mYagi-W3LPL.nec,ok,ok,0.024790765717625618,0.02407309878617525,,0
cebik-w4rnl/models/Yagis-HF/nec/5el20mYagi-W6NGZ.nec,ok,ok,0.014999523758888245,0.014952028170228004,,0
cebik-w4rnl/models/Yagis-HF/nec/6el10mOWAYagi-N6BV.nec,ok,ok,0.019582382403314114,0.01941605657339096,,0
cebik-w4rnl/models/Yagis-HF/nec/6el10mOWAYagi-NW3Z.nec,ok,ok,0.013301420025527477,0.013413875363767147,,0
cebik-w4rnl/models/Yagis-HF/nec/6el10mOWAYagi-hd-stepdia.nec,ok,ok,0.01126733236014843,0.011061598546802998,,0
cebik-w4rnl/models/Yagis-HF/nec/6el20mOWAYagi-NW3Z.nec,ok,ok,0.022034241817891598,0.021896244026720524,,0
cebik-w4rnl/models/Yagis-HF/nec/6el20mYagi-1r5.nec,ok,ok,0.010967496782541275,0.011059961281716824,,0
cebik-w4rnl/models/Yagis-HF/nec/6el20mYagi-N6BV.nec,ok,ok,0.02005441766232252,0.01948393788188696,,0
cebik-w4rnl/models/Yagis-HF/nec/6el2b15m10mYagi-W4RNL.nec,ok,ok,0.012439403682947159,0.012708518654108047,,0
cebik-w4rnl/models/Yagis-HF/nec/6el2b20m15mYagi-W4RNL.nec,ok,ok,0.011030344292521477,0.010994469746947289,,0
cebik-w4rnl/models/Yagis-HF/nec/7el10mOWAYagi-stepdia.nec,ok,ok,0.012446005828678608,0.012384305708110332,,0
cebik-w4rnl/models/Yagis-HF/nec/7el10mwireYagi.nec,ok,ok,0.009510508738458157,0.008936632424592972,,0
cebik-w4rnl/models/Yagis-HF/nec/7el15mYagi-SP5GRM.nec,ok,ok,0.031109713949263096,0.028618870303034782,,0
cebik-w4rnl/models/Yagis-HF/nec/7el20mlongYagi-1r5.nec,ok,ok,0.0126050915569067,0.012650370597839355,,0
cebik-w4rnl/models/Yagis-HF/nec/7el20mshortYagi-1r5.nec,ok,ok,0.012512382119894028,0.016563537530601025,,0
cebik-w4rnl/models/Yagis-HF/nec/8el20mYagi-1r5.nec,ok,ok,0.01607745047658682,0.01587366685271263,,0
cebik-w4rnl/models/Yagis-HF/nec/capload2el10mYagi-375.nec,ok,ok,0.012681080028414726,0.012584530748426914,,0
cebik-w4rnl/models/Yagis-HF/nec/ctrload2el10mYagi-375.nec,ok,ok,0.00948383379727602,0.00945482961833477,,0
cebik-w4rnl/models/Yagis-HF/nec/ctrload2el10mYagi-75.nec,ok,ok,0.006658537313342094,0.006628014147281647,,0
cebik-w4rnl/models/Yagis-HF/nec/ctrload2el40mYagi-stepdia.nec,ok,ok,0.009744973853230476,0.009871321730315685,,0
cebik-w4rnl/models/Yagis-HF/nec/moxrect10m12.nec,ok,ok,0.00952884927392006,0.009601154364645481,,0
cebik-w4rnl/models/Yagis-HF/nec/moxrect10m50.nec,ok,ok,0.008841772563755512,0.008846625685691833,,0
cebik-w4rnl/models/Yagis-HF/nec/moxrect12m12.nec,ok,ok,0.011096199043095112,0.008836413733661175,,0
cebik-w4rnl/models/Yagis-HF/nec/moxrect12m625.nec,ok,ok,0.011075517162680626,0.011379039846360683,,0
cebik-w4rnl/models/Yagis-HF/nec/moxrect15m12.nec,ok,ok,0.008794932626187801,0.008713243529200554,,0
cebik-w4rnl/models/Yagis-HF/nec/moxrect15m75.nec,ok,ok,0.011421366594731808,0.00870946329087019,,0
cebik-w4rnl/models/Yagis-HF/nec/moxrect17m12.nec,ok,ok,0.00874482560902834,0.010954724624752998,,0
cebik-w4rnl/models/Yagis-HF/nec/moxrect17m875.nec,ok,ok,0.009126163087785244,0.00910912174731493,,0
cebik-w4rnl/models/Yagis-HF/nec/moxrect20m1.nec,ok,ok,0.008948689326643944,0.00899728573858738,,0
cebik-w4rnl/models/Yagis-HF/nec/moxrect20m12.nec,ok,ok,0.011401955969631672,0.011388958431780338,,0
cebik-w4rnl/models/Yagis-HF/nec/moxrect30m12.nec,ok,ok,0.00889889057725668,0.008841087110340595,,0
cebik-w4rnl/models/Yagis-HF/nec/moxrect40m12.nec,ok,ok,0.011640757322311401,0.011564553715288639,,0
cebik-w4rnl/models/Yagis-HF/nec/moxrect60m12.nec,ok,ok,0.008823963813483715,0.00884404219686985,,0
cebik-w4rnl/models/Yagis-HF/nec/moxrect75m12.nec,ok,ok,0.008722441270947456,0.011193267069756985,,0
cebik-w4rnl/models/Yagis-HF/nec/moxrect80m12.nec,ok,ok,0.00879854615777731,0.00869590975344181,,0
cebik-w4rnl/nec2-ex1.nec,ok,ok,0.0038505252450704575,0.0039046350866556168,,0
cebik-w4rnl/nec2-ex2.nec,ok,ok,0.004182076081633568,0.004608456045389175,,0
cebik-w4rnl/nec2-ex3.nec,ok,ok,0.05480944272130728,0.055504669435322285,0.9875,1
cebik-w4rnl/nec2-ex5.nec,ok,ok,0.00609930045902729,0.006299884058535099,,0
cebik-w4rnl/nec2-ex7.nec,ok-no-source,ok-no-source,0.12235279753804207,0.12259758822619915,,0
cebik-w4rnl/nec2-ex8.nec,ok-no-source,ok-no-source,0.0039420221000909805,0.0038949986919760704,,0
cebik-w4rnl/nec4-ex1.nec,ok,ok,0.0038065919652581215,0.0037426864728331566,,0
cebik-w4rnl/nec4-ex10_1.nec,ok,ok,0.1458994336426258,0.14896710962057114,0.9794,1
cebik-w4rnl/nec4-ex10_2.nec,ok,ok,0.00435820035636425,0.004514568485319614,,0
cebik-w4rnl/nec4-ex10_3.nec,ok,ok,0.14595999382436275,0.1459264736622572,1.0002,1
cebik-w4rnl/nec4-ex11.nec,ok,ok,0.05540440324693918,0.055321888998150826,1.0015,1
cebik-w4rnl/nec4-ex3.nec,ok,ok,0.05459615495055914,0.0546116977930069,0.9997,1
cebik-w4rnl/nec4-ex5.nec,ok,ok,0.006126387044787407,0.006103886291384697,,0
cebik-w4rnl/nec4-ex7.nec,ok-no-source,ok-no-source,0.12236757855862379,0.12234713789075613,,0
cebik-w4rnl/nec4-ex8.nec,ok-no-source,ok-no-source,0.0040113190189003944,0.003941538743674755,,0
g1ojs/10m/10m 65cm Circ 10mm Copper Magloop H.nec,ok,ok,0.05482350755482912,0.054875838570296764,0.9990,1
g1ojs/10m/10m 65cm Circ 10mm Copper Magloop V side.nec,ok,ok,0.05513215810060501,0.055118490010499954,1.0002,1
g1ojs/10m/10m 65cm Circ 10mm Copper Magloop V.nec,ok,ok,0.05542312283068895,0.05499561596661806,1.0078,1
g1ojs/10m/10m Helically loaded dipole 2.43m long.nec,ok,ok,6.948542912490666,7.044513419270515,0.9864,1
g1ojs/10m/10m LL Dipole 4m 5mm dia elements - hairpin.nec,ok,ok,0.4898558771237731,0.4849384864792228,1.0101,1
g1ojs/10m/10m Quad base fed.nec,ok,ok,0.5373285012319684,0.5367824966087937,1.0010,1
g1ojs/10m/10m Rect Petlowany Dipole 10mm dia elements flat 2.nec,ok,ok,0.010644610971212387,0.010590504854917526,,0
g1ojs/10m/10m Short Dipole 3m 5mm dia elements - trombone.nec,ok,ok,0.42249301075935364,0.42179623432457447,1.0017,1
g1ojs/10m/_10m Dipole ref.nec,ok,ok,0.2536767637357116,0.25197179708629847,1.0068,1
g1ojs/10m/_10m V.nec,ok,ok,0.4182200990617275,0.4190654018893838,0.9980,1
g1ojs/15m/_15m V.nec,ok,ok,0.6274467287585139,0.6242102477699518,1.0052,1
g1ojs/160m/160m 239cm Circ 10mm Cu Magloop V.nec,ok,ok,0.07601719442754984,0.07606699410825968,0.9993,1
g1ojs/160m/160m Coax Magloop V.nec,ok,ok,0.058025083504617214,0.058040183037519455,0.9997,1
g1ojs/160m/160m Single Turn Coax Magloop V.nec,ok,ok,0.058030799962580204,0.057925933972001076,1.0018,1
g1ojs/160m/160m Three Turn Coax Magloop V.nec,ok,ok,0.06000531557947397,0.06013791263103485,0.9978,1
g1ojs/160m/160m Two Turn Coax Magloop V.nec,ok,ok,0.05887692142277956,0.058960999362170696,0.9986,1
g1ojs/1V cap plates solid coplanar.nec,ok,ok,0.8665231503546238,0.8634843388572335,1.0035,1
g1ojs/20m/20m 239cm Circ 10mm Copper Magloop H.nec,ok,ok,0.0706422496587038,0.07066056318581104,0.9997,1
g1ojs/20m/20m 239cm Circ 10mm Copper Magloop V.nec,ok,ok,0.07186231762170792,0.07248560711741447,0.9914,1
g1ojs/20m/20m 239cm Circ 10mm Copper Magloop Vside.nec,ok,ok,0.07170629687607288,0.07203769963234663,0.9954,1
g1ojs/20m/20m 65cm Circ 10mm Copper Magloop H.nec,ok,ok,0.061744142323732376,0.05502752121537924,1.1221,1
g1ojs/20m/20m 65cm Circ 10mm Copper Magloop V side.nec,ok,ok,0.05536135472357273,0.055404371581971645,0.9992,1
g1ojs/20m/20m 65cm Circ 10mm Copper Magloop V.nec,ok,ok,0.05528419278562069,0.05523784086108208,1.0008,1
g1ojs/20m/20m Half wave circular loop V side.nec,ok,ok,0.12170617654919624,0.12159136962145567,1.0009,1
g1ojs/20m/20m Half wave square loop V side as built.nec,ok,ok,0.11399450432509184,0.11363005731254816,1.0032,1
g1ojs/20m/20m Half wave square loop V side.nec,ok,ok,0.05366832483559847,0.053704867139458656,0.9993,1
g1ojs/20m/20m V coax braid element.nec,ok,ok,0.7541730077937245,0.7510527018457651,1.0042,1
g1ojs/20m/20m V coax inner element.nec,ok,ok,0.64632205106318,0.6472145952284336,0.9986,1
g1ojs/20m/20m V pvc covered.nec,ok,ok,0.6988430647179484,0.7010160014033318,0.9969,1
g1ojs/20m/Open loop H 7.4m.nec,ok,ok,0.06099993921816349,0.06082611531019211,1.0029,1
g1ojs/20m/Open loop V base 7.4m.nec,ok,ok,0.06142354756593704,0.061163829639554024,1.0042,1
g1ojs/20m/Open loop V side 7.4m.nec,ok,ok,0.06367361079901457,0.061081767082214355,1.0424,1
g1ojs/20m/_20m Dipole ref.nec,ok,ok,0.8016226254403591,0.8028221121057868,0.9985,1
g1ojs/20m/_20m V.nec,ok,ok,0.7484791725873947,0.7478548781946301,1.0008,1
g1ojs/3V cap plates solid coplanar.nec,ok,ok,1.2641935385763645,1.2562925722450018,1.0063,1
g1ojs/40m/40m 239cm Circ 10mm Cu Magloop H.nec,ok,ok,0.06663619540631771,0.06675100885331631,0.9983,1
g1ojs/40m/40m 239cm Circ 10mm Cu Magloop V side.nec,ok,ok,0.06716248113662004,0.06688825786113739,1.0041,1
g1ojs/40m/40m 239cm Circ 10mm Cu Magloop V.nec,ok,ok,0.06726900208741426,0.06701046600937843,1.0039,1
g1ojs/40m/40m Fitted Attic V.nec,ok,ok,0.6499084029346704,0.6476990766823292,1.0034,1
g1ojs/40m/40m V cap plates coplanar.nec,ok,ok,0.866248294711113,0.865398415364325,1.0010,1
g1ojs/40m/40m V cap spokes.nec,ok,ok,0.6558280866593122,0.6536952555179596,1.0033,1
g1ojs/40m/40m V doglegs BUILT.nec,ok,ok,0.6495654191821814,0.6518709631636739,0.9965,1
g1ojs/40m/40m VU built 2.nec,ok,ok,0.6596172293648124,0.6484502544626594,1.0172,1
g1ojs/40m/40m VU built.nec,ok,ok,0.6483239755034447,0.6456894874572754,1.0041,1
g1ojs/40m/40m VU.nec,ok,ok,0.6456059506163001,0.6470044683665037,0.9978,1
g1ojs/40m/_40m Dipole ref.nec,ok,ok,0.900505930185318,0.901343404315412,0.9991,1
g1ojs/40m/_40m V loaded.nec,ok,ok,0.6438857140019536,0.6452281884849072,0.9979,1
g1ojs/40m/opt/40m V integral PI-01.nec,ok,ok,0.13557784352451563,0.1346866972744465,1.0066,1
g1ojs/40m/opt/40m V integral PI-02.nec,ok,ok,0.1365944342687726,0.13726566080003977,0.9951,1
g1ojs/40m/opt/40m V integral PI-03.nec,ok,ok,0.13535625394433737,0.13528016302734613,1.0006,1
g1ojs/40m/opt/40m V integral PI-04.nec,ok,ok,0.1350734317675233,0.1354036945849657,0.9976,1
g1ojs/40m/opt/40m V integral PI-05.nec,ok,ok,0.13584048859775066,0.13472117204219103,1.0083,1
g1ojs/40m/opt/40m V integral PI-06.nec,ok,ok,0.13582974765449762,0.13467913772910833,1.0085,1
g1ojs/40m/opt/40m V integral PI-07.nec,ok,ok,0.13611038401722908,0.13504893239587545,1.0079,1
g1ojs/40m/opt/40m V integral PI-08.nec,ok,ok,0.13583198469132185,0.13475149404257536,1.0080,1
g1ojs/40m/opt/40m V integral PI-09.nec,ok,ok,0.13613399770110846,0.1344398371875286,1.0126,1
g1ojs/40m/opt/40m V integral PI-10.nec,ok,ok,0.13492589071393013,0.13496275153011084,0.9997,1
g1ojs/40m/opt/40m V integral PI-11.nec,ok,ok,0.1357119856402278,0.13496065698564053,1.0056,1
g1ojs/40m/opt/40m V integral PI-12.nec,ok,ok,0.13508138712495565,0.13738043513149023,0.9833,1
g1ojs/40m/opt/40m V integral PI-13.nec,ok,ok,0.13538014236837626,0.13480110559612513,1.0043,1
g1ojs/40m/opt/40m V integral PI-14.nec,ok,ok,0.1353350505232811,0.13533500116318464,1.0000,1
g1ojs/40m/opt/40m V integral PI-15.nec,ok,ok,0.1368219144642353,0.13486234843730927,1.0145,1
g1ojs/40m/opt/40m V integral PI-16.nec,ok,ok,0.1368724498897791,0.13700056914240122,0.9991,1
g1ojs/40m/opt/40m V integral PI-17.nec,ok,ok,0.13585031684488058,0.1354203661903739,1.0032,1
g1ojs/40m/opt/40m V integral PI-18.nec,ok,ok,0.13522074557840824,0.13470924738794565,1.0038,1
g1ojs/40m/opt/40m V integral PI-19.nec,ok,ok,0.13544925302267075,0.13565953448414803,0.9984,1
g1ojs/40m/opt/40m V integral PI-20.nec,ok,ok,0.13544424064457417,0.13476554676890373,1.0050,1
g1ojs/40m/opt/40m V integral PI-21.nec,ok,ok,0.13537437841296196,0.13525522034615278,1.0009,1
g1ojs/40m/opt/40m V integral PI-22.nec,ok,ok,0.1382644223049283,0.1345966663211584,1.0272,1
g1ojs/40m/opt/40m V integral PI-23.nec,ok,ok,0.13642675522714853,0.13449614774435759,1.0144,1
g1ojs/40m/opt/40m V integral PI-24.nec,ok,ok,0.13611131813377142,0.13471627701073885,1.0104,1
g1ojs/40m/opt/40m V integral PI-25.nec,ok,ok,0.13637407962232828,0.13443630654364824,1.0144,1
g1ojs/40m/opt/40m V integral PI-26.nec,ok,ok,0.13603989128023386,0.1347959702834487,1.0092,1
g1ojs/40m/opt/40m V integral PI-27.nec,ok,ok,0.13702478725463152,0.13493082765489817,1.0155,1
g1ojs/40m/opt/40m V integral PI-28.nec,ok,ok,0.13774244766682386,0.13403411395847797,1.0277,1
g1ojs/40m/opt/40m V integral PI-29.nec,ok,ok,0.13696947041898966,0.13523421715945005,1.0128,1
g1ojs/40m/opt/40m V integral PI-30.nec,ok,ok,0.1372838979586959,0.1361791854724288,1.0081,1
g1ojs/40m/opt/40m V integral PI_003-19.nec,ok,ok,0.1365880174562335,0.13588359206914902,1.0052,1
g1ojs/40m/opt/40m V integral PI_007-12.nec,ok,ok,0.13649841211736202,0.135701110586524,1.0059,1
g1ojs/40m/trials/40m V cage.nec,ok,ok,1.1679808367043734,1.176049537025392,0.9931,1
g1ojs/40m/trials/40m V curve 4pts 7MHz.nec,ok,ok,0.6530681177973747,0.6643706560134888,0.9830,1
g1ojs/40m/trials/40m V curve 5pts 7MHz.nec,ok,ok,0.6730315620079637,0.6513606291264296,1.0333,1
g1ojs/40m/trials/40m V integral PI.nec,ok,ok,0.6529414867982268,0.6533381612971425,0.9994,1
g1ojs/40m/trials/40m V mesh.nec,ok,ok,1.0329348258674145,1.0326467072591186,1.0003,1
g1ojs/630m/630m Three Turn Coax Magloop V.nec,ok,ok,0.06196300592273474,0.06186983548104763,1.0015,1
g1ojs/80m/40m V3.nec,ok,ok,0.6545393001288176,0.6590671557933092,0.9931,1
g1ojs/80m/80m 239cm Circ 10mm Cu Magloop V.nec,ok,ok,0.07114957552403212,0.07132879551500082,0.9975,1
g1ojs/80m/80m V cap plates high H.nec,ok,ok,0.7986727328971028,0.7885242514312267,1.0129,1
g1ojs/80m/80m V cap plates solid coplanar.nec,ok,ok,0.8864673962816596,0.8854244714602828,1.0012,1
g1ojs/80m/80m V cap plates solid felt.nec,ok,ok,0.854916600510478,0.8528093155473471,1.0025,1
g1ojs/80m/80m V.nec,ok,ok,0.6773029146715999,0.6780770635232329,0.9989,1
g1ojs/80m/80m V3.nec,ok,ok,0.694472711533308,0.6949591413140297,0.9993,1
g1ojs/80m/_80m Dipole ref.nec,ok,ok,0.9868283672258258,0.9892926001921296,0.9975,1
g1ojs/80m/tmp.nec,ok,ok,0.6149851093068719,0.6042086957022548,1.0178,1
g1ojs/Delta loop/loop.nec,ok,ok,0.5613650362938643,0.5626942291855812,0.9976,1
g1ojs/Loft wires/1V.nec,ok,ok,0.653259445913136,0.6494822381064296,1.0058,1
g1ojs/Loft wires/2V.nec,ok,ok,0.6616021124646068,0.6588714066892862,1.0041,1
g1ojs/Loft wires/LF.nec,ok,ok,0.7289072889834642,0.7252379432320595,1.0051,1
g1ojs/Loft wires/Max space V centre.nec,ok,ok,0.6604488519951701,0.6544813429936767,1.0091,1
g1ojs/Loft wires/Max space V diag.nec,ok,ok,0.6629061875864863,0.65151322260499,1.0175,1
g1ojs/Loft wires/Spiral.nec,ok,ok,0.6891542579978704,0.6776705589145422,1.0169,1
g1ojs/Magloop with cap on coupling loop.nec,ok,ok,0.07338604889810085,0.0725517338141799,1.0115,1
g1ojs/Magloop with gap and cap on coupling loop.nec,ok,ok,0.13205434195697308,0.13038475718349218,1.0128,1
g1ojs/Meander Loading/40m Dipole at 7m reference.nec,ok,ok,0.19500972516834736,0.18971231393516064,1.0279,1
g1ojs/Meander Loading/40m Dipole at 7m with 10 meanders.nec,ok,ok,0.14150349982082844,0.13948899880051613,1.0144,1
g1ojs/Meander Loading/40m Dipole at 7m with 20 meanders.nec,ok,ok,0.15328689850866795,0.14921763353049755,1.0273,1
g1ojs/Meander Loading/40m Inverted V at 7m with 10 meanders.nec,ok,ok,0.14422354847192764,0.14284657314419746,1.0096,1
g1ojs/Meander Loading/40m Inverted V at 7m with full meandering.nec,ok,ok,0.1398501880466938,0.1370414551347494,1.0205,1
g1ojs/Open wire V/Open wire V fixed wire length.nec,ok,ok,0.7728608921170235,0.7670546984300017,1.0076,1
g1ojs/Open wire V/Open wire V max wire length.nec,ok,ok,0.6165430806577206,0.6077023483812809,1.0145,1
g1ojs/Small Receiving Loops/1m dia loop.nec,ok,ok,0.05605673976242542,0.05443666595965624,1.0298,1
g1ojs/Trapped/TRAPx1 V 40m 20m.nec,ok,ok,0.06041289586573839,0.06041556037962437,1.0000,1
g1ojs/Trapped/TRAPx2 V 40m 20m 10m - remove 10m.nec,ok,ok,0.05668104626238346,0.05490823742002249,1.0323,1
g1ojs/Trapped/TRAPx2 V 40m 20m 10m.nec,ok,ok,0.05645616352558136,0.05650567729026079,0.9991,1
g1ojs/Trapped/TRAPx2 V 40m 20m 6m.nec,ok,ok,0.05709177441895008,0.05630785413086414,1.0139,1
g1ojs/Trapped/TRAPx2_V.nec,ok,ok,39.52802198193967,39.249617932364345,1.0071,1
g1ojs/Trapped/Test.nec,ok,ok,0.29867708683013916,0.302019321359694,0.9889,1
g1ojs/Trapped/Trap V - 6m 15m.nec,ok,ok,0.053497965447604656,0.05480361171066761,0.9762,1
g1ojs/Trapped/Trap_V.nec,ok,ok,0.05646831355988979,0.05650793854147196,0.9993,1
g1ojs/Tree/treeV_20m_10m.nec,ok,ok,0.053051852621138096,0.05352824181318283,0.9911,1
g1ojs/Verticals/10m OCF H/10m H OCF 2.5m long.nec,ok,ok,0.2545531950891018,0.25448350328952074,1.0003,1
g1ojs/Verticals/10m OCF H/10m H OCF 3.5m long.nec,ok,ok,0.2530073868110776,0.2521766647696495,1.0033,1
g1ojs/Verticals/10m OCF H/10m H OCF 3m long.nec,ok,ok,0.25492893904447556,0.25661954283714294,0.9934,1
g1ojs/Verticals/10m OCF H/10m Vertical V 3m tall.nec,ok,ok,0.5208887467160821,0.5224909782409668,0.9969,1
g1ojs/Verticals/15m/15m H OCF 3m long.nec,ok,ok,0.3018415356054902,0.3034528698772192,0.9947,1
g1ojs/Verticals/20m/20m horizontal V 3.5m high.nec,ok,ok,0.5456231078132987,0.5484296446666121,0.9949,1
g1ojs/Verticals/20m/20m horizontal diamond 3m high.nec,ok,ok,0.5546237621456385,0.5555399870499969,0.9984,1
g1ojs/Verticals/others/10m H OCF - Copy.nec,ok,ok,0.25386112183332443,0.25502125173807144,0.9955,1
g1ojs/Verticals/others/10m arrow 2 wire 75cm wide - OCF.nec,ok,ok,0.2534759035333991,0.25362231116741896,0.9994,1
g1ojs/Verticals/others/10m bicone 2 wire 100cm wide.nec,crash,crash,1.201203141361475,1.2021611677482724,,0
g1ojs/Verticals/others/10m bicone 2 wire 150cm wide.nec,crash,crash,1.2020263019949198,1.2036203667521477,,0
g1ojs/Verticals/others/10m bicone 2 wire 40cm wide.nec,crash,crash,1.2011661194264889,1.2024999605491757,,0
g1ojs/Verticals/others/10m bicone 2 wire 50cm wide.nec,crash,crash,1.2015684600919485,1.2028257381170988,,0
g1ojs/Verticals/others/10m bicone 2 wire 75cm wide - OCF.nec,ok,ok,0.26404205337166786,0.26608141977339983,0.9923,1
g1ojs/Verticals/others/10m bicone 2 wire 75cm wide.nec,crash,crash,1.2017566934227943,1.2023517563939095,,0
g1ojs/Verticals/others/10m bicone 2 wire.nec,crash,crash,1.2000247612595558,1.2060062577947974,,0
g1ojs/Verticals/others/10m bicone 4 wire.nec,crash,crash,1.680627298541367,1.209245691075921,,0
g1ojs/Verticals/others/10m bitrap.nec,crash,crash,2.033887897618115,2.0341795030981302,,0
g1ojs/Verticals/others/10m general.nec,crash,crash,2.0336310248821974,2.037049127742648,,0
g1ojs/Verticals/others/Dipole 4.6m _ too long.nec,crash,crash,2.03532256744802,2.0365110663697124,,0
g1ojs/Verticals/others/general 1.nec,crash,crash,2.039615724235773,2.0341061763465405,,0
g1ojs/Verticals/others/general 15m.nec,crash,crash,2.0400067334994674,2.0343734277412295,,0
g1ojs/Verticals/others/general 2.nec,crash,crash,2.034492668695748,2.033669751137495,,0
g1ojs/Verticals/others/opt/general 2-01.nec,crash,crash,2.0303160781040788,2.033170247450471,,0
g1ojs/Verticals/others/opt/general 2-02.nec,crash,crash,2.0292926505208015,2.032544686459005,,0
g1ojs/Verticals/others/opt/general 2-03.nec,crash,crash,2.609788788482547,2.083528875373304,,0
g1ojs/Verticals/others/opt/general 2-04.nec,crash,crash,3.0472275717183948,3.0475788498297334,,0
g1ojs/Verticals/others/opt/general 2-05.nec,crash,crash,3.0472073182463646,3.0470433542504907,,0
g1ojs/Verticals/others/opt/general 2-06.nec,crash,crash,3.0480664558708668,3.046407336369157,,0
g1ojs/Verticals/others/opt/general 2-07.nec,crash,crash,3.04648978728801,3.046266222372651,,0
g1ojs/Verticals/others/opt/general 2-08.nec,crash,crash,3.0467811776325107,3.046829679980874,,0
g1ojs/Verticals/others/opt/general 2-09.nec,crash,crash,3.046138832345605,3.0484021166339517,,0
g1ojs/Verticals/others/opt/general 2-10.nec,crash,crash,3.0475982651114464,3.047062241472304,,0
g1ojs/Verticals/others/opt/general 2-11.nec,crash,crash,3.0471268948167562,3.0471333665773273,,0
g1ojs/Verticals/others/opt/general 2-12.nec,crash,crash,3.0471316277980804,3.0451098773628473,,0
g1ojs/Verticals/others/opt/general 2-13.nec,crash,crash,3.045804874971509,3.0469871470704675,,0
g1ojs/Verticals/others/opt/general 2-14.nec,crash,crash,3.046752627938986,3.046834702603519,,0
g1ojs/Verticals/others/opt/general 2-15.nec,crash,crash,3.0472583435475826,3.0470042917877436,,0
g1ojs/Verticals/others/opt/general 2-16.nec,crash,crash,3.0463269148021936,3.046977112069726,,0
g1ojs/Verticals/others/opt/general 2-17.nec,crash,crash,3.0503742080181837,3.0468187984079123,,0
g1ojs/Verticals/others/opt/general 2-18.nec,crash,crash,3.0497393468394876,3.0468301279470325,,0
g1ojs/Verticals/others/opt/general 2-20.nec,crash,crash,3.05159445758909,3.045780130662024,,0
g1ojs/Verticals/others/opt/general 2-21.nec,crash,crash,3.0460008047521114,3.0458117881789804,,0
g1ojs/Verticals/others/opt/general 2-22.nec,crash,crash,3.051609881222248,3.051872933283448,,0
g1ojs/Verticals/others/opt/general 2-25.nec,crash,crash,3.0498655159026384,3.0564217874780297,,0
g1ojs/Verticals/others/opt/general 2-26.nec,crash,crash,3.0557544641196728,3.060643160715699,,0
g1ojs/Verticals/others/opt/general 2-27.nec,crash,crash,2.992706180550158,3.1335890609771013,,0
g1ojs/Verticals/others/opt/general 2-28.nec,crash,crash,3.885255175642669,4.074554089456797,,0
g1ojs/Verticals/others/opt/general 2-29.nec,crash,crash,4.101983597502112,4.071650385856628,,0
g1ojs/Verticals/others/opt/general 2-30.nec,crash,crash,4.097216049209237,4.066284609027207,,0
g1ojs/_1m/Contrahelix 1.nec,ok,ok,0.030574829317629337,0.028330689296126366,,0
g1ojs/_1m/Dipole linear 1 75pc.nec,ok,ok,0.004846538417041302,0.004920359700918198,,0
g1ojs/_1m/Dipole to slot/1 Dipole.nec,ok,ok,0.0038478365167975426,0.0039057647809386253,,0
g1ojs/_1m/Dipole to slot/2 Dipole H.nec,ok,ok,0.004798948764801025,0.004815800115466118,,0
g1ojs/_1m/Dipole to slot/3 Dipole H Serifs.nec,ok,ok,0.0079108951613307,0.0077618444338440895,,0
g1ojs/_1m/Dipole to slot/4 Dipole Rects.nec,ok,ok,0.010263118892908096,0.010274425148963928,,0
g1ojs/_1m/Dipole to slot/5 Dipole Rects Shorts.nec,ok,ok,0.011512591503560543,0.011469414457678795,,0
g1ojs/_1m/Dipole to slot/6 Dipole Rects Shorts 2.nec,ok,ok,0.004227436147630215,0.004258211702108383,,0
g1ojs/_1m/Dipole with matching l _ 0.25 v1.nec,ok,ok,0.006610012613236904,0.006610162556171417,,0
g1ojs/_1m/Dipole with matching l _ 0.25 v2.nec,ok,ok,0.0052266791462898254,0.005240604281425476,,0
g1ojs/_1m/Dipole with matching l _ 0.33.nec,ok,ok,0.006719628348946571,0.006716832518577576,,0
g1ojs/_1m/Dipole.nec,ok,ok,0.003562958911061287,0.003446632996201515,,0
g1ojs/_1m/Folded 1.nec,ok,ok,0.005725959315896034,0.005694327875971794,,0
g1ojs/_1m/Helix Dipole 11 turn.nec,ok,ok,0.016750061884522438,0.01668517477810383,,0
g1ojs/_1m/Helix Dipole 2.5 turn.nec,ok,ok,0.004895239137113094,0.004974677227437496,,0
g1ojs/_1m/Helix Dipole 21 turn.nec,ok,ok,0.016510959714651108,0.01644764468073845,,0
g1ojs/_1m/Helix Dipole 3 turn.nec,ok,ok,0.004810403101146221,0.0047844210639595985,,0
g1ojs/_1m/Helix Dipole 5 turn.nec,ok,ok,0.004750617779791355,0.004749421030282974,,0
g1ojs/_1m/Helix Dipole 7 turn.nec,ok,ok,0.01698916871100664,0.016948184929788113,,0
g1ojs/_1m/Helix Dipole 9 turn.nec,ok,ok,0.016725054942071438,0.016831441782414913,,0
g1ojs/_1m/Pair 1.nec,ok,ok,0.006716545671224594,0.0062093716114759445,,0
g1ojs/_1m/Trapezium 1.nec,ok,ok,0.005655067041516304,0.005332570523023605,,0
g1ojs/_1m/Trapezium 2.nec,ok,ok,0.005375499837100506,0.005330427549779415,,0
g1ojs/_1m/Two rect dipole.nec,ok,ok,0.01549107488244772,0.015326139517128468,,0
g1ojs/_2m/2m clutter/2m Diamond A144S5R over ground with clutter.nec,ok,ok,0.6586061762645841,0.6585647435858846,1.0001,1
g1ojs/_2m/2m clutter/2m Diamond A144S5R over ground.nec,ok,ok,0.051113881170749664,0.05108351167291403,1.0006,1
g1ojs/_2m/2m clutter/Circular Quad 2 ele V-pol with clutter.nec,ok,ok,0.15056717116385698,0.1498528691008687,1.0048,1
g1ojs/_2m/2m clutter/Circular Quad 2 ele with clutter no 6m.nec,ok,ok,0.14280677028000355,0.14243637677282095,1.0026,1
g1ojs/_2m/2m clutter/Circular Quad 2 ele with clutter no loop.nec,ok,ok,0.10190906282514334,0.10418006032705307,0.9782,1
g1ojs/_2m/2m clutter/Circular Quad 2 ele with clutter.nec,ok,ok,0.1503947377204895,0.14972327277064323,1.0045,1
g1ojs/_2m/2m clutter/Circular Quad 2 ele.nec,ok,ok,0.016627490520477295,0.016696483828127384,,0
g1ojs/_2m/2m clutter/Clutter feed the clutter.nec,ok,ok,0.08015431743115187,0.07999612018465996,1.0020,1
g1ojs/_2m/2m clutter/Dipole ref with clutter.nec,ok,ok,0.40554069075733423,0.4086673203855753,0.9923,1
g1ojs/_2m/2m clutter/Dipole ref.nec,ok,ok,0.004939681850373745,0.005213619209825993,,0
g1ojs/_2m/2m clutter/Stacked dipoles x2.nec,ok,ok,0.007052991539239883,0.007138490676879883,,0
g1ojs/_2m/Cylindrical slots/2m Circular Slot Cube H Pol.nec,ok,ok,0.012834371067583561,0.012945805676281452,,0
g1ojs/_2m/Cylindrical slots/2m Circular Slot Cube V Pol.nec,ok,ok,0.01663154549896717,0.016664380207657814,,0
g1ojs/_2m/Cylindrical slots/2m Cylindrical Slot Open.nec,ok,ok,0.14636085275560617,0.14584032073616982,1.0036,1
g1ojs/_2m/Cylindrical slots/2m Pair of circles with tilt 0 deg.nec,ok,ok,0.022112484090030193,0.021990543231368065,,0
g1ojs/_2m/Cylindrical slots/2m Pair of circles with tilt 90 deg.nec,ok,ok,0.013449941761791706,0.013428613543510437,,0
g1ojs/_2m/Cylindrical slots/2m Pair of circles with tilt.nec,ok,ok,0.01356066856533289,0.013486090116202831,,0
g1ojs/_2m/Cylindrical slots/Slot cube C shape.nec,ok,ok,0.019539608620107174,0.019542500376701355,,0
g1ojs/_2m/Driven beams/2ele 0.25m long.nec,ok,ok,0.007584410719573498,0.0075872428715229034,,0
g1ojs/_2m/Driven beams/5ele 1m long.nec,ok,ok,0.023934734985232353,0.02390945330262184,,0
g1ojs/_2m/Driven beams/5ele 3m long .nec,ok,ok,0.023779292590916157,0.023697085678577423,,0
g1ojs/_2m/Evolved/Ev3.nec,ok,ok,0.003468431532382965,0.0035273265093564987,,0
g1ojs/_2m/Evolved/Ev4.nec,ok,ok,0.0033673029392957687,0.003392593003809452,,0
g1ojs/_2m/Evolved/Ev5.nec,ok,ok,0.0033805938437581062,0.003363984636962414,,0
g1ojs/_2m/Evolved/Ev6.nec,ok,ok,0.003370966762304306,0.003409145399928093,,0
g1ojs/_2m/Evolved/Ev7.nec,ok,ok,0.0033782124519348145,0.00335506908595562,,0
g1ojs/_2m/Evolved/Ev8.nec,ok,ok,0.003603926859796047,0.003624691627919674,,0
g1ojs/_2m/Evolved/Ev9.nec,ok,ok,0.003714415244758129,0.0036568259820342064,,0
g1ojs/_2m/Evolved/Test5.nec,ok,ok,0.0036133453249931335,0.003650125116109848,,0
g1ojs/_2m/Franklin/Horizontal 2m Franklin V over ground.nec,ok,ok,0.027738705277442932,0.022409684024751186,,0
g1ojs/_2m/Franklin/Horizontal 2m Franklin oddity.nec,ok,ok,0.031991361640393734,0.03183635976165533,,0
g1ojs/_2m/Franklin/Horizontal 2m Franklin over ground with Franklin reflector.nec,ok,ok,0.07354515139013529,0.07447036448866129,0.9876,1
g1ojs/_2m/Franklin/Horizontal 2m Franklin over ground.nec,ok,ok,0.022819439880549908,0.02242704201489687,,0
g1ojs/_2m/Franklin/Horizontal 2m Franklin with Twin Reflectors.nec,ok,ok,0.03152012079954147,0.031253100372850895,,0
g1ojs/_2m/Franklin/Horizontal 2m Franklin with droops over ground.nec,ok,ok,0.02690353151410818,0.02693859674036503,,0
g1ojs/_2m/Franklin/Horizontal 2m Vertical Franklin over ground.nec,ok,ok,0.022663574665784836,0.02438020147383213,,0
g1ojs/_2m/Halo based/2m Chimney Halo Phi_0 El_0.nec,ok,ok,0.0446471618488431,0.04904396552592516,,0
g1ojs/_2m/Halo based/2m Chimney Halo Phi_0 El_45.nec,ok,ok,0.04458856116980314,0.044454860500991344,,0
g1ojs/_2m/Halo based/2m Chimney Halo Phi_0 El_90.nec,ok,ok,0.04492767620831728,0.045172167010605335,,0
g1ojs/_2m/Halo based/2m Horizontal Halo at 9m Phi_0 El_00.nec,ok,ok,0.0448452215641737,0.04738739598542452,,0
g1ojs/_2m/Halo based/2m Low halo Phi_0 El_0.nec,ok,ok,0.0448669595643878,0.04485054221004248,,0
g1ojs/_2m/Halo based/2m Stacked Halos Phi_0 El_0 1.5m.nec,ok,ok,0.1682693576440215,0.1674635512754321,1.0048,1
g1ojs/_2m/Halo based/2m Stacked Halos Phi_0 El_0 1.7m.nec,ok,ok,0.1660361122339964,0.16650148387998343,0.9972,1
g1ojs/_2m/Halo based/2m Vertical Halo at 9m Phi_0 El_90.nec,ok,ok,0.045586549676954746,0.045786717906594276,,0
g1ojs/_2m/Halo based/2m halo 8m agl Phi_0 El_0.nec,ok,ok,0.04779887292534113,0.0454314686357975,,0
g1ojs/_2m/Halo based/2m low stacked halos Phi_0 El_0 1.03m .nec,ok,ok,0.16861707251518965,0.16619268897920847,1.0146,1
g1ojs/_2m/Halo based/Horizontal direct fed S with coax balun not folded.nec,ok,ok,0.06685566809028387,0.06729768309742212,0.9934,1
g1ojs/_2m/Halo based/Horizontal direct fed S2 with coax balun not folded.nec,ok,ok,0.06650978326797485,0.06669580284506083,0.9972,1
g1ojs/_2m/Halo based/Horizontal direct fed halo with coax balun not folded.nec,ok,ok,0.06694272626191378,0.0667602326720953,1.0027,1
g1ojs/_2m/Halo based/Horizontal halo delta match with coax balun not folded - Copy.nec,ok,ok,0.0845820577815175,0.08307627495378256,1.0181,1
g1ojs/_2m/Helix/2m Pair of 2turn Helices 1 thin interconnect.nec,crash,crash,1.7926577161997557,1.7944176280871034,,0
g1ojs/_2m/Helix/2m Pair of 2turn Helices 2mm wire.nec,crash,crash,2.797606541775167,2.8062243135645986,,0
g1ojs/_2m/Helix/2m Single 2turn Helix - Horizontal.nec,ok,ok,0.008586726151406765,0.008756411261856556,,0
g1ojs/_2m/Helix/2m Single 2turn Helix as built.nec,ok,ok,0.008435928262770176,0.008800574578344822,,0
g1ojs/_2m/Helix/2m Single 2turn Helix e.g.nec,ok,ok,0.008666213601827621,0.008641459047794342,,0
g1ojs/_2m/Helix/2m Single 2turn Helix.nec,ok,ok,0.008518699556589127,0.008537599816918373,,0
g1ojs/_2m/Helix/2m Single Helix 1 thin wire direct feed with feedline.nec,ok,ok,0.02635650895535946,0.026132539846003056,,0
g1ojs/_2m/Helix/Square helix.nec,ok,ok,0.018672194331884384,0.019049176014959812,,0
g1ojs/_2m/Hentenna based/2m Cuboid Hentenna Symmetric.nec,ok,ok,0.05260677170008421,0.05273750517517328,0.9975,1
g1ojs/_2m/Hentenna based/2m Hentenna fs.nec,ok,ok,0.006281313486397266,0.006216301582753658,,0
g1ojs/_2m/Hentenna based/2m Hentenna over ground Phi_0 - flashing.nec,ok,ok,1.7997407549992204,1.799150062724948,1.0003,1
g1ojs/_2m/Hentenna based/2m Hentenna over ground Phi_0.nec,ok,ok,0.03451184183359146,0.0349816782400012,,0
g1ojs/_2m/Hentenna based/2m Hentenna over ground Phi_90 - flashing.nec,ok,ok,1.8069016989320517,1.816508055664599,0.9947,1
g1ojs/_2m/Hentenna based/2m Hentenna over ground.nec,ok,ok,0.034868018701672554,0.03494980651885271,,0
g1ojs/_2m/Hentenna based/2m Small Cube Hentenna.nec,ok,ok,0.040787761099636555,0.040608336217701435,,0
g1ojs/_2m/Hentenna based/2m Small Cuboid Hentenna Symmetric.nec,ok,ok,0.05229975748807192,0.052084118127822876,1.0041,1
g1ojs/_2m/Hentenna based/2m Small Cuboid Hentenna.nec,ok,ok,0.04095054045319557,0.040666631422936916,,0
g1ojs/_2m/Hentenna based/2m Small Hentenna Loop 12.5 Ohms.nec,ok,ok,0.026125495322048664,0.02719107735902071,,0
g1ojs/_2m/Hentenna based/2m Small Hentenna Loop 700x200 Stub Match Wire dia.nec,ok,ok,0.027430168353021145,0.02751109655946493,,0
g1ojs/_2m/Hentenna based/2m Small Hentenna Loop 700x200 Stub Match.nec,ok,ok,0.029029288329184055,0.0274574663490057,,0
g1ojs/_2m/Hentenna based/2m Small Hentenna Loop 700x280 Stub Match.nec,ok,ok,0.027663318440318108,0.027868827804923058,,0
g1ojs/_2m/Hentenna based/2m Wide Hentenna over ground.nec,ok,ok,0.01742946356534958,0.017637647688388824,,0
g1ojs/_2m/Hentenna based/2m gapped hentenna over ground.nec,ok,ok,0.07795663923025131,0.0765294749289751,1.0186,1
g1ojs/_2m/Hentenna based/2x Stacked 2m Hentenna Single Feed Inverted parallel to roof ridge over Ground.nec,ok,ok,0.08198290038853884,0.08214423432946205,0.9980,1
g1ojs/_2m/Hentenna based/2x Stacked 2m Hentenna Single Feed parallel to roof ridge over Ground Base Direct Feed.nec,ok,ok,0.06245032884180546,0.06250780168920755,0.9991,1
g1ojs/_2m/Hentenna based/2x Stacked 2m Hentenna Single Feed parallel to roof ridge over Ground.nec,ok,ok,0.08027657400816679,0.08012509439140558,1.0019,1
g1ojs/_2m/Hentenna based/2x Stacked 2m Hentenna parallel to roof ridge over Ground.nec,ok,ok,0.06732725445181131,0.06729468796402216,1.0005,1
g1ojs/_2m/Hentenna based/2x Stacked 2m Hentenna parallel to roof ridge with reflector.nec,ok,ok,0.0929795978590846,0.09248475544154644,1.0054,1
g1ojs/_2m/Hentenna based/Build.nec,ok-no-source,ok-no-source,0.029525786638259888,0.030445781536400318,,0
g1ojs/_2m/Horizontal 2m Moxon.nec,ok,ok,0.012040280736982822,0.012153467163443565,,0
g1ojs/_2m/Horizontal Dipole with end loading plates.nec,ok,ok,0.043350258842110634,0.04201329778879881,,0
g1ojs/_2m/Larger loops/Fullwave square one turn.nec,ok,ok,0.0051689669489860535,0.0050874995067715645,,0
g1ojs/_2m/Larger loops/Rect 35cm x 50cm.nec,ok,ok,0.004958982579410076,0.004971079528331757,,0
g1ojs/_2m/Larger loops/Rect 35cm x 60cm.nec,ok,ok,0.004937930963933468,0.004907157272100449,,0
g1ojs/_2m/Larger loops/Skinny wire diamond loop.nec,ok,ok,0.009594726376235485,0.00950842909514904,,0
g1ojs/_2m/Larger loops/Square 40cm.nec,ok,ok,0.005024654790759087,0.005513171665370464,,0
g1ojs/_2m/Magloop/2m 17cm dia Magloop 144.2 MHz H - FS.nec,ok,ok,0.007226324640214443,0.0075353337451815605,,0
g1ojs/_2m/Magloop/2m 17cm dia Magloop 144.2 MHz H.nec,ok,ok,0.021718798205256462,0.02153393067419529,,0
g1ojs/_2m/Magloop/2m 17cm dia Magloop 144.2 MHz V.nec,ok,ok,0.021571364253759384,0.02168926689773798,,0
g1ojs/_2m/Owen Collinear.nec,ok,ok,0.005946504883468151,0.005879462696611881,,0
g1ojs/_2m/Quads/Circular Loop.nec,ok,ok,0.00935716088861227,0.00940075982362032,,0
g1ojs/_2m/Quads/Circular Quad 2 ele - fb.nec,ok,ok,0.01662692241370678,0.016690006479620934,,0
g1ojs/_2m/Quads/Rect Wire Quad 3 ele 50R.nec,ok,ok,0.03515017032623291,0.035087382420897484,,0
g1ojs/_2m/Quads/Square Quad 1 with dipole reflector.nec,ok,ok,0.010188833810389042,0.010125970467925072,,0
g1ojs/_2m/Quads/Square Quad 2 ele 50R.nec,ok,ok,0.018324273638427258,0.018218381330370903,,0
g1ojs/_2m/Quads/Square Quad 2 ele box.nec,ok,ok,0.03517788462340832,0.03499586321413517,,0
g1ojs/_2m/Quads/Square Thick Wire Quad 3 ele 50R.nec,ok,ok,0.03429050650447607,0.03395060356706381,,0
g1ojs/_2m/Quads/Square Wire Quad 2 ele 50R with clutter.nec,ok,ok,0.32816776540130377,0.3447037301957607,0.9520,1
g1ojs/_2m/Quads/Square Wire Quad 2 ele 50R.nec,ok,ok,0.01984828244894743,0.019759053364396095,,0
g1ojs/_2m/Quads/Square Wire Quad 3 ele 50R - fb.nec,ok,ok,0.03604844585061073,0.036091617308557034,,0
g1ojs/_2m/Quads/Square Wire Quad 3 ele 50R.nec,ok,ok,0.036236053332686424,0.036017089150846004,,0
g1ojs/_2m/Shortened dipoles/2m H dipole 0.5m.nec,ok,ok,0.006642349995672703,0.006673360243439674,,0
g1ojs/_2m/Shortened dipoles/2m Helix S dipole 0.5t.nec,ok,ok,0.034367541782557964,0.03717661742120981,,0
g1ojs/_2m/Shortened dipoles/2m Helix S dipole 0.7t.nec,ok,ok,0.031611183658242226,0.030359169468283653,,0
g1ojs/_2m/Shortened dipoles/2m Helix S dipole 1t.nec,ok,ok,0.029964282177388668,0.03171972092241049,,0
g1ojs/_2m/Shortened dipoles/2m Helix S dipole.nec,ok,ok,0.030139227397739887,0.0298881521448493,,0
g1ojs/_2m/Shortened dipoles/2m LL Dipole 2mm dia elements 40cm - hairpin.nec,ok,ok,0.01962613593786955,0.01970053743571043,,0
g1ojs/_2m/Shortened dipoles/2m LL Dipole 4mm dia elements 40cm - hairpin.nec,ok,ok,0.019260935485363007,0.019280267879366875,,0
g1ojs/_2m/Shortened dipoles/2m LL Dipole 5mm dia elements 50cm - hairpin.nec,ok,ok,0.019430574029684067,0.019169899635016918,,0
g1ojs/_2m/Shortened dipoles/2m M dipole 0.5m.nec,ok,ok,0.005706635303795338,0.005678159184753895,,0
g1ojs/_2m/Shortened dipoles/2m Rect Petlowany Dipole 5mm dia elements flat 0.4.nec,ok,ok,0.009221414104104042,0.009263548068702221,,0
g1ojs/_2m/Shortened dipoles/2m Rect Petlowany Dipole 5mm dia elements flat 0.5.nec,ok,ok,0.009275902062654495,0.00914251059293747,,0
g1ojs/_2m/Shortened dipoles/2m Z dipole 0.5m.nec,ok,ok,0.005697907879948616,0.005696735344827175,,0
g1ojs/_2m/Shortened dipoles/2m Z dipole 0.6m.nec,ok,ok,0.006508183665573597,0.005709839053452015,,0
g1ojs/_2m/Shortened dipoles/2m meander dipole.nec,ok,ok,0.0044692326337099075,0.004830688238143921,,0
g1ojs/_2m/Shortened dipoles/Dipole wire diameter.nec,ok,ok,0.0059599494561553,0.006059134379029274,,0
g1ojs/_2m/Shortened dipoles/Patch dipole.nec,ok,ok,0.8756862552836537,0.8738068994134665,1.0022,1
g1ojs/_2m/Slot cube tall.nec,ok,ok,0.02200337126851082,0.021826986223459244,,0
g1ojs/_2m/Slot cube wide.nec,ok,ok,0.021961129270493984,0.02209043875336647,,0
g1ojs/_2m/Slot cube.nec,ok,ok,0.02471115719527006,0.020544346421957016,,0
g1ojs/_2m/Stacked dipoles.nec,ok,ok,0.015572050586342812,0.01533929631114006,,0
g1ojs/_2m/Verticals/2m Stacked Vertical Dipoles with integral baluns - 4 lens opt WITH MEASUREMENT NOTES.nec,ok,ok,0.8633703766390681,0.8623546967282891,1.0012,1
g1ojs/_2m/Verticals/2m Stacked Vertical Dipoles with integral baluns - no harness.nec,ok,ok,0.5838969461619854,0.5845193946734071,0.9989,1
g1ojs/_2m/Verticals/2m Stacked Vertical Dipoles with integral baluns reentrant harness.nec,ok,ok,0.8629721784964204,0.8733970252797008,0.9881,1
g1ojs/_2m/Verticals/2m Stacked Vertical Dipoles with integral baluns.nec,ok,ok,0.779872084967792,0.7741966657340527,1.0073,1
g1ojs/_2m/Verticals/2m Stacked Vertical Gamma Matched Dipole over ground.nec,ok,ok,0.9292463967576623,0.9360700594261289,0.9927,1
g1ojs/_2m/Verticals/2m Vertical Dipole with integral balun.nec,ok,ok,0.5921236956492066,0.5967724146321416,0.9922,1
g1ojs/_2m/Verticals/2m Vertical Gamma Matched Dipole over ground.nec,ok,ok,0.5662984773516655,0.5794896744191647,0.9772,1
g1ojs/_2m/Verticals/2m Vertical dipole with phasing balun.nec,ok,ok,1.7373047387227416,1.7328728269785643,1.0026,1
g1ojs/_2m/Verticals/2m high gain Vertical flowerpot with metal sleeve air spaced with feedline and feed stub.nec,ok,ok,0.42240467108786106,0.404753640294075,1.0436,1
g1ojs/_2m/Verticals/Periodic stubs tests/2m 3lam monopole stubs shaped generic.nec,ok,ok,0.38002836611121893,0.37272639479488134,1.0196,1
g1ojs/_2m/Verticals/Periodic stubs tests/2m gamma dipole extended TL.nec,ok,ok,0.09935452416539192,0.08468959853053093,1.1732,1
g1ojs/_2m/Verticals/Periodic stubs tests/2m gamma dipole extended stubs - test.nec,ok,ok,0.1189456433057785,0.1207641614601016,0.9849,1
g1ojs/_2m/Verticals/Periodic stubs tests/2m gamma dipole extended stubs shaped.nec,ok,ok,0.11133029591292143,0.11202167719602585,0.9938,1
g1ojs/_2m/Verticals/Periodic stubs tests/2m gamma dipole extended stubs.nec,ok,ok,0.10272359102964401,0.10052461177110672,1.0219,1
g1ojs/_2m/Verticals/Periodic stubs tests/2m gamma dipole extended zigzag.nec,ok,ok,0.04996523540467024,0.05313752219080925,,0
g1ojs/_2m/Yagis Loop Fed/2m 3ele LF yagi BUILT.nec,ok,ok,0.02689454611390829,0.028361479751765728,,0
g1ojs/_2m/Yagis Loop Fed/2m 3ele LF yagi opt FR.nec,ok,ok,0.02765551209449768,0.02707436867058277,,0
g1ojs/_2m/Yagis/2m Diamond A144S5R free space.nec,ok,ok,0.011428089812397957,0.011692647822201252,,0
g1ojs/_2m/Yagis/Horizontal 2m 2ele yagi.nec,ok,ok,0.007571980357170105,0.007471451535820961,,0
g1ojs/_2m/Yagis/Horizontal 2m 3ele yagi - M5AML.nec,ok,ok,0.010834823362529278,0.010792902670800686,,0
g1ojs/_2m/Yagis/Horizontal 2m 4ele yagi 95cm boom 20 ohm.nec,ok,ok,0.015805702656507492,0.01548135094344616,,0
g1ojs/_2m/Yagis/Horizontal 2m 4ele yagi BUILT.nec,ok,ok,0.015318403020501137,0.015200784429907799,,0
g1ojs/_2m/Yagis/Horizontal 2m yagi 5 ele.nec,ok,ok,0.023185783065855503,0.022419163025915623,,0
g1ojs/_2m/Yagis/Horizontal 2m yagi 6 ele.nec,ok,ok,0.026983678340911865,0.026929830200970173,,0
g1ojs/_6m/6m 2ele Quad base fed.nec,ok,ok,0.30458402913063765,0.3083965089172125,0.9876,1
g1ojs/_6m/6m Dipole bars.nec,ok,ok,0.24722964502871037,0.24318836256861687,1.0166,1
g1ojs/_6m/6m Dipole coax inner fed.nec,ok,ok,0.008245963603258133,0.008188045583665371,,0
g1ojs/_6m/6m Dipole discs.nec,error,error,0.1093447981402278,0.10800181794911623,,0
g1ojs/_6m/6m Dipole droops.nec,ok,ok,0.24405344389379025,0.24452180974185467,0.9981,1
g1ojs/_6m/6m Dipole speaker wire.nec,ok,ok,0.008041147142648697,0.008197056129574776,,0
g1ojs/_6m/6m Dipole stars.nec,ok,ok,0.2478572390973568,0.2500414811074734,0.9913,1
g1ojs/_6m/6m Helically loaded dipole.nec,ok,ok,7.274963606148958,7.276063716970384,0.9998,1
g1ojs/_6m/6m LL Bar Dipole 5mm dia elements - 2.nec,ok,ok,0.2497331416234374,0.250783852301538,0.9958,1
g1ojs/_6m/6m LL Bar Dipole 5mm dia elements.nec,ok,ok,0.24955221358686686,0.2501447843387723,0.9976,1
g1ojs/_6m/6m LL Dipole 5mm dia elements - hairpin - 2.nec,ok,ok,0.25767628382891417,0.2582868570461869,0.9976,1
g1ojs/_6m/6m LL Dipole 5mm dia elements - hairpin.nec,ok,ok,0.25875040050596,0.25689145363867283,1.0072,1
g1ojs/_6m/6m LL Dipole test 5mm dia elements - hairpin.nec,ok,ok,0.2602761657908559,0.2568964399397373,1.0132,1
g1ojs/_6m/6m LL2 Dipole 5mm dia elements.nec,ok,ok,0.2527539860457182,0.2535869786515832,0.9967,1
g1ojs/_6m/6m Moxgen Moxon.nec,ok,ok,0.024472810328006744,0.024592706933617592,,0
g1ojs/_6m/6m Moxon 1mm wire.nec,ok,ok,0.011278086341917515,0.011280461214482784,,0
g1ojs/_6m/6m Moxon Front coax inner fed Rear wire.nec,ok,ok,0.021392871625721455,0.021188917569816113,,0
g1ojs/_6m/6m Moxon coax inner fed.nec,ok,ok,0.02149117924273014,0.021158991381525993,,0
g1ojs/_6m/6m Quad base fed.nec,ok,ok,0.25871413946151733,0.25758157204836607,1.0044,1
g1ojs/_6m/6m Quad side fed.nec,ok,ok,0.25905564427375793,0.25911247078329325,0.9998,1
g1ojs/_6m/6m Rect Petlowany Dipole 5mm dia elements 3D.nec,ok,ok,0.24706887733191252,0.24988387059420347,0.9887,1
g1ojs/_6m/6m Rect Petlowany Dipole 5mm dia elements flat 2.nec,ok,ok,0.24837775342166424,0.2473017629235983,1.0044,1
g1ojs/_6m/6m Rect Petlowany Dipole 5mm dia elements flat.nec,ok,ok,0.2462236089631915,0.24981076456606388,0.9856,1
g1ojs/_6m/6m Short Dipole 5mm dia elements - hairpin.nec,ok,ok,0.24761498160660267,0.2476540794596076,0.9998,1
g1ojs/_6m/Build.nec,ok-no-source,ok-no-source,0.004907607100903988,0.0050018345937132835,,0
g1ojs/_6m/_6m Dipole ref.nec,ok,ok,0.007743866182863712,0.007668898440897465,,0
g1ojs/_6m/_6m V.nec,ok,ok,0.2526104962453246,0.2510761730372906,1.0061,1
g1ojs/__70cm/70cm 6cm dia Magloop 433.2 MHz V.nec,ok,ok,0.020715735852718353,0.020635019056499004,,0
g1ojs/__70cm/70cm Rect Petlowany Dipole 1mm dia elements flat 2.nec,ok,ok,0.009452489204704762,0.009186149574816227,,0
g1ojs/__70cm/70cm Rect Petlowany Dipole 5mm dia elements flat 2.nec,ok,ok,0.008690946735441685,0.008575597777962685,,0
g1ojs/__70cm/Dipole ref.nec,ok,ok,0.004849407821893692,0.004518385045230389,,0
g1ojs/__70cm/Horizontal 70cm 3ele LF yagi.nec,ok,ok,0.026484521105885506,0.026372842490673065,,0
g1ojs/__70cm/Patch dipole.nec,ok,ok,0.027675083838403225,0.027409876696765423,,0
g1ojs/__70cm/Square loop.nec,ok,ok,0.0075621576979756355,0.01204239297658205,,0
g1ojs/__70cm/Yagis/70cm Horizontal 2ele yagi over ground.nec,ok,ok,0.011903299950063229,0.007299598306417465,,0
g1ojs/__70cm/Yagis/70cm Horizontal 3ele yagi over ground.nec,ok,ok,0.010411996394395828,0.010210912674665451,,0
g1ojs/__70cm/Yagis/70cm Stacked dipoles x3.nec,ok,ok,0.012853818945586681,0.013210768811404705,,0
g1ojs/opt/Loaded V-01.nec,ok,ok,0.13323500286787748,0.1333826733753085,0.9989,1
g1ojs/opt/Loaded V-02.nec,ok,ok,0.13293728325515985,0.13294612057507038,0.9999,1
g1ojs/opt/Loaded V-03.nec,ok,ok,0.133167396299541,0.13430393394082785,0.9915,1
g1ojs/opt/Loaded V-04.nec,ok,ok,0.13338248990476131,0.13269804883748293,1.0052,1
g1ojs/opt/Loaded V-05.nec,ok,ok,0.133400434628129,0.13313463050872087,1.0020,1
g1ojs/opt/Loaded V-06.nec,ok,ok,0.13494980800896883,0.13479651417583227,1.0011,1
g1ojs/opt/Loaded V-07.nec,ok,ok,0.131978377699852,0.13299762178212404,0.9923,1
g1ojs/opt/Loaded V-08.nec,ok,ok,0.13328929990530014,0.13322555180639029,1.0005,1
g1ojs/opt/Loaded V-09.nec,ok,ok,0.13287440687417984,0.13341639749705791,0.9959,1
g1ojs/opt/Loaded V-10.nec,ok,ok,0.1313680149614811,0.1325190458446741,0.9913,1
g1ojs/opt/Loaded V-11.nec,ok,ok,0.1334779392927885,0.1329705072566867,1.0038,1
g1ojs/opt/Loaded V-12.nec,ok,ok,0.13309825863689184,0.13375444058328867,0.9951,1
g1ojs/opt/Loaded V-13.nec,ok,ok,0.13195044826716185,0.13387866131961346,0.9856,1
g1ojs/opt/Loaded V-14.nec,ok,ok,0.14039429929107428,0.13304436951875687,1.0552,1
g1ojs/opt/Loaded V-15.nec,ok,ok,0.13289906457066536,0.13272853940725327,1.0013,1
g1ojs/opt/Loaded V-16.nec,ok,ok,0.13243319001048803,0.13346221577376127,0.9923,1
g1ojs/opt/Loaded V-18.nec,ok,ok,0.13398385513573885,0.13323727156966925,1.0056,1
g1ojs/opt/Loaded V-19.nec,ok,ok,0.1328495843335986,0.13319761492311954,0.9974,1
g1ojs/opt/Loaded V-20.nec,ok,ok,0.1325440751388669,0.13341419957578182,0.9935,1
g1ojs/opt/Loaded V-21.nec,ok,ok,0.13356435485184193,0.132715230807662,1.0064,1
g1ojs/opt/Loaded V-22.nec,ok,ok,0.13296195585280657,0.13347345683723688,0.9962,1
g1ojs/opt/Loaded V-23.nec,ok,ok,0.13292444217950106,0.13340022694319487,0.9964,1
g1ojs/opt/Loaded V-24.nec,ok,ok,0.13372840825468302,0.1330148633569479,1.0054,1
g1ojs/opt/Loaded V-26.nec,ok,ok,0.1327953552827239,0.13333877362310886,0.9959,1
g1ojs/opt/Loaded V-27.nec,ok,ok,0.13319976348429918,0.13279422465711832,1.0031,1
g1ojs/opt/Loaded V-28.nec,ok,ok,0.1335564674809575,0.1326831839978695,1.0066,1
icecube-dbesson/2 dipole on roof.nec,ok,ok,0.6813213657587767,0.6813184218481183,1.0000,1
icecube-dbesson/2lsloper.nec,ok,ok,0.3919648500159383,0.3950627902522683,0.9922,1
icecube-dbesson/2phased.nec,ok,ok,0.0034347521141171455,0.003462151624262333,,0
icecube-dbesson/36ccd.nec,ok,ok,0.2264688927680254,0.22766380291432142,0.9948,1
icecube-dbesson/36dip.nec,ok,ok,0.19511204585433006,0.19403176568448544,1.0056,1
icecube-dbesson/36inv.nec,ok,ok,0.1953513454645872,0.1958353267982602,0.9975,1
icecube-dbesson/36inv_split.nec,ok,ok,0.19659374095499516,0.19541942607611418,1.0060,1
icecube-dbesson/3el-inverted-V.nec,ok,ok,0.19445175770670176,0.19500570185482502,0.9972,1
icecube-dbesson/3elquad.nec,ok,ok,0.005370079539716244,0.005393520928919315,,0
icecube-dbesson/4 Dipole Trans-lines.nec,ok,ok,0.012380780652165413,0.01223016157746315,,0
icecube-dbesson/40quad.nec,ok,ok,0.12744252383708954,0.12662561982870102,1.0065,1
icecube-dbesson/4nec2.nec,ok,ok,0.2528363782912493,0.25941544584929943,0.9746,1
icecube-dbesson/4square.nec,ok,ok,0.1894561117514968,0.18873126525431871,1.0038,1
icecube-dbesson/4x20ra.nec,ok,ok,0.08696225378662348,0.08834105264395475,0.9844,1
icecube-dbesson/7lyagi10.nec,ok,ok,0.1872860575094819,0.18643339350819588,1.0046,1
icecube-dbesson/80hsbeam.nec,ok,ok,0.21597648784518242,0.21580155845731497,1.0008,1
icecube-dbesson/80rdbeam.nec,ok,ok,0.28424171078950167,0.2843944290652871,0.9995,1
icecube-dbesson/BCone45.nec,ok,ok,0.036643548868596554,0.036340221762657166,,0
icecube-dbesson/BCone55.nec,ok,ok,0.5151242883875966,0.5175105053931475,0.9954,1
icecube-dbesson/BCone65.nec,ok,ok,0.5234396476298571,0.530977918766439,0.9858,1
icecube-dbesson/Bcone-1mmgap.nec,ok,ok,0.03829676378518343,0.038140373304486275,,0
icecube-dbesson/Bcone-3cmgap.nec,ok,ok,0.037476818077266216,0.03882554639130831,,0
icecube-dbesson/BetaMatch.nec,ok,ok,0.020829051733016968,0.020962562412023544,,0
icecube-dbesson/Bicone-dzvar.nec,ok,ok,0.037776293233036995,0.03854441083967686,,0
icecube-dbesson/Bicone0+.nec,ok,ok,0.08710820320993662,0.08782643172889948,0.9918,1
icecube-dbesson/Bicone0.nec,ok,ok,0.026366407051682472,0.026251597329974174,,0
icecube-dbesson/Catenary_1.nec,ok-no-source,ok-no-source,0.0038401437923312187,0.0038307933136820793,,0
icecube-dbesson/Cedzph10.nec,ok,ok,0.10724350344389677,0.10188893415033817,1.0526,1
icecube-dbesson/CoilCapHat.nec,ok,ok,0.1610011849552393,0.1812712922692299,0.8882,1
icecube-dbesson/Collinear_1L.nec,ok,ok,0.0771179748699069,0.07864285726100206,0.9806,1
icecube-dbesson/Deltalp.nec,ok,ok,0.08124766498804092,0.08018310740590096,1.0133,1
icecube-dbesson/Example1.nec,ok,ok,0.00314994715154171,0.0031204819679260254,,0
icecube-dbesson/Example2.nec,ok,ok,0.003248104825615883,0.0031195664778351784,,0
icecube-dbesson/Example3.nec,ok,ok,0.19451895914971828,0.19419943448156118,1.0016,1
icecube-dbesson/Fractal.nec,ok,ok,1.1086930325254798,1.0996464947238564,1.0082,1
icecube-dbesson/Generator.nec,ok,ok,0.06109845731407404,0.059341173619031906,1.0296,1
icecube-dbesson/Gwave.nec,ok,ok,0.09353987965732813,0.09309281595051289,1.0048,1
icecube-dbesson/Half-Horn2.nec,ok,ok,0.030652637593448162,0.030794852413237095,,0
icecube-dbesson/Half-horn.nec,ok,ok,0.031042741611599922,0.0311115775257349,,0
icecube-dbesson/Illuminate.nec,ok,ok,2.2036273600533605,2.1902902899309993,1.0061,1
icecube-dbesson/L_match.nec,ok,ok,0.012726075947284698,0.012815570458769798,,0
icecube-dbesson/Logper.nec,ok,ok,0.017313712276518345,0.0172095512971282,,0
icecube-dbesson/Loops.nec,ok,ok,0.0046225655823946,0.004241129383444786,,0
icecube-dbesson/Lowdip.nec,ok,ok,0.22943414561450481,0.22785481251776218,1.0069,1
icecube-dbesson/Match_Test.nec,ok,ok,0.0033412184566259384,0.0033294716849923134,,0
icecube-dbesson/Moxon.nec,ok,ok,0.18310802057385445,0.1830438720062375,1.0004,1
icecube-dbesson/Multiband.nec,ok,ok,0.22298084199428558,0.22195034474134445,1.0046,1
icecube-dbesson/NearFld.nec,ok,ok,1.624790582805872,1.6161353942006826,1.0054,1
icecube-dbesson/Optimized-discone.nec,ok,ok,0.025638774037361145,0.025936982594430447,,0
icecube-dbesson/Parab50.nec,ok,ok,10.439490959048271,10.561950573697686,0.9884,1
icecube-dbesson/Parabola.nec,ok-no-source,ok-no-source,0.1195623017847538,0.1200817571952939,,0
icecube-dbesson/Patch.nec,ok-no-source,ok-no-source,0.007787782698869705,0.007750297896564007,,0
icecube-dbesson/Phased GP.nec,ok,ok,0.015692051500082016,0.015700717456638813,,0
icecube-dbesson/Phased array Trans-line.nec,ok,ok,0.008564301766455173,0.00839965045452118,,0
icecube-dbesson/Quad.nec,ok,ok,0.3411824619397521,0.33677502162754536,1.0131,1
icecube-dbesson/RICE-dipole.nec,error,error,0.30852522794157267,0.308218939229846,,0
icecube-dbesson/RICE-dipole0.nec,error,error,0.2632871996611357,0.2608851185068488,,0
icecube-dbesson/Rhombic.nec,ok,ok,0.12368614040315151,0.12621117383241653,0.9800,1
icecube-dbesson/Slopvee.nec,ok,ok,0.2118437336757779,0.1960765840485692,1.0804,1
icecube-dbesson/T-box.nec,ok,ok,0.23554209526628256,0.2527547450736165,0.9319,1
icecube-dbesson/TL-test.nec,ok,ok,0.10378657281398773,0.10263232421129942,1.0112,1
icecube-dbesson/TV_uhf.nec,ok,ok,0.04255962744355202,0.04257830139249563,,0
icecube-dbesson/Tr-line.nec,ok,ok,0.1950852870941162,0.1958700241521001,0.9960,1
icecube-dbesson/TrapDip.nec,ok,ok,0.004439033567905426,0.004450182430446148,,0
icecube-dbesson/Vee40.nec,ok,ok,0.21855406556278467,0.22660179063677788,0.9645,1
icecube-dbesson/Vyagi22.nec,ok,ok,0.024461419321596622,0.023772701621055603,,0
icecube-dbesson/Yagi16.nec,ok,ok,0.03206599038094282,0.03169052768498659,,0
icecube-dbesson/atl50E.nec,ok,ok,0.43577294796705246,0.439714970998466,0.9910,1
icecube-dbesson/atl50e-h.nec,ok,ok,0.4936488149687648,0.49794808495789766,0.9914,1
icecube-dbesson/bev80.nec,ok,ok,0.23417274188250303,0.2350944923236966,0.9961,1
icecube-dbesson/bisq7.nec,ok,ok,0.046577136032283306,0.04601303953677416,,0
icecube-dbesson/bobtail.nec,ok,ok,0.219040690921247,0.22617186792194843,0.9685,1
icecube-dbesson/circdip3.nec,ok,ok,0.003665396012365818,0.0036928225308656693,,0
icecube-dbesson/corner.nec,ok,ok,0.020500482991337776,0.020517772994935513,,0
icecube-dbesson/dip_curv_6m.nec,ok,ok,0.010675175115466118,0.010493312031030655,,0
icecube-dbesson/discone.nec,ok,ok,0.025826362892985344,0.025646268390119076,,0
icecube-dbesson/dscn2.nec,ok,ok,0.5870912969112396,0.6070725498721004,0.9671,1
icecube-dbesson/edzmod.nec,ok,ok,0.17454881966114044,0.17438844498246908,1.0009,1
icecube-dbesson/emeyagi.nec,ok,ok,0.012904337607324123,0.01282753236591816,,0
icecube-dbesson/fm6.nec,ok,ok,0.007932845503091812,0.00796191580593586,,0
icecube-dbesson/franklin.nec,ok,ok,0.004381243139505386,0.0043522147461771965,,0
icecube-dbesson/g5rv.nec,ok,ok,0.0036789709702134132,0.003593241795897484,,0
icecube-dbesson/gndplane.nec,ok,ok,0.0038937069475650787,0.004097628407180309,,0
icecube-dbesson/hel10ua.nec,ok,ok,0.27863252349197865,0.2863920135423541,0.9729,1
icecube-dbesson/helix.nec,ok,ok,0.662155725993216,0.6663135262206197,0.9938,1
icecube-dbesson/helixve5.nec,ok,ok,0.03622351121157408,0.035850225016474724,,0
icecube-dbesson/hrs_441.nec,ok,ok,6.243181695230305,6.35593993589282,0.9823,1
icecube-dbesson/i5tdjii.nec,ok,ok,0.021305416710674763,0.023963219486176968,,0
icecube-dbesson/isotrop.nec,ok,ok,0.004458690993487835,0.005290714092552662,,0
icecube-dbesson/jbl.nec,ok,ok,4.9516171822324395,5.065921703353524,0.9774,1
icecube-dbesson/lazyh.nec,ok,ok,0.004827502183616161,0.004864717833697796,,0
kk4obi-bent-dipoles/efhw-straight.nec,ok,ok,0.060430217534303665,0.06007313169538975,1.0059,1
kk4obi-bent-dipoles/folded-end-dipole.nec,ok,ok,0.2048541298136115,0.20568789914250374,0.9959,1
kk4obi-bent-dipoles/ocf-vertical-4radials.nec,ok,ok,0.1497539123520255,0.14888831041753292,1.0058,1
kk4obi-bent-dipoles/std-vertical-dipole.nec,ok,ok,0.07591093704104424,0.06450209580361843,1.1769,1
nec-simulations/nec/biconicalAntenna.nec,ok,ok,0.0054447464644908905,0.005411382764577866,,0
nec-simulations/nec/colinnearDipoles.nec,ok,ok,0.004186613485217094,0.004238122142851353,,0
nec-simulations/nec/foldedDipole_10.nec,ok,ok,0.004621444270014763,0.004721016623079777,,0
nec-simulations/nec/foldedDipole_5.nec,ok,ok,0.0039022592827677727,0.004040843807160854,,0
nec-simulations/nec/foldedDipole_50.nec,ok,ok,0.017250054515898228,0.017028680071234703,,0
nec-simulations/nec/helicalAntenna.nec,ok,ok,0.03570039942860603,0.035631331615149975,,0
nec-simulations/nec/inEchellonDipoles.nec,ok,ok,0.003544011153280735,0.0035210056230425835,,0
nec-simulations/nec/parallelDipoles.nec,ok,ok,0.004073022864758968,0.00415588915348053,,0
nec-simulations/nec/turnstileAntenna.nec,ok,ok,0.004081963561475277,0.004225890152156353,,0
nec-simulations/nec/turnstileTestAntenna.nec,ok,ok,7.481656261719763,7.625377963297069,0.9812,1
nec-simulations/nec/wireAntennaFastGround.nec,ok,ok,0.29176898393779993,0.29467013385146856,0.9902,1
nec-simulations/nec/wireAntennaPerfectGround.nec,crash,crash,1.2255699168890715,1.2307052919641137,,0
nec2-toys/2m-fd-fed-yagi.nec,ok,ok,0.7910147104412317,0.7874335115775466,1.0045,1
nec2-toys/2m-folded-dipole/2m-folded-dipole.nec,ok,ok,0.7267379881814122,0.6890824167057872,1.0546,1
nec2-toys/oldStuff/gen1/freeSpace2mDE.nec,ok,ok,0.08835439011454582,0.10514472331851721,0.8403,1
nec2-toys/oldStuff/gen1/nec-2m-2el-146.310.nec,ok,ok,0.08761380519717932,0.08875453844666481,0.9871,1
nec2-toys/oldStuff/gen1/nec-2m-2el-1_8th-wire.nec,ok,ok,0.07042427640408278,0.07772189471870661,0.9061,1
nec2-toys/oldStuff/gen1/nec-2m-2el-3_16ths-wire.nec,ok,ok,0.045521349646151066,0.01674243714660406,,0
nec2c/10RA432.nec,ok,ok,0.006853446364402771,0.0068837301805615425,,0
nec2c/19el_432_tonna.nec,ok,ok,0.04575786180794239,0.045254193246364594,,0
nec2c/20RA432.nec,ok,ok,0.02234207559376955,0.018962061032652855,,0
nec2c/20RA_X4.nec,ok,ok,0.06711636763066053,0.06641556695103645,1.0106,1
nec2c/3E_.nec,ok,ok,0.007110471837222576,0.007023584097623825,,0
nec2c/9EL_GRA.nec,ok,ok,0.012299851514399052,0.012232424691319466,,0
nec2c/9elX2b_gr.nec,ok,ok,0.1076528774574399,0.10874041449278593,0.9900,1
nec2c/9elX2b_mast.nec,ok,ok,0.0988301346078515,0.09917944669723511,0.9965,1
nec2c/9elX2b_tonna.nec,ok,ok,0.09209130611270666,0.09214129392057657,0.9995,1
nec2c/9elX2bm_gr.nec,ok,ok,0.3080056542530656,0.3074711188673973,1.0017,1
nec2c/9elX_gra.nec,ok,ok,0.034050446934998035,0.03412068262696266,,0
nec2c/9elX_tonna.nec,ok,ok,0.03382356837391853,0.03357865009456873,,0
nec2c/9elXb_tonna.nec,ok,ok,0.03386996779590845,0.0336955189704895,,0
nec2c/9elXb_tonnaf.nec,ok,ok,0.6840156950056553,0.6851167427375913,0.9984,1
nec2c/9el_p_tonna.nec,ok,ok,0.015856150537729263,0.015715626068413258,,0
nec2c/9el_tonna.nec,ok,ok,0.015682466328144073,0.015905010513961315,,0
nec2c/9el_tonnaf.nec,ok,ok,0.16934981662780046,0.1699807932600379,0.9963,1
nec2c/9elv_tonna.nec,ok,ok,0.015462556853890419,0.01535111665725708,,0
nec2c/BSZ09.nec,ok,ok,0.014978903345763683,0.014373300597071648,,0
nec2c/BSZ10.nec,ok,ok,0.20739128347486258,0.20339279901236296,1.0197,1
nec2c/CAR.nec,ok,ok,0.06669394113123417,0.06733430922031403,0.9905,1
nec2c/DIP2_7T.nec,ok,ok,0.005160074681043625,0.005124935880303383,,0
nec2c/DIP_7.nec,ok,ok,0.006989696063101292,0.006938651204109192,,0
nec2c/DIP_7T.nec,ok,ok,0.004532262682914734,0.004539860412478447,,0
nec2c/DIP_7TB.nec,ok,ok,0.004565052688121796,0.004448738880455494,,0
nec2c/DIP_7TC.nec,ok,ok,0.004521341063082218,0.0044412389397621155,,0
nec2c/DIP_7TD.nec,ok,ok,0.0045820195227861404,0.004513784311711788,,0
nec2c/DIP_7TE.nec,ok,ok,0.004564590752124786,0.004495987668633461,,0
nec2c/DIP_REFL.nec,ok,ok,0.010778204537928104,0.010248096659779549,,0
nec2c/ELICA.nec,ok,ok,0.00895731057971716,0.008533434011042118,,0
nec2c/EX1.nec,ok,ok,0.003950932994484901,0.0035638362169265747,,0
nec2c/EX2.nec,ok,ok,0.004067057743668556,0.0037126783281564713,,0
nec2c/EX3.nec,ok,ok,0.06911894306540489,0.061603011563420296,1.1220,1
nec2c/EX5.nec,ok,ok,0.031269555911421776,0.006620198488235474,,0
nec2c/EX7.nec,ok-no-source,ok-no-source,0.0038429321721196175,0.004051641561090946,,0
nec2c/I5TDJII.nec,ok,ok,0.03312893025577068,0.050923509523272514,,0
nec2c/I5TDJIII.nec,ok,ok,0.03330195136368275,0.04806333314627409,,0
nec2c/LOGPERIO_1.nec,ok-no-source,ok-no-source,0.004966475069522858,0.00654370803385973,,0
nec2c/LPA9.nec,ok,ok,0.03108731098473072,0.03260620776563883,,0
nec2c/MARCONI.nec,ok,ok,0.0047460757195949554,0.005060529336333275,,0
nec2c/MONOPOLE.nec,ok,ok,0.019177783280611038,0.005227566696703434,,0
nec2c/MONOPOLO.nec,ok,ok,0.006851254962384701,0.007233753800392151,,0
nec2c/MYGP.nec,ok,ok,0.08013861253857613,0.09005585312843323,0.8899,1
nec2c/MYGPR.nec,ok,ok,0.48107738327234983,0.4585493244230747,1.0491,1
nec2c/MYGPX.nec,ok,ok,0.45985720586031675,0.4734772574156523,0.9712,1
nec2c/RHOMBIC.nec,ok,ok,0.03542316146194935,0.036049578338861465,,0
nec2c/ROMBICA.nec,ok,ok,0.03568958770483732,0.03497659042477608,,0
nec2c/SKYWIRE.nec,ok,ok,0.00849192962050438,0.008439808152616024,,0
nec2c/SPIRAL.nec,error,error,0.01374077145010233,0.004805524833500385,,0
nec2c/TEST299.nec,ok,ok,0.027857325971126556,0.025780564174056053,,0
nec2c/TRI_7.nec,ok,ok,0.009010992012917995,0.008900091052055359,,0
nec2c/TRI_7T.nec,ok,ok,0.006040593609213829,0.007579951547086239,,0
nec2c/TRI_7TA.nec,ok,ok,0.005982277914881706,0.006267405115067959,,0
nec2c/TRI_7TB.nec,ok,ok,0.008010015822947025,0.007382617332041264,,0
nec2c/TRI_7TC.nec,ok,ok,0.0061900075525045395,0.005773800425231457,,0
nec2c/VBS_28_T.nec,ok,ok,0.005624567158520222,0.005737525410950184,,0
nec2c/VB_28_T.nec,ok,ok,0.007496408186852932,0.0056091779842972755,,0
nec2c/YG_4X6.nec,ok,ok,0.011198815889656544,0.01124043483287096,,0
nec2c/YG_4X6_B.nec,ok,ok,0.03200890123844147,0.027325347997248173,,0
nec2c/YG_6EL.nec,ok,ok,0.00738427322357893,0.0074394578114151955,,0
nec2c/YI20_40B.nec,ok,ok,0.9445102671161294,0.9764969507232308,0.9672,1
nec2c/YI20_40C.nec,ok,ok,0.9978934936225414,1.0109801962971687,0.9871,1
nec2c/dip_curv_6m.nec,ok,ok,0.010081020183861256,0.01004959549754858,,0
nec2c/dl_2el_18.nec,ok,ok,0.018066899850964546,0.017017756588757038,,0
nec2c/dl_2el_18_1.nec,ok,ok,0.00969476904720068,0.009818085469305515,,0
nec2c/dl_2el_18_1t.nec,ok,ok,0.006965570151805878,0.006851057521998882,,0
nec2c/dl_2el_18_1t15mvp.nec,ok,ok,0.19455357268452644,0.19430162385106087,1.0013,1
nec2c/dl_2el_18_t10m.nec,ok,ok,0.006633937358856201,0.006693599745631218,,0
nec2c/dl_2el_18_t10mvp.nec,ok,ok,0.006548169068992138,0.006624087691307068,,0
nec2c/dl_2el_18b24.nec,ok,ok,0.020535575225949287,0.020297084003686905,,0
nec2c/dl_2el_24b18.nec,ok,ok,0.02085917256772518,0.020908146165311337,,0
nec2c/dl_2el_28_1.nec,ok,ok,0.02051356341689825,0.020116733387112617,,0
nec2c/dl_2el_28_1t.nec,ok,ok,0.01788030657917261,0.017790076322853565,,0
nec2c/dl_2el_28_f.nec,ok,ok,0.28944797348231077,0.2915422962978482,0.9928,1
nec2c/dl_4el_20.nec,ok,ok,0.03681839443743229,0.03723633475601673,,0
nec2c/dl_4el_20f.nec,ok,ok,0.3692006580531597,0.3699384992942214,0.9980,1
nec2c/firstrhombic.nec,ok,ok,0.00782561581581831,0.007823710329830647,,0
nec2c/i5tdjiiif.nec,ok,ok,0.6424961350858212,0.6184895355254412,1.0388,1
nec2c/log_periodic.nec,ok,ok,0.03047227021306753,0.030224667862057686,,0
nec2c/logperA9.nec,ok,ok,0.031071992591023445,0.031087610870599747,,0
nec2c/quad17m_1.nec,ok,ok,0.03202821221202612,0.042569742538034916,,0
nec2c/quad17m_2.nec,ok,ok,0.02478491421788931,0.02765935566276312,,0
nec2c/rombica_t.nec,ok,ok,0.01534512173384428,0.00801490806043148,,0
nec2c/yg2_5el_50.nec,ok,ok,0.017388267442584038,0.017053162679076195,,0
nec2c/yg2_5el_50t.nec,ok,ok,0.013552341610193253,0.013970977626740932,,0
nec2c/yg_16el_220.nec,ok,ok,0.01313848327845335,0.012904766015708447,,0
nec2c/yg_16el_220M_1.nec,ok,ok,0.02790442481637001,0.03268403094261885,,0
nec2c/yg_16el_220M_2.nec,ok,ok,0.04171641916036606,0.0418819785118103,,0
nec2c/yg_2el_24.nec,ok,ok,0.009362204000353813,0.009364262223243713,,0
nec2c/yg_4el_20.nec,ok,ok,0.01992225833237171,0.015310093760490417,,0
nec2c/yg_4el_20f.nec,ok,ok,0.03299244958907366,0.032402572222054005,,0
nec2c/yg_4el_20g.nec,ok,ok,0.00796777755022049,0.007880469784140587,,0
nec2c/yg_5el_50.nec,ok,ok,0.010079902596771717,0.010245094075798988,,0
nec2c/yg_5el_50_opt.nec,ok,ok,0.012158514931797981,0.010127045214176178,,0
nec2c/yg_5el_50p_opt.nec,ok,ok,0.013639853335916996,0.010774299502372742,,0
nec2c/yg_5el_50t.nec,ok,ok,0.008847378194332123,0.00996456854045391,,0
nec2c/yg_9el_144.nec,ok,ok,0.017284891568124294,0.01566415559500456,,0
nec2org/biquad_2440MHz.nec,ok,ok,0.8468747790902853,0.8400651589035988,1.0081,1
necpp/36dip.nec,ok,ok,0.19484416116029024,0.1945520956069231,1.0015,1
necpp/Collinear_1L.nec,ok,ok,0.07726346608251333,0.07726558018475771,1.0000,1
necpp/GA487.nec,ok,ok,0.518646121956408,0.5203610993921757,0.9967,1
necpp/Yg_4x6_b.nec,ok,ok,0.02619237918406725,0.027660188265144825,,0
necpp/biquad.nec,ok,ok,0.8481770791113377,0.84689228143543,1.0015,1
necpp/bruce_sommerfeld.nec,ok,ok,0.24136641062796116,0.24087979085743427,1.0020,1
necpp/buoy.nec,ok,ok,0.08522476442158222,0.08511192817240953,1.0013,1
necpp/dipole_anim.nec,ok,ok,0.012469347566366196,0.012343520298600197,,0
necpp/discone.nec,ok-no-source,ok-no-source,2.3056351458653808,2.3043420845642686,,0
necpp/ek_test.nec,ok,ok,0.05141889117658138,0.10299002751708031,0.4993,1
necpp/example1.nec,ok,ok,0.036432757042348385,0.0471133878454566,,0
necpp/example2.nec,ok,ok,0.06765060313045979,0.09401002898812294,0.7196,1
necpp/example3.nec,ok,ok,0.11200958397239447,0.05763311963528395,1.9435,1
necpp/example5.nec,ok,ok,0.006212413311004639,0.006078200414776802,,0
necpp/excessive_gain.nec,ok,ok,0.011609792709350586,0.011479929089546204,,0
necpp/ga_pjw_0.nec,ok-no-source,ok-no-source,0.06694332789629698,0.06767173763364553,,0
necpp/ga_pjw_1.nec,ok,ok,0.7587803108617663,0.7270778538659215,1.0436,1
necpp/gh_flat_spiral.nec,ok,ok,0.006980597041547298,0.007181910797953606,,0
necpp/gn2.nec,ok,ok,0.12148002162575722,0.1215622965246439,0.9993,1
necpp/gx_one_plane.nec,ok,ok,0.005771187134087086,0.005663703195750713,,0
necpp/gx_three_planes.nec,ok,ok,0.009247631765902042,0.009152625687420368,,0
necpp/gx_three_planes_control.nec,ok,ok,0.009900948032736778,0.009896344505250454,,0
necpp/hang.nec,ok,ok,0.36105161998420954,0.3602711372077465,1.0022,1
necpp/herzian_dipole.nec,ok,ok,0.00550360232591629,0.005534160882234573,,0
necpp/intersection.nec,ok,ok,0.0038124341517686844,0.003761477768421173,,0
necpp/inverted_v.nec,ok,ok,2.8161764293909073,2.798969275318086,1.0061,1
necpp/medium_test.nec,ok,ok,0.0036420095711946487,0.0037780357524752617,,0
necpp/near_field_electric.nec,ok,ok,0.0034045102074742317,0.0036205966025590897,,0
necpp/near_field_magnetic.nec,ok,ok,0.003357735462486744,0.0035956455394625664,,0
necpp/passive_test1.nec,ok-no-source,ok-no-source,0.06170730013400316,0.06098347157239914,,0
necpp/patch_999.nec,error,error,0.10151901841163635,0.10200444422662258,,0
necpp/patch_999_2.nec,no-impedance,no-impedance,0.012771878391504288,0.012753146700561047,,0
necpp/plane.nec,error,error,0.03230407927185297,0.03273107949644327,,0
necpp/plane_wave_excitation.nec,ok-no-source,ok-no-source,0.006575906649231911,0.00643471535295248,,0
necpp/plet_helix.nec,ok-no-source,ok-no-source,0.024991529993712902,0.02462959848344326,,0
necpp/plet_helixumts.nec,ok,ok,0.1654288312420249,0.16600023210048676,0.9966,1
necpp/salt_ground.nec,ok,ok,0.6136910915374756,0.5971399061381817,1.0277,1
necpp/sommerfeld2.nec,ok,ok,0.10494320094585419,0.10506219882518053,0.9989,1
necpp/sommerfeld3.nec,ok,ok,0.20966482628136873,0.20834891498088837,1.0063,1
necpp/sommerfield1.nec,ok,ok,0.05852643493562937,0.058374195359647274,1.0026,1
necpp/test299.nec,ok,ok,0.0265157213434577,0.02679607830941677,,0
necpp/yagi.nec,ok,ok,0.03107636608183384,0.03150920383632183,,0
opennec/6mYagi-Onec.nec,ok,ok,41.71182390674949,41.114818264730275,1.0145,1
opennec/6mYagi-Onec2.nec,ok,ok,0.04147233162075281,0.04175460897386074,,0
opennec/example5.nec,ok,ok,0.006284843198955059,0.006181974895298481,,0
qantenna/10-30m_vert4.nec,ok,ok,7.565317855216563,8.089874288067222,0.9352,1
qantenna/19el_432_tonna.nec,ok,ok,0.045650928281247616,0.044868456199765205,,0
qantenna/1_4l-gp_on_pole.nec,ok,ok,1.4746725158765912,1.4380037067458034,1.0255,1
qantenna/5_8l-gp_on_pole.nec,ok,ok,1.294116717763245,1.3376738335937262,0.9674,1
qantenna/adrian.nec,ok,ok,0.08078247681260109,0.08155996166169643,0.9905,1
qantenna/airplane.nec,error,error,0.03308455925434828,0.033129519782960415,,0
qantenna/ant.nec,ok,ok,0.03482965100556612,0.03351833298802376,,0
qantenna/collinear.nec,ok,ok,1.524770869873464,1.501138212159276,1.0157,1
qantenna/delta-loop-15m.nec,ok,ok,0.7669698819518089,0.7651380123570561,1.0024,1
qantenna/quad-20m.nec,ok,ok,0.7157987533137202,0.7316066669300199,0.9784,1
qantenna/spaceship.nec,ok,ok,0.033928888849914074,0.03368604090064764,,0
qantenna/tower.nec,error,error,0.008616814389824867,0.008664079010486603,,0
qantenna/tri_7.nec,ok,ok,0.008817289024591446,0.008958528749644756,,0
qantenna/turnstile-sloped.nec,ok,ok,0.14333521574735641,0.1425030305981636,1.0058,1
qantenna/turnstile.nec,ok,ok,0.14319812506437302,0.1445009708404541,0.9910,1
qantenna/xpol_omni.nec,ok,ok,0.3650576826184988,0.34447379130870104,1.0598,1
qantenna/yagi.nec,ok,ok,0.06381529290229082,0.06341243814677,1.0064,1
qantenna/yagi8sq_ch1.nec,ok,ok,0.0754941226914525,0.08887429349124432,0.8494,1
qantenna/yg_16el_220.nec,ok,ok,0.012033043429255486,0.01205204613506794,,0
qantenna/yg_4el_20.nec,ok,ok,0.04938482865691185,0.049378884956240654,,0
qantenna/yg_6el.nec,ok,ok,0.7425303673371673,0.7383867874741554,1.0056,1
qantenna/zepp-80m.nec,ok,ok,0.2087339023128152,0.20719628781080246,1.0074,1
rchacker-antennas/1180/helical.nec,ok,ok,0.018559356220066547,0.018680420704185963,,0
rchacker-antennas/1180/moxon_44mm.nec,ok,ok,0.008133946917951107,0.007982038892805576,,0
rchacker-antennas/1180/moxon_thin_wire.nec,ok,ok,0.009517786093056202,0.009437932632863522,,0
rchacker-antennas/1180/turnstile_1180_droop_angle_raptor.nec,ok,ok,0.0463794581592083,0.04561762697994709,,0
rchacker-antennas/1180/turnstile_1180_droop_angle_raptor_optimised.nec,ok,ok,0.032772052101790905,0.033009995706379414,,0
rchacker-antennas/1180/use gen program in 4nec folder.nec,ok-no-source,ok-no-source,6.9017332922667265,6.945053239353001,,0
rchacker-antennas/2.4/dipole_2.4.nec,ok,ok,0.008010955527424812,0.007986090146005154,,0
rchacker-antennas/2.4/moxon24.nec,ok,ok,0.0065579283982515335,0.006577508524060249,,0
rchacker-antennas/2.4/stripped_coax_2.4.nec,ok,ok,0.006465575657784939,0.00654721911996603,,0
rchacker-antennas/2.4/swastika thick wire.nec,ok,ok,0.005513621494174004,0.005526394583284855,,0
rchacker-antennas/2.4/swastika thin wire.nec,ok,ok,0.006403831765055656,0.006375309079885483,,0
rchacker-antennas/2.4/swastika.nec,ok,ok,0.005559510551393032,0.005515172146260738,,0
rchacker-antennas/2.4/swastika_large_wire_opt.nec,ok,ok,0.005500360392034054,0.005579696036875248,,0
rchacker-antennas/2.4/swastika_large_wire_opt_1mm_feed.nec,ok,ok,0.005532878451049328,0.00545551348477602,,0
rchacker-antennas/2.4/turnstile.nec,ok,ok,0.011233392171561718,0.011271396651864052,,0
rchacker-antennas/2.4/turnstile_2.4_asymmetric.nec,ok,ok,0.011493643745779991,0.011297435499727726,,0
rchacker-antennas/2.4/turnstile_2.4_asymmetric_rad.nec,ok,ok,0.01132342591881752,0.011556754820048809,,0
rchacker-antennas/2.4/vee_2.4.nec,ok,ok,0.007933272048830986,0.008005199953913689,,0
rchacker-antennas/58/helical58.nec,ok,ok,0.3380046095699072,0.3116568075492978,1.0845,1
rchacker-antennas/58/pinwheel5.8.nec,ok,ok,0.10431608092039824,0.10277732275426388,1.0150,1
rchacker-antennas/UHF/_new.nec,ok,ok,0.014615803025662899,0.015683613717556,,0
rchacker-antennas/UHF/ground_plane.nec,ok,ok,0.03299277741461992,0.03312055207788944,,0
rchacker-antennas/UHF/ground_turnstile.nec,ok,ok,0.006176501512527466,0.006216942332684994,,0
rchacker-antennas/UHF/ibcrazy turnstile.nec,ok,ok,0.003396661952137947,0.0033830152824521065,,0
rchacker-antennas/UHF/ibcrazy turnstile_measurements_from_web_tutorial.nec,ok,ok,0.0033619413152337074,0.003321995958685875,,0
rchacker-antennas/UHF/moxon435_as_per_generator.nec,ok,ok,0.023476983420550823,0.011759454384446144,,0
rchacker-antennas/UHF/moxon435_optimised.nec,ok,ok,0.011916105635464191,0.011868471279740334,,0
rchacker-antennas/UHF/turnstile.nec,ok,ok,0.014603840187191963,0.01438740361481905,,0
rchacker-antennas/UHF/turnstile_NEW.nec,ok,ok,0.01454077661037445,0.014392884448170662,,0
rchacker-antennas/UHF/turnstile_coax_flat.nec,ok,ok,0.014326054602861404,0.014413516968488693,,0
rchacker-antennas/UHF/turnstile_coax_flower.nec,ok,ok,0.027919625863432884,0.027276993729174137,,0
rchacker-antennas/UHF/turnstile_coax_flower_2.5.nec,ok,ok,0.02764861937612295,0.02733017038553953,,0
rchacker-antennas/UHF/turnstile_droop_angle.nec,ok,ok,0.022499955259263515,0.022511040791869164,,0
rchacker-antennas/UHF/turnstile_droop_angle_coax.nec,ok,ok,0.03327805269509554,0.033146755769848824,,0
rchacker-antennas/UHF/turnstile_droop_angle_raptor.nec,ok,ok,0.0806064810603857,0.08054398093372583,1.0008,1
rchacker-antennas/UHF/turnstile_droop_angle_raptor_optimised.nec,ok,ok,0.1552837286144495,0.15395135711878538,1.0087,1
rchacker-antennas/UHF/turnstile_droop_angle_raptor_optimised_eff.nec,ok,ok,0.15473992843180895,0.15471151284873486,1.0002,1
rchacker-antennas/UHF/turnstile_effeciency_optimised.nec,ok,ok,0.022408008575439453,0.022787352092564106,,0
rchacker-antennas/UHF/vee3_asymmetrical.nec,ok,ok,0.008708189241588116,0.00871904194355011,,0
rchacker-antennas/UHF/vee3_asymmetrical_hello_kitty_evolved.nec,ok,ok,0.014643440023064613,0.01442746166139841,,0
rchacker-antennas/UHF/vee3_asymmetrical_hello_kitty_evolved_40.nec,ok,ok,0.014825521968305111,0.01487181056290865,,0
rchacker-antennas/UHF/vee3_asymmetrical_with_coax.nec,ok,ok,0.014997012913227081,0.014676123857498169,,0
rchacker-antennas/UHF/vee3_symmetrical.nec,ok,ok,0.008547925390303135,0.008863029070198536,,0
rchacker-antennas/circular omni/PINWHEEL62m.nec,ok,ok,0.10185502469539642,0.10175779275596142,1.0010,1
rchacker-antennas/circular omni/pinwheel62m_980skewplanar-e3.nec,ok,ok,0.11330466624349356,0.10322610102593899,1.0976,1
rchacker-antennas/vee_cheatsheet/vee3_symmetrical_1080_cat5.nec,ok,ok,0.008707533590495586,0.008745134808123112,,0
rchacker-antennas/vee_cheatsheet/vee3_symmetrical_1180_cat5.nec,ok,ok,0.008753154426813126,0.009490151889622211,,0
rchacker-antennas/vee_cheatsheet/vee3_symmetrical_1280_cat5.nec,ok,ok,0.008931448683142662,0.008681869134306908,,0
rchacker-antennas/vee_cheatsheet/vee3_symmetrical_425.nec,ok,ok,0.010104273445904255,0.00955106969922781,,0
rchacker-antennas/vee_cheatsheet/vee3_symmetrical_433.nec,ok,ok,0.008801029063761234,0.0087376544252038,,0
rchacker-antennas/vee_cheatsheet/vee3_symmetrical_435.nec,ok,ok,0.009603988379240036,0.009727786295115948,,0
rchacker-antennas/vee_cheatsheet/vee3_symmetrical_440.nec,ok,ok,0.010051335208117962,0.00877389870584011,,0
rchacker-antennas/vee_cheatsheet/vee3_symmetrical_459.nec,ok,ok,0.00888130534440279,0.009934895671904087,,0
rchacker-antennas/vee_cheatsheet/vee3_symmetrical_915.nec,ok,ok,0.00883671548217535,0.00886444840580225,,0
rchacker-antennas/vee_cheatsheet/vee3_symmetrical_915_cat5.nec,ok,ok,0.009899914264678955,0.008676884695887566,,0
sokyrad/k8uy_yagi_10el/models/K8UY_yagi_2m_original.nec,ok,ok,0.10805655550211668,0.10729203000664711,1.0071,1
sokyrad/unsorted/10m efhw narrow rect 28.4mhz  10m efhw narrow rect 28.4mhz.nec,ok,ok,0.11641525197774172,0.11544812377542257,1.0084,1
sokyrad/unsorted/10m_3el_yagi_horizontal.nec,ok,ok,0.3363014068454504,0.3321837764233351,1.0124,1
sokyrad/unsorted/10m_3el_yagi_horizontal_quarter_wave_elements.nec,ok,ok,0.3006053725257516,0.3001253614202142,1.0016,1
sokyrad/unsorted/10m_3el_yagi_vertical.nec,ok,ok,0.41953567788004875,0.4187415987253189,1.0019,1
sokyrad/unsorted/10m_efhw_inverted_L_10ft.nec,ok,ok,0.13714164588600397,0.1362243127077818,1.0067,1
sokyrad/unsorted/10m_quarter_wave_ground_plane_10ft.nec,ok,ok,0.6841443460434675,0.6843398064374924,0.9997,1
sokyrad/unsorted/15m_20m_jumper_half_square.nec,ok,ok,2.411370301619172,2.404900474473834,1.0027,1
sokyrad/unsorted/26ft_vertical_26x20ft_radials_eznec_import.nec,ok,ok,1.6481546144932508,1.6608167476952076,0.9924,1
sokyrad/unsorted/2m70cm_moxon_nested.nec,ok,ok,0.039057896472513676,0.0385506646707654,,0
sokyrad/unsorted/2m70cm_moxon_nested_four_masted.nec,ok,ok,0.3396072117611766,0.34098601061850786,0.9960,1
sokyrad/unsorted/40m_efhw-inverted-v_28.6MHz.nec,ok,ok,0.10736803896725178,0.12227947171777487,0.8781,1
sokyrad/unsorted/40m_efhw_L.nec,ok,ok,0.24038711935281754,0.2238865327090025,1.0737,1
sokyrad/unsorted/6m_2m_70cm_moxon-yagi.nec,ok,ok,0.19886708538979292,0.1972456043586135,1.0082,1
sokyrad/unsorted/80m_delta_loop_top10m_bottom1m_quarterwave_feed_3p9MHz.nec,ok,ok,0.9905828731134534,0.994659224525094,0.9959,1
sokyrad/unsorted/80m_delta_loop_top3m_bottom1m_quarterwave_feed_3p9MHz.nec,ok,ok,1.01655706577003,0.978784047998488,1.0386,1
sokyrad/unsorted/80m_efhw-Sloper-L_3.85M.nec,ok,ok,0.2050035521388054,0.20518968254327774,0.9991,1
sokyrad/unsorted/80m_efhw-Sloper-L_7.2375M.nec,ok,ok,0.18902609683573246,0.18922703713178635,0.9989,1
sokyrad/unsorted/80m_efhw-Sloper.nec,ok,ok,0.19664597045630217,0.18849258683621883,1.0433,1
sokyrad/unsorted/80m_efhw_inverted_v.nec,ok,ok,0.15765784122049809,0.12642189022153616,1.2471,1
sokyrad/unsorted/80m_efhw_sloper.nec,ok,ok,0.2437664084136486,0.24585378263145685,0.9915,1
sokyrad/unsorted/80m_full-wave_horiz-L_3.8MHz.nec,ok,ok,0.023582130670547485,0.02393985353410244,,0
sokyrad/unsorted/80m_square_horizontal_loop_65ft_3mm_3p9MHz.nec,ok,ok,1.0133603606373072,0.9951339326798916,1.0183,1
sokyrad/unsorted/K8UY_dipole_2m_original_gamma.nec,ok,ok,0.5986340055242181,0.5965572400018573,1.0035,1
sokyrad/unsorted/K8UY_yagi_2m_original.nec,ok,ok,0.10669810976833105,0.10636036284267902,1.0032,1
sokyrad/unsorted/butternut_hf6v_approx.nec,ok,ok,0.24724201019853354,0.24693706911057234,1.0012,1
sokyrad/unsorted/custom_28_4MHz_hybrid_dipole_invertedV.nec,ok,ok,0.13111036736518145,0.09600352589040995,1.3657,1
sokyrad/unsorted/custom_28_4MHz_hybrid_dipole_invertedV_10mheight_1_8wave.nec,ok,ok,0.0948365144431591,0.09595551062375307,0.9883,1
sokyrad/unsorted/custom_28_4MHz_hybrid_dipole_invertedV_2_5m.nec,ok,ok,0.47596273850649595,0.474182503297925,1.0038,1
sokyrad/unsorted/custom_28_4MHz_hybrid_dipole_invertedV_2_5m_horiz_1_8wave_angled_1_4wave.nec,ok,ok,0.41605488397181034,0.4140256540849805,1.0049,1
sokyrad/unsorted/custom_28_4MHz_hybrid_dipole_invertedV_5_0m.nec,ok,ok,0.4761143112555146,0.4743273966014385,1.0038,1
sokyrad/unsorted/custom_double_inverted_v_10m_28_4MHz_20ft.nec,ok,ok,0.4142824187874794,0.41253152303397655,1.0042,1
sokyrad/unsorted/custom_double_inverted_v_10m_28_4MHz_20ft_same_plane.nec,ok,ok,0.41292078606784344,0.4134675757959485,0.9987,1
sokyrad/unsorted/delta_loop_equilateral_29MHz.nec,ok,ok,0.709793359041214,0.6943939719349146,1.0222,1
sokyrad/unsorted/delta_loop_equilateral_29MHz_bottom_corner_feed.nec,ok,ok,0.6727690231055021,0.6671568527817726,1.0084,1
sokyrad/unsorted/dual_band_stacked_moxon_146_444_50mm_only146driven.nec,ok,ok,0.21982448268681765,0.21965118311345577,1.0008,1
sokyrad/unsorted/fan_dipole_80_40_20_10_6m_20m_height_voltage_balun.nec,ok,ok,4.042444983497262,3.9820811869576573,1.0152,1
sokyrad/unsorted/inverted_v_10m_28_4MHz_20ft.nec,ok,ok,0.4037427147850394,0.4107557591050863,0.9829,1
sokyrad/unsorted/inverted_v_14p225MHz.nec,ok,ok,0.8742056088522077,0.8642526501789689,1.0115,1
sokyrad/unsorted/inverted_v_28p4MHz.nec,ok,ok,0.8647452695295215,0.8470497541129589,1.0209,1
sokyrad/unsorted/inverted_v_3p8MHz.nec,ok,ok,0.9143876638263464,0.9167237766087055,0.9975,1
sokyrad/unsorted/inverted_v_7p2MHz.nec,ok,ok,0.8645794186741114,0.8500660788267851,1.0171,1
sokyrad/unsorted/moxong_2m_single.nec,ok,ok,0.08711637184023857,0.005335425958037376,,0
sokyrad/unsorted/moxong_2m_stacked_common_feed.nec,ok,ok,0.08962816465646029,0.08205700851976871,1.0923,1
sokyrad/unsorted/moxong_2m_stacked_common_feed_0_99lambda.nec,ok,ok,0.01255943812429905,0.07247871719300747,,0
sokyrad/unsorted/simple_10m_inverted_v_10ft.nec,ok,ok,0.5582935195416212,0.5567494006827474,1.0028,1
sokyrad/unsorted/simple_dipole_28_4MHz_10_0m.nec,ok,ok,0.18855516705662012,0.18866837956011295,0.9994,1
sokyrad/unsorted/simple_dipole_28_4MHz_2_5m.nec,ok,ok,0.46459589432924986,0.4630921045318246,1.0032,1
sokyrad/unsorted/simple_dipole_28_4MHz_5_0m.nec,ok,ok,0.4728616289794445,0.4888519560918212,0.9673,1
sokyrad/unsorted/stacked_146MHz_moxon_horizontal.nec,ok,ok,0.3820871915668249,0.3567799460142851,1.0709,1
sokyrad/unsorted/stacked_146MHz_moxon_vertical (1).nec,ok,ok,0.3995225429534912,0.4170782333239913,0.9579,1
sokyrad/unsorted/stacked_146MHz_moxon_vertical.nec,ok,ok,0.3648436050862074,0.358066244982183,1.0189,1
sokyrad/unsorted/stacked_146MHz_moxon_vertical_0_75lambda.nec,ok,ok,0.4466879842802882,0.44147297739982605,1.0118,1
w8io/215DX.nec,ok,ok,0.14903388917446136,0.13949686381965876,1.0684,1
w8io/216CP.nec,ok,ok,0.2633033711463213,0.22188646346330643,1.1867,1
w8io/222_13l_50ohm_yagi_kf6a.nec,ok,ok,0.009390922263264656,0.008817482739686966,,0
w8io/222_15l_50ohm_yagi_kf6a.nec,ok,ok,0.008025090210139751,0.007857519201934338,,0
w8io/2m12L_yagi_kf6a.nec,ok,ok,0.008243145421147346,0.008265848271548748,,0
w8io/6m_7L_1-46WL_yagi.nec,ok,ok,0.0050609782338142395,0.0049768369644880295,,0
w8io/6m_8L_50ohm_yagi_kf6a.nec,ok,ok,0.005251568742096424,0.005141003057360649,,0
w8io/BVO-4WL-144-15.nec,ok,ok,0.03654272761195898,0.03635852225124836,,0
w8io/CC-17B2.nec,ok,ok,0.152429960668087,0.1587314009666443,0.9603,1
w8io/DG7YBN 144_GTV2-14w.nec,ok,ok,0.023807530291378498,0.023723134770989418,,0
w8io/DK7ZB-144-12.nec,ok,ok,0.06621251348406076,0.07215708866715431,0.9176,1
w8io/EF7021.nec,ok,ok,10.96485666744411,10.846782885491848,1.0109,1
w8io/EF7027.nec,ok,ok,17.51213027909398,17.59469966776669,0.9953,1
w8io/FO-25-432.nec,ok,ok,15.210000148043036,15.262856248766184,0.9965,1
w8io/FO-33-432.nec,ok,ok,26.196191454306245,26.260122710838914,0.9976,1
w8io/G0KSC-13LFA.nec,ok,ok,0.2267549354583025,0.22756573278456926,0.9964,1
w8io/G0KSC-14LFA.nec,ok,ok,0.25637120846658945,0.2582545494660735,0.9927,1
w8io/G0KSC-15LFA.nec,ok,ok,0.301202354952693,0.3070076107978821,0.9811,1
w8io/HG-66DX-CW.nec,ok,ok,0.004503149539232254,0.0044327713549137115,,0
w8io/HG7031DX.nec,ok,ok,23.166036401875317,23.417220102623105,0.9893,1
w8io/I0JXX-16JXX2.nec,ok,ok,0.135094597004354,0.14010303001850843,0.9643,1
w8io/IO-432-28.nec,ok,ok,18.857699261046946,18.863765568472445,0.9997,1
w8io/K1FO-222-22.nec,ok,ok,0.16431399807333946,0.11208280641585588,1.4660,1
w8io/K1FO-FO15-144.nec,ok,ok,0.14918638952076435,0.1238855505362153,1.2042,1
w8io/K1FO-FO16-144.nec,ok,ok,0.10321694891899824,0.21732957940548658,0.4749,1
w8io/KF6A-144-18.nec,ok,ok,0.07243960443884134,0.21676698420196772,0.3342,1
w8io/KF6A_6m_7EL_12_5ohm_yagi.nec,ok,ok,0.13351144175976515,0.12130471132695675,1.1006,1
w8io/KF6A_70cm_22L.nec,ok,ok,0.16383457463234663,0.07839544396847486,2.0898,1
w8io/LP140-200-2D.nec,ok,ok,2.696198035031557,2.879123169928789,0.9365,1
w8io/LP144-22.nec,ok,ok,2.2291967812925577,2.183479611761868,1.0209,1
w8io/LP144-35-MAXFB.nec,ok,ok,36.185838440433145,36.26720278710127,0.9978,1
w8io/LP50-108-16.nec,ok,ok,3.373801982961595,3.3364369804039598,1.0112,1
w8io/LogYag220-520-15dbi.nec,ok,ok,36.50095119327307,36.559258786030114,0.9984,1
w8io/M2-222-5WL.nec,ok,ok,0.10830453224480152,0.12948965467512608,0.8364,1
w8io/M2-2M5WL-inch.nec,ok,ok,0.1734336232766509,0.18109299708157778,0.9577,1
w8io/M2-432-9WLA.nec,ok,ok,19.44068838376552,19.291431326419115,1.0077,1
w8io/SM5BSZ-2SA13.nec,ok,ok,0.02629775833338499,0.025398272089660168,,0
w8io/UR5EAZ_144_12_W8IO_opt.nec,ok,ok,0.017432154156267643,0.017782983370125294,,0
w8io/UR5EAZ_144_RS12.nec,ok,ok,0.017272010445594788,0.017959767021238804,,0
w8io/UR5EAZ_RS_2_11_DRAFT.nec,ok,ok,0.015698738396167755,0.015390660613775253,,0
w8io/W8IO-144-13U.nec,ok,ok,0.019067936576902866,0.019187546335160732,,0
w8io/W8IO-144-13a.nec,ok,ok,0.092842573300004,0.09289281349629164,0.9995,1
w8io/W8IO-144-14U.nec,ok,ok,0.020649594254791737,0.02186320722103119,,0
w8io/W8IO-144-14V.nec,ok,ok,0.02329869009554386,0.02556591108441353,,0
w8io/W8IO-144-15U.nec,ok,ok,0.022739561274647713,0.025008780881762505,,0
w8io/W8IO-144-15V.nec,ok,ok,0.02637500688433647,0.027593419887125492,,0
w8io/W8IO-144-15fd.nec,ok,ok,0.29767059069126844,0.29126145225018263,1.0220,1
w8io/W8IO-144-16V.nec,ok,ok,0.029380718246102333,0.0297607509419322,,0
w8io/W8IO-144-17V.nec,ok,ok,0.031782700680196285,0.03329673409461975,,0
w8io/W8IO-222-17.nec,ok,ok,0.15483797620981932,0.1597830317914486,0.9691,1
w8io/W8IO-222-18.nec,ok,ok,0.17503582406789064,0.17332318238914013,1.0099,1
w8io/W8IO-222-19.nec,ok,ok,0.19719660747796297,0.1930400738492608,1.0215,1
w8io/W8IO-222-19V.nec,ok,ok,0.03839884977787733,0.03991666529327631,,0
w8io/W8IO-UR5EAZ-144-16V.nec,ok,ok,0.01592183578759432,0.017253884114325047,,0
w8io/YU7EF EF0606.nec,ok,ok,0.007977421395480633,0.009372547268867493,,0
w8io/YU7EF-EF0213.nec,ok,ok,0.028913889080286026,0.03227494191378355,,0
w8io/YU7EF-EF0215.nec,ok,ok,0.12022843211889267,0.1211329223588109,0.9925,1
w8io/kf6a-144-17.nec,ok,ok,0.010959330014884472,0.010813671164214611,,0
w8io/kf6a-432-27L.nec,ok,ok,0.02151575218886137,0.021669181995093822,,0
w8io/whip_antenna_8ft_groundplane.nec,ok,ok,184.37419014889747,184.95306409150362,0.9969,1
xnec2c-fixtures/sy_comma_format.nec,ok-no-source,ok-no-source,0.0033318214118480682,0.0037968624383211136,,0
xnec2c-fixtures/sy_math_cmnd.nec,ok-no-source,ok-no-source,0.0040974365547299385,0.004471593536436558,,0
xnec2c-fixtures/sy_math_geom.nec,ok-no-source,ok-no-source,0.003398776985704899,0.0038220062851905823,,0
xnec2c-fixtures/sy_separate_cards.nec,ok-no-source,ok-no-source,0.003277425654232502,0.0036721350625157356,,0
xnec2c-fixtures/sy_units_spaces.nec,ok-no-source,ok-no-source,0.003340800292789936,0.0037806034088134766,,0
