1



                                 *********************************************

                                    NUMERICAL ELECTROMAGNETICS CODE (NEC-2D)

                                 *********************************************




                                     - - - - COMMENTS - - - -


                          Multi Band DP (160m,80m,40m,30m,20m,15m,10m)                               
                          Lenghts optimized for 20 meter above average ground                        
                                                                                                     




                                 - - - STRUCTURE SPECIFICATION - - -

                                     COORDINATES MUST BE INPUT IN
                                     METERS OR BE SCALED TO METERS
                                     BEFORE STRUCTURE INPUT IS ENDED


  WIRE                                                                               NO. OF    FIRST  LAST     TAG
  NO.        X1         Y1         Z1          X2         Y2         Z2      RADIUS   SEG.     SEG.   SEG.     NO.
     1    0.00000   -2.52905   20.00000     0.00000    2.52905   20.00000    0.00100     11        1    11       1
     2    0.00000   -2.52905   20.00000     0.00000   -2.72905   20.00000    0.00100      1       12    12      11
     3    0.00000    2.52905   20.00000     0.00000    2.72905   20.00000    0.00100      1       13    13      12
     4    0.00000   -2.72905   20.00000     0.00000   -3.06374   20.00000    0.00100      2       14    15       2
     5    0.00000    2.72905   20.00000     0.00000    3.06374   20.00000    0.00100      2       16    17       3
     6    0.00000   -3.06374   20.00000     0.00000   -3.26374   20.00000    0.00100      1       18    18      21
     7    0.00000    3.06374   20.00000     0.00000    3.26374   20.00000    0.00100      1       19    19      31
     8    0.00000   -3.26374   20.00000     0.00000   -3.79051   20.00000    0.00100      2       20    21       4
     9    0.00000    3.26374   20.00000     0.00000    3.79051   20.00000    0.00100      2       22    23       5
    10    0.00000   -3.79051   20.00000     0.00000   -3.99051   20.00000    0.00100      1       24    24      41
    11    0.00000    3.79051   20.00000     0.00000    3.99051   20.00000    0.00100      1       25    25      51
    12    0.00000   -3.99051   20.00000     0.00000   -4.50467   20.00000    0.00100      2       26    27       6
    13    0.00000    3.99051   20.00000     0.00000    4.50467   20.00000    0.00100      2       28    29       7
    14    0.00000   -4.50467   20.00000     0.00000   -4.70467   20.00000    0.00100      1       30    30      61
    15    0.00000    4.50467   20.00000     0.00000    4.70467   20.00000    0.00100      1       31    31      71
    16    0.00000   -4.70467   20.00000     0.00000   -5.50794   20.00000    0.00100      2       32    33       8
    17    0.00000    4.70467   20.00000     0.00000    5.50794   20.00000    0.00100      2       34    35       9
    18    0.00000   -5.50794   20.00000     0.00000   -5.70794   20.00000    0.00100      1       36    36      81
    19    0.00000    5.50794   20.00000     0.00000    5.70794   20.00000    0.00100      1       37    37      91
    20    0.00000   -5.70794   20.00000     0.00000   -7.32175   20.00000    0.00100      4       38    41      10
    21    0.00000    5.70794   20.00000     0.00000    7.32175   20.00000    0.00100      4       42    45      11
    22    0.00000   -7.32175   20.00000     0.00000   -7.52175   20.00000    0.00100      1       46    46     101
    23    0.00000    7.32175   20.00000     0.00000    7.52175   20.00000    0.00100      1       47    47     111
    24    0.00000   -7.52175   20.00000     0.00000   -9.93862   20.00000    0.00100      6       48    53      12
    25    0.00000    7.52175   20.00000     0.00000    9.93862   20.00000    0.00100      6       54    59      13

   TOTAL SEGMENTS USED=   59     NO. SEG. IN A SYMMETRIC CELL=   59     SYMMETRY FLAG=  0


         - MULTIPLE WIRE JUNCTIONS -
 JUNCTION    SEGMENTS  (- FOR END 1, + FOR END 2)
  NONE




                                 - - - - SEGMENTATION DATA - - - -

                                        COORDINATES IN METERS

                         I+ AND I- INDICATE THE SEGMENTS BEFORE AND AFTER I


  SEG.   COORDINATES OF SEG. CENTER     SEG.     ORIENTATION ANGLES    WIRE    CONNECTION DATA   TAG
  NO.       X         Y         Z       LENGTH     ALPHA     BETA      RADIUS    I-   I    I+    NO.
     1   0.00000  -2.29914  20.00000   0.45983    0.00000  90.00000   0.00100   -12    1    2      1
     2   0.00000  -1.83931  20.00000   0.45983    0.00000  90.00000   0.00100     1    2    3      1
     3   0.00000  -1.37948  20.00000   0.45983    0.00000  90.00000   0.00100     2    3    4      1
     4   0.00000  -0.91965  20.00000   0.45983    0.00000  90.00000   0.00100     3    4    5      1
     5   0.00000  -0.45983  20.00000   0.45983    0.00000  90.00000   0.00100     4    5    6      1
     6   0.00000   0.00000  20.00000   0.45983    0.00000  90.00000   0.00100     5    6    7      1
     7   0.00000   0.45983  20.00000   0.45983    0.00000  90.00000   0.00100     6    7    8      1
     8   0.00000   0.91965  20.00000   0.45983    0.00000  90.00000   0.00100     7    8    9      1
     9   0.00000   1.37948  20.00000   0.45983    0.00000  90.00000   0.00100     8    9   10      1
    10   0.00000   1.83931  20.00000   0.45983    0.00000  90.00000   0.00100     9   10   11      1
    11   0.00000   2.29914  20.00000   0.45983    0.00000  90.00000   0.00100    10   11   13      1
    12   0.00000  -2.62905  20.00000   0.20000    0.00000 -90.00000   0.00100    -1   12   14     11
    13   0.00000   2.62905  20.00000   0.20000    0.00000  90.00000   0.00100    11   13   16     12
    14   0.00000  -2.81272  20.00000   0.16735    0.00000 -90.00000   0.00100    12   14   15      2
    15   0.00000  -2.98007  20.00000   0.16735    0.00000 -90.00000   0.00100    14   15   18      2
    16   0.00000   2.81272  20.00000   0.16735    0.00000  90.00000   0.00100    13   16   17      3
    17   0.00000   2.98007  20.00000   0.16735    0.00000  90.00000   0.00100    16   17   19      3
    18   0.00000  -3.16374  20.00000   0.20000    0.00000 -90.00000   0.00100    15   18   20     21
    19   0.00000   3.16374  20.00000   0.20000    0.00000  90.00000   0.00100    17   19   22     31
    20   0.00000  -3.39543  20.00000   0.26338    0.00000 -90.00000   0.00100    18   20   21      4
    21   0.00000  -3.65882  20.00000   0.26338    0.00000 -90.00000   0.00100    20   21   24      4
    22   0.00000   3.39543  20.00000   0.26338    0.00000  90.00000   0.00100    19   22   23      5
    23   0.00000   3.65882  20.00000   0.26338    0.00000  90.00000   0.00100    22   23   25      5
    24   0.00000  -3.89051  20.00000   0.20000    0.00000 -90.00000   0.00100    21   24   26     41
    25   0.00000   3.89051  20.00000   0.20000    0.00000  90.00000   0.00100    23   25   28     51
    26   0.00000  -4.11905  20.00000   0.25708    0.00000 -90.00000   0.00100    24   26   27      6
    27   0.00000  -4.37613  20.00000   0.25708    0.00000 -90.00000   0.00100    26   27   30      6
    28   0.00000   4.11905  20.00000   0.25708    0.00000  90.00000   0.00100    25   28   29      7
    29   0.00000   4.37613  20.00000   0.25708    0.00000  90.00000   0.00100    28   29   31      7
    30   0.00000  -4.60467  20.00000   0.20000    0.00000 -90.00000   0.00100    27   30   32     61
    31   0.00000   4.60467  20.00000   0.20000    0.00000  90.00000   0.00100    29   31   34     71
    32   0.00000  -4.90549  20.00000   0.40164    0.00000 -90.00000   0.00100    30   32   33      8
    33   0.00000  -5.30712  20.00000   0.40164    0.00000 -90.00000   0.00100    32   33   36      8
    34   0.00000   4.90549  20.00000   0.40164    0.00000  90.00000   0.00100    31   34   35      9
    35   0.00000   5.30712  20.00000   0.40164    0.00000  90.00000   0.00100    34   35   37      9
    36   0.00000  -5.60794  20.00000   0.20000    0.00000 -90.00000   0.00100    33   36   38     81
    37   0.00000   5.60794  20.00000   0.20000    0.00000  90.00000   0.00100    35   37   42     91
    38   0.00000  -5.90967  20.00000   0.40345    0.00000 -90.00000   0.00100    36   38   39     10
    39   0.00000  -6.31312  20.00000   0.40345    0.00000 -90.00000   0.00100    38   39   40     10
    40   0.00000  -6.71657  20.00000   0.40345    0.00000 -90.00000   0.00100    39   40   41     10
    41   0.00000  -7.12003  20.00000   0.40345    0.00000 -90.00000   0.00100    40   41   46     10
    42   0.00000   5.90967  20.00000   0.40345    0.00000  90.00000   0.00100    37   42   43     11
    43   0.00000   6.31312  20.00000   0.40345    0.00000  90.00000   0.00100    42   43   44     11
    44   0.00000   6.71657  20.00000   0.40345    0.00000  90.00000   0.00100    43   44   45     11
    45   0.00000   7.12003  20.00000   0.40345    0.00000  90.00000   0.00100    44   45   47     11
    46   0.00000  -7.42175  20.00000   0.20000    0.00000 -90.00000   0.00100    41   46   48    101
    47   0.00000   7.42175  20.00000   0.20000    0.00000  90.00000   0.00100    45   47   54    111
    48   0.00000  -7.72316  20.00000   0.40281    0.00000 -90.00000   0.00100    46   48   49     12
    49   0.00000  -8.12597  20.00000   0.40281    0.00000 -90.00000   0.00100    48   49   50     12
    50   0.00000  -8.52878  20.00000   0.40281    0.00000 -90.00000   0.00100    49   50   51     12
    51   0.00000  -8.93159  20.00000   0.40281    0.00000 -90.00000   0.00100    50   51   52     12
    52   0.00000  -9.33440  20.00000   0.40281    0.00000 -90.00000   0.00100    51   52   53     12
    53   0.00000  -9.73721  20.00000   0.40281    0.00000 -90.00000   0.00100    52   53    0     12
    54   0.00000   7.72316  20.00000   0.40281    0.00000  90.00000   0.00100    47   54   55     13
    55   0.00000   8.12597  20.00000   0.40281    0.00000  90.00000   0.00100    54   55   56     13
    56   0.00000   8.52878  20.00000   0.40281    0.00000  90.00000   0.00100    55   56   57     13
    57   0.00000   8.93159  20.00000   0.40281    0.00000  90.00000   0.00100    56   57   58     13
    58   0.00000   9.33440  20.00000   0.40281    0.00000  90.00000   0.00100    57   58   59     13
    59   0.00000   9.73721  20.00000   0.40281    0.00000  90.00000   0.00100    58   59    0     13






 ***** DATA CARD NO.  1   GN   2     0     0     0  1.30000E+01  5.00000E-03  0.00000E+00  0.00000E+00  0.00000E+00  0.00000E+00
 ***** DATA CARD NO.  2   EX   0     1     6     0  1.00000E+00  0.00000E+00  0.00000E+00  0.00000E+00  0.00000E+00  0.00000E+00
 ***** DATA CARD NO.  3   LD   1    11     1     1  2.57565E+03  2.14621E-06  1.50000E-11  0.00000E+00  0.00000E+00  0.00000E+00
 ***** DATA CARD NO.  4   LD   1    12     1     1  2.57565E+03  2.14621E-06  1.50000E-11  0.00000E+00  0.00000E+00  0.00000E+00
 ***** DATA CARD NO.  5   LD   1    21     1     1  6.59755E+03  5.49755E-06  1.04000E-11  0.00000E+00  0.00000E+00  0.00000E+00
 ***** DATA CARD NO.  6   LD   1    31     1     1  6.59755E+03  5.49755E-06  1.04000E-11  0.00000E+00  0.00000E+00  0.00000E+00
 ***** DATA CARD NO.  7   LD   1    41     1     1  9.53566E+03  7.94579E-06  1.61500E-11  0.00000E+00  0.00000E+00  0.00000E+00
 ***** DATA CARD NO.  8   LD   1    51     1     1  9.53566E+03  7.94579E-06  1.61500E-11  0.00000E+00  0.00000E+00  0.00000E+00
 ***** DATA CARD NO.  9   LD   1    61     1     1  1.48718E+04  1.23922E-05  2.00000E-11  0.00000E+00  0.00000E+00  0.00000E+00
 ***** DATA CARD NO. 10   LD   1    71     1     1  1.48718E+04  1.23922E-05  2.00000E-11  0.00000E+00  0.00000E+00  0.00000E+00
 ***** DATA CARD NO. 11   LD   1    81     1     1  8.83821E+04  7.36464E-05  7.00000E-12  0.00000E+00  0.00000E+00  0.00000E+00
 ***** DATA CARD NO. 12   LD   1    91     1     1  8.83821E+04  7.36464E-05  7.00000E-12  0.00000E+00  0.00000E+00  0.00000E+00
 ***** DATA CARD NO. 13   LD   1   101     1     1  1.77535E+05  1.47935E-04  1.39000E-11  0.00000E+00  0.00000E+00  0.00000E+00
 ***** DATA CARD NO. 14   LD   1   111     1     1  1.77535E+05  1.47935E-04  1.39000E-11  0.00000E+00  0.00000E+00  0.00000E+00
 ***** DATA CARD NO. 15   FR   0     1     0     0  1.91000E+00  0.00000E+00  0.00000E+00  0.00000E+00  0.00000E+00  0.00000E+00
 ***** DATA CARD NO. 16   XQ   0     0     0     0  0.00000E+00  0.00000E+00  0.00000E+00  0.00000E+00  0.00000E+00  0.00000E+00




                                 - - - - - - FREQUENCY - - - - - -

                                    FREQUENCY= 1.9100E+00 MHZ
                                    WAVELENGTH= 1.5696E+02 METERS




                    APPROXIMATE INTEGRATION EMPLOYED FOR SEGMENTS MORE THAN   1.000 WAVELENGTHS APART



                               - - - STRUCTURE IMPEDANCE LOADING - - -


       LOCATION          RESISTANCE   INDUCTANCE  CAPACITANCE       IMPEDANCE (OHMS)     CONDUCTIVITY    TYPE
    ITAG FROM THRU          OHMS        HENRYS       FARADS        REAL      IMAGINARY    MHOS/METER

      11    1    1      2.5757E+03   2.1462E-06   1.5000E-11                                          PARALLEL

      12    1    1      2.5757E+03   2.1462E-06   1.5000E-11                                          PARALLEL

      21    1    1      6.5976E+03   5.4976E-06   1.0400E-11                                          PARALLEL

      31    1    1      6.5976E+03   5.4976E-06   1.0400E-11                                          PARALLEL

      41    1    1      9.5357E+03   7.9458E-06   1.6150E-11                                          PARALLEL

      51    1    1      9.5357E+03   7.9458E-06   1.6150E-11                                          PARALLEL

      61    1    1      1.4872E+04   1.2392E-05   2.0000E-11                                          PARALLEL

      71    1    1      1.4872E+04   1.2392E-05   2.0000E-11                                          PARALLEL

      81    1    1      8.8382E+04   7.3646E-05   7.0000E-12                                          PARALLEL

      91    1    1      8.8382E+04   7.3646E-05   7.0000E-12                                          PARALLEL

     101    1    1      1.7754E+05   1.4794E-04   1.3900E-11                                          PARALLEL

     111    1    1      1.7754E+05   1.4794E-04   1.3900E-11                                          PARALLEL



                                  - - - ANTENNA ENVIRONMENT - - -

                                        FINITE GROUND.  SOMMERFELD SOLUTION
                                        RELATIVE DIELECTRIC CONST.= 13.000
                                        CONDUCTIVITY= 5.000E-03 MHOS/METER
                                        COMPLEX DIELECTRIC CONSTANT= 1.30000E+01-4.70576E+01



                                - - - MATRIX TIMING - - -

                        FILL=    0.016 SEC.,  FACTOR=    0.000 SEC.



                                          - - - ANTENNA INPUT PARAMETERS - - -

   TAG   SEG.    VOLTAGE (VOLTS)         CURRENT (AMPS)         IMPEDANCE (OHMS)        ADMITTANCE (MHOS)      POWER
   NO.   NO.    REAL        IMAG.       REAL        IMAG.       REAL        IMAG.       REAL        IMAG.     (WATTS)
     1     6 1.00000E+00 0.00000E+00 1.26980E-02 4.59585E-04 7.86498E+01-2.84662E+00 1.26980E-02 4.59585E-04 6.34898E-03



                             - - - CURRENTS AND LOCATION - - -

                                 DISTANCES IN WAVELENGTHS


  SEG.  TAG    COORD. OF SEG. CENTER     SEG.            - - - CURRENT (AMPS) - - -
  NO.   NO.     X        Y        Z      LENGTH     REAL        IMAG.       MAG.        PHASE
     1    1   0.0000  -0.0146   0.1274  0.00293   1.2711E-02  3.5996E-04  1.2716E-02    1.622
     2    1   0.0000  -0.0117   0.1274  0.00293   1.2705E-02  3.7901E-04  1.2711E-02    1.709
     3    1   0.0000  -0.0088   0.1274  0.00293   1.2701E-02  3.9858E-04  1.2708E-02    1.797
     4    1   0.0000  -0.0059   0.1274  0.00293   1.2699E-02  4.1894E-04  1.2706E-02    1.889
     5    1   0.0000  -0.0029   0.1274  0.00293   1.2698E-02  4.4089E-04  1.2706E-02    1.989
     6    1   0.0000   0.0000   0.1274  0.00293   1.2698E-02  4.5959E-04  1.2706E-02    2.073
     7    1   0.0000   0.0029   0.1274  0.00293   1.2698E-02  4.4089E-04  1.2706E-02    1.989
     8    1   0.0000   0.0059   0.1274  0.00293   1.2699E-02  4.1894E-04  1.2706E-02    1.889
     9    1   0.0000   0.0088   0.1274  0.00293   1.2701E-02  3.9858E-04  1.2708E-02    1.797
    10    1   0.0000   0.0117   0.1274  0.00293   1.2705E-02  3.7901E-04  1.2711E-02    1.709
    11    1   0.0000   0.0146   0.1274  0.00293   1.2711E-02  3.5996E-04  1.2716E-02    1.622
    12   11   0.0000  -0.0167   0.1274  0.00127  -1.2718E-02 -3.4654E-04  1.2723E-02 -178.439
    13   12   0.0000   0.0167   0.1274  0.00127   1.2718E-02  3.4654E-04  1.2723E-02    1.561
    14    2   0.0000  -0.0179   0.1274  0.00107  -1.2717E-02 -3.3904E-04  1.2721E-02 -178.473
    15    2   0.0000  -0.0190   0.1274  0.00107  -1.2717E-02 -3.3225E-04  1.2721E-02 -178.503
    16    3   0.0000   0.0179   0.1274  0.00107   1.2717E-02  3.3904E-04  1.2721E-02    1.527
    17    3   0.0000   0.0190   0.1274  0.00107   1.2717E-02  3.3225E-04  1.2721E-02    1.497
    18   21   0.0000  -0.0202   0.1274  0.00127  -1.2716E-02 -3.2482E-04  1.2720E-02 -178.537
    19   31   0.0000   0.0202   0.1274  0.00127   1.2716E-02  3.2482E-04  1.2720E-02    1.463
    20    4   0.0000  -0.0216   0.1274  0.00168  -1.2699E-02 -3.1522E-04  1.2703E-02 -178.578
    21    4   0.0000  -0.0233   0.1274  0.00168  -1.2681E-02 -3.0438E-04  1.2685E-02 -178.625
    22    5   0.0000   0.0216   0.1274  0.00168   1.2699E-02  3.1522E-04  1.2703E-02    1.422
    23    5   0.0000   0.0233   0.1274  0.00168   1.2681E-02  3.0438E-04  1.2685E-02    1.375
    24   41   0.0000  -0.0248   0.1274  0.00127  -1.2667E-02 -2.9490E-04  1.2671E-02 -178.666
    25   51   0.0000   0.0248   0.1274  0.00127   1.2667E-02  2.9490E-04  1.2671E-02    1.334
    26    6   0.0000  -0.0262   0.1274  0.00164  -1.2629E-02 -2.8524E-04  1.2632E-02 -178.706
    27    6   0.0000  -0.0279   0.1274  0.00164  -1.2590E-02 -2.7444E-04  1.2593E-02 -178.751
    28    7   0.0000   0.0262   0.1274  0.00164   1.2629E-02  2.8524E-04  1.2632E-02    1.294
    29    7   0.0000   0.0279   0.1274  0.00164   1.2590E-02  2.7444E-04  1.2593E-02    1.249
    30   61   0.0000  -0.0293   0.1274  0.00127  -1.2557E-02 -2.6488E-04  1.2560E-02 -178.792
    31   71   0.0000   0.0293   0.1274  0.00127   1.2557E-02  2.6488E-04  1.2560E-02    1.208
    32    8   0.0000  -0.0313   0.1274  0.00256  -1.2463E-02 -2.5175E-04  1.2466E-02 -178.843
    33    8   0.0000  -0.0338   0.1274  0.00256  -1.2359E-02 -2.3440E-04  1.2362E-02 -178.913
    34    9   0.0000   0.0313   0.1274  0.00256   1.2463E-02  2.5175E-04  1.2466E-02    1.157
    35    9   0.0000   0.0338   0.1274  0.00256   1.2359E-02  2.3440E-04  1.2362E-02    1.087
    36   81   0.0000  -0.0357   0.1274  0.00127  -1.2283E-02 -2.2143E-04  1.2285E-02 -178.967
    37   91   0.0000   0.0357   0.1274  0.00127   1.2283E-02  2.2143E-04  1.2285E-02    1.033
    38   10   0.0000  -0.0376   0.1274  0.00257  -1.1846E-02 -2.0581E-04  1.1848E-02 -179.005
    39   10   0.0000  -0.0402   0.1274  0.00257  -1.1265E-02 -1.8491E-04  1.1266E-02 -179.060
    40   10   0.0000  -0.0428   0.1274  0.00257  -1.0721E-02 -1.6414E-04  1.0722E-02 -179.123
    41   10   0.0000  -0.0454   0.1274  0.00257  -1.0227E-02 -1.4337E-04  1.0228E-02 -179.197
    42   11   0.0000   0.0376   0.1274  0.00257   1.1846E-02  2.0581E-04  1.1848E-02    0.995
    43   11   0.0000   0.0402   0.1274  0.00257   1.1265E-02  1.8491E-04  1.1266E-02    0.940
    44   11   0.0000   0.0428   0.1274  0.00257   1.0721E-02  1.6414E-04  1.0722E-02    0.877
    45   11   0.0000   0.0454   0.1274  0.00257   1.0227E-02  1.4337E-04  1.0228E-02    0.803
    46  101   0.0000  -0.0473   0.1274  0.00127  -9.8477E-03 -1.2785E-04  9.8486E-03 -179.256
    47  111   0.0000   0.0473   0.1274  0.00127   9.8477E-03  1.2785E-04  9.8486E-03    0.744
    48   12   0.0000  -0.0492   0.1274  0.00257  -8.6957E-03 -1.1327E-04  8.6964E-03 -179.254
    49   12   0.0000  -0.0518   0.1274  0.00257  -7.1379E-03 -9.3741E-05  7.1385E-03 -179.248
    50   12   0.0000  -0.0543   0.1274  0.00257  -5.6126E-03 -7.4021E-05  5.6131E-03 -179.244
    51   12   0.0000  -0.0569   0.1274  0.00257  -4.0872E-03 -5.4047E-05  4.0876E-03 -179.242
    52   12   0.0000  -0.0595   0.1274  0.00257  -2.5394E-03 -3.3639E-05  2.5396E-03 -179.241
    53   12   0.0000  -0.0620   0.1274  0.00257  -9.1088E-04 -1.2080E-05  9.1096E-04 -179.240
    54   13   0.0000   0.0492   0.1274  0.00257   8.6957E-03  1.1327E-04  8.6964E-03    0.746
    55   13   0.0000   0.0518   0.1274  0.00257   7.1379E-03  9.3741E-05  7.1385E-03    0.752
    56   13   0.0000   0.0543   0.1274  0.00257   5.6126E-03  7.4021E-05  5.6131E-03    0.756
    57   13   0.0000   0.0569   0.1274  0.00257   4.0872E-03  5.4047E-05  4.0876E-03    0.758
    58   13   0.0000   0.0595   0.1274  0.00257   2.5394E-03  3.3639E-05  2.5396E-03    0.759
    59   13   0.0000   0.0620   0.1274  0.00257   9.1088E-04  1.2080E-05  9.1096E-04    0.760



                                        - - - POWER BUDGET - - -

                                           INPUT POWER   = 6.3490E-03 WATTS
                                           RADIATED POWER= 7.5583E-04 WATTS
                                           STRUCTURE LOSS= 5.5932E-03 WATTS
                                           NETWORK LOSS  = 0.0000E+00 WATTS
                                           EFFICIENCY    =  11.90 PERCENT






 ***** DATA CARD NO. 17   FR   0    30     0     0  1.00000E+00  1.00000E+00  0.00000E+00  0.00000E+00  0.00000E+00  0.00000E+00
 ***** DATA CARD NO. 18   RP   0    37     1  1000 -9.00000E+01  0.00000E+00  5.00000E+00  0.00000E+00  0.00000E+00  0.00000E+00




                                 - - - - - - FREQUENCY - - - - - -

                                    FREQUENCY= 1.0000E+00 MHZ
                                    WAVELENGTH= 2.9980E+02 METERS




                    APPROXIMATE INTEGRATION EMPLOYED FOR SEGMENTS MORE THAN   1.000 WAVELENGTHS APART



                               - - - STRUCTURE IMPEDANCE LOADING - - -


       LOCATION          RESISTANCE   INDUCTANCE  CAPACITANCE       IMPEDANCE (OHMS)     CONDUCTIVITY    TYPE
    ITAG FROM THRU          OHMS        HENRYS       FARADS        REAL      IMAGINARY    MHOS/METER

      11    1    1      2.5757E+03   2.1462E-06   1.5000E-11                                          PARALLEL

      12    1    1      2.5757E+03   2.1462E-06   1.5000E-11                                          PARALLEL

      21    1    1      6.5976E+03   5.4976E-06   1.0400E-11                                          PARALLEL

      31    1    1      6.5976E+03   5.4976E-06   1.0400E-11                                          PARALLEL

      41    1    1      9.5357E+03   7.9458E-06   1.6150E-11                                          PARALLEL

      51    1    1      9.5357E+03   7.9458E-06   1.6150E-11                                          PARALLEL

      61    1    1      1.4872E+04   1.2392E-05   2.0000E-11                                          PARALLEL

      71    1    1      1.4872E+04   1.2392E-05   2.0000E-11                                          PARALLEL

      81    1    1      8.8382E+04   7.3646E-05   7.0000E-12                                          PARALLEL

      91    1    1      8.8382E+04   7.3646E-05   7.0000E-12                                          PARALLEL

     101    1    1      1.7754E+05   1.4794E-04   1.3900E-11                                          PARALLEL

     111    1    1      1.7754E+05   1.4794E-04   1.3900E-11                                          PARALLEL



                                  - - - ANTENNA ENVIRONMENT - - -

                                        FINITE GROUND.  SOMMERFELD SOLUTION
                                        RELATIVE DIELECTRIC CONST.= 13.000
                                        CONDUCTIVITY= 5.000E-03 MHOS/METER
                                        COMPLEX DIELECTRIC CONSTANT= 1.30000E+01-8.98800E+01



                                - - - MATRIX TIMING - - -

                        FILL=    0.016 SEC.,  FACTOR=    0.000 SEC.



                                          - - - ANTENNA INPUT PARAMETERS - - -

   TAG   SEG.    VOLTAGE (VOLTS)         CURRENT (AMPS)         IMPEDANCE (OHMS)        ADMITTANCE (MHOS)      POWER
   NO.   NO.    REAL        IMAG.       REAL        IMAG.       REAL        IMAG.       REAL        IMAG.     (WATTS)
     1     6 1.00000E+00 0.00000E+00 2.15475E-07 2.39193E-04 3.76617E+00-4.18072E+03 2.15475E-07 2.39193E-04 1.07738E-07



                             - - - CURRENTS AND LOCATION - - -

                                 DISTANCES IN WAVELENGTHS


  SEG.  TAG    COORD. OF SEG. CENTER     SEG.            - - - CURRENT (AMPS) - - -
  NO.   NO.     X        Y        Z      LENGTH     REAL        IMAG.       MAG.        PHASE
     1    1   0.0000  -0.0077   0.0667  0.00153   2.1507E-07  1.8716E-04  1.8716E-04   89.934
     2    1   0.0000  -0.0061   0.0667  0.00153   2.1518E-07  1.9710E-04  1.9710E-04   89.937
     3    1   0.0000  -0.0046   0.0667  0.00153   2.1530E-07  2.0731E-04  2.0731E-04   89.940
     4    1   0.0000  -0.0031   0.0667  0.00153   2.1539E-07  2.1794E-04  2.1794E-04   89.943
     5    1   0.0000  -0.0015   0.0667  0.00153   2.1545E-07  2.2941E-04  2.2941E-04   89.946
     6    1   0.0000   0.0000   0.0667  0.00153   2.1548E-07  2.3919E-04  2.3919E-04   89.948
     7    1   0.0000   0.0015   0.0667  0.00153   2.1545E-07  2.2941E-04  2.2941E-04   89.946
     8    1   0.0000   0.0031   0.0667  0.00153   2.1539E-07  2.1794E-04  2.1794E-04   89.943
     9    1   0.0000   0.0046   0.0667  0.00153   2.1530E-07  2.0731E-04  2.0731E-04   89.940
    10    1   0.0000   0.0061   0.0667  0.00153   2.1518E-07  1.9710E-04  1.9710E-04   89.937
    11    1   0.0000   0.0077   0.0667  0.00153   2.1507E-07  1.8716E-04  1.8716E-04   89.934
    12   11   0.0000  -0.0088   0.0667  0.00067  -2.1500E-07 -1.8016E-04  1.8016E-04  -90.068
    13   12   0.0000   0.0088   0.0667  0.00067   2.1500E-07  1.8016E-04  1.8016E-04   89.932
    14    2   0.0000  -0.0094   0.0667  0.00056  -2.1482E-07 -1.7628E-04  1.7628E-04  -90.070
    15    2   0.0000  -0.0099   0.0667  0.00056  -2.1466E-07 -1.7276E-04  1.7276E-04  -90.071
    16    3   0.0000   0.0094   0.0667  0.00056   2.1482E-07  1.7628E-04  1.7628E-04   89.930
    17    3   0.0000   0.0099   0.0667  0.00056   2.1466E-07  1.7276E-04  1.7276E-04   89.929
    18   21   0.0000  -0.0106   0.0667  0.00067  -2.1447E-07 -1.6891E-04  1.6891E-04  -90.073
    19   31   0.0000   0.0106   0.0667  0.00067   2.1447E-07  1.6891E-04  1.6891E-04   89.927
    20    4   0.0000  -0.0113   0.0667  0.00088  -2.1382E-07 -1.6402E-04  1.6402E-04  -90.075
    21    4   0.0000  -0.0122   0.0667  0.00088  -2.1309E-07 -1.5850E-04  1.5850E-04  -90.077
    22    5   0.0000   0.0113   0.0667  0.00088   2.1382E-07  1.6402E-04  1.6402E-04   89.925
    23    5   0.0000   0.0122   0.0667  0.00088   2.1309E-07  1.5850E-04  1.5850E-04   89.923
    24   41   0.0000  -0.0130   0.0667  0.00067  -2.1247E-07 -1.5367E-04  1.5367E-04  -90.079
    25   51   0.0000   0.0130   0.0667  0.00067   2.1247E-07  1.5367E-04  1.5367E-04   89.921
    26    6   0.0000  -0.0137   0.0667  0.00086  -2.1129E-07 -1.4884E-04  1.4884E-04  -90.081
    27    6   0.0000  -0.0146   0.0667  0.00086  -2.1001E-07 -1.4343E-04  1.4343E-04  -90.084
    28    7   0.0000   0.0137   0.0667  0.00086   2.1129E-07  1.4884E-04  1.4884E-04   89.919
    29    7   0.0000   0.0146   0.0667  0.00086   2.1001E-07  1.4343E-04  1.4343E-04   89.916
    30   61   0.0000  -0.0154   0.0667  0.00067  -2.0890E-07 -1.3864E-04  1.3864E-04  -90.086
    31   71   0.0000   0.0154   0.0667  0.00067   2.0890E-07  1.3864E-04  1.3864E-04   89.914
    32    8   0.0000  -0.0164   0.0667  0.00134  -2.0637E-07 -1.3220E-04  1.3220E-04  -90.089
    33    8   0.0000  -0.0177   0.0667  0.00134  -2.0331E-07 -1.2368E-04  1.2368E-04  -90.094
    34    9   0.0000   0.0164   0.0667  0.00134   2.0637E-07  1.3220E-04  1.3220E-04   89.911
    35    9   0.0000   0.0177   0.0667  0.00134   2.0331E-07  1.2368E-04  1.2368E-04   89.906
    36   81   0.0000  -0.0187   0.0667  0.00067  -2.0101E-07 -1.1730E-04  1.1730E-04  -90.098
    37   91   0.0000   0.0187   0.0667  0.00067   2.0101E-07  1.1730E-04  1.1730E-04   89.902
    38   10   0.0000  -0.0197   0.0667  0.00135  -1.9236E-07 -1.1002E-04  1.1002E-04  -90.100
    39   10   0.0000  -0.0211   0.0667  0.00135  -1.8077E-07 -1.0029E-04  1.0029E-04  -90.103
    40   10   0.0000  -0.0224   0.0667  0.00135  -1.6969E-07 -9.0636E-05  9.0637E-05  -90.107
    41   10   0.0000  -0.0237   0.0667  0.00135  -1.5919E-07 -8.1047E-05  8.1047E-05  -90.113
    42   11   0.0000   0.0197   0.0667  0.00135   1.9236E-07  1.1002E-04  1.1002E-04   89.900
    43   11   0.0000   0.0211   0.0667  0.00135   1.8077E-07  1.0029E-04  1.0029E-04   89.897
    44   11   0.0000   0.0224   0.0667  0.00135   1.6969E-07  9.0636E-05  9.0637E-05   89.893
    45   11   0.0000   0.0237   0.0667  0.00135   1.5919E-07  8.1047E-05  8.1047E-05   89.887
    46  101   0.0000  -0.0248   0.0667  0.00067  -1.5120E-07 -7.3846E-05  7.3847E-05  -90.117
    47  111   0.0000   0.0248   0.0667  0.00067   1.5120E-07  7.3846E-05  7.3847E-05   89.883
    48   12   0.0000  -0.0258   0.0667  0.00134  -1.3375E-07 -6.5414E-05  6.5414E-05  -90.117
    49   12   0.0000  -0.0271   0.0667  0.00134  -1.1014E-07 -5.4066E-05  5.4066E-05  -90.117
    50   12   0.0000  -0.0284   0.0667  0.00134  -8.6822E-08 -4.2686E-05  4.2686E-05  -90.117
    51   12   0.0000  -0.0298   0.0667  0.00134  -6.3373E-08 -3.1177E-05  3.1178E-05  -90.116
    52   12   0.0000  -0.0311   0.0667  0.00134  -3.9462E-08 -1.9417E-05  1.9417E-05  -90.116
    53   12   0.0000  -0.0325   0.0667  0.00134  -1.4186E-08 -6.9784E-06  6.9784E-06  -90.116
    54   13   0.0000   0.0258   0.0667  0.00134   1.3375E-07  6.5414E-05  6.5414E-05   89.883
    55   13   0.0000   0.0271   0.0667  0.00134   1.1014E-07  5.4066E-05  5.4066E-05   89.883
    56   13   0.0000   0.0284   0.0667  0.00134   8.6822E-08  4.2686E-05  4.2686E-05   89.883
    57   13   0.0000   0.0298   0.0667  0.00134   6.3373E-08  3.1177E-05  3.1178E-05   89.884
    58   13   0.0000   0.0311   0.0667  0.00134   3.9462E-08  1.9417E-05  1.9417E-05   89.884
    59   13   0.0000   0.0325   0.0667  0.00134   1.4186E-08  6.9784E-06  6.9784E-06   89.884



                                        - - - POWER BUDGET - - -

                                           INPUT POWER   = 1.0774E-07 WATTS
                                           RADIATED POWER= 1.9861E-08 WATTS
                                           STRUCTURE LOSS= 8.7876E-08 WATTS
                                           NETWORK LOSS  = 0.0000E+00 WATTS
                                           EFFICIENCY    =  18.43 PERCENT



                                                - - - RADIATION PATTERNS - - -

  - - ANGLES - -           - POWER GAINS -       - - - POLARIZATION - - -    - - - E(THETA) - - -    - - - E(PHI) - - -
  THETA     PHI        VERT.   HOR.    TOTAL      AXIAL     TILT   SENSE     MAGNITUDE    PHASE      MAGNITUDE    PHASE 
 DEGREES  DEGREES       DB      DB      DB        RATIO     DEG.              VOLTS/M    DEGREES      VOLTS/M    DEGREES
  -90.00     0.00    -999.99 -999.99 -999.99    0.00000     0.00            0.00000E+00     0.00    8.01275E-15   -99.27
  -85.00     0.00    -999.99  -25.44  -25.44    0.00000    90.00  LINEAR    0.00000E+00     0.00    1.35860E-04    80.39
  -80.00     0.00    -999.99  -19.52  -19.52    0.00000    90.00  LINEAR    0.00000E+00     0.00    2.68607E-04    80.06
  -75.00     0.00    -999.99  -16.12  -16.12    0.00000    90.00  LINEAR    0.00000E+00     0.00    3.97096E-04    79.75
  -70.00     0.00    -999.99  -13.78  -13.78    0.00000    90.00  LINEAR    0.00000E+00     0.00    5.20292E-04    79.46
  -65.00     0.00    -999.99  -12.02  -12.02    0.00000    90.00  LINEAR    0.00000E+00     0.00    6.37281E-04    79.19
  -60.00     0.00    -999.99  -10.63  -10.63    0.00000    90.00  LINEAR    0.00000E+00     0.00    7.47279E-04    78.93
  -55.00     0.00    -999.99   -9.52   -9.52    0.00000    90.00  LINEAR    0.00000E+00     0.00    8.49638E-04    78.70
  -50.00     0.00    -999.99   -8.60   -8.60    0.00000    90.00  LINEAR    0.00000E+00     0.00    9.43842E-04    78.49
  -45.00     0.00    -999.99   -7.85   -7.85    0.00000    90.00  LINEAR    0.00000E+00     0.00    1.02950E-03    78.30
  -40.00     0.00    -999.99   -7.22   -7.22    0.00000    90.00  LINEAR    0.00000E+00     0.00    1.10634E-03    78.13
  -35.00     0.00    -999.99   -6.71   -6.71    0.00000    90.00  LINEAR    0.00000E+00     0.00    1.17418E-03    77.98
  -30.00     0.00    -999.99   -6.28   -6.28    0.00000    90.00  LINEAR    0.00000E+00     0.00    1.23293E-03    77.85
  -25.00     0.00    -999.99   -5.94   -5.94    0.00000    90.00  LINEAR    0.00000E+00     0.00    1.28256E-03    77.75
  -20.00     0.00    -999.99   -5.67   -5.67    0.00000    90.00  LINEAR    0.00000E+00     0.00    1.32307E-03    77.66
  -15.00     0.00    -999.99   -5.47   -5.47    0.00000    90.00  LINEAR    0.00000E+00     0.00    1.35451E-03    77.60
  -10.00     0.00    -999.99   -5.32   -5.32    0.00000    90.00  LINEAR    0.00000E+00     0.00    1.37692E-03    77.55
   -5.00     0.00    -999.99   -5.24   -5.24    0.00000    90.00  LINEAR    0.00000E+00     0.00    1.39034E-03    77.52
    0.00     0.00    -999.99   -5.21   -5.21    0.00000    90.00  LINEAR    0.00000E+00     0.00    1.39481E-03    77.51
    5.00     0.00    -999.99   -5.24   -5.24    0.00000    90.00  LINEAR    0.00000E+00     0.00    1.39034E-03    77.52
   10.00     0.00    -999.99   -5.32   -5.32    0.00000    90.00  LINEAR    0.00000E+00     0.00    1.37692E-03    77.55
   15.00     0.00    -999.99   -5.47   -5.47    0.00000    90.00  LINEAR    0.00000E+00     0.00    1.35451E-03    77.60
   20.00     0.00    -999.99   -5.67   -5.67    0.00000    90.00  LINEAR    0.00000E+00     0.00    1.32307E-03    77.66
   25.00     0.00    -999.99   -5.94   -5.94    0.00000    90.00  LINEAR    0.00000E+00     0.00    1.28256E-03    77.75
   30.00     0.00    -999.99   -6.28   -6.28    0.00000    90.00  LINEAR    0.00000E+00     0.00    1.23293E-03    77.85
   35.00     0.00    -999.99   -6.71   -6.71    0.00000    90.00  LINEAR    0.00000E+00     0.00    1.17418E-03    77.98
   40.00     0.00    -999.99   -7.22   -7.22    0.00000    90.00  LINEAR    0.00000E+00     0.00    1.10634E-03    78.13
   45.00     0.00    -999.99   -7.85   -7.85    0.00000    90.00  LINEAR    0.00000E+00     0.00    1.02950E-03    78.30
   50.00     0.00    -999.99   -8.60   -8.60    0.00000    90.00  LINEAR    0.00000E+00     0.00    9.43842E-04    78.49
   55.00     0.00    -999.99   -9.52   -9.52    0.00000    90.00  LINEAR    0.00000E+00     0.00    8.49638E-04    78.70
   60.00     0.00    -999.99  -10.63  -10.63    0.00000    90.00  LINEAR    0.00000E+00     0.00    7.47279E-04    78.93
   65.00     0.00    -999.99  -12.02  -12.02    0.00000    90.00  LINEAR    0.00000E+00     0.00    6.37281E-04    79.19
   70.00     0.00    -999.99  -13.78  -13.78    0.00000    90.00  LINEAR    0.00000E+00     0.00    5.20292E-04    79.46
   75.00     0.00    -999.99  -16.12  -16.12    0.00000    90.00  LINEAR    0.00000E+00     0.00    3.97096E-04    79.75
   80.00     0.00    -999.99  -19.52  -19.52    0.00000    90.00  LINEAR    0.00000E+00     0.00    2.68607E-04    80.06
   85.00     0.00    -999.99  -25.44  -25.44    0.00000    90.00  LINEAR    0.00000E+00     0.00    1.35860E-04    80.39
   90.00     0.00    -999.99 -999.99 -999.99    0.00000     0.00            0.00000E+00     0.00    8.01275E-15   -99.27




                                 - - - - - - FREQUENCY - - - - - -

                                    FREQUENCY= 2.0000E+00 MHZ
                                    WAVELENGTH= 1.4990E+02 METERS




                    APPROXIMATE INTEGRATION EMPLOYED FOR SEGMENTS MORE THAN   1.000 WAVELENGTHS APART



                               - - - STRUCTURE IMPEDANCE LOADING - - -


       LOCATION          RESISTANCE   INDUCTANCE  CAPACITANCE       IMPEDANCE (OHMS)     CONDUCTIVITY    TYPE
    ITAG FROM THRU          OHMS        HENRYS       FARADS        REAL      IMAGINARY    MHOS/METER

      11    1    1      2.5757E+03   2.1462E-06   1.5000E-11                                          PARALLEL

      12    1    1      2.5757E+03   2.1462E-06   1.5000E-11                                          PARALLEL

      21    1    1      6.5976E+03   5.4976E-06   1.0400E-11                                          PARALLEL

      31    1    1      6.5976E+03   5.4976E-06   1.0400E-11                                          PARALLEL

      41    1    1      9.5357E+03   7.9458E-06   1.6150E-11                                          PARALLEL

      51    1    1      9.5357E+03   7.9458E-06   1.6150E-11                                          PARALLEL

      61    1    1      1.4872E+04   1.2392E-05   2.0000E-11                                          PARALLEL

      71    1    1      1.4872E+04   1.2392E-05   2.0000E-11                                          PARALLEL

      81    1    1      8.8382E+04   7.3646E-05   7.0000E-12                                          PARALLEL

      91    1    1      8.8382E+04   7.3646E-05   7.0000E-12                                          PARALLEL

     101    1    1      1.7754E+05   1.4794E-04   1.3900E-11                                          PARALLEL

     111    1    1      1.7754E+05   1.4794E-04   1.3900E-11                                          PARALLEL



                                  - - - ANTENNA ENVIRONMENT - - -

                                        FINITE GROUND.  SOMMERFELD SOLUTION
                                        RELATIVE DIELECTRIC CONST.= 13.000
                                        CONDUCTIVITY= 5.000E-03 MHOS/METER
                                        COMPLEX DIELECTRIC CONSTANT= 1.30000E+01-4.49400E+01



                                - - - MATRIX TIMING - - -

                        FILL=    0.016 SEC.,  FACTOR=    0.000 SEC.



                                          - - - ANTENNA INPUT PARAMETERS - - -

   TAG   SEG.    VOLTAGE (VOLTS)         CURRENT (AMPS)         IMPEDANCE (OHMS)        ADMITTANCE (MHOS)      POWER
   NO.   NO.    REAL        IMAG.       REAL        IMAG.       REAL        IMAG.       REAL        IMAG.     (WATTS)
     1     6 1.00000E+00 0.00000E+00 1.74318E-04-1.09393E-03 1.42061E+02 8.91499E+02 1.74318E-04-1.09393E-03 8.71590E-05



                             - - - CURRENTS AND LOCATION - - -

                                 DISTANCES IN WAVELENGTHS


  SEG.  TAG    COORD. OF SEG. CENTER     SEG.            - - - CURRENT (AMPS) - - -
  NO.   NO.     X        Y        Z      LENGTH     REAL        IMAG.       MAG.        PHASE
     1    1   0.0000  -0.0153   0.1334  0.00307   1.7455E-04 -1.2004E-03  1.2131E-03  -81.727
     2    1   0.0000  -0.0123   0.1334  0.00307   1.7444E-04 -1.1795E-03  1.1923E-03  -81.587
     3    1   0.0000  -0.0092   0.1334  0.00307   1.7438E-04 -1.1584E-03  1.1715E-03  -81.439
     4    1   0.0000  -0.0061   0.1334  0.00307   1.7434E-04 -1.1367E-03  1.1500E-03  -81.280
     5    1   0.0000  -0.0031   0.1334  0.00307   1.7432E-04 -1.1136E-03  1.1271E-03  -81.103
     6    1   0.0000   0.0000   0.1334  0.00307   1.7432E-04 -1.0939E-03  1.1077E-03  -80.946
     7    1   0.0000   0.0031   0.1334  0.00307   1.7432E-04 -1.1136E-03  1.1271E-03  -81.103
     8    1   0.0000   0.0061   0.1334  0.00307   1.7434E-04 -1.1367E-03  1.1500E-03  -81.280
     9    1   0.0000   0.0092   0.1334  0.00307   1.7438E-04 -1.1584E-03  1.1715E-03  -81.439
    10    1   0.0000   0.0123   0.1334  0.00307   1.7444E-04 -1.1795E-03  1.1923E-03  -81.587
    11    1   0.0000   0.0153   0.1334  0.00307   1.7455E-04 -1.2004E-03  1.2131E-03  -81.727
    12   11   0.0000  -0.0175   0.1334  0.00133  -1.7465E-04  1.2155E-03  1.2280E-03   98.177
    13   12   0.0000   0.0175   0.1334  0.00133   1.7465E-04 -1.2155E-03  1.2280E-03  -81.823
    14    2   0.0000  -0.0188   0.1334  0.00112  -1.7465E-04  1.2233E-03  1.2357E-03   98.125
    15    2   0.0000  -0.0199   0.1334  0.00112  -1.7465E-04  1.2305E-03  1.2428E-03   98.078
    16    3   0.0000   0.0188   0.1334  0.00112   1.7465E-04 -1.2233E-03  1.2357E-03  -81.875
    17    3   0.0000   0.0199   0.1334  0.00112   1.7465E-04 -1.2305E-03  1.2428E-03  -81.922
    18   21   0.0000  -0.0211   0.1334  0.00133  -1.7465E-04  1.2383E-03  1.2506E-03   98.028
    19   31   0.0000   0.0211   0.1334  0.00133   1.7465E-04 -1.2383E-03  1.2506E-03  -81.972
    20    4   0.0000  -0.0227   0.1334  0.00176  -1.7442E-04  1.2464E-03  1.2585E-03   97.966
    21    4   0.0000  -0.0244   0.1334  0.00176  -1.7419E-04  1.2558E-03  1.2678E-03   97.897
    22    5   0.0000   0.0227   0.1334  0.00176   1.7442E-04 -1.2464E-03  1.2585E-03  -82.034
    23    5   0.0000   0.0244   0.1334  0.00176   1.7419E-04 -1.2558E-03  1.2678E-03  -82.103
    24   41   0.0000  -0.0260   0.1334  0.00133  -1.7401E-04  1.2642E-03  1.2761E-03   97.837
    25   51   0.0000   0.0260   0.1334  0.00133   1.7401E-04 -1.2642E-03  1.2761E-03  -82.163
    26    6   0.0000  -0.0275   0.1334  0.00171  -1.7349E-04  1.2698E-03  1.2816E-03   97.780
    27    6   0.0000  -0.0292   0.1334  0.00171  -1.7296E-04  1.2764E-03  1.2881E-03   97.717
    28    7   0.0000   0.0275   0.1334  0.00171   1.7349E-04 -1.2698E-03  1.2816E-03  -82.220
    29    7   0.0000   0.0292   0.1334  0.00171   1.7296E-04 -1.2764E-03  1.2881E-03  -82.283
    30   61   0.0000  -0.0307   0.1334  0.00133  -1.7252E-04  1.2826E-03  1.2942E-03   97.661
    31   71   0.0000   0.0307   0.1334  0.00133   1.7252E-04 -1.2826E-03  1.2942E-03  -82.339
    32    8   0.0000  -0.0327   0.1334  0.00268  -1.7124E-04  1.2851E-03  1.2964E-03   97.590
    33    8   0.0000  -0.0354   0.1334  0.00268  -1.6982E-04  1.2909E-03  1.3020E-03   97.494
    34    9   0.0000   0.0327   0.1334  0.00268   1.7124E-04 -1.2851E-03  1.2964E-03  -82.410
    35    9   0.0000   0.0354   0.1334  0.00268   1.6982E-04 -1.2909E-03  1.3020E-03  -82.506
    36   81   0.0000  -0.0374   0.1334  0.00133  -1.6878E-04  1.2954E-03  1.3063E-03   97.423
    37   91   0.0000   0.0374   0.1334  0.00133   1.6878E-04 -1.2954E-03  1.3063E-03  -82.577
    38   10   0.0000  -0.0394   0.1334  0.00269  -1.6275E-04  1.2579E-03  1.2684E-03   97.372
    39   10   0.0000  -0.0421   0.1334  0.00269  -1.5473E-04  1.2082E-03  1.2181E-03   97.298
    40   10   0.0000  -0.0448   0.1334  0.00269  -1.4723E-04  1.1631E-03  1.1724E-03   97.214
    41   10   0.0000  -0.0475   0.1334  0.00269  -1.4041E-04  1.1242E-03  1.1330E-03   97.119
    42   11   0.0000   0.0394   0.1334  0.00269   1.6275E-04 -1.2579E-03  1.2684E-03  -82.628
    43   11   0.0000   0.0421   0.1334  0.00269   1.5473E-04 -1.2082E-03  1.2181E-03  -82.702
    44   11   0.0000   0.0448   0.1334  0.00269   1.4723E-04 -1.1631E-03  1.1724E-03  -82.786
    45   11   0.0000   0.0475   0.1334  0.00269   1.4041E-04 -1.1242E-03  1.1330E-03  -82.881
    46  101   0.0000  -0.0495   0.1334  0.00133  -1.3518E-04  1.0940E-03  1.1023E-03   97.044
    47  111   0.0000   0.0495   0.1334  0.00133   1.3518E-04 -1.0940E-03  1.1023E-03  -82.956
    48   12   0.0000  -0.0515   0.1334  0.00269  -1.1936E-04  9.6551E-04  9.7286E-04   97.047
    49   12   0.0000  -0.0542   0.1334  0.00269  -9.7962E-05  7.9155E-04  7.9759E-04   97.055
    50   12   0.0000  -0.0569   0.1334  0.00269  -7.7018E-05  6.2195E-04  6.2670E-04   97.059
    51   12   0.0000  -0.0596   0.1334  0.00269  -5.6077E-05  4.5267E-04  4.5613E-04   97.062
    52   12   0.0000  -0.0623   0.1334  0.00269  -3.4836E-05  2.8113E-04  2.8328E-04   97.064
    53   12   0.0000  -0.0650   0.1334  0.00269  -1.2493E-05  1.0080E-04  1.0158E-04   97.065
    54   13   0.0000   0.0515   0.1334  0.00269   1.1936E-04 -9.6551E-04  9.7286E-04  -82.953
    55   13   0.0000   0.0542   0.1334  0.00269   9.7962E-05 -7.9155E-04  7.9759E-04  -82.945
    56   13   0.0000   0.0569   0.1334  0.00269   7.7018E-05 -6.2195E-04  6.2670E-04  -82.941
    57   13   0.0000   0.0596   0.1334  0.00269   5.6077E-05 -4.5267E-04  4.5613E-04  -82.938
    58   13   0.0000   0.0623   0.1334  0.00269   3.4836E-05 -2.8113E-04  2.8328E-04  -82.936
    59   13   0.0000   0.0650   0.1334  0.00269   1.2493E-05 -1.0080E-04  1.0158E-04  -82.935



                                        - - - POWER BUDGET - - -

                                           INPUT POWER   = 8.7159E-05 WATTS
                                           RADIATED POWER= 9.3890E-06 WATTS
                                           STRUCTURE LOSS= 7.7770E-05 WATTS
                                           NETWORK LOSS  = 0.0000E+00 WATTS
                                           EFFICIENCY    =  10.77 PERCENT



                                                - - - RADIATION PATTERNS - - -

  - - ANGLES - -           - POWER GAINS -       - - - POLARIZATION - - -    - - - E(THETA) - - -    - - - E(PHI) - - -
  THETA     PHI        VERT.   HOR.    TOTAL      AXIAL     TILT   SENSE     MAGNITUDE    PHASE      MAGNITUDE    PHASE 
 DEGREES  DEGREES       DB      DB      DB        RATIO     DEG.              VOLTS/M    DEGREES      VOLTS/M    DEGREES
  -90.00     0.00    -999.99 -999.99 -999.99    0.00000     0.00            0.00000E+00     0.00    2.50831E-13    90.67
  -85.00     0.00    -999.99  -24.64  -24.64    0.00000    90.00  LINEAR    0.00000E+00     0.00    4.23590E-03   -89.76
  -80.00     0.00    -999.99  -18.77  -18.77    0.00000   -90.00  LINEAR    0.00000E+00     0.00    8.32841E-03   -90.16
  -75.00     0.00    -999.99  -15.44  -15.44    0.00000   -90.00  LINEAR    0.00000E+00     0.00    1.22268E-02   -90.52
  -70.00     0.00    -999.99  -13.16  -13.16    0.00000   -90.00  LINEAR    0.00000E+00     0.00    1.58883E-02   -90.84
  -65.00     0.00    -999.99  -11.48  -11.48    0.00000   -90.00  LINEAR    0.00000E+00     0.00    1.92788E-02   -91.12
  -60.00     0.00    -999.99  -10.19  -10.19    0.00000   -90.00  LINEAR    0.00000E+00     0.00    2.23743E-02   -91.37
  -55.00     0.00    -999.99   -9.17   -9.17    0.00000   -90.00  LINEAR    0.00000E+00     0.00    2.51604E-02   -91.58
  -50.00     0.00    -999.99   -8.35   -8.35    0.00000   -90.00  LINEAR    0.00000E+00     0.00    2.76321E-02   -91.75
  -45.00     0.00    -999.99   -7.70   -7.70    0.00000   -90.00  LINEAR    0.00000E+00     0.00    2.97925E-02   -91.89
  -40.00     0.00    -999.99   -7.17   -7.17    0.00000   -90.00  LINEAR    0.00000E+00     0.00    3.16518E-02   -92.00
  -35.00     0.00    -999.99   -6.75   -6.75    0.00000   -90.00  LINEAR    0.00000E+00     0.00    3.32252E-02   -92.08
  -30.00     0.00    -999.99   -6.42   -6.42    0.00000   -90.00  LINEAR    0.00000E+00     0.00    3.45315E-02   -92.14
  -25.00     0.00    -999.99   -6.15   -6.15    0.00000   -90.00  LINEAR    0.00000E+00     0.00    3.55912E-02   -92.19
  -20.00     0.00    -999.99   -5.95   -5.95    0.00000   -90.00  LINEAR    0.00000E+00     0.00    3.64246E-02   -92.21
  -15.00     0.00    -999.99   -5.81   -5.81    0.00000   -90.00  LINEAR    0.00000E+00     0.00    3.70507E-02   -92.23
  -10.00     0.00    -999.99   -5.70   -5.70    0.00000   -90.00  LINEAR    0.00000E+00     0.00    3.74856E-02   -92.24
   -5.00     0.00    -999.99   -5.65   -5.65    0.00000   -90.00  LINEAR    0.00000E+00     0.00    3.77414E-02   -92.25
    0.00     0.00    -999.99   -5.63   -5.63    0.00000   -90.00  LINEAR    0.00000E+00     0.00    3.78258E-02   -92.25
    5.00     0.00    -999.99   -5.65   -5.65    0.00000   -90.00  LINEAR    0.00000E+00     0.00    3.77414E-02   -92.25
   10.00     0.00    -999.99   -5.70   -5.70    0.00000   -90.00  LINEAR    0.00000E+00     0.00    3.74856E-02   -92.24
   15.00     0.00    -999.99   -5.81   -5.81    0.00000   -90.00  LINEAR    0.00000E+00     0.00    3.70507E-02   -92.23
   20.00     0.00    -999.99   -5.95   -5.95    0.00000   -90.00  LINEAR    0.00000E+00     0.00    3.64246E-02   -92.21
   25.00     0.00    -999.99   -6.15   -6.15    0.00000   -90.00  LINEAR    0.00000E+00     0.00    3.55912E-02   -92.19
   30.00     0.00    -999.99   -6.42   -6.42    0.00000   -90.00  LINEAR    0.00000E+00     0.00    3.45315E-02   -92.14
   35.00     0.00    -999.99   -6.75   -6.75    0.00000   -90.00  LINEAR    0.00000E+00     0.00    3.32252E-02   -92.08
   40.00     0.00    -999.99   -7.17   -7.17    0.00000   -90.00  LINEAR    0.00000E+00     0.00    3.16518E-02   -92.00
   45.00     0.00    -999.99   -7.70   -7.70    0.00000   -90.00  LINEAR    0.00000E+00     0.00    2.97925E-02   -91.89
   50.00     0.00    -999.99   -8.35   -8.35    0.00000   -90.00  LINEAR    0.00000E+00     0.00    2.76321E-02   -91.75
   55.00     0.00    -999.99   -9.17   -9.17    0.00000   -90.00  LINEAR    0.00000E+00     0.00    2.51604E-02   -91.58
   60.00     0.00    -999.99  -10.19  -10.19    0.00000   -90.00  LINEAR    0.00000E+00     0.00    2.23743E-02   -91.37
   65.00     0.00    -999.99  -11.48  -11.48    0.00000   -90.00  LINEAR    0.00000E+00     0.00    1.92788E-02   -91.12
   70.00     0.00    -999.99  -13.16  -13.16    0.00000   -90.00  LINEAR    0.00000E+00     0.00    1.58883E-02   -90.84
   75.00     0.00    -999.99  -15.44  -15.44    0.00000   -90.00  LINEAR    0.00000E+00     0.00    1.22268E-02   -90.52
   80.00     0.00    -999.99  -18.77  -18.77    0.00000   -90.00  LINEAR    0.00000E+00     0.00    8.32841E-03   -90.16
   85.00     0.00    -999.99  -24.64  -24.64    0.00000    90.00  LINEAR    0.00000E+00     0.00    4.23590E-03   -89.76
   90.00     0.00    -999.99 -999.99 -999.99    0.00000     0.00            0.00000E+00     0.00    2.50831E-13    90.67




                                 - - - - - - FREQUENCY - - - - - -

                                    FREQUENCY= 3.0000E+00 MHZ
                                    WAVELENGTH= 9.9933E+01 METERS




                    APPROXIMATE INTEGRATION EMPLOYED FOR SEGMENTS MORE THAN   1.000 WAVELENGTHS APART



                               - - - STRUCTURE IMPEDANCE LOADING - - -


       LOCATION          RESISTANCE   INDUCTANCE  CAPACITANCE       IMPEDANCE (OHMS)     CONDUCTIVITY    TYPE
    ITAG FROM THRU          OHMS        HENRYS       FARADS        REAL      IMAGINARY    MHOS/METER

      11    1    1      2.5757E+03   2.1462E-06   1.5000E-11                                          PARALLEL

      12    1    1      2.5757E+03   2.1462E-06   1.5000E-11                                          PARALLEL

      21    1    1      6.5976E+03   5.4976E-06   1.0400E-11                                          PARALLEL

      31    1    1      6.5976E+03   5.4976E-06   1.0400E-11                                          PARALLEL

      41    1    1      9.5357E+03   7.9458E-06   1.6150E-11                                          PARALLEL

      51    1    1      9.5357E+03   7.9458E-06   1.6150E-11                                          PARALLEL

      61    1    1      1.4872E+04   1.2392E-05   2.0000E-11                                          PARALLEL

      71    1    1      1.4872E+04   1.2392E-05   2.0000E-11                                          PARALLEL

      81    1    1      8.8382E+04   7.3646E-05   7.0000E-12                                          PARALLEL

      91    1    1      8.8382E+04   7.3646E-05   7.0000E-12                                          PARALLEL

     101    1    1      1.7754E+05   1.4794E-04   1.3900E-11                                          PARALLEL

     111    1    1      1.7754E+05   1.4794E-04   1.3900E-11                                          PARALLEL



                                  - - - ANTENNA ENVIRONMENT - - -

                                        FINITE GROUND.  SOMMERFELD SOLUTION
                                        RELATIVE DIELECTRIC CONST.= 13.000
                                        CONDUCTIVITY= 5.000E-03 MHOS/METER
                                        COMPLEX DIELECTRIC CONSTANT= 1.30000E+01-2.99600E+01



                                - - - MATRIX TIMING - - -

                        FILL=    0.016 SEC.,  FACTOR=    0.000 SEC.



                                          - - - ANTENNA INPUT PARAMETERS - - -

   TAG   SEG.    VOLTAGE (VOLTS)         CURRENT (AMPS)         IMPEDANCE (OHMS)        ADMITTANCE (MHOS)      POWER
   NO.   NO.    REAL        IMAG.       REAL        IMAG.       REAL        IMAG.       REAL        IMAG.     (WATTS)
     1     6 1.00000E+00 0.00000E+00 1.85704E-05 5.48511E-04 6.16529E+01-1.82103E+03 1.85704E-05 5.48511E-04 9.28519E-06



                             - - - CURRENTS AND LOCATION - - -

                                 DISTANCES IN WAVELENGTHS


  SEG.  TAG    COORD. OF SEG. CENTER     SEG.            - - - CURRENT (AMPS) - - -
  NO.   NO.     X        Y        Z      LENGTH     REAL        IMAG.       MAG.        PHASE
     1    1   0.0000  -0.0230   0.2001  0.00460   1.8422E-05  3.8794E-04  3.8838E-04   87.281
     2    1   0.0000  -0.0184   0.2001  0.00460   1.8470E-05  4.1926E-04  4.1967E-04   87.478
     3    1   0.0000  -0.0138   0.2001  0.00460   1.8512E-05  4.5115E-04  4.5153E-04   87.650
     4    1   0.0000  -0.0092   0.2001  0.00460   1.8544E-05  4.8398E-04  4.8433E-04   87.806
     5    1   0.0000  -0.0046   0.2001  0.00460   1.8564E-05  5.1897E-04  5.1930E-04   87.951
     6    1   0.0000   0.0000   0.2001  0.00460   1.8570E-05  5.4851E-04  5.4882E-04   88.061
     7    1   0.0000   0.0046   0.2001  0.00460   1.8564E-05  5.1897E-04  5.1930E-04   87.951
     8    1   0.0000   0.0092   0.2001  0.00460   1.8544E-05  4.8398E-04  4.8433E-04   87.806
     9    1   0.0000   0.0138   0.2001  0.00460   1.8512E-05  4.5115E-04  4.5153E-04   87.650
    10    1   0.0000   0.0184   0.2001  0.00460   1.8470E-05  4.1926E-04  4.1967E-04   87.478
    11    1   0.0000   0.0230   0.2001  0.00460   1.8422E-05  3.8794E-04  3.8838E-04   87.281
    12   11   0.0000  -0.0263   0.2001  0.00200  -1.8385E-05 -3.6569E-04  3.6615E-04  -92.878
    13   12   0.0000   0.0263   0.2001  0.00200   1.8385E-05  3.6569E-04  3.6615E-04   87.122
    14    2   0.0000  -0.0281   0.2001  0.00167  -1.8337E-05 -3.5296E-04  3.5344E-04  -92.974
    15    2   0.0000  -0.0298   0.2001  0.00167  -1.8293E-05 -3.4139E-04  3.4188E-04  -93.067
    16    3   0.0000   0.0281   0.2001  0.00167   1.8337E-05  3.5296E-04  3.5344E-04   87.026
    17    3   0.0000   0.0298   0.2001  0.00167   1.8293E-05  3.4139E-04  3.4188E-04   86.933
    18   21   0.0000  -0.0317   0.2001  0.00200  -1.8240E-05 -3.2866E-04  3.2917E-04  -93.177
    19   31   0.0000   0.0317   0.2001  0.00200   1.8240E-05  3.2866E-04  3.2917E-04   86.823
    20    4   0.0000  -0.0340   0.2001  0.00264  -1.8090E-05 -3.1146E-04  3.1198E-04  -93.324
    21    4   0.0000  -0.0366   0.2001  0.00264  -1.7920E-05 -2.9194E-04  2.9249E-04  -93.513
    22    5   0.0000   0.0340   0.2001  0.00264   1.8090E-05  3.1146E-04  3.1198E-04   86.676
    23    5   0.0000   0.0366   0.2001  0.00264   1.7920E-05  2.9194E-04  2.9249E-04   86.487
    24   41   0.0000  -0.0389   0.2001  0.00200  -1.7771E-05 -2.7478E-04  2.7535E-04  -93.700
    25   51   0.0000   0.0389   0.2001  0.00200   1.7771E-05  2.7478E-04  2.7535E-04   86.300
    26    6   0.0000  -0.0412   0.2001  0.00257  -1.7506E-05 -2.5640E-04  2.5699E-04  -93.906
    27    6   0.0000  -0.0438   0.2001  0.00257  -1.7214E-05 -2.3574E-04  2.3637E-04  -94.176
    28    7   0.0000   0.0412   0.2001  0.00257   1.7506E-05  2.5640E-04  2.5699E-04   86.094
    29    7   0.0000   0.0438   0.2001  0.00257   1.7214E-05  2.3574E-04  2.3637E-04   85.824
    30   61   0.0000  -0.0461   0.2001  0.00200  -1.6954E-05 -2.1736E-04  2.1802E-04  -94.460
    31   71   0.0000   0.0461   0.2001  0.00200   1.6954E-05  2.1736E-04  2.1802E-04   85.540
    32    8   0.0000  -0.0491   0.2001  0.00402  -1.6376E-05 -1.9060E-04  1.9130E-04  -94.911
    33    8   0.0000  -0.0531   0.2001  0.00402  -1.5661E-05 -1.5513E-04  1.5592E-04  -95.765
    34    9   0.0000   0.0491   0.2001  0.00402   1.6376E-05  1.9060E-04  1.9130E-04   85.089
    35    9   0.0000   0.0531   0.2001  0.00402   1.5661E-05  1.5513E-04  1.5592E-04   84.235
    36   81   0.0000  -0.0561   0.2001  0.00200  -1.5102E-05 -1.2828E-04  1.2916E-04  -96.715
    37   91   0.0000   0.0561   0.2001  0.00200   1.5102E-05  1.2828E-04  1.2916E-04   83.285
    38   10   0.0000  -0.0591   0.2001  0.00404  -1.3072E-05 -9.0431E-05  9.1371E-05  -98.225
    39   10   0.0000  -0.0632   0.2001  0.00404  -1.0303E-05 -3.8959E-05  4.0299E-05 -104.813
    40   10   0.0000  -0.0672   0.2001  0.00404  -7.5629E-06  1.3242E-05  1.5249E-05  119.733
    41   10   0.0000  -0.0712   0.2001  0.00404  -4.7428E-06  6.8307E-05  6.8472E-05   93.972
    42   11   0.0000   0.0591   0.2001  0.00404   1.3072E-05  9.0431E-05  9.1371E-05   81.775
    43   11   0.0000   0.0632   0.2001  0.00404   1.0303E-05  3.8959E-05  4.0299E-05   75.187
    44   11   0.0000   0.0672   0.2001  0.00404   7.5629E-06 -1.3242E-05  1.5249E-05  -60.267
    45   11   0.0000   0.0712   0.2001  0.00404   4.7428E-06 -6.8307E-05  6.8472E-05  -86.028
    46  101   0.0000  -0.0743   0.2001  0.00200  -2.6625E-06  1.0873E-04  1.0877E-04   91.403
    47  111   0.0000   0.0743   0.2001  0.00200   2.6625E-06 -1.0873E-04  1.0877E-04  -88.597
    48   12   0.0000  -0.0773   0.2001  0.00403  -2.4377E-06  9.4220E-05  9.4251E-05   91.482
    49   12   0.0000  -0.0813   0.2001  0.00403  -2.1649E-06  7.3855E-05  7.3887E-05   91.679
    50   12   0.0000  -0.0853   0.2001  0.00403  -1.7802E-06  5.6493E-05  5.6521E-05   91.805
    51   12   0.0000  -0.0894   0.2001  0.00403  -1.3391E-06  4.0309E-05  4.0331E-05   91.903
    52   12   0.0000  -0.0934   0.2001  0.00403  -8.5365E-07  2.4640E-05  2.4655E-05   91.984
    53   12   0.0000  -0.0974   0.2001  0.00403  -3.1276E-07  8.7208E-06  8.7264E-06   92.054
    54   13   0.0000   0.0773   0.2001  0.00403   2.4377E-06 -9.4220E-05  9.4251E-05  -88.518
    55   13   0.0000   0.0813   0.2001  0.00403   2.1649E-06 -7.3855E-05  7.3887E-05  -88.321
    56   13   0.0000   0.0853   0.2001  0.00403   1.7802E-06 -5.6493E-05  5.6521E-05  -88.195
    57   13   0.0000   0.0894   0.2001  0.00403   1.3391E-06 -4.0309E-05  4.0331E-05  -88.097
    58   13   0.0000   0.0934   0.2001  0.00403   8.5365E-07 -2.4640E-05  2.4655E-05  -88.016
    59   13   0.0000   0.0974   0.2001  0.00403   3.1276E-07 -8.7208E-06  8.7264E-06  -87.946



                                        - - - POWER BUDGET - - -

                                           INPUT POWER   = 9.2852E-06 WATTS
                                           RADIATED POWER= 9.4826E-07 WATTS
                                           STRUCTURE LOSS= 8.3369E-06 WATTS
                                           NETWORK LOSS  = 0.0000E+00 WATTS
                                           EFFICIENCY    =  10.21 PERCENT



                                                - - - RADIATION PATTERNS - - -

  - - ANGLES - -           - POWER GAINS -       - - - POLARIZATION - - -    - - - E(THETA) - - -    - - - E(PHI) - - -
  THETA     PHI        VERT.   HOR.    TOTAL      AXIAL     TILT   SENSE     MAGNITUDE    PHASE      MAGNITUDE    PHASE 
 DEGREES  DEGREES       DB      DB      DB        RATIO     DEG.              VOLTS/M    DEGREES      VOLTS/M    DEGREES
  -90.00     0.00    -999.99 -999.99 -999.99    0.00000     0.00            0.00000E+00     0.00    9.70917E-14   -99.85
  -85.00     0.00    -999.99  -23.19  -23.19    0.00000    90.00  LINEAR    0.00000E+00     0.00    1.63344E-03    79.68
  -80.00     0.00    -999.99  -17.38  -17.38    0.00000    90.00  LINEAR    0.00000E+00     0.00    3.19168E-03    79.28
  -75.00     0.00    -999.99  -14.12  -14.12    0.00000    90.00  LINEAR    0.00000E+00     0.00    4.64588E-03    78.94
  -70.00     0.00    -999.99  -11.93  -11.93    0.00000    90.00  LINEAR    0.00000E+00     0.00    5.97301E-03    78.66
  -65.00     0.00    -999.99  -10.36  -10.36    0.00000    90.00  LINEAR    0.00000E+00     0.00    7.15682E-03    78.45
  -60.00     0.00    -999.99   -9.19   -9.19    0.00000    90.00  LINEAR    0.00000E+00     0.00    8.18823E-03    78.30
  -55.00     0.00    -999.99   -8.31   -8.31    0.00000    90.00  LINEAR    0.00000E+00     0.00    9.06520E-03    78.20
  -50.00     0.00    -999.99   -7.64   -7.64    0.00000    90.00  LINEAR    0.00000E+00     0.00    9.79205E-03    78.16
  -45.00     0.00    -999.99   -7.13   -7.13    0.00000    90.00  LINEAR    0.00000E+00     0.00    1.03784E-02    78.17
  -40.00     0.00    -999.99   -6.76   -6.76    0.00000    90.00  LINEAR    0.00000E+00     0.00    1.08380E-02    78.22
  -35.00     0.00    -999.99   -6.48   -6.48    0.00000    90.00  LINEAR    0.00000E+00     0.00    1.11871E-02    78.30
  -30.00     0.00    -999.99   -6.29   -6.29    0.00000    90.00  LINEAR    0.00000E+00     0.00    1.14435E-02    78.40
  -25.00     0.00    -999.99   -6.15   -6.15    0.00000    90.00  LINEAR    0.00000E+00     0.00    1.16248E-02    78.51
  -20.00     0.00    -999.99   -6.06   -6.06    0.00000    90.00  LINEAR    0.00000E+00     0.00    1.17477E-02    78.62
  -15.00     0.00    -999.99   -6.00   -6.00    0.00000    90.00  LINEAR    0.00000E+00     0.00    1.18269E-02    78.72
  -10.00     0.00    -999.99   -5.96   -5.96    0.00000    90.00  LINEAR    0.00000E+00     0.00    1.18744E-02    78.80
   -5.00     0.00    -999.99   -5.95   -5.95    0.00000    90.00  LINEAR    0.00000E+00     0.00    1.18993E-02    78.84
    0.00     0.00    -999.99   -5.94   -5.94    0.00000    90.00  LINEAR    0.00000E+00     0.00    1.19069E-02    78.86
    5.00     0.00    -999.99   -5.95   -5.95    0.00000    90.00  LINEAR    0.00000E+00     0.00    1.18993E-02    78.84
   10.00     0.00    -999.99   -5.96   -5.96    0.00000    90.00  LINEAR    0.00000E+00     0.00    1.18744E-02    78.80
   15.00     0.00    -999.99   -6.00   -6.00    0.00000    90.00  LINEAR    0.00000E+00     0.00    1.18269E-02    78.72
   20.00     0.00    -999.99   -6.06   -6.06    0.00000    90.00  LINEAR    0.00000E+00     0.00    1.17477E-02    78.62
   25.00     0.00    -999.99   -6.15   -6.15    0.00000    90.00  LINEAR    0.00000E+00     0.00    1.16248E-02    78.51
   30.00     0.00    -999.99   -6.29   -6.29    0.00000    90.00  LINEAR    0.00000E+00     0.00    1.14435E-02    78.40
   35.00     0.00    -999.99   -6.48   -6.48    0.00000    90.00  LINEAR    0.00000E+00     0.00    1.11871E-02    78.30
   40.00     0.00    -999.99   -6.76   -6.76    0.00000    90.00  LINEAR    0.00000E+00     0.00    1.08380E-02    78.22
   45.00     0.00    -999.99   -7.13   -7.13    0.00000    90.00  LINEAR    0.00000E+00     0.00    1.03784E-02    78.17
   50.00     0.00    -999.99   -7.64   -7.64    0.00000    90.00  LINEAR    0.00000E+00     0.00    9.79205E-03    78.16
   55.00     0.00    -999.99   -8.31   -8.31    0.00000    90.00  LINEAR    0.00000E+00     0.00    9.06520E-03    78.20
   60.00     0.00    -999.99   -9.19   -9.19    0.00000    90.00  LINEAR    0.00000E+00     0.00    8.18823E-03    78.30
   65.00     0.00    -999.99  -10.36  -10.36    0.00000    90.00  LINEAR    0.00000E+00     0.00    7.15682E-03    78.45
   70.00     0.00    -999.99  -11.93  -11.93    0.00000    90.00  LINEAR    0.00000E+00     0.00    5.97301E-03    78.66
   75.00     0.00    -999.99  -14.12  -14.12    0.00000    90.00  LINEAR    0.00000E+00     0.00    4.64588E-03    78.94
   80.00     0.00    -999.99  -17.38  -17.38    0.00000    90.00  LINEAR    0.00000E+00     0.00    3.19168E-03    79.28
   85.00     0.00    -999.99  -23.19  -23.19    0.00000    90.00  LINEAR    0.00000E+00     0.00    1.63344E-03    79.68
   90.00     0.00    -999.99 -999.99 -999.99    0.00000     0.00            0.00000E+00     0.00    9.70917E-14   -99.85




                                 - - - - - - FREQUENCY - - - - - -

                                    FREQUENCY= 4.0000E+00 MHZ
                                    WAVELENGTH= 7.4950E+01 METERS




                    APPROXIMATE INTEGRATION EMPLOYED FOR SEGMENTS MORE THAN   1.000 WAVELENGTHS APART



                               - - - STRUCTURE IMPEDANCE LOADING - - -


       LOCATION          RESISTANCE   INDUCTANCE  CAPACITANCE       IMPEDANCE (OHMS)     CONDUCTIVITY    TYPE
    ITAG FROM THRU          OHMS        HENRYS       FARADS        REAL      IMAGINARY    MHOS/METER

      11    1    1      2.5757E+03   2.1462E-06   1.5000E-11                                          PARALLEL

      12    1    1      2.5757E+03   2.1462E-06   1.5000E-11                                          PARALLEL

      21    1    1      6.5976E+03   5.4976E-06   1.0400E-11                                          PARALLEL

      31    1    1      6.5976E+03   5.4976E-06   1.0400E-11                                          PARALLEL

      41    1    1      9.5357E+03   7.9458E-06   1.6150E-11                                          PARALLEL

      51    1    1      9.5357E+03   7.9458E-06   1.6150E-11                                          PARALLEL

      61    1    1      1.4872E+04   1.2392E-05   2.0000E-11                                          PARALLEL

      71    1    1      1.4872E+04   1.2392E-05   2.0000E-11                                          PARALLEL

      81    1    1      8.8382E+04   7.3646E-05   7.0000E-12                                          PARALLEL

      91    1    1      8.8382E+04   7.3646E-05   7.0000E-12                                          PARALLEL

     101    1    1      1.7754E+05   1.4794E-04   1.3900E-11                                          PARALLEL

     111    1    1      1.7754E+05   1.4794E-04   1.3900E-11                                          PARALLEL



                                  - - - ANTENNA ENVIRONMENT - - -

                                        FINITE GROUND.  SOMMERFELD SOLUTION
                                        RELATIVE DIELECTRIC CONST.= 13.000
                                        CONDUCTIVITY= 5.000E-03 MHOS/METER
                                        COMPLEX DIELECTRIC CONSTANT= 1.30000E+01-2.24700E+01



                                - - - MATRIX TIMING - - -

                        FILL=    0.016 SEC.,  FACTOR=    0.000 SEC.



                                          - - - ANTENNA INPUT PARAMETERS - - -

   TAG   SEG.    VOLTAGE (VOLTS)         CURRENT (AMPS)         IMPEDANCE (OHMS)        ADMITTANCE (MHOS)      POWER
   NO.   NO.    REAL        IMAG.       REAL        IMAG.       REAL        IMAG.       REAL        IMAG.     (WATTS)
     1     6 1.00000E+00 0.00000E+00 4.09598E-05 5.01698E-05 9.76464E+03-1.19602E+04 4.09598E-05 5.01698E-05 2.04799E-05



                             - - - CURRENTS AND LOCATION - - -

                                 DISTANCES IN WAVELENGTHS


  SEG.  TAG    COORD. OF SEG. CENTER     SEG.            - - - CURRENT (AMPS) - - -
  NO.   NO.     X        Y        Z      LENGTH     REAL        IMAG.       MAG.        PHASE
     1    1   0.0000  -0.0307   0.2668  0.00614   4.0775E-05 -1.6259E-04  1.6763E-04  -75.922
     2    1   0.0000  -0.0245   0.2668  0.00614   4.0826E-05 -1.2116E-04  1.2785E-04  -71.378
     3    1   0.0000  -0.0184   0.2668  0.00614   4.0880E-05 -7.9044E-05  8.8989E-05  -62.653
     4    1   0.0000  -0.0123   0.2668  0.00614   4.0923E-05 -3.5603E-05  5.4242E-05  -41.023
     5    1   0.0000  -0.0061   0.2668  0.00614   4.0950E-05  1.0845E-05  4.2362E-05   14.834
     6    1   0.0000   0.0000   0.2668  0.00614   4.0960E-05  5.0170E-05  6.4767E-05   50.771
     7    1   0.0000   0.0061   0.2668  0.00614   4.0950E-05  1.0845E-05  4.2362E-05   14.834
     8    1   0.0000   0.0123   0.2668  0.00614   4.0923E-05 -3.5603E-05  5.4242E-05  -41.023
     9    1   0.0000   0.0184   0.2668  0.00614   4.0880E-05 -7.9044E-05  8.8989E-05  -62.653
    10    1   0.0000   0.0245   0.2668  0.00614   4.0826E-05 -1.2116E-04  1.2785E-04  -71.378
    11    1   0.0000   0.0307   0.2668  0.00614   4.0775E-05 -1.6259E-04  1.6763E-04  -75.922
    12   11   0.0000  -0.0351   0.2668  0.00267  -4.0740E-05  1.9210E-04  1.9637E-04  101.973
    13   12   0.0000   0.0351   0.2668  0.00267   4.0740E-05 -1.9210E-04  1.9637E-04  -78.027
    14    2   0.0000  -0.0375   0.2668  0.00223  -4.0649E-05  2.0812E-04  2.1205E-04  101.052
    15    2   0.0000  -0.0398   0.2668  0.00223  -4.0570E-05  2.2272E-04  2.2639E-04  100.323
    16    3   0.0000   0.0375   0.2668  0.00223   4.0649E-05 -2.0812E-04  2.1205E-04  -78.948
    17    3   0.0000   0.0398   0.2668  0.00223   4.0570E-05 -2.2272E-04  2.2639E-04  -79.677
    18   21   0.0000  -0.0422   0.2668  0.00267  -4.0472E-05  2.3867E-04  2.4208E-04   99.624
    19   31   0.0000   0.0422   0.2668  0.00267   4.0472E-05 -2.3867E-04  2.4208E-04  -80.376
    20    4   0.0000  -0.0453   0.2668  0.00351  -4.0125E-05  2.5730E-04  2.6041E-04   98.864
    21    4   0.0000  -0.0488   0.2668  0.00351  -3.9740E-05  2.7863E-04  2.8145E-04   98.117
    22    5   0.0000   0.0453   0.2668  0.00351   4.0125E-05 -2.5730E-04  2.6041E-04  -81.136
    23    5   0.0000   0.0488   0.2668  0.00351   3.9740E-05 -2.7863E-04  2.8145E-04  -81.883
    24   41   0.0000  -0.0519   0.2668  0.00267  -3.9404E-05  2.9746E-04  3.0006E-04   97.546
    25   51   0.0000   0.0519   0.2668  0.00267   3.9404E-05 -2.9746E-04  3.0006E-04  -82.454
    26    6   0.0000  -0.0550   0.2668  0.00343  -3.8759E-05  3.1326E-04  3.1565E-04   97.053
    27    6   0.0000  -0.0584   0.2668  0.00343  -3.8051E-05  3.3141E-04  3.3358E-04   96.550
    28    7   0.0000   0.0550   0.2668  0.00343   3.8759E-05 -3.1326E-04  3.1565E-04  -82.947
    29    7   0.0000   0.0584   0.2668  0.00343   3.8051E-05 -3.3141E-04  3.3358E-04  -83.450
    30   61   0.0000  -0.0614   0.2668  0.00267  -3.7425E-05  3.4768E-04  3.4969E-04   96.144
    31   71   0.0000   0.0614   0.2668  0.00267   3.7425E-05 -3.4768E-04  3.4969E-04  -83.856
    32    8   0.0000  -0.0655   0.2668  0.00536  -3.5975E-05  3.6185E-04  3.6363E-04   95.678
    33    8   0.0000  -0.0708   0.2668  0.00536  -3.4191E-05  3.8397E-04  3.8549E-04   95.089
    34    9   0.0000   0.0655   0.2668  0.00536   3.5975E-05 -3.6185E-04  3.6363E-04  -84.322
    35    9   0.0000   0.0708   0.2668  0.00536   3.4191E-05 -3.8397E-04  3.8549E-04  -84.911
    36   81   0.0000  -0.0748   0.2668  0.00267  -3.2809E-05  3.9959E-04  4.0094E-04   94.694
    37   91   0.0000   0.0748   0.2668  0.00267   3.2809E-05 -3.9959E-04  4.0094E-04  -85.306
    38   10   0.0000  -0.0788   0.2668  0.00538  -2.7754E-05  3.4339E-04  3.4451E-04   94.621
    39   10   0.0000  -0.0842   0.2668  0.00538  -2.0874E-05  2.6635E-04  2.6717E-04   94.481
    40   10   0.0000  -0.0896   0.2668  0.00538  -1.4078E-05  1.9204E-04  1.9255E-04   94.193
    41   10   0.0000  -0.0950   0.2668  0.00538  -7.0856E-06  1.1651E-04  1.1673E-04   93.480
    42   11   0.0000   0.0788   0.2668  0.00538   2.7754E-05 -3.4339E-04  3.4451E-04  -85.379
    43   11   0.0000   0.0842   0.2668  0.00538   2.0874E-05 -2.6635E-04  2.6717E-04  -85.519
    44   11   0.0000   0.0896   0.2668  0.00538   1.4078E-05 -1.9204E-04  1.9255E-04  -85.807
    45   11   0.0000   0.0950   0.2668  0.00538   7.0856E-06 -1.1651E-04  1.1673E-04  -86.520
    46  101   0.0000  -0.0990   0.2668  0.00267  -1.9523E-06  6.1229E-05  6.1260E-05   91.826
    47  111   0.0000   0.0990   0.2668  0.00267   1.9522E-06 -6.1229E-05  6.1260E-05  -88.174
    48   12   0.0000  -0.1030   0.2668  0.00537  -1.8761E-06  5.5562E-05  5.5593E-05   91.934
    49   12   0.0000  -0.1084   0.2668  0.00537  -1.8796E-06  4.9110E-05  4.9146E-05   92.192
    50   12   0.0000  -0.1138   0.2668  0.00537  -1.6169E-06  4.0079E-05  4.0112E-05   92.310
    51   12   0.0000  -0.1192   0.2668  0.00537  -1.2435E-06  2.9909E-05  2.9935E-05   92.381
    52   12   0.0000  -0.1245   0.2668  0.00537  -8.0130E-07  1.8914E-05  1.8931E-05   92.426
    53   12   0.0000  -0.1299   0.2668  0.00537  -2.9478E-07  6.8756E-06  6.8819E-06   92.455
    54   13   0.0000   0.1030   0.2668  0.00537   1.8761E-06 -5.5562E-05  5.5593E-05  -88.066
    55   13   0.0000   0.1084   0.2668  0.00537   1.8796E-06 -4.9110E-05  4.9146E-05  -87.808
    56   13   0.0000   0.1138   0.2668  0.00537   1.6169E-06 -4.0079E-05  4.0112E-05  -87.690
    57   13   0.0000   0.1192   0.2668  0.00537   1.2435E-06 -2.9909E-05  2.9935E-05  -87.619
    58   13   0.0000   0.1245   0.2668  0.00537   8.0130E-07 -1.8914E-05  1.8931E-05  -87.574
    59   13   0.0000   0.1299   0.2668  0.00537   2.9478E-07 -6.8756E-06  6.8819E-06  -87.545



                                        - - - POWER BUDGET - - -

                                           INPUT POWER   = 2.0480E-05 WATTS
                                           RADIATED POWER= 1.7421E-06 WATTS
                                           STRUCTURE LOSS= 1.8738E-05 WATTS
                                           NETWORK LOSS  = 0.0000E+00 WATTS
                                           EFFICIENCY    =   8.51 PERCENT



                                                - - - RADIATION PATTERNS - - -

  - - ANGLES - -           - POWER GAINS -       - - - POLARIZATION - - -    - - - E(THETA) - - -    - - - E(PHI) - - -
  THETA     PHI        VERT.   HOR.    TOTAL      AXIAL     TILT   SENSE     MAGNITUDE    PHASE      MAGNITUDE    PHASE 
 DEGREES  DEGREES       DB      DB      DB        RATIO     DEG.              VOLTS/M    DEGREES      VOLTS/M    DEGREES
  -90.00     0.00    -999.99 -999.99 -999.99    0.00000     0.00            0.00000E+00     0.00    1.48922E-13    93.60
  -85.00     0.00    -999.99  -22.95  -22.95    0.00000    90.00  LINEAR    0.00000E+00     0.00    2.49594E-03   -86.87
  -80.00     0.00    -999.99  -17.19  -17.19    0.00000    90.00  LINEAR    0.00000E+00     0.00    4.84263E-03   -87.24
  -75.00     0.00    -999.99  -14.02  -14.02    0.00000    90.00  LINEAR    0.00000E+00     0.00    6.97705E-03   -87.52
  -70.00     0.00    -999.99  -11.95  -11.95    0.00000    90.00  LINEAR    0.00000E+00     0.00    8.85152E-03   -87.70
  -65.00     0.00    -999.99  -10.52  -10.52    0.00000    90.00  LINEAR    0.00000E+00     0.00    1.04361E-02   -87.79
  -60.00     0.00    -999.99   -9.51   -9.51    0.00000    90.00  LINEAR    0.00000E+00     0.00    1.17192E-02   -87.79
  -55.00     0.00    -999.99   -8.81   -8.81    0.00000    90.00  LINEAR    0.00000E+00     0.00    1.27065E-02   -87.69
  -50.00     0.00    -999.99   -8.34   -8.34    0.00000    90.00  LINEAR    0.00000E+00     0.00    1.34184E-02   -87.52
  -45.00     0.00    -999.99   -8.04   -8.04    0.00000    90.00  LINEAR    0.00000E+00     0.00    1.38869E-02   -87.27
  -40.00     0.00    -999.99   -7.88   -7.88    0.00000    90.00  LINEAR    0.00000E+00     0.00    1.41516E-02   -86.95
  -35.00     0.00    -999.99   -7.81   -7.81    0.00000    90.00  LINEAR    0.00000E+00     0.00    1.42558E-02   -86.60
  -30.00     0.00    -999.99   -7.82   -7.82    0.00000    90.00  LINEAR    0.00000E+00     0.00    1.42435E-02   -86.21
  -25.00     0.00    -999.99   -7.87   -7.87    0.00000    90.00  LINEAR    0.00000E+00     0.00    1.41565E-02   -85.83
  -20.00     0.00    -999.99   -7.95   -7.95    0.00000    90.00  LINEAR    0.00000E+00     0.00    1.40320E-02   -85.46
  -15.00     0.00    -999.99   -8.03   -8.03    0.00000    90.00  LINEAR    0.00000E+00     0.00    1.39018E-02   -85.15
  -10.00     0.00    -999.99   -8.10   -8.10    0.00000    90.00  LINEAR    0.00000E+00     0.00    1.37908E-02   -84.90
   -5.00     0.00    -999.99   -8.15   -8.15    0.00000    90.00  LINEAR    0.00000E+00     0.00    1.37169E-02   -84.74
    0.00     0.00    -999.99   -8.16   -8.16    0.00000    90.00  LINEAR    0.00000E+00     0.00    1.36911E-02   -84.69
    5.00     0.00    -999.99   -8.15   -8.15    0.00000    90.00  LINEAR    0.00000E+00     0.00    1.37169E-02   -84.74
   10.00     0.00    -999.99   -8.10   -8.10    0.00000    90.00  LINEAR    0.00000E+00     0.00    1.37908E-02   -84.90
   15.00     0.00    -999.99   -8.03   -8.03    0.00000    90.00  LINEAR    0.00000E+00     0.00    1.39018E-02   -85.15
   20.00     0.00    -999.99   -7.95   -7.95    0.00000    90.00  LINEAR    0.00000E+00     0.00    1.40320E-02   -85.46
   25.00     0.00    -999.99   -7.87   -7.87    0.00000    90.00  LINEAR    0.00000E+00     0.00    1.41565E-02   -85.83
   30.00     0.00    -999.99   -7.82   -7.82    0.00000    90.00  LINEAR    0.00000E+00     0.00    1.42435E-02   -86.21
   35.00     0.00    -999.99   -7.81   -7.81    0.00000    90.00  LINEAR    0.00000E+00     0.00    1.42558E-02   -86.60
   40.00     0.00    -999.99   -7.88   -7.88    0.00000    90.00  LINEAR    0.00000E+00     0.00    1.41516E-02   -86.95
   45.00     0.00    -999.99   -8.04   -8.04    0.00000    90.00  LINEAR    0.00000E+00     0.00    1.38869E-02   -87.27
   50.00     0.00    -999.99   -8.34   -8.34    0.00000    90.00  LINEAR    0.00000E+00     0.00    1.34184E-02   -87.52
   55.00     0.00    -999.99   -8.81   -8.81    0.00000    90.00  LINEAR    0.00000E+00     0.00    1.27065E-02   -87.69
   60.00     0.00    -999.99   -9.51   -9.51    0.00000    90.00  LINEAR    0.00000E+00     0.00    1.17192E-02   -87.79
   65.00     0.00    -999.99  -10.52  -10.52    0.00000    90.00  LINEAR    0.00000E+00     0.00    1.04361E-02   -87.79
   70.00     0.00    -999.99  -11.95  -11.95    0.00000    90.00  LINEAR    0.00000E+00     0.00    8.85152E-03   -87.70
   75.00     0.00    -999.99  -14.02  -14.02    0.00000    90.00  LINEAR    0.00000E+00     0.00    6.97705E-03   -87.52
   80.00     0.00    -999.99  -17.19  -17.19    0.00000    90.00  LINEAR    0.00000E+00     0.00    4.84263E-03   -87.24
   85.00     0.00    -999.99  -22.95  -22.95    0.00000    90.00  LINEAR    0.00000E+00     0.00    2.49594E-03   -86.87
   90.00     0.00    -999.99 -999.99 -999.99    0.00000     0.00            0.00000E+00     0.00    1.48922E-13    93.60




                                 - - - - - - FREQUENCY - - - - - -

                                    FREQUENCY= 5.0000E+00 MHZ
                                    WAVELENGTH= 5.9960E+01 METERS




                    APPROXIMATE INTEGRATION EMPLOYED FOR SEGMENTS MORE THAN   1.000 WAVELENGTHS APART



                               - - - STRUCTURE IMPEDANCE LOADING - - -


       LOCATION          RESISTANCE   INDUCTANCE  CAPACITANCE       IMPEDANCE (OHMS)     CONDUCTIVITY    TYPE
    ITAG FROM THRU          OHMS        HENRYS       FARADS        REAL      IMAGINARY    MHOS/METER

      11    1    1      2.5757E+03   2.1462E-06   1.5000E-11                                          PARALLEL

      12    1    1      2.5757E+03   2.1462E-06   1.5000E-11                                          PARALLEL

      21    1    1      6.5976E+03   5.4976E-06   1.0400E-11                                          PARALLEL

      31    1    1      6.5976E+03   5.4976E-06   1.0400E-11                                          PARALLEL

      41    1    1      9.5357E+03   7.9458E-06   1.6150E-11                                          PARALLEL

      51    1    1      9.5357E+03   7.9458E-06   1.6150E-11                                          PARALLEL

      61    1    1      1.4872E+04   1.2392E-05   2.0000E-11                                          PARALLEL

      71    1    1      1.4872E+04   1.2392E-05   2.0000E-11                                          PARALLEL

      81    1    1      8.8382E+04   7.3646E-05   7.0000E-12                                          PARALLEL

      91    1    1      8.8382E+04   7.3646E-05   7.0000E-12                                          PARALLEL

     101    1    1      1.7754E+05   1.4794E-04   1.3900E-11                                          PARALLEL

     111    1    1      1.7754E+05   1.4794E-04   1.3900E-11                                          PARALLEL



                                  - - - ANTENNA ENVIRONMENT - - -

                                        FINITE GROUND.  SOMMERFELD SOLUTION
                                        RELATIVE DIELECTRIC CONST.= 13.000
                                        CONDUCTIVITY= 5.000E-03 MHOS/METER
                                        COMPLEX DIELECTRIC CONSTANT= 1.30000E+01-1.79760E+01



                                - - - MATRIX TIMING - - -

                        FILL=    0.016 SEC.,  FACTOR=    0.000 SEC.



                                          - - - ANTENNA INPUT PARAMETERS - - -

   TAG   SEG.    VOLTAGE (VOLTS)         CURRENT (AMPS)         IMPEDANCE (OHMS)        ADMITTANCE (MHOS)      POWER
   NO.   NO.    REAL        IMAG.       REAL        IMAG.       REAL        IMAG.       REAL        IMAG.     (WATTS)
     1     6 1.00000E+00 0.00000E+00 1.83629E-05 5.50777E-04 6.04655E+01-1.81360E+03 1.83629E-05 5.50777E-04 9.18145E-06



                             - - - CURRENTS AND LOCATION - - -

                                 DISTANCES IN WAVELENGTHS


  SEG.  TAG    COORD. OF SEG. CENTER     SEG.            - - - CURRENT (AMPS) - - -
  NO.   NO.     X        Y        Z      LENGTH     REAL        IMAG.       MAG.        PHASE
     1    1   0.0000  -0.0383   0.3336  0.00767   1.7729E-05  2.7517E-04  2.7574E-04   86.313
     2    1   0.0000  -0.0307   0.3336  0.00767   1.7946E-05  3.3011E-04  3.3060E-04   86.888
     3    1   0.0000  -0.0230   0.3336  0.00767   1.8125E-05  3.8546E-04  3.8589E-04   87.308
     4    1   0.0000  -0.0153   0.3336  0.00767   1.8256E-05  4.4182E-04  4.4220E-04   87.634
     5    1   0.0000  -0.0077   0.3336  0.00767   1.8336E-05  5.0118E-04  5.0151E-04   87.905
     6    1   0.0000   0.0000   0.3336  0.00767   1.8363E-05  5.5078E-04  5.5108E-04   88.090
     7    1   0.0000   0.0077   0.3336  0.00767   1.8336E-05  5.0118E-04  5.0151E-04   87.905
     8    1   0.0000   0.0153   0.3336  0.00767   1.8256E-05  4.4182E-04  4.4220E-04   87.634
     9    1   0.0000   0.0230   0.3336  0.00767   1.8125E-05  3.8546E-04  3.8589E-04   87.308
    10    1   0.0000   0.0307   0.3336  0.00767   1.7946E-05  3.3011E-04  3.3060E-04   86.888
    11    1   0.0000   0.0383   0.3336  0.00767   1.7729E-05  2.7517E-04  2.7574E-04   86.313
    12   11   0.0000  -0.0438   0.3336  0.00334  -1.7549E-05 -2.3578E-04  2.3643E-04  -94.257
    13   12   0.0000   0.0438   0.3336  0.00334   1.7549E-05  2.3578E-04  2.3643E-04   85.743
    14    2   0.0000  -0.0469   0.3336  0.00279  -1.7365E-05 -2.1308E-04  2.1379E-04  -94.659
    15    2   0.0000  -0.0497   0.3336  0.00279  -1.7193E-05 -1.9235E-04  1.9312E-04  -95.108
    16    3   0.0000   0.0469   0.3336  0.00279   1.7365E-05  2.1308E-04  2.1379E-04   85.341
    17    3   0.0000   0.0497   0.3336  0.00279   1.7193E-05  1.9235E-04  1.9312E-04   84.893
    18   21   0.0000  -0.0528   0.3336  0.00334  -1.6985E-05 -1.6946E-04  1.7031E-04  -95.724
    19   31   0.0000   0.0528   0.3336  0.00334   1.6985E-05  1.6946E-04  1.7031E-04   84.276
    20    4   0.0000  -0.0566   0.3336  0.00439  -1.6490E-05 -1.3873E-04  1.3971E-04  -96.779
    21    4   0.0000  -0.0610   0.3336  0.00439  -1.5916E-05 -1.0358E-04  1.0480E-04  -98.736
    22    5   0.0000   0.0566   0.3336  0.00439   1.6490E-05  1.3873E-04  1.3971E-04   83.221
    23    5   0.0000   0.0610   0.3336  0.00439   1.5916E-05  1.0358E-04  1.0480E-04   81.264
    24   41   0.0000  -0.0649   0.3336  0.00334  -1.5395E-05 -7.2481E-05  7.4098E-05 -101.992
    25   51   0.0000   0.0649   0.3336  0.00334   1.5395E-05  7.2481E-05  7.4098E-05   78.008
    26    6   0.0000  -0.0687   0.3336  0.00429  -1.4584E-05 -4.0394E-05  4.2947E-05 -109.852
    27    6   0.0000  -0.0730   0.3336  0.00429  -1.3657E-05 -3.8694E-06  1.4194E-05 -164.181
    28    7   0.0000   0.0687   0.3336  0.00429   1.4584E-05  4.0394E-05  4.2947E-05   70.148
    29    7   0.0000   0.0730   0.3336  0.00429   1.3657E-05  3.8694E-06  1.4194E-05   15.819
    30   61   0.0000  -0.0768   0.3336  0.00334  -1.2811E-05  2.8895E-05  3.1607E-05  113.911
    31   71   0.0000   0.0768   0.3336  0.00334   1.2811E-05 -2.8895E-05  3.1607E-05  -66.089
    32    8   0.0000  -0.0818   0.3336  0.00670  -1.1196E-05  7.1696E-05  7.2565E-05   98.876
    33    8   0.0000  -0.0885   0.3336  0.00670  -8.9647E-06  1.3218E-04  1.3248E-04   93.880
    34    9   0.0000   0.0818   0.3336  0.00670   1.1196E-05 -7.1696E-05  7.2565E-05  -81.124
    35    9   0.0000   0.0885   0.3336  0.00670   8.9647E-06 -1.3218E-04  1.3248E-04  -86.120
    36   81   0.0000  -0.0935   0.3336  0.00334  -7.3021E-06  1.7650E-04  1.7665E-04   92.369
    37   91   0.0000   0.0935   0.3336  0.00334   7.3022E-06 -1.7650E-04  1.7665E-04  -87.631
    38   10   0.0000  -0.0986   0.3336  0.00673  -6.4274E-06  1.5312E-04  1.5325E-04   92.404
    39   10   0.0000  -0.1053   0.3336  0.00673  -5.2428E-06  1.2043E-04  1.2055E-04   92.493
    40   10   0.0000  -0.1120   0.3336  0.00673  -3.9689E-06  9.1098E-05  9.1185E-05   92.495
    41   10   0.0000  -0.1187   0.3336  0.00673  -2.5991E-06  6.2443E-05  6.2497E-05   92.383
    42   11   0.0000   0.0986   0.3336  0.00673   6.4275E-06 -1.5312E-04  1.5325E-04  -87.596
    43   11   0.0000   0.1053   0.3336  0.00673   5.2428E-06 -1.2043E-04  1.2055E-04  -87.507
    44   11   0.0000   0.1120   0.3336  0.00673   3.9689E-06 -9.1098E-05  9.1185E-05  -87.505
    45   11   0.0000   0.1187   0.3336  0.00673   2.5991E-06 -6.2443E-05  6.2497E-05  -87.617
    46  101   0.0000  -0.1238   0.3336  0.00334  -1.5640E-06  4.1814E-05  4.1843E-05   92.142
    47  111   0.0000   0.1238   0.3336  0.00334   1.5640E-06 -4.1814E-05  4.1843E-05  -87.858
    48   12   0.0000  -0.1288   0.3336  0.00672  -1.4773E-06  3.6904E-05  3.6934E-05   92.292
    49   12   0.0000  -0.1355   0.3336  0.00672  -1.3518E-06  3.0989E-05  3.1019E-05   92.498
    50   12   0.0000  -0.1422   0.3336  0.00672  -1.1431E-06  2.4524E-05  2.4551E-05   92.669
    51   12   0.0000  -0.1490   0.3336  0.00672  -8.8194E-07  1.7885E-05  1.7906E-05   92.823
    52   12   0.0000  -0.1557   0.3336  0.00672  -5.7532E-07  1.1101E-05  1.1116E-05   92.967
    53   12   0.0000  -0.1624   0.3336  0.00672  -2.1523E-07  3.9724E-06  3.9782E-06   93.101
    54   13   0.0000   0.1288   0.3336  0.00672   1.4773E-06 -3.6904E-05  3.6934E-05  -87.708
    55   13   0.0000   0.1355   0.3336  0.00672   1.3518E-06 -3.0989E-05  3.1019E-05  -87.502
    56   13   0.0000   0.1422   0.3336  0.00672   1.1431E-06 -2.4524E-05  2.4551E-05  -87.331
    57   13   0.0000   0.1490   0.3336  0.00672   8.8194E-07 -1.7885E-05  1.7906E-05  -87.177
    58   13   0.0000   0.1557   0.3336  0.00672   5.7532E-07 -1.1101E-05  1.1116E-05  -87.033
    59   13   0.0000   0.1624   0.3336  0.00672   2.1523E-07 -3.9724E-06  3.9782E-06  -86.899



                                        - - - POWER BUDGET - - -

                                           INPUT POWER   = 9.1815E-06 WATTS
                                           RADIATED POWER= 8.5196E-07 WATTS
                                           STRUCTURE LOSS= 8.3295E-06 WATTS
                                           NETWORK LOSS  = 0.0000E+00 WATTS
                                           EFFICIENCY    =   9.28 PERCENT



                                                - - - RADIATION PATTERNS - - -

  - - ANGLES - -           - POWER GAINS -       - - - POLARIZATION - - -    - - - E(THETA) - - -    - - - E(PHI) - - -
  THETA     PHI        VERT.   HOR.    TOTAL      AXIAL     TILT   SENSE     MAGNITUDE    PHASE      MAGNITUDE    PHASE 
 DEGREES  DEGREES       DB      DB      DB        RATIO     DEG.              VOLTS/M    DEGREES      VOLTS/M    DEGREES
  -90.00     0.00    -999.99 -999.99 -999.99    0.00000     0.00            0.00000E+00     0.00    1.27946E-13  -101.24
  -85.00     0.00    -999.99  -20.81  -20.81    0.00000    90.00  LINEAR    0.00000E+00     0.00    2.13621E-03    78.31
  -80.00     0.00    -999.99  -15.13  -15.13    0.00000    90.00  LINEAR    0.00000E+00     0.00    4.11166E-03    77.99
  -75.00     0.00    -999.99  -12.06  -12.06    0.00000    90.00  LINEAR    0.00000E+00     0.00    5.85256E-03    77.80
  -70.00     0.00    -999.99  -10.13  -10.13    0.00000    90.00  LINEAR    0.00000E+00     0.00    7.30607E-03    77.74
  -65.00     0.00    -999.99   -8.88   -8.88    0.00000    90.00  LINEAR    0.00000E+00     0.00    8.44330E-03    77.82
  -60.00     0.00    -999.99   -8.08   -8.08    0.00000    90.00  LINEAR    0.00000E+00     0.00    9.25941E-03    78.03
  -55.00     0.00    -999.99   -7.61   -7.61    0.00000    90.00  LINEAR    0.00000E+00     0.00    9.77115E-03    78.38
  -50.00     0.00    -999.99   -7.40   -7.40    0.00000    90.00  LINEAR    0.00000E+00     0.00    1.00125E-02    78.87
  -45.00     0.00    -999.99   -7.38   -7.38    0.00000    90.00  LINEAR    0.00000E+00     0.00    1.00296E-02    79.48
  -40.00     0.00    -999.99   -7.52   -7.52    0.00000    90.00  LINEAR    0.00000E+00     0.00    9.87459E-03    80.21
  -35.00     0.00    -999.99   -7.76   -7.76    0.00000    90.00  LINEAR    0.00000E+00     0.00    9.60135E-03    81.03
  -30.00     0.00    -999.99   -8.07   -8.07    0.00000    90.00  LINEAR    0.00000E+00     0.00    9.26095E-03    81.92
  -25.00     0.00    -999.99   -8.42   -8.42    0.00000    90.00  LINEAR    0.00000E+00     0.00    8.89898E-03    82.83
  -20.00     0.00    -999.99   -8.76   -8.76    0.00000    90.00  LINEAR    0.00000E+00     0.00    8.55378E-03    83.71
  -15.00     0.00    -999.99   -9.07   -9.07    0.00000    90.00  LINEAR    0.00000E+00     0.00    8.25582E-03    84.50
  -10.00     0.00    -999.99   -9.32   -9.32    0.00000    90.00  LINEAR    0.00000E+00     0.00    8.02778E-03    85.12
   -5.00     0.00    -999.99   -9.47   -9.47    0.00000    90.00  LINEAR    0.00000E+00     0.00    7.88505E-03    85.52
    0.00     0.00    -999.99   -9.53   -9.53    0.00000    90.00  LINEAR    0.00000E+00     0.00    7.83651E-03    85.66
    5.00     0.00    -999.99   -9.47   -9.47    0.00000    90.00  LINEAR    0.00000E+00     0.00    7.88505E-03    85.52
   10.00     0.00    -999.99   -9.32   -9.32    0.00000    90.00  LINEAR    0.00000E+00     0.00    8.02778E-03    85.12
   15.00     0.00    -999.99   -9.07   -9.07    0.00000    90.00  LINEAR    0.00000E+00     0.00    8.25582E-03    84.50
   20.00     0.00    -999.99   -8.76   -8.76    0.00000    90.00  LINEAR    0.00000E+00     0.00    8.55378E-03    83.71
   25.00     0.00    -999.99   -8.42   -8.42    0.00000    90.00  LINEAR    0.00000E+00     0.00    8.89898E-03    82.83
   30.00     0.00    -999.99   -8.07   -8.07    0.00000    90.00  LINEAR    0.00000E+00     0.00    9.26095E-03    81.92
   35.00     0.00    -999.99   -7.76   -7.76    0.00000    90.00  LINEAR    0.00000E+00     0.00    9.60135E-03    81.03
   40.00     0.00    -999.99   -7.52   -7.52    0.00000    90.00  LINEAR    0.00000E+00     0.00    9.87459E-03    80.21
   45.00     0.00    -999.99   -7.38   -7.38    0.00000    90.00  LINEAR    0.00000E+00     0.00    1.00296E-02    79.48
   50.00     0.00    -999.99   -7.40   -7.40    0.00000    90.00  LINEAR    0.00000E+00     0.00    1.00125E-02    78.87
   55.00     0.00    -999.99   -7.61   -7.61    0.00000    90.00  LINEAR    0.00000E+00     0.00    9.77115E-03    78.38
   60.00     0.00    -999.99   -8.08   -8.08    0.00000    90.00  LINEAR    0.00000E+00     0.00    9.25941E-03    78.03
   65.00     0.00    -999.99   -8.88   -8.88    0.00000    90.00  LINEAR    0.00000E+00     0.00    8.44330E-03    77.82
   70.00     0.00    -999.99  -10.13  -10.13    0.00000    90.00  LINEAR    0.00000E+00     0.00    7.30607E-03    77.74
   75.00     0.00    -999.99  -12.06  -12.06    0.00000    90.00  LINEAR    0.00000E+00     0.00    5.85256E-03    77.80
   80.00     0.00    -999.99  -15.13  -15.13    0.00000    90.00  LINEAR    0.00000E+00     0.00    4.11166E-03    77.99
   85.00     0.00    -999.99  -20.81  -20.81    0.00000    90.00  LINEAR    0.00000E+00     0.00    2.13621E-03    78.31
   90.00     0.00    -999.99 -999.99 -999.99    0.00000     0.00            0.00000E+00     0.00    1.27946E-13  -101.24




                                 - - - - - - FREQUENCY - - - - - -

                                    FREQUENCY= 6.0000E+00 MHZ
                                    WAVELENGTH= 4.9967E+01 METERS




                    APPROXIMATE INTEGRATION EMPLOYED FOR SEGMENTS MORE THAN   1.000 WAVELENGTHS APART



                               - - - STRUCTURE IMPEDANCE LOADING - - -


       LOCATION          RESISTANCE   INDUCTANCE  CAPACITANCE       IMPEDANCE (OHMS)     CONDUCTIVITY    TYPE
    ITAG FROM THRU          OHMS        HENRYS       FARADS        REAL      IMAGINARY    MHOS/METER

      11    1    1      2.5757E+03   2.1462E-06   1.5000E-11                                          PARALLEL

      12    1    1      2.5757E+03   2.1462E-06   1.5000E-11                                          PARALLEL

      21    1    1      6.5976E+03   5.4976E-06   1.0400E-11                                          PARALLEL

      31    1    1      6.5976E+03   5.4976E-06   1.0400E-11                                          PARALLEL

      41    1    1      9.5357E+03   7.9458E-06   1.6150E-11                                          PARALLEL

      51    1    1      9.5357E+03   7.9458E-06   1.6150E-11                                          PARALLEL

      61    1    1      1.4872E+04   1.2392E-05   2.0000E-11                                          PARALLEL

      71    1    1      1.4872E+04   1.2392E-05   2.0000E-11                                          PARALLEL

      81    1    1      8.8382E+04   7.3646E-05   7.0000E-12                                          PARALLEL

      91    1    1      8.8382E+04   7.3646E-05   7.0000E-12                                          PARALLEL

     101    1    1      1.7754E+05   1.4794E-04   1.3900E-11                                          PARALLEL

     111    1    1      1.7754E+05   1.4794E-04   1.3900E-11                                          PARALLEL



                                  - - - ANTENNA ENVIRONMENT - - -

                                        FINITE GROUND.  SOMMERFELD SOLUTION
                                        RELATIVE DIELECTRIC CONST.= 13.000
                                        CONDUCTIVITY= 5.000E-03 MHOS/METER
                                        COMPLEX DIELECTRIC CONSTANT= 1.30000E+01-1.49800E+01



                                - - - MATRIX TIMING - - -

                        FILL=    0.016 SEC.,  FACTOR=    0.000 SEC.



                                          - - - ANTENNA INPUT PARAMETERS - - -

   TAG   SEG.    VOLTAGE (VOLTS)         CURRENT (AMPS)         IMPEDANCE (OHMS)        ADMITTANCE (MHOS)      POWER
   NO.   NO.    REAL        IMAG.       REAL        IMAG.       REAL        IMAG.       REAL        IMAG.     (WATTS)
     1     6 1.00000E+00 0.00000E+00 7.07404E-05 1.09296E-03 5.89718E+01-9.11131E+02 7.07404E-05 1.09296E-03 3.53702E-05



                             - - - CURRENTS AND LOCATION - - -

                                 DISTANCES IN WAVELENGTHS


  SEG.  TAG    COORD. OF SEG. CENTER     SEG.            - - - CURRENT (AMPS) - - -
  NO.   NO.     X        Y        Z      LENGTH     REAL        IMAG.       MAG.        PHASE
     1    1   0.0000  -0.0460   0.4003  0.00920   6.7089E-05  7.4221E-04  7.4524E-04   84.835
     2    1   0.0000  -0.0368   0.4003  0.00920   6.8342E-05  8.1483E-04  8.1769E-04   85.206
     3    1   0.0000  -0.0276   0.4003  0.00920   6.9372E-05  8.8687E-04  8.8958E-04   85.527
     4    1   0.0000  -0.0184   0.4003  0.00920   7.0127E-05  9.5872E-04  9.6128E-04   85.816
     5    1   0.0000  -0.0092   0.4003  0.00920   7.0586E-05  1.0325E-03  1.0350E-03   86.089
     6    1   0.0000   0.0000   0.4003  0.00920   7.0740E-05  1.0930E-03  1.0952E-03   86.297
     7    1   0.0000   0.0092   0.4003  0.00920   7.0586E-05  1.0325E-03  1.0350E-03   86.089
     8    1   0.0000   0.0184   0.4003  0.00920   7.0127E-05  9.5872E-04  9.6128E-04   85.816
     9    1   0.0000   0.0276   0.4003  0.00920   6.9372E-05  8.8687E-04  8.8958E-04   85.527
    10    1   0.0000   0.0368   0.4003  0.00920   6.8342E-05  8.1483E-04  8.1769E-04   85.206
    11    1   0.0000   0.0460   0.4003  0.00920   6.7089E-05  7.4221E-04  7.4524E-04   84.835
    12   11   0.0000  -0.0526   0.4003  0.00400  -6.6047E-05 -6.8951E-04  6.9266E-04  -95.472
    13   12   0.0000   0.0526   0.4003  0.00400   6.6047E-05  6.8951E-04  6.9266E-04   84.528
    14    2   0.0000  -0.0563   0.4003  0.00335  -6.5010E-05 -6.5675E-04  6.5996E-04  -95.653
    15    2   0.0000  -0.0596   0.4003  0.00335  -6.4040E-05 -6.2676E-04  6.3002E-04  -95.834
    16    3   0.0000   0.0563   0.4003  0.00335   6.5010E-05  6.5675E-04  6.5996E-04   84.347
    17    3   0.0000   0.0596   0.4003  0.00335   6.4040E-05  6.2676E-04  6.3002E-04   84.166
    18   21   0.0000  -0.0633   0.4003  0.00400  -6.2869E-05 -5.9314E-04  5.9646E-04  -96.050
    19   31   0.0000   0.0633   0.4003  0.00400   6.2869E-05  5.9314E-04  5.9646E-04   83.950
    20    4   0.0000  -0.0680   0.4003  0.00527  -6.0071E-05 -5.4138E-04  5.4470E-04  -96.332
    21    4   0.0000  -0.0732   0.4003  0.00527  -5.6826E-05 -4.8205E-04  4.8539E-04  -96.723
    22    5   0.0000   0.0680   0.4003  0.00527   6.0071E-05  5.4138E-04  5.4470E-04   83.668
    23    5   0.0000   0.0732   0.4003  0.00527   5.6826E-05  4.8205E-04  4.8539E-04   83.277
    24   41   0.0000  -0.0779   0.4003  0.00400  -5.3872E-05 -4.2925E-04  4.3262E-04  -97.153
    25   51   0.0000   0.0779   0.4003  0.00400   5.3872E-05  4.2925E-04  4.3262E-04   82.847
    26    6   0.0000  -0.0824   0.4003  0.00514  -4.9124E-05 -3.6593E-04  3.6921E-04  -97.646
    27    6   0.0000  -0.0876   0.4003  0.00514  -4.3692E-05 -2.9386E-04  2.9709E-04  -98.457
    28    7   0.0000   0.0824   0.4003  0.00514   4.9124E-05  3.6593E-04  3.6921E-04   82.354
    29    7   0.0000   0.0876   0.4003  0.00514   4.3692E-05  2.9386E-04  2.9709E-04   81.543
    30   61   0.0000  -0.0922   0.4003  0.00400  -3.8698E-05 -2.2880E-04  2.3205E-04  -99.600
    31   71   0.0000   0.0922   0.4003  0.00400   3.8698E-05  2.2880E-04  2.3205E-04   80.400
    32    8   0.0000  -0.0982   0.4003  0.00804  -2.8545E-05 -1.2605E-04  1.2924E-04 -102.760
    33    8   0.0000  -0.1062   0.4003  0.00804  -1.4285E-05  1.7787E-05  2.2813E-05  128.769
    34    9   0.0000   0.0982   0.4003  0.00804   2.8545E-05  1.2605E-04  1.2924E-04   77.240
    35    9   0.0000   0.1062   0.4003  0.00804   1.4285E-05 -1.7787E-05  2.2813E-05  -51.231
    36   81   0.0000  -0.1122   0.4003  0.00400  -3.8094E-06  1.2322E-04  1.2328E-04   91.771
    37   91   0.0000   0.1122   0.4003  0.00400   3.8094E-06 -1.2322E-04  1.2328E-04  -88.229
    38   10   0.0000  -0.1183   0.4003  0.00807  -3.9840E-06  1.0473E-04  1.0481E-04   92.178
    39   10   0.0000  -0.1263   0.4003  0.00807  -4.3451E-06  7.7542E-05  7.7664E-05   93.207
    40   10   0.0000  -0.1344   0.4003  0.00807  -4.0168E-06  5.6919E-05  5.7061E-05   94.037
    41   10   0.0000  -0.1425   0.4003  0.00807  -3.3009E-06  3.8728E-05  3.8869E-05   94.872
    42   11   0.0000   0.1183   0.4003  0.00807   3.9840E-06 -1.0473E-04  1.0481E-04  -87.822
    43   11   0.0000   0.1263   0.4003  0.00807   4.3451E-06 -7.7542E-05  7.7664E-05  -86.793
    44   11   0.0000   0.1344   0.4003  0.00807   4.0168E-06 -5.6919E-05  5.7061E-05  -85.963
    45   11   0.0000   0.1425   0.4003  0.00807   3.3009E-06 -3.8728E-05  3.8869E-05  -85.128
    46  101   0.0000  -0.1485   0.4003  0.00400  -2.6143E-06  2.6371E-05  2.6500E-05   95.662
    47  111   0.0000   0.1485   0.4003  0.00400   2.6143E-06 -2.6371E-05  2.6500E-05  -84.338
    48   12   0.0000  -0.1546   0.4003  0.00806  -2.6765E-06  2.2189E-05  2.2349E-05   96.878
    49   12   0.0000  -0.1626   0.4003  0.00806  -2.6175E-06  1.7534E-05  1.7729E-05   98.490
    50   12   0.0000  -0.1707   0.4003  0.00806  -2.3468E-06  1.3171E-05  1.3378E-05  100.103
    51   12   0.0000  -0.1788   0.4003  0.00806  -1.9024E-06  9.1627E-06  9.3581E-06  101.729
    52   12   0.0000  -0.1868   0.4003  0.00806  -1.2946E-06  5.4453E-06  5.5971E-06  103.373
    53   12   0.0000  -0.1949   0.4003  0.00806  -5.0217E-07  1.8718E-06  1.9380E-06  105.017
    54   13   0.0000   0.1546   0.4003  0.00806   2.6765E-06 -2.2189E-05  2.2349E-05  -83.122
    55   13   0.0000   0.1626   0.4003  0.00806   2.6175E-06 -1.7534E-05  1.7729E-05  -81.510
    56   13   0.0000   0.1707   0.4003  0.00806   2.3468E-06 -1.3171E-05  1.3378E-05  -79.897
    57   13   0.0000   0.1788   0.4003  0.00806   1.9024E-06 -9.1627E-06  9.3581E-06  -78.271
    58   13   0.0000   0.1868   0.4003  0.00806   1.2946E-06 -5.4453E-06  5.5971E-06  -76.627
    59   13   0.0000   0.1949   0.4003  0.00806   5.0217E-07 -1.8718E-06  1.9380E-06  -74.983



                                        - - - POWER BUDGET - - -

                                           INPUT POWER   = 3.5370E-05 WATTS
                                           RADIATED POWER= 8.4544E-06 WATTS
                                           STRUCTURE LOSS= 2.6916E-05 WATTS
                                           NETWORK LOSS  = 0.0000E+00 WATTS
                                           EFFICIENCY    =  23.90 PERCENT



                                                - - - RADIATION PATTERNS - - -

  - - ANGLES - -           - POWER GAINS -       - - - POLARIZATION - - -    - - - E(THETA) - - -    - - - E(PHI) - - -
  THETA     PHI        VERT.   HOR.    TOTAL      AXIAL     TILT   SENSE     MAGNITUDE    PHASE      MAGNITUDE    PHASE 
 DEGREES  DEGREES       DB      DB      DB        RATIO     DEG.              VOLTS/M    DEGREES      VOLTS/M    DEGREES
  -90.00     0.00    -999.99 -999.99 -999.99    0.00000     0.00            0.00000E+00     0.00    6.49888E-13  -100.29
  -85.00     0.00    -999.99  -12.59  -12.59    0.00000    90.00  LINEAR    0.00000E+00     0.00    1.08080E-02    79.29
  -80.00     0.00    -999.99   -6.98   -6.98    0.00000    90.00  LINEAR    0.00000E+00     0.00    2.06160E-02    79.04
  -75.00     0.00    -999.99   -4.04   -4.04    0.00000    90.00  LINEAR    0.00000E+00     0.00    2.89342E-02    78.96
  -70.00     0.00    -999.99   -2.28   -2.28    0.00000    90.00  LINEAR    0.00000E+00     0.00    3.54325E-02    79.05
  -65.00     0.00    -999.99   -1.23   -1.23    0.00000    90.00  LINEAR    0.00000E+00     0.00    3.99609E-02    79.33
  -60.00     0.00    -999.99   -0.69   -0.69    0.00000    90.00  LINEAR    0.00000E+00     0.00    4.25444E-02    79.81
  -55.00     0.00    -999.99   -0.52   -0.52    0.00000    90.00  LINEAR    0.00000E+00     0.00    4.33567E-02    80.50
  -50.00     0.00    -999.99   -0.66   -0.66    0.00000    90.00  LINEAR    0.00000E+00     0.00    4.26810E-02    81.42
  -45.00     0.00    -999.99   -1.04   -1.04    0.00000    90.00  LINEAR    0.00000E+00     0.00    4.08642E-02    82.59
  -40.00     0.00    -999.99   -1.61   -1.61    0.00000    90.00  LINEAR    0.00000E+00     0.00    3.82743E-02    84.02
  -35.00     0.00    -999.99   -2.32   -2.32    0.00000    90.00  LINEAR    0.00000E+00     0.00    3.52645E-02    85.72
  -30.00     0.00    -999.99   -3.12   -3.12    0.00000    90.00  LINEAR    0.00000E+00     0.00    3.21478E-02    87.67
  -25.00     0.00    -999.99   -3.96   -3.96    0.00000    90.00  LINEAR    0.00000E+00     0.00    2.91818E-02    89.82
  -20.00     0.00    -999.99   -4.78   -4.78    0.00000   -90.00  LINEAR    0.00000E+00     0.00    2.65632E-02    92.06
  -15.00     0.00    -999.99   -5.51   -5.51    0.00000   -90.00  LINEAR    0.00000E+00     0.00    2.44292E-02    94.22
  -10.00     0.00    -999.99   -6.08   -6.08    0.00000   -90.00  LINEAR    0.00000E+00     0.00    2.28647E-02    96.05
   -5.00     0.00    -999.99   -6.45   -6.45    0.00000   -90.00  LINEAR    0.00000E+00     0.00    2.19142E-02    97.29
    0.00     0.00    -999.99   -6.58   -6.58    0.00000   -90.00  LINEAR    0.00000E+00     0.00    2.15958E-02    97.73
    5.00     0.00    -999.99   -6.45   -6.45    0.00000   -90.00  LINEAR    0.00000E+00     0.00    2.19142E-02    97.29
   10.00     0.00    -999.99   -6.08   -6.08    0.00000   -90.00  LINEAR    0.00000E+00     0.00    2.28647E-02    96.05
   15.00     0.00    -999.99   -5.51   -5.51    0.00000   -90.00  LINEAR    0.00000E+00     0.00    2.44292E-02    94.22
   20.00     0.00    -999.99   -4.78   -4.78    0.00000   -90.00  LINEAR    0.00000E+00     0.00    2.65632E-02    92.06
   25.00     0.00    -999.99   -3.96   -3.96    0.00000    90.00  LINEAR    0.00000E+00     0.00    2.91818E-02    89.82
   30.00     0.00    -999.99   -3.12   -3.12    0.00000    90.00  LINEAR    0.00000E+00     0.00    3.21478E-02    87.67
   35.00     0.00    -999.99   -2.32   -2.32    0.00000    90.00  LINEAR    0.00000E+00     0.00    3.52645E-02    85.72
   40.00     0.00    -999.99   -1.61   -1.61    0.00000    90.00  LINEAR    0.00000E+00     0.00    3.82743E-02    84.02
   45.00     0.00    -999.99   -1.04   -1.04    0.00000    90.00  LINEAR    0.00000E+00     0.00    4.08642E-02    82.59
   50.00     0.00    -999.99   -0.66   -0.66    0.00000    90.00  LINEAR    0.00000E+00     0.00    4.26810E-02    81.42
   55.00     0.00    -999.99   -0.52   -0.52    0.00000    90.00  LINEAR    0.00000E+00     0.00    4.33567E-02    80.50
   60.00     0.00    -999.99   -0.69   -0.69    0.00000    90.00  LINEAR    0.00000E+00     0.00    4.25444E-02    79.81
   65.00     0.00    -999.99   -1.23   -1.23    0.00000    90.00  LINEAR    0.00000E+00     0.00    3.99609E-02    79.33
   70.00     0.00    -999.99   -2.28   -2.28    0.00000    90.00  LINEAR    0.00000E+00     0.00    3.54325E-02    79.05
   75.00     0.00    -999.99   -4.04   -4.04    0.00000    90.00  LINEAR    0.00000E+00     0.00    2.89342E-02    78.96
   80.00     0.00    -999.99   -6.98   -6.98    0.00000    90.00  LINEAR    0.00000E+00     0.00    2.06160E-02    79.04
   85.00     0.00    -999.99  -12.59  -12.59    0.00000    90.00  LINEAR    0.00000E+00     0.00    1.08080E-02    79.29
   90.00     0.00    -999.99 -999.99 -999.99    0.00000     0.00            0.00000E+00     0.00    6.49888E-13  -100.29




                                 - - - - - - FREQUENCY - - - - - -

                                    FREQUENCY= 7.0000E+00 MHZ
                                    WAVELENGTH= 4.2829E+01 METERS




                    APPROXIMATE INTEGRATION EMPLOYED FOR SEGMENTS MORE THAN   1.000 WAVELENGTHS APART



                               - - - STRUCTURE IMPEDANCE LOADING - - -


       LOCATION          RESISTANCE   INDUCTANCE  CAPACITANCE       IMPEDANCE (OHMS)     CONDUCTIVITY    TYPE
    ITAG FROM THRU          OHMS        HENRYS       FARADS        REAL      IMAGINARY    MHOS/METER

      11    1    1      2.5757E+03   2.1462E-06   1.5000E-11                                          PARALLEL

      12    1    1      2.5757E+03   2.1462E-06   1.5000E-11                                          PARALLEL

      21    1    1      6.5976E+03   5.4976E-06   1.0400E-11                                          PARALLEL

      31    1    1      6.5976E+03   5.4976E-06   1.0400E-11                                          PARALLEL

      41    1    1      9.5357E+03   7.9458E-06   1.6150E-11                                          PARALLEL

      51    1    1      9.5357E+03   7.9458E-06   1.6150E-11                                          PARALLEL

      61    1    1      1.4872E+04   1.2392E-05   2.0000E-11                                          PARALLEL

      71    1    1      1.4872E+04   1.2392E-05   2.0000E-11                                          PARALLEL

      81    1    1      8.8382E+04   7.3646E-05   7.0000E-12                                          PARALLEL

      91    1    1      8.8382E+04   7.3646E-05   7.0000E-12                                          PARALLEL

     101    1    1      1.7754E+05   1.4794E-04   1.3900E-11                                          PARALLEL

     111    1    1      1.7754E+05   1.4794E-04   1.3900E-11                                          PARALLEL



                                  - - - ANTENNA ENVIRONMENT - - -

                                        FINITE GROUND.  SOMMERFELD SOLUTION
                                        RELATIVE DIELECTRIC CONST.= 13.000
                                        CONDUCTIVITY= 5.000E-03 MHOS/METER
                                        COMPLEX DIELECTRIC CONSTANT= 1.30000E+01-1.28400E+01



                                - - - MATRIX TIMING - - -

                        FILL=    0.016 SEC.,  FACTOR=    0.000 SEC.



                                          - - - ANTENNA INPUT PARAMETERS - - -

   TAG   SEG.    VOLTAGE (VOLTS)         CURRENT (AMPS)         IMPEDANCE (OHMS)        ADMITTANCE (MHOS)      POWER
   NO.   NO.    REAL        IMAG.       REAL        IMAG.       REAL        IMAG.       REAL        IMAG.     (WATTS)
     1     6 1.00000E+00 0.00000E+00 5.28334E-03 1.08161E-03 1.81661E+02-3.71896E+01 5.28334E-03 1.08161E-03 2.64167E-03



                             - - - CURRENTS AND LOCATION - - -

                                 DISTANCES IN WAVELENGTHS


  SEG.  TAG    COORD. OF SEG. CENTER     SEG.            - - - CURRENT (AMPS) - - -
  NO.   NO.     X        Y        Z      LENGTH     REAL        IMAG.       MAG.        PHASE
     1    1   0.0000  -0.0537   0.4670  0.01074   5.0504E-03  6.7903E-04  5.0958E-03    7.658
     2    1   0.0000  -0.0429   0.4670  0.01074   5.1291E-03  7.6129E-04  5.1853E-03    8.442
     3    1   0.0000  -0.0322   0.4670  0.01074   5.1950E-03  8.4343E-04  5.2630E-03    9.222
     4    1   0.0000  -0.0215   0.4670  0.01074   5.2436E-03  9.2595E-04  5.3247E-03   10.014
     5    1   0.0000  -0.0107   0.4670  0.01074   5.2733E-03  1.0114E-03  5.3695E-03   10.857
     6    1   0.0000   0.0000   0.4670  0.01074   5.2833E-03  1.0816E-03  5.3929E-03   11.570
     7    1   0.0000   0.0107   0.4670  0.01074   5.2734E-03  1.0114E-03  5.3695E-03   10.857
     8    1   0.0000   0.0215   0.4670  0.01074   5.2436E-03  9.2595E-04  5.3247E-03   10.014
     9    1   0.0000   0.0322   0.4670  0.01074   5.1950E-03  8.4343E-04  5.2630E-03    9.222
    10    1   0.0000   0.0429   0.4670  0.01074   5.1291E-03  7.6129E-04  5.1853E-03    8.442
    11    1   0.0000   0.0537   0.4670  0.01074   5.0504E-03  6.7903E-04  5.0958E-03    7.658
    12   11   0.0000  -0.0614   0.4670  0.00467  -4.9858E-03 -6.1968E-04  5.0241E-03 -172.915
    13   12   0.0000   0.0614   0.4670  0.00467   4.9858E-03  6.1968E-04  5.0241E-03    7.085
    14    2   0.0000  -0.0657   0.4670  0.00391  -4.9152E-03 -5.8377E-04  4.9498E-03 -173.227
    15    2   0.0000  -0.0696   0.4670  0.00391  -4.8499E-03 -5.5094E-04  4.8811E-03 -173.519
    16    3   0.0000   0.0657   0.4670  0.00391   4.9152E-03  5.8377E-04  4.9498E-03    6.773
    17    3   0.0000   0.0696   0.4670  0.00391   4.8499E-03  5.5094E-04  4.8811E-03    6.481
    18   21   0.0000  -0.0739   0.4670  0.00467  -4.7705E-03 -5.1440E-04  4.7981E-03 -173.846
    19   31   0.0000   0.0739   0.4670  0.00467   4.7705E-03  5.1440E-04  4.7981E-03    6.154
    20    4   0.0000  -0.0793   0.4670  0.00615  -4.5650E-03 -4.6126E-04  4.5882E-03 -174.230
    21    4   0.0000  -0.0854   0.4670  0.00615  -4.3287E-03 -4.0042E-04  4.3471E-03 -174.715
    22    5   0.0000   0.0793   0.4670  0.00615   4.5650E-03  4.6126E-04  4.5882E-03    5.770
    23    5   0.0000   0.0854   0.4670  0.00615   4.3287E-03  4.0042E-04  4.3471E-03    5.285
    24   41   0.0000  -0.0908   0.4670  0.00467  -4.1142E-03 -3.4660E-04  4.1288E-03 -175.185
    25   51   0.0000   0.0908   0.4670  0.00467   4.1142E-03  3.4660E-04  4.1288E-03    4.815
    26    6   0.0000  -0.0962   0.4670  0.00600  -3.7459E-03 -2.8772E-04  3.7569E-03 -175.608
    27    6   0.0000  -0.1022   0.4670  0.00600  -3.3276E-03 -2.2066E-04  3.3349E-03 -176.206
    28    7   0.0000   0.0962   0.4670  0.00600   3.7459E-03  2.8772E-04  3.7569E-03    4.392
    29    7   0.0000   0.1022   0.4670  0.00600   3.3276E-03  2.2066E-04  3.3349E-03    3.794
    30   61   0.0000  -0.1075   0.4670  0.00467  -2.9420E-03 -1.6108E-04  2.9464E-03 -176.866
    31   71   0.0000   0.1075   0.4670  0.00467   2.9420E-03  1.6108E-04  2.9464E-03    3.134
    32    8   0.0000  -0.1145   0.4670  0.00938  -2.0816E-03 -8.7140E-05  2.0835E-03 -177.603
    33    8   0.0000  -0.1239   0.4670  0.00938  -8.7837E-04  1.5252E-05  8.7851E-04  179.005
    34    9   0.0000   0.1145   0.4670  0.00938   2.0816E-03  8.7139E-05  2.0835E-03    2.397
    35    9   0.0000   0.1239   0.4670  0.00938   8.7837E-04 -1.5252E-05  8.7851E-04   -0.995
    36   81   0.0000  -0.1309   0.4670  0.00467  -1.7938E-06  9.0440E-05  9.0458E-05   91.136
    37   91   0.0000   0.1309   0.4670  0.00467   1.7938E-06 -9.0440E-05  9.0458E-05  -88.864
    38   10   0.0000  -0.1380   0.4670  0.00942  -3.3179E-05  7.9403E-05  8.6056E-05  112.678
    39   10   0.0000  -0.1474   0.4670  0.00942  -9.4646E-05  6.2355E-05  1.1334E-04  146.622
    40   10   0.0000  -0.1568   0.4670  0.00942  -1.0772E-04  4.9114E-05  1.1839E-04  155.490
    41   10   0.0000  -0.1662   0.4670  0.00942  -9.9367E-05  3.6714E-05  1.0593E-04  159.722
    42   11   0.0000   0.1380   0.4670  0.00942   3.3179E-05 -7.9403E-05  8.6056E-05  -67.322
    43   11   0.0000   0.1474   0.4670  0.00942   9.4646E-05 -6.2355E-05  1.1334E-04  -33.378
    44   11   0.0000   0.1568   0.4670  0.00942   1.0772E-04 -4.9114E-05  1.1839E-04  -24.510
    45   11   0.0000   0.1662   0.4670  0.00942   9.9367E-05 -3.6714E-05  1.0593E-04  -20.278
    46  101   0.0000  -0.1733   0.4670  0.00467  -8.5095E-05  2.7810E-05  8.9524E-05  161.902
    47  111   0.0000   0.1733   0.4670  0.00467   8.5095E-05 -2.7810E-05  8.9524E-05  -18.098
    48   12   0.0000  -0.1803   0.4670  0.00941  -8.6977E-05  2.5618E-05  9.0671E-05  163.588
    49   12   0.0000  -0.1897   0.4670  0.00941  -8.3724E-05  2.2651E-05  8.6733E-05  164.861
    50   12   0.0000  -0.1991   0.4670  0.00941  -7.3640E-05  1.8972E-05  7.6044E-05  165.553
    51   12   0.0000  -0.2085   0.4670  0.00941  -5.8430E-05  1.4653E-05  6.0240E-05  165.922
    52   12   0.0000  -0.2179   0.4670  0.00941  -3.8870E-05  9.6253E-06  4.0044E-05  166.092
    53   12   0.0000  -0.2274   0.4670  0.00941  -1.4734E-05  3.6376E-06  1.5176E-05  166.132
    54   13   0.0000   0.1803   0.4670  0.00941   8.6977E-05 -2.5618E-05  9.0671E-05  -16.412
    55   13   0.0000   0.1897   0.4670  0.00941   8.3724E-05 -2.2651E-05  8.6734E-05  -15.139
    56   13   0.0000   0.1991   0.4670  0.00941   7.3640E-05 -1.8972E-05  7.6044E-05  -14.447
    57   13   0.0000   0.2085   0.4670  0.00941   5.8430E-05 -1.4653E-05  6.0240E-05  -14.078
    58   13   0.0000   0.2179   0.4670  0.00941   3.8870E-05 -9.6253E-06  4.0044E-05  -13.908
    59   13   0.0000   0.2274   0.4670  0.00941   1.4734E-05 -3.6376E-06  1.5176E-05  -13.868



                                        - - - POWER BUDGET - - -

                                           INPUT POWER   = 2.6417E-03 WATTS
                                           RADIATED POWER= 5.4349E-04 WATTS
                                           STRUCTURE LOSS= 2.0982E-03 WATTS
                                           NETWORK LOSS  = 0.0000E+00 WATTS
                                           EFFICIENCY    =  20.57 PERCENT



                                                - - - RADIATION PATTERNS - - -

  - - ANGLES - -           - POWER GAINS -       - - - POLARIZATION - - -    - - - E(THETA) - - -    - - - E(PHI) - - -
  THETA     PHI        VERT.   HOR.    TOTAL      AXIAL     TILT   SENSE     MAGNITUDE    PHASE      MAGNITUDE    PHASE 
 DEGREES  DEGREES       DB      DB      DB        RATIO     DEG.              VOLTS/M    DEGREES      VOLTS/M    DEGREES
  -90.00     0.00    -999.99 -999.99 -999.99    0.00000     0.00            0.00000E+00     0.00    6.52713E-12  -177.08
  -85.00     0.00    -999.99  -11.32  -11.32    0.00000    90.00  LINEAR    0.00000E+00     0.00    1.08104E-01     2.54
  -80.00     0.00    -999.99   -5.80   -5.80    0.00000    90.00  LINEAR    0.00000E+00     0.00    2.04136E-01     2.37
  -75.00     0.00    -999.99   -3.00   -3.00    0.00000    90.00  LINEAR    0.00000E+00     0.00    2.81889E-01     2.40
  -70.00     0.00    -999.99   -1.43   -1.43    0.00000    90.00  LINEAR    0.00000E+00     0.00    3.37471E-01     2.66
  -65.00     0.00    -999.99   -0.64   -0.64    0.00000    90.00  LINEAR    0.00000E+00     0.00    3.69548E-01     3.18
  -60.00     0.00    -999.99   -0.42   -0.42    0.00000    90.00  LINEAR    0.00000E+00     0.00    3.79183E-01     3.99
  -55.00     0.00    -999.99   -0.65   -0.65    0.00000    90.00  LINEAR    0.00000E+00     0.00    3.69356E-01     5.15
  -50.00     0.00    -999.99   -1.26   -1.26    0.00000    90.00  LINEAR    0.00000E+00     0.00    3.44308E-01     6.74
  -45.00     0.00    -999.99   -2.20   -2.20    0.00000    90.00  LINEAR    0.00000E+00     0.00    3.08851E-01     8.86
  -40.00     0.00    -999.99   -3.44   -3.44    0.00000    90.00  LINEAR    0.00000E+00     0.00    2.67772E-01    11.69
  -35.00     0.00    -999.99   -4.94   -4.94    0.00000    90.00  LINEAR    0.00000E+00     0.00    2.25401E-01    15.46
  -30.00     0.00    -999.99   -6.64   -6.64    0.00000    90.00  LINEAR    0.00000E+00     0.00    1.85371E-01    20.50
  -25.00     0.00    -999.99   -8.45   -8.45    0.00000    90.00  LINEAR    0.00000E+00     0.00    1.50520E-01    27.12
  -20.00     0.00    -999.99  -10.21  -10.21    0.00000    90.00  LINEAR    0.00000E+00     0.00    1.22836E-01    35.49
  -15.00     0.00    -999.99  -11.72  -11.72    0.00000    90.00  LINEAR    0.00000E+00     0.00    1.03265E-01    45.10
  -10.00     0.00    -999.99  -12.78  -12.78    0.00000    90.00  LINEAR    0.00000E+00     0.00    9.13932E-02    54.37
   -5.00     0.00    -999.99  -13.35  -13.35    0.00000    90.00  LINEAR    0.00000E+00     0.00    8.55591E-02    61.09
    0.00     0.00    -999.99  -13.52  -13.52    0.00000    90.00  LINEAR    0.00000E+00     0.00    8.38830E-02    63.53
    5.00     0.00    -999.99  -13.35  -13.35    0.00000    90.00  LINEAR    0.00000E+00     0.00    8.55591E-02    61.09
   10.00     0.00    -999.99  -12.78  -12.78    0.00000    90.00  LINEAR    0.00000E+00     0.00    9.13932E-02    54.37
   15.00     0.00    -999.99  -11.72  -11.72    0.00000    90.00  LINEAR    0.00000E+00     0.00    1.03265E-01    45.10
   20.00     0.00    -999.99  -10.21  -10.21    0.00000    90.00  LINEAR    0.00000E+00     0.00    1.22836E-01    35.49
   25.00     0.00    -999.99   -8.45   -8.45    0.00000    90.00  LINEAR    0.00000E+00     0.00    1.50520E-01    27.12
   30.00     0.00    -999.99   -6.64   -6.64    0.00000    90.00  LINEAR    0.00000E+00     0.00    1.85371E-01    20.50
   35.00     0.00    -999.99   -4.94   -4.94    0.00000    90.00  LINEAR    0.00000E+00     0.00    2.25401E-01    15.46
   40.00     0.00    -999.99   -3.44   -3.44    0.00000    90.00  LINEAR    0.00000E+00     0.00    2.67772E-01    11.69
   45.00     0.00    -999.99   -2.20   -2.20    0.00000    90.00  LINEAR    0.00000E+00     0.00    3.08851E-01     8.86
   50.00     0.00    -999.99   -1.26   -1.26    0.00000    90.00  LINEAR    0.00000E+00     0.00    3.44308E-01     6.74
   55.00     0.00    -999.99   -0.65   -0.65    0.00000    90.00  LINEAR    0.00000E+00     0.00    3.69356E-01     5.15
   60.00     0.00    -999.99   -0.42   -0.42    0.00000    90.00  LINEAR    0.00000E+00     0.00    3.79183E-01     3.99
   65.00     0.00    -999.99   -0.64   -0.64    0.00000    90.00  LINEAR    0.00000E+00     0.00    3.69548E-01     3.18
   70.00     0.00    -999.99   -1.43   -1.43    0.00000    90.00  LINEAR    0.00000E+00     0.00    3.37471E-01     2.66
   75.00     0.00    -999.99   -3.00   -3.00    0.00000    90.00  LINEAR    0.00000E+00     0.00    2.81889E-01     2.40
   80.00     0.00    -999.99   -5.80   -5.80    0.00000    90.00  LINEAR    0.00000E+00     0.00    2.04136E-01     2.37
   85.00     0.00    -999.99  -11.32  -11.32    0.00000    90.00  LINEAR    0.00000E+00     0.00    1.08104E-01     2.54
   90.00     0.00    -999.99 -999.99 -999.99    0.00000     0.00            0.00000E+00     0.00    6.52713E-12  -177.08




                                 - - - - - - FREQUENCY - - - - - -

                                    FREQUENCY= 8.0000E+00 MHZ
                                    WAVELENGTH= 3.7475E+01 METERS




                    APPROXIMATE INTEGRATION EMPLOYED FOR SEGMENTS MORE THAN   1.000 WAVELENGTHS APART



                               - - - STRUCTURE IMPEDANCE LOADING - - -


       LOCATION          RESISTANCE   INDUCTANCE  CAPACITANCE       IMPEDANCE (OHMS)     CONDUCTIVITY    TYPE
    ITAG FROM THRU          OHMS        HENRYS       FARADS        REAL      IMAGINARY    MHOS/METER

      11    1    1      2.5757E+03   2.1462E-06   1.5000E-11                                          PARALLEL

      12    1    1      2.5757E+03   2.1462E-06   1.5000E-11                                          PARALLEL

      21    1    1      6.5976E+03   5.4976E-06   1.0400E-11                                          PARALLEL

      31    1    1      6.5976E+03   5.4976E-06   1.0400E-11                                          PARALLEL

      41    1    1      9.5357E+03   7.9458E-06   1.6150E-11                                          PARALLEL

      51    1    1      9.5357E+03   7.9458E-06   1.6150E-11                                          PARALLEL

      61    1    1      1.4872E+04   1.2392E-05   2.0000E-11                                          PARALLEL

      71    1    1      1.4872E+04   1.2392E-05   2.0000E-11                                          PARALLEL

      81    1    1      8.8382E+04   7.3646E-05   7.0000E-12                                          PARALLEL

      91    1    1      8.8382E+04   7.3646E-05   7.0000E-12                                          PARALLEL

     101    1    1      1.7754E+05   1.4794E-04   1.3900E-11                                          PARALLEL

     111    1    1      1.7754E+05   1.4794E-04   1.3900E-11                                          PARALLEL



                                  - - - ANTENNA ENVIRONMENT - - -

                                        FINITE GROUND.  SOMMERFELD SOLUTION
                                        RELATIVE DIELECTRIC CONST.= 13.000
                                        CONDUCTIVITY= 5.000E-03 MHOS/METER
                                        COMPLEX DIELECTRIC CONSTANT= 1.30000E+01-1.12350E+01



                                - - - MATRIX TIMING - - -

                        FILL=    0.016 SEC.,  FACTOR=    0.000 SEC.



                                          - - - ANTENNA INPUT PARAMETERS - - -

   TAG   SEG.    VOLTAGE (VOLTS)         CURRENT (AMPS)         IMPEDANCE (OHMS)        ADMITTANCE (MHOS)      POWER
   NO.   NO.    REAL        IMAG.       REAL        IMAG.       REAL        IMAG.       REAL        IMAG.     (WATTS)
     1     6 1.00000E+00 0.00000E+00 1.69910E-04 8.05427E-05 4.80562E+03-2.27802E+03 1.69910E-04 8.05427E-05 8.49549E-05



                             - - - CURRENTS AND LOCATION - - -

                                 DISTANCES IN WAVELENGTHS


  SEG.  TAG    COORD. OF SEG. CENTER     SEG.            - - - CURRENT (AMPS) - - -
  NO.   NO.     X        Y        Z      LENGTH     REAL        IMAG.       MAG.        PHASE
     1    1   0.0000  -0.0614   0.5337  0.01227   1.6109E-04 -3.4572E-04  3.8141E-04  -65.017
     2    1   0.0000  -0.0491   0.5337  0.01227   1.6408E-04 -2.6308E-04  3.1005E-04  -58.048
     3    1   0.0000  -0.0368   0.5337  0.01227   1.6657E-04 -1.7884E-04  2.4440E-04  -47.034
     4    1   0.0000  -0.0245   0.5337  0.01227   1.6841E-04 -9.1644E-05  1.9173E-04  -28.553
     5    1   0.0000  -0.0123   0.5337  0.01227   1.6953E-04  1.6760E-06  1.6954E-04    0.566
     6    1   0.0000   0.0000   0.5337  0.01227   1.6991E-04  8.0543E-05  1.8803E-04   25.362
     7    1   0.0000   0.0123   0.5337  0.01227   1.6953E-04  1.6760E-06  1.6954E-04    0.566
     8    1   0.0000   0.0245   0.5337  0.01227   1.6841E-04 -9.1644E-05  1.9173E-04  -28.553
     9    1   0.0000   0.0368   0.5337  0.01227   1.6657E-04 -1.7884E-04  2.4440E-04  -47.034
    10    1   0.0000   0.0491   0.5337  0.01227   1.6408E-04 -2.6308E-04  3.1005E-04  -58.048
    11    1   0.0000   0.0614   0.5337  0.01227   1.6109E-04 -3.4572E-04  3.8141E-04  -65.017
    12   11   0.0000  -0.0702   0.5337  0.00534  -1.5862E-04  4.0429E-04  4.3430E-04  111.422
    13   12   0.0000   0.0702   0.5337  0.00534   1.5862E-04 -4.0429E-04  4.3430E-04  -68.578
    14    2   0.0000  -0.0751   0.5337  0.00447  -1.5594E-04  4.3326E-04  4.6047E-04  109.795
    15    2   0.0000  -0.0795   0.5337  0.00447  -1.5345E-04  4.5974E-04  4.8467E-04  108.458
    16    3   0.0000   0.0751   0.5337  0.00447   1.5594E-04 -4.3326E-04  4.6047E-04  -70.205
    17    3   0.0000   0.0795   0.5337  0.00447   1.5345E-04 -4.5974E-04  4.8467E-04  -71.542
    18   21   0.0000  -0.0844   0.5337  0.00534  -1.5043E-04  4.8785E-04  5.1051E-04  107.137
    19   31   0.0000   0.0844   0.5337  0.00534   1.5043E-04 -4.8785E-04  5.1051E-04  -72.863
    20    4   0.0000  -0.0906   0.5337  0.00703  -1.4282E-04  5.0889E-04  5.2855E-04  105.676
    21    4   0.0000  -0.0976   0.5337  0.00703  -1.3401E-04  5.3324E-04  5.4982E-04  104.107
    22    5   0.0000   0.0906   0.5337  0.00703   1.4282E-04 -5.0889E-04  5.2855E-04  -74.324
    23    5   0.0000   0.0976   0.5337  0.00703   1.3401E-04 -5.3324E-04  5.4982E-04  -75.893
    24   41   0.0000  -0.1038   0.5337  0.00534  -1.2602E-04  5.5377E-04  5.6793E-04  102.820
    25   51   0.0000   0.1038   0.5337  0.00534   1.2602E-04 -5.5377E-04  5.6793E-04  -77.180
    26    6   0.0000  -0.1099   0.5337  0.00686  -1.1302E-04  5.4385E-04  5.5547E-04  101.740
    27    6   0.0000  -0.1168   0.5337  0.00686  -9.8101E-05  5.3372E-04  5.4266E-04  100.415
    28    7   0.0000   0.1099   0.5337  0.00686   1.1302E-04 -5.4385E-04  5.5547E-04  -78.260
    29    7   0.0000   0.1168   0.5337  0.00686   9.8101E-05 -5.3372E-04  5.4266E-04  -79.585
    30   61   0.0000  -0.1229   0.5337  0.00534  -8.4631E-05  5.2070E-04  5.2753E-04   99.232
    31   71   0.0000   0.1229   0.5337  0.00534   8.4631E-05 -5.2070E-04  5.2753E-04  -80.768
    32    8   0.0000  -0.1309   0.5337  0.01072  -6.1123E-05  3.9142E-04  3.9616E-04   98.876
    33    8   0.0000  -0.1416   0.5337  0.01072  -2.8386E-05  2.0983E-04  2.1174E-04   97.704
    34    9   0.0000   0.1309   0.5337  0.01072   6.1123E-05 -3.9142E-04  3.9616E-04  -81.124
    35    9   0.0000   0.1416   0.5337  0.01072   2.8386E-05 -2.0983E-04  2.1174E-04  -82.296
    36   81   0.0000  -0.1496   0.5337  0.00534  -4.4165E-06  7.9547E-05  7.9669E-05   93.178
    37   91   0.0000   0.1496   0.5337  0.00534   4.4165E-06 -7.9547E-05  7.9669E-05  -86.822
    38   10   0.0000  -0.1577   0.5337  0.01077  -4.6482E-06  7.4036E-05  7.4182E-05   93.592
    39   10   0.0000  -0.1685   0.5337  0.01077  -5.4862E-06  7.0088E-05  7.0302E-05   94.476
    40   10   0.0000  -0.1792   0.5337  0.01077  -5.0580E-06  6.0007E-05  6.0220E-05   94.818
    41   10   0.0000  -0.1900   0.5337  0.01077  -4.0878E-06  4.7077E-05  4.7254E-05   94.963
    42   11   0.0000   0.1577   0.5337  0.01077   4.6481E-06 -7.4036E-05  7.4182E-05  -86.408
    43   11   0.0000   0.1685   0.5337  0.01077   5.4862E-06 -7.0088E-05  7.0302E-05  -85.524
    44   11   0.0000   0.1792   0.5337  0.01077   5.0580E-06 -6.0007E-05  6.0220E-05  -85.182
    45   11   0.0000   0.1900   0.5337  0.01077   4.0878E-06 -4.7077E-05  4.7254E-05  -85.037
    46  101   0.0000  -0.1980   0.5337  0.00534  -3.1852E-06  3.6561E-05  3.6700E-05   94.979
    47  111   0.0000   0.1980   0.5337  0.00534   3.1852E-06 -3.6561E-05  3.6700E-05  -85.021
    48   12   0.0000  -0.2061   0.5337  0.01075  -2.9984E-06  3.3906E-05  3.4038E-05   95.054
    49   12   0.0000  -0.2168   0.5337  0.01075  -2.6525E-06  2.9796E-05  2.9913E-05   95.087
    50   12   0.0000  -0.2276   0.5337  0.01075  -2.1745E-06  2.4547E-05  2.4643E-05   95.062
    51   12   0.0000  -0.2383   0.5337  0.01075  -1.6208E-06  1.8526E-05  1.8597E-05   95.000
    52   12   0.0000  -0.2491   0.5337  0.01075  -1.0175E-06  1.1841E-05  1.1885E-05   94.911
    53   12   0.0000  -0.2598   0.5337  0.01075  -3.6513E-07  4.3442E-06  4.3595E-06   94.804
    54   13   0.0000   0.2061   0.5337  0.01075   2.9984E-06 -3.3906E-05  3.4038E-05  -84.946
    55   13   0.0000   0.2168   0.5337  0.01075   2.6525E-06 -2.9796E-05  2.9913E-05  -84.913
    56   13   0.0000   0.2276   0.5337  0.01075   2.1745E-06 -2.4547E-05  2.4643E-05  -84.938
    57   13   0.0000   0.2383   0.5337  0.01075   1.6208E-06 -1.8526E-05  1.8597E-05  -85.000
    58   13   0.0000   0.2491   0.5337  0.01075   1.0175E-06 -1.1841E-05  1.1885E-05  -85.089
    59   13   0.0000   0.2598   0.5337  0.01075   3.6513E-07 -4.3442E-06  4.3595E-06  -85.196



                                        - - - POWER BUDGET - - -

                                           INPUT POWER   = 8.4955E-05 WATTS
                                           RADIATED POWER= 6.1703E-06 WATTS
                                           STRUCTURE LOSS= 7.8785E-05 WATTS
                                           NETWORK LOSS  = 0.0000E+00 WATTS
                                           EFFICIENCY    =   7.26 PERCENT



                                                - - - RADIATION PATTERNS - - -

  - - ANGLES - -           - POWER GAINS -       - - - POLARIZATION - - -    - - - E(THETA) - - -    - - - E(PHI) - - -
  THETA     PHI        VERT.   HOR.    TOTAL      AXIAL     TILT   SENSE     MAGNITUDE    PHASE      MAGNITUDE    PHASE 
 DEGREES  DEGREES       DB      DB      DB        RATIO     DEG.              VOLTS/M    DEGREES      VOLTS/M    DEGREES
  -90.00     0.00    -999.99 -999.99 -999.99    0.00000     0.00            0.00000E+00     0.00    7.22387E-13   107.85
  -85.00     0.00    -999.99  -15.55  -15.55    0.00000    90.00  LINEAR    0.00000E+00     0.00    1.19127E-02   -72.49
  -80.00     0.00    -999.99  -10.13  -10.13    0.00000    90.00  LINEAR    0.00000E+00     0.00    2.22433E-02   -72.58
  -75.00     0.00    -999.99   -7.48   -7.48    0.00000    90.00  LINEAR    0.00000E+00     0.00    3.01513E-02   -72.42
  -70.00     0.00    -999.99   -6.15   -6.15    0.00000    90.00  LINEAR    0.00000E+00     0.00    3.51535E-02   -71.97
  -65.00     0.00    -999.99   -5.67   -5.67    0.00000    90.00  LINEAR    0.00000E+00     0.00    3.71527E-02   -71.17
  -60.00     0.00    -999.99   -5.85   -5.85    0.00000    90.00  LINEAR    0.00000E+00     0.00    3.63995E-02   -69.93
  -55.00     0.00    -999.99   -6.59   -6.59    0.00000    90.00  LINEAR    0.00000E+00     0.00    3.34033E-02   -68.10
  -50.00     0.00    -999.99   -7.88   -7.88    0.00000    90.00  LINEAR    0.00000E+00     0.00    2.88227E-02   -65.40
  -45.00     0.00    -999.99   -9.70   -9.70    0.00000    90.00  LINEAR    0.00000E+00     0.00    2.33621E-02   -61.33
  -40.00     0.00    -999.99  -12.11  -12.11    0.00000    90.00  LINEAR    0.00000E+00     0.00    1.77048E-02   -54.82
  -35.00     0.00    -999.99  -15.12  -15.12    0.00000    90.00  LINEAR    0.00000E+00     0.00    1.25172E-02   -43.47
  -30.00     0.00    -999.99  -18.39  -18.39    0.00000    90.00  LINEAR    0.00000E+00     0.00    8.59451E-03   -22.40
  -25.00     0.00    -999.99  -20.18  -20.18    0.00000    90.00  LINEAR    0.00000E+00     0.00    6.99241E-03    10.90
  -20.00     0.00    -999.99  -19.24  -19.24    0.00000    90.00  LINEAR    0.00000E+00     0.00    7.78614E-03    40.64
  -15.00     0.00    -999.99  -17.56  -17.56    0.00000    90.00  LINEAR    0.00000E+00     0.00    9.45120E-03    57.20
  -10.00     0.00    -999.99  -16.29  -16.29    0.00000    90.00  LINEAR    0.00000E+00     0.00    1.09424E-02    65.52
   -5.00     0.00    -999.99  -15.56  -15.56    0.00000    90.00  LINEAR    0.00000E+00     0.00    1.19036E-02    69.47
    0.00     0.00    -999.99  -15.32  -15.32    0.00000    90.00  LINEAR    0.00000E+00     0.00    1.22312E-02    70.64
    5.00     0.00    -999.99  -15.56  -15.56    0.00000    90.00  LINEAR    0.00000E+00     0.00    1.19036E-02    69.47
   10.00     0.00    -999.99  -16.29  -16.29    0.00000    90.00  LINEAR    0.00000E+00     0.00    1.09424E-02    65.52
   15.00     0.00    -999.99  -17.56  -17.56    0.00000    90.00  LINEAR    0.00000E+00     0.00    9.45120E-03    57.20
   20.00     0.00    -999.99  -19.24  -19.24    0.00000    90.00  LINEAR    0.00000E+00     0.00    7.78614E-03    40.64
   25.00     0.00    -999.99  -20.18  -20.18    0.00000    90.00  LINEAR    0.00000E+00     0.00    6.99241E-03    10.90
   30.00     0.00    -999.99  -18.39  -18.39    0.00000    90.00  LINEAR    0.00000E+00     0.00    8.59451E-03   -22.40
   35.00     0.00    -999.99  -15.12  -15.12    0.00000    90.00  LINEAR    0.00000E+00     0.00    1.25172E-02   -43.47
   40.00     0.00    -999.99  -12.11  -12.11    0.00000    90.00  LINEAR    0.00000E+00     0.00    1.77048E-02   -54.82
   45.00     0.00    -999.99   -9.70   -9.70    0.00000    90.00  LINEAR    0.00000E+00     0.00    2.33621E-02   -61.33
   50.00     0.00    -999.99   -7.88   -7.88    0.00000    90.00  LINEAR    0.00000E+00     0.00    2.88227E-02   -65.40
   55.00     0.00    -999.99   -6.59   -6.59    0.00000    90.00  LINEAR    0.00000E+00     0.00    3.34033E-02   -68.10
   60.00     0.00    -999.99   -5.85   -5.85    0.00000    90.00  LINEAR    0.00000E+00     0.00    3.63995E-02   -69.93
   65.00     0.00    -999.99   -5.67   -5.67    0.00000    90.00  LINEAR    0.00000E+00     0.00    3.71527E-02   -71.17
   70.00     0.00    -999.99   -6.15   -6.15    0.00000    90.00  LINEAR    0.00000E+00     0.00    3.51535E-02   -71.97
   75.00     0.00    -999.99   -7.48   -7.48    0.00000    90.00  LINEAR    0.00000E+00     0.00    3.01513E-02   -72.42
   80.00     0.00    -999.99  -10.13  -10.13    0.00000    90.00  LINEAR    0.00000E+00     0.00    2.22433E-02   -72.58
   85.00     0.00    -999.99  -15.55  -15.55    0.00000    90.00  LINEAR    0.00000E+00     0.00    1.19127E-02   -72.49
   90.00     0.00    -999.99 -999.99 -999.99    0.00000     0.00            0.00000E+00     0.00    7.22387E-13   107.85




                                 - - - - - - FREQUENCY - - - - - -

                                    FREQUENCY= 9.0000E+00 MHZ
                                    WAVELENGTH= 3.3311E+01 METERS




                    APPROXIMATE INTEGRATION EMPLOYED FOR SEGMENTS MORE THAN   1.000 WAVELENGTHS APART



                               - - - STRUCTURE IMPEDANCE LOADING - - -


       LOCATION          RESISTANCE   INDUCTANCE  CAPACITANCE       IMPEDANCE (OHMS)     CONDUCTIVITY    TYPE
    ITAG FROM THRU          OHMS        HENRYS       FARADS        REAL      IMAGINARY    MHOS/METER

      11    1    1      2.5757E+03   2.1462E-06   1.5000E-11                                          PARALLEL

      12    1    1      2.5757E+03   2.1462E-06   1.5000E-11                                          PARALLEL

      21    1    1      6.5976E+03   5.4976E-06   1.0400E-11                                          PARALLEL

      31    1    1      6.5976E+03   5.4976E-06   1.0400E-11                                          PARALLEL

      41    1    1      9.5357E+03   7.9458E-06   1.6150E-11                                          PARALLEL

      51    1    1      9.5357E+03   7.9458E-06   1.6150E-11                                          PARALLEL

      61    1    1      1.4872E+04   1.2392E-05   2.0000E-11                                          PARALLEL

      71    1    1      1.4872E+04   1.2392E-05   2.0000E-11                                          PARALLEL

      81    1    1      8.8382E+04   7.3646E-05   7.0000E-12                                          PARALLEL

      91    1    1      8.8382E+04   7.3646E-05   7.0000E-12                                          PARALLEL

     101    1    1      1.7754E+05   1.4794E-04   1.3900E-11                                          PARALLEL

     111    1    1      1.7754E+05   1.4794E-04   1.3900E-11                                          PARALLEL



                                  - - - ANTENNA ENVIRONMENT - - -

                                        FINITE GROUND.  SOMMERFELD SOLUTION
                                        RELATIVE DIELECTRIC CONST.= 13.000
                                        CONDUCTIVITY= 5.000E-03 MHOS/METER
                                        COMPLEX DIELECTRIC CONSTANT= 1.30000E+01-9.98667E+00



                                - - - MATRIX TIMING - - -

                        FILL=    0.016 SEC.,  FACTOR=    0.000 SEC.



                                          - - - ANTENNA INPUT PARAMETERS - - -

   TAG   SEG.    VOLTAGE (VOLTS)         CURRENT (AMPS)         IMPEDANCE (OHMS)        ADMITTANCE (MHOS)      POWER
   NO.   NO.    REAL        IMAG.       REAL        IMAG.       REAL        IMAG.       REAL        IMAG.     (WATTS)
     1     6 1.00000E+00 0.00000E+00 1.62233E-04 8.54280E-04 2.14562E+02-1.12983E+03 1.62233E-04 8.54280E-04 8.11167E-05



                             - - - CURRENTS AND LOCATION - - -

                                 DISTANCES IN WAVELENGTHS


  SEG.  TAG    COORD. OF SEG. CENTER     SEG.            - - - CURRENT (AMPS) - - -
  NO.   NO.     X        Y        Z      LENGTH     REAL        IMAG.       MAG.        PHASE
     1    1   0.0000  -0.0690   0.6004  0.01380   1.4776E-04  3.1456E-04  3.4753E-04   64.838
     2    1   0.0000  -0.0552   0.6004  0.01380   1.5273E-04  4.2784E-04  4.5428E-04   70.354
     3    1   0.0000  -0.0414   0.6004  0.01380   1.5682E-04  5.3951E-04  5.6184E-04   73.793
     4    1   0.0000  -0.0276   0.6004  0.01380   1.5981E-04  6.5018E-04  6.6953E-04   76.191
     5    1   0.0000  -0.0138   0.6004  0.01380   1.6162E-04  7.6292E-04  7.7985E-04   78.039
     6    1   0.0000   0.0000   0.6004  0.01380   1.6223E-04  8.5428E-04  8.6955E-04   79.247
     7    1   0.0000   0.0138   0.6004  0.01380   1.6162E-04  7.6292E-04  7.7985E-04   78.039
     8    1   0.0000   0.0276   0.6004  0.01380   1.5981E-04  6.5018E-04  6.6953E-04   76.191
     9    1   0.0000   0.0414   0.6004  0.01380   1.5682E-04  5.3951E-04  5.6184E-04   73.793
    10    1   0.0000   0.0552   0.6004  0.01380   1.5273E-04  4.2784E-04  4.5428E-04   70.354
    11    1   0.0000   0.0690   0.6004  0.01380   1.4776E-04  3.1456E-04  3.4753E-04   64.838
    12   11   0.0000  -0.0789   0.6004  0.00600  -1.4361E-04 -2.3197E-04  2.7283E-04 -121.761
    13   12   0.0000   0.0789   0.6004  0.00600   1.4361E-04  2.3197E-04  2.7283E-04   58.239
    14    2   0.0000  -0.0844   0.6004  0.00502  -1.3937E-04 -1.8296E-04  2.3000E-04 -127.298
    15    2   0.0000  -0.0895   0.6004  0.00502  -1.3539E-04 -1.3784E-04  1.9321E-04 -134.488
    16    3   0.0000   0.0844   0.6004  0.00502   1.3937E-04  1.8296E-04  2.3000E-04   52.702
    17    3   0.0000   0.0895   0.6004  0.00502   1.3539E-04  1.3784E-04  1.9321E-04   45.512
    18   21   0.0000  -0.0950   0.6004  0.00600  -1.3057E-04 -8.7756E-05  1.5732E-04 -146.095
    19   31   0.0000   0.0950   0.6004  0.00600   1.3057E-04  8.7756E-05  1.5732E-04   33.905
    20    4   0.0000  -0.1019   0.6004  0.00791  -1.1899E-04 -2.0709E-05  1.2078E-04 -170.128
    21    4   0.0000  -0.1098   0.6004  0.00791  -1.0545E-04  5.7149E-05  1.1994E-04  151.543
    22    5   0.0000   0.1019   0.6004  0.00791   1.1899E-04  2.0709E-05  1.2078E-04    9.872
    23    5   0.0000   0.1098   0.6004  0.00791   1.0545E-04 -5.7149E-05  1.1994E-04  -28.457
    24   41   0.0000  -0.1168   0.6004  0.00600  -9.3021E-05  1.2612E-04  1.5671E-04  126.412
    25   51   0.0000   0.1168   0.6004  0.00600   9.3021E-05 -1.2612E-04  1.5671E-04  -53.588
    26    6   0.0000  -0.1237   0.6004  0.00772  -7.3769E-05  1.8517E-04  1.9933E-04  111.721
    27    6   0.0000  -0.1314   0.6004  0.00772  -5.0910E-05  2.5570E-04  2.6071E-04  101.261
    28    7   0.0000   0.1237   0.6004  0.00772   7.3769E-05 -1.8517E-04  1.9933E-04  -68.279
    29    7   0.0000   0.1314   0.6004  0.00772   5.0910E-05 -2.5570E-04  2.6071E-04  -78.739
    30   61   0.0000  -0.1382   0.6004  0.00600  -3.1383E-05  3.1278E-04  3.1435E-04   95.730
    31   71   0.0000   0.1382   0.6004  0.00600   3.1383E-05 -3.1278E-04  3.1435E-04  -84.270
    32    8   0.0000  -0.1473   0.6004  0.01206  -2.3754E-05  2.4041E-04  2.4158E-04   95.643
    33    8   0.0000  -0.1593   0.6004  0.01206  -1.3445E-05  1.3711E-04  1.3776E-04   95.601
    34    9   0.0000   0.1473   0.6004  0.01206   2.3754E-05 -2.4041E-04  2.4158E-04  -84.357
    35    9   0.0000   0.1593   0.6004  0.01206   1.3445E-05 -1.3711E-04  1.3776E-04  -84.399
    36   81   0.0000  -0.1684   0.6004  0.00600  -5.0940E-06  6.6006E-05  6.6202E-05   94.413
    37   91   0.0000   0.1684   0.6004  0.00600   5.0940E-06 -6.6006E-05  6.6202E-05  -85.587
    38   10   0.0000  -0.1774   0.6004  0.01211  -5.6626E-06  5.8328E-05  5.8603E-05   95.545
    39   10   0.0000  -0.1895   0.6004  0.01211  -6.2251E-06  5.1020E-05  5.1398E-05   96.957
    40   10   0.0000  -0.2016   0.6004  0.01211  -5.9335E-06  4.1627E-05  4.2047E-05   98.112
    41   10   0.0000  -0.2137   0.6004  0.01211  -5.1098E-06  3.1450E-05  3.1862E-05   99.228
    42   11   0.0000   0.1774   0.6004  0.01211   5.6626E-06 -5.8328E-05  5.8603E-05  -84.455
    43   11   0.0000   0.1895   0.6004  0.01211   6.2251E-06 -5.1020E-05  5.1398E-05  -83.043
    44   11   0.0000   0.2016   0.6004  0.01211   5.9335E-06 -4.1627E-05  4.2047E-05  -81.888
    45   11   0.0000   0.2137   0.6004  0.01211   5.1098E-06 -3.1450E-05  3.1862E-05  -80.772
    46  101   0.0000  -0.2228   0.6004  0.00600  -4.2725E-06  2.3777E-05  2.4158E-05  100.187
    47  111   0.0000   0.2228   0.6004  0.00600   4.2725E-06 -2.3777E-05  2.4158E-05  -79.813
    48   12   0.0000  -0.2318   0.6004  0.01209  -4.2555E-06  2.1282E-05  2.1703E-05  101.308
    49   12   0.0000  -0.2439   0.6004  0.01209  -4.0296E-06  1.7987E-05  1.8433E-05  102.627
    50   12   0.0000  -0.2560   0.6004  0.01209  -3.5258E-06  1.4355E-05  1.4782E-05  103.800
    51   12   0.0000  -0.2681   0.6004  0.01209  -2.7980E-06  1.0547E-05  1.0912E-05  104.858
    52   12   0.0000  -0.2802   0.6004  0.01209  -1.8667E-06  6.5868E-06  6.8462E-06  105.823
    53   12   0.0000  -0.2923   0.6004  0.01209  -7.1057E-07  2.3684E-06  2.4727E-06  106.700
    54   13   0.0000   0.2318   0.6004  0.01209   4.2555E-06 -2.1282E-05  2.1703E-05  -78.692
    55   13   0.0000   0.2439   0.6004  0.01209   4.0296E-06 -1.7987E-05  1.8433E-05  -77.373
    56   13   0.0000   0.2560   0.6004  0.01209   3.5258E-06 -1.4355E-05  1.4782E-05  -76.200
    57   13   0.0000   0.2681   0.6004  0.01209   2.7980E-06 -1.0547E-05  1.0912E-05  -75.142
    58   13   0.0000   0.2802   0.6004  0.01209   1.8667E-06 -6.5868E-06  6.8462E-06  -74.177
    59   13   0.0000   0.2923   0.6004  0.01209   7.1057E-07 -2.3684E-06  2.4727E-06  -73.300



                                        - - - POWER BUDGET - - -

                                           INPUT POWER   = 8.1117E-05 WATTS
                                           RADIATED POWER= 4.4270E-06 WATTS
                                           STRUCTURE LOSS= 7.6690E-05 WATTS
                                           NETWORK LOSS  = 0.0000E+00 WATTS
                                           EFFICIENCY    =   5.46 PERCENT



                                                - - - RADIATION PATTERNS - - -

  - - ANGLES - -           - POWER GAINS -       - - - POLARIZATION - - -    - - - E(THETA) - - -    - - - E(PHI) - - -
  THETA     PHI        VERT.   HOR.    TOTAL      AXIAL     TILT   SENSE     MAGNITUDE    PHASE      MAGNITUDE    PHASE 
 DEGREES  DEGREES       DB      DB      DB        RATIO     DEG.              VOLTS/M    DEGREES      VOLTS/M    DEGREES
  -90.00     0.00    -999.99 -999.99 -999.99    0.00000     0.00            0.00000E+00     0.00    5.56769E-13  -124.66
  -85.00     0.00    -999.99  -17.65  -17.65    0.00000    90.00  LINEAR    0.00000E+00     0.00    9.13939E-03    55.05
  -80.00     0.00    -999.99  -12.34  -12.34    0.00000    90.00  LINEAR    0.00000E+00     0.00    1.68529E-02    55.03
  -75.00     0.00    -999.99   -9.88   -9.88    0.00000    90.00  LINEAR    0.00000E+00     0.00    2.23690E-02    55.33
  -70.00     0.00    -999.99   -8.81   -8.81    0.00000    90.00  LINEAR    0.00000E+00     0.00    2.52886E-02    56.00
  -65.00     0.00    -999.99   -8.70   -8.70    0.00000    90.00  LINEAR    0.00000E+00     0.00    2.56069E-02    57.14
  -60.00     0.00    -999.99   -9.39   -9.39    0.00000    90.00  LINEAR    0.00000E+00     0.00    2.36579E-02    58.96
  -55.00     0.00    -999.99  -10.84  -10.84    0.00000    90.00  LINEAR    0.00000E+00     0.00    2.00095E-02    61.85
  -50.00     0.00    -999.99  -13.15  -13.15    0.00000    90.00  LINEAR    0.00000E+00     0.00    1.53476E-02    66.73
  -45.00     0.00    -999.99  -16.52  -16.52    0.00000    90.00  LINEAR    0.00000E+00     0.00    1.04083E-02    76.15
  -40.00     0.00    -999.99  -21.12  -21.12    0.00000   -90.00  LINEAR    0.00000E+00     0.00    6.13114E-03    98.71
  -35.00     0.00    -999.99  -23.69  -23.69    0.00000   -90.00  LINEAR    0.00000E+00     0.00    4.56057E-03   150.22
  -30.00     0.00    -999.99  -20.52  -20.52    0.00000   -90.00  LINEAR    0.00000E+00     0.00    6.56567E-03  -170.49
  -25.00     0.00    -999.99  -17.50  -17.50    0.00000   -90.00  LINEAR    0.00000E+00     0.00    9.29844E-03  -155.30
  -20.00     0.00    -999.99  -15.55  -15.55    0.00000   -90.00  LINEAR    0.00000E+00     0.00    1.16403E-02  -148.35
  -15.00     0.00    -999.99  -14.32  -14.32    0.00000   -90.00  LINEAR    0.00000E+00     0.00    1.34089E-02  -144.58
  -10.00     0.00    -999.99  -13.57  -13.57    0.00000   -90.00  LINEAR    0.00000E+00     0.00    1.46154E-02  -142.42
   -5.00     0.00    -999.99  -13.17  -13.17    0.00000   -90.00  LINEAR    0.00000E+00     0.00    1.53106E-02  -141.28
    0.00     0.00    -999.99  -13.04  -13.04    0.00000   -90.00  LINEAR    0.00000E+00     0.00    1.55370E-02  -140.92
    5.00     0.00    -999.99  -13.17  -13.17    0.00000   -90.00  LINEAR    0.00000E+00     0.00    1.53106E-02  -141.28
   10.00     0.00    -999.99  -13.57  -13.57    0.00000   -90.00  LINEAR    0.00000E+00     0.00    1.46154E-02  -142.42
   15.00     0.00    -999.99  -14.32  -14.32    0.00000   -90.00  LINEAR    0.00000E+00     0.00    1.34089E-02  -144.58
   20.00     0.00    -999.99  -15.55  -15.55    0.00000   -90.00  LINEAR    0.00000E+00     0.00    1.16403E-02  -148.35
   25.00     0.00    -999.99  -17.50  -17.50    0.00000   -90.00  LINEAR    0.00000E+00     0.00    9.29844E-03  -155.30
   30.00     0.00    -999.99  -20.52  -20.52    0.00000   -90.00  LINEAR    0.00000E+00     0.00    6.56567E-03  -170.49
   35.00     0.00    -999.99  -23.69  -23.69    0.00000   -90.00  LINEAR    0.00000E+00     0.00    4.56057E-03   150.22
   40.00     0.00    -999.99  -21.12  -21.12    0.00000   -90.00  LINEAR    0.00000E+00     0.00    6.13114E-03    98.71
   45.00     0.00    -999.99  -16.52  -16.52    0.00000    90.00  LINEAR    0.00000E+00     0.00    1.04083E-02    76.15
   50.00     0.00    -999.99  -13.15  -13.15    0.00000    90.00  LINEAR    0.00000E+00     0.00    1.53476E-02    66.73
   55.00     0.00    -999.99  -10.84  -10.84    0.00000    90.00  LINEAR    0.00000E+00     0.00    2.00095E-02    61.85
   60.00     0.00    -999.99   -9.39   -9.39    0.00000    90.00  LINEAR    0.00000E+00     0.00    2.36579E-02    58.96
   65.00     0.00    -999.99   -8.70   -8.70    0.00000    90.00  LINEAR    0.00000E+00     0.00    2.56069E-02    57.14
   70.00     0.00    -999.99   -8.81   -8.81    0.00000    90.00  LINEAR    0.00000E+00     0.00    2.52886E-02    56.00
   75.00     0.00    -999.99   -9.88   -9.88    0.00000    90.00  LINEAR    0.00000E+00     0.00    2.23690E-02    55.33
   80.00     0.00    -999.99  -12.34  -12.34    0.00000    90.00  LINEAR    0.00000E+00     0.00    1.68529E-02    55.03
   85.00     0.00    -999.99  -17.65  -17.65    0.00000    90.00  LINEAR    0.00000E+00     0.00    9.13939E-03    55.05
   90.00     0.00    -999.99 -999.99 -999.99    0.00000     0.00            0.00000E+00     0.00    5.56769E-13  -124.66




                                 - - - - - - FREQUENCY - - - - - -

                                    FREQUENCY= 1.0000E+01 MHZ
                                    WAVELENGTH= 2.9980E+01 METERS




                    APPROXIMATE INTEGRATION EMPLOYED FOR SEGMENTS MORE THAN   1.000 WAVELENGTHS APART



                               - - - STRUCTURE IMPEDANCE LOADING - - -


       LOCATION          RESISTANCE   INDUCTANCE  CAPACITANCE       IMPEDANCE (OHMS)     CONDUCTIVITY    TYPE
    ITAG FROM THRU          OHMS        HENRYS       FARADS        REAL      IMAGINARY    MHOS/METER

      11    1    1      2.5757E+03   2.1462E-06   1.5000E-11                                          PARALLEL

      12    1    1      2.5757E+03   2.1462E-06   1.5000E-11                                          PARALLEL

      21    1    1      6.5976E+03   5.4976E-06   1.0400E-11                                          PARALLEL

      31    1    1      6.5976E+03   5.4976E-06   1.0400E-11                                          PARALLEL

      41    1    1      9.5357E+03   7.9458E-06   1.6150E-11                                          PARALLEL

      51    1    1      9.5357E+03   7.9458E-06   1.6150E-11                                          PARALLEL

      61    1    1      1.4872E+04   1.2392E-05   2.0000E-11                                          PARALLEL

      71    1    1      1.4872E+04   1.2392E-05   2.0000E-11                                          PARALLEL

      81    1    1      8.8382E+04   7.3646E-05   7.0000E-12                                          PARALLEL

      91    1    1      8.8382E+04   7.3646E-05   7.0000E-12                                          PARALLEL

     101    1    1      1.7754E+05   1.4794E-04   1.3900E-11                                          PARALLEL

     111    1    1      1.7754E+05   1.4794E-04   1.3900E-11                                          PARALLEL



                                  - - - ANTENNA ENVIRONMENT - - -

                                        FINITE GROUND.  SOMMERFELD SOLUTION
                                        RELATIVE DIELECTRIC CONST.= 13.000
                                        CONDUCTIVITY= 5.000E-03 MHOS/METER
                                        COMPLEX DIELECTRIC CONSTANT= 1.30000E+01-8.98800E+00



                                - - - MATRIX TIMING - - -

                        FILL=    0.016 SEC.,  FACTOR=    0.000 SEC.



                                          - - - ANTENNA INPUT PARAMETERS - - -

   TAG   SEG.    VOLTAGE (VOLTS)         CURRENT (AMPS)         IMPEDANCE (OHMS)        ADMITTANCE (MHOS)      POWER
   NO.   NO.    REAL        IMAG.       REAL        IMAG.       REAL        IMAG.       REAL        IMAG.     (WATTS)
     1     6 1.00000E+00 0.00000E+00 2.27190E-03 1.55499E-03 2.99741E+02-2.05157E+02 2.27190E-03 1.55499E-03 1.13595E-03



                             - - - CURRENTS AND LOCATION - - -

                                 DISTANCES IN WAVELENGTHS


  SEG.  TAG    COORD. OF SEG. CENTER     SEG.            - - - CURRENT (AMPS) - - -
  NO.   NO.     X        Y        Z      LENGTH     REAL        IMAG.       MAG.        PHASE
     1    1   0.0000  -0.0767   0.6671  0.01534   2.0354E-03  8.9013E-04  2.2215E-03   23.621
     2    1   0.0000  -0.0614   0.6671  0.01534   2.1165E-03  1.0379E-03  2.3573E-03   26.124
     3    1   0.0000  -0.0460   0.6671  0.01534   2.1832E-03  1.1803E-03  2.4818E-03   28.398
     4    1   0.0000  -0.0307   0.6671  0.01534   2.2321E-03  1.3169E-03  2.5916E-03   30.540
     5    1   0.0000  -0.0153   0.6671  0.01534   2.2619E-03  1.4506E-03  2.6871E-03   32.673
     6    1   0.0000   0.0000   0.6671  0.01534   2.2719E-03  1.5550E-03  2.7531E-03   34.390
     7    1   0.0000   0.0153   0.6671  0.01534   2.2619E-03  1.4506E-03  2.6871E-03   32.673
     8    1   0.0000   0.0307   0.6671  0.01534   2.2321E-03  1.3169E-03  2.5916E-03   30.540
     9    1   0.0000   0.0460   0.6671  0.01534   2.1832E-03  1.1803E-03  2.4818E-03   28.398
    10    1   0.0000   0.0614   0.6671  0.01534   2.1165E-03  1.0379E-03  2.3573E-03   26.124
    11    1   0.0000   0.0767   0.6671  0.01534   2.0354E-03  8.9013E-04  2.2215E-03   23.621
    12   11   0.0000  -0.0877   0.6671  0.00667  -1.9679E-03 -7.8035E-04  2.1170E-03 -158.370
    13   12   0.0000   0.0877   0.6671  0.00667   1.9679E-03  7.8035E-04  2.1170E-03   21.630
    14    2   0.0000  -0.0938   0.6671  0.00558  -1.8988E-03 -7.0857E-04  2.0267E-03 -159.537
    15    2   0.0000  -0.0994   0.6671  0.00558  -1.8343E-03 -6.4223E-04  1.9435E-03 -160.704
    16    3   0.0000   0.0938   0.6671  0.00558   1.8988E-03  7.0857E-04  2.0267E-03   20.463
    17    3   0.0000   0.0994   0.6671  0.00558   1.8343E-03  6.4223E-04  1.9435E-03   19.296
    18   21   0.0000  -0.1055   0.6671  0.00667  -1.7556E-03 -5.6716E-04  1.8449E-03 -162.097
    19   31   0.0000   0.1055   0.6671  0.00667   1.7556E-03  5.6716E-04  1.8449E-03   17.903
    20    4   0.0000  -0.1133   0.6671  0.00879  -1.5622E-03 -4.4822E-04  1.6253E-03 -163.991
    21    4   0.0000  -0.1220   0.6671  0.00879  -1.3365E-03 -3.0981E-04  1.3719E-03 -166.949
    22    5   0.0000   0.1133   0.6671  0.00879   1.5622E-03  4.4822E-04  1.6253E-03   16.009
    23    5   0.0000   0.1220   0.6671  0.00879   1.3365E-03  3.0981E-04  1.3719E-03   13.051
    24   41   0.0000  -0.1298   0.6671  0.00667  -1.1277E-03 -1.8620E-04  1.1430E-03 -170.624
    25   51   0.0000   0.1298   0.6671  0.00667   1.1277E-03  1.8620E-04  1.1430E-03    9.376
    26    6   0.0000  -0.1374   0.6671  0.00857  -7.7982E-04 -5.3618E-05  7.8166E-04 -176.067
    27    6   0.0000  -0.1460   0.6671  0.00857  -3.6288E-04  1.0355E-04  3.7736E-04  164.073
    28    7   0.0000   0.1374   0.6671  0.00857   7.7982E-04  5.3618E-05  7.8166E-04    3.933
    29    7   0.0000   0.1460   0.6671  0.00857   3.6288E-04 -1.0355E-04  3.7736E-04  -15.927
    30   61   0.0000  -0.1536   0.6671  0.00667  -1.4015E-05  2.3415E-04  2.3457E-04   93.425
    31   71   0.0000   0.1536   0.6671  0.00667   1.4015E-05 -2.3415E-04  2.3457E-04  -86.575
    32    8   0.0000  -0.1636   0.6671  0.01340  -1.7345E-05  1.8229E-04  1.8311E-04   95.436
    33    8   0.0000  -0.1770   0.6671  0.01340  -3.2819E-05  1.0499E-04  1.1000E-04  107.358
    34    9   0.0000   0.1636   0.6671  0.01340   1.7345E-05 -1.8229E-04  1.8311E-04  -84.564
    35    9   0.0000   0.1770   0.6671  0.01340   3.2819E-05 -1.0499E-04  1.1000E-04  -72.642
    36   81   0.0000  -0.1871   0.6671  0.00667  -2.7702E-05  5.5482E-05  6.2013E-05  116.533
    37   91   0.0000   0.1871   0.6671  0.00667   2.7702E-05 -5.5482E-05  6.2013E-05  -63.467
    38   10   0.0000  -0.1971   0.6671  0.01346  -3.7991E-05  4.7994E-05  6.1211E-05  128.365
    39   10   0.0000  -0.2106   0.6671  0.01346  -4.5445E-05  4.1066E-05  6.1251E-05  137.897
    40   10   0.0000  -0.2240   0.6671  0.01346  -4.6014E-05  3.3535E-05  5.6938E-05  143.915
    41   10   0.0000  -0.2375   0.6671  0.01346  -4.1558E-05  2.5790E-05  4.8910E-05  148.177
    42   11   0.0000   0.1971   0.6671  0.01346   3.7991E-05 -4.7994E-05  6.1211E-05  -51.635
    43   11   0.0000   0.2106   0.6671  0.01346   4.5445E-05 -4.1066E-05  6.1251E-05  -42.103
    44   11   0.0000   0.2240   0.6671  0.01346   4.6014E-05 -3.3535E-05  5.6938E-05  -36.085
    45   11   0.0000   0.2375   0.6671  0.01346   4.1558E-05 -2.5790E-05  4.8910E-05  -31.823
    46  101   0.0000  -0.2476   0.6671  0.00667  -3.5975E-05  2.0040E-05  4.1180E-05  150.880
    47  111   0.0000   0.2476   0.6671  0.00667   3.5975E-05 -2.0040E-05  4.1180E-05  -29.120
    48   12   0.0000  -0.2576   0.6671  0.01344  -3.6418E-05  1.8449E-05  4.0825E-05  153.134
    49   12   0.0000  -0.2710   0.6671  0.01344  -3.4928E-05  1.6239E-05  3.8519E-05  155.065
    50   12   0.0000  -0.2845   0.6671  0.01344  -3.0798E-05  1.3538E-05  3.3642E-05  156.271
    51   12   0.0000  -0.2979   0.6671  0.01344  -2.4545E-05  1.0404E-05  2.6659E-05  157.029
    52   12   0.0000  -0.3114   0.6671  0.01344  -1.6405E-05  6.7987E-06  1.7758E-05  157.489
    53   12   0.0000  -0.3248   0.6671  0.01344  -6.2438E-06  2.5556E-06  6.7466E-06  157.741
    54   13   0.0000   0.2576   0.6671  0.01344   3.6418E-05 -1.8449E-05  4.0825E-05  -26.866
    55   13   0.0000   0.2710   0.6671  0.01344   3.4928E-05 -1.6239E-05  3.8519E-05  -24.935
    56   13   0.0000   0.2845   0.6671  0.01344   3.0798E-05 -1.3538E-05  3.3642E-05  -23.729
    57   13   0.0000   0.2979   0.6671  0.01344   2.4545E-05 -1.0404E-05  2.6659E-05  -22.971
    58   13   0.0000   0.3114   0.6671  0.01344   1.6405E-05 -6.7987E-06  1.7758E-05  -22.511
    59   13   0.0000   0.3248   0.6671  0.01344   6.2438E-06 -2.5556E-06  6.7466E-06  -22.259



                                        - - - POWER BUDGET - - -

                                           INPUT POWER   = 1.1359E-03 WATTS
                                           RADIATED POWER= 1.5305E-04 WATTS
                                           STRUCTURE LOSS= 9.8290E-04 WATTS
                                           NETWORK LOSS  = 0.0000E+00 WATTS
                                           EFFICIENCY    =  13.47 PERCENT



                                                - - - RADIATION PATTERNS - - -

  - - ANGLES - -           - POWER GAINS -       - - - POLARIZATION - - -    - - - E(THETA) - - -    - - - E(PHI) - - -
  THETA     PHI        VERT.   HOR.    TOTAL      AXIAL     TILT   SENSE     MAGNITUDE    PHASE      MAGNITUDE    PHASE 
 DEGREES  DEGREES       DB      DB      DB        RATIO     DEG.              VOLTS/M    DEGREES      VOLTS/M    DEGREES
  -90.00     0.00    -999.99 -999.99 -999.99    0.00000     0.00            0.00000E+00     0.00    4.95546E-12  -160.39
  -85.00     0.00    -999.99  -10.17  -10.17    0.00000    90.00  LINEAR    0.00000E+00     0.00    8.09450E-02    19.36
  -80.00     0.00    -999.99   -4.97   -4.97    0.00000    90.00  LINEAR    0.00000E+00     0.00    1.47213E-01    19.43
  -75.00     0.00    -999.99   -2.72   -2.72    0.00000    90.00  LINEAR    0.00000E+00     0.00    1.90810E-01    19.87
  -70.00     0.00    -999.99   -1.97   -1.97    0.00000    90.00  LINEAR    0.00000E+00     0.00    2.08126E-01    20.78
  -65.00     0.00    -999.99   -2.31   -2.31    0.00000    90.00  LINEAR    0.00000E+00     0.00    2.00074E-01    22.34
  -60.00     0.00    -999.99   -3.66   -3.66    0.00000    90.00  LINEAR    0.00000E+00     0.00    1.71269E-01    24.99
  -55.00     0.00    -999.99   -6.14   -6.14    0.00000    90.00  LINEAR    0.00000E+00     0.00    1.28694E-01    29.80
  -50.00     0.00    -999.99  -10.19  -10.19    0.00000    90.00  LINEAR    0.00000E+00     0.00    8.07090E-02    40.39
  -45.00     0.00    -999.99  -16.22  -16.22    0.00000    90.00  LINEAR    0.00000E+00     0.00    4.03318E-02    74.26
  -40.00     0.00    -999.99  -15.65  -15.65    0.00000   -90.00  LINEAR    0.00000E+00     0.00    4.30674E-02   144.82
  -35.00     0.00    -999.99  -10.83  -10.83    0.00000   -90.00  LINEAR    0.00000E+00     0.00    7.49859E-02   171.31
  -30.00     0.00    -999.99   -7.93   -7.93    0.00000   -90.00  LINEAR    0.00000E+00     0.00    1.04753E-01  -179.52
  -25.00     0.00    -999.99   -6.20   -6.20    0.00000   -90.00  LINEAR    0.00000E+00     0.00    1.27827E-01  -174.91
  -20.00     0.00    -999.99   -5.15   -5.15    0.00000   -90.00  LINEAR    0.00000E+00     0.00    1.44298E-01  -172.10
  -15.00     0.00    -999.99   -4.51   -4.51    0.00000   -90.00  LINEAR    0.00000E+00     0.00    1.55258E-01  -170.24
  -10.00     0.00    -999.99   -4.14   -4.14    0.00000   -90.00  LINEAR    0.00000E+00     0.00    1.61974E-01  -169.02
   -5.00     0.00    -999.99   -3.95   -3.95    0.00000   -90.00  LINEAR    0.00000E+00     0.00    1.65530E-01  -168.32
    0.00     0.00    -999.99   -3.90   -3.90    0.00000   -90.00  LINEAR    0.00000E+00     0.00    1.66634E-01  -168.09
    5.00     0.00    -999.99   -3.95   -3.95    0.00000   -90.00  LINEAR    0.00000E+00     0.00    1.65530E-01  -168.32
   10.00     0.00    -999.99   -4.14   -4.14    0.00000   -90.00  LINEAR    0.00000E+00     0.00    1.61974E-01  -169.02
   15.00     0.00    -999.99   -4.51   -4.51    0.00000   -90.00  LINEAR    0.00000E+00     0.00    1.55258E-01  -170.24
   20.00     0.00    -999.99   -5.15   -5.15    0.00000   -90.00  LINEAR    0.00000E+00     0.00    1.44298E-01  -172.10
   25.00     0.00    -999.99   -6.20   -6.20    0.00000   -90.00  LINEAR    0.00000E+00     0.00    1.27827E-01  -174.91
   30.00     0.00    -999.99   -7.93   -7.93    0.00000   -90.00  LINEAR    0.00000E+00     0.00    1.04753E-01  -179.52
   35.00     0.00    -999.99  -10.83  -10.83    0.00000   -90.00  LINEAR    0.00000E+00     0.00    7.49859E-02   171.31
   40.00     0.00    -999.99  -15.65  -15.65    0.00000   -90.00  LINEAR    0.00000E+00     0.00    4.30674E-02   144.82
   45.00     0.00    -999.99  -16.22  -16.22    0.00000    90.00  LINEAR    0.00000E+00     0.00    4.03318E-02    74.26
   50.00     0.00    -999.99  -10.19  -10.19    0.00000    90.00  LINEAR    0.00000E+00     0.00    8.07090E-02    40.39
   55.00     0.00    -999.99   -6.14   -6.14    0.00000    90.00  LINEAR    0.00000E+00     0.00    1.28694E-01    29.80
   60.00     0.00    -999.99   -3.66   -3.66    0.00000    90.00  LINEAR    0.00000E+00     0.00    1.71269E-01    24.99
   65.00     0.00    -999.99   -2.31   -2.31    0.00000    90.00  LINEAR    0.00000E+00     0.00    2.00074E-01    22.34
   70.00     0.00    -999.99   -1.97   -1.97    0.00000    90.00  LINEAR    0.00000E+00     0.00    2.08126E-01    20.78
   75.00     0.00    -999.99   -2.72   -2.72    0.00000    90.00  LINEAR    0.00000E+00     0.00    1.90810E-01    19.87
   80.00     0.00    -999.99   -4.97   -4.97    0.00000    90.00  LINEAR    0.00000E+00     0.00    1.47213E-01    19.43
   85.00     0.00    -999.99  -10.17  -10.17    0.00000    90.00  LINEAR    0.00000E+00     0.00    8.09450E-02    19.36
   90.00     0.00    -999.99 -999.99 -999.99    0.00000     0.00            0.00000E+00     0.00    4.95546E-12  -160.39




                                 - - - - - - FREQUENCY - - - - - -

                                    FREQUENCY= 1.1000E+01 MHZ
                                    WAVELENGTH= 2.7255E+01 METERS




                    APPROXIMATE INTEGRATION EMPLOYED FOR SEGMENTS MORE THAN   1.000 WAVELENGTHS APART



                               - - - STRUCTURE IMPEDANCE LOADING - - -


       LOCATION          RESISTANCE   INDUCTANCE  CAPACITANCE       IMPEDANCE (OHMS)     CONDUCTIVITY    TYPE
    ITAG FROM THRU          OHMS        HENRYS       FARADS        REAL      IMAGINARY    MHOS/METER

      11    1    1      2.5757E+03   2.1462E-06   1.5000E-11                                          PARALLEL

      12    1    1      2.5757E+03   2.1462E-06   1.5000E-11                                          PARALLEL

      21    1    1      6.5976E+03   5.4976E-06   1.0400E-11                                          PARALLEL

      31    1    1      6.5976E+03   5.4976E-06   1.0400E-11                                          PARALLEL

      41    1    1      9.5357E+03   7.9458E-06   1.6150E-11                                          PARALLEL

      51    1    1      9.5357E+03   7.9458E-06   1.6150E-11                                          PARALLEL

      61    1    1      1.4872E+04   1.2392E-05   2.0000E-11                                          PARALLEL

      71    1    1      1.4872E+04   1.2392E-05   2.0000E-11                                          PARALLEL

      81    1    1      8.8382E+04   7.3646E-05   7.0000E-12                                          PARALLEL

      91    1    1      8.8382E+04   7.3646E-05   7.0000E-12                                          PARALLEL

     101    1    1      1.7754E+05   1.4794E-04   1.3900E-11                                          PARALLEL

     111    1    1      1.7754E+05   1.4794E-04   1.3900E-11                                          PARALLEL



                                  - - - ANTENNA ENVIRONMENT - - -

                                        FINITE GROUND.  SOMMERFELD SOLUTION
                                        RELATIVE DIELECTRIC CONST.= 13.000
                                        CONDUCTIVITY= 5.000E-03 MHOS/METER
                                        COMPLEX DIELECTRIC CONSTANT= 1.30000E+01-8.17091E+00



                                - - - MATRIX TIMING - - -

                        FILL=    0.000 SEC.,  FACTOR=    0.000 SEC.



                                          - - - ANTENNA INPUT PARAMETERS - - -

   TAG   SEG.    VOLTAGE (VOLTS)         CURRENT (AMPS)         IMPEDANCE (OHMS)        ADMITTANCE (MHOS)      POWER
   NO.   NO.    REAL        IMAG.       REAL        IMAG.       REAL        IMAG.       REAL        IMAG.     (WATTS)
     1     6 1.00000E+00 0.00000E+00 3.49867E-04 9.23093E-05 2.67221E+03-7.05038E+02 3.49867E-04 9.23093E-05 1.74934E-04



                             - - - CURRENTS AND LOCATION - - -

                                 DISTANCES IN WAVELENGTHS


  SEG.  TAG    COORD. OF SEG. CENTER     SEG.            - - - CURRENT (AMPS) - - -
  NO.   NO.     X        Y        Z      LENGTH     REAL        IMAG.       MAG.        PHASE
     1    1   0.0000  -0.0844   0.7338  0.01687   3.1066E-04 -4.8680E-04  5.7748E-04  -57.455
     2    1   0.0000  -0.0675   0.7338  0.01687   3.2411E-04 -3.7661E-04  4.9687E-04  -49.285
     3    1   0.0000  -0.0506   0.7338  0.01687   3.3516E-04 -2.6308E-04  4.2608E-04  -38.129
     4    1   0.0000  -0.0337   0.7338  0.01687   3.4327E-04 -1.4426E-04  3.7235E-04  -22.794
     5    1   0.0000  -0.0169   0.7338  0.01687   3.4821E-04 -1.6182E-05  3.4859E-04   -2.661
     6    1   0.0000   0.0000   0.7338  0.01687   3.4987E-04  9.2309E-05  3.6184E-04   14.780
     7    1   0.0000   0.0169   0.7338  0.01687   3.4821E-04 -1.6182E-05  3.4859E-04   -2.661
     8    1   0.0000   0.0337   0.7338  0.01687   3.4327E-04 -1.4426E-04  3.7235E-04  -22.794
     9    1   0.0000   0.0506   0.7338  0.01687   3.3516E-04 -2.6308E-04  4.2608E-04  -38.129
    10    1   0.0000   0.0675   0.7338  0.01687   3.2411E-04 -3.7661E-04  4.9687E-04  -49.285
    11    1   0.0000   0.0844   0.7338  0.01687   3.1066E-04 -4.8680E-04  5.7748E-04  -57.455
    12   11   0.0000  -0.0965   0.7338  0.00734  -2.9943E-04  5.6378E-04  6.3836E-04  117.974
    13   12   0.0000   0.0965   0.7338  0.00734   2.9943E-04 -5.6378E-04  6.3836E-04  -62.026
    14    2   0.0000  -0.1032   0.7338  0.00614  -2.8807E-04  5.9588E-04  6.6186E-04  115.801
    15    2   0.0000  -0.1093   0.7338  0.00614  -2.7741E-04  6.2518E-04  6.8396E-04  113.928
    16    3   0.0000   0.1032   0.7338  0.00614   2.8807E-04 -5.9588E-04  6.6186E-04  -64.199
    17    3   0.0000   0.1093   0.7338  0.00614   2.7741E-04 -6.2518E-04  6.8396E-04  -66.072
    18   21   0.0000  -0.1161   0.7338  0.00734  -2.6448E-04  6.5408E-04  7.0553E-04  112.016
    19   31   0.0000   0.1161   0.7338  0.00734   2.6448E-04 -6.5408E-04  7.0553E-04  -67.984
    20    4   0.0000  -0.1246   0.7338  0.00966  -2.3372E-04  6.4619E-04  6.8716E-04  109.885
    21    4   0.0000  -0.1342   0.7338  0.00966  -1.9758E-04  6.3730E-04  6.6723E-04  107.225
    22    5   0.0000   0.1246   0.7338  0.00966   2.3372E-04 -6.4619E-04  6.8716E-04  -70.115
    23    5   0.0000   0.1342   0.7338  0.00966   1.9758E-04 -6.3730E-04  6.6723E-04  -72.775
    24   41   0.0000  -0.1427   0.7338  0.00734  -1.6475E-04  6.2258E-04  6.4401E-04  104.822
    25   51   0.0000   0.1427   0.7338  0.00734   1.6475E-04 -6.2258E-04  6.4401E-04  -75.178
    26    6   0.0000  -0.1511   0.7338  0.00943  -1.1855E-04  4.8952E-04  5.0367E-04  103.613
    27    6   0.0000  -0.1606   0.7338  0.00943  -6.3618E-05  3.2714E-04  3.3326E-04  101.005
    28    7   0.0000   0.1511   0.7338  0.00943   1.1855E-04 -4.8952E-04  5.0367E-04  -76.387
    29    7   0.0000   0.1606   0.7338  0.00943   6.3618E-05 -3.2714E-04  3.3326E-04  -78.995
    30   61   0.0000  -0.1690   0.7338  0.00734  -1.7358E-05  1.9191E-04  1.9269E-04   95.168
    31   71   0.0000   0.1690   0.7338  0.00734   1.7358E-05 -1.9191E-04  1.9269E-04  -84.832
    32    8   0.0000  -0.1800   0.7338  0.01474  -1.3951E-05  1.5351E-04  1.5414E-04   95.193
    33    8   0.0000  -0.1947   0.7338  0.01474  -1.0704E-05  1.0510E-04  1.0564E-04   95.815
    34    9   0.0000   0.1800   0.7338  0.01474   1.3951E-05 -1.5351E-04  1.5414E-04  -84.807
    35    9   0.0000   0.1947   0.7338  0.01474   1.0704E-05 -1.0510E-04  1.0564E-04  -84.185
    36   81   0.0000  -0.2058   0.7338  0.00734  -6.3249E-06  6.4848E-05  6.5156E-05   95.571
    37   91   0.0000   0.2058   0.7338  0.00734   6.3249E-06 -6.4848E-05  6.5156E-05  -84.429
    38   10   0.0000  -0.2168   0.7338  0.01480  -6.7327E-06  6.3026E-05  6.3384E-05   96.097
    39   10   0.0000  -0.2316   0.7338  0.01480  -6.7277E-06  5.9526E-05  5.9905E-05   96.448
    40   10   0.0000  -0.2464   0.7338  0.01480  -5.9388E-06  5.2154E-05  5.2491E-05   96.496
    41   10   0.0000  -0.2612   0.7338  0.01480  -4.7018E-06  4.2283E-05  4.2543E-05   96.345
    42   11   0.0000   0.2168   0.7338  0.01480   6.7327E-06 -6.3026E-05  6.3384E-05  -83.903
    43   11   0.0000   0.2316   0.7338  0.01480   6.7277E-06 -5.9526E-05  5.9905E-05  -83.552
    44   11   0.0000   0.2464   0.7338  0.01480   5.9388E-06 -5.2154E-05  5.2491E-05  -83.504
    45   11   0.0000   0.2612   0.7338  0.01480   4.7018E-06 -4.2283E-05  4.2543E-05  -83.655
    46  101   0.0000  -0.2723   0.7338  0.00734  -3.6266E-06  3.3983E-05  3.4176E-05   96.091
    47  111   0.0000   0.2723   0.7338  0.00734   3.6266E-06 -3.3983E-05  3.4176E-05  -83.909
    48   12   0.0000  -0.2834   0.7338  0.01478  -3.2669E-06  3.2054E-05  3.2220E-05   95.819
    49   12   0.0000  -0.2982   0.7338  0.01478  -2.7256E-06  2.8689E-05  2.8818E-05   95.427
    50   12   0.0000  -0.3129   0.7338  0.01478  -2.1031E-06  2.4021E-05  2.4113E-05   95.004
    51   12   0.0000  -0.3277   0.7338  0.01478  -1.4665E-06  1.8380E-05  1.8438E-05   94.562
    52   12   0.0000  -0.3425   0.7338  0.01478  -8.5348E-07  1.1883E-05  1.1914E-05   94.108
    53   12   0.0000  -0.3573   0.7338  0.01478  -2.8080E-07  4.3997E-06  4.4087E-06   93.652
    54   13   0.0000   0.2834   0.7338  0.01478   3.2669E-06 -3.2054E-05  3.2220E-05  -84.181
    55   13   0.0000   0.2982   0.7338  0.01478   2.7256E-06 -2.8689E-05  2.8818E-05  -84.573
    56   13   0.0000   0.3129   0.7338  0.01478   2.1031E-06 -2.4021E-05  2.4113E-05  -84.996
    57   13   0.0000   0.3277   0.7338  0.01478   1.4665E-06 -1.8380E-05  1.8438E-05  -85.438
    58   13   0.0000   0.3425   0.7338  0.01478   8.5348E-07 -1.1883E-05  1.1914E-05  -85.892
    59   13   0.0000   0.3573   0.7338  0.01478   2.8080E-07 -4.3997E-06  4.4087E-06  -86.348



                                        - - - POWER BUDGET - - -

                                           INPUT POWER   = 1.7493E-04 WATTS
                                           RADIATED POWER= 1.4026E-05 WATTS
                                           STRUCTURE LOSS= 1.6091E-04 WATTS
                                           NETWORK LOSS  = 0.0000E+00 WATTS
                                           EFFICIENCY    =   8.02 PERCENT



                                                - - - RADIATION PATTERNS - - -

  - - ANGLES - -           - POWER GAINS -       - - - POLARIZATION - - -    - - - E(THETA) - - -    - - - E(PHI) - - -
  THETA     PHI        VERT.   HOR.    TOTAL      AXIAL     TILT   SENSE     MAGNITUDE    PHASE      MAGNITUDE    PHASE 
 DEGREES  DEGREES       DB      DB      DB        RATIO     DEG.              VOLTS/M    DEGREES      VOLTS/M    DEGREES
  -90.00     0.00    -999.99 -999.99 -999.99    0.00000     0.00            0.00000E+00     0.00    1.56493E-12   119.57
  -85.00     0.00    -999.99  -12.10  -12.10    0.00000    90.00  LINEAR    0.00000E+00     0.00    2.54284E-02   -60.64
  -80.00     0.00    -999.99   -7.04   -7.04    0.00000    90.00  LINEAR    0.00000E+00     0.00    4.55482E-02   -60.49
  -75.00     0.00    -999.99   -5.02   -5.02    0.00000    90.00  LINEAR    0.00000E+00     0.00    5.74808E-02   -59.90
  -70.00     0.00    -999.99   -4.62   -4.62    0.00000    90.00  LINEAR    0.00000E+00     0.00    6.01403E-02   -58.71
  -65.00     0.00    -999.99   -5.52   -5.52    0.00000    90.00  LINEAR    0.00000E+00     0.00    5.42388E-02   -56.60
  -60.00     0.00    -999.99   -7.77   -7.77    0.00000    90.00  LINEAR    0.00000E+00     0.00    4.18860E-02   -52.64
  -55.00     0.00    -999.99  -11.88  -11.88    0.00000    90.00  LINEAR    0.00000E+00     0.00    2.60755E-02   -43.56
  -50.00     0.00    -999.99  -19.01  -19.01    0.00000    90.00  LINEAR    0.00000E+00     0.00    1.14733E-02    -9.28
  -45.00     0.00    -999.99  -17.59  -17.59    0.00000    90.00  LINEAR    0.00000E+00     0.00    1.35211E-02    74.45
  -40.00     0.00    -999.99  -12.04  -12.04    0.00000   -90.00  LINEAR    0.00000E+00     0.00    2.55965E-02    97.87
  -35.00     0.00    -999.99   -9.10   -9.10    0.00000   -90.00  LINEAR    0.00000E+00     0.00    3.59042E-02   105.55
  -30.00     0.00    -999.99   -7.47   -7.47    0.00000   -90.00  LINEAR    0.00000E+00     0.00    4.33136E-02   109.63
  -25.00     0.00    -999.99   -6.57   -6.57    0.00000   -90.00  LINEAR    0.00000E+00     0.00    4.80584E-02   112.35
  -20.00     0.00    -999.99   -6.10   -6.10    0.00000   -90.00  LINEAR    0.00000E+00     0.00    5.07265E-02   114.38
  -15.00     0.00    -999.99   -5.89   -5.89    0.00000   -90.00  LINEAR    0.00000E+00     0.00    5.19815E-02   115.93
  -10.00     0.00    -999.99   -5.82   -5.82    0.00000   -90.00  LINEAR    0.00000E+00     0.00    5.24201E-02   117.05
   -5.00     0.00    -999.99   -5.80   -5.80    0.00000   -90.00  LINEAR    0.00000E+00     0.00    5.24967E-02   117.73
    0.00     0.00    -999.99   -5.81   -5.81    0.00000   -90.00  LINEAR    0.00000E+00     0.00    5.24909E-02   117.96
    5.00     0.00    -999.99   -5.80   -5.80    0.00000   -90.00  LINEAR    0.00000E+00     0.00    5.24967E-02   117.73
   10.00     0.00    -999.99   -5.82   -5.82    0.00000   -90.00  LINEAR    0.00000E+00     0.00    5.24201E-02   117.05
   15.00     0.00    -999.99   -5.89   -5.89    0.00000   -90.00  LINEAR    0.00000E+00     0.00    5.19815E-02   115.93
   20.00     0.00    -999.99   -6.10   -6.10    0.00000   -90.00  LINEAR    0.00000E+00     0.00    5.07265E-02   114.38
   25.00     0.00    -999.99   -6.57   -6.57    0.00000   -90.00  LINEAR    0.00000E+00     0.00    4.80584E-02   112.35
   30.00     0.00    -999.99   -7.47   -7.47    0.00000   -90.00  LINEAR    0.00000E+00     0.00    4.33136E-02   109.63
   35.00     0.00    -999.99   -9.10   -9.10    0.00000   -90.00  LINEAR    0.00000E+00     0.00    3.59042E-02   105.55
   40.00     0.00    -999.99  -12.04  -12.04    0.00000   -90.00  LINEAR    0.00000E+00     0.00    2.55965E-02    97.87
   45.00     0.00    -999.99  -17.59  -17.59    0.00000    90.00  LINEAR    0.00000E+00     0.00    1.35211E-02    74.45
   50.00     0.00    -999.99  -19.01  -19.01    0.00000    90.00  LINEAR    0.00000E+00     0.00    1.14733E-02    -9.28
   55.00     0.00    -999.99  -11.88  -11.88    0.00000    90.00  LINEAR    0.00000E+00     0.00    2.60755E-02   -43.56
   60.00     0.00    -999.99   -7.77   -7.77    0.00000    90.00  LINEAR    0.00000E+00     0.00    4.18860E-02   -52.64
   65.00     0.00    -999.99   -5.52   -5.52    0.00000    90.00  LINEAR    0.00000E+00     0.00    5.42388E-02   -56.60
   70.00     0.00    -999.99   -4.62   -4.62    0.00000    90.00  LINEAR    0.00000E+00     0.00    6.01403E-02   -58.71
   75.00     0.00    -999.99   -5.02   -5.02    0.00000    90.00  LINEAR    0.00000E+00     0.00    5.74808E-02   -59.90
   80.00     0.00    -999.99   -7.04   -7.04    0.00000    90.00  LINEAR    0.00000E+00     0.00    4.55482E-02   -60.49
   85.00     0.00    -999.99  -12.10  -12.10    0.00000    90.00  LINEAR    0.00000E+00     0.00    2.54284E-02   -60.64
   90.00     0.00    -999.99 -999.99 -999.99    0.00000     0.00            0.00000E+00     0.00    1.56493E-12   119.57




                                 - - - - - - FREQUENCY - - - - - -

                                    FREQUENCY= 1.2000E+01 MHZ
                                    WAVELENGTH= 2.4983E+01 METERS




                    APPROXIMATE INTEGRATION EMPLOYED FOR SEGMENTS MORE THAN   1.000 WAVELENGTHS APART



                               - - - STRUCTURE IMPEDANCE LOADING - - -


       LOCATION          RESISTANCE   INDUCTANCE  CAPACITANCE       IMPEDANCE (OHMS)     CONDUCTIVITY    TYPE
    ITAG FROM THRU          OHMS        HENRYS       FARADS        REAL      IMAGINARY    MHOS/METER

      11    1    1      2.5757E+03   2.1462E-06   1.5000E-11                                          PARALLEL

      12    1    1      2.5757E+03   2.1462E-06   1.5000E-11                                          PARALLEL

      21    1    1      6.5976E+03   5.4976E-06   1.0400E-11                                          PARALLEL

      31    1    1      6.5976E+03   5.4976E-06   1.0400E-11                                          PARALLEL

      41    1    1      9.5357E+03   7.9458E-06   1.6150E-11                                          PARALLEL

      51    1    1      9.5357E+03   7.9458E-06   1.6150E-11                                          PARALLEL

      61    1    1      1.4872E+04   1.2392E-05   2.0000E-11                                          PARALLEL

      71    1    1      1.4872E+04   1.2392E-05   2.0000E-11                                          PARALLEL

      81    1    1      8.8382E+04   7.3646E-05   7.0000E-12                                          PARALLEL

      91    1    1      8.8382E+04   7.3646E-05   7.0000E-12                                          PARALLEL

     101    1    1      1.7754E+05   1.4794E-04   1.3900E-11                                          PARALLEL

     111    1    1      1.7754E+05   1.4794E-04   1.3900E-11                                          PARALLEL



                                  - - - ANTENNA ENVIRONMENT - - -

                                        FINITE GROUND.  SOMMERFELD SOLUTION
                                        RELATIVE DIELECTRIC CONST.= 13.000
                                        CONDUCTIVITY= 5.000E-03 MHOS/METER
                                        COMPLEX DIELECTRIC CONSTANT= 1.30000E+01-7.49000E+00



                                - - - MATRIX TIMING - - -

                        FILL=    0.016 SEC.,  FACTOR=    0.000 SEC.



                                          - - - ANTENNA INPUT PARAMETERS - - -

   TAG   SEG.    VOLTAGE (VOLTS)         CURRENT (AMPS)         IMPEDANCE (OHMS)        ADMITTANCE (MHOS)      POWER
   NO.   NO.    REAL        IMAG.       REAL        IMAG.       REAL        IMAG.       REAL        IMAG.     (WATTS)
     1     6 1.00000E+00 0.00000E+00 2.14373E-04 7.85186E-04 3.23595E+02-1.18523E+03 2.14373E-04 7.85186E-04 1.07186E-04



                             - - - CURRENTS AND LOCATION - - -

                                 DISTANCES IN WAVELENGTHS


  SEG.  TAG    COORD. OF SEG. CENTER     SEG.            - - - CURRENT (AMPS) - - -
  NO.   NO.     X        Y        Z      LENGTH     REAL        IMAG.       MAG.        PHASE
     1    1   0.0000  -0.0920   0.8005  0.01841   1.8036E-04  5.1055E-05  1.8745E-04   15.806
     2    1   0.0000  -0.0736   0.8005  0.01841   1.9211E-04  2.0594E-04  2.8164E-04   46.989
     3    1   0.0000  -0.0552   0.8005  0.01841   2.0169E-04  3.5850E-04  4.1135E-04   60.638
     4    1   0.0000  -0.0368   0.8005  0.01841   2.0869E-04  5.0946E-04  5.5054E-04   67.724
     5    1   0.0000  -0.0184   0.8005  0.01841   2.1295E-04  6.6235E-04  6.9574E-04   72.177
     6    1   0.0000   0.0000   0.8005  0.01841   2.1437E-04  7.8519E-04  8.1392E-04   74.729
     7    1   0.0000   0.0184   0.8005  0.01841   2.1295E-04  6.6235E-04  6.9574E-04   72.177
     8    1   0.0000   0.0368   0.8005  0.01841   2.0869E-04  5.0946E-04  5.5054E-04   67.724
     9    1   0.0000   0.0552   0.8005  0.01841   2.0169E-04  3.5850E-04  4.1135E-04   60.638
    10    1   0.0000   0.0736   0.8005  0.01841   1.9211E-04  2.0594E-04  2.8164E-04   46.989
    11    1   0.0000   0.0920   0.8005  0.01841   1.8036E-04  5.1055E-05  1.8745E-04   15.806
    12   11   0.0000  -0.1052   0.8005  0.00801  -1.7046E-04  6.1583E-05  1.8124E-04  160.136
    13   12   0.0000   0.1052   0.8005  0.00801   1.7046E-04 -6.1583E-05  1.8124E-04  -19.864
    14    2   0.0000  -0.1126   0.8005  0.00670  -1.6084E-04  1.2341E-04  2.0273E-04  142.502
    15    2   0.0000  -0.1193   0.8005  0.00670  -1.5172E-04  1.8061E-04  2.3588E-04  130.032
    16    3   0.0000   0.1126   0.8005  0.00670   1.6084E-04 -1.2341E-04  2.0273E-04  -37.498
    17    3   0.0000   0.1193   0.8005  0.00670   1.5172E-04 -1.8061E-04  2.3588E-04  -49.968
    18   21   0.0000  -0.1266   0.8005  0.00801  -1.4072E-04  2.4236E-04  2.8025E-04  120.141
    19   31   0.0000   0.1266   0.8005  0.00801   1.4072E-04 -2.4236E-04  2.8025E-04  -59.859
    20    4   0.0000  -0.1359   0.8005  0.01054  -1.1629E-04  3.0003E-04  3.2178E-04  111.185
    21    4   0.0000  -0.1465   0.8005  0.01054  -8.6830E-05  3.6906E-04  3.7914E-04  103.239
    22    5   0.0000   0.1359   0.8005  0.01054   1.1629E-04 -3.0003E-04  3.2178E-04  -68.815
    23    5   0.0000   0.1465   0.8005  0.01054   8.6830E-05 -3.6906E-04  3.7914E-04  -76.761
    24   41   0.0000  -0.1557   0.8005  0.00801  -6.1384E-05  4.2250E-04  4.2694E-04   98.266
    25   51   0.0000   0.1557   0.8005  0.00801   6.1384E-05 -4.2250E-04  4.2694E-04  -81.734
    26    6   0.0000  -0.1649   0.8005  0.01029  -4.6818E-05  3.4442E-04  3.4758E-04   97.741
    27    6   0.0000  -0.1752   0.8005  0.01029  -3.0288E-05  2.4573E-04  2.4759E-04   97.027
    28    7   0.0000   0.1649   0.8005  0.01029   4.6818E-05 -3.4442E-04  3.4758E-04  -82.259
    29    7   0.0000   0.1752   0.8005  0.01029   3.0288E-05 -2.4573E-04  2.4759E-04  -82.973
    30   61   0.0000  -0.1843   0.8005  0.00801  -1.5644E-05  1.6532E-04  1.6605E-04   95.406
    31   71   0.0000   0.1843   0.8005  0.00801   1.5644E-05 -1.6532E-04  1.6605E-04  -84.594
    32    8   0.0000  -0.1964   0.8005  0.01608  -1.3302E-05  1.3102E-04  1.3170E-04   95.797
    33    8   0.0000  -0.2124   0.8005  0.01608  -9.8110E-06  8.7740E-05  8.8287E-05   96.380
    34    9   0.0000   0.1964   0.8005  0.01608   1.3302E-05 -1.3102E-04  1.3170E-04  -84.203
    35    9   0.0000   0.2124   0.8005  0.01608   9.8110E-06 -8.7740E-05  8.8287E-05  -83.620
    36   81   0.0000  -0.2245   0.8005  0.00801  -6.2964E-06  5.4222E-05  5.4587E-05   96.624
    37   91   0.0000   0.2245   0.8005  0.00801   6.2964E-06 -5.4222E-05  5.4587E-05  -83.376
    38   10   0.0000  -0.2365   0.8005  0.01615  -6.8441E-06  5.0574E-05  5.1035E-05   97.707
    39   10   0.0000  -0.2527   0.8005  0.01615  -7.1407E-06  4.5827E-05  4.6380E-05   98.857
    40   10   0.0000  -0.2688   0.8005  0.01615  -6.7092E-06  3.8949E-05  3.9522E-05   99.774
    41   10   0.0000  -0.2850   0.8005  0.01615  -5.7548E-06  3.0788E-05  3.1321E-05  100.588
    42   11   0.0000   0.2365   0.8005  0.01615   6.8441E-06 -5.0574E-05  5.1035E-05  -82.293
    43   11   0.0000   0.2527   0.8005  0.01615   7.1407E-06 -4.5827E-05  4.6380E-05  -81.143
    44   11   0.0000   0.2688   0.8005  0.01615   6.7092E-06 -3.8949E-05  3.9522E-05  -80.226
    45   11   0.0000   0.2850   0.8005  0.01615   5.7548E-06 -3.0788E-05  3.1321E-05  -79.412
    46  101   0.0000  -0.2971   0.8005  0.00801  -4.8161E-06  2.4291E-05  2.4764E-05  101.214
    47  111   0.0000   0.2971   0.8005  0.00801   4.8161E-06 -2.4291E-05  2.4764E-05  -78.786
    48   12   0.0000  -0.3091   0.8005  0.01612  -4.7219E-06  2.2447E-05  2.2938E-05  101.880
    49   12   0.0000  -0.3253   0.8005  0.01612  -4.3897E-06  1.9663E-05  2.0147E-05  102.585
    50   12   0.0000  -0.3414   0.8005  0.01612  -3.7787E-06  1.6191E-05  1.6626E-05  103.137
    51   12   0.0000  -0.3575   0.8005  0.01612  -2.9514E-06  1.2223E-05  1.2574E-05  103.575
    52   12   0.0000  -0.3736   0.8005  0.01612  -1.9374E-06  7.8155E-06  8.0521E-06  103.923
    53   12   0.0000  -0.3897   0.8005  0.01612  -7.2521E-07  2.8672E-06  2.9575E-06  104.194
    54   13   0.0000   0.3091   0.8005  0.01612   4.7219E-06 -2.2447E-05  2.2938E-05  -78.120
    55   13   0.0000   0.3253   0.8005  0.01612   4.3897E-06 -1.9663E-05  2.0147E-05  -77.415
    56   13   0.0000   0.3414   0.8005  0.01612   3.7787E-06 -1.6191E-05  1.6626E-05  -76.863
    57   13   0.0000   0.3575   0.8005  0.01612   2.9514E-06 -1.2223E-05  1.2574E-05  -76.425
    58   13   0.0000   0.3736   0.8005  0.01612   1.9374E-06 -7.8155E-06  8.0521E-06  -76.077
    59   13   0.0000   0.3897   0.8005  0.01612   7.2521E-07 -2.8672E-06  2.9575E-06  -75.806



                                        - - - POWER BUDGET - - -

                                           INPUT POWER   = 1.0719E-04 WATTS
                                           RADIATED POWER= 3.5274E-06 WATTS
                                           STRUCTURE LOSS= 1.0366E-04 WATTS
                                           NETWORK LOSS  = 0.0000E+00 WATTS
                                           EFFICIENCY    =   3.29 PERCENT



                                                - - - RADIATION PATTERNS - - -

  - - ANGLES - -           - POWER GAINS -       - - - POLARIZATION - - -    - - - E(THETA) - - -    - - - E(PHI) - - -
  THETA     PHI        VERT.   HOR.    TOTAL      AXIAL     TILT   SENSE     MAGNITUDE    PHASE      MAGNITUDE    PHASE 
 DEGREES  DEGREES       DB      DB      DB        RATIO     DEG.              VOLTS/M    DEGREES      VOLTS/M    DEGREES
  -90.00     0.00    -999.99 -999.99 -999.99    0.00000     0.00            0.00000E+00     0.00    6.11506E-13  -164.91
  -85.00     0.00    -999.99  -18.18  -18.18    0.00000    90.00  LINEAR    0.00000E+00     0.00    9.88057E-03    14.91
  -80.00     0.00    -999.99  -13.27  -13.27    0.00000    90.00  LINEAR    0.00000E+00     0.00    1.74059E-02    15.15
  -75.00     0.00    -999.99  -11.51  -11.51    0.00000    90.00  LINEAR    0.00000E+00     0.00    2.13173E-02    15.91
  -70.00     0.00    -999.99  -11.53  -11.53    0.00000    90.00  LINEAR    0.00000E+00     0.00    2.12466E-02    17.41
  -65.00     0.00    -999.99  -13.12  -13.12    0.00000    90.00  LINEAR    0.00000E+00     0.00    1.76909E-02    20.27
  -60.00     0.00    -999.99  -16.65  -16.65    0.00000    90.00  LINEAR    0.00000E+00     0.00    1.17897E-02    26.59
  -55.00     0.00    -999.99  -23.68  -23.68    0.00000    90.00  LINEAR    0.00000E+00     0.00    5.24618E-03    49.19
  -50.00     0.00    -999.99  -25.47  -25.47    0.00000   -90.00  LINEAR    0.00000E+00     0.00    4.26913E-03   145.85
  -45.00     0.00    -999.99  -18.54  -18.54    0.00000   -90.00  LINEAR    0.00000E+00     0.00    9.48909E-03   175.54
  -40.00     0.00    -999.99  -15.21  -15.21    0.00000   -90.00  LINEAR    0.00000E+00     0.00    1.39121E-02  -176.50
  -35.00     0.00    -999.99  -13.53  -13.53    0.00000   -90.00  LINEAR    0.00000E+00     0.00    1.68766E-02  -172.32
  -30.00     0.00    -999.99  -12.74  -12.74    0.00000   -90.00  LINEAR    0.00000E+00     0.00    1.84872E-02  -169.35
  -25.00     0.00    -999.99  -12.48  -12.48    0.00000   -90.00  LINEAR    0.00000E+00     0.00    1.90540E-02  -166.91
  -20.00     0.00    -999.99  -12.53  -12.53    0.00000   -90.00  LINEAR    0.00000E+00     0.00    1.89442E-02  -164.79
  -15.00     0.00    -999.99  -12.74  -12.74    0.00000   -90.00  LINEAR    0.00000E+00     0.00    1.84992E-02  -162.98
  -10.00     0.00    -999.99  -12.98  -12.98    0.00000   -90.00  LINEAR    0.00000E+00     0.00    1.79922E-02  -161.56
   -5.00     0.00    -999.99  -13.16  -13.16    0.00000   -90.00  LINEAR    0.00000E+00     0.00    1.76146E-02  -160.63
    0.00     0.00    -999.99  -13.23  -13.23    0.00000   -90.00  LINEAR    0.00000E+00     0.00    1.74768E-02  -160.31
    5.00     0.00    -999.99  -13.16  -13.16    0.00000   -90.00  LINEAR    0.00000E+00     0.00    1.76146E-02  -160.63
   10.00     0.00    -999.99  -12.98  -12.98    0.00000   -90.00  LINEAR    0.00000E+00     0.00    1.79922E-02  -161.56
   15.00     0.00    -999.99  -12.74  -12.74    0.00000   -90.00  LINEAR    0.00000E+00     0.00    1.84992E-02  -162.98
   20.00     0.00    -999.99  -12.53  -12.53    0.00000   -90.00  LINEAR    0.00000E+00     0.00    1.89442E-02  -164.79
   25.00     0.00    -999.99  -12.48  -12.48    0.00000   -90.00  LINEAR    0.00000E+00     0.00    1.90540E-02  -166.91
   30.00     0.00    -999.99  -12.74  -12.74    0.00000   -90.00  LINEAR    0.00000E+00     0.00    1.84872E-02  -169.35
   35.00     0.00    -999.99  -13.53  -13.53    0.00000   -90.00  LINEAR    0.00000E+00     0.00    1.68766E-02  -172.32
   40.00     0.00    -999.99  -15.21  -15.21    0.00000   -90.00  LINEAR    0.00000E+00     0.00    1.39121E-02  -176.50
   45.00     0.00    -999.99  -18.54  -18.54    0.00000   -90.00  LINEAR    0.00000E+00     0.00    9.48909E-03   175.54
   50.00     0.00    -999.99  -25.47  -25.47    0.00000   -90.00  LINEAR    0.00000E+00     0.00    4.26913E-03   145.85
   55.00     0.00    -999.99  -23.68  -23.68    0.00000    90.00  LINEAR    0.00000E+00     0.00    5.24618E-03    49.19
   60.00     0.00    -999.99  -16.65  -16.65    0.00000    90.00  LINEAR    0.00000E+00     0.00    1.17897E-02    26.59
   65.00     0.00    -999.99  -13.12  -13.12    0.00000    90.00  LINEAR    0.00000E+00     0.00    1.76909E-02    20.27
   70.00     0.00    -999.99  -11.53  -11.53    0.00000    90.00  LINEAR    0.00000E+00     0.00    2.12466E-02    17.41
   75.00     0.00    -999.99  -11.51  -11.51    0.00000    90.00  LINEAR    0.00000E+00     0.00    2.13173E-02    15.91
   80.00     0.00    -999.99  -13.27  -13.27    0.00000    90.00  LINEAR    0.00000E+00     0.00    1.74059E-02    15.15
   85.00     0.00    -999.99  -18.18  -18.18    0.00000    90.00  LINEAR    0.00000E+00     0.00    9.88057E-03    14.91
   90.00     0.00    -999.99 -999.99 -999.99    0.00000     0.00            0.00000E+00     0.00    6.11506E-13  -164.91




                                 - - - - - - FREQUENCY - - - - - -

                                    FREQUENCY= 1.3000E+01 MHZ
                                    WAVELENGTH= 2.3062E+01 METERS




                    APPROXIMATE INTEGRATION EMPLOYED FOR SEGMENTS MORE THAN   1.000 WAVELENGTHS APART



                               - - - STRUCTURE IMPEDANCE LOADING - - -


       LOCATION          RESISTANCE   INDUCTANCE  CAPACITANCE       IMPEDANCE (OHMS)     CONDUCTIVITY    TYPE
    ITAG FROM THRU          OHMS        HENRYS       FARADS        REAL      IMAGINARY    MHOS/METER

      11    1    1      2.5757E+03   2.1462E-06   1.5000E-11                                          PARALLEL

      12    1    1      2.5757E+03   2.1462E-06   1.5000E-11                                          PARALLEL

      21    1    1      6.5976E+03   5.4976E-06   1.0400E-11                                          PARALLEL

      31    1    1      6.5976E+03   5.4976E-06   1.0400E-11                                          PARALLEL

      41    1    1      9.5357E+03   7.9458E-06   1.6150E-11                                          PARALLEL

      51    1    1      9.5357E+03   7.9458E-06   1.6150E-11                                          PARALLEL

      61    1    1      1.4872E+04   1.2392E-05   2.0000E-11                                          PARALLEL

      71    1    1      1.4872E+04   1.2392E-05   2.0000E-11                                          PARALLEL

      81    1    1      8.8382E+04   7.3646E-05   7.0000E-12                                          PARALLEL

      91    1    1      8.8382E+04   7.3646E-05   7.0000E-12                                          PARALLEL

     101    1    1      1.7754E+05   1.4794E-04   1.3900E-11                                          PARALLEL

     111    1    1      1.7754E+05   1.4794E-04   1.3900E-11                                          PARALLEL



                                  - - - ANTENNA ENVIRONMENT - - -

                                        FINITE GROUND.  SOMMERFELD SOLUTION
                                        RELATIVE DIELECTRIC CONST.= 13.000
                                        CONDUCTIVITY= 5.000E-03 MHOS/METER
                                        COMPLEX DIELECTRIC CONSTANT= 1.30000E+01-6.91385E+00



                                - - - MATRIX TIMING - - -

                        FILL=    0.016 SEC.,  FACTOR=    0.000 SEC.



                                          - - - ANTENNA INPUT PARAMETERS - - -

   TAG   SEG.    VOLTAGE (VOLTS)         CURRENT (AMPS)         IMPEDANCE (OHMS)        ADMITTANCE (MHOS)      POWER
   NO.   NO.    REAL        IMAG.       REAL        IMAG.       REAL        IMAG.       REAL        IMAG.     (WATTS)
     1     6 1.00000E+00 0.00000E+00 5.04040E-04 1.52887E-03 1.94498E+02-5.89956E+02 5.04040E-04 1.52887E-03 2.52020E-04



                             - - - CURRENTS AND LOCATION - - -

                                 DISTANCES IN WAVELENGTHS


  SEG.  TAG    COORD. OF SEG. CENTER     SEG.            - - - CURRENT (AMPS) - - -
  NO.   NO.     X        Y        Z      LENGTH     REAL        IMAG.       MAG.        PHASE
     1    1   0.0000  -0.0997   0.8672  0.01994   4.0212E-04  5.9934E-04  7.2174E-04   56.141
     2    1   0.0000  -0.0798   0.8672  0.01994   4.3732E-04  8.1261E-04  9.2282E-04   61.713
     3    1   0.0000  -0.0598   0.8672  0.01994   4.6601E-04  1.0155E-03  1.1173E-03   65.350
     4    1   0.0000  -0.0399   0.8672  0.01994   4.8699E-04  1.2070E-03  1.3016E-03   68.028
     5    1   0.0000  -0.0199   0.8672  0.01994   4.9976E-04  1.3899E-03  1.4770E-03   70.224
     6    1   0.0000   0.0000   0.8672  0.01994   5.0404E-04  1.5289E-03  1.6098E-03   71.754
     7    1   0.0000   0.0199   0.8672  0.01994   4.9976E-04  1.3899E-03  1.4770E-03   70.224
     8    1   0.0000   0.0399   0.8672  0.01994   4.8699E-04  1.2070E-03  1.3016E-03   68.028
     9    1   0.0000   0.0598   0.8672  0.01994   4.6601E-04  1.0155E-03  1.1173E-03   65.350
    10    1   0.0000   0.0798   0.8672  0.01994   4.3732E-04  8.1261E-04  9.2282E-04   61.713
    11    1   0.0000   0.0997   0.8672  0.01994   4.0212E-04  5.9934E-04  7.2174E-04   56.141
    12   11   0.0000  -0.1140   0.8672  0.00867  -3.7246E-04 -4.3966E-04  5.7622E-04 -130.270
    13   12   0.0000   0.1140   0.8672  0.00867   3.7246E-04  4.3966E-04  5.7622E-04   49.730
    14    2   0.0000  -0.1220   0.8672  0.00726  -3.4354E-04 -3.3749E-04  4.8158E-04 -135.509
    15    2   0.0000  -0.1292   0.8672  0.00726  -3.1613E-04 -2.4230E-04  3.9830E-04 -142.531
    16    3   0.0000   0.1220   0.8672  0.00726   3.4354E-04  3.3749E-04  4.8158E-04   44.491
    17    3   0.0000   0.1292   0.8672  0.00726   3.1613E-04  2.4230E-04  3.9830E-04   37.469
    18   21   0.0000  -0.1372   0.8672  0.00867  -2.8276E-04 -1.3555E-04  3.1357E-04 -154.387
    19   31   0.0000   0.1372   0.8672  0.00867   2.8276E-04  1.3555E-04  3.1357E-04   25.613
    20    4   0.0000  -0.1472   0.8672  0.01142  -2.0652E-04  1.3746E-05  2.0698E-04  176.192
    21    4   0.0000  -0.1587   0.8672  0.01142  -1.1337E-04  1.9339E-04  2.2417E-04  120.381
    22    5   0.0000   0.1472   0.8672  0.01142   2.0652E-04 -1.3746E-05  2.0698E-04   -3.808
    23    5   0.0000   0.1587   0.8672  0.01142   1.1337E-04 -1.9339E-04  2.2417E-04  -59.619
    24   41   0.0000  -0.1687   0.8672  0.00867  -3.5466E-05  3.3990E-04  3.4174E-04   95.957
    25   51   0.0000   0.1687   0.8672  0.00867   3.5466E-05 -3.3990E-04  3.4174E-04  -84.043
    26    6   0.0000  -0.1786   0.8672  0.01115  -2.8951E-05  2.8231E-04  2.8379E-04   95.855
    27    6   0.0000  -0.1898   0.8672  0.01115  -2.5137E-05  2.0324E-04  2.0478E-04   97.051
    28    7   0.0000   0.1786   0.8672  0.01115   2.8951E-05 -2.8231E-04  2.8379E-04  -84.145
    29    7   0.0000   0.1898   0.8672  0.01115   2.5137E-05 -2.0324E-04  2.0478E-04  -82.949
    30   61   0.0000  -0.1997   0.8672  0.00867  -1.8895E-05  1.4229E-04  1.4354E-04   97.564
    31   71   0.0000   0.1997   0.8672  0.00867   1.8895E-05 -1.4229E-04  1.4354E-04  -82.436
    32    8   0.0000  -0.2127   0.8672  0.01742  -1.8975E-05  1.1067E-04  1.1229E-04   99.729
    33    8   0.0000  -0.2301   0.8672  0.01742  -1.6352E-05  7.2592E-05  7.4411E-05  102.694
    34    9   0.0000   0.2127   0.8672  0.01742   1.8975E-05 -1.1067E-04  1.1229E-04  -80.271
    35    9   0.0000   0.2301   0.8672  0.01742   1.6352E-05 -7.2592E-05  7.4411E-05  -77.306
    36   81   0.0000  -0.2432   0.8672  0.00867  -1.2628E-05  4.4703E-05  4.6452E-05  105.775
    37   91   0.0000   0.2432   0.8672  0.00867   1.2628E-05 -4.4703E-05  4.6452E-05  -74.225
    38   10   0.0000  -0.2563   0.8672  0.01749  -1.4996E-05  4.0375E-05  4.3070E-05  110.376
    39   10   0.0000  -0.2738   0.8672  0.01749  -1.6823E-05  3.5503E-05  3.9288E-05  115.354
    40   10   0.0000  -0.2912   0.8672  0.01749  -1.6778E-05  2.9646E-05  3.4064E-05  119.507
    41   10   0.0000  -0.3087   0.8672  0.01749  -1.5202E-05  2.3228E-05  2.7761E-05  123.203
    42   11   0.0000   0.2563   0.8672  0.01749   1.4996E-05 -4.0375E-05  4.3070E-05  -69.624
    43   11   0.0000   0.2738   0.8672  0.01749   1.6823E-05 -3.5503E-05  3.9288E-05  -64.646
    44   11   0.0000   0.2912   0.8672  0.01749   1.6778E-05 -2.9646E-05  3.4064E-05  -60.493
    45   11   0.0000   0.3087   0.8672  0.01749   1.5202E-05 -2.3228E-05  2.7761E-05  -56.797
    46  101   0.0000  -0.3218   0.8672  0.00867  -1.3293E-05  1.8306E-05  2.2623E-05  125.984
    47  111   0.0000   0.3218   0.8672  0.00867   1.3293E-05 -1.8306E-05  2.2623E-05  -54.016
    48   12   0.0000  -0.3349   0.8672  0.01747  -1.3504E-05  1.6924E-05  2.1651E-05  128.588
    49   12   0.0000  -0.3524   0.8672  0.01747  -1.3024E-05  1.4913E-05  1.9800E-05  131.132
    50   12   0.0000  -0.3698   0.8672  0.01747  -1.1551E-05  1.2409E-05  1.6953E-05  132.951
    51   12   0.0000  -0.3873   0.8672  0.01747  -9.2513E-06  9.4958E-06  1.3257E-05  134.253
    52   12   0.0000  -0.4048   0.8672  0.01747  -6.2048E-06  6.1674E-06  8.7485E-06  135.173
    53   12   0.0000  -0.4222   0.8672  0.01747  -2.3660E-06  2.3009E-06  3.3004E-06  135.799
    54   13   0.0000   0.3349   0.8672  0.01747   1.3504E-05 -1.6924E-05  2.1651E-05  -51.412
    55   13   0.0000   0.3524   0.8672  0.01747   1.3024E-05 -1.4913E-05  1.9800E-05  -48.868
    56   13   0.0000   0.3698   0.8672  0.01747   1.1551E-05 -1.2409E-05  1.6953E-05  -47.049
    57   13   0.0000   0.3873   0.8672  0.01747   9.2513E-06 -9.4958E-06  1.3257E-05  -45.747
    58   13   0.0000   0.4048   0.8672  0.01747   6.2048E-06 -6.1674E-06  8.7485E-06  -44.827
    59   13   0.0000   0.4222   0.8672  0.01747   2.3660E-06 -2.3009E-06  3.3004E-06  -44.201



                                        - - - POWER BUDGET - - -

                                           INPUT POWER   = 2.5202E-04 WATTS
                                           RADIATED POWER= 3.0707E-05 WATTS
                                           STRUCTURE LOSS= 2.2131E-04 WATTS
                                           NETWORK LOSS  = 0.0000E+00 WATTS
                                           EFFICIENCY    =  12.18 PERCENT



                                                - - - RADIATION PATTERNS - - -

  - - ANGLES - -           - POWER GAINS -       - - - POLARIZATION - - -    - - - E(THETA) - - -    - - - E(PHI) - - -
  THETA     PHI        VERT.   HOR.    TOTAL      AXIAL     TILT   SENSE     MAGNITUDE    PHASE      MAGNITUDE    PHASE 
 DEGREES  DEGREES       DB      DB      DB        RATIO     DEG.              VOLTS/M    DEGREES      VOLTS/M    DEGREES
  -90.00     0.00    -999.99 -999.99 -999.99    0.00000     0.00            0.00000E+00     0.00    2.67456E-12  -125.83
  -85.00     0.00    -999.99   -9.13   -9.13    0.00000    90.00  LINEAR    0.00000E+00     0.00    4.29566E-02    54.04
  -80.00     0.00    -999.99   -4.37   -4.37    0.00000    90.00  LINEAR    0.00000E+00     0.00    7.43087E-02    54.37
  -75.00     0.00    -999.99   -2.90   -2.90    0.00000    90.00  LINEAR    0.00000E+00     0.00    8.80047E-02    55.29
  -70.00     0.00    -999.99   -3.43   -3.43    0.00000    90.00  LINEAR    0.00000E+00     0.00    8.28578E-02    57.17
  -65.00     0.00    -999.99   -5.91   -5.91    0.00000    90.00  LINEAR    0.00000E+00     0.00    6.22564E-02    61.13
  -60.00     0.00    -999.99  -11.44  -11.44    0.00000    90.00  LINEAR    0.00000E+00     0.00    3.29444E-02    72.64
  -55.00     0.00    -999.99  -19.97  -19.97    0.00000   -90.00  LINEAR    0.00000E+00     0.00    1.23327E-02   153.58
  -50.00     0.00    -999.99  -11.07  -11.07    0.00000   -90.00  LINEAR    0.00000E+00     0.00    3.43810E-02  -146.67
  -45.00     0.00    -999.99   -6.78   -6.78    0.00000   -90.00  LINEAR    0.00000E+00     0.00    5.63288E-02  -136.67
  -40.00     0.00    -999.99   -4.82   -4.82    0.00000   -90.00  LINEAR    0.00000E+00     0.00    7.05472E-02  -132.01
  -35.00     0.00    -999.99   -4.05   -4.05    0.00000   -90.00  LINEAR    0.00000E+00     0.00    7.71137E-02  -128.65
  -30.00     0.00    -999.99   -3.99   -3.99    0.00000   -90.00  LINEAR    0.00000E+00     0.00    7.76180E-02  -125.67
  -25.00     0.00    -999.99   -4.39   -4.39    0.00000   -90.00  LINEAR    0.00000E+00     0.00    7.41652E-02  -122.76
  -20.00     0.00    -999.99   -5.04   -5.04    0.00000   -90.00  LINEAR    0.00000E+00     0.00    6.87958E-02  -119.86
  -15.00     0.00    -999.99   -5.78   -5.78    0.00000   -90.00  LINEAR    0.00000E+00     0.00    6.31711E-02  -117.07
  -10.00     0.00    -999.99   -6.45   -6.45    0.00000   -90.00  LINEAR    0.00000E+00     0.00    5.84676E-02  -114.65
   -5.00     0.00    -999.99   -6.92   -6.92    0.00000   -90.00  LINEAR    0.00000E+00     0.00    5.54059E-02  -112.95
    0.00     0.00    -999.99   -7.09   -7.09    0.00000   -90.00  LINEAR    0.00000E+00     0.00    5.43497E-02  -112.34
    5.00     0.00    -999.99   -6.92   -6.92    0.00000   -90.00  LINEAR    0.00000E+00     0.00    5.54059E-02  -112.95
   10.00     0.00    -999.99   -6.45   -6.45    0.00000   -90.00  LINEAR    0.00000E+00     0.00    5.84676E-02  -114.65
   15.00     0.00    -999.99   -5.78   -5.78    0.00000   -90.00  LINEAR    0.00000E+00     0.00    6.31711E-02  -117.07
   20.00     0.00    -999.99   -5.04   -5.04    0.00000   -90.00  LINEAR    0.00000E+00     0.00    6.87958E-02  -119.86
   25.00     0.00    -999.99   -4.39   -4.39    0.00000   -90.00  LINEAR    0.00000E+00     0.00    7.41652E-02  -122.76
   30.00     0.00    -999.99   -3.99   -3.99    0.00000   -90.00  LINEAR    0.00000E+00     0.00    7.76180E-02  -125.67
   35.00     0.00    -999.99   -4.05   -4.05    0.00000   -90.00  LINEAR    0.00000E+00     0.00    7.71137E-02  -128.65
   40.00     0.00    -999.99   -4.82   -4.82    0.00000   -90.00  LINEAR    0.00000E+00     0.00    7.05472E-02  -132.01
   45.00     0.00    -999.99   -6.78   -6.78    0.00000   -90.00  LINEAR    0.00000E+00     0.00    5.63288E-02  -136.67
   50.00     0.00    -999.99  -11.07  -11.07    0.00000   -90.00  LINEAR    0.00000E+00     0.00    3.43810E-02  -146.67
   55.00     0.00    -999.99  -19.97  -19.97    0.00000   -90.00  LINEAR    0.00000E+00     0.00    1.23327E-02   153.58
   60.00     0.00    -999.99  -11.44  -11.44    0.00000    90.00  LINEAR    0.00000E+00     0.00    3.29444E-02    72.64
   65.00     0.00    -999.99   -5.91   -5.91    0.00000    90.00  LINEAR    0.00000E+00     0.00    6.22564E-02    61.13
   70.00     0.00    -999.99   -3.43   -3.43    0.00000    90.00  LINEAR    0.00000E+00     0.00    8.28578E-02    57.17
   75.00     0.00    -999.99   -2.90   -2.90    0.00000    90.00  LINEAR    0.00000E+00     0.00    8.80047E-02    55.29
   80.00     0.00    -999.99   -4.37   -4.37    0.00000    90.00  LINEAR    0.00000E+00     0.00    7.43087E-02    54.37
   85.00     0.00    -999.99   -9.13   -9.13    0.00000    90.00  LINEAR    0.00000E+00     0.00    4.29566E-02    54.04
   90.00     0.00    -999.99 -999.99 -999.99    0.00000     0.00            0.00000E+00     0.00    2.67456E-12  -125.83




                                 - - - - - - FREQUENCY - - - - - -

                                    FREQUENCY= 1.4000E+01 MHZ
                                    WAVELENGTH= 2.1414E+01 METERS




                    APPROXIMATE INTEGRATION EMPLOYED FOR SEGMENTS MORE THAN   1.000 WAVELENGTHS APART



                               - - - STRUCTURE IMPEDANCE LOADING - - -


       LOCATION          RESISTANCE   INDUCTANCE  CAPACITANCE       IMPEDANCE (OHMS)     CONDUCTIVITY    TYPE
    ITAG FROM THRU          OHMS        HENRYS       FARADS        REAL      IMAGINARY    MHOS/METER

      11    1    1      2.5757E+03   2.1462E-06   1.5000E-11                                          PARALLEL

      12    1    1      2.5757E+03   2.1462E-06   1.5000E-11                                          PARALLEL

      21    1    1      6.5976E+03   5.4976E-06   1.0400E-11                                          PARALLEL

      31    1    1      6.5976E+03   5.4976E-06   1.0400E-11                                          PARALLEL

      41    1    1      9.5357E+03   7.9458E-06   1.6150E-11                                          PARALLEL

      51    1    1      9.5357E+03   7.9458E-06   1.6150E-11                                          PARALLEL

      61    1    1      1.4872E+04   1.2392E-05   2.0000E-11                                          PARALLEL

      71    1    1      1.4872E+04   1.2392E-05   2.0000E-11                                          PARALLEL

      81    1    1      8.8382E+04   7.3646E-05   7.0000E-12                                          PARALLEL

      91    1    1      8.8382E+04   7.3646E-05   7.0000E-12                                          PARALLEL

     101    1    1      1.7754E+05   1.4794E-04   1.3900E-11                                          PARALLEL

     111    1    1      1.7754E+05   1.4794E-04   1.3900E-11                                          PARALLEL



                                  - - - ANTENNA ENVIRONMENT - - -

                                        FINITE GROUND.  SOMMERFELD SOLUTION
                                        RELATIVE DIELECTRIC CONST.= 13.000
                                        CONDUCTIVITY= 5.000E-03 MHOS/METER
                                        COMPLEX DIELECTRIC CONSTANT= 1.30000E+01-6.42000E+00



                                - - - MATRIX TIMING - - -

                        FILL=    0.000 SEC.,  FACTOR=    0.000 SEC.



                                          - - - ANTENNA INPUT PARAMETERS - - -

   TAG   SEG.    VOLTAGE (VOLTS)         CURRENT (AMPS)         IMPEDANCE (OHMS)        ADMITTANCE (MHOS)      POWER
   NO.   NO.    REAL        IMAG.       REAL        IMAG.       REAL        IMAG.       REAL        IMAG.     (WATTS)
     1     6 1.00000E+00 0.00000E+00 2.66452E-03 1.07958E-03 3.22380E+02-1.30618E+02 2.66452E-03 1.07958E-03 1.33226E-03



                             - - - CURRENTS AND LOCATION - - -

                                 DISTANCES IN WAVELENGTHS


  SEG.  TAG    COORD. OF SEG. CENTER     SEG.            - - - CURRENT (AMPS) - - -
  NO.   NO.     X        Y        Z      LENGTH     REAL        IMAG.       MAG.        PHASE
     1    1   0.0000  -0.1074   0.9340  0.02147   2.1079E-03  1.8984E-04  2.1164E-03    5.146
     2    1   0.0000  -0.0859   0.9340  0.02147   2.2991E-03  3.8030E-04  2.3304E-03    9.392
     3    1   0.0000  -0.0644   0.9340  0.02147   2.4559E-03  5.6729E-04  2.5206E-03   13.007
     4    1   0.0000  -0.0429   0.9340  0.02147   2.5709E-03  7.5089E-04  2.6783E-03   16.282
     5    1   0.0000  -0.0215   0.9340  0.02147   2.6410E-03  9.3439E-04  2.8014E-03   19.484
     6    1   0.0000   0.0000   0.9340  0.02147   2.6645E-03  1.0796E-03  2.8749E-03   22.056
     7    1   0.0000   0.0215   0.9340  0.02147   2.6410E-03  9.3439E-04  2.8014E-03   19.484
     8    1   0.0000   0.0429   0.9340  0.02147   2.5709E-03  7.5089E-04  2.6783E-03   16.282
     9    1   0.0000   0.0644   0.9340  0.02147   2.4559E-03  5.6729E-04  2.5206E-03   13.007
    10    1   0.0000   0.0859   0.9340  0.02147   2.2991E-03  3.8030E-04  2.3304E-03    9.392
    11    1   0.0000   0.1074   0.9340  0.02147   2.1079E-03  1.8984E-04  2.1164E-03    5.146
    12   11   0.0000  -0.1228   0.9340  0.00934  -1.9474E-03 -5.1581E-05  1.9481E-03 -178.483
    13   12   0.0000   0.1228   0.9340  0.00934   1.9474E-03  5.1581E-05  1.9481E-03    1.517
    14    2   0.0000  -0.1313   0.9340  0.00781  -1.7876E-03  2.1691E-05  1.7877E-03  179.305
    15    2   0.0000  -0.1392   0.9340  0.00781  -1.6367E-03  8.9538E-05  1.6391E-03  176.869
    16    3   0.0000   0.1313   0.9340  0.00781   1.7876E-03 -2.1691E-05  1.7877E-03   -0.695
    17    3   0.0000   0.1392   0.9340  0.00781   1.6367E-03 -8.9538E-05  1.6391E-03   -3.131
    18   21   0.0000  -0.1477   0.9340  0.00934  -1.4517E-03  1.6047E-04  1.4605E-03  173.692
    19   31   0.0000   0.1477   0.9340  0.00934   1.4517E-03 -1.6047E-04  1.4605E-03   -6.308
    20    4   0.0000  -0.1586   0.9340  0.01230  -1.0097E-03  2.0165E-04  1.0297E-03  168.706
    21    4   0.0000  -0.1709   0.9340  0.01230  -4.6973E-04  2.4730E-04  5.3085E-04  152.235
    22    5   0.0000   0.1586   0.9340  0.01230   1.0097E-03 -2.0165E-04  1.0297E-03  -11.294
    23    5   0.0000   0.1709   0.9340  0.01230   4.6973E-04 -2.4730E-04  5.3085E-04  -27.765
    24   41   0.0000  -0.1817   0.9340  0.00934  -2.2199E-05  2.8359E-04  2.8445E-04   94.476
    25   51   0.0000   0.1817   0.9340  0.00934   2.2199E-05 -2.8359E-04  2.8445E-04  -85.524
    26    6   0.0000  -0.1924   0.9340  0.01200  -1.9284E-05  2.4127E-04  2.4204E-04   94.570
    27    6   0.0000  -0.2044   0.9340  0.01200  -4.1980E-05  1.8659E-04  1.9125E-04  102.680
    28    7   0.0000   0.1924   0.9340  0.01200   1.9284E-05 -2.4127E-04  2.4204E-04  -85.430
    29    7   0.0000   0.2044   0.9340  0.01200   4.1980E-05 -1.8659E-04  1.9125E-04  -77.320
    30   61   0.0000  -0.2150   0.9340  0.00934  -4.4560E-05  1.4133E-04  1.4819E-04  107.500
    31   71   0.0000   0.2150   0.9340  0.00934   4.4560E-05 -1.4133E-04  1.4819E-04  -72.500
    32    8   0.0000  -0.2291   0.9340  0.01876  -5.0843E-05  1.1798E-04  1.2847E-04  113.313
    33    8   0.0000  -0.2478   0.9340  0.01876  -4.6618E-05  8.5582E-05  9.7455E-05  118.578
    34    9   0.0000   0.2291   0.9340  0.01876   5.0843E-05 -1.1798E-04  1.2847E-04  -66.687
    35    9   0.0000   0.2478   0.9340  0.01876   4.6618E-05 -8.5582E-05  9.7455E-05  -61.422
    36   81   0.0000  -0.2619   0.9340  0.00934  -3.7110E-05  5.9496E-05  7.0121E-05  121.953
    37   91   0.0000   0.2619   0.9340  0.00934   3.7110E-05 -5.9496E-05  7.0121E-05  -58.047
    38   10   0.0000  -0.2760   0.9340  0.01884  -4.2741E-05  6.0883E-05  7.4388E-05  125.070
    39   10   0.0000  -0.2948   0.9340  0.01884  -4.6006E-05  6.1067E-05  7.6458E-05  126.993
    40   10   0.0000  -0.3136   0.9340  0.01884  -4.4012E-05  5.7072E-05  7.2071E-05  127.638
    41   10   0.0000  -0.3325   0.9340  0.01884  -3.8092E-05  4.9598E-05  6.2537E-05  127.525
    42   11   0.0000   0.2760   0.9340  0.01884   4.2741E-05 -6.0883E-05  7.4388E-05  -54.930
    43   11   0.0000   0.2948   0.9340  0.01884   4.6006E-05 -6.1067E-05  7.6458E-05  -53.007
    44   11   0.0000   0.3136   0.9340  0.01884   4.4012E-05 -5.7072E-05  7.2071E-05  -52.362
    45   11   0.0000   0.3325   0.9340  0.01884   3.8092E-05 -4.9598E-05  6.2537E-05  -52.475
    46  101   0.0000  -0.3466   0.9340  0.00934  -3.1953E-05  4.2378E-05  5.3074E-05  127.016
    47  111   0.0000   0.3466   0.9340  0.00934   3.1953E-05 -4.2378E-05  5.3074E-05  -52.984
    48   12   0.0000  -0.3607   0.9340  0.01881  -3.1008E-05  4.2204E-05  5.2370E-05  126.305
    49   12   0.0000  -0.3795   0.9340  0.01881  -2.8329E-05  4.0093E-05  4.9092E-05  125.245
    50   12   0.0000  -0.3983   0.9340  0.01881  -2.3893E-05  3.5295E-05  4.2622E-05  124.097
    51   12   0.0000  -0.4171   0.9340  0.01881  -1.8232E-05  2.8182E-05  3.3565E-05  122.900
    52   12   0.0000  -0.4359   0.9340  0.01881  -1.1659E-05  1.8896E-05  2.2203E-05  121.675
    53   12   0.0000  -0.4547   0.9340  0.01881  -4.2408E-06  7.2154E-06  8.3694E-06  120.445
    54   13   0.0000   0.3607   0.9340  0.01881   3.1008E-05 -4.2204E-05  5.2370E-05  -53.695
    55   13   0.0000   0.3795   0.9340  0.01881   2.8329E-05 -4.0093E-05  4.9092E-05  -54.755
    56   13   0.0000   0.3983   0.9340  0.01881   2.3893E-05 -3.5295E-05  4.2622E-05  -55.903
    57   13   0.0000   0.4171   0.9340  0.01881   1.8232E-05 -2.8182E-05  3.3565E-05  -57.100
    58   13   0.0000   0.4359   0.9340  0.01881   1.1659E-05 -1.8896E-05  2.2203E-05  -58.325
    59   13   0.0000   0.4547   0.9340  0.01881   4.2408E-06 -7.2154E-06  8.3694E-06  -59.555



                                        - - - POWER BUDGET - - -

                                           INPUT POWER   = 1.3323E-03 WATTS
                                           RADIATED POWER= 2.3411E-04 WATTS
                                           STRUCTURE LOSS= 1.0981E-03 WATTS
                                           NETWORK LOSS  = 0.0000E+00 WATTS
                                           EFFICIENCY    =  17.57 PERCENT



                                                - - - RADIATION PATTERNS - - -

  - - ANGLES - -           - POWER GAINS -       - - - POLARIZATION - - -    - - - E(THETA) - - -    - - - E(PHI) - - -
  THETA     PHI        VERT.   HOR.    TOTAL      AXIAL     TILT   SENSE     MAGNITUDE    PHASE      MAGNITUDE    PHASE 
 DEGREES  DEGREES       DB      DB      DB        RATIO     DEG.              VOLTS/M    DEGREES      VOLTS/M    DEGREES
  -90.00     0.00    -999.99 -999.99 -999.99    0.00000     0.00            0.00000E+00     0.00    8.59094E-12  -175.93
  -85.00     0.00    -999.99   -6.28   -6.28    0.00000    90.00  LINEAR    0.00000E+00     0.00    1.37096E-01     3.97
  -80.00     0.00    -999.99   -1.70   -1.70    0.00000    90.00  LINEAR    0.00000E+00     0.00    2.32507E-01     4.38
  -75.00     0.00    -999.99   -0.55   -0.55    0.00000    90.00  LINEAR    0.00000E+00     0.00    2.65216E-01     5.49
  -70.00     0.00    -999.99   -1.66   -1.66    0.00000    90.00  LINEAR    0.00000E+00     0.00    2.33437E-01     7.85
  -65.00     0.00    -999.99   -5.34   -5.34    0.00000    90.00  LINEAR    0.00000E+00     0.00    1.52849E-01    13.57
  -60.00     0.00    -999.99  -14.34  -14.34    0.00000    90.00  LINEAR    0.00000E+00     0.00    5.42000E-02    41.18
  -55.00     0.00    -999.99  -11.75  -11.75    0.00000   -90.00  LINEAR    0.00000E+00     0.00    7.30290E-02   155.34
  -50.00     0.00    -999.99   -5.24   -5.24    0.00000   -90.00  LINEAR    0.00000E+00     0.00    1.54536E-01   172.38
  -45.00     0.00    -999.99   -2.61   -2.61    0.00000   -90.00  LINEAR    0.00000E+00     0.00    2.09368E-01   178.04
  -40.00     0.00    -999.99   -1.66   -1.66    0.00000   -90.00  LINEAR    0.00000E+00     0.00    2.33438E-01  -178.15
  -35.00     0.00    -999.99   -1.73   -1.73    0.00000   -90.00  LINEAR    0.00000E+00     0.00    2.31628E-01  -174.63
  -30.00     0.00    -999.99   -2.49   -2.49    0.00000   -90.00  LINEAR    0.00000E+00     0.00    2.12259E-01  -170.83
  -25.00     0.00    -999.99   -3.72   -3.72    0.00000   -90.00  LINEAR    0.00000E+00     0.00    1.84075E-01  -166.42
  -20.00     0.00    -999.99   -5.25   -5.25    0.00000   -90.00  LINEAR    0.00000E+00     0.00    1.54447E-01  -161.18
  -15.00     0.00    -999.99   -6.84   -6.84    0.00000   -90.00  LINEAR    0.00000E+00     0.00    1.28614E-01  -155.16
  -10.00     0.00    -999.99   -8.23   -8.23    0.00000   -90.00  LINEAR    0.00000E+00     0.00    1.09561E-01  -149.00
   -5.00     0.00    -999.99   -9.17   -9.17    0.00000   -90.00  LINEAR    0.00000E+00     0.00    9.83005E-02  -144.12
    0.00     0.00    -999.99   -9.50   -9.50    0.00000   -90.00  LINEAR    0.00000E+00     0.00    9.46363E-02  -142.23
    5.00     0.00    -999.99   -9.17   -9.17    0.00000   -90.00  LINEAR    0.00000E+00     0.00    9.83005E-02  -144.12
   10.00     0.00    -999.99   -8.23   -8.23    0.00000   -90.00  LINEAR    0.00000E+00     0.00    1.09561E-01  -149.00
   15.00     0.00    -999.99   -6.84   -6.84    0.00000   -90.00  LINEAR    0.00000E+00     0.00    1.28614E-01  -155.16
   20.00     0.00    -999.99   -5.25   -5.25    0.00000   -90.00  LINEAR    0.00000E+00     0.00    1.54447E-01  -161.18
   25.00     0.00    -999.99   -3.72   -3.72    0.00000   -90.00  LINEAR    0.00000E+00     0.00    1.84075E-01  -166.42
   30.00     0.00    -999.99   -2.49   -2.49    0.00000   -90.00  LINEAR    0.00000E+00     0.00    2.12259E-01  -170.83
   35.00     0.00    -999.99   -1.73   -1.73    0.00000   -90.00  LINEAR    0.00000E+00     0.00    2.31628E-01  -174.63
   40.00     0.00    -999.99   -1.66   -1.66    0.00000   -90.00  LINEAR    0.00000E+00     0.00    2.33438E-01  -178.15
   45.00     0.00    -999.99   -2.61   -2.61    0.00000   -90.00  LINEAR    0.00000E+00     0.00    2.09368E-01   178.04
   50.00     0.00    -999.99   -5.24   -5.24    0.00000   -90.00  LINEAR    0.00000E+00     0.00    1.54536E-01   172.38
   55.00     0.00    -999.99  -11.75  -11.75    0.00000   -90.00  LINEAR    0.00000E+00     0.00    7.30290E-02   155.34
   60.00     0.00    -999.99  -14.34  -14.34    0.00000    90.00  LINEAR    0.00000E+00     0.00    5.42000E-02    41.18
   65.00     0.00    -999.99   -5.34   -5.34    0.00000    90.00  LINEAR    0.00000E+00     0.00    1.52849E-01    13.57
   70.00     0.00    -999.99   -1.66   -1.66    0.00000    90.00  LINEAR    0.00000E+00     0.00    2.33437E-01     7.85
   75.00     0.00    -999.99   -0.55   -0.55    0.00000    90.00  LINEAR    0.00000E+00     0.00    2.65216E-01     5.49
   80.00     0.00    -999.99   -1.70   -1.70    0.00000    90.00  LINEAR    0.00000E+00     0.00    2.32507E-01     4.38
   85.00     0.00    -999.99   -6.28   -6.28    0.00000    90.00  LINEAR    0.00000E+00     0.00    1.37096E-01     3.97
   90.00     0.00    -999.99 -999.99 -999.99    0.00000     0.00            0.00000E+00     0.00    8.59094E-12  -175.93




                                 - - - - - - FREQUENCY - - - - - -

                                    FREQUENCY= 1.5000E+01 MHZ
                                    WAVELENGTH= 1.9987E+01 METERS




                    APPROXIMATE INTEGRATION EMPLOYED FOR SEGMENTS MORE THAN   1.000 WAVELENGTHS APART



                               - - - STRUCTURE IMPEDANCE LOADING - - -


       LOCATION          RESISTANCE   INDUCTANCE  CAPACITANCE       IMPEDANCE (OHMS)     CONDUCTIVITY    TYPE
    ITAG FROM THRU          OHMS        HENRYS       FARADS        REAL      IMAGINARY    MHOS/METER

      11    1    1      2.5757E+03   2.1462E-06   1.5000E-11                                          PARALLEL

      12    1    1      2.5757E+03   2.1462E-06   1.5000E-11                                          PARALLEL

      21    1    1      6.5976E+03   5.4976E-06   1.0400E-11                                          PARALLEL

      31    1    1      6.5976E+03   5.4976E-06   1.0400E-11                                          PARALLEL

      41    1    1      9.5357E+03   7.9458E-06   1.6150E-11                                          PARALLEL

      51    1    1      9.5357E+03   7.9458E-06   1.6150E-11                                          PARALLEL

      61    1    1      1.4872E+04   1.2392E-05   2.0000E-11                                          PARALLEL

      71    1    1      1.4872E+04   1.2392E-05   2.0000E-11                                          PARALLEL

      81    1    1      8.8382E+04   7.3646E-05   7.0000E-12                                          PARALLEL

      91    1    1      8.8382E+04   7.3646E-05   7.0000E-12                                          PARALLEL

     101    1    1      1.7754E+05   1.4794E-04   1.3900E-11                                          PARALLEL

     111    1    1      1.7754E+05   1.4794E-04   1.3900E-11                                          PARALLEL



                                  - - - ANTENNA ENVIRONMENT - - -

                                        FINITE GROUND.  SOMMERFELD SOLUTION
                                        RELATIVE DIELECTRIC CONST.= 13.000
                                        CONDUCTIVITY= 5.000E-03 MHOS/METER
                                        COMPLEX DIELECTRIC CONSTANT= 1.30000E+01-5.99200E+00



                                - - - MATRIX TIMING - - -

                        FILL=    0.016 SEC.,  FACTOR=    0.000 SEC.



                                          - - - ANTENNA INPUT PARAMETERS - - -

   TAG   SEG.    VOLTAGE (VOLTS)         CURRENT (AMPS)         IMPEDANCE (OHMS)        ADMITTANCE (MHOS)      POWER
   NO.   NO.    REAL        IMAG.       REAL        IMAG.       REAL        IMAG.       REAL        IMAG.     (WATTS)
     1     6 1.00000E+00 0.00000E+00 8.28135E-04-1.74690E-04 1.15609E+03 2.43870E+02 8.28135E-04-1.74690E-04 4.14068E-04



                             - - - CURRENTS AND LOCATION - - -

                                 DISTANCES IN WAVELENGTHS


  SEG.  TAG    COORD. OF SEG. CENTER     SEG.            - - - CURRENT (AMPS) - - -
  NO.   NO.     X        Y        Z      LENGTH     REAL        IMAG.       MAG.        PHASE
     1    1   0.0000  -0.1150   1.0007  0.02301   6.4752E-04 -8.7278E-04  1.0868E-03  -53.428
     2    1   0.0000  -0.0920   1.0007  0.02301   7.0953E-04 -7.5680E-04  1.0374E-03  -46.846
     3    1   0.0000  -0.0690   1.0007  0.02301   7.6036E-04 -6.2859E-04  9.8654E-04  -39.580
     4    1   0.0000  -0.0460   1.0007  0.02301   7.9770E-04 -4.8447E-04  9.3329E-04  -31.272
     5    1   0.0000  -0.0230   1.0007  0.02301   8.2048E-04 -3.1966E-04  8.8055E-04  -21.286
     6    1   0.0000   0.0000   1.0007  0.02301   8.2814E-04 -1.7469E-04  8.4636E-04  -11.912
     7    1   0.0000   0.0230   1.0007  0.02301   8.2048E-04 -3.1966E-04  8.8055E-04  -21.286
     8    1   0.0000   0.0460   1.0007  0.02301   7.9770E-04 -4.8447E-04  9.3329E-04  -31.272
     9    1   0.0000   0.0690   1.0007  0.02301   7.6036E-04 -6.2859E-04  9.8654E-04  -39.580
    10    1   0.0000   0.0920   1.0007  0.02301   7.0953E-04 -7.5680E-04  1.0374E-03  -46.846
    11    1   0.0000   0.1150   1.0007  0.02301   6.4752E-04 -8.7278E-04  1.0868E-03  -53.428
    12   11   0.0000  -0.1315   1.0007  0.01001  -5.9560E-04  9.4670E-04  1.1185E-03  122.175
    13   12   0.0000   0.1315   1.0007  0.01001   5.9560E-04 -9.4670E-04  1.1185E-03  -57.825
    14    2   0.0000  -0.1407   1.0007  0.00837  -5.4513E-04  9.4592E-04  1.0918E-03  119.955
    15    2   0.0000  -0.1491   1.0007  0.00837  -4.9734E-04  9.4423E-04  1.0672E-03  117.776
    16    3   0.0000   0.1407   1.0007  0.00837   5.4513E-04 -9.4592E-04  1.0918E-03  -60.045
    17    3   0.0000   0.1491   1.0007  0.00837   4.9734E-04 -9.4423E-04  1.0672E-03  -62.224
    18   21   0.0000  -0.1583   1.0007  0.01001  -4.3968E-04  9.2685E-04  1.0258E-03  115.379
    19   31   0.0000   0.1583   1.0007  0.01001   4.3968E-04 -9.2685E-04  1.0258E-03  -64.621
    20    4   0.0000  -0.1699   1.0007  0.01318  -3.1184E-04  7.2163E-04  7.8612E-04  113.371
    21    4   0.0000  -0.1831   1.0007  0.01318  -1.5623E-04  4.6546E-04  4.9098E-04  108.555
    22    5   0.0000   0.1699   1.0007  0.01318   3.1184E-04 -7.2163E-04  7.8612E-04  -66.629
    23    5   0.0000   0.1831   1.0007  0.01318   1.5623E-04 -4.6546E-04  4.9098E-04  -71.445
    24   41   0.0000  -0.1947   1.0007  0.01001  -2.6971E-05  2.5328E-04  2.5471E-04   96.078
    25   51   0.0000   0.1947   1.0007  0.01001   2.6971E-05 -2.5328E-04  2.5471E-04  -83.922
    26    6   0.0000  -0.2061   1.0007  0.01286  -2.1287E-05  2.1541E-04  2.1646E-04   95.644
    27    6   0.0000  -0.2190   1.0007  0.01286  -2.2257E-05  1.8187E-04  1.8322E-04   96.977
    28    7   0.0000   0.2061   1.0007  0.01286   2.1287E-05 -2.1541E-04  2.1646E-04  -84.356
    29    7   0.0000   0.2190   1.0007  0.01286   2.2257E-05 -1.8187E-04  1.8322E-04  -83.023
    30   61   0.0000  -0.2304   1.0007  0.01001  -1.8566E-05  1.4587E-04  1.4705E-04   97.254
    31   71   0.0000   0.2304   1.0007  0.01001   1.8566E-05 -1.4587E-04  1.4705E-04  -82.746
    32    8   0.0000  -0.2454   1.0007  0.02010  -1.7300E-05  1.2645E-04  1.2763E-04   97.790
    33    8   0.0000  -0.2655   1.0007  0.02010  -1.2898E-05  9.4123E-05  9.5002E-05   97.803
    34    9   0.0000   0.2454   1.0007  0.02010   1.7300E-05 -1.2645E-04  1.2763E-04  -82.210
    35    9   0.0000   0.2655   1.0007  0.02010   1.2898E-05 -9.4123E-05  9.5002E-05  -82.197
    36   81   0.0000  -0.2806   1.0007  0.01001  -8.2889E-06  6.6086E-05  6.6604E-05   97.149
    37   91   0.0000   0.2806   1.0007  0.01001   8.2889E-06 -6.6086E-05  6.6604E-05  -82.851
    38   10   0.0000  -0.2957   1.0007  0.02019  -7.6535E-06  6.6809E-05  6.7246E-05   96.535
    39   10   0.0000  -0.3159   1.0007  0.02019  -6.3586E-06  6.5332E-05  6.5640E-05   95.559
    40   10   0.0000  -0.3361   1.0007  0.02019  -4.5314E-06  5.9154E-05  5.9328E-05   94.380
    41   10   0.0000  -0.3562   1.0007  0.02019  -2.5694E-06  4.9492E-05  4.9558E-05   92.972
    42   11   0.0000   0.2957   1.0007  0.02019   7.6535E-06 -6.6809E-05  6.7246E-05  -83.465
    43   11   0.0000   0.3159   1.0007  0.02019   6.3586E-06 -6.5332E-05  6.5640E-05  -84.441
    44   11   0.0000   0.3361   1.0007  0.02019   4.5314E-06 -5.9154E-05  5.9328E-05  -85.620
    45   11   0.0000   0.3562   1.0007  0.02019   2.5694E-06 -4.9492E-05  4.9558E-05  -87.028
    46  101   0.0000  -0.3713   1.0007  0.01001  -1.1641E-06  4.0811E-05  4.0827E-05   91.634
    47  111   0.0000   0.3713   1.0007  0.01001   1.1641E-06 -4.0811E-05  4.0827E-05  -88.366
    48   12   0.0000  -0.3864   1.0007  0.02015  -1.5214E-07  3.9098E-05  3.9099E-05   90.223
    49   12   0.0000  -0.4066   1.0007  0.02015   9.1293E-07  3.5485E-05  3.5497E-05   88.526
    50   12   0.0000  -0.4267   1.0007  0.02015   1.5946E-06  2.9969E-05  3.0012E-05   86.954
    51   12   0.0000  -0.4469   1.0007  0.02015   1.8228E-06  2.3023E-05  2.3095E-05   85.473
    52   12   0.0000  -0.4670   1.0007  0.02015   1.5484E-06  1.4882E-05  1.4963E-05   84.060
    53   12   0.0000  -0.4872   1.0007  0.02015   7.0184E-07  5.4884E-06  5.5331E-06   82.713
    54   13   0.0000   0.3864   1.0007  0.02015   1.5214E-07 -3.9098E-05  3.9099E-05  -89.777
    55   13   0.0000   0.4066   1.0007  0.02015  -9.1293E-07 -3.5485E-05  3.5497E-05  -91.474
    56   13   0.0000   0.4267   1.0007  0.02015  -1.5946E-06 -2.9969E-05  3.0012E-05  -93.046
    57   13   0.0000   0.4469   1.0007  0.02015  -1.8228E-06 -2.3023E-05  2.3095E-05  -94.527
    58   13   0.0000   0.4670   1.0007  0.02015  -1.5484E-06 -1.4882E-05  1.4963E-05  -95.940
    59   13   0.0000   0.4872   1.0007  0.02015  -7.0184E-07 -5.4884E-06  5.5331E-06  -97.287



                                        - - - POWER BUDGET - - -

                                           INPUT POWER   = 4.1407E-04 WATTS
                                           RADIATED POWER= 5.3281E-05 WATTS
                                           STRUCTURE LOSS= 3.6079E-04 WATTS
                                           NETWORK LOSS  = 0.0000E+00 WATTS
                                           EFFICIENCY    =  12.87 PERCENT



                                                - - - RADIATION PATTERNS - - -

  - - ANGLES - -           - POWER GAINS -       - - - POLARIZATION - - -    - - - E(THETA) - - -    - - - E(PHI) - - -
  THETA     PHI        VERT.   HOR.    TOTAL      AXIAL     TILT   SENSE     MAGNITUDE    PHASE      MAGNITUDE    PHASE 
 DEGREES  DEGREES       DB      DB      DB        RATIO     DEG.              VOLTS/M    DEGREES      VOLTS/M    DEGREES
  -90.00     0.00    -999.99 -999.99 -999.99    0.00000     0.00            0.00000E+00     0.00    4.64480E-12   127.80
  -85.00     0.00    -999.99   -6.61   -6.61    0.00000    90.00  LINEAR    0.00000E+00     0.00    7.36181E-02   -52.26
  -80.00     0.00    -999.99   -2.21   -2.21    0.00000    90.00  LINEAR    0.00000E+00     0.00    1.22197E-01   -51.76
  -75.00     0.00    -999.99   -1.43   -1.43    0.00000    90.00  LINEAR    0.00000E+00     0.00    1.33654E-01   -50.44
  -70.00     0.00    -999.99   -3.24   -3.24    0.00000    90.00  LINEAR    0.00000E+00     0.00    1.08515E-01   -47.47
  -65.00     0.00    -999.99   -8.62   -8.62    0.00000    90.00  LINEAR    0.00000E+00     0.00    5.84136E-02   -38.55
  -60.00     0.00    -999.99  -19.25  -19.25    0.00000    90.00  LINEAR    0.00000E+00     0.00    1.71852E-02    52.55
  -55.00     0.00    -999.99   -8.11   -8.11    0.00000   -90.00  LINEAR    0.00000E+00     0.00    6.19145E-02   112.74
  -50.00     0.00    -999.99   -3.98   -3.98    0.00000   -90.00  LINEAR    0.00000E+00     0.00    9.96837E-02   120.90
  -45.00     0.00    -999.99   -2.51   -2.51    0.00000   -90.00  LINEAR    0.00000E+00     0.00    1.17972E-01   125.30
  -40.00     0.00    -999.99   -2.51   -2.51    0.00000   -90.00  LINEAR    0.00000E+00     0.00    1.18060E-01   129.25
  -35.00     0.00    -999.99   -3.53   -3.53    0.00000   -90.00  LINEAR    0.00000E+00     0.00    1.04938E-01   133.78
  -30.00     0.00    -999.99   -5.39   -5.39    0.00000   -90.00  LINEAR    0.00000E+00     0.00    8.47372E-02   139.83
  -25.00     0.00    -999.99   -7.94   -7.94    0.00000   -90.00  LINEAR    0.00000E+00     0.00    6.31338E-02   148.86
  -20.00     0.00    -999.99  -10.93  -10.93    0.00000   -90.00  LINEAR    0.00000E+00     0.00    4.47498E-02   163.34
  -15.00     0.00    -999.99  -13.55  -13.55    0.00000   -90.00  LINEAR    0.00000E+00     0.00    3.31014E-02  -174.65
  -10.00     0.00    -999.99  -14.65  -14.65    0.00000   -90.00  LINEAR    0.00000E+00     0.00    2.91808E-02  -150.33
   -5.00     0.00    -999.99  -14.53  -14.53    0.00000   -90.00  LINEAR    0.00000E+00     0.00    2.95622E-02  -134.25
    0.00     0.00    -999.99  -14.36  -14.36    0.00000   -90.00  LINEAR    0.00000E+00     0.00    3.01583E-02  -129.12
    5.00     0.00    -999.99  -14.53  -14.53    0.00000   -90.00  LINEAR    0.00000E+00     0.00    2.95622E-02  -134.25
   10.00     0.00    -999.99  -14.65  -14.65    0.00000   -90.00  LINEAR    0.00000E+00     0.00    2.91808E-02  -150.33
   15.00     0.00    -999.99  -13.55  -13.55    0.00000   -90.00  LINEAR    0.00000E+00     0.00    3.31014E-02  -174.65
   20.00     0.00    -999.99  -10.93  -10.93    0.00000   -90.00  LINEAR    0.00000E+00     0.00    4.47498E-02   163.34
   25.00     0.00    -999.99   -7.94   -7.94    0.00000   -90.00  LINEAR    0.00000E+00     0.00    6.31338E-02   148.86
   30.00     0.00    -999.99   -5.39   -5.39    0.00000   -90.00  LINEAR    0.00000E+00     0.00    8.47372E-02   139.83
   35.00     0.00    -999.99   -3.53   -3.53    0.00000   -90.00  LINEAR    0.00000E+00     0.00    1.04938E-01   133.78
   40.00     0.00    -999.99   -2.51   -2.51    0.00000   -90.00  LINEAR    0.00000E+00     0.00    1.18060E-01   129.25
   45.00     0.00    -999.99   -2.51   -2.51    0.00000   -90.00  LINEAR    0.00000E+00     0.00    1.17972E-01   125.30
   50.00     0.00    -999.99   -3.98   -3.98    0.00000   -90.00  LINEAR    0.00000E+00     0.00    9.96837E-02   120.90
   55.00     0.00    -999.99   -8.11   -8.11    0.00000   -90.00  LINEAR    0.00000E+00     0.00    6.19145E-02   112.74
   60.00     0.00    -999.99  -19.25  -19.25    0.00000    90.00  LINEAR    0.00000E+00     0.00    1.71852E-02    52.55
   65.00     0.00    -999.99   -8.62   -8.62    0.00000    90.00  LINEAR    0.00000E+00     0.00    5.84136E-02   -38.55
   70.00     0.00    -999.99   -3.24   -3.24    0.00000    90.00  LINEAR    0.00000E+00     0.00    1.08515E-01   -47.47
   75.00     0.00    -999.99   -1.43   -1.43    0.00000    90.00  LINEAR    0.00000E+00     0.00    1.33654E-01   -50.44
   80.00     0.00    -999.99   -2.21   -2.21    0.00000    90.00  LINEAR    0.00000E+00     0.00    1.22197E-01   -51.76
   85.00     0.00    -999.99   -6.61   -6.61    0.00000    90.00  LINEAR    0.00000E+00     0.00    7.36181E-02   -52.26
   90.00     0.00    -999.99 -999.99 -999.99    0.00000     0.00            0.00000E+00     0.00    4.64480E-12   127.80




                                 - - - - - - FREQUENCY - - - - - -

                                    FREQUENCY= 1.6000E+01 MHZ
                                    WAVELENGTH= 1.8737E+01 METERS




                    APPROXIMATE INTEGRATION EMPLOYED FOR SEGMENTS MORE THAN   1.000 WAVELENGTHS APART



                               - - - STRUCTURE IMPEDANCE LOADING - - -


       LOCATION          RESISTANCE   INDUCTANCE  CAPACITANCE       IMPEDANCE (OHMS)     CONDUCTIVITY    TYPE
    ITAG FROM THRU          OHMS        HENRYS       FARADS        REAL      IMAGINARY    MHOS/METER

      11    1    1      2.5757E+03   2.1462E-06   1.5000E-11                                          PARALLEL

      12    1    1      2.5757E+03   2.1462E-06   1.5000E-11                                          PARALLEL

      21    1    1      6.5976E+03   5.4976E-06   1.0400E-11                                          PARALLEL

      31    1    1      6.5976E+03   5.4976E-06   1.0400E-11                                          PARALLEL

      41    1    1      9.5357E+03   7.9458E-06   1.6150E-11                                          PARALLEL

      51    1    1      9.5357E+03   7.9458E-06   1.6150E-11                                          PARALLEL

      61    1    1      1.4872E+04   1.2392E-05   2.0000E-11                                          PARALLEL

      71    1    1      1.4872E+04   1.2392E-05   2.0000E-11                                          PARALLEL

      81    1    1      8.8382E+04   7.3646E-05   7.0000E-12                                          PARALLEL

      91    1    1      8.8382E+04   7.3646E-05   7.0000E-12                                          PARALLEL

     101    1    1      1.7754E+05   1.4794E-04   1.3900E-11                                          PARALLEL

     111    1    1      1.7754E+05   1.4794E-04   1.3900E-11                                          PARALLEL



                                  - - - ANTENNA ENVIRONMENT - - -

                                        FINITE GROUND.  SOMMERFELD SOLUTION
                                        RELATIVE DIELECTRIC CONST.= 13.000
                                        CONDUCTIVITY= 5.000E-03 MHOS/METER
                                        COMPLEX DIELECTRIC CONSTANT= 1.30000E+01-5.61750E+00



                                - - - MATRIX TIMING - - -

                        FILL=    0.016 SEC.,  FACTOR=    0.000 SEC.



                                          - - - ANTENNA INPUT PARAMETERS - - -

   TAG   SEG.    VOLTAGE (VOLTS)         CURRENT (AMPS)         IMPEDANCE (OHMS)        ADMITTANCE (MHOS)      POWER
   NO.   NO.    REAL        IMAG.       REAL        IMAG.       REAL        IMAG.       REAL        IMAG.     (WATTS)
     1     6 1.00000E+00 0.00000E+00 3.81879E-04 4.62149E-04 1.06251E+03-1.28584E+03 3.81879E-04 4.62149E-04 1.90940E-04



                             - - - CURRENTS AND LOCATION - - -

                                 DISTANCES IN WAVELENGTHS


  SEG.  TAG    COORD. OF SEG. CENTER     SEG.            - - - CURRENT (AMPS) - - -
  NO.   NO.     X        Y        Z      LENGTH     REAL        IMAG.       MAG.        PHASE
     1    1   0.0000  -0.1227   1.0674  0.02454   2.8372E-04 -4.5246E-04  5.3406E-04  -57.910
     2    1   0.0000  -0.0982   1.0674  0.02454   3.1756E-04 -2.7131E-04  4.1768E-04  -40.508
     3    1   0.0000  -0.0736   1.0674  0.02454   3.4514E-04 -8.6979E-05  3.5594E-04  -14.144
     4    1   0.0000  -0.0491   1.0674  0.02454   3.6538E-04  1.0222E-04  3.7941E-04   15.630
     5    1   0.0000  -0.0245   1.0674  0.02454   3.7773E-04  3.0002E-04  4.8238E-04   38.459
     6    1   0.0000   0.0000   1.0674  0.02454   3.8188E-04  4.6215E-04  5.9951E-04   50.433
     7    1   0.0000   0.0245   1.0674  0.02454   3.7773E-04  3.0002E-04  4.8238E-04   38.459
     8    1   0.0000   0.0491   1.0674  0.02454   3.6538E-04  1.0222E-04  3.7941E-04   15.630
     9    1   0.0000   0.0736   1.0674  0.02454   3.4514E-04 -8.6979E-05  3.5594E-04  -14.144
    10    1   0.0000   0.0982   1.0674  0.02454   3.1756E-04 -2.7131E-04  4.1768E-04  -40.508
    11    1   0.0000   0.1227   1.0674  0.02454   2.8372E-04 -4.5246E-04  5.3406E-04  -57.910
    12   11   0.0000  -0.1403   1.0674  0.01067  -2.5528E-04  5.7877E-04  6.3257E-04  113.801
    13   12   0.0000   0.1403   1.0674  0.01067   2.5528E-04 -5.7877E-04  6.3257E-04  -66.199
    14    2   0.0000  -0.1501   1.0674  0.00893  -2.2940E-04  6.1997E-04  6.6105E-04  110.306
    15    2   0.0000  -0.1590   1.0674  0.00893  -2.0452E-04  6.5823E-04  6.8927E-04  107.261
    16    3   0.0000   0.1501   1.0674  0.00893   2.2940E-04 -6.1997E-04  6.6105E-04  -69.694
    17    3   0.0000   0.1590   1.0674  0.00893   2.0452E-04 -6.5823E-04  6.8927E-04  -72.739
    18   21   0.0000  -0.1688   1.0674  0.01067  -1.7594E-04  6.8615E-04  7.0834E-04  104.382
    19   31   0.0000   0.1688   1.0674  0.01067   1.7594E-04 -6.8615E-04  7.0834E-04  -75.618
    20    4   0.0000  -0.1812   1.0674  0.01406  -1.2929E-04  5.4927E-04  5.6428E-04  103.245
    21    4   0.0000  -0.1953   1.0674  0.01406  -7.2951E-05  3.7528E-04  3.8231E-04  101.001
    22    5   0.0000   0.1812   1.0674  0.01406   1.2929E-04 -5.4927E-04  5.6428E-04  -76.755
    23    5   0.0000   0.1953   1.0674  0.01406   7.2951E-05 -3.7528E-04  3.8231E-04  -78.999
    24   41   0.0000  -0.2076   1.0674  0.01067  -2.5505E-05  2.3224E-04  2.3363E-04   96.267
    25   51   0.0000   0.2076   1.0674  0.01067   2.5505E-05 -2.3224E-04  2.3363E-04  -83.733
    26    6   0.0000  -0.2198   1.0674  0.01372  -2.1199E-05  1.9748E-04  1.9861E-04   96.127
    27    6   0.0000  -0.2335   1.0674  0.01372  -1.8632E-05  1.6409E-04  1.6514E-04   96.478
    28    7   0.0000   0.2198   1.0674  0.01372   2.1199E-05 -1.9748E-04  1.9861E-04  -83.873
    29    7   0.0000   0.2335   1.0674  0.01372   1.8632E-05 -1.6409E-04  1.6514E-04  -83.522
    30   61   0.0000  -0.2457   1.0674  0.01067  -1.4681E-05  1.3099E-04  1.3181E-04   96.395
    31   71   0.0000   0.2457   1.0674  0.01067   1.4681E-05 -1.3099E-04  1.3181E-04  -83.605
    32    8   0.0000  -0.2618   1.0674  0.02143  -1.2891E-05  1.1145E-04  1.1220E-04   96.598
    33    8   0.0000  -0.2832   1.0674  0.02143  -9.3144E-06  8.1380E-05  8.1912E-05   96.529
    34    9   0.0000   0.2618   1.0674  0.02143   1.2891E-05 -1.1145E-04  1.1220E-04  -83.402
    35    9   0.0000   0.2832   1.0674  0.02143   9.3144E-06 -8.1380E-05  8.1912E-05  -83.471
    36   81   0.0000  -0.2993   1.0674  0.01067  -6.0004E-06  5.6411E-05  5.6729E-05   96.072
    37   91   0.0000   0.2993   1.0674  0.01067   6.0004E-06 -5.6411E-05  5.6729E-05  -83.928
    38   10   0.0000  -0.3154   1.0674  0.02153  -5.6279E-06  5.5669E-05  5.5953E-05   95.773
    39   10   0.0000  -0.3369   1.0674  0.02153  -4.9027E-06  5.3230E-05  5.3455E-05   95.262
    40   10   0.0000  -0.3585   1.0674  0.02153  -3.8180E-06  4.7433E-05  4.7586E-05   94.602
    41   10   0.0000  -0.3800   1.0674  0.02153  -2.5896E-06  3.9185E-05  3.9270E-05   93.781
    42   11   0.0000   0.3154   1.0674  0.02153   5.6279E-06 -5.5669E-05  5.5953E-05  -84.227
    43   11   0.0000   0.3369   1.0674  0.02153   4.9027E-06 -5.3230E-05  5.3455E-05  -84.738
    44   11   0.0000   0.3585   1.0674  0.02153   3.8180E-06 -4.7433E-05  4.7586E-05  -85.398
    45   11   0.0000   0.3800   1.0674  0.02153   2.5896E-06 -3.9185E-05  3.9270E-05  -86.219
    46  101   0.0000  -0.3961   1.0674  0.01067  -1.6682E-06  3.2033E-05  3.2076E-05   92.981
    47  111   0.0000   0.3961   1.0674  0.01067   1.6682E-06 -3.2033E-05  3.2076E-05  -87.019
    48   12   0.0000  -0.4122   1.0674  0.02150  -1.1357E-06  3.0423E-05  3.0444E-05   92.138
    49   12   0.0000  -0.4337   1.0674  0.02150  -5.2969E-07  2.7380E-05  2.7385E-05   91.108
    50   12   0.0000  -0.4552   1.0674  0.02150  -5.7195E-08  2.2985E-05  2.2986E-05   90.143
    51   12   0.0000  -0.4767   1.0674  0.02150   2.3751E-07  1.7579E-05  1.7581E-05   89.226
    52   12   0.0000  -0.4982   1.0674  0.02150   3.2664E-07  1.1325E-05  1.1329E-05   88.348
    53   12   0.0000  -0.5197   1.0674  0.02150   1.8119E-07  4.1650E-06  4.1690E-06   87.509
    54   13   0.0000   0.4122   1.0674  0.02150   1.1357E-06 -3.0423E-05  3.0444E-05  -87.862
    55   13   0.0000   0.4337   1.0674  0.02150   5.2969E-07 -2.7380E-05  2.7385E-05  -88.892
    56   13   0.0000   0.4552   1.0674  0.02150   5.7195E-08 -2.2985E-05  2.2986E-05  -89.857
    57   13   0.0000   0.4767   1.0674  0.02150  -2.3751E-07 -1.7579E-05  1.7581E-05  -90.774
    58   13   0.0000   0.4982   1.0674  0.02150  -3.2664E-07 -1.1325E-05  1.1329E-05  -91.652
    59   13   0.0000   0.5197   1.0674  0.02150  -1.8119E-07 -4.1650E-06  4.1690E-06  -92.491



                                        - - - POWER BUDGET - - -

                                           INPUT POWER   = 1.9094E-04 WATTS
                                           RADIATED POWER= 1.0597E-05 WATTS
                                           STRUCTURE LOSS= 1.8034E-04 WATTS
                                           NETWORK LOSS  = 0.0000E+00 WATTS
                                           EFFICIENCY    =   5.55 PERCENT



                                                - - - RADIATION PATTERNS - - -

  - - ANGLES - -           - POWER GAINS -       - - - POLARIZATION - - -    - - - E(THETA) - - -    - - - E(PHI) - - -
  THETA     PHI        VERT.   HOR.    TOTAL      AXIAL     TILT   SENSE     MAGNITUDE    PHASE      MAGNITUDE    PHASE 
 DEGREES  DEGREES       DB      DB      DB        RATIO     DEG.              VOLTS/M    DEGREES      VOLTS/M    DEGREES
  -90.00     0.00    -999.99 -999.99 -999.99    0.00000     0.00            0.00000E+00     0.00    2.25288E-12   131.04
  -85.00     0.00    -999.99   -9.60   -9.60    0.00000    90.00  LINEAR    0.00000E+00     0.00    3.54480E-02   -48.99
  -80.00     0.00    -999.99   -5.40   -5.40    0.00000    90.00  LINEAR    0.00000E+00     0.00    5.74866E-02   -48.40
  -75.00     0.00    -999.99   -5.03   -5.03    0.00000    90.00  LINEAR    0.00000E+00     0.00    5.99847E-02   -46.85
  -70.00     0.00    -999.99   -7.69   -7.69    0.00000    90.00  LINEAR    0.00000E+00     0.00    4.41336E-02   -43.05
  -65.00     0.00    -999.99  -15.72  -15.72    0.00000    90.00  LINEAR    0.00000E+00     0.00    1.75056E-02   -26.90
  -60.00     0.00    -999.99  -16.71  -16.71    0.00000   -90.00  LINEAR    0.00000E+00     0.00    1.56260E-02   103.23
  -55.00     0.00    -999.99   -8.85   -8.85    0.00000   -90.00  LINEAR    0.00000E+00     0.00    3.86373E-02   121.89
  -50.00     0.00    -999.99   -6.24   -6.24    0.00000   -90.00  LINEAR    0.00000E+00     0.00    5.21835E-02   127.44
  -45.00     0.00    -999.99   -5.81   -5.81    0.00000   -90.00  LINEAR    0.00000E+00     0.00    5.48113E-02   131.70
  -40.00     0.00    -999.99   -6.85   -6.85    0.00000   -90.00  LINEAR    0.00000E+00     0.00    4.86331E-02   136.59
  -35.00     0.00    -999.99   -9.17   -9.17    0.00000   -90.00  LINEAR    0.00000E+00     0.00    3.72380E-02   143.77
  -30.00     0.00    -999.99  -12.80  -12.80    0.00000   -90.00  LINEAR    0.00000E+00     0.00    2.44992E-02   157.02
  -25.00     0.00    -999.99  -17.24  -17.24    0.00000   -90.00  LINEAR    0.00000E+00     0.00    1.46955E-02  -172.71
  -20.00     0.00    -999.99  -18.08  -18.08    0.00000   -90.00  LINEAR    0.00000E+00     0.00    1.33444E-02  -123.11
  -15.00     0.00    -999.99  -15.43  -15.43    0.00000   -90.00  LINEAR    0.00000E+00     0.00    1.81026E-02   -94.33
  -10.00     0.00    -999.99  -13.43  -13.43    0.00000    90.00  LINEAR    0.00000E+00     0.00    2.28004E-02   -82.70
   -5.00     0.00    -999.99  -12.37  -12.37    0.00000    90.00  LINEAR    0.00000E+00     0.00    2.57574E-02   -77.81
    0.00     0.00    -999.99  -12.04  -12.04    0.00000    90.00  LINEAR    0.00000E+00     0.00    2.67446E-02   -76.42
    5.00     0.00    -999.99  -12.37  -12.37    0.00000    90.00  LINEAR    0.00000E+00     0.00    2.57574E-02   -77.81
   10.00     0.00    -999.99  -13.43  -13.43    0.00000    90.00  LINEAR    0.00000E+00     0.00    2.28004E-02   -82.70
   15.00     0.00    -999.99  -15.43  -15.43    0.00000   -90.00  LINEAR    0.00000E+00     0.00    1.81026E-02   -94.33
   20.00     0.00    -999.99  -18.08  -18.08    0.00000   -90.00  LINEAR    0.00000E+00     0.00    1.33444E-02  -123.11
   25.00     0.00    -999.99  -17.24  -17.24    0.00000   -90.00  LINEAR    0.00000E+00     0.00    1.46955E-02  -172.71
   30.00     0.00    -999.99  -12.80  -12.80    0.00000   -90.00  LINEAR    0.00000E+00     0.00    2.44992E-02   157.02
   35.00     0.00    -999.99   -9.17   -9.17    0.00000   -90.00  LINEAR    0.00000E+00     0.00    3.72380E-02   143.77
   40.00     0.00    -999.99   -6.85   -6.85    0.00000   -90.00  LINEAR    0.00000E+00     0.00    4.86331E-02   136.59
   45.00     0.00    -999.99   -5.81   -5.81    0.00000   -90.00  LINEAR    0.00000E+00     0.00    5.48113E-02   131.70
   50.00     0.00    -999.99   -6.24   -6.24    0.00000   -90.00  LINEAR    0.00000E+00     0.00    5.21835E-02   127.44
   55.00     0.00    -999.99   -8.85   -8.85    0.00000   -90.00  LINEAR    0.00000E+00     0.00    3.86373E-02   121.89
   60.00     0.00    -999.99  -16.71  -16.71    0.00000   -90.00  LINEAR    0.00000E+00     0.00    1.56260E-02   103.23
   65.00     0.00    -999.99  -15.72  -15.72    0.00000    90.00  LINEAR    0.00000E+00     0.00    1.75056E-02   -26.90
   70.00     0.00    -999.99   -7.69   -7.69    0.00000    90.00  LINEAR    0.00000E+00     0.00    4.41336E-02   -43.05
   75.00     0.00    -999.99   -5.03   -5.03    0.00000    90.00  LINEAR    0.00000E+00     0.00    5.99847E-02   -46.85
   80.00     0.00    -999.99   -5.40   -5.40    0.00000    90.00  LINEAR    0.00000E+00     0.00    5.74866E-02   -48.40
   85.00     0.00    -999.99   -9.60   -9.60    0.00000    90.00  LINEAR    0.00000E+00     0.00    3.54480E-02   -48.99
   90.00     0.00    -999.99 -999.99 -999.99    0.00000     0.00            0.00000E+00     0.00    2.25288E-12   131.04




                                 - - - - - - FREQUENCY - - - - - -

                                    FREQUENCY= 1.7000E+01 MHZ
                                    WAVELENGTH= 1.7635E+01 METERS




                    APPROXIMATE INTEGRATION EMPLOYED FOR SEGMENTS MORE THAN   1.000 WAVELENGTHS APART



                               - - - STRUCTURE IMPEDANCE LOADING - - -


       LOCATION          RESISTANCE   INDUCTANCE  CAPACITANCE       IMPEDANCE (OHMS)     CONDUCTIVITY    TYPE
    ITAG FROM THRU          OHMS        HENRYS       FARADS        REAL      IMAGINARY    MHOS/METER

      11    1    1      2.5757E+03   2.1462E-06   1.5000E-11                                          PARALLEL

      12    1    1      2.5757E+03   2.1462E-06   1.5000E-11                                          PARALLEL

      21    1    1      6.5976E+03   5.4976E-06   1.0400E-11                                          PARALLEL

      31    1    1      6.5976E+03   5.4976E-06   1.0400E-11                                          PARALLEL

      41    1    1      9.5357E+03   7.9458E-06   1.6150E-11                                          PARALLEL

      51    1    1      9.5357E+03   7.9458E-06   1.6150E-11                                          PARALLEL

      61    1    1      1.4872E+04   1.2392E-05   2.0000E-11                                          PARALLEL

      71    1    1      1.4872E+04   1.2392E-05   2.0000E-11                                          PARALLEL

      81    1    1      8.8382E+04   7.3646E-05   7.0000E-12                                          PARALLEL

      91    1    1      8.8382E+04   7.3646E-05   7.0000E-12                                          PARALLEL

     101    1    1      1.7754E+05   1.4794E-04   1.3900E-11                                          PARALLEL

     111    1    1      1.7754E+05   1.4794E-04   1.3900E-11                                          PARALLEL



                                  - - - ANTENNA ENVIRONMENT - - -

                                        FINITE GROUND.  SOMMERFELD SOLUTION
                                        RELATIVE DIELECTRIC CONST.= 13.000
                                        CONDUCTIVITY= 5.000E-03 MHOS/METER
                                        COMPLEX DIELECTRIC CONSTANT= 1.30000E+01-5.28706E+00



                                - - - MATRIX TIMING - - -

                        FILL=    0.016 SEC.,  FACTOR=    0.000 SEC.



                                          - - - ANTENNA INPUT PARAMETERS - - -

   TAG   SEG.    VOLTAGE (VOLTS)         CURRENT (AMPS)         IMPEDANCE (OHMS)        ADMITTANCE (MHOS)      POWER
   NO.   NO.    REAL        IMAG.       REAL        IMAG.       REAL        IMAG.       REAL        IMAG.     (WATTS)
     1     6 1.00000E+00 0.00000E+00 3.24827E-04 9.57958E-04 3.17463E+02-9.36241E+02 3.24827E-04 9.57958E-04 1.62413E-04



                             - - - CURRENTS AND LOCATION - - -

                                 DISTANCES IN WAVELENGTHS


  SEG.  TAG    COORD. OF SEG. CENTER     SEG.            - - - CURRENT (AMPS) - - -
  NO.   NO.     X        Y        Z      LENGTH     REAL        IMAG.       MAG.        PHASE
     1    1   0.0000  -0.1304   1.1341  0.02607   2.2016E-04 -1.6663E-04  2.7611E-04  -37.121
     2    1   0.0000  -0.1043   1.1341  0.02607   2.5636E-04  7.7094E-05  2.6770E-04   16.738
     3    1   0.0000  -0.0782   1.1341  0.02607   2.8573E-04  3.1560E-04  4.2572E-04   47.844
     4    1   0.0000  -0.0521   1.1341  0.02607   3.0726E-04  5.4867E-04  6.2885E-04   60.750
     5    1   0.0000  -0.0261   1.1341  0.02607   3.2041E-04  7.7884E-04  8.4217E-04   67.638
     6    1   0.0000   0.0000   1.1341  0.02607   3.2483E-04  9.5796E-04  1.0115E-03   71.269
     7    1   0.0000   0.0261   1.1341  0.02607   3.2041E-04  7.7884E-04  8.4217E-04   67.638
     8    1   0.0000   0.0521   1.1341  0.02607   3.0726E-04  5.4867E-04  6.2885E-04   60.750
     9    1   0.0000   0.0782   1.1341  0.02607   2.8573E-04  3.1560E-04  4.2572E-04   47.844
    10    1   0.0000   0.1043   1.1341  0.02607   2.5636E-04  7.7094E-05  2.6770E-04   16.738
    11    1   0.0000   0.1304   1.1341  0.02607   2.2016E-04 -1.6663E-04  2.7611E-04  -37.121
    12   11   0.0000  -0.1491   1.1341  0.01134  -1.8960E-04  3.4286E-04  3.9179E-04  118.942
    13   12   0.0000   0.1491   1.1341  0.01134   1.8960E-04 -3.4286E-04  3.9179E-04  -61.058
    14    2   0.0000  -0.1595   1.1341  0.00949  -1.6288E-04  4.2151E-04  4.5189E-04  111.128
    15    2   0.0000  -0.1690   1.1341  0.00949  -1.3673E-04  4.9577E-04  5.1428E-04  105.419
    16    3   0.0000   0.1595   1.1341  0.00949   1.6288E-04 -4.2151E-04  4.5189E-04  -68.872
    17    3   0.0000   0.1690   1.1341  0.00949   1.3673E-04 -4.9577E-04  5.1428E-04  -74.581
    18   21   0.0000  -0.1794   1.1341  0.01134  -1.0840E-04  5.6235E-04  5.7271E-04  100.911
    19   31   0.0000   0.1794   1.1341  0.01134   1.0840E-04 -5.6235E-04  5.7271E-04  -79.089
    20    4   0.0000  -0.1925   1.1341  0.01494  -8.2765E-05  4.5919E-04  4.6659E-04  100.217
    21    4   0.0000  -0.2075   1.1341  0.01494  -5.2428E-05  3.2439E-04  3.2860E-04   99.181
    22    5   0.0000   0.1925   1.1341  0.01494   8.2765E-05 -4.5919E-04  4.6659E-04  -79.783
    23    5   0.0000   0.2075   1.1341  0.01494   5.2428E-05 -3.2439E-04  3.2860E-04  -80.819
    24   41   0.0000  -0.2206   1.1341  0.01134  -2.5945E-05  2.1513E-04  2.1669E-04   96.877
    25   51   0.0000   0.2206   1.1341  0.01134   2.5945E-05 -2.1513E-04  2.1669E-04  -83.123
    26    6   0.0000  -0.2336   1.1341  0.01458  -2.2875E-05  1.8283E-04  1.8425E-04   97.131
    27    6   0.0000  -0.2481   1.1341  0.01458  -2.0154E-05  1.5084E-04  1.5218E-04   97.610
    28    7   0.0000   0.2336   1.1341  0.01458   2.2875E-05 -1.8283E-04  1.8425E-04  -82.869
    29    7   0.0000   0.2481   1.1341  0.01458   2.0154E-05 -1.5084E-04  1.5218E-04  -82.390
    30   61   0.0000  -0.2611   1.1341  0.01134  -1.6526E-05  1.2042E-04  1.2155E-04   97.814
    31   71   0.0000   0.2611   1.1341  0.01134   1.6526E-05 -1.2042E-04  1.2155E-04  -82.186
    32    8   0.0000  -0.2782   1.1341  0.02277  -1.5017E-05  1.0156E-04  1.0266E-04   98.411
    33    8   0.0000  -0.3009   1.1341  0.02277  -1.1658E-05  7.3640E-05  7.4557E-05   98.996
    34    9   0.0000   0.2782   1.1341  0.02277   1.5017E-05 -1.0156E-04  1.0266E-04  -81.589
    35    9   0.0000   0.3009   1.1341  0.02277   1.1658E-05 -7.3640E-05  7.4557E-05  -81.004
    36   81   0.0000  -0.3180   1.1341  0.01134  -8.3642E-06  5.1005E-05  5.1686E-05   99.313
    37   91   0.0000   0.3180   1.1341  0.01134   8.3642E-06 -5.1005E-05  5.1686E-05  -80.687
    38   10   0.0000  -0.3351   1.1341  0.02288  -8.7246E-06  4.9931E-05  5.0687E-05   99.911
    39   10   0.0000  -0.3580   1.1341  0.02288  -8.6914E-06  4.7479E-05  4.8268E-05  100.374
    40   10   0.0000  -0.3809   1.1341  0.02288  -7.8799E-06  4.2256E-05  4.2984E-05  100.563
    41   10   0.0000  -0.4037   1.1341  0.02288  -6.5128E-06  3.4971E-05  3.5573E-05  100.549
    42   11   0.0000   0.3351   1.1341  0.02288   8.7246E-06 -4.9931E-05  5.0687E-05  -80.089
    43   11   0.0000   0.3580   1.1341  0.02288   8.6914E-06 -4.7479E-05  4.8268E-05  -79.626
    44   11   0.0000   0.3809   1.1341  0.02288   7.8799E-06 -4.2256E-05  4.2984E-05  -79.437
    45   11   0.0000   0.4037   1.1341  0.02288   6.5128E-06 -3.4971E-05  3.5573E-05  -79.451
    46  101   0.0000  -0.4208   1.1341  0.01134  -5.2667E-06  2.8688E-05  2.9167E-05  100.403
    47  111   0.0000   0.4208   1.1341  0.01134   5.2667E-06 -2.8688E-05  2.9167E-05  -79.597
    48   12   0.0000  -0.4379   1.1341  0.02284  -4.9207E-06  2.7348E-05  2.7788E-05  100.200
    49   12   0.0000  -0.4608   1.1341  0.02284  -4.3021E-06  2.4751E-05  2.5122E-05   99.860
    50   12   0.0000  -0.4836   1.1341  0.02284  -3.4826E-06  2.0904E-05  2.1192E-05   99.459
    51   12   0.0000  -0.5065   1.1341  0.02284  -2.5516E-06  1.6085E-05  1.6286E-05   99.014
    52   12   0.0000  -0.5293   1.1341  0.02284  -1.5645E-06  1.0424E-05  1.0541E-05   98.536
    53   12   0.0000  -0.5521   1.1341  0.02284  -5.4443E-07  3.8556E-06  3.8938E-06   98.037
    54   13   0.0000   0.4379   1.1341  0.02284   4.9207E-06 -2.7348E-05  2.7788E-05  -79.800
    55   13   0.0000   0.4608   1.1341  0.02284   4.3021E-06 -2.4751E-05  2.5122E-05  -80.140
    56   13   0.0000   0.4836   1.1341  0.02284   3.4826E-06 -2.0904E-05  2.1192E-05  -80.541
    57   13   0.0000   0.5065   1.1341  0.02284   2.5516E-06 -1.6085E-05  1.6286E-05  -80.986
    58   13   0.0000   0.5293   1.1341  0.02284   1.5645E-06 -1.0424E-05  1.0541E-05  -81.464
    59   13   0.0000   0.5521   1.1341  0.02284   5.4443E-07 -3.8556E-06  3.8938E-06  -81.963



                                        - - - POWER BUDGET - - -

                                           INPUT POWER   = 1.6241E-04 WATTS
                                           RADIATED POWER= 5.1646E-06 WATTS
                                           STRUCTURE LOSS= 1.5725E-04 WATTS
                                           NETWORK LOSS  = 0.0000E+00 WATTS
                                           EFFICIENCY    =   3.18 PERCENT



                                                - - - RADIATION PATTERNS - - -

  - - ANGLES - -           - POWER GAINS -       - - - POLARIZATION - - -    - - - E(THETA) - - -    - - - E(PHI) - - -
  THETA     PHI        VERT.   HOR.    TOTAL      AXIAL     TILT   SENSE     MAGNITUDE    PHASE      MAGNITUDE    PHASE 
 DEGREES  DEGREES       DB      DB      DB        RATIO     DEG.              VOLTS/M    DEGREES      VOLTS/M    DEGREES
  -90.00     0.00    -999.99 -999.99 -999.99    0.00000     0.00            0.00000E+00     0.00    1.42930E-12  -179.70
  -85.00     0.00    -999.99  -12.91  -12.91    0.00000    90.00  LINEAR    0.00000E+00     0.00    2.23166E-02     0.30
  -80.00     0.00    -999.99   -8.93   -8.93    0.00000    90.00  LINEAR    0.00000E+00     0.00    3.52932E-02     0.98
  -75.00     0.00    -999.99   -9.02   -9.02    0.00000    90.00  LINEAR    0.00000E+00     0.00    3.49292E-02     2.79
  -70.00     0.00    -999.99  -12.76  -12.76    0.00000    90.00  LINEAR    0.00000E+00     0.00    2.27193E-02     7.77
  -65.00     0.00    -999.99  -25.21  -25.21    0.00000    90.00  LINEAR    0.00000E+00     0.00    5.41938E-03    47.86
  -60.00     0.00    -999.99  -16.08  -16.08    0.00000   -90.00  LINEAR    0.00000E+00     0.00    1.54942E-02   165.32
  -55.00     0.00    -999.99  -10.89  -10.89    0.00000   -90.00  LINEAR    0.00000E+00     0.00    2.81676E-02   174.71
  -50.00     0.00    -999.99   -9.48   -9.48    0.00000   -90.00  LINEAR    0.00000E+00     0.00    3.31192E-02   179.44
  -45.00     0.00    -999.99  -10.14  -10.14    0.00000   -90.00  LINEAR    0.00000E+00     0.00    3.07129E-02  -175.70
  -40.00     0.00    -999.99  -12.54  -12.54    0.00000   -90.00  LINEAR    0.00000E+00     0.00    2.32965E-02  -168.45
  -35.00     0.00    -999.99  -16.94  -16.94    0.00000   -90.00  LINEAR    0.00000E+00     0.00    1.40293E-02  -153.10
  -30.00     0.00    -999.99  -22.38  -22.38    0.00000   -90.00  LINEAR    0.00000E+00     0.00    7.50370E-03  -106.03
  -25.00     0.00    -999.99  -19.77  -19.77    0.00000    90.00  LINEAR    0.00000E+00     0.00    1.01326E-02   -46.56
  -20.00     0.00    -999.99  -16.02  -16.02    0.00000    90.00  LINEAR    0.00000E+00     0.00    1.56090E-02   -26.70
  -15.00     0.00    -999.99  -13.91  -13.91    0.00000    90.00  LINEAR    0.00000E+00     0.00    1.98991E-02   -18.90
  -10.00     0.00    -999.99  -12.77  -12.77    0.00000    90.00  LINEAR    0.00000E+00     0.00    2.26846E-02   -15.01
   -5.00     0.00    -999.99  -12.21  -12.21    0.00000    90.00  LINEAR    0.00000E+00     0.00    2.41965E-02   -13.07
    0.00     0.00    -999.99  -12.04  -12.04    0.00000    90.00  LINEAR    0.00000E+00     0.00    2.46701E-02   -12.47
    5.00     0.00    -999.99  -12.21  -12.21    0.00000    90.00  LINEAR    0.00000E+00     0.00    2.41965E-02   -13.07
   10.00     0.00    -999.99  -12.77  -12.77    0.00000    90.00  LINEAR    0.00000E+00     0.00    2.26846E-02   -15.01
   15.00     0.00    -999.99  -13.91  -13.91    0.00000    90.00  LINEAR    0.00000E+00     0.00    1.98991E-02   -18.90
   20.00     0.00    -999.99  -16.02  -16.02    0.00000    90.00  LINEAR    0.00000E+00     0.00    1.56090E-02   -26.70
   25.00     0.00    -999.99  -19.77  -19.77    0.00000    90.00  LINEAR    0.00000E+00     0.00    1.01326E-02   -46.56
   30.00     0.00    -999.99  -22.38  -22.38    0.00000   -90.00  LINEAR    0.00000E+00     0.00    7.50370E-03  -106.03
   35.00     0.00    -999.99  -16.94  -16.94    0.00000   -90.00  LINEAR    0.00000E+00     0.00    1.40293E-02  -153.10
   40.00     0.00    -999.99  -12.54  -12.54    0.00000   -90.00  LINEAR    0.00000E+00     0.00    2.32965E-02  -168.45
   45.00     0.00    -999.99  -10.14  -10.14    0.00000   -90.00  LINEAR    0.00000E+00     0.00    3.07129E-02  -175.70
   50.00     0.00    -999.99   -9.48   -9.48    0.00000   -90.00  LINEAR    0.00000E+00     0.00    3.31192E-02   179.44
   55.00     0.00    -999.99  -10.89  -10.89    0.00000   -90.00  LINEAR    0.00000E+00     0.00    2.81676E-02   174.71
   60.00     0.00    -999.99  -16.08  -16.08    0.00000   -90.00  LINEAR    0.00000E+00     0.00    1.54942E-02   165.32
   65.00     0.00    -999.99  -25.21  -25.21    0.00000    90.00  LINEAR    0.00000E+00     0.00    5.41938E-03    47.86
   70.00     0.00    -999.99  -12.76  -12.76    0.00000    90.00  LINEAR    0.00000E+00     0.00    2.27193E-02     7.77
   75.00     0.00    -999.99   -9.02   -9.02    0.00000    90.00  LINEAR    0.00000E+00     0.00    3.49292E-02     2.79
   80.00     0.00    -999.99   -8.93   -8.93    0.00000    90.00  LINEAR    0.00000E+00     0.00    3.52932E-02     0.98
   85.00     0.00    -999.99  -12.91  -12.91    0.00000    90.00  LINEAR    0.00000E+00     0.00    2.23166E-02     0.30
   90.00     0.00    -999.99 -999.99 -999.99    0.00000     0.00            0.00000E+00     0.00    1.42930E-12  -179.70




                                 - - - - - - FREQUENCY - - - - - -

                                    FREQUENCY= 1.8000E+01 MHZ
                                    WAVELENGTH= 1.6656E+01 METERS




                    APPROXIMATE INTEGRATION EMPLOYED FOR SEGMENTS MORE THAN   1.000 WAVELENGTHS APART



                               - - - STRUCTURE IMPEDANCE LOADING - - -


       LOCATION          RESISTANCE   INDUCTANCE  CAPACITANCE       IMPEDANCE (OHMS)     CONDUCTIVITY    TYPE
    ITAG FROM THRU          OHMS        HENRYS       FARADS        REAL      IMAGINARY    MHOS/METER

      11    1    1      2.5757E+03   2.1462E-06   1.5000E-11                                          PARALLEL

      12    1    1      2.5757E+03   2.1462E-06   1.5000E-11                                          PARALLEL

      21    1    1      6.5976E+03   5.4976E-06   1.0400E-11                                          PARALLEL

      31    1    1      6.5976E+03   5.4976E-06   1.0400E-11                                          PARALLEL

      41    1    1      9.5357E+03   7.9458E-06   1.6150E-11                                          PARALLEL

      51    1    1      9.5357E+03   7.9458E-06   1.6150E-11                                          PARALLEL

      61    1    1      1.4872E+04   1.2392E-05   2.0000E-11                                          PARALLEL

      71    1    1      1.4872E+04   1.2392E-05   2.0000E-11                                          PARALLEL

      81    1    1      8.8382E+04   7.3646E-05   7.0000E-12                                          PARALLEL

      91    1    1      8.8382E+04   7.3646E-05   7.0000E-12                                          PARALLEL

     101    1    1      1.7754E+05   1.4794E-04   1.3900E-11                                          PARALLEL

     111    1    1      1.7754E+05   1.4794E-04   1.3900E-11                                          PARALLEL



                                  - - - ANTENNA ENVIRONMENT - - -

                                        FINITE GROUND.  SOMMERFELD SOLUTION
                                        RELATIVE DIELECTRIC CONST.= 13.000
                                        CONDUCTIVITY= 5.000E-03 MHOS/METER
                                        COMPLEX DIELECTRIC CONSTANT= 1.30000E+01-4.99334E+00



                                - - - MATRIX TIMING - - -

                        FILL=    0.000 SEC.,  FACTOR=    0.000 SEC.



                                          - - - ANTENNA INPUT PARAMETERS - - -

   TAG   SEG.    VOLTAGE (VOLTS)         CURRENT (AMPS)         IMPEDANCE (OHMS)        ADMITTANCE (MHOS)      POWER
   NO.   NO.    REAL        IMAG.       REAL        IMAG.       REAL        IMAG.       REAL        IMAG.     (WATTS)
     1     6 1.00000E+00 0.00000E+00 4.20953E-04 1.47340E-03 1.79273E+02-6.27484E+02 4.20953E-04 1.47340E-03 2.10476E-04



                             - - - CURRENTS AND LOCATION - - -

                                 DISTANCES IN WAVELENGTHS


  SEG.  TAG    COORD. OF SEG. CENTER     SEG.            - - - CURRENT (AMPS) - - -
  NO.   NO.     X        Y        Z      LENGTH     REAL        IMAG.       MAG.        PHASE
     1    1   0.0000  -0.1380   1.2008  0.02761   2.5616E-04  9.8916E-05  2.7460E-04   21.114
     2    1   0.0000  -0.1104   1.2008  0.02761   3.1310E-04  4.1846E-04  5.2263E-04   53.195
     3    1   0.0000  -0.0828   1.2008  0.02761   3.5931E-04  7.2224E-04  8.0668E-04   63.550
     4    1   0.0000  -0.0552   1.2008  0.02761   3.9325E-04  1.0076E-03  1.0816E-03   68.681
     5    1   0.0000  -0.0276   1.2008  0.02761   4.1398E-04  1.2755E-03  1.3410E-03   72.018
     6    1   0.0000   0.0000   1.2008  0.02761   4.2095E-04  1.4734E-03  1.5324E-03   74.055
     7    1   0.0000   0.0276   1.2008  0.02761   4.1398E-04  1.2755E-03  1.3410E-03   72.018
     8    1   0.0000   0.0552   1.2008  0.02761   3.9325E-04  1.0076E-03  1.0816E-03   68.681
     9    1   0.0000   0.0828   1.2008  0.02761   3.5931E-04  7.2224E-04  8.0668E-04   63.550
    10    1   0.0000   0.1104   1.2008  0.02761   3.1310E-04  4.1846E-04  5.2263E-04   53.195
    11    1   0.0000   0.1380   1.2008  0.02761   2.5616E-04  9.8916E-05  2.7460E-04   21.114
    12   11   0.0000  -0.1578   1.2008  0.01201  -2.0796E-04  1.3802E-04  2.4959E-04  146.429
    13   12   0.0000   0.1578   1.2008  0.01201   2.0796E-04 -1.3802E-04  2.4959E-04  -33.571
    14    2   0.0000  -0.1689   1.2008  0.01005  -1.6561E-04  2.6206E-04  3.1001E-04  122.291
    15    2   0.0000  -0.1789   1.2008  0.01005  -1.2366E-04  3.8039E-04  3.9998E-04  108.008
    16    3   0.0000   0.1689   1.2008  0.01005   1.6561E-04 -2.6206E-04  3.1001E-04  -57.709
    17    3   0.0000   0.1789   1.2008  0.01005   1.2366E-04 -3.8039E-04  3.9998E-04  -71.992
    18   21   0.0000  -0.1900   1.2008  0.01201  -8.0120E-05  4.9251E-04  4.9899E-04   99.240
    19   31   0.0000   0.1900   1.2008  0.01201   8.0120E-05 -4.9251E-04  4.9899E-04  -80.760
    20    4   0.0000  -0.2039   1.2008  0.01581  -6.3930E-05  4.0774E-04  4.1272E-04   98.911
    21    4   0.0000  -0.2197   1.2008  0.01581  -4.6145E-05  2.9237E-04  2.9598E-04   98.969
    22    5   0.0000   0.2039   1.2008  0.01581   6.3930E-05 -4.0774E-04  4.1272E-04  -81.089
    23    5   0.0000   0.2197   1.2008  0.01581   4.6145E-05 -2.9237E-04  2.9598E-04  -81.031
    24   41   0.0000  -0.2336   1.2008  0.01201  -2.8886E-05  2.0109E-04  2.0316E-04   98.174
    25   51   0.0000   0.2336   1.2008  0.01201   2.8886E-05 -2.0109E-04  2.0316E-04  -81.826
    26    6   0.0000  -0.2473   1.2008  0.01543  -2.7404E-05  1.7039E-04  1.7258E-04   99.137
    27    6   0.0000  -0.2627   1.2008  0.01543  -2.5354E-05  1.3987E-04  1.4215E-04  100.274
    28    7   0.0000   0.2473   1.2008  0.01543   2.7404E-05 -1.7039E-04  1.7258E-04  -80.863
    29    7   0.0000   0.2627   1.2008  0.01543   2.5354E-05 -1.3987E-04  1.4215E-04  -79.726
    30   61   0.0000  -0.2765   1.2008  0.01201  -2.2101E-05  1.1170E-04  1.1387E-04  101.192
    31   71   0.0000   0.2765   1.2008  0.01201   2.2101E-05 -1.1170E-04  1.1387E-04  -78.808
    32    8   0.0000  -0.2945   1.2008  0.02411  -2.1206E-05  9.3706E-05  9.6075E-05  102.751
    33    8   0.0000  -0.3186   1.2008  0.02411  -1.7772E-05  6.7845E-05  7.0135E-05  104.679
    34    9   0.0000   0.2945   1.2008  0.02411   2.1206E-05 -9.3706E-05  9.6075E-05  -77.249
    35    9   0.0000   0.3186   1.2008  0.02411   1.7772E-05 -6.7845E-05  7.0135E-05  -75.321
    36   81   0.0000  -0.3367   1.2008  0.01201  -1.3878E-05  4.7254E-05  4.9249E-05  106.367
    37   91   0.0000   0.3367   1.2008  0.01201   1.3878E-05 -4.7254E-05  4.9249E-05  -73.633
    38   10   0.0000  -0.3548   1.2008  0.02422  -1.5451E-05  4.6342E-05  4.8850E-05  108.440
    39   10   0.0000  -0.3790   1.2008  0.02422  -1.6420E-05  4.4332E-05  4.7275E-05  110.324
    40   10   0.0000  -0.4033   1.2008  0.02422  -1.5761E-05  3.9836E-05  4.2841E-05  111.586
    41   10   0.0000  -0.4275   1.2008  0.02422  -1.3790E-05  3.3392E-05  3.6128E-05  112.440
    42   11   0.0000   0.3548   1.2008  0.02422   1.5451E-05 -4.6342E-05  4.8850E-05  -71.560
    43   11   0.0000   0.3790   1.2008  0.02422   1.6420E-05 -4.4332E-05  4.7275E-05  -69.676
    44   11   0.0000   0.4033   1.2008  0.02422   1.5761E-05 -3.9836E-05  4.2841E-05  -68.414
    45   11   0.0000   0.4275   1.2008  0.02422   1.3790E-05 -3.3392E-05  3.6128E-05  -67.560
    46  101   0.0000  -0.4456   1.2008  0.01201  -1.1715E-05  2.7742E-05  3.0114E-05  112.894
    47  111   0.0000   0.4456   1.2008  0.01201   1.1715E-05 -2.7742E-05  3.0114E-05  -67.106
    48   12   0.0000  -0.4637   1.2008  0.02418  -1.1487E-05  2.6793E-05  2.9152E-05  113.206
    49   12   0.0000  -0.4879   1.2008  0.02418  -1.0627E-05  2.4632E-05  2.6826E-05  113.336
    50   12   0.0000  -0.5121   1.2008  0.02418  -9.0631E-06  2.1101E-05  2.2965E-05  113.244
    51   12   0.0000  -0.5363   1.2008  0.02418  -6.9805E-06  1.6445E-05  1.7866E-05  112.999
    52   12   0.0000  -0.5604   1.2008  0.02418  -4.4971E-06  1.0780E-05  1.1681E-05  112.644
    53   12   0.0000  -0.5846   1.2008  0.02418  -1.6445E-06  4.0279E-06  4.3506E-06  112.209
    54   13   0.0000   0.4637   1.2008  0.02418   1.1487E-05 -2.6793E-05  2.9152E-05  -66.794
    55   13   0.0000   0.4879   1.2008  0.02418   1.0627E-05 -2.4632E-05  2.6826E-05  -66.664
    56   13   0.0000   0.5121   1.2008  0.02418   9.0631E-06 -2.1101E-05  2.2965E-05  -66.756
    57   13   0.0000   0.5363   1.2008  0.02418   6.9805E-06 -1.6445E-05  1.7866E-05  -67.001
    58   13   0.0000   0.5604   1.2008  0.02418   4.4971E-06 -1.0780E-05  1.1681E-05  -67.356
    59   13   0.0000   0.5846   1.2008  0.02418   1.6445E-06 -4.0279E-06  4.3506E-06  -67.791



                                        - - - POWER BUDGET - - -

                                           INPUT POWER   = 2.1048E-04 WATTS
                                           RADIATED POWER= 1.7757E-05 WATTS
                                           STRUCTURE LOSS= 1.9272E-04 WATTS
                                           NETWORK LOSS  = 0.0000E+00 WATTS
                                           EFFICIENCY    =   8.44 PERCENT



                                                - - - RADIATION PATTERNS - - -

  - - ANGLES - -           - POWER GAINS -       - - - POLARIZATION - - -    - - - E(THETA) - - -    - - - E(PHI) - - -
  THETA     PHI        VERT.   HOR.    TOTAL      AXIAL     TILT   SENSE     MAGNITUDE    PHASE      MAGNITUDE    PHASE 
 DEGREES  DEGREES       DB      DB      DB        RATIO     DEG.              VOLTS/M    DEGREES      VOLTS/M    DEGREES
  -90.00     0.00    -999.99 -999.99 -999.99    0.00000     0.00            0.00000E+00     0.00    2.88391E-12  -134.83
  -85.00     0.00    -999.99   -8.01   -8.01    0.00000    90.00  LINEAR    0.00000E+00     0.00    4.46620E-02    45.20
  -80.00     0.00    -999.99   -4.27   -4.27    0.00000    90.00  LINEAR    0.00000E+00     0.00    6.87440E-02    45.98
  -75.00     0.00    -999.99   -4.87   -4.87    0.00000    90.00  LINEAR    0.00000E+00     0.00    6.40925E-02    48.09
  -70.00     0.00    -999.99  -10.00  -10.00    0.00000    90.00  LINEAR    0.00000E+00     0.00    3.55318E-02    54.89
  -65.00     0.00    -999.99  -22.01  -22.01    0.00000   -90.00  LINEAR    0.00000E+00     0.00    8.91120E-03   167.38
  -60.00     0.00    -999.99   -8.83   -8.83    0.00000   -90.00  LINEAR    0.00000E+00     0.00    4.06399E-02  -144.23
  -55.00     0.00    -999.99   -5.38   -5.38    0.00000   -90.00  LINEAR    0.00000E+00     0.00    6.04902E-02  -137.81
  -50.00     0.00    -999.99   -5.09   -5.09    0.00000   -90.00  LINEAR    0.00000E+00     0.00    6.24862E-02  -133.04
  -45.00     0.00    -999.99   -7.05   -7.05    0.00000   -90.00  LINEAR    0.00000E+00     0.00    4.98911E-02  -126.59
  -40.00     0.00    -999.99  -11.54  -11.54    0.00000   -90.00  LINEAR    0.00000E+00     0.00    2.97674E-02  -112.86
  -35.00     0.00    -999.99  -18.25  -18.25    0.00000    90.00  LINEAR    0.00000E+00     0.00    1.37466E-02   -60.54
  -30.00     0.00    -999.99  -14.12  -14.12    0.00000    90.00  LINEAR    0.00000E+00     0.00    2.20953E-02     7.69
  -25.00     0.00    -999.99   -9.89   -9.89    0.00000    90.00  LINEAR    0.00000E+00     0.00    3.59810E-02    25.27
  -20.00     0.00    -999.99   -7.75   -7.75    0.00000    90.00  LINEAR    0.00000E+00     0.00    4.60089E-02    32.24
  -15.00     0.00    -999.99   -6.68   -6.68    0.00000    90.00  LINEAR    0.00000E+00     0.00    5.20783E-02    36.10
  -10.00     0.00    -999.99   -6.16   -6.16    0.00000    90.00  LINEAR    0.00000E+00     0.00    5.52658E-02    38.48
   -5.00     0.00    -999.99   -5.94   -5.94    0.00000    90.00  LINEAR    0.00000E+00     0.00    5.66743E-02    39.83
    0.00     0.00    -999.99   -5.88   -5.88    0.00000    90.00  LINEAR    0.00000E+00     0.00    5.70564E-02    40.27
    5.00     0.00    -999.99   -5.94   -5.94    0.00000    90.00  LINEAR    0.00000E+00     0.00    5.66743E-02    39.83
   10.00     0.00    -999.99   -6.16   -6.16    0.00000    90.00  LINEAR    0.00000E+00     0.00    5.52658E-02    38.48
   15.00     0.00    -999.99   -6.68   -6.68    0.00000    90.00  LINEAR    0.00000E+00     0.00    5.20783E-02    36.10
   20.00     0.00    -999.99   -7.75   -7.75    0.00000    90.00  LINEAR    0.00000E+00     0.00    4.60089E-02    32.24
   25.00     0.00    -999.99   -9.89   -9.89    0.00000    90.00  LINEAR    0.00000E+00     0.00    3.59810E-02    25.27
   30.00     0.00    -999.99  -14.12  -14.12    0.00000    90.00  LINEAR    0.00000E+00     0.00    2.20953E-02     7.69
   35.00     0.00    -999.99  -18.25  -18.25    0.00000    90.00  LINEAR    0.00000E+00     0.00    1.37466E-02   -60.54
   40.00     0.00    -999.99  -11.54  -11.54    0.00000   -90.00  LINEAR    0.00000E+00     0.00    2.97674E-02  -112.86
   45.00     0.00    -999.99   -7.05   -7.05    0.00000   -90.00  LINEAR    0.00000E+00     0.00    4.98911E-02  -126.59
   50.00     0.00    -999.99   -5.09   -5.09    0.00000   -90.00  LINEAR    0.00000E+00     0.00    6.24862E-02  -133.04
   55.00     0.00    -999.99   -5.38   -5.38    0.00000   -90.00  LINEAR    0.00000E+00     0.00    6.04902E-02  -137.81
   60.00     0.00    -999.99   -8.83   -8.83    0.00000   -90.00  LINEAR    0.00000E+00     0.00    4.06399E-02  -144.23
   65.00     0.00    -999.99  -22.01  -22.01    0.00000   -90.00  LINEAR    0.00000E+00     0.00    8.91120E-03   167.38
   70.00     0.00    -999.99  -10.00  -10.00    0.00000    90.00  LINEAR    0.00000E+00     0.00    3.55318E-02    54.89
   75.00     0.00    -999.99   -4.87   -4.87    0.00000    90.00  LINEAR    0.00000E+00     0.00    6.40925E-02    48.09
   80.00     0.00    -999.99   -4.27   -4.27    0.00000    90.00  LINEAR    0.00000E+00     0.00    6.87440E-02    45.98
   85.00     0.00    -999.99   -8.01   -8.01    0.00000    90.00  LINEAR    0.00000E+00     0.00    4.46620E-02    45.20
   90.00     0.00    -999.99 -999.99 -999.99    0.00000     0.00            0.00000E+00     0.00    2.88391E-12  -134.83




                                 - - - - - - FREQUENCY - - - - - -

                                    FREQUENCY= 1.9000E+01 MHZ
                                    WAVELENGTH= 1.5779E+01 METERS




                    APPROXIMATE INTEGRATION EMPLOYED FOR SEGMENTS MORE THAN   1.000 WAVELENGTHS APART



                               - - - STRUCTURE IMPEDANCE LOADING - - -


       LOCATION          RESISTANCE   INDUCTANCE  CAPACITANCE       IMPEDANCE (OHMS)     CONDUCTIVITY    TYPE
    ITAG FROM THRU          OHMS        HENRYS       FARADS        REAL      IMAGINARY    MHOS/METER

      11    1    1      2.5757E+03   2.1462E-06   1.5000E-11                                          PARALLEL

      12    1    1      2.5757E+03   2.1462E-06   1.5000E-11                                          PARALLEL

      21    1    1      6.5976E+03   5.4976E-06   1.0400E-11                                          PARALLEL

      31    1    1      6.5976E+03   5.4976E-06   1.0400E-11                                          PARALLEL

      41    1    1      9.5357E+03   7.9458E-06   1.6150E-11                                          PARALLEL

      51    1    1      9.5357E+03   7.9458E-06   1.6150E-11                                          PARALLEL

      61    1    1      1.4872E+04   1.2392E-05   2.0000E-11                                          PARALLEL

      71    1    1      1.4872E+04   1.2392E-05   2.0000E-11                                          PARALLEL

      81    1    1      8.8382E+04   7.3646E-05   7.0000E-12                                          PARALLEL

      91    1    1      8.8382E+04   7.3646E-05   7.0000E-12                                          PARALLEL

     101    1    1      1.7754E+05   1.4794E-04   1.3900E-11                                          PARALLEL

     111    1    1      1.7754E+05   1.4794E-04   1.3900E-11                                          PARALLEL



                                  - - - ANTENNA ENVIRONMENT - - -

                                        FINITE GROUND.  SOMMERFELD SOLUTION
                                        RELATIVE DIELECTRIC CONST.= 13.000
                                        CONDUCTIVITY= 5.000E-03 MHOS/METER
                                        COMPLEX DIELECTRIC CONSTANT= 1.30000E+01-4.73053E+00



                                - - - MATRIX TIMING - - -

                        FILL=    0.016 SEC.,  FACTOR=    0.000 SEC.



                                          - - - ANTENNA INPUT PARAMETERS - - -

   TAG   SEG.    VOLTAGE (VOLTS)         CURRENT (AMPS)         IMPEDANCE (OHMS)        ADMITTANCE (MHOS)      POWER
   NO.   NO.    REAL        IMAG.       REAL        IMAG.       REAL        IMAG.       REAL        IMAG.     (WATTS)
     1     6 1.00000E+00 0.00000E+00 7.81343E-04 2.12297E-03 1.52681E+02-4.14846E+02 7.81343E-04 2.12297E-03 3.90672E-04



                             - - - CURRENTS AND LOCATION - - -

                                 DISTANCES IN WAVELENGTHS


  SEG.  TAG    COORD. OF SEG. CENTER     SEG.            - - - CURRENT (AMPS) - - -
  NO.   NO.     X        Y        Z      LENGTH     REAL        IMAG.       MAG.        PHASE
     1    1   0.0000  -0.1457   1.2675  0.02914   4.3679E-04  4.1627E-04  6.0338E-04   43.623
     2    1   0.0000  -0.1166   1.2675  0.02914   5.5536E-04  8.3912E-04  1.0063E-03   56.502
     3    1   0.0000  -0.0874   1.2675  0.02914   6.5197E-04  1.2312E-03  1.3932E-03   62.097
     4    1   0.0000  -0.0583   1.2675  0.02914   7.2312E-04  1.5862E-03  1.7433E-03   65.493
     5    1   0.0000  -0.0291   1.2675  0.02914   7.6668E-04  1.9026E-03  2.0512E-03   68.052
     6    1   0.0000   0.0000   1.2675  0.02914   7.8134E-04  2.1230E-03  2.2622E-03   69.794
     7    1   0.0000   0.0291   1.2675  0.02914   7.6668E-04  1.9026E-03  2.0512E-03   68.052
     8    1   0.0000   0.0583   1.2675  0.02914   7.2312E-04  1.5862E-03  1.7433E-03   65.493
     9    1   0.0000   0.0874   1.2675  0.02914   6.5197E-04  1.2312E-03  1.3932E-03   62.097
    10    1   0.0000   0.1166   1.2675  0.02914   5.5536E-04  8.3912E-04  1.0063E-03   56.502
    11    1   0.0000   0.1457   1.2675  0.02914   4.3679E-04  4.1627E-04  6.0338E-04   43.623
    12   11   0.0000  -0.1666   1.2675  0.01268  -3.3637E-04 -9.6126E-05  3.4984E-04 -164.051
    13   12   0.0000   0.1666   1.2675  0.01268   3.3637E-04  9.6126E-05  3.4984E-04   15.949
    14    2   0.0000  -0.1783   1.2675  0.01061  -2.4538E-04  9.2086E-05  2.6209E-04  159.430
    15    2   0.0000  -0.1889   1.2675  0.01061  -1.5474E-04  2.7305E-04  3.1385E-04  119.540
    16    3   0.0000   0.1783   1.2675  0.01061   2.4538E-04 -9.2086E-05  2.6209E-04  -20.570
    17    3   0.0000   0.1889   1.2675  0.01061   1.5474E-04 -2.7305E-04  3.1385E-04  -60.460
    18   21   0.0000  -0.2005   1.2675  0.01268  -6.2890E-05  4.4875E-04  4.5313E-04   97.978
    19   31   0.0000   0.2005   1.2675  0.01268   6.2890E-05 -4.4875E-04  4.5313E-04  -82.022
    20    4   0.0000  -0.2152   1.2675  0.01669  -5.3517E-05  3.7584E-04  3.7963E-04   98.104
    21    4   0.0000  -0.2319   1.2675  0.01669  -4.7227E-05  2.7013E-04  2.7423E-04   99.917
    22    5   0.0000   0.2152   1.2675  0.01669   5.3517E-05 -3.7584E-04  3.7963E-04  -81.896
    23    5   0.0000   0.2319   1.2675  0.01669   4.7227E-05 -2.7013E-04  2.7423E-04  -80.083
    24   41   0.0000  -0.2466   1.2675  0.01268  -3.6602E-05  1.8958E-04  1.9308E-04  100.928
    25   51   0.0000   0.2466   1.2675  0.01268   3.6602E-05 -1.8958E-04  1.9308E-04  -79.072
    26    6   0.0000  -0.2610   1.2675  0.01629  -3.7937E-05  1.6013E-04  1.6456E-04  103.328
    27    6   0.0000  -0.2773   1.2675  0.01629  -3.7387E-05  1.3121E-04  1.3644E-04  105.904
    28    7   0.0000   0.2610   1.2675  0.01629   3.7937E-05 -1.6013E-04  1.6456E-04  -76.672
    29    7   0.0000   0.2773   1.2675  0.01629   3.7387E-05 -1.3121E-04  1.3644E-04  -74.096
    30   61   0.0000  -0.2918   1.2675  0.01268  -3.4530E-05  1.0524E-04  1.1076E-04  108.165
    31   71   0.0000   0.2918   1.2675  0.01268   3.4530E-05 -1.0524E-04  1.1076E-04  -71.835
    32    8   0.0000  -0.3109   1.2675  0.02545  -3.4719E-05  8.8624E-05  9.5182E-05  111.393
    33    8   0.0000  -0.3363   1.2675  0.02545  -3.0680E-05  6.5133E-05  7.1996E-05  115.222
    34    9   0.0000   0.3109   1.2675  0.02545   3.4719E-05 -8.8624E-05  9.5182E-05  -68.607
    35    9   0.0000   0.3363   1.2675  0.02545   3.0680E-05 -6.5133E-05  7.1996E-05  -64.778
    36   81   0.0000  -0.3554   1.2675  0.01268  -2.5123E-05  4.6549E-05  5.2896E-05  118.357
    37   91   0.0000   0.3554   1.2675  0.01268   2.5123E-05 -4.6549E-05  5.2896E-05  -61.643
    38   10   0.0000  -0.3745   1.2675  0.02557  -2.8794E-05  4.6937E-05  5.5065E-05  121.527
    39   10   0.0000  -0.4001   1.2675  0.02557  -3.1349E-05  4.6492E-05  5.6074E-05  123.991
    40   10   0.0000  -0.4257   1.2675  0.02557  -3.0645E-05  4.3247E-05  5.3004E-05  125.322
    41   10   0.0000  -0.4512   1.2675  0.02557  -2.7237E-05  3.7567E-05  4.6402E-05  125.943
    42   11   0.0000   0.3745   1.2675  0.02557   2.8794E-05 -4.6937E-05  5.5065E-05  -58.473
    43   11   0.0000   0.4001   1.2675  0.02557   3.1349E-05 -4.6492E-05  5.6074E-05  -56.009
    44   11   0.0000   0.4257   1.2675  0.02557   3.0645E-05 -4.3247E-05  5.3004E-05  -54.678
    45   11   0.0000   0.4512   1.2675  0.02557   2.7237E-05 -3.7567E-05  4.6402E-05  -54.057
    46  101   0.0000  -0.4704   1.2675  0.01268  -2.3416E-05  3.2163E-05  3.9784E-05  126.057
    47  111   0.0000   0.4704   1.2675  0.01268   2.3416E-05 -3.2163E-05  3.9784E-05  -53.943
    48   12   0.0000  -0.4895   1.2675  0.02553  -2.3188E-05  3.1977E-05  3.9499E-05  125.948
    49   12   0.0000  -0.5150   1.2675  0.02553  -2.1671E-05  3.0330E-05  3.7277E-05  125.546
    50   12   0.0000  -0.5405   1.2675  0.02553  -1.8632E-05  2.6653E-05  3.2520E-05  124.956
    51   12   0.0000  -0.5660   1.2675  0.02553  -1.4446E-05  2.1216E-05  2.5668E-05  124.252
    52   12   0.0000  -0.5916   1.2675  0.02553  -9.3583E-06  1.4154E-05  1.6968E-05  123.471
    53   12   0.0000  -0.6171   1.2675  0.02553  -3.4379E-06  5.3661E-06  6.3729E-06  122.647
    54   13   0.0000   0.4895   1.2675  0.02553   2.3188E-05 -3.1977E-05  3.9499E-05  -54.052
    55   13   0.0000   0.5150   1.2675  0.02553   2.1671E-05 -3.0330E-05  3.7277E-05  -54.454
    56   13   0.0000   0.5405   1.2675  0.02553   1.8632E-05 -2.6653E-05  3.2520E-05  -55.044
    57   13   0.0000   0.5660   1.2675  0.02553   1.4446E-05 -2.1216E-05  2.5668E-05  -55.748
    58   13   0.0000   0.5916   1.2675  0.02553   9.3583E-06 -1.4154E-05  1.6968E-05  -56.529
    59   13   0.0000   0.6171   1.2675  0.02553   3.4379E-06 -5.3661E-06  6.3729E-06  -57.353



                                        - - - POWER BUDGET - - -

                                           INPUT POWER   = 3.9067E-04 WATTS
                                           RADIATED POWER= 7.1569E-05 WATTS
                                           STRUCTURE LOSS= 3.1910E-04 WATTS
                                           NETWORK LOSS  = 0.0000E+00 WATTS
                                           EFFICIENCY    =  18.32 PERCENT



                                                - - - RADIATION PATTERNS - - -

  - - ANGLES - -           - POWER GAINS -       - - - POLARIZATION - - -    - - - E(THETA) - - -    - - - E(PHI) - - -
  THETA     PHI        VERT.   HOR.    TOTAL      AXIAL     TILT   SENSE     MAGNITUDE    PHASE      MAGNITUDE    PHASE 
 DEGREES  DEGREES       DB      DB      DB        RATIO     DEG.              VOLTS/M    DEGREES      VOLTS/M    DEGREES
  -90.00     0.00    -999.99 -999.99 -999.99    0.00000     0.00            0.00000E+00     0.00    6.33649E-12  -128.82
  -85.00     0.00    -999.99   -3.94   -3.94    0.00000    90.00  LINEAR    0.00000E+00     0.00    9.72870E-02    51.25
  -80.00     0.00    -999.99   -0.44   -0.44    0.00000    90.00  LINEAR    0.00000E+00     0.00    1.45439E-01    52.12
  -75.00     0.00    -999.99   -1.64   -1.64    0.00000    90.00  LINEAR    0.00000E+00     0.00    1.26718E-01    54.59
  -70.00     0.00    -999.99   -8.66   -8.66    0.00000    90.00  LINEAR    0.00000E+00     0.00    5.64739E-02    64.54
  -65.00     0.00    -999.99  -12.29  -12.29    0.00000   -90.00  LINEAR    0.00000E+00     0.00    3.71807E-02  -152.71
  -60.00     0.00    -999.99   -3.31   -3.31    0.00000   -90.00  LINEAR    0.00000E+00     0.00    1.04546E-01  -134.92
  -55.00     0.00    -999.99   -1.21   -1.21    0.00000   -90.00  LINEAR    0.00000E+00     0.00    1.33158E-01  -129.58
  -50.00     0.00    -999.99   -2.13   -2.13    0.00000   -90.00  LINEAR    0.00000E+00     0.00    1.19789E-01  -124.10
  -45.00     0.00    -999.99   -5.88   -5.88    0.00000   -90.00  LINEAR    0.00000E+00     0.00    7.77899E-02  -113.90
  -40.00     0.00    -999.99  -13.62  -13.62    0.00000    90.00  LINEAR    0.00000E+00     0.00    3.19026E-02   -74.23
  -35.00     0.00    -999.99  -10.77  -10.77    0.00000    90.00  LINEAR    0.00000E+00     0.00    4.43024E-02    13.70
  -30.00     0.00    -999.99   -5.61   -5.61    0.00000    90.00  LINEAR    0.00000E+00     0.00    8.02436E-02    33.99
  -25.00     0.00    -999.99   -3.27   -3.27    0.00000    90.00  LINEAR    0.00000E+00     0.00    1.04977E-01    41.34
  -20.00     0.00    -999.99   -2.26   -2.26    0.00000    90.00  LINEAR    0.00000E+00     0.00    1.17922E-01    45.65
  -15.00     0.00    -999.99   -1.93   -1.93    0.00000    90.00  LINEAR    0.00000E+00     0.00    1.22545E-01    48.69
  -10.00     0.00    -999.99   -1.92   -1.92    0.00000    90.00  LINEAR    0.00000E+00     0.00    1.22735E-01    50.87
   -5.00     0.00    -999.99   -2.00   -2.00    0.00000    90.00  LINEAR    0.00000E+00     0.00    1.21589E-01    52.23
    0.00     0.00    -999.99   -2.04   -2.04    0.00000    90.00  LINEAR    0.00000E+00     0.00    1.20998E-01    52.70
    5.00     0.00    -999.99   -2.00   -2.00    0.00000    90.00  LINEAR    0.00000E+00     0.00    1.21589E-01    52.23
   10.00     0.00    -999.99   -1.92   -1.92    0.00000    90.00  LINEAR    0.00000E+00     0.00    1.22735E-01    50.87
   15.00     0.00    -999.99   -1.93   -1.93    0.00000    90.00  LINEAR    0.00000E+00     0.00    1.22545E-01    48.69
   20.00     0.00    -999.99   -2.26   -2.26    0.00000    90.00  LINEAR    0.00000E+00     0.00    1.17922E-01    45.65
   25.00     0.00    -999.99   -3.27   -3.27    0.00000    90.00  LINEAR    0.00000E+00     0.00    1.04977E-01    41.34
   30.00     0.00    -999.99   -5.61   -5.61    0.00000    90.00  LINEAR    0.00000E+00     0.00    8.02436E-02    33.99
   35.00     0.00    -999.99  -10.77  -10.77    0.00000    90.00  LINEAR    0.00000E+00     0.00    4.43024E-02    13.70
   40.00     0.00    -999.99  -13.62  -13.62    0.00000    90.00  LINEAR    0.00000E+00     0.00    3.19026E-02   -74.23
   45.00     0.00    -999.99   -5.88   -5.88    0.00000   -90.00  LINEAR    0.00000E+00     0.00    7.77899E-02  -113.90
   50.00     0.00    -999.99   -2.13   -2.13    0.00000   -90.00  LINEAR    0.00000E+00     0.00    1.19789E-01  -124.10
   55.00     0.00    -999.99   -1.21   -1.21    0.00000   -90.00  LINEAR    0.00000E+00     0.00    1.33158E-01  -129.58
   60.00     0.00    -999.99   -3.31   -3.31    0.00000   -90.00  LINEAR    0.00000E+00     0.00    1.04546E-01  -134.92
   65.00     0.00    -999.99  -12.29  -12.29    0.00000   -90.00  LINEAR    0.00000E+00     0.00    3.71807E-02  -152.71
   70.00     0.00    -999.99   -8.66   -8.66    0.00000    90.00  LINEAR    0.00000E+00     0.00    5.64739E-02    64.54
   75.00     0.00    -999.99   -1.64   -1.64    0.00000    90.00  LINEAR    0.00000E+00     0.00    1.26718E-01    54.59
   80.00     0.00    -999.99   -0.44   -0.44    0.00000    90.00  LINEAR    0.00000E+00     0.00    1.45439E-01    52.12
   85.00     0.00    -999.99   -3.94   -3.94    0.00000    90.00  LINEAR    0.00000E+00     0.00    9.72870E-02    51.25
   90.00     0.00    -999.99 -999.99 -999.99    0.00000     0.00            0.00000E+00     0.00    6.33649E-12  -128.82




                                 - - - - - - FREQUENCY - - - - - -

                                    FREQUENCY= 2.0000E+01 MHZ
                                    WAVELENGTH= 1.4990E+01 METERS




                    APPROXIMATE INTEGRATION EMPLOYED FOR SEGMENTS MORE THAN   1.000 WAVELENGTHS APART



                               - - - STRUCTURE IMPEDANCE LOADING - - -


       LOCATION          RESISTANCE   INDUCTANCE  CAPACITANCE       IMPEDANCE (OHMS)     CONDUCTIVITY    TYPE
    ITAG FROM THRU          OHMS        HENRYS       FARADS        REAL      IMAGINARY    MHOS/METER

      11    1    1      2.5757E+03   2.1462E-06   1.5000E-11                                          PARALLEL

      12    1    1      2.5757E+03   2.1462E-06   1.5000E-11                                          PARALLEL

      21    1    1      6.5976E+03   5.4976E-06   1.0400E-11                                          PARALLEL

      31    1    1      6.5976E+03   5.4976E-06   1.0400E-11                                          PARALLEL

      41    1    1      9.5357E+03   7.9458E-06   1.6150E-11                                          PARALLEL

      51    1    1      9.5357E+03   7.9458E-06   1.6150E-11                                          PARALLEL

      61    1    1      1.4872E+04   1.2392E-05   2.0000E-11                                          PARALLEL

      71    1    1      1.4872E+04   1.2392E-05   2.0000E-11                                          PARALLEL

      81    1    1      8.8382E+04   7.3646E-05   7.0000E-12                                          PARALLEL

      91    1    1      8.8382E+04   7.3646E-05   7.0000E-12                                          PARALLEL

     101    1    1      1.7754E+05   1.4794E-04   1.3900E-11                                          PARALLEL

     111    1    1      1.7754E+05   1.4794E-04   1.3900E-11                                          PARALLEL



                                  - - - ANTENNA ENVIRONMENT - - -

                                        FINITE GROUND.  SOMMERFELD SOLUTION
                                        RELATIVE DIELECTRIC CONST.= 13.000
                                        CONDUCTIVITY= 5.000E-03 MHOS/METER
                                        COMPLEX DIELECTRIC CONSTANT= 1.30000E+01-4.49400E+00



                                - - - MATRIX TIMING - - -

                        FILL=    0.016 SEC.,  FACTOR=    0.000 SEC.



                                          - - - ANTENNA INPUT PARAMETERS - - -

   TAG   SEG.    VOLTAGE (VOLTS)         CURRENT (AMPS)         IMPEDANCE (OHMS)        ADMITTANCE (MHOS)      POWER
   NO.   NO.    REAL        IMAG.       REAL        IMAG.       REAL        IMAG.       REAL        IMAG.     (WATTS)
     1     6 1.00000E+00 0.00000E+00 1.94129E-03 2.77538E-03 1.69229E+02-2.41940E+02 1.94129E-03 2.77538E-03 9.70645E-04



                             - - - CURRENTS AND LOCATION - - -

                                 DISTANCES IN WAVELENGTHS


  SEG.  TAG    COORD. OF SEG. CENTER     SEG.            - - - CURRENT (AMPS) - - -
  NO.   NO.     X        Y        Z      LENGTH     REAL        IMAG.       MAG.        PHASE
     1    1   0.0000  -0.1534   1.3342  0.03068   1.0402E-03  7.1748E-04  1.2637E-03   34.595
     2    1   0.0000  -0.1227   1.3342  0.03068   1.3485E-03  1.2490E-03  1.8381E-03   42.805
     3    1   0.0000  -0.0920   1.3342  0.03068   1.6012E-03  1.7346E-03  2.3606E-03   47.289
     4    1   0.0000  -0.0614   1.3342  0.03068   1.7880E-03  2.1637E-03  2.8069E-03   50.430
     5    1   0.0000  -0.0307   1.3342  0.03068   1.9026E-03  2.5314E-03  3.1667E-03   53.071
     6    1   0.0000   0.0000   1.3342  0.03068   1.9413E-03  2.7754E-03  3.3869E-03   55.028
     7    1   0.0000   0.0307   1.3342  0.03068   1.9026E-03  2.5314E-03  3.1667E-03   53.071
     8    1   0.0000   0.0614   1.3342  0.03068   1.7880E-03  2.1637E-03  2.8069E-03   50.430
     9    1   0.0000   0.0920   1.3342  0.03068   1.6012E-03  1.7346E-03  2.3606E-03   47.289
    10    1   0.0000   0.1227   1.3342  0.03068   1.3485E-03  1.2490E-03  1.8381E-03   42.805
    11    1   0.0000   0.1534   1.3342  0.03068   1.0402E-03  7.1748E-04  1.2637E-03   34.595
    12   11   0.0000  -0.1754   1.3342  0.01334  -7.7969E-04 -3.1099E-04  8.3942E-04 -158.255
    13   12   0.0000   0.1754   1.3342  0.01334   7.7969E-04  3.1099E-04  8.3942E-04   21.745
    14    2   0.0000  -0.1876   1.3342  0.01116  -5.3538E-04 -6.0312E-05  5.3876E-04 -173.572
    15    2   0.0000  -0.1988   1.3342  0.01116  -2.9179E-04  1.8111E-04  3.4343E-04  148.173
    16    3   0.0000   0.1876   1.3342  0.01116   5.3538E-04  6.0312E-05  5.3876E-04    6.428
    17    3   0.0000   0.1988   1.3342  0.01116   2.9179E-04 -1.8111E-04  3.4343E-04  -31.827
    18   21   0.0000  -0.2111   1.3342  0.01334  -4.7552E-05  4.1791E-04  4.2061E-04   96.491
    19   31   0.0000   0.2111   1.3342  0.01334   4.7552E-05 -4.1791E-04  4.2061E-04  -83.509
    20    4   0.0000  -0.2265   1.3342  0.01757  -4.4839E-05  3.5615E-04  3.5896E-04   97.176
    21    4   0.0000  -0.2441   1.3342  0.01757  -5.7652E-05  2.5842E-04  2.6477E-04  102.576
    22    5   0.0000   0.2265   1.3342  0.01757   4.4839E-05 -3.5615E-04  3.5896E-04  -82.824
    23    5   0.0000   0.2441   1.3342  0.01757   5.7652E-05 -2.5842E-04  2.6477E-04  -77.424
    24   41   0.0000  -0.2595   1.3342  0.01334  -5.4855E-05  1.8652E-04  1.9442E-04  106.389
    25   51   0.0000   0.2595   1.3342  0.01334   5.4855E-05 -1.8652E-04  1.9442E-04  -73.611
    26    6   0.0000  -0.2748   1.3342  0.01715  -6.1375E-05  1.6027E-04  1.7162E-04  110.954
    27    6   0.0000  -0.2919   1.3342  0.01715  -6.3158E-05  1.3452E-04  1.4861E-04  115.151
    28    7   0.0000   0.2748   1.3342  0.01715   6.1375E-05 -1.6027E-04  1.7162E-04  -69.046
    29    7   0.0000   0.2919   1.3342  0.01715   6.3158E-05 -1.3452E-04  1.4861E-04  -64.849
    30   61   0.0000  -0.3072   1.3342  0.01334  -6.0057E-05  1.1128E-04  1.2645E-04  118.356
    31   71   0.0000   0.3072   1.3342  0.01334   6.0057E-05 -1.1128E-04  1.2645E-04  -61.644
    32    8   0.0000  -0.3273   1.3342  0.02679  -6.1195E-05  9.7892E-05  1.1545E-04  122.011
    33    8   0.0000  -0.3540   1.3342  0.02679  -5.4358E-05  7.7140E-05  9.4368E-05  125.171
    34    9   0.0000   0.3273   1.3342  0.02679   6.1195E-05 -9.7892E-05  1.1545E-04  -57.989
    35    9   0.0000   0.3540   1.3342  0.02679   5.4358E-05 -7.7140E-05  9.4368E-05  -54.829
    36   81   0.0000  -0.3741   1.3342  0.01334  -4.4429E-05  5.9511E-05  7.4266E-05  126.744
    37   91   0.0000   0.3741   1.3342  0.01334   4.4429E-05 -5.9511E-05  7.4266E-05  -53.256
    38   10   0.0000  -0.3942   1.3342  0.02691  -5.0193E-05  6.4841E-05  8.1998E-05  127.744
    39   10   0.0000  -0.4212   1.3342  0.02691  -5.3661E-05  6.9210E-05  8.7576E-05  127.788
    40   10   0.0000  -0.4481   1.3342  0.02691  -5.1476E-05  6.8179E-05  8.5430E-05  127.053
    41   10   0.0000  -0.4750   1.3342  0.02691  -4.4779E-05  6.2099E-05  7.6561E-05  125.795
    42   11   0.0000   0.3942   1.3342  0.02691   5.0193E-05 -6.4841E-05  8.1998E-05  -52.256
    43   11   0.0000   0.4212   1.3342  0.02691   5.3661E-05 -6.9210E-05  8.7576E-05  -52.212
    44   11   0.0000   0.4481   1.3342  0.02691   5.1476E-05 -6.8179E-05  8.5430E-05  -52.947
    45   11   0.0000   0.4750   1.3342  0.02691   4.4779E-05 -6.2099E-05  7.6561E-05  -54.205
    46  101   0.0000  -0.4951   1.3342  0.01334  -3.7734E-05  5.4968E-05  6.6674E-05  124.469
    47  111   0.0000   0.4951   1.3342  0.01334   3.7734E-05 -5.4968E-05  6.6674E-05  -55.531
    48   12   0.0000  -0.5152   1.3342  0.02687  -3.6544E-05  5.6214E-05  6.7048E-05  123.027
    49   12   0.0000  -0.5421   1.3342  0.02687  -3.3229E-05  5.4728E-05  6.4026E-05  121.265
    50   12   0.0000  -0.5690   1.3342  0.02687  -2.7820E-05  4.8957E-05  5.6309E-05  119.607
    51   12   0.0000  -0.5958   1.3342  0.02687  -2.0999E-05  3.9447E-05  4.4689E-05  118.028
    52   12   0.0000  -0.6227   1.3342  0.02687  -1.3232E-05  2.6532E-05  2.9648E-05  116.506
    53   12   0.0000  -0.6496   1.3342  0.02687  -4.7229E-06  1.0108E-05  1.1157E-05  115.044
    54   13   0.0000   0.5152   1.3342  0.02687   3.6544E-05 -5.6214E-05  6.7048E-05  -56.973
    55   13   0.0000   0.5421   1.3342  0.02687   3.3229E-05 -5.4728E-05  6.4026E-05  -58.735
    56   13   0.0000   0.5690   1.3342  0.02687   2.7820E-05 -4.8957E-05  5.6309E-05  -60.393
    57   13   0.0000   0.5958   1.3342  0.02687   2.0999E-05 -3.9447E-05  4.4689E-05  -61.972
    58   13   0.0000   0.6227   1.3342  0.02687   1.3232E-05 -2.6532E-05  2.9648E-05  -63.494
    59   13   0.0000   0.6496   1.3342  0.02687   4.7229E-06 -1.0108E-05  1.1157E-05  -64.956



                                        - - - POWER BUDGET - - -

                                           INPUT POWER   = 9.7065E-04 WATTS
                                           RADIATED POWER= 2.6042E-04 WATTS
                                           STRUCTURE LOSS= 7.1023E-04 WATTS
                                           NETWORK LOSS  = 0.0000E+00 WATTS
                                           EFFICIENCY    =  26.83 PERCENT



                                                - - - RADIATION PATTERNS - - -

  - - ANGLES - -           - POWER GAINS -       - - - POLARIZATION - - -    - - - E(THETA) - - -    - - - E(PHI) - - -
  THETA     PHI        VERT.   HOR.    TOTAL      AXIAL     TILT   SENSE     MAGNITUDE    PHASE      MAGNITUDE    PHASE 
 DEGREES  DEGREES       DB      DB      DB        RATIO     DEG.              VOLTS/M    DEGREES      VOLTS/M    DEGREES
  -90.00     0.00    -999.99 -999.99 -999.99    0.00000     0.00            0.00000E+00     0.00    1.29203E-11  -141.62
  -85.00     0.00    -999.99   -1.78   -1.78    0.00000    90.00  LINEAR    0.00000E+00     0.00    1.96572E-01    38.48
  -80.00     0.00    -999.99    1.44    1.44    0.00000    90.00  LINEAR    0.00000E+00     0.00    2.84784E-01    39.46
  -75.00     0.00    -999.99   -0.43   -0.43    0.00000    90.00  LINEAR    0.00000E+00     0.00    2.29641E-01    42.36
  -70.00     0.00    -999.99  -10.25  -10.25    0.00000    90.00  LINEAR    0.00000E+00     0.00    7.41380E-02    58.85
  -65.00     0.00    -999.99   -6.53   -6.53    0.00000   -90.00  LINEAR    0.00000E+00     0.00    1.13809E-01  -155.36
  -60.00     0.00    -999.99   -0.31   -0.31    0.00000   -90.00  LINEAR    0.00000E+00     0.00    2.32876E-01  -145.38
  -55.00     0.00    -999.99    0.57    0.57    0.00000   -90.00  LINEAR    0.00000E+00     0.00    2.57658E-01  -140.25
  -50.00     0.00    -999.99   -1.79   -1.79    0.00000   -90.00  LINEAR    0.00000E+00     0.00    1.96333E-01  -133.08
  -45.00     0.00    -999.99   -8.41   -8.41    0.00000   -90.00  LINEAR    0.00000E+00     0.00    9.16336E-02  -111.85
  -40.00     0.00    -999.99  -11.17  -11.17    0.00000    90.00  LINEAR    0.00000E+00     0.00    6.66931E-02   -11.11
  -35.00     0.00    -999.99   -4.11   -4.11    0.00000    90.00  LINEAR    0.00000E+00     0.00    1.50220E-01    20.98
  -30.00     0.00    -999.99   -1.22   -1.22    0.00000    90.00  LINEAR    0.00000E+00     0.00    2.09521E-01    29.72
  -25.00     0.00    -999.99   -0.17   -0.17    0.00000    90.00  LINEAR    0.00000E+00     0.00    2.36489E-01    34.75
  -20.00     0.00    -999.99   -0.06   -0.06    0.00000    90.00  LINEAR    0.00000E+00     0.00    2.39447E-01    38.64
  -15.00     0.00    -999.99   -0.44   -0.44    0.00000    90.00  LINEAR    0.00000E+00     0.00    2.29432E-01    41.97
  -10.00     0.00    -999.99   -0.96   -0.96    0.00000    90.00  LINEAR    0.00000E+00     0.00    2.15948E-01    44.72
   -5.00     0.00    -999.99   -1.39   -1.39    0.00000    90.00  LINEAR    0.00000E+00     0.00    2.05508E-01    46.62
    0.00     0.00    -999.99   -1.56   -1.56    0.00000    90.00  LINEAR    0.00000E+00     0.00    2.01662E-01    47.30
    5.00     0.00    -999.99   -1.39   -1.39    0.00000    90.00  LINEAR    0.00000E+00     0.00    2.05508E-01    46.62
   10.00     0.00    -999.99   -0.96   -0.96    0.00000    90.00  LINEAR    0.00000E+00     0.00    2.15948E-01    44.72
   15.00     0.00    -999.99   -0.44   -0.44    0.00000    90.00  LINEAR    0.00000E+00     0.00    2.29432E-01    41.97
   20.00     0.00    -999.99   -0.06   -0.06    0.00000    90.00  LINEAR    0.00000E+00     0.00    2.39447E-01    38.64
   25.00     0.00    -999.99   -0.17   -0.17    0.00000    90.00  LINEAR    0.00000E+00     0.00    2.36489E-01    34.75
   30.00     0.00    -999.99   -1.22   -1.22    0.00000    90.00  LINEAR    0.00000E+00     0.00    2.09521E-01    29.72
   35.00     0.00    -999.99   -4.11   -4.11    0.00000    90.00  LINEAR    0.00000E+00     0.00    1.50220E-01    20.98
   40.00     0.00    -999.99  -11.17  -11.17    0.00000    90.00  LINEAR    0.00000E+00     0.00    6.66931E-02   -11.11
   45.00     0.00    -999.99   -8.41   -8.41    0.00000   -90.00  LINEAR    0.00000E+00     0.00    9.16336E-02  -111.85
   50.00     0.00    -999.99   -1.79   -1.79    0.00000   -90.00  LINEAR    0.00000E+00     0.00    1.96333E-01  -133.08
   55.00     0.00    -999.99    0.57    0.57    0.00000   -90.00  LINEAR    0.00000E+00     0.00    2.57658E-01  -140.25
   60.00     0.00    -999.99   -0.31   -0.31    0.00000   -90.00  LINEAR    0.00000E+00     0.00    2.32876E-01  -145.38
   65.00     0.00    -999.99   -6.53   -6.53    0.00000   -90.00  LINEAR    0.00000E+00     0.00    1.13809E-01  -155.36
   70.00     0.00    -999.99  -10.25  -10.25    0.00000    90.00  LINEAR    0.00000E+00     0.00    7.41380E-02    58.85
   75.00     0.00    -999.99   -0.43   -0.43    0.00000    90.00  LINEAR    0.00000E+00     0.00    2.29641E-01    42.36
   80.00     0.00    -999.99    1.44    1.44    0.00000    90.00  LINEAR    0.00000E+00     0.00    2.84784E-01    39.46
   85.00     0.00    -999.99   -1.78   -1.78    0.00000    90.00  LINEAR    0.00000E+00     0.00    1.96572E-01    38.48
   90.00     0.00    -999.99 -999.99 -999.99    0.00000     0.00            0.00000E+00     0.00    1.29203E-11  -141.62




                                 - - - - - - FREQUENCY - - - - - -

                                    FREQUENCY= 2.1000E+01 MHZ
                                    WAVELENGTH= 1.4276E+01 METERS




                    APPROXIMATE INTEGRATION EMPLOYED FOR SEGMENTS MORE THAN   1.000 WAVELENGTHS APART



                               - - - STRUCTURE IMPEDANCE LOADING - - -


       LOCATION          RESISTANCE   INDUCTANCE  CAPACITANCE       IMPEDANCE (OHMS)     CONDUCTIVITY    TYPE
    ITAG FROM THRU          OHMS        HENRYS       FARADS        REAL      IMAGINARY    MHOS/METER

      11    1    1      2.5757E+03   2.1462E-06   1.5000E-11                                          PARALLEL

      12    1    1      2.5757E+03   2.1462E-06   1.5000E-11                                          PARALLEL

      21    1    1      6.5976E+03   5.4976E-06   1.0400E-11                                          PARALLEL

      31    1    1      6.5976E+03   5.4976E-06   1.0400E-11                                          PARALLEL

      41    1    1      9.5357E+03   7.9458E-06   1.6150E-11                                          PARALLEL

      51    1    1      9.5357E+03   7.9458E-06   1.6150E-11                                          PARALLEL

      61    1    1      1.4872E+04   1.2392E-05   2.0000E-11                                          PARALLEL

      71    1    1      1.4872E+04   1.2392E-05   2.0000E-11                                          PARALLEL

      81    1    1      8.8382E+04   7.3646E-05   7.0000E-12                                          PARALLEL

      91    1    1      8.8382E+04   7.3646E-05   7.0000E-12                                          PARALLEL

     101    1    1      1.7754E+05   1.4794E-04   1.3900E-11                                          PARALLEL

     111    1    1      1.7754E+05   1.4794E-04   1.3900E-11                                          PARALLEL



                                  - - - ANTENNA ENVIRONMENT - - -

                                        FINITE GROUND.  SOMMERFELD SOLUTION
                                        RELATIVE DIELECTRIC CONST.= 13.000
                                        CONDUCTIVITY= 5.000E-03 MHOS/METER
                                        COMPLEX DIELECTRIC CONSTANT= 1.30000E+01-4.28000E+00



                                - - - MATRIX TIMING - - -

                        FILL=    0.000 SEC.,  FACTOR=    0.000 SEC.



                                          - - - ANTENNA INPUT PARAMETERS - - -

   TAG   SEG.    VOLTAGE (VOLTS)         CURRENT (AMPS)         IMPEDANCE (OHMS)        ADMITTANCE (MHOS)      POWER
   NO.   NO.    REAL        IMAG.       REAL        IMAG.       REAL        IMAG.       REAL        IMAG.     (WATTS)
     1     6 1.00000E+00 0.00000E+00 3.86568E-03 1.42845E-03 2.27608E+02-8.41058E+01 3.86568E-03 1.42845E-03 1.93284E-03



                             - - - CURRENTS AND LOCATION - - -

                                 DISTANCES IN WAVELENGTHS


  SEG.  TAG    COORD. OF SEG. CENTER     SEG.            - - - CURRENT (AMPS) - - -
  NO.   NO.     X        Y        Z      LENGTH     REAL        IMAG.       MAG.        PHASE
     1    1   0.0000  -0.1610   1.4009  0.03221   2.0349E-03 -5.8263E-05  2.0357E-03   -1.640
     2    1   0.0000  -0.1288   1.4009  0.03221   2.6577E-03  2.6732E-04  2.6711E-03    5.743
     3    1   0.0000  -0.0966   1.4009  0.03221   3.1711E-03  5.8751E-04  3.2251E-03   10.496
     4    1   0.0000  -0.0644   1.4009  0.03221   3.5522E-03  8.9903E-04  3.6642E-03   14.203
     5    1   0.0000  -0.0322   1.4009  0.03221   3.7866E-03  1.2006E-03  3.9723E-03   17.592
     6    1   0.0000   0.0000   1.4009  0.03221   3.8657E-03  1.4284E-03  4.1212E-03   20.280
     7    1   0.0000   0.0322   1.4009  0.03221   3.7866E-03  1.2006E-03  3.9723E-03   17.592
     8    1   0.0000   0.0644   1.4009  0.03221   3.5522E-03  8.9903E-04  3.6642E-03   14.203
     9    1   0.0000   0.0966   1.4009  0.03221   3.1711E-03  5.8751E-04  3.2251E-03   10.496
    10    1   0.0000   0.1288   1.4009  0.03221   2.6577E-03  2.6732E-04  2.6711E-03    5.743
    11    1   0.0000   0.1610   1.4009  0.03221   2.0349E-03 -5.8263E-05  2.0357E-03   -1.640
    12   11   0.0000  -0.1842   1.4009  0.01401  -1.5113E-03  2.8411E-04  1.5378E-03  169.353
    13   12   0.0000   0.1842   1.4009  0.01401   1.5113E-03 -2.8411E-04  1.5378E-03  -10.647
    14    2   0.0000  -0.1970   1.4009  0.01172  -1.0169E-03  3.2675E-04  1.0681E-03  162.187
    15    2   0.0000  -0.2087   1.4009  0.01172  -5.2505E-04  3.5840E-04  6.3571E-04  145.682
    16    3   0.0000   0.1970   1.4009  0.01172   1.0169E-03 -3.2675E-04  1.0681E-03  -17.813
    17    3   0.0000   0.2087   1.4009  0.01172   5.2505E-04 -3.5840E-04  6.3571E-04  -34.318
    18   21   0.0000  -0.2216   1.4009  0.01401  -3.3443E-05  3.8692E-04  3.8836E-04   94.940
    19   31   0.0000   0.2216   1.4009  0.01401   3.3443E-05 -3.8692E-04  3.8836E-04  -85.060
    20    4   0.0000  -0.2378   1.4009  0.01845  -3.0416E-05  3.3974E-04  3.4110E-04   95.116
    21    4   0.0000  -0.2563   1.4009  0.01845  -6.3228E-05  2.7394E-04  2.8115E-04  102.997
    22    5   0.0000   0.2378   1.4009  0.01845   3.0416E-05 -3.3974E-04  3.4110E-04  -84.884
    23    5   0.0000   0.2563   1.4009  0.01845   6.3228E-05 -2.7394E-04  2.8115E-04  -77.003
    24   41   0.0000  -0.2725   1.4009  0.01401  -6.5975E-05  2.1685E-04  2.2666E-04  106.922
    25   51   0.0000   0.2725   1.4009  0.01401   6.5975E-05 -2.1685E-04  2.2666E-04  -73.078
    26    6   0.0000  -0.2885   1.4009  0.01801  -7.4183E-05  2.0135E-04  2.1459E-04  110.225
    27    6   0.0000  -0.3065   1.4009  0.01801  -7.4691E-05  1.8182E-04  1.9657E-04  112.332
    28    7   0.0000   0.2885   1.4009  0.01801   7.4183E-05 -2.0135E-04  2.1459E-04  -69.775
    29    7   0.0000   0.3065   1.4009  0.01801   7.4691E-05 -1.8182E-04  1.9657E-04  -67.668
    30   61   0.0000  -0.3225   1.4009  0.01401  -6.8705E-05  1.6003E-04  1.7416E-04  113.235
    31   71   0.0000   0.3225   1.4009  0.01401   6.8705E-05 -1.6003E-04  1.7416E-04  -66.765
    32    8   0.0000  -0.3436   1.4009  0.02813  -6.5954E-05  1.5076E-04  1.6455E-04  113.629
    33    8   0.0000  -0.3717   1.4009  0.02813  -5.3013E-05  1.2732E-04  1.3791E-04  112.606
    34    9   0.0000   0.3436   1.4009  0.02813   6.5954E-05 -1.5076E-04  1.6455E-04  -66.371
    35    9   0.0000   0.3717   1.4009  0.02813   5.3013E-05 -1.2732E-04  1.3791E-04  -67.394
    36   81   0.0000  -0.3928   1.4009  0.01401  -3.8418E-05  1.0291E-04  1.0985E-04  110.472
    37   91   0.0000   0.3928   1.4009  0.01401   3.8418E-05 -1.0291E-04  1.0985E-04  -69.528
    38   10   0.0000  -0.4140   1.4009  0.02826  -3.7485E-05  1.1573E-04  1.2165E-04  107.948
    39   10   0.0000  -0.4422   1.4009  0.02826  -3.3410E-05  1.2545E-04  1.2982E-04  104.914
    40   10   0.0000  -0.4705   1.4009  0.02826  -2.6103E-05  1.2358E-04  1.2630E-04  101.928
    41   10   0.0000  -0.4987   1.4009  0.02826  -1.7229E-05  1.1146E-04  1.1279E-04   98.787
    42   11   0.0000   0.4140   1.4009  0.02826   3.7485E-05 -1.1573E-04  1.2165E-04  -72.052
    43   11   0.0000   0.4422   1.4009  0.02826   3.3410E-05 -1.2545E-04  1.2982E-04  -75.086
    44   11   0.0000   0.4705   1.4009  0.02826   2.6103E-05 -1.2358E-04  1.2630E-04  -78.072
    45   11   0.0000   0.4987   1.4009  0.02826   1.7229E-05 -1.1146E-04  1.1279E-04  -81.213
    46  101   0.0000  -0.5199   1.4009  0.01401  -1.0366E-05  9.7372E-05  9.7922E-05   96.076
    47  111   0.0000   0.5199   1.4009  0.01401   1.0366E-05 -9.7372E-05  9.7922E-05  -83.924
    48   12   0.0000  -0.5410   1.4009  0.02822  -5.7756E-06  9.7990E-05  9.8160E-05   93.373
    49   12   0.0000  -0.5692   1.4009  0.02822  -5.4273E-07  9.3418E-05  9.3419E-05   90.333
    50   12   0.0000  -0.5974   1.4009  0.02822   3.3252E-06  8.1832E-05  8.1900E-05   87.673
    51   12   0.0000  -0.6256   1.4009  0.02822   5.3445E-06  6.4561E-05  6.4782E-05   85.268
    52   12   0.0000  -0.6538   1.4009  0.02822   5.1891E-06  4.2504E-05  4.2819E-05   83.039
    53   12   0.0000  -0.6821   1.4009  0.02822   2.5219E-06  1.5847E-05  1.6047E-05   80.958
    54   13   0.0000   0.5410   1.4009  0.02822   5.7756E-06 -9.7990E-05  9.8160E-05  -86.627
    55   13   0.0000   0.5692   1.4009  0.02822   5.4273E-07 -9.3418E-05  9.3419E-05  -89.667
    56   13   0.0000   0.5974   1.4009  0.02822  -3.3252E-06 -8.1832E-05  8.1900E-05  -92.327
    57   13   0.0000   0.6256   1.4009  0.02822  -5.3445E-06 -6.4561E-05  6.4782E-05  -94.732
    58   13   0.0000   0.6538   1.4009  0.02822  -5.1891E-06 -4.2504E-05  4.2819E-05  -96.961
    59   13   0.0000   0.6821   1.4009  0.02822  -2.5219E-06 -1.5847E-05  1.6047E-05  -99.042



                                        - - - POWER BUDGET - - -

                                           INPUT POWER   = 1.9328E-03 WATTS
                                           RADIATED POWER= 5.7625E-04 WATTS
                                           STRUCTURE LOSS= 1.3566E-03 WATTS
                                           NETWORK LOSS  = 0.0000E+00 WATTS
                                           EFFICIENCY    =  29.81 PERCENT



                                                - - - RADIATION PATTERNS - - -

  - - ANGLES - -           - POWER GAINS -       - - - POLARIZATION - - -    - - - E(THETA) - - -    - - - E(PHI) - - -
  THETA     PHI        VERT.   HOR.    TOTAL      AXIAL     TILT   SENSE     MAGNITUDE    PHASE      MAGNITUDE    PHASE 
 DEGREES  DEGREES       DB      DB      DB        RATIO     DEG.              VOLTS/M    DEGREES      VOLTS/M    DEGREES
  -90.00     0.00    -999.99 -999.99 -999.99    0.00000     0.00            0.00000E+00     0.00    2.06125E-11  -178.01
  -85.00     0.00    -999.99   -0.80   -0.80    0.00000    90.00  LINEAR    0.00000E+00     0.00    3.10607E-01     2.12
  -80.00     0.00    -999.99    2.13    2.13    0.00000    90.00  LINEAR    0.00000E+00     0.00    4.35058E-01     3.21
  -75.00     0.00    -999.99   -0.52   -0.52    0.00000    90.00  LINEAR    0.00000E+00     0.00    3.20819E-01     6.64
  -70.00     0.00    -999.99  -14.85  -14.85    0.00000    90.00  LINEAR    0.00000E+00     0.00    6.16104E-02    42.04
  -65.00     0.00    -999.99   -3.27   -3.27    0.00000   -90.00  LINEAR    0.00000E+00     0.00    2.33601E-01   172.98
  -60.00     0.00    -999.99    1.07    1.07    0.00000   -90.00  LINEAR    0.00000E+00     0.00    3.85108E-01  -179.90
  -55.00     0.00    -999.99    0.71    0.71    0.00000   -90.00  LINEAR    0.00000E+00     0.00    3.69325E-01  -174.37
  -50.00     0.00    -999.99   -3.61   -3.61    0.00000   -90.00  LINEAR    0.00000E+00     0.00    2.24755E-01  -163.47
  -45.00     0.00    -999.99  -13.25  -13.25    0.00000   -90.00  LINEAR    0.00000E+00     0.00    7.40145E-02   -95.81
  -40.00     0.00    -999.99   -4.95   -4.95    0.00000    90.00  LINEAR    0.00000E+00     0.00    1.92445E-01   -19.23
  -35.00     0.00    -999.99   -0.79   -0.79    0.00000    90.00  LINEAR    0.00000E+00     0.00    3.10834E-01    -7.10
  -30.00     0.00    -999.99    0.57    0.57    0.00000    90.00  LINEAR    0.00000E+00     0.00    3.63702E-01    -1.10
  -25.00     0.00    -999.99    0.54    0.54    0.00000    90.00  LINEAR    0.00000E+00     0.00    3.62278E-01     3.69
  -20.00     0.00    -999.99   -0.30   -0.30    0.00000    90.00  LINEAR    0.00000E+00     0.00    3.29023E-01     8.40
  -15.00     0.00    -999.99   -1.53   -1.53    0.00000    90.00  LINEAR    0.00000E+00     0.00    2.85312E-01    13.31
  -10.00     0.00    -999.99   -2.81   -2.81    0.00000    90.00  LINEAR    0.00000E+00     0.00    2.46431E-01    18.14
   -5.00     0.00    -999.99   -3.76   -3.76    0.00000    90.00  LINEAR    0.00000E+00     0.00    2.20909E-01    21.94
    0.00     0.00    -999.99   -4.11   -4.11    0.00000    90.00  LINEAR    0.00000E+00     0.00    2.12159E-01    23.42
    5.00     0.00    -999.99   -3.76   -3.76    0.00000    90.00  LINEAR    0.00000E+00     0.00    2.20909E-01    21.94
   10.00     0.00    -999.99   -2.81   -2.81    0.00000    90.00  LINEAR    0.00000E+00     0.00    2.46431E-01    18.14
   15.00     0.00    -999.99   -1.53   -1.53    0.00000    90.00  LINEAR    0.00000E+00     0.00    2.85312E-01    13.31
   20.00     0.00    -999.99   -0.30   -0.30    0.00000    90.00  LINEAR    0.00000E+00     0.00    3.29023E-01     8.40
   25.00     0.00    -999.99    0.54    0.54    0.00000    90.00  LINEAR    0.00000E+00     0.00    3.62278E-01     3.69
   30.00     0.00    -999.99    0.57    0.57    0.00000    90.00  LINEAR    0.00000E+00     0.00    3.63702E-01    -1.10
   35.00     0.00    -999.99   -0.79   -0.79    0.00000    90.00  LINEAR    0.00000E+00     0.00    3.10834E-01    -7.10
   40.00     0.00    -999.99   -4.95   -4.95    0.00000    90.00  LINEAR    0.00000E+00     0.00    1.92445E-01   -19.23
   45.00     0.00    -999.99  -13.25  -13.25    0.00000   -90.00  LINEAR    0.00000E+00     0.00    7.40145E-02   -95.81
   50.00     0.00    -999.99   -3.61   -3.61    0.00000   -90.00  LINEAR    0.00000E+00     0.00    2.24755E-01  -163.47
   55.00     0.00    -999.99    0.71    0.71    0.00000   -90.00  LINEAR    0.00000E+00     0.00    3.69325E-01  -174.37
   60.00     0.00    -999.99    1.07    1.07    0.00000   -90.00  LINEAR    0.00000E+00     0.00    3.85108E-01  -179.90
   65.00     0.00    -999.99   -3.27   -3.27    0.00000   -90.00  LINEAR    0.00000E+00     0.00    2.33601E-01   172.98
   70.00     0.00    -999.99  -14.85  -14.85    0.00000    90.00  LINEAR    0.00000E+00     0.00    6.16104E-02    42.04
   75.00     0.00    -999.99   -0.52   -0.52    0.00000    90.00  LINEAR    0.00000E+00     0.00    3.20819E-01     6.64
   80.00     0.00    -999.99    2.13    2.13    0.00000    90.00  LINEAR    0.00000E+00     0.00    4.35058E-01     3.21
   85.00     0.00    -999.99   -0.80   -0.80    0.00000    90.00  LINEAR    0.00000E+00     0.00    3.10607E-01     2.12
   90.00     0.00    -999.99 -999.99 -999.99    0.00000     0.00            0.00000E+00     0.00    2.06125E-11  -178.01




                                 - - - - - - FREQUENCY - - - - - -

                                    FREQUENCY= 2.2000E+01 MHZ
                                    WAVELENGTH= 1.3627E+01 METERS




                    APPROXIMATE INTEGRATION EMPLOYED FOR SEGMENTS MORE THAN   1.000 WAVELENGTHS APART



                               - - - STRUCTURE IMPEDANCE LOADING - - -


       LOCATION          RESISTANCE   INDUCTANCE  CAPACITANCE       IMPEDANCE (OHMS)     CONDUCTIVITY    TYPE
    ITAG FROM THRU          OHMS        HENRYS       FARADS        REAL      IMAGINARY    MHOS/METER

      11    1    1      2.5757E+03   2.1462E-06   1.5000E-11                                          PARALLEL

      12    1    1      2.5757E+03   2.1462E-06   1.5000E-11                                          PARALLEL

      21    1    1      6.5976E+03   5.4976E-06   1.0400E-11                                          PARALLEL

      31    1    1      6.5976E+03   5.4976E-06   1.0400E-11                                          PARALLEL

      41    1    1      9.5357E+03   7.9458E-06   1.6150E-11                                          PARALLEL

      51    1    1      9.5357E+03   7.9458E-06   1.6150E-11                                          PARALLEL

      61    1    1      1.4872E+04   1.2392E-05   2.0000E-11                                          PARALLEL

      71    1    1      1.4872E+04   1.2392E-05   2.0000E-11                                          PARALLEL

      81    1    1      8.8382E+04   7.3646E-05   7.0000E-12                                          PARALLEL

      91    1    1      8.8382E+04   7.3646E-05   7.0000E-12                                          PARALLEL

     101    1    1      1.7754E+05   1.4794E-04   1.3900E-11                                          PARALLEL

     111    1    1      1.7754E+05   1.4794E-04   1.3900E-11                                          PARALLEL



                                  - - - ANTENNA ENVIRONMENT - - -

                                        FINITE GROUND.  SOMMERFELD SOLUTION
                                        RELATIVE DIELECTRIC CONST.= 13.000
                                        CONDUCTIVITY= 5.000E-03 MHOS/METER
                                        COMPLEX DIELECTRIC CONSTANT= 1.30000E+01-4.08546E+00



                                - - - MATRIX TIMING - - -

                        FILL=    0.016 SEC.,  FACTOR=    0.000 SEC.



                                          - - - ANTENNA INPUT PARAMETERS - - -

   TAG   SEG.    VOLTAGE (VOLTS)         CURRENT (AMPS)         IMPEDANCE (OHMS)        ADMITTANCE (MHOS)      POWER
   NO.   NO.    REAL        IMAG.       REAL        IMAG.       REAL        IMAG.       REAL        IMAG.     (WATTS)
     1     6 1.00000E+00 0.00000E+00 2.67930E-03-3.89472E-04 3.65508E+02 5.31314E+01 2.67930E-03-3.89472E-04 1.33965E-03



                             - - - CURRENTS AND LOCATION - - -

                                 DISTANCES IN WAVELENGTHS


  SEG.  TAG    COORD. OF SEG. CENTER     SEG.            - - - CURRENT (AMPS) - - -
  NO.   NO.     X        Y        Z      LENGTH     REAL        IMAG.       MAG.        PHASE
     1    1   0.0000  -0.1687   1.4676  0.03374   1.3704E-03 -1.0826E-03  1.7464E-03  -38.310
     2    1   0.0000  -0.1350   1.4676  0.03374   1.8141E-03 -1.0358E-03  2.0890E-03  -29.726
     3    1   0.0000  -0.1012   1.4676  0.03374   2.1809E-03 -9.4347E-04  2.3762E-03  -23.394
     4    1   0.0000  -0.0675   1.4676  0.03374   2.4540E-03 -7.9697E-04  2.5802E-03  -17.992
     5    1   0.0000  -0.0337   1.4676  0.03374   2.6224E-03 -5.9118E-04  2.6882E-03  -12.704
     6    1   0.0000   0.0000   1.4676  0.03374   2.6793E-03 -3.8947E-04  2.7075E-03   -8.271
     7    1   0.0000   0.0337   1.4676  0.03374   2.6224E-03 -5.9118E-04  2.6882E-03  -12.704
     8    1   0.0000   0.0675   1.4676  0.03374   2.4540E-03 -7.9697E-04  2.5802E-03  -17.992
     9    1   0.0000   0.1012   1.4676  0.03374   2.1809E-03 -9.4347E-04  2.3762E-03  -23.394
    10    1   0.0000   0.1350   1.4676  0.03374   1.8141E-03 -1.0358E-03  2.0890E-03  -29.726
    11    1   0.0000   0.1687   1.4676  0.03374   1.3704E-03 -1.0826E-03  1.7464E-03  -38.310
    12   11   0.0000  -0.1929   1.4676  0.01468  -1.0014E-03  1.0686E-03  1.4645E-03  133.141
    13   12   0.0000   0.1929   1.4676  0.01468   1.0014E-03 -1.0686E-03  1.4645E-03  -46.859
    14    2   0.0000  -0.2064   1.4676  0.01228  -6.7675E-04  8.4040E-04  1.0790E-03  128.843
    15    2   0.0000  -0.2187   1.4676  0.01228  -3.5549E-04  6.0083E-04  6.9812E-04  120.611
    16    3   0.0000   0.2064   1.4676  0.01228   6.7675E-04 -8.4040E-04  1.0790E-03  -51.157
    17    3   0.0000   0.2187   1.4676  0.01228   3.5549E-04 -6.0083E-04  6.9812E-04  -59.389
    18   21   0.0000  -0.2322   1.4676  0.01468  -3.3798E-05  3.6014E-04  3.6172E-04   95.361
    19   31   0.0000   0.2322   1.4676  0.01468   3.3798E-05 -3.6014E-04  3.6172E-04  -84.639
    20    4   0.0000  -0.2492   1.4676  0.01933  -2.4304E-05  3.1564E-04  3.1657E-04   94.403
    21    4   0.0000  -0.2685   1.4676  0.01933  -3.8020E-05  2.7542E-04  2.7804E-04   97.860
    22    5   0.0000   0.2492   1.4676  0.01933   2.4304E-05 -3.1564E-04  3.1657E-04  -85.597
    23    5   0.0000   0.2685   1.4676  0.01933   3.8020E-05 -2.7542E-04  2.7804E-04  -82.140
    24   41   0.0000  -0.2855   1.4676  0.01468  -3.4490E-05  2.2752E-04  2.3012E-04   98.620
    25   51   0.0000   0.2855   1.4676  0.01468   3.4490E-05 -2.2752E-04  2.3012E-04  -81.380
    26    6   0.0000  -0.3023   1.4676  0.01886  -3.4584E-05  2.1551E-04  2.1827E-04   99.117
    27    6   0.0000  -0.3211   1.4676  0.01886  -3.0599E-05  1.9612E-04  1.9850E-04   98.868
    28    7   0.0000   0.3023   1.4676  0.01886   3.4584E-05 -2.1551E-04  2.1827E-04  -80.883
    29    7   0.0000   0.3211   1.4676  0.01886   3.0599E-05 -1.9612E-04  1.9850E-04  -81.132
    30   61   0.0000  -0.3379   1.4676  0.01468  -2.4217E-05  1.7237E-04  1.7406E-04   97.998
    31   71   0.0000   0.3379   1.4676  0.01468   2.4217E-05 -1.7237E-04  1.7406E-04  -82.002
    32    8   0.0000  -0.3600   1.4676  0.02947  -1.8089E-05  1.6016E-04  1.6118E-04   96.444
    33    8   0.0000  -0.3894   1.4676  0.02947  -7.8151E-06  1.3106E-04  1.3129E-04   93.413
    34    9   0.0000   0.3600   1.4676  0.02947   1.8089E-05 -1.6016E-04  1.6118E-04  -83.556
    35    9   0.0000   0.3894   1.4676  0.02947   7.8151E-06 -1.3106E-04  1.3129E-04  -86.587
    36   81   0.0000  -0.4115   1.4676  0.01468   5.4481E-07  1.0181E-04  1.0181E-04   89.693
    37   91   0.0000   0.4115   1.4676  0.01468  -5.4481E-07 -1.0181E-04  1.0181E-04  -90.307
    38   10   0.0000  -0.4337   1.4676  0.02961   8.3392E-06  1.0918E-04  1.0949E-04   85.632
    39   10   0.0000  -0.4633   1.4676  0.02961   1.7391E-05  1.1243E-04  1.1376E-04   81.207
    40   10   0.0000  -0.4929   1.4676  0.02961   2.4065E-05  1.0569E-04  1.0839E-04   77.173
    41   10   0.0000  -0.5225   1.4676  0.02961   2.7577E-05  9.0899E-05  9.4990E-05   73.123
    42   11   0.0000   0.4337   1.4676  0.02961  -8.3392E-06 -1.0918E-04  1.0949E-04  -94.368
    43   11   0.0000   0.4633   1.4676  0.02961  -1.7391E-05 -1.1243E-04  1.1376E-04  -98.793
    44   11   0.0000   0.4929   1.4676  0.02961  -2.4065E-05 -1.0569E-04  1.0839E-04 -102.827
    45   11   0.0000   0.5225   1.4676  0.02961  -2.7577E-05 -9.0899E-05  9.4990E-05 -106.877
    46  101   0.0000  -0.5446   1.4676  0.01468   2.8186E-05  7.6232E-05  8.1276E-05   69.709
    47  111   0.0000   0.5446   1.4676  0.01468  -2.8186E-05 -7.6232E-05  8.1276E-05 -110.291
    48   12   0.0000  -0.5667   1.4676  0.02956   3.2268E-05  7.3577E-05  8.0342E-05   66.319
    49   12   0.0000  -0.5963   1.4676  0.02956   3.4742E-05  6.6851E-05  7.5340E-05   62.539
    50   12   0.0000  -0.6259   1.4676  0.02956   3.3331E-05  5.6067E-05  6.5226E-05   59.270
    51   12   0.0000  -0.6554   1.4676  0.02956   2.8269E-05  4.2455E-05  5.1005E-05   56.342
    52   12   0.0000  -0.6850   1.4676  0.02956   1.9762E-05  2.6855E-05  3.3343E-05   53.651
    53   12   0.0000  -0.7145   1.4676  0.02956   7.7524E-06  9.6254E-06  1.2359E-05   51.152
    54   13   0.0000   0.5667   1.4676  0.02956  -3.2268E-05 -7.3577E-05  8.0342E-05 -113.681
    55   13   0.0000   0.5963   1.4676  0.02956  -3.4742E-05 -6.6851E-05  7.5340E-05 -117.461
    56   13   0.0000   0.6259   1.4676  0.02956  -3.3331E-05 -5.6067E-05  6.5226E-05 -120.730
    57   13   0.0000   0.6554   1.4676  0.02956  -2.8269E-05 -4.2455E-05  5.1005E-05 -123.658
    58   13   0.0000   0.6850   1.4676  0.02956  -1.9762E-05 -2.6855E-05  3.3343E-05 -126.349
    59   13   0.0000   0.7145   1.4676  0.02956  -7.7524E-06 -9.6254E-06  1.2359E-05 -128.848



                                        - - - POWER BUDGET - - -

                                           INPUT POWER   = 1.3397E-03 WATTS
                                           RADIATED POWER= 3.5684E-04 WATTS
                                           STRUCTURE LOSS= 9.8281E-04 WATTS
                                           NETWORK LOSS  = 0.0000E+00 WATTS
                                           EFFICIENCY    =  26.64 PERCENT



                                                - - - RADIATION PATTERNS - - -

  - - ANGLES - -           - POWER GAINS -       - - - POLARIZATION - - -    - - - E(THETA) - - -    - - - E(PHI) - - -
  THETA     PHI        VERT.   HOR.    TOTAL      AXIAL     TILT   SENSE     MAGNITUDE    PHASE      MAGNITUDE    PHASE 
 DEGREES  DEGREES       DB      DB      DB        RATIO     DEG.              VOLTS/M    DEGREES      VOLTS/M    DEGREES
  -90.00     0.00    -999.99 -999.99 -999.99    0.00000     0.00            0.00000E+00     0.00    1.75122E-11   147.41
  -85.00     0.00    -999.99   -0.71   -0.71    0.00000    90.00  LINEAR    0.00000E+00     0.00    2.61242E-01   -32.43
  -80.00     0.00    -999.99    1.90    1.90    0.00000    90.00  LINEAR    0.00000E+00     0.00    3.52876E-01   -31.23
  -75.00     0.00    -999.99   -1.65   -1.65    0.00000    90.00  LINEAR    0.00000E+00     0.00    2.34384E-01   -27.10
  -70.00     0.00    -999.99  -18.61  -18.61    0.00000    90.00  LINEAR    0.00000E+00     0.00    3.32720E-02    74.74
  -65.00     0.00    -999.99   -1.68   -1.68    0.00000   -90.00  LINEAR    0.00000E+00     0.00    2.33576E-01   141.24
  -60.00     0.00    -999.99    1.17    1.17    0.00000   -90.00  LINEAR    0.00000E+00     0.00    3.24442E-01   147.20
  -55.00     0.00    -999.99   -0.58   -0.58    0.00000   -90.00  LINEAR    0.00000E+00     0.00    2.65033E-01   153.80
  -50.00     0.00    -999.99   -7.93   -7.93    0.00000   -90.00  LINEAR    0.00000E+00     0.00    1.13786E-01   174.83
  -45.00     0.00    -999.99   -8.99   -8.99    0.00000    90.00  LINEAR    0.00000E+00     0.00    1.00647E-01   -67.59
  -40.00     0.00    -999.99   -1.92   -1.92    0.00000    90.00  LINEAR    0.00000E+00     0.00    2.27294E-01   -43.92
  -35.00     0.00    -999.99    0.29    0.29    0.00000    90.00  LINEAR    0.00000E+00     0.00    2.93059E-01   -36.40
  -30.00     0.00    -999.99    0.38    0.38    0.00000    90.00  LINEAR    0.00000E+00     0.00    2.95924E-01   -30.79
  -25.00     0.00    -999.99   -0.84   -0.84    0.00000    90.00  LINEAR    0.00000E+00     0.00    2.57391E-01   -24.80
  -20.00     0.00    -999.99   -2.93   -2.93    0.00000    90.00  LINEAR    0.00000E+00     0.00    2.02328E-01   -17.15
  -15.00     0.00    -999.99   -5.50   -5.50    0.00000    90.00  LINEAR    0.00000E+00     0.00    1.50464E-01    -6.60
  -10.00     0.00    -999.99   -7.94   -7.94    0.00000    90.00  LINEAR    0.00000E+00     0.00    1.13671E-01     7.07
   -5.00     0.00    -999.99   -9.50   -9.50    0.00000    90.00  LINEAR    0.00000E+00     0.00    9.49641E-02    20.14
    0.00     0.00    -999.99   -9.97   -9.97    0.00000    90.00  LINEAR    0.00000E+00     0.00    8.98904E-02    25.62
    5.00     0.00    -999.99   -9.50   -9.50    0.00000    90.00  LINEAR    0.00000E+00     0.00    9.49641E-02    20.14
   10.00     0.00    -999.99   -7.94   -7.94    0.00000    90.00  LINEAR    0.00000E+00     0.00    1.13671E-01     7.07
   15.00     0.00    -999.99   -5.50   -5.50    0.00000    90.00  LINEAR    0.00000E+00     0.00    1.50464E-01    -6.60
   20.00     0.00    -999.99   -2.93   -2.93    0.00000    90.00  LINEAR    0.00000E+00     0.00    2.02328E-01   -17.15
   25.00     0.00    -999.99   -0.84   -0.84    0.00000    90.00  LINEAR    0.00000E+00     0.00    2.57391E-01   -24.80
   30.00     0.00    -999.99    0.38    0.38    0.00000    90.00  LINEAR    0.00000E+00     0.00    2.95924E-01   -30.79
   35.00     0.00    -999.99    0.29    0.29    0.00000    90.00  LINEAR    0.00000E+00     0.00    2.93059E-01   -36.40
   40.00     0.00    -999.99   -1.92   -1.92    0.00000    90.00  LINEAR    0.00000E+00     0.00    2.27294E-01   -43.92
   45.00     0.00    -999.99   -8.99   -8.99    0.00000    90.00  LINEAR    0.00000E+00     0.00    1.00647E-01   -67.59
   50.00     0.00    -999.99   -7.93   -7.93    0.00000   -90.00  LINEAR    0.00000E+00     0.00    1.13786E-01   174.83
   55.00     0.00    -999.99   -0.58   -0.58    0.00000   -90.00  LINEAR    0.00000E+00     0.00    2.65033E-01   153.80
   60.00     0.00    -999.99    1.17    1.17    0.00000   -90.00  LINEAR    0.00000E+00     0.00    3.24442E-01   147.20
   65.00     0.00    -999.99   -1.68   -1.68    0.00000   -90.00  LINEAR    0.00000E+00     0.00    2.33576E-01   141.24
   70.00     0.00    -999.99  -18.61  -18.61    0.00000    90.00  LINEAR    0.00000E+00     0.00    3.32720E-02    74.74
   75.00     0.00    -999.99   -1.65   -1.65    0.00000    90.00  LINEAR    0.00000E+00     0.00    2.34384E-01   -27.10
   80.00     0.00    -999.99    1.90    1.90    0.00000    90.00  LINEAR    0.00000E+00     0.00    3.52876E-01   -31.23
   85.00     0.00    -999.99   -0.71   -0.71    0.00000    90.00  LINEAR    0.00000E+00     0.00    2.61242E-01   -32.43
   90.00     0.00    -999.99 -999.99 -999.99    0.00000     0.00            0.00000E+00     0.00    1.75122E-11   147.41




                                 - - - - - - FREQUENCY - - - - - -

                                    FREQUENCY= 2.3000E+01 MHZ
                                    WAVELENGTH= 1.3035E+01 METERS




                    APPROXIMATE INTEGRATION EMPLOYED FOR SEGMENTS MORE THAN   1.000 WAVELENGTHS APART



                               - - - STRUCTURE IMPEDANCE LOADING - - -


       LOCATION          RESISTANCE   INDUCTANCE  CAPACITANCE       IMPEDANCE (OHMS)     CONDUCTIVITY    TYPE
    ITAG FROM THRU          OHMS        HENRYS       FARADS        REAL      IMAGINARY    MHOS/METER

      11    1    1      2.5757E+03   2.1462E-06   1.5000E-11                                          PARALLEL

      12    1    1      2.5757E+03   2.1462E-06   1.5000E-11                                          PARALLEL

      21    1    1      6.5976E+03   5.4976E-06   1.0400E-11                                          PARALLEL

      31    1    1      6.5976E+03   5.4976E-06   1.0400E-11                                          PARALLEL

      41    1    1      9.5357E+03   7.9458E-06   1.6150E-11                                          PARALLEL

      51    1    1      9.5357E+03   7.9458E-06   1.6150E-11                                          PARALLEL

      61    1    1      1.4872E+04   1.2392E-05   2.0000E-11                                          PARALLEL

      71    1    1      1.4872E+04   1.2392E-05   2.0000E-11                                          PARALLEL

      81    1    1      8.8382E+04   7.3646E-05   7.0000E-12                                          PARALLEL

      91    1    1      8.8382E+04   7.3646E-05   7.0000E-12                                          PARALLEL

     101    1    1      1.7754E+05   1.4794E-04   1.3900E-11                                          PARALLEL

     111    1    1      1.7754E+05   1.4794E-04   1.3900E-11                                          PARALLEL



                                  - - - ANTENNA ENVIRONMENT - - -

                                        FINITE GROUND.  SOMMERFELD SOLUTION
                                        RELATIVE DIELECTRIC CONST.= 13.000
                                        CONDUCTIVITY= 5.000E-03 MHOS/METER
                                        COMPLEX DIELECTRIC CONSTANT= 1.30000E+01-3.90783E+00



                                - - - MATRIX TIMING - - -

                        FILL=    0.016 SEC.,  FACTOR=    0.000 SEC.



                                          - - - ANTENNA INPUT PARAMETERS - - -

   TAG   SEG.    VOLTAGE (VOLTS)         CURRENT (AMPS)         IMPEDANCE (OHMS)        ADMITTANCE (MHOS)      POWER
   NO.   NO.    REAL        IMAG.       REAL        IMAG.       REAL        IMAG.       REAL        IMAG.     (WATTS)
     1     6 1.00000E+00 0.00000E+00 1.59579E-03-9.30247E-05 6.24528E+02 3.64061E+01 1.59579E-03-9.30247E-05 7.97894E-04



                             - - - CURRENTS AND LOCATION - - -

                                 DISTANCES IN WAVELENGTHS


  SEG.  TAG    COORD. OF SEG. CENTER     SEG.            - - - CURRENT (AMPS) - - -
  NO.   NO.     X        Y        Z      LENGTH     REAL        IMAG.       MAG.        PHASE
     1    1   0.0000  -0.1764   1.5344  0.03528   7.5816E-04 -1.0064E-03  1.2600E-03  -53.007
     2    1   0.0000  -0.1411   1.5344  0.03528   1.0420E-03 -8.9458E-04  1.3733E-03  -40.648
     3    1   0.0000  -0.1058   1.5344  0.03528   1.2763E-03 -7.4585E-04  1.4782E-03  -30.301
     4    1   0.0000  -0.0706   1.5344  0.03528   1.4512E-03 -5.5294E-04  1.5530E-03  -20.858
     5    1   0.0000  -0.0353   1.5344  0.03528   1.5592E-03 -3.1262E-04  1.5903E-03  -11.337
     6    1   0.0000   0.0000   1.5344  0.03528   1.5958E-03 -9.3025E-05  1.5985E-03   -3.336
     7    1   0.0000   0.0353   1.5344  0.03528   1.5592E-03 -3.1262E-04  1.5903E-03  -11.337
     8    1   0.0000   0.0706   1.5344  0.03528   1.4512E-03 -5.5294E-04  1.5530E-03  -20.858
     9    1   0.0000   0.1058   1.5344  0.03528   1.2763E-03 -7.4585E-04  1.4782E-03  -30.301
    10    1   0.0000   0.1411   1.5344  0.03528   1.0420E-03 -8.9458E-04  1.3733E-03  -40.648
    11    1   0.0000   0.1764   1.5344  0.03528   7.5816E-04 -1.0064E-03  1.2600E-03  -53.007
    12   11   0.0000  -0.2017   1.5344  0.01534  -5.2632E-04  1.0409E-03  1.1664E-03  116.824
    13   12   0.0000   0.2017   1.5344  0.01534   5.2632E-04 -1.0409E-03  1.1664E-03  -63.176
    14    2   0.0000  -0.2158   1.5344  0.01284  -3.6119E-04  8.1763E-04  8.9386E-04  113.833
    15    2   0.0000  -0.2286   1.5344  0.01284  -1.9974E-04  5.8125E-04  6.1462E-04  108.965
    16    3   0.0000   0.2158   1.5344  0.01284   3.6119E-04 -8.1763E-04  8.9386E-04  -66.167
    17    3   0.0000   0.2286   1.5344  0.01284   1.9974E-04 -5.8125E-04  6.1462E-04  -71.035
    18   21   0.0000  -0.2427   1.5344  0.01534  -3.6765E-05  3.4492E-04  3.4687E-04   96.084
    19   31   0.0000   0.2427   1.5344  0.01534   3.6765E-05 -3.4492E-04  3.4687E-04  -83.916
    20    4   0.0000  -0.2605   1.5344  0.02021  -2.8119E-05  2.9997E-04  3.0129E-04   95.355
    21    4   0.0000  -0.2807   1.5344  0.02021  -2.9952E-05  2.6050E-04  2.6221E-04   96.559
    22    5   0.0000   0.2605   1.5344  0.02021   2.8119E-05 -2.9997E-04  3.0129E-04  -84.645
    23    5   0.0000   0.2807   1.5344  0.02021   2.9952E-05 -2.6050E-04  2.6221E-04  -83.441
    24   41   0.0000  -0.2985   1.5344  0.01534  -2.3728E-05  2.1444E-04  2.1575E-04   96.314
    25   51   0.0000   0.2985   1.5344  0.01534   2.3728E-05 -2.1444E-04  2.1575E-04  -83.686
    26    6   0.0000  -0.3160   1.5344  0.01972  -2.1466E-05  2.0077E-04  2.0191E-04   96.103
    27    6   0.0000  -0.3357   1.5344  0.01972  -1.7119E-05  1.8045E-04  1.8126E-04   95.419
    28    7   0.0000   0.3160   1.5344  0.01972   2.1465E-05 -2.0077E-04  2.0191E-04  -83.897
    29    7   0.0000   0.3357   1.5344  0.01972   1.7119E-05 -1.8045E-04  1.8126E-04  -84.581
    30   61   0.0000  -0.3533   1.5344  0.01534  -1.1942E-05  1.5688E-04  1.5734E-04   94.353
    31   71   0.0000   0.3533   1.5344  0.01534   1.1942E-05 -1.5688E-04  1.5734E-04  -85.647
    32    8   0.0000  -0.3763   1.5344  0.03081  -6.7881E-06  1.4337E-04  1.4353E-04   92.711
    33    8   0.0000  -0.4072   1.5344  0.03081   3.6307E-07  1.1487E-04  1.1487E-04   89.819
    34    9   0.0000   0.3763   1.5344  0.03081   6.7881E-06 -1.4337E-04  1.4353E-04  -87.289
    35    9   0.0000   0.4072   1.5344  0.03081  -3.6307E-07 -1.1487E-04  1.1487E-04  -90.181
    36   81   0.0000  -0.4302   1.5344  0.01534   5.5028E-06  8.7553E-05  8.7725E-05   86.404
    37   91   0.0000   0.4302   1.5344  0.01534  -5.5028E-06 -8.7553E-05  8.7725E-05  -93.596
    38   10   0.0000  -0.4534   1.5344  0.03095   1.1785E-05  9.1841E-05  9.2594E-05   82.688
    39   10   0.0000  -0.4843   1.5344  0.03095   1.8596E-05  9.2603E-05  9.4451E-05   78.645
    40   10   0.0000  -0.5153   1.5344  0.03095   2.2964E-05  8.5597E-05  8.8624E-05   74.982
    41   10   0.0000  -0.5462   1.5344  0.03095   2.4505E-05  7.2491E-05  7.6521E-05   71.323
    42   11   0.0000   0.4534   1.5344  0.03095  -1.1785E-05 -9.1841E-05  9.2594E-05  -97.312
    43   11   0.0000   0.4843   1.5344  0.03095  -1.8596E-05 -9.2603E-05  9.4451E-05 -101.355
    44   11   0.0000   0.5153   1.5344  0.03095  -2.2964E-05 -8.5597E-05  8.8624E-05 -105.018
    45   11   0.0000   0.5462   1.5344  0.03095  -2.4505E-05 -7.2491E-05  7.6521E-05 -108.677
    46  101   0.0000  -0.5694   1.5344  0.01534   2.3971E-05  6.0053E-05  6.4660E-05   68.240
    47  111   0.0000   0.5694   1.5344  0.01534  -2.3971E-05 -6.0053E-05  6.4660E-05 -111.760
    48   12   0.0000  -0.5925   1.5344  0.03090   2.6494E-05  5.7250E-05  6.3083E-05   65.166
    49   12   0.0000  -0.6234   1.5344  0.03090   2.7599E-05  5.1315E-05  5.8266E-05   61.727
    50   12   0.0000  -0.6543   1.5344  0.03090   2.5807E-05  4.2537E-05  4.9753E-05   58.755
    51   12   0.0000  -0.6852   1.5344  0.03090   2.1413E-05  3.1869E-05  3.8395E-05   56.102
    52   12   0.0000  -0.7161   1.5344  0.03090   1.4673E-05  1.9958E-05  2.4772E-05   53.676
    53   12   0.0000  -0.7470   1.5344  0.03090   5.6482E-06  7.0845E-06  9.0605E-06   51.436
    54   13   0.0000   0.5925   1.5344  0.03090  -2.6494E-05 -5.7250E-05  6.3083E-05 -114.834
    55   13   0.0000   0.6234   1.5344  0.03090  -2.7599E-05 -5.1315E-05  5.8266E-05 -118.273
    56   13   0.0000   0.6543   1.5344  0.03090  -2.5807E-05 -4.2537E-05  4.9753E-05 -121.245
    57   13   0.0000   0.6852   1.5344  0.03090  -2.1413E-05 -3.1869E-05  3.8395E-05 -123.898
    58   13   0.0000   0.7161   1.5344  0.03090  -1.4673E-05 -1.9958E-05  2.4772E-05 -126.324
    59   13   0.0000   0.7470   1.5344  0.03090  -5.6482E-06 -7.0845E-06  9.0605E-06 -128.564



                                        - - - POWER BUDGET - - -

                                           INPUT POWER   = 7.9789E-04 WATTS
                                           RADIATED POWER= 1.5758E-04 WATTS
                                           STRUCTURE LOSS= 6.4031E-04 WATTS
                                           NETWORK LOSS  = 0.0000E+00 WATTS
                                           EFFICIENCY    =  19.75 PERCENT



                                                - - - RADIATION PATTERNS - - -

  - - ANGLES - -           - POWER GAINS -       - - - POLARIZATION - - -    - - - E(THETA) - - -    - - - E(PHI) - - -
  THETA     PHI        VERT.   HOR.    TOTAL      AXIAL     TILT   SENSE     MAGNITUDE    PHASE      MAGNITUDE    PHASE 
 DEGREES  DEGREES       DB      DB      DB        RATIO     DEG.              VOLTS/M    DEGREES      VOLTS/M    DEGREES
  -90.00     0.00    -999.99 -999.99 -999.99    0.00000     0.00            0.00000E+00     0.00    1.24491E-11   137.94
  -85.00     0.00    -999.99   -1.51   -1.51    0.00000    90.00  LINEAR    0.00000E+00     0.00    1.83759E-01   -41.87
  -80.00     0.00    -999.99    0.76    0.76    0.00000    90.00  LINEAR    0.00000E+00     0.00    2.38718E-01   -40.55
  -75.00     0.00    -999.99   -3.87   -3.87    0.00000    90.00  LINEAR    0.00000E+00     0.00    1.40008E-01   -35.51
  -70.00     0.00    -999.99  -13.82  -13.82    0.00000   -90.00  LINEAR    0.00000E+00     0.00    4.45804E-02   109.95
  -65.00     0.00    -999.99   -1.49   -1.49    0.00000   -90.00  LINEAR    0.00000E+00     0.00    1.84191E-01   133.76
  -60.00     0.00    -999.99    0.03    0.03    0.00000   -90.00  LINEAR    0.00000E+00     0.00    2.19472E-01   139.36
  -55.00     0.00    -999.99   -3.45   -3.45    0.00000   -90.00  LINEAR    0.00000E+00     0.00    1.47055E-01   148.16
  -50.00     0.00    -999.99  -14.84  -14.84    0.00000   -90.00  LINEAR    0.00000E+00     0.00    3.96327E-02  -150.39
  -45.00     0.00    -999.99   -5.36   -5.36    0.00000    90.00  LINEAR    0.00000E+00     0.00    1.18019E-01   -59.12
  -40.00     0.00    -999.99   -1.23   -1.23    0.00000    90.00  LINEAR    0.00000E+00     0.00    1.89769E-01   -47.85
  -35.00     0.00    -999.99   -0.55   -0.55    0.00000    90.00  LINEAR    0.00000E+00     0.00    2.05402E-01   -41.44
  -30.00     0.00    -999.99   -1.82   -1.82    0.00000    90.00  LINEAR    0.00000E+00     0.00    1.77441E-01   -34.69
  -25.00     0.00    -999.99   -4.63   -4.63    0.00000    90.00  LINEAR    0.00000E+00     0.00    1.28409E-01   -24.76
  -20.00     0.00    -999.99   -8.70   -8.70    0.00000    90.00  LINEAR    0.00000E+00     0.00    8.02898E-02    -5.86
  -15.00     0.00    -999.99  -12.20  -12.20    0.00000    90.00  LINEAR    0.00000E+00     0.00    5.36821E-02    31.81
  -10.00     0.00    -999.99  -11.71  -11.71    0.00000    90.00  LINEAR    0.00000E+00     0.00    5.67916E-02    70.11
   -5.00     0.00    -999.99  -10.18  -10.18    0.00000    90.00  LINEAR    0.00000E+00     0.00    6.77322E-02    87.29
    0.00     0.00    -999.99   -9.62   -9.62    0.00000   -90.00  LINEAR    0.00000E+00     0.00    7.22634E-02    91.74
    5.00     0.00    -999.99  -10.18  -10.18    0.00000    90.00  LINEAR    0.00000E+00     0.00    6.77322E-02    87.29
   10.00     0.00    -999.99  -11.71  -11.71    0.00000    90.00  LINEAR    0.00000E+00     0.00    5.67916E-02    70.11
   15.00     0.00    -999.99  -12.20  -12.20    0.00000    90.00  LINEAR    0.00000E+00     0.00    5.36821E-02    31.81
   20.00     0.00    -999.99   -8.70   -8.70    0.00000    90.00  LINEAR    0.00000E+00     0.00    8.02898E-02    -5.86
   25.00     0.00    -999.99   -4.63   -4.63    0.00000    90.00  LINEAR    0.00000E+00     0.00    1.28409E-01   -24.76
   30.00     0.00    -999.99   -1.82   -1.82    0.00000    90.00  LINEAR    0.00000E+00     0.00    1.77441E-01   -34.69
   35.00     0.00    -999.99   -0.55   -0.55    0.00000    90.00  LINEAR    0.00000E+00     0.00    2.05402E-01   -41.44
   40.00     0.00    -999.99   -1.23   -1.23    0.00000    90.00  LINEAR    0.00000E+00     0.00    1.89769E-01   -47.85
   45.00     0.00    -999.99   -5.36   -5.36    0.00000    90.00  LINEAR    0.00000E+00     0.00    1.18019E-01   -59.12
   50.00     0.00    -999.99  -14.84  -14.84    0.00000   -90.00  LINEAR    0.00000E+00     0.00    3.96327E-02  -150.39
   55.00     0.00    -999.99   -3.45   -3.45    0.00000   -90.00  LINEAR    0.00000E+00     0.00    1.47055E-01   148.16
   60.00     0.00    -999.99    0.03    0.03    0.00000   -90.00  LINEAR    0.00000E+00     0.00    2.19472E-01   139.36
   65.00     0.00    -999.99   -1.49   -1.49    0.00000   -90.00  LINEAR    0.00000E+00     0.00    1.84191E-01   133.76
   70.00     0.00    -999.99  -13.82  -13.82    0.00000   -90.00  LINEAR    0.00000E+00     0.00    4.45804E-02   109.95
   75.00     0.00    -999.99   -3.87   -3.87    0.00000    90.00  LINEAR    0.00000E+00     0.00    1.40008E-01   -35.51
   80.00     0.00    -999.99    0.76    0.76    0.00000    90.00  LINEAR    0.00000E+00     0.00    2.38718E-01   -40.55
   85.00     0.00    -999.99   -1.51   -1.51    0.00000    90.00  LINEAR    0.00000E+00     0.00    1.83759E-01   -41.87
   90.00     0.00    -999.99 -999.99 -999.99    0.00000     0.00            0.00000E+00     0.00    1.24491E-11   137.94




                                 - - - - - - FREQUENCY - - - - - -

                                    FREQUENCY= 2.4000E+01 MHZ
                                    WAVELENGTH= 1.2492E+01 METERS




                    APPROXIMATE INTEGRATION EMPLOYED FOR SEGMENTS MORE THAN   1.000 WAVELENGTHS APART



                               - - - STRUCTURE IMPEDANCE LOADING - - -


       LOCATION          RESISTANCE   INDUCTANCE  CAPACITANCE       IMPEDANCE (OHMS)     CONDUCTIVITY    TYPE
    ITAG FROM THRU          OHMS        HENRYS       FARADS        REAL      IMAGINARY    MHOS/METER

      11    1    1      2.5757E+03   2.1462E-06   1.5000E-11                                          PARALLEL

      12    1    1      2.5757E+03   2.1462E-06   1.5000E-11                                          PARALLEL

      21    1    1      6.5976E+03   5.4976E-06   1.0400E-11                                          PARALLEL

      31    1    1      6.5976E+03   5.4976E-06   1.0400E-11                                          PARALLEL

      41    1    1      9.5357E+03   7.9458E-06   1.6150E-11                                          PARALLEL

      51    1    1      9.5357E+03   7.9458E-06   1.6150E-11                                          PARALLEL

      61    1    1      1.4872E+04   1.2392E-05   2.0000E-11                                          PARALLEL

      71    1    1      1.4872E+04   1.2392E-05   2.0000E-11                                          PARALLEL

      81    1    1      8.8382E+04   7.3646E-05   7.0000E-12                                          PARALLEL

      91    1    1      8.8382E+04   7.3646E-05   7.0000E-12                                          PARALLEL

     101    1    1      1.7754E+05   1.4794E-04   1.3900E-11                                          PARALLEL

     111    1    1      1.7754E+05   1.4794E-04   1.3900E-11                                          PARALLEL



                                  - - - ANTENNA ENVIRONMENT - - -

                                        FINITE GROUND.  SOMMERFELD SOLUTION
                                        RELATIVE DIELECTRIC CONST.= 13.000
                                        CONDUCTIVITY= 5.000E-03 MHOS/METER
                                        COMPLEX DIELECTRIC CONSTANT= 1.30000E+01-3.74500E+00



                                - - - MATRIX TIMING - - -

                        FILL=    0.016 SEC.,  FACTOR=    0.000 SEC.



                                          - - - ANTENNA INPUT PARAMETERS - - -

   TAG   SEG.    VOLTAGE (VOLTS)         CURRENT (AMPS)         IMPEDANCE (OHMS)        ADMITTANCE (MHOS)      POWER
   NO.   NO.    REAL        IMAG.       REAL        IMAG.       REAL        IMAG.       REAL        IMAG.     (WATTS)
     1     6 1.00000E+00 0.00000E+00 1.30041E-03 5.28920E-04 6.59831E+02-2.68375E+02 1.30041E-03 5.28920E-04 6.50205E-04



                             - - - CURRENTS AND LOCATION - - -

                                 DISTANCES IN WAVELENGTHS


  SEG.  TAG    COORD. OF SEG. CENTER     SEG.            - - - CURRENT (AMPS) - - -
  NO.   NO.     X        Y        Z      LENGTH     REAL        IMAG.       MAG.        PHASE
     1    1   0.0000  -0.1841   1.6011  0.03681   5.3766E-04 -7.9002E-04  9.5562E-04  -55.762
     2    1   0.0000  -0.1472   1.6011  0.03681   7.9637E-04 -5.5187E-04  9.6890E-04  -34.721
     3    1   0.0000  -0.1104   1.6011  0.03681   1.0093E-03 -2.9498E-04  1.0515E-03  -16.292
     4    1   0.0000  -0.0736   1.6011  0.03681   1.1685E-03 -1.6372E-05  1.1686E-03   -0.803
     5    1   0.0000  -0.0368   1.6011  0.03681   1.2670E-03  2.8306E-04  1.2983E-03   12.593
     6    1   0.0000   0.0000   1.6011  0.03681   1.3004E-03  5.2892E-04  1.4039E-03   22.133
     7    1   0.0000   0.0368   1.6011  0.03681   1.2670E-03  2.8306E-04  1.2983E-03   12.593
     8    1   0.0000   0.0736   1.6011  0.03681   1.1685E-03 -1.6372E-05  1.1686E-03   -0.803
     9    1   0.0000   0.1104   1.6011  0.03681   1.0093E-03 -2.9498E-04  1.0515E-03  -16.292
    10    1   0.0000   0.1472   1.6011  0.03681   7.9637E-04 -5.5187E-04  9.6890E-04  -34.721
    11    1   0.0000   0.1841   1.6011  0.03681   5.3766E-04 -7.9002E-04  9.5562E-04  -55.762
    12   11   0.0000  -0.2105   1.6011  0.01601  -3.3100E-04  9.2193E-04  9.7954E-04  109.750
    13   12   0.0000   0.2105   1.6011  0.01601   3.3100E-04 -9.2193E-04  9.7954E-04  -70.250
    14    2   0.0000  -0.2252   1.6011  0.01340  -2.3192E-04  7.3670E-04  7.7234E-04  107.475
    15    2   0.0000  -0.2386   1.6011  0.01340  -1.3775E-04  5.3538E-04  5.5282E-04  104.429
    16    3   0.0000   0.2252   1.6011  0.01340   2.3192E-04 -7.3670E-04  7.7234E-04  -72.525
    17    3   0.0000   0.2386   1.6011  0.01340   1.3775E-04 -5.3538E-04  5.5282E-04  -75.571
    18   21   0.0000  -0.2533   1.6011  0.01601  -4.0771E-05  3.3531E-04  3.3778E-04   96.933
    19   31   0.0000   0.2533   1.6011  0.01601   4.0771E-05 -3.3531E-04  3.3778E-04  -83.067
    20    4   0.0000  -0.2718   1.6011  0.02108  -3.4772E-05  2.9139E-04  2.9346E-04   96.805
    21    4   0.0000  -0.2929   1.6011  0.02108  -3.3349E-05  2.5123E-04  2.5343E-04   97.561
    22    5   0.0000   0.2718   1.6011  0.02108   3.4772E-05 -2.9139E-04  2.9346E-04  -83.195
    23    5   0.0000   0.2929   1.6011  0.02108   3.3349E-05 -2.5123E-04  2.5343E-04  -82.439
    24   41   0.0000  -0.3114   1.6011  0.01601  -2.6610E-05  2.0683E-04  2.0854E-04   97.331
    25   51   0.0000   0.3114   1.6011  0.01601   2.6610E-05 -2.0683E-04  2.0854E-04  -82.669
    26    6   0.0000  -0.3297   1.6011  0.02058  -2.4381E-05  1.9286E-04  1.9439E-04   97.205
    27    6   0.0000  -0.3503   1.6011  0.02058  -2.0335E-05  1.7298E-04  1.7417E-04   96.705
    28    7   0.0000   0.3297   1.6011  0.02058   2.4381E-05 -1.9286E-04  1.9439E-04  -82.795
    29    7   0.0000   0.3503   1.6011  0.02058   2.0335E-05 -1.7298E-04  1.7417E-04  -83.295
    30   61   0.0000  -0.3686   1.6011  0.01601  -1.5492E-05  1.5047E-04  1.5126E-04   95.878
    31   71   0.0000   0.3686   1.6011  0.01601   1.5492E-05 -1.5047E-04  1.5126E-04  -84.122
    32    8   0.0000  -0.3927   1.6011  0.03215  -1.1073E-05  1.3758E-04  1.3802E-04   94.602
    33    8   0.0000  -0.4249   1.6011  0.03215  -4.4198E-06  1.1076E-04  1.1085E-04   92.285
    34    9   0.0000   0.3927   1.6011  0.03215   1.1073E-05 -1.3758E-04  1.3802E-04  -85.398
    35    9   0.0000   0.4249   1.6011  0.03215   4.4198E-06 -1.1076E-04  1.1085E-04  -87.715
    36   81   0.0000  -0.4489   1.6011  0.01601   7.1921E-07  8.5156E-05  8.5159E-05   89.516
    37   91   0.0000   0.4489   1.6011  0.01601  -7.1921E-07 -8.5156E-05  8.5159E-05  -90.484
    38   10   0.0000  -0.4731   1.6011  0.03230   5.4534E-06  9.0116E-05  9.0281E-05   86.537
    39   10   0.0000  -0.5054   1.6011  0.03230   1.0804E-05  9.1919E-05  9.2551E-05   83.296
    40   10   0.0000  -0.5377   1.6011  0.03230   1.4600E-05  8.6013E-05  8.7243E-05   80.366
    41   10   0.0000  -0.5700   1.6011  0.03230   1.6434E-05  7.3852E-05  7.5659E-05   77.454
    42   11   0.0000   0.4731   1.6011  0.03230  -5.4534E-06 -9.0116E-05  9.0281E-05  -93.463
    43   11   0.0000   0.5054   1.6011  0.03230  -1.0804E-05 -9.1919E-05  9.2551E-05  -96.704
    44   11   0.0000   0.5377   1.6011  0.03230  -1.4600E-05 -8.6013E-05  8.7243E-05  -99.634
    45   11   0.0000   0.5700   1.6011  0.03230  -1.6434E-05 -7.3852E-05  7.5659E-05 -102.546
    46  101   0.0000  -0.5941   1.6011  0.01601   1.6583E-05  6.1965E-05  6.4145E-05   75.018
    47  111   0.0000   0.5941   1.6011  0.01601  -1.6583E-05 -6.1965E-05  6.4145E-05 -104.982
    48   12   0.0000  -0.6183   1.6011  0.03225   1.8751E-05  5.9876E-05  6.2744E-05   72.612
    49   12   0.0000  -0.6505   1.6011  0.03225   1.9918E-05  5.4560E-05  5.8082E-05   69.945
    50   12   0.0000  -0.6828   1.6011  0.03225   1.8871E-05  4.5933E-05  4.9659E-05   67.666
    51   12   0.0000  -0.7150   1.6011  0.03225   1.5802E-05  3.4930E-05  3.8338E-05   65.659
    52   12   0.0000  -0.7473   1.6011  0.03225   1.0897E-05  2.2195E-05  2.4726E-05   63.851
    53   12   0.0000  -0.7795   1.6011  0.03225   4.2119E-06  7.9914E-06  9.0334E-06   62.208
    54   13   0.0000   0.6183   1.6011  0.03225  -1.8751E-05 -5.9876E-05  6.2744E-05 -107.388
    55   13   0.0000   0.6505   1.6011  0.03225  -1.9918E-05 -5.4560E-05  5.8082E-05 -110.055
    56   13   0.0000   0.6828   1.6011  0.03225  -1.8871E-05 -4.5933E-05  4.9659E-05 -112.334
    57   13   0.0000   0.7150   1.6011  0.03225  -1.5802E-05 -3.4930E-05  3.8338E-05 -114.341
    58   13   0.0000   0.7473   1.6011  0.03225  -1.0897E-05 -2.2195E-05  2.4726E-05 -116.149
    59   13   0.0000   0.7795   1.6011  0.03225  -4.2119E-06 -7.9914E-06  9.0334E-06 -117.792



                                        - - - POWER BUDGET - - -

                                           INPUT POWER   = 6.5021E-04 WATTS
                                           RADIATED POWER= 9.0292E-05 WATTS
                                           STRUCTURE LOSS= 5.5991E-04 WATTS
                                           NETWORK LOSS  = 0.0000E+00 WATTS
                                           EFFICIENCY    =  13.89 PERCENT



                                                - - - RADIATION PATTERNS - - -

  - - ANGLES - -           - POWER GAINS -       - - - POLARIZATION - - -    - - - E(THETA) - - -    - - - E(PHI) - - -
  THETA     PHI        VERT.   HOR.    TOTAL      AXIAL     TILT   SENSE     MAGNITUDE    PHASE      MAGNITUDE    PHASE 
 DEGREES  DEGREES       DB      DB      DB        RATIO     DEG.              VOLTS/M    DEGREES      VOLTS/M    DEGREES
  -90.00     0.00    -999.99 -999.99 -999.99    0.00000     0.00            0.00000E+00     0.00    9.60279E-12   146.29
  -85.00     0.00    -999.99   -2.98   -2.98    0.00000    90.00  LINEAR    0.00000E+00     0.00    1.40181E-01   -33.49
  -80.00     0.00    -999.99   -1.07   -1.07    0.00000    90.00  LINEAR    0.00000E+00     0.00    1.74626E-01   -32.04
  -75.00     0.00    -999.99   -7.02   -7.02    0.00000    90.00  LINEAR    0.00000E+00     0.00    8.80126E-02   -25.71
  -70.00     0.00    -999.99  -11.16  -11.16    0.00000   -90.00  LINEAR    0.00000E+00     0.00    5.46472E-02   130.72
  -65.00     0.00    -999.99   -2.34   -2.34    0.00000   -90.00  LINEAR    0.00000E+00     0.00    1.50815E-01   143.67
  -60.00     0.00    -999.99   -2.13   -2.13    0.00000   -90.00  LINEAR    0.00000E+00     0.00    1.54490E-01   149.45
  -55.00     0.00    -999.99   -7.98   -7.98    0.00000   -90.00  LINEAR    0.00000E+00     0.00    7.87936E-02   163.02
  -50.00     0.00    -999.99  -13.27  -13.27    0.00000    90.00  LINEAR    0.00000E+00     0.00    4.28338E-02   -73.29
  -45.00     0.00    -999.99   -4.34   -4.34    0.00000    90.00  LINEAR    0.00000E+00     0.00    1.19819E-01   -43.28
  -40.00     0.00    -999.99   -2.21   -2.21    0.00000    90.00  LINEAR    0.00000E+00     0.00    1.53016E-01   -35.35
  -35.00     0.00    -999.99   -3.01   -3.01    0.00000    90.00  LINEAR    0.00000E+00     0.00    1.39690E-01   -28.39
  -30.00     0.00    -999.99   -6.05   -6.05    0.00000    90.00  LINEAR    0.00000E+00     0.00    9.83997E-02   -17.89
  -25.00     0.00    -999.99  -11.37  -11.37    0.00000    90.00  LINEAR    0.00000E+00     0.00    5.32974E-02     7.25
  -20.00     0.00    -999.99  -14.12  -14.12    0.00000    90.00  LINEAR    0.00000E+00     0.00    3.88770E-02    70.47
  -15.00     0.00    -999.99  -10.30  -10.30    0.00000   -90.00  LINEAR    0.00000E+00     0.00    6.03211E-02   108.54
  -10.00     0.00    -999.99   -7.75   -7.75    0.00000   -90.00  LINEAR    0.00000E+00     0.00    8.08621E-02   120.85
   -5.00     0.00    -999.99   -6.54   -6.54    0.00000   -90.00  LINEAR    0.00000E+00     0.00    9.29501E-02   125.65
    0.00     0.00    -999.99   -6.19   -6.19    0.00000   -90.00  LINEAR    0.00000E+00     0.00    9.68302E-02   127.00
    5.00     0.00    -999.99   -6.54   -6.54    0.00000   -90.00  LINEAR    0.00000E+00     0.00    9.29501E-02   125.65
   10.00     0.00    -999.99   -7.75   -7.75    0.00000   -90.00  LINEAR    0.00000E+00     0.00    8.08621E-02   120.85
   15.00     0.00    -999.99  -10.30  -10.30    0.00000   -90.00  LINEAR    0.00000E+00     0.00    6.03211E-02   108.54
   20.00     0.00    -999.99  -14.12  -14.12    0.00000    90.00  LINEAR    0.00000E+00     0.00    3.88770E-02    70.47
   25.00     0.00    -999.99  -11.37  -11.37    0.00000    90.00  LINEAR    0.00000E+00     0.00    5.32974E-02     7.25
   30.00     0.00    -999.99   -6.05   -6.05    0.00000    90.00  LINEAR    0.00000E+00     0.00    9.83997E-02   -17.89
   35.00     0.00    -999.99   -3.01   -3.01    0.00000    90.00  LINEAR    0.00000E+00     0.00    1.39690E-01   -28.39
   40.00     0.00    -999.99   -2.21   -2.21    0.00000    90.00  LINEAR    0.00000E+00     0.00    1.53016E-01   -35.35
   45.00     0.00    -999.99   -4.34   -4.34    0.00000    90.00  LINEAR    0.00000E+00     0.00    1.19819E-01   -43.28
   50.00     0.00    -999.99  -13.27  -13.27    0.00000    90.00  LINEAR    0.00000E+00     0.00    4.28338E-02   -73.29
   55.00     0.00    -999.99   -7.98   -7.98    0.00000   -90.00  LINEAR    0.00000E+00     0.00    7.87936E-02   163.02
   60.00     0.00    -999.99   -2.13   -2.13    0.00000   -90.00  LINEAR    0.00000E+00     0.00    1.54490E-01   149.45
   65.00     0.00    -999.99   -2.34   -2.34    0.00000   -90.00  LINEAR    0.00000E+00     0.00    1.50815E-01   143.67
   70.00     0.00    -999.99  -11.16  -11.16    0.00000   -90.00  LINEAR    0.00000E+00     0.00    5.46472E-02   130.72
   75.00     0.00    -999.99   -7.02   -7.02    0.00000    90.00  LINEAR    0.00000E+00     0.00    8.80126E-02   -25.71
   80.00     0.00    -999.99   -1.07   -1.07    0.00000    90.00  LINEAR    0.00000E+00     0.00    1.74626E-01   -32.04
   85.00     0.00    -999.99   -2.98   -2.98    0.00000    90.00  LINEAR    0.00000E+00     0.00    1.40181E-01   -33.49
   90.00     0.00    -999.99 -999.99 -999.99    0.00000     0.00            0.00000E+00     0.00    9.60279E-12   146.29




                                 - - - - - - FREQUENCY - - - - - -

                                    FREQUENCY= 2.5000E+01 MHZ
                                    WAVELENGTH= 1.1992E+01 METERS




                    APPROXIMATE INTEGRATION EMPLOYED FOR SEGMENTS MORE THAN   1.000 WAVELENGTHS APART



                               - - - STRUCTURE IMPEDANCE LOADING - - -


       LOCATION          RESISTANCE   INDUCTANCE  CAPACITANCE       IMPEDANCE (OHMS)     CONDUCTIVITY    TYPE
    ITAG FROM THRU          OHMS        HENRYS       FARADS        REAL      IMAGINARY    MHOS/METER

      11    1    1      2.5757E+03   2.1462E-06   1.5000E-11                                          PARALLEL

      12    1    1      2.5757E+03   2.1462E-06   1.5000E-11                                          PARALLEL

      21    1    1      6.5976E+03   5.4976E-06   1.0400E-11                                          PARALLEL

      31    1    1      6.5976E+03   5.4976E-06   1.0400E-11                                          PARALLEL

      41    1    1      9.5357E+03   7.9458E-06   1.6150E-11                                          PARALLEL

      51    1    1      9.5357E+03   7.9458E-06   1.6150E-11                                          PARALLEL

      61    1    1      1.4872E+04   1.2392E-05   2.0000E-11                                          PARALLEL

      71    1    1      1.4872E+04   1.2392E-05   2.0000E-11                                          PARALLEL

      81    1    1      8.8382E+04   7.3646E-05   7.0000E-12                                          PARALLEL

      91    1    1      8.8382E+04   7.3646E-05   7.0000E-12                                          PARALLEL

     101    1    1      1.7754E+05   1.4794E-04   1.3900E-11                                          PARALLEL

     111    1    1      1.7754E+05   1.4794E-04   1.3900E-11                                          PARALLEL



                                  - - - ANTENNA ENVIRONMENT - - -

                                        FINITE GROUND.  SOMMERFELD SOLUTION
                                        RELATIVE DIELECTRIC CONST.= 13.000
                                        CONDUCTIVITY= 5.000E-03 MHOS/METER
                                        COMPLEX DIELECTRIC CONSTANT= 1.30000E+01-3.59520E+00



                                - - - MATRIX TIMING - - -

                        FILL=    0.016 SEC.,  FACTOR=    0.000 SEC.



                                          - - - ANTENNA INPUT PARAMETERS - - -

   TAG   SEG.    VOLTAGE (VOLTS)         CURRENT (AMPS)         IMPEDANCE (OHMS)        ADMITTANCE (MHOS)      POWER
   NO.   NO.    REAL        IMAG.       REAL        IMAG.       REAL        IMAG.       REAL        IMAG.     (WATTS)
     1     6 1.00000E+00 0.00000E+00 1.46584E-03 1.17351E-03 4.15746E+02-3.32833E+02 1.46584E-03 1.17351E-03 7.32921E-04



                             - - - CURRENTS AND LOCATION - - -

                                 DISTANCES IN WAVELENGTHS


  SEG.  TAG    COORD. OF SEG. CENTER     SEG.            - - - CURRENT (AMPS) - - -
  NO.   NO.     X        Y        Z      LENGTH     REAL        IMAG.       MAG.        PHASE
     1    1   0.0000  -0.1917   1.6678  0.03834   4.9809E-04 -5.9906E-04  7.7907E-04  -50.258
     2    1   0.0000  -0.1534   1.6678  0.03834   8.2624E-04 -2.1984E-04  8.5498E-04  -14.900
     3    1   0.0000  -0.1150   1.6678  0.03834   1.0958E-03  1.5840E-04  1.1072E-03    8.225
     4    1   0.0000  -0.0767   1.6678  0.03834   1.2979E-03  5.3339E-04  1.4033E-03   22.341
     5    1   0.0000  -0.0383   1.6678  0.03834   1.4233E-03  8.9893E-04  1.6834E-03   32.275
     6    1   0.0000   0.0000   1.6678  0.03834   1.4658E-03  1.1735E-03  1.8777E-03   38.680
     7    1   0.0000   0.0383   1.6678  0.03834   1.4233E-03  8.9893E-04  1.6834E-03   32.275
     8    1   0.0000   0.0767   1.6678  0.03834   1.2979E-03  5.3339E-04  1.4033E-03   22.341
     9    1   0.0000   0.1150   1.6678  0.03834   1.0958E-03  1.5840E-04  1.1072E-03    8.225
    10    1   0.0000   0.1534   1.6678  0.03834   8.2624E-04 -2.1984E-04  8.5498E-04  -14.900
    11    1   0.0000   0.1917   1.6678  0.03834   4.9809E-04 -5.9906E-04  7.7907E-04  -50.258
    12   11   0.0000  -0.2192   1.6678  0.01668  -2.4145E-04  8.3760E-04  8.7170E-04  106.080
    13   12   0.0000   0.2192   1.6678  0.01668   2.4145E-04 -8.3760E-04  8.7170E-04  -73.920
    14    2   0.0000  -0.2345   1.6678  0.01395  -1.7305E-04  6.8149E-04  7.0312E-04  104.248
    15    2   0.0000  -0.2485   1.6678  0.01395  -1.1251E-04  5.0532E-04  5.1769E-04  102.552
    16    3   0.0000   0.2345   1.6678  0.01395   1.7305E-04 -6.8149E-04  7.0312E-04  -75.752
    17    3   0.0000   0.2485   1.6678  0.01395   1.1251E-04 -5.0532E-04  5.1769E-04  -77.448
    18   21   0.0000  -0.2638   1.6678  0.01668  -4.7100E-05  3.3182E-04  3.3515E-04   98.079
    19   31   0.0000   0.2638   1.6678  0.01668   4.7100E-05 -3.3182E-04  3.3515E-04  -81.921
    20    4   0.0000  -0.2831   1.6678  0.02196  -4.4769E-05  2.8950E-04  2.9294E-04   98.791
    21    4   0.0000  -0.3051   1.6678  0.02196  -4.3232E-05  2.4969E-04  2.5341E-04   99.823
    22    5   0.0000   0.2831   1.6678  0.02196   4.4769E-05 -2.8950E-04  2.9294E-04  -81.209
    23    5   0.0000   0.3051   1.6678  0.02196   4.3232E-05 -2.4969E-04  2.5341E-04  -80.177
    24   41   0.0000  -0.3244   1.6678  0.01668  -3.6416E-05  2.0706E-04  2.1023E-04   99.975
    25   51   0.0000   0.3244   1.6678  0.01668   3.6416E-05 -2.0706E-04  2.1023E-04  -80.025
    26    6   0.0000  -0.3435   1.6678  0.02144  -3.4825E-05  1.9394E-04  1.9704E-04  100.180
    27    6   0.0000  -0.3649   1.6678  0.02144  -3.0875E-05  1.7521E-04  1.7791E-04   99.994
    28    7   0.0000   0.3435   1.6678  0.02144   3.4825E-05 -1.9394E-04  1.9704E-04  -79.820
    29    7   0.0000   0.3649   1.6678  0.02144   3.0875E-05 -1.7521E-04  1.7791E-04  -80.006
    30   61   0.0000  -0.3840   1.6678  0.01668  -2.5556E-05  1.5383E-04  1.5593E-04   99.433
    31   71   0.0000   0.3840   1.6678  0.01668   2.5556E-05 -1.5383E-04  1.5593E-04  -80.567
    32    8   0.0000  -0.4091   1.6678  0.03349  -2.1162E-05  1.4240E-04  1.4397E-04   98.453
    33    8   0.0000  -0.4426   1.6678  0.03349  -1.3242E-05  1.1698E-04  1.1773E-04   96.458
    34    9   0.0000   0.4091   1.6678  0.03349   2.1162E-05 -1.4240E-04  1.4397E-04  -81.547
    35    9   0.0000   0.4426   1.6678  0.03349   1.3242E-05 -1.1698E-04  1.1773E-04  -83.542
    36   81   0.0000  -0.4676   1.6678  0.01668  -6.3892E-06  9.1999E-05  9.2220E-05   93.973
    37   91   0.0000   0.4676   1.6678  0.01668   6.3892E-06 -9.1999E-05  9.2220E-05  -86.027
    38   10   0.0000  -0.4928   1.6678  0.03364  -2.2646E-06  9.9584E-05  9.9609E-05   91.303
    39   10   0.0000  -0.5264   1.6678  0.03364   2.9358E-06  1.0402E-04  1.0406E-04   88.383
    40   10   0.0000  -0.5601   1.6678  0.03364   7.4247E-06  9.9378E-05  9.9654E-05   85.727
    41   10   0.0000  -0.5937   1.6678  0.03364   1.0566E-05  8.7047E-05  8.7686E-05   83.079
    42   11   0.0000   0.4928   1.6678  0.03364   2.2646E-06 -9.9584E-05  9.9609E-05  -88.697
    43   11   0.0000   0.5264   1.6678  0.03364  -2.9358E-06 -1.0402E-04  1.0406E-04  -91.617
    44   11   0.0000   0.5601   1.6678  0.03364  -7.4247E-06 -9.9378E-05  9.9654E-05  -94.273
    45   11   0.0000   0.5937   1.6678  0.03364  -1.0566E-05 -8.7047E-05  8.7686E-05  -96.921
    46  101   0.0000  -0.6189   1.6678  0.01668   1.1934E-05  7.4243E-05  7.5196E-05   80.868
    47  111   0.0000   0.6189   1.6678  0.01668  -1.1934E-05 -7.4243E-05  7.5196E-05  -99.132
    48   12   0.0000  -0.6440   1.6678  0.03359   1.4566E-05  7.2897E-05  7.4338E-05   78.700
    49   12   0.0000  -0.6776   1.6678  0.03359   1.6466E-05  6.7606E-05  6.9582E-05   76.311
    50   12   0.0000  -0.7112   1.6678  0.03359   1.6259E-05  5.7767E-05  6.0012E-05   74.280
    51   12   0.0000  -0.7448   1.6678  0.03359   1.4030E-05  4.4493E-05  4.6653E-05   72.498
    52   12   0.0000  -0.7784   1.6678  0.03359   9.8994E-06  2.8586E-05  3.0252E-05   70.899
    53   12   0.0000  -0.8120   1.6678  0.03359   3.8952E-06  1.0392E-05  1.1098E-05   69.452
    54   13   0.0000   0.6440   1.6678  0.03359  -1.4566E-05 -7.2897E-05  7.4338E-05 -101.300
    55   13   0.0000   0.6776   1.6678  0.03359  -1.6466E-05 -6.7606E-05  6.9582E-05 -103.689
    56   13   0.0000   0.7112   1.6678  0.03359  -1.6259E-05 -5.7767E-05  6.0012E-05 -105.720
    57   13   0.0000   0.7448   1.6678  0.03359  -1.4030E-05 -4.4493E-05  4.6653E-05 -107.502
    58   13   0.0000   0.7784   1.6678  0.03359  -9.8994E-06 -2.8586E-05  3.0252E-05 -109.101
    59   13   0.0000   0.8120   1.6678  0.03359  -3.8952E-06 -1.0392E-05  1.1098E-05 -110.548



                                        - - - POWER BUDGET - - -

                                           INPUT POWER   = 7.3292E-04 WATTS
                                           RADIATED POWER= 9.8542E-05 WATTS
                                           STRUCTURE LOSS= 6.3438E-04 WATTS
                                           NETWORK LOSS  = 0.0000E+00 WATTS
                                           EFFICIENCY    =  13.45 PERCENT



                                                - - - RADIATION PATTERNS - - -

  - - ANGLES - -           - POWER GAINS -       - - - POLARIZATION - - -    - - - E(THETA) - - -    - - - E(PHI) - - -
  THETA     PHI        VERT.   HOR.    TOTAL      AXIAL     TILT   SENSE     MAGNITUDE    PHASE      MAGNITUDE    PHASE 
 DEGREES  DEGREES       DB      DB      DB        RATIO     DEG.              VOLTS/M    DEGREES      VOLTS/M    DEGREES
  -90.00     0.00    -999.99 -999.99 -999.99    0.00000     0.00            0.00000E+00     0.00    9.70942E-12   167.86
  -85.00     0.00    -999.99   -3.50   -3.50    0.00000    90.00  LINEAR    0.00000E+00     0.00    1.40103E-01   -11.89
  -80.00     0.00    -999.99   -1.98   -1.98    0.00000    90.00  LINEAR    0.00000E+00     0.00    1.66822E-01   -10.29
  -75.00     0.00    -999.99   -9.59   -9.59    0.00000    90.00  LINEAR    0.00000E+00     0.00    6.94751E-02    -2.01
  -70.00     0.00    -999.99   -9.03   -9.03    0.00000   -90.00  LINEAR    0.00000E+00     0.00    7.41021E-02   157.61
  -65.00     0.00    -999.99   -2.56   -2.56    0.00000   -90.00  LINEAR    0.00000E+00     0.00    1.56165E-01   166.57
  -60.00     0.00    -999.99   -3.75   -3.75    0.00000   -90.00  LINEAR    0.00000E+00     0.00    1.36079E-01   173.05
  -55.00     0.00    -999.99  -13.29  -13.29    0.00000   -90.00  LINEAR    0.00000E+00     0.00    4.53719E-02  -160.08
  -50.00     0.00    -999.99   -8.96   -8.96    0.00000    90.00  LINEAR    0.00000E+00     0.00    7.47289E-02   -30.93
  -45.00     0.00    -999.99   -3.57   -3.57    0.00000    90.00  LINEAR    0.00000E+00     0.00    1.39018E-01   -17.14
  -40.00     0.00    -999.99   -3.11   -3.11    0.00000    90.00  LINEAR    0.00000E+00     0.00    1.46509E-01    -9.89
  -35.00     0.00    -999.99   -5.66   -5.66    0.00000    90.00  LINEAR    0.00000E+00     0.00    1.09257E-01    -0.44
  -30.00     0.00    -999.99  -11.47  -11.47    0.00000    90.00  LINEAR    0.00000E+00     0.00    5.59573E-02    23.24
  -25.00     0.00    -999.99  -14.66  -14.66    0.00000   -90.00  LINEAR    0.00000E+00     0.00    3.87748E-02   101.21
  -20.00     0.00    -999.99   -9.30   -9.30    0.00000   -90.00  LINEAR    0.00000E+00     0.00    7.18676E-02   140.06
  -15.00     0.00    -999.99   -6.42   -6.42    0.00000   -90.00  LINEAR    0.00000E+00     0.00    1.00107E-01   151.11
  -10.00     0.00    -999.99   -5.06   -5.06    0.00000   -90.00  LINEAR    0.00000E+00     0.00    1.17035E-01   156.04
   -5.00     0.00    -999.99   -4.47   -4.47    0.00000   -90.00  LINEAR    0.00000E+00     0.00    1.25321E-01   158.45
    0.00     0.00    -999.99   -4.30   -4.30    0.00000   -90.00  LINEAR    0.00000E+00     0.00    1.27731E-01   159.20
    5.00     0.00    -999.99   -4.47   -4.47    0.00000   -90.00  LINEAR    0.00000E+00     0.00    1.25321E-01   158.45
   10.00     0.00    -999.99   -5.06   -5.06    0.00000   -90.00  LINEAR    0.00000E+00     0.00    1.17035E-01   156.04
   15.00     0.00    -999.99   -6.42   -6.42    0.00000   -90.00  LINEAR    0.00000E+00     0.00    1.00107E-01   151.11
   20.00     0.00    -999.99   -9.30   -9.30    0.00000   -90.00  LINEAR    0.00000E+00     0.00    7.18676E-02   140.06
   25.00     0.00    -999.99  -14.66  -14.66    0.00000   -90.00  LINEAR    0.00000E+00     0.00    3.87748E-02   101.21
   30.00     0.00    -999.99  -11.47  -11.47    0.00000    90.00  LINEAR    0.00000E+00     0.00    5.59573E-02    23.24
   35.00     0.00    -999.99   -5.66   -5.66    0.00000    90.00  LINEAR    0.00000E+00     0.00    1.09257E-01    -0.44
   40.00     0.00    -999.99   -3.11   -3.11    0.00000    90.00  LINEAR    0.00000E+00     0.00    1.46509E-01    -9.89
   45.00     0.00    -999.99   -3.57   -3.57    0.00000    90.00  LINEAR    0.00000E+00     0.00    1.39018E-01   -17.14
   50.00     0.00    -999.99   -8.96   -8.96    0.00000    90.00  LINEAR    0.00000E+00     0.00    7.47289E-02   -30.93
   55.00     0.00    -999.99  -13.29  -13.29    0.00000   -90.00  LINEAR    0.00000E+00     0.00    4.53719E-02  -160.08
   60.00     0.00    -999.99   -3.75   -3.75    0.00000   -90.00  LINEAR    0.00000E+00     0.00    1.36079E-01   173.05
   65.00     0.00    -999.99   -2.56   -2.56    0.00000   -90.00  LINEAR    0.00000E+00     0.00    1.56165E-01   166.57
   70.00     0.00    -999.99   -9.03   -9.03    0.00000   -90.00  LINEAR    0.00000E+00     0.00    7.41021E-02   157.61
   75.00     0.00    -999.99   -9.59   -9.59    0.00000    90.00  LINEAR    0.00000E+00     0.00    6.94751E-02    -2.01
   80.00     0.00    -999.99   -1.98   -1.98    0.00000    90.00  LINEAR    0.00000E+00     0.00    1.66822E-01   -10.29
   85.00     0.00    -999.99   -3.50   -3.50    0.00000    90.00  LINEAR    0.00000E+00     0.00    1.40103E-01   -11.89
   90.00     0.00    -999.99 -999.99 -999.99    0.00000     0.00            0.00000E+00     0.00    9.70942E-12   167.86




                                 - - - - - - FREQUENCY - - - - - -

                                    FREQUENCY= 2.6000E+01 MHZ
                                    WAVELENGTH= 1.1531E+01 METERS




                    APPROXIMATE INTEGRATION EMPLOYED FOR SEGMENTS MORE THAN   1.000 WAVELENGTHS APART



                               - - - STRUCTURE IMPEDANCE LOADING - - -


       LOCATION          RESISTANCE   INDUCTANCE  CAPACITANCE       IMPEDANCE (OHMS)     CONDUCTIVITY    TYPE
    ITAG FROM THRU          OHMS        HENRYS       FARADS        REAL      IMAGINARY    MHOS/METER

      11    1    1      2.5757E+03   2.1462E-06   1.5000E-11                                          PARALLEL

      12    1    1      2.5757E+03   2.1462E-06   1.5000E-11                                          PARALLEL

      21    1    1      6.5976E+03   5.4976E-06   1.0400E-11                                          PARALLEL

      31    1    1      6.5976E+03   5.4976E-06   1.0400E-11                                          PARALLEL

      41    1    1      9.5357E+03   7.9458E-06   1.6150E-11                                          PARALLEL

      51    1    1      9.5357E+03   7.9458E-06   1.6150E-11                                          PARALLEL

      61    1    1      1.4872E+04   1.2392E-05   2.0000E-11                                          PARALLEL

      71    1    1      1.4872E+04   1.2392E-05   2.0000E-11                                          PARALLEL

      81    1    1      8.8382E+04   7.3646E-05   7.0000E-12                                          PARALLEL

      91    1    1      8.8382E+04   7.3646E-05   7.0000E-12                                          PARALLEL

     101    1    1      1.7754E+05   1.4794E-04   1.3900E-11                                          PARALLEL

     111    1    1      1.7754E+05   1.4794E-04   1.3900E-11                                          PARALLEL



                                  - - - ANTENNA ENVIRONMENT - - -

                                        FINITE GROUND.  SOMMERFELD SOLUTION
                                        RELATIVE DIELECTRIC CONST.= 13.000
                                        CONDUCTIVITY= 5.000E-03 MHOS/METER
                                        COMPLEX DIELECTRIC CONSTANT= 1.30000E+01-3.45692E+00



                                - - - MATRIX TIMING - - -

                        FILL=    0.000 SEC.,  FACTOR=    0.000 SEC.



                                          - - - ANTENNA INPUT PARAMETERS - - -

   TAG   SEG.    VOLTAGE (VOLTS)         CURRENT (AMPS)         IMPEDANCE (OHMS)        ADMITTANCE (MHOS)      POWER
   NO.   NO.    REAL        IMAG.       REAL        IMAG.       REAL        IMAG.       REAL        IMAG.     (WATTS)
     1     6 1.00000E+00 0.00000E+00 2.15990E-03 1.75722E-03 2.78590E+02-2.26651E+02 2.15990E-03 1.75722E-03 1.07995E-03



                             - - - CURRENTS AND LOCATION - - -

                                 DISTANCES IN WAVELENGTHS


  SEG.  TAG    COORD. OF SEG. CENTER     SEG.            - - - CURRENT (AMPS) - - -
  NO.   NO.     X        Y        Z      LENGTH     REAL        IMAG.       MAG.        PHASE
     1    1   0.0000  -0.1994   1.7345  0.03988   5.9499E-04 -4.5191E-04  7.4715E-04  -37.217
     2    1   0.0000  -0.1595   1.7345  0.03988   1.1240E-03  6.0471E-05  1.1256E-03    3.080
     3    1   0.0000  -0.1196   1.7345  0.03988   1.5593E-03  5.5516E-04  1.6552E-03   19.597
     4    1   0.0000  -0.0798   1.7345  0.03988   1.8869E-03  1.0238E-03  2.1468E-03   28.484
     5    1   0.0000  -0.0399   1.7345  0.03988   2.0907E-03  1.4543E-03  2.5468E-03   34.822
     6    1   0.0000   0.0000   1.7345  0.03988   2.1599E-03  1.7572E-03  2.7844E-03   39.131
     7    1   0.0000   0.0399   1.7345  0.03988   2.0907E-03  1.4543E-03  2.5468E-03   34.822
     8    1   0.0000   0.0798   1.7345  0.03988   1.8869E-03  1.0238E-03  2.1468E-03   28.484
     9    1   0.0000   0.1196   1.7345  0.03988   1.5593E-03  5.5516E-04  1.6552E-03   19.597
    10    1   0.0000   0.1595   1.7345  0.03988   1.1240E-03  6.0471E-05  1.1256E-03    3.080
    11    1   0.0000   0.1994   1.7345  0.03988   5.9499E-04 -4.5191E-04  7.4715E-04  -37.217
    12   11   0.0000  -0.2280   1.7345  0.01734  -1.8810E-04  7.8875E-04  8.1087E-04  103.413
    13   12   0.0000   0.2280   1.7345  0.01734   1.8810E-04 -7.8875E-04  8.1087E-04  -76.587
    14    2   0.0000  -0.2439   1.7345  0.01451  -1.3698E-04  6.5354E-04  6.6774E-04  101.838
    15    2   0.0000  -0.2584   1.7345  0.01451  -1.0048E-04  4.9384E-04  5.0396E-04  101.500
    16    3   0.0000   0.2439   1.7345  0.01451   1.3698E-04 -6.5354E-04  6.6774E-04  -78.162
    17    3   0.0000   0.2584   1.7345  0.01451   1.0048E-04 -4.9384E-04  5.0396E-04  -78.500
    18   21   0.0000  -0.2744   1.7345  0.01734  -5.5143E-05  3.3797E-04  3.4244E-04   99.267
    19   31   0.0000   0.2744   1.7345  0.01734   5.5143E-05 -3.3797E-04  3.4244E-04  -80.733
    20    4   0.0000  -0.2945   1.7345  0.02284  -5.8430E-05  2.9898E-04  3.0464E-04  101.058
    21    4   0.0000  -0.3173   1.7345  0.02284  -5.8618E-05  2.6131E-04  2.6781E-04  102.643
    22    5   0.0000   0.2945   1.7345  0.02284   5.8430E-05 -2.9898E-04  3.0464E-04  -78.942
    23    5   0.0000   0.3173   1.7345  0.02284   5.8618E-05 -2.6131E-04  2.6781E-04  -77.357
    24   41   0.0000  -0.3374   1.7345  0.01734  -5.1757E-05  2.2071E-04  2.2670E-04  103.197
    25   51   0.0000   0.3374   1.7345  0.01734   5.1757E-05 -2.2071E-04  2.2670E-04  -76.803
    26    6   0.0000  -0.3572   1.7345  0.02229  -5.0937E-05  2.1012E-04  2.1621E-04  103.627
    27    6   0.0000  -0.3795   1.7345  0.02229  -4.6543E-05  1.9341E-04  1.9893E-04  103.531
    28    7   0.0000   0.3572   1.7345  0.02229   5.0937E-05 -2.1012E-04  2.1621E-04  -76.373
    29    7   0.0000   0.3795   1.7345  0.02229   4.6543E-05 -1.9341E-04  1.9893E-04  -76.469
    30   61   0.0000  -0.3993   1.7345  0.01734  -3.9787E-05  1.7305E-04  1.7756E-04  102.948
    31   71   0.0000   0.3993   1.7345  0.01734   3.9787E-05 -1.7305E-04  1.7756E-04  -77.052
    32    8   0.0000  -0.4254   1.7345  0.03483  -3.4336E-05  1.6407E-04  1.6763E-04  101.820
    33    8   0.0000  -0.4603   1.7345  0.03483  -2.3266E-05  1.3921E-04  1.4114E-04   99.488
    34    9   0.0000   0.4254   1.7345  0.03483   3.4336E-05 -1.6407E-04  1.6763E-04  -78.180
    35    9   0.0000   0.4603   1.7345  0.03483   2.3266E-05 -1.3921E-04  1.4114E-04  -80.512
    36   81   0.0000  -0.4863   1.7345  0.01734  -1.3134E-05  1.1290E-04  1.1366E-04   96.636
    37   91   0.0000   0.4863   1.7345  0.01734   1.3134E-05 -1.1290E-04  1.1366E-04  -83.364
    38   10   0.0000  -0.5125   1.7345  0.03499  -7.9707E-06  1.2575E-04  1.2600E-04   93.627
    39   10   0.0000  -0.5475   1.7345  0.03499  -9.8928E-07  1.3490E-04  1.3490E-04   90.420
    40   10   0.0000  -0.5825   1.7345  0.03499   5.6067E-06  1.3154E-04  1.3166E-04   87.559
    41   10   0.0000  -0.6175   1.7345  0.03499   1.0772E-05  1.1727E-04  1.1776E-04   84.751
    42   11   0.0000   0.5125   1.7345  0.03499   7.9707E-06 -1.2575E-04  1.2600E-04  -86.373
    43   11   0.0000   0.5475   1.7345  0.03499   9.8928E-07 -1.3490E-04  1.3490E-04  -89.580
    44   11   0.0000   0.5825   1.7345  0.03499  -5.6067E-06 -1.3154E-04  1.3166E-04  -92.441
    45   11   0.0000   0.6175   1.7345  0.03499  -1.0772E-05 -1.1727E-04  1.1776E-04  -95.249
    46  101   0.0000  -0.6436   1.7345  0.01734   1.3449E-05  1.0134E-04  1.0223E-04   82.440
    47  111   0.0000   0.6436   1.7345  0.01734  -1.3449E-05 -1.0134E-04  1.0223E-04  -97.560
    48   12   0.0000  -0.6698   1.7345  0.03493   1.7385E-05  1.0070E-04  1.0219E-04   80.204
    49   12   0.0000  -0.7047   1.7345  0.03493   2.0479E-05  9.4519E-05  9.6713E-05   77.775
    50   12   0.0000  -0.7397   1.7345  0.03493   2.0724E-05  8.1508E-05  8.4101E-05   75.734
    51   12   0.0000  -0.7746   1.7345  0.03493   1.8173E-05  6.3220E-05  6.5781E-05   73.963
    52   12   0.0000  -0.8095   1.7345  0.03493   1.2963E-05  4.0835E-05  4.2843E-05   72.388
    53   12   0.0000  -0.8445   1.7345  0.03493   5.1380E-06  1.4902E-05  1.5762E-05   70.976
    54   13   0.0000   0.6698   1.7345  0.03493  -1.7385E-05 -1.0070E-04  1.0219E-04  -99.796
    55   13   0.0000   0.7047   1.7345  0.03493  -2.0479E-05 -9.4519E-05  9.6713E-05 -102.225
    56   13   0.0000   0.7397   1.7345  0.03493  -2.0724E-05 -8.1508E-05  8.4101E-05 -104.266
    57   13   0.0000   0.7746   1.7345  0.03493  -1.8173E-05 -6.3220E-05  6.5781E-05 -106.037
    58   13   0.0000   0.8095   1.7345  0.03493  -1.2963E-05 -4.0835E-05  4.2843E-05 -107.612
    59   13   0.0000   0.8445   1.7345  0.03493  -5.1380E-06 -1.4902E-05  1.5762E-05 -109.024



                                        - - - POWER BUDGET - - -

                                           INPUT POWER   = 1.0799E-03 WATTS
                                           RADIATED POWER= 2.1152E-04 WATTS
                                           STRUCTURE LOSS= 8.6843E-04 WATTS
                                           NETWORK LOSS  = 0.0000E+00 WATTS
                                           EFFICIENCY    =  19.59 PERCENT



                                                - - - RADIATION PATTERNS - - -

  - - ANGLES - -           - POWER GAINS -       - - - POLARIZATION - - -    - - - E(THETA) - - -    - - - E(PHI) - - -
  THETA     PHI        VERT.   HOR.    TOTAL      AXIAL     TILT   SENSE     MAGNITUDE    PHASE      MAGNITUDE    PHASE 
 DEGREES  DEGREES       DB      DB      DB        RATIO     DEG.              VOLTS/M    DEGREES      VOLTS/M    DEGREES
  -90.00     0.00    -999.99 -999.99 -999.99    0.00000     0.00            0.00000E+00     0.00    1.45289E-11  -176.64
  -85.00     0.00    -999.99   -1.79   -1.79    0.00000    90.00  LINEAR    0.00000E+00     0.00    2.07120E-01     3.64
  -80.00     0.00    -999.99   -0.69   -0.69    0.00000    90.00  LINEAR    0.00000E+00     0.00    2.34903E-01     5.38
  -75.00     0.00    -999.99  -10.49  -10.49    0.00000    90.00  LINEAR    0.00000E+00     0.00    7.60514E-02    16.94
  -70.00     0.00    -999.99   -5.49   -5.49    0.00000   -90.00  LINEAR    0.00000E+00     0.00    1.35277E-01   176.10
  -65.00     0.00    -999.99   -0.81   -0.81    0.00000   -90.00  LINEAR    0.00000E+00     0.00    2.31887E-01  -176.73
  -60.00     0.00    -999.99   -3.63   -3.63    0.00000   -90.00  LINEAR    0.00000E+00     0.00    1.67624E-01  -168.84
  -55.00     0.00    -999.99  -17.06  -17.06    0.00000   -90.00  LINEAR    0.00000E+00     0.00    3.57087E-02   -90.02
  -50.00     0.00    -999.99   -4.42   -4.42    0.00000    90.00  LINEAR    0.00000E+00     0.00    1.52895E-01    -7.45
  -45.00     0.00    -999.99   -1.41   -1.41    0.00000    90.00  LINEAR    0.00000E+00     0.00    2.16327E-01     1.91
  -40.00     0.00    -999.99   -2.65   -2.65    0.00000    90.00  LINEAR    0.00000E+00     0.00    1.87550E-01    10.05
  -35.00     0.00    -999.99   -7.73   -7.73    0.00000    90.00  LINEAR    0.00000E+00     0.00    1.04559E-01    27.01
  -30.00     0.00    -999.99  -14.03  -14.03    0.00000   -90.00  LINEAR    0.00000E+00     0.00    5.05765E-02   104.09
  -25.00     0.00    -999.99   -7.46   -7.46    0.00000   -90.00  LINEAR    0.00000E+00     0.00    1.07758E-01   157.90
  -20.00     0.00    -999.99   -4.04   -4.04    0.00000   -90.00  LINEAR    0.00000E+00     0.00    1.59901E-01   170.20
  -15.00     0.00    -999.99   -2.60   -2.60    0.00000   -90.00  LINEAR    0.00000E+00     0.00    1.88687E-01   175.84
  -10.00     0.00    -999.99   -2.06   -2.06    0.00000   -90.00  LINEAR    0.00000E+00     0.00    2.00672E-01   179.18
   -5.00     0.00    -999.99   -1.92   -1.92    0.00000   -90.00  LINEAR    0.00000E+00     0.00    2.04068E-01  -178.91
    0.00     0.00    -999.99   -1.90   -1.90    0.00000   -90.00  LINEAR    0.00000E+00     0.00    2.04548E-01  -178.27
    5.00     0.00    -999.99   -1.92   -1.92    0.00000   -90.00  LINEAR    0.00000E+00     0.00    2.04068E-01  -178.91
   10.00     0.00    -999.99   -2.06   -2.06    0.00000   -90.00  LINEAR    0.00000E+00     0.00    2.00672E-01   179.18
   15.00     0.00    -999.99   -2.60   -2.60    0.00000   -90.00  LINEAR    0.00000E+00     0.00    1.88687E-01   175.84
   20.00     0.00    -999.99   -4.04   -4.04    0.00000   -90.00  LINEAR    0.00000E+00     0.00    1.59901E-01   170.20
   25.00     0.00    -999.99   -7.46   -7.46    0.00000   -90.00  LINEAR    0.00000E+00     0.00    1.07758E-01   157.90
   30.00     0.00    -999.99  -14.03  -14.03    0.00000   -90.00  LINEAR    0.00000E+00     0.00    5.05765E-02   104.09
   35.00     0.00    -999.99   -7.73   -7.73    0.00000    90.00  LINEAR    0.00000E+00     0.00    1.04559E-01    27.01
   40.00     0.00    -999.99   -2.65   -2.65    0.00000    90.00  LINEAR    0.00000E+00     0.00    1.87550E-01    10.05
   45.00     0.00    -999.99   -1.41   -1.41    0.00000    90.00  LINEAR    0.00000E+00     0.00    2.16327E-01     1.91
   50.00     0.00    -999.99   -4.42   -4.42    0.00000    90.00  LINEAR    0.00000E+00     0.00    1.52895E-01    -7.45
   55.00     0.00    -999.99  -17.06  -17.06    0.00000   -90.00  LINEAR    0.00000E+00     0.00    3.57087E-02   -90.02
   60.00     0.00    -999.99   -3.63   -3.63    0.00000   -90.00  LINEAR    0.00000E+00     0.00    1.67624E-01  -168.84
   65.00     0.00    -999.99   -0.81   -0.81    0.00000   -90.00  LINEAR    0.00000E+00     0.00    2.31887E-01  -176.73
   70.00     0.00    -999.99   -5.49   -5.49    0.00000   -90.00  LINEAR    0.00000E+00     0.00    1.35277E-01   176.10
   75.00     0.00    -999.99  -10.49  -10.49    0.00000    90.00  LINEAR    0.00000E+00     0.00    7.60514E-02    16.94
   80.00     0.00    -999.99   -0.69   -0.69    0.00000    90.00  LINEAR    0.00000E+00     0.00    2.34903E-01     5.38
   85.00     0.00    -999.99   -1.79   -1.79    0.00000    90.00  LINEAR    0.00000E+00     0.00    2.07120E-01     3.64
   90.00     0.00    -999.99 -999.99 -999.99    0.00000     0.00            0.00000E+00     0.00    1.45289E-11  -176.64




                                 - - - - - - FREQUENCY - - - - - -

                                    FREQUENCY= 2.7000E+01 MHZ
                                    WAVELENGTH= 1.1104E+01 METERS




                    APPROXIMATE INTEGRATION EMPLOYED FOR SEGMENTS MORE THAN   1.000 WAVELENGTHS APART



                               - - - STRUCTURE IMPEDANCE LOADING - - -


       LOCATION          RESISTANCE   INDUCTANCE  CAPACITANCE       IMPEDANCE (OHMS)     CONDUCTIVITY    TYPE
    ITAG FROM THRU          OHMS        HENRYS       FARADS        REAL      IMAGINARY    MHOS/METER

      11    1    1      2.5757E+03   2.1462E-06   1.5000E-11                                          PARALLEL

      12    1    1      2.5757E+03   2.1462E-06   1.5000E-11                                          PARALLEL

      21    1    1      6.5976E+03   5.4976E-06   1.0400E-11                                          PARALLEL

      31    1    1      6.5976E+03   5.4976E-06   1.0400E-11                                          PARALLEL

      41    1    1      9.5357E+03   7.9458E-06   1.6150E-11                                          PARALLEL

      51    1    1      9.5357E+03   7.9458E-06   1.6150E-11                                          PARALLEL

      61    1    1      1.4872E+04   1.2392E-05   2.0000E-11                                          PARALLEL

      71    1    1      1.4872E+04   1.2392E-05   2.0000E-11                                          PARALLEL

      81    1    1      8.8382E+04   7.3646E-05   7.0000E-12                                          PARALLEL

      91    1    1      8.8382E+04   7.3646E-05   7.0000E-12                                          PARALLEL

     101    1    1      1.7754E+05   1.4794E-04   1.3900E-11                                          PARALLEL

     111    1    1      1.7754E+05   1.4794E-04   1.3900E-11                                          PARALLEL



                                  - - - ANTENNA ENVIRONMENT - - -

                                        FINITE GROUND.  SOMMERFELD SOLUTION
                                        RELATIVE DIELECTRIC CONST.= 13.000
                                        CONDUCTIVITY= 5.000E-03 MHOS/METER
                                        COMPLEX DIELECTRIC CONSTANT= 1.30000E+01-3.32889E+00



                                - - - MATRIX TIMING - - -

                        FILL=    0.016 SEC.,  FACTOR=    0.000 SEC.



                                          - - - ANTENNA INPUT PARAMETERS - - -

   TAG   SEG.    VOLTAGE (VOLTS)         CURRENT (AMPS)         IMPEDANCE (OHMS)        ADMITTANCE (MHOS)      POWER
   NO.   NO.    REAL        IMAG.       REAL        IMAG.       REAL        IMAG.       REAL        IMAG.     (WATTS)
     1     6 1.00000E+00 0.00000E+00 3.59255E-03 1.74636E-03 2.25151E+02-1.09447E+02 3.59255E-03 1.74636E-03 1.79628E-03



                             - - - CURRENTS AND LOCATION - - -

                                 DISTANCES IN WAVELENGTHS


  SEG.  TAG    COORD. OF SEG. CENTER     SEG.            - - - CURRENT (AMPS) - - -
  NO.   NO.     X        Y        Z      LENGTH     REAL        IMAG.       MAG.        PHASE
     1    1   0.0000  -0.2071   1.8012  0.04141   8.4049E-04 -4.4653E-04  9.5175E-04  -27.981
     2    1   0.0000  -0.1656   1.8012  0.04141   1.7656E-03  4.4221E-05  1.7661E-03    1.435
     3    1   0.0000  -0.1242   1.8012  0.04141   2.5305E-03  5.2943E-04  2.5853E-03   11.817
     4    1   0.0000  -0.0828   1.8012  0.04141   3.1089E-03  9.9769E-04  3.2651E-03   17.792
     5    1   0.0000  -0.0414   1.8012  0.04141   3.4698E-03  1.4347E-03  3.7548E-03   22.464
     6    1   0.0000   0.0000   1.8012  0.04141   3.5926E-03  1.7464E-03  3.9945E-03   25.925
     7    1   0.0000   0.0414   1.8012  0.04141   3.4698E-03  1.4347E-03  3.7548E-03   22.464
     8    1   0.0000   0.0828   1.8012  0.04141   3.1089E-03  9.9769E-04  3.2651E-03   17.792
     9    1   0.0000   0.1242   1.8012  0.04141   2.5305E-03  5.2943E-04  2.5853E-03   11.817
    10    1   0.0000   0.1656   1.8012  0.04141   1.7656E-03  4.4221E-05  1.7661E-03    1.435
    11    1   0.0000   0.2071   1.8012  0.04141   8.4049E-04 -4.4653E-04  9.5175E-04  -27.981
    12   11   0.0000  -0.2368   1.8012  0.01801  -1.3771E-04  7.6245E-04  7.7479E-04  100.238
    13   12   0.0000   0.2368   1.8012  0.01801   1.3771E-04 -7.6245E-04  7.7479E-04  -79.762
    14    2   0.0000  -0.2533   1.8012  0.01507  -9.7362E-05  6.4418E-04  6.5150E-04   98.595
    15    2   0.0000  -0.2684   1.8012  0.01507  -8.4961E-05  5.0115E-04  5.0830E-04   99.622
    16    3   0.0000   0.2533   1.8012  0.01507   9.7362E-05 -6.4418E-04  6.5150E-04  -81.405
    17    3   0.0000   0.2684   1.8012  0.01507   8.4961E-05 -5.0115E-04  5.0830E-04  -80.378
    18   21   0.0000  -0.2849   1.8012  0.01801  -5.7039E-05  3.6013E-04  3.6462E-04   99.000
    19   31   0.0000   0.2849   1.8012  0.01801   5.7039E-05 -3.6013E-04  3.6462E-04  -81.000
    20    4   0.0000  -0.3058   1.8012  0.02372  -6.6229E-05  3.3041E-04  3.3698E-04  101.334
    21    4   0.0000  -0.3295   1.8012  0.02372  -6.7642E-05  2.9874E-04  3.0630E-04  102.758
    22    5   0.0000   0.3058   1.8012  0.02372   6.6229E-05 -3.3041E-04  3.3698E-04  -78.666
    23    5   0.0000   0.3295   1.8012  0.02372   6.7642E-05 -2.9874E-04  3.0630E-04  -77.242
    24   41   0.0000  -0.3504   1.8012  0.01801  -5.9593E-05  2.6074E-04  2.6747E-04  102.874
    25   51   0.0000   0.3504   1.8012  0.01801   5.9593E-05 -2.6074E-04  2.6747E-04  -77.126
    26    6   0.0000  -0.3710   1.8012  0.02315  -5.7260E-05  2.5533E-04  2.6167E-04  102.640
    27    6   0.0000  -0.3941   1.8012  0.02315  -5.0070E-05  2.4150E-04  2.4664E-04  101.713
    28    7   0.0000   0.3710   1.8012  0.02315   5.7260E-05 -2.5533E-04  2.6167E-04  -77.360
    29    7   0.0000   0.3941   1.8012  0.02315   5.0070E-05 -2.4150E-04  2.4664E-04  -78.287
    30   61   0.0000  -0.4147   1.8012  0.01801  -4.0160E-05  2.2114E-04  2.2476E-04  100.293
    31   71   0.0000   0.4147   1.8012  0.01801   4.0160E-05 -2.2114E-04  2.2476E-04  -79.707
    32    8   0.0000  -0.4418   1.8012  0.03617  -3.0306E-05  2.1516E-04  2.1729E-04   98.017
    33    8   0.0000  -0.4780   1.8012  0.03617  -1.3738E-05  1.8781E-04  1.8831E-04   94.184
    34    9   0.0000   0.4418   1.8012  0.03617   3.0306E-05 -2.1516E-04  2.1729E-04  -81.983
    35    9   0.0000   0.4780   1.8012  0.03617   1.3738E-05 -1.8781E-04  1.8831E-04  -85.816
    36   81   0.0000  -0.5051   1.8012  0.01801  -5.1660E-08  1.5570E-04  1.5570E-04   90.019
    37   91   0.0000   0.5051   1.8012  0.01801   5.1660E-08 -1.5570E-04  1.5570E-04  -89.981
    38   10   0.0000  -0.5322   1.8012  0.03633   1.2806E-05  1.7648E-04  1.7695E-04   85.850
    39   10   0.0000  -0.5686   1.8012  0.03633   2.8027E-05  1.9187E-04  1.9390E-04   81.689
    40   10   0.0000  -0.6049   1.8012  0.03633   3.9493E-05  1.8858E-04  1.9267E-04   78.172
    41   10   0.0000  -0.6412   1.8012  0.03633   4.5724E-05  1.6891E-04  1.7499E-04   74.853
    42   11   0.0000   0.5322   1.8012  0.03633  -1.2806E-05 -1.7648E-04  1.7695E-04  -94.150
    43   11   0.0000   0.5686   1.8012  0.03633  -2.8027E-05 -1.9187E-04  1.9390E-04  -98.311
    44   11   0.0000   0.6049   1.8012  0.03633  -3.9493E-05 -1.8858E-04  1.9267E-04 -101.828
    45   11   0.0000   0.6412   1.8012  0.03633  -4.5724E-05 -1.6891E-04  1.7499E-04 -105.147
    46  101   0.0000  -0.6684   1.8012  0.01801   4.6974E-05  1.4632E-04  1.5367E-04   72.201
    47  111   0.0000   0.6684   1.8012  0.01801  -4.6974E-05 -1.4632E-04  1.5367E-04 -107.799
    48   12   0.0000  -0.6955   1.8012  0.03628   5.3877E-05  1.4557E-04  1.5522E-04   69.690
    49   12   0.0000  -0.7318   1.8012  0.03628   5.7961E-05  1.3669E-04  1.4847E-04   67.022
    50   12   0.0000  -0.7681   1.8012  0.03628   5.5362E-05  1.1778E-04  1.3014E-04   64.825
    51   12   0.0000  -0.8044   1.8012  0.03628   4.6576E-05  9.1201E-05  1.0241E-04   62.947
    52   12   0.0000  -0.8407   1.8012  0.03628   3.2173E-05  5.8762E-05  6.6993E-05   61.299
    53   12   0.0000  -0.8769   1.8012  0.03628   1.2423E-05  2.1375E-05  2.4723E-05   59.836
    54   13   0.0000   0.6955   1.8012  0.03628  -5.3877E-05 -1.4557E-04  1.5522E-04 -110.310
    55   13   0.0000   0.7318   1.8012  0.03628  -5.7961E-05 -1.3669E-04  1.4847E-04 -112.978
    56   13   0.0000   0.7681   1.8012  0.03628  -5.5362E-05 -1.1778E-04  1.3014E-04 -115.175
    57   13   0.0000   0.8044   1.8012  0.03628  -4.6576E-05 -9.1201E-05  1.0241E-04 -117.053
    58   13   0.0000   0.8407   1.8012  0.03628  -3.2173E-05 -5.8762E-05  6.6993E-05 -118.701
    59   13   0.0000   0.8769   1.8012  0.03628  -1.2423E-05 -2.1375E-05  2.4723E-05 -120.164



                                        - - - POWER BUDGET - - -

                                           INPUT POWER   = 1.7963E-03 WATTS
                                           RADIATED POWER= 5.3641E-04 WATTS
                                           STRUCTURE LOSS= 1.2599E-03 WATTS
                                           NETWORK LOSS  = 0.0000E+00 WATTS
                                           EFFICIENCY    =  29.86 PERCENT



                                                - - - RADIATION PATTERNS - - -

  - - ANGLES - -           - POWER GAINS -       - - - POLARIZATION - - -    - - - E(THETA) - - -    - - - E(PHI) - - -
  THETA     PHI        VERT.   HOR.    TOTAL      AXIAL     TILT   SENSE     MAGNITUDE    PHASE      MAGNITUDE    PHASE 
 DEGREES  DEGREES       DB      DB      DB        RATIO     DEG.              VOLTS/M    DEGREES      VOLTS/M    DEGREES
  -90.00     0.00    -999.99 -999.99 -999.99    0.00000     0.00            0.00000E+00     0.00    2.43977E-11   178.79
  -85.00     0.00    -999.99    0.39    0.39    0.00000    90.00  LINEAR    0.00000E+00     0.00    3.43433E-01    -0.91
  -80.00     0.00    -999.99    1.03    1.03    0.00000    90.00  LINEAR    0.00000E+00     0.00    3.69559E-01     1.01
  -75.00     0.00    -999.99  -11.86  -11.86    0.00000    90.00  LINEAR    0.00000E+00     0.00    8.37339E-02    19.07
  -70.00     0.00    -999.99   -1.99   -1.99    0.00000   -90.00  LINEAR    0.00000E+00     0.00    2.61044E-01   173.51
  -65.00     0.00    -999.99    1.16    1.16    0.00000   -90.00  LINEAR    0.00000E+00     0.00    3.75110E-01   179.87
  -60.00     0.00    -999.99   -3.69   -3.69    0.00000   -90.00  LINEAR    0.00000E+00     0.00    2.14541E-01  -169.53
  -55.00     0.00    -999.99  -10.32  -10.32    0.00000    90.00  LINEAR    0.00000E+00     0.00    1.00013E-01   -35.25
  -50.00     0.00    -999.99   -0.62   -0.62    0.00000    90.00  LINEAR    0.00000E+00     0.00    3.05538E-01    -7.47
  -45.00     0.00    -999.99    0.49    0.49    0.00000    90.00  LINEAR    0.00000E+00     0.00    3.47072E-01     0.66
  -40.00     0.00    -999.99   -2.81   -2.81    0.00000    90.00  LINEAR    0.00000E+00     0.00    2.37387E-01    11.88
  -35.00     0.00    -999.99  -11.48  -11.48    0.00000    90.00  LINEAR    0.00000E+00     0.00    8.74739E-02    59.45
  -30.00     0.00    -999.99   -6.57   -6.57    0.00000   -90.00  LINEAR    0.00000E+00     0.00    1.54056E-01   149.72
  -25.00     0.00    -999.99   -1.93   -1.93    0.00000   -90.00  LINEAR    0.00000E+00     0.00    2.62695E-01   166.42
  -20.00     0.00    -999.99   -0.25   -0.25    0.00000   -90.00  LINEAR    0.00000E+00     0.00    3.18799E-01   173.28
  -15.00     0.00    -999.99    0.14    0.14    0.00000   -90.00  LINEAR    0.00000E+00     0.00    3.33394E-01   177.74
  -10.00     0.00    -999.99   -0.03   -0.03    0.00000   -90.00  LINEAR    0.00000E+00     0.00    3.26940E-01  -179.00
   -5.00     0.00    -999.99   -0.32   -0.32    0.00000   -90.00  LINEAR    0.00000E+00     0.00    3.16385E-01  -176.87
    0.00     0.00    -999.99   -0.44   -0.44    0.00000   -90.00  LINEAR    0.00000E+00     0.00    3.11792E-01  -176.12
    5.00     0.00    -999.99   -0.32   -0.32    0.00000   -90.00  LINEAR    0.00000E+00     0.00    3.16385E-01  -176.87
   10.00     0.00    -999.99   -0.03   -0.03    0.00000   -90.00  LINEAR    0.00000E+00     0.00    3.26940E-01  -179.00
   15.00     0.00    -999.99    0.14    0.14    0.00000   -90.00  LINEAR    0.00000E+00     0.00    3.33394E-01   177.74
   20.00     0.00    -999.99   -0.25   -0.25    0.00000   -90.00  LINEAR    0.00000E+00     0.00    3.18799E-01   173.28
   25.00     0.00    -999.99   -1.93   -1.93    0.00000   -90.00  LINEAR    0.00000E+00     0.00    2.62695E-01   166.42
   30.00     0.00    -999.99   -6.57   -6.57    0.00000   -90.00  LINEAR    0.00000E+00     0.00    1.54056E-01   149.72
   35.00     0.00    -999.99  -11.48  -11.48    0.00000    90.00  LINEAR    0.00000E+00     0.00    8.74739E-02    59.45
   40.00     0.00    -999.99   -2.81   -2.81    0.00000    90.00  LINEAR    0.00000E+00     0.00    2.37387E-01    11.88
   45.00     0.00    -999.99    0.49    0.49    0.00000    90.00  LINEAR    0.00000E+00     0.00    3.47072E-01     0.66
   50.00     0.00    -999.99   -0.62   -0.62    0.00000    90.00  LINEAR    0.00000E+00     0.00    3.05538E-01    -7.47
   55.00     0.00    -999.99  -10.32  -10.32    0.00000    90.00  LINEAR    0.00000E+00     0.00    1.00013E-01   -35.25
   60.00     0.00    -999.99   -3.69   -3.69    0.00000   -90.00  LINEAR    0.00000E+00     0.00    2.14541E-01  -169.53
   65.00     0.00    -999.99    1.16    1.16    0.00000   -90.00  LINEAR    0.00000E+00     0.00    3.75110E-01   179.87
   70.00     0.00    -999.99   -1.99   -1.99    0.00000   -90.00  LINEAR    0.00000E+00     0.00    2.61044E-01   173.51
   75.00     0.00    -999.99  -11.86  -11.86    0.00000    90.00  LINEAR    0.00000E+00     0.00    8.37339E-02    19.07
   80.00     0.00    -999.99    1.03    1.03    0.00000    90.00  LINEAR    0.00000E+00     0.00    3.69559E-01     1.01
   85.00     0.00    -999.99    0.39    0.39    0.00000    90.00  LINEAR    0.00000E+00     0.00    3.43433E-01    -0.91
   90.00     0.00    -999.99 -999.99 -999.99    0.00000     0.00            0.00000E+00     0.00    2.43977E-11   178.79




                                 - - - - - - FREQUENCY - - - - - -

                                    FREQUENCY= 2.8000E+01 MHZ
                                    WAVELENGTH= 1.0707E+01 METERS




                    APPROXIMATE INTEGRATION EMPLOYED FOR SEGMENTS MORE THAN   1.000 WAVELENGTHS APART



                               - - - STRUCTURE IMPEDANCE LOADING - - -


       LOCATION          RESISTANCE   INDUCTANCE  CAPACITANCE       IMPEDANCE (OHMS)     CONDUCTIVITY    TYPE
    ITAG FROM THRU          OHMS        HENRYS       FARADS        REAL      IMAGINARY    MHOS/METER

      11    1    1      2.5757E+03   2.1462E-06   1.5000E-11                                          PARALLEL

      12    1    1      2.5757E+03   2.1462E-06   1.5000E-11                                          PARALLEL

      21    1    1      6.5976E+03   5.4976E-06   1.0400E-11                                          PARALLEL

      31    1    1      6.5976E+03   5.4976E-06   1.0400E-11                                          PARALLEL

      41    1    1      9.5357E+03   7.9458E-06   1.6150E-11                                          PARALLEL

      51    1    1      9.5357E+03   7.9458E-06   1.6150E-11                                          PARALLEL

      61    1    1      1.4872E+04   1.2392E-05   2.0000E-11                                          PARALLEL

      71    1    1      1.4872E+04   1.2392E-05   2.0000E-11                                          PARALLEL

      81    1    1      8.8382E+04   7.3646E-05   7.0000E-12                                          PARALLEL

      91    1    1      8.8382E+04   7.3646E-05   7.0000E-12                                          PARALLEL

     101    1    1      1.7754E+05   1.4794E-04   1.3900E-11                                          PARALLEL

     111    1    1      1.7754E+05   1.4794E-04   1.3900E-11                                          PARALLEL



                                  - - - ANTENNA ENVIRONMENT - - -

                                        FINITE GROUND.  SOMMERFELD SOLUTION
                                        RELATIVE DIELECTRIC CONST.= 13.000
                                        CONDUCTIVITY= 5.000E-03 MHOS/METER
                                        COMPLEX DIELECTRIC CONSTANT= 1.30000E+01-3.21000E+00



                                - - - MATRIX TIMING - - -

                        FILL=    0.016 SEC.,  FACTOR=    0.000 SEC.



                                          - - - ANTENNA INPUT PARAMETERS - - -

   TAG   SEG.    VOLTAGE (VOLTS)         CURRENT (AMPS)         IMPEDANCE (OHMS)        ADMITTANCE (MHOS)      POWER
   NO.   NO.    REAL        IMAG.       REAL        IMAG.       REAL        IMAG.       REAL        IMAG.     (WATTS)
     1     6 1.00000E+00 0.00000E+00 4.80293E-03 1.05982E-04 2.08105E+02-4.59207E+00 4.80293E-03 1.05982E-04 2.40146E-03



                             - - - CURRENTS AND LOCATION - - -

                                 DISTANCES IN WAVELENGTHS


  SEG.  TAG    COORD. OF SEG. CENTER     SEG.            - - - CURRENT (AMPS) - - -
  NO.   NO.     X        Y        Z      LENGTH     REAL        IMAG.       MAG.        PHASE
     1    1   0.0000  -0.2147   1.8679  0.04295   1.0261E-03 -7.6316E-04  1.2788E-03  -36.640
     2    1   0.0000  -0.1718   1.8679  0.04295   2.2862E-03 -7.3070E-04  2.4001E-03  -17.725
     3    1   0.0000  -0.1288   1.8679  0.04295   3.3357E-03 -6.1832E-04  3.3925E-03  -10.501
     4    1   0.0000  -0.0859   1.8679  0.04295   4.1334E-03 -4.2649E-04  4.1554E-03   -5.891
     5    1   0.0000  -0.0429   1.8679  0.04295   4.6329E-03 -1.5555E-04  4.6355E-03   -1.923
     6    1   0.0000   0.0000   1.8679  0.04295   4.8029E-03  1.0598E-04  4.8041E-03    1.264
     7    1   0.0000   0.0429   1.8679  0.04295   4.6329E-03 -1.5555E-04  4.6355E-03   -1.923
     8    1   0.0000   0.0859   1.8679  0.04295   4.1334E-03 -4.2649E-04  4.1554E-03   -5.891
     9    1   0.0000   0.1288   1.8679  0.04295   3.3357E-03 -6.1832E-04  3.3925E-03  -10.501
    10    1   0.0000   0.1718   1.8679  0.04295   2.2862E-03 -7.3070E-04  2.4001E-03  -17.725
    11    1   0.0000   0.2147   1.8679  0.04295   1.0261E-03 -7.6316E-04  1.2788E-03  -36.640
    12   11   0.0000  -0.2455   1.8679  0.01868  -7.7980E-05  7.3026E-04  7.3441E-04   96.095
    13   12   0.0000   0.2455   1.8679  0.01868   7.7980E-05 -7.3026E-04  7.3441E-04  -83.905
    14    2   0.0000  -0.2627   1.8679  0.01563  -4.1882E-05  6.2563E-04  6.2703E-04   93.830
    15    2   0.0000  -0.2783   1.8679  0.01563  -4.6448E-05  5.1018E-04  5.1229E-04   95.202
    16    3   0.0000   0.2627   1.8679  0.01563   4.1882E-05 -6.2563E-04  6.2703E-04  -86.170
    17    3   0.0000   0.2783   1.8679  0.01563   4.6448E-05 -5.1018E-04  5.1229E-04  -84.798
    18   21   0.0000  -0.2955   1.8679  0.01868  -3.0979E-05  3.8785E-04  3.8909E-04   94.567
    19   31   0.0000   0.2955   1.8679  0.01868   3.0979E-05 -3.8785E-04  3.8909E-04  -85.433
    20    4   0.0000  -0.3171   1.8679  0.02460  -3.6379E-05  3.7252E-04  3.7429E-04   95.578
    21    4   0.0000  -0.3417   1.8679  0.02460  -3.2242E-05  3.4799E-04  3.4948E-04   95.293
    22    5   0.0000   0.3171   1.8679  0.02460   3.6379E-05 -3.7252E-04  3.7429E-04  -84.422
    23    5   0.0000   0.3417   1.8679  0.02460   3.2242E-05 -3.4799E-04  3.4948E-04  -84.707
    24   41   0.0000  -0.3634   1.8679  0.01868  -2.0541E-05  3.1058E-04  3.1126E-04   93.784
    25   51   0.0000   0.3634   1.8679  0.01868   2.0541E-05 -3.1058E-04  3.1126E-04  -86.216
    26    6   0.0000  -0.3847   1.8679  0.02401  -1.0322E-05  3.0825E-04  3.0842E-04   91.918
    27    6   0.0000  -0.4087   1.8679  0.02401   3.3827E-06  2.9370E-04  2.9372E-04   89.340
    28    7   0.0000   0.3847   1.8679  0.02401   1.0322E-05 -3.0825E-04  3.0842E-04  -88.082
    29    7   0.0000   0.4087   1.8679  0.02401  -3.3827E-06 -2.9370E-04  2.9372E-04  -90.660
    30   61   0.0000  -0.4301   1.8679  0.01868   1.6681E-05  2.6934E-04  2.6986E-04   86.456
    31   71   0.0000   0.4301   1.8679  0.01868  -1.6681E-05 -2.6934E-04  2.6986E-04  -93.544
    32    8   0.0000  -0.4582   1.8679  0.03751   3.5077E-05  2.6081E-04  2.6316E-04   82.340
    33    8   0.0000  -0.4957   1.8679  0.03751   5.4860E-05  2.2413E-04  2.3074E-04   76.246
    34    9   0.0000   0.4582   1.8679  0.03751  -3.5077E-05 -2.6081E-04  2.6316E-04  -97.660
    35    9   0.0000   0.4957   1.8679  0.03751  -5.4860E-05 -2.2413E-04  2.3074E-04 -103.754
    36   81   0.0000  -0.5238   1.8679  0.01868   6.5613E-05  1.8184E-04  1.9332E-04   70.159
    37   91   0.0000   0.5238   1.8679  0.01868  -6.5613E-05 -1.8184E-04  1.9332E-04 -109.841
    38   10   0.0000  -0.5519   1.8679  0.03768   9.6692E-05  2.0087E-04  2.2293E-04   64.296
    39   10   0.0000  -0.5896   1.8679  0.03768   1.2876E-04  2.1211E-04  2.4813E-04   58.740
    40   10   0.0000  -0.6273   1.8679  0.03768   1.4589E-04  2.0270E-04  2.4974E-04   54.255
    41   10   0.0000  -0.6650   1.8679  0.03768   1.4699E-04  1.7620E-04  2.2946E-04   50.164
    42   11   0.0000   0.5519   1.8679  0.03768  -9.6692E-05 -2.0087E-04  2.2293E-04 -115.704
    43   11   0.0000   0.5896   1.8679  0.03768  -1.2876E-04 -2.1211E-04  2.4813E-04 -121.260
    44   11   0.0000   0.6273   1.8679  0.03768  -1.4589E-04 -2.0270E-04  2.4974E-04 -125.745
    45   11   0.0000   0.6650   1.8679  0.03768  -1.4699E-04 -1.7620E-04  2.2946E-04 -129.836
    46  101   0.0000  -0.6932   1.8679  0.01868   1.3872E-04  1.4863E-04  2.0331E-04   46.976
    47  111   0.0000   0.6932   1.8679  0.01868  -1.3872E-04 -1.4863E-04  2.0331E-04 -133.024
    48   12   0.0000  -0.7213   1.8679  0.03762   1.4894E-04  1.4387E-04  2.0708E-04   44.009
    49   12   0.0000  -0.7589   1.8679  0.03762   1.5098E-04  1.3082E-04  1.9977E-04   40.909
    50   12   0.0000  -0.7966   1.8679  0.03762   1.3813E-04  1.0946E-04  1.7624E-04   38.393
    51   12   0.0000  -0.8342   1.8679  0.03762   1.1235E-04  8.2415E-05  1.3934E-04   36.262
    52   12   0.0000  -0.8718   1.8679  0.03762   7.5463E-05  5.1670E-05  9.1457E-05   34.400
    53   12   0.0000  -0.9094   1.8679  0.03762   2.8445E-05  1.8295E-05  3.3820E-05   32.748
    54   13   0.0000   0.7213   1.8679  0.03762  -1.4894E-04 -1.4387E-04  2.0708E-04 -135.991
    55   13   0.0000   0.7589   1.8679  0.03762  -1.5098E-04 -1.3082E-04  1.9977E-04 -139.091
    56   13   0.0000   0.7966   1.8679  0.03762  -1.3813E-04 -1.0946E-04  1.7624E-04 -141.607
    57   13   0.0000   0.8342   1.8679  0.03762  -1.1235E-04 -8.2415E-05  1.3934E-04 -143.738
    58   13   0.0000   0.8718   1.8679  0.03762  -7.5463E-05 -5.1670E-05  9.1457E-05 -145.600
    59   13   0.0000   0.9094   1.8679  0.03762  -2.8445E-05 -1.8295E-05  3.3820E-05 -147.252



                                        - - - POWER BUDGET - - -

                                           INPUT POWER   = 2.4015E-03 WATTS
                                           RADIATED POWER= 9.7499E-04 WATTS
                                           STRUCTURE LOSS= 1.4265E-03 WATTS
                                           NETWORK LOSS  = 0.0000E+00 WATTS
                                           EFFICIENCY    =  40.60 PERCENT



                                                - - - RADIATION PATTERNS - - -

  - - ANGLES - -           - POWER GAINS -       - - - POLARIZATION - - -    - - - E(THETA) - - -    - - - E(PHI) - - -
  THETA     PHI        VERT.   HOR.    TOTAL      AXIAL     TILT   SENSE     MAGNITUDE    PHASE      MAGNITUDE    PHASE 
 DEGREES  DEGREES       DB      DB      DB        RATIO     DEG.              VOLTS/M    DEGREES      VOLTS/M    DEGREES
  -90.00     0.00    -999.99 -999.99 -999.99    0.00000     0.00            0.00000E+00     0.00    3.46887E-11   158.06
  -85.00     0.00    -999.99    2.08    2.08    0.00000    90.00  LINEAR    0.00000E+00     0.00    4.81890E-01   -21.60
  -80.00     0.00    -999.99    2.22    2.22    0.00000    90.00  LINEAR    0.00000E+00     0.00    4.89889E-01   -19.50
  -75.00     0.00    -999.99  -15.47  -15.47    0.00000    90.00  LINEAR    0.00000E+00     0.00    6.39356E-02    16.36
  -70.00     0.00    -999.99    0.65    0.65    0.00000   -90.00  LINEAR    0.00000E+00     0.00    4.08915E-01   154.23
  -65.00     0.00    -999.99    2.37    2.37    0.00000   -90.00  LINEAR    0.00000E+00     0.00    4.98696E-01   160.36
  -60.00     0.00    -999.99   -5.30   -5.30    0.00000   -90.00  LINEAR    0.00000E+00     0.00    2.06257E-01   176.78
  -55.00     0.00    -999.99   -4.12   -4.12    0.00000    90.00  LINEAR    0.00000E+00     0.00    2.36090E-01   -39.20
  -50.00     0.00    -999.99    1.87    1.87    0.00000    90.00  LINEAR    0.00000E+00     0.00    4.70627E-01   -24.91
  -45.00     0.00    -999.99    1.14    1.14    0.00000    90.00  LINEAR    0.00000E+00     0.00    4.32546E-01   -16.37
  -40.00     0.00    -999.99   -5.15   -5.15    0.00000    90.00  LINEAR    0.00000E+00     0.00    2.09844E-01     3.93
  -35.00     0.00    -999.99   -8.33   -8.33    0.00000   -90.00  LINEAR    0.00000E+00     0.00    1.45375E-01   112.43
  -30.00     0.00    -999.99   -1.09   -1.09    0.00000   -90.00  LINEAR    0.00000E+00     0.00    3.34524E-01   143.93
  -25.00     0.00    -999.99    1.28    1.28    0.00000   -90.00  LINEAR    0.00000E+00     0.00    4.39895E-01   152.79
  -20.00     0.00    -999.99    1.65    1.65    0.00000   -90.00  LINEAR    0.00000E+00     0.00    4.58681E-01   158.48
  -15.00     0.00    -999.99    1.04    1.04    0.00000   -90.00  LINEAR    0.00000E+00     0.00    4.27635E-01   163.36
  -10.00     0.00    -999.99    0.07    0.07    0.00000   -90.00  LINEAR    0.00000E+00     0.00    3.82707E-01   167.73
   -5.00     0.00    -999.99   -0.75   -0.75    0.00000   -90.00  LINEAR    0.00000E+00     0.00    3.47940E-01   171.03
    0.00     0.00    -999.99   -1.08   -1.08    0.00000   -90.00  LINEAR    0.00000E+00     0.00    3.35245E-01   172.30
    5.00     0.00    -999.99   -0.75   -0.75    0.00000   -90.00  LINEAR    0.00000E+00     0.00    3.47940E-01   171.03
   10.00     0.00    -999.99    0.07    0.07    0.00000   -90.00  LINEAR    0.00000E+00     0.00    3.82707E-01   167.73
   15.00     0.00    -999.99    1.04    1.04    0.00000   -90.00  LINEAR    0.00000E+00     0.00    4.27635E-01   163.36
   20.00     0.00    -999.99    1.65    1.65    0.00000   -90.00  LINEAR    0.00000E+00     0.00    4.58681E-01   158.48
   25.00     0.00    -999.99    1.28    1.28    0.00000   -90.00  LINEAR    0.00000E+00     0.00    4.39895E-01   152.79
   30.00     0.00    -999.99   -1.09   -1.09    0.00000   -90.00  LINEAR    0.00000E+00     0.00    3.34524E-01   143.93
   35.00     0.00    -999.99   -8.33   -8.33    0.00000   -90.00  LINEAR    0.00000E+00     0.00    1.45375E-01   112.43
   40.00     0.00    -999.99   -5.15   -5.15    0.00000    90.00  LINEAR    0.00000E+00     0.00    2.09844E-01     3.93
   45.00     0.00    -999.99    1.14    1.14    0.00000    90.00  LINEAR    0.00000E+00     0.00    4.32546E-01   -16.37
   50.00     0.00    -999.99    1.87    1.87    0.00000    90.00  LINEAR    0.00000E+00     0.00    4.70627E-01   -24.91
   55.00     0.00    -999.99   -4.12   -4.12    0.00000    90.00  LINEAR    0.00000E+00     0.00    2.36090E-01   -39.20
   60.00     0.00    -999.99   -5.30   -5.30    0.00000   -90.00  LINEAR    0.00000E+00     0.00    2.06257E-01   176.78
   65.00     0.00    -999.99    2.37    2.37    0.00000   -90.00  LINEAR    0.00000E+00     0.00    4.98696E-01   160.36
   70.00     0.00    -999.99    0.65    0.65    0.00000   -90.00  LINEAR    0.00000E+00     0.00    4.08915E-01   154.23
   75.00     0.00    -999.99  -15.47  -15.47    0.00000    90.00  LINEAR    0.00000E+00     0.00    6.39356E-02    16.36
   80.00     0.00    -999.99    2.22    2.22    0.00000    90.00  LINEAR    0.00000E+00     0.00    4.89889E-01   -19.50
   85.00     0.00    -999.99    2.08    2.08    0.00000    90.00  LINEAR    0.00000E+00     0.00    4.81890E-01   -21.60
   90.00     0.00    -999.99 -999.99 -999.99    0.00000     0.00            0.00000E+00     0.00    3.46887E-11   158.06




                                 - - - - - - FREQUENCY - - - - - -

                                    FREQUENCY= 2.9000E+01 MHZ
                                    WAVELENGTH= 1.0338E+01 METERS




                    APPROXIMATE INTEGRATION EMPLOYED FOR SEGMENTS MORE THAN   1.000 WAVELENGTHS APART



                               - - - STRUCTURE IMPEDANCE LOADING - - -


       LOCATION          RESISTANCE   INDUCTANCE  CAPACITANCE       IMPEDANCE (OHMS)     CONDUCTIVITY    TYPE
    ITAG FROM THRU          OHMS        HENRYS       FARADS        REAL      IMAGINARY    MHOS/METER

      11    1    1      2.5757E+03   2.1462E-06   1.5000E-11                                          PARALLEL

      12    1    1      2.5757E+03   2.1462E-06   1.5000E-11                                          PARALLEL

      21    1    1      6.5976E+03   5.4976E-06   1.0400E-11                                          PARALLEL

      31    1    1      6.5976E+03   5.4976E-06   1.0400E-11                                          PARALLEL

      41    1    1      9.5357E+03   7.9458E-06   1.6150E-11                                          PARALLEL

      51    1    1      9.5357E+03   7.9458E-06   1.6150E-11                                          PARALLEL

      61    1    1      1.4872E+04   1.2392E-05   2.0000E-11                                          PARALLEL

      71    1    1      1.4872E+04   1.2392E-05   2.0000E-11                                          PARALLEL

      81    1    1      8.8382E+04   7.3646E-05   7.0000E-12                                          PARALLEL

      91    1    1      8.8382E+04   7.3646E-05   7.0000E-12                                          PARALLEL

     101    1    1      1.7754E+05   1.4794E-04   1.3900E-11                                          PARALLEL

     111    1    1      1.7754E+05   1.4794E-04   1.3900E-11                                          PARALLEL



                                  - - - ANTENNA ENVIRONMENT - - -

                                        FINITE GROUND.  SOMMERFELD SOLUTION
                                        RELATIVE DIELECTRIC CONST.= 13.000
                                        CONDUCTIVITY= 5.000E-03 MHOS/METER
                                        COMPLEX DIELECTRIC CONSTANT= 1.30000E+01-3.09931E+00



                                - - - MATRIX TIMING - - -

                        FILL=    0.016 SEC.,  FACTOR=    0.000 SEC.



                                          - - - ANTENNA INPUT PARAMETERS - - -

   TAG   SEG.    VOLTAGE (VOLTS)         CURRENT (AMPS)         IMPEDANCE (OHMS)        ADMITTANCE (MHOS)      POWER
   NO.   NO.    REAL        IMAG.       REAL        IMAG.       REAL        IMAG.       REAL        IMAG.     (WATTS)
     1     6 1.00000E+00 0.00000E+00 4.04088E-03-1.76237E-03 2.07921E+02 9.06817E+01 4.04088E-03-1.76237E-03 2.02044E-03



                             - - - CURRENTS AND LOCATION - - -

                                 DISTANCES IN WAVELENGTHS


  SEG.  TAG    COORD. OF SEG. CENTER     SEG.            - - - CURRENT (AMPS) - - -
  NO.   NO.     X        Y        Z      LENGTH     REAL        IMAG.       MAG.        PHASE
     1    1   0.0000  -0.2224   1.9346  0.04448   8.2960E-04 -1.1011E-03  1.3787E-03  -53.005
     2    1   0.0000  -0.1779   1.9346  0.04448   1.8920E-03 -1.5880E-03  2.4701E-03  -40.007
     3    1   0.0000  -0.1334   1.9346  0.04448   2.7844E-03 -1.9059E-03  3.3742E-03  -34.392
     4    1   0.0000  -0.0890   1.9346  0.04448   3.4663E-03 -2.0374E-03  4.0208E-03  -30.446
     5    1   0.0000  -0.0445   1.9346  0.04448   3.8947E-03 -1.9632E-03  4.3616E-03  -26.751
     6    1   0.0000   0.0000   1.9346  0.04448   4.0409E-03 -1.7624E-03  4.4085E-03  -23.564
     7    1   0.0000   0.0445   1.9346  0.04448   3.8947E-03 -1.9632E-03  4.3616E-03  -26.751
     8    1   0.0000   0.0890   1.9346  0.04448   3.4663E-03 -2.0374E-03  4.0208E-03  -30.446
     9    1   0.0000   0.1334   1.9346  0.04448   2.7844E-03 -1.9059E-03  3.3742E-03  -34.392
    10    1   0.0000   0.1779   1.9346  0.04448   1.8920E-03 -1.5880E-03  2.4701E-03  -40.007
    11    1   0.0000   0.2224   1.9346  0.04448   8.2960E-04 -1.1011E-03  1.3787E-03  -53.005
    12   11   0.0000  -0.2543   1.9346  0.01935  -3.6803E-05  6.7936E-04  6.8036E-04   93.101
    13   12   0.0000   0.2543   1.9346  0.01935   3.6803E-05 -6.7936E-04  6.8036E-04  -86.899
    14    2   0.0000  -0.2721   1.9346  0.01619  -2.5623E-06  5.8191E-04  5.8191E-04   90.252
    15    2   0.0000  -0.2883   1.9346  0.01619  -4.5351E-06  4.9129E-04  4.9131E-04   90.529
    16    3   0.0000   0.2721   1.9346  0.01619   2.5623E-06 -5.8191E-04  5.8191E-04  -89.748
    17    3   0.0000   0.2883   1.9346  0.01619   4.5351E-06 -4.9129E-04  4.9131E-04  -89.471
    18   21   0.0000  -0.3060   1.9346  0.01935   8.9521E-06  3.8525E-04  3.8535E-04   88.669
    19   31   0.0000   0.3060   1.9346  0.01935  -8.9521E-06 -3.8525E-04  3.8535E-04  -91.331
    20    4   0.0000  -0.3284   1.9346  0.02548   1.5614E-05  3.7410E-04  3.7443E-04   87.610
    21    4   0.0000  -0.3539   1.9346  0.02548   2.7673E-05  3.4851E-04  3.4960E-04   85.460
    22    5   0.0000   0.3284   1.9346  0.02548  -1.5614E-05 -3.7410E-04  3.7443E-04  -92.390
    23    5   0.0000   0.3539   1.9346  0.02548  -2.7673E-05 -3.4851E-04  3.4960E-04  -94.540
    24   41   0.0000  -0.3763   1.9346  0.01935   4.0867E-05  3.0782E-04  3.1052E-04   82.437
    25   51   0.0000   0.3763   1.9346  0.01935  -4.0867E-05 -3.0782E-04  3.1052E-04  -97.563
    26    6   0.0000  -0.3984   1.9346  0.02487   5.7473E-05  3.0011E-04  3.0556E-04   79.159
    27    6   0.0000  -0.4233   1.9346  0.02487   7.3759E-05  2.7908E-04  2.8867E-04   75.196
    28    7   0.0000   0.3984   1.9346  0.02487  -5.7473E-05 -3.0011E-04  3.0556E-04 -100.841
    29    7   0.0000   0.4233   1.9346  0.02487  -7.3759E-05 -2.7908E-04  2.8867E-04 -104.804
    30   61   0.0000  -0.4454   1.9346  0.01935   8.5360E-05  2.4907E-04  2.6330E-04   71.083
    31   71   0.0000   0.4454   1.9346  0.01935  -8.5360E-05 -2.4907E-04  2.6330E-04 -108.917
    32    8   0.0000  -0.4745   1.9346  0.03885   1.0597E-04  2.3116E-04  2.5429E-04   65.372
    33    8   0.0000  -0.5134   1.9346  0.03885   1.1964E-04  1.8562E-04  2.2084E-04   57.195
    34    9   0.0000   0.4745   1.9346  0.03885  -1.0597E-04 -2.3116E-04  2.5429E-04 -114.628
    35    9   0.0000   0.5134   1.9346  0.03885  -1.1964E-04 -1.8562E-04  2.2084E-04 -122.805
    36   81   0.0000  -0.5425   1.9346  0.01935   1.2044E-04  1.3950E-04  1.8430E-04   49.195
    37   91   0.0000   0.5425   1.9346  0.01935  -1.2044E-04 -1.3950E-04  1.8430E-04 -130.805
    38   10   0.0000  -0.5716   1.9346  0.03903   1.5922E-04  1.4099E-04  2.1267E-04   41.527
    39   10   0.0000  -0.6107   1.9346  0.03903   1.9620E-04  1.3440E-04  2.3782E-04   34.411
    40   10   0.0000  -0.6497   1.9346  0.03903   2.1088E-04  1.1593E-04  2.4065E-04   28.800
    41   10   0.0000  -0.6887   1.9346  0.03903   2.0342E-04  8.9636E-05  2.2230E-04   23.780
    42   11   0.0000   0.5716   1.9346  0.03903  -1.5922E-04 -1.4099E-04  2.1267E-04 -138.473
    43   11   0.0000   0.6107   1.9346  0.03903  -1.9620E-04 -1.3440E-04  2.3782E-04 -145.589
    44   11   0.0000   0.6497   1.9346  0.03903  -2.1088E-04 -1.1593E-04  2.4065E-04 -151.200
    45   11   0.0000   0.6887   1.9346  0.03903  -2.0342E-04 -8.9636E-05  2.2230E-04 -156.220
    46  101   0.0000  -0.7179   1.9346  0.01935   1.8601E-04  6.7416E-05  1.9785E-04   19.923
    47  111   0.0000   0.7179   1.9346  0.01935  -1.8601E-04 -6.7416E-05  1.9785E-04 -160.077
    48   12   0.0000  -0.7471   1.9346  0.03896   1.9419E-04  5.7028E-05  2.0240E-04   16.366
    49   12   0.0000  -0.7860   1.9346  0.03896   1.9135E-04  4.3077E-05  1.9614E-04   12.687
    50   12   0.0000  -0.8250   1.9346  0.03896   1.7107E-04  2.9321E-05  1.7356E-04    9.726
    51   12   0.0000  -0.8640   1.9346  0.03896   1.3637E-04  1.7295E-05  1.3746E-04    7.228
    52   12   0.0000  -0.9029   1.9346  0.03896   8.9917E-05  7.9402E-06  9.0267E-05    5.047
    53   12   0.0000  -0.9419   1.9346  0.03896   3.3304E-05  1.8075E-06  3.3353E-05    3.107
    54   13   0.0000   0.7471   1.9346  0.03896  -1.9419E-04 -5.7028E-05  2.0240E-04 -163.634
    55   13   0.0000   0.7860   1.9346  0.03896  -1.9135E-04 -4.3077E-05  1.9614E-04 -167.313
    56   13   0.0000   0.8250   1.9346  0.03896  -1.7107E-04 -2.9321E-05  1.7356E-04 -170.274
    57   13   0.0000   0.8640   1.9346  0.03896  -1.3637E-04 -1.7295E-05  1.3746E-04 -172.772
    58   13   0.0000   0.9029   1.9346  0.03896  -8.9917E-05 -7.9402E-06  9.0267E-05 -174.953
    59   13   0.0000   0.9419   1.9346  0.03896  -3.3304E-05 -1.8075E-06  3.3353E-05 -176.893



                                        - - - POWER BUDGET - - -

                                           INPUT POWER   = 2.0204E-03 WATTS
                                           RADIATED POWER= 1.0016E-03 WATTS
                                           STRUCTURE LOSS= 1.0188E-03 WATTS
                                           NETWORK LOSS  = 0.0000E+00 WATTS
                                           EFFICIENCY    =  49.57 PERCENT



                                                - - - RADIATION PATTERNS - - -

  - - ANGLES - -           - POWER GAINS -       - - - POLARIZATION - - -    - - - E(THETA) - - -    - - - E(PHI) - - -
  THETA     PHI        VERT.   HOR.    TOTAL      AXIAL     TILT   SENSE     MAGNITUDE    PHASE      MAGNITUDE    PHASE 
 DEGREES  DEGREES       DB      DB      DB        RATIO     DEG.              VOLTS/M    DEGREES      VOLTS/M    DEGREES
  -90.00     0.00    -999.99 -199.40 -199.40    0.00000     0.00            0.00000E+00     0.00    3.73149E-11   135.25
  -85.00     0.00    -999.99    3.34    3.34    0.00000    90.00  LINEAR    0.00000E+00     0.00    5.11294E-01   -44.39
  -80.00     0.00    -999.99    2.95    2.95    0.00000    90.00  LINEAR    0.00000E+00     0.00    4.88688E-01   -42.08
  -75.00     0.00    -999.99  -18.50  -18.50    0.00000    90.00  LINEAR    0.00000E+00     0.00    4.13735E-02    56.75
  -70.00     0.00    -999.99    2.60    2.60    0.00000   -90.00  LINEAR    0.00000E+00     0.00    4.69261E-01   132.57
  -65.00     0.00    -999.99    2.90    2.90    0.00000   -90.00  LINEAR    0.00000E+00     0.00    4.85899E-01   138.90
  -60.00     0.00    -999.99   -9.12   -9.12    0.00000   -90.00  LINEAR    0.00000E+00     0.00    1.21814E-01   171.87
  -55.00     0.00    -999.99   -0.14   -0.14    0.00000    90.00  LINEAR    0.00000E+00     0.00    3.42521E-01   -55.12
  -50.00     0.00    -999.99    3.30    3.30    0.00000    90.00  LINEAR    0.00000E+00     0.00    5.08790E-01   -44.90
  -45.00     0.00    -999.99    0.48    0.48    0.00000    90.00  LINEAR    0.00000E+00     0.00    3.67745E-01   -34.19
  -40.00     0.00    -999.99   -9.81   -9.81    0.00000    90.00  LINEAR    0.00000E+00     0.00    1.12506E-01    22.77
  -35.00     0.00    -999.99   -1.99   -1.99    0.00000   -90.00  LINEAR    0.00000E+00     0.00    2.76630E-01   115.24
  -30.00     0.00    -999.99    2.07    2.07    0.00000   -90.00  LINEAR    0.00000E+00     0.00    4.41514E-01   128.50
  -25.00     0.00    -999.99    2.79    2.79    0.00000   -90.00  LINEAR    0.00000E+00     0.00    4.79984E-01   135.52
  -20.00     0.00    -999.99    1.86    1.86    0.00000   -90.00  LINEAR    0.00000E+00     0.00    4.31254E-01   141.93
  -15.00     0.00    -999.99    0.02    0.02    0.00000   -90.00  LINEAR    0.00000E+00     0.00    3.49013E-01   149.21
  -10.00     0.00    -999.99   -2.09   -2.09    0.00000   -90.00  LINEAR    0.00000E+00     0.00    2.73691E-01   157.67
   -5.00     0.00    -999.99   -3.75   -3.75    0.00000   -90.00  LINEAR    0.00000E+00     0.00    2.25898E-01   165.62
    0.00     0.00    -999.99   -4.38   -4.38    0.00000   -90.00  LINEAR    0.00000E+00     0.00    2.10247E-01   169.08
    5.00     0.00    -999.99   -3.75   -3.75    0.00000   -90.00  LINEAR    0.00000E+00     0.00    2.25898E-01   165.62
   10.00     0.00    -999.99   -2.09   -2.09    0.00000   -90.00  LINEAR    0.00000E+00     0.00    2.73691E-01   157.67
   15.00     0.00    -999.99    0.02    0.02    0.00000   -90.00  LINEAR    0.00000E+00     0.00    3.49013E-01   149.21
   20.00     0.00    -999.99    1.86    1.86    0.00000   -90.00  LINEAR    0.00000E+00     0.00    4.31254E-01   141.93
   25.00     0.00    -999.99    2.79    2.79    0.00000   -90.00  LINEAR    0.00000E+00     0.00    4.79984E-01   135.52
   30.00     0.00    -999.99    2.07    2.07    0.00000   -90.00  LINEAR    0.00000E+00     0.00    4.41514E-01   128.50
   35.00     0.00    -999.99   -1.99   -1.99    0.00000   -90.00  LINEAR    0.00000E+00     0.00    2.76630E-01   115.24
   40.00     0.00    -999.99   -9.81   -9.81    0.00000    90.00  LINEAR    0.00000E+00     0.00    1.12506E-01    22.77
   45.00     0.00    -999.99    0.48    0.48    0.00000    90.00  LINEAR    0.00000E+00     0.00    3.67745E-01   -34.19
   50.00     0.00    -999.99    3.30    3.30    0.00000    90.00  LINEAR    0.00000E+00     0.00    5.08790E-01   -44.90
   55.00     0.00    -999.99   -0.14   -0.14    0.00000    90.00  LINEAR    0.00000E+00     0.00    3.42521E-01   -55.12
   60.00     0.00    -999.99   -9.12   -9.12    0.00000   -90.00  LINEAR    0.00000E+00     0.00    1.21814E-01   171.87
   65.00     0.00    -999.99    2.90    2.90    0.00000   -90.00  LINEAR    0.00000E+00     0.00    4.85899E-01   138.90
   70.00     0.00    -999.99    2.60    2.60    0.00000   -90.00  LINEAR    0.00000E+00     0.00    4.69261E-01   132.57
   75.00     0.00    -999.99  -18.50  -18.50    0.00000    90.00  LINEAR    0.00000E+00     0.00    4.13735E-02    56.75
   80.00     0.00    -999.99    2.95    2.95    0.00000    90.00  LINEAR    0.00000E+00     0.00    4.88688E-01   -42.08
   85.00     0.00    -999.99    3.34    3.34    0.00000    90.00  LINEAR    0.00000E+00     0.00    5.11294E-01   -44.39
   90.00     0.00    -999.99 -199.40 -199.40    0.00000     0.00            0.00000E+00     0.00    3.73149E-11   135.25




                                 - - - - - - FREQUENCY - - - - - -

                                    FREQUENCY= 3.0000E+01 MHZ
                                    WAVELENGTH= 9.9933E+00 METERS




                    APPROXIMATE INTEGRATION EMPLOYED FOR SEGMENTS MORE THAN   1.000 WAVELENGTHS APART



                               - - - STRUCTURE IMPEDANCE LOADING - - -


       LOCATION          RESISTANCE   INDUCTANCE  CAPACITANCE       IMPEDANCE (OHMS)     CONDUCTIVITY    TYPE
    ITAG FROM THRU          OHMS        HENRYS       FARADS        REAL      IMAGINARY    MHOS/METER

      11    1    1      2.5757E+03   2.1462E-06   1.5000E-11                                          PARALLEL

      12    1    1      2.5757E+03   2.1462E-06   1.5000E-11                                          PARALLEL

      21    1    1      6.5976E+03   5.4976E-06   1.0400E-11                                          PARALLEL

      31    1    1      6.5976E+03   5.4976E-06   1.0400E-11                                          PARALLEL

      41    1    1      9.5357E+03   7.9458E-06   1.6150E-11                                          PARALLEL

      51    1    1      9.5357E+03   7.9458E-06   1.6150E-11                                          PARALLEL

      61    1    1      1.4872E+04   1.2392E-05   2.0000E-11                                          PARALLEL

      71    1    1      1.4872E+04   1.2392E-05   2.0000E-11                                          PARALLEL

      81    1    1      8.8382E+04   7.3646E-05   7.0000E-12                                          PARALLEL

      91    1    1      8.8382E+04   7.3646E-05   7.0000E-12                                          PARALLEL

     101    1    1      1.7754E+05   1.4794E-04   1.3900E-11                                          PARALLEL

     111    1    1      1.7754E+05   1.4794E-04   1.3900E-11                                          PARALLEL



                                  - - - ANTENNA ENVIRONMENT - - -

                                        FINITE GROUND.  SOMMERFELD SOLUTION
                                        RELATIVE DIELECTRIC CONST.= 13.000
                                        CONDUCTIVITY= 5.000E-03 MHOS/METER
                                        COMPLEX DIELECTRIC CONSTANT= 1.30000E+01-2.99600E+00



                                - - - MATRIX TIMING - - -

                        FILL=    0.016 SEC.,  FACTOR=    0.000 SEC.



                                          - - - ANTENNA INPUT PARAMETERS - - -

   TAG   SEG.    VOLTAGE (VOLTS)         CURRENT (AMPS)         IMPEDANCE (OHMS)        ADMITTANCE (MHOS)      POWER
   NO.   NO.    REAL        IMAG.       REAL        IMAG.       REAL        IMAG.       REAL        IMAG.     (WATTS)
     1     6 1.00000E+00 0.00000E+00 2.70651E-03-2.25571E-03 2.18031E+02 1.81715E+02 2.70651E-03-2.25571E-03 1.35325E-03



                             - - - CURRENTS AND LOCATION - - -

                                 DISTANCES IN WAVELENGTHS


  SEG.  TAG    COORD. OF SEG. CENTER     SEG.            - - - CURRENT (AMPS) - - -
  NO.   NO.     X        Y        Z      LENGTH     REAL        IMAG.       MAG.        PHASE
     1    1   0.0000  -0.2301   2.0013  0.04601   5.4513E-04 -1.1668E-03  1.2879E-03  -64.959
     2    1   0.0000  -0.1841   2.0013  0.04601   1.2540E-03 -1.8025E-03  2.1958E-03  -55.174
     3    1   0.0000  -0.1380   2.0013  0.04601   1.8545E-03 -2.2444E-03  2.9114E-03  -50.433
     4    1   0.0000  -0.0920   2.0013  0.04601   2.3161E-03 -2.4675E-03  3.3842E-03  -46.812
     5    1   0.0000  -0.0460   2.0013  0.04601   2.6071E-03 -2.4451E-03  3.5743E-03  -43.164
     6    1   0.0000   0.0000   2.0013  0.04601   2.7065E-03 -2.2557E-03  3.5233E-03  -39.809
     7    1   0.0000   0.0460   2.0013  0.04601   2.6071E-03 -2.4451E-03  3.5743E-03  -43.164
     8    1   0.0000   0.0920   2.0013  0.04601   2.3161E-03 -2.4675E-03  3.3842E-03  -46.812
     9    1   0.0000   0.1380   2.0013  0.04601   1.8545E-03 -2.2444E-03  2.9114E-03  -50.433
    10    1   0.0000   0.1841   2.0013  0.04601   1.2540E-03 -1.8025E-03  2.1958E-03  -55.174
    11    1   0.0000   0.2301   2.0013  0.04601   5.4513E-04 -1.1668E-03  1.2879E-03  -64.959
    12   11   0.0000  -0.2631   2.0013  0.02001  -2.0332E-05  6.3612E-04  6.3644E-04   91.831
    13   12   0.0000   0.2631   2.0013  0.02001   2.0332E-05 -6.3612E-04  6.3644E-04  -88.169
    14    2   0.0000  -0.2815   2.0013  0.01675   1.0014E-05  5.4383E-04  5.4392E-04   88.945
    15    2   0.0000  -0.2982   2.0013  0.01675   1.4991E-05  4.6440E-04  4.6464E-04   88.151
    16    3   0.0000   0.2815   2.0013  0.01675  -1.0014E-05 -5.4383E-04  5.4392E-04  -91.055
    17    3   0.0000   0.2982   2.0013  0.01675  -1.4991E-05 -4.6440E-04  4.6464E-04  -91.849
    18   21   0.0000  -0.3166   2.0013  0.02001   2.9162E-05  3.6757E-04  3.6873E-04   85.464
    19   31   0.0000   0.3166   2.0013  0.02001  -2.9162E-05 -3.6757E-04  3.6873E-04  -94.536
    20    4   0.0000  -0.3398   2.0013  0.02636   4.1893E-05  3.5356E-04  3.5603E-04   83.242
    21    4   0.0000  -0.3661   2.0013  0.02636   5.5928E-05  3.2438E-04  3.2917E-04   80.218
    22    5   0.0000   0.3398   2.0013  0.02636  -4.1893E-05 -3.5356E-04  3.5603E-04  -96.758
    23    5   0.0000   0.3661   2.0013  0.02636  -5.5928E-05 -3.2438E-04  3.2917E-04  -99.782
    24   41   0.0000  -0.3893   2.0013  0.02001   6.7119E-05  2.8179E-04  2.8967E-04   76.602
    25   51   0.0000   0.3893   2.0013  0.02001  -6.7119E-05 -2.8179E-04  2.8967E-04 -103.398
    26    6   0.0000  -0.4122   2.0013  0.02572   8.3215E-05  2.6902E-04  2.8160E-04   72.812
    27    6   0.0000  -0.4379   2.0013  0.02572   9.6730E-05  2.4404E-04  2.6251E-04   68.378
    28    7   0.0000   0.4122   2.0013  0.02572  -8.3215E-05 -2.6902E-04  2.8160E-04 -107.188
    29    7   0.0000   0.4379   2.0013  0.02572  -9.6730E-05 -2.4404E-04  2.6251E-04 -111.622
    30   61   0.0000  -0.4608   2.0013  0.02001   1.0418E-04  2.1224E-04  2.3643E-04   63.854
    31   71   0.0000   0.4608   2.0013  0.02001  -1.0418E-04 -2.1224E-04  2.3643E-04 -116.146
    32    8   0.0000  -0.4909   2.0013  0.04019   1.2030E-04  1.8927E-04  2.2426E-04   57.560
    33    8   0.0000  -0.5311   2.0013  0.04019   1.2606E-04  1.4242E-04  1.9019E-04   48.487
    34    9   0.0000   0.4909   2.0013  0.04019  -1.2030E-04 -1.8927E-04  2.2426E-04 -122.440
    35    9   0.0000   0.5311   2.0013  0.04019  -1.2606E-04 -1.4242E-04  1.9019E-04 -131.513
    36   81   0.0000  -0.5612   2.0013  0.02001   1.2012E-04  9.8859E-05  1.5557E-04   39.454
    37   91   0.0000   0.5612   2.0013  0.02001  -1.2012E-04 -9.8859E-05  1.5557E-04 -140.546
    38   10   0.0000  -0.5914   2.0013  0.04037   1.5201E-04  8.9815E-05  1.7656E-04   30.577
    39   10   0.0000  -0.6317   2.0013  0.04037   1.8058E-04  7.3877E-05  1.9511E-04   22.250
    40   10   0.0000  -0.6721   2.0013  0.04037   1.8864E-04  5.2947E-05  1.9593E-04   15.678
    41   10   0.0000  -0.7125   2.0013  0.04037   1.7723E-04  3.0651E-05  1.7986E-04    9.812
    42   11   0.0000   0.5914   2.0013  0.04037  -1.5201E-04 -8.9815E-05  1.7656E-04 -149.423
    43   11   0.0000   0.6317   2.0013  0.04037  -1.8058E-04 -7.3877E-05  1.9511E-04 -157.750
    44   11   0.0000   0.6721   2.0013  0.04037  -1.8864E-04 -5.2947E-05  1.9593E-04 -164.322
    45   11   0.0000   0.7125   2.0013  0.04037  -1.7723E-04 -3.0651E-05  1.7986E-04 -170.188
    46  101   0.0000  -0.7427   2.0013  0.02001   1.5868E-04  1.4750E-05  1.5936E-04    5.311
    47  111   0.0000   0.7427   2.0013  0.02001  -1.5868E-04 -1.4750E-05  1.5936E-04 -174.689
    48   12   0.0000  -0.7728   2.0013  0.04031   1.6235E-04  3.2783E-06  1.6238E-04    1.157
    49   12   0.0000  -0.8131   2.0013  0.04031   1.5647E-04 -8.5606E-06  1.5670E-04   -3.132
    50   12   0.0000  -0.8534   2.0013  0.04031   1.3719E-04 -1.5807E-05  1.3809E-04   -6.573
    51   12   0.0000  -0.8938   2.0013  0.04031   1.0738E-04 -1.7905E-05  1.0886E-04   -9.467
    52   12   0.0000  -0.9341   2.0013  0.04031   6.9545E-05 -1.4769E-05  7.1096E-05  -11.989
    53   12   0.0000  -0.9744   2.0013  0.04031   2.5300E-05 -6.4171E-06  2.6101E-05  -14.232
    54   13   0.0000   0.7728   2.0013  0.04031  -1.6235E-04 -3.2783E-06  1.6238E-04 -178.843
    55   13   0.0000   0.8131   2.0013  0.04031  -1.5647E-04  8.5606E-06  1.5670E-04  176.868
    56   13   0.0000   0.8534   2.0013  0.04031  -1.3719E-04  1.5807E-05  1.3809E-04  173.427
    57   13   0.0000   0.8938   2.0013  0.04031  -1.0738E-04  1.7905E-05  1.0886E-04  170.533
    58   13   0.0000   0.9341   2.0013  0.04031  -6.9545E-05  1.4769E-05  7.1096E-05  168.011
    59   13   0.0000   0.9744   2.0013  0.04031  -2.5300E-05  6.4171E-06  2.6101E-05  165.768



                                        - - - POWER BUDGET - - -

                                           INPUT POWER   = 1.3533E-03 WATTS
                                           RADIATED POWER= 7.6342E-04 WATTS
                                           STRUCTURE LOSS= 5.8984E-04 WATTS
                                           NETWORK LOSS  = 0.0000E+00 WATTS
                                           EFFICIENCY    =  56.41 PERCENT



                                                - - - RADIATION PATTERNS - - -

  - - ANGLES - -           - POWER GAINS -       - - - POLARIZATION - - -    - - - E(THETA) - - -    - - - E(PHI) - - -
  THETA     PHI        VERT.   HOR.    TOTAL      AXIAL     TILT   SENSE     MAGNITUDE    PHASE      MAGNITUDE    PHASE 
 DEGREES  DEGREES       DB      DB      DB        RATIO     DEG.              VOLTS/M    DEGREES      VOLTS/M    DEGREES
  -90.00     0.00    -999.99 -198.20 -198.20    0.00000     0.00            0.00000E+00     0.00    3.50282E-11   119.95
  -85.00     0.00    -999.99    4.41    4.41    0.00000    90.00  LINEAR    0.00000E+00     0.00    4.73140E-01   -59.66
  -80.00     0.00    -999.99    3.43    3.43    0.00000    90.00  LINEAR    0.00000E+00     0.00    4.22853E-01   -57.12
  -75.00     0.00    -999.99  -11.97  -11.97    0.00000    90.00  LINEAR    0.00000E+00     0.00    7.17828E-02    89.99
  -70.00     0.00    -999.99    4.12    4.12    0.00000   -90.00  LINEAR    0.00000E+00     0.00    4.57717E-01   118.23
  -65.00     0.00    -999.99    2.91    2.91    0.00000   -90.00  LINEAR    0.00000E+00     0.00    3.98386E-01   125.20
  -60.00     0.00    -999.99  -12.51  -12.51    0.00000   -90.00  LINEAR    0.00000E+00     0.00    6.74844E-02  -141.06
  -55.00     0.00    -999.99    2.59    2.59    0.00000    90.00  LINEAR    0.00000E+00     0.00    3.83887E-01   -66.43
  -50.00     0.00    -999.99    3.93    3.93    0.00000    90.00  LINEAR    0.00000E+00     0.00    4.47766E-01   -57.41
  -45.00     0.00    -999.99   -1.67   -1.67    0.00000    90.00  LINEAR    0.00000E+00     0.00    2.35030E-01   -40.82
  -40.00     0.00    -999.99   -6.22   -6.22    0.00000    90.00  LINEAR    0.00000E+00     0.00    1.39228E-01    78.18
  -35.00     0.00    -999.99    1.90    1.90    0.00000   -90.00  LINEAR    0.00000E+00     0.00    3.54324E-01   109.58
  -30.00     0.00    -999.99    3.75    3.75    0.00000   -90.00  LINEAR    0.00000E+00     0.00    4.38536E-01   118.52
  -25.00     0.00    -999.99    2.92    2.92    0.00000   -90.00  LINEAR    0.00000E+00     0.00    3.98684E-01   126.00
  -20.00     0.00    -999.99    0.37    0.37    0.00000   -90.00  LINEAR    0.00000E+00     0.00    2.97094E-01   135.77
  -15.00     0.00    -999.99   -3.35   -3.35    0.00000   -90.00  LINEAR    0.00000E+00     0.00    1.93778E-01   152.17
  -10.00     0.00    -999.99   -6.78   -6.78    0.00000   -90.00  LINEAR    0.00000E+00     0.00    1.30489E-01   179.96
   -5.00     0.00    -999.99   -7.80   -7.80    0.00000   -90.00  LINEAR    0.00000E+00     0.00    1.15989E-01  -151.98
    0.00     0.00    -999.99   -7.69   -7.69    0.00000   -90.00  LINEAR    0.00000E+00     0.00    1.17549E-01  -141.94
    5.00     0.00    -999.99   -7.80   -7.80    0.00000   -90.00  LINEAR    0.00000E+00     0.00    1.15989E-01  -151.98
   10.00     0.00    -999.99   -6.78   -6.78    0.00000   -90.00  LINEAR    0.00000E+00     0.00    1.30489E-01   179.96
   15.00     0.00    -999.99   -3.35   -3.35    0.00000   -90.00  LINEAR    0.00000E+00     0.00    1.93778E-01   152.17
   20.00     0.00    -999.99    0.37    0.37    0.00000   -90.00  LINEAR    0.00000E+00     0.00    2.97094E-01   135.77
   25.00     0.00    -999.99    2.92    2.92    0.00000   -90.00  LINEAR    0.00000E+00     0.00    3.98684E-01   126.00
   30.00     0.00    -999.99    3.75    3.75    0.00000   -90.00  LINEAR    0.00000E+00     0.00    4.38536E-01   118.52
   35.00     0.00    -999.99    1.90    1.90    0.00000   -90.00  LINEAR    0.00000E+00     0.00    3.54324E-01   109.58
   40.00     0.00    -999.99   -6.22   -6.22    0.00000    90.00  LINEAR    0.00000E+00     0.00    1.39228E-01    78.18
   45.00     0.00    -999.99   -1.67   -1.67    0.00000    90.00  LINEAR    0.00000E+00     0.00    2.35030E-01   -40.82
   50.00     0.00    -999.99    3.93    3.93    0.00000    90.00  LINEAR    0.00000E+00     0.00    4.47766E-01   -57.41
   55.00     0.00    -999.99    2.59    2.59    0.00000    90.00  LINEAR    0.00000E+00     0.00    3.83887E-01   -66.43
   60.00     0.00    -999.99  -12.51  -12.51    0.00000   -90.00  LINEAR    0.00000E+00     0.00    6.74844E-02  -141.06
   65.00     0.00    -999.99    2.91    2.91    0.00000   -90.00  LINEAR    0.00000E+00     0.00    3.98386E-01   125.20
   70.00     0.00    -999.99    4.12    4.12    0.00000   -90.00  LINEAR    0.00000E+00     0.00    4.57717E-01   118.23
   75.00     0.00    -999.99  -11.97  -11.97    0.00000    90.00  LINEAR    0.00000E+00     0.00    7.17828E-02    89.99
   80.00     0.00    -999.99    3.43    3.43    0.00000    90.00  LINEAR    0.00000E+00     0.00    4.22853E-01   -57.12
   85.00     0.00    -999.99    4.41    4.41    0.00000    90.00  LINEAR    0.00000E+00     0.00    4.73140E-01   -59.66
   90.00     0.00    -999.99 -198.20 -198.20    0.00000     0.00            0.00000E+00     0.00    3.50282E-11   119.95
 ***** DATA CARD NO. 19   EN   0    37     1  1000 -9.00000E+01  0.00000E+00  5.00000E+00  0.00000E+00  0.00000E+00  0.00000E+00

 RUN TIME =     2.672
