# NEC-5 (licensed nec5cl) total power gain, dBi, for op_plumb_buried.nec5.nec: rows theta 0..89 deg from the ground normal, columns phi 0..360 deg (ground frame, phi 180 = downhill); nulls floored at -40; Z = 58.085-3.661j ohm
theta\phi,0,1,2,3,4,5,6,7,8,9,10,11,12,13,14,15,16,17,18,19,20,21,22,23,24,25,26,27,28,29,30,31,32,33,34,35,36,37,38,39,40,41,42,43,44,45,46,47,48,49,50,51,52,53,54,55,56,57,58,59,60,61,62,63,64,65,66,67,68,69,70,71,72,73,74,75,76,77,78,79,80,81,82,83,84,85,86,87,88,89,90,91,92,93,94,95,96,97,98,99,100,101,102,103,104,105,106,107,108,109,110,111,112,113,114,115,116,117,118,119,120,121,122,123,124,125,126,127,128,129,130,131,132,133,134,135,136,137,138,139,140,141,142,143,144,145,146,147,148,149,150,151,152,153,154,155,156,157,158,159,160,161,162,163,164,165,166,167,168,169,170,171,172,173,174,175,176,177,178,179,180,181,182,183,184,185,186,187,188,189,190,191,192,193,194,195,196,197,198,199,200,201,202,203,204,205,206,207,208,209,210,211,212,213,214,215,216,217,218,219,220,221,222,223,224,225,226,227,228,229,230,231,232,233,234,235,236,237,238,239,240,241,242,243,244,245,246,247,248,249,250,251,252,253,254,255,256,257,258,259,260,261,262,263,264,265,266,267,268,269,270,271,272,273,274,275,276,277,278,279,280,281,282,283,284,285,286,287,288,289,290,291,292,293,294,295,296,297,298,299,300,301,302,303,304,305,306,307,308,309,310,311,312,313,314,315,316,317,318,319,320,321,322,323,324,325,326,327,328,329,330,331,332,333,334,335,336,337,338,339,340,341,342,343,344,345,346,347,348,349,350,351,352,353,354,355,356,357,358,359,360
0,-8.17,-8.17,-8.17,-8.17,-8.17,-8.17,-8.17,-8.17,-8.17,-8.17,-8.17,-8.17,-8.17,-8.17,-8.17,-8.17,-8.17,-8.17,-8.17,-8.17,-8.17,-8.17,-8.17,-8.17,-8.17,-8.17,-8.17,-8.17,-8.17,-8.17,-8.17,-8.17,-8.17,-8.17,-8.17,-8.17,-8.17,-8.17,-8.17,-8.17,-8.17,-8.17,-8.17,-8.17,-8.17,-8.17,-8.17,-8.17,-8.17,-8.17,-8.17,-8.17,-8.17,-8.17,-8.17,-8.17,-8.17,-8.17,-8.17,-8.17,-8.17,-8.17,-8.17,-8.17,-8.17,-8.17,-8.17,-8.17,-8.17,-8.17,-8.17,-8.17,-8.17,-8.17,-8.17,-8.17,-8.17,-8.17,-8.17,-8.17,-8.17,-8.17,-8.17,-8.17,-8.17,-8.17,-8.17,-8.17,-8.17,-8.17,-8.17,-8.17,-8.17,-8.17,-8.17,-8.17,-8.17,-8.17,-8.17,-8.17,-8.17,-8.17,-8.17,-8.17,-8.17,-8.17,-8.17,-8.17,-8.17,-8.17,-8.17,-8.17,-8.17,-8.17,-8.17,-8.17,-8.17,-8.17,-8.17,-8.17,-8.17,-8.17,-8.17,-8.17,-8.17,-8.17,-8.17,-8.17,-8.17,-8.17,-8.17,-8.17,-8.17,-8.17,-8.17,-8.17,-8.17,-8.17,-8.17,-8.17,-8.17,-8.17,-8.17,-8.17,-8.17,-8.17,-8.17,-8.17,-8.17,-8.17,-8.17,-8.17,-8.17,-8.17,-8.17,-8.17,-8.17,-8.17,-8.17,-8.17,-8.17,-8.17,-8.17,-8.17,-8.17,-8.17,-8.17,-8.17,-8.17,-8.17,-8.17,-8.17,-8.17,-8.17,-8.17,-8.17,-8.17,-8.17,-8.17,-8.17,-8.17,-8.17,-8.17,-8.17,-8.17,-8.17,-8.17,-8.17,-8.17,-8.17,-8.17,-8.17,-8.17,-8.17,-8.17,-8.17,-8.17,-8.17,-8.17,-8.17,-8.17,-8.17,-8.17,-8.17,-8.17,-8.17,-8.17,-8.17,-8.17,-8.17,-8.17,-8.17,-8.17,-8.17,-8.17,-8.17,-8.17,-8.17,-8.17,-8.17,-8.17,-8.17,-8.17,-8.17,-8.17,-8.17,-8.17,-8.17,-8.17,-8.17,-8.17,-8.17,-8.17,-8.17,-8.17,-8.17,-8.17,-8.17,-8.17,-8.17,-8.17,-8.17,-8.17,-8.17,-8.17,-8.17,-8.17,-8.17,-8.17,-8.17,-8.17,-8.17,-8.17,-8.17,-8.17,-8.17,-8.17,-8.17,-8.17,-8.17,-8.17,-8.17,-8.17,-8.17,-8.17,-8.17,-8.17,-8.17,-8.17,-8.17,-8.17,-8.17,-8.17,-8.17,-8.17,-8.17,-8.17,-8.17,-8.17,-8.17,-8.17,-8.17,-8.17,-8.17,-8.17,-8.17,-8.17,-8.17,-8.17,-8.17,-8.17,-8.17,-8.17,-8.17,-8.17,-8.17,-8.17,-8.17,-8.17,-8.17,-8.17,-8.17,-8.17,-8.17,-8.17,-8.17,-8.17,-8.17,-8.17,-8.17,-8.17,-8.17,-8.17,-8.17,-8.17,-8.17,-8.17,-8.17,-8.17,-8.17,-8.17,-8.17,-8.17,-8.17,-8.17,-8.17,-8.17,-8.17,-8.17,-8.17,-8.17,-8.17,-8.17,-8.17,-8.17,-8.17,-8.17,-8.17,-8.17,-8.17,-8.17,-8.17,-8.17,-8.17,-8.17,-8.17,-8.17,-8.17,-8.17,-8.17,-8.17,-8.17,-8.17,-8.17,-8.17,-8.17,-8.17,-8.17,-8.17,-8.17,-8.17
1,-8.30,-8.30,-8.30,-8.30,-8.30,-8.30,-8.30,-8.30,-8.30,-8.30,-8.30,-8.30,-8.30,-8.30,-8.30,-8.30,-8.29,-8.29,-8.29,-8.29,-8.29,-8.29,-8.29,-8.29,-8.29,-8.29,-8.29,-8.29,-8.28,-8.28,-8.28,-8.28,-8.28,-8.28,-8.28,-8.28,-8.27,-8.27,-8.27,-8.27,-8.27,-8.27,-8.27,-8.26,-8.26,-8.26,-8.26,-8.26,-8.26,-8.25,-8.25,-8.25,-8.25,-8.25,-8.25,-8.24,-8.24,-8.24,-8.24,-8.24,-8.23,-8.23,-8.23,-8.23,-8.23,-8.22,-8.22,-8.22,-8.22,-8.22,-8.21,-8.21,-8.21,-8.21,-8.21,-8.20,-8.20,-8.20,-8.20,-8.19,-8.19,-8.19,-8.19,-8.19,-8.18,-8.18,-8.18,-8.18,-8.17,-8.17,-8.17,-8.17,-8.17,-8.16,-8.16,-8.16,-8.16,-8.15,-8.15,-8.15,-8.15,-8.15,-8.14,-8.14,-8.14,-8.14,-8.14,-8.13,-8.13,-8.13,-8.13,-8.12,-8.12,-8.12,-8.12,-8.12,-8.11,-8.11,-8.11,-8.11,-8.11,-8.11,-8.10,-8.10,-8.10,-8.10,-8.10,-8.09,-8.09,-8.09,-8.09,-8.09,-8.09,-8.08,-8.08,-8.08,-8.08,-8.08,-8.08,-8.08,-8.07,-8.07,-8.07,-8.07,-8.07,-8.07,-8.07,-8.07,-8.06,-8.06,-8.06,-8.06,-8.06,-8.06,-8.06,-8.06,-8.06,-8.05,-8.05,-8.05,-8.05,-8.05,-8.05,-8.05,-8.05,-8.05,-8.05,-8.05,-8.05,-8.05,-8.05,-8.05,-8.05,-8.05,-8.05,-8.05,-8.05,-8.05,-8.05,-8.05,-8.05,-8.05,-8.05,-8.05,-8.05,-8.05,-8.05,-8.05,-8.05,-8.05,-8.05,-8.05,-8.05,-8.05,-8.05,-8.05,-8.05,-8.05,-8.05,-8.05,-8.05,-8.05,-8.05,-8.05,-8.06,-8.06,-8.06,-8.06,-8.06,-8.06,-8.06,-8.06,-8.06,-8.07,-8.07,-8.07,-8.07,-8.07,-8.07,-8.07,-8.07,-8.08,-8.08,-8.08,-8.08,-8.08,-8.08,-8.08,-8.09,-8.09,-8.09,-8.09,-8.09,-8.09,-8.10,-8.10,-8.10,-8.10,-8.10,-8.11,-8.11,-8.11,-8.11,-8.11,-8.11,-8.12,-8.12,-8.12,-8.12,-8.12,-8.13,-8.13,-8.13,-8.13,-8.14,-8.14,-8.14,-8.14,-8.14,-8.15,-8.15,-8.15,-8.15,-8.15,-8.16,-8.16,-8.16,-8.16,-8.17,-8.17,-8.17,-8.17,-8.17,-8.18,-8.18,-8.18,-8.18,-8.19,-8.19,-8.19,-8.19,-8.19,-8.20,-8.20,-8.20,-8.20,-8.21,-8.21,-8.21,-8.21,-8.21,-8.22,-8.22,-8.22,-8.22,-8.22,-8.23,-8.23,-8.23,-8.23,-8.23,-8.24,-8.24,-8.24,-8.24,-8.24,-8.25,-8.25,-8.25,-8.25,-8.25,-8.25,-8.26,-8.26,-8.26,-8.26,-8.26,-8.26,-8.27,-8.27,-8.27,-8.27,-8.27,-8.27,-8.27,-8.28,-8.28,-8.28,-8.28,-8.28,-8.28,-8.28,-8.28,-8.29,-8.29,-8.29,-8.29,-8.29,-8.29,-8.29,-8.29,-8.29,-8.29,-8.29,-8.29,-8.30,-8.30,-8.30,-8.30,-8.30,-8.30,-8.30,-8.30,-8.30,-8.30,-8.30,-8.30,-8.30,-8.30,-8.30,-8.30
2,-8.42,-8.42,-8.42,-8.42,-8.42,-8.42,-8.42,-8.42,-8.42,-8.42,-8.42,-8.42,-8.42,-8.42,-8.41,-8.41,-8.41,-8.41,-8.41,-8.41,-8.41,-8.40,-8.40,-8.40,-8.40,-8.40,-8.39,-8.39,-8.39,-8.39,-8.39,-8.38,-8.38,-8.38,-8.38,-8.37,-8.37,-8.37,-8.36,-8.36,-8.36,-8.36,-8.35,-8.35,-8.35,-8.34,-8.34,-8.34,-8.33,-8.33,-8.33,-8.32,-8.32,-8.32,-8.31,-8.31,-8.30,-8.30,-8.30,-8.29,-8.29,-8.28,-8.28,-8.28,-8.27,-8.27,-8.26,-8.26,-8.26,-8.25,-8.25,-8.24,-8.24,-8.23,-8.23,-8.23,-8.22,-8.22,-8.21,-8.21,-8.20,-8.20,-8.19,-8.19,-8.19,-8.18,-8.18,-8.17,-8.17,-8.16,-8.16,-8.15,-8.15,-8.15,-8.14,-8.14,-8.13,-8.13,-8.12,-8.12,-8.12,-8.11,-8.11,-8.10,-8.10,-8.09,-8.09,-8.09,-8.08,-8.08,-8.07,-8.07,-8.07,-8.06,-8.06,-8.05,-8.05,-8.05,-8.04,-8.04,-8.03,-8.03,-8.03,-8.02,-8.02,-8.02,-8.01,-8.01,-8.01,-8.00,-8.00,-8.00,-7.99,-7.99,-7.99,-7.98,-7.98,-7.98,-7.98,-7.97,-7.97,-7.97,-7.96,-7.96,-7.96,-7.96,-7.95,-7.95,-7.95,-7.95,-7.95,-7.94,-7.94,-7.94,-7.94,-7.94,-7.93,-7.93,-7.93,-7.93,-7.93,-7.93,-7.93,-7.92,-7.92,-7.92,-7.92,-7.92,-7.92,-7.92,-7.92,-7.92,-7.92,-7.92,-7.92,-7.91,-7.91,-7.91,-7.91,-7.91,-7.91,-7.91,-7.91,-7.91,-7.91,-7.91,-7.92,-7.92,-7.92,-7.92,-7.92,-7.92,-7.92,-7.92,-7.92,-7.92,-7.92,-7.92,-7.93,-7.93,-7.93,-7.93,-7.93,-7.93,-7.93,-7.94,-7.94,-7.94,-7.94,-7.94,-7.95,-7.95,-7.95,-7.95,-7.95,-7.96,-7.96,-7.96,-7.96,-7.97,-7.97,-7.97,-7.98,-7.98,-7.98,-7.98,-7.99,-7.99,-7.99,-8.00,-8.00,-8.00,-8.01,-8.01,-8.01,-8.02,-8.02,-8.02,-8.03,-8.03,-8.03,-8.04,-8.04,-8.05,-8.05,-8.05,-8.06,-8.06,-8.07,-8.07,-8.07,-8.08,-8.08,-8.09,-8.09,-8.09,-8.10,-8.10,-8.11,-8.11,-8.12,-8.12,-8.12,-8.13,-8.13,-8.14,-8.14,-8.15,-8.15,-8.15,-8.16,-8.16,-8.17,-8.17,-8.18,-8.18,-8.19,-8.19,-8.19,-8.20,-8.20,-8.21,-8.21,-8.22,-8.22,-8.23,-8.23,-8.23,-8.24,-8.24,-8.25,-8.25,-8.26,-8.26,-8.26,-8.27,-8.27,-8.28,-8.28,-8.28,-8.29,-8.29,-8.30,-8.30,-8.30,-8.31,-8.31,-8.32,-8.32,-8.32,-8.33,-8.33,-8.33,-8.34,-8.34,-8.34,-8.35,-8.35,-8.35,-8.36,-8.36,-8.36,-8.36,-8.37,-8.37,-8.37,-8.38,-8.38,-8.38,-8.38,-8.39,-8.39,-8.39,-8.39,-8.39,-8.40,-8.40,-8.40,-8.40,-8.40,-8.41,-8.41,-8.41,-8.41,-8.41,-8.41,-8.41,-8.42,-8.42,-8.42,-8.42,-8.42,-8.42,-8.42,-8.42,-8.42,-8.42,-8.42,-8.42,-8.42,-8.42
3,-8.54,-8.54,-8.54,-8.54,-8.54,-8.54,-8.54,-8.54,-8.54,-8.54,-8.53,-8.53,-8.53,-8.53,-8.53,-8.53,-8.52,-8.52,-8.52,-8.52,-8.52,-8.51,-8.51,-8.51,-8.50,-8.50,-8.50,-8.49,-8.49,-8.49,-8.48,-8.48,-8.48,-8.47,-8.47,-8.46,-8.46,-8.46,-8.45,-8.45,-8.44,-8.44,-8.43,-8.43,-8.42,-8.42,-8.41,-8.41,-8.40,-8.40,-8.39,-8.39,-8.38,-8.38,-8.37,-8.36,-8.36,-8.35,-8.35,-8.34,-8.34,-8.33,-8.32,-8.32,-8.31,-8.30,-8.30,-8.29,-8.29,-8.28,-8.27,-8.27,-8.26,-8.25,-8.25,-8.24,-8.23,-8.23,-8.22,-8.21,-8.21,-8.20,-8.19,-8.19,-8.18,-8.17,-8.17,-8.16,-8.15,-8.15,-8.14,-8.13,-8.13,-8.12,-8.11,-8.11,-8.10,-8.09,-8.09,-8.08,-8.08,-8.07,-8.06,-8.06,-8.05,-8.04,-8.04,-8.03,-8.03,-8.02,-8.01,-8.01,-8.00,-8.00,-7.99,-7.98,-7.98,-7.97,-7.97,-7.96,-7.96,-7.95,-7.95,-7.94,-7.93,-7.93,-7.92,-7.92,-7.91,-7.91,-7.91,-7.90,-7.90,-7.89,-7.89,-7.88,-7.88,-7.87,-7.87,-7.87,-7.86,-7.86,-7.85,-7.85,-7.85,-7.84,-7.84,-7.84,-7.83,-7.83,-7.83,-7.82,-7.82,-7.82,-7.82,-7.81,-7.81,-7.81,-7.81,-7.80,-7.80,-7.80,-7.80,-7.80,-7.79,-7.79,-7.79,-7.79,-7.79,-7.79,-7.79,-7.78,-7.78,-7.78,-7.78,-7.78,-7.78,-7.78,-7.78,-7.78,-7.78,-7.78,-7.78,-7.78,-7.78,-7.78,-7.78,-7.78,-7.78,-7.78,-7.79,-7.79,-7.79,-7.79,-7.79,-7.79,-7.79,-7.80,-7.80,-7.80,-7.80,-7.80,-7.81,-7.81,-7.81,-7.81,-7.82,-7.82,-7.82,-7.82,-7.83,-7.83,-7.83,-7.84,-7.84,-7.84,-7.85,-7.85,-7.85,-7.86,-7.86,-7.87,-7.87,-7.87,-7.88,-7.88,-7.89,-7.89,-7.90,-7.90,-7.91,-7.91,-7.91,-7.92,-7.92,-7.93,-7.93,-7.94,-7.95,-7.95,-7.96,-7.96,-7.97,-7.97,-7.98,-7.98,-7.99,-8.00,-8.00,-8.01,-8.01,-8.02,-8.03,-8.03,-8.04,-8.04,-8.05,-8.06,-8.06,-8.07,-8.08,-8.08,-8.09,-8.09,-8.10,-8.11,-8.11,-8.12,-8.13,-8.13,-8.14,-8.15,-8.15,-8.16,-8.17,-8.17,-8.18,-8.19,-8.19,-8.20,-8.21,-8.21,-8.22,-8.23,-8.23,-8.24,-8.25,-8.25,-8.26,-8.27,-8.27,-8.28,-8.29,-8.29,-8.30,-8.30,-8.31,-8.32,-8.32,-8.33,-8.34,-8.34,-8.35,-8.35,-8.36,-8.36,-8.37,-8.38,-8.38,-8.39,-8.39,-8.40,-8.40,-8.41,-8.41,-8.42,-8.42,-8.43,-8.43,-8.44,-8.44,-8.45,-8.45,-8.46,-8.46,-8.46,-8.47,-8.47,-8.48,-8.48,-8.48,-8.49,-8.49,-8.49,-8.50,-8.50,-8.50,-8.51,-8.51,-8.51,-8.52,-8.52,-8.52,-8.52,-8.52,-8.53,-8.53,-8.53,-8.53,-8.53,-8.53,-8.54,-8.54,-8.54,-8.54,-8.54,-8.54,-8.54,-8.54,-8.54,-8.54
4,-8.65,-8.65,-8.65,-8.65,-8.65,-8.65,-8.65,-8.65,-8.65,-8.65,-8.65,-8.64,-8.64,-8.64,-8.64,-8.63,-8.63,-8.63,-8.63,-8.62,-8.62,-8.62,-8.61,-8.61,-8.60,-8.60,-8.60,-8.59,-8.59,-8.58,-8.58,-8.57,-8.57,-8.56,-8.56,-8.55,-8.55,-8.54,-8.53,-8.53,-8.52,-8.51,-8.51,-8.50,-8.50,-8.49,-8.48,-8.47,-8.47,-8.46,-8.45,-8.45,-8.44,-8.43,-8.42,-8.41,-8.41,-8.40,-8.39,-8.38,-8.37,-8.37,-8.36,-8.35,-8.34,-8.33,-8.33,-8.32,-8.31,-8.30,-8.29,-8.28,-8.27,-8.26,-8.26,-8.25,-8.24,-8.23,-8.22,-8.21,-8.20,-8.19,-8.19,-8.18,-8.17,-8.16,-8.15,-8.14,-8.13,-8.12,-8.12,-8.11,-8.10,-8.09,-8.08,-8.07,-8.06,-8.05,-8.05,-8.04,-8.03,-8.02,-8.01,-8.00,-8.00,-7.99,-7.98,-7.97,-7.96,-7.96,-7.95,-7.94,-7.93,-7.92,-7.92,-7.91,-7.90,-7.89,-7.89,-7.88,-7.87,-7.87,-7.86,-7.85,-7.84,-7.84,-7.83,-7.83,-7.82,-7.81,-7.81,-7.80,-7.79,-7.79,-7.78,-7.78,-7.77,-7.77,-7.76,-7.76,-7.75,-7.75,-7.74,-7.74,-7.73,-7.73,-7.72,-7.72,-7.71,-7.71,-7.71,-7.70,-7.70,-7.69,-7.69,-7.69,-7.68,-7.68,-7.68,-7.68,-7.67,-7.67,-7.67,-7.67,-7.66,-7.66,-7.66,-7.66,-7.66,-7.65,-7.65,-7.65,-7.65,-7.65,-7.65,-7.65,-7.65,-7.65,-7.65,-7.65,-7.65,-7.65,-7.65,-7.65,-7.65,-7.65,-7.65,-7.65,-7.65,-7.65,-7.65,-7.65,-7.66,-7.66,-7.66,-7.66,-7.66,-7.67,-7.67,-7.67,-7.67,-7.68,-7.68,-7.68,-7.68,-7.69,-7.69,-7.69,-7.70,-7.70,-7.71,-7.71,-7.71,-7.72,-7.72,-7.73,-7.73,-7.74,-7.74,-7.75,-7.75,-7.76,-7.76,-7.77,-7.77,-7.78,-7.78,-7.79,-7.79,-7.80,-7.81,-7.81,-7.82,-7.83,-7.83,-7.84,-7.84,-7.85,-7.86,-7.87,-7.87,-7.88,-7.89,-7.89,-7.90,-7.91,-7.92,-7.92,-7.93,-7.94,-7.95,-7.96,-7.96,-7.97,-7.98,-7.99,-8.00,-8.00,-8.01,-8.02,-8.03,-8.04,-8.05,-8.05,-8.06,-8.07,-8.08,-8.09,-8.10,-8.11,-8.12,-8.12,-8.13,-8.14,-8.15,-8.16,-8.17,-8.18,-8.19,-8.19,-8.20,-8.21,-8.22,-8.23,-8.24,-8.25,-8.26,-8.26,-8.27,-8.28,-8.29,-8.30,-8.31,-8.32,-8.33,-8.33,-8.34,-8.35,-8.36,-8.37,-8.37,-8.38,-8.39,-8.40,-8.41,-8.41,-8.42,-8.43,-8.44,-8.45,-8.45,-8.46,-8.47,-8.47,-8.48,-8.49,-8.50,-8.50,-8.51,-8.51,-8.52,-8.53,-8.53,-8.54,-8.55,-8.55,-8.56,-8.56,-8.57,-8.57,-8.58,-8.58,-8.59,-8.59,-8.60,-8.60,-8.60,-8.61,-8.61,-8.62,-8.62,-8.62,-8.63,-8.63,-8.63,-8.63,-8.64,-8.64,-8.64,-8.64,-8.65,-8.65,-8.65,-8.65,-8.65,-8.65,-8.65,-8.65,-8.65,-8.65,-8.65
5,-8.76,-8.76,-8.76,-8.76,-8.76,-8.76,-8.76,-8.76,-8.76,-8.75,-8.75,-8.75,-8.75,-8.74,-8.74,-8.74,-8.74,-8.73,-8.73,-8.72,-8.72,-8.71,-8.71,-8.71,-8.70,-8.69,-8.69,-8.68,-8.68,-8.67,-8.67,-8.66,-8.65,-8.65,-8.64,-8.63,-8.62,-8.62,-8.61,-8.60,-8.59,-8.58,-8.58,-8.57,-8.56,-8.55,-8.54,-8.53,-8.52,-8.52,-8.51,-8.50,-8.49,-8.48,-8.47,-8.46,-8.45,-8.44,-8.43,-8.42,-8.41,-8.40,-8.39,-8.38,-8.37,-8.36,-8.34,-8.33,-8.32,-8.31,-8.30,-8.29,-8.28,-8.27,-8.26,-8.25,-8.24,-8.23,-8.21,-8.20,-8.19,-8.18,-8.17,-8.16,-8.15,-8.14,-8.13,-8.12,-8.10,-8.09,-8.08,-8.07,-8.06,-8.05,-8.04,-8.03,-8.02,-8.01,-8.00,-7.99,-7.98,-7.97,-7.96,-7.95,-7.93,-7.92,-7.91,-7.90,-7.90,-7.89,-7.88,-7.87,-7.86,-7.85,-7.84,-7.83,-7.82,-7.81,-7.80,-7.79,-7.78,-7.78,-7.77,-7.76,-7.75,-7.74,-7.73,-7.73,-7.72,-7.71,-7.70,-7.70,-7.69,-7.68,-7.67,-7.67,-7.66,-7.65,-7.65,-7.64,-7.64,-7.63,-7.62,-7.62,-7.61,-7.61,-7.60,-7.60,-7.59,-7.59,-7.58,-7.58,-7.57,-7.57,-7.56,-7.56,-7.56,-7.55,-7.55,-7.54,-7.54,-7.54,-7.54,-7.53,-7.53,-7.53,-7.53,-7.52,-7.52,-7.52,-7.52,-7.52,-7.51,-7.51,-7.51,-7.51,-7.51,-7.51,-7.51,-7.51,-7.51,-7.51,-7.51,-7.51,-7.51,-7.51,-7.51,-7.51,-7.51,-7.52,-7.52,-7.52,-7.52,-7.52,-7.53,-7.53,-7.53,-7.53,-7.54,-7.54,-7.54,-7.54,-7.55,-7.55,-7.56,-7.56,-7.56,-7.57,-7.57,-7.58,-7.58,-7.59,-7.59,-7.60,-7.60,-7.61,-7.61,-7.62,-7.62,-7.63,-7.64,-7.64,-7.65,-7.65,-7.66,-7.67,-7.67,-7.68,-7.69,-7.70,-7.70,-7.71,-7.72,-7.73,-7.73,-7.74,-7.75,-7.76,-7.77,-7.78,-7.78,-7.79,-7.80,-7.81,-7.82,-7.83,-7.84,-7.85,-7.86,-7.87,-7.88,-7.89,-7.90,-7.90,-7.91,-7.92,-7.93,-7.95,-7.96,-7.97,-7.98,-7.99,-8.00,-8.01,-8.02,-8.03,-8.04,-8.05,-8.06,-8.07,-8.08,-8.09,-8.10,-8.12,-8.13,-8.14,-8.15,-8.16,-8.17,-8.18,-8.19,-8.20,-8.21,-8.23,-8.24,-8.25,-8.26,-8.27,-8.28,-8.29,-8.30,-8.31,-8.32,-8.33,-8.34,-8.36,-8.37,-8.38,-8.39,-8.40,-8.41,-8.42,-8.43,-8.44,-8.45,-8.46,-8.47,-8.48,-8.49,-8.50,-8.51,-8.52,-8.52,-8.53,-8.54,-8.55,-8.56,-8.57,-8.58,-8.58,-8.59,-8.60,-8.61,-8.62,-8.62,-8.63,-8.64,-8.65,-8.65,-8.66,-8.67,-8.67,-8.68,-8.68,-8.69,-8.69,-8.70,-8.71,-8.71,-8.71,-8.72,-8.72,-8.73,-8.73,-8.74,-8.74,-8.74,-8.74,-8.75,-8.75,-8.75,-8.75,-8.76,-8.76,-8.76,-8.76,-8.76,-8.76,-8.76,-8.76,-8.76
6,-8.87,-8.87,-8.87,-8.87,-8.87,-8.86,-8.86,-8.86,-8.86,-8.86,-8.85,-8.85,-8.85,-8.84,-8.84,-8.84,-8.83,-8.83,-8.82,-8.82,-8.81,-8.81,-8.80,-8.80,-8.79,-8.78,-8.78,-8.77,-8.76,-8.75,-8.75,-8.74,-8.73,-8.72,-8.71,-8.70,-8.70,-8.69,-8.68,-8.67,-8.66,-8.65,-8.64,-8.63,-8.62,-8.61,-8.60,-8.59,-8.57,-8.56,-8.55,-8.54,-8.53,-8.52,-8.51,-8.49,-8.48,-8.47,-8.46,-8.44,-8.43,-8.42,-8.41,-8.39,-8.38,-8.37,-8.36,-8.34,-8.33,-8.32,-8.30,-8.29,-8.28,-8.27,-8.25,-8.24,-8.23,-8.21,-8.20,-8.19,-8.17,-8.16,-8.15,-8.13,-8.12,-8.11,-8.09,-8.08,-8.07,-8.06,-8.04,-8.03,-8.02,-8.00,-7.99,-7.98,-7.97,-7.95,-7.94,-7.93,-7.92,-7.90,-7.89,-7.88,-7.87,-7.86,-7.84,-7.83,-7.82,-7.81,-7.80,-7.79,-7.78,-7.77,-7.75,-7.74,-7.73,-7.72,-7.71,-7.70,-7.69,-7.68,-7.67,-7.66,-7.65,-7.64,-7.63,-7.62,-7.61,-7.61,-7.60,-7.59,-7.58,-7.57,-7.56,-7.56,-7.55,-7.54,-7.53,-7.53,-7.52,-7.51,-7.50,-7.50,-7.49,-7.48,-7.48,-7.47,-7.47,-7.46,-7.45,-7.45,-7.44,-7.44,-7.43,-7.43,-7.43,-7.42,-7.42,-7.41,-7.41,-7.41,-7.40,-7.40,-7.40,-7.39,-7.39,-7.39,-7.39,-7.38,-7.38,-7.38,-7.38,-7.38,-7.38,-7.37,-7.37,-7.37,-7.37,-7.37,-7.37,-7.37,-7.37,-7.37,-7.37,-7.37,-7.38,-7.38,-7.38,-7.38,-7.38,-7.38,-7.39,-7.39,-7.39,-7.39,-7.40,-7.40,-7.40,-7.41,-7.41,-7.41,-7.42,-7.42,-7.43,-7.43,-7.43,-7.44,-7.44,-7.45,-7.45,-7.46,-7.47,-7.47,-7.48,-7.48,-7.49,-7.50,-7.50,-7.51,-7.52,-7.53,-7.53,-7.54,-7.55,-7.56,-7.56,-7.57,-7.58,-7.59,-7.60,-7.61,-7.61,-7.62,-7.63,-7.64,-7.65,-7.66,-7.67,-7.68,-7.69,-7.70,-7.71,-7.72,-7.73,-7.74,-7.75,-7.77,-7.78,-7.79,-7.80,-7.81,-7.82,-7.83,-7.84,-7.86,-7.87,-7.88,-7.89,-7.90,-7.92,-7.93,-7.94,-7.95,-7.97,-7.98,-7.99,-8.00,-8.02,-8.03,-8.04,-8.06,-8.07,-8.08,-8.09,-8.11,-8.12,-8.13,-8.15,-8.16,-8.17,-8.19,-8.20,-8.21,-8.23,-8.24,-8.25,-8.27,-8.28,-8.29,-8.30,-8.32,-8.33,-8.34,-8.36,-8.37,-8.38,-8.39,-8.41,-8.42,-8.43,-8.44,-8.46,-8.47,-8.48,-8.49,-8.51,-8.52,-8.53,-8.54,-8.55,-8.56,-8.57,-8.59,-8.60,-8.61,-8.62,-8.63,-8.64,-8.65,-8.66,-8.67,-8.68,-8.69,-8.70,-8.70,-8.71,-8.72,-8.73,-8.74,-8.75,-8.75,-8.76,-8.77,-8.78,-8.78,-8.79,-8.80,-8.80,-8.81,-8.81,-8.82,-8.82,-8.83,-8.83,-8.84,-8.84,-8.84,-8.85,-8.85,-8.85,-8.86,-8.86,-8.86,-8.86,-8.86,-8.87,-8.87,-8.87,-8.87,-8.87
7,-8.97,-8.97,-8.97,-8.96,-8.96,-8.96,-8.96,-8.96,-8.96,-8.95,-8.95,-8.95,-8.94,-8.94,-8.93,-8.93,-8.92,-8.92,-8.91,-8.91,-8.90,-8.89,-8.89,-8.88,-8.87,-8.86,-8.86,-8.85,-8.84,-8.83,-8.82,-8.81,-8.80,-8.79,-8.78,-8.77,-8.76,-8.75,-8.74,-8.73,-8.72,-8.70,-8.69,-8.68,-8.67,-8.66,-8.64,-8.63,-8.62,-8.60,-8.59,-8.58,-8.56,-8.55,-8.54,-8.52,-8.51,-8.49,-8.48,-8.46,-8.45,-8.44,-8.42,-8.41,-8.39,-8.38,-8.36,-8.35,-8.33,-8.32,-8.30,-8.29,-8.27,-8.25,-8.24,-8.22,-8.21,-8.19,-8.18,-8.16,-8.15,-8.13,-8.12,-8.10,-8.09,-8.07,-8.06,-8.04,-8.03,-8.01,-8.00,-7.98,-7.97,-7.95,-7.94,-7.92,-7.91,-7.89,-7.88,-7.87,-7.85,-7.84,-7.82,-7.81,-7.80,-7.78,-7.77,-7.76,-7.74,-7.73,-7.72,-7.70,-7.69,-7.68,-7.67,-7.65,-7.64,-7.63,-7.62,-7.61,-7.59,-7.58,-7.57,-7.56,-7.55,-7.54,-7.53,-7.52,-7.51,-7.50,-7.49,-7.48,-7.47,-7.46,-7.45,-7.44,-7.43,-7.42,-7.41,-7.41,-7.40,-7.39,-7.38,-7.37,-7.37,-7.36,-7.35,-7.35,-7.34,-7.33,-7.33,-7.32,-7.32,-7.31,-7.30,-7.30,-7.29,-7.29,-7.28,-7.28,-7.28,-7.27,-7.27,-7.26,-7.26,-7.26,-7.25,-7.25,-7.25,-7.25,-7.24,-7.24,-7.24,-7.24,-7.24,-7.24,-7.24,-7.24,-7.23,-7.23,-7.23,-7.23,-7.23,-7.24,-7.24,-7.24,-7.24,-7.24,-7.24,-7.24,-7.24,-7.25,-7.25,-7.25,-7.25,-7.26,-7.26,-7.26,-7.27,-7.27,-7.28,-7.28,-7.28,-7.29,-7.29,-7.30,-7.30,-7.31,-7.32,-7.32,-7.33,-7.33,-7.34,-7.35,-7.35,-7.36,-7.37,-7.37,-7.38,-7.39,-7.40,-7.41,-7.41,-7.42,-7.43,-7.44,-7.45,-7.46,-7.47,-7.48,-7.49,-7.50,-7.51,-7.52,-7.53,-7.54,-7.55,-7.56,-7.57,-7.58,-7.59,-7.61,-7.62,-7.63,-7.64,-7.65,-7.67,-7.68,-7.69,-7.70,-7.72,-7.73,-7.74,-7.76,-7.77,-7.78,-7.80,-7.81,-7.82,-7.84,-7.85,-7.87,-7.88,-7.89,-7.91,-7.92,-7.94,-7.95,-7.97,-7.98,-8.00,-8.01,-8.03,-8.04,-8.06,-8.07,-8.09,-8.10,-8.12,-8.13,-8.15,-8.16,-8.18,-8.19,-8.21,-8.22,-8.24,-8.25,-8.27,-8.29,-8.30,-8.32,-8.33,-8.35,-8.36,-8.38,-8.39,-8.41,-8.42,-8.44,-8.45,-8.46,-8.48,-8.49,-8.51,-8.52,-8.54,-8.55,-8.56,-8.58,-8.59,-8.60,-8.62,-8.63,-8.64,-8.66,-8.67,-8.68,-8.69,-8.70,-8.72,-8.73,-8.74,-8.75,-8.76,-8.77,-8.78,-8.79,-8.80,-8.81,-8.82,-8.83,-8.84,-8.85,-8.86,-8.86,-8.87,-8.88,-8.89,-8.89,-8.90,-8.91,-8.91,-8.92,-8.92,-8.93,-8.93,-8.94,-8.94,-8.95,-8.95,-8.95,-8.96,-8.96,-8.96,-8.96,-8.96,-8.96,-8.97,-8.97,-8.97
8,-9.06,-9.06,-9.06,-9.06,-9.06,-9.05,-9.05,-9.05,-9.05,-9.04,-9.04,-9.03,-9.03,-9.03,-9.02,-9.01,-9.01,-9.00,-9.00,-8.99,-8.98,-8.97,-8.97,-8.96,-8.95,-8.94,-8.93,-8.92,-8.91,-8.90,-8.89,-8.88,-8.87,-8.85,-8.84,-8.83,-8.82,-8.81,-8.79,-8.78,-8.77,-8.75,-8.74,-8.73,-8.71,-8.70,-8.68,-8.67,-8.65,-8.64,-8.62,-8.61,-8.59,-8.57,-8.56,-8.54,-8.53,-8.51,-8.49,-8.48,-8.46,-8.44,-8.43,-8.41,-8.39,-8.37,-8.36,-8.34,-8.32,-8.31,-8.29,-8.27,-8.25,-8.24,-8.22,-8.20,-8.18,-8.17,-8.15,-8.13,-8.12,-8.10,-8.08,-8.06,-8.05,-8.03,-8.01,-7.99,-7.98,-7.96,-7.94,-7.93,-7.91,-7.89,-7.88,-7.86,-7.85,-7.83,-7.81,-7.80,-7.78,-7.77,-7.75,-7.73,-7.72,-7.70,-7.69,-7.67,-7.66,-7.64,-7.63,-7.62,-7.60,-7.59,-7.57,-7.56,-7.55,-7.53,-7.52,-7.51,-7.49,-7.48,-7.47,-7.46,-7.44,-7.43,-7.42,-7.41,-7.40,-7.39,-7.38,-7.36,-7.35,-7.34,-7.33,-7.32,-7.31,-7.30,-7.29,-7.29,-7.28,-7.27,-7.26,-7.25,-7.24,-7.23,-7.23,-7.22,-7.21,-7.20,-7.20,-7.19,-7.19,-7.18,-7.17,-7.17,-7.16,-7.16,-7.15,-7.15,-7.14,-7.14,-7.13,-7.13,-7.13,-7.12,-7.12,-7.12,-7.11,-7.11,-7.11,-7.11,-7.10,-7.10,-7.10,-7.10,-7.10,-7.10,-7.10,-7.10,-7.10,-7.10,-7.10,-7.10,-7.10,-7.10,-7.10,-7.10,-7.10,-7.11,-7.11,-7.11,-7.11,-7.12,-7.12,-7.12,-7.13,-7.13,-7.13,-7.14,-7.14,-7.15,-7.15,-7.16,-7.16,-7.17,-7.17,-7.18,-7.19,-7.19,-7.20,-7.20,-7.21,-7.22,-7.23,-7.23,-7.24,-7.25,-7.26,-7.27,-7.28,-7.29,-7.29,-7.30,-7.31,-7.32,-7.33,-7.34,-7.35,-7.36,-7.38,-7.39,-7.40,-7.41,-7.42,-7.43,-7.44,-7.46,-7.47,-7.48,-7.49,-7.51,-7.52,-7.53,-7.55,-7.56,-7.57,-7.59,-7.60,-7.62,-7.63,-7.64,-7.66,-7.67,-7.69,-7.70,-7.72,-7.73,-7.75,-7.77,-7.78,-7.80,-7.81,-7.83,-7.85,-7.86,-7.88,-7.89,-7.91,-7.93,-7.94,-7.96,-7.98,-7.99,-8.01,-8.03,-8.05,-8.06,-8.08,-8.10,-8.12,-8.13,-8.15,-8.17,-8.18,-8.20,-8.22,-8.24,-8.25,-8.27,-8.29,-8.31,-8.32,-8.34,-8.36,-8.37,-8.39,-8.41,-8.43,-8.44,-8.46,-8.48,-8.49,-8.51,-8.53,-8.54,-8.56,-8.57,-8.59,-8.61,-8.62,-8.64,-8.65,-8.67,-8.68,-8.70,-8.71,-8.73,-8.74,-8.75,-8.77,-8.78,-8.79,-8.81,-8.82,-8.83,-8.84,-8.85,-8.87,-8.88,-8.89,-8.90,-8.91,-8.92,-8.93,-8.94,-8.95,-8.96,-8.97,-8.97,-8.98,-8.99,-9.00,-9.00,-9.01,-9.01,-9.02,-9.03,-9.03,-9.03,-9.04,-9.04,-9.05,-9.05,-9.05,-9.05,-9.06,-9.06,-9.06,-9.06,-9.06
9,-9.14,-9.14,-9.14,-9.14,-9.14,-9.14,-9.14,-9.13,-9.13,-9.13,-9.12,-9.12,-9.11,-9.11,-9.10,-9.09,-9.09,-9.08,-9.07,-9.06,-9.05,-9.05,-9.04,-9.03,-9.02,-9.01,-9.00,-8.98,-8.97,-8.96,-8.95,-8.94,-8.92,-8.91,-8.90,-8.88,-8.87,-8.85,-8.84,-8.82,-8.81,-8.79,-8.78,-8.76,-8.75,-8.73,-8.71,-8.70,-8.68,-8.66,-8.64,-8.63,-8.61,-8.59,-8.57,-8.55,-8.54,-8.52,-8.50,-8.48,-8.46,-8.44,-8.42,-8.40,-8.39,-8.37,-8.35,-8.33,-8.31,-8.29,-8.27,-8.25,-8.23,-8.21,-8.19,-8.17,-8.15,-8.13,-8.11,-8.09,-8.08,-8.06,-8.04,-8.02,-8.00,-7.98,-7.96,-7.94,-7.92,-7.90,-7.89,-7.87,-7.85,-7.83,-7.81,-7.79,-7.78,-7.76,-7.74,-7.72,-7.71,-7.69,-7.67,-7.65,-7.64,-7.62,-7.60,-7.59,-7.57,-7.56,-7.54,-7.52,-7.51,-7.49,-7.48,-7.46,-7.45,-7.43,-7.42,-7.40,-7.39,-7.38,-7.36,-7.35,-7.34,-7.32,-7.31,-7.30,-7.28,-7.27,-7.26,-7.25,-7.24,-7.23,-7.21,-7.20,-7.19,-7.18,-7.17,-7.16,-7.15,-7.14,-7.13,-7.13,-7.12,-7.11,-7.10,-7.09,-7.08,-7.08,-7.07,-7.06,-7.05,-7.05,-7.04,-7.03,-7.03,-7.02,-7.02,-7.01,-7.01,-7.00,-7.00,-6.99,-6.99,-6.99,-6.98,-6.98,-6.98,-6.97,-6.97,-6.97,-6.97,-6.96,-6.96,-6.96,-6.96,-6.96,-6.96,-6.96,-6.96,-6.96,-6.96,-6.96,-6.96,-6.96,-6.96,-6.96,-6.97,-6.97,-6.97,-6.97,-6.98,-6.98,-6.98,-6.99,-6.99,-6.99,-7.00,-7.00,-7.01,-7.01,-7.02,-7.02,-7.03,-7.03,-7.04,-7.05,-7.05,-7.06,-7.07,-7.08,-7.08,-7.09,-7.10,-7.11,-7.12,-7.13,-7.13,-7.14,-7.15,-7.16,-7.17,-7.18,-7.19,-7.20,-7.21,-7.23,-7.24,-7.25,-7.26,-7.27,-7.28,-7.30,-7.31,-7.32,-7.34,-7.35,-7.36,-7.38,-7.39,-7.40,-7.42,-7.43,-7.45,-7.46,-7.48,-7.49,-7.51,-7.52,-7.54,-7.56,-7.57,-7.59,-7.60,-7.62,-7.64,-7.65,-7.67,-7.69,-7.71,-7.72,-7.74,-7.76,-7.78,-7.79,-7.81,-7.83,-7.85,-7.87,-7.89,-7.90,-7.92,-7.94,-7.96,-7.98,-8.00,-8.02,-8.04,-8.06,-8.08,-8.09,-8.11,-8.13,-8.15,-8.17,-8.19,-8.21,-8.23,-8.25,-8.27,-8.29,-8.31,-8.33,-8.35,-8.37,-8.39,-8.40,-8.42,-8.44,-8.46,-8.48,-8.50,-8.52,-8.54,-8.55,-8.57,-8.59,-8.61,-8.63,-8.64,-8.66,-8.68,-8.70,-8.71,-8.73,-8.75,-8.76,-8.78,-8.79,-8.81,-8.82,-8.84,-8.85,-8.87,-8.88,-8.90,-8.91,-8.92,-8.94,-8.95,-8.96,-8.97,-8.98,-9.00,-9.01,-9.02,-9.03,-9.04,-9.05,-9.05,-9.06,-9.07,-9.08,-9.09,-9.09,-9.10,-9.11,-9.11,-9.12,-9.12,-9.13,-9.13,-9.13,-9.14,-9.14,-9.14,-9.14,-9.14,-9.14,-9.14
10,-9.22,-9.22,-9.22,-9.22,-9.22,-9.22,-9.21,-9.21,-9.21,-9.20,-9.20,-9.19,-9.19,-9.18,-9.17,-9.16,-9.16,-9.15,-9.14,-9.13,-9.12,-9.11,-9.10,-9.09,-9.08,-9.07,-9.05,-9.04,-9.03,-9.02,-9.00,-8.99,-8.97,-8.96,-8.94,-8.93,-8.91,-8.89,-8.88,-8.86,-8.84,-8.83,-8.81,-8.79,-8.77,-8.76,-8.74,-8.72,-8.70,-8.68,-8.66,-8.64,-8.62,-8.60,-8.58,-8.56,-8.54,-8.52,-8.50,-8.48,-8.46,-8.44,-8.41,-8.39,-8.37,-8.35,-8.33,-8.31,-8.29,-8.27,-8.24,-8.22,-8.20,-8.18,-8.16,-8.14,-8.11,-8.09,-8.07,-8.05,-8.03,-8.01,-7.99,-7.97,-7.95,-7.92,-7.90,-7.88,-7.86,-7.84,-7.82,-7.80,-7.78,-7.76,-7.74,-7.72,-7.70,-7.68,-7.66,-7.64,-7.63,-7.61,-7.59,-7.57,-7.55,-7.53,-7.51,-7.50,-7.48,-7.46,-7.44,-7.43,-7.41,-7.39,-7.38,-7.36,-7.35,-7.33,-7.31,-7.30,-7.28,-7.27,-7.25,-7.24,-7.22,-7.21,-7.20,-7.18,-7.17,-7.16,-7.14,-7.13,-7.12,-7.11,-7.09,-7.08,-7.07,-7.06,-7.05,-7.04,-7.03,-7.02,-7.01,-7.00,-6.99,-6.98,-6.97,-6.96,-6.95,-6.95,-6.94,-6.93,-6.92,-6.92,-6.91,-6.90,-6.90,-6.89,-6.88,-6.88,-6.87,-6.87,-6.86,-6.86,-6.85,-6.85,-6.85,-6.84,-6.84,-6.84,-6.83,-6.83,-6.83,-6.83,-6.82,-6.82,-6.82,-6.82,-6.82,-6.82,-6.82,-6.82,-6.82,-6.82,-6.82,-6.82,-6.82,-6.83,-6.83,-6.83,-6.83,-6.84,-6.84,-6.84,-6.85,-6.85,-6.85,-6.86,-6.86,-6.87,-6.87,-6.88,-6.88,-6.89,-6.90,-6.90,-6.91,-6.92,-6.92,-6.93,-6.94,-6.95,-6.95,-6.96,-6.97,-6.98,-6.99,-7.00,-7.01,-7.02,-7.03,-7.04,-7.05,-7.06,-7.07,-7.08,-7.09,-7.11,-7.12,-7.13,-7.14,-7.16,-7.17,-7.18,-7.20,-7.21,-7.22,-7.24,-7.25,-7.27,-7.28,-7.30,-7.31,-7.33,-7.35,-7.36,-7.38,-7.39,-7.41,-7.43,-7.44,-7.46,-7.48,-7.50,-7.51,-7.53,-7.55,-7.57,-7.59,-7.61,-7.63,-7.64,-7.66,-7.68,-7.70,-7.72,-7.74,-7.76,-7.78,-7.80,-7.82,-7.84,-7.86,-7.88,-7.90,-7.92,-7.95,-7.97,-7.99,-8.01,-8.03,-8.05,-8.07,-8.09,-8.11,-8.14,-8.16,-8.18,-8.20,-8.22,-8.24,-8.27,-8.29,-8.31,-8.33,-8.35,-8.37,-8.39,-8.41,-8.44,-8.46,-8.48,-8.50,-8.52,-8.54,-8.56,-8.58,-8.60,-8.62,-8.64,-8.66,-8.68,-8.70,-8.72,-8.74,-8.76,-8.77,-8.79,-8.81,-8.83,-8.84,-8.86,-8.88,-8.89,-8.91,-8.93,-8.94,-8.96,-8.97,-8.99,-9.00,-9.02,-9.03,-9.04,-9.05,-9.07,-9.08,-9.09,-9.10,-9.11,-9.12,-9.13,-9.14,-9.15,-9.16,-9.16,-9.17,-9.18,-9.19,-9.19,-9.20,-9.20,-9.21,-9.21,-9.21,-9.22,-9.22,-9.22,-9.22,-9.22,-9.22
11,-9.29,-9.29,-9.29,-9.29,-9.29,-9.29,-9.28,-9.28,-9.27,-9.27,-9.26,-9.26,-9.25,-9.24,-9.24,-9.23,-9.22,-9.21,-9.20,-9.19,-9.18,-9.17,-9.16,-9.14,-9.13,-9.12,-9.10,-9.09,-9.08,-9.06,-9.05,-9.03,-9.01,-9.00,-8.98,-8.96,-8.95,-8.93,-8.91,-8.89,-8.87,-8.85,-8.83,-8.81,-8.79,-8.77,-8.75,-8.73,-8.71,-8.69,-8.67,-8.65,-8.62,-8.60,-8.58,-8.56,-8.53,-8.51,-8.49,-8.47,-8.44,-8.42,-8.40,-8.37,-8.35,-8.33,-8.30,-8.28,-8.26,-8.23,-8.21,-8.19,-8.16,-8.14,-8.12,-8.09,-8.07,-8.05,-8.02,-8.00,-7.98,-7.95,-7.93,-7.91,-7.89,-7.86,-7.84,-7.82,-7.80,-7.77,-7.75,-7.73,-7.71,-7.69,-7.67,-7.64,-7.62,-7.60,-7.58,-7.56,-7.54,-7.52,-7.50,-7.48,-7.46,-7.44,-7.42,-7.40,-7.38,-7.36,-7.35,-7.33,-7.31,-7.29,-7.27,-7.26,-7.24,-7.22,-7.21,-7.19,-7.17,-7.16,-7.14,-7.13,-7.11,-7.10,-7.08,-7.07,-7.05,-7.04,-7.03,-7.01,-7.00,-6.99,-6.97,-6.96,-6.95,-6.94,-6.93,-6.91,-6.90,-6.89,-6.88,-6.87,-6.86,-6.85,-6.84,-6.83,-6.82,-6.81,-6.81,-6.80,-6.79,-6.78,-6.78,-6.77,-6.76,-6.76,-6.75,-6.74,-6.74,-6.73,-6.73,-6.72,-6.72,-6.71,-6.71,-6.71,-6.70,-6.70,-6.70,-6.69,-6.69,-6.69,-6.69,-6.69,-6.68,-6.68,-6.68,-6.68,-6.68,-6.68,-6.68,-6.68,-6.68,-6.69,-6.69,-6.69,-6.69,-6.69,-6.70,-6.70,-6.70,-6.71,-6.71,-6.71,-6.72,-6.72,-6.73,-6.73,-6.74,-6.74,-6.75,-6.76,-6.76,-6.77,-6.78,-6.78,-6.79,-6.80,-6.81,-6.81,-6.82,-6.83,-6.84,-6.85,-6.86,-6.87,-6.88,-6.89,-6.90,-6.91,-6.93,-6.94,-6.95,-6.96,-6.97,-6.99,-7.00,-7.01,-7.03,-7.04,-7.05,-7.07,-7.08,-7.10,-7.11,-7.13,-7.14,-7.16,-7.17,-7.19,-7.21,-7.22,-7.24,-7.26,-7.27,-7.29,-7.31,-7.33,-7.35,-7.36,-7.38,-7.40,-7.42,-7.44,-7.46,-7.48,-7.50,-7.52,-7.54,-7.56,-7.58,-7.60,-7.62,-7.64,-7.67,-7.69,-7.71,-7.73,-7.75,-7.77,-7.80,-7.82,-7.84,-7.86,-7.89,-7.91,-7.93,-7.95,-7.98,-8.00,-8.02,-8.05,-8.07,-8.09,-8.12,-8.14,-8.16,-8.19,-8.21,-8.23,-8.26,-8.28,-8.30,-8.33,-8.35,-8.37,-8.40,-8.42,-8.44,-8.47,-8.49,-8.51,-8.53,-8.56,-8.58,-8.60,-8.62,-8.65,-8.67,-8.69,-8.71,-8.73,-8.75,-8.77,-8.79,-8.81,-8.83,-8.85,-8.87,-8.89,-8.91,-8.93,-8.95,-8.96,-8.98,-9.00,-9.01,-9.03,-9.05,-9.06,-9.08,-9.09,-9.10,-9.12,-9.13,-9.14,-9.16,-9.17,-9.18,-9.19,-9.20,-9.21,-9.22,-9.23,-9.24,-9.24,-9.25,-9.26,-9.26,-9.27,-9.27,-9.28,-9.28,-9.29,-9.29,-9.29,-9.29,-9.29,-9.29
12,-9.36,-9.36,-9.35,-9.35,-9.35,-9.35,-9.34,-9.34,-9.33,-9.33,-9.32,-9.32,-9.31,-9.30,-9.29,-9.28,-9.27,-9.26,-9.25,-9.24,-9.23,-9.22,-9.20,-9.19,-9.18,-9.16,-9.15,-9.13,-9.12,-9.10,-9.08,-9.07,-9.05,-9.03,-9.01,-8.99,-8.97,-8.95,-8.93,-8.91,-8.89,-8.87,-8.85,-8.83,-8.80,-8.78,-8.76,-8.74,-8.71,-8.69,-8.67,-8.64,-8.62,-8.60,-8.57,-8.55,-8.52,-8.50,-8.47,-8.45,-8.42,-8.40,-8.37,-8.35,-8.32,-8.30,-8.27,-8.25,-8.22,-8.20,-8.17,-8.15,-8.12,-8.09,-8.07,-8.04,-8.02,-7.99,-7.97,-7.94,-7.92,-7.89,-7.87,-7.85,-7.82,-7.80,-7.77,-7.75,-7.72,-7.70,-7.68,-7.65,-7.63,-7.61,-7.58,-7.56,-7.54,-7.52,-7.50,-7.47,-7.45,-7.43,-7.41,-7.39,-7.37,-7.35,-7.32,-7.30,-7.28,-7.26,-7.25,-7.23,-7.21,-7.19,-7.17,-7.15,-7.13,-7.11,-7.10,-7.08,-7.06,-7.05,-7.03,-7.01,-7.00,-6.98,-6.97,-6.95,-6.94,-6.92,-6.91,-6.89,-6.88,-6.86,-6.85,-6.84,-6.82,-6.81,-6.80,-6.79,-6.78,-6.77,-6.75,-6.74,-6.73,-6.72,-6.71,-6.70,-6.69,-6.68,-6.68,-6.67,-6.66,-6.65,-6.64,-6.64,-6.63,-6.62,-6.62,-6.61,-6.60,-6.60,-6.59,-6.59,-6.58,-6.58,-6.57,-6.57,-6.57,-6.56,-6.56,-6.56,-6.55,-6.55,-6.55,-6.55,-6.55,-6.55,-6.55,-6.54,-6.54,-6.54,-6.55,-6.55,-6.55,-6.55,-6.55,-6.55,-6.55,-6.56,-6.56,-6.56,-6.57,-6.57,-6.57,-6.58,-6.58,-6.59,-6.59,-6.60,-6.60,-6.61,-6.62,-6.62,-6.63,-6.64,-6.64,-6.65,-6.66,-6.67,-6.68,-6.68,-6.69,-6.70,-6.71,-6.72,-6.73,-6.74,-6.75,-6.77,-6.78,-6.79,-6.80,-6.81,-6.82,-6.84,-6.85,-6.86,-6.88,-6.89,-6.91,-6.92,-6.94,-6.95,-6.97,-6.98,-7.00,-7.01,-7.03,-7.05,-7.06,-7.08,-7.10,-7.11,-7.13,-7.15,-7.17,-7.19,-7.21,-7.23,-7.25,-7.26,-7.28,-7.30,-7.32,-7.35,-7.37,-7.39,-7.41,-7.43,-7.45,-7.47,-7.50,-7.52,-7.54,-7.56,-7.58,-7.61,-7.63,-7.65,-7.68,-7.70,-7.72,-7.75,-7.77,-7.80,-7.82,-7.85,-7.87,-7.89,-7.92,-7.94,-7.97,-7.99,-8.02,-8.04,-8.07,-8.09,-8.12,-8.15,-8.17,-8.20,-8.22,-8.25,-8.27,-8.30,-8.32,-8.35,-8.37,-8.40,-8.42,-8.45,-8.47,-8.50,-8.52,-8.55,-8.57,-8.60,-8.62,-8.64,-8.67,-8.69,-8.71,-8.74,-8.76,-8.78,-8.80,-8.83,-8.85,-8.87,-8.89,-8.91,-8.93,-8.95,-8.97,-8.99,-9.01,-9.03,-9.05,-9.07,-9.08,-9.10,-9.12,-9.13,-9.15,-9.16,-9.18,-9.19,-9.20,-9.22,-9.23,-9.24,-9.25,-9.26,-9.27,-9.28,-9.29,-9.30,-9.31,-9.32,-9.32,-9.33,-9.33,-9.34,-9.34,-9.35,-9.35,-9.35,-9.35,-9.36,-9.36
13,-9.41,-9.41,-9.41,-9.41,-9.40,-9.40,-9.40,-9.39,-9.39,-9.38,-9.37,-9.37,-9.36,-9.35,-9.34,-9.33,-9.32,-9.31,-9.30,-9.29,-9.27,-9.26,-9.24,-9.23,-9.21,-9.20,-9.18,-9.16,-9.15,-9.13,-9.11,-9.09,-9.07,-9.05,-9.03,-9.01,-8.99,-8.97,-8.95,-8.92,-8.90,-8.88,-8.86,-8.83,-8.81,-8.78,-8.76,-8.73,-8.71,-8.68,-8.66,-8.63,-8.61,-8.58,-8.56,-8.53,-8.50,-8.48,-8.45,-8.42,-8.40,-8.37,-8.34,-8.31,-8.29,-8.26,-8.23,-8.21,-8.18,-8.15,-8.12,-8.10,-8.07,-8.04,-8.02,-7.99,-7.96,-7.94,-7.91,-7.88,-7.86,-7.83,-7.80,-7.78,-7.75,-7.73,-7.70,-7.67,-7.65,-7.62,-7.60,-7.57,-7.55,-7.52,-7.50,-7.48,-7.45,-7.43,-7.41,-7.38,-7.36,-7.34,-7.31,-7.29,-7.27,-7.25,-7.23,-7.20,-7.18,-7.16,-7.14,-7.12,-7.10,-7.08,-7.06,-7.04,-7.02,-7.00,-6.99,-6.97,-6.95,-6.93,-6.91,-6.90,-6.88,-6.86,-6.85,-6.83,-6.82,-6.80,-6.79,-6.77,-6.76,-6.74,-6.73,-6.71,-6.70,-6.69,-6.67,-6.66,-6.65,-6.64,-6.63,-6.62,-6.60,-6.59,-6.58,-6.57,-6.56,-6.55,-6.54,-6.54,-6.53,-6.52,-6.51,-6.50,-6.50,-6.49,-6.48,-6.48,-6.47,-6.46,-6.46,-6.45,-6.45,-6.44,-6.44,-6.43,-6.43,-6.43,-6.42,-6.42,-6.42,-6.42,-6.41,-6.41,-6.41,-6.41,-6.41,-6.41,-6.41,-6.41,-6.41,-6.41,-6.41,-6.41,-6.41,-6.42,-6.42,-6.42,-6.42,-6.43,-6.43,-6.43,-6.44,-6.44,-6.45,-6.45,-6.46,-6.46,-6.47,-6.48,-6.48,-6.49,-6.50,-6.50,-6.51,-6.52,-6.53,-6.54,-6.54,-6.55,-6.56,-6.57,-6.58,-6.59,-6.60,-6.62,-6.63,-6.64,-6.65,-6.66,-6.67,-6.69,-6.70,-6.71,-6.73,-6.74,-6.76,-6.77,-6.79,-6.80,-6.82,-6.83,-6.85,-6.86,-6.88,-6.90,-6.91,-6.93,-6.95,-6.97,-6.99,-7.00,-7.02,-7.04,-7.06,-7.08,-7.10,-7.12,-7.14,-7.16,-7.18,-7.20,-7.23,-7.25,-7.27,-7.29,-7.31,-7.34,-7.36,-7.38,-7.41,-7.43,-7.45,-7.48,-7.50,-7.52,-7.55,-7.57,-7.60,-7.62,-7.65,-7.67,-7.70,-7.73,-7.75,-7.78,-7.80,-7.83,-7.86,-7.88,-7.91,-7.94,-7.96,-7.99,-8.02,-8.04,-8.07,-8.10,-8.12,-8.15,-8.18,-8.21,-8.23,-8.26,-8.29,-8.31,-8.34,-8.37,-8.40,-8.42,-8.45,-8.48,-8.50,-8.53,-8.56,-8.58,-8.61,-8.63,-8.66,-8.68,-8.71,-8.73,-8.76,-8.78,-8.81,-8.83,-8.86,-8.88,-8.90,-8.92,-8.95,-8.97,-8.99,-9.01,-9.03,-9.05,-9.07,-9.09,-9.11,-9.13,-9.15,-9.16,-9.18,-9.20,-9.21,-9.23,-9.24,-9.26,-9.27,-9.29,-9.30,-9.31,-9.32,-9.33,-9.34,-9.35,-9.36,-9.37,-9.37,-9.38,-9.39,-9.39,-9.40,-9.40,-9.40,-9.41,-9.41,-9.41,-9.41
14,-9.46,-9.46,-9.45,-9.45,-9.45,-9.45,-9.44,-9.44,-9.43,-9.42,-9.42,-9.41,-9.40,-9.39,-9.38,-9.37,-9.36,-9.35,-9.33,-9.32,-9.31,-9.29,-9.28,-9.26,-9.24,-9.23,-9.21,-9.19,-9.17,-9.15,-9.13,-9.11,-9.09,-9.07,-9.05,-9.02,-9.00,-8.98,-8.95,-8.93,-8.90,-8.88,-8.85,-8.83,-8.80,-8.78,-8.75,-8.72,-8.70,-8.67,-8.64,-8.62,-8.59,-8.56,-8.53,-8.50,-8.48,-8.45,-8.42,-8.39,-8.36,-8.33,-8.30,-8.27,-8.25,-8.22,-8.19,-8.16,-8.13,-8.10,-8.07,-8.04,-8.01,-7.99,-7.96,-7.93,-7.90,-7.87,-7.84,-7.82,-7.79,-7.76,-7.73,-7.70,-7.68,-7.65,-7.62,-7.60,-7.57,-7.54,-7.52,-7.49,-7.46,-7.44,-7.41,-7.39,-7.36,-7.34,-7.31,-7.29,-7.26,-7.24,-7.22,-7.19,-7.17,-7.15,-7.12,-7.10,-7.08,-7.06,-7.04,-7.01,-6.99,-6.97,-6.95,-6.93,-6.91,-6.89,-6.87,-6.85,-6.83,-6.82,-6.80,-6.78,-6.76,-6.75,-6.73,-6.71,-6.70,-6.68,-6.66,-6.65,-6.63,-6.62,-6.60,-6.59,-6.58,-6.56,-6.55,-6.54,-6.52,-6.51,-6.50,-6.49,-6.48,-6.46,-6.45,-6.44,-6.43,-6.42,-6.41,-6.40,-6.40,-6.39,-6.38,-6.37,-6.36,-6.36,-6.35,-6.34,-6.34,-6.33,-6.32,-6.32,-6.31,-6.31,-6.30,-6.30,-6.30,-6.29,-6.29,-6.29,-6.28,-6.28,-6.28,-6.28,-6.28,-6.27,-6.27,-6.27,-6.27,-6.27,-6.27,-6.27,-6.28,-6.28,-6.28,-6.28,-6.28,-6.29,-6.29,-6.29,-6.30,-6.30,-6.30,-6.31,-6.31,-6.32,-6.32,-6.33,-6.34,-6.34,-6.35,-6.36,-6.36,-6.37,-6.38,-6.39,-6.40,-6.40,-6.41,-6.42,-6.43,-6.44,-6.45,-6.46,-6.48,-6.49,-6.50,-6.51,-6.52,-6.54,-6.55,-6.56,-6.58,-6.59,-6.60,-6.62,-6.63,-6.65,-6.66,-6.68,-6.70,-6.71,-6.73,-6.75,-6.76,-6.78,-6.80,-6.82,-6.83,-6.85,-6.87,-6.89,-6.91,-6.93,-6.95,-6.97,-6.99,-7.01,-7.04,-7.06,-7.08,-7.10,-7.12,-7.15,-7.17,-7.19,-7.22,-7.24,-7.26,-7.29,-7.31,-7.34,-7.36,-7.39,-7.41,-7.44,-7.46,-7.49,-7.52,-7.54,-7.57,-7.60,-7.62,-7.65,-7.68,-7.70,-7.73,-7.76,-7.79,-7.82,-7.84,-7.87,-7.90,-7.93,-7.96,-7.99,-8.01,-8.04,-8.07,-8.10,-8.13,-8.16,-8.19,-8.22,-8.25,-8.27,-8.30,-8.33,-8.36,-8.39,-8.42,-8.45,-8.48,-8.50,-8.53,-8.56,-8.59,-8.62,-8.64,-8.67,-8.70,-8.72,-8.75,-8.78,-8.80,-8.83,-8.85,-8.88,-8.90,-8.93,-8.95,-8.98,-9.00,-9.02,-9.05,-9.07,-9.09,-9.11,-9.13,-9.15,-9.17,-9.19,-9.21,-9.23,-9.24,-9.26,-9.28,-9.29,-9.31,-9.32,-9.33,-9.35,-9.36,-9.37,-9.38,-9.39,-9.40,-9.41,-9.42,-9.42,-9.43,-9.44,-9.44,-9.45,-9.45,-9.45,-9.45,-9.46,-9.46
15,-9.49,-9.49,-9.49,-9.49,-9.49,-9.48,-9.48,-9.47,-9.47,-9.46,-9.45,-9.44,-9.43,-9.42,-9.41,-9.40,-9.39,-9.38,-9.36,-9.35,-9.33,-9.32,-9.30,-9.28,-9.26,-9.24,-9.23,-9.21,-9.18,-9.16,-9.14,-9.12,-9.10,-9.07,-9.05,-9.03,-9.00,-8.98,-8.95,-8.93,-8.90,-8.87,-8.85,-8.82,-8.79,-8.76,-8.74,-8.71,-8.68,-8.65,-8.62,-8.59,-8.56,-8.53,-8.50,-8.47,-8.44,-8.41,-8.38,-8.35,-8.32,-8.29,-8.26,-8.23,-8.20,-8.17,-8.14,-8.11,-8.07,-8.04,-8.01,-7.98,-7.95,-7.92,-7.89,-7.86,-7.83,-7.80,-7.77,-7.74,-7.71,-7.68,-7.66,-7.63,-7.60,-7.57,-7.54,-7.51,-7.48,-7.46,-7.43,-7.40,-7.37,-7.35,-7.32,-7.29,-7.27,-7.24,-7.22,-7.19,-7.16,-7.14,-7.11,-7.09,-7.07,-7.04,-7.02,-7.00,-6.97,-6.95,-6.93,-6.90,-6.88,-6.86,-6.84,-6.82,-6.80,-6.78,-6.76,-6.74,-6.72,-6.70,-6.68,-6.66,-6.64,-6.63,-6.61,-6.59,-6.57,-6.56,-6.54,-6.53,-6.51,-6.49,-6.48,-6.47,-6.45,-6.44,-6.42,-6.41,-6.40,-6.38,-6.37,-6.36,-6.35,-6.34,-6.33,-6.31,-6.30,-6.29,-6.28,-6.27,-6.27,-6.26,-6.25,-6.24,-6.23,-6.22,-6.22,-6.21,-6.20,-6.20,-6.19,-6.19,-6.18,-6.18,-6.17,-6.17,-6.16,-6.16,-6.16,-6.15,-6.15,-6.15,-6.15,-6.14,-6.14,-6.14,-6.14,-6.14,-6.14,-6.14,-6.14,-6.14,-6.14,-6.14,-6.15,-6.15,-6.15,-6.15,-6.16,-6.16,-6.16,-6.17,-6.17,-6.18,-6.18,-6.19,-6.19,-6.20,-6.20,-6.21,-6.22,-6.22,-6.23,-6.24,-6.25,-6.26,-6.27,-6.27,-6.28,-6.29,-6.30,-6.31,-6.33,-6.34,-6.35,-6.36,-6.37,-6.38,-6.40,-6.41,-6.42,-6.44,-6.45,-6.47,-6.48,-6.49,-6.51,-6.53,-6.54,-6.56,-6.57,-6.59,-6.61,-6.63,-6.64,-6.66,-6.68,-6.70,-6.72,-6.74,-6.76,-6.78,-6.80,-6.82,-6.84,-6.86,-6.88,-6.90,-6.93,-6.95,-6.97,-7.00,-7.02,-7.04,-7.07,-7.09,-7.11,-7.14,-7.16,-7.19,-7.22,-7.24,-7.27,-7.29,-7.32,-7.35,-7.37,-7.40,-7.43,-7.46,-7.48,-7.51,-7.54,-7.57,-7.60,-7.63,-7.66,-7.68,-7.71,-7.74,-7.77,-7.80,-7.83,-7.86,-7.89,-7.92,-7.95,-7.98,-8.01,-8.04,-8.07,-8.11,-8.14,-8.17,-8.20,-8.23,-8.26,-8.29,-8.32,-8.35,-8.38,-8.41,-8.44,-8.47,-8.50,-8.53,-8.56,-8.59,-8.62,-8.65,-8.68,-8.71,-8.74,-8.76,-8.79,-8.82,-8.85,-8.87,-8.90,-8.93,-8.95,-8.98,-9.00,-9.03,-9.05,-9.07,-9.10,-9.12,-9.14,-9.16,-9.18,-9.21,-9.23,-9.24,-9.26,-9.28,-9.30,-9.32,-9.33,-9.35,-9.36,-9.38,-9.39,-9.40,-9.41,-9.42,-9.43,-9.44,-9.45,-9.46,-9.47,-9.47,-9.48,-9.48,-9.49,-9.49,-9.49,-9.49,-9.49
16,-9.52,-9.52,-9.52,-9.52,-9.51,-9.51,-9.51,-9.50,-9.49,-9.49,-9.48,-9.47,-9.46,-9.45,-9.43,-9.42,-9.41,-9.39,-9.38,-9.36,-9.35,-9.33,-9.31,-9.29,-9.27,-9.25,-9.23,-9.21,-9.19,-9.17,-9.15,-9.12,-9.10,-9.07,-9.05,-9.02,-9.00,-8.97,-8.94,-8.91,-8.89,-8.86,-8.83,-8.80,-8.77,-8.74,-8.71,-8.68,-8.65,-8.62,-8.59,-8.56,-8.53,-8.50,-8.46,-8.43,-8.40,-8.37,-8.34,-8.30,-8.27,-8.24,-8.21,-8.18,-8.14,-8.11,-8.08,-8.05,-8.01,-7.98,-7.95,-7.92,-7.89,-7.85,-7.82,-7.79,-7.76,-7.73,-7.70,-7.67,-7.64,-7.60,-7.57,-7.54,-7.51,-7.48,-7.45,-7.42,-7.40,-7.37,-7.34,-7.31,-7.28,-7.25,-7.22,-7.20,-7.17,-7.14,-7.12,-7.09,-7.06,-7.04,-7.01,-6.99,-6.96,-6.94,-6.91,-6.89,-6.86,-6.84,-6.82,-6.79,-6.77,-6.75,-6.73,-6.71,-6.68,-6.66,-6.64,-6.62,-6.60,-6.58,-6.56,-6.54,-6.53,-6.51,-6.49,-6.47,-6.45,-6.44,-6.42,-6.40,-6.39,-6.37,-6.36,-6.34,-6.33,-6.31,-6.30,-6.28,-6.27,-6.26,-6.24,-6.23,-6.22,-6.21,-6.20,-6.19,-6.18,-6.16,-6.15,-6.15,-6.14,-6.13,-6.12,-6.11,-6.10,-6.09,-6.09,-6.08,-6.07,-6.07,-6.06,-6.05,-6.05,-6.04,-6.04,-6.03,-6.03,-6.03,-6.02,-6.02,-6.02,-6.01,-6.01,-6.01,-6.01,-6.01,-6.01,-6.01,-6.01,-6.01,-6.01,-6.01,-6.01,-6.01,-6.01,-6.01,-6.02,-6.02,-6.02,-6.03,-6.03,-6.03,-6.04,-6.04,-6.05,-6.05,-6.06,-6.07,-6.07,-6.08,-6.09,-6.09,-6.10,-6.11,-6.12,-6.13,-6.14,-6.15,-6.15,-6.16,-6.18,-6.19,-6.20,-6.21,-6.22,-6.23,-6.24,-6.26,-6.27,-6.28,-6.30,-6.31,-6.33,-6.34,-6.36,-6.37,-6.39,-6.40,-6.42,-6.44,-6.45,-6.47,-6.49,-6.51,-6.53,-6.54,-6.56,-6.58,-6.60,-6.62,-6.64,-6.66,-6.68,-6.71,-6.73,-6.75,-6.77,-6.79,-6.82,-6.84,-6.86,-6.89,-6.91,-6.94,-6.96,-6.99,-7.01,-7.04,-7.06,-7.09,-7.12,-7.14,-7.17,-7.20,-7.22,-7.25,-7.28,-7.31,-7.34,-7.37,-7.40,-7.42,-7.45,-7.48,-7.51,-7.54,-7.57,-7.60,-7.64,-7.67,-7.70,-7.73,-7.76,-7.79,-7.82,-7.85,-7.89,-7.92,-7.95,-7.98,-8.01,-8.05,-8.08,-8.11,-8.14,-8.18,-8.21,-8.24,-8.27,-8.30,-8.34,-8.37,-8.40,-8.43,-8.46,-8.50,-8.53,-8.56,-8.59,-8.62,-8.65,-8.68,-8.71,-8.74,-8.77,-8.80,-8.83,-8.86,-8.89,-8.91,-8.94,-8.97,-9.00,-9.02,-9.05,-9.07,-9.10,-9.12,-9.15,-9.17,-9.19,-9.21,-9.23,-9.25,-9.27,-9.29,-9.31,-9.33,-9.35,-9.36,-9.38,-9.39,-9.41,-9.42,-9.43,-9.45,-9.46,-9.47,-9.48,-9.49,-9.49,-9.50,-9.51,-9.51,-9.51,-9.52,-9.52,-9.52,-9.52
17,-9.54,-9.54,-9.54,-9.54,-9.53,-9.53,-9.52,-9.52,-9.51,-9.50,-9.49,-9.48,-9.47,-9.46,-9.45,-9.44,-9.42,-9.41,-9.39,-9.37,-9.36,-9.34,-9.32,-9.30,-9.28,-9.26,-9.23,-9.21,-9.19,-9.16,-9.14,-9.12,-9.09,-9.06,-9.04,-9.01,-8.98,-8.95,-8.92,-8.90,-8.87,-8.84,-8.81,-8.78,-8.74,-8.71,-8.68,-8.65,-8.62,-8.59,-8.55,-8.52,-8.49,-8.45,-8.42,-8.39,-8.35,-8.32,-8.29,-8.25,-8.22,-8.19,-8.15,-8.12,-8.08,-8.05,-8.02,-7.98,-7.95,-7.92,-7.88,-7.85,-7.81,-7.78,-7.75,-7.72,-7.68,-7.65,-7.62,-7.59,-7.55,-7.52,-7.49,-7.46,-7.43,-7.40,-7.37,-7.33,-7.30,-7.27,-7.24,-7.21,-7.19,-7.16,-7.13,-7.10,-7.07,-7.04,-7.01,-6.99,-6.96,-6.93,-6.91,-6.88,-6.85,-6.83,-6.80,-6.78,-6.75,-6.73,-6.71,-6.68,-6.66,-6.64,-6.61,-6.59,-6.57,-6.55,-6.53,-6.51,-6.48,-6.46,-6.44,-6.43,-6.41,-6.39,-6.37,-6.35,-6.33,-6.31,-6.30,-6.28,-6.26,-6.25,-6.23,-6.22,-6.20,-6.19,-6.17,-6.16,-6.14,-6.13,-6.12,-6.11,-6.09,-6.08,-6.07,-6.06,-6.05,-6.04,-6.03,-6.02,-6.01,-6.00,-5.99,-5.98,-5.97,-5.96,-5.96,-5.95,-5.94,-5.94,-5.93,-5.92,-5.92,-5.91,-5.91,-5.90,-5.90,-5.90,-5.89,-5.89,-5.89,-5.88,-5.88,-5.88,-5.88,-5.88,-5.88,-5.88,-5.88,-5.88,-5.88,-5.88,-5.88,-5.88,-5.88,-5.88,-5.89,-5.89,-5.89,-5.90,-5.90,-5.90,-5.91,-5.91,-5.92,-5.92,-5.93,-5.94,-5.94,-5.95,-5.96,-5.96,-5.97,-5.98,-5.99,-6.00,-6.01,-6.02,-6.03,-6.04,-6.05,-6.06,-6.07,-6.08,-6.09,-6.11,-6.12,-6.13,-6.14,-6.16,-6.17,-6.19,-6.20,-6.22,-6.23,-6.25,-6.26,-6.28,-6.30,-6.31,-6.33,-6.35,-6.37,-6.39,-6.41,-6.43,-6.44,-6.46,-6.48,-6.51,-6.53,-6.55,-6.57,-6.59,-6.61,-6.64,-6.66,-6.68,-6.71,-6.73,-6.75,-6.78,-6.80,-6.83,-6.85,-6.88,-6.91,-6.93,-6.96,-6.99,-7.01,-7.04,-7.07,-7.10,-7.13,-7.16,-7.19,-7.21,-7.24,-7.27,-7.30,-7.33,-7.37,-7.40,-7.43,-7.46,-7.49,-7.52,-7.55,-7.59,-7.62,-7.65,-7.68,-7.72,-7.75,-7.78,-7.81,-7.85,-7.88,-7.92,-7.95,-7.98,-8.02,-8.05,-8.08,-8.12,-8.15,-8.19,-8.22,-8.25,-8.29,-8.32,-8.35,-8.39,-8.42,-8.45,-8.49,-8.52,-8.55,-8.59,-8.62,-8.65,-8.68,-8.71,-8.74,-8.78,-8.81,-8.84,-8.87,-8.90,-8.92,-8.95,-8.98,-9.01,-9.04,-9.06,-9.09,-9.12,-9.14,-9.16,-9.19,-9.21,-9.23,-9.26,-9.28,-9.30,-9.32,-9.34,-9.36,-9.37,-9.39,-9.41,-9.42,-9.44,-9.45,-9.46,-9.47,-9.48,-9.49,-9.50,-9.51,-9.52,-9.52,-9.53,-9.53,-9.54,-9.54,-9.54,-9.54
18,-9.55,-9.55,-9.55,-9.55,-9.54,-9.54,-9.53,-9.53,-9.52,-9.51,-9.50,-9.49,-9.48,-9.47,-9.45,-9.44,-9.42,-9.41,-9.39,-9.37,-9.35,-9.34,-9.32,-9.29,-9.27,-9.25,-9.23,-9.20,-9.18,-9.15,-9.13,-9.10,-9.07,-9.05,-9.02,-8.99,-8.96,-8.93,-8.90,-8.87,-8.84,-8.81,-8.77,-8.74,-8.71,-8.68,-8.64,-8.61,-8.58,-8.54,-8.51,-8.47,-8.44,-8.41,-8.37,-8.34,-8.30,-8.27,-8.23,-8.20,-8.16,-8.12,-8.09,-8.05,-8.02,-7.98,-7.95,-7.91,-7.88,-7.84,-7.81,-7.77,-7.74,-7.70,-7.67,-7.64,-7.60,-7.57,-7.53,-7.50,-7.47,-7.43,-7.40,-7.37,-7.34,-7.30,-7.27,-7.24,-7.21,-7.18,-7.15,-7.12,-7.09,-7.06,-7.03,-7.00,-6.97,-6.94,-6.91,-6.88,-6.86,-6.83,-6.80,-6.77,-6.75,-6.72,-6.69,-6.67,-6.64,-6.62,-6.59,-6.57,-6.55,-6.52,-6.50,-6.48,-6.45,-6.43,-6.41,-6.39,-6.37,-6.35,-6.33,-6.31,-6.29,-6.27,-6.25,-6.23,-6.21,-6.19,-6.18,-6.16,-6.14,-6.13,-6.11,-6.09,-6.08,-6.06,-6.05,-6.03,-6.02,-6.01,-5.99,-5.98,-5.97,-5.96,-5.94,-5.93,-5.92,-5.91,-5.90,-5.89,-5.88,-5.87,-5.86,-5.85,-5.84,-5.84,-5.83,-5.82,-5.81,-5.81,-5.80,-5.80,-5.79,-5.78,-5.78,-5.77,-5.77,-5.77,-5.76,-5.76,-5.76,-5.75,-5.75,-5.75,-5.75,-5.75,-5.75,-5.75,-5.75,-5.75,-5.75,-5.75,-5.75,-5.75,-5.75,-5.75,-5.76,-5.76,-5.76,-5.77,-5.77,-5.77,-5.78,-5.78,-5.79,-5.80,-5.80,-5.81,-5.81,-5.82,-5.83,-5.84,-5.84,-5.85,-5.86,-5.87,-5.88,-5.89,-5.90,-5.91,-5.92,-5.93,-5.94,-5.96,-5.97,-5.98,-5.99,-6.01,-6.02,-6.03,-6.05,-6.06,-6.08,-6.09,-6.11,-6.13,-6.14,-6.16,-6.18,-6.19,-6.21,-6.23,-6.25,-6.27,-6.29,-6.31,-6.33,-6.35,-6.37,-6.39,-6.41,-6.43,-6.45,-6.48,-6.50,-6.52,-6.55,-6.57,-6.59,-6.62,-6.64,-6.67,-6.69,-6.72,-6.75,-6.77,-6.80,-6.83,-6.86,-6.88,-6.91,-6.94,-6.97,-7.00,-7.03,-7.06,-7.09,-7.12,-7.15,-7.18,-7.21,-7.24,-7.27,-7.30,-7.34,-7.37,-7.40,-7.43,-7.47,-7.50,-7.53,-7.57,-7.60,-7.64,-7.67,-7.70,-7.74,-7.77,-7.81,-7.84,-7.88,-7.91,-7.95,-7.98,-8.02,-8.05,-8.09,-8.12,-8.16,-8.20,-8.23,-8.27,-8.30,-8.34,-8.37,-8.41,-8.44,-8.47,-8.51,-8.54,-8.58,-8.61,-8.64,-8.68,-8.71,-8.74,-8.77,-8.81,-8.84,-8.87,-8.90,-8.93,-8.96,-8.99,-9.02,-9.05,-9.07,-9.10,-9.13,-9.15,-9.18,-9.20,-9.23,-9.25,-9.27,-9.29,-9.32,-9.34,-9.35,-9.37,-9.39,-9.41,-9.42,-9.44,-9.45,-9.47,-9.48,-9.49,-9.50,-9.51,-9.52,-9.53,-9.53,-9.54,-9.54,-9.55,-9.55,-9.55,-9.55
19,-9.55,-9.55,-9.55,-9.55,-9.54,-9.54,-9.53,-9.53,-9.52,-9.51,-9.50,-9.49,-9.48,-9.46,-9.45,-9.43,-9.42,-9.40,-9.38,-9.37,-9.35,-9.33,-9.30,-9.28,-9.26,-9.24,-9.21,-9.19,-9.16,-9.13,-9.11,-9.08,-9.05,-9.02,-8.99,-8.96,-8.93,-8.90,-8.87,-8.84,-8.80,-8.77,-8.74,-8.70,-8.67,-8.63,-8.60,-8.56,-8.53,-8.49,-8.46,-8.42,-8.39,-8.35,-8.31,-8.28,-8.24,-8.21,-8.17,-8.13,-8.10,-8.06,-8.02,-7.99,-7.95,-7.91,-7.88,-7.84,-7.80,-7.77,-7.73,-7.70,-7.66,-7.62,-7.59,-7.55,-7.52,-7.48,-7.45,-7.41,-7.38,-7.34,-7.31,-7.28,-7.24,-7.21,-7.18,-7.15,-7.11,-7.08,-7.05,-7.02,-6.99,-6.96,-6.93,-6.90,-6.87,-6.84,-6.81,-6.78,-6.75,-6.72,-6.69,-6.66,-6.64,-6.61,-6.58,-6.56,-6.53,-6.51,-6.48,-6.46,-6.43,-6.41,-6.38,-6.36,-6.34,-6.32,-6.29,-6.27,-6.25,-6.23,-6.21,-6.19,-6.17,-6.15,-6.13,-6.11,-6.09,-6.07,-6.05,-6.04,-6.02,-6.00,-5.99,-5.97,-5.96,-5.94,-5.92,-5.91,-5.90,-5.88,-5.87,-5.86,-5.84,-5.83,-5.82,-5.81,-5.80,-5.78,-5.77,-5.76,-5.75,-5.74,-5.74,-5.73,-5.72,-5.71,-5.70,-5.69,-5.69,-5.68,-5.67,-5.67,-5.66,-5.66,-5.65,-5.65,-5.64,-5.64,-5.64,-5.63,-5.63,-5.63,-5.62,-5.62,-5.62,-5.62,-5.62,-5.62,-5.62,-5.62,-5.62,-5.62,-5.62,-5.62,-5.62,-5.63,-5.63,-5.63,-5.64,-5.64,-5.64,-5.65,-5.65,-5.66,-5.66,-5.67,-5.67,-5.68,-5.69,-5.69,-5.70,-5.71,-5.72,-5.73,-5.74,-5.74,-5.75,-5.76,-5.77,-5.78,-5.80,-5.81,-5.82,-5.83,-5.84,-5.86,-5.87,-5.88,-5.90,-5.91,-5.92,-5.94,-5.96,-5.97,-5.99,-6.00,-6.02,-6.04,-6.05,-6.07,-6.09,-6.11,-6.13,-6.15,-6.17,-6.19,-6.21,-6.23,-6.25,-6.27,-6.29,-6.32,-6.34,-6.36,-6.38,-6.41,-6.43,-6.46,-6.48,-6.51,-6.53,-6.56,-6.58,-6.61,-6.64,-6.66,-6.69,-6.72,-6.75,-6.78,-6.81,-6.84,-6.87,-6.90,-6.93,-6.96,-6.99,-7.02,-7.05,-7.08,-7.11,-7.15,-7.18,-7.21,-7.24,-7.28,-7.31,-7.34,-7.38,-7.41,-7.45,-7.48,-7.52,-7.55,-7.59,-7.62,-7.66,-7.70,-7.73,-7.77,-7.80,-7.84,-7.88,-7.91,-7.95,-7.99,-8.02,-8.06,-8.10,-8.13,-8.17,-8.21,-8.24,-8.28,-8.31,-8.35,-8.39,-8.42,-8.46,-8.49,-8.53,-8.56,-8.60,-8.63,-8.67,-8.70,-8.74,-8.77,-8.80,-8.84,-8.87,-8.90,-8.93,-8.96,-8.99,-9.02,-9.05,-9.08,-9.11,-9.13,-9.16,-9.19,-9.21,-9.24,-9.26,-9.28,-9.30,-9.33,-9.35,-9.37,-9.38,-9.40,-9.42,-9.43,-9.45,-9.46,-9.48,-9.49,-9.50,-9.51,-9.52,-9.53,-9.53,-9.54,-9.54,-9.55,-9.55,-9.55,-9.55
20,-9.55,-9.55,-9.54,-9.54,-9.54,-9.53,-9.53,-9.52,-9.51,-9.50,-9.49,-9.48,-9.47,-9.45,-9.44,-9.42,-9.40,-9.39,-9.37,-9.35,-9.33,-9.31,-9.28,-9.26,-9.24,-9.21,-9.19,-9.16,-9.13,-9.11,-9.08,-9.05,-9.02,-8.99,-8.96,-8.93,-8.89,-8.86,-8.83,-8.79,-8.76,-8.73,-8.69,-8.66,-8.62,-8.59,-8.55,-8.51,-8.48,-8.44,-8.40,-8.37,-8.33,-8.29,-8.25,-8.22,-8.18,-8.14,-8.10,-8.06,-8.03,-7.99,-7.95,-7.91,-7.87,-7.84,-7.80,-7.76,-7.72,-7.69,-7.65,-7.61,-7.58,-7.54,-7.50,-7.47,-7.43,-7.39,-7.36,-7.32,-7.29,-7.25,-7.22,-7.18,-7.15,-7.11,-7.08,-7.05,-7.01,-6.98,-6.95,-6.92,-6.88,-6.85,-6.82,-6.79,-6.76,-6.73,-6.70,-6.67,-6.64,-6.61,-6.58,-6.56,-6.53,-6.50,-6.47,-6.45,-6.42,-6.39,-6.37,-6.34,-6.32,-6.29,-6.27,-6.25,-6.22,-6.20,-6.18,-6.15,-6.13,-6.11,-6.09,-6.07,-6.05,-6.03,-6.01,-5.99,-5.97,-5.95,-5.93,-5.92,-5.90,-5.88,-5.87,-5.85,-5.83,-5.82,-5.80,-5.79,-5.77,-5.76,-5.75,-5.73,-5.72,-5.71,-5.69,-5.68,-5.67,-5.66,-5.65,-5.64,-5.63,-5.62,-5.61,-5.60,-5.59,-5.58,-5.58,-5.57,-5.56,-5.56,-5.55,-5.54,-5.54,-5.53,-5.53,-5.52,-5.52,-5.51,-5.51,-5.51,-5.50,-5.50,-5.50,-5.50,-5.50,-5.49,-5.49,-5.49,-5.49,-5.49,-5.49,-5.49,-5.50,-5.50,-5.50,-5.50,-5.50,-5.51,-5.51,-5.51,-5.52,-5.52,-5.53,-5.53,-5.54,-5.54,-5.55,-5.56,-5.56,-5.57,-5.58,-5.58,-5.59,-5.60,-5.61,-5.62,-5.63,-5.64,-5.65,-5.66,-5.67,-5.68,-5.69,-5.71,-5.72,-5.73,-5.75,-5.76,-5.77,-5.79,-5.80,-5.82,-5.83,-5.85,-5.87,-5.88,-5.90,-5.92,-5.93,-5.95,-5.97,-5.99,-6.01,-6.03,-6.05,-6.07,-6.09,-6.11,-6.13,-6.15,-6.18,-6.20,-6.22,-6.25,-6.27,-6.29,-6.32,-6.34,-6.37,-6.39,-6.42,-6.45,-6.47,-6.50,-6.53,-6.56,-6.58,-6.61,-6.64,-6.67,-6.70,-6.73,-6.76,-6.79,-6.82,-6.85,-6.88,-6.92,-6.95,-6.98,-7.01,-7.05,-7.08,-7.11,-7.15,-7.18,-7.22,-7.25,-7.29,-7.32,-7.36,-7.39,-7.43,-7.47,-7.50,-7.54,-7.58,-7.61,-7.65,-7.69,-7.72,-7.76,-7.80,-7.84,-7.87,-7.91,-7.95,-7.99,-8.03,-8.06,-8.10,-8.14,-8.18,-8.22,-8.25,-8.29,-8.33,-8.37,-8.40,-8.44,-8.48,-8.51,-8.55,-8.59,-8.62,-8.66,-8.69,-8.73,-8.76,-8.79,-8.83,-8.86,-8.89,-8.93,-8.96,-8.99,-9.02,-9.05,-9.08,-9.11,-9.13,-9.16,-9.19,-9.21,-9.24,-9.26,-9.28,-9.31,-9.33,-9.35,-9.37,-9.39,-9.40,-9.42,-9.44,-9.45,-9.47,-9.48,-9.49,-9.50,-9.51,-9.52,-9.53,-9.53,-9.54,-9.54,-9.54,-9.55,-9.55
21,-9.53,-9.53,-9.53,-9.53,-9.52,-9.52,-9.51,-9.50,-9.49,-9.48,-9.47,-9.46,-9.45,-9.43,-9.42,-9.40,-9.38,-9.36,-9.34,-9.32,-9.30,-9.28,-9.26,-9.23,-9.21,-9.18,-9.16,-9.13,-9.10,-9.07,-9.04,-9.01,-8.98,-8.95,-8.92,-8.88,-8.85,-8.82,-8.78,-8.75,-8.71,-8.68,-8.64,-8.60,-8.57,-8.53,-8.49,-8.46,-8.42,-8.38,-8.34,-8.30,-8.26,-8.23,-8.19,-8.15,-8.11,-8.07,-8.03,-7.99,-7.95,-7.91,-7.87,-7.84,-7.80,-7.76,-7.72,-7.68,-7.64,-7.60,-7.57,-7.53,-7.49,-7.45,-7.41,-7.38,-7.34,-7.30,-7.27,-7.23,-7.19,-7.16,-7.12,-7.09,-7.05,-7.02,-6.98,-6.95,-6.91,-6.88,-6.85,-6.81,-6.78,-6.75,-6.72,-6.69,-6.65,-6.62,-6.59,-6.56,-6.53,-6.50,-6.47,-6.45,-6.42,-6.39,-6.36,-6.33,-6.31,-6.28,-6.26,-6.23,-6.20,-6.18,-6.15,-6.13,-6.11,-6.08,-6.06,-6.04,-6.02,-5.99,-5.97,-5.95,-5.93,-5.91,-5.89,-5.87,-5.85,-5.83,-5.81,-5.80,-5.78,-5.76,-5.74,-5.73,-5.71,-5.70,-5.68,-5.67,-5.65,-5.64,-5.62,-5.61,-5.60,-5.58,-5.57,-5.56,-5.55,-5.54,-5.53,-5.52,-5.51,-5.50,-5.49,-5.48,-5.47,-5.46,-5.45,-5.45,-5.44,-5.43,-5.43,-5.42,-5.41,-5.41,-5.40,-5.40,-5.39,-5.39,-5.39,-5.38,-5.38,-5.38,-5.38,-5.37,-5.37,-5.37,-5.37,-5.37,-5.37,-5.37,-5.37,-5.37,-5.37,-5.37,-5.38,-5.38,-5.38,-5.38,-5.39,-5.39,-5.39,-5.40,-5.40,-5.41,-5.41,-5.42,-5.43,-5.43,-5.44,-5.45,-5.45,-5.46,-5.47,-5.48,-5.49,-5.50,-5.51,-5.52,-5.53,-5.54,-5.55,-5.56,-5.57,-5.58,-5.60,-5.61,-5.62,-5.64,-5.65,-5.67,-5.68,-5.70,-5.71,-5.73,-5.74,-5.76,-5.78,-5.80,-5.81,-5.83,-5.85,-5.87,-5.89,-5.91,-5.93,-5.95,-5.97,-5.99,-6.02,-6.04,-6.06,-6.08,-6.11,-6.13,-6.15,-6.18,-6.20,-6.23,-6.26,-6.28,-6.31,-6.33,-6.36,-6.39,-6.42,-6.45,-6.47,-6.50,-6.53,-6.56,-6.59,-6.62,-6.65,-6.69,-6.72,-6.75,-6.78,-6.81,-6.85,-6.88,-6.91,-6.95,-6.98,-7.02,-7.05,-7.09,-7.12,-7.16,-7.19,-7.23,-7.27,-7.30,-7.34,-7.38,-7.41,-7.45,-7.49,-7.53,-7.57,-7.60,-7.64,-7.68,-7.72,-7.76,-7.80,-7.84,-7.87,-7.91,-7.95,-7.99,-8.03,-8.07,-8.11,-8.15,-8.19,-8.23,-8.26,-8.30,-8.34,-8.38,-8.42,-8.46,-8.49,-8.53,-8.57,-8.60,-8.64,-8.68,-8.71,-8.75,-8.78,-8.82,-8.85,-8.88,-8.92,-8.95,-8.98,-9.01,-9.04,-9.07,-9.10,-9.13,-9.16,-9.18,-9.21,-9.23,-9.26,-9.28,-9.30,-9.32,-9.34,-9.36,-9.38,-9.40,-9.42,-9.43,-9.45,-9.46,-9.47,-9.48,-9.49,-9.50,-9.51,-9.52,-9.52,-9.53,-9.53,-9.53,-9.53
22,-9.51,-9.51,-9.50,-9.50,-9.50,-9.49,-9.48,-9.48,-9.47,-9.46,-9.45,-9.43,-9.42,-9.40,-9.39,-9.37,-9.35,-9.33,-9.31,-9.29,-9.27,-9.25,-9.22,-9.20,-9.17,-9.14,-9.12,-9.09,-9.06,-9.03,-9.00,-8.97,-8.93,-8.90,-8.87,-8.84,-8.80,-8.77,-8.73,-8.69,-8.66,-8.62,-8.58,-8.55,-8.51,-8.47,-8.43,-8.39,-8.35,-8.31,-8.28,-8.24,-8.20,-8.16,-8.12,-8.08,-8.04,-8.00,-7.96,-7.92,-7.87,-7.83,-7.79,-7.75,-7.71,-7.67,-7.64,-7.60,-7.56,-7.52,-7.48,-7.44,-7.40,-7.36,-7.32,-7.28,-7.25,-7.21,-7.17,-7.13,-7.10,-7.06,-7.02,-6.99,-6.95,-6.92,-6.88,-6.85,-6.81,-6.78,-6.74,-6.71,-6.68,-6.64,-6.61,-6.58,-6.55,-6.52,-6.48,-6.45,-6.42,-6.39,-6.36,-6.34,-6.31,-6.28,-6.25,-6.22,-6.20,-6.17,-6.14,-6.12,-6.09,-6.06,-6.04,-6.02,-5.99,-5.97,-5.94,-5.92,-5.90,-5.88,-5.86,-5.83,-5.81,-5.79,-5.77,-5.75,-5.73,-5.71,-5.70,-5.68,-5.66,-5.64,-5.63,-5.61,-5.59,-5.58,-5.56,-5.55,-5.53,-5.52,-5.50,-5.49,-5.48,-5.46,-5.45,-5.44,-5.43,-5.42,-5.41,-5.40,-5.39,-5.38,-5.37,-5.36,-5.35,-5.34,-5.33,-5.32,-5.32,-5.31,-5.30,-5.30,-5.29,-5.29,-5.28,-5.28,-5.27,-5.27,-5.26,-5.26,-5.26,-5.26,-5.25,-5.25,-5.25,-5.25,-5.25,-5.25,-5.25,-5.25,-5.25,-5.25,-5.25,-5.25,-5.25,-5.26,-5.26,-5.26,-5.26,-5.27,-5.27,-5.28,-5.28,-5.29,-5.29,-5.30,-5.30,-5.31,-5.32,-5.32,-5.33,-5.34,-5.35,-5.36,-5.37,-5.38,-5.39,-5.40,-5.41,-5.42,-5.43,-5.44,-5.45,-5.46,-5.48,-5.49,-5.50,-5.52,-5.53,-5.55,-5.56,-5.58,-5.59,-5.61,-5.63,-5.64,-5.66,-5.68,-5.70,-5.71,-5.73,-5.75,-5.77,-5.79,-5.81,-5.83,-5.86,-5.88,-5.90,-5.92,-5.94,-5.97,-5.99,-6.02,-6.04,-6.06,-6.09,-6.12,-6.14,-6.17,-6.20,-6.22,-6.25,-6.28,-6.31,-6.34,-6.36,-6.39,-6.42,-6.45,-6.48,-6.52,-6.55,-6.58,-6.61,-6.64,-6.68,-6.71,-6.74,-6.78,-6.81,-6.85,-6.88,-6.92,-6.95,-6.99,-7.02,-7.06,-7.10,-7.13,-7.17,-7.21,-7.25,-7.28,-7.32,-7.36,-7.40,-7.44,-7.48,-7.52,-7.56,-7.60,-7.64,-7.67,-7.71,-7.75,-7.79,-7.83,-7.87,-7.92,-7.96,-8.00,-8.04,-8.08,-8.12,-8.16,-8.20,-8.24,-8.28,-8.31,-8.35,-8.39,-8.43,-8.47,-8.51,-8.55,-8.58,-8.62,-8.66,-8.69,-8.73,-8.77,-8.80,-8.84,-8.87,-8.90,-8.93,-8.97,-9.00,-9.03,-9.06,-9.09,-9.12,-9.14,-9.17,-9.20,-9.22,-9.25,-9.27,-9.29,-9.31,-9.33,-9.35,-9.37,-9.39,-9.40,-9.42,-9.43,-9.45,-9.46,-9.47,-9.48,-9.48,-9.49,-9.50,-9.50,-9.50,-9.51,-9.51
23,-9.47,-9.47,-9.47,-9.47,-9.46,-9.46,-9.45,-9.44,-9.43,-9.42,-9.41,-9.40,-9.38,-9.37,-9.35,-9.33,-9.32,-9.30,-9.27,-9.25,-9.23,-9.21,-9.18,-9.15,-9.13,-9.10,-9.07,-9.04,-9.01,-8.98,-8.95,-8.92,-8.88,-8.85,-8.82,-8.78,-8.74,-8.71,-8.67,-8.64,-8.60,-8.56,-8.52,-8.48,-8.44,-8.40,-8.36,-8.32,-8.28,-8.24,-8.20,-8.16,-8.12,-8.08,-8.04,-8.00,-7.96,-7.92,-7.88,-7.83,-7.79,-7.75,-7.71,-7.67,-7.63,-7.59,-7.55,-7.51,-7.47,-7.43,-7.39,-7.35,-7.31,-7.27,-7.23,-7.19,-7.15,-7.11,-7.07,-7.04,-7.00,-6.96,-6.92,-6.89,-6.85,-6.82,-6.78,-6.74,-6.71,-6.67,-6.64,-6.61,-6.57,-6.54,-6.51,-6.47,-6.44,-6.41,-6.38,-6.35,-6.31,-6.28,-6.25,-6.22,-6.20,-6.17,-6.14,-6.11,-6.08,-6.06,-6.03,-6.00,-5.98,-5.95,-5.93,-5.90,-5.88,-5.85,-5.83,-5.81,-5.78,-5.76,-5.74,-5.72,-5.70,-5.68,-5.66,-5.64,-5.62,-5.60,-5.58,-5.56,-5.54,-5.52,-5.51,-5.49,-5.47,-5.46,-5.44,-5.43,-5.41,-5.40,-5.38,-5.37,-5.36,-5.35,-5.33,-5.32,-5.31,-5.30,-5.29,-5.28,-5.27,-5.26,-5.25,-5.24,-5.23,-5.22,-5.21,-5.20,-5.20,-5.19,-5.18,-5.18,-5.17,-5.17,-5.16,-5.16,-5.15,-5.15,-5.14,-5.14,-5.14,-5.14,-5.13,-5.13,-5.13,-5.13,-5.13,-5.13,-5.13,-5.13,-5.13,-5.13,-5.13,-5.13,-5.13,-5.14,-5.14,-5.14,-5.14,-5.15,-5.15,-5.16,-5.16,-5.17,-5.17,-5.18,-5.18,-5.19,-5.20,-5.20,-5.21,-5.22,-5.23,-5.24,-5.25,-5.26,-5.27,-5.28,-5.29,-5.30,-5.31,-5.32,-5.33,-5.35,-5.36,-5.37,-5.38,-5.40,-5.41,-5.43,-5.44,-5.46,-5.47,-5.49,-5.51,-5.52,-5.54,-5.56,-5.58,-5.60,-5.62,-5.64,-5.66,-5.68,-5.70,-5.72,-5.74,-5.76,-5.78,-5.81,-5.83,-5.85,-5.88,-5.90,-5.93,-5.95,-5.98,-6.00,-6.03,-6.06,-6.08,-6.11,-6.14,-6.17,-6.20,-6.22,-6.25,-6.28,-6.31,-6.35,-6.38,-6.41,-6.44,-6.47,-6.51,-6.54,-6.57,-6.61,-6.64,-6.67,-6.71,-6.74,-6.78,-6.82,-6.85,-6.89,-6.92,-6.96,-7.00,-7.04,-7.07,-7.11,-7.15,-7.19,-7.23,-7.27,-7.31,-7.35,-7.39,-7.43,-7.47,-7.51,-7.55,-7.59,-7.63,-7.67,-7.71,-7.75,-7.79,-7.83,-7.88,-7.92,-7.96,-8.00,-8.04,-8.08,-8.12,-8.16,-8.20,-8.24,-8.28,-8.32,-8.36,-8.40,-8.44,-8.48,-8.52,-8.56,-8.60,-8.64,-8.67,-8.71,-8.74,-8.78,-8.82,-8.85,-8.88,-8.92,-8.95,-8.98,-9.01,-9.04,-9.07,-9.10,-9.13,-9.15,-9.18,-9.21,-9.23,-9.25,-9.27,-9.30,-9.32,-9.33,-9.35,-9.37,-9.38,-9.40,-9.41,-9.42,-9.43,-9.44,-9.45,-9.46,-9.46,-9.47,-9.47,-9.47,-9.47
24,-9.44,-9.43,-9.43,-9.43,-9.42,-9.42,-9.41,-9.40,-9.39,-9.38,-9.37,-9.36,-9.34,-9.33,-9.31,-9.29,-9.27,-9.25,-9.23,-9.21,-9.18,-9.16,-9.13,-9.11,-9.08,-9.05,-9.02,-8.99,-8.96,-8.93,-8.89,-8.86,-8.83,-8.79,-8.76,-8.72,-8.68,-8.65,-8.61,-8.57,-8.53,-8.49,-8.45,-8.41,-8.37,-8.33,-8.29,-8.25,-8.21,-8.17,-8.13,-8.09,-8.05,-8.00,-7.96,-7.92,-7.88,-7.84,-7.79,-7.75,-7.71,-7.67,-7.63,-7.58,-7.54,-7.50,-7.46,-7.42,-7.38,-7.34,-7.29,-7.25,-7.21,-7.17,-7.13,-7.09,-7.05,-7.02,-6.98,-6.94,-6.90,-6.86,-6.82,-6.79,-6.75,-6.71,-6.68,-6.64,-6.60,-6.57,-6.53,-6.50,-6.47,-6.43,-6.40,-6.37,-6.33,-6.30,-6.27,-6.24,-6.21,-6.18,-6.14,-6.11,-6.09,-6.06,-6.03,-6.00,-5.97,-5.94,-5.92,-5.89,-5.86,-5.84,-5.81,-5.79,-5.76,-5.74,-5.72,-5.69,-5.67,-5.65,-5.62,-5.60,-5.58,-5.56,-5.54,-5.52,-5.50,-5.48,-5.46,-5.44,-5.43,-5.41,-5.39,-5.37,-5.36,-5.34,-5.33,-5.31,-5.30,-5.28,-5.27,-5.25,-5.24,-5.23,-5.22,-5.20,-5.19,-5.18,-5.17,-5.16,-5.15,-5.14,-5.13,-5.12,-5.11,-5.10,-5.10,-5.09,-5.08,-5.07,-5.07,-5.06,-5.05,-5.05,-5.04,-5.04,-5.04,-5.03,-5.03,-5.02,-5.02,-5.02,-5.02,-5.01,-5.01,-5.01,-5.01,-5.01,-5.01,-5.01,-5.01,-5.01,-5.01,-5.01,-5.02,-5.02,-5.02,-5.02,-5.03,-5.03,-5.04,-5.04,-5.04,-5.05,-5.05,-5.06,-5.07,-5.07,-5.08,-5.09,-5.10,-5.10,-5.11,-5.12,-5.13,-5.14,-5.15,-5.16,-5.17,-5.18,-5.19,-5.20,-5.22,-5.23,-5.24,-5.25,-5.27,-5.28,-5.30,-5.31,-5.33,-5.34,-5.36,-5.37,-5.39,-5.41,-5.43,-5.44,-5.46,-5.48,-5.50,-5.52,-5.54,-5.56,-5.58,-5.60,-5.62,-5.65,-5.67,-5.69,-5.72,-5.74,-5.76,-5.79,-5.81,-5.84,-5.86,-5.89,-5.92,-5.94,-5.97,-6.00,-6.03,-6.06,-6.09,-6.11,-6.14,-6.18,-6.21,-6.24,-6.27,-6.30,-6.33,-6.37,-6.40,-6.43,-6.47,-6.50,-6.53,-6.57,-6.60,-6.64,-6.68,-6.71,-6.75,-6.79,-6.82,-6.86,-6.90,-6.94,-6.98,-7.02,-7.05,-7.09,-7.13,-7.17,-7.21,-7.25,-7.29,-7.34,-7.38,-7.42,-7.46,-7.50,-7.54,-7.58,-7.63,-7.67,-7.71,-7.75,-7.79,-7.84,-7.88,-7.92,-7.96,-8.00,-8.05,-8.09,-8.13,-8.17,-8.21,-8.25,-8.29,-8.33,-8.37,-8.41,-8.45,-8.49,-8.53,-8.57,-8.61,-8.65,-8.68,-8.72,-8.76,-8.79,-8.83,-8.86,-8.89,-8.93,-8.96,-8.99,-9.02,-9.05,-9.08,-9.11,-9.13,-9.16,-9.18,-9.21,-9.23,-9.25,-9.27,-9.29,-9.31,-9.33,-9.34,-9.36,-9.37,-9.38,-9.39,-9.40,-9.41,-9.42,-9.42,-9.43,-9.43,-9.43,-9.44
25,-9.39,-9.39,-9.39,-9.38,-9.38,-9.37,-9.36,-9.36,-9.35,-9.33,-9.32,-9.31,-9.29,-9.28,-9.26,-9.24,-9.22,-9.20,-9.18,-9.15,-9.13,-9.10,-9.08,-9.05,-9.02,-8.99,-8.96,-8.93,-8.90,-8.87,-8.83,-8.80,-8.76,-8.73,-8.69,-8.65,-8.62,-8.58,-8.54,-8.50,-8.46,-8.42,-8.38,-8.34,-8.30,-8.26,-8.22,-8.18,-8.13,-8.09,-8.05,-8.01,-7.96,-7.92,-7.88,-7.84,-7.79,-7.75,-7.71,-7.67,-7.62,-7.58,-7.54,-7.49,-7.45,-7.41,-7.37,-7.33,-7.28,-7.24,-7.20,-7.16,-7.12,-7.08,-7.04,-7.00,-6.96,-6.92,-6.88,-6.84,-6.80,-6.76,-6.72,-6.68,-6.65,-6.61,-6.57,-6.54,-6.50,-6.46,-6.43,-6.39,-6.36,-6.33,-6.29,-6.26,-6.23,-6.19,-6.16,-6.13,-6.10,-6.07,-6.04,-6.01,-5.98,-5.95,-5.92,-5.89,-5.86,-5.83,-5.81,-5.78,-5.75,-5.73,-5.70,-5.68,-5.65,-5.63,-5.60,-5.58,-5.56,-5.53,-5.51,-5.49,-5.47,-5.45,-5.43,-5.41,-5.39,-5.37,-5.35,-5.33,-5.31,-5.29,-5.28,-5.26,-5.24,-5.23,-5.21,-5.20,-5.18,-5.17,-5.15,-5.14,-5.13,-5.11,-5.10,-5.09,-5.08,-5.07,-5.05,-5.04,-5.03,-5.02,-5.01,-5.01,-5.00,-4.99,-4.98,-4.97,-4.97,-4.96,-4.95,-4.95,-4.94,-4.93,-4.93,-4.92,-4.92,-4.92,-4.91,-4.91,-4.91,-4.90,-4.90,-4.90,-4.90,-4.90,-4.90,-4.89,-4.89,-4.89,-4.90,-4.90,-4.90,-4.90,-4.90,-4.90,-4.91,-4.91,-4.91,-4.92,-4.92,-4.92,-4.93,-4.93,-4.94,-4.95,-4.95,-4.96,-4.97,-4.97,-4.98,-4.99,-5.00,-5.01,-5.01,-5.02,-5.03,-5.04,-5.05,-5.07,-5.08,-5.09,-5.10,-5.11,-5.13,-5.14,-5.15,-5.17,-5.18,-5.20,-5.21,-5.23,-5.24,-5.26,-5.28,-5.29,-5.31,-5.33,-5.35,-5.37,-5.39,-5.41,-5.43,-5.45,-5.47,-5.49,-5.51,-5.53,-5.56,-5.58,-5.60,-5.63,-5.65,-5.68,-5.70,-5.73,-5.75,-5.78,-5.81,-5.83,-5.86,-5.89,-5.92,-5.95,-5.98,-6.01,-6.04,-6.07,-6.10,-6.13,-6.16,-6.19,-6.23,-6.26,-6.29,-6.33,-6.36,-6.39,-6.43,-6.46,-6.50,-6.54,-6.57,-6.61,-6.65,-6.68,-6.72,-6.76,-6.80,-6.84,-6.88,-6.92,-6.96,-7.00,-7.04,-7.08,-7.12,-7.16,-7.20,-7.24,-7.28,-7.33,-7.37,-7.41,-7.45,-7.49,-7.54,-7.58,-7.62,-7.67,-7.71,-7.75,-7.79,-7.84,-7.88,-7.92,-7.96,-8.01,-8.05,-8.09,-8.13,-8.18,-8.22,-8.26,-8.30,-8.34,-8.38,-8.42,-8.46,-8.50,-8.54,-8.58,-8.62,-8.65,-8.69,-8.73,-8.76,-8.80,-8.83,-8.87,-8.90,-8.93,-8.96,-8.99,-9.02,-9.05,-9.08,-9.10,-9.13,-9.15,-9.18,-9.20,-9.22,-9.24,-9.26,-9.28,-9.29,-9.31,-9.32,-9.33,-9.35,-9.36,-9.36,-9.37,-9.38,-9.38,-9.39,-9.39,-9.39
26,-9.34,-9.34,-9.33,-9.33,-9.32,-9.32,-9.31,-9.30,-9.29,-9.28,-9.27,-9.25,-9.24,-9.22,-9.20,-9.18,-9.16,-9.14,-9.12,-9.09,-9.07,-9.04,-9.02,-8.99,-8.96,-8.93,-8.90,-8.87,-8.83,-8.80,-8.77,-8.73,-8.70,-8.66,-8.62,-8.58,-8.55,-8.51,-8.47,-8.43,-8.39,-8.35,-8.31,-8.27,-8.22,-8.18,-8.14,-8.10,-8.05,-8.01,-7.97,-7.92,-7.88,-7.84,-7.79,-7.75,-7.71,-7.66,-7.62,-7.58,-7.53,-7.49,-7.45,-7.40,-7.36,-7.32,-7.27,-7.23,-7.19,-7.15,-7.10,-7.06,-7.02,-6.98,-6.94,-6.90,-6.86,-6.82,-6.78,-6.74,-6.70,-6.66,-6.62,-6.58,-6.54,-6.51,-6.47,-6.43,-6.40,-6.36,-6.32,-6.29,-6.25,-6.22,-6.19,-6.15,-6.12,-6.09,-6.05,-6.02,-5.99,-5.96,-5.93,-5.90,-5.87,-5.84,-5.81,-5.78,-5.75,-5.72,-5.69,-5.67,-5.64,-5.62,-5.59,-5.56,-5.54,-5.51,-5.49,-5.47,-5.44,-5.42,-5.40,-5.38,-5.36,-5.33,-5.31,-5.29,-5.27,-5.25,-5.24,-5.22,-5.20,-5.18,-5.16,-5.15,-5.13,-5.11,-5.10,-5.08,-5.07,-5.05,-5.04,-5.03,-5.01,-5.00,-4.99,-4.98,-4.96,-4.95,-4.94,-4.93,-4.92,-4.91,-4.90,-4.89,-4.88,-4.87,-4.87,-4.86,-4.85,-4.85,-4.84,-4.83,-4.83,-4.82,-4.82,-4.81,-4.81,-4.80,-4.80,-4.80,-4.79,-4.79,-4.79,-4.79,-4.78,-4.78,-4.78,-4.78,-4.78,-4.78,-4.78,-4.78,-4.78,-4.79,-4.79,-4.79,-4.79,-4.80,-4.80,-4.80,-4.81,-4.81,-4.82,-4.82,-4.83,-4.83,-4.84,-4.85,-4.85,-4.86,-4.87,-4.87,-4.88,-4.89,-4.90,-4.91,-4.92,-4.93,-4.94,-4.95,-4.96,-4.98,-4.99,-5.00,-5.01,-5.03,-5.04,-5.05,-5.07,-5.08,-5.10,-5.11,-5.13,-5.15,-5.16,-5.18,-5.20,-5.22,-5.24,-5.25,-5.27,-5.29,-5.31,-5.33,-5.36,-5.38,-5.40,-5.42,-5.44,-5.47,-5.49,-5.51,-5.54,-5.56,-5.59,-5.62,-5.64,-5.67,-5.69,-5.72,-5.75,-5.78,-5.81,-5.84,-5.87,-5.90,-5.93,-5.96,-5.99,-6.02,-6.05,-6.09,-6.12,-6.15,-6.19,-6.22,-6.25,-6.29,-6.32,-6.36,-6.40,-6.43,-6.47,-6.51,-6.54,-6.58,-6.62,-6.66,-6.70,-6.74,-6.78,-6.82,-6.86,-6.90,-6.94,-6.98,-7.02,-7.06,-7.10,-7.15,-7.19,-7.23,-7.27,-7.32,-7.36,-7.40,-7.45,-7.49,-7.53,-7.58,-7.62,-7.66,-7.71,-7.75,-7.79,-7.84,-7.88,-7.92,-7.97,-8.01,-8.05,-8.10,-8.14,-8.18,-8.22,-8.27,-8.31,-8.35,-8.39,-8.43,-8.47,-8.51,-8.55,-8.58,-8.62,-8.66,-8.70,-8.73,-8.77,-8.80,-8.83,-8.87,-8.90,-8.93,-8.96,-8.99,-9.02,-9.04,-9.07,-9.09,-9.12,-9.14,-9.16,-9.18,-9.20,-9.22,-9.24,-9.25,-9.27,-9.28,-9.29,-9.30,-9.31,-9.32,-9.32,-9.33,-9.33,-9.34,-9.34
27,-9.28,-9.28,-9.27,-9.27,-9.27,-9.26,-9.25,-9.24,-9.23,-9.22,-9.21,-9.19,-9.18,-9.16,-9.14,-9.12,-9.10,-9.08,-9.05,-9.03,-9.00,-8.98,-8.95,-8.92,-8.89,-8.86,-8.83,-8.80,-8.76,-8.73,-8.69,-8.66,-8.62,-8.59,-8.55,-8.51,-8.47,-8.43,-8.39,-8.35,-8.31,-8.27,-8.23,-8.19,-8.14,-8.10,-8.06,-8.01,-7.97,-7.93,-7.88,-7.84,-7.79,-7.75,-7.71,-7.66,-7.62,-7.57,-7.53,-7.49,-7.44,-7.40,-7.35,-7.31,-7.27,-7.22,-7.18,-7.14,-7.09,-7.05,-7.01,-6.97,-6.92,-6.88,-6.84,-6.80,-6.76,-6.72,-6.68,-6.64,-6.60,-6.56,-6.52,-6.48,-6.44,-6.40,-6.37,-6.33,-6.29,-6.26,-6.22,-6.18,-6.15,-6.11,-6.08,-6.05,-6.01,-5.98,-5.95,-5.91,-5.88,-5.85,-5.82,-5.79,-5.76,-5.73,-5.70,-5.67,-5.64,-5.61,-5.59,-5.56,-5.53,-5.51,-5.48,-5.45,-5.43,-5.40,-5.38,-5.36,-5.33,-5.31,-5.29,-5.27,-5.25,-5.22,-5.20,-5.18,-5.16,-5.14,-5.12,-5.11,-5.09,-5.07,-5.05,-5.04,-5.02,-5.00,-4.99,-4.97,-4.96,-4.94,-4.93,-4.92,-4.90,-4.89,-4.88,-4.86,-4.85,-4.84,-4.83,-4.82,-4.81,-4.80,-4.79,-4.78,-4.77,-4.76,-4.76,-4.75,-4.74,-4.73,-4.73,-4.72,-4.72,-4.71,-4.71,-4.70,-4.70,-4.69,-4.69,-4.69,-4.68,-4.68,-4.68,-4.68,-4.67,-4.67,-4.67,-4.67,-4.67,-4.67,-4.67,-4.67,-4.67,-4.68,-4.68,-4.68,-4.68,-4.69,-4.69,-4.69,-4.70,-4.70,-4.71,-4.71,-4.72,-4.72,-4.73,-4.73,-4.74,-4.75,-4.76,-4.76,-4.77,-4.78,-4.79,-4.80,-4.81,-4.82,-4.83,-4.84,-4.85,-4.86,-4.88,-4.89,-4.90,-4.92,-4.93,-4.94,-4.96,-4.97,-4.99,-5.00,-5.02,-5.04,-5.05,-5.07,-5.09,-5.11,-5.12,-5.14,-5.16,-5.18,-5.20,-5.22,-5.25,-5.27,-5.29,-5.31,-5.33,-5.36,-5.38,-5.40,-5.43,-5.45,-5.48,-5.51,-5.53,-5.56,-5.59,-5.61,-5.64,-5.67,-5.70,-5.73,-5.76,-5.79,-5.82,-5.85,-5.88,-5.91,-5.95,-5.98,-6.01,-6.05,-6.08,-6.11,-6.15,-6.18,-6.22,-6.26,-6.29,-6.33,-6.37,-6.40,-6.44,-6.48,-6.52,-6.56,-6.60,-6.64,-6.68,-6.72,-6.76,-6.80,-6.84,-6.88,-6.92,-6.97,-7.01,-7.05,-7.09,-7.14,-7.18,-7.22,-7.27,-7.31,-7.35,-7.40,-7.44,-7.49,-7.53,-7.57,-7.62,-7.66,-7.71,-7.75,-7.79,-7.84,-7.88,-7.93,-7.97,-8.01,-8.06,-8.10,-8.14,-8.19,-8.23,-8.27,-8.31,-8.35,-8.39,-8.43,-8.47,-8.51,-8.55,-8.59,-8.62,-8.66,-8.69,-8.73,-8.76,-8.80,-8.83,-8.86,-8.89,-8.92,-8.95,-8.98,-9.00,-9.03,-9.05,-9.08,-9.10,-9.12,-9.14,-9.16,-9.18,-9.19,-9.21,-9.22,-9.23,-9.24,-9.25,-9.26,-9.27,-9.27,-9.27,-9.28,-9.28
28,-9.21,-9.21,-9.21,-9.21,-9.20,-9.19,-9.19,-9.18,-9.17,-9.15,-9.14,-9.13,-9.11,-9.09,-9.07,-9.05,-9.03,-9.01,-8.99,-8.96,-8.93,-8.91,-8.88,-8.85,-8.82,-8.79,-8.76,-8.72,-8.69,-8.66,-8.62,-8.58,-8.55,-8.51,-8.47,-8.43,-8.39,-8.35,-8.31,-8.27,-8.23,-8.19,-8.14,-8.10,-8.06,-8.02,-7.97,-7.93,-7.88,-7.84,-7.80,-7.75,-7.71,-7.66,-7.62,-7.57,-7.53,-7.48,-7.44,-7.39,-7.35,-7.30,-7.26,-7.22,-7.17,-7.13,-7.08,-7.04,-7.00,-6.95,-6.91,-6.87,-6.82,-6.78,-6.74,-6.70,-6.66,-6.62,-6.58,-6.54,-6.50,-6.46,-6.42,-6.38,-6.34,-6.30,-6.26,-6.22,-6.19,-6.15,-6.11,-6.08,-6.04,-6.01,-5.97,-5.94,-5.91,-5.87,-5.84,-5.81,-5.77,-5.74,-5.71,-5.68,-5.65,-5.62,-5.59,-5.56,-5.53,-5.51,-5.48,-5.45,-5.42,-5.40,-5.37,-5.35,-5.32,-5.30,-5.27,-5.25,-5.23,-5.20,-5.18,-5.16,-5.14,-5.12,-5.09,-5.07,-5.05,-5.03,-5.02,-5.00,-4.98,-4.96,-4.94,-4.93,-4.91,-4.89,-4.88,-4.86,-4.85,-4.83,-4.82,-4.81,-4.79,-4.78,-4.77,-4.76,-4.74,-4.73,-4.72,-4.71,-4.70,-4.69,-4.68,-4.67,-4.66,-4.66,-4.65,-4.64,-4.63,-4.63,-4.62,-4.61,-4.61,-4.60,-4.60,-4.59,-4.59,-4.58,-4.58,-4.58,-4.57,-4.57,-4.57,-4.57,-4.57,-4.57,-4.56,-4.56,-4.56,-4.56,-4.56,-4.57,-4.57,-4.57,-4.57,-4.57,-4.57,-4.58,-4.58,-4.58,-4.59,-4.59,-4.60,-4.60,-4.61,-4.61,-4.62,-4.63,-4.63,-4.64,-4.65,-4.66,-4.66,-4.67,-4.68,-4.69,-4.70,-4.71,-4.72,-4.73,-4.74,-4.76,-4.77,-4.78,-4.79,-4.81,-4.82,-4.83,-4.85,-4.86,-4.88,-4.89,-4.91,-4.93,-4.94,-4.96,-4.98,-5.00,-5.02,-5.03,-5.05,-5.07,-5.09,-5.12,-5.14,-5.16,-5.18,-5.20,-5.23,-5.25,-5.27,-5.30,-5.32,-5.35,-5.37,-5.40,-5.42,-5.45,-5.48,-5.51,-5.53,-5.56,-5.59,-5.62,-5.65,-5.68,-5.71,-5.74,-5.77,-5.81,-5.84,-5.87,-5.91,-5.94,-5.97,-6.01,-6.04,-6.08,-6.11,-6.15,-6.19,-6.22,-6.26,-6.30,-6.34,-6.38,-6.42,-6.46,-6.50,-6.54,-6.58,-6.62,-6.66,-6.70,-6.74,-6.78,-6.82,-6.87,-6.91,-6.95,-7.00,-7.04,-7.08,-7.13,-7.17,-7.22,-7.26,-7.30,-7.35,-7.39,-7.44,-7.48,-7.53,-7.57,-7.62,-7.66,-7.71,-7.75,-7.80,-7.84,-7.88,-7.93,-7.97,-8.02,-8.06,-8.10,-8.14,-8.19,-8.23,-8.27,-8.31,-8.35,-8.39,-8.43,-8.47,-8.51,-8.55,-8.58,-8.62,-8.66,-8.69,-8.72,-8.76,-8.79,-8.82,-8.85,-8.88,-8.91,-8.93,-8.96,-8.99,-9.01,-9.03,-9.05,-9.07,-9.09,-9.11,-9.13,-9.14,-9.15,-9.17,-9.18,-9.19,-9.19,-9.20,-9.21,-9.21,-9.21,-9.21
29,-9.14,-9.14,-9.14,-9.14,-9.13,-9.12,-9.12,-9.11,-9.10,-9.08,-9.07,-9.05,-9.04,-9.02,-9.00,-8.98,-8.96,-8.94,-8.91,-8.89,-8.86,-8.83,-8.80,-8.77,-8.74,-8.71,-8.68,-8.65,-8.61,-8.58,-8.54,-8.50,-8.47,-8.43,-8.39,-8.35,-8.31,-8.27,-8.23,-8.19,-8.14,-8.10,-8.06,-8.02,-7.97,-7.93,-7.88,-7.84,-7.80,-7.75,-7.71,-7.66,-7.62,-7.57,-7.53,-7.48,-7.43,-7.39,-7.34,-7.30,-7.25,-7.21,-7.16,-7.12,-7.08,-7.03,-6.99,-6.94,-6.90,-6.85,-6.81,-6.77,-6.73,-6.68,-6.64,-6.60,-6.56,-6.52,-6.47,-6.43,-6.39,-6.35,-6.31,-6.27,-6.24,-6.20,-6.16,-6.12,-6.08,-6.05,-6.01,-5.97,-5.94,-5.90,-5.87,-5.83,-5.80,-5.77,-5.73,-5.70,-5.67,-5.64,-5.61,-5.58,-5.54,-5.51,-5.49,-5.46,-5.43,-5.40,-5.37,-5.34,-5.32,-5.29,-5.26,-5.24,-5.21,-5.19,-5.17,-5.14,-5.12,-5.10,-5.07,-5.05,-5.03,-5.01,-4.99,-4.97,-4.95,-4.93,-4.91,-4.89,-4.87,-4.85,-4.84,-4.82,-4.80,-4.79,-4.77,-4.76,-4.74,-4.73,-4.71,-4.70,-4.69,-4.67,-4.66,-4.65,-4.64,-4.63,-4.62,-4.61,-4.60,-4.59,-4.58,-4.57,-4.56,-4.55,-4.54,-4.53,-4.53,-4.52,-4.51,-4.51,-4.50,-4.50,-4.49,-4.49,-4.48,-4.48,-4.48,-4.47,-4.47,-4.47,-4.46,-4.46,-4.46,-4.46,-4.46,-4.46,-4.46,-4.46,-4.46,-4.46,-4.46,-4.46,-4.46,-4.47,-4.47,-4.47,-4.48,-4.48,-4.48,-4.49,-4.49,-4.50,-4.50,-4.51,-4.51,-4.52,-4.53,-4.53,-4.54,-4.55,-4.56,-4.57,-4.58,-4.59,-4.60,-4.61,-4.62,-4.63,-4.64,-4.65,-4.66,-4.67,-4.69,-4.70,-4.71,-4.73,-4.74,-4.76,-4.77,-4.79,-4.80,-4.82,-4.84,-4.85,-4.87,-4.89,-4.91,-4.93,-4.95,-4.97,-4.99,-5.01,-5.03,-5.05,-5.07,-5.10,-5.12,-5.14,-5.17,-5.19,-5.21,-5.24,-5.26,-5.29,-5.32,-5.34,-5.37,-5.40,-5.43,-5.46,-5.49,-5.51,-5.54,-5.58,-5.61,-5.64,-5.67,-5.70,-5.73,-5.77,-5.80,-5.83,-5.87,-5.90,-5.94,-5.97,-6.01,-6.05,-6.08,-6.12,-6.16,-6.20,-6.24,-6.27,-6.31,-6.35,-6.39,-6.43,-6.47,-6.52,-6.56,-6.60,-6.64,-6.68,-6.73,-6.77,-6.81,-6.85,-6.90,-6.94,-6.99,-7.03,-7.08,-7.12,-7.16,-7.21,-7.25,-7.30,-7.34,-7.39,-7.43,-7.48,-7.53,-7.57,-7.62,-7.66,-7.71,-7.75,-7.80,-7.84,-7.88,-7.93,-7.97,-8.02,-8.06,-8.10,-8.14,-8.19,-8.23,-8.27,-8.31,-8.35,-8.39,-8.43,-8.47,-8.50,-8.54,-8.58,-8.61,-8.65,-8.68,-8.71,-8.74,-8.77,-8.80,-8.83,-8.86,-8.89,-8.91,-8.94,-8.96,-8.98,-9.00,-9.02,-9.04,-9.05,-9.07,-9.08,-9.10,-9.11,-9.12,-9.12,-9.13,-9.14,-9.14,-9.14,-9.14
30,-9.07,-9.07,-9.06,-9.06,-9.06,-9.05,-9.04,-9.03,-9.02,-9.01,-8.99,-8.98,-8.96,-8.94,-8.92,-8.90,-8.88,-8.86,-8.83,-8.81,-8.78,-8.75,-8.73,-8.70,-8.66,-8.63,-8.60,-8.57,-8.53,-8.50,-8.46,-8.42,-8.38,-8.35,-8.31,-8.27,-8.23,-8.18,-8.14,-8.10,-8.06,-8.02,-7.97,-7.93,-7.88,-7.84,-7.80,-7.75,-7.71,-7.66,-7.62,-7.57,-7.52,-7.48,-7.43,-7.39,-7.34,-7.30,-7.25,-7.20,-7.16,-7.11,-7.07,-7.02,-6.98,-6.93,-6.89,-6.84,-6.80,-6.76,-6.71,-6.67,-6.63,-6.58,-6.54,-6.50,-6.46,-6.42,-6.37,-6.33,-6.29,-6.25,-6.21,-6.17,-6.13,-6.10,-6.06,-6.02,-5.98,-5.94,-5.91,-5.87,-5.84,-5.80,-5.77,-5.73,-5.70,-5.66,-5.63,-5.60,-5.57,-5.53,-5.50,-5.47,-5.44,-5.41,-5.38,-5.35,-5.32,-5.29,-5.27,-5.24,-5.21,-5.19,-5.16,-5.13,-5.11,-5.08,-5.06,-5.04,-5.01,-4.99,-4.97,-4.95,-4.92,-4.90,-4.88,-4.86,-4.84,-4.82,-4.80,-4.79,-4.77,-4.75,-4.73,-4.72,-4.70,-4.68,-4.67,-4.65,-4.64,-4.62,-4.61,-4.60,-4.58,-4.57,-4.56,-4.55,-4.53,-4.52,-4.51,-4.50,-4.49,-4.48,-4.47,-4.46,-4.46,-4.45,-4.44,-4.43,-4.42,-4.42,-4.41,-4.41,-4.40,-4.39,-4.39,-4.38,-4.38,-4.38,-4.37,-4.37,-4.37,-4.36,-4.36,-4.36,-4.36,-4.36,-4.36,-4.36,-4.36,-4.36,-4.36,-4.36,-4.36,-4.36,-4.36,-4.36,-4.37,-4.37,-4.37,-4.38,-4.38,-4.38,-4.39,-4.39,-4.40,-4.41,-4.41,-4.42,-4.42,-4.43,-4.44,-4.45,-4.46,-4.46,-4.47,-4.48,-4.49,-4.50,-4.51,-4.52,-4.53,-4.55,-4.56,-4.57,-4.58,-4.60,-4.61,-4.62,-4.64,-4.65,-4.67,-4.68,-4.70,-4.72,-4.73,-4.75,-4.77,-4.79,-4.80,-4.82,-4.84,-4.86,-4.88,-4.90,-4.92,-4.95,-4.97,-4.99,-5.01,-5.04,-5.06,-5.08,-5.11,-5.13,-5.16,-5.19,-5.21,-5.24,-5.27,-5.29,-5.32,-5.35,-5.38,-5.41,-5.44,-5.47,-5.50,-5.53,-5.57,-5.60,-5.63,-5.66,-5.70,-5.73,-5.77,-5.80,-5.84,-5.87,-5.91,-5.94,-5.98,-6.02,-6.06,-6.10,-6.13,-6.17,-6.21,-6.25,-6.29,-6.33,-6.37,-6.42,-6.46,-6.50,-6.54,-6.58,-6.63,-6.67,-6.71,-6.76,-6.80,-6.84,-6.89,-6.93,-6.98,-7.02,-7.07,-7.11,-7.16,-7.20,-7.25,-7.30,-7.34,-7.39,-7.43,-7.48,-7.52,-7.57,-7.62,-7.66,-7.71,-7.75,-7.80,-7.84,-7.88,-7.93,-7.97,-8.02,-8.06,-8.10,-8.14,-8.18,-8.23,-8.27,-8.31,-8.35,-8.38,-8.42,-8.46,-8.50,-8.53,-8.57,-8.60,-8.63,-8.66,-8.70,-8.73,-8.75,-8.78,-8.81,-8.83,-8.86,-8.88,-8.90,-8.92,-8.94,-8.96,-8.98,-8.99,-9.01,-9.02,-9.03,-9.04,-9.05,-9.06,-9.06,-9.06,-9.07,-9.07
31,-8.99,-8.99,-8.99,-8.98,-8.98,-8.97,-8.96,-8.95,-8.94,-8.93,-8.91,-8.90,-8.88,-8.86,-8.84,-8.82,-8.80,-8.78,-8.75,-8.73,-8.70,-8.67,-8.64,-8.61,-8.58,-8.55,-8.52,-8.48,-8.45,-8.41,-8.37,-8.34,-8.30,-8.26,-8.22,-8.18,-8.14,-8.10,-8.06,-8.01,-7.97,-7.93,-7.88,-7.84,-7.79,-7.75,-7.70,-7.66,-7.61,-7.57,-7.52,-7.48,-7.43,-7.39,-7.34,-7.29,-7.25,-7.20,-7.16,-7.11,-7.06,-7.02,-6.97,-6.93,-6.88,-6.84,-6.79,-6.75,-6.70,-6.66,-6.62,-6.57,-6.53,-6.49,-6.44,-6.40,-6.36,-6.32,-6.27,-6.23,-6.19,-6.15,-6.11,-6.07,-6.03,-5.99,-5.96,-5.92,-5.88,-5.84,-5.81,-5.77,-5.73,-5.70,-5.66,-5.63,-5.60,-5.56,-5.53,-5.50,-5.46,-5.43,-5.40,-5.37,-5.34,-5.31,-5.28,-5.25,-5.22,-5.19,-5.16,-5.14,-5.11,-5.08,-5.06,-5.03,-5.01,-4.98,-4.96,-4.93,-4.91,-4.89,-4.87,-4.84,-4.82,-4.80,-4.78,-4.76,-4.74,-4.72,-4.70,-4.68,-4.67,-4.65,-4.63,-4.61,-4.60,-4.58,-4.57,-4.55,-4.54,-4.52,-4.51,-4.49,-4.48,-4.47,-4.46,-4.44,-4.43,-4.42,-4.41,-4.40,-4.39,-4.38,-4.37,-4.36,-4.35,-4.35,-4.34,-4.33,-4.32,-4.32,-4.31,-4.30,-4.30,-4.29,-4.29,-4.28,-4.28,-4.28,-4.27,-4.27,-4.27,-4.26,-4.26,-4.26,-4.26,-4.26,-4.26,-4.26,-4.26,-4.26,-4.26,-4.26,-4.26,-4.26,-4.26,-4.26,-4.27,-4.27,-4.27,-4.28,-4.28,-4.28,-4.29,-4.29,-4.30,-4.30,-4.31,-4.32,-4.32,-4.33,-4.34,-4.35,-4.35,-4.36,-4.37,-4.38,-4.39,-4.40,-4.41,-4.42,-4.43,-4.44,-4.46,-4.47,-4.48,-4.49,-4.51,-4.52,-4.54,-4.55,-4.57,-4.58,-4.60,-4.61,-4.63,-4.65,-4.67,-4.68,-4.70,-4.72,-4.74,-4.76,-4.78,-4.80,-4.82,-4.84,-4.87,-4.89,-4.91,-4.93,-4.96,-4.98,-5.01,-5.03,-5.06,-5.08,-5.11,-5.14,-5.16,-5.19,-5.22,-5.25,-5.28,-5.31,-5.34,-5.37,-5.40,-5.43,-5.46,-5.50,-5.53,-5.56,-5.60,-5.63,-5.66,-5.70,-5.73,-5.77,-5.81,-5.84,-5.88,-5.92,-5.96,-5.99,-6.03,-6.07,-6.11,-6.15,-6.19,-6.23,-6.27,-6.32,-6.36,-6.40,-6.44,-6.49,-6.53,-6.57,-6.62,-6.66,-6.70,-6.75,-6.79,-6.84,-6.88,-6.93,-6.97,-7.02,-7.06,-7.11,-7.16,-7.20,-7.25,-7.29,-7.34,-7.39,-7.43,-7.48,-7.52,-7.57,-7.61,-7.66,-7.70,-7.75,-7.79,-7.84,-7.88,-7.93,-7.97,-8.01,-8.06,-8.10,-8.14,-8.18,-8.22,-8.26,-8.30,-8.34,-8.37,-8.41,-8.45,-8.48,-8.52,-8.55,-8.58,-8.61,-8.64,-8.67,-8.70,-8.73,-8.75,-8.78,-8.80,-8.82,-8.84,-8.86,-8.88,-8.90,-8.91,-8.93,-8.94,-8.95,-8.96,-8.97,-8.98,-8.98,-8.99,-8.99,-8.99
32,-8.91,-8.91,-8.90,-8.90,-8.90,-8.89,-8.88,-8.87,-8.86,-8.85,-8.83,-8.82,-8.80,-8.78,-8.76,-8.74,-8.72,-8.69,-8.67,-8.64,-8.62,-8.59,-8.56,-8.53,-8.50,-8.46,-8.43,-8.40,-8.36,-8.32,-8.29,-8.25,-8.21,-8.17,-8.13,-8.09,-8.05,-8.01,-7.97,-7.92,-7.88,-7.84,-7.79,-7.75,-7.70,-7.66,-7.61,-7.57,-7.52,-7.48,-7.43,-7.38,-7.34,-7.29,-7.25,-7.20,-7.15,-7.11,-7.06,-7.01,-6.97,-6.92,-6.88,-6.83,-6.79,-6.74,-6.70,-6.65,-6.61,-6.56,-6.52,-6.47,-6.43,-6.39,-6.34,-6.30,-6.26,-6.22,-6.18,-6.13,-6.09,-6.05,-6.01,-5.97,-5.93,-5.89,-5.86,-5.82,-5.78,-5.74,-5.71,-5.67,-5.63,-5.60,-5.56,-5.53,-5.49,-5.46,-5.43,-5.39,-5.36,-5.33,-5.30,-5.27,-5.24,-5.21,-5.18,-5.15,-5.12,-5.09,-5.06,-5.04,-5.01,-4.98,-4.96,-4.93,-4.91,-4.88,-4.86,-4.83,-4.81,-4.79,-4.76,-4.74,-4.72,-4.70,-4.68,-4.66,-4.64,-4.62,-4.60,-4.58,-4.57,-4.55,-4.53,-4.51,-4.50,-4.48,-4.47,-4.45,-4.44,-4.42,-4.41,-4.40,-4.38,-4.37,-4.36,-4.35,-4.33,-4.32,-4.31,-4.30,-4.29,-4.28,-4.27,-4.26,-4.26,-4.25,-4.24,-4.23,-4.23,-4.22,-4.21,-4.21,-4.20,-4.20,-4.19,-4.19,-4.18,-4.18,-4.17,-4.17,-4.17,-4.17,-4.16,-4.16,-4.16,-4.16,-4.16,-4.16,-4.16,-4.16,-4.16,-4.16,-4.16,-4.16,-4.16,-4.17,-4.17,-4.17,-4.17,-4.18,-4.18,-4.19,-4.19,-4.20,-4.20,-4.21,-4.21,-4.22,-4.23,-4.23,-4.24,-4.25,-4.26,-4.26,-4.27,-4.28,-4.29,-4.30,-4.31,-4.32,-4.33,-4.35,-4.36,-4.37,-4.38,-4.40,-4.41,-4.42,-4.44,-4.45,-4.47,-4.48,-4.50,-4.51,-4.53,-4.55,-4.57,-4.58,-4.60,-4.62,-4.64,-4.66,-4.68,-4.70,-4.72,-4.74,-4.76,-4.79,-4.81,-4.83,-4.86,-4.88,-4.91,-4.93,-4.96,-4.98,-5.01,-5.04,-5.06,-5.09,-5.12,-5.15,-5.18,-5.21,-5.24,-5.27,-5.30,-5.33,-5.36,-5.39,-5.43,-5.46,-5.49,-5.53,-5.56,-5.60,-5.63,-5.67,-5.71,-5.74,-5.78,-5.82,-5.86,-5.89,-5.93,-5.97,-6.01,-6.05,-6.09,-6.13,-6.18,-6.22,-6.26,-6.30,-6.34,-6.39,-6.43,-6.47,-6.52,-6.56,-6.61,-6.65,-6.70,-6.74,-6.79,-6.83,-6.88,-6.92,-6.97,-7.01,-7.06,-7.11,-7.15,-7.20,-7.25,-7.29,-7.34,-7.38,-7.43,-7.48,-7.52,-7.57,-7.61,-7.66,-7.70,-7.75,-7.79,-7.84,-7.88,-7.92,-7.97,-8.01,-8.05,-8.09,-8.13,-8.17,-8.21,-8.25,-8.29,-8.32,-8.36,-8.40,-8.43,-8.46,-8.50,-8.53,-8.56,-8.59,-8.62,-8.64,-8.67,-8.69,-8.72,-8.74,-8.76,-8.78,-8.80,-8.82,-8.83,-8.85,-8.86,-8.87,-8.88,-8.89,-8.90,-8.90,-8.90,-8.91,-8.91
33,-8.82,-8.82,-8.82,-8.82,-8.81,-8.80,-8.79,-8.78,-8.77,-8.76,-8.75,-8.73,-8.71,-8.70,-8.68,-8.65,-8.63,-8.61,-8.58,-8.56,-8.53,-8.50,-8.47,-8.44,-8.41,-8.38,-8.34,-8.31,-8.27,-8.24,-8.20,-8.16,-8.12,-8.08,-8.04,-8.00,-7.96,-7.92,-7.88,-7.83,-7.79,-7.74,-7.70,-7.66,-7.61,-7.57,-7.52,-7.47,-7.43,-7.38,-7.34,-7.29,-7.24,-7.20,-7.15,-7.10,-7.06,-7.01,-6.97,-6.92,-6.87,-6.83,-6.78,-6.74,-6.69,-6.64,-6.60,-6.55,-6.51,-6.46,-6.42,-6.38,-6.33,-6.29,-6.25,-6.20,-6.16,-6.12,-6.08,-6.04,-6.00,-5.95,-5.91,-5.87,-5.84,-5.80,-5.76,-5.72,-5.68,-5.64,-5.61,-5.57,-5.54,-5.50,-5.46,-5.43,-5.40,-5.36,-5.33,-5.30,-5.26,-5.23,-5.20,-5.17,-5.14,-5.11,-5.08,-5.05,-5.02,-4.99,-4.96,-4.94,-4.91,-4.88,-4.86,-4.83,-4.81,-4.78,-4.76,-4.73,-4.71,-4.69,-4.67,-4.64,-4.62,-4.60,-4.58,-4.56,-4.54,-4.52,-4.50,-4.49,-4.47,-4.45,-4.43,-4.42,-4.40,-4.39,-4.37,-4.35,-4.34,-4.33,-4.31,-4.30,-4.29,-4.27,-4.26,-4.25,-4.24,-4.23,-4.22,-4.21,-4.20,-4.19,-4.18,-4.17,-4.16,-4.15,-4.14,-4.14,-4.13,-4.12,-4.12,-4.11,-4.11,-4.10,-4.10,-4.09,-4.09,-4.08,-4.08,-4.08,-4.07,-4.07,-4.07,-4.07,-4.07,-4.07,-4.06,-4.06,-4.06,-4.06,-4.06,-4.07,-4.07,-4.07,-4.07,-4.07,-4.07,-4.08,-4.08,-4.08,-4.09,-4.09,-4.10,-4.10,-4.11,-4.11,-4.12,-4.12,-4.13,-4.14,-4.14,-4.15,-4.16,-4.17,-4.18,-4.19,-4.20,-4.21,-4.22,-4.23,-4.24,-4.25,-4.26,-4.27,-4.29,-4.30,-4.31,-4.33,-4.34,-4.35,-4.37,-4.39,-4.40,-4.42,-4.43,-4.45,-4.47,-4.49,-4.50,-4.52,-4.54,-4.56,-4.58,-4.60,-4.62,-4.64,-4.67,-4.69,-4.71,-4.73,-4.76,-4.78,-4.81,-4.83,-4.86,-4.88,-4.91,-4.94,-4.96,-4.99,-5.02,-5.05,-5.08,-5.11,-5.14,-5.17,-5.20,-5.23,-5.26,-5.30,-5.33,-5.36,-5.40,-5.43,-5.46,-5.50,-5.54,-5.57,-5.61,-5.64,-5.68,-5.72,-5.76,-5.80,-5.84,-5.87,-5.91,-5.95,-6.00,-6.04,-6.08,-6.12,-6.16,-6.20,-6.25,-6.29,-6.33,-6.38,-6.42,-6.46,-6.51,-6.55,-6.60,-6.64,-6.69,-6.74,-6.78,-6.83,-6.87,-6.92,-6.97,-7.01,-7.06,-7.10,-7.15,-7.20,-7.24,-7.29,-7.34,-7.38,-7.43,-7.47,-7.52,-7.57,-7.61,-7.66,-7.70,-7.74,-7.79,-7.83,-7.88,-7.92,-7.96,-8.00,-8.04,-8.08,-8.12,-8.16,-8.20,-8.24,-8.27,-8.31,-8.34,-8.38,-8.41,-8.44,-8.47,-8.50,-8.53,-8.56,-8.58,-8.61,-8.63,-8.65,-8.68,-8.70,-8.71,-8.73,-8.75,-8.76,-8.77,-8.78,-8.79,-8.80,-8.81,-8.82,-8.82,-8.82,-8.82
34,-8.74,-8.73,-8.73,-8.73,-8.72,-8.72,-8.71,-8.70,-8.69,-8.67,-8.66,-8.64,-8.63,-8.61,-8.59,-8.57,-8.54,-8.52,-8.49,-8.47,-8.44,-8.41,-8.38,-8.35,-8.32,-8.29,-8.25,-8.22,-8.18,-8.15,-8.11,-8.07,-8.03,-7.99,-7.95,-7.91,-7.87,-7.83,-7.78,-7.74,-7.70,-7.65,-7.61,-7.56,-7.52,-7.47,-7.43,-7.38,-7.34,-7.29,-7.24,-7.20,-7.15,-7.10,-7.06,-7.01,-6.96,-6.92,-6.87,-6.82,-6.78,-6.73,-6.69,-6.64,-6.59,-6.55,-6.50,-6.46,-6.41,-6.37,-6.32,-6.28,-6.24,-6.19,-6.15,-6.11,-6.07,-6.02,-5.98,-5.94,-5.90,-5.86,-5.82,-5.78,-5.74,-5.70,-5.66,-5.62,-5.59,-5.55,-5.51,-5.47,-5.44,-5.40,-5.37,-5.33,-5.30,-5.26,-5.23,-5.20,-5.17,-5.13,-5.10,-5.07,-5.04,-5.01,-4.98,-4.95,-4.92,-4.90,-4.87,-4.84,-4.81,-4.79,-4.76,-4.74,-4.71,-4.69,-4.66,-4.64,-4.62,-4.59,-4.57,-4.55,-4.53,-4.51,-4.49,-4.47,-4.45,-4.43,-4.41,-4.39,-4.37,-4.36,-4.34,-4.32,-4.31,-4.29,-4.28,-4.26,-4.25,-4.23,-4.22,-4.21,-4.19,-4.18,-4.17,-4.16,-4.14,-4.13,-4.12,-4.11,-4.10,-4.09,-4.09,-4.08,-4.07,-4.06,-4.05,-4.05,-4.04,-4.03,-4.03,-4.02,-4.01,-4.01,-4.00,-4.00,-4.00,-3.99,-3.99,-3.99,-3.98,-3.98,-3.98,-3.98,-3.97,-3.97,-3.97,-3.97,-3.97,-3.97,-3.97,-3.97,-3.97,-3.98,-3.98,-3.98,-3.98,-3.99,-3.99,-3.99,-4.00,-4.00,-4.00,-4.01,-4.01,-4.02,-4.03,-4.03,-4.04,-4.05,-4.05,-4.06,-4.07,-4.08,-4.09,-4.09,-4.10,-4.11,-4.12,-4.13,-4.14,-4.16,-4.17,-4.18,-4.19,-4.21,-4.22,-4.23,-4.25,-4.26,-4.28,-4.29,-4.31,-4.32,-4.34,-4.36,-4.37,-4.39,-4.41,-4.43,-4.45,-4.47,-4.49,-4.51,-4.53,-4.55,-4.57,-4.59,-4.62,-4.64,-4.66,-4.69,-4.71,-4.74,-4.76,-4.79,-4.81,-4.84,-4.87,-4.90,-4.92,-4.95,-4.98,-5.01,-5.04,-5.07,-5.10,-5.13,-5.17,-5.20,-5.23,-5.26,-5.30,-5.33,-5.37,-5.40,-5.44,-5.47,-5.51,-5.55,-5.59,-5.62,-5.66,-5.70,-5.74,-5.78,-5.82,-5.86,-5.90,-5.94,-5.98,-6.02,-6.07,-6.11,-6.15,-6.19,-6.24,-6.28,-6.32,-6.37,-6.41,-6.46,-6.50,-6.55,-6.59,-6.64,-6.69,-6.73,-6.78,-6.82,-6.87,-6.92,-6.96,-7.01,-7.06,-7.10,-7.15,-7.20,-7.24,-7.29,-7.34,-7.38,-7.43,-7.47,-7.52,-7.56,-7.61,-7.65,-7.70,-7.74,-7.78,-7.83,-7.87,-7.91,-7.95,-7.99,-8.03,-8.07,-8.11,-8.15,-8.18,-8.22,-8.25,-8.29,-8.32,-8.35,-8.38,-8.41,-8.44,-8.47,-8.49,-8.52,-8.54,-8.57,-8.59,-8.61,-8.63,-8.64,-8.66,-8.67,-8.69,-8.70,-8.71,-8.72,-8.72,-8.73,-8.73,-8.73,-8.74
35,-8.65,-8.65,-8.64,-8.64,-8.63,-8.63,-8.62,-8.61,-8.60,-8.58,-8.57,-8.55,-8.54,-8.52,-8.50,-8.48,-8.45,-8.43,-8.40,-8.38,-8.35,-8.32,-8.29,-8.26,-8.23,-8.20,-8.16,-8.13,-8.09,-8.05,-8.02,-7.98,-7.94,-7.90,-7.86,-7.82,-7.78,-7.73,-7.69,-7.65,-7.60,-7.56,-7.52,-7.47,-7.43,-7.38,-7.34,-7.29,-7.24,-7.20,-7.15,-7.10,-7.06,-7.01,-6.96,-6.92,-6.87,-6.82,-6.78,-6.73,-6.68,-6.64,-6.59,-6.55,-6.50,-6.45,-6.41,-6.36,-6.32,-6.27,-6.23,-6.19,-6.14,-6.10,-6.06,-6.01,-5.97,-5.93,-5.89,-5.85,-5.80,-5.76,-5.72,-5.68,-5.64,-5.60,-5.57,-5.53,-5.49,-5.45,-5.42,-5.38,-5.34,-5.31,-5.27,-5.24,-5.20,-5.17,-5.14,-5.10,-5.07,-5.04,-5.01,-4.98,-4.95,-4.92,-4.89,-4.86,-4.83,-4.80,-4.77,-4.75,-4.72,-4.69,-4.67,-4.64,-4.62,-4.59,-4.57,-4.55,-4.52,-4.50,-4.48,-4.46,-4.44,-4.41,-4.39,-4.37,-4.35,-4.34,-4.32,-4.30,-4.28,-4.26,-4.25,-4.23,-4.21,-4.20,-4.18,-4.17,-4.15,-4.14,-4.13,-4.11,-4.10,-4.09,-4.08,-4.07,-4.05,-4.04,-4.03,-4.02,-4.01,-4.00,-4.00,-3.99,-3.98,-3.97,-3.96,-3.96,-3.95,-3.94,-3.94,-3.93,-3.93,-3.92,-3.92,-3.91,-3.91,-3.90,-3.90,-3.90,-3.89,-3.89,-3.89,-3.89,-3.89,-3.88,-3.88,-3.88,-3.88,-3.88,-3.88,-3.88,-3.89,-3.89,-3.89,-3.89,-3.89,-3.90,-3.90,-3.90,-3.91,-3.91,-3.92,-3.92,-3.93,-3.93,-3.94,-3.94,-3.95,-3.96,-3.96,-3.97,-3.98,-3.99,-4.00,-4.00,-4.01,-4.02,-4.03,-4.04,-4.05,-4.07,-4.08,-4.09,-4.10,-4.11,-4.13,-4.14,-4.15,-4.17,-4.18,-4.20,-4.21,-4.23,-4.25,-4.26,-4.28,-4.30,-4.32,-4.34,-4.35,-4.37,-4.39,-4.41,-4.44,-4.46,-4.48,-4.50,-4.52,-4.55,-4.57,-4.59,-4.62,-4.64,-4.67,-4.69,-4.72,-4.75,-4.77,-4.80,-4.83,-4.86,-4.89,-4.92,-4.95,-4.98,-5.01,-5.04,-5.07,-5.10,-5.14,-5.17,-5.20,-5.24,-5.27,-5.31,-5.34,-5.38,-5.42,-5.45,-5.49,-5.53,-5.57,-5.60,-5.64,-5.68,-5.72,-5.76,-5.80,-5.85,-5.89,-5.93,-5.97,-6.01,-6.06,-6.10,-6.14,-6.19,-6.23,-6.27,-6.32,-6.36,-6.41,-6.45,-6.50,-6.55,-6.59,-6.64,-6.68,-6.73,-6.78,-6.82,-6.87,-6.92,-6.96,-7.01,-7.06,-7.10,-7.15,-7.20,-7.24,-7.29,-7.34,-7.38,-7.43,-7.47,-7.52,-7.56,-7.60,-7.65,-7.69,-7.73,-7.78,-7.82,-7.86,-7.90,-7.94,-7.98,-8.02,-8.05,-8.09,-8.13,-8.16,-8.20,-8.23,-8.26,-8.29,-8.32,-8.35,-8.38,-8.40,-8.43,-8.45,-8.48,-8.50,-8.52,-8.54,-8.55,-8.57,-8.58,-8.60,-8.61,-8.62,-8.63,-8.63,-8.64,-8.64,-8.65,-8.65
36,-8.56,-8.55,-8.55,-8.55,-8.54,-8.54,-8.53,-8.52,-8.51,-8.49,-8.48,-8.46,-8.45,-8.43,-8.41,-8.39,-8.36,-8.34,-8.31,-8.29,-8.26,-8.23,-8.20,-8.17,-8.14,-8.10,-8.07,-8.04,-8.00,-7.96,-7.93,-7.89,-7.85,-7.81,-7.77,-7.73,-7.69,-7.64,-7.60,-7.56,-7.51,-7.47,-7.42,-7.38,-7.33,-7.29,-7.24,-7.20,-7.15,-7.10,-7.06,-7.01,-6.96,-6.92,-6.87,-6.82,-6.78,-6.73,-6.68,-6.64,-6.59,-6.55,-6.50,-6.45,-6.41,-6.36,-6.32,-6.27,-6.23,-6.18,-6.14,-6.09,-6.05,-6.01,-5.96,-5.92,-5.88,-5.84,-5.79,-5.75,-5.71,-5.67,-5.63,-5.59,-5.55,-5.51,-5.47,-5.44,-5.40,-5.36,-5.32,-5.29,-5.25,-5.22,-5.18,-5.15,-5.11,-5.08,-5.04,-5.01,-4.98,-4.95,-4.92,-4.89,-4.85,-4.82,-4.80,-4.77,-4.74,-4.71,-4.68,-4.66,-4.63,-4.60,-4.58,-4.55,-4.53,-4.50,-4.48,-4.45,-4.43,-4.41,-4.39,-4.37,-4.34,-4.32,-4.30,-4.28,-4.26,-4.25,-4.23,-4.21,-4.19,-4.17,-4.16,-4.14,-4.13,-4.11,-4.10,-4.08,-4.07,-4.05,-4.04,-4.03,-4.01,-4.00,-3.99,-3.98,-3.97,-3.96,-3.95,-3.94,-3.93,-3.92,-3.91,-3.90,-3.89,-3.88,-3.88,-3.87,-3.86,-3.86,-3.85,-3.84,-3.84,-3.83,-3.83,-3.82,-3.82,-3.82,-3.81,-3.81,-3.81,-3.81,-3.80,-3.80,-3.80,-3.80,-3.80,-3.80,-3.80,-3.80,-3.80,-3.80,-3.80,-3.80,-3.80,-3.81,-3.81,-3.81,-3.81,-3.82,-3.82,-3.82,-3.83,-3.83,-3.84,-3.84,-3.85,-3.86,-3.86,-3.87,-3.88,-3.88,-3.89,-3.90,-3.91,-3.92,-3.93,-3.94,-3.95,-3.96,-3.97,-3.98,-3.99,-4.00,-4.01,-4.03,-4.04,-4.05,-4.07,-4.08,-4.10,-4.11,-4.13,-4.14,-4.16,-4.17,-4.19,-4.21,-4.23,-4.25,-4.26,-4.28,-4.30,-4.32,-4.34,-4.37,-4.39,-4.41,-4.43,-4.45,-4.48,-4.50,-4.53,-4.55,-4.58,-4.60,-4.63,-4.66,-4.68,-4.71,-4.74,-4.77,-4.80,-4.82,-4.85,-4.89,-4.92,-4.95,-4.98,-5.01,-5.04,-5.08,-5.11,-5.15,-5.18,-5.22,-5.25,-5.29,-5.32,-5.36,-5.40,-5.44,-5.47,-5.51,-5.55,-5.59,-5.63,-5.67,-5.71,-5.75,-5.79,-5.84,-5.88,-5.92,-5.96,-6.01,-6.05,-6.09,-6.14,-6.18,-6.23,-6.27,-6.32,-6.36,-6.41,-6.45,-6.50,-6.55,-6.59,-6.64,-6.68,-6.73,-6.78,-6.82,-6.87,-6.92,-6.96,-7.01,-7.06,-7.10,-7.15,-7.20,-7.24,-7.29,-7.33,-7.38,-7.42,-7.47,-7.51,-7.56,-7.60,-7.64,-7.69,-7.73,-7.77,-7.81,-7.85,-7.89,-7.93,-7.96,-8.00,-8.04,-8.07,-8.10,-8.14,-8.17,-8.20,-8.23,-8.26,-8.29,-8.31,-8.34,-8.36,-8.39,-8.41,-8.43,-8.45,-8.46,-8.48,-8.49,-8.51,-8.52,-8.53,-8.54,-8.54,-8.55,-8.55,-8.55,-8.56
37,-8.46,-8.46,-8.46,-8.46,-8.45,-8.44,-8.44,-8.43,-8.41,-8.40,-8.39,-8.37,-8.35,-8.34,-8.32,-8.29,-8.27,-8.25,-8.22,-8.20,-8.17,-8.14,-8.11,-8.08,-8.05,-8.01,-7.98,-7.94,-7.91,-7.87,-7.83,-7.80,-7.76,-7.72,-7.68,-7.64,-7.59,-7.55,-7.51,-7.47,-7.42,-7.38,-7.33,-7.29,-7.24,-7.20,-7.15,-7.11,-7.06,-7.01,-6.97,-6.92,-6.87,-6.83,-6.78,-6.73,-6.69,-6.64,-6.59,-6.55,-6.50,-6.45,-6.41,-6.36,-6.32,-6.27,-6.22,-6.18,-6.13,-6.09,-6.05,-6.00,-5.96,-5.91,-5.87,-5.83,-5.79,-5.74,-5.70,-5.66,-5.62,-5.58,-5.54,-5.50,-5.46,-5.42,-5.38,-5.34,-5.31,-5.27,-5.23,-5.20,-5.16,-5.12,-5.09,-5.06,-5.02,-4.99,-4.95,-4.92,-4.89,-4.86,-4.83,-4.80,-4.77,-4.74,-4.71,-4.68,-4.65,-4.62,-4.59,-4.57,-4.54,-4.51,-4.49,-4.46,-4.44,-4.41,-4.39,-4.37,-4.34,-4.32,-4.30,-4.28,-4.26,-4.24,-4.22,-4.20,-4.18,-4.16,-4.14,-4.12,-4.11,-4.09,-4.07,-4.06,-4.04,-4.02,-4.01,-3.99,-3.98,-3.97,-3.95,-3.94,-3.93,-3.92,-3.90,-3.89,-3.88,-3.87,-3.86,-3.85,-3.84,-3.83,-3.82,-3.82,-3.81,-3.80,-3.79,-3.79,-3.78,-3.77,-3.77,-3.76,-3.76,-3.75,-3.75,-3.74,-3.74,-3.73,-3.73,-3.73,-3.72,-3.72,-3.72,-3.72,-3.72,-3.72,-3.72,-3.71,-3.71,-3.71,-3.72,-3.72,-3.72,-3.72,-3.72,-3.72,-3.72,-3.73,-3.73,-3.73,-3.74,-3.74,-3.75,-3.75,-3.76,-3.76,-3.77,-3.77,-3.78,-3.79,-3.79,-3.80,-3.81,-3.82,-3.82,-3.83,-3.84,-3.85,-3.86,-3.87,-3.88,-3.89,-3.90,-3.92,-3.93,-3.94,-3.95,-3.97,-3.98,-3.99,-4.01,-4.02,-4.04,-4.06,-4.07,-4.09,-4.11,-4.12,-4.14,-4.16,-4.18,-4.20,-4.22,-4.24,-4.26,-4.28,-4.30,-4.32,-4.34,-4.37,-4.39,-4.41,-4.44,-4.46,-4.49,-4.51,-4.54,-4.57,-4.59,-4.62,-4.65,-4.68,-4.71,-4.74,-4.77,-4.80,-4.83,-4.86,-4.89,-4.92,-4.95,-4.99,-5.02,-5.06,-5.09,-5.12,-5.16,-5.20,-5.23,-5.27,-5.31,-5.34,-5.38,-5.42,-5.46,-5.50,-5.54,-5.58,-5.62,-5.66,-5.70,-5.74,-5.79,-5.83,-5.87,-5.91,-5.96,-6.00,-6.05,-6.09,-6.13,-6.18,-6.22,-6.27,-6.32,-6.36,-6.41,-6.45,-6.50,-6.55,-6.59,-6.64,-6.69,-6.73,-6.78,-6.83,-6.87,-6.92,-6.97,-7.01,-7.06,-7.11,-7.15,-7.20,-7.24,-7.29,-7.33,-7.38,-7.42,-7.47,-7.51,-7.55,-7.59,-7.64,-7.68,-7.72,-7.76,-7.80,-7.83,-7.87,-7.91,-7.94,-7.98,-8.01,-8.05,-8.08,-8.11,-8.14,-8.17,-8.20,-8.22,-8.25,-8.27,-8.29,-8.32,-8.34,-8.35,-8.37,-8.39,-8.40,-8.41,-8.43,-8.44,-8.44,-8.45,-8.46,-8.46,-8.46,-8.46
38,-8.37,-8.37,-8.37,-8.37,-8.36,-8.35,-8.34,-8.33,-8.32,-8.31,-8.30,-8.28,-8.26,-8.24,-8.22,-8.20,-8.18,-8.16,-8.13,-8.10,-8.08,-8.05,-8.02,-7.99,-7.96,-7.92,-7.89,-7.85,-7.82,-7.78,-7.74,-7.70,-7.67,-7.63,-7.59,-7.54,-7.50,-7.46,-7.42,-7.37,-7.33,-7.29,-7.24,-7.20,-7.15,-7.11,-7.06,-7.01,-6.97,-6.92,-6.88,-6.83,-6.78,-6.74,-6.69,-6.64,-6.60,-6.55,-6.50,-6.46,-6.41,-6.36,-6.32,-6.27,-6.23,-6.18,-6.14,-6.09,-6.05,-6.00,-5.96,-5.91,-5.87,-5.83,-5.78,-5.74,-5.70,-5.65,-5.61,-5.57,-5.53,-5.49,-5.45,-5.41,-5.37,-5.33,-5.29,-5.26,-5.22,-5.18,-5.14,-5.11,-5.07,-5.04,-5.00,-4.97,-4.93,-4.90,-4.87,-4.83,-4.80,-4.77,-4.74,-4.71,-4.68,-4.65,-4.62,-4.59,-4.56,-4.53,-4.51,-4.48,-4.45,-4.43,-4.40,-4.38,-4.35,-4.33,-4.30,-4.28,-4.26,-4.24,-4.22,-4.19,-4.17,-4.15,-4.13,-4.11,-4.09,-4.08,-4.06,-4.04,-4.02,-4.00,-3.99,-3.97,-3.96,-3.94,-3.93,-3.91,-3.90,-3.88,-3.87,-3.86,-3.85,-3.83,-3.82,-3.81,-3.80,-3.79,-3.78,-3.77,-3.76,-3.75,-3.74,-3.73,-3.73,-3.72,-3.71,-3.70,-3.70,-3.69,-3.69,-3.68,-3.68,-3.67,-3.67,-3.66,-3.66,-3.65,-3.65,-3.65,-3.65,-3.64,-3.64,-3.64,-3.64,-3.64,-3.64,-3.64,-3.64,-3.64,-3.64,-3.64,-3.64,-3.64,-3.64,-3.64,-3.65,-3.65,-3.65,-3.65,-3.66,-3.66,-3.67,-3.67,-3.68,-3.68,-3.69,-3.69,-3.70,-3.70,-3.71,-3.72,-3.73,-3.73,-3.74,-3.75,-3.76,-3.77,-3.78,-3.79,-3.80,-3.81,-3.82,-3.83,-3.85,-3.86,-3.87,-3.88,-3.90,-3.91,-3.93,-3.94,-3.96,-3.97,-3.99,-4.00,-4.02,-4.04,-4.06,-4.08,-4.09,-4.11,-4.13,-4.15,-4.17,-4.19,-4.22,-4.24,-4.26,-4.28,-4.30,-4.33,-4.35,-4.38,-4.40,-4.43,-4.45,-4.48,-4.51,-4.53,-4.56,-4.59,-4.62,-4.65,-4.68,-4.71,-4.74,-4.77,-4.80,-4.83,-4.87,-4.90,-4.93,-4.97,-5.00,-5.04,-5.07,-5.11,-5.14,-5.18,-5.22,-5.26,-5.29,-5.33,-5.37,-5.41,-5.45,-5.49,-5.53,-5.57,-5.61,-5.65,-5.70,-5.74,-5.78,-5.83,-5.87,-5.91,-5.96,-6.00,-6.05,-6.09,-6.14,-6.18,-6.23,-6.27,-6.32,-6.36,-6.41,-6.46,-6.50,-6.55,-6.60,-6.64,-6.69,-6.74,-6.78,-6.83,-6.88,-6.92,-6.97,-7.01,-7.06,-7.11,-7.15,-7.20,-7.24,-7.29,-7.33,-7.37,-7.42,-7.46,-7.50,-7.54,-7.59,-7.63,-7.67,-7.70,-7.74,-7.78,-7.82,-7.85,-7.89,-7.92,-7.96,-7.99,-8.02,-8.05,-8.08,-8.10,-8.13,-8.16,-8.18,-8.20,-8.22,-8.24,-8.26,-8.28,-8.30,-8.31,-8.32,-8.33,-8.34,-8.35,-8.36,-8.37,-8.37,-8.37,-8.37
39,-8.28,-8.28,-8.28,-8.27,-8.27,-8.26,-8.25,-8.24,-8.23,-8.22,-8.20,-8.19,-8.17,-8.15,-8.13,-8.11,-8.09,-8.06,-8.04,-8.01,-7.99,-7.96,-7.93,-7.90,-7.86,-7.83,-7.80,-7.76,-7.73,-7.69,-7.65,-7.61,-7.58,-7.54,-7.50,-7.45,-7.41,-7.37,-7.33,-7.28,-7.24,-7.20,-7.15,-7.11,-7.06,-7.02,-6.97,-6.93,-6.88,-6.83,-6.79,-6.74,-6.69,-6.65,-6.60,-6.55,-6.51,-6.46,-6.41,-6.37,-6.32,-6.28,-6.23,-6.18,-6.14,-6.09,-6.05,-6.00,-5.96,-5.91,-5.87,-5.83,-5.78,-5.74,-5.70,-5.65,-5.61,-5.57,-5.53,-5.49,-5.44,-5.40,-5.36,-5.32,-5.29,-5.25,-5.21,-5.17,-5.13,-5.10,-5.06,-5.02,-4.99,-4.95,-4.92,-4.88,-4.85,-4.82,-4.78,-4.75,-4.72,-4.69,-4.66,-4.62,-4.59,-4.56,-4.54,-4.51,-4.48,-4.45,-4.42,-4.40,-4.37,-4.34,-4.32,-4.29,-4.27,-4.25,-4.22,-4.20,-4.18,-4.15,-4.13,-4.11,-4.09,-4.07,-4.05,-4.03,-4.01,-3.99,-3.98,-3.96,-3.94,-3.92,-3.91,-3.89,-3.88,-3.86,-3.85,-3.83,-3.82,-3.81,-3.79,-3.78,-3.77,-3.76,-3.74,-3.73,-3.72,-3.71,-3.70,-3.69,-3.68,-3.67,-3.66,-3.66,-3.65,-3.64,-3.63,-3.63,-3.62,-3.61,-3.61,-3.60,-3.60,-3.59,-3.59,-3.58,-3.58,-3.58,-3.57,-3.57,-3.57,-3.57,-3.56,-3.56,-3.56,-3.56,-3.56,-3.56,-3.56,-3.56,-3.56,-3.56,-3.56,-3.56,-3.56,-3.57,-3.57,-3.57,-3.57,-3.58,-3.58,-3.58,-3.59,-3.59,-3.60,-3.60,-3.61,-3.61,-3.62,-3.63,-3.63,-3.64,-3.65,-3.66,-3.66,-3.67,-3.68,-3.69,-3.70,-3.71,-3.72,-3.73,-3.74,-3.76,-3.77,-3.78,-3.79,-3.81,-3.82,-3.83,-3.85,-3.86,-3.88,-3.89,-3.91,-3.92,-3.94,-3.96,-3.98,-3.99,-4.01,-4.03,-4.05,-4.07,-4.09,-4.11,-4.13,-4.15,-4.18,-4.20,-4.22,-4.25,-4.27,-4.29,-4.32,-4.34,-4.37,-4.40,-4.42,-4.45,-4.48,-4.51,-4.54,-4.56,-4.59,-4.62,-4.66,-4.69,-4.72,-4.75,-4.78,-4.82,-4.85,-4.88,-4.92,-4.95,-4.99,-5.02,-5.06,-5.10,-5.13,-5.17,-5.21,-5.25,-5.29,-5.32,-5.36,-5.40,-5.44,-5.49,-5.53,-5.57,-5.61,-5.65,-5.70,-5.74,-5.78,-5.83,-5.87,-5.91,-5.96,-6.00,-6.05,-6.09,-6.14,-6.18,-6.23,-6.28,-6.32,-6.37,-6.41,-6.46,-6.51,-6.55,-6.60,-6.65,-6.69,-6.74,-6.79,-6.83,-6.88,-6.93,-6.97,-7.02,-7.06,-7.11,-7.15,-7.20,-7.24,-7.28,-7.33,-7.37,-7.41,-7.45,-7.50,-7.54,-7.58,-7.61,-7.65,-7.69,-7.73,-7.76,-7.80,-7.83,-7.86,-7.90,-7.93,-7.96,-7.99,-8.01,-8.04,-8.06,-8.09,-8.11,-8.13,-8.15,-8.17,-8.19,-8.20,-8.22,-8.23,-8.24,-8.25,-8.26,-8.27,-8.27,-8.28,-8.28,-8.28
40,-8.19,-8.19,-8.19,-8.18,-8.18,-8.17,-8.16,-8.15,-8.14,-8.13,-8.11,-8.10,-8.08,-8.06,-8.04,-8.02,-8.00,-7.97,-7.95,-7.92,-7.90,-7.87,-7.84,-7.81,-7.77,-7.74,-7.71,-7.67,-7.64,-7.60,-7.56,-7.53,-7.49,-7.45,-7.41,-7.37,-7.32,-7.28,-7.24,-7.20,-7.15,-7.11,-7.06,-7.02,-6.97,-6.93,-6.88,-6.84,-6.79,-6.75,-6.70,-6.65,-6.61,-6.56,-6.51,-6.47,-6.42,-6.37,-6.33,-6.28,-6.24,-6.19,-6.14,-6.10,-6.05,-6.01,-5.96,-5.92,-5.87,-5.83,-5.78,-5.74,-5.70,-5.65,-5.61,-5.57,-5.53,-5.48,-5.44,-5.40,-5.36,-5.32,-5.28,-5.24,-5.20,-5.16,-5.12,-5.09,-5.05,-5.01,-4.98,-4.94,-4.90,-4.87,-4.83,-4.80,-4.77,-4.73,-4.70,-4.67,-4.64,-4.60,-4.57,-4.54,-4.51,-4.48,-4.45,-4.43,-4.40,-4.37,-4.34,-4.32,-4.29,-4.26,-4.24,-4.21,-4.19,-4.17,-4.14,-4.12,-4.10,-4.08,-4.05,-4.03,-4.01,-3.99,-3.97,-3.95,-3.93,-3.92,-3.90,-3.88,-3.86,-3.85,-3.83,-3.82,-3.80,-3.78,-3.77,-3.76,-3.74,-3.73,-3.72,-3.70,-3.69,-3.68,-3.67,-3.66,-3.65,-3.64,-3.63,-3.62,-3.61,-3.60,-3.59,-3.58,-3.57,-3.57,-3.56,-3.55,-3.55,-3.54,-3.53,-3.53,-3.52,-3.52,-3.52,-3.51,-3.51,-3.50,-3.50,-3.50,-3.49,-3.49,-3.49,-3.49,-3.49,-3.49,-3.49,-3.49,-3.49,-3.49,-3.49,-3.49,-3.49,-3.49,-3.49,-3.49,-3.49,-3.50,-3.50,-3.50,-3.51,-3.51,-3.52,-3.52,-3.52,-3.53,-3.53,-3.54,-3.55,-3.55,-3.56,-3.57,-3.57,-3.58,-3.59,-3.60,-3.61,-3.62,-3.63,-3.64,-3.65,-3.66,-3.67,-3.68,-3.69,-3.70,-3.72,-3.73,-3.74,-3.76,-3.77,-3.78,-3.80,-3.82,-3.83,-3.85,-3.86,-3.88,-3.90,-3.92,-3.93,-3.95,-3.97,-3.99,-4.01,-4.03,-4.05,-4.08,-4.10,-4.12,-4.14,-4.17,-4.19,-4.21,-4.24,-4.26,-4.29,-4.32,-4.34,-4.37,-4.40,-4.43,-4.45,-4.48,-4.51,-4.54,-4.57,-4.60,-4.64,-4.67,-4.70,-4.73,-4.77,-4.80,-4.83,-4.87,-4.90,-4.94,-4.98,-5.01,-5.05,-5.09,-5.12,-5.16,-5.20,-5.24,-5.28,-5.32,-5.36,-5.40,-5.44,-5.48,-5.53,-5.57,-5.61,-5.65,-5.70,-5.74,-5.78,-5.83,-5.87,-5.92,-5.96,-6.01,-6.05,-6.10,-6.14,-6.19,-6.24,-6.28,-6.33,-6.37,-6.42,-6.47,-6.51,-6.56,-6.61,-6.65,-6.70,-6.75,-6.79,-6.84,-6.88,-6.93,-6.97,-7.02,-7.06,-7.11,-7.15,-7.20,-7.24,-7.28,-7.32,-7.37,-7.41,-7.45,-7.49,-7.53,-7.56,-7.60,-7.64,-7.67,-7.71,-7.74,-7.77,-7.81,-7.84,-7.87,-7.90,-7.92,-7.95,-7.97,-8.00,-8.02,-8.04,-8.06,-8.08,-8.10,-8.11,-8.13,-8.14,-8.15,-8.16,-8.17,-8.18,-8.18,-8.19,-8.19,-8.19
41,-8.10,-8.10,-8.09,-8.09,-8.09,-8.08,-8.07,-8.06,-8.05,-8.04,-8.02,-8.01,-7.99,-7.97,-7.95,-7.93,-7.91,-7.88,-7.86,-7.83,-7.81,-7.78,-7.75,-7.72,-7.69,-7.65,-7.62,-7.58,-7.55,-7.51,-7.48,-7.44,-7.40,-7.36,-7.32,-7.28,-7.24,-7.20,-7.15,-7.11,-7.07,-7.02,-6.98,-6.93,-6.89,-6.84,-6.80,-6.75,-6.71,-6.66,-6.61,-6.57,-6.52,-6.48,-6.43,-6.38,-6.34,-6.29,-6.24,-6.20,-6.15,-6.11,-6.06,-6.01,-5.97,-5.92,-5.88,-5.83,-5.79,-5.75,-5.70,-5.66,-5.61,-5.57,-5.53,-5.49,-5.44,-5.40,-5.36,-5.32,-5.28,-5.24,-5.20,-5.16,-5.12,-5.08,-5.04,-5.01,-4.97,-4.93,-4.90,-4.86,-4.82,-4.79,-4.76,-4.72,-4.69,-4.65,-4.62,-4.59,-4.56,-4.53,-4.50,-4.47,-4.44,-4.41,-4.38,-4.35,-4.32,-4.29,-4.27,-4.24,-4.21,-4.19,-4.16,-4.14,-4.11,-4.09,-4.07,-4.04,-4.02,-4.00,-3.98,-3.96,-3.94,-3.92,-3.90,-3.88,-3.86,-3.84,-3.82,-3.81,-3.79,-3.77,-3.76,-3.74,-3.73,-3.71,-3.70,-3.68,-3.67,-3.66,-3.64,-3.63,-3.62,-3.61,-3.60,-3.58,-3.57,-3.56,-3.55,-3.54,-3.54,-3.53,-3.52,-3.51,-3.50,-3.50,-3.49,-3.48,-3.48,-3.47,-3.46,-3.46,-3.45,-3.45,-3.44,-3.44,-3.44,-3.43,-3.43,-3.43,-3.42,-3.42,-3.42,-3.42,-3.42,-3.42,-3.42,-3.42,-3.42,-3.42,-3.42,-3.42,-3.42,-3.42,-3.42,-3.42,-3.42,-3.43,-3.43,-3.43,-3.44,-3.44,-3.44,-3.45,-3.45,-3.46,-3.46,-3.47,-3.48,-3.48,-3.49,-3.50,-3.50,-3.51,-3.52,-3.53,-3.54,-3.54,-3.55,-3.56,-3.57,-3.58,-3.60,-3.61,-3.62,-3.63,-3.64,-3.66,-3.67,-3.68,-3.70,-3.71,-3.73,-3.74,-3.76,-3.77,-3.79,-3.81,-3.82,-3.84,-3.86,-3.88,-3.90,-3.92,-3.94,-3.96,-3.98,-4.00,-4.02,-4.04,-4.07,-4.09,-4.11,-4.14,-4.16,-4.19,-4.21,-4.24,-4.27,-4.29,-4.32,-4.35,-4.38,-4.41,-4.44,-4.47,-4.50,-4.53,-4.56,-4.59,-4.62,-4.65,-4.69,-4.72,-4.76,-4.79,-4.82,-4.86,-4.90,-4.93,-4.97,-5.01,-5.04,-5.08,-5.12,-5.16,-5.20,-5.24,-5.28,-5.32,-5.36,-5.40,-5.44,-5.49,-5.53,-5.57,-5.61,-5.66,-5.70,-5.75,-5.79,-5.83,-5.88,-5.92,-5.97,-6.01,-6.06,-6.11,-6.15,-6.20,-6.24,-6.29,-6.34,-6.38,-6.43,-6.48,-6.52,-6.57,-6.61,-6.66,-6.71,-6.75,-6.80,-6.84,-6.89,-6.93,-6.98,-7.02,-7.07,-7.11,-7.15,-7.20,-7.24,-7.28,-7.32,-7.36,-7.40,-7.44,-7.48,-7.51,-7.55,-7.58,-7.62,-7.65,-7.69,-7.72,-7.75,-7.78,-7.81,-7.83,-7.86,-7.88,-7.91,-7.93,-7.95,-7.97,-7.99,-8.01,-8.02,-8.04,-8.05,-8.06,-8.07,-8.08,-8.09,-8.09,-8.09,-8.10,-8.10
42,-8.01,-8.01,-8.01,-8.00,-8.00,-7.99,-7.98,-7.97,-7.96,-7.95,-7.93,-7.92,-7.90,-7.88,-7.86,-7.84,-7.82,-7.80,-7.77,-7.75,-7.72,-7.69,-7.66,-7.63,-7.60,-7.57,-7.53,-7.50,-7.46,-7.43,-7.39,-7.35,-7.31,-7.27,-7.23,-7.19,-7.15,-7.11,-7.07,-7.02,-6.98,-6.94,-6.89,-6.85,-6.81,-6.76,-6.71,-6.67,-6.62,-6.58,-6.53,-6.49,-6.44,-6.39,-6.35,-6.30,-6.26,-6.21,-6.16,-6.12,-6.07,-6.03,-5.98,-5.93,-5.89,-5.84,-5.80,-5.75,-5.71,-5.67,-5.62,-5.58,-5.54,-5.49,-5.45,-5.41,-5.37,-5.32,-5.28,-5.24,-5.20,-5.16,-5.12,-5.08,-5.04,-5.01,-4.97,-4.93,-4.89,-4.86,-4.82,-4.78,-4.75,-4.71,-4.68,-4.65,-4.61,-4.58,-4.55,-4.51,-4.48,-4.45,-4.42,-4.39,-4.36,-4.33,-4.30,-4.27,-4.25,-4.22,-4.19,-4.17,-4.14,-4.11,-4.09,-4.07,-4.04,-4.02,-3.99,-3.97,-3.95,-3.93,-3.91,-3.89,-3.87,-3.85,-3.83,-3.81,-3.79,-3.77,-3.75,-3.74,-3.72,-3.70,-3.69,-3.67,-3.66,-3.64,-3.63,-3.61,-3.60,-3.59,-3.57,-3.56,-3.55,-3.54,-3.53,-3.52,-3.51,-3.50,-3.49,-3.48,-3.47,-3.46,-3.45,-3.44,-3.44,-3.43,-3.42,-3.41,-3.41,-3.40,-3.40,-3.39,-3.39,-3.38,-3.38,-3.37,-3.37,-3.37,-3.36,-3.36,-3.36,-3.36,-3.35,-3.35,-3.35,-3.35,-3.35,-3.35,-3.35,-3.35,-3.35,-3.35,-3.35,-3.35,-3.35,-3.36,-3.36,-3.36,-3.36,-3.37,-3.37,-3.37,-3.38,-3.38,-3.39,-3.39,-3.40,-3.40,-3.41,-3.41,-3.42,-3.43,-3.44,-3.44,-3.45,-3.46,-3.47,-3.48,-3.49,-3.50,-3.51,-3.52,-3.53,-3.54,-3.55,-3.56,-3.57,-3.59,-3.60,-3.61,-3.63,-3.64,-3.66,-3.67,-3.69,-3.70,-3.72,-3.74,-3.75,-3.77,-3.79,-3.81,-3.83,-3.85,-3.87,-3.89,-3.91,-3.93,-3.95,-3.97,-3.99,-4.02,-4.04,-4.07,-4.09,-4.11,-4.14,-4.17,-4.19,-4.22,-4.25,-4.27,-4.30,-4.33,-4.36,-4.39,-4.42,-4.45,-4.48,-4.51,-4.55,-4.58,-4.61,-4.65,-4.68,-4.71,-4.75,-4.78,-4.82,-4.86,-4.89,-4.93,-4.97,-5.01,-5.04,-5.08,-5.12,-5.16,-5.20,-5.24,-5.28,-5.32,-5.37,-5.41,-5.45,-5.49,-5.54,-5.58,-5.62,-5.67,-5.71,-5.75,-5.80,-5.84,-5.89,-5.93,-5.98,-6.03,-6.07,-6.12,-6.16,-6.21,-6.26,-6.30,-6.35,-6.39,-6.44,-6.49,-6.53,-6.58,-6.62,-6.67,-6.71,-6.76,-6.81,-6.85,-6.89,-6.94,-6.98,-7.02,-7.07,-7.11,-7.15,-7.19,-7.23,-7.27,-7.31,-7.35,-7.39,-7.43,-7.46,-7.50,-7.53,-7.57,-7.60,-7.63,-7.66,-7.69,-7.72,-7.75,-7.77,-7.80,-7.82,-7.84,-7.86,-7.88,-7.90,-7.92,-7.93,-7.95,-7.96,-7.97,-7.98,-7.99,-8.00,-8.00,-8.01,-8.01,-8.01
43,-7.92,-7.92,-7.92,-7.91,-7.91,-7.90,-7.89,-7.88,-7.87,-7.86,-7.85,-7.83,-7.81,-7.80,-7.78,-7.76,-7.73,-7.71,-7.68,-7.66,-7.63,-7.60,-7.57,-7.54,-7.51,-7.48,-7.45,-7.41,-7.38,-7.34,-7.30,-7.27,-7.23,-7.19,-7.15,-7.11,-7.07,-7.03,-6.99,-6.94,-6.90,-6.86,-6.81,-6.77,-6.72,-6.68,-6.63,-6.59,-6.54,-6.50,-6.45,-6.41,-6.36,-6.31,-6.27,-6.22,-6.18,-6.13,-6.08,-6.04,-5.99,-5.95,-5.90,-5.86,-5.81,-5.77,-5.72,-5.68,-5.63,-5.59,-5.55,-5.50,-5.46,-5.42,-5.37,-5.33,-5.29,-5.25,-5.21,-5.17,-5.13,-5.09,-5.05,-5.01,-4.97,-4.93,-4.89,-4.86,-4.82,-4.78,-4.75,-4.71,-4.68,-4.64,-4.61,-4.57,-4.54,-4.51,-4.47,-4.44,-4.41,-4.38,-4.35,-4.32,-4.29,-4.26,-4.23,-4.20,-4.18,-4.15,-4.12,-4.10,-4.07,-4.04,-4.02,-4.00,-3.97,-3.95,-3.92,-3.90,-3.88,-3.86,-3.84,-3.82,-3.80,-3.78,-3.76,-3.74,-3.72,-3.70,-3.69,-3.67,-3.65,-3.64,-3.62,-3.60,-3.59,-3.57,-3.56,-3.55,-3.53,-3.52,-3.51,-3.50,-3.48,-3.47,-3.46,-3.45,-3.44,-3.43,-3.42,-3.41,-3.40,-3.39,-3.39,-3.38,-3.37,-3.36,-3.36,-3.35,-3.34,-3.34,-3.33,-3.33,-3.32,-3.32,-3.31,-3.31,-3.31,-3.30,-3.30,-3.30,-3.29,-3.29,-3.29,-3.29,-3.29,-3.29,-3.29,-3.29,-3.29,-3.29,-3.29,-3.29,-3.29,-3.29,-3.29,-3.29,-3.29,-3.30,-3.30,-3.30,-3.31,-3.31,-3.31,-3.32,-3.32,-3.33,-3.33,-3.34,-3.34,-3.35,-3.36,-3.36,-3.37,-3.38,-3.39,-3.39,-3.40,-3.41,-3.42,-3.43,-3.44,-3.45,-3.46,-3.47,-3.48,-3.50,-3.51,-3.52,-3.53,-3.55,-3.56,-3.57,-3.59,-3.60,-3.62,-3.64,-3.65,-3.67,-3.69,-3.70,-3.72,-3.74,-3.76,-3.78,-3.80,-3.82,-3.84,-3.86,-3.88,-3.90,-3.92,-3.95,-3.97,-4.00,-4.02,-4.04,-4.07,-4.10,-4.12,-4.15,-4.18,-4.20,-4.23,-4.26,-4.29,-4.32,-4.35,-4.38,-4.41,-4.44,-4.47,-4.51,-4.54,-4.57,-4.61,-4.64,-4.68,-4.71,-4.75,-4.78,-4.82,-4.86,-4.89,-4.93,-4.97,-5.01,-5.05,-5.09,-5.13,-5.17,-5.21,-5.25,-5.29,-5.33,-5.37,-5.42,-5.46,-5.50,-5.55,-5.59,-5.63,-5.68,-5.72,-5.77,-5.81,-5.86,-5.90,-5.95,-5.99,-6.04,-6.08,-6.13,-6.18,-6.22,-6.27,-6.31,-6.36,-6.41,-6.45,-6.50,-6.54,-6.59,-6.63,-6.68,-6.72,-6.77,-6.81,-6.86,-6.90,-6.94,-6.99,-7.03,-7.07,-7.11,-7.15,-7.19,-7.23,-7.27,-7.30,-7.34,-7.38,-7.41,-7.45,-7.48,-7.51,-7.54,-7.57,-7.60,-7.63,-7.66,-7.68,-7.71,-7.73,-7.76,-7.78,-7.80,-7.81,-7.83,-7.85,-7.86,-7.87,-7.88,-7.89,-7.90,-7.91,-7.91,-7.92,-7.92,-7.92
44,-7.83,-7.83,-7.83,-7.83,-7.82,-7.82,-7.81,-7.80,-7.79,-7.77,-7.76,-7.75,-7.73,-7.71,-7.69,-7.67,-7.65,-7.63,-7.60,-7.57,-7.55,-7.52,-7.49,-7.46,-7.43,-7.40,-7.36,-7.33,-7.30,-7.26,-7.22,-7.19,-7.15,-7.11,-7.07,-7.03,-6.99,-6.95,-6.90,-6.86,-6.82,-6.78,-6.73,-6.69,-6.64,-6.60,-6.56,-6.51,-6.47,-6.42,-6.37,-6.33,-6.28,-6.24,-6.19,-6.15,-6.10,-6.05,-6.01,-5.96,-5.92,-5.87,-5.83,-5.78,-5.74,-5.69,-5.65,-5.60,-5.56,-5.52,-5.47,-5.43,-5.39,-5.34,-5.30,-5.26,-5.22,-5.18,-5.14,-5.09,-5.05,-5.01,-4.98,-4.94,-4.90,-4.86,-4.82,-4.78,-4.75,-4.71,-4.68,-4.64,-4.61,-4.57,-4.54,-4.50,-4.47,-4.44,-4.40,-4.37,-4.34,-4.31,-4.28,-4.25,-4.22,-4.19,-4.16,-4.14,-4.11,-4.08,-4.05,-4.03,-4.00,-3.98,-3.95,-3.93,-3.90,-3.88,-3.86,-3.84,-3.81,-3.79,-3.77,-3.75,-3.73,-3.71,-3.69,-3.67,-3.66,-3.64,-3.62,-3.60,-3.59,-3.57,-3.56,-3.54,-3.53,-3.51,-3.50,-3.48,-3.47,-3.46,-3.44,-3.43,-3.42,-3.41,-3.40,-3.39,-3.38,-3.37,-3.36,-3.35,-3.34,-3.33,-3.32,-3.32,-3.31,-3.30,-3.30,-3.29,-3.28,-3.28,-3.27,-3.27,-3.26,-3.26,-3.25,-3.25,-3.25,-3.24,-3.24,-3.24,-3.23,-3.23,-3.23,-3.23,-3.23,-3.23,-3.23,-3.23,-3.23,-3.23,-3.23,-3.23,-3.23,-3.23,-3.23,-3.23,-3.23,-3.24,-3.24,-3.24,-3.25,-3.25,-3.25,-3.26,-3.26,-3.27,-3.27,-3.28,-3.28,-3.29,-3.30,-3.30,-3.31,-3.32,-3.32,-3.33,-3.34,-3.35,-3.36,-3.37,-3.38,-3.39,-3.40,-3.41,-3.42,-3.43,-3.44,-3.46,-3.47,-3.48,-3.50,-3.51,-3.53,-3.54,-3.56,-3.57,-3.59,-3.60,-3.62,-3.64,-3.66,-3.67,-3.69,-3.71,-3.73,-3.75,-3.77,-3.79,-3.81,-3.84,-3.86,-3.88,-3.90,-3.93,-3.95,-3.98,-4.00,-4.03,-4.05,-4.08,-4.11,-4.14,-4.16,-4.19,-4.22,-4.25,-4.28,-4.31,-4.34,-4.37,-4.40,-4.44,-4.47,-4.50,-4.54,-4.57,-4.61,-4.64,-4.68,-4.71,-4.75,-4.78,-4.82,-4.86,-4.90,-4.94,-4.98,-5.01,-5.05,-5.09,-5.14,-5.18,-5.22,-5.26,-5.30,-5.34,-5.39,-5.43,-5.47,-5.52,-5.56,-5.60,-5.65,-5.69,-5.74,-5.78,-5.83,-5.87,-5.92,-5.96,-6.01,-6.05,-6.10,-6.15,-6.19,-6.24,-6.28,-6.33,-6.37,-6.42,-6.47,-6.51,-6.56,-6.60,-6.64,-6.69,-6.73,-6.78,-6.82,-6.86,-6.90,-6.95,-6.99,-7.03,-7.07,-7.11,-7.15,-7.19,-7.22,-7.26,-7.30,-7.33,-7.36,-7.40,-7.43,-7.46,-7.49,-7.52,-7.55,-7.57,-7.60,-7.63,-7.65,-7.67,-7.69,-7.71,-7.73,-7.75,-7.76,-7.77,-7.79,-7.80,-7.81,-7.82,-7.82,-7.83,-7.83,-7.83,-7.83
45,-7.75,-7.75,-7.75,-7.74,-7.74,-7.73,-7.72,-7.71,-7.70,-7.69,-7.68,-7.66,-7.65,-7.63,-7.61,-7.59,-7.57,-7.54,-7.52,-7.49,-7.47,-7.44,-7.41,-7.38,-7.35,-7.32,-7.28,-7.25,-7.22,-7.18,-7.14,-7.11,-7.07,-7.03,-6.99,-6.95,-6.91,-6.87,-6.83,-6.79,-6.74,-6.70,-6.66,-6.61,-6.57,-6.52,-6.48,-6.44,-6.39,-6.35,-6.30,-6.25,-6.21,-6.16,-6.12,-6.07,-6.03,-5.98,-5.94,-5.89,-5.84,-5.80,-5.75,-5.71,-5.67,-5.62,-5.58,-5.53,-5.49,-5.44,-5.40,-5.36,-5.32,-5.27,-5.23,-5.19,-5.15,-5.11,-5.07,-5.03,-4.99,-4.95,-4.91,-4.87,-4.83,-4.79,-4.75,-4.72,-4.68,-4.64,-4.61,-4.57,-4.54,-4.50,-4.47,-4.44,-4.40,-4.37,-4.34,-4.31,-4.28,-4.25,-4.22,-4.19,-4.16,-4.13,-4.10,-4.07,-4.04,-4.02,-3.99,-3.96,-3.94,-3.91,-3.89,-3.87,-3.84,-3.82,-3.80,-3.77,-3.75,-3.73,-3.71,-3.69,-3.67,-3.65,-3.63,-3.61,-3.60,-3.58,-3.56,-3.54,-3.53,-3.51,-3.50,-3.48,-3.47,-3.45,-3.44,-3.42,-3.41,-3.40,-3.39,-3.37,-3.36,-3.35,-3.34,-3.33,-3.32,-3.31,-3.30,-3.29,-3.28,-3.28,-3.27,-3.26,-3.25,-3.25,-3.24,-3.23,-3.23,-3.22,-3.22,-3.21,-3.21,-3.20,-3.20,-3.19,-3.19,-3.19,-3.18,-3.18,-3.18,-3.18,-3.17,-3.17,-3.17,-3.17,-3.17,-3.17,-3.17,-3.17,-3.17,-3.17,-3.17,-3.17,-3.17,-3.18,-3.18,-3.18,-3.18,-3.19,-3.19,-3.19,-3.20,-3.20,-3.21,-3.21,-3.22,-3.22,-3.23,-3.23,-3.24,-3.25,-3.25,-3.26,-3.27,-3.28,-3.28,-3.29,-3.30,-3.31,-3.32,-3.33,-3.34,-3.35,-3.36,-3.37,-3.39,-3.40,-3.41,-3.42,-3.44,-3.45,-3.47,-3.48,-3.50,-3.51,-3.53,-3.54,-3.56,-3.58,-3.60,-3.61,-3.63,-3.65,-3.67,-3.69,-3.71,-3.73,-3.75,-3.77,-3.80,-3.82,-3.84,-3.87,-3.89,-3.91,-3.94,-3.96,-3.99,-4.02,-4.04,-4.07,-4.10,-4.13,-4.16,-4.19,-4.22,-4.25,-4.28,-4.31,-4.34,-4.37,-4.40,-4.44,-4.47,-4.50,-4.54,-4.57,-4.61,-4.64,-4.68,-4.72,-4.75,-4.79,-4.83,-4.87,-4.91,-4.95,-4.99,-5.03,-5.07,-5.11,-5.15,-5.19,-5.23,-5.27,-5.32,-5.36,-5.40,-5.44,-5.49,-5.53,-5.58,-5.62,-5.67,-5.71,-5.75,-5.80,-5.84,-5.89,-5.94,-5.98,-6.03,-6.07,-6.12,-6.16,-6.21,-6.25,-6.30,-6.35,-6.39,-6.44,-6.48,-6.52,-6.57,-6.61,-6.66,-6.70,-6.74,-6.79,-6.83,-6.87,-6.91,-6.95,-6.99,-7.03,-7.07,-7.11,-7.14,-7.18,-7.22,-7.25,-7.28,-7.32,-7.35,-7.38,-7.41,-7.44,-7.47,-7.49,-7.52,-7.54,-7.57,-7.59,-7.61,-7.63,-7.65,-7.66,-7.68,-7.69,-7.70,-7.71,-7.72,-7.73,-7.74,-7.74,-7.75,-7.75,-7.75
46,-7.67,-7.67,-7.67,-7.66,-7.66,-7.65,-7.64,-7.63,-7.62,-7.61,-7.60,-7.58,-7.57,-7.55,-7.53,-7.51,-7.49,-7.46,-7.44,-7.41,-7.39,-7.36,-7.33,-7.30,-7.27,-7.24,-7.21,-7.17,-7.14,-7.10,-7.07,-7.03,-6.99,-6.95,-6.92,-6.88,-6.84,-6.79,-6.75,-6.71,-6.67,-6.63,-6.58,-6.54,-6.50,-6.45,-6.41,-6.36,-6.32,-6.27,-6.23,-6.18,-6.14,-6.09,-6.05,-6.00,-5.96,-5.91,-5.87,-5.82,-5.78,-5.73,-5.69,-5.64,-5.60,-5.55,-5.51,-5.46,-5.42,-5.38,-5.33,-5.29,-5.25,-5.21,-5.17,-5.12,-5.08,-5.04,-5.00,-4.96,-4.92,-4.88,-4.84,-4.80,-4.77,-4.73,-4.69,-4.65,-4.62,-4.58,-4.55,-4.51,-4.48,-4.44,-4.41,-4.37,-4.34,-4.31,-4.28,-4.25,-4.22,-4.18,-4.15,-4.12,-4.10,-4.07,-4.04,-4.01,-3.98,-3.96,-3.93,-3.91,-3.88,-3.86,-3.83,-3.81,-3.78,-3.76,-3.74,-3.72,-3.69,-3.67,-3.65,-3.63,-3.61,-3.59,-3.57,-3.56,-3.54,-3.52,-3.50,-3.49,-3.47,-3.45,-3.44,-3.42,-3.41,-3.40,-3.38,-3.37,-3.36,-3.34,-3.33,-3.32,-3.31,-3.30,-3.29,-3.28,-3.27,-3.26,-3.25,-3.24,-3.23,-3.22,-3.21,-3.21,-3.20,-3.19,-3.19,-3.18,-3.17,-3.17,-3.16,-3.16,-3.15,-3.15,-3.14,-3.14,-3.14,-3.13,-3.13,-3.13,-3.13,-3.12,-3.12,-3.12,-3.12,-3.12,-3.12,-3.12,-3.12,-3.12,-3.12,-3.12,-3.12,-3.12,-3.12,-3.12,-3.13,-3.13,-3.13,-3.13,-3.14,-3.14,-3.14,-3.15,-3.15,-3.16,-3.16,-3.17,-3.17,-3.18,-3.19,-3.19,-3.20,-3.21,-3.21,-3.22,-3.23,-3.24,-3.25,-3.26,-3.27,-3.28,-3.29,-3.30,-3.31,-3.32,-3.33,-3.34,-3.36,-3.37,-3.38,-3.40,-3.41,-3.42,-3.44,-3.45,-3.47,-3.49,-3.50,-3.52,-3.54,-3.56,-3.57,-3.59,-3.61,-3.63,-3.65,-3.67,-3.69,-3.72,-3.74,-3.76,-3.78,-3.81,-3.83,-3.86,-3.88,-3.91,-3.93,-3.96,-3.98,-4.01,-4.04,-4.07,-4.10,-4.12,-4.15,-4.18,-4.22,-4.25,-4.28,-4.31,-4.34,-4.37,-4.41,-4.44,-4.48,-4.51,-4.55,-4.58,-4.62,-4.65,-4.69,-4.73,-4.77,-4.80,-4.84,-4.88,-4.92,-4.96,-5.00,-5.04,-5.08,-5.12,-5.17,-5.21,-5.25,-5.29,-5.33,-5.38,-5.42,-5.46,-5.51,-5.55,-5.60,-5.64,-5.69,-5.73,-5.78,-5.82,-5.87,-5.91,-5.96,-6.00,-6.05,-6.09,-6.14,-6.18,-6.23,-6.27,-6.32,-6.36,-6.41,-6.45,-6.50,-6.54,-6.58,-6.63,-6.67,-6.71,-6.75,-6.79,-6.84,-6.88,-6.92,-6.95,-6.99,-7.03,-7.07,-7.10,-7.14,-7.17,-7.21,-7.24,-7.27,-7.30,-7.33,-7.36,-7.39,-7.41,-7.44,-7.46,-7.49,-7.51,-7.53,-7.55,-7.57,-7.58,-7.60,-7.61,-7.62,-7.63,-7.64,-7.65,-7.66,-7.66,-7.67,-7.67,-7.67
47,-7.59,-7.59,-7.59,-7.59,-7.58,-7.57,-7.57,-7.56,-7.55,-7.53,-7.52,-7.50,-7.49,-7.47,-7.45,-7.43,-7.41,-7.39,-7.36,-7.34,-7.31,-7.28,-7.26,-7.23,-7.20,-7.16,-7.13,-7.10,-7.06,-7.03,-6.99,-6.96,-6.92,-6.88,-6.84,-6.80,-6.76,-6.72,-6.68,-6.64,-6.60,-6.56,-6.51,-6.47,-6.43,-6.38,-6.34,-6.29,-6.25,-6.21,-6.16,-6.12,-6.07,-6.03,-5.98,-5.94,-5.89,-5.85,-5.80,-5.76,-5.71,-5.67,-5.62,-5.58,-5.53,-5.49,-5.44,-5.40,-5.36,-5.31,-5.27,-5.23,-5.19,-5.14,-5.10,-5.06,-5.02,-4.98,-4.94,-4.90,-4.86,-4.82,-4.78,-4.74,-4.71,-4.67,-4.63,-4.59,-4.56,-4.52,-4.49,-4.45,-4.42,-4.38,-4.35,-4.32,-4.28,-4.25,-4.22,-4.19,-4.16,-4.13,-4.10,-4.07,-4.04,-4.01,-3.98,-3.95,-3.93,-3.90,-3.88,-3.85,-3.82,-3.80,-3.78,-3.75,-3.73,-3.71,-3.68,-3.66,-3.64,-3.62,-3.60,-3.58,-3.56,-3.54,-3.52,-3.50,-3.48,-3.47,-3.45,-3.43,-3.42,-3.40,-3.39,-3.37,-3.36,-3.34,-3.33,-3.32,-3.30,-3.29,-3.28,-3.27,-3.26,-3.25,-3.24,-3.22,-3.22,-3.21,-3.20,-3.19,-3.18,-3.17,-3.16,-3.16,-3.15,-3.14,-3.14,-3.13,-3.12,-3.12,-3.11,-3.11,-3.10,-3.10,-3.10,-3.09,-3.09,-3.09,-3.08,-3.08,-3.08,-3.08,-3.07,-3.07,-3.07,-3.07,-3.07,-3.07,-3.07,-3.07,-3.07,-3.07,-3.07,-3.07,-3.07,-3.08,-3.08,-3.08,-3.08,-3.09,-3.09,-3.09,-3.10,-3.10,-3.10,-3.11,-3.11,-3.12,-3.12,-3.13,-3.14,-3.14,-3.15,-3.16,-3.16,-3.17,-3.18,-3.19,-3.20,-3.21,-3.22,-3.22,-3.24,-3.25,-3.26,-3.27,-3.28,-3.29,-3.30,-3.32,-3.33,-3.34,-3.36,-3.37,-3.39,-3.40,-3.42,-3.43,-3.45,-3.47,-3.48,-3.50,-3.52,-3.54,-3.56,-3.58,-3.60,-3.62,-3.64,-3.66,-3.68,-3.71,-3.73,-3.75,-3.78,-3.80,-3.82,-3.85,-3.88,-3.90,-3.93,-3.95,-3.98,-4.01,-4.04,-4.07,-4.10,-4.13,-4.16,-4.19,-4.22,-4.25,-4.28,-4.32,-4.35,-4.38,-4.42,-4.45,-4.49,-4.52,-4.56,-4.59,-4.63,-4.67,-4.71,-4.74,-4.78,-4.82,-4.86,-4.90,-4.94,-4.98,-5.02,-5.06,-5.10,-5.14,-5.19,-5.23,-5.27,-5.31,-5.36,-5.40,-5.44,-5.49,-5.53,-5.58,-5.62,-5.67,-5.71,-5.76,-5.80,-5.85,-5.89,-5.94,-5.98,-6.03,-6.07,-6.12,-6.16,-6.21,-6.25,-6.29,-6.34,-6.38,-6.43,-6.47,-6.51,-6.56,-6.60,-6.64,-6.68,-6.72,-6.76,-6.80,-6.84,-6.88,-6.92,-6.96,-6.99,-7.03,-7.06,-7.10,-7.13,-7.16,-7.20,-7.23,-7.26,-7.28,-7.31,-7.34,-7.36,-7.39,-7.41,-7.43,-7.45,-7.47,-7.49,-7.50,-7.52,-7.53,-7.55,-7.56,-7.57,-7.57,-7.58,-7.59,-7.59,-7.59,-7.59
48,-7.52,-7.52,-7.51,-7.51,-7.51,-7.50,-7.49,-7.48,-7.47,-7.46,-7.45,-7.43,-7.41,-7.40,-7.38,-7.36,-7.34,-7.31,-7.29,-7.27,-7.24,-7.21,-7.18,-7.15,-7.12,-7.09,-7.06,-7.03,-6.99,-6.96,-6.92,-6.89,-6.85,-6.81,-6.77,-6.74,-6.70,-6.66,-6.61,-6.57,-6.53,-6.49,-6.45,-6.40,-6.36,-6.32,-6.27,-6.23,-6.19,-6.14,-6.10,-6.05,-6.01,-5.96,-5.92,-5.87,-5.83,-5.78,-5.74,-5.69,-5.65,-5.60,-5.56,-5.52,-5.47,-5.43,-5.38,-5.34,-5.30,-5.26,-5.21,-5.17,-5.13,-5.09,-5.04,-5.00,-4.96,-4.92,-4.88,-4.84,-4.80,-4.76,-4.73,-4.69,-4.65,-4.61,-4.58,-4.54,-4.50,-4.47,-4.43,-4.40,-4.36,-4.33,-4.29,-4.26,-4.23,-4.20,-4.17,-4.13,-4.10,-4.07,-4.04,-4.01,-3.99,-3.96,-3.93,-3.90,-3.88,-3.85,-3.82,-3.80,-3.77,-3.75,-3.72,-3.70,-3.68,-3.65,-3.63,-3.61,-3.59,-3.57,-3.55,-3.53,-3.51,-3.49,-3.47,-3.45,-3.44,-3.42,-3.40,-3.39,-3.37,-3.35,-3.34,-3.32,-3.31,-3.30,-3.28,-3.27,-3.26,-3.24,-3.23,-3.22,-3.21,-3.20,-3.19,-3.18,-3.17,-3.16,-3.15,-3.14,-3.13,-3.13,-3.12,-3.11,-3.10,-3.10,-3.09,-3.08,-3.08,-3.07,-3.07,-3.06,-3.06,-3.05,-3.05,-3.05,-3.04,-3.04,-3.04,-3.03,-3.03,-3.03,-3.03,-3.03,-3.03,-3.03,-3.02,-3.02,-3.02,-3.02,-3.02,-3.03,-3.03,-3.03,-3.03,-3.03,-3.03,-3.03,-3.04,-3.04,-3.04,-3.05,-3.05,-3.05,-3.06,-3.06,-3.07,-3.07,-3.08,-3.08,-3.09,-3.10,-3.10,-3.11,-3.12,-3.13,-3.13,-3.14,-3.15,-3.16,-3.17,-3.18,-3.19,-3.20,-3.21,-3.22,-3.23,-3.24,-3.26,-3.27,-3.28,-3.30,-3.31,-3.32,-3.34,-3.35,-3.37,-3.39,-3.40,-3.42,-3.44,-3.45,-3.47,-3.49,-3.51,-3.53,-3.55,-3.57,-3.59,-3.61,-3.63,-3.65,-3.68,-3.70,-3.72,-3.75,-3.77,-3.80,-3.82,-3.85,-3.88,-3.90,-3.93,-3.96,-3.99,-4.01,-4.04,-4.07,-4.10,-4.13,-4.17,-4.20,-4.23,-4.26,-4.29,-4.33,-4.36,-4.40,-4.43,-4.47,-4.50,-4.54,-4.58,-4.61,-4.65,-4.69,-4.73,-4.76,-4.80,-4.84,-4.88,-4.92,-4.96,-5.00,-5.04,-5.09,-5.13,-5.17,-5.21,-5.26,-5.30,-5.34,-5.38,-5.43,-5.47,-5.52,-5.56,-5.60,-5.65,-5.69,-5.74,-5.78,-5.83,-5.87,-5.92,-5.96,-6.01,-6.05,-6.10,-6.14,-6.19,-6.23,-6.27,-6.32,-6.36,-6.40,-6.45,-6.49,-6.53,-6.57,-6.61,-6.66,-6.70,-6.74,-6.77,-6.81,-6.85,-6.89,-6.92,-6.96,-6.99,-7.03,-7.06,-7.09,-7.12,-7.15,-7.18,-7.21,-7.24,-7.27,-7.29,-7.31,-7.34,-7.36,-7.38,-7.40,-7.41,-7.43,-7.45,-7.46,-7.47,-7.48,-7.49,-7.50,-7.51,-7.51,-7.51,-7.52,-7.52
49,-7.45,-7.44,-7.44,-7.44,-7.43,-7.43,-7.42,-7.41,-7.40,-7.39,-7.37,-7.36,-7.34,-7.33,-7.31,-7.29,-7.27,-7.24,-7.22,-7.20,-7.17,-7.14,-7.12,-7.09,-7.06,-7.03,-6.99,-6.96,-6.93,-6.89,-6.86,-6.82,-6.78,-6.75,-6.71,-6.67,-6.63,-6.59,-6.55,-6.51,-6.47,-6.43,-6.38,-6.34,-6.30,-6.26,-6.21,-6.17,-6.12,-6.08,-6.04,-5.99,-5.95,-5.90,-5.86,-5.81,-5.77,-5.72,-5.68,-5.64,-5.59,-5.55,-5.50,-5.46,-5.42,-5.37,-5.33,-5.29,-5.24,-5.20,-5.16,-5.12,-5.07,-5.03,-4.99,-4.95,-4.91,-4.87,-4.83,-4.79,-4.75,-4.71,-4.67,-4.63,-4.60,-4.56,-4.52,-4.49,-4.45,-4.42,-4.38,-4.35,-4.31,-4.28,-4.24,-4.21,-4.18,-4.15,-4.12,-4.09,-4.05,-4.02,-3.99,-3.97,-3.94,-3.91,-3.88,-3.85,-3.83,-3.80,-3.78,-3.75,-3.73,-3.70,-3.68,-3.65,-3.63,-3.61,-3.59,-3.56,-3.54,-3.52,-3.50,-3.48,-3.46,-3.44,-3.43,-3.41,-3.39,-3.37,-3.36,-3.34,-3.32,-3.31,-3.29,-3.28,-3.27,-3.25,-3.24,-3.23,-3.21,-3.20,-3.19,-3.18,-3.17,-3.16,-3.15,-3.14,-3.13,-3.12,-3.11,-3.10,-3.09,-3.08,-3.08,-3.07,-3.06,-3.05,-3.05,-3.04,-3.04,-3.03,-3.03,-3.02,-3.02,-3.01,-3.01,-3.01,-3.00,-3.00,-3.00,-2.99,-2.99,-2.99,-2.99,-2.99,-2.99,-2.98,-2.98,-2.98,-2.98,-2.98,-2.98,-2.98,-2.99,-2.99,-2.99,-2.99,-2.99,-2.99,-3.00,-3.00,-3.00,-3.01,-3.01,-3.01,-3.02,-3.02,-3.03,-3.03,-3.04,-3.04,-3.05,-3.05,-3.06,-3.07,-3.08,-3.08,-3.09,-3.10,-3.11,-3.12,-3.13,-3.14,-3.15,-3.16,-3.17,-3.18,-3.19,-3.20,-3.21,-3.23,-3.24,-3.25,-3.27,-3.28,-3.29,-3.31,-3.32,-3.34,-3.36,-3.37,-3.39,-3.41,-3.43,-3.44,-3.46,-3.48,-3.50,-3.52,-3.54,-3.56,-3.59,-3.61,-3.63,-3.65,-3.68,-3.70,-3.73,-3.75,-3.78,-3.80,-3.83,-3.85,-3.88,-3.91,-3.94,-3.97,-3.99,-4.02,-4.05,-4.09,-4.12,-4.15,-4.18,-4.21,-4.24,-4.28,-4.31,-4.35,-4.38,-4.42,-4.45,-4.49,-4.52,-4.56,-4.60,-4.63,-4.67,-4.71,-4.75,-4.79,-4.83,-4.87,-4.91,-4.95,-4.99,-5.03,-5.07,-5.12,-5.16,-5.20,-5.24,-5.29,-5.33,-5.37,-5.42,-5.46,-5.50,-5.55,-5.59,-5.64,-5.68,-5.72,-5.77,-5.81,-5.86,-5.90,-5.95,-5.99,-6.04,-6.08,-6.12,-6.17,-6.21,-6.26,-6.30,-6.34,-6.38,-6.43,-6.47,-6.51,-6.55,-6.59,-6.63,-6.67,-6.71,-6.75,-6.78,-6.82,-6.86,-6.89,-6.93,-6.96,-6.99,-7.03,-7.06,-7.09,-7.12,-7.14,-7.17,-7.20,-7.22,-7.24,-7.27,-7.29,-7.31,-7.33,-7.34,-7.36,-7.37,-7.39,-7.40,-7.41,-7.42,-7.43,-7.43,-7.44,-7.44,-7.44,-7.45
50,-7.38,-7.38,-7.38,-7.37,-7.37,-7.36,-7.35,-7.34,-7.33,-7.32,-7.31,-7.29,-7.28,-7.26,-7.24,-7.22,-7.20,-7.18,-7.16,-7.13,-7.11,-7.08,-7.05,-7.02,-6.99,-6.96,-6.93,-6.90,-6.86,-6.83,-6.80,-6.76,-6.72,-6.69,-6.65,-6.61,-6.57,-6.53,-6.49,-6.45,-6.41,-6.37,-6.33,-6.28,-6.24,-6.20,-6.15,-6.11,-6.07,-6.02,-5.98,-5.94,-5.89,-5.85,-5.80,-5.76,-5.71,-5.67,-5.63,-5.58,-5.54,-5.49,-5.45,-5.41,-5.36,-5.32,-5.28,-5.23,-5.19,-5.15,-5.11,-5.06,-5.02,-4.98,-4.94,-4.90,-4.86,-4.82,-4.78,-4.74,-4.70,-4.66,-4.62,-4.59,-4.55,-4.51,-4.48,-4.44,-4.40,-4.37,-4.33,-4.30,-4.27,-4.23,-4.20,-4.17,-4.13,-4.10,-4.07,-4.04,-4.01,-3.98,-3.95,-3.92,-3.89,-3.86,-3.84,-3.81,-3.78,-3.76,-3.73,-3.71,-3.68,-3.66,-3.63,-3.61,-3.59,-3.57,-3.54,-3.52,-3.50,-3.48,-3.46,-3.44,-3.42,-3.40,-3.38,-3.37,-3.35,-3.33,-3.32,-3.30,-3.28,-3.27,-3.25,-3.24,-3.23,-3.21,-3.20,-3.19,-3.17,-3.16,-3.15,-3.14,-3.13,-3.12,-3.11,-3.10,-3.09,-3.08,-3.07,-3.06,-3.05,-3.05,-3.04,-3.03,-3.02,-3.02,-3.01,-3.01,-3.00,-2.99,-2.99,-2.99,-2.98,-2.98,-2.97,-2.97,-2.97,-2.96,-2.96,-2.96,-2.96,-2.95,-2.95,-2.95,-2.95,-2.95,-2.95,-2.95,-2.95,-2.95,-2.95,-2.95,-2.95,-2.95,-2.95,-2.95,-2.96,-2.96,-2.96,-2.96,-2.97,-2.97,-2.97,-2.98,-2.98,-2.99,-2.99,-2.99,-3.00,-3.01,-3.01,-3.02,-3.02,-3.03,-3.04,-3.05,-3.05,-3.06,-3.07,-3.08,-3.09,-3.10,-3.11,-3.12,-3.13,-3.14,-3.15,-3.16,-3.17,-3.19,-3.20,-3.21,-3.23,-3.24,-3.25,-3.27,-3.28,-3.30,-3.32,-3.33,-3.35,-3.37,-3.38,-3.40,-3.42,-3.44,-3.46,-3.48,-3.50,-3.52,-3.54,-3.57,-3.59,-3.61,-3.63,-3.66,-3.68,-3.71,-3.73,-3.76,-3.78,-3.81,-3.84,-3.86,-3.89,-3.92,-3.95,-3.98,-4.01,-4.04,-4.07,-4.10,-4.13,-4.17,-4.20,-4.23,-4.27,-4.30,-4.33,-4.37,-4.40,-4.44,-4.48,-4.51,-4.55,-4.59,-4.62,-4.66,-4.70,-4.74,-4.78,-4.82,-4.86,-4.90,-4.94,-4.98,-5.02,-5.06,-5.11,-5.15,-5.19,-5.23,-5.28,-5.32,-5.36,-5.41,-5.45,-5.49,-5.54,-5.58,-5.63,-5.67,-5.71,-5.76,-5.80,-5.85,-5.89,-5.94,-5.98,-6.02,-6.07,-6.11,-6.15,-6.20,-6.24,-6.28,-6.33,-6.37,-6.41,-6.45,-6.49,-6.53,-6.57,-6.61,-6.65,-6.69,-6.72,-6.76,-6.80,-6.83,-6.86,-6.90,-6.93,-6.96,-6.99,-7.02,-7.05,-7.08,-7.11,-7.13,-7.16,-7.18,-7.20,-7.22,-7.24,-7.26,-7.28,-7.29,-7.31,-7.32,-7.33,-7.34,-7.35,-7.36,-7.37,-7.37,-7.38,-7.38,-7.38
51,-7.31,-7.31,-7.31,-7.31,-7.30,-7.30,-7.29,-7.28,-7.27,-7.26,-7.25,-7.23,-7.21,-7.20,-7.18,-7.16,-7.14,-7.12,-7.09,-7.07,-7.04,-7.02,-6.99,-6.96,-6.93,-6.90,-6.87,-6.84,-6.81,-6.77,-6.74,-6.70,-6.67,-6.63,-6.59,-6.55,-6.51,-6.48,-6.44,-6.40,-6.35,-6.31,-6.27,-6.23,-6.19,-6.14,-6.10,-6.06,-6.02,-5.97,-5.93,-5.88,-5.84,-5.80,-5.75,-5.71,-5.66,-5.62,-5.58,-5.53,-5.49,-5.45,-5.40,-5.36,-5.32,-5.27,-5.23,-5.19,-5.14,-5.10,-5.06,-5.02,-4.98,-4.94,-4.89,-4.85,-4.81,-4.77,-4.73,-4.70,-4.66,-4.62,-4.58,-4.54,-4.51,-4.47,-4.43,-4.40,-4.36,-4.33,-4.29,-4.26,-4.22,-4.19,-4.16,-4.12,-4.09,-4.06,-4.03,-4.00,-3.97,-3.94,-3.91,-3.88,-3.85,-3.83,-3.80,-3.77,-3.74,-3.72,-3.69,-3.67,-3.64,-3.62,-3.60,-3.57,-3.55,-3.53,-3.51,-3.48,-3.46,-3.44,-3.42,-3.40,-3.38,-3.37,-3.35,-3.33,-3.31,-3.30,-3.28,-3.26,-3.25,-3.23,-3.22,-3.20,-3.19,-3.18,-3.16,-3.15,-3.14,-3.13,-3.12,-3.10,-3.09,-3.08,-3.07,-3.06,-3.05,-3.04,-3.04,-3.03,-3.02,-3.01,-3.00,-3.00,-2.99,-2.98,-2.98,-2.97,-2.97,-2.96,-2.96,-2.95,-2.95,-2.94,-2.94,-2.94,-2.93,-2.93,-2.93,-2.93,-2.92,-2.92,-2.92,-2.92,-2.92,-2.92,-2.92,-2.92,-2.92,-2.92,-2.92,-2.92,-2.92,-2.92,-2.92,-2.92,-2.92,-2.93,-2.93,-2.93,-2.93,-2.94,-2.94,-2.94,-2.95,-2.95,-2.96,-2.96,-2.97,-2.97,-2.98,-2.98,-2.99,-3.00,-3.00,-3.01,-3.02,-3.03,-3.04,-3.04,-3.05,-3.06,-3.07,-3.08,-3.09,-3.10,-3.12,-3.13,-3.14,-3.15,-3.16,-3.18,-3.19,-3.20,-3.22,-3.23,-3.25,-3.26,-3.28,-3.30,-3.31,-3.33,-3.35,-3.37,-3.38,-3.40,-3.42,-3.44,-3.46,-3.48,-3.51,-3.53,-3.55,-3.57,-3.60,-3.62,-3.64,-3.67,-3.69,-3.72,-3.74,-3.77,-3.80,-3.83,-3.85,-3.88,-3.91,-3.94,-3.97,-4.00,-4.03,-4.06,-4.09,-4.12,-4.16,-4.19,-4.22,-4.26,-4.29,-4.33,-4.36,-4.40,-4.43,-4.47,-4.51,-4.54,-4.58,-4.62,-4.66,-4.70,-4.73,-4.77,-4.81,-4.85,-4.89,-4.94,-4.98,-5.02,-5.06,-5.10,-5.14,-5.19,-5.23,-5.27,-5.32,-5.36,-5.40,-5.45,-5.49,-5.53,-5.58,-5.62,-5.66,-5.71,-5.75,-5.80,-5.84,-5.88,-5.93,-5.97,-6.02,-6.06,-6.10,-6.14,-6.19,-6.23,-6.27,-6.31,-6.35,-6.40,-6.44,-6.48,-6.51,-6.55,-6.59,-6.63,-6.67,-6.70,-6.74,-6.77,-6.81,-6.84,-6.87,-6.90,-6.93,-6.96,-6.99,-7.02,-7.04,-7.07,-7.09,-7.12,-7.14,-7.16,-7.18,-7.20,-7.21,-7.23,-7.25,-7.26,-7.27,-7.28,-7.29,-7.30,-7.30,-7.31,-7.31,-7.31,-7.31
52,-7.26,-7.25,-7.25,-7.25,-7.24,-7.24,-7.23,-7.22,-7.21,-7.20,-7.19,-7.17,-7.16,-7.14,-7.12,-7.10,-7.08,-7.06,-7.04,-7.01,-6.99,-6.96,-6.94,-6.91,-6.88,-6.85,-6.82,-6.78,-6.75,-6.72,-6.68,-6.65,-6.61,-6.58,-6.54,-6.50,-6.46,-6.42,-6.38,-6.34,-6.30,-6.26,-6.22,-6.18,-6.14,-6.10,-6.05,-6.01,-5.97,-5.92,-5.88,-5.84,-5.79,-5.75,-5.71,-5.66,-5.62,-5.58,-5.53,-5.49,-5.44,-5.40,-5.36,-5.31,-5.27,-5.23,-5.19,-5.14,-5.10,-5.06,-5.02,-4.98,-4.94,-4.89,-4.85,-4.81,-4.77,-4.73,-4.69,-4.66,-4.62,-4.58,-4.54,-4.50,-4.47,-4.43,-4.39,-4.36,-4.32,-4.29,-4.25,-4.22,-4.19,-4.15,-4.12,-4.09,-4.06,-4.02,-3.99,-3.96,-3.93,-3.90,-3.87,-3.85,-3.82,-3.79,-3.76,-3.74,-3.71,-3.68,-3.66,-3.63,-3.61,-3.59,-3.56,-3.54,-3.52,-3.49,-3.47,-3.45,-3.43,-3.41,-3.39,-3.37,-3.35,-3.33,-3.32,-3.30,-3.28,-3.26,-3.25,-3.23,-3.22,-3.20,-3.19,-3.17,-3.16,-3.15,-3.13,-3.12,-3.11,-3.10,-3.09,-3.07,-3.06,-3.05,-3.04,-3.03,-3.02,-3.02,-3.01,-3.00,-2.99,-2.98,-2.98,-2.97,-2.96,-2.96,-2.95,-2.94,-2.94,-2.93,-2.93,-2.92,-2.92,-2.92,-2.91,-2.91,-2.91,-2.90,-2.90,-2.90,-2.90,-2.89,-2.89,-2.89,-2.89,-2.89,-2.89,-2.89,-2.89,-2.89,-2.89,-2.89,-2.89,-2.89,-2.89,-2.89,-2.90,-2.90,-2.90,-2.90,-2.91,-2.91,-2.91,-2.92,-2.92,-2.92,-2.93,-2.93,-2.94,-2.94,-2.95,-2.96,-2.96,-2.97,-2.98,-2.98,-2.99,-3.00,-3.01,-3.02,-3.02,-3.03,-3.04,-3.05,-3.06,-3.07,-3.09,-3.10,-3.11,-3.12,-3.13,-3.15,-3.16,-3.17,-3.19,-3.20,-3.22,-3.23,-3.25,-3.26,-3.28,-3.30,-3.32,-3.33,-3.35,-3.37,-3.39,-3.41,-3.43,-3.45,-3.47,-3.49,-3.52,-3.54,-3.56,-3.59,-3.61,-3.63,-3.66,-3.68,-3.71,-3.74,-3.76,-3.79,-3.82,-3.85,-3.87,-3.90,-3.93,-3.96,-3.99,-4.02,-4.06,-4.09,-4.12,-4.15,-4.19,-4.22,-4.25,-4.29,-4.32,-4.36,-4.39,-4.43,-4.47,-4.50,-4.54,-4.58,-4.62,-4.66,-4.69,-4.73,-4.77,-4.81,-4.85,-4.89,-4.94,-4.98,-5.02,-5.06,-5.10,-5.14,-5.19,-5.23,-5.27,-5.31,-5.36,-5.40,-5.44,-5.49,-5.53,-5.58,-5.62,-5.66,-5.71,-5.75,-5.79,-5.84,-5.88,-5.92,-5.97,-6.01,-6.05,-6.10,-6.14,-6.18,-6.22,-6.26,-6.30,-6.34,-6.38,-6.42,-6.46,-6.50,-6.54,-6.58,-6.61,-6.65,-6.68,-6.72,-6.75,-6.78,-6.82,-6.85,-6.88,-6.91,-6.94,-6.96,-6.99,-7.01,-7.04,-7.06,-7.08,-7.10,-7.12,-7.14,-7.16,-7.17,-7.19,-7.20,-7.21,-7.22,-7.23,-7.24,-7.24,-7.25,-7.25,-7.25,-7.26
53,-7.20,-7.20,-7.20,-7.19,-7.19,-7.18,-7.18,-7.17,-7.16,-7.15,-7.13,-7.12,-7.10,-7.09,-7.07,-7.05,-7.03,-7.01,-6.99,-6.96,-6.94,-6.91,-6.88,-6.86,-6.83,-6.80,-6.77,-6.74,-6.70,-6.67,-6.64,-6.60,-6.56,-6.53,-6.49,-6.45,-6.42,-6.38,-6.34,-6.30,-6.26,-6.22,-6.18,-6.14,-6.09,-6.05,-6.01,-5.97,-5.92,-5.88,-5.84,-5.80,-5.75,-5.71,-5.67,-5.62,-5.58,-5.54,-5.49,-5.45,-5.41,-5.36,-5.32,-5.28,-5.23,-5.19,-5.15,-5.11,-5.06,-5.02,-4.98,-4.94,-4.90,-4.86,-4.82,-4.78,-4.74,-4.70,-4.66,-4.62,-4.58,-4.54,-4.51,-4.47,-4.43,-4.40,-4.36,-4.33,-4.29,-4.26,-4.22,-4.19,-4.15,-4.12,-4.09,-4.06,-4.02,-3.99,-3.96,-3.93,-3.90,-3.87,-3.84,-3.82,-3.79,-3.76,-3.73,-3.71,-3.68,-3.65,-3.63,-3.60,-3.58,-3.56,-3.53,-3.51,-3.49,-3.47,-3.44,-3.42,-3.40,-3.38,-3.36,-3.34,-3.33,-3.31,-3.29,-3.27,-3.25,-3.24,-3.22,-3.21,-3.19,-3.18,-3.16,-3.15,-3.13,-3.12,-3.11,-3.10,-3.08,-3.07,-3.06,-3.05,-3.04,-3.03,-3.02,-3.01,-3.00,-2.99,-2.98,-2.97,-2.97,-2.96,-2.95,-2.95,-2.94,-2.93,-2.93,-2.92,-2.92,-2.91,-2.91,-2.90,-2.90,-2.89,-2.89,-2.89,-2.88,-2.88,-2.88,-2.88,-2.87,-2.87,-2.87,-2.87,-2.87,-2.87,-2.87,-2.87,-2.87,-2.87,-2.87,-2.87,-2.87,-2.87,-2.87,-2.87,-2.87,-2.88,-2.88,-2.88,-2.88,-2.89,-2.89,-2.89,-2.90,-2.90,-2.91,-2.91,-2.92,-2.92,-2.93,-2.93,-2.94,-2.95,-2.95,-2.96,-2.97,-2.97,-2.98,-2.99,-3.00,-3.01,-3.02,-3.03,-3.04,-3.05,-3.06,-3.07,-3.08,-3.10,-3.11,-3.12,-3.13,-3.15,-3.16,-3.18,-3.19,-3.21,-3.22,-3.24,-3.25,-3.27,-3.29,-3.31,-3.33,-3.34,-3.36,-3.38,-3.40,-3.42,-3.44,-3.47,-3.49,-3.51,-3.53,-3.56,-3.58,-3.60,-3.63,-3.65,-3.68,-3.71,-3.73,-3.76,-3.79,-3.82,-3.84,-3.87,-3.90,-3.93,-3.96,-3.99,-4.02,-4.06,-4.09,-4.12,-4.15,-4.19,-4.22,-4.26,-4.29,-4.33,-4.36,-4.40,-4.43,-4.47,-4.51,-4.54,-4.58,-4.62,-4.66,-4.70,-4.74,-4.78,-4.82,-4.86,-4.90,-4.94,-4.98,-5.02,-5.06,-5.11,-5.15,-5.19,-5.23,-5.28,-5.32,-5.36,-5.41,-5.45,-5.49,-5.54,-5.58,-5.62,-5.67,-5.71,-5.75,-5.80,-5.84,-5.88,-5.92,-5.97,-6.01,-6.05,-6.09,-6.14,-6.18,-6.22,-6.26,-6.30,-6.34,-6.38,-6.42,-6.45,-6.49,-6.53,-6.56,-6.60,-6.64,-6.67,-6.70,-6.74,-6.77,-6.80,-6.83,-6.86,-6.88,-6.91,-6.94,-6.96,-6.99,-7.01,-7.03,-7.05,-7.07,-7.09,-7.10,-7.12,-7.13,-7.15,-7.16,-7.17,-7.18,-7.18,-7.19,-7.19,-7.20,-7.20,-7.20
54,-7.15,-7.15,-7.15,-7.15,-7.14,-7.13,-7.13,-7.12,-7.11,-7.10,-7.08,-7.07,-7.06,-7.04,-7.02,-7.00,-6.98,-6.96,-6.94,-6.91,-6.89,-6.86,-6.84,-6.81,-6.78,-6.75,-6.72,-6.69,-6.66,-6.63,-6.59,-6.56,-6.52,-6.49,-6.45,-6.41,-6.37,-6.34,-6.30,-6.26,-6.22,-6.18,-6.14,-6.10,-6.05,-6.01,-5.97,-5.93,-5.89,-5.84,-5.80,-5.76,-5.72,-5.67,-5.63,-5.59,-5.54,-5.50,-5.46,-5.41,-5.37,-5.33,-5.29,-5.24,-5.20,-5.16,-5.12,-5.07,-5.03,-4.99,-4.95,-4.91,-4.87,-4.83,-4.79,-4.75,-4.71,-4.67,-4.63,-4.59,-4.55,-4.52,-4.48,-4.44,-4.40,-4.37,-4.33,-4.30,-4.26,-4.23,-4.19,-4.16,-4.13,-4.09,-4.06,-4.03,-4.00,-3.97,-3.94,-3.91,-3.88,-3.85,-3.82,-3.79,-3.76,-3.73,-3.71,-3.68,-3.66,-3.63,-3.61,-3.58,-3.56,-3.53,-3.51,-3.49,-3.46,-3.44,-3.42,-3.40,-3.38,-3.36,-3.34,-3.32,-3.30,-3.28,-3.27,-3.25,-3.23,-3.22,-3.20,-3.18,-3.17,-3.15,-3.14,-3.13,-3.11,-3.10,-3.09,-3.07,-3.06,-3.05,-3.04,-3.03,-3.02,-3.01,-3.00,-2.99,-2.98,-2.97,-2.96,-2.96,-2.95,-2.94,-2.93,-2.93,-2.92,-2.91,-2.91,-2.90,-2.90,-2.89,-2.89,-2.88,-2.88,-2.87,-2.87,-2.87,-2.86,-2.86,-2.86,-2.86,-2.86,-2.85,-2.85,-2.85,-2.85,-2.85,-2.85,-2.85,-2.85,-2.85,-2.85,-2.85,-2.85,-2.85,-2.85,-2.85,-2.86,-2.86,-2.86,-2.86,-2.86,-2.87,-2.87,-2.87,-2.88,-2.88,-2.89,-2.89,-2.90,-2.90,-2.91,-2.91,-2.92,-2.93,-2.93,-2.94,-2.95,-2.96,-2.96,-2.97,-2.98,-2.99,-3.00,-3.01,-3.02,-3.03,-3.04,-3.05,-3.06,-3.07,-3.09,-3.10,-3.11,-3.13,-3.14,-3.15,-3.17,-3.18,-3.20,-3.22,-3.23,-3.25,-3.27,-3.28,-3.30,-3.32,-3.34,-3.36,-3.38,-3.40,-3.42,-3.44,-3.46,-3.49,-3.51,-3.53,-3.56,-3.58,-3.61,-3.63,-3.66,-3.68,-3.71,-3.73,-3.76,-3.79,-3.82,-3.85,-3.88,-3.91,-3.94,-3.97,-4.00,-4.03,-4.06,-4.09,-4.13,-4.16,-4.19,-4.23,-4.26,-4.30,-4.33,-4.37,-4.40,-4.44,-4.48,-4.52,-4.55,-4.59,-4.63,-4.67,-4.71,-4.75,-4.79,-4.83,-4.87,-4.91,-4.95,-4.99,-5.03,-5.07,-5.12,-5.16,-5.20,-5.24,-5.29,-5.33,-5.37,-5.41,-5.46,-5.50,-5.54,-5.59,-5.63,-5.67,-5.72,-5.76,-5.80,-5.84,-5.89,-5.93,-5.97,-6.01,-6.05,-6.10,-6.14,-6.18,-6.22,-6.26,-6.30,-6.34,-6.37,-6.41,-6.45,-6.49,-6.52,-6.56,-6.59,-6.63,-6.66,-6.69,-6.72,-6.75,-6.78,-6.81,-6.84,-6.86,-6.89,-6.91,-6.94,-6.96,-6.98,-7.00,-7.02,-7.04,-7.06,-7.07,-7.08,-7.10,-7.11,-7.12,-7.13,-7.13,-7.14,-7.15,-7.15,-7.15,-7.15
55,-7.11,-7.11,-7.11,-7.10,-7.10,-7.09,-7.08,-7.07,-7.06,-7.05,-7.04,-7.03,-7.01,-7.00,-6.98,-6.96,-6.94,-6.92,-6.90,-6.87,-6.85,-6.82,-6.80,-6.77,-6.74,-6.71,-6.68,-6.65,-6.62,-6.59,-6.55,-6.52,-6.48,-6.45,-6.41,-6.38,-6.34,-6.30,-6.26,-6.22,-6.18,-6.14,-6.10,-6.06,-6.02,-5.98,-5.94,-5.90,-5.85,-5.81,-5.77,-5.73,-5.68,-5.64,-5.60,-5.56,-5.51,-5.47,-5.43,-5.38,-5.34,-5.30,-5.26,-5.21,-5.17,-5.13,-5.09,-5.05,-5.01,-4.96,-4.92,-4.88,-4.84,-4.80,-4.76,-4.72,-4.68,-4.64,-4.61,-4.57,-4.53,-4.49,-4.45,-4.42,-4.38,-4.35,-4.31,-4.27,-4.24,-4.21,-4.17,-4.14,-4.10,-4.07,-4.04,-4.01,-3.98,-3.95,-3.92,-3.89,-3.86,-3.83,-3.80,-3.77,-3.74,-3.72,-3.69,-3.66,-3.64,-3.61,-3.59,-3.56,-3.54,-3.51,-3.49,-3.47,-3.45,-3.42,-3.40,-3.38,-3.36,-3.34,-3.32,-3.30,-3.29,-3.27,-3.25,-3.23,-3.22,-3.20,-3.18,-3.17,-3.15,-3.14,-3.12,-3.11,-3.10,-3.08,-3.07,-3.06,-3.05,-3.04,-3.02,-3.01,-3.00,-2.99,-2.98,-2.97,-2.97,-2.96,-2.95,-2.94,-2.93,-2.93,-2.92,-2.91,-2.91,-2.90,-2.89,-2.89,-2.88,-2.88,-2.87,-2.87,-2.87,-2.86,-2.86,-2.85,-2.85,-2.85,-2.85,-2.84,-2.84,-2.84,-2.84,-2.84,-2.84,-2.84,-2.84,-2.83,-2.83,-2.83,-2.84,-2.84,-2.84,-2.84,-2.84,-2.84,-2.84,-2.84,-2.85,-2.85,-2.85,-2.85,-2.86,-2.86,-2.87,-2.87,-2.87,-2.88,-2.88,-2.89,-2.89,-2.90,-2.91,-2.91,-2.92,-2.93,-2.93,-2.94,-2.95,-2.96,-2.97,-2.97,-2.98,-2.99,-3.00,-3.01,-3.02,-3.04,-3.05,-3.06,-3.07,-3.08,-3.10,-3.11,-3.12,-3.14,-3.15,-3.17,-3.18,-3.20,-3.22,-3.23,-3.25,-3.27,-3.29,-3.30,-3.32,-3.34,-3.36,-3.38,-3.40,-3.42,-3.45,-3.47,-3.49,-3.51,-3.54,-3.56,-3.59,-3.61,-3.64,-3.66,-3.69,-3.72,-3.74,-3.77,-3.80,-3.83,-3.86,-3.89,-3.92,-3.95,-3.98,-4.01,-4.04,-4.07,-4.10,-4.14,-4.17,-4.21,-4.24,-4.27,-4.31,-4.35,-4.38,-4.42,-4.45,-4.49,-4.53,-4.57,-4.61,-4.64,-4.68,-4.72,-4.76,-4.80,-4.84,-4.88,-4.92,-4.96,-5.01,-5.05,-5.09,-5.13,-5.17,-5.21,-5.26,-5.30,-5.34,-5.38,-5.43,-5.47,-5.51,-5.56,-5.60,-5.64,-5.68,-5.73,-5.77,-5.81,-5.85,-5.90,-5.94,-5.98,-6.02,-6.06,-6.10,-6.14,-6.18,-6.22,-6.26,-6.30,-6.34,-6.38,-6.41,-6.45,-6.48,-6.52,-6.55,-6.59,-6.62,-6.65,-6.68,-6.71,-6.74,-6.77,-6.80,-6.82,-6.85,-6.87,-6.90,-6.92,-6.94,-6.96,-6.98,-7.00,-7.01,-7.03,-7.04,-7.05,-7.06,-7.07,-7.08,-7.09,-7.10,-7.10,-7.11,-7.11,-7.11
56,-7.07,-7.07,-7.07,-7.06,-7.06,-7.05,-7.05,-7.04,-7.03,-7.02,-7.00,-6.99,-6.97,-6.96,-6.94,-6.92,-6.90,-6.88,-6.86,-6.84,-6.81,-6.79,-6.76,-6.74,-6.71,-6.68,-6.65,-6.62,-6.59,-6.55,-6.52,-6.49,-6.45,-6.42,-6.38,-6.34,-6.31,-6.27,-6.23,-6.19,-6.15,-6.11,-6.07,-6.03,-5.99,-5.95,-5.91,-5.87,-5.83,-5.79,-5.74,-5.70,-5.66,-5.62,-5.57,-5.53,-5.49,-5.45,-5.40,-5.36,-5.32,-5.28,-5.23,-5.19,-5.15,-5.11,-5.07,-5.03,-4.98,-4.94,-4.90,-4.86,-4.82,-4.78,-4.74,-4.70,-4.66,-4.63,-4.59,-4.55,-4.51,-4.47,-4.44,-4.40,-4.36,-4.33,-4.29,-4.26,-4.22,-4.19,-4.16,-4.12,-4.09,-4.06,-4.02,-3.99,-3.96,-3.93,-3.90,-3.87,-3.84,-3.81,-3.78,-3.76,-3.73,-3.70,-3.67,-3.65,-3.62,-3.60,-3.57,-3.55,-3.52,-3.50,-3.48,-3.46,-3.43,-3.41,-3.39,-3.37,-3.35,-3.33,-3.31,-3.29,-3.27,-3.26,-3.24,-3.22,-3.20,-3.19,-3.17,-3.16,-3.14,-3.13,-3.11,-3.10,-3.09,-3.07,-3.06,-3.05,-3.04,-3.03,-3.02,-3.00,-2.99,-2.98,-2.97,-2.97,-2.96,-2.95,-2.94,-2.93,-2.92,-2.92,-2.91,-2.90,-2.90,-2.89,-2.89,-2.88,-2.88,-2.87,-2.87,-2.86,-2.86,-2.85,-2.85,-2.85,-2.84,-2.84,-2.84,-2.84,-2.83,-2.83,-2.83,-2.83,-2.83,-2.83,-2.83,-2.83,-2.83,-2.83,-2.83,-2.83,-2.83,-2.83,-2.83,-2.83,-2.83,-2.84,-2.84,-2.84,-2.84,-2.85,-2.85,-2.85,-2.86,-2.86,-2.87,-2.87,-2.88,-2.88,-2.89,-2.89,-2.90,-2.90,-2.91,-2.92,-2.92,-2.93,-2.94,-2.95,-2.96,-2.97,-2.97,-2.98,-2.99,-3.00,-3.02,-3.03,-3.04,-3.05,-3.06,-3.07,-3.09,-3.10,-3.11,-3.13,-3.14,-3.16,-3.17,-3.19,-3.20,-3.22,-3.24,-3.26,-3.27,-3.29,-3.31,-3.33,-3.35,-3.37,-3.39,-3.41,-3.43,-3.46,-3.48,-3.50,-3.52,-3.55,-3.57,-3.60,-3.62,-3.65,-3.67,-3.70,-3.73,-3.76,-3.78,-3.81,-3.84,-3.87,-3.90,-3.93,-3.96,-3.99,-4.02,-4.06,-4.09,-4.12,-4.16,-4.19,-4.22,-4.26,-4.29,-4.33,-4.36,-4.40,-4.44,-4.47,-4.51,-4.55,-4.59,-4.63,-4.66,-4.70,-4.74,-4.78,-4.82,-4.86,-4.90,-4.94,-4.98,-5.03,-5.07,-5.11,-5.15,-5.19,-5.23,-5.28,-5.32,-5.36,-5.40,-5.45,-5.49,-5.53,-5.57,-5.62,-5.66,-5.70,-5.74,-5.79,-5.83,-5.87,-5.91,-5.95,-5.99,-6.03,-6.07,-6.11,-6.15,-6.19,-6.23,-6.27,-6.31,-6.34,-6.38,-6.42,-6.45,-6.49,-6.52,-6.55,-6.59,-6.62,-6.65,-6.68,-6.71,-6.74,-6.76,-6.79,-6.81,-6.84,-6.86,-6.88,-6.90,-6.92,-6.94,-6.96,-6.97,-6.99,-7.00,-7.02,-7.03,-7.04,-7.05,-7.05,-7.06,-7.06,-7.07,-7.07,-7.07
57,-7.04,-7.04,-7.03,-7.03,-7.03,-7.02,-7.01,-7.01,-7.00,-6.98,-6.97,-6.96,-6.94,-6.93,-6.91,-6.89,-6.87,-6.85,-6.83,-6.81,-6.78,-6.76,-6.73,-6.71,-6.68,-6.65,-6.62,-6.59,-6.56,-6.53,-6.49,-6.46,-6.43,-6.39,-6.36,-6.32,-6.28,-6.25,-6.21,-6.17,-6.13,-6.09,-6.05,-6.01,-5.97,-5.93,-5.89,-5.85,-5.81,-5.77,-5.72,-5.68,-5.64,-5.60,-5.56,-5.51,-5.47,-5.43,-5.39,-5.34,-5.30,-5.26,-5.22,-5.18,-5.13,-5.09,-5.05,-5.01,-4.97,-4.93,-4.89,-4.85,-4.81,-4.77,-4.73,-4.69,-4.65,-4.61,-4.57,-4.54,-4.50,-4.46,-4.42,-4.39,-4.35,-4.32,-4.28,-4.25,-4.21,-4.18,-4.14,-4.11,-4.08,-4.05,-4.01,-3.98,-3.95,-3.92,-3.89,-3.86,-3.83,-3.80,-3.78,-3.75,-3.72,-3.69,-3.67,-3.64,-3.62,-3.59,-3.57,-3.54,-3.52,-3.49,-3.47,-3.45,-3.43,-3.41,-3.38,-3.36,-3.34,-3.32,-3.31,-3.29,-3.27,-3.25,-3.23,-3.22,-3.20,-3.18,-3.17,-3.15,-3.14,-3.12,-3.11,-3.10,-3.08,-3.07,-3.06,-3.05,-3.03,-3.02,-3.01,-3.00,-2.99,-2.98,-2.97,-2.96,-2.95,-2.95,-2.94,-2.93,-2.92,-2.91,-2.91,-2.90,-2.90,-2.89,-2.88,-2.88,-2.87,-2.87,-2.86,-2.86,-2.86,-2.85,-2.85,-2.85,-2.84,-2.84,-2.84,-2.84,-2.83,-2.83,-2.83,-2.83,-2.83,-2.83,-2.83,-2.83,-2.83,-2.83,-2.83,-2.83,-2.83,-2.83,-2.83,-2.83,-2.83,-2.84,-2.84,-2.84,-2.84,-2.85,-2.85,-2.85,-2.86,-2.86,-2.86,-2.87,-2.87,-2.88,-2.88,-2.89,-2.90,-2.90,-2.91,-2.91,-2.92,-2.93,-2.94,-2.95,-2.95,-2.96,-2.97,-2.98,-2.99,-3.00,-3.01,-3.02,-3.03,-3.05,-3.06,-3.07,-3.08,-3.10,-3.11,-3.12,-3.14,-3.15,-3.17,-3.18,-3.20,-3.22,-3.23,-3.25,-3.27,-3.29,-3.31,-3.32,-3.34,-3.36,-3.38,-3.41,-3.43,-3.45,-3.47,-3.49,-3.52,-3.54,-3.57,-3.59,-3.62,-3.64,-3.67,-3.69,-3.72,-3.75,-3.78,-3.80,-3.83,-3.86,-3.89,-3.92,-3.95,-3.98,-4.01,-4.05,-4.08,-4.11,-4.14,-4.18,-4.21,-4.25,-4.28,-4.32,-4.35,-4.39,-4.42,-4.46,-4.50,-4.54,-4.57,-4.61,-4.65,-4.69,-4.73,-4.77,-4.81,-4.85,-4.89,-4.93,-4.97,-5.01,-5.05,-5.09,-5.13,-5.18,-5.22,-5.26,-5.30,-5.34,-5.39,-5.43,-5.47,-5.51,-5.56,-5.60,-5.64,-5.68,-5.72,-5.77,-5.81,-5.85,-5.89,-5.93,-5.97,-6.01,-6.05,-6.09,-6.13,-6.17,-6.21,-6.25,-6.28,-6.32,-6.36,-6.39,-6.43,-6.46,-6.49,-6.53,-6.56,-6.59,-6.62,-6.65,-6.68,-6.71,-6.73,-6.76,-6.78,-6.81,-6.83,-6.85,-6.87,-6.89,-6.91,-6.93,-6.94,-6.96,-6.97,-6.98,-7.00,-7.01,-7.01,-7.02,-7.03,-7.03,-7.03,-7.04,-7.04
58,-7.01,-7.01,-7.01,-7.01,-7.00,-6.99,-6.99,-6.98,-6.97,-6.96,-6.95,-6.93,-6.92,-6.90,-6.89,-6.87,-6.85,-6.83,-6.81,-6.78,-6.76,-6.74,-6.71,-6.68,-6.66,-6.63,-6.60,-6.57,-6.54,-6.51,-6.47,-6.44,-6.41,-6.37,-6.34,-6.30,-6.26,-6.23,-6.19,-6.15,-6.11,-6.07,-6.03,-6.00,-5.96,-5.91,-5.87,-5.83,-5.79,-5.75,-5.71,-5.67,-5.63,-5.58,-5.54,-5.50,-5.46,-5.42,-5.37,-5.33,-5.29,-5.25,-5.21,-5.17,-5.12,-5.08,-5.04,-5.00,-4.96,-4.92,-4.88,-4.84,-4.80,-4.76,-4.72,-4.68,-4.64,-4.61,-4.57,-4.53,-4.49,-4.46,-4.42,-4.38,-4.35,-4.31,-4.28,-4.24,-4.21,-4.17,-4.14,-4.11,-4.07,-4.04,-4.01,-3.98,-3.95,-3.92,-3.89,-3.86,-3.83,-3.80,-3.77,-3.75,-3.72,-3.69,-3.66,-3.64,-3.61,-3.59,-3.56,-3.54,-3.52,-3.49,-3.47,-3.45,-3.43,-3.41,-3.38,-3.36,-3.34,-3.32,-3.31,-3.29,-3.27,-3.25,-3.23,-3.22,-3.20,-3.18,-3.17,-3.15,-3.14,-3.12,-3.11,-3.10,-3.08,-3.07,-3.06,-3.05,-3.04,-3.02,-3.01,-3.00,-2.99,-2.98,-2.97,-2.96,-2.96,-2.95,-2.94,-2.93,-2.92,-2.92,-2.91,-2.90,-2.90,-2.89,-2.89,-2.88,-2.88,-2.87,-2.87,-2.86,-2.86,-2.86,-2.85,-2.85,-2.85,-2.84,-2.84,-2.84,-2.84,-2.84,-2.83,-2.83,-2.83,-2.83,-2.83,-2.83,-2.83,-2.83,-2.83,-2.83,-2.83,-2.83,-2.83,-2.84,-2.84,-2.84,-2.84,-2.84,-2.85,-2.85,-2.85,-2.86,-2.86,-2.86,-2.87,-2.87,-2.88,-2.88,-2.89,-2.89,-2.90,-2.90,-2.91,-2.92,-2.92,-2.93,-2.94,-2.95,-2.96,-2.96,-2.97,-2.98,-2.99,-3.00,-3.01,-3.02,-3.04,-3.05,-3.06,-3.07,-3.08,-3.10,-3.11,-3.12,-3.14,-3.15,-3.17,-3.18,-3.20,-3.22,-3.23,-3.25,-3.27,-3.29,-3.31,-3.32,-3.34,-3.36,-3.38,-3.41,-3.43,-3.45,-3.47,-3.49,-3.52,-3.54,-3.56,-3.59,-3.61,-3.64,-3.66,-3.69,-3.72,-3.75,-3.77,-3.80,-3.83,-3.86,-3.89,-3.92,-3.95,-3.98,-4.01,-4.04,-4.07,-4.11,-4.14,-4.17,-4.21,-4.24,-4.28,-4.31,-4.35,-4.38,-4.42,-4.46,-4.49,-4.53,-4.57,-4.61,-4.64,-4.68,-4.72,-4.76,-4.80,-4.84,-4.88,-4.92,-4.96,-5.00,-5.04,-5.08,-5.12,-5.17,-5.21,-5.25,-5.29,-5.33,-5.37,-5.42,-5.46,-5.50,-5.54,-5.58,-5.63,-5.67,-5.71,-5.75,-5.79,-5.83,-5.87,-5.91,-5.96,-6.00,-6.03,-6.07,-6.11,-6.15,-6.19,-6.23,-6.26,-6.30,-6.34,-6.37,-6.41,-6.44,-6.47,-6.51,-6.54,-6.57,-6.60,-6.63,-6.66,-6.68,-6.71,-6.74,-6.76,-6.78,-6.81,-6.83,-6.85,-6.87,-6.89,-6.90,-6.92,-6.93,-6.95,-6.96,-6.97,-6.98,-6.99,-6.99,-7.00,-7.01,-7.01,-7.01,-7.01
59,-6.99,-6.99,-6.99,-6.99,-6.98,-6.98,-6.97,-6.96,-6.95,-6.94,-6.93,-6.92,-6.90,-6.88,-6.87,-6.85,-6.83,-6.81,-6.79,-6.77,-6.74,-6.72,-6.69,-6.67,-6.64,-6.61,-6.58,-6.55,-6.52,-6.49,-6.46,-6.43,-6.39,-6.36,-6.32,-6.29,-6.25,-6.22,-6.18,-6.14,-6.10,-6.06,-6.03,-5.99,-5.95,-5.91,-5.87,-5.83,-5.78,-5.74,-5.70,-5.66,-5.62,-5.58,-5.54,-5.50,-5.45,-5.41,-5.37,-5.33,-5.29,-5.25,-5.20,-5.16,-5.12,-5.08,-5.04,-5.00,-4.96,-4.92,-4.88,-4.84,-4.80,-4.76,-4.72,-4.68,-4.64,-4.61,-4.57,-4.53,-4.49,-4.46,-4.42,-4.38,-4.35,-4.31,-4.28,-4.24,-4.21,-4.18,-4.14,-4.11,-4.08,-4.05,-4.01,-3.98,-3.95,-3.92,-3.89,-3.86,-3.83,-3.81,-3.78,-3.75,-3.72,-3.70,-3.67,-3.64,-3.62,-3.59,-3.57,-3.55,-3.52,-3.50,-3.48,-3.45,-3.43,-3.41,-3.39,-3.37,-3.35,-3.33,-3.31,-3.29,-3.28,-3.26,-3.24,-3.22,-3.21,-3.19,-3.18,-3.16,-3.15,-3.13,-3.12,-3.11,-3.09,-3.08,-3.07,-3.06,-3.04,-3.03,-3.02,-3.01,-3.00,-2.99,-2.98,-2.97,-2.97,-2.96,-2.95,-2.94,-2.93,-2.93,-2.92,-2.91,-2.91,-2.90,-2.90,-2.89,-2.89,-2.88,-2.88,-2.87,-2.87,-2.87,-2.86,-2.86,-2.86,-2.85,-2.85,-2.85,-2.85,-2.85,-2.84,-2.84,-2.84,-2.84,-2.84,-2.84,-2.84,-2.84,-2.84,-2.84,-2.84,-2.84,-2.84,-2.85,-2.85,-2.85,-2.85,-2.85,-2.86,-2.86,-2.86,-2.87,-2.87,-2.87,-2.88,-2.88,-2.89,-2.89,-2.90,-2.90,-2.91,-2.91,-2.92,-2.93,-2.93,-2.94,-2.95,-2.96,-2.97,-2.97,-2.98,-2.99,-3.00,-3.01,-3.02,-3.03,-3.04,-3.06,-3.07,-3.08,-3.09,-3.11,-3.12,-3.13,-3.15,-3.16,-3.18,-3.19,-3.21,-3.22,-3.24,-3.26,-3.28,-3.29,-3.31,-3.33,-3.35,-3.37,-3.39,-3.41,-3.43,-3.45,-3.48,-3.50,-3.52,-3.55,-3.57,-3.59,-3.62,-3.64,-3.67,-3.70,-3.72,-3.75,-3.78,-3.81,-3.83,-3.86,-3.89,-3.92,-3.95,-3.98,-4.01,-4.05,-4.08,-4.11,-4.14,-4.18,-4.21,-4.24,-4.28,-4.31,-4.35,-4.38,-4.42,-4.46,-4.49,-4.53,-4.57,-4.61,-4.64,-4.68,-4.72,-4.76,-4.80,-4.84,-4.88,-4.92,-4.96,-5.00,-5.04,-5.08,-5.12,-5.16,-5.20,-5.25,-5.29,-5.33,-5.37,-5.41,-5.45,-5.50,-5.54,-5.58,-5.62,-5.66,-5.70,-5.74,-5.78,-5.83,-5.87,-5.91,-5.95,-5.99,-6.03,-6.06,-6.10,-6.14,-6.18,-6.22,-6.25,-6.29,-6.32,-6.36,-6.39,-6.43,-6.46,-6.49,-6.52,-6.55,-6.58,-6.61,-6.64,-6.67,-6.69,-6.72,-6.74,-6.77,-6.79,-6.81,-6.83,-6.85,-6.87,-6.88,-6.90,-6.92,-6.93,-6.94,-6.95,-6.96,-6.97,-6.98,-6.98,-6.99,-6.99,-6.99,-6.99
60,-6.98,-6.98,-6.98,-6.97,-6.97,-6.96,-6.96,-6.95,-6.94,-6.93,-6.92,-6.90,-6.89,-6.87,-6.86,-6.84,-6.82,-6.80,-6.78,-6.76,-6.74,-6.71,-6.69,-6.66,-6.63,-6.61,-6.58,-6.55,-6.52,-6.49,-6.45,-6.42,-6.39,-6.35,-6.32,-6.28,-6.25,-6.21,-6.17,-6.14,-6.10,-6.06,-6.02,-5.98,-5.94,-5.90,-5.86,-5.82,-5.78,-5.74,-5.70,-5.66,-5.62,-5.58,-5.54,-5.50,-5.46,-5.41,-5.37,-5.33,-5.29,-5.25,-5.21,-5.17,-5.13,-5.08,-5.04,-5.00,-4.96,-4.92,-4.88,-4.84,-4.80,-4.77,-4.73,-4.69,-4.65,-4.61,-4.58,-4.54,-4.50,-4.46,-4.43,-4.39,-4.36,-4.32,-4.29,-4.25,-4.22,-4.19,-4.15,-4.12,-4.09,-4.06,-4.02,-3.99,-3.96,-3.93,-3.90,-3.87,-3.84,-3.82,-3.79,-3.76,-3.73,-3.71,-3.68,-3.66,-3.63,-3.61,-3.58,-3.56,-3.53,-3.51,-3.49,-3.47,-3.45,-3.42,-3.40,-3.38,-3.36,-3.34,-3.33,-3.31,-3.29,-3.27,-3.25,-3.24,-3.22,-3.21,-3.19,-3.18,-3.16,-3.15,-3.13,-3.12,-3.11,-3.09,-3.08,-3.07,-3.06,-3.05,-3.04,-3.03,-3.02,-3.01,-3.00,-2.99,-2.98,-2.97,-2.96,-2.96,-2.95,-2.94,-2.94,-2.93,-2.92,-2.92,-2.91,-2.91,-2.90,-2.90,-2.89,-2.89,-2.89,-2.88,-2.88,-2.88,-2.87,-2.87,-2.87,-2.87,-2.86,-2.86,-2.86,-2.86,-2.86,-2.86,-2.86,-2.86,-2.86,-2.86,-2.86,-2.86,-2.86,-2.86,-2.86,-2.86,-2.86,-2.87,-2.87,-2.87,-2.87,-2.88,-2.88,-2.88,-2.89,-2.89,-2.89,-2.90,-2.90,-2.91,-2.91,-2.92,-2.92,-2.93,-2.94,-2.94,-2.95,-2.96,-2.96,-2.97,-2.98,-2.99,-3.00,-3.01,-3.02,-3.03,-3.04,-3.05,-3.06,-3.07,-3.08,-3.09,-3.11,-3.12,-3.13,-3.15,-3.16,-3.18,-3.19,-3.21,-3.22,-3.24,-3.25,-3.27,-3.29,-3.31,-3.33,-3.34,-3.36,-3.38,-3.40,-3.42,-3.45,-3.47,-3.49,-3.51,-3.53,-3.56,-3.58,-3.61,-3.63,-3.66,-3.68,-3.71,-3.73,-3.76,-3.79,-3.82,-3.84,-3.87,-3.90,-3.93,-3.96,-3.99,-4.02,-4.06,-4.09,-4.12,-4.15,-4.19,-4.22,-4.25,-4.29,-4.32,-4.36,-4.39,-4.43,-4.46,-4.50,-4.54,-4.58,-4.61,-4.65,-4.69,-4.73,-4.77,-4.80,-4.84,-4.88,-4.92,-4.96,-5.00,-5.04,-5.08,-5.13,-5.17,-5.21,-5.25,-5.29,-5.33,-5.37,-5.41,-5.46,-5.50,-5.54,-5.58,-5.62,-5.66,-5.70,-5.74,-5.78,-5.82,-5.86,-5.90,-5.94,-5.98,-6.02,-6.06,-6.10,-6.14,-6.17,-6.21,-6.25,-6.28,-6.32,-6.35,-6.39,-6.42,-6.45,-6.49,-6.52,-6.55,-6.58,-6.61,-6.63,-6.66,-6.69,-6.71,-6.74,-6.76,-6.78,-6.80,-6.82,-6.84,-6.86,-6.87,-6.89,-6.90,-6.92,-6.93,-6.94,-6.95,-6.96,-6.96,-6.97,-6.97,-6.98,-6.98,-6.98
61,-6.98,-6.97,-6.97,-6.97,-6.97,-6.96,-6.95,-6.94,-6.94,-6.93,-6.91,-6.90,-6.89,-6.87,-6.85,-6.84,-6.82,-6.80,-6.78,-6.76,-6.73,-6.71,-6.68,-6.66,-6.63,-6.60,-6.58,-6.55,-6.52,-6.49,-6.45,-6.42,-6.39,-6.36,-6.32,-6.29,-6.25,-6.22,-6.18,-6.14,-6.10,-6.07,-6.03,-5.99,-5.95,-5.91,-5.87,-5.83,-5.79,-5.75,-5.71,-5.67,-5.63,-5.59,-5.55,-5.51,-5.46,-5.42,-5.38,-5.34,-5.30,-5.26,-5.22,-5.18,-5.14,-5.10,-5.06,-5.02,-4.98,-4.94,-4.90,-4.86,-4.82,-4.78,-4.74,-4.70,-4.66,-4.63,-4.59,-4.55,-4.52,-4.48,-4.44,-4.41,-4.37,-4.34,-4.30,-4.27,-4.24,-4.20,-4.17,-4.14,-4.10,-4.07,-4.04,-4.01,-3.98,-3.95,-3.92,-3.89,-3.86,-3.83,-3.81,-3.78,-3.75,-3.73,-3.70,-3.67,-3.65,-3.63,-3.60,-3.58,-3.55,-3.53,-3.51,-3.49,-3.47,-3.44,-3.42,-3.40,-3.38,-3.36,-3.35,-3.33,-3.31,-3.29,-3.28,-3.26,-3.24,-3.23,-3.21,-3.20,-3.18,-3.17,-3.15,-3.14,-3.13,-3.12,-3.10,-3.09,-3.08,-3.07,-3.06,-3.05,-3.04,-3.03,-3.02,-3.01,-3.00,-3.00,-2.99,-2.98,-2.97,-2.97,-2.96,-2.95,-2.95,-2.94,-2.94,-2.93,-2.93,-2.92,-2.92,-2.91,-2.91,-2.91,-2.90,-2.90,-2.90,-2.89,-2.89,-2.89,-2.89,-2.89,-2.89,-2.88,-2.88,-2.88,-2.88,-2.88,-2.88,-2.88,-2.88,-2.88,-2.88,-2.88,-2.89,-2.89,-2.89,-2.89,-2.89,-2.89,-2.90,-2.90,-2.90,-2.91,-2.91,-2.91,-2.92,-2.92,-2.93,-2.93,-2.94,-2.94,-2.95,-2.95,-2.96,-2.97,-2.97,-2.98,-2.99,-3.00,-3.00,-3.01,-3.02,-3.03,-3.04,-3.05,-3.06,-3.07,-3.08,-3.09,-3.10,-3.12,-3.13,-3.14,-3.15,-3.17,-3.18,-3.20,-3.21,-3.23,-3.24,-3.26,-3.28,-3.29,-3.31,-3.33,-3.35,-3.36,-3.38,-3.40,-3.42,-3.44,-3.47,-3.49,-3.51,-3.53,-3.55,-3.58,-3.60,-3.63,-3.65,-3.67,-3.70,-3.73,-3.75,-3.78,-3.81,-3.83,-3.86,-3.89,-3.92,-3.95,-3.98,-4.01,-4.04,-4.07,-4.10,-4.14,-4.17,-4.20,-4.24,-4.27,-4.30,-4.34,-4.37,-4.41,-4.44,-4.48,-4.52,-4.55,-4.59,-4.63,-4.66,-4.70,-4.74,-4.78,-4.82,-4.86,-4.90,-4.94,-4.98,-5.02,-5.06,-5.10,-5.14,-5.18,-5.22,-5.26,-5.30,-5.34,-5.38,-5.42,-5.46,-5.51,-5.55,-5.59,-5.63,-5.67,-5.71,-5.75,-5.79,-5.83,-5.87,-5.91,-5.95,-5.99,-6.03,-6.07,-6.10,-6.14,-6.18,-6.22,-6.25,-6.29,-6.32,-6.36,-6.39,-6.42,-6.45,-6.49,-6.52,-6.55,-6.58,-6.60,-6.63,-6.66,-6.68,-6.71,-6.73,-6.76,-6.78,-6.80,-6.82,-6.84,-6.85,-6.87,-6.89,-6.90,-6.91,-6.93,-6.94,-6.94,-6.95,-6.96,-6.97,-6.97,-6.97,-6.97,-6.98
62,-6.98,-6.98,-6.98,-6.97,-6.97,-6.96,-6.96,-6.95,-6.94,-6.93,-6.92,-6.91,-6.89,-6.88,-6.86,-6.84,-6.82,-6.80,-6.78,-6.76,-6.74,-6.72,-6.69,-6.67,-6.64,-6.61,-6.58,-6.56,-6.53,-6.50,-6.46,-6.43,-6.40,-6.37,-6.33,-6.30,-6.26,-6.23,-6.19,-6.15,-6.12,-6.08,-6.04,-6.00,-5.96,-5.92,-5.89,-5.85,-5.81,-5.77,-5.73,-5.69,-5.64,-5.60,-5.56,-5.52,-5.48,-5.44,-5.40,-5.36,-5.32,-5.28,-5.24,-5.20,-5.16,-5.12,-5.08,-5.04,-5.00,-4.96,-4.92,-4.88,-4.84,-4.80,-4.76,-4.72,-4.69,-4.65,-4.61,-4.58,-4.54,-4.50,-4.47,-4.43,-4.40,-4.36,-4.33,-4.29,-4.26,-4.23,-4.19,-4.16,-4.13,-4.10,-4.07,-4.04,-4.01,-3.98,-3.95,-3.92,-3.89,-3.86,-3.83,-3.81,-3.78,-3.75,-3.73,-3.70,-3.68,-3.65,-3.63,-3.60,-3.58,-3.56,-3.54,-3.51,-3.49,-3.47,-3.45,-3.43,-3.41,-3.39,-3.37,-3.36,-3.34,-3.32,-3.30,-3.29,-3.27,-3.26,-3.24,-3.23,-3.21,-3.20,-3.18,-3.17,-3.16,-3.15,-3.13,-3.12,-3.11,-3.10,-3.09,-3.08,-3.07,-3.06,-3.05,-3.04,-3.03,-3.03,-3.02,-3.01,-3.00,-3.00,-2.99,-2.98,-2.98,-2.97,-2.97,-2.96,-2.96,-2.95,-2.95,-2.94,-2.94,-2.94,-2.93,-2.93,-2.93,-2.93,-2.92,-2.92,-2.92,-2.92,-2.92,-2.92,-2.91,-2.91,-2.91,-2.91,-2.91,-2.91,-2.91,-2.91,-2.91,-2.92,-2.92,-2.92,-2.92,-2.92,-2.92,-2.93,-2.93,-2.93,-2.93,-2.94,-2.94,-2.94,-2.95,-2.95,-2.96,-2.96,-2.97,-2.97,-2.98,-2.98,-2.99,-3.00,-3.00,-3.01,-3.02,-3.03,-3.03,-3.04,-3.05,-3.06,-3.07,-3.08,-3.09,-3.10,-3.11,-3.12,-3.13,-3.15,-3.16,-3.17,-3.18,-3.20,-3.21,-3.23,-3.24,-3.26,-3.27,-3.29,-3.30,-3.32,-3.34,-3.36,-3.37,-3.39,-3.41,-3.43,-3.45,-3.47,-3.49,-3.51,-3.54,-3.56,-3.58,-3.60,-3.63,-3.65,-3.68,-3.70,-3.73,-3.75,-3.78,-3.81,-3.83,-3.86,-3.89,-3.92,-3.95,-3.98,-4.01,-4.04,-4.07,-4.10,-4.13,-4.16,-4.19,-4.23,-4.26,-4.29,-4.33,-4.36,-4.40,-4.43,-4.47,-4.50,-4.54,-4.58,-4.61,-4.65,-4.69,-4.72,-4.76,-4.80,-4.84,-4.88,-4.92,-4.96,-5.00,-5.04,-5.08,-5.12,-5.16,-5.20,-5.24,-5.28,-5.32,-5.36,-5.40,-5.44,-5.48,-5.52,-5.56,-5.60,-5.64,-5.69,-5.73,-5.77,-5.81,-5.85,-5.89,-5.92,-5.96,-6.00,-6.04,-6.08,-6.12,-6.15,-6.19,-6.23,-6.26,-6.30,-6.33,-6.37,-6.40,-6.43,-6.46,-6.50,-6.53,-6.56,-6.58,-6.61,-6.64,-6.67,-6.69,-6.72,-6.74,-6.76,-6.78,-6.80,-6.82,-6.84,-6.86,-6.88,-6.89,-6.91,-6.92,-6.93,-6.94,-6.95,-6.96,-6.96,-6.97,-6.97,-6.98,-6.98,-6.98
63,-6.99,-6.99,-6.99,-6.99,-6.98,-6.98,-6.97,-6.96,-6.95,-6.94,-6.93,-6.92,-6.90,-6.89,-6.87,-6.86,-6.84,-6.82,-6.80,-6.78,-6.76,-6.73,-6.71,-6.68,-6.66,-6.63,-6.60,-6.57,-6.54,-6.51,-6.48,-6.45,-6.42,-6.38,-6.35,-6.32,-6.28,-6.25,-6.21,-6.17,-6.14,-6.10,-6.06,-6.02,-5.99,-5.95,-5.91,-5.87,-5.83,-5.79,-5.75,-5.71,-5.67,-5.63,-5.59,-5.55,-5.51,-5.47,-5.43,-5.39,-5.35,-5.31,-5.27,-5.22,-5.18,-5.14,-5.10,-5.07,-5.03,-4.99,-4.95,-4.91,-4.87,-4.83,-4.79,-4.76,-4.72,-4.68,-4.64,-4.61,-4.57,-4.53,-4.50,-4.46,-4.43,-4.39,-4.36,-4.33,-4.29,-4.26,-4.23,-4.19,-4.16,-4.13,-4.10,-4.07,-4.04,-4.01,-3.98,-3.95,-3.92,-3.90,-3.87,-3.84,-3.81,-3.79,-3.76,-3.74,-3.71,-3.69,-3.66,-3.64,-3.62,-3.59,-3.57,-3.55,-3.53,-3.51,-3.49,-3.47,-3.45,-3.43,-3.41,-3.39,-3.38,-3.36,-3.34,-3.32,-3.31,-3.29,-3.28,-3.26,-3.25,-3.24,-3.22,-3.21,-3.20,-3.18,-3.17,-3.16,-3.15,-3.14,-3.13,-3.12,-3.11,-3.10,-3.09,-3.08,-3.07,-3.06,-3.06,-3.05,-3.04,-3.04,-3.03,-3.02,-3.02,-3.01,-3.01,-3.00,-3.00,-2.99,-2.99,-2.98,-2.98,-2.98,-2.97,-2.97,-2.97,-2.97,-2.96,-2.96,-2.96,-2.96,-2.96,-2.96,-2.95,-2.95,-2.95,-2.95,-2.95,-2.95,-2.95,-2.95,-2.95,-2.96,-2.96,-2.96,-2.96,-2.96,-2.96,-2.97,-2.97,-2.97,-2.97,-2.98,-2.98,-2.98,-2.99,-2.99,-3.00,-3.00,-3.01,-3.01,-3.02,-3.02,-3.03,-3.04,-3.04,-3.05,-3.06,-3.06,-3.07,-3.08,-3.09,-3.10,-3.11,-3.12,-3.13,-3.14,-3.15,-3.16,-3.17,-3.18,-3.20,-3.21,-3.22,-3.24,-3.25,-3.26,-3.28,-3.29,-3.31,-3.32,-3.34,-3.36,-3.38,-3.39,-3.41,-3.43,-3.45,-3.47,-3.49,-3.51,-3.53,-3.55,-3.57,-3.59,-3.62,-3.64,-3.66,-3.69,-3.71,-3.74,-3.76,-3.79,-3.81,-3.84,-3.87,-3.90,-3.92,-3.95,-3.98,-4.01,-4.04,-4.07,-4.10,-4.13,-4.16,-4.19,-4.23,-4.26,-4.29,-4.33,-4.36,-4.39,-4.43,-4.46,-4.50,-4.53,-4.57,-4.61,-4.64,-4.68,-4.72,-4.76,-4.79,-4.83,-4.87,-4.91,-4.95,-4.99,-5.03,-5.07,-5.10,-5.14,-5.18,-5.22,-5.27,-5.31,-5.35,-5.39,-5.43,-5.47,-5.51,-5.55,-5.59,-5.63,-5.67,-5.71,-5.75,-5.79,-5.83,-5.87,-5.91,-5.95,-5.99,-6.02,-6.06,-6.10,-6.14,-6.17,-6.21,-6.25,-6.28,-6.32,-6.35,-6.38,-6.42,-6.45,-6.48,-6.51,-6.54,-6.57,-6.60,-6.63,-6.66,-6.68,-6.71,-6.73,-6.76,-6.78,-6.80,-6.82,-6.84,-6.86,-6.87,-6.89,-6.90,-6.92,-6.93,-6.94,-6.95,-6.96,-6.97,-6.98,-6.98,-6.99,-6.99,-6.99,-6.99
64,-7.01,-7.01,-7.01,-7.01,-7.00,-7.00,-6.99,-6.98,-6.98,-6.96,-6.95,-6.94,-6.93,-6.91,-6.90,-6.88,-6.86,-6.84,-6.82,-6.80,-6.78,-6.76,-6.73,-6.71,-6.68,-6.65,-6.63,-6.60,-6.57,-6.54,-6.51,-6.48,-6.45,-6.41,-6.38,-6.35,-6.31,-6.28,-6.24,-6.20,-6.17,-6.13,-6.09,-6.06,-6.02,-5.98,-5.94,-5.90,-5.86,-5.82,-5.78,-5.74,-5.70,-5.66,-5.62,-5.58,-5.54,-5.50,-5.46,-5.42,-5.38,-5.34,-5.30,-5.26,-5.22,-5.18,-5.14,-5.10,-5.06,-5.02,-4.99,-4.95,-4.91,-4.87,-4.83,-4.80,-4.76,-4.72,-4.68,-4.65,-4.61,-4.58,-4.54,-4.50,-4.47,-4.44,-4.40,-4.37,-4.33,-4.30,-4.27,-4.24,-4.21,-4.17,-4.14,-4.11,-4.08,-4.05,-4.02,-4.00,-3.97,-3.94,-3.91,-3.88,-3.86,-3.83,-3.81,-3.78,-3.76,-3.73,-3.71,-3.68,-3.66,-3.64,-3.62,-3.60,-3.57,-3.55,-3.53,-3.51,-3.49,-3.48,-3.46,-3.44,-3.42,-3.40,-3.39,-3.37,-3.35,-3.34,-3.32,-3.31,-3.30,-3.28,-3.27,-3.25,-3.24,-3.23,-3.22,-3.21,-3.20,-3.18,-3.17,-3.16,-3.15,-3.15,-3.14,-3.13,-3.12,-3.11,-3.10,-3.10,-3.09,-3.08,-3.08,-3.07,-3.06,-3.06,-3.05,-3.05,-3.04,-3.04,-3.04,-3.03,-3.03,-3.02,-3.02,-3.02,-3.02,-3.01,-3.01,-3.01,-3.01,-3.01,-3.00,-3.00,-3.00,-3.00,-3.00,-3.00,-3.00,-3.00,-3.00,-3.00,-3.00,-3.00,-3.00,-3.01,-3.01,-3.01,-3.01,-3.01,-3.02,-3.02,-3.02,-3.02,-3.03,-3.03,-3.04,-3.04,-3.04,-3.05,-3.05,-3.06,-3.06,-3.07,-3.08,-3.08,-3.09,-3.10,-3.10,-3.11,-3.12,-3.13,-3.14,-3.15,-3.15,-3.16,-3.17,-3.18,-3.20,-3.21,-3.22,-3.23,-3.24,-3.25,-3.27,-3.28,-3.30,-3.31,-3.32,-3.34,-3.35,-3.37,-3.39,-3.40,-3.42,-3.44,-3.46,-3.48,-3.49,-3.51,-3.53,-3.55,-3.57,-3.60,-3.62,-3.64,-3.66,-3.68,-3.71,-3.73,-3.76,-3.78,-3.81,-3.83,-3.86,-3.88,-3.91,-3.94,-3.97,-4.00,-4.02,-4.05,-4.08,-4.11,-4.14,-4.17,-4.21,-4.24,-4.27,-4.30,-4.33,-4.37,-4.40,-4.44,-4.47,-4.50,-4.54,-4.58,-4.61,-4.65,-4.68,-4.72,-4.76,-4.80,-4.83,-4.87,-4.91,-4.95,-4.99,-5.02,-5.06,-5.10,-5.14,-5.18,-5.22,-5.26,-5.30,-5.34,-5.38,-5.42,-5.46,-5.50,-5.54,-5.58,-5.62,-5.66,-5.70,-5.74,-5.78,-5.82,-5.86,-5.90,-5.94,-5.98,-6.02,-6.06,-6.09,-6.13,-6.17,-6.20,-6.24,-6.28,-6.31,-6.35,-6.38,-6.41,-6.45,-6.48,-6.51,-6.54,-6.57,-6.60,-6.63,-6.65,-6.68,-6.71,-6.73,-6.76,-6.78,-6.80,-6.82,-6.84,-6.86,-6.88,-6.90,-6.91,-6.93,-6.94,-6.95,-6.96,-6.98,-6.98,-6.99,-7.00,-7.00,-7.01,-7.01,-7.01,-7.01
65,-7.05,-7.05,-7.04,-7.04,-7.04,-7.03,-7.02,-7.02,-7.01,-7.00,-6.99,-6.97,-6.96,-6.95,-6.93,-6.91,-6.90,-6.88,-6.86,-6.84,-6.81,-6.79,-6.77,-6.74,-6.72,-6.69,-6.66,-6.64,-6.61,-6.58,-6.55,-6.52,-6.48,-6.45,-6.42,-6.38,-6.35,-6.32,-6.28,-6.24,-6.21,-6.17,-6.13,-6.10,-6.06,-6.02,-5.98,-5.94,-5.91,-5.87,-5.83,-5.79,-5.75,-5.71,-5.67,-5.63,-5.59,-5.55,-5.51,-5.47,-5.43,-5.39,-5.35,-5.31,-5.27,-5.23,-5.19,-5.15,-5.11,-5.07,-5.03,-5.00,-4.96,-4.92,-4.88,-4.84,-4.81,-4.77,-4.73,-4.70,-4.66,-4.63,-4.59,-4.56,-4.52,-4.49,-4.45,-4.42,-4.39,-4.35,-4.32,-4.29,-4.26,-4.23,-4.20,-4.17,-4.14,-4.11,-4.08,-4.05,-4.02,-3.99,-3.97,-3.94,-3.91,-3.89,-3.86,-3.84,-3.81,-3.79,-3.76,-3.74,-3.72,-3.69,-3.67,-3.65,-3.63,-3.61,-3.59,-3.57,-3.55,-3.53,-3.51,-3.49,-3.48,-3.46,-3.44,-3.43,-3.41,-3.39,-3.38,-3.37,-3.35,-3.34,-3.32,-3.31,-3.30,-3.29,-3.27,-3.26,-3.25,-3.24,-3.23,-3.22,-3.21,-3.20,-3.19,-3.18,-3.18,-3.17,-3.16,-3.15,-3.15,-3.14,-3.13,-3.13,-3.12,-3.12,-3.11,-3.11,-3.10,-3.10,-3.09,-3.09,-3.09,-3.08,-3.08,-3.08,-3.07,-3.07,-3.07,-3.07,-3.06,-3.06,-3.06,-3.06,-3.06,-3.06,-3.06,-3.06,-3.06,-3.06,-3.06,-3.06,-3.06,-3.06,-3.06,-3.06,-3.06,-3.07,-3.07,-3.07,-3.07,-3.08,-3.08,-3.08,-3.09,-3.09,-3.09,-3.10,-3.10,-3.11,-3.11,-3.12,-3.12,-3.13,-3.13,-3.14,-3.15,-3.15,-3.16,-3.17,-3.18,-3.18,-3.19,-3.20,-3.21,-3.22,-3.23,-3.24,-3.25,-3.26,-3.27,-3.29,-3.30,-3.31,-3.32,-3.34,-3.35,-3.37,-3.38,-3.39,-3.41,-3.43,-3.44,-3.46,-3.48,-3.49,-3.51,-3.53,-3.55,-3.57,-3.59,-3.61,-3.63,-3.65,-3.67,-3.69,-3.72,-3.74,-3.76,-3.79,-3.81,-3.84,-3.86,-3.89,-3.91,-3.94,-3.97,-3.99,-4.02,-4.05,-4.08,-4.11,-4.14,-4.17,-4.20,-4.23,-4.26,-4.29,-4.32,-4.35,-4.39,-4.42,-4.45,-4.49,-4.52,-4.56,-4.59,-4.63,-4.66,-4.70,-4.73,-4.77,-4.81,-4.84,-4.88,-4.92,-4.96,-5.00,-5.03,-5.07,-5.11,-5.15,-5.19,-5.23,-5.27,-5.31,-5.35,-5.39,-5.43,-5.47,-5.51,-5.55,-5.59,-5.63,-5.67,-5.71,-5.75,-5.79,-5.83,-5.87,-5.91,-5.94,-5.98,-6.02,-6.06,-6.10,-6.13,-6.17,-6.21,-6.24,-6.28,-6.32,-6.35,-6.38,-6.42,-6.45,-6.48,-6.52,-6.55,-6.58,-6.61,-6.64,-6.66,-6.69,-6.72,-6.74,-6.77,-6.79,-6.81,-6.84,-6.86,-6.88,-6.90,-6.91,-6.93,-6.95,-6.96,-6.97,-6.99,-7.00,-7.01,-7.02,-7.02,-7.03,-7.04,-7.04,-7.04,-7.05,-7.05
66,-7.09,-7.09,-7.09,-7.08,-7.08,-7.07,-7.07,-7.06,-7.05,-7.04,-7.03,-7.02,-7.00,-6.99,-6.97,-6.96,-6.94,-6.92,-6.90,-6.88,-6.86,-6.84,-6.81,-6.79,-6.76,-6.74,-6.71,-6.68,-6.65,-6.62,-6.59,-6.56,-6.53,-6.50,-6.47,-6.43,-6.40,-6.37,-6.33,-6.30,-6.26,-6.22,-6.19,-6.15,-6.11,-6.07,-6.04,-6.00,-5.96,-5.92,-5.88,-5.84,-5.80,-5.76,-5.72,-5.68,-5.64,-5.60,-5.56,-5.52,-5.48,-5.45,-5.41,-5.37,-5.33,-5.29,-5.25,-5.21,-5.17,-5.13,-5.09,-5.06,-5.02,-4.98,-4.94,-4.90,-4.87,-4.83,-4.79,-4.76,-4.72,-4.69,-4.65,-4.62,-4.58,-4.55,-4.52,-4.48,-4.45,-4.42,-4.38,-4.35,-4.32,-4.29,-4.26,-4.23,-4.20,-4.17,-4.14,-4.11,-4.08,-4.06,-4.03,-4.00,-3.98,-3.95,-3.92,-3.90,-3.87,-3.85,-3.83,-3.80,-3.78,-3.76,-3.74,-3.72,-3.69,-3.67,-3.65,-3.63,-3.61,-3.60,-3.58,-3.56,-3.54,-3.52,-3.51,-3.49,-3.48,-3.46,-3.45,-3.43,-3.42,-3.40,-3.39,-3.38,-3.36,-3.35,-3.34,-3.33,-3.32,-3.31,-3.30,-3.29,-3.28,-3.27,-3.26,-3.25,-3.24,-3.23,-3.23,-3.22,-3.21,-3.21,-3.20,-3.19,-3.19,-3.18,-3.18,-3.17,-3.17,-3.16,-3.16,-3.16,-3.15,-3.15,-3.15,-3.14,-3.14,-3.14,-3.14,-3.13,-3.13,-3.13,-3.13,-3.13,-3.13,-3.13,-3.13,-3.13,-3.13,-3.13,-3.13,-3.13,-3.13,-3.13,-3.13,-3.13,-3.13,-3.13,-3.14,-3.14,-3.14,-3.14,-3.15,-3.15,-3.15,-3.16,-3.16,-3.16,-3.17,-3.17,-3.18,-3.18,-3.19,-3.19,-3.20,-3.21,-3.21,-3.22,-3.23,-3.23,-3.24,-3.25,-3.26,-3.27,-3.28,-3.29,-3.30,-3.31,-3.32,-3.33,-3.34,-3.35,-3.36,-3.38,-3.39,-3.40,-3.42,-3.43,-3.45,-3.46,-3.48,-3.49,-3.51,-3.52,-3.54,-3.56,-3.58,-3.60,-3.61,-3.63,-3.65,-3.67,-3.69,-3.72,-3.74,-3.76,-3.78,-3.80,-3.83,-3.85,-3.87,-3.90,-3.92,-3.95,-3.98,-4.00,-4.03,-4.06,-4.08,-4.11,-4.14,-4.17,-4.20,-4.23,-4.26,-4.29,-4.32,-4.35,-4.38,-4.42,-4.45,-4.48,-4.52,-4.55,-4.58,-4.62,-4.65,-4.69,-4.72,-4.76,-4.79,-4.83,-4.87,-4.90,-4.94,-4.98,-5.02,-5.06,-5.09,-5.13,-5.17,-5.21,-5.25,-5.29,-5.33,-5.37,-5.41,-5.45,-5.48,-5.52,-5.56,-5.60,-5.64,-5.68,-5.72,-5.76,-5.80,-5.84,-5.88,-5.92,-5.96,-6.00,-6.04,-6.07,-6.11,-6.15,-6.19,-6.22,-6.26,-6.30,-6.33,-6.37,-6.40,-6.43,-6.47,-6.50,-6.53,-6.56,-6.59,-6.62,-6.65,-6.68,-6.71,-6.74,-6.76,-6.79,-6.81,-6.84,-6.86,-6.88,-6.90,-6.92,-6.94,-6.96,-6.97,-6.99,-7.00,-7.02,-7.03,-7.04,-7.05,-7.06,-7.07,-7.07,-7.08,-7.08,-7.09,-7.09,-7.09
67,-7.14,-7.14,-7.14,-7.14,-7.13,-7.13,-7.12,-7.11,-7.11,-7.10,-7.08,-7.07,-7.06,-7.05,-7.03,-7.01,-7.00,-6.98,-6.96,-6.94,-6.92,-6.89,-6.87,-6.85,-6.82,-6.80,-6.77,-6.74,-6.71,-6.68,-6.65,-6.62,-6.59,-6.56,-6.53,-6.49,-6.46,-6.43,-6.39,-6.36,-6.32,-6.29,-6.25,-6.21,-6.18,-6.14,-6.10,-6.06,-6.02,-5.99,-5.95,-5.91,-5.87,-5.83,-5.79,-5.75,-5.71,-5.67,-5.63,-5.59,-5.55,-5.51,-5.47,-5.44,-5.40,-5.36,-5.32,-5.28,-5.24,-5.20,-5.16,-5.13,-5.09,-5.05,-5.01,-4.98,-4.94,-4.90,-4.87,-4.83,-4.80,-4.76,-4.72,-4.69,-4.66,-4.62,-4.59,-4.56,-4.52,-4.49,-4.46,-4.43,-4.39,-4.36,-4.33,-4.30,-4.27,-4.24,-4.22,-4.19,-4.16,-4.13,-4.10,-4.08,-4.05,-4.03,-4.00,-3.97,-3.95,-3.93,-3.90,-3.88,-3.86,-3.83,-3.81,-3.79,-3.77,-3.75,-3.73,-3.71,-3.69,-3.67,-3.65,-3.64,-3.62,-3.60,-3.58,-3.57,-3.55,-3.54,-3.52,-3.51,-3.49,-3.48,-3.47,-3.45,-3.44,-3.43,-3.42,-3.41,-3.40,-3.38,-3.37,-3.36,-3.36,-3.35,-3.34,-3.33,-3.32,-3.31,-3.31,-3.30,-3.29,-3.28,-3.28,-3.27,-3.27,-3.26,-3.26,-3.25,-3.25,-3.24,-3.24,-3.23,-3.23,-3.23,-3.22,-3.22,-3.22,-3.22,-3.21,-3.21,-3.21,-3.21,-3.21,-3.21,-3.21,-3.20,-3.20,-3.20,-3.20,-3.20,-3.20,-3.20,-3.21,-3.21,-3.21,-3.21,-3.21,-3.21,-3.21,-3.22,-3.22,-3.22,-3.22,-3.23,-3.23,-3.23,-3.24,-3.24,-3.25,-3.25,-3.26,-3.26,-3.27,-3.27,-3.28,-3.28,-3.29,-3.30,-3.31,-3.31,-3.32,-3.33,-3.34,-3.35,-3.36,-3.36,-3.37,-3.38,-3.40,-3.41,-3.42,-3.43,-3.44,-3.45,-3.47,-3.48,-3.49,-3.51,-3.52,-3.54,-3.55,-3.57,-3.58,-3.60,-3.62,-3.64,-3.65,-3.67,-3.69,-3.71,-3.73,-3.75,-3.77,-3.79,-3.81,-3.83,-3.86,-3.88,-3.90,-3.93,-3.95,-3.97,-4.00,-4.03,-4.05,-4.08,-4.10,-4.13,-4.16,-4.19,-4.22,-4.24,-4.27,-4.30,-4.33,-4.36,-4.39,-4.43,-4.46,-4.49,-4.52,-4.56,-4.59,-4.62,-4.66,-4.69,-4.72,-4.76,-4.80,-4.83,-4.87,-4.90,-4.94,-4.98,-5.01,-5.05,-5.09,-5.13,-5.16,-5.20,-5.24,-5.28,-5.32,-5.36,-5.40,-5.44,-5.47,-5.51,-5.55,-5.59,-5.63,-5.67,-5.71,-5.75,-5.79,-5.83,-5.87,-5.91,-5.95,-5.99,-6.02,-6.06,-6.10,-6.14,-6.18,-6.21,-6.25,-6.29,-6.32,-6.36,-6.39,-6.43,-6.46,-6.49,-6.53,-6.56,-6.59,-6.62,-6.65,-6.68,-6.71,-6.74,-6.77,-6.80,-6.82,-6.85,-6.87,-6.89,-6.92,-6.94,-6.96,-6.98,-7.00,-7.01,-7.03,-7.05,-7.06,-7.07,-7.08,-7.10,-7.11,-7.11,-7.12,-7.13,-7.13,-7.14,-7.14,-7.14,-7.14
68,-7.21,-7.21,-7.21,-7.21,-7.20,-7.20,-7.19,-7.18,-7.17,-7.16,-7.15,-7.14,-7.13,-7.11,-7.10,-7.08,-7.06,-7.05,-7.03,-7.01,-6.99,-6.96,-6.94,-6.92,-6.89,-6.87,-6.84,-6.81,-6.78,-6.76,-6.73,-6.70,-6.67,-6.63,-6.60,-6.57,-6.54,-6.50,-6.47,-6.43,-6.40,-6.36,-6.33,-6.29,-6.25,-6.21,-6.18,-6.14,-6.10,-6.06,-6.02,-5.99,-5.95,-5.91,-5.87,-5.83,-5.79,-5.75,-5.71,-5.67,-5.63,-5.59,-5.56,-5.52,-5.48,-5.44,-5.40,-5.36,-5.32,-5.29,-5.25,-5.21,-5.17,-5.13,-5.10,-5.06,-5.02,-4.99,-4.95,-4.92,-4.88,-4.84,-4.81,-4.78,-4.74,-4.71,-4.67,-4.64,-4.61,-4.58,-4.54,-4.51,-4.48,-4.45,-4.42,-4.39,-4.36,-4.33,-4.30,-4.27,-4.25,-4.22,-4.19,-4.16,-4.14,-4.11,-4.09,-4.06,-4.04,-4.01,-3.99,-3.97,-3.94,-3.92,-3.90,-3.88,-3.86,-3.84,-3.82,-3.80,-3.78,-3.76,-3.74,-3.72,-3.71,-3.69,-3.67,-3.66,-3.64,-3.63,-3.61,-3.60,-3.58,-3.57,-3.56,-3.54,-3.53,-3.52,-3.51,-3.50,-3.48,-3.47,-3.46,-3.45,-3.44,-3.44,-3.43,-3.42,-3.41,-3.40,-3.39,-3.39,-3.38,-3.37,-3.37,-3.36,-3.36,-3.35,-3.35,-3.34,-3.34,-3.33,-3.33,-3.32,-3.32,-3.32,-3.31,-3.31,-3.31,-3.31,-3.30,-3.30,-3.30,-3.30,-3.30,-3.30,-3.30,-3.29,-3.29,-3.29,-3.29,-3.29,-3.29,-3.29,-3.30,-3.30,-3.30,-3.30,-3.30,-3.30,-3.30,-3.31,-3.31,-3.31,-3.31,-3.32,-3.32,-3.32,-3.33,-3.33,-3.34,-3.34,-3.35,-3.35,-3.36,-3.36,-3.37,-3.37,-3.38,-3.39,-3.39,-3.40,-3.41,-3.42,-3.43,-3.44,-3.44,-3.45,-3.46,-3.47,-3.48,-3.50,-3.51,-3.52,-3.53,-3.54,-3.56,-3.57,-3.58,-3.60,-3.61,-3.63,-3.64,-3.66,-3.67,-3.69,-3.71,-3.72,-3.74,-3.76,-3.78,-3.80,-3.82,-3.84,-3.86,-3.88,-3.90,-3.92,-3.94,-3.97,-3.99,-4.01,-4.04,-4.06,-4.09,-4.11,-4.14,-4.16,-4.19,-4.22,-4.25,-4.27,-4.30,-4.33,-4.36,-4.39,-4.42,-4.45,-4.48,-4.51,-4.54,-4.58,-4.61,-4.64,-4.67,-4.71,-4.74,-4.78,-4.81,-4.84,-4.88,-4.92,-4.95,-4.99,-5.02,-5.06,-5.10,-5.13,-5.17,-5.21,-5.25,-5.29,-5.32,-5.36,-5.40,-5.44,-5.48,-5.52,-5.56,-5.59,-5.63,-5.67,-5.71,-5.75,-5.79,-5.83,-5.87,-5.91,-5.95,-5.99,-6.02,-6.06,-6.10,-6.14,-6.18,-6.21,-6.25,-6.29,-6.33,-6.36,-6.40,-6.43,-6.47,-6.50,-6.54,-6.57,-6.60,-6.63,-6.67,-6.70,-6.73,-6.76,-6.78,-6.81,-6.84,-6.87,-6.89,-6.92,-6.94,-6.96,-6.99,-7.01,-7.03,-7.05,-7.06,-7.08,-7.10,-7.11,-7.13,-7.14,-7.15,-7.16,-7.17,-7.18,-7.19,-7.20,-7.20,-7.21,-7.21,-7.21,-7.21
69,-7.29,-7.29,-7.29,-7.29,-7.28,-7.28,-7.27,-7.26,-7.25,-7.25,-7.23,-7.22,-7.21,-7.20,-7.18,-7.16,-7.15,-7.13,-7.11,-7.09,-7.07,-7.05,-7.02,-7.00,-6.98,-6.95,-6.92,-6.90,-6.87,-6.84,-6.81,-6.78,-6.75,-6.72,-6.69,-6.66,-6.62,-6.59,-6.56,-6.52,-6.49,-6.45,-6.41,-6.38,-6.34,-6.31,-6.27,-6.23,-6.19,-6.15,-6.12,-6.08,-6.04,-6.00,-5.96,-5.92,-5.88,-5.85,-5.81,-5.77,-5.73,-5.69,-5.65,-5.61,-5.57,-5.53,-5.50,-5.46,-5.42,-5.38,-5.34,-5.31,-5.27,-5.23,-5.19,-5.16,-5.12,-5.09,-5.05,-5.01,-4.98,-4.94,-4.91,-4.87,-4.84,-4.81,-4.77,-4.74,-4.71,-4.68,-4.64,-4.61,-4.58,-4.55,-4.52,-4.49,-4.46,-4.43,-4.40,-4.37,-4.35,-4.32,-4.29,-4.27,-4.24,-4.21,-4.19,-4.16,-4.14,-4.12,-4.09,-4.07,-4.05,-4.02,-4.00,-3.98,-3.96,-3.94,-3.92,-3.90,-3.88,-3.86,-3.84,-3.83,-3.81,-3.79,-3.78,-3.76,-3.74,-3.73,-3.71,-3.70,-3.68,-3.67,-3.66,-3.65,-3.63,-3.62,-3.61,-3.60,-3.59,-3.58,-3.57,-3.56,-3.55,-3.54,-3.53,-3.52,-3.51,-3.50,-3.50,-3.49,-3.48,-3.48,-3.47,-3.46,-3.46,-3.45,-3.45,-3.44,-3.44,-3.44,-3.43,-3.43,-3.42,-3.42,-3.42,-3.41,-3.41,-3.41,-3.41,-3.41,-3.40,-3.40,-3.40,-3.40,-3.40,-3.40,-3.40,-3.40,-3.40,-3.40,-3.40,-3.40,-3.40,-3.40,-3.40,-3.40,-3.40,-3.41,-3.41,-3.41,-3.41,-3.41,-3.42,-3.42,-3.42,-3.43,-3.43,-3.44,-3.44,-3.44,-3.45,-3.45,-3.46,-3.46,-3.47,-3.48,-3.48,-3.49,-3.50,-3.50,-3.51,-3.52,-3.53,-3.54,-3.55,-3.56,-3.57,-3.58,-3.59,-3.60,-3.61,-3.62,-3.63,-3.65,-3.66,-3.67,-3.68,-3.70,-3.71,-3.73,-3.74,-3.76,-3.78,-3.79,-3.81,-3.83,-3.84,-3.86,-3.88,-3.90,-3.92,-3.94,-3.96,-3.98,-4.00,-4.02,-4.05,-4.07,-4.09,-4.12,-4.14,-4.16,-4.19,-4.21,-4.24,-4.27,-4.29,-4.32,-4.35,-4.37,-4.40,-4.43,-4.46,-4.49,-4.52,-4.55,-4.58,-4.61,-4.64,-4.68,-4.71,-4.74,-4.77,-4.81,-4.84,-4.87,-4.91,-4.94,-4.98,-5.01,-5.05,-5.09,-5.12,-5.16,-5.19,-5.23,-5.27,-5.31,-5.34,-5.38,-5.42,-5.46,-5.50,-5.53,-5.57,-5.61,-5.65,-5.69,-5.73,-5.77,-5.81,-5.85,-5.88,-5.92,-5.96,-6.00,-6.04,-6.08,-6.12,-6.15,-6.19,-6.23,-6.27,-6.31,-6.34,-6.38,-6.41,-6.45,-6.49,-6.52,-6.56,-6.59,-6.62,-6.66,-6.69,-6.72,-6.75,-6.78,-6.81,-6.84,-6.87,-6.90,-6.92,-6.95,-6.98,-7.00,-7.02,-7.05,-7.07,-7.09,-7.11,-7.13,-7.15,-7.16,-7.18,-7.20,-7.21,-7.22,-7.23,-7.25,-7.25,-7.26,-7.27,-7.28,-7.28,-7.29,-7.29,-7.29,-7.29
70,-7.39,-7.39,-7.39,-7.38,-7.38,-7.37,-7.37,-7.36,-7.35,-7.34,-7.33,-7.32,-7.31,-7.29,-7.28,-7.26,-7.25,-7.23,-7.21,-7.19,-7.17,-7.15,-7.12,-7.10,-7.08,-7.05,-7.03,-7.00,-6.97,-6.94,-6.91,-6.88,-6.85,-6.82,-6.79,-6.76,-6.73,-6.69,-6.66,-6.63,-6.59,-6.56,-6.52,-6.48,-6.45,-6.41,-6.37,-6.34,-6.30,-6.26,-6.22,-6.19,-6.15,-6.11,-6.07,-6.03,-5.99,-5.95,-5.92,-5.88,-5.84,-5.80,-5.76,-5.72,-5.68,-5.65,-5.61,-5.57,-5.53,-5.49,-5.46,-5.42,-5.38,-5.34,-5.31,-5.27,-5.23,-5.20,-5.16,-5.13,-5.09,-5.06,-5.02,-4.99,-4.95,-4.92,-4.89,-4.85,-4.82,-4.79,-4.76,-4.73,-4.70,-4.67,-4.64,-4.61,-4.58,-4.55,-4.52,-4.49,-4.46,-4.43,-4.41,-4.38,-4.36,-4.33,-4.30,-4.28,-4.26,-4.23,-4.21,-4.19,-4.16,-4.14,-4.12,-4.10,-4.08,-4.06,-4.04,-4.02,-4.00,-3.98,-3.96,-3.94,-3.93,-3.91,-3.89,-3.88,-3.86,-3.85,-3.83,-3.82,-3.80,-3.79,-3.78,-3.76,-3.75,-3.74,-3.73,-3.71,-3.70,-3.69,-3.68,-3.67,-3.66,-3.66,-3.65,-3.64,-3.63,-3.62,-3.61,-3.61,-3.60,-3.59,-3.59,-3.58,-3.58,-3.57,-3.57,-3.56,-3.56,-3.55,-3.55,-3.54,-3.54,-3.54,-3.53,-3.53,-3.53,-3.53,-3.52,-3.52,-3.52,-3.52,-3.52,-3.52,-3.52,-3.52,-3.52,-3.51,-3.51,-3.51,-3.52,-3.52,-3.52,-3.52,-3.52,-3.52,-3.52,-3.52,-3.52,-3.53,-3.53,-3.53,-3.53,-3.54,-3.54,-3.54,-3.55,-3.55,-3.56,-3.56,-3.57,-3.57,-3.58,-3.58,-3.59,-3.59,-3.60,-3.61,-3.61,-3.62,-3.63,-3.64,-3.65,-3.66,-3.66,-3.67,-3.68,-3.69,-3.70,-3.71,-3.73,-3.74,-3.75,-3.76,-3.78,-3.79,-3.80,-3.82,-3.83,-3.85,-3.86,-3.88,-3.89,-3.91,-3.93,-3.94,-3.96,-3.98,-4.00,-4.02,-4.04,-4.06,-4.08,-4.10,-4.12,-4.14,-4.16,-4.19,-4.21,-4.23,-4.26,-4.28,-4.30,-4.33,-4.36,-4.38,-4.41,-4.43,-4.46,-4.49,-4.52,-4.55,-4.58,-4.61,-4.64,-4.67,-4.70,-4.73,-4.76,-4.79,-4.82,-4.85,-4.89,-4.92,-4.95,-4.99,-5.02,-5.06,-5.09,-5.13,-5.16,-5.20,-5.23,-5.27,-5.31,-5.34,-5.38,-5.42,-5.46,-5.49,-5.53,-5.57,-5.61,-5.65,-5.68,-5.72,-5.76,-5.80,-5.84,-5.88,-5.92,-5.95,-5.99,-6.03,-6.07,-6.11,-6.15,-6.19,-6.22,-6.26,-6.30,-6.34,-6.37,-6.41,-6.45,-6.48,-6.52,-6.56,-6.59,-6.63,-6.66,-6.69,-6.73,-6.76,-6.79,-6.82,-6.85,-6.88,-6.91,-6.94,-6.97,-7.00,-7.03,-7.05,-7.08,-7.10,-7.12,-7.15,-7.17,-7.19,-7.21,-7.23,-7.25,-7.26,-7.28,-7.29,-7.31,-7.32,-7.33,-7.34,-7.35,-7.36,-7.37,-7.37,-7.38,-7.38,-7.39,-7.39,-7.39
71,-7.50,-7.50,-7.50,-7.50,-7.49,-7.49,-7.48,-7.47,-7.47,-7.46,-7.45,-7.43,-7.42,-7.41,-7.39,-7.38,-7.36,-7.34,-7.32,-7.30,-7.28,-7.26,-7.24,-7.22,-7.19,-7.17,-7.14,-7.12,-7.09,-7.06,-7.03,-7.00,-6.97,-6.94,-6.91,-6.88,-6.85,-6.81,-6.78,-6.75,-6.71,-6.68,-6.64,-6.61,-6.57,-6.53,-6.50,-6.46,-6.42,-6.39,-6.35,-6.31,-6.27,-6.23,-6.20,-6.16,-6.12,-6.08,-6.04,-6.00,-5.96,-5.93,-5.89,-5.85,-5.81,-5.77,-5.73,-5.70,-5.66,-5.62,-5.58,-5.55,-5.51,-5.47,-5.44,-5.40,-5.36,-5.33,-5.29,-5.26,-5.22,-5.19,-5.15,-5.12,-5.08,-5.05,-5.02,-4.99,-4.95,-4.92,-4.89,-4.86,-4.83,-4.80,-4.77,-4.74,-4.71,-4.68,-4.65,-4.62,-4.59,-4.57,-4.54,-4.51,-4.49,-4.46,-4.44,-4.41,-4.39,-4.36,-4.34,-4.32,-4.30,-4.27,-4.25,-4.23,-4.21,-4.19,-4.17,-4.15,-4.13,-4.11,-4.09,-4.08,-4.06,-4.04,-4.03,-4.01,-3.99,-3.98,-3.96,-3.95,-3.93,-3.92,-3.91,-3.90,-3.88,-3.87,-3.86,-3.85,-3.84,-3.83,-3.82,-3.81,-3.80,-3.79,-3.78,-3.77,-3.76,-3.76,-3.75,-3.74,-3.73,-3.73,-3.72,-3.72,-3.71,-3.70,-3.70,-3.69,-3.69,-3.69,-3.68,-3.68,-3.67,-3.67,-3.67,-3.67,-3.66,-3.66,-3.66,-3.66,-3.65,-3.65,-3.65,-3.65,-3.65,-3.65,-3.65,-3.65,-3.65,-3.65,-3.65,-3.65,-3.65,-3.65,-3.65,-3.65,-3.65,-3.66,-3.66,-3.66,-3.66,-3.67,-3.67,-3.67,-3.67,-3.68,-3.68,-3.69,-3.69,-3.69,-3.70,-3.70,-3.71,-3.72,-3.72,-3.73,-3.73,-3.74,-3.75,-3.76,-3.76,-3.77,-3.78,-3.79,-3.80,-3.81,-3.82,-3.83,-3.84,-3.85,-3.86,-3.87,-3.88,-3.90,-3.91,-3.92,-3.93,-3.95,-3.96,-3.98,-3.99,-4.01,-4.03,-4.04,-4.06,-4.08,-4.09,-4.11,-4.13,-4.15,-4.17,-4.19,-4.21,-4.23,-4.25,-4.27,-4.30,-4.32,-4.34,-4.36,-4.39,-4.41,-4.44,-4.46,-4.49,-4.51,-4.54,-4.57,-4.59,-4.62,-4.65,-4.68,-4.71,-4.74,-4.77,-4.80,-4.83,-4.86,-4.89,-4.92,-4.95,-4.99,-5.02,-5.05,-5.08,-5.12,-5.15,-5.19,-5.22,-5.26,-5.29,-5.33,-5.36,-5.40,-5.44,-5.47,-5.51,-5.55,-5.58,-5.62,-5.66,-5.70,-5.73,-5.77,-5.81,-5.85,-5.89,-5.93,-5.96,-6.00,-6.04,-6.08,-6.12,-6.16,-6.20,-6.23,-6.27,-6.31,-6.35,-6.39,-6.42,-6.46,-6.50,-6.53,-6.57,-6.61,-6.64,-6.68,-6.71,-6.75,-6.78,-6.81,-6.85,-6.88,-6.91,-6.94,-6.97,-7.00,-7.03,-7.06,-7.09,-7.12,-7.14,-7.17,-7.19,-7.22,-7.24,-7.26,-7.28,-7.30,-7.32,-7.34,-7.36,-7.38,-7.39,-7.41,-7.42,-7.43,-7.45,-7.46,-7.47,-7.47,-7.48,-7.49,-7.49,-7.50,-7.50,-7.50,-7.50
72,-7.63,-7.63,-7.63,-7.63,-7.63,-7.62,-7.61,-7.61,-7.60,-7.59,-7.58,-7.57,-7.55,-7.54,-7.53,-7.51,-7.49,-7.48,-7.46,-7.44,-7.42,-7.40,-7.38,-7.35,-7.33,-7.30,-7.28,-7.25,-7.23,-7.20,-7.17,-7.14,-7.11,-7.08,-7.05,-7.02,-6.98,-6.95,-6.92,-6.89,-6.85,-6.82,-6.78,-6.75,-6.71,-6.67,-6.64,-6.60,-6.56,-6.53,-6.49,-6.45,-6.41,-6.38,-6.34,-6.30,-6.26,-6.22,-6.19,-6.15,-6.11,-6.07,-6.03,-5.99,-5.96,-5.92,-5.88,-5.84,-5.81,-5.77,-5.73,-5.69,-5.66,-5.62,-5.58,-5.55,-5.51,-5.48,-5.44,-5.41,-5.37,-5.34,-5.30,-5.27,-5.23,-5.20,-5.17,-5.13,-5.10,-5.07,-5.04,-5.01,-4.98,-4.95,-4.92,-4.89,-4.86,-4.83,-4.80,-4.77,-4.74,-4.72,-4.69,-4.66,-4.64,-4.61,-4.59,-4.56,-4.54,-4.51,-4.49,-4.47,-4.45,-4.42,-4.40,-4.38,-4.36,-4.34,-4.32,-4.30,-4.28,-4.26,-4.24,-4.23,-4.21,-4.19,-4.18,-4.16,-4.14,-4.13,-4.11,-4.10,-4.09,-4.07,-4.06,-4.05,-4.03,-4.02,-4.01,-4.00,-3.99,-3.98,-3.97,-3.96,-3.95,-3.94,-3.93,-3.92,-3.91,-3.91,-3.90,-3.89,-3.89,-3.88,-3.87,-3.87,-3.86,-3.86,-3.85,-3.85,-3.84,-3.84,-3.83,-3.83,-3.83,-3.82,-3.82,-3.82,-3.81,-3.81,-3.81,-3.81,-3.81,-3.80,-3.80,-3.80,-3.80,-3.80,-3.80,-3.80,-3.80,-3.80,-3.80,-3.80,-3.80,-3.80,-3.80,-3.80,-3.81,-3.81,-3.81,-3.81,-3.81,-3.82,-3.82,-3.82,-3.83,-3.83,-3.83,-3.84,-3.84,-3.85,-3.85,-3.86,-3.86,-3.87,-3.87,-3.88,-3.89,-3.89,-3.90,-3.91,-3.91,-3.92,-3.93,-3.94,-3.95,-3.96,-3.97,-3.98,-3.99,-4.00,-4.01,-4.02,-4.03,-4.05,-4.06,-4.07,-4.09,-4.10,-4.11,-4.13,-4.14,-4.16,-4.18,-4.19,-4.21,-4.23,-4.24,-4.26,-4.28,-4.30,-4.32,-4.34,-4.36,-4.38,-4.40,-4.42,-4.45,-4.47,-4.49,-4.51,-4.54,-4.56,-4.59,-4.61,-4.64,-4.66,-4.69,-4.72,-4.74,-4.77,-4.80,-4.83,-4.86,-4.89,-4.92,-4.95,-4.98,-5.01,-5.04,-5.07,-5.10,-5.13,-5.17,-5.20,-5.23,-5.27,-5.30,-5.34,-5.37,-5.41,-5.44,-5.48,-5.51,-5.55,-5.58,-5.62,-5.66,-5.69,-5.73,-5.77,-5.81,-5.84,-5.88,-5.92,-5.96,-5.99,-6.03,-6.07,-6.11,-6.15,-6.19,-6.22,-6.26,-6.30,-6.34,-6.38,-6.41,-6.45,-6.49,-6.53,-6.56,-6.60,-6.64,-6.67,-6.71,-6.75,-6.78,-6.82,-6.85,-6.89,-6.92,-6.95,-6.98,-7.02,-7.05,-7.08,-7.11,-7.14,-7.17,-7.20,-7.23,-7.25,-7.28,-7.30,-7.33,-7.35,-7.38,-7.40,-7.42,-7.44,-7.46,-7.48,-7.49,-7.51,-7.53,-7.54,-7.55,-7.57,-7.58,-7.59,-7.60,-7.61,-7.61,-7.62,-7.63,-7.63,-7.63,-7.63,-7.63
73,-7.79,-7.79,-7.79,-7.78,-7.78,-7.77,-7.77,-7.76,-7.75,-7.74,-7.73,-7.72,-7.71,-7.70,-7.68,-7.67,-7.65,-7.63,-7.61,-7.59,-7.57,-7.55,-7.53,-7.51,-7.49,-7.46,-7.44,-7.41,-7.38,-7.36,-7.33,-7.30,-7.27,-7.24,-7.21,-7.18,-7.14,-7.11,-7.08,-7.05,-7.01,-6.98,-6.94,-6.91,-6.87,-6.84,-6.80,-6.76,-6.73,-6.69,-6.65,-6.62,-6.58,-6.54,-6.50,-6.47,-6.43,-6.39,-6.35,-6.31,-6.28,-6.24,-6.20,-6.16,-6.12,-6.09,-6.05,-6.01,-5.97,-5.94,-5.90,-5.86,-5.83,-5.79,-5.75,-5.72,-5.68,-5.64,-5.61,-5.57,-5.54,-5.51,-5.47,-5.44,-5.40,-5.37,-5.34,-5.31,-5.27,-5.24,-5.21,-5.18,-5.15,-5.12,-5.09,-5.06,-5.03,-5.00,-4.97,-4.94,-4.92,-4.89,-4.86,-4.84,-4.81,-4.78,-4.76,-4.73,-4.71,-4.69,-4.66,-4.64,-4.62,-4.60,-4.57,-4.55,-4.53,-4.51,-4.49,-4.47,-4.45,-4.43,-4.42,-4.40,-4.38,-4.36,-4.35,-4.33,-4.32,-4.30,-4.29,-4.27,-4.26,-4.24,-4.23,-4.22,-4.21,-4.19,-4.18,-4.17,-4.16,-4.15,-4.14,-4.13,-4.12,-4.11,-4.10,-4.09,-4.09,-4.08,-4.07,-4.06,-4.06,-4.05,-4.04,-4.04,-4.03,-4.03,-4.02,-4.02,-4.01,-4.01,-4.01,-4.00,-4.00,-3.99,-3.99,-3.99,-3.99,-3.98,-3.98,-3.98,-3.98,-3.98,-3.98,-3.97,-3.97,-3.97,-3.97,-3.97,-3.97,-3.97,-3.97,-3.97,-3.97,-3.97,-3.98,-3.98,-3.98,-3.98,-3.98,-3.98,-3.99,-3.99,-3.99,-3.99,-4.00,-4.00,-4.01,-4.01,-4.01,-4.02,-4.02,-4.03,-4.03,-4.04,-4.04,-4.05,-4.06,-4.06,-4.07,-4.08,-4.09,-4.09,-4.10,-4.11,-4.12,-4.13,-4.14,-4.15,-4.16,-4.17,-4.18,-4.19,-4.21,-4.22,-4.23,-4.24,-4.26,-4.27,-4.29,-4.30,-4.32,-4.33,-4.35,-4.36,-4.38,-4.40,-4.42,-4.43,-4.45,-4.47,-4.49,-4.51,-4.53,-4.55,-4.57,-4.60,-4.62,-4.64,-4.66,-4.69,-4.71,-4.73,-4.76,-4.78,-4.81,-4.84,-4.86,-4.89,-4.92,-4.94,-4.97,-5.00,-5.03,-5.06,-5.09,-5.12,-5.15,-5.18,-5.21,-5.24,-5.27,-5.31,-5.34,-5.37,-5.40,-5.44,-5.47,-5.51,-5.54,-5.57,-5.61,-5.64,-5.68,-5.72,-5.75,-5.79,-5.83,-5.86,-5.90,-5.94,-5.97,-6.01,-6.05,-6.09,-6.12,-6.16,-6.20,-6.24,-6.28,-6.31,-6.35,-6.39,-6.43,-6.47,-6.50,-6.54,-6.58,-6.62,-6.65,-6.69,-6.73,-6.76,-6.80,-6.84,-6.87,-6.91,-6.94,-6.98,-7.01,-7.05,-7.08,-7.11,-7.14,-7.18,-7.21,-7.24,-7.27,-7.30,-7.33,-7.36,-7.38,-7.41,-7.44,-7.46,-7.49,-7.51,-7.53,-7.55,-7.57,-7.59,-7.61,-7.63,-7.65,-7.67,-7.68,-7.70,-7.71,-7.72,-7.73,-7.74,-7.75,-7.76,-7.77,-7.77,-7.78,-7.78,-7.79,-7.79,-7.79
74,-7.96,-7.96,-7.96,-7.96,-7.96,-7.95,-7.95,-7.94,-7.93,-7.92,-7.91,-7.90,-7.89,-7.87,-7.86,-7.84,-7.83,-7.81,-7.79,-7.77,-7.75,-7.73,-7.71,-7.69,-7.67,-7.64,-7.62,-7.59,-7.56,-7.54,-7.51,-7.48,-7.45,-7.42,-7.39,-7.36,-7.33,-7.30,-7.26,-7.23,-7.20,-7.16,-7.13,-7.09,-7.06,-7.02,-6.99,-6.95,-6.91,-6.88,-6.84,-6.80,-6.77,-6.73,-6.69,-6.65,-6.62,-6.58,-6.54,-6.50,-6.46,-6.43,-6.39,-6.35,-6.31,-6.28,-6.24,-6.20,-6.16,-6.13,-6.09,-6.05,-6.02,-5.98,-5.94,-5.91,-5.87,-5.84,-5.80,-5.77,-5.73,-5.70,-5.66,-5.63,-5.60,-5.56,-5.53,-5.50,-5.47,-5.43,-5.40,-5.37,-5.34,-5.31,-5.28,-5.25,-5.22,-5.19,-5.17,-5.14,-5.11,-5.08,-5.06,-5.03,-5.00,-4.98,-4.95,-4.93,-4.90,-4.88,-4.86,-4.83,-4.81,-4.79,-4.77,-4.75,-4.73,-4.71,-4.69,-4.67,-4.65,-4.63,-4.61,-4.59,-4.58,-4.56,-4.54,-4.53,-4.51,-4.50,-4.48,-4.47,-4.45,-4.44,-4.43,-4.41,-4.40,-4.39,-4.38,-4.37,-4.35,-4.34,-4.33,-4.32,-4.31,-4.31,-4.30,-4.29,-4.28,-4.27,-4.27,-4.26,-4.25,-4.25,-4.24,-4.23,-4.23,-4.22,-4.22,-4.21,-4.21,-4.20,-4.20,-4.20,-4.19,-4.19,-4.19,-4.18,-4.18,-4.18,-4.18,-4.17,-4.17,-4.17,-4.17,-4.17,-4.17,-4.17,-4.17,-4.17,-4.17,-4.17,-4.17,-4.17,-4.17,-4.17,-4.17,-4.17,-4.17,-4.17,-4.18,-4.18,-4.18,-4.18,-4.19,-4.19,-4.19,-4.20,-4.20,-4.20,-4.21,-4.21,-4.22,-4.22,-4.23,-4.23,-4.24,-4.25,-4.25,-4.26,-4.27,-4.27,-4.28,-4.29,-4.30,-4.31,-4.31,-4.32,-4.33,-4.34,-4.35,-4.37,-4.38,-4.39,-4.40,-4.41,-4.43,-4.44,-4.45,-4.47,-4.48,-4.50,-4.51,-4.53,-4.54,-4.56,-4.58,-4.59,-4.61,-4.63,-4.65,-4.67,-4.69,-4.71,-4.73,-4.75,-4.77,-4.79,-4.81,-4.83,-4.86,-4.88,-4.90,-4.93,-4.95,-4.98,-5.00,-5.03,-5.06,-5.08,-5.11,-5.14,-5.17,-5.19,-5.22,-5.25,-5.28,-5.31,-5.34,-5.37,-5.40,-5.43,-5.47,-5.50,-5.53,-5.56,-5.60,-5.63,-5.66,-5.70,-5.73,-5.77,-5.80,-5.84,-5.87,-5.91,-5.94,-5.98,-6.02,-6.05,-6.09,-6.13,-6.16,-6.20,-6.24,-6.28,-6.31,-6.35,-6.39,-6.43,-6.46,-6.50,-6.54,-6.58,-6.62,-6.65,-6.69,-6.73,-6.77,-6.80,-6.84,-6.88,-6.91,-6.95,-6.99,-7.02,-7.06,-7.09,-7.13,-7.16,-7.20,-7.23,-7.26,-7.30,-7.33,-7.36,-7.39,-7.42,-7.45,-7.48,-7.51,-7.54,-7.56,-7.59,-7.62,-7.64,-7.67,-7.69,-7.71,-7.73,-7.75,-7.77,-7.79,-7.81,-7.83,-7.84,-7.86,-7.87,-7.89,-7.90,-7.91,-7.92,-7.93,-7.94,-7.95,-7.95,-7.96,-7.96,-7.96,-7.96,-7.96
75,-8.17,-8.17,-8.17,-8.16,-8.16,-8.16,-8.15,-8.14,-8.13,-8.13,-8.12,-8.10,-8.09,-8.08,-8.07,-8.05,-8.03,-8.02,-8.00,-7.98,-7.96,-7.94,-7.92,-7.90,-7.87,-7.85,-7.82,-7.80,-7.77,-7.75,-7.72,-7.69,-7.66,-7.63,-7.60,-7.57,-7.54,-7.51,-7.47,-7.44,-7.41,-7.37,-7.34,-7.31,-7.27,-7.23,-7.20,-7.16,-7.13,-7.09,-7.05,-7.02,-6.98,-6.94,-6.91,-6.87,-6.83,-6.79,-6.76,-6.72,-6.68,-6.64,-6.61,-6.57,-6.53,-6.49,-6.46,-6.42,-6.38,-6.34,-6.31,-6.27,-6.24,-6.20,-6.16,-6.13,-6.09,-6.06,-6.02,-5.99,-5.95,-5.92,-5.88,-5.85,-5.82,-5.78,-5.75,-5.72,-5.69,-5.65,-5.62,-5.59,-5.56,-5.53,-5.50,-5.47,-5.44,-5.41,-5.39,-5.36,-5.33,-5.30,-5.28,-5.25,-5.23,-5.20,-5.17,-5.15,-5.13,-5.10,-5.08,-5.06,-5.03,-5.01,-4.99,-4.97,-4.95,-4.93,-4.91,-4.89,-4.87,-4.85,-4.83,-4.81,-4.80,-4.78,-4.76,-4.75,-4.73,-4.72,-4.70,-4.69,-4.67,-4.66,-4.65,-4.63,-4.62,-4.61,-4.60,-4.59,-4.58,-4.57,-4.55,-4.55,-4.54,-4.53,-4.52,-4.51,-4.50,-4.49,-4.49,-4.48,-4.47,-4.47,-4.46,-4.45,-4.45,-4.44,-4.44,-4.43,-4.43,-4.42,-4.42,-4.42,-4.41,-4.41,-4.41,-4.40,-4.40,-4.40,-4.40,-4.39,-4.39,-4.39,-4.39,-4.39,-4.39,-4.39,-4.39,-4.39,-4.39,-4.39,-4.39,-4.39,-4.39,-4.39,-4.39,-4.39,-4.39,-4.39,-4.40,-4.40,-4.40,-4.40,-4.41,-4.41,-4.41,-4.42,-4.42,-4.42,-4.43,-4.43,-4.44,-4.44,-4.45,-4.45,-4.46,-4.47,-4.47,-4.48,-4.49,-4.49,-4.50,-4.51,-4.52,-4.53,-4.54,-4.55,-4.55,-4.57,-4.58,-4.59,-4.60,-4.61,-4.62,-4.63,-4.65,-4.66,-4.67,-4.69,-4.70,-4.72,-4.73,-4.75,-4.76,-4.78,-4.80,-4.81,-4.83,-4.85,-4.87,-4.89,-4.91,-4.93,-4.95,-4.97,-4.99,-5.01,-5.03,-5.06,-5.08,-5.10,-5.13,-5.15,-5.17,-5.20,-5.23,-5.25,-5.28,-5.30,-5.33,-5.36,-5.39,-5.41,-5.44,-5.47,-5.50,-5.53,-5.56,-5.59,-5.62,-5.65,-5.69,-5.72,-5.75,-5.78,-5.82,-5.85,-5.88,-5.92,-5.95,-5.99,-6.02,-6.06,-6.09,-6.13,-6.16,-6.20,-6.24,-6.27,-6.31,-6.34,-6.38,-6.42,-6.46,-6.49,-6.53,-6.57,-6.61,-6.64,-6.68,-6.72,-6.76,-6.79,-6.83,-6.87,-6.91,-6.94,-6.98,-7.02,-7.05,-7.09,-7.13,-7.16,-7.20,-7.23,-7.27,-7.31,-7.34,-7.37,-7.41,-7.44,-7.47,-7.51,-7.54,-7.57,-7.60,-7.63,-7.66,-7.69,-7.72,-7.75,-7.77,-7.80,-7.82,-7.85,-7.87,-7.90,-7.92,-7.94,-7.96,-7.98,-8.00,-8.02,-8.03,-8.05,-8.07,-8.08,-8.09,-8.10,-8.12,-8.13,-8.13,-8.14,-8.15,-8.16,-8.16,-8.16,-8.17,-8.17,-8.17
76,-8.40,-8.40,-8.40,-8.40,-8.40,-8.39,-8.39,-8.38,-8.37,-8.36,-8.35,-8.34,-8.33,-8.32,-8.30,-8.29,-8.27,-8.25,-8.24,-8.22,-8.20,-8.18,-8.16,-8.13,-8.11,-8.09,-8.06,-8.04,-8.01,-7.99,-7.96,-7.93,-7.90,-7.87,-7.84,-7.81,-7.78,-7.75,-7.72,-7.68,-7.65,-7.62,-7.58,-7.55,-7.51,-7.48,-7.44,-7.41,-7.37,-7.34,-7.30,-7.26,-7.23,-7.19,-7.15,-7.11,-7.08,-7.04,-7.00,-6.97,-6.93,-6.89,-6.85,-6.82,-6.78,-6.74,-6.70,-6.67,-6.63,-6.59,-6.56,-6.52,-6.48,-6.45,-6.41,-6.38,-6.34,-6.31,-6.27,-6.24,-6.20,-6.17,-6.13,-6.10,-6.07,-6.03,-6.00,-5.97,-5.94,-5.91,-5.87,-5.84,-5.81,-5.78,-5.75,-5.72,-5.69,-5.67,-5.64,-5.61,-5.58,-5.56,-5.53,-5.50,-5.48,-5.45,-5.43,-5.40,-5.38,-5.35,-5.33,-5.31,-5.28,-5.26,-5.24,-5.22,-5.20,-5.18,-5.16,-5.14,-5.12,-5.10,-5.08,-5.07,-5.05,-5.03,-5.01,-5.00,-4.98,-4.97,-4.95,-4.94,-4.92,-4.91,-4.90,-4.88,-4.87,-4.86,-4.85,-4.84,-4.83,-4.82,-4.81,-4.80,-4.79,-4.78,-4.77,-4.76,-4.75,-4.74,-4.74,-4.73,-4.72,-4.72,-4.71,-4.70,-4.70,-4.69,-4.69,-4.68,-4.68,-4.68,-4.67,-4.67,-4.66,-4.66,-4.66,-4.65,-4.65,-4.65,-4.65,-4.65,-4.64,-4.64,-4.64,-4.64,-4.64,-4.64,-4.64,-4.64,-4.64,-4.64,-4.64,-4.64,-4.64,-4.64,-4.64,-4.64,-4.64,-4.65,-4.65,-4.65,-4.65,-4.65,-4.66,-4.66,-4.66,-4.67,-4.67,-4.68,-4.68,-4.68,-4.69,-4.69,-4.70,-4.70,-4.71,-4.72,-4.72,-4.73,-4.74,-4.74,-4.75,-4.76,-4.77,-4.78,-4.79,-4.80,-4.81,-4.82,-4.83,-4.84,-4.85,-4.86,-4.87,-4.88,-4.90,-4.91,-4.92,-4.94,-4.95,-4.97,-4.98,-5.00,-5.01,-5.03,-5.05,-5.07,-5.08,-5.10,-5.12,-5.14,-5.16,-5.18,-5.20,-5.22,-5.24,-5.26,-5.28,-5.31,-5.33,-5.35,-5.38,-5.40,-5.43,-5.45,-5.48,-5.50,-5.53,-5.56,-5.58,-5.61,-5.64,-5.67,-5.69,-5.72,-5.75,-5.78,-5.81,-5.84,-5.87,-5.91,-5.94,-5.97,-6.00,-6.03,-6.07,-6.10,-6.13,-6.17,-6.20,-6.24,-6.27,-6.31,-6.34,-6.38,-6.41,-6.45,-6.48,-6.52,-6.56,-6.59,-6.63,-6.67,-6.70,-6.74,-6.78,-6.82,-6.85,-6.89,-6.93,-6.97,-7.00,-7.04,-7.08,-7.11,-7.15,-7.19,-7.23,-7.26,-7.30,-7.34,-7.37,-7.41,-7.44,-7.48,-7.51,-7.55,-7.58,-7.62,-7.65,-7.68,-7.72,-7.75,-7.78,-7.81,-7.84,-7.87,-7.90,-7.93,-7.96,-7.99,-8.01,-8.04,-8.06,-8.09,-8.11,-8.13,-8.16,-8.18,-8.20,-8.22,-8.24,-8.25,-8.27,-8.29,-8.30,-8.32,-8.33,-8.34,-8.35,-8.36,-8.37,-8.38,-8.39,-8.39,-8.40,-8.40,-8.40,-8.40,-8.40
77,-8.68,-8.68,-8.67,-8.67,-8.67,-8.66,-8.66,-8.65,-8.64,-8.63,-8.62,-8.61,-8.60,-8.59,-8.57,-8.56,-8.54,-8.53,-8.51,-8.49,-8.47,-8.45,-8.43,-8.41,-8.39,-8.36,-8.34,-8.31,-8.29,-8.26,-8.23,-8.21,-8.18,-8.15,-8.12,-8.09,-8.06,-8.03,-7.99,-7.96,-7.93,-7.90,-7.86,-7.83,-7.79,-7.76,-7.72,-7.69,-7.65,-7.62,-7.58,-7.54,-7.51,-7.47,-7.43,-7.40,-7.36,-7.32,-7.29,-7.25,-7.21,-7.17,-7.14,-7.10,-7.06,-7.03,-6.99,-6.95,-6.92,-6.88,-6.84,-6.81,-6.77,-6.73,-6.70,-6.66,-6.63,-6.59,-6.56,-6.52,-6.49,-6.45,-6.42,-6.39,-6.35,-6.32,-6.29,-6.26,-6.22,-6.19,-6.16,-6.13,-6.10,-6.07,-6.04,-6.01,-5.98,-5.95,-5.92,-5.90,-5.87,-5.84,-5.82,-5.79,-5.76,-5.74,-5.71,-5.69,-5.66,-5.64,-5.62,-5.59,-5.57,-5.55,-5.53,-5.51,-5.49,-5.47,-5.45,-5.43,-5.41,-5.39,-5.37,-5.35,-5.34,-5.32,-5.30,-5.29,-5.27,-5.25,-5.24,-5.23,-5.21,-5.20,-5.18,-5.17,-5.16,-5.15,-5.14,-5.12,-5.11,-5.10,-5.09,-5.08,-5.07,-5.06,-5.06,-5.05,-5.04,-5.03,-5.02,-5.02,-5.01,-5.00,-5.00,-4.99,-4.99,-4.98,-4.97,-4.97,-4.97,-4.96,-4.96,-4.95,-4.95,-4.95,-4.94,-4.94,-4.94,-4.94,-4.93,-4.93,-4.93,-4.93,-4.93,-4.93,-4.93,-4.92,-4.92,-4.92,-4.92,-4.92,-4.92,-4.92,-4.93,-4.93,-4.93,-4.93,-4.93,-4.93,-4.93,-4.94,-4.94,-4.94,-4.94,-4.95,-4.95,-4.95,-4.96,-4.96,-4.97,-4.97,-4.97,-4.98,-4.99,-4.99,-5.00,-5.00,-5.01,-5.02,-5.02,-5.03,-5.04,-5.05,-5.06,-5.06,-5.07,-5.08,-5.09,-5.10,-5.11,-5.12,-5.14,-5.15,-5.16,-5.17,-5.18,-5.20,-5.21,-5.23,-5.24,-5.25,-5.27,-5.29,-5.30,-5.32,-5.34,-5.35,-5.37,-5.39,-5.41,-5.43,-5.45,-5.47,-5.49,-5.51,-5.53,-5.55,-5.57,-5.59,-5.62,-5.64,-5.66,-5.69,-5.71,-5.74,-5.76,-5.79,-5.82,-5.84,-5.87,-5.90,-5.92,-5.95,-5.98,-6.01,-6.04,-6.07,-6.10,-6.13,-6.16,-6.19,-6.22,-6.26,-6.29,-6.32,-6.35,-6.39,-6.42,-6.45,-6.49,-6.52,-6.56,-6.59,-6.63,-6.66,-6.70,-6.73,-6.77,-6.81,-6.84,-6.88,-6.92,-6.95,-6.99,-7.03,-7.06,-7.10,-7.14,-7.17,-7.21,-7.25,-7.29,-7.32,-7.36,-7.40,-7.43,-7.47,-7.51,-7.54,-7.58,-7.62,-7.65,-7.69,-7.72,-7.76,-7.79,-7.83,-7.86,-7.90,-7.93,-7.96,-7.99,-8.03,-8.06,-8.09,-8.12,-8.15,-8.18,-8.21,-8.23,-8.26,-8.29,-8.31,-8.34,-8.36,-8.39,-8.41,-8.43,-8.45,-8.47,-8.49,-8.51,-8.53,-8.54,-8.56,-8.57,-8.59,-8.60,-8.61,-8.62,-8.63,-8.64,-8.65,-8.66,-8.66,-8.67,-8.67,-8.67,-8.68,-8.68
78,-8.99,-8.99,-8.99,-8.99,-8.98,-8.98,-8.97,-8.97,-8.96,-8.95,-8.94,-8.93,-8.92,-8.90,-8.89,-8.88,-8.86,-8.84,-8.83,-8.81,-8.79,-8.77,-8.75,-8.73,-8.70,-8.68,-8.66,-8.63,-8.61,-8.58,-8.55,-8.52,-8.50,-8.47,-8.44,-8.41,-8.38,-8.35,-8.31,-8.28,-8.25,-8.22,-8.18,-8.15,-8.11,-8.08,-8.05,-8.01,-7.97,-7.94,-7.90,-7.87,-7.83,-7.79,-7.76,-7.72,-7.68,-7.65,-7.61,-7.57,-7.54,-7.50,-7.46,-7.43,-7.39,-7.35,-7.31,-7.28,-7.24,-7.21,-7.17,-7.13,-7.10,-7.06,-7.03,-6.99,-6.95,-6.92,-6.89,-6.85,-6.82,-6.78,-6.75,-6.72,-6.68,-6.65,-6.62,-6.58,-6.55,-6.52,-6.49,-6.46,-6.43,-6.40,-6.37,-6.34,-6.31,-6.28,-6.25,-6.23,-6.20,-6.17,-6.15,-6.12,-6.09,-6.07,-6.04,-6.02,-5.99,-5.97,-5.95,-5.92,-5.90,-5.88,-5.86,-5.84,-5.82,-5.79,-5.77,-5.76,-5.74,-5.72,-5.70,-5.68,-5.66,-5.65,-5.63,-5.61,-5.60,-5.58,-5.57,-5.55,-5.54,-5.53,-5.51,-5.50,-5.49,-5.48,-5.46,-5.45,-5.44,-5.43,-5.42,-5.41,-5.40,-5.39,-5.38,-5.37,-5.37,-5.36,-5.35,-5.34,-5.34,-5.33,-5.32,-5.32,-5.31,-5.31,-5.30,-5.30,-5.29,-5.29,-5.28,-5.28,-5.28,-5.27,-5.27,-5.27,-5.27,-5.26,-5.26,-5.26,-5.26,-5.26,-5.25,-5.25,-5.25,-5.25,-5.25,-5.25,-5.25,-5.25,-5.25,-5.25,-5.25,-5.25,-5.25,-5.26,-5.26,-5.26,-5.26,-5.26,-5.27,-5.27,-5.27,-5.27,-5.28,-5.28,-5.28,-5.29,-5.29,-5.30,-5.30,-5.31,-5.31,-5.32,-5.32,-5.33,-5.34,-5.34,-5.35,-5.36,-5.37,-5.37,-5.38,-5.39,-5.40,-5.41,-5.42,-5.43,-5.44,-5.45,-5.46,-5.48,-5.49,-5.50,-5.51,-5.53,-5.54,-5.55,-5.57,-5.58,-5.60,-5.61,-5.63,-5.65,-5.66,-5.68,-5.70,-5.72,-5.74,-5.76,-5.77,-5.79,-5.82,-5.84,-5.86,-5.88,-5.90,-5.92,-5.95,-5.97,-5.99,-6.02,-6.04,-6.07,-6.09,-6.12,-6.15,-6.17,-6.20,-6.23,-6.25,-6.28,-6.31,-6.34,-6.37,-6.40,-6.43,-6.46,-6.49,-6.52,-6.55,-6.58,-6.62,-6.65,-6.68,-6.72,-6.75,-6.78,-6.82,-6.85,-6.89,-6.92,-6.95,-6.99,-7.03,-7.06,-7.10,-7.13,-7.17,-7.21,-7.24,-7.28,-7.31,-7.35,-7.39,-7.43,-7.46,-7.50,-7.54,-7.57,-7.61,-7.65,-7.68,-7.72,-7.76,-7.79,-7.83,-7.87,-7.90,-7.94,-7.97,-8.01,-8.05,-8.08,-8.11,-8.15,-8.18,-8.22,-8.25,-8.28,-8.31,-8.35,-8.38,-8.41,-8.44,-8.47,-8.50,-8.52,-8.55,-8.58,-8.61,-8.63,-8.66,-8.68,-8.70,-8.73,-8.75,-8.77,-8.79,-8.81,-8.83,-8.84,-8.86,-8.88,-8.89,-8.90,-8.92,-8.93,-8.94,-8.95,-8.96,-8.97,-8.97,-8.98,-8.98,-8.99,-8.99,-8.99,-8.99
79,-9.36,-9.36,-9.35,-9.35,-9.35,-9.34,-9.34,-9.33,-9.32,-9.31,-9.30,-9.29,-9.28,-9.27,-9.26,-9.24,-9.23,-9.21,-9.19,-9.17,-9.16,-9.14,-9.11,-9.09,-9.07,-9.05,-9.02,-9.00,-8.97,-8.95,-8.92,-8.89,-8.87,-8.84,-8.81,-8.78,-8.75,-8.72,-8.68,-8.65,-8.62,-8.59,-8.55,-8.52,-8.49,-8.45,-8.42,-8.38,-8.35,-8.31,-8.28,-8.24,-8.20,-8.17,-8.13,-8.10,-8.06,-8.02,-7.99,-7.95,-7.91,-7.88,-7.84,-7.80,-7.76,-7.73,-7.69,-7.65,-7.62,-7.58,-7.55,-7.51,-7.47,-7.44,-7.40,-7.37,-7.33,-7.30,-7.26,-7.23,-7.19,-7.16,-7.13,-7.09,-7.06,-7.03,-7.00,-6.96,-6.93,-6.90,-6.87,-6.84,-6.81,-6.78,-6.75,-6.72,-6.69,-6.66,-6.63,-6.61,-6.58,-6.55,-6.52,-6.50,-6.47,-6.45,-6.42,-6.40,-6.37,-6.35,-6.33,-6.30,-6.28,-6.26,-6.24,-6.21,-6.19,-6.17,-6.15,-6.13,-6.11,-6.10,-6.08,-6.06,-6.04,-6.03,-6.01,-5.99,-5.98,-5.96,-5.95,-5.93,-5.92,-5.90,-5.89,-5.88,-5.87,-5.85,-5.84,-5.83,-5.82,-5.81,-5.80,-5.79,-5.78,-5.77,-5.76,-5.75,-5.74,-5.74,-5.73,-5.72,-5.71,-5.71,-5.70,-5.70,-5.69,-5.68,-5.68,-5.67,-5.67,-5.67,-5.66,-5.66,-5.65,-5.65,-5.65,-5.65,-5.64,-5.64,-5.64,-5.64,-5.63,-5.63,-5.63,-5.63,-5.63,-5.63,-5.63,-5.63,-5.63,-5.63,-5.63,-5.63,-5.63,-5.63,-5.63,-5.63,-5.63,-5.64,-5.64,-5.64,-5.64,-5.65,-5.65,-5.65,-5.65,-5.66,-5.66,-5.67,-5.67,-5.67,-5.68,-5.68,-5.69,-5.70,-5.70,-5.71,-5.71,-5.72,-5.73,-5.74,-5.74,-5.75,-5.76,-5.77,-5.78,-5.79,-5.80,-5.81,-5.82,-5.83,-5.84,-5.85,-5.87,-5.88,-5.89,-5.90,-5.92,-5.93,-5.95,-5.96,-5.98,-5.99,-6.01,-6.03,-6.04,-6.06,-6.08,-6.10,-6.11,-6.13,-6.15,-6.17,-6.19,-6.21,-6.24,-6.26,-6.28,-6.30,-6.33,-6.35,-6.37,-6.40,-6.42,-6.45,-6.47,-6.50,-6.52,-6.55,-6.58,-6.61,-6.63,-6.66,-6.69,-6.72,-6.75,-6.78,-6.81,-6.84,-6.87,-6.90,-6.93,-6.96,-7.00,-7.03,-7.06,-7.09,-7.13,-7.16,-7.19,-7.23,-7.26,-7.30,-7.33,-7.37,-7.40,-7.44,-7.47,-7.51,-7.55,-7.58,-7.62,-7.65,-7.69,-7.73,-7.76,-7.80,-7.84,-7.88,-7.91,-7.95,-7.99,-8.02,-8.06,-8.10,-8.13,-8.17,-8.20,-8.24,-8.28,-8.31,-8.35,-8.38,-8.42,-8.45,-8.49,-8.52,-8.55,-8.59,-8.62,-8.65,-8.68,-8.72,-8.75,-8.78,-8.81,-8.84,-8.87,-8.89,-8.92,-8.95,-8.97,-9.00,-9.02,-9.05,-9.07,-9.09,-9.11,-9.14,-9.16,-9.17,-9.19,-9.21,-9.23,-9.24,-9.26,-9.27,-9.28,-9.29,-9.30,-9.31,-9.32,-9.33,-9.34,-9.34,-9.35,-9.35,-9.35,-9.36,-9.36
80,-9.78,-9.78,-9.78,-9.78,-9.77,-9.77,-9.76,-9.76,-9.75,-9.74,-9.73,-9.72,-9.71,-9.70,-9.68,-9.67,-9.65,-9.64,-9.62,-9.60,-9.58,-9.56,-9.54,-9.52,-9.50,-9.48,-9.45,-9.43,-9.40,-9.38,-9.35,-9.32,-9.30,-9.27,-9.24,-9.21,-9.18,-9.15,-9.12,-9.08,-9.05,-9.02,-8.99,-8.95,-8.92,-8.89,-8.85,-8.82,-8.78,-8.75,-8.71,-8.68,-8.64,-8.60,-8.57,-8.53,-8.49,-8.46,-8.42,-8.39,-8.35,-8.31,-8.28,-8.24,-8.20,-8.17,-8.13,-8.09,-8.06,-8.02,-7.98,-7.95,-7.91,-7.88,-7.84,-7.81,-7.77,-7.74,-7.70,-7.67,-7.63,-7.60,-7.57,-7.53,-7.50,-7.47,-7.44,-7.40,-7.37,-7.34,-7.31,-7.28,-7.25,-7.22,-7.19,-7.16,-7.13,-7.10,-7.07,-7.05,-7.02,-6.99,-6.96,-6.94,-6.91,-6.89,-6.86,-6.84,-6.81,-6.79,-6.76,-6.74,-6.72,-6.70,-6.68,-6.65,-6.63,-6.61,-6.59,-6.57,-6.55,-6.54,-6.52,-6.50,-6.48,-6.46,-6.45,-6.43,-6.42,-6.40,-6.39,-6.37,-6.36,-6.34,-6.33,-6.32,-6.30,-6.29,-6.28,-6.27,-6.26,-6.25,-6.24,-6.23,-6.22,-6.21,-6.20,-6.19,-6.18,-6.17,-6.17,-6.16,-6.15,-6.15,-6.14,-6.13,-6.13,-6.12,-6.12,-6.11,-6.11,-6.10,-6.10,-6.10,-6.09,-6.09,-6.09,-6.08,-6.08,-6.08,-6.08,-6.07,-6.07,-6.07,-6.07,-6.07,-6.07,-6.07,-6.07,-6.06,-6.06,-6.06,-6.07,-6.07,-6.07,-6.07,-6.07,-6.07,-6.07,-6.07,-6.08,-6.08,-6.08,-6.08,-6.09,-6.09,-6.09,-6.10,-6.10,-6.10,-6.11,-6.11,-6.12,-6.12,-6.13,-6.13,-6.14,-6.15,-6.15,-6.16,-6.17,-6.17,-6.18,-6.19,-6.20,-6.21,-6.22,-6.23,-6.24,-6.25,-6.26,-6.27,-6.28,-6.29,-6.30,-6.32,-6.33,-6.34,-6.36,-6.37,-6.39,-6.40,-6.42,-6.43,-6.45,-6.46,-6.48,-6.50,-6.52,-6.54,-6.55,-6.57,-6.59,-6.61,-6.63,-6.65,-6.68,-6.70,-6.72,-6.74,-6.76,-6.79,-6.81,-6.84,-6.86,-6.89,-6.91,-6.94,-6.96,-6.99,-7.02,-7.05,-7.07,-7.10,-7.13,-7.16,-7.19,-7.22,-7.25,-7.28,-7.31,-7.34,-7.37,-7.40,-7.44,-7.47,-7.50,-7.53,-7.57,-7.60,-7.63,-7.67,-7.70,-7.74,-7.77,-7.81,-7.84,-7.88,-7.91,-7.95,-7.98,-8.02,-8.06,-8.09,-8.13,-8.17,-8.20,-8.24,-8.28,-8.31,-8.35,-8.39,-8.42,-8.46,-8.49,-8.53,-8.57,-8.60,-8.64,-8.68,-8.71,-8.75,-8.78,-8.82,-8.85,-8.89,-8.92,-8.95,-8.99,-9.02,-9.05,-9.08,-9.12,-9.15,-9.18,-9.21,-9.24,-9.27,-9.30,-9.32,-9.35,-9.38,-9.40,-9.43,-9.45,-9.48,-9.50,-9.52,-9.54,-9.56,-9.58,-9.60,-9.62,-9.64,-9.65,-9.67,-9.68,-9.70,-9.71,-9.72,-9.73,-9.74,-9.75,-9.76,-9.76,-9.77,-9.77,-9.78,-9.78,-9.78,-9.78
81,-10.28,-10.28,-10.28,-10.28,-10.27,-10.27,-10.26,-10.26,-10.25,-10.24,-10.23,-10.22,-10.21,-10.20,-10.18,-10.17,-10.16,-10.14,-10.12,-10.10,-10.09,-10.07,-10.05,-10.02,-10.00,-9.98,-9.96,-9.93,-9.91,-9.88,-9.86,-9.83,-9.80,-9.77,-9.74,-9.71,-9.68,-9.65,-9.62,-9.59,-9.56,-9.53,-9.49,-9.46,-9.43,-9.39,-9.36,-9.33,-9.29,-9.26,-9.22,-9.19,-9.15,-9.11,-9.08,-9.04,-9.01,-8.97,-8.93,-8.90,-8.86,-8.82,-8.79,-8.75,-8.71,-8.68,-8.64,-8.61,-8.57,-8.53,-8.50,-8.46,-8.43,-8.39,-8.35,-8.32,-8.28,-8.25,-8.22,-8.18,-8.15,-8.11,-8.08,-8.05,-8.01,-7.98,-7.95,-7.92,-7.89,-7.85,-7.82,-7.79,-7.76,-7.73,-7.70,-7.67,-7.64,-7.62,-7.59,-7.56,-7.53,-7.50,-7.48,-7.45,-7.43,-7.40,-7.38,-7.35,-7.33,-7.30,-7.28,-7.26,-7.23,-7.21,-7.19,-7.17,-7.15,-7.13,-7.11,-7.09,-7.07,-7.05,-7.03,-7.01,-6.99,-6.98,-6.96,-6.94,-6.93,-6.91,-6.90,-6.88,-6.87,-6.86,-6.84,-6.83,-6.82,-6.80,-6.79,-6.78,-6.77,-6.76,-6.75,-6.74,-6.73,-6.72,-6.71,-6.70,-6.69,-6.69,-6.68,-6.67,-6.66,-6.66,-6.65,-6.65,-6.64,-6.63,-6.63,-6.62,-6.62,-6.61,-6.61,-6.61,-6.60,-6.60,-6.60,-6.59,-6.59,-6.59,-6.59,-6.58,-6.58,-6.58,-6.58,-6.58,-6.58,-6.58,-6.58,-6.58,-6.58,-6.58,-6.58,-6.58,-6.58,-6.58,-6.58,-6.58,-6.58,-6.58,-6.59,-6.59,-6.59,-6.59,-6.60,-6.60,-6.60,-6.61,-6.61,-6.61,-6.62,-6.62,-6.63,-6.63,-6.64,-6.65,-6.65,-6.66,-6.66,-6.67,-6.68,-6.69,-6.69,-6.70,-6.71,-6.72,-6.73,-6.74,-6.75,-6.76,-6.77,-6.78,-6.79,-6.80,-6.82,-6.83,-6.84,-6.86,-6.87,-6.88,-6.90,-6.91,-6.93,-6.94,-6.96,-6.98,-6.99,-7.01,-7.03,-7.05,-7.07,-7.09,-7.11,-7.13,-7.15,-7.17,-7.19,-7.21,-7.23,-7.26,-7.28,-7.30,-7.33,-7.35,-7.38,-7.40,-7.43,-7.45,-7.48,-7.50,-7.53,-7.56,-7.59,-7.62,-7.64,-7.67,-7.70,-7.73,-7.76,-7.79,-7.82,-7.85,-7.89,-7.92,-7.95,-7.98,-8.01,-8.05,-8.08,-8.11,-8.15,-8.18,-8.22,-8.25,-8.28,-8.32,-8.35,-8.39,-8.43,-8.46,-8.50,-8.53,-8.57,-8.61,-8.64,-8.68,-8.71,-8.75,-8.79,-8.82,-8.86,-8.90,-8.93,-8.97,-9.01,-9.04,-9.08,-9.11,-9.15,-9.19,-9.22,-9.26,-9.29,-9.33,-9.36,-9.39,-9.43,-9.46,-9.49,-9.53,-9.56,-9.59,-9.62,-9.65,-9.68,-9.71,-9.74,-9.77,-9.80,-9.83,-9.86,-9.88,-9.91,-9.93,-9.96,-9.98,-10.00,-10.02,-10.05,-10.07,-10.09,-10.10,-10.12,-10.14,-10.16,-10.17,-10.18,-10.20,-10.21,-10.22,-10.23,-10.24,-10.25,-10.26,-10.26,-10.27,-10.27,-10.28,-10.28,-10.28,-10.28
82,-10.88,-10.88,-10.88,-10.87,-10.87,-10.87,-10.86,-10.85,-10.85,-10.84,-10.83,-10.82,-10.81,-10.79,-10.78,-10.77,-10.75,-10.74,-10.72,-10.70,-10.68,-10.66,-10.64,-10.62,-10.60,-10.58,-10.56,-10.53,-10.51,-10.48,-10.46,-10.43,-10.40,-10.37,-10.34,-10.32,-10.29,-10.26,-10.22,-10.19,-10.16,-10.13,-10.10,-10.06,-10.03,-10.00,-9.96,-9.93,-9.89,-9.86,-9.82,-9.79,-9.75,-9.72,-9.68,-9.65,-9.61,-9.57,-9.54,-9.50,-9.47,-9.43,-9.39,-9.36,-9.32,-9.28,-9.25,-9.21,-9.18,-9.14,-9.10,-9.07,-9.03,-9.00,-8.96,-8.93,-8.89,-8.86,-8.82,-8.79,-8.76,-8.72,-8.69,-8.66,-8.62,-8.59,-8.56,-8.53,-8.49,-8.46,-8.43,-8.40,-8.37,-8.34,-8.31,-8.28,-8.25,-8.22,-8.20,-8.17,-8.14,-8.11,-8.09,-8.06,-8.03,-8.01,-7.98,-7.96,-7.93,-7.91,-7.89,-7.86,-7.84,-7.82,-7.80,-7.78,-7.75,-7.73,-7.71,-7.69,-7.68,-7.66,-7.64,-7.62,-7.60,-7.58,-7.57,-7.55,-7.54,-7.52,-7.51,-7.49,-7.48,-7.46,-7.45,-7.44,-7.42,-7.41,-7.40,-7.39,-7.38,-7.37,-7.35,-7.34,-7.33,-7.33,-7.32,-7.31,-7.30,-7.29,-7.28,-7.28,-7.27,-7.26,-7.26,-7.25,-7.24,-7.24,-7.23,-7.23,-7.22,-7.22,-7.22,-7.21,-7.21,-7.20,-7.20,-7.20,-7.20,-7.19,-7.19,-7.19,-7.19,-7.19,-7.18,-7.18,-7.18,-7.18,-7.18,-7.18,-7.18,-7.18,-7.18,-7.18,-7.18,-7.18,-7.18,-7.19,-7.19,-7.19,-7.19,-7.19,-7.20,-7.20,-7.20,-7.20,-7.21,-7.21,-7.22,-7.22,-7.22,-7.23,-7.23,-7.24,-7.24,-7.25,-7.26,-7.26,-7.27,-7.28,-7.28,-7.29,-7.30,-7.31,-7.32,-7.33,-7.33,-7.34,-7.35,-7.37,-7.38,-7.39,-7.40,-7.41,-7.42,-7.44,-7.45,-7.46,-7.48,-7.49,-7.51,-7.52,-7.54,-7.55,-7.57,-7.58,-7.60,-7.62,-7.64,-7.66,-7.68,-7.69,-7.71,-7.73,-7.75,-7.78,-7.80,-7.82,-7.84,-7.86,-7.89,-7.91,-7.93,-7.96,-7.98,-8.01,-8.03,-8.06,-8.09,-8.11,-8.14,-8.17,-8.20,-8.22,-8.25,-8.28,-8.31,-8.34,-8.37,-8.40,-8.43,-8.46,-8.49,-8.53,-8.56,-8.59,-8.62,-8.66,-8.69,-8.72,-8.76,-8.79,-8.82,-8.86,-8.89,-8.93,-8.96,-9.00,-9.03,-9.07,-9.10,-9.14,-9.18,-9.21,-9.25,-9.28,-9.32,-9.36,-9.39,-9.43,-9.47,-9.50,-9.54,-9.57,-9.61,-9.65,-9.68,-9.72,-9.75,-9.79,-9.82,-9.86,-9.89,-9.93,-9.96,-10.00,-10.03,-10.06,-10.10,-10.13,-10.16,-10.19,-10.22,-10.26,-10.29,-10.32,-10.34,-10.37,-10.40,-10.43,-10.46,-10.48,-10.51,-10.53,-10.56,-10.58,-10.60,-10.62,-10.64,-10.66,-10.68,-10.70,-10.72,-10.74,-10.75,-10.77,-10.78,-10.79,-10.81,-10.82,-10.83,-10.84,-10.85,-10.85,-10.86,-10.87,-10.87,-10.87,-10.88,-10.88,-10.88
83,-11.60,-11.60,-11.59,-11.59,-11.59,-11.58,-11.58,-11.57,-11.56,-11.56,-11.55,-11.54,-11.53,-11.51,-11.50,-11.49,-11.47,-11.46,-11.44,-11.42,-11.40,-11.38,-11.36,-11.34,-11.32,-11.30,-11.28,-11.25,-11.23,-11.20,-11.18,-11.15,-11.12,-11.10,-11.07,-11.04,-11.01,-10.98,-10.95,-10.92,-10.89,-10.85,-10.82,-10.79,-10.76,-10.72,-10.69,-10.65,-10.62,-10.59,-10.55,-10.52,-10.48,-10.44,-10.41,-10.37,-10.34,-10.30,-10.27,-10.23,-10.19,-10.16,-10.12,-10.08,-10.05,-10.01,-9.98,-9.94,-9.90,-9.87,-9.83,-9.80,-9.76,-9.73,-9.69,-9.66,-9.62,-9.59,-9.55,-9.52,-9.49,-9.45,-9.42,-9.39,-9.35,-9.32,-9.29,-9.26,-9.22,-9.19,-9.16,-9.13,-9.10,-9.07,-9.04,-9.01,-8.98,-8.95,-8.93,-8.90,-8.87,-8.84,-8.82,-8.79,-8.76,-8.74,-8.71,-8.69,-8.66,-8.64,-8.62,-8.59,-8.57,-8.55,-8.53,-8.51,-8.48,-8.46,-8.44,-8.42,-8.40,-8.39,-8.37,-8.35,-8.33,-8.31,-8.30,-8.28,-8.26,-8.25,-8.23,-8.22,-8.20,-8.19,-8.18,-8.16,-8.15,-8.14,-8.13,-8.11,-8.10,-8.09,-8.08,-8.07,-8.06,-8.05,-8.04,-8.03,-8.03,-8.02,-8.01,-8.00,-8.00,-7.99,-7.98,-7.98,-7.97,-7.97,-7.96,-7.96,-7.95,-7.95,-7.94,-7.94,-7.93,-7.93,-7.93,-7.92,-7.92,-7.92,-7.92,-7.92,-7.91,-7.91,-7.91,-7.91,-7.91,-7.91,-7.91,-7.91,-7.91,-7.91,-7.91,-7.91,-7.91,-7.91,-7.91,-7.91,-7.91,-7.92,-7.92,-7.92,-7.92,-7.92,-7.93,-7.93,-7.93,-7.94,-7.94,-7.95,-7.95,-7.96,-7.96,-7.97,-7.97,-7.98,-7.98,-7.99,-8.00,-8.00,-8.01,-8.02,-8.03,-8.03,-8.04,-8.05,-8.06,-8.07,-8.08,-8.09,-8.10,-8.11,-8.13,-8.14,-8.15,-8.16,-8.18,-8.19,-8.20,-8.22,-8.23,-8.25,-8.26,-8.28,-8.30,-8.31,-8.33,-8.35,-8.37,-8.39,-8.40,-8.42,-8.44,-8.46,-8.48,-8.51,-8.53,-8.55,-8.57,-8.59,-8.62,-8.64,-8.66,-8.69,-8.71,-8.74,-8.76,-8.79,-8.82,-8.84,-8.87,-8.90,-8.93,-8.95,-8.98,-9.01,-9.04,-9.07,-9.10,-9.13,-9.16,-9.19,-9.22,-9.26,-9.29,-9.32,-9.35,-9.39,-9.42,-9.45,-9.49,-9.52,-9.55,-9.59,-9.62,-9.66,-9.69,-9.73,-9.76,-9.80,-9.83,-9.87,-9.90,-9.94,-9.98,-10.01,-10.05,-10.08,-10.12,-10.16,-10.19,-10.23,-10.27,-10.30,-10.34,-10.37,-10.41,-10.44,-10.48,-10.52,-10.55,-10.59,-10.62,-10.65,-10.69,-10.72,-10.76,-10.79,-10.82,-10.85,-10.89,-10.92,-10.95,-10.98,-11.01,-11.04,-11.07,-11.10,-11.12,-11.15,-11.18,-11.20,-11.23,-11.25,-11.28,-11.30,-11.32,-11.34,-11.36,-11.38,-11.40,-11.42,-11.44,-11.46,-11.47,-11.49,-11.50,-11.51,-11.53,-11.54,-11.55,-11.56,-11.56,-11.57,-11.58,-11.58,-11.59,-11.59,-11.59,-11.60,-11.60
84,-12.48,-12.48,-12.48,-12.47,-12.47,-12.47,-12.46,-12.45,-12.45,-12.44,-12.43,-12.42,-12.41,-12.40,-12.38,-12.37,-12.35,-12.34,-12.32,-12.30,-12.29,-12.27,-12.25,-12.23,-12.20,-12.18,-12.16,-12.14,-12.11,-12.09,-12.06,-12.03,-12.01,-11.98,-11.95,-11.92,-11.89,-11.86,-11.83,-11.80,-11.77,-11.74,-11.71,-11.68,-11.64,-11.61,-11.58,-11.54,-11.51,-11.47,-11.44,-11.40,-11.37,-11.33,-11.30,-11.26,-11.23,-11.19,-11.16,-11.12,-11.08,-11.05,-11.01,-10.98,-10.94,-10.90,-10.87,-10.83,-10.80,-10.76,-10.72,-10.69,-10.65,-10.62,-10.58,-10.55,-10.51,-10.48,-10.45,-10.41,-10.38,-10.34,-10.31,-10.28,-10.25,-10.21,-10.18,-10.15,-10.12,-10.09,-10.05,-10.02,-9.99,-9.96,-9.93,-9.90,-9.88,-9.85,-9.82,-9.79,-9.76,-9.74,-9.71,-9.68,-9.66,-9.63,-9.61,-9.58,-9.56,-9.53,-9.51,-9.49,-9.46,-9.44,-9.42,-9.40,-9.38,-9.35,-9.33,-9.31,-9.30,-9.28,-9.26,-9.24,-9.22,-9.20,-9.19,-9.17,-9.15,-9.14,-9.12,-9.11,-9.09,-9.08,-9.07,-9.05,-9.04,-9.03,-9.02,-9.00,-8.99,-8.98,-8.97,-8.96,-8.95,-8.94,-8.93,-8.92,-8.92,-8.91,-8.90,-8.89,-8.88,-8.88,-8.87,-8.87,-8.86,-8.85,-8.85,-8.84,-8.84,-8.83,-8.83,-8.83,-8.82,-8.82,-8.82,-8.81,-8.81,-8.81,-8.81,-8.80,-8.80,-8.80,-8.80,-8.80,-8.80,-8.80,-8.79,-8.79,-8.79,-8.79,-8.79,-8.80,-8.80,-8.80,-8.80,-8.80,-8.80,-8.80,-8.81,-8.81,-8.81,-8.81,-8.82,-8.82,-8.82,-8.83,-8.83,-8.83,-8.84,-8.84,-8.85,-8.85,-8.86,-8.87,-8.87,-8.88,-8.88,-8.89,-8.90,-8.91,-8.92,-8.92,-8.93,-8.94,-8.95,-8.96,-8.97,-8.98,-8.99,-9.00,-9.02,-9.03,-9.04,-9.05,-9.07,-9.08,-9.09,-9.11,-9.12,-9.14,-9.15,-9.17,-9.19,-9.20,-9.22,-9.24,-9.26,-9.28,-9.30,-9.31,-9.33,-9.35,-9.38,-9.40,-9.42,-9.44,-9.46,-9.49,-9.51,-9.53,-9.56,-9.58,-9.61,-9.63,-9.66,-9.68,-9.71,-9.74,-9.76,-9.79,-9.82,-9.85,-9.88,-9.90,-9.93,-9.96,-9.99,-10.02,-10.05,-10.09,-10.12,-10.15,-10.18,-10.21,-10.25,-10.28,-10.31,-10.34,-10.38,-10.41,-10.45,-10.48,-10.51,-10.55,-10.58,-10.62,-10.65,-10.69,-10.72,-10.76,-10.80,-10.83,-10.87,-10.90,-10.94,-10.98,-11.01,-11.05,-11.08,-11.12,-11.16,-11.19,-11.23,-11.26,-11.30,-11.33,-11.37,-11.40,-11.44,-11.47,-11.51,-11.54,-11.58,-11.61,-11.64,-11.68,-11.71,-11.74,-11.77,-11.80,-11.83,-11.86,-11.89,-11.92,-11.95,-11.98,-12.01,-12.03,-12.06,-12.09,-12.11,-12.14,-12.16,-12.18,-12.20,-12.23,-12.25,-12.27,-12.29,-12.30,-12.32,-12.34,-12.35,-12.37,-12.38,-12.40,-12.41,-12.42,-12.43,-12.44,-12.45,-12.45,-12.46,-12.47,-12.47,-12.47,-12.48,-12.48,-12.48
85,-13.59,-13.58,-13.58,-13.58,-13.58,-13.57,-13.57,-13.56,-13.55,-13.55,-13.54,-13.53,-13.52,-13.50,-13.49,-13.48,-13.46,-13.45,-13.43,-13.41,-13.40,-13.38,-13.36,-13.34,-13.31,-13.29,-13.27,-13.25,-13.22,-13.20,-13.17,-13.15,-13.12,-13.09,-13.06,-13.04,-13.01,-12.98,-12.95,-12.92,-12.89,-12.85,-12.82,-12.79,-12.76,-12.72,-12.69,-12.66,-12.62,-12.59,-12.55,-12.52,-12.48,-12.45,-12.41,-12.38,-12.34,-12.31,-12.27,-12.24,-12.20,-12.16,-12.13,-12.09,-12.06,-12.02,-11.99,-11.95,-11.91,-11.88,-11.84,-11.81,-11.77,-11.74,-11.70,-11.67,-11.63,-11.60,-11.56,-11.53,-11.50,-11.46,-11.43,-11.40,-11.36,-11.33,-11.30,-11.27,-11.24,-11.20,-11.17,-11.14,-11.11,-11.08,-11.05,-11.02,-10.99,-10.97,-10.94,-10.91,-10.88,-10.85,-10.83,-10.80,-10.77,-10.75,-10.72,-10.70,-10.67,-10.65,-10.63,-10.60,-10.58,-10.56,-10.54,-10.51,-10.49,-10.47,-10.45,-10.43,-10.41,-10.39,-10.37,-10.36,-10.34,-10.32,-10.30,-10.29,-10.27,-10.26,-10.24,-10.22,-10.21,-10.20,-10.18,-10.17,-10.16,-10.14,-10.13,-10.12,-10.11,-10.10,-10.09,-10.08,-10.07,-10.06,-10.05,-10.04,-10.03,-10.02,-10.01,-10.01,-10.00,-9.99,-9.99,-9.98,-9.97,-9.97,-9.96,-9.96,-9.95,-9.95,-9.94,-9.94,-9.94,-9.93,-9.93,-9.93,-9.92,-9.92,-9.92,-9.92,-9.91,-9.91,-9.91,-9.91,-9.91,-9.91,-9.91,-9.91,-9.91,-9.91,-9.91,-9.91,-9.91,-9.91,-9.91,-9.91,-9.91,-9.92,-9.92,-9.92,-9.92,-9.93,-9.93,-9.93,-9.94,-9.94,-9.94,-9.95,-9.95,-9.96,-9.96,-9.97,-9.97,-9.98,-9.99,-9.99,-10.00,-10.01,-10.01,-10.02,-10.03,-10.04,-10.05,-10.06,-10.07,-10.08,-10.09,-10.10,-10.11,-10.12,-10.13,-10.14,-10.16,-10.17,-10.18,-10.20,-10.21,-10.22,-10.24,-10.26,-10.27,-10.29,-10.30,-10.32,-10.34,-10.36,-10.37,-10.39,-10.41,-10.43,-10.45,-10.47,-10.49,-10.51,-10.54,-10.56,-10.58,-10.60,-10.63,-10.65,-10.67,-10.70,-10.72,-10.75,-10.77,-10.80,-10.83,-10.85,-10.88,-10.91,-10.94,-10.97,-10.99,-11.02,-11.05,-11.08,-11.11,-11.14,-11.17,-11.20,-11.24,-11.27,-11.30,-11.33,-11.36,-11.40,-11.43,-11.46,-11.50,-11.53,-11.56,-11.60,-11.63,-11.67,-11.70,-11.74,-11.77,-11.81,-11.84,-11.88,-11.91,-11.95,-11.99,-12.02,-12.06,-12.09,-12.13,-12.16,-12.20,-12.24,-12.27,-12.31,-12.34,-12.38,-12.41,-12.45,-12.48,-12.52,-12.55,-12.59,-12.62,-12.66,-12.69,-12.72,-12.76,-12.79,-12.82,-12.85,-12.89,-12.92,-12.95,-12.98,-13.01,-13.04,-13.06,-13.09,-13.12,-13.15,-13.17,-13.20,-13.22,-13.25,-13.27,-13.29,-13.31,-13.34,-13.36,-13.38,-13.40,-13.41,-13.43,-13.45,-13.46,-13.48,-13.49,-13.50,-13.52,-13.53,-13.54,-13.55,-13.55,-13.56,-13.57,-13.57,-13.58,-13.58,-13.58,-13.58,-13.59
86,-15.03,-15.03,-15.03,-15.02,-15.02,-15.02,-15.01,-15.00,-15.00,-14.99,-14.98,-14.97,-14.96,-14.95,-14.93,-14.92,-14.91,-14.89,-14.87,-14.86,-14.84,-14.82,-14.80,-14.78,-14.76,-14.74,-14.72,-14.69,-14.67,-14.64,-14.62,-14.59,-14.57,-14.54,-14.51,-14.48,-14.45,-14.42,-14.39,-14.36,-14.33,-14.30,-14.27,-14.24,-14.21,-14.17,-14.14,-14.11,-14.07,-14.04,-14.00,-13.97,-13.93,-13.90,-13.86,-13.83,-13.79,-13.76,-13.72,-13.69,-13.65,-13.62,-13.58,-13.54,-13.51,-13.47,-13.44,-13.40,-13.37,-13.33,-13.30,-13.26,-13.22,-13.19,-13.16,-13.12,-13.09,-13.05,-13.02,-12.98,-12.95,-12.92,-12.88,-12.85,-12.82,-12.78,-12.75,-12.72,-12.69,-12.66,-12.63,-12.60,-12.57,-12.54,-12.51,-12.48,-12.45,-12.42,-12.39,-12.36,-12.33,-12.31,-12.28,-12.25,-12.23,-12.20,-12.18,-12.15,-12.13,-12.10,-12.08,-12.06,-12.03,-12.01,-11.99,-11.97,-11.94,-11.92,-11.90,-11.88,-11.86,-11.84,-11.83,-11.81,-11.79,-11.77,-11.75,-11.74,-11.72,-11.71,-11.69,-11.68,-11.66,-11.65,-11.63,-11.62,-11.61,-11.59,-11.58,-11.57,-11.56,-11.55,-11.54,-11.53,-11.52,-11.51,-11.50,-11.49,-11.48,-11.47,-11.46,-11.46,-11.45,-11.44,-11.43,-11.43,-11.42,-11.42,-11.41,-11.41,-11.40,-11.40,-11.39,-11.39,-11.38,-11.38,-11.38,-11.37,-11.37,-11.37,-11.37,-11.36,-11.36,-11.36,-11.36,-11.36,-11.36,-11.36,-11.36,-11.36,-11.36,-11.36,-11.36,-11.36,-11.36,-11.36,-11.36,-11.36,-11.36,-11.36,-11.37,-11.37,-11.37,-11.37,-11.38,-11.38,-11.38,-11.39,-11.39,-11.40,-11.40,-11.41,-11.41,-11.42,-11.42,-11.43,-11.43,-11.44,-11.45,-11.46,-11.46,-11.47,-11.48,-11.49,-11.50,-11.51,-11.52,-11.53,-11.54,-11.55,-11.56,-11.57,-11.58,-11.59,-11.61,-11.62,-11.63,-11.65,-11.66,-11.68,-11.69,-11.71,-11.72,-11.74,-11.75,-11.77,-11.79,-11.81,-11.83,-11.84,-11.86,-11.88,-11.90,-11.92,-11.94,-11.97,-11.99,-12.01,-12.03,-12.06,-12.08,-12.10,-12.13,-12.15,-12.18,-12.20,-12.23,-12.25,-12.28,-12.31,-12.33,-12.36,-12.39,-12.42,-12.45,-12.48,-12.51,-12.54,-12.57,-12.60,-12.63,-12.66,-12.69,-12.72,-12.75,-12.78,-12.82,-12.85,-12.88,-12.92,-12.95,-12.98,-13.02,-13.05,-13.09,-13.12,-13.16,-13.19,-13.22,-13.26,-13.30,-13.33,-13.37,-13.40,-13.44,-13.47,-13.51,-13.54,-13.58,-13.62,-13.65,-13.69,-13.72,-13.76,-13.79,-13.83,-13.86,-13.90,-13.93,-13.97,-14.00,-14.04,-14.07,-14.11,-14.14,-14.17,-14.21,-14.24,-14.27,-14.30,-14.33,-14.36,-14.39,-14.42,-14.45,-14.48,-14.51,-14.54,-14.57,-14.59,-14.62,-14.64,-14.67,-14.69,-14.72,-14.74,-14.76,-14.78,-14.80,-14.82,-14.84,-14.86,-14.87,-14.89,-14.91,-14.92,-14.93,-14.95,-14.96,-14.97,-14.98,-14.99,-15.00,-15.00,-15.01,-15.02,-15.02,-15.02,-15.03,-15.03,-15.03
87,-17.01,-17.01,-17.01,-17.00,-17.00,-17.00,-16.99,-16.99,-16.98,-16.97,-16.96,-16.95,-16.94,-16.93,-16.92,-16.90,-16.89,-16.87,-16.86,-16.84,-16.82,-16.80,-16.78,-16.76,-16.74,-16.72,-16.70,-16.68,-16.65,-16.63,-16.60,-16.58,-16.55,-16.52,-16.50,-16.47,-16.44,-16.41,-16.38,-16.35,-16.32,-16.29,-16.26,-16.22,-16.19,-16.16,-16.13,-16.09,-16.06,-16.03,-15.99,-15.96,-15.92,-15.89,-15.85,-15.82,-15.78,-15.75,-15.71,-15.68,-15.64,-15.61,-15.57,-15.53,-15.50,-15.46,-15.43,-15.39,-15.36,-15.32,-15.29,-15.25,-15.22,-15.18,-15.15,-15.11,-15.08,-15.04,-15.01,-14.97,-14.94,-14.91,-14.87,-14.84,-14.81,-14.78,-14.74,-14.71,-14.68,-14.65,-14.62,-14.59,-14.56,-14.53,-14.50,-14.47,-14.44,-14.41,-14.38,-14.35,-14.33,-14.30,-14.27,-14.24,-14.22,-14.19,-14.17,-14.14,-14.12,-14.09,-14.07,-14.05,-14.02,-14.00,-13.98,-13.96,-13.93,-13.91,-13.89,-13.87,-13.85,-13.83,-13.81,-13.80,-13.78,-13.76,-13.74,-13.73,-13.71,-13.69,-13.68,-13.66,-13.65,-13.63,-13.62,-13.61,-13.59,-13.58,-13.57,-13.56,-13.54,-13.53,-13.52,-13.51,-13.50,-13.49,-13.48,-13.47,-13.47,-13.46,-13.45,-13.44,-13.43,-13.43,-13.42,-13.41,-13.41,-13.40,-13.40,-13.39,-13.39,-13.38,-13.38,-13.37,-13.37,-13.37,-13.36,-13.36,-13.36,-13.35,-13.35,-13.35,-13.35,-13.35,-13.34,-13.34,-13.34,-13.34,-13.34,-13.34,-13.34,-13.34,-13.34,-13.34,-13.34,-13.34,-13.34,-13.35,-13.35,-13.35,-13.35,-13.35,-13.36,-13.36,-13.36,-13.37,-13.37,-13.37,-13.38,-13.38,-13.39,-13.39,-13.40,-13.40,-13.41,-13.41,-13.42,-13.43,-13.43,-13.44,-13.45,-13.46,-13.47,-13.47,-13.48,-13.49,-13.50,-13.51,-13.52,-13.53,-13.54,-13.56,-13.57,-13.58,-13.59,-13.61,-13.62,-13.63,-13.65,-13.66,-13.68,-13.69,-13.71,-13.73,-13.74,-13.76,-13.78,-13.80,-13.81,-13.83,-13.85,-13.87,-13.89,-13.91,-13.93,-13.96,-13.98,-14.00,-14.02,-14.05,-14.07,-14.09,-14.12,-14.14,-14.17,-14.19,-14.22,-14.24,-14.27,-14.30,-14.33,-14.35,-14.38,-14.41,-14.44,-14.47,-14.50,-14.53,-14.56,-14.59,-14.62,-14.65,-14.68,-14.71,-14.74,-14.78,-14.81,-14.84,-14.87,-14.91,-14.94,-14.97,-15.01,-15.04,-15.08,-15.11,-15.15,-15.18,-15.22,-15.25,-15.29,-15.32,-15.36,-15.39,-15.43,-15.46,-15.50,-15.53,-15.57,-15.61,-15.64,-15.68,-15.71,-15.75,-15.78,-15.82,-15.85,-15.89,-15.92,-15.96,-15.99,-16.03,-16.06,-16.09,-16.13,-16.16,-16.19,-16.22,-16.26,-16.29,-16.32,-16.35,-16.38,-16.41,-16.44,-16.47,-16.50,-16.52,-16.55,-16.58,-16.60,-16.63,-16.65,-16.68,-16.70,-16.72,-16.74,-16.76,-16.78,-16.80,-16.82,-16.84,-16.86,-16.87,-16.89,-16.90,-16.92,-16.93,-16.94,-16.95,-16.96,-16.97,-16.98,-16.99,-16.99,-17.00,-17.00,-17.00,-17.01,-17.01,-17.01
88,-19.99,-19.99,-19.99,-19.98,-19.98,-19.98,-19.97,-19.97,-19.96,-19.95,-19.94,-19.93,-19.92,-19.91,-19.90,-19.88,-19.87,-19.85,-19.84,-19.82,-19.80,-19.78,-19.77,-19.75,-19.72,-19.70,-19.68,-19.66,-19.63,-19.61,-19.59,-19.56,-19.53,-19.51,-19.48,-19.45,-19.42,-19.39,-19.36,-19.33,-19.30,-19.27,-19.24,-19.21,-19.18,-19.15,-19.11,-19.08,-19.05,-19.01,-18.98,-18.94,-18.91,-18.88,-18.84,-18.81,-18.77,-18.74,-18.70,-18.67,-18.63,-18.59,-18.56,-18.52,-18.49,-18.45,-18.42,-18.38,-18.35,-18.31,-18.28,-18.24,-18.21,-18.17,-18.14,-18.10,-18.07,-18.03,-18.00,-17.96,-17.93,-17.90,-17.86,-17.83,-17.80,-17.77,-17.73,-17.70,-17.67,-17.64,-17.61,-17.58,-17.55,-17.52,-17.49,-17.46,-17.43,-17.40,-17.37,-17.34,-17.31,-17.29,-17.26,-17.23,-17.21,-17.18,-17.16,-17.13,-17.11,-17.08,-17.06,-17.03,-17.01,-16.99,-16.97,-16.94,-16.92,-16.90,-16.88,-16.86,-16.84,-16.82,-16.80,-16.78,-16.76,-16.75,-16.73,-16.71,-16.70,-16.68,-16.66,-16.65,-16.63,-16.62,-16.61,-16.59,-16.58,-16.57,-16.55,-16.54,-16.53,-16.52,-16.51,-16.50,-16.49,-16.48,-16.47,-16.46,-16.45,-16.44,-16.43,-16.42,-16.42,-16.41,-16.40,-16.40,-16.39,-16.38,-16.38,-16.37,-16.37,-16.36,-16.36,-16.36,-16.35,-16.35,-16.34,-16.34,-16.34,-16.34,-16.33,-16.33,-16.33,-16.33,-16.33,-16.33,-16.32,-16.32,-16.32,-16.32,-16.32,-16.32,-16.32,-16.32,-16.32,-16.33,-16.33,-16.33,-16.33,-16.33,-16.33,-16.34,-16.34,-16.34,-16.34,-16.35,-16.35,-16.36,-16.36,-16.36,-16.37,-16.37,-16.38,-16.38,-16.39,-16.40,-16.40,-16.41,-16.42,-16.42,-16.43,-16.44,-16.45,-16.46,-16.47,-16.48,-16.49,-16.50,-16.51,-16.52,-16.53,-16.54,-16.55,-16.57,-16.58,-16.59,-16.61,-16.62,-16.63,-16.65,-16.66,-16.68,-16.70,-16.71,-16.73,-16.75,-16.76,-16.78,-16.80,-16.82,-16.84,-16.86,-16.88,-16.90,-16.92,-16.94,-16.97,-16.99,-17.01,-17.03,-17.06,-17.08,-17.11,-17.13,-17.16,-17.18,-17.21,-17.23,-17.26,-17.29,-17.31,-17.34,-17.37,-17.40,-17.43,-17.46,-17.49,-17.52,-17.55,-17.58,-17.61,-17.64,-17.67,-17.70,-17.73,-17.77,-17.80,-17.83,-17.86,-17.90,-17.93,-17.96,-18.00,-18.03,-18.07,-18.10,-18.14,-18.17,-18.21,-18.24,-18.28,-18.31,-18.35,-18.38,-18.42,-18.45,-18.49,-18.52,-18.56,-18.59,-18.63,-18.67,-18.70,-18.74,-18.77,-18.81,-18.84,-18.88,-18.91,-18.94,-18.98,-19.01,-19.05,-19.08,-19.11,-19.15,-19.18,-19.21,-19.24,-19.27,-19.30,-19.33,-19.36,-19.39,-19.42,-19.45,-19.48,-19.51,-19.53,-19.56,-19.59,-19.61,-19.63,-19.66,-19.68,-19.70,-19.72,-19.75,-19.77,-19.78,-19.80,-19.82,-19.84,-19.85,-19.87,-19.88,-19.90,-19.91,-19.92,-19.93,-19.94,-19.95,-19.96,-19.97,-19.97,-19.98,-19.98,-19.98,-19.99,-19.99,-19.99
89,-25.44,-25.44,-25.44,-25.44,-25.43,-25.43,-25.42,-25.42,-25.41,-25.40,-25.39,-25.38,-25.37,-25.36,-25.35,-25.34,-25.32,-25.31,-25.29,-25.27,-25.26,-25.24,-25.22,-25.20,-25.18,-25.16,-25.14,-25.11,-25.09,-25.06,-25.04,-25.01,-24.99,-24.96,-24.93,-24.91,-24.88,-24.85,-24.82,-24.79,-24.76,-24.73,-24.70,-24.67,-24.64,-24.60,-24.57,-24.54,-24.50,-24.47,-24.44,-24.40,-24.37,-24.33,-24.30,-24.26,-24.23,-24.19,-24.16,-24.12,-24.09,-24.05,-24.02,-23.98,-23.95,-23.91,-23.88,-23.84,-23.81,-23.77,-23.74,-23.70,-23.67,-23.63,-23.60,-23.56,-23.53,-23.49,-23.46,-23.43,-23.39,-23.36,-23.32,-23.29,-23.26,-23.23,-23.19,-23.16,-23.13,-23.10,-23.07,-23.04,-23.01,-22.98,-22.95,-22.92,-22.89,-22.86,-22.83,-22.80,-22.77,-22.75,-22.72,-22.69,-22.67,-22.64,-22.62,-22.59,-22.56,-22.54,-22.52,-22.49,-22.47,-22.45,-22.42,-22.40,-22.38,-22.36,-22.34,-22.32,-22.30,-22.28,-22.26,-22.24,-22.22,-22.20,-22.19,-22.17,-22.15,-22.14,-22.12,-22.11,-22.09,-22.08,-22.06,-22.05,-22.03,-22.02,-22.01,-22.00,-21.98,-21.97,-21.96,-21.95,-21.94,-21.93,-21.92,-21.91,-21.90,-21.90,-21.89,-21.88,-21.87,-21.86,-21.86,-21.85,-21.84,-21.84,-21.83,-21.83,-21.82,-21.82,-21.81,-21.81,-21.81,-21.80,-21.80,-21.80,-21.79,-21.79,-21.79,-21.78,-21.78,-21.78,-21.78,-21.78,-21.78,-21.78,-21.78,-21.78,-21.78,-21.78,-21.78,-21.78,-21.78,-21.78,-21.78,-21.78,-21.78,-21.78,-21.79,-21.79,-21.79,-21.80,-21.80,-21.80,-21.81,-21.81,-21.81,-21.82,-21.82,-21.83,-21.83,-21.84,-21.84,-21.85,-21.86,-21.86,-21.87,-21.88,-21.89,-21.90,-21.90,-21.91,-21.92,-21.93,-21.94,-21.95,-21.96,-21.97,-21.98,-22.00,-22.01,-22.02,-22.03,-22.05,-22.06,-22.08,-22.09,-22.11,-22.12,-22.14,-22.15,-22.17,-22.19,-22.20,-22.22,-22.24,-22.26,-22.28,-22.30,-22.32,-22.34,-22.36,-22.38,-22.40,-22.42,-22.45,-22.47,-22.49,-22.52,-22.54,-22.56,-22.59,-22.62,-22.64,-22.67,-22.69,-22.72,-22.75,-22.77,-22.80,-22.83,-22.86,-22.89,-22.92,-22.95,-22.98,-23.01,-23.04,-23.07,-23.10,-23.13,-23.16,-23.19,-23.23,-23.26,-23.29,-23.32,-23.36,-23.39,-23.43,-23.46,-23.49,-23.53,-23.56,-23.60,-23.63,-23.67,-23.70,-23.74,-23.77,-23.81,-23.84,-23.88,-23.91,-23.95,-23.98,-24.02,-24.05,-24.09,-24.12,-24.16,-24.19,-24.23,-24.26,-24.30,-24.33,-24.37,-24.40,-24.44,-24.47,-24.50,-24.54,-24.57,-24.60,-24.64,-24.67,-24.70,-24.73,-24.76,-24.79,-24.82,-24.85,-24.88,-24.91,-24.93,-24.96,-24.99,-25.01,-25.04,-25.06,-25.09,-25.11,-25.14,-25.16,-25.18,-25.20,-25.22,-25.24,-25.26,-25.27,-25.29,-25.31,-25.32,-25.34,-25.35,-25.36,-25.37,-25.38,-25.39,-25.40,-25.41,-25.42,-25.42,-25.43,-25.43,-25.44,-25.44,-25.44,-25.44
