1
 x13



                                ***********************************************
                                *                                             *
                                *  NUMERICAL ELECTROMAGNETICS CODE (NEC-5)    *
                                *                                             *
                                ***********************************************




                      **********************************************************

                          dense ladder                                                                 
                                                                                                       

                      **********************************************************





                                 - - - STRUCTURE SPECIFICATION - - -

                                     COORDINATES MUST BE INPUT IN
                                     METERS OR BE SCALED TO METERS
                                     BEFORE STRUCTURE INPUT IS ENDED

 Model definition commands:

 GW    1   240  2.00000E+01 -4.00000E+01  3.00000E+02  2.00000E+01 -4.00000E+01  0.00000E+00  5.00000E-03
 GW    2    64  4.00000E+01 -4.00000E+01  0.00000E+00  4.00000E+01  4.00000E+01  0.00000E+00  5.00000E-03
 GW    3    64  4.00000E+01  4.00000E+01  0.00000E+00 -4.00000E+01  4.00000E+01  0.00000E+00  5.00000E-03
 GW    4    64 -4.00000E+01  4.00000E+01  0.00000E+00 -4.00000E+01 -4.00000E+01  0.00000E+00  5.00000E-03
 GW    5    48 -4.00000E+01 -4.00000E+01  0.00000E+00  2.00000E+01 -4.00000E+01  0.00000E+00  5.00000E-03
 GW    6    16  2.00000E+01 -4.00000E+01  0.00000E+00  4.00000E+01 -4.00000E+01  0.00000E+00  5.00000E-03
 GE    0   -1

 Number of nodes :   496
 Number of wire elements :   496
 Number of patch elements:     0
 Number unknowns:   496




 ***** INPUT LINE  1  FR   0    1    0    0  5.00000E-04  0.00000E+00  0.00000E+00  0.00000E+00  0.00000E+00  0.00000E+00
 ***** INPUT LINE  2  GN  -1    0    0    0  0.00000E+00  0.00000E+00  0.00000E+00  0.00000E+00  0.00000E+00  0.00000E+00
 ***** INPUT LINE  3  EX   0    1  224    0  0.00000E+00 -4.04676E+05  0.00000E+00  0.00000E+00  0.00000E+00  0.00000E+00
 ***** INPUT LINE  4  PQ   0    0    0    0  0.00000E+00  0.00000E+00  0.00000E+00  0.00000E+00  0.00000E+00  0.00000E+00
 ***** INPUT LINE  5  XQ   0    0    0    0  0.00000E+00  0.00000E+00  0.00000E+00  0.00000E+00  0.00000E+00  0.00000E+00




                                 - - - - - - FREQUENCY - - - - - -

                                    FREQUENCY= 5.0000E-04 MHZ
                                    WAVELENGTH= 5.9960E+05 METERS



                                  - - - ANTENNA ENVIRONMENT - - -

                                            FREE SPACE



                               - - - STRUCTURE IMPEDANCE LOADING - - -

                                   THIS STRUCTURE IS NOT LOADED
ALLOCATE CM:         246016



                                - - - MATRIX TIMING - - -

                        FILL=    1.017 SEC.,  FACTOR=    0.111 SEC.



                                          - - - ANTENNA INPUT PARAMETERS - - -

   TAG   SEG.    VOLTAGE (VOLTS)         CURRENT (AMPS)         IMPEDANCE (OHMS)        ADMITTANCE (MHOS)      POWER
   NO.   NO.    REAL        IMAG.       REAL        IMAG.       REAL        IMAG.       REAL        IMAG.     (WATTS)
   1   224 1  0.0000E+00 -4.0468E+05  1.0910E+00 -1.6418E-10  5.5819E-05 -3.7093E+05  4.0570E-16  2.6959E-06  3.3219E-05



                                       - - - Wire Currents - - -

                             Lengths normalized by wavelength (or 2.*pi/CABS(k))

  Elem.  Tag            Coord. of seg. center          Seg.            - - - Current (Amps) - - -
   No.   No.     X            Y            Z           Length       Real         Imag.        Mag.         Phase
      1    1  3.33556E-05 -6.67111E-05  4.99291E-04  2.08472E-06  3.02340E-03 -1.23327E-12  3.02340E-03   -0.0000
      2    1  3.33556E-05 -6.67111E-05  4.97206E-04  2.08472E-06  8.78772E-03 -3.57786E-12  8.78772E-03   -0.0000
      3    1  3.33556E-05 -6.67111E-05  4.95122E-04  2.08472E-06  1.41706E-02 -5.75401E-12  1.41706E-02   -0.0000
      4    1  3.33556E-05 -6.67111E-05  4.93037E-04  2.08472E-06  1.93954E-02 -7.85369E-12  1.93954E-02   -0.0000
      5    1  3.33556E-05 -6.67111E-05  4.90952E-04  2.08472E-06  2.45198E-02 -9.90077E-12  2.45198E-02   -0.0000
      6    1  3.33556E-05 -6.67111E-05  4.88868E-04  2.08472E-06  2.95715E-02 -1.19068E-11  2.95715E-02   -0.0000
      7    1  3.33556E-05 -6.67111E-05  4.86783E-04  2.08472E-06  3.45670E-02 -1.38786E-11  3.45670E-02   -0.0000
      8    1  3.33556E-05 -6.67111E-05  4.84698E-04  2.08472E-06  3.95168E-02 -1.58207E-11  3.95168E-02   -0.0000
      9    1  3.33556E-05 -6.67111E-05  4.82613E-04  2.08472E-06  4.44284E-02 -1.77361E-11  4.44284E-02   -0.0000
     10    1  3.33556E-05 -6.67111E-05  4.80529E-04  2.08472E-06  4.93076E-02 -1.96274E-11  4.93076E-02   -0.0000
     11    1  3.33556E-05 -6.67111E-05  4.78444E-04  2.08472E-06  5.41584E-02 -2.14962E-11  5.41584E-02   -0.0000
     12    1  3.33556E-05 -6.67111E-05  4.76359E-04  2.08472E-06  5.89843E-02 -2.33440E-11  5.89843E-02   -0.0000
     13    1  3.33556E-05 -6.67111E-05  4.74275E-04  2.08472E-06  6.37880E-02 -2.51720E-11  6.37880E-02   -0.0000
     14    1  3.33556E-05 -6.67111E-05  4.72190E-04  2.08472E-06  6.85718E-02 -2.69811E-11  6.85718E-02   -0.0000
     15    1  3.33556E-05 -6.67111E-05  4.70105E-04  2.08472E-06  7.33375E-02 -2.87722E-11  7.33375E-02   -0.0000
     16    1  3.33556E-05 -6.67111E-05  4.68020E-04  2.08472E-06  7.80868E-02 -3.05459E-11  7.80868E-02   -0.0000
     17    1  3.33556E-05 -6.67111E-05  4.65936E-04  2.08472E-06  8.28211E-02 -3.23029E-11  8.28211E-02   -0.0000
     18    1  3.33556E-05 -6.67111E-05  4.63851E-04  2.08472E-06  8.75415E-02 -3.40437E-11  8.75415E-02   -0.0000
     19    1  3.33556E-05 -6.67111E-05  4.61766E-04  2.08472E-06  9.22491E-02 -3.57687E-11  9.22491E-02   -0.0000
     20    1  3.33556E-05 -6.67111E-05  4.59681E-04  2.08472E-06  9.69448E-02 -3.74783E-11  9.69448E-02   -0.0000
     21    1  3.33556E-05 -6.67111E-05  4.57597E-04  2.08472E-06  1.01630E-01 -3.91729E-11  1.01630E-01   -0.0000
     22    1  3.33556E-05 -6.67111E-05  4.55512E-04  2.08472E-06  1.06304E-01 -4.08529E-11  1.06304E-01   -0.0000
     23    1  3.33556E-05 -6.67111E-05  4.53427E-04  2.08472E-06  1.10969E-01 -4.25184E-11  1.10969E-01   -0.0000
     24    1  3.33556E-05 -6.67111E-05  4.51343E-04  2.08472E-06  1.15625E-01 -4.41699E-11  1.15625E-01   -0.0000
     25    1  3.33556E-05 -6.67111E-05  4.49258E-04  2.08472E-06  1.20272E-01 -4.58075E-11  1.20272E-01   -0.0000
     26    1  3.33556E-05 -6.67111E-05  4.47173E-04  2.08472E-06  1.24911E-01 -4.74314E-11  1.24911E-01   -0.0000
     27    1  3.33556E-05 -6.67111E-05  4.45088E-04  2.08472E-06  1.29543E-01 -4.90418E-11  1.29543E-01   -0.0000
     28    1  3.33556E-05 -6.67111E-05  4.43004E-04  2.08472E-06  1.34168E-01 -5.06390E-11  1.34168E-01   -0.0000
     29    1  3.33556E-05 -6.67111E-05  4.40919E-04  2.08472E-06  1.38786E-01 -5.22231E-11  1.38786E-01   -0.0000
     30    1  3.33556E-05 -6.67111E-05  4.38834E-04  2.08472E-06  1.43398E-01 -5.37942E-11  1.43398E-01   -0.0000
     31    1  3.33556E-05 -6.67111E-05  4.36749E-04  2.08472E-06  1.48003E-01 -5.53526E-11  1.48003E-01   -0.0000
     32    1  3.33556E-05 -6.67111E-05  4.34665E-04  2.08472E-06  1.52604E-01 -5.68984E-11  1.52604E-01   -0.0000
     33    1  3.33556E-05 -6.67111E-05  4.32580E-04  2.08472E-06  1.57198E-01 -5.84316E-11  1.57198E-01   -0.0000
     34    1  3.33556E-05 -6.67111E-05  4.30495E-04  2.08472E-06  1.61788E-01 -5.99524E-11  1.61788E-01   -0.0000
     35    1  3.33556E-05 -6.67111E-05  4.28411E-04  2.08472E-06  1.66373E-01 -6.14609E-11  1.66373E-01   -0.0000
     36    1  3.33556E-05 -6.67111E-05  4.26326E-04  2.08472E-06  1.70953E-01 -6.29573E-11  1.70953E-01   -0.0000
     37    1  3.33556E-05 -6.67111E-05  4.24241E-04  2.08472E-06  1.75529E-01 -6.44416E-11  1.75529E-01   -0.0000
     38    1  3.33556E-05 -6.67111E-05  4.22156E-04  2.08472E-06  1.80101E-01 -6.59139E-11  1.80101E-01   -0.0000
     39    1  3.33556E-05 -6.67111E-05  4.20072E-04  2.08472E-06  1.84668E-01 -6.73743E-11  1.84668E-01   -0.0000
     40    1  3.33556E-05 -6.67111E-05  4.17987E-04  2.08472E-06  1.89233E-01 -6.88230E-11  1.89233E-01   -0.0000
     41    1  3.33556E-05 -6.67111E-05  4.15902E-04  2.08472E-06  1.93793E-01 -7.02599E-11  1.93793E-01   -0.0000
     42    1  3.33556E-05 -6.67111E-05  4.13818E-04  2.08472E-06  1.98350E-01 -7.16852E-11  1.98350E-01   -0.0000
     43    1  3.33556E-05 -6.67111E-05  4.11733E-04  2.08472E-06  2.02904E-01 -7.30989E-11  2.02904E-01   -0.0000
     44    1  3.33556E-05 -6.67111E-05  4.09648E-04  2.08472E-06  2.07455E-01 -7.45011E-11  2.07455E-01   -0.0000
     45    1  3.33556E-05 -6.67111E-05  4.07563E-04  2.08472E-06  2.12003E-01 -7.58918E-11  2.12003E-01   -0.0000
     46    1  3.33556E-05 -6.67111E-05  4.05479E-04  2.08472E-06  2.16548E-01 -7.72712E-11  2.16548E-01   -0.0000
     47    1  3.33556E-05 -6.67111E-05  4.03394E-04  2.08472E-06  2.21091E-01 -7.86393E-11  2.21091E-01   -0.0000
     48    1  3.33556E-05 -6.67111E-05  4.01309E-04  2.08472E-06  2.25631E-01 -7.99962E-11  2.25631E-01   -0.0000
     49    1  3.33556E-05 -6.67111E-05  3.99224E-04  2.08472E-06  2.30169E-01 -8.13418E-11  2.30169E-01   -0.0000
     50    1  3.33556E-05 -6.67111E-05  3.97140E-04  2.08472E-06  2.34705E-01 -8.26763E-11  2.34705E-01   -0.0000
     51    1  3.33556E-05 -6.67111E-05  3.95055E-04  2.08472E-06  2.39238E-01 -8.39997E-11  2.39238E-01   -0.0000
     52    1  3.33556E-05 -6.67111E-05  3.92970E-04  2.08472E-06  2.43770E-01 -8.53121E-11  2.43770E-01   -0.0000
     53    1  3.33556E-05 -6.67111E-05  3.90886E-04  2.08472E-06  2.48300E-01 -8.66135E-11  2.48300E-01   -0.0000
     54    1  3.33556E-05 -6.67111E-05  3.88801E-04  2.08472E-06  2.52828E-01 -8.79039E-11  2.52828E-01   -0.0000
     55    1  3.33556E-05 -6.67111E-05  3.86716E-04  2.08472E-06  2.57354E-01 -8.91834E-11  2.57354E-01   -0.0000
     56    1  3.33556E-05 -6.67111E-05  3.84631E-04  2.08472E-06  2.61879E-01 -9.04520E-11  2.61879E-01   -0.0000
     57    1  3.33556E-05 -6.67111E-05  3.82547E-04  2.08472E-06  2.66403E-01 -9.17098E-11  2.66403E-01   -0.0000
     58    1  3.33556E-05 -6.67111E-05  3.80462E-04  2.08472E-06  2.70925E-01 -9.29569E-11  2.70925E-01   -0.0000
     59    1  3.33556E-05 -6.67111E-05  3.78377E-04  2.08472E-06  2.75446E-01 -9.41932E-11  2.75446E-01   -0.0000
     60    1  3.33556E-05 -6.67111E-05  3.76293E-04  2.08472E-06  2.79966E-01 -9.54187E-11  2.79966E-01   -0.0000
     61    1  3.33556E-05 -6.67111E-05  3.74208E-04  2.08472E-06  2.84485E-01 -9.66336E-11  2.84485E-01   -0.0000
     62    1  3.33556E-05 -6.67111E-05  3.72123E-04  2.08472E-06  2.89003E-01 -9.78379E-11  2.89003E-01   -0.0000
     63    1  3.33556E-05 -6.67111E-05  3.70038E-04  2.08472E-06  2.93520E-01 -9.90315E-11  2.93520E-01   -0.0000
     64    1  3.33556E-05 -6.67111E-05  3.67954E-04  2.08472E-06  2.98036E-01 -1.00215E-10  2.98036E-01   -0.0000
     65    1  3.33556E-05 -6.67111E-05  3.65869E-04  2.08472E-06  3.02552E-01 -1.01387E-10  3.02552E-01   -0.0000
     66    1  3.33556E-05 -6.67111E-05  3.63784E-04  2.08472E-06  3.07067E-01 -1.02549E-10  3.07067E-01   -0.0000
     67    1  3.33556E-05 -6.67111E-05  3.61699E-04  2.08472E-06  3.11581E-01 -1.03701E-10  3.11581E-01   -0.0000
     68    1  3.33556E-05 -6.67111E-05  3.59615E-04  2.08472E-06  3.16095E-01 -1.04842E-10  3.16095E-01   -0.0000
     69    1  3.33556E-05 -6.67111E-05  3.57530E-04  2.08472E-06  3.20609E-01 -1.05972E-10  3.20609E-01   -0.0000
     70    1  3.33556E-05 -6.67111E-05  3.55445E-04  2.08472E-06  3.25122E-01 -1.07092E-10  3.25122E-01   -0.0000
     71    1  3.33556E-05 -6.67111E-05  3.53361E-04  2.08472E-06  3.29635E-01 -1.08202E-10  3.29635E-01   -0.0000
     72    1  3.33556E-05 -6.67111E-05  3.51276E-04  2.08472E-06  3.34148E-01 -1.09302E-10  3.34148E-01   -0.0000
     73    1  3.33556E-05 -6.67111E-05  3.49191E-04  2.08472E-06  3.38661E-01 -1.10391E-10  3.38661E-01   -0.0000
     74    1  3.33556E-05 -6.67111E-05  3.47106E-04  2.08472E-06  3.43174E-01 -1.11470E-10  3.43174E-01   -0.0000
     75    1  3.33556E-05 -6.67111E-05  3.45022E-04  2.08472E-06  3.47687E-01 -1.12538E-10  3.47687E-01   -0.0000
     76    1  3.33556E-05 -6.67111E-05  3.42937E-04  2.08472E-06  3.52200E-01 -1.13597E-10  3.52200E-01   -0.0000
     77    1  3.33556E-05 -6.67111E-05  3.40852E-04  2.08472E-06  3.56714E-01 -1.14645E-10  3.56714E-01   -0.0000
     78    1  3.33556E-05 -6.67111E-05  3.38768E-04  2.08472E-06  3.61227E-01 -1.15682E-10  3.61227E-01   -0.0000
     79    1  3.33556E-05 -6.67111E-05  3.36683E-04  2.08472E-06  3.65741E-01 -1.16710E-10  3.65741E-01   -0.0000
     80    1  3.33556E-05 -6.67111E-05  3.34598E-04  2.08472E-06  3.70256E-01 -1.17727E-10  3.70256E-01   -0.0000
     81    1  3.33556E-05 -6.67111E-05  3.32513E-04  2.08472E-06  3.74771E-01 -1.18735E-10  3.74771E-01   -0.0000
     82    1  3.33556E-05 -6.67111E-05  3.30429E-04  2.08472E-06  3.79286E-01 -1.19732E-10  3.79286E-01   -0.0000
     83    1  3.33556E-05 -6.67111E-05  3.28344E-04  2.08472E-06  3.83802E-01 -1.20719E-10  3.83802E-01   -0.0000
     84    1  3.33556E-05 -6.67111E-05  3.26259E-04  2.08472E-06  3.88319E-01 -1.21696E-10  3.88319E-01   -0.0000
     85    1  3.33556E-05 -6.67111E-05  3.24174E-04  2.08472E-06  3.92836E-01 -1.22663E-10  3.92836E-01   -0.0000
     86    1  3.33556E-05 -6.67111E-05  3.22090E-04  2.08472E-06  3.97355E-01 -1.23619E-10  3.97355E-01   -0.0000
     87    1  3.33556E-05 -6.67111E-05  3.20005E-04  2.08472E-06  4.01874E-01 -1.24566E-10  4.01874E-01   -0.0000
     88    1  3.33556E-05 -6.67111E-05  3.17920E-04  2.08472E-06  4.06394E-01 -1.25503E-10  4.06394E-01   -0.0000
     89    1  3.33556E-05 -6.67111E-05  3.15836E-04  2.08472E-06  4.10915E-01 -1.26430E-10  4.10915E-01   -0.0000
     90    1  3.33556E-05 -6.67111E-05  3.13751E-04  2.08472E-06  4.15438E-01 -1.27346E-10  4.15438E-01   -0.0000
     91    1  3.33556E-05 -6.67111E-05  3.11666E-04  2.08472E-06  4.19961E-01 -1.28253E-10  4.19961E-01   -0.0000
     92    1  3.33556E-05 -6.67111E-05  3.09581E-04  2.08472E-06  4.24486E-01 -1.29150E-10  4.24486E-01   -0.0000
     93    1  3.33556E-05 -6.67111E-05  3.07497E-04  2.08472E-06  4.29011E-01 -1.30036E-10  4.29011E-01   -0.0000
     94    1  3.33556E-05 -6.67111E-05  3.05412E-04  2.08472E-06  4.33539E-01 -1.30913E-10  4.33539E-01   -0.0000
     95    1  3.33556E-05 -6.67111E-05  3.03327E-04  2.08472E-06  4.38067E-01 -1.31780E-10  4.38067E-01   -0.0000
     96    1  3.33556E-05 -6.67111E-05  3.01242E-04  2.08472E-06  4.42597E-01 -1.32637E-10  4.42597E-01   -0.0000
     97    1  3.33556E-05 -6.67111E-05  2.99158E-04  2.08472E-06  4.47129E-01 -1.33484E-10  4.47129E-01   -0.0000
     98    1  3.33556E-05 -6.67111E-05  2.97073E-04  2.08472E-06  4.51662E-01 -1.34321E-10  4.51662E-01   -0.0000
     99    1  3.33556E-05 -6.67111E-05  2.94988E-04  2.08472E-06  4.56197E-01 -1.35149E-10  4.56197E-01   -0.0000
    100    1  3.33556E-05 -6.67111E-05  2.92904E-04  2.08472E-06  4.60734E-01 -1.35966E-10  4.60734E-01   -0.0000
    101    1  3.33556E-05 -6.67111E-05  2.90819E-04  2.08472E-06  4.65272E-01 -1.36774E-10  4.65272E-01   -0.0000
    102    1  3.33556E-05 -6.67111E-05  2.88734E-04  2.08472E-06  4.69813E-01 -1.37572E-10  4.69813E-01   -0.0000
    103    1  3.33556E-05 -6.67111E-05  2.86649E-04  2.08472E-06  4.74355E-01 -1.38360E-10  4.74355E-01   -0.0000
    104    1  3.33556E-05 -6.67111E-05  2.84565E-04  2.08472E-06  4.78899E-01 -1.39138E-10  4.78899E-01   -0.0000
    105    1  3.33556E-05 -6.67111E-05  2.82480E-04  2.08472E-06  4.83445E-01 -1.39906E-10  4.83445E-01   -0.0000
    106    1  3.33556E-05 -6.67111E-05  2.80395E-04  2.08472E-06  4.87994E-01 -1.40665E-10  4.87994E-01   -0.0000
    107    1  3.33556E-05 -6.67111E-05  2.78311E-04  2.08472E-06  4.92544E-01 -1.41414E-10  4.92544E-01   -0.0000
    108    1  3.33556E-05 -6.67111E-05  2.76226E-04  2.08472E-06  4.97097E-01 -1.42153E-10  4.97097E-01   -0.0000
    109    1  3.33556E-05 -6.67111E-05  2.74141E-04  2.08472E-06  5.01652E-01 -1.42882E-10  5.01652E-01   -0.0000
    110    1  3.33556E-05 -6.67111E-05  2.72056E-04  2.08472E-06  5.06210E-01 -1.43602E-10  5.06210E-01   -0.0000
    111    1  3.33556E-05 -6.67111E-05  2.69972E-04  2.08472E-06  5.10770E-01 -1.44312E-10  5.10770E-01   -0.0000
    112    1  3.33556E-05 -6.67111E-05  2.67887E-04  2.08472E-06  5.15333E-01 -1.45012E-10  5.15333E-01   -0.0000
    113    1  3.33556E-05 -6.67111E-05  2.65802E-04  2.08472E-06  5.19898E-01 -1.45703E-10  5.19898E-01   -0.0000
    114    1  3.33556E-05 -6.67111E-05  2.63717E-04  2.08472E-06  5.24466E-01 -1.46384E-10  5.24466E-01   -0.0000
    115    1  3.33556E-05 -6.67111E-05  2.61633E-04  2.08472E-06  5.29037E-01 -1.47055E-10  5.29037E-01   -0.0000
    116    1  3.33556E-05 -6.67111E-05  2.59548E-04  2.08472E-06  5.33610E-01 -1.47716E-10  5.33610E-01   -0.0000
    117    1  3.33556E-05 -6.67111E-05  2.57463E-04  2.08472E-06  5.38187E-01 -1.48368E-10  5.38187E-01   -0.0000
    118    1  3.33556E-05 -6.67111E-05  2.55379E-04  2.08472E-06  5.42767E-01 -1.49010E-10  5.42767E-01   -0.0000
    119    1  3.33556E-05 -6.67111E-05  2.53294E-04  2.08472E-06  5.47349E-01 -1.49643E-10  5.47349E-01   -0.0000
    120    1  3.33556E-05 -6.67111E-05  2.51209E-04  2.08472E-06  5.51935E-01 -1.50266E-10  5.51935E-01   -0.0000
    121    1  3.33556E-05 -6.67111E-05  2.49124E-04  2.08472E-06  5.56524E-01 -1.50879E-10  5.56524E-01   -0.0000
    122    1  3.33556E-05 -6.67111E-05  2.47040E-04  2.08472E-06  5.61116E-01 -1.51483E-10  5.61116E-01   -0.0000
    123    1  3.33556E-05 -6.67111E-05  2.44955E-04  2.08472E-06  5.65712E-01 -1.52077E-10  5.65712E-01   -0.0000
    124    1  3.33556E-05 -6.67111E-05  2.42870E-04  2.08472E-06  5.70311E-01 -1.52661E-10  5.70311E-01   -0.0000
    125    1  3.33556E-05 -6.67111E-05  2.40786E-04  2.08472E-06  5.74914E-01 -1.53236E-10  5.74914E-01   -0.0000
    126    1  3.33556E-05 -6.67111E-05  2.38701E-04  2.08472E-06  5.79520E-01 -1.53801E-10  5.79520E-01   -0.0000
    127    1  3.33556E-05 -6.67111E-05  2.36616E-04  2.08472E-06  5.84130E-01 -1.54357E-10  5.84130E-01   -0.0000
    128    1  3.33556E-05 -6.67111E-05  2.34531E-04  2.08472E-06  5.88744E-01 -1.54903E-10  5.88744E-01   -0.0000
    129    1  3.33556E-05 -6.67111E-05  2.32447E-04  2.08472E-06  5.93362E-01 -1.55440E-10  5.93362E-01   -0.0000
    130    1  3.33556E-05 -6.67111E-05  2.30362E-04  2.08472E-06  5.97984E-01 -1.55967E-10  5.97984E-01   -0.0000
    131    1  3.33556E-05 -6.67111E-05  2.28277E-04  2.08472E-06  6.02610E-01 -1.56485E-10  6.02610E-01   -0.0000
    132    1  3.33556E-05 -6.67111E-05  2.26192E-04  2.08472E-06  6.07240E-01 -1.56993E-10  6.07240E-01   -0.0000
    133    1  3.33556E-05 -6.67111E-05  2.24108E-04  2.08472E-06  6.11875E-01 -1.57492E-10  6.11875E-01   -0.0000
    134    1  3.33556E-05 -6.67111E-05  2.22023E-04  2.08472E-06  6.16514E-01 -1.57981E-10  6.16514E-01   -0.0000
    135    1  3.33556E-05 -6.67111E-05  2.19938E-04  2.08472E-06  6.21157E-01 -1.58460E-10  6.21157E-01   -0.0000
    136    1  3.33556E-05 -6.67111E-05  2.17854E-04  2.08472E-06  6.25805E-01 -1.58931E-10  6.25805E-01   -0.0000
    137    1  3.33556E-05 -6.67111E-05  2.15769E-04  2.08472E-06  6.30458E-01 -1.59391E-10  6.30458E-01   -0.0000
    138    1  3.33556E-05 -6.67111E-05  2.13684E-04  2.08472E-06  6.35115E-01 -1.59843E-10  6.35115E-01   -0.0000
    139    1  3.33556E-05 -6.67111E-05  2.11599E-04  2.08472E-06  6.39778E-01 -1.60284E-10  6.39778E-01   -0.0000
    140    1  3.33556E-05 -6.67111E-05  2.09515E-04  2.08472E-06  6.44445E-01 -1.60717E-10  6.44445E-01   -0.0000
    141    1  3.33556E-05 -6.67111E-05  2.07430E-04  2.08472E-06  6.49118E-01 -1.61140E-10  6.49118E-01   -0.0000
    142    1  3.33556E-05 -6.67111E-05  2.05345E-04  2.08472E-06  6.53796E-01 -1.61553E-10  6.53796E-01   -0.0000
    143    1  3.33556E-05 -6.67111E-05  2.03261E-04  2.08472E-06  6.58479E-01 -1.61957E-10  6.58479E-01   -0.0000
    144    1  3.33556E-05 -6.67111E-05  2.01176E-04  2.08472E-06  6.63167E-01 -1.62352E-10  6.63167E-01   -0.0000
    145    1  3.33556E-05 -6.67111E-05  1.99091E-04  2.08472E-06  6.67862E-01 -1.62737E-10  6.67862E-01   -0.0000
    146    1  3.33556E-05 -6.67111E-05  1.97006E-04  2.08472E-06  6.72562E-01 -1.63113E-10  6.72562E-01   -0.0000
    147    1  3.33556E-05 -6.67111E-05  1.94922E-04  2.08472E-06  6.77268E-01 -1.63479E-10  6.77268E-01   -0.0000
    148    1  3.33556E-05 -6.67111E-05  1.92837E-04  2.08472E-06  6.81980E-01 -1.63836E-10  6.81980E-01   -0.0000
    149    1  3.33556E-05 -6.67111E-05  1.90752E-04  2.08472E-06  6.86698E-01 -1.64184E-10  6.86698E-01   -0.0000
    150    1  3.33556E-05 -6.67111E-05  1.88667E-04  2.08472E-06  6.91422E-01 -1.64523E-10  6.91422E-01   -0.0000
    151    1  3.33556E-05 -6.67111E-05  1.86583E-04  2.08472E-06  6.96153E-01 -1.64852E-10  6.96153E-01   -0.0000
    152    1  3.33556E-05 -6.67111E-05  1.84498E-04  2.08472E-06  7.00890E-01 -1.65171E-10  7.00890E-01   -0.0000
    153    1  3.33556E-05 -6.67111E-05  1.82413E-04  2.08472E-06  7.05634E-01 -1.65482E-10  7.05634E-01   -0.0000
    154    1  3.33556E-05 -6.67111E-05  1.80329E-04  2.08472E-06  7.10385E-01 -1.65783E-10  7.10385E-01   -0.0000
    155    1  3.33556E-05 -6.67111E-05  1.78244E-04  2.08472E-06  7.15143E-01 -1.66074E-10  7.15143E-01   -0.0000
    156    1  3.33556E-05 -6.67111E-05  1.76159E-04  2.08472E-06  7.19908E-01 -1.66357E-10  7.19908E-01   -0.0000
    157    1  3.33556E-05 -6.67111E-05  1.74074E-04  2.08472E-06  7.24681E-01 -1.66630E-10  7.24681E-01   -0.0000
    158    1  3.33556E-05 -6.67111E-05  1.71990E-04  2.08472E-06  7.29461E-01 -1.66894E-10  7.29461E-01   -0.0000
    159    1  3.33556E-05 -6.67111E-05  1.69905E-04  2.08472E-06  7.34249E-01 -1.67148E-10  7.34249E-01   -0.0000
    160    1  3.33556E-05 -6.67111E-05  1.67820E-04  2.08472E-06  7.39044E-01 -1.67394E-10  7.39044E-01   -0.0000
    161    1  3.33556E-05 -6.67111E-05  1.65735E-04  2.08472E-06  7.43848E-01 -1.67630E-10  7.43848E-01   -0.0000
    162    1  3.33556E-05 -6.67111E-05  1.63651E-04  2.08472E-06  7.48660E-01 -1.67856E-10  7.48660E-01   -0.0000
    163    1  3.33556E-05 -6.67111E-05  1.61566E-04  2.08472E-06  7.53480E-01 -1.68074E-10  7.53480E-01   -0.0000
    164    1  3.33556E-05 -6.67111E-05  1.59481E-04  2.08472E-06  7.58310E-01 -1.68282E-10  7.58310E-01   -0.0000
    165    1  3.33556E-05 -6.67111E-05  1.57397E-04  2.08472E-06  7.63147E-01 -1.68481E-10  7.63147E-01   -0.0000
    166    1  3.33556E-05 -6.67111E-05  1.55312E-04  2.08472E-06  7.67995E-01 -1.68671E-10  7.67995E-01   -0.0000
    167    1  3.33556E-05 -6.67111E-05  1.53227E-04  2.08472E-06  7.72851E-01 -1.68852E-10  7.72851E-01   -0.0000
    168    1  3.33556E-05 -6.67111E-05  1.51142E-04  2.08472E-06  7.77717E-01 -1.69024E-10  7.77717E-01   -0.0000
    169    1  3.33556E-05 -6.67111E-05  1.49058E-04  2.08472E-06  7.82593E-01 -1.69186E-10  7.82593E-01   -0.0000
    170    1  3.33556E-05 -6.67111E-05  1.46973E-04  2.08472E-06  7.87478E-01 -1.69339E-10  7.87478E-01   -0.0000
    171    1  3.33556E-05 -6.67111E-05  1.44888E-04  2.08472E-06  7.92374E-01 -1.69483E-10  7.92374E-01   -0.0000
    172    1  3.33556E-05 -6.67111E-05  1.42804E-04  2.08472E-06  7.97281E-01 -1.69618E-10  7.97281E-01   -0.0000
    173    1  3.33556E-05 -6.67111E-05  1.40719E-04  2.08472E-06  8.02198E-01 -1.69743E-10  8.02198E-01   -0.0000
    174    1  3.33556E-05 -6.67111E-05  1.38634E-04  2.08472E-06  8.07127E-01 -1.69860E-10  8.07127E-01   -0.0000
    175    1  3.33556E-05 -6.67111E-05  1.36549E-04  2.08472E-06  8.12067E-01 -1.69967E-10  8.12067E-01   -0.0000
    176    1  3.33556E-05 -6.67111E-05  1.34465E-04  2.08472E-06  8.17018E-01 -1.70066E-10  8.17018E-01   -0.0000
    177    1  3.33556E-05 -6.67111E-05  1.32380E-04  2.08472E-06  8.21982E-01 -1.70155E-10  8.21982E-01   -0.0000
    178    1  3.33556E-05 -6.67111E-05  1.30295E-04  2.08472E-06  8.26958E-01 -1.70235E-10  8.26958E-01   -0.0000
    179    1  3.33556E-05 -6.67111E-05  1.28210E-04  2.08472E-06  8.31947E-01 -1.70306E-10  8.31947E-01   -0.0000
    180    1  3.33556E-05 -6.67111E-05  1.26126E-04  2.08472E-06  8.36949E-01 -1.70368E-10  8.36949E-01   -0.0000
    181    1  3.33556E-05 -6.67111E-05  1.24041E-04  2.08472E-06  8.41964E-01 -1.70421E-10  8.41964E-01   -0.0000
    182    1  3.33556E-05 -6.67111E-05  1.21956E-04  2.08472E-06  8.46993E-01 -1.70465E-10  8.46993E-01   -0.0000
    183    1  3.33556E-05 -6.67111E-05  1.19872E-04  2.08472E-06  8.52036E-01 -1.70500E-10  8.52036E-01   -0.0000
    184    1  3.33556E-05 -6.67111E-05  1.17787E-04  2.08472E-06  8.57094E-01 -1.70525E-10  8.57094E-01   -0.0000
    185    1  3.33556E-05 -6.67111E-05  1.15702E-04  2.08472E-06  8.62168E-01 -1.70542E-10  8.62168E-01   -0.0000
    186    1  3.33556E-05 -6.67111E-05  1.13617E-04  2.08472E-06  8.67256E-01 -1.70550E-10  8.67256E-01   -0.0000
    187    1  3.33556E-05 -6.67111E-05  1.11533E-04  2.08472E-06  8.72361E-01 -1.70549E-10  8.72361E-01   -0.0000
    188    1  3.33556E-05 -6.67111E-05  1.09448E-04  2.08472E-06  8.77483E-01 -1.70539E-10  8.77483E-01   -0.0000
    189    1  3.33556E-05 -6.67111E-05  1.07363E-04  2.08472E-06  8.82621E-01 -1.70520E-10  8.82621E-01   -0.0000
    190    1  3.33556E-05 -6.67111E-05  1.05279E-04  2.08472E-06  8.87778E-01 -1.70491E-10  8.87778E-01   -0.0000
    191    1  3.33556E-05 -6.67111E-05  1.03194E-04  2.08472E-06  8.92952E-01 -1.70454E-10  8.92952E-01   -0.0000
    192    1  3.33556E-05 -6.67111E-05  1.01109E-04  2.08472E-06  8.98146E-01 -1.70409E-10  8.98146E-01   -0.0000
    193    1  3.33556E-05 -6.67111E-05  9.90243E-05  2.08472E-06  9.03360E-01 -1.70354E-10  9.03360E-01   -0.0000
    194    1  3.33556E-05 -6.67111E-05  9.69396E-05  2.08472E-06  9.08594E-01 -1.70290E-10  9.08594E-01   -0.0000
    195    1  3.33556E-05 -6.67111E-05  9.48549E-05  2.08472E-06  9.13849E-01 -1.70217E-10  9.13849E-01   -0.0000
    196    1  3.33556E-05 -6.67111E-05  9.27702E-05  2.08472E-06  9.19126E-01 -1.70136E-10  9.19126E-01   -0.0000
    197    1  3.33556E-05 -6.67111E-05  9.06855E-05  2.08472E-06  9.24426E-01 -1.70046E-10  9.24426E-01   -0.0000
    198    1  3.33556E-05 -6.67111E-05  8.86007E-05  2.08472E-06  9.29750E-01 -1.69946E-10  9.29750E-01   -0.0000
    199    1  3.33556E-05 -6.67111E-05  8.65160E-05  2.08472E-06  9.35098E-01 -1.69839E-10  9.35098E-01   -0.0000
    200    1  3.33556E-05 -6.67111E-05  8.44313E-05  2.08472E-06  9.40473E-01 -1.69722E-10  9.40473E-01   -0.0000
    201    1  3.33556E-05 -6.67111E-05  8.23466E-05  2.08472E-06  9.45875E-01 -1.69596E-10  9.45875E-01   -0.0000
    202    1  3.33556E-05 -6.67111E-05  8.02618E-05  2.08472E-06  9.51306E-01 -1.69462E-10  9.51306E-01   -0.0000
    203    1  3.33556E-05 -6.67111E-05  7.81771E-05  2.08472E-06  9.56766E-01 -1.69319E-10  9.56766E-01   -0.0000
    204    1  3.33556E-05 -6.67111E-05  7.60924E-05  2.08472E-06  9.62258E-01 -1.69167E-10  9.62258E-01   -0.0000
    205    1  3.33556E-05 -6.67111E-05  7.40077E-05  2.08472E-06  9.67783E-01 -1.69007E-10  9.67783E-01   -0.0000
    206    1  3.33556E-05 -6.67111E-05  7.19229E-05  2.08472E-06  9.73343E-01 -1.68837E-10  9.73343E-01   -0.0000
    207    1  3.33556E-05 -6.67111E-05  6.98382E-05  2.08472E-06  9.78940E-01 -1.68660E-10  9.78940E-01   -0.0000
    208    1  3.33556E-05 -6.67111E-05  6.77535E-05  2.08472E-06  9.84577E-01 -1.68473E-10  9.84577E-01   -0.0000
    209    1  3.33556E-05 -6.67111E-05  6.56688E-05  2.08472E-06  9.90255E-01 -1.68278E-10  9.90255E-01   -0.0000
    210    1  3.33556E-05 -6.67111E-05  6.35841E-05  2.08472E-06  9.95979E-01 -1.68074E-10  9.95979E-01   -0.0000
    211    1  3.33556E-05 -6.67111E-05  6.14993E-05  2.08472E-06  1.00175E+00 -1.67862E-10  1.00175E+00   -0.0000
    212    1  3.33556E-05 -6.67111E-05  5.94146E-05  2.08472E-06  1.00758E+00 -1.67641E-10  1.00758E+00   -0.0000
    213    1  3.33556E-05 -6.67111E-05  5.73299E-05  2.08472E-06  1.01346E+00 -1.67412E-10  1.01346E+00   -0.0000
    214    1  3.33556E-05 -6.67111E-05  5.52452E-05  2.08472E-06  1.01940E+00 -1.67174E-10  1.01940E+00   -0.0000
    215    1  3.33556E-05 -6.67111E-05  5.31604E-05  2.08472E-06  1.02542E+00 -1.66928E-10  1.02542E+00   -0.0000
    216    1  3.33556E-05 -6.67111E-05  5.10757E-05  2.08472E-06  1.03151E+00 -1.66673E-10  1.03151E+00   -0.0000
    217    1  3.33556E-05 -6.67111E-05  4.89910E-05  2.08472E-06  1.03769E+00 -1.66410E-10  1.03769E+00   -0.0000
    218    1  3.33556E-05 -6.67111E-05  4.69063E-05  2.08472E-06  1.04398E+00 -1.66139E-10  1.04398E+00   -0.0000
    219    1  3.33556E-05 -6.67111E-05  4.48215E-05  2.08472E-06  1.05038E+00 -1.65859E-10  1.05038E+00   -0.0000
    220    1  3.33556E-05 -6.67111E-05  4.27368E-05  2.08472E-06  1.05693E+00 -1.65571E-10  1.05693E+00   -0.0000
    221    1  3.33556E-05 -6.67111E-05  4.06521E-05  2.08472E-06  1.06366E+00 -1.65275E-10  1.06366E+00   -0.0000
    222    1  3.33556E-05 -6.67111E-05  3.85674E-05  2.08472E-06  1.07066E+00 -1.64971E-10  1.07066E+00   -0.0000
    223    1  3.33556E-05 -6.67111E-05  3.64827E-05  2.08472E-06  1.07805E+00 -1.64659E-10  1.07805E+00   -0.0000
    224    1  3.33556E-05 -6.67111E-05  3.43979E-05  2.08472E-06  1.08643E+00 -1.64338E-10  1.08643E+00   -0.0000
    225    1  3.33556E-05 -6.67111E-05  3.23132E-05  2.08472E-06  1.08735E+00 -1.64010E-10  1.08735E+00   -0.0000
    226    1  3.33556E-05 -6.67111E-05  3.02285E-05  2.08472E-06  1.08081E+00 -1.63674E-10  1.08081E+00   -0.0000
    227    1  3.33556E-05 -6.67111E-05  2.81438E-05  2.08472E-06  1.07526E+00 -1.63330E-10  1.07526E+00   -0.0000
    228    1  3.33556E-05 -6.67111E-05  2.60590E-05  2.08472E-06  1.07012E+00 -1.62978E-10  1.07012E+00   -0.0000
    229    1  3.33556E-05 -6.67111E-05  2.39743E-05  2.08472E-06  1.06524E+00 -1.62619E-10  1.06524E+00   -0.0000
    230    1  3.33556E-05 -6.67111E-05  2.18896E-05  2.08472E-06  1.06055E+00 -1.62253E-10  1.06055E+00   -0.0000
    231    1  3.33556E-05 -6.67111E-05  1.98049E-05  2.08472E-06  1.05603E+00 -1.61879E-10  1.05603E+00   -0.0000
    232    1  3.33556E-05 -6.67111E-05  1.77201E-05  2.08472E-06  1.05164E+00 -1.61498E-10  1.05164E+00   -0.0000
    233    1  3.33556E-05 -6.67111E-05  1.56354E-05  2.08472E-06  1.04738E+00 -1.61111E-10  1.04738E+00   -0.0000
    234    1  3.33556E-05 -6.67111E-05  1.35507E-05  2.08472E-06  1.04322E+00 -1.60717E-10  1.04322E+00   -0.0000
    235    1  3.33556E-05 -6.67111E-05  1.14660E-05  2.08472E-06  1.03917E+00 -1.60318E-10  1.03917E+00   -0.0000
    236    1  3.33556E-05 -6.67111E-05  9.38125E-06  2.08472E-06  1.03523E+00 -1.59913E-10  1.03523E+00   -0.0000
    237    1  3.33556E-05 -6.67111E-05  7.29653E-06  2.08472E-06  1.03140E+00 -1.59505E-10  1.03140E+00   -0.0000
    238    1  3.33556E-05 -6.67111E-05  5.21181E-06  2.08472E-06  1.02770E+00 -1.59094E-10  1.02770E+00   -0.0000
    239    1  3.33556E-05 -6.67111E-05  3.12708E-06  2.08472E-06  1.02415E+00 -1.58686E-10  1.02415E+00   -0.0000
    240    1  3.33556E-05 -6.67111E-05  1.04236E-06  2.08472E-06  1.02089E+00 -1.58296E-10  1.02089E+00   -0.0000
    241    2  6.67111E-05 -6.56688E-05  0.00000E+00  2.08472E-06  4.47297E-01 -7.09420E-11  4.47297E-01   -0.0000
    242    2  6.67111E-05 -6.35841E-05  0.00000E+00  2.08472E-06  4.43239E-01 -7.04533E-11  4.43239E-01   -0.0000
    243    2  6.67111E-05 -6.14993E-05  0.00000E+00  2.08472E-06  4.39181E-01 -6.99615E-11  4.39181E-01   -0.0000
    244    2  6.67111E-05 -5.94146E-05  0.00000E+00  2.08472E-06  4.35123E-01 -6.94668E-11  4.35123E-01   -0.0000
    245    2  6.67111E-05 -5.73299E-05  0.00000E+00  2.08472E-06  4.31064E-01 -6.89692E-11  4.31064E-01   -0.0000
    246    2  6.67111E-05 -5.52452E-05  0.00000E+00  2.08472E-06  4.27004E-01 -6.84687E-11  4.27004E-01   -0.0000
    247    2  6.67111E-05 -5.31604E-05  0.00000E+00  2.08472E-06  4.22944E-01 -6.79651E-11  4.22944E-01   -0.0000
    248    2  6.67111E-05 -5.10757E-05  0.00000E+00  2.08472E-06  4.18883E-01 -6.74586E-11  4.18883E-01   -0.0000
    249    2  6.67111E-05 -4.89910E-05  0.00000E+00  2.08472E-06  4.14822E-01 -6.69490E-11  4.14822E-01   -0.0000
    250    2  6.67111E-05 -4.69063E-05  0.00000E+00  2.08472E-06  4.10759E-01 -6.64364E-11  4.10759E-01   -0.0000
    251    2  6.67111E-05 -4.48215E-05  0.00000E+00  2.08472E-06  4.06696E-01 -6.59208E-11  4.06696E-01   -0.0000
    252    2  6.67111E-05 -4.27368E-05  0.00000E+00  2.08472E-06  4.02632E-01 -6.54021E-11  4.02632E-01   -0.0000
    253    2  6.67111E-05 -4.06521E-05  0.00000E+00  2.08472E-06  3.98567E-01 -6.48804E-11  3.98567E-01   -0.0000
    254    2  6.67111E-05 -3.85674E-05  0.00000E+00  2.08472E-06  3.94503E-01 -6.43557E-11  3.94503E-01   -0.0000
    255    2  6.67111E-05 -3.64827E-05  0.00000E+00  2.08472E-06  3.90438E-01 -6.38279E-11  3.90438E-01   -0.0000
    256    2  6.67111E-05 -3.43979E-05  0.00000E+00  2.08472E-06  3.86374E-01 -6.32971E-11  3.86374E-01   -0.0000
    257    2  6.67111E-05 -3.23132E-05  0.00000E+00  2.08472E-06  3.82309E-01 -6.27633E-11  3.82309E-01   -0.0000
    258    2  6.67111E-05 -3.02285E-05  0.00000E+00  2.08472E-06  3.78245E-01 -6.22265E-11  3.78245E-01   -0.0000
    259    2  6.67111E-05 -2.81438E-05  0.00000E+00  2.08472E-06  3.74182E-01 -6.16867E-11  3.74182E-01   -0.0000
    260    2  6.67111E-05 -2.60590E-05  0.00000E+00  2.08472E-06  3.70120E-01 -6.11440E-11  3.70120E-01   -0.0000
    261    2  6.67111E-05 -2.39743E-05  0.00000E+00  2.08472E-06  3.66059E-01 -6.05983E-11  3.66059E-01   -0.0000
    262    2  6.67111E-05 -2.18896E-05  0.00000E+00  2.08472E-06  3.61999E-01 -6.00497E-11  3.61999E-01   -0.0000
    263    2  6.67111E-05 -1.98049E-05  0.00000E+00  2.08472E-06  3.57941E-01 -5.94982E-11  3.57941E-01   -0.0000
    264    2  6.67111E-05 -1.77201E-05  0.00000E+00  2.08472E-06  3.53884E-01 -5.89437E-11  3.53884E-01   -0.0000
    265    2  6.67111E-05 -1.56354E-05  0.00000E+00  2.08472E-06  3.49828E-01 -5.83865E-11  3.49828E-01   -0.0000
    266    2  6.67111E-05 -1.35507E-05  0.00000E+00  2.08472E-06  3.45775E-01 -5.78263E-11  3.45775E-01   -0.0000
    267    2  6.67111E-05 -1.14660E-05  0.00000E+00  2.08472E-06  3.41723E-01 -5.72634E-11  3.41723E-01   -0.0000
    268    2  6.67111E-05 -9.38125E-06  0.00000E+00  2.08472E-06  3.37673E-01 -5.66976E-11  3.37673E-01   -0.0000
    269    2  6.67111E-05 -7.29653E-06  0.00000E+00  2.08472E-06  3.33625E-01 -5.61290E-11  3.33625E-01   -0.0000
    270    2  6.67111E-05 -5.21181E-06  0.00000E+00  2.08472E-06  3.29580E-01 -5.55576E-11  3.29580E-01   -0.0000
    271    2  6.67111E-05 -3.12708E-06  0.00000E+00  2.08472E-06  3.25537E-01 -5.49834E-11  3.25537E-01   -0.0000
    272    2  6.67111E-05 -1.04236E-06  0.00000E+00  2.08472E-06  3.21496E-01 -5.44065E-11  3.21496E-01   -0.0000
    273    2  6.67111E-05  1.04236E-06  0.00000E+00  2.08472E-06  3.17457E-01 -5.38268E-11  3.17457E-01   -0.0000
    274    2  6.67111E-05  3.12708E-06  0.00000E+00  2.08472E-06  3.13421E-01 -5.32444E-11  3.13421E-01   -0.0000
    275    2  6.67111E-05  5.21181E-06  0.00000E+00  2.08472E-06  3.09387E-01 -5.26593E-11  3.09387E-01   -0.0000
    276    2  6.67111E-05  7.29653E-06  0.00000E+00  2.08472E-06  3.05355E-01 -5.20714E-11  3.05355E-01   -0.0000
    277    2  6.67111E-05  9.38125E-06  0.00000E+00  2.08472E-06  3.01326E-01 -5.14809E-11  3.01326E-01   -0.0000
    278    2  6.67111E-05  1.14660E-05  0.00000E+00  2.08472E-06  2.97300E-01 -5.08876E-11  2.97300E-01   -0.0000
    279    2  6.67111E-05  1.35507E-05  0.00000E+00  2.08472E-06  2.93276E-01 -5.02917E-11  2.93276E-01   -0.0000
    280    2  6.67111E-05  1.56354E-05  0.00000E+00  2.08472E-06  2.89254E-01 -4.96930E-11  2.89254E-01   -0.0000
    281    2  6.67111E-05  1.77201E-05  0.00000E+00  2.08472E-06  2.85235E-01 -4.90917E-11  2.85235E-01   -0.0000
    282    2  6.67111E-05  1.98049E-05  0.00000E+00  2.08472E-06  2.81219E-01 -4.84878E-11  2.81219E-01   -0.0000
    283    2  6.67111E-05  2.18896E-05  0.00000E+00  2.08472E-06  2.77205E-01 -4.78811E-11  2.77205E-01   -0.0000
    284    2  6.67111E-05  2.39743E-05  0.00000E+00  2.08472E-06  2.73194E-01 -4.72719E-11  2.73194E-01   -0.0000
    285    2  6.67111E-05  2.60590E-05  0.00000E+00  2.08472E-06  2.69185E-01 -4.66599E-11  2.69185E-01   -0.0000
    286    2  6.67111E-05  2.81438E-05  0.00000E+00  2.08472E-06  2.65179E-01 -4.60454E-11  2.65179E-01   -0.0000
    287    2  6.67111E-05  3.02285E-05  0.00000E+00  2.08472E-06  2.61175E-01 -4.54282E-11  2.61175E-01   -0.0000
    288    2  6.67111E-05  3.23132E-05  0.00000E+00  2.08472E-06  2.57174E-01 -4.48083E-11  2.57174E-01   -0.0000
    289    2  6.67111E-05  3.43979E-05  0.00000E+00  2.08472E-06  2.53175E-01 -4.41858E-11  2.53175E-01   -0.0000
    290    2  6.67111E-05  3.64827E-05  0.00000E+00  2.08472E-06  2.49179E-01 -4.35607E-11  2.49179E-01   -0.0000
    291    2  6.67111E-05  3.85674E-05  0.00000E+00  2.08472E-06  2.45185E-01 -4.29330E-11  2.45185E-01   -0.0000
    292    2  6.67111E-05  4.06521E-05  0.00000E+00  2.08472E-06  2.41194E-01 -4.23026E-11  2.41194E-01   -0.0000
    293    2  6.67111E-05  4.27368E-05  0.00000E+00  2.08472E-06  2.37206E-01 -4.16696E-11  2.37206E-01   -0.0000
    294    2  6.67111E-05  4.48215E-05  0.00000E+00  2.08472E-06  2.33220E-01 -4.10340E-11  2.33220E-01   -0.0000
    295    2  6.67111E-05  4.69063E-05  0.00000E+00  2.08472E-06  2.29236E-01 -4.03957E-11  2.29236E-01   -0.0000
    296    2  6.67111E-05  4.89910E-05  0.00000E+00  2.08472E-06  2.25255E-01 -3.97548E-11  2.25255E-01   -0.0000
    297    2  6.67111E-05  5.10757E-05  0.00000E+00  2.08472E-06  2.21277E-01 -3.91112E-11  2.21277E-01   -0.0000
    298    2  6.67111E-05  5.31604E-05  0.00000E+00  2.08472E-06  2.17301E-01 -3.84649E-11  2.17301E-01   -0.0000
    299    2  6.67111E-05  5.52452E-05  0.00000E+00  2.08472E-06  2.13327E-01 -3.78160E-11  2.13327E-01   -0.0000
    300    2  6.67111E-05  5.73299E-05  0.00000E+00  2.08472E-06  2.09357E-01 -3.71644E-11  2.09357E-01   -0.0000
    301    2  6.67111E-05  5.94146E-05  0.00000E+00  2.08472E-06  2.05388E-01 -3.65101E-11  2.05388E-01   -0.0000
    302    2  6.67111E-05  6.14993E-05  0.00000E+00  2.08472E-06  2.01423E-01 -3.58530E-11  2.01423E-01   -0.0000
    303    2  6.67111E-05  6.35841E-05  0.00000E+00  2.08472E-06  1.97460E-01 -3.51932E-11  1.97460E-01   -0.0000
    304    2  6.67111E-05  6.56688E-05  0.00000E+00  2.08472E-06  1.93500E-01 -3.45304E-11  1.93500E-01   -0.0000
    305    3  6.56688E-05  6.67111E-05  0.00000E+00  2.08472E-06  1.89542E-01 -3.38648E-11  1.89542E-01   -0.0000
    306    3  6.35841E-05  6.67111E-05  0.00000E+00  2.08472E-06  1.85584E-01 -3.31972E-11  1.85584E-01   -0.0000
    307    3  6.14993E-05  6.67111E-05  0.00000E+00  2.08472E-06  1.81625E-01 -3.25282E-11  1.81625E-01   -0.0000
    308    3  5.94146E-05  6.67111E-05  0.00000E+00  2.08472E-06  1.77665E-01 -3.18580E-11  1.77665E-01   -0.0000
    309    3  5.73299E-05  6.67111E-05  0.00000E+00  2.08472E-06  1.73705E-01 -3.11864E-11  1.73705E-01   -0.0000
    310    3  5.52452E-05  6.67111E-05  0.00000E+00  2.08472E-06  1.69744E-01 -3.05135E-11  1.69744E-01   -0.0000
    311    3  5.31604E-05  6.67111E-05  0.00000E+00  2.08472E-06  1.65782E-01 -2.98394E-11  1.65782E-01   -0.0000
    312    3  5.10757E-05  6.67111E-05  0.00000E+00  2.08472E-06  1.61820E-01 -2.91639E-11  1.61820E-01   -0.0000
    313    3  4.89910E-05  6.67111E-05  0.00000E+00  2.08472E-06  1.57858E-01 -2.84873E-11  1.57858E-01   -0.0000
    314    3  4.69063E-05  6.67111E-05  0.00000E+00  2.08472E-06  1.53895E-01 -2.78093E-11  1.53895E-01   -0.0000
    315    3  4.48215E-05  6.67111E-05  0.00000E+00  2.08472E-06  1.49932E-01 -2.71302E-11  1.49932E-01   -0.0000
    316    3  4.27368E-05  6.67111E-05  0.00000E+00  2.08472E-06  1.45968E-01 -2.64497E-11  1.45968E-01   -0.0000
    317    3  4.06521E-05  6.67111E-05  0.00000E+00  2.08472E-06  1.42005E-01 -2.57681E-11  1.42005E-01   -0.0000
    318    3  3.85674E-05  6.67111E-05  0.00000E+00  2.08472E-06  1.38041E-01 -2.50852E-11  1.38041E-01   -0.0000
    319    3  3.64827E-05  6.67111E-05  0.00000E+00  2.08472E-06  1.34077E-01 -2.44010E-11  1.34077E-01   -0.0000
    320    3  3.43979E-05  6.67111E-05  0.00000E+00  2.08472E-06  1.30113E-01 -2.37156E-11  1.30113E-01   -0.0000
    321    3  3.23132E-05  6.67111E-05  0.00000E+00  2.08472E-06  1.26149E-01 -2.30290E-11  1.26149E-01   -0.0000
    322    3  3.02285E-05  6.67111E-05  0.00000E+00  2.08472E-06  1.22185E-01 -2.23412E-11  1.22185E-01   -0.0000
    323    3  2.81438E-05  6.67111E-05  0.00000E+00  2.08472E-06  1.18221E-01 -2.16521E-11  1.18221E-01   -0.0000
    324    3  2.60590E-05  6.67111E-05  0.00000E+00  2.08472E-06  1.14257E-01 -2.09618E-11  1.14257E-01   -0.0000
    325    3  2.39743E-05  6.67111E-05  0.00000E+00  2.08472E-06  1.10293E-01 -2.02702E-11  1.10293E-01   -0.0000
    326    3  2.18896E-05  6.67111E-05  0.00000E+00  2.08472E-06  1.06329E-01 -1.95775E-11  1.06329E-01   -0.0000
    327    3  1.98049E-05  6.67111E-05  0.00000E+00  2.08472E-06  1.02365E-01 -1.88834E-11  1.02365E-01   -0.0000
    328    3  1.77201E-05  6.67111E-05  0.00000E+00  2.08472E-06  9.84022E-02 -1.81882E-11  9.84022E-02   -0.0000
    329    3  1.56354E-05  6.67111E-05  0.00000E+00  2.08472E-06  9.44392E-02 -1.74917E-11  9.44392E-02   -0.0000
    330    3  1.35507E-05  6.67111E-05  0.00000E+00  2.08472E-06  9.04766E-02 -1.67939E-11  9.04766E-02   -0.0000
    331    3  1.14660E-05  6.67111E-05  0.00000E+00  2.08472E-06  8.65143E-02 -1.60950E-11  8.65143E-02   -0.0000
    332    3  9.38125E-06  6.67111E-05  0.00000E+00  2.08472E-06  8.25524E-02 -1.53947E-11  8.25524E-02   -0.0000
    333    3  7.29653E-06  6.67111E-05  0.00000E+00  2.08472E-06  7.85909E-02 -1.46932E-11  7.85909E-02   -0.0000
    334    3  5.21181E-06  6.67111E-05  0.00000E+00  2.08472E-06  7.46298E-02 -1.39905E-11  7.46298E-02   -0.0000
    335    3  3.12708E-06  6.67111E-05  0.00000E+00  2.08472E-06  7.06692E-02 -1.32865E-11  7.06692E-02   -0.0000
    336    3  1.04236E-06  6.67111E-05  0.00000E+00  2.08472E-06  6.67092E-02 -1.25813E-11  6.67092E-02   -0.0000
    337    3 -1.04236E-06  6.67111E-05  0.00000E+00  2.08472E-06  6.27496E-02 -1.18748E-11  6.27496E-02   -0.0000
    338    3 -3.12708E-06  6.67111E-05  0.00000E+00  2.08472E-06  5.87907E-02 -1.11670E-11  5.87907E-02   -0.0000
    339    3 -5.21181E-06  6.67111E-05  0.00000E+00  2.08472E-06  5.48324E-02 -1.04580E-11  5.48324E-02   -0.0000
    340    3 -7.29653E-06  6.67111E-05  0.00000E+00  2.08472E-06  5.08747E-02 -9.74771E-12  5.08747E-02   -0.0000
    341    3 -9.38125E-06  6.67111E-05  0.00000E+00  2.08472E-06  4.69176E-02 -9.03615E-12  4.69176E-02   -0.0000
    342    3 -1.14660E-05  6.67111E-05  0.00000E+00  2.08472E-06  4.29612E-02 -8.32331E-12  4.29612E-02   -0.0000
    343    3 -1.35507E-05  6.67111E-05  0.00000E+00  2.08472E-06  3.90056E-02 -7.60920E-12  3.90056E-02   -0.0000
    344    3 -1.56354E-05  6.67111E-05  0.00000E+00  2.08472E-06  3.50507E-02 -6.89380E-12  3.50507E-02   -0.0000
    345    3 -1.77201E-05  6.67111E-05  0.00000E+00  2.08472E-06  3.10966E-02 -6.17712E-12  3.10966E-02   -0.0000
    346    3 -1.98049E-05  6.67111E-05  0.00000E+00  2.08472E-06  2.71432E-02 -5.45915E-12  2.71432E-02   -0.0000
    347    3 -2.18896E-05  6.67111E-05  0.00000E+00  2.08472E-06  2.31907E-02 -4.73989E-12  2.31907E-02   -0.0000
    348    3 -2.39743E-05  6.67111E-05  0.00000E+00  2.08472E-06  1.92390E-02 -4.01934E-12  1.92390E-02   -0.0000
    349    3 -2.60590E-05  6.67111E-05  0.00000E+00  2.08472E-06  1.52882E-02 -3.29748E-12  1.52882E-02   -0.0000
    350    3 -2.81438E-05  6.67111E-05  0.00000E+00  2.08472E-06  1.13383E-02 -2.57432E-12  1.13383E-02   -0.0000
    351    3 -3.02285E-05  6.67111E-05  0.00000E+00  2.08472E-06  7.38937E-03 -1.84986E-12  7.38937E-03   -0.0000
    352    3 -3.23132E-05  6.67111E-05  0.00000E+00  2.08472E-06  3.44135E-03 -1.12409E-12  3.44135E-03   -0.0000
    353    3 -3.43979E-05  6.67111E-05  0.00000E+00  2.08472E-06 -5.05697E-04 -3.96994E-13  5.05697E-04 -180.0000
    354    3 -3.64827E-05  6.67111E-05  0.00000E+00  2.08472E-06 -4.45174E-03  3.31418E-13  4.45174E-03  180.0000
    355    3 -3.85674E-05  6.67111E-05  0.00000E+00  2.08472E-06 -8.39675E-03  1.06115E-12  8.39675E-03  180.0000
    356    3 -4.06521E-05  6.67111E-05  0.00000E+00  2.08472E-06 -1.23407E-02  1.79222E-12  1.23407E-02  180.0000
    357    3 -4.27368E-05  6.67111E-05  0.00000E+00  2.08472E-06 -1.62836E-02  2.52463E-12  1.62836E-02  180.0000
    358    3 -4.48215E-05  6.67111E-05  0.00000E+00  2.08472E-06 -2.02253E-02  3.25837E-12  2.02253E-02  180.0000
    359    3 -4.69063E-05  6.67111E-05  0.00000E+00  2.08472E-06 -2.41659E-02  3.99347E-12  2.41659E-02  180.0000
    360    3 -4.89910E-05  6.67111E-05  0.00000E+00  2.08472E-06 -2.81054E-02  4.72992E-12  2.81054E-02  180.0000
    361    3 -5.10757E-05  6.67111E-05  0.00000E+00  2.08472E-06 -3.20436E-02  5.46774E-12  3.20436E-02  180.0000
    362    3 -5.31604E-05  6.67111E-05  0.00000E+00  2.08472E-06 -3.59806E-02  6.20693E-12  3.59806E-02  180.0000
    363    3 -5.52452E-05  6.67111E-05  0.00000E+00  2.08472E-06 -3.99163E-02  6.94751E-12  3.99163E-02  180.0000
    364    3 -5.73299E-05  6.67111E-05  0.00000E+00  2.08472E-06 -4.38507E-02  7.68950E-12  4.38507E-02  180.0000
    365    3 -5.94146E-05  6.67111E-05  0.00000E+00  2.08472E-06 -4.77838E-02  8.43290E-12  4.77838E-02  180.0000
    366    3 -6.14993E-05  6.67111E-05  0.00000E+00  2.08472E-06 -5.17154E-02  9.17776E-12  5.17154E-02  180.0000
    367    3 -6.35841E-05  6.67111E-05  0.00000E+00  2.08472E-06 -5.56456E-02  9.92410E-12  5.56456E-02  180.0000
    368    3 -6.56688E-05  6.67111E-05  0.00000E+00  2.08472E-06 -5.95741E-02  1.06720E-11  5.95741E-02  180.0000
    369    4 -6.67111E-05  6.56688E-05  0.00000E+00  2.08472E-06 -6.35020E-02  1.14204E-11  6.35020E-02  180.0000
    370    4 -6.67111E-05  6.35841E-05  0.00000E+00  2.08472E-06 -6.74310E-02  1.21667E-11  6.74310E-02  180.0000
    371    4 -6.67111E-05  6.14993E-05  0.00000E+00  2.08472E-06 -7.13622E-02  1.29101E-11  7.13622E-02  180.0000
    372    4 -6.67111E-05  5.94146E-05  0.00000E+00  2.08472E-06 -7.52952E-02  1.36505E-11  7.52952E-02  180.0000
    373    4 -6.67111E-05  5.73299E-05  0.00000E+00  2.08472E-06 -7.92301E-02  1.43882E-11  7.92301E-02  180.0000
    374    4 -6.67111E-05  5.52452E-05  0.00000E+00  2.08472E-06 -8.31669E-02  1.51232E-11  8.31669E-02  180.0000
    375    4 -6.67111E-05  5.31604E-05  0.00000E+00  2.08472E-06 -8.71054E-02  1.58554E-11  8.71054E-02  180.0000
    376    4 -6.67111E-05  5.10757E-05  0.00000E+00  2.08472E-06 -9.10457E-02  1.65849E-11  9.10457E-02  180.0000
    377    4 -6.67111E-05  4.89910E-05  0.00000E+00  2.08472E-06 -9.49878E-02  1.73118E-11  9.49878E-02  180.0000
    378    4 -6.67111E-05  4.69063E-05  0.00000E+00  2.08472E-06 -9.89315E-02  1.80360E-11  9.89315E-02  180.0000
    379    4 -6.67111E-05  4.48215E-05  0.00000E+00  2.08472E-06 -1.02877E-01  1.87576E-11  1.02877E-01  180.0000
    380    4 -6.67111E-05  4.27368E-05  0.00000E+00  2.08472E-06 -1.06824E-01  1.94765E-11  1.06824E-01  180.0000
    381    4 -6.67111E-05  4.06521E-05  0.00000E+00  2.08472E-06 -1.10773E-01  2.01929E-11  1.10773E-01  180.0000
    382    4 -6.67111E-05  3.85674E-05  0.00000E+00  2.08472E-06 -1.14724E-01  2.09066E-11  1.14724E-01  180.0000
    383    4 -6.67111E-05  3.64827E-05  0.00000E+00  2.08472E-06 -1.18676E-01  2.16177E-11  1.18676E-01  180.0000
    384    4 -6.67111E-05  3.43979E-05  0.00000E+00  2.08472E-06 -1.22629E-01  2.23262E-11  1.22629E-01  180.0000
    385    4 -6.67111E-05  3.23132E-05  0.00000E+00  2.08472E-06 -1.26585E-01  2.30322E-11  1.26585E-01  180.0000
    386    4 -6.67111E-05  3.02285E-05  0.00000E+00  2.08472E-06 -1.30542E-01  2.37355E-11  1.30542E-01  180.0000
    387    4 -6.67111E-05  2.81438E-05  0.00000E+00  2.08472E-06 -1.34500E-01  2.44363E-11  1.34500E-01  180.0000
    388    4 -6.67111E-05  2.60590E-05  0.00000E+00  2.08472E-06 -1.38461E-01  2.51345E-11  1.38461E-01  180.0000
    389    4 -6.67111E-05  2.39743E-05  0.00000E+00  2.08472E-06 -1.42422E-01  2.58301E-11  1.42422E-01  180.0000
    390    4 -6.67111E-05  2.18896E-05  0.00000E+00  2.08472E-06 -1.46386E-01  2.65232E-11  1.46386E-01  180.0000
    391    4 -6.67111E-05  1.98049E-05  0.00000E+00  2.08472E-06 -1.50351E-01  2.72137E-11  1.50351E-01  180.0000
    392    4 -6.67111E-05  1.77201E-05  0.00000E+00  2.08472E-06 -1.54317E-01  2.79016E-11  1.54317E-01  180.0000
    393    4 -6.67111E-05  1.56354E-05  0.00000E+00  2.08472E-06 -1.58285E-01  2.85870E-11  1.58285E-01  180.0000
    394    4 -6.67111E-05  1.35507E-05  0.00000E+00  2.08472E-06 -1.62254E-01  2.92698E-11  1.62254E-01  180.0000
    395    4 -6.67111E-05  1.14660E-05  0.00000E+00  2.08472E-06 -1.66225E-01  2.99501E-11  1.66225E-01  180.0000
    396    4 -6.67111E-05  9.38125E-06  0.00000E+00  2.08472E-06 -1.70198E-01  3.06279E-11  1.70198E-01  180.0000
    397    4 -6.67111E-05  7.29653E-06  0.00000E+00  2.08472E-06 -1.74172E-01  3.13031E-11  1.74172E-01  180.0000
    398    4 -6.67111E-05  5.21181E-06  0.00000E+00  2.08472E-06 -1.78147E-01  3.19757E-11  1.78147E-01  180.0000
    399    4 -6.67111E-05  3.12708E-06  0.00000E+00  2.08472E-06 -1.82124E-01  3.26458E-11  1.82124E-01  180.0000
    400    4 -6.67111E-05  1.04236E-06  0.00000E+00  2.08472E-06 -1.86102E-01  3.33134E-11  1.86102E-01  180.0000
    401    4 -6.67111E-05 -1.04236E-06  0.00000E+00  2.08472E-06 -1.90082E-01  3.39784E-11  1.90082E-01  180.0000
    402    4 -6.67111E-05 -3.12708E-06  0.00000E+00  2.08472E-06 -1.94063E-01  3.46409E-11  1.94063E-01  180.0000
    403    4 -6.67111E-05 -5.21181E-06  0.00000E+00  2.08472E-06 -1.98045E-01  3.53008E-11  1.98045E-01  180.0000
    404    4 -6.67111E-05 -7.29653E-06  0.00000E+00  2.08472E-06 -2.02029E-01  3.59582E-11  2.02029E-01  180.0000
    405    4 -6.67111E-05 -9.38125E-06  0.00000E+00  2.08472E-06 -2.06014E-01  3.66130E-11  2.06014E-01  180.0000
    406    4 -6.67111E-05 -1.14660E-05  0.00000E+00  2.08472E-06 -2.10000E-01  3.72654E-11  2.10000E-01  180.0000
    407    4 -6.67111E-05 -1.35507E-05  0.00000E+00  2.08472E-06 -2.13987E-01  3.79152E-11  2.13987E-01  180.0000
    408    4 -6.67111E-05 -1.56354E-05  0.00000E+00  2.08472E-06 -2.17976E-01  3.85624E-11  2.17976E-01  180.0000
    409    4 -6.67111E-05 -1.77201E-05  0.00000E+00  2.08472E-06 -2.21966E-01  3.92071E-11  2.21966E-01  180.0000
    410    4 -6.67111E-05 -1.98049E-05  0.00000E+00  2.08472E-06 -2.25957E-01  3.98493E-11  2.25957E-01  180.0000
    411    4 -6.67111E-05 -2.18896E-05  0.00000E+00  2.08472E-06 -2.29949E-01  4.04889E-11  2.29949E-01  180.0000
    412    4 -6.67111E-05 -2.39743E-05  0.00000E+00  2.08472E-06 -2.33943E-01  4.11260E-11  2.33943E-01  180.0000
    413    4 -6.67111E-05 -2.60590E-05  0.00000E+00  2.08472E-06 -2.37937E-01  4.17605E-11  2.37937E-01  180.0000
    414    4 -6.67111E-05 -2.81438E-05  0.00000E+00  2.08472E-06 -2.41932E-01  4.23925E-11  2.41932E-01  180.0000
    415    4 -6.67111E-05 -3.02285E-05  0.00000E+00  2.08472E-06 -2.45928E-01  4.30220E-11  2.45928E-01  180.0000
    416    4 -6.67111E-05 -3.23132E-05  0.00000E+00  2.08472E-06 -2.49925E-01  4.36489E-11  2.49925E-01  180.0000
    417    4 -6.67111E-05 -3.43979E-05  0.00000E+00  2.08472E-06 -2.53923E-01  4.42732E-11  2.53923E-01  180.0000
    418    4 -6.67111E-05 -3.64827E-05  0.00000E+00  2.08472E-06 -2.57922E-01  4.48950E-11  2.57922E-01  180.0000
    419    4 -6.67111E-05 -3.85674E-05  0.00000E+00  2.08472E-06 -2.61921E-01  4.55142E-11  2.61921E-01  180.0000
    420    4 -6.67111E-05 -4.06521E-05  0.00000E+00  2.08472E-06 -2.65922E-01  4.61309E-11  2.65922E-01  180.0000
    421    4 -6.67111E-05 -4.27368E-05  0.00000E+00  2.08472E-06 -2.69922E-01  4.67450E-11  2.69922E-01  180.0000
    422    4 -6.67111E-05 -4.48215E-05  0.00000E+00  2.08472E-06 -2.73924E-01  4.73565E-11  2.73924E-01  180.0000
    423    4 -6.67111E-05 -4.69063E-05  0.00000E+00  2.08472E-06 -2.77925E-01  4.79654E-11  2.77925E-01  180.0000
    424    4 -6.67111E-05 -4.89910E-05  0.00000E+00  2.08472E-06 -2.81928E-01  4.85717E-11  2.81928E-01  180.0000
    425    4 -6.67111E-05 -5.10757E-05  0.00000E+00  2.08472E-06 -2.85930E-01  4.91754E-11  2.85930E-01  180.0000
    426    4 -6.67111E-05 -5.31604E-05  0.00000E+00  2.08472E-06 -2.89933E-01  4.97765E-11  2.89933E-01  180.0000
    427    4 -6.67111E-05 -5.52452E-05  0.00000E+00  2.08472E-06 -2.93936E-01  5.03749E-11  2.93936E-01  180.0000
    428    4 -6.67111E-05 -5.73299E-05  0.00000E+00  2.08472E-06 -2.97939E-01  5.09707E-11  2.97939E-01  180.0000
    429    4 -6.67111E-05 -5.94146E-05  0.00000E+00  2.08472E-06 -3.01942E-01  5.15637E-11  3.01942E-01  180.0000
    430    4 -6.67111E-05 -6.14993E-05  0.00000E+00  2.08472E-06 -3.05945E-01  5.21540E-11  3.05945E-01  180.0000
    431    4 -6.67111E-05 -6.35841E-05  0.00000E+00  2.08472E-06 -3.09949E-01  5.27416E-11  3.09949E-01  180.0000
    432    4 -6.67111E-05 -6.56688E-05  0.00000E+00  2.08472E-06 -3.13951E-01  5.33262E-11  3.13951E-01  180.0000
    433    5 -6.56688E-05 -6.67111E-05  0.00000E+00  2.08472E-06 -3.17955E-01  5.39080E-11  3.17955E-01  180.0000
    434    5 -6.35841E-05 -6.67111E-05  0.00000E+00  2.08472E-06 -3.21961E-01  5.44877E-11  3.21961E-01  180.0000
    435    5 -6.14993E-05 -6.67111E-05  0.00000E+00  2.08472E-06 -3.25970E-01  5.50659E-11  3.25970E-01  180.0000
    436    5 -5.94146E-05 -6.67111E-05  0.00000E+00  2.08472E-06 -3.29983E-01  5.56427E-11  3.29983E-01  180.0000
    437    5 -5.73299E-05 -6.67111E-05  0.00000E+00  2.08472E-06 -3.33998E-01  5.62180E-11  3.33998E-01  180.0000
    438    5 -5.52452E-05 -6.67111E-05  0.00000E+00  2.08472E-06 -3.38017E-01  5.67918E-11  3.38017E-01  180.0000
    439    5 -5.31604E-05 -6.67111E-05  0.00000E+00  2.08472E-06 -3.42039E-01  5.73642E-11  3.42039E-01  180.0000
    440    5 -5.10757E-05 -6.67111E-05  0.00000E+00  2.08472E-06 -3.46064E-01  5.79352E-11  3.46064E-01  180.0000
    441    5 -4.89910E-05 -6.67111E-05  0.00000E+00  2.08472E-06 -3.50091E-01  5.85047E-11  3.50091E-01  180.0000
    442    5 -4.69063E-05 -6.67111E-05  0.00000E+00  2.08472E-06 -3.54122E-01  5.90727E-11  3.54122E-01  180.0000
    443    5 -4.48215E-05 -6.67111E-05  0.00000E+00  2.08472E-06 -3.58155E-01  5.96392E-11  3.58155E-01  180.0000
    444    5 -4.27368E-05 -6.67111E-05  0.00000E+00  2.08472E-06 -3.62191E-01  6.02043E-11  3.62191E-01  180.0000
    445    5 -4.06521E-05 -6.67111E-05  0.00000E+00  2.08472E-06 -3.66230E-01  6.07678E-11  3.66230E-01  180.0000
    446    5 -3.85674E-05 -6.67111E-05  0.00000E+00  2.08472E-06 -3.70272E-01  6.13299E-11  3.70272E-01  180.0000
    447    5 -3.64827E-05 -6.67111E-05  0.00000E+00  2.08472E-06 -3.74316E-01  6.18904E-11  3.74316E-01  180.0000
    448    5 -3.43979E-05 -6.67111E-05  0.00000E+00  2.08472E-06 -3.78363E-01  6.24493E-11  3.78363E-01  180.0000
    449    5 -3.23132E-05 -6.67111E-05  0.00000E+00  2.08472E-06 -3.82413E-01  6.30067E-11  3.82413E-01  180.0000
    450    5 -3.02285E-05 -6.67111E-05  0.00000E+00  2.08472E-06 -3.86465E-01  6.35624E-11  3.86465E-01  180.0000
    451    5 -2.81438E-05 -6.67111E-05  0.00000E+00  2.08472E-06 -3.90519E-01  6.41166E-11  3.90519E-01  180.0000
    452    5 -2.60590E-05 -6.67111E-05  0.00000E+00  2.08472E-06 -3.94575E-01  6.46691E-11  3.94575E-01  180.0000
    453    5 -2.39743E-05 -6.67111E-05  0.00000E+00  2.08472E-06 -3.98633E-01  6.52199E-11  3.98633E-01  180.0000
    454    5 -2.18896E-05 -6.67111E-05  0.00000E+00  2.08472E-06 -4.02694E-01  6.57690E-11  4.02694E-01  180.0000
    455    5 -1.98049E-05 -6.67111E-05  0.00000E+00  2.08472E-06 -4.06756E-01  6.63164E-11  4.06756E-01  180.0000
    456    5 -1.77201E-05 -6.67111E-05  0.00000E+00  2.08472E-06 -4.10819E-01  6.68620E-11  4.10819E-01  180.0000
    457    5 -1.56354E-05 -6.67111E-05  0.00000E+00  2.08472E-06 -4.14884E-01  6.74059E-11  4.14884E-01  180.0000
    458    5 -1.35507E-05 -6.67111E-05  0.00000E+00  2.08472E-06 -4.18950E-01  6.79478E-11  4.18950E-01  180.0000
    459    5 -1.14660E-05 -6.67111E-05  0.00000E+00  2.08472E-06 -4.23016E-01  6.84879E-11  4.23016E-01  180.0000
    460    5 -9.38125E-06 -6.67111E-05  0.00000E+00  2.08472E-06 -4.27082E-01  6.90260E-11  4.27082E-01  180.0000
    461    5 -7.29653E-06 -6.67111E-05  0.00000E+00  2.08472E-06 -4.31148E-01  6.95622E-11  4.31148E-01  180.0000
    462    5 -5.21181E-06 -6.67111E-05  0.00000E+00  2.08472E-06 -4.35214E-01  7.00962E-11  4.35214E-01  180.0000
    463    5 -3.12708E-06 -6.67111E-05  0.00000E+00  2.08472E-06 -4.39277E-01  7.06282E-11  4.39277E-01  180.0000
    464    5 -1.04236E-06 -6.67111E-05  0.00000E+00  2.08472E-06 -4.43339E-01  7.11579E-11  4.43339E-01  180.0000
    465    5  1.04236E-06 -6.67111E-05  0.00000E+00  2.08472E-06 -4.47398E-01  7.16853E-11  4.47398E-01  180.0000
    466    5  3.12708E-06 -6.67111E-05  0.00000E+00  2.08472E-06 -4.51452E-01  7.22103E-11  4.51452E-01  180.0000
    467    5  5.21181E-06 -6.67111E-05  0.00000E+00  2.08472E-06 -4.55501E-01  7.27328E-11  4.55501E-01  180.0000
    468    5  7.29653E-06 -6.67111E-05  0.00000E+00  2.08472E-06 -4.59543E-01  7.32527E-11  4.59543E-01  180.0000
    469    5  9.38125E-06 -6.67111E-05  0.00000E+00  2.08472E-06 -4.63577E-01  7.37697E-11  4.63577E-01  180.0000
    470    5  1.14660E-05 -6.67111E-05  0.00000E+00  2.08472E-06 -4.67601E-01  7.42837E-11  4.67601E-01  180.0000
    471    5  1.35507E-05 -6.67111E-05  0.00000E+00  2.08472E-06 -4.71612E-01  7.47945E-11  4.71612E-01  180.0000
    472    5  1.56354E-05 -6.67111E-05  0.00000E+00  2.08472E-06 -4.75606E-01  7.53018E-11  4.75606E-01  180.0000
    473    5  1.77201E-05 -6.67111E-05  0.00000E+00  2.08472E-06 -4.79582E-01  7.58052E-11  4.79582E-01  180.0000
    474    5  1.98049E-05 -6.67111E-05  0.00000E+00  2.08472E-06 -4.83534E-01  7.63044E-11  4.83534E-01  180.0000
    475    5  2.18896E-05 -6.67111E-05  0.00000E+00  2.08472E-06 -4.87456E-01  7.67986E-11  4.87456E-01  180.0000
    476    5  2.39743E-05 -6.67111E-05  0.00000E+00  2.08472E-06 -4.91340E-01  7.72872E-11  4.91340E-01  180.0000
    477    5  2.60590E-05 -6.67111E-05  0.00000E+00  2.08472E-06 -4.95176E-01  7.77687E-11  4.95176E-01  180.0000
    478    5  2.81438E-05 -6.67111E-05  0.00000E+00  2.08472E-06 -4.98945E-01  7.82413E-11  4.98945E-01  180.0000
    479    5  3.02285E-05 -6.67111E-05  0.00000E+00  2.08472E-06 -5.02612E-01  7.87009E-11  5.02612E-01  180.0000
    480    5  3.23132E-05 -6.67111E-05  0.00000E+00  2.08472E-06 -5.06058E-01  7.91326E-11  5.06058E-01  180.0000
    481    6  3.43979E-05 -6.67111E-05  0.00000E+00  2.08472E-06  5.10009E-01 -7.85649E-11  5.10009E-01   -0.0000
    482    6  3.64827E-05 -6.67111E-05  0.00000E+00  2.08472E-06  5.06563E-01 -7.81357E-11  5.06563E-01   -0.0000
    483    6  3.85674E-05 -6.67111E-05  0.00000E+00  2.08472E-06  5.02896E-01 -7.76814E-11  5.02896E-01   -0.0000
    484    6  4.06521E-05 -6.67111E-05  0.00000E+00  2.08472E-06  4.99127E-01 -7.72165E-11  4.99127E-01   -0.0000
    485    6  4.27368E-05 -6.67111E-05  0.00000E+00  2.08472E-06  4.95291E-01 -7.67452E-11  4.95291E-01   -0.0000
    486    6  4.48215E-05 -6.67111E-05  0.00000E+00  2.08472E-06  4.91407E-01 -7.62695E-11  4.91407E-01   -0.0000
    487    6  4.69063E-05 -6.67111E-05  0.00000E+00  2.08472E-06  4.87485E-01 -7.57908E-11  4.87485E-01   -0.0000
    488    6  4.89910E-05 -6.67111E-05  0.00000E+00  2.08472E-06  4.83533E-01 -7.53097E-11  4.83533E-01   -0.0000
    489    6  5.10757E-05 -6.67111E-05  0.00000E+00  2.08472E-06  4.79558E-01 -7.48269E-11  4.79558E-01   -0.0000
    490    6  5.31604E-05 -6.67111E-05  0.00000E+00  2.08472E-06  4.75563E-01 -7.43429E-11  4.75563E-01   -0.0000
    491    6  5.52452E-05 -6.67111E-05  0.00000E+00  2.08472E-06  4.71553E-01 -7.38579E-11  4.71553E-01   -0.0000
    492    6  5.73299E-05 -6.67111E-05  0.00000E+00  2.08472E-06  4.67530E-01 -7.33724E-11  4.67530E-01   -0.0000
    493    6  5.94146E-05 -6.67111E-05  0.00000E+00  2.08472E-06  4.63497E-01 -7.28865E-11  4.63497E-01   -0.0000
    494    6  6.14993E-05 -6.67111E-05  0.00000E+00  2.08472E-06  4.59455E-01 -7.24004E-11  4.59455E-01   -0.0000
    495    6  6.35841E-05 -6.67111E-05  0.00000E+00  2.08472E-06  4.55407E-01 -7.19143E-11  4.55407E-01   -0.0000
    496    6  6.56688E-05 -6.67111E-05  0.00000E+00  2.08472E-06  4.51353E-01 -7.14285E-11  4.51353E-01   -0.0000



                             - - - Wire Charge Densities - - -

                     Lengths normalized by wavelength (or 2.*pi/CABS(k))

  ELEM.  TAG          Coord. of Seg. Center           Seg.        Charge Density (C/m)
   No.   No.     X            Y            Z          Length        Mag.         Phase
      1    1  3.33556E-05 -6.67111E-05  4.99291E-04  2.08472E-06  1.53981E-06   90.0000
      2    1  3.33556E-05 -6.67111E-05  4.97206E-04  2.08472E-06  1.39594E-06   90.0000
      3    1  3.33556E-05 -6.67111E-05  4.95122E-04  2.08472E-06  1.34554E-06   90.0000
      4    1  3.33556E-05 -6.67111E-05  4.93037E-04  2.08472E-06  1.31543E-06   90.0000
      5    1  3.33556E-05 -6.67111E-05  4.90952E-04  2.08472E-06  1.29439E-06   90.0000
      6    1  3.33556E-05 -6.67111E-05  4.88868E-04  2.08472E-06  1.27844E-06   90.0000
      7    1  3.33556E-05 -6.67111E-05  4.86783E-04  2.08472E-06  1.26571E-06   90.0000
      8    1  3.33556E-05 -6.67111E-05  4.84698E-04  2.08472E-06  1.25520E-06   90.0000
      9    1  3.33556E-05 -6.67111E-05  4.82613E-04  2.08472E-06  1.24630E-06   90.0000
     10    1  3.33556E-05 -6.67111E-05  4.80529E-04  2.08472E-06  1.23862E-06   90.0000
     11    1  3.33556E-05 -6.67111E-05  4.78444E-04  2.08472E-06  1.23189E-06   90.0000
     12    1  3.33556E-05 -6.67111E-05  4.76359E-04  2.08472E-06  1.22592E-06   90.0000
     13    1  3.33556E-05 -6.67111E-05  4.74275E-04  2.08472E-06  1.22059E-06   90.0000
     14    1  3.33556E-05 -6.67111E-05  4.72190E-04  2.08472E-06  1.21577E-06   90.0000
     15    1  3.33556E-05 -6.67111E-05  4.70105E-04  2.08472E-06  1.21140E-06   90.0000
     16    1  3.33556E-05 -6.67111E-05  4.68020E-04  2.08472E-06  1.20740E-06   90.0000
     17    1  3.33556E-05 -6.67111E-05  4.65936E-04  2.08472E-06  1.20373E-06   90.0000
     18    1  3.33556E-05 -6.67111E-05  4.63851E-04  2.08472E-06  1.20035E-06   90.0000
     19    1  3.33556E-05 -6.67111E-05  4.61766E-04  2.08472E-06  1.19722E-06   90.0000
     20    1  3.33556E-05 -6.67111E-05  4.59681E-04  2.08472E-06  1.19431E-06   90.0000
     21    1  3.33556E-05 -6.67111E-05  4.57597E-04  2.08472E-06  1.19160E-06   90.0000
     22    1  3.33556E-05 -6.67111E-05  4.55512E-04  2.08472E-06  1.18907E-06   90.0000
     23    1  3.33556E-05 -6.67111E-05  4.53427E-04  2.08472E-06  1.18670E-06   90.0000
     24    1  3.33556E-05 -6.67111E-05  4.51343E-04  2.08472E-06  1.18447E-06   90.0000
     25    1  3.33556E-05 -6.67111E-05  4.49258E-04  2.08472E-06  1.18239E-06   90.0000
     26    1  3.33556E-05 -6.67111E-05  4.47173E-04  2.08472E-06  1.18042E-06   90.0000
     27    1  3.33556E-05 -6.67111E-05  4.45088E-04  2.08472E-06  1.17856E-06   90.0000
     28    1  3.33556E-05 -6.67111E-05  4.43004E-04  2.08472E-06  1.17681E-06   90.0000
     29    1  3.33556E-05 -6.67111E-05  4.40919E-04  2.08472E-06  1.17516E-06   90.0000
     30    1  3.33556E-05 -6.67111E-05  4.38834E-04  2.08472E-06  1.17359E-06   90.0000
     31    1  3.33556E-05 -6.67111E-05  4.36749E-04  2.08472E-06  1.17211E-06   90.0000
     32    1  3.33556E-05 -6.67111E-05  4.34665E-04  2.08472E-06  1.17071E-06   90.0000
     33    1  3.33556E-05 -6.67111E-05  4.32580E-04  2.08472E-06  1.16938E-06   90.0000
     34    1  3.33556E-05 -6.67111E-05  4.30495E-04  2.08472E-06  1.16811E-06   90.0000
     35    1  3.33556E-05 -6.67111E-05  4.28411E-04  2.08472E-06  1.16691E-06   90.0000
     36    1  3.33556E-05 -6.67111E-05  4.26326E-04  2.08472E-06  1.16578E-06   90.0000
     37    1  3.33556E-05 -6.67111E-05  4.24241E-04  2.08472E-06  1.16469E-06   90.0000
     38    1  3.33556E-05 -6.67111E-05  4.22156E-04  2.08472E-06  1.16367E-06   90.0000
     39    1  3.33556E-05 -6.67111E-05  4.20072E-04  2.08472E-06  1.16269E-06   90.0000
     40    1  3.33556E-05 -6.67111E-05  4.17987E-04  2.08472E-06  1.16176E-06   90.0000
     41    1  3.33556E-05 -6.67111E-05  4.15902E-04  2.08472E-06  1.16088E-06   90.0000
     42    1  3.33556E-05 -6.67111E-05  4.13818E-04  2.08472E-06  1.16005E-06   90.0000
     43    1  3.33556E-05 -6.67111E-05  4.11733E-04  2.08472E-06  1.15925E-06   90.0000
     44    1  3.33556E-05 -6.67111E-05  4.09648E-04  2.08472E-06  1.15850E-06   90.0000
     45    1  3.33556E-05 -6.67111E-05  4.07563E-04  2.08472E-06  1.15778E-06   90.0000
     46    1  3.33556E-05 -6.67111E-05  4.05479E-04  2.08472E-06  1.15710E-06   90.0000
     47    1  3.33556E-05 -6.67111E-05  4.03394E-04  2.08472E-06  1.15646E-06   90.0000
     48    1  3.33556E-05 -6.67111E-05  4.01309E-04  2.08472E-06  1.15585E-06   90.0000
     49    1  3.33556E-05 -6.67111E-05  3.99224E-04  2.08472E-06  1.15528E-06   90.0000
     50    1  3.33556E-05 -6.67111E-05  3.97140E-04  2.08472E-06  1.15473E-06   90.0000
     51    1  3.33556E-05 -6.67111E-05  3.95055E-04  2.08472E-06  1.15422E-06   90.0000
     52    1  3.33556E-05 -6.67111E-05  3.92970E-04  2.08472E-06  1.15374E-06   90.0000
     53    1  3.33556E-05 -6.67111E-05  3.90886E-04  2.08472E-06  1.15328E-06   90.0000
     54    1  3.33556E-05 -6.67111E-05  3.88801E-04  2.08472E-06  1.15286E-06   90.0000
     55    1  3.33556E-05 -6.67111E-05  3.86716E-04  2.08472E-06  1.15246E-06   90.0000
     56    1  3.33556E-05 -6.67111E-05  3.84631E-04  2.08472E-06  1.15208E-06   90.0000
     57    1  3.33556E-05 -6.67111E-05  3.82547E-04  2.08472E-06  1.15174E-06   90.0000
     58    1  3.33556E-05 -6.67111E-05  3.80462E-04  2.08472E-06  1.15141E-06   90.0000
     59    1  3.33556E-05 -6.67111E-05  3.78377E-04  2.08472E-06  1.15112E-06   90.0000
     60    1  3.33556E-05 -6.67111E-05  3.76293E-04  2.08472E-06  1.15084E-06   90.0000
     61    1  3.33556E-05 -6.67111E-05  3.74208E-04  2.08472E-06  1.15059E-06   90.0000
     62    1  3.33556E-05 -6.67111E-05  3.72123E-04  2.08472E-06  1.15036E-06   90.0000
     63    1  3.33556E-05 -6.67111E-05  3.70038E-04  2.08472E-06  1.15015E-06   90.0000
     64    1  3.33556E-05 -6.67111E-05  3.67954E-04  2.08472E-06  1.14997E-06   90.0000
     65    1  3.33556E-05 -6.67111E-05  3.65869E-04  2.08472E-06  1.14980E-06   90.0000
     66    1  3.33556E-05 -6.67111E-05  3.63784E-04  2.08472E-06  1.14966E-06   90.0000
     67    1  3.33556E-05 -6.67111E-05  3.61699E-04  2.08472E-06  1.14953E-06   90.0000
     68    1  3.33556E-05 -6.67111E-05  3.59615E-04  2.08472E-06  1.14943E-06   90.0000
     69    1  3.33556E-05 -6.67111E-05  3.57530E-04  2.08472E-06  1.14935E-06   90.0000
     70    1  3.33556E-05 -6.67111E-05  3.55445E-04  2.08472E-06  1.14928E-06   90.0000
     71    1  3.33556E-05 -6.67111E-05  3.53361E-04  2.08472E-06  1.14924E-06   90.0000
     72    1  3.33556E-05 -6.67111E-05  3.51276E-04  2.08472E-06  1.14921E-06   90.0000
     73    1  3.33556E-05 -6.67111E-05  3.49191E-04  2.08472E-06  1.14920E-06   90.0000
     74    1  3.33556E-05 -6.67111E-05  3.47106E-04  2.08472E-06  1.14921E-06   90.0000
     75    1  3.33556E-05 -6.67111E-05  3.45022E-04  2.08472E-06  1.14924E-06   90.0000
     76    1  3.33556E-05 -6.67111E-05  3.42937E-04  2.08472E-06  1.14929E-06   90.0000
     77    1  3.33556E-05 -6.67111E-05  3.40852E-04  2.08472E-06  1.14935E-06   90.0000
     78    1  3.33556E-05 -6.67111E-05  3.38768E-04  2.08472E-06  1.14943E-06   90.0000
     79    1  3.33556E-05 -6.67111E-05  3.36683E-04  2.08472E-06  1.14953E-06   90.0000
     80    1  3.33556E-05 -6.67111E-05  3.34598E-04  2.08472E-06  1.14964E-06   90.0000
     81    1  3.33556E-05 -6.67111E-05  3.32513E-04  2.08472E-06  1.14978E-06   90.0000
     82    1  3.33556E-05 -6.67111E-05  3.30429E-04  2.08472E-06  1.14993E-06   90.0000
     83    1  3.33556E-05 -6.67111E-05  3.28344E-04  2.08472E-06  1.15009E-06   90.0000
     84    1  3.33556E-05 -6.67111E-05  3.26259E-04  2.08472E-06  1.15028E-06   90.0000
     85    1  3.33556E-05 -6.67111E-05  3.24174E-04  2.08472E-06  1.15048E-06   90.0000
     86    1  3.33556E-05 -6.67111E-05  3.22090E-04  2.08472E-06  1.15069E-06   90.0000
     87    1  3.33556E-05 -6.67111E-05  3.20005E-04  2.08472E-06  1.15093E-06   90.0000
     88    1  3.33556E-05 -6.67111E-05  3.17920E-04  2.08472E-06  1.15118E-06   90.0000
     89    1  3.33556E-05 -6.67111E-05  3.15836E-04  2.08472E-06  1.15145E-06   90.0000
     90    1  3.33556E-05 -6.67111E-05  3.13751E-04  2.08472E-06  1.15173E-06   90.0000
     91    1  3.33556E-05 -6.67111E-05  3.11666E-04  2.08472E-06  1.15203E-06   90.0000
     92    1  3.33556E-05 -6.67111E-05  3.09581E-04  2.08472E-06  1.15234E-06   90.0000
     93    1  3.33556E-05 -6.67111E-05  3.07497E-04  2.08472E-06  1.15268E-06   90.0000
     94    1  3.33556E-05 -6.67111E-05  3.05412E-04  2.08472E-06  1.15303E-06   90.0000
     95    1  3.33556E-05 -6.67111E-05  3.03327E-04  2.08472E-06  1.15339E-06   90.0000
     96    1  3.33556E-05 -6.67111E-05  3.01242E-04  2.08472E-06  1.15377E-06   90.0000
     97    1  3.33556E-05 -6.67111E-05  2.99158E-04  2.08472E-06  1.15417E-06   90.0000
     98    1  3.33556E-05 -6.67111E-05  2.97073E-04  2.08472E-06  1.15459E-06   90.0000
     99    1  3.33556E-05 -6.67111E-05  2.94988E-04  2.08472E-06  1.15502E-06   90.0000
    100    1  3.33556E-05 -6.67111E-05  2.92904E-04  2.08472E-06  1.15547E-06   90.0000
    101    1  3.33556E-05 -6.67111E-05  2.90819E-04  2.08472E-06  1.15593E-06   90.0000
    102    1  3.33556E-05 -6.67111E-05  2.88734E-04  2.08472E-06  1.15642E-06   90.0000
    103    1  3.33556E-05 -6.67111E-05  2.86649E-04  2.08472E-06  1.15692E-06   90.0000
    104    1  3.33556E-05 -6.67111E-05  2.84565E-04  2.08472E-06  1.15743E-06   90.0000
    105    1  3.33556E-05 -6.67111E-05  2.82480E-04  2.08472E-06  1.15797E-06   90.0000
    106    1  3.33556E-05 -6.67111E-05  2.80395E-04  2.08472E-06  1.15852E-06   90.0000
    107    1  3.33556E-05 -6.67111E-05  2.78311E-04  2.08472E-06  1.15909E-06   90.0000
    108    1  3.33556E-05 -6.67111E-05  2.76226E-04  2.08472E-06  1.15967E-06   90.0000
    109    1  3.33556E-05 -6.67111E-05  2.74141E-04  2.08472E-06  1.16028E-06   90.0000
    110    1  3.33556E-05 -6.67111E-05  2.72056E-04  2.08472E-06  1.16090E-06   90.0000
    111    1  3.33556E-05 -6.67111E-05  2.69972E-04  2.08472E-06  1.16154E-06   90.0000
    112    1  3.33556E-05 -6.67111E-05  2.67887E-04  2.08472E-06  1.16220E-06   90.0000
    113    1  3.33556E-05 -6.67111E-05  2.65802E-04  2.08472E-06  1.16288E-06   90.0000
    114    1  3.33556E-05 -6.67111E-05  2.63717E-04  2.08472E-06  1.16358E-06   90.0000
    115    1  3.33556E-05 -6.67111E-05  2.61633E-04  2.08472E-06  1.16429E-06   90.0000
    116    1  3.33556E-05 -6.67111E-05  2.59548E-04  2.08472E-06  1.16503E-06   90.0000
    117    1  3.33556E-05 -6.67111E-05  2.57463E-04  2.08472E-06  1.16578E-06   90.0000
    118    1  3.33556E-05 -6.67111E-05  2.55379E-04  2.08472E-06  1.16655E-06   90.0000
    119    1  3.33556E-05 -6.67111E-05  2.53294E-04  2.08472E-06  1.16735E-06   90.0000
    120    1  3.33556E-05 -6.67111E-05  2.51209E-04  2.08472E-06  1.16816E-06   90.0000
    121    1  3.33556E-05 -6.67111E-05  2.49124E-04  2.08472E-06  1.16899E-06   90.0000
    122    1  3.33556E-05 -6.67111E-05  2.47040E-04  2.08472E-06  1.16985E-06   90.0000
    123    1  3.33556E-05 -6.67111E-05  2.44955E-04  2.08472E-06  1.17073E-06   90.0000
    124    1  3.33556E-05 -6.67111E-05  2.42870E-04  2.08472E-06  1.17162E-06   90.0000
    125    1  3.33556E-05 -6.67111E-05  2.40786E-04  2.08472E-06  1.17254E-06   90.0000
    126    1  3.33556E-05 -6.67111E-05  2.38701E-04  2.08472E-06  1.17348E-06   90.0000
    127    1  3.33556E-05 -6.67111E-05  2.36616E-04  2.08472E-06  1.17445E-06   90.0000
    128    1  3.33556E-05 -6.67111E-05  2.34531E-04  2.08472E-06  1.17543E-06   90.0000
    129    1  3.33556E-05 -6.67111E-05  2.32447E-04  2.08472E-06  1.17644E-06   90.0000
    130    1  3.33556E-05 -6.67111E-05  2.30362E-04  2.08472E-06  1.17747E-06   90.0000
    131    1  3.33556E-05 -6.67111E-05  2.28277E-04  2.08472E-06  1.17853E-06   90.0000
    132    1  3.33556E-05 -6.67111E-05  2.26192E-04  2.08472E-06  1.17961E-06   90.0000
    133    1  3.33556E-05 -6.67111E-05  2.24108E-04  2.08472E-06  1.18072E-06   90.0000
    134    1  3.33556E-05 -6.67111E-05  2.22023E-04  2.08472E-06  1.18185E-06   90.0000
    135    1  3.33556E-05 -6.67111E-05  2.19938E-04  2.08472E-06  1.18301E-06   90.0000
    136    1  3.33556E-05 -6.67111E-05  2.17854E-04  2.08472E-06  1.18419E-06   90.0000
    137    1  3.33556E-05 -6.67111E-05  2.15769E-04  2.08472E-06  1.18540E-06   90.0000
    138    1  3.33556E-05 -6.67111E-05  2.13684E-04  2.08472E-06  1.18664E-06   90.0000
    139    1  3.33556E-05 -6.67111E-05  2.11599E-04  2.08472E-06  1.18791E-06   90.0000
    140    1  3.33556E-05 -6.67111E-05  2.09515E-04  2.08472E-06  1.18920E-06   90.0000
    141    1  3.33556E-05 -6.67111E-05  2.07430E-04  2.08472E-06  1.19052E-06   90.0000
    142    1  3.33556E-05 -6.67111E-05  2.05345E-04  2.08472E-06  1.19188E-06   90.0000
    143    1  3.33556E-05 -6.67111E-05  2.03261E-04  2.08472E-06  1.19326E-06   90.0000
    144    1  3.33556E-05 -6.67111E-05  2.01176E-04  2.08472E-06  1.19467E-06   90.0000
    145    1  3.33556E-05 -6.67111E-05  1.99091E-04  2.08472E-06  1.19612E-06   90.0000
    146    1  3.33556E-05 -6.67111E-05  1.97006E-04  2.08472E-06  1.19760E-06   90.0000
    147    1  3.33556E-05 -6.67111E-05  1.94922E-04  2.08472E-06  1.19911E-06   90.0000
    148    1  3.33556E-05 -6.67111E-05  1.92837E-04  2.08472E-06  1.20066E-06   90.0000
    149    1  3.33556E-05 -6.67111E-05  1.90752E-04  2.08472E-06  1.20224E-06   90.0000
    150    1  3.33556E-05 -6.67111E-05  1.88667E-04  2.08472E-06  1.20386E-06   90.0000
    151    1  3.33556E-05 -6.67111E-05  1.86583E-04  2.08472E-06  1.20551E-06   90.0000
    152    1  3.33556E-05 -6.67111E-05  1.84498E-04  2.08472E-06  1.20720E-06   90.0000
    153    1  3.33556E-05 -6.67111E-05  1.82413E-04  2.08472E-06  1.20893E-06   90.0000
    154    1  3.33556E-05 -6.67111E-05  1.80329E-04  2.08472E-06  1.21070E-06   90.0000
    155    1  3.33556E-05 -6.67111E-05  1.78244E-04  2.08472E-06  1.21251E-06   90.0000
    156    1  3.33556E-05 -6.67111E-05  1.76159E-04  2.08472E-06  1.21436E-06   90.0000
    157    1  3.33556E-05 -6.67111E-05  1.74074E-04  2.08472E-06  1.21626E-06   90.0000
    158    1  3.33556E-05 -6.67111E-05  1.71990E-04  2.08472E-06  1.21820E-06   90.0000
    159    1  3.33556E-05 -6.67111E-05  1.69905E-04  2.08472E-06  1.22018E-06   90.0000
    160    1  3.33556E-05 -6.67111E-05  1.67820E-04  2.08472E-06  1.22221E-06   90.0000
    161    1  3.33556E-05 -6.67111E-05  1.65735E-04  2.08472E-06  1.22429E-06   90.0000
    162    1  3.33556E-05 -6.67111E-05  1.63651E-04  2.08472E-06  1.22642E-06   90.0000
    163    1  3.33556E-05 -6.67111E-05  1.61566E-04  2.08472E-06  1.22860E-06   90.0000
    164    1  3.33556E-05 -6.67111E-05  1.59481E-04  2.08472E-06  1.23083E-06   90.0000
    165    1  3.33556E-05 -6.67111E-05  1.57397E-04  2.08472E-06  1.23312E-06   90.0000
    166    1  3.33556E-05 -6.67111E-05  1.55312E-04  2.08472E-06  1.23546E-06   90.0000
    167    1  3.33556E-05 -6.67111E-05  1.53227E-04  2.08472E-06  1.23787E-06   90.0000
    168    1  3.33556E-05 -6.67111E-05  1.51142E-04  2.08472E-06  1.24033E-06   90.0000
    169    1  3.33556E-05 -6.67111E-05  1.49058E-04  2.08472E-06  1.24285E-06   90.0000
    170    1  3.33556E-05 -6.67111E-05  1.46973E-04  2.08472E-06  1.24544E-06   90.0000
    171    1  3.33556E-05 -6.67111E-05  1.44888E-04  2.08472E-06  1.24809E-06   90.0000
    172    1  3.33556E-05 -6.67111E-05  1.42804E-04  2.08472E-06  1.25081E-06   90.0000
    173    1  3.33556E-05 -6.67111E-05  1.40719E-04  2.08472E-06  1.25360E-06   90.0000
    174    1  3.33556E-05 -6.67111E-05  1.38634E-04  2.08472E-06  1.25647E-06   90.0000
    175    1  3.33556E-05 -6.67111E-05  1.36549E-04  2.08472E-06  1.25941E-06   90.0000
    176    1  3.33556E-05 -6.67111E-05  1.34465E-04  2.08472E-06  1.26244E-06   90.0000
    177    1  3.33556E-05 -6.67111E-05  1.32380E-04  2.08472E-06  1.26554E-06   90.0000
    178    1  3.33556E-05 -6.67111E-05  1.30295E-04  2.08472E-06  1.26873E-06   90.0000
    179    1  3.33556E-05 -6.67111E-05  1.28210E-04  2.08472E-06  1.27202E-06   90.0000
    180    1  3.33556E-05 -6.67111E-05  1.26126E-04  2.08472E-06  1.27539E-06   90.0000
    181    1  3.33556E-05 -6.67111E-05  1.24041E-04  2.08472E-06  1.27886E-06   90.0000
    182    1  3.33556E-05 -6.67111E-05  1.21956E-04  2.08472E-06  1.28244E-06   90.0000
    183    1  3.33556E-05 -6.67111E-05  1.19872E-04  2.08472E-06  1.28612E-06   90.0000
    184    1  3.33556E-05 -6.67111E-05  1.17787E-04  2.08472E-06  1.28992E-06   90.0000
    185    1  3.33556E-05 -6.67111E-05  1.15702E-04  2.08472E-06  1.29383E-06   90.0000
    186    1  3.33556E-05 -6.67111E-05  1.13617E-04  2.08472E-06  1.29786E-06   90.0000
    187    1  3.33556E-05 -6.67111E-05  1.11533E-04  2.08472E-06  1.30202E-06   90.0000
    188    1  3.33556E-05 -6.67111E-05  1.09448E-04  2.08472E-06  1.30632E-06   90.0000
    189    1  3.33556E-05 -6.67111E-05  1.07363E-04  2.08472E-06  1.31077E-06   90.0000
    190    1  3.33556E-05 -6.67111E-05  1.05279E-04  2.08472E-06  1.31536E-06   90.0000
    191    1  3.33556E-05 -6.67111E-05  1.03194E-04  2.08472E-06  1.32012E-06   90.0000
    192    1  3.33556E-05 -6.67111E-05  1.01109E-04  2.08472E-06  1.32504E-06   90.0000
    193    1  3.33556E-05 -6.67111E-05  9.90243E-05  2.08472E-06  1.33015E-06   90.0000
    194    1  3.33556E-05 -6.67111E-05  9.69396E-05  2.08472E-06  1.33544E-06   90.0000
    195    1  3.33556E-05 -6.67111E-05  9.48549E-05  2.08472E-06  1.34094E-06   90.0000
    196    1  3.33556E-05 -6.67111E-05  9.27702E-05  2.08472E-06  1.34666E-06   90.0000
    197    1  3.33556E-05 -6.67111E-05  9.06855E-05  2.08472E-06  1.35261E-06   90.0000
    198    1  3.33556E-05 -6.67111E-05  8.86007E-05  2.08472E-06  1.35882E-06   90.0000
    199    1  3.33556E-05 -6.67111E-05  8.65160E-05  2.08472E-06  1.36529E-06   90.0000
    200    1  3.33556E-05 -6.67111E-05  8.44313E-05  2.08472E-06  1.37206E-06   90.0000
    201    1  3.33556E-05 -6.67111E-05  8.23466E-05  2.08472E-06  1.37914E-06   90.0000
    202    1  3.33556E-05 -6.67111E-05  8.02618E-05  2.08472E-06  1.38657E-06   90.0000
    203    1  3.33556E-05 -6.67111E-05  7.81771E-05  2.08472E-06  1.39437E-06   90.0000
    204    1  3.33556E-05 -6.67111E-05  7.60924E-05  2.08472E-06  1.40259E-06   90.0000
    205    1  3.33556E-05 -6.67111E-05  7.40077E-05  2.08472E-06  1.41126E-06   90.0000
    206    1  3.33556E-05 -6.67111E-05  7.19229E-05  2.08472E-06  1.42044E-06   90.0000
    207    1  3.33556E-05 -6.67111E-05  6.98382E-05  2.08472E-06  1.43018E-06   90.0000
    208    1  3.33556E-05 -6.67111E-05  6.77535E-05  2.08472E-06  1.44055E-06   90.0000
    209    1  3.33556E-05 -6.67111E-05  6.56688E-05  2.08472E-06  1.45164E-06   90.0000
    210    1  3.33556E-05 -6.67111E-05  6.35841E-05  2.08472E-06  1.46355E-06   90.0000
    211    1  3.33556E-05 -6.67111E-05  6.14993E-05  2.08472E-06  1.47639E-06   90.0000
    212    1  3.33556E-05 -6.67111E-05  5.94146E-05  2.08472E-06  1.49033E-06   90.0000
    213    1  3.33556E-05 -6.67111E-05  5.73299E-05  2.08472E-06  1.50555E-06   90.0000
    214    1  3.33556E-05 -6.67111E-05  5.52452E-05  2.08472E-06  1.52232E-06   90.0000
    215    1  3.33556E-05 -6.67111E-05  5.31604E-05  2.08472E-06  1.54097E-06   90.0000
    216    1  3.33556E-05 -6.67111E-05  5.10757E-05  2.08472E-06  1.56195E-06   90.0000
    217    1  3.33556E-05 -6.67111E-05  4.89910E-05  2.08472E-06  1.58591E-06   90.0000
    218    1  3.33556E-05 -6.67111E-05  4.69063E-05  2.08472E-06  1.61382E-06   90.0000
    219    1  3.33556E-05 -6.67111E-05  4.48215E-05  2.08472E-06  1.64715E-06   90.0000
    220    1  3.33556E-05 -6.67111E-05  4.27368E-05  2.08472E-06  1.68841E-06   90.0000
    221    1  3.33556E-05 -6.67111E-05  4.06521E-05  2.08472E-06  1.74225E-06   90.0000
    222    1  3.33556E-05 -6.67111E-05  3.85674E-05  2.08472E-06  1.81877E-06   90.0000
    223    1  3.33556E-05 -6.67111E-05  3.64827E-05  2.08472E-06  1.94680E-06   90.0000
    224    1  3.33556E-05 -6.67111E-05  3.43979E-05  2.08472E-06  2.31938E-06   90.0000
    225    1  3.33556E-05 -6.67111E-05  3.23132E-05  2.08472E-06  1.85101E-06  -90.0000
    226    1  3.33556E-05 -6.67111E-05  3.02285E-05  2.08472E-06  1.47790E-06  -90.0000
    227    1  3.33556E-05 -6.67111E-05  2.81438E-05  2.08472E-06  1.34880E-06  -90.0000
    228    1  3.33556E-05 -6.67111E-05  2.60590E-05  2.08472E-06  1.27065E-06  -90.0000
    229    1  3.33556E-05 -6.67111E-05  2.39743E-05  2.08472E-06  1.21459E-06  -90.0000
    230    1  3.33556E-05 -6.67111E-05  2.18896E-05  2.08472E-06  1.17046E-06  -90.0000
    231    1  3.33556E-05 -6.67111E-05  1.98049E-05  2.08472E-06  1.13352E-06  -90.0000
    232    1  3.33556E-05 -6.67111E-05  1.77201E-05  2.08472E-06  1.10117E-06  -90.0000
    233    1  3.33556E-05 -6.67111E-05  1.56354E-05  2.08472E-06  1.07175E-06  -90.0000
    234    1  3.33556E-05 -6.67111E-05  1.35507E-05  2.08472E-06  1.04406E-06  -90.0000
    235    1  3.33556E-05 -6.67111E-05  1.14660E-05  2.08472E-06  1.01707E-06  -90.0000
    236    1  3.33556E-05 -6.67111E-05  9.38125E-06  2.08472E-06  9.89665E-07  -90.0000
    237    1  3.33556E-05 -6.67111E-05  7.29653E-06  2.08472E-06  9.60335E-07  -90.0000
    238    1  3.33556E-05 -6.67111E-05  5.21181E-06  2.08472E-06  9.26350E-07  -90.0000
    239    1  3.33556E-05 -6.67111E-05  3.12708E-06  2.08472E-06  8.80817E-07  -90.0000
    240    1  3.33556E-05 -6.67111E-05  1.04236E-06  2.08472E-06  7.81316E-07  -90.0000
    241    2  6.67111E-05 -6.56688E-05  0.00000E+00  2.08472E-06  1.03333E-06  -90.0000
    242    2  6.67111E-05 -6.35841E-05  0.00000E+00  2.08472E-06  1.03331E-06  -90.0000
    243    2  6.67111E-05 -6.14993E-05  0.00000E+00  2.08472E-06  1.03337E-06  -90.0000
    244    2  6.67111E-05 -5.94146E-05  0.00000E+00  2.08472E-06  1.03347E-06  -90.0000
    245    2  6.67111E-05 -5.73299E-05  0.00000E+00  2.08472E-06  1.03362E-06  -90.0000
    246    2  6.67111E-05 -5.52452E-05  0.00000E+00  2.08472E-06  1.03380E-06  -90.0000
    247    2  6.67111E-05 -5.31604E-05  0.00000E+00  2.08472E-06  1.03401E-06  -90.0000
    248    2  6.67111E-05 -5.10757E-05  0.00000E+00  2.08472E-06  1.03422E-06  -90.0000
    249    2  6.67111E-05 -4.89910E-05  0.00000E+00  2.08472E-06  1.03443E-06  -90.0000
    250    2  6.67111E-05 -4.69063E-05  0.00000E+00  2.08472E-06  1.03463E-06  -90.0000
    251    2  6.67111E-05 -4.48215E-05  0.00000E+00  2.08472E-06  1.03480E-06  -90.0000
    252    2  6.67111E-05 -4.27368E-05  0.00000E+00  2.08472E-06  1.03493E-06  -90.0000
    253    2  6.67111E-05 -4.06521E-05  0.00000E+00  2.08472E-06  1.03502E-06  -90.0000
    254    2  6.67111E-05 -3.85674E-05  0.00000E+00  2.08472E-06  1.03507E-06  -90.0000
    255    2  6.67111E-05 -3.64827E-05  0.00000E+00  2.08472E-06  1.03507E-06  -90.0000
    256    2  6.67111E-05 -3.43979E-05  0.00000E+00  2.08472E-06  1.03501E-06  -90.0000
    257    2  6.67111E-05 -3.23132E-05  0.00000E+00  2.08472E-06  1.03491E-06  -90.0000
    258    2  6.67111E-05 -3.02285E-05  0.00000E+00  2.08472E-06  1.03476E-06  -90.0000
    259    2  6.67111E-05 -2.81438E-05  0.00000E+00  2.08472E-06  1.03456E-06  -90.0000
    260    2  6.67111E-05 -2.60590E-05  0.00000E+00  2.08472E-06  1.03431E-06  -90.0000
    261    2  6.67111E-05 -2.39743E-05  0.00000E+00  2.08472E-06  1.03402E-06  -90.0000
    262    2  6.67111E-05 -2.18896E-05  0.00000E+00  2.08472E-06  1.03369E-06  -90.0000
    263    2  6.67111E-05 -1.98049E-05  0.00000E+00  2.08472E-06  1.03332E-06  -90.0000
    264    2  6.67111E-05 -1.77201E-05  0.00000E+00  2.08472E-06  1.03291E-06  -90.0000
    265    2  6.67111E-05 -1.56354E-05  0.00000E+00  2.08472E-06  1.03247E-06  -90.0000
    266    2  6.67111E-05 -1.35507E-05  0.00000E+00  2.08472E-06  1.03201E-06  -90.0000
    267    2  6.67111E-05 -1.14660E-05  0.00000E+00  2.08472E-06  1.03151E-06  -90.0000
    268    2  6.67111E-05 -9.38125E-06  0.00000E+00  2.08472E-06  1.03100E-06  -90.0000
    269    2  6.67111E-05 -7.29653E-06  0.00000E+00  2.08472E-06  1.03046E-06  -90.0000
    270    2  6.67111E-05 -5.21181E-06  0.00000E+00  2.08472E-06  1.02990E-06  -90.0000
    271    2  6.67111E-05 -3.12708E-06  0.00000E+00  2.08472E-06  1.02933E-06  -90.0000
    272    2  6.67111E-05 -1.04236E-06  0.00000E+00  2.08472E-06  1.02874E-06  -90.0000
    273    2  6.67111E-05  1.04236E-06  0.00000E+00  2.08472E-06  1.02815E-06  -90.0000
    274    2  6.67111E-05  3.12708E-06  0.00000E+00  2.08472E-06  1.02754E-06  -90.0000
    275    2  6.67111E-05  5.21181E-06  0.00000E+00  2.08472E-06  1.02692E-06  -90.0000
    276    2  6.67111E-05  7.29653E-06  0.00000E+00  2.08472E-06  1.02629E-06  -90.0000
    277    2  6.67111E-05  9.38125E-06  0.00000E+00  2.08472E-06  1.02566E-06  -90.0000
    278    2  6.67111E-05  1.14660E-05  0.00000E+00  2.08472E-06  1.02503E-06  -90.0000
    279    2  6.67111E-05  1.35507E-05  0.00000E+00  2.08472E-06  1.02439E-06  -90.0000
    280    2  6.67111E-05  1.56354E-05  0.00000E+00  2.08472E-06  1.02374E-06  -90.0000
    281    2  6.67111E-05  1.77201E-05  0.00000E+00  2.08472E-06  1.02310E-06  -90.0000
    282    2  6.67111E-05  1.98049E-05  0.00000E+00  2.08472E-06  1.02245E-06  -90.0000
    283    2  6.67111E-05  2.18896E-05  0.00000E+00  2.08472E-06  1.02180E-06  -90.0000
    284    2  6.67111E-05  2.39743E-05  0.00000E+00  2.08472E-06  1.02116E-06  -90.0000
    285    2  6.67111E-05  2.60590E-05  0.00000E+00  2.08472E-06  1.02051E-06  -90.0000
    286    2  6.67111E-05  2.81438E-05  0.00000E+00  2.08472E-06  1.01986E-06  -90.0000
    287    2  6.67111E-05  3.02285E-05  0.00000E+00  2.08472E-06  1.01922E-06  -90.0000
    288    2  6.67111E-05  3.23132E-05  0.00000E+00  2.08472E-06  1.01857E-06  -90.0000
    289    2  6.67111E-05  3.43979E-05  0.00000E+00  2.08472E-06  1.01792E-06  -90.0000
    290    2  6.67111E-05  3.64827E-05  0.00000E+00  2.08472E-06  1.01728E-06  -90.0000
    291    2  6.67111E-05  3.85674E-05  0.00000E+00  2.08472E-06  1.01664E-06  -90.0000
    292    2  6.67111E-05  4.06521E-05  0.00000E+00  2.08472E-06  1.01599E-06  -90.0000
    293    2  6.67111E-05  4.27368E-05  0.00000E+00  2.08472E-06  1.01535E-06  -90.0000
    294    2  6.67111E-05  4.48215E-05  0.00000E+00  2.08472E-06  1.01471E-06  -90.0000
    295    2  6.67111E-05  4.69063E-05  0.00000E+00  2.08472E-06  1.01407E-06  -90.0000
    296    2  6.67111E-05  4.89910E-05  0.00000E+00  2.08472E-06  1.01342E-06  -90.0000
    297    2  6.67111E-05  5.10757E-05  0.00000E+00  2.08472E-06  1.01278E-06  -90.0000
    298    2  6.67111E-05  5.31604E-05  0.00000E+00  2.08472E-06  1.01213E-06  -90.0000
    299    2  6.67111E-05  5.52452E-05  0.00000E+00  2.08472E-06  1.01148E-06  -90.0000
    300    2  6.67111E-05  5.73299E-05  0.00000E+00  2.08472E-06  1.01083E-06  -90.0000
    301    2  6.67111E-05  5.94146E-05  0.00000E+00  2.08472E-06  1.01017E-06  -90.0000
    302    2  6.67111E-05  6.14993E-05  0.00000E+00  2.08472E-06  1.00950E-06  -90.0000
    303    2  6.67111E-05  6.35841E-05  0.00000E+00  2.08472E-06  1.00880E-06  -90.0000
    304    2  6.67111E-05  6.56688E-05  0.00000E+00  2.08472E-06  1.00806E-06  -90.0000
    305    3  6.56688E-05  6.67111E-05  0.00000E+00  2.08472E-06  1.00778E-06  -90.0000
    306    3  6.35841E-05  6.67111E-05  0.00000E+00  2.08472E-06  1.00803E-06  -90.0000
    307    3  6.14993E-05  6.67111E-05  0.00000E+00  2.08472E-06  1.00823E-06  -90.0000
    308    3  5.94146E-05  6.67111E-05  0.00000E+00  2.08472E-06  1.00841E-06  -90.0000
    309    3  5.73299E-05  6.67111E-05  0.00000E+00  2.08472E-06  1.00858E-06  -90.0000
    310    3  5.52452E-05  6.67111E-05  0.00000E+00  2.08472E-06  1.00873E-06  -90.0000
    311    3  5.31604E-05  6.67111E-05  0.00000E+00  2.08472E-06  1.00886E-06  -90.0000
    312    3  5.10757E-05  6.67111E-05  0.00000E+00  2.08472E-06  1.00898E-06  -90.0000
    313    3  4.89910E-05  6.67111E-05  0.00000E+00  2.08472E-06  1.00908E-06  -90.0000
    314    3  4.69063E-05  6.67111E-05  0.00000E+00  2.08472E-06  1.00917E-06  -90.0000
    315    3  4.48215E-05  6.67111E-05  0.00000E+00  2.08472E-06  1.00925E-06  -90.0000
    316    3  4.27368E-05  6.67111E-05  0.00000E+00  2.08472E-06  1.00931E-06  -90.0000
    317    3  4.06521E-05  6.67111E-05  0.00000E+00  2.08472E-06  1.00937E-06  -90.0000
    318    3  3.85674E-05  6.67111E-05  0.00000E+00  2.08472E-06  1.00941E-06  -90.0000
    319    3  3.64827E-05  6.67111E-05  0.00000E+00  2.08472E-06  1.00943E-06  -90.0000
    320    3  3.43979E-05  6.67111E-05  0.00000E+00  2.08472E-06  1.00945E-06  -90.0000
    321    3  3.23132E-05  6.67111E-05  0.00000E+00  2.08472E-06  1.00946E-06  -90.0000
    322    3  3.02285E-05  6.67111E-05  0.00000E+00  2.08472E-06  1.00945E-06  -90.0000
    323    3  2.81438E-05  6.67111E-05  0.00000E+00  2.08472E-06  1.00943E-06  -90.0000
    324    3  2.60590E-05  6.67111E-05  0.00000E+00  2.08472E-06  1.00941E-06  -90.0000
    325    3  2.39743E-05  6.67111E-05  0.00000E+00  2.08472E-06  1.00937E-06  -90.0000
    326    3  2.18896E-05  6.67111E-05  0.00000E+00  2.08472E-06  1.00932E-06  -90.0000
    327    3  1.98049E-05  6.67111E-05  0.00000E+00  2.08472E-06  1.00927E-06  -90.0000
    328    3  1.77201E-05  6.67111E-05  0.00000E+00  2.08472E-06  1.00920E-06  -90.0000
    329    3  1.56354E-05  6.67111E-05  0.00000E+00  2.08472E-06  1.00912E-06  -90.0000
    330    3  1.35507E-05  6.67111E-05  0.00000E+00  2.08472E-06  1.00904E-06  -90.0000
    331    3  1.14660E-05  6.67111E-05  0.00000E+00  2.08472E-06  1.00895E-06  -90.0000
    332    3  9.38125E-06  6.67111E-05  0.00000E+00  2.08472E-06  1.00884E-06  -90.0000
    333    3  7.29653E-06  6.67111E-05  0.00000E+00  2.08472E-06  1.00873E-06  -90.0000
    334    3  5.21181E-06  6.67111E-05  0.00000E+00  2.08472E-06  1.00862E-06  -90.0000
    335    3  3.12708E-06  6.67111E-05  0.00000E+00  2.08472E-06  1.00849E-06  -90.0000
    336    3  1.04236E-06  6.67111E-05  0.00000E+00  2.08472E-06  1.00835E-06  -90.0000
    337    3 -1.04236E-06  6.67111E-05  0.00000E+00  2.08472E-06  1.00821E-06  -90.0000
    338    3 -3.12708E-06  6.67111E-05  0.00000E+00  2.08472E-06  1.00806E-06  -90.0000
    339    3 -5.21181E-06  6.67111E-05  0.00000E+00  2.08472E-06  1.00790E-06  -90.0000
    340    3 -7.29653E-06  6.67111E-05  0.00000E+00  2.08472E-06  1.00774E-06  -90.0000
    341    3 -9.38125E-06  6.67111E-05  0.00000E+00  2.08472E-06  1.00757E-06  -90.0000
    342    3 -1.14660E-05  6.67111E-05  0.00000E+00  2.08472E-06  1.00739E-06  -90.0000
    343    3 -1.35507E-05  6.67111E-05  0.00000E+00  2.08472E-06  1.00720E-06  -90.0000
    344    3 -1.56354E-05  6.67111E-05  0.00000E+00  2.08472E-06  1.00701E-06  -90.0000
    345    3 -1.77201E-05  6.67111E-05  0.00000E+00  2.08472E-06  1.00681E-06  -90.0000
    346    3 -1.98049E-05  6.67111E-05  0.00000E+00  2.08472E-06  1.00661E-06  -90.0000
    347    3 -2.18896E-05  6.67111E-05  0.00000E+00  2.08472E-06  1.00639E-06  -90.0000
    348    3 -2.39743E-05  6.67111E-05  0.00000E+00  2.08472E-06  1.00617E-06  -90.0000
    349    3 -2.60590E-05  6.67111E-05  0.00000E+00  2.08472E-06  1.00595E-06  -90.0000
    350    3 -2.81438E-05  6.67111E-05  0.00000E+00  2.08472E-06  1.00572E-06  -90.0000
    351    3 -3.02285E-05  6.67111E-05  0.00000E+00  2.08472E-06  1.00548E-06  -90.0000
    352    3 -3.23132E-05  6.67111E-05  0.00000E+00  2.08472E-06  1.00523E-06  -90.0000
    353    3 -3.43979E-05  6.67111E-05  0.00000E+00  2.08472E-06  1.00498E-06  -90.0000
    354    3 -3.64827E-05  6.67111E-05  0.00000E+00  2.08472E-06  1.00472E-06  -90.0000
    355    3 -3.85674E-05  6.67111E-05  0.00000E+00  2.08472E-06  1.00446E-06  -90.0000
    356    3 -4.06521E-05  6.67111E-05  0.00000E+00  2.08472E-06  1.00418E-06  -90.0000
    357    3 -4.27368E-05  6.67111E-05  0.00000E+00  2.08472E-06  1.00390E-06  -90.0000
    358    3 -4.48215E-05  6.67111E-05  0.00000E+00  2.08472E-06  1.00362E-06  -90.0000
    359    3 -4.69063E-05  6.67111E-05  0.00000E+00  2.08472E-06  1.00332E-06  -90.0000
    360    3 -4.89910E-05  6.67111E-05  0.00000E+00  2.08472E-06  1.00302E-06  -90.0000
    361    3 -5.10757E-05  6.67111E-05  0.00000E+00  2.08472E-06  1.00271E-06  -90.0000
    362    3 -5.31604E-05  6.67111E-05  0.00000E+00  2.08472E-06  1.00239E-06  -90.0000
    363    3 -5.52452E-05  6.67111E-05  0.00000E+00  2.08472E-06  1.00206E-06  -90.0000
    364    3 -5.73299E-05  6.67111E-05  0.00000E+00  2.08472E-06  1.00172E-06  -90.0000
    365    3 -5.94146E-05  6.67111E-05  0.00000E+00  2.08472E-06  1.00137E-06  -90.0000
    366    3 -6.14993E-05  6.67111E-05  0.00000E+00  2.08472E-06  1.00100E-06  -90.0000
    367    3 -6.35841E-05  6.67111E-05  0.00000E+00  2.08472E-06  1.00061E-06  -90.0000
    368    3 -6.56688E-05  6.67111E-05  0.00000E+00  2.08472E-06  1.00019E-06  -90.0000
    369    4 -6.67111E-05  6.56688E-05  0.00000E+00  2.08472E-06  1.00025E-06  -90.0000
    370    4 -6.67111E-05  6.35841E-05  0.00000E+00  2.08472E-06  1.00080E-06  -90.0000
    371    4 -6.67111E-05  6.14993E-05  0.00000E+00  2.08472E-06  1.00130E-06  -90.0000
    372    4 -6.67111E-05  5.94146E-05  0.00000E+00  2.08472E-06  1.00178E-06  -90.0000
    373    4 -6.67111E-05  5.73299E-05  0.00000E+00  2.08472E-06  1.00225E-06  -90.0000
    374    4 -6.67111E-05  5.52452E-05  0.00000E+00  2.08472E-06  1.00271E-06  -90.0000
    375    4 -6.67111E-05  5.31604E-05  0.00000E+00  2.08472E-06  1.00317E-06  -90.0000
    376    4 -6.67111E-05  5.10757E-05  0.00000E+00  2.08472E-06  1.00361E-06  -90.0000
    377    4 -6.67111E-05  4.89910E-05  0.00000E+00  2.08472E-06  1.00406E-06  -90.0000
    378    4 -6.67111E-05  4.69063E-05  0.00000E+00  2.08472E-06  1.00449E-06  -90.0000
    379    4 -6.67111E-05  4.48215E-05  0.00000E+00  2.08472E-06  1.00492E-06  -90.0000
    380    4 -6.67111E-05  4.27368E-05  0.00000E+00  2.08472E-06  1.00535E-06  -90.0000
    381    4 -6.67111E-05  4.06521E-05  0.00000E+00  2.08472E-06  1.00578E-06  -90.0000
    382    4 -6.67111E-05  3.85674E-05  0.00000E+00  2.08472E-06  1.00620E-06  -90.0000
    383    4 -6.67111E-05  3.64827E-05  0.00000E+00  2.08472E-06  1.00661E-06  -90.0000
    384    4 -6.67111E-05  3.43979E-05  0.00000E+00  2.08472E-06  1.00703E-06  -90.0000
    385    4 -6.67111E-05  3.23132E-05  0.00000E+00  2.08472E-06  1.00744E-06  -90.0000
    386    4 -6.67111E-05  3.02285E-05  0.00000E+00  2.08472E-06  1.00785E-06  -90.0000
    387    4 -6.67111E-05  2.81438E-05  0.00000E+00  2.08472E-06  1.00825E-06  -90.0000
    388    4 -6.67111E-05  2.60590E-05  0.00000E+00  2.08472E-06  1.00865E-06  -90.0000
    389    4 -6.67111E-05  2.39743E-05  0.00000E+00  2.08472E-06  1.00905E-06  -90.0000
    390    4 -6.67111E-05  2.18896E-05  0.00000E+00  2.08472E-06  1.00945E-06  -90.0000
    391    4 -6.67111E-05  1.98049E-05  0.00000E+00  2.08472E-06  1.00984E-06  -90.0000
    392    4 -6.67111E-05  1.77201E-05  0.00000E+00  2.08472E-06  1.01023E-06  -90.0000
    393    4 -6.67111E-05  1.56354E-05  0.00000E+00  2.08472E-06  1.01062E-06  -90.0000
    394    4 -6.67111E-05  1.35507E-05  0.00000E+00  2.08472E-06  1.01101E-06  -90.0000
    395    4 -6.67111E-05  1.14660E-05  0.00000E+00  2.08472E-06  1.01139E-06  -90.0000
    396    4 -6.67111E-05  9.38125E-06  0.00000E+00  2.08472E-06  1.01176E-06  -90.0000
    397    4 -6.67111E-05  7.29653E-06  0.00000E+00  2.08472E-06  1.01213E-06  -90.0000
    398    4 -6.67111E-05  5.21181E-06  0.00000E+00  2.08472E-06  1.01250E-06  -90.0000
    399    4 -6.67111E-05  3.12708E-06  0.00000E+00  2.08472E-06  1.01287E-06  -90.0000
    400    4 -6.67111E-05  1.04236E-06  0.00000E+00  2.08472E-06  1.01323E-06  -90.0000
    401    4 -6.67111E-05 -1.04236E-06  0.00000E+00  2.08472E-06  1.01358E-06  -90.0000
    402    4 -6.67111E-05 -3.12708E-06  0.00000E+00  2.08472E-06  1.01393E-06  -90.0000
    403    4 -6.67111E-05 -5.21181E-06  0.00000E+00  2.08472E-06  1.01427E-06  -90.0000
    404    4 -6.67111E-05 -7.29653E-06  0.00000E+00  2.08472E-06  1.01460E-06  -90.0000
    405    4 -6.67111E-05 -9.38125E-06  0.00000E+00  2.08472E-06  1.01493E-06  -90.0000
    406    4 -6.67111E-05 -1.14660E-05  0.00000E+00  2.08472E-06  1.01525E-06  -90.0000
    407    4 -6.67111E-05 -1.35507E-05  0.00000E+00  2.08472E-06  1.01557E-06  -90.0000
    408    4 -6.67111E-05 -1.56354E-05  0.00000E+00  2.08472E-06  1.01587E-06  -90.0000
    409    4 -6.67111E-05 -1.77201E-05  0.00000E+00  2.08472E-06  1.01617E-06  -90.0000
    410    4 -6.67111E-05 -1.98049E-05  0.00000E+00  2.08472E-06  1.01646E-06  -90.0000
    411    4 -6.67111E-05 -2.18896E-05  0.00000E+00  2.08472E-06  1.01674E-06  -90.0000
    412    4 -6.67111E-05 -2.39743E-05  0.00000E+00  2.08472E-06  1.01700E-06  -90.0000
    413    4 -6.67111E-05 -2.60590E-05  0.00000E+00  2.08472E-06  1.01726E-06  -90.0000
    414    4 -6.67111E-05 -2.81438E-05  0.00000E+00  2.08472E-06  1.01751E-06  -90.0000
    415    4 -6.67111E-05 -3.02285E-05  0.00000E+00  2.08472E-06  1.01774E-06  -90.0000
    416    4 -6.67111E-05 -3.23132E-05  0.00000E+00  2.08472E-06  1.01796E-06  -90.0000
    417    4 -6.67111E-05 -3.43979E-05  0.00000E+00  2.08472E-06  1.01817E-06  -90.0000
    418    4 -6.67111E-05 -3.64827E-05  0.00000E+00  2.08472E-06  1.01836E-06  -90.0000
    419    4 -6.67111E-05 -3.85674E-05  0.00000E+00  2.08472E-06  1.01854E-06  -90.0000
    420    4 -6.67111E-05 -4.06521E-05  0.00000E+00  2.08472E-06  1.01870E-06  -90.0000
    421    4 -6.67111E-05 -4.27368E-05  0.00000E+00  2.08472E-06  1.01885E-06  -90.0000
    422    4 -6.67111E-05 -4.48215E-05  0.00000E+00  2.08472E-06  1.01899E-06  -90.0000
    423    4 -6.67111E-05 -4.69063E-05  0.00000E+00  2.08472E-06  1.01910E-06  -90.0000
    424    4 -6.67111E-05 -4.89910E-05  0.00000E+00  2.08472E-06  1.01920E-06  -90.0000
    425    4 -6.67111E-05 -5.10757E-05  0.00000E+00  2.08472E-06  1.01928E-06  -90.0000
    426    4 -6.67111E-05 -5.31604E-05  0.00000E+00  2.08472E-06  1.01934E-06  -90.0000
    427    4 -6.67111E-05 -5.52452E-05  0.00000E+00  2.08472E-06  1.01938E-06  -90.0000
    428    4 -6.67111E-05 -5.73299E-05  0.00000E+00  2.08472E-06  1.01941E-06  -90.0000
    429    4 -6.67111E-05 -5.94146E-05  0.00000E+00  2.08472E-06  1.01941E-06  -90.0000
    430    4 -6.67111E-05 -6.14993E-05  0.00000E+00  2.08472E-06  1.01938E-06  -90.0000
    431    4 -6.67111E-05 -6.35841E-05  0.00000E+00  2.08472E-06  1.01933E-06  -90.0000
    432    4 -6.67111E-05 -6.56688E-05  0.00000E+00  2.08472E-06  1.01924E-06  -90.0000
    433    5 -6.56688E-05 -6.67111E-05  0.00000E+00  2.08472E-06  1.01969E-06  -90.0000
    434    5 -6.35841E-05 -6.67111E-05  0.00000E+00  2.08472E-06  1.02058E-06  -90.0000
    435    5 -6.14993E-05 -6.67111E-05  0.00000E+00  2.08472E-06  1.02140E-06  -90.0000
    436    5 -5.94146E-05 -6.67111E-05  0.00000E+00  2.08472E-06  1.02220E-06  -90.0000
    437    5 -5.73299E-05 -6.67111E-05  0.00000E+00  2.08472E-06  1.02298E-06  -90.0000
    438    5 -5.52452E-05 -6.67111E-05  0.00000E+00  2.08472E-06  1.02375E-06  -90.0000
    439    5 -5.31604E-05 -6.67111E-05  0.00000E+00  2.08472E-06  1.02451E-06  -90.0000
    440    5 -5.10757E-05 -6.67111E-05  0.00000E+00  2.08472E-06  1.02526E-06  -90.0000
    441    5 -4.89910E-05 -6.67111E-05  0.00000E+00  2.08472E-06  1.02600E-06  -90.0000
    442    5 -4.69063E-05 -6.67111E-05  0.00000E+00  2.08472E-06  1.02673E-06  -90.0000
    443    5 -4.48215E-05 -6.67111E-05  0.00000E+00  2.08472E-06  1.02745E-06  -90.0000
    444    5 -4.27368E-05 -6.67111E-05  0.00000E+00  2.08472E-06  1.02816E-06  -90.0000
    445    5 -4.06521E-05 -6.67111E-05  0.00000E+00  2.08472E-06  1.02886E-06  -90.0000
    446    5 -3.85674E-05 -6.67111E-05  0.00000E+00  2.08472E-06  1.02954E-06  -90.0000
    447    5 -3.64827E-05 -6.67111E-05  0.00000E+00  2.08472E-06  1.03021E-06  -90.0000
    448    5 -3.43979E-05 -6.67111E-05  0.00000E+00  2.08472E-06  1.03086E-06  -90.0000
    449    5 -3.23132E-05 -6.67111E-05  0.00000E+00  2.08472E-06  1.03149E-06  -90.0000
    450    5 -3.02285E-05 -6.67111E-05  0.00000E+00  2.08472E-06  1.03209E-06  -90.0000
    451    5 -2.81438E-05 -6.67111E-05  0.00000E+00  2.08472E-06  1.03267E-06  -90.0000
    452    5 -2.60590E-05 -6.67111E-05  0.00000E+00  2.08472E-06  1.03321E-06  -90.0000
    453    5 -2.39743E-05 -6.67111E-05  0.00000E+00  2.08472E-06  1.03371E-06  -90.0000
    454    5 -2.18896E-05 -6.67111E-05  0.00000E+00  2.08472E-06  1.03417E-06  -90.0000
    455    5 -1.98049E-05 -6.67111E-05  0.00000E+00  2.08472E-06  1.03458E-06  -90.0000
    456    5 -1.77201E-05 -6.67111E-05  0.00000E+00  2.08472E-06  1.03493E-06  -90.0000
    457    5 -1.56354E-05 -6.67111E-05  0.00000E+00  2.08472E-06  1.03521E-06  -90.0000
    458    5 -1.35507E-05 -6.67111E-05  0.00000E+00  2.08472E-06  1.03541E-06  -90.0000
    459    5 -1.14660E-05 -6.67111E-05  0.00000E+00  2.08472E-06  1.03551E-06  -90.0000
    460    5 -9.38125E-06 -6.67111E-05  0.00000E+00  2.08472E-06  1.03550E-06  -90.0000
    461    5 -7.29653E-06 -6.67111E-05  0.00000E+00  2.08472E-06  1.03536E-06  -90.0000
    462    5 -5.21181E-06 -6.67111E-05  0.00000E+00  2.08472E-06  1.03508E-06  -90.0000
    463    5 -3.12708E-06 -6.67111E-05  0.00000E+00  2.08472E-06  1.03462E-06  -90.0000
    464    5 -1.04236E-06 -6.67111E-05  0.00000E+00  2.08472E-06  1.03395E-06  -90.0000
    465    5  1.04236E-06 -6.67111E-05  0.00000E+00  2.08472E-06  1.03304E-06  -90.0000
    466    5  3.12708E-06 -6.67111E-05  0.00000E+00  2.08472E-06  1.03185E-06  -90.0000
    467    5  5.21181E-06 -6.67111E-05  0.00000E+00  2.08472E-06  1.03033E-06  -90.0000
    468    5  7.29653E-06 -6.67111E-05  0.00000E+00  2.08472E-06  1.02842E-06  -90.0000
    469    5  9.38125E-06 -6.67111E-05  0.00000E+00  2.08472E-06  1.02604E-06  -90.0000
    470    5  1.14660E-05 -6.67111E-05  0.00000E+00  2.08472E-06  1.02311E-06  -90.0000
    471    5  1.35507E-05 -6.67111E-05  0.00000E+00  2.08472E-06  1.01950E-06  -90.0000
    472    5  1.56354E-05 -6.67111E-05  0.00000E+00  2.08472E-06  1.01508E-06  -90.0000
    473    5  1.77201E-05 -6.67111E-05  0.00000E+00  2.08472E-06  1.00964E-06  -90.0000
    474    5  1.98049E-05 -6.67111E-05  0.00000E+00  2.08472E-06  1.00292E-06  -90.0000
    475    5  2.18896E-05 -6.67111E-05  0.00000E+00  2.08472E-06  9.94519E-07  -90.0000
    476    5  2.39743E-05 -6.67111E-05  0.00000E+00  2.08472E-06  9.83803E-07  -90.0000
    477    5  2.60590E-05 -6.67111E-05  0.00000E+00  2.08472E-06  9.69667E-07  -90.0000
    478    5  2.81438E-05 -6.67111E-05  0.00000E+00  2.08472E-06  9.49831E-07  -90.0000
    479    5  3.02285E-05 -6.67111E-05  0.00000E+00  2.08472E-06  9.18193E-07  -90.0000
    480    5  3.23132E-05 -6.67111E-05  0.00000E+00  2.08472E-06  8.36838E-07  -90.0000
    481    6  3.43979E-05 -6.67111E-05  0.00000E+00  2.08472E-06  8.36837E-07  -90.0000
    482    6  3.64827E-05 -6.67111E-05  0.00000E+00  2.08472E-06  9.18190E-07  -90.0000
    483    6  3.85674E-05 -6.67111E-05  0.00000E+00  2.08472E-06  9.49825E-07  -90.0000
    484    6  4.06521E-05 -6.67111E-05  0.00000E+00  2.08472E-06  9.69657E-07  -90.0000
    485    6  4.27368E-05 -6.67111E-05  0.00000E+00  2.08472E-06  9.83788E-07  -90.0000
    486    6  4.48215E-05 -6.67111E-05  0.00000E+00  2.08472E-06  9.94496E-07  -90.0000
    487    6  4.69063E-05 -6.67111E-05  0.00000E+00  2.08472E-06  1.00289E-06  -90.0000
    488    6  4.89910E-05 -6.67111E-05  0.00000E+00  2.08472E-06  1.00960E-06  -90.0000
    489    6  5.10757E-05 -6.67111E-05  0.00000E+00  2.08472E-06  1.01502E-06  -90.0000
    490    6  5.31604E-05 -6.67111E-05  0.00000E+00  2.08472E-06  1.01942E-06  -90.0000
    491    6  5.52452E-05 -6.67111E-05  0.00000E+00  2.08472E-06  1.02300E-06  -90.0000
    492    6  5.73299E-05 -6.67111E-05  0.00000E+00  2.08472E-06  1.02591E-06  -90.0000
    493    6  5.94146E-05 -6.67111E-05  0.00000E+00  2.08472E-06  1.02826E-06  -90.0000
    494    6  6.14993E-05 -6.67111E-05  0.00000E+00  2.08472E-06  1.03014E-06  -90.0000
    495    6  6.35841E-05 -6.67111E-05  0.00000E+00  2.08472E-06  1.03163E-06  -90.0000
    496    6  6.56688E-05 -6.67111E-05  0.00000E+00  2.08472E-06  1.03281E-06  -90.0000



                                        - - - POWER BUDGET - - -

                                           INPUT POWER   = 3.3219E-05 WATTS
                                           RADIATED POWER= 3.3219E-05 WATTS
                                           WIRE LOSS     = 0.0000E+00 WATTS
                                           EFFICIENCY    = 100.00 PERCENT




 ***** INPUT LINE  6  EN   0    0    0    0  0.00000E+00  0.00000E+00  0.00000E+00  0.00000E+00  0.00000E+00  0.00000E+00

 RUN TIME =     1.258
