1



                                 *********************************************

                                    NUMERICAL ELECTROMAGNETICS CODE (NEC-2D)

                                 *********************************************




                                     - - - - COMMENTS - - - -


                          3el GP80 CW by EU1TT                                                       
                          forw: 65, 0 ; back:-65, 0                                                  
                                                                                                     




                                 - - - STRUCTURE SPECIFICATION - - -

                                     COORDINATES MUST BE INPUT IN
                                     METERS OR BE SCALED TO METERS
                                     BEFORE STRUCTURE INPUT IS ENDED


  WIRE                                                                               NO. OF    FIRST  LAST     TAG
  NO.        X1         Y1         Z1          X2         Y2         Z2      RADIUS   SEG.     SEG.   SEG.     NO.
     1    0.00000    0.00000    0.00000     0.00000    0.00000   23.50000    0.04000     12        1    12       1
     2   -2.00000    0.00000   23.00000   -18.00000    0.00000    2.00000    0.00200     13       13    25       2
     3  -18.00000    0.00000    2.00000    -2.50000    0.00000    2.00000    0.00200      8       26    33       3
     4    2.00000    0.00000   23.00000    17.50000    0.00000    2.00000    0.00200     13       34    46       4
     5    7.00000    0.00000    2.00000    17.50000    0.00000    2.00000    0.00200      5       47    51       5

   GROUND PLANE SPECIFIED.

   WHERE WIRE ENDS TOUCH GROUND, CURRENT WILL BE INTERPOLATED TO IMAGE IN GROUND PLANE.


   TOTAL SEGMENTS USED=   51     NO. SEG. IN A SYMMETRIC CELL=   51     SYMMETRY FLAG=  0


         - MULTIPLE WIRE JUNCTIONS -
 JUNCTION    SEGMENTS  (- FOR END 1, + FOR END 2)
  NONE




                                 - - - - SEGMENTATION DATA - - - -

                                        COORDINATES IN METERS

                         I+ AND I- INDICATE THE SEGMENTS BEFORE AND AFTER I


  SEG.   COORDINATES OF SEG. CENTER     SEG.     ORIENTATION ANGLES    WIRE    CONNECTION DATA   TAG
  NO.       X         Y         Z       LENGTH     ALPHA     BETA      RADIUS    I-   I    I+    NO.
     1   0.00000   0.00000   0.97917   1.95833   90.00000   0.00000   0.04000     1    1    2      1
     2   0.00000   0.00000   2.93750   1.95833   90.00000   0.00000   0.04000     1    2    3      1
     3   0.00000   0.00000   4.89583   1.95833   90.00000   0.00000   0.04000     2    3    4      1
     4   0.00000   0.00000   6.85417   1.95833   90.00000   0.00000   0.04000     3    4    5      1
     5   0.00000   0.00000   8.81250   1.95833   90.00000   0.00000   0.04000     4    5    6      1
     6   0.00000   0.00000  10.77083   1.95833   90.00000   0.00000   0.04000     5    6    7      1
     7   0.00000   0.00000  12.72917   1.95833   90.00000   0.00000   0.04000     6    7    8      1
     8   0.00000   0.00000  14.68750   1.95833   90.00000   0.00000   0.04000     7    8    9      1
     9   0.00000   0.00000  16.64583   1.95833   90.00000   0.00000   0.04000     8    9   10      1
    10   0.00000   0.00000  18.60417   1.95833   90.00000   0.00000   0.04000     9   10   11      1
    11   0.00000   0.00000  20.56250   1.95833   90.00000   0.00000   0.04000    10   11   12      1
    12   0.00000   0.00000  22.52083   1.95833   90.00000   0.00000   0.04000    11   12    0      1
    13  -2.61538   0.00000  22.19231   2.03083  -52.69605 180.00000   0.00200     0   13   14      2
    14  -3.84615   0.00000  20.57692   2.03083  -52.69605 180.00000   0.00200    13   14   15      2
    15  -5.07692   0.00000  18.96154   2.03083  -52.69605 180.00000   0.00200    14   15   16      2
    16  -6.30769   0.00000  17.34615   2.03083  -52.69605 180.00000   0.00200    15   16   17      2
    17  -7.53846   0.00000  15.73077   2.03083  -52.69605 180.00000   0.00200    16   17   18      2
    18  -8.76923   0.00000  14.11538   2.03083  -52.69605 180.00000   0.00200    17   18   19      2
    19 -10.00000   0.00000  12.50000   2.03083  -52.69605 180.00000   0.00200    18   19   20      2
    20 -11.23077   0.00000  10.88462   2.03083  -52.69605 180.00000   0.00200    19   20   21      2
    21 -12.46154   0.00000   9.26923   2.03083  -52.69605 180.00000   0.00200    20   21   22      2
    22 -13.69231   0.00000   7.65385   2.03083  -52.69605 180.00000   0.00200    21   22   23      2
    23 -14.92308   0.00000   6.03846   2.03083  -52.69605 180.00000   0.00200    22   23   24      2
    24 -16.15385   0.00000   4.42308   2.03083  -52.69605 180.00000   0.00200    23   24   25      2
    25 -17.38462   0.00000   2.80769   2.03083  -52.69605 180.00000   0.00200    24   25   26      2
    26 -17.03125   0.00000   2.00000   1.93750    0.00000   0.00000   0.00200    25   26   27      3
    27 -15.09375   0.00000   2.00000   1.93750    0.00000   0.00000   0.00200    26   27   28      3
    28 -13.15625   0.00000   2.00000   1.93750    0.00000   0.00000   0.00200    27   28   29      3
    29 -11.21875   0.00000   2.00000   1.93750    0.00000   0.00000   0.00200    28   29   30      3
    30  -9.28125   0.00000   2.00000   1.93750    0.00000   0.00000   0.00200    29   30   31      3
    31  -7.34375   0.00000   2.00000   1.93750    0.00000   0.00000   0.00200    30   31   32      3
    32  -5.40625   0.00000   2.00000   1.93750    0.00000   0.00000   0.00200    31   32   33      3
    33  -3.46875   0.00000   2.00000   1.93750    0.00000   0.00000   0.00200    32   33    0      3
    34   2.59615   0.00000  22.19231   2.00775  -53.56914   0.00000   0.00200     0   34   35      4
    35   3.78846   0.00000  20.57692   2.00775  -53.56914   0.00000   0.00200    34   35   36      4
    36   4.98077   0.00000  18.96154   2.00775  -53.56914   0.00000   0.00200    35   36   37      4
    37   6.17308   0.00000  17.34615   2.00775  -53.56914   0.00000   0.00200    36   37   38      4
    38   7.36538   0.00000  15.73077   2.00775  -53.56914   0.00000   0.00200    37   38   39      4
    39   8.55769   0.00000  14.11538   2.00775  -53.56914   0.00000   0.00200    38   39   40      4
    40   9.75000   0.00000  12.50000   2.00775  -53.56914   0.00000   0.00200    39   40   41      4
    41  10.94231   0.00000  10.88462   2.00775  -53.56914   0.00000   0.00200    40   41   42      4
    42  12.13462   0.00000   9.26923   2.00775  -53.56914   0.00000   0.00200    41   42   43      4
    43  13.32692   0.00000   7.65385   2.00775  -53.56914   0.00000   0.00200    42   43   44      4
    44  14.51923   0.00000   6.03846   2.00775  -53.56914   0.00000   0.00200    43   44   45      4
    45  15.71154   0.00000   4.42308   2.00775  -53.56914   0.00000   0.00200    44   45   46      4
    46  16.90385   0.00000   2.80769   2.00775  -53.56914   0.00000   0.00200    45   46  -51      4
    47   8.05000   0.00000   2.00000   2.10000    0.00000   0.00000   0.00200     0   47   48      5
    48  10.15000   0.00000   2.00000   2.10000    0.00000   0.00000   0.00200    47   48   49      5
    49  12.25000   0.00000   2.00000   2.10000    0.00000   0.00000   0.00200    48   49   50      5
    50  14.35000   0.00000   2.00000   2.10000    0.00000   0.00000   0.00200    49   50   51      5
    51  16.45000   0.00000   2.00000   2.10000    0.00000   0.00000   0.00200    50   51  -46      5






 ***** DATA CARD NO.  1   EX   0     1     1     0  1.00000E+00  0.00000E+00  0.00000E+00  0.00000E+00  0.00000E+00  0.00000E+00
 ***** DATA CARD NO.  2   LD   0     1     1     1  0.00000E+00  0.00000E+00  3.78000E-10  0.00000E+00  0.00000E+00  0.00000E+00
 ***** DATA CARD NO.  3   GN   1     0     0     0  0.00000E+00  0.00000E+00  0.00000E+00  0.00000E+00  0.00000E+00  0.00000E+00
 ***** DATA CARD NO.  4   GD   0     0     0     0  1.30000E+01  5.00000E-03  0.00000E+00  0.00000E+00  0.00000E+00  0.00000E+00
 ***** DATA CARD NO.  5   FR   0     1     0     0  3.55000E+00  0.00000E+00  0.00000E+00  0.00000E+00  0.00000E+00  0.00000E+00
 ***** DATA CARD NO.  6   XQ   0     0     0     0  0.00000E+00  0.00000E+00  0.00000E+00  0.00000E+00  0.00000E+00  0.00000E+00




                                 - - - - - - FREQUENCY - - - - - -

                                    FREQUENCY= 3.5500E+00 MHZ
                                    WAVELENGTH= 8.4451E+01 METERS




                    APPROXIMATE INTEGRATION EMPLOYED FOR SEGMENTS MORE THAN   1.000 WAVELENGTHS APART



                               - - - STRUCTURE IMPEDANCE LOADING - - -


       LOCATION          RESISTANCE   INDUCTANCE  CAPACITANCE       IMPEDANCE (OHMS)     CONDUCTIVITY    TYPE
    ITAG FROM THRU          OHMS        HENRYS       FARADS        REAL      IMAGINARY    MHOS/METER

       1    1    1                                3.7800E-10                                           SERIES 



                                  - - - ANTENNA ENVIRONMENT - - -

                                          PERFECT GROUND



                                - - - MATRIX TIMING - - -

                        FILL=    0.000 SEC.,  FACTOR=    0.000 SEC.



                                          - - - ANTENNA INPUT PARAMETERS - - -

   TAG   SEG.    VOLTAGE (VOLTS)         CURRENT (AMPS)         IMPEDANCE (OHMS)        ADMITTANCE (MHOS)      POWER
   NO.   NO.    REAL        IMAG.       REAL        IMAG.       REAL        IMAG.       REAL        IMAG.     (WATTS)
     1     1 1.00000E+00 0.00000E+00 1.99190E-02 4.66946E-06 5.02032E+01-1.17687E-02 1.99190E-02 4.66946E-06 9.95952E-03



                             - - - CURRENTS AND LOCATION - - -

                                 DISTANCES IN WAVELENGTHS


  SEG.  TAG    COORD. OF SEG. CENTER     SEG.            - - - CURRENT (AMPS) - - -
  NO.   NO.     X        Y        Z      LENGTH     REAL        IMAG.       MAG.        PHASE
     1    1   0.0000   0.0000   0.0116  0.02319   1.9919E-02  4.6695E-06  1.9919E-02    0.013
     2    1   0.0000   0.0000   0.0348  0.02319   2.0681E-02 -5.1524E-04  2.0688E-02   -1.427
     3    1   0.0000   0.0000   0.0580  0.02319   2.0980E-02 -9.7924E-04  2.1003E-02   -2.672
     4    1   0.0000   0.0000   0.0812  0.02319   2.0714E-02 -1.3141E-03  2.0756E-02   -3.630
     5    1   0.0000   0.0000   0.1044  0.02319   1.9930E-02 -1.5340E-03  1.9989E-02   -4.401
     6    1   0.0000   0.0000   0.1275  0.02319   1.8657E-02 -1.6468E-03  1.8730E-02   -5.044
     7    1   0.0000   0.0000   0.1507  0.02319   1.6925E-02 -1.6575E-03  1.7006E-02   -5.593
     8    1   0.0000   0.0000   0.1739  0.02319   1.4765E-02 -1.5696E-03  1.4849E-02   -6.068
     9    1   0.0000   0.0000   0.1971  0.02319   1.2210E-02 -1.3860E-03  1.2288E-02   -6.476
    10    1   0.0000   0.0000   0.2203  0.02319   9.2877E-03 -1.1095E-03  9.3538E-03   -6.812
    11    1   0.0000   0.0000   0.2435  0.02319   6.0149E-03 -7.4289E-04  6.0606E-03   -7.041
    12    1   0.0000   0.0000   0.2667  0.02319   2.2861E-03 -2.8381E-04  2.3036E-03   -7.077
    13    2  -0.0310   0.0000   0.2628  0.02405   6.9336E-04 -1.3247E-03  1.4952E-03  -62.373
    14    2  -0.0455   0.0000   0.2437  0.02405   1.9020E-03 -3.6864E-03  4.1481E-03  -62.709
    15    2  -0.0601   0.0000   0.2245  0.02405   2.9689E-03 -5.8371E-03  6.5488E-03  -63.041
    16    2  -0.0747   0.0000   0.2054  0.02405   3.9190E-03 -7.8034E-03  8.7322E-03  -63.334
    17    2  -0.0893   0.0000   0.1863  0.02405   4.7510E-03 -9.5646E-03  1.0680E-02  -63.585
    18    2  -0.1038   0.0000   0.1671  0.02405   5.4593E-03 -1.1095E-02  1.2365E-02  -63.800
    19    2  -0.1184   0.0000   0.1480  0.02405   6.0369E-03 -1.2368E-02  1.3763E-02  -63.983
    20    2  -0.1330   0.0000   0.1289  0.02405   6.4775E-03 -1.3363E-02  1.4850E-02  -64.138
    21    2  -0.1476   0.0000   0.1098  0.02405   6.7760E-03 -1.4060E-02  1.5608E-02  -64.269
    22    2  -0.1621   0.0000   0.0906  0.02405   6.9288E-03 -1.4448E-02  1.6023E-02  -64.379
    23    2  -0.1767   0.0000   0.0715  0.02405   6.9344E-03 -1.4518E-02  1.6089E-02  -64.469
    24    2  -0.1913   0.0000   0.0524  0.02405   6.7939E-03 -1.4270E-02  1.5805E-02  -64.541
    25    2  -0.2059   0.0000   0.0332  0.02405   6.5107E-03 -1.3709E-02  1.5176E-02  -64.595
    26    3  -0.2017   0.0000   0.0237  0.02294   6.1014E-03 -1.2868E-02  1.4241E-02  -64.632
    27    3  -0.1787   0.0000   0.0237  0.02294   5.5742E-03 -1.1774E-02  1.3027E-02  -64.665
    28    3  -0.1558   0.0000   0.0237  0.02294   4.9329E-03 -1.0436E-02  1.1543E-02  -64.700
    29    3  -0.1328   0.0000   0.0237  0.02294   4.1932E-03 -8.8853E-03  9.8251E-03  -64.736
    30    3  -0.1099   0.0000   0.0237  0.02294   3.3714E-03 -7.1554E-03  7.9099E-03  -64.771
    31    3  -0.0870   0.0000   0.0237  0.02294   2.4841E-03 -5.2793E-03  5.8345E-03  -64.801
    32    3  -0.0640   0.0000   0.0237  0.02294   1.5456E-03 -3.2865E-03  3.6318E-03  -64.814
    33    3  -0.0411   0.0000   0.0237  0.02294   5.4867E-04 -1.1649E-03  1.2876E-03  -64.779
    34    4   0.0307   0.0000   0.2628  0.02377   3.9059E-04  7.1640E-04  8.1596E-04   61.400
    35    4   0.0449   0.0000   0.2437  0.02377   1.0512E-03  1.9671E-03  2.2303E-03   61.880
    36    4   0.0590   0.0000   0.2245  0.02377   1.6063E-03  3.0692E-03  3.4641E-03   62.374
    37    4   0.0731   0.0000   0.2054  0.02377   2.0740E-03  4.0371E-03  4.5387E-03   62.809
    38    4   0.0872   0.0000   0.1863  0.02377   2.4577E-03  4.8608E-03  5.4468E-03   63.178
    39    4   0.1013   0.0000   0.1671  0.02377   2.7580E-03  5.5284E-03  6.1782E-03   63.487
    40    4   0.1155   0.0000   0.1480  0.02377   2.9741E-03  6.0293E-03  6.7229E-03   63.744
    41    4   0.1296   0.0000   0.1289  0.02377   3.1056E-03  6.3556E-03  7.0738E-03   63.958
    42    4   0.1437   0.0000   0.1098  0.02377   3.1526E-03  6.5028E-03  7.2267E-03   64.135
    43    4   0.1578   0.0000   0.0906  0.02377   3.1159E-03  6.4697E-03  7.1809E-03   64.284
    44    4   0.1719   0.0000   0.0715  0.02377   2.9973E-03  6.2586E-03  6.9393E-03   64.410
    45    4   0.1860   0.0000   0.0524  0.02377   2.7993E-03  5.8746E-03  6.5075E-03   64.522
    46    4   0.2002   0.0000   0.0332  0.02377   2.5252E-03  5.3252E-03  5.8936E-03   64.630
    47    5   0.0953   0.0000   0.0237  0.02487  -2.8005E-04 -6.0714E-04  6.6862E-04 -114.762
    48    5   0.1202   0.0000   0.0237  0.02487  -7.9842E-04 -1.7213E-03  1.8974E-03 -114.884
    49    5   0.1451   0.0000   0.0237  0.02487  -1.2903E-03 -2.7660E-03  3.0521E-03 -115.009
    50    5   0.1699   0.0000   0.0237  0.02487  -1.7526E-03 -3.7361E-03  4.1267E-03 -115.131
    51    5   0.1948   0.0000   0.0237  0.02487  -2.1720E-03 -4.6047E-03  5.0913E-03 -115.253



                                        - - - POWER BUDGET - - -

                                           INPUT POWER   = 9.9595E-03 WATTS
                                           RADIATED POWER= 9.9595E-03 WATTS
                                           STRUCTURE LOSS= 0.0000E+00 WATTS
                                           NETWORK LOSS  = 0.0000E+00 WATTS
                                           EFFICIENCY    = 100.00 PERCENT






 ***** DATA CARD NO.  7   FR   0    30     0     0  1.00000E+00  1.00000E+00  0.00000E+00  0.00000E+00  0.00000E+00  0.00000E+00
 ***** DATA CARD NO.  8   RP   3    37     1  1500 -9.00000E+01  0.00000E+00  5.00000E+00  0.00000E+00  0.00000E+00  0.00000E+00




                                 - - - - - - FREQUENCY - - - - - -

                                    FREQUENCY= 1.0000E+00 MHZ
                                    WAVELENGTH= 2.9980E+02 METERS




                    APPROXIMATE INTEGRATION EMPLOYED FOR SEGMENTS MORE THAN   1.000 WAVELENGTHS APART



                               - - - STRUCTURE IMPEDANCE LOADING - - -


       LOCATION          RESISTANCE   INDUCTANCE  CAPACITANCE       IMPEDANCE (OHMS)     CONDUCTIVITY    TYPE
    ITAG FROM THRU          OHMS        HENRYS       FARADS        REAL      IMAGINARY    MHOS/METER

       1    1    1                                3.7800E-10                                           SERIES 



                                  - - - ANTENNA ENVIRONMENT - - -

                                          PERFECT GROUND



                                - - - MATRIX TIMING - - -

                        FILL=    0.016 SEC.,  FACTOR=    0.000 SEC.



                                          - - - ANTENNA INPUT PARAMETERS - - -

   TAG   SEG.    VOLTAGE (VOLTS)         CURRENT (AMPS)         IMPEDANCE (OHMS)        ADMITTANCE (MHOS)      POWER
   NO.   NO.    REAL        IMAG.       REAL        IMAG.       REAL        IMAG.       REAL        IMAG.     (WATTS)
     1     1 1.00000E+00 0.00000E+00 2.06989E-06 9.56102E-04 2.26431E+00-1.04591E+03 2.06989E-06 9.56102E-04 1.03494E-06



                             - - - CURRENTS AND LOCATION - - -

                                 DISTANCES IN WAVELENGTHS


  SEG.  TAG    COORD. OF SEG. CENTER     SEG.            - - - CURRENT (AMPS) - - -
  NO.   NO.     X        Y        Z      LENGTH     REAL        IMAG.       MAG.        PHASE
     1    1   0.0000   0.0000   0.0033  0.00653   2.0699E-06  9.5610E-04  9.5610E-04   89.876
     2    1   0.0000   0.0000   0.0098  0.00653   2.1429E-06  8.7150E-04  8.7150E-04   89.859
     3    1   0.0000   0.0000   0.0163  0.00653   2.1702E-06  7.8632E-04  7.8632E-04   89.842
     4    1   0.0000   0.0000   0.0229  0.00653   2.1458E-06  7.0620E-04  7.0620E-04   89.826
     5    1   0.0000   0.0000   0.0294  0.00653   2.0748E-06  6.2786E-04  6.2786E-04   89.811
     6    1   0.0000   0.0000   0.0359  0.00653   1.9590E-06  5.5010E-04  5.5010E-04   89.796
     7    1   0.0000   0.0000   0.0425  0.00653   1.7991E-06  4.7222E-04  4.7222E-04   89.782
     8    1   0.0000   0.0000   0.0490  0.00653   1.5957E-06  3.9370E-04  3.9370E-04   89.768
     9    1   0.0000   0.0000   0.0555  0.00653   1.3484E-06  3.1401E-04  3.1401E-04   89.754
    10    1   0.0000   0.0000   0.0621  0.00653   1.0557E-06  2.3249E-04  2.3249E-04   89.740
    11    1   0.0000   0.0000   0.0686  0.00653   7.1234E-07  1.4798E-04  1.4798E-04   89.724
    12    1   0.0000   0.0000   0.0751  0.00653   2.8805E-07  5.5929E-05  5.5930E-05   89.705
    13    2  -0.0087   0.0000   0.0740  0.00677  -1.0874E-07  5.6110E-06  5.6121E-06   91.110
    14    2  -0.0128   0.0000   0.0686  0.00677  -2.9538E-07  1.4478E-05  1.4481E-05   91.169
    15    2  -0.0169   0.0000   0.0632  0.00677  -4.5789E-07  2.1203E-05  2.1208E-05   91.237
    16    2  -0.0210   0.0000   0.0579  0.00677  -6.0005E-07  2.6285E-05  2.6292E-05   91.308
    17    2  -0.0251   0.0000   0.0525  0.00677  -7.2160E-07  2.9968E-05  2.9977E-05   91.379
    18    2  -0.0293   0.0000   0.0471  0.00677  -8.2184E-07  3.2408E-05  3.2418E-05   91.453
    19    2  -0.0334   0.0000   0.0417  0.00677  -9.0010E-07  3.3718E-05  3.3730E-05   91.529
    20    2  -0.0375   0.0000   0.0363  0.00677  -9.5572E-07  3.3996E-05  3.4009E-05   91.610
    21    2  -0.0416   0.0000   0.0309  0.00677  -9.8812E-07  3.3336E-05  3.3351E-05   91.698
    22    2  -0.0457   0.0000   0.0255  0.00677  -9.9675E-07  3.1838E-05  3.1854E-05   91.793
    23    2  -0.0498   0.0000   0.0201  0.00677  -9.8104E-07  2.9605E-05  2.9621E-05   91.898
    24    2  -0.0539   0.0000   0.0148  0.00677  -9.4031E-07  2.6739E-05  2.6756E-05   92.014
    25    2  -0.0580   0.0000   0.0094  0.00677  -8.7350E-07  2.3334E-05  2.3351E-05   92.144
    26    3  -0.0568   0.0000   0.0067  0.00646  -7.8380E-07  1.9593E-05  1.9609E-05   92.291
    27    3  -0.0503   0.0000   0.0067  0.00646  -6.8797E-07  1.5821E-05  1.5836E-05   92.490
    28    3  -0.0439   0.0000   0.0067  0.00646  -5.8848E-07  1.2070E-05  1.2085E-05   92.791
    29    3  -0.0374   0.0000   0.0067  0.00646  -4.8652E-07  8.4456E-06  8.4596E-06   93.297
    30    3  -0.0310   0.0000   0.0067  0.00646  -3.8268E-07  5.0653E-06  5.0797E-06   94.320
    31    3  -0.0245   0.0000   0.0067  0.00646  -2.7726E-07  2.1008E-06  2.1190E-06   97.518
    32    3  -0.0180   0.0000   0.0067  0.00646  -1.7019E-07 -1.3498E-07  2.1722E-07 -141.582
    33    3  -0.0116   0.0000   0.0067  0.00646  -5.9577E-08 -8.4772E-07  8.4981E-07  -94.020
    34    4   0.0087   0.0000   0.0740  0.00670  -9.8190E-08  5.4221E-06  5.4229E-06   91.037
    35    4   0.0126   0.0000   0.0686  0.00670  -2.6551E-07  1.4039E-05  1.4042E-05   91.083
    36    4   0.0166   0.0000   0.0632  0.00670  -4.0975E-07  2.0600E-05  2.0604E-05   91.139
    37    4   0.0206   0.0000   0.0579  0.00670  -5.3430E-07  2.5564E-05  2.5569E-05   91.197
    38    4   0.0246   0.0000   0.0525  0.00670  -6.3884E-07  2.9157E-05  2.9164E-05   91.255
    39    4   0.0285   0.0000   0.0471  0.00670  -7.2261E-07  3.1527E-05  3.1535E-05   91.313
    40    4   0.0325   0.0000   0.0417  0.00670  -7.8491E-07  3.2777E-05  3.2786E-05   91.372
    41    4   0.0365   0.0000   0.0363  0.00670  -8.2506E-07  3.2997E-05  3.3008E-05   91.432
    42    4   0.0405   0.0000   0.0309  0.00670  -8.4251E-07  3.2277E-05  3.2288E-05   91.495
    43    4   0.0445   0.0000   0.0255  0.00670  -8.3675E-07  3.0709E-05  3.0720E-05   91.561
    44    4   0.0484   0.0000   0.0201  0.00670  -8.0726E-07  2.8394E-05  2.8405E-05   91.629
    45    4   0.0524   0.0000   0.0148  0.00670  -7.5340E-07  2.5431E-05  2.5443E-05   91.697
    46    4   0.0564   0.0000   0.0094  0.00670  -6.7405E-07  2.1915E-05  2.1926E-05   91.762
    47    5   0.0269   0.0000   0.0067  0.00700   7.0928E-08 -1.7035E-06  1.7050E-06  -87.616
    48    5   0.0339   0.0000   0.0067  0.00700   2.0153E-07 -5.3863E-06  5.3900E-06  -87.857
    49    5   0.0409   0.0000   0.0067  0.00700   3.2703E-07 -9.3995E-06  9.4052E-06  -88.007
    50    5   0.0479   0.0000   0.0067  0.00700   4.4939E-07 -1.3606E-05  1.3614E-05  -88.108
    51    5   0.0549   0.0000   0.0067  0.00700   5.6751E-07 -1.7867E-05  1.7876E-05  -88.181



                                        - - - POWER BUDGET - - -

                                           INPUT POWER   = 1.0349E-06 WATTS
                                           RADIATED POWER= 1.0349E-06 WATTS
                                           STRUCTURE LOSS= 0.0000E+00 WATTS
                                           NETWORK LOSS  = 0.0000E+00 WATTS
                                           EFFICIENCY    = 100.00 PERCENT



                               - - - FAR FIELD GROUND PARAMETERS - - -


                                        CIRCLE CLIFF
                                        EDGE DISTANCE=     0.00 METERS
                                        HEIGHT=    0.00 METERS
                                        SECOND MEDIUM -
                                        RELATIVE DIELECTRIC CONST.= 13.000
                                        CONDUCTIVITY= 5.000E-03 MHOS



                                                - - - RADIATION PATTERNS - - -

  - - ANGLES - -           - POWER GAINS -       - - - POLARIZATION - - -    - - - E(THETA) - - -    - - - E(PHI) - - -
  THETA     PHI        VERT.   HOR.    TOTAL      AXIAL     TILT   SENSE     MAGNITUDE    PHASE      MAGNITUDE    PHASE 
 DEGREES  DEGREES       DB      DB      DB        RATIO     DEG.              VOLTS/M    DEGREES      VOLTS/M    DEGREES
  -90.00     0.00    -999.99 -999.99 -999.99    0.00000     0.00            6.60468E-13   139.74    0.00000E+00     0.00
  -85.00     0.00      -1.62 -999.99   -1.62    0.00000     0.00  LINEAR    6.53720E-03   -21.93    0.00000E+00     0.00
  -80.00     0.00       1.00 -999.99    1.00    0.00000     0.00  LINEAR    8.84162E-03   -14.76    0.00000E+00     0.00
  -75.00     0.00       1.91 -999.99    1.91    0.00000     0.00  LINEAR    9.81319E-03   -11.09    0.00000E+00     0.00
  -70.00     0.00       2.23 -999.99    2.23    0.00000     0.00  LINEAR    1.01875E-02    -8.89    0.00000E+00     0.00
  -65.00     0.00       2.26 -999.99    2.26    0.00000     0.00  LINEAR    1.02191E-02    -7.43    0.00000E+00     0.00
  -60.00     0.00       2.09 -999.99    2.09    0.00000     0.00  LINEAR    1.00193E-02    -6.41    0.00000E+00     0.00
  -55.00     0.00       1.76 -999.99    1.76    0.00000     0.00  LINEAR    9.64618E-03    -5.67    0.00000E+00     0.00
  -50.00     0.00       1.29 -999.99    1.29    0.00000     0.00  LINEAR    9.13476E-03    -5.10    0.00000E+00     0.00
  -45.00     0.00       0.67 -999.99    0.67    0.00000     0.00  LINEAR    8.50880E-03    -4.67    0.00000E+00     0.00
  -40.00     0.00      -0.10 -999.99   -0.10    0.00000     0.00  LINEAR    7.78619E-03    -4.33    0.00000E+00     0.00
  -35.00     0.00      -1.05 -999.99   -1.05    0.00000     0.00  LINEAR    6.98153E-03    -4.06    0.00000E+00     0.00
  -30.00     0.00      -2.21 -999.99   -2.21    0.00000     0.00  LINEAR    6.10748E-03    -3.86    0.00000E+00     0.00
  -25.00     0.00      -3.65 -999.99   -3.65    0.00000     0.00  LINEAR    5.17542E-03    -3.70    0.00000E+00     0.00
  -20.00     0.00      -5.47 -999.99   -5.47    0.00000     0.00  LINEAR    4.19596E-03    -3.59    0.00000E+00     0.00
  -15.00     0.00      -7.88 -999.99   -7.88    0.00000     0.00  LINEAR    3.17912E-03    -3.52    0.00000E+00     0.00
  -10.00     0.00     -11.34 -999.99  -11.34    0.00000     0.00  LINEAR    2.13456E-03    -3.51    0.00000E+00     0.00
   -5.00     0.00     -17.33 -999.99  -17.33    0.00000     0.00  LINEAR    1.07166E-03    -3.64    0.00000E+00     0.00
    0.00     0.00     -61.74 -999.99  -61.74    0.00000     0.00  LINEAR    6.44898E-06   -96.74    0.00000E+00     0.00
    5.00     0.00     -17.32 -999.99  -17.32    0.00000     0.00  LINEAR    1.07243E-03   177.05    0.00000E+00     0.00
   10.00     0.00     -11.34 -999.99  -11.34    0.00000     0.00  LINEAR    2.13530E-03   176.84    0.00000E+00     0.00
   15.00     0.00      -7.88 -999.99   -7.88    0.00000     0.00  LINEAR    3.17982E-03   176.72    0.00000E+00     0.00
   20.00     0.00      -5.47 -999.99   -5.47    0.00000     0.00  LINEAR    4.19661E-03   176.59    0.00000E+00     0.00
   25.00     0.00      -3.65 -999.99   -3.65    0.00000     0.00  LINEAR    5.17600E-03   176.45    0.00000E+00     0.00
   30.00     0.00      -2.21 -999.99   -2.21    0.00000     0.00  LINEAR    6.10798E-03   176.27    0.00000E+00     0.00
   35.00     0.00      -1.05 -999.99   -1.05    0.00000     0.00  LINEAR    6.98195E-03   176.05    0.00000E+00     0.00
   40.00     0.00      -0.10 -999.99   -0.10    0.00000     0.00  LINEAR    7.78652E-03   175.78    0.00000E+00     0.00
   45.00     0.00       0.67 -999.99    0.67    0.00000     0.00  LINEAR    8.50903E-03   175.43    0.00000E+00     0.00
   50.00     0.00       1.29 -999.99    1.29    0.00000     0.00  LINEAR    9.13491E-03   174.99    0.00000E+00     0.00
   55.00     0.00       1.76 -999.99    1.76    0.00000     0.00  LINEAR    9.64624E-03   174.42    0.00000E+00     0.00
   60.00     0.00       2.09 -999.99    2.09    0.00000     0.00  LINEAR    1.00193E-02   173.67    0.00000E+00     0.00
   65.00     0.00       2.26 -999.99    2.26    0.00000     0.00  LINEAR    1.02190E-02   172.65    0.00000E+00     0.00
   70.00     0.00       2.23 -999.99    2.23    0.00000     0.00  LINEAR    1.01874E-02   171.20    0.00000E+00     0.00
   75.00     0.00       1.91 -999.99    1.91    0.00000     0.00  LINEAR    9.81301E-03   169.00    0.00000E+00     0.00
   80.00     0.00       1.00 -999.99    1.00    0.00000     0.00  LINEAR    8.84143E-03   165.32    0.00000E+00     0.00
   85.00     0.00      -1.62 -999.99   -1.62    0.00000     0.00  LINEAR    6.53706E-03   158.15    0.00000E+00     0.00
   90.00     0.00    -999.99 -999.99 -999.99    0.00000     0.00            6.60454E-13   -40.18    0.00000E+00     0.00


                                     - - - - NORMALIZED GAIN - - - -

                                           TOTAL GAIN
                                      NORMALIZATION FACTOR =     2.26 DB

    - - ANGLES - -      GAIN           - - ANGLES - -      GAIN           - - ANGLES - -      GAIN
    THETA     PHI        DB            THETA     PHI        DB            THETA     PHI        DB
   DEGREES  DEGREES                   DEGREES  DEGREES                   DEGREES  DEGREES
    -90.00     0.00  -1002.25          -25.00     0.00     -5.91           35.00     0.00     -3.31
    -85.00     0.00     -3.88          -20.00     0.00     -7.73           40.00     0.00     -2.36
    -80.00     0.00     -1.26          -15.00     0.00    -10.14           45.00     0.00     -1.59
    -75.00     0.00     -0.35          -10.00     0.00    -13.60           50.00     0.00     -0.97
    -70.00     0.00     -0.03           -5.00     0.00    -19.59           55.00     0.00     -0.50
    -65.00     0.00      0.00            0.00     0.00    -64.00           60.00     0.00     -0.17
    -60.00     0.00     -0.17            5.00     0.00    -19.58           65.00     0.00      0.00
    -55.00     0.00     -0.50           10.00     0.00    -13.60           70.00     0.00     -0.03
    -50.00     0.00     -0.97           15.00     0.00    -10.14           75.00     0.00     -0.35
    -45.00     0.00     -1.59           20.00     0.00     -7.73           80.00     0.00     -1.26
    -40.00     0.00     -2.36           25.00     0.00     -5.91           85.00     0.00     -3.88
    -35.00     0.00     -3.31           30.00     0.00     -4.47           90.00     0.00  -1002.25
    -30.00     0.00     -4.47




                                 - - - - - - FREQUENCY - - - - - -

                                    FREQUENCY= 2.0000E+00 MHZ
                                    WAVELENGTH= 1.4990E+02 METERS




                    APPROXIMATE INTEGRATION EMPLOYED FOR SEGMENTS MORE THAN   1.000 WAVELENGTHS APART



                               - - - STRUCTURE IMPEDANCE LOADING - - -


       LOCATION          RESISTANCE   INDUCTANCE  CAPACITANCE       IMPEDANCE (OHMS)     CONDUCTIVITY    TYPE
    ITAG FROM THRU          OHMS        HENRYS       FARADS        REAL      IMAGINARY    MHOS/METER

       1    1    1                                3.7800E-10                                           SERIES 



                                  - - - ANTENNA ENVIRONMENT - - -

                                          PERFECT GROUND



                                - - - MATRIX TIMING - - -

                        FILL=    0.000 SEC.,  FACTOR=    0.000 SEC.



                                          - - - ANTENNA INPUT PARAMETERS - - -

   TAG   SEG.    VOLTAGE (VOLTS)         CURRENT (AMPS)         IMPEDANCE (OHMS)        ADMITTANCE (MHOS)      POWER
   NO.   NO.    REAL        IMAG.       REAL        IMAG.       REAL        IMAG.       REAL        IMAG.     (WATTS)
     1     1 1.00000E+00 0.00000E+00 5.78975E-05 2.38327E-03 1.01873E+01-4.19344E+02 5.78975E-05 2.38327E-03 2.89487E-05



                             - - - CURRENTS AND LOCATION - - -

                                 DISTANCES IN WAVELENGTHS


  SEG.  TAG    COORD. OF SEG. CENTER     SEG.            - - - CURRENT (AMPS) - - -
  NO.   NO.     X        Y        Z      LENGTH     REAL        IMAG.       MAG.        PHASE
     1    1   0.0000   0.0000   0.0065  0.01306   5.7897E-05  2.3833E-03  2.3840E-03   88.608
     2    1   0.0000   0.0000   0.0196  0.01306   5.9905E-05  2.2291E-03  2.2299E-03   88.461
     3    1   0.0000   0.0000   0.0327  0.01306   6.0596E-05  2.0615E-03  2.0624E-03   88.316
     4    1   0.0000   0.0000   0.0457  0.01306   5.9797E-05  1.8905E-03  1.8915E-03   88.188
     5    1   0.0000   0.0000   0.0588  0.01306   5.7657E-05  1.7114E-03  1.7124E-03   88.070
     6    1   0.0000   0.0000   0.0719  0.01306   5.4240E-05  1.5230E-03  1.5240E-03   87.960
     7    1   0.0000   0.0000   0.0849  0.01306   4.9587E-05  1.3249E-03  1.3259E-03   87.857
     8    1   0.0000   0.0000   0.0980  0.01306   4.3738E-05  1.1170E-03  1.1179E-03   87.758
     9    1   0.0000   0.0000   0.1110  0.01306   3.6717E-05  8.9905E-04  8.9980E-04   87.661
    10    1   0.0000   0.0000   0.1241  0.01306   2.8525E-05  6.7039E-04  6.7100E-04   87.564
    11    1   0.0000   0.0000   0.1372  0.01306   1.9069E-05  4.2892E-04  4.2935E-04   87.454
    12    1   0.0000   0.0000   0.1502  0.01306   7.6250E-06  1.6265E-04  1.6283E-04   87.316
    13    2  -0.0174   0.0000   0.1480  0.01355  -2.6531E-06  1.6173E-05  1.6389E-05   99.316
    14    2  -0.0257   0.0000   0.1373  0.01355  -7.2817E-06  4.1901E-05  4.2529E-05   99.859
    15    2  -0.0339   0.0000   0.1265  0.01355  -1.1395E-05  6.1608E-05  6.2653E-05  100.479
    16    2  -0.0421   0.0000   0.1157  0.01355  -1.5059E-05  7.6687E-05  7.8151E-05  101.110
    17    2  -0.0503   0.0000   0.1049  0.01355  -1.8245E-05  8.7818E-05  8.9693E-05  101.737
    18    2  -0.0585   0.0000   0.0942  0.01355  -2.0917E-05  9.5440E-05  9.7706E-05  102.362
    19    2  -0.0667   0.0000   0.0834  0.01355  -2.3043E-05  9.9876E-05  1.0250E-04  102.992
    20    2  -0.0749   0.0000   0.0726  0.01355  -2.4597E-05  1.0140E-04  1.0434E-04  103.635
    21    2  -0.0831   0.0000   0.0618  0.01355  -2.5556E-05  1.0026E-04  1.0347E-04  104.299
    22    2  -0.0913   0.0000   0.0511  0.01355  -2.5903E-05  9.6735E-05  1.0014E-04  104.991
    23    2  -0.0996   0.0000   0.0403  0.01355  -2.5627E-05  9.1079E-05  9.4616E-05  105.715
    24    2  -0.1078   0.0000   0.0295  0.01355  -2.4716E-05  8.3562E-05  8.7141E-05  106.477
    25    2  -0.1160   0.0000   0.0187  0.01355  -2.3157E-05  7.4433E-05  7.7952E-05  107.282
    26    3  -0.1136   0.0000   0.0133  0.01293  -2.1032E-05  6.4235E-05  6.7590E-05  108.129
    27    3  -0.1007   0.0000   0.0133  0.01293  -1.8672E-05  5.3691E-05  5.6845E-05  109.176
    28    3  -0.0878   0.0000   0.0133  0.01293  -1.6132E-05  4.2947E-05  4.5877E-05  110.588
    29    3  -0.0748   0.0000   0.0133  0.01293  -1.3450E-05  3.2305E-05  3.4993E-05  112.605
    30    3  -0.0619   0.0000   0.0133  0.01293  -1.0653E-05  2.2091E-05  2.4526E-05  115.744
    31    3  -0.0490   0.0000   0.0133  0.01293  -7.7593E-06  1.2729E-05  1.4907E-05  121.366
    32    3  -0.0361   0.0000   0.0133  0.01293  -4.7809E-06  4.8989E-06  6.8452E-06  134.301
    33    3  -0.0231   0.0000   0.0133  0.01293  -1.6773E-06  1.2475E-07  1.6820E-06  175.747
    34    4   0.0173   0.0000   0.1480  0.01339  -2.2444E-06  1.5072E-05  1.5238E-05   98.470
    35    4   0.0253   0.0000   0.1373  0.01339  -6.1301E-06  3.9085E-05  3.9562E-05   98.914
    36    4   0.0332   0.0000   0.1265  0.01339  -9.5473E-06  5.7401E-05  5.8190E-05   99.443
    37    4   0.0412   0.0000   0.1157  0.01339  -1.2549E-05  7.1280E-05  7.2376E-05   99.985
    38    4   0.0491   0.0000   0.1049  0.01339  -1.5106E-05  8.1353E-05  8.2743E-05  100.519
    39    4   0.0571   0.0000   0.0942  0.01339  -1.7184E-05  8.8034E-05  8.9695E-05  101.045
    40    4   0.0650   0.0000   0.0834  0.01339  -1.8752E-05  9.1628E-05  9.3527E-05  101.566
    41    4   0.0730   0.0000   0.0726  0.01339  -1.9786E-05  9.2395E-05  9.4490E-05  102.087
    42    4   0.0810   0.0000   0.0618  0.01339  -2.0267E-05  9.0584E-05  9.2823E-05  102.612
    43    4   0.0889   0.0000   0.0511  0.01339  -2.0181E-05  8.6449E-05  8.8773E-05  103.140
    44    4   0.0969   0.0000   0.0403  0.01339  -1.9519E-05  8.0255E-05  8.2594E-05  103.669
    45    4   0.1048   0.0000   0.0295  0.01339  -1.8271E-05  7.2267E-05  7.4541E-05  104.188
    46    4   0.1128   0.0000   0.0187  0.01339  -1.6425E-05  6.2734E-05  6.4848E-05  104.672
    47    5   0.0537   0.0000   0.0133  0.01401   1.7801E-06 -5.3029E-06  5.5937E-06  -71.444
    48    5   0.0677   0.0000   0.0133  0.01401   5.0450E-06 -1.6299E-05  1.7062E-05  -72.801
    49    5   0.0817   0.0000   0.0133  0.01401   8.1505E-06 -2.7920E-05  2.9085E-05  -73.726
    50    5   0.0957   0.0000   0.0133  0.01401   1.1131E-05 -3.9849E-05  4.1375E-05  -74.394
    51    5   0.1097   0.0000   0.0133  0.01401   1.3945E-05 -5.1694E-05  5.3542E-05  -74.903



                                        - - - POWER BUDGET - - -

                                           INPUT POWER   = 2.8949E-05 WATTS
                                           RADIATED POWER= 2.8949E-05 WATTS
                                           STRUCTURE LOSS= 0.0000E+00 WATTS
                                           NETWORK LOSS  = 0.0000E+00 WATTS
                                           EFFICIENCY    = 100.00 PERCENT



                               - - - FAR FIELD GROUND PARAMETERS - - -


                                        CIRCLE CLIFF
                                        EDGE DISTANCE=     0.00 METERS
                                        HEIGHT=    0.00 METERS
                                        SECOND MEDIUM -
                                        RELATIVE DIELECTRIC CONST.= 13.000
                                        CONDUCTIVITY= 5.000E-03 MHOS



                                                - - - RADIATION PATTERNS - - -

  - - ANGLES - -           - POWER GAINS -       - - - POLARIZATION - - -    - - - E(THETA) - - -    - - - E(PHI) - - -
  THETA     PHI        VERT.   HOR.    TOTAL      AXIAL     TILT   SENSE     MAGNITUDE    PHASE      MAGNITUDE    PHASE 
 DEGREES  DEGREES       DB      DB      DB        RATIO     DEG.              VOLTS/M    DEGREES      VOLTS/M    DEGREES
  -90.00     0.00    -999.99 -999.99 -999.99    0.00000     0.00            2.52022E-12   142.44    0.00000E+00     0.00
  -85.00     0.00      -3.41 -999.99   -3.41    0.00000     0.00  LINEAR    2.81283E-02   -24.12    0.00000E+00     0.00
  -80.00     0.00      -0.26 -999.99   -0.26    0.00000     0.00  LINEAR    4.04458E-02   -17.76    0.00000E+00     0.00
  -75.00     0.00       0.93 -999.99    0.93    0.00000     0.00  LINEAR    4.63630E-02   -14.16    0.00000E+00     0.00
  -70.00     0.00       1.41 -999.99    1.41    0.00000     0.00  LINEAR    4.90129E-02   -11.88    0.00000E+00     0.00
  -65.00     0.00       1.53 -999.99    1.53    0.00000     0.00  LINEAR    4.96741E-02   -10.32    0.00000E+00     0.00
  -60.00     0.00       1.40 -999.99    1.40    0.00000     0.00  LINEAR    4.89714E-02    -9.19    0.00000E+00     0.00
  -55.00     0.00       1.09 -999.99    1.09    0.00000     0.00  LINEAR    4.72588E-02    -8.35    0.00000E+00     0.00
  -50.00     0.00       0.62 -999.99    0.62    0.00000     0.00  LINEAR    4.47633E-02    -7.70    0.00000E+00     0.00
  -45.00     0.00       0.00 -999.99    0.00    0.00000     0.00  LINEAR    4.16455E-02    -7.20    0.00000E+00     0.00
  -40.00     0.00      -0.79 -999.99   -0.79    0.00000     0.00  LINEAR    3.80276E-02    -6.81    0.00000E+00     0.00
  -35.00     0.00      -1.76 -999.99   -1.76    0.00000     0.00  LINEAR    3.40074E-02    -6.50    0.00000E+00     0.00
  -30.00     0.00      -2.95 -999.99   -2.95    0.00000     0.00  LINEAR    2.96654E-02    -6.26    0.00000E+00     0.00
  -25.00     0.00      -4.41 -999.99   -4.41    0.00000     0.00  LINEAR    2.50696E-02    -6.08    0.00000E+00     0.00
  -20.00     0.00      -6.25 -999.99   -6.25    0.00000     0.00  LINEAR    2.02775E-02    -5.97    0.00000E+00     0.00
  -15.00     0.00      -8.68 -999.99   -8.68    0.00000     0.00  LINEAR    1.53383E-02    -5.94    0.00000E+00     0.00
  -10.00     0.00     -12.14 -999.99  -12.14    0.00000     0.00  LINEAR    1.02949E-02    -6.04    0.00000E+00     0.00
   -5.00     0.00     -18.10 -999.99  -18.10    0.00000     0.00  LINEAR    5.18540E-03    -6.54    0.00000E+00     0.00
    0.00     0.00     -51.60 -999.99  -51.60    0.00000     0.00  LINEAR    1.09543E-04   -72.59    0.00000E+00     0.00
    5.00     0.00     -18.24 -999.99  -18.24    0.00000     0.00  LINEAR    5.09963E-03   175.72    0.00000E+00     0.00
   10.00     0.00     -12.22 -999.99  -12.22    0.00000     0.00  LINEAR    1.02066E-02   175.11    0.00000E+00     0.00
   15.00     0.00      -8.73 -999.99   -8.73    0.00000     0.00  LINEAR    1.52458E-02   174.85    0.00000E+00     0.00
   20.00     0.00      -6.30 -999.99   -6.30    0.00000     0.00  LINEAR    2.01794E-02   174.64    0.00000E+00     0.00
   25.00     0.00      -4.45 -999.99   -4.45    0.00000     0.00  LINEAR    2.49648E-02   174.44    0.00000E+00     0.00
   30.00     0.00      -2.98 -999.99   -2.98    0.00000     0.00  LINEAR    2.95528E-02   174.20    0.00000E+00     0.00
   35.00     0.00      -1.79 -999.99   -1.79    0.00000     0.00  LINEAR    3.38862E-02   173.92    0.00000E+00     0.00
   40.00     0.00      -0.82 -999.99   -0.82    0.00000     0.00  LINEAR    3.78977E-02   173.58    0.00000E+00     0.00
   45.00     0.00      -0.03 -999.99   -0.03    0.00000     0.00  LINEAR    4.15069E-02   173.17    0.00000E+00     0.00
   50.00     0.00       0.60 -999.99    0.60    0.00000     0.00  LINEAR    4.46167E-02   172.65    0.00000E+00     0.00
   55.00     0.00       1.07 -999.99    1.07    0.00000     0.00  LINEAR    4.71053E-02   172.00    0.00000E+00     0.00
   60.00     0.00       1.38 -999.99    1.38    0.00000     0.00  LINEAR    4.88130E-02   171.15    0.00000E+00     0.00
   65.00     0.00       1.50 -999.99    1.50    0.00000     0.00  LINEAR    4.95137E-02   170.02    0.00000E+00     0.00
   70.00     0.00       1.38 -999.99    1.38    0.00000     0.00  LINEAR    4.88546E-02   168.45    0.00000E+00     0.00
   75.00     0.00       0.90 -999.99    0.90    0.00000     0.00  LINEAR    4.62131E-02   166.17    0.00000E+00     0.00
   80.00     0.00      -0.29 -999.99   -0.29    0.00000     0.00  LINEAR    4.03149E-02   162.57    0.00000E+00     0.00
   85.00     0.00      -3.44 -999.99   -3.44    0.00000     0.00  LINEAR    2.80372E-02   156.21    0.00000E+00     0.00
   90.00     0.00    -999.99 -999.99 -999.99    0.00000     0.00            2.51203E-12   -37.24    0.00000E+00     0.00


                                     - - - - NORMALIZED GAIN - - - -

                                           TOTAL GAIN
                                      NORMALIZATION FACTOR =     1.53 DB

    - - ANGLES - -      GAIN           - - ANGLES - -      GAIN           - - ANGLES - -      GAIN
    THETA     PHI        DB            THETA     PHI        DB            THETA     PHI        DB
   DEGREES  DEGREES                   DEGREES  DEGREES                   DEGREES  DEGREES
    -90.00     0.00  -1001.52          -25.00     0.00     -5.94           35.00     0.00     -3.32
    -85.00     0.00     -4.94          -20.00     0.00     -7.78           40.00     0.00     -2.35
    -80.00     0.00     -1.79          -15.00     0.00    -10.21           45.00     0.00     -1.56
    -75.00     0.00     -0.60          -10.00     0.00    -13.67           50.00     0.00     -0.93
    -70.00     0.00     -0.12           -5.00     0.00    -19.63           55.00     0.00     -0.46
    -65.00     0.00      0.00            0.00     0.00    -53.13           60.00     0.00     -0.15
    -60.00     0.00     -0.12            5.00     0.00    -19.77           65.00     0.00     -0.03
    -55.00     0.00     -0.43           10.00     0.00    -13.74           70.00     0.00     -0.14
    -50.00     0.00     -0.90           15.00     0.00    -10.26           75.00     0.00     -0.63
    -45.00     0.00     -1.53           20.00     0.00     -7.82           80.00     0.00     -1.81
    -40.00     0.00     -2.32           25.00     0.00     -5.98           85.00     0.00     -4.97
    -35.00     0.00     -3.29           30.00     0.00     -4.51           90.00     0.00  -1001.52
    -30.00     0.00     -4.48




                                 - - - - - - FREQUENCY - - - - - -

                                    FREQUENCY= 3.0000E+00 MHZ
                                    WAVELENGTH= 9.9933E+01 METERS




                    APPROXIMATE INTEGRATION EMPLOYED FOR SEGMENTS MORE THAN   1.000 WAVELENGTHS APART



                               - - - STRUCTURE IMPEDANCE LOADING - - -


       LOCATION          RESISTANCE   INDUCTANCE  CAPACITANCE       IMPEDANCE (OHMS)     CONDUCTIVITY    TYPE
    ITAG FROM THRU          OHMS        HENRYS       FARADS        REAL      IMAGINARY    MHOS/METER

       1    1    1                                3.7800E-10                                           SERIES 



                                  - - - ANTENNA ENVIRONMENT - - -

                                          PERFECT GROUND



                                - - - MATRIX TIMING - - -

                        FILL=    0.016 SEC.,  FACTOR=    0.000 SEC.



                                          - - - ANTENNA INPUT PARAMETERS - - -

   TAG   SEG.    VOLTAGE (VOLTS)         CURRENT (AMPS)         IMPEDANCE (OHMS)        ADMITTANCE (MHOS)      POWER
   NO.   NO.    REAL        IMAG.       REAL        IMAG.       REAL        IMAG.       REAL        IMAG.     (WATTS)
     1     1 1.00000E+00 0.00000E+00 1.12020E-03 6.60746E-03 2.49414E+01-1.47116E+02 1.12020E-03 6.60746E-03 5.60102E-04



                             - - - CURRENTS AND LOCATION - - -

                                 DISTANCES IN WAVELENGTHS


  SEG.  TAG    COORD. OF SEG. CENTER     SEG.            - - - CURRENT (AMPS) - - -
  NO.   NO.     X        Y        Z      LENGTH     REAL        IMAG.       MAG.        PHASE
     1    1   0.0000   0.0000   0.0098  0.01960   1.1202E-03  6.6075E-03  6.7017E-03   80.378
     2    1   0.0000   0.0000   0.0294  0.01960   1.1584E-03  6.4838E-03  6.5865E-03   79.871
     3    1   0.0000   0.0000   0.0490  0.01960   1.1700E-03  6.2653E-03  6.3736E-03   79.422
     4    1   0.0000   0.0000   0.0686  0.01960   1.1515E-03  5.9547E-03  6.0650E-03   79.055
     5    1   0.0000   0.0000   0.0882  0.01960   1.1060E-03  5.5542E-03  5.6633E-03   78.738
     6    1   0.0000   0.0000   0.1078  0.01960   1.0350E-03  5.0681E-03  5.1727E-03   78.458
     7    1   0.0000   0.0000   0.1274  0.01960   9.3988E-04  4.5012E-03  4.5983E-03   78.206
     8    1   0.0000   0.0000   0.1470  0.01960   8.2213E-04  3.8592E-03  3.9458E-03   77.974
     9    1   0.0000   0.0000   0.1666  0.01960   6.8321E-04  3.1471E-03  3.2204E-03   77.752
    10    1   0.0000   0.0000   0.1862  0.01960   5.2426E-04  2.3689E-03  2.4262E-03   77.521
    11    1   0.0000   0.0000   0.2058  0.01960   3.4508E-04  1.5239E-03  1.5625E-03   77.241
    12    1   0.0000   0.0000   0.2254  0.01960   1.3526E-04  5.7822E-04  5.9383E-04   76.834
    13    2  -0.0262   0.0000   0.2221  0.02032  -3.6720E-05  1.0543E-04  1.1164E-04  109.202
    14    2  -0.0385   0.0000   0.2059  0.02032  -1.0297E-04  2.8235E-04  3.0054E-04  110.036
    15    2  -0.0508   0.0000   0.1897  0.02032  -1.6435E-04  4.3015E-04  4.6048E-04  110.910
    16    2  -0.0631   0.0000   0.1736  0.02032  -2.2106E-04  5.5472E-04  5.9714E-04  111.728
    17    2  -0.0754   0.0000   0.1574  0.02032  -2.7208E-04  6.5779E-04  7.1184E-04  112.471
    18    2  -0.0878   0.0000   0.1412  0.02032  -3.1637E-04  7.4012E-04  8.0490E-04  113.144
    19    2  -0.1001   0.0000   0.1251  0.02032  -3.5300E-04  8.0207E-04  8.7631E-04  113.755
    20    2  -0.1124   0.0000   0.1089  0.02032  -3.8125E-04  8.4391E-04  9.2603E-04  114.312
    21    2  -0.1247   0.0000   0.0928  0.02032  -4.0052E-04  8.6595E-04  9.5409E-04  114.821
    22    2  -0.1370   0.0000   0.0766  0.02032  -4.1041E-04  8.6861E-04  9.6069E-04  115.291
    23    2  -0.1493   0.0000   0.0604  0.02032  -4.1070E-04  8.5243E-04  9.4620E-04  115.725
    24    2  -0.1616   0.0000   0.0443  0.02032  -4.0128E-04  8.1809E-04  9.1121E-04  116.128
    25    2  -0.1740   0.0000   0.0281  0.02032  -3.8220E-04  7.6641E-04  8.5642E-04  116.505
    26    3  -0.1704   0.0000   0.0200  0.01939  -3.5459E-04  7.0037E-04  7.8502E-04  116.853
    27    3  -0.1510   0.0000   0.0200  0.01939  -3.2107E-04  6.2438E-04  7.0210E-04  117.213
    28    3  -0.1317   0.0000   0.0200  0.01939  -2.8217E-04  5.3943E-04  6.0878E-04  117.614
    29    3  -0.1123   0.0000   0.0200  0.01939  -2.3865E-04  4.4758E-04  5.0723E-04  118.067
    30    3  -0.0929   0.0000   0.0200  0.01939  -1.9121E-04  3.5083E-04  3.9955E-04  118.591
    31    3  -0.0735   0.0000   0.0200  0.01939  -1.4050E-04  2.5122E-04  2.8784E-04  119.217
    32    3  -0.0541   0.0000   0.0200  0.01939  -8.7097E-05  1.5088E-04  1.7421E-04  119.996
    33    3  -0.0347   0.0000   0.0200  0.01939  -3.0658E-05  5.0991E-05  5.9498E-05  121.016
    34    4   0.0260   0.0000   0.2221  0.02009  -2.2227E-05  7.0596E-05  7.4013E-05  107.476
    35    4   0.0379   0.0000   0.2059  0.02009  -6.2348E-05  1.8649E-04  1.9663E-04  108.486
    36    4   0.0498   0.0000   0.1897  0.02009  -9.9564E-05  2.7940E-04  2.9661E-04  109.614
    37    4   0.0618   0.0000   0.1736  0.02009  -1.3375E-04  3.5388E-04  3.7831E-04  110.704
    38    4   0.0737   0.0000   0.1574  0.02009  -1.6400E-04  4.1176E-04  4.4322E-04  111.717
    39    4   0.0856   0.0000   0.1412  0.02009  -1.8949E-04  4.5412E-04  4.9207E-04  112.649
    40    4   0.0976   0.0000   0.1251  0.02009  -2.0950E-04  4.8171E-04  5.2529E-04  113.505
    41    4   0.1095   0.0000   0.1089  0.02009  -2.2348E-04  4.9516E-04  5.4325E-04  114.291
    42    4   0.1214   0.0000   0.0928  0.02009  -2.3102E-04  4.9512E-04  5.4636E-04  115.014
    43    4   0.1334   0.0000   0.0766  0.02009  -2.3186E-04  4.8227E-04  5.3511E-04  115.677
    44    4   0.1453   0.0000   0.0604  0.02009  -2.2590E-04  4.5738E-04  5.1013E-04  116.284
    45    4   0.1572   0.0000   0.0443  0.02009  -2.1311E-04  4.2124E-04  4.7208E-04  116.835
    46    4   0.1692   0.0000   0.0281  0.02009  -1.9352E-04  3.7464E-04  4.2167E-04  117.319
    47    5   0.0806   0.0000   0.0200  0.02101   2.2154E-05 -3.8301E-05  4.4247E-05  -59.954
    48    5   0.1016   0.0000   0.0200  0.02101   6.2457E-05 -1.1125E-04  1.2759E-04  -60.691
    49    5   0.1226   0.0000   0.0200  0.02101   1.0006E-04 -1.8276E-04  2.0836E-04  -61.301
    50    5   0.1436   0.0000   0.0200  0.02101   1.3509E-04 -2.5211E-04  2.8602E-04  -61.816
    51    5   0.1646   0.0000   0.0200  0.02101   1.6684E-04 -3.1731E-04  3.5850E-04  -62.265



                                        - - - POWER BUDGET - - -

                                           INPUT POWER   = 5.6010E-04 WATTS
                                           RADIATED POWER= 5.6010E-04 WATTS
                                           STRUCTURE LOSS= 0.0000E+00 WATTS
                                           NETWORK LOSS  = 0.0000E+00 WATTS
                                           EFFICIENCY    = 100.00 PERCENT



                               - - - FAR FIELD GROUND PARAMETERS - - -


                                        CIRCLE CLIFF
                                        EDGE DISTANCE=     0.00 METERS
                                        HEIGHT=    0.00 METERS
                                        SECOND MEDIUM -
                                        RELATIVE DIELECTRIC CONST.= 13.000
                                        CONDUCTIVITY= 5.000E-03 MHOS



                                                - - - RADIATION PATTERNS - - -

  - - ANGLES - -           - POWER GAINS -       - - - POLARIZATION - - -    - - - E(THETA) - - -    - - - E(PHI) - - -
  THETA     PHI        VERT.   HOR.    TOTAL      AXIAL     TILT   SENSE     MAGNITUDE    PHASE      MAGNITUDE    PHASE 
 DEGREES  DEGREES       DB      DB      DB        RATIO     DEG.              VOLTS/M    DEGREES      VOLTS/M    DEGREES
  -90.00     0.00    -999.99 -999.99 -999.99    0.00000     0.00            9.89839E-12   132.52    0.00000E+00     0.00
  -85.00     0.00      -3.96 -999.99   -3.96    0.00000     0.00  LINEAR    1.16127E-01   -36.77    0.00000E+00     0.00
  -80.00     0.00      -0.56 -999.99   -0.56    0.00000     0.00  LINEAR    1.71847E-01   -31.25    0.00000E+00     0.00
  -75.00     0.00       0.76 -999.99    0.76    0.00000     0.00  LINEAR    2.00000E-01   -27.95    0.00000E+00     0.00
  -70.00     0.00       1.30 -999.99    1.30    0.00000     0.00  LINEAR    2.12944E-01   -25.77    0.00000E+00     0.00
  -65.00     0.00       1.44 -999.99    1.44    0.00000     0.00  LINEAR    2.16251E-01   -24.24    0.00000E+00     0.00
  -60.00     0.00       1.30 -999.99    1.30    0.00000     0.00  LINEAR    2.12890E-01   -23.10    0.00000E+00     0.00
  -55.00     0.00       0.96 -999.99    0.96    0.00000     0.00  LINEAR    2.04678E-01   -22.24    0.00000E+00     0.00
  -50.00     0.00       0.44 -999.99    0.44    0.00000     0.00  LINEAR    1.92860E-01   -21.57    0.00000E+00     0.00
  -45.00     0.00      -0.24 -999.99   -0.24    0.00000     0.00  LINEAR    1.78356E-01   -21.07    0.00000E+00     0.00
  -40.00     0.00      -1.08 -999.99   -1.08    0.00000     0.00  LINEAR    1.61873E-01   -20.70    0.00000E+00     0.00
  -35.00     0.00      -2.10 -999.99   -2.10    0.00000     0.00  LINEAR    1.43967E-01   -20.46    0.00000E+00     0.00
  -30.00     0.00      -3.32 -999.99   -3.32    0.00000     0.00  LINEAR    1.25076E-01   -20.39    0.00000E+00     0.00
  -25.00     0.00      -4.79 -999.99   -4.79    0.00000     0.00  LINEAR    1.05536E-01   -20.50    0.00000E+00     0.00
  -20.00     0.00      -6.61 -999.99   -6.61    0.00000     0.00  LINEAR    8.56009E-02   -20.91    0.00000E+00     0.00
  -15.00     0.00      -8.94 -999.99   -8.94    0.00000     0.00  LINEAR    6.54602E-02   -21.83    0.00000E+00     0.00
  -10.00     0.00     -12.15 -999.99  -12.15    0.00000     0.00  LINEAR    4.52658E-02   -23.85    0.00000E+00     0.00
   -5.00     0.00     -17.23 -999.99  -17.23    0.00000     0.00  LINEAR    2.52223E-02   -29.50    0.00000E+00     0.00
    0.00     0.00     -28.24 -999.99  -28.24    0.00000     0.00  LINEAR    7.09546E-03   -69.45    0.00000E+00     0.00
    5.00     0.00     -20.67 -999.99  -20.67    0.00000     0.00  LINEAR    1.69648E-02  -176.84    0.00000E+00     0.00
   10.00     0.00     -13.99 -999.99  -13.99    0.00000     0.00  LINEAR    3.65977E-02   172.53    0.00000E+00     0.00
   15.00     0.00     -10.22 -999.99  -10.22    0.00000     0.00  LINEAR    5.64738E-02   169.31    0.00000E+00     0.00
   20.00     0.00      -7.62 -999.99   -7.62    0.00000     0.00  LINEAR    7.62268E-02   167.68    0.00000E+00     0.00
   25.00     0.00      -5.64 -999.99   -5.64    0.00000     0.00  LINEAR    9.56945E-02   166.63    0.00000E+00     0.00
   30.00     0.00      -4.07 -999.99   -4.07    0.00000     0.00  LINEAR    1.14697E-01   165.82    0.00000E+00     0.00
   35.00     0.00      -2.78 -999.99   -2.78    0.00000     0.00  LINEAR    1.32999E-01   165.12    0.00000E+00     0.00
   40.00     0.00      -1.72 -999.99   -1.72    0.00000     0.00  LINEAR    1.50288E-01   164.45    0.00000E+00     0.00
   45.00     0.00      -0.85 -999.99   -0.85    0.00000     0.00  LINEAR    1.66161E-01   163.77    0.00000E+00     0.00
   50.00     0.00      -0.15 -999.99   -0.15    0.00000     0.00  LINEAR    1.80103E-01   163.04    0.00000E+00     0.00
   55.00     0.00       0.38 -999.99    0.38    0.00000     0.00  LINEAR    1.91456E-01   162.21    0.00000E+00     0.00
   60.00     0.00       0.73 -999.99    0.73    0.00000     0.00  LINEAR    1.99366E-01   161.23    0.00000E+00     0.00
   65.00     0.00       0.87 -999.99    0.87    0.00000     0.00  LINEAR    2.02675E-01   160.01    0.00000E+00     0.00
   70.00     0.00       0.75 -999.99    0.75    0.00000     0.00  LINEAR    1.99682E-01   158.41    0.00000E+00     0.00
   75.00     0.00       0.20 -999.99    0.20    0.00000     0.00  LINEAR    1.87609E-01   156.19    0.00000E+00     0.00
   80.00     0.00      -1.11 -999.99   -1.11    0.00000     0.00  LINEAR    1.61236E-01   152.86    0.00000E+00     0.00
   85.00     0.00      -4.52 -999.99   -4.52    0.00000     0.00  LINEAR    1.08969E-01   147.32    0.00000E+00     0.00
   90.00     0.00    -999.99 -999.99 -999.99    0.00000     0.00            9.28880E-12   -43.38    0.00000E+00     0.00


                                     - - - - NORMALIZED GAIN - - - -

                                           TOTAL GAIN
                                      NORMALIZATION FACTOR =     1.44 DB

    - - ANGLES - -      GAIN           - - ANGLES - -      GAIN           - - ANGLES - -      GAIN
    THETA     PHI        DB            THETA     PHI        DB            THETA     PHI        DB
   DEGREES  DEGREES                   DEGREES  DEGREES                   DEGREES  DEGREES
    -90.00     0.00  -1001.43          -25.00     0.00     -6.23           35.00     0.00     -4.22
    -85.00     0.00     -5.40          -20.00     0.00     -8.05           40.00     0.00     -3.16
    -80.00     0.00     -2.00          -15.00     0.00    -10.38           45.00     0.00     -2.29
    -75.00     0.00     -0.68          -10.00     0.00    -13.58           50.00     0.00     -1.59
    -70.00     0.00     -0.13           -5.00     0.00    -18.66           55.00     0.00     -1.06
    -65.00     0.00      0.00            0.00     0.00    -29.68           60.00     0.00     -0.71
    -60.00     0.00     -0.14            5.00     0.00    -22.11           65.00     0.00     -0.56
    -55.00     0.00     -0.48           10.00     0.00    -15.43           70.00     0.00     -0.69
    -50.00     0.00     -0.99           15.00     0.00    -11.66           75.00     0.00     -1.23
    -45.00     0.00     -1.67           20.00     0.00     -9.06           80.00     0.00     -2.55
    -40.00     0.00     -2.52           25.00     0.00     -7.08           85.00     0.00     -5.95
    -35.00     0.00     -3.53           30.00     0.00     -5.51           90.00     0.00  -1001.43
    -30.00     0.00     -4.76




                                 - - - - - - FREQUENCY - - - - - -

                                    FREQUENCY= 4.0000E+00 MHZ
                                    WAVELENGTH= 7.4950E+01 METERS




                    APPROXIMATE INTEGRATION EMPLOYED FOR SEGMENTS MORE THAN   1.000 WAVELENGTHS APART



                               - - - STRUCTURE IMPEDANCE LOADING - - -


       LOCATION          RESISTANCE   INDUCTANCE  CAPACITANCE       IMPEDANCE (OHMS)     CONDUCTIVITY    TYPE
    ITAG FROM THRU          OHMS        HENRYS       FARADS        REAL      IMAGINARY    MHOS/METER

       1    1    1                                3.7800E-10                                           SERIES 



                                  - - - ANTENNA ENVIRONMENT - - -

                                          PERFECT GROUND



                                - - - MATRIX TIMING - - -

                        FILL=    0.000 SEC.,  FACTOR=    0.000 SEC.



                                          - - - ANTENNA INPUT PARAMETERS - - -

   TAG   SEG.    VOLTAGE (VOLTS)         CURRENT (AMPS)         IMPEDANCE (OHMS)        ADMITTANCE (MHOS)      POWER
   NO.   NO.    REAL        IMAG.       REAL        IMAG.       REAL        IMAG.       REAL        IMAG.     (WATTS)
     1     1 1.00000E+00 0.00000E+00 1.98500E-03-5.26439E-03 6.27091E+01 1.66310E+02 1.98500E-03-5.26439E-03 9.92498E-04



                             - - - CURRENTS AND LOCATION - - -

                                 DISTANCES IN WAVELENGTHS


  SEG.  TAG    COORD. OF SEG. CENTER     SEG.            - - - CURRENT (AMPS) - - -
  NO.   NO.     X        Y        Z      LENGTH     REAL        IMAG.       MAG.        PHASE
     1    1   0.0000   0.0000   0.0131  0.02613   1.9850E-03 -5.2644E-03  5.6262E-03  -69.341
     2    1   0.0000   0.0000   0.0392  0.02613   2.0437E-03 -5.9764E-03  6.3161E-03  -71.121
     3    1   0.0000   0.0000   0.0653  0.02613   2.0513E-03 -6.4999E-03  6.8159E-03  -72.485
     4    1   0.0000   0.0000   0.0914  0.02613   2.0043E-03 -6.7555E-03  7.0466E-03  -73.475
     5    1   0.0000   0.0000   0.1176  0.02613   1.9089E-03 -6.7675E-03  7.0315E-03  -74.248
     6    1   0.0000   0.0000   0.1437  0.02613   1.7689E-03 -6.5449E-03  6.7797E-03  -74.876
     7    1   0.0000   0.0000   0.1698  0.02613   1.5882E-03 -6.0969E-03  6.3004E-03  -75.399
     8    1   0.0000   0.0000   0.1960  0.02613   1.3714E-03 -5.4344E-03  5.6047E-03  -75.837
     9    1   0.0000   0.0000   0.2221  0.02613   1.1234E-03 -4.5702E-03  4.7063E-03  -76.190
    10    1   0.0000   0.0000   0.2482  0.02613   8.4899E-04 -3.5181E-03  3.6191E-03  -76.433
    11    1   0.0000   0.0000   0.2743  0.02613   5.5066E-04 -2.2901E-03  2.3554E-03  -76.480
    12    1   0.0000   0.0000   0.3005  0.02613   2.1351E-04 -8.6526E-04  8.9122E-04  -76.138
    13    2  -0.0349   0.0000   0.2961  0.02710  -1.0833E-04 -1.3673E-04  1.7444E-04 -128.391
    14    2  -0.0513   0.0000   0.2745  0.02710  -3.1212E-04 -3.8032E-04  4.9200E-04 -129.375
    15    2  -0.0677   0.0000   0.2530  0.02710  -5.1069E-04 -6.0251E-04  7.8982E-04 -130.285
    16    2  -0.0842   0.0000   0.2314  0.02710  -7.0317E-04 -8.0799E-04  1.0711E-03 -131.032
    17    2  -0.1006   0.0000   0.2099  0.02710  -8.8494E-04 -9.9599E-04  1.3323E-03 -131.621
    18    2  -0.1170   0.0000   0.1883  0.02710  -1.0512E-03 -1.1644E-03  1.5687E-03 -132.075
    19    2  -0.1334   0.0000   0.1668  0.02710  -1.1974E-03 -1.3105E-03  1.7752E-03 -132.416
    20    2  -0.1498   0.0000   0.1452  0.02710  -1.3195E-03 -1.4317E-03  1.9470E-03 -132.664
    21    2  -0.1663   0.0000   0.1237  0.02710  -1.4142E-03 -1.5253E-03  2.0800E-03 -132.835
    22    2  -0.1827   0.0000   0.1021  0.02710  -1.4789E-03 -1.5889E-03  2.1706E-03 -132.947
    23    2  -0.1991   0.0000   0.0806  0.02710  -1.5118E-03 -1.6204E-03  2.2162E-03 -133.014
    24    2  -0.2155   0.0000   0.0590  0.02710  -1.5121E-03 -1.6186E-03  2.2150E-03 -133.052
    25    2  -0.2319   0.0000   0.0375  0.02710  -1.4799E-03 -1.5828E-03  2.1669E-03 -133.075
    26    3  -0.2272   0.0000   0.0267  0.02585  -1.4172E-03 -1.5148E-03  2.0743E-03 -133.094
    27    3  -0.2014   0.0000   0.0267  0.02585  -1.3200E-03 -1.4111E-03  1.9322E-03 -133.090
    28    3  -0.1755   0.0000   0.0267  0.02585  -1.1881E-03 -1.2716E-03  1.7403E-03 -133.054
    29    3  -0.1497   0.0000   0.0267  0.02585  -1.0248E-03 -1.0999E-03  1.5033E-03 -132.975
    30    3  -0.1238   0.0000   0.0267  0.02585  -8.3402E-04 -8.9975E-04  1.2268E-03 -132.829
    31    3  -0.0980   0.0000   0.0267  0.02585  -6.2030E-04 -6.7528E-04  9.1694E-04 -132.570
    32    3  -0.0721   0.0000   0.0267  0.02585  -3.8808E-04 -4.2953E-04  5.7888E-04 -132.098
    33    3  -0.0463   0.0000   0.0267  0.02585  -1.3763E-04 -1.5717E-04  2.0891E-04 -131.209
    34    4   0.0346   0.0000   0.2961  0.02679  -6.9057E-05 -7.6492E-04  7.6803E-04  -95.159
    35    4   0.0505   0.0000   0.2745  0.02679  -1.9615E-04 -2.1172E-03  2.1263E-03  -95.293
    36    4   0.0665   0.0000   0.2530  0.02679  -3.1646E-04 -3.3277E-03  3.3427E-03  -95.432
    37    4   0.0824   0.0000   0.2314  0.02679  -4.2911E-04 -4.4079E-03  4.4288E-03  -95.560
    38    4   0.0983   0.0000   0.2099  0.02679  -5.3084E-04 -5.3431E-03  5.3694E-03  -95.674
    39    4   0.1142   0.0000   0.1883  0.02679  -6.1836E-04 -6.1160E-03  6.1472E-03  -95.773
    40    4   0.1301   0.0000   0.1668  0.02679  -6.8876E-04 -6.7109E-03  6.7461E-03  -95.860
    41    4   0.1460   0.0000   0.1452  0.02679  -7.3964E-04 -7.1153E-03  7.1536E-03  -95.935
    42    4   0.1619   0.0000   0.1237  0.02679  -7.6921E-04 -7.3208E-03  7.3611E-03  -95.998
    43    4   0.1778   0.0000   0.1021  0.02679  -7.7635E-04 -7.3237E-03  7.3648E-03  -96.051
    44    4   0.1937   0.0000   0.0806  0.02679  -7.6057E-04 -7.1248E-03  7.1653E-03  -96.093
    45    4   0.2096   0.0000   0.0590  0.02679  -7.2201E-04 -6.7290E-03  6.7676E-03  -96.124
    46    4   0.2255   0.0000   0.0375  0.02679  -6.6130E-04 -6.1455E-03  6.1810E-03  -96.142
    47    5   0.1074   0.0000   0.0267  0.02802   7.8185E-05  7.2604E-04  7.3023E-04   83.854
    48    5   0.1354   0.0000   0.0267  0.02802   2.2077E-04  2.0502E-03  2.0621E-03   83.854
    49    5   0.1634   0.0000   0.0267  0.02802   3.5274E-04  3.2766E-03  3.2956E-03   83.856
    50    5   0.1915   0.0000   0.0267  0.02802   4.7297E-04  4.3941E-03  4.4195E-03   83.857
    51    5   0.2195   0.0000   0.0267  0.02802   5.7770E-04  5.3671E-03  5.3981E-03   83.856



                                        - - - POWER BUDGET - - -

                                           INPUT POWER   = 9.9250E-04 WATTS
                                           RADIATED POWER= 9.9250E-04 WATTS
                                           STRUCTURE LOSS= 0.0000E+00 WATTS
                                           NETWORK LOSS  = 0.0000E+00 WATTS
                                           EFFICIENCY    = 100.00 PERCENT



                               - - - FAR FIELD GROUND PARAMETERS - - -


                                        CIRCLE CLIFF
                                        EDGE DISTANCE=     0.00 METERS
                                        HEIGHT=    0.00 METERS
                                        SECOND MEDIUM -
                                        RELATIVE DIELECTRIC CONST.= 13.000
                                        CONDUCTIVITY= 5.000E-03 MHOS



                                                - - - RADIATION PATTERNS - - -

  - - ANGLES - -           - POWER GAINS -       - - - POLARIZATION - - -    - - - E(THETA) - - -    - - - E(PHI) - - -
  THETA     PHI        VERT.   HOR.    TOTAL      AXIAL     TILT   SENSE     MAGNITUDE    PHASE      MAGNITUDE    PHASE 
 DEGREES  DEGREES       DB      DB      DB        RATIO     DEG.              VOLTS/M    DEGREES      VOLTS/M    DEGREES
  -90.00     0.00    -999.99 -999.99 -999.99    0.00000     0.00            1.46615E-11    48.33    0.00000E+00     0.00
  -85.00     0.00      -2.80 -999.99   -2.80    0.00000     0.00  LINEAR    1.76700E-01  -122.84    0.00000E+00     0.00
  -80.00     0.00       0.75 -999.99    0.75    0.00000     0.00  LINEAR    2.66054E-01  -118.20    0.00000E+00     0.00
  -75.00     0.00       2.17 -999.99    2.17    0.00000     0.00  LINEAR    3.13053E-01  -115.49    0.00000E+00     0.00
  -70.00     0.00       2.78 -999.99    2.78    0.00000     0.00  LINEAR    3.35968E-01  -113.85    0.00000E+00     0.00
  -65.00     0.00       2.98 -999.99    2.98    0.00000     0.00  LINEAR    3.43759E-01  -112.85    0.00000E+00     0.00
  -60.00     0.00       2.93 -999.99    2.93    0.00000     0.00  LINEAR    3.41633E-01  -112.26    0.00000E+00     0.00
  -55.00     0.00       2.70 -999.99    2.70    0.00000     0.00  LINEAR    3.33035E-01  -111.95    0.00000E+00     0.00
  -50.00     0.00       2.37 -999.99    2.37    0.00000     0.00  LINEAR    3.20430E-01  -111.78    0.00000E+00     0.00
  -45.00     0.00       1.96 -999.99    1.96    0.00000     0.00  LINEAR    3.05630E-01  -111.64    0.00000E+00     0.00
  -40.00     0.00       1.50 -999.99    1.50    0.00000     0.00  LINEAR    2.89951E-01  -111.43    0.00000E+00     0.00
  -35.00     0.00       1.02 -999.99    1.02    0.00000     0.00  LINEAR    2.74305E-01  -111.02    0.00000E+00     0.00
  -30.00     0.00       0.53 -999.99    0.53    0.00000     0.00  LINEAR    2.59276E-01  -110.31    0.00000E+00     0.00
  -25.00     0.00       0.04 -999.99    0.04    0.00000     0.00  LINEAR    2.45196E-01  -109.17    0.00000E+00     0.00
  -20.00     0.00      -0.43 -999.99   -0.43    0.00000     0.00  LINEAR    2.32221E-01  -107.53    0.00000E+00     0.00
  -15.00     0.00      -0.88 -999.99   -0.88    0.00000     0.00  LINEAR    2.20400E-01  -105.32    0.00000E+00     0.00
  -10.00     0.00      -1.31 -999.99   -1.31    0.00000     0.00  LINEAR    2.09731E-01  -102.51    0.00000E+00     0.00
   -5.00     0.00      -1.72 -999.99   -1.72    0.00000     0.00  LINEAR    2.00197E-01   -99.10    0.00000E+00     0.00
    0.00     0.00      -2.09 -999.99   -2.09    0.00000     0.00  LINEAR    1.91787E-01   -95.12    0.00000E+00     0.00
    5.00     0.00      -2.43 -999.99   -2.43    0.00000     0.00  LINEAR    1.84507E-01   -90.62    0.00000E+00     0.00
   10.00     0.00      -2.72 -999.99   -2.72    0.00000     0.00  LINEAR    1.78383E-01   -85.68    0.00000E+00     0.00
   15.00     0.00      -2.96 -999.99   -2.96    0.00000     0.00  LINEAR    1.73449E-01   -80.41    0.00000E+00     0.00
   20.00     0.00      -3.15 -999.99   -3.15    0.00000     0.00  LINEAR    1.69744E-01   -74.92    0.00000E+00     0.00
   25.00     0.00      -3.28 -999.99   -3.28    0.00000     0.00  LINEAR    1.67289E-01   -69.35    0.00000E+00     0.00
   30.00     0.00      -3.34 -999.99   -3.34    0.00000     0.00  LINEAR    1.66065E-01   -63.86    0.00000E+00     0.00
   35.00     0.00      -3.34 -999.99   -3.34    0.00000     0.00  LINEAR    1.65980E-01   -58.60    0.00000E+00     0.00
   40.00     0.00      -3.30 -999.99   -3.30    0.00000     0.00  LINEAR    1.66842E-01   -53.73    0.00000E+00     0.00
   45.00     0.00      -3.22 -999.99   -3.22    0.00000     0.00  LINEAR    1.68330E-01   -49.37    0.00000E+00     0.00
   50.00     0.00      -3.14 -999.99   -3.14    0.00000     0.00  LINEAR    1.69974E-01   -45.63    0.00000E+00     0.00
   55.00     0.00      -3.08 -999.99   -3.08    0.00000     0.00  LINEAR    1.71137E-01   -42.59    0.00000E+00     0.00
   60.00     0.00      -3.09 -999.99   -3.09    0.00000     0.00  LINEAR    1.70974E-01   -40.31    0.00000E+00     0.00
   65.00     0.00      -3.22 -999.99   -3.22    0.00000     0.00  LINEAR    1.68369E-01   -38.85    0.00000E+00     0.00
   70.00     0.00      -3.57 -999.99   -3.57    0.00000     0.00  LINEAR    1.61767E-01   -38.28    0.00000E+00     0.00
   75.00     0.00      -4.29 -999.99   -4.29    0.00000     0.00  LINEAR    1.48797E-01   -38.78    0.00000E+00     0.00
   80.00     0.00      -5.79 -999.99   -5.79    0.00000     0.00  LINEAR    1.25320E-01   -40.70    0.00000E+00     0.00
   85.00     0.00      -9.39 -999.99   -9.39    0.00000     0.00  LINEAR    8.27881E-02   -44.89    0.00000E+00     0.00
   90.00     0.00    -999.99 -999.99 -999.99    0.00000     0.00            6.85701E-12   126.43    0.00000E+00     0.00


                                     - - - - NORMALIZED GAIN - - - -

                                           TOTAL GAIN
                                      NORMALIZATION FACTOR =     2.98 DB

    - - ANGLES - -      GAIN           - - ANGLES - -      GAIN           - - ANGLES - -      GAIN
    THETA     PHI        DB            THETA     PHI        DB            THETA     PHI        DB
   DEGREES  DEGREES                   DEGREES  DEGREES                   DEGREES  DEGREES
    -90.00     0.00  -1002.97          -25.00     0.00     -2.93           35.00     0.00     -6.32
    -85.00     0.00     -5.78          -20.00     0.00     -3.41           40.00     0.00     -6.28
    -80.00     0.00     -2.23          -15.00     0.00     -3.86           45.00     0.00     -6.20
    -75.00     0.00     -0.81          -10.00     0.00     -4.29           50.00     0.00     -6.12
    -70.00     0.00     -0.20           -5.00     0.00     -4.70           55.00     0.00     -6.06
    -65.00     0.00      0.00            0.00     0.00     -5.07           60.00     0.00     -6.07
    -60.00     0.00     -0.05            5.00     0.00     -5.40           65.00     0.00     -6.20
    -55.00     0.00     -0.28           10.00     0.00     -5.70           70.00     0.00     -6.55
    -50.00     0.00     -0.61           15.00     0.00     -5.94           75.00     0.00     -7.27
    -45.00     0.00     -1.02           20.00     0.00     -6.13           80.00     0.00     -8.76
    -40.00     0.00     -1.48           25.00     0.00     -6.26           85.00     0.00    -12.37
    -35.00     0.00     -1.96           30.00     0.00     -6.32           90.00     0.00  -1002.97
    -30.00     0.00     -2.45




                                 - - - - - - FREQUENCY - - - - - -

                                    FREQUENCY= 5.0000E+00 MHZ
                                    WAVELENGTH= 5.9960E+01 METERS




                    APPROXIMATE INTEGRATION EMPLOYED FOR SEGMENTS MORE THAN   1.000 WAVELENGTHS APART



                               - - - STRUCTURE IMPEDANCE LOADING - - -


       LOCATION          RESISTANCE   INDUCTANCE  CAPACITANCE       IMPEDANCE (OHMS)     CONDUCTIVITY    TYPE
    ITAG FROM THRU          OHMS        HENRYS       FARADS        REAL      IMAGINARY    MHOS/METER

       1    1    1                                3.7800E-10                                           SERIES 



                                  - - - ANTENNA ENVIRONMENT - - -

                                          PERFECT GROUND



                                - - - MATRIX TIMING - - -

                        FILL=    0.016 SEC.,  FACTOR=    0.000 SEC.



                                          - - - ANTENNA INPUT PARAMETERS - - -

   TAG   SEG.    VOLTAGE (VOLTS)         CURRENT (AMPS)         IMPEDANCE (OHMS)        ADMITTANCE (MHOS)      POWER
   NO.   NO.    REAL        IMAG.       REAL        IMAG.       REAL        IMAG.       REAL        IMAG.     (WATTS)
     1     1 1.00000E+00 0.00000E+00 1.69234E-03-1.52379E-03 3.26332E+02 2.93831E+02 1.69234E-03-1.52379E-03 8.46169E-04



                             - - - CURRENTS AND LOCATION - - -

                                 DISTANCES IN WAVELENGTHS


  SEG.  TAG    COORD. OF SEG. CENTER     SEG.            - - - CURRENT (AMPS) - - -
  NO.   NO.     X        Y        Z      LENGTH     REAL        IMAG.       MAG.        PHASE
     1    1   0.0000   0.0000   0.0163  0.03266   1.6923E-03 -1.5238E-03  2.2773E-03  -42.000
     2    1   0.0000   0.0000   0.0490  0.03266   1.7437E-03 -2.2217E-03  2.8242E-03  -51.873
     3    1   0.0000   0.0000   0.0817  0.03266   1.7495E-03 -2.8020E-03  3.3034E-03  -58.020
     4    1   0.0000   0.0000   0.1143  0.03266   1.7054E-03 -3.1905E-03  3.6177E-03  -61.874
     5    1   0.0000   0.0000   0.1470  0.03266   1.6170E-03 -3.4034E-03  3.7680E-03  -64.587
     6    1   0.0000   0.0000   0.1796  0.03266   1.4884E-03 -3.4441E-03  3.7519E-03  -66.629
     7    1   0.0000   0.0000   0.2123  0.03266   1.3243E-03 -3.3169E-03  3.5715E-03  -68.236
     8    1   0.0000   0.0000   0.2450  0.03266   1.1302E-03 -3.0297E-03  3.2337E-03  -69.542
     9    1   0.0000   0.0000   0.2776  0.03266   9.1241E-04 -2.5947E-03  2.7505E-03  -70.626
    10    1   0.0000   0.0000   0.3103  0.03266   6.7690E-04 -2.0267E-03  2.1367E-03  -71.531
    11    1   0.0000   0.0000   0.3429  0.03266   4.2857E-04 -1.3399E-03  1.4068E-03  -72.263
    12    1   0.0000   0.0000   0.3756  0.03266   1.6083E-04 -5.1895E-04  5.4330E-04  -72.781
    13    2  -0.0436   0.0000   0.3701  0.03387  -1.1643E-05 -8.2605E-06  1.4275E-05 -144.644
    14    2  -0.0641   0.0000   0.3432  0.03387  -4.4417E-05 -1.4323E-05  4.6669E-05 -162.127
    15    2  -0.0847   0.0000   0.3162  0.03387  -9.0067E-05 -9.4223E-06  9.0559E-05 -174.028
    16    2  -0.1052   0.0000   0.2893  0.03387  -1.4669E-04  2.6612E-06  1.4672E-04  178.961
    17    2  -0.1257   0.0000   0.2624  0.03387  -2.1158E-04  1.8638E-05  2.1240E-04  174.966
    18    2  -0.1463   0.0000   0.2354  0.03387  -2.8168E-04  3.5805E-05  2.8395E-04  172.756
    19    2  -0.1668   0.0000   0.2085  0.03387  -3.5371E-04  5.2021E-05  3.5752E-04  171.633
    20    2  -0.1873   0.0000   0.1815  0.03387  -4.2430E-04  6.5725E-05  4.2936E-04  171.195
    21    2  -0.2078   0.0000   0.1546  0.03387  -4.9014E-04  7.5959E-05  4.9599E-04  171.191
    22    2  -0.2284   0.0000   0.1276  0.03387  -5.4806E-04  8.2360E-05  5.5422E-04  171.454
    23    2  -0.2489   0.0000   0.1007  0.03387  -5.9525E-04  8.5095E-05  6.0131E-04  171.864
    24    2  -0.2694   0.0000   0.0738  0.03387  -6.2935E-04  8.4757E-05  6.3504E-04  172.330
    25    2  -0.2899   0.0000   0.0468  0.03387  -6.4874E-04  8.2263E-05  6.5393E-04  172.773
    26    3  -0.2840   0.0000   0.0334  0.03231  -6.5173E-04  7.8361E-05  6.5642E-04  173.144
    27    3  -0.2517   0.0000   0.0334  0.03231  -6.3174E-04  7.1089E-05  6.3573E-04  173.580
    28    3  -0.2194   0.0000   0.0334  0.03231  -5.8761E-04  6.0310E-05  5.9070E-04  174.140
    29    3  -0.1871   0.0000   0.0334  0.03231  -5.2043E-04  4.6631E-05  5.2251E-04  174.880
    30    3  -0.1548   0.0000   0.0334  0.03231  -4.3238E-04  3.0991E-05  4.3349E-04  175.900
    31    3  -0.1225   0.0000   0.0334  0.03231  -3.2650E-04  1.4845E-05  3.2684E-04  177.397
    32    3  -0.0902   0.0000   0.0334  0.03231  -2.0629E-04  7.5712E-07  2.0629E-04  179.790
    33    3  -0.0579   0.0000   0.0334  0.03231  -7.3481E-05 -5.0529E-06  7.3655E-05 -176.066
    34    4   0.0433   0.0000   0.3701  0.03348  -6.0895E-05 -1.5252E-05  6.2776E-05 -165.939
    35    4   0.0632   0.0000   0.3432  0.03348  -1.7927E-04 -3.5351E-05  1.8273E-04 -168.845
    36    4   0.0831   0.0000   0.3162  0.03348  -2.9849E-04 -4.4649E-05  3.0181E-04 -171.493
    37    4   0.1030   0.0000   0.2893  0.03348  -4.1623E-04 -4.6467E-05  4.1882E-04 -173.630
    38    4   0.1228   0.0000   0.2624  0.03348  -5.2798E-04 -4.3569E-05  5.2978E-04 -175.283
    39    4   0.1427   0.0000   0.2354  0.03348  -6.2909E-04 -3.8190E-05  6.3025E-04 -176.526
    40    4   0.1626   0.0000   0.2085  0.03348  -7.1522E-04 -3.2073E-05  7.1594E-04 -177.432
    41    4   0.1825   0.0000   0.1815  0.03348  -7.8260E-04 -2.6467E-05  7.8305E-04 -178.063
    42    4   0.2024   0.0000   0.1546  0.03348  -8.2823E-04 -2.2106E-05  8.2852E-04 -178.471
    43    4   0.2223   0.0000   0.1276  0.03348  -8.4999E-04 -1.9214E-05  8.5021E-04 -178.705
    44    4   0.2421   0.0000   0.1007  0.03348  -8.4675E-04 -1.7564E-05  8.4693E-04 -178.812
    45    4   0.2620   0.0000   0.0738  0.03348  -8.1833E-04 -1.6577E-05  8.1849E-04 -178.840
    46    4   0.2819   0.0000   0.0468  0.03348  -7.6564E-04 -1.5450E-05  7.6579E-04 -178.844
    47    5   0.1343   0.0000   0.0334  0.03502   9.8846E-05  2.9654E-06  9.8891E-05    1.718
    48    5   0.1693   0.0000   0.0334  0.03502   2.7729E-04  6.6563E-06  2.7737E-04    1.375
    49    5   0.2043   0.0000   0.0334  0.03502   4.3770E-04  9.1612E-06  4.3779E-04    1.199
    50    5   0.2393   0.0000   0.0334  0.03502   5.7644E-04  1.1337E-05  5.7655E-04    1.127
    51    5   0.2743   0.0000   0.0334  0.03502   6.8743E-04  1.3470E-05  6.8756E-04    1.123



                                        - - - POWER BUDGET - - -

                                           INPUT POWER   = 8.4617E-04 WATTS
                                           RADIATED POWER= 8.4617E-04 WATTS
                                           STRUCTURE LOSS= 0.0000E+00 WATTS
                                           NETWORK LOSS  = 0.0000E+00 WATTS
                                           EFFICIENCY    = 100.00 PERCENT



                               - - - FAR FIELD GROUND PARAMETERS - - -


                                        CIRCLE CLIFF
                                        EDGE DISTANCE=     0.00 METERS
                                        HEIGHT=    0.00 METERS
                                        SECOND MEDIUM -
                                        RELATIVE DIELECTRIC CONST.= 13.000
                                        CONDUCTIVITY= 5.000E-03 MHOS



                                                - - - RADIATION PATTERNS - - -

  - - ANGLES - -           - POWER GAINS -       - - - POLARIZATION - - -    - - - E(THETA) - - -    - - - E(PHI) - - -
  THETA     PHI        VERT.   HOR.    TOTAL      AXIAL     TILT   SENSE     MAGNITUDE    PHASE      MAGNITUDE    PHASE 
 DEGREES  DEGREES       DB      DB      DB        RATIO     DEG.              VOLTS/M    DEGREES      VOLTS/M    DEGREES
  -90.00     0.00    -999.99 -999.99 -999.99    0.00000     0.00            9.97674E-12    16.65    0.00000E+00     0.00
  -85.00     0.00      -5.34 -999.99   -5.34    0.00000     0.00  LINEAR    1.21751E-01  -155.74    0.00000E+00     0.00
  -80.00     0.00      -1.79 -999.99   -1.79    0.00000     0.00  LINEAR    1.83228E-01  -151.40    0.00000E+00     0.00
  -75.00     0.00      -0.49 -999.99   -0.49    0.00000     0.00  LINEAR    2.12915E-01  -148.52    0.00000E+00     0.00
  -70.00     0.00      -0.08 -999.99   -0.08    0.00000     0.00  LINEAR    2.23157E-01  -146.40    0.00000E+00     0.00
  -65.00     0.00      -0.18 -999.99   -0.18    0.00000     0.00  LINEAR    2.20561E-01  -144.69    0.00000E+00     0.00
  -60.00     0.00      -0.64 -999.99   -0.64    0.00000     0.00  LINEAR    2.09360E-01  -143.25    0.00000E+00     0.00
  -55.00     0.00      -1.36 -999.99   -1.36    0.00000     0.00  LINEAR    1.92627E-01  -141.99    0.00000E+00     0.00
  -50.00     0.00      -2.31 -999.99   -2.31    0.00000     0.00  LINEAR    1.72720E-01  -140.89    0.00000E+00     0.00
  -45.00     0.00      -3.45 -999.99   -3.45    0.00000     0.00  LINEAR    1.51467E-01  -139.97    0.00000E+00     0.00
  -40.00     0.00      -4.76 -999.99   -4.76    0.00000     0.00  LINEAR    1.30240E-01  -139.30    0.00000E+00     0.00
  -35.00     0.00      -6.22 -999.99   -6.22    0.00000     0.00  LINEAR    1.10009E-01  -138.99    0.00000E+00     0.00
  -30.00     0.00      -7.84 -999.99   -7.84    0.00000     0.00  LINEAR    9.13869E-02  -139.20    0.00000E+00     0.00
  -25.00     0.00      -9.59 -999.99   -9.59    0.00000     0.00  LINEAR    7.46922E-02  -140.18    0.00000E+00     0.00
  -20.00     0.00     -11.49 -999.99  -11.49    0.00000     0.00  LINEAR    6.00103E-02  -142.31    0.00000E+00     0.00
  -15.00     0.00     -13.56 -999.99  -13.56    0.00000     0.00  LINEAR    4.72708E-02  -146.14    0.00000E+00     0.00
  -10.00     0.00     -15.85 -999.99  -15.85    0.00000     0.00  LINEAR    3.63410E-02  -152.67    0.00000E+00     0.00
   -5.00     0.00     -18.37 -999.99  -18.37    0.00000     0.00  LINEAR    2.71889E-02  -163.82    0.00000E+00     0.00
    0.00     0.00     -20.91 -999.99  -20.91    0.00000     0.00  LINEAR    2.02730E-02   176.59    0.00000E+00     0.00
    5.00     0.00     -22.30 -999.99  -22.30    0.00000     0.00  LINEAR    1.72751E-02   145.02    0.00000E+00     0.00
   10.00     0.00     -20.96 -999.99  -20.96    0.00000     0.00  LINEAR    2.01607E-02   111.47    0.00000E+00     0.00
   15.00     0.00     -18.11 -999.99  -18.11    0.00000     0.00  LINEAR    2.80018E-02    88.94    0.00000E+00     0.00
   20.00     0.00     -15.22 -999.99  -15.22    0.00000     0.00  LINEAR    3.90584E-02    75.30    0.00000E+00     0.00
   25.00     0.00     -12.63 -999.99  -12.63    0.00000     0.00  LINEAR    5.26036E-02    66.40    0.00000E+00     0.00
   30.00     0.00     -10.36 -999.99  -10.36    0.00000     0.00  LINEAR    6.83756E-02    60.07    0.00000E+00     0.00
   35.00     0.00      -8.35 -999.99   -8.35    0.00000     0.00  LINEAR    8.61388E-02    55.29    0.00000E+00     0.00
   40.00     0.00      -6.59 -999.99   -6.59    0.00000     0.00  LINEAR    1.05499E-01    51.50    0.00000E+00     0.00
   45.00     0.00      -5.06 -999.99   -5.06    0.00000     0.00  LINEAR    1.25814E-01    48.39    0.00000E+00     0.00
   50.00     0.00      -3.76 -999.99   -3.76    0.00000     0.00  LINEAR    1.46138E-01    45.76    0.00000E+00     0.00
   55.00     0.00      -2.69 -999.99   -2.69    0.00000     0.00  LINEAR    1.65179E-01    43.45    0.00000E+00     0.00
   60.00     0.00      -1.89 -999.99   -1.89    0.00000     0.00  LINEAR    1.81266E-01    41.34    0.00000E+00     0.00
   65.00     0.00      -1.37 -999.99   -1.37    0.00000     0.00  LINEAR    1.92271E-01    39.29    0.00000E+00     0.00
   70.00     0.00      -1.23 -999.99   -1.23    0.00000     0.00  LINEAR    1.95461E-01    37.17    0.00000E+00     0.00
   75.00     0.00      -1.61 -999.99   -1.61    0.00000     0.00  LINEAR    1.87089E-01    34.76    0.00000E+00     0.00
   80.00     0.00      -2.90 -999.99   -2.90    0.00000     0.00  LINEAR    1.61333E-01    31.70    0.00000E+00     0.00
   85.00     0.00      -6.44 -999.99   -6.44    0.00000     0.00  LINEAR    1.07323E-01    27.26    0.00000E+00     0.00
   90.00     0.00    -999.99 -999.99 -999.99    0.00000     0.00            8.79762E-12  -160.38    0.00000E+00     0.00


                                     - - - - NORMALIZED GAIN - - - -

                                           TOTAL GAIN
                                      NORMALIZATION FACTOR =    -0.08 DB

    - - ANGLES - -      GAIN           - - ANGLES - -      GAIN           - - ANGLES - -      GAIN
    THETA     PHI        DB            THETA     PHI        DB            THETA     PHI        DB
   DEGREES  DEGREES                   DEGREES  DEGREES                   DEGREES  DEGREES
    -90.00     0.00   -999.91          -25.00     0.00     -9.51           35.00     0.00     -8.27
    -85.00     0.00     -5.26          -20.00     0.00    -11.41           40.00     0.00     -6.51
    -80.00     0.00     -1.71          -15.00     0.00    -13.48           45.00     0.00     -4.98
    -75.00     0.00     -0.41          -10.00     0.00    -15.76           50.00     0.00     -3.68
    -70.00     0.00      0.00           -5.00     0.00    -18.28           55.00     0.00     -2.61
    -65.00     0.00     -0.10            0.00     0.00    -20.83           60.00     0.00     -1.81
    -60.00     0.00     -0.55            5.00     0.00    -22.22           65.00     0.00     -1.29
    -55.00     0.00     -1.28           10.00     0.00    -20.88           70.00     0.00     -1.15
    -50.00     0.00     -2.23           15.00     0.00    -18.03           75.00     0.00     -1.53
    -45.00     0.00     -3.37           20.00     0.00    -15.14           80.00     0.00     -2.82
    -40.00     0.00     -4.68           25.00     0.00    -12.55           85.00     0.00     -6.36
    -35.00     0.00     -6.14           30.00     0.00    -10.27           90.00     0.00   -999.91
    -30.00     0.00     -7.75




                                 - - - - - - FREQUENCY - - - - - -

                                    FREQUENCY= 6.0000E+00 MHZ
                                    WAVELENGTH= 4.9967E+01 METERS




                    APPROXIMATE INTEGRATION EMPLOYED FOR SEGMENTS MORE THAN   1.000 WAVELENGTHS APART



                               - - - STRUCTURE IMPEDANCE LOADING - - -


       LOCATION          RESISTANCE   INDUCTANCE  CAPACITANCE       IMPEDANCE (OHMS)     CONDUCTIVITY    TYPE
    ITAG FROM THRU          OHMS        HENRYS       FARADS        REAL      IMAGINARY    MHOS/METER

       1    1    1                                3.7800E-10                                           SERIES 



                                  - - - ANTENNA ENVIRONMENT - - -

                                          PERFECT GROUND



                                - - - MATRIX TIMING - - -

                        FILL=    0.000 SEC.,  FACTOR=    0.000 SEC.



                                          - - - ANTENNA INPUT PARAMETERS - - -

   TAG   SEG.    VOLTAGE (VOLTS)         CURRENT (AMPS)         IMPEDANCE (OHMS)        ADMITTANCE (MHOS)      POWER
   NO.   NO.    REAL        IMAG.       REAL        IMAG.       REAL        IMAG.       REAL        IMAG.     (WATTS)
     1     1 1.00000E+00 0.00000E+00 9.97894E-04-1.58807E-04 9.77358E+02 1.55539E+02 9.97894E-04-1.58807E-04 4.98947E-04



                             - - - CURRENTS AND LOCATION - - -

                                 DISTANCES IN WAVELENGTHS


  SEG.  TAG    COORD. OF SEG. CENTER     SEG.            - - - CURRENT (AMPS) - - -
  NO.   NO.     X        Y        Z      LENGTH     REAL        IMAG.       MAG.        PHASE
     1    1   0.0000   0.0000   0.0196  0.03919   9.9789E-04 -1.5881E-04  1.0105E-03   -9.042
     2    1   0.0000   0.0000   0.0588  0.03919   1.0259E-03 -9.7232E-04  1.4135E-03  -43.464
     3    1   0.0000   0.0000   0.0980  0.03919   1.0256E-03 -1.7088E-03  1.9930E-03  -59.029
     4    1   0.0000   0.0000   0.1372  0.03919   9.9459E-04 -2.2716E-03  2.4798E-03  -66.355
     5    1   0.0000   0.0000   0.1764  0.03919   9.3651E-04 -2.6632E-03  2.8231E-03  -70.626
     6    1   0.0000   0.0000   0.2156  0.03919   8.5424E-04 -2.8737E-03  2.9980E-03  -73.445
     7    1   0.0000   0.0000   0.2548  0.03919   7.5131E-04 -2.8975E-03  2.9933E-03  -75.463
     8    1   0.0000   0.0000   0.2939  0.03919   6.3196E-04 -2.7361E-03  2.8081E-03  -76.994
     9    1   0.0000   0.0000   0.3331  0.03919   5.0087E-04 -2.3994E-03  2.4511E-03  -78.209
    10    1   0.0000   0.0000   0.3723  0.03919   3.6289E-04 -1.9042E-03  1.9384E-03  -79.210
    11    1   0.0000   0.0000   0.4115  0.03919   2.2239E-04 -1.2705E-03  1.2898E-03  -80.071
    12    1   0.0000   0.0000   0.4507  0.03919   7.9525E-05 -4.9350E-04  4.9986E-04  -80.846
    13    2  -0.0523   0.0000   0.4441  0.04064   2.8976E-05 -1.2809E-05  3.1681E-05  -23.848
    14    2  -0.0770   0.0000   0.4118  0.04064   6.9811E-05 -2.4429E-05  7.3962E-05  -19.286
    15    2  -0.1016   0.0000   0.3795  0.04064   9.0555E-05 -2.0750E-05  9.2902E-05  -12.906
    16    2  -0.1262   0.0000   0.3472  0.04064   9.1409E-05 -5.6636E-06  9.1584E-05   -3.545
    17    2  -0.1509   0.0000   0.3148  0.04064   7.2710E-05  1.7198E-05  7.4716E-05   13.307
    18    2  -0.1755   0.0000   0.2825  0.04064   3.5879E-05  4.4483E-05  5.7149E-05   51.111
    19    2  -0.2001   0.0000   0.2502  0.04064  -1.6516E-05  7.3193E-05  7.5033E-05  102.716
    20    2  -0.2248   0.0000   0.2178  0.04064  -8.0865E-05  1.0081E-04  1.2923E-04  128.736
    21    2  -0.2494   0.0000   0.1855  0.04064  -1.5272E-04  1.2540E-04  1.9760E-04  140.611
    22    2  -0.2740   0.0000   0.1532  0.04064  -2.2706E-04  1.4569E-04  2.6978E-04  147.314
    23    2  -0.2987   0.0000   0.1208  0.04064  -2.9863E-04  1.6107E-04  3.3930E-04  151.659
    24    2  -0.3233   0.0000   0.0885  0.04064  -3.6231E-04  1.7149E-04  4.0085E-04  154.671
    25    2  -0.3479   0.0000   0.0562  0.04064  -4.1358E-04  1.7745E-04  4.5004E-04  156.777
    26    3  -0.3409   0.0000   0.0400  0.03878  -4.4772E-04  1.7904E-04  4.8219E-04  158.204
    27    3  -0.3021   0.0000   0.0400  0.03878  -4.5922E-04  1.7168E-04  4.9026E-04  159.502
    28    3  -0.2633   0.0000   0.0400  0.03878  -4.4640E-04  1.5482E-04  4.7249E-04  160.872
    29    3  -0.2245   0.0000   0.0400  0.03878  -4.0907E-04  1.2953E-04  4.2909E-04  162.430
    30    3  -0.1857   0.0000   0.0400  0.03878  -3.4871E-04  9.7743E-05  3.6214E-04  164.342
    31    3  -0.1470   0.0000   0.0400  0.03878  -2.6823E-04  6.2379E-05  2.7539E-04  166.908
    32    3  -0.1082   0.0000   0.0400  0.03878  -1.7155E-04  2.7924E-05  1.7381E-04  170.755
    33    3  -0.0694   0.0000   0.0400  0.03878  -6.1512E-05  3.0603E-06  6.1588E-05  177.152
    34    4   0.0520   0.0000   0.4441  0.04018  -7.6459E-06 -6.6862E-06  1.0157E-05 -138.831
    35    4   0.0758   0.0000   0.4118  0.04018  -3.0274E-05 -9.4850E-06  3.1725E-05 -162.604
    36    4   0.0997   0.0000   0.3795  0.04018  -6.2662E-05 -5.3107E-07  6.2664E-05 -179.514
    37    4   0.1235   0.0000   0.3472  0.04018  -1.0327E-04  1.6454E-05  1.0457E-04  170.947
    38    4   0.1474   0.0000   0.3148  0.04018  -1.4973E-04  3.7806E-05  1.5443E-04  165.829
    39    4   0.1713   0.0000   0.2825  0.04018  -1.9918E-04  6.0249E-05  2.0810E-04  163.170
    40    4   0.1951   0.0000   0.2502  0.04018  -2.4846E-04  8.1020E-05  2.6133E-04  161.939
    41    4   0.2190   0.0000   0.2178  0.04018  -2.9427E-04  9.8001E-05  3.1016E-04  161.581
    42    4   0.2429   0.0000   0.1855  0.04018  -3.3345E-04  1.0984E-04  3.5107E-04  161.769
    43    4   0.2667   0.0000   0.1532  0.04018  -3.6314E-04  1.1597E-04  3.8121E-04  162.288
    44    4   0.2906   0.0000   0.1208  0.04018  -3.8096E-04  1.1663E-04  3.9842E-04  162.978
    45    4   0.3144   0.0000   0.0885  0.04018  -3.8517E-04  1.1267E-04  4.0131E-04  163.694
    46    4   0.3383   0.0000   0.0562  0.04018  -3.7482E-04  1.0545E-04  3.8937E-04  164.287
    47    5   0.1611   0.0000   0.0400  0.04203   5.3489E-05 -1.1777E-05  5.4770E-05  -12.417
    48    5   0.2031   0.0000   0.0400  0.04203   1.4919E-04 -3.6130E-05  1.5351E-04  -13.613
    49    5   0.2452   0.0000   0.0400  0.04203   2.3256E-04 -5.9757E-05  2.4011E-04  -14.411
    50    5   0.2872   0.0000   0.0400  0.04203   3.0029E-04 -8.0253E-05  3.1083E-04  -14.963
    51    5   0.3292   0.0000   0.0400  0.04203   3.4840E-04 -9.5722E-05  3.6131E-04  -15.363



                                        - - - POWER BUDGET - - -

                                           INPUT POWER   = 4.9895E-04 WATTS
                                           RADIATED POWER= 4.9895E-04 WATTS
                                           STRUCTURE LOSS= 0.0000E+00 WATTS
                                           NETWORK LOSS  = 0.0000E+00 WATTS
                                           EFFICIENCY    = 100.00 PERCENT



                               - - - FAR FIELD GROUND PARAMETERS - - -


                                        CIRCLE CLIFF
                                        EDGE DISTANCE=     0.00 METERS
                                        HEIGHT=    0.00 METERS
                                        SECOND MEDIUM -
                                        RELATIVE DIELECTRIC CONST.= 13.000
                                        CONDUCTIVITY= 5.000E-03 MHOS



                                                - - - RADIATION PATTERNS - - -

  - - ANGLES - -           - POWER GAINS -       - - - POLARIZATION - - -    - - - E(THETA) - - -    - - - E(PHI) - - -
  THETA     PHI        VERT.   HOR.    TOTAL      AXIAL     TILT   SENSE     MAGNITUDE    PHASE      MAGNITUDE    PHASE 
 DEGREES  DEGREES       DB      DB      DB        RATIO     DEG.              VOLTS/M    DEGREES      VOLTS/M    DEGREES
  -90.00     0.00    -999.99 -999.99 -999.99    0.00000     0.00            7.99078E-12    14.06    0.00000E+00     0.00
  -85.00     0.00      -4.91 -999.99   -4.91    0.00000     0.00  LINEAR    9.82250E-02  -159.21    0.00000E+00     0.00
  -80.00     0.00      -1.39 -999.99   -1.39    0.00000     0.00  LINEAR    1.47445E-01  -154.96    0.00000E+00     0.00
  -75.00     0.00      -0.18 -999.99   -0.18    0.00000     0.00  LINEAR    1.69351E-01  -151.68    0.00000E+00     0.00
  -70.00     0.00       0.05 -999.99    0.05    0.00000     0.00  LINEAR    1.74024E-01  -148.74    0.00000E+00     0.00
  -65.00     0.00      -0.28 -999.99   -0.28    0.00000     0.00  LINEAR    1.67408E-01  -145.79    0.00000E+00     0.00
  -60.00     0.00      -1.03 -999.99   -1.03    0.00000     0.00  LINEAR    1.53676E-01  -142.64    0.00000E+00     0.00
  -55.00     0.00      -2.09 -999.99   -2.09    0.00000     0.00  LINEAR    1.36015E-01  -139.16    0.00000E+00     0.00
  -50.00     0.00      -3.41 -999.99   -3.41    0.00000     0.00  LINEAR    1.16869E-01  -135.30    0.00000E+00     0.00
  -45.00     0.00      -4.93 -999.99   -4.93    0.00000     0.00  LINEAR    9.80102E-02  -131.06    0.00000E+00     0.00
  -40.00     0.00      -6.64 -999.99   -6.64    0.00000     0.00  LINEAR    8.05732E-02  -126.61    0.00000E+00     0.00
  -35.00     0.00      -8.49 -999.99   -8.49    0.00000     0.00  LINEAR    6.51146E-02  -122.28    0.00000E+00     0.00
  -30.00     0.00     -10.48 -999.99  -10.48    0.00000     0.00  LINEAR    5.17288E-02  -118.67    0.00000E+00     0.00
  -25.00     0.00     -12.67 -999.99  -12.67    0.00000     0.00  LINEAR    4.02270E-02  -116.70    0.00000E+00     0.00
  -20.00     0.00     -15.11 -999.99  -15.11    0.00000     0.00  LINEAR    3.03682E-02  -117.90    0.00000E+00     0.00
  -15.00     0.00     -17.85 -999.99  -17.85    0.00000     0.00  LINEAR    2.21489E-02  -124.97    0.00000E+00     0.00
  -10.00     0.00     -20.55 -999.99  -20.55    0.00000     0.00  LINEAR    1.62382E-02  -142.56    0.00000E+00     0.00
   -5.00     0.00     -21.68 -999.99  -21.68    0.00000     0.00  LINEAR    1.42626E-02  -172.13    0.00000E+00     0.00
    0.00     0.00     -20.30 -999.99  -20.30    0.00000     0.00  LINEAR    1.67125E-02   160.09    0.00000E+00     0.00
    5.00     0.00     -18.12 -999.99  -18.12    0.00000     0.00  LINEAR    2.14824E-02   142.20    0.00000E+00     0.00
   10.00     0.00     -16.17 -999.99  -16.17    0.00000     0.00  LINEAR    2.68707E-02   130.01    0.00000E+00     0.00
   15.00     0.00     -14.57 -999.99  -14.57    0.00000     0.00  LINEAR    3.23017E-02   119.75    0.00000E+00     0.00
   20.00     0.00     -13.20 -999.99  -13.20    0.00000     0.00  LINEAR    3.78466E-02   109.60    0.00000E+00     0.00
   25.00     0.00     -11.89 -999.99  -11.89    0.00000     0.00  LINEAR    4.39995E-02    98.94    0.00000E+00     0.00
   30.00     0.00     -10.52 -999.99  -10.52    0.00000     0.00  LINEAR    5.15205E-02    87.90    0.00000E+00     0.00
   35.00     0.00      -9.03 -999.99   -9.03    0.00000     0.00  LINEAR    6.11817E-02    77.13    0.00000E+00     0.00
   40.00     0.00      -7.44 -999.99   -7.44    0.00000     0.00  LINEAR    7.34542E-02    67.32    0.00000E+00     0.00
   45.00     0.00      -5.84 -999.99   -5.84    0.00000     0.00  LINEAR    8.82817E-02    58.88    0.00000E+00     0.00
   50.00     0.00      -4.33 -999.99   -4.33    0.00000     0.00  LINEAR    1.05007E-01    51.89    0.00000E+00     0.00
   55.00     0.00      -3.00 -999.99   -3.00    0.00000     0.00  LINEAR    1.22386E-01    46.18    0.00000E+00     0.00
   60.00     0.00      -1.92 -999.99   -1.92    0.00000     0.00  LINEAR    1.38619E-01    41.50    0.00000E+00     0.00
   65.00     0.00      -1.16 -999.99   -1.16    0.00000     0.00  LINEAR    1.51345E-01    37.57    0.00000E+00     0.00
   70.00     0.00      -0.81 -999.99   -0.81    0.00000     0.00  LINEAR    1.57592E-01    34.12    0.00000E+00     0.00
   75.00     0.00      -1.04 -999.99   -1.04    0.00000     0.00  LINEAR    1.53532E-01    30.87    0.00000E+00     0.00
   80.00     0.00      -2.23 -999.99   -2.23    0.00000     0.00  LINEAR    1.33762E-01    27.40    0.00000E+00     0.00
   85.00     0.00      -5.76 -999.99   -5.76    0.00000     0.00  LINEAR    8.91408E-02    23.05    0.00000E+00     0.00
   90.00     0.00    -999.99 -999.99 -999.99    0.00000     0.00            7.25253E-12  -163.72    0.00000E+00     0.00


                                     - - - - NORMALIZED GAIN - - - -

                                           TOTAL GAIN
                                      NORMALIZATION FACTOR =     0.05 DB

    - - ANGLES - -      GAIN           - - ANGLES - -      GAIN           - - ANGLES - -      GAIN
    THETA     PHI        DB            THETA     PHI        DB            THETA     PHI        DB
   DEGREES  DEGREES                   DEGREES  DEGREES                   DEGREES  DEGREES
    -90.00     0.00  -1000.04          -25.00     0.00    -12.72           35.00     0.00     -9.08
    -85.00     0.00     -4.97          -20.00     0.00    -15.16           40.00     0.00     -7.49
    -80.00     0.00     -1.44          -15.00     0.00    -17.91           45.00     0.00     -5.89
    -75.00     0.00     -0.24          -10.00     0.00    -20.60           50.00     0.00     -4.39
    -70.00     0.00      0.00           -5.00     0.00    -21.73           55.00     0.00     -3.06
    -65.00     0.00     -0.34            0.00     0.00    -20.35           60.00     0.00     -1.98
    -60.00     0.00     -1.08            5.00     0.00    -18.17           65.00     0.00     -1.21
    -55.00     0.00     -2.14           10.00     0.00    -16.23           70.00     0.00     -0.86
    -50.00     0.00     -3.46           15.00     0.00    -14.63           75.00     0.00     -1.09
    -45.00     0.00     -4.99           20.00     0.00    -13.25           80.00     0.00     -2.29
    -40.00     0.00     -6.69           25.00     0.00    -11.94           85.00     0.00     -5.81
    -35.00     0.00     -8.54           30.00     0.00    -10.57           90.00     0.00  -1000.04
    -30.00     0.00    -10.54




                                 - - - - - - FREQUENCY - - - - - -

                                    FREQUENCY= 7.0000E+00 MHZ
                                    WAVELENGTH= 4.2829E+01 METERS




                    APPROXIMATE INTEGRATION EMPLOYED FOR SEGMENTS MORE THAN   1.000 WAVELENGTHS APART



                               - - - STRUCTURE IMPEDANCE LOADING - - -


       LOCATION          RESISTANCE   INDUCTANCE  CAPACITANCE       IMPEDANCE (OHMS)     CONDUCTIVITY    TYPE
    ITAG FROM THRU          OHMS        HENRYS       FARADS        REAL      IMAGINARY    MHOS/METER

       1    1    1                                3.7800E-10                                           SERIES 



                                  - - - ANTENNA ENVIRONMENT - - -

                                          PERFECT GROUND



                                - - - MATRIX TIMING - - -

                        FILL=    0.016 SEC.,  FACTOR=    0.000 SEC.



                                          - - - ANTENNA INPUT PARAMETERS - - -

   TAG   SEG.    VOLTAGE (VOLTS)         CURRENT (AMPS)         IMPEDANCE (OHMS)        ADMITTANCE (MHOS)      POWER
   NO.   NO.    REAL        IMAG.       REAL        IMAG.       REAL        IMAG.       REAL        IMAG.     (WATTS)
     1     1 1.00000E+00 0.00000E+00 6.56280E-04 1.01541E-03 4.48965E+02-6.94648E+02 6.56280E-04 1.01541E-03 3.28140E-04



                             - - - CURRENTS AND LOCATION - - -

                                 DISTANCES IN WAVELENGTHS


  SEG.  TAG    COORD. OF SEG. CENTER     SEG.            - - - CURRENT (AMPS) - - -
  NO.   NO.     X        Y        Z      LENGTH     REAL        IMAG.       MAG.        PHASE
     1    1   0.0000   0.0000   0.0229  0.04572   6.5628E-04  1.0154E-03  1.2090E-03   57.125
     2    1   0.0000   0.0000   0.0686  0.04572   6.6576E-04  4.7793E-05  6.6747E-04    4.106
     3    1   0.0000   0.0000   0.1143  0.04572   6.5378E-04 -9.0886E-04  1.1196E-03  -54.271
     4    1   0.0000   0.0000   0.1600  0.04572   6.2238E-04 -1.7252E-03  1.8340E-03  -70.163
     5    1   0.0000   0.0000   0.2058  0.04572   5.7484E-04 -2.3751E-03  2.4436E-03  -76.394
     6    1   0.0000   0.0000   0.2515  0.04572   5.1350E-04 -2.8202E-03  2.8666E-03  -79.681
     7    1   0.0000   0.0000   0.2972  0.04572   4.4117E-04 -3.0313E-03  3.0633E-03  -81.719
     8    1   0.0000   0.0000   0.3429  0.04572   3.6103E-04 -2.9937E-03  3.0154E-03  -83.123
     9    1   0.0000   0.0000   0.3887  0.04572   2.7647E-04 -2.7089E-03  2.7230E-03  -84.173
    10    1   0.0000   0.0000   0.4344  0.04572   1.9091E-04 -2.1945E-03  2.2028E-03  -85.028
    11    1   0.0000   0.0000   0.4801  0.04572   1.0795E-04 -1.4795E-03  1.4835E-03  -85.827
    12    1   0.0000   0.0000   0.5258  0.04572   3.2808E-05 -5.7420E-04  5.7514E-04  -86.730
    13    2  -0.0611   0.0000   0.5182  0.04742   1.3077E-04 -1.5164E-04  2.0024E-04  -49.227
    14    2  -0.0898   0.0000   0.4804  0.04742   3.5052E-04 -3.9768E-04  5.3011E-04  -48.606
    15    2  -0.1185   0.0000   0.4427  0.04742   5.2051E-04 -5.7687E-04  7.7699E-04  -47.940
    16    2  -0.1473   0.0000   0.4050  0.04742   6.3307E-04 -6.8507E-04  9.3279E-04  -47.259
    17    2  -0.1760   0.0000   0.3673  0.04742   6.8046E-04 -7.1773E-04  9.8902E-04  -46.527
    18    2  -0.2048   0.0000   0.3296  0.04742   6.5964E-04 -6.7488E-04  9.4371E-04  -45.654
    19    2  -0.2335   0.0000   0.2919  0.04742   5.7308E-04 -5.6181E-04  8.0253E-04  -44.431
    20    2  -0.2622   0.0000   0.2541  0.04742   4.2878E-04 -3.8899E-04  5.7894E-04  -42.214
    21    2  -0.2910   0.0000   0.2164  0.04742   2.3961E-04 -1.7126E-04  2.9452E-04  -35.556
    22    2  -0.3197   0.0000   0.1787  0.04742   2.2254E-05  7.3278E-05  7.6583E-05   73.107
    23    2  -0.3484   0.0000   0.1410  0.04742  -2.0423E-04  3.2472E-04  3.8360E-04  122.167
    24    2  -0.3772   0.0000   0.1033  0.04742  -4.2009E-04  5.6293E-04  7.0240E-04  126.733
    25    2  -0.4059   0.0000   0.0656  0.04742  -6.0680E-04  7.6940E-04  9.7988E-04  128.262
    26    3  -0.3977   0.0000   0.0467  0.04524  -7.4643E-04  9.2488E-04  1.1885E-03  128.906
    27    3  -0.3524   0.0000   0.0467  0.04524  -8.3254E-04  1.0141E-03  1.3121E-03  129.384
    28    3  -0.3072   0.0000   0.0467  0.04524  -8.5950E-04  1.0300E-03  1.3415E-03  129.843
    29    3  -0.2619   0.0000   0.0467  0.04524  -8.2281E-04  9.6898E-04  1.2712E-03  130.336
    30    3  -0.2167   0.0000   0.0467  0.04524  -7.2374E-04  8.3501E-04  1.1050E-03  130.917
    31    3  -0.1715   0.0000   0.0467  0.04524  -5.6884E-04  6.3904E-04  8.5554E-04  131.674
    32    3  -0.1262   0.0000   0.0467  0.04524  -3.6872E-04  3.9839E-04  5.4284E-04  132.785
    33    3  -0.0810   0.0000   0.0467  0.04524  -1.3308E-04  1.3482E-04  1.8944E-04  134.628
    34    4   0.0606   0.0000   0.5182  0.04688   2.3771E-05 -1.7729E-05  2.9654E-05  -36.718
    35    4   0.0885   0.0000   0.4804  0.04688   5.6169E-05 -3.7379E-05  6.7470E-05  -33.643
    36    4   0.1163   0.0000   0.4427  0.04688   7.0013E-05 -3.9453E-05  8.0364E-05  -29.402
    37    4   0.1441   0.0000   0.4050  0.04688   6.4935E-05 -2.8159E-05  7.0777E-05  -23.444
    38    4   0.1720   0.0000   0.3673  0.04688   4.1315E-05 -7.7757E-06  4.2040E-05  -10.659
    39    4   0.1998   0.0000   0.3296  0.04688   1.1426E-06  1.7471E-05  1.7508E-05   86.258
    40    4   0.2277   0.0000   0.2919  0.04688  -5.2025E-05  4.3642E-05  6.7906E-05  140.008
    41    4   0.2555   0.0000   0.2541  0.04688  -1.1334E-04  6.7383E-05  1.3186E-04  149.268
    42    4   0.2833   0.0000   0.2164  0.04688  -1.7708E-04  8.6195E-05  1.9695E-04  154.045
    43    4   0.3112   0.0000   0.1787  0.04688  -2.3716E-04  9.8607E-05  2.5685E-04  157.424
    44    4   0.3390   0.0000   0.1410  0.04688  -2.8764E-04  1.0420E-04  3.0593E-04  160.086
    45    4   0.3668   0.0000   0.1033  0.04688  -3.2323E-04  1.0350E-04  3.3939E-04  162.244
    46    4   0.3947   0.0000   0.0656  0.04688  -3.3985E-04  9.7810E-05  3.5364E-04  163.944
    47    5   0.1880   0.0000   0.0467  0.04903   5.6992E-05 -8.1630E-06  5.7573E-05   -8.151
    48    5   0.2370   0.0000   0.0467  0.04903   1.5711E-04 -2.8783E-05  1.5972E-04  -10.381
    49    5   0.2860   0.0000   0.0467  0.04903   2.3990E-04 -5.1391E-05  2.4534E-04  -12.091
    50    5   0.3351   0.0000   0.0467  0.04903   3.0046E-04 -7.2149E-05  3.0900E-04  -13.503
    51    5   0.3841   0.0000   0.0467  0.04903   3.3419E-04 -8.8131E-05  3.4562E-04  -14.773



                                        - - - POWER BUDGET - - -

                                           INPUT POWER   = 3.2814E-04 WATTS
                                           RADIATED POWER= 3.2814E-04 WATTS
                                           STRUCTURE LOSS= 0.0000E+00 WATTS
                                           NETWORK LOSS  = 0.0000E+00 WATTS
                                           EFFICIENCY    = 100.00 PERCENT



                               - - - FAR FIELD GROUND PARAMETERS - - -


                                        CIRCLE CLIFF
                                        EDGE DISTANCE=     0.00 METERS
                                        HEIGHT=    0.00 METERS
                                        SECOND MEDIUM -
                                        RELATIVE DIELECTRIC CONST.= 13.000
                                        CONDUCTIVITY= 5.000E-03 MHOS



                                                - - - RADIATION PATTERNS - - -

  - - ANGLES - -           - POWER GAINS -       - - - POLARIZATION - - -    - - - E(THETA) - - -    - - - E(PHI) - - -
  THETA     PHI        VERT.   HOR.    TOTAL      AXIAL     TILT   SENSE     MAGNITUDE    PHASE      MAGNITUDE    PHASE 
 DEGREES  DEGREES       DB      DB      DB        RATIO     DEG.              VOLTS/M    DEGREES      VOLTS/M    DEGREES
  -90.00     0.00    -999.99 -999.99 -999.99    0.00000     0.00            8.05081E-12     1.75    0.00000E+00     0.00
  -85.00     0.00      -2.99 -999.99   -2.99    0.00000     0.00  LINEAR    9.93974E-02  -172.10    0.00000E+00     0.00
  -80.00     0.00       0.51 -999.99    0.51    0.00000     0.00  LINEAR    1.48751E-01  -167.68    0.00000E+00     0.00
  -75.00     0.00       1.63 -999.99    1.63    0.00000     0.00  LINEAR    1.69302E-01  -163.66    0.00000E+00     0.00
  -70.00     0.00       1.76 -999.99    1.76    0.00000     0.00  LINEAR    1.71760E-01  -159.47    0.00000E+00     0.00
  -65.00     0.00       1.31 -999.99    1.31    0.00000     0.00  LINEAR    1.63045E-01  -154.80    0.00000E+00     0.00
  -60.00     0.00       0.48 -999.99    0.48    0.00000     0.00  LINEAR    1.48219E-01  -149.56    0.00000E+00     0.00
  -55.00     0.00      -0.60 -999.99   -0.60    0.00000     0.00  LINEAR    1.30928E-01  -143.90    0.00000E+00     0.00
  -50.00     0.00      -1.84 -999.99   -1.84    0.00000     0.00  LINEAR    1.13449E-01  -138.20    0.00000E+00     0.00
  -45.00     0.00      -3.22 -999.99   -3.22    0.00000     0.00  LINEAR    9.67880E-02  -133.17    0.00000E+00     0.00
  -40.00     0.00      -4.77 -999.99   -4.77    0.00000     0.00  LINEAR    8.10344E-02  -129.75    0.00000E+00     0.00
  -35.00     0.00      -6.56 -999.99   -6.56    0.00000     0.00  LINEAR    6.59439E-02  -129.20    0.00000E+00     0.00
  -30.00     0.00      -8.68 -999.99   -8.68    0.00000     0.00  LINEAR    5.16108E-02  -133.39    0.00000E+00     0.00
  -25.00     0.00     -11.07 -999.99  -11.07    0.00000     0.00  LINEAR    3.92358E-02  -145.67    0.00000E+00     0.00
  -20.00     0.00     -12.81 -999.99  -12.81    0.00000     0.00  LINEAR    3.20886E-02  -169.85    0.00000E+00     0.00
  -15.00     0.00     -12.33 -999.99  -12.33    0.00000     0.00  LINEAR    3.39276E-02   160.80    0.00000E+00     0.00
  -10.00     0.00     -10.28 -999.99  -10.28    0.00000     0.00  LINEAR    4.29356E-02   140.03    0.00000E+00     0.00
   -5.00     0.00      -8.22 -999.99   -8.22    0.00000     0.00  LINEAR    5.44526E-02   127.97    0.00000E+00     0.00
    0.00     0.00      -6.59 -999.99   -6.59    0.00000     0.00  LINEAR    6.57113E-02   120.50    0.00000E+00     0.00
    5.00     0.00      -5.39 -999.99   -5.39    0.00000     0.00  LINEAR    7.54268E-02   115.25    0.00000E+00     0.00
   10.00     0.00      -4.55 -999.99   -4.55    0.00000     0.00  LINEAR    8.30252E-02   111.05    0.00000E+00     0.00
   15.00     0.00      -4.02 -999.99   -4.02    0.00000     0.00  LINEAR    8.83394E-02   107.26    0.00000E+00     0.00
   20.00     0.00      -3.71 -999.99   -3.71    0.00000     0.00  LINEAR    9.14952E-02   103.45    0.00000E+00     0.00
   25.00     0.00      -3.58 -999.99   -3.58    0.00000     0.00  LINEAR    9.28641E-02    99.24    0.00000E+00     0.00
   30.00     0.00      -3.57 -999.99   -3.57    0.00000     0.00  LINEAR    9.30471E-02    94.29    0.00000E+00     0.00
   35.00     0.00      -3.58 -999.99   -3.58    0.00000     0.00  LINEAR    9.28680E-02    88.28    0.00000E+00     0.00
   40.00     0.00      -3.54 -999.99   -3.54    0.00000     0.00  LINEAR    9.33344E-02    81.08    0.00000E+00     0.00
   45.00     0.00      -3.34 -999.99   -3.34    0.00000     0.00  LINEAR    9.54825E-02    72.85    0.00000E+00     0.00
   50.00     0.00      -2.94 -999.99   -2.94    0.00000     0.00  LINEAR    1.00039E-01    64.19    0.00000E+00     0.00
   55.00     0.00      -2.35 -999.99   -2.35    0.00000     0.00  LINEAR    1.06989E-01    55.87    0.00000E+00     0.00
   60.00     0.00      -1.70 -999.99   -1.70    0.00000     0.00  LINEAR    1.15296E-01    48.49    0.00000E+00     0.00
   65.00     0.00      -1.15 -999.99   -1.15    0.00000     0.00  LINEAR    1.22903E-01    42.30    0.00000E+00     0.00
   70.00     0.00      -0.87 -999.99   -0.87    0.00000     0.00  LINEAR    1.26870E-01    37.19    0.00000E+00     0.00
   75.00     0.00      -1.11 -999.99   -1.11    0.00000     0.00  LINEAR    1.23413E-01    32.85    0.00000E+00     0.00
   80.00     0.00      -2.31 -999.99   -2.31    0.00000     0.00  LINEAR    1.07529E-01    28.82    0.00000E+00     0.00
   85.00     0.00      -5.85 -999.99   -5.85    0.00000     0.00  LINEAR    7.15183E-02    24.43    0.00000E+00     0.00
   90.00     0.00    -999.99 -999.99 -999.99    0.00000     0.00            5.78406E-12  -161.70    0.00000E+00     0.00


                                     - - - - NORMALIZED GAIN - - - -

                                           TOTAL GAIN
                                      NORMALIZATION FACTOR =     1.76 DB

    - - ANGLES - -      GAIN           - - ANGLES - -      GAIN           - - ANGLES - -      GAIN
    THETA     PHI        DB            THETA     PHI        DB            THETA     PHI        DB
   DEGREES  DEGREES                   DEGREES  DEGREES                   DEGREES  DEGREES
    -90.00     0.00  -1001.75          -25.00     0.00    -12.82           35.00     0.00     -5.34
    -85.00     0.00     -4.75          -20.00     0.00    -14.57           40.00     0.00     -5.30
    -80.00     0.00     -1.25          -15.00     0.00    -14.09           45.00     0.00     -5.10
    -75.00     0.00     -0.13          -10.00     0.00    -12.04           50.00     0.00     -4.70
    -70.00     0.00      0.00           -5.00     0.00     -9.98           55.00     0.00     -4.11
    -65.00     0.00     -0.45            0.00     0.00     -8.35           60.00     0.00     -3.46
    -60.00     0.00     -1.28            5.00     0.00     -7.15           65.00     0.00     -2.91
    -55.00     0.00     -2.36           10.00     0.00     -6.31           70.00     0.00     -2.63
    -50.00     0.00     -3.60           15.00     0.00     -5.78           75.00     0.00     -2.87
    -45.00     0.00     -4.98           20.00     0.00     -5.47           80.00     0.00     -4.07
    -40.00     0.00     -6.53           25.00     0.00     -5.34           85.00     0.00     -7.61
    -35.00     0.00     -8.31           30.00     0.00     -5.32           90.00     0.00  -1001.75
    -30.00     0.00    -10.44




                                 - - - - - - FREQUENCY - - - - - -

                                    FREQUENCY= 8.0000E+00 MHZ
                                    WAVELENGTH= 3.7475E+01 METERS




                    APPROXIMATE INTEGRATION EMPLOYED FOR SEGMENTS MORE THAN   1.000 WAVELENGTHS APART



                               - - - STRUCTURE IMPEDANCE LOADING - - -


       LOCATION          RESISTANCE   INDUCTANCE  CAPACITANCE       IMPEDANCE (OHMS)     CONDUCTIVITY    TYPE
    ITAG FROM THRU          OHMS        HENRYS       FARADS        REAL      IMAGINARY    MHOS/METER

       1    1    1                                3.7800E-10                                           SERIES 



                                  - - - ANTENNA ENVIRONMENT - - -

                                          PERFECT GROUND



                                - - - MATRIX TIMING - - -

                        FILL=    0.016 SEC.,  FACTOR=    0.000 SEC.



                                          - - - ANTENNA INPUT PARAMETERS - - -

   TAG   SEG.    VOLTAGE (VOLTS)         CURRENT (AMPS)         IMPEDANCE (OHMS)        ADMITTANCE (MHOS)      POWER
   NO.   NO.    REAL        IMAG.       REAL        IMAG.       REAL        IMAG.       REAL        IMAG.     (WATTS)
     1     1 1.00000E+00 0.00000E+00 6.62952E-04 2.91255E-03 7.43017E+01-3.26430E+02 6.62952E-04 2.91255E-03 3.31476E-04



                             - - - CURRENTS AND LOCATION - - -

                                 DISTANCES IN WAVELENGTHS


  SEG.  TAG    COORD. OF SEG. CENTER     SEG.            - - - CURRENT (AMPS) - - -
  NO.   NO.     X        Y        Z      LENGTH     REAL        IMAG.       MAG.        PHASE
     1    1   0.0000   0.0000   0.0261  0.05226   6.6295E-04  2.9125E-03  2.9870E-03   77.177
     2    1   0.0000   0.0000   0.0784  0.05226   6.7189E-04  1.6834E-03  1.8125E-03   68.242
     3    1   0.0000   0.0000   0.1306  0.05226   6.4661E-04  2.8698E-04  7.0743E-04   23.933
     4    1   0.0000   0.0000   0.1829  0.05226   5.8614E-04 -1.0740E-03  1.2235E-03  -61.376
     5    1   0.0000   0.0000   0.2352  0.05226   4.9899E-04 -2.2988E-03  2.3524E-03  -77.753
     6    1   0.0000   0.0000   0.2874  0.05226   3.9519E-04 -3.2746E-03  3.2984E-03  -83.119
     7    1   0.0000   0.0000   0.3397  0.05226   2.8561E-04 -3.9055E-03  3.9160E-03  -85.817
     8    1   0.0000   0.0000   0.3919  0.05226   1.8096E-04 -4.1264E-03  4.1304E-03  -87.489
     9    1   0.0000   0.0000   0.4442  0.05226   9.0896E-05 -3.9098E-03  3.9108E-03  -88.668
    10    1   0.0000   0.0000   0.4964  0.05226   2.3175E-05 -3.2681E-03  3.2681E-03  -89.594
    11    1   0.0000   0.0000   0.5487  0.05226  -1.6354E-05 -2.2480E-03  2.2480E-03  -90.417
    12    1   0.0000   0.0000   0.6010  0.05226  -1.9590E-05 -8.8162E-04  8.8184E-04  -91.273
    13    2  -0.0698   0.0000   0.5922  0.05419  -6.1535E-05 -7.2473E-05  9.5073E-05 -130.334
    14    2  -0.1026   0.0000   0.5491  0.05419  -1.7699E-04 -1.7946E-04  2.5206E-04 -134.603
    15    2  -0.1355   0.0000   0.5060  0.05419  -2.8161E-04 -2.4225E-04  3.7147E-04 -139.296
    16    2  -0.1683   0.0000   0.4629  0.05419  -3.6743E-04 -2.6402E-04  4.5245E-04 -144.301
    17    2  -0.2012   0.0000   0.4198  0.05419  -4.2587E-04 -2.4880E-04  4.9322E-04 -149.707
    18    2  -0.2340   0.0000   0.3767  0.05419  -4.5039E-04 -2.0291E-04  4.9399E-04 -155.748
    19    2  -0.2668   0.0000   0.3336  0.05419  -4.3746E-04 -1.3471E-04  4.5773E-04 -162.884
    20    2  -0.2997   0.0000   0.2905  0.05419  -3.8715E-04 -5.3824E-05  3.9087E-04 -172.085
    21    2  -0.3325   0.0000   0.2473  0.05419  -3.0324E-04  2.9823E-05  3.0470E-04  174.383
    22    2  -0.3654   0.0000   0.2042  0.05419  -1.9290E-04  1.0697E-04  2.2058E-04  150.990
    23    2  -0.3982   0.0000   0.1611  0.05419  -6.5981E-05  1.6987E-04  1.8223E-04  111.228
    24    2  -0.4311   0.0000   0.1180  0.05419   6.6034E-05  2.1288E-04  2.2288E-04   72.766
    25    2  -0.4639   0.0000   0.0749  0.05419   1.9132E-04  2.3292E-04  3.0142E-04   50.600
    26    3  -0.4545   0.0000   0.0534  0.05170   2.9686E-04  2.3011E-04  3.7560E-04   37.780
    27    3  -0.4028   0.0000   0.0534  0.05170   3.7480E-04  2.0814E-04  4.2872E-04   29.045
    28    3  -0.3511   0.0000   0.0534  0.05170   4.1838E-04  1.7004E-04  4.5161E-04   22.118
    29    3  -0.2994   0.0000   0.0534  0.05170   4.2179E-04  1.2069E-04  4.3872E-04   15.968
    30    3  -0.2477   0.0000   0.0534  0.05170   3.8393E-04  6.6886E-05  3.8971E-04    9.883
    31    3  -0.1960   0.0000   0.0534  0.05170   3.0823E-04  1.7070E-05  3.0870E-04    3.170
    32    3  -0.1443   0.0000   0.0534  0.05170   2.0193E-04 -1.8106E-05  2.0274E-04   -5.124
    33    3  -0.0926   0.0000   0.0534  0.05170   7.2988E-05 -2.1345E-05  7.6045E-05  -16.301
    34    4   0.0693   0.0000   0.5922  0.05358   2.0178E-04 -1.8071E-04  2.7087E-04  -41.848
    35    4   0.1011   0.0000   0.5491  0.05358   5.3421E-04 -4.6706E-04  7.0959E-04  -41.163
    36    4   0.1329   0.0000   0.5060  0.05358   7.7565E-04 -6.6009E-04  1.0185E-03  -40.398
    37    4   0.1647   0.0000   0.4629  0.05358   9.1074E-04 -7.5335E-04  1.1819E-03  -39.597
    38    4   0.1965   0.0000   0.4198  0.05358   9.2810E-04 -7.4372E-04  1.1893E-03  -38.707
    39    4   0.2284   0.0000   0.3767  0.05358   8.2793E-04 -6.3694E-04  1.0446E-03  -37.572
    40    4   0.2602   0.0000   0.3336  0.05358   6.2285E-04 -4.4786E-04  7.6715E-04  -35.718
    41    4   0.2920   0.0000   0.2905  0.05358   3.3669E-04 -1.9915E-04  3.9118E-04  -30.604
    42    4   0.3238   0.0000   0.2473  0.05358   1.9702E-06  8.1011E-05  8.1035E-05   88.607
    43    4   0.3556   0.0000   0.2042  0.05358  -3.4364E-04  3.6189E-04  4.9905E-04  133.518
    44    4   0.3874   0.0000   0.1611  0.05358  -6.6138E-04  6.1332E-04  9.0199E-04  137.159
    45    4   0.4193   0.0000   0.1180  0.05358  -9.1563E-04  8.0875E-04  1.2217E-03  138.547
    46    4   0.4511   0.0000   0.0749  0.05358  -1.0779E-03  9.2809E-04  1.4224E-03  139.272
    47    5   0.2148   0.0000   0.0534  0.05604   2.1134E-04 -1.6808E-04  2.7003E-04  -38.496
    48    5   0.2708   0.0000   0.0534  0.05604   5.7943E-04 -4.7060E-04  7.4646E-04  -39.083
    49    5   0.3269   0.0000   0.0534  0.05604   8.7088E-04 -7.1895E-04  1.1293E-03  -39.541
    50    5   0.3829   0.0000   0.0534  0.05604   1.0609E-03 -8.8811E-04  1.3836E-03  -39.933
    51    5   0.4390   0.0000   0.0534  0.05604   1.1307E-03 -9.5909E-04  1.4827E-03  -40.306



                                        - - - POWER BUDGET - - -

                                           INPUT POWER   = 3.3148E-04 WATTS
                                           RADIATED POWER= 3.3148E-04 WATTS
                                           STRUCTURE LOSS= 0.0000E+00 WATTS
                                           NETWORK LOSS  = 0.0000E+00 WATTS
                                           EFFICIENCY    = 100.00 PERCENT



                               - - - FAR FIELD GROUND PARAMETERS - - -


                                        CIRCLE CLIFF
                                        EDGE DISTANCE=     0.00 METERS
                                        HEIGHT=    0.00 METERS
                                        SECOND MEDIUM -
                                        RELATIVE DIELECTRIC CONST.= 13.000
                                        CONDUCTIVITY= 5.000E-03 MHOS



                                                - - - RADIATION PATTERNS - - -

  - - ANGLES - -           - POWER GAINS -       - - - POLARIZATION - - -    - - - E(THETA) - - -    - - - E(PHI) - - -
  THETA     PHI        VERT.   HOR.    TOTAL      AXIAL     TILT   SENSE     MAGNITUDE    PHASE      MAGNITUDE    PHASE 
 DEGREES  DEGREES       DB      DB      DB        RATIO     DEG.              VOLTS/M    DEGREES      VOLTS/M    DEGREES
  -90.00     0.00    -999.99 -999.99 -999.99    0.00000     0.00            5.14541E-12    29.00    0.00000E+00     0.00
  -85.00     0.00      -6.96 -999.99   -6.96    0.00000     0.00  LINEAR    6.32480E-02  -144.91    0.00000E+00     0.00
  -80.00     0.00      -3.67 -999.99   -3.67    0.00000     0.00  LINEAR    9.23746E-02  -139.01    0.00000E+00     0.00
  -75.00     0.00      -2.91 -999.99   -2.91    0.00000     0.00  LINEAR    1.00846E-01  -131.64    0.00000E+00     0.00
  -70.00     0.00      -3.21 -999.99   -3.21    0.00000     0.00  LINEAR    9.73730E-02  -121.44    0.00000E+00     0.00
  -65.00     0.00      -3.94 -999.99   -3.94    0.00000     0.00  LINEAR    8.96069E-02  -107.21    0.00000E+00     0.00
  -60.00     0.00      -4.45 -999.99   -4.45    0.00000     0.00  LINEAR    8.44589E-02   -89.12    0.00000E+00     0.00
  -55.00     0.00      -4.30 -999.99   -4.30    0.00000     0.00  LINEAR    8.59485E-02   -70.26    0.00000E+00     0.00
  -50.00     0.00      -3.60 -999.99   -3.60    0.00000     0.00  LINEAR    9.31901E-02   -54.58    0.00000E+00     0.00
  -45.00     0.00      -2.77 -999.99   -2.77    0.00000     0.00  LINEAR    1.02524E-01   -43.31    0.00000E+00     0.00
  -40.00     0.00      -2.09 -999.99   -2.09    0.00000     0.00  LINEAR    1.10777E-01   -35.65    0.00000E+00     0.00
  -35.00     0.00      -1.68 -999.99   -1.68    0.00000     0.00  LINEAR    1.16188E-01   -30.48    0.00000E+00     0.00
  -30.00     0.00      -1.54 -999.99   -1.54    0.00000     0.00  LINEAR    1.18042E-01   -26.99    0.00000E+00     0.00
  -25.00     0.00      -1.68 -999.99   -1.68    0.00000     0.00  LINEAR    1.16167E-01   -24.63    0.00000E+00     0.00
  -20.00     0.00      -2.11 -999.99   -2.11    0.00000     0.00  LINEAR    1.10589E-01   -23.04    0.00000E+00     0.00
  -15.00     0.00      -2.87 -999.99   -2.87    0.00000     0.00  LINEAR    1.01355E-01   -21.99    0.00000E+00     0.00
  -10.00     0.00      -4.05 -999.99   -4.05    0.00000     0.00  LINEAR    8.84746E-02   -21.27    0.00000E+00     0.00
   -5.00     0.00      -5.84 -999.99   -5.84    0.00000     0.00  LINEAR    7.19595E-02   -20.65    0.00000E+00     0.00
    0.00     0.00      -8.68 -999.99   -8.68    0.00000     0.00  LINEAR    5.19176E-02   -19.67    0.00000E+00     0.00
    5.00     0.00     -13.82 -999.99  -13.82    0.00000     0.00  LINEAR    2.87127E-02   -16.38    0.00000E+00     0.00
   10.00     0.00     -28.97 -999.99  -28.97    0.00000     0.00  LINEAR    5.02187E-03    35.94    0.00000E+00     0.00
   15.00     0.00     -14.76 -999.99  -14.76    0.00000     0.00  LINEAR    2.57649E-02   142.33    0.00000E+00     0.00
   20.00     0.00      -8.41 -999.99   -8.41    0.00000     0.00  LINEAR    5.35585E-02   145.65    0.00000E+00     0.00
   25.00     0.00      -4.92 -999.99   -4.92    0.00000     0.00  LINEAR    7.99915E-02   144.78    0.00000E+00     0.00
   30.00     0.00      -2.73 -999.99   -2.73    0.00000     0.00  LINEAR    1.02957E-01   142.25    0.00000E+00     0.00
   35.00     0.00      -1.36 -999.99   -1.36    0.00000     0.00  LINEAR    1.20521E-01   138.23    0.00000E+00     0.00
   40.00     0.00      -0.61 -999.99   -0.61    0.00000     0.00  LINEAR    1.31365E-01   132.33    0.00000E+00     0.00
   45.00     0.00      -0.34 -999.99   -0.34    0.00000     0.00  LINEAR    1.35523E-01   123.85    0.00000E+00     0.00
   50.00     0.00      -0.36 -999.99   -0.36    0.00000     0.00  LINEAR    1.35306E-01   111.90    0.00000E+00     0.00
   55.00     0.00      -0.33 -999.99   -0.33    0.00000     0.00  LINEAR    1.35756E-01    96.15    0.00000E+00     0.00
   60.00     0.00       0.11 -999.99    0.11    0.00000     0.00  LINEAR    1.42694E-01    78.25    0.00000E+00     0.00
   65.00     0.00       0.97 -999.99    0.97    0.00000     0.00  LINEAR    1.57546E-01    61.62    0.00000E+00     0.00
   70.00     0.00       1.84 -999.99    1.84    0.00000     0.00  LINEAR    1.74284E-01    48.50    0.00000E+00     0.00
   75.00     0.00       2.21 -999.99    2.21    0.00000     0.00  LINEAR    1.81891E-01    38.91    0.00000E+00     0.00
   80.00     0.00       1.48 -999.99    1.48    0.00000     0.00  LINEAR    1.67244E-01    31.81    0.00000E+00     0.00
   85.00     0.00      -1.79 -999.99   -1.79    0.00000     0.00  LINEAR    1.14735E-01    26.00    0.00000E+00     0.00
   90.00     0.00    -999.99 -999.99 -999.99    0.00000     0.00            9.33988E-12  -160.05    0.00000E+00     0.00


                                     - - - - NORMALIZED GAIN - - - -

                                           TOTAL GAIN
                                      NORMALIZATION FACTOR =     2.21 DB

    - - ANGLES - -      GAIN           - - ANGLES - -      GAIN           - - ANGLES - -      GAIN
    THETA     PHI        DB            THETA     PHI        DB            THETA     PHI        DB
   DEGREES  DEGREES                   DEGREES  DEGREES                   DEGREES  DEGREES
    -90.00     0.00  -1002.20          -25.00     0.00     -3.89           35.00     0.00     -3.57
    -85.00     0.00     -9.18          -20.00     0.00     -4.32           40.00     0.00     -2.83
    -80.00     0.00     -5.89          -15.00     0.00     -5.08           45.00     0.00     -2.56
    -75.00     0.00     -5.12          -10.00     0.00     -6.26           50.00     0.00     -2.57
    -70.00     0.00     -5.43           -5.00     0.00     -8.05           55.00     0.00     -2.54
    -65.00     0.00     -6.15            0.00     0.00    -10.89           60.00     0.00     -2.11
    -60.00     0.00     -6.66            5.00     0.00    -16.03           65.00     0.00     -1.25
    -55.00     0.00     -6.51           10.00     0.00    -31.18           70.00     0.00     -0.37
    -50.00     0.00     -5.81           15.00     0.00    -16.98           75.00     0.00      0.00
    -45.00     0.00     -4.98           20.00     0.00    -10.62           80.00     0.00     -0.73
    -40.00     0.00     -4.31           25.00     0.00     -7.14           85.00     0.00     -4.00
    -35.00     0.00     -3.89           30.00     0.00     -4.94           90.00     0.00  -1002.20
    -30.00     0.00     -3.76




                                 - - - - - - FREQUENCY - - - - - -

                                    FREQUENCY= 9.0000E+00 MHZ
                                    WAVELENGTH= 3.3311E+01 METERS




                    APPROXIMATE INTEGRATION EMPLOYED FOR SEGMENTS MORE THAN   1.000 WAVELENGTHS APART



                               - - - STRUCTURE IMPEDANCE LOADING - - -


       LOCATION          RESISTANCE   INDUCTANCE  CAPACITANCE       IMPEDANCE (OHMS)     CONDUCTIVITY    TYPE
    ITAG FROM THRU          OHMS        HENRYS       FARADS        REAL      IMAGINARY    MHOS/METER

       1    1    1                                3.7800E-10                                           SERIES 



                                  - - - ANTENNA ENVIRONMENT - - -

                                          PERFECT GROUND



                                - - - MATRIX TIMING - - -

                        FILL=    0.000 SEC.,  FACTOR=    0.000 SEC.



                                          - - - ANTENNA INPUT PARAMETERS - - -

   TAG   SEG.    VOLTAGE (VOLTS)         CURRENT (AMPS)         IMPEDANCE (OHMS)        ADMITTANCE (MHOS)      POWER
   NO.   NO.    REAL        IMAG.       REAL        IMAG.       REAL        IMAG.       REAL        IMAG.     (WATTS)
     1     1 1.00000E+00 0.00000E+00 3.86883E-03 8.85298E-03 4.14474E+01-9.48434E+01 3.86883E-03 8.85298E-03 1.93441E-03



                             - - - CURRENTS AND LOCATION - - -

                                 DISTANCES IN WAVELENGTHS


  SEG.  TAG    COORD. OF SEG. CENTER     SEG.            - - - CURRENT (AMPS) - - -
  NO.   NO.     X        Y        Z      LENGTH     REAL        IMAG.       MAG.        PHASE
     1    1   0.0000   0.0000   0.0294  0.05879   3.8688E-03  8.8530E-03  9.6614E-03   66.394
     2    1   0.0000   0.0000   0.0882  0.05879   3.5881E-03  6.9623E-03  7.8325E-03   62.735
     3    1   0.0000   0.0000   0.1470  0.05879   2.8371E-03  4.1640E-03  5.0387E-03   55.732
     4    1   0.0000   0.0000   0.2058  0.05879   1.7049E-03  8.7527E-04  1.9165E-03   27.175
     5    1   0.0000   0.0000   0.2646  0.05879   3.6218E-04 -2.5035E-03  2.5296E-03  -81.768
     6    1   0.0000   0.0000   0.3233  0.05879  -9.9488E-04 -5.5399E-03  5.6285E-03 -100.181
     7    1   0.0000   0.0000   0.3821  0.05879  -2.1670E-03 -7.8383E-03  8.1323E-03 -105.454
     8    1   0.0000   0.0000   0.4409  0.05879  -2.9784E-03 -9.0939E-03  9.5692E-03 -108.135
     9    1   0.0000   0.0000   0.4997  0.05879  -3.2997E-03 -9.1311E-03  9.7090E-03 -109.868
    10    1   0.0000   0.0000   0.5585  0.05879  -3.0637E-03 -7.9224E-03  8.4942E-03 -111.142
    11    1   0.0000   0.0000   0.6173  0.05879  -2.2705E-03 -5.5795E-03  6.0238E-03 -112.143
    12    1   0.0000   0.0000   0.6761  0.05879  -9.3865E-04 -2.2188E-03  2.4092E-03 -112.930
    13    2  -0.0785   0.0000   0.6662  0.06097  -8.3632E-05 -2.3213E-04  2.4674E-04 -109.813
    14    2  -0.1155   0.0000   0.6177  0.06097  -2.5476E-04 -5.6438E-04  6.1921E-04 -114.294
    15    2  -0.1524   0.0000   0.5692  0.06097  -4.2602E-04 -7.3463E-04  8.4923E-04 -120.110
    16    2  -0.1894   0.0000   0.5207  0.06097  -5.8181E-04 -7.5064E-04  9.4972E-04 -127.779
    17    2  -0.2263   0.0000   0.4722  0.06097  -7.0322E-04 -6.3074E-04  9.4464E-04 -138.110
    18    2  -0.2633   0.0000   0.4237  0.06097  -7.7279E-04 -4.0757E-04  8.7368E-04 -152.193
    19    2  -0.3002   0.0000   0.3753  0.06097  -7.7793E-04 -1.2482E-04  7.8788E-04 -170.885
    20    2  -0.3371   0.0000   0.3268  0.06097  -7.1333E-04  1.6840E-04  7.3294E-04  166.717
    21    2  -0.3741   0.0000   0.2783  0.06097  -5.8230E-04  4.2411E-04  7.2038E-04  143.933
    22    2  -0.4110   0.0000   0.2298  0.06097  -3.9671E-04  6.0199E-04  7.2095E-04  123.384
    23    2  -0.4480   0.0000   0.1813  0.06097  -1.7570E-04  6.7467E-04  6.9718E-04  104.597
    24    2  -0.4849   0.0000   0.1328  0.06097   5.6714E-05  6.3108E-04  6.3363E-04   84.865
    25    2  -0.5219   0.0000   0.0843  0.06097   2.7503E-04  4.7739E-04  5.5095E-04   60.053
    26    3  -0.5113   0.0000   0.0600  0.05816   4.5374E-04  2.4468E-04  5.1551E-04   28.335
    27    3  -0.4531   0.0000   0.0600  0.05816   5.8547E-04 -1.2568E-05  5.8561E-04   -1.230
    28    3  -0.3950   0.0000   0.0600  0.05816   6.5764E-04 -2.5708E-04  7.0610E-04  -21.351
    29    3  -0.3368   0.0000   0.0600  0.05816   6.5957E-04 -4.5078E-04  7.9890E-04  -34.350
    30    3  -0.2786   0.0000   0.0600  0.05816   5.9087E-04 -5.6170E-04  8.1525E-04  -43.550
    31    3  -0.2205   0.0000   0.0600  0.05816   4.6121E-04 -5.6679E-04  7.3073E-04  -50.864
    32    3  -0.1623   0.0000   0.0600  0.05816   2.8903E-04 -4.5160E-04  5.3617E-04  -57.381
    33    3  -0.1041   0.0000   0.0600  0.05816   9.7505E-05 -1.9773E-04  2.2046E-04  -63.751
    34    4   0.0779   0.0000   0.6662  0.06027  -2.8227E-04 -5.9242E-05  2.8842E-04 -168.147
    35    4   0.1137   0.0000   0.6177  0.06027  -7.8544E-04 -1.1481E-04  7.9378E-04 -171.684
    36    4   0.1495   0.0000   0.5692  0.06027  -1.1967E-03 -1.0090E-04  1.2009E-03 -175.180
    37    4   0.1853   0.0000   0.5207  0.06027  -1.4783E-03 -3.9899E-05  1.4789E-03 -178.454
    38    4   0.2211   0.0000   0.4722  0.06027  -1.5979E-03  4.3239E-05  1.5984E-03  178.450
    39    4   0.2569   0.0000   0.4237  0.06027  -1.5400E-03  1.2400E-04  1.5450E-03  175.397
    40    4   0.2927   0.0000   0.3753  0.06027  -1.3108E-03  1.8117E-04  1.3233E-03  172.131
    41    4   0.3285   0.0000   0.3268  0.06027  -9.3770E-04  1.9949E-04  9.5868E-04  167.989
    42    4   0.3643   0.0000   0.2783  0.06027  -4.6601E-04  1.7145E-04  4.9655E-04  159.800
    43    4   0.4001   0.0000   0.2298  0.06027   4.6383E-05  9.8086E-05  1.0850E-04   64.691
    44    4   0.4359   0.0000   0.1813  0.06027   5.3675E-04 -1.1503E-05  5.3687E-04   -1.228
    45    4   0.4717   0.0000   0.1328  0.06027   9.4570E-04 -1.4179E-04  9.5627E-04   -8.527
    46    4   0.5075   0.0000   0.0843  0.06027   1.2254E-03 -2.7367E-04  1.2556E-03  -12.589
    47    5   0.2417   0.0000   0.0600  0.06304  -2.5832E-04  1.2968E-04  2.8904E-04  153.343
    48    5   0.3047   0.0000   0.0600  0.06304  -7.1801E-04  3.1870E-04  7.8556E-04  156.065
    49    5   0.3677   0.0000   0.0600  0.06304  -1.0803E-03  4.2381E-04  1.1605E-03  158.580
    50    5   0.4308   0.0000   0.0600  0.06304  -1.3004E-03  4.4469E-04  1.3744E-03  161.122
    51    5   0.4938   0.0000   0.0600  0.06304  -1.3488E-03  3.8727E-04  1.4033E-03  163.980



                                        - - - POWER BUDGET - - -

                                           INPUT POWER   = 1.9344E-03 WATTS
                                           RADIATED POWER= 1.9344E-03 WATTS
                                           STRUCTURE LOSS= 0.0000E+00 WATTS
                                           NETWORK LOSS  = 0.0000E+00 WATTS
                                           EFFICIENCY    = 100.00 PERCENT



                               - - - FAR FIELD GROUND PARAMETERS - - -


                                        CIRCLE CLIFF
                                        EDGE DISTANCE=     0.00 METERS
                                        HEIGHT=    0.00 METERS
                                        SECOND MEDIUM -
                                        RELATIVE DIELECTRIC CONST.= 13.000
                                        CONDUCTIVITY= 5.000E-03 MHOS



                                                - - - RADIATION PATTERNS - - -

  - - ANGLES - -           - POWER GAINS -       - - - POLARIZATION - - -    - - - E(THETA) - - -    - - - E(PHI) - - -
  THETA     PHI        VERT.   HOR.    TOTAL      AXIAL     TILT   SENSE     MAGNITUDE    PHASE      MAGNITUDE    PHASE 
 DEGREES  DEGREES       DB      DB      DB        RATIO     DEG.              VOLTS/M    DEGREES      VOLTS/M    DEGREES
  -90.00     0.00    -999.99 -999.99 -999.99    0.00000     0.00            1.87959E-11    34.77    0.00000E+00     0.00
  -85.00     0.00      -3.37 -999.99   -3.37    0.00000     0.00  LINEAR    2.30918E-01  -138.59    0.00000E+00     0.00
  -80.00     0.00      -0.13 -999.99   -0.13    0.00000     0.00  LINEAR    3.35675E-01  -129.58    0.00000E+00     0.00
  -75.00     0.00       0.74 -999.99    0.74    0.00000     0.00  LINEAR    3.70761E-01  -116.38    0.00000E+00     0.00
  -70.00     0.00       1.03 -999.99    1.03    0.00000     0.00  LINEAR    3.83594E-01   -98.41    0.00000E+00     0.00
  -65.00     0.00       1.65 -999.99    1.65    0.00000     0.00  LINEAR    4.12043E-01   -78.25    0.00000E+00     0.00
  -60.00     0.00       2.73 -999.99    2.73    0.00000     0.00  LINEAR    4.66518E-01   -60.48    0.00000E+00     0.00
  -55.00     0.00       3.86 -999.99    3.86    0.00000     0.00  LINEAR    5.31360E-01   -47.16    0.00000E+00     0.00
  -50.00     0.00       4.72 -999.99    4.72    0.00000     0.00  LINEAR    5.86127E-01   -37.67    0.00000E+00     0.00
  -45.00     0.00       5.17 -999.99    5.17    0.00000     0.00  LINEAR    6.17631E-01   -30.80    0.00000E+00     0.00
  -40.00     0.00       5.22 -999.99    5.22    0.00000     0.00  LINEAR    6.20822E-01   -25.66    0.00000E+00     0.00
  -35.00     0.00       4.87 -999.99    4.87    0.00000     0.00  LINEAR    5.96368E-01   -21.73    0.00000E+00     0.00
  -30.00     0.00       4.13 -999.99    4.13    0.00000     0.00  LINEAR    5.48093E-01   -18.75    0.00000E+00     0.00
  -25.00     0.00       3.00 -999.99    3.00    0.00000     0.00  LINEAR    4.81019E-01   -16.65    0.00000E+00     0.00
  -20.00     0.00       1.40 -999.99    1.40    0.00000     0.00  LINEAR    4.00154E-01   -15.53    0.00000E+00     0.00
  -15.00     0.00      -0.82 -999.99   -0.82    0.00000     0.00  LINEAR    3.09940E-01   -15.75    0.00000E+00     0.00
  -10.00     0.00      -4.02 -999.99   -4.02    0.00000     0.00  LINEAR    2.14321E-01   -18.40    0.00000E+00     0.00
   -5.00     0.00      -9.20 -999.99   -9.20    0.00000     0.00  LINEAR    1.18035E-01   -28.13    0.00000E+00     0.00
    0.00     0.00     -17.45 -999.99  -17.45    0.00000     0.00  LINEAR    4.56538E-02   -85.93    0.00000E+00     0.00
    5.00     0.00     -10.41 -999.99  -10.41    0.00000     0.00  LINEAR    1.02786E-01  -160.34    0.00000E+00     0.00
   10.00     0.00      -4.86 -999.99   -4.86    0.00000     0.00  LINEAR    1.94702E-01  -174.04    0.00000E+00     0.00
   15.00     0.00      -1.55 -999.99   -1.55    0.00000     0.00  LINEAR    2.84767E-01  -179.94    0.00000E+00     0.00
   20.00     0.00       0.68 -999.99    0.68    0.00000     0.00  LINEAR    3.68088E-01   175.86    0.00000E+00     0.00
   25.00     0.00       2.25 -999.99    2.25    0.00000     0.00  LINEAR    4.41323E-01   172.07    0.00000E+00     0.00
   30.00     0.00       3.35 -999.99    3.35    0.00000     0.00  LINEAR    5.00912E-01   168.23    0.00000E+00     0.00
   35.00     0.00       4.05 -999.99    4.05    0.00000     0.00  LINEAR    5.42958E-01   164.06    0.00000E+00     0.00
   40.00     0.00       4.38 -999.99    4.38    0.00000     0.00  LINEAR    5.63662E-01   159.31    0.00000E+00     0.00
   45.00     0.00       4.32 -999.99    4.32    0.00000     0.00  LINEAR    5.60327E-01   153.62    0.00000E+00     0.00
   50.00     0.00       3.89 -999.99    3.89    0.00000     0.00  LINEAR    5.32915E-01   146.44    0.00000E+00     0.00
   55.00     0.00       3.09 -999.99    3.09    0.00000     0.00  LINEAR    4.86009E-01   136.95    0.00000E+00     0.00
   60.00     0.00       2.03 -999.99    2.03    0.00000     0.00  LINEAR    4.30440E-01   124.12    0.00000E+00     0.00
   65.00     0.00       1.00 -999.99    1.00    0.00000     0.00  LINEAR    3.82087E-01   107.50    0.00000E+00     0.00
   70.00     0.00       0.30 -999.99    0.30    0.00000     0.00  LINEAR    3.52647E-01    88.78    0.00000E+00     0.00
   75.00     0.00      -0.16 -999.99   -0.16    0.00000     0.00  LINEAR    3.34265E-01    71.73    0.00000E+00     0.00
   80.00     0.00      -1.18 -999.99   -1.18    0.00000     0.00  LINEAR    2.97327E-01    58.78    0.00000E+00     0.00
   85.00     0.00      -4.52 -999.99   -4.52    0.00000     0.00  LINEAR    2.02426E-01    49.77    0.00000E+00     0.00
   90.00     0.00    -999.99 -999.99 -999.99    0.00000     0.00            1.64228E-11  -136.90    0.00000E+00     0.00


                                     - - - - NORMALIZED GAIN - - - -

                                           TOTAL GAIN
                                      NORMALIZATION FACTOR =     5.22 DB

    - - ANGLES - -      GAIN           - - ANGLES - -      GAIN           - - ANGLES - -      GAIN
    THETA     PHI        DB            THETA     PHI        DB            THETA     PHI        DB
   DEGREES  DEGREES                   DEGREES  DEGREES                   DEGREES  DEGREES
    -90.00     0.00  -1005.21          -25.00     0.00     -2.22           35.00     0.00     -1.16
    -85.00     0.00     -8.59          -20.00     0.00     -3.81           40.00     0.00     -0.84
    -80.00     0.00     -5.34          -15.00     0.00     -6.03           45.00     0.00     -0.89
    -75.00     0.00     -4.48          -10.00     0.00     -9.24           50.00     0.00     -1.33
    -70.00     0.00     -4.18           -5.00     0.00    -14.42           55.00     0.00     -2.13
    -65.00     0.00     -3.56            0.00     0.00    -22.67           60.00     0.00     -3.18
    -60.00     0.00     -2.48            5.00     0.00    -15.62           65.00     0.00     -4.22
    -55.00     0.00     -1.35           10.00     0.00    -10.07           70.00     0.00     -4.91
    -50.00     0.00     -0.50           15.00     0.00     -6.77           75.00     0.00     -5.38
    -45.00     0.00     -0.04           20.00     0.00     -4.54           80.00     0.00     -6.39
    -40.00     0.00      0.00           25.00     0.00     -2.96           85.00     0.00     -9.73
    -35.00     0.00     -0.35           30.00     0.00     -1.86           90.00     0.00  -1005.21
    -30.00     0.00     -1.08




                                 - - - - - - FREQUENCY - - - - - -

                                    FREQUENCY= 1.0000E+01 MHZ
                                    WAVELENGTH= 2.9980E+01 METERS




                    APPROXIMATE INTEGRATION EMPLOYED FOR SEGMENTS MORE THAN   1.000 WAVELENGTHS APART



                               - - - STRUCTURE IMPEDANCE LOADING - - -


       LOCATION          RESISTANCE   INDUCTANCE  CAPACITANCE       IMPEDANCE (OHMS)     CONDUCTIVITY    TYPE
    ITAG FROM THRU          OHMS        HENRYS       FARADS        REAL      IMAGINARY    MHOS/METER

       1    1    1                                3.7800E-10                                           SERIES 



                                  - - - ANTENNA ENVIRONMENT - - -

                                          PERFECT GROUND



                                - - - MATRIX TIMING - - -

                        FILL=    0.016 SEC.,  FACTOR=    0.000 SEC.



                                          - - - ANTENNA INPUT PARAMETERS - - -

   TAG   SEG.    VOLTAGE (VOLTS)         CURRENT (AMPS)         IMPEDANCE (OHMS)        ADMITTANCE (MHOS)      POWER
   NO.   NO.    REAL        IMAG.       REAL        IMAG.       REAL        IMAG.       REAL        IMAG.     (WATTS)
     1     1 1.00000E+00 0.00000E+00 7.20309E-03-7.18227E-03 6.96156E+01 6.94144E+01 7.20309E-03-7.18227E-03 3.60155E-03



                             - - - CURRENTS AND LOCATION - - -

                                 DISTANCES IN WAVELENGTHS


  SEG.  TAG    COORD. OF SEG. CENTER     SEG.            - - - CURRENT (AMPS) - - -
  NO.   NO.     X        Y        Z      LENGTH     REAL        IMAG.       MAG.        PHASE
     1    1   0.0000   0.0000   0.0327  0.06532   7.2031E-03 -7.1823E-03  1.0172E-02  -44.917
     2    1   0.0000   0.0000   0.0980  0.06532   6.5399E-03 -7.6389E-03  1.0056E-02  -49.432
     3    1   0.0000   0.0000   0.1633  0.06532   4.9231E-03 -6.7340E-03  8.3417E-03  -53.830
     4    1   0.0000   0.0000   0.2286  0.06532   2.5881E-03 -4.5374E-03  5.2236E-03  -60.300
     5    1   0.0000   0.0000   0.2939  0.06532  -8.6322E-05 -1.5121E-03  1.5146E-03  -93.267
     6    1   0.0000   0.0000   0.3593  0.06532  -2.6834E-03  1.7906E-03  3.2259E-03  146.286
     7    1   0.0000   0.0000   0.4246  0.06532  -4.8035E-03  4.7855E-03  6.7804E-03  135.108
     8    1   0.0000   0.0000   0.4899  0.06532  -6.1241E-03  6.9416E-03  9.2569E-03  131.420
     9    1   0.0000   0.0000   0.5552  0.06532  -6.4471E-03  7.8651E-03  1.0170E-02  129.342
    10    1   0.0000   0.0000   0.6206  0.06532  -5.7254E-03  7.3580E-03  9.3231E-03  127.887
    11    1   0.0000   0.0000   0.6859  0.06532  -4.0600E-03  5.4385E-03  6.7868E-03  126.743
    12    1   0.0000   0.0000   0.7512  0.06532  -1.6028E-03  2.2235E-03  2.7409E-03  125.785
    13    2  -0.0872   0.0000   0.7402  0.06774  -3.5928E-04  5.4698E-04  6.5442E-04  123.299
    14    2  -0.1283   0.0000   0.6864  0.06774  -8.7905E-04  1.4352E-03  1.6830E-03  121.487
    15    2  -0.1693   0.0000   0.6325  0.06774  -1.1341E-03  2.0270E-03  2.3227E-03  119.227
    16    2  -0.2104   0.0000   0.5786  0.06774  -1.1167E-03  2.2687E-03  2.5286E-03  116.207
    17    2  -0.2514   0.0000   0.5247  0.06774  -8.5126E-04  2.1433E-03  2.3062E-03  111.662
    18    2  -0.2925   0.0000   0.4708  0.06774  -4.0050E-04  1.6894E-03  1.7363E-03  103.337
    19    2  -0.3336   0.0000   0.4169  0.06774   1.4394E-04  9.9805E-04  1.0084E-03   81.794
    20    2  -0.3746   0.0000   0.3631  0.06774   6.7698E-04  1.9819E-04  7.0540E-04   16.318
    21    2  -0.4157   0.0000   0.3092  0.06774   1.0982E-03 -5.6465E-04  1.2349E-03  -27.210
    22    2  -0.4567   0.0000   0.2553  0.06774   1.3293E-03 -1.1535E-03  1.7600E-03  -40.950
    23    2  -0.4978   0.0000   0.2014  0.06774   1.3270E-03 -1.4635E-03  1.9756E-03  -47.801
    24    2  -0.5388   0.0000   0.1475  0.06774   1.0906E-03 -1.4404E-03  1.8067E-03  -52.867
    25    2  -0.5799   0.0000   0.0937  0.06774   6.6129E-04 -1.0889E-03  1.2739E-03  -58.729
    26    3  -0.5681   0.0000   0.0667  0.06463   1.2557E-04 -4.9815E-04  5.1374E-04  -75.853
    27    3  -0.5035   0.0000   0.0667  0.06463  -4.3258E-04  1.5466E-04  4.5939E-04  160.327
    28    3  -0.4388   0.0000   0.0667  0.06463  -9.2858E-04  7.5440E-04  1.1964E-03  140.909
    29    3  -0.3742   0.0000   0.0667  0.06463  -1.2738E-03  1.1941E-03  1.7460E-03  136.849
    30    3  -0.3096   0.0000   0.0667  0.06463  -1.4042E-03  1.3949E-03  1.9793E-03  135.191
    31    3  -0.2450   0.0000   0.0667  0.06463  -1.2897E-03  1.3175E-03  1.8437E-03  134.390
    32    3  -0.1803   0.0000   0.0667  0.06463  -9.3566E-04  9.6642E-04  1.3452E-03  134.073
    33    3  -0.1157   0.0000   0.0667  0.06463  -3.6727E-04  3.7775E-04  5.2686E-04  134.195
    34    4   0.0866   0.0000   0.7402  0.06697  -7.2005E-05  1.9898E-04  2.1161E-04  109.894
    35    4   0.1264   0.0000   0.6864  0.06697  -1.2299E-04  5.4400E-04  5.5773E-04  102.739
    36    4   0.1661   0.0000   0.6325  0.06697  -7.0116E-05  8.1148E-04  8.1451E-04   94.938
    37    4   0.2059   0.0000   0.5786  0.06697   5.4584E-05  9.8215E-04  9.8367E-04   86.819
    38    4   0.2457   0.0000   0.5247  0.06697   2.1044E-04  1.0419E-03  1.0630E-03   78.582
    39    4   0.2854   0.0000   0.4708  0.06697   3.5386E-04  9.8922E-04  1.0506E-03   70.317
    40    4   0.3252   0.0000   0.4169  0.06697   4.4575E-04  8.3699E-04  9.4829E-04   61.962
    41    4   0.3650   0.0000   0.3631  0.06697   4.5834E-04  6.1206E-04  7.6465E-04   53.173
    42    4   0.4048   0.0000   0.3092  0.06697   3.8001E-04  3.5153E-04  5.1766E-04   42.770
    43    4   0.4445   0.0000   0.2553  0.06697   2.1734E-04  9.7207E-05  2.3809E-04   24.097
    44    4   0.4843   0.0000   0.2014  0.06697  -6.0751E-06 -1.1108E-04  1.1124E-04  -93.131
    45    4   0.5241   0.0000   0.1475  0.06697  -2.5392E-04 -2.4209E-04  3.5083E-04 -136.367
    46    4   0.5638   0.0000   0.0937  0.06697  -4.8410E-04 -2.7824E-04  5.5836E-04 -150.111
    47    5   0.2685   0.0000   0.0667  0.07005   1.9219E-04 -1.2329E-05  1.9259E-04   -3.671
    48    5   0.3386   0.0000   0.0667  0.07005   4.9359E-04  3.2457E-06  4.9360E-04    0.377
    49    5   0.4086   0.0000   0.0667  0.07005   6.7964E-04  6.0273E-05  6.8231E-04    5.068
    50    5   0.4787   0.0000   0.0667  0.07005   7.3444E-04  1.4114E-04  7.4788E-04   10.878
    51    5   0.5487   0.0000   0.0667  0.07005   6.5920E-04  2.2429E-04  6.9631E-04   18.790



                                        - - - POWER BUDGET - - -

                                           INPUT POWER   = 3.6015E-03 WATTS
                                           RADIATED POWER= 3.6015E-03 WATTS
                                           STRUCTURE LOSS= 0.0000E+00 WATTS
                                           NETWORK LOSS  = 0.0000E+00 WATTS
                                           EFFICIENCY    = 100.00 PERCENT



                               - - - FAR FIELD GROUND PARAMETERS - - -


                                        CIRCLE CLIFF
                                        EDGE DISTANCE=     0.00 METERS
                                        HEIGHT=    0.00 METERS
                                        SECOND MEDIUM -
                                        RELATIVE DIELECTRIC CONST.= 13.000
                                        CONDUCTIVITY= 5.000E-03 MHOS



                                                - - - RADIATION PATTERNS - - -

  - - ANGLES - -           - POWER GAINS -       - - - POLARIZATION - - -    - - - E(THETA) - - -    - - - E(PHI) - - -
  THETA     PHI        VERT.   HOR.    TOTAL      AXIAL     TILT   SENSE     MAGNITUDE    PHASE      MAGNITUDE    PHASE 
 DEGREES  DEGREES       DB      DB      DB        RATIO     DEG.              VOLTS/M    DEGREES      VOLTS/M    DEGREES
  -90.00     0.00    -999.99 -999.99 -999.99    0.00000     0.00            1.27124E-11   -59.69    0.00000E+00     0.00
  -85.00     0.00      -9.25 -999.99   -9.25    0.00000     0.00  LINEAR    1.60192E-01   128.62    0.00000E+00     0.00
  -80.00     0.00      -5.22 -999.99   -5.22    0.00000     0.00  LINEAR    2.54891E-01   142.66    0.00000E+00     0.00
  -75.00     0.00      -2.76 -999.99   -2.76    0.00000     0.00  LINEAR    3.38276E-01   160.19    0.00000E+00     0.00
  -70.00     0.00      -0.47 -999.99   -0.47    0.00000     0.00  LINEAR    4.40134E-01   176.47    0.00000E+00     0.00
  -65.00     0.00       1.59 -999.99    1.59    0.00000     0.00  LINEAR    5.57975E-01  -171.18    0.00000E+00     0.00
  -60.00     0.00       3.20 -999.99    3.20    0.00000     0.00  LINEAR    6.71652E-01  -162.50    0.00000E+00     0.00
  -55.00     0.00       4.29 -999.99    4.29    0.00000     0.00  LINEAR    7.61304E-01  -156.39    0.00000E+00     0.00
  -50.00     0.00       4.88 -999.99    4.88    0.00000     0.00  LINEAR    8.14721E-01  -152.03    0.00000E+00     0.00
  -45.00     0.00       5.02 -999.99    5.02    0.00000     0.00  LINEAR    8.27954E-01  -148.94    0.00000E+00     0.00
  -40.00     0.00       4.75 -999.99    4.75    0.00000     0.00  LINEAR    8.03280E-01  -146.92    0.00000E+00     0.00
  -35.00     0.00       4.12 -999.99    4.12    0.00000     0.00  LINEAR    7.46541E-01  -145.97    0.00000E+00     0.00
  -30.00     0.00       3.11 -999.99    3.11    0.00000     0.00  LINEAR    6.64936E-01  -146.27    0.00000E+00     0.00
  -25.00     0.00       1.71 -999.99    1.71    0.00000     0.00  LINEAR    5.65769E-01  -148.21    0.00000E+00     0.00
  -20.00     0.00      -0.16 -999.99   -0.16    0.00000     0.00  LINEAR    4.56281E-01  -152.59    0.00000E+00     0.00
  -15.00     0.00      -2.59 -999.99   -2.59    0.00000     0.00  LINEAR    3.44808E-01  -161.19    0.00000E+00     0.00
  -10.00     0.00      -5.56 -999.99   -5.56    0.00000     0.00  LINEAR    2.44935E-01  -178.30    0.00000E+00     0.00
   -5.00     0.00      -7.91 -999.99   -7.91    0.00000     0.00  LINEAR    1.86824E-01   148.96    0.00000E+00     0.00
    0.00     0.00      -6.99 -999.99   -6.99    0.00000     0.00  LINEAR    2.07789E-01   110.33    0.00000E+00     0.00
    5.00     0.00      -4.24 -999.99   -4.24    0.00000     0.00  LINEAR    2.85254E-01    86.36    0.00000E+00     0.00
   10.00     0.00      -1.75 -999.99   -1.75    0.00000     0.00  LINEAR    3.79699E-01    73.21    0.00000E+00     0.00
   15.00     0.00       0.19 -999.99    0.19    0.00000     0.00  LINEAR    4.74869E-01    64.95    0.00000E+00     0.00
   20.00     0.00       1.70 -999.99    1.70    0.00000     0.00  LINEAR    5.64939E-01    59.04    0.00000E+00     0.00
   25.00     0.00       2.88 -999.99    2.88    0.00000     0.00  LINEAR    6.47043E-01    54.39    0.00000E+00     0.00
   30.00     0.00       3.79 -999.99    3.79    0.00000     0.00  LINEAR    7.18557E-01    50.44    0.00000E+00     0.00
   35.00     0.00       4.45 -999.99    4.45    0.00000     0.00  LINEAR    7.75856E-01    46.82    0.00000E+00     0.00
   40.00     0.00       4.87 -999.99    4.87    0.00000     0.00  LINEAR    8.13924E-01    43.23    0.00000E+00     0.00
   45.00     0.00       5.01 -999.99    5.01    0.00000     0.00  LINEAR    8.26893E-01    39.35    0.00000E+00     0.00
   50.00     0.00       4.82 -999.99    4.82    0.00000     0.00  LINEAR    8.09655E-01    34.78    0.00000E+00     0.00
   55.00     0.00       4.28 -999.99    4.28    0.00000     0.00  LINEAR    7.60406E-01    29.00    0.00000E+00     0.00
   60.00     0.00       3.35 -999.99    3.35    0.00000     0.00  LINEAR    6.83468E-01    21.32    0.00000E+00     0.00
   65.00     0.00       2.09 -999.99    2.09    0.00000     0.00  LINEAR    5.90828E-01    10.98    0.00000E+00     0.00
   70.00     0.00       0.62 -999.99    0.62    0.00000     0.00  LINEAR    4.99317E-01    -2.41    0.00000E+00     0.00
   75.00     0.00      -0.89 -999.99   -0.89    0.00000     0.00  LINEAR    4.19385E-01   -17.71    0.00000E+00     0.00
   80.00     0.00      -2.74 -999.99   -2.74    0.00000     0.00  LINEAR    3.38978E-01   -32.03    0.00000E+00     0.00
   85.00     0.00      -6.52 -999.99   -6.52    0.00000     0.00  LINEAR    2.19451E-01   -42.88    0.00000E+00     0.00
   90.00     0.00    -999.99 -999.99 -999.99    0.00000     0.00            1.75156E-11   130.03    0.00000E+00     0.00


                                     - - - - NORMALIZED GAIN - - - -

                                           TOTAL GAIN
                                      NORMALIZATION FACTOR =     5.02 DB

    - - ANGLES - -      GAIN           - - ANGLES - -      GAIN           - - ANGLES - -      GAIN
    THETA     PHI        DB            THETA     PHI        DB            THETA     PHI        DB
   DEGREES  DEGREES                   DEGREES  DEGREES                   DEGREES  DEGREES
    -90.00     0.00  -1005.01          -25.00     0.00     -3.31           35.00     0.00     -0.56
    -85.00     0.00    -14.27          -20.00     0.00     -5.18           40.00     0.00     -0.15
    -80.00     0.00    -10.23          -15.00     0.00     -7.61           45.00     0.00     -0.01
    -75.00     0.00     -7.77          -10.00     0.00    -10.58           50.00     0.00     -0.19
    -70.00     0.00     -5.49           -5.00     0.00    -12.93           55.00     0.00     -0.74
    -65.00     0.00     -3.43            0.00     0.00    -12.01           60.00     0.00     -1.67
    -60.00     0.00     -1.82            5.00     0.00     -9.26           65.00     0.00     -2.93
    -55.00     0.00     -0.73           10.00     0.00     -6.77           70.00     0.00     -4.39
    -50.00     0.00     -0.14           15.00     0.00     -4.83           75.00     0.00     -5.91
    -45.00     0.00      0.00           20.00     0.00     -3.32           80.00     0.00     -7.76
    -40.00     0.00     -0.26           25.00     0.00     -2.14           85.00     0.00    -11.53
    -35.00     0.00     -0.90           30.00     0.00     -1.23           90.00     0.00  -1005.01
    -30.00     0.00     -1.90




                                 - - - - - - FREQUENCY - - - - - -

                                    FREQUENCY= 1.1000E+01 MHZ
                                    WAVELENGTH= 2.7255E+01 METERS




                    APPROXIMATE INTEGRATION EMPLOYED FOR SEGMENTS MORE THAN   1.000 WAVELENGTHS APART



                               - - - STRUCTURE IMPEDANCE LOADING - - -


       LOCATION          RESISTANCE   INDUCTANCE  CAPACITANCE       IMPEDANCE (OHMS)     CONDUCTIVITY    TYPE
    ITAG FROM THRU          OHMS        HENRYS       FARADS        REAL      IMAGINARY    MHOS/METER

       1    1    1                                3.7800E-10                                           SERIES 



                                  - - - ANTENNA ENVIRONMENT - - -

                                          PERFECT GROUND



                                - - - MATRIX TIMING - - -

                        FILL=    0.000 SEC.,  FACTOR=    0.000 SEC.



                                          - - - ANTENNA INPUT PARAMETERS - - -

   TAG   SEG.    VOLTAGE (VOLTS)         CURRENT (AMPS)         IMPEDANCE (OHMS)        ADMITTANCE (MHOS)      POWER
   NO.   NO.    REAL        IMAG.       REAL        IMAG.       REAL        IMAG.       REAL        IMAG.     (WATTS)
     1     1 1.00000E+00 0.00000E+00 2.39627E-03-2.86002E-03 1.72123E+02 2.05435E+02 2.39627E-03-2.86002E-03 1.19813E-03



                             - - - CURRENTS AND LOCATION - - -

                                 DISTANCES IN WAVELENGTHS


  SEG.  TAG    COORD. OF SEG. CENTER     SEG.            - - - CURRENT (AMPS) - - -
  NO.   NO.     X        Y        Z      LENGTH     REAL        IMAG.       MAG.        PHASE
     1    1   0.0000   0.0000   0.0359  0.07185   2.3963E-03 -2.8600E-03  3.7312E-03  -50.042
     2    1   0.0000   0.0000   0.1078  0.07185   2.2065E-03 -3.9068E-03  4.4868E-03  -60.543
     3    1   0.0000   0.0000   0.1796  0.07185   1.7077E-03 -4.1435E-03  4.4816E-03  -67.602
     4    1   0.0000   0.0000   0.2515  0.07185   9.6742E-04 -3.4351E-03  3.5688E-03  -74.271
     5    1   0.0000   0.0000   0.3233  0.07185   1.1375E-04 -2.0102E-03  2.0134E-03  -86.761
     6    1   0.0000   0.0000   0.3952  0.07185  -7.1081E-04 -1.9073E-04  7.3595E-04 -164.980
     7    1   0.0000   0.0000   0.4670  0.07185  -1.3729E-03  1.6386E-03  2.1377E-03  129.958
     8    1   0.0000   0.0000   0.5389  0.07185  -1.7710E-03  3.0987E-03  3.5691E-03  119.749
     9    1   0.0000   0.0000   0.6108  0.07185  -1.8521E-03  3.8866E-03  4.3054E-03  115.480
    10    1   0.0000   0.0000   0.6826  0.07185  -1.6189E-03  3.8300E-03  4.1581E-03  112.913
    11    1   0.0000   0.0000   0.7545  0.07185  -1.1241E-03  2.9126E-03  3.1220E-03  111.104
    12    1   0.0000   0.0000   0.8263  0.07185  -4.3436E-04  1.2087E-03  1.2844E-03  109.767
    13    2  -0.0960   0.0000   0.8143  0.07451   1.6985E-04  4.8294E-06  1.6992E-04    1.629
    14    2  -0.1411   0.0000   0.7550  0.07451   4.8651E-04  1.6565E-05  4.8679E-04    1.950
    15    2  -0.1863   0.0000   0.6957  0.07451   7.3834E-04  3.7295E-05  7.3928E-04    2.892
    16    2  -0.2314   0.0000   0.6364  0.07451   8.7281E-04  7.3542E-05  8.7590E-04    4.816
    17    2  -0.2766   0.0000   0.5772  0.07451   8.5523E-04  1.2517E-04  8.6434E-04    8.326
    18    2  -0.3218   0.0000   0.5179  0.07451   6.8206E-04  1.8497E-04  7.0670E-04   15.173
    19    2  -0.3669   0.0000   0.4586  0.07451   3.8302E-04  2.4104E-04  4.5255E-04   32.183
    20    2  -0.4121   0.0000   0.3994  0.07451   1.5656E-05  2.8017E-04  2.8060E-04   86.802
    21    2  -0.4572   0.0000   0.3401  0.07451  -3.4635E-04  2.9142E-04  4.5264E-04  139.922
    22    2  -0.5024   0.0000   0.2808  0.07451  -6.2855E-04  2.6907E-04  6.8372E-04  156.825
    23    2  -0.5475   0.0000   0.2216  0.07451  -7.7156E-04  2.1415E-04  8.0073E-04  164.488
    24    2  -0.5927   0.0000   0.1623  0.07451  -7.4380E-04  1.3434E-04  7.5584E-04  169.762
    25    2  -0.6379   0.0000   0.1030  0.07451  -5.4864E-04  4.2441E-05  5.5028E-04  175.577
    26    3  -0.6249   0.0000   0.0734  0.07109  -2.3545E-04 -4.5366E-05  2.3978E-04 -169.094
    27    3  -0.5538   0.0000   0.0734  0.07109   1.1168E-04 -1.2251E-04  1.6577E-04  -47.647
    28    3  -0.4827   0.0000   0.0734  0.07109   4.2687E-04 -1.7969E-04  4.6314E-04  -22.829
    29    3  -0.4116   0.0000   0.0734  0.07109   6.4776E-04 -2.0816E-04  6.8039E-04  -17.815
    30    3  -0.3405   0.0000   0.0734  0.07109   7.3236E-04 -2.0493E-04  7.6049E-04  -15.633
    31    3  -0.2695   0.0000   0.0734  0.07109   6.6680E-04 -1.7278E-04  6.8882E-04  -14.527
    32    3  -0.1984   0.0000   0.0734  0.07109   4.6733E-04 -1.1847E-04  4.8211E-04  -14.226
    33    3  -0.1273   0.0000   0.0734  0.07109   1.7238E-04 -4.6377E-05  1.7851E-04  -15.059
    34    4   0.0953   0.0000   0.8143  0.07367  -3.1771E-05  1.4195E-04  1.4546E-04  102.616
    35    4   0.1390   0.0000   0.7550  0.07367  -3.9665E-05  3.5952E-04  3.6170E-04   96.296
    36    4   0.1828   0.0000   0.6957  0.07367   1.7034E-05  4.8399E-04  4.8429E-04   87.984
    37    4   0.2265   0.0000   0.6364  0.07367   1.1874E-04  5.0959E-04  5.2324E-04   76.884
    38    4   0.2702   0.0000   0.5772  0.07367   2.3724E-04  4.4378E-04  5.0321E-04   61.871
    39    4   0.3140   0.0000   0.5179  0.07367   3.4110E-04  3.0925E-04  4.6042E-04   42.196
    40    4   0.3577   0.0000   0.4586  0.07367   4.0243E-04  1.4041E-04  4.2622E-04   19.234
    41    4   0.4015   0.0000   0.3994  0.07367   4.0300E-04 -2.3083E-05  4.0366E-04   -3.278
    42    4   0.4452   0.0000   0.3401  0.07367   3.3819E-04 -1.4395E-04  3.6755E-04  -23.057
    43    4   0.4890   0.0000   0.2808  0.07367   2.1810E-04 -1.9472E-04  2.9237E-04  -41.759
    44    4   0.5327   0.0000   0.2216  0.07367   6.5360E-05 -1.6335E-04  1.7594E-04  -68.192
    45    4   0.5765   0.0000   0.1623  0.07367  -8.9690E-05 -5.5813E-05  1.0564E-04 -148.107
    46    4   0.6202   0.0000   0.1030  0.07367  -2.1563E-04  1.0536E-04  2.3999E-04  153.958
    47    5   0.2954   0.0000   0.0734  0.07705   7.6681E-05 -1.3693E-04  1.5694E-04  -60.751
    48    5   0.3724   0.0000   0.0734  0.07705   2.0333E-04 -3.3813E-04  3.9455E-04  -58.980
    49    5   0.4495   0.0000   0.0734  0.07705   2.8752E-04 -4.3213E-04  5.1904E-04  -56.362
    50    5   0.5265   0.0000   0.0734  0.07705   3.1782E-04 -4.0979E-04  5.1859E-04  -52.204
    51    5   0.6036   0.0000   0.0734  0.07705   2.9135E-04 -2.8517E-04  4.0769E-04  -44.386



                                        - - - POWER BUDGET - - -

                                           INPUT POWER   = 1.1981E-03 WATTS
                                           RADIATED POWER= 1.1981E-03 WATTS
                                           STRUCTURE LOSS= 0.0000E+00 WATTS
                                           NETWORK LOSS  = 0.0000E+00 WATTS
                                           EFFICIENCY    = 100.00 PERCENT



                               - - - FAR FIELD GROUND PARAMETERS - - -


                                        CIRCLE CLIFF
                                        EDGE DISTANCE=     0.00 METERS
                                        HEIGHT=    0.00 METERS
                                        SECOND MEDIUM -
                                        RELATIVE DIELECTRIC CONST.= 13.000
                                        CONDUCTIVITY= 5.000E-03 MHOS



                                                - - - RADIATION PATTERNS - - -

  - - ANGLES - -           - POWER GAINS -       - - - POLARIZATION - - -    - - - E(THETA) - - -    - - - E(PHI) - - -
  THETA     PHI        VERT.   HOR.    TOTAL      AXIAL     TILT   SENSE     MAGNITUDE    PHASE      MAGNITUDE    PHASE 
 DEGREES  DEGREES       DB      DB      DB        RATIO     DEG.              VOLTS/M    DEGREES      VOLTS/M    DEGREES
  -90.00     0.00    -999.99 -999.99 -999.99    0.00000     0.00            9.67549E-12   -57.86    0.00000E+00     0.00
  -85.00     0.00      -6.88 -999.99   -6.88    0.00000     0.00  LINEAR    1.21355E-01   129.02    0.00000E+00     0.00
  -80.00     0.00      -3.11 -999.99   -3.11    0.00000     0.00  LINEAR    1.87309E-01   140.01    0.00000E+00     0.00
  -75.00     0.00      -1.28 -999.99   -1.28    0.00000     0.00  LINEAR    2.31203E-01   154.48    0.00000E+00     0.00
  -70.00     0.00       0.16 -999.99    0.16    0.00000     0.00  LINEAR    2.72990E-01   169.65    0.00000E+00     0.00
  -65.00     0.00       1.44 -999.99    1.44    0.00000     0.00  LINEAR    3.16459E-01  -177.28    0.00000E+00     0.00
  -60.00     0.00       2.40 -999.99    2.40    0.00000     0.00  LINEAR    3.53499E-01  -167.23    0.00000E+00     0.00
  -55.00     0.00       2.90 -999.99    2.90    0.00000     0.00  LINEAR    3.74316E-01  -159.66    0.00000E+00     0.00
  -50.00     0.00       2.89 -999.99    2.89    0.00000     0.00  LINEAR    3.73619E-01  -153.71    0.00000E+00     0.00
  -45.00     0.00       2.36 -999.99    2.36    0.00000     0.00  LINEAR    3.51738E-01  -148.57    0.00000E+00     0.00
  -40.00     0.00       1.36 -999.99    1.36    0.00000     0.00  LINEAR    3.13320E-01  -143.43    0.00000E+00     0.00
  -35.00     0.00      -0.08 -999.99   -0.08    0.00000     0.00  LINEAR    2.65470E-01  -137.33    0.00000E+00     0.00
  -30.00     0.00      -1.86 -999.99   -1.86    0.00000     0.00  LINEAR    2.16271E-01  -129.02    0.00000E+00     0.00
  -25.00     0.00      -3.75 -999.99   -3.75    0.00000     0.00  LINEAR    1.73964E-01  -116.95    0.00000E+00     0.00
  -20.00     0.00      -5.28 -999.99   -5.28    0.00000     0.00  LINEAR    1.45887E-01  -100.49    0.00000E+00     0.00
  -15.00     0.00      -5.96 -999.99   -5.96    0.00000     0.00  LINEAR    1.35015E-01   -82.13    0.00000E+00     0.00
  -10.00     0.00      -5.86 -999.99   -5.86    0.00000     0.00  LINEAR    1.36450E-01   -66.21    0.00000E+00     0.00
   -5.00     0.00      -5.56 -999.99   -5.56    0.00000     0.00  LINEAR    1.41392E-01   -54.13    0.00000E+00     0.00
    0.00     0.00      -5.42 -999.99   -5.42    0.00000     0.00  LINEAR    1.43580E-01   -44.28    0.00000E+00     0.00
    5.00     0.00      -5.56 -999.99   -5.56    0.00000     0.00  LINEAR    1.41383E-01   -34.19    0.00000E+00     0.00
   10.00     0.00      -5.76 -999.99   -5.76    0.00000     0.00  LINEAR    1.38045E-01   -21.60    0.00000E+00     0.00
   15.00     0.00      -5.55 -999.99   -5.55    0.00000     0.00  LINEAR    1.41505E-01    -5.80    0.00000E+00     0.00
   20.00     0.00      -4.45 -999.99   -4.45    0.00000     0.00  LINEAR    1.60545E-01    10.20    0.00000E+00     0.00
   25.00     0.00      -2.66 -999.99   -2.66    0.00000     0.00  LINEAR    1.97427E-01    22.06    0.00000E+00     0.00
   30.00     0.00      -0.71 -999.99   -0.71    0.00000     0.00  LINEAR    2.46971E-01    28.61    0.00000E+00     0.00
   35.00     0.00       1.01 -999.99    1.01    0.00000     0.00  LINEAR    3.01202E-01    31.02    0.00000E+00     0.00
   40.00     0.00       2.36 -999.99    2.36    0.00000     0.00  LINEAR    3.51643E-01    30.69    0.00000E+00     0.00
   45.00     0.00       3.25 -999.99    3.25    0.00000     0.00  LINEAR    3.89726E-01    28.49    0.00000E+00     0.00
   50.00     0.00       3.64 -999.99    3.64    0.00000     0.00  LINEAR    4.07521E-01    24.86    0.00000E+00     0.00
   55.00     0.00       3.47 -999.99    3.47    0.00000     0.00  LINEAR    3.99432E-01    19.78    0.00000E+00     0.00
   60.00     0.00       2.67 -999.99    2.67    0.00000     0.00  LINEAR    3.64574E-01    12.82    0.00000E+00     0.00
   65.00     0.00       1.24 -999.99    1.24    0.00000     0.00  LINEAR    3.09005E-01     2.96    0.00000E+00     0.00
   70.00     0.00      -0.74 -999.99   -0.74    0.00000     0.00  LINEAR    2.46187E-01   -11.27    0.00000E+00     0.00
   75.00     0.00      -2.90 -999.99   -2.90    0.00000     0.00  LINEAR    1.91981E-01   -30.32    0.00000E+00     0.00
   80.00     0.00      -5.07 -999.99   -5.07    0.00000     0.00  LINEAR    1.49527E-01   -50.46    0.00000E+00     0.00
   85.00     0.00      -8.81 -999.99   -8.81    0.00000     0.00  LINEAR    9.72481E-02   -65.64    0.00000E+00     0.00
   90.00     0.00    -999.99 -999.99 -999.99    0.00000     0.00            7.80908E-12   106.10    0.00000E+00     0.00


                                     - - - - NORMALIZED GAIN - - - -

                                           TOTAL GAIN
                                      NORMALIZATION FACTOR =     3.64 DB

    - - ANGLES - -      GAIN           - - ANGLES - -      GAIN           - - ANGLES - -      GAIN
    THETA     PHI        DB            THETA     PHI        DB            THETA     PHI        DB
   DEGREES  DEGREES                   DEGREES  DEGREES                   DEGREES  DEGREES
    -90.00     0.00  -1003.63          -25.00     0.00     -7.39           35.00     0.00     -2.63
    -85.00     0.00    -10.52          -20.00     0.00     -8.92           40.00     0.00     -1.28
    -80.00     0.00     -6.75          -15.00     0.00     -9.60           45.00     0.00     -0.39
    -75.00     0.00     -4.92          -10.00     0.00     -9.50           50.00     0.00      0.00
    -70.00     0.00     -3.48           -5.00     0.00     -9.19           55.00     0.00     -0.17
    -65.00     0.00     -2.20            0.00     0.00     -9.06           60.00     0.00     -0.97
    -60.00     0.00     -1.24            5.00     0.00     -9.20           65.00     0.00     -2.40
    -55.00     0.00     -0.74           10.00     0.00     -9.40           70.00     0.00     -4.38
    -50.00     0.00     -0.75           15.00     0.00     -9.19           75.00     0.00     -6.54
    -45.00     0.00     -1.28           20.00     0.00     -8.09           80.00     0.00     -8.71
    -40.00     0.00     -2.28           25.00     0.00     -6.29           85.00     0.00    -12.45
    -35.00     0.00     -3.72           30.00     0.00     -4.35           90.00     0.00  -1003.63
    -30.00     0.00     -5.50




                                 - - - - - - FREQUENCY - - - - - -

                                    FREQUENCY= 1.2000E+01 MHZ
                                    WAVELENGTH= 2.4983E+01 METERS




                    APPROXIMATE INTEGRATION EMPLOYED FOR SEGMENTS MORE THAN   1.000 WAVELENGTHS APART



                               - - - STRUCTURE IMPEDANCE LOADING - - -


       LOCATION          RESISTANCE   INDUCTANCE  CAPACITANCE       IMPEDANCE (OHMS)     CONDUCTIVITY    TYPE
    ITAG FROM THRU          OHMS        HENRYS       FARADS        REAL      IMAGINARY    MHOS/METER

       1    1    1                                3.7800E-10                                           SERIES 



                                  - - - ANTENNA ENVIRONMENT - - -

                                          PERFECT GROUND



                                - - - MATRIX TIMING - - -

                        FILL=    0.000 SEC.,  FACTOR=    0.000 SEC.



                                          - - - ANTENNA INPUT PARAMETERS - - -

   TAG   SEG.    VOLTAGE (VOLTS)         CURRENT (AMPS)         IMPEDANCE (OHMS)        ADMITTANCE (MHOS)      POWER
   NO.   NO.    REAL        IMAG.       REAL        IMAG.       REAL        IMAG.       REAL        IMAG.     (WATTS)
     1     1 1.00000E+00 0.00000E+00 1.48668E-03-1.06298E-03 4.45093E+02 3.18243E+02 1.48668E-03-1.06298E-03 7.43341E-04



                             - - - CURRENTS AND LOCATION - - -

                                 DISTANCES IN WAVELENGTHS


  SEG.  TAG    COORD. OF SEG. CENTER     SEG.            - - - CURRENT (AMPS) - - -
  NO.   NO.     X        Y        Z      LENGTH     REAL        IMAG.       MAG.        PHASE
     1    1   0.0000   0.0000   0.0392  0.07839   1.4867E-03 -1.0630E-03  1.8276E-03  -35.565
     2    1   0.0000   0.0000   0.1176  0.07839   1.3744E-03 -2.4555E-03  2.8140E-03  -60.764
     3    1   0.0000   0.0000   0.1960  0.07839   1.0784E-03 -3.2424E-03  3.4170E-03  -71.603
     4    1   0.0000   0.0000   0.2743  0.07839   6.4158E-04 -3.1506E-03  3.2152E-03  -78.490
     5    1   0.0000   0.0000   0.3527  0.07839   1.4247E-04 -2.2900E-03  2.2944E-03  -86.440
     6    1   0.0000   0.0000   0.4311  0.07839  -3.3236E-04 -8.9931E-04  9.5876E-04 -110.283
     7    1   0.0000   0.0000   0.5095  0.07839  -7.0418E-04  6.7631E-04  9.7635E-04  136.156
     8    1   0.0000   0.0000   0.5879  0.07839  -9.1713E-04  2.0571E-03  2.2523E-03  114.029
     9    1   0.0000   0.0000   0.6663  0.07839  -9.4830E-04  2.9122E-03  3.0627E-03  108.037
    10    1   0.0000   0.0000   0.7447  0.07839  -8.1031E-04  3.0319E-03  3.1384E-03  104.963
    11    1   0.0000   0.0000   0.8230  0.07839  -5.4546E-04  2.3686E-03  2.4306E-03  102.969
    12    1   0.0000   0.0000   0.9014  0.07839  -2.0312E-04  9.9189E-04  1.0125E-03  101.573
    13    2  -0.1047   0.0000   0.8883  0.08129   5.9039E-07  9.8416E-06  9.8592E-06   86.567
    14    2  -0.1539   0.0000   0.8236  0.08129   4.2386E-05  1.4647E-05  4.4845E-05   19.063
    15    2  -0.2032   0.0000   0.7590  0.08129   1.2472E-04  9.2701E-06  1.2507E-04    4.251
    16    2  -0.2525   0.0000   0.6943  0.08129   2.2202E-04  6.9830E-06  2.2213E-04    1.801
    17    2  -0.3017   0.0000   0.6297  0.08129   3.0391E-04  1.7593E-05  3.0442E-04    3.313
    18    2  -0.3510   0.0000   0.5650  0.08129   3.4346E-04  4.4782E-05  3.4637E-04    7.428
    19    2  -0.4003   0.0000   0.5003  0.08129   3.2471E-04  8.5621E-05  3.3581E-04   14.772
    20    2  -0.4495   0.0000   0.4357  0.08129   2.4731E-04  1.3183E-04  2.8025E-04   28.059
    21    2  -0.4988   0.0000   0.3710  0.08129   1.2714E-04  1.7232E-04  2.1414E-04   53.579
    22    2  -0.5481   0.0000   0.3064  0.08129  -7.6197E-06  1.9627E-04  1.9642E-04   92.223
    23    2  -0.5973   0.0000   0.2417  0.08129  -1.2363E-04  1.9594E-04  2.3168E-04  122.249
    24    2  -0.6466   0.0000   0.1770  0.08129  -1.9119E-04  1.6860E-04  2.5491E-04  138.593
    25    2  -0.6958   0.0000   0.1124  0.08129  -1.9212E-04  1.1729E-04  2.2510E-04  148.595
    26    3  -0.6817   0.0000   0.0801  0.07755  -1.3028E-04  5.1468E-05  1.4007E-04  158.442
    27    3  -0.6042   0.0000   0.0801  0.07755  -4.4103E-05 -2.1044E-05  4.8866E-05 -154.492
    28    3  -0.5266   0.0000   0.0801  0.07755   4.2794E-05 -8.8642E-05  9.8432E-05  -64.230
    29    3  -0.4490   0.0000   0.0801  0.07755   1.1003E-04 -1.3851E-04  1.7690E-04  -51.537
    30    3  -0.3715   0.0000   0.0801  0.07755   1.4306E-04 -1.6189E-04  2.1604E-04  -48.534
    31    3  -0.2939   0.0000   0.0801  0.07755   1.3653E-04 -1.5529E-04  2.0677E-04  -48.677
    32    3  -0.2164   0.0000   0.0801  0.07755   9.5504E-05 -1.1943E-04  1.5292E-04  -51.353
    33    3  -0.1388   0.0000   0.0801  0.07755   3.3648E-05 -5.2174E-05  6.2083E-05  -57.181
    34    4   0.1039   0.0000   0.8883  0.08036   1.2393E-04  1.5914E-04  2.0170E-04   52.091
    35    4   0.1516   0.0000   0.8236  0.08036   3.4653E-04  4.0332E-04  5.3174E-04   49.331
    36    4   0.1994   0.0000   0.7590  0.08036   5.0790E-04  5.3321E-04  7.3639E-04   46.393
    37    4   0.2471   0.0000   0.6943  0.08036   5.7118E-04  5.3456E-04  7.8230E-04   43.103
    38    4   0.2948   0.0000   0.6297  0.08036   5.1875E-04  4.1621E-04  6.6508E-04   38.741
    39    4   0.3425   0.0000   0.5650  0.08036   3.6109E-04  2.1226E-04  4.1886E-04   30.449
    40    4   0.3903   0.0000   0.5003  0.08036   1.3534E-04 -2.4803E-05  1.3760E-04  -10.385
    41    4   0.4380   0.0000   0.4357  0.08036  -1.0315E-04 -2.3595E-04  2.5751E-04 -113.614
    42    4   0.4857   0.0000   0.3710  0.08036  -2.9420E-04 -3.6915E-04  4.7204E-04 -128.554
    43    4   0.5334   0.0000   0.3064  0.08036  -3.8771E-04 -3.9161E-04  5.5107E-04 -134.713
    44    4   0.5812   0.0000   0.2417  0.08036  -3.5640E-04 -2.9763E-04  4.6433E-04 -140.135
    45    4   0.6289   0.0000   0.1770  0.08036  -2.0319E-04 -1.1006E-04  2.3109E-04 -151.558
    46    4   0.6766   0.0000   0.1124  0.08036   3.9246E-05  1.2525E-04  1.3126E-04   72.602
    47    5   0.3222   0.0000   0.0801  0.08406  -1.7589E-04 -1.6105E-04  2.3848E-04 -137.523
    48    5   0.4063   0.0000   0.0801  0.08406  -4.4230E-04 -4.0919E-04  6.0255E-04 -137.226
    49    5   0.4903   0.0000   0.0801  0.08406  -5.6356E-04 -5.3242E-04  7.7529E-04 -136.628
    50    5   0.5744   0.0000   0.0801  0.08406  -5.1518E-04 -5.0937E-04  7.2448E-04 -135.325
    51    5   0.6584   0.0000   0.0801  0.08406  -3.1574E-04 -3.5473E-04  4.7490E-04 -131.672



                                        - - - POWER BUDGET - - -

                                           INPUT POWER   = 7.4334E-04 WATTS
                                           RADIATED POWER= 7.4334E-04 WATTS
                                           STRUCTURE LOSS= 0.0000E+00 WATTS
                                           NETWORK LOSS  = 0.0000E+00 WATTS
                                           EFFICIENCY    = 100.00 PERCENT



                               - - - FAR FIELD GROUND PARAMETERS - - -


                                        CIRCLE CLIFF
                                        EDGE DISTANCE=     0.00 METERS
                                        HEIGHT=    0.00 METERS
                                        SECOND MEDIUM -
                                        RELATIVE DIELECTRIC CONST.= 13.000
                                        CONDUCTIVITY= 5.000E-03 MHOS



                                                - - - RADIATION PATTERNS - - -

  - - ANGLES - -           - POWER GAINS -       - - - POLARIZATION - - -    - - - E(THETA) - - -    - - - E(PHI) - - -
  THETA     PHI        VERT.   HOR.    TOTAL      AXIAL     TILT   SENSE     MAGNITUDE    PHASE      MAGNITUDE    PHASE 
 DEGREES  DEGREES       DB      DB      DB        RATIO     DEG.              VOLTS/M    DEGREES      VOLTS/M    DEGREES
  -90.00     0.00    -999.99 -999.99 -999.99    0.00000     0.00            7.08068E-12   -61.65    0.00000E+00     0.00
  -85.00     0.00      -7.53 -999.99   -7.53    0.00000     0.00  LINEAR    8.87441E-02   126.19    0.00000E+00     0.00
  -80.00     0.00      -3.69 -999.99   -3.69    0.00000     0.00  LINEAR    1.38051E-01   140.46    0.00000E+00     0.00
  -75.00     0.00      -1.52 -999.99   -1.52    0.00000     0.00  LINEAR    1.77141E-01   158.74    0.00000E+00     0.00
  -70.00     0.00       0.39 -999.99    0.39    0.00000     0.00  LINEAR    2.20739E-01   175.82    0.00000E+00     0.00
  -65.00     0.00       1.94 -999.99    1.94    0.00000     0.00  LINEAR    2.64011E-01  -171.15    0.00000E+00     0.00
  -60.00     0.00       2.88 -999.99    2.88    0.00000     0.00  LINEAR    2.94123E-01  -161.78    0.00000E+00     0.00
  -55.00     0.00       3.12 -999.99    3.12    0.00000     0.00  LINEAR    3.02269E-01  -154.86    0.00000E+00     0.00
  -50.00     0.00       2.68 -999.99    2.68    0.00000     0.00  LINEAR    2.87300E-01  -149.44    0.00000E+00     0.00
  -45.00     0.00       1.62 -999.99    1.62    0.00000     0.00  LINEAR    2.54417E-01  -145.00    0.00000E+00     0.00
  -40.00     0.00       0.04 -999.99    0.04    0.00000     0.00  LINEAR    2.12185E-01  -141.32    0.00000E+00     0.00
  -35.00     0.00      -1.91 -999.99   -1.91    0.00000     0.00  LINEAR    1.69535E-01  -138.45    0.00000E+00     0.00
  -30.00     0.00      -3.97 -999.99   -3.97    0.00000     0.00  LINEAR    1.33621E-01  -136.64    0.00000E+00     0.00
  -25.00     0.00      -5.76 -999.99   -5.76    0.00000     0.00  LINEAR    1.08713E-01  -136.08    0.00000E+00     0.00
  -20.00     0.00      -6.85 -999.99   -6.85    0.00000     0.00  LINEAR    9.59076E-02  -136.38    0.00000E+00     0.00
  -15.00     0.00      -7.09 -999.99   -7.09    0.00000     0.00  LINEAR    9.33622E-02  -136.41    0.00000E+00     0.00
  -10.00     0.00      -6.75 -999.99   -6.75    0.00000     0.00  LINEAR    9.71004E-02  -135.39    0.00000E+00     0.00
   -5.00     0.00      -6.30 -999.99   -6.30    0.00000     0.00  LINEAR    1.02164E-01  -133.36    0.00000E+00     0.00
    0.00     0.00      -6.18 -999.99   -6.18    0.00000     0.00  LINEAR    1.03607E-01  -130.68    0.00000E+00     0.00
    5.00     0.00      -6.73 -999.99   -6.73    0.00000     0.00  LINEAR    9.72634E-02  -127.37    0.00000E+00     0.00
   10.00     0.00      -8.38 -999.99   -8.38    0.00000     0.00  LINEAR    8.04100E-02  -122.64    0.00000E+00     0.00
   15.00     0.00     -12.06 -999.99  -12.06    0.00000     0.00  LINEAR    5.26728E-02  -112.31    0.00000E+00     0.00
   20.00     0.00     -18.94 -999.99  -18.94    0.00000     0.00  LINEAR    2.38474E-02   -62.36    0.00000E+00     0.00
   25.00     0.00     -12.36 -999.99  -12.36    0.00000     0.00  LINEAR    5.08813E-02    14.32    0.00000E+00     0.00
   30.00     0.00      -6.03 -999.99   -6.03    0.00000     0.00  LINEAR    1.05456E-01    27.40    0.00000E+00     0.00
   35.00     0.00      -2.19 -999.99   -2.19    0.00000     0.00  LINEAR    1.64010E-01    30.02    0.00000E+00     0.00
   40.00     0.00       0.35 -999.99    0.35    0.00000     0.00  LINEAR    2.19675E-01    29.54    0.00000E+00     0.00
   45.00     0.00       2.01 -999.99    2.01    0.00000     0.00  LINEAR    2.66217E-01    27.54    0.00000E+00     0.00
   50.00     0.00       2.98 -999.99    2.98    0.00000     0.00  LINEAR    2.97536E-01    24.50    0.00000E+00     0.00
   55.00     0.00       3.30 -999.99    3.30    0.00000     0.00  LINEAR    3.08566E-01    20.54    0.00000E+00     0.00
   60.00     0.00       2.96 -999.99    2.96    0.00000     0.00  LINEAR    2.96817E-01    15.51    0.00000E+00     0.00
   65.00     0.00       1.94 -999.99    1.94    0.00000     0.00  LINEAR    2.63992E-01     8.98    0.00000E+00     0.00
   70.00     0.00       0.23 -999.99    0.23    0.00000     0.00  LINEAR    2.16740E-01     0.27    0.00000E+00     0.00
   75.00     0.00      -2.14 -999.99   -2.14    0.00000     0.00  LINEAR    1.65022E-01   -11.28    0.00000E+00     0.00
   80.00     0.00      -5.16 -999.99   -5.16    0.00000     0.00  LINEAR    1.16509E-01   -25.06    0.00000E+00     0.00
   85.00     0.00      -9.84 -999.99   -9.84    0.00000     0.00  LINEAR    6.79678E-02   -37.81    0.00000E+00     0.00
   90.00     0.00    -999.99 -999.99 -999.99    0.00000     0.00            5.22262E-12   134.40    0.00000E+00     0.00


                                     - - - - NORMALIZED GAIN - - - -

                                           TOTAL GAIN
                                      NORMALIZATION FACTOR =     3.30 DB

    - - ANGLES - -      GAIN           - - ANGLES - -      GAIN           - - ANGLES - -      GAIN
    THETA     PHI        DB            THETA     PHI        DB            THETA     PHI        DB
   DEGREES  DEGREES                   DEGREES  DEGREES                   DEGREES  DEGREES
    -90.00     0.00  -1003.29          -25.00     0.00     -9.06           35.00     0.00     -5.49
    -85.00     0.00    -10.82          -20.00     0.00    -10.15           40.00     0.00     -2.95
    -80.00     0.00     -6.99          -15.00     0.00    -10.38           45.00     0.00     -1.28
    -75.00     0.00     -4.82          -10.00     0.00    -10.04           50.00     0.00     -0.32
    -70.00     0.00     -2.91           -5.00     0.00     -9.60           55.00     0.00      0.00
    -65.00     0.00     -1.35            0.00     0.00     -9.48           60.00     0.00     -0.34
    -60.00     0.00     -0.42            5.00     0.00    -10.03           65.00     0.00     -1.36
    -55.00     0.00     -0.18           10.00     0.00    -11.68           70.00     0.00     -3.07
    -50.00     0.00     -0.62           15.00     0.00    -15.36           75.00     0.00     -5.44
    -45.00     0.00     -1.68           20.00     0.00    -22.24           80.00     0.00     -8.46
    -40.00     0.00     -3.25           25.00     0.00    -15.66           85.00     0.00    -13.14
    -35.00     0.00     -5.20           30.00     0.00     -9.33           90.00     0.00  -1003.29
    -30.00     0.00     -7.27




                                 - - - - - - FREQUENCY - - - - - -

                                    FREQUENCY= 1.3000E+01 MHZ
                                    WAVELENGTH= 2.3062E+01 METERS




                    APPROXIMATE INTEGRATION EMPLOYED FOR SEGMENTS MORE THAN   1.000 WAVELENGTHS APART



                               - - - STRUCTURE IMPEDANCE LOADING - - -


       LOCATION          RESISTANCE   INDUCTANCE  CAPACITANCE       IMPEDANCE (OHMS)     CONDUCTIVITY    TYPE
    ITAG FROM THRU          OHMS        HENRYS       FARADS        REAL      IMAGINARY    MHOS/METER

       1    1    1                                3.7800E-10                                           SERIES 



                                  - - - ANTENNA ENVIRONMENT - - -

                                          PERFECT GROUND



                                - - - MATRIX TIMING - - -

                        FILL=    0.000 SEC.,  FACTOR=    0.000 SEC.



                                          - - - ANTENNA INPUT PARAMETERS - - -

   TAG   SEG.    VOLTAGE (VOLTS)         CURRENT (AMPS)         IMPEDANCE (OHMS)        ADMITTANCE (MHOS)      POWER
   NO.   NO.    REAL        IMAG.       REAL        IMAG.       REAL        IMAG.       REAL        IMAG.     (WATTS)
     1     1 1.00000E+00 0.00000E+00 1.17492E-03 2.11616E-04 8.24381E+02-1.48481E+02 1.17492E-03 2.11616E-04 5.87459E-04



                             - - - CURRENTS AND LOCATION - - -

                                 DISTANCES IN WAVELENGTHS


  SEG.  TAG    COORD. OF SEG. CENTER     SEG.            - - - CURRENT (AMPS) - - -
  NO.   NO.     X        Y        Z      LENGTH     REAL        IMAG.       MAG.        PHASE
     1    1   0.0000   0.0000   0.0425  0.08492   1.1749E-03  2.1162E-04  1.1938E-03   10.210
     2    1   0.0000   0.0000   0.1274  0.08492   1.0743E-03 -1.5479E-03  1.8842E-03  -55.238
     3    1   0.0000   0.0000   0.2123  0.08492   8.2067E-04 -2.8607E-03  2.9761E-03  -73.993
     4    1   0.0000   0.0000   0.2972  0.08492   4.5699E-04 -3.2743E-03  3.3060E-03  -82.054
     5    1   0.0000   0.0000   0.3821  0.08492   5.6700E-05 -2.7633E-03  2.7639E-03  -88.825
     6    1   0.0000   0.0000   0.4670  0.08492  -3.0344E-04 -1.5002E-03  1.5306E-03 -101.435
     7    1   0.0000   0.0000   0.5520  0.08492  -5.5990E-04  1.5624E-04  5.8129E-04  164.409
     8    1   0.0000   0.0000   0.6369  0.08492  -6.7610E-04  1.7487E-03  1.8748E-03  111.138
     9    1   0.0000   0.0000   0.7218  0.08492  -6.4918E-04  2.8398E-03  2.9131E-03  102.876
    10    1   0.0000   0.0000   0.8067  0.08492  -5.0821E-04  3.1254E-03  3.1665E-03   99.236
    11    1   0.0000   0.0000   0.8916  0.08492  -3.0462E-04  2.5079E-03  2.5263E-03   96.926
    12    1   0.0000   0.0000   0.9766  0.08492  -9.5688E-05  1.0616E-03  1.0659E-03   95.151
    13    2  -0.1134   0.0000   0.9623  0.08806  -6.7071E-05  6.5200E-05  9.3539E-05  135.810
    14    2  -0.1668   0.0000   0.8923  0.08806  -1.3270E-04  1.4303E-04  1.9511E-04  132.853
    15    2  -0.2201   0.0000   0.8222  0.08806  -1.0857E-04  1.5403E-04  1.8845E-04  125.177
    16    2  -0.2735   0.0000   0.7522  0.08806  -1.0300E-05  1.1137E-04  1.1184E-04   95.284
    17    2  -0.3269   0.0000   0.6821  0.08806   1.2667E-04  3.9151E-05  1.3258E-04   17.175
    18    2  -0.3803   0.0000   0.6121  0.08806   2.5602E-04 -3.3296E-05  2.5817E-04   -7.410
    19    2  -0.4336   0.0000   0.5420  0.08806   3.3469E-04 -7.9404E-05  3.4398E-04  -13.346
    20    2  -0.4870   0.0000   0.4720  0.08806   3.3616E-04 -8.2598E-05  3.4615E-04  -13.805
    21    2  -0.5404   0.0000   0.4019  0.08806   2.5840E-04 -4.0647E-05  2.6158E-04   -8.940
    22    2  -0.5937   0.0000   0.3319  0.08806   1.2438E-04  3.3962E-05  1.2893E-04   15.273
    23    2  -0.6471   0.0000   0.2618  0.08806  -2.5199E-05  1.1778E-04  1.2045E-04  102.076
    24    2  -0.7005   0.0000   0.1918  0.08806  -1.4459E-04  1.8329E-04  2.3345E-04  128.268
    25    2  -0.7538   0.0000   0.1217  0.08806  -1.9706E-04  2.0708E-04  2.8586E-04  133.580
    26    3  -0.7385   0.0000   0.0867  0.08401  -1.7150E-04  1.7956E-04  2.4830E-04  133.684
    27    3  -0.6545   0.0000   0.0867  0.08401  -1.0324E-04  1.1295E-04  1.5303E-04  132.430
    28    3  -0.5705   0.0000   0.0867  0.08401  -1.6697E-05  2.3212E-05  2.8593E-05  125.728
    29    3  -0.4865   0.0000   0.0867  0.08401   6.3610E-05 -6.8004E-05  9.3117E-05  -46.912
    30    3  -0.4025   0.0000   0.0867  0.08401   1.1595E-04 -1.3841E-04  1.8056E-04  -50.047
    31    3  -0.3184   0.0000   0.0867  0.08401   1.2736E-04 -1.7004E-04  2.1245E-04  -53.168
    32    3  -0.2344   0.0000   0.0867  0.08401   9.7241E-05 -1.5166E-04  1.8016E-04  -57.333
    33    3  -0.1504   0.0000   0.0867  0.08401   3.6704E-05 -7.2373E-05  8.1148E-05  -63.108
    34    4   0.1126   0.0000   0.9623  0.08706   1.4452E-05  7.9336E-06  1.6486E-05   28.765
    35    4   0.1643   0.0000   0.8923  0.08706   7.3637E-05  4.9758E-06  7.3805E-05    3.866
    36    4   0.2160   0.0000   0.8222  0.08706   1.5637E-04 -1.2044E-05  1.5684E-04   -4.404
    37    4   0.2677   0.0000   0.7522  0.08706   2.3467E-04 -2.5890E-05  2.3610E-04   -6.296
    38    4   0.3194   0.0000   0.6821  0.08706   2.8016E-04 -2.2861E-05  2.8109E-04   -4.665
    39    4   0.3711   0.0000   0.6121  0.08706   2.7336E-04  2.5596E-06  2.7337E-04    0.536
    40    4   0.4228   0.0000   0.5420  0.08706   2.1049E-04  4.6484E-05  2.1557E-04   12.453
    41    4   0.4745   0.0000   0.4720  0.08706   1.0545E-04  9.7312E-05  1.4349E-04   42.702
    42    4   0.5262   0.0000   0.4019  0.08706  -1.3545E-05  1.3972E-04  1.4037E-04   95.537
    43    4   0.5779   0.0000   0.3319  0.08706  -1.1197E-04  1.5952E-04  1.9490E-04  125.066
    44    4   0.6296   0.0000   0.2618  0.08706  -1.5924E-04  1.4805E-04  2.1743E-04  137.086
    45    4   0.6813   0.0000   0.1918  0.08706  -1.3820E-04  1.0469E-04  1.7337E-04  142.855
    46    4   0.7330   0.0000   0.1217  0.08706  -5.0659E-05  3.7124E-05  6.2805E-05  143.765
    47    5   0.3491   0.0000   0.0867  0.09106  -8.0175E-05  4.0969E-05  9.0036E-05  152.933
    48    5   0.4401   0.0000   0.0867  0.09106  -1.9686E-04  1.0059E-04  2.2107E-04  152.933
    49    5   0.5312   0.0000   0.0867  0.09106  -2.3749E-04  1.2277E-04  2.6735E-04  152.664
    50    5   0.6222   0.0000   0.0867  0.09106  -1.9312E-04  1.0101E-04  2.1794E-04  152.389
    51    5   0.7133   0.0000   0.0867  0.09106  -8.1300E-05  4.0805E-05  9.0966E-05  153.348



                                        - - - POWER BUDGET - - -

                                           INPUT POWER   = 5.8746E-04 WATTS
                                           RADIATED POWER= 5.8746E-04 WATTS
                                           STRUCTURE LOSS= 0.0000E+00 WATTS
                                           NETWORK LOSS  = 0.0000E+00 WATTS
                                           EFFICIENCY    = 100.00 PERCENT



                               - - - FAR FIELD GROUND PARAMETERS - - -


                                        CIRCLE CLIFF
                                        EDGE DISTANCE=     0.00 METERS
                                        HEIGHT=    0.00 METERS
                                        SECOND MEDIUM -
                                        RELATIVE DIELECTRIC CONST.= 13.000
                                        CONDUCTIVITY= 5.000E-03 MHOS



                                                - - - RADIATION PATTERNS - - -

  - - ANGLES - -           - POWER GAINS -       - - - POLARIZATION - - -    - - - E(THETA) - - -    - - - E(PHI) - - -
  THETA     PHI        VERT.   HOR.    TOTAL      AXIAL     TILT   SENSE     MAGNITUDE    PHASE      MAGNITUDE    PHASE 
 DEGREES  DEGREES       DB      DB      DB        RATIO     DEG.              VOLTS/M    DEGREES      VOLTS/M    DEGREES
  -90.00     0.00    -999.99 -999.99 -999.99    0.00000     0.00            4.62681E-12   -82.45    0.00000E+00     0.00
  -85.00     0.00     -10.29 -999.99  -10.29    0.00000     0.00  LINEAR    5.74104E-02   108.43    0.00000E+00     0.00
  -80.00     0.00      -6.20 -999.99   -6.20    0.00000     0.00  LINEAR    9.19615E-02   131.70    0.00000E+00     0.00
  -75.00     0.00      -2.84 -999.99   -2.84    0.00000     0.00  LINEAR    1.35374E-01   157.73    0.00000E+00     0.00
  -70.00     0.00       0.27 -999.99    0.27    0.00000     0.00  LINEAR    1.93675E-01   176.32    0.00000E+00     0.00
  -65.00     0.00       2.43 -999.99    2.43    0.00000     0.00  LINEAR    2.48254E-01  -171.56    0.00000E+00     0.00
  -60.00     0.00       3.51 -999.99    3.51    0.00000     0.00  LINEAR    2.81213E-01  -162.51    0.00000E+00     0.00
  -55.00     0.00       3.63 -999.99    3.63    0.00000     0.00  LINEAR    2.85003E-01  -154.32    0.00000E+00     0.00
  -50.00     0.00       2.91 -999.99    2.91    0.00000     0.00  LINEAR    2.62497E-01  -145.51    0.00000E+00     0.00
  -45.00     0.00       1.52 -999.99    1.52    0.00000     0.00  LINEAR    2.23570E-01  -134.86    0.00000E+00     0.00
  -40.00     0.00      -0.34 -999.99   -0.34    0.00000     0.00  LINEAR    1.80571E-01  -121.25    0.00000E+00     0.00
  -35.00     0.00      -2.31 -999.99   -2.31    0.00000     0.00  LINEAR    1.43782E-01  -104.34    0.00000E+00     0.00
  -30.00     0.00      -4.08 -999.99   -4.08    0.00000     0.00  LINEAR    1.17347E-01   -85.74    0.00000E+00     0.00
  -25.00     0.00      -5.65 -999.99   -5.65    0.00000     0.00  LINEAR    9.79585E-02   -68.71    0.00000E+00     0.00
  -20.00     0.00      -7.50 -999.99   -7.50    0.00000     0.00  LINEAR    7.91071E-02   -55.60    0.00000E+00     0.00
  -15.00     0.00     -10.43 -999.99  -10.43    0.00000     0.00  LINEAR    5.64934E-02   -47.07    0.00000E+00     0.00
  -10.00     0.00     -16.06 -999.99  -16.06    0.00000     0.00  LINEAR    2.95287E-02   -45.05    0.00000E+00     0.00
   -5.00     0.00     -30.84 -999.99  -30.84    0.00000     0.00  LINEAR    5.38873E-03  -129.46    0.00000E+00     0.00
    0.00     0.00     -15.64 -999.99  -15.64    0.00000     0.00  LINEAR    3.10048E-02   162.17    0.00000E+00     0.00
    5.00     0.00     -10.35 -999.99  -10.35    0.00000     0.00  LINEAR    5.70010E-02   157.98    0.00000E+00     0.00
   10.00     0.00      -7.75 -999.99   -7.75    0.00000     0.00  LINEAR    7.68797E-02   154.50    0.00000E+00     0.00
   15.00     0.00      -6.50 -999.99   -6.50    0.00000     0.00  LINEAR    8.87868E-02   148.68    0.00000E+00     0.00
   20.00     0.00      -6.10 -999.99   -6.10    0.00000     0.00  LINEAR    9.29493E-02   138.57    0.00000E+00     0.00
   25.00     0.00      -6.06 -999.99   -6.06    0.00000     0.00  LINEAR    9.33672E-02   121.87    0.00000E+00     0.00
   30.00     0.00      -5.50 -999.99   -5.50    0.00000     0.00  LINEAR    9.96106E-02    98.23    0.00000E+00     0.00
   35.00     0.00      -3.73 -999.99   -3.73    0.00000     0.00  LINEAR    1.22133E-01    73.82    0.00000E+00     0.00
   40.00     0.00      -1.33 -999.99   -1.33    0.00000     0.00  LINEAR    1.61078E-01    55.24    0.00000E+00     0.00
   45.00     0.00       0.85 -999.99    0.85    0.00000     0.00  LINEAR    2.07026E-01    42.52    0.00000E+00     0.00
   50.00     0.00       2.42 -999.99    2.42    0.00000     0.00  LINEAR    2.47952E-01    33.36    0.00000E+00     0.00
   55.00     0.00       3.24 -999.99    3.24    0.00000     0.00  LINEAR    2.72407E-01    25.90    0.00000E+00     0.00
   60.00     0.00       3.22 -999.99    3.22    0.00000     0.00  LINEAR    2.72046E-01    18.79    0.00000E+00     0.00
   65.00     0.00       2.31 -999.99    2.31    0.00000     0.00  LINEAR    2.44759E-01    10.73    0.00000E+00     0.00
   70.00     0.00       0.43 -999.99    0.43    0.00000     0.00  LINEAR    1.97116E-01     0.01    0.00000E+00     0.00
   75.00     0.00      -2.32 -999.99   -2.32    0.00000     0.00  LINEAR    1.43640E-01   -15.54    0.00000E+00     0.00
   80.00     0.00      -5.59 -999.99   -5.59    0.00000     0.00  LINEAR    9.86372E-02   -36.19    0.00000E+00     0.00
   85.00     0.00     -10.06 -999.99  -10.06    0.00000     0.00  LINEAR    5.89475E-02   -55.37    0.00000E+00     0.00
   90.00     0.00    -999.99 -999.99 -999.99    0.00000     0.00            4.62939E-12   114.73    0.00000E+00     0.00


                                     - - - - NORMALIZED GAIN - - - -

                                           TOTAL GAIN
                                      NORMALIZATION FACTOR =     3.63 DB

    - - ANGLES - -      GAIN           - - ANGLES - -      GAIN           - - ANGLES - -      GAIN
    THETA     PHI        DB            THETA     PHI        DB            THETA     PHI        DB
   DEGREES  DEGREES                   DEGREES  DEGREES                   DEGREES  DEGREES
    -90.00     0.00  -1003.62          -25.00     0.00     -9.28           35.00     0.00     -7.36
    -85.00     0.00    -13.92          -20.00     0.00    -11.13           40.00     0.00     -4.96
    -80.00     0.00     -9.82          -15.00     0.00    -14.06           45.00     0.00     -2.78
    -75.00     0.00     -6.47          -10.00     0.00    -19.69           50.00     0.00     -1.21
    -70.00     0.00     -3.36           -5.00     0.00    -34.47           55.00     0.00     -0.39
    -65.00     0.00     -1.20            0.00     0.00    -19.27           60.00     0.00     -0.40
    -60.00     0.00     -0.12            5.00     0.00    -13.98           65.00     0.00     -1.32
    -55.00     0.00      0.00           10.00     0.00    -11.38           70.00     0.00     -3.20
    -50.00     0.00     -0.71           15.00     0.00    -10.13           75.00     0.00     -5.95
    -45.00     0.00     -2.11           20.00     0.00     -9.73           80.00     0.00     -9.22
    -40.00     0.00     -3.96           25.00     0.00     -9.69           85.00     0.00    -13.69
    -35.00     0.00     -5.94           30.00     0.00     -9.13           90.00     0.00  -1003.62
    -30.00     0.00     -7.71




                                 - - - - - - FREQUENCY - - - - - -

                                    FREQUENCY= 1.4000E+01 MHZ
                                    WAVELENGTH= 2.1414E+01 METERS




                    APPROXIMATE INTEGRATION EMPLOYED FOR SEGMENTS MORE THAN   1.000 WAVELENGTHS APART



                               - - - STRUCTURE IMPEDANCE LOADING - - -


       LOCATION          RESISTANCE   INDUCTANCE  CAPACITANCE       IMPEDANCE (OHMS)     CONDUCTIVITY    TYPE
    ITAG FROM THRU          OHMS        HENRYS       FARADS        REAL      IMAGINARY    MHOS/METER

       1    1    1                                3.7800E-10                                           SERIES 



                                  - - - ANTENNA ENVIRONMENT - - -

                                          PERFECT GROUND



                                - - - MATRIX TIMING - - -

                        FILL=    0.000 SEC.,  FACTOR=    0.000 SEC.



                                          - - - ANTENNA INPUT PARAMETERS - - -

   TAG   SEG.    VOLTAGE (VOLTS)         CURRENT (AMPS)         IMPEDANCE (OHMS)        ADMITTANCE (MHOS)      POWER
   NO.   NO.    REAL        IMAG.       REAL        IMAG.       REAL        IMAG.       REAL        IMAG.     (WATTS)
     1     1 1.00000E+00 0.00000E+00 9.83694E-04 2.00234E-03 1.97647E+02-4.02317E+02 9.83694E-04 2.00234E-03 4.91847E-04



                             - - - CURRENTS AND LOCATION - - -

                                 DISTANCES IN WAVELENGTHS


  SEG.  TAG    COORD. OF SEG. CENTER     SEG.            - - - CURRENT (AMPS) - - -
  NO.   NO.     X        Y        Z      LENGTH     REAL        IMAG.       MAG.        PHASE
     1    1   0.0000   0.0000   0.0457  0.09145   9.8369E-04  2.0023E-03  2.2309E-03   63.836
     2    1   0.0000   0.0000   0.1372  0.09145   8.9251E-04 -3.8397E-04  9.7160E-04  -23.278
     3    1   0.0000   0.0000   0.2286  0.09145   6.6776E-04 -2.6306E-03  2.7141E-03  -75.757
     4    1   0.0000   0.0000   0.3201  0.09145   3.5515E-04 -3.9182E-03  3.9342E-03  -84.821
     5    1   0.0000   0.0000   0.4115  0.09145   2.9553E-05 -3.9231E-03  3.9233E-03  -89.568
     6    1   0.0000   0.0000   0.5030  0.09145  -2.3607E-04 -2.6712E-03  2.6816E-03  -95.050
     7    1   0.0000   0.0000   0.5944  0.09145  -3.9060E-04 -5.6589E-04  6.8760E-04 -124.615
     8    1   0.0000   0.0000   0.6859  0.09145  -4.1774E-04  1.7262E-03  1.7760E-03  103.604
     9    1   0.0000   0.0000   0.7773  0.09145  -3.3814E-04  3.4771E-03  3.4935E-03   95.554
    10    1   0.0000   0.0000   0.8688  0.09145  -2.0056E-04  4.1191E-03  4.1240E-03   92.788
    11    1   0.0000   0.0000   0.9602  0.09145  -6.5839E-05  3.4137E-03  3.4143E-03   91.105
    12    1   0.0000   0.0000   1.0517  0.09145   6.6167E-06  1.4549E-03  1.4549E-03   89.739
    13    2  -0.1221   0.0000   1.0363  0.09484  -1.4753E-04  5.3471E-04  5.5469E-04  105.424
    14    2  -0.1796   0.0000   0.9609  0.09484  -3.4006E-04  1.2887E-03  1.3328E-03  104.782
    15    2  -0.2371   0.0000   0.8855  0.09484  -3.7471E-04  1.5292E-03  1.5744E-03  103.768
    16    2  -0.2946   0.0000   0.8100  0.09484  -2.5191E-04  1.2256E-03  1.2512E-03  101.615
    17    2  -0.3520   0.0000   0.7346  0.09484  -1.8955E-05  5.0633E-04  5.0668E-04   92.144
    18    2  -0.4095   0.0000   0.6592  0.09484   2.4195E-04 -3.6894E-04  4.4120E-04  -56.743
    19    2  -0.4670   0.0000   0.5837  0.09484   4.4122E-04 -1.0944E-03  1.1800E-03  -68.043
    20    2  -0.5245   0.0000   0.5083  0.09484   5.1204E-04 -1.4202E-03  1.5097E-03  -70.174
    21    2  -0.5819   0.0000   0.4329  0.09484   4.3224E-04 -1.2352E-03  1.3087E-03  -70.714
    22    2  -0.6394   0.0000   0.3574  0.09484   2.3078E-04 -6.0393E-04  6.4652E-04  -69.086
    23    2  -0.6969   0.0000   0.2820  0.09484  -2.3301E-05  2.5696E-04  2.5802E-04   95.181
    24    2  -0.7543   0.0000   0.2065  0.09484  -2.4533E-04  1.0527E-03  1.0809E-03  103.119
    25    2  -0.8118   0.0000   0.1311  0.09484  -3.6449E-04  1.5113E-03  1.5546E-03  103.560
    26    3  -0.7953   0.0000   0.0934  0.09048  -3.5158E-04  1.4880E-03  1.5290E-03  103.294
    27    3  -0.7048   0.0000   0.0934  0.09048  -2.3699E-04  1.0423E-03  1.0689E-03  102.810
    28    3  -0.6144   0.0000   0.0934  0.09048  -6.0595E-05  3.1418E-04  3.1997E-04  100.916
    29    3  -0.5239   0.0000   0.0934  0.09048   1.2236E-04 -4.7537E-04  4.9087E-04  -75.566
    30    3  -0.4334   0.0000   0.0934  0.09048   2.5501E-04 -1.0840E-03  1.1136E-03  -76.762
    31    3  -0.3429   0.0000   0.0934  0.09048   2.9688E-04 -1.3223E-03  1.3553E-03  -77.346
    32    3  -0.2525   0.0000   0.0934  0.09048   2.3667E-04 -1.1082E-03  1.1332E-03  -77.945
    33    3  -0.1620   0.0000   0.0934  0.09048   9.3168E-05 -4.6744E-04  4.7663E-04  -78.728
    34    4   0.1212   0.0000   1.0363  0.09376  -3.6504E-05  7.2438E-05  8.1116E-05  116.745
    35    4   0.1769   0.0000   0.9609  0.09376  -5.3096E-05  1.6261E-04  1.7106E-04  108.083
    36    4   0.2326   0.0000   0.8855  0.09376  -2.7237E-06  1.8019E-04  1.8021E-04   90.866
    37    4   0.2883   0.0000   0.8100  0.09376   9.0700E-05  1.3828E-04  1.6537E-04   56.739
    38    4   0.3439   0.0000   0.7346  0.09376   1.8926E-04  6.3323E-05  1.9957E-04   18.500
    39    4   0.3996   0.0000   0.6592  0.09376   2.5334E-04 -1.2494E-05  2.5365E-04   -2.823
    40    4   0.4553   0.0000   0.5837  0.09376   2.5591E-04 -6.1105E-05  2.6310E-04  -13.429
    41    4   0.5110   0.0000   0.5083  0.09376   1.9250E-04 -6.7018E-05  2.0383E-04  -19.195
    42    4   0.5667   0.0000   0.4329  0.09376   8.3169E-05 -3.1449E-05  8.8917E-05  -20.713
    43    4   0.6223   0.0000   0.3574  0.09376  -3.4358E-05  2.8824E-05  4.4847E-05  140.006
    44    4   0.6780   0.0000   0.2820  0.09376  -1.1786E-04  8.7662E-05  1.4689E-04  143.359
    45    4   0.7337   0.0000   0.2065  0.09376  -1.3581E-04  1.1856E-04  1.8029E-04  138.880
    46    4   0.7894   0.0000   0.1311  0.09376  -7.8839E-05  1.0366E-04  1.3024E-04  127.255
    47    5   0.3759   0.0000   0.0934  0.09807  -7.1753E-05  3.6742E-05  8.0613E-05  152.885
    48    5   0.4740   0.0000   0.0934  0.09807  -1.7272E-04  7.6635E-05  1.8896E-04  156.073
    49    5   0.5720   0.0000   0.0934  0.09807  -1.9896E-04  7.1368E-05  2.1138E-04  160.267
    50    5   0.6701   0.0000   0.0934  0.09807  -1.4538E-04  2.5918E-05  1.4767E-04  169.891
    51    5   0.7682   0.0000   0.0934  0.09807  -3.5644E-05 -4.2534E-05  5.5495E-05 -129.964



                                        - - - POWER BUDGET - - -

                                           INPUT POWER   = 4.9185E-04 WATTS
                                           RADIATED POWER= 4.9185E-04 WATTS
                                           STRUCTURE LOSS= 0.0000E+00 WATTS
                                           NETWORK LOSS  = 0.0000E+00 WATTS
                                           EFFICIENCY    = 100.00 PERCENT



                               - - - FAR FIELD GROUND PARAMETERS - - -


                                        CIRCLE CLIFF
                                        EDGE DISTANCE=     0.00 METERS
                                        HEIGHT=    0.00 METERS
                                        SECOND MEDIUM -
                                        RELATIVE DIELECTRIC CONST.= 13.000
                                        CONDUCTIVITY= 5.000E-03 MHOS



                                                - - - RADIATION PATTERNS - - -

  - - ANGLES - -           - POWER GAINS -       - - - POLARIZATION - - -    - - - E(THETA) - - -    - - - E(PHI) - - -
  THETA     PHI        VERT.   HOR.    TOTAL      AXIAL     TILT   SENSE     MAGNITUDE    PHASE      MAGNITUDE    PHASE 
 DEGREES  DEGREES       DB      DB      DB        RATIO     DEG.              VOLTS/M    DEGREES      VOLTS/M    DEGREES
  -90.00     0.00    -999.99 -999.99 -999.99    0.00000     0.00            2.34788E-12  -151.61    0.00000E+00     0.00
  -85.00     0.00     -17.79 -999.99  -17.79    0.00000     0.00  LINEAR    2.21497E-02    44.10    0.00000E+00     0.00
  -80.00     0.00     -15.99 -999.99  -15.99    0.00000     0.00  LINEAR    2.72536E-02   126.26    0.00000E+00     0.00
  -75.00     0.00      -5.97 -999.99   -5.97    0.00000     0.00  LINEAR    8.63286E-02   169.11    0.00000E+00     0.00
  -70.00     0.00      -0.57 -999.99   -0.57    0.00000     0.00  LINEAR    1.60903E-01  -178.75    0.00000E+00     0.00
  -65.00     0.00       2.05 -999.99    2.05    0.00000     0.00  LINEAR    2.17551E-01  -170.37    0.00000E+00     0.00
  -60.00     0.00       2.92 -999.99    2.92    0.00000     0.00  LINEAR    2.40411E-01  -161.04    0.00000E+00     0.00
  -55.00     0.00       2.62 -999.99    2.62    0.00000     0.00  LINEAR    2.32218E-01  -148.28    0.00000E+00     0.00
  -50.00     0.00       1.80 -999.99    1.80    0.00000     0.00  LINEAR    2.11269E-01  -130.23    0.00000E+00     0.00
  -45.00     0.00       1.31 -999.99    1.31    0.00000     0.00  LINEAR    1.99705E-01  -108.18    0.00000E+00     0.00
  -40.00     0.00       1.50 -999.99    1.50    0.00000     0.00  LINEAR    2.04094E-01   -87.94    0.00000E+00     0.00
  -35.00     0.00       1.82 -999.99    1.82    0.00000     0.00  LINEAR    2.11879E-01   -73.58    0.00000E+00     0.00
  -30.00     0.00       1.72 -999.99    1.72    0.00000     0.00  LINEAR    2.09361E-01   -64.74    0.00000E+00     0.00
  -25.00     0.00       0.93 -999.99    0.93    0.00000     0.00  LINEAR    1.91202E-01   -60.06    0.00000E+00     0.00
  -20.00     0.00      -0.67 -999.99   -0.67    0.00000     0.00  LINEAR    1.58939E-01   -59.07    0.00000E+00     0.00
  -15.00     0.00      -3.26 -999.99   -3.26    0.00000     0.00  LINEAR    1.18010E-01   -63.03    0.00000E+00     0.00
  -10.00     0.00      -6.96 -999.99   -6.96    0.00000     0.00  LINEAR    7.70831E-02   -77.45    0.00000E+00     0.00
   -5.00     0.00     -10.09 -999.99  -10.09    0.00000     0.00  LINEAR    5.37347E-02  -115.63    0.00000E+00     0.00
    0.00     0.00      -8.17 -999.99   -8.17    0.00000     0.00  LINEAR    6.70425E-02  -157.60    0.00000E+00     0.00
    5.00     0.00      -5.02 -999.99   -5.02    0.00000     0.00  LINEAR    9.63160E-02  -176.25    0.00000E+00     0.00
   10.00     0.00      -2.85 -999.99   -2.85    0.00000     0.00  LINEAR    1.23730E-01   175.22    0.00000E+00     0.00
   15.00     0.00      -1.51 -999.99   -1.51    0.00000     0.00  LINEAR    1.44300E-01   169.68    0.00000E+00     0.00
   20.00     0.00      -0.80 -999.99   -0.80    0.00000     0.00  LINEAR    1.56537E-01   164.37    0.00000E+00     0.00
   25.00     0.00      -0.61 -999.99   -0.61    0.00000     0.00  LINEAR    1.60150E-01   157.53    0.00000E+00     0.00
   30.00     0.00      -0.82 -999.99   -0.82    0.00000     0.00  LINEAR    1.56315E-01   147.29    0.00000E+00     0.00
   35.00     0.00      -1.18 -999.99   -1.18    0.00000     0.00  LINEAR    1.49866E-01   131.39    0.00000E+00     0.00
   40.00     0.00      -1.06 -999.99   -1.06    0.00000     0.00  LINEAR    1.51954E-01   109.08    0.00000E+00     0.00
   45.00     0.00       0.14 -999.99    0.14    0.00000     0.00  LINEAR    1.74612E-01    85.17    0.00000E+00     0.00
   50.00     0.00       1.97 -999.99    1.97    0.00000     0.00  LINEAR    2.15557E-01    66.09    0.00000E+00     0.00
   55.00     0.00       3.54 -999.99    3.54    0.00000     0.00  LINEAR    2.58108E-01    52.57    0.00000E+00     0.00
   60.00     0.00       4.35 -999.99    4.35    0.00000     0.00  LINEAR    2.83374E-01    42.45    0.00000E+00     0.00
   65.00     0.00       4.20 -999.99    4.20    0.00000     0.00  LINEAR    2.78530E-01    33.61    0.00000E+00     0.00
   70.00     0.00       2.98 -999.99    2.98    0.00000     0.00  LINEAR    2.41995E-01    24.23    0.00000E+00     0.00
   75.00     0.00       0.64 -999.99    0.64    0.00000     0.00  LINEAR    1.84930E-01    12.53    0.00000E+00     0.00
   80.00     0.00      -2.76 -999.99   -2.76    0.00000     0.00  LINEAR    1.24916E-01    -2.56    0.00000E+00     0.00
   85.00     0.00      -7.87 -999.99   -7.87    0.00000     0.00  LINEAR    6.93624E-02   -18.18    0.00000E+00     0.00
   90.00     0.00    -999.99 -999.99 -999.99    0.00000     0.00            5.23412E-12   152.73    0.00000E+00     0.00


                                     - - - - NORMALIZED GAIN - - - -

                                           TOTAL GAIN
                                      NORMALIZATION FACTOR =     4.35 DB

    - - ANGLES - -      GAIN           - - ANGLES - -      GAIN           - - ANGLES - -      GAIN
    THETA     PHI        DB            THETA     PHI        DB            THETA     PHI        DB
   DEGREES  DEGREES                   DEGREES  DEGREES                   DEGREES  DEGREES
    -90.00     0.00  -1004.34          -25.00     0.00     -3.42           35.00     0.00     -5.53
    -85.00     0.00    -22.14          -20.00     0.00     -5.02           40.00     0.00     -5.41
    -80.00     0.00    -20.34          -15.00     0.00     -7.61           45.00     0.00     -4.21
    -75.00     0.00    -10.32          -10.00     0.00    -11.31           50.00     0.00     -2.38
    -70.00     0.00     -4.92           -5.00     0.00    -14.44           55.00     0.00     -0.81
    -65.00     0.00     -2.30            0.00     0.00    -12.52           60.00     0.00      0.00
    -60.00     0.00     -1.43            5.00     0.00     -9.37           65.00     0.00     -0.15
    -55.00     0.00     -1.73           10.00     0.00     -7.20           70.00     0.00     -1.37
    -50.00     0.00     -2.55           15.00     0.00     -5.86           75.00     0.00     -3.71
    -45.00     0.00     -3.04           20.00     0.00     -5.15           80.00     0.00     -7.11
    -40.00     0.00     -2.85           25.00     0.00     -4.96           85.00     0.00    -12.22
    -35.00     0.00     -2.53           30.00     0.00     -5.17           90.00     0.00  -1004.34
    -30.00     0.00     -2.63




                                 - - - - - - FREQUENCY - - - - - -

                                    FREQUENCY= 1.5000E+01 MHZ
                                    WAVELENGTH= 1.9987E+01 METERS




                    APPROXIMATE INTEGRATION EMPLOYED FOR SEGMENTS MORE THAN   1.000 WAVELENGTHS APART



                               - - - STRUCTURE IMPEDANCE LOADING - - -


       LOCATION          RESISTANCE   INDUCTANCE  CAPACITANCE       IMPEDANCE (OHMS)     CONDUCTIVITY    TYPE
    ITAG FROM THRU          OHMS        HENRYS       FARADS        REAL      IMAGINARY    MHOS/METER

       1    1    1                                3.7800E-10                                           SERIES 



                                  - - - ANTENNA ENVIRONMENT - - -

                                          PERFECT GROUND



                                - - - MATRIX TIMING - - -

                        FILL=    0.000 SEC.,  FACTOR=    0.000 SEC.



                                          - - - ANTENNA INPUT PARAMETERS - - -

   TAG   SEG.    VOLTAGE (VOLTS)         CURRENT (AMPS)         IMPEDANCE (OHMS)        ADMITTANCE (MHOS)      POWER
   NO.   NO.    REAL        IMAG.       REAL        IMAG.       REAL        IMAG.       REAL        IMAG.     (WATTS)
     1     1 1.00000E+00 0.00000E+00 3.02595E-03 5.36780E-03 7.96939E+01-1.41371E+02 3.02595E-03 5.36780E-03 1.51297E-03



                             - - - CURRENTS AND LOCATION - - -

                                 DISTANCES IN WAVELENGTHS


  SEG.  TAG    COORD. OF SEG. CENTER     SEG.            - - - CURRENT (AMPS) - - -
  NO.   NO.     X        Y        Z      LENGTH     REAL        IMAG.       MAG.        PHASE
     1    1   0.0000   0.0000   0.0490  0.09798   3.0259E-03  5.3678E-03  6.1619E-03   60.589
     2    1   0.0000   0.0000   0.1470  0.09798   2.2080E-03  1.7764E-03  2.8339E-03   38.817
     3    1   0.0000   0.0000   0.2450  0.09798   7.1837E-04 -2.4550E-03  2.5580E-03  -73.690
     4    1   0.0000   0.0000   0.3429  0.09798  -9.0690E-04 -5.7191E-03  5.7905E-03  -99.011
     5    1   0.0000   0.0000   0.4409  0.09798  -2.0807E-03 -6.9186E-03  7.2247E-03 -106.738
     6    1   0.0000   0.0000   0.5389  0.09798  -2.3982E-03 -5.6390E-03  6.1278E-03 -113.040
     7    1   0.0000   0.0000   0.6369  0.09798  -1.7818E-03 -2.3385E-03  2.9400E-03 -127.305
     8    1   0.0000   0.0000   0.7349  0.09798  -5.0848E-04  1.8037E-03  1.8740E-03  105.744
     9    1   0.0000   0.0000   0.8328  0.09798   8.9308E-04  5.3026E-03  5.3773E-03   80.440
    10    1   0.0000   0.0000   0.9308  0.09798   1.8388E-03  6.8898E-03  7.1310E-03   75.056
    11    1   0.0000   0.0000   1.0288  0.09798   1.9035E-03  5.9489E-03  6.2461E-03   72.257
    12    1   0.0000   0.0000   1.1268  0.09798   9.2657E-04  2.5883E-03  2.7491E-03   70.303
    13    2  -0.1309   0.0000   1.1104  0.10161   2.0991E-04 -2.4131E-04  3.1983E-04  -48.981
    14    2  -0.1924   0.0000   1.0295  0.10161   6.0247E-04 -6.4073E-04  8.7949E-04  -46.763
    15    2  -0.2540   0.0000   0.9487  0.10161   8.5977E-04 -8.1750E-04  1.1864E-03  -43.557
    16    2  -0.3156   0.0000   0.8679  0.10161   8.8182E-04 -6.8280E-04  1.1153E-03  -37.751
    17    2  -0.3772   0.0000   0.7871  0.10161   6.4414E-04 -2.6813E-04  6.9771E-04  -22.600
    18    2  -0.4388   0.0000   0.7062  0.10161   2.1695E-04  2.7715E-04  3.5197E-04   51.946
    19    2  -0.5003   0.0000   0.6254  0.10161  -2.5620E-04  7.4385E-04  7.8673E-04  109.005
    20    2  -0.5619   0.0000   0.5446  0.10161  -6.0919E-04  9.4591E-04  1.1251E-03  122.783
    21    2  -0.6235   0.0000   0.4638  0.10161  -7.1518E-04  7.9515E-04  1.0695E-03  131.969
    22    2  -0.6851   0.0000   0.3829  0.10161  -5.3469E-04  3.3743E-04  6.3226E-04  147.745
    23    2  -0.7467   0.0000   0.3021  0.10161  -1.3201E-04 -2.6317E-04  2.9442E-04 -116.639
    24    2  -0.8082   0.0000   0.2213  0.10161   3.4746E-04 -7.8738E-04  8.6064E-04  -66.189
    25    2  -0.8698   0.0000   0.1405  0.10161   7.3132E-04 -1.0457E-03  1.2760E-03  -55.031
    26    3  -0.8521   0.0000   0.1001  0.09694   8.8352E-04 -9.5415E-04  1.3004E-03  -47.201
    27    3  -0.7552   0.0000   0.1001  0.09694   7.6033E-04 -5.4947E-04  9.3809E-04  -35.855
    28    3  -0.6583   0.0000   0.1001  0.09694   4.0298E-04  3.5819E-05  4.0457E-04    5.079
    29    3  -0.5613   0.0000   0.1001  0.09694  -6.7207E-05  6.0279E-04  6.0653E-04   96.362
    30    3  -0.4644   0.0000   0.1001  0.09694  -4.8526E-04  9.5900E-04  1.0748E-03  116.840
    31    3  -0.3674   0.0000   0.1001  0.09694  -7.0119E-04  9.8966E-04  1.2129E-03  125.318
    32    3  -0.2705   0.0000   0.1001  0.09694  -6.3115E-04  7.0256E-04  9.4443E-04  131.935
    33    3  -0.1736   0.0000   0.1001  0.09694  -2.7467E-04  2.3375E-04  3.6066E-04  139.601
    34    4   0.1299   0.0000   1.1104  0.10045   1.5264E-05  3.6377E-04  3.6409E-04   87.597
    35    4   0.1895   0.0000   1.0295  0.10045   1.1473E-04  8.0203E-04  8.1020E-04   81.859
    36    4   0.2492   0.0000   0.9487  0.10045   2.6753E-04  8.2700E-04  8.6920E-04   72.074
    37    4   0.3089   0.0000   0.8679  0.10045   4.0829E-04  4.9553E-04  6.4207E-04   50.513
    38    4   0.3685   0.0000   0.7871  0.10045   4.6884E-04 -2.3157E-05  4.6941E-04   -2.828
    39    4   0.4282   0.0000   0.7062  0.10045   4.0643E-04 -5.0453E-04  6.4788E-04  -51.146
    40    4   0.4878   0.0000   0.6254  0.10045   2.2348E-04 -7.5286E-04  7.8533E-04  -73.467
    41    4   0.5475   0.0000   0.5446  0.10045  -2.9885E-05 -6.7352E-04  6.7419E-04  -92.541
    42    4   0.6071   0.0000   0.4638  0.10045  -2.7255E-04 -3.0617E-04  4.0991E-04 -131.675
    43    4   0.6668   0.0000   0.3829  0.10045  -4.2227E-04  1.9401E-04  4.6471E-04  155.323
    44    4   0.7264   0.0000   0.3021  0.10045  -4.2706E-04  6.1900E-04  7.5203E-04  124.603
    45    4   0.7861   0.0000   0.2213  0.10045  -2.8580E-04  7.8963E-04  8.3976E-04  109.898
    46    4   0.8458   0.0000   0.1405  0.10045  -5.0103E-05  6.2554E-04  6.2754E-04   94.579
    47    5   0.4028   0.0000   0.1001  0.10507  -1.4263E-04  2.9797E-04  3.3034E-04  115.579
    48    5   0.5078   0.0000   0.1001  0.10507  -3.7503E-04  6.6064E-04  7.5967E-04  119.583
    49    5   0.6129   0.0000   0.1001  0.10507  -4.7632E-04  6.6495E-04  8.1795E-04  125.615
    50    5   0.7180   0.0000   0.1001  0.10507  -4.0932E-04  3.3594E-04  5.2953E-04  140.624
    51    5   0.8230   0.0000   0.1001  0.10507  -2.0457E-04 -1.7515E-04  2.6931E-04 -139.430



                                        - - - POWER BUDGET - - -

                                           INPUT POWER   = 1.5130E-03 WATTS
                                           RADIATED POWER= 1.5130E-03 WATTS
                                           STRUCTURE LOSS= 0.0000E+00 WATTS
                                           NETWORK LOSS  = 0.0000E+00 WATTS
                                           EFFICIENCY    = 100.00 PERCENT



                               - - - FAR FIELD GROUND PARAMETERS - - -


                                        CIRCLE CLIFF
                                        EDGE DISTANCE=     0.00 METERS
                                        HEIGHT=    0.00 METERS
                                        SECOND MEDIUM -
                                        RELATIVE DIELECTRIC CONST.= 13.000
                                        CONDUCTIVITY= 5.000E-03 MHOS



                                                - - - RADIATION PATTERNS - - -

  - - ANGLES - -           - POWER GAINS -       - - - POLARIZATION - - -    - - - E(THETA) - - -    - - - E(PHI) - - -
  THETA     PHI        VERT.   HOR.    TOTAL      AXIAL     TILT   SENSE     MAGNITUDE    PHASE      MAGNITUDE    PHASE 
 DEGREES  DEGREES       DB      DB      DB        RATIO     DEG.              VOLTS/M    DEGREES      VOLTS/M    DEGREES
  -90.00     0.00    -999.99 -999.99 -999.99    0.00000     0.00            1.05746E-11   -96.19    0.00000E+00     0.00
  -85.00     0.00      -7.61 -999.99   -7.61    0.00000     0.00  LINEAR    1.25369E-01    94.87    0.00000E+00     0.00
  -80.00     0.00      -4.50 -999.99   -4.50    0.00000     0.00  LINEAR    1.79352E-01   122.96    0.00000E+00     0.00
  -75.00     0.00      -1.47 -999.99   -1.47    0.00000     0.00  LINEAR    2.54241E-01   158.19    0.00000E+00     0.00
  -70.00     0.00       1.74 -999.99    1.74    0.00000     0.00  LINEAR    3.67806E-01  -177.50    0.00000E+00     0.00
  -65.00     0.00       3.68 -999.99    3.68    0.00000     0.00  LINEAR    4.60229E-01  -161.22    0.00000E+00     0.00
  -60.00     0.00       4.28 -999.99    4.28    0.00000     0.00  LINEAR    4.93098E-01  -146.69    0.00000E+00     0.00
  -55.00     0.00       3.88 -999.99    3.88    0.00000     0.00  LINEAR    4.70593E-01  -129.92    0.00000E+00     0.00
  -50.00     0.00       3.07 -999.99    3.07    0.00000     0.00  LINEAR    4.28653E-01  -108.55    0.00000E+00     0.00
  -45.00     0.00       2.63 -999.99    2.63    0.00000     0.00  LINEAR    4.07893E-01   -83.73    0.00000E+00     0.00
  -40.00     0.00       2.85 -999.99    2.85    0.00000     0.00  LINEAR    4.17947E-01   -60.53    0.00000E+00     0.00
  -35.00     0.00       3.22 -999.99    3.22    0.00000     0.00  LINEAR    4.36204E-01   -41.94    0.00000E+00     0.00
  -30.00     0.00       3.30 -999.99    3.30    0.00000     0.00  LINEAR    4.40252E-01   -27.02    0.00000E+00     0.00
  -25.00     0.00       2.93 -999.99    2.93    0.00000     0.00  LINEAR    4.22168E-01   -13.85    0.00000E+00     0.00
  -20.00     0.00       2.11 -999.99    2.11    0.00000     0.00  LINEAR    3.84157E-01    -0.85    0.00000E+00     0.00
  -15.00     0.00       0.85 -999.99    0.85    0.00000     0.00  LINEAR    3.32111E-01    13.28    0.00000E+00     0.00
  -10.00     0.00      -0.86 -999.99   -0.86    0.00000     0.00  LINEAR    2.72931E-01    30.28    0.00000E+00     0.00
   -5.00     0.00      -2.82 -999.99   -2.82    0.00000     0.00  LINEAR    2.17755E-01    53.48    0.00000E+00     0.00
    0.00     0.00      -3.97 -999.99   -3.97    0.00000     0.00  LINEAR    1.90725E-01    86.17    0.00000E+00     0.00
    5.00     0.00      -2.79 -999.99   -2.79    0.00000     0.00  LINEAR    2.18358E-01   119.27    0.00000E+00     0.00
   10.00     0.00      -0.38 -999.99   -0.38    0.00000     0.00  LINEAR    2.88405E-01   139.81    0.00000E+00     0.00
   15.00     0.00       1.79 -999.99    1.79    0.00000     0.00  LINEAR    3.69908E-01   149.38    0.00000E+00     0.00
   20.00     0.00       3.31 -999.99    3.31    0.00000     0.00  LINEAR    4.40795E-01   152.19    0.00000E+00     0.00
   25.00     0.00       4.16 -999.99    4.16    0.00000     0.00  LINEAR    4.86166E-01   150.45    0.00000E+00     0.00
   30.00     0.00       4.32 -999.99    4.32    0.00000     0.00  LINEAR    4.95452E-01   144.90    0.00000E+00     0.00
   35.00     0.00       3.75 -999.99    3.75    0.00000     0.00  LINEAR    4.63733E-01   135.04    0.00000E+00     0.00
   40.00     0.00       2.44 -999.99    2.44    0.00000     0.00  LINEAR    3.98974E-01   118.48    0.00000E+00     0.00
   45.00     0.00       0.99 -999.99    0.99    0.00000     0.00  LINEAR    3.37481E-01    90.80    0.00000E+00     0.00
   50.00     0.00       1.10 -999.99    1.10    0.00000     0.00  LINEAR    3.41952E-01    54.60    0.00000E+00     0.00
   55.00     0.00       2.73 -999.99    2.73    0.00000     0.00  LINEAR    4.12349E-01    25.47    0.00000E+00     0.00
   60.00     0.00       3.88 -999.99    3.88    0.00000     0.00  LINEAR    4.70885E-01     6.00    0.00000E+00     0.00
   65.00     0.00       3.66 -999.99    3.66    0.00000     0.00  LINEAR    4.59053E-01    -9.99    0.00000E+00     0.00
   70.00     0.00       1.85 -999.99    1.85    0.00000     0.00  LINEAR    3.72496E-01   -29.08    0.00000E+00     0.00
   75.00     0.00      -0.96 -999.99   -0.96    0.00000     0.00  LINEAR    2.69759E-01   -59.60    0.00000E+00     0.00
   80.00     0.00      -2.53 -999.99   -2.53    0.00000     0.00  LINEAR    2.25083E-01   -98.13    0.00000E+00     0.00
   85.00     0.00      -4.73 -999.99   -4.73    0.00000     0.00  LINEAR    1.74674E-01  -122.23    0.00000E+00     0.00
   90.00     0.00    -999.99 -999.99 -999.99    0.00000     0.00            1.49943E-11    48.59    0.00000E+00     0.00


                                     - - - - NORMALIZED GAIN - - - -

                                           TOTAL GAIN
                                      NORMALIZATION FACTOR =     4.32 DB

    - - ANGLES - -      GAIN           - - ANGLES - -      GAIN           - - ANGLES - -      GAIN
    THETA     PHI        DB            THETA     PHI        DB            THETA     PHI        DB
   DEGREES  DEGREES                   DEGREES  DEGREES                   DEGREES  DEGREES
    -90.00     0.00  -1004.31          -25.00     0.00     -1.39           35.00     0.00     -0.57
    -85.00     0.00    -11.94          -20.00     0.00     -2.21           40.00     0.00     -1.88
    -80.00     0.00     -8.83          -15.00     0.00     -3.47           45.00     0.00     -3.34
    -75.00     0.00     -5.80          -10.00     0.00     -5.18           50.00     0.00     -3.22
    -70.00     0.00     -2.59           -5.00     0.00     -7.14           55.00     0.00     -1.59
    -65.00     0.00     -0.64            0.00     0.00     -8.29           60.00     0.00     -0.44
    -60.00     0.00     -0.04            5.00     0.00     -7.12           65.00     0.00     -0.66
    -55.00     0.00     -0.45           10.00     0.00     -4.70           70.00     0.00     -2.48
    -50.00     0.00     -1.26           15.00     0.00     -2.54           75.00     0.00     -5.28
    -45.00     0.00     -1.69           20.00     0.00     -1.02           80.00     0.00     -6.85
    -40.00     0.00     -1.48           25.00     0.00     -0.16           85.00     0.00     -9.06
    -35.00     0.00     -1.11           30.00     0.00      0.00           90.00     0.00  -1004.31
    -30.00     0.00     -1.03




                                 - - - - - - FREQUENCY - - - - - -

                                    FREQUENCY= 1.6000E+01 MHZ
                                    WAVELENGTH= 1.8737E+01 METERS




                    APPROXIMATE INTEGRATION EMPLOYED FOR SEGMENTS MORE THAN   1.000 WAVELENGTHS APART



                               - - - STRUCTURE IMPEDANCE LOADING - - -


       LOCATION          RESISTANCE   INDUCTANCE  CAPACITANCE       IMPEDANCE (OHMS)     CONDUCTIVITY    TYPE
    ITAG FROM THRU          OHMS        HENRYS       FARADS        REAL      IMAGINARY    MHOS/METER

       1    1    1                                3.7800E-10                                           SERIES 



                                  - - - ANTENNA ENVIRONMENT - - -

                                          PERFECT GROUND



                                - - - MATRIX TIMING - - -

                        FILL=    0.000 SEC.,  FACTOR=    0.000 SEC.



                                          - - - ANTENNA INPUT PARAMETERS - - -

   TAG   SEG.    VOLTAGE (VOLTS)         CURRENT (AMPS)         IMPEDANCE (OHMS)        ADMITTANCE (MHOS)      POWER
   NO.   NO.    REAL        IMAG.       REAL        IMAG.       REAL        IMAG.       REAL        IMAG.     (WATTS)
     1     1 1.00000E+00 0.00000E+00 1.20112E-02-4.13479E-03 7.44350E+01 2.56239E+01 1.20112E-02-4.13479E-03 6.00558E-03



                             - - - CURRENTS AND LOCATION - - -

                                 DISTANCES IN WAVELENGTHS


  SEG.  TAG    COORD. OF SEG. CENTER     SEG.            - - - CURRENT (AMPS) - - -
  NO.   NO.     X        Y        Z      LENGTH     REAL        IMAG.       MAG.        PHASE
     1    1   0.0000   0.0000   0.0523  0.10451   1.2011E-02 -4.1348E-03  1.2703E-02  -18.996
     2    1   0.0000   0.0000   0.1568  0.10451   8.0259E-03 -4.4856E-03  9.1943E-03  -29.201
     3    1   0.0000   0.0000   0.2613  0.10451   9.9242E-04 -2.8283E-03  2.9974E-03  -70.665
     4    1   0.0000   0.0000   0.3658  0.10451  -6.2980E-03  1.5183E-04  6.2998E-03  178.619
     5    1   0.0000   0.0000   0.4703  0.10451  -1.0890E-02  2.9990E-03  1.1295E-02  164.603
     6    1   0.0000   0.0000   0.5748  0.10451  -1.0956E-02  4.4313E-03  1.1819E-02  157.979
     7    1   0.0000   0.0000   0.6793  0.10451  -6.5196E-03  3.8386E-03  7.5657E-03  149.511
     8    1   0.0000   0.0000   0.7839  0.10451   5.6788E-04  1.5289E-03  1.6310E-03   69.624
     9    1   0.0000   0.0000   0.8884  0.10451   7.3815E-03 -1.4126E-03  7.5154E-03  -10.834
    10    1   0.0000   0.0000   0.9929  0.10451   1.1106E-02 -3.5929E-03  1.1673E-02  -17.927
    11    1   0.0000   0.0000   1.0974  0.10451   1.0146E-02 -3.9074E-03  1.0873E-02  -21.062
    12    1   0.0000   0.0000   1.2019  0.10451   4.5130E-03 -1.9228E-03  4.9055E-03  -23.076
    13    2  -0.1396   0.0000   1.1844  0.10838  -1.1681E-04 -9.5131E-06  1.1719E-04 -175.344
    14    2  -0.2053   0.0000   1.0982  0.10838  -4.0922E-04 -2.3621E-04  4.7250E-04 -150.006
    15    2  -0.2709   0.0000   1.0120  0.10838  -6.1572E-04 -6.2442E-04  8.7693E-04 -134.598
    16    2  -0.3366   0.0000   0.9257  0.10838  -5.6513E-04 -9.7017E-04  1.1228E-03 -120.221
    17    2  -0.4023   0.0000   0.8395  0.10838  -2.1510E-04 -1.0700E-03  1.0914E-03 -101.366
    18    2  -0.4680   0.0000   0.7533  0.10838   3.1989E-04 -8.1895E-04  8.7921E-04  -68.664
    19    2  -0.5337   0.0000   0.6671  0.10838   8.1999E-04 -2.6809E-04  8.6270E-04  -18.105
    20    2  -0.5994   0.0000   0.5809  0.10838   1.0610E-03  3.8890E-04  1.1301E-03   20.129
    21    2  -0.6651   0.0000   0.4947  0.10838   9.1897E-04  8.9486E-04  1.2827E-03   44.238
    22    2  -0.7307   0.0000   0.4085  0.10838   4.3057E-04  1.0408E-03  1.1264E-03   67.526
    23    2  -0.7964   0.0000   0.3223  0.10838  -2.1704E-04  7.5956E-04  7.8996E-04  105.947
    24    2  -0.8621   0.0000   0.2361  0.10838  -7.6576E-04  1.5819E-04  7.8192E-04  168.328
    25    2  -0.9278   0.0000   0.1498  0.10838  -9.9824E-04 -5.2425E-04  1.1275E-03 -152.293
    26    3  -0.9089   0.0000   0.1067  0.10340  -8.4072E-04 -1.0099E-03  1.3140E-03 -129.777
    27    3  -0.8055   0.0000   0.1067  0.10340  -3.8241E-04 -1.1302E-03  1.1931E-03 -108.694
    28    3  -0.7021   0.0000   0.1067  0.10340   2.0401E-04 -8.5264E-04  8.7671E-04  -76.544
    29    3  -0.5987   0.0000   0.1067  0.10340   6.9808E-04 -2.9347E-04  7.5726E-04  -22.801
    30    3  -0.4953   0.0000   0.1067  0.10340   9.2246E-04  3.1300E-04  9.7411E-04   18.743
    31    3  -0.3919   0.0000   0.1067  0.10340   8.1787E-04  7.1057E-04  1.0834E-03   40.984
    32    3  -0.2885   0.0000   0.1067  0.10340   4.7287E-04  7.2597E-04  8.6639E-04   56.921
    33    3  -0.1851   0.0000   0.1067  0.10340   1.0325E-04  3.2960E-04  3.4539E-04   72.606
    34    4   0.1386   0.0000   1.1844  0.10715   5.1622E-04 -1.0684E-03  1.1865E-03  -64.211
    35    4   0.2022   0.0000   1.0982  0.10715   1.1378E-03 -2.6779E-03  2.9096E-03  -66.980
    36    4   0.2658   0.0000   1.0120  0.10715   1.1585E-03 -3.2175E-03  3.4197E-03  -70.197
    37    4   0.3295   0.0000   0.9257  0.10715   6.7286E-04 -2.5119E-03  2.6005E-03  -75.004
    38    4   0.3931   0.0000   0.8395  0.10715  -4.5313E-05 -8.6334E-04  8.6453E-04  -93.004
    39    4   0.4567   0.0000   0.7533  0.10715  -6.4754E-04  1.0431E-03  1.2278E-03  121.831
    40    4   0.5203   0.0000   0.6671  0.10715  -8.5419E-04  2.4237E-03  2.5698E-03  109.414
    41    4   0.5840   0.0000   0.5809  0.10715  -5.6811E-04  2.7271E-03  2.7857E-03  101.767
    42    4   0.6476   0.0000   0.4947  0.10715   8.9735E-05  1.8660E-03  1.8682E-03   87.247
    43    4   0.7112   0.0000   0.4085  0.10715   8.3669E-04  2.4995E-04  8.7323E-04   16.633
    44    4   0.7749   0.0000   0.3223  0.10715   1.3512E-03 -1.3962E-03  1.9430E-03  -45.937
    45    4   0.8385   0.0000   0.2361  0.10715   1.4109E-03 -2.3477E-03  2.7390E-03  -58.994
    46    4   0.9021   0.0000   0.1498  0.10715   9.8646E-04 -2.1935E-03  2.4051E-03  -65.786
    47    5   0.4296   0.0000   0.1067  0.11207   5.4754E-04 -8.3269E-04  9.9658E-04  -56.673
    48    5   0.5417   0.0000   0.1067  0.11207   1.2290E-03 -1.8124E-03  2.1898E-03  -55.860
    49    5   0.6538   0.0000   0.1067  0.11207   1.2535E-03 -1.6831E-03  2.0986E-03  -53.323
    50    5   0.7658   0.0000   0.1067  0.11207   6.7099E-04 -5.5798E-04  8.7268E-04  -39.746
    51    5   0.8779   0.0000   0.1067  0.11207  -2.1742E-04  1.0036E-03  1.0269E-03  102.224



                                        - - - POWER BUDGET - - -

                                           INPUT POWER   = 6.0056E-03 WATTS
                                           RADIATED POWER= 6.0056E-03 WATTS
                                           STRUCTURE LOSS= 0.0000E+00 WATTS
                                           NETWORK LOSS  = 0.0000E+00 WATTS
                                           EFFICIENCY    = 100.00 PERCENT



                               - - - FAR FIELD GROUND PARAMETERS - - -


                                        CIRCLE CLIFF
                                        EDGE DISTANCE=     0.00 METERS
                                        HEIGHT=    0.00 METERS
                                        SECOND MEDIUM -
                                        RELATIVE DIELECTRIC CONST.= 13.000
                                        CONDUCTIVITY= 5.000E-03 MHOS



                                                - - - RADIATION PATTERNS - - -

  - - ANGLES - -           - POWER GAINS -       - - - POLARIZATION - - -    - - - E(THETA) - - -    - - - E(PHI) - - -
  THETA     PHI        VERT.   HOR.    TOTAL      AXIAL     TILT   SENSE     MAGNITUDE    PHASE      MAGNITUDE    PHASE 
 DEGREES  DEGREES       DB      DB      DB        RATIO     DEG.              VOLTS/M    DEGREES      VOLTS/M    DEGREES
  -90.00     0.00    -999.99 -999.99 -999.99    0.00000     0.00            2.83547E-11   153.48    0.00000E+00     0.00
  -85.00     0.00      -5.37 -999.99   -5.37    0.00000     0.00  LINEAR    3.23326E-01   -18.19    0.00000E+00     0.00
  -80.00     0.00      -4.02 -999.99   -4.02    0.00000     0.00  LINEAR    3.77950E-01     5.14    0.00000E+00     0.00
  -75.00     0.00      -3.63 -999.99   -3.63    0.00000     0.00  LINEAR    3.95245E-01    51.06    0.00000E+00     0.00
  -70.00     0.00      -0.68 -999.99   -0.68    0.00000     0.00  LINEAR    5.54718E-01    90.72    0.00000E+00     0.00
  -65.00     0.00       1.42 -999.99    1.42    0.00000     0.00  LINEAR    7.06695E-01   115.51    0.00000E+00     0.00
  -60.00     0.00       2.06 -999.99    2.06    0.00000     0.00  LINEAR    7.60438E-01   138.12    0.00000E+00     0.00
  -55.00     0.00       2.17 -999.99    2.17    0.00000     0.00  LINEAR    7.69971E-01   164.25    0.00000E+00     0.00
  -50.00     0.00       2.79 -999.99    2.79    0.00000     0.00  LINEAR    8.27272E-01  -168.90    0.00000E+00     0.00
  -45.00     0.00       3.84 -999.99    3.84    0.00000     0.00  LINEAR    9.33798E-01  -147.84    0.00000E+00     0.00
  -40.00     0.00       4.64 -999.99    4.64    0.00000     0.00  LINEAR    1.02371E+00  -133.58    0.00000E+00     0.00
  -35.00     0.00       4.91 -999.99    4.91    0.00000     0.00  LINEAR    1.05646E+00  -123.82    0.00000E+00     0.00
  -30.00     0.00       4.73 -999.99    4.73    0.00000     0.00  LINEAR    1.03386E+00  -116.41    0.00000E+00     0.00
  -25.00     0.00       4.25 -999.99    4.25    0.00000     0.00  LINEAR    9.78396E-01  -109.88    0.00000E+00     0.00
  -20.00     0.00       3.63 -999.99    3.63    0.00000     0.00  LINEAR    9.11334E-01  -103.33    0.00000E+00     0.00
  -15.00     0.00       2.93 -999.99    2.93    0.00000     0.00  LINEAR    8.40493E-01   -96.29    0.00000E+00     0.00
  -10.00     0.00       2.03 -999.99    2.03    0.00000     0.00  LINEAR    7.58320E-01   -88.53    0.00000E+00     0.00
   -5.00     0.00       0.68 -999.99    0.68    0.00000     0.00  LINEAR    6.48860E-01   -79.36    0.00000E+00     0.00
    0.00     0.00      -1.54 -999.99   -1.54    0.00000     0.00  LINEAR    5.02336E-01   -66.21    0.00000E+00     0.00
    5.00     0.00      -4.82 -999.99   -4.82    0.00000     0.00  LINEAR    3.44683E-01   -39.88    0.00000E+00     0.00
   10.00     0.00      -5.61 -999.99   -5.61    0.00000     0.00  LINEAR    3.14710E-01    11.92    0.00000E+00     0.00
   15.00     0.00      -1.51 -999.99   -1.51    0.00000     0.00  LINEAR    5.04136E-01    47.28    0.00000E+00     0.00
   20.00     0.00       2.05 -999.99    2.05    0.00000     0.00  LINEAR    7.59520E-01    60.02    0.00000E+00     0.00
   25.00     0.00       4.32 -999.99    4.32    0.00000     0.00  LINEAR    9.87200E-01    64.08    0.00000E+00     0.00
   30.00     0.00       5.58 -999.99    5.58    0.00000     0.00  LINEAR    1.14062E+00    64.00    0.00000E+00     0.00
   35.00     0.00       5.96 -999.99    5.96    0.00000     0.00  LINEAR    1.19181E+00    61.16    0.00000E+00     0.00
   40.00     0.00       5.49 -999.99    5.49    0.00000     0.00  LINEAR    1.12861E+00    55.88    0.00000E+00     0.00
   45.00     0.00       4.07 -999.99    4.07    0.00000     0.00  LINEAR    9.58547E-01    47.65    0.00000E+00     0.00
   50.00     0.00       1.53 -999.99    1.53    0.00000     0.00  LINEAR    7.15824E-01    34.60    0.00000E+00     0.00
   55.00     0.00      -2.17 -999.99   -2.17    0.00000     0.00  LINEAR    4.67305E-01    11.88    0.00000E+00     0.00
   60.00     0.00      -5.95 -999.99   -5.95    0.00000     0.00  LINEAR    3.02579E-01   -27.60    0.00000E+00     0.00
   65.00     0.00      -7.86 -999.99   -7.86    0.00000     0.00  LINEAR    2.42823E-01   -75.21    0.00000E+00     0.00
   70.00     0.00      -9.44 -999.99   -9.44    0.00000     0.00  LINEAR    2.02419E-01  -123.74    0.00000E+00     0.00
   75.00     0.00      -8.89 -999.99   -8.89    0.00000     0.00  LINEAR    2.15699E-01   178.24    0.00000E+00     0.00
   80.00     0.00      -6.37 -999.99   -6.37    0.00000     0.00  LINEAR    2.88127E-01   142.76    0.00000E+00     0.00
   85.00     0.00      -7.45 -999.99   -7.45    0.00000     0.00  LINEAR    2.54583E-01   127.66    0.00000E+00     0.00
   90.00     0.00    -999.99 -999.99 -999.99    0.00000     0.00            2.22451E-11   -58.68    0.00000E+00     0.00


                                     - - - - NORMALIZED GAIN - - - -

                                           TOTAL GAIN
                                      NORMALIZATION FACTOR =     5.96 DB

    - - ANGLES - -      GAIN           - - ANGLES - -      GAIN           - - ANGLES - -      GAIN
    THETA     PHI        DB            THETA     PHI        DB            THETA     PHI        DB
   DEGREES  DEGREES                   DEGREES  DEGREES                   DEGREES  DEGREES
    -90.00     0.00  -1005.95          -25.00     0.00     -1.71           35.00     0.00      0.00
    -85.00     0.00    -11.33          -20.00     0.00     -2.33           40.00     0.00     -0.47
    -80.00     0.00     -9.98          -15.00     0.00     -3.03           45.00     0.00     -1.89
    -75.00     0.00     -9.59          -10.00     0.00     -3.93           50.00     0.00     -4.43
    -70.00     0.00     -6.64           -5.00     0.00     -5.28           55.00     0.00     -8.13
    -65.00     0.00     -4.54            0.00     0.00     -7.50           60.00     0.00    -11.91
    -60.00     0.00     -3.90            5.00     0.00    -10.78           65.00     0.00    -13.82
    -55.00     0.00     -3.79           10.00     0.00    -11.57           70.00     0.00    -15.40
    -50.00     0.00     -3.17           15.00     0.00     -7.47           75.00     0.00    -14.85
    -45.00     0.00     -2.12           20.00     0.00     -3.91           80.00     0.00    -12.33
    -40.00     0.00     -1.32           25.00     0.00     -1.64           85.00     0.00    -13.41
    -35.00     0.00     -1.05           30.00     0.00     -0.38           90.00     0.00  -1005.95
    -30.00     0.00     -1.23




                                 - - - - - - FREQUENCY - - - - - -

                                    FREQUENCY= 1.7000E+01 MHZ
                                    WAVELENGTH= 1.7635E+01 METERS




                    APPROXIMATE INTEGRATION EMPLOYED FOR SEGMENTS MORE THAN   1.000 WAVELENGTHS APART



                               - - - STRUCTURE IMPEDANCE LOADING - - -


       LOCATION          RESISTANCE   INDUCTANCE  CAPACITANCE       IMPEDANCE (OHMS)     CONDUCTIVITY    TYPE
    ITAG FROM THRU          OHMS        HENRYS       FARADS        REAL      IMAGINARY    MHOS/METER

       1    1    1                                3.7800E-10                                           SERIES 



                                  - - - ANTENNA ENVIRONMENT - - -

                                          PERFECT GROUND



                                - - - MATRIX TIMING - - -

                        FILL=    0.016 SEC.,  FACTOR=    0.000 SEC.



                                          - - - ANTENNA INPUT PARAMETERS - - -

   TAG   SEG.    VOLTAGE (VOLTS)         CURRENT (AMPS)         IMPEDANCE (OHMS)        ADMITTANCE (MHOS)      POWER
   NO.   NO.    REAL        IMAG.       REAL        IMAG.       REAL        IMAG.       REAL        IMAG.     (WATTS)
     1     1 1.00000E+00 0.00000E+00 3.58031E-03-3.97392E-03 1.25139E+02 1.38896E+02 3.58031E-03-3.97392E-03 1.79016E-03



                             - - - CURRENTS AND LOCATION - - -

                                 DISTANCES IN WAVELENGTHS


  SEG.  TAG    COORD. OF SEG. CENTER     SEG.            - - - CURRENT (AMPS) - - -
  NO.   NO.     X        Y        Z      LENGTH     REAL        IMAG.       MAG.        PHASE
     1    1   0.0000   0.0000   0.0555  0.11105   3.5803E-03 -3.9739E-03  5.3489E-03  -47.983
     2    1   0.0000   0.0000   0.1666  0.11105   2.5051E-03 -4.4395E-03  5.0975E-03  -60.565
     3    1   0.0000   0.0000   0.2776  0.11105   5.8875E-04 -2.7886E-03  2.8501E-03  -78.079
     4    1   0.0000   0.0000   0.3887  0.11105  -1.3955E-03  2.9091E-04  1.4255E-03  168.225
     5    1   0.0000   0.0000   0.4997  0.11105  -2.6305E-03  3.2150E-03  4.1541E-03  129.290
     6    1   0.0000   0.0000   0.6108  0.11105  -2.6356E-03  4.5761E-03  5.2808E-03  119.940
     7    1   0.0000   0.0000   0.7218  0.11105  -1.4621E-03  3.7395E-03  4.0152E-03  111.355
     8    1   0.0000   0.0000   0.8328  0.11105   3.4245E-04  1.1200E-03  1.1712E-03   72.999
     9    1   0.0000   0.0000   0.9439  0.11105   1.9831E-03 -2.0230E-03  2.8329E-03  -45.571
    10    1   0.0000   0.0000   1.0549  0.11105   2.7656E-03 -4.1738E-03  5.0069E-03  -56.471
    11    1   0.0000   0.0000   1.1660  0.11105   2.3865E-03 -4.2543E-03  4.8780E-03  -60.709
    12    1   0.0000   0.0000   1.2770  0.11105   9.9844E-04 -2.0038E-03  2.2387E-03  -63.514
    13    2  -0.1483   0.0000   1.2584  0.11516   1.4450E-04  1.0649E-04  1.7950E-04   36.389
    14    2  -0.2181   0.0000   1.1668  0.11516   2.1279E-04  2.4058E-04  3.2119E-04   48.507
    15    2  -0.2879   0.0000   1.0752  0.11516   3.4891E-05  2.1576E-04  2.1856E-04   80.814
    16    2  -0.3577   0.0000   0.9836  0.11516  -2.4526E-04  2.5751E-05  2.4660E-04  174.006
    17    2  -0.4275   0.0000   0.8920  0.11516  -4.3948E-04 -2.4649E-04  5.0388E-04 -150.713
    18    2  -0.4973   0.0000   0.8004  0.11516  -4.0940E-04 -4.6604E-04  6.2032E-04 -131.298
    19    2  -0.5670   0.0000   0.7088  0.11516  -1.3825E-04 -5.1521E-04  5.3344E-04 -105.021
    20    2  -0.6368   0.0000   0.6172  0.11516   2.5928E-04 -3.5569E-04  4.4016E-04  -53.910
    21    2  -0.7066   0.0000   0.5256  0.11516   5.9379E-04 -5.1135E-05  5.9599E-04   -4.922
    22    2  -0.7764   0.0000   0.4340  0.11516   6.9624E-04  2.6096E-04  7.4354E-04   20.547
    23    2  -0.8462   0.0000   0.3424  0.11516   5.0341E-04  4.3447E-04  6.6497E-04   40.796
    24    2  -0.9160   0.0000   0.2508  0.11516   9.1677E-05  3.8563E-04  3.9638E-04   76.627
    25    2  -0.9858   0.0000   0.1592  0.11516  -3.5870E-04  1.3468E-04  3.8315E-04  159.421
    26    3  -0.9657   0.0000   0.1134  0.10986  -6.4599E-04 -1.9137E-04  6.7374E-04 -163.499
    27    3  -0.8559   0.0000   0.1134  0.10986  -6.6065E-04 -4.2778E-04  7.8706E-04 -147.076
    28    3  -0.7460   0.0000   0.1134  0.10986  -4.0638E-04 -4.7654E-04  6.2629E-04 -130.456
    29    3  -0.6362   0.0000   0.1134  0.10986   8.3913E-07 -3.2467E-04  3.2467E-04  -89.852
    30    3  -0.5263   0.0000   0.1134  0.10986   3.7699E-04 -5.5619E-05  3.8107E-04   -8.392
    31    3  -0.4164   0.0000   0.1134  0.10986   5.5681E-04  1.9004E-04  5.8835E-04   18.845
    32    3  -0.3066   0.0000   0.1134  0.10986   4.7131E-04  2.8003E-04  5.4822E-04   30.717
    33    3  -0.1967   0.0000   0.1134  0.10986   1.7908E-04  1.4819E-04  2.3244E-04   39.609
    34    4   0.1472   0.0000   1.2584  0.11385  -7.6859E-05 -5.7287E-05  9.5860E-05 -143.301
    35    4   0.2148   0.0000   1.1668  0.11385  -2.8217E-04 -1.5283E-04  3.2090E-04 -151.560
    36    4   0.2824   0.0000   1.0752  0.11385  -4.5100E-04 -2.1369E-04  4.9907E-04 -154.648
    37    4   0.3500   0.0000   0.9836  0.11385  -4.6444E-04 -2.3473E-04  5.2038E-04 -153.188
    38    4   0.4177   0.0000   0.8920  0.11385  -2.7674E-04 -2.1585E-04  3.5096E-04 -142.047
    39    4   0.4853   0.0000   0.8004  0.11385   5.5730E-05 -1.6415E-04  1.7335E-04  -71.247
    40    4   0.5529   0.0000   0.7088  0.11385   3.9896E-04 -9.4880E-05  4.1008E-04  -13.378
    41    4   0.6205   0.0000   0.6172  0.11385   6.0550E-04 -2.8928E-05  6.0619E-04   -2.735
    42    4   0.6881   0.0000   0.5256  0.11385   5.8643E-04  1.3595E-05  5.8659E-04    1.328
    43    4   0.7557   0.0000   0.4340  0.11385   3.5509E-04  2.0041E-05  3.5565E-04    3.230
    44    4   0.8233   0.0000   0.3424  0.11385   2.1446E-05 -9.6360E-06  2.3512E-05  -24.195
    45    4   0.8909   0.0000   0.2508  0.11385  -2.6062E-04 -6.2646E-05  2.6804E-04 -166.484
    46    4   0.9585   0.0000   0.1592  0.11385  -3.6744E-04 -1.1825E-04  3.8600E-04 -162.160
    47    5   0.4565   0.0000   0.1134  0.11908  -9.4719E-05 -4.9635E-05  1.0694E-04 -152.344
    48    5   0.5756   0.0000   0.1134  0.11908  -1.8962E-04 -5.8536E-05  1.9845E-04 -162.844
    49    5   0.6946   0.0000   0.1134  0.11908  -1.2702E-04  1.5860E-05  1.2801E-04  172.883
    50    5   0.8137   0.0000   0.1134  0.11908   6.0090E-05  1.0734E-04  1.2302E-04   60.761
    51    5   0.9328   0.0000   0.1134  0.11908   2.6750E-04  1.4975E-04  3.0656E-04   29.241



                                        - - - POWER BUDGET - - -

                                           INPUT POWER   = 1.7902E-03 WATTS
                                           RADIATED POWER= 1.7902E-03 WATTS
                                           STRUCTURE LOSS= 0.0000E+00 WATTS
                                           NETWORK LOSS  = 0.0000E+00 WATTS
                                           EFFICIENCY    = 100.00 PERCENT



                               - - - FAR FIELD GROUND PARAMETERS - - -


                                        CIRCLE CLIFF
                                        EDGE DISTANCE=     0.00 METERS
                                        HEIGHT=    0.00 METERS
                                        SECOND MEDIUM -
                                        RELATIVE DIELECTRIC CONST.= 13.000
                                        CONDUCTIVITY= 5.000E-03 MHOS



                                                - - - RADIATION PATTERNS - - -

  - - ANGLES - -           - POWER GAINS -       - - - POLARIZATION - - -    - - - E(THETA) - - -    - - - E(PHI) - - -
  THETA     PHI        VERT.   HOR.    TOTAL      AXIAL     TILT   SENSE     MAGNITUDE    PHASE      MAGNITUDE    PHASE 
 DEGREES  DEGREES       DB      DB      DB        RATIO     DEG.              VOLTS/M    DEGREES      VOLTS/M    DEGREES
  -90.00     0.00    -999.99 -999.99 -999.99    0.00000     0.00            1.66705E-11    78.28    0.00000E+00     0.00
  -85.00     0.00      -4.81 -999.99   -4.81    0.00000     0.00  LINEAR    1.88274E-01   -96.69    0.00000E+00     0.00
  -80.00     0.00      -4.33 -999.99   -4.33    0.00000     0.00  LINEAR    1.98929E-01   -85.69    0.00000E+00     0.00
  -75.00     0.00      -9.48 -999.99   -9.48    0.00000     0.00  LINEAR    1.10011E-01   -53.44    0.00000E+00     0.00
  -70.00     0.00     -10.86 -999.99  -10.86    0.00000     0.00  LINEAR    9.38149E-02    37.71    0.00000E+00     0.00
  -65.00     0.00      -6.14 -999.99   -6.14    0.00000     0.00  LINEAR    1.61557E-01    87.04    0.00000E+00     0.00
  -60.00     0.00      -3.40 -999.99   -3.40    0.00000     0.00  LINEAR    2.21462E-01   124.23    0.00000E+00     0.00
  -55.00     0.00      -0.47 -999.99   -0.47    0.00000     0.00  LINEAR    3.10359E-01   156.24    0.00000E+00     0.00
  -50.00     0.00       2.16 -999.99    2.16    0.00000     0.00  LINEAR    4.20098E-01   177.53    0.00000E+00     0.00
  -45.00     0.00       3.74 -999.99    3.74    0.00000     0.00  LINEAR    5.04144E-01  -168.62    0.00000E+00     0.00
  -40.00     0.00       4.24 -999.99    4.24    0.00000     0.00  LINEAR    5.33786E-01  -158.20    0.00000E+00     0.00
  -35.00     0.00       3.84 -999.99    3.84    0.00000     0.00  LINEAR    5.09891E-01  -148.75    0.00000E+00     0.00
  -30.00     0.00       2.82 -999.99    2.82    0.00000     0.00  LINEAR    4.53188E-01  -138.96    0.00000E+00     0.00
  -25.00     0.00       1.48 -999.99    1.48    0.00000     0.00  LINEAR    3.88574E-01  -128.70    0.00000E+00     0.00
  -20.00     0.00       0.09 -999.99    0.09    0.00000     0.00  LINEAR    3.30848E-01  -119.37    0.00000E+00     0.00
  -15.00     0.00      -1.38 -999.99   -1.38    0.00000     0.00  LINEAR    2.79641E-01  -113.45    0.00000E+00     0.00
  -10.00     0.00      -3.19 -999.99   -3.19    0.00000     0.00  LINEAR    2.26927E-01  -113.01    0.00000E+00     0.00
   -5.00     0.00      -5.84 -999.99   -5.84    0.00000     0.00  LINEAR    1.67287E-01  -119.83    0.00000E+00     0.00
    0.00     0.00     -10.09 -999.99  -10.09    0.00000     0.00  LINEAR    1.02591E-01  -139.58    0.00000E+00     0.00
    5.00     0.00     -14.60 -999.99  -14.60    0.00000     0.00  LINEAR    6.10190E-02   158.31    0.00000E+00     0.00
   10.00     0.00      -9.12 -999.99   -9.12    0.00000     0.00  LINEAR    1.14609E-01    93.67    0.00000E+00     0.00
   15.00     0.00      -3.77 -999.99   -3.77    0.00000     0.00  LINEAR    2.12312E-01    69.71    0.00000E+00     0.00
   20.00     0.00      -0.14 -999.99   -0.14    0.00000     0.00  LINEAR    3.22333E-01    55.86    0.00000E+00     0.00
   25.00     0.00       2.39 -999.99    2.39    0.00000     0.00  LINEAR    4.31386E-01    45.65    0.00000E+00     0.00
   30.00     0.00       4.08 -999.99    4.08    0.00000     0.00  LINEAR    5.24057E-01    37.34    0.00000E+00     0.00
   35.00     0.00       5.00 -999.99    5.00    0.00000     0.00  LINEAR    5.82632E-01    29.99    0.00000E+00     0.00
   40.00     0.00       5.12 -999.99    5.12    0.00000     0.00  LINEAR    5.90875E-01    22.84    0.00000E+00     0.00
   45.00     0.00       4.34 -999.99    4.34    0.00000     0.00  LINEAR    5.40257E-01    14.93    0.00000E+00     0.00
   50.00     0.00       2.50 -999.99    2.50    0.00000     0.00  LINEAR    4.37126E-01     4.84    0.00000E+00     0.00
   55.00     0.00      -0.58 -999.99   -0.58    0.00000     0.00  LINEAR    3.06589E-01    -9.87    0.00000E+00     0.00
   60.00     0.00      -4.96 -999.99   -4.96    0.00000     0.00  LINEAR    1.85136E-01   -32.65    0.00000E+00     0.00
   65.00     0.00     -11.00 -999.99  -11.00    0.00000     0.00  LINEAR    9.22838E-02   -65.12    0.00000E+00     0.00
   70.00     0.00     -24.74 -999.99  -24.74    0.00000     0.00  LINEAR    1.89747E-02  -164.30    0.00000E+00     0.00
   75.00     0.00     -10.00 -999.99  -10.00    0.00000     0.00  LINEAR    1.03611E-01    97.21    0.00000E+00     0.00
   80.00     0.00      -5.14 -999.99   -5.14    0.00000     0.00  LINEAR    1.81294E-01    82.51    0.00000E+00     0.00
   85.00     0.00      -5.95 -999.99   -5.95    0.00000     0.00  LINEAR    1.65204E-01    75.27    0.00000E+00     0.00
   90.00     0.00    -999.99 -999.99 -999.99    0.00000     0.00            1.44742E-11  -108.97    0.00000E+00     0.00


                                     - - - - NORMALIZED GAIN - - - -

                                           TOTAL GAIN
                                      NORMALIZATION FACTOR =     5.12 DB

    - - ANGLES - -      GAIN           - - ANGLES - -      GAIN           - - ANGLES - -      GAIN
    THETA     PHI        DB            THETA     PHI        DB            THETA     PHI        DB
   DEGREES  DEGREES                   DEGREES  DEGREES                   DEGREES  DEGREES
    -90.00     0.00  -1005.11          -25.00     0.00     -3.64           35.00     0.00     -0.12
    -85.00     0.00     -9.93          -20.00     0.00     -5.04           40.00     0.00      0.00
    -80.00     0.00     -9.46          -15.00     0.00     -6.50           45.00     0.00     -0.78
    -75.00     0.00    -14.60          -10.00     0.00     -8.31           50.00     0.00     -2.62
    -70.00     0.00    -15.98           -5.00     0.00    -10.96           55.00     0.00     -5.70
    -65.00     0.00    -11.26            0.00     0.00    -15.21           60.00     0.00    -10.08
    -60.00     0.00     -8.52            5.00     0.00    -19.72           65.00     0.00    -16.13
    -55.00     0.00     -5.59           10.00     0.00    -14.25           70.00     0.00    -29.87
    -50.00     0.00     -2.96           15.00     0.00     -8.89           75.00     0.00    -15.12
    -45.00     0.00     -1.38           20.00     0.00     -5.26           80.00     0.00    -10.26
    -40.00     0.00     -0.88           25.00     0.00     -2.73           85.00     0.00    -11.07
    -35.00     0.00     -1.28           30.00     0.00     -1.04           90.00     0.00  -1005.11
    -30.00     0.00     -2.30




                                 - - - - - - FREQUENCY - - - - - -

                                    FREQUENCY= 1.8000E+01 MHZ
                                    WAVELENGTH= 1.6656E+01 METERS




                    APPROXIMATE INTEGRATION EMPLOYED FOR SEGMENTS MORE THAN   1.000 WAVELENGTHS APART



                               - - - STRUCTURE IMPEDANCE LOADING - - -


       LOCATION          RESISTANCE   INDUCTANCE  CAPACITANCE       IMPEDANCE (OHMS)     CONDUCTIVITY    TYPE
    ITAG FROM THRU          OHMS        HENRYS       FARADS        REAL      IMAGINARY    MHOS/METER

       1    1    1                                3.7800E-10                                           SERIES 



                                  - - - ANTENNA ENVIRONMENT - - -

                                          PERFECT GROUND



                                - - - MATRIX TIMING - - -

                        FILL=    0.000 SEC.,  FACTOR=    0.000 SEC.



                                          - - - ANTENNA INPUT PARAMETERS - - -

   TAG   SEG.    VOLTAGE (VOLTS)         CURRENT (AMPS)         IMPEDANCE (OHMS)        ADMITTANCE (MHOS)      POWER
   NO.   NO.    REAL        IMAG.       REAL        IMAG.       REAL        IMAG.       REAL        IMAG.     (WATTS)
     1     1 1.00000E+00 0.00000E+00 1.98104E-03-2.22302E-03 2.23434E+02 2.50726E+02 1.98104E-03-2.22302E-03 9.90521E-04



                             - - - CURRENTS AND LOCATION - - -

                                 DISTANCES IN WAVELENGTHS


  SEG.  TAG    COORD. OF SEG. CENTER     SEG.            - - - CURRENT (AMPS) - - -
  NO.   NO.     X        Y        Z      LENGTH     REAL        IMAG.       MAG.        PHASE
     1    1   0.0000   0.0000   0.0588  0.11758   1.9810E-03 -2.2230E-03  2.9776E-03  -48.294
     2    1   0.0000   0.0000   0.1764  0.11758   1.4542E-03 -3.5061E-03  3.7957E-03  -67.472
     3    1   0.0000   0.0000   0.2939  0.11758   5.0713E-04 -2.9929E-03  3.0356E-03  -80.383
     4    1   0.0000   0.0000   0.4115  0.11758  -4.7843E-04 -8.3982E-04  9.6654E-04 -119.670
     5    1   0.0000   0.0000   0.5291  0.11758  -1.1050E-03  1.7057E-03  2.0323E-03  122.936
     6    1   0.0000   0.0000   0.6467  0.11758  -1.1490E-03  3.2965E-03  3.4909E-03  109.216
     7    1   0.0000   0.0000   0.7643  0.11758  -6.4937E-04  3.1201E-03  3.1870E-03  101.757
     8    1   0.0000   0.0000   0.8818  0.11758   1.2329E-04  1.2951E-03  1.3010E-03   84.562
     9    1   0.0000   0.0000   0.9994  0.11758   8.0163E-04 -1.2036E-03  1.4462E-03  -56.336
    10    1   0.0000   0.0000   1.1170  0.11758   1.0929E-03 -3.0504E-03  3.2403E-03  -70.288
    11    1   0.0000   0.0000   1.2346  0.11758   9.0473E-04 -3.2433E-03  3.3671E-03  -74.413
    12    1   0.0000   0.0000   1.3522  0.11758   3.5624E-04 -1.5337E-03  1.5745E-03  -76.923
    13    2  -0.1570   0.0000   1.3324  0.12193   7.2526E-05 -3.4646E-04  3.5397E-04  -78.177
    14    2  -0.2309   0.0000   1.2354  0.12193   1.0429E-04 -7.7142E-04  7.7844E-04  -82.301
    15    2  -0.3048   0.0000   1.1385  0.12193   8.5470E-06 -7.4848E-04  7.4853E-04  -89.346
    16    2  -0.3787   0.0000   1.0415  0.12193  -1.3720E-04 -3.3815E-04  3.6493E-04 -112.084
    17    2  -0.4526   0.0000   0.9445  0.12193  -2.3207E-04  2.0905E-04  3.1234E-04  137.987
    18    2  -0.5265   0.0000   0.8475  0.12193  -2.0580E-04  5.7981E-04  6.1525E-04  109.542
    19    2  -0.6004   0.0000   0.7505  0.12193  -5.6637E-05  5.6696E-04  5.6978E-04   95.705
    20    2  -0.6743   0.0000   0.6535  0.12193   1.4902E-04  1.8070E-04  2.3422E-04   50.489
    21    2  -0.7482   0.0000   0.5565  0.12193   3.1351E-04 -3.5913E-04  4.7672E-04  -48.880
    22    2  -0.8221   0.0000   0.4595  0.12193   3.6055E-04 -7.4612E-04  8.2867E-04  -64.208
    23    2  -0.8960   0.0000   0.3625  0.12193   2.7442E-04 -7.5688E-04  8.0509E-04  -70.071
    24    2  -0.9699   0.0000   0.2656  0.12193   1.0499E-04 -3.7466E-04  3.8909E-04  -74.345
    25    2  -1.0438   0.0000   0.1686  0.12193  -6.2295E-05  2.0218E-04  2.1156E-04  107.125
    26    3  -1.0226   0.0000   0.1201  0.11633  -1.5816E-04  6.6418E-04  6.8275E-04  103.395
    27    3  -0.9062   0.0000   0.1201  0.11633  -1.9346E-04  7.9956E-04  8.2264E-04  103.602
    28    3  -0.7899   0.0000   0.1201  0.11633  -1.6938E-04  5.4575E-04  5.7143E-04  107.242
    29    3  -0.6736   0.0000   0.1201  0.11633  -1.0462E-04  1.9085E-05  1.0635E-04  169.662
    30    3  -0.5572   0.0000   0.1201  0.11633  -3.4929E-05 -5.2621E-04  5.2737E-04  -93.798
    31    3  -0.4409   0.0000   0.1201  0.11633   7.5843E-06 -8.2671E-04  8.2675E-04  -89.474
    32    3  -0.3246   0.0000   0.1201  0.11633   1.2841E-05 -7.4089E-04  7.4100E-04  -89.007
    33    3  -0.2083   0.0000   0.1201  0.11633   4.7137E-08 -3.0550E-04  3.0550E-04  -89.991
    34    4   0.1559   0.0000   1.3324  0.12055   2.3250E-05 -4.3662E-05  4.9466E-05  -61.965
    35    4   0.2275   0.0000   1.2354  0.12055  -2.2675E-05 -9.4773E-05  9.7448E-05 -103.456
    36    4   0.2990   0.0000   1.1385  0.12055  -1.4263E-04 -1.0450E-04  1.7682E-04 -143.772
    37    4   0.3706   0.0000   1.0415  0.12055  -2.4642E-04 -9.2849E-05  2.6333E-04 -159.354
    38    4   0.4422   0.0000   0.9445  0.12055  -2.5215E-04 -8.1019E-05  2.6484E-04 -162.187
    39    4   0.5138   0.0000   0.8475  0.12055  -1.3280E-04 -8.1167E-05  1.5564E-04 -148.567
    40    4   0.5854   0.0000   0.7505  0.12055   6.6993E-05 -9.2682E-05  1.1436E-04  -54.139
    41    4   0.6570   0.0000   0.6535  0.12055   2.5428E-04 -1.0533E-04  2.7524E-04  -22.501
    42    4   0.7286   0.0000   0.5565  0.12055   3.3805E-04 -1.0752E-04  3.5473E-04  -17.643
    43    4   0.8001   0.0000   0.4595  0.12055   2.7851E-04 -9.4105E-05  2.9398E-04  -18.670
    44    4   0.8717   0.0000   0.3625  0.12055   1.0858E-04 -7.0031E-05  1.2921E-04  -32.820
    45    4   0.9433   0.0000   0.2656  0.12055  -8.4183E-05 -4.7688E-05  9.6752E-05 -150.469
    46    4   1.0149   0.0000   0.1686  0.12055  -2.0513E-04 -3.9384E-05  2.0888E-04 -169.132
    47    5   0.4833   0.0000   0.1201  0.12608  -5.7098E-05 -3.6865E-05  6.7965E-05 -147.152
    48    5   0.6094   0.0000   0.1201  0.12608  -9.3675E-05 -5.8924E-05  1.1067E-04 -147.829
    49    5   0.7355   0.0000   0.1201  0.12608  -2.3863E-05 -2.9496E-05  3.7940E-05 -128.973
    50    5   0.8616   0.0000   0.1201  0.12608   1.0365E-04  1.6605E-05  1.0498E-04    9.101
    51    5   0.9877   0.0000   0.1201  0.12608   2.0379E-04  4.3067E-05  2.0829E-04   11.933



                                        - - - POWER BUDGET - - -

                                           INPUT POWER   = 9.9052E-04 WATTS
                                           RADIATED POWER= 9.9052E-04 WATTS
                                           STRUCTURE LOSS= 0.0000E+00 WATTS
                                           NETWORK LOSS  = 0.0000E+00 WATTS
                                           EFFICIENCY    = 100.00 PERCENT



                               - - - FAR FIELD GROUND PARAMETERS - - -


                                        CIRCLE CLIFF
                                        EDGE DISTANCE=     0.00 METERS
                                        HEIGHT=    0.00 METERS
                                        SECOND MEDIUM -
                                        RELATIVE DIELECTRIC CONST.= 13.000
                                        CONDUCTIVITY= 5.000E-03 MHOS



                                                - - - RADIATION PATTERNS - - -

  - - ANGLES - -           - POWER GAINS -       - - - POLARIZATION - - -    - - - E(THETA) - - -    - - - E(PHI) - - -
  THETA     PHI        VERT.   HOR.    TOTAL      AXIAL     TILT   SENSE     MAGNITUDE    PHASE      MAGNITUDE    PHASE 
 DEGREES  DEGREES       DB      DB      DB        RATIO     DEG.              VOLTS/M    DEGREES      VOLTS/M    DEGREES
  -90.00     0.00    -999.99 -999.99 -999.99    0.00000     0.00            1.05317E-11    55.41    0.00000E+00     0.00
  -85.00     0.00      -6.08 -999.99   -6.08    0.00000     0.00  LINEAR    1.21034E-01  -119.68    0.00000E+00     0.00
  -80.00     0.00      -4.89 -999.99   -4.89    0.00000     0.00  LINEAR    1.38746E-01  -109.89    0.00000E+00     0.00
  -75.00     0.00      -7.80 -999.99   -7.80    0.00000     0.00  LINEAR    9.92608E-02   -92.21    0.00000E+00     0.00
  -70.00     0.00     -13.78 -999.99  -13.78    0.00000     0.00  LINEAR    4.98738E-02   -69.26    0.00000E+00     0.00
  -65.00     0.00     -24.06 -999.99  -24.06    0.00000     0.00  LINEAR    1.52787E-02  -155.50    0.00000E+00     0.00
  -60.00     0.00      -8.29 -999.99   -8.29    0.00000     0.00  LINEAR    9.38140E-02   179.01    0.00000E+00     0.00
  -55.00     0.00      -2.04 -999.99   -2.04    0.00000     0.00  LINEAR    1.92617E-01  -172.23    0.00000E+00     0.00
  -50.00     0.00       1.24 -999.99    1.24    0.00000     0.00  LINEAR    2.81199E-01  -163.51    0.00000E+00     0.00
  -45.00     0.00       2.92 -999.99    2.92    0.00000     0.00  LINEAR    3.41143E-01  -155.03    0.00000E+00     0.00
  -40.00     0.00       3.62 -999.99    3.62    0.00000     0.00  LINEAR    3.69752E-01  -146.71    0.00000E+00     0.00
  -35.00     0.00       3.71 -999.99    3.71    0.00000     0.00  LINEAR    3.73423E-01  -139.24    0.00000E+00     0.00
  -30.00     0.00       3.33 -999.99    3.33    0.00000     0.00  LINEAR    3.57755E-01  -133.83    0.00000E+00     0.00
  -25.00     0.00       2.48 -999.99    2.48    0.00000     0.00  LINEAR    3.24118E-01  -131.66    0.00000E+00     0.00
  -20.00     0.00       0.99 -999.99    0.99    0.00000     0.00  LINEAR    2.73259E-01  -133.69    0.00000E+00     0.00
  -15.00     0.00      -1.30 -999.99   -1.30    0.00000     0.00  LINEAR    2.09719E-01  -141.17    0.00000E+00     0.00
  -10.00     0.00      -4.59 -999.99   -4.59    0.00000     0.00  LINEAR    1.43731E-01  -157.31    0.00000E+00     0.00
   -5.00     0.00      -8.29 -999.99   -8.29    0.00000     0.00  LINEAR    9.37857E-02   169.43    0.00000E+00     0.00
    0.00     0.00      -9.02 -999.99   -9.02    0.00000     0.00  LINEAR    8.63059E-02   119.72    0.00000E+00     0.00
    5.00     0.00      -6.73 -999.99   -6.73    0.00000     0.00  LINEAR    1.12350E-01    84.61    0.00000E+00     0.00
   10.00     0.00      -4.63 -999.99   -4.63    0.00000     0.00  LINEAR    1.43073E-01    64.52    0.00000E+00     0.00
   15.00     0.00      -3.07 -999.99   -3.07    0.00000     0.00  LINEAR    1.71215E-01    51.62    0.00000E+00     0.00
   20.00     0.00      -1.73 -999.99   -1.73    0.00000     0.00  LINEAR    1.99789E-01    43.22    0.00000E+00     0.00
   25.00     0.00      -0.36 -999.99   -0.36    0.00000     0.00  LINEAR    2.33898E-01    38.09    0.00000E+00     0.00
   30.00     0.00       1.08 -999.99    1.08    0.00000     0.00  LINEAR    2.75998E-01    34.84    0.00000E+00     0.00
   35.00     0.00       2.41 -999.99    2.41    0.00000     0.00  LINEAR    3.21598E-01    32.00    0.00000E+00     0.00
   40.00     0.00       3.33 -999.99    3.33    0.00000     0.00  LINEAR    3.57701E-01    28.51    0.00000E+00     0.00
   45.00     0.00       3.55 -999.99    3.55    0.00000     0.00  LINEAR    3.66786E-01    23.71    0.00000E+00     0.00
   50.00     0.00       2.79 -999.99    2.79    0.00000     0.00  LINEAR    3.35975E-01    16.94    0.00000E+00     0.00
   55.00     0.00       0.80 -999.99    0.80    0.00000     0.00  LINEAR    2.67163E-01     7.12    0.00000E+00     0.00
   60.00     0.00      -2.62 -999.99   -2.62    0.00000     0.00  LINEAR    1.80187E-01    -7.25    0.00000E+00     0.00
   65.00     0.00      -7.76 -999.99   -7.76    0.00000     0.00  LINEAR    9.97158E-02   -25.17    0.00000E+00     0.00
   70.00     0.00     -17.46 -999.99  -17.46    0.00000     0.00  LINEAR    3.26396E-02   -22.42    0.00000E+00     0.00
   75.00     0.00     -13.09 -999.99  -13.09    0.00000     0.00  LINEAR    5.39969E-02    76.43    0.00000E+00     0.00
   80.00     0.00      -6.78 -999.99   -6.78    0.00000     0.00  LINEAR    1.11631E-01    77.47    0.00000E+00     0.00
   85.00     0.00      -7.10 -999.99   -7.10    0.00000     0.00  LINEAR    1.07661E-01    73.32    0.00000E+00     0.00
   90.00     0.00    -999.99 -999.99 -999.99    0.00000     0.00            9.57897E-12  -110.15    0.00000E+00     0.00


                                     - - - - NORMALIZED GAIN - - - -

                                           TOTAL GAIN
                                      NORMALIZATION FACTOR =     3.71 DB

    - - ANGLES - -      GAIN           - - ANGLES - -      GAIN           - - ANGLES - -      GAIN
    THETA     PHI        DB            THETA     PHI        DB            THETA     PHI        DB
   DEGREES  DEGREES                   DEGREES  DEGREES                   DEGREES  DEGREES
    -90.00     0.00  -1003.70          -25.00     0.00     -1.23           35.00     0.00     -1.30
    -85.00     0.00     -9.79          -20.00     0.00     -2.71           40.00     0.00     -0.37
    -80.00     0.00     -8.60          -15.00     0.00     -5.01           45.00     0.00     -0.16
    -75.00     0.00    -11.51          -10.00     0.00     -8.29           50.00     0.00     -0.92
    -70.00     0.00    -17.49           -5.00     0.00    -12.00           55.00     0.00     -2.91
    -65.00     0.00    -27.76            0.00     0.00    -12.72           60.00     0.00     -6.33
    -60.00     0.00    -12.00            5.00     0.00    -10.43           65.00     0.00    -11.47
    -55.00     0.00     -5.75           10.00     0.00     -8.33           70.00     0.00    -21.17
    -50.00     0.00     -2.46           15.00     0.00     -6.77           75.00     0.00    -16.80
    -45.00     0.00     -0.79           20.00     0.00     -5.43           80.00     0.00    -10.49
    -40.00     0.00     -0.09           25.00     0.00     -4.06           85.00     0.00    -10.80
    -35.00     0.00      0.00           30.00     0.00     -2.63           90.00     0.00  -1003.70
    -30.00     0.00     -0.37




                                 - - - - - - FREQUENCY - - - - - -

                                    FREQUENCY= 1.9000E+01 MHZ
                                    WAVELENGTH= 1.5779E+01 METERS




                    APPROXIMATE INTEGRATION EMPLOYED FOR SEGMENTS MORE THAN   1.000 WAVELENGTHS APART



                               - - - STRUCTURE IMPEDANCE LOADING - - -


       LOCATION          RESISTANCE   INDUCTANCE  CAPACITANCE       IMPEDANCE (OHMS)     CONDUCTIVITY    TYPE
    ITAG FROM THRU          OHMS        HENRYS       FARADS        REAL      IMAGINARY    MHOS/METER

       1    1    1                                3.7800E-10                                           SERIES 



                                  - - - ANTENNA ENVIRONMENT - - -

                                          PERFECT GROUND



                                - - - MATRIX TIMING - - -

                        FILL=    0.000 SEC.,  FACTOR=    0.000 SEC.



                                          - - - ANTENNA INPUT PARAMETERS - - -

   TAG   SEG.    VOLTAGE (VOLTS)         CURRENT (AMPS)         IMPEDANCE (OHMS)        ADMITTANCE (MHOS)      POWER
   NO.   NO.    REAL        IMAG.       REAL        IMAG.       REAL        IMAG.       REAL        IMAG.     (WATTS)
     1     1 1.00000E+00 0.00000E+00 1.56328E-03-8.55232E-04 4.92331E+02 2.69343E+02 1.56328E-03-8.55232E-04 7.81639E-04



                             - - - CURRENTS AND LOCATION - - -

                                 DISTANCES IN WAVELENGTHS


  SEG.  TAG    COORD. OF SEG. CENTER     SEG.            - - - CURRENT (AMPS) - - -
  NO.   NO.     X        Y        Z      LENGTH     REAL        IMAG.       MAG.        PHASE
     1    1   0.0000   0.0000   0.0621  0.12411   1.5633E-03 -8.5523E-04  1.7819E-03  -28.682
     2    1   0.0000   0.0000   0.1862  0.12411   1.1429E-03 -2.8217E-03  3.0444E-03  -67.950
     3    1   0.0000   0.0000   0.3103  0.12411   4.0616E-04 -3.2017E-03  3.2274E-03  -82.770
     4    1   0.0000   0.0000   0.4344  0.12411  -3.3155E-04 -1.6731E-03  1.7056E-03 -101.209
     5    1   0.0000   0.0000   0.5585  0.12411  -7.6511E-04  7.6181E-04  1.0797E-03  135.124
     6    1   0.0000   0.0000   0.6826  0.12411  -7.4994E-04  2.6909E-03  2.7935E-03  105.573
     7    1   0.0000   0.0000   0.8067  0.12411  -3.5703E-04  3.0286E-03  3.0496E-03   96.723
     8    1   0.0000   0.0000   0.9308  0.12411   1.7858E-04  1.6083E-03  1.6182E-03   83.664
     9    1   0.0000   0.0000   1.0549  0.12411   5.8642E-04 -7.3530E-04  9.4051E-04  -51.427
    10    1   0.0000   0.0000   1.1790  0.12411   6.9593E-04 -2.6426E-03  2.7327E-03  -75.246
    11    1   0.0000   0.0000   1.3032  0.12411   5.0881E-04 -2.9906E-03  3.0336E-03  -80.344
    12    1   0.0000   0.0000   1.4273  0.12411   1.7152E-04 -1.4440E-03  1.4542E-03  -83.226
    13    2  -0.1658   0.0000   1.4065  0.12870  -4.1703E-05 -1.3323E-04  1.3961E-04 -107.380
    14    2  -0.2438   0.0000   1.3041  0.12870  -1.5779E-04 -2.7761E-04  3.1932E-04 -119.614
    15    2  -0.3218   0.0000   1.2017  0.12870  -2.4758E-04 -2.4291E-04  3.4685E-04 -135.546
    16    2  -0.3998   0.0000   1.0993  0.12870  -2.3875E-04 -8.3840E-05  2.5304E-04 -160.651
    17    2  -0.4778   0.0000   0.9969  0.12870  -1.1718E-04  8.4243E-05  1.4432E-04  144.287
    18    2  -0.5558   0.0000   0.8946  0.12870   6.0184E-05  1.5065E-04  1.6223E-04   68.224
    19    2  -0.6338   0.0000   0.7922  0.12870   1.9880E-04  7.2582E-05  2.1163E-04   20.057
    20    2  -0.7118   0.0000   0.6898  0.12870   2.2466E-04 -1.0282E-04  2.4707E-04  -24.593
    21    2  -0.7898   0.0000   0.5874  0.12870   1.3001E-04 -2.6987E-04  2.9955E-04  -64.277
    22    2  -0.8678   0.0000   0.4851  0.12870  -2.1575E-05 -3.2948E-04  3.3019E-04  -93.746
    23    2  -0.9458   0.0000   0.3827  0.12870  -1.3472E-04 -2.4879E-04  2.8292E-04 -118.437
    24    2  -1.0238   0.0000   0.2803  0.12870  -1.4192E-04 -7.8699E-05  1.6228E-04 -150.990
    25    2  -1.1018   0.0000   0.1779  0.12870  -4.5359E-05  8.0055E-05  9.2012E-05  119.536
    26    3  -1.0794   0.0000   0.1268  0.12279   8.3329E-05  1.4705E-04  1.6902E-04   60.461
    27    3  -0.9566   0.0000   0.1268  0.12279   1.5953E-04  1.4630E-04  2.1645E-04   42.524
    28    3  -0.8338   0.0000   0.1268  0.12279   1.3183E-04  9.2431E-05  1.6101E-04   35.035
    29    3  -0.7110   0.0000   0.1268  0.12279   4.2727E-06  1.3045E-05  1.3727E-05   71.864
    30    3  -0.5882   0.0000   0.1268  0.12279  -1.6056E-04 -5.5811E-05  1.6998E-04 -160.832
    31    3  -0.4654   0.0000   0.1268  0.12279  -2.7313E-04 -8.8563E-05  2.8713E-04 -162.035
    32    3  -0.3426   0.0000   0.1268  0.12279  -2.6424E-04 -8.0243E-05  2.7616E-04 -163.108
    33    3  -0.2198   0.0000   0.1268  0.12279  -1.1768E-04 -3.7324E-05  1.2346E-04 -162.403
    34    4   0.1645   0.0000   1.4065  0.12724   9.0215E-05 -8.1369E-05  1.2149E-04  -42.049
    35    4   0.2401   0.0000   1.3041  0.12724   1.3061E-04 -1.6022E-04  2.0672E-04  -50.813
    36    4   0.3157   0.0000   1.2017  0.12724   9.0216E-06 -1.3080E-04  1.3111E-04  -86.054
    37    4   0.3912   0.0000   1.0993  0.12724  -1.7384E-04 -4.1357E-05  1.7869E-04 -166.618
    38    4   0.4668   0.0000   0.9969  0.12724  -2.8433E-04  3.5270E-05  2.8651E-04  172.929
    39    4   0.5423   0.0000   0.8946  0.12724  -2.3625E-04  4.3289E-05  2.4018E-04  169.617
    40    4   0.6179   0.0000   0.7922  0.12724  -4.3340E-05 -2.5473E-05  5.0272E-05 -149.555
    41    4   0.6935   0.0000   0.6898  0.12724   1.8918E-04 -1.2974E-04  2.2939E-04  -34.442
    42    4   0.7690   0.0000   0.5874  0.12724   3.2869E-04 -2.0614E-04  3.8799E-04  -32.095
    43    4   0.8446   0.0000   0.4851  0.12724   2.9523E-04 -2.0864E-04  3.6151E-04  -35.249
    44    4   0.9202   0.0000   0.3827  0.12724   1.0894E-04 -1.3662E-04  1.7474E-04  -51.433
    45    4   0.9957   0.0000   0.2803  0.12724  -1.2334E-04 -3.4611E-05  1.2811E-04 -164.325
    46    4   1.0713   0.0000   0.1779  0.12724  -2.7305E-04  3.6091E-05  2.7543E-04  172.471
    47    5   0.5102   0.0000   0.1268  0.13309  -1.0327E-04 -1.2925E-05  1.0407E-04 -172.866
    48    5   0.6433   0.0000   0.1268  0.13309  -1.8819E-04 -2.4990E-05  1.8984E-04 -172.436
    49    5   0.7764   0.0000   0.1268  0.13309  -9.5195E-05 -2.9107E-05  9.9545E-05 -162.998
    50    5   0.9094   0.0000   0.1268  0.13309   1.0216E-04 -3.5034E-05  1.0800E-04  -18.929
    51    5   1.0425   0.0000   0.1268  0.13309   2.6297E-04 -4.3138E-05  2.6649E-04   -9.316



                                        - - - POWER BUDGET - - -

                                           INPUT POWER   = 7.8164E-04 WATTS
                                           RADIATED POWER= 7.8164E-04 WATTS
                                           STRUCTURE LOSS= 0.0000E+00 WATTS
                                           NETWORK LOSS  = 0.0000E+00 WATTS
                                           EFFICIENCY    = 100.00 PERCENT



                               - - - FAR FIELD GROUND PARAMETERS - - -


                                        CIRCLE CLIFF
                                        EDGE DISTANCE=     0.00 METERS
                                        HEIGHT=    0.00 METERS
                                        SECOND MEDIUM -
                                        RELATIVE DIELECTRIC CONST.= 13.000
                                        CONDUCTIVITY= 5.000E-03 MHOS



                                                - - - RADIATION PATTERNS - - -

  - - ANGLES - -           - POWER GAINS -       - - - POLARIZATION - - -    - - - E(THETA) - - -    - - - E(PHI) - - -
  THETA     PHI        VERT.   HOR.    TOTAL      AXIAL     TILT   SENSE     MAGNITUDE    PHASE      MAGNITUDE    PHASE 
 DEGREES  DEGREES       DB      DB      DB        RATIO     DEG.              VOLTS/M    DEGREES      VOLTS/M    DEGREES
  -90.00     0.00    -999.99 -999.99 -999.99    0.00000     0.00            1.05443E-11    56.48    0.00000E+00     0.00
  -85.00     0.00      -5.02 -999.99   -5.02    0.00000     0.00  LINEAR    1.21446E-01  -119.60    0.00000E+00     0.00
  -80.00     0.00      -3.78 -999.99   -3.78    0.00000     0.00  LINEAR    1.40063E-01  -113.52    0.00000E+00     0.00
  -75.00     0.00      -6.66 -999.99   -6.66    0.00000     0.00  LINEAR    1.00525E-01  -107.39    0.00000E+00     0.00
  -70.00     0.00     -11.59 -999.99  -11.59    0.00000     0.00  LINEAR    5.69841E-02  -121.75    0.00000E+00     0.00
  -65.00     0.00      -8.54 -999.99   -8.54    0.00000     0.00  LINEAR    8.09859E-02  -165.35    0.00000E+00     0.00
  -60.00     0.00      -2.38 -999.99   -2.38    0.00000     0.00  LINEAR    1.64510E-01  -170.38    0.00000E+00     0.00
  -55.00     0.00       1.43 -999.99    1.43    0.00000     0.00  LINEAR    2.55211E-01  -165.29    0.00000E+00     0.00
  -50.00     0.00       3.43 -999.99    3.43    0.00000     0.00  LINEAR    3.21170E-01  -158.87    0.00000E+00     0.00
  -45.00     0.00       4.08 -999.99    4.08    0.00000     0.00  LINEAR    3.46267E-01  -152.08    0.00000E+00     0.00
  -40.00     0.00       3.72 -999.99    3.72    0.00000     0.00  LINEAR    3.32134E-01  -144.91    0.00000E+00     0.00
  -35.00     0.00       2.57 -999.99    2.57    0.00000     0.00  LINEAR    2.90999E-01  -137.41    0.00000E+00     0.00
  -30.00     0.00       0.76 -999.99    0.76    0.00000     0.00  LINEAR    2.36330E-01  -129.88    0.00000E+00     0.00
  -25.00     0.00      -1.71 -999.99   -1.71    0.00000     0.00  LINEAR    1.77800E-01  -122.65    0.00000E+00     0.00
  -20.00     0.00      -5.03 -999.99   -5.03    0.00000     0.00  LINEAR    1.21384E-01  -115.75    0.00000E+00     0.00
  -15.00     0.00      -9.65 -999.99   -9.65    0.00000     0.00  LINEAR    7.12821E-02  -108.26    0.00000E+00     0.00
  -10.00     0.00     -16.94 -999.99  -16.94    0.00000     0.00  LINEAR    3.07961E-02   -95.99    0.00000E+00     0.00
   -5.00     0.00     -30.76 -999.99  -30.76    0.00000     0.00  LINEAR    6.27191E-03    -9.81    0.00000E+00     0.00
    0.00     0.00     -19.58 -999.99  -19.58    0.00000     0.00  LINEAR    2.27200E-02    71.06    0.00000E+00     0.00
    5.00     0.00     -14.55 -999.99  -14.55    0.00000     0.00  LINEAR    4.05608E-02    85.89    0.00000E+00     0.00
   10.00     0.00     -11.06 -999.99  -11.06    0.00000     0.00  LINEAR    6.05643E-02    92.30    0.00000E+00     0.00
   15.00     0.00      -8.07 -999.99   -8.07    0.00000     0.00  LINEAR    8.54753E-02    90.84    0.00000E+00     0.00
   20.00     0.00      -5.33 -999.99   -5.33    0.00000     0.00  LINEAR    1.17268E-01    82.52    0.00000E+00     0.00
   25.00     0.00      -2.65 -999.99   -2.65    0.00000     0.00  LINEAR    1.59599E-01    69.99    0.00000E+00     0.00
   30.00     0.00      -0.04 -999.99   -0.04    0.00000     0.00  LINEAR    2.15512E-01    56.53    0.00000E+00     0.00
   35.00     0.00       2.26 -999.99    2.26    0.00000     0.00  LINEAR    2.80888E-01    44.39    0.00000E+00     0.00
   40.00     0.00       3.93 -999.99    3.93    0.00000     0.00  LINEAR    3.40544E-01    34.14    0.00000E+00     0.00
   45.00     0.00       4.69 -999.99    4.69    0.00000     0.00  LINEAR    3.71607E-01    25.32    0.00000E+00     0.00
   50.00     0.00       4.27 -999.99    4.27    0.00000     0.00  LINEAR    3.53831E-01    17.02    0.00000E+00     0.00
   55.00     0.00       2.33 -999.99    2.33    0.00000     0.00  LINEAR    2.83020E-01     8.14    0.00000E+00     0.00
   60.00     0.00      -1.65 -999.99   -1.65    0.00000     0.00  LINEAR    1.79002E-01    -2.56    0.00000E+00     0.00
   65.00     0.00      -8.95 -999.99   -8.95    0.00000     0.00  LINEAR    7.72354E-02   -13.08    0.00000E+00     0.00
   70.00     0.00     -19.13 -999.99  -19.13    0.00000     0.00  LINEAR    2.39419E-02    55.91    0.00000E+00     0.00
   75.00     0.00      -7.99 -999.99   -7.99    0.00000     0.00  LINEAR    8.63268E-02    82.48    0.00000E+00     0.00
   80.00     0.00      -3.62 -999.99   -3.62    0.00000     0.00  LINEAR    1.42725E-01    72.11    0.00000E+00     0.00
   85.00     0.00      -4.35 -999.99   -4.35    0.00000     0.00  LINEAR    1.31130E-01    64.71    0.00000E+00     0.00
   90.00     0.00    -999.99 -999.99 -999.99    0.00000     0.00            1.15558E-11  -119.50    0.00000E+00     0.00


                                     - - - - NORMALIZED GAIN - - - -

                                           TOTAL GAIN
                                      NORMALIZATION FACTOR =     4.69 DB

    - - ANGLES - -      GAIN           - - ANGLES - -      GAIN           - - ANGLES - -      GAIN
    THETA     PHI        DB            THETA     PHI        DB            THETA     PHI        DB
   DEGREES  DEGREES                   DEGREES  DEGREES                   DEGREES  DEGREES
    -90.00     0.00  -1004.68          -25.00     0.00     -6.40           35.00     0.00     -2.43
    -85.00     0.00     -9.71          -20.00     0.00     -9.72           40.00     0.00     -0.76
    -80.00     0.00     -8.48          -15.00     0.00    -14.34           45.00     0.00      0.00
    -75.00     0.00    -11.36          -10.00     0.00    -21.63           50.00     0.00     -0.43
    -70.00     0.00    -16.29           -5.00     0.00    -35.45           55.00     0.00     -2.37
    -65.00     0.00    -13.23            0.00     0.00    -24.27           60.00     0.00     -6.34
    -60.00     0.00     -7.08            5.00     0.00    -19.24           65.00     0.00    -13.65
    -55.00     0.00     -3.26           10.00     0.00    -15.76           70.00     0.00    -23.82
    -50.00     0.00     -1.27           15.00     0.00    -12.76           75.00     0.00    -12.68
    -45.00     0.00     -0.61           20.00     0.00    -10.02           80.00     0.00     -8.31
    -40.00     0.00     -0.98           25.00     0.00     -7.34           85.00     0.00     -9.05
    -35.00     0.00     -2.12           30.00     0.00     -4.73           90.00     0.00  -1004.68
    -30.00     0.00     -3.93




                                 - - - - - - FREQUENCY - - - - - -

                                    FREQUENCY= 2.0000E+01 MHZ
                                    WAVELENGTH= 1.4990E+01 METERS




                    APPROXIMATE INTEGRATION EMPLOYED FOR SEGMENTS MORE THAN   1.000 WAVELENGTHS APART



                               - - - STRUCTURE IMPEDANCE LOADING - - -


       LOCATION          RESISTANCE   INDUCTANCE  CAPACITANCE       IMPEDANCE (OHMS)     CONDUCTIVITY    TYPE
    ITAG FROM THRU          OHMS        HENRYS       FARADS        REAL      IMAGINARY    MHOS/METER

       1    1    1                                3.7800E-10                                           SERIES 



                                  - - - ANTENNA ENVIRONMENT - - -

                                          PERFECT GROUND



                                - - - MATRIX TIMING - - -

                        FILL=    0.016 SEC.,  FACTOR=    0.000 SEC.



                                          - - - ANTENNA INPUT PARAMETERS - - -

   TAG   SEG.    VOLTAGE (VOLTS)         CURRENT (AMPS)         IMPEDANCE (OHMS)        ADMITTANCE (MHOS)      POWER
   NO.   NO.    REAL        IMAG.       REAL        IMAG.       REAL        IMAG.       REAL        IMAG.     (WATTS)
     1     1 1.00000E+00 0.00000E+00 1.37287E-03 5.38884E-04 6.31156E+02-2.47744E+02 1.37287E-03 5.38884E-04 6.86435E-04



                             - - - CURRENTS AND LOCATION - - -

                                 DISTANCES IN WAVELENGTHS


  SEG.  TAG    COORD. OF SEG. CENTER     SEG.            - - - CURRENT (AMPS) - - -
  NO.   NO.     X        Y        Z      LENGTH     REAL        IMAG.       MAG.        PHASE
     1    1   0.0000   0.0000   0.0653  0.13064   1.3729E-03  5.3888E-04  1.4748E-03   21.431
     2    1   0.0000   0.0000   0.1960  0.13064   9.8255E-04 -2.3006E-03  2.5017E-03  -66.874
     3    1   0.0000   0.0000   0.3266  0.13064   3.2295E-04 -3.7363E-03  3.7502E-03  -85.060
     4    1   0.0000   0.0000   0.4572  0.13064  -2.9509E-04 -2.7510E-03  2.7668E-03  -96.122
     5    1   0.0000   0.0000   0.5879  0.13064  -5.9982E-04 -8.4533E-05  6.0575E-04 -171.978
     6    1   0.0000   0.0000   0.7185  0.13064  -5.0609E-04  2.5709E-03  2.6202E-03  101.137
     7    1   0.0000   0.0000   0.8492  0.13064  -1.4165E-04  3.5579E-03  3.5607E-03   92.280
     8    1   0.0000   0.0000   0.9798  0.13064   2.4612E-04  2.2693E-03  2.2826E-03   83.810
     9    1   0.0000   0.0000   1.1105  0.13064   4.4202E-04 -4.7752E-04  6.5070E-04  -47.211
    10    1   0.0000   0.0000   1.2411  0.13064   3.8207E-04 -2.9450E-03  2.9697E-03  -82.608
    11    1   0.0000   0.0000   1.3717  0.13064   1.7160E-04 -3.5460E-03  3.5501E-03  -87.229
    12    1   0.0000   0.0000   1.5024  0.13064   5.8263E-06 -1.7387E-03  1.7387E-03  -89.808
    13    2  -0.1745   0.0000   1.4805  0.13548  -9.5364E-06 -1.0825E-04  1.0867E-04  -95.035
    14    2  -0.2566   0.0000   1.3727  0.13548  -9.0091E-05 -2.1136E-04  2.2976E-04 -113.086
    15    2  -0.3387   0.0000   1.2649  0.13548  -1.8711E-04 -1.6324E-04  2.4831E-04 -138.899
    16    2  -0.4208   0.0000   1.1572  0.13548  -2.1440E-04 -3.2274E-05  2.1682E-04 -171.439
    17    2  -0.5029   0.0000   1.0494  0.13548  -1.3218E-04  7.4558E-05  1.5176E-04  150.574
    18    2  -0.5850   0.0000   0.9417  0.13548   2.2052E-05  7.9092E-05  8.2109E-05   74.421
    19    2  -0.6671   0.0000   0.8339  0.13548   1.5599E-04 -2.1072E-05  1.5740E-04   -7.694
    20    2  -0.7492   0.0000   0.7261  0.13548   1.8483E-04 -1.5670E-04  2.4231E-04  -40.291
    21    2  -0.8313   0.0000   0.6184  0.13548   9.0253E-05 -2.3732E-04  2.5390E-04  -69.178
    22    2  -0.9134   0.0000   0.5106  0.13548  -6.5767E-05 -2.1288E-04  2.2281E-04 -107.168
    23    2  -0.9955   0.0000   0.4028  0.13548  -1.8203E-04 -1.0594E-04  2.1061E-04 -149.801
    24    2  -1.0776   0.0000   0.2951  0.13548  -1.8625E-04  7.3704E-06  1.8639E-04  177.734
    25    2  -1.1597   0.0000   0.1873  0.13548  -8.2777E-05  5.1665E-05  9.7577E-05  148.030
    26    3  -1.1362   0.0000   0.1334  0.12925   5.3389E-05  1.4483E-05  5.5319E-05   15.177
    27    3  -1.0069   0.0000   0.1334  0.12925   1.5744E-04 -1.8554E-05  1.5853E-04   -6.721
    28    3  -0.8777   0.0000   0.1334  0.12925   1.6519E-04 -8.7736E-06  1.6542E-04   -3.040
    29    3  -0.7484   0.0000   0.1334  0.12925   6.1348E-05  4.2158E-05  7.4437E-05   34.497
    30    3  -0.6192   0.0000   0.1334  0.12925  -1.0017E-04  9.9915E-05  1.4148E-04  135.072
    31    3  -0.4899   0.0000   0.1334  0.12925  -2.2595E-04  1.2034E-04  2.5600E-04  151.959
    32    3  -0.3607   0.0000   0.1334  0.12925  -2.3661E-04  8.2421E-05  2.5056E-04  160.795
    33    3  -0.2314   0.0000   0.1334  0.12925  -1.0854E-04  1.6010E-05  1.0972E-04  171.609
    34    4   0.1732   0.0000   1.4805  0.13394   2.0393E-04 -4.2501E-04  4.7140E-04  -64.368
    35    4   0.2527   0.0000   1.3727  0.13394   3.8474E-04 -8.7637E-04  9.5711E-04  -66.298
    36    4   0.3323   0.0000   1.2649  0.13394   2.3751E-04 -6.9362E-04  7.3316E-04  -71.098
    37    4   0.4118   0.0000   1.1572  0.13394  -1.0954E-04 -6.0451E-05  1.2511E-04 -151.107
    38    4   0.4914   0.0000   1.0494  0.13394  -4.0855E-04  5.7408E-04  7.0462E-04  125.438
    39    4   0.5709   0.0000   0.9417  0.13394  -4.4995E-04  7.7906E-04  8.9966E-04  120.009
    40    4   0.6504   0.0000   0.8339  0.13394  -1.9952E-04  4.1967E-04  4.6469E-04  115.427
    41    4   0.7300   0.0000   0.7261  0.13394   1.8153E-04 -2.6076E-04  3.1772E-04  -55.157
    42    4   0.8095   0.0000   0.6184  0.13394   4.4447E-04 -8.0744E-04  9.2169E-04  -61.169
    43    4   0.8891   0.0000   0.5106  0.13394   4.1660E-04 -8.5721E-04  9.5308E-04  -64.081
    44    4   0.9686   0.0000   0.4028  0.13394   1.1264E-04 -3.7848E-04  3.9489E-04  -73.427
    45    4   1.0481   0.0000   0.2951  0.13394  -2.7821E-04  3.1140E-04  4.1758E-04  131.778
    46    4   1.1277   0.0000   0.1873  0.13394  -5.1771E-04  7.5950E-04  9.1916E-04  124.280
    47    5   0.5370   0.0000   0.1334  0.14009  -2.2955E-04  2.9332E-04  3.7246E-04  128.046
    48    5   0.6771   0.0000   0.1334  0.14009  -4.5432E-04  5.8491E-04  7.4062E-04  127.838
    49    5   0.8172   0.0000   0.1334  0.14009  -2.9859E-04  3.7626E-04  4.8034E-04  128.435
    50    5   0.9573   0.0000   0.1334  0.14009   1.0646E-04 -1.7915E-04  2.0839E-04  -59.279
    51    5   1.0974   0.0000   0.1334  0.14009   4.6137E-04 -6.8223E-04  8.2359E-04  -55.931



                                        - - - POWER BUDGET - - -

                                           INPUT POWER   = 6.8644E-04 WATTS
                                           RADIATED POWER= 6.8644E-04 WATTS
                                           STRUCTURE LOSS= 0.0000E+00 WATTS
                                           NETWORK LOSS  = 0.0000E+00 WATTS
                                           EFFICIENCY    = 100.00 PERCENT



                               - - - FAR FIELD GROUND PARAMETERS - - -


                                        CIRCLE CLIFF
                                        EDGE DISTANCE=     0.00 METERS
                                        HEIGHT=    0.00 METERS
                                        SECOND MEDIUM -
                                        RELATIVE DIELECTRIC CONST.= 13.000
                                        CONDUCTIVITY= 5.000E-03 MHOS



                                                - - - RADIATION PATTERNS - - -

  - - ANGLES - -           - POWER GAINS -       - - - POLARIZATION - - -    - - - E(THETA) - - -    - - - E(PHI) - - -
  THETA     PHI        VERT.   HOR.    TOTAL      AXIAL     TILT   SENSE     MAGNITUDE    PHASE      MAGNITUDE    PHASE 
 DEGREES  DEGREES       DB      DB      DB        RATIO     DEG.              VOLTS/M    DEGREES      VOLTS/M    DEGREES
  -90.00     0.00    -999.99 -999.99 -999.99    0.00000     0.00            9.72773E-12    57.55    0.00000E+00     0.00
  -85.00     0.00      -5.36 -999.99   -5.36    0.00000     0.00  LINEAR    1.09505E-01  -119.49    0.00000E+00     0.00
  -80.00     0.00      -4.76 -999.99   -4.76    0.00000     0.00  LINEAR    1.17229E-01  -117.30    0.00000E+00     0.00
  -75.00     0.00      -8.38 -999.99   -8.38    0.00000     0.00  LINEAR    7.72718E-02  -126.10    0.00000E+00     0.00
  -70.00     0.00      -8.32 -999.99   -8.32    0.00000     0.00  LINEAR    7.78633E-02  -162.77    0.00000E+00     0.00
  -65.00     0.00      -2.52 -999.99   -2.52    0.00000     0.00  LINEAR    1.51859E-01  -171.13    0.00000E+00     0.00
  -60.00     0.00       1.88 -999.99    1.88    0.00000     0.00  LINEAR    2.52016E-01  -164.21    0.00000E+00     0.00
  -55.00     0.00       4.40 -999.99    4.40    0.00000     0.00  LINEAR    3.36641E-01  -155.87    0.00000E+00     0.00
  -50.00     0.00       5.32 -999.99    5.32    0.00000     0.00  LINEAR    3.74498E-01  -147.37    0.00000E+00     0.00
  -45.00     0.00       4.98 -999.99    4.98    0.00000     0.00  LINEAR    3.59750E-01  -137.90    0.00000E+00     0.00
  -40.00     0.00       3.66 -999.99    3.66    0.00000     0.00  LINEAR    3.09045E-01  -126.37    0.00000E+00     0.00
  -35.00     0.00       1.69 -999.99    1.69    0.00000     0.00  LINEAR    2.46539E-01  -111.71    0.00000E+00     0.00
  -30.00     0.00      -0.53 -999.99   -0.53    0.00000     0.00  LINEAR    1.90804E-01   -93.21    0.00000E+00     0.00
  -25.00     0.00      -2.60 -999.99   -2.60    0.00000     0.00  LINEAR    1.50327E-01   -71.08    0.00000E+00     0.00
  -20.00     0.00      -4.20 -999.99   -4.20    0.00000     0.00  LINEAR    1.25112E-01   -47.22    0.00000E+00     0.00
  -15.00     0.00      -5.41 -999.99   -5.41    0.00000     0.00  LINEAR    1.08815E-01   -24.76    0.00000E+00     0.00
  -10.00     0.00      -6.88 -999.99   -6.88    0.00000     0.00  LINEAR    9.19216E-02    -4.86    0.00000E+00     0.00
   -5.00     0.00      -9.45 -999.99   -9.45    0.00000     0.00  LINEAR    6.83344E-02    16.97    0.00000E+00     0.00
    0.00     0.00     -12.80 -999.99  -12.80    0.00000     0.00  LINEAR    4.64540E-02    58.39    0.00000E+00     0.00
    5.00     0.00     -10.45 -999.99  -10.45    0.00000     0.00  LINEAR    6.08838E-02   113.22    0.00000E+00     0.00
   10.00     0.00      -5.97 -999.99   -5.97    0.00000     0.00  LINEAR    1.02024E-01   132.82    0.00000E+00     0.00
   15.00     0.00      -3.15 -999.99   -3.15    0.00000     0.00  LINEAR    1.41119E-01   134.99    0.00000E+00     0.00
   20.00     0.00      -1.72 -999.99   -1.72    0.00000     0.00  LINEAR    1.66335E-01   128.52    0.00000E+00     0.00
   25.00     0.00      -1.26 -999.99   -1.26    0.00000     0.00  LINEAR    1.75523E-01   114.10    0.00000E+00     0.00
   30.00     0.00      -0.98 -999.99   -0.98    0.00000     0.00  LINEAR    1.81225E-01    90.17    0.00000E+00     0.00
   35.00     0.00       0.35 -999.99    0.35    0.00000     0.00  LINEAR    2.11151E-01    60.76    0.00000E+00     0.00
   40.00     0.00       2.59 -999.99    2.59    0.00000     0.00  LINEAR    2.73351E-01    36.88    0.00000E+00     0.00
   45.00     0.00       4.36 -999.99    4.36    0.00000     0.00  LINEAR    3.34965E-01    21.39    0.00000E+00     0.00
   50.00     0.00       4.79 -999.99    4.79    0.00000     0.00  LINEAR    3.52265E-01    11.25    0.00000E+00     0.00
   55.00     0.00       3.38 -999.99    3.38    0.00000     0.00  LINEAR    2.99526E-01     3.99    0.00000E+00     0.00
   60.00     0.00      -0.69 -999.99   -0.69    0.00000     0.00  LINEAR    1.87439E-01    -0.61    0.00000E+00     0.00
   65.00     0.00      -9.65 -999.99   -9.65    0.00000     0.00  LINEAR    6.67682E-02    11.27    0.00000E+00     0.00
   70.00     0.00     -10.15 -999.99  -10.15    0.00000     0.00  LINEAR    6.30905E-02    91.91    0.00000E+00     0.00
   75.00     0.00      -4.18 -999.99   -4.18    0.00000     0.00  LINEAR    1.25398E-01    83.76    0.00000E+00     0.00
   80.00     0.00      -1.26 -999.99   -1.26    0.00000     0.00  LINEAR    1.75536E-01    64.85    0.00000E+00     0.00
   85.00     0.00      -2.23 -999.99   -2.23    0.00000     0.00  LINEAR    1.56997E-01    53.19    0.00000E+00     0.00
   90.00     0.00    -999.99 -999.99 -999.99    0.00000     0.00            1.38129E-11  -132.12    0.00000E+00     0.00


                                     - - - - NORMALIZED GAIN - - - -

                                           TOTAL GAIN
                                      NORMALIZATION FACTOR =     5.32 DB

    - - ANGLES - -      GAIN           - - ANGLES - -      GAIN           - - ANGLES - -      GAIN
    THETA     PHI        DB            THETA     PHI        DB            THETA     PHI        DB
   DEGREES  DEGREES                   DEGREES  DEGREES                   DEGREES  DEGREES
    -90.00     0.00  -1005.31          -25.00     0.00     -7.93           35.00     0.00     -4.98
    -85.00     0.00    -10.68          -20.00     0.00     -9.52           40.00     0.00     -2.73
    -80.00     0.00    -10.09          -15.00     0.00    -10.74           45.00     0.00     -0.97
    -75.00     0.00    -13.71          -10.00     0.00    -12.20           50.00     0.00     -0.53
    -70.00     0.00    -13.64           -5.00     0.00    -14.78           55.00     0.00     -1.94
    -65.00     0.00     -7.84            0.00     0.00    -18.13           60.00     0.00     -6.01
    -60.00     0.00     -3.44            5.00     0.00    -15.78           65.00     0.00    -14.98
    -55.00     0.00     -0.93           10.00     0.00    -11.29           70.00     0.00    -15.47
    -50.00     0.00      0.00           15.00     0.00     -8.48           75.00     0.00     -9.50
    -45.00     0.00     -0.35           20.00     0.00     -7.05           80.00     0.00     -6.58
    -40.00     0.00     -1.67           25.00     0.00     -6.58           85.00     0.00     -7.55
    -35.00     0.00     -3.63           30.00     0.00     -6.30           90.00     0.00  -1005.31
    -30.00     0.00     -5.86




                                 - - - - - - FREQUENCY - - - - - -

                                    FREQUENCY= 2.1000E+01 MHZ
                                    WAVELENGTH= 1.4276E+01 METERS




                    APPROXIMATE INTEGRATION EMPLOYED FOR SEGMENTS MORE THAN   1.000 WAVELENGTHS APART



                               - - - STRUCTURE IMPEDANCE LOADING - - -


       LOCATION          RESISTANCE   INDUCTANCE  CAPACITANCE       IMPEDANCE (OHMS)     CONDUCTIVITY    TYPE
    ITAG FROM THRU          OHMS        HENRYS       FARADS        REAL      IMAGINARY    MHOS/METER

       1    1    1                                3.7800E-10                                           SERIES 



                                  - - - ANTENNA ENVIRONMENT - - -

                                          PERFECT GROUND



                                - - - MATRIX TIMING - - -

                        FILL=    0.000 SEC.,  FACTOR=    0.000 SEC.



                                          - - - ANTENNA INPUT PARAMETERS - - -

   TAG   SEG.    VOLTAGE (VOLTS)         CURRENT (AMPS)         IMPEDANCE (OHMS)        ADMITTANCE (MHOS)      POWER
   NO.   NO.    REAL        IMAG.       REAL        IMAG.       REAL        IMAG.       REAL        IMAG.     (WATTS)
     1     1 1.00000E+00 0.00000E+00 2.36615E-03 3.01331E-03 1.61196E+02-2.05284E+02 2.36615E-03 3.01331E-03 1.18308E-03



                             - - - CURRENTS AND LOCATION - - -

                                 DISTANCES IN WAVELENGTHS


  SEG.  TAG    COORD. OF SEG. CENTER     SEG.            - - - CURRENT (AMPS) - - -
  NO.   NO.     X        Y        Z      LENGTH     REAL        IMAG.       MAG.        PHASE
     1    1   0.0000   0.0000   0.0686  0.13717   2.3662E-03  3.0133E-03  3.8313E-03   51.860
     2    1   0.0000   0.0000   0.2058  0.13717   1.2540E-03 -1.5045E-03  1.9585E-03  -50.189
     3    1   0.0000   0.0000   0.3429  0.13717  -3.6551E-04 -5.0316E-03  5.0449E-03  -94.155
     4    1   0.0000   0.0000   0.4801  0.13717  -1.4696E-03 -5.0440E-03  5.2537E-03 -106.244
     5    1   0.0000   0.0000   0.6173  0.13717  -1.4163E-03 -1.6493E-03  2.1740E-03 -130.653
     6    1   0.0000   0.0000   0.7545  0.13717  -3.7371E-04  2.8129E-03  2.8376E-03   97.568
     7    1   0.0000   0.0000   0.8916  0.13717   8.3645E-04  5.2978E-03  5.3635E-03   81.028
     8    1   0.0000   0.0000   1.0288  0.13717   1.3382E-03  4.1172E-03  4.3292E-03   71.994
     9    1   0.0000   0.0000   1.1660  0.13717   8.2415E-04  9.2365E-05  8.2931E-04    6.395
    10    1   0.0000   0.0000   1.3032  0.13717  -2.3847E-04 -3.9997E-03  4.0068E-03  -93.412
    11    1   0.0000   0.0000   1.4403  0.13717  -9.5817E-04 -5.3041E-03  5.3899E-03 -100.240
    12    1   0.0000   0.0000   1.5775  0.13717  -6.3966E-04 -2.6822E-03  2.7574E-03 -103.414
    13    2  -0.1832   0.0000   1.5545  0.14225  -1.5413E-05 -4.2876E-04  4.2903E-04  -92.059
    14    2  -0.2694   0.0000   1.4413  0.14225  -1.4078E-04 -8.0944E-04  8.2159E-04  -99.866
    15    2  -0.3556   0.0000   1.3282  0.14225  -2.8230E-04 -5.0670E-04  5.8003E-04 -119.123
    16    2  -0.4418   0.0000   1.2150  0.14225  -3.0343E-04  1.6718E-04  3.4643E-04  151.147
    17    2  -0.5280   0.0000   1.1019  0.14225  -1.5514E-04  6.7165E-04  6.8933E-04  103.006
    18    2  -0.6143   0.0000   0.9887  0.14225   8.0621E-05  6.2288E-04  6.2807E-04   82.625
    19    2  -0.7005   0.0000   0.8756  0.14225   2.4822E-04  6.4852E-05  2.5655E-04   14.642
    20    2  -0.7867   0.0000   0.7624  0.14225   2.3130E-04 -5.7574E-04  6.2046E-04  -68.113
    21    2  -0.8729   0.0000   0.6493  0.14225   3.9240E-05 -8.1632E-04  8.1726E-04  -87.248
    22    2  -0.9591   0.0000   0.5361  0.14225  -1.9838E-04 -4.8077E-04  5.2009E-04 -112.422
    23    2  -1.0453   0.0000   0.4230  0.14225  -3.2710E-04  1.7242E-04  3.6976E-04  152.205
    24    2  -1.1315   0.0000   0.3098  0.14225  -2.7745E-04  6.4695E-04  7.0394E-04  113.213
    25    2  -1.2177   0.0000   0.1967  0.14225  -1.1080E-04  5.8248E-04  5.9292E-04  100.770
    26    3  -1.1930   0.0000   0.1401  0.13572   4.8890E-05  5.4274E-05  7.3047E-05   47.987
    27    3  -1.0573   0.0000   0.1401  0.13572   1.9813E-04 -4.6767E-04  5.0791E-04  -67.040
    28    3  -0.9216   0.0000   0.1401  0.13572   2.5824E-04 -6.0795E-04  6.6052E-04  -66.985
    29    3  -0.7858   0.0000   0.1401  0.13572   1.7828E-04 -2.6013E-04  3.1537E-04  -55.575
    30    3  -0.6501   0.0000   0.1401  0.13572  -3.4721E-06  3.3943E-04  3.3945E-04   90.586
    31    3  -0.5144   0.0000   0.1401  0.13572  -1.8014E-04  7.7628E-04  7.9691E-04  103.065
    32    3  -0.3787   0.0000   0.1401  0.13572  -2.3847E-04  7.4795E-04  7.8505E-04  107.684
    33    3  -0.2430   0.0000   0.1401  0.13572  -1.2271E-04  2.8699E-04  3.1212E-04  113.150
    34    4   0.1819   0.0000   1.5545  0.14064  -3.9064E-04  7.5906E-05  3.9794E-04  169.004
    35    4   0.2654   0.0000   1.4413  0.14064  -9.6043E-04  1.9403E-04  9.7983E-04  168.579
    36    4   0.3489   0.0000   1.3282  0.14064  -9.6831E-04  1.6493E-04  9.8225E-04  170.334
    37    4   0.4324   0.0000   1.2150  0.14064  -3.8949E-04 -3.3935E-05  3.9096E-04 -175.020
    38    4   0.5159   0.0000   1.1019  0.14064   4.0072E-04 -2.7994E-04  4.8882E-04  -34.938
    39    4   0.5994   0.0000   0.9887  0.14064   8.7261E-04 -3.9515E-04  9.5791E-04  -24.363
    40    4   0.6830   0.0000   0.8756  0.14064   7.1428E-04 -2.8650E-04  7.6960E-04  -21.856
    41    4   0.7665   0.0000   0.7624  0.14064   5.2985E-05 -2.3449E-05  5.7942E-05  -23.872
    42    4   0.8500   0.0000   0.6493  0.14064  -6.3315E-04  2.0602E-04  6.6583E-04  161.976
    43    4   0.9335   0.0000   0.5361  0.14064  -8.5404E-04  2.3137E-04  8.8482E-04  164.842
    44    4   1.0170   0.0000   0.4230  0.14064  -4.5615E-04  2.7525E-05  4.5698E-04  176.547
    45    4   1.1005   0.0000   0.3098  0.14064   2.7006E-04 -2.5986E-04  3.7478E-04  -43.898
    46    4   1.1841   0.0000   0.1967  0.14064   8.0293E-04 -4.1765E-04  9.0506E-04  -27.481
    47    5   0.5639   0.0000   0.1401  0.14710   3.4214E-04 -1.7883E-04  3.8606E-04  -27.595
    48    5   0.7110   0.0000   0.1401  0.14710   6.8278E-04 -4.0015E-04  7.9140E-04  -30.373
    49    5   0.8581   0.0000   0.1401  0.14710   4.3122E-04 -3.2742E-04  5.4143E-04  -37.209
    50    5   1.0052   0.0000   0.1401  0.14710  -2.1614E-04 -1.2660E-05  2.1651E-04 -176.648
    51    5   1.1523   0.0000   0.1401  0.14710  -7.6803E-04  3.1301E-04  8.2937E-04  157.827



                                        - - - POWER BUDGET - - -

                                           INPUT POWER   = 1.1831E-03 WATTS
                                           RADIATED POWER= 1.1831E-03 WATTS
                                           STRUCTURE LOSS= 0.0000E+00 WATTS
                                           NETWORK LOSS  = 0.0000E+00 WATTS
                                           EFFICIENCY    = 100.00 PERCENT



                               - - - FAR FIELD GROUND PARAMETERS - - -


                                        CIRCLE CLIFF
                                        EDGE DISTANCE=     0.00 METERS
                                        HEIGHT=    0.00 METERS
                                        SECOND MEDIUM -
                                        RELATIVE DIELECTRIC CONST.= 13.000
                                        CONDUCTIVITY= 5.000E-03 MHOS



                                                - - - RADIATION PATTERNS - - -

  - - ANGLES - -           - POWER GAINS -       - - - POLARIZATION - - -    - - - E(THETA) - - -    - - - E(PHI) - - -
  THETA     PHI        VERT.   HOR.    TOTAL      AXIAL     TILT   SENSE     MAGNITUDE    PHASE      MAGNITUDE    PHASE 
 DEGREES  DEGREES       DB      DB      DB        RATIO     DEG.              VOLTS/M    DEGREES      VOLTS/M    DEGREES
  -90.00     0.00    -999.99 -999.99 -999.99    0.00000     0.00            2.51421E-11    58.12    0.00000E+00     0.00
  -85.00     0.00       0.64 -999.99    0.64    0.00000     0.00  LINEAR    2.86798E-01  -115.02    0.00000E+00     0.00
  -80.00     0.00       1.88 -999.99    1.88    0.00000     0.00  LINEAR    3.30886E-01   -97.96    0.00000E+00     0.00
  -75.00     0.00       0.03 -999.99    0.03    0.00000     0.00  LINEAR    2.67309E-01   -70.06    0.00000E+00     0.00
  -70.00     0.00      -4.20 -999.99   -4.20    0.00000     0.00  LINEAR    1.64231E-01   -41.95    0.00000E+00     0.00
  -65.00     0.00     -23.00 -999.99  -23.00    0.00000     0.00  LINEAR    1.88541E-02   149.21    0.00000E+00     0.00
  -60.00     0.00      -0.34 -999.99   -0.34    0.00000     0.00  LINEAR    2.56015E-01   169.39    0.00000E+00     0.00
  -55.00     0.00       4.56 -999.99    4.56    0.00000     0.00  LINEAR    4.50405E-01  -179.07    0.00000E+00     0.00
  -50.00     0.00       5.94 -999.99    5.94    0.00000     0.00  LINEAR    5.27942E-01  -167.16    0.00000E+00     0.00
  -45.00     0.00       5.24 -999.99    5.24    0.00000     0.00  LINEAR    4.86875E-01  -152.30    0.00000E+00     0.00
  -40.00     0.00       3.16 -999.99    3.16    0.00000     0.00  LINEAR    3.83134E-01  -131.28    0.00000E+00     0.00
  -35.00     0.00       0.75 -999.99    0.75    0.00000     0.00  LINEAR    2.90411E-01  -100.58    0.00000E+00     0.00
  -30.00     0.00      -0.25 -999.99   -0.25    0.00000     0.00  LINEAR    2.58925E-01   -64.36    0.00000E+00     0.00
  -25.00     0.00       0.24 -999.99    0.24    0.00000     0.00  LINEAR    2.73657E-01   -36.93    0.00000E+00     0.00
  -20.00     0.00       0.66 -999.99    0.66    0.00000     0.00  LINEAR    2.87496E-01   -22.70    0.00000E+00     0.00
  -15.00     0.00       0.27 -999.99    0.27    0.00000     0.00  LINEAR    2.74606E-01   -19.15    0.00000E+00     0.00
  -10.00     0.00      -1.21 -999.99   -1.21    0.00000     0.00  LINEAR    2.31739E-01   -24.85    0.00000E+00     0.00
   -5.00     0.00      -3.96 -999.99   -3.96    0.00000     0.00  LINEAR    1.68901E-01   -41.33    0.00000E+00     0.00
    0.00     0.00      -7.80 -999.99   -7.80    0.00000     0.00  LINEAR    1.08496E-01   -78.86    0.00000E+00     0.00
    5.00     0.00      -7.57 -999.99   -7.57    0.00000     0.00  LINEAR    1.11386E-01  -144.58    0.00000E+00     0.00
   10.00     0.00      -2.94 -999.99   -2.94    0.00000     0.00  LINEAR    1.89775E-01   175.29    0.00000E+00     0.00
   15.00     0.00       0.54 -999.99    0.54    0.00000     0.00  LINEAR    2.83305E-01   154.81    0.00000E+00     0.00
   20.00     0.00       2.66 -999.99    2.66    0.00000     0.00  LINEAR    3.61963E-01   140.52    0.00000E+00     0.00
   25.00     0.00       3.76 -999.99    3.76    0.00000     0.00  LINEAR    4.10671E-01   127.60    0.00000E+00     0.00
   30.00     0.00       4.11 -999.99    4.11    0.00000     0.00  LINEAR    4.27265E-01   113.03    0.00000E+00     0.00
   35.00     0.00       4.08 -999.99    4.08    0.00000     0.00  LINEAR    4.26157E-01    94.50    0.00000E+00     0.00
   40.00     0.00       4.23 -999.99    4.23    0.00000     0.00  LINEAR    4.33442E-01    72.17    0.00000E+00     0.00
   45.00     0.00       4.71 -999.99    4.71    0.00000     0.00  LINEAR    4.57852E-01    50.06    0.00000E+00     0.00
   50.00     0.00       4.87 -999.99    4.87    0.00000     0.00  LINEAR    4.66542E-01    31.48    0.00000E+00     0.00
   55.00     0.00       3.84 -999.99    3.84    0.00000     0.00  LINEAR    4.14363E-01    15.73    0.00000E+00     0.00
   60.00     0.00       0.77 -999.99    0.77    0.00000     0.00  LINEAR    2.90907E-01    -0.26    0.00000E+00     0.00
   65.00     0.00      -5.83 -999.99   -5.83    0.00000     0.00  LINEAR    1.36070E-01   -21.67    0.00000E+00     0.00
   70.00     0.00     -26.91 -999.99  -26.91    0.00000     0.00  LINEAR    1.20191E-02  -118.34    0.00000E+00     0.00
   75.00     0.00      -8.37 -999.99   -8.37    0.00000     0.00  LINEAR    1.01576E-01   114.02    0.00000E+00     0.00
   80.00     0.00      -3.17 -999.99   -3.17    0.00000     0.00  LINEAR    1.84893E-01    88.65    0.00000E+00     0.00
   85.00     0.00      -3.44 -999.99   -3.44    0.00000     0.00  LINEAR    1.79179E-01    75.52    0.00000E+00     0.00
   90.00     0.00    -999.99 -999.99 -999.99    0.00000     0.00            1.60715E-11  -110.07    0.00000E+00     0.00


                                     - - - - NORMALIZED GAIN - - - -

                                           TOTAL GAIN
                                      NORMALIZATION FACTOR =     5.94 DB

    - - ANGLES - -      GAIN           - - ANGLES - -      GAIN           - - ANGLES - -      GAIN
    THETA     PHI        DB            THETA     PHI        DB            THETA     PHI        DB
   DEGREES  DEGREES                   DEGREES  DEGREES                   DEGREES  DEGREES
    -90.00     0.00  -1005.93          -25.00     0.00     -5.71           35.00     0.00     -1.86
    -85.00     0.00     -5.30          -20.00     0.00     -5.28           40.00     0.00     -1.71
    -80.00     0.00     -4.06          -15.00     0.00     -5.68           45.00     0.00     -1.24
    -75.00     0.00     -5.91          -10.00     0.00     -7.15           50.00     0.00     -1.07
    -70.00     0.00    -10.14           -5.00     0.00     -9.90           55.00     0.00     -2.10
    -65.00     0.00    -28.94            0.00     0.00    -13.74           60.00     0.00     -5.18
    -60.00     0.00     -6.29            5.00     0.00    -13.52           65.00     0.00    -11.78
    -55.00     0.00     -1.38           10.00     0.00     -8.89           70.00     0.00    -32.85
    -50.00     0.00      0.00           15.00     0.00     -5.41           75.00     0.00    -14.32
    -45.00     0.00     -0.70           20.00     0.00     -3.28           80.00     0.00     -9.11
    -40.00     0.00     -2.78           25.00     0.00     -2.18           85.00     0.00     -9.39
    -35.00     0.00     -5.19           30.00     0.00     -1.84           90.00     0.00  -1005.93
    -30.00     0.00     -6.19




                                 - - - - - - FREQUENCY - - - - - -

                                    FREQUENCY= 2.2000E+01 MHZ
                                    WAVELENGTH= 1.3627E+01 METERS




                    APPROXIMATE INTEGRATION EMPLOYED FOR SEGMENTS MORE THAN   1.000 WAVELENGTHS APART



                               - - - STRUCTURE IMPEDANCE LOADING - - -


       LOCATION          RESISTANCE   INDUCTANCE  CAPACITANCE       IMPEDANCE (OHMS)     CONDUCTIVITY    TYPE
    ITAG FROM THRU          OHMS        HENRYS       FARADS        REAL      IMAGINARY    MHOS/METER

       1    1    1                                3.7800E-10                                           SERIES 



                                  - - - ANTENNA ENVIRONMENT - - -

                                          PERFECT GROUND



                                - - - MATRIX TIMING - - -

                        FILL=    0.000 SEC.,  FACTOR=    0.000 SEC.



                                          - - - ANTENNA INPUT PARAMETERS - - -

   TAG   SEG.    VOLTAGE (VOLTS)         CURRENT (AMPS)         IMPEDANCE (OHMS)        ADMITTANCE (MHOS)      POWER
   NO.   NO.    REAL        IMAG.       REAL        IMAG.       REAL        IMAG.       REAL        IMAG.     (WATTS)
     1     1 1.00000E+00 0.00000E+00 1.20998E-02 3.43397E-03 7.64858E+01-2.17070E+01 1.20998E-02 3.43397E-03 6.04988E-03



                             - - - CURRENTS AND LOCATION - - -

                                 DISTANCES IN WAVELENGTHS


  SEG.  TAG    COORD. OF SEG. CENTER     SEG.            - - - CURRENT (AMPS) - - -
  NO.   NO.     X        Y        Z      LENGTH     REAL        IMAG.       MAG.        PHASE
     1    1   0.0000   0.0000   0.0719  0.14371   1.2100E-02  3.4340E-03  1.2578E-02   15.844
     2    1   0.0000   0.0000   0.2156  0.14371   4.0041E-03 -1.5613E-03  4.2978E-03  -21.302
     3    1   0.0000   0.0000   0.3593  0.14371  -6.7449E-03 -5.3763E-03  8.6254E-03 -141.442
     4    1   0.0000   0.0000   0.5030  0.14371  -1.2127E-02 -5.1320E-03  1.3169E-02 -157.063
     5    1   0.0000   0.0000   0.6467  0.14371  -8.1360E-03 -1.1725E-03  8.2201E-03 -171.799
     6    1   0.0000   0.0000   0.7904  0.14371   2.1051E-03  3.5838E-03  4.1563E-03   59.570
     7    1   0.0000   0.0000   0.9341  0.14371   1.0737E-02  5.7133E-03  1.2163E-02   28.018
     8    1   0.0000   0.0000   1.0778  0.14371   1.1151E-02  3.7331E-03  1.1759E-02   18.510
     9    1   0.0000   0.0000   1.2215  0.14371   3.0182E-03 -8.9511E-04  3.1481E-03  -16.519
    10    1   0.0000   0.0000   1.3652  0.14371  -7.4219E-03 -4.8967E-03  8.8917E-03 -146.585
    11    1   0.0000   0.0000   1.5089  0.14371  -1.2023E-02 -5.5639E-03  1.3248E-02 -155.167
    12    1   0.0000   0.0000   1.6526  0.14371  -6.5122E-03 -2.5195E-03  6.9826E-03 -158.849
    13    2  -0.1919   0.0000   1.6285  0.14903  -7.2826E-04  9.7877E-05  7.3481E-04  172.345
    14    2  -0.2822   0.0000   1.5100  0.14903  -1.5139E-03  5.4488E-04  1.6089E-03  160.205
    15    2  -0.3726   0.0000   1.3914  0.14903  -1.1736E-03  8.5082E-04  1.4495E-03  144.059
    16    2  -0.4629   0.0000   1.2729  0.14903  -8.6231E-05  5.8489E-04  5.9122E-04   98.387
    17    2  -0.5532   0.0000   1.1544  0.14903   8.7736E-04 -1.8297E-04  8.9624E-04  -11.780
    18    2  -0.6435   0.0000   1.0358  0.14903   1.0099E-03 -9.1899E-04  1.3655E-03  -42.301
    19    2  -0.7338   0.0000   0.9173  0.14903   2.9329E-04 -1.0563E-03  1.0963E-03  -74.482
    20    2  -0.8241   0.0000   0.7987  0.14903  -6.2324E-04 -4.6976E-04  7.8045E-04 -142.993
    21    2  -0.9145   0.0000   0.6802  0.14903  -9.6557E-04  4.0352E-04  1.0465E-03  157.320
    22    2  -1.0048   0.0000   0.5617  0.14903  -4.6225E-04  9.0441E-04  1.0157E-03  117.072
    23    2  -1.0951   0.0000   0.4431  0.14903   4.4855E-04  6.7791E-04  8.1287E-04   56.509
    24    2  -1.1854   0.0000   0.3246  0.14903   9.8668E-04 -4.8434E-05  9.8787E-04   -2.810
    25    2  -1.2757   0.0000   0.2060  0.14903   6.7460E-04 -6.5328E-04  9.3907E-04  -44.080
    26    3  -1.2498   0.0000   0.1468  0.14218  -2.2685E-04 -6.7169E-04  7.0897E-04 -108.661
    27    3  -1.1076   0.0000   0.1468  0.14218  -9.1482E-04 -3.1680E-04  9.6812E-04 -160.899
    28    3  -0.9654   0.0000   0.1468  0.14218  -8.4760E-04  1.1513E-04  8.5538E-04  172.265
    29    3  -0.8233   0.0000   0.1468  0.14218  -4.3320E-05  3.2899E-04  3.3183E-04   97.501
    30    3  -0.6811   0.0000   0.1468  0.14218   9.3112E-04  2.0118E-04  9.5261E-04   12.192
    31    3  -0.5389   0.0000   0.1468  0.14218   1.3884E-03 -1.3148E-04  1.3946E-03   -5.410
    32    3  -0.3967   0.0000   0.1468  0.14218   1.0499E-03 -3.6951E-04  1.1130E-03  -19.390
    33    3  -0.2545   0.0000   0.1468  0.14218   2.8840E-04 -2.4609E-04  3.7912E-04  -40.474
    34    4   0.1905   0.0000   1.6285  0.14733  -4.8416E-05  1.4168E-04  1.4973E-04  108.867
    35    4   0.2780   0.0000   1.5100  0.14733  -1.5685E-04  6.8779E-04  7.0545E-04  102.847
    36    4   0.3655   0.0000   1.3914  0.14733  -2.8925E-04  1.0572E-03  1.0961E-03  105.302
    37    4   0.4530   0.0000   1.2729  0.14733  -3.9597E-04  7.6457E-04  8.6102E-04  117.379
    38    4   0.5405   0.0000   1.1544  0.14733  -3.7655E-04 -1.2448E-04  3.9659E-04 -161.707
    39    4   0.6280   0.0000   1.0358  0.14733  -1.7903E-04 -1.0125E-03  1.0282E-03 -100.027
    40    4   0.7155   0.0000   0.9173  0.14733   1.2118E-04 -1.2339E-03  1.2398E-03  -84.391
    41    4   0.8030   0.0000   0.7987  0.14733   3.4922E-04 -5.9904E-04  6.9340E-04  -59.759
    42    4   0.8905   0.0000   0.6802  0.14733   3.5319E-04  4.2528E-04  5.5282E-04   50.291
    43    4   0.9780   0.0000   0.5617  0.14733   1.2329E-04  1.0647E-03  1.0718E-03   83.394
    44    4   1.0655   0.0000   0.4431  0.14733  -1.8752E-04  8.3044E-04  8.5134E-04  102.724
    45    4   1.1529   0.0000   0.3246  0.14733  -3.6940E-04 -9.7519E-05  3.8206E-04 -165.212
    46    4   1.2404   0.0000   0.2060  0.14733  -3.0833E-04 -1.0061E-03  1.0523E-03 -107.037
    47    5   0.5907   0.0000   0.1468  0.15410  -4.7042E-05 -5.0400E-04  5.0620E-04  -95.332
    48    5   0.7448   0.0000   0.1468  0.15410  -2.4351E-04 -9.5414E-04  9.8473E-04 -104.317
    49    5   0.8989   0.0000   0.1468  0.15410  -3.5809E-04 -4.7181E-04  5.9231E-04 -127.197
    50    5   1.0530   0.0000   0.1468  0.15410  -2.3805E-04  5.2555E-04  5.7695E-04  114.368
    51    5   1.2071   0.0000   0.1468  0.15410   5.4846E-05  1.2026E-03  1.2039E-03   87.389



                                        - - - POWER BUDGET - - -

                                           INPUT POWER   = 6.0499E-03 WATTS
                                           RADIATED POWER= 6.0499E-03 WATTS
                                           STRUCTURE LOSS= 0.0000E+00 WATTS
                                           NETWORK LOSS  = 0.0000E+00 WATTS
                                           EFFICIENCY    = 100.00 PERCENT



                               - - - FAR FIELD GROUND PARAMETERS - - -


                                        CIRCLE CLIFF
                                        EDGE DISTANCE=     0.00 METERS
                                        HEIGHT=    0.00 METERS
                                        SECOND MEDIUM -
                                        RELATIVE DIELECTRIC CONST.= 13.000
                                        CONDUCTIVITY= 5.000E-03 MHOS



                                                - - - RADIATION PATTERNS - - -

  - - ANGLES - -           - POWER GAINS -       - - - POLARIZATION - - -    - - - E(THETA) - - -    - - - E(PHI) - - -
  THETA     PHI        VERT.   HOR.    TOTAL      AXIAL     TILT   SENSE     MAGNITUDE    PHASE      MAGNITUDE    PHASE 
 DEGREES  DEGREES       DB      DB      DB        RATIO     DEG.              VOLTS/M    DEGREES      VOLTS/M    DEGREES
  -90.00     0.00    -999.99 -999.99 -999.99    0.00000     0.00            5.32008E-11     9.11    0.00000E+00     0.00
  -85.00     0.00       0.05 -999.99    0.05    0.00000     0.00  LINEAR    6.05640E-01  -163.19    0.00000E+00     0.00
  -80.00     0.00       1.40 -999.99    1.40    0.00000     0.00  LINEAR    7.07940E-01  -143.24    0.00000E+00     0.00
  -75.00     0.00       0.21 -999.99    0.21    0.00000     0.00  LINEAR    6.16868E-01  -112.67    0.00000E+00     0.00
  -70.00     0.00      -2.87 -999.99   -2.87    0.00000     0.00  LINEAR    4.32880E-01   -85.15    0.00000E+00     0.00
  -65.00     0.00     -19.54 -999.99  -19.54    0.00000     0.00  LINEAR    6.35167E-02   -54.93    0.00000E+00     0.00
  -60.00     0.00      -3.85 -999.99   -3.85    0.00000     0.00  LINEAR    3.86509E-01   122.94    0.00000E+00     0.00
  -55.00     0.00       1.10 -999.99    1.10    0.00000     0.00  LINEAR    6.83917E-01   139.01    0.00000E+00     0.00
  -50.00     0.00       1.70 -999.99    1.70    0.00000     0.00  LINEAR    7.32276E-01   160.91    0.00000E+00     0.00
  -45.00     0.00       1.04 -999.99    1.04    0.00000     0.00  LINEAR    6.78700E-01  -163.17    0.00000E+00     0.00
  -40.00     0.00       2.33 -999.99    2.33    0.00000     0.00  LINEAR    7.87176E-01  -121.87    0.00000E+00     0.00
  -35.00     0.00       4.60 -999.99    4.60    0.00000     0.00  LINEAR    1.02272E+00   -94.81    0.00000E+00     0.00
  -30.00     0.00       6.01 -999.99    6.01    0.00000     0.00  LINEAR    1.20370E+00   -78.99    0.00000E+00     0.00
  -25.00     0.00       6.34 -999.99    6.34    0.00000     0.00  LINEAR    1.24989E+00   -69.16    0.00000E+00     0.00
  -20.00     0.00       5.61 -999.99    5.61    0.00000     0.00  LINEAR    1.14925E+00   -63.49    0.00000E+00     0.00
  -15.00     0.00       3.70 -999.99    3.70    0.00000     0.00  LINEAR    9.22384E-01   -61.76    0.00000E+00     0.00
  -10.00     0.00       0.15 -999.99    0.15    0.00000     0.00  LINEAR    6.13050E-01   -65.28    0.00000E+00     0.00
   -5.00     0.00      -6.44 -999.99   -6.44    0.00000     0.00  LINEAR    2.86788E-01   -82.45    0.00000E+00     0.00
    0.00     0.00     -11.71 -999.99  -11.71    0.00000     0.00  LINEAR    1.56464E-01  -175.97    0.00000E+00     0.00
    5.00     0.00      -4.00 -999.99   -4.00    0.00000     0.00  LINEAR    3.80094E-01   138.57    0.00000E+00     0.00
   10.00     0.00       0.01 -999.99    0.01    0.00000     0.00  LINEAR    6.02982E-01   124.38    0.00000E+00     0.00
   15.00     0.00       2.47 -999.99    2.47    0.00000     0.00  LINEAR    8.00016E-01   114.82    0.00000E+00     0.00
   20.00     0.00       4.18 -999.99    4.18    0.00000     0.00  LINEAR    9.74027E-01   106.99    0.00000E+00     0.00
   25.00     0.00       5.28 -999.99    5.28    0.00000     0.00  LINEAR    1.10587E+00    99.64    0.00000E+00     0.00
   30.00     0.00       5.65 -999.99    5.65    0.00000     0.00  LINEAR    1.15370E+00    91.08    0.00000E+00     0.00
   35.00     0.00       5.08 -999.99    5.08    0.00000     0.00  LINEAR    1.08112E+00    78.66    0.00000E+00     0.00
   40.00     0.00       3.62 -999.99    3.62    0.00000     0.00  LINEAR    9.13877E-01    58.01    0.00000E+00     0.00
   45.00     0.00       2.26 -999.99    2.26    0.00000     0.00  LINEAR    7.81056E-01    25.81    0.00000E+00     0.00
   50.00     0.00       2.00 -999.99    2.00    0.00000     0.00  LINEAR    7.58469E-01    -7.96    0.00000E+00     0.00
   55.00     0.00       0.89 -999.99    0.89    0.00000     0.00  LINEAR    6.66957E-01   -33.36    0.00000E+00     0.00
   60.00     0.00      -4.46 -999.99   -4.46    0.00000     0.00  LINEAR    3.60614E-01   -59.65    0.00000E+00     0.00
   65.00     0.00     -11.27 -999.99  -11.27    0.00000     0.00  LINEAR    1.64478E-01   172.02    0.00000E+00     0.00
   70.00     0.00      -1.99 -999.99   -1.99    0.00000     0.00  LINEAR    4.79029E-01   119.10    0.00000E+00     0.00
   75.00     0.00       0.36 -999.99    0.36    0.00000     0.00  LINEAR    6.28064E-01    85.65    0.00000E+00     0.00
   80.00     0.00       1.46 -999.99    1.46    0.00000     0.00  LINEAR    7.12454E-01    50.79    0.00000E+00     0.00
   85.00     0.00       0.26 -999.99    0.26    0.00000     0.00  LINEAR    6.20331E-01    29.11    0.00000E+00     0.00
   90.00     0.00    -999.99 -999.99 -999.99    0.00000     0.00            5.48779E-11  -158.92    0.00000E+00     0.00


                                     - - - - NORMALIZED GAIN - - - -

                                           TOTAL GAIN
                                      NORMALIZATION FACTOR =     6.34 DB

    - - ANGLES - -      GAIN           - - ANGLES - -      GAIN           - - ANGLES - -      GAIN
    THETA     PHI        DB            THETA     PHI        DB            THETA     PHI        DB
   DEGREES  DEGREES                   DEGREES  DEGREES                   DEGREES  DEGREES
    -90.00     0.00  -1006.33          -25.00     0.00      0.00           35.00     0.00     -1.26
    -85.00     0.00     -6.29          -20.00     0.00     -0.73           40.00     0.00     -2.72
    -80.00     0.00     -4.94          -15.00     0.00     -2.64           45.00     0.00     -4.08
    -75.00     0.00     -6.13          -10.00     0.00     -6.19           50.00     0.00     -4.34
    -70.00     0.00     -9.21           -5.00     0.00    -12.79           55.00     0.00     -5.46
    -65.00     0.00    -25.88            0.00     0.00    -18.05           60.00     0.00    -10.80
    -60.00     0.00    -10.19            5.00     0.00    -10.34           65.00     0.00    -17.62
    -55.00     0.00     -5.24           10.00     0.00     -6.33           70.00     0.00     -8.33
    -50.00     0.00     -4.64           15.00     0.00     -3.88           75.00     0.00     -5.98
    -45.00     0.00     -5.30           20.00     0.00     -2.17           80.00     0.00     -4.88
    -40.00     0.00     -4.02           25.00     0.00     -1.06           85.00     0.00     -6.08
    -35.00     0.00     -1.74           30.00     0.00     -0.70           90.00     0.00  -1006.33
    -30.00     0.00     -0.33




                                 - - - - - - FREQUENCY - - - - - -

                                    FREQUENCY= 2.3000E+01 MHZ
                                    WAVELENGTH= 1.3035E+01 METERS




                    APPROXIMATE INTEGRATION EMPLOYED FOR SEGMENTS MORE THAN   1.000 WAVELENGTHS APART



                               - - - STRUCTURE IMPEDANCE LOADING - - -


       LOCATION          RESISTANCE   INDUCTANCE  CAPACITANCE       IMPEDANCE (OHMS)     CONDUCTIVITY    TYPE
    ITAG FROM THRU          OHMS        HENRYS       FARADS        REAL      IMAGINARY    MHOS/METER

       1    1    1                                3.7800E-10                                           SERIES 



                                  - - - ANTENNA ENVIRONMENT - - -

                                          PERFECT GROUND



                                - - - MATRIX TIMING - - -

                        FILL=    0.016 SEC.,  FACTOR=    0.000 SEC.



                                          - - - ANTENNA INPUT PARAMETERS - - -

   TAG   SEG.    VOLTAGE (VOLTS)         CURRENT (AMPS)         IMPEDANCE (OHMS)        ADMITTANCE (MHOS)      POWER
   NO.   NO.    REAL        IMAG.       REAL        IMAG.       REAL        IMAG.       REAL        IMAG.     (WATTS)
     1     1 1.00000E+00 0.00000E+00 4.56175E-03-5.28714E-03 9.35485E+01 1.08424E+02 4.56175E-03-5.28714E-03 2.28087E-03



                             - - - CURRENTS AND LOCATION - - -

                                 DISTANCES IN WAVELENGTHS


  SEG.  TAG    COORD. OF SEG. CENTER     SEG.            - - - CURRENT (AMPS) - - -
  NO.   NO.     X        Y        Z      LENGTH     REAL        IMAG.       MAG.        PHASE
     1    1   0.0000   0.0000   0.0751  0.15024   4.5617E-03 -5.2871E-03  6.9831E-03  -49.212
     2    1   0.0000   0.0000   0.2254  0.15024   1.6734E-03 -3.9677E-03  4.3061E-03  -67.132
     3    1   0.0000   0.0000   0.3756  0.15024  -2.1118E-03  5.3500E-04  2.1785E-03  165.784
     4    1   0.0000   0.0000   0.5258  0.15024  -3.9343E-03  4.5708E-03  6.0308E-03  130.720
     5    1   0.0000   0.0000   0.6761  0.15024  -2.4941E-03  4.6414E-03  5.2691E-03  118.252
     6    1   0.0000   0.0000   0.8263  0.15024   9.3655E-04  7.1921E-04  1.1808E-03   37.522
     7    1   0.0000   0.0000   0.9766  0.15024   3.5667E-03 -3.8572E-03  5.2536E-03  -47.241
     8    1   0.0000   0.0000   1.1268  0.15024   3.3076E-03 -5.2154E-03  6.1758E-03  -57.617
     9    1   0.0000   0.0000   1.2770  0.15024   3.9431E-04 -2.1904E-03  2.2256E-03  -79.795
    10    1   0.0000   0.0000   1.4273  0.15024  -2.8556E-03  2.6858E-03  3.9202E-03  136.755
    11    1   0.0000   0.0000   1.5775  0.15024  -3.9086E-03  5.2532E-03  6.5478E-03  126.651
    12    1   0.0000   0.0000   1.7277  0.15024  -1.9124E-03  2.9869E-03  3.5466E-03  122.629
    13    2  -0.2006   0.0000   1.7025  0.15580  -1.2272E-04  2.9295E-04  3.1762E-04  112.730
    14    2  -0.2951   0.0000   1.5786  0.15580  -6.1228E-05  6.2443E-04  6.2743E-04   95.600
    15    2  -0.3895   0.0000   1.4547  0.15580   2.0020E-04  4.9908E-04  5.3774E-04   68.142
    16    2  -0.4839   0.0000   1.3308  0.15580   3.0834E-04  6.4527E-05  3.1502E-04   11.820
    17    2  -0.5783   0.0000   1.2068  0.15580   8.1323E-05 -3.1762E-04  3.2787E-04  -75.639
    18    2  -0.6728   0.0000   1.0829  0.15580  -3.2761E-04 -3.6525E-04  4.9065E-04 -131.891
    19    2  -0.7672   0.0000   0.9590  0.15580  -5.7130E-04 -1.0006E-04  5.8000E-04 -170.065
    20    2  -0.8616   0.0000   0.8350  0.15580  -4.2219E-04  1.9230E-04  4.6392E-04  155.512
    21    2  -0.9560   0.0000   0.7111  0.15580   1.4798E-05  2.2444E-04  2.2493E-04   86.228
    22    2  -1.0504   0.0000   0.5872  0.15580   3.8559E-04 -3.7221E-05  3.8738E-04   -5.514
    23    2  -1.1449   0.0000   0.4633  0.15580   3.9068E-04 -3.4764E-04  5.2295E-04  -41.663
    24    2  -1.2393   0.0000   0.3393  0.15580   4.2943E-05 -4.0365E-04  4.0593E-04  -83.927
    25    2  -1.3337   0.0000   0.2154  0.15580  -3.4518E-04 -1.1750E-04  3.6463E-04 -161.201
    26    3  -1.3066   0.0000   0.1534  0.14864  -4.4684E-04  2.8494E-04  5.2996E-04  147.476
    27    3  -1.1580   0.0000   0.1534  0.14864  -2.5351E-04  4.5936E-04  5.2467E-04  118.893
    28    3  -1.0093   0.0000   0.1534  0.14864   6.0401E-05  2.6198E-04  2.6886E-04   77.017
    29    3  -0.8607   0.0000   0.1534  0.14864   2.4197E-04 -1.6537E-04  2.9308E-04  -34.351
    30    3  -0.7120   0.0000   0.1534  0.14864   1.5023E-04 -5.0548E-04  5.2733E-04  -73.448
    31    3  -0.5634   0.0000   0.1534  0.14864  -1.2726E-04 -5.2710E-04  5.4225E-04 -103.574
    32    3  -0.4148   0.0000   0.1534  0.14864  -3.3153E-04 -2.7183E-04  4.2872E-04 -140.651
    33    3  -0.2661   0.0000   0.1534  0.14864  -2.1607E-04 -2.1253E-05  2.1712E-04 -174.382
    34    4   0.1992   0.0000   1.7025  0.15403  -2.0374E-04 -2.2695E-05  2.0500E-04 -173.644
    35    4   0.2906   0.0000   1.5786  0.15403  -2.0256E-04  5.1114E-06  2.0263E-04  178.555
    36    4   0.3821   0.0000   1.4547  0.15403   1.5022E-04  1.2630E-04  1.9627E-04   40.056
    37    4   0.4736   0.0000   1.3308  0.15403   4.1550E-04  2.5088E-04  4.8537E-04   31.124
    38    4   0.5651   0.0000   1.2068  0.15403   2.6812E-04  2.5015E-04  3.6670E-04   43.014
    39    4   0.6565   0.0000   1.0829  0.15403  -2.1664E-04  7.6128E-05  2.2963E-04  160.638
    40    4   0.7480   0.0000   0.9590  0.15403  -6.3214E-04 -1.7976E-04  6.5720E-04 -164.126
    41    4   0.8395   0.0000   0.8350  0.15403  -6.0143E-04 -3.4655E-04  6.9413E-04 -150.049
    42    4   0.9309   0.0000   0.7111  0.15403  -1.2124E-04 -3.0922E-04  3.3213E-04 -111.409
    43    4   1.0224   0.0000   0.5872  0.15403   4.1902E-04 -1.0341E-04  4.3159E-04  -13.863
    44    4   1.1139   0.0000   0.4633  0.15403   5.6339E-04  1.1063E-04  5.7415E-04   11.110
    45    4   1.2054   0.0000   0.3393  0.15403   1.7622E-04  1.7769E-04  2.5025E-04   45.238
    46    4   1.2968   0.0000   0.2154  0.15403  -4.3441E-04  7.1453E-05  4.4025E-04  170.660
    47    5   0.6176   0.0000   0.1534  0.16111  -3.4314E-04 -7.8046E-05  3.5191E-04 -167.186
    48    5   0.7787   0.0000   0.1534  0.16111  -6.0135E-04 -5.4863E-05  6.0384E-04 -174.787
    49    5   0.9398   0.0000   0.1534  0.16111  -1.9903E-04  9.0599E-05  2.1868E-04  155.525
    50    5   1.1009   0.0000   0.1534  0.16111   4.6659E-04  1.7299E-04  4.9763E-04   20.342
    51    5   1.2620   0.0000   0.1534  0.16111   7.6473E-04  9.5716E-05  7.7070E-04    7.134



                                        - - - POWER BUDGET - - -

                                           INPUT POWER   = 2.2809E-03 WATTS
                                           RADIATED POWER= 2.2809E-03 WATTS
                                           STRUCTURE LOSS= 0.0000E+00 WATTS
                                           NETWORK LOSS  = 0.0000E+00 WATTS
                                           EFFICIENCY    = 100.00 PERCENT



                               - - - FAR FIELD GROUND PARAMETERS - - -


                                        CIRCLE CLIFF
                                        EDGE DISTANCE=     0.00 METERS
                                        HEIGHT=    0.00 METERS
                                        SECOND MEDIUM -
                                        RELATIVE DIELECTRIC CONST.= 13.000
                                        CONDUCTIVITY= 5.000E-03 MHOS



                                                - - - RADIATION PATTERNS - - -

  - - ANGLES - -           - POWER GAINS -       - - - POLARIZATION - - -    - - - E(THETA) - - -    - - - E(PHI) - - -
  THETA     PHI        VERT.   HOR.    TOTAL      AXIAL     TILT   SENSE     MAGNITUDE    PHASE      MAGNITUDE    PHASE 
 DEGREES  DEGREES       DB      DB      DB        RATIO     DEG.              VOLTS/M    DEGREES      VOLTS/M    DEGREES
  -90.00     0.00    -999.99 -999.99 -999.99    0.00000     0.00            2.38037E-11   -62.86    0.00000E+00     0.00
  -85.00     0.00      -2.71 -999.99   -2.71    0.00000     0.00  LINEAR    2.70651E-01   126.80    0.00000E+00     0.00
  -80.00     0.00      -0.92 -999.99   -0.92    0.00000     0.00  LINEAR    3.32580E-01   152.70    0.00000E+00     0.00
  -75.00     0.00      -0.60 -999.99   -0.60    0.00000     0.00  LINEAR    3.45090E-01  -173.90    0.00000E+00     0.00
  -70.00     0.00      -1.85 -999.99   -1.85    0.00000     0.00  LINEAR    2.98937E-01  -149.81    0.00000E+00     0.00
  -65.00     0.00      -8.29 -999.99   -8.29    0.00000     0.00  LINEAR    1.42429E-01  -132.59    0.00000E+00     0.00
  -60.00     0.00     -19.14 -999.99  -19.14    0.00000     0.00  LINEAR    4.08177E-02    62.04    0.00000E+00     0.00
  -55.00     0.00      -7.85 -999.99   -7.85    0.00000     0.00  LINEAR    1.49715E-01    91.39    0.00000E+00     0.00
  -50.00     0.00      -4.38 -999.99   -4.38    0.00000     0.00  LINEAR    2.23371E-01   136.14    0.00000E+00     0.00
  -45.00     0.00       0.14 -999.99    0.14    0.00000     0.00  LINEAR    3.75905E-01   172.67    0.00000E+00     0.00
  -40.00     0.00       3.60 -999.99    3.60    0.00000     0.00  LINEAR    5.59933E-01  -167.42    0.00000E+00     0.00
  -35.00     0.00       5.48 -999.99    5.48    0.00000     0.00  LINEAR    6.95185E-01  -154.78    0.00000E+00     0.00
  -30.00     0.00       6.17 -999.99    6.17    0.00000     0.00  LINEAR    7.52549E-01  -145.08    0.00000E+00     0.00
  -25.00     0.00       5.96 -999.99    5.96    0.00000     0.00  LINEAR    7.34790E-01  -137.14    0.00000E+00     0.00
  -20.00     0.00       4.91 -999.99    4.91    0.00000     0.00  LINEAR    6.51126E-01  -131.01    0.00000E+00     0.00
  -15.00     0.00       2.79 -999.99    2.79    0.00000     0.00  LINEAR    5.09782E-01  -127.16    0.00000E+00     0.00
  -10.00     0.00      -1.12 -999.99   -1.12    0.00000     0.00  LINEAR    3.25111E-01  -126.66    0.00000E+00     0.00
   -5.00     0.00      -9.40 -999.99   -9.40    0.00000     0.00  LINEAR    1.25280E-01  -137.21    0.00000E+00     0.00
    0.00     0.00     -12.78 -999.99  -12.78    0.00000     0.00  LINEAR    8.49548E-02    91.99    0.00000E+00     0.00
    5.00     0.00      -3.99 -999.99   -3.99    0.00000     0.00  LINEAR    2.33693E-01    71.04    0.00000E+00     0.00
   10.00     0.00      -0.52 -999.99   -0.52    0.00000     0.00  LINEAR    3.48360E-01    63.84    0.00000E+00     0.00
   15.00     0.00       1.50 -999.99    1.50    0.00000     0.00  LINEAR    4.39754E-01    56.44    0.00000E+00     0.00
   20.00     0.00       3.13 -999.99    3.13    0.00000     0.00  LINEAR    5.30334E-01    48.12    0.00000E+00     0.00
   25.00     0.00       4.59 -999.99    4.59    0.00000     0.00  LINEAR    6.27161E-01    39.79    0.00000E+00     0.00
   30.00     0.00       5.62 -999.99    5.62    0.00000     0.00  LINEAR    7.06408E-01    31.91    0.00000E+00     0.00
   35.00     0.00       5.81 -999.99    5.81    0.00000     0.00  LINEAR    7.21935E-01    23.72    0.00000E+00     0.00
   40.00     0.00       4.73 -999.99    4.73    0.00000     0.00  LINEAR    6.37341E-01    13.23    0.00000E+00     0.00
   45.00     0.00       2.02 -999.99    2.02    0.00000     0.00  LINEAR    4.66564E-01    -3.42    0.00000E+00     0.00
   50.00     0.00      -2.10 -999.99   -2.10    0.00000     0.00  LINEAR    2.90231E-01   -32.71    0.00000E+00     0.00
   55.00     0.00      -6.66 -999.99   -6.66    0.00000     0.00  LINEAR    1.71858E-01   -71.14    0.00000E+00     0.00
   60.00     0.00     -22.33 -999.99  -22.33    0.00000     0.00  LINEAR    2.82943E-02   -93.65    0.00000E+00     0.00
   65.00     0.00      -6.09 -999.99   -6.09    0.00000     0.00  LINEAR    1.83352E-01    58.52    0.00000E+00     0.00
   70.00     0.00      -0.35 -999.99   -0.35    0.00000     0.00  LINEAR    3.55161E-01    41.34    0.00000E+00     0.00
   75.00     0.00       0.60 -999.99    0.60    0.00000     0.00  LINEAR    3.96267E-01    16.63    0.00000E+00     0.00
   80.00     0.00       0.13 -999.99    0.13    0.00000     0.00  LINEAR    3.75466E-01   -18.27    0.00000E+00     0.00
   85.00     0.00      -1.60 -999.99   -1.60    0.00000     0.00  LINEAR    3.07476E-01   -45.23    0.00000E+00     0.00
   90.00     0.00    -999.99 -999.99 -999.99    0.00000     0.00            2.71569E-11   124.92    0.00000E+00     0.00


                                     - - - - NORMALIZED GAIN - - - -

                                           TOTAL GAIN
                                      NORMALIZATION FACTOR =     6.17 DB

    - - ANGLES - -      GAIN           - - ANGLES - -      GAIN           - - ANGLES - -      GAIN
    THETA     PHI        DB            THETA     PHI        DB            THETA     PHI        DB
   DEGREES  DEGREES                   DEGREES  DEGREES                   DEGREES  DEGREES
    -90.00     0.00  -1006.16          -25.00     0.00     -0.21           35.00     0.00     -0.36
    -85.00     0.00     -8.88          -20.00     0.00     -1.26           40.00     0.00     -1.44
    -80.00     0.00     -7.09          -15.00     0.00     -3.38           45.00     0.00     -4.15
    -75.00     0.00     -6.77          -10.00     0.00     -7.29           50.00     0.00     -8.28
    -70.00     0.00     -8.02           -5.00     0.00    -15.57           55.00     0.00    -12.83
    -65.00     0.00    -14.46            0.00     0.00    -18.95           60.00     0.00    -28.50
    -60.00     0.00    -25.31            5.00     0.00    -10.16           65.00     0.00    -12.26
    -55.00     0.00    -14.03           10.00     0.00     -6.69           70.00     0.00     -6.52
    -50.00     0.00    -10.55           15.00     0.00     -4.67           75.00     0.00     -5.57
    -45.00     0.00     -6.03           20.00     0.00     -3.04           80.00     0.00     -6.04
    -40.00     0.00     -2.57           25.00     0.00     -1.58           85.00     0.00     -7.77
    -35.00     0.00     -0.69           30.00     0.00     -0.55           90.00     0.00  -1006.16
    -30.00     0.00      0.00




                                 - - - - - - FREQUENCY - - - - - -

                                    FREQUENCY= 2.4000E+01 MHZ
                                    WAVELENGTH= 1.2492E+01 METERS




                    APPROXIMATE INTEGRATION EMPLOYED FOR SEGMENTS MORE THAN   1.000 WAVELENGTHS APART



                               - - - STRUCTURE IMPEDANCE LOADING - - -


       LOCATION          RESISTANCE   INDUCTANCE  CAPACITANCE       IMPEDANCE (OHMS)     CONDUCTIVITY    TYPE
    ITAG FROM THRU          OHMS        HENRYS       FARADS        REAL      IMAGINARY    MHOS/METER

       1    1    1                                3.7800E-10                                           SERIES 



                                  - - - ANTENNA ENVIRONMENT - - -

                                          PERFECT GROUND



                                - - - MATRIX TIMING - - -

                        FILL=    0.000 SEC.,  FACTOR=    0.000 SEC.



                                          - - - ANTENNA INPUT PARAMETERS - - -

   TAG   SEG.    VOLTAGE (VOLTS)         CURRENT (AMPS)         IMPEDANCE (OHMS)        ADMITTANCE (MHOS)      POWER
   NO.   NO.    REAL        IMAG.       REAL        IMAG.       REAL        IMAG.       REAL        IMAG.     (WATTS)
     1     1 1.00000E+00 0.00000E+00 2.18163E-03-3.13306E-03 1.49677E+02 2.14953E+02 2.18163E-03-3.13306E-03 1.09081E-03



                             - - - CURRENTS AND LOCATION - - -

                                 DISTANCES IN WAVELENGTHS


  SEG.  TAG    COORD. OF SEG. CENTER     SEG.            - - - CURRENT (AMPS) - - -
  NO.   NO.     X        Y        Z      LENGTH     REAL        IMAG.       MAG.        PHASE
     1    1   0.0000   0.0000   0.0784  0.15677   2.1816E-03 -3.1331E-03  3.8178E-03  -55.150
     2    1   0.0000   0.0000   0.2352  0.15677   9.9229E-04 -3.3956E-03  3.5376E-03  -73.710
     3    1   0.0000   0.0000   0.3919  0.15677  -5.9960E-04 -7.5222E-04  9.6195E-04 -128.559
     4    1   0.0000   0.0000   0.5487  0.15677  -1.4393E-03  2.5362E-03  2.9161E-03  119.576
     5    1   0.0000   0.0000   0.7055  0.15677  -1.0012E-03  3.4053E-03  3.5494E-03  106.385
     6    1   0.0000   0.0000   0.8622  0.15677   2.2070E-04  1.1204E-03  1.1419E-03   78.856
     7    1   0.0000   0.0000   1.0190  0.15677   1.1629E-03 -2.2035E-03  2.4915E-03  -62.178
     8    1   0.0000   0.0000   1.1758  0.15677   1.0703E-03 -3.5418E-03  3.7000E-03  -73.185
     9    1   0.0000   0.0000   1.3326  0.15677   7.8603E-05 -1.6710E-03  1.6728E-03  -87.307
    10    1   0.0000   0.0000   1.4893  0.15677  -9.5833E-04  1.7399E-03  1.9863E-03  118.846
    11    1   0.0000   0.0000   1.6461  0.15677  -1.2128E-03  3.6027E-03  3.8014E-03  108.605
    12    1   0.0000   0.0000   1.8029  0.15677  -5.4208E-04  2.0402E-03  2.1110E-03  104.879
    13    2  -0.2094   0.0000   1.7766  0.16257  -7.6730E-05  2.6092E-04  2.7197E-04  106.387
    14    2  -0.3079   0.0000   1.6473  0.16257  -4.6068E-05  4.8496E-04  4.8715E-04   95.426
    15    2  -0.4064   0.0000   1.5179  0.16257   1.2209E-04  2.7140E-04  2.9760E-04   65.780
    16    2  -0.5050   0.0000   1.3886  0.16257   2.0888E-04 -1.2226E-04  2.4203E-04  -30.341
    17    2  -0.6035   0.0000   1.2593  0.16257   8.1867E-05 -3.1289E-04  3.2343E-04  -75.338
    18    2  -0.7020   0.0000   1.1300  0.16257  -1.7673E-04 -1.4021E-04  2.2559E-04 -141.573
    19    2  -0.8005   0.0000   1.0007  0.16257  -3.4677E-04  1.9612E-04  3.9838E-04  150.509
    20    2  -0.8991   0.0000   0.8714  0.16257  -2.7909E-04  3.3931E-04  4.3935E-04  129.437
    21    2  -0.9976   0.0000   0.7420  0.16257  -3.8297E-05  1.2444E-04  1.3020E-04  107.106
    22    2  -1.0961   0.0000   0.6127  0.16257   1.5782E-04 -2.5991E-04  3.0407E-04  -58.733
    23    2  -1.1946   0.0000   0.4834  0.16257   1.3882E-04 -4.4761E-04  4.6865E-04  -72.770
    24    2  -1.2932   0.0000   0.3541  0.16257  -6.1897E-05 -2.4306E-04  2.5081E-04 -104.287
    25    2  -1.3917   0.0000   0.2248  0.16257  -2.4243E-04  1.9030E-04  3.0820E-04  141.870
    26    3  -1.3634   0.0000   0.1601  0.15510  -2.2973E-04  4.7382E-04  5.2658E-04  115.866
    27    3  -1.2083   0.0000   0.1601  0.15510  -5.2403E-05  3.7661E-04  3.8024E-04   97.921
    28    3  -1.0532   0.0000   0.1601  0.15510   1.3070E-04 -6.0295E-06  1.3084E-04   -2.641
    29    3  -0.8981   0.0000   0.1601  0.15510   1.5270E-04 -3.4584E-04  3.7805E-04  -66.177
    30    3  -0.7430   0.0000   0.1601  0.15510  -1.8016E-05 -3.6443E-04  3.6488E-04  -92.830
    31    3  -0.5879   0.0000   0.1601  0.15510  -2.4499E-04 -8.1899E-05  2.5831E-04 -161.515
    32    3  -0.4328   0.0000   0.1601  0.15510  -3.3087E-04  2.0174E-04  3.8753E-04  148.628
    33    3  -0.2777   0.0000   0.1601  0.15510  -1.6782E-04  1.6995E-04  2.3885E-04  134.640
    34    4   0.2078   0.0000   1.7766  0.16073  -4.1860E-04  2.9089E-04  5.0975E-04  145.204
    35    4   0.3033   0.0000   1.6473  0.16073  -6.9720E-04  5.2310E-04  8.7162E-04  143.120
    36    4   0.3987   0.0000   1.5179  0.16073  -2.2051E-04  2.6030E-04  3.4115E-04  130.269
    37    4   0.4942   0.0000   1.3886  0.16073   4.8344E-04 -1.8648E-04  5.1816E-04  -21.094
    38    4   0.5896   0.0000   1.2593  0.16073   7.0710E-04 -3.8003E-04  8.0275E-04  -28.256
    39    4   0.6851   0.0000   1.1300  0.16073   2.0886E-04 -1.5407E-04  2.5954E-04  -36.415
    40    4   0.7805   0.0000   1.0007  0.16073  -5.6748E-04  2.4410E-04  6.1775E-04  156.725
    41    4   0.8760   0.0000   0.8714  0.16073  -9.0860E-04  4.0042E-04  9.9292E-04  156.217
    42    4   0.9714   0.0000   0.7420  0.16073  -4.9446E-04  1.3656E-04  5.1298E-04  164.561
    43    4   1.0669   0.0000   0.6127  0.16073   3.0185E-04 -3.1129E-04  4.3361E-04  -45.882
    44    4   1.1623   0.0000   0.4834  0.16073   7.5294E-04 -5.0770E-04  9.0812E-04  -33.992
    45    4   1.2578   0.0000   0.3541  0.16073   4.4447E-04 -2.2754E-04  4.9933E-04  -27.110
    46    4   1.3532   0.0000   0.2248  0.16073  -3.4569E-04  3.2238E-04  4.7268E-04  136.998
    47    5   0.6444   0.0000   0.1601  0.16811  -4.6406E-04  3.2636E-04  5.6733E-04  144.882
    48    5   0.8125   0.0000   0.1601  0.16811  -7.8400E-04  6.2155E-04  1.0005E-03  141.593
    49    5   0.9807   0.0000   0.1601  0.16811  -2.0960E-04  2.6637E-04  3.3895E-04  128.198
    50    5   1.1488   0.0000   0.1601  0.16811   6.4097E-04 -3.8200E-04  7.4616E-04  -30.794
    51    5   1.3169   0.0000   0.1601  0.16811   9.0324E-04 -6.6601E-04  1.1222E-03  -36.404



                                        - - - POWER BUDGET - - -

                                           INPUT POWER   = 1.0908E-03 WATTS
                                           RADIATED POWER= 1.0908E-03 WATTS
                                           STRUCTURE LOSS= 0.0000E+00 WATTS
                                           NETWORK LOSS  = 0.0000E+00 WATTS
                                           EFFICIENCY    = 100.00 PERCENT



                               - - - FAR FIELD GROUND PARAMETERS - - -


                                        CIRCLE CLIFF
                                        EDGE DISTANCE=     0.00 METERS
                                        HEIGHT=    0.00 METERS
                                        SECOND MEDIUM -
                                        RELATIVE DIELECTRIC CONST.= 13.000
                                        CONDUCTIVITY= 5.000E-03 MHOS



                                                - - - RADIATION PATTERNS - - -

  - - ANGLES - -           - POWER GAINS -       - - - POLARIZATION - - -    - - - E(THETA) - - -    - - - E(PHI) - - -
  THETA     PHI        VERT.   HOR.    TOTAL      AXIAL     TILT   SENSE     MAGNITUDE    PHASE      MAGNITUDE    PHASE 
 DEGREES  DEGREES       DB      DB      DB        RATIO     DEG.              VOLTS/M    DEGREES      VOLTS/M    DEGREES
  -90.00     0.00    -999.99 -999.99 -999.99    0.00000     0.00            9.98313E-12   -66.92    0.00000E+00     0.00
  -85.00     0.00      -6.97 -999.99   -6.97    0.00000     0.00  LINEAR    1.14628E-01   125.36    0.00000E+00     0.00
  -80.00     0.00      -4.25 -999.99   -4.25    0.00000     0.00  LINEAR    1.56812E-01   156.15    0.00000E+00     0.00
  -75.00     0.00      -2.59 -999.99   -2.59    0.00000     0.00  LINEAR    1.89793E-01  -174.61    0.00000E+00     0.00
  -70.00     0.00      -3.10 -999.99   -3.10    0.00000     0.00  LINEAR    1.79023E-01  -159.43    0.00000E+00     0.00
  -65.00     0.00      -6.59 -999.99   -6.59    0.00000     0.00  LINEAR    1.19711E-01  -157.34    0.00000E+00     0.00
  -60.00     0.00      -9.54 -999.99   -9.54    0.00000     0.00  LINEAR    8.52955E-02  -176.41    0.00000E+00     0.00
  -55.00     0.00      -5.94 -999.99   -5.94    0.00000     0.00  LINEAR    1.29058E-01   175.36    0.00000E+00     0.00
  -50.00     0.00      -1.28 -999.99   -1.28    0.00000     0.00  LINEAR    2.20615E-01  -175.97    0.00000E+00     0.00
  -45.00     0.00       1.84 -999.99    1.84    0.00000     0.00  LINEAR    3.16202E-01  -167.84    0.00000E+00     0.00
  -40.00     0.00       3.41 -999.99    3.41    0.00000     0.00  LINEAR    3.78771E-01  -161.81    0.00000E+00     0.00
  -35.00     0.00       3.92 -999.99    3.92    0.00000     0.00  LINEAR    4.01473E-01  -156.76    0.00000E+00     0.00
  -30.00     0.00       3.88 -999.99    3.88    0.00000     0.00  LINEAR    3.99986E-01  -151.82    0.00000E+00     0.00
  -25.00     0.00       3.62 -999.99    3.62    0.00000     0.00  LINEAR    3.88148E-01  -146.67    0.00000E+00     0.00
  -20.00     0.00       3.04 -999.99    3.04    0.00000     0.00  LINEAR    3.62789E-01  -141.27    0.00000E+00     0.00
  -15.00     0.00       1.61 -999.99    1.61    0.00000     0.00  LINEAR    3.07978E-01  -135.37    0.00000E+00     0.00
  -10.00     0.00      -1.63 -999.99   -1.63    0.00000     0.00  LINEAR    2.12014E-01  -127.52    0.00000E+00     0.00
   -5.00     0.00      -9.63 -999.99   -9.63    0.00000     0.00  LINEAR    8.43830E-02  -107.29    0.00000E+00     0.00
    0.00     0.00     -10.63 -999.99  -10.63    0.00000     0.00  LINEAR    7.52412E-02    24.76    0.00000E+00     0.00
    5.00     0.00      -2.52 -999.99   -2.52    0.00000     0.00  LINEAR    1.91435E-01    47.68    0.00000E+00     0.00
   10.00     0.00       0.49 -999.99    0.49    0.00000     0.00  LINEAR    2.70609E-01    55.63    0.00000E+00     0.00
   15.00     0.00       1.59 -999.99    1.59    0.00000     0.00  LINEAR    3.07206E-01    58.75    0.00000E+00     0.00
   20.00     0.00       1.87 -999.99    1.87    0.00000     0.00  LINEAR    3.17048E-01    55.25    0.00000E+00     0.00
   25.00     0.00       2.25 -999.99    2.25    0.00000     0.00  LINEAR    3.31416E-01    43.53    0.00000E+00     0.00
   30.00     0.00       3.39 -999.99    3.39    0.00000     0.00  LINEAR    3.77911E-01    28.08    0.00000E+00     0.00
   35.00     0.00       4.68 -999.99    4.68    0.00000     0.00  LINEAR    4.38189E-01    15.35    0.00000E+00     0.00
   40.00     0.00       5.03 -999.99    5.03    0.00000     0.00  LINEAR    4.56373E-01     5.80    0.00000E+00     0.00
   45.00     0.00       3.75 -999.99    3.75    0.00000     0.00  LINEAR    3.93722E-01    -3.17    0.00000E+00     0.00
   50.00     0.00       0.36 -999.99    0.36    0.00000     0.00  LINEAR    2.66421E-01   -14.18    0.00000E+00     0.00
   55.00     0.00      -5.37 -999.99   -5.37    0.00000     0.00  LINEAR    1.37846E-01   -25.14    0.00000E+00     0.00
   60.00     0.00     -10.30 -999.99  -10.30    0.00000     0.00  LINEAR    7.80987E-02     1.35    0.00000E+00     0.00
   65.00     0.00      -4.08 -999.99   -4.08    0.00000     0.00  LINEAR    1.59914E-01    28.14    0.00000E+00     0.00
   70.00     0.00       0.08 -999.99    0.08    0.00000     0.00  LINEAR    2.58210E-01    20.98    0.00000E+00     0.00
   75.00     0.00       0.46 -999.99    0.46    0.00000     0.00  LINEAR    2.69737E-01     3.10    0.00000E+00     0.00
   80.00     0.00      -1.42 -999.99   -1.42    0.00000     0.00  LINEAR    2.17086E-01   -29.34    0.00000E+00     0.00
   85.00     0.00      -3.99 -999.99   -3.99    0.00000     0.00  LINEAR    1.61479E-01   -62.87    0.00000E+00     0.00
   90.00     0.00    -999.99 -999.99 -999.99    0.00000     0.00            1.42561E-11   104.38    0.00000E+00     0.00


                                     - - - - NORMALIZED GAIN - - - -

                                           TOTAL GAIN
                                      NORMALIZATION FACTOR =     5.03 DB

    - - ANGLES - -      GAIN           - - ANGLES - -      GAIN           - - ANGLES - -      GAIN
    THETA     PHI        DB            THETA     PHI        DB            THETA     PHI        DB
   DEGREES  DEGREES                   DEGREES  DEGREES                   DEGREES  DEGREES
    -90.00     0.00  -1005.02          -25.00     0.00     -1.41           35.00     0.00     -0.35
    -85.00     0.00    -12.00          -20.00     0.00     -1.99           40.00     0.00      0.00
    -80.00     0.00     -9.28          -15.00     0.00     -3.42           45.00     0.00     -1.28
    -75.00     0.00     -7.62          -10.00     0.00     -6.66           50.00     0.00     -4.68
    -70.00     0.00     -8.13           -5.00     0.00    -14.66           55.00     0.00    -10.40
    -65.00     0.00    -11.62            0.00     0.00    -15.66           60.00     0.00    -15.33
    -60.00     0.00    -14.57            5.00     0.00     -7.55           65.00     0.00     -9.11
    -55.00     0.00    -10.97           10.00     0.00     -4.54           70.00     0.00     -4.95
    -50.00     0.00     -6.31           15.00     0.00     -3.44           75.00     0.00     -4.57
    -45.00     0.00     -3.19           20.00     0.00     -3.16           80.00     0.00     -6.45
    -40.00     0.00     -1.62           25.00     0.00     -2.78           85.00     0.00     -9.02
    -35.00     0.00     -1.11           30.00     0.00     -1.64           90.00     0.00  -1005.02
    -30.00     0.00     -1.15




                                 - - - - - - FREQUENCY - - - - - -

                                    FREQUENCY= 2.5000E+01 MHZ
                                    WAVELENGTH= 1.1992E+01 METERS




                    APPROXIMATE INTEGRATION EMPLOYED FOR SEGMENTS MORE THAN   1.000 WAVELENGTHS APART



                               - - - STRUCTURE IMPEDANCE LOADING - - -


       LOCATION          RESISTANCE   INDUCTANCE  CAPACITANCE       IMPEDANCE (OHMS)     CONDUCTIVITY    TYPE
    ITAG FROM THRU          OHMS        HENRYS       FARADS        REAL      IMAGINARY    MHOS/METER

       1    1    1                                3.7800E-10                                           SERIES 



                                  - - - ANTENNA ENVIRONMENT - - -

                                          PERFECT GROUND



                                - - - MATRIX TIMING - - -

                        FILL=    0.000 SEC.,  FACTOR=    0.000 SEC.



                                          - - - ANTENNA INPUT PARAMETERS - - -

   TAG   SEG.    VOLTAGE (VOLTS)         CURRENT (AMPS)         IMPEDANCE (OHMS)        ADMITTANCE (MHOS)      POWER
   NO.   NO.    REAL        IMAG.       REAL        IMAG.       REAL        IMAG.       REAL        IMAG.     (WATTS)
     1     1 1.00000E+00 0.00000E+00 1.78555E-03-1.42234E-03 3.42634E+02 2.72937E+02 1.78555E-03-1.42234E-03 8.92776E-04



                             - - - CURRENTS AND LOCATION - - -

                                 DISTANCES IN WAVELENGTHS


  SEG.  TAG    COORD. OF SEG. CENTER     SEG.            - - - CURRENT (AMPS) - - -
  NO.   NO.     X        Y        Z      LENGTH     REAL        IMAG.       MAG.        PHASE
     1    1   0.0000   0.0000   0.0817  0.16330   1.7856E-03 -1.4223E-03  2.2828E-03  -38.540
     2    1   0.0000   0.0000   0.2450  0.16330   9.2052E-04 -3.0686E-03  3.2037E-03  -73.302
     3    1   0.0000   0.0000   0.4083  0.16330  -2.8471E-04 -1.8801E-03  1.9015E-03  -98.611
     4    1   0.0000   0.0000   0.5716  0.16330  -9.8217E-04  1.0872E-03  1.4651E-03  132.094
     5    1   0.0000   0.0000   0.7349  0.16330  -7.5540E-04  2.8681E-03  2.9659E-03  104.756
     6    1   0.0000   0.0000   0.8982  0.16330   5.9219E-05  1.8173E-03  1.8183E-03   88.134
     7    1   0.0000   0.0000   1.0615  0.16330   7.0915E-04 -9.6685E-04  1.1990E-03  -53.741
     8    1   0.0000   0.0000   1.2248  0.16330   6.7685E-04 -2.7631E-03  2.8448E-03  -76.236
     9    1   0.0000   0.0000   1.3881  0.16330   7.5645E-05 -1.8513E-03  1.8529E-03  -87.660
    10    1   0.0000   0.0000   1.5514  0.16330  -5.2877E-04  8.4535E-04  9.9710E-04  122.026
    11    1   0.0000   0.0000   1.7147  0.16330  -6.5763E-04  2.6506E-03  2.7309E-03  103.934
    12    1   0.0000   0.0000   1.8780  0.16330  -2.8800E-04  1.6207E-03  1.6461E-03  100.076
    13    2  -0.2181   0.0000   1.8506  0.16935   3.7532E-04  4.1369E-04  5.5857E-04   47.785
    14    2  -0.3207   0.0000   1.7159  0.16935   7.5320E-04  7.8500E-04  1.0879E-03   46.184
    15    2  -0.4234   0.0000   1.5812  0.16935   4.0632E-04  3.9434E-04  5.6621E-04   44.143
    16    2  -0.5260   0.0000   1.4465  0.16935  -3.2399E-04 -3.3069E-04  4.6295E-04 -134.414
    17    2  -0.6286   0.0000   1.3118  0.16935  -7.1725E-04 -6.5617E-04  9.7211E-04 -137.547
    18    2  -0.7313   0.0000   1.1771  0.16935  -4.0075E-04 -2.6289E-04  4.7929E-04 -146.735
    19    2  -0.8339   0.0000   1.0424  0.16935   2.7089E-04  4.3813E-04  5.1511E-04   58.272
    20    2  -0.9365   0.0000   0.9077  0.16935   5.8139E-04  7.2309E-04  9.2783E-04   51.199
    21    2  -1.0392   0.0000   0.7730  0.16935   1.9423E-04  2.8929E-04  3.4844E-04   56.123
    22    2  -1.1418   0.0000   0.6382  0.16935  -4.9347E-04 -4.3858E-04  6.6020E-04 -138.370
    23    2  -1.2444   0.0000   0.5035  0.16935  -7.5634E-04 -7.3180E-04  1.0524E-03 -135.945
    24    2  -1.3471   0.0000   0.3688  0.16935  -2.8543E-04 -2.8784E-04  4.0537E-04 -134.760
    25    2  -1.4497   0.0000   0.2341  0.16935   4.8908E-04  4.7119E-04  6.7913E-04   43.932
    26    3  -1.4202   0.0000   0.1668  0.16157   8.2320E-04  8.2345E-04  1.1644E-03   45.008
    27    3  -1.2587   0.0000   0.1668  0.16157   4.1402E-04  4.8337E-04  6.3645E-04   49.419
    28    3  -1.0971   0.0000   0.1668  0.16157  -3.5523E-04 -2.2295E-04  4.1940E-04 -147.887
    29    3  -0.9355   0.0000   0.1668  0.16157  -7.8440E-04 -6.4343E-04  1.0145E-03 -140.639
    30    3  -0.7740   0.0000   0.1668  0.16157  -5.0264E-04 -3.9864E-04  6.4153E-04 -141.582
    31    3  -0.6124   0.0000   0.1668  0.16157   1.8731E-04  2.5260E-04  3.1447E-04   53.443
    32    3  -0.4508   0.0000   0.1668  0.16157   6.0526E-04  6.5459E-04  8.9153E-04   47.242
    33    3  -0.2893   0.0000   0.1668  0.16157   3.4203E-04  3.6977E-04  5.0370E-04   47.232
    34    4   0.2165   0.0000   1.8506  0.16742   3.3978E-04  2.8944E-04  4.4635E-04   40.426
    35    4   0.3159   0.0000   1.7159  0.16742   7.2267E-04  5.6739E-04  9.1880E-04   38.136
    36    4   0.4153   0.0000   1.5812  0.16742   4.5862E-04  3.3703E-04  5.6915E-04   36.311
    37    4   0.5148   0.0000   1.4465  0.16742  -2.1982E-04 -1.4149E-04  2.6142E-04 -147.233
    38    4   0.6142   0.0000   1.3118  0.16742  -6.7749E-04 -3.9842E-04  7.8596E-04 -149.541
    39    4   0.7136   0.0000   1.1771  0.16742  -4.9440E-04 -2.0072E-04  5.3359E-04 -157.904
    40    4   0.8130   0.0000   1.0424  0.16742   1.1881E-04  2.3008E-04  2.5895E-04   62.689
    41    4   0.9125   0.0000   0.9077  0.16742   5.2984E-04  4.4382E-04  6.9116E-04   39.952
    42    4   1.0119   0.0000   0.7730  0.16742   3.1824E-04  2.0962E-04  3.8108E-04   33.373
    43    4   1.1113   0.0000   0.6382  0.16742  -3.0050E-04 -2.5746E-04  3.9571E-04 -139.411
    44    4   1.2107   0.0000   0.5035  0.16742  -6.9084E-04 -5.0707E-04  8.5696E-04 -143.722
    45    4   1.3102   0.0000   0.3688  0.16742  -4.3203E-04 -2.9369E-04  5.2240E-04 -145.793
    46    4   1.4096   0.0000   0.2341  0.16742   2.5963E-04  1.8795E-04  3.2052E-04   35.900
    47    5   0.6713   0.0000   0.1668  0.17512   4.0111E-04  2.0912E-04  4.5235E-04   27.536
    48    5   0.8464   0.0000   0.1668  0.17512   7.5740E-04  3.7382E-04  8.4463E-04   26.269
    49    5   1.0215   0.0000   0.1668  0.17512   3.1415E-04  8.5106E-05  3.2547E-04   15.158
    50    5   1.1966   0.0000   0.1668  0.17512  -4.5545E-04 -3.6597E-04  5.8427E-04 -141.217
    51    5   1.3717   0.0000   0.1668  0.17512  -7.3579E-04 -5.0389E-04  8.9180E-04 -145.595



                                        - - - POWER BUDGET - - -

                                           INPUT POWER   = 8.9278E-04 WATTS
                                           RADIATED POWER= 8.9278E-04 WATTS
                                           STRUCTURE LOSS= 0.0000E+00 WATTS
                                           NETWORK LOSS  = 0.0000E+00 WATTS
                                           EFFICIENCY    = 100.00 PERCENT



                               - - - FAR FIELD GROUND PARAMETERS - - -


                                        CIRCLE CLIFF
                                        EDGE DISTANCE=     0.00 METERS
                                        HEIGHT=    0.00 METERS
                                        SECOND MEDIUM -
                                        RELATIVE DIELECTRIC CONST.= 13.000
                                        CONDUCTIVITY= 5.000E-03 MHOS



                                                - - - RADIATION PATTERNS - - -

  - - ANGLES - -           - POWER GAINS -       - - - POLARIZATION - - -    - - - E(THETA) - - -    - - - E(PHI) - - -
  THETA     PHI        VERT.   HOR.    TOTAL      AXIAL     TILT   SENSE     MAGNITUDE    PHASE      MAGNITUDE    PHASE 
 DEGREES  DEGREES       DB      DB      DB        RATIO     DEG.              VOLTS/M    DEGREES      VOLTS/M    DEGREES
  -90.00     0.00    -999.99 -999.99 -999.99    0.00000     0.00            1.04795E-11   -52.89    0.00000E+00     0.00
  -85.00     0.00      -5.48 -999.99   -5.48    0.00000     0.00  LINEAR    1.23082E-01   139.30    0.00000E+00     0.00
  -80.00     0.00      -2.60 -999.99   -2.60    0.00000     0.00  LINEAR    1.71594E-01   168.11    0.00000E+00     0.00
  -75.00     0.00      -1.62 -999.99   -1.62    0.00000     0.00  LINEAR    1.92045E-01  -162.56    0.00000E+00     0.00
  -70.00     0.00      -3.42 -999.99   -3.42    0.00000     0.00  LINEAR    1.56086E-01  -141.69    0.00000E+00     0.00
  -65.00     0.00     -10.75 -999.99  -10.75    0.00000     0.00  LINEAR    6.71245E-02  -136.66    0.00000E+00     0.00
  -60.00     0.00     -10.77 -999.99  -10.77    0.00000     0.00  LINEAR    6.69754E-02   135.65    0.00000E+00     0.00
  -55.00     0.00      -2.47 -999.99   -2.47    0.00000     0.00  LINEAR    1.74122E-01   143.97    0.00000E+00     0.00
  -50.00     0.00       1.57 -999.99    1.57    0.00000     0.00  LINEAR    2.77138E-01   164.65    0.00000E+00     0.00
  -45.00     0.00       3.48 -999.99    3.48    0.00000     0.00  LINEAR    3.45386E-01  -175.06    0.00000E+00     0.00
  -40.00     0.00       3.98 -999.99    3.98    0.00000     0.00  LINEAR    3.65813E-01  -154.87    0.00000E+00     0.00
  -35.00     0.00       3.62 -999.99    3.62    0.00000     0.00  LINEAR    3.51025E-01  -135.36    0.00000E+00     0.00
  -30.00     0.00       2.54 -999.99    2.54    0.00000     0.00  LINEAR    3.09927E-01  -119.94    0.00000E+00     0.00
  -25.00     0.00       0.23 -999.99    0.23    0.00000     0.00  LINEAR    2.37489E-01  -113.00    0.00000E+00     0.00
  -20.00     0.00      -4.07 -999.99   -4.07    0.00000     0.00  LINEAR    1.44758E-01  -122.18    0.00000E+00     0.00
  -15.00     0.00      -8.31 -999.99   -8.31    0.00000     0.00  LINEAR    8.88881E-02  -166.55    0.00000E+00     0.00
  -10.00     0.00      -7.41 -999.99   -7.41    0.00000     0.00  LINEAR    9.85662E-02   149.56    0.00000E+00     0.00
   -5.00     0.00      -8.56 -999.99   -8.56    0.00000     0.00  LINEAR    8.63194E-02   123.34    0.00000E+00     0.00
    0.00     0.00     -11.58 -999.99  -11.58    0.00000     0.00  LINEAR    6.10036E-02    66.20    0.00000E+00     0.00
    5.00     0.00      -6.45 -999.99   -6.45    0.00000     0.00  LINEAR    1.10064E-01    16.88    0.00000E+00     0.00
   10.00     0.00      -2.83 -999.99   -2.83    0.00000     0.00  LINEAR    1.66994E-01    12.09    0.00000E+00     0.00
   15.00     0.00      -1.18 -999.99   -1.18    0.00000     0.00  LINEAR    2.02083E-01    24.39    0.00000E+00     0.00
   20.00     0.00       0.58 -999.99    0.58    0.00000     0.00  LINEAR    2.47431E-01    43.16    0.00000E+00     0.00
   25.00     0.00       2.77 -999.99    2.77    0.00000     0.00  LINEAR    3.18267E-01    54.72    0.00000E+00     0.00
   30.00     0.00       4.35 -999.99    4.35    0.00000     0.00  LINEAR    3.81638E-01    54.89    0.00000E+00     0.00
   35.00     0.00       4.91 -999.99    4.91    0.00000     0.00  LINEAR    4.07115E-01    45.87    0.00000E+00     0.00
   40.00     0.00       4.48 -999.99    4.48    0.00000     0.00  LINEAR    3.87645E-01    29.81    0.00000E+00     0.00
   45.00     0.00       3.04 -999.99    3.04    0.00000     0.00  LINEAR    3.28283E-01     7.86    0.00000E+00     0.00
   50.00     0.00       0.42 -999.99    0.42    0.00000     0.00  LINEAR    2.42747E-01   -21.11    0.00000E+00     0.00
   55.00     0.00      -3.31 -999.99   -3.31    0.00000     0.00  LINEAR    1.58048E-01   -60.18    0.00000E+00     0.00
   60.00     0.00      -8.70 -999.99   -8.70    0.00000     0.00  LINEAR    8.50021E-02  -112.07    0.00000E+00     0.00
   65.00     0.00     -12.50 -999.99  -12.50    0.00000     0.00  LINEAR    5.48701E-02   132.27    0.00000E+00     0.00
   70.00     0.00      -4.79 -999.99   -4.79    0.00000     0.00  LINEAR    1.33305E-01    68.37    0.00000E+00     0.00
   75.00     0.00      -2.62 -999.99   -2.62    0.00000     0.00  LINEAR    1.71132E-01    36.14    0.00000E+00     0.00
   80.00     0.00      -3.53 -999.99   -3.53    0.00000     0.00  LINEAR    1.54133E-01     0.10    0.00000E+00     0.00
   85.00     0.00      -6.01 -999.99   -6.01    0.00000     0.00  LINEAR    1.15887E-01   -33.23    0.00000E+00     0.00
   90.00     0.00    -999.99 -999.99 -999.99    0.00000     0.00            1.01349E-11   133.70    0.00000E+00     0.00


                                     - - - - NORMALIZED GAIN - - - -

                                           TOTAL GAIN
                                      NORMALIZATION FACTOR =     4.91 DB

    - - ANGLES - -      GAIN           - - ANGLES - -      GAIN           - - ANGLES - -      GAIN
    THETA     PHI        DB            THETA     PHI        DB            THETA     PHI        DB
   DEGREES  DEGREES                   DEGREES  DEGREES                   DEGREES  DEGREES
    -90.00     0.00  -1004.90          -25.00     0.00     -4.68           35.00     0.00      0.00
    -85.00     0.00    -10.39          -20.00     0.00     -8.98           40.00     0.00     -0.43
    -80.00     0.00     -7.50          -15.00     0.00    -13.22           45.00     0.00     -1.87
    -75.00     0.00     -6.53          -10.00     0.00    -12.32           50.00     0.00     -4.49
    -70.00     0.00     -8.33           -5.00     0.00    -13.47           55.00     0.00     -8.22
    -65.00     0.00    -15.66            0.00     0.00    -16.49           60.00     0.00    -13.61
    -60.00     0.00    -15.68            5.00     0.00    -11.36           65.00     0.00    -17.41
    -55.00     0.00     -7.38           10.00     0.00     -7.74           70.00     0.00     -9.70
    -50.00     0.00     -3.34           15.00     0.00     -6.08           75.00     0.00     -7.53
    -45.00     0.00     -1.43           20.00     0.00     -4.33           80.00     0.00     -8.44
    -40.00     0.00     -0.93           25.00     0.00     -2.14           85.00     0.00    -10.91
    -35.00     0.00     -1.29           30.00     0.00     -0.56           90.00     0.00  -1004.90
    -30.00     0.00     -2.37




                                 - - - - - - FREQUENCY - - - - - -

                                    FREQUENCY= 2.6000E+01 MHZ
                                    WAVELENGTH= 1.1531E+01 METERS




                    APPROXIMATE INTEGRATION EMPLOYED FOR SEGMENTS MORE THAN   1.000 WAVELENGTHS APART



                               - - - STRUCTURE IMPEDANCE LOADING - - -


       LOCATION          RESISTANCE   INDUCTANCE  CAPACITANCE       IMPEDANCE (OHMS)     CONDUCTIVITY    TYPE
    ITAG FROM THRU          OHMS        HENRYS       FARADS        REAL      IMAGINARY    MHOS/METER

       1    1    1                                3.7800E-10                                           SERIES 



                                  - - - ANTENNA ENVIRONMENT - - -

                                          PERFECT GROUND



                                - - - MATRIX TIMING - - -

                        FILL=    0.016 SEC.,  FACTOR=    0.000 SEC.



                                          - - - ANTENNA INPUT PARAMETERS - - -

   TAG   SEG.    VOLTAGE (VOLTS)         CURRENT (AMPS)         IMPEDANCE (OHMS)        ADMITTANCE (MHOS)      POWER
   NO.   NO.    REAL        IMAG.       REAL        IMAG.       REAL        IMAG.       REAL        IMAG.     (WATTS)
     1     1 1.00000E+00 0.00000E+00 1.79044E-03-5.22591E-04 5.14675E+02 1.50222E+02 1.79044E-03-5.22591E-04 8.95221E-04



                             - - - CURRENTS AND LOCATION - - -

                                 DISTANCES IN WAVELENGTHS


  SEG.  TAG    COORD. OF SEG. CENTER     SEG.            - - - CURRENT (AMPS) - - -
  NO.   NO.     X        Y        Z      LENGTH     REAL        IMAG.       MAG.        PHASE
     1    1   0.0000   0.0000   0.0849  0.16984   1.7904E-03 -5.2259E-04  1.8651E-03  -16.271
     2    1   0.0000   0.0000   0.2548  0.16984   8.2681E-04 -3.1326E-03  3.2399E-03  -75.215
     3    1   0.0000   0.0000   0.4246  0.16984  -4.0934E-04 -2.6843E-03  2.7153E-03  -98.671
     4    1   0.0000   0.0000   0.5944  0.16984  -9.6441E-04  4.9302E-04  1.0831E-03  152.923
     5    1   0.0000   0.0000   0.7643  0.16984  -5.3403E-04  3.0362E-03  3.0828E-03   99.976
     6    1   0.0000   0.0000   0.9341  0.16984   3.1457E-04  2.3943E-03  2.4148E-03   82.515
     7    1   0.0000   0.0000   1.1039  0.16984   7.4168E-04 -7.0341E-04  1.0222E-03  -43.483
     8    1   0.0000   0.0000   1.2738  0.16984   4.1875E-04 -3.0436E-03  3.0723E-03  -82.166
     9    1   0.0000   0.0000   1.4436  0.16984  -2.5025E-04 -2.2280E-03  2.2420E-03  -96.409
    10    1   0.0000   0.0000   1.6134  0.16984  -6.1962E-04  8.8822E-04  1.0830E-03  124.900
    11    1   0.0000   0.0000   1.7833  0.16984  -4.5542E-04  3.0714E-03  3.1050E-03   98.434
    12    1   0.0000   0.0000   1.9531  0.16984  -9.4642E-05  1.8925E-03  1.8949E-03   92.863
    13    2  -0.2268   0.0000   1.9246  0.17612   1.1493E-04 -2.4924E-05  1.1760E-04  -12.236
    14    2  -0.3336   0.0000   1.7845  0.17612   3.3018E-04 -6.3210E-05  3.3618E-04  -10.838
    15    2  -0.4403   0.0000   1.6444  0.17612   2.9886E-04 -1.0037E-05  2.9903E-04   -1.923
    16    2  -0.5470   0.0000   1.5043  0.17612  -6.7359E-06  1.1290E-04  1.1310E-04   93.414
    17    2  -0.6538   0.0000   1.3642  0.17612  -3.0512E-04  1.7906E-04  3.5378E-04  149.594
    18    2  -0.7605   0.0000   1.2241  0.17612  -3.0204E-04  1.0662E-04  3.2031E-04  160.557
    19    2  -0.8672   0.0000   1.0841  0.17612  -1.7438E-05 -3.6705E-05  4.0637E-05 -115.412
    20    2  -0.9740   0.0000   0.9440  0.17612   2.2732E-04 -1.0146E-04  2.4893E-04  -24.052
    21    2  -1.0807   0.0000   0.8039  0.17612   1.5436E-04 -2.1787E-05  1.5589E-04   -8.034
    22    2  -1.1875   0.0000   0.6638  0.17612  -1.6778E-04  1.0848E-04  1.9980E-04  147.114
    23    2  -1.2942   0.0000   0.5237  0.17612  -3.9190E-04  1.3816E-04  4.1554E-04  160.580
    24    2  -1.4009   0.0000   0.3836  0.17612  -2.6278E-04  2.6682E-05  2.6413E-04  174.202
    25    2  -1.5077   0.0000   0.2435  0.17612   1.0920E-04 -1.0852E-04  1.5395E-04  -44.822
    26    3  -1.4770   0.0000   0.1734  0.16803   3.6338E-04 -1.2154E-04  3.8317E-04  -18.494
    27    3  -1.3090   0.0000   0.1734  0.16803   2.8393E-04  3.9481E-08  2.8393E-04    0.008
    28    3  -1.1410   0.0000   0.1734  0.16803  -3.8909E-05  1.4676E-04  1.5183E-04  104.849
    29    3  -0.9729   0.0000   0.1734  0.16803  -2.9405E-04  1.8761E-04  3.4880E-04  147.460
    30    3  -0.8049   0.0000   0.1734  0.16803  -2.5255E-04  9.0498E-05  2.6828E-04  160.286
    31    3  -0.6369   0.0000   0.1734  0.16803   8.5036E-06 -5.3334E-05  5.4008E-05  -80.941
    32    3  -0.4689   0.0000   0.1734  0.16803   1.9551E-04 -1.2161E-04  2.3024E-04  -31.882
    33    3  -0.3008   0.0000   0.1734  0.16803   1.1661E-04 -6.7188E-05  1.3458E-04  -29.950
    34    4   0.2252   0.0000   1.9246  0.17412   1.5699E-04  2.3192E-05  1.5870E-04    8.403
    35    4   0.3286   0.0000   1.7845  0.17412   3.9666E-04  2.1482E-05  3.9724E-04    3.100
    36    4   0.4320   0.0000   1.6444  0.17412   3.1598E-04  1.3814E-05  3.1628E-04    2.503
    37    4   0.5354   0.0000   1.5043  0.17412  -5.1074E-05  4.7055E-05  6.9446E-05  137.345
    38    4   0.6388   0.0000   1.3642  0.17412  -3.6048E-04  9.4830E-05  3.7274E-04  165.261
    39    4   0.7422   0.0000   1.2241  0.17412  -3.1437E-04  9.6712E-05  3.2891E-04  162.900
    40    4   0.8456   0.0000   1.0841  0.17412   1.7284E-05  3.7457E-05  4.1253E-05   65.230
    41    4   0.9490   0.0000   0.9440  0.17412   2.6626E-04 -3.0182E-05  2.6796E-04   -6.467
    42    4   1.0524   0.0000   0.8039  0.17412   1.5534E-04 -4.2126E-05  1.6095E-04  -15.173
    43    4   1.1558   0.0000   0.6638  0.17412  -2.0565E-04  4.6593E-06  2.0570E-04  178.702
    44    4   1.2592   0.0000   0.5237  0.17412  -4.3344E-04  4.9752E-05  4.3629E-04  173.452
    45    4   1.3626   0.0000   0.3836  0.17412  -2.7551E-04  3.7437E-05  2.7804E-04  172.262
    46    4   1.4660   0.0000   0.2435  0.17412   1.2478E-04 -1.9268E-05  1.2626E-04   -8.778
    47    5   0.6981   0.0000   0.1734  0.18212   1.7221E-04 -6.9695E-05  1.8578E-04  -22.034
    48    5   0.8803   0.0000   0.1734  0.18212   3.3836E-04 -1.4298E-04  3.6733E-04  -22.907
    49    5   1.0624   0.0000   0.1734  0.18212   1.2509E-04 -1.0310E-04  1.6210E-04  -39.497
    50    5   1.2445   0.0000   0.1734  0.18212  -2.5496E-04 -4.9053E-06  2.5501E-04 -178.898
    51    5   1.4266   0.0000   0.1734  0.18212  -3.8561E-04  5.0096E-05  3.8885E-04  172.598



                                        - - - POWER BUDGET - - -

                                           INPUT POWER   = 8.9522E-04 WATTS
                                           RADIATED POWER= 8.9522E-04 WATTS
                                           STRUCTURE LOSS= 0.0000E+00 WATTS
                                           NETWORK LOSS  = 0.0000E+00 WATTS
                                           EFFICIENCY    = 100.00 PERCENT



                               - - - FAR FIELD GROUND PARAMETERS - - -


                                        CIRCLE CLIFF
                                        EDGE DISTANCE=     0.00 METERS
                                        HEIGHT=    0.00 METERS
                                        SECOND MEDIUM -
                                        RELATIVE DIELECTRIC CONST.= 13.000
                                        CONDUCTIVITY= 5.000E-03 MHOS



                                                - - - RADIATION PATTERNS - - -

  - - ANGLES - -           - POWER GAINS -       - - - POLARIZATION - - -    - - - E(THETA) - - -    - - - E(PHI) - - -
  THETA     PHI        VERT.   HOR.    TOTAL      AXIAL     TILT   SENSE     MAGNITUDE    PHASE      MAGNITUDE    PHASE 
 DEGREES  DEGREES       DB      DB      DB        RATIO     DEG.              VOLTS/M    DEGREES      VOLTS/M    DEGREES
  -90.00     0.00    -999.99 -999.99 -999.99    0.00000     0.00            1.20345E-11   -74.09    0.00000E+00     0.00
  -85.00     0.00      -4.94 -999.99   -4.94    0.00000     0.00  LINEAR    1.31184E-01   120.60    0.00000E+00     0.00
  -80.00     0.00      -2.71 -999.99   -2.71    0.00000     0.00  LINEAR    1.69663E-01   162.59    0.00000E+00     0.00
  -75.00     0.00      -0.54 -999.99   -0.54    0.00000     0.00  LINEAR    2.17613E-01  -157.28    0.00000E+00     0.00
  -70.00     0.00      -1.25 -999.99   -1.25    0.00000     0.00  LINEAR    2.00727E-01  -129.35    0.00000E+00     0.00
  -65.00     0.00      -6.05 -999.99   -6.05    0.00000     0.00  LINEAR    1.15430E-01   -96.10    0.00000E+00     0.00
  -60.00     0.00     -17.80 -999.99  -17.80    0.00000     0.00  LINEAR    2.98296E-02   -43.81    0.00000E+00     0.00
  -55.00     0.00      -9.17 -999.99   -9.17    0.00000     0.00  LINEAR    8.06541E-02   153.70    0.00000E+00     0.00
  -50.00     0.00      -0.08 -999.99   -0.08    0.00000     0.00  LINEAR    2.29498E-01   178.52    0.00000E+00     0.00
  -45.00     0.00       3.78 -999.99    3.78    0.00000     0.00  LINEAR    3.57902E-01  -164.81    0.00000E+00     0.00
  -40.00     0.00       5.09 -999.99    5.09    0.00000     0.00  LINEAR    4.16229E-01  -149.73    0.00000E+00     0.00
  -35.00     0.00       4.82 -999.99    4.82    0.00000     0.00  LINEAR    4.03421E-01  -134.10    0.00000E+00     0.00
  -30.00     0.00       3.45 -999.99    3.45    0.00000     0.00  LINEAR    3.44840E-01  -117.63    0.00000E+00     0.00
  -25.00     0.00       1.10 -999.99    1.10    0.00000     0.00  LINEAR    2.62956E-01  -100.55    0.00000E+00     0.00
  -20.00     0.00      -2.45 -999.99   -2.45    0.00000     0.00  LINEAR    1.74740E-01   -81.34    0.00000E+00     0.00
  -15.00     0.00      -7.08 -999.99   -7.08    0.00000     0.00  LINEAR    1.02512E-01   -54.52    0.00000E+00     0.00
  -10.00     0.00     -11.03 -999.99  -11.03    0.00000     0.00  LINEAR    6.50907E-02   -19.96    0.00000E+00     0.00
   -5.00     0.00     -14.49 -999.99  -14.49    0.00000     0.00  LINEAR    4.36837E-02    -3.23    0.00000E+00     0.00
    0.00     0.00     -20.98 -999.99  -20.98    0.00000     0.00  LINEAR    2.07064E-02   -38.96    0.00000E+00     0.00
    5.00     0.00     -18.28 -999.99  -18.28    0.00000     0.00  LINEAR    2.82357E-02  -120.14    0.00000E+00     0.00
   10.00     0.00     -15.50 -999.99  -15.50    0.00000     0.00  LINEAR    3.88762E-02  -170.89    0.00000E+00     0.00
   15.00     0.00     -10.37 -999.99  -10.37    0.00000     0.00  LINEAR    7.02341E-02   128.43    0.00000E+00     0.00
   20.00     0.00      -3.91 -999.99   -3.91    0.00000     0.00  LINEAR    1.47661E-01    95.95    0.00000E+00     0.00
   25.00     0.00       0.45 -999.99    0.45    0.00000     0.00  LINEAR    2.43872E-01    76.74    0.00000E+00     0.00
   30.00     0.00       3.15 -999.99    3.15    0.00000     0.00  LINEAR    3.32946E-01    60.56    0.00000E+00     0.00
   35.00     0.00       4.63 -999.99    4.63    0.00000     0.00  LINEAR    3.94690E-01    45.22    0.00000E+00     0.00
   40.00     0.00       4.88 -999.99    4.88    0.00000     0.00  LINEAR    4.06568E-01    30.79    0.00000E+00     0.00
   45.00     0.00       3.50 -999.99    3.50    0.00000     0.00  LINEAR    3.46548E-01    17.29    0.00000E+00     0.00
   50.00     0.00      -0.53 -999.99   -0.53    0.00000     0.00  LINEAR    2.17972E-01     4.03    0.00000E+00     0.00
   55.00     0.00     -10.47 -999.99  -10.47    0.00000     0.00  LINEAR    6.93821E-02    -5.70    0.00000E+00     0.00
   60.00     0.00     -13.46 -999.99  -13.46    0.00000     0.00  LINEAR    4.91899E-02   108.01    0.00000E+00     0.00
   65.00     0.00      -5.00 -999.99   -5.00    0.00000     0.00  LINEAR    1.30235E-01    79.99    0.00000E+00     0.00
   70.00     0.00      -1.07 -999.99   -1.07    0.00000     0.00  LINEAR    2.04793E-01    49.13    0.00000E+00     0.00
   75.00     0.00      -0.65 -999.99   -0.65    0.00000     0.00  LINEAR    2.14985E-01    21.60    0.00000E+00     0.00
   80.00     0.00      -3.03 -999.99   -3.03    0.00000     0.00  LINEAR    1.63531E-01   -17.78    0.00000E+00     0.00
   85.00     0.00      -5.50 -999.99   -5.50    0.00000     0.00  LINEAR    1.22996E-01   -60.31    0.00000E+00     0.00
   90.00     0.00    -999.99 -999.99 -999.99    0.00000     0.00            1.12344E-11   104.52    0.00000E+00     0.00


                                     - - - - NORMALIZED GAIN - - - -

                                           TOTAL GAIN
                                      NORMALIZATION FACTOR =     5.09 DB

    - - ANGLES - -      GAIN           - - ANGLES - -      GAIN           - - ANGLES - -      GAIN
    THETA     PHI        DB            THETA     PHI        DB            THETA     PHI        DB
   DEGREES  DEGREES                   DEGREES  DEGREES                   DEGREES  DEGREES
    -90.00     0.00  -1005.08          -25.00     0.00     -3.99           35.00     0.00     -0.46
    -85.00     0.00    -10.03          -20.00     0.00     -7.54           40.00     0.00     -0.20
    -80.00     0.00     -7.79          -15.00     0.00    -12.17           45.00     0.00     -1.59
    -75.00     0.00     -5.63          -10.00     0.00    -16.12           50.00     0.00     -5.62
    -70.00     0.00     -6.33           -5.00     0.00    -19.58           55.00     0.00    -15.56
    -65.00     0.00    -11.14            0.00     0.00    -26.06           60.00     0.00    -18.55
    -60.00     0.00    -22.89            5.00     0.00    -23.37           65.00     0.00    -10.09
    -55.00     0.00    -14.25           10.00     0.00    -20.59           70.00     0.00     -6.16
    -50.00     0.00     -5.17           15.00     0.00    -15.46           75.00     0.00     -5.74
    -45.00     0.00     -1.31           20.00     0.00     -9.00           80.00     0.00     -8.11
    -40.00     0.00      0.00           25.00     0.00     -4.64           85.00     0.00    -10.59
    -35.00     0.00     -0.27           30.00     0.00     -1.94           90.00     0.00  -1005.08
    -30.00     0.00     -1.63




                                 - - - - - - FREQUENCY - - - - - -

                                    FREQUENCY= 2.7000E+01 MHZ
                                    WAVELENGTH= 1.1104E+01 METERS




                    APPROXIMATE INTEGRATION EMPLOYED FOR SEGMENTS MORE THAN   1.000 WAVELENGTHS APART



                               - - - STRUCTURE IMPEDANCE LOADING - - -


       LOCATION          RESISTANCE   INDUCTANCE  CAPACITANCE       IMPEDANCE (OHMS)     CONDUCTIVITY    TYPE
    ITAG FROM THRU          OHMS        HENRYS       FARADS        REAL      IMAGINARY    MHOS/METER

       1    1    1                                3.7800E-10                                           SERIES 



                                  - - - ANTENNA ENVIRONMENT - - -

                                          PERFECT GROUND



                                - - - MATRIX TIMING - - -

                        FILL=    0.000 SEC.,  FACTOR=    0.000 SEC.



                                          - - - ANTENNA INPUT PARAMETERS - - -

   TAG   SEG.    VOLTAGE (VOLTS)         CURRENT (AMPS)         IMPEDANCE (OHMS)        ADMITTANCE (MHOS)      POWER
   NO.   NO.    REAL        IMAG.       REAL        IMAG.       REAL        IMAG.       REAL        IMAG.     (WATTS)
     1     1 1.00000E+00 0.00000E+00 2.08777E-03 9.98346E-04 3.89838E+02-1.86415E+02 2.08777E-03 9.98346E-04 1.04389E-03



                             - - - CURRENTS AND LOCATION - - -

                                 DISTANCES IN WAVELENGTHS


  SEG.  TAG    COORD. OF SEG. CENTER     SEG.            - - - CURRENT (AMPS) - - -
  NO.   NO.     X        Y        Z      LENGTH     REAL        IMAG.       MAG.        PHASE
     1    1   0.0000   0.0000   0.0882  0.17637   2.0878E-03  9.9835E-04  2.3142E-03   25.557
     2    1   0.0000   0.0000   0.2646  0.17637   6.9686E-04 -3.3116E-03  3.3842E-03  -78.117
     3    1   0.0000   0.0000   0.4409  0.17637  -8.6210E-04 -4.1922E-03  4.2799E-03 -101.620
     4    1   0.0000   0.0000   0.6173  0.17637  -1.1955E-03 -5.1365E-04  1.3012E-03 -156.749
     5    1   0.0000   0.0000   0.7937  0.17637  -2.1957E-04  3.6123E-03  3.6189E-03   93.478
     6    1   0.0000   0.0000   0.9700  0.17637   8.4710E-04  3.7238E-03  3.8189E-03   77.184
     7    1   0.0000   0.0000   1.1464  0.17637   8.5950E-04 -2.4634E-04  8.9411E-04  -15.993
     8    1   0.0000   0.0000   1.3228  0.17637  -6.5539E-05 -3.9254E-03  3.9259E-03  -90.957
     9    1   0.0000   0.0000   1.4991  0.17637  -8.1168E-04 -3.2768E-03  3.3759E-03 -103.912
    10    1   0.0000   0.0000   1.6755  0.17637  -5.9297E-04  1.0013E-03  1.1637E-03  120.635
    11    1   0.0000   0.0000   1.8519  0.17637   1.7098E-04  4.2208E-03  4.2243E-03   87.680
    12    1   0.0000   0.0000   2.0282  0.17637   3.6611E-04  2.6383E-03  2.6636E-03   82.100
    13    2  -0.2355   0.0000   1.9986  0.18290   1.7196E-06  1.1430E-04  1.1431E-04   89.138
    14    2  -0.3464   0.0000   1.8532  0.18290   1.4951E-04  1.1676E-04  1.8970E-04   37.989
    15    2  -0.4572   0.0000   1.7077  0.18290   2.6093E-04 -3.5145E-05  2.6329E-04   -7.671
    16    2  -0.5681   0.0000   1.5622  0.18290   1.3052E-04 -8.1898E-05  1.5409E-04  -32.107
    17    2  -0.6789   0.0000   1.4167  0.18290  -1.4900E-04  5.2508E-05  1.5798E-04  160.588
    18    2  -0.7898   0.0000   1.2712  0.18290  -2.8271E-04  1.9374E-04  3.4272E-04  145.578
    19    2  -0.9006   0.0000   1.1258  0.18290  -1.2425E-04  1.5280E-04  1.9694E-04  129.115
    20    2  -1.0114   0.0000   0.9803  0.18290   1.3832E-04 -3.1392E-05  1.4184E-04  -12.787
    21    2  -1.1223   0.0000   0.8348  0.18290   1.9308E-04 -1.3696E-04  2.3673E-04  -35.350
    22    2  -1.2331   0.0000   0.6893  0.18290  -3.4040E-05 -2.8492E-05  4.4391E-05 -140.070
    23    2  -1.3440   0.0000   0.5438  0.18290  -2.8828E-04  1.7207E-04  3.3572E-04  149.168
    24    2  -1.4548   0.0000   0.3983  0.18290  -2.7468E-04  2.2310E-04  3.5386E-04  140.916
    25    2  -1.5657   0.0000   0.2529  0.18290   5.7043E-06  4.8081E-05  4.8418E-05   83.234
    26    3  -1.5338   0.0000   0.1801  0.17449   2.6037E-04 -1.6534E-04  3.0843E-04  -32.416
    27    3  -1.3593   0.0000   0.1801  0.17449   2.7268E-04 -1.9005E-04  3.3237E-04  -34.875
    28    3  -1.1849   0.0000   0.1801  0.17449   5.6626E-05  8.1089E-06  5.7203E-05    8.149
    29    3  -1.0104   0.0000   0.1801  0.17449  -1.5819E-04  2.3800E-04  2.8578E-04  123.610
    30    3  -0.8359   0.0000   0.1801  0.17449  -1.6516E-04  2.7333E-04  3.1935E-04  121.144
    31    3  -0.6614   0.0000   0.1801  0.17449   3.8082E-06  8.6207E-05  8.6291E-05   87.471
    32    3  -0.4869   0.0000   0.1801  0.17449   1.3079E-04 -1.2461E-04  1.8065E-04  -43.612
    33    3  -0.3124   0.0000   0.1801  0.17449   7.2708E-05 -1.2066E-04  1.4087E-04  -58.926
    34    4   0.2338   0.0000   1.9986  0.18082   3.2511E-05  4.1262E-05  5.2531E-05   51.765
    35    4   0.3412   0.0000   1.8532  0.18082   2.0551E-04  1.1993E-06  2.0552E-04    0.334
    36    4   0.4486   0.0000   1.7077  0.18082   2.8576E-04 -5.3605E-05  2.9074E-04  -10.625
    37    4   0.5559   0.0000   1.5622  0.18082   1.0714E-04  1.3328E-05  1.0796E-04    7.091
    38    4   0.6633   0.0000   1.4167  0.18082  -1.8767E-04  1.4610E-04  2.3783E-04  142.100
    39    4   0.7707   0.0000   1.2712  0.18082  -2.9525E-04  1.7742E-04  3.4446E-04  148.998
    40    4   0.8781   0.0000   1.1258  0.18082  -1.0376E-04  4.8655E-05  1.1460E-04  154.878
    41    4   0.9855   0.0000   0.9803  0.18082   1.6381E-04 -1.0366E-04  1.9385E-04  -32.325
    42    4   1.0928   0.0000   0.8348  0.18082   1.9505E-04 -1.0317E-04  2.2066E-04  -27.876
    43    4   1.2002   0.0000   0.6893  0.18082  -5.7587E-05  5.4520E-05  7.9301E-05  136.567
    44    4   1.3076   0.0000   0.5438  0.18082  -3.1670E-04  1.8886E-04  3.6874E-04  149.191
    45    4   1.4150   0.0000   0.3983  0.18082  -2.8778E-04  1.3820E-04  3.1924E-04  154.349
    46    4   1.5224   0.0000   0.2529  0.18082   1.2430E-05 -5.1923E-05  5.3390E-05  -76.537
    47    5   0.7250   0.0000   0.1801  0.18913   1.2414E-04 -1.1590E-04  1.6983E-04  -43.034
    48    5   0.9141   0.0000   0.1801  0.18913   2.1709E-04 -2.4353E-04  3.2625E-04  -48.285
    49    5   1.1032   0.0000   0.1801  0.18913   1.6497E-05 -1.3760E-04  1.3858E-04  -83.163
    50    5   1.2924   0.0000   0.1801  0.18913  -2.6202E-04  8.5057E-05  2.7548E-04  162.016
    51    5   1.4815   0.0000   0.1801  0.18913  -2.8459E-04  1.7720E-04  3.3525E-04  148.092



                                        - - - POWER BUDGET - - -

                                           INPUT POWER   = 1.0439E-03 WATTS
                                           RADIATED POWER= 1.0439E-03 WATTS
                                           STRUCTURE LOSS= 0.0000E+00 WATTS
                                           NETWORK LOSS  = 0.0000E+00 WATTS
                                           EFFICIENCY    = 100.00 PERCENT



                               - - - FAR FIELD GROUND PARAMETERS - - -


                                        CIRCLE CLIFF
                                        EDGE DISTANCE=     0.00 METERS
                                        HEIGHT=    0.00 METERS
                                        SECOND MEDIUM -
                                        RELATIVE DIELECTRIC CONST.= 13.000
                                        CONDUCTIVITY= 5.000E-03 MHOS



                                                - - - RADIATION PATTERNS - - -

  - - ANGLES - -           - POWER GAINS -       - - - POLARIZATION - - -    - - - E(THETA) - - -    - - - E(PHI) - - -
  THETA     PHI        VERT.   HOR.    TOTAL      AXIAL     TILT   SENSE     MAGNITUDE    PHASE      MAGNITUDE    PHASE 
 DEGREES  DEGREES       DB      DB      DB        RATIO     DEG.              VOLTS/M    DEGREES      VOLTS/M    DEGREES
  -90.00     0.00    -999.99 -999.99 -999.99    0.00000     0.00            1.50780E-11   -98.47    0.00000E+00     0.00
  -85.00     0.00      -4.26 -999.99   -4.26    0.00000     0.00  LINEAR    1.53167E-01    96.89    0.00000E+00     0.00
  -80.00     0.00      -3.07 -999.99   -3.07    0.00000     0.00  LINEAR    1.75785E-01   149.85    0.00000E+00     0.00
  -75.00     0.00      -0.15 -999.99   -0.15    0.00000     0.00  LINEAR    2.46038E-01  -161.16    0.00000E+00     0.00
  -70.00     0.00      -0.47 -999.99   -0.47    0.00000     0.00  LINEAR    2.37013E-01  -126.91    0.00000E+00     0.00
  -65.00     0.00      -3.27 -999.99   -3.27    0.00000     0.00  LINEAR    1.71615E-01   -84.49    0.00000E+00     0.00
  -60.00     0.00      -8.54 -999.99   -8.54    0.00000     0.00  LINEAR    9.35754E-02   -53.50    0.00000E+00     0.00
  -55.00     0.00      -9.63 -999.99   -9.63    0.00000     0.00  LINEAR    8.25135E-02  -176.20    0.00000E+00     0.00
  -50.00     0.00       1.22 -999.99    1.22    0.00000     0.00  LINEAR    2.87779E-01  -174.75    0.00000E+00     0.00
  -45.00     0.00       4.65 -999.99    4.65    0.00000     0.00  LINEAR    4.27137E-01  -162.25    0.00000E+00     0.00
  -40.00     0.00       5.26 -999.99    5.26    0.00000     0.00  LINEAR    4.58384E-01  -145.40    0.00000E+00     0.00
  -35.00     0.00       4.58 -999.99    4.58    0.00000     0.00  LINEAR    4.23737E-01  -123.46    0.00000E+00     0.00
  -30.00     0.00       3.53 -999.99    3.53    0.00000     0.00  LINEAR    3.75549E-01   -98.32    0.00000E+00     0.00
  -25.00     0.00       2.32 -999.99    2.32    0.00000     0.00  LINEAR    3.26962E-01   -72.85    0.00000E+00     0.00
  -20.00     0.00       0.94 -999.99    0.94    0.00000     0.00  LINEAR    2.78851E-01   -47.50    0.00000E+00     0.00
  -15.00     0.00      -0.47 -999.99   -0.47    0.00000     0.00  LINEAR    2.36938E-01   -24.19    0.00000E+00     0.00
  -10.00     0.00      -2.50 -999.99   -2.50    0.00000     0.00  LINEAR    1.87630E-01    -8.24    0.00000E+00     0.00
   -5.00     0.00      -7.17 -999.99   -7.17    0.00000     0.00  LINEAR    1.09623E-01    -4.37    0.00000E+00     0.00
    0.00     0.00     -20.94 -999.99  -20.94    0.00000     0.00  LINEAR    2.24573E-02   -73.86    0.00000E+00     0.00
    5.00     0.00      -7.84 -999.99   -7.84    0.00000     0.00  LINEAR    1.01405E-01  -164.79    0.00000E+00     0.00
   10.00     0.00      -3.02 -999.99   -3.02    0.00000     0.00  LINEAR    1.76727E-01   176.50    0.00000E+00     0.00
   15.00     0.00      -0.71 -999.99   -0.71    0.00000     0.00  LINEAR    2.30447E-01   154.80    0.00000E+00     0.00
   20.00     0.00       0.97 -999.99    0.97    0.00000     0.00  LINEAR    2.79733E-01   130.53    0.00000E+00     0.00
   25.00     0.00       2.34 -999.99    2.34    0.00000     0.00  LINEAR    3.27582E-01   106.31    0.00000E+00     0.00
   30.00     0.00       3.39 -999.99    3.39    0.00000     0.00  LINEAR    3.69604E-01    81.65    0.00000E+00     0.00
   35.00     0.00       4.35 -999.99    4.35    0.00000     0.00  LINEAR    4.12651E-01    56.79    0.00000E+00     0.00
   40.00     0.00       5.02 -999.99    5.02    0.00000     0.00  LINEAR    4.46075E-01    35.14    0.00000E+00     0.00
   45.00     0.00       4.44 -999.99    4.44    0.00000     0.00  LINEAR    4.17003E-01    18.52    0.00000E+00     0.00
   50.00     0.00       1.08 -999.99    1.08    0.00000     0.00  LINEAR    2.83452E-01     5.71    0.00000E+00     0.00
   55.00     0.00      -9.44 -999.99   -9.44    0.00000     0.00  LINEAR    8.44091E-02     0.21    0.00000E+00     0.00
   60.00     0.00      -9.49 -999.99   -9.49    0.00000     0.00  LINEAR    8.39046E-02   130.40    0.00000E+00     0.00
   65.00     0.00      -3.66 -999.99   -3.66    0.00000     0.00  LINEAR    1.64240E-01    98.39    0.00000E+00     0.00
   70.00     0.00      -0.69 -999.99   -0.69    0.00000     0.00  LINEAR    2.30948E-01    56.65    0.00000E+00     0.00
   75.00     0.00      -0.37 -999.99   -0.37    0.00000     0.00  LINEAR    2.39856E-01    23.01    0.00000E+00     0.00
   80.00     0.00      -3.38 -999.99   -3.38    0.00000     0.00  LINEAR    1.69453E-01   -25.26    0.00000E+00     0.00
   85.00     0.00      -4.72 -999.99   -4.72    0.00000     0.00  LINEAR    1.45378E-01   -78.85    0.00000E+00     0.00
   90.00     0.00    -999.99 -999.99 -999.99    0.00000     0.00            1.43169E-11    85.48    0.00000E+00     0.00


                                     - - - - NORMALIZED GAIN - - - -

                                           TOTAL GAIN
                                      NORMALIZATION FACTOR =     5.26 DB

    - - ANGLES - -      GAIN           - - ANGLES - -      GAIN           - - ANGLES - -      GAIN
    THETA     PHI        DB            THETA     PHI        DB            THETA     PHI        DB
   DEGREES  DEGREES                   DEGREES  DEGREES                   DEGREES  DEGREES
    -90.00     0.00  -1005.25          -25.00     0.00     -2.93           35.00     0.00     -0.91
    -85.00     0.00     -9.52          -20.00     0.00     -4.32           40.00     0.00     -0.24
    -80.00     0.00     -8.32          -15.00     0.00     -5.73           45.00     0.00     -0.82
    -75.00     0.00     -5.40          -10.00     0.00     -7.76           50.00     0.00     -4.17
    -70.00     0.00     -5.73           -5.00     0.00    -12.43           55.00     0.00    -14.70
    -65.00     0.00     -8.53            0.00     0.00    -26.20           60.00     0.00    -14.75
    -60.00     0.00    -13.80            5.00     0.00    -13.10           65.00     0.00     -8.92
    -55.00     0.00    -14.89           10.00     0.00     -8.28           70.00     0.00     -5.95
    -50.00     0.00     -4.04           15.00     0.00     -5.97           75.00     0.00     -5.63
    -45.00     0.00     -0.61           20.00     0.00     -4.29           80.00     0.00     -8.64
    -40.00     0.00      0.00           25.00     0.00     -2.92           85.00     0.00     -9.97
    -35.00     0.00     -0.68           30.00     0.00     -1.87           90.00     0.00  -1005.25
    -30.00     0.00     -1.73




                                 - - - - - - FREQUENCY - - - - - -

                                    FREQUENCY= 2.8000E+01 MHZ
                                    WAVELENGTH= 1.0707E+01 METERS




                    APPROXIMATE INTEGRATION EMPLOYED FOR SEGMENTS MORE THAN   1.000 WAVELENGTHS APART



                               - - - STRUCTURE IMPEDANCE LOADING - - -


       LOCATION          RESISTANCE   INDUCTANCE  CAPACITANCE       IMPEDANCE (OHMS)     CONDUCTIVITY    TYPE
    ITAG FROM THRU          OHMS        HENRYS       FARADS        REAL      IMAGINARY    MHOS/METER

       1    1    1                                3.7800E-10                                           SERIES 



                                  - - - ANTENNA ENVIRONMENT - - -

                                          PERFECT GROUND



                                - - - MATRIX TIMING - - -

                        FILL=    0.000 SEC.,  FACTOR=    0.000 SEC.



                                          - - - ANTENNA INPUT PARAMETERS - - -

   TAG   SEG.    VOLTAGE (VOLTS)         CURRENT (AMPS)         IMPEDANCE (OHMS)        ADMITTANCE (MHOS)      POWER
   NO.   NO.    REAL        IMAG.       REAL        IMAG.       REAL        IMAG.       REAL        IMAG.     (WATTS)
     1     1 1.00000E+00 0.00000E+00 6.17261E-03 4.00179E-03 1.14064E+02-7.39492E+01 6.17261E-03 4.00179E-03 3.08630E-03



                             - - - CURRENTS AND LOCATION - - -

                                 DISTANCES IN WAVELENGTHS


  SEG.  TAG    COORD. OF SEG. CENTER     SEG.            - - - CURRENT (AMPS) - - -
  NO.   NO.     X        Y        Z      LENGTH     REAL        IMAG.       MAG.        PHASE
     1    1   0.0000   0.0000   0.0914  0.18290   6.1726E-03  4.0018E-03  7.3563E-03   32.956
     2    1   0.0000   0.0000   0.2743  0.18290  -1.7824E-04 -3.8060E-03  3.8102E-03  -92.681
     3    1   0.0000   0.0000   0.4572  0.18290  -5.7809E-03 -7.3634E-03  9.3615E-03 -128.135
     4    1   0.0000   0.0000   0.6401  0.18290  -4.2772E-03 -2.3486E-03  4.8796E-03 -151.229
     5    1   0.0000   0.0000   0.8230  0.18290   2.2953E-03  5.3352E-03  5.8080E-03   66.722
     6    1   0.0000   0.0000   1.0059  0.18290   6.0013E-03  6.8068E-03  9.0746E-03   48.599
     7    1   0.0000   0.0000   1.1888  0.18290   2.4637E-03  3.8158E-04  2.4930E-03    8.804
     8    1   0.0000   0.0000   1.3717  0.18290  -3.9937E-03 -6.4956E-03  7.6252E-03 -121.585
     9    1   0.0000   0.0000   1.5546  0.18290  -5.5844E-03 -5.8610E-03  8.0955E-03 -133.616
    10    1   0.0000   0.0000   1.7375  0.18290  -4.0449E-04  1.5844E-03  1.6352E-03  104.321
    11    1   0.0000   0.0000   1.9204  0.18290   5.1927E-03  7.2954E-03  8.9547E-03   54.558
    12    1   0.0000   0.0000   2.1033  0.18290   3.8666E-03  4.4919E-03  5.9268E-03   49.278
    13    2  -0.2443   0.0000   2.0727  0.18967   8.0432E-04  4.1021E-04  9.0288E-04   27.022
    14    2  -0.3592   0.0000   1.9218  0.18967   1.4618E-03  4.1716E-04  1.5202E-03   15.927
    15    2  -0.4742   0.0000   1.7709  0.18967   5.0546E-04 -2.1797E-04  5.5046E-04  -23.328
    16    2  -0.5891   0.0000   1.6201  0.18967  -8.7544E-04 -4.8833E-04  1.0024E-03 -150.847
    17    2  -0.7041   0.0000   1.4692  0.18967  -1.0624E-03  1.2023E-05  1.0624E-03  179.352
    18    2  -0.8190   0.0000   1.3183  0.18967   6.0138E-05  6.2837E-04  6.3124E-04   84.533
    19    2  -0.9340   0.0000   1.1674  0.18967   1.0172E-03  5.2975E-04  1.1469E-03   27.510
    20    2  -1.0489   0.0000   1.0166  0.18967   6.0726E-04 -2.0665E-04  6.4146E-04  -18.793
    21    2  -1.1639   0.0000   0.8657  0.18967  -6.1333E-04 -6.8336E-04  9.1823E-04 -131.909
    22    2  -1.2788   0.0000   0.7148  0.18967  -1.0703E-03 -2.9163E-04  1.1093E-03 -164.758
    23    2  -1.3937   0.0000   0.5640  0.18967  -1.7951E-04  5.2843E-04  5.5809E-04  108.763
    24    2  -1.5087   0.0000   0.4131  0.18967   9.1259E-04  8.2642E-04  1.2312E-03   42.163
    25    2  -1.6236   0.0000   0.2622  0.18967   7.8450E-04  2.9791E-04  8.3916E-04   20.794
    26    3  -1.5906   0.0000   0.1868  0.18095  -3.8078E-04 -4.0964E-04  5.5928E-04 -132.908
    27    3  -1.4097   0.0000   0.1868  0.18095  -9.6936E-04 -7.3259E-04  1.2151E-03 -142.920
    28    3  -1.2287   0.0000   0.1868  0.18095  -2.6055E-04 -3.5766E-04  4.4250E-04 -126.073
    29    3  -1.0478   0.0000   0.1868  0.18095   9.3483E-04  3.3401E-04  9.9271E-04   19.661
    30    3  -0.8668   0.0000   0.1868  0.18095   1.2183E-03  6.2212E-04  1.3680E-03   27.050
    31    3  -0.6859   0.0000   0.1868  0.18095   2.4016E-04  2.4499E-04  3.4307E-04   45.570
    32    3  -0.5049   0.0000   0.1868  0.18095  -8.5961E-04 -3.1004E-04  9.1381E-04 -160.167
    33    3  -0.3240   0.0000   0.1868  0.18095  -6.9087E-04 -3.1618E-04  7.5978E-04 -155.409
    34    4   0.2425   0.0000   2.0727  0.18752   2.3515E-04  5.5946E-04  6.0687E-04   67.202
    35    4   0.3538   0.0000   1.9218  0.18752   5.4743E-04  6.1866E-04  8.2609E-04   48.496
    36    4   0.4652   0.0000   1.7709  0.18752   3.8778E-04 -2.6111E-04  4.6749E-04  -33.954
    37    4   0.5765   0.0000   1.6201  0.18752  -9.6514E-05 -7.5550E-04  7.6164E-04  -97.280
    38    4   0.6879   0.0000   1.4692  0.18752  -4.1254E-04 -1.7613E-04  4.4856E-04 -156.881
    39    4   0.7993   0.0000   1.3183  0.18752  -2.6892E-04  7.2982E-04  7.7779E-04  110.227
    40    4   0.9106   0.0000   1.1674  0.18752   1.0638E-04  7.7457E-04  7.8184E-04   82.180
    41    4   1.0220   0.0000   1.0166  0.18752   2.5473E-04 -1.4828E-04  2.9475E-04  -30.204
    42    4   1.1333   0.0000   0.8657  0.18752   2.9490E-05 -9.1327E-04  9.1374E-04  -88.151
    43    4   1.2447   0.0000   0.7148  0.18752  -2.6436E-04 -5.4888E-04  6.0923E-04 -115.717
    44    4   1.3560   0.0000   0.5640  0.18752  -2.7682E-04  5.4358E-04  6.1000E-04  116.987
    45    4   1.4674   0.0000   0.4131  0.18752  -4.1433E-05  1.0559E-03  1.0567E-03   92.247
    46    4   1.5787   0.0000   0.2622  0.18752   9.7753E-05  3.6164E-04  3.7462E-04   74.874
    47    5   0.7518   0.0000   0.1868  0.19613  -1.5147E-04 -6.0146E-04  6.2024E-04 -104.135
    48    5   0.9480   0.0000   0.1868  0.19613  -3.2207E-04 -9.7844E-04  1.0301E-03 -108.220
    49    5   1.1441   0.0000   0.1868  0.19613  -2.0527E-04 -7.3521E-05  2.1804E-04 -160.294
    50    5   1.3402   0.0000   0.1868  0.19613  -1.6087E-06  9.3494E-04  9.3495E-04   90.099
    51    5   1.5364   0.0000   0.1868  0.19613   1.4712E-05  7.4745E-04  7.4759E-04   88.872



                                        - - - POWER BUDGET - - -

                                           INPUT POWER   = 3.0863E-03 WATTS
                                           RADIATED POWER= 3.0863E-03 WATTS
                                           STRUCTURE LOSS= 0.0000E+00 WATTS
                                           NETWORK LOSS  = 0.0000E+00 WATTS
                                           EFFICIENCY    = 100.00 PERCENT



                               - - - FAR FIELD GROUND PARAMETERS - - -


                                        CIRCLE CLIFF
                                        EDGE DISTANCE=     0.00 METERS
                                        HEIGHT=    0.00 METERS
                                        SECOND MEDIUM -
                                        RELATIVE DIELECTRIC CONST.= 13.000
                                        CONDUCTIVITY= 5.000E-03 MHOS



                                                - - - RADIATION PATTERNS - - -

  - - ANGLES - -           - POWER GAINS -       - - - POLARIZATION - - -    - - - E(THETA) - - -    - - - E(PHI) - - -
  THETA     PHI        VERT.   HOR.    TOTAL      AXIAL     TILT   SENSE     MAGNITUDE    PHASE      MAGNITUDE    PHASE 
 DEGREES  DEGREES       DB      DB      DB        RATIO     DEG.              VOLTS/M    DEGREES      VOLTS/M    DEGREES
  -90.00     0.00    -999.99 -999.99 -999.99    0.00000     0.00            2.67931E-11  -148.91    0.00000E+00     0.00
  -85.00     0.00      -4.97 -999.99   -4.97    0.00000     0.00  LINEAR    2.42758E-01    42.08    0.00000E+00     0.00
  -80.00     0.00      -9.53 -999.99   -9.53    0.00000     0.00  LINEAR    1.43595E-01   112.81    0.00000E+00     0.00
  -75.00     0.00      -3.05 -999.99   -3.05    0.00000     0.00  LINEAR    3.02687E-01  -160.71    0.00000E+00     0.00
  -70.00     0.00      -0.17 -999.99   -0.17    0.00000     0.00  LINEAR    4.21993E-01  -116.13    0.00000E+00     0.00
  -65.00     0.00       0.96 -999.99    0.96    0.00000     0.00  LINEAR    4.80485E-01   -81.72    0.00000E+00     0.00
  -60.00     0.00      -1.97 -999.99   -1.97    0.00000     0.00  LINEAR    3.42801E-01   -70.52    0.00000E+00     0.00
  -55.00     0.00      -7.83 -999.99   -7.83    0.00000     0.00  LINEAR    1.74671E-01  -149.00    0.00000E+00     0.00
  -50.00     0.00       1.46 -999.99    1.46    0.00000     0.00  LINEAR    5.08707E-01   179.90    0.00000E+00     0.00
  -45.00     0.00       4.45 -999.99    4.45    0.00000     0.00  LINEAR    7.18425E-01  -170.08    0.00000E+00     0.00
  -40.00     0.00       4.84 -999.99    4.84    0.00000     0.00  LINEAR    7.50748E-01  -151.04    0.00000E+00     0.00
  -35.00     0.00       4.32 -999.99    4.32    0.00000     0.00  LINEAR    7.07378E-01  -125.97    0.00000E+00     0.00
  -30.00     0.00       4.00 -999.99    4.00    0.00000     0.00  LINEAR    6.81887E-01   -96.89    0.00000E+00     0.00
  -25.00     0.00       4.70 -999.99    4.70    0.00000     0.00  LINEAR    7.38647E-01   -69.27    0.00000E+00     0.00
  -20.00     0.00       5.85 -999.99    5.85    0.00000     0.00  LINEAR    8.43955E-01   -50.92    0.00000E+00     0.00
  -15.00     0.00       6.04 -999.99    6.04    0.00000     0.00  LINEAR    8.62665E-01   -42.33    0.00000E+00     0.00
  -10.00     0.00       4.01 -999.99    4.01    0.00000     0.00  LINEAR    6.82685E-01   -40.79    0.00000E+00     0.00
   -5.00     0.00      -2.91 -999.99   -2.91    0.00000     0.00  LINEAR    3.07690E-01   -49.93    0.00000E+00     0.00
    0.00     0.00      -7.03 -999.99   -7.03    0.00000     0.00  LINEAR    1.91552E-01   173.51    0.00000E+00     0.00
    5.00     0.00       2.20 -999.99    2.20    0.00000     0.00  LINEAR    5.54026E-01   151.88    0.00000E+00     0.00
   10.00     0.00       4.72 -999.99    4.72    0.00000     0.00  LINEAR    7.41022E-01   144.41    0.00000E+00     0.00
   15.00     0.00       4.98 -999.99    4.98    0.00000     0.00  LINEAR    7.63333E-01   135.75    0.00000E+00     0.00
   20.00     0.00       4.56 -999.99    4.56    0.00000     0.00  LINEAR    7.27340E-01   123.32    0.00000E+00     0.00
   25.00     0.00       4.46 -999.99    4.46    0.00000     0.00  LINEAR    7.19081E-01   107.67    0.00000E+00     0.00
   30.00     0.00       4.62 -999.99    4.62    0.00000     0.00  LINEAR    7.31967E-01    89.93    0.00000E+00     0.00
   35.00     0.00       4.52 -999.99    4.52    0.00000     0.00  LINEAR    7.23692E-01    67.68    0.00000E+00     0.00
   40.00     0.00       4.35 -999.99    4.35    0.00000     0.00  LINEAR    7.09667E-01    39.90    0.00000E+00     0.00
   45.00     0.00       3.89 -999.99    3.89    0.00000     0.00  LINEAR    6.73370E-01    14.23    0.00000E+00     0.00
   50.00     0.00       0.71 -999.99    0.71    0.00000     0.00  LINEAR    4.66846E-01    -2.17    0.00000E+00     0.00
   55.00     0.00     -14.24 -999.99  -14.24    0.00000     0.00  LINEAR    8.35337E-02    36.99    0.00000E+00     0.00
   60.00     0.00      -1.01 -999.99   -1.01    0.00000     0.00  LINEAR    3.83033E-01   125.59    0.00000E+00     0.00
   65.00     0.00       1.72 -999.99    1.72    0.00000     0.00  LINEAR    5.24242E-01   103.35    0.00000E+00     0.00
   70.00     0.00       1.09 -999.99    1.09    0.00000     0.00  LINEAR    4.87877E-01    59.75    0.00000E+00     0.00
   75.00     0.00      -0.30 -999.99   -0.30    0.00000     0.00  LINEAR    4.15773E-01    12.01    0.00000E+00     0.00
   80.00     0.00      -4.38 -999.99   -4.38    0.00000     0.00  LINEAR    2.59862E-01   -59.65    0.00000E+00     0.00
   85.00     0.00      -2.46 -999.99   -2.46    0.00000     0.00  LINEAR    3.24128E-01  -123.66    0.00000E+00     0.00
   90.00     0.00    -999.99 -999.99 -999.99    0.00000     0.00            3.45327E-11    43.33    0.00000E+00     0.00


                                     - - - - NORMALIZED GAIN - - - -

                                           TOTAL GAIN
                                      NORMALIZATION FACTOR =     6.04 DB

    - - ANGLES - -      GAIN           - - ANGLES - -      GAIN           - - ANGLES - -      GAIN
    THETA     PHI        DB            THETA     PHI        DB            THETA     PHI        DB
   DEGREES  DEGREES                   DEGREES  DEGREES                   DEGREES  DEGREES
    -90.00     0.00  -1006.03          -25.00     0.00     -1.35           35.00     0.00     -1.53
    -85.00     0.00    -11.01          -20.00     0.00     -0.19           40.00     0.00     -1.70
    -80.00     0.00    -15.57          -15.00     0.00      0.00           45.00     0.00     -2.15
    -75.00     0.00     -9.10          -10.00     0.00     -2.03           50.00     0.00     -5.33
    -70.00     0.00     -6.21           -5.00     0.00     -8.95           55.00     0.00    -20.28
    -65.00     0.00     -5.08            0.00     0.00    -13.07           60.00     0.00     -7.05
    -60.00     0.00     -8.02            5.00     0.00     -3.85           65.00     0.00     -4.33
    -55.00     0.00    -13.87           10.00     0.00     -1.32           70.00     0.00     -4.95
    -50.00     0.00     -4.59           15.00     0.00     -1.06           75.00     0.00     -6.34
    -45.00     0.00     -1.59           20.00     0.00     -1.48           80.00     0.00    -10.42
    -40.00     0.00     -1.21           25.00     0.00     -1.58           85.00     0.00     -8.50
    -35.00     0.00     -1.72           30.00     0.00     -1.43           90.00     0.00  -1006.03
    -30.00     0.00     -2.04




                                 - - - - - - FREQUENCY - - - - - -

                                    FREQUENCY= 2.9000E+01 MHZ
                                    WAVELENGTH= 1.0338E+01 METERS




                    APPROXIMATE INTEGRATION EMPLOYED FOR SEGMENTS MORE THAN   1.000 WAVELENGTHS APART



                               - - - STRUCTURE IMPEDANCE LOADING - - -


       LOCATION          RESISTANCE   INDUCTANCE  CAPACITANCE       IMPEDANCE (OHMS)     CONDUCTIVITY    TYPE
    ITAG FROM THRU          OHMS        HENRYS       FARADS        REAL      IMAGINARY    MHOS/METER

       1    1    1                                3.7800E-10                                           SERIES 



                                  - - - ANTENNA ENVIRONMENT - - -

                                          PERFECT GROUND



                                - - - MATRIX TIMING - - -

                        FILL=    0.016 SEC.,  FACTOR=    0.000 SEC.



                                          - - - ANTENNA INPUT PARAMETERS - - -

   TAG   SEG.    VOLTAGE (VOLTS)         CURRENT (AMPS)         IMPEDANCE (OHMS)        ADMITTANCE (MHOS)      POWER
   NO.   NO.    REAL        IMAG.       REAL        IMAG.       REAL        IMAG.       REAL        IMAG.     (WATTS)
     1     1 1.00000E+00 0.00000E+00 6.21040E-03-5.20854E-03 9.45296E+01 7.92802E+01 6.21040E-03-5.20854E-03 3.10520E-03



                             - - - CURRENTS AND LOCATION - - -

                                 DISTANCES IN WAVELENGTHS


  SEG.  TAG    COORD. OF SEG. CENTER     SEG.            - - - CURRENT (AMPS) - - -
  NO.   NO.     X        Y        Z      LENGTH     REAL        IMAG.       MAG.        PHASE
     1    1   0.0000   0.0000   0.0947  0.18943   6.2104E-03 -5.2085E-03  8.1054E-03  -39.986
     2    1   0.0000   0.0000   0.2841  0.18943  -1.6544E-04 -2.2161E-03  2.2223E-03  -94.269
     3    1   0.0000   0.0000   0.4736  0.18943  -5.6180E-03  3.2648E-03  6.4978E-03  149.837
     4    1   0.0000   0.0000   0.6630  0.18943  -3.8154E-03  4.4356E-03  5.8508E-03  130.702
     5    1   0.0000   0.0000   0.8524  0.18943   2.7162E-03 -1.8810E-04  2.7227E-03   -3.961
     6    1   0.0000   0.0000   1.0419  0.18943   5.7643E-03 -4.5549E-03  7.3467E-03  -38.315
     7    1   0.0000   0.0000   1.2313  0.18943   1.5640E-03 -3.0170E-03  3.3983E-03  -62.598
     8    1   0.0000   0.0000   1.4207  0.18943  -4.6389E-03  2.4412E-03  5.2421E-03  152.245
     9    1   0.0000   0.0000   1.6102  0.18943  -5.1382E-03  4.7954E-03  7.0283E-03  136.976
    10    1   0.0000   0.0000   1.7996  0.18943   7.3260E-04  1.0092E-03  1.2470E-03   54.022
    11    1   0.0000   0.0000   1.9890  0.18943   5.8181E-03 -3.9699E-03  7.0434E-03  -34.307
    12    1   0.0000   0.0000   2.1785  0.18943   3.7335E-03 -3.2198E-03  4.9301E-03  -40.774
    13    2  -0.2530   0.0000   2.1467  0.19644  -2.9904E-04 -2.4003E-04  3.8346E-04 -141.246
    14    2  -0.3720   0.0000   1.9904  0.19644  -6.9324E-04 -5.8499E-04  9.0708E-04 -139.841
    15    2  -0.4911   0.0000   1.8342  0.19644  -2.6309E-04 -3.8532E-04  4.6657E-04 -124.324
    16    2  -0.6102   0.0000   1.6779  0.19644   5.9178E-04  2.0171E-04  6.2521E-04   18.822
    17    2  -0.7292   0.0000   1.5217  0.19644   7.9588E-04  5.3037E-04  9.5641E-04   33.679
    18    2  -0.8483   0.0000   1.3654  0.19644   4.8384E-05  2.5979E-04  2.6426E-04   79.450
    19    2  -0.9673   0.0000   1.2091  0.19644  -7.2612E-04 -2.1843E-04  7.5827E-04 -163.258
    20    2  -1.0864   0.0000   1.0529  0.19644  -5.6002E-04 -2.8079E-04  6.2647E-04 -153.371
    21    2  -1.2054   0.0000   0.8966  0.19644   2.8584E-04  1.3090E-04  3.1438E-04   24.605
    22    2  -1.3245   0.0000   0.7404  0.19644   6.7453E-04  4.4258E-04  8.0676E-04   33.270
    23    2  -1.4435   0.0000   0.5841  0.19644   1.0927E-04  2.0600E-04  2.3319E-04   62.056
    24    2  -1.5626   0.0000   0.4278  0.19644  -5.9914E-04 -3.1309E-04  6.7601E-04 -152.410
    25    2  -1.6816   0.0000   0.2716  0.19644  -4.1617E-04 -4.8499E-04  6.3907E-04 -130.633
    26    3  -1.6475   0.0000   0.1935  0.18742   4.4207E-04 -1.1969E-04  4.5799E-04  -15.149
    27    3  -1.4600   0.0000   0.1935  0.18742   6.5493E-04  4.1481E-04  7.7525E-04   32.349
    28    3  -1.2726   0.0000   0.1935  0.18742  -7.1094E-05  4.5278E-04  4.5833E-04   98.923
    29    3  -1.0852   0.0000   0.1935  0.18742  -8.1903E-04 -9.8300E-05  8.2491E-04 -173.156
    30    3  -0.8978   0.0000   0.1935  0.18742  -6.2996E-04 -6.0067E-04  8.7043E-04 -136.363
    31    3  -0.7104   0.0000   0.1935  0.18742   2.9396E-04 -4.7458E-04  5.5825E-04  -58.226
    32    3  -0.5230   0.0000   0.1935  0.18742   8.3891E-04  5.9800E-05  8.4104E-04    4.077
    33    3  -0.3355   0.0000   0.1935  0.18742   4.0381E-04  2.2647E-04  4.6299E-04   29.286
    34    4   0.2511   0.0000   2.1467  0.19421   1.2581E-04 -5.5227E-04  5.6642E-04  -77.167
    35    4   0.3665   0.0000   1.9904  0.19421  -2.4453E-05 -1.0243E-03  1.0246E-03  -91.368
    36    4   0.4818   0.0000   1.8342  0.19421  -2.2761E-04 -3.4946E-04  4.1705E-04 -123.077
    37    4   0.5971   0.0000   1.6779  0.19421  -2.3085E-05  6.4589E-04  6.4630E-04   92.047
    38    4   0.7125   0.0000   1.5217  0.19421   3.7902E-04  7.8833E-04  8.7472E-04   64.322
    39    4   0.8278   0.0000   1.3654  0.19421   4.1226E-04  8.9177E-06  4.1235E-04    1.239
    40    4   0.9431   0.0000   1.2091  0.19421  -5.1039E-05 -6.2121E-04  6.2330E-04  -94.697
    41    4   1.0585   0.0000   1.0529  0.19421  -4.8287E-04 -2.9365E-04  5.6515E-04 -148.695
    42    4   1.1738   0.0000   0.8966  0.19421  -3.6794E-04  5.1191E-04  6.3042E-04  125.707
    43    4   1.2891   0.0000   0.7404  0.19421   1.3513E-04  6.9029E-04  7.0339E-04   78.924
    44    4   1.4045   0.0000   0.5841  0.19421   4.0507E-04 -1.9270E-05  4.0553E-04   -2.724
    45    4   1.5198   0.0000   0.4278  0.19421   1.6310E-04 -6.8650E-04  7.0561E-04  -76.636
    46    4   1.6351   0.0000   0.2716  0.19421  -1.8570E-04 -4.1714E-04  4.5661E-04 -113.998
    47    5   0.7787   0.0000   0.1935  0.20314   6.0587E-05  5.0106E-04  5.0471E-04   83.105
    48    5   0.9818   0.0000   0.1935  0.20314   9.3770E-05  8.7053E-04  8.7557E-04   83.852
    49    5   1.1850   0.0000   0.1935  0.20314   5.0077E-05  1.2683E-04  1.3636E-04   68.454
    50    5   1.3881   0.0000   0.1935  0.20314   6.0837E-05 -6.9293E-04  6.9560E-04  -84.982
    51    5   1.5912   0.0000   0.1935  0.20314   1.6740E-04 -4.6533E-04  4.9452E-04  -70.214



                                        - - - POWER BUDGET - - -

                                           INPUT POWER   = 3.1052E-03 WATTS
                                           RADIATED POWER= 3.1052E-03 WATTS
                                           STRUCTURE LOSS= 0.0000E+00 WATTS
                                           NETWORK LOSS  = 0.0000E+00 WATTS
                                           EFFICIENCY    = 100.00 PERCENT



                               - - - FAR FIELD GROUND PARAMETERS - - -


                                        CIRCLE CLIFF
                                        EDGE DISTANCE=     0.00 METERS
                                        HEIGHT=    0.00 METERS
                                        SECOND MEDIUM -
                                        RELATIVE DIELECTRIC CONST.= 13.000
                                        CONDUCTIVITY= 5.000E-03 MHOS



                                                - - - RADIATION PATTERNS - - -

  - - ANGLES - -           - POWER GAINS -       - - - POLARIZATION - - -    - - - E(THETA) - - -    - - - E(PHI) - - -
  THETA     PHI        VERT.   HOR.    TOTAL      AXIAL     TILT   SENSE     MAGNITUDE    PHASE      MAGNITUDE    PHASE 
 DEGREES  DEGREES       DB      DB      DB        RATIO     DEG.              VOLTS/M    DEGREES      VOLTS/M    DEGREES
  -90.00     0.00    -999.99 -999.99 -999.99    0.00000     0.00            2.88293E-11   131.44    0.00000E+00     0.00
  -85.00     0.00      -4.52 -999.99   -4.52    0.00000     0.00  LINEAR    2.56333E-01   -38.78    0.00000E+00     0.00
  -80.00     0.00     -11.14 -999.99  -11.14    0.00000     0.00  LINEAR    1.19627E-01    38.44    0.00000E+00     0.00
  -75.00     0.00      -2.15 -999.99   -2.15    0.00000     0.00  LINEAR    3.36859E-01   131.28    0.00000E+00     0.00
  -70.00     0.00       1.07 -999.99    1.07    0.00000     0.00  LINEAR    4.88152E-01   170.80    0.00000E+00     0.00
  -65.00     0.00       1.55 -999.99    1.55    0.00000     0.00  LINEAR    5.15584E-01  -156.92    0.00000E+00     0.00
  -60.00     0.00      -2.64 -999.99   -2.64    0.00000     0.00  LINEAR    3.18345E-01  -141.30    0.00000E+00     0.00
  -55.00     0.00     -10.87 -999.99  -10.87    0.00000     0.00  LINEAR    1.23484E-01   113.61    0.00000E+00     0.00
  -50.00     0.00      -0.19 -999.99   -0.19    0.00000     0.00  LINEAR    4.21947E-01    98.45    0.00000E+00     0.00
  -45.00     0.00       1.21 -999.99    1.21    0.00000     0.00  LINEAR    4.96085E-01   121.16    0.00000E+00     0.00
  -40.00     0.00       0.97 -999.99    0.97    0.00000     0.00  LINEAR    4.82244E-01   166.27    0.00000E+00     0.00
  -35.00     0.00       3.62 -999.99    3.62    0.00000     0.00  LINEAR    6.54260E-01  -150.77    0.00000E+00     0.00
  -30.00     0.00       6.02 -999.99    6.02    0.00000     0.00  LINEAR    8.63303E-01  -130.45    0.00000E+00     0.00
  -25.00     0.00       6.67 -999.99    6.67    0.00000     0.00  LINEAR    9.30490E-01  -122.87    0.00000E+00     0.00
  -20.00     0.00       5.75 -999.99    5.75    0.00000     0.00  LINEAR    8.36398E-01  -122.69    0.00000E+00     0.00
  -15.00     0.00       3.44 -999.99    3.44    0.00000     0.00  LINEAR    6.40800E-01  -126.36    0.00000E+00     0.00
  -10.00     0.00      -0.62 -999.99   -0.62    0.00000     0.00  LINEAR    4.01899E-01  -126.88    0.00000E+00     0.00
   -5.00     0.00      -7.70 -999.99   -7.70    0.00000     0.00  LINEAR    1.77767E-01   -99.92    0.00000E+00     0.00
    0.00     0.00      -6.83 -999.99   -6.83    0.00000     0.00  LINEAR    1.96443E-01   -17.98    0.00000E+00     0.00
    5.00     0.00      -2.20 -999.99   -2.20    0.00000     0.00  LINEAR    3.35124E-01    13.87    0.00000E+00     0.00
   10.00     0.00       0.52 -999.99    0.52    0.00000     0.00  LINEAR    4.57995E-01    38.79    0.00000E+00     0.00
   15.00     0.00       3.32 -999.99    3.32    0.00000     0.00  LINEAR    6.32256E-01    57.24    0.00000E+00     0.00
   20.00     0.00       5.53 -999.99    5.53    0.00000     0.00  LINEAR    8.15561E-01    62.46    0.00000E+00     0.00
   25.00     0.00       6.45 -999.99    6.45    0.00000     0.00  LINEAR    9.07217E-01    56.46    0.00000E+00     0.00
   30.00     0.00       6.05 -999.99    6.05    0.00000     0.00  LINEAR    8.65766E-01    41.64    0.00000E+00     0.00
   35.00     0.00       4.41 -999.99    4.41    0.00000     0.00  LINEAR    7.16708E-01    17.81    0.00000E+00     0.00
   40.00     0.00       2.12 -999.99    2.12    0.00000     0.00  LINEAR    5.50938E-01   -17.96    0.00000E+00     0.00
   45.00     0.00       0.57 -999.99    0.57    0.00000     0.00  LINEAR    4.60642E-01   -58.81    0.00000E+00     0.00
   50.00     0.00      -2.62 -999.99   -2.62    0.00000     0.00  LINEAR    3.19036E-01   -85.19    0.00000E+00     0.00
   55.00     0.00     -16.59 -999.99  -16.59    0.00000     0.00  LINEAR    6.39180E-02    -8.71    0.00000E+00     0.00
   60.00     0.00      -0.78 -999.99   -0.78    0.00000     0.00  LINEAR    3.94639E-01    38.92    0.00000E+00     0.00
   65.00     0.00       1.92 -999.99    1.92    0.00000     0.00  LINEAR    5.38267E-01    21.46    0.00000E+00     0.00
   70.00     0.00      -0.05 -999.99   -0.05    0.00000     0.00  LINEAR    4.29176E-01   -10.92    0.00000E+00     0.00
   75.00     0.00      -5.23 -999.99   -5.23    0.00000     0.00  LINEAR    2.36222E-01   -58.59    0.00000E+00     0.00
   80.00     0.00     -10.10 -999.99  -10.10    0.00000     0.00  LINEAR    1.34825E-01   168.21    0.00000E+00     0.00
   85.00     0.00      -3.10 -999.99   -3.10    0.00000     0.00  LINEAR    3.02099E-01   123.43    0.00000E+00     0.00
   90.00     0.00    -999.99 -999.99 -999.99    0.00000     0.00            3.25129E-11   -64.52    0.00000E+00     0.00


                                     - - - - NORMALIZED GAIN - - - -

                                           TOTAL GAIN
                                      NORMALIZATION FACTOR =     6.67 DB

    - - ANGLES - -      GAIN           - - ANGLES - -      GAIN           - - ANGLES - -      GAIN
    THETA     PHI        DB            THETA     PHI        DB            THETA     PHI        DB
   DEGREES  DEGREES                   DEGREES  DEGREES                   DEGREES  DEGREES
    -90.00     0.00  -1006.66          -25.00     0.00      0.00           35.00     0.00     -2.27
    -85.00     0.00    -11.20          -20.00     0.00     -0.93           40.00     0.00     -4.55
    -80.00     0.00    -17.82          -15.00     0.00     -3.24           45.00     0.00     -6.11
    -75.00     0.00     -8.83          -10.00     0.00     -7.29           50.00     0.00     -9.30
    -70.00     0.00     -5.60           -5.00     0.00    -14.38           55.00     0.00    -23.26
    -65.00     0.00     -5.13            0.00     0.00    -13.51           60.00     0.00     -7.45
    -60.00     0.00     -9.32            5.00     0.00     -8.87           65.00     0.00     -4.75
    -55.00     0.00    -17.54           10.00     0.00     -6.16           70.00     0.00     -6.72
    -50.00     0.00     -6.87           15.00     0.00     -3.36           75.00     0.00    -11.91
    -45.00     0.00     -5.46           20.00     0.00     -1.15           80.00     0.00    -16.78
    -40.00     0.00     -5.71           25.00     0.00     -0.22           85.00     0.00     -9.77
    -35.00     0.00     -3.06           30.00     0.00     -0.63           90.00     0.00  -1006.66
    -30.00     0.00     -0.65




                                 - - - - - - FREQUENCY - - - - - -

                                    FREQUENCY= 3.0000E+01 MHZ
                                    WAVELENGTH= 9.9933E+00 METERS




                    APPROXIMATE INTEGRATION EMPLOYED FOR SEGMENTS MORE THAN   1.000 WAVELENGTHS APART



                               - - - STRUCTURE IMPEDANCE LOADING - - -


       LOCATION          RESISTANCE   INDUCTANCE  CAPACITANCE       IMPEDANCE (OHMS)     CONDUCTIVITY    TYPE
    ITAG FROM THRU          OHMS        HENRYS       FARADS        REAL      IMAGINARY    MHOS/METER

       1    1    1                                3.7800E-10                                           SERIES 



                                  - - - ANTENNA ENVIRONMENT - - -

                                          PERFECT GROUND



                                - - - MATRIX TIMING - - -

                        FILL=    0.000 SEC.,  FACTOR=    0.000 SEC.



                                          - - - ANTENNA INPUT PARAMETERS - - -

   TAG   SEG.    VOLTAGE (VOLTS)         CURRENT (AMPS)         IMPEDANCE (OHMS)        ADMITTANCE (MHOS)      POWER
   NO.   NO.    REAL        IMAG.       REAL        IMAG.       REAL        IMAG.       REAL        IMAG.     (WATTS)
     1     1 1.00000E+00 0.00000E+00 2.72815E-03-3.70698E-03 1.28781E+02 1.74986E+02 2.72815E-03-3.70698E-03 1.36407E-03



                             - - - CURRENTS AND LOCATION - - -

                                 DISTANCES IN WAVELENGTHS


  SEG.  TAG    COORD. OF SEG. CENTER     SEG.            - - - CURRENT (AMPS) - - -
  NO.   NO.     X        Y        Z      LENGTH     REAL        IMAG.       MAG.        PHASE
     1    1   0.0000   0.0000   0.0980  0.19596   2.7281E-03 -3.7070E-03  4.6027E-03  -53.649
     2    1   0.0000   0.0000   0.2939  0.19596   3.0895E-04 -2.4660E-03  2.4853E-03  -82.859
     3    1   0.0000   0.0000   0.4899  0.19596  -1.8431E-03  1.7000E-03  2.5074E-03  137.313
     4    1   0.0000   0.0000   0.6859  0.19596  -1.3753E-03  3.4298E-03  3.6953E-03  111.850
     5    1   0.0000   0.0000   0.8818  0.19596   8.1680E-04  4.3238E-04  9.2418E-04   27.895
     6    1   0.0000   0.0000   1.0778  0.19596   1.8344E-03 -3.1081E-03  3.6090E-03  -59.451
     7    1   0.0000   0.0000   1.2738  0.19596   4.5197E-04 -2.3675E-03  2.4103E-03  -79.192
     8    1   0.0000   0.0000   1.4697  0.19596  -1.4627E-03  1.6382E-03  2.1962E-03  131.762
     9    1   0.0000   0.0000   1.6657  0.19596  -1.4486E-03  3.4774E-03  3.7671E-03  112.616
    10    1   0.0000   0.0000   1.8617  0.19596   4.3212E-04  6.2861E-04  7.6281E-04   55.494
    11    1   0.0000   0.0000   2.0576  0.19596   1.8044E-03 -3.0832E-03  3.5724E-03  -59.662
    12    1   0.0000   0.0000   2.2536  0.19596   1.0238E-03 -2.3992E-03  2.6085E-03  -66.890
    13    2  -0.2617   0.0000   2.2207  0.20322   5.8503E-06  3.3325E-05  3.3835E-05   80.043
    14    2  -0.3849   0.0000   2.0591  0.20322  -1.7209E-04  1.5232E-05  1.7276E-04  174.942
    15    2  -0.5080   0.0000   1.8974  0.20322  -2.1573E-04 -1.1527E-04  2.4459E-04 -151.882
    16    2  -0.6312   0.0000   1.7358  0.20322   7.9573E-05 -1.7675E-04  1.9384E-04  -65.763
    17    2  -0.7543   0.0000   1.5741  0.20322   3.6893E-04 -3.2244E-05  3.7034E-04   -4.995
    18    2  -0.8775   0.0000   1.4125  0.20322   2.4523E-04  1.8261E-04  3.0576E-04   36.673
    19    2  -1.0007   0.0000   1.2508  0.20322  -1.5432E-04  2.1735E-04  2.6657E-04  125.376
    20    2  -1.1238   0.0000   1.0892  0.20322  -3.0934E-04  4.7298E-05  3.1294E-04  171.307
    21    2  -1.2470   0.0000   0.9275  0.20322  -3.4318E-05 -8.4883E-05  9.1557E-05 -112.013
    22    2  -1.3701   0.0000   0.7659  0.20322   2.6392E-04 -3.4216E-07  2.6392E-04   -0.074
    23    2  -1.4933   0.0000   0.6042  0.20322   1.5959E-04  1.6444E-04  2.2915E-04   45.858
    24    2  -1.6165   0.0000   0.4426  0.20322  -1.9041E-04  1.4249E-04  2.3782E-04  143.192
    25    2  -1.7396   0.0000   0.2810  0.20322  -2.6861E-04 -9.2590E-05  2.8412E-04 -160.981
    26    3  -1.7043   0.0000   0.2001  0.19388   4.6821E-05 -2.5548E-04  2.5973E-04  -79.615
    27    3  -1.5104   0.0000   0.2001  0.19388   2.8802E-04 -5.9046E-05  2.9401E-04  -11.585
    28    3  -1.3165   0.0000   0.2001  0.19388   1.2474E-04  2.4800E-04  2.7761E-04   63.298
    29    3  -1.1226   0.0000   0.2001  0.19388  -2.4021E-04  2.5416E-04  3.4971E-04  133.384
    30    3  -0.9287   0.0000   0.2001  0.19388  -3.4283E-04 -6.3209E-05  3.4861E-04 -169.554
    31    3  -0.7349   0.0000   0.2001  0.19388  -6.9851E-05 -3.1355E-04  3.2124E-04 -102.559
    32    3  -0.5410   0.0000   0.2001  0.19388   2.0174E-04 -2.2467E-04  3.0196E-04  -48.078
    33    3  -0.3471   0.0000   0.2001  0.19388   1.2852E-04 -1.1099E-05  1.2900E-04   -4.936
    34    4   0.2598   0.0000   2.2207  0.20091  -5.6047E-05 -1.6311E-04  1.7247E-04 -108.964
    35    4   0.3791   0.0000   2.0591  0.20091  -2.3679E-04 -2.6727E-04  3.5708E-04 -131.539
    36    4   0.4984   0.0000   1.8974  0.20091  -1.8036E-04 -8.1656E-05  1.9799E-04 -155.642
    37    4   0.6177   0.0000   1.7358  0.20091   1.5550E-04  1.1886E-04  1.9573E-04   37.394
    38    4   0.7370   0.0000   1.5741  0.20091   3.7263E-04  1.0557E-04  3.8730E-04   15.817
    39    4   0.8563   0.0000   1.4125  0.20091   1.7832E-04 -3.0009E-05  1.8082E-04   -9.553
    40    4   0.9757   0.0000   1.2508  0.20091  -1.9041E-04 -4.0829E-05  1.9474E-04 -167.898
    41    4   1.0950   0.0000   1.0892  0.20091  -2.7231E-04  1.1496E-04  2.9558E-04  157.111
    42    4   1.2143   0.0000   0.9275  0.20091  -3.1764E-06  2.2269E-04  2.2271E-04   90.817
    43    4   1.3336   0.0000   0.7659  0.20091   2.1383E-04  1.1938E-04  2.4490E-04   29.173
    44    4   1.4529   0.0000   0.6042  0.20091   7.6672E-05 -7.1980E-05  1.0517E-04  -43.192
    45    4   1.5722   0.0000   0.4426  0.20091  -1.9689E-04 -1.1188E-04  2.2645E-04 -150.394
    46    4   1.6915   0.0000   0.2810  0.20091  -1.8017E-04  2.3342E-05  1.8168E-04  172.618
    47    5   0.8055   0.0000   0.2001  0.21014   1.7556E-04  2.7712E-05  1.7773E-04    8.970
    48    5   1.0157   0.0000   0.2001  0.21014   3.3192E-04  8.2963E-05  3.4214E-04   14.033
    49    5   1.2258   0.0000   0.2001  0.21014   7.2786E-05  1.9575E-05  7.5372E-05   15.053
    50    5   1.4360   0.0000   0.2001  0.21014  -2.3440E-04 -1.0471E-04  2.5672E-04 -155.929
    51    5   1.6461   0.0000   0.2001  0.21014  -1.4177E-04 -1.2879E-04  1.9153E-04 -137.747



                                        - - - POWER BUDGET - - -

                                           INPUT POWER   = 1.3641E-03 WATTS
                                           RADIATED POWER= 1.3641E-03 WATTS
                                           STRUCTURE LOSS= 0.0000E+00 WATTS
                                           NETWORK LOSS  = 0.0000E+00 WATTS
                                           EFFICIENCY    = 100.00 PERCENT



                               - - - FAR FIELD GROUND PARAMETERS - - -


                                        CIRCLE CLIFF
                                        EDGE DISTANCE=     0.00 METERS
                                        HEIGHT=    0.00 METERS
                                        SECOND MEDIUM -
                                        RELATIVE DIELECTRIC CONST.= 13.000
                                        CONDUCTIVITY= 5.000E-03 MHOS



                                                - - - RADIATION PATTERNS - - -

  - - ANGLES - -           - POWER GAINS -       - - - POLARIZATION - - -    - - - E(THETA) - - -    - - - E(PHI) - - -
  THETA     PHI        VERT.   HOR.    TOTAL      AXIAL     TILT   SENSE     MAGNITUDE    PHASE      MAGNITUDE    PHASE 
 DEGREES  DEGREES       DB      DB      DB        RATIO     DEG.              VOLTS/M    DEGREES      VOLTS/M    DEGREES
  -90.00     0.00    -999.99 -999.99 -999.99    0.00000     0.00            1.97273E-11    92.63    0.00000E+00     0.00
  -85.00     0.00      -3.95 -999.99   -3.95    0.00000     0.00  LINEAR    1.81457E-01   -81.82    0.00000E+00     0.00
  -80.00     0.00     -13.26 -999.99  -13.26    0.00000     0.00  LINEAR    6.21163E-02   -59.98    0.00000E+00     0.00
  -75.00     0.00      -7.16 -999.99   -7.16    0.00000     0.00  LINEAR    1.25433E-01   127.12    0.00000E+00     0.00
  -70.00     0.00      -1.06 -999.99   -1.06    0.00000     0.00  LINEAR    2.53101E-01   165.86    0.00000E+00     0.00
  -65.00     0.00       0.75 -999.99    0.75    0.00000     0.00  LINEAR    3.11735E-01  -165.64    0.00000E+00     0.00
  -60.00     0.00      -2.65 -999.99   -2.65    0.00000     0.00  LINEAR    2.10791E-01  -148.12    0.00000E+00     0.00
  -55.00     0.00     -25.42 -999.99  -25.42    0.00000     0.00  LINEAR    1.53183E-02   163.72    0.00000E+00     0.00
  -50.00     0.00      -6.42 -999.99   -6.42    0.00000     0.00  LINEAR    1.36590E-01    84.60    0.00000E+00     0.00
  -45.00     0.00      -3.29 -999.99   -3.29    0.00000     0.00  LINEAR    1.95817E-01   132.20    0.00000E+00     0.00
  -40.00     0.00       1.50 -999.99    1.50    0.00000     0.00  LINEAR    3.39893E-01   178.26    0.00000E+00     0.00
  -35.00     0.00       5.17 -999.99    5.17    0.00000     0.00  LINEAR    5.18782E-01  -158.88    0.00000E+00     0.00
  -30.00     0.00       6.65 -999.99    6.65    0.00000     0.00  LINEAR    6.14611E-01  -146.07    0.00000E+00     0.00
  -25.00     0.00       6.31 -999.99    6.31    0.00000     0.00  LINEAR    5.91510E-01  -138.05    0.00000E+00     0.00
  -20.00     0.00       4.38 -999.99    4.38    0.00000     0.00  LINEAR    4.73674E-01  -133.39    0.00000E+00     0.00
  -15.00     0.00       0.91 -999.99    0.91    0.00000     0.00  LINEAR    3.17605E-01  -130.94    0.00000E+00     0.00
  -10.00     0.00      -3.91 -999.99   -3.91    0.00000     0.00  LINEAR    1.82279E-01  -126.81    0.00000E+00     0.00
   -5.00     0.00      -8.99 -999.99   -8.99    0.00000     0.00  LINEAR    1.01547E-01  -110.03    0.00000E+00     0.00
    0.00     0.00     -11.91 -999.99  -11.91    0.00000     0.00  LINEAR    7.26125E-02   -75.19    0.00000E+00     0.00
    5.00     0.00     -12.68 -999.99  -12.68    0.00000     0.00  LINEAR    6.64564E-02   -18.78    0.00000E+00     0.00
   10.00     0.00      -5.95 -999.99   -5.95    0.00000     0.00  LINEAR    1.44091E-01    35.27    0.00000E+00     0.00
   15.00     0.00       0.46 -999.99    0.46    0.00000     0.00  LINEAR    3.01440E-01    48.33    0.00000E+00     0.00
   20.00     0.00       4.22 -999.99    4.22    0.00000     0.00  LINEAR    4.65130E-01    47.70    0.00000E+00     0.00
   25.00     0.00       6.04 -999.99    6.04    0.00000     0.00  LINEAR    5.73312E-01    41.35    0.00000E+00     0.00
   30.00     0.00       6.27 -999.99    6.27    0.00000     0.00  LINEAR    5.88949E-01    31.43    0.00000E+00     0.00
   35.00     0.00       4.89 -999.99    4.89    0.00000     0.00  LINEAR    5.02371E-01    18.40    0.00000E+00     0.00
   40.00     0.00       1.45 -999.99    1.45    0.00000     0.00  LINEAR    3.37850E-01     0.21    0.00000E+00     0.00
   45.00     0.00      -4.53 -999.99   -4.53    0.00000     0.00  LINEAR    1.69679E-01   -30.81    0.00000E+00     0.00
   50.00     0.00     -12.77 -999.99  -12.77    0.00000     0.00  LINEAR    6.57515E-02   -70.70    0.00000E+00     0.00
   55.00     0.00     -12.17 -999.99  -12.17    0.00000     0.00  LINEAR    7.04466E-02    35.74    0.00000E+00     0.00
   60.00     0.00      -1.72 -999.99   -1.72    0.00000     0.00  LINEAR    2.34575E-01    28.81    0.00000E+00     0.00
   65.00     0.00       0.57 -999.99    0.57    0.00000     0.00  LINEAR    3.05457E-01    12.35    0.00000E+00     0.00
   70.00     0.00      -1.93 -999.99   -1.93    0.00000     0.00  LINEAR    2.29008E-01   -12.15    0.00000E+00     0.00
   75.00     0.00     -10.01 -999.99  -10.01    0.00000     0.00  LINEAR    9.03765E-02   -42.79    0.00000E+00     0.00
   80.00     0.00     -10.88 -999.99  -10.88    0.00000     0.00  LINEAR    8.17185E-02    97.47    0.00000E+00     0.00
   85.00     0.00      -4.02 -999.99   -4.02    0.00000     0.00  LINEAR    1.79935E-01    87.99    0.00000E+00     0.00
   90.00     0.00    -999.99 -999.99 -999.99    0.00000     0.00            1.90118E-11   -96.69    0.00000E+00     0.00


                                     - - - - NORMALIZED GAIN - - - -

                                           TOTAL GAIN
                                      NORMALIZATION FACTOR =     6.65 DB

    - - ANGLES - -      GAIN           - - ANGLES - -      GAIN           - - ANGLES - -      GAIN
    THETA     PHI        DB            THETA     PHI        DB            THETA     PHI        DB
   DEGREES  DEGREES                   DEGREES  DEGREES                   DEGREES  DEGREES
    -90.00     0.00  -1006.64          -25.00     0.00     -0.33           35.00     0.00     -1.75
    -85.00     0.00    -10.60          -20.00     0.00     -2.26           40.00     0.00     -5.20
    -80.00     0.00    -19.91          -15.00     0.00     -5.73           45.00     0.00    -11.18
    -75.00     0.00    -13.80          -10.00     0.00    -10.56           50.00     0.00    -19.41
    -70.00     0.00     -7.71           -5.00     0.00    -15.64           55.00     0.00    -18.81
    -65.00     0.00     -5.90            0.00     0.00    -18.55           60.00     0.00     -8.37
    -60.00     0.00     -9.29            5.00     0.00    -19.32           65.00     0.00     -6.07
    -55.00     0.00    -32.07           10.00     0.00    -12.60           70.00     0.00     -8.58
    -50.00     0.00    -13.06           15.00     0.00     -6.19           75.00     0.00    -16.65
    -45.00     0.00     -9.93           20.00     0.00     -2.42           80.00     0.00    -17.53
    -40.00     0.00     -5.15           25.00     0.00     -0.60           85.00     0.00    -10.67
    -35.00     0.00     -1.47           30.00     0.00     -0.37           90.00     0.00  -1006.64
    -30.00     0.00      0.00
 ***** DATA CARD NO.  9   EN   3    37     1  1500 -9.00000E+01  0.00000E+00  5.00000E+00  0.00000E+00  0.00000E+00  0.00000E+00

 RUN TIME =     0.203
