1



                                 *********************************************

                                    NUMERICAL ELECTROMAGNETICS CODE (NEC-2D)

                                 *********************************************




                                     - - - - COMMENTS - - - -


                          3el GP80 CW by EU1TT                                                       
                                                                                                     




                                 - - - STRUCTURE SPECIFICATION - - -

                                     COORDINATES MUST BE INPUT IN
                                     METERS OR BE SCALED TO METERS
                                     BEFORE STRUCTURE INPUT IS ENDED


  WIRE                                                                               NO. OF    FIRST  LAST     TAG
  NO.        X1         Y1         Z1          X2         Y2         Z2      RADIUS   SEG.     SEG.   SEG.     NO.
     1    0.00000    0.00000    0.00000     0.00000    0.00000   23.50000    0.04000     12        1    12       1
     2   -2.00000    0.00000   23.00000   -18.00000    0.00000    2.00000    0.00200     13       13    25       2
     3  -18.00000    0.00000    2.00000    -2.50000    0.00000    2.00000    0.00200      8       26    33       3
     4    2.00000    0.00000   23.00000    17.50000    0.00000    2.00000    0.00200     13       34    46       4
     5    7.00000    0.00000    2.00000    17.50000    0.00000    2.00000    0.00200      5       47    51       5

   GROUND PLANE SPECIFIED.

   WHERE WIRE ENDS TOUCH GROUND, CURRENT WILL BE INTERPOLATED TO IMAGE IN GROUND PLANE.


   TOTAL SEGMENTS USED=   51     NO. SEG. IN A SYMMETRIC CELL=   51     SYMMETRY FLAG=  0


         - MULTIPLE WIRE JUNCTIONS -
 JUNCTION    SEGMENTS  (- FOR END 1, + FOR END 2)
  NONE




                                 - - - - SEGMENTATION DATA - - - -

                                        COORDINATES IN METERS

                         I+ AND I- INDICATE THE SEGMENTS BEFORE AND AFTER I


  SEG.   COORDINATES OF SEG. CENTER     SEG.     ORIENTATION ANGLES    WIRE    CONNECTION DATA   TAG
  NO.       X         Y         Z       LENGTH     ALPHA     BETA      RADIUS    I-   I    I+    NO.
     1   0.00000   0.00000   0.97917   1.95833   90.00000   0.00000   0.04000     1    1    2      1
     2   0.00000   0.00000   2.93750   1.95833   90.00000   0.00000   0.04000     1    2    3      1
     3   0.00000   0.00000   4.89583   1.95833   90.00000   0.00000   0.04000     2    3    4      1
     4   0.00000   0.00000   6.85417   1.95833   90.00000   0.00000   0.04000     3    4    5      1
     5   0.00000   0.00000   8.81250   1.95833   90.00000   0.00000   0.04000     4    5    6      1
     6   0.00000   0.00000  10.77083   1.95833   90.00000   0.00000   0.04000     5    6    7      1
     7   0.00000   0.00000  12.72917   1.95833   90.00000   0.00000   0.04000     6    7    8      1
     8   0.00000   0.00000  14.68750   1.95833   90.00000   0.00000   0.04000     7    8    9      1
     9   0.00000   0.00000  16.64583   1.95833   90.00000   0.00000   0.04000     8    9   10      1
    10   0.00000   0.00000  18.60417   1.95833   90.00000   0.00000   0.04000     9   10   11      1
    11   0.00000   0.00000  20.56250   1.95833   90.00000   0.00000   0.04000    10   11   12      1
    12   0.00000   0.00000  22.52083   1.95833   90.00000   0.00000   0.04000    11   12    0      1
    13  -2.61538   0.00000  22.19231   2.03083  -52.69605 180.00000   0.00200     0   13   14      2
    14  -3.84615   0.00000  20.57692   2.03083  -52.69605 180.00000   0.00200    13   14   15      2
    15  -5.07692   0.00000  18.96154   2.03083  -52.69605 180.00000   0.00200    14   15   16      2
    16  -6.30769   0.00000  17.34615   2.03083  -52.69605 180.00000   0.00200    15   16   17      2
    17  -7.53846   0.00000  15.73077   2.03083  -52.69605 180.00000   0.00200    16   17   18      2
    18  -8.76923   0.00000  14.11538   2.03083  -52.69605 180.00000   0.00200    17   18   19      2
    19 -10.00000   0.00000  12.50000   2.03083  -52.69605 180.00000   0.00200    18   19   20      2
    20 -11.23077   0.00000  10.88462   2.03083  -52.69605 180.00000   0.00200    19   20   21      2
    21 -12.46154   0.00000   9.26923   2.03083  -52.69605 180.00000   0.00200    20   21   22      2
    22 -13.69231   0.00000   7.65385   2.03083  -52.69605 180.00000   0.00200    21   22   23      2
    23 -14.92308   0.00000   6.03846   2.03083  -52.69605 180.00000   0.00200    22   23   24      2
    24 -16.15385   0.00000   4.42308   2.03083  -52.69605 180.00000   0.00200    23   24   25      2
    25 -17.38462   0.00000   2.80769   2.03083  -52.69605 180.00000   0.00200    24   25   26      2
    26 -17.03125   0.00000   2.00000   1.93750    0.00000   0.00000   0.00200    25   26   27      3
    27 -15.09375   0.00000   2.00000   1.93750    0.00000   0.00000   0.00200    26   27   28      3
    28 -13.15625   0.00000   2.00000   1.93750    0.00000   0.00000   0.00200    27   28   29      3
    29 -11.21875   0.00000   2.00000   1.93750    0.00000   0.00000   0.00200    28   29   30      3
    30  -9.28125   0.00000   2.00000   1.93750    0.00000   0.00000   0.00200    29   30   31      3
    31  -7.34375   0.00000   2.00000   1.93750    0.00000   0.00000   0.00200    30   31   32      3
    32  -5.40625   0.00000   2.00000   1.93750    0.00000   0.00000   0.00200    31   32   33      3
    33  -3.46875   0.00000   2.00000   1.93750    0.00000   0.00000   0.00200    32   33    0      3
    34   2.59615   0.00000  22.19231   2.00775  -53.56914   0.00000   0.00200     0   34   35      4
    35   3.78846   0.00000  20.57692   2.00775  -53.56914   0.00000   0.00200    34   35   36      4
    36   4.98077   0.00000  18.96154   2.00775  -53.56914   0.00000   0.00200    35   36   37      4
    37   6.17308   0.00000  17.34615   2.00775  -53.56914   0.00000   0.00200    36   37   38      4
    38   7.36538   0.00000  15.73077   2.00775  -53.56914   0.00000   0.00200    37   38   39      4
    39   8.55769   0.00000  14.11538   2.00775  -53.56914   0.00000   0.00200    38   39   40      4
    40   9.75000   0.00000  12.50000   2.00775  -53.56914   0.00000   0.00200    39   40   41      4
    41  10.94231   0.00000  10.88462   2.00775  -53.56914   0.00000   0.00200    40   41   42      4
    42  12.13462   0.00000   9.26923   2.00775  -53.56914   0.00000   0.00200    41   42   43      4
    43  13.32692   0.00000   7.65385   2.00775  -53.56914   0.00000   0.00200    42   43   44      4
    44  14.51923   0.00000   6.03846   2.00775  -53.56914   0.00000   0.00200    43   44   45      4
    45  15.71154   0.00000   4.42308   2.00775  -53.56914   0.00000   0.00200    44   45   46      4
    46  16.90385   0.00000   2.80769   2.00775  -53.56914   0.00000   0.00200    45   46  -51      4
    47   8.05000   0.00000   2.00000   2.10000    0.00000   0.00000   0.00200     0   47   48      5
    48  10.15000   0.00000   2.00000   2.10000    0.00000   0.00000   0.00200    47   48   49      5
    49  12.25000   0.00000   2.00000   2.10000    0.00000   0.00000   0.00200    48   49   50      5
    50  14.35000   0.00000   2.00000   2.10000    0.00000   0.00000   0.00200    49   50   51      5
    51  16.45000   0.00000   2.00000   2.10000    0.00000   0.00000   0.00200    50   51  -46      5






 ***** DATA CARD NO.  1   EX   0     1     1     0  1.00000E+00  0.00000E+00  0.00000E+00  0.00000E+00  0.00000E+00  0.00000E+00
 ***** DATA CARD NO.  2   LD   0     1     1     1  0.00000E+00  0.00000E+00  3.78000E-10  0.00000E+00  0.00000E+00  0.00000E+00
 ***** DATA CARD NO.  3   GN   1     0     0     0  0.00000E+00  0.00000E+00  0.00000E+00  0.00000E+00  0.00000E+00  0.00000E+00
 ***** DATA CARD NO.  4   GD   0     0     0     0  1.30000E+01  5.00000E-03  0.00000E+00  0.00000E+00  0.00000E+00  0.00000E+00
 ***** DATA CARD NO.  5   FR   0     1     0     0  3.55000E+00  0.00000E+00  0.00000E+00  0.00000E+00  0.00000E+00  0.00000E+00
 ***** DATA CARD NO.  6   RP   3    19    73  1503 -9.00000E+01  0.00000E+00  5.00000E+00  5.00000E+00  0.00000E+00  0.00000E+00




                                 - - - - - - FREQUENCY - - - - - -

                                    FREQUENCY= 3.5500E+00 MHZ
                                    WAVELENGTH= 8.4451E+01 METERS




                    APPROXIMATE INTEGRATION EMPLOYED FOR SEGMENTS MORE THAN   1.000 WAVELENGTHS APART



                               - - - STRUCTURE IMPEDANCE LOADING - - -


       LOCATION          RESISTANCE   INDUCTANCE  CAPACITANCE       IMPEDANCE (OHMS)     CONDUCTIVITY    TYPE
    ITAG FROM THRU          OHMS        HENRYS       FARADS        REAL      IMAGINARY    MHOS/METER

       1    1    1                                3.7800E-10                                           SERIES 



                                  - - - ANTENNA ENVIRONMENT - - -

                                          PERFECT GROUND



                                - - - MATRIX TIMING - - -

                        FILL=    0.016 SEC.,  FACTOR=    0.000 SEC.



                                          - - - ANTENNA INPUT PARAMETERS - - -

   TAG   SEG.    VOLTAGE (VOLTS)         CURRENT (AMPS)         IMPEDANCE (OHMS)        ADMITTANCE (MHOS)      POWER
   NO.   NO.    REAL        IMAG.       REAL        IMAG.       REAL        IMAG.       REAL        IMAG.     (WATTS)
     1     1 1.00000E+00 0.00000E+00 1.99190E-02 4.66946E-06 5.02032E+01-1.17687E-02 1.99190E-02 4.66946E-06 9.95952E-03



                             - - - CURRENTS AND LOCATION - - -

                                 DISTANCES IN WAVELENGTHS


  SEG.  TAG    COORD. OF SEG. CENTER     SEG.            - - - CURRENT (AMPS) - - -
  NO.   NO.     X        Y        Z      LENGTH     REAL        IMAG.       MAG.        PHASE
     1    1   0.0000   0.0000   0.0116  0.02319   1.9919E-02  4.6695E-06  1.9919E-02    0.013
     2    1   0.0000   0.0000   0.0348  0.02319   2.0681E-02 -5.1524E-04  2.0688E-02   -1.427
     3    1   0.0000   0.0000   0.0580  0.02319   2.0980E-02 -9.7924E-04  2.1003E-02   -2.672
     4    1   0.0000   0.0000   0.0812  0.02319   2.0714E-02 -1.3141E-03  2.0756E-02   -3.630
     5    1   0.0000   0.0000   0.1044  0.02319   1.9930E-02 -1.5340E-03  1.9989E-02   -4.401
     6    1   0.0000   0.0000   0.1275  0.02319   1.8657E-02 -1.6468E-03  1.8730E-02   -5.044
     7    1   0.0000   0.0000   0.1507  0.02319   1.6925E-02 -1.6575E-03  1.7006E-02   -5.593
     8    1   0.0000   0.0000   0.1739  0.02319   1.4765E-02 -1.5696E-03  1.4849E-02   -6.068
     9    1   0.0000   0.0000   0.1971  0.02319   1.2210E-02 -1.3860E-03  1.2288E-02   -6.476
    10    1   0.0000   0.0000   0.2203  0.02319   9.2877E-03 -1.1095E-03  9.3538E-03   -6.812
    11    1   0.0000   0.0000   0.2435  0.02319   6.0149E-03 -7.4289E-04  6.0606E-03   -7.041
    12    1   0.0000   0.0000   0.2667  0.02319   2.2861E-03 -2.8381E-04  2.3036E-03   -7.077
    13    2  -0.0310   0.0000   0.2628  0.02405   6.9336E-04 -1.3247E-03  1.4952E-03  -62.373
    14    2  -0.0455   0.0000   0.2437  0.02405   1.9020E-03 -3.6864E-03  4.1481E-03  -62.709
    15    2  -0.0601   0.0000   0.2245  0.02405   2.9689E-03 -5.8371E-03  6.5488E-03  -63.041
    16    2  -0.0747   0.0000   0.2054  0.02405   3.9190E-03 -7.8034E-03  8.7322E-03  -63.334
    17    2  -0.0893   0.0000   0.1863  0.02405   4.7510E-03 -9.5646E-03  1.0680E-02  -63.585
    18    2  -0.1038   0.0000   0.1671  0.02405   5.4593E-03 -1.1095E-02  1.2365E-02  -63.800
    19    2  -0.1184   0.0000   0.1480  0.02405   6.0369E-03 -1.2368E-02  1.3763E-02  -63.983
    20    2  -0.1330   0.0000   0.1289  0.02405   6.4775E-03 -1.3363E-02  1.4850E-02  -64.138
    21    2  -0.1476   0.0000   0.1098  0.02405   6.7760E-03 -1.4060E-02  1.5608E-02  -64.269
    22    2  -0.1621   0.0000   0.0906  0.02405   6.9288E-03 -1.4448E-02  1.6023E-02  -64.379
    23    2  -0.1767   0.0000   0.0715  0.02405   6.9344E-03 -1.4518E-02  1.6089E-02  -64.469
    24    2  -0.1913   0.0000   0.0524  0.02405   6.7939E-03 -1.4270E-02  1.5805E-02  -64.541
    25    2  -0.2059   0.0000   0.0332  0.02405   6.5107E-03 -1.3709E-02  1.5176E-02  -64.595
    26    3  -0.2017   0.0000   0.0237  0.02294   6.1014E-03 -1.2868E-02  1.4241E-02  -64.632
    27    3  -0.1787   0.0000   0.0237  0.02294   5.5742E-03 -1.1774E-02  1.3027E-02  -64.665
    28    3  -0.1558   0.0000   0.0237  0.02294   4.9329E-03 -1.0436E-02  1.1543E-02  -64.700
    29    3  -0.1328   0.0000   0.0237  0.02294   4.1932E-03 -8.8853E-03  9.8251E-03  -64.736
    30    3  -0.1099   0.0000   0.0237  0.02294   3.3714E-03 -7.1554E-03  7.9099E-03  -64.771
    31    3  -0.0870   0.0000   0.0237  0.02294   2.4841E-03 -5.2793E-03  5.8345E-03  -64.801
    32    3  -0.0640   0.0000   0.0237  0.02294   1.5456E-03 -3.2865E-03  3.6318E-03  -64.814
    33    3  -0.0411   0.0000   0.0237  0.02294   5.4867E-04 -1.1649E-03  1.2876E-03  -64.779
    34    4   0.0307   0.0000   0.2628  0.02377   3.9059E-04  7.1640E-04  8.1596E-04   61.400
    35    4   0.0449   0.0000   0.2437  0.02377   1.0512E-03  1.9671E-03  2.2303E-03   61.880
    36    4   0.0590   0.0000   0.2245  0.02377   1.6063E-03  3.0692E-03  3.4641E-03   62.374
    37    4   0.0731   0.0000   0.2054  0.02377   2.0740E-03  4.0371E-03  4.5387E-03   62.809
    38    4   0.0872   0.0000   0.1863  0.02377   2.4577E-03  4.8608E-03  5.4468E-03   63.178
    39    4   0.1013   0.0000   0.1671  0.02377   2.7580E-03  5.5284E-03  6.1782E-03   63.487
    40    4   0.1155   0.0000   0.1480  0.02377   2.9741E-03  6.0293E-03  6.7229E-03   63.744
    41    4   0.1296   0.0000   0.1289  0.02377   3.1056E-03  6.3556E-03  7.0738E-03   63.958
    42    4   0.1437   0.0000   0.1098  0.02377   3.1526E-03  6.5028E-03  7.2267E-03   64.135
    43    4   0.1578   0.0000   0.0906  0.02377   3.1159E-03  6.4697E-03  7.1809E-03   64.284
    44    4   0.1719   0.0000   0.0715  0.02377   2.9973E-03  6.2586E-03  6.9393E-03   64.410
    45    4   0.1860   0.0000   0.0524  0.02377   2.7993E-03  5.8746E-03  6.5075E-03   64.522
    46    4   0.2002   0.0000   0.0332  0.02377   2.5252E-03  5.3252E-03  5.8936E-03   64.630
    47    5   0.0953   0.0000   0.0237  0.02487  -2.8005E-04 -6.0714E-04  6.6862E-04 -114.762
    48    5   0.1202   0.0000   0.0237  0.02487  -7.9842E-04 -1.7213E-03  1.8974E-03 -114.884
    49    5   0.1451   0.0000   0.0237  0.02487  -1.2903E-03 -2.7660E-03  3.0521E-03 -115.009
    50    5   0.1699   0.0000   0.0237  0.02487  -1.7526E-03 -3.7361E-03  4.1267E-03 -115.131
    51    5   0.1948   0.0000   0.0237  0.02487  -2.1720E-03 -4.6047E-03  5.0913E-03 -115.253



                                        - - - POWER BUDGET - - -

                                           INPUT POWER   = 9.9595E-03 WATTS
                                           RADIATED POWER= 9.9595E-03 WATTS
                                           STRUCTURE LOSS= 0.0000E+00 WATTS
                                           NETWORK LOSS  = 0.0000E+00 WATTS
                                           EFFICIENCY    = 100.00 PERCENT



                               - - - FAR FIELD GROUND PARAMETERS - - -


                                        CIRCLE CLIFF
                                        EDGE DISTANCE=     0.00 METERS
                                        HEIGHT=    0.00 METERS
                                        SECOND MEDIUM -
                                        RELATIVE DIELECTRIC CONST.= 13.000
                                        CONDUCTIVITY= 5.000E-03 MHOS



                                                - - - RADIATION PATTERNS - - -

  - - ANGLES - -           - POWER GAINS -       - - - POLARIZATION - - -    - - - E(THETA) - - -    - - - E(PHI) - - -
  THETA     PHI        VERT.   HOR.    TOTAL      AXIAL     TILT   SENSE     MAGNITUDE    PHASE      MAGNITUDE    PHASE 
 DEGREES  DEGREES       DB      DB      DB        RATIO     DEG.              VOLTS/M    DEGREES      VOLTS/M    DEGREES
  -90.00     0.00    -999.99 -999.99 -999.99    0.00000     0.00            2.39119E-12    75.82    0.00000E+00     0.00
  -85.00     0.00     -28.83 -999.99  -28.83    0.00000     0.00  LINEAR    2.79686E-02   -94.17    0.00000E+00     0.00
  -80.00     0.00     -25.87 -999.99  -25.87    0.00000     0.00  LINEAR    3.92932E-02   -87.74    0.00000E+00     0.00
  -75.00     0.00     -25.53 -999.99  -25.53    0.00000     0.00  LINEAR    4.08729E-02   -81.92    0.00000E+00     0.00
  -70.00     0.00     -26.73 -999.99  -26.73    0.00000     0.00  LINEAR    3.56039E-02   -74.35    0.00000E+00     0.00
  -65.00     0.00     -29.63 -999.99  -29.63    0.00000     0.00  LINEAR    2.55103E-02   -59.59    0.00000E+00     0.00
  -60.00     0.00     -33.58 -999.99  -33.58    0.00000     0.00  LINEAR    1.61750E-02   -15.39    0.00000E+00     0.00
  -55.00     0.00     -29.64 -999.99  -29.64    0.00000     0.00  LINEAR    2.54669E-02    46.33    0.00000E+00     0.00
  -50.00     0.00     -23.86 -999.99  -23.86    0.00000     0.00  LINEAR    4.95477E-02    67.67    0.00000E+00     0.00
  -45.00     0.00     -19.70 -999.99  -19.70    0.00000     0.00  LINEAR    8.00218E-02    76.09    0.00000E+00     0.00
  -40.00     0.00     -16.53 -999.99  -16.53    0.00000     0.00  LINEAR    1.15213E-01    80.62    0.00000E+00     0.00
  -35.00     0.00     -13.98 -999.99  -13.98    0.00000     0.00  LINEAR    1.54526E-01    83.54    0.00000E+00     0.00
  -30.00     0.00     -11.85 -999.99  -11.85    0.00000     0.00  LINEAR    1.97567E-01    85.64    0.00000E+00     0.00
  -25.00     0.00     -10.01 -999.99  -10.01    0.00000     0.00  LINEAR    2.44008E-01    87.28    0.00000E+00     0.00
  -20.00     0.00      -8.41 -999.99   -8.41    0.00000     0.00  LINEAR    2.93563E-01    88.62    0.00000E+00     0.00
  -15.00     0.00      -6.98 -999.99   -6.98    0.00000     0.00  LINEAR    3.46001E-01    89.77    0.00000E+00     0.00
  -10.00     0.00      -5.69 -999.99   -5.69    0.00000     0.00  LINEAR    4.01166E-01    90.78    0.00000E+00     0.00
   -5.00     0.00      -4.52 -999.99   -4.52    0.00000     0.00  LINEAR    4.58987E-01    91.69    0.00000E+00     0.00
    0.00     0.00      -3.45 -999.99   -3.45    0.00000     0.00  LINEAR    5.19483E-01    92.53    0.00000E+00     0.00
  -90.00     5.00    -999.99 -999.99 -999.99    0.00000     0.00            2.42124E-12    77.03    1.82188E-13   121.36
  -85.00     5.00     -28.71  -48.01  -28.66    0.05960     5.18  LEFT      2.83350E-02   -92.94    3.07330E-03   -59.29
  -80.00     5.00     -25.75  -42.10  -25.65    0.06604     7.81  LEFT      3.98733E-02   -86.46    6.06869E-03   -60.22
  -75.00     5.00     -25.37  -38.68  -25.18    0.06794    11.60  LEFT      4.16239E-02   -80.53    8.99574E-03   -61.41
  -70.00     5.00     -26.51  -36.28  -26.07    0.05103    17.78  LEFT      3.65406E-02   -72.81    1.18644E-02   -62.83
  -65.00     5.00     -29.23  -34.42  -28.08    0.04722    28.72  RIGHT     2.67076E-02   -58.03    1.46844E-02   -64.44
  -60.00     5.00     -32.88  -32.92  -29.89    0.46270    44.83  RIGHT     1.75330E-02   -16.54    1.74640E-02   -66.20
  -55.00     5.00     -29.54  -31.65  -27.46    0.63406   -28.01  RIGHT     2.57696E-02    43.30    2.02089E-02   -68.06
  -50.00     5.00     -23.92  -30.56  -23.06    0.28718   -20.29  RIGHT     4.92348E-02    66.13    2.29213E-02   -69.98
  -45.00     5.00     -19.76  -29.60  -19.33    0.16265   -15.57  RIGHT     7.94150E-02    75.22    2.55986E-02   -71.92
  -40.00     5.00     -16.59  -28.75  -16.34    0.10331   -12.64  RIGHT     1.14405E-01    80.08    2.82328E-02   -73.85
  -35.00     5.00     -14.04  -27.99  -13.86    0.06965   -10.66  RIGHT     1.53547E-01    83.19    3.08108E-02   -75.75
  -30.00     5.00     -11.90  -27.31  -11.77    0.04827    -9.23  RIGHT     1.96431E-01    85.41    3.33144E-02   -77.61
  -25.00     5.00     -10.06  -26.70   -9.97    0.03361    -8.15  RIGHT     2.42719E-01    87.12    3.57207E-02   -79.40
  -20.00     5.00      -8.45  -26.16   -8.38    0.02299    -7.30  RIGHT     2.92124E-01    88.52    3.80031E-02   -81.14
  -15.00     5.00      -7.02  -25.69   -6.96    0.01499    -6.59  RIGHT     3.44418E-01    89.70    4.01323E-02   -82.81
  -10.00     5.00      -5.73  -25.28   -5.68    0.00879    -5.99  RIGHT     3.99443E-01    90.74    4.20763E-02   -84.42
   -5.00     5.00      -4.56  -24.93   -4.52    0.00389    -5.47  RIGHT     4.57132E-01    91.68    4.38022E-02   -85.97
    0.00     5.00      -3.48  -24.64   -3.45    0.00000    -5.00  LINEAR    5.17506E-01    92.53    4.52759E-02   -87.47
  -90.00    10.00    -999.99 -999.99 -999.99    0.00000     0.00            2.52063E-12    80.46    3.67178E-13   120.76
  -85.00    10.00     -28.35  -41.92  -28.17    0.10016    10.44  LEFT      2.95392E-02   -89.47    6.19339E-03   -59.88
  -80.00    10.00     -25.34  -36.01  -24.99    0.10235    15.34  LEFT      4.17718E-02   -82.86    1.22274E-02   -60.79
  -75.00    10.00     -24.88  -32.60  -24.20    0.09032    21.87  LEFT      4.40627E-02   -76.71    1.81191E-02   -61.96
  -70.00    10.00     -25.82  -30.20  -24.47    0.04149    31.08  LEFT      3.95414E-02   -68.71    2.38865E-02   -63.34
  -65.00    10.00     -28.09  -28.35  -25.21    0.09343    44.14  RIGHT     3.04342E-02   -54.23    2.95470E-02   -64.91
  -60.00    10.00     -31.06  -26.85  -25.45    0.37449    63.30  RIGHT     2.16362E-02   -19.28    3.51159E-02   -66.62
  -55.00    10.00     -29.12  -25.59  -24.00    0.62473   -75.78  RIGHT     2.70364E-02    34.65    4.06036E-02   -68.43
  -50.00    10.00     -24.05  -24.50  -21.26    0.44770   -42.77  RIGHT     4.84607E-02    61.38    4.60137E-02   -70.30
  -45.00    10.00     -19.96  -23.55  -18.38    0.28761   -31.23  RIGHT     7.76582E-02    72.54    5.13411E-02   -72.19
  -40.00    10.00     -16.78  -22.71  -15.79    0.19266   -25.13  RIGHT     1.12000E-01    78.43    5.65712E-02   -74.08
  -35.00    10.00     -14.20  -21.96  -13.53    0.13339   -21.19  RIGHT     1.50614E-01    82.11    6.16790E-02   -75.94
  -30.00    10.00     -12.05  -21.29  -11.56    0.09383   -18.39  RIGHT     1.93017E-01    84.69    6.66301E-02   -77.76
  -25.00    10.00     -10.20  -20.69   -9.83    0.06592   -16.25  RIGHT     2.38846E-01    86.64    7.13815E-02   -79.52
  -20.00    10.00      -8.58  -20.16   -8.29    0.04535   -14.56  RIGHT     2.87807E-01    88.20    7.58830E-02   -81.22
  -15.00    10.00      -7.14  -19.69   -6.90    0.02968   -13.16  RIGHT     3.39669E-01    89.50    8.00783E-02   -82.87
  -10.00    10.00      -5.84  -19.28   -5.65    0.01745   -11.97  RIGHT     3.94281E-01    90.63    8.39069E-02   -84.46
   -5.00    10.00      -4.67  -18.94   -4.51    0.00775   -10.93  RIGHT     4.51579E-01    91.63    8.73052E-02   -85.99
    0.00    10.00      -3.58  -18.66   -3.45    0.00000   -10.00  LINEAR    5.11591E-01    92.53    9.02073E-02   -87.47
  -90.00    15.00    -999.99 -999.99 -999.99    0.00000     0.00            2.71158E-12    85.45    5.57660E-13   119.81
  -85.00    15.00     -27.70  -38.29  -27.33    0.11008    15.33  LEFT      3.18554E-02   -84.44    9.40549E-03   -60.83
  -80.00    15.00     -24.62  -32.39  -23.95    0.09748    21.68  LEFT      4.53956E-02   -77.72    1.85630E-02   -61.72
  -75.00    15.00     -24.02  -28.98  -22.82    0.06409    29.33  LEFT      4.86530E-02   -71.41    2.74929E-02   -62.84
  -70.00    15.00     -24.69  -26.58  -22.52    0.00690    38.79  RIGHT     4.50524E-02   -63.36    3.62171E-02   -64.17
  -65.00    15.00     -26.41  -24.74  -22.49    0.13561    50.65  RIGHT     3.69649E-02   -49.93    4.47576E-02   -65.67
  -60.00    15.00     -28.65  -23.25  -22.15    0.32469    66.51  RIGHT     2.85450E-02   -22.51    5.31334E-02   -67.30
  -55.00    15.00     -28.16  -22.00  -21.06    0.49189   -89.27  RIGHT     3.01911E-02    22.09    6.13579E-02   -69.04
  -50.00    15.00     -24.18  -20.93  -19.25    0.47405   -62.20  RIGHT     4.77573E-02    53.18    6.94353E-02   -70.83
  -45.00    15.00     -20.26  -19.99  -17.11    0.35918   -46.17  RIGHT     7.49663E-02    67.82    7.73586E-02   -72.64
  -40.00    15.00     -17.09  -19.16  -14.99    0.25948   -37.22  RIGHT     1.08072E-01    75.53    8.51080E-02   -74.46
  -35.00    15.00     -14.49  -18.42  -13.02    0.18688   -31.47  RIGHT     1.45738E-01    80.24    9.26501E-02   -76.25
  -30.00    15.00     -12.31  -17.77  -11.22    0.13447   -27.37  RIGHT     1.87315E-01    83.45    9.99384E-02   -78.01
  -25.00    15.00     -10.44  -17.18   -9.60    0.09579   -24.25  RIGHT     2.32377E-01    85.81    1.06915E-01   -79.71
  -20.00    15.00      -8.80  -16.66   -8.14    0.06650   -21.76  RIGHT     2.80603E-01    87.65    1.13511E-01   -81.37
  -15.00    15.00      -7.34  -16.20   -6.81    0.04380   -19.70  RIGHT     3.31760E-01    89.16    1.19649E-01   -82.97
  -10.00    15.00      -6.04  -15.81   -5.60    0.02586   -17.94  RIGHT     3.85698E-01    90.43    1.25245E-01   -84.52
   -5.00    15.00      -4.85  -15.47   -4.48    0.01152   -16.39  RIGHT     4.42361E-01    91.54    1.30211E-01   -86.02
    0.00    15.00      -3.75  -15.19   -3.45    0.00000   -15.00  LINEAR    5.01782E-01    92.53    1.34452E-01   -87.47
  -90.00    20.00    -999.99 -999.99 -999.99    0.00000     0.00            3.02365E-12    91.05    7.56174E-13   118.53
  -85.00    20.00     -26.73  -35.65  -26.20    0.09213    19.09  LEFT      3.56202E-02   -78.83    1.27513E-02   -62.09
  -80.00    20.00     -23.57  -29.75  -22.63    0.06315    25.97  LEFT      5.12301E-02   -72.10    2.51554E-02   -62.95
  -75.00    20.00     -22.81  -26.34  -21.22    0.01476    33.65  LEFT      5.59151E-02   -65.85    3.72291E-02   -64.01
  -70.00    20.00     -23.19  -23.96  -20.55    0.06170    42.45  RIGHT     5.35174E-02   -58.18    4.89928E-02   -65.27
  -65.00    20.00     -24.41  -22.13  -20.11    0.17178    52.89  RIGHT     4.65205E-02   -46.49    6.04677E-02   -66.68
  -60.00    20.00     -26.09  -20.65  -19.56    0.30753    66.08  RIGHT     3.83275E-02   -25.72    7.16729E-02   -68.22
  -55.00    20.00     -26.58  -19.42  -18.65    0.42548    83.81  RIGHT     3.62403E-02     8.49    8.26218E-02   -69.85
  -50.00    20.00     -24.12  -18.36  -17.34    0.45112   -75.62  RIGHT     4.80990E-02    41.47    9.33188E-02   -71.54
  -45.00    20.00     -20.64  -17.44  -15.74    0.38761   -59.25  RIGHT     7.17875E-02    60.67    1.03756E-01   -73.26
  -40.00    20.00     -17.52  -16.63  -14.04    0.30268   -48.53  RIGHT     1.02791E-01    71.14    1.13911E-01   -74.97
  -35.00    20.00     -14.90  -15.91  -12.37    0.22812   -41.32  RIGHT     1.38966E-01    77.44    1.23747E-01   -76.68
  -30.00    20.00     -12.69  -15.27  -10.78    0.16876   -36.10  RIGHT     1.79322E-01    81.61    1.33211E-01   -78.35
  -25.00    20.00     -10.78  -14.70   -9.30    0.12237   -32.09  RIGHT     2.23295E-01    84.59    1.42237E-01   -79.98
  -20.00    20.00      -9.12  -14.20   -7.94    0.08597   -28.86  RIGHT     2.70508E-01    86.85    1.50746E-01   -81.57
  -15.00    20.00      -7.64  -13.75   -6.69    0.05708   -26.18  RIGHT     3.20704E-01    88.66    1.58648E-01   -83.11
  -10.00    20.00      -6.31  -13.37   -5.53    0.03391   -23.87  RIGHT     3.73730E-01    90.15    1.65843E-01   -84.61
   -5.00    20.00      -5.10  -13.04   -4.45    0.01517   -21.83  RIGHT     4.29534E-01    91.42    1.72223E-01   -86.06
    0.00    20.00      -3.99  -12.77   -3.45    0.00000   -20.00  LINEAR    4.88154E-01    92.53    1.77674E-01   -87.47
  -90.00    25.00    -999.99 -999.99 -999.99    0.00000     0.00            3.48046E-12    96.28    9.64749E-13   116.99
  -85.00    25.00     -25.48  -33.53  -24.85    0.05966    21.37  LEFT      4.11170E-02   -73.63    1.62667E-02   -63.62
  -80.00    25.00     -22.25  -27.64  -21.14    0.01877    28.25  LEFT      5.96670E-02   -67.01    3.20724E-02   -64.43
  -75.00    25.00     -21.34  -24.24  -19.54    0.03621    35.58  RIGHT     6.62352E-02   -61.06    4.74221E-02   -65.44
  -70.00    25.00     -21.47  -21.87  -18.66    0.10925    43.67  RIGHT     6.52211E-02   -54.12    6.23266E-02   -66.61
  -65.00    25.00     -22.31  -20.05  -18.03    0.20087    53.00  RIGHT     5.92289E-02   -44.39    7.68001E-02   -67.92
  -60.00    25.00     -23.60  -18.59  -17.40    0.30290    64.33  RIGHT     5.10713E-02   -28.84    9.08570E-02   -69.34
  -55.00    25.00     -24.55  -17.38  -16.62    0.39009    78.56  RIGHT     4.57847E-02    -3.76    1.04509E-01   -70.85
  -50.00    25.00     -23.63  -16.34  -15.60    0.42350   -85.08  RIGHT     5.08579E-02    26.99    1.17758E-01   -72.42
  -45.00    25.00     -20.99  -15.44  -14.37    0.39179   -70.12  RIGHT     6.89465E-02    50.63    1.30599E-01   -74.01
  -40.00    25.00     -18.07  -14.65  -13.02    0.32649   -58.80  RIGHT     9.65117E-02    64.87    1.43010E-01   -75.61
  -35.00    25.00     -15.45  -13.96  -11.63    0.25733   -50.62  RIGHT     1.30419E-01    73.46    1.54958E-01   -77.20
  -30.00    25.00     -13.20  -13.34  -10.26    0.19612   -44.51  RIGHT     1.69063E-01    79.03    1.66390E-01   -78.78
  -25.00    25.00     -11.25  -12.79   -8.94    0.14511   -39.73  RIGHT     2.11598E-01    82.90    1.77242E-01   -80.31
  -20.00    25.00      -9.54  -12.30   -7.70    0.10338   -35.85  RIGHT     2.57521E-01    85.77    1.87433E-01   -81.82
  -15.00    25.00      -8.03  -11.88   -6.53    0.06933   -32.59  RIGHT     3.06520E-01    87.98    1.96871E-01   -83.29
  -10.00    25.00      -6.67  -11.51   -5.44    0.04149   -29.76  RIGHT     3.58424E-01    89.77    2.05449E-01   -84.72
   -5.00    25.00      -5.44  -11.19   -4.41    0.01867   -27.26  RIGHT     4.13175E-01    91.26    2.13049E-01   -86.11
    0.00    25.00      -4.30  -10.93   -3.45    0.00000   -25.00  LINEAR    4.70812E-01    92.53    2.19543E-01   -87.47
  -90.00    30.00    -999.99 -999.99 -999.99    0.00000     0.00            4.09777E-12   100.46    1.18507E-12   115.25
  -85.00    30.00     -24.04  -31.75  -23.36    0.02553    22.34  LEFT      4.85209E-02   -69.51    1.99782E-02   -65.35
  -80.00    30.00     -20.74  -25.86  -19.58    0.02242    29.01  RIGHT     7.09374E-02   -63.09    3.93640E-02   -66.12
  -75.00    30.00     -19.72  -22.47  -17.87    0.07894    35.95  RIGHT     7.98240E-02   -57.56    5.81397E-02   -67.05
  -70.00    30.00     -19.67  -20.11  -16.87    0.14593    43.47  RIGHT     8.03081E-02   -51.50    7.62973E-02   -68.13
  -65.00    30.00     -20.24  -18.31  -16.16    0.22244    51.97  RIGHT     7.51855E-02   -43.59    9.38367E-02   -69.33
  -60.00    30.00     -21.25  -16.87  -15.52    0.30190    61.98  RIGHT     6.68996E-02   -31.93    1.10763E-01   -70.63
  -55.00    30.00     -22.34  -15.68  -14.83    0.36860    74.01  RIGHT     5.90094E-02   -13.84    1.27081E-01   -72.00
  -50.00    30.00     -22.58  -14.67  -14.02    0.40007    87.62  RIGHT     5.74282E-02    11.59    1.42796E-01   -73.43
  -45.00    30.00     -21.14  -13.79  -13.06    0.38507   -79.09  RIGHT     6.78049E-02    37.45    1.57903E-01   -74.89
  -40.00    30.00     -18.68  -13.03  -11.99    0.33670   -67.96  RIGHT     8.99327E-02    56.13    1.72389E-01   -76.36
  -35.00    30.00     -16.15  -12.36  -10.84    0.27612   -59.29  RIGHT     1.20383E-01    67.93    1.86228E-01   -77.82
  -30.00    30.00     -13.86  -11.77   -9.68    0.21671   -52.54  RIGHT     1.56634E-01    75.50    1.99382E-01   -79.28
  -25.00    30.00     -11.86  -11.24   -8.53    0.16378   -47.14  RIGHT     1.97311E-01    80.64    2.11795E-01   -80.71
  -20.00    30.00     -10.10  -10.78   -7.41    0.11849   -42.69  RIGHT     2.41658E-01    84.32    2.23398E-01   -82.12
  -15.00    30.00      -8.54  -10.37   -6.35    0.08038   -38.91  RIGHT     2.89246E-01    87.10    2.34104E-01   -83.50
  -10.00    30.00      -7.14  -10.02   -5.33    0.04851   -35.61  RIGHT     3.39848E-01    89.28    2.43812E-01   -84.85
   -5.00    30.00      -5.86   -9.72   -4.37    0.02197   -32.67  RIGHT     3.93385E-01    91.06    2.52403E-01   -86.17
    0.00    30.00      -4.70   -9.47   -3.45    0.00000   -30.00  LINEAR    4.49885E-01    92.53    2.59742E-01   -87.47
  -90.00    35.00    -999.99 -999.99 -999.99    0.00000     0.00            4.88227E-12   103.33    1.41823E-12   113.36
  -85.00    35.00     -22.50  -30.19  -21.82    0.00317    22.42  RIGHT     5.79192E-02   -66.71    2.38996E-02   -67.22
  -80.00    35.00     -19.16  -24.31  -18.00    0.05484    28.82  RIGHT     8.51556E-02   -60.53    4.70555E-02   -67.95
  -75.00    35.00     -18.04  -20.93  -16.24    0.11068    35.41  RIGHT     9.67888E-02   -55.46    6.94142E-02   -68.81
  -70.00    35.00     -17.86  -18.59  -15.20    0.17168    42.46  RIGHT     9.88726E-02   -50.23    9.09386E-02   -69.79
  -65.00    35.00     -18.25  -16.81  -14.46    0.23661    50.31  RIGHT     9.45080E-02   -43.85    1.11606E-01   -70.87
  -60.00    35.00     -19.07  -15.39  -13.84    0.30049    59.34  RIGHT     8.59786E-02   -35.06    1.31408E-01   -72.04
  -55.00    35.00     -20.15  -14.22  -13.23    0.35308    69.83  RIGHT     7.59562E-02   -22.01    1.50341E-01   -73.27
  -50.00    35.00     -21.02  -13.23  -12.57    0.38048    81.53  RIGHT     6.86958E-02    -2.68    1.68411E-01   -74.56
  -45.00    35.00     -20.83  -12.39  -11.81    0.37391   -86.67  RIGHT     7.02241E-02    21.73    1.85621E-01   -75.87
  -40.00    35.00     -19.24  -11.66  -10.96    0.33814   -76.09  RIGHT     8.43517E-02    44.23    2.01971E-01   -77.19
  -35.00    35.00     -16.97  -11.01  -10.03    0.28662   -67.30  RIGHT     1.09470E-01    60.22    2.17454E-01   -78.52
  -30.00    35.00     -14.70  -10.45   -9.06    0.23116   -60.16  RIGHT     1.42279E-01    70.65    2.32051E-01   -79.85
  -25.00    35.00     -12.63   -9.95   -8.08    0.17844   -54.29  RIGHT     1.80526E-01    77.59    2.45729E-01   -81.16
  -20.00    35.00     -10.80   -9.51   -7.10    0.13120   -49.36  RIGHT     2.22969E-01    82.42    2.58441E-01   -82.46
  -15.00    35.00      -9.17   -9.13   -6.14    0.09010   -45.13  RIGHT     2.68937E-01    85.96    2.70119E-01   -83.74
  -10.00    35.00      -7.71   -8.80   -5.21    0.05490   -41.40  RIGHT     3.18088E-01    88.66    2.80675E-01   -85.00
   -5.00    35.00      -6.39   -8.51   -4.31    0.02505   -38.06  RIGHT     3.70287E-01    90.80    2.90001E-01   -86.25
    0.00    35.00      -5.18   -8.28   -3.45    0.00000   -35.00  LINEAR    4.25536E-01    92.53    2.97963E-01   -87.47
  -90.00    40.00    -999.99 -999.99 -999.99    0.00000     0.00            5.83907E-12   104.93    1.66351E-12   111.39
  -85.00    40.00     -20.94  -28.81  -20.28    0.02423    21.97  RIGHT     6.93618E-02   -65.18    2.80289E-02   -69.18
  -80.00    40.00     -17.56  -22.93  -16.45    0.07750    28.07  RIGHT     1.02394E-01   -59.23    5.51409E-02   -69.86
  -75.00    40.00     -16.38  -19.57  -14.68    0.13180    34.34  RIGHT     1.17215E-01   -54.58    8.12334E-02   -70.65
  -70.00    40.00     -16.10  -17.24  -13.62    0.18767    41.00  RIGHT     1.21024E-01   -50.09    1.06228E-01   -71.53
  -65.00    40.00     -16.37  -15.48  -12.89    0.24393    48.32  RIGHT     1.17357E-01   -44.93    1.30073E-01   -72.50
  -60.00    40.00     -17.05  -14.08  -12.31    0.29690    56.56  RIGHT     1.08516E-01   -38.24    1.52739E-01   -73.54
  -55.00    40.00     -18.05  -12.94  -11.77    0.33963    65.92  RIGHT     9.66957E-02   -28.77    1.74215E-01   -74.63
  -50.00    40.00     -19.18  -11.98  -11.22    0.36312    76.21  RIGHT     8.49192E-02   -14.73    1.94509E-01   -75.76
  -45.00    40.00     -19.92  -11.17  -10.62    0.36087    86.76  RIGHT     7.80228E-02     5.32    2.13636E-01   -76.92
  -40.00    40.00     -19.50  -10.47   -9.95    0.33408   -83.35  RIGHT     8.18944E-02    28.91    2.31617E-01   -78.10
  -35.00    40.00     -17.86   -9.86   -9.22    0.29080   -74.69  RIGHT     9.89135E-02    49.43    2.48472E-01   -79.29
  -30.00    40.00     -15.72   -9.32   -8.42    0.24031   -67.36  RIGHT     1.26547E-01    63.85    2.64213E-01   -80.48
  -25.00    40.00     -13.60   -8.85   -7.60    0.18931   -61.16  RIGHT     1.61471E-01    73.41    2.78842E-01   -81.66
  -20.00    40.00     -11.67   -8.44   -6.75    0.14149   -55.86  RIGHT     2.01563E-01    79.89    2.92342E-01   -82.84
  -15.00    40.00      -9.95   -8.08   -5.91    0.09844   -51.24  RIGHT     2.45683E-01    84.48    3.04676E-01   -84.01
  -10.00    40.00      -8.42   -7.77   -5.07    0.06060   -47.13  RIGHT     2.93255E-01    87.87    3.15782E-01   -85.18
   -5.00    40.00      -7.03   -7.51   -4.25    0.02788   -43.42  RIGHT     3.44029E-01    90.47    3.25570E-01   -86.33
    0.00    40.00      -5.76   -7.29   -3.45    0.00000   -40.00  LINEAR    3.97947E-01    92.53    3.33917E-01   -87.47
  -90.00    45.00    -999.99 -999.99 -999.99    0.00000     0.00            6.97229E-12   105.43    1.92030E-12   109.38
  -85.00    45.00     -19.39  -27.56  -18.77    0.03798    21.22  RIGHT     8.28979E-02   -64.74    3.23449E-02   -71.17
  -80.00    45.00     -15.98  -21.69  -14.95    0.09144    27.04  RIGHT     1.22731E-01   -58.98    6.35780E-02   -71.81
  -75.00    45.00     -14.76  -18.34  -13.18    0.14386    33.00  RIGHT     1.41212E-01   -54.71    9.35330E-02   -72.53
  -70.00    45.00     -14.42  -16.03  -12.14    0.19548    39.30  RIGHT     1.46910E-01   -50.80    1.22080E-01   -73.33
  -65.00    45.00     -14.60  -14.29  -11.43    0.24528    46.15  RIGHT     1.43931E-01   -46.60    1.49128E-01   -74.18
  -60.00    45.00     -15.17  -12.92  -10.89    0.29050    53.74  RIGHT     1.34751E-01   -41.46    1.74624E-01   -75.09
  -55.00    45.00     -16.08  -11.80  -10.42    0.32633    62.19  RIGHT     1.21363E-01   -34.53    1.98550E-01   -76.04
  -50.00    45.00     -17.25  -10.88   -9.98    0.34670    71.39  RIGHT     1.06037E-01   -24.53    2.20915E-01   -77.03
  -45.00    45.00     -18.47  -10.09   -9.50    0.34684    80.91  RIGHT     9.21965E-02    -9.62    2.41756E-01   -78.04
  -40.00    45.00     -19.15   -9.42   -8.98    0.32649   -89.89  RIGHT     8.52534E-02    11.24    2.61119E-01   -79.07
  -35.00    45.00     -18.58   -8.85   -8.41    0.29029   -81.51  RIGHT     9.09993E-02    34.62    2.79062E-01   -80.11
  -30.00    45.00     -16.89   -8.35   -7.78    0.24504   -74.15  RIGHT     1.10596E-01    54.07    2.95639E-01   -81.15
  -25.00    45.00     -14.80   -7.91   -7.10    0.19674   -67.76  RIGHT     1.40637E-01    67.50    3.10894E-01   -82.20
  -20.00    45.00     -12.77   -7.53   -6.39    0.14944   -62.17  RIGHT     1.77661E-01    76.42    3.24855E-01   -83.26
  -15.00    45.00     -10.93   -7.19   -5.66    0.10536   -57.23  RIGHT     2.19623E-01    82.51    3.37525E-01   -84.31
  -10.00    45.00      -9.28   -6.91   -4.92    0.06558   -52.80  RIGHT     2.65489E-01    86.84    3.48877E-01   -85.37
   -5.00    45.00      -7.80   -6.66   -4.18    0.03045   -48.75  RIGHT     3.14781E-01    90.06    3.58847E-01   -86.42
    0.00    45.00      -6.46   -6.46   -3.45    0.00000   -45.00  LINEAR    3.67330E-01    92.53    3.67330E-01   -87.47
  -90.00    50.00    -999.99 -999.99 -999.99    0.00000     0.00            8.28670E-12   105.06    2.18580E-12   107.37
  -85.00    50.00     -17.88  -26.44  -17.32    0.04569    20.33  RIGHT     9.85892E-02   -65.16    3.68054E-02   -73.16
  -80.00    50.00     -14.46  -20.58  -13.51    0.09835    25.87  RIGHT     1.46269E-01   -59.57    7.22843E-02   -73.76
  -75.00    50.00     -13.21  -17.24  -11.76    0.14868    31.53  RIGHT     1.68916E-01   -55.59    1.06193E-01   -74.42
  -70.00    50.00     -12.82  -14.94  -10.74    0.19674    37.48  RIGHT     1.76706E-01   -52.16    1.38338E-01   -75.13
  -65.00    50.00     -12.93  -13.22  -10.06    0.24165    43.90  RIGHT     1.74455E-01   -48.69    1.68583E-01   -75.88
  -60.00    50.00     -13.41  -11.88   -9.57    0.28131    50.92  RIGHT     1.64931E-01   -44.69    1.96848E-01   -76.67
  -55.00    50.00     -14.23  -10.79   -9.17    0.31232    58.63  RIGHT     1.50132E-01   -39.58    2.23105E-01   -77.49
  -50.00    50.00     -15.35   -9.89   -8.81    0.33042    66.96  RIGHT     1.31944E-01   -32.49    2.47373E-01   -78.33
  -45.00    50.00     -16.72   -9.14   -8.44    0.33211    75.61  RIGHT     1.12779E-01   -22.01    2.69709E-01   -79.19
  -40.00    50.00     -18.07   -8.51   -8.05    0.31654    84.15  RIGHT     9.64969E-02    -6.15    2.90200E-01   -80.07
  -35.00    50.00     -18.75   -7.96   -7.62    0.28630   -87.83  RIGHT     8.92166E-02    15.96    3.08944E-01   -80.97
  -30.00    50.00     -18.05   -7.50   -7.13    0.24617   -80.56  RIGHT     9.67816E-02    39.83    3.26049E-01   -81.87
  -25.00    50.00     -16.24   -7.09   -6.59    0.20114   -74.07  RIGHT     1.19079E-01    58.76    3.41613E-01   -82.78
  -20.00    50.00     -14.14   -6.74   -6.01    0.15518   -68.29  RIGHT     1.51696E-01    71.47    3.55714E-01   -83.70
  -15.00    50.00     -12.14   -6.43   -5.40    0.11089   -63.10  RIGHT     1.90978E-01    79.81    3.68406E-01   -84.63
  -10.00    50.00     -10.34   -6.17   -4.76    0.06981   -58.39  RIGHT     2.34965E-01    85.49    3.79704E-01   -85.57
   -5.00    50.00      -8.73   -5.95   -4.11    0.03272   -54.05  RIGHT     2.82738E-01    89.54    3.89577E-01   -86.52
    0.00    50.00      -7.29   -5.76   -3.45    0.00000   -50.00  LINEAR    3.33917E-01    92.53    3.97947E-01   -87.47
  -90.00    55.00    -999.99 -999.99 -999.99    0.00000     0.00            9.78715E-12   104.03    2.45616E-12   105.41
  -85.00    55.00     -16.43  -25.43  -15.92    0.04883    19.37  RIGHT     1.16505E-01   -66.23    4.13475E-02   -75.12
  -80.00    55.00     -12.99  -19.58  -12.13    0.09992    24.63  RIGHT     1.73118E-01   -60.77    8.11369E-02   -75.69
  -75.00    55.00     -11.72  -16.25  -10.41    0.14801    30.00  RIGHT     2.00472E-01   -57.02    1.19035E-01   -76.29
  -70.00    55.00     -11.29  -13.97   -9.42    0.19299    35.62  RIGHT     2.10596E-01   -53.97    1.54776E-01   -76.91
  -65.00    55.00     -11.35  -12.27   -8.78    0.23409    41.63  RIGHT     2.09142E-01   -51.06    1.88171E-01   -77.57
  -60.00    55.00     -11.77  -10.95   -8.33    0.26971    48.14  RIGHT     1.99289E-01   -47.91    2.19111E-01   -78.24
  -55.00    55.00     -12.50   -9.89   -7.99    0.29733    55.22  RIGHT     1.83178E-01   -44.10    2.47558E-01   -78.94
  -50.00    55.00     -13.54   -9.02   -7.71    0.31390    62.81  RIGHT     1.62577E-01   -39.06    2.73543E-01   -79.65
  -45.00    55.00     -14.88   -8.30   -7.44    0.31678    70.73  RIGHT     1.39338E-01   -31.87    2.97154E-01   -80.37
  -40.00    55.00     -16.47   -7.70   -7.16    0.30494    78.67  RIGHT     1.16015E-01   -20.93    3.18516E-01   -81.10
  -35.00    55.00     -18.03   -7.19   -6.84    0.27972    86.30  RIGHT     9.69676E-02    -3.85    3.37785E-01   -81.85
  -30.00    55.00     -18.74   -6.75   -6.49    0.24439   -86.60  RIGHT     8.93026E-02    20.21    3.55125E-01   -82.61
  -25.00    55.00     -17.84   -6.38   -6.08    0.20291   -80.11  RIGHT     9.90889E-02    45.25    3.70694E-01   -83.38
  -20.00    55.00     -15.85   -6.06   -5.63    0.15889   -74.22  RIGHT     1.24572E-01    63.91    3.84634E-01   -84.17
  -15.00    55.00     -13.67   -5.78   -5.13    0.11505   -68.85  RIGHT     1.60120E-01    75.92    3.97052E-01   -84.98
  -10.00    55.00     -11.66   -5.55   -4.60    0.07327   -63.91  RIGHT     2.01913E-01    83.64    4.08011E-01   -85.79
   -5.00    55.00      -9.87   -5.35   -4.03    0.03469   -59.32  RIGHT     2.48122E-01    88.85    4.17522E-01   -86.63
    0.00    55.00      -8.28   -5.18   -3.45    0.00000   -55.00  LINEAR    2.97963E-01    92.53    4.25536E-01   -87.47
  -90.00    60.00    -999.99 -999.99 -999.99    0.00000     0.00            1.14799E-11   102.54    2.72660E-12   103.49
  -85.00    60.00     -15.05  -24.53  -14.58    0.04868    18.37  RIGHT     1.36704E-01   -67.76    4.58878E-02   -77.02
  -80.00    60.00     -11.59  -18.68  -10.82    0.09768    23.36  RIGHT     2.03374E-01   -62.40    8.99749E-02   -77.56
  -75.00    60.00     -10.30  -15.36   -9.12    0.14338    28.44  RIGHT     2.36007E-01   -58.84    1.31828E-01   -78.10
  -70.00    60.00      -9.85  -13.10   -8.16    0.18559    33.74  RIGHT     2.48730E-01   -56.07    1.71102E-01   -78.66
  -65.00    60.00      -9.87  -11.42   -7.56    0.22362    39.36  RIGHT     2.48168E-01   -53.59    2.07553E-01   -79.23
  -60.00    60.00     -10.23  -10.12   -7.16    0.25620    45.41  RIGHT     2.38004E-01   -51.06    2.41037E-01   -79.80
  -55.00    60.00     -10.89   -9.09   -6.88    0.28143    51.94  RIGHT     2.20637E-01   -48.18    2.71510E-01   -80.38
  -50.00    60.00     -11.83   -8.25   -6.67    0.29704    58.90  RIGHT     1.97890E-01   -44.59    2.99017E-01   -80.96
  -45.00    60.00     -13.08   -7.56   -6.49    0.30095    66.19  RIGHT     1.71394E-01   -39.70    3.23678E-01   -81.55
  -40.00    60.00     -14.66   -6.99   -6.30    0.29215    73.57  RIGHT     1.42962E-01   -32.49    3.45669E-01   -82.15
  -35.00    60.00     -16.53   -6.51   -6.10    0.27121    80.80  RIGHT     1.15252E-01   -21.08    3.65203E-01   -82.76
  -30.00    60.00     -18.37   -6.11   -5.86    0.24029    87.68  RIGHT     9.32048E-02    -2.38    3.82508E-01   -83.37
  -25.00    60.00     -19.13   -5.77   -5.57    0.20243   -85.90  RIGHT     8.54251E-02    24.67    3.97811E-01   -84.01
  -20.00    60.00     -17.91   -5.48   -5.24    0.16075   -79.96  RIGHT     9.83404E-02    51.48    4.11316E-01   -84.66
  -15.00    60.00     -15.63   -5.23   -4.85    0.11793   -74.46  RIGHT     1.27756E-01    69.81    4.23192E-01   -85.33
  -10.00    60.00     -13.32   -5.02   -4.42    0.07598   -69.35  RIGHT     1.66649E-01    80.94    4.33555E-01   -86.02
   -5.00    60.00     -11.27   -4.84   -3.95    0.03634   -64.55  RIGHT     2.11181E-01    87.90    4.42458E-01   -86.74
    0.00    60.00      -9.47   -4.70   -3.45    0.00000   -60.00  LINEAR    2.59742E-01    92.53    4.49885E-01   -87.47
  -90.00    65.00    -999.99 -999.99 -999.99    0.00000     0.00            1.33663E-11   100.73    2.99118E-12   101.65
  -85.00    65.00     -13.72  -23.72  -13.31    0.04635    17.36  RIGHT     1.59217E-01   -69.60    5.03263E-02   -78.86
  -80.00    65.00     -10.26  -17.88   -9.57    0.09285    22.08  RIGHT     2.37087E-01   -64.31    9.86050E-02   -79.36
  -75.00    65.00      -8.96  -14.58   -7.90    0.13605    26.88  RIGHT     2.75587E-01   -60.89    1.44297E-01   -79.86
  -70.00    65.00      -8.48  -12.33   -6.98    0.17568    31.86  RIGHT     2.91193E-01   -58.34    1.86973E-01   -80.36
  -65.00    65.00      -8.46  -10.67   -6.42    0.21113    37.13  RIGHT     2.91629E-01   -56.18    2.26328E-01   -80.85
  -60.00    65.00      -8.78   -9.39   -6.06    0.24135    42.75  RIGHT     2.81172E-01   -54.12    2.62188E-01   -81.32
  -55.00    65.00      -9.38   -8.38   -5.84    0.26485    48.78  RIGHT     2.62567E-01   -51.91    2.94500E-01   -81.80
  -50.00    65.00     -10.24   -7.57   -5.69    0.27987    55.20  RIGHT     2.37811E-01   -49.32    3.23326E-01   -82.26
  -45.00    65.00     -11.38   -6.91   -5.58    0.28476    61.92  RIGHT     2.08530E-01   -46.00    3.48822E-01   -82.73
  -40.00    65.00     -12.84   -6.37   -5.49    0.27851    68.80  RIGHT     1.76232E-01   -41.35    3.71215E-01   -83.19
  -35.00    65.00     -14.68   -5.92   -5.38    0.26126    75.64  RIGHT     1.42634E-01   -34.26    3.90781E-01   -83.67
  -30.00    65.00     -16.90   -5.55   -5.24    0.23435    82.26  RIGHT     1.10413E-01   -22.42    4.07816E-01   -84.15
  -25.00    65.00     -19.15   -5.24   -5.07    0.20006    88.56  RIGHT     8.52071E-02    -1.50    4.22616E-01   -84.64
  -20.00    65.00     -19.92   -4.98   -4.84    0.16098   -85.51  RIGHT     7.79984E-02    30.13    4.35454E-01   -85.16
  -15.00    65.00     -18.16   -4.76   -4.57    0.11958   -79.94  RIGHT     9.55016E-02    59.10    4.46558E-01   -85.70
  -10.00    65.00     -15.50   -4.58   -4.24    0.07794   -74.70  RIGHT     1.29676E-01    76.61    4.56100E-01   -86.27
   -5.00    65.00     -13.04   -4.43   -3.87    0.03767   -69.74  RIGHT     1.72204E-01    86.52    4.64178E-01   -86.86
    0.00    65.00     -10.93   -4.30   -3.45    0.00000   -65.00  LINEAR    2.19543E-01    92.53    4.70812E-01   -87.47
  -90.00    70.00    -999.99 -999.99 -999.99    0.00000     0.00            1.54450E-11    98.72    3.24286E-12    99.88
  -85.00    70.00     -12.46  -23.02  -12.10    0.04268    16.35  RIGHT     1.84025E-01   -71.62    5.45506E-02   -80.61
  -80.00    70.00      -9.00  -17.19   -8.39    0.08643    20.81  RIGHT     2.74231E-01   -66.40    1.06810E-01   -81.09
  -75.00    70.00      -7.68  -13.89   -6.75    0.12706    25.33  RIGHT     3.19187E-01   -63.09    1.56132E-01   -81.55
  -70.00    70.00      -7.18  -11.65   -5.86    0.16424    30.01  RIGHT     3.37964E-01   -60.70    2.02001E-01   -81.99
  -65.00    70.00      -7.14  -10.01   -5.33    0.19741    34.93  RIGHT     3.39508E-01   -58.77    2.44053E-01   -82.41
  -60.00    70.00      -7.42   -8.75   -5.03    0.22569    40.16  RIGHT     3.28771E-01   -57.05    2.82079E-01   -82.80
  -55.00    70.00      -7.96   -7.77   -4.85    0.24788    45.74  RIGHT     3.08916E-01   -55.33    3.16022E-01   -83.18
  -50.00    70.00      -8.75   -6.98   -4.77    0.26256    51.67  RIGHT     2.82198E-01   -53.44    3.45960E-01   -83.54
  -45.00    70.00      -9.79   -6.35   -4.73    0.26835    57.90  RIGHT     2.50370E-01   -51.17    3.72086E-01   -83.89
  -40.00    70.00     -11.12   -5.84   -4.71    0.26430    64.31  RIGHT     2.14895E-01   -48.20    3.94681E-01   -84.23
  -35.00    70.00     -12.80   -5.42   -4.69    0.25024    70.77  RIGHT     1.77120E-01   -43.94    4.14081E-01   -84.58
  -30.00    70.00     -14.93   -5.08   -4.65    0.22696    77.12  RIGHT     1.38576E-01   -37.17    4.30653E-01   -84.93
  -25.00    70.00     -17.60   -4.80   -4.58    0.19610    83.26  RIGHT     1.01819E-01   -25.05    4.44760E-01   -85.29
  -20.00    70.00     -20.46   -4.57   -4.46    0.15975    89.12  RIGHT     7.32998E-02    -1.00    4.56742E-01   -85.67
  -15.00    70.00     -21.11   -4.38   -4.29    0.12011   -85.30  RIGHT     6.79732E-02    37.77    4.66888E-01   -86.08
  -10.00    70.00     -18.48   -4.22   -4.06    0.07918   -79.98  RIGHT     9.20323E-02    68.54    4.75425E-01   -86.51
   -5.00    70.00     -15.38   -4.09   -3.78    0.03868   -74.90  RIGHT     1.31541E-01    84.27    4.82496E-01   -86.98
    0.00    70.00     -12.77   -3.99   -3.45    0.00000   -70.00  LINEAR    1.77674E-01    92.53    4.88154E-01   -87.47
  -90.00    75.00    -999.99 -999.99 -999.99    0.00000     0.00            1.77090E-11    96.63    3.47494E-12    98.20
  -85.00    75.00     -11.27  -22.43  -10.95    0.03832    15.34  RIGHT     2.11040E-01   -73.73    5.84416E-02   -82.29
  -80.00    75.00      -7.80  -16.60   -7.26    0.07918    19.54  RIGHT     3.14676E-01   -68.56    1.14361E-01   -82.75
  -75.00    75.00      -6.48  -13.31   -5.66    0.11718    23.79  RIGHT     3.66659E-01   -65.33    1.67008E-01   -83.17
  -70.00    75.00      -5.96  -11.08   -4.80    0.15199    28.17  RIGHT     3.88888E-01   -63.06    2.15782E-01   -83.56
  -65.00    75.00      -5.90   -9.45   -4.31    0.18308    32.77  RIGHT     3.91648E-01   -61.31    2.60262E-01   -83.91
  -60.00    75.00      -6.15   -8.21   -4.05    0.20970    37.63  RIGHT     3.80640E-01   -59.83    3.00206E-01   -84.23
  -55.00    75.00      -6.65   -7.25   -3.93    0.23083    42.80  RIGHT     3.59500E-01   -58.46    3.35552E-01   -84.52
  -50.00    75.00      -7.37   -6.48   -3.89    0.24528    48.30  RIGHT     3.30806E-01   -57.06    3.66393E-01   -84.78
  -45.00    75.00      -8.32   -5.87   -3.92    0.25189    54.08  RIGHT     2.96519E-01   -55.51    3.92961E-01   -85.03
  -40.00    75.00      -9.52   -5.39   -3.97    0.24973    60.06  RIGHT     2.58200E-01   -53.63    4.15584E-01   -85.26
  -35.00    75.00     -11.03   -5.00   -4.03    0.23845    66.15  RIGHT     2.17133E-01   -51.12    4.34660E-01   -85.48
  -30.00    75.00     -12.93   -4.68   -4.08    0.21845    72.22  RIGHT     1.74450E-01   -47.44    4.50620E-01   -85.70
  -25.00    75.00     -15.39   -4.43   -4.10    0.19084    78.16  RIGHT     1.31388E-01   -41.33    4.63893E-01   -85.94
  -20.00    75.00     -18.66   -4.23   -4.08    0.15727    83.93  RIGHT     9.01609E-02   -29.31    4.74881E-01   -86.19
  -15.00    75.00     -22.48   -4.07   -4.00    0.11961    89.48  RIGHT     5.80505E-02    -0.76    4.83934E-01   -86.46
  -10.00    75.00     -22.64   -3.93   -3.88    0.07974   -85.18  RIGHT     5.70386E-02    49.47    4.91326E-01   -86.77
   -5.00    75.00     -18.70   -3.83   -3.69    0.03937   -80.01  RIGHT     8.97132E-02    79.90    4.97246E-01   -87.10
    0.00    75.00     -15.19   -3.75   -3.45    0.00000   -75.00  LINEAR    1.34452E-01    92.53    5.01782E-01   -87.47
  -90.00    80.00    -999.99 -999.99 -999.99    0.00000     0.00            2.01443E-11    94.50    3.67994E-12    96.60
  -85.00    80.00     -10.15  -21.93   -9.87    0.03374    14.33  RIGHT     2.40094E-01   -75.87    6.18801E-02   -83.88
  -80.00    80.00      -6.68  -16.10   -6.21    0.07165    18.28  RIGHT     3.58173E-01   -70.72    1.21029E-01   -84.32
  -75.00    80.00      -5.34  -12.82   -4.63    0.10703    22.27  RIGHT     4.17714E-01   -67.55    1.76598E-01   -84.71
  -70.00    80.00      -4.82  -10.61   -3.80    0.13953    26.37  RIGHT     4.43658E-01   -65.38    2.27911E-01   -85.06
  -65.00    80.00      -4.74   -8.99   -3.35    0.16866    30.65  RIGHT     4.47736E-01   -63.76    2.74491E-01   -85.35
  -60.00    80.00      -4.96   -7.77   -3.13    0.19376    35.17  RIGHT     4.36462E-01   -62.46    3.16067E-01   -85.60
  -55.00    80.00      -5.42   -6.82   -3.05    0.21396    39.97  RIGHT     4.13993E-01   -61.33    3.52569E-01   -85.82
  -50.00    80.00      -6.09   -6.07   -3.07    0.22823    45.07  RIGHT     3.83273E-01   -60.28    3.84107E-01   -85.99
  -45.00    80.00      -6.97   -5.49   -3.15    0.23554    50.44  RIGHT     3.46526E-01   -59.21    4.10943E-01   -86.13
  -40.00    80.00      -8.06   -5.02   -3.27    0.23500    56.03  RIGHT     3.05489E-01   -58.03    4.33452E-01   -86.26
  -35.00    80.00      -9.41   -4.66   -3.40    0.22615    61.76  RIGHT     2.61530E-01   -56.61    4.52086E-01   -86.37
  -30.00    80.00     -11.08   -4.37   -3.53    0.20908    67.54  RIGHT     2.15723E-01   -54.71    4.67333E-01   -86.47
  -25.00    80.00     -13.21   -4.14   -3.63    0.18452    73.27  RIGHT     1.68934E-01   -51.86    4.79682E-01   -86.58
  -20.00    80.00     -16.03   -3.96   -3.70    0.15369    78.89  RIGHT     1.22013E-01   -46.92    4.89592E-01   -86.70
  -15.00    80.00     -20.08   -3.83   -3.72    0.11817    84.37  RIGHT     7.65240E-02   -35.99    4.97464E-01   -86.85
  -10.00    80.00     -25.68   -3.72   -3.69    0.07964    89.71  RIGHT     4.01896E-02    -0.66    5.03620E-01   -87.02
   -5.00    80.00     -24.12   -3.64   -3.60    0.03974   -85.09  RIGHT     4.80950E-02    67.74    5.08289E-01   -87.23
    0.00    80.00     -18.66   -3.58   -3.45    0.00000   -80.00  LINEAR    9.02073E-02    92.53    5.11591E-01   -87.47
  -90.00    85.00    -999.99 -999.99 -999.99    0.00000     0.00            2.27291E-11    92.41    3.85149E-12    95.09
  -85.00    85.00      -9.10  -21.54   -8.86    0.02925    13.34  RIGHT     2.70936E-01   -77.97    6.47540E-02   -85.39
  -80.00    85.00      -5.63  -15.71   -5.22    0.06424    17.04  RIGHT     4.04348E-01   -72.85    1.26598E-01   -85.81
  -75.00    85.00      -4.28  -12.44   -3.67    0.09702    20.77  RIGHT     4.71913E-01   -69.72    1.84597E-01   -86.18
  -70.00    85.00      -3.75  -10.23   -2.87    0.12727    24.60  RIGHT     5.01807E-01   -67.61    2.38008E-01   -86.48
  -65.00    85.00      -3.66   -8.62   -2.45    0.15452    28.59  RIGHT     5.07297E-01   -66.08    2.86305E-01   -86.73
  -60.00    85.00      -3.86   -7.41   -2.27    0.17819    32.79  RIGHT     4.95762E-01   -64.91    3.29190E-01   -86.92
  -55.00    85.00      -4.28   -6.48   -2.23    0.19750    37.24  RIGHT     4.71920E-01   -63.96    3.66586E-01   -87.06
  -50.00    85.00      -4.91   -5.75   -2.30    0.21157    41.97  RIGHT     4.39112E-01   -63.14    3.98614E-01   -87.15
  -45.00    85.00      -5.72   -5.18   -2.43    0.21944    46.96  RIGHT     3.99862E-01   -62.40    4.25563E-01   -87.21
  -40.00    85.00      -6.73   -4.74   -2.61    0.22027    52.19  RIGHT     3.56124E-01   -61.69    4.47845E-01   -87.23
  -35.00    85.00      -7.95   -4.39   -2.81    0.21352    57.58  RIGHT     3.09420E-01   -60.93    4.65957E-01   -87.23
  -30.00    85.00      -9.43   -4.13   -3.01    0.19907    63.06  RIGHT     2.60902E-01   -60.06    4.80436E-01   -87.23
  -25.00    85.00     -11.26   -3.92   -3.19    0.17733    68.56  RIGHT     2.11412E-01   -58.93    4.91822E-01   -87.22
  -20.00    85.00     -13.60   -3.77   -3.34    0.14919    74.02  RIGHT     1.61537E-01   -57.26    5.00619E-01   -87.22
  -15.00    85.00     -16.80   -3.66   -3.45    0.11590    79.39  RIGHT     1.11705E-01   -54.24    5.07274E-01   -87.24
  -10.00    85.00     -21.84   -3.57   -3.51    0.07893    84.67  RIGHT     6.25595E-02   -46.61    5.12150E-01   -87.28
   -5.00    85.00     -31.51   -3.52   -3.51    0.03979    89.87  RIGHT     2.05459E-02    -0.63    5.15510E-01   -87.36
    0.00    85.00     -24.64   -3.48   -3.45    0.00000   -85.00  LINEAR    4.52759E-02    92.53    5.17506E-01   -87.47
  -90.00    90.00    -999.99 -999.99 -999.99    0.00000     0.00            2.54356E-11    90.39    3.98341E-12    93.65
  -85.00    90.00      -8.13  -21.24   -7.92    0.02507    12.38  RIGHT     3.03232E-01   -79.99    6.69645E-02   -86.83
  -80.00    90.00      -4.64  -15.42   -4.30    0.05720    15.82  RIGHT     4.52705E-01   -74.89    1.30877E-01   -87.23
  -75.00    90.00      -3.30  -12.15   -2.77    0.08745    19.30  RIGHT     5.28679E-01   -71.80    1.90735E-01   -87.57
  -70.00    90.00      -2.76   -9.95   -2.00    0.11549    22.86  RIGHT     5.62721E-01   -69.74    2.45737E-01   -87.84
  -65.00    90.00      -2.65   -8.36   -1.61    0.14092    26.57  RIGHT     5.69704E-01   -68.28    2.95319E-01   -88.04
  -60.00    90.00      -2.83   -7.15   -1.46    0.16320    30.48  RIGHT     5.57918E-01   -67.19    3.39159E-01   -88.18
  -55.00    90.00      -3.23   -6.23   -1.47    0.18163    34.61  RIGHT     5.32670E-01   -66.36    3.77172E-01   -88.25
  -50.00    90.00      -3.82   -5.52   -1.58    0.19542    39.00  RIGHT     4.97722E-01   -65.71    4.09485E-01   -88.27
  -45.00    90.00      -4.58   -4.96   -1.76    0.20371    43.64  RIGHT     4.55915E-01   -65.19    4.36406E-01   -88.24
  -40.00    90.00      -5.52   -4.54   -1.99    0.20568    48.51  RIGHT     4.09449E-01   -64.77    4.58374E-01   -88.18
  -35.00    90.00      -6.63   -4.21   -2.24    0.20074    53.58  RIGHT     3.60027E-01   -64.44    4.75919E-01   -88.08
  -30.00    90.00      -7.96   -3.96   -2.51    0.18861    58.77  RIGHT     3.08936E-01   -64.16    4.89617E-01   -87.96
  -25.00    90.00      -9.56   -3.78   -2.76    0.16946    64.02  RIGHT     2.57100E-01   -63.95    5.00042E-01   -87.84
  -20.00    90.00     -11.52   -3.65   -2.99    0.14389    69.29  RIGHT     2.05131E-01   -63.78    5.07739E-01   -87.72
  -15.00    90.00     -14.05   -3.56   -3.18    0.11288    74.52  RIGHT     1.53377E-01   -63.65    5.13189E-01   -87.62
  -10.00    90.00     -17.59   -3.49   -3.33    0.07764    79.72  RIGHT     1.01973E-01   -63.56    5.16786E-01   -87.54
   -5.00    90.00     -23.63   -3.46   -3.42    0.03954    84.87  RIGHT     5.08919E-02   -63.51    5.18824E-01   -87.49
    0.00    90.00    -999.99   -3.45   -3.45    0.00000    90.00  LINEAR    2.65114E-12   -87.47    5.19483E-01   -87.47
  -90.00    95.00    -999.99 -999.99 -999.99    0.00000     0.00            2.82299E-11    88.47    4.07097E-12    92.28
  -85.00    95.00      -7.22  -21.06   -7.04    0.02131    11.43  RIGHT     3.36581E-01   -81.92    6.84321E-02   -88.19
  -80.00    95.00      -3.74  -15.24   -3.44    0.05068    14.64  RIGHT     5.02641E-01   -76.84    1.33715E-01   -88.58
  -75.00    95.00      -2.38  -11.97   -1.93    0.07847    17.87  RIGHT     5.87311E-01   -73.76    1.94793E-01   -88.89
  -70.00    95.00      -1.83   -9.77   -1.19    0.10438    21.18  RIGHT     6.25652E-01   -71.74    2.50828E-01   -89.13
  -65.00    95.00      -1.72   -8.18   -0.83    0.12802    24.62  RIGHT     6.34200E-01   -70.32    3.01223E-01   -89.29
  -60.00    95.00      -1.88   -6.99   -0.71    0.14893    28.24  RIGHT     6.22183E-01   -69.30    3.45636E-01   -89.38
  -55.00    95.00      -2.26   -6.07   -0.75    0.16646    32.07  RIGHT     5.95516E-01   -68.56    3.83975E-01   -89.39
  -50.00    95.00      -2.82   -5.37   -0.90    0.17990    36.14  RIGHT     5.58398E-01   -68.02    4.16368E-01   -89.34
  -45.00    95.00      -3.54   -4.83   -1.13    0.18845    40.45  RIGHT     5.13997E-01   -67.65    4.43130E-01   -89.24
  -40.00    95.00      -4.42   -4.42   -1.41    0.19134    45.00  RIGHT     4.64771E-01   -67.42    4.64717E-01   -89.09
  -35.00    95.00      -5.45   -4.11   -1.72    0.18792    49.74  RIGHT     4.12620E-01   -67.34    4.81679E-01   -88.90
  -30.00    95.00      -6.66   -3.88   -2.04    0.17784    54.64  RIGHT     3.58980E-01   -67.42    4.94614E-01   -88.68
  -25.00    95.00      -8.08   -3.71   -2.36    0.16105    59.64  RIGHT     3.04887E-01   -67.69    5.04121E-01   -88.45
  -20.00    95.00      -9.77   -3.60   -2.66    0.13793    64.69  RIGHT     2.51042E-01   -68.23    5.10771E-01   -88.22
  -15.00    95.00     -11.83   -3.52   -2.93    0.10920    69.76  RIGHT     1.97865E-01   -69.19    5.15067E-01   -88.00
  -10.00    95.00     -14.50   -3.48   -3.15    0.07583    74.84  RIGHT     1.45585E-01   -70.98    5.17429E-01   -87.79
   -5.00    95.00     -18.26   -3.47   -3.33    0.03900    79.91  RIGHT     9.43952E-02   -74.86    5.18174E-01   -87.62
    0.00    95.00     -24.64   -3.48   -3.45    0.00000    85.00  LINEAR    4.52759E-02   -87.47    5.17506E-01   -87.47
  -90.00   100.00    -999.99 -999.99 -999.99    0.00000     0.00            3.10742E-11    86.65    4.11089E-12    90.99
  -85.00   100.00      -6.38  -20.97   -6.24    0.01800    10.52  RIGHT     3.70526E-01   -83.74    6.91008E-02   -89.47
  -80.00   100.00      -2.90  -15.15   -2.65    0.04475    13.48  RIGHT     5.53478E-01   -78.67    1.35001E-01   -89.85
  -75.00   100.00      -1.54  -11.89   -1.16    0.07018    16.47  RIGHT     6.47014E-01   -75.61    1.96618E-01   -90.15
  -70.00   100.00      -0.99   -9.70   -0.44    0.09402    19.54  RIGHT     6.89755E-01   -73.60    2.53088E-01   -90.35
  -65.00   100.00      -0.86   -8.11   -0.11    0.11593    22.72  RIGHT     6.99929E-01   -72.22    3.03793E-01   -90.48
  -60.00   100.00      -1.01   -6.92   -0.02    0.13546    26.07  RIGHT     6.87713E-01   -71.25    3.48379E-01   -90.52
  -55.00   100.00      -1.37   -6.01   -0.09    0.15206    29.62  RIGHT     6.59642E-01   -70.56    3.86742E-01   -90.48
  -50.00   100.00      -1.91   -5.32   -0.28    0.16506    33.39  RIGHT     6.20357E-01   -70.10    4.19005E-01   -90.37
  -45.00   100.00      -2.59   -4.78   -0.54    0.17372    37.39  RIGHT     5.73360E-01   -69.82    4.45484E-01   -90.19
  -40.00   100.00      -3.42   -4.38   -0.86    0.17731    41.62  RIGHT     5.21366E-01   -69.72    4.66636E-01   -89.96
  -35.00   100.00      -4.38   -4.08   -1.22    0.17518    46.06  RIGHT     4.66477E-01   -69.80    4.83017E-01   -89.68
  -30.00   100.00      -5.50   -3.86   -1.60    0.16688    50.67  RIGHT     4.10282E-01   -70.08    4.95232E-01   -89.37
  -25.00   100.00      -6.78   -3.71   -1.97    0.15223    55.41  RIGHT     3.53934E-01   -70.60    5.03893E-01   -89.04
  -20.00   100.00      -8.27   -3.62   -2.34    0.13142    60.23  RIGHT     2.98222E-01   -71.46    5.09579E-01   -88.70
  -15.00   100.00     -10.03   -3.56   -2.68    0.10493    65.11  RIGHT     2.43644E-01   -72.84    5.12809E-01   -88.37
  -10.00   100.00     -12.16   -3.54   -2.98    0.07353    70.03  RIGHT     1.90508E-01   -75.07    5.14016E-01   -88.04
   -5.00   100.00     -14.89   -3.55   -3.24    0.03817    74.99  RIGHT     1.39104E-01   -79.05    5.13536E-01   -87.74
    0.00   100.00     -18.66   -3.58   -3.45    0.00000    80.00  LINEAR    9.02073E-02   -87.47    5.11591E-01   -87.47
  -90.00   105.00    -999.99 -999.99 -999.99    0.00000     0.00            3.39279E-11    84.95    4.10152E-12    89.77
  -85.00   105.00      -5.62  -20.99   -5.50    0.01516     9.63  RIGHT     4.04579E-01   -85.44    6.89406E-02   -90.69
  -80.00   105.00      -2.13  -15.17   -1.92    0.03943    12.37  RIGHT     6.04487E-01   -80.37    1.34679E-01   -91.06
  -75.00   105.00      -0.77  -11.91   -0.45    0.06261    15.13  RIGHT     7.06939E-01   -77.32    1.96126E-01   -91.33
  -70.00   105.00      -0.21   -9.72    0.25    0.08446    17.95  RIGHT     7.54127E-01   -75.34    2.52409E-01   -91.51
  -65.00   105.00      -0.08   -8.13    0.55    0.10467    20.89  RIGHT     7.65971E-01   -73.98    3.02905E-01   -91.60
  -60.00   105.00      -0.22   -6.95    0.62    0.12284    23.98  RIGHT     7.53604E-01   -73.03    3.47247E-01   -91.60
  -55.00   105.00      -0.56   -6.04    0.52    0.13846    27.26  RIGHT     7.24176E-01   -72.39    3.85322E-01   -91.51
  -50.00   105.00      -1.08   -5.35    0.30    0.15093    30.74  RIGHT     6.82768E-01   -71.97    4.17243E-01   -91.34
  -45.00   105.00      -1.73   -4.83    0.00    0.15957    34.45  RIGHT     6.33215E-01   -71.76    4.43313E-01   -91.10
  -40.00   105.00      -2.52   -4.43   -0.36    0.16367    38.38  RIGHT     5.78487E-01   -71.73    4.63981E-01   -90.79
  -35.00   105.00      -3.43   -4.14   -0.76    0.16259    42.52  RIGHT     5.20883E-01   -71.90    4.79793E-01   -90.44
  -30.00   105.00      -4.47   -3.93   -1.18    0.15582    46.84  RIGHT     4.62141E-01   -72.29    4.91347E-01   -90.04
  -25.00   105.00      -5.64   -3.79   -1.61    0.14311    51.31  RIGHT     4.03525E-01   -72.94    4.99250E-01   -89.61
  -20.00   105.00      -6.98   -3.71   -2.04    0.12446    55.89  RIGHT     3.45905E-01   -73.94    5.04080E-01   -89.17
  -15.00   105.00      -8.52   -3.67   -2.44    0.10016    60.56  RIGHT     2.89838E-01   -75.43    5.06357E-01   -88.73
  -10.00   105.00     -10.31   -3.67   -2.82    0.07079    65.29  RIGHT     2.35673E-01   -77.68    5.06521E-01   -88.29
   -5.00   105.00     -12.48   -3.70   -3.16    0.03709    70.10  RIGHT     1.83699E-01   -81.25    5.04917E-01   -87.87
    0.00   105.00     -15.19   -3.75   -3.45    0.00000    75.00  LINEAR    1.34452E-01   -87.47    5.01782E-01   -87.47
  -90.00   110.00    -999.99 -999.99 -999.99    0.00000     0.00            3.67481E-11    83.38    4.04246E-12    88.61
  -85.00   110.00      -4.93  -21.12   -4.82    0.01275     8.78  RIGHT     4.38244E-01   -87.01    6.79482E-02   -91.84
  -80.00   110.00      -1.44  -15.30   -1.26    0.03469    11.29  RIGHT     6.54926E-01   -81.95    1.32741E-01   -92.20
  -75.00   110.00      -0.07  -12.04    0.19    0.05574    13.82  RIGHT     7.66219E-01   -78.91    1.93305E-01   -92.46
  -70.00   110.00       0.49   -9.84    0.88    0.07568    16.42  RIGHT     8.17843E-01   -76.93    2.48777E-01   -92.61
  -65.00   110.00       0.64   -8.26    1.16    0.09423    19.12  RIGHT     8.31390E-01   -75.59    2.98535E-01   -92.67
  -60.00   110.00       0.50   -7.08    1.20    0.11104    21.96  RIGHT     8.18932E-01   -74.66    3.42211E-01   -92.62
  -55.00   110.00       0.17   -6.17    1.08    0.12566    24.98  RIGHT     7.88226E-01   -74.04    3.79680E-01   -92.49
  -50.00   110.00      -0.32   -5.48    0.83    0.13752    28.19  RIGHT     7.44783E-01   -73.66    4.11038E-01   -92.26
  -45.00   110.00      -0.95   -4.96    0.50    0.14600    31.62  RIGHT     6.92762E-01   -73.48    4.36570E-01   -91.96
  -40.00   110.00      -1.70   -4.57    0.11    0.15044    35.26  RIGHT     6.35381E-01   -73.50    4.56700E-01   -91.59
  -35.00   110.00      -2.57   -4.28   -0.33    0.15020    39.11  RIGHT     5.75127E-01   -73.72    4.71955E-01   -91.15
  -30.00   110.00      -3.54   -4.08   -0.79    0.14476    43.14  RIGHT     5.13881E-01   -74.17    4.82909E-01   -90.67
  -25.00   110.00      -4.64   -3.95   -1.27    0.13377    47.34  RIGHT     4.53009E-01   -74.87    4.90150E-01   -90.16
  -20.00   110.00      -5.86   -3.88   -1.75    0.11712    51.66  RIGHT     3.93449E-01   -75.90    4.94244E-01   -89.62
  -15.00   110.00      -7.24   -3.86   -2.22    0.09495    56.09  RIGHT     3.35803E-01   -77.38    4.95699E-01   -89.07
  -10.00   110.00      -8.80   -3.87   -2.66    0.06764    60.62  RIGHT     2.80436E-01   -79.49    4.94954E-01   -88.52
   -5.00   110.00     -10.62   -3.92   -3.07    0.03575    65.25  RIGHT     2.27608E-01   -82.61    4.92356E-01   -87.99
    0.00   110.00     -12.77   -3.99   -3.45    0.00000    70.00  LINEAR    1.77674E-01   -87.47    4.88154E-01   -87.47
  -90.00   115.00    -999.99 -999.99 -999.99    0.00000     0.00            3.94954E-11    81.94    3.93510E-12    87.53
  -85.00   115.00      -4.30  -21.35   -4.22    0.01073     7.97  RIGHT     4.71035E-01   -88.46    6.61460E-02   -92.93
  -80.00   115.00      -0.81  -15.53   -0.66    0.03050    10.26  RIGHT     7.04072E-01   -83.40    1.29230E-01   -93.28
  -75.00   115.00       0.56  -12.27    0.78    0.04952    12.57  RIGHT     8.24009E-01   -80.36    1.88213E-01   -93.52
  -70.00   115.00       1.13  -10.08    1.45    0.06763    14.94  RIGHT     8.80002E-01   -78.39    2.42258E-01   -93.65
  -65.00   115.00       1.28   -8.49    1.71    0.08458    17.42  RIGHT     8.95268E-01   -77.06    2.90758E-01   -93.67
  -60.00   115.00       1.16   -7.30    1.74    0.10005    20.02  RIGHT     8.82792E-01   -76.15    3.33345E-01   -93.59
  -55.00   115.00       0.84   -6.40    1.59    0.11362    22.79  RIGHT     8.50916E-01   -75.54    3.69884E-01   -93.41
  -50.00   115.00       0.36   -5.71    1.32    0.12481    25.74  RIGHT     8.05567E-01   -75.18    4.00452E-01   -93.14
  -45.00   115.00      -0.25   -5.19    0.96    0.13302    28.89  RIGHT     7.51213E-01   -75.02    4.25304E-01   -92.77
  -40.00   115.00      -0.97   -4.80    0.54    0.13764    32.25  RIGHT     6.91308E-01   -75.07    4.44835E-01   -92.34
  -35.00   115.00      -1.79   -4.51    0.07    0.13806    35.82  RIGHT     6.28519E-01   -75.31    4.59533E-01   -91.83
  -30.00   115.00      -2.72   -4.32   -0.44    0.13373    39.57  RIGHT     5.64855E-01   -75.78    4.69942E-01   -91.28
  -25.00   115.00      -3.75   -4.20   -0.96    0.12427    43.48  RIGHT     5.01775E-01   -76.49    4.76617E-01   -90.68
  -20.00   115.00      -4.89   -4.13   -1.48    0.10948    47.54  RIGHT     4.40276E-01   -77.50    4.80096E-01   -90.05
  -15.00   115.00      -6.14   -4.12   -2.00    0.08937    51.72  RIGHT     3.80992E-01   -78.91    4.80871E-01   -89.40
  -10.00   115.00      -7.54   -4.15   -2.51    0.06414    56.02  RIGHT     3.24293E-01   -80.84    4.79367E-01   -88.75
   -5.00   115.00      -9.12   -4.21   -3.00    0.03417    60.44  RIGHT     2.70400E-01   -83.55    4.75929E-01   -88.10
    0.00   115.00     -10.93   -4.30   -3.45    0.00000    65.00  LINEAR    2.19543E-01   -87.47    4.70812E-01   -87.47
  -90.00   120.00    -999.99 -999.99 -999.99    0.00000     0.00            4.21319E-11    80.62    3.78223E-12    86.50
  -85.00   120.00      -3.74  -21.69   -3.67    0.00906     7.19  RIGHT     5.02506E-01   -89.78    6.35787E-02   -93.95
  -80.00   120.00      -0.25  -15.88   -0.13    0.02678     9.27  RIGHT     7.51255E-01   -84.72    1.24231E-01   -94.29
  -75.00   120.00       1.12  -12.61    1.30    0.04390    11.37  RIGHT     8.79523E-01   -81.69    1.80970E-01   -94.51
  -70.00   120.00       1.70  -10.41    1.96    0.06026    13.52  RIGHT     9.39761E-01   -79.72    2.33000E-01   -94.62
  -65.00   120.00       1.86   -8.83    2.21    0.07565    15.77  RIGHT     9.56745E-01   -78.40    2.79735E-01   -94.61
  -60.00   120.00       1.74   -7.64    2.22    0.08979    18.15  RIGHT     9.44330E-01   -77.49    3.20817E-01   -94.50
  -55.00   120.00       1.43   -6.73    2.05    0.10231    20.68  RIGHT     9.11418E-01   -76.90    3.56101E-01   -94.28
  -50.00   120.00       0.97   -6.04    1.76    0.11276    23.38  RIGHT     8.64327E-01   -76.54    3.85643E-01   -93.95
  -45.00   120.00       0.39   -5.51    1.38    0.12060    26.27  RIGHT     8.07817E-01   -76.40    4.09662E-01   -93.54
  -40.00   120.00      -0.31   -5.12    0.93    0.12527    29.35  RIGHT     7.45564E-01   -76.46    4.28514E-01   -93.04
  -35.00   120.00      -1.11   -4.84    0.43    0.12617    32.63  RIGHT     6.80397E-01   -76.71    4.42642E-01   -92.47
  -30.00   120.00      -1.99   -4.65   -0.11    0.12278    36.10  RIGHT     6.14446E-01   -77.17    4.52544E-01   -91.84
  -25.00   120.00      -2.97   -4.53   -0.67    0.11468    39.73  RIGHT     5.49249E-01   -77.86    4.58736E-01   -91.17
  -20.00   120.00      -4.03   -4.47   -1.24    0.10160    43.51  RIGHT     4.85852E-01   -78.83    4.61718E-01   -90.45
  -15.00   120.00      -5.19   -4.47   -1.81    0.08345    47.43  RIGHT     4.24913E-01   -80.14    4.61954E-01   -89.71
  -10.00   120.00      -6.47   -4.51   -2.37    0.06031    51.47  RIGHT     3.66798E-01   -81.89    4.59850E-01   -88.97
   -5.00   120.00      -7.89   -4.59   -2.92    0.03237    55.65  RIGHT     3.11696E-01   -84.23    4.55741E-01   -88.21
    0.00   120.00      -9.47   -4.70   -3.45    0.00000    60.00  LINEAR    2.59742E-01   -87.47    4.49885E-01   -87.47
  -90.00   125.00    -999.99 -999.99 -999.99    0.00000     0.00            4.46235E-11    79.42    3.58750E-12    85.54
  -85.00   125.00      -3.24  -22.15   -3.18    0.00767     6.45  RIGHT     5.32259E-01   -90.98    6.03096E-02   -94.91
  -80.00   125.00       0.26  -16.33    0.35    0.02348     8.32  RIGHT     7.95880E-01   -85.92    1.17864E-01   -95.24
  -75.00   125.00       1.63  -13.06    1.77    0.03880    10.21  RIGHT     9.32061E-01   -82.89    1.71746E-01   -95.44
  -70.00   125.00       2.21  -10.86    2.42    0.05349    12.16  RIGHT     9.96369E-01   -80.93    2.21209E-01   -95.53
  -65.00   125.00       2.37   -9.27    2.66    0.06738    14.20  RIGHT     1.01505E+00   -79.61    2.65702E-01   -95.50
  -60.00   125.00       2.26   -8.08    2.65    0.08022    16.35  RIGHT     1.00278E+00   -78.71    3.04877E-01   -95.35
  -55.00   125.00       1.97   -7.17    2.47    0.09166    18.64  RIGHT     9.68979E-01   -78.11    3.38584E-01   -95.09
  -50.00   125.00       1.52   -6.47    2.16    0.10133    21.10  RIGHT     9.20336E-01   -77.77    3.66854E-01   -94.72
  -45.00   125.00       0.95   -5.94    1.76    0.10872    23.73  RIGHT     8.61882E-01   -77.63    3.89873E-01   -94.26
  -40.00   125.00       0.27   -5.55    1.28    0.11331    26.55  RIGHT     7.97492E-01   -77.68    4.07946E-01   -93.70
  -35.00   125.00      -0.49   -5.27    0.76    0.11456    29.55  RIGHT     7.30145E-01   -77.93    4.21467E-01   -93.07
  -30.00   125.00      -1.34   -5.07    0.19    0.11195    32.73  RIGHT     6.62075E-01   -78.38    4.30881E-01   -92.38
  -25.00   125.00      -2.27   -4.96   -0.40    0.10504    36.08  RIGHT     5.94890E-01   -79.04    4.36654E-01   -91.62
  -20.00   125.00      -3.28   -4.91   -1.01    0.09354    39.57  RIGHT     5.29677E-01   -79.95    4.39243E-01   -90.83
  -15.00   125.00      -4.37   -4.91   -1.62    0.07726    43.21  RIGHT     4.67106E-01   -81.16    4.39076E-01   -90.01
  -10.00   125.00      -5.56   -4.96   -2.24    0.05619    46.98  RIGHT     4.07540E-01   -82.72    4.36533E-01   -89.17
   -5.00   125.00      -6.85   -5.05   -2.85    0.03038    50.90  RIGHT     3.51136E-01   -84.76    4.31934E-01   -88.32
    0.00   125.00      -8.28   -5.18   -3.45    0.00000    55.00  LINEAR    2.97963E-01   -87.47    4.25536E-01   -87.47
  -90.00   130.00    -999.99 -999.99 -999.99    0.00000     0.00            4.69436E-11    78.34    3.35559E-12    84.65
  -85.00   130.00      -2.80  -22.73   -2.75    0.00651     5.74  RIGHT     5.59959E-01   -92.06    5.64149E-02   -95.80
  -80.00   130.00       0.70  -16.91    0.77    0.02053     7.41  RIGHT     8.37443E-01   -87.00    1.10277E-01   -96.12
  -75.00   130.00       2.07  -13.64    2.19    0.03415     9.10  RIGHT     9.81030E-01   -83.97    1.60747E-01   -96.31
  -70.00   130.00       2.66  -11.44    2.82    0.04725    10.85  RIGHT     1.04918E+00   -82.01    2.07141E-01   -96.38
  -65.00   130.00       2.82   -9.84    3.05    0.05969    12.68  RIGHT     1.06952E+00   -80.69    2.48946E-01   -96.32
  -60.00   130.00       2.72   -8.64    3.03    0.07124    14.62  RIGHT     1.05747E+00   -79.79    2.85832E-01   -96.14
  -55.00   130.00       2.44   -7.72    2.84    0.08162    16.68  RIGHT     1.02294E+00   -79.20    3.17647E-01   -95.84
  -50.00   130.00       2.00   -7.02    2.51    0.09046    18.90  RIGHT     9.72955E-01   -78.86    3.44398E-01   -95.43
  -45.00   130.00       1.45   -6.49    2.09    0.09733    21.28  RIGHT     9.12788E-01   -78.72    3.66231E-01   -94.92
  -40.00   130.00       0.79   -6.09    1.60    0.10175    23.84  RIGHT     8.46498E-01   -78.77    3.83406E-01   -94.31
  -35.00   130.00       0.05   -5.80    1.05    0.10321    26.56  RIGHT     7.77196E-01   -79.01    3.96258E-01   -93.63
  -30.00   130.00      -0.77   -5.61    0.46    0.10123    29.46  RIGHT     7.07207E-01   -79.43    4.05178E-01   -92.87
  -25.00   130.00      -1.66   -5.49   -0.16    0.09538    32.51  RIGHT     6.38197E-01   -80.06    4.10574E-01   -92.05
  -20.00   130.00      -2.62   -5.44   -0.80    0.08532    35.72  RIGHT     5.71283E-01   -80.91    4.12856E-01   -91.19
  -15.00   130.00      -3.66   -5.45   -1.45    0.07084    39.06  RIGHT     5.07144E-01   -82.00    4.12408E-01   -90.28
  -10.00   130.00      -4.77   -5.51   -2.12    0.05181    42.54  RIGHT     4.46134E-01   -83.40    4.09582E-01   -89.36
   -5.00   130.00      -5.98   -5.62   -2.78    0.02820    46.18  RIGHT     3.88385E-01   -85.18    4.04679E-01   -88.42
    0.00   130.00      -7.29   -5.76   -3.45    0.00000    50.00  LINEAR    3.33917E-01   -87.47    3.97947E-01   -87.47
  -90.00   135.00    -999.99 -999.99 -999.99    0.00000     0.00            4.90684E-11    77.38    3.09149E-12    83.82
  -85.00   135.00      -2.41  -23.44   -2.38    0.00554     5.06  RIGHT     5.85340E-01   -93.02    5.19790E-02   -96.62
  -80.00   135.00       1.08  -17.62    1.14    0.01787     6.54  RIGHT     8.75545E-01   -87.96    1.01631E-01   -96.93
  -75.00   135.00       2.46  -14.34    2.55    0.02988     8.04  RIGHT     1.02595E+00   -84.93    1.48203E-01   -97.11
  -70.00   135.00       3.05  -12.14    3.18    0.04147     9.60  RIGHT     1.09769E+00   -82.98    1.91079E-01   -97.16
  -65.00   135.00       3.22  -10.53    3.40    0.05250    11.22  RIGHT     1.11961E+00   -81.66    2.29792E-01   -97.07
  -60.00   135.00       3.13   -9.33    3.37    0.06280    12.95  RIGHT     1.10785E+00   -80.76    2.64034E-01   -96.86
  -55.00   135.00       2.85   -8.40    3.16    0.07210    14.80  RIGHT     1.07275E+00   -80.17    2.93651E-01   -96.53
  -50.00   135.00       2.43   -7.70    2.83    0.08009    16.78  RIGHT     1.02164E+00   -79.82    3.18631E-01   -96.08
  -45.00   135.00       1.88   -7.15    2.40    0.08638    18.91  RIGHT     9.60000E-01   -79.68    3.39084E-01   -95.53
  -40.00   135.00       1.25   -6.75    1.89    0.09055    21.21  RIGHT     8.92062E-01   -79.73    3.55219E-01   -94.87
  -35.00   135.00       0.53   -6.46    1.32    0.09212    23.66  RIGHT     8.21048E-01   -79.95    3.67318E-01   -94.14
  -30.00   135.00      -0.27   -6.26    0.71    0.09065    26.27  RIGHT     7.49360E-01   -80.35    3.75709E-01   -93.32
  -25.00   135.00      -1.13   -6.15    0.06    0.08572    29.03  RIGHT     6.78710E-01   -80.94    3.80746E-01   -92.44
  -20.00   135.00      -2.05   -6.10   -0.61    0.07700    31.93  RIGHT     6.10238E-01   -81.72    3.82784E-01   -91.51
  -15.00   135.00      -3.04   -6.12   -1.30    0.06422    34.97  RIGHT     5.44627E-01   -82.72    3.82165E-01   -90.54
  -10.00   135.00      -4.10   -6.18   -2.01    0.04722    38.15  RIGHT     4.82219E-01   -83.97    3.79204E-01   -89.53
   -5.00   135.00      -5.23   -6.30   -2.72    0.02585    41.48  RIGHT     4.23126E-01   -85.53    3.74180E-01   -88.51
    0.00   135.00      -6.46   -6.46   -3.45    0.00000    45.00  LINEAR    3.67330E-01   -87.47    3.67330E-01   -87.47
  -90.00   140.00    -999.99 -999.99 -999.99    0.00000     0.00            5.09834E-11    76.53    2.80034E-12    83.06
  -85.00   140.00      -2.08  -24.30   -2.05    0.00471     4.42  RIGHT     6.08206E-01   -93.87    4.70883E-02   -97.37
  -80.00   140.00       1.42  -18.48    1.46    0.01544     5.71  RIGHT     9.09887E-01   -88.81    9.20927E-02   -97.68
  -75.00   140.00       2.80  -15.20    2.87    0.02592     7.03  RIGHT     1.06648E+00   -85.78    1.34352E-01   -97.84
  -70.00   140.00       3.39  -12.98    3.49    0.03606     8.39  RIGHT     1.14149E+00   -83.83    1.73319E-01   -97.87
  -65.00   140.00       3.57  -11.38    3.70    0.04574     9.82  RIGHT     1.16492E+00   -82.51    2.08579E-01   -97.76
  -60.00   140.00       3.48  -10.16    3.66    0.05481    11.34  RIGHT     1.15350E+00   -81.61    2.39850E-01   -97.52
  -55.00   140.00       3.21   -9.23    3.45    0.06304    12.97  RIGHT     1.11798E+00   -81.02    2.66980E-01   -97.16
  -50.00   140.00       2.79   -8.51    3.10    0.07016    14.73  RIGHT     1.06594E+00   -80.67    2.89942E-01   -96.68
  -45.00   140.00       2.27   -7.97    2.66    0.07583    16.62  RIGHT     1.00307E+00   -80.53    3.08811E-01   -96.08
  -40.00   140.00       1.64   -7.56    2.14    0.07967    18.65  RIGHT     9.33741E-01   -80.56    3.23751E-01   -95.38
  -35.00   140.00       0.94   -7.26    1.55    0.08127    20.83  RIGHT     8.61263E-01   -80.77    3.34987E-01   -94.60
  -30.00   140.00       0.17   -7.06    0.92    0.08020    23.16  RIGHT     7.88105E-01   -81.15    3.42792E-01   -93.73
  -25.00   140.00      -0.66   -6.94    0.26    0.07608    25.62  RIGHT     7.16016E-01   -81.69    3.47462E-01   -92.80
  -20.00   140.00      -1.55   -6.90   -0.44    0.06858    28.22  RIGHT     6.46149E-01   -82.41    3.49298E-01   -91.80
  -15.00   140.00      -2.50   -6.91   -1.16    0.05744    30.94  RIGHT     5.79187E-01   -83.32    3.48596E-01   -90.77
  -10.00   140.00      -3.52   -6.99   -1.90    0.04243    33.80  RIGHT     5.15461E-01   -84.44    3.45636E-01   -89.69
   -5.00   140.00      -4.60   -7.11   -2.67    0.02335    36.81  RIGHT     4.55062E-01   -85.80    3.40669E-01   -88.59
    0.00   140.00      -5.76   -7.29   -3.45    0.00000    40.00  LINEAR    3.97947E-01   -87.47    3.33917E-01   -87.47
  -90.00   145.00    -999.99 -999.99 -999.99    0.00000     0.00            5.26754E-11    75.79    2.48723E-12    82.38
  -85.00   145.00      -1.80  -25.33   -1.78    0.00398     3.80  RIGHT     6.28426E-01   -94.61    4.18272E-02   -98.05
  -80.00   145.00       1.70  -19.50    1.74    0.01321     4.92  RIGHT     9.40269E-01   -89.55    8.18253E-02   -98.35
  -75.00   145.00       3.09  -16.22    3.14    0.02223     6.05  RIGHT     1.10236E+00   -86.53    1.19425E-01   -98.50
  -70.00   145.00       3.68  -14.00    3.75    0.03097     7.23  RIGHT     1.18032E+00   -84.57    1.54153E-01   -98.51
  -65.00   145.00       3.86  -12.39    3.96    0.03934     8.47  RIGHT     1.20514E+00   -83.25    1.85646E-01   -98.38
  -60.00   145.00       3.78  -11.17    3.92    0.04720     9.79  RIGHT     1.19410E+00   -82.36    2.13652E-01   -98.12
  -55.00   145.00       3.52  -10.23    3.70    0.05438    11.21  RIGHT     1.15828E+00   -81.76    2.38027E-01   -97.72
  -50.00   145.00       3.11   -9.50    3.34    0.06062    12.74  RIGHT     1.10551E+00   -81.41    2.58730E-01   -97.21
  -45.00   145.00       2.59   -8.95    2.89    0.06563    14.39  RIGHT     1.04165E+00   -81.26    2.75809E-01   -96.57
  -40.00   145.00       1.98   -8.53    2.35    0.06909    16.17  RIGHT     9.71168E-01   -81.29    2.89385E-01   -95.84
  -35.00   145.00       1.30   -8.23    1.76    0.07063    18.08  RIGHT     8.97470E-01   -81.48    2.99635E-01   -95.01
  -30.00   145.00       0.55   -8.02    1.11    0.06987    20.11  RIGHT     8.23072E-01   -81.83    3.06775E-01   -94.10
  -25.00   145.00      -0.26   -7.90    0.43    0.06647    22.28  RIGHT     7.49749E-01   -82.34    3.11047E-01   -93.11
  -20.00   145.00      -1.13   -7.86   -0.29    0.06011    24.56  RIGHT     6.78662E-01   -83.00    3.12702E-01   -92.07
  -15.00   145.00      -2.05   -7.88   -1.04    0.05052    26.96  RIGHT     6.10490E-01   -83.83    3.11989E-01   -90.97
  -10.00   145.00      -3.02   -7.96   -1.81    0.03747    29.49  RIGHT     5.45550E-01   -84.83    3.09149E-01   -89.84
   -5.00   145.00      -4.07   -8.09   -2.62    0.02072    32.16  RIGHT     4.83920E-01   -86.03    3.04406E-01   -88.67
    0.00   145.00      -5.18   -8.28   -3.45    0.00000    35.00  LINEAR    4.25536E-01   -87.47    2.97963E-01   -87.47
  -90.00   150.00    -999.99 -999.99 -999.99    0.00000     0.00            5.41395E-11    75.15    2.15686E-12    81.78
  -85.00   150.00      -1.56  -26.57   -1.54    0.00332     3.21  RIGHT     6.45924E-01   -95.25    3.62741E-02   -98.65
  -80.00   150.00       1.94  -20.74    1.97    0.01111     4.15  RIGHT     9.66575E-01   -90.19    7.09803E-02   -98.94
  -75.00   150.00       3.33  -17.45    3.36    0.01873     5.11  RIGHT     1.13345E+00   -87.16    1.03640E-01   -99.08
  -70.00   150.00       3.92  -15.23    3.98    0.02613     6.11  RIGHT     1.21400E+00   -85.21    1.33855E-01   -99.08
  -65.00   150.00       4.11  -13.61    4.18    0.03323     7.17  RIGHT     1.24007E+00   -83.89    1.61314E-01   -98.93
  -60.00   150.00       4.03  -12.38    4.13    0.03992     8.29  RIGHT     1.22942E+00   -82.99    1.85796E-01   -98.64
  -55.00   150.00       3.78  -11.43    3.90    0.04604     9.50  RIGHT     1.19343E+00   -82.40    2.07170E-01   -98.22
  -50.00   150.00       3.38  -10.70    3.54    0.05139    10.81  RIGHT     1.14011E+00   -82.04    2.25389E-01   -97.67
  -45.00   150.00       2.87  -10.14    3.08    0.05573    12.22  RIGHT     1.07546E+00   -81.89    2.40476E-01   -97.01
  -40.00   150.00       2.27   -9.72    2.54    0.05877    13.74  RIGHT     1.00405E+00   -81.90    2.52517E-01   -96.24
  -35.00   150.00       1.60   -9.41    1.93    0.06018    15.38  RIGHT     9.29364E-01   -82.08    2.61645E-01   -95.37
  -30.00   150.00       0.87   -9.20    1.28    0.05966    17.13  RIGHT     8.53946E-01   -82.41    2.68028E-01   -94.42
  -25.00   150.00       0.08   -9.07    0.57    0.05689    18.99  RIGHT     7.79591E-01   -82.88    2.71855E-01   -93.39
  -20.00   150.00      -0.77   -9.03   -0.16    0.05158    20.96  RIGHT     7.07464E-01   -83.50    2.73331E-01   -92.30
  -15.00   150.00      -1.66   -9.05   -0.93    0.04349    23.03  RIGHT     6.38235E-01   -84.25    2.72659E-01   -91.15
  -10.00   150.00      -2.61   -9.13   -1.74    0.03237    25.21  RIGHT     5.72211E-01   -85.16    2.70044E-01   -89.96
   -5.00   150.00      -3.62   -9.27   -2.57    0.01797    27.53  RIGHT     5.09453E-01   -86.22    2.65678E-01   -88.73
    0.00   150.00      -4.70   -9.47   -3.45    0.00000    30.00  LINEAR    4.49885E-01   -87.47    2.59742E-01   -87.47
  -90.00   155.00    -999.99 -999.99 -999.99    0.00000     0.00            5.53743E-11    74.62    1.81331E-12    81.26
  -85.00   155.00      -1.36  -28.08   -1.35    0.00272     2.64  RIGHT     6.60674E-01   -95.78    3.04983E-02   -99.17
  -80.00   155.00       2.14  -22.24    2.16    0.00913     3.42  RIGHT     9.88757E-01   -90.72    5.96928E-02   -99.45
  -75.00   155.00       3.53  -18.95    3.55    0.01540     4.21  RIGHT     1.15969E+00   -87.70    8.71935E-02   -99.58
  -70.00   155.00       4.12  -16.72    4.16    0.02150     5.03  RIGHT     1.24246E+00   -85.74    1.12673E-01   -99.56
  -65.00   155.00       4.31  -15.10    4.36    0.02737     5.91  RIGHT     1.26963E+00   -84.42    1.35875E-01   -99.40
  -60.00   155.00       4.24  -13.86    4.31    0.03290     6.84  RIGHT     1.25936E+00   -83.52    1.56612E-01   -99.09
  -55.00   155.00       3.99  -12.91    4.08    0.03798     7.84  RIGHT     1.22326E+00   -82.93    1.74770E-01   -98.65
  -50.00   155.00       3.60  -12.17    3.71    0.04244     8.93  RIGHT     1.16954E+00   -82.57    1.90297E-01   -98.07
  -45.00   155.00       3.10  -11.60    3.25    0.04608    10.10  RIGHT     1.10429E+00   -82.41    2.03202E-01   -97.38
  -40.00   155.00       2.51  -11.17    2.70    0.04865    11.37  RIGHT     1.03217E+00   -82.42    2.13541E-01   -96.58
  -35.00   155.00       1.85  -10.86    2.08    0.04990    12.74  RIGHT     9.56701E-01   -82.58    2.21410E-01   -95.68
  -30.00   155.00       1.13  -10.64    1.41    0.04955    14.20  RIGHT     8.80468E-01   -82.89    2.26934E-01   -94.69
  -25.00   155.00       0.36  -10.52    0.70    0.04734    15.75  RIGHT     8.05275E-01   -83.33    2.30258E-01   -93.63
  -20.00   155.00      -0.47  -10.47   -0.05    0.04302    17.39  RIGHT     7.32286E-01   -83.90    2.31542E-01   -92.50
  -15.00   155.00      -1.34  -10.49   -0.84    0.03636    19.13  RIGHT     6.62162E-01   -84.60    2.30950E-01   -91.31
  -10.00   155.00      -2.27  -10.58   -1.67    0.02715    20.97  RIGHT     5.95198E-01   -85.42    2.28645E-01   -90.07
   -5.00   155.00      -3.25  -10.73   -2.54    0.01513    22.91  RIGHT     5.31442E-01   -86.37    2.24791E-01   -88.79
    0.00   155.00      -4.30  -10.93   -3.45    0.00000    25.00  LINEAR    4.70812E-01   -87.47    2.19543E-01   -87.47
  -90.00   160.00    -999.99 -999.99 -999.99    0.00000     0.00            5.63783E-11    74.19    1.46002E-12    80.83
  -85.00   160.00      -1.20  -29.96   -1.20    0.00215     2.09  RIGHT     6.72678E-01   -96.21    2.45590E-02   -99.60
  -80.00   160.00       2.30  -24.12    2.31    0.00722     2.70  RIGHT     1.00682E+00   -91.15    4.80784E-02   -99.87
  -75.00   160.00       3.68  -20.83    3.70    0.01219     3.33  RIGHT     1.18106E+00   -88.13    7.02528E-02  -100.00
  -70.00   160.00       4.29  -18.60    4.31    0.01703     3.99  RIGHT     1.26566E+00   -86.17    9.08249E-02   -99.97
  -65.00   160.00       4.48  -16.97    4.51    0.02169     4.68  RIGHT     1.29376E+00   -84.85    1.09590E-01   -99.79
  -60.00   160.00       4.41  -15.73    4.45    0.02609     5.42  RIGHT     1.28384E+00   -83.96    1.26399E-01   -99.46
  -55.00   160.00       4.16  -14.77    4.22    0.03014     6.22  RIGHT     1.24771E+00   -83.36    1.41154E-01   -99.00
  -50.00   160.00       3.78  -14.02    3.85    0.03371     7.09  RIGHT     1.19370E+00   -83.00    1.53808E-01   -98.40
  -45.00   160.00       3.29  -13.45    3.38    0.03663     8.03  RIGHT     1.12801E+00   -82.83    1.64359E-01   -97.69
  -40.00   160.00       2.71  -13.01    2.82    0.03871     9.04  RIGHT     1.05535E+00   -82.83    1.72841E-01   -96.86
  -35.00   160.00       2.06  -12.69    2.20    0.03976    10.13  RIGHT     9.79290E-01   -82.99    1.79319E-01   -95.93
  -30.00   160.00       1.35  -12.47    1.52    0.03953    11.30  RIGHT     9.02429E-01   -83.28    1.83885E-01   -94.92
  -25.00   160.00       0.58  -12.34    0.80    0.03783    12.55  RIGHT     8.26579E-01   -83.69    1.86644E-01   -93.82
  -20.00   160.00      -0.23  -12.29    0.04    0.03444    13.87  RIGHT     7.52900E-01   -84.23    1.87715E-01   -92.66
  -15.00   160.00      -1.08  -12.31   -0.77    0.02917    15.27  RIGHT     6.82046E-01   -84.88    1.87224E-01   -91.44
  -10.00   160.00      -1.99  -12.40   -1.62    0.02183    16.74  RIGHT     6.14298E-01   -85.63    1.85301E-01   -90.16
   -5.00   160.00      -2.96  -12.56   -2.51    0.01220    18.31  RIGHT     5.49698E-01   -86.49    1.82075E-01   -88.84
    0.00   160.00      -3.99  -12.77   -3.45    0.00000    20.00  LINEAR    4.88154E-01   -87.47    1.77674E-01   -87.47
  -90.00   165.00    -999.99 -999.99 -999.99    0.00000     0.00            5.71551E-11    73.85    1.10004E-12    80.50
  -85.00   165.00      -1.09  -32.42   -1.08    0.00160     1.55  RIGHT     6.81962E-01   -96.55    1.85048E-02   -99.94
  -80.00   165.00       2.42  -26.58    2.42    0.00537     2.01  RIGHT     1.02079E+00   -91.49    3.62327E-02  -100.21
  -75.00   165.00       3.81  -23.28    3.81    0.00907     2.48  RIGHT     1.19761E+00   -88.46    5.29589E-02  -100.33
  -70.00   165.00       4.41  -21.05    4.42    0.01268     2.97  RIGHT     1.28364E+00   -86.51    6.84934E-02  -100.29
  -65.00   165.00       4.60  -19.41    4.62    0.01615     3.48  RIGHT     1.31248E+00   -85.19    8.26841E-02  -100.09
  -60.00   165.00       4.54  -18.17    4.56    0.01943     4.04  RIGHT     1.30285E+00   -84.29    9.54177E-02   -99.76
  -55.00   165.00       4.29  -17.20    4.32    0.02246     4.64  RIGHT     1.26672E+00   -83.69    1.06619E-01   -99.28
  -50.00   165.00       3.91  -16.45    3.95    0.02514     5.29  RIGHT     1.21252E+00   -83.33    1.16248E-01   -98.66
  -45.00   165.00       3.43  -15.87    3.48    0.02734     5.99  RIGHT     1.14652E+00   -83.16    1.24298E-01   -97.93
  -40.00   165.00       2.86  -15.43    2.92    0.02892     6.75  RIGHT     1.07348E+00   -83.16    1.30788E-01   -97.08
  -35.00   165.00       2.21  -15.11    2.29    0.02972     7.57  RIGHT     9.96990E-01   -83.30    1.35760E-01   -96.13
  -30.00   165.00       1.51  -14.88    1.61    0.02959     8.45  RIGHT     9.19666E-01   -83.58    1.39275E-01   -95.09
  -25.00   165.00       0.76  -14.75    0.88    0.02835     9.38  RIGHT     8.43325E-01   -83.97    1.41407E-01   -93.97
  -20.00   165.00      -0.04  -14.70    0.11    0.02584    10.38  RIGHT     7.69122E-01   -84.48    1.42240E-01   -92.79
  -15.00   165.00      -0.89  -14.72   -0.71    0.02192    11.43  RIGHT     6.97702E-01   -85.09    1.41865E-01   -91.54
  -10.00   165.00      -1.78  -14.81   -1.57    0.01644    12.54  RIGHT     6.29339E-01   -85.79    1.40377E-01   -90.23
   -5.00   165.00      -2.73  -14.97   -2.48    0.00921    13.73  RIGHT     5.64064E-01   -86.59    1.37873E-01   -88.87
    0.00   165.00      -3.75  -15.19   -3.45    0.00000    15.00  LINEAR    5.01782E-01   -87.47    1.34452E-01   -87.47
  -90.00   170.00    -999.99 -999.99 -999.99    0.00000     0.00            5.77068E-11    73.61    7.35562E-13    80.25
  -85.00   170.00      -1.00  -35.91   -1.00    0.00106     1.03  RIGHT     6.88560E-01   -96.78    1.23743E-02  -100.18
  -80.00   170.00       2.50  -30.07    2.50    0.00356     1.33  RIGHT     1.03072E+00   -91.73    2.42322E-02  -100.45
  -75.00   170.00       3.89  -26.77    3.89    0.00602     1.64  RIGHT     1.20938E+00   -88.70    3.54263E-02  -100.56
  -70.00   170.00       4.49  -24.54    4.50    0.00841     1.97  RIGHT     1.29643E+00   -86.74    4.58312E-02  -100.52
  -65.00   170.00       4.69  -22.90    4.70    0.01071     2.31  RIGHT     1.32581E+00   -85.43    5.53462E-02  -100.32
  -60.00   170.00       4.63  -21.65    4.64    0.01289     2.68  RIGHT     1.31640E+00   -84.53    6.38956E-02   -99.97
  -55.00   170.00       4.39  -20.68    4.40    0.01491     3.08  RIGHT     1.28029E+00   -83.93    7.14279E-02   -99.48
  -50.00   170.00       4.01  -19.93    4.03    0.01669     3.51  RIGHT     1.22598E+00   -83.57    7.79146E-02   -98.85
  -45.00   170.00       3.53  -19.34    3.55    0.01816     3.98  RIGHT     1.15978E+00   -83.39    8.33477E-02   -98.10
  -40.00   170.00       2.96  -18.90    2.99    0.01922     4.48  RIGHT     1.08648E+00   -83.38    8.77372E-02   -97.24
  -35.00   170.00       2.32  -18.57    2.36    0.01977     5.03  RIGHT     1.00970E+00   -83.52    9.11080E-02   -96.28
  -30.00   170.00       1.63  -18.34    1.67    0.01969     5.62  RIGHT     9.32060E-01   -83.79    9.34968E-02   -95.22
  -25.00   170.00       0.88  -18.21    0.94    0.01888     6.24  RIGHT     8.55380E-01   -84.17    9.49501E-02   -94.08
  -20.00   170.00       0.09  -18.16    0.15    0.01723     6.91  RIGHT     7.80810E-01   -84.66    9.55213E-02   -92.88
  -15.00   170.00      -0.75  -18.18   -0.67    0.01464     7.61  RIGHT     7.08989E-01   -85.24    9.52691E-02   -91.61
  -10.00   170.00      -1.63  -18.27   -1.54    0.01099     8.35  RIGHT     6.40181E-01   -85.91    9.42559E-02   -90.28
   -5.00   170.00      -2.58  -18.43   -2.47    0.00617     9.15  RIGHT     5.74414E-01   -86.65    9.25465E-02   -88.90
    0.00   170.00      -3.58  -18.66   -3.45    0.00000    10.00  LINEAR    5.11591E-01   -87.47    9.02073E-02   -87.47
  -90.00   175.00    -999.99 -999.99 -999.99    0.00000     0.00            5.80372E-11    73.47    3.68410E-13    80.10
  -85.00   175.00      -0.95  -41.92   -0.95    0.00053     0.51  RIGHT     6.92504E-01   -96.93    6.19785E-03  -100.33
  -80.00   175.00       2.55  -36.08    2.55    0.00178     0.66  RIGHT     1.03666E+00   -91.87    1.21381E-02  -100.60
  -75.00   175.00       3.94  -32.78    3.94    0.00300     0.82  RIGHT     1.21642E+00   -88.84    1.77476E-02  -100.71
  -70.00   175.00       4.55  -30.54    4.55    0.00419     0.98  RIGHT     1.30409E+00   -86.89    2.29643E-02  -100.66
  -65.00   175.00       4.74  -28.90    4.74    0.00534     1.15  RIGHT     1.33379E+00   -85.57    2.77380E-02  -100.45
  -60.00   175.00       4.68  -27.65    4.68    0.00643     1.34  RIGHT     1.32452E+00   -84.67    3.20307E-02  -100.09
  -55.00   175.00       4.44  -26.68    4.44    0.00743     1.53  RIGHT     1.28843E+00   -84.07    3.58164E-02   -99.60
  -50.00   175.00       4.07  -25.92    4.07    0.00833     1.75  RIGHT     1.23405E+00   -83.71    3.90801E-02   -98.96
  -45.00   175.00       3.59  -25.33    3.59    0.00906     1.98  RIGHT     1.16774E+00   -83.53    4.18170E-02   -98.21
  -40.00   175.00       3.02  -24.89    3.03    0.00959     2.24  RIGHT     1.09430E+00   -83.52    4.40311E-02   -97.34
  -35.00   175.00       2.39  -24.56    2.40    0.00987     2.51  RIGHT     1.01735E+00   -83.65    4.57337E-02   -96.36
  -30.00   175.00       1.70  -24.33    1.71    0.00984     2.80  RIGHT     9.39528E-01   -83.91    4.69422E-02   -95.30
  -25.00   175.00       0.96  -24.19    0.97    0.00944     3.12  RIGHT     8.62650E-01   -84.29    4.76789E-02   -94.15
  -20.00   175.00       0.17  -24.14    0.18    0.00862     3.45  RIGHT     7.87863E-01   -84.76    4.79695E-02   -92.93
  -15.00   175.00      -0.67  -24.16   -0.65    0.00732     3.80  RIGHT     7.15801E-01   -85.33    4.78430E-02   -91.65
  -10.00   175.00      -1.55  -24.26   -1.52    0.00550     4.17  RIGHT     6.46726E-01   -85.97    4.73301E-02   -90.31
   -5.00   175.00      -2.48  -24.42   -2.45    0.00309     4.57  RIGHT     5.80661E-01   -86.69    4.64632E-02   -88.92
    0.00   175.00      -3.48  -24.64   -3.45    0.00000     5.00  LINEAR    5.17506E-01   -87.47    4.52759E-02   -87.47
  -90.00   180.00    -999.99 -999.99 -999.99    0.00000     0.00            5.81467E-11    73.43    4.31146E-23   -99.96
  -85.00   180.00      -0.94 -999.99   -0.94    0.00000     0.00  LINEAR    6.93816E-01   -96.97    7.25315E-13    79.62
  -80.00   180.00       2.57 -999.99    2.57    0.00000     0.00  LINEAR    1.03864E+00   -91.92    1.42052E-12    79.35
  -75.00   180.00       3.96 -999.99    3.96    0.00000     0.00  LINEAR    1.21876E+00   -88.89    2.07710E-12    79.25
  -70.00   180.00       4.56 -999.99    4.56    0.00000     0.00  LINEAR    1.30664E+00   -86.93    2.68780E-12    79.30
  -65.00   180.00       4.76 -999.99    4.76    0.00000     0.00  LINEAR    1.33644E+00   -85.61    3.24676E-12    79.51
  -60.00   180.00       4.70 -999.99    4.70    0.00000     0.00  LINEAR    1.32723E+00   -84.72    3.74955E-12    79.86
  -55.00   180.00       4.46 -999.99    4.46    0.00000     0.00  LINEAR    1.29114E+00   -84.12    4.19309E-12    80.36
  -50.00   180.00       4.08 -999.99    4.08    0.00000     0.00  LINEAR    1.23674E+00   -83.75    4.57562E-12    81.00
  -45.00   180.00       3.61 -999.99    3.61    0.00000     0.00  LINEAR    1.17039E+00   -83.58    4.89653E-12    81.76
  -40.00   180.00       3.04 -999.99    3.04    0.00000     0.00  LINEAR    1.09690E+00   -83.57    5.15626E-12    82.63
  -35.00   180.00       2.41 -999.99    2.41    0.00000     0.00  LINEAR    1.01990E+00   -83.70    5.35608E-12    83.61
  -30.00   180.00       1.72 -999.99    1.72    0.00000     0.00  LINEAR    9.42023E-01   -83.96    5.49799E-12    84.68
  -25.00   180.00       0.98 -999.99    0.98    0.00000     0.00  LINEAR    8.65079E-01   -84.33    5.58454E-12    85.83
  -20.00   180.00       0.19 -999.99    0.19    0.00000     0.00  LINEAR    7.90221E-01   -84.80    5.61874E-12    87.05
  -15.00   180.00      -0.64 -999.99   -0.64    0.00000     0.00  LINEAR    7.18079E-01   -85.36    5.60393E-12    88.34
  -10.00   180.00      -1.52 -999.99   -1.52    0.00000     0.00  LINEAR    6.48915E-01   -86.00    5.54369E-12    89.68
   -5.00   180.00      -2.45 -999.99   -2.45    0.00000     0.00  LINEAR    5.82749E-01   -86.70    5.44183E-12    91.08
    0.00   180.00      -3.45 -999.99   -3.45    0.00000     0.00  LINEAR    5.19483E-01   -87.47    5.30227E-12    92.53
  -90.00   185.00    -999.99 -999.99 -999.99    0.00000     0.00            5.80373E-11    73.47    3.68424E-13   -99.91
  -85.00   185.00      -0.95  -41.92   -0.95    0.00053    -0.51  LEFT      6.92504E-01   -96.93    6.19785E-03    79.67
  -80.00   185.00       2.55  -36.08    2.55    0.00178    -0.66  LEFT      1.03666E+00   -91.87    1.21381E-02    79.40
  -75.00   185.00       3.94  -32.78    3.94    0.00300    -0.82  LEFT      1.21642E+00   -88.84    1.77476E-02    79.29
  -70.00   185.00       4.55  -30.54    4.55    0.00419    -0.98  LEFT      1.30409E+00   -86.89    2.29643E-02    79.34
  -65.00   185.00       4.74  -28.90    4.74    0.00534    -1.15  LEFT      1.33379E+00   -85.57    2.77380E-02    79.55
  -60.00   185.00       4.68  -27.65    4.68    0.00643    -1.34  LEFT      1.32452E+00   -84.67    3.20307E-02    79.91
  -55.00   185.00       4.44  -26.68    4.44    0.00743    -1.53  LEFT      1.28843E+00   -84.07    3.58164E-02    80.40
  -50.00   185.00       4.07  -25.92    4.07    0.00833    -1.75  LEFT      1.23405E+00   -83.71    3.90801E-02    81.04
  -45.00   185.00       3.59  -25.33    3.59    0.00906    -1.98  LEFT      1.16774E+00   -83.53    4.18170E-02    81.79
  -40.00   185.00       3.02  -24.89    3.03    0.00959    -2.24  LEFT      1.09430E+00   -83.52    4.40311E-02    82.66
  -35.00   185.00       2.39  -24.56    2.40    0.00987    -2.51  LEFT      1.01735E+00   -83.65    4.57337E-02    83.64
  -30.00   185.00       1.70  -24.33    1.71    0.00984    -2.80  LEFT      9.39528E-01   -83.91    4.69422E-02    84.70
  -25.00   185.00       0.96  -24.19    0.97    0.00944    -3.12  LEFT      8.62650E-01   -84.29    4.76789E-02    85.85
  -20.00   185.00       0.17  -24.14    0.18    0.00862    -3.45  LEFT      7.87863E-01   -84.76    4.79695E-02    87.07
  -15.00   185.00      -0.67  -24.16   -0.65    0.00732    -3.80  LEFT      7.15801E-01   -85.33    4.78430E-02    88.35
  -10.00   185.00      -1.55  -24.26   -1.52    0.00550    -4.17  LEFT      6.46726E-01   -85.97    4.73301E-02    89.69
   -5.00   185.00      -2.48  -24.42   -2.45    0.00309    -4.57  LEFT      5.80661E-01   -86.69    4.64632E-02    91.08
    0.00   185.00      -3.48  -24.64   -3.45    0.00000    -5.00  LINEAR    5.17506E-01   -87.47    4.52759E-02    92.53
  -90.00   190.00    -999.99 -999.99 -999.99    0.00000     0.00            5.77069E-11    73.61    7.35570E-13   -99.75
  -85.00   190.00      -1.00  -35.91   -1.00    0.00106    -1.03  LEFT      6.88560E-01   -96.78    1.23743E-02    79.82
  -80.00   190.00       2.50  -30.07    2.50    0.00356    -1.33  LEFT      1.03072E+00   -91.73    2.42322E-02    79.55
  -75.00   190.00       3.89  -26.77    3.89    0.00602    -1.64  LEFT      1.20938E+00   -88.70    3.54263E-02    79.44
  -70.00   190.00       4.49  -24.54    4.50    0.00841    -1.97  LEFT      1.29643E+00   -86.74    4.58312E-02    79.48
  -65.00   190.00       4.69  -22.90    4.70    0.01071    -2.31  LEFT      1.32581E+00   -85.43    5.53462E-02    79.68
  -60.00   190.00       4.63  -21.65    4.64    0.01289    -2.68  LEFT      1.31640E+00   -84.53    6.38956E-02    80.03
  -55.00   190.00       4.39  -20.68    4.40    0.01491    -3.08  LEFT      1.28029E+00   -83.93    7.14279E-02    80.52
  -50.00   190.00       4.01  -19.93    4.03    0.01669    -3.51  LEFT      1.22598E+00   -83.57    7.79146E-02    81.15
  -45.00   190.00       3.53  -19.34    3.55    0.01816    -3.98  LEFT      1.15978E+00   -83.39    8.33477E-02    81.90
  -40.00   190.00       2.96  -18.90    2.99    0.01922    -4.48  LEFT      1.08648E+00   -83.38    8.77372E-02    82.76
  -35.00   190.00       2.32  -18.57    2.36    0.01977    -5.03  LEFT      1.00970E+00   -83.52    9.11080E-02    83.72
  -30.00   190.00       1.63  -18.34    1.67    0.01969    -5.62  LEFT      9.32060E-01   -83.79    9.34968E-02    84.78
  -25.00   190.00       0.88  -18.21    0.94    0.01888    -6.24  LEFT      8.55380E-01   -84.17    9.49501E-02    85.92
  -20.00   190.00       0.09  -18.16    0.15    0.01723    -6.91  LEFT      7.80810E-01   -84.66    9.55213E-02    87.12
  -15.00   190.00      -0.75  -18.18   -0.67    0.01464    -7.61  LEFT      7.08989E-01   -85.24    9.52691E-02    88.39
  -10.00   190.00      -1.63  -18.27   -1.54    0.01099    -8.35  LEFT      6.40181E-01   -85.91    9.42559E-02    89.72
   -5.00   190.00      -2.58  -18.43   -2.47    0.00617    -9.15  LEFT      5.74414E-01   -86.65    9.25465E-02    91.10
    0.00   190.00      -3.58  -18.66   -3.45    0.00000   -10.00  LINEAR    5.11591E-01   -87.47    9.02073E-02    92.53
  -90.00   195.00    -999.99 -999.99 -999.99    0.00000     0.00            5.71552E-11    73.85    1.10004E-12   -99.51
  -85.00   195.00      -1.09  -32.42   -1.08    0.00160    -1.55  LEFT      6.81962E-01   -96.55    1.85048E-02    80.06
  -80.00   195.00       2.42  -26.58    2.42    0.00537    -2.01  LEFT      1.02079E+00   -91.49    3.62327E-02    79.79
  -75.00   195.00       3.81  -23.28    3.81    0.00907    -2.48  LEFT      1.19761E+00   -88.46    5.29589E-02    79.67
  -70.00   195.00       4.41  -21.05    4.42    0.01268    -2.97  LEFT      1.28364E+00   -86.51    6.84934E-02    79.71
  -65.00   195.00       4.60  -19.41    4.62    0.01615    -3.48  LEFT      1.31248E+00   -85.19    8.26841E-02    79.91
  -60.00   195.00       4.54  -18.17    4.56    0.01943    -4.04  LEFT      1.30285E+00   -84.29    9.54177E-02    80.24
  -55.00   195.00       4.29  -17.20    4.32    0.02246    -4.64  LEFT      1.26672E+00   -83.69    1.06619E-01    80.72
  -50.00   195.00       3.91  -16.45    3.95    0.02514    -5.29  LEFT      1.21252E+00   -83.33    1.16248E-01    81.34
  -45.00   195.00       3.43  -15.87    3.48    0.02734    -5.99  LEFT      1.14652E+00   -83.16    1.24298E-01    82.07
  -40.00   195.00       2.86  -15.43    2.92    0.02892    -6.75  LEFT      1.07348E+00   -83.16    1.30788E-01    82.92
  -35.00   195.00       2.21  -15.11    2.29    0.02972    -7.57  LEFT      9.96990E-01   -83.30    1.35760E-01    83.87
  -30.00   195.00       1.51  -14.88    1.61    0.02959    -8.45  LEFT      9.19666E-01   -83.58    1.39275E-01    84.91
  -25.00   195.00       0.76  -14.75    0.88    0.02835    -9.38  LEFT      8.43325E-01   -83.97    1.41407E-01    86.03
  -20.00   195.00      -0.04  -14.70    0.11    0.02584   -10.38  LEFT      7.69122E-01   -84.48    1.42240E-01    87.21
  -15.00   195.00      -0.89  -14.72   -0.71    0.02192   -11.43  LEFT      6.97702E-01   -85.09    1.41865E-01    88.46
  -10.00   195.00      -1.78  -14.81   -1.57    0.01644   -12.54  LEFT      6.29339E-01   -85.79    1.40377E-01    89.77
   -5.00   195.00      -2.73  -14.97   -2.48    0.00921   -13.73  LEFT      5.64064E-01   -86.59    1.37873E-01    91.13
    0.00   195.00      -3.75  -15.19   -3.45    0.00000   -15.00  LINEAR    5.01782E-01   -87.47    1.34452E-01    92.53
  -90.00   200.00    -999.99 -999.99 -999.99    0.00000     0.00            5.63785E-11    74.19    1.46006E-12   -99.17
  -85.00   200.00      -1.20  -29.96   -1.20    0.00215    -2.09  LEFT      6.72678E-01   -96.21    2.45590E-02    80.40
  -80.00   200.00       2.30  -24.12    2.31    0.00722    -2.70  LEFT      1.00682E+00   -91.15    4.80784E-02    80.13
  -75.00   200.00       3.68  -20.83    3.70    0.01219    -3.33  LEFT      1.18106E+00   -88.13    7.02528E-02    80.00
  -70.00   200.00       4.29  -18.60    4.31    0.01703    -3.99  LEFT      1.26566E+00   -86.17    9.08249E-02    80.03
  -65.00   200.00       4.48  -16.97    4.51    0.02169    -4.68  LEFT      1.29376E+00   -84.85    1.09590E-01    80.21
  -60.00   200.00       4.41  -15.73    4.45    0.02609    -5.42  LEFT      1.28384E+00   -83.96    1.26399E-01    80.54
  -55.00   200.00       4.16  -14.77    4.22    0.03014    -6.22  LEFT      1.24771E+00   -83.36    1.41154E-01    81.00
  -50.00   200.00       3.78  -14.02    3.85    0.03371    -7.09  LEFT      1.19370E+00   -83.00    1.53808E-01    81.60
  -45.00   200.00       3.29  -13.45    3.38    0.03663    -8.03  LEFT      1.12801E+00   -82.83    1.64359E-01    82.31
  -40.00   200.00       2.71  -13.01    2.82    0.03871    -9.04  LEFT      1.05535E+00   -82.83    1.72841E-01    83.14
  -35.00   200.00       2.06  -12.69    2.20    0.03976   -10.13  LEFT      9.79290E-01   -82.99    1.79319E-01    84.07
  -30.00   200.00       1.35  -12.47    1.52    0.03953   -11.30  LEFT      9.02429E-01   -83.28    1.83885E-01    85.08
  -25.00   200.00       0.58  -12.34    0.80    0.03783   -12.55  LEFT      8.26579E-01   -83.69    1.86644E-01    86.18
  -20.00   200.00      -0.23  -12.29    0.04    0.03444   -13.87  LEFT      7.52900E-01   -84.23    1.87715E-01    87.34
  -15.00   200.00      -1.08  -12.31   -0.77    0.02917   -15.27  LEFT      6.82046E-01   -84.88    1.87224E-01    88.56
  -10.00   200.00      -1.99  -12.40   -1.62    0.02183   -16.74  LEFT      6.14298E-01   -85.63    1.85301E-01    89.84
   -5.00   200.00      -2.96  -12.56   -2.51    0.01220   -18.31  LEFT      5.49698E-01   -86.49    1.82075E-01    91.16
    0.00   200.00      -3.99  -12.77   -3.45    0.00000   -20.00  LINEAR    4.88154E-01   -87.47    1.77674E-01    92.53
  -90.00   205.00    -999.99 -999.99 -999.99    0.00000     0.00            5.53742E-11    74.62    1.81328E-12   -98.74
  -85.00   205.00      -1.36  -28.08   -1.35    0.00272    -2.64  LEFT      6.60674E-01   -95.78    3.04983E-02    80.83
  -80.00   205.00       2.14  -22.24    2.16    0.00913    -3.42  LEFT      9.88757E-01   -90.72    5.96928E-02    80.55
  -75.00   205.00       3.53  -18.95    3.55    0.01540    -4.21  LEFT      1.15969E+00   -87.70    8.71935E-02    80.42
  -70.00   205.00       4.12  -16.72    4.16    0.02150    -5.03  LEFT      1.24246E+00   -85.74    1.12673E-01    80.44
  -65.00   205.00       4.31  -15.10    4.36    0.02737    -5.91  LEFT      1.26963E+00   -84.42    1.35875E-01    80.60
  -60.00   205.00       4.24  -13.86    4.31    0.03290    -6.84  LEFT      1.25936E+00   -83.52    1.56612E-01    80.91
  -55.00   205.00       3.99  -12.91    4.08    0.03798    -7.84  LEFT      1.22326E+00   -82.93    1.74770E-01    81.35
  -50.00   205.00       3.60  -12.17    3.71    0.04244    -8.93  LEFT      1.16954E+00   -82.57    1.90297E-01    81.93
  -45.00   205.00       3.10  -11.60    3.25    0.04608   -10.10  LEFT      1.10429E+00   -82.41    2.03202E-01    82.62
  -40.00   205.00       2.51  -11.17    2.70    0.04865   -11.37  LEFT      1.03217E+00   -82.42    2.13541E-01    83.42
  -35.00   205.00       1.85  -10.86    2.08    0.04990   -12.74  LEFT      9.56701E-01   -82.58    2.21410E-01    84.32
  -30.00   205.00       1.13  -10.64    1.41    0.04955   -14.20  LEFT      8.80468E-01   -82.89    2.26934E-01    85.31
  -25.00   205.00       0.36  -10.52    0.70    0.04734   -15.75  LEFT      8.05275E-01   -83.33    2.30258E-01    86.37
  -20.00   205.00      -0.47  -10.47   -0.05    0.04302   -17.39  LEFT      7.32286E-01   -83.90    2.31542E-01    87.50
  -15.00   205.00      -1.34  -10.49   -0.84    0.03636   -19.13  LEFT      6.62162E-01   -84.60    2.30950E-01    88.69
  -10.00   205.00      -2.27  -10.58   -1.67    0.02715   -20.97  LEFT      5.95198E-01   -85.42    2.28645E-01    89.93
   -5.00   205.00      -3.25  -10.73   -2.54    0.01513   -22.91  LEFT      5.31442E-01   -86.37    2.24791E-01    91.21
    0.00   205.00      -4.30  -10.93   -3.45    0.00000   -25.00  LINEAR    4.70812E-01   -87.47    2.19543E-01    92.53
  -90.00   210.00    -999.99 -999.99 -999.99    0.00000     0.00            5.41399E-11    75.15    2.15687E-12   -98.22
  -85.00   210.00      -1.56  -26.57   -1.54    0.00332    -3.21  LEFT      6.45924E-01   -95.25    3.62741E-02    81.35
  -80.00   210.00       1.94  -20.74    1.97    0.01111    -4.15  LEFT      9.66575E-01   -90.19    7.09803E-02    81.06
  -75.00   210.00       3.33  -17.45    3.36    0.01873    -5.11  LEFT      1.13345E+00   -87.16    1.03640E-01    80.92
  -70.00   210.00       3.92  -15.23    3.98    0.02613    -6.11  LEFT      1.21400E+00   -85.21    1.33855E-01    80.92
  -65.00   210.00       4.11  -13.61    4.18    0.03323    -7.17  LEFT      1.24007E+00   -83.89    1.61314E-01    81.07
  -60.00   210.00       4.03  -12.38    4.13    0.03992    -8.29  LEFT      1.22942E+00   -82.99    1.85796E-01    81.36
  -55.00   210.00       3.78  -11.43    3.90    0.04604    -9.50  LEFT      1.19343E+00   -82.40    2.07170E-01    81.78
  -50.00   210.00       3.38  -10.70    3.54    0.05139   -10.81  LEFT      1.14011E+00   -82.04    2.25389E-01    82.33
  -45.00   210.00       2.87  -10.14    3.08    0.05573   -12.22  LEFT      1.07546E+00   -81.89    2.40476E-01    82.99
  -40.00   210.00       2.27   -9.72    2.54    0.05877   -13.74  LEFT      1.00405E+00   -81.90    2.52517E-01    83.76
  -35.00   210.00       1.60   -9.41    1.93    0.06018   -15.38  LEFT      9.29364E-01   -82.08    2.61645E-01    84.63
  -30.00   210.00       0.87   -9.20    1.28    0.05966   -17.13  LEFT      8.53946E-01   -82.41    2.68028E-01    85.58
  -25.00   210.00       0.08   -9.07    0.57    0.05689   -18.99  LEFT      7.79591E-01   -82.88    2.71855E-01    86.61
  -20.00   210.00      -0.77   -9.03   -0.16    0.05158   -20.96  LEFT      7.07464E-01   -83.50    2.73331E-01    87.70
  -15.00   210.00      -1.66   -9.05   -0.93    0.04349   -23.03  LEFT      6.38235E-01   -84.25    2.72659E-01    88.85
  -10.00   210.00      -2.61   -9.13   -1.74    0.03237   -25.21  LEFT      5.72211E-01   -85.16    2.70044E-01    90.04
   -5.00   210.00      -3.62   -9.27   -2.57    0.01797   -27.53  LEFT      5.09453E-01   -86.22    2.65678E-01    91.27
    0.00   210.00      -4.70   -9.47   -3.45    0.00000   -30.00  LINEAR    4.49885E-01   -87.47    2.59742E-01    92.53
  -90.00   215.00    -999.99 -999.99 -999.99    0.00000     0.00            5.26757E-11    75.79    2.48725E-12   -97.62
  -85.00   215.00      -1.80  -25.33   -1.78    0.00398    -3.80  LEFT      6.28426E-01   -94.61    4.18272E-02    81.95
  -80.00   215.00       1.70  -19.50    1.74    0.01321    -4.92  LEFT      9.40269E-01   -89.55    8.18253E-02    81.65
  -75.00   215.00       3.09  -16.22    3.14    0.02223    -6.05  LEFT      1.10236E+00   -86.53    1.19425E-01    81.50
  -70.00   215.00       3.68  -14.00    3.75    0.03097    -7.23  LEFT      1.18032E+00   -84.57    1.54153E-01    81.49
  -65.00   215.00       3.86  -12.39    3.96    0.03934    -8.47  LEFT      1.20514E+00   -83.25    1.85646E-01    81.62
  -60.00   215.00       3.78  -11.17    3.92    0.04720    -9.79  LEFT      1.19410E+00   -82.36    2.13652E-01    81.88
  -55.00   215.00       3.52  -10.23    3.70    0.05438   -11.21  LEFT      1.15828E+00   -81.76    2.38027E-01    82.28
  -50.00   215.00       3.11   -9.50    3.34    0.06062   -12.74  LEFT      1.10551E+00   -81.41    2.58730E-01    82.79
  -45.00   215.00       2.59   -8.95    2.89    0.06563   -14.39  LEFT      1.04165E+00   -81.26    2.75809E-01    83.43
  -40.00   215.00       1.98   -8.53    2.35    0.06909   -16.17  LEFT      9.71168E-01   -81.29    2.89385E-01    84.16
  -35.00   215.00       1.30   -8.23    1.76    0.07063   -18.08  LEFT      8.97470E-01   -81.48    2.99635E-01    84.99
  -30.00   215.00       0.55   -8.02    1.11    0.06987   -20.11  LEFT      8.23072E-01   -81.83    3.06775E-01    85.90
  -25.00   215.00      -0.26   -7.90    0.43    0.06647   -22.28  LEFT      7.49749E-01   -82.34    3.11047E-01    86.89
  -20.00   215.00      -1.13   -7.86   -0.29    0.06011   -24.56  LEFT      6.78662E-01   -83.00    3.12702E-01    87.93
  -15.00   215.00      -2.05   -7.88   -1.04    0.05052   -26.96  LEFT      6.10490E-01   -83.83    3.11989E-01    89.03
  -10.00   215.00      -3.02   -7.96   -1.81    0.03747   -29.49  LEFT      5.45550E-01   -84.83    3.09149E-01    90.16
   -5.00   215.00      -4.07   -8.09   -2.62    0.02072   -32.16  LEFT      4.83920E-01   -86.03    3.04406E-01    91.33
    0.00   215.00      -5.18   -8.28   -3.45    0.00000   -35.00  LINEAR    4.25536E-01   -87.47    2.97963E-01    92.53
  -90.00   220.00    -999.99 -999.99 -999.99    0.00000     0.00            5.09831E-11    76.53    2.80036E-12   -96.94
  -85.00   220.00      -2.08  -24.30   -2.05    0.00471    -4.42  LEFT      6.08206E-01   -93.87    4.70883E-02    82.63
  -80.00   220.00       1.42  -18.48    1.46    0.01544    -5.71  LEFT      9.09887E-01   -88.81    9.20927E-02    82.32
  -75.00   220.00       2.80  -15.20    2.87    0.02592    -7.03  LEFT      1.06648E+00   -85.78    1.34352E-01    82.16
  -70.00   220.00       3.39  -12.98    3.49    0.03606    -8.39  LEFT      1.14149E+00   -83.83    1.73319E-01    82.13
  -65.00   220.00       3.57  -11.38    3.70    0.04574    -9.82  LEFT      1.16492E+00   -82.51    2.08579E-01    82.24
  -60.00   220.00       3.48  -10.16    3.66    0.05481   -11.34  LEFT      1.15350E+00   -81.61    2.39850E-01    82.48
  -55.00   220.00       3.21   -9.23    3.45    0.06304   -12.97  LEFT      1.11798E+00   -81.02    2.66980E-01    82.84
  -50.00   220.00       2.79   -8.51    3.10    0.07016   -14.73  LEFT      1.06594E+00   -80.67    2.89942E-01    83.32
  -45.00   220.00       2.27   -7.97    2.66    0.07583   -16.62  LEFT      1.00307E+00   -80.53    3.08811E-01    83.92
  -40.00   220.00       1.64   -7.56    2.14    0.07967   -18.65  LEFT      9.33741E-01   -80.56    3.23751E-01    84.62
  -35.00   220.00       0.94   -7.26    1.55    0.08127   -20.83  LEFT      8.61263E-01   -80.77    3.34987E-01    85.40
  -30.00   220.00       0.17   -7.06    0.92    0.08020   -23.16  LEFT      7.88105E-01   -81.15    3.42792E-01    86.27
  -25.00   220.00      -0.66   -6.94    0.26    0.07608   -25.62  LEFT      7.16016E-01   -81.69    3.47462E-01    87.20
  -20.00   220.00      -1.55   -6.90   -0.44    0.06858   -28.22  LEFT      6.46149E-01   -82.41    3.49298E-01    88.20
  -15.00   220.00      -2.50   -6.91   -1.16    0.05744   -30.94  LEFT      5.79187E-01   -83.32    3.48596E-01    89.23
  -10.00   220.00      -3.52   -6.99   -1.90    0.04243   -33.80  LEFT      5.15461E-01   -84.44    3.45636E-01    90.31
   -5.00   220.00      -4.60   -7.11   -2.67    0.02335   -36.81  LEFT      4.55062E-01   -85.80    3.40669E-01    91.41
    0.00   220.00      -5.76   -7.29   -3.45    0.00000   -40.00  LINEAR    3.97947E-01   -87.47    3.33917E-01    92.53
  -90.00   225.00    -999.99 -999.99 -999.99    0.00000     0.00            4.90684E-11    77.38    3.09150E-12   -96.18
  -85.00   225.00      -2.41  -23.44   -2.38    0.00554    -5.06  LEFT      5.85340E-01   -93.02    5.19790E-02    83.38
  -80.00   225.00       1.08  -17.62    1.14    0.01787    -6.54  LEFT      8.75545E-01   -87.96    1.01631E-01    83.07
  -75.00   225.00       2.46  -14.34    2.55    0.02988    -8.04  LEFT      1.02595E+00   -84.93    1.48203E-01    82.89
  -70.00   225.00       3.05  -12.14    3.18    0.04147    -9.60  LEFT      1.09769E+00   -82.98    1.91079E-01    82.84
  -65.00   225.00       3.22  -10.53    3.40    0.05250   -11.22  LEFT      1.11961E+00   -81.66    2.29792E-01    82.93
  -60.00   225.00       3.13   -9.33    3.37    0.06280   -12.95  LEFT      1.10785E+00   -80.76    2.64034E-01    83.14
  -55.00   225.00       2.85   -8.40    3.16    0.07210   -14.80  LEFT      1.07275E+00   -80.17    2.93651E-01    83.47
  -50.00   225.00       2.43   -7.70    2.83    0.08009   -16.78  LEFT      1.02164E+00   -79.82    3.18631E-01    83.92
  -45.00   225.00       1.88   -7.15    2.40    0.08638   -18.91  LEFT      9.60000E-01   -79.68    3.39084E-01    84.47
  -40.00   225.00       1.25   -6.75    1.89    0.09055   -21.21  LEFT      8.92062E-01   -79.73    3.55219E-01    85.13
  -35.00   225.00       0.53   -6.46    1.32    0.09212   -23.66  LEFT      8.21048E-01   -79.95    3.67318E-01    85.86
  -30.00   225.00      -0.27   -6.26    0.71    0.09065   -26.27  LEFT      7.49360E-01   -80.35    3.75709E-01    86.68
  -25.00   225.00      -1.13   -6.15    0.06    0.08572   -29.03  LEFT      6.78710E-01   -80.94    3.80746E-01    87.56
  -20.00   225.00      -2.05   -6.10   -0.61    0.07700   -31.93  LEFT      6.10238E-01   -81.72    3.82784E-01    88.49
  -15.00   225.00      -3.04   -6.12   -1.30    0.06422   -34.97  LEFT      5.44627E-01   -82.72    3.82165E-01    89.46
  -10.00   225.00      -4.10   -6.18   -2.01    0.04722   -38.15  LEFT      4.82219E-01   -83.97    3.79204E-01    90.47
   -5.00   225.00      -5.23   -6.30   -2.72    0.02585   -41.48  LEFT      4.23126E-01   -85.53    3.74180E-01    91.49
    0.00   225.00      -6.46   -6.46   -3.45    0.00000   -45.00  LINEAR    3.67330E-01   -87.47    3.67330E-01    92.53
  -90.00   230.00    -999.99 -999.99 -999.99    0.00000     0.00            4.69435E-11    78.34    3.35560E-12   -95.36
  -85.00   230.00      -2.80  -22.73   -2.75    0.00651    -5.74  LEFT      5.59959E-01   -92.06    5.64149E-02    84.20
  -80.00   230.00       0.70  -16.91    0.77    0.02053    -7.41  LEFT      8.37443E-01   -87.00    1.10277E-01    83.88
  -75.00   230.00       2.07  -13.64    2.19    0.03415    -9.10  LEFT      9.81030E-01   -83.97    1.60747E-01    83.69
  -70.00   230.00       2.66  -11.44    2.82    0.04725   -10.85  LEFT      1.04918E+00   -82.01    2.07141E-01    83.62
  -65.00   230.00       2.82   -9.84    3.05    0.05969   -12.68  LEFT      1.06952E+00   -80.69    2.48946E-01    83.68
  -60.00   230.00       2.72   -8.64    3.03    0.07124   -14.62  LEFT      1.05747E+00   -79.79    2.85832E-01    83.86
  -55.00   230.00       2.44   -7.72    2.84    0.08162   -16.68  LEFT      1.02294E+00   -79.20    3.17647E-01    84.16
  -50.00   230.00       2.00   -7.02    2.51    0.09046   -18.90  LEFT      9.72955E-01   -78.86    3.44398E-01    84.57
  -45.00   230.00       1.45   -6.49    2.09    0.09733   -21.28  LEFT      9.12788E-01   -78.72    3.66231E-01    85.08
  -40.00   230.00       0.79   -6.09    1.60    0.10175   -23.84  LEFT      8.46498E-01   -78.77    3.83406E-01    85.69
  -35.00   230.00       0.05   -5.80    1.05    0.10321   -26.56  LEFT      7.77196E-01   -79.01    3.96258E-01    86.37
  -30.00   230.00      -0.77   -5.61    0.46    0.10123   -29.46  LEFT      7.07207E-01   -79.43    4.05178E-01    87.13
  -25.00   230.00      -1.66   -5.49   -0.16    0.09538   -32.51  LEFT      6.38197E-01   -80.06    4.10574E-01    87.95
  -20.00   230.00      -2.62   -5.44   -0.80    0.08532   -35.72  LEFT      5.71283E-01   -80.91    4.12856E-01    88.81
  -15.00   230.00      -3.66   -5.45   -1.45    0.07084   -39.06  LEFT      5.07144E-01   -82.00    4.12408E-01    89.72
  -10.00   230.00      -4.77   -5.51   -2.12    0.05181   -42.54  LEFT      4.46134E-01   -83.40    4.09582E-01    90.64
   -5.00   230.00      -5.98   -5.62   -2.78    0.02820   -46.18  LEFT      3.88385E-01   -85.18    4.04679E-01    91.58
    0.00   230.00      -7.29   -5.76   -3.45    0.00000   -50.00  LINEAR    3.33917E-01   -87.47    3.97947E-01    92.53
  -90.00   235.00    -999.99 -999.99 -999.99    0.00000     0.00            4.46239E-11    79.42    3.58753E-12   -94.46
  -85.00   235.00      -3.24  -22.15   -3.18    0.00767    -6.45  LEFT      5.32259E-01   -90.98    6.03096E-02    85.09
  -80.00   235.00       0.26  -16.33    0.35    0.02348    -8.32  LEFT      7.95880E-01   -85.92    1.17864E-01    84.76
  -75.00   235.00       1.63  -13.06    1.77    0.03880   -10.21  LEFT      9.32061E-01   -82.89    1.71746E-01    84.56
  -70.00   235.00       2.21  -10.86    2.42    0.05349   -12.16  LEFT      9.96369E-01   -80.93    2.21209E-01    84.47
  -65.00   235.00       2.37   -9.27    2.66    0.06738   -14.20  LEFT      1.01505E+00   -79.61    2.65702E-01    84.50
  -60.00   235.00       2.26   -8.08    2.65    0.08022   -16.35  LEFT      1.00278E+00   -78.71    3.04877E-01    84.65
  -55.00   235.00       1.97   -7.17    2.47    0.09166   -18.64  LEFT      9.68979E-01   -78.11    3.38584E-01    84.91
  -50.00   235.00       1.52   -6.47    2.16    0.10133   -21.10  LEFT      9.20336E-01   -77.77    3.66854E-01    85.28
  -45.00   235.00       0.95   -5.94    1.76    0.10872   -23.73  LEFT      8.61882E-01   -77.63    3.89873E-01    85.74
  -40.00   235.00       0.27   -5.55    1.28    0.11331   -26.55  LEFT      7.97492E-01   -77.68    4.07946E-01    86.30
  -35.00   235.00      -0.49   -5.27    0.76    0.11456   -29.55  LEFT      7.30145E-01   -77.93    4.21467E-01    86.93
  -30.00   235.00      -1.34   -5.07    0.19    0.11195   -32.73  LEFT      6.62075E-01   -78.38    4.30881E-01    87.62
  -25.00   235.00      -2.27   -4.96   -0.40    0.10504   -36.08  LEFT      5.94890E-01   -79.04    4.36654E-01    88.38
  -20.00   235.00      -3.28   -4.91   -1.01    0.09354   -39.57  LEFT      5.29677E-01   -79.95    4.39243E-01    89.17
  -15.00   235.00      -4.37   -4.91   -1.62    0.07726   -43.21  LEFT      4.67106E-01   -81.16    4.39076E-01    89.99
  -10.00   235.00      -5.56   -4.96   -2.24    0.05619   -46.98  LEFT      4.07540E-01   -82.72    4.36533E-01    90.83
   -5.00   235.00      -6.85   -5.05   -2.85    0.03038   -50.90  LEFT      3.51136E-01   -84.76    4.31934E-01    91.68
    0.00   235.00      -8.28   -5.18   -3.45    0.00000   -55.00  LINEAR    2.97963E-01   -87.47    4.25536E-01    92.53
  -90.00   240.00    -999.99 -999.99 -999.99    0.00000     0.00            4.21318E-11    80.62    3.78222E-12   -93.50
  -85.00   240.00      -3.74  -21.69   -3.67    0.00906    -7.19  LEFT      5.02506E-01   -89.78    6.35787E-02    86.05
  -80.00   240.00      -0.25  -15.88   -0.13    0.02678    -9.27  LEFT      7.51255E-01   -84.72    1.24231E-01    85.71
  -75.00   240.00       1.12  -12.61    1.30    0.04390   -11.37  LEFT      8.79523E-01   -81.69    1.80970E-01    85.49
  -70.00   240.00       1.70  -10.41    1.96    0.06026   -13.52  LEFT      9.39761E-01   -79.72    2.33000E-01    85.38
  -65.00   240.00       1.86   -8.83    2.21    0.07565   -15.77  LEFT      9.56745E-01   -78.40    2.79735E-01    85.39
  -60.00   240.00       1.74   -7.64    2.22    0.08979   -18.15  LEFT      9.44330E-01   -77.49    3.20817E-01    85.50
  -55.00   240.00       1.43   -6.73    2.05    0.10231   -20.68  LEFT      9.11418E-01   -76.90    3.56101E-01    85.72
  -50.00   240.00       0.97   -6.04    1.76    0.11276   -23.38  LEFT      8.64327E-01   -76.54    3.85643E-01    86.05
  -45.00   240.00       0.39   -5.51    1.38    0.12060   -26.27  LEFT      8.07817E-01   -76.40    4.09662E-01    86.46
  -40.00   240.00      -0.31   -5.12    0.93    0.12527   -29.35  LEFT      7.45564E-01   -76.46    4.28514E-01    86.96
  -35.00   240.00      -1.11   -4.84    0.43    0.12617   -32.63  LEFT      6.80397E-01   -76.71    4.42642E-01    87.53
  -30.00   240.00      -1.99   -4.65   -0.11    0.12278   -36.10  LEFT      6.14446E-01   -77.17    4.52544E-01    88.16
  -25.00   240.00      -2.97   -4.53   -0.67    0.11468   -39.73  LEFT      5.49249E-01   -77.86    4.58736E-01    88.83
  -20.00   240.00      -4.03   -4.47   -1.24    0.10160   -43.51  LEFT      4.85852E-01   -78.83    4.61718E-01    89.55
  -15.00   240.00      -5.19   -4.47   -1.81    0.08345   -47.43  LEFT      4.24913E-01   -80.14    4.61954E-01    90.29
  -10.00   240.00      -6.47   -4.51   -2.37    0.06031   -51.47  LEFT      3.66798E-01   -81.89    4.59850E-01    91.03
   -5.00   240.00      -7.89   -4.59   -2.92    0.03237   -55.65  LEFT      3.11696E-01   -84.23    4.55741E-01    91.79
    0.00   240.00      -9.47   -4.70   -3.45    0.00000   -60.00  LINEAR    2.59742E-01   -87.47    4.49885E-01    92.53
  -90.00   245.00    -999.99 -999.99 -999.99    0.00000     0.00            3.94961E-11    81.94    3.93510E-12   -92.48
  -85.00   245.00      -4.30  -21.35   -4.22    0.01073    -7.97  LEFT      4.71035E-01   -88.46    6.61460E-02    87.07
  -80.00   245.00      -0.81  -15.53   -0.66    0.03050   -10.26  LEFT      7.04072E-01   -83.40    1.29230E-01    86.72
  -75.00   245.00       0.56  -12.27    0.78    0.04952   -12.57  LEFT      8.24009E-01   -80.36    1.88213E-01    86.48
  -70.00   245.00       1.13  -10.08    1.45    0.06763   -14.94  LEFT      8.80002E-01   -78.39    2.42258E-01    86.35
  -65.00   245.00       1.28   -8.49    1.71    0.08458   -17.42  LEFT      8.95268E-01   -77.06    2.90758E-01    86.33
  -60.00   245.00       1.16   -7.30    1.74    0.10005   -20.02  LEFT      8.82792E-01   -76.15    3.33345E-01    86.41
  -55.00   245.00       0.84   -6.40    1.59    0.11362   -22.79  LEFT      8.50916E-01   -75.54    3.69884E-01    86.59
  -50.00   245.00       0.36   -5.71    1.32    0.12481   -25.74  LEFT      8.05567E-01   -75.18    4.00452E-01    86.86
  -45.00   245.00      -0.25   -5.19    0.96    0.13302   -28.89  LEFT      7.51213E-01   -75.02    4.25304E-01    87.23
  -40.00   245.00      -0.97   -4.80    0.54    0.13764   -32.25  LEFT      6.91308E-01   -75.07    4.44835E-01    87.66
  -35.00   245.00      -1.79   -4.51    0.07    0.13806   -35.82  LEFT      6.28519E-01   -75.31    4.59533E-01    88.17
  -30.00   245.00      -2.72   -4.32   -0.44    0.13373   -39.57  LEFT      5.64855E-01   -75.78    4.69942E-01    88.72
  -25.00   245.00      -3.75   -4.20   -0.96    0.12427   -43.48  LEFT      5.01775E-01   -76.49    4.76617E-01    89.32
  -20.00   245.00      -4.89   -4.13   -1.48    0.10948   -47.54  LEFT      4.40276E-01   -77.50    4.80096E-01    89.95
  -15.00   245.00      -6.14   -4.12   -2.00    0.08937   -51.72  LEFT      3.80992E-01   -78.91    4.80871E-01    90.60
  -10.00   245.00      -7.54   -4.15   -2.51    0.06414   -56.02  LEFT      3.24293E-01   -80.84    4.79367E-01    91.25
   -5.00   245.00      -9.12   -4.21   -3.00    0.03417   -60.44  LEFT      2.70400E-01   -83.55    4.75929E-01    91.90
    0.00   245.00     -10.93   -4.30   -3.45    0.00000   -65.00  LINEAR    2.19543E-01   -87.47    4.70812E-01    92.53
  -90.00   250.00    -999.99 -999.99 -999.99    0.00000     0.00            3.67481E-11    83.38    4.04243E-12   -91.39
  -85.00   250.00      -4.93  -21.12   -4.82    0.01275    -8.78  LEFT      4.38244E-01   -87.01    6.79482E-02    88.16
  -80.00   250.00      -1.44  -15.30   -1.26    0.03469   -11.29  LEFT      6.54926E-01   -81.95    1.32741E-01    87.80
  -75.00   250.00      -0.07  -12.04    0.19    0.05574   -13.82  LEFT      7.66219E-01   -78.91    1.93305E-01    87.54
  -70.00   250.00       0.49   -9.84    0.88    0.07568   -16.42  LEFT      8.17843E-01   -76.93    2.48777E-01    87.39
  -65.00   250.00       0.64   -8.26    1.16    0.09423   -19.12  LEFT      8.31390E-01   -75.59    2.98535E-01    87.33
  -60.00   250.00       0.50   -7.08    1.20    0.11104   -21.96  LEFT      8.18932E-01   -74.66    3.42211E-01    87.38
  -55.00   250.00       0.17   -6.17    1.08    0.12566   -24.98  LEFT      7.88226E-01   -74.04    3.79680E-01    87.51
  -50.00   250.00      -0.32   -5.48    0.83    0.13752   -28.19  LEFT      7.44783E-01   -73.66    4.11038E-01    87.74
  -45.00   250.00      -0.95   -4.96    0.50    0.14600   -31.62  LEFT      6.92762E-01   -73.48    4.36570E-01    88.04
  -40.00   250.00      -1.70   -4.57    0.11    0.15044   -35.26  LEFT      6.35381E-01   -73.50    4.56700E-01    88.41
  -35.00   250.00      -2.57   -4.28   -0.33    0.15020   -39.11  LEFT      5.75127E-01   -73.72    4.71955E-01    88.85
  -30.00   250.00      -3.54   -4.08   -0.79    0.14476   -43.14  LEFT      5.13881E-01   -74.17    4.82909E-01    89.33
  -25.00   250.00      -4.64   -3.95   -1.27    0.13377   -47.34  LEFT      4.53009E-01   -74.87    4.90150E-01    89.84
  -20.00   250.00      -5.86   -3.88   -1.75    0.11712   -51.66  LEFT      3.93449E-01   -75.90    4.94244E-01    90.38
  -15.00   250.00      -7.24   -3.86   -2.22    0.09495   -56.09  LEFT      3.35803E-01   -77.38    4.95699E-01    90.93
  -10.00   250.00      -8.80   -3.87   -2.66    0.06764   -60.62  LEFT      2.80436E-01   -79.49    4.94954E-01    91.48
   -5.00   250.00     -10.62   -3.92   -3.07    0.03575   -65.25  LEFT      2.27608E-01   -82.61    4.92356E-01    92.01
    0.00   250.00     -12.77   -3.99   -3.45    0.00000   -70.00  LINEAR    1.77674E-01   -87.47    4.88154E-01    92.53
  -90.00   255.00    -999.99 -999.99 -999.99    0.00000     0.00            3.39279E-11    84.95    4.10146E-12   -90.23
  -85.00   255.00      -5.62  -20.99   -5.50    0.01516    -9.63  LEFT      4.04579E-01   -85.44    6.89406E-02    89.31
  -80.00   255.00      -2.13  -15.17   -1.92    0.03943   -12.37  LEFT      6.04487E-01   -80.37    1.34679E-01    88.94
  -75.00   255.00      -0.77  -11.91   -0.45    0.06261   -15.13  LEFT      7.06939E-01   -77.32    1.96126E-01    88.67
  -70.00   255.00      -0.21   -9.72    0.25    0.08446   -17.95  LEFT      7.54127E-01   -75.34    2.52409E-01    88.49
  -65.00   255.00      -0.08   -8.13    0.55    0.10467   -20.89  LEFT      7.65971E-01   -73.98    3.02905E-01    88.40
  -60.00   255.00      -0.22   -6.95    0.62    0.12284   -23.98  LEFT      7.53604E-01   -73.03    3.47247E-01    88.40
  -55.00   255.00      -0.56   -6.04    0.52    0.13846   -27.26  LEFT      7.24176E-01   -72.39    3.85322E-01    88.49
  -50.00   255.00      -1.08   -5.35    0.30    0.15093   -30.74  LEFT      6.82768E-01   -71.97    4.17243E-01    88.66
  -45.00   255.00      -1.73   -4.83    0.00    0.15957   -34.45  LEFT      6.33215E-01   -71.76    4.43313E-01    88.90
  -40.00   255.00      -2.52   -4.43   -0.36    0.16367   -38.38  LEFT      5.78487E-01   -71.73    4.63981E-01    89.21
  -35.00   255.00      -3.43   -4.14   -0.76    0.16259   -42.52  LEFT      5.20883E-01   -71.90    4.79793E-01    89.56
  -30.00   255.00      -4.47   -3.93   -1.18    0.15582   -46.84  LEFT      4.62141E-01   -72.29    4.91347E-01    89.96
  -25.00   255.00      -5.64   -3.79   -1.61    0.14311   -51.31  LEFT      4.03525E-01   -72.94    4.99250E-01    90.39
  -20.00   255.00      -6.98   -3.71   -2.04    0.12446   -55.89  LEFT      3.45905E-01   -73.94    5.04080E-01    90.83
  -15.00   255.00      -8.52   -3.67   -2.44    0.10016   -60.56  LEFT      2.89838E-01   -75.43    5.06357E-01    91.27
  -10.00   255.00     -10.31   -3.67   -2.82    0.07079   -65.29  LEFT      2.35673E-01   -77.68    5.06521E-01    91.71
   -5.00   255.00     -12.48   -3.70   -3.16    0.03709   -70.10  LEFT      1.83699E-01   -81.25    5.04917E-01    92.13
    0.00   255.00     -15.19   -3.75   -3.45    0.00000   -75.00  LINEAR    1.34452E-01   -87.47    5.01782E-01    92.53
  -90.00   260.00    -999.99 -999.99 -999.99    0.00000     0.00            3.10747E-11    86.65    4.11098E-12   -89.01
  -85.00   260.00      -6.38  -20.97   -6.24    0.01800   -10.52  LEFT      3.70526E-01   -83.74    6.91008E-02    90.53
  -80.00   260.00      -2.90  -15.15   -2.65    0.04475   -13.48  LEFT      5.53478E-01   -78.67    1.35001E-01    90.15
  -75.00   260.00      -1.54  -11.89   -1.16    0.07018   -16.47  LEFT      6.47014E-01   -75.61    1.96618E-01    89.85
  -70.00   260.00      -0.99   -9.70   -0.44    0.09402   -19.54  LEFT      6.89755E-01   -73.60    2.53088E-01    89.65
  -65.00   260.00      -0.86   -8.11   -0.11    0.11593   -22.72  LEFT      6.99929E-01   -72.22    3.03793E-01    89.52
  -60.00   260.00      -1.01   -6.92   -0.02    0.13546   -26.07  LEFT      6.87713E-01   -71.25    3.48379E-01    89.48
  -55.00   260.00      -1.37   -6.01   -0.09    0.15206   -29.62  LEFT      6.59642E-01   -70.56    3.86742E-01    89.52
  -50.00   260.00      -1.91   -5.32   -0.28    0.16506   -33.39  LEFT      6.20357E-01   -70.10    4.19005E-01    89.63
  -45.00   260.00      -2.59   -4.78   -0.54    0.17372   -37.39  LEFT      5.73360E-01   -69.82    4.45484E-01    89.81
  -40.00   260.00      -3.42   -4.38   -0.86    0.17731   -41.62  LEFT      5.21366E-01   -69.72    4.66636E-01    90.04
  -35.00   260.00      -4.38   -4.08   -1.22    0.17518   -46.06  LEFT      4.66477E-01   -69.80    4.83017E-01    90.32
  -30.00   260.00      -5.50   -3.86   -1.60    0.16688   -50.67  LEFT      4.10282E-01   -70.08    4.95232E-01    90.63
  -25.00   260.00      -6.78   -3.71   -1.97    0.15223   -55.41  LEFT      3.53934E-01   -70.60    5.03893E-01    90.96
  -20.00   260.00      -8.27   -3.62   -2.34    0.13142   -60.23  LEFT      2.98222E-01   -71.46    5.09579E-01    91.30
  -15.00   260.00     -10.03   -3.56   -2.68    0.10493   -65.11  LEFT      2.43644E-01   -72.84    5.12809E-01    91.63
  -10.00   260.00     -12.16   -3.54   -2.98    0.07353   -70.03  LEFT      1.90508E-01   -75.07    5.14016E-01    91.96
   -5.00   260.00     -14.89   -3.55   -3.24    0.03817   -74.99  LEFT      1.39104E-01   -79.05    5.13536E-01    92.26
    0.00   260.00     -18.66   -3.58   -3.45    0.00000   -80.00  LINEAR    9.02073E-02   -87.47    5.11591E-01    92.53
  -90.00   265.00    -999.99 -999.99 -999.99    0.00000     0.00            2.82303E-11    88.46    4.07093E-12   -87.72
  -85.00   265.00      -7.22  -21.06   -7.04    0.02131   -11.43  LEFT      3.36581E-01   -81.92    6.84321E-02    91.81
  -80.00   265.00      -3.74  -15.24   -3.44    0.05068   -14.64  LEFT      5.02641E-01   -76.84    1.33715E-01    91.42
  -75.00   265.00      -2.38  -11.97   -1.93    0.07847   -17.87  LEFT      5.87311E-01   -73.76    1.94793E-01    91.11
  -70.00   265.00      -1.83   -9.77   -1.19    0.10438   -21.18  LEFT      6.25652E-01   -71.74    2.50828E-01    90.87
  -65.00   265.00      -1.72   -8.18   -0.83    0.12802   -24.62  LEFT      6.34200E-01   -70.32    3.01223E-01    90.71
  -60.00   265.00      -1.88   -6.99   -0.71    0.14893   -28.24  LEFT      6.22183E-01   -69.30    3.45636E-01    90.62
  -55.00   265.00      -2.26   -6.07   -0.75    0.16646   -32.07  LEFT      5.95516E-01   -68.56    3.83975E-01    90.61
  -50.00   265.00      -2.82   -5.37   -0.90    0.17990   -36.14  LEFT      5.58398E-01   -68.02    4.16368E-01    90.66
  -45.00   265.00      -3.54   -4.83   -1.13    0.18845   -40.45  LEFT      5.13997E-01   -67.65    4.43130E-01    90.76
  -40.00   265.00      -4.42   -4.42   -1.41    0.19134   -45.00  LEFT      4.64771E-01   -67.42    4.64717E-01    90.91
  -35.00   265.00      -5.45   -4.11   -1.72    0.18792   -49.74  LEFT      4.12620E-01   -67.34    4.81679E-01    91.10
  -30.00   265.00      -6.66   -3.88   -2.04    0.17784   -54.64  LEFT      3.58980E-01   -67.42    4.94614E-01    91.32
  -25.00   265.00      -8.08   -3.71   -2.36    0.16105   -59.64  LEFT      3.04887E-01   -67.69    5.04121E-01    91.55
  -20.00   265.00      -9.77   -3.60   -2.66    0.13793   -64.69  LEFT      2.51042E-01   -68.23    5.10771E-01    91.78
  -15.00   265.00     -11.83   -3.52   -2.93    0.10920   -69.76  LEFT      1.97865E-01   -69.19    5.15067E-01    92.00
  -10.00   265.00     -14.50   -3.48   -3.15    0.07583   -74.84  LEFT      1.45585E-01   -70.98    5.17429E-01    92.21
   -5.00   265.00     -18.26   -3.47   -3.33    0.03900   -79.91  LEFT      9.43952E-02   -74.86    5.18174E-01    92.38
    0.00   265.00     -24.64   -3.48   -3.45    0.00000   -85.00  LINEAR    4.52759E-02   -87.47    5.17506E-01    92.53
  -90.00   270.00    -999.99 -999.99 -999.99    0.00000     0.00            2.54358E-11    90.39    3.98330E-12   -86.35
  -85.00   270.00      -8.13  -21.24   -7.92    0.02507   -12.38  LEFT      3.03232E-01   -79.99    6.69645E-02    93.17
  -80.00   270.00      -4.64  -15.42   -4.30    0.05720   -15.82  LEFT      4.52705E-01   -74.89    1.30877E-01    92.77
  -75.00   270.00      -3.30  -12.15   -2.77    0.08745   -19.30  LEFT      5.28679E-01   -71.80    1.90735E-01    92.43
  -70.00   270.00      -2.76   -9.95   -2.00    0.11549   -22.86  LEFT      5.62721E-01   -69.74    2.45737E-01    92.16
  -65.00   270.00      -2.65   -8.36   -1.61    0.14092   -26.57  LEFT      5.69704E-01   -68.28    2.95319E-01    91.96
  -60.00   270.00      -2.83   -7.15   -1.46    0.16320   -30.48  LEFT      5.57918E-01   -67.19    3.39159E-01    91.82
  -55.00   270.00      -3.23   -6.23   -1.47    0.18163   -34.61  LEFT      5.32670E-01   -66.36    3.77172E-01    91.75
  -50.00   270.00      -3.82   -5.52   -1.58    0.19542   -39.00  LEFT      4.97722E-01   -65.71    4.09485E-01    91.73
  -45.00   270.00      -4.58   -4.96   -1.76    0.20371   -43.64  LEFT      4.55915E-01   -65.19    4.36406E-01    91.76
  -40.00   270.00      -5.52   -4.54   -1.99    0.20568   -48.51  LEFT      4.09449E-01   -64.77    4.58374E-01    91.82
  -35.00   270.00      -6.63   -4.21   -2.24    0.20074   -53.58  LEFT      3.60027E-01   -64.44    4.75919E-01    91.92
  -30.00   270.00      -7.96   -3.96   -2.51    0.18861   -58.77  LEFT      3.08936E-01   -64.16    4.89617E-01    92.04
  -25.00   270.00      -9.56   -3.78   -2.76    0.16946   -64.02  LEFT      2.57100E-01   -63.95    5.00042E-01    92.16
  -20.00   270.00     -11.52   -3.65   -2.99    0.14389   -69.29  LEFT      2.05131E-01   -63.78    5.07739E-01    92.28
  -15.00   270.00     -14.05   -3.56   -3.18    0.11288   -74.52  LEFT      1.53377E-01   -63.65    5.13189E-01    92.38
  -10.00   270.00     -17.59   -3.49   -3.33    0.07764   -79.72  LEFT      1.01973E-01   -63.56    5.16786E-01    92.46
   -5.00   270.00     -23.63   -3.46   -3.42    0.03954   -84.87  LEFT      5.08919E-02   -63.51    5.18824E-01    92.51
    0.00   270.00    -999.99   -3.45   -3.45    0.00000    90.00  LINEAR    7.95341E-12    92.53    5.19483E-01    92.53
  -90.00   275.00    -999.99 -999.99 -999.99    0.00000     0.00            2.27287E-11    92.41    3.85136E-12   -84.92
  -85.00   275.00      -9.10  -21.54   -8.86    0.02925   -13.34  LEFT      2.70936E-01   -77.97    6.47540E-02    94.61
  -80.00   275.00      -5.63  -15.71   -5.22    0.06424   -17.04  LEFT      4.04348E-01   -72.85    1.26598E-01    94.19
  -75.00   275.00      -4.28  -12.44   -3.67    0.09702   -20.77  LEFT      4.71913E-01   -69.72    1.84597E-01    93.82
  -70.00   275.00      -3.75  -10.23   -2.87    0.12727   -24.60  LEFT      5.01807E-01   -67.61    2.38008E-01    93.52
  -65.00   275.00      -3.66   -8.62   -2.45    0.15452   -28.59  LEFT      5.07297E-01   -66.08    2.86305E-01    93.27
  -60.00   275.00      -3.86   -7.41   -2.27    0.17819   -32.79  LEFT      4.95762E-01   -64.91    3.29190E-01    93.08
  -55.00   275.00      -4.28   -6.48   -2.23    0.19750   -37.24  LEFT      4.71920E-01   -63.96    3.66586E-01    92.94
  -50.00   275.00      -4.91   -5.75   -2.30    0.21157   -41.97  LEFT      4.39112E-01   -63.14    3.98614E-01    92.85
  -45.00   275.00      -5.72   -5.18   -2.43    0.21944   -46.96  LEFT      3.99862E-01   -62.40    4.25563E-01    92.79
  -40.00   275.00      -6.73   -4.74   -2.61    0.22027   -52.19  LEFT      3.56124E-01   -61.69    4.47845E-01    92.77
  -35.00   275.00      -7.95   -4.39   -2.81    0.21352   -57.58  LEFT      3.09420E-01   -60.93    4.65957E-01    92.77
  -30.00   275.00      -9.43   -4.13   -3.01    0.19907   -63.06  LEFT      2.60902E-01   -60.06    4.80436E-01    92.77
  -25.00   275.00     -11.26   -3.92   -3.19    0.17733   -68.56  LEFT      2.11412E-01   -58.93    4.91822E-01    92.78
  -20.00   275.00     -13.60   -3.77   -3.34    0.14919   -74.02  LEFT      1.61537E-01   -57.26    5.00619E-01    92.78
  -15.00   275.00     -16.80   -3.66   -3.45    0.11590   -79.39  LEFT      1.11705E-01   -54.24    5.07274E-01    92.76
  -10.00   275.00     -21.84   -3.57   -3.51    0.07893   -84.67  LEFT      6.25595E-02   -46.61    5.12150E-01    92.72
   -5.00   275.00     -31.51   -3.52   -3.51    0.03979   -89.87  LEFT      2.05459E-02    -0.63    5.15510E-01    92.64
    0.00   275.00     -24.64   -3.48   -3.45    0.00000    85.00  LINEAR    4.52759E-02    92.53    5.17506E-01    92.53
  -90.00   280.00    -999.99 -999.99 -999.99    0.00000     0.00            2.01439E-11    94.50    3.68009E-12   -83.40
  -85.00   280.00     -10.15  -21.93   -9.87    0.03374   -14.33  LEFT      2.40094E-01   -75.87    6.18801E-02    96.12
  -80.00   280.00      -6.68  -16.10   -6.21    0.07165   -18.28  LEFT      3.58173E-01   -70.72    1.21029E-01    95.68
  -75.00   280.00      -5.34  -12.82   -4.63    0.10703   -22.27  LEFT      4.17714E-01   -67.55    1.76598E-01    95.29
  -70.00   280.00      -4.82  -10.61   -3.80    0.13953   -26.37  LEFT      4.43658E-01   -65.38    2.27911E-01    94.94
  -65.00   280.00      -4.74   -8.99   -3.35    0.16866   -30.65  LEFT      4.47736E-01   -63.76    2.74491E-01    94.65
  -60.00   280.00      -4.96   -7.77   -3.13    0.19376   -35.17  LEFT      4.36462E-01   -62.46    3.16067E-01    94.40
  -55.00   280.00      -5.42   -6.82   -3.05    0.21396   -39.97  LEFT      4.13993E-01   -61.33    3.52569E-01    94.18
  -50.00   280.00      -6.09   -6.07   -3.07    0.22823   -45.07  LEFT      3.83273E-01   -60.28    3.84107E-01    94.01
  -45.00   280.00      -6.97   -5.49   -3.15    0.23554   -50.44  LEFT      3.46526E-01   -59.21    4.10943E-01    93.87
  -40.00   280.00      -8.06   -5.02   -3.27    0.23500   -56.03  LEFT      3.05489E-01   -58.03    4.33452E-01    93.74
  -35.00   280.00      -9.41   -4.66   -3.40    0.22615   -61.76  LEFT      2.61530E-01   -56.61    4.52086E-01    93.63
  -30.00   280.00     -11.08   -4.37   -3.53    0.20908   -67.54  LEFT      2.15723E-01   -54.71    4.67333E-01    93.53
  -25.00   280.00     -13.21   -4.14   -3.63    0.18452   -73.27  LEFT      1.68934E-01   -51.86    4.79682E-01    93.42
  -20.00   280.00     -16.03   -3.96   -3.70    0.15369   -78.89  LEFT      1.22013E-01   -46.92    4.89592E-01    93.30
  -15.00   280.00     -20.08   -3.83   -3.72    0.11817   -84.37  LEFT      7.65240E-02   -35.99    4.97464E-01    93.15
  -10.00   280.00     -25.68   -3.72   -3.69    0.07964   -89.71  LEFT      4.01896E-02    -0.66    5.03620E-01    92.98
   -5.00   280.00     -24.12   -3.64   -3.60    0.03974    85.09  LEFT      4.80950E-02    67.74    5.08289E-01    92.77
    0.00   280.00     -18.66   -3.58   -3.45    0.00000    80.00  LINEAR    9.02073E-02    92.53    5.11591E-01    92.53
  -90.00   285.00    -999.99 -999.99 -999.99    0.00000     0.00            1.77092E-11    96.63    3.47486E-12   -81.80
  -85.00   285.00     -11.27  -22.43  -10.95    0.03832   -15.34  LEFT      2.11040E-01   -73.73    5.84416E-02    97.71
  -80.00   285.00      -7.80  -16.60   -7.26    0.07918   -19.54  LEFT      3.14676E-01   -68.56    1.14361E-01    97.25
  -75.00   285.00      -6.48  -13.31   -5.66    0.11718   -23.79  LEFT      3.66659E-01   -65.33    1.67008E-01    96.83
  -70.00   285.00      -5.96  -11.08   -4.80    0.15199   -28.17  LEFT      3.88888E-01   -63.06    2.15782E-01    96.44
  -65.00   285.00      -5.90   -9.45   -4.31    0.18308   -32.77  LEFT      3.91648E-01   -61.31    2.60262E-01    96.09
  -60.00   285.00      -6.15   -8.21   -4.05    0.20970   -37.63  LEFT      3.80640E-01   -59.83    3.00206E-01    95.77
  -55.00   285.00      -6.65   -7.25   -3.93    0.23083   -42.80  LEFT      3.59500E-01   -58.46    3.35552E-01    95.48
  -50.00   285.00      -7.37   -6.48   -3.89    0.24528   -48.30  LEFT      3.30806E-01   -57.06    3.66393E-01    95.22
  -45.00   285.00      -8.32   -5.87   -3.92    0.25189   -54.08  LEFT      2.96519E-01   -55.51    3.92961E-01    94.97
  -40.00   285.00      -9.52   -5.39   -3.97    0.24973   -60.06  LEFT      2.58200E-01   -53.63    4.15584E-01    94.74
  -35.00   285.00     -11.03   -5.00   -4.03    0.23845   -66.15  LEFT      2.17133E-01   -51.12    4.34660E-01    94.52
  -30.00   285.00     -12.93   -4.68   -4.08    0.21845   -72.22  LEFT      1.74450E-01   -47.44    4.50620E-01    94.30
  -25.00   285.00     -15.39   -4.43   -4.10    0.19084   -78.16  LEFT      1.31388E-01   -41.33    4.63893E-01    94.06
  -20.00   285.00     -18.66   -4.23   -4.08    0.15727   -83.93  LEFT      9.01609E-02   -29.31    4.74881E-01    93.81
  -15.00   285.00     -22.48   -4.07   -4.00    0.11961   -89.48  LEFT      5.80505E-02    -0.76    4.83934E-01    93.54
  -10.00   285.00     -22.64   -3.93   -3.88    0.07974    85.18  LEFT      5.70386E-02    49.47    4.91326E-01    93.23
   -5.00   285.00     -18.70   -3.83   -3.69    0.03937    80.01  LEFT      8.97132E-02    79.90    4.97246E-01    92.90
    0.00   285.00     -15.19   -3.75   -3.45    0.00000    75.00  LINEAR    1.34452E-01    92.53    5.01782E-01    92.53
  -90.00   290.00    -999.99 -999.99 -999.99    0.00000     0.00            1.54455E-11    98.73    3.24291E-12   -80.12
  -85.00   290.00     -12.46  -23.02  -12.10    0.04268   -16.35  LEFT      1.84025E-01   -71.62    5.45506E-02    99.39
  -80.00   290.00      -9.00  -17.19   -8.39    0.08643   -20.81  LEFT      2.74231E-01   -66.40    1.06810E-01    98.91
  -75.00   290.00      -7.68  -13.89   -6.75    0.12706   -25.33  LEFT      3.19187E-01   -63.09    1.56132E-01    98.45
  -70.00   290.00      -7.18  -11.65   -5.86    0.16424   -30.01  LEFT      3.37964E-01   -60.70    2.02001E-01    98.01
  -65.00   290.00      -7.14  -10.01   -5.33    0.19741   -34.93  LEFT      3.39508E-01   -58.77    2.44053E-01    97.59
  -60.00   290.00      -7.42   -8.75   -5.03    0.22569   -40.16  LEFT      3.28771E-01   -57.05    2.82079E-01    97.20
  -55.00   290.00      -7.96   -7.77   -4.85    0.24788   -45.74  LEFT      3.08916E-01   -55.33    3.16022E-01    96.82
  -50.00   290.00      -8.75   -6.98   -4.77    0.26256   -51.67  LEFT      2.82198E-01   -53.44    3.45960E-01    96.46
  -45.00   290.00      -9.79   -6.35   -4.73    0.26835   -57.90  LEFT      2.50370E-01   -51.17    3.72086E-01    96.11
  -40.00   290.00     -11.12   -5.84   -4.71    0.26430   -64.31  LEFT      2.14895E-01   -48.20    3.94681E-01    95.77
  -35.00   290.00     -12.80   -5.42   -4.69    0.25024   -70.77  LEFT      1.77120E-01   -43.94    4.14081E-01    95.42
  -30.00   290.00     -14.93   -5.08   -4.65    0.22696   -77.12  LEFT      1.38576E-01   -37.17    4.30653E-01    95.07
  -25.00   290.00     -17.60   -4.80   -4.58    0.19610   -83.26  LEFT      1.01819E-01   -25.05    4.44760E-01    94.71
  -20.00   290.00     -20.46   -4.57   -4.46    0.15975   -89.12  LEFT      7.32998E-02    -1.00    4.56742E-01    94.33
  -15.00   290.00     -21.11   -4.38   -4.29    0.12011    85.30  LEFT      6.79732E-02    37.77    4.66888E-01    93.92
  -10.00   290.00     -18.48   -4.22   -4.06    0.07918    79.98  LEFT      9.20323E-02    68.54    4.75425E-01    93.49
   -5.00   290.00     -15.38   -4.09   -3.78    0.03868    74.90  LEFT      1.31541E-01    84.27    4.82496E-01    93.02
    0.00   290.00     -12.77   -3.99   -3.45    0.00000    70.00  LINEAR    1.77674E-01    92.53    4.88154E-01    92.53
  -90.00   295.00    -999.99 -999.99 -999.99    0.00000     0.00            1.33664E-11   100.73    2.99111E-12   -78.35
  -85.00   295.00     -13.72  -23.72  -13.31    0.04635   -17.36  LEFT      1.59217E-01   -69.60    5.03263E-02   101.14
  -80.00   295.00     -10.26  -17.88   -9.57    0.09285   -22.08  LEFT      2.37087E-01   -64.31    9.86050E-02   100.64
  -75.00   295.00      -8.96  -14.58   -7.90    0.13605   -26.88  LEFT      2.75587E-01   -60.89    1.44297E-01   100.14
  -70.00   295.00      -8.48  -12.33   -6.98    0.17568   -31.86  LEFT      2.91193E-01   -58.34    1.86973E-01    99.64
  -65.00   295.00      -8.46  -10.67   -6.42    0.21113   -37.13  LEFT      2.91629E-01   -56.18    2.26328E-01    99.15
  -60.00   295.00      -8.78   -9.39   -6.06    0.24135   -42.75  LEFT      2.81172E-01   -54.12    2.62188E-01    98.68
  -55.00   295.00      -9.38   -8.38   -5.84    0.26485   -48.78  LEFT      2.62567E-01   -51.91    2.94500E-01    98.20
  -50.00   295.00     -10.24   -7.57   -5.69    0.27987   -55.20  LEFT      2.37811E-01   -49.32    3.23326E-01    97.74
  -45.00   295.00     -11.38   -6.91   -5.58    0.28476   -61.92  LEFT      2.08530E-01   -46.00    3.48822E-01    97.27
  -40.00   295.00     -12.84   -6.37   -5.49    0.27851   -68.80  LEFT      1.76232E-01   -41.35    3.71215E-01    96.81
  -35.00   295.00     -14.68   -5.92   -5.38    0.26126   -75.64  LEFT      1.42634E-01   -34.26    3.90781E-01    96.33
  -30.00   295.00     -16.90   -5.55   -5.24    0.23435   -82.26  LEFT      1.10413E-01   -22.42    4.07816E-01    95.85
  -25.00   295.00     -19.15   -5.24   -5.07    0.20006   -88.56  LEFT      8.52071E-02    -1.50    4.22616E-01    95.36
  -20.00   295.00     -19.92   -4.98   -4.84    0.16098    85.51  LEFT      7.79984E-02    30.13    4.35454E-01    94.84
  -15.00   295.00     -18.16   -4.76   -4.57    0.11958    79.94  LEFT      9.55016E-02    59.10    4.46558E-01    94.30
  -10.00   295.00     -15.50   -4.58   -4.24    0.07794    74.70  LEFT      1.29676E-01    76.61    4.56100E-01    93.73
   -5.00   295.00     -13.04   -4.43   -3.87    0.03767    69.74  LEFT      1.72204E-01    86.52    4.64178E-01    93.14
    0.00   295.00     -10.93   -4.30   -3.45    0.00000    65.00  LINEAR    2.19543E-01    92.53    4.70812E-01    92.53
  -90.00   300.00    -999.99 -999.99 -999.99    0.00000     0.00            1.14794E-11   102.54    2.72662E-12   -76.51
  -85.00   300.00     -15.05  -24.53  -14.58    0.04868   -18.37  LEFT      1.36704E-01   -67.76    4.58878E-02   102.98
  -80.00   300.00     -11.59  -18.68  -10.82    0.09768   -23.36  LEFT      2.03374E-01   -62.40    8.99749E-02   102.44
  -75.00   300.00     -10.30  -15.36   -9.12    0.14338   -28.44  LEFT      2.36007E-01   -58.84    1.31828E-01   101.90
  -70.00   300.00      -9.85  -13.10   -8.16    0.18559   -33.74  LEFT      2.48730E-01   -56.07    1.71102E-01   101.34
  -65.00   300.00      -9.87  -11.42   -7.56    0.22362   -39.36  LEFT      2.48168E-01   -53.59    2.07553E-01   100.77
  -60.00   300.00     -10.23  -10.12   -7.16    0.25620   -45.41  LEFT      2.38004E-01   -51.06    2.41037E-01   100.20
  -55.00   300.00     -10.89   -9.09   -6.88    0.28143   -51.94  LEFT      2.20637E-01   -48.18    2.71510E-01    99.62
  -50.00   300.00     -11.83   -8.25   -6.67    0.29704   -58.90  LEFT      1.97890E-01   -44.59    2.99017E-01    99.04
  -45.00   300.00     -13.08   -7.56   -6.49    0.30095   -66.19  LEFT      1.71394E-01   -39.70    3.23678E-01    98.45
  -40.00   300.00     -14.66   -6.99   -6.30    0.29215   -73.57  LEFT      1.42962E-01   -32.49    3.45669E-01    97.85
  -35.00   300.00     -16.53   -6.51   -6.10    0.27121   -80.80  LEFT      1.15252E-01   -21.08    3.65203E-01    97.24
  -30.00   300.00     -18.37   -6.11   -5.86    0.24029   -87.68  LEFT      9.32048E-02    -2.38    3.82508E-01    96.63
  -25.00   300.00     -19.13   -5.77   -5.57    0.20243    85.90  LEFT      8.54251E-02    24.67    3.97811E-01    95.99
  -20.00   300.00     -17.91   -5.48   -5.24    0.16075    79.96  LEFT      9.83404E-02    51.48    4.11316E-01    95.34
  -15.00   300.00     -15.63   -5.23   -4.85    0.11793    74.46  LEFT      1.27756E-01    69.81    4.23192E-01    94.67
  -10.00   300.00     -13.32   -5.02   -4.42    0.07598    69.35  LEFT      1.66649E-01    80.94    4.33555E-01    93.98
   -5.00   300.00     -11.27   -4.84   -3.95    0.03634    64.55  LEFT      2.11181E-01    87.90    4.42458E-01    93.26
    0.00   300.00      -9.47   -4.70   -3.45    0.00000    60.00  LINEAR    2.59742E-01    92.53    4.49885E-01    92.53
  -90.00   305.00    -999.99 -999.99 -999.99    0.00000     0.00            9.78723E-12   104.03    2.45625E-12   -74.60
  -85.00   305.00     -16.43  -25.43  -15.92    0.04883   -19.37  LEFT      1.16505E-01   -66.23    4.13475E-02   104.88
  -80.00   305.00     -12.99  -19.58  -12.13    0.09992   -24.63  LEFT      1.73118E-01   -60.77    8.11369E-02   104.31
  -75.00   305.00     -11.72  -16.25  -10.41    0.14801   -30.00  LEFT      2.00472E-01   -57.02    1.19035E-01   103.71
  -70.00   305.00     -11.29  -13.97   -9.42    0.19299   -35.62  LEFT      2.10596E-01   -53.97    1.54776E-01   103.09
  -65.00   305.00     -11.35  -12.27   -8.78    0.23409   -41.63  LEFT      2.09142E-01   -51.06    1.88171E-01   102.43
  -60.00   305.00     -11.77  -10.95   -8.33    0.26971   -48.14  LEFT      1.99289E-01   -47.91    2.19111E-01   101.76
  -55.00   305.00     -12.50   -9.89   -7.99    0.29733   -55.22  LEFT      1.83178E-01   -44.10    2.47558E-01   101.06
  -50.00   305.00     -13.54   -9.02   -7.71    0.31390   -62.81  LEFT      1.62577E-01   -39.06    2.73543E-01   100.35
  -45.00   305.00     -14.88   -8.30   -7.44    0.31678   -70.73  LEFT      1.39338E-01   -31.87    2.97154E-01    99.63
  -40.00   305.00     -16.47   -7.70   -7.16    0.30494   -78.67  LEFT      1.16015E-01   -20.93    3.18516E-01    98.90
  -35.00   305.00     -18.03   -7.19   -6.84    0.27972   -86.30  LEFT      9.69676E-02    -3.85    3.37785E-01    98.15
  -30.00   305.00     -18.74   -6.75   -6.49    0.24439    86.60  LEFT      8.93026E-02    20.21    3.55125E-01    97.39
  -25.00   305.00     -17.84   -6.38   -6.08    0.20291    80.11  LEFT      9.90889E-02    45.25    3.70694E-01    96.62
  -20.00   305.00     -15.85   -6.06   -5.63    0.15889    74.22  LEFT      1.24572E-01    63.91    3.84634E-01    95.83
  -15.00   305.00     -13.67   -5.78   -5.13    0.11505    68.85  LEFT      1.60120E-01    75.92    3.97052E-01    95.02
  -10.00   305.00     -11.66   -5.55   -4.60    0.07327    63.91  LEFT      2.01913E-01    83.64    4.08011E-01    94.21
   -5.00   305.00      -9.87   -5.35   -4.03    0.03469    59.32  LEFT      2.48122E-01    88.85    4.17522E-01    93.37
    0.00   305.00      -8.28   -5.18   -3.45    0.00000    55.00  LINEAR    2.97963E-01    92.53    4.25536E-01    92.53
  -90.00   310.00    -999.99 -999.99 -999.99    0.00000     0.00            8.28647E-12   105.06    2.18585E-12   -72.62
  -85.00   310.00     -17.88  -26.44  -17.32    0.04569   -20.33  LEFT      9.85892E-02   -65.16    3.68054E-02   106.84
  -80.00   310.00     -14.46  -20.58  -13.51    0.09835   -25.87  LEFT      1.46269E-01   -59.57    7.22843E-02   106.24
  -75.00   310.00     -13.21  -17.24  -11.76    0.14868   -31.53  LEFT      1.68916E-01   -55.59    1.06193E-01   105.58
  -70.00   310.00     -12.82  -14.94  -10.74    0.19674   -37.48  LEFT      1.76706E-01   -52.16    1.38338E-01   104.87
  -65.00   310.00     -12.93  -13.22  -10.06    0.24165   -43.90  LEFT      1.74455E-01   -48.69    1.68583E-01   104.12
  -60.00   310.00     -13.41  -11.88   -9.57    0.28131   -50.92  LEFT      1.64931E-01   -44.69    1.96848E-01   103.33
  -55.00   310.00     -14.23  -10.79   -9.17    0.31232   -58.63  LEFT      1.50132E-01   -39.58    2.23105E-01   102.51
  -50.00   310.00     -15.35   -9.89   -8.81    0.33042   -66.96  LEFT      1.31944E-01   -32.49    2.47373E-01   101.67
  -45.00   310.00     -16.72   -9.14   -8.44    0.33211   -75.61  LEFT      1.12779E-01   -22.01    2.69709E-01   100.81
  -40.00   310.00     -18.07   -8.51   -8.05    0.31654   -84.15  LEFT      9.64969E-02    -6.15    2.90200E-01    99.93
  -35.00   310.00     -18.75   -7.96   -7.62    0.28630    87.83  LEFT      8.92166E-02    15.96    3.08944E-01    99.03
  -30.00   310.00     -18.05   -7.50   -7.13    0.24617    80.56  LEFT      9.67816E-02    39.83    3.26049E-01    98.13
  -25.00   310.00     -16.24   -7.09   -6.59    0.20114    74.07  LEFT      1.19079E-01    58.76    3.41613E-01    97.22
  -20.00   310.00     -14.14   -6.74   -6.01    0.15518    68.29  LEFT      1.51696E-01    71.47    3.55714E-01    96.30
  -15.00   310.00     -12.14   -6.43   -5.40    0.11089    63.10  LEFT      1.90978E-01    79.81    3.68406E-01    95.37
  -10.00   310.00     -10.34   -6.17   -4.76    0.06981    58.39  LEFT      2.34965E-01    85.49    3.79704E-01    94.43
   -5.00   310.00      -8.73   -5.95   -4.11    0.03272    54.05  LEFT      2.82738E-01    89.54    3.89577E-01    93.48
    0.00   310.00      -7.29   -5.76   -3.45    0.00000    50.00  LINEAR    3.33917E-01    92.53    3.97947E-01    92.53
  -90.00   315.00    -999.99 -999.99 -999.99    0.00000     0.00            6.97231E-12   105.43    1.92034E-12   -70.62
  -85.00   315.00     -19.39  -27.56  -18.77    0.03798   -21.22  LEFT      8.28979E-02   -64.74    3.23449E-02   108.83
  -80.00   315.00     -15.98  -21.69  -14.95    0.09144   -27.04  LEFT      1.22731E-01   -58.98    6.35780E-02   108.19
  -75.00   315.00     -14.76  -18.34  -13.18    0.14386   -33.00  LEFT      1.41212E-01   -54.71    9.35330E-02   107.47
  -70.00   315.00     -14.42  -16.03  -12.14    0.19548   -39.30  LEFT      1.46910E-01   -50.80    1.22080E-01   106.67
  -65.00   315.00     -14.60  -14.29  -11.43    0.24528   -46.15  LEFT      1.43931E-01   -46.60    1.49128E-01   105.82
  -60.00   315.00     -15.17  -12.92  -10.89    0.29050   -53.74  LEFT      1.34751E-01   -41.46    1.74624E-01   104.91
  -55.00   315.00     -16.08  -11.80  -10.42    0.32633   -62.19  LEFT      1.21363E-01   -34.53    1.98550E-01   103.96
  -50.00   315.00     -17.25  -10.88   -9.98    0.34670   -71.39  LEFT      1.06037E-01   -24.53    2.20915E-01   102.97
  -45.00   315.00     -18.47  -10.09   -9.50    0.34684   -80.91  LEFT      9.21965E-02    -9.62    2.41756E-01   101.96
  -40.00   315.00     -19.15   -9.42   -8.98    0.32649    89.89  LEFT      8.52534E-02    11.24    2.61119E-01   100.93
  -35.00   315.00     -18.58   -8.85   -8.41    0.29029    81.51  LEFT      9.09993E-02    34.62    2.79062E-01    99.89
  -30.00   315.00     -16.89   -8.35   -7.78    0.24504    74.15  LEFT      1.10596E-01    54.07    2.95639E-01    98.85
  -25.00   315.00     -14.80   -7.91   -7.10    0.19674    67.76  LEFT      1.40637E-01    67.50    3.10894E-01    97.80
  -20.00   315.00     -12.77   -7.53   -6.39    0.14944    62.17  LEFT      1.77661E-01    76.42    3.24855E-01    96.74
  -15.00   315.00     -10.93   -7.19   -5.66    0.10536    57.23  LEFT      2.19623E-01    82.51    3.37525E-01    95.69
  -10.00   315.00      -9.28   -6.91   -4.92    0.06558    52.80  LEFT      2.65489E-01    86.84    3.48877E-01    94.63
   -5.00   315.00      -7.80   -6.66   -4.18    0.03045    48.75  LEFT      3.14781E-01    90.06    3.58847E-01    93.58
    0.00   315.00      -6.46   -6.46   -3.45    0.00000    45.00  LINEAR    3.67330E-01    92.53    3.67330E-01    92.53
  -90.00   320.00    -999.99 -999.99 -999.99    0.00000     0.00            5.83947E-12   104.93    1.66353E-12   -68.61
  -85.00   320.00     -20.94  -28.81  -20.28    0.02423   -21.97  LEFT      6.93618E-02   -65.18    2.80289E-02   110.82
  -80.00   320.00     -17.56  -22.93  -16.45    0.07750   -28.07  LEFT      1.02394E-01   -59.23    5.51409E-02   110.14
  -75.00   320.00     -16.38  -19.57  -14.68    0.13180   -34.34  LEFT      1.17215E-01   -54.58    8.12334E-02   109.35
  -70.00   320.00     -16.10  -17.24  -13.62    0.18767   -41.00  LEFT      1.21024E-01   -50.09    1.06228E-01   108.47
  -65.00   320.00     -16.37  -15.48  -12.89    0.24393   -48.32  LEFT      1.17357E-01   -44.93    1.30073E-01   107.50
  -60.00   320.00     -17.05  -14.08  -12.31    0.29690   -56.56  LEFT      1.08516E-01   -38.24    1.52739E-01   106.46
  -55.00   320.00     -18.05  -12.94  -11.77    0.33963   -65.92  LEFT      9.66957E-02   -28.77    1.74215E-01   105.37
  -50.00   320.00     -19.18  -11.98  -11.22    0.36312   -76.21  LEFT      8.49192E-02   -14.73    1.94509E-01   104.24
  -45.00   320.00     -19.92  -11.17  -10.62    0.36087   -86.76  LEFT      7.80228E-02     5.32    2.13636E-01   103.08
  -40.00   320.00     -19.50  -10.47   -9.95    0.33408    83.35  LEFT      8.18944E-02    28.91    2.31617E-01   101.90
  -35.00   320.00     -17.86   -9.86   -9.22    0.29080    74.69  LEFT      9.89135E-02    49.43    2.48472E-01   100.71
  -30.00   320.00     -15.72   -9.32   -8.42    0.24031    67.36  LEFT      1.26547E-01    63.85    2.64213E-01    99.52
  -25.00   320.00     -13.60   -8.85   -7.60    0.18931    61.16  LEFT      1.61471E-01    73.41    2.78842E-01    98.34
  -20.00   320.00     -11.67   -8.44   -6.75    0.14149    55.86  LEFT      2.01563E-01    79.89    2.92342E-01    97.16
  -15.00   320.00      -9.95   -8.08   -5.91    0.09844    51.24  LEFT      2.45683E-01    84.48    3.04676E-01    95.99
  -10.00   320.00      -8.42   -7.77   -5.07    0.06060    47.13  LEFT      2.93255E-01    87.87    3.15782E-01    94.82
   -5.00   320.00      -7.03   -7.51   -4.25    0.02788    43.42  LEFT      3.44029E-01    90.47    3.25570E-01    93.67
    0.00   320.00      -5.76   -7.29   -3.45    0.00000    40.00  LINEAR    3.97947E-01    92.53    3.33917E-01    92.53
  -90.00   325.00    -999.99 -999.99 -999.99    0.00000     0.00            4.88256E-12   103.33    1.41817E-12   -66.64
  -85.00   325.00     -22.50  -30.19  -21.82    0.00317   -22.42  LEFT      5.79192E-02   -66.71    2.38996E-02   112.78
  -80.00   325.00     -19.16  -24.31  -18.00    0.05484   -28.82  LEFT      8.51556E-02   -60.53    4.70555E-02   112.05
  -75.00   325.00     -18.04  -20.93  -16.24    0.11068   -35.41  LEFT      9.67888E-02   -55.46    6.94142E-02   111.19
  -70.00   325.00     -17.86  -18.59  -15.20    0.17168   -42.46  LEFT      9.88726E-02   -50.23    9.09386E-02   110.21
  -65.00   325.00     -18.25  -16.81  -14.46    0.23661   -50.31  LEFT      9.45080E-02   -43.85    1.11606E-01   109.13
  -60.00   325.00     -19.07  -15.39  -13.84    0.30049   -59.34  LEFT      8.59786E-02   -35.06    1.31408E-01   107.96
  -55.00   325.00     -20.15  -14.22  -13.23    0.35308   -69.83  LEFT      7.59562E-02   -22.01    1.50341E-01   106.73
  -50.00   325.00     -21.02  -13.23  -12.57    0.38048   -81.53  LEFT      6.86958E-02    -2.68    1.68411E-01   105.44
  -45.00   325.00     -20.83  -12.39  -11.81    0.37391    86.67  LEFT      7.02241E-02    21.73    1.85621E-01   104.13
  -40.00   325.00     -19.24  -11.66  -10.96    0.33814    76.09  LEFT      8.43517E-02    44.23    2.01971E-01   102.81
  -35.00   325.00     -16.97  -11.01  -10.03    0.28662    67.30  LEFT      1.09470E-01    60.22    2.17454E-01   101.48
  -30.00   325.00     -14.70  -10.45   -9.06    0.23116    60.16  LEFT      1.42279E-01    70.65    2.32051E-01   100.15
  -25.00   325.00     -12.63   -9.95   -8.08    0.17844    54.29  LEFT      1.80526E-01    77.59    2.45729E-01    98.84
  -20.00   325.00     -10.80   -9.51   -7.10    0.13120    49.36  LEFT      2.22969E-01    82.42    2.58441E-01    97.54
  -15.00   325.00      -9.17   -9.13   -6.14    0.09010    45.13  LEFT      2.68937E-01    85.96    2.70119E-01    96.26
  -10.00   325.00      -7.71   -8.80   -5.21    0.05490    41.40  LEFT      3.18088E-01    88.66    2.80675E-01    95.00
   -5.00   325.00      -6.39   -8.51   -4.31    0.02505    38.06  LEFT      3.70287E-01    90.80    2.90001E-01    93.75
    0.00   325.00      -5.18   -8.28   -3.45    0.00000    35.00  LINEAR    4.25536E-01    92.53    2.97963E-01    92.53
  -90.00   330.00    -999.99 -999.99 -999.99    0.00000     0.00            4.09758E-12   100.46    1.18512E-12   -64.76
  -85.00   330.00     -24.04  -31.75  -23.36    0.02553   -22.34  RIGHT     4.85209E-02   -69.51    1.99782E-02   114.65
  -80.00   330.00     -20.74  -25.86  -19.58    0.02242   -29.01  LEFT      7.09374E-02   -63.09    3.93640E-02   113.88
  -75.00   330.00     -19.72  -22.47  -17.87    0.07894   -35.95  LEFT      7.98240E-02   -57.56    5.81397E-02   112.95
  -70.00   330.00     -19.67  -20.11  -16.87    0.14593   -43.47  LEFT      8.03081E-02   -51.50    7.62973E-02   111.87
  -65.00   330.00     -20.24  -18.31  -16.16    0.22244   -51.97  LEFT      7.51855E-02   -43.59    9.38367E-02   110.67
  -60.00   330.00     -21.25  -16.87  -15.52    0.30190   -61.98  LEFT      6.68996E-02   -31.93    1.10763E-01   109.37
  -55.00   330.00     -22.34  -15.68  -14.83    0.36860   -74.01  LEFT      5.90094E-02   -13.84    1.27081E-01   108.00
  -50.00   330.00     -22.58  -14.67  -14.02    0.40007   -87.62  LEFT      5.74282E-02    11.59    1.42796E-01   106.57
  -45.00   330.00     -21.14  -13.79  -13.06    0.38507    79.09  LEFT      6.78049E-02    37.45    1.57903E-01   105.11
  -40.00   330.00     -18.68  -13.03  -11.99    0.33670    67.96  LEFT      8.99327E-02    56.13    1.72389E-01   103.64
  -35.00   330.00     -16.15  -12.36  -10.84    0.27612    59.29  LEFT      1.20383E-01    67.93    1.86228E-01   102.18
  -30.00   330.00     -13.86  -11.77   -9.68    0.21671    52.54  LEFT      1.56634E-01    75.50    1.99382E-01   100.72
  -25.00   330.00     -11.86  -11.24   -8.53    0.16378    47.14  LEFT      1.97311E-01    80.64    2.11795E-01    99.29
  -20.00   330.00     -10.10  -10.78   -7.41    0.11849    42.69  LEFT      2.41658E-01    84.32    2.23398E-01    97.88
  -15.00   330.00      -8.54  -10.37   -6.35    0.08038    38.91  LEFT      2.89246E-01    87.10    2.34104E-01    96.50
  -10.00   330.00      -7.14  -10.02   -5.33    0.04851    35.61  LEFT      3.39848E-01    89.28    2.43812E-01    95.15
   -5.00   330.00      -5.86   -9.72   -4.37    0.02197    32.67  LEFT      3.93385E-01    91.06    2.52403E-01    93.83
    0.00   330.00      -4.70   -9.47   -3.45    0.00000    30.00  LINEAR    4.49885E-01    92.53    2.59742E-01    92.53
  -90.00   335.00    -999.99 -999.99 -999.99    0.00000     0.00            3.48042E-12    96.28    9.64781E-13   -63.01
  -85.00   335.00     -25.48  -33.53  -24.85    0.05966   -21.37  RIGHT     4.11170E-02   -73.63    1.62667E-02   116.38
  -80.00   335.00     -22.25  -27.64  -21.14    0.01877   -28.25  RIGHT     5.96670E-02   -67.01    3.20724E-02   115.57
  -75.00   335.00     -21.34  -24.24  -19.54    0.03621   -35.58  LEFT      6.62352E-02   -61.06    4.74221E-02   114.56
  -70.00   335.00     -21.47  -21.87  -18.66    0.10925   -43.67  LEFT      6.52211E-02   -54.12    6.23266E-02   113.39
  -65.00   335.00     -22.31  -20.05  -18.03    0.20087   -53.00  LEFT      5.92289E-02   -44.39    7.68001E-02   112.08
  -60.00   335.00     -23.60  -18.59  -17.40    0.30290   -64.33  LEFT      5.10713E-02   -28.84    9.08570E-02   110.66
  -55.00   335.00     -24.55  -17.38  -16.62    0.39009   -78.56  LEFT      4.57847E-02    -3.76    1.04509E-01   109.15
  -50.00   335.00     -23.63  -16.34  -15.60    0.42350    85.08  LEFT      5.08579E-02    26.99    1.17758E-01   107.58
  -45.00   335.00     -20.99  -15.44  -14.37    0.39179    70.12  LEFT      6.89465E-02    50.63    1.30599E-01   105.99
  -40.00   335.00     -18.07  -14.65  -13.02    0.32649    58.80  LEFT      9.65117E-02    64.87    1.43010E-01   104.39
  -35.00   335.00     -15.45  -13.96  -11.63    0.25733    50.62  LEFT      1.30419E-01    73.46    1.54958E-01   102.80
  -30.00   335.00     -13.20  -13.34  -10.26    0.19612    44.51  LEFT      1.69063E-01    79.03    1.66390E-01   101.22
  -25.00   335.00     -11.25  -12.79   -8.94    0.14511    39.73  LEFT      2.11598E-01    82.90    1.77242E-01    99.69
  -20.00   335.00      -9.54  -12.30   -7.70    0.10338    35.85  LEFT      2.57521E-01    85.77    1.87433E-01    98.18
  -15.00   335.00      -8.03  -11.88   -6.53    0.06933    32.59  LEFT      3.06520E-01    87.98    1.96871E-01    96.71
  -10.00   335.00      -6.67  -11.51   -5.44    0.04149    29.76  LEFT      3.58424E-01    89.77    2.05449E-01    95.28
   -5.00   335.00      -5.44  -11.19   -4.41    0.01867    27.26  LEFT      4.13175E-01    91.26    2.13049E-01    93.89
    0.00   335.00      -4.30  -10.93   -3.45    0.00000    25.00  LINEAR    4.70812E-01    92.53    2.19543E-01    92.53
  -90.00   340.00    -999.99 -999.99 -999.99    0.00000     0.00            3.02351E-12    91.05    7.56140E-13   -61.47
  -85.00   340.00     -26.73  -35.65  -26.20    0.09213   -19.09  RIGHT     3.56202E-02   -78.83    1.27513E-02   117.91
  -80.00   340.00     -23.57  -29.75  -22.63    0.06315   -25.97  RIGHT     5.12301E-02   -72.10    2.51554E-02   117.05
  -75.00   340.00     -22.81  -26.34  -21.22    0.01476   -33.65  RIGHT     5.59151E-02   -65.85    3.72291E-02   115.99
  -70.00   340.00     -23.19  -23.96  -20.55    0.06170   -42.45  LEFT      5.35174E-02   -58.18    4.89928E-02   114.73
  -65.00   340.00     -24.41  -22.13  -20.11    0.17178   -52.89  LEFT      4.65205E-02   -46.49    6.04677E-02   113.32
  -60.00   340.00     -26.09  -20.65  -19.56    0.30753   -66.08  LEFT      3.83275E-02   -25.72    7.16729E-02   111.78
  -55.00   340.00     -26.58  -19.42  -18.65    0.42548   -83.81  LEFT      3.62403E-02     8.49    8.26218E-02   110.15
  -50.00   340.00     -24.12  -18.36  -17.34    0.45112    75.62  LEFT      4.80990E-02    41.47    9.33188E-02   108.46
  -45.00   340.00     -20.64  -17.44  -15.74    0.38761    59.25  LEFT      7.17875E-02    60.67    1.03756E-01   106.74
  -40.00   340.00     -17.52  -16.63  -14.04    0.30268    48.53  LEFT      1.02791E-01    71.14    1.13911E-01   105.03
  -35.00   340.00     -14.90  -15.91  -12.37    0.22812    41.32  LEFT      1.38966E-01    77.44    1.23747E-01   103.32
  -30.00   340.00     -12.69  -15.27  -10.78    0.16876    36.10  LEFT      1.79322E-01    81.61    1.33211E-01   101.65
  -25.00   340.00     -10.78  -14.70   -9.30    0.12237    32.09  LEFT      2.23295E-01    84.59    1.42237E-01   100.02
  -20.00   340.00      -9.12  -14.20   -7.94    0.08597    28.86  LEFT      2.70508E-01    86.85    1.50746E-01    98.43
  -15.00   340.00      -7.64  -13.75   -6.69    0.05708    26.18  LEFT      3.20704E-01    88.66    1.58648E-01    96.89
  -10.00   340.00      -6.31  -13.37   -5.53    0.03391    23.87  LEFT      3.73730E-01    90.15    1.65843E-01    95.39
   -5.00   340.00      -5.10  -13.04   -4.45    0.01517    21.83  LEFT      4.29534E-01    91.42    1.72223E-01    93.94
    0.00   340.00      -3.99  -12.77   -3.45    0.00000    20.00  LINEAR    4.88154E-01    92.53    1.77674E-01    92.53
  -90.00   345.00    -999.99 -999.99 -999.99    0.00000     0.00            2.71171E-12    85.45    5.57651E-13   -60.19
  -85.00   345.00     -27.70  -38.29  -27.33    0.11008   -15.33  RIGHT     3.18554E-02   -84.44    9.40549E-03   119.17
  -80.00   345.00     -24.62  -32.39  -23.95    0.09748   -21.68  RIGHT     4.53956E-02   -77.72    1.85630E-02   118.28
  -75.00   345.00     -24.02  -28.98  -22.82    0.06409   -29.33  RIGHT     4.86530E-02   -71.41    2.74929E-02   117.16
  -70.00   345.00     -24.69  -26.58  -22.52    0.00690   -38.79  LEFT      4.50524E-02   -63.36    3.62171E-02   115.83
  -65.00   345.00     -26.41  -24.74  -22.49    0.13561   -50.65  LEFT      3.69649E-02   -49.93    4.47576E-02   114.33
  -60.00   345.00     -28.65  -23.25  -22.15    0.32469   -66.51  LEFT      2.85450E-02   -22.51    5.31334E-02   112.70
  -55.00   345.00     -28.16  -22.00  -21.06    0.49189    89.27  LEFT      3.01911E-02    22.09    6.13579E-02   110.96
  -50.00   345.00     -24.18  -20.93  -19.25    0.47405    62.20  LEFT      4.77573E-02    53.18    6.94353E-02   109.17
  -45.00   345.00     -20.26  -19.99  -17.11    0.35918    46.17  LEFT      7.49663E-02    67.82    7.73586E-02   107.36
  -40.00   345.00     -17.09  -19.16  -14.99    0.25948    37.22  LEFT      1.08072E-01    75.53    8.51080E-02   105.54
  -35.00   345.00     -14.49  -18.42  -13.02    0.18688    31.47  LEFT      1.45738E-01    80.24    9.26501E-02   103.75
  -30.00   345.00     -12.31  -17.77  -11.22    0.13447    27.37  LEFT      1.87315E-01    83.45    9.99384E-02   101.99
  -25.00   345.00     -10.44  -17.18   -9.60    0.09579    24.25  LEFT      2.32377E-01    85.81    1.06915E-01   100.29
  -20.00   345.00      -8.80  -16.66   -8.14    0.06650    21.76  LEFT      2.80603E-01    87.65    1.13511E-01    98.63
  -15.00   345.00      -7.34  -16.20   -6.81    0.04380    19.70  LEFT      3.31760E-01    89.16    1.19649E-01    97.03
  -10.00   345.00      -6.04  -15.81   -5.60    0.02586    17.94  LEFT      3.85698E-01    90.43    1.25245E-01    95.48
   -5.00   345.00      -4.85  -15.47   -4.48    0.01152    16.39  LEFT      4.42361E-01    91.54    1.30211E-01    93.98
    0.00   345.00      -3.75  -15.19   -3.45    0.00000    15.00  LINEAR    5.01782E-01    92.53    1.34452E-01    92.53
  -90.00   350.00    -999.99 -999.99 -999.99    0.00000     0.00            2.52042E-12    80.46    3.67127E-13   -59.23
  -85.00   350.00     -28.35  -41.92  -28.17    0.10016   -10.44  RIGHT     2.95392E-02   -89.47    6.19339E-03   120.12
  -80.00   350.00     -25.34  -36.01  -24.99    0.10235   -15.34  RIGHT     4.17718E-02   -82.86    1.22274E-02   119.21
  -75.00   350.00     -24.88  -32.60  -24.20    0.09032   -21.87  RIGHT     4.40627E-02   -76.71    1.81191E-02   118.04
  -70.00   350.00     -25.82  -30.20  -24.47    0.04149   -31.08  RIGHT     3.95414E-02   -68.71    2.38865E-02   116.66
  -65.00   350.00     -28.09  -28.35  -25.21    0.09343   -44.14  LEFT      3.04342E-02   -54.23    2.95470E-02   115.09
  -60.00   350.00     -31.06  -26.85  -25.45    0.37449   -63.30  LEFT      2.16362E-02   -19.28    3.51159E-02   113.38
  -55.00   350.00     -29.12  -25.59  -24.00    0.62473    75.78  LEFT      2.70364E-02    34.65    4.06036E-02   111.57
  -50.00   350.00     -24.05  -24.50  -21.26    0.44770    42.77  LEFT      4.84607E-02    61.38    4.60137E-02   109.70
  -45.00   350.00     -19.96  -23.55  -18.38    0.28761    31.23  LEFT      7.76582E-02    72.54    5.13411E-02   107.81
  -40.00   350.00     -16.78  -22.71  -15.79    0.19266    25.13  LEFT      1.12000E-01    78.43    5.65712E-02   105.92
  -35.00   350.00     -14.20  -21.96  -13.53    0.13339    21.19  LEFT      1.50614E-01    82.11    6.16790E-02   104.06
  -30.00   350.00     -12.05  -21.29  -11.56    0.09383    18.39  LEFT      1.93017E-01    84.69    6.66301E-02   102.24
  -25.00   350.00     -10.20  -20.69   -9.83    0.06592    16.25  LEFT      2.38846E-01    86.64    7.13815E-02   100.48
  -20.00   350.00      -8.58  -20.16   -8.29    0.04535    14.56  LEFT      2.87807E-01    88.20    7.58830E-02    98.78
  -15.00   350.00      -7.14  -19.69   -6.90    0.02968    13.16  LEFT      3.39669E-01    89.50    8.00783E-02    97.13
  -10.00   350.00      -5.84  -19.28   -5.65    0.01745    11.97  LEFT      3.94281E-01    90.63    8.39069E-02    95.54
   -5.00   350.00      -4.67  -18.94   -4.51    0.00775    10.93  LEFT      4.51579E-01    91.63    8.73052E-02    94.01
    0.00   350.00      -3.58  -18.66   -3.45    0.00000    10.00  LINEAR    5.11591E-01    92.53    9.02073E-02    92.53
  -90.00   355.00    -999.99 -999.99 -999.99    0.00000     0.00            2.42107E-12    77.03    1.82186E-13   -58.65
  -85.00   355.00     -28.71  -48.01  -28.66    0.05960    -5.18  RIGHT     2.83350E-02   -92.94    3.07330E-03   120.71
  -80.00   355.00     -25.75  -42.10  -25.65    0.06604    -7.81  RIGHT     3.98733E-02   -86.46    6.06869E-03   119.78
  -75.00   355.00     -25.37  -38.68  -25.18    0.06794   -11.60  RIGHT     4.16239E-02   -80.53    8.99574E-03   118.59
  -70.00   355.00     -26.51  -36.28  -26.07    0.05103   -17.78  RIGHT     3.65406E-02   -72.81    1.18644E-02   117.17
  -65.00   355.00     -29.23  -34.42  -28.08    0.04722   -28.72  LEFT      2.67076E-02   -58.03    1.46844E-02   115.56
  -60.00   355.00     -32.88  -32.92  -29.89    0.46270   -44.83  LEFT      1.75330E-02   -16.54    1.74640E-02   113.80
  -55.00   355.00     -29.54  -31.65  -27.46    0.63406    28.01  LEFT      2.57696E-02    43.30    2.02089E-02   111.94
  -50.00   355.00     -23.92  -30.56  -23.06    0.28718    20.29  LEFT      4.92348E-02    66.13    2.29213E-02   110.02
  -45.00   355.00     -19.76  -29.60  -19.33    0.16265    15.57  LEFT      7.94150E-02    75.22    2.55986E-02   108.08
  -40.00   355.00     -16.59  -28.75  -16.34    0.10331    12.64  LEFT      1.14405E-01    80.08    2.82328E-02   106.15
  -35.00   355.00     -14.04  -27.99  -13.86    0.06965    10.66  LEFT      1.53547E-01    83.19    3.08108E-02   104.25
  -30.00   355.00     -11.90  -27.31  -11.77    0.04827     9.23  LEFT      1.96431E-01    85.41    3.33144E-02   102.39
  -25.00   355.00     -10.06  -26.70   -9.97    0.03361     8.15  LEFT      2.42719E-01    87.12    3.57207E-02   100.60
  -20.00   355.00      -8.45  -26.16   -8.38    0.02299     7.30  LEFT      2.92124E-01    88.52    3.80031E-02    98.86
  -15.00   355.00      -7.02  -25.69   -6.96    0.01499     6.59  LEFT      3.44418E-01    89.70    4.01323E-02    97.19
  -10.00   355.00      -5.73  -25.28   -5.68    0.00879     5.99  LEFT      3.99443E-01    90.74    4.20763E-02    95.58
   -5.00   355.00      -4.56  -24.93   -4.52    0.00389     5.47  LEFT      4.57132E-01    91.68    4.38022E-02    94.03
    0.00   355.00      -3.48  -24.64   -3.45    0.00000     5.00  LINEAR    5.17506E-01    92.53    4.52759E-02    92.53
  -90.00   360.00    -999.99 -999.99 -999.99    0.00000     0.00            2.39119E-12    75.82    4.25058E-23   121.56
  -85.00   360.00     -28.83 -999.99  -28.83    0.00000     0.00  LINEAR    2.79686E-02   -94.17    7.17082E-13   -59.09
  -80.00   360.00     -25.87 -999.99  -25.87    0.00000     0.00  LINEAR    3.92932E-02   -87.74    1.41607E-12   -60.03
  -75.00   360.00     -25.53 -999.99  -25.53    0.00000     0.00  LINEAR    4.08729E-02   -81.92    2.09930E-12   -61.23
  -70.00   360.00     -26.73 -999.99  -26.73    0.00000     0.00  LINEAR    3.56039E-02   -74.35    2.76916E-12   -62.66
  -65.00   360.00     -29.63 -999.99  -29.63    0.00000     0.00  LINEAR    2.55103E-02   -59.59    3.42800E-12   -64.28
  -60.00   360.00     -33.58 -999.99  -33.58    0.00000     0.00  LINEAR    1.61750E-02   -15.39    4.07782E-12   -66.06
  -55.00   360.00     -29.64 -999.99  -29.64    0.00000     0.00  LINEAR    2.54669E-02    46.33    4.72001E-12   -67.93
  -50.00   360.00     -23.86 -999.99  -23.86    0.00000     0.00  LINEAR    4.95477E-02    67.67    5.35507E-12   -69.87
  -45.00   360.00     -19.70 -999.99  -19.70    0.00000     0.00  LINEAR    8.00218E-02    76.09    5.98239E-12   -71.82
  -40.00   360.00     -16.53 -999.99  -16.53    0.00000     0.00  LINEAR    1.15213E-01    80.62    6.60009E-12   -73.77
  -35.00   360.00     -13.98 -999.99  -13.98    0.00000     0.00  LINEAR    1.54526E-01    83.54    7.20504E-12   -75.69
  -30.00   360.00     -11.85 -999.99  -11.85    0.00000     0.00  LINEAR    1.97567E-01    85.64    7.79287E-12   -77.56
  -25.00   360.00     -10.01 -999.99  -10.01    0.00000     0.00  LINEAR    2.44008E-01    87.28    8.35816E-12   -79.36
  -20.00   360.00      -8.41 -999.99   -8.41    0.00000     0.00  LINEAR    2.93563E-01    88.62    8.89458E-12   -81.11
  -15.00   360.00      -6.98 -999.99   -6.98    0.00000     0.00  LINEAR    3.46001E-01    89.77    9.39510E-12   -82.79
  -10.00   360.00      -5.69 -999.99   -5.69    0.00000     0.00  LINEAR    4.01166E-01    90.78    9.85220E-12   -84.41
   -5.00   360.00      -4.52 -999.99   -4.52    0.00000     0.00  LINEAR    4.58987E-01    91.69    1.02580E-11   -85.97
    0.00   360.00      -3.45 -999.99   -3.45    0.00000     0.00  LINEAR    5.19483E-01    92.53    1.06045E-11   -87.47


   AVERAGE POWER GAIN= 7.89364E-01       SOLID ANGLE USED IN AVERAGING=( 2.0000)*PI STERADIANS.




                                     - - - - NORMALIZED GAIN - - - -

                                           TOTAL GAIN
                                      NORMALIZATION FACTOR =     4.76 DB

    - - ANGLES - -      GAIN           - - ANGLES - -      GAIN           - - ANGLES - -      GAIN
    THETA     PHI        DB            THETA     PHI        DB            THETA     PHI        DB
   DEGREES  DEGREES                   DEGREES  DEGREES                   DEGREES  DEGREES
    -90.00     0.00  -1004.75          -55.00   120.00     -2.71          -25.00   240.00     -5.43
    -85.00     0.00    -33.59          -50.00   120.00     -3.00          -20.00   240.00     -5.99
    -80.00     0.00    -30.63          -45.00   120.00     -3.38          -15.00   240.00     -6.56
    -75.00     0.00    -30.29          -40.00   120.00     -3.83          -10.00   240.00     -7.13
    -70.00     0.00    -31.49          -35.00   120.00     -4.33           -5.00   240.00     -7.68
    -65.00     0.00    -34.38          -30.00   120.00     -4.87            0.00   240.00     -8.21
    -60.00     0.00    -38.34          -25.00   120.00     -5.43          -90.00   245.00  -1004.75
    -55.00     0.00    -34.40          -20.00   120.00     -5.99          -85.00   245.00     -8.97
    -50.00     0.00    -28.62          -15.00   120.00     -6.56          -80.00   245.00     -5.42
    -45.00     0.00    -24.45          -10.00   120.00     -7.13          -75.00   245.00     -3.98
    -40.00     0.00    -21.29           -5.00   120.00     -7.68          -70.00   245.00     -3.31
    -35.00     0.00    -18.74            0.00   120.00     -8.21          -65.00   245.00     -3.04
    -30.00     0.00    -16.60          -90.00   125.00  -1004.75          -60.00   245.00     -3.02
    -25.00     0.00    -14.77          -85.00   125.00     -7.94          -55.00   245.00     -3.17
    -20.00     0.00    -13.16          -80.00   125.00     -4.41          -50.00   245.00     -3.44
    -15.00     0.00    -11.74          -75.00   125.00     -2.99          -45.00   245.00     -3.80
    -10.00     0.00    -10.45          -70.00   125.00     -2.34          -40.00   245.00     -4.22
     -5.00     0.00     -9.28          -65.00   125.00     -2.10          -35.00   245.00     -4.69
      0.00     0.00     -8.21          -60.00   125.00     -2.11          -30.00   245.00     -5.20
    -90.00     5.00  -1004.75          -55.00   125.00     -2.29          -25.00   245.00     -5.72
    -85.00     5.00    -33.42          -50.00   125.00     -2.60          -20.00   245.00     -6.24
    -80.00     5.00    -30.41          -45.00   125.00     -3.00          -15.00   245.00     -6.76
    -75.00     5.00    -29.93          -40.00   125.00     -3.48          -10.00   245.00     -7.27
    -70.00     5.00    -30.83          -35.00   125.00     -4.00           -5.00   245.00     -7.75
    -65.00     5.00    -32.84          -30.00   125.00     -4.57            0.00   245.00     -8.21
    -60.00     5.00    -34.65          -25.00   125.00     -5.16          -90.00   250.00  -1004.75
    -55.00     5.00    -32.22          -20.00   125.00     -5.77          -85.00   250.00     -9.58
    -50.00     5.00    -27.82          -15.00   125.00     -6.38          -80.00   250.00     -6.02
    -45.00     5.00    -24.09          -10.00   125.00     -7.00          -75.00   250.00     -4.56
    -40.00     5.00    -21.09           -5.00   125.00     -7.61          -70.00   250.00     -3.88
    -35.00     5.00    -18.62            0.00   125.00     -8.21          -65.00   250.00     -3.60
    -30.00     5.00    -16.53          -90.00   130.00  -1004.75          -60.00   250.00     -3.56
    -25.00     5.00    -14.72          -85.00   130.00     -7.51          -55.00   250.00     -3.68
    -20.00     5.00    -13.13          -80.00   130.00     -3.99          -50.00   250.00     -3.92
    -15.00     5.00    -11.72          -75.00   130.00     -2.57          -45.00   250.00     -4.25
    -10.00     5.00    -10.44          -70.00   130.00     -1.94          -40.00   250.00     -4.65
     -5.00     5.00     -9.28          -65.00   130.00     -1.71          -35.00   250.00     -5.09
      0.00     5.00     -8.21          -60.00   130.00     -1.73          -30.00   250.00     -5.55
    -90.00    10.00  -1004.75          -55.00   130.00     -1.92          -25.00   250.00     -6.03
    -85.00    10.00    -32.92          -50.00   130.00     -2.24          -20.00   250.00     -6.51
    -80.00    10.00    -29.74          -45.00   130.00     -2.66          -15.00   250.00     -6.97
    -75.00    10.00    -28.96          -40.00   130.00     -3.16          -10.00   250.00     -7.42
    -70.00    10.00    -29.23          -35.00   130.00     -3.70           -5.00   250.00     -7.83
    -65.00    10.00    -29.97          -30.00   130.00     -4.30            0.00   250.00     -8.21
    -60.00    10.00    -30.21          -25.00   130.00     -4.92          -90.00   255.00  -1004.75
    -55.00    10.00    -28.75          -20.00   130.00     -5.56          -85.00   255.00    -10.25
    -50.00    10.00    -26.02          -15.00   130.00     -6.21          -80.00   255.00     -6.68
    -45.00    10.00    -23.14          -10.00   130.00     -6.87          -75.00   255.00     -5.21
    -40.00    10.00    -20.55           -5.00   130.00     -7.54          -70.00   255.00     -4.51
    -35.00    10.00    -18.29            0.00   130.00     -8.21          -65.00   255.00     -4.20
    -30.00    10.00    -16.32          -90.00   135.00  -1004.75          -60.00   255.00     -4.14
    -25.00    10.00    -14.59          -85.00   135.00     -7.14          -55.00   255.00     -4.24
    -20.00    10.00    -13.05          -80.00   135.00     -3.62          -50.00   255.00     -4.46
    -15.00    10.00    -11.66          -75.00   135.00     -2.21          -45.00   255.00     -4.76
    -10.00    10.00    -10.41          -70.00   135.00     -1.58          -40.00   255.00     -5.12
     -5.00    10.00     -9.26          -65.00   135.00     -1.36          -35.00   255.00     -5.52
      0.00    10.00     -8.21          -60.00   135.00     -1.39          -30.00   255.00     -5.94
    -90.00    15.00  -1004.75          -55.00   135.00     -1.60          -25.00   255.00     -6.37
    -85.00    15.00    -32.09          -50.00   135.00     -1.93          -20.00   255.00     -6.79
    -80.00    15.00    -28.71          -45.00   135.00     -2.36          -15.00   255.00     -7.20
    -75.00    15.00    -27.57          -40.00   135.00     -2.87          -10.00   255.00     -7.58
    -70.00    15.00    -27.28          -35.00   135.00     -3.44           -5.00   255.00     -7.91
    -65.00    15.00    -27.24          -30.00   135.00     -4.05            0.00   255.00     -8.21
    -60.00    15.00    -26.91          -25.00   135.00     -4.70          -90.00   260.00  -1004.75
    -55.00    15.00    -25.82          -20.00   135.00     -5.37          -85.00   260.00    -10.99
    -50.00    15.00    -24.01          -15.00   135.00     -6.06          -80.00   260.00     -7.41
    -45.00    15.00    -21.87          -10.00   135.00     -6.76          -75.00   260.00     -5.92
    -40.00    15.00    -19.75           -5.00   135.00     -7.48          -70.00   260.00     -5.20
    -35.00    15.00    -17.77            0.00   135.00     -8.21          -65.00   260.00     -4.87
    -30.00    15.00    -15.98          -90.00   140.00  -1004.75          -60.00   260.00     -4.78
    -25.00    15.00    -14.36          -85.00   140.00     -6.81          -55.00   260.00     -4.85
    -20.00    15.00    -12.90          -80.00   140.00     -3.30          -50.00   260.00     -5.03
    -15.00    15.00    -11.57          -75.00   140.00     -1.89          -45.00   260.00     -5.30
    -10.00    15.00    -10.36          -70.00   140.00     -1.27          -40.00   260.00     -5.62
     -5.00    15.00     -9.24          -65.00   140.00     -1.06          -35.00   260.00     -5.98
      0.00    15.00     -8.21          -60.00   140.00     -1.09          -30.00   260.00     -6.35
    -90.00    20.00  -1004.75          -55.00   140.00     -1.31          -25.00   260.00     -6.73
    -85.00    20.00    -30.96          -50.00   140.00     -1.65          -20.00   260.00     -7.10
    -80.00    20.00    -27.39          -45.00   140.00     -2.10          -15.00   260.00     -7.44
    -75.00    20.00    -25.97          -40.00   140.00     -2.62          -10.00   260.00     -7.74
    -70.00    20.00    -25.31          -35.00   140.00     -3.20           -5.00   260.00     -8.00
    -65.00    20.00    -24.87          -30.00   140.00     -3.83            0.00   260.00     -8.21
    -60.00    20.00    -24.32          -25.00   140.00     -4.50          -90.00   265.00  -1004.75
    -55.00    20.00    -23.41          -20.00   140.00     -5.20          -85.00   265.00    -11.80
    -50.00    20.00    -22.10          -15.00   140.00     -5.92          -80.00   265.00     -8.20
    -45.00    20.00    -20.50          -10.00   140.00     -6.66          -75.00   265.00     -6.69
    -40.00    20.00    -18.80           -5.00   140.00     -7.43          -70.00   265.00     -5.95
    -35.00    20.00    -17.13            0.00   140.00     -8.21          -65.00   265.00     -5.59
    -30.00    20.00    -15.54          -90.00   145.00  -1004.75          -60.00   265.00     -5.47
    -25.00    20.00    -14.06          -85.00   145.00     -6.53          -55.00   265.00     -5.51
    -20.00    20.00    -12.70          -80.00   145.00     -3.02          -50.00   265.00     -5.66
    -15.00    20.00    -11.45          -75.00   145.00     -1.62          -45.00   265.00     -5.89
    -10.00    20.00    -10.29          -70.00   145.00     -1.01          -40.00   265.00     -6.16
     -5.00    20.00     -9.21          -65.00   145.00     -0.80          -35.00   265.00     -6.47
      0.00    20.00     -8.21          -60.00   145.00     -0.84          -30.00   265.00     -6.80
    -90.00    25.00  -1004.75          -55.00   145.00     -1.06          -25.00   265.00     -7.11
    -85.00    25.00    -29.61          -50.00   145.00     -1.42          -20.00   265.00     -7.41
    -80.00    25.00    -25.90          -45.00   145.00     -1.87          -15.00   265.00     -7.68
    -75.00    25.00    -24.30          -40.00   145.00     -2.40          -10.00   265.00     -7.91
    -70.00    25.00    -23.41          -35.00   145.00     -3.00           -5.00   265.00     -8.09
    -65.00    25.00    -22.78          -30.00   145.00     -3.65            0.00   265.00     -8.21
    -60.00    25.00    -22.16          -25.00   145.00     -4.33          -90.00   270.00  -1004.75
    -55.00    25.00    -21.37          -20.00   145.00     -5.05          -85.00   270.00    -12.68
    -50.00    25.00    -20.36          -15.00   145.00     -5.80          -80.00   270.00     -9.05
    -45.00    25.00    -19.13          -10.00   145.00     -6.57          -75.00   270.00     -7.52
    -40.00    25.00    -17.78           -5.00   145.00     -7.38          -70.00   270.00     -6.76
    -35.00    25.00    -16.39            0.00   145.00     -8.21          -65.00   270.00     -6.37
    -30.00    25.00    -15.02          -90.00   150.00  -1004.75          -60.00   270.00     -6.22
    -25.00    25.00    -13.70          -85.00   150.00     -6.30          -55.00   270.00     -6.22
    -20.00    25.00    -12.46          -80.00   150.00     -2.79          -50.00   270.00     -6.33
    -15.00    25.00    -11.29          -75.00   150.00     -1.39          -45.00   270.00     -6.52
    -10.00    25.00    -10.20          -70.00   150.00     -0.78          -40.00   270.00     -6.75
     -5.00    25.00     -9.17          -65.00   150.00     -0.58          -35.00   270.00     -7.00
      0.00    25.00     -8.21          -60.00   150.00     -0.63          -30.00   270.00     -7.27
    -90.00    30.00  -1004.75          -55.00   150.00     -0.85          -25.00   270.00     -7.52
    -85.00    30.00    -28.12          -50.00   150.00     -1.21          -20.00   270.00     -7.75
    -80.00    30.00    -24.34          -45.00   150.00     -1.68          -15.00   270.00     -7.94
    -75.00    30.00    -22.63          -40.00   150.00     -2.22          -10.00   270.00     -8.09
    -70.00    30.00    -21.63          -35.00   150.00     -2.82           -5.00   270.00     -8.18
    -65.00    30.00    -20.92          -30.00   150.00     -3.48            0.00   270.00     -8.21
    -60.00    30.00    -20.28          -25.00   150.00     -4.18          -90.00   275.00  -1004.75
    -55.00    30.00    -19.59          -20.00   150.00     -4.92          -85.00   275.00    -13.62
    -50.00    30.00    -18.77          -15.00   150.00     -5.69          -80.00   275.00     -9.98
    -45.00    30.00    -17.82          -10.00   150.00     -6.49          -75.00   275.00     -8.42
    -40.00    30.00    -16.74           -5.00   150.00     -7.33          -70.00   275.00     -7.63
    -35.00    30.00    -15.60            0.00   150.00     -8.21          -65.00   275.00     -7.21
    -30.00    30.00    -14.44          -90.00   155.00  -1004.75          -60.00   275.00     -7.03
    -25.00    30.00    -13.29          -85.00   155.00     -6.11          -55.00   275.00     -6.99
    -20.00    30.00    -12.17          -80.00   155.00     -2.60          -50.00   275.00     -7.06
    -15.00    30.00    -11.11          -75.00   155.00     -1.21          -45.00   275.00     -7.19
    -10.00    30.00    -10.09          -70.00   155.00     -0.60          -40.00   275.00     -7.37
     -5.00    30.00     -9.13          -65.00   155.00     -0.40          -35.00   275.00     -7.57
      0.00    30.00     -8.21          -60.00   155.00     -0.45          -30.00   275.00     -7.76
    -90.00    35.00  -1004.75          -55.00   155.00     -0.68          -25.00   275.00     -7.95
    -85.00    35.00    -26.58          -50.00   155.00     -1.05          -20.00   275.00     -8.10
    -80.00    35.00    -22.76          -45.00   155.00     -1.51          -15.00   275.00     -8.21
    -75.00    35.00    -21.00          -40.00   155.00     -2.06          -10.00   275.00     -8.27
    -70.00    35.00    -19.96          -35.00   155.00     -2.68           -5.00   275.00     -8.27
    -65.00    35.00    -19.22          -30.00   155.00     -3.35            0.00   275.00     -8.21
    -60.00    35.00    -18.60          -25.00   155.00     -4.06          -90.00   280.00  -1004.75
    -55.00    35.00    -17.99          -20.00   155.00     -4.81          -85.00   280.00    -14.63
    -50.00    35.00    -17.32          -15.00   155.00     -5.60          -80.00   280.00    -10.97
    -45.00    35.00    -16.57          -10.00   155.00     -6.43          -75.00   280.00     -9.39
    -40.00    35.00    -15.71           -5.00   155.00     -7.30          -70.00   280.00     -8.56
    -35.00    35.00    -14.79            0.00   155.00     -8.21          -65.00   280.00     -8.11
    -30.00    35.00    -13.82          -90.00   160.00  -1004.75          -60.00   280.00     -7.89
    -25.00    35.00    -12.84          -85.00   160.00     -5.96          -55.00   280.00     -7.81
    -20.00    35.00    -11.86          -80.00   160.00     -2.45          -50.00   280.00     -7.83
    -15.00    35.00    -10.90          -75.00   160.00     -1.06          -45.00   280.00     -7.91
    -10.00    35.00     -9.97          -70.00   160.00     -0.45          -40.00   280.00     -8.03
     -5.00    35.00     -9.07          -65.00   160.00     -0.25          -35.00   280.00     -8.16
      0.00    35.00     -8.21          -60.00   160.00     -0.31          -30.00   280.00     -8.29
    -90.00    40.00  -1004.75          -55.00   160.00     -0.54          -25.00   280.00     -8.39
    -85.00    40.00    -25.04          -50.00   160.00     -0.91          -20.00   280.00     -8.46
    -80.00    40.00    -21.21          -45.00   160.00     -1.38          -15.00   280.00     -8.48
    -75.00    40.00    -19.44          -40.00   160.00     -1.94          -10.00   280.00     -8.45
    -70.00    40.00    -18.38          -35.00   160.00     -2.56           -5.00   280.00     -8.36
    -65.00    40.00    -17.65          -30.00   160.00     -3.23            0.00   280.00     -8.21
    -60.00    40.00    -17.07          -25.00   160.00     -3.96          -90.00   285.00  -1004.75
    -55.00    40.00    -16.53          -20.00   160.00     -4.72          -85.00   285.00    -15.71
    -50.00    40.00    -15.98          -15.00   160.00     -5.53          -80.00   285.00    -12.02
    -45.00    40.00    -15.38          -10.00   160.00     -6.37          -75.00   285.00    -10.42
    -40.00    40.00    -14.71           -5.00   160.00     -7.26          -70.00   285.00     -9.56
    -35.00    40.00    -13.97            0.00   160.00     -8.21          -65.00   285.00     -9.07
    -30.00    40.00    -13.18          -90.00   165.00  -1004.75          -60.00   285.00     -8.81
    -25.00    40.00    -12.36          -85.00   165.00     -5.84          -55.00   285.00     -8.68
    -20.00    40.00    -11.51          -80.00   165.00     -2.33          -50.00   285.00     -8.65
    -15.00    40.00    -10.67          -75.00   165.00     -0.94          -45.00   285.00     -8.67
    -10.00    40.00     -9.83          -70.00   165.00     -0.34          -40.00   285.00     -8.73
     -5.00    40.00     -9.01          -65.00   165.00     -0.14          -35.00   285.00     -8.79
      0.00    40.00     -8.21          -60.00   165.00     -0.20          -30.00   285.00     -8.84
    -90.00    45.00  -1004.75          -55.00   165.00     -0.43          -25.00   285.00     -8.86
    -85.00    45.00    -23.53          -50.00   165.00     -0.81          -20.00   285.00     -8.83
    -80.00    45.00    -19.71          -45.00   165.00     -1.28          -15.00   285.00     -8.76
    -75.00    45.00    -17.94          -40.00   165.00     -1.84          -10.00   285.00     -8.63
    -70.00    45.00    -16.90          -35.00   165.00     -2.47           -5.00   285.00     -8.45
    -65.00    45.00    -16.19          -30.00   165.00     -3.15            0.00   285.00     -8.21
    -60.00    45.00    -15.65          -25.00   165.00     -3.88          -90.00   290.00  -1004.75
    -55.00    45.00    -15.18          -20.00   165.00     -4.65          -85.00   290.00    -16.86
    -50.00    45.00    -14.73          -15.00   165.00     -5.47          -80.00   290.00    -13.14
    -45.00    45.00    -14.26          -10.00   165.00     -6.33          -75.00   290.00    -11.51
    -40.00    45.00    -13.74           -5.00   165.00     -7.24          -70.00   290.00    -10.62
    -35.00    45.00    -13.17            0.00   165.00     -8.21          -65.00   290.00    -10.09
    -30.00    45.00    -12.53          -90.00   170.00  -1004.75          -60.00   290.00     -9.79
    -25.00    45.00    -11.86          -85.00   170.00     -5.76          -55.00   290.00     -9.61
    -20.00    45.00    -11.15          -80.00   170.00     -2.25          -50.00   290.00     -9.52
    -15.00    45.00    -10.42          -75.00   170.00     -0.86          -45.00   290.00     -9.48
    -10.00    45.00     -9.68          -70.00   170.00     -0.26          -40.00   290.00     -9.47
     -5.00    45.00     -8.94          -65.00   170.00     -0.06          -35.00   290.00     -9.45
      0.00    45.00     -8.21          -60.00   170.00     -0.12          -30.00   290.00     -9.41
    -90.00    50.00  -1004.75          -55.00   170.00     -0.36          -25.00   290.00     -9.33
    -85.00    50.00    -22.08          -50.00   170.00     -0.73          -20.00   290.00     -9.22
    -80.00    50.00    -18.27          -45.00   170.00     -1.21          -15.00   290.00     -9.04
    -75.00    50.00    -16.52          -40.00   170.00     -1.77          -10.00   290.00     -8.82
    -70.00    50.00    -15.50          -35.00   170.00     -2.40           -5.00   290.00     -8.54
    -65.00    50.00    -14.82          -30.00   170.00     -3.09            0.00   290.00     -8.21
    -60.00    50.00    -14.33          -25.00   170.00     -3.82          -90.00   295.00  -1004.75
    -55.00    50.00    -13.93          -20.00   170.00     -4.60          -85.00   295.00    -18.07
    -50.00    50.00    -13.56          -15.00   170.00     -5.43          -80.00   295.00    -14.33
    -45.00    50.00    -13.20          -10.00   170.00     -6.30          -75.00   295.00    -12.66
    -40.00    50.00    -12.81           -5.00   170.00     -7.22          -70.00   295.00    -11.74
    -35.00    50.00    -12.37            0.00   170.00     -8.21          -65.00   295.00    -11.17
    -30.00    50.00    -11.89          -90.00   175.00  -1004.75          -60.00   295.00    -10.82
    -25.00    50.00    -11.35          -85.00   175.00     -5.71          -55.00   295.00    -10.60
    -20.00    50.00    -10.77          -80.00   175.00     -2.21          -50.00   295.00    -10.45
    -15.00    50.00    -10.16          -75.00   175.00     -0.82          -45.00   295.00    -10.34
    -10.00    50.00     -9.52          -70.00   175.00     -0.21          -40.00   295.00    -10.24
     -5.00    50.00     -8.87          -65.00   175.00     -0.02          -35.00   295.00    -10.14
      0.00    50.00     -8.21          -60.00   175.00     -0.08          -30.00   295.00    -10.00
    -90.00    55.00  -1004.75          -55.00   175.00     -0.31          -25.00   295.00     -9.83
    -85.00    55.00    -20.68          -50.00   175.00     -0.69          -20.00   295.00     -9.60
    -80.00    55.00    -16.89          -45.00   175.00     -1.17          -15.00   295.00     -9.33
    -75.00    55.00    -15.17          -40.00   175.00     -1.73          -10.00   295.00     -9.00
    -70.00    55.00    -14.17          -35.00   175.00     -2.36           -5.00   295.00     -8.63
    -65.00    55.00    -13.53          -30.00   175.00     -3.05            0.00   295.00     -8.21
    -60.00    55.00    -13.09          -25.00   175.00     -3.79          -90.00   300.00  -1004.75
    -55.00    55.00    -12.75          -20.00   175.00     -4.57          -85.00   300.00    -19.34
    -50.00    55.00    -12.46          -15.00   175.00     -5.40          -80.00   300.00    -15.58
    -45.00    55.00    -12.20          -10.00   175.00     -6.28          -75.00   300.00    -13.88
    -40.00    55.00    -11.92           -5.00   175.00     -7.21          -70.00   300.00    -12.92
    -35.00    55.00    -11.60            0.00   175.00     -8.21          -65.00   300.00    -12.32
    -30.00    55.00    -11.25          -90.00   180.00  -1004.75          -60.00   300.00    -11.92
    -25.00    55.00    -10.84          -85.00   180.00     -5.69          -55.00   300.00    -11.64
    -20.00    55.00    -10.38          -80.00   180.00     -2.19          -50.00   300.00    -11.43
    -15.00    55.00     -9.89          -75.00   180.00     -0.80          -45.00   300.00    -11.24
    -10.00    55.00     -9.35          -70.00   180.00     -0.20          -40.00   300.00    -11.06
     -5.00    55.00     -8.79          -65.00   180.00      0.00          -35.00   300.00    -10.86
      0.00    55.00     -8.21          -60.00   180.00     -0.06          -30.00   300.00    -10.62
    -90.00    60.00  -1004.75          -55.00   180.00     -0.30          -25.00   300.00    -10.33
    -85.00    60.00    -19.34          -50.00   180.00     -0.67          -20.00   300.00     -9.99
    -80.00    60.00    -15.58          -45.00   180.00     -1.15          -15.00   300.00     -9.61
    -75.00    60.00    -13.88          -40.00   180.00     -1.72          -10.00   300.00     -9.18
    -70.00    60.00    -12.92          -35.00   180.00     -2.35           -5.00   300.00     -8.71
    -65.00    60.00    -12.32          -30.00   180.00     -3.04            0.00   300.00     -8.21
    -60.00    60.00    -11.92          -25.00   180.00     -3.78          -90.00   305.00  -1004.75
    -55.00    60.00    -11.64          -20.00   180.00     -4.56          -85.00   305.00    -20.68
    -50.00    60.00    -11.43          -15.00   180.00     -5.40          -80.00   305.00    -16.89
    -45.00    60.00    -11.24          -10.00   180.00     -6.28          -75.00   305.00    -15.17
    -40.00    60.00    -11.06           -5.00   180.00     -7.21          -70.00   305.00    -14.17
    -35.00    60.00    -10.86            0.00   180.00     -8.21          -65.00   305.00    -13.53
    -30.00    60.00    -10.62          -90.00   185.00  -1004.75          -60.00   305.00    -13.09
    -25.00    60.00    -10.33          -85.00   185.00     -5.71          -55.00   305.00    -12.75
    -20.00    60.00     -9.99          -80.00   185.00     -2.21          -50.00   305.00    -12.46
    -15.00    60.00     -9.61          -75.00   185.00     -0.82          -45.00   305.00    -12.20
    -10.00    60.00     -9.18          -70.00   185.00     -0.21          -40.00   305.00    -11.92
     -5.00    60.00     -8.71          -65.00   185.00     -0.02          -35.00   305.00    -11.60
      0.00    60.00     -8.21          -60.00   185.00     -0.08          -30.00   305.00    -11.25
    -90.00    65.00  -1004.75          -55.00   185.00     -0.31          -25.00   305.00    -10.84
    -85.00    65.00    -18.07          -50.00   185.00     -0.69          -20.00   305.00    -10.38
    -80.00    65.00    -14.33          -45.00   185.00     -1.17          -15.00   305.00     -9.89
    -75.00    65.00    -12.66          -40.00   185.00     -1.73          -10.00   305.00     -9.35
    -70.00    65.00    -11.74          -35.00   185.00     -2.36           -5.00   305.00     -8.79
    -65.00    65.00    -11.17          -30.00   185.00     -3.05            0.00   305.00     -8.21
    -60.00    65.00    -10.82          -25.00   185.00     -3.79          -90.00   310.00  -1004.75
    -55.00    65.00    -10.60          -20.00   185.00     -4.57          -85.00   310.00    -22.08
    -50.00    65.00    -10.45          -15.00   185.00     -5.40          -80.00   310.00    -18.27
    -45.00    65.00    -10.34          -10.00   185.00     -6.28          -75.00   310.00    -16.52
    -40.00    65.00    -10.24           -5.00   185.00     -7.21          -70.00   310.00    -15.50
    -35.00    65.00    -10.14            0.00   185.00     -8.21          -65.00   310.00    -14.82
    -30.00    65.00    -10.00          -90.00   190.00  -1004.75          -60.00   310.00    -14.33
    -25.00    65.00     -9.83          -85.00   190.00     -5.76          -55.00   310.00    -13.93
    -20.00    65.00     -9.60          -80.00   190.00     -2.25          -50.00   310.00    -13.56
    -15.00    65.00     -9.33          -75.00   190.00     -0.86          -45.00   310.00    -13.20
    -10.00    65.00     -9.00          -70.00   190.00     -0.26          -40.00   310.00    -12.81
     -5.00    65.00     -8.63          -65.00   190.00     -0.06          -35.00   310.00    -12.37
      0.00    65.00     -8.21          -60.00   190.00     -0.12          -30.00   310.00    -11.89
    -90.00    70.00  -1004.75          -55.00   190.00     -0.36          -25.00   310.00    -11.35
    -85.00    70.00    -16.86          -50.00   190.00     -0.73          -20.00   310.00    -10.77
    -80.00    70.00    -13.14          -45.00   190.00     -1.21          -15.00   310.00    -10.16
    -75.00    70.00    -11.51          -40.00   190.00     -1.77          -10.00   310.00     -9.52
    -70.00    70.00    -10.62          -35.00   190.00     -2.40           -5.00   310.00     -8.87
    -65.00    70.00    -10.09          -30.00   190.00     -3.09            0.00   310.00     -8.21
    -60.00    70.00     -9.79          -25.00   190.00     -3.82          -90.00   315.00  -1004.75
    -55.00    70.00     -9.61          -20.00   190.00     -4.60          -85.00   315.00    -23.53
    -50.00    70.00     -9.52          -15.00   190.00     -5.43          -80.00   315.00    -19.71
    -45.00    70.00     -9.48          -10.00   190.00     -6.30          -75.00   315.00    -17.94
    -40.00    70.00     -9.47           -5.00   190.00     -7.22          -70.00   315.00    -16.90
    -35.00    70.00     -9.45            0.00   190.00     -8.21          -65.00   315.00    -16.19
    -30.00    70.00     -9.41          -90.00   195.00  -1004.75          -60.00   315.00    -15.65
    -25.00    70.00     -9.33          -85.00   195.00     -5.84          -55.00   315.00    -15.18
    -20.00    70.00     -9.22          -80.00   195.00     -2.33          -50.00   315.00    -14.73
    -15.00    70.00     -9.04          -75.00   195.00     -0.94          -45.00   315.00    -14.26
    -10.00    70.00     -8.82          -70.00   195.00     -0.34          -40.00   315.00    -13.74
     -5.00    70.00     -8.54          -65.00   195.00     -0.14          -35.00   315.00    -13.17
      0.00    70.00     -8.21          -60.00   195.00     -0.20          -30.00   315.00    -12.53
    -90.00    75.00  -1004.75          -55.00   195.00     -0.43          -25.00   315.00    -11.86
    -85.00    75.00    -15.71          -50.00   195.00     -0.81          -20.00   315.00    -11.15
    -80.00    75.00    -12.02          -45.00   195.00     -1.28          -15.00   315.00    -10.42
    -75.00    75.00    -10.42          -40.00   195.00     -1.84          -10.00   315.00     -9.68
    -70.00    75.00     -9.56          -35.00   195.00     -2.47           -5.00   315.00     -8.94
    -65.00    75.00     -9.07          -30.00   195.00     -3.15            0.00   315.00     -8.21
    -60.00    75.00     -8.81          -25.00   195.00     -3.88          -90.00   320.00  -1004.75
    -55.00    75.00     -8.68          -20.00   195.00     -4.65          -85.00   320.00    -25.04
    -50.00    75.00     -8.65          -15.00   195.00     -5.47          -80.00   320.00    -21.21
    -45.00    75.00     -8.67          -10.00   195.00     -6.33          -75.00   320.00    -19.44
    -40.00    75.00     -8.73           -5.00   195.00     -7.24          -70.00   320.00    -18.38
    -35.00    75.00     -8.79            0.00   195.00     -8.21          -65.00   320.00    -17.65
    -30.00    75.00     -8.84          -90.00   200.00  -1004.75          -60.00   320.00    -17.07
    -25.00    75.00     -8.86          -85.00   200.00     -5.96          -55.00   320.00    -16.53
    -20.00    75.00     -8.83          -80.00   200.00     -2.45          -50.00   320.00    -15.98
    -15.00    75.00     -8.76          -75.00   200.00     -1.06          -45.00   320.00    -15.38
    -10.00    75.00     -8.63          -70.00   200.00     -0.45          -40.00   320.00    -14.71
     -5.00    75.00     -8.45          -65.00   200.00     -0.25          -35.00   320.00    -13.97
      0.00    75.00     -8.21          -60.00   200.00     -0.31          -30.00   320.00    -13.18
    -90.00    80.00  -1004.75          -55.00   200.00     -0.54          -25.00   320.00    -12.36
    -85.00    80.00    -14.63          -50.00   200.00     -0.91          -20.00   320.00    -11.51
    -80.00    80.00    -10.97          -45.00   200.00     -1.38          -15.00   320.00    -10.67
    -75.00    80.00     -9.39          -40.00   200.00     -1.94          -10.00   320.00     -9.83
    -70.00    80.00     -8.56          -35.00   200.00     -2.56           -5.00   320.00     -9.01
    -65.00    80.00     -8.11          -30.00   200.00     -3.23            0.00   320.00     -8.21
    -60.00    80.00     -7.89          -25.00   200.00     -3.96          -90.00   325.00  -1004.75
    -55.00    80.00     -7.81          -20.00   200.00     -4.72          -85.00   325.00    -26.58
    -50.00    80.00     -7.83          -15.00   200.00     -5.53          -80.00   325.00    -22.76
    -45.00    80.00     -7.91          -10.00   200.00     -6.37          -75.00   325.00    -21.00
    -40.00    80.00     -8.03           -5.00   200.00     -7.26          -70.00   325.00    -19.96
    -35.00    80.00     -8.16            0.00   200.00     -8.21          -65.00   325.00    -19.22
    -30.00    80.00     -8.29          -90.00   205.00  -1004.75          -60.00   325.00    -18.60
    -25.00    80.00     -8.39          -85.00   205.00     -6.11          -55.00   325.00    -17.99
    -20.00    80.00     -8.46          -80.00   205.00     -2.60          -50.00   325.00    -17.32
    -15.00    80.00     -8.48          -75.00   205.00     -1.21          -45.00   325.00    -16.57
    -10.00    80.00     -8.45          -70.00   205.00     -0.60          -40.00   325.00    -15.71
     -5.00    80.00     -8.36          -65.00   205.00     -0.40          -35.00   325.00    -14.79
      0.00    80.00     -8.21          -60.00   205.00     -0.45          -30.00   325.00    -13.82
    -90.00    85.00  -1004.75          -55.00   205.00     -0.68          -25.00   325.00    -12.84
    -85.00    85.00    -13.62          -50.00   205.00     -1.05          -20.00   325.00    -11.86
    -80.00    85.00     -9.98          -45.00   205.00     -1.51          -15.00   325.00    -10.90
    -75.00    85.00     -8.42          -40.00   205.00     -2.06          -10.00   325.00     -9.97
    -70.00    85.00     -7.63          -35.00   205.00     -2.68           -5.00   325.00     -9.07
    -65.00    85.00     -7.21          -30.00   205.00     -3.35            0.00   325.00     -8.21
    -60.00    85.00     -7.03          -25.00   205.00     -4.06          -90.00   330.00  -1004.75
    -55.00    85.00     -6.99          -20.00   205.00     -4.81          -85.00   330.00    -28.12
    -50.00    85.00     -7.06          -15.00   205.00     -5.60          -80.00   330.00    -24.34
    -45.00    85.00     -7.19          -10.00   205.00     -6.43          -75.00   330.00    -22.63
    -40.00    85.00     -7.37           -5.00   205.00     -7.30          -70.00   330.00    -21.63
    -35.00    85.00     -7.57            0.00   205.00     -8.21          -65.00   330.00    -20.92
    -30.00    85.00     -7.76          -90.00   210.00  -1004.75          -60.00   330.00    -20.28
    -25.00    85.00     -7.95          -85.00   210.00     -6.30          -55.00   330.00    -19.59
    -20.00    85.00     -8.10          -80.00   210.00     -2.79          -50.00   330.00    -18.77
    -15.00    85.00     -8.21          -75.00   210.00     -1.39          -45.00   330.00    -17.82
    -10.00    85.00     -8.27          -70.00   210.00     -0.78          -40.00   330.00    -16.74
     -5.00    85.00     -8.27          -65.00   210.00     -0.58          -35.00   330.00    -15.60
      0.00    85.00     -8.21          -60.00   210.00     -0.63          -30.00   330.00    -14.44
    -90.00    90.00  -1004.75          -55.00   210.00     -0.85          -25.00   330.00    -13.29
    -85.00    90.00    -12.68          -50.00   210.00     -1.21          -20.00   330.00    -12.17
    -80.00    90.00     -9.05          -45.00   210.00     -1.68          -15.00   330.00    -11.11
    -75.00    90.00     -7.52          -40.00   210.00     -2.22          -10.00   330.00    -10.09
    -70.00    90.00     -6.76          -35.00   210.00     -2.82           -5.00   330.00     -9.13
    -65.00    90.00     -6.37          -30.00   210.00     -3.48            0.00   330.00     -8.21
    -60.00    90.00     -6.22          -25.00   210.00     -4.18          -90.00   335.00  -1004.75
    -55.00    90.00     -6.22          -20.00   210.00     -4.92          -85.00   335.00    -29.61
    -50.00    90.00     -6.33          -15.00   210.00     -5.69          -80.00   335.00    -25.90
    -45.00    90.00     -6.52          -10.00   210.00     -6.49          -75.00   335.00    -24.30
    -40.00    90.00     -6.75           -5.00   210.00     -7.33          -70.00   335.00    -23.41
    -35.00    90.00     -7.00            0.00   210.00     -8.21          -65.00   335.00    -22.78
    -30.00    90.00     -7.27          -90.00   215.00  -1004.75          -60.00   335.00    -22.16
    -25.00    90.00     -7.52          -85.00   215.00     -6.53          -55.00   335.00    -21.37
    -20.00    90.00     -7.75          -80.00   215.00     -3.02          -50.00   335.00    -20.36
    -15.00    90.00     -7.94          -75.00   215.00     -1.62          -45.00   335.00    -19.13
    -10.00    90.00     -8.09          -70.00   215.00     -1.01          -40.00   335.00    -17.78
     -5.00    90.00     -8.18          -65.00   215.00     -0.80          -35.00   335.00    -16.39
      0.00    90.00     -8.21          -60.00   215.00     -0.84          -30.00   335.00    -15.02
    -90.00    95.00  -1004.75          -55.00   215.00     -1.06          -25.00   335.00    -13.70
    -85.00    95.00    -11.80          -50.00   215.00     -1.42          -20.00   335.00    -12.46
    -80.00    95.00     -8.20          -45.00   215.00     -1.87          -15.00   335.00    -11.29
    -75.00    95.00     -6.69          -40.00   215.00     -2.40          -10.00   335.00    -10.20
    -70.00    95.00     -5.95          -35.00   215.00     -3.00           -5.00   335.00     -9.17
    -65.00    95.00     -5.59          -30.00   215.00     -3.65            0.00   335.00     -8.21
    -60.00    95.00     -5.47          -25.00   215.00     -4.33          -90.00   340.00  -1004.75
    -55.00    95.00     -5.51          -20.00   215.00     -5.05          -85.00   340.00    -30.96
    -50.00    95.00     -5.66          -15.00   215.00     -5.80          -80.00   340.00    -27.39
    -45.00    95.00     -5.89          -10.00   215.00     -6.57          -75.00   340.00    -25.97
    -40.00    95.00     -6.16           -5.00   215.00     -7.38          -70.00   340.00    -25.31
    -35.00    95.00     -6.47            0.00   215.00     -8.21          -65.00   340.00    -24.87
    -30.00    95.00     -6.80          -90.00   220.00  -1004.75          -60.00   340.00    -24.32
    -25.00    95.00     -7.11          -85.00   220.00     -6.81          -55.00   340.00    -23.41
    -20.00    95.00     -7.41          -80.00   220.00     -3.30          -50.00   340.00    -22.10
    -15.00    95.00     -7.68          -75.00   220.00     -1.89          -45.00   340.00    -20.50
    -10.00    95.00     -7.91          -70.00   220.00     -1.27          -40.00   340.00    -18.80
     -5.00    95.00     -8.09          -65.00   220.00     -1.06          -35.00   340.00    -17.13
      0.00    95.00     -8.21          -60.00   220.00     -1.09          -30.00   340.00    -15.54
    -90.00   100.00  -1004.75          -55.00   220.00     -1.31          -25.00   340.00    -14.06
    -85.00   100.00    -10.99          -50.00   220.00     -1.65          -20.00   340.00    -12.70
    -80.00   100.00     -7.41          -45.00   220.00     -2.10          -15.00   340.00    -11.45
    -75.00   100.00     -5.92          -40.00   220.00     -2.62          -10.00   340.00    -10.29
    -70.00   100.00     -5.20          -35.00   220.00     -3.20           -5.00   340.00     -9.21
    -65.00   100.00     -4.87          -30.00   220.00     -3.83            0.00   340.00     -8.21
    -60.00   100.00     -4.78          -25.00   220.00     -4.50          -90.00   345.00  -1004.75
    -55.00   100.00     -4.85          -20.00   220.00     -5.20          -85.00   345.00    -32.09
    -50.00   100.00     -5.03          -15.00   220.00     -5.92          -80.00   345.00    -28.71
    -45.00   100.00     -5.30          -10.00   220.00     -6.66          -75.00   345.00    -27.57
    -40.00   100.00     -5.62           -5.00   220.00     -7.43          -70.00   345.00    -27.28
    -35.00   100.00     -5.98            0.00   220.00     -8.21          -65.00   345.00    -27.24
    -30.00   100.00     -6.35          -90.00   225.00  -1004.75          -60.00   345.00    -26.91
    -25.00   100.00     -6.73          -85.00   225.00     -7.14          -55.00   345.00    -25.82
    -20.00   100.00     -7.10          -80.00   225.00     -3.62          -50.00   345.00    -24.01
    -15.00   100.00     -7.44          -75.00   225.00     -2.21          -45.00   345.00    -21.87
    -10.00   100.00     -7.74          -70.00   225.00     -1.58          -40.00   345.00    -19.75
     -5.00   100.00     -8.00          -65.00   225.00     -1.36          -35.00   345.00    -17.77
      0.00   100.00     -8.21          -60.00   225.00     -1.39          -30.00   345.00    -15.98
    -90.00   105.00  -1004.75          -55.00   225.00     -1.60          -25.00   345.00    -14.36
    -85.00   105.00    -10.25          -50.00   225.00     -1.93          -20.00   345.00    -12.90
    -80.00   105.00     -6.68          -45.00   225.00     -2.36          -15.00   345.00    -11.57
    -75.00   105.00     -5.21          -40.00   225.00     -2.87          -10.00   345.00    -10.36
    -70.00   105.00     -4.51          -35.00   225.00     -3.44           -5.00   345.00     -9.24
    -65.00   105.00     -4.20          -30.00   225.00     -4.05            0.00   345.00     -8.21
    -60.00   105.00     -4.14          -25.00   225.00     -4.70          -90.00   350.00  -1004.75
    -55.00   105.00     -4.24          -20.00   225.00     -5.37          -85.00   350.00    -32.92
    -50.00   105.00     -4.46          -15.00   225.00     -6.06          -80.00   350.00    -29.74
    -45.00   105.00     -4.76          -10.00   225.00     -6.76          -75.00   350.00    -28.96
    -40.00   105.00     -5.12           -5.00   225.00     -7.48          -70.00   350.00    -29.23
    -35.00   105.00     -5.52            0.00   225.00     -8.21          -65.00   350.00    -29.97
    -30.00   105.00     -5.94          -90.00   230.00  -1004.75          -60.00   350.00    -30.21
    -25.00   105.00     -6.37          -85.00   230.00     -7.51          -55.00   350.00    -28.75
    -20.00   105.00     -6.79          -80.00   230.00     -3.99          -50.00   350.00    -26.02
    -15.00   105.00     -7.20          -75.00   230.00     -2.57          -45.00   350.00    -23.14
    -10.00   105.00     -7.58          -70.00   230.00     -1.94          -40.00   350.00    -20.55
     -5.00   105.00     -7.91          -65.00   230.00     -1.71          -35.00   350.00    -18.29
      0.00   105.00     -8.21          -60.00   230.00     -1.73          -30.00   350.00    -16.32
    -90.00   110.00  -1004.75          -55.00   230.00     -1.92          -25.00   350.00    -14.59
    -85.00   110.00     -9.58          -50.00   230.00     -2.24          -20.00   350.00    -13.05
    -80.00   110.00     -6.02          -45.00   230.00     -2.66          -15.00   350.00    -11.66
    -75.00   110.00     -4.56          -40.00   230.00     -3.16          -10.00   350.00    -10.41
    -70.00   110.00     -3.88          -35.00   230.00     -3.70           -5.00   350.00     -9.26
    -65.00   110.00     -3.60          -30.00   230.00     -4.30            0.00   350.00     -8.21
    -60.00   110.00     -3.56          -25.00   230.00     -4.92          -90.00   355.00  -1004.75
    -55.00   110.00     -3.68          -20.00   230.00     -5.56          -85.00   355.00    -33.42
    -50.00   110.00     -3.92          -15.00   230.00     -6.21          -80.00   355.00    -30.41
    -45.00   110.00     -4.25          -10.00   230.00     -6.87          -75.00   355.00    -29.93
    -40.00   110.00     -4.65           -5.00   230.00     -7.54          -70.00   355.00    -30.83
    -35.00   110.00     -5.09            0.00   230.00     -8.21          -65.00   355.00    -32.84
    -30.00   110.00     -5.55          -90.00   235.00  -1004.75          -60.00   355.00    -34.65
    -25.00   110.00     -6.03          -85.00   235.00     -7.94          -55.00   355.00    -32.22
    -20.00   110.00     -6.51          -80.00   235.00     -4.41          -50.00   355.00    -27.82
    -15.00   110.00     -6.97          -75.00   235.00     -2.99          -45.00   355.00    -24.09
    -10.00   110.00     -7.42          -70.00   235.00     -2.34          -40.00   355.00    -21.09
     -5.00   110.00     -7.83          -65.00   235.00     -2.10          -35.00   355.00    -18.62
      0.00   110.00     -8.21          -60.00   235.00     -2.11          -30.00   355.00    -16.53
    -90.00   115.00  -1004.75          -55.00   235.00     -2.29          -25.00   355.00    -14.72
    -85.00   115.00     -8.97          -50.00   235.00     -2.60          -20.00   355.00    -13.13
    -80.00   115.00     -5.42          -45.00   235.00     -3.00          -15.00   355.00    -11.72
    -75.00   115.00     -3.98          -40.00   235.00     -3.48          -10.00   355.00    -10.44
    -70.00   115.00     -3.31          -35.00   235.00     -4.00           -5.00   355.00     -9.28
    -65.00   115.00     -3.04          -30.00   235.00     -4.57            0.00   355.00     -8.21
    -60.00   115.00     -3.02          -25.00   235.00     -5.16          -90.00   360.00  -1004.75
    -55.00   115.00     -3.17          -20.00   235.00     -5.77          -85.00   360.00    -33.59
    -50.00   115.00     -3.44          -15.00   235.00     -6.38          -80.00   360.00    -30.63
    -45.00   115.00     -3.80          -10.00   235.00     -7.00          -75.00   360.00    -30.29
    -40.00   115.00     -4.22           -5.00   235.00     -7.61          -70.00   360.00    -31.49
    -35.00   115.00     -4.69            0.00   235.00     -8.21          -65.00   360.00    -34.38
    -30.00   115.00     -5.20          -90.00   240.00  -1004.75          -60.00   360.00    -38.34
    -25.00   115.00     -5.72          -85.00   240.00     -8.43          -55.00   360.00    -34.40
    -20.00   115.00     -6.24          -80.00   240.00     -4.89          -50.00   360.00    -28.62
    -15.00   115.00     -6.76          -75.00   240.00     -3.45          -45.00   360.00    -24.45
    -10.00   115.00     -7.27          -70.00   240.00     -2.80          -40.00   360.00    -21.29
     -5.00   115.00     -7.75          -65.00   240.00     -2.55          -35.00   360.00    -18.74
      0.00   115.00     -8.21          -60.00   240.00     -2.54          -30.00   360.00    -16.60
    -90.00   120.00  -1004.75          -55.00   240.00     -2.71          -25.00   360.00    -14.77
    -85.00   120.00     -8.43          -50.00   240.00     -3.00          -20.00   360.00    -13.16
    -80.00   120.00     -4.89          -45.00   240.00     -3.38          -15.00   360.00    -11.74
    -75.00   120.00     -3.45          -40.00   240.00     -3.83          -10.00   360.00    -10.45
    -70.00   120.00     -2.80          -35.00   240.00     -4.33           -5.00   360.00     -9.28
    -65.00   120.00     -2.55          -30.00   240.00     -4.87            0.00   360.00     -8.21
    -60.00   120.00     -2.54






 ***** DATA CARD NO.  7   EN   3    19    73  1503 -9.00000E+01  0.00000E+00  5.00000E+00  5.00000E+00  0.00000E+00  0.00000E+00

 RUN TIME =     0.094
