1



                                 *********************************************

                                    NUMERICAL ELECTROMAGNETICS CODE (NEC-2D)

                                 *********************************************




                                     - - - - COMMENTS - - - -


                          *** Gruppenstrahler fuer 23 cm ***                                         
                          *** mit 8 Strahler + 8 Direktoren ***                                      
                          *** breitbandig Elemente 9 mm ***                                          
                          * von dieser Version wurden 2 Antennen gebaut und gemessen *               
                          * Antenne mit RADOM versehen (Beeintraechtigung = gering *                 
                                                                                                     




                                 - - - STRUCTURE SPECIFICATION - - -

                                     COORDINATES MUST BE INPUT IN
                                     METERS OR BE SCALED TO METERS
                                     BEFORE STRUCTURE INPUT IS ENDED


  WIRE                                                                               NO. OF    FIRST  LAST     TAG
  NO.        X1         Y1         Z1          X2         Y2         Z2      RADIUS   SEG.     SEG.   SEG.     NO.
     1    0.00500    0.05900    0.05900     0.09400    0.05900    0.05900    0.00450      5        1     5       1
     2    0.00500    0.17700    0.05900     0.09400    0.17700    0.05900    0.00450      5        6    10       2
     3    0.00800    0.05900    0.11600     0.09100    0.05900    0.11600    0.00450      5       11    15       3
     4    0.00800    0.17700    0.11600     0.09100    0.17700    0.11600    0.00450      5       16    20       4
     1R   0.00000    0.00000    0.00000     0.15000    0.00000    0.00000     SURFACE -   4 BY  8 PATCHES
          0.15000    0.25000    0.00000     0.00000    0.25000    0.00000
      STRUCTURE REFLECTED ALONG THE AXES X Y  .  TAGS INCREMENTED BY   28

   TOTAL SEGMENTS USED=   80     NO. SEG. IN A SYMMETRIC CELL=   20     SYMMETRY FLAG=  1
   TOTAL PATCHES USED=  128      NO. PATCHES IN A SYMMETRIC CELL=   32
 STRUCTURE HAS 2 PLANES OF SYMMETRY



         - MULTIPLE WIRE JUNCTIONS -
 JUNCTION    SEGMENTS  (- FOR END 1, + FOR END 2)
  NONE




                                 - - - - SEGMENTATION DATA - - - -

                                        COORDINATES IN METERS

                         I+ AND I- INDICATE THE SEGMENTS BEFORE AND AFTER I


  SEG.   COORDINATES OF SEG. CENTER     SEG.     ORIENTATION ANGLES    WIRE    CONNECTION DATA   TAG
  NO.       X         Y         Z       LENGTH     ALPHA     BETA      RADIUS    I-   I    I+    NO.
     1   0.01390   0.05900   0.05900   0.01780    0.00000   0.00000   0.00450     0    1    2      1
     2   0.03170   0.05900   0.05900   0.01780    0.00000   0.00000   0.00450     1    2    3      1
     3   0.04950   0.05900   0.05900   0.01780    0.00000   0.00000   0.00450     2    3    4      1
     4   0.06730   0.05900   0.05900   0.01780    0.00000   0.00000   0.00450     3    4    5      1
     5   0.08510   0.05900   0.05900   0.01780    0.00000   0.00000   0.00450     4    5    0      1
     6   0.01390   0.17700   0.05900   0.01780    0.00000   0.00000   0.00450     0    6    7      2
     7   0.03170   0.17700   0.05900   0.01780    0.00000   0.00000   0.00450     6    7    8      2
     8   0.04950   0.17700   0.05900   0.01780    0.00000   0.00000   0.00450     7    8    9      2
     9   0.06730   0.17700   0.05900   0.01780    0.00000   0.00000   0.00450     8    9   10      2
    10   0.08510   0.17700   0.05900   0.01780    0.00000   0.00000   0.00450     9   10    0      2
    11   0.01630   0.05900   0.11600   0.01660    0.00000   0.00000   0.00450     0   11   12      3
    12   0.03290   0.05900   0.11600   0.01660    0.00000   0.00000   0.00450    11   12   13      3
    13   0.04950   0.05900   0.11600   0.01660    0.00000   0.00000   0.00450    12   13   14      3
    14   0.06610   0.05900   0.11600   0.01660    0.00000   0.00000   0.00450    13   14   15      3
    15   0.08270   0.05900   0.11600   0.01660    0.00000   0.00000   0.00450    14   15    0      3
    16   0.01630   0.17700   0.11600   0.01660    0.00000   0.00000   0.00450     0   16   17      4
    17   0.03290   0.17700   0.11600   0.01660    0.00000   0.00000   0.00450    16   17   18      4
    18   0.04950   0.17700   0.11600   0.01660    0.00000   0.00000   0.00450    17   18   19      4
    19   0.06610   0.17700   0.11600   0.01660    0.00000   0.00000   0.00450    18   19   20      4
    20   0.08270   0.17700   0.11600   0.01660    0.00000   0.00000   0.00450    19   20    0      4
    21   0.01390  -0.05900   0.05900   0.01780    0.00000   0.00000   0.00450     0   21   22     29
    22   0.03170  -0.05900   0.05900   0.01780    0.00000   0.00000   0.00450    21   22   23     29
    23   0.04950  -0.05900   0.05900   0.01780    0.00000   0.00000   0.00450    22   23   24     29
    24   0.06730  -0.05900   0.05900   0.01780    0.00000   0.00000   0.00450    23   24   25     29
    25   0.08510  -0.05900   0.05900   0.01780    0.00000   0.00000   0.00450    24   25    0     29
    26   0.01390  -0.17700   0.05900   0.01780    0.00000   0.00000   0.00450     0   26   27     30
    27   0.03170  -0.17700   0.05900   0.01780    0.00000   0.00000   0.00450    26   27   28     30
    28   0.04950  -0.17700   0.05900   0.01780    0.00000   0.00000   0.00450    27   28   29     30
    29   0.06730  -0.17700   0.05900   0.01780    0.00000   0.00000   0.00450    28   29   30     30
    30   0.08510  -0.17700   0.05900   0.01780    0.00000   0.00000   0.00450    29   30    0     30
    31   0.01630  -0.05900   0.11600   0.01660    0.00000   0.00000   0.00450     0   31   32     31
    32   0.03290  -0.05900   0.11600   0.01660    0.00000   0.00000   0.00450    31   32   33     31
    33   0.04950  -0.05900   0.11600   0.01660    0.00000   0.00000   0.00450    32   33   34     31
    34   0.06610  -0.05900   0.11600   0.01660    0.00000   0.00000   0.00450    33   34   35     31
    35   0.08270  -0.05900   0.11600   0.01660    0.00000   0.00000   0.00450    34   35    0     31
    36   0.01630  -0.17700   0.11600   0.01660    0.00000   0.00000   0.00450     0   36   37     32
    37   0.03290  -0.17700   0.11600   0.01660    0.00000   0.00000   0.00450    36   37   38     32
    38   0.04950  -0.17700   0.11600   0.01660    0.00000   0.00000   0.00450    37   38   39     32
    39   0.06610  -0.17700   0.11600   0.01660    0.00000   0.00000   0.00450    38   39   40     32
    40   0.08270  -0.17700   0.11600   0.01660    0.00000   0.00000   0.00450    39   40    0     32
    41  -0.01390   0.05900   0.05900   0.01780    0.00000 180.00000   0.00450     0   41   42     57
    42  -0.03170   0.05900   0.05900   0.01780    0.00000 180.00000   0.00450    41   42   43     57
    43  -0.04950   0.05900   0.05900   0.01780    0.00000 180.00000   0.00450    42   43   44     57
    44  -0.06730   0.05900   0.05900   0.01780    0.00000 180.00000   0.00450    43   44   45     57
    45  -0.08510   0.05900   0.05900   0.01780    0.00000 180.00000   0.00450    44   45    0     57
    46  -0.01390   0.17700   0.05900   0.01780    0.00000 180.00000   0.00450     0   46   47     58
    47  -0.03170   0.17700   0.05900   0.01780    0.00000 180.00000   0.00450    46   47   48     58
    48  -0.04950   0.17700   0.05900   0.01780    0.00000 180.00000   0.00450    47   48   49     58
    49  -0.06730   0.17700   0.05900   0.01780    0.00000 180.00000   0.00450    48   49   50     58
    50  -0.08510   0.17700   0.05900   0.01780    0.00000 180.00000   0.00450    49   50    0     58
    51  -0.01630   0.05900   0.11600   0.01660    0.00000 180.00000   0.00450     0   51   52     59
    52  -0.03290   0.05900   0.11600   0.01660    0.00000 180.00000   0.00450    51   52   53     59
    53  -0.04950   0.05900   0.11600   0.01660    0.00000 180.00000   0.00450    52   53   54     59
    54  -0.06610   0.05900   0.11600   0.01660    0.00000 180.00000   0.00450    53   54   55     59
    55  -0.08270   0.05900   0.11600   0.01660    0.00000 180.00000   0.00450    54   55    0     59
    56  -0.01630   0.17700   0.11600   0.01660    0.00000 180.00000   0.00450     0   56   57     60
    57  -0.03290   0.17700   0.11600   0.01660    0.00000 180.00000   0.00450    56   57   58     60
    58  -0.04950   0.17700   0.11600   0.01660    0.00000 180.00000   0.00450    57   58   59     60
    59  -0.06610   0.17700   0.11600   0.01660    0.00000 180.00000   0.00450    58   59   60     60
    60  -0.08270   0.17700   0.11600   0.01660    0.00000 180.00000   0.00450    59   60    0     60
    61  -0.01390  -0.05900   0.05900   0.01780    0.00000 180.00000   0.00450     0   61   62     85
    62  -0.03170  -0.05900   0.05900   0.01780    0.00000 180.00000   0.00450    61   62   63     85
    63  -0.04950  -0.05900   0.05900   0.01780    0.00000 180.00000   0.00450    62   63   64     85
    64  -0.06730  -0.05900   0.05900   0.01780    0.00000 180.00000   0.00450    63   64   65     85
    65  -0.08510  -0.05900   0.05900   0.01780    0.00000 180.00000   0.00450    64   65    0     85
    66  -0.01390  -0.17700   0.05900   0.01780    0.00000 180.00000   0.00450     0   66   67     86
    67  -0.03170  -0.17700   0.05900   0.01780    0.00000 180.00000   0.00450    66   67   68     86
    68  -0.04950  -0.17700   0.05900   0.01780    0.00000 180.00000   0.00450    67   68   69     86
    69  -0.06730  -0.17700   0.05900   0.01780    0.00000 180.00000   0.00450    68   69   70     86
    70  -0.08510  -0.17700   0.05900   0.01780    0.00000 180.00000   0.00450    69   70    0     86
    71  -0.01630  -0.05900   0.11600   0.01660    0.00000 180.00000   0.00450     0   71   72     87
    72  -0.03290  -0.05900   0.11600   0.01660    0.00000 180.00000   0.00450    71   72   73     87
    73  -0.04950  -0.05900   0.11600   0.01660    0.00000 180.00000   0.00450    72   73   74     87
    74  -0.06610  -0.05900   0.11600   0.01660    0.00000 180.00000   0.00450    73   74   75     87
    75  -0.08270  -0.05900   0.11600   0.01660    0.00000 180.00000   0.00450    74   75    0     87
    76  -0.01630  -0.17700   0.11600   0.01660    0.00000 180.00000   0.00450     0   76   77     88
    77  -0.03290  -0.17700   0.11600   0.01660    0.00000 180.00000   0.00450    76   77   78     88
    78  -0.04950  -0.17700   0.11600   0.01660    0.00000 180.00000   0.00450    77   78   79     88
    79  -0.06610  -0.17700   0.11600   0.01660    0.00000 180.00000   0.00450    78   79   80     88
    80  -0.08270  -0.17700   0.11600   0.01660    0.00000 180.00000   0.00450    79   80    0     88




                                            - - - SURFACE PATCH DATA - - -

                                                 COORDINATES IN METERS

 PATCH     COORD. OF PATCH CENTER       UNIT NORMAL VECTOR      PATCH            COMPONENTS OF UNIT TANGENT VECTORS
  NO.      X         Y         Z         X       Y       Z       AREA       X1      Y1      Z1       X2      Y2      Z2
    1   0.01875   0.01563   0.00000   0.0000  0.0000  1.0000   0.00117   1.0000  0.0000  0.0000   0.0000  1.0000  0.0000
    2   0.05625   0.01563   0.00000   0.0000  0.0000  1.0000   0.00117   1.0000  0.0000  0.0000   0.0000  1.0000  0.0000
    3   0.09375   0.01563   0.00000   0.0000  0.0000  1.0000   0.00117   1.0000  0.0000  0.0000   0.0000  1.0000  0.0000
    4   0.13125   0.01563   0.00000   0.0000  0.0000  1.0000   0.00117   1.0000  0.0000  0.0000   0.0000  1.0000  0.0000
    5   0.01875   0.04688   0.00000   0.0000  0.0000  1.0000   0.00117   1.0000  0.0000  0.0000   0.0000  1.0000  0.0000
    6   0.05625   0.04688   0.00000   0.0000  0.0000  1.0000   0.00117   1.0000  0.0000  0.0000   0.0000  1.0000  0.0000
    7   0.09375   0.04688   0.00000   0.0000  0.0000  1.0000   0.00117   1.0000  0.0000  0.0000   0.0000  1.0000  0.0000
    8   0.13125   0.04688   0.00000   0.0000  0.0000  1.0000   0.00117   1.0000  0.0000  0.0000   0.0000  1.0000  0.0000
    9   0.01875   0.07813   0.00000   0.0000  0.0000  1.0000   0.00117   1.0000  0.0000  0.0000   0.0000  1.0000  0.0000
   10   0.05625   0.07813   0.00000   0.0000  0.0000  1.0000   0.00117   1.0000  0.0000  0.0000   0.0000  1.0000  0.0000
   11   0.09375   0.07813   0.00000   0.0000  0.0000  1.0000   0.00117   1.0000  0.0000  0.0000   0.0000  1.0000  0.0000
   12   0.13125   0.07813   0.00000   0.0000  0.0000  1.0000   0.00117   1.0000  0.0000  0.0000   0.0000  1.0000  0.0000
   13   0.01875   0.10938   0.00000   0.0000  0.0000  1.0000   0.00117   1.0000  0.0000  0.0000   0.0000  1.0000  0.0000
   14   0.05625   0.10938   0.00000   0.0000  0.0000  1.0000   0.00117   1.0000  0.0000  0.0000   0.0000  1.0000  0.0000
   15   0.09375   0.10938   0.00000   0.0000  0.0000  1.0000   0.00117   1.0000  0.0000  0.0000   0.0000  1.0000  0.0000
   16   0.13125   0.10938   0.00000   0.0000  0.0000  1.0000   0.00117   1.0000  0.0000  0.0000   0.0000  1.0000  0.0000
   17   0.01875   0.14063   0.00000   0.0000  0.0000  1.0000   0.00117   1.0000  0.0000  0.0000   0.0000  1.0000  0.0000
   18   0.05625   0.14063   0.00000   0.0000  0.0000  1.0000   0.00117   1.0000  0.0000  0.0000   0.0000  1.0000  0.0000
   19   0.09375   0.14063   0.00000   0.0000  0.0000  1.0000   0.00117   1.0000  0.0000  0.0000   0.0000  1.0000  0.0000
   20   0.13125   0.14063   0.00000   0.0000  0.0000  1.0000   0.00117   1.0000  0.0000  0.0000   0.0000  1.0000  0.0000
   21   0.01875   0.17188   0.00000   0.0000  0.0000  1.0000   0.00117   1.0000  0.0000  0.0000   0.0000  1.0000  0.0000
   22   0.05625   0.17188   0.00000   0.0000  0.0000  1.0000   0.00117   1.0000  0.0000  0.0000   0.0000  1.0000  0.0000
   23   0.09375   0.17188   0.00000   0.0000  0.0000  1.0000   0.00117   1.0000  0.0000  0.0000   0.0000  1.0000  0.0000
   24   0.13125   0.17188   0.00000   0.0000  0.0000  1.0000   0.00117   1.0000  0.0000  0.0000   0.0000  1.0000  0.0000
   25   0.01875   0.20313   0.00000   0.0000  0.0000  1.0000   0.00117   1.0000  0.0000  0.0000   0.0000  1.0000  0.0000
   26   0.05625   0.20313   0.00000   0.0000  0.0000  1.0000   0.00117   1.0000  0.0000  0.0000   0.0000  1.0000  0.0000
   27   0.09375   0.20313   0.00000   0.0000  0.0000  1.0000   0.00117   1.0000  0.0000  0.0000   0.0000  1.0000  0.0000
   28   0.13125   0.20313   0.00000   0.0000  0.0000  1.0000   0.00117   1.0000  0.0000  0.0000   0.0000  1.0000  0.0000
   29   0.01875   0.23438   0.00000   0.0000  0.0000  1.0000   0.00117   1.0000  0.0000  0.0000   0.0000  1.0000  0.0000
   30   0.05625   0.23438   0.00000   0.0000  0.0000  1.0000   0.00117   1.0000  0.0000  0.0000   0.0000  1.0000  0.0000
   31   0.09375   0.23438   0.00000   0.0000  0.0000  1.0000   0.00117   1.0000  0.0000  0.0000   0.0000  1.0000  0.0000
   32   0.13125   0.23438   0.00000   0.0000  0.0000  1.0000   0.00117   1.0000  0.0000  0.0000   0.0000  1.0000  0.0000
   33   0.01875  -0.01563   0.00000   0.0000  0.0000  1.0000   0.00117   1.0000  0.0000  0.0000   0.0000 -1.0000  0.0000
   34   0.05625  -0.01563   0.00000   0.0000  0.0000  1.0000   0.00117   1.0000  0.0000  0.0000   0.0000 -1.0000  0.0000
   35   0.09375  -0.01563   0.00000   0.0000  0.0000  1.0000   0.00117   1.0000  0.0000  0.0000   0.0000 -1.0000  0.0000
   36   0.13125  -0.01563   0.00000   0.0000  0.0000  1.0000   0.00117   1.0000  0.0000  0.0000   0.0000 -1.0000  0.0000
   37   0.01875  -0.04688   0.00000   0.0000  0.0000  1.0000   0.00117   1.0000  0.0000  0.0000   0.0000 -1.0000  0.0000
   38   0.05625  -0.04688   0.00000   0.0000  0.0000  1.0000   0.00117   1.0000  0.0000  0.0000   0.0000 -1.0000  0.0000
   39   0.09375  -0.04688   0.00000   0.0000  0.0000  1.0000   0.00117   1.0000  0.0000  0.0000   0.0000 -1.0000  0.0000
   40   0.13125  -0.04688   0.00000   0.0000  0.0000  1.0000   0.00117   1.0000  0.0000  0.0000   0.0000 -1.0000  0.0000
   41   0.01875  -0.07813   0.00000   0.0000  0.0000  1.0000   0.00117   1.0000  0.0000  0.0000   0.0000 -1.0000  0.0000
   42   0.05625  -0.07813   0.00000   0.0000  0.0000  1.0000   0.00117   1.0000  0.0000  0.0000   0.0000 -1.0000  0.0000
   43   0.09375  -0.07813   0.00000   0.0000  0.0000  1.0000   0.00117   1.0000  0.0000  0.0000   0.0000 -1.0000  0.0000
   44   0.13125  -0.07813   0.00000   0.0000  0.0000  1.0000   0.00117   1.0000  0.0000  0.0000   0.0000 -1.0000  0.0000
   45   0.01875  -0.10938   0.00000   0.0000  0.0000  1.0000   0.00117   1.0000  0.0000  0.0000   0.0000 -1.0000  0.0000
   46   0.05625  -0.10938   0.00000   0.0000  0.0000  1.0000   0.00117   1.0000  0.0000  0.0000   0.0000 -1.0000  0.0000
   47   0.09375  -0.10938   0.00000   0.0000  0.0000  1.0000   0.00117   1.0000  0.0000  0.0000   0.0000 -1.0000  0.0000
   48   0.13125  -0.10938   0.00000   0.0000  0.0000  1.0000   0.00117   1.0000  0.0000  0.0000   0.0000 -1.0000  0.0000
   49   0.01875  -0.14063   0.00000   0.0000  0.0000  1.0000   0.00117   1.0000  0.0000  0.0000   0.0000 -1.0000  0.0000
   50   0.05625  -0.14063   0.00000   0.0000  0.0000  1.0000   0.00117   1.0000  0.0000  0.0000   0.0000 -1.0000  0.0000
   51   0.09375  -0.14063   0.00000   0.0000  0.0000  1.0000   0.00117   1.0000  0.0000  0.0000   0.0000 -1.0000  0.0000
   52   0.13125  -0.14063   0.00000   0.0000  0.0000  1.0000   0.00117   1.0000  0.0000  0.0000   0.0000 -1.0000  0.0000
   53   0.01875  -0.17188   0.00000   0.0000  0.0000  1.0000   0.00117   1.0000  0.0000  0.0000   0.0000 -1.0000  0.0000
   54   0.05625  -0.17188   0.00000   0.0000  0.0000  1.0000   0.00117   1.0000  0.0000  0.0000   0.0000 -1.0000  0.0000
   55   0.09375  -0.17188   0.00000   0.0000  0.0000  1.0000   0.00117   1.0000  0.0000  0.0000   0.0000 -1.0000  0.0000
   56   0.13125  -0.17188   0.00000   0.0000  0.0000  1.0000   0.00117   1.0000  0.0000  0.0000   0.0000 -1.0000  0.0000
   57   0.01875  -0.20313   0.00000   0.0000  0.0000  1.0000   0.00117   1.0000  0.0000  0.0000   0.0000 -1.0000  0.0000
   58   0.05625  -0.20313   0.00000   0.0000  0.0000  1.0000   0.00117   1.0000  0.0000  0.0000   0.0000 -1.0000  0.0000
   59   0.09375  -0.20313   0.00000   0.0000  0.0000  1.0000   0.00117   1.0000  0.0000  0.0000   0.0000 -1.0000  0.0000
   60   0.13125  -0.20313   0.00000   0.0000  0.0000  1.0000   0.00117   1.0000  0.0000  0.0000   0.0000 -1.0000  0.0000
   61   0.01875  -0.23438   0.00000   0.0000  0.0000  1.0000   0.00117   1.0000  0.0000  0.0000   0.0000 -1.0000  0.0000
   62   0.05625  -0.23438   0.00000   0.0000  0.0000  1.0000   0.00117   1.0000  0.0000  0.0000   0.0000 -1.0000  0.0000
   63   0.09375  -0.23438   0.00000   0.0000  0.0000  1.0000   0.00117   1.0000  0.0000  0.0000   0.0000 -1.0000  0.0000
   64   0.13125  -0.23438   0.00000   0.0000  0.0000  1.0000   0.00117   1.0000  0.0000  0.0000   0.0000 -1.0000  0.0000
   65  -0.01875   0.01563   0.00000   0.0000  0.0000  1.0000   0.00117  -1.0000  0.0000  0.0000   0.0000  1.0000  0.0000
   66  -0.05625   0.01563   0.00000   0.0000  0.0000  1.0000   0.00117  -1.0000  0.0000  0.0000   0.0000  1.0000  0.0000
   67  -0.09375   0.01563   0.00000   0.0000  0.0000  1.0000   0.00117  -1.0000  0.0000  0.0000   0.0000  1.0000  0.0000
   68  -0.13125   0.01563   0.00000   0.0000  0.0000  1.0000   0.00117  -1.0000  0.0000  0.0000   0.0000  1.0000  0.0000
   69  -0.01875   0.04688   0.00000   0.0000  0.0000  1.0000   0.00117  -1.0000  0.0000  0.0000   0.0000  1.0000  0.0000
   70  -0.05625   0.04688   0.00000   0.0000  0.0000  1.0000   0.00117  -1.0000  0.0000  0.0000   0.0000  1.0000  0.0000
   71  -0.09375   0.04688   0.00000   0.0000  0.0000  1.0000   0.00117  -1.0000  0.0000  0.0000   0.0000  1.0000  0.0000
   72  -0.13125   0.04688   0.00000   0.0000  0.0000  1.0000   0.00117  -1.0000  0.0000  0.0000   0.0000  1.0000  0.0000
   73  -0.01875   0.07813   0.00000   0.0000  0.0000  1.0000   0.00117  -1.0000  0.0000  0.0000   0.0000  1.0000  0.0000
   74  -0.05625   0.07813   0.00000   0.0000  0.0000  1.0000   0.00117  -1.0000  0.0000  0.0000   0.0000  1.0000  0.0000
   75  -0.09375   0.07813   0.00000   0.0000  0.0000  1.0000   0.00117  -1.0000  0.0000  0.0000   0.0000  1.0000  0.0000
   76  -0.13125   0.07813   0.00000   0.0000  0.0000  1.0000   0.00117  -1.0000  0.0000  0.0000   0.0000  1.0000  0.0000
   77  -0.01875   0.10938   0.00000   0.0000  0.0000  1.0000   0.00117  -1.0000  0.0000  0.0000   0.0000  1.0000  0.0000
   78  -0.05625   0.10938   0.00000   0.0000  0.0000  1.0000   0.00117  -1.0000  0.0000  0.0000   0.0000  1.0000  0.0000
   79  -0.09375   0.10938   0.00000   0.0000  0.0000  1.0000   0.00117  -1.0000  0.0000  0.0000   0.0000  1.0000  0.0000
   80  -0.13125   0.10938   0.00000   0.0000  0.0000  1.0000   0.00117  -1.0000  0.0000  0.0000   0.0000  1.0000  0.0000
   81  -0.01875   0.14063   0.00000   0.0000  0.0000  1.0000   0.00117  -1.0000  0.0000  0.0000   0.0000  1.0000  0.0000
   82  -0.05625   0.14063   0.00000   0.0000  0.0000  1.0000   0.00117  -1.0000  0.0000  0.0000   0.0000  1.0000  0.0000
   83  -0.09375   0.14063   0.00000   0.0000  0.0000  1.0000   0.00117  -1.0000  0.0000  0.0000   0.0000  1.0000  0.0000
   84  -0.13125   0.14063   0.00000   0.0000  0.0000  1.0000   0.00117  -1.0000  0.0000  0.0000   0.0000  1.0000  0.0000
   85  -0.01875   0.17188   0.00000   0.0000  0.0000  1.0000   0.00117  -1.0000  0.0000  0.0000   0.0000  1.0000  0.0000
   86  -0.05625   0.17188   0.00000   0.0000  0.0000  1.0000   0.00117  -1.0000  0.0000  0.0000   0.0000  1.0000  0.0000
   87  -0.09375   0.17188   0.00000   0.0000  0.0000  1.0000   0.00117  -1.0000  0.0000  0.0000   0.0000  1.0000  0.0000
   88  -0.13125   0.17188   0.00000   0.0000  0.0000  1.0000   0.00117  -1.0000  0.0000  0.0000   0.0000  1.0000  0.0000
   89  -0.01875   0.20313   0.00000   0.0000  0.0000  1.0000   0.00117  -1.0000  0.0000  0.0000   0.0000  1.0000  0.0000
   90  -0.05625   0.20313   0.00000   0.0000  0.0000  1.0000   0.00117  -1.0000  0.0000  0.0000   0.0000  1.0000  0.0000
   91  -0.09375   0.20313   0.00000   0.0000  0.0000  1.0000   0.00117  -1.0000  0.0000  0.0000   0.0000  1.0000  0.0000
   92  -0.13125   0.20313   0.00000   0.0000  0.0000  1.0000   0.00117  -1.0000  0.0000  0.0000   0.0000  1.0000  0.0000
   93  -0.01875   0.23438   0.00000   0.0000  0.0000  1.0000   0.00117  -1.0000  0.0000  0.0000   0.0000  1.0000  0.0000
   94  -0.05625   0.23438   0.00000   0.0000  0.0000  1.0000   0.00117  -1.0000  0.0000  0.0000   0.0000  1.0000  0.0000
   95  -0.09375   0.23438   0.00000   0.0000  0.0000  1.0000   0.00117  -1.0000  0.0000  0.0000   0.0000  1.0000  0.0000
   96  -0.13125   0.23438   0.00000   0.0000  0.0000  1.0000   0.00117  -1.0000  0.0000  0.0000   0.0000  1.0000  0.0000
   97  -0.01875  -0.01563   0.00000   0.0000  0.0000  1.0000   0.00117  -1.0000  0.0000  0.0000   0.0000 -1.0000  0.0000
   98  -0.05625  -0.01563   0.00000   0.0000  0.0000  1.0000   0.00117  -1.0000  0.0000  0.0000   0.0000 -1.0000  0.0000
   99  -0.09375  -0.01563   0.00000   0.0000  0.0000  1.0000   0.00117  -1.0000  0.0000  0.0000   0.0000 -1.0000  0.0000
  100  -0.13125  -0.01563   0.00000   0.0000  0.0000  1.0000   0.00117  -1.0000  0.0000  0.0000   0.0000 -1.0000  0.0000
  101  -0.01875  -0.04688   0.00000   0.0000  0.0000  1.0000   0.00117  -1.0000  0.0000  0.0000   0.0000 -1.0000  0.0000
  102  -0.05625  -0.04688   0.00000   0.0000  0.0000  1.0000   0.00117  -1.0000  0.0000  0.0000   0.0000 -1.0000  0.0000
  103  -0.09375  -0.04688   0.00000   0.0000  0.0000  1.0000   0.00117  -1.0000  0.0000  0.0000   0.0000 -1.0000  0.0000
  104  -0.13125  -0.04688   0.00000   0.0000  0.0000  1.0000   0.00117  -1.0000  0.0000  0.0000   0.0000 -1.0000  0.0000
  105  -0.01875  -0.07813   0.00000   0.0000  0.0000  1.0000   0.00117  -1.0000  0.0000  0.0000   0.0000 -1.0000  0.0000
  106  -0.05625  -0.07813   0.00000   0.0000  0.0000  1.0000   0.00117  -1.0000  0.0000  0.0000   0.0000 -1.0000  0.0000
  107  -0.09375  -0.07813   0.00000   0.0000  0.0000  1.0000   0.00117  -1.0000  0.0000  0.0000   0.0000 -1.0000  0.0000
  108  -0.13125  -0.07813   0.00000   0.0000  0.0000  1.0000   0.00117  -1.0000  0.0000  0.0000   0.0000 -1.0000  0.0000
  109  -0.01875  -0.10938   0.00000   0.0000  0.0000  1.0000   0.00117  -1.0000  0.0000  0.0000   0.0000 -1.0000  0.0000
  110  -0.05625  -0.10938   0.00000   0.0000  0.0000  1.0000   0.00117  -1.0000  0.0000  0.0000   0.0000 -1.0000  0.0000
  111  -0.09375  -0.10938   0.00000   0.0000  0.0000  1.0000   0.00117  -1.0000  0.0000  0.0000   0.0000 -1.0000  0.0000
  112  -0.13125  -0.10938   0.00000   0.0000  0.0000  1.0000   0.00117  -1.0000  0.0000  0.0000   0.0000 -1.0000  0.0000
  113  -0.01875  -0.14063   0.00000   0.0000  0.0000  1.0000   0.00117  -1.0000  0.0000  0.0000   0.0000 -1.0000  0.0000
  114  -0.05625  -0.14063   0.00000   0.0000  0.0000  1.0000   0.00117  -1.0000  0.0000  0.0000   0.0000 -1.0000  0.0000
  115  -0.09375  -0.14063   0.00000   0.0000  0.0000  1.0000   0.00117  -1.0000  0.0000  0.0000   0.0000 -1.0000  0.0000
  116  -0.13125  -0.14063   0.00000   0.0000  0.0000  1.0000   0.00117  -1.0000  0.0000  0.0000   0.0000 -1.0000  0.0000
  117  -0.01875  -0.17188   0.00000   0.0000  0.0000  1.0000   0.00117  -1.0000  0.0000  0.0000   0.0000 -1.0000  0.0000
  118  -0.05625  -0.17188   0.00000   0.0000  0.0000  1.0000   0.00117  -1.0000  0.0000  0.0000   0.0000 -1.0000  0.0000
  119  -0.09375  -0.17188   0.00000   0.0000  0.0000  1.0000   0.00117  -1.0000  0.0000  0.0000   0.0000 -1.0000  0.0000
  120  -0.13125  -0.17188   0.00000   0.0000  0.0000  1.0000   0.00117  -1.0000  0.0000  0.0000   0.0000 -1.0000  0.0000
  121  -0.01875  -0.20313   0.00000   0.0000  0.0000  1.0000   0.00117  -1.0000  0.0000  0.0000   0.0000 -1.0000  0.0000
  122  -0.05625  -0.20313   0.00000   0.0000  0.0000  1.0000   0.00117  -1.0000  0.0000  0.0000   0.0000 -1.0000  0.0000
  123  -0.09375  -0.20313   0.00000   0.0000  0.0000  1.0000   0.00117  -1.0000  0.0000  0.0000   0.0000 -1.0000  0.0000
  124  -0.13125  -0.20313   0.00000   0.0000  0.0000  1.0000   0.00117  -1.0000  0.0000  0.0000   0.0000 -1.0000  0.0000
  125  -0.01875  -0.23438   0.00000   0.0000  0.0000  1.0000   0.00117  -1.0000  0.0000  0.0000   0.0000 -1.0000  0.0000
  126  -0.05625  -0.23438   0.00000   0.0000  0.0000  1.0000   0.00117  -1.0000  0.0000  0.0000   0.0000 -1.0000  0.0000
  127  -0.09375  -0.23438   0.00000   0.0000  0.0000  1.0000   0.00117  -1.0000  0.0000  0.0000   0.0000 -1.0000  0.0000
  128  -0.13125  -0.23438   0.00000   0.0000  0.0000  1.0000   0.00117  -1.0000  0.0000  0.0000   0.0000 -1.0000  0.0000






 ***** DATA CARD NO.  1   FR   0     1     0     0  1.29600E+03  0.00000E+00  0.00000E+00  0.00000E+00  0.00000E+00  0.00000E+00
 ***** DATA CARD NO.  2   TL   0     1     0     6 -3.00000E+02  1.10000E-01  0.00000E+00  0.00000E+00  0.00000E+00  0.00000E+00
 ***** DATA CARD NO.  3   TL   0    41     0    46 -3.00000E+02  1.10000E-01  0.00000E+00  0.00000E+00  0.00000E+00  0.00000E+00
 ***** DATA CARD NO.  4   TL   0    21     0    26 -3.00000E+02  1.10000E-01  0.00000E+00  0.00000E+00  0.00000E+00  0.00000E+00
 ***** DATA CARD NO.  5   TL   0    61     0    66 -3.00000E+02  1.10000E-01  0.00000E+00  0.00000E+00  0.00000E+00  0.00000E+00
 ***** DATA CARD NO.  6   EX   0     0     1     0  1.00000E+00  0.00000E+00  0.00000E+00  0.00000E+00  0.00000E+00  0.00000E+00
 ***** DATA CARD NO.  7   EX   0     0    41     0 -1.00000E+00  0.00000E+00  0.00000E+00  0.00000E+00  0.00000E+00  0.00000E+00
 ***** DATA CARD NO.  8   EX   0     0    21     0  1.00000E+00  0.00000E+00  0.00000E+00  0.00000E+00  0.00000E+00  0.00000E+00
 ***** DATA CARD NO.  9   EX   0     0    61     0 -1.00000E+00  0.00000E+00  0.00000E+00  0.00000E+00  0.00000E+00  0.00000E+00
 ***** DATA CARD NO. 10   LD   5     0     0     0  3.72000E+07  0.00000E+00  0.00000E+00  0.00000E+00  0.00000E+00  0.00000E+00
 ***** DATA CARD NO. 11   PT  -1     0     0     0  0.00000E+00  0.00000E+00  0.00000E+00  0.00000E+00  0.00000E+00  0.00000E+00
 ***** DATA CARD NO. 12   NE   0    26     1    26 -2.00000E+01  0.00000E+00  0.00000E+00  1.60000E+00  1.00000E+00  2.00000E+00




                                 - - - - - - FREQUENCY - - - - - -

                                    FREQUENCY= 1.2960E+03 MHZ
                                    WAVELENGTH= 2.3133E-01 METERS




                    APPROXIMATE INTEGRATION EMPLOYED FOR SEGMENTS MORE THAN   1.000 WAVELENGTHS APART



                               - - - STRUCTURE IMPEDANCE LOADING - - -


       LOCATION          RESISTANCE   INDUCTANCE  CAPACITANCE       IMPEDANCE (OHMS)     CONDUCTIVITY    TYPE
    ITAG FROM THRU          OHMS        HENRYS       FARADS        REAL      IMAGINARY    MHOS/METER

     ALL                                                                                 3.7200E+07     WIRE  



                                  - - - ANTENNA ENVIRONMENT - - -

                                            FREE SPACE



                                - - - MATRIX TIMING - - -

                        FILL=    0.016 SEC.,  FACTOR=    0.000 SEC.



                                            - - - NETWORK DATA - - -

      - FROM -    - TO -           TRANSMISSION LINE               -  -  SHUNT ADMITTANCES (MHOS)  -  -              LINE
      TAG  SEG.   TAG  SEG.      IMPEDANCE      LENGTH            - END ONE -                 - END TWO -            TYPE
      NO.   NO.   NO.   NO.         OHMS        METERS         REAL          IMAG.         REAL          IMAG.
        1     1     2     6     3.0000E+02    1.1000E-01    0.0000E+00    0.0000E+00    0.0000E+00    0.0000E+00   CROSSED 
       57    41    58    46     3.0000E+02    1.1000E-01    0.0000E+00    0.0000E+00    0.0000E+00    0.0000E+00   CROSSED 
       29    21    30    26     3.0000E+02    1.1000E-01    0.0000E+00    0.0000E+00    0.0000E+00    0.0000E+00   CROSSED 
       85    61    86    66     3.0000E+02    1.1000E-01    0.0000E+00    0.0000E+00    0.0000E+00    0.0000E+00   CROSSED 



                           - - - STRUCTURE EXCITATION DATA AT NETWORK CONNECTION POINTS - - -

   TAG   SEG.    VOLTAGE (VOLTS)         CURRENT (AMPS)         IMPEDANCE (OHMS)        ADMITTANCE (MHOS)      POWER
   NO.   NO.    REAL        IMAG.       REAL        IMAG.       REAL        IMAG.       REAL        IMAG.     (WATTS)
     2     6 1.02326E+00 1.01413E-01 2.18015E-03-2.43193E-04 4.58461E+02 9.76576E+01 2.08654E-03-4.44456E-04 1.10310E-03
    58    46-1.02326E+00-1.01413E-01-2.18015E-03 2.43193E-04 4.58461E+02 9.76576E+01 2.08654E-03-4.44456E-04 1.10310E-03
    30    26 1.02326E+00 1.01413E-01 2.18015E-03-2.43193E-04 4.58461E+02 9.76576E+01 2.08654E-03-4.44456E-04 1.10310E-03
    86    66-1.02326E+00-1.01413E-01-2.18015E-03 2.43193E-04 4.58461E+02 9.76576E+01 2.08654E-03-4.44456E-04 1.10310E-03
     1     1 1.00000E+00 0.00000E+00 1.76176E-03 6.81117E-04 4.93806E+02-1.90912E+02 1.76176E-03 6.81117E-04 8.80879E-04
    57    41-1.00000E+00 0.00000E+00-1.76176E-03-6.81117E-04 4.93806E+02-1.90912E+02 1.76176E-03 6.81117E-04 8.80879E-04
    29    21 1.00000E+00 0.00000E+00 1.76176E-03 6.81117E-04 4.93806E+02-1.90912E+02 1.76176E-03 6.81117E-04 8.80879E-04
    85    61-1.00000E+00 0.00000E+00-1.76176E-03-6.81117E-04 4.93806E+02-1.90912E+02 1.76176E-03 6.81117E-04 8.80879E-04



                                          - - - ANTENNA INPUT PARAMETERS - - -

   TAG   SEG.    VOLTAGE (VOLTS)         CURRENT (AMPS)         IMPEDANCE (OHMS)        ADMITTANCE (MHOS)      POWER
   NO.   NO.    REAL        IMAG.       REAL        IMAG.       REAL        IMAG.       REAL        IMAG.     (WATTS)
     1     1 1.00000E+00 0.00000E+00 3.96796E-03-8.18349E-05 2.51912E+02 5.19541E+00 3.96796E-03-8.18349E-05 1.98398E-03
    57    41-1.00000E+00 0.00000E+00-3.96796E-03 8.18349E-05 2.51912E+02 5.19541E+00 3.96796E-03-8.18349E-05 1.98398E-03
    29    21 1.00000E+00 0.00000E+00 3.96796E-03-8.18349E-05 2.51912E+02 5.19541E+00 3.96796E-03-8.18349E-05 1.98398E-03
    85    61-1.00000E+00 0.00000E+00-3.96796E-03 8.18349E-05 2.51912E+02 5.19541E+00 3.96796E-03-8.18349E-05 1.98398E-03




                                         - - - - SURFACE PATCH CURRENTS - - - -

                                                  DISTANCE IN WAVELENGTHS
                                                  CURRENT IN AMPS/METER

                            - - SURFACE COMPONENTS - -                   - - - RECTANGULAR COMPONENTS - - -
      PATCH CENTER      TANGENT VECTOR 1   TANGENT VECTOR 2           X                   Y                   Z
     X      Y      Z     MAG.       PHASE   MAG.       PHASE    REAL      IMAG.     REAL      IMAG.     REAL      IMAG. 
    1
   0.081  0.068  0.000 3.1117E-02  107.29 0.0000E+00    0.00 -9.25E-03  2.97E-02  0.00E+00  0.00E+00  0.00E+00  0.00E+00
    2
   0.243  0.068  0.000 2.9675E-02  100.33 0.0000E+00    0.00 -5.32E-03  2.92E-02  0.00E+00  0.00E+00  0.00E+00  0.00E+00
    3
   0.405  0.068  0.000 2.2801E-02   85.69 0.0000E+00    0.00  1.71E-03  2.27E-02  0.00E+00  0.00E+00  0.00E+00  0.00E+00
    4
   0.567  0.068  0.000 1.4659E-02   60.29 0.0000E+00    0.00  7.26E-03  1.27E-02  0.00E+00  0.00E+00  0.00E+00  0.00E+00
    5
   0.081  0.203  0.000 3.4555E-02  111.42 0.0000E+00    0.00 -1.26E-02  3.22E-02  0.00E+00  0.00E+00  0.00E+00  0.00E+00
    6
   0.243  0.203  0.000 3.4361E-02  104.77 0.0000E+00    0.00 -8.76E-03  3.32E-02  0.00E+00  0.00E+00  0.00E+00  0.00E+00
    7
   0.405  0.203  0.000 2.5276E-02   90.45 0.0000E+00    0.00 -2.00E-04  2.53E-02  0.00E+00  0.00E+00  0.00E+00  0.00E+00
    8
   0.567  0.203  0.000 1.5009E-02   64.21 0.0000E+00    0.00  6.53E-03  1.35E-02  0.00E+00  0.00E+00  0.00E+00  0.00E+00
    9
   0.081  0.338  0.000 3.4655E-02  111.35 0.0000E+00    0.00 -1.26E-02  3.23E-02  0.00E+00  0.00E+00  0.00E+00  0.00E+00
   10
   0.243  0.338  0.000 3.4120E-02  105.03 0.0000E+00    0.00 -8.85E-03  3.30E-02  0.00E+00  0.00E+00  0.00E+00  0.00E+00
   11
   0.405  0.338  0.000 2.5256E-02   91.56 0.0000E+00    0.00 -6.85E-04  2.52E-02  0.00E+00  0.00E+00  0.00E+00  0.00E+00
   12
   0.567  0.338  0.000 1.5017E-02   67.10 0.0000E+00    0.00  5.84E-03  1.38E-02  0.00E+00  0.00E+00  0.00E+00  0.00E+00
   13
   0.081  0.473  0.000 3.3200E-02  108.80 0.0000E+00    0.00 -1.07E-02  3.14E-02  0.00E+00  0.00E+00  0.00E+00  0.00E+00
   14
   0.243  0.473  0.000 3.1370E-02  103.06 0.0000E+00    0.00 -7.09E-03  3.06E-02  0.00E+00  0.00E+00  0.00E+00  0.00E+00
   15
   0.405  0.473  0.000 2.3848E-02   90.90 0.0000E+00    0.00 -3.73E-04  2.38E-02  0.00E+00  0.00E+00  0.00E+00  0.00E+00
   16
   0.567  0.473  0.000 1.4768E-02   69.32 0.0000E+00    0.00  5.22E-03  1.38E-02  0.00E+00  0.00E+00  0.00E+00  0.00E+00
   17
   0.081  0.608  0.000 3.6562E-02  110.59 0.0000E+00    0.00 -1.29E-02  3.42E-02  0.00E+00  0.00E+00  0.00E+00  0.00E+00
   18
   0.243  0.608  0.000 3.5011E-02  105.87 0.0000E+00    0.00 -9.57E-03  3.37E-02  0.00E+00  0.00E+00  0.00E+00  0.00E+00
   19
   0.405  0.608  0.000 2.5672E-02   94.78 0.0000E+00    0.00 -2.14E-03  2.56E-02  0.00E+00  0.00E+00  0.00E+00  0.00E+00
   20
   0.567  0.608  0.000 1.4891E-02   73.71 0.0000E+00    0.00  4.18E-03  1.43E-02  0.00E+00  0.00E+00  0.00E+00  0.00E+00
   21
   0.081  0.743  0.000 4.0173E-02  113.27 0.0000E+00    0.00 -1.59E-02  3.69E-02  0.00E+00  0.00E+00  0.00E+00  0.00E+00
   22
   0.243  0.743  0.000 4.0121E-02  109.19 0.0000E+00    0.00 -1.32E-02  3.79E-02  0.00E+00  0.00E+00  0.00E+00  0.00E+00
   23
   0.405  0.743  0.000 2.7851E-02   98.69 0.0000E+00    0.00 -4.21E-03  2.75E-02  0.00E+00  0.00E+00  0.00E+00  0.00E+00
   24
   0.567  0.743  0.000 1.4543E-02   76.87 0.0000E+00    0.00  3.30E-03  1.42E-02  0.00E+00  0.00E+00  0.00E+00  0.00E+00
   25
   0.081  0.878  0.000 3.2442E-02  109.58 0.0000E+00    0.00 -1.09E-02  3.06E-02  0.00E+00  0.00E+00  0.00E+00  0.00E+00
   26
   0.243  0.878  0.000 3.1834E-02  105.75 0.0000E+00    0.00 -8.64E-03  3.06E-02  0.00E+00  0.00E+00  0.00E+00  0.00E+00
   27
   0.405  0.878  0.000 2.2493E-02   95.08 0.0000E+00    0.00 -1.99E-03  2.24E-02  0.00E+00  0.00E+00  0.00E+00  0.00E+00
   28
   0.567  0.878  0.000 1.2151E-02   72.98 0.0000E+00    0.00  3.56E-03  1.16E-02  0.00E+00  0.00E+00  0.00E+00  0.00E+00
   29
   0.081  1.013  0.000 2.0145E-02   98.19 0.0000E+00    0.00 -2.87E-03  1.99E-02  0.00E+00  0.00E+00  0.00E+00  0.00E+00
   30
   0.243  1.013  0.000 1.8876E-02   94.02 0.0000E+00    0.00 -1.32E-03  1.88E-02  0.00E+00  0.00E+00  0.00E+00  0.00E+00
   31
   0.405  1.013  0.000 1.4160E-02   82.58 0.0000E+00    0.00  1.83E-03  1.40E-02  0.00E+00  0.00E+00  0.00E+00  0.00E+00
   32
   0.567  1.013  0.000 8.7011E-03   60.49 0.0000E+00    0.00  4.29E-03  7.57E-03  0.00E+00  0.00E+00  0.00E+00  0.00E+00
   33
   0.081 -0.068  0.000 3.1117E-02  107.29 0.0000E+00    0.00 -9.25E-03  2.97E-02  0.00E+00  0.00E+00  0.00E+00  0.00E+00
   34
   0.243 -0.068  0.000 2.9675E-02  100.33 0.0000E+00    0.00 -5.32E-03  2.92E-02  0.00E+00  0.00E+00  0.00E+00  0.00E+00
   35
   0.405 -0.068  0.000 2.2801E-02   85.69 0.0000E+00    0.00  1.71E-03  2.27E-02  0.00E+00  0.00E+00  0.00E+00  0.00E+00
   36
   0.567 -0.068  0.000 1.4659E-02   60.29 0.0000E+00    0.00  7.26E-03  1.27E-02  0.00E+00  0.00E+00  0.00E+00  0.00E+00
   37
   0.081 -0.203  0.000 3.4555E-02  111.42 0.0000E+00    0.00 -1.26E-02  3.22E-02  0.00E+00  0.00E+00  0.00E+00  0.00E+00
   38
   0.243 -0.203  0.000 3.4361E-02  104.77 0.0000E+00    0.00 -8.76E-03  3.32E-02  0.00E+00  0.00E+00  0.00E+00  0.00E+00
   39
   0.405 -0.203  0.000 2.5276E-02   90.45 0.0000E+00    0.00 -2.00E-04  2.53E-02  0.00E+00  0.00E+00  0.00E+00  0.00E+00
   40
   0.567 -0.203  0.000 1.5009E-02   64.21 0.0000E+00    0.00  6.53E-03  1.35E-02  0.00E+00  0.00E+00  0.00E+00  0.00E+00
   41
   0.081 -0.338  0.000 3.4655E-02  111.35 0.0000E+00    0.00 -1.26E-02  3.23E-02  0.00E+00  0.00E+00  0.00E+00  0.00E+00
   42
   0.243 -0.338  0.000 3.4120E-02  105.03 0.0000E+00    0.00 -8.85E-03  3.30E-02  0.00E+00  0.00E+00  0.00E+00  0.00E+00
   43
   0.405 -0.338  0.000 2.5256E-02   91.56 0.0000E+00    0.00 -6.85E-04  2.52E-02  0.00E+00  0.00E+00  0.00E+00  0.00E+00
   44
   0.567 -0.338  0.000 1.5017E-02   67.10 0.0000E+00    0.00  5.84E-03  1.38E-02  0.00E+00  0.00E+00  0.00E+00  0.00E+00
   45
   0.081 -0.473  0.000 3.3200E-02  108.80 0.0000E+00    0.00 -1.07E-02  3.14E-02  0.00E+00  0.00E+00  0.00E+00  0.00E+00
   46
   0.243 -0.473  0.000 3.1370E-02  103.06 0.0000E+00    0.00 -7.09E-03  3.06E-02  0.00E+00  0.00E+00  0.00E+00  0.00E+00
   47
   0.405 -0.473  0.000 2.3848E-02   90.90 0.0000E+00    0.00 -3.73E-04  2.38E-02  0.00E+00  0.00E+00  0.00E+00  0.00E+00
   48
   0.567 -0.473  0.000 1.4768E-02   69.32 0.0000E+00    0.00  5.22E-03  1.38E-02  0.00E+00  0.00E+00  0.00E+00  0.00E+00
   49
   0.081 -0.608  0.000 3.6562E-02  110.59 0.0000E+00    0.00 -1.29E-02  3.42E-02  0.00E+00  0.00E+00  0.00E+00  0.00E+00
   50
   0.243 -0.608  0.000 3.5011E-02  105.87 0.0000E+00    0.00 -9.57E-03  3.37E-02  0.00E+00  0.00E+00  0.00E+00  0.00E+00
   51
   0.405 -0.608  0.000 2.5672E-02   94.78 0.0000E+00    0.00 -2.14E-03  2.56E-02  0.00E+00  0.00E+00  0.00E+00  0.00E+00
   52
   0.567 -0.608  0.000 1.4891E-02   73.71 0.0000E+00    0.00  4.18E-03  1.43E-02  0.00E+00  0.00E+00  0.00E+00  0.00E+00
   53
   0.081 -0.743  0.000 4.0173E-02  113.27 0.0000E+00    0.00 -1.59E-02  3.69E-02  0.00E+00  0.00E+00  0.00E+00  0.00E+00
   54
   0.243 -0.743  0.000 4.0121E-02  109.19 0.0000E+00    0.00 -1.32E-02  3.79E-02  0.00E+00  0.00E+00  0.00E+00  0.00E+00
   55
   0.405 -0.743  0.000 2.7851E-02   98.69 0.0000E+00    0.00 -4.21E-03  2.75E-02  0.00E+00  0.00E+00  0.00E+00  0.00E+00
   56
   0.567 -0.743  0.000 1.4543E-02   76.87 0.0000E+00    0.00  3.30E-03  1.42E-02  0.00E+00  0.00E+00  0.00E+00  0.00E+00
   57
   0.081 -0.878  0.000 3.2442E-02  109.58 0.0000E+00    0.00 -1.09E-02  3.06E-02  0.00E+00  0.00E+00  0.00E+00  0.00E+00
   58
   0.243 -0.878  0.000 3.1834E-02  105.75 0.0000E+00    0.00 -8.64E-03  3.06E-02  0.00E+00  0.00E+00  0.00E+00  0.00E+00
   59
   0.405 -0.878  0.000 2.2493E-02   95.08 0.0000E+00    0.00 -1.99E-03  2.24E-02  0.00E+00  0.00E+00  0.00E+00  0.00E+00
   60
   0.567 -0.878  0.000 1.2151E-02   72.98 0.0000E+00    0.00  3.56E-03  1.16E-02  0.00E+00  0.00E+00  0.00E+00  0.00E+00
   61
   0.081 -1.013  0.000 2.0145E-02   98.19 0.0000E+00    0.00 -2.87E-03  1.99E-02  0.00E+00  0.00E+00  0.00E+00  0.00E+00
   62
   0.243 -1.013  0.000 1.8876E-02   94.02 0.0000E+00    0.00 -1.32E-03  1.88E-02  0.00E+00  0.00E+00  0.00E+00  0.00E+00
   63
   0.405 -1.013  0.000 1.4160E-02   82.58 0.0000E+00    0.00  1.83E-03  1.40E-02  0.00E+00  0.00E+00  0.00E+00  0.00E+00
   64
   0.567 -1.013  0.000 8.7011E-03   60.49 0.0000E+00    0.00  4.29E-03  7.57E-03  0.00E+00  0.00E+00  0.00E+00  0.00E+00
   65
  -0.081  0.068  0.000 3.1117E-02  -72.71 0.0000E+00    0.00 -9.25E-03  2.97E-02  0.00E+00  0.00E+00  0.00E+00  0.00E+00
   66
  -0.243  0.068  0.000 2.9675E-02  -79.67 0.0000E+00    0.00 -5.32E-03  2.92E-02  0.00E+00  0.00E+00  0.00E+00  0.00E+00
   67
  -0.405  0.068  0.000 2.2801E-02  -94.31 0.0000E+00    0.00  1.71E-03  2.27E-02  0.00E+00  0.00E+00  0.00E+00  0.00E+00
   68
  -0.567  0.068  0.000 1.4659E-02 -119.71 0.0000E+00    0.00  7.26E-03  1.27E-02  0.00E+00  0.00E+00  0.00E+00  0.00E+00
   69
  -0.081  0.203  0.000 3.4555E-02  -68.58 0.0000E+00    0.00 -1.26E-02  3.22E-02  0.00E+00  0.00E+00  0.00E+00  0.00E+00
   70
  -0.243  0.203  0.000 3.4361E-02  -75.23 0.0000E+00    0.00 -8.76E-03  3.32E-02  0.00E+00  0.00E+00  0.00E+00  0.00E+00
   71
  -0.405  0.203  0.000 2.5276E-02  -89.55 0.0000E+00    0.00 -2.00E-04  2.53E-02  0.00E+00  0.00E+00  0.00E+00  0.00E+00
   72
  -0.567  0.203  0.000 1.5009E-02 -115.79 0.0000E+00    0.00  6.53E-03  1.35E-02  0.00E+00  0.00E+00  0.00E+00  0.00E+00
   73
  -0.081  0.338  0.000 3.4655E-02  -68.65 0.0000E+00    0.00 -1.26E-02  3.23E-02  0.00E+00  0.00E+00  0.00E+00  0.00E+00
   74
  -0.243  0.338  0.000 3.4120E-02  -74.97 0.0000E+00    0.00 -8.85E-03  3.30E-02  0.00E+00  0.00E+00  0.00E+00  0.00E+00
   75
  -0.405  0.338  0.000 2.5256E-02  -88.44 0.0000E+00    0.00 -6.85E-04  2.52E-02  0.00E+00  0.00E+00  0.00E+00  0.00E+00
   76
  -0.567  0.338  0.000 1.5017E-02 -112.90 0.0000E+00    0.00  5.84E-03  1.38E-02  0.00E+00  0.00E+00  0.00E+00  0.00E+00
   77
  -0.081  0.473  0.000 3.3200E-02  -71.20 0.0000E+00    0.00 -1.07E-02  3.14E-02  0.00E+00  0.00E+00  0.00E+00  0.00E+00
   78
  -0.243  0.473  0.000 3.1370E-02  -76.94 0.0000E+00    0.00 -7.09E-03  3.06E-02  0.00E+00  0.00E+00  0.00E+00  0.00E+00
   79
  -0.405  0.473  0.000 2.3848E-02  -89.10 0.0000E+00    0.00 -3.73E-04  2.38E-02  0.00E+00  0.00E+00  0.00E+00  0.00E+00
   80
  -0.567  0.473  0.000 1.4768E-02 -110.68 0.0000E+00    0.00  5.22E-03  1.38E-02  0.00E+00  0.00E+00  0.00E+00  0.00E+00
   81
  -0.081  0.608  0.000 3.6562E-02  -69.41 0.0000E+00    0.00 -1.29E-02  3.42E-02  0.00E+00  0.00E+00  0.00E+00  0.00E+00
   82
  -0.243  0.608  0.000 3.5011E-02  -74.13 0.0000E+00    0.00 -9.57E-03  3.37E-02  0.00E+00  0.00E+00  0.00E+00  0.00E+00
   83
  -0.405  0.608  0.000 2.5672E-02  -85.22 0.0000E+00    0.00 -2.14E-03  2.56E-02  0.00E+00  0.00E+00  0.00E+00  0.00E+00
   84
  -0.567  0.608  0.000 1.4891E-02 -106.29 0.0000E+00    0.00  4.18E-03  1.43E-02  0.00E+00  0.00E+00  0.00E+00  0.00E+00
   85
  -0.081  0.743  0.000 4.0173E-02  -66.73 0.0000E+00    0.00 -1.59E-02  3.69E-02  0.00E+00  0.00E+00  0.00E+00  0.00E+00
   86
  -0.243  0.743  0.000 4.0121E-02  -70.81 0.0000E+00    0.00 -1.32E-02  3.79E-02  0.00E+00  0.00E+00  0.00E+00  0.00E+00
   87
  -0.405  0.743  0.000 2.7851E-02  -81.31 0.0000E+00    0.00 -4.21E-03  2.75E-02  0.00E+00  0.00E+00  0.00E+00  0.00E+00
   88
  -0.567  0.743  0.000 1.4543E-02 -103.13 0.0000E+00    0.00  3.30E-03  1.42E-02  0.00E+00  0.00E+00  0.00E+00  0.00E+00
   89
  -0.081  0.878  0.000 3.2442E-02  -70.42 0.0000E+00    0.00 -1.09E-02  3.06E-02  0.00E+00  0.00E+00  0.00E+00  0.00E+00
   90
  -0.243  0.878  0.000 3.1834E-02  -74.25 0.0000E+00    0.00 -8.64E-03  3.06E-02  0.00E+00  0.00E+00  0.00E+00  0.00E+00
   91
  -0.405  0.878  0.000 2.2493E-02  -84.92 0.0000E+00    0.00 -1.99E-03  2.24E-02  0.00E+00  0.00E+00  0.00E+00  0.00E+00
   92
  -0.567  0.878  0.000 1.2151E-02 -107.02 0.0000E+00    0.00  3.56E-03  1.16E-02  0.00E+00  0.00E+00  0.00E+00  0.00E+00
   93
  -0.081  1.013  0.000 2.0145E-02  -81.81 0.0000E+00    0.00 -2.87E-03  1.99E-02  0.00E+00  0.00E+00  0.00E+00  0.00E+00
   94
  -0.243  1.013  0.000 1.8876E-02  -85.98 0.0000E+00    0.00 -1.32E-03  1.88E-02  0.00E+00  0.00E+00  0.00E+00  0.00E+00
   95
  -0.405  1.013  0.000 1.4160E-02  -97.42 0.0000E+00    0.00  1.83E-03  1.40E-02  0.00E+00  0.00E+00  0.00E+00  0.00E+00
   96
  -0.567  1.013  0.000 8.7011E-03 -119.51 0.0000E+00    0.00  4.29E-03  7.57E-03  0.00E+00  0.00E+00  0.00E+00  0.00E+00
   97
  -0.081 -0.068  0.000 3.1117E-02  -72.71 0.0000E+00    0.00 -9.25E-03  2.97E-02  0.00E+00  0.00E+00  0.00E+00  0.00E+00
   98
  -0.243 -0.068  0.000 2.9675E-02  -79.67 0.0000E+00    0.00 -5.32E-03  2.92E-02  0.00E+00  0.00E+00  0.00E+00  0.00E+00
   99
  -0.405 -0.068  0.000 2.2801E-02  -94.31 0.0000E+00    0.00  1.71E-03  2.27E-02  0.00E+00  0.00E+00  0.00E+00  0.00E+00
  100
  -0.567 -0.068  0.000 1.4659E-02 -119.71 0.0000E+00    0.00  7.26E-03  1.27E-02  0.00E+00  0.00E+00  0.00E+00  0.00E+00
  101
  -0.081 -0.203  0.000 3.4555E-02  -68.58 0.0000E+00    0.00 -1.26E-02  3.22E-02  0.00E+00  0.00E+00  0.00E+00  0.00E+00
  102
  -0.243 -0.203  0.000 3.4361E-02  -75.23 0.0000E+00    0.00 -8.76E-03  3.32E-02  0.00E+00  0.00E+00  0.00E+00  0.00E+00
  103
  -0.405 -0.203  0.000 2.5276E-02  -89.55 0.0000E+00    0.00 -2.00E-04  2.53E-02  0.00E+00  0.00E+00  0.00E+00  0.00E+00
  104
  -0.567 -0.203  0.000 1.5009E-02 -115.79 0.0000E+00    0.00  6.53E-03  1.35E-02  0.00E+00  0.00E+00  0.00E+00  0.00E+00
  105
  -0.081 -0.338  0.000 3.4655E-02  -68.65 0.0000E+00    0.00 -1.26E-02  3.23E-02  0.00E+00  0.00E+00  0.00E+00  0.00E+00
  106
  -0.243 -0.338  0.000 3.4120E-02  -74.97 0.0000E+00    0.00 -8.85E-03  3.30E-02  0.00E+00  0.00E+00  0.00E+00  0.00E+00
  107
  -0.405 -0.338  0.000 2.5256E-02  -88.44 0.0000E+00    0.00 -6.85E-04  2.52E-02  0.00E+00  0.00E+00  0.00E+00  0.00E+00
  108
  -0.567 -0.338  0.000 1.5017E-02 -112.90 0.0000E+00    0.00  5.84E-03  1.38E-02  0.00E+00  0.00E+00  0.00E+00  0.00E+00
  109
  -0.081 -0.473  0.000 3.3200E-02  -71.20 0.0000E+00    0.00 -1.07E-02  3.14E-02  0.00E+00  0.00E+00  0.00E+00  0.00E+00
  110
  -0.243 -0.473  0.000 3.1370E-02  -76.94 0.0000E+00    0.00 -7.09E-03  3.06E-02  0.00E+00  0.00E+00  0.00E+00  0.00E+00
  111
  -0.405 -0.473  0.000 2.3848E-02  -89.10 0.0000E+00    0.00 -3.73E-04  2.38E-02  0.00E+00  0.00E+00  0.00E+00  0.00E+00
  112
  -0.567 -0.473  0.000 1.4768E-02 -110.68 0.0000E+00    0.00  5.22E-03  1.38E-02  0.00E+00  0.00E+00  0.00E+00  0.00E+00
  113
  -0.081 -0.608  0.000 3.6562E-02  -69.41 0.0000E+00    0.00 -1.29E-02  3.42E-02  0.00E+00  0.00E+00  0.00E+00  0.00E+00
  114
  -0.243 -0.608  0.000 3.5011E-02  -74.13 0.0000E+00    0.00 -9.57E-03  3.37E-02  0.00E+00  0.00E+00  0.00E+00  0.00E+00
  115
  -0.405 -0.608  0.000 2.5672E-02  -85.22 0.0000E+00    0.00 -2.14E-03  2.56E-02  0.00E+00  0.00E+00  0.00E+00  0.00E+00
  116
  -0.567 -0.608  0.000 1.4891E-02 -106.29 0.0000E+00    0.00  4.18E-03  1.43E-02  0.00E+00  0.00E+00  0.00E+00  0.00E+00
  117
  -0.081 -0.743  0.000 4.0173E-02  -66.73 0.0000E+00    0.00 -1.59E-02  3.69E-02  0.00E+00  0.00E+00  0.00E+00  0.00E+00
  118
  -0.243 -0.743  0.000 4.0121E-02  -70.81 0.0000E+00    0.00 -1.32E-02  3.79E-02  0.00E+00  0.00E+00  0.00E+00  0.00E+00
  119
  -0.405 -0.743  0.000 2.7851E-02  -81.31 0.0000E+00    0.00 -4.21E-03  2.75E-02  0.00E+00  0.00E+00  0.00E+00  0.00E+00
  120
  -0.567 -0.743  0.000 1.4543E-02 -103.13 0.0000E+00    0.00  3.30E-03  1.42E-02  0.00E+00  0.00E+00  0.00E+00  0.00E+00
  121
  -0.081 -0.878  0.000 3.2442E-02  -70.42 0.0000E+00    0.00 -1.09E-02  3.06E-02  0.00E+00  0.00E+00  0.00E+00  0.00E+00
  122
  -0.243 -0.878  0.000 3.1834E-02  -74.25 0.0000E+00    0.00 -8.64E-03  3.06E-02  0.00E+00  0.00E+00  0.00E+00  0.00E+00
  123
  -0.405 -0.878  0.000 2.2493E-02  -84.92 0.0000E+00    0.00 -1.99E-03  2.24E-02  0.00E+00  0.00E+00  0.00E+00  0.00E+00
  124
  -0.567 -0.878  0.000 1.2151E-02 -107.02 0.0000E+00    0.00  3.56E-03  1.16E-02  0.00E+00  0.00E+00  0.00E+00  0.00E+00
  125
  -0.081 -1.013  0.000 2.0145E-02  -81.81 0.0000E+00    0.00 -2.87E-03  1.99E-02  0.00E+00  0.00E+00  0.00E+00  0.00E+00
  126
  -0.243 -1.013  0.000 1.8876E-02  -85.98 0.0000E+00    0.00 -1.32E-03  1.88E-02  0.00E+00  0.00E+00  0.00E+00  0.00E+00
  127
  -0.405 -1.013  0.000 1.4160E-02  -97.42 0.0000E+00    0.00  1.83E-03  1.40E-02  0.00E+00  0.00E+00  0.00E+00  0.00E+00
  128
  -0.567 -1.013  0.000 8.7011E-03 -119.51 0.0000E+00    0.00  4.29E-03  7.57E-03  0.00E+00  0.00E+00  0.00E+00  0.00E+00



                                        - - - POWER BUDGET - - -

                                           INPUT POWER   = 7.9359E-03 WATTS
                                           RADIATED POWER= 7.9297E-03 WATTS
                                           STRUCTURE LOSS= 6.2406E-06 WATTS
                                           NETWORK LOSS  = 2.1684E-18 WATTS
                                           EFFICIENCY    =  99.92 PERCENT



                                   - - - NEAR ELECTRIC FIELDS - - -

            -  LOCATION  -                     -  EX  -               -  EY  -               -  EZ  -
        X          Y          Z          MAGNITUDE   PHASE      MAGNITUDE   PHASE      MAGNITUDE   PHASE
      METERS     METERS     METERS        VOLTS/M   DEGREES      VOLTS/M   DEGREES      VOLTS/M   DEGREES
     -20.0000     0.0000     0.0000     9.5998E-05   -12.75    1.2914E-19  -108.11    1.1147E-04    46.97
     -18.4000     0.0000     0.0000     1.1343E-04   -42.91    2.0554E-20   169.13    1.3167E-04    16.86
     -16.8000     0.0000     0.0000     1.3609E-04   -73.10    6.6212E-20   -76.09    1.5789E-04   -13.26
     -15.2000     0.0000     0.0000     1.6628E-04  -103.32    4.3800E-20   179.44    1.9281E-04   -43.40
     -13.6000     0.0000     0.0000     2.0776E-04  -133.59    8.4945E-20  -177.42    2.4074E-04   -73.57
     -12.0000     0.0000     0.0000     2.6694E-04  -163.92    2.4570E-19   153.34    3.0904E-04  -103.78
     -10.4000     0.0000     0.0000     3.5556E-04   165.65    1.8495E-19   107.76    4.1116E-04  -134.05
      -8.8000     0.0000     0.0000     4.9694E-04   135.07    3.4488E-19    98.65    5.7372E-04  -164.41
      -7.2000     0.0000     0.0000     7.4310E-04   104.23    3.9362E-19    39.01    8.5594E-04   165.08
      -5.6000     0.0000     0.0000     1.2306E-03    72.93    4.4911E-19    11.22    1.4123E-03   134.30
      -4.0000     0.0000     0.0000     2.4211E-03    40.60    1.9909E-18    -7.77    2.7606E-03   102.91
      -2.4000     0.0000     0.0000     6.8023E-03     5.09    8.7330E-18   -23.90    7.6410E-03    69.75
      -0.8000     0.0000     0.0000     6.6286E-02   -55.31    5.0843E-18   -17.62    7.0897E-02    22.82
       0.8000     0.0000     0.0000     6.6286E-02   -55.31    6.8337E-17  -129.23    7.0897E-02  -157.18
       2.4000     0.0000     0.0000     6.8023E-03     5.09    6.8180E-18  -152.02    7.6410E-03  -110.25
       4.0000     0.0000     0.0000     2.4211E-03    40.60    1.6840E-18   -66.18    2.7606E-03   -77.09
       5.6000     0.0000     0.0000     1.2306E-03    72.93    1.7288E-18   -51.53    1.4123E-03   -45.70
       7.2000     0.0000     0.0000     7.4310E-04   104.23    9.2161E-19    17.43    8.5594E-04   -14.92
       8.8000     0.0000     0.0000     4.9694E-04   135.07    2.5360E-19    54.81    5.7372E-04    15.59
      10.4000     0.0000     0.0000     3.5556E-04   165.65    2.6951E-19    71.15    4.1116E-04    45.95
      12.0000     0.0000     0.0000     2.6694E-04  -163.92    2.2767E-19   149.57    3.0904E-04    76.22
      13.6000     0.0000     0.0000     2.0776E-04  -133.59    2.6653E-19   168.60    2.4074E-04   106.43
      15.2000     0.0000     0.0000     1.6628E-04  -103.32    1.3560E-19  -171.53    1.9281E-04   136.60
      16.8000     0.0000     0.0000     1.3609E-04   -73.10    1.4736E-19  -149.69    1.5789E-04   166.74
      18.4000     0.0000     0.0000     1.1343E-04   -42.91    6.8187E-20  -127.71    1.3167E-04  -163.14
      20.0000     0.0000     0.0000     9.5998E-05   -12.75    1.2550E-19  -116.13    1.1147E-04  -133.03
     -20.0000     0.0000     2.0000     2.9225E-04   136.41    9.5771E-20   166.80    2.7662E-03   114.14
     -18.4000     0.0000     2.0000     3.7324E-04    92.13    4.2776E-20  -109.16    3.2866E-03    71.42
     -16.8000     0.0000     2.0000     4.8817E-04    45.40    1.3077E-19   -83.71    3.9663E-03    26.29
     -15.2000     0.0000     2.0000     6.5687E-04    -4.52    1.1085E-20   179.13    4.8763E-03   -21.99
     -13.6000     0.0000     2.0000     9.1465E-04   -58.75    9.1675E-20    87.55    6.1305E-03   -74.54
     -12.0000     0.0000     2.0000     1.3282E-03  -118.96    1.5191E-19  -127.08    7.9206E-03  -133.02
     -10.4000     0.0000     2.0000     2.0326E-03   172.18    4.2214E-19   154.29    1.0584E-02   159.89
      -8.8000     0.0000     2.0000     3.3244E-03    90.12    3.8629E-19    91.91    1.4746E-02    79.68
      -7.2000     0.0000     2.0000     5.9170E-03   -13.49    4.1381E-19    -0.98    2.1605E-02   -21.96
      -5.6000     0.0000     2.0000     1.1648E-02  -155.64    4.3193E-19   -83.99    3.3277E-02  -161.85
      -4.0000     0.0000     2.0000     2.4232E-02   -16.17    1.0040E-18   -47.80    4.9893E-02   -18.97
      -2.4000     0.0000     2.0000     7.7024E-03   -50.53    2.5395E-18     4.27    1.9358E-02   -17.49
      -0.8000     0.0000     2.0000     1.1333E+00  -173.07    3.7408E-18    15.22    4.6339E-01   178.09
       0.8000     0.0000     2.0000     1.1333E+00  -173.07    4.9199E-19    13.08    4.6339E-01    -1.91
       2.4000     0.0000     2.0000     7.7024E-03   -50.53    2.9226E-18   -61.09    1.9358E-02   162.51
       4.0000     0.0000     2.0000     2.4232E-02   -16.17    2.1646E-18   -34.75    4.9893E-02   161.03
       5.6000     0.0000     2.0000     1.1648E-02  -155.64    9.3446E-19   176.65    3.3277E-02    18.15
       7.2000     0.0000     2.0000     5.9170E-03   -13.49    3.7276E-19   -83.20    2.1605E-02   158.04
       8.8000     0.0000     2.0000     3.3244E-03    90.12    7.5638E-19    84.32    1.4746E-02  -100.32
      10.4000     0.0000     2.0000     2.0326E-03   172.18    1.3208E-19    39.20    1.0584E-02   -20.11
      12.0000     0.0000     2.0000     1.3282E-03  -118.96    2.2323E-19  -120.21    7.9206E-03    46.98
      13.6000     0.0000     2.0000     9.1465E-04   -58.75    1.8340E-19   -98.89    6.1305E-03   105.46
      15.2000     0.0000     2.0000     6.5687E-04    -4.52    1.7652E-19   -12.93    4.8763E-03   158.01
      16.8000     0.0000     2.0000     4.8817E-04    45.40    1.0946E-19    38.14    3.9663E-03  -153.71
      18.4000     0.0000     2.0000     3.7324E-04    92.13    6.3656E-20    72.64    3.2866E-03  -108.58
      20.0000     0.0000     2.0000     2.9225E-04   136.41    5.5616E-20   150.79    2.7662E-03   -65.86
     -20.0000     0.0000     4.0000     1.1506E-03    27.49    6.1349E-20    68.51    5.8037E-03    21.66
     -18.4000     0.0000     4.0000     1.4742E-03   -54.01    5.6005E-20   -64.22    6.8468E-03   -59.37
     -16.8000     0.0000     4.0000     1.9264E-03  -144.90    7.1310E-20  -156.24    8.1752E-03  -149.79
     -15.2000     0.0000     4.0000     2.5735E-03   112.03    1.5761E-19   105.49    9.8889E-03   107.63
     -13.6000     0.0000     4.0000     3.5229E-03    -7.23    2.1803E-19   -19.10    1.2122E-02   -11.11
     -12.0000     0.0000     4.0000     4.9483E-03  -148.59    1.0964E-19  -112.31    1.5037E-02  -151.92
     -10.4000     0.0000     4.0000     7.1146E-03    38.86    1.7435E-19   -16.46    1.8761E-02    36.17
      -8.8000     0.0000     4.0000     1.0321E-02  -179.37    2.8339E-19  -161.85    2.3076E-02   178.75
      -7.2000     0.0000     4.0000     1.4247E-02  -107.38    4.4134E-19     7.48    2.6201E-02  -107.95
      -5.6000     0.0000     4.0000     1.3834E-02  -143.29    1.0309E-18  -140.90    2.0563E-02  -139.98
      -4.0000     0.0000     4.0000     3.0438E-02   111.78    3.7344E-19   -79.12    3.2586E-02   101.20
      -2.4000     0.0000     4.0000     2.7784E-01  -121.29    1.2116E-18    52.59    1.6934E-01  -126.41
      -0.8000     0.0000     4.0000     9.1654E-01    78.32    1.8529E-19   -14.88    1.8562E-01    74.32
       0.8000     0.0000     4.0000     9.1654E-01    78.32    3.9179E-19  -171.82    1.8562E-01  -105.68
       2.4000     0.0000     4.0000     2.7784E-01  -121.29    1.0751E-18    89.26    1.6934E-01    53.59
       4.0000     0.0000     4.0000     3.0438E-02   111.78    1.2907E-18    -7.99    3.2586E-02   -78.80
       5.6000     0.0000     4.0000     1.3834E-02  -143.29    1.3423E-19   -31.47    2.0563E-02    40.02
       7.2000     0.0000     4.0000     1.4247E-02  -107.38    5.0178E-19  -127.31    2.6201E-02    72.05
       8.8000     0.0000     4.0000     1.0321E-02  -179.37    5.3119E-19   168.68    2.3076E-02    -1.25
      10.4000     0.0000     4.0000     7.1146E-03    38.86    3.5677E-19    71.36    1.8761E-02  -143.83
      12.0000     0.0000     4.0000     4.9483E-03  -148.59    2.6669E-19  -167.40    1.5037E-02    28.08
      13.6000     0.0000     4.0000     3.5229E-03    -7.23    2.9007E-19    -7.22    1.2122E-02   168.89
      15.2000     0.0000     4.0000     2.5735E-03   112.03    9.6217E-20   154.66    9.8889E-03   -72.37
      16.8000     0.0000     4.0000     1.9264E-03  -144.90    1.3280E-19  -119.27    8.1752E-03    30.21
      18.4000     0.0000     4.0000     1.4742E-03   -54.01    1.3949E-19   -65.57    6.8468E-03   120.63
      20.0000     0.0000     4.0000     1.1506E-03    27.49    7.9606E-20    44.59    5.8037E-03  -158.34
     -20.0000     0.0000     6.0000     2.4983E-03    -1.41    3.1400E-20    57.18    8.4023E-03    -3.92
     -18.4000     0.0000     6.0000     3.1335E-03  -143.14    5.5085E-20    31.04    9.6989E-03  -145.40
     -16.8000     0.0000     6.0000     3.9733E-03    55.58    1.1261E-19    67.08    1.1233E-02    53.59
     -15.2000     0.0000     6.0000     5.0817E-03  -130.67    1.5771E-19  -148.48    1.3006E-02  -132.36
     -13.6000     0.0000     6.0000     6.5159E-03    10.61    1.9348E-19    44.11    1.4935E-02     9.27
     -12.0000     0.0000     6.0000     8.2517E-03   108.83    7.1265E-20   118.97    1.6716E-02   107.96
     -10.4000     0.0000     6.0000     9.9254E-03   148.94    4.6123E-19   177.39    1.7493E-02   148.79
      -8.8000     0.0000     6.0000     1.0038E-02   110.64    3.7871E-20    53.45    1.5201E-02   112.03
      -7.2000     0.0000     6.0000     5.8861E-03     0.83    2.4839E-19   -11.89    8.5845E-03     1.43
      -5.6000     0.0000     6.0000     3.3960E-02   107.51    6.3666E-19   -62.28    3.2687E-02   101.84
      -4.0000     0.0000     6.0000     1.4019E-01  -126.03    7.5271E-19   109.69    9.4639E-02  -129.67
      -2.4000     0.0000     6.0000     3.8160E-01   -32.02    2.9185E-19   130.18    1.5409E-01   -34.92
      -0.8000     0.0000     6.0000     6.6890E-01  -110.86    1.4671E-19  -108.41    8.9958E-02  -113.47
       0.8000     0.0000     6.0000     6.6890E-01  -110.86    1.3205E-19  -175.78    8.9958E-02    66.53
       2.4000     0.0000     6.0000     3.8160E-01   -32.02    5.1617E-19   -72.88    1.5409E-01   145.08
       4.0000     0.0000     6.0000     1.4019E-01  -126.03    3.4873E-19     5.47    9.4639E-02    50.33
       5.6000     0.0000     6.0000     3.3960E-02   107.51    5.9908E-19   -44.67    3.2687E-02   -78.16
       7.2000     0.0000     6.0000     5.8861E-03     0.83    3.5193E-19    50.63    8.5845E-03  -178.57
       8.8000     0.0000     6.0000     1.0038E-02   110.64    3.3458E-19   115.57    1.5201E-02   -67.97
      10.4000     0.0000     6.0000     9.9254E-03   148.94    2.5891E-19   134.24    1.7493E-02   -31.21
      12.0000     0.0000     6.0000     8.2517E-03   108.83    2.5098E-19   117.69    1.6716E-02   -72.04
      13.6000     0.0000     6.0000     6.5159E-03    10.61    1.2649E-19    78.90    1.4935E-02  -170.73
      15.2000     0.0000     6.0000     5.0817E-03  -130.67    1.1215E-20   151.98    1.3006E-02    47.64
      16.8000     0.0000     6.0000     3.9733E-03    55.58    6.1232E-20    71.22    1.1233E-02  -126.41
      18.4000     0.0000     6.0000     3.1335E-03  -143.14    1.0675E-19  -139.54    9.6989E-03    34.60
      20.0000     0.0000     6.0000     2.4983E-03    -1.41    1.2299E-19    12.71    8.4023E-03   176.08
     -20.0000     0.0000     8.0000     3.9462E-03    58.48    6.4028E-20    40.14    9.9449E-03    57.24
     -18.4000     0.0000     8.0000     4.7557E-03  -160.73    3.6867E-21   -75.65    1.1031E-02  -161.76
     -16.8000     0.0000     8.0000     5.7021E-03   -51.09    5.7963E-20   -54.15    1.2086E-02   -51.88
     -15.2000     0.0000     8.0000     6.7208E-03    19.62    5.5955E-20    41.21    1.2907E-02    19.14
     -13.6000     0.0000     8.0000     7.5894E-03    41.23    6.1901E-20    72.84    1.3079E-02    41.22
     -12.0000     0.0000     8.0000     7.7158E-03     1.11    1.5549E-19     5.92    1.1832E-02     1.93
     -10.4000     0.0000     8.0000     5.9457E-03  -109.52    1.9606E-19  -171.06    8.2613E-03  -107.20
      -8.8000     0.0000     8.0000     7.6626E-03    96.32    1.6121E-19   -32.56    9.2586E-03    90.88
      -7.2000     0.0000     8.0000     3.1862E-02    92.58    1.7644E-19     5.77    2.9258E-02    88.68
      -5.6000     0.0000     8.0000     9.0879E-02  -142.30    2.3210E-19    63.87    6.4280E-02  -145.13
      -4.0000     0.0000     8.0000     2.0610E-01    63.06    2.8275E-19     2.50    1.0386E-01    60.73
      -2.4000     0.0000     8.0000     3.7464E-01   -90.36    1.8181E-19   112.49    1.1317E-01   -92.43
      -0.8000     0.0000     8.0000     5.1759E-01    38.49    8.0769E-20  -173.33    5.2099E-02    36.54
       0.8000     0.0000     8.0000     5.1759E-01    38.49    5.5874E-20    25.01    5.2099E-02  -143.46
       2.4000     0.0000     8.0000     3.7464E-01   -90.36    7.1276E-20  -110.01    1.1317E-01    87.57
       4.0000     0.0000     8.0000     2.0610E-01    63.06    2.2724E-19  -119.28    1.0386E-01  -119.27
       5.6000     0.0000     8.0000     9.0879E-02  -142.30    2.2721E-19   -35.87    6.4280E-02    34.87
       7.2000     0.0000     8.0000     3.1862E-02    92.58    2.3077E-19   -43.02    2.9258E-02   -91.32
       8.8000     0.0000     8.0000     7.6626E-03    96.32    2.7063E-19    26.39    9.2586E-03   -89.12
      10.4000     0.0000     8.0000     5.9457E-03  -109.52    3.2551E-19  -153.66    8.2613E-03    72.80
      12.0000     0.0000     8.0000     7.7158E-03     1.11    7.1450E-20    21.60    1.1832E-02  -178.07
      13.6000     0.0000     8.0000     7.5894E-03    41.23    1.7105E-19    19.90    1.3079E-02  -138.78
      15.2000     0.0000     8.0000     6.7208E-03    19.62    1.3849E-19    49.31    1.2907E-02  -160.86
      16.8000     0.0000     8.0000     5.7021E-03   -51.09    1.0078E-19   -52.63    1.2086E-02   128.12
      18.4000     0.0000     8.0000     4.7557E-03  -160.73    3.2138E-20   162.62    1.1031E-02    18.24
      20.0000     0.0000     8.0000     3.9462E-03    58.48    1.4505E-19    36.59    9.9449E-03  -122.76
     -20.0000     0.0000    10.0000     4.9798E-03  -129.65    3.2232E-20  -126.42    1.0040E-02  -130.17
     -18.4000     0.0000    10.0000     5.6245E-03   -77.81    6.4096E-20   -54.87    1.0445E-02   -78.10
     -16.8000     0.0000    10.0000     6.1366E-03   -68.28    2.3541E-20   -86.86    1.0428E-02   -68.24
     -15.2000     0.0000    10.0000     6.2381E-03  -109.71    1.3109E-19  -105.23    9.6434E-03  -109.15
     -13.6000     0.0000    10.0000     5.4459E-03   149.94    9.9426E-20   166.02    7.6722E-03   151.39
     -12.0000     0.0000    10.0000     4.0671E-03     1.46    6.7662E-20   -45.24    5.4377E-03     1.41
     -10.4000     0.0000    10.0000     1.0072E-02   128.65    1.7043E-19   -36.26    1.0933E-02   124.49
      -8.8000     0.0000    10.0000     2.8927E-02    73.36    1.0564E-20    46.98    2.5840E-02    70.38
      -7.2000     0.0000    10.0000     6.6482E-02  -162.74    1.1134E-19   -75.42    4.8294E-02  -165.05
      -5.6000     0.0000    10.0000     1.3204E-01   104.25    9.9294E-20    66.05    7.4449E-02   102.30
      -4.0000     0.0000    10.0000     2.2926E-01   104.61    1.3852E-19   -41.39    9.2251E-02   102.87
      -2.4000     0.0000    10.0000     3.4071E-01   145.07    8.2968E-20    -5.78    8.2219E-02   143.46
      -0.8000     0.0000    10.0000     4.1999E-01   179.14    4.1970E-20    -2.26    3.3777E-02   177.59
       0.8000     0.0000    10.0000     4.1999E-01   179.14    5.9874E-20  -159.78    3.3777E-02    -2.41
       2.4000     0.0000    10.0000     3.4071E-01   145.07    5.8965E-20   120.98    8.2219E-02   -36.54
       4.0000     0.0000    10.0000     2.2926E-01   104.61    7.4430E-20   -50.83    9.2251E-02   -77.13
       5.6000     0.0000    10.0000     1.3204E-01   104.25    1.2867E-19   -48.78    7.4449E-02   -77.70
       7.2000     0.0000    10.0000     6.6482E-02  -162.74    3.3200E-19    49.33    4.8294E-02    14.95
       8.8000     0.0000    10.0000     2.8927E-02    73.36    3.7045E-19   -60.94    2.5840E-02  -109.62
      10.4000     0.0000    10.0000     1.0072E-02   128.65    1.5877E-19    29.85    1.0933E-02   -55.51
      12.0000     0.0000    10.0000     4.0671E-03     1.46    7.7231E-20   -53.83    5.4377E-03  -178.59
      13.6000     0.0000    10.0000     5.4459E-03   149.94    8.6443E-20   136.45    7.6722E-03   -28.61
      15.2000     0.0000    10.0000     6.2381E-03  -109.71    6.8094E-20   174.47    9.6434E-03    70.85
      16.8000     0.0000    10.0000     6.1366E-03   -68.28    6.5298E-20    -5.11    1.0428E-02   111.76
      18.4000     0.0000    10.0000     5.6245E-03   -77.81    6.9043E-20   -71.62    1.0445E-02   101.90
      20.0000     0.0000    10.0000     4.9798E-03  -129.65    8.3041E-20   -80.40    1.0040E-02    49.83
     -20.0000     0.0000    12.0000     5.1481E-03  -178.75    8.3898E-20   157.60    8.6658E-03  -178.69
     -18.4000     0.0000    12.0000     5.2273E-03   138.86    5.3650E-20   115.94    8.1256E-03   139.27
     -16.8000     0.0000    12.0000     4.8233E-03    46.75    7.7067E-20    27.68    6.9139E-03    47.72
     -15.2000     0.0000    12.0000     3.8065E-03   -95.48    1.4009E-19  -133.17    5.1119E-03   -94.12
     -13.6000     0.0000    12.0000     4.3693E-03    82.38    1.0793E-19   -45.75    5.3568E-03    79.56
     -12.0000     0.0000    12.0000     1.1362E-02   138.69    7.5597E-20    20.60    1.1660E-02   135.52
     -10.4000     0.0000    12.0000     2.6154E-02    51.96    1.4149E-19  -124.20    2.2939E-02    49.55
      -8.8000     0.0000    12.0000     5.2153E-02   174.86    1.5572E-19    49.55    3.8544E-02   172.90
      -7.2000     0.0000    12.0000     9.3974E-02   120.80    1.2612E-19   -32.22    5.6728E-02   119.12
      -5.6000     0.0000    12.0000     1.5455E-01  -144.18    1.9073E-19    41.39    7.2504E-02  -145.69
      -4.0000     0.0000    12.0000     2.3006E-01    62.78    3.2760E-20    30.22    7.7055E-02    61.38
      -2.4000     0.0000    12.0000     3.0469E-01   -14.30    4.1638E-20   157.85    6.1215E-02   -15.62
      -0.8000     0.0000    12.0000     3.5264E-01   -44.58    1.9422E-20    96.53    2.3614E-02   -45.87
       0.8000     0.0000    12.0000     3.5264E-01   -44.58    1.8584E-20   -23.66    2.3614E-02   134.13
       2.4000     0.0000    12.0000     3.0469E-01   -14.30    1.7342E-20    17.20    6.1215E-02   164.38
       4.0000     0.0000    12.0000     2.3006E-01    62.78    6.0167E-20   160.23    7.7055E-02  -118.62
       5.6000     0.0000    12.0000     1.5455E-01  -144.18    8.2409E-20   111.92    7.2504E-02    34.31
       7.2000     0.0000    12.0000     9.3974E-02   120.80    4.9152E-20    20.27    5.6728E-02   -60.88
       8.8000     0.0000    12.0000     5.2153E-02   174.86    8.4865E-20    -0.98    3.8544E-02    -7.10
      10.4000     0.0000    12.0000     2.6154E-02    51.96    1.4757E-19   -47.30    2.2939E-02  -130.45
      12.0000     0.0000    12.0000     1.1362E-02   138.69    4.1190E-20     0.31    1.1660E-02   -44.48
      13.6000     0.0000    12.0000     4.3693E-03    82.38    5.3352E-20   109.32    5.3568E-03  -100.44
      15.2000     0.0000    12.0000     3.8065E-03   -95.48    2.3275E-20  -176.42    5.1119E-03    85.88
      16.8000     0.0000    12.0000     4.8233E-03    46.75    4.5430E-20   -53.30    6.9139E-03  -132.28
      18.4000     0.0000    12.0000     5.2273E-03   138.86    4.4200E-20    95.54    8.1256E-03   -40.73
      20.0000     0.0000    12.0000     5.1481E-03  -178.75    3.6924E-20    52.30    8.6658E-03     1.31
     -20.0000     0.0000    14.0000     4.2687E-03   -58.86    8.1317E-20   -82.82    6.2071E-03   -58.15
     -18.4000     0.0000    14.0000     3.6405E-03   169.55    5.1279E-20    86.31    4.9552E-03   170.72
     -16.8000     0.0000    14.0000     3.0727E-03    -0.63    4.8942E-20     3.43    3.9734E-03    -0.76
     -15.2000     0.0000    14.0000     5.2854E-03   128.21    8.7529E-20    -5.31    6.0071E-03   125.25
     -13.6000     0.0000    14.0000     1.1907E-02   138.00    7.5497E-20    -9.49    1.1780E-02   135.46
     -12.0000     0.0000    14.0000     2.3732E-02    29.30    1.2728E-19   -90.30    2.0545E-02    27.28
     -10.4000     0.0000    14.0000     4.2798E-02   151.39    1.1074E-19     4.29    3.2013E-02   149.69
      -8.8000     0.0000    14.0000     7.1637E-02   124.11    1.8652E-20    59.51    4.5276E-02   122.63
      -7.2000     0.0000    14.0000     1.1218E-01   -77.14    7.5131E-20   131.88    5.7966E-02   -78.48
      -5.6000     0.0000    14.0000     1.6384E-01  -119.40    7.1509E-20   -55.03    6.5820E-02  -120.64
      -4.0000     0.0000    14.0000     2.2114E-01   -30.06    5.0894E-20   131.58    6.3440E-02   -31.23
      -2.4000     0.0000    14.0000     2.7260E-01   165.91    4.6103E-20   -61.03    4.6913E-02   164.79
      -0.8000     0.0000    14.0000     3.0361E-01    89.20    1.4188E-20    16.68    1.7416E-02    88.09
       0.8000     0.0000    14.0000     3.0361E-01    89.20    2.2321E-21   124.10    1.7416E-02   -91.91
       2.4000     0.0000    14.0000     2.7260E-01   165.91    3.9449E-20    64.92    4.6913E-02   -15.21
       4.0000     0.0000    14.0000     2.2114E-01   -30.06    7.2402E-20   150.40    6.3440E-02   148.77
       5.6000     0.0000    14.0000     1.6384E-01  -119.40    7.0616E-20    82.95    6.5820E-02    59.36
       7.2000     0.0000    14.0000     1.1218E-01   -77.14    9.6791E-20   141.15    5.7966E-02   101.52
       8.8000     0.0000    14.0000     7.1637E-02   124.11    1.4957E-19   -65.60    4.5276E-02   -57.37
      10.4000     0.0000    14.0000     4.2798E-02   151.39    4.3133E-20   120.43    3.2013E-02   -30.31
      12.0000     0.0000    14.0000     2.3732E-02    29.30    7.5026E-21    89.72    2.0545E-02  -152.72
      13.6000     0.0000    14.0000     1.1907E-02   138.00    8.3730E-20   102.52    1.1780E-02   -44.54
      15.2000     0.0000    14.0000     5.2854E-03   128.21    8.2734E-20    45.16    6.0071E-03   -54.75
      16.8000     0.0000    14.0000     3.0727E-03    -0.63    2.1465E-20    11.78    3.9734E-03   179.24
      18.4000     0.0000    14.0000     3.6405E-03   169.55    6.9600E-20   152.07    4.9552E-03    -9.28
      20.0000     0.0000    14.0000     4.2687E-03   -58.86    8.5241E-20   -47.33    6.2071E-03   121.85
     -20.0000     0.0000    16.0000     2.8346E-03   -89.09    5.9270E-20  -129.10    3.7229E-03   -88.25
     -18.4000     0.0000    16.0000     3.1258E-03    72.96    3.3073E-20     2.73    3.8273E-03    71.30
     -16.8000     0.0000    16.0000     6.0715E-03   153.19    3.6012E-20  -103.09    6.5645E-03   150.64
     -15.2000     0.0000    16.0000     1.2025E-02   130.97    5.2913E-20   -75.05    1.1585E-02   128.86
     -13.6000     0.0000    16.0000     2.1657E-02     5.84    5.8810E-20   176.97    1.8567E-02     4.10
     -12.0000     0.0000    16.0000     3.6238E-02   127.27    2.5246E-20   -27.43    2.7347E-02   125.77
     -10.4000     0.0000    16.0000     5.7264E-02   119.52    6.3113E-20  -152.20    3.7408E-02   118.19
      -8.8000     0.0000    16.0000     8.5987E-02   -36.05    1.6039E-20   136.32    4.7499E-02   -37.25
      -7.2000     0.0000    16.0000     1.2261E-01     0.13    9.6196E-20  -172.09    5.5391E-02    -0.98
      -5.6000     0.0000    16.0000     1.6517E-01  -153.09    2.5137E-20   138.71    5.8024E-02  -154.14
      -4.0000     0.0000    16.0000     2.0868E-01  -156.12    7.0606E-20    48.86    5.2352E-02  -157.13
      -2.4000     0.0000    16.0000     2.4527E-01   -26.83    2.8337E-20   150.50    3.6916E-02   -27.81
      -0.8000     0.0000    16.0000     2.6642E-01  -138.59    9.2630E-21    14.94    1.3366E-02  -139.56
       0.8000     0.0000    16.0000     2.6642E-01  -138.59    4.8885E-21  -176.42    1.3366E-02    40.44
       2.4000     0.0000    16.0000     2.4527E-01   -26.83    1.1705E-20  -115.27    3.6916E-02   152.19
       4.0000     0.0000    16.0000     2.0868E-01  -156.12    4.0391E-20    15.89    5.2352E-02    22.87
       5.6000     0.0000    16.0000     1.6517E-01  -153.09    4.0479E-20    36.85    5.8024E-02    25.86
       7.2000     0.0000    16.0000     1.2261E-01     0.13    3.3226E-20   -50.58    5.5391E-02   179.02
       8.8000     0.0000    16.0000     8.5987E-02   -36.05    2.9398E-20   158.80    4.7499E-02   142.75
      10.4000     0.0000    16.0000     5.7264E-02   119.52    1.0681E-19    18.66    3.7408E-02   -61.81
      12.0000     0.0000    16.0000     3.6238E-02   127.27    1.0299E-19    14.02    2.7347E-02   -54.23
      13.6000     0.0000    16.0000     2.1657E-02     5.84    7.2609E-20  -154.31    1.8567E-02  -175.90
      15.2000     0.0000    16.0000     1.2025E-02   130.97    8.9763E-20     7.00    1.1585E-02   -51.14
      16.8000     0.0000    16.0000     6.0715E-03   153.19    5.5896E-20    53.78    6.5645E-03   -29.36
      18.4000     0.0000    16.0000     3.1258E-03    72.96    8.3962E-20   -19.39    3.8273E-03  -108.70
      20.0000     0.0000    16.0000     2.8346E-03   -89.09    4.9450E-20   -40.14    3.7229E-03    91.75
     -20.0000     0.0000    18.0000     3.5249E-03   123.72    3.8167E-20    41.87    4.0906E-03   121.61
     -18.4000     0.0000    18.0000     6.6254E-03   165.99    2.4286E-20    88.31    6.9146E-03   163.82
     -16.8000     0.0000    18.0000     1.1901E-02   119.79    5.3934E-20   -47.31    1.1235E-02   117.98
     -15.2000     0.0000    18.0000     1.9884E-02   -18.16    6.6716E-20   153.36    1.6917E-02   -19.69
     -13.6000     0.0000    18.0000     3.1395E-02   102.73    3.6972E-20   142.17    2.3854E-02   101.39
     -12.0000     0.0000    18.0000     4.7376E-02   109.83    3.7032E-20    57.74    3.1730E-02   108.63
     -10.4000     0.0000    18.0000     6.8656E-02   -11.44    4.3808E-20   -96.44    3.9828E-02   -12.54
      -8.8000     0.0000    18.0000     9.5578E-02    82.97    5.3855E-21    55.14    4.6897E-02    81.95
      -7.2000     0.0000    18.0000     1.2747E-01    16.39    4.4804E-20  -149.57    5.1159E-02    15.42
      -5.6000     0.0000    18.0000     1.6209E-01   132.24    2.5355E-20    67.15    5.0591E-02   131.32
      -4.0000     0.0000    18.0000     1.9545E-01    55.06    1.4068E-20  -121.02    4.3567E-02    54.17
      -2.4000     0.0000    18.0000     2.2224E-01   131.71    2.1482E-20   -45.02    2.9721E-02   130.84
      -0.8000     0.0000    18.0000     2.3727E-01    -7.42    6.5641E-21   -37.65    1.0577E-02    -8.28
       0.8000     0.0000    18.0000     2.3727E-01    -7.42    7.5585E-21   131.96    1.0577E-02   171.72
       2.4000     0.0000    18.0000     2.2224E-01   131.71    2.8310E-20   110.27    2.9721E-02   -49.16
       4.0000     0.0000    18.0000     1.9545E-01    55.06    2.1301E-20    75.46    4.3567E-02  -125.83
       5.6000     0.0000    18.0000     1.6209E-01   132.24    1.1630E-20   -78.57    5.0591E-02   -48.68
       7.2000     0.0000    18.0000     1.2747E-01    16.39    4.3049E-20  -119.43    5.1159E-02  -164.58
       8.8000     0.0000    18.0000     9.5578E-02    82.97    6.6514E-20     7.52    4.6897E-02   -98.05
      10.4000     0.0000    18.0000     6.8656E-02   -11.44    1.0988E-20  -160.17    3.9828E-02   167.46
      12.0000     0.0000    18.0000     4.7376E-02   109.83    1.7379E-20   -85.25    3.1730E-02   -71.37
      13.6000     0.0000    18.0000     3.1395E-02   102.73    2.0000E-20  -125.09    2.3854E-02   -78.61
      15.2000     0.0000    18.0000     1.9884E-02   -18.16    5.6001E-20   -70.55    1.6917E-02   160.31
      16.8000     0.0000    18.0000     1.1901E-02   119.79    1.3860E-20   177.03    1.1235E-02   -62.02
      18.4000     0.0000    18.0000     6.6254E-03   165.99    5.6448E-20    51.62    6.9146E-03   -16.18
      20.0000     0.0000    18.0000     3.5249E-03   123.72    5.1686E-20    47.82    4.0906E-03   -58.39
     -20.0000     0.0000    20.0000     6.9817E-03   170.84    3.9463E-20    50.70    7.0929E-03   168.98
     -18.4000     0.0000    20.0000     1.1646E-02   105.71    2.7344E-20   -76.64    1.0817E-02   104.13
     -16.8000     0.0000    20.0000     1.8360E-02   -42.53    3.4509E-20    63.45    1.5525E-02   -43.89
     -15.2000     0.0000    20.0000     2.7679E-02    77.90    3.6625E-20    10.15    2.1145E-02    76.69
     -13.6000     0.0000    20.0000     4.0223E-02    96.67    5.5654E-20   -59.92    2.7469E-02    95.58
     -12.0000     0.0000    20.0000     5.6556E-02     2.06    2.2277E-20   -70.30    3.4061E-02     1.06
     -10.4000     0.0000    20.0000     7.6999E-02   141.30    1.5350E-20    23.10    4.0175E-02   140.36
      -8.8000     0.0000    20.0000     1.0136E-01   140.98    8.9215E-20   -33.40    4.4738E-02   140.10
      -7.2000     0.0000    20.0000     1.2862E-01   -12.46    3.3702E-20    67.66    4.6442E-02   -13.31
      -5.6000     0.0000    20.0000     1.5674E-01    27.85    3.8955E-20  -127.33    4.4012E-02    27.03
      -4.0000     0.0000    20.0000     1.8265E-01  -109.99    2.2670E-20   105.90    3.6632E-02  -110.79
      -2.4000     0.0000    20.0000     2.0278E-01   -75.89    4.5653E-21    52.89    2.4399E-02   -76.67
      -0.8000     0.0000    20.0000     2.1382E-01   123.02    2.0396E-21  -102.09    8.5761E-03   122.25
       0.8000     0.0000    20.0000     2.1382E-01   123.02    3.8445E-21  -166.05    8.5761E-03   -57.75
       2.4000     0.0000    20.0000     2.0278E-01   -75.89    6.1678E-21  -138.41    2.4399E-02   103.33
       4.0000     0.0000    20.0000     1.8265E-01  -109.99    2.3488E-20  -142.48    3.6632E-02    69.21
       5.6000     0.0000    20.0000     1.5674E-01    27.85    1.4611E-21   154.02    4.4012E-02  -152.97
       7.2000     0.0000    20.0000     1.2862E-01   -12.46    1.0155E-20  -123.52    4.6442E-02   166.69
       8.8000     0.0000    20.0000     1.0136E-01   140.98    3.7157E-20  -122.83    4.4738E-02   -39.90
      10.4000     0.0000    20.0000     7.6999E-02   141.30    7.0682E-21     0.26    4.0175E-02   -39.64
      12.0000     0.0000    20.0000     5.6556E-02     2.06    5.2977E-20   173.45    3.4061E-02  -178.94
      13.6000     0.0000    20.0000     4.0223E-02    96.67    1.3678E-20  -144.57    2.7469E-02   -84.42
      15.2000     0.0000    20.0000     2.7679E-02    77.90    7.9877E-20  -123.83    2.1145E-02  -103.31
      16.8000     0.0000    20.0000     1.8360E-02   -42.53    7.5471E-20   140.69    1.5525E-02   136.11
      18.4000     0.0000    20.0000     1.1646E-02   105.71    4.0268E-20    58.20    1.0817E-02   -75.87
      20.0000     0.0000    20.0000     6.9817E-03   170.84    5.2403E-20     1.84    7.0929E-03   -11.02
     -20.0000     0.0000    22.0000     1.1320E-02    89.53    3.8526E-20   -68.73    1.0376E-02    88.12
     -18.4000     0.0000    22.0000     1.7042E-02   -67.18    1.0262E-20  -115.38    1.4339E-02   -68.41
     -16.8000     0.0000    22.0000     2.4741E-02    52.86    2.9408E-20  -101.28    1.8983E-02    51.76
     -15.2000     0.0000    22.0000     3.4841E-02    81.05    7.9875E-21  -139.24    2.4168E-02    80.05
     -13.6000     0.0000    22.0000     4.7738E-02     7.75    1.5267E-20  -127.94    2.9615E-02     6.82
     -12.0000     0.0000    22.0000     6.3698E-02  -177.48    5.5582E-20    61.57    3.4855E-02  -178.36
     -10.4000     0.0000    22.0000     8.2708E-02  -125.63    1.0365E-20   130.88    3.9214E-02  -126.45
      -8.8000     0.0000    22.0000     1.0431E-01   152.08    3.3240E-20   -36.19    4.1839E-02   151.29
      -7.2000     0.0000    22.0000     1.2743E-01   -75.46    1.8785E-20   112.75    4.1815E-02   -76.21
      -5.6000     0.0000    22.0000     1.5034E-01   -98.71    1.6039E-20   125.10    3.8367E-02   -99.44
      -4.0000     0.0000    22.0000     1.7076E-01    72.99    2.4034E-20  -152.62    3.1126E-02    72.28
      -2.4000     0.0000    22.0000     1.8622E-01    72.01    1.5024E-20   -61.58    2.0365E-02    71.31
      -0.8000     0.0000    22.0000     1.9457E-01  -107.07    2.2552E-21   158.45    7.0928E-03  -107.77
       0.8000     0.0000    22.0000     1.9457E-01  -107.07    1.7288E-21    37.43    7.0928E-03    72.23
       2.4000     0.0000    22.0000     1.8622E-01    72.01    1.3214E-20   137.71    2.0365E-02  -108.69
       4.0000     0.0000    22.0000     1.7076E-01    72.99    1.1232E-20    77.48    3.1126E-02  -107.72
       5.6000     0.0000    22.0000     1.5034E-01   -98.71    1.5968E-20   111.20    3.8367E-02    80.56
       7.2000     0.0000    22.0000     1.2743E-01   -75.46    2.1804E-20   122.41    4.1815E-02   103.79
       8.8000     0.0000    22.0000     1.0431E-01   152.08    2.6122E-20   -46.08    4.1839E-02   -28.71
      10.4000     0.0000    22.0000     8.2708E-02  -125.63    2.3781E-20    90.31    3.9214E-02    53.55
      12.0000     0.0000    22.0000     6.3698E-02  -177.48    2.4074E-20    -5.64    3.4855E-02     1.64
      13.6000     0.0000    22.0000     4.7738E-02     7.75    4.1921E-20  -130.23    2.9615E-02  -173.18
      15.2000     0.0000    22.0000     3.4841E-02    81.05    3.5791E-20   -40.99    2.4168E-02   -99.95
      16.8000     0.0000    22.0000     2.4741E-02    52.86    1.8412E-20  -124.49    1.8983E-02  -128.24
      18.4000     0.0000    22.0000     1.7042E-02   -67.18    2.6435E-20   174.59    1.4339E-02   111.59
      20.0000     0.0000    22.0000     1.1320E-02    89.53    3.0881E-20    17.23    1.0376E-02   -91.88
     -20.0000     0.0000    24.0000     1.5894E-02   -92.03    2.1988E-20  -174.81    1.3317E-02   -93.16
     -18.4000     0.0000    24.0000     2.2361E-02    27.68    2.4160E-20  -161.74    1.7219E-02    26.66
     -16.8000     0.0000    24.0000     3.0664E-02    63.61    1.3451E-20   -91.99    2.1545E-02    62.68
     -15.2000     0.0000    24.0000     4.1088E-02     7.72    4.6801E-20  -117.36    2.6108E-02     6.85
     -13.6000     0.0000    24.0000     5.3843E-02  -148.69    1.4153E-20   -27.96    3.0602E-02  -149.50
     -12.0000     0.0000    24.0000     6.8982E-02   -54.77    1.6674E-20   163.31    3.4587E-02   -55.54
     -10.4000     0.0000    24.0000     8.6302E-02   -79.92    2.8038E-20   119.05    3.7496E-02   -80.65
      -8.8000     0.0000    24.0000     1.0524E-01   126.43    1.7612E-20  -137.25    3.8685E-02   125.73
      -7.2000     0.0000    24.0000     1.2481E-01  -164.84    1.1278E-20   -27.45    3.7532E-02  -165.52
      -5.6000     0.0000    24.0000     1.4360E-01   117.80    1.2881E-20   -67.01    3.3584E-02   117.13
      -4.0000     0.0000    24.0000     1.5991E-01  -113.07    8.3716E-21   133.21    2.6713E-02  -113.73
      -2.4000     0.0000    24.0000     1.7202E-01  -143.45    1.2406E-20    34.85    1.7241E-02  -144.10
      -0.8000     0.0000    24.0000     1.7849E-01    22.45    1.2199E-21  -166.50    5.9630E-03    21.80
       0.8000     0.0000    24.0000     1.7849E-01    22.45    2.3921E-21   -36.44    5.9630E-03  -158.20
       2.4000     0.0000    24.0000     1.7202E-01  -143.45    3.0467E-21   -84.74    1.7241E-02    35.90
       4.0000     0.0000    24.0000     1.5991E-01  -113.07    9.0327E-21   -36.53    2.6713E-02    66.27
       5.6000     0.0000    24.0000     1.4360E-01   117.80    2.0557E-20   -81.32    3.3584E-02   -62.87
       7.2000     0.0000    24.0000     1.2481E-01  -164.84    1.1269E-20   166.42    3.7532E-02    14.48
       8.8000     0.0000    24.0000     1.0524E-01   126.43    3.1895E-20   -68.75    3.8685E-02   -54.27
      10.4000     0.0000    24.0000     8.6302E-02   -79.92    2.9712E-20  -115.73    3.7496E-02    99.35
      12.0000     0.0000    24.0000     6.8982E-02   -54.77    2.7317E-20   138.57    3.4587E-02   124.46
      13.6000     0.0000    24.0000     5.3843E-02  -148.69    3.6340E-20    58.97    3.0602E-02    30.50
      15.2000     0.0000    24.0000     4.1088E-02     7.72    1.7203E-20    96.24    2.6108E-02  -173.15
      16.8000     0.0000    24.0000     3.0664E-02    63.61    4.2309E-20   -88.86    2.1545E-02  -117.32
      18.4000     0.0000    24.0000     2.2361E-02    27.68    3.4820E-20  -117.04    1.7219E-02  -153.34
      20.0000     0.0000    24.0000     1.5894E-02   -92.03    4.6060E-20   114.19    1.3317E-02    86.84
     -20.0000     0.0000    26.0000     2.0396E-02     2.37    2.6570E-20  -122.63    1.5753E-02     1.43
     -18.4000     0.0000    26.0000     2.7339E-02    44.80    1.9140E-20   -17.17    1.9416E-02    43.93
     -16.8000     0.0000    26.0000     3.5928E-02     3.39    3.2420E-20   169.32    2.3287E-02     2.58
     -15.2000     0.0000    26.0000     4.6325E-02  -129.18    4.0304E-20    15.36    2.7160E-02  -129.95
     -13.6000     0.0000    26.0000     5.8606E-02    -0.66    7.8922E-21   138.76    3.0736E-02    -1.38
     -12.0000     0.0000    26.0000     7.2687E-02    20.99    1.8730E-20   -43.05    3.3631E-02    20.30
     -10.4000     0.0000    26.0000     8.8269E-02   -72.29    1.8621E-20  -135.96    3.5391E-02   -72.95
      -8.8000     0.0000    26.0000     1.0478E-01    71.57    2.7844E-20  -107.31    3.5546E-02    70.93
      -7.2000     0.0000    26.0000     1.2136E-01    85.00    1.5282E-20   164.90    3.3682E-02    84.38
      -5.6000     0.0000    26.0000     1.3689E-01   -38.91    1.3676E-20    48.25    2.9547E-02   -39.52
      -4.0000     0.0000    26.0000     1.5009E-01    53.84    1.1690E-20  -173.21    2.3140E-02    53.24
      -2.4000     0.0000    26.0000     1.5974E-01    -1.52    1.1160E-20   107.16    1.4777E-02    -2.12
      -0.8000     0.0000    26.0000     1.6485E-01   151.65    1.6649E-21     4.32    5.0828E-03   151.06
       0.8000     0.0000    26.0000     1.6485E-01   151.65    1.5037E-21   178.74    5.0828E-03   -28.94
       2.4000     0.0000    26.0000     1.5974E-01    -1.52    8.7298E-21   -58.11    1.4777E-02   177.88
       4.0000     0.0000    26.0000     1.5009E-01    53.84    8.7764E-21   -77.37    2.3140E-02  -126.76
       5.6000     0.0000    26.0000     1.3689E-01   -38.91    6.8812E-21  -137.49    2.9547E-02   140.48
       7.2000     0.0000    26.0000     1.2136E-01    85.00    1.3815E-20   -68.72    3.3682E-02   -95.62
       8.8000     0.0000    26.0000     1.0478E-01    71.57    2.2336E-20    27.65    3.5546E-02  -109.07
      10.4000     0.0000    26.0000     8.8269E-02   -72.29    8.0025E-21   122.96    3.5391E-02   107.05
      12.0000     0.0000    26.0000     7.2687E-02    20.99    1.5745E-20   -85.80    3.3631E-02  -159.70
      13.6000     0.0000    26.0000     5.8606E-02    -0.66    3.6262E-20   177.91    3.0736E-02   178.62
      15.2000     0.0000    26.0000     4.6325E-02  -129.18    2.9361E-20   160.24    2.7160E-02    50.05
      16.8000     0.0000    26.0000     3.5928E-02     3.39    9.5944E-21  -135.72    2.3287E-02  -177.42
      18.4000     0.0000    26.0000     2.7339E-02    44.80    4.2337E-20   -87.18    1.9416E-02  -136.07
      20.0000     0.0000    26.0000     2.0396E-02     2.37    2.6801E-20    14.71    1.5753E-02  -178.57
     -20.0000     0.0000    28.0000     2.4637E-02    24.92    2.5995E-20   -97.30    1.7656E-02    24.11
     -18.4000     0.0000    28.0000     3.1828E-02    -4.25    3.9436E-20  -167.18    2.0978E-02    -5.01
     -16.8000     0.0000    28.0000     4.0450E-02  -116.80    2.2715E-20  -112.69    2.4335E-02  -117.51
     -15.2000     0.0000    28.0000     5.0574E-02    40.66    6.0545E-21   -46.88    2.7523E-02    39.98
     -13.6000     0.0000    28.0000     6.2179E-02   101.30    2.7198E-20   -14.66    3.0272E-02   100.65
     -12.0000     0.0000    28.0000     7.5105E-02    58.17    2.2175E-20  -162.72    3.2260E-02    57.54
     -10.4000     0.0000    28.0000     8.9020E-02   -95.65    2.1154E-20   111.10    3.3136E-02   -96.26
      -8.8000     0.0000    28.0000     1.0339E-01    -6.86    2.2929E-20  -140.64    3.2562E-02    -7.45
      -7.2000     0.0000    28.0000     1.1748E-01   -41.78    1.9666E-20  -140.17    3.0271E-02   -42.36
      -5.6000     0.0000    28.0000     1.3041E-01   153.87    7.1623E-21    95.87    2.6135E-02   153.31
      -4.0000     0.0000    28.0000     1.4123E-01  -144.79    4.0134E-21    -2.65    2.0216E-02  -145.35
      -2.4000     0.0000    28.0000     1.4904E-01   138.36    1.8862E-21  -113.74    1.2800E-02   137.80
      -0.8000     0.0000    28.0000     1.5314E-01   -79.38    1.4058E-21  -179.03    4.3838E-03   -79.93
       0.8000     0.0000    28.0000     1.5314E-01   -79.38    2.9592E-21   -23.19    4.3838E-03   100.07
       2.4000     0.0000    28.0000     1.4904E-01   138.36    4.6520E-21     6.11    1.2800E-02   -42.20
       4.0000     0.0000    28.0000     1.4123E-01  -144.79    6.5638E-21    -6.23    2.0216E-02    34.65
       5.6000     0.0000    28.0000     1.3041E-01   153.87    1.6507E-21   -72.33    2.6135E-02   -26.69
       7.2000     0.0000    28.0000     1.1748E-01   -41.78    8.1441E-21   -50.42    3.0271E-02   137.64
       8.8000     0.0000    28.0000     1.0339E-01    -6.86    1.9799E-20   133.37    3.2562E-02   172.55
      10.4000     0.0000    28.0000     8.9020E-02   -95.65    2.4069E-21   127.47    3.3136E-02    83.74
      12.0000     0.0000    28.0000     7.5105E-02    58.17    2.3020E-20   -37.63    3.2260E-02  -122.46
      13.6000     0.0000    28.0000     6.2179E-02   101.30    2.0285E-20  -143.89    3.0272E-02   -79.35
      15.2000     0.0000    28.0000     5.0574E-02    40.66    1.2026E-20  -148.66    2.7523E-02  -140.02
      16.8000     0.0000    28.0000     4.0450E-02  -116.80    3.3759E-20    77.42    2.4335E-02    62.49
      18.4000     0.0000    28.0000     3.1828E-02    -4.25    1.3747E-20    65.74    2.0978E-02   174.99
      20.0000     0.0000    28.0000     2.4637E-02    24.92    1.6240E-20   171.17    1.7656E-02  -155.89
     -20.0000     0.0000    30.0000     2.8507E-02   -14.49    1.1704E-20   177.51    1.9058E-02   -15.21
     -18.4000     0.0000    30.0000     3.5760E-02  -109.98    1.0570E-20   100.57    2.1989E-02  -110.66
     -16.8000     0.0000    30.0000     4.4227E-02    72.02    3.1148E-20   -86.97    2.4826E-02    71.37
     -15.2000     0.0000    30.0000     5.3914E-02   165.59    2.7807E-20    71.13    2.7378E-02   164.97
     -13.6000     0.0000    30.0000     6.4740E-02   164.71    2.8159E-20    48.50    2.9412E-02   164.12
     -12.0000     0.0000    30.0000     7.6506E-02    63.32    1.2615E-20   -24.53    3.0665E-02    62.75
     -10.4000     0.0000    30.0000     8.8881E-02  -144.53    6.9766E-21   163.29    3.0873E-02  -145.09
      -8.8000     0.0000    30.0000     1.0139E-01  -104.55    4.2652E-21   129.48    2.9798E-02  -105.10
      -7.2000     0.0000    30.0000     1.1342E-01   177.94    1.4377E-21    16.89    2.7272E-02   177.40
      -5.6000     0.0000    30.0000     1.2427E-01   -21.82    7.1372E-21   158.70    2.3241E-02   -22.35
      -4.0000     0.0000    30.0000     1.3323E-01    12.13    5.9786E-21  -177.51    1.7797E-02    11.60
      -2.4000     0.0000    30.0000     1.3964E-01   -83.40    4.0118E-21   112.90    1.1191E-02   -83.92
      -0.8000     0.0000    30.0000     1.4298E-01    49.39    1.8232E-21   113.35    3.8196E-03    48.88
       0.8000     0.0000    30.0000     1.4298E-01    49.39    1.5036E-21   -48.49    3.8196E-03  -131.12
       2.4000     0.0000    30.0000     1.3964E-01   -83.40    2.7892E-21   -52.59    1.1191E-02    96.08
       4.0000     0.0000    30.0000     1.3323E-01    12.13    4.2698E-22   126.67    1.7797E-02  -168.40
       5.6000     0.0000    30.0000     1.2427E-01   -21.82    2.3893E-21  -171.65    2.3241E-02   157.65
       7.2000     0.0000    30.0000     1.1342E-01   177.94    1.6088E-20    38.18    2.7272E-02    -2.60
       8.8000     0.0000    30.0000     1.0139E-01  -104.55    5.8884E-21  -101.36    2.9798E-02    74.90
      10.4000     0.0000    30.0000     8.8881E-02  -144.53    1.5262E-20    62.66    3.0873E-02    34.91
      12.0000     0.0000    30.0000     7.6506E-02    63.32    5.6686E-21   159.07    3.0665E-02  -117.25
      13.6000     0.0000    30.0000     6.4740E-02   164.71    1.4741E-20    62.65    2.9412E-02   -15.88
      15.2000     0.0000    30.0000     5.3914E-02   165.59    1.9095E-20   -62.27    2.7378E-02   -15.03
      16.8000     0.0000    30.0000     4.4227E-02    72.02    1.2119E-20    81.44    2.4826E-02  -108.63
      18.4000     0.0000    30.0000     3.5760E-02  -109.98    1.5902E-20   169.42    2.1989E-02    69.34
      20.0000     0.0000    30.0000     2.8507E-02   -14.49    8.2396E-21    23.57    1.9058E-02   164.79
     -20.0000     0.0000    32.0000     3.1948E-02  -107.61    1.4489E-20    73.69    2.0017E-02  -108.26
     -18.4000     0.0000    32.0000     3.9120E-02    95.45    2.1908E-20   -45.01    2.2546E-02    94.84
     -16.8000     0.0000    32.0000     4.7302E-02  -142.79    3.5976E-21    24.29    2.4887E-02  -143.38
     -15.2000     0.0000    32.0000     5.6455E-02  -107.63    1.1361E-20  -172.09    2.6871E-02  -108.20
     -13.6000     0.0000    32.0000     6.6464E-02  -164.38    6.7414E-21   109.84    2.8303E-02  -164.93
     -12.0000     0.0000    32.0000     7.7117E-02    41.67    6.6766E-22  -127.00    2.8974E-02    41.13
     -10.4000     0.0000    32.0000     8.8103E-02   145.36    1.1458E-20    -0.53    2.8686E-02   144.84
      -8.8000     0.0000    32.0000     9.9006E-02   141.83    1.1012E-20   -72.03    2.7276E-02   141.32
      -7.2000     0.0000    32.0000     1.0933E-01    26.56    9.0840E-21  -112.81    2.4642E-02    26.06
      -5.6000     0.0000    32.0000     1.1851E-01   155.54    8.9017E-21    25.83    2.0776E-02   155.05
      -4.0000     0.0000    32.0000     1.2601E-01   165.40    2.6064E-21    -1.67    1.5778E-02   164.92
      -2.4000     0.0000    32.0000     1.3132E-01    53.50    2.5876E-21    97.47    9.8657E-03    53.01
      -0.8000     0.0000    32.0000     1.3407E-01   178.01    9.8921E-22    -7.55    3.3576E-03   177.53
       0.8000     0.0000    32.0000     1.3407E-01   178.01    3.6057E-22   116.17    3.3576E-03    -2.47
       2.4000     0.0000    32.0000     1.3132E-01    53.50    1.8762E-21   -83.38    9.8657E-03  -126.99
       4.0000     0.0000    32.0000     1.2601E-01   165.40    5.1770E-21  -126.28    1.5778E-02   -15.08
       5.6000     0.0000    32.0000     1.1851E-01   155.54    5.9512E-21   -96.32    2.0776E-02   -24.95
       7.2000     0.0000    32.0000     1.0933E-01    26.56    1.2309E-20   106.34    2.4642E-02  -153.94
       8.8000     0.0000    32.0000     9.9006E-02   141.83    5.5544E-21   104.90    2.7276E-02   -38.68
      10.4000     0.0000    32.0000     8.8103E-02   145.36    2.9887E-21   -74.44    2.8686E-02   -35.16
      12.0000     0.0000    32.0000     7.7117E-02    41.67    3.9723E-21  -146.05    2.8974E-02  -138.87
      13.6000     0.0000    32.0000     6.6464E-02  -164.38    1.1768E-20   -18.73    2.8303E-02    15.07
      15.2000     0.0000    32.0000     5.6455E-02  -107.63    2.3160E-20    77.12    2.6871E-02    71.80
      16.8000     0.0000    32.0000     4.7302E-02  -142.79    1.0940E-20   123.10    2.4887E-02    36.62
      18.4000     0.0000    32.0000     3.9120E-02    95.45    1.3234E-20    -7.72    2.2546E-02   -85.16
      20.0000     0.0000    32.0000     3.1948E-02  -107.61    5.1113E-21   151.45    2.0017E-02    71.74
     -20.0000     0.0000    34.0000     3.4945E-02   112.49    4.6674E-21   -88.49    2.0601E-02   111.91
     -18.4000     0.0000    34.0000     4.1930E-02  -101.38    7.7954E-21    92.71    2.2739E-02  -101.95
     -16.8000     0.0000    34.0000     4.9742E-02   -35.13    3.2777E-20  -140.28    2.4627E-02   -35.67
     -15.2000     0.0000    34.0000     5.8313E-02   -53.46    1.6420E-20   156.45    2.6118E-02   -53.99
     -13.6000     0.0000    34.0000     6.7509E-02  -161.09    1.4695E-20    25.76    2.7053E-02  -161.60
     -12.0000     0.0000    34.0000     7.7125E-02    -2.64    1.1043E-20  -145.41    2.7269E-02    -3.13
     -10.4000     0.0000    34.0000     8.6876E-02    57.43    1.7110E-20   -26.88    2.6620E-02    56.95
      -8.8000     0.0000    34.0000     9.6406E-02    14.91    1.0855E-20  -179.38    2.4994E-02    14.44
      -7.2000     0.0000    34.0000     1.0530E-01  -134.05    6.5168E-21    47.83    2.2337E-02  -134.51
      -5.6000     0.0000    34.0000     1.1313E-01   -32.84    9.1455E-21   161.08    1.8664E-02   -33.30
      -4.0000     0.0000    34.0000     1.1946E-01   -44.32    8.1667E-21   137.73    1.4077E-02   -44.78
      -2.4000     0.0000    34.0000     1.2391E-01  -170.70    8.3140E-22    84.37    8.7609E-03  -171.15
      -0.8000     0.0000    34.0000     1.2622E-01   -53.50    7.2173E-22    67.63    2.9745E-03   -53.96
       0.8000     0.0000    34.0000     1.2622E-01   -53.50    8.1301E-22   168.83    2.9745E-03   126.04
       2.4000     0.0000    34.0000     1.2391E-01  -170.70    1.5640E-21    47.26    8.7609E-03     8.85
       4.0000     0.0000    34.0000     1.1946E-01   -44.32    5.5419E-21   -23.06    1.4077E-02   135.22
       5.6000     0.0000    34.0000     1.1313E-01   -32.84    7.7156E-21   -58.93    1.8664E-02   146.70
       7.2000     0.0000    34.0000     1.0530E-01  -134.05    8.4179E-21    10.25    2.2337E-02    45.49
       8.8000     0.0000    34.0000     9.6406E-02    14.91    3.9076E-21    44.06    2.4994E-02  -165.56
      10.4000     0.0000    34.0000     8.6876E-02    57.43    8.6396E-21   -88.52    2.6620E-02  -123.05
      12.0000     0.0000    34.0000     7.7125E-02    -2.64    4.7796E-21    69.98    2.7269E-02   176.87
      13.6000     0.0000    34.0000     6.7509E-02  -161.09    1.3296E-20   159.07    2.7053E-02    18.40
      15.2000     0.0000    34.0000     5.8313E-02   -53.46    5.9695E-21    41.16    2.6118E-02   126.01
      16.8000     0.0000    34.0000     4.9742E-02   -35.13    1.9456E-20   111.17    2.4627E-02   144.33
      18.4000     0.0000    34.0000     4.1930E-02  -101.38    1.7692E-20   167.39    2.2739E-02    78.05
      20.0000     0.0000    34.0000     3.4945E-02   112.49    1.4780E-20    17.08    2.0601E-02   -68.09
     -20.0000     0.0000    36.0000     3.7505E-02   -68.30    4.3170E-21  -155.04    2.0878E-02   -68.84
     -18.4000     0.0000    36.0000     4.4231E-02    25.02    8.0266E-21   -28.32    2.2650E-02    24.50
     -16.8000     0.0000    36.0000     5.1623E-02    40.07    1.3760E-20  -130.02    2.4134E-02    39.57
     -15.2000     0.0000    36.0000     5.9596E-02   -27.35    1.5583E-20   -78.52    2.5207E-02   -27.84
     -13.6000     0.0000    36.0000     6.8013E-02   178.58    4.3109E-21  -111.20    2.5738E-02   178.10
     -12.0000     0.0000    36.0000     7.6679E-02   -66.21    1.6902E-20    62.92    2.5602E-02   -66.67
     -10.4000     0.0000    36.0000     8.5341E-02   -45.59    8.1069E-21  -147.03    2.4694E-02   -46.05
      -8.8000     0.0000    36.0000     9.3697E-02  -123.22    1.5428E-20    60.09    2.2940E-02  -123.67
      -7.2000     0.0000    36.0000     1.0141E-01    57.60    7.2100E-21   178.69    2.0313E-02    57.16
      -5.6000     0.0000    36.0000     1.0813E-01   133.96    3.8282E-21   -96.73    1.6845E-02   133.53
      -4.0000     0.0000    36.0000     1.1351E-01   103.45    3.1347E-21    14.60    1.2632E-02   103.02
      -2.4000     0.0000    36.0000     1.1728E-01   -35.81    2.1587E-21   138.08    7.8307E-03   -36.24
      -0.8000     0.0000    36.0000     1.1922E-01    74.88    9.4131E-22   -73.35    2.6534E-03    74.45
       0.8000     0.0000    36.0000     1.1922E-01    74.88    4.5835E-22   119.71    2.6534E-03  -105.55
       2.4000     0.0000    36.0000     1.1728E-01   -35.81    1.9686E-21   -82.29    7.8307E-03   143.76
       4.0000     0.0000    36.0000     1.1351E-01   103.45    1.9571E-21   -56.76    1.2632E-02   -76.98
       5.6000     0.0000    36.0000     1.0813E-01   133.96    6.6039E-21    79.45    1.6845E-02   -46.47
       7.2000     0.0000    36.0000     1.0141E-01    57.60    6.5265E-22    21.67    2.0313E-02  -122.84
       8.8000     0.0000    36.0000     9.3697E-02  -123.22    4.7773E-21  -126.19    2.2940E-02    56.33
      10.4000     0.0000    36.0000     8.5341E-02   -45.59    4.5994E-21    99.99    2.4694E-02   133.95
      12.0000     0.0000    36.0000     7.6679E-02   -66.21    9.2600E-21  -144.34    2.5602E-02   113.33
      13.6000     0.0000    36.0000     6.8013E-02   178.58    8.6962E-21    18.32    2.5738E-02    -1.90
      15.2000     0.0000    36.0000     5.9596E-02   -27.35    1.8425E-20   145.59    2.5207E-02   152.16
      16.8000     0.0000    36.0000     5.1623E-02    40.07    4.8129E-21   -65.03    2.4134E-02  -140.43
      18.4000     0.0000    36.0000     4.4231E-02    25.02    7.3904E-21   -73.45    2.2650E-02  -155.50
      20.0000     0.0000    36.0000     3.7505E-02   -68.30    6.6980E-21    53.84    2.0878E-02   111.16
     -20.0000     0.0000    38.0000     3.9653E-02    74.98    6.4858E-21  -135.76    2.0908E-02    74.49
     -18.4000     0.0000    38.0000     4.6073E-02   119.30    1.7226E-20   -50.21    2.2348E-02   118.81
     -16.8000     0.0000    38.0000     5.3022E-02    87.05    5.4815E-21  -100.24    2.3481E-02    86.58
     -15.2000     0.0000    38.0000     6.0406E-02   -25.51    1.7626E-20   139.15    2.4202E-02   -25.97
     -13.6000     0.0000    38.0000     6.8091E-02   137.90    3.7892E-21    31.22    2.4408E-02   137.45
     -12.0000     0.0000    38.0000     7.5897E-02  -146.30    1.4164E-20    10.59    2.4005E-02  -146.74
     -10.4000     0.0000    38.0000     8.3604E-02  -161.51    8.9239E-21    -6.02    2.2916E-02  -161.94
      -8.8000     0.0000    38.0000     9.0954E-02    89.10    7.3942E-21  -168.86    2.1095E-02    88.68
      -7.2000     0.0000    38.0000     9.7671E-02  -117.33    8.8195E-21    79.02    1.8533E-02  -117.75
      -5.6000     0.0000    38.0000     1.0347E-01   -63.30    3.7672E-21    42.06    1.5271E-02   -63.72
      -4.0000     0.0000    38.0000     1.0809E-01  -110.89    1.6889E-21   131.06    1.1395E-02  -111.30
      -2.4000     0.0000    38.0000     1.1131E-01    98.30    2.2812E-21    57.20    7.0404E-03    97.89
      -0.8000     0.0000    38.0000     1.1297E-01  -156.83    7.2335E-22    29.22    2.3816E-03  -157.24
       0.8000     0.0000    38.0000     1.1297E-01  -156.83    4.1539E-22  -109.34    2.3816E-03    22.76
       2.4000     0.0000    38.0000     1.1131E-01    98.30    2.2527E-21  -131.90    7.0404E-03   -82.11
       4.0000     0.0000    38.0000     1.0809E-01  -110.89    1.8715E-21    49.43    1.1395E-02    68.70
       5.6000     0.0000    38.0000     1.0347E-01   -63.30    3.6312E-22    13.74    1.5271E-02   116.28
       7.2000     0.0000    38.0000     9.7671E-02  -117.33    4.6067E-21   -54.44    1.8533E-02    62.25
       8.8000     0.0000    38.0000     9.0954E-02    89.10    2.9276E-21   -63.28    2.1095E-02   -91.32
      10.4000     0.0000    38.0000     8.3604E-02  -161.51    6.3974E-21   124.50    2.2916E-02    18.06
      12.0000     0.0000    38.0000     7.5897E-02  -146.30    1.3015E-20   154.34    2.4005E-02    33.26
      13.6000     0.0000    38.0000     6.8091E-02   137.90    6.8975E-21    -7.31    2.4408E-02   -42.55
      15.2000     0.0000    38.0000     6.0406E-02   -25.51    1.6832E-20   -63.38    2.4202E-02   154.03
      16.8000     0.0000    38.0000     5.3022E-02    87.05    8.7450E-21   -48.83    2.3481E-02   -93.42
      18.4000     0.0000    38.0000     4.6073E-02   119.30    6.5328E-22    74.98    2.2348E-02   -61.19
      20.0000     0.0000    38.0000     3.9653E-02    74.98    1.2095E-20    64.48    2.0908E-02  -105.51
     -20.0000     0.0000    40.0000     4.1423E-02  -173.39    3.2979E-21    10.66    2.0746E-02  -173.85
     -18.4000     0.0000    40.0000     4.7511E-02  -174.62    1.1672E-20    50.74    2.1890E-02  -175.06
     -16.8000     0.0000    40.0000     5.4010E-02   109.37    8.1114E-21    32.17    2.2720E-02   108.94
     -15.2000     0.0000    40.0000     6.0828E-02   -44.79    7.8715E-21   127.88    2.3150E-02   -45.22
     -13.6000     0.0000    40.0000     6.7835E-02    79.59    5.3916E-21   -98.63    2.3098E-02    79.17
     -12.0000     0.0000    40.0000     7.4870E-02   119.34    7.9967E-21   -71.53    2.2494E-02   118.93
     -10.4000     0.0000    40.0000     8.1740E-02    71.48    6.7309E-21   -52.65    2.1283E-02    71.08
      -8.8000     0.0000    40.0000     8.8230E-02   -66.76    6.1394E-21    40.43    1.9438E-02   -67.16
      -7.2000     0.0000    40.0000     9.4109E-02    62.12    8.4130E-21  -138.95    1.6963E-02    61.72
      -5.6000     0.0000    40.0000     9.9150E-02    95.96    4.2481E-21   -31.03    1.3900E-02    95.57
      -4.0000     0.0000    40.0000     1.0314E-01    32.96    1.4988E-21   -74.23    1.0328E-02    32.58
      -2.4000     0.0000    40.0000     1.0591E-01  -128.25    9.8282E-22   -39.43    6.3634E-03  -128.63
      -0.8000     0.0000    40.0000     1.0733E-01   -28.62    5.5538E-22   -31.33    2.1495E-03   -29.00
       0.8000     0.0000    40.0000     1.0733E-01   -28.62    2.8635E-22  -148.70    2.1495E-03   151.00
       2.4000     0.0000    40.0000     1.0591E-01  -128.25    8.9273E-22  -155.38    6.3634E-03    51.37
       4.0000     0.0000    40.0000     1.0314E-01    32.96    2.3683E-22   -54.77    1.0328E-02  -147.42
       5.6000     0.0000    40.0000     9.9150E-02    95.96    1.9277E-21  -168.93    1.3900E-02   -84.43
       7.2000     0.0000    40.0000     9.4109E-02    62.12    8.4871E-21   -13.38    1.6963E-02  -118.28
       8.8000     0.0000    40.0000     8.8230E-02   -66.76    6.0876E-21  -132.01    1.9438E-02   112.84
      10.4000     0.0000    40.0000     8.1740E-02    71.48    9.9343E-21  -175.39    2.1283E-02  -108.92
      12.0000     0.0000    40.0000     7.4870E-02   119.34    4.5790E-21   100.81    2.2494E-02   -61.07
      13.6000     0.0000    40.0000     6.7835E-02    79.59    8.4987E-21   -14.21    2.3098E-02  -100.83
      15.2000     0.0000    40.0000     6.0828E-02   -44.79    1.6510E-21   -48.51    2.3150E-02   134.78
      16.8000     0.0000    40.0000     5.4010E-02   109.37    1.2087E-20   -38.88    2.2720E-02   -71.06
      18.4000     0.0000    40.0000     4.7511E-02  -174.62    6.1453E-21   -53.00    2.1890E-02     4.94
      20.0000     0.0000    40.0000     4.1423E-02  -173.39    7.5564E-21    -3.15    2.0746E-02     6.15
     -20.0000     0.0000    42.0000     4.2852E-02   -89.78    1.2196E-20    69.91    2.0438E-02   -90.21
     -18.4000     0.0000    42.0000     4.8596E-02  -133.37    4.4253E-21   -22.64    2.1322E-02  -133.79
     -16.8000     0.0000    42.0000     5.4655E-02   110.05    1.9493E-21   -58.56    2.1894E-02   109.64
     -15.2000     0.0000    42.0000     6.0937E-02   -82.54    9.0147E-21   118.15    2.2085E-02   -82.95
     -13.6000     0.0000    42.0000     6.7323E-02     5.91    7.0262E-21  -152.82    2.1831E-02     5.52
     -12.0000     0.0000    42.0000     7.3669E-02    12.60    4.3750E-21  -162.94    2.1077E-02    12.21
     -10.4000     0.0000    42.0000     7.9808E-02   -65.12    2.2075E-21  -166.34    1.9789E-02   -65.50
      -8.8000     0.0000    42.0000     8.5557E-02   130.32    2.4169E-21   -91.30    1.7950E-02   129.94
      -7.2000     0.0000    42.0000     9.0727E-02  -123.27    3.2102E-21    11.14    1.5574E-02  -123.64
      -5.6000     0.0000    42.0000     9.5132E-02  -107.76    2.8499E-21   135.49    1.2701E-02  -108.14
      -4.0000     0.0000    42.0000     9.8604E-02   175.27    8.0571E-22  -119.26    9.4032E-03   174.90
      -2.4000     0.0000    42.0000     1.0100E-01     4.64    4.4751E-22   156.70    5.7792E-03     4.27
      -0.8000     0.0000    42.0000     1.0223E-01    99.53    1.5008E-22    20.81    1.9498E-03    99.17
       0.8000     0.0000    42.0000     1.0223E-01    99.53    6.1649E-22    40.06    1.9498E-03   -80.83
       2.4000     0.0000    42.0000     1.0100E-01     4.64    2.6325E-21   -32.41    5.7792E-03  -175.73
       4.0000     0.0000    42.0000     9.8604E-02   175.27    1.0597E-21   -18.99    9.4032E-03    -5.10
       5.6000     0.0000    42.0000     9.5132E-02  -107.76    2.9307E-21  -111.71    1.2701E-02    71.86
       7.2000     0.0000    42.0000     9.0727E-02  -123.27    2.2731E-21     3.30    1.5574E-02    56.36
       8.8000     0.0000    42.0000     8.5557E-02   130.32    8.9893E-21    58.13    1.7950E-02   -50.06
      10.4000     0.0000    42.0000     7.9808E-02   -65.12    3.5659E-21   137.01    1.9789E-02   114.50
      12.0000     0.0000    42.0000     7.3669E-02    12.60    4.5516E-21  -163.29    2.1077E-02  -167.79
      13.6000     0.0000    42.0000     6.7323E-02     5.91    8.1757E-21    21.05    2.1831E-02  -174.48
      15.2000     0.0000    42.0000     6.0937E-02   -82.54    3.0290E-21  -174.74    2.2085E-02    97.05
      16.8000     0.0000    42.0000     5.4655E-02   110.05    1.1822E-20     3.89    2.1894E-02   -70.36
      18.4000     0.0000    42.0000     4.8596E-02  -133.37    1.2235E-20   135.66    2.1322E-02    46.21
      20.0000     0.0000    42.0000     4.2852E-02   -89.78    1.3119E-20   128.06    2.0438E-02    89.79
     -20.0000     0.0000    44.0000     4.3980E-02   -31.05    6.3216E-21  -145.46    2.0020E-02   -31.45
     -18.4000     0.0000    44.0000     4.9379E-02  -114.11    2.8995E-21   109.69    2.0679E-02  -114.51
     -16.8000     0.0000    44.0000     5.5013E-02    91.63    1.5403E-21  -165.70    2.1034E-02    91.25
     -15.2000     0.0000    44.0000     6.0795E-02  -136.52    3.5913E-21   131.01    2.1030E-02  -136.91
     -13.6000     0.0000    44.0000     6.6615E-02   -81.22    6.1734E-21   140.97    2.0618E-02   -81.60
     -12.0000     0.0000    44.0000     7.2347E-02  -104.96    3.7167E-21    55.45    1.9757E-02  -105.33
     -10.4000     0.0000    44.0000     7.7846E-02   149.91    4.1911E-21    -5.83    1.8424E-02   149.55
      -8.8000     0.0000    44.0000     8.2958E-02   -38.74    6.7633E-21   114.78    1.6613E-02   -39.11
      -7.2000     0.0000    44.0000     8.7524E-02    47.14    5.0696E-21   -86.69    1.4340E-02    46.79
      -5.6000     0.0000    44.0000     9.1395E-02    45.93    4.3420E-21  -161.31    1.1647E-02    45.57
      -4.0000     0.0000    44.0000     9.4432E-02   -43.76    1.7617E-21   175.95    8.5954E-03   -44.11
      -2.4000     0.0000    44.0000     9.6524E-02   137.05    7.6187E-22    13.09    5.2715E-03   136.69
      -0.8000     0.0000    44.0000     9.7591E-02  -132.37    3.7127E-22  -137.04    1.7766E-03  -132.73
       0.8000     0.0000    44.0000     9.7591E-02  -132.37    6.1760E-22   -24.38    1.7766E-03    47.27
       2.4000     0.0000    44.0000     9.6524E-02   137.05    1.4097E-21  -107.87    5.2715E-03   -43.31
       4.0000     0.0000    44.0000     9.4432E-02   -43.76    2.2571E-21   -52.08    8.5954E-03   135.89
       5.6000     0.0000    44.0000     9.1395E-02    45.93    3.6087E-21    10.29    1.1647E-02  -134.43
       7.2000     0.0000    44.0000     8.7524E-02    47.14    1.4926E-21    51.38    1.4340E-02  -133.21
       8.8000     0.0000    44.0000     8.2958E-02   -38.74    5.5252E-21  -105.11    1.6613E-02   140.89
      10.4000     0.0000    44.0000     7.7846E-02   149.91    3.9645E-21   144.88    1.8424E-02   -30.45
      12.0000     0.0000    44.0000     7.2347E-02  -104.96    3.0494E-21    59.67    1.9757E-02    74.67
      13.6000     0.0000    44.0000     6.6615E-02   -81.22    6.5453E-21   162.23    2.0618E-02    98.40
      15.2000     0.0000    44.0000     6.0795E-02  -136.52    5.5702E-21    93.78    2.1030E-02    43.09
      16.8000     0.0000    44.0000     5.5013E-02    91.63    6.4880E-21   -52.84    2.1034E-02   -88.75
      18.4000     0.0000    44.0000     4.9379E-02  -114.11    6.2914E-21   154.09    2.0679E-02    65.49
      20.0000     0.0000    44.0000     4.3980E-02   -31.05    6.0338E-21    11.16    2.0020E-02   148.55
     -20.0000     0.0000    46.0000     4.4843E-02     5.51    1.0528E-20   130.69    1.9524E-02     5.13
     -18.4000     0.0000    46.0000     4.9904E-02  -114.39    8.9080E-21   115.65    1.9988E-02  -114.77
     -16.8000     0.0000    46.0000     5.5134E-02    56.31    5.1624E-21  -130.72    2.0163E-02    55.94
     -15.2000     0.0000    46.0000     6.0453E-02   155.16    5.1557E-21    24.74    2.0002E-02   154.80
     -13.6000     0.0000    46.0000     6.5761E-02   179.79    1.0587E-21   155.88    1.9467E-02   179.44
     -12.0000     0.0000    46.0000     7.0947E-02   127.98    6.4600E-21   -47.66    1.8531E-02   127.62
     -10.4000     0.0000    46.0000     7.5885E-02    -2.38    4.9693E-21  -128.09    1.7178E-02    -2.73
      -8.8000     0.0000    46.0000     8.0446E-02   146.83    3.6421E-21   -95.14    1.5408E-02   146.48
      -7.2000     0.0000    46.0000     8.4497E-02  -146.11    4.1854E-21    68.11    1.3242E-02  -146.45
      -5.6000     0.0000    46.0000     8.7914E-02  -162.63    5.3947E-21   -21.63    1.0715E-02  -162.97
      -4.0000     0.0000    46.0000     9.0585E-02    96.05    2.7866E-21   -60.04    7.8864E-03    95.71
      -2.4000     0.0000    46.0000     9.2420E-02   -90.97    6.5270E-22   115.37    4.8277E-03   -91.31
      -0.8000     0.0000    46.0000     9.3355E-02    -4.33    2.2528E-22  -127.12    1.6255E-03    -4.67
       0.8000     0.0000    46.0000     9.3355E-02    -4.33    5.2471E-22    67.14    1.6255E-03   175.33
       2.4000     0.0000    46.0000     9.2420E-02   -90.97    9.5750E-22  -126.30    4.8277E-03    88.69
       4.0000     0.0000    46.0000     9.0585E-02    96.05    2.3440E-21   121.43    7.8864E-03   -84.29
       5.6000     0.0000    46.0000     8.7914E-02  -162.63    2.8407E-21   120.31    1.0715E-02    17.03
       7.2000     0.0000    46.0000     8.4497E-02  -146.11    2.8351E-21  -141.61    1.3242E-02    33.55
       8.8000     0.0000    46.0000     8.0446E-02   146.83    5.3340E-21    16.20    1.5408E-02   -33.52
      10.4000     0.0000    46.0000     7.5885E-02    -2.38    3.5603E-21   101.56    1.7178E-02   177.27
      12.0000     0.0000    46.0000     7.0947E-02   127.98    9.2712E-22  -116.64    1.8531E-02   -52.38
      13.6000     0.0000    46.0000     6.5761E-02   179.79    9.2453E-21    26.33    1.9467E-02    -0.56
      15.2000     0.0000    46.0000     6.0453E-02   155.16    5.4497E-21  -108.44    2.0002E-02   -25.20
      16.8000     0.0000    46.0000     5.5134E-02    56.31    5.8364E-21    33.65    2.0163E-02  -124.06
      18.4000     0.0000    46.0000     4.9904E-02  -114.39    6.1219E-21    10.29    1.9988E-02    65.23
      20.0000     0.0000    46.0000     4.4843E-02     5.51    1.2927E-20   -85.65    1.9524E-02  -174.87
     -20.0000     0.0000    48.0000     4.5477E-02    22.23    4.4527E-21  -177.91    1.8974E-02    21.87
     -18.4000     0.0000    48.0000     5.0211E-02  -132.09    2.6455E-21   107.93    1.9272E-02  -132.45
     -16.8000     0.0000    48.0000     5.5062E-02     5.95    1.1439E-20  -174.60    1.9296E-02     5.60
     -15.2000     0.0000    48.0000     5.9954E-02    74.12    5.0186E-21   -90.69    1.9009E-02    73.78
     -13.6000     0.0000    48.0000     6.4800E-02    70.32    4.1835E-21  -122.94    1.8382E-02    69.98
     -12.0000     0.0000    48.0000     6.9500E-02    -7.48    4.5753E-21  -161.52    1.7396E-02    -7.81
     -10.4000     0.0000    48.0000     7.3946E-02  -161.12    7.6697E-22    49.73    1.6041E-02  -161.46
      -8.8000     0.0000    48.0000     7.8029E-02   -32.32    4.1494E-21    34.80    1.4322E-02   -32.65
      -7.2000     0.0000    48.0000     8.1637E-02    17.43    4.3746E-21   131.72    1.2260E-02    17.10
      -5.6000     0.0000    48.0000     8.4668E-02   -13.16    4.2923E-21   179.30    9.8893E-03   -13.49
      -4.0000     0.0000    48.0000     8.7030E-02  -125.16    1.2306E-21  -165.86    7.2608E-03  -125.48
      -2.4000     0.0000    48.0000     8.8648E-02    40.63    1.5452E-21  -144.34    4.4374E-03    40.31
      -0.8000     0.0000    48.0000     8.9470E-02   123.67    2.7857E-22   -70.26    1.4929E-03   123.35
       0.8000     0.0000    48.0000     8.9470E-02   123.67    6.9849E-22   -23.83    1.4929E-03   -56.65
       2.4000     0.0000    48.0000     8.8648E-02    40.63    1.0416E-21    17.97    4.4374E-03  -139.69
       4.0000     0.0000    48.0000     8.7030E-02  -125.16    1.6359E-21  -114.96    7.2608E-03    54.52
       5.6000     0.0000    48.0000     8.4668E-02   -13.16    2.6146E-21   -26.61    9.8893E-03   166.51
       7.2000     0.0000    48.0000     8.1637E-02    17.43    3.5117E-21   -47.01    1.2260E-02  -162.90
       8.8000     0.0000    48.0000     7.8029E-02   -32.32    4.3739E-21   110.93    1.4322E-02   147.35
      10.4000     0.0000    48.0000     7.3946E-02  -161.12    1.5958E-21   107.18    1.6041E-02    18.54
      12.0000     0.0000    48.0000     6.9500E-02    -7.48    8.9639E-22   -75.84    1.7396E-02   172.19
      13.6000     0.0000    48.0000     6.4800E-02    70.32    5.0960E-21    35.16    1.8382E-02  -110.02
      15.2000     0.0000    48.0000     5.9954E-02    74.12    5.4036E-21    29.84    1.9009E-02  -106.22
      16.8000     0.0000    48.0000     5.5062E-02     5.95    5.3833E-21  -163.39    1.9296E-02  -174.40
      18.4000     0.0000    48.0000     5.0211E-02  -132.09    2.1925E-21   151.85    1.9272E-02    47.55
      20.0000     0.0000    48.0000     4.5477E-02    22.23    1.7193E-21   120.68    1.8974E-02  -158.13
     -20.0000     0.0000    50.0000     4.5913E-02    21.16    8.1005E-21  -164.24    1.8388E-02    20.81
     -18.4000     0.0000    50.0000     5.0335E-02  -165.38    3.5720E-21    58.81    1.8546E-02  -165.72
     -16.8000     0.0000    50.0000     5.4831E-02   -57.84    6.2248E-21   137.08    1.8445E-02   -58.17
     -15.2000     0.0000    50.0000     5.9333E-02   -18.23    3.7558E-21   175.77    1.8059E-02   -18.56
     -13.6000     0.0000    50.0000     6.3762E-02   -48.47    2.9731E-21  -118.82    1.7363E-02   -48.80
     -12.0000     0.0000    50.0000     6.8029E-02  -150.37    3.2492E-21     5.72    1.6346E-02  -150.69
     -10.4000     0.0000    50.0000     7.2044E-02    34.42    5.0718E-21   -93.39    1.5002E-02    34.10
      -8.8000     0.0000    50.0000     7.5710E-02   144.36    3.0681E-21     9.12    1.3340E-02   144.05
      -7.2000     0.0000    50.0000     7.8937E-02   178.13    2.9653E-21   -13.50    1.1379E-02   177.81
      -5.6000     0.0000    50.0000     8.1636E-02   134.56    1.5775E-21   -87.18    9.1534E-03   134.25
      -4.0000     0.0000    50.0000     8.3734E-02    12.73    1.8274E-21  -154.44    6.7061E-03    12.42
      -2.4000     0.0000    50.0000     8.5168E-02   171.92    8.2320E-22    65.59    4.0925E-03   171.61
      -0.8000     0.0000    50.0000     8.5896E-02  -108.37    2.2837E-22   110.33    1.3758E-03  -108.68
       0.8000     0.0000    50.0000     8.5896E-02  -108.37    2.3858E-22    -6.92    1.3758E-03    71.32
       2.4000     0.0000    50.0000     8.5168E-02   171.92    6.9587E-22   -35.71    4.0925E-03    -8.39
       4.0000     0.0000    50.0000     8.3734E-02    12.73    1.3945E-21    88.91    6.7061E-03  -167.58
       5.6000     0.0000    50.0000     8.1636E-02   134.56    3.1958E-22   166.72    9.1534E-03   -45.75
       7.2000     0.0000    50.0000     7.8937E-02   178.13    2.2070E-21   149.35    1.1379E-02    -2.19
       8.8000     0.0000    50.0000     7.5710E-02   144.36    4.0729E-21   -98.85    1.3340E-02   -35.95
      10.4000     0.0000    50.0000     7.2044E-02    34.42    5.0889E-21    41.89    1.5002E-02  -145.90
      12.0000     0.0000    50.0000     6.8029E-02  -150.37    2.5277E-21    77.41    1.6346E-02    29.31
      13.6000     0.0000    50.0000     6.3762E-02   -48.47    3.4424E-21  -165.62    1.7363E-02   131.20
      15.2000     0.0000    50.0000     5.9333E-02   -18.23    2.9493E-21   173.05    1.8059E-02   161.44
      16.8000     0.0000    50.0000     5.4831E-02   -57.84    3.1548E-21   157.48    1.8445E-02   121.83
      18.4000     0.0000    50.0000     5.0335E-02  -165.38    5.6646E-21   -75.07    1.8546E-02    14.28
      20.0000     0.0000    50.0000     4.5913E-02    21.16    2.7671E-21  -154.96    1.8388E-02  -159.19






 ***** DATA CARD NO. 13   EN   0    26     1    26 -2.00000E+01  0.00000E+00  0.00000E+00  1.60000E+00  1.00000E+00  2.00000E+00

 RUN TIME =     0.063
