1



                                 *********************************************

                                    NUMERICAL ELECTROMAGNETICS CODE (NEC-2D)

                                 *********************************************




                                     - - - - COMMENTS - - - -


                          *** Gruppenstrahler fuer 23 cm ***                                         
                          *** mit 8 Strahler + 8 Direktoren ***                                      
                          *** breitbandig Elemente 9 mm ***                                          
                          * von dieser Version wurden 2 Antennen gebaut und gemessen *               
                          * Antenne mit RADOM versehen (Beeintraechtigung = gering *                 
                                                                                                     




                                 - - - STRUCTURE SPECIFICATION - - -

                                     COORDINATES MUST BE INPUT IN
                                     METERS OR BE SCALED TO METERS
                                     BEFORE STRUCTURE INPUT IS ENDED


  WIRE                                                                               NO. OF    FIRST  LAST     TAG
  NO.        X1         Y1         Z1          X2         Y2         Z2      RADIUS   SEG.     SEG.   SEG.     NO.
     1    0.00500    0.05900    0.05900     0.09400    0.05900    0.05900    0.00450      5        1     5       1
     2    0.00500    0.17700    0.05900     0.09400    0.17700    0.05900    0.00450      5        6    10       2
     3    0.00800    0.05900    0.11600     0.09100    0.05900    0.11600    0.00450      5       11    15       3
     4    0.00800    0.17700    0.11600     0.09100    0.17700    0.11600    0.00450      5       16    20       4
     1R   0.00000    0.00000    0.00000     0.15000    0.00000    0.00000     SURFACE -   4 BY  8 PATCHES
          0.15000    0.25000    0.00000     0.00000    0.25000    0.00000
      STRUCTURE REFLECTED ALONG THE AXES X Y  .  TAGS INCREMENTED BY   28

   TOTAL SEGMENTS USED=   80     NO. SEG. IN A SYMMETRIC CELL=   20     SYMMETRY FLAG=  1
   TOTAL PATCHES USED=  128      NO. PATCHES IN A SYMMETRIC CELL=   32
 STRUCTURE HAS 2 PLANES OF SYMMETRY



         - MULTIPLE WIRE JUNCTIONS -
 JUNCTION    SEGMENTS  (- FOR END 1, + FOR END 2)
  NONE




                                 - - - - SEGMENTATION DATA - - - -

                                        COORDINATES IN METERS

                         I+ AND I- INDICATE THE SEGMENTS BEFORE AND AFTER I


  SEG.   COORDINATES OF SEG. CENTER     SEG.     ORIENTATION ANGLES    WIRE    CONNECTION DATA   TAG
  NO.       X         Y         Z       LENGTH     ALPHA     BETA      RADIUS    I-   I    I+    NO.
     1   0.01390   0.05900   0.05900   0.01780    0.00000   0.00000   0.00450     0    1    2      1
     2   0.03170   0.05900   0.05900   0.01780    0.00000   0.00000   0.00450     1    2    3      1
     3   0.04950   0.05900   0.05900   0.01780    0.00000   0.00000   0.00450     2    3    4      1
     4   0.06730   0.05900   0.05900   0.01780    0.00000   0.00000   0.00450     3    4    5      1
     5   0.08510   0.05900   0.05900   0.01780    0.00000   0.00000   0.00450     4    5    0      1
     6   0.01390   0.17700   0.05900   0.01780    0.00000   0.00000   0.00450     0    6    7      2
     7   0.03170   0.17700   0.05900   0.01780    0.00000   0.00000   0.00450     6    7    8      2
     8   0.04950   0.17700   0.05900   0.01780    0.00000   0.00000   0.00450     7    8    9      2
     9   0.06730   0.17700   0.05900   0.01780    0.00000   0.00000   0.00450     8    9   10      2
    10   0.08510   0.17700   0.05900   0.01780    0.00000   0.00000   0.00450     9   10    0      2
    11   0.01630   0.05900   0.11600   0.01660    0.00000   0.00000   0.00450     0   11   12      3
    12   0.03290   0.05900   0.11600   0.01660    0.00000   0.00000   0.00450    11   12   13      3
    13   0.04950   0.05900   0.11600   0.01660    0.00000   0.00000   0.00450    12   13   14      3
    14   0.06610   0.05900   0.11600   0.01660    0.00000   0.00000   0.00450    13   14   15      3
    15   0.08270   0.05900   0.11600   0.01660    0.00000   0.00000   0.00450    14   15    0      3
    16   0.01630   0.17700   0.11600   0.01660    0.00000   0.00000   0.00450     0   16   17      4
    17   0.03290   0.17700   0.11600   0.01660    0.00000   0.00000   0.00450    16   17   18      4
    18   0.04950   0.17700   0.11600   0.01660    0.00000   0.00000   0.00450    17   18   19      4
    19   0.06610   0.17700   0.11600   0.01660    0.00000   0.00000   0.00450    18   19   20      4
    20   0.08270   0.17700   0.11600   0.01660    0.00000   0.00000   0.00450    19   20    0      4
    21   0.01390  -0.05900   0.05900   0.01780    0.00000   0.00000   0.00450     0   21   22     29
    22   0.03170  -0.05900   0.05900   0.01780    0.00000   0.00000   0.00450    21   22   23     29
    23   0.04950  -0.05900   0.05900   0.01780    0.00000   0.00000   0.00450    22   23   24     29
    24   0.06730  -0.05900   0.05900   0.01780    0.00000   0.00000   0.00450    23   24   25     29
    25   0.08510  -0.05900   0.05900   0.01780    0.00000   0.00000   0.00450    24   25    0     29
    26   0.01390  -0.17700   0.05900   0.01780    0.00000   0.00000   0.00450     0   26   27     30
    27   0.03170  -0.17700   0.05900   0.01780    0.00000   0.00000   0.00450    26   27   28     30
    28   0.04950  -0.17700   0.05900   0.01780    0.00000   0.00000   0.00450    27   28   29     30
    29   0.06730  -0.17700   0.05900   0.01780    0.00000   0.00000   0.00450    28   29   30     30
    30   0.08510  -0.17700   0.05900   0.01780    0.00000   0.00000   0.00450    29   30    0     30
    31   0.01630  -0.05900   0.11600   0.01660    0.00000   0.00000   0.00450     0   31   32     31
    32   0.03290  -0.05900   0.11600   0.01660    0.00000   0.00000   0.00450    31   32   33     31
    33   0.04950  -0.05900   0.11600   0.01660    0.00000   0.00000   0.00450    32   33   34     31
    34   0.06610  -0.05900   0.11600   0.01660    0.00000   0.00000   0.00450    33   34   35     31
    35   0.08270  -0.05900   0.11600   0.01660    0.00000   0.00000   0.00450    34   35    0     31
    36   0.01630  -0.17700   0.11600   0.01660    0.00000   0.00000   0.00450     0   36   37     32
    37   0.03290  -0.17700   0.11600   0.01660    0.00000   0.00000   0.00450    36   37   38     32
    38   0.04950  -0.17700   0.11600   0.01660    0.00000   0.00000   0.00450    37   38   39     32
    39   0.06610  -0.17700   0.11600   0.01660    0.00000   0.00000   0.00450    38   39   40     32
    40   0.08270  -0.17700   0.11600   0.01660    0.00000   0.00000   0.00450    39   40    0     32
    41  -0.01390   0.05900   0.05900   0.01780    0.00000 180.00000   0.00450     0   41   42     57
    42  -0.03170   0.05900   0.05900   0.01780    0.00000 180.00000   0.00450    41   42   43     57
    43  -0.04950   0.05900   0.05900   0.01780    0.00000 180.00000   0.00450    42   43   44     57
    44  -0.06730   0.05900   0.05900   0.01780    0.00000 180.00000   0.00450    43   44   45     57
    45  -0.08510   0.05900   0.05900   0.01780    0.00000 180.00000   0.00450    44   45    0     57
    46  -0.01390   0.17700   0.05900   0.01780    0.00000 180.00000   0.00450     0   46   47     58
    47  -0.03170   0.17700   0.05900   0.01780    0.00000 180.00000   0.00450    46   47   48     58
    48  -0.04950   0.17700   0.05900   0.01780    0.00000 180.00000   0.00450    47   48   49     58
    49  -0.06730   0.17700   0.05900   0.01780    0.00000 180.00000   0.00450    48   49   50     58
    50  -0.08510   0.17700   0.05900   0.01780    0.00000 180.00000   0.00450    49   50    0     58
    51  -0.01630   0.05900   0.11600   0.01660    0.00000 180.00000   0.00450     0   51   52     59
    52  -0.03290   0.05900   0.11600   0.01660    0.00000 180.00000   0.00450    51   52   53     59
    53  -0.04950   0.05900   0.11600   0.01660    0.00000 180.00000   0.00450    52   53   54     59
    54  -0.06610   0.05900   0.11600   0.01660    0.00000 180.00000   0.00450    53   54   55     59
    55  -0.08270   0.05900   0.11600   0.01660    0.00000 180.00000   0.00450    54   55    0     59
    56  -0.01630   0.17700   0.11600   0.01660    0.00000 180.00000   0.00450     0   56   57     60
    57  -0.03290   0.17700   0.11600   0.01660    0.00000 180.00000   0.00450    56   57   58     60
    58  -0.04950   0.17700   0.11600   0.01660    0.00000 180.00000   0.00450    57   58   59     60
    59  -0.06610   0.17700   0.11600   0.01660    0.00000 180.00000   0.00450    58   59   60     60
    60  -0.08270   0.17700   0.11600   0.01660    0.00000 180.00000   0.00450    59   60    0     60
    61  -0.01390  -0.05900   0.05900   0.01780    0.00000 180.00000   0.00450     0   61   62     85
    62  -0.03170  -0.05900   0.05900   0.01780    0.00000 180.00000   0.00450    61   62   63     85
    63  -0.04950  -0.05900   0.05900   0.01780    0.00000 180.00000   0.00450    62   63   64     85
    64  -0.06730  -0.05900   0.05900   0.01780    0.00000 180.00000   0.00450    63   64   65     85
    65  -0.08510  -0.05900   0.05900   0.01780    0.00000 180.00000   0.00450    64   65    0     85
    66  -0.01390  -0.17700   0.05900   0.01780    0.00000 180.00000   0.00450     0   66   67     86
    67  -0.03170  -0.17700   0.05900   0.01780    0.00000 180.00000   0.00450    66   67   68     86
    68  -0.04950  -0.17700   0.05900   0.01780    0.00000 180.00000   0.00450    67   68   69     86
    69  -0.06730  -0.17700   0.05900   0.01780    0.00000 180.00000   0.00450    68   69   70     86
    70  -0.08510  -0.17700   0.05900   0.01780    0.00000 180.00000   0.00450    69   70    0     86
    71  -0.01630  -0.05900   0.11600   0.01660    0.00000 180.00000   0.00450     0   71   72     87
    72  -0.03290  -0.05900   0.11600   0.01660    0.00000 180.00000   0.00450    71   72   73     87
    73  -0.04950  -0.05900   0.11600   0.01660    0.00000 180.00000   0.00450    72   73   74     87
    74  -0.06610  -0.05900   0.11600   0.01660    0.00000 180.00000   0.00450    73   74   75     87
    75  -0.08270  -0.05900   0.11600   0.01660    0.00000 180.00000   0.00450    74   75    0     87
    76  -0.01630  -0.17700   0.11600   0.01660    0.00000 180.00000   0.00450     0   76   77     88
    77  -0.03290  -0.17700   0.11600   0.01660    0.00000 180.00000   0.00450    76   77   78     88
    78  -0.04950  -0.17700   0.11600   0.01660    0.00000 180.00000   0.00450    77   78   79     88
    79  -0.06610  -0.17700   0.11600   0.01660    0.00000 180.00000   0.00450    78   79   80     88
    80  -0.08270  -0.17700   0.11600   0.01660    0.00000 180.00000   0.00450    79   80    0     88




                                            - - - SURFACE PATCH DATA - - -

                                                 COORDINATES IN METERS

 PATCH     COORD. OF PATCH CENTER       UNIT NORMAL VECTOR      PATCH            COMPONENTS OF UNIT TANGENT VECTORS
  NO.      X         Y         Z         X       Y       Z       AREA       X1      Y1      Z1       X2      Y2      Z2
    1   0.01875   0.01563   0.00000   0.0000  0.0000  1.0000   0.00117   1.0000  0.0000  0.0000   0.0000  1.0000  0.0000
    2   0.05625   0.01563   0.00000   0.0000  0.0000  1.0000   0.00117   1.0000  0.0000  0.0000   0.0000  1.0000  0.0000
    3   0.09375   0.01563   0.00000   0.0000  0.0000  1.0000   0.00117   1.0000  0.0000  0.0000   0.0000  1.0000  0.0000
    4   0.13125   0.01563   0.00000   0.0000  0.0000  1.0000   0.00117   1.0000  0.0000  0.0000   0.0000  1.0000  0.0000
    5   0.01875   0.04688   0.00000   0.0000  0.0000  1.0000   0.00117   1.0000  0.0000  0.0000   0.0000  1.0000  0.0000
    6   0.05625   0.04688   0.00000   0.0000  0.0000  1.0000   0.00117   1.0000  0.0000  0.0000   0.0000  1.0000  0.0000
    7   0.09375   0.04688   0.00000   0.0000  0.0000  1.0000   0.00117   1.0000  0.0000  0.0000   0.0000  1.0000  0.0000
    8   0.13125   0.04688   0.00000   0.0000  0.0000  1.0000   0.00117   1.0000  0.0000  0.0000   0.0000  1.0000  0.0000
    9   0.01875   0.07813   0.00000   0.0000  0.0000  1.0000   0.00117   1.0000  0.0000  0.0000   0.0000  1.0000  0.0000
   10   0.05625   0.07813   0.00000   0.0000  0.0000  1.0000   0.00117   1.0000  0.0000  0.0000   0.0000  1.0000  0.0000
   11   0.09375   0.07813   0.00000   0.0000  0.0000  1.0000   0.00117   1.0000  0.0000  0.0000   0.0000  1.0000  0.0000
   12   0.13125   0.07813   0.00000   0.0000  0.0000  1.0000   0.00117   1.0000  0.0000  0.0000   0.0000  1.0000  0.0000
   13   0.01875   0.10938   0.00000   0.0000  0.0000  1.0000   0.00117   1.0000  0.0000  0.0000   0.0000  1.0000  0.0000
   14   0.05625   0.10938   0.00000   0.0000  0.0000  1.0000   0.00117   1.0000  0.0000  0.0000   0.0000  1.0000  0.0000
   15   0.09375   0.10938   0.00000   0.0000  0.0000  1.0000   0.00117   1.0000  0.0000  0.0000   0.0000  1.0000  0.0000
   16   0.13125   0.10938   0.00000   0.0000  0.0000  1.0000   0.00117   1.0000  0.0000  0.0000   0.0000  1.0000  0.0000
   17   0.01875   0.14063   0.00000   0.0000  0.0000  1.0000   0.00117   1.0000  0.0000  0.0000   0.0000  1.0000  0.0000
   18   0.05625   0.14063   0.00000   0.0000  0.0000  1.0000   0.00117   1.0000  0.0000  0.0000   0.0000  1.0000  0.0000
   19   0.09375   0.14063   0.00000   0.0000  0.0000  1.0000   0.00117   1.0000  0.0000  0.0000   0.0000  1.0000  0.0000
   20   0.13125   0.14063   0.00000   0.0000  0.0000  1.0000   0.00117   1.0000  0.0000  0.0000   0.0000  1.0000  0.0000
   21   0.01875   0.17188   0.00000   0.0000  0.0000  1.0000   0.00117   1.0000  0.0000  0.0000   0.0000  1.0000  0.0000
   22   0.05625   0.17188   0.00000   0.0000  0.0000  1.0000   0.00117   1.0000  0.0000  0.0000   0.0000  1.0000  0.0000
   23   0.09375   0.17188   0.00000   0.0000  0.0000  1.0000   0.00117   1.0000  0.0000  0.0000   0.0000  1.0000  0.0000
   24   0.13125   0.17188   0.00000   0.0000  0.0000  1.0000   0.00117   1.0000  0.0000  0.0000   0.0000  1.0000  0.0000
   25   0.01875   0.20313   0.00000   0.0000  0.0000  1.0000   0.00117   1.0000  0.0000  0.0000   0.0000  1.0000  0.0000
   26   0.05625   0.20313   0.00000   0.0000  0.0000  1.0000   0.00117   1.0000  0.0000  0.0000   0.0000  1.0000  0.0000
   27   0.09375   0.20313   0.00000   0.0000  0.0000  1.0000   0.00117   1.0000  0.0000  0.0000   0.0000  1.0000  0.0000
   28   0.13125   0.20313   0.00000   0.0000  0.0000  1.0000   0.00117   1.0000  0.0000  0.0000   0.0000  1.0000  0.0000
   29   0.01875   0.23438   0.00000   0.0000  0.0000  1.0000   0.00117   1.0000  0.0000  0.0000   0.0000  1.0000  0.0000
   30   0.05625   0.23438   0.00000   0.0000  0.0000  1.0000   0.00117   1.0000  0.0000  0.0000   0.0000  1.0000  0.0000
   31   0.09375   0.23438   0.00000   0.0000  0.0000  1.0000   0.00117   1.0000  0.0000  0.0000   0.0000  1.0000  0.0000
   32   0.13125   0.23438   0.00000   0.0000  0.0000  1.0000   0.00117   1.0000  0.0000  0.0000   0.0000  1.0000  0.0000
   33   0.01875  -0.01563   0.00000   0.0000  0.0000  1.0000   0.00117   1.0000  0.0000  0.0000   0.0000 -1.0000  0.0000
   34   0.05625  -0.01563   0.00000   0.0000  0.0000  1.0000   0.00117   1.0000  0.0000  0.0000   0.0000 -1.0000  0.0000
   35   0.09375  -0.01563   0.00000   0.0000  0.0000  1.0000   0.00117   1.0000  0.0000  0.0000   0.0000 -1.0000  0.0000
   36   0.13125  -0.01563   0.00000   0.0000  0.0000  1.0000   0.00117   1.0000  0.0000  0.0000   0.0000 -1.0000  0.0000
   37   0.01875  -0.04688   0.00000   0.0000  0.0000  1.0000   0.00117   1.0000  0.0000  0.0000   0.0000 -1.0000  0.0000
   38   0.05625  -0.04688   0.00000   0.0000  0.0000  1.0000   0.00117   1.0000  0.0000  0.0000   0.0000 -1.0000  0.0000
   39   0.09375  -0.04688   0.00000   0.0000  0.0000  1.0000   0.00117   1.0000  0.0000  0.0000   0.0000 -1.0000  0.0000
   40   0.13125  -0.04688   0.00000   0.0000  0.0000  1.0000   0.00117   1.0000  0.0000  0.0000   0.0000 -1.0000  0.0000
   41   0.01875  -0.07813   0.00000   0.0000  0.0000  1.0000   0.00117   1.0000  0.0000  0.0000   0.0000 -1.0000  0.0000
   42   0.05625  -0.07813   0.00000   0.0000  0.0000  1.0000   0.00117   1.0000  0.0000  0.0000   0.0000 -1.0000  0.0000
   43   0.09375  -0.07813   0.00000   0.0000  0.0000  1.0000   0.00117   1.0000  0.0000  0.0000   0.0000 -1.0000  0.0000
   44   0.13125  -0.07813   0.00000   0.0000  0.0000  1.0000   0.00117   1.0000  0.0000  0.0000   0.0000 -1.0000  0.0000
   45   0.01875  -0.10938   0.00000   0.0000  0.0000  1.0000   0.00117   1.0000  0.0000  0.0000   0.0000 -1.0000  0.0000
   46   0.05625  -0.10938   0.00000   0.0000  0.0000  1.0000   0.00117   1.0000  0.0000  0.0000   0.0000 -1.0000  0.0000
   47   0.09375  -0.10938   0.00000   0.0000  0.0000  1.0000   0.00117   1.0000  0.0000  0.0000   0.0000 -1.0000  0.0000
   48   0.13125  -0.10938   0.00000   0.0000  0.0000  1.0000   0.00117   1.0000  0.0000  0.0000   0.0000 -1.0000  0.0000
   49   0.01875  -0.14063   0.00000   0.0000  0.0000  1.0000   0.00117   1.0000  0.0000  0.0000   0.0000 -1.0000  0.0000
   50   0.05625  -0.14063   0.00000   0.0000  0.0000  1.0000   0.00117   1.0000  0.0000  0.0000   0.0000 -1.0000  0.0000
   51   0.09375  -0.14063   0.00000   0.0000  0.0000  1.0000   0.00117   1.0000  0.0000  0.0000   0.0000 -1.0000  0.0000
   52   0.13125  -0.14063   0.00000   0.0000  0.0000  1.0000   0.00117   1.0000  0.0000  0.0000   0.0000 -1.0000  0.0000
   53   0.01875  -0.17188   0.00000   0.0000  0.0000  1.0000   0.00117   1.0000  0.0000  0.0000   0.0000 -1.0000  0.0000
   54   0.05625  -0.17188   0.00000   0.0000  0.0000  1.0000   0.00117   1.0000  0.0000  0.0000   0.0000 -1.0000  0.0000
   55   0.09375  -0.17188   0.00000   0.0000  0.0000  1.0000   0.00117   1.0000  0.0000  0.0000   0.0000 -1.0000  0.0000
   56   0.13125  -0.17188   0.00000   0.0000  0.0000  1.0000   0.00117   1.0000  0.0000  0.0000   0.0000 -1.0000  0.0000
   57   0.01875  -0.20313   0.00000   0.0000  0.0000  1.0000   0.00117   1.0000  0.0000  0.0000   0.0000 -1.0000  0.0000
   58   0.05625  -0.20313   0.00000   0.0000  0.0000  1.0000   0.00117   1.0000  0.0000  0.0000   0.0000 -1.0000  0.0000
   59   0.09375  -0.20313   0.00000   0.0000  0.0000  1.0000   0.00117   1.0000  0.0000  0.0000   0.0000 -1.0000  0.0000
   60   0.13125  -0.20313   0.00000   0.0000  0.0000  1.0000   0.00117   1.0000  0.0000  0.0000   0.0000 -1.0000  0.0000
   61   0.01875  -0.23438   0.00000   0.0000  0.0000  1.0000   0.00117   1.0000  0.0000  0.0000   0.0000 -1.0000  0.0000
   62   0.05625  -0.23438   0.00000   0.0000  0.0000  1.0000   0.00117   1.0000  0.0000  0.0000   0.0000 -1.0000  0.0000
   63   0.09375  -0.23438   0.00000   0.0000  0.0000  1.0000   0.00117   1.0000  0.0000  0.0000   0.0000 -1.0000  0.0000
   64   0.13125  -0.23438   0.00000   0.0000  0.0000  1.0000   0.00117   1.0000  0.0000  0.0000   0.0000 -1.0000  0.0000
   65  -0.01875   0.01563   0.00000   0.0000  0.0000  1.0000   0.00117  -1.0000  0.0000  0.0000   0.0000  1.0000  0.0000
   66  -0.05625   0.01563   0.00000   0.0000  0.0000  1.0000   0.00117  -1.0000  0.0000  0.0000   0.0000  1.0000  0.0000
   67  -0.09375   0.01563   0.00000   0.0000  0.0000  1.0000   0.00117  -1.0000  0.0000  0.0000   0.0000  1.0000  0.0000
   68  -0.13125   0.01563   0.00000   0.0000  0.0000  1.0000   0.00117  -1.0000  0.0000  0.0000   0.0000  1.0000  0.0000
   69  -0.01875   0.04688   0.00000   0.0000  0.0000  1.0000   0.00117  -1.0000  0.0000  0.0000   0.0000  1.0000  0.0000
   70  -0.05625   0.04688   0.00000   0.0000  0.0000  1.0000   0.00117  -1.0000  0.0000  0.0000   0.0000  1.0000  0.0000
   71  -0.09375   0.04688   0.00000   0.0000  0.0000  1.0000   0.00117  -1.0000  0.0000  0.0000   0.0000  1.0000  0.0000
   72  -0.13125   0.04688   0.00000   0.0000  0.0000  1.0000   0.00117  -1.0000  0.0000  0.0000   0.0000  1.0000  0.0000
   73  -0.01875   0.07813   0.00000   0.0000  0.0000  1.0000   0.00117  -1.0000  0.0000  0.0000   0.0000  1.0000  0.0000
   74  -0.05625   0.07813   0.00000   0.0000  0.0000  1.0000   0.00117  -1.0000  0.0000  0.0000   0.0000  1.0000  0.0000
   75  -0.09375   0.07813   0.00000   0.0000  0.0000  1.0000   0.00117  -1.0000  0.0000  0.0000   0.0000  1.0000  0.0000
   76  -0.13125   0.07813   0.00000   0.0000  0.0000  1.0000   0.00117  -1.0000  0.0000  0.0000   0.0000  1.0000  0.0000
   77  -0.01875   0.10938   0.00000   0.0000  0.0000  1.0000   0.00117  -1.0000  0.0000  0.0000   0.0000  1.0000  0.0000
   78  -0.05625   0.10938   0.00000   0.0000  0.0000  1.0000   0.00117  -1.0000  0.0000  0.0000   0.0000  1.0000  0.0000
   79  -0.09375   0.10938   0.00000   0.0000  0.0000  1.0000   0.00117  -1.0000  0.0000  0.0000   0.0000  1.0000  0.0000
   80  -0.13125   0.10938   0.00000   0.0000  0.0000  1.0000   0.00117  -1.0000  0.0000  0.0000   0.0000  1.0000  0.0000
   81  -0.01875   0.14063   0.00000   0.0000  0.0000  1.0000   0.00117  -1.0000  0.0000  0.0000   0.0000  1.0000  0.0000
   82  -0.05625   0.14063   0.00000   0.0000  0.0000  1.0000   0.00117  -1.0000  0.0000  0.0000   0.0000  1.0000  0.0000
   83  -0.09375   0.14063   0.00000   0.0000  0.0000  1.0000   0.00117  -1.0000  0.0000  0.0000   0.0000  1.0000  0.0000
   84  -0.13125   0.14063   0.00000   0.0000  0.0000  1.0000   0.00117  -1.0000  0.0000  0.0000   0.0000  1.0000  0.0000
   85  -0.01875   0.17188   0.00000   0.0000  0.0000  1.0000   0.00117  -1.0000  0.0000  0.0000   0.0000  1.0000  0.0000
   86  -0.05625   0.17188   0.00000   0.0000  0.0000  1.0000   0.00117  -1.0000  0.0000  0.0000   0.0000  1.0000  0.0000
   87  -0.09375   0.17188   0.00000   0.0000  0.0000  1.0000   0.00117  -1.0000  0.0000  0.0000   0.0000  1.0000  0.0000
   88  -0.13125   0.17188   0.00000   0.0000  0.0000  1.0000   0.00117  -1.0000  0.0000  0.0000   0.0000  1.0000  0.0000
   89  -0.01875   0.20313   0.00000   0.0000  0.0000  1.0000   0.00117  -1.0000  0.0000  0.0000   0.0000  1.0000  0.0000
   90  -0.05625   0.20313   0.00000   0.0000  0.0000  1.0000   0.00117  -1.0000  0.0000  0.0000   0.0000  1.0000  0.0000
   91  -0.09375   0.20313   0.00000   0.0000  0.0000  1.0000   0.00117  -1.0000  0.0000  0.0000   0.0000  1.0000  0.0000
   92  -0.13125   0.20313   0.00000   0.0000  0.0000  1.0000   0.00117  -1.0000  0.0000  0.0000   0.0000  1.0000  0.0000
   93  -0.01875   0.23438   0.00000   0.0000  0.0000  1.0000   0.00117  -1.0000  0.0000  0.0000   0.0000  1.0000  0.0000
   94  -0.05625   0.23438   0.00000   0.0000  0.0000  1.0000   0.00117  -1.0000  0.0000  0.0000   0.0000  1.0000  0.0000
   95  -0.09375   0.23438   0.00000   0.0000  0.0000  1.0000   0.00117  -1.0000  0.0000  0.0000   0.0000  1.0000  0.0000
   96  -0.13125   0.23438   0.00000   0.0000  0.0000  1.0000   0.00117  -1.0000  0.0000  0.0000   0.0000  1.0000  0.0000
   97  -0.01875  -0.01563   0.00000   0.0000  0.0000  1.0000   0.00117  -1.0000  0.0000  0.0000   0.0000 -1.0000  0.0000
   98  -0.05625  -0.01563   0.00000   0.0000  0.0000  1.0000   0.00117  -1.0000  0.0000  0.0000   0.0000 -1.0000  0.0000
   99  -0.09375  -0.01563   0.00000   0.0000  0.0000  1.0000   0.00117  -1.0000  0.0000  0.0000   0.0000 -1.0000  0.0000
  100  -0.13125  -0.01563   0.00000   0.0000  0.0000  1.0000   0.00117  -1.0000  0.0000  0.0000   0.0000 -1.0000  0.0000
  101  -0.01875  -0.04688   0.00000   0.0000  0.0000  1.0000   0.00117  -1.0000  0.0000  0.0000   0.0000 -1.0000  0.0000
  102  -0.05625  -0.04688   0.00000   0.0000  0.0000  1.0000   0.00117  -1.0000  0.0000  0.0000   0.0000 -1.0000  0.0000
  103  -0.09375  -0.04688   0.00000   0.0000  0.0000  1.0000   0.00117  -1.0000  0.0000  0.0000   0.0000 -1.0000  0.0000
  104  -0.13125  -0.04688   0.00000   0.0000  0.0000  1.0000   0.00117  -1.0000  0.0000  0.0000   0.0000 -1.0000  0.0000
  105  -0.01875  -0.07813   0.00000   0.0000  0.0000  1.0000   0.00117  -1.0000  0.0000  0.0000   0.0000 -1.0000  0.0000
  106  -0.05625  -0.07813   0.00000   0.0000  0.0000  1.0000   0.00117  -1.0000  0.0000  0.0000   0.0000 -1.0000  0.0000
  107  -0.09375  -0.07813   0.00000   0.0000  0.0000  1.0000   0.00117  -1.0000  0.0000  0.0000   0.0000 -1.0000  0.0000
  108  -0.13125  -0.07813   0.00000   0.0000  0.0000  1.0000   0.00117  -1.0000  0.0000  0.0000   0.0000 -1.0000  0.0000
  109  -0.01875  -0.10938   0.00000   0.0000  0.0000  1.0000   0.00117  -1.0000  0.0000  0.0000   0.0000 -1.0000  0.0000
  110  -0.05625  -0.10938   0.00000   0.0000  0.0000  1.0000   0.00117  -1.0000  0.0000  0.0000   0.0000 -1.0000  0.0000
  111  -0.09375  -0.10938   0.00000   0.0000  0.0000  1.0000   0.00117  -1.0000  0.0000  0.0000   0.0000 -1.0000  0.0000
  112  -0.13125  -0.10938   0.00000   0.0000  0.0000  1.0000   0.00117  -1.0000  0.0000  0.0000   0.0000 -1.0000  0.0000
  113  -0.01875  -0.14063   0.00000   0.0000  0.0000  1.0000   0.00117  -1.0000  0.0000  0.0000   0.0000 -1.0000  0.0000
  114  -0.05625  -0.14063   0.00000   0.0000  0.0000  1.0000   0.00117  -1.0000  0.0000  0.0000   0.0000 -1.0000  0.0000
  115  -0.09375  -0.14063   0.00000   0.0000  0.0000  1.0000   0.00117  -1.0000  0.0000  0.0000   0.0000 -1.0000  0.0000
  116  -0.13125  -0.14063   0.00000   0.0000  0.0000  1.0000   0.00117  -1.0000  0.0000  0.0000   0.0000 -1.0000  0.0000
  117  -0.01875  -0.17188   0.00000   0.0000  0.0000  1.0000   0.00117  -1.0000  0.0000  0.0000   0.0000 -1.0000  0.0000
  118  -0.05625  -0.17188   0.00000   0.0000  0.0000  1.0000   0.00117  -1.0000  0.0000  0.0000   0.0000 -1.0000  0.0000
  119  -0.09375  -0.17188   0.00000   0.0000  0.0000  1.0000   0.00117  -1.0000  0.0000  0.0000   0.0000 -1.0000  0.0000
  120  -0.13125  -0.17188   0.00000   0.0000  0.0000  1.0000   0.00117  -1.0000  0.0000  0.0000   0.0000 -1.0000  0.0000
  121  -0.01875  -0.20313   0.00000   0.0000  0.0000  1.0000   0.00117  -1.0000  0.0000  0.0000   0.0000 -1.0000  0.0000
  122  -0.05625  -0.20313   0.00000   0.0000  0.0000  1.0000   0.00117  -1.0000  0.0000  0.0000   0.0000 -1.0000  0.0000
  123  -0.09375  -0.20313   0.00000   0.0000  0.0000  1.0000   0.00117  -1.0000  0.0000  0.0000   0.0000 -1.0000  0.0000
  124  -0.13125  -0.20313   0.00000   0.0000  0.0000  1.0000   0.00117  -1.0000  0.0000  0.0000   0.0000 -1.0000  0.0000
  125  -0.01875  -0.23438   0.00000   0.0000  0.0000  1.0000   0.00117  -1.0000  0.0000  0.0000   0.0000 -1.0000  0.0000
  126  -0.05625  -0.23438   0.00000   0.0000  0.0000  1.0000   0.00117  -1.0000  0.0000  0.0000   0.0000 -1.0000  0.0000
  127  -0.09375  -0.23438   0.00000   0.0000  0.0000  1.0000   0.00117  -1.0000  0.0000  0.0000   0.0000 -1.0000  0.0000
  128  -0.13125  -0.23438   0.00000   0.0000  0.0000  1.0000   0.00117  -1.0000  0.0000  0.0000   0.0000 -1.0000  0.0000






 ***** DATA CARD NO.  1   FR   0     1     0     0  1.00000E-03  0.00000E+00  0.00000E+00  0.00000E+00  0.00000E+00  0.00000E+00
 ***** DATA CARD NO.  2   TL   0     1     0     6 -3.00000E+02  1.10000E-01  0.00000E+00  0.00000E+00  0.00000E+00  0.00000E+00
 ***** DATA CARD NO.  3   TL   0    41     0    46 -3.00000E+02  1.10000E-01  0.00000E+00  0.00000E+00  0.00000E+00  0.00000E+00
 ***** DATA CARD NO.  4   TL   0    21     0    26 -3.00000E+02  1.10000E-01  0.00000E+00  0.00000E+00  0.00000E+00  0.00000E+00
 ***** DATA CARD NO.  5   TL   0    61     0    66 -3.00000E+02  1.10000E-01  0.00000E+00  0.00000E+00  0.00000E+00  0.00000E+00
 ***** DATA CARD NO.  6   EX   0     0     1     0  1.00000E+00  0.00000E+00  0.00000E+00  0.00000E+00  0.00000E+00  0.00000E+00
 ***** DATA CARD NO.  7   EX   0     0    41     0 -1.00000E+00  0.00000E+00  0.00000E+00  0.00000E+00  0.00000E+00  0.00000E+00
 ***** DATA CARD NO.  8   EX   0     0    21     0  1.00000E+00  0.00000E+00  0.00000E+00  0.00000E+00  0.00000E+00  0.00000E+00
 ***** DATA CARD NO.  9   EX   0     0    61     0 -1.00000E+00  0.00000E+00  0.00000E+00  0.00000E+00  0.00000E+00  0.00000E+00
 ***** DATA CARD NO. 10   LD   5     0     0     0  3.72000E+07  0.00000E+00  0.00000E+00  0.00000E+00  0.00000E+00  0.00000E+00
 ***** DATA CARD NO. 11   PT  -1     0     0     0  0.00000E+00  0.00000E+00  0.00000E+00  0.00000E+00  0.00000E+00  0.00000E+00
 ***** DATA CARD NO. 12   RP   0    37    73  1003 -1.80000E+02  0.00000E+00  5.00000E+00  5.00000E+00  0.00000E+00  0.00000E+00




                                 - - - - - - FREQUENCY - - - - - -

                                    FREQUENCY= 1.0000E-03 MHZ
                                    WAVELENGTH= 2.9980E+05 METERS




                    APPROXIMATE INTEGRATION EMPLOYED FOR SEGMENTS MORE THAN   1.000 WAVELENGTHS APART



                               - - - STRUCTURE IMPEDANCE LOADING - - -


       LOCATION          RESISTANCE   INDUCTANCE  CAPACITANCE       IMPEDANCE (OHMS)     CONDUCTIVITY    TYPE
    ITAG FROM THRU          OHMS        HENRYS       FARADS        REAL      IMAGINARY    MHOS/METER

     ALL                                                                                 3.7200E+07     WIRE  



                                  - - - ANTENNA ENVIRONMENT - - -

                                            FREE SPACE



                                - - - MATRIX TIMING - - -

                        FILL=    0.016 SEC.,  FACTOR=    0.000 SEC.



                                            - - - NETWORK DATA - - -

      - FROM -    - TO -           TRANSMISSION LINE               -  -  SHUNT ADMITTANCES (MHOS)  -  -              LINE
      TAG  SEG.   TAG  SEG.      IMPEDANCE      LENGTH            - END ONE -                 - END TWO -            TYPE
      NO.   NO.   NO.   NO.         OHMS        METERS         REAL          IMAG.         REAL          IMAG.
        1     1     2     6     3.0000E+02    1.1000E-01    0.0000E+00    0.0000E+00    0.0000E+00    0.0000E+00   CROSSED 
       57    41    58    46     3.0000E+02    1.1000E-01    0.0000E+00    0.0000E+00    0.0000E+00    0.0000E+00   CROSSED 
       29    21    30    26     3.0000E+02    1.1000E-01    0.0000E+00    0.0000E+00    0.0000E+00    0.0000E+00   CROSSED 
       85    61    86    66     3.0000E+02    1.1000E-01    0.0000E+00    0.0000E+00    0.0000E+00    0.0000E+00   CROSSED 



                           - - - STRUCTURE EXCITATION DATA AT NETWORK CONNECTION POINTS - - -

   TAG   SEG.    VOLTAGE (VOLTS)         CURRENT (AMPS)         IMPEDANCE (OHMS)        ADMITTANCE (MHOS)      POWER
   NO.   NO.    REAL        IMAG.       REAL        IMAG.       REAL        IMAG.       REAL        IMAG.     (WATTS)
     2     6-1.00000E+00 1.10760E-28-1.52663E-25-5.79350E-11 4.54833E-05-1.72607E+10 1.52663E-25 5.79350E-11 7.63315E-26
    58    46 1.00000E+00-1.10760E-28 1.52663E-25 5.79350E-11 4.54833E-05-1.72607E+10 1.52663E-25 5.79350E-11 7.63315E-26
    30    26-1.00000E+00 1.10760E-28-1.52663E-25-5.79350E-11 4.54833E-05-1.72607E+10 1.52663E-25 5.79350E-11 7.63315E-26
    86    66 1.00000E+00-1.10760E-28 1.52663E-25 5.79350E-11 4.54833E-05-1.72607E+10 1.52663E-25 5.79350E-11 7.63315E-26
     1     1 1.00000E+00 0.00000E+00-1.13520E-23 4.12936E-10-6.65746E-05-2.42168E+09-1.13520E-23 4.12936E-10-5.67601E-24
    57    41-1.00000E+00 0.00000E+00 1.13520E-23-4.12936E-10-6.65746E-05-2.42168E+09-1.13520E-23 4.12936E-10-5.67601E-24
    29    21 1.00000E+00 0.00000E+00-1.13520E-23 4.12936E-10-6.65746E-05-2.42168E+09-1.13520E-23 4.12936E-10-5.67601E-24
    85    61-1.00000E+00 0.00000E+00 1.13520E-23-4.12936E-10-6.65746E-05-2.42168E+09-1.13520E-23 4.12936E-10-5.67601E-24



                                          - - - ANTENNA INPUT PARAMETERS - - -

   TAG   SEG.    VOLTAGE (VOLTS)         CURRENT (AMPS)         IMPEDANCE (OHMS)        ADMITTANCE (MHOS)      POWER
   NO.   NO.    REAL        IMAG.       REAL        IMAG.       REAL        IMAG.       REAL        IMAG.     (WATTS)
     1     1 1.00000E+00 0.00000E+00-1.11919E-23 8.15512E-09-1.68284E-07-1.22622E+08-1.11919E-23 8.15512E-09-5.59594E-24
    57    41-1.00000E+00 0.00000E+00 1.11919E-23-8.15512E-09-1.68284E-07-1.22622E+08-1.11919E-23 8.15512E-09-5.59594E-24
    29    21 1.00000E+00 0.00000E+00-1.11919E-23 8.15512E-09-1.68284E-07-1.22622E+08-1.11919E-23 8.15512E-09-5.59594E-24
    85    61-1.00000E+00 0.00000E+00 1.11919E-23-8.15512E-09-1.68284E-07-1.22622E+08-1.11919E-23 8.15512E-09-5.59594E-24




                                         - - - - SURFACE PATCH CURRENTS - - - -

                                                  DISTANCE IN WAVELENGTHS
                                                  CURRENT IN AMPS/METER

                            - - SURFACE COMPONENTS - -                   - - - RECTANGULAR COMPONENTS - - -
      PATCH CENTER      TANGENT VECTOR 1   TANGENT VECTOR 2           X                   Y                   Z
     X      Y      Z     MAG.       PHASE   MAG.       PHASE    REAL      IMAG.     REAL      IMAG.     REAL      IMAG. 
    1
   0.000  0.000  0.000 1.4620E-04   90.00 2.7327E-17  -90.00 -2.34E-17  1.46E-04  9.04E-31 -2.73E-17  0.00E+00  0.00E+00
    2
   0.000  0.000  0.000 3.5514E-04   90.00 1.6390E-17   90.00 -2.33E-17  3.55E-04 -9.11E-31  1.64E-17  0.00E+00  0.00E+00
    3
   0.000  0.000  0.000 1.5280E-04   90.00 2.1746E-17   90.00 -5.54E-18  1.53E-04 -1.45E-31  2.17E-17  0.00E+00  0.00E+00
    4
   0.000  0.000  0.000 5.8462E-04   90.00 2.4820E-17  -90.00 -5.22E-17  5.85E-04  1.03E-30 -2.48E-17  0.00E+00  0.00E+00
    5
   0.000  0.000  0.000 2.1446E-04   90.00 6.0544E-18   90.00 -2.05E-17  2.14E-04  2.43E-32  6.05E-18  0.00E+00  0.00E+00
    6
   0.000  0.000  0.000 2.7953E-04   90.00 3.8673E-19  -90.00 -1.37E-17  2.80E-04  3.36E-32 -3.87E-19  0.00E+00  0.00E+00
    7
   0.000  0.000  0.000 2.5969E-04   90.00 3.2997E-18  -90.00 -2.01E-17  2.60E-04  9.90E-32 -3.30E-18  0.00E+00  0.00E+00
    8
   0.000  0.000  0.000 1.3318E-04  -90.00 6.1736E-18   90.00 -1.36E-17 -1.33E-04 -3.23E-32  6.17E-18  0.00E+00  0.00E+00
    9
   0.000  0.000  0.000 6.3928E-04  -90.00 2.7424E-19   90.00  2.37E-17 -6.39E-04 -1.91E-32  2.74E-19  0.00E+00  0.00E+00
   10
   0.000  0.000  0.000 4.5588E-04  -90.00 1.3453E-19  -90.00  1.33E-17 -4.56E-04 -4.16E-32 -1.35E-19  0.00E+00  0.00E+00
   11
   0.000  0.000  0.000 3.3725E-04  -90.00 3.0604E-18   90.00  1.26E-17 -3.37E-04 -1.11E-31  3.06E-18  0.00E+00  0.00E+00
   12
   0.000  0.000  0.000 2.4257E-04   90.00 5.1404E-19  -90.00 -1.17E-17  2.43E-04 -8.52E-32 -5.14E-19  0.00E+00  0.00E+00
   13
   0.000  0.000  0.000 8.5756E-04   90.00 2.4588E-32    0.00  2.88E-17  8.58E-04  2.46E-32  2.47E-46  0.00E+00  0.00E+00
   14
   0.000  0.000  0.000 5.3599E-04  -90.00 1.1534E-19   90.00  4.69E-17 -5.36E-04 -1.14E-32  1.15E-19  0.00E+00  0.00E+00
   15
   0.000  0.000  0.000 3.0450E-04  -90.00 5.9664E-20  -90.00  3.31E-17 -3.05E-04  2.36E-32 -5.97E-20  0.00E+00  0.00E+00
   16
   0.000  0.000  0.000 1.6101E-03  -90.00 1.7230E-19  -90.00  1.55E-16 -1.61E-03  1.13E-32 -1.72E-19  0.00E+00  0.00E+00
   17
   0.000  0.000  0.000 1.2289E-03  -90.00 2.3111E-20  -90.00  3.74E-17 -1.23E-03 -1.52E-33 -2.31E-20  0.00E+00  0.00E+00
   18
   0.000  0.000  0.000 1.8461E-04   90.00 1.8516E-20  -90.00 -8.10E-18  1.85E-04 -3.20E-34 -1.85E-20  0.00E+00  0.00E+00
   19
   0.000  0.000  0.000 2.4447E-04   90.00 2.9628E-20  -90.00 -1.40E-17  2.44E-04  7.52E-34 -2.96E-20  0.00E+00  0.00E+00
   20
   0.000  0.000  0.000 6.3515E-04   90.00 2.6378E-62    0.00 -2.89E-17  6.35E-04  2.64E-62 -1.38E-76  0.00E+00  0.00E+00
   21
   0.000  0.000  0.000 3.3206E-05   90.00 1.8095E-62    0.00 -7.89E-18  3.32E-05  1.81E-62 -4.24E-76  0.00E+00  0.00E+00
   22
   0.000  0.000  0.000 4.3967E-06  -90.00 0.0000E+00    0.00 -5.46E-18 -4.40E-06  0.00E+00  0.00E+00  0.00E+00  0.00E+00
   23
   0.000  0.000  0.000 8.2916E-05   90.00 0.0000E+00    0.00 -5.84E-18  8.29E-05  0.00E+00  0.00E+00  0.00E+00  0.00E+00
   24
   0.000  0.000  0.000 1.3538E-04  -90.00 0.0000E+00    0.00 -2.18E-19 -1.35E-04  0.00E+00  0.00E+00  0.00E+00  0.00E+00
   25
   0.000  0.000  0.000 9.6982E-04   90.00 1.1068E-20  -90.00 -3.41E-17  9.70E-04  1.21E-33 -1.11E-20  0.00E+00  0.00E+00
   26
   0.000  0.000  0.000 6.4625E-05   90.00 6.1959E-21  -90.00 -5.95E-18  6.46E-05  1.80E-33 -6.20E-21  0.00E+00  0.00E+00
   27
   0.000  0.000  0.000 1.6416E-04  -90.00 3.1219E-63  180.00  2.45E-18 -1.64E-04 -3.12E-63  2.43E-76  0.00E+00  0.00E+00
   28
   0.000  0.000  0.000 8.7346E-05   90.00 0.0000E+00    0.00 -4.49E-18  8.73E-05  0.00E+00  0.00E+00  0.00E+00  0.00E+00
   29
   0.000  0.000  0.000 3.7592E-04  -90.00 0.0000E+00    0.00 -9.20E-18 -3.76E-04  0.00E+00  0.00E+00  0.00E+00  0.00E+00
   30
   0.000  0.000  0.000 2.2254E-04   90.00 0.0000E+00    0.00 -8.26E-18  2.23E-04  0.00E+00  0.00E+00  0.00E+00  0.00E+00
   31
   0.000  0.000  0.000 1.2618E-04   90.00 0.0000E+00    0.00 -6.67E-18  1.26E-04  0.00E+00  0.00E+00  0.00E+00  0.00E+00
   32
   0.000  0.000  0.000 3.8475E-04   90.00 0.0000E+00    0.00 -5.69E-17  3.85E-04  0.00E+00  0.00E+00  0.00E+00  0.00E+00
   33
   0.000  0.000  0.000 1.4620E-04   90.00 2.7327E-17  -90.00 -2.34E-17  1.46E-04 -9.04E-31  2.73E-17  0.00E+00  0.00E+00
   34
   0.000  0.000  0.000 3.5514E-04   90.00 1.6390E-17   90.00 -2.33E-17  3.55E-04  9.11E-31 -1.64E-17  0.00E+00  0.00E+00
   35
   0.000  0.000  0.000 1.5280E-04   90.00 2.1746E-17   90.00 -5.54E-18  1.53E-04  1.45E-31 -2.17E-17  0.00E+00  0.00E+00
   36
   0.000  0.000  0.000 5.8462E-04   90.00 2.4820E-17  -90.00 -5.22E-17  5.85E-04 -1.03E-30  2.48E-17  0.00E+00  0.00E+00
   37
   0.000  0.000  0.000 2.1446E-04   90.00 6.0544E-18   90.00 -2.05E-17  2.14E-04 -2.43E-32 -6.05E-18  0.00E+00  0.00E+00
   38
   0.000  0.000  0.000 2.7953E-04   90.00 3.8673E-19  -90.00 -1.37E-17  2.80E-04 -3.36E-32  3.87E-19  0.00E+00  0.00E+00
   39
   0.000  0.000  0.000 2.5969E-04   90.00 3.2997E-18  -90.00 -2.01E-17  2.60E-04 -9.90E-32  3.30E-18  0.00E+00  0.00E+00
   40
   0.000  0.000  0.000 1.3318E-04  -90.00 6.1736E-18   90.00 -1.36E-17 -1.33E-04  3.23E-32 -6.17E-18  0.00E+00  0.00E+00
   41
   0.000  0.000  0.000 6.3928E-04  -90.00 2.7424E-19   90.00  2.37E-17 -6.39E-04  1.91E-32 -2.74E-19  0.00E+00  0.00E+00
   42
   0.000  0.000  0.000 4.5588E-04  -90.00 1.3453E-19  -90.00  1.33E-17 -4.56E-04  4.16E-32  1.35E-19  0.00E+00  0.00E+00
   43
   0.000  0.000  0.000 3.3725E-04  -90.00 3.0604E-18   90.00  1.26E-17 -3.37E-04  1.11E-31 -3.06E-18  0.00E+00  0.00E+00
   44
   0.000  0.000  0.000 2.4257E-04   90.00 5.1404E-19  -90.00 -1.17E-17  2.43E-04  8.52E-32  5.14E-19  0.00E+00  0.00E+00
   45
   0.000  0.000  0.000 8.5756E-04   90.00 2.4588E-32    0.00  2.88E-17  8.58E-04 -2.46E-32 -2.47E-46  0.00E+00  0.00E+00
   46
   0.000  0.000  0.000 5.3599E-04  -90.00 1.1534E-19   90.00  4.69E-17 -5.36E-04  1.14E-32 -1.15E-19  0.00E+00  0.00E+00
   47
   0.000  0.000  0.000 3.0450E-04  -90.00 5.9664E-20  -90.00  3.31E-17 -3.05E-04 -2.36E-32  5.97E-20  0.00E+00  0.00E+00
   48
   0.000  0.000  0.000 1.6101E-03  -90.00 1.7230E-19  -90.00  1.55E-16 -1.61E-03 -1.13E-32  1.72E-19  0.00E+00  0.00E+00
   49
   0.000  0.000  0.000 1.2289E-03  -90.00 2.3111E-20  -90.00  3.74E-17 -1.23E-03  1.52E-33  2.31E-20  0.00E+00  0.00E+00
   50
   0.000  0.000  0.000 1.8461E-04   90.00 1.8516E-20  -90.00 -8.10E-18  1.85E-04  3.20E-34  1.85E-20  0.00E+00  0.00E+00
   51
   0.000  0.000  0.000 2.4447E-04   90.00 2.9628E-20  -90.00 -1.40E-17  2.44E-04 -7.52E-34  2.96E-20  0.00E+00  0.00E+00
   52
   0.000  0.000  0.000 6.3515E-04   90.00 2.6378E-62  180.00 -2.89E-17  6.35E-04  2.64E-62 -1.38E-76  0.00E+00  0.00E+00
   53
   0.000  0.000  0.000 3.3206E-05   90.00 1.8095E-62  180.00 -7.89E-18  3.32E-05  1.81E-62 -4.24E-76  0.00E+00  0.00E+00
   54
   0.000  0.000  0.000 4.3967E-06  -90.00 0.0000E+00    0.00 -5.46E-18 -4.40E-06  0.00E+00  0.00E+00  0.00E+00  0.00E+00
   55
   0.000  0.000  0.000 8.2916E-05   90.00 0.0000E+00    0.00 -5.84E-18  8.29E-05  0.00E+00  0.00E+00  0.00E+00  0.00E+00
   56
   0.000  0.000  0.000 1.3538E-04  -90.00 0.0000E+00    0.00 -2.18E-19 -1.35E-04  0.00E+00  0.00E+00  0.00E+00  0.00E+00
   57
   0.000  0.000  0.000 9.6982E-04   90.00 1.1068E-20  -90.00 -3.41E-17  9.70E-04 -1.21E-33  1.11E-20  0.00E+00  0.00E+00
   58
   0.000  0.000  0.000 6.4625E-05   90.00 6.1959E-21  -90.00 -5.95E-18  6.46E-05 -1.80E-33  6.20E-21  0.00E+00  0.00E+00
   59
   0.000  0.000  0.000 1.6416E-04  -90.00 3.1219E-63    0.00  2.45E-18 -1.64E-04 -3.12E-63  2.43E-76  0.00E+00  0.00E+00
   60
   0.000  0.000  0.000 8.7346E-05   90.00 0.0000E+00    0.00 -4.49E-18  8.73E-05  0.00E+00  0.00E+00  0.00E+00  0.00E+00
   61
   0.000  0.000  0.000 3.7592E-04  -90.00 0.0000E+00    0.00 -9.20E-18 -3.76E-04  0.00E+00  0.00E+00  0.00E+00  0.00E+00
   62
   0.000  0.000  0.000 2.2254E-04   90.00 0.0000E+00    0.00 -8.26E-18  2.23E-04  0.00E+00  0.00E+00  0.00E+00  0.00E+00
   63
   0.000  0.000  0.000 1.2618E-04   90.00 0.0000E+00    0.00 -6.67E-18  1.26E-04  0.00E+00  0.00E+00  0.00E+00  0.00E+00
   64
   0.000  0.000  0.000 3.8475E-04   90.00 0.0000E+00    0.00 -5.69E-17  3.85E-04  0.00E+00  0.00E+00  0.00E+00  0.00E+00
   65
   0.000  0.000  0.000 1.4620E-04  -90.00 2.7327E-17   90.00 -2.34E-17  1.46E-04 -9.04E-31  2.73E-17  0.00E+00  0.00E+00
   66
   0.000  0.000  0.000 3.5514E-04  -90.00 1.6390E-17  -90.00 -2.33E-17  3.55E-04  9.11E-31 -1.64E-17  0.00E+00  0.00E+00
   67
   0.000  0.000  0.000 1.5280E-04  -90.00 2.1746E-17  -90.00 -5.54E-18  1.53E-04  1.45E-31 -2.17E-17  0.00E+00  0.00E+00
   68
   0.000  0.000  0.000 5.8462E-04  -90.00 2.4820E-17   90.00 -5.22E-17  5.85E-04 -1.03E-30  2.48E-17  0.00E+00  0.00E+00
   69
   0.000  0.000  0.000 2.1446E-04  -90.00 6.0544E-18  -90.00 -2.05E-17  2.14E-04 -2.43E-32 -6.05E-18  0.00E+00  0.00E+00
   70
   0.000  0.000  0.000 2.7953E-04  -90.00 3.8673E-19   90.00 -1.37E-17  2.80E-04 -3.36E-32  3.87E-19  0.00E+00  0.00E+00
   71
   0.000  0.000  0.000 2.5969E-04  -90.00 3.2997E-18   90.00 -2.01E-17  2.60E-04 -9.90E-32  3.30E-18  0.00E+00  0.00E+00
   72
   0.000  0.000  0.000 1.3318E-04   90.00 6.1736E-18  -90.00 -1.36E-17 -1.33E-04  3.23E-32 -6.17E-18  0.00E+00  0.00E+00
   73
   0.000  0.000  0.000 6.3928E-04   90.00 2.7424E-19  -90.00  2.37E-17 -6.39E-04  1.91E-32 -2.74E-19  0.00E+00  0.00E+00
   74
   0.000  0.000  0.000 4.5588E-04   90.00 1.3453E-19   90.00  1.33E-17 -4.56E-04  4.16E-32  1.35E-19  0.00E+00  0.00E+00
   75
   0.000  0.000  0.000 3.3725E-04   90.00 3.0604E-18  -90.00  1.26E-17 -3.37E-04  1.11E-31 -3.06E-18  0.00E+00  0.00E+00
   76
   0.000  0.000  0.000 2.4257E-04  -90.00 5.1404E-19   90.00 -1.17E-17  2.43E-04  8.52E-32  5.14E-19  0.00E+00  0.00E+00
   77
   0.000  0.000  0.000 8.5756E-04  -90.00 2.4588E-32 -180.00  2.88E-17  8.58E-04 -2.46E-32 -2.47E-46  0.00E+00  0.00E+00
   78
   0.000  0.000  0.000 5.3599E-04   90.00 1.1534E-19  -90.00  4.69E-17 -5.36E-04  1.14E-32 -1.15E-19  0.00E+00  0.00E+00
   79
   0.000  0.000  0.000 3.0450E-04   90.00 5.9664E-20   90.00  3.31E-17 -3.05E-04 -2.36E-32  5.97E-20  0.00E+00  0.00E+00
   80
   0.000  0.000  0.000 1.6101E-03   90.00 1.7230E-19   90.00  1.55E-16 -1.61E-03 -1.13E-32  1.72E-19  0.00E+00  0.00E+00
   81
   0.000  0.000  0.000 1.2289E-03   90.00 2.3111E-20   90.00  3.74E-17 -1.23E-03  1.52E-33  2.31E-20  0.00E+00  0.00E+00
   82
   0.000  0.000  0.000 1.8461E-04  -90.00 1.8516E-20   90.00 -8.10E-18  1.85E-04  3.20E-34  1.85E-20  0.00E+00  0.00E+00
   83
   0.000  0.000  0.000 2.4447E-04  -90.00 2.9628E-20   90.00 -1.40E-17  2.44E-04 -7.52E-34  2.96E-20  0.00E+00  0.00E+00
   84
   0.000  0.000  0.000 6.3515E-04  -90.00 2.6378E-62  180.00 -2.89E-17  6.35E-04 -2.64E-62  1.38E-76  0.00E+00  0.00E+00
   85
   0.000  0.000  0.000 3.3206E-05  -90.00 1.8095E-62    0.00 -7.89E-18  3.32E-05  1.81E-62 -4.24E-76  0.00E+00  0.00E+00
   86
   0.000  0.000  0.000 4.3967E-06   90.00 0.0000E+00    0.00 -5.46E-18 -4.40E-06  0.00E+00  0.00E+00  0.00E+00  0.00E+00
   87
   0.000  0.000  0.000 8.2916E-05  -90.00 0.0000E+00    0.00 -5.84E-18  8.29E-05  0.00E+00  0.00E+00  0.00E+00  0.00E+00
   88
   0.000  0.000  0.000 1.3538E-04   90.00 0.0000E+00    0.00 -2.18E-19 -1.35E-04  0.00E+00  0.00E+00  0.00E+00  0.00E+00
   89
   0.000  0.000  0.000 9.6982E-04  -90.00 1.1068E-20   90.00 -3.41E-17  9.70E-04 -1.21E-33  1.11E-20  0.00E+00  0.00E+00
   90
   0.000  0.000  0.000 6.4625E-05  -90.00 6.1959E-21   90.00 -5.95E-18  6.46E-05 -1.80E-33  6.20E-21  0.00E+00  0.00E+00
   91
   0.000  0.000  0.000 1.6416E-04   90.00 2.3253E-63 -180.00  2.45E-18 -1.64E-04 -2.33E-63 -8.97E-76  0.00E+00  0.00E+00
   92
   0.000  0.000  0.000 8.7346E-05  -90.00 0.0000E+00    0.00 -4.49E-18  8.73E-05  0.00E+00  0.00E+00  0.00E+00  0.00E+00
   93
   0.000  0.000  0.000 3.7592E-04   90.00 0.0000E+00    0.00 -9.20E-18 -3.76E-04  0.00E+00  0.00E+00  0.00E+00  0.00E+00
   94
   0.000  0.000  0.000 2.2254E-04  -90.00 0.0000E+00    0.00 -8.26E-18  2.23E-04  0.00E+00  0.00E+00  0.00E+00  0.00E+00
   95
   0.000  0.000  0.000 1.2618E-04  -90.00 0.0000E+00    0.00 -6.67E-18  1.26E-04  0.00E+00  0.00E+00  0.00E+00  0.00E+00
   96
   0.000  0.000  0.000 3.8475E-04  -90.00 0.0000E+00    0.00 -5.69E-17  3.85E-04  0.00E+00  0.00E+00  0.00E+00  0.00E+00
   97
   0.000  0.000  0.000 1.4620E-04  -90.00 2.7327E-17   90.00 -2.34E-17  1.46E-04  9.04E-31 -2.73E-17  0.00E+00  0.00E+00
   98
   0.000  0.000  0.000 3.5514E-04  -90.00 1.6390E-17  -90.00 -2.33E-17  3.55E-04 -9.11E-31  1.64E-17  0.00E+00  0.00E+00
   99
   0.000  0.000  0.000 1.5280E-04  -90.00 2.1746E-17  -90.00 -5.54E-18  1.53E-04 -1.45E-31  2.17E-17  0.00E+00  0.00E+00
  100
   0.000  0.000  0.000 5.8462E-04  -90.00 2.4820E-17   90.00 -5.22E-17  5.85E-04  1.03E-30 -2.48E-17  0.00E+00  0.00E+00
  101
   0.000  0.000  0.000 2.1446E-04  -90.00 6.0544E-18  -90.00 -2.05E-17  2.14E-04  2.43E-32  6.05E-18  0.00E+00  0.00E+00
  102
   0.000  0.000  0.000 2.7953E-04  -90.00 3.8673E-19   90.00 -1.37E-17  2.80E-04  3.36E-32 -3.87E-19  0.00E+00  0.00E+00
  103
   0.000  0.000  0.000 2.5969E-04  -90.00 3.2997E-18   90.00 -2.01E-17  2.60E-04  9.90E-32 -3.30E-18  0.00E+00  0.00E+00
  104
   0.000  0.000  0.000 1.3318E-04   90.00 6.1736E-18  -90.00 -1.36E-17 -1.33E-04 -3.23E-32  6.17E-18  0.00E+00  0.00E+00
  105
   0.000  0.000  0.000 6.3928E-04   90.00 2.7424E-19  -90.00  2.37E-17 -6.39E-04 -1.91E-32  2.74E-19  0.00E+00  0.00E+00
  106
   0.000  0.000  0.000 4.5588E-04   90.00 1.3453E-19   90.00  1.33E-17 -4.56E-04 -4.16E-32 -1.35E-19  0.00E+00  0.00E+00
  107
   0.000  0.000  0.000 3.3725E-04   90.00 3.0604E-18  -90.00  1.26E-17 -3.37E-04 -1.11E-31  3.06E-18  0.00E+00  0.00E+00
  108
   0.000  0.000  0.000 2.4257E-04  -90.00 5.1404E-19   90.00 -1.17E-17  2.43E-04 -8.52E-32 -5.14E-19  0.00E+00  0.00E+00
  109
   0.000  0.000  0.000 8.5756E-04  -90.00 2.4588E-32 -180.00  2.88E-17  8.58E-04  2.46E-32  2.47E-46  0.00E+00  0.00E+00
  110
   0.000  0.000  0.000 5.3599E-04   90.00 1.1534E-19  -90.00  4.69E-17 -5.36E-04 -1.14E-32  1.15E-19  0.00E+00  0.00E+00
  111
   0.000  0.000  0.000 3.0450E-04   90.00 5.9664E-20   90.00  3.31E-17 -3.05E-04  2.36E-32 -5.97E-20  0.00E+00  0.00E+00
  112
   0.000  0.000  0.000 1.6101E-03   90.00 1.7230E-19   90.00  1.55E-16 -1.61E-03  1.13E-32 -1.72E-19  0.00E+00  0.00E+00
  113
   0.000  0.000  0.000 1.2289E-03   90.00 2.3111E-20   90.00  3.74E-17 -1.23E-03 -1.52E-33 -2.31E-20  0.00E+00  0.00E+00
  114
   0.000  0.000  0.000 1.8461E-04  -90.00 1.8516E-20   90.00 -8.10E-18  1.85E-04 -3.20E-34 -1.85E-20  0.00E+00  0.00E+00
  115
   0.000  0.000  0.000 2.4447E-04  -90.00 2.9628E-20   90.00 -1.40E-17  2.44E-04  7.52E-34 -2.96E-20  0.00E+00  0.00E+00
  116
   0.000  0.000  0.000 6.3515E-04  -90.00 2.6378E-62    0.00 -2.89E-17  6.35E-04 -2.64E-62  1.38E-76  0.00E+00  0.00E+00
  117
   0.000  0.000  0.000 3.3206E-05  -90.00 1.8095E-62  180.00 -7.89E-18  3.32E-05  1.81E-62 -4.24E-76  0.00E+00  0.00E+00
  118
   0.000  0.000  0.000 4.3967E-06   90.00 0.0000E+00    0.00 -5.46E-18 -4.40E-06  0.00E+00  0.00E+00  0.00E+00  0.00E+00
  119
   0.000  0.000  0.000 8.2916E-05  -90.00 0.0000E+00    0.00 -5.84E-18  8.29E-05  0.00E+00  0.00E+00  0.00E+00  0.00E+00
  120
   0.000  0.000  0.000 1.3538E-04   90.00 0.0000E+00    0.00 -2.18E-19 -1.35E-04  0.00E+00  0.00E+00  0.00E+00  0.00E+00
  121
   0.000  0.000  0.000 9.6982E-04  -90.00 1.1068E-20   90.00 -3.41E-17  9.70E-04  1.21E-33 -1.11E-20  0.00E+00  0.00E+00
  122
   0.000  0.000  0.000 6.4625E-05  -90.00 6.1959E-21   90.00 -5.95E-18  6.46E-05  1.80E-33 -6.20E-21  0.00E+00  0.00E+00
  123
   0.000  0.000  0.000 1.6416E-04   90.00 2.3253E-63    0.00  2.45E-18 -1.64E-04 -2.33E-63 -8.97E-76  0.00E+00  0.00E+00
  124
   0.000  0.000  0.000 8.7346E-05  -90.00 0.0000E+00    0.00 -4.49E-18  8.73E-05  0.00E+00  0.00E+00  0.00E+00  0.00E+00
  125
   0.000  0.000  0.000 3.7592E-04   90.00 0.0000E+00    0.00 -9.20E-18 -3.76E-04  0.00E+00  0.00E+00  0.00E+00  0.00E+00
  126
   0.000  0.000  0.000 2.2254E-04  -90.00 0.0000E+00    0.00 -8.26E-18  2.23E-04  0.00E+00  0.00E+00  0.00E+00  0.00E+00
  127
   0.000  0.000  0.000 1.2618E-04  -90.00 0.0000E+00    0.00 -6.67E-18  1.26E-04  0.00E+00  0.00E+00  0.00E+00  0.00E+00
  128
   0.000  0.000  0.000 3.8475E-04  -90.00 0.0000E+00    0.00 -5.69E-17  3.85E-04  0.00E+00  0.00E+00  0.00E+00  0.00E+00



                                        - - - POWER BUDGET - - -

                                           INPUT POWER   =-2.2384E-23 WATTS
                                           RADIATED POWER=-1.1261E-22 WATTS
                                           STRUCTURE LOSS= 9.0208E-23 WATTS
                                           NETWORK LOSS  = 1.4968E-26 WATTS
                                           EFFICIENCY    = 503.07 PERCENT



                                                - - - RADIATION PATTERNS - - -

  - - ANGLES - -           - POWER GAINS -       - - - POLARIZATION - - -    - - - E(THETA) - - -    - - - E(PHI) - - -
  THETA     PHI        VERT.   HOR.    TOTAL      AXIAL     TILT   SENSE     MAGNITUDE    PHASE      MAGNITUDE    PHASE 
 DEGREES  DEGREES       DB      DB      DB        RATIO     DEG.              VOLTS/M    DEGREES      VOLTS/M    DEGREES
 -180.00     0.00    -999.99 -999.99 -999.99    0.00000     0.00            5.98391E-10  -180.00    1.45754E-39  -180.00
 -175.00     0.00    -999.99 -999.99 -999.99    0.00000     0.00            5.96114E-10  -180.00    1.35355E-39  -180.00
 -170.00     0.00    -999.99 -999.99 -999.99    0.00000     0.00            5.89300E-10  -180.00    2.02264E-40     0.00
 -165.00     0.00    -999.99 -999.99 -999.99    0.00000     0.00            5.78001E-10  -180.00    1.94976E-40     0.00
 -160.00     0.00    -999.99 -999.99 -999.99    0.00000     0.00            5.62304E-10  -180.00    9.70047E-40  -180.00
 -155.00     0.00    -999.99 -999.99 -999.99    0.00000     0.00            5.42326E-10  -180.00    4.23804E-40     0.00
 -150.00     0.00    -999.99 -999.99 -999.99    0.00000     0.00            5.18222E-10  -180.00    6.28403E-40     0.00
 -145.00     0.00    -999.99 -999.99 -999.99    0.00000     0.00            4.90173E-10  -180.00    5.09532E-40  -180.00
 -140.00     0.00    -999.99 -999.99 -999.99    0.00000     0.00            4.58394E-10  -180.00    1.32727E-39  -180.00
 -135.00     0.00    -999.99 -999.99 -999.99    0.00000     0.00            4.23126E-10  -180.00    1.34269E-39     0.00
 -130.00     0.00    -999.99 -999.99 -999.99    0.00000     0.00            3.84638E-10  -180.00    6.05073E-40     0.00
 -125.00     0.00    -999.99 -999.99 -999.99    0.00000     0.00            3.43223E-10  -180.00    8.52586E-40  -180.00
 -120.00     0.00    -999.99 -999.99 -999.99    0.00000     0.00            2.99195E-10  -180.00    5.51247E-40  -180.00
 -115.00     0.00    -999.99 -999.99 -999.99    0.00000     0.00            2.52891E-10  -180.00    2.95330E-40   180.00
 -110.00     0.00    -999.99 -999.99 -999.99    0.00000     0.00            2.04662E-10  -180.00    7.33448E-41  -180.00
 -105.00     0.00    -999.99 -999.99 -999.99    0.00000     0.00            1.54875E-10  -180.00    3.30287E-40  -180.00
 -100.00     0.00    -999.99 -999.99 -999.99    0.00000     0.00            1.03909E-10  -180.00    3.98389E-40     0.00
  -95.00     0.00    -999.99 -999.99 -999.99    0.00000     0.00            5.21532E-11  -180.00    2.95946E-40   180.00
  -90.00     0.00    -999.99 -999.99 -999.99    0.00000     0.00            3.05384E-21  -180.00    1.26482E-39     0.00
  -85.00     0.00    -999.99 -999.99 -999.99    0.00000     0.00            5.21532E-11     0.00    2.95946E-40  -180.00
  -80.00     0.00    -999.99 -999.99 -999.99    0.00000     0.00            1.03909E-10     0.00    3.98389E-40     0.00
  -75.00     0.00    -999.99 -999.99 -999.99    0.00000     0.00            1.54875E-10     0.00    3.30287E-40  -180.00
  -70.00     0.00    -999.99 -999.99 -999.99    0.00000     0.00            2.04662E-10     0.00    7.33448E-41  -180.00
  -65.00     0.00    -999.99 -999.99 -999.99    0.00000     0.00            2.52891E-10     0.00    2.95330E-40  -180.00
  -60.00     0.00    -999.99 -999.99 -999.99    0.00000     0.00            2.99195E-10     0.00    5.51247E-40   180.00
  -55.00     0.00    -999.99 -999.99 -999.99    0.00000     0.00            3.43223E-10     0.00    8.52586E-40  -180.00
  -50.00     0.00    -999.99 -999.99 -999.99    0.00000     0.00            3.84638E-10     0.00    6.05073E-40     0.00
  -45.00     0.00    -999.99 -999.99 -999.99    0.00000     0.00            4.23126E-10     0.00    1.34269E-39     0.00
  -40.00     0.00    -999.99 -999.99 -999.99    0.00000     0.00            4.58394E-10     0.00    1.32727E-39  -180.00
  -35.00     0.00    -999.99 -999.99 -999.99    0.00000     0.00            4.90173E-10     0.00    5.09532E-40   180.00
  -30.00     0.00    -999.99 -999.99 -999.99    0.00000     0.00            5.18222E-10     0.00    6.28403E-40     0.00
  -25.00     0.00    -999.99 -999.99 -999.99    0.00000     0.00            5.42326E-10     0.00    4.23804E-40     0.00
  -20.00     0.00    -999.99 -999.99 -999.99    0.00000     0.00            5.62303E-10     0.00    9.70047E-40  -180.00
  -15.00     0.00    -999.99 -999.99 -999.99    0.00000     0.00            5.78001E-10     0.00    1.94976E-40     0.00
  -10.00     0.00    -999.99 -999.99 -999.99    0.00000     0.00            5.89300E-10     0.00    2.02264E-40     0.00
   -5.00     0.00    -999.99 -999.99 -999.99    0.00000     0.00            5.96114E-10     0.00    1.35355E-39  -180.00
    0.00     0.00    -999.99 -999.99 -999.99    0.00000     0.00            5.98391E-10     0.00    1.45754E-39   180.00
 -180.00     5.00    -999.99 -999.99 -999.99    0.00000     0.00            5.96114E-10  -180.00    5.21532E-11  -180.00
 -175.00     5.00    -999.99 -999.99 -999.99    0.00000     0.00            5.93845E-10  -180.00    5.21532E-11  -180.00
 -170.00     5.00    -999.99 -999.99 -999.99    0.00000     0.00            5.87057E-10  -180.00    5.21532E-11  -180.00
 -165.00     5.00    -999.99 -999.99 -999.99    0.00000     0.00            5.75802E-10  -180.00    5.21532E-11  -180.00
 -160.00     5.00    -999.99 -999.99 -999.99    0.00000     0.00            5.60164E-10  -180.00    5.21532E-11  -180.00
 -155.00     5.00    -999.99 -999.99 -999.99    0.00000     0.00            5.40262E-10  -180.00    5.21532E-11  -180.00
 -150.00     5.00    -999.99 -999.99 -999.99    0.00000     0.00            5.16250E-10  -180.00    5.21532E-11  -180.00
 -145.00     5.00    -999.99 -999.99 -999.99    0.00000     0.00            4.88308E-10  -180.00    5.21532E-11  -180.00
 -140.00     5.00    -999.99 -999.99 -999.99    0.00000     0.00            4.56650E-10  -180.00    5.21532E-11  -180.00
 -135.00     5.00    -999.99 -999.99 -999.99    0.00000     0.00            4.21516E-10  -180.00    5.21532E-11  -180.00
 -130.00     5.00    -999.99 -999.99 -999.99    0.00000     0.00            3.83175E-10  -180.00    5.21532E-11  -180.00
 -125.00     5.00    -999.99 -999.99 -999.99    0.00000     0.00            3.41917E-10  -180.00    5.21532E-11  -180.00
 -120.00     5.00    -999.99 -999.99 -999.99    0.00000     0.00            2.98057E-10  -180.00    5.21532E-11  -180.00
 -115.00     5.00    -999.99 -999.99 -999.99    0.00000     0.00            2.51929E-10  -180.00    5.21532E-11  -180.00
 -110.00     5.00    -999.99 -999.99 -999.99    0.00000     0.00            2.03883E-10  -180.00    5.21532E-11  -180.00
 -105.00     5.00    -999.99 -999.99 -999.99    0.00000     0.00            1.54286E-10  -180.00    5.21532E-11  -180.00
 -100.00     5.00    -999.99 -999.99 -999.99    0.00000     0.00            1.03514E-10  -180.00    5.21532E-11  -180.00
  -95.00     5.00    -999.99 -999.99 -999.99    0.00000     0.00            5.19547E-11  -180.00    5.21532E-11  -180.00
  -90.00     5.00    -999.99 -999.99 -999.99    0.00000     0.00            3.04221E-21  -180.00    5.21532E-11  -180.00
  -85.00     5.00    -999.99 -999.99 -999.99    0.00000     0.00            5.19547E-11     0.00    5.21532E-11   180.00
  -80.00     5.00    -999.99 -999.99 -999.99    0.00000     0.00            1.03514E-10     0.00    5.21532E-11   180.00
  -75.00     5.00    -999.99 -999.99 -999.99    0.00000     0.00            1.54286E-10     0.00    5.21532E-11   180.00
  -70.00     5.00    -999.99 -999.99 -999.99    0.00000     0.00            2.03883E-10     0.00    5.21532E-11   180.00
  -65.00     5.00    -999.99 -999.99 -999.99    0.00000     0.00            2.51929E-10     0.00    5.21532E-11   180.00
  -60.00     5.00    -999.99 -999.99 -999.99    0.00000     0.00            2.98057E-10     0.00    5.21532E-11   180.00
  -55.00     5.00    -999.99 -999.99 -999.99    0.00000     0.00            3.41917E-10     0.00    5.21532E-11   180.00
  -50.00     5.00    -999.99 -999.99 -999.99    0.00000     0.00            3.83175E-10     0.00    5.21532E-11   180.00
  -45.00     5.00    -999.99 -999.99 -999.99    0.00000     0.00            4.21516E-10     0.00    5.21532E-11   180.00
  -40.00     5.00    -999.99 -999.99 -999.99    0.00000     0.00            4.56650E-10     0.00    5.21532E-11   180.00
  -35.00     5.00    -999.99 -999.99 -999.99    0.00000     0.00            4.88308E-10     0.00    5.21532E-11   180.00
  -30.00     5.00    -999.99 -999.99 -999.99    0.00000     0.00            5.16250E-10     0.00    5.21532E-11   180.00
  -25.00     5.00    -999.99 -999.99 -999.99    0.00000     0.00            5.40262E-10     0.00    5.21532E-11   180.00
  -20.00     5.00    -999.99 -999.99 -999.99    0.00000     0.00            5.60164E-10     0.00    5.21532E-11   180.00
  -15.00     5.00    -999.99 -999.99 -999.99    0.00000     0.00            5.75802E-10     0.00    5.21532E-11   180.00
  -10.00     5.00    -999.99 -999.99 -999.99    0.00000     0.00            5.87057E-10     0.00    5.21532E-11   180.00
   -5.00     5.00    -999.99 -999.99 -999.99    0.00000     0.00            5.93845E-10     0.00    5.21532E-11   180.00
    0.00     5.00    -999.99 -999.99 -999.99    0.00000     0.00            5.96114E-10     0.00    5.21532E-11   180.00
 -180.00    10.00    -999.99 -999.99 -999.99    0.00000     0.00            5.89300E-10  -180.00    1.03909E-10  -180.00
 -175.00    10.00    -999.99 -999.99 -999.99    0.00000     0.00            5.87057E-10  -180.00    1.03909E-10  -180.00
 -170.00    10.00    -999.99 -999.99 -999.99    0.00000     0.00            5.80347E-10  -180.00    1.03909E-10  -180.00
 -165.00    10.00    -999.99 -999.99 -999.99    0.00000     0.00            5.69220E-10  -180.00    1.03909E-10  -180.00
 -160.00    10.00    -999.99 -999.99 -999.99    0.00000     0.00            5.53761E-10  -180.00    1.03909E-10  -180.00
 -155.00    10.00    -999.99 -999.99 -999.99    0.00000     0.00            5.34087E-10  -180.00    1.03909E-10  -180.00
 -150.00    10.00    -999.99 -999.99 -999.99    0.00000     0.00            5.10349E-10  -180.00    1.03909E-10  -180.00
 -145.00    10.00    -999.99 -999.99 -999.99    0.00000     0.00            4.82726E-10  -180.00    1.03909E-10  -180.00
 -140.00    10.00    -999.99 -999.99 -999.99    0.00000     0.00            4.51430E-10  -180.00    1.03909E-10  -180.00
 -135.00    10.00    -999.99 -999.99 -999.99    0.00000     0.00            4.16698E-10  -180.00    1.03909E-10  -180.00
 -130.00    10.00    -999.99 -999.99 -999.99    0.00000     0.00            3.78795E-10  -180.00    1.03909E-10  -180.00
 -125.00    10.00    -999.99 -999.99 -999.99    0.00000     0.00            3.38009E-10  -180.00    1.03909E-10  -180.00
 -120.00    10.00    -999.99 -999.99 -999.99    0.00000     0.00            2.94650E-10  -180.00    1.03909E-10  -180.00
 -115.00    10.00    -999.99 -999.99 -999.99    0.00000     0.00            2.49049E-10  -180.00    1.03909E-10  -180.00
 -110.00    10.00    -999.99 -999.99 -999.99    0.00000     0.00            2.01552E-10  -180.00    1.03909E-10  -180.00
 -105.00    10.00    -999.99 -999.99 -999.99    0.00000     0.00            1.52522E-10  -180.00    1.03909E-10  -180.00
 -100.00    10.00    -999.99 -999.99 -999.99    0.00000     0.00            1.02331E-10  -180.00    1.03909E-10  -180.00
  -95.00    10.00    -999.99 -999.99 -999.99    0.00000     0.00            5.13609E-11  -180.00    1.03909E-10  -180.00
  -90.00    10.00    -999.99 -999.99 -999.99    0.00000     0.00            3.00744E-21  -180.00    1.03909E-10  -180.00
  -85.00    10.00    -999.99 -999.99 -999.99    0.00000     0.00            5.13609E-11     0.00    1.03909E-10   180.00
  -80.00    10.00    -999.99 -999.99 -999.99    0.00000     0.00            1.02331E-10     0.00    1.03910E-10   180.00
  -75.00    10.00    -999.99 -999.99 -999.99    0.00000     0.00            1.52522E-10     0.00    1.03909E-10   180.00
  -70.00    10.00    -999.99 -999.99 -999.99    0.00000     0.00            2.01552E-10     0.00    1.03909E-10   180.00
  -65.00    10.00    -999.99 -999.99 -999.99    0.00000     0.00            2.49049E-10     0.00    1.03909E-10   180.00
  -60.00    10.00    -999.99 -999.99 -999.99    0.00000     0.00            2.94650E-10     0.00    1.03909E-10   180.00
  -55.00    10.00    -999.99 -999.99 -999.99    0.00000     0.00            3.38009E-10     0.00    1.03909E-10   180.00
  -50.00    10.00    -999.99 -999.99 -999.99    0.00000     0.00            3.78795E-10     0.00    1.03909E-10   180.00
  -45.00    10.00    -999.99 -999.99 -999.99    0.00000     0.00            4.16698E-10     0.00    1.03909E-10   180.00
  -40.00    10.00    -999.99 -999.99 -999.99    0.00000     0.00            4.51430E-10     0.00    1.03909E-10   180.00
  -35.00    10.00    -999.99 -999.99 -999.99    0.00000     0.00            4.82726E-10     0.00    1.03909E-10   180.00
  -30.00    10.00    -999.99 -999.99 -999.99    0.00000     0.00            5.10349E-10     0.00    1.03909E-10   180.00
  -25.00    10.00    -999.99 -999.99 -999.99    0.00000     0.00            5.34087E-10     0.00    1.03909E-10   180.00
  -20.00    10.00    -999.99 -999.99 -999.99    0.00000     0.00            5.53761E-10     0.00    1.03909E-10   180.00
  -15.00    10.00    -999.99 -999.99 -999.99    0.00000     0.00            5.69220E-10     0.00    1.03909E-10   180.00
  -10.00    10.00    -999.99 -999.99 -999.99    0.00000     0.00            5.80347E-10     0.00    1.03909E-10   180.00
   -5.00    10.00    -999.99 -999.99 -999.99    0.00000     0.00            5.87057E-10     0.00    1.03909E-10   180.00
    0.00    10.00    -999.99 -999.99 -999.99    0.00000     0.00            5.89300E-10     0.00    1.03909E-10   180.00
 -180.00    15.00    -999.99 -999.99 -999.99    0.00000     0.00            5.78001E-10  -180.00    1.54875E-10  -180.00
 -175.00    15.00    -999.99 -999.99 -999.99    0.00000     0.00            5.75802E-10  -180.00    1.54875E-10  -180.00
 -170.00    15.00    -999.99 -999.99 -999.99    0.00000     0.00            5.69220E-10  -180.00    1.54875E-10  -180.00
 -165.00    15.00    -999.99 -999.99 -999.99    0.00000     0.00            5.58306E-10  -180.00    1.54875E-10  -180.00
 -160.00    15.00    -999.99 -999.99 -999.99    0.00000     0.00            5.43143E-10  -180.00    1.54875E-10  -180.00
 -155.00    15.00    -999.99 -999.99 -999.99    0.00000     0.00            5.23847E-10  -180.00    1.54875E-10  -180.00
 -150.00    15.00    -999.99 -999.99 -999.99    0.00000     0.00            5.00564E-10  -180.00    1.54875E-10  -180.00
 -145.00    15.00    -999.99 -999.99 -999.99    0.00000     0.00            4.73471E-10  -180.00    1.54875E-10  -180.00
 -140.00    15.00    -999.99 -999.99 -999.99    0.00000     0.00            4.42775E-10  -180.00    1.54875E-10  -180.00
 -135.00    15.00    -999.99 -999.99 -999.99    0.00000     0.00            4.08709E-10  -180.00    1.54875E-10  -180.00
 -130.00    15.00    -999.99 -999.99 -999.99    0.00000     0.00            3.71532E-10  -180.00    1.54875E-10  -180.00
 -125.00    15.00    -999.99 -999.99 -999.99    0.00000     0.00            3.31528E-10  -180.00    1.54875E-10  -180.00
 -120.00    15.00    -999.99 -999.99 -999.99    0.00000     0.00            2.89001E-10  -180.00    1.54875E-10  -180.00
 -115.00    15.00    -999.99 -999.99 -999.99    0.00000     0.00            2.44274E-10  -180.00    1.54875E-10  -180.00
 -110.00    15.00    -999.99 -999.99 -999.99    0.00000     0.00            1.97688E-10  -180.00    1.54875E-10  -180.00
 -105.00    15.00    -999.99 -999.99 -999.99    0.00000     0.00            1.49598E-10  -180.00    1.54875E-10  -180.00
 -100.00    15.00    -999.99 -999.99 -999.99    0.00000     0.00            1.00369E-10  -180.00    1.54875E-10  -180.00
  -95.00    15.00    -999.99 -999.99 -999.99    0.00000     0.00            5.03761E-11  -180.00    1.54875E-10  -180.00
  -90.00    15.00    -999.99 -999.99 -999.99    0.00000     0.00            2.94978E-21  -180.00    1.54875E-10  -180.00
  -85.00    15.00    -999.99 -999.99 -999.99    0.00000     0.00            5.03761E-11     0.00    1.54875E-10   180.00
  -80.00    15.00    -999.99 -999.99 -999.99    0.00000     0.00            1.00369E-10     0.00    1.54875E-10   180.00
  -75.00    15.00    -999.99 -999.99 -999.99    0.00000     0.00            1.49598E-10     0.00    1.54875E-10   180.00
  -70.00    15.00    -999.99 -999.99 -999.99    0.00000     0.00            1.97688E-10     0.00    1.54875E-10   180.00
  -65.00    15.00    -999.99 -999.99 -999.99    0.00000     0.00            2.44274E-10     0.00    1.54875E-10   180.00
  -60.00    15.00    -999.99 -999.99 -999.99    0.00000     0.00            2.89001E-10     0.00    1.54875E-10   180.00
  -55.00    15.00    -999.99 -999.99 -999.99    0.00000     0.00            3.31528E-10     0.00    1.54875E-10   180.00
  -50.00    15.00    -999.99 -999.99 -999.99    0.00000     0.00            3.71532E-10     0.00    1.54875E-10   180.00
  -45.00    15.00    -999.99 -999.99 -999.99    0.00000     0.00            4.08709E-10     0.00    1.54875E-10   180.00
  -40.00    15.00    -999.99 -999.99 -999.99    0.00000     0.00            4.42775E-10     0.00    1.54875E-10   180.00
  -35.00    15.00    -999.99 -999.99 -999.99    0.00000     0.00            4.73471E-10     0.00    1.54875E-10   180.00
  -30.00    15.00    -999.99 -999.99 -999.99    0.00000     0.00            5.00564E-10     0.00    1.54875E-10   180.00
  -25.00    15.00    -999.99 -999.99 -999.99    0.00000     0.00            5.23847E-10     0.00    1.54875E-10   180.00
  -20.00    15.00    -999.99 -999.99 -999.99    0.00000     0.00            5.43143E-10     0.00    1.54875E-10   180.00
  -15.00    15.00    -999.99 -999.99 -999.99    0.00000     0.00            5.58306E-10     0.00    1.54875E-10   180.00
  -10.00    15.00    -999.99 -999.99 -999.99    0.00000     0.00            5.69220E-10     0.00    1.54875E-10   180.00
   -5.00    15.00    -999.99 -999.99 -999.99    0.00000     0.00            5.75802E-10     0.00    1.54875E-10   180.00
    0.00    15.00    -999.99 -999.99 -999.99    0.00000     0.00            5.78001E-10     0.00    1.54875E-10   180.00
 -180.00    20.00    -999.99 -999.99 -999.99    0.00000     0.00            5.62303E-10  -180.00    2.04662E-10  -180.00
 -175.00    20.00    -999.99 -999.99 -999.99    0.00000     0.00            5.60164E-10  -180.00    2.04662E-10  -180.00
 -170.00    20.00    -999.99 -999.99 -999.99    0.00000     0.00            5.53761E-10  -180.00    2.04662E-10  -180.00
 -165.00    20.00    -999.99 -999.99 -999.99    0.00000     0.00            5.43143E-10  -180.00    2.04662E-10  -180.00
 -160.00    20.00    -999.99 -999.99 -999.99    0.00000     0.00            5.28392E-10  -180.00    2.04662E-10  -180.00
 -155.00    20.00    -999.99 -999.99 -999.99    0.00000     0.00            5.09620E-10  -180.00    2.04662E-10  -180.00
 -150.00    20.00    -999.99 -999.99 -999.99    0.00000     0.00            4.86969E-10  -180.00    2.04662E-10  -180.00
 -145.00    20.00    -999.99 -999.99 -999.99    0.00000     0.00            4.60612E-10  -180.00    2.04662E-10  -180.00
 -140.00    20.00    -999.99 -999.99 -999.99    0.00000     0.00            4.30749E-10  -180.00    2.04662E-10  -180.00
 -135.00    20.00    -999.99 -999.99 -999.99    0.00000     0.00            3.97609E-10  -180.00    2.04662E-10  -180.00
 -130.00    20.00    -999.99 -999.99 -999.99    0.00000     0.00            3.61442E-10  -180.00    2.04662E-10  -180.00
 -125.00    20.00    -999.99 -999.99 -999.99    0.00000     0.00            3.22524E-10  -180.00    2.04662E-10  -180.00
 -120.00    20.00    -999.99 -999.99 -999.99    0.00000     0.00            2.81152E-10  -180.00    2.04662E-10  -180.00
 -115.00    20.00    -999.99 -999.99 -999.99    0.00000     0.00            2.37640E-10  -180.00    2.04662E-10  -180.00
 -110.00    20.00    -999.99 -999.99 -999.99    0.00000     0.00            1.92319E-10  -180.00    2.04662E-10  -180.00
 -105.00    20.00    -999.99 -999.99 -999.99    0.00000     0.00            1.45535E-10  -180.00    2.04662E-10  -180.00
 -100.00    20.00    -999.99 -999.99 -999.99    0.00000     0.00            9.76430E-11  -180.00    2.04662E-10  -180.00
  -95.00    20.00    -999.99 -999.99 -999.99    0.00000     0.00            4.90080E-11  -180.00    2.04662E-10  -180.00
  -90.00    20.00    -999.99 -999.99 -999.99    0.00000     0.00            2.86967E-21  -180.00    2.04662E-10  -180.00
  -85.00    20.00    -999.99 -999.99 -999.99    0.00000     0.00            4.90080E-11     0.00    2.04662E-10   180.00
  -80.00    20.00    -999.99 -999.99 -999.99    0.00000     0.00            9.76430E-11     0.00    2.04662E-10   180.00
  -75.00    20.00    -999.99 -999.99 -999.99    0.00000     0.00            1.45535E-10     0.00    2.04662E-10   180.00
  -70.00    20.00    -999.99 -999.99 -999.99    0.00000     0.00            1.92319E-10     0.00    2.04662E-10   180.00
  -65.00    20.00    -999.99 -999.99 -999.99    0.00000     0.00            2.37640E-10     0.00    2.04662E-10   180.00
  -60.00    20.00    -999.99 -999.99 -999.99    0.00000     0.00            2.81152E-10     0.00    2.04662E-10   180.00
  -55.00    20.00    -999.99 -999.99 -999.99    0.00000     0.00            3.22524E-10     0.00    2.04662E-10   180.00
  -50.00    20.00    -999.99 -999.99 -999.99    0.00000     0.00            3.61442E-10     0.00    2.04662E-10   180.00
  -45.00    20.00    -999.99 -999.99 -999.99    0.00000     0.00            3.97609E-10     0.00    2.04662E-10   180.00
  -40.00    20.00    -999.99 -999.99 -999.99    0.00000     0.00            4.30749E-10     0.00    2.04662E-10   180.00
  -35.00    20.00    -999.99 -999.99 -999.99    0.00000     0.00            4.60612E-10     0.00    2.04662E-10   180.00
  -30.00    20.00    -999.99 -999.99 -999.99    0.00000     0.00            4.86969E-10     0.00    2.04662E-10   180.00
  -25.00    20.00    -999.99 -999.99 -999.99    0.00000     0.00            5.09620E-10     0.00    2.04662E-10   180.00
  -20.00    20.00    -999.99 -999.99 -999.99    0.00000     0.00            5.28392E-10     0.00    2.04662E-10   180.00
  -15.00    20.00    -999.99 -999.99 -999.99    0.00000     0.00            5.43143E-10     0.00    2.04662E-10   180.00
  -10.00    20.00    -999.99 -999.99 -999.99    0.00000     0.00            5.53761E-10     0.00    2.04662E-10   180.00
   -5.00    20.00    -999.99 -999.99 -999.99    0.00000     0.00            5.60164E-10     0.00    2.04662E-10   180.00
    0.00    20.00    -999.99 -999.99 -999.99    0.00000     0.00            5.62303E-10     0.00    2.04662E-10   180.00
 -180.00    25.00    -999.99 -999.99 -999.99    0.00000     0.00            5.42326E-10  -180.00    2.52891E-10  -180.00
 -175.00    25.00    -999.99 -999.99 -999.99    0.00000     0.00            5.40263E-10  -180.00    2.52891E-10  -180.00
 -170.00    25.00    -999.99 -999.99 -999.99    0.00000     0.00            5.34087E-10  -180.00    2.52891E-10  -180.00
 -165.00    25.00    -999.99 -999.99 -999.99    0.00000     0.00            5.23847E-10  -180.00    2.52891E-10  -180.00
 -160.00    25.00    -999.99 -999.99 -999.99    0.00000     0.00            5.09620E-10  -180.00    2.52891E-10  -180.00
 -155.00    25.00    -999.99 -999.99 -999.99    0.00000     0.00            4.91515E-10  -180.00    2.52891E-10  -180.00
 -150.00    25.00    -999.99 -999.99 -999.99    0.00000     0.00            4.69668E-10  -180.00    2.52891E-10  -180.00
 -145.00    25.00    -999.99 -999.99 -999.99    0.00000     0.00            4.44248E-10  -180.00    2.52891E-10  -180.00
 -140.00    25.00    -999.99 -999.99 -999.99    0.00000     0.00            4.15446E-10  -180.00    2.52891E-10  -180.00
 -135.00    25.00    -999.99 -999.99 -999.99    0.00000     0.00            3.83483E-10  -180.00    2.52891E-10  -180.00
 -130.00    25.00    -999.99 -999.99 -999.99    0.00000     0.00            3.48601E-10  -180.00    2.52891E-10  -180.00
 -125.00    25.00    -999.99 -999.99 -999.99    0.00000     0.00            3.11066E-10  -180.00    2.52891E-10  -180.00
 -120.00    25.00    -999.99 -999.99 -999.99    0.00000     0.00            2.71163E-10  -180.00    2.52891E-10  -180.00
 -115.00    25.00    -999.99 -999.99 -999.99    0.00000     0.00            2.29197E-10  -180.00    2.52891E-10  -180.00
 -110.00    25.00    -999.99 -999.99 -999.99    0.00000     0.00            1.85487E-10  -180.00    2.52891E-10  -180.00
 -105.00    25.00    -999.99 -999.99 -999.99    0.00000     0.00            1.40364E-10  -180.00    2.52891E-10  -180.00
 -100.00    25.00    -999.99 -999.99 -999.99    0.00000     0.00            9.41740E-11  -180.00    2.52891E-10  -180.00
  -95.00    25.00    -999.99 -999.99 -999.99    0.00000     0.00            4.72669E-11  -180.00    2.52891E-10  -180.00
  -90.00    25.00    -999.99 -999.99 -999.99    0.00000     0.00            2.76771E-21  -180.00    2.52891E-10  -180.00
  -85.00    25.00    -999.99 -999.99 -999.99    0.00000     0.00            4.72669E-11     0.00    2.52891E-10   180.00
  -80.00    25.00    -999.99 -999.99 -999.99    0.00000     0.00            9.41740E-11     0.00    2.52891E-10   180.00
  -75.00    25.00    -999.99 -999.99 -999.99    0.00000     0.00            1.40364E-10     0.00    2.52891E-10   180.00
  -70.00    25.00    -999.99 -999.99 -999.99    0.00000     0.00            1.85487E-10     0.00    2.52891E-10   180.00
  -65.00    25.00    -999.99 -999.99 -999.99    0.00000     0.00            2.29197E-10     0.00    2.52891E-10   180.00
  -60.00    25.00    -999.99 -999.99 -999.99    0.00000     0.00            2.71163E-10     0.00    2.52891E-10   180.00
  -55.00    25.00    -999.99 -999.99 -999.99    0.00000     0.00            3.11066E-10     0.00    2.52891E-10   180.00
  -50.00    25.00    -999.99 -999.99 -999.99    0.00000     0.00            3.48601E-10     0.00    2.52891E-10   180.00
  -45.00    25.00    -999.99 -999.99 -999.99    0.00000     0.00            3.83483E-10     0.00    2.52891E-10   180.00
  -40.00    25.00    -999.99 -999.99 -999.99    0.00000     0.00            4.15446E-10     0.00    2.52891E-10   180.00
  -35.00    25.00    -999.99 -999.99 -999.99    0.00000     0.00            4.44248E-10     0.00    2.52891E-10   180.00
  -30.00    25.00    -999.99 -999.99 -999.99    0.00000     0.00            4.69668E-10     0.00    2.52891E-10   180.00
  -25.00    25.00    -999.99 -999.99 -999.99    0.00000     0.00            4.91515E-10     0.00    2.52891E-10   180.00
  -20.00    25.00    -999.99 -999.99 -999.99    0.00000     0.00            5.09620E-10     0.00    2.52891E-10   180.00
  -15.00    25.00    -999.99 -999.99 -999.99    0.00000     0.00            5.23847E-10     0.00    2.52891E-10   180.00
  -10.00    25.00    -999.99 -999.99 -999.99    0.00000     0.00            5.34087E-10     0.00    2.52891E-10   180.00
   -5.00    25.00    -999.99 -999.99 -999.99    0.00000     0.00            5.40263E-10     0.00    2.52891E-10   180.00
    0.00    25.00    -999.99 -999.99 -999.99    0.00000     0.00            5.42326E-10     0.00    2.52891E-10   180.00
 -180.00    30.00    -999.99 -999.99 -999.99    0.00000     0.00            5.18222E-10  -180.00    2.99195E-10  -180.00
 -175.00    30.00    -999.99 -999.99 -999.99    0.00000     0.00            5.16250E-10  -180.00    2.99195E-10  -180.00
 -170.00    30.00    -999.99 -999.99 -999.99    0.00000     0.00            5.10349E-10  -180.00    2.99195E-10  -180.00
 -165.00    30.00    -999.99 -999.99 -999.99    0.00000     0.00            5.00564E-10  -180.00    2.99195E-10  -180.00
 -160.00    30.00    -999.99 -999.99 -999.99    0.00000     0.00            4.86969E-10  -180.00    2.99195E-10  -180.00
 -155.00    30.00    -999.99 -999.99 -999.99    0.00000     0.00            4.69668E-10  -180.00    2.99195E-10  -180.00
 -150.00    30.00    -999.99 -999.99 -999.99    0.00000     0.00            4.48793E-10  -180.00    2.99195E-10  -180.00
 -145.00    30.00    -999.99 -999.99 -999.99    0.00000     0.00            4.24502E-10  -180.00    2.99195E-10  -180.00
 -140.00    30.00    -999.99 -999.99 -999.99    0.00000     0.00            3.96981E-10  -180.00    2.99195E-10  -180.00
 -135.00    30.00    -999.99 -999.99 -999.99    0.00000     0.00            3.66438E-10  -180.00    2.99195E-10  -180.00
 -130.00    30.00    -999.99 -999.99 -999.99    0.00000     0.00            3.33106E-10  -180.00    2.99195E-10  -180.00
 -125.00    30.00    -999.99 -999.99 -999.99    0.00000     0.00            2.97240E-10  -180.00    2.99195E-10  -180.00
 -120.00    30.00    -999.99 -999.99 -999.99    0.00000     0.00            2.59111E-10  -180.00    2.99195E-10  -180.00
 -115.00    30.00    -999.99 -999.99 -999.99    0.00000     0.00            2.19010E-10  -180.00    2.99195E-10  -180.00
 -110.00    30.00    -999.99 -999.99 -999.99    0.00000     0.00            1.77242E-10  -180.00    2.99195E-10  -180.00
 -105.00    30.00    -999.99 -999.99 -999.99    0.00000     0.00            1.34126E-10  -180.00    2.99195E-10  -180.00
 -100.00    30.00    -999.99 -999.99 -999.99    0.00000     0.00            8.99882E-11  -180.00    2.99195E-10  -180.00
  -95.00    30.00    -999.99 -999.99 -999.99    0.00000     0.00            4.51660E-11  -180.00    2.99195E-10  -180.00
  -90.00    30.00    -999.99 -999.99 -999.99    0.00000     0.00            2.64470E-21  -180.00    2.99195E-10  -180.00
  -85.00    30.00    -999.99 -999.99 -999.99    0.00000     0.00            4.51660E-11     0.00    2.99195E-10   180.00
  -80.00    30.00    -999.99 -999.99 -999.99    0.00000     0.00            8.99882E-11     0.00    2.99195E-10   180.00
  -75.00    30.00    -999.99 -999.99 -999.99    0.00000     0.00            1.34126E-10     0.00    2.99195E-10   180.00
  -70.00    30.00    -999.99 -999.99 -999.99    0.00000     0.00            1.77242E-10     0.00    2.99195E-10   180.00
  -65.00    30.00    -999.99 -999.99 -999.99    0.00000     0.00            2.19010E-10     0.00    2.99195E-10   180.00
  -60.00    30.00    -999.99 -999.99 -999.99    0.00000     0.00            2.59111E-10     0.00    2.99195E-10   180.00
  -55.00    30.00    -999.99 -999.99 -999.99    0.00000     0.00            2.97240E-10     0.00    2.99195E-10   180.00
  -50.00    30.00    -999.99 -999.99 -999.99    0.00000     0.00            3.33106E-10     0.00    2.99195E-10   180.00
  -45.00    30.00    -999.99 -999.99 -999.99    0.00000     0.00            3.66438E-10     0.00    2.99195E-10   180.00
  -40.00    30.00    -999.99 -999.99 -999.99    0.00000     0.00            3.96981E-10     0.00    2.99195E-10   180.00
  -35.00    30.00    -999.99 -999.99 -999.99    0.00000     0.00            4.24502E-10     0.00    2.99195E-10   180.00
  -30.00    30.00    -999.99 -999.99 -999.99    0.00000     0.00            4.48793E-10     0.00    2.99195E-10   180.00
  -25.00    30.00    -999.99 -999.99 -999.99    0.00000     0.00            4.69668E-10     0.00    2.99195E-10   180.00
  -20.00    30.00    -999.99 -999.99 -999.99    0.00000     0.00            4.86969E-10     0.00    2.99195E-10   180.00
  -15.00    30.00    -999.99 -999.99 -999.99    0.00000     0.00            5.00564E-10     0.00    2.99195E-10   180.00
  -10.00    30.00    -999.99 -999.99 -999.99    0.00000     0.00            5.10349E-10     0.00    2.99195E-10   180.00
   -5.00    30.00    -999.99 -999.99 -999.99    0.00000     0.00            5.16250E-10     0.00    2.99195E-10   180.00
    0.00    30.00    -999.99 -999.99 -999.99    0.00000     0.00            5.18222E-10     0.00    2.99195E-10   180.00
 -180.00    35.00    -999.99 -999.99 -999.99    0.00000     0.00            4.90173E-10  -180.00    3.43223E-10  -180.00
 -175.00    35.00    -999.99 -999.99 -999.99    0.00000     0.00            4.88308E-10  -180.00    3.43223E-10  -180.00
 -170.00    35.00    -999.99 -999.99 -999.99    0.00000     0.00            4.82726E-10  -180.00    3.43223E-10  -180.00
 -165.00    35.00    -999.99 -999.99 -999.99    0.00000     0.00            4.73471E-10  -180.00    3.43223E-10  -180.00
 -160.00    35.00    -999.99 -999.99 -999.99    0.00000     0.00            4.60612E-10  -180.00    3.43223E-10  -180.00
 -155.00    35.00    -999.99 -999.99 -999.99    0.00000     0.00            4.44248E-10  -180.00    3.43223E-10  -180.00
 -150.00    35.00    -999.99 -999.99 -999.99    0.00000     0.00            4.24502E-10  -180.00    3.43223E-10  -180.00
 -145.00    35.00    -999.99 -999.99 -999.99    0.00000     0.00            4.01526E-10  -180.00    3.43223E-10  -180.00
 -140.00    35.00    -999.99 -999.99 -999.99    0.00000     0.00            3.75494E-10  -180.00    3.43223E-10  -180.00
 -135.00    35.00    -999.99 -999.99 -999.99    0.00000     0.00            3.46605E-10  -180.00    3.43223E-10  -180.00
 -130.00    35.00    -999.99 -999.99 -999.99    0.00000     0.00            3.15077E-10  -180.00    3.43223E-10  -180.00
 -125.00    35.00    -999.99 -999.99 -999.99    0.00000     0.00            2.81152E-10  -180.00    3.43223E-10  -180.00
 -120.00    35.00    -999.99 -999.99 -999.99    0.00000     0.00            2.45087E-10  -180.00    3.43223E-10  -180.00
 -115.00    35.00    -999.99 -999.99 -999.99    0.00000     0.00            2.07156E-10  -180.00    3.43223E-10  -180.00
 -110.00    35.00    -999.99 -999.99 -999.99    0.00000     0.00            1.67649E-10  -180.00    3.43223E-10  -180.00
 -105.00    35.00    -999.99 -999.99 -999.99    0.00000     0.00            1.26866E-10  -180.00    3.43223E-10  -180.00
 -100.00    35.00    -999.99 -999.99 -999.99    0.00000     0.00            8.51177E-11  -180.00    3.43223E-10  -180.00
  -95.00    35.00    -999.99 -999.99 -999.99    0.00000     0.00            4.27214E-11  -180.00    3.43223E-10  -180.00
  -90.00    35.00    -999.99 -999.99 -999.99    0.00000     0.00            2.50156E-21  -180.00    3.43223E-10  -180.00
  -85.00    35.00    -999.99 -999.99 -999.99    0.00000     0.00            4.27214E-11     0.00    3.43223E-10   180.00
  -80.00    35.00    -999.99 -999.99 -999.99    0.00000     0.00            8.51177E-11     0.00    3.43223E-10   180.00
  -75.00    35.00    -999.99 -999.99 -999.99    0.00000     0.00            1.26866E-10     0.00    3.43223E-10   180.00
  -70.00    35.00    -999.99 -999.99 -999.99    0.00000     0.00            1.67649E-10     0.00    3.43223E-10   180.00
  -65.00    35.00    -999.99 -999.99 -999.99    0.00000     0.00            2.07156E-10     0.00    3.43223E-10   180.00
  -60.00    35.00    -999.99 -999.99 -999.99    0.00000     0.00            2.45087E-10     0.00    3.43223E-10   180.00
  -55.00    35.00    -999.99 -999.99 -999.99    0.00000     0.00            2.81152E-10     0.00    3.43223E-10   180.00
  -50.00    35.00    -999.99 -999.99 -999.99    0.00000     0.00            3.15077E-10     0.00    3.43223E-10   180.00
  -45.00    35.00    -999.99 -999.99 -999.99    0.00000     0.00            3.46605E-10     0.00    3.43223E-10   180.00
  -40.00    35.00    -999.99 -999.99 -999.99    0.00000     0.00            3.75494E-10     0.00    3.43223E-10   180.00
  -35.00    35.00    -999.99 -999.99 -999.99    0.00000     0.00            4.01526E-10     0.00    3.43223E-10   180.00
  -30.00    35.00    -999.99 -999.99 -999.99    0.00000     0.00            4.24502E-10     0.00    3.43223E-10   180.00
  -25.00    35.00    -999.99 -999.99 -999.99    0.00000     0.00            4.44248E-10     0.00    3.43223E-10   180.00
  -20.00    35.00    -999.99 -999.99 -999.99    0.00000     0.00            4.60612E-10     0.00    3.43223E-10   180.00
  -15.00    35.00    -999.99 -999.99 -999.99    0.00000     0.00            4.73471E-10     0.00    3.43223E-10   180.00
  -10.00    35.00    -999.99 -999.99 -999.99    0.00000     0.00            4.82726E-10     0.00    3.43223E-10   180.00
   -5.00    35.00    -999.99 -999.99 -999.99    0.00000     0.00            4.88308E-10     0.00    3.43223E-10   180.00
    0.00    35.00    -999.99 -999.99 -999.99    0.00000     0.00            4.90173E-10     0.00    3.43223E-10   180.00
 -180.00    40.00    -999.99 -999.99 -999.99    0.00000     0.00            4.58394E-10  -180.00    3.84638E-10  -180.00
 -175.00    40.00    -999.99 -999.99 -999.99    0.00000     0.00            4.56650E-10  -180.00    3.84638E-10  -180.00
 -170.00    40.00    -999.99 -999.99 -999.99    0.00000     0.00            4.51430E-10  -180.00    3.84638E-10  -180.00
 -165.00    40.00    -999.99 -999.99 -999.99    0.00000     0.00            4.42775E-10  -180.00    3.84638E-10  -180.00
 -160.00    40.00    -999.99 -999.99 -999.99    0.00000     0.00            4.30749E-10  -180.00    3.84638E-10  -180.00
 -155.00    40.00    -999.99 -999.99 -999.99    0.00000     0.00            4.15446E-10  -180.00    3.84638E-10  -180.00
 -150.00    40.00    -999.99 -999.99 -999.99    0.00000     0.00            3.96981E-10  -180.00    3.84638E-10  -180.00
 -145.00    40.00    -999.99 -999.99 -999.99    0.00000     0.00            3.75494E-10  -180.00    3.84638E-10  -180.00
 -140.00    40.00    -999.99 -999.99 -999.99    0.00000     0.00            3.51150E-10  -180.00    3.84638E-10  -180.00
 -135.00    40.00    -999.99 -999.99 -999.99    0.00000     0.00            3.24133E-10  -180.00    3.84638E-10  -180.00
 -130.00    40.00    -999.99 -999.99 -999.99    0.00000     0.00            2.94650E-10  -180.00    3.84638E-10  -180.00
 -125.00    40.00    -999.99 -999.99 -999.99    0.00000     0.00            2.62924E-10  -180.00    3.84638E-10  -180.00
 -120.00    40.00    -999.99 -999.99 -999.99    0.00000     0.00            2.29197E-10  -180.00    3.84638E-10  -180.00
 -115.00    40.00    -999.99 -999.99 -999.99    0.00000     0.00            1.93726E-10  -180.00    3.84638E-10  -180.00
 -110.00    40.00    -999.99 -999.99 -999.99    0.00000     0.00            1.56780E-10  -180.00    3.84638E-10  -180.00
 -105.00    40.00    -999.99 -999.99 -999.99    0.00000     0.00            1.18641E-10  -180.00    3.84638E-10  -180.00
 -100.00    40.00    -999.99 -999.99 -999.99    0.00000     0.00            7.95993E-11  -180.00    3.84638E-10  -180.00
  -95.00    40.00    -999.99 -999.99 -999.99    0.00000     0.00            3.99517E-11  -180.00    3.84638E-10  -180.00
  -90.00    40.00    -999.99 -999.99 -999.99    0.00000     0.00            2.33937E-21  -180.00    3.84638E-10  -180.00
  -85.00    40.00    -999.99 -999.99 -999.99    0.00000     0.00            3.99517E-11     0.00    3.84638E-10   180.00
  -80.00    40.00    -999.99 -999.99 -999.99    0.00000     0.00            7.95993E-11     0.00    3.84638E-10   180.00
  -75.00    40.00    -999.99 -999.99 -999.99    0.00000     0.00            1.18641E-10     0.00    3.84638E-10   180.00
  -70.00    40.00    -999.99 -999.99 -999.99    0.00000     0.00            1.56780E-10     0.00    3.84638E-10   180.00
  -65.00    40.00    -999.99 -999.99 -999.99    0.00000     0.00            1.93726E-10     0.00    3.84638E-10   180.00
  -60.00    40.00    -999.99 -999.99 -999.99    0.00000     0.00            2.29197E-10     0.00    3.84638E-10   180.00
  -55.00    40.00    -999.99 -999.99 -999.99    0.00000     0.00            2.62924E-10     0.00    3.84638E-10   180.00
  -50.00    40.00    -999.99 -999.99 -999.99    0.00000     0.00            2.94650E-10     0.00    3.84638E-10   180.00
  -45.00    40.00    -999.99 -999.99 -999.99    0.00000     0.00            3.24133E-10     0.00    3.84638E-10   180.00
  -40.00    40.00    -999.99 -999.99 -999.99    0.00000     0.00            3.51150E-10     0.00    3.84638E-10   180.00
  -35.00    40.00    -999.99 -999.99 -999.99    0.00000     0.00            3.75494E-10     0.00    3.84638E-10   180.00
  -30.00    40.00    -999.99 -999.99 -999.99    0.00000     0.00            3.96981E-10     0.00    3.84638E-10   180.00
  -25.00    40.00    -999.99 -999.99 -999.99    0.00000     0.00            4.15446E-10     0.00    3.84638E-10   180.00
  -20.00    40.00    -999.99 -999.99 -999.99    0.00000     0.00            4.30749E-10     0.00    3.84638E-10   180.00
  -15.00    40.00    -999.99 -999.99 -999.99    0.00000     0.00            4.42775E-10     0.00    3.84638E-10   180.00
  -10.00    40.00    -999.99 -999.99 -999.99    0.00000     0.00            4.51430E-10     0.00    3.84638E-10   180.00
   -5.00    40.00    -999.99 -999.99 -999.99    0.00000     0.00            4.56650E-10     0.00    3.84638E-10   180.00
    0.00    40.00    -999.99 -999.99 -999.99    0.00000     0.00            4.58394E-10     0.00    3.84638E-10   180.00
 -180.00    45.00    -999.99 -999.99 -999.99    0.00000     0.00            4.23126E-10  -180.00    4.23126E-10  -180.00
 -175.00    45.00    -999.99 -999.99 -999.99    0.00000     0.00            4.21516E-10  -180.00    4.23126E-10  -180.00
 -170.00    45.00    -999.99 -999.99 -999.99    0.00000     0.00            4.16698E-10  -180.00    4.23126E-10  -180.00
 -165.00    45.00    -999.99 -999.99 -999.99    0.00000     0.00            4.08709E-10  -180.00    4.23126E-10  -180.00
 -160.00    45.00    -999.99 -999.99 -999.99    0.00000     0.00            3.97609E-10  -180.00    4.23126E-10  -180.00
 -155.00    45.00    -999.99 -999.99 -999.99    0.00000     0.00            3.83483E-10  -180.00    4.23126E-10  -180.00
 -150.00    45.00    -999.99 -999.99 -999.99    0.00000     0.00            3.66438E-10  -180.00    4.23126E-10  -180.00
 -145.00    45.00    -999.99 -999.99 -999.99    0.00000     0.00            3.46605E-10  -180.00    4.23126E-10  -180.00
 -140.00    45.00    -999.99 -999.99 -999.99    0.00000     0.00            3.24134E-10  -180.00    4.23126E-10  -180.00
 -135.00    45.00    -999.99 -999.99 -999.99    0.00000     0.00            2.99195E-10  -180.00    4.23126E-10  -180.00
 -130.00    45.00    -999.99 -999.99 -999.99    0.00000     0.00            2.71980E-10  -180.00    4.23126E-10  -180.00
 -125.00    45.00    -999.99 -999.99 -999.99    0.00000     0.00            2.42695E-10  -180.00    4.23126E-10  -180.00
 -120.00    45.00    -999.99 -999.99 -999.99    0.00000     0.00            2.11563E-10  -180.00    4.23126E-10  -180.00
 -115.00    45.00    -999.99 -999.99 -999.99    0.00000     0.00            1.78821E-10  -180.00    4.23126E-10  -180.00
 -110.00    45.00    -999.99 -999.99 -999.99    0.00000     0.00            1.44718E-10  -180.00    4.23126E-10  -180.00
 -105.00    45.00    -999.99 -999.99 -999.99    0.00000     0.00            1.09513E-10  -180.00    4.23126E-10  -180.00
 -100.00    45.00    -999.99 -999.99 -999.99    0.00000     0.00            7.34751E-11  -180.00    4.23126E-10  -180.00
  -95.00    45.00    -999.99 -999.99 -999.99    0.00000     0.00            3.68779E-11  -180.00    4.23126E-10  -180.00
  -90.00    45.00    -999.99 -999.99 -999.99    0.00000     0.00            2.15939E-21  -180.00    4.23126E-10  -180.00
  -85.00    45.00    -999.99 -999.99 -999.99    0.00000     0.00            3.68779E-11     0.00    4.23126E-10   180.00
  -80.00    45.00    -999.99 -999.99 -999.99    0.00000     0.00            7.34751E-11     0.00    4.23126E-10   180.00
  -75.00    45.00    -999.99 -999.99 -999.99    0.00000     0.00            1.09513E-10     0.00    4.23126E-10   180.00
  -70.00    45.00    -999.99 -999.99 -999.99    0.00000     0.00            1.44718E-10     0.00    4.23126E-10   180.00
  -65.00    45.00    -999.99 -999.99 -999.99    0.00000     0.00            1.78821E-10     0.00    4.23126E-10   180.00
  -60.00    45.00    -999.99 -999.99 -999.99    0.00000     0.00            2.11563E-10     0.00    4.23126E-10   180.00
  -55.00    45.00    -999.99 -999.99 -999.99    0.00000     0.00            2.42695E-10     0.00    4.23126E-10   180.00
  -50.00    45.00    -999.99 -999.99 -999.99    0.00000     0.00            2.71980E-10     0.00    4.23126E-10   180.00
  -45.00    45.00    -999.99 -999.99 -999.99    0.00000     0.00            2.99195E-10     0.00    4.23126E-10   180.00
  -40.00    45.00    -999.99 -999.99 -999.99    0.00000     0.00            3.24134E-10     0.00    4.23126E-10   180.00
  -35.00    45.00    -999.99 -999.99 -999.99    0.00000     0.00            3.46605E-10     0.00    4.23126E-10   180.00
  -30.00    45.00    -999.99 -999.99 -999.99    0.00000     0.00            3.66438E-10     0.00    4.23126E-10   180.00
  -25.00    45.00    -999.99 -999.99 -999.99    0.00000     0.00            3.83483E-10     0.00    4.23126E-10   180.00
  -20.00    45.00    -999.99 -999.99 -999.99    0.00000     0.00            3.97609E-10     0.00    4.23126E-10   180.00
  -15.00    45.00    -999.99 -999.99 -999.99    0.00000     0.00            4.08709E-10     0.00    4.23126E-10   180.00
  -10.00    45.00    -999.99 -999.99 -999.99    0.00000     0.00            4.16698E-10     0.00    4.23126E-10   180.00
   -5.00    45.00    -999.99 -999.99 -999.99    0.00000     0.00            4.21516E-10     0.00    4.23126E-10   180.00
    0.00    45.00    -999.99 -999.99 -999.99    0.00000     0.00            4.23126E-10     0.00    4.23126E-10   180.00
 -180.00    50.00    -999.99 -999.99 -999.99    0.00000     0.00            3.84638E-10  -180.00    4.58394E-10  -180.00
 -175.00    50.00    -999.99 -999.99 -999.99    0.00000     0.00            3.83175E-10  -180.00    4.58394E-10  -180.00
 -170.00    50.00    -999.99 -999.99 -999.99    0.00000     0.00            3.78795E-10  -180.00    4.58394E-10  -180.00
 -165.00    50.00    -999.99 -999.99 -999.99    0.00000     0.00            3.71532E-10  -180.00    4.58394E-10  -180.00
 -160.00    50.00    -999.99 -999.99 -999.99    0.00000     0.00            3.61442E-10  -180.00    4.58394E-10  -180.00
 -155.00    50.00    -999.99 -999.99 -999.99    0.00000     0.00            3.48601E-10  -180.00    4.58394E-10  -180.00
 -150.00    50.00    -999.99 -999.99 -999.99    0.00000     0.00            3.33106E-10  -180.00    4.58394E-10  -180.00
 -145.00    50.00    -999.99 -999.99 -999.99    0.00000     0.00            3.15077E-10  -180.00    4.58394E-10  -180.00
 -140.00    50.00    -999.99 -999.99 -999.99    0.00000     0.00            2.94650E-10  -180.00    4.58394E-10  -180.00
 -135.00    50.00    -999.99 -999.99 -999.99    0.00000     0.00            2.71980E-10  -180.00    4.58394E-10  -180.00
 -130.00    50.00    -999.99 -999.99 -999.99    0.00000     0.00            2.47241E-10  -180.00    4.58394E-10  -180.00
 -125.00    50.00    -999.99 -999.99 -999.99    0.00000     0.00            2.20619E-10  -180.00    4.58394E-10  -180.00
 -120.00    50.00    -999.99 -999.99 -999.99    0.00000     0.00            1.92319E-10  -180.00    4.58394E-10  -180.00
 -115.00    50.00    -999.99 -999.99 -999.99    0.00000     0.00            1.62555E-10  -180.00    4.58394E-10  -180.00
 -110.00    50.00    -999.99 -999.99 -999.99    0.00000     0.00            1.31554E-10  -180.00    4.58394E-10  -180.00
 -105.00    50.00    -999.99 -999.99 -999.99    0.00000     0.00            9.95517E-11  -180.00    4.58394E-10  -180.00
 -100.00    50.00    -999.99 -999.99 -999.99    0.00000     0.00            6.67917E-11  -180.00    4.58394E-10  -180.00
  -95.00    50.00    -999.99 -999.99 -999.99    0.00000     0.00            3.35234E-11  -180.00    4.58394E-10  -180.00
  -90.00    50.00    -999.99 -999.99 -999.99    0.00000     0.00            1.96297E-21  -180.00    4.58394E-10  -180.00
  -85.00    50.00    -999.99 -999.99 -999.99    0.00000     0.00            3.35234E-11     0.00    4.58394E-10   180.00
  -80.00    50.00    -999.99 -999.99 -999.99    0.00000     0.00            6.67917E-11     0.00    4.58394E-10   180.00
  -75.00    50.00    -999.99 -999.99 -999.99    0.00000     0.00            9.95517E-11     0.00    4.58394E-10   180.00
  -70.00    50.00    -999.99 -999.99 -999.99    0.00000     0.00            1.31554E-10     0.00    4.58394E-10   180.00
  -65.00    50.00    -999.99 -999.99 -999.99    0.00000     0.00            1.62555E-10     0.00    4.58394E-10   180.00
  -60.00    50.00    -999.99 -999.99 -999.99    0.00000     0.00            1.92319E-10     0.00    4.58394E-10   180.00
  -55.00    50.00    -999.99 -999.99 -999.99    0.00000     0.00            2.20619E-10     0.00    4.58394E-10   180.00
  -50.00    50.00    -999.99 -999.99 -999.99    0.00000     0.00            2.47241E-10     0.00    4.58394E-10   180.00
  -45.00    50.00    -999.99 -999.99 -999.99    0.00000     0.00            2.71980E-10     0.00    4.58394E-10   180.00
  -40.00    50.00    -999.99 -999.99 -999.99    0.00000     0.00            2.94650E-10     0.00    4.58394E-10   180.00
  -35.00    50.00    -999.99 -999.99 -999.99    0.00000     0.00            3.15077E-10     0.00    4.58394E-10   180.00
  -30.00    50.00    -999.99 -999.99 -999.99    0.00000     0.00            3.33106E-10     0.00    4.58394E-10   180.00
  -25.00    50.00    -999.99 -999.99 -999.99    0.00000     0.00            3.48601E-10     0.00    4.58394E-10   180.00
  -20.00    50.00    -999.99 -999.99 -999.99    0.00000     0.00            3.61442E-10     0.00    4.58394E-10   180.00
  -15.00    50.00    -999.99 -999.99 -999.99    0.00000     0.00            3.71532E-10     0.00    4.58394E-10   180.00
  -10.00    50.00    -999.99 -999.99 -999.99    0.00000     0.00            3.78795E-10     0.00    4.58394E-10   180.00
   -5.00    50.00    -999.99 -999.99 -999.99    0.00000     0.00            3.83175E-10     0.00    4.58394E-10   180.00
    0.00    50.00    -999.99 -999.99 -999.99    0.00000     0.00            3.84638E-10     0.00    4.58394E-10   180.00
 -180.00    55.00    -999.99 -999.99 -999.99    0.00000     0.00            3.43223E-10  -180.00    4.90173E-10  -180.00
 -175.00    55.00    -999.99 -999.99 -999.99    0.00000     0.00            3.41917E-10  -180.00    4.90173E-10  -180.00
 -170.00    55.00    -999.99 -999.99 -999.99    0.00000     0.00            3.38009E-10  -180.00    4.90173E-10  -180.00
 -165.00    55.00    -999.99 -999.99 -999.99    0.00000     0.00            3.31528E-10  -180.00    4.90173E-10  -180.00
 -160.00    55.00    -999.99 -999.99 -999.99    0.00000     0.00            3.22524E-10  -180.00    4.90173E-10  -180.00
 -155.00    55.00    -999.99 -999.99 -999.99    0.00000     0.00            3.11066E-10  -180.00    4.90173E-10  -180.00
 -150.00    55.00    -999.99 -999.99 -999.99    0.00000     0.00            2.97240E-10  -180.00    4.90173E-10  -180.00
 -145.00    55.00    -999.99 -999.99 -999.99    0.00000     0.00            2.81152E-10  -180.00    4.90173E-10  -180.00
 -140.00    55.00    -999.99 -999.99 -999.99    0.00000     0.00            2.62924E-10  -180.00    4.90173E-10  -180.00
 -135.00    55.00    -999.99 -999.99 -999.99    0.00000     0.00            2.42695E-10  -180.00    4.90173E-10  -180.00
 -130.00    55.00    -999.99 -999.99 -999.99    0.00000     0.00            2.20619E-10  -180.00    4.90173E-10  -180.00
 -125.00    55.00    -999.99 -999.99 -999.99    0.00000     0.00            1.96865E-10  -180.00    4.90173E-10  -180.00
 -120.00    55.00    -999.99 -999.99 -999.99    0.00000     0.00            1.71611E-10  -180.00    4.90173E-10  -180.00
 -115.00    55.00    -999.99 -999.99 -999.99    0.00000     0.00            1.45052E-10  -180.00    4.90173E-10  -180.00
 -110.00    55.00    -999.99 -999.99 -999.99    0.00000     0.00            1.17389E-10  -180.00    4.90173E-10  -180.00
 -105.00    55.00    -999.99 -999.99 -999.99    0.00000     0.00            8.88326E-11  -180.00    4.90173E-10  -180.00
 -100.00    55.00    -999.99 -999.99 -999.99    0.00000     0.00            5.96000E-11  -180.00    4.90173E-10  -180.00
  -95.00    55.00    -999.99 -999.99 -999.99    0.00000     0.00            2.99138E-11  -180.00    4.90173E-10  -180.00
  -90.00    55.00    -999.99 -999.99 -999.99    0.00000     0.00            1.75161E-21  -180.00    4.90173E-10  -180.00
  -85.00    55.00    -999.99 -999.99 -999.99    0.00000     0.00            2.99138E-11     0.00    4.90173E-10   180.00
  -80.00    55.00    -999.99 -999.99 -999.99    0.00000     0.00            5.96000E-11     0.00    4.90173E-10   180.00
  -75.00    55.00    -999.99 -999.99 -999.99    0.00000     0.00            8.88326E-11     0.00    4.90173E-10   180.00
  -70.00    55.00    -999.99 -999.99 -999.99    0.00000     0.00            1.17389E-10     0.00    4.90173E-10   180.00
  -65.00    55.00    -999.99 -999.99 -999.99    0.00000     0.00            1.45052E-10     0.00    4.90173E-10   180.00
  -60.00    55.00    -999.99 -999.99 -999.99    0.00000     0.00            1.71611E-10     0.00    4.90173E-10   180.00
  -55.00    55.00    -999.99 -999.99 -999.99    0.00000     0.00            1.96865E-10     0.00    4.90173E-10   180.00
  -50.00    55.00    -999.99 -999.99 -999.99    0.00000     0.00            2.20619E-10     0.00    4.90173E-10   180.00
  -45.00    55.00    -999.99 -999.99 -999.99    0.00000     0.00            2.42695E-10     0.00    4.90173E-10   180.00
  -40.00    55.00    -999.99 -999.99 -999.99    0.00000     0.00            2.62924E-10     0.00    4.90173E-10   180.00
  -35.00    55.00    -999.99 -999.99 -999.99    0.00000     0.00            2.81152E-10     0.00    4.90173E-10   180.00
  -30.00    55.00    -999.99 -999.99 -999.99    0.00000     0.00            2.97240E-10     0.00    4.90173E-10   180.00
  -25.00    55.00    -999.99 -999.99 -999.99    0.00000     0.00            3.11066E-10     0.00    4.90173E-10   180.00
  -20.00    55.00    -999.99 -999.99 -999.99    0.00000     0.00            3.22524E-10     0.00    4.90173E-10   180.00
  -15.00    55.00    -999.99 -999.99 -999.99    0.00000     0.00            3.31528E-10     0.00    4.90173E-10   180.00
  -10.00    55.00    -999.99 -999.99 -999.99    0.00000     0.00            3.38009E-10     0.00    4.90173E-10   180.00
   -5.00    55.00    -999.99 -999.99 -999.99    0.00000     0.00            3.41917E-10     0.00    4.90173E-10   180.00
    0.00    55.00    -999.99 -999.99 -999.99    0.00000     0.00            3.43223E-10     0.00    4.90173E-10   180.00
 -180.00    60.00    -999.99 -999.99 -999.99    0.00000     0.00            2.99195E-10  -180.00    5.18222E-10  -180.00
 -175.00    60.00    -999.99 -999.99 -999.99    0.00000     0.00            2.98057E-10  -180.00    5.18222E-10  -180.00
 -170.00    60.00    -999.99 -999.99 -999.99    0.00000     0.00            2.94650E-10  -180.00    5.18222E-10  -180.00
 -165.00    60.00    -999.99 -999.99 -999.99    0.00000     0.00            2.89001E-10  -180.00    5.18222E-10  -180.00
 -160.00    60.00    -999.99 -999.99 -999.99    0.00000     0.00            2.81152E-10  -180.00    5.18222E-10  -180.00
 -155.00    60.00    -999.99 -999.99 -999.99    0.00000     0.00            2.71163E-10  -180.00    5.18222E-10  -180.00
 -150.00    60.00    -999.99 -999.99 -999.99    0.00000     0.00            2.59111E-10  -180.00    5.18222E-10  -180.00
 -145.00    60.00    -999.99 -999.99 -999.99    0.00000     0.00            2.45087E-10  -180.00    5.18222E-10  -180.00
 -140.00    60.00    -999.99 -999.99 -999.99    0.00000     0.00            2.29197E-10  -180.00    5.18222E-10  -180.00
 -135.00    60.00    -999.99 -999.99 -999.99    0.00000     0.00            2.11563E-10  -180.00    5.18222E-10  -180.00
 -130.00    60.00    -999.99 -999.99 -999.99    0.00000     0.00            1.92319E-10  -180.00    5.18222E-10  -180.00
 -125.00    60.00    -999.99 -999.99 -999.99    0.00000     0.00            1.71611E-10  -180.00    5.18222E-10  -180.00
 -120.00    60.00    -999.99 -999.99 -999.99    0.00000     0.00            1.49598E-10  -180.00    5.18222E-10  -180.00
 -115.00    60.00    -999.99 -999.99 -999.99    0.00000     0.00            1.26445E-10  -180.00    5.18222E-10  -180.00
 -110.00    60.00    -999.99 -999.99 -999.99    0.00000     0.00            1.02331E-10  -180.00    5.18222E-10  -180.00
 -105.00    60.00    -999.99 -999.99 -999.99    0.00000     0.00            7.74375E-11  -180.00    5.18222E-10  -180.00
 -100.00    60.00    -999.99 -999.99 -999.99    0.00000     0.00            5.19547E-11  -180.00    5.18222E-10  -180.00
  -95.00    60.00    -999.99 -999.99 -999.99    0.00000     0.00            2.60766E-11  -180.00    5.18222E-10  -180.00
  -90.00    60.00    -999.99 -999.99 -999.99    0.00000     0.00            1.52692E-21  -180.00    5.18222E-10  -180.00
  -85.00    60.00    -999.99 -999.99 -999.99    0.00000     0.00            2.60766E-11     0.00    5.18222E-10   180.00
  -80.00    60.00    -999.99 -999.99 -999.99    0.00000     0.00            5.19547E-11     0.00    5.18222E-10   180.00
  -75.00    60.00    -999.99 -999.99 -999.99    0.00000     0.00            7.74375E-11     0.00    5.18222E-10   180.00
  -70.00    60.00    -999.99 -999.99 -999.99    0.00000     0.00            1.02331E-10     0.00    5.18222E-10   180.00
  -65.00    60.00    -999.99 -999.99 -999.99    0.00000     0.00            1.26445E-10     0.00    5.18222E-10   180.00
  -60.00    60.00    -999.99 -999.99 -999.99    0.00000     0.00            1.49598E-10     0.00    5.18222E-10   180.00
  -55.00    60.00    -999.99 -999.99 -999.99    0.00000     0.00            1.71611E-10     0.00    5.18222E-10   180.00
  -50.00    60.00    -999.99 -999.99 -999.99    0.00000     0.00            1.92319E-10     0.00    5.18222E-10   180.00
  -45.00    60.00    -999.99 -999.99 -999.99    0.00000     0.00            2.11563E-10     0.00    5.18222E-10   180.00
  -40.00    60.00    -999.99 -999.99 -999.99    0.00000     0.00            2.29197E-10     0.00    5.18222E-10   180.00
  -35.00    60.00    -999.99 -999.99 -999.99    0.00000     0.00            2.45087E-10     0.00    5.18222E-10   180.00
  -30.00    60.00    -999.99 -999.99 -999.99    0.00000     0.00            2.59111E-10     0.00    5.18222E-10   180.00
  -25.00    60.00    -999.99 -999.99 -999.99    0.00000     0.00            2.71163E-10     0.00    5.18222E-10   180.00
  -20.00    60.00    -999.99 -999.99 -999.99    0.00000     0.00            2.81152E-10     0.00    5.18222E-10   180.00
  -15.00    60.00    -999.99 -999.99 -999.99    0.00000     0.00            2.89001E-10     0.00    5.18222E-10   180.00
  -10.00    60.00    -999.99 -999.99 -999.99    0.00000     0.00            2.94650E-10     0.00    5.18222E-10   180.00
   -5.00    60.00    -999.99 -999.99 -999.99    0.00000     0.00            2.98057E-10     0.00    5.18222E-10   180.00
    0.00    60.00    -999.99 -999.99 -999.99    0.00000     0.00            2.99195E-10     0.00    5.18222E-10   180.00
 -180.00    65.00    -999.99 -999.99 -999.99    0.00000     0.00            2.52891E-10  -180.00    5.42326E-10  -180.00
 -175.00    65.00    -999.99 -999.99 -999.99    0.00000     0.00            2.51929E-10  -180.00    5.42326E-10  -180.00
 -170.00    65.00    -999.99 -999.99 -999.99    0.00000     0.00            2.49049E-10  -180.00    5.42326E-10  -180.00
 -165.00    65.00    -999.99 -999.99 -999.99    0.00000     0.00            2.44274E-10  -180.00    5.42326E-10  -180.00
 -160.00    65.00    -999.99 -999.99 -999.99    0.00000     0.00            2.37640E-10  -180.00    5.42326E-10  -180.00
 -155.00    65.00    -999.99 -999.99 -999.99    0.00000     0.00            2.29197E-10  -180.00    5.42326E-10  -180.00
 -150.00    65.00    -999.99 -999.99 -999.99    0.00000     0.00            2.19010E-10  -180.00    5.42326E-10  -180.00
 -145.00    65.00    -999.99 -999.99 -999.99    0.00000     0.00            2.07156E-10  -180.00    5.42326E-10  -180.00
 -140.00    65.00    -999.99 -999.99 -999.99    0.00000     0.00            1.93726E-10  -180.00    5.42326E-10  -180.00
 -135.00    65.00    -999.99 -999.99 -999.99    0.00000     0.00            1.78821E-10  -180.00    5.42326E-10  -180.00
 -130.00    65.00    -999.99 -999.99 -999.99    0.00000     0.00            1.62555E-10  -180.00    5.42326E-10  -180.00
 -125.00    65.00    -999.99 -999.99 -999.99    0.00000     0.00            1.45052E-10  -180.00    5.42326E-10  -180.00
 -120.00    65.00    -999.99 -999.99 -999.99    0.00000     0.00            1.26445E-10  -180.00    5.42326E-10  -180.00
 -115.00    65.00    -999.99 -999.99 -999.99    0.00000     0.00            1.06876E-10  -180.00    5.42326E-10  -180.00
 -110.00    65.00    -999.99 -999.99 -999.99    0.00000     0.00            8.64938E-11  -180.00    5.42326E-10  -180.00
 -105.00    65.00    -999.99 -999.99 -999.99    0.00000     0.00            6.54530E-11  -180.00    5.42326E-10  -180.00
 -100.00    65.00    -999.99 -999.99 -999.99    0.00000     0.00            4.39140E-11  -180.00    5.42326E-10  -180.00
  -95.00    65.00    -999.99 -999.99 -999.99    0.00000     0.00            2.20409E-11  -180.00    5.42326E-10  -180.00
  -90.00    65.00    -999.99 -999.99 -999.99    0.00000     0.00            1.29061E-21  -180.00    5.42326E-10  -180.00
  -85.00    65.00    -999.99 -999.99 -999.99    0.00000     0.00            2.20409E-11     0.00    5.42326E-10   180.00
  -80.00    65.00    -999.99 -999.99 -999.99    0.00000     0.00            4.39140E-11     0.00    5.42326E-10   180.00
  -75.00    65.00    -999.99 -999.99 -999.99    0.00000     0.00            6.54530E-11     0.00    5.42326E-10   180.00
  -70.00    65.00    -999.99 -999.99 -999.99    0.00000     0.00            8.64938E-11     0.00    5.42326E-10   180.00
  -65.00    65.00    -999.99 -999.99 -999.99    0.00000     0.00            1.06876E-10     0.00    5.42326E-10   180.00
  -60.00    65.00    -999.99 -999.99 -999.99    0.00000     0.00            1.26445E-10     0.00    5.42326E-10   180.00
  -55.00    65.00    -999.99 -999.99 -999.99    0.00000     0.00            1.45052E-10     0.00    5.42326E-10   180.00
  -50.00    65.00    -999.99 -999.99 -999.99    0.00000     0.00            1.62555E-10     0.00    5.42326E-10   180.00
  -45.00    65.00    -999.99 -999.99 -999.99    0.00000     0.00            1.78821E-10     0.00    5.42326E-10   180.00
  -40.00    65.00    -999.99 -999.99 -999.99    0.00000     0.00            1.93726E-10     0.00    5.42326E-10   180.00
  -35.00    65.00    -999.99 -999.99 -999.99    0.00000     0.00            2.07156E-10     0.00    5.42326E-10   180.00
  -30.00    65.00    -999.99 -999.99 -999.99    0.00000     0.00            2.19010E-10     0.00    5.42326E-10   180.00
  -25.00    65.00    -999.99 -999.99 -999.99    0.00000     0.00            2.29197E-10     0.00    5.42326E-10   180.00
  -20.00    65.00    -999.99 -999.99 -999.99    0.00000     0.00            2.37640E-10     0.00    5.42326E-10   180.00
  -15.00    65.00    -999.99 -999.99 -999.99    0.00000     0.00            2.44274E-10     0.00    5.42326E-10   180.00
  -10.00    65.00    -999.99 -999.99 -999.99    0.00000     0.00            2.49049E-10     0.00    5.42326E-10   180.00
   -5.00    65.00    -999.99 -999.99 -999.99    0.00000     0.00            2.51929E-10     0.00    5.42326E-10   180.00
    0.00    65.00    -999.99 -999.99 -999.99    0.00000     0.00            2.52891E-10     0.00    5.42326E-10   180.00
 -180.00    70.00    -999.99 -999.99 -999.99    0.00000     0.00            2.04662E-10  -180.00    5.62303E-10  -180.00
 -175.00    70.00    -999.99 -999.99 -999.99    0.00000     0.00            2.03883E-10  -180.00    5.62303E-10  -180.00
 -170.00    70.00    -999.99 -999.99 -999.99    0.00000     0.00            2.01552E-10  -180.00    5.62303E-10  -180.00
 -165.00    70.00    -999.99 -999.99 -999.99    0.00000     0.00            1.97688E-10  -180.00    5.62304E-10  -180.00
 -160.00    70.00    -999.99 -999.99 -999.99    0.00000     0.00            1.92319E-10  -180.00    5.62304E-10  -180.00
 -155.00    70.00    -999.99 -999.99 -999.99    0.00000     0.00            1.85487E-10  -180.00    5.62303E-10  -180.00
 -150.00    70.00    -999.99 -999.99 -999.99    0.00000     0.00            1.77242E-10  -180.00    5.62304E-10  -180.00
 -145.00    70.00    -999.99 -999.99 -999.99    0.00000     0.00            1.67649E-10  -180.00    5.62303E-10  -180.00
 -140.00    70.00    -999.99 -999.99 -999.99    0.00000     0.00            1.56780E-10  -180.00    5.62303E-10  -180.00
 -135.00    70.00    -999.99 -999.99 -999.99    0.00000     0.00            1.44718E-10  -180.00    5.62303E-10  -180.00
 -130.00    70.00    -999.99 -999.99 -999.99    0.00000     0.00            1.31554E-10  -180.00    5.62303E-10  -180.00
 -125.00    70.00    -999.99 -999.99 -999.99    0.00000     0.00            1.17389E-10  -180.00    5.62304E-10  -180.00
 -120.00    70.00    -999.99 -999.99 -999.99    0.00000     0.00            1.02331E-10  -180.00    5.62304E-10  -180.00
 -115.00    70.00    -999.99 -999.99 -999.99    0.00000     0.00            8.64938E-11  -180.00    5.62303E-10  -180.00
 -110.00    70.00    -999.99 -999.99 -999.99    0.00000     0.00            6.99984E-11  -180.00    5.62303E-10  -180.00
 -105.00    70.00    -999.99 -999.99 -999.99    0.00000     0.00            5.29703E-11  -180.00    5.62303E-10  -180.00
 -100.00    70.00    -999.99 -999.99 -999.99    0.00000     0.00            3.55391E-11  -180.00    5.62303E-10  -180.00
  -95.00    70.00    -999.99 -999.99 -999.99    0.00000     0.00            1.78374E-11  -180.00    5.62304E-10  -180.00
  -90.00    70.00    -999.99 -999.99 -999.99    0.00000     0.00            1.04447E-21  -180.00    5.62303E-10  -180.00
  -85.00    70.00    -999.99 -999.99 -999.99    0.00000     0.00            1.78374E-11     0.00    5.62303E-10   180.00
  -80.00    70.00    -999.99 -999.99 -999.99    0.00000     0.00            3.55391E-11     0.00    5.62303E-10   180.00
  -75.00    70.00    -999.99 -999.99 -999.99    0.00000     0.00            5.29703E-11     0.00    5.62303E-10   180.00
  -70.00    70.00    -999.99 -999.99 -999.99    0.00000     0.00            6.99984E-11     0.00    5.62304E-10   180.00
  -65.00    70.00    -999.99 -999.99 -999.99    0.00000     0.00            8.64938E-11     0.00    5.62303E-10   180.00
  -60.00    70.00    -999.99 -999.99 -999.99    0.00000     0.00            1.02331E-10     0.00    5.62304E-10   180.00
  -55.00    70.00    -999.99 -999.99 -999.99    0.00000     0.00            1.17389E-10     0.00    5.62304E-10   180.00
  -50.00    70.00    -999.99 -999.99 -999.99    0.00000     0.00            1.31554E-10     0.00    5.62304E-10   180.00
  -45.00    70.00    -999.99 -999.99 -999.99    0.00000     0.00            1.44718E-10     0.00    5.62303E-10   180.00
  -40.00    70.00    -999.99 -999.99 -999.99    0.00000     0.00            1.56780E-10     0.00    5.62303E-10   180.00
  -35.00    70.00    -999.99 -999.99 -999.99    0.00000     0.00            1.67649E-10     0.00    5.62303E-10   180.00
  -30.00    70.00    -999.99 -999.99 -999.99    0.00000     0.00            1.77242E-10     0.00    5.62304E-10   180.00
  -25.00    70.00    -999.99 -999.99 -999.99    0.00000     0.00            1.85486E-10     0.00    5.62303E-10   180.00
  -20.00    70.00    -999.99 -999.99 -999.99    0.00000     0.00            1.92319E-10     0.00    5.62304E-10   180.00
  -15.00    70.00    -999.99 -999.99 -999.99    0.00000     0.00            1.97688E-10     0.00    5.62303E-10   180.00
  -10.00    70.00    -999.99 -999.99 -999.99    0.00000     0.00            2.01552E-10     0.00    5.62303E-10   180.00
   -5.00    70.00    -999.99 -999.99 -999.99    0.00000     0.00            2.03883E-10     0.00    5.62303E-10   180.00
    0.00    70.00    -999.99 -999.99 -999.99    0.00000     0.00            2.04662E-10     0.00    5.62303E-10   180.00
 -180.00    75.00    -999.99 -999.99 -999.99    0.00000     0.00            1.54875E-10  -180.00    5.78001E-10  -180.00
 -175.00    75.00    -999.99 -999.99 -999.99    0.00000     0.00            1.54286E-10  -180.00    5.78001E-10  -180.00
 -170.00    75.00    -999.99 -999.99 -999.99    0.00000     0.00            1.52522E-10  -180.00    5.78001E-10  -180.00
 -165.00    75.00    -999.99 -999.99 -999.99    0.00000     0.00            1.49598E-10  -180.00    5.78001E-10  -180.00
 -160.00    75.00    -999.99 -999.99 -999.99    0.00000     0.00            1.45535E-10  -180.00    5.78001E-10  -180.00
 -155.00    75.00    -999.99 -999.99 -999.99    0.00000     0.00            1.40364E-10  -180.00    5.78001E-10  -180.00
 -150.00    75.00    -999.99 -999.99 -999.99    0.00000     0.00            1.34126E-10  -180.00    5.78001E-10  -180.00
 -145.00    75.00    -999.99 -999.99 -999.99    0.00000     0.00            1.26866E-10  -180.00    5.78001E-10  -180.00
 -140.00    75.00    -999.99 -999.99 -999.99    0.00000     0.00            1.18641E-10  -180.00    5.78001E-10  -180.00
 -135.00    75.00    -999.99 -999.99 -999.99    0.00000     0.00            1.09513E-10  -180.00    5.78001E-10  -180.00
 -130.00    75.00    -999.99 -999.99 -999.99    0.00000     0.00            9.95517E-11  -180.00    5.78001E-10  -180.00
 -125.00    75.00    -999.99 -999.99 -999.99    0.00000     0.00            8.88326E-11  -180.00    5.78001E-10  -180.00
 -120.00    75.00    -999.99 -999.99 -999.99    0.00000     0.00            7.74375E-11  -180.00    5.78001E-10  -180.00
 -115.00    75.00    -999.99 -999.99 -999.99    0.00000     0.00            6.54530E-11  -180.00    5.78001E-10  -180.00
 -110.00    75.00    -999.99 -999.99 -999.99    0.00000     0.00            5.29703E-11  -180.00    5.78001E-10  -180.00
 -105.00    75.00    -999.99 -999.99 -999.99    0.00000     0.00            4.00846E-11  -180.00    5.78001E-10  -180.00
 -100.00    75.00    -999.99 -999.99 -999.99    0.00000     0.00            2.68938E-11  -180.00    5.78001E-10  -180.00
  -95.00    75.00    -999.99 -999.99 -999.99    0.00000     0.00            1.34982E-11  -180.00    5.78001E-10  -180.00
  -90.00    75.00    -999.99 -999.99 -999.99    0.00000     0.00            7.90391E-22  -180.00    5.78001E-10  -180.00
  -85.00    75.00    -999.99 -999.99 -999.99    0.00000     0.00            1.34982E-11     0.00    5.78001E-10   180.00
  -80.00    75.00    -999.99 -999.99 -999.99    0.00000     0.00            2.68938E-11     0.00    5.78001E-10   180.00
  -75.00    75.00    -999.99 -999.99 -999.99    0.00000     0.00            4.00846E-11     0.00    5.78001E-10   180.00
  -70.00    75.00    -999.99 -999.99 -999.99    0.00000     0.00            5.29704E-11     0.00    5.78001E-10   180.00
  -65.00    75.00    -999.99 -999.99 -999.99    0.00000     0.00            6.54530E-11     0.00    5.78001E-10   180.00
  -60.00    75.00    -999.99 -999.99 -999.99    0.00000     0.00            7.74375E-11     0.00    5.78001E-10   180.00
  -55.00    75.00    -999.99 -999.99 -999.99    0.00000     0.00            8.88326E-11     0.00    5.78001E-10   180.00
  -50.00    75.00    -999.99 -999.99 -999.99    0.00000     0.00            9.95517E-11     0.00    5.78001E-10   180.00
  -45.00    75.00    -999.99 -999.99 -999.99    0.00000     0.00            1.09513E-10     0.00    5.78001E-10   180.00
  -40.00    75.00    -999.99 -999.99 -999.99    0.00000     0.00            1.18641E-10     0.00    5.78001E-10   180.00
  -35.00    75.00    -999.99 -999.99 -999.99    0.00000     0.00            1.26866E-10     0.00    5.78001E-10   180.00
  -30.00    75.00    -999.99 -999.99 -999.99    0.00000     0.00            1.34126E-10     0.00    5.78001E-10   180.00
  -25.00    75.00    -999.99 -999.99 -999.99    0.00000     0.00            1.40364E-10     0.00    5.78001E-10   180.00
  -20.00    75.00    -999.99 -999.99 -999.99    0.00000     0.00            1.45535E-10     0.00    5.78001E-10   180.00
  -15.00    75.00    -999.99 -999.99 -999.99    0.00000     0.00            1.49598E-10     0.00    5.78001E-10   180.00
  -10.00    75.00    -999.99 -999.99 -999.99    0.00000     0.00            1.52522E-10     0.00    5.78001E-10   180.00
   -5.00    75.00    -999.99 -999.99 -999.99    0.00000     0.00            1.54286E-10     0.00    5.78001E-10   180.00
    0.00    75.00    -999.99 -999.99 -999.99    0.00000     0.00            1.54875E-10     0.00    5.78001E-10   180.00
 -180.00    80.00    -999.99 -999.99 -999.99    0.00000     0.00            1.03909E-10  -180.00    5.89300E-10  -180.00
 -175.00    80.00    -999.99 -999.99 -999.99    0.00000     0.00            1.03514E-10  -180.00    5.89300E-10  -180.00
 -170.00    80.00    -999.99 -999.99 -999.99    0.00000     0.00            1.02331E-10  -180.00    5.89300E-10  -180.00
 -165.00    80.00    -999.99 -999.99 -999.99    0.00000     0.00            1.00369E-10  -180.00    5.89300E-10  -180.00
 -160.00    80.00    -999.99 -999.99 -999.99    0.00000     0.00            9.76430E-11  -180.00    5.89300E-10  -180.00
 -155.00    80.00    -999.99 -999.99 -999.99    0.00000     0.00            9.41740E-11  -180.00    5.89300E-10  -180.00
 -150.00    80.00    -999.99 -999.99 -999.99    0.00000     0.00            8.99883E-11  -180.00    5.89300E-10  -180.00
 -145.00    80.00    -999.99 -999.99 -999.99    0.00000     0.00            8.51177E-11  -180.00    5.89300E-10  -180.00
 -140.00    80.00    -999.99 -999.99 -999.99    0.00000     0.00            7.95993E-11  -180.00    5.89300E-10  -180.00
 -135.00    80.00    -999.99 -999.99 -999.99    0.00000     0.00            7.34751E-11  -180.00    5.89300E-10  -180.00
 -130.00    80.00    -999.99 -999.99 -999.99    0.00000     0.00            6.67917E-11  -180.00    5.89300E-10  -180.00
 -125.00    80.00    -999.99 -999.99 -999.99    0.00000     0.00            5.96000E-11  -180.00    5.89300E-10  -180.00
 -120.00    80.00    -999.99 -999.99 -999.99    0.00000     0.00            5.19547E-11  -180.00    5.89300E-10  -180.00
 -115.00    80.00    -999.99 -999.99 -999.99    0.00000     0.00            4.39140E-11  -180.00    5.89300E-10  -180.00
 -110.00    80.00    -999.99 -999.99 -999.99    0.00000     0.00            3.55391E-11  -180.00    5.89300E-10  -180.00
 -105.00    80.00    -999.99 -999.99 -999.99    0.00000     0.00            2.68938E-11  -180.00    5.89300E-10  -180.00
 -100.00    80.00    -999.99 -999.99 -999.99    0.00000     0.00            1.80437E-11  -180.00    5.89300E-10  -180.00
  -95.00    80.00    -999.99 -999.99 -999.99    0.00000     0.00            9.05631E-12  -180.00    5.89300E-10  -180.00
  -90.00    80.00    -999.99 -999.99 -999.99    0.00000     0.00            5.30293E-22  -180.00    5.89300E-10  -180.00
  -85.00    80.00    -999.99 -999.99 -999.99    0.00000     0.00            9.05631E-12     0.00    5.89300E-10   180.00
  -80.00    80.00    -999.99 -999.99 -999.99    0.00000     0.00            1.80437E-11     0.00    5.89300E-10   180.00
  -75.00    80.00    -999.99 -999.99 -999.99    0.00000     0.00            2.68938E-11     0.00    5.89300E-10   180.00
  -70.00    80.00    -999.99 -999.99 -999.99    0.00000     0.00            3.55391E-11     0.00    5.89300E-10   180.00
  -65.00    80.00    -999.99 -999.99 -999.99    0.00000     0.00            4.39140E-11     0.00    5.89300E-10   180.00
  -60.00    80.00    -999.99 -999.99 -999.99    0.00000     0.00            5.19547E-11     0.00    5.89300E-10   180.00
  -55.00    80.00    -999.99 -999.99 -999.99    0.00000     0.00            5.96000E-11     0.00    5.89300E-10   180.00
  -50.00    80.00    -999.99 -999.99 -999.99    0.00000     0.00            6.67917E-11     0.00    5.89300E-10   180.00
  -45.00    80.00    -999.99 -999.99 -999.99    0.00000     0.00            7.34751E-11     0.00    5.89300E-10   180.00
  -40.00    80.00    -999.99 -999.99 -999.99    0.00000     0.00            7.95993E-11     0.00    5.89300E-10   180.00
  -35.00    80.00    -999.99 -999.99 -999.99    0.00000     0.00            8.51177E-11     0.00    5.89300E-10   180.00
  -30.00    80.00    -999.99 -999.99 -999.99    0.00000     0.00            8.99883E-11     0.00    5.89300E-10   180.00
  -25.00    80.00    -999.99 -999.99 -999.99    0.00000     0.00            9.41740E-11     0.00    5.89300E-10   180.00
  -20.00    80.00    -999.99 -999.99 -999.99    0.00000     0.00            9.76430E-11     0.00    5.89300E-10   180.00
  -15.00    80.00    -999.99 -999.99 -999.99    0.00000     0.00            1.00369E-10     0.00    5.89300E-10   180.00
  -10.00    80.00    -999.99 -999.99 -999.99    0.00000     0.00            1.02331E-10     0.00    5.89300E-10   180.00
   -5.00    80.00    -999.99 -999.99 -999.99    0.00000     0.00            1.03514E-10     0.00    5.89300E-10   180.00
    0.00    80.00    -999.99 -999.99 -999.99    0.00000     0.00            1.03909E-10     0.00    5.89300E-10   180.00
 -180.00    85.00    -999.99 -999.99 -999.99    0.00000     0.00            5.21532E-11  -180.00    5.96114E-10  -180.00
 -175.00    85.00    -999.99 -999.99 -999.99    0.00000     0.00            5.19547E-11  -180.00    5.96114E-10  -180.00
 -170.00    85.00    -999.99 -999.99 -999.99    0.00000     0.00            5.13609E-11  -180.00    5.96114E-10  -180.00
 -165.00    85.00    -999.99 -999.99 -999.99    0.00000     0.00            5.03761E-11  -180.00    5.96114E-10  -180.00
 -160.00    85.00    -999.99 -999.99 -999.99    0.00000     0.00            4.90080E-11  -180.00    5.96114E-10  -180.00
 -155.00    85.00    -999.99 -999.99 -999.99    0.00000     0.00            4.72669E-11  -180.00    5.96114E-10  -180.00
 -150.00    85.00    -999.99 -999.99 -999.99    0.00000     0.00            4.51660E-11  -180.00    5.96114E-10  -180.00
 -145.00    85.00    -999.99 -999.99 -999.99    0.00000     0.00            4.27214E-11  -180.00    5.96114E-10  -180.00
 -140.00    85.00    -999.99 -999.99 -999.99    0.00000     0.00            3.99517E-11  -180.00    5.96114E-10  -180.00
 -135.00    85.00    -999.99 -999.99 -999.99    0.00000     0.00            3.68779E-11  -180.00    5.96114E-10  -180.00
 -130.00    85.00    -999.99 -999.99 -999.99    0.00000     0.00            3.35234E-11  -180.00    5.96114E-10  -180.00
 -125.00    85.00    -999.99 -999.99 -999.99    0.00000     0.00            2.99138E-11  -180.00    5.96114E-10  -180.00
 -120.00    85.00    -999.99 -999.99 -999.99    0.00000     0.00            2.60766E-11  -180.00    5.96114E-10  -180.00
 -115.00    85.00    -999.99 -999.99 -999.99    0.00000     0.00            2.20409E-11  -180.00    5.96114E-10  -180.00
 -110.00    85.00    -999.99 -999.99 -999.99    0.00000     0.00            1.78374E-11  -180.00    5.96114E-10  -180.00
 -105.00    85.00    -999.99 -999.99 -999.99    0.00000     0.00            1.34982E-11  -180.00    5.96114E-10  -180.00
 -100.00    85.00    -999.99 -999.99 -999.99    0.00000     0.00            9.05631E-12  -180.00    5.96114E-10  -180.00
  -95.00    85.00    -999.99 -999.99 -999.99    0.00000     0.00            4.54545E-12  -180.00    5.96114E-10  -180.00
  -90.00    85.00    -999.99 -999.99 -999.99    0.00000     0.00            2.66159E-22  -180.00    5.96114E-10  -180.00
  -85.00    85.00    -999.99 -999.99 -999.99    0.00000     0.00            4.54545E-12     0.00    5.96114E-10   180.00
  -80.00    85.00    -999.99 -999.99 -999.99    0.00000     0.00            9.05631E-12     0.00    5.96114E-10   180.00
  -75.00    85.00    -999.99 -999.99 -999.99    0.00000     0.00            1.34982E-11     0.00    5.96114E-10   180.00
  -70.00    85.00    -999.99 -999.99 -999.99    0.00000     0.00            1.78374E-11     0.00    5.96114E-10   180.00
  -65.00    85.00    -999.99 -999.99 -999.99    0.00000     0.00            2.20409E-11     0.00    5.96114E-10   180.00
  -60.00    85.00    -999.99 -999.99 -999.99    0.00000     0.00            2.60766E-11     0.00    5.96114E-10   180.00
  -55.00    85.00    -999.99 -999.99 -999.99    0.00000     0.00            2.99138E-11     0.00    5.96114E-10   180.00
  -50.00    85.00    -999.99 -999.99 -999.99    0.00000     0.00            3.35234E-11     0.00    5.96114E-10   180.00
  -45.00    85.00    -999.99 -999.99 -999.99    0.00000     0.00            3.68779E-11     0.00    5.96114E-10   180.00
  -40.00    85.00    -999.99 -999.99 -999.99    0.00000     0.00            3.99517E-11     0.00    5.96114E-10   180.00
  -35.00    85.00    -999.99 -999.99 -999.99    0.00000     0.00            4.27214E-11     0.00    5.96114E-10   180.00
  -30.00    85.00    -999.99 -999.99 -999.99    0.00000     0.00            4.51660E-11     0.00    5.96114E-10   180.00
  -25.00    85.00    -999.99 -999.99 -999.99    0.00000     0.00            4.72669E-11     0.00    5.96114E-10   180.00
  -20.00    85.00    -999.99 -999.99 -999.99    0.00000     0.00            4.90080E-11     0.00    5.96114E-10   180.00
  -15.00    85.00    -999.99 -999.99 -999.99    0.00000     0.00            5.03761E-11     0.00    5.96114E-10   180.00
  -10.00    85.00    -999.99 -999.99 -999.99    0.00000     0.00            5.13609E-11     0.00    5.96114E-10   180.00
   -5.00    85.00    -999.99 -999.99 -999.99    0.00000     0.00            5.19547E-11     0.00    5.96114E-10   180.00
    0.00    85.00    -999.99 -999.99 -999.99    0.00000     0.00            5.21532E-11     0.00    5.96114E-10   180.00
 -180.00    90.00    -999.99 -999.99 -999.99    0.00000     0.00            3.05383E-21     0.00    5.98391E-10  -180.00
 -175.00    90.00    -999.99 -999.99 -999.99    0.00000     0.00            3.04221E-21     0.00    5.98391E-10  -180.00
 -170.00    90.00    -999.99 -999.99 -999.99    0.00000     0.00            3.00744E-21     0.00    5.98391E-10  -180.00
 -165.00    90.00    -999.99 -999.99 -999.99    0.00000     0.00            2.94978E-21     0.00    5.98391E-10  -180.00
 -160.00    90.00    -999.99 -999.99 -999.99    0.00000     0.00            2.86967E-21     0.00    5.98391E-10  -180.00
 -155.00    90.00    -999.99 -999.99 -999.99    0.00000     0.00            2.76771E-21     0.00    5.98391E-10  -180.00
 -150.00    90.00    -999.99 -999.99 -999.99    0.00000     0.00            2.64470E-21     0.00    5.98391E-10  -180.00
 -145.00    90.00    -999.99 -999.99 -999.99    0.00000     0.00            2.50155E-21     0.00    5.98391E-10  -180.00
 -140.00    90.00    -999.99 -999.99 -999.99    0.00000     0.00            2.33937E-21     0.00    5.98391E-10  -180.00
 -135.00    90.00    -999.99 -999.99 -999.99    0.00000     0.00            2.15939E-21     0.00    5.98391E-10  -180.00
 -130.00    90.00    -999.99 -999.99 -999.99    0.00000     0.00            1.96297E-21     0.00    5.98391E-10  -180.00
 -125.00    90.00    -999.99 -999.99 -999.99    0.00000     0.00            1.75161E-21     0.00    5.98391E-10  -180.00
 -120.00    90.00    -999.99 -999.99 -999.99    0.00000     0.00            1.52692E-21     0.00    5.98391E-10  -180.00
 -115.00    90.00    -999.99 -999.99 -999.99    0.00000     0.00            1.29061E-21     0.00    5.98391E-10  -180.00
 -110.00    90.00    -999.99 -999.99 -999.99    0.00000     0.00            1.04447E-21     0.00    5.98391E-10  -180.00
 -105.00    90.00    -999.99 -999.99 -999.99    0.00000     0.00            7.90391E-22     0.00    5.98391E-10  -180.00
 -100.00    90.00    -999.99 -999.99 -999.99    0.00000     0.00            5.30293E-22     0.00    5.98391E-10  -180.00
  -95.00    90.00    -999.99 -999.99 -999.99    0.00000     0.00            2.66159E-22     0.00    5.98391E-10  -180.00
  -90.00    90.00    -999.99 -999.99 -999.99    0.00000     0.00            1.55850E-32     0.00    5.98391E-10  -180.00
  -85.00    90.00    -999.99 -999.99 -999.99    0.00000     0.00            2.66159E-22   180.00    5.98391E-10   180.00
  -80.00    90.00    -999.99 -999.99 -999.99    0.00000     0.00            5.30293E-22   180.00    5.98391E-10   180.00
  -75.00    90.00    -999.99 -999.99 -999.99    0.00000     0.00            7.90391E-22   180.00    5.98391E-10   180.00
  -70.00    90.00    -999.99 -999.99 -999.99    0.00000     0.00            1.04447E-21   180.00    5.98391E-10   180.00
  -65.00    90.00    -999.99 -999.99 -999.99    0.00000     0.00            1.29061E-21   180.00    5.98391E-10   180.00
  -60.00    90.00    -999.99 -999.99 -999.99    0.00000     0.00            1.52692E-21   180.00    5.98391E-10   180.00
  -55.00    90.00    -999.99 -999.99 -999.99    0.00000     0.00            1.75161E-21   180.00    5.98391E-10   180.00
  -50.00    90.00    -999.99 -999.99 -999.99    0.00000     0.00            1.96297E-21   180.00    5.98391E-10   180.00
  -45.00    90.00    -999.99 -999.99 -999.99    0.00000     0.00            2.15939E-21   180.00    5.98391E-10   180.00
  -40.00    90.00    -999.99 -999.99 -999.99    0.00000     0.00            2.33937E-21   180.00    5.98391E-10   180.00
  -35.00    90.00    -999.99 -999.99 -999.99    0.00000     0.00            2.50155E-21   180.00    5.98391E-10   180.00
  -30.00    90.00    -999.99 -999.99 -999.99    0.00000     0.00            2.64470E-21   180.00    5.98391E-10   180.00
  -25.00    90.00    -999.99 -999.99 -999.99    0.00000     0.00            2.76771E-21   180.00    5.98391E-10   180.00
  -20.00    90.00    -999.99 -999.99 -999.99    0.00000     0.00            2.86967E-21   180.00    5.98391E-10   180.00
  -15.00    90.00    -999.99 -999.99 -999.99    0.00000     0.00            2.94978E-21   180.00    5.98391E-10   180.00
  -10.00    90.00    -999.99 -999.99 -999.99    0.00000     0.00            3.00744E-21   180.00    5.98391E-10   180.00
   -5.00    90.00    -999.99 -999.99 -999.99    0.00000     0.00            3.04221E-21   180.00    5.98391E-10   180.00
    0.00    90.00    -999.99 -999.99 -999.99    0.00000     0.00            3.05383E-21   180.00    5.98391E-10   180.00
 -180.00    95.00    -999.99 -999.99 -999.99    0.00000     0.00            5.21532E-11     0.00    5.96114E-10  -180.00
 -175.00    95.00    -999.99 -999.99 -999.99    0.00000     0.00            5.19547E-11     0.00    5.96114E-10  -180.00
 -170.00    95.00    -999.99 -999.99 -999.99    0.00000     0.00            5.13609E-11     0.00    5.96114E-10  -180.00
 -165.00    95.00    -999.99 -999.99 -999.99    0.00000     0.00            5.03761E-11     0.00    5.96114E-10  -180.00
 -160.00    95.00    -999.99 -999.99 -999.99    0.00000     0.00            4.90080E-11     0.00    5.96114E-10  -180.00
 -155.00    95.00    -999.99 -999.99 -999.99    0.00000     0.00            4.72669E-11     0.00    5.96114E-10  -180.00
 -150.00    95.00    -999.99 -999.99 -999.99    0.00000     0.00            4.51660E-11     0.00    5.96114E-10  -180.00
 -145.00    95.00    -999.99 -999.99 -999.99    0.00000     0.00            4.27214E-11     0.00    5.96114E-10  -180.00
 -140.00    95.00    -999.99 -999.99 -999.99    0.00000     0.00            3.99517E-11     0.00    5.96114E-10  -180.00
 -135.00    95.00    -999.99 -999.99 -999.99    0.00000     0.00            3.68779E-11     0.00    5.96114E-10  -180.00
 -130.00    95.00    -999.99 -999.99 -999.99    0.00000     0.00            3.35234E-11     0.00    5.96114E-10  -180.00
 -125.00    95.00    -999.99 -999.99 -999.99    0.00000     0.00            2.99138E-11     0.00    5.96114E-10  -180.00
 -120.00    95.00    -999.99 -999.99 -999.99    0.00000     0.00            2.60766E-11     0.00    5.96114E-10  -180.00
 -115.00    95.00    -999.99 -999.99 -999.99    0.00000     0.00            2.20409E-11     0.00    5.96114E-10  -180.00
 -110.00    95.00    -999.99 -999.99 -999.99    0.00000     0.00            1.78374E-11     0.00    5.96114E-10  -180.00
 -105.00    95.00    -999.99 -999.99 -999.99    0.00000     0.00            1.34982E-11     0.00    5.96114E-10  -180.00
 -100.00    95.00    -999.99 -999.99 -999.99    0.00000     0.00            9.05631E-12     0.00    5.96114E-10  -180.00
  -95.00    95.00    -999.99 -999.99 -999.99    0.00000     0.00            4.54545E-12     0.00    5.96114E-10  -180.00
  -90.00    95.00    -999.99 -999.99 -999.99    0.00000     0.00            2.66159E-22     0.00    5.96114E-10  -180.00
  -85.00    95.00    -999.99 -999.99 -999.99    0.00000     0.00            4.54545E-12   180.00    5.96114E-10   180.00
  -80.00    95.00    -999.99 -999.99 -999.99    0.00000     0.00            9.05631E-12   180.00    5.96114E-10   180.00
  -75.00    95.00    -999.99 -999.99 -999.99    0.00000     0.00            1.34982E-11   180.00    5.96114E-10   180.00
  -70.00    95.00    -999.99 -999.99 -999.99    0.00000     0.00            1.78374E-11   180.00    5.96114E-10   180.00
  -65.00    95.00    -999.99 -999.99 -999.99    0.00000     0.00            2.20409E-11   180.00    5.96114E-10   180.00
  -60.00    95.00    -999.99 -999.99 -999.99    0.00000     0.00            2.60766E-11   180.00    5.96114E-10   180.00
  -55.00    95.00    -999.99 -999.99 -999.99    0.00000     0.00            2.99138E-11   180.00    5.96114E-10   180.00
  -50.00    95.00    -999.99 -999.99 -999.99    0.00000     0.00            3.35234E-11   180.00    5.96114E-10   180.00
  -45.00    95.00    -999.99 -999.99 -999.99    0.00000     0.00            3.68779E-11   180.00    5.96114E-10   180.00
  -40.00    95.00    -999.99 -999.99 -999.99    0.00000     0.00            3.99517E-11   180.00    5.96114E-10   180.00
  -35.00    95.00    -999.99 -999.99 -999.99    0.00000     0.00            4.27214E-11   180.00    5.96114E-10   180.00
  -30.00    95.00    -999.99 -999.99 -999.99    0.00000     0.00            4.51660E-11   180.00    5.96114E-10   180.00
  -25.00    95.00    -999.99 -999.99 -999.99    0.00000     0.00            4.72669E-11   180.00    5.96114E-10   180.00
  -20.00    95.00    -999.99 -999.99 -999.99    0.00000     0.00            4.90080E-11   180.00    5.96114E-10   180.00
  -15.00    95.00    -999.99 -999.99 -999.99    0.00000     0.00            5.03761E-11   180.00    5.96114E-10   180.00
  -10.00    95.00    -999.99 -999.99 -999.99    0.00000     0.00            5.13609E-11   180.00    5.96114E-10   180.00
   -5.00    95.00    -999.99 -999.99 -999.99    0.00000     0.00            5.19547E-11   180.00    5.96114E-10   180.00
    0.00    95.00    -999.99 -999.99 -999.99    0.00000     0.00            5.21532E-11   180.00    5.96114E-10   180.00
 -180.00   100.00    -999.99 -999.99 -999.99    0.00000     0.00            1.03909E-10     0.00    5.89300E-10  -180.00
 -175.00   100.00    -999.99 -999.99 -999.99    0.00000     0.00            1.03514E-10     0.00    5.89300E-10  -180.00
 -170.00   100.00    -999.99 -999.99 -999.99    0.00000     0.00            1.02331E-10     0.00    5.89300E-10  -180.00
 -165.00   100.00    -999.99 -999.99 -999.99    0.00000     0.00            1.00369E-10     0.00    5.89300E-10  -180.00
 -160.00   100.00    -999.99 -999.99 -999.99    0.00000     0.00            9.76430E-11     0.00    5.89300E-10  -180.00
 -155.00   100.00    -999.99 -999.99 -999.99    0.00000     0.00            9.41740E-11     0.00    5.89300E-10  -180.00
 -150.00   100.00    -999.99 -999.99 -999.99    0.00000     0.00            8.99883E-11     0.00    5.89300E-10  -180.00
 -145.00   100.00    -999.99 -999.99 -999.99    0.00000     0.00            8.51177E-11     0.00    5.89300E-10  -180.00
 -140.00   100.00    -999.99 -999.99 -999.99    0.00000     0.00            7.95993E-11     0.00    5.89300E-10  -180.00
 -135.00   100.00    -999.99 -999.99 -999.99    0.00000     0.00            7.34751E-11     0.00    5.89300E-10  -180.00
 -130.00   100.00    -999.99 -999.99 -999.99    0.00000     0.00            6.67917E-11     0.00    5.89300E-10  -180.00
 -125.00   100.00    -999.99 -999.99 -999.99    0.00000     0.00            5.96000E-11     0.00    5.89300E-10  -180.00
 -120.00   100.00    -999.99 -999.99 -999.99    0.00000     0.00            5.19547E-11     0.00    5.89300E-10  -180.00
 -115.00   100.00    -999.99 -999.99 -999.99    0.00000     0.00            4.39140E-11     0.00    5.89300E-10  -180.00
 -110.00   100.00    -999.99 -999.99 -999.99    0.00000     0.00            3.55391E-11     0.00    5.89300E-10  -180.00
 -105.00   100.00    -999.99 -999.99 -999.99    0.00000     0.00            2.68938E-11     0.00    5.89300E-10  -180.00
 -100.00   100.00    -999.99 -999.99 -999.99    0.00000     0.00            1.80437E-11     0.00    5.89300E-10  -180.00
  -95.00   100.00    -999.99 -999.99 -999.99    0.00000     0.00            9.05631E-12     0.00    5.89300E-10  -180.00
  -90.00   100.00    -999.99 -999.99 -999.99    0.00000     0.00            5.30293E-22     0.00    5.89300E-10  -180.00
  -85.00   100.00    -999.99 -999.99 -999.99    0.00000     0.00            9.05631E-12   180.00    5.89300E-10   180.00
  -80.00   100.00    -999.99 -999.99 -999.99    0.00000     0.00            1.80437E-11   180.00    5.89300E-10   180.00
  -75.00   100.00    -999.99 -999.99 -999.99    0.00000     0.00            2.68938E-11   180.00    5.89300E-10   180.00
  -70.00   100.00    -999.99 -999.99 -999.99    0.00000     0.00            3.55391E-11   180.00    5.89300E-10   180.00
  -65.00   100.00    -999.99 -999.99 -999.99    0.00000     0.00            4.39140E-11   180.00    5.89300E-10   180.00
  -60.00   100.00    -999.99 -999.99 -999.99    0.00000     0.00            5.19547E-11   180.00    5.89300E-10   180.00
  -55.00   100.00    -999.99 -999.99 -999.99    0.00000     0.00            5.96000E-11   180.00    5.89300E-10   180.00
  -50.00   100.00    -999.99 -999.99 -999.99    0.00000     0.00            6.67917E-11   180.00    5.89300E-10   180.00
  -45.00   100.00    -999.99 -999.99 -999.99    0.00000     0.00            7.34751E-11   180.00    5.89300E-10   180.00
  -40.00   100.00    -999.99 -999.99 -999.99    0.00000     0.00            7.95993E-11   180.00    5.89300E-10   180.00
  -35.00   100.00    -999.99 -999.99 -999.99    0.00000     0.00            8.51177E-11   180.00    5.89300E-10   180.00
  -30.00   100.00    -999.99 -999.99 -999.99    0.00000     0.00            8.99883E-11   180.00    5.89300E-10   180.00
  -25.00   100.00    -999.99 -999.99 -999.99    0.00000     0.00            9.41740E-11   180.00    5.89300E-10   180.00
  -20.00   100.00    -999.99 -999.99 -999.99    0.00000     0.00            9.76430E-11   180.00    5.89300E-10   180.00
  -15.00   100.00    -999.99 -999.99 -999.99    0.00000     0.00            1.00369E-10   180.00    5.89300E-10   180.00
  -10.00   100.00    -999.99 -999.99 -999.99    0.00000     0.00            1.02331E-10   180.00    5.89300E-10   180.00
   -5.00   100.00    -999.99 -999.99 -999.99    0.00000     0.00            1.03514E-10   180.00    5.89300E-10   180.00
    0.00   100.00    -999.99 -999.99 -999.99    0.00000     0.00            1.03909E-10   180.00    5.89300E-10   180.00
 -180.00   105.00    -999.99 -999.99 -999.99    0.00000     0.00            1.54875E-10     0.00    5.78001E-10  -180.00
 -175.00   105.00    -999.99 -999.99 -999.99    0.00000     0.00            1.54286E-10     0.00    5.78001E-10  -180.00
 -170.00   105.00    -999.99 -999.99 -999.99    0.00000     0.00            1.52522E-10     0.00    5.78001E-10  -180.00
 -165.00   105.00    -999.99 -999.99 -999.99    0.00000     0.00            1.49598E-10     0.00    5.78001E-10  -180.00
 -160.00   105.00    -999.99 -999.99 -999.99    0.00000     0.00            1.45535E-10     0.00    5.78001E-10  -180.00
 -155.00   105.00    -999.99 -999.99 -999.99    0.00000     0.00            1.40364E-10     0.00    5.78001E-10  -180.00
 -150.00   105.00    -999.99 -999.99 -999.99    0.00000     0.00            1.34126E-10     0.00    5.78001E-10  -180.00
 -145.00   105.00    -999.99 -999.99 -999.99    0.00000     0.00            1.26866E-10     0.00    5.78001E-10  -180.00
 -140.00   105.00    -999.99 -999.99 -999.99    0.00000     0.00            1.18641E-10     0.00    5.78001E-10  -180.00
 -135.00   105.00    -999.99 -999.99 -999.99    0.00000     0.00            1.09513E-10     0.00    5.78001E-10  -180.00
 -130.00   105.00    -999.99 -999.99 -999.99    0.00000     0.00            9.95517E-11     0.00    5.78001E-10  -180.00
 -125.00   105.00    -999.99 -999.99 -999.99    0.00000     0.00            8.88326E-11     0.00    5.78001E-10  -180.00
 -120.00   105.00    -999.99 -999.99 -999.99    0.00000     0.00            7.74375E-11     0.00    5.78001E-10  -180.00
 -115.00   105.00    -999.99 -999.99 -999.99    0.00000     0.00            6.54530E-11     0.00    5.78001E-10  -180.00
 -110.00   105.00    -999.99 -999.99 -999.99    0.00000     0.00            5.29703E-11     0.00    5.78001E-10  -180.00
 -105.00   105.00    -999.99 -999.99 -999.99    0.00000     0.00            4.00846E-11     0.00    5.78001E-10  -180.00
 -100.00   105.00    -999.99 -999.99 -999.99    0.00000     0.00            2.68938E-11     0.00    5.78001E-10  -180.00
  -95.00   105.00    -999.99 -999.99 -999.99    0.00000     0.00            1.34982E-11     0.00    5.78001E-10  -180.00
  -90.00   105.00    -999.99 -999.99 -999.99    0.00000     0.00            7.90391E-22     0.00    5.78001E-10  -180.00
  -85.00   105.00    -999.99 -999.99 -999.99    0.00000     0.00            1.34982E-11   180.00    5.78001E-10   180.00
  -80.00   105.00    -999.99 -999.99 -999.99    0.00000     0.00            2.68938E-11   180.00    5.78001E-10   180.00
  -75.00   105.00    -999.99 -999.99 -999.99    0.00000     0.00            4.00846E-11   180.00    5.78001E-10   180.00
  -70.00   105.00    -999.99 -999.99 -999.99    0.00000     0.00            5.29704E-11   180.00    5.78001E-10   180.00
  -65.00   105.00    -999.99 -999.99 -999.99    0.00000     0.00            6.54530E-11   180.00    5.78001E-10   180.00
  -60.00   105.00    -999.99 -999.99 -999.99    0.00000     0.00            7.74375E-11   180.00    5.78001E-10   180.00
  -55.00   105.00    -999.99 -999.99 -999.99    0.00000     0.00            8.88326E-11   180.00    5.78001E-10   180.00
  -50.00   105.00    -999.99 -999.99 -999.99    0.00000     0.00            9.95517E-11   180.00    5.78001E-10   180.00
  -45.00   105.00    -999.99 -999.99 -999.99    0.00000     0.00            1.09513E-10   180.00    5.78001E-10   180.00
  -40.00   105.00    -999.99 -999.99 -999.99    0.00000     0.00            1.18641E-10   180.00    5.78001E-10   180.00
  -35.00   105.00    -999.99 -999.99 -999.99    0.00000     0.00            1.26866E-10   180.00    5.78001E-10   180.00
  -30.00   105.00    -999.99 -999.99 -999.99    0.00000     0.00            1.34126E-10   180.00    5.78001E-10   180.00
  -25.00   105.00    -999.99 -999.99 -999.99    0.00000     0.00            1.40364E-10   180.00    5.78001E-10   180.00
  -20.00   105.00    -999.99 -999.99 -999.99    0.00000     0.00            1.45535E-10   180.00    5.78001E-10   180.00
  -15.00   105.00    -999.99 -999.99 -999.99    0.00000     0.00            1.49598E-10   180.00    5.78001E-10   180.00
  -10.00   105.00    -999.99 -999.99 -999.99    0.00000     0.00            1.52522E-10   180.00    5.78001E-10   180.00
   -5.00   105.00    -999.99 -999.99 -999.99    0.00000     0.00            1.54286E-10   180.00    5.78001E-10   180.00
    0.00   105.00    -999.99 -999.99 -999.99    0.00000     0.00            1.54875E-10   180.00    5.78001E-10   180.00
 -180.00   110.00    -999.99 -999.99 -999.99    0.00000     0.00            2.04662E-10     0.00    5.62303E-10  -180.00
 -175.00   110.00    -999.99 -999.99 -999.99    0.00000     0.00            2.03883E-10     0.00    5.62303E-10  -180.00
 -170.00   110.00    -999.99 -999.99 -999.99    0.00000     0.00            2.01552E-10     0.00    5.62303E-10  -180.00
 -165.00   110.00    -999.99 -999.99 -999.99    0.00000     0.00            1.97688E-10     0.00    5.62304E-10  -180.00
 -160.00   110.00    -999.99 -999.99 -999.99    0.00000     0.00            1.92319E-10     0.00    5.62304E-10  -180.00
 -155.00   110.00    -999.99 -999.99 -999.99    0.00000     0.00            1.85487E-10     0.00    5.62303E-10  -180.00
 -150.00   110.00    -999.99 -999.99 -999.99    0.00000     0.00            1.77242E-10     0.00    5.62303E-10  -180.00
 -145.00   110.00    -999.99 -999.99 -999.99    0.00000     0.00            1.67649E-10     0.00    5.62303E-10  -180.00
 -140.00   110.00    -999.99 -999.99 -999.99    0.00000     0.00            1.56780E-10     0.00    5.62304E-10  -180.00
 -135.00   110.00    -999.99 -999.99 -999.99    0.00000     0.00            1.44718E-10     0.00    5.62303E-10  -180.00
 -130.00   110.00    -999.99 -999.99 -999.99    0.00000     0.00            1.31554E-10     0.00    5.62303E-10  -180.00
 -125.00   110.00    -999.99 -999.99 -999.99    0.00000     0.00            1.17389E-10     0.00    5.62304E-10  -180.00
 -120.00   110.00    -999.99 -999.99 -999.99    0.00000     0.00            1.02331E-10     0.00    5.62303E-10  -180.00
 -115.00   110.00    -999.99 -999.99 -999.99    0.00000     0.00            8.64938E-11     0.00    5.62303E-10  -180.00
 -110.00   110.00    -999.99 -999.99 -999.99    0.00000     0.00            6.99984E-11     0.00    5.62303E-10  -180.00
 -105.00   110.00    -999.99 -999.99 -999.99    0.00000     0.00            5.29704E-11     0.00    5.62303E-10  -180.00
 -100.00   110.00    -999.99 -999.99 -999.99    0.00000     0.00            3.55391E-11     0.00    5.62303E-10  -180.00
  -95.00   110.00    -999.99 -999.99 -999.99    0.00000     0.00            1.78374E-11     0.00    5.62304E-10  -180.00
  -90.00   110.00    -999.99 -999.99 -999.99    0.00000     0.00            1.04447E-21     0.00    5.62304E-10  -180.00
  -85.00   110.00    -999.99 -999.99 -999.99    0.00000     0.00            1.78374E-11   180.00    5.62304E-10   180.00
  -80.00   110.00    -999.99 -999.99 -999.99    0.00000     0.00            3.55391E-11   180.00    5.62303E-10   180.00
  -75.00   110.00    -999.99 -999.99 -999.99    0.00000     0.00            5.29703E-11   180.00    5.62303E-10   180.00
  -70.00   110.00    -999.99 -999.99 -999.99    0.00000     0.00            6.99984E-11   180.00    5.62304E-10   180.00
  -65.00   110.00    -999.99 -999.99 -999.99    0.00000     0.00            8.64938E-11   180.00    5.62303E-10   180.00
  -60.00   110.00    -999.99 -999.99 -999.99    0.00000     0.00            1.02331E-10   180.00    5.62303E-10   180.00
  -55.00   110.00    -999.99 -999.99 -999.99    0.00000     0.00            1.17389E-10   180.00    5.62304E-10   180.00
  -50.00   110.00    -999.99 -999.99 -999.99    0.00000     0.00            1.31554E-10   180.00    5.62304E-10   180.00
  -45.00   110.00    -999.99 -999.99 -999.99    0.00000     0.00            1.44718E-10   180.00    5.62303E-10   180.00
  -40.00   110.00    -999.99 -999.99 -999.99    0.00000     0.00            1.56780E-10   180.00    5.62304E-10   180.00
  -35.00   110.00    -999.99 -999.99 -999.99    0.00000     0.00            1.67649E-10   180.00    5.62303E-10   180.00
  -30.00   110.00    -999.99 -999.99 -999.99    0.00000     0.00            1.77242E-10   180.00    5.62303E-10   180.00
  -25.00   110.00    -999.99 -999.99 -999.99    0.00000     0.00            1.85487E-10   180.00    5.62303E-10   180.00
  -20.00   110.00    -999.99 -999.99 -999.99    0.00000     0.00            1.92319E-10   180.00    5.62304E-10   180.00
  -15.00   110.00    -999.99 -999.99 -999.99    0.00000     0.00            1.97688E-10   180.00    5.62303E-10   180.00
  -10.00   110.00    -999.99 -999.99 -999.99    0.00000     0.00            2.01552E-10   180.00    5.62303E-10   180.00
   -5.00   110.00    -999.99 -999.99 -999.99    0.00000     0.00            2.03883E-10   180.00    5.62303E-10   180.00
    0.00   110.00    -999.99 -999.99 -999.99    0.00000     0.00            2.04662E-10   180.00    5.62303E-10   180.00
 -180.00   115.00    -999.99 -999.99 -999.99    0.00000     0.00            2.52891E-10     0.00    5.42326E-10  -180.00
 -175.00   115.00    -999.99 -999.99 -999.99    0.00000     0.00            2.51929E-10     0.00    5.42326E-10  -180.00
 -170.00   115.00    -999.99 -999.99 -999.99    0.00000     0.00            2.49049E-10     0.00    5.42326E-10  -180.00
 -165.00   115.00    -999.99 -999.99 -999.99    0.00000     0.00            2.44274E-10     0.00    5.42326E-10  -180.00
 -160.00   115.00    -999.99 -999.99 -999.99    0.00000     0.00            2.37640E-10     0.00    5.42326E-10  -180.00
 -155.00   115.00    -999.99 -999.99 -999.99    0.00000     0.00            2.29197E-10     0.00    5.42326E-10  -180.00
 -150.00   115.00    -999.99 -999.99 -999.99    0.00000     0.00            2.19010E-10     0.00    5.42326E-10  -180.00
 -145.00   115.00    -999.99 -999.99 -999.99    0.00000     0.00            2.07156E-10     0.00    5.42326E-10  -180.00
 -140.00   115.00    -999.99 -999.99 -999.99    0.00000     0.00            1.93726E-10     0.00    5.42326E-10  -180.00
 -135.00   115.00    -999.99 -999.99 -999.99    0.00000     0.00            1.78821E-10     0.00    5.42326E-10  -180.00
 -130.00   115.00    -999.99 -999.99 -999.99    0.00000     0.00            1.62555E-10     0.00    5.42326E-10  -180.00
 -125.00   115.00    -999.99 -999.99 -999.99    0.00000     0.00            1.45052E-10     0.00    5.42326E-10  -180.00
 -120.00   115.00    -999.99 -999.99 -999.99    0.00000     0.00            1.26445E-10     0.00    5.42326E-10  -180.00
 -115.00   115.00    -999.99 -999.99 -999.99    0.00000     0.00            1.06876E-10     0.00    5.42326E-10  -180.00
 -110.00   115.00    -999.99 -999.99 -999.99    0.00000     0.00            8.64938E-11     0.00    5.42326E-10  -180.00
 -105.00   115.00    -999.99 -999.99 -999.99    0.00000     0.00            6.54530E-11     0.00    5.42326E-10  -180.00
 -100.00   115.00    -999.99 -999.99 -999.99    0.00000     0.00            4.39140E-11     0.00    5.42326E-10  -180.00
  -95.00   115.00    -999.99 -999.99 -999.99    0.00000     0.00            2.20409E-11     0.00    5.42326E-10  -180.00
  -90.00   115.00    -999.99 -999.99 -999.99    0.00000     0.00            1.29061E-21     0.00    5.42326E-10  -180.00
  -85.00   115.00    -999.99 -999.99 -999.99    0.00000     0.00            2.20409E-11   180.00    5.42326E-10   180.00
  -80.00   115.00    -999.99 -999.99 -999.99    0.00000     0.00            4.39140E-11   180.00    5.42326E-10   180.00
  -75.00   115.00    -999.99 -999.99 -999.99    0.00000     0.00            6.54530E-11   180.00    5.42326E-10   180.00
  -70.00   115.00    -999.99 -999.99 -999.99    0.00000     0.00            8.64938E-11   180.00    5.42326E-10   180.00
  -65.00   115.00    -999.99 -999.99 -999.99    0.00000     0.00            1.06876E-10   180.00    5.42326E-10   180.00
  -60.00   115.00    -999.99 -999.99 -999.99    0.00000     0.00            1.26445E-10   180.00    5.42326E-10   180.00
  -55.00   115.00    -999.99 -999.99 -999.99    0.00000     0.00            1.45052E-10   180.00    5.42326E-10   180.00
  -50.00   115.00    -999.99 -999.99 -999.99    0.00000     0.00            1.62555E-10   180.00    5.42326E-10   180.00
  -45.00   115.00    -999.99 -999.99 -999.99    0.00000     0.00            1.78821E-10   180.00    5.42326E-10   180.00
  -40.00   115.00    -999.99 -999.99 -999.99    0.00000     0.00            1.93726E-10   180.00    5.42326E-10   180.00
  -35.00   115.00    -999.99 -999.99 -999.99    0.00000     0.00            2.07156E-10   180.00    5.42326E-10   180.00
  -30.00   115.00    -999.99 -999.99 -999.99    0.00000     0.00            2.19010E-10   180.00    5.42326E-10   180.00
  -25.00   115.00    -999.99 -999.99 -999.99    0.00000     0.00            2.29197E-10   180.00    5.42326E-10   180.00
  -20.00   115.00    -999.99 -999.99 -999.99    0.00000     0.00            2.37640E-10   180.00    5.42326E-10   180.00
  -15.00   115.00    -999.99 -999.99 -999.99    0.00000     0.00            2.44274E-10   180.00    5.42326E-10   180.00
  -10.00   115.00    -999.99 -999.99 -999.99    0.00000     0.00            2.49049E-10   180.00    5.42326E-10   180.00
   -5.00   115.00    -999.99 -999.99 -999.99    0.00000     0.00            2.51929E-10   180.00    5.42326E-10   180.00
    0.00   115.00    -999.99 -999.99 -999.99    0.00000     0.00            2.52891E-10   180.00    5.42326E-10   180.00
 -180.00   120.00    -999.99 -999.99 -999.99    0.00000     0.00            2.99195E-10     0.00    5.18222E-10  -180.00
 -175.00   120.00    -999.99 -999.99 -999.99    0.00000     0.00            2.98057E-10     0.00    5.18222E-10  -180.00
 -170.00   120.00    -999.99 -999.99 -999.99    0.00000     0.00            2.94650E-10     0.00    5.18222E-10  -180.00
 -165.00   120.00    -999.99 -999.99 -999.99    0.00000     0.00            2.89001E-10     0.00    5.18222E-10  -180.00
 -160.00   120.00    -999.99 -999.99 -999.99    0.00000     0.00            2.81152E-10     0.00    5.18222E-10  -180.00
 -155.00   120.00    -999.99 -999.99 -999.99    0.00000     0.00            2.71163E-10     0.00    5.18222E-10  -180.00
 -150.00   120.00    -999.99 -999.99 -999.99    0.00000     0.00            2.59111E-10     0.00    5.18222E-10  -180.00
 -145.00   120.00    -999.99 -999.99 -999.99    0.00000     0.00            2.45087E-10     0.00    5.18222E-10  -180.00
 -140.00   120.00    -999.99 -999.99 -999.99    0.00000     0.00            2.29197E-10     0.00    5.18222E-10  -180.00
 -135.00   120.00    -999.99 -999.99 -999.99    0.00000     0.00            2.11563E-10     0.00    5.18222E-10  -180.00
 -130.00   120.00    -999.99 -999.99 -999.99    0.00000     0.00            1.92319E-10     0.00    5.18222E-10  -180.00
 -125.00   120.00    -999.99 -999.99 -999.99    0.00000     0.00            1.71611E-10     0.00    5.18222E-10  -180.00
 -120.00   120.00    -999.99 -999.99 -999.99    0.00000     0.00            1.49598E-10     0.00    5.18222E-10  -180.00
 -115.00   120.00    -999.99 -999.99 -999.99    0.00000     0.00            1.26445E-10     0.00    5.18222E-10  -180.00
 -110.00   120.00    -999.99 -999.99 -999.99    0.00000     0.00            1.02331E-10     0.00    5.18222E-10  -180.00
 -105.00   120.00    -999.99 -999.99 -999.99    0.00000     0.00            7.74375E-11     0.00    5.18222E-10  -180.00
 -100.00   120.00    -999.99 -999.99 -999.99    0.00000     0.00            5.19547E-11     0.00    5.18222E-10  -180.00
  -95.00   120.00    -999.99 -999.99 -999.99    0.00000     0.00            2.60766E-11     0.00    5.18222E-10  -180.00
  -90.00   120.00    -999.99 -999.99 -999.99    0.00000     0.00            1.52692E-21     0.00    5.18222E-10  -180.00
  -85.00   120.00    -999.99 -999.99 -999.99    0.00000     0.00            2.60766E-11   180.00    5.18222E-10   180.00
  -80.00   120.00    -999.99 -999.99 -999.99    0.00000     0.00            5.19547E-11   180.00    5.18222E-10   180.00
  -75.00   120.00    -999.99 -999.99 -999.99    0.00000     0.00            7.74375E-11   180.00    5.18222E-10   180.00
  -70.00   120.00    -999.99 -999.99 -999.99    0.00000     0.00            1.02331E-10   180.00    5.18222E-10   180.00
  -65.00   120.00    -999.99 -999.99 -999.99    0.00000     0.00            1.26445E-10   180.00    5.18222E-10   180.00
  -60.00   120.00    -999.99 -999.99 -999.99    0.00000     0.00            1.49598E-10   180.00    5.18222E-10   180.00
  -55.00   120.00    -999.99 -999.99 -999.99    0.00000     0.00            1.71611E-10   180.00    5.18222E-10   180.00
  -50.00   120.00    -999.99 -999.99 -999.99    0.00000     0.00            1.92319E-10   180.00    5.18222E-10   180.00
  -45.00   120.00    -999.99 -999.99 -999.99    0.00000     0.00            2.11563E-10   180.00    5.18222E-10   180.00
  -40.00   120.00    -999.99 -999.99 -999.99    0.00000     0.00            2.29197E-10   180.00    5.18222E-10   180.00
  -35.00   120.00    -999.99 -999.99 -999.99    0.00000     0.00            2.45087E-10   180.00    5.18222E-10   180.00
  -30.00   120.00    -999.99 -999.99 -999.99    0.00000     0.00            2.59111E-10   180.00    5.18222E-10   180.00
  -25.00   120.00    -999.99 -999.99 -999.99    0.00000     0.00            2.71163E-10   180.00    5.18222E-10   180.00
  -20.00   120.00    -999.99 -999.99 -999.99    0.00000     0.00            2.81152E-10   180.00    5.18222E-10   180.00
  -15.00   120.00    -999.99 -999.99 -999.99    0.00000     0.00            2.89001E-10   180.00    5.18222E-10   180.00
  -10.00   120.00    -999.99 -999.99 -999.99    0.00000     0.00            2.94650E-10   180.00    5.18222E-10   180.00
   -5.00   120.00    -999.99 -999.99 -999.99    0.00000     0.00            2.98057E-10   180.00    5.18222E-10   180.00
    0.00   120.00    -999.99 -999.99 -999.99    0.00000     0.00            2.99195E-10   180.00    5.18222E-10   180.00
 -180.00   125.00    -999.99 -999.99 -999.99    0.00000     0.00            3.43223E-10     0.00    4.90173E-10  -180.00
 -175.00   125.00    -999.99 -999.99 -999.99    0.00000     0.00            3.41917E-10     0.00    4.90173E-10  -180.00
 -170.00   125.00    -999.99 -999.99 -999.99    0.00000     0.00            3.38009E-10     0.00    4.90173E-10  -180.00
 -165.00   125.00    -999.99 -999.99 -999.99    0.00000     0.00            3.31528E-10     0.00    4.90173E-10  -180.00
 -160.00   125.00    -999.99 -999.99 -999.99    0.00000     0.00            3.22524E-10     0.00    4.90173E-10  -180.00
 -155.00   125.00    -999.99 -999.99 -999.99    0.00000     0.00            3.11066E-10     0.00    4.90173E-10  -180.00
 -150.00   125.00    -999.99 -999.99 -999.99    0.00000     0.00            2.97240E-10     0.00    4.90173E-10  -180.00
 -145.00   125.00    -999.99 -999.99 -999.99    0.00000     0.00            2.81152E-10     0.00    4.90173E-10  -180.00
 -140.00   125.00    -999.99 -999.99 -999.99    0.00000     0.00            2.62924E-10     0.00    4.90173E-10  -180.00
 -135.00   125.00    -999.99 -999.99 -999.99    0.00000     0.00            2.42695E-10     0.00    4.90173E-10  -180.00
 -130.00   125.00    -999.99 -999.99 -999.99    0.00000     0.00            2.20619E-10     0.00    4.90173E-10  -180.00
 -125.00   125.00    -999.99 -999.99 -999.99    0.00000     0.00            1.96865E-10     0.00    4.90173E-10  -180.00
 -120.00   125.00    -999.99 -999.99 -999.99    0.00000     0.00            1.71611E-10     0.00    4.90173E-10  -180.00
 -115.00   125.00    -999.99 -999.99 -999.99    0.00000     0.00            1.45052E-10     0.00    4.90173E-10  -180.00
 -110.00   125.00    -999.99 -999.99 -999.99    0.00000     0.00            1.17389E-10     0.00    4.90173E-10  -180.00
 -105.00   125.00    -999.99 -999.99 -999.99    0.00000     0.00            8.88326E-11     0.00    4.90173E-10  -180.00
 -100.00   125.00    -999.99 -999.99 -999.99    0.00000     0.00            5.96000E-11     0.00    4.90173E-10  -180.00
  -95.00   125.00    -999.99 -999.99 -999.99    0.00000     0.00            2.99138E-11     0.00    4.90173E-10  -180.00
  -90.00   125.00    -999.99 -999.99 -999.99    0.00000     0.00            1.75161E-21     0.00    4.90173E-10  -180.00
  -85.00   125.00    -999.99 -999.99 -999.99    0.00000     0.00            2.99138E-11   180.00    4.90173E-10   180.00
  -80.00   125.00    -999.99 -999.99 -999.99    0.00000     0.00            5.96000E-11   180.00    4.90173E-10   180.00
  -75.00   125.00    -999.99 -999.99 -999.99    0.00000     0.00            8.88326E-11   180.00    4.90173E-10   180.00
  -70.00   125.00    -999.99 -999.99 -999.99    0.00000     0.00            1.17389E-10   180.00    4.90173E-10   180.00
  -65.00   125.00    -999.99 -999.99 -999.99    0.00000     0.00            1.45052E-10   180.00    4.90173E-10   180.00
  -60.00   125.00    -999.99 -999.99 -999.99    0.00000     0.00            1.71611E-10   180.00    4.90173E-10   180.00
  -55.00   125.00    -999.99 -999.99 -999.99    0.00000     0.00            1.96865E-10   180.00    4.90173E-10   180.00
  -50.00   125.00    -999.99 -999.99 -999.99    0.00000     0.00            2.20619E-10   180.00    4.90173E-10   180.00
  -45.00   125.00    -999.99 -999.99 -999.99    0.00000     0.00            2.42695E-10   180.00    4.90173E-10   180.00
  -40.00   125.00    -999.99 -999.99 -999.99    0.00000     0.00            2.62924E-10   180.00    4.90173E-10   180.00
  -35.00   125.00    -999.99 -999.99 -999.99    0.00000     0.00            2.81152E-10   180.00    4.90173E-10   180.00
  -30.00   125.00    -999.99 -999.99 -999.99    0.00000     0.00            2.97240E-10   180.00    4.90173E-10   180.00
  -25.00   125.00    -999.99 -999.99 -999.99    0.00000     0.00            3.11066E-10   180.00    4.90173E-10   180.00
  -20.00   125.00    -999.99 -999.99 -999.99    0.00000     0.00            3.22524E-10   180.00    4.90173E-10   180.00
  -15.00   125.00    -999.99 -999.99 -999.99    0.00000     0.00            3.31528E-10   180.00    4.90173E-10   180.00
  -10.00   125.00    -999.99 -999.99 -999.99    0.00000     0.00            3.38009E-10   180.00    4.90173E-10   180.00
   -5.00   125.00    -999.99 -999.99 -999.99    0.00000     0.00            3.41917E-10   180.00    4.90173E-10   180.00
    0.00   125.00    -999.99 -999.99 -999.99    0.00000     0.00            3.43223E-10   180.00    4.90173E-10   180.00
 -180.00   130.00    -999.99 -999.99 -999.99    0.00000     0.00            3.84638E-10     0.00    4.58394E-10  -180.00
 -175.00   130.00    -999.99 -999.99 -999.99    0.00000     0.00            3.83175E-10     0.00    4.58394E-10  -180.00
 -170.00   130.00    -999.99 -999.99 -999.99    0.00000     0.00            3.78795E-10     0.00    4.58394E-10  -180.00
 -165.00   130.00    -999.99 -999.99 -999.99    0.00000     0.00            3.71532E-10     0.00    4.58394E-10  -180.00
 -160.00   130.00    -999.99 -999.99 -999.99    0.00000     0.00            3.61442E-10     0.00    4.58394E-10  -180.00
 -155.00   130.00    -999.99 -999.99 -999.99    0.00000     0.00            3.48601E-10     0.00    4.58394E-10  -180.00
 -150.00   130.00    -999.99 -999.99 -999.99    0.00000     0.00            3.33107E-10     0.00    4.58394E-10  -180.00
 -145.00   130.00    -999.99 -999.99 -999.99    0.00000     0.00            3.15077E-10     0.00    4.58394E-10  -180.00
 -140.00   130.00    -999.99 -999.99 -999.99    0.00000     0.00            2.94650E-10     0.00    4.58394E-10  -180.00
 -135.00   130.00    -999.99 -999.99 -999.99    0.00000     0.00            2.71980E-10     0.00    4.58394E-10  -180.00
 -130.00   130.00    -999.99 -999.99 -999.99    0.00000     0.00            2.47241E-10     0.00    4.58394E-10  -180.00
 -125.00   130.00    -999.99 -999.99 -999.99    0.00000     0.00            2.20619E-10     0.00    4.58394E-10  -180.00
 -120.00   130.00    -999.99 -999.99 -999.99    0.00000     0.00            1.92319E-10     0.00    4.58394E-10  -180.00
 -115.00   130.00    -999.99 -999.99 -999.99    0.00000     0.00            1.62555E-10     0.00    4.58394E-10  -180.00
 -110.00   130.00    -999.99 -999.99 -999.99    0.00000     0.00            1.31554E-10     0.00    4.58394E-10  -180.00
 -105.00   130.00    -999.99 -999.99 -999.99    0.00000     0.00            9.95517E-11     0.00    4.58394E-10  -180.00
 -100.00   130.00    -999.99 -999.99 -999.99    0.00000     0.00            6.67917E-11     0.00    4.58394E-10  -180.00
  -95.00   130.00    -999.99 -999.99 -999.99    0.00000     0.00            3.35234E-11     0.00    4.58394E-10  -180.00
  -90.00   130.00    -999.99 -999.99 -999.99    0.00000     0.00            1.96297E-21     0.00    4.58394E-10  -180.00
  -85.00   130.00    -999.99 -999.99 -999.99    0.00000     0.00            3.35234E-11   180.00    4.58394E-10   180.00
  -80.00   130.00    -999.99 -999.99 -999.99    0.00000     0.00            6.67917E-11   180.00    4.58394E-10   180.00
  -75.00   130.00    -999.99 -999.99 -999.99    0.00000     0.00            9.95517E-11   180.00    4.58394E-10   180.00
  -70.00   130.00    -999.99 -999.99 -999.99    0.00000     0.00            1.31554E-10   180.00    4.58394E-10   180.00
  -65.00   130.00    -999.99 -999.99 -999.99    0.00000     0.00            1.62555E-10   180.00    4.58394E-10   180.00
  -60.00   130.00    -999.99 -999.99 -999.99    0.00000     0.00            1.92319E-10   180.00    4.58394E-10   180.00
  -55.00   130.00    -999.99 -999.99 -999.99    0.00000     0.00            2.20619E-10   180.00    4.58394E-10   180.00
  -50.00   130.00    -999.99 -999.99 -999.99    0.00000     0.00            2.47241E-10   180.00    4.58394E-10   180.00
  -45.00   130.00    -999.99 -999.99 -999.99    0.00000     0.00            2.71980E-10   180.00    4.58394E-10   180.00
  -40.00   130.00    -999.99 -999.99 -999.99    0.00000     0.00            2.94650E-10   180.00    4.58394E-10   180.00
  -35.00   130.00    -999.99 -999.99 -999.99    0.00000     0.00            3.15077E-10   180.00    4.58394E-10   180.00
  -30.00   130.00    -999.99 -999.99 -999.99    0.00000     0.00            3.33106E-10   180.00    4.58394E-10   180.00
  -25.00   130.00    -999.99 -999.99 -999.99    0.00000     0.00            3.48601E-10   180.00    4.58394E-10   180.00
  -20.00   130.00    -999.99 -999.99 -999.99    0.00000     0.00            3.61442E-10   180.00    4.58394E-10   180.00
  -15.00   130.00    -999.99 -999.99 -999.99    0.00000     0.00            3.71532E-10   180.00    4.58394E-10   180.00
  -10.00   130.00    -999.99 -999.99 -999.99    0.00000     0.00            3.78795E-10   180.00    4.58394E-10   180.00
   -5.00   130.00    -999.99 -999.99 -999.99    0.00000     0.00            3.83175E-10   180.00    4.58394E-10   180.00
    0.00   130.00    -999.99 -999.99 -999.99    0.00000     0.00            3.84638E-10   180.00    4.58394E-10   180.00
 -180.00   135.00    -999.99 -999.99 -999.99    0.00000     0.00            4.23126E-10     0.00    4.23126E-10  -180.00
 -175.00   135.00    -999.99 -999.99 -999.99    0.00000     0.00            4.21516E-10     0.00    4.23126E-10  -180.00
 -170.00   135.00    -999.99 -999.99 -999.99    0.00000     0.00            4.16698E-10     0.00    4.23126E-10  -180.00
 -165.00   135.00    -999.99 -999.99 -999.99    0.00000     0.00            4.08709E-10     0.00    4.23126E-10  -180.00
 -160.00   135.00    -999.99 -999.99 -999.99    0.00000     0.00            3.97609E-10     0.00    4.23126E-10  -180.00
 -155.00   135.00    -999.99 -999.99 -999.99    0.00000     0.00            3.83483E-10     0.00    4.23126E-10  -180.00
 -150.00   135.00    -999.99 -999.99 -999.99    0.00000     0.00            3.66438E-10     0.00    4.23126E-10  -180.00
 -145.00   135.00    -999.99 -999.99 -999.99    0.00000     0.00            3.46605E-10     0.00    4.23126E-10  -180.00
 -140.00   135.00    -999.99 -999.99 -999.99    0.00000     0.00            3.24134E-10     0.00    4.23126E-10  -180.00
 -135.00   135.00    -999.99 -999.99 -999.99    0.00000     0.00            2.99195E-10     0.00    4.23126E-10  -180.00
 -130.00   135.00    -999.99 -999.99 -999.99    0.00000     0.00            2.71980E-10     0.00    4.23126E-10  -180.00
 -125.00   135.00    -999.99 -999.99 -999.99    0.00000     0.00            2.42695E-10     0.00    4.23126E-10  -180.00
 -120.00   135.00    -999.99 -999.99 -999.99    0.00000     0.00            2.11563E-10     0.00    4.23126E-10  -180.00
 -115.00   135.00    -999.99 -999.99 -999.99    0.00000     0.00            1.78821E-10     0.00    4.23126E-10  -180.00
 -110.00   135.00    -999.99 -999.99 -999.99    0.00000     0.00            1.44718E-10     0.00    4.23126E-10  -180.00
 -105.00   135.00    -999.99 -999.99 -999.99    0.00000     0.00            1.09513E-10     0.00    4.23126E-10  -180.00
 -100.00   135.00    -999.99 -999.99 -999.99    0.00000     0.00            7.34751E-11     0.00    4.23126E-10  -180.00
  -95.00   135.00    -999.99 -999.99 -999.99    0.00000     0.00            3.68779E-11     0.00    4.23126E-10  -180.00
  -90.00   135.00    -999.99 -999.99 -999.99    0.00000     0.00            2.15939E-21     0.00    4.23126E-10  -180.00
  -85.00   135.00    -999.99 -999.99 -999.99    0.00000     0.00            3.68779E-11   180.00    4.23126E-10   180.00
  -80.00   135.00    -999.99 -999.99 -999.99    0.00000     0.00            7.34751E-11   180.00    4.23126E-10   180.00
  -75.00   135.00    -999.99 -999.99 -999.99    0.00000     0.00            1.09513E-10   180.00    4.23126E-10   180.00
  -70.00   135.00    -999.99 -999.99 -999.99    0.00000     0.00            1.44718E-10   180.00    4.23126E-10   180.00
  -65.00   135.00    -999.99 -999.99 -999.99    0.00000     0.00            1.78821E-10   180.00    4.23126E-10   180.00
  -60.00   135.00    -999.99 -999.99 -999.99    0.00000     0.00            2.11563E-10   180.00    4.23126E-10   180.00
  -55.00   135.00    -999.99 -999.99 -999.99    0.00000     0.00            2.42695E-10   180.00    4.23126E-10   180.00
  -50.00   135.00    -999.99 -999.99 -999.99    0.00000     0.00            2.71980E-10   180.00    4.23126E-10   180.00
  -45.00   135.00    -999.99 -999.99 -999.99    0.00000     0.00            2.99195E-10   180.00    4.23126E-10   180.00
  -40.00   135.00    -999.99 -999.99 -999.99    0.00000     0.00            3.24133E-10   180.00    4.23126E-10   180.00
  -35.00   135.00    -999.99 -999.99 -999.99    0.00000     0.00            3.46605E-10   180.00    4.23126E-10   180.00
  -30.00   135.00    -999.99 -999.99 -999.99    0.00000     0.00            3.66438E-10   180.00    4.23126E-10   180.00
  -25.00   135.00    -999.99 -999.99 -999.99    0.00000     0.00            3.83483E-10   180.00    4.23126E-10   180.00
  -20.00   135.00    -999.99 -999.99 -999.99    0.00000     0.00            3.97609E-10   180.00    4.23126E-10   180.00
  -15.00   135.00    -999.99 -999.99 -999.99    0.00000     0.00            4.08709E-10   180.00    4.23126E-10   180.00
  -10.00   135.00    -999.99 -999.99 -999.99    0.00000     0.00            4.16698E-10   180.00    4.23126E-10   180.00
   -5.00   135.00    -999.99 -999.99 -999.99    0.00000     0.00            4.21516E-10   180.00    4.23126E-10   180.00
    0.00   135.00    -999.99 -999.99 -999.99    0.00000     0.00            4.23126E-10   180.00    4.23126E-10   180.00
 -180.00   140.00    -999.99 -999.99 -999.99    0.00000     0.00            4.58394E-10     0.00    3.84638E-10  -180.00
 -175.00   140.00    -999.99 -999.99 -999.99    0.00000     0.00            4.56650E-10     0.00    3.84638E-10  -180.00
 -170.00   140.00    -999.99 -999.99 -999.99    0.00000     0.00            4.51430E-10     0.00    3.84638E-10  -180.00
 -165.00   140.00    -999.99 -999.99 -999.99    0.00000     0.00            4.42775E-10     0.00    3.84638E-10  -180.00
 -160.00   140.00    -999.99 -999.99 -999.99    0.00000     0.00            4.30749E-10     0.00    3.84638E-10  -180.00
 -155.00   140.00    -999.99 -999.99 -999.99    0.00000     0.00            4.15446E-10     0.00    3.84638E-10  -180.00
 -150.00   140.00    -999.99 -999.99 -999.99    0.00000     0.00            3.96981E-10     0.00    3.84638E-10  -180.00
 -145.00   140.00    -999.99 -999.99 -999.99    0.00000     0.00            3.75494E-10     0.00    3.84638E-10  -180.00
 -140.00   140.00    -999.99 -999.99 -999.99    0.00000     0.00            3.51150E-10     0.00    3.84638E-10  -180.00
 -135.00   140.00    -999.99 -999.99 -999.99    0.00000     0.00            3.24133E-10     0.00    3.84638E-10  -180.00
 -130.00   140.00    -999.99 -999.99 -999.99    0.00000     0.00            2.94650E-10     0.00    3.84638E-10  -180.00
 -125.00   140.00    -999.99 -999.99 -999.99    0.00000     0.00            2.62924E-10     0.00    3.84638E-10  -180.00
 -120.00   140.00    -999.99 -999.99 -999.99    0.00000     0.00            2.29197E-10     0.00    3.84638E-10  -180.00
 -115.00   140.00    -999.99 -999.99 -999.99    0.00000     0.00            1.93726E-10     0.00    3.84638E-10  -180.00
 -110.00   140.00    -999.99 -999.99 -999.99    0.00000     0.00            1.56780E-10     0.00    3.84638E-10  -180.00
 -105.00   140.00    -999.99 -999.99 -999.99    0.00000     0.00            1.18641E-10     0.00    3.84638E-10  -180.00
 -100.00   140.00    -999.99 -999.99 -999.99    0.00000     0.00            7.95993E-11     0.00    3.84638E-10  -180.00
  -95.00   140.00    -999.99 -999.99 -999.99    0.00000     0.00            3.99517E-11     0.00    3.84638E-10  -180.00
  -90.00   140.00    -999.99 -999.99 -999.99    0.00000     0.00            2.33937E-21     0.00    3.84638E-10  -180.00
  -85.00   140.00    -999.99 -999.99 -999.99    0.00000     0.00            3.99517E-11   180.00    3.84638E-10   180.00
  -80.00   140.00    -999.99 -999.99 -999.99    0.00000     0.00            7.95993E-11   180.00    3.84638E-10   180.00
  -75.00   140.00    -999.99 -999.99 -999.99    0.00000     0.00            1.18641E-10   180.00    3.84638E-10   180.00
  -70.00   140.00    -999.99 -999.99 -999.99    0.00000     0.00            1.56780E-10   180.00    3.84638E-10   180.00
  -65.00   140.00    -999.99 -999.99 -999.99    0.00000     0.00            1.93726E-10   180.00    3.84638E-10   180.00
  -60.00   140.00    -999.99 -999.99 -999.99    0.00000     0.00            2.29197E-10   180.00    3.84638E-10   180.00
  -55.00   140.00    -999.99 -999.99 -999.99    0.00000     0.00            2.62924E-10   180.00    3.84638E-10   180.00
  -50.00   140.00    -999.99 -999.99 -999.99    0.00000     0.00            2.94650E-10   180.00    3.84638E-10   180.00
  -45.00   140.00    -999.99 -999.99 -999.99    0.00000     0.00            3.24133E-10   180.00    3.84638E-10   180.00
  -40.00   140.00    -999.99 -999.99 -999.99    0.00000     0.00            3.51150E-10   180.00    3.84638E-10   180.00
  -35.00   140.00    -999.99 -999.99 -999.99    0.00000     0.00            3.75494E-10   180.00    3.84638E-10   180.00
  -30.00   140.00    -999.99 -999.99 -999.99    0.00000     0.00            3.96981E-10   180.00    3.84638E-10   180.00
  -25.00   140.00    -999.99 -999.99 -999.99    0.00000     0.00            4.15446E-10   180.00    3.84638E-10   180.00
  -20.00   140.00    -999.99 -999.99 -999.99    0.00000     0.00            4.30749E-10   180.00    3.84638E-10   180.00
  -15.00   140.00    -999.99 -999.99 -999.99    0.00000     0.00            4.42775E-10   180.00    3.84638E-10   180.00
  -10.00   140.00    -999.99 -999.99 -999.99    0.00000     0.00            4.51430E-10   180.00    3.84638E-10   180.00
   -5.00   140.00    -999.99 -999.99 -999.99    0.00000     0.00            4.56650E-10   180.00    3.84638E-10   180.00
    0.00   140.00    -999.99 -999.99 -999.99    0.00000     0.00            4.58394E-10   180.00    3.84638E-10   180.00
 -180.00   145.00    -999.99 -999.99 -999.99    0.00000     0.00            4.90173E-10     0.00    3.43223E-10  -180.00
 -175.00   145.00    -999.99 -999.99 -999.99    0.00000     0.00            4.88308E-10     0.00    3.43223E-10  -180.00
 -170.00   145.00    -999.99 -999.99 -999.99    0.00000     0.00            4.82726E-10     0.00    3.43223E-10  -180.00
 -165.00   145.00    -999.99 -999.99 -999.99    0.00000     0.00            4.73471E-10     0.00    3.43223E-10  -180.00
 -160.00   145.00    -999.99 -999.99 -999.99    0.00000     0.00            4.60612E-10     0.00    3.43223E-10  -180.00
 -155.00   145.00    -999.99 -999.99 -999.99    0.00000     0.00            4.44248E-10     0.00    3.43223E-10  -180.00
 -150.00   145.00    -999.99 -999.99 -999.99    0.00000     0.00            4.24502E-10     0.00    3.43223E-10  -180.00
 -145.00   145.00    -999.99 -999.99 -999.99    0.00000     0.00            4.01526E-10     0.00    3.43223E-10  -180.00
 -140.00   145.00    -999.99 -999.99 -999.99    0.00000     0.00            3.75494E-10     0.00    3.43223E-10  -180.00
 -135.00   145.00    -999.99 -999.99 -999.99    0.00000     0.00            3.46605E-10     0.00    3.43223E-10  -180.00
 -130.00   145.00    -999.99 -999.99 -999.99    0.00000     0.00            3.15077E-10     0.00    3.43223E-10  -180.00
 -125.00   145.00    -999.99 -999.99 -999.99    0.00000     0.00            2.81152E-10     0.00    3.43223E-10  -180.00
 -120.00   145.00    -999.99 -999.99 -999.99    0.00000     0.00            2.45087E-10     0.00    3.43223E-10  -180.00
 -115.00   145.00    -999.99 -999.99 -999.99    0.00000     0.00            2.07156E-10     0.00    3.43223E-10  -180.00
 -110.00   145.00    -999.99 -999.99 -999.99    0.00000     0.00            1.67649E-10     0.00    3.43223E-10  -180.00
 -105.00   145.00    -999.99 -999.99 -999.99    0.00000     0.00            1.26866E-10     0.00    3.43223E-10  -180.00
 -100.00   145.00    -999.99 -999.99 -999.99    0.00000     0.00            8.51177E-11     0.00    3.43223E-10  -180.00
  -95.00   145.00    -999.99 -999.99 -999.99    0.00000     0.00            4.27214E-11     0.00    3.43223E-10  -180.00
  -90.00   145.00    -999.99 -999.99 -999.99    0.00000     0.00            2.50156E-21     0.00    3.43223E-10  -180.00
  -85.00   145.00    -999.99 -999.99 -999.99    0.00000     0.00            4.27214E-11   180.00    3.43223E-10   180.00
  -80.00   145.00    -999.99 -999.99 -999.99    0.00000     0.00            8.51177E-11   180.00    3.43223E-10   180.00
  -75.00   145.00    -999.99 -999.99 -999.99    0.00000     0.00            1.26866E-10   180.00    3.43223E-10   180.00
  -70.00   145.00    -999.99 -999.99 -999.99    0.00000     0.00            1.67649E-10   180.00    3.43223E-10   180.00
  -65.00   145.00    -999.99 -999.99 -999.99    0.00000     0.00            2.07156E-10   180.00    3.43223E-10   180.00
  -60.00   145.00    -999.99 -999.99 -999.99    0.00000     0.00            2.45087E-10   180.00    3.43223E-10   180.00
  -55.00   145.00    -999.99 -999.99 -999.99    0.00000     0.00            2.81152E-10   180.00    3.43223E-10   180.00
  -50.00   145.00    -999.99 -999.99 -999.99    0.00000     0.00            3.15077E-10   180.00    3.43223E-10   180.00
  -45.00   145.00    -999.99 -999.99 -999.99    0.00000     0.00            3.46605E-10   180.00    3.43223E-10   180.00
  -40.00   145.00    -999.99 -999.99 -999.99    0.00000     0.00            3.75494E-10   180.00    3.43223E-10   180.00
  -35.00   145.00    -999.99 -999.99 -999.99    0.00000     0.00            4.01526E-10   180.00    3.43223E-10   180.00
  -30.00   145.00    -999.99 -999.99 -999.99    0.00000     0.00            4.24502E-10   180.00    3.43223E-10   180.00
  -25.00   145.00    -999.99 -999.99 -999.99    0.00000     0.00            4.44248E-10   180.00    3.43223E-10   180.00
  -20.00   145.00    -999.99 -999.99 -999.99    0.00000     0.00            4.60612E-10   180.00    3.43223E-10   180.00
  -15.00   145.00    -999.99 -999.99 -999.99    0.00000     0.00            4.73471E-10   180.00    3.43223E-10   180.00
  -10.00   145.00    -999.99 -999.99 -999.99    0.00000     0.00            4.82726E-10   180.00    3.43223E-10   180.00
   -5.00   145.00    -999.99 -999.99 -999.99    0.00000     0.00            4.88308E-10   180.00    3.43223E-10   180.00
    0.00   145.00    -999.99 -999.99 -999.99    0.00000     0.00            4.90173E-10   180.00    3.43223E-10   180.00
 -180.00   150.00    -999.99 -999.99 -999.99    0.00000     0.00            5.18222E-10     0.00    2.99195E-10  -180.00
 -175.00   150.00    -999.99 -999.99 -999.99    0.00000     0.00            5.16250E-10     0.00    2.99195E-10  -180.00
 -170.00   150.00    -999.99 -999.99 -999.99    0.00000     0.00            5.10349E-10     0.00    2.99195E-10  -180.00
 -165.00   150.00    -999.99 -999.99 -999.99    0.00000     0.00            5.00564E-10     0.00    2.99195E-10  -180.00
 -160.00   150.00    -999.99 -999.99 -999.99    0.00000     0.00            4.86969E-10     0.00    2.99195E-10  -180.00
 -155.00   150.00    -999.99 -999.99 -999.99    0.00000     0.00            4.69668E-10     0.00    2.99195E-10  -180.00
 -150.00   150.00    -999.99 -999.99 -999.99    0.00000     0.00            4.48793E-10     0.00    2.99195E-10  -180.00
 -145.00   150.00    -999.99 -999.99 -999.99    0.00000     0.00            4.24502E-10     0.00    2.99195E-10  -180.00
 -140.00   150.00    -999.99 -999.99 -999.99    0.00000     0.00            3.96981E-10     0.00    2.99195E-10  -180.00
 -135.00   150.00    -999.99 -999.99 -999.99    0.00000     0.00            3.66438E-10     0.00    2.99195E-10  -180.00
 -130.00   150.00    -999.99 -999.99 -999.99    0.00000     0.00            3.33106E-10     0.00    2.99195E-10  -180.00
 -125.00   150.00    -999.99 -999.99 -999.99    0.00000     0.00            2.97240E-10     0.00    2.99195E-10  -180.00
 -120.00   150.00    -999.99 -999.99 -999.99    0.00000     0.00            2.59111E-10     0.00    2.99195E-10  -180.00
 -115.00   150.00    -999.99 -999.99 -999.99    0.00000     0.00            2.19010E-10     0.00    2.99195E-10  -180.00
 -110.00   150.00    -999.99 -999.99 -999.99    0.00000     0.00            1.77242E-10     0.00    2.99195E-10  -180.00
 -105.00   150.00    -999.99 -999.99 -999.99    0.00000     0.00            1.34126E-10     0.00    2.99195E-10  -180.00
 -100.00   150.00    -999.99 -999.99 -999.99    0.00000     0.00            8.99882E-11     0.00    2.99195E-10  -180.00
  -95.00   150.00    -999.99 -999.99 -999.99    0.00000     0.00            4.51660E-11     0.00    2.99195E-10  -180.00
  -90.00   150.00    -999.99 -999.99 -999.99    0.00000     0.00            2.64470E-21     0.00    2.99195E-10  -180.00
  -85.00   150.00    -999.99 -999.99 -999.99    0.00000     0.00            4.51660E-11   180.00    2.99195E-10   180.00
  -80.00   150.00    -999.99 -999.99 -999.99    0.00000     0.00            8.99882E-11   180.00    2.99195E-10   180.00
  -75.00   150.00    -999.99 -999.99 -999.99    0.00000     0.00            1.34126E-10   180.00    2.99195E-10   180.00
  -70.00   150.00    -999.99 -999.99 -999.99    0.00000     0.00            1.77242E-10   180.00    2.99195E-10   180.00
  -65.00   150.00    -999.99 -999.99 -999.99    0.00000     0.00            2.19010E-10   180.00    2.99195E-10   180.00
  -60.00   150.00    -999.99 -999.99 -999.99    0.00000     0.00            2.59111E-10   180.00    2.99195E-10   180.00
  -55.00   150.00    -999.99 -999.99 -999.99    0.00000     0.00            2.97240E-10   180.00    2.99195E-10   180.00
  -50.00   150.00    -999.99 -999.99 -999.99    0.00000     0.00            3.33106E-10   180.00    2.99195E-10   180.00
  -45.00   150.00    -999.99 -999.99 -999.99    0.00000     0.00            3.66438E-10   180.00    2.99195E-10   180.00
  -40.00   150.00    -999.99 -999.99 -999.99    0.00000     0.00            3.96981E-10   180.00    2.99195E-10   180.00
  -35.00   150.00    -999.99 -999.99 -999.99    0.00000     0.00            4.24502E-10   180.00    2.99195E-10   180.00
  -30.00   150.00    -999.99 -999.99 -999.99    0.00000     0.00            4.48793E-10   180.00    2.99195E-10   180.00
  -25.00   150.00    -999.99 -999.99 -999.99    0.00000     0.00            4.69668E-10   180.00    2.99195E-10   180.00
  -20.00   150.00    -999.99 -999.99 -999.99    0.00000     0.00            4.86969E-10   180.00    2.99195E-10   180.00
  -15.00   150.00    -999.99 -999.99 -999.99    0.00000     0.00            5.00564E-10   180.00    2.99195E-10   180.00
  -10.00   150.00    -999.99 -999.99 -999.99    0.00000     0.00            5.10349E-10   180.00    2.99195E-10   180.00
   -5.00   150.00    -999.99 -999.99 -999.99    0.00000     0.00            5.16250E-10   180.00    2.99195E-10   180.00
    0.00   150.00    -999.99 -999.99 -999.99    0.00000     0.00            5.18222E-10   180.00    2.99195E-10   180.00
 -180.00   155.00    -999.99 -999.99 -999.99    0.00000     0.00            5.42326E-10     0.00    2.52891E-10  -180.00
 -175.00   155.00    -999.99 -999.99 -999.99    0.00000     0.00            5.40263E-10     0.00    2.52891E-10  -180.00
 -170.00   155.00    -999.99 -999.99 -999.99    0.00000     0.00            5.34087E-10     0.00    2.52891E-10  -180.00
 -165.00   155.00    -999.99 -999.99 -999.99    0.00000     0.00            5.23847E-10     0.00    2.52891E-10  -180.00
 -160.00   155.00    -999.99 -999.99 -999.99    0.00000     0.00            5.09620E-10     0.00    2.52891E-10  -180.00
 -155.00   155.00    -999.99 -999.99 -999.99    0.00000     0.00            4.91515E-10     0.00    2.52891E-10  -180.00
 -150.00   155.00    -999.99 -999.99 -999.99    0.00000     0.00            4.69668E-10     0.00    2.52891E-10  -180.00
 -145.00   155.00    -999.99 -999.99 -999.99    0.00000     0.00            4.44248E-10     0.00    2.52891E-10  -180.00
 -140.00   155.00    -999.99 -999.99 -999.99    0.00000     0.00            4.15446E-10     0.00    2.52891E-10  -180.00
 -135.00   155.00    -999.99 -999.99 -999.99    0.00000     0.00            3.83483E-10     0.00    2.52891E-10  -180.00
 -130.00   155.00    -999.99 -999.99 -999.99    0.00000     0.00            3.48601E-10     0.00    2.52891E-10  -180.00
 -125.00   155.00    -999.99 -999.99 -999.99    0.00000     0.00            3.11066E-10     0.00    2.52891E-10  -180.00
 -120.00   155.00    -999.99 -999.99 -999.99    0.00000     0.00            2.71163E-10     0.00    2.52891E-10  -180.00
 -115.00   155.00    -999.99 -999.99 -999.99    0.00000     0.00            2.29197E-10     0.00    2.52891E-10  -180.00
 -110.00   155.00    -999.99 -999.99 -999.99    0.00000     0.00            1.85487E-10     0.00    2.52891E-10  -180.00
 -105.00   155.00    -999.99 -999.99 -999.99    0.00000     0.00            1.40364E-10     0.00    2.52891E-10  -180.00
 -100.00   155.00    -999.99 -999.99 -999.99    0.00000     0.00            9.41740E-11     0.00    2.52891E-10  -180.00
  -95.00   155.00    -999.99 -999.99 -999.99    0.00000     0.00            4.72669E-11     0.00    2.52891E-10  -180.00
  -90.00   155.00    -999.99 -999.99 -999.99    0.00000     0.00            2.76771E-21     0.00    2.52891E-10  -180.00
  -85.00   155.00    -999.99 -999.99 -999.99    0.00000     0.00            4.72668E-11   180.00    2.52891E-10   180.00
  -80.00   155.00    -999.99 -999.99 -999.99    0.00000     0.00            9.41740E-11   180.00    2.52891E-10   180.00
  -75.00   155.00    -999.99 -999.99 -999.99    0.00000     0.00            1.40364E-10   180.00    2.52891E-10   180.00
  -70.00   155.00    -999.99 -999.99 -999.99    0.00000     0.00            1.85487E-10   180.00    2.52891E-10   180.00
  -65.00   155.00    -999.99 -999.99 -999.99    0.00000     0.00            2.29197E-10   180.00    2.52891E-10   180.00
  -60.00   155.00    -999.99 -999.99 -999.99    0.00000     0.00            2.71163E-10   180.00    2.52891E-10   180.00
  -55.00   155.00    -999.99 -999.99 -999.99    0.00000     0.00            3.11066E-10   180.00    2.52891E-10   180.00
  -50.00   155.00    -999.99 -999.99 -999.99    0.00000     0.00            3.48601E-10   180.00    2.52891E-10   180.00
  -45.00   155.00    -999.99 -999.99 -999.99    0.00000     0.00            3.83483E-10   180.00    2.52891E-10   180.00
  -40.00   155.00    -999.99 -999.99 -999.99    0.00000     0.00            4.15446E-10   180.00    2.52891E-10   180.00
  -35.00   155.00    -999.99 -999.99 -999.99    0.00000     0.00            4.44248E-10   180.00    2.52891E-10   180.00
  -30.00   155.00    -999.99 -999.99 -999.99    0.00000     0.00            4.69668E-10   180.00    2.52891E-10   180.00
  -25.00   155.00    -999.99 -999.99 -999.99    0.00000     0.00            4.91515E-10   180.00    2.52891E-10   180.00
  -20.00   155.00    -999.99 -999.99 -999.99    0.00000     0.00            5.09620E-10   180.00    2.52891E-10   180.00
  -15.00   155.00    -999.99 -999.99 -999.99    0.00000     0.00            5.23847E-10   180.00    2.52891E-10   180.00
  -10.00   155.00    -999.99 -999.99 -999.99    0.00000     0.00            5.34087E-10   180.00    2.52891E-10   180.00
   -5.00   155.00    -999.99 -999.99 -999.99    0.00000     0.00            5.40263E-10   180.00    2.52891E-10   180.00
    0.00   155.00    -999.99 -999.99 -999.99    0.00000     0.00            5.42326E-10   180.00    2.52891E-10   180.00
 -180.00   160.00    -999.99 -999.99 -999.99    0.00000     0.00            5.62303E-10     0.00    2.04662E-10  -180.00
 -175.00   160.00    -999.99 -999.99 -999.99    0.00000     0.00            5.60164E-10     0.00    2.04662E-10  -180.00
 -170.00   160.00    -999.99 -999.99 -999.99    0.00000     0.00            5.53761E-10     0.00    2.04662E-10  -180.00
 -165.00   160.00    -999.99 -999.99 -999.99    0.00000     0.00            5.43143E-10     0.00    2.04662E-10  -180.00
 -160.00   160.00    -999.99 -999.99 -999.99    0.00000     0.00            5.28392E-10     0.00    2.04662E-10  -180.00
 -155.00   160.00    -999.99 -999.99 -999.99    0.00000     0.00            5.09620E-10     0.00    2.04662E-10  -180.00
 -150.00   160.00    -999.99 -999.99 -999.99    0.00000     0.00            4.86969E-10     0.00    2.04662E-10  -180.00
 -145.00   160.00    -999.99 -999.99 -999.99    0.00000     0.00            4.60612E-10     0.00    2.04662E-10  -180.00
 -140.00   160.00    -999.99 -999.99 -999.99    0.00000     0.00            4.30749E-10     0.00    2.04662E-10  -180.00
 -135.00   160.00    -999.99 -999.99 -999.99    0.00000     0.00            3.97609E-10     0.00    2.04662E-10  -180.00
 -130.00   160.00    -999.99 -999.99 -999.99    0.00000     0.00            3.61442E-10     0.00    2.04662E-10  -180.00
 -125.00   160.00    -999.99 -999.99 -999.99    0.00000     0.00            3.22524E-10     0.00    2.04662E-10  -180.00
 -120.00   160.00    -999.99 -999.99 -999.99    0.00000     0.00            2.81152E-10     0.00    2.04662E-10  -180.00
 -115.00   160.00    -999.99 -999.99 -999.99    0.00000     0.00            2.37640E-10     0.00    2.04662E-10  -180.00
 -110.00   160.00    -999.99 -999.99 -999.99    0.00000     0.00            1.92319E-10     0.00    2.04662E-10  -180.00
 -105.00   160.00    -999.99 -999.99 -999.99    0.00000     0.00            1.45535E-10     0.00    2.04662E-10  -180.00
 -100.00   160.00    -999.99 -999.99 -999.99    0.00000     0.00            9.76430E-11     0.00    2.04662E-10  -180.00
  -95.00   160.00    -999.99 -999.99 -999.99    0.00000     0.00            4.90080E-11     0.00    2.04662E-10  -180.00
  -90.00   160.00    -999.99 -999.99 -999.99    0.00000     0.00            2.86967E-21     0.00    2.04662E-10  -180.00
  -85.00   160.00    -999.99 -999.99 -999.99    0.00000     0.00            4.90080E-11   180.00    2.04662E-10   180.00
  -80.00   160.00    -999.99 -999.99 -999.99    0.00000     0.00            9.76430E-11   180.00    2.04662E-10   180.00
  -75.00   160.00    -999.99 -999.99 -999.99    0.00000     0.00            1.45535E-10   180.00    2.04662E-10   180.00
  -70.00   160.00    -999.99 -999.99 -999.99    0.00000     0.00            1.92319E-10   180.00    2.04662E-10   180.00
  -65.00   160.00    -999.99 -999.99 -999.99    0.00000     0.00            2.37640E-10   180.00    2.04662E-10   180.00
  -60.00   160.00    -999.99 -999.99 -999.99    0.00000     0.00            2.81152E-10   180.00    2.04662E-10   180.00
  -55.00   160.00    -999.99 -999.99 -999.99    0.00000     0.00            3.22524E-10   180.00    2.04662E-10   180.00
  -50.00   160.00    -999.99 -999.99 -999.99    0.00000     0.00            3.61442E-10   180.00    2.04662E-10   180.00
  -45.00   160.00    -999.99 -999.99 -999.99    0.00000     0.00            3.97609E-10   180.00    2.04662E-10   180.00
  -40.00   160.00    -999.99 -999.99 -999.99    0.00000     0.00            4.30749E-10   180.00    2.04662E-10   180.00
  -35.00   160.00    -999.99 -999.99 -999.99    0.00000     0.00            4.60612E-10   180.00    2.04662E-10   180.00
  -30.00   160.00    -999.99 -999.99 -999.99    0.00000     0.00            4.86969E-10   180.00    2.04662E-10   180.00
  -25.00   160.00    -999.99 -999.99 -999.99    0.00000     0.00            5.09620E-10   180.00    2.04662E-10   180.00
  -20.00   160.00    -999.99 -999.99 -999.99    0.00000     0.00            5.28392E-10   180.00    2.04662E-10   180.00
  -15.00   160.00    -999.99 -999.99 -999.99    0.00000     0.00            5.43143E-10   180.00    2.04662E-10   180.00
  -10.00   160.00    -999.99 -999.99 -999.99    0.00000     0.00            5.53761E-10   180.00    2.04662E-10   180.00
   -5.00   160.00    -999.99 -999.99 -999.99    0.00000     0.00            5.60164E-10   180.00    2.04662E-10   180.00
    0.00   160.00    -999.99 -999.99 -999.99    0.00000     0.00            5.62303E-10   180.00    2.04662E-10   180.00
 -180.00   165.00    -999.99 -999.99 -999.99    0.00000     0.00            5.78001E-10     0.00    1.54875E-10  -180.00
 -175.00   165.00    -999.99 -999.99 -999.99    0.00000     0.00            5.75802E-10     0.00    1.54875E-10  -180.00
 -170.00   165.00    -999.99 -999.99 -999.99    0.00000     0.00            5.69220E-10     0.00    1.54875E-10  -180.00
 -165.00   165.00    -999.99 -999.99 -999.99    0.00000     0.00            5.58306E-10     0.00    1.54875E-10  -180.00
 -160.00   165.00    -999.99 -999.99 -999.99    0.00000     0.00            5.43143E-10     0.00    1.54875E-10  -180.00
 -155.00   165.00    -999.99 -999.99 -999.99    0.00000     0.00            5.23847E-10     0.00    1.54875E-10  -180.00
 -150.00   165.00    -999.99 -999.99 -999.99    0.00000     0.00            5.00564E-10     0.00    1.54875E-10  -180.00
 -145.00   165.00    -999.99 -999.99 -999.99    0.00000     0.00            4.73471E-10     0.00    1.54875E-10  -180.00
 -140.00   165.00    -999.99 -999.99 -999.99    0.00000     0.00            4.42775E-10     0.00    1.54875E-10  -180.00
 -135.00   165.00    -999.99 -999.99 -999.99    0.00000     0.00            4.08709E-10     0.00    1.54875E-10  -180.00
 -130.00   165.00    -999.99 -999.99 -999.99    0.00000     0.00            3.71532E-10     0.00    1.54875E-10  -180.00
 -125.00   165.00    -999.99 -999.99 -999.99    0.00000     0.00            3.31528E-10     0.00    1.54875E-10  -180.00
 -120.00   165.00    -999.99 -999.99 -999.99    0.00000     0.00            2.89001E-10     0.00    1.54875E-10  -180.00
 -115.00   165.00    -999.99 -999.99 -999.99    0.00000     0.00            2.44274E-10     0.00    1.54875E-10  -180.00
 -110.00   165.00    -999.99 -999.99 -999.99    0.00000     0.00            1.97688E-10     0.00    1.54875E-10  -180.00
 -105.00   165.00    -999.99 -999.99 -999.99    0.00000     0.00            1.49598E-10     0.00    1.54875E-10  -180.00
 -100.00   165.00    -999.99 -999.99 -999.99    0.00000     0.00            1.00369E-10     0.00    1.54875E-10  -180.00
  -95.00   165.00    -999.99 -999.99 -999.99    0.00000     0.00            5.03761E-11     0.00    1.54875E-10  -180.00
  -90.00   165.00    -999.99 -999.99 -999.99    0.00000     0.00            2.94978E-21     0.00    1.54875E-10  -180.00
  -85.00   165.00    -999.99 -999.99 -999.99    0.00000     0.00            5.03761E-11   180.00    1.54875E-10   180.00
  -80.00   165.00    -999.99 -999.99 -999.99    0.00000     0.00            1.00369E-10   180.00    1.54875E-10   180.00
  -75.00   165.00    -999.99 -999.99 -999.99    0.00000     0.00            1.49598E-10   180.00    1.54875E-10   180.00
  -70.00   165.00    -999.99 -999.99 -999.99    0.00000     0.00            1.97688E-10   180.00    1.54875E-10   180.00
  -65.00   165.00    -999.99 -999.99 -999.99    0.00000     0.00            2.44274E-10   180.00    1.54875E-10   180.00
  -60.00   165.00    -999.99 -999.99 -999.99    0.00000     0.00            2.89001E-10   180.00    1.54875E-10   180.00
  -55.00   165.00    -999.99 -999.99 -999.99    0.00000     0.00            3.31528E-10   180.00    1.54875E-10   180.00
  -50.00   165.00    -999.99 -999.99 -999.99    0.00000     0.00            3.71532E-10   180.00    1.54875E-10   180.00
  -45.00   165.00    -999.99 -999.99 -999.99    0.00000     0.00            4.08709E-10   180.00    1.54875E-10   180.00
  -40.00   165.00    -999.99 -999.99 -999.99    0.00000     0.00            4.42775E-10   180.00    1.54875E-10   180.00
  -35.00   165.00    -999.99 -999.99 -999.99    0.00000     0.00            4.73471E-10   180.00    1.54875E-10   180.00
  -30.00   165.00    -999.99 -999.99 -999.99    0.00000     0.00            5.00564E-10   180.00    1.54875E-10   180.00
  -25.00   165.00    -999.99 -999.99 -999.99    0.00000     0.00            5.23847E-10   180.00    1.54875E-10   180.00
  -20.00   165.00    -999.99 -999.99 -999.99    0.00000     0.00            5.43143E-10   180.00    1.54875E-10   180.00
  -15.00   165.00    -999.99 -999.99 -999.99    0.00000     0.00            5.58306E-10   180.00    1.54875E-10   180.00
  -10.00   165.00    -999.99 -999.99 -999.99    0.00000     0.00            5.69220E-10   180.00    1.54875E-10   180.00
   -5.00   165.00    -999.99 -999.99 -999.99    0.00000     0.00            5.75802E-10   180.00    1.54875E-10   180.00
    0.00   165.00    -999.99 -999.99 -999.99    0.00000     0.00            5.78001E-10   180.00    1.54875E-10   180.00
 -180.00   170.00    -999.99 -999.99 -999.99    0.00000     0.00            5.89300E-10     0.00    1.03909E-10  -180.00
 -175.00   170.00    -999.99 -999.99 -999.99    0.00000     0.00            5.87057E-10     0.00    1.03909E-10  -180.00
 -170.00   170.00    -999.99 -999.99 -999.99    0.00000     0.00            5.80347E-10     0.00    1.03909E-10  -180.00
 -165.00   170.00    -999.99 -999.99 -999.99    0.00000     0.00            5.69220E-10     0.00    1.03909E-10  -180.00
 -160.00   170.00    -999.99 -999.99 -999.99    0.00000     0.00            5.53761E-10     0.00    1.03909E-10  -180.00
 -155.00   170.00    -999.99 -999.99 -999.99    0.00000     0.00            5.34087E-10     0.00    1.03909E-10  -180.00
 -150.00   170.00    -999.99 -999.99 -999.99    0.00000     0.00            5.10349E-10     0.00    1.03909E-10  -180.00
 -145.00   170.00    -999.99 -999.99 -999.99    0.00000     0.00            4.82726E-10     0.00    1.03909E-10  -180.00
 -140.00   170.00    -999.99 -999.99 -999.99    0.00000     0.00            4.51430E-10     0.00    1.03909E-10  -180.00
 -135.00   170.00    -999.99 -999.99 -999.99    0.00000     0.00            4.16698E-10     0.00    1.03909E-10  -180.00
 -130.00   170.00    -999.99 -999.99 -999.99    0.00000     0.00            3.78795E-10     0.00    1.03909E-10  -180.00
 -125.00   170.00    -999.99 -999.99 -999.99    0.00000     0.00            3.38009E-10     0.00    1.03909E-10  -180.00
 -120.00   170.00    -999.99 -999.99 -999.99    0.00000     0.00            2.94650E-10     0.00    1.03909E-10  -180.00
 -115.00   170.00    -999.99 -999.99 -999.99    0.00000     0.00            2.49049E-10     0.00    1.03909E-10  -180.00
 -110.00   170.00    -999.99 -999.99 -999.99    0.00000     0.00            2.01552E-10     0.00    1.03909E-10  -180.00
 -105.00   170.00    -999.99 -999.99 -999.99    0.00000     0.00            1.52522E-10     0.00    1.03909E-10  -180.00
 -100.00   170.00    -999.99 -999.99 -999.99    0.00000     0.00            1.02331E-10     0.00    1.03909E-10  -180.00
  -95.00   170.00    -999.99 -999.99 -999.99    0.00000     0.00            5.13609E-11     0.00    1.03909E-10  -180.00
  -90.00   170.00    -999.99 -999.99 -999.99    0.00000     0.00            3.00744E-21     0.00    1.03909E-10  -180.00
  -85.00   170.00    -999.99 -999.99 -999.99    0.00000     0.00            5.13609E-11   180.00    1.03909E-10   180.00
  -80.00   170.00    -999.99 -999.99 -999.99    0.00000     0.00            1.02331E-10   180.00    1.03909E-10   180.00
  -75.00   170.00    -999.99 -999.99 -999.99    0.00000     0.00            1.52522E-10   180.00    1.03909E-10   180.00
  -70.00   170.00    -999.99 -999.99 -999.99    0.00000     0.00            2.01552E-10   180.00    1.03909E-10   180.00
  -65.00   170.00    -999.99 -999.99 -999.99    0.00000     0.00            2.49049E-10   180.00    1.03909E-10   180.00
  -60.00   170.00    -999.99 -999.99 -999.99    0.00000     0.00            2.94650E-10   180.00    1.03909E-10   180.00
  -55.00   170.00    -999.99 -999.99 -999.99    0.00000     0.00            3.38009E-10   180.00    1.03909E-10   180.00
  -50.00   170.00    -999.99 -999.99 -999.99    0.00000     0.00            3.78795E-10   180.00    1.03909E-10   180.00
  -45.00   170.00    -999.99 -999.99 -999.99    0.00000     0.00            4.16698E-10   180.00    1.03909E-10   180.00
  -40.00   170.00    -999.99 -999.99 -999.99    0.00000     0.00            4.51430E-10   180.00    1.03909E-10   180.00
  -35.00   170.00    -999.99 -999.99 -999.99    0.00000     0.00            4.82726E-10   180.00    1.03909E-10   180.00
  -30.00   170.00    -999.99 -999.99 -999.99    0.00000     0.00            5.10349E-10   180.00    1.03909E-10   180.00
  -25.00   170.00    -999.99 -999.99 -999.99    0.00000     0.00            5.34087E-10   180.00    1.03909E-10   180.00
  -20.00   170.00    -999.99 -999.99 -999.99    0.00000     0.00            5.53761E-10   180.00    1.03909E-10   180.00
  -15.00   170.00    -999.99 -999.99 -999.99    0.00000     0.00            5.69220E-10   180.00    1.03909E-10   180.00
  -10.00   170.00    -999.99 -999.99 -999.99    0.00000     0.00            5.80347E-10   180.00    1.03909E-10   180.00
   -5.00   170.00    -999.99 -999.99 -999.99    0.00000     0.00            5.87057E-10   180.00    1.03909E-10   180.00
    0.00   170.00    -999.99 -999.99 -999.99    0.00000     0.00            5.89300E-10   180.00    1.03909E-10   180.00
 -180.00   175.00    -999.99 -999.99 -999.99    0.00000     0.00            5.96114E-10     0.00    5.21532E-11  -180.00
 -175.00   175.00    -999.99 -999.99 -999.99    0.00000     0.00            5.93845E-10     0.00    5.21532E-11  -180.00
 -170.00   175.00    -999.99 -999.99 -999.99    0.00000     0.00            5.87058E-10     0.00    5.21532E-11  -180.00
 -165.00   175.00    -999.99 -999.99 -999.99    0.00000     0.00            5.75802E-10     0.00    5.21532E-11  -180.00
 -160.00   175.00    -999.99 -999.99 -999.99    0.00000     0.00            5.60164E-10     0.00    5.21532E-11  -180.00
 -155.00   175.00    -999.99 -999.99 -999.99    0.00000     0.00            5.40262E-10     0.00    5.21532E-11  -180.00
 -150.00   175.00    -999.99 -999.99 -999.99    0.00000     0.00            5.16250E-10     0.00    5.21532E-11  -180.00
 -145.00   175.00    -999.99 -999.99 -999.99    0.00000     0.00            4.88308E-10     0.00    5.21532E-11  -180.00
 -140.00   175.00    -999.99 -999.99 -999.99    0.00000     0.00            4.56650E-10     0.00    5.21532E-11  -180.00
 -135.00   175.00    -999.99 -999.99 -999.99    0.00000     0.00            4.21516E-10     0.00    5.21532E-11  -180.00
 -130.00   175.00    -999.99 -999.99 -999.99    0.00000     0.00            3.83175E-10     0.00    5.21532E-11  -180.00
 -125.00   175.00    -999.99 -999.99 -999.99    0.00000     0.00            3.41917E-10     0.00    5.21532E-11  -180.00
 -120.00   175.00    -999.99 -999.99 -999.99    0.00000     0.00            2.98057E-10     0.00    5.21532E-11  -180.00
 -115.00   175.00    -999.99 -999.99 -999.99    0.00000     0.00            2.51929E-10     0.00    5.21532E-11  -180.00
 -110.00   175.00    -999.99 -999.99 -999.99    0.00000     0.00            2.03883E-10     0.00    5.21532E-11  -180.00
 -105.00   175.00    -999.99 -999.99 -999.99    0.00000     0.00            1.54286E-10     0.00    5.21532E-11  -180.00
 -100.00   175.00    -999.99 -999.99 -999.99    0.00000     0.00            1.03514E-10     0.00    5.21532E-11  -180.00
  -95.00   175.00    -999.99 -999.99 -999.99    0.00000     0.00            5.19547E-11     0.00    5.21532E-11  -180.00
  -90.00   175.00    -999.99 -999.99 -999.99    0.00000     0.00            3.04221E-21     0.00    5.21532E-11  -180.00
  -85.00   175.00    -999.99 -999.99 -999.99    0.00000     0.00            5.19547E-11   180.00    5.21532E-11   180.00
  -80.00   175.00    -999.99 -999.99 -999.99    0.00000     0.00            1.03514E-10   180.00    5.21532E-11   180.00
  -75.00   175.00    -999.99 -999.99 -999.99    0.00000     0.00            1.54286E-10   180.00    5.21532E-11   180.00
  -70.00   175.00    -999.99 -999.99 -999.99    0.00000     0.00            2.03883E-10   180.00    5.21532E-11   180.00
  -65.00   175.00    -999.99 -999.99 -999.99    0.00000     0.00            2.51929E-10   180.00    5.21532E-11   180.00
  -60.00   175.00    -999.99 -999.99 -999.99    0.00000     0.00            2.98057E-10   180.00    5.21532E-11   180.00
  -55.00   175.00    -999.99 -999.99 -999.99    0.00000     0.00            3.41917E-10   180.00    5.21532E-11   180.00
  -50.00   175.00    -999.99 -999.99 -999.99    0.00000     0.00            3.83175E-10   180.00    5.21532E-11   180.00
  -45.00   175.00    -999.99 -999.99 -999.99    0.00000     0.00            4.21516E-10   180.00    5.21532E-11   180.00
  -40.00   175.00    -999.99 -999.99 -999.99    0.00000     0.00            4.56650E-10   180.00    5.21532E-11   180.00
  -35.00   175.00    -999.99 -999.99 -999.99    0.00000     0.00            4.88308E-10   180.00    5.21532E-11   180.00
  -30.00   175.00    -999.99 -999.99 -999.99    0.00000     0.00            5.16250E-10   180.00    5.21532E-11   180.00
  -25.00   175.00    -999.99 -999.99 -999.99    0.00000     0.00            5.40263E-10   180.00    5.21532E-11   180.00
  -20.00   175.00    -999.99 -999.99 -999.99    0.00000     0.00            5.60164E-10   180.00    5.21532E-11   180.00
  -15.00   175.00    -999.99 -999.99 -999.99    0.00000     0.00            5.75802E-10   180.00    5.21532E-11   180.00
  -10.00   175.00    -999.99 -999.99 -999.99    0.00000     0.00            5.87057E-10   180.00    5.21532E-11   180.00
   -5.00   175.00    -999.99 -999.99 -999.99    0.00000     0.00            5.93845E-10   180.00    5.21532E-11   180.00
    0.00   175.00    -999.99 -999.99 -999.99    0.00000     0.00            5.96114E-10   180.00    5.21532E-11   180.00
 -180.00   180.00    -999.99 -999.99 -999.99    0.00000     0.00            5.98391E-10     0.00    6.10767E-21     0.00
 -175.00   180.00    -999.99 -999.99 -999.99    0.00000     0.00            5.96114E-10     0.00    6.10767E-21     0.00
 -170.00   180.00    -999.99 -999.99 -999.99    0.00000     0.00            5.89300E-10     0.00    6.10767E-21     0.00
 -165.00   180.00    -999.99 -999.99 -999.99    0.00000     0.00            5.78001E-10     0.00    6.10767E-21     0.00
 -160.00   180.00    -999.99 -999.99 -999.99    0.00000     0.00            5.62304E-10     0.00    6.10767E-21     0.00
 -155.00   180.00    -999.99 -999.99 -999.99    0.00000     0.00            5.42326E-10     0.00    6.10767E-21     0.00
 -150.00   180.00    -999.99 -999.99 -999.99    0.00000     0.00            5.18222E-10     0.00    6.10767E-21     0.00
 -145.00   180.00    -999.99 -999.99 -999.99    0.00000     0.00            4.90173E-10     0.00    6.10767E-21     0.00
 -140.00   180.00    -999.99 -999.99 -999.99    0.00000     0.00            4.58394E-10     0.00    6.10767E-21     0.00
 -135.00   180.00    -999.99 -999.99 -999.99    0.00000     0.00            4.23126E-10     0.00    6.10767E-21     0.00
 -130.00   180.00    -999.99 -999.99 -999.99    0.00000     0.00            3.84638E-10     0.00    6.10767E-21     0.00
 -125.00   180.00    -999.99 -999.99 -999.99    0.00000     0.00            3.43223E-10     0.00    6.10767E-21     0.00
 -120.00   180.00    -999.99 -999.99 -999.99    0.00000     0.00            2.99195E-10     0.00    6.10767E-21     0.00
 -115.00   180.00    -999.99 -999.99 -999.99    0.00000     0.00            2.52891E-10     0.00    6.10767E-21     0.00
 -110.00   180.00    -999.99 -999.99 -999.99    0.00000     0.00            2.04662E-10     0.00    6.10767E-21     0.00
 -105.00   180.00    -999.99 -999.99 -999.99    0.00000     0.00            1.54875E-10     0.00    6.10767E-21     0.00
 -100.00   180.00    -999.99 -999.99 -999.99    0.00000     0.00            1.03909E-10     0.00    6.10767E-21     0.00
  -95.00   180.00    -999.99 -999.99 -999.99    0.00000     0.00            5.21532E-11     0.00    6.10767E-21     0.00
  -90.00   180.00    -999.99 -999.99 -999.99    0.00000     0.00            3.05384E-21     0.00    6.10767E-21     0.00
  -85.00   180.00    -999.99 -999.99 -999.99    0.00000     0.00            5.21532E-11   180.00    6.10767E-21     0.00
  -80.00   180.00    -999.99 -999.99 -999.99    0.00000     0.00            1.03909E-10   180.00    6.10767E-21     0.00
  -75.00   180.00    -999.99 -999.99 -999.99    0.00000     0.00            1.54875E-10   180.00    6.10767E-21     0.00
  -70.00   180.00    -999.99 -999.99 -999.99    0.00000     0.00            2.04662E-10   180.00    6.10767E-21     0.00
  -65.00   180.00    -999.99 -999.99 -999.99    0.00000     0.00            2.52891E-10   180.00    6.10767E-21     0.00
  -60.00   180.00    -999.99 -999.99 -999.99    0.00000     0.00            2.99195E-10   180.00    6.10767E-21     0.00
  -55.00   180.00    -999.99 -999.99 -999.99    0.00000     0.00            3.43223E-10   180.00    6.10767E-21     0.00
  -50.00   180.00    -999.99 -999.99 -999.99    0.00000     0.00            3.84638E-10   180.00    6.10767E-21     0.00
  -45.00   180.00    -999.99 -999.99 -999.99    0.00000     0.00            4.23126E-10   180.00    6.10767E-21     0.00
  -40.00   180.00    -999.99 -999.99 -999.99    0.00000     0.00            4.58394E-10   180.00    6.10767E-21     0.00
  -35.00   180.00    -999.99 -999.99 -999.99    0.00000     0.00            4.90173E-10   180.00    6.10767E-21     0.00
  -30.00   180.00    -999.99 -999.99 -999.99    0.00000     0.00            5.18222E-10   180.00    6.10767E-21     0.00
  -25.00   180.00    -999.99 -999.99 -999.99    0.00000     0.00            5.42326E-10   180.00    6.10767E-21     0.00
  -20.00   180.00    -999.99 -999.99 -999.99    0.00000     0.00            5.62303E-10   180.00    6.10767E-21     0.00
  -15.00   180.00    -999.99 -999.99 -999.99    0.00000     0.00            5.78001E-10   180.00    6.10767E-21     0.00
  -10.00   180.00    -999.99 -999.99 -999.99    0.00000     0.00            5.89300E-10   180.00    6.10767E-21     0.00
   -5.00   180.00    -999.99 -999.99 -999.99    0.00000     0.00            5.96114E-10   180.00    6.10767E-21     0.00
    0.00   180.00    -999.99 -999.99 -999.99    0.00000     0.00            5.98391E-10   180.00    6.10767E-21     0.00
 -180.00   185.00    -999.99 -999.99 -999.99    0.00000     0.00            5.96114E-10     0.00    5.21532E-11     0.00
 -175.00   185.00    -999.99 -999.99 -999.99    0.00000     0.00            5.93845E-10     0.00    5.21532E-11     0.00
 -170.00   185.00    -999.99 -999.99 -999.99    0.00000     0.00            5.87057E-10     0.00    5.21532E-11     0.00
 -165.00   185.00    -999.99 -999.99 -999.99    0.00000     0.00            5.75802E-10     0.00    5.21532E-11     0.00
 -160.00   185.00    -999.99 -999.99 -999.99    0.00000     0.00            5.60164E-10     0.00    5.21532E-11     0.00
 -155.00   185.00    -999.99 -999.99 -999.99    0.00000     0.00            5.40263E-10     0.00    5.21532E-11     0.00
 -150.00   185.00    -999.99 -999.99 -999.99    0.00000     0.00            5.16250E-10     0.00    5.21532E-11     0.00
 -145.00   185.00    -999.99 -999.99 -999.99    0.00000     0.00            4.88308E-10     0.00    5.21532E-11     0.00
 -140.00   185.00    -999.99 -999.99 -999.99    0.00000     0.00            4.56650E-10     0.00    5.21532E-11     0.00
 -135.00   185.00    -999.99 -999.99 -999.99    0.00000     0.00            4.21516E-10     0.00    5.21532E-11     0.00
 -130.00   185.00    -999.99 -999.99 -999.99    0.00000     0.00            3.83175E-10     0.00    5.21532E-11     0.00
 -125.00   185.00    -999.99 -999.99 -999.99    0.00000     0.00            3.41917E-10     0.00    5.21532E-11     0.00
 -120.00   185.00    -999.99 -999.99 -999.99    0.00000     0.00            2.98057E-10     0.00    5.21532E-11     0.00
 -115.00   185.00    -999.99 -999.99 -999.99    0.00000     0.00            2.51929E-10     0.00    5.21532E-11     0.00
 -110.00   185.00    -999.99 -999.99 -999.99    0.00000     0.00            2.03883E-10     0.00    5.21532E-11     0.00
 -105.00   185.00    -999.99 -999.99 -999.99    0.00000     0.00            1.54286E-10     0.00    5.21532E-11     0.00
 -100.00   185.00    -999.99 -999.99 -999.99    0.00000     0.00            1.03514E-10     0.00    5.21532E-11     0.00
  -95.00   185.00    -999.99 -999.99 -999.99    0.00000     0.00            5.19547E-11     0.00    5.21532E-11     0.00
  -90.00   185.00    -999.99 -999.99 -999.99    0.00000     0.00            3.04221E-21     0.00    5.21532E-11     0.00
  -85.00   185.00    -999.99 -999.99 -999.99    0.00000     0.00            5.19547E-11   180.00    5.21532E-11     0.00
  -80.00   185.00    -999.99 -999.99 -999.99    0.00000     0.00            1.03514E-10   180.00    5.21532E-11     0.00
  -75.00   185.00    -999.99 -999.99 -999.99    0.00000     0.00            1.54286E-10   180.00    5.21532E-11     0.00
  -70.00   185.00    -999.99 -999.99 -999.99    0.00000     0.00            2.03883E-10   180.00    5.21532E-11     0.00
  -65.00   185.00    -999.99 -999.99 -999.99    0.00000     0.00            2.51929E-10   180.00    5.21532E-11     0.00
  -60.00   185.00    -999.99 -999.99 -999.99    0.00000     0.00            2.98057E-10   180.00    5.21532E-11     0.00
  -55.00   185.00    -999.99 -999.99 -999.99    0.00000     0.00            3.41917E-10   180.00    5.21532E-11     0.00
  -50.00   185.00    -999.99 -999.99 -999.99    0.00000     0.00            3.83175E-10   180.00    5.21532E-11     0.00
  -45.00   185.00    -999.99 -999.99 -999.99    0.00000     0.00            4.21516E-10   180.00    5.21532E-11     0.00
  -40.00   185.00    -999.99 -999.99 -999.99    0.00000     0.00            4.56650E-10   180.00    5.21532E-11     0.00
  -35.00   185.00    -999.99 -999.99 -999.99    0.00000     0.00            4.88308E-10   180.00    5.21532E-11     0.00
  -30.00   185.00    -999.99 -999.99 -999.99    0.00000     0.00            5.16250E-10   180.00    5.21532E-11     0.00
  -25.00   185.00    -999.99 -999.99 -999.99    0.00000     0.00            5.40263E-10   180.00    5.21532E-11     0.00
  -20.00   185.00    -999.99 -999.99 -999.99    0.00000     0.00            5.60164E-10   180.00    5.21532E-11     0.00
  -15.00   185.00    -999.99 -999.99 -999.99    0.00000     0.00            5.75802E-10   180.00    5.21532E-11     0.00
  -10.00   185.00    -999.99 -999.99 -999.99    0.00000     0.00            5.87057E-10   180.00    5.21532E-11     0.00
   -5.00   185.00    -999.99 -999.99 -999.99    0.00000     0.00            5.93845E-10   180.00    5.21532E-11     0.00
    0.00   185.00    -999.99 -999.99 -999.99    0.00000     0.00            5.96114E-10   180.00    5.21532E-11     0.00
 -180.00   190.00    -999.99 -999.99 -999.99    0.00000     0.00            5.89300E-10     0.00    1.03909E-10     0.00
 -175.00   190.00    -999.99 -999.99 -999.99    0.00000     0.00            5.87057E-10     0.00    1.03909E-10     0.00
 -170.00   190.00    -999.99 -999.99 -999.99    0.00000     0.00            5.80347E-10     0.00    1.03909E-10     0.00
 -165.00   190.00    -999.99 -999.99 -999.99    0.00000     0.00            5.69220E-10     0.00    1.03909E-10     0.00
 -160.00   190.00    -999.99 -999.99 -999.99    0.00000     0.00            5.53761E-10     0.00    1.03909E-10     0.00
 -155.00   190.00    -999.99 -999.99 -999.99    0.00000     0.00            5.34087E-10     0.00    1.03909E-10     0.00
 -150.00   190.00    -999.99 -999.99 -999.99    0.00000     0.00            5.10349E-10     0.00    1.03909E-10     0.00
 -145.00   190.00    -999.99 -999.99 -999.99    0.00000     0.00            4.82726E-10     0.00    1.03909E-10     0.00
 -140.00   190.00    -999.99 -999.99 -999.99    0.00000     0.00            4.51430E-10     0.00    1.03909E-10     0.00
 -135.00   190.00    -999.99 -999.99 -999.99    0.00000     0.00            4.16698E-10     0.00    1.03909E-10     0.00
 -130.00   190.00    -999.99 -999.99 -999.99    0.00000     0.00            3.78795E-10     0.00    1.03909E-10     0.00
 -125.00   190.00    -999.99 -999.99 -999.99    0.00000     0.00            3.38009E-10     0.00    1.03909E-10     0.00
 -120.00   190.00    -999.99 -999.99 -999.99    0.00000     0.00            2.94650E-10     0.00    1.03909E-10     0.00
 -115.00   190.00    -999.99 -999.99 -999.99    0.00000     0.00            2.49049E-10     0.00    1.03909E-10     0.00
 -110.00   190.00    -999.99 -999.99 -999.99    0.00000     0.00            2.01552E-10     0.00    1.03909E-10     0.00
 -105.00   190.00    -999.99 -999.99 -999.99    0.00000     0.00            1.52522E-10     0.00    1.03909E-10     0.00
 -100.00   190.00    -999.99 -999.99 -999.99    0.00000     0.00            1.02331E-10     0.00    1.03909E-10     0.00
  -95.00   190.00    -999.99 -999.99 -999.99    0.00000     0.00            5.13609E-11     0.00    1.03909E-10     0.00
  -90.00   190.00    -999.99 -999.99 -999.99    0.00000     0.00            3.00744E-21     0.00    1.03909E-10     0.00
  -85.00   190.00    -999.99 -999.99 -999.99    0.00000     0.00            5.13609E-11   180.00    1.03909E-10     0.00
  -80.00   190.00    -999.99 -999.99 -999.99    0.00000     0.00            1.02331E-10   180.00    1.03909E-10     0.00
  -75.00   190.00    -999.99 -999.99 -999.99    0.00000     0.00            1.52522E-10   180.00    1.03909E-10     0.00
  -70.00   190.00    -999.99 -999.99 -999.99    0.00000     0.00            2.01552E-10   180.00    1.03909E-10     0.00
  -65.00   190.00    -999.99 -999.99 -999.99    0.00000     0.00            2.49049E-10   180.00    1.03909E-10     0.00
  -60.00   190.00    -999.99 -999.99 -999.99    0.00000     0.00            2.94650E-10   180.00    1.03909E-10     0.00
  -55.00   190.00    -999.99 -999.99 -999.99    0.00000     0.00            3.38009E-10   180.00    1.03909E-10     0.00
  -50.00   190.00    -999.99 -999.99 -999.99    0.00000     0.00            3.78795E-10   180.00    1.03909E-10     0.00
  -45.00   190.00    -999.99 -999.99 -999.99    0.00000     0.00            4.16698E-10   180.00    1.03909E-10     0.00
  -40.00   190.00    -999.99 -999.99 -999.99    0.00000     0.00            4.51430E-10   180.00    1.03909E-10     0.00
  -35.00   190.00    -999.99 -999.99 -999.99    0.00000     0.00            4.82726E-10   180.00    1.03909E-10     0.00
  -30.00   190.00    -999.99 -999.99 -999.99    0.00000     0.00            5.10349E-10   180.00    1.03909E-10     0.00
  -25.00   190.00    -999.99 -999.99 -999.99    0.00000     0.00            5.34087E-10   180.00    1.03909E-10     0.00
  -20.00   190.00    -999.99 -999.99 -999.99    0.00000     0.00            5.53761E-10   180.00    1.03909E-10     0.00
  -15.00   190.00    -999.99 -999.99 -999.99    0.00000     0.00            5.69220E-10   180.00    1.03909E-10     0.00
  -10.00   190.00    -999.99 -999.99 -999.99    0.00000     0.00            5.80347E-10   180.00    1.03909E-10     0.00
   -5.00   190.00    -999.99 -999.99 -999.99    0.00000     0.00            5.87058E-10   180.00    1.03909E-10     0.00
    0.00   190.00    -999.99 -999.99 -999.99    0.00000     0.00            5.89300E-10   180.00    1.03909E-10     0.00
 -180.00   195.00    -999.99 -999.99 -999.99    0.00000     0.00            5.78001E-10     0.00    1.54875E-10     0.00
 -175.00   195.00    -999.99 -999.99 -999.99    0.00000     0.00            5.75802E-10     0.00    1.54875E-10     0.00
 -170.00   195.00    -999.99 -999.99 -999.99    0.00000     0.00            5.69220E-10     0.00    1.54875E-10     0.00
 -165.00   195.00    -999.99 -999.99 -999.99    0.00000     0.00            5.58306E-10     0.00    1.54875E-10     0.00
 -160.00   195.00    -999.99 -999.99 -999.99    0.00000     0.00            5.43143E-10     0.00    1.54875E-10     0.00
 -155.00   195.00    -999.99 -999.99 -999.99    0.00000     0.00            5.23847E-10     0.00    1.54875E-10     0.00
 -150.00   195.00    -999.99 -999.99 -999.99    0.00000     0.00            5.00564E-10     0.00    1.54875E-10     0.00
 -145.00   195.00    -999.99 -999.99 -999.99    0.00000     0.00            4.73471E-10     0.00    1.54875E-10     0.00
 -140.00   195.00    -999.99 -999.99 -999.99    0.00000     0.00            4.42775E-10     0.00    1.54875E-10     0.00
 -135.00   195.00    -999.99 -999.99 -999.99    0.00000     0.00            4.08709E-10     0.00    1.54875E-10     0.00
 -130.00   195.00    -999.99 -999.99 -999.99    0.00000     0.00            3.71532E-10     0.00    1.54875E-10     0.00
 -125.00   195.00    -999.99 -999.99 -999.99    0.00000     0.00            3.31528E-10     0.00    1.54875E-10     0.00
 -120.00   195.00    -999.99 -999.99 -999.99    0.00000     0.00            2.89001E-10     0.00    1.54875E-10     0.00
 -115.00   195.00    -999.99 -999.99 -999.99    0.00000     0.00            2.44274E-10     0.00    1.54875E-10     0.00
 -110.00   195.00    -999.99 -999.99 -999.99    0.00000     0.00            1.97688E-10     0.00    1.54875E-10     0.00
 -105.00   195.00    -999.99 -999.99 -999.99    0.00000     0.00            1.49598E-10     0.00    1.54875E-10     0.00
 -100.00   195.00    -999.99 -999.99 -999.99    0.00000     0.00            1.00369E-10     0.00    1.54875E-10     0.00
  -95.00   195.00    -999.99 -999.99 -999.99    0.00000     0.00            5.03761E-11     0.00    1.54875E-10     0.00
  -90.00   195.00    -999.99 -999.99 -999.99    0.00000     0.00            2.94978E-21     0.00    1.54875E-10     0.00
  -85.00   195.00    -999.99 -999.99 -999.99    0.00000     0.00            5.03761E-11   180.00    1.54875E-10     0.00
  -80.00   195.00    -999.99 -999.99 -999.99    0.00000     0.00            1.00369E-10   180.00    1.54875E-10     0.00
  -75.00   195.00    -999.99 -999.99 -999.99    0.00000     0.00            1.49598E-10   180.00    1.54875E-10     0.00
  -70.00   195.00    -999.99 -999.99 -999.99    0.00000     0.00            1.97688E-10   180.00    1.54875E-10     0.00
  -65.00   195.00    -999.99 -999.99 -999.99    0.00000     0.00            2.44274E-10   180.00    1.54875E-10     0.00
  -60.00   195.00    -999.99 -999.99 -999.99    0.00000     0.00            2.89001E-10   180.00    1.54875E-10     0.00
  -55.00   195.00    -999.99 -999.99 -999.99    0.00000     0.00            3.31528E-10   180.00    1.54875E-10     0.00
  -50.00   195.00    -999.99 -999.99 -999.99    0.00000     0.00            3.71532E-10   180.00    1.54875E-10     0.00
  -45.00   195.00    -999.99 -999.99 -999.99    0.00000     0.00            4.08709E-10   180.00    1.54875E-10     0.00
  -40.00   195.00    -999.99 -999.99 -999.99    0.00000     0.00            4.42775E-10   180.00    1.54875E-10     0.00
  -35.00   195.00    -999.99 -999.99 -999.99    0.00000     0.00            4.73471E-10   180.00    1.54875E-10     0.00
  -30.00   195.00    -999.99 -999.99 -999.99    0.00000     0.00            5.00564E-10   180.00    1.54875E-10     0.00
  -25.00   195.00    -999.99 -999.99 -999.99    0.00000     0.00            5.23847E-10   180.00    1.54875E-10     0.00
  -20.00   195.00    -999.99 -999.99 -999.99    0.00000     0.00            5.43143E-10   180.00    1.54875E-10     0.00
  -15.00   195.00    -999.99 -999.99 -999.99    0.00000     0.00            5.58306E-10   180.00    1.54875E-10     0.00
  -10.00   195.00    -999.99 -999.99 -999.99    0.00000     0.00            5.69220E-10   180.00    1.54875E-10     0.00
   -5.00   195.00    -999.99 -999.99 -999.99    0.00000     0.00            5.75802E-10   180.00    1.54875E-10     0.00
    0.00   195.00    -999.99 -999.99 -999.99    0.00000     0.00            5.78001E-10   180.00    1.54875E-10     0.00
 -180.00   200.00    -999.99 -999.99 -999.99    0.00000     0.00            5.62303E-10     0.00    2.04662E-10     0.00
 -175.00   200.00    -999.99 -999.99 -999.99    0.00000     0.00            5.60164E-10     0.00    2.04662E-10     0.00
 -170.00   200.00    -999.99 -999.99 -999.99    0.00000     0.00            5.53761E-10     0.00    2.04662E-10     0.00
 -165.00   200.00    -999.99 -999.99 -999.99    0.00000     0.00            5.43143E-10     0.00    2.04662E-10     0.00
 -160.00   200.00    -999.99 -999.99 -999.99    0.00000     0.00            5.28392E-10     0.00    2.04662E-10     0.00
 -155.00   200.00    -999.99 -999.99 -999.99    0.00000     0.00            5.09620E-10     0.00    2.04662E-10     0.00
 -150.00   200.00    -999.99 -999.99 -999.99    0.00000     0.00            4.86969E-10     0.00    2.04662E-10     0.00
 -145.00   200.00    -999.99 -999.99 -999.99    0.00000     0.00            4.60612E-10     0.00    2.04662E-10     0.00
 -140.00   200.00    -999.99 -999.99 -999.99    0.00000     0.00            4.30749E-10     0.00    2.04662E-10     0.00
 -135.00   200.00    -999.99 -999.99 -999.99    0.00000     0.00            3.97609E-10     0.00    2.04662E-10     0.00
 -130.00   200.00    -999.99 -999.99 -999.99    0.00000     0.00            3.61442E-10     0.00    2.04662E-10     0.00
 -125.00   200.00    -999.99 -999.99 -999.99    0.00000     0.00            3.22524E-10     0.00    2.04662E-10     0.00
 -120.00   200.00    -999.99 -999.99 -999.99    0.00000     0.00            2.81152E-10     0.00    2.04662E-10     0.00
 -115.00   200.00    -999.99 -999.99 -999.99    0.00000     0.00            2.37640E-10     0.00    2.04662E-10     0.00
 -110.00   200.00    -999.99 -999.99 -999.99    0.00000     0.00            1.92319E-10     0.00    2.04662E-10     0.00
 -105.00   200.00    -999.99 -999.99 -999.99    0.00000     0.00            1.45535E-10     0.00    2.04662E-10     0.00
 -100.00   200.00    -999.99 -999.99 -999.99    0.00000     0.00            9.76430E-11     0.00    2.04662E-10     0.00
  -95.00   200.00    -999.99 -999.99 -999.99    0.00000     0.00            4.90080E-11     0.00    2.04662E-10     0.00
  -90.00   200.00    -999.99 -999.99 -999.99    0.00000     0.00            2.86967E-21     0.00    2.04662E-10     0.00
  -85.00   200.00    -999.99 -999.99 -999.99    0.00000     0.00            4.90080E-11   180.00    2.04662E-10     0.00
  -80.00   200.00    -999.99 -999.99 -999.99    0.00000     0.00            9.76430E-11   180.00    2.04662E-10     0.00
  -75.00   200.00    -999.99 -999.99 -999.99    0.00000     0.00            1.45535E-10   180.00    2.04662E-10     0.00
  -70.00   200.00    -999.99 -999.99 -999.99    0.00000     0.00            1.92319E-10   180.00    2.04662E-10     0.00
  -65.00   200.00    -999.99 -999.99 -999.99    0.00000     0.00            2.37640E-10   180.00    2.04662E-10     0.00
  -60.00   200.00    -999.99 -999.99 -999.99    0.00000     0.00            2.81152E-10   180.00    2.04662E-10     0.00
  -55.00   200.00    -999.99 -999.99 -999.99    0.00000     0.00            3.22524E-10   180.00    2.04662E-10     0.00
  -50.00   200.00    -999.99 -999.99 -999.99    0.00000     0.00            3.61442E-10   180.00    2.04662E-10     0.00
  -45.00   200.00    -999.99 -999.99 -999.99    0.00000     0.00            3.97609E-10   180.00    2.04662E-10     0.00
  -40.00   200.00    -999.99 -999.99 -999.99    0.00000     0.00            4.30749E-10   180.00    2.04662E-10     0.00
  -35.00   200.00    -999.99 -999.99 -999.99    0.00000     0.00            4.60612E-10   180.00    2.04662E-10     0.00
  -30.00   200.00    -999.99 -999.99 -999.99    0.00000     0.00            4.86969E-10   180.00    2.04662E-10     0.00
  -25.00   200.00    -999.99 -999.99 -999.99    0.00000     0.00            5.09620E-10   180.00    2.04662E-10     0.00
  -20.00   200.00    -999.99 -999.99 -999.99    0.00000     0.00            5.28392E-10   180.00    2.04662E-10     0.00
  -15.00   200.00    -999.99 -999.99 -999.99    0.00000     0.00            5.43143E-10   180.00    2.04662E-10     0.00
  -10.00   200.00    -999.99 -999.99 -999.99    0.00000     0.00            5.53761E-10   180.00    2.04662E-10     0.00
   -5.00   200.00    -999.99 -999.99 -999.99    0.00000     0.00            5.60164E-10   180.00    2.04662E-10     0.00
    0.00   200.00    -999.99 -999.99 -999.99    0.00000     0.00            5.62303E-10   180.00    2.04662E-10     0.00
 -180.00   205.00    -999.99 -999.99 -999.99    0.00000     0.00            5.42326E-10     0.00    2.52891E-10     0.00
 -175.00   205.00    -999.99 -999.99 -999.99    0.00000     0.00            5.40263E-10     0.00    2.52891E-10     0.00
 -170.00   205.00    -999.99 -999.99 -999.99    0.00000     0.00            5.34087E-10     0.00    2.52891E-10     0.00
 -165.00   205.00    -999.99 -999.99 -999.99    0.00000     0.00            5.23847E-10     0.00    2.52891E-10     0.00
 -160.00   205.00    -999.99 -999.99 -999.99    0.00000     0.00            5.09620E-10     0.00    2.52891E-10     0.00
 -155.00   205.00    -999.99 -999.99 -999.99    0.00000     0.00            4.91515E-10     0.00    2.52891E-10     0.00
 -150.00   205.00    -999.99 -999.99 -999.99    0.00000     0.00            4.69668E-10     0.00    2.52891E-10     0.00
 -145.00   205.00    -999.99 -999.99 -999.99    0.00000     0.00            4.44248E-10     0.00    2.52891E-10     0.00
 -140.00   205.00    -999.99 -999.99 -999.99    0.00000     0.00            4.15446E-10     0.00    2.52891E-10     0.00
 -135.00   205.00    -999.99 -999.99 -999.99    0.00000     0.00            3.83483E-10     0.00    2.52891E-10     0.00
 -130.00   205.00    -999.99 -999.99 -999.99    0.00000     0.00            3.48601E-10     0.00    2.52891E-10     0.00
 -125.00   205.00    -999.99 -999.99 -999.99    0.00000     0.00            3.11066E-10     0.00    2.52891E-10     0.00
 -120.00   205.00    -999.99 -999.99 -999.99    0.00000     0.00            2.71163E-10     0.00    2.52891E-10     0.00
 -115.00   205.00    -999.99 -999.99 -999.99    0.00000     0.00            2.29197E-10     0.00    2.52891E-10     0.00
 -110.00   205.00    -999.99 -999.99 -999.99    0.00000     0.00            1.85487E-10     0.00    2.52891E-10     0.00
 -105.00   205.00    -999.99 -999.99 -999.99    0.00000     0.00            1.40364E-10     0.00    2.52891E-10     0.00
 -100.00   205.00    -999.99 -999.99 -999.99    0.00000     0.00            9.41740E-11     0.00    2.52891E-10     0.00
  -95.00   205.00    -999.99 -999.99 -999.99    0.00000     0.00            4.72669E-11     0.00    2.52891E-10     0.00
  -90.00   205.00    -999.99 -999.99 -999.99    0.00000     0.00            2.76771E-21     0.00    2.52891E-10     0.00
  -85.00   205.00    -999.99 -999.99 -999.99    0.00000     0.00            4.72669E-11   180.00    2.52891E-10     0.00
  -80.00   205.00    -999.99 -999.99 -999.99    0.00000     0.00            9.41740E-11   180.00    2.52891E-10     0.00
  -75.00   205.00    -999.99 -999.99 -999.99    0.00000     0.00            1.40364E-10   180.00    2.52891E-10     0.00
  -70.00   205.00    -999.99 -999.99 -999.99    0.00000     0.00            1.85487E-10   180.00    2.52891E-10     0.00
  -65.00   205.00    -999.99 -999.99 -999.99    0.00000     0.00            2.29197E-10   180.00    2.52891E-10     0.00
  -60.00   205.00    -999.99 -999.99 -999.99    0.00000     0.00            2.71163E-10   180.00    2.52891E-10     0.00
  -55.00   205.00    -999.99 -999.99 -999.99    0.00000     0.00            3.11066E-10   180.00    2.52891E-10     0.00
  -50.00   205.00    -999.99 -999.99 -999.99    0.00000     0.00            3.48601E-10   180.00    2.52891E-10     0.00
  -45.00   205.00    -999.99 -999.99 -999.99    0.00000     0.00            3.83483E-10   180.00    2.52891E-10     0.00
  -40.00   205.00    -999.99 -999.99 -999.99    0.00000     0.00            4.15446E-10   180.00    2.52891E-10     0.00
  -35.00   205.00    -999.99 -999.99 -999.99    0.00000     0.00            4.44248E-10   180.00    2.52891E-10     0.00
  -30.00   205.00    -999.99 -999.99 -999.99    0.00000     0.00            4.69668E-10   180.00    2.52891E-10     0.00
  -25.00   205.00    -999.99 -999.99 -999.99    0.00000     0.00            4.91515E-10   180.00    2.52891E-10     0.00
  -20.00   205.00    -999.99 -999.99 -999.99    0.00000     0.00            5.09620E-10   180.00    2.52891E-10     0.00
  -15.00   205.00    -999.99 -999.99 -999.99    0.00000     0.00            5.23847E-10   180.00    2.52891E-10     0.00
  -10.00   205.00    -999.99 -999.99 -999.99    0.00000     0.00            5.34087E-10   180.00    2.52891E-10     0.00
   -5.00   205.00    -999.99 -999.99 -999.99    0.00000     0.00            5.40263E-10   180.00    2.52891E-10     0.00
    0.00   205.00    -999.99 -999.99 -999.99    0.00000     0.00            5.42326E-10   180.00    2.52891E-10     0.00
 -180.00   210.00    -999.99 -999.99 -999.99    0.00000     0.00            5.18222E-10     0.00    2.99195E-10     0.00
 -175.00   210.00    -999.99 -999.99 -999.99    0.00000     0.00            5.16250E-10     0.00    2.99195E-10     0.00
 -170.00   210.00    -999.99 -999.99 -999.99    0.00000     0.00            5.10349E-10     0.00    2.99195E-10     0.00
 -165.00   210.00    -999.99 -999.99 -999.99    0.00000     0.00            5.00564E-10     0.00    2.99195E-10     0.00
 -160.00   210.00    -999.99 -999.99 -999.99    0.00000     0.00            4.86969E-10     0.00    2.99195E-10     0.00
 -155.00   210.00    -999.99 -999.99 -999.99    0.00000     0.00            4.69668E-10     0.00    2.99195E-10     0.00
 -150.00   210.00    -999.99 -999.99 -999.99    0.00000     0.00            4.48793E-10     0.00    2.99195E-10     0.00
 -145.00   210.00    -999.99 -999.99 -999.99    0.00000     0.00            4.24502E-10     0.00    2.99195E-10     0.00
 -140.00   210.00    -999.99 -999.99 -999.99    0.00000     0.00            3.96981E-10     0.00    2.99195E-10     0.00
 -135.00   210.00    -999.99 -999.99 -999.99    0.00000     0.00            3.66438E-10     0.00    2.99195E-10     0.00
 -130.00   210.00    -999.99 -999.99 -999.99    0.00000     0.00            3.33106E-10     0.00    2.99195E-10     0.00
 -125.00   210.00    -999.99 -999.99 -999.99    0.00000     0.00            2.97240E-10     0.00    2.99195E-10     0.00
 -120.00   210.00    -999.99 -999.99 -999.99    0.00000     0.00            2.59111E-10     0.00    2.99195E-10     0.00
 -115.00   210.00    -999.99 -999.99 -999.99    0.00000     0.00            2.19010E-10     0.00    2.99195E-10     0.00
 -110.00   210.00    -999.99 -999.99 -999.99    0.00000     0.00            1.77242E-10     0.00    2.99195E-10     0.00
 -105.00   210.00    -999.99 -999.99 -999.99    0.00000     0.00            1.34126E-10     0.00    2.99195E-10     0.00
 -100.00   210.00    -999.99 -999.99 -999.99    0.00000     0.00            8.99882E-11     0.00    2.99195E-10     0.00
  -95.00   210.00    -999.99 -999.99 -999.99    0.00000     0.00            4.51660E-11     0.00    2.99195E-10     0.00
  -90.00   210.00    -999.99 -999.99 -999.99    0.00000     0.00            2.64470E-21     0.00    2.99195E-10     0.00
  -85.00   210.00    -999.99 -999.99 -999.99    0.00000     0.00            4.51660E-11   180.00    2.99195E-10     0.00
  -80.00   210.00    -999.99 -999.99 -999.99    0.00000     0.00            8.99882E-11   180.00    2.99195E-10     0.00
  -75.00   210.00    -999.99 -999.99 -999.99    0.00000     0.00            1.34126E-10   180.00    2.99195E-10     0.00
  -70.00   210.00    -999.99 -999.99 -999.99    0.00000     0.00            1.77242E-10   180.00    2.99195E-10     0.00
  -65.00   210.00    -999.99 -999.99 -999.99    0.00000     0.00            2.19010E-10   180.00    2.99195E-10     0.00
  -60.00   210.00    -999.99 -999.99 -999.99    0.00000     0.00            2.59111E-10   180.00    2.99195E-10     0.00
  -55.00   210.00    -999.99 -999.99 -999.99    0.00000     0.00            2.97240E-10   180.00    2.99195E-10     0.00
  -50.00   210.00    -999.99 -999.99 -999.99    0.00000     0.00            3.33106E-10   180.00    2.99195E-10     0.00
  -45.00   210.00    -999.99 -999.99 -999.99    0.00000     0.00            3.66438E-10   180.00    2.99195E-10     0.00
  -40.00   210.00    -999.99 -999.99 -999.99    0.00000     0.00            3.96981E-10   180.00    2.99195E-10     0.00
  -35.00   210.00    -999.99 -999.99 -999.99    0.00000     0.00            4.24502E-10   180.00    2.99195E-10     0.00
  -30.00   210.00    -999.99 -999.99 -999.99    0.00000     0.00            4.48793E-10   180.00    2.99195E-10     0.00
  -25.00   210.00    -999.99 -999.99 -999.99    0.00000     0.00            4.69668E-10   180.00    2.99195E-10     0.00
  -20.00   210.00    -999.99 -999.99 -999.99    0.00000     0.00            4.86969E-10   180.00    2.99195E-10     0.00
  -15.00   210.00    -999.99 -999.99 -999.99    0.00000     0.00            5.00564E-10   180.00    2.99195E-10     0.00
  -10.00   210.00    -999.99 -999.99 -999.99    0.00000     0.00            5.10349E-10   180.00    2.99195E-10     0.00
   -5.00   210.00    -999.99 -999.99 -999.99    0.00000     0.00            5.16250E-10   180.00    2.99195E-10     0.00
    0.00   210.00    -999.99 -999.99 -999.99    0.00000     0.00            5.18222E-10   180.00    2.99195E-10     0.00
 -180.00   215.00    -999.99 -999.99 -999.99    0.00000     0.00            4.90173E-10     0.00    3.43223E-10     0.00
 -175.00   215.00    -999.99 -999.99 -999.99    0.00000     0.00            4.88308E-10     0.00    3.43223E-10     0.00
 -170.00   215.00    -999.99 -999.99 -999.99    0.00000     0.00            4.82726E-10     0.00    3.43223E-10     0.00
 -165.00   215.00    -999.99 -999.99 -999.99    0.00000     0.00            4.73471E-10     0.00    3.43223E-10     0.00
 -160.00   215.00    -999.99 -999.99 -999.99    0.00000     0.00            4.60612E-10     0.00    3.43223E-10     0.00
 -155.00   215.00    -999.99 -999.99 -999.99    0.00000     0.00            4.44248E-10     0.00    3.43223E-10     0.00
 -150.00   215.00    -999.99 -999.99 -999.99    0.00000     0.00            4.24502E-10     0.00    3.43223E-10     0.00
 -145.00   215.00    -999.99 -999.99 -999.99    0.00000     0.00            4.01526E-10     0.00    3.43223E-10     0.00
 -140.00   215.00    -999.99 -999.99 -999.99    0.00000     0.00            3.75494E-10     0.00    3.43223E-10     0.00
 -135.00   215.00    -999.99 -999.99 -999.99    0.00000     0.00            3.46605E-10     0.00    3.43223E-10     0.00
 -130.00   215.00    -999.99 -999.99 -999.99    0.00000     0.00            3.15077E-10     0.00    3.43223E-10     0.00
 -125.00   215.00    -999.99 -999.99 -999.99    0.00000     0.00            2.81152E-10     0.00    3.43223E-10     0.00
 -120.00   215.00    -999.99 -999.99 -999.99    0.00000     0.00            2.45087E-10     0.00    3.43223E-10     0.00
 -115.00   215.00    -999.99 -999.99 -999.99    0.00000     0.00            2.07156E-10     0.00    3.43223E-10     0.00
 -110.00   215.00    -999.99 -999.99 -999.99    0.00000     0.00            1.67649E-10     0.00    3.43223E-10     0.00
 -105.00   215.00    -999.99 -999.99 -999.99    0.00000     0.00            1.26866E-10     0.00    3.43223E-10     0.00
 -100.00   215.00    -999.99 -999.99 -999.99    0.00000     0.00            8.51177E-11     0.00    3.43223E-10     0.00
  -95.00   215.00    -999.99 -999.99 -999.99    0.00000     0.00            4.27214E-11     0.00    3.43223E-10     0.00
  -90.00   215.00    -999.99 -999.99 -999.99    0.00000     0.00            2.50156E-21     0.00    3.43223E-10     0.00
  -85.00   215.00    -999.99 -999.99 -999.99    0.00000     0.00            4.27214E-11   180.00    3.43223E-10     0.00
  -80.00   215.00    -999.99 -999.99 -999.99    0.00000     0.00            8.51177E-11   180.00    3.43223E-10     0.00
  -75.00   215.00    -999.99 -999.99 -999.99    0.00000     0.00            1.26866E-10   180.00    3.43223E-10     0.00
  -70.00   215.00    -999.99 -999.99 -999.99    0.00000     0.00            1.67649E-10   180.00    3.43223E-10     0.00
  -65.00   215.00    -999.99 -999.99 -999.99    0.00000     0.00            2.07156E-10   180.00    3.43223E-10     0.00
  -60.00   215.00    -999.99 -999.99 -999.99    0.00000     0.00            2.45087E-10   180.00    3.43223E-10     0.00
  -55.00   215.00    -999.99 -999.99 -999.99    0.00000     0.00            2.81152E-10   180.00    3.43223E-10     0.00
  -50.00   215.00    -999.99 -999.99 -999.99    0.00000     0.00            3.15077E-10   180.00    3.43223E-10     0.00
  -45.00   215.00    -999.99 -999.99 -999.99    0.00000     0.00            3.46605E-10   180.00    3.43223E-10     0.00
  -40.00   215.00    -999.99 -999.99 -999.99    0.00000     0.00            3.75494E-10   180.00    3.43223E-10     0.00
  -35.00   215.00    -999.99 -999.99 -999.99    0.00000     0.00            4.01526E-10   180.00    3.43223E-10     0.00
  -30.00   215.00    -999.99 -999.99 -999.99    0.00000     0.00            4.24502E-10   180.00    3.43223E-10     0.00
  -25.00   215.00    -999.99 -999.99 -999.99    0.00000     0.00            4.44248E-10   180.00    3.43223E-10     0.00
  -20.00   215.00    -999.99 -999.99 -999.99    0.00000     0.00            4.60612E-10   180.00    3.43223E-10     0.00
  -15.00   215.00    -999.99 -999.99 -999.99    0.00000     0.00            4.73471E-10   180.00    3.43223E-10     0.00
  -10.00   215.00    -999.99 -999.99 -999.99    0.00000     0.00            4.82726E-10   180.00    3.43223E-10     0.00
   -5.00   215.00    -999.99 -999.99 -999.99    0.00000     0.00            4.88308E-10   180.00    3.43223E-10     0.00
    0.00   215.00    -999.99 -999.99 -999.99    0.00000     0.00            4.90173E-10   180.00    3.43223E-10     0.00
 -180.00   220.00    -999.99 -999.99 -999.99    0.00000     0.00            4.58394E-10     0.00    3.84638E-10     0.00
 -175.00   220.00    -999.99 -999.99 -999.99    0.00000     0.00            4.56650E-10     0.00    3.84638E-10     0.00
 -170.00   220.00    -999.99 -999.99 -999.99    0.00000     0.00            4.51430E-10     0.00    3.84638E-10     0.00
 -165.00   220.00    -999.99 -999.99 -999.99    0.00000     0.00            4.42775E-10     0.00    3.84638E-10     0.00
 -160.00   220.00    -999.99 -999.99 -999.99    0.00000     0.00            4.30749E-10     0.00    3.84638E-10     0.00
 -155.00   220.00    -999.99 -999.99 -999.99    0.00000     0.00            4.15446E-10     0.00    3.84638E-10     0.00
 -150.00   220.00    -999.99 -999.99 -999.99    0.00000     0.00            3.96981E-10     0.00    3.84638E-10     0.00
 -145.00   220.00    -999.99 -999.99 -999.99    0.00000     0.00            3.75494E-10     0.00    3.84638E-10     0.00
 -140.00   220.00    -999.99 -999.99 -999.99    0.00000     0.00            3.51150E-10     0.00    3.84638E-10     0.00
 -135.00   220.00    -999.99 -999.99 -999.99    0.00000     0.00            3.24133E-10     0.00    3.84638E-10     0.00
 -130.00   220.00    -999.99 -999.99 -999.99    0.00000     0.00            2.94650E-10     0.00    3.84638E-10     0.00
 -125.00   220.00    -999.99 -999.99 -999.99    0.00000     0.00            2.62924E-10     0.00    3.84638E-10     0.00
 -120.00   220.00    -999.99 -999.99 -999.99    0.00000     0.00            2.29197E-10     0.00    3.84638E-10     0.00
 -115.00   220.00    -999.99 -999.99 -999.99    0.00000     0.00            1.93726E-10     0.00    3.84638E-10     0.00
 -110.00   220.00    -999.99 -999.99 -999.99    0.00000     0.00            1.56780E-10     0.00    3.84638E-10     0.00
 -105.00   220.00    -999.99 -999.99 -999.99    0.00000     0.00            1.18641E-10     0.00    3.84638E-10     0.00
 -100.00   220.00    -999.99 -999.99 -999.99    0.00000     0.00            7.95993E-11     0.00    3.84638E-10     0.00
  -95.00   220.00    -999.99 -999.99 -999.99    0.00000     0.00            3.99517E-11     0.00    3.84638E-10     0.00
  -90.00   220.00    -999.99 -999.99 -999.99    0.00000     0.00            2.33937E-21     0.00    3.84638E-10     0.00
  -85.00   220.00    -999.99 -999.99 -999.99    0.00000     0.00            3.99517E-11   180.00    3.84638E-10     0.00
  -80.00   220.00    -999.99 -999.99 -999.99    0.00000     0.00            7.95993E-11   180.00    3.84638E-10     0.00
  -75.00   220.00    -999.99 -999.99 -999.99    0.00000     0.00            1.18641E-10   180.00    3.84638E-10     0.00
  -70.00   220.00    -999.99 -999.99 -999.99    0.00000     0.00            1.56780E-10   180.00    3.84638E-10     0.00
  -65.00   220.00    -999.99 -999.99 -999.99    0.00000     0.00            1.93726E-10   180.00    3.84638E-10     0.00
  -60.00   220.00    -999.99 -999.99 -999.99    0.00000     0.00            2.29197E-10   180.00    3.84638E-10     0.00
  -55.00   220.00    -999.99 -999.99 -999.99    0.00000     0.00            2.62924E-10   180.00    3.84638E-10     0.00
  -50.00   220.00    -999.99 -999.99 -999.99    0.00000     0.00            2.94650E-10   180.00    3.84638E-10     0.00
  -45.00   220.00    -999.99 -999.99 -999.99    0.00000     0.00            3.24133E-10   180.00    3.84638E-10     0.00
  -40.00   220.00    -999.99 -999.99 -999.99    0.00000     0.00            3.51150E-10   180.00    3.84638E-10     0.00
  -35.00   220.00    -999.99 -999.99 -999.99    0.00000     0.00            3.75494E-10   180.00    3.84638E-10     0.00
  -30.00   220.00    -999.99 -999.99 -999.99    0.00000     0.00            3.96981E-10   180.00    3.84638E-10     0.00
  -25.00   220.00    -999.99 -999.99 -999.99    0.00000     0.00            4.15446E-10   180.00    3.84638E-10     0.00
  -20.00   220.00    -999.99 -999.99 -999.99    0.00000     0.00            4.30749E-10   180.00    3.84638E-10     0.00
  -15.00   220.00    -999.99 -999.99 -999.99    0.00000     0.00            4.42775E-10   180.00    3.84638E-10     0.00
  -10.00   220.00    -999.99 -999.99 -999.99    0.00000     0.00            4.51430E-10   180.00    3.84638E-10     0.00
   -5.00   220.00    -999.99 -999.99 -999.99    0.00000     0.00            4.56650E-10   180.00    3.84638E-10     0.00
    0.00   220.00    -999.99 -999.99 -999.99    0.00000     0.00            4.58394E-10   180.00    3.84638E-10     0.00
 -180.00   225.00    -999.99 -999.99 -999.99    0.00000     0.00            4.23126E-10     0.00    4.23126E-10     0.00
 -175.00   225.00    -999.99 -999.99 -999.99    0.00000     0.00            4.21516E-10     0.00    4.23126E-10     0.00
 -170.00   225.00    -999.99 -999.99 -999.99    0.00000     0.00            4.16698E-10     0.00    4.23126E-10     0.00
 -165.00   225.00    -999.99 -999.99 -999.99    0.00000     0.00            4.08709E-10     0.00    4.23126E-10     0.00
 -160.00   225.00    -999.99 -999.99 -999.99    0.00000     0.00            3.97609E-10     0.00    4.23126E-10     0.00
 -155.00   225.00    -999.99 -999.99 -999.99    0.00000     0.00            3.83483E-10     0.00    4.23126E-10     0.00
 -150.00   225.00    -999.99 -999.99 -999.99    0.00000     0.00            3.66438E-10     0.00    4.23126E-10     0.00
 -145.00   225.00    -999.99 -999.99 -999.99    0.00000     0.00            3.46605E-10     0.00    4.23126E-10     0.00
 -140.00   225.00    -999.99 -999.99 -999.99    0.00000     0.00            3.24134E-10     0.00    4.23126E-10     0.00
 -135.00   225.00    -999.99 -999.99 -999.99    0.00000     0.00            2.99195E-10     0.00    4.23126E-10     0.00
 -130.00   225.00    -999.99 -999.99 -999.99    0.00000     0.00            2.71980E-10     0.00    4.23126E-10     0.00
 -125.00   225.00    -999.99 -999.99 -999.99    0.00000     0.00            2.42695E-10     0.00    4.23126E-10     0.00
 -120.00   225.00    -999.99 -999.99 -999.99    0.00000     0.00            2.11563E-10     0.00    4.23126E-10     0.00
 -115.00   225.00    -999.99 -999.99 -999.99    0.00000     0.00            1.78821E-10     0.00    4.23126E-10     0.00
 -110.00   225.00    -999.99 -999.99 -999.99    0.00000     0.00            1.44718E-10     0.00    4.23126E-10     0.00
 -105.00   225.00    -999.99 -999.99 -999.99    0.00000     0.00            1.09513E-10     0.00    4.23126E-10     0.00
 -100.00   225.00    -999.99 -999.99 -999.99    0.00000     0.00            7.34751E-11     0.00    4.23126E-10     0.00
  -95.00   225.00    -999.99 -999.99 -999.99    0.00000     0.00            3.68779E-11     0.00    4.23126E-10     0.00
  -90.00   225.00    -999.99 -999.99 -999.99    0.00000     0.00            2.15939E-21     0.00    4.23126E-10     0.00
  -85.00   225.00    -999.99 -999.99 -999.99    0.00000     0.00            3.68779E-11   180.00    4.23126E-10     0.00
  -80.00   225.00    -999.99 -999.99 -999.99    0.00000     0.00            7.34751E-11   180.00    4.23126E-10     0.00
  -75.00   225.00    -999.99 -999.99 -999.99    0.00000     0.00            1.09513E-10   180.00    4.23126E-10     0.00
  -70.00   225.00    -999.99 -999.99 -999.99    0.00000     0.00            1.44718E-10   180.00    4.23126E-10     0.00
  -65.00   225.00    -999.99 -999.99 -999.99    0.00000     0.00            1.78821E-10   180.00    4.23126E-10     0.00
  -60.00   225.00    -999.99 -999.99 -999.99    0.00000     0.00            2.11563E-10   180.00    4.23126E-10     0.00
  -55.00   225.00    -999.99 -999.99 -999.99    0.00000     0.00            2.42695E-10   180.00    4.23126E-10     0.00
  -50.00   225.00    -999.99 -999.99 -999.99    0.00000     0.00            2.71980E-10   180.00    4.23126E-10     0.00
  -45.00   225.00    -999.99 -999.99 -999.99    0.00000     0.00            2.99195E-10   180.00    4.23126E-10     0.00
  -40.00   225.00    -999.99 -999.99 -999.99    0.00000     0.00            3.24134E-10   180.00    4.23126E-10     0.00
  -35.00   225.00    -999.99 -999.99 -999.99    0.00000     0.00            3.46605E-10   180.00    4.23126E-10     0.00
  -30.00   225.00    -999.99 -999.99 -999.99    0.00000     0.00            3.66438E-10   180.00    4.23126E-10     0.00
  -25.00   225.00    -999.99 -999.99 -999.99    0.00000     0.00            3.83483E-10   180.00    4.23126E-10     0.00
  -20.00   225.00    -999.99 -999.99 -999.99    0.00000     0.00            3.97609E-10   180.00    4.23126E-10     0.00
  -15.00   225.00    -999.99 -999.99 -999.99    0.00000     0.00            4.08709E-10   180.00    4.23126E-10     0.00
  -10.00   225.00    -999.99 -999.99 -999.99    0.00000     0.00            4.16698E-10   180.00    4.23126E-10     0.00
   -5.00   225.00    -999.99 -999.99 -999.99    0.00000     0.00            4.21516E-10   180.00    4.23126E-10     0.00
    0.00   225.00    -999.99 -999.99 -999.99    0.00000     0.00            4.23126E-10   180.00    4.23126E-10     0.00
 -180.00   230.00    -999.99 -999.99 -999.99    0.00000     0.00            3.84638E-10     0.00    4.58394E-10     0.00
 -175.00   230.00    -999.99 -999.99 -999.99    0.00000     0.00            3.83175E-10     0.00    4.58394E-10     0.00
 -170.00   230.00    -999.99 -999.99 -999.99    0.00000     0.00            3.78795E-10     0.00    4.58394E-10     0.00
 -165.00   230.00    -999.99 -999.99 -999.99    0.00000     0.00            3.71532E-10     0.00    4.58394E-10     0.00
 -160.00   230.00    -999.99 -999.99 -999.99    0.00000     0.00            3.61442E-10     0.00    4.58394E-10     0.00
 -155.00   230.00    -999.99 -999.99 -999.99    0.00000     0.00            3.48601E-10     0.00    4.58394E-10     0.00
 -150.00   230.00    -999.99 -999.99 -999.99    0.00000     0.00            3.33106E-10     0.00    4.58394E-10     0.00
 -145.00   230.00    -999.99 -999.99 -999.99    0.00000     0.00            3.15077E-10     0.00    4.58394E-10     0.00
 -140.00   230.00    -999.99 -999.99 -999.99    0.00000     0.00            2.94650E-10     0.00    4.58394E-10     0.00
 -135.00   230.00    -999.99 -999.99 -999.99    0.00000     0.00            2.71980E-10     0.00    4.58394E-10     0.00
 -130.00   230.00    -999.99 -999.99 -999.99    0.00000     0.00            2.47241E-10     0.00    4.58394E-10     0.00
 -125.00   230.00    -999.99 -999.99 -999.99    0.00000     0.00            2.20619E-10     0.00    4.58394E-10     0.00
 -120.00   230.00    -999.99 -999.99 -999.99    0.00000     0.00            1.92319E-10     0.00    4.58394E-10     0.00
 -115.00   230.00    -999.99 -999.99 -999.99    0.00000     0.00            1.62555E-10     0.00    4.58394E-10     0.00
 -110.00   230.00    -999.99 -999.99 -999.99    0.00000     0.00            1.31554E-10     0.00    4.58394E-10     0.00
 -105.00   230.00    -999.99 -999.99 -999.99    0.00000     0.00            9.95517E-11     0.00    4.58394E-10     0.00
 -100.00   230.00    -999.99 -999.99 -999.99    0.00000     0.00            6.67917E-11     0.00    4.58394E-10     0.00
  -95.00   230.00    -999.99 -999.99 -999.99    0.00000     0.00            3.35234E-11     0.00    4.58394E-10     0.00
  -90.00   230.00    -999.99 -999.99 -999.99    0.00000     0.00            1.96297E-21     0.00    4.58394E-10     0.00
  -85.00   230.00    -999.99 -999.99 -999.99    0.00000     0.00            3.35234E-11   180.00    4.58394E-10     0.00
  -80.00   230.00    -999.99 -999.99 -999.99    0.00000     0.00            6.67917E-11   180.00    4.58394E-10     0.00
  -75.00   230.00    -999.99 -999.99 -999.99    0.00000     0.00            9.95517E-11   180.00    4.58394E-10     0.00
  -70.00   230.00    -999.99 -999.99 -999.99    0.00000     0.00            1.31554E-10   180.00    4.58394E-10     0.00
  -65.00   230.00    -999.99 -999.99 -999.99    0.00000     0.00            1.62555E-10   180.00    4.58394E-10     0.00
  -60.00   230.00    -999.99 -999.99 -999.99    0.00000     0.00            1.92319E-10   180.00    4.58394E-10     0.00
  -55.00   230.00    -999.99 -999.99 -999.99    0.00000     0.00            2.20619E-10   180.00    4.58394E-10     0.00
  -50.00   230.00    -999.99 -999.99 -999.99    0.00000     0.00            2.47241E-10   180.00    4.58394E-10     0.00
  -45.00   230.00    -999.99 -999.99 -999.99    0.00000     0.00            2.71980E-10   180.00    4.58394E-10     0.00
  -40.00   230.00    -999.99 -999.99 -999.99    0.00000     0.00            2.94650E-10   180.00    4.58394E-10     0.00
  -35.00   230.00    -999.99 -999.99 -999.99    0.00000     0.00            3.15077E-10   180.00    4.58394E-10     0.00
  -30.00   230.00    -999.99 -999.99 -999.99    0.00000     0.00            3.33106E-10   180.00    4.58394E-10     0.00
  -25.00   230.00    -999.99 -999.99 -999.99    0.00000     0.00            3.48601E-10   180.00    4.58394E-10     0.00
  -20.00   230.00    -999.99 -999.99 -999.99    0.00000     0.00            3.61442E-10   180.00    4.58394E-10     0.00
  -15.00   230.00    -999.99 -999.99 -999.99    0.00000     0.00            3.71532E-10   180.00    4.58394E-10     0.00
  -10.00   230.00    -999.99 -999.99 -999.99    0.00000     0.00            3.78795E-10   180.00    4.58394E-10     0.00
   -5.00   230.00    -999.99 -999.99 -999.99    0.00000     0.00            3.83175E-10   180.00    4.58394E-10     0.00
    0.00   230.00    -999.99 -999.99 -999.99    0.00000     0.00            3.84638E-10   180.00    4.58394E-10     0.00
 -180.00   235.00    -999.99 -999.99 -999.99    0.00000     0.00            3.43223E-10     0.00    4.90173E-10     0.00
 -175.00   235.00    -999.99 -999.99 -999.99    0.00000     0.00            3.41917E-10     0.00    4.90173E-10     0.00
 -170.00   235.00    -999.99 -999.99 -999.99    0.00000     0.00            3.38009E-10     0.00    4.90173E-10     0.00
 -165.00   235.00    -999.99 -999.99 -999.99    0.00000     0.00            3.31528E-10     0.00    4.90173E-10     0.00
 -160.00   235.00    -999.99 -999.99 -999.99    0.00000     0.00            3.22524E-10     0.00    4.90173E-10     0.00
 -155.00   235.00    -999.99 -999.99 -999.99    0.00000     0.00            3.11066E-10     0.00    4.90173E-10     0.00
 -150.00   235.00    -999.99 -999.99 -999.99    0.00000     0.00            2.97240E-10     0.00    4.90173E-10     0.00
 -145.00   235.00    -999.99 -999.99 -999.99    0.00000     0.00            2.81152E-10     0.00    4.90173E-10     0.00
 -140.00   235.00    -999.99 -999.99 -999.99    0.00000     0.00            2.62924E-10     0.00    4.90173E-10     0.00
 -135.00   235.00    -999.99 -999.99 -999.99    0.00000     0.00            2.42695E-10     0.00    4.90173E-10     0.00
 -130.00   235.00    -999.99 -999.99 -999.99    0.00000     0.00            2.20619E-10     0.00    4.90173E-10     0.00
 -125.00   235.00    -999.99 -999.99 -999.99    0.00000     0.00            1.96865E-10     0.00    4.90173E-10     0.00
 -120.00   235.00    -999.99 -999.99 -999.99    0.00000     0.00            1.71611E-10     0.00    4.90173E-10     0.00
 -115.00   235.00    -999.99 -999.99 -999.99    0.00000     0.00            1.45052E-10     0.00    4.90173E-10     0.00
 -110.00   235.00    -999.99 -999.99 -999.99    0.00000     0.00            1.17389E-10     0.00    4.90173E-10     0.00
 -105.00   235.00    -999.99 -999.99 -999.99    0.00000     0.00            8.88326E-11     0.00    4.90173E-10     0.00
 -100.00   235.00    -999.99 -999.99 -999.99    0.00000     0.00            5.96000E-11     0.00    4.90173E-10     0.00
  -95.00   235.00    -999.99 -999.99 -999.99    0.00000     0.00            2.99138E-11     0.00    4.90173E-10     0.00
  -90.00   235.00    -999.99 -999.99 -999.99    0.00000     0.00            1.75161E-21     0.00    4.90173E-10     0.00
  -85.00   235.00    -999.99 -999.99 -999.99    0.00000     0.00            2.99138E-11   180.00    4.90173E-10     0.00
  -80.00   235.00    -999.99 -999.99 -999.99    0.00000     0.00            5.96000E-11   180.00    4.90173E-10     0.00
  -75.00   235.00    -999.99 -999.99 -999.99    0.00000     0.00            8.88326E-11   180.00    4.90173E-10     0.00
  -70.00   235.00    -999.99 -999.99 -999.99    0.00000     0.00            1.17389E-10   180.00    4.90173E-10     0.00
  -65.00   235.00    -999.99 -999.99 -999.99    0.00000     0.00            1.45052E-10   180.00    4.90173E-10     0.00
  -60.00   235.00    -999.99 -999.99 -999.99    0.00000     0.00            1.71611E-10   180.00    4.90173E-10     0.00
  -55.00   235.00    -999.99 -999.99 -999.99    0.00000     0.00            1.96865E-10   180.00    4.90173E-10     0.00
  -50.00   235.00    -999.99 -999.99 -999.99    0.00000     0.00            2.20619E-10   180.00    4.90173E-10     0.00
  -45.00   235.00    -999.99 -999.99 -999.99    0.00000     0.00            2.42695E-10   180.00    4.90173E-10     0.00
  -40.00   235.00    -999.99 -999.99 -999.99    0.00000     0.00            2.62924E-10   180.00    4.90173E-10     0.00
  -35.00   235.00    -999.99 -999.99 -999.99    0.00000     0.00            2.81152E-10   180.00    4.90173E-10     0.00
  -30.00   235.00    -999.99 -999.99 -999.99    0.00000     0.00            2.97240E-10   180.00    4.90173E-10     0.00
  -25.00   235.00    -999.99 -999.99 -999.99    0.00000     0.00            3.11066E-10   180.00    4.90173E-10     0.00
  -20.00   235.00    -999.99 -999.99 -999.99    0.00000     0.00            3.22524E-10   180.00    4.90173E-10     0.00
  -15.00   235.00    -999.99 -999.99 -999.99    0.00000     0.00            3.31528E-10   180.00    4.90173E-10     0.00
  -10.00   235.00    -999.99 -999.99 -999.99    0.00000     0.00            3.38009E-10   180.00    4.90173E-10     0.00
   -5.00   235.00    -999.99 -999.99 -999.99    0.00000     0.00            3.41917E-10   180.00    4.90173E-10     0.00
    0.00   235.00    -999.99 -999.99 -999.99    0.00000     0.00            3.43223E-10   180.00    4.90173E-10     0.00
 -180.00   240.00    -999.99 -999.99 -999.99    0.00000     0.00            2.99195E-10     0.00    5.18222E-10     0.00
 -175.00   240.00    -999.99 -999.99 -999.99    0.00000     0.00            2.98057E-10     0.00    5.18222E-10     0.00
 -170.00   240.00    -999.99 -999.99 -999.99    0.00000     0.00            2.94650E-10     0.00    5.18222E-10     0.00
 -165.00   240.00    -999.99 -999.99 -999.99    0.00000     0.00            2.89001E-10     0.00    5.18222E-10     0.00
 -160.00   240.00    -999.99 -999.99 -999.99    0.00000     0.00            2.81152E-10     0.00    5.18222E-10     0.00
 -155.00   240.00    -999.99 -999.99 -999.99    0.00000     0.00            2.71163E-10     0.00    5.18222E-10     0.00
 -150.00   240.00    -999.99 -999.99 -999.99    0.00000     0.00            2.59111E-10     0.00    5.18222E-10     0.00
 -145.00   240.00    -999.99 -999.99 -999.99    0.00000     0.00            2.45087E-10     0.00    5.18222E-10     0.00
 -140.00   240.00    -999.99 -999.99 -999.99    0.00000     0.00            2.29197E-10     0.00    5.18222E-10     0.00
 -135.00   240.00    -999.99 -999.99 -999.99    0.00000     0.00            2.11563E-10     0.00    5.18222E-10     0.00
 -130.00   240.00    -999.99 -999.99 -999.99    0.00000     0.00            1.92319E-10     0.00    5.18222E-10     0.00
 -125.00   240.00    -999.99 -999.99 -999.99    0.00000     0.00            1.71611E-10     0.00    5.18222E-10     0.00
 -120.00   240.00    -999.99 -999.99 -999.99    0.00000     0.00            1.49598E-10     0.00    5.18222E-10     0.00
 -115.00   240.00    -999.99 -999.99 -999.99    0.00000     0.00            1.26445E-10     0.00    5.18222E-10     0.00
 -110.00   240.00    -999.99 -999.99 -999.99    0.00000     0.00            1.02331E-10     0.00    5.18222E-10     0.00
 -105.00   240.00    -999.99 -999.99 -999.99    0.00000     0.00            7.74375E-11     0.00    5.18222E-10     0.00
 -100.00   240.00    -999.99 -999.99 -999.99    0.00000     0.00            5.19547E-11     0.00    5.18222E-10     0.00
  -95.00   240.00    -999.99 -999.99 -999.99    0.00000     0.00            2.60766E-11     0.00    5.18222E-10     0.00
  -90.00   240.00    -999.99 -999.99 -999.99    0.00000     0.00            1.52692E-21     0.00    5.18222E-10     0.00
  -85.00   240.00    -999.99 -999.99 -999.99    0.00000     0.00            2.60766E-11   180.00    5.18222E-10     0.00
  -80.00   240.00    -999.99 -999.99 -999.99    0.00000     0.00            5.19547E-11   180.00    5.18222E-10     0.00
  -75.00   240.00    -999.99 -999.99 -999.99    0.00000     0.00            7.74375E-11   180.00    5.18222E-10     0.00
  -70.00   240.00    -999.99 -999.99 -999.99    0.00000     0.00            1.02331E-10   180.00    5.18222E-10     0.00
  -65.00   240.00    -999.99 -999.99 -999.99    0.00000     0.00            1.26445E-10   180.00    5.18222E-10     0.00
  -60.00   240.00    -999.99 -999.99 -999.99    0.00000     0.00            1.49598E-10   180.00    5.18222E-10     0.00
  -55.00   240.00    -999.99 -999.99 -999.99    0.00000     0.00            1.71611E-10   180.00    5.18222E-10     0.00
  -50.00   240.00    -999.99 -999.99 -999.99    0.00000     0.00            1.92319E-10   180.00    5.18222E-10     0.00
  -45.00   240.00    -999.99 -999.99 -999.99    0.00000     0.00            2.11563E-10   180.00    5.18222E-10     0.00
  -40.00   240.00    -999.99 -999.99 -999.99    0.00000     0.00            2.29197E-10   180.00    5.18222E-10     0.00
  -35.00   240.00    -999.99 -999.99 -999.99    0.00000     0.00            2.45087E-10   180.00    5.18222E-10     0.00
  -30.00   240.00    -999.99 -999.99 -999.99    0.00000     0.00            2.59111E-10   180.00    5.18222E-10     0.00
  -25.00   240.00    -999.99 -999.99 -999.99    0.00000     0.00            2.71163E-10   180.00    5.18222E-10     0.00
  -20.00   240.00    -999.99 -999.99 -999.99    0.00000     0.00            2.81152E-10   180.00    5.18222E-10     0.00
  -15.00   240.00    -999.99 -999.99 -999.99    0.00000     0.00            2.89001E-10   180.00    5.18222E-10     0.00
  -10.00   240.00    -999.99 -999.99 -999.99    0.00000     0.00            2.94650E-10   180.00    5.18222E-10     0.00
   -5.00   240.00    -999.99 -999.99 -999.99    0.00000     0.00            2.98057E-10   180.00    5.18222E-10     0.00
    0.00   240.00    -999.99 -999.99 -999.99    0.00000     0.00            2.99195E-10   180.00    5.18222E-10     0.00
 -180.00   245.00    -999.99 -999.99 -999.99    0.00000     0.00            2.52891E-10     0.00    5.42326E-10     0.00
 -175.00   245.00    -999.99 -999.99 -999.99    0.00000     0.00            2.51929E-10     0.00    5.42326E-10     0.00
 -170.00   245.00    -999.99 -999.99 -999.99    0.00000     0.00            2.49049E-10     0.00    5.42326E-10     0.00
 -165.00   245.00    -999.99 -999.99 -999.99    0.00000     0.00            2.44274E-10     0.00    5.42326E-10     0.00
 -160.00   245.00    -999.99 -999.99 -999.99    0.00000     0.00            2.37640E-10     0.00    5.42326E-10     0.00
 -155.00   245.00    -999.99 -999.99 -999.99    0.00000     0.00            2.29197E-10     0.00    5.42326E-10     0.00
 -150.00   245.00    -999.99 -999.99 -999.99    0.00000     0.00            2.19010E-10     0.00    5.42326E-10     0.00
 -145.00   245.00    -999.99 -999.99 -999.99    0.00000     0.00            2.07156E-10     0.00    5.42326E-10     0.00
 -140.00   245.00    -999.99 -999.99 -999.99    0.00000     0.00            1.93726E-10     0.00    5.42326E-10     0.00
 -135.00   245.00    -999.99 -999.99 -999.99    0.00000     0.00            1.78821E-10     0.00    5.42326E-10     0.00
 -130.00   245.00    -999.99 -999.99 -999.99    0.00000     0.00            1.62555E-10     0.00    5.42326E-10     0.00
 -125.00   245.00    -999.99 -999.99 -999.99    0.00000     0.00            1.45052E-10     0.00    5.42326E-10     0.00
 -120.00   245.00    -999.99 -999.99 -999.99    0.00000     0.00            1.26445E-10     0.00    5.42326E-10     0.00
 -115.00   245.00    -999.99 -999.99 -999.99    0.00000     0.00            1.06876E-10     0.00    5.42326E-10     0.00
 -110.00   245.00    -999.99 -999.99 -999.99    0.00000     0.00            8.64938E-11     0.00    5.42326E-10     0.00
 -105.00   245.00    -999.99 -999.99 -999.99    0.00000     0.00            6.54530E-11     0.00    5.42326E-10     0.00
 -100.00   245.00    -999.99 -999.99 -999.99    0.00000     0.00            4.39140E-11     0.00    5.42326E-10     0.00
  -95.00   245.00    -999.99 -999.99 -999.99    0.00000     0.00            2.20409E-11     0.00    5.42326E-10     0.00
  -90.00   245.00    -999.99 -999.99 -999.99    0.00000     0.00            1.29061E-21     0.00    5.42326E-10     0.00
  -85.00   245.00    -999.99 -999.99 -999.99    0.00000     0.00            2.20409E-11   180.00    5.42326E-10     0.00
  -80.00   245.00    -999.99 -999.99 -999.99    0.00000     0.00            4.39140E-11   180.00    5.42326E-10     0.00
  -75.00   245.00    -999.99 -999.99 -999.99    0.00000     0.00            6.54530E-11   180.00    5.42326E-10     0.00
  -70.00   245.00    -999.99 -999.99 -999.99    0.00000     0.00            8.64938E-11   180.00    5.42326E-10     0.00
  -65.00   245.00    -999.99 -999.99 -999.99    0.00000     0.00            1.06876E-10   180.00    5.42326E-10     0.00
  -60.00   245.00    -999.99 -999.99 -999.99    0.00000     0.00            1.26445E-10   180.00    5.42326E-10     0.00
  -55.00   245.00    -999.99 -999.99 -999.99    0.00000     0.00            1.45052E-10   180.00    5.42326E-10     0.00
  -50.00   245.00    -999.99 -999.99 -999.99    0.00000     0.00            1.62555E-10   180.00    5.42326E-10     0.00
  -45.00   245.00    -999.99 -999.99 -999.99    0.00000     0.00            1.78821E-10   180.00    5.42326E-10     0.00
  -40.00   245.00    -999.99 -999.99 -999.99    0.00000     0.00            1.93726E-10   180.00    5.42326E-10     0.00
  -35.00   245.00    -999.99 -999.99 -999.99    0.00000     0.00            2.07156E-10   180.00    5.42326E-10     0.00
  -30.00   245.00    -999.99 -999.99 -999.99    0.00000     0.00            2.19010E-10   180.00    5.42326E-10     0.00
  -25.00   245.00    -999.99 -999.99 -999.99    0.00000     0.00            2.29197E-10   180.00    5.42326E-10     0.00
  -20.00   245.00    -999.99 -999.99 -999.99    0.00000     0.00            2.37640E-10   180.00    5.42326E-10     0.00
  -15.00   245.00    -999.99 -999.99 -999.99    0.00000     0.00            2.44274E-10   180.00    5.42326E-10     0.00
  -10.00   245.00    -999.99 -999.99 -999.99    0.00000     0.00            2.49049E-10   180.00    5.42326E-10     0.00
   -5.00   245.00    -999.99 -999.99 -999.99    0.00000     0.00            2.51929E-10   180.00    5.42326E-10     0.00
    0.00   245.00    -999.99 -999.99 -999.99    0.00000     0.00            2.52891E-10   180.00    5.42326E-10     0.00
 -180.00   250.00    -999.99 -999.99 -999.99    0.00000     0.00            2.04662E-10     0.00    5.62303E-10     0.00
 -175.00   250.00    -999.99 -999.99 -999.99    0.00000     0.00            2.03883E-10     0.00    5.62303E-10     0.00
 -170.00   250.00    -999.99 -999.99 -999.99    0.00000     0.00            2.01552E-10     0.00    5.62303E-10     0.00
 -165.00   250.00    -999.99 -999.99 -999.99    0.00000     0.00            1.97688E-10     0.00    5.62304E-10     0.00
 -160.00   250.00    -999.99 -999.99 -999.99    0.00000     0.00            1.92319E-10     0.00    5.62304E-10     0.00
 -155.00   250.00    -999.99 -999.99 -999.99    0.00000     0.00            1.85487E-10     0.00    5.62303E-10     0.00
 -150.00   250.00    -999.99 -999.99 -999.99    0.00000     0.00            1.77242E-10     0.00    5.62303E-10     0.00
 -145.00   250.00    -999.99 -999.99 -999.99    0.00000     0.00            1.67649E-10     0.00    5.62303E-10     0.00
 -140.00   250.00    -999.99 -999.99 -999.99    0.00000     0.00            1.56780E-10     0.00    5.62303E-10     0.00
 -135.00   250.00    -999.99 -999.99 -999.99    0.00000     0.00            1.44718E-10     0.00    5.62303E-10     0.00
 -130.00   250.00    -999.99 -999.99 -999.99    0.00000     0.00            1.31554E-10     0.00    5.62303E-10     0.00
 -125.00   250.00    -999.99 -999.99 -999.99    0.00000     0.00            1.17389E-10     0.00    5.62304E-10     0.00
 -120.00   250.00    -999.99 -999.99 -999.99    0.00000     0.00            1.02331E-10     0.00    5.62304E-10     0.00
 -115.00   250.00    -999.99 -999.99 -999.99    0.00000     0.00            8.64938E-11     0.00    5.62303E-10     0.00
 -110.00   250.00    -999.99 -999.99 -999.99    0.00000     0.00            6.99984E-11     0.00    5.62304E-10     0.00
 -105.00   250.00    -999.99 -999.99 -999.99    0.00000     0.00            5.29703E-11     0.00    5.62303E-10     0.00
 -100.00   250.00    -999.99 -999.99 -999.99    0.00000     0.00            3.55391E-11     0.00    5.62303E-10     0.00
  -95.00   250.00    -999.99 -999.99 -999.99    0.00000     0.00            1.78374E-11     0.00    5.62303E-10     0.00
  -90.00   250.00    -999.99 -999.99 -999.99    0.00000     0.00            1.04447E-21     0.00    5.62303E-10     0.00
  -85.00   250.00    -999.99 -999.99 -999.99    0.00000     0.00            1.78374E-11   180.00    5.62303E-10     0.00
  -80.00   250.00    -999.99 -999.99 -999.99    0.00000     0.00            3.55391E-11   180.00    5.62303E-10     0.00
  -75.00   250.00    -999.99 -999.99 -999.99    0.00000     0.00            5.29703E-11   180.00    5.62303E-10     0.00
  -70.00   250.00    -999.99 -999.99 -999.99    0.00000     0.00            6.99984E-11   180.00    5.62303E-10     0.00
  -65.00   250.00    -999.99 -999.99 -999.99    0.00000     0.00            8.64938E-11   180.00    5.62303E-10     0.00
  -60.00   250.00    -999.99 -999.99 -999.99    0.00000     0.00            1.02331E-10   180.00    5.62303E-10     0.00
  -55.00   250.00    -999.99 -999.99 -999.99    0.00000     0.00            1.17389E-10   180.00    5.62304E-10     0.00
  -50.00   250.00    -999.99 -999.99 -999.99    0.00000     0.00            1.31554E-10   180.00    5.62304E-10     0.00
  -45.00   250.00    -999.99 -999.99 -999.99    0.00000     0.00            1.44718E-10   180.00    5.62303E-10     0.00
  -40.00   250.00    -999.99 -999.99 -999.99    0.00000     0.00            1.56780E-10   180.00    5.62303E-10     0.00
  -35.00   250.00    -999.99 -999.99 -999.99    0.00000     0.00            1.67649E-10   180.00    5.62303E-10     0.00
  -30.00   250.00    -999.99 -999.99 -999.99    0.00000     0.00            1.77242E-10   180.00    5.62304E-10     0.00
  -25.00   250.00    -999.99 -999.99 -999.99    0.00000     0.00            1.85487E-10   180.00    5.62303E-10     0.00
  -20.00   250.00    -999.99 -999.99 -999.99    0.00000     0.00            1.92319E-10   180.00    5.62304E-10     0.00
  -15.00   250.00    -999.99 -999.99 -999.99    0.00000     0.00            1.97688E-10   180.00    5.62304E-10     0.00
  -10.00   250.00    -999.99 -999.99 -999.99    0.00000     0.00            2.01552E-10   180.00    5.62303E-10     0.00
   -5.00   250.00    -999.99 -999.99 -999.99    0.00000     0.00            2.03883E-10   180.00    5.62303E-10     0.00
    0.00   250.00    -999.99 -999.99 -999.99    0.00000     0.00            2.04662E-10   180.00    5.62303E-10     0.00
 -180.00   255.00    -999.99 -999.99 -999.99    0.00000     0.00            1.54875E-10     0.00    5.78001E-10     0.00
 -175.00   255.00    -999.99 -999.99 -999.99    0.00000     0.00            1.54286E-10     0.00    5.78001E-10     0.00
 -170.00   255.00    -999.99 -999.99 -999.99    0.00000     0.00            1.52522E-10     0.00    5.78001E-10     0.00
 -165.00   255.00    -999.99 -999.99 -999.99    0.00000     0.00            1.49598E-10     0.00    5.78001E-10     0.00
 -160.00   255.00    -999.99 -999.99 -999.99    0.00000     0.00            1.45535E-10     0.00    5.78001E-10     0.00
 -155.00   255.00    -999.99 -999.99 -999.99    0.00000     0.00            1.40364E-10     0.00    5.78001E-10     0.00
 -150.00   255.00    -999.99 -999.99 -999.99    0.00000     0.00            1.34126E-10     0.00    5.78001E-10     0.00
 -145.00   255.00    -999.99 -999.99 -999.99    0.00000     0.00            1.26866E-10     0.00    5.78001E-10     0.00
 -140.00   255.00    -999.99 -999.99 -999.99    0.00000     0.00            1.18641E-10     0.00    5.78001E-10     0.00
 -135.00   255.00    -999.99 -999.99 -999.99    0.00000     0.00            1.09513E-10     0.00    5.78001E-10     0.00
 -130.00   255.00    -999.99 -999.99 -999.99    0.00000     0.00            9.95517E-11     0.00    5.78001E-10     0.00
 -125.00   255.00    -999.99 -999.99 -999.99    0.00000     0.00            8.88326E-11     0.00    5.78001E-10     0.00
 -120.00   255.00    -999.99 -999.99 -999.99    0.00000     0.00            7.74375E-11     0.00    5.78001E-10     0.00
 -115.00   255.00    -999.99 -999.99 -999.99    0.00000     0.00            6.54530E-11     0.00    5.78001E-10     0.00
 -110.00   255.00    -999.99 -999.99 -999.99    0.00000     0.00            5.29704E-11     0.00    5.78001E-10     0.00
 -105.00   255.00    -999.99 -999.99 -999.99    0.00000     0.00            4.00846E-11     0.00    5.78001E-10     0.00
 -100.00   255.00    -999.99 -999.99 -999.99    0.00000     0.00            2.68937E-11     0.00    5.78001E-10     0.00
  -95.00   255.00    -999.99 -999.99 -999.99    0.00000     0.00            1.34982E-11     0.00    5.78001E-10     0.00
  -90.00   255.00    -999.99 -999.99 -999.99    0.00000     0.00            7.90391E-22     0.00    5.78001E-10     0.00
  -85.00   255.00    -999.99 -999.99 -999.99    0.00000     0.00            1.34982E-11   180.00    5.78001E-10     0.00
  -80.00   255.00    -999.99 -999.99 -999.99    0.00000     0.00            2.68938E-11   180.00    5.78001E-10     0.00
  -75.00   255.00    -999.99 -999.99 -999.99    0.00000     0.00            4.00846E-11   180.00    5.78001E-10     0.00
  -70.00   255.00    -999.99 -999.99 -999.99    0.00000     0.00            5.29704E-11   180.00    5.78001E-10     0.00
  -65.00   255.00    -999.99 -999.99 -999.99    0.00000     0.00            6.54530E-11   180.00    5.78001E-10     0.00
  -60.00   255.00    -999.99 -999.99 -999.99    0.00000     0.00            7.74375E-11   180.00    5.78001E-10     0.00
  -55.00   255.00    -999.99 -999.99 -999.99    0.00000     0.00            8.88326E-11   180.00    5.78001E-10     0.00
  -50.00   255.00    -999.99 -999.99 -999.99    0.00000     0.00            9.95517E-11   180.00    5.78001E-10     0.00
  -45.00   255.00    -999.99 -999.99 -999.99    0.00000     0.00            1.09513E-10   180.00    5.78001E-10     0.00
  -40.00   255.00    -999.99 -999.99 -999.99    0.00000     0.00            1.18641E-10   180.00    5.78001E-10     0.00
  -35.00   255.00    -999.99 -999.99 -999.99    0.00000     0.00            1.26866E-10   180.00    5.78001E-10     0.00
  -30.00   255.00    -999.99 -999.99 -999.99    0.00000     0.00            1.34126E-10   180.00    5.78001E-10     0.00
  -25.00   255.00    -999.99 -999.99 -999.99    0.00000     0.00            1.40364E-10   180.00    5.78001E-10     0.00
  -20.00   255.00    -999.99 -999.99 -999.99    0.00000     0.00            1.45535E-10   180.00    5.78001E-10     0.00
  -15.00   255.00    -999.99 -999.99 -999.99    0.00000     0.00            1.49598E-10   180.00    5.78001E-10     0.00
  -10.00   255.00    -999.99 -999.99 -999.99    0.00000     0.00            1.52522E-10   180.00    5.78001E-10     0.00
   -5.00   255.00    -999.99 -999.99 -999.99    0.00000     0.00            1.54286E-10   180.00    5.78001E-10     0.00
    0.00   255.00    -999.99 -999.99 -999.99    0.00000     0.00            1.54875E-10   180.00    5.78001E-10     0.00
 -180.00   260.00    -999.99 -999.99 -999.99    0.00000     0.00            1.03909E-10     0.00    5.89300E-10     0.00
 -175.00   260.00    -999.99 -999.99 -999.99    0.00000     0.00            1.03514E-10     0.00    5.89300E-10     0.00
 -170.00   260.00    -999.99 -999.99 -999.99    0.00000     0.00            1.02331E-10     0.00    5.89300E-10     0.00
 -165.00   260.00    -999.99 -999.99 -999.99    0.00000     0.00            1.00369E-10     0.00    5.89300E-10     0.00
 -160.00   260.00    -999.99 -999.99 -999.99    0.00000     0.00            9.76430E-11     0.00    5.89300E-10     0.00
 -155.00   260.00    -999.99 -999.99 -999.99    0.00000     0.00            9.41740E-11     0.00    5.89300E-10     0.00
 -150.00   260.00    -999.99 -999.99 -999.99    0.00000     0.00            8.99883E-11     0.00    5.89300E-10     0.00
 -145.00   260.00    -999.99 -999.99 -999.99    0.00000     0.00            8.51177E-11     0.00    5.89300E-10     0.00
 -140.00   260.00    -999.99 -999.99 -999.99    0.00000     0.00            7.95993E-11     0.00    5.89300E-10     0.00
 -135.00   260.00    -999.99 -999.99 -999.99    0.00000     0.00            7.34751E-11     0.00    5.89300E-10     0.00
 -130.00   260.00    -999.99 -999.99 -999.99    0.00000     0.00            6.67917E-11     0.00    5.89300E-10     0.00
 -125.00   260.00    -999.99 -999.99 -999.99    0.00000     0.00            5.96000E-11     0.00    5.89300E-10     0.00
 -120.00   260.00    -999.99 -999.99 -999.99    0.00000     0.00            5.19547E-11     0.00    5.89300E-10     0.00
 -115.00   260.00    -999.99 -999.99 -999.99    0.00000     0.00            4.39140E-11     0.00    5.89300E-10     0.00
 -110.00   260.00    -999.99 -999.99 -999.99    0.00000     0.00            3.55391E-11     0.00    5.89300E-10     0.00
 -105.00   260.00    -999.99 -999.99 -999.99    0.00000     0.00            2.68938E-11     0.00    5.89300E-10     0.00
 -100.00   260.00    -999.99 -999.99 -999.99    0.00000     0.00            1.80437E-11     0.00    5.89300E-10     0.00
  -95.00   260.00    -999.99 -999.99 -999.99    0.00000     0.00            9.05631E-12     0.00    5.89300E-10     0.00
  -90.00   260.00    -999.99 -999.99 -999.99    0.00000     0.00            5.30293E-22     0.00    5.89300E-10     0.00
  -85.00   260.00    -999.99 -999.99 -999.99    0.00000     0.00            9.05631E-12   180.00    5.89300E-10     0.00
  -80.00   260.00    -999.99 -999.99 -999.99    0.00000     0.00            1.80437E-11   180.00    5.89300E-10     0.00
  -75.00   260.00    -999.99 -999.99 -999.99    0.00000     0.00            2.68938E-11   180.00    5.89300E-10     0.00
  -70.00   260.00    -999.99 -999.99 -999.99    0.00000     0.00            3.55391E-11   180.00    5.89300E-10     0.00
  -65.00   260.00    -999.99 -999.99 -999.99    0.00000     0.00            4.39140E-11   180.00    5.89300E-10     0.00
  -60.00   260.00    -999.99 -999.99 -999.99    0.00000     0.00            5.19547E-11   180.00    5.89300E-10     0.00
  -55.00   260.00    -999.99 -999.99 -999.99    0.00000     0.00            5.96000E-11   180.00    5.89300E-10     0.00
  -50.00   260.00    -999.99 -999.99 -999.99    0.00000     0.00            6.67917E-11   180.00    5.89300E-10     0.00
  -45.00   260.00    -999.99 -999.99 -999.99    0.00000     0.00            7.34751E-11   180.00    5.89300E-10     0.00
  -40.00   260.00    -999.99 -999.99 -999.99    0.00000     0.00            7.95993E-11   180.00    5.89300E-10     0.00
  -35.00   260.00    -999.99 -999.99 -999.99    0.00000     0.00            8.51177E-11   180.00    5.89300E-10     0.00
  -30.00   260.00    -999.99 -999.99 -999.99    0.00000     0.00            8.99883E-11   180.00    5.89300E-10     0.00
  -25.00   260.00    -999.99 -999.99 -999.99    0.00000     0.00            9.41740E-11   180.00    5.89300E-10     0.00
  -20.00   260.00    -999.99 -999.99 -999.99    0.00000     0.00            9.76430E-11   180.00    5.89300E-10     0.00
  -15.00   260.00    -999.99 -999.99 -999.99    0.00000     0.00            1.00369E-10   180.00    5.89300E-10     0.00
  -10.00   260.00    -999.99 -999.99 -999.99    0.00000     0.00            1.02331E-10   180.00    5.89300E-10     0.00
   -5.00   260.00    -999.99 -999.99 -999.99    0.00000     0.00            1.03514E-10   180.00    5.89300E-10     0.00
    0.00   260.00    -999.99 -999.99 -999.99    0.00000     0.00            1.03909E-10   180.00    5.89300E-10     0.00
 -180.00   265.00    -999.99 -999.99 -999.99    0.00000     0.00            5.21532E-11     0.00    5.96114E-10     0.00
 -175.00   265.00    -999.99 -999.99 -999.99    0.00000     0.00            5.19547E-11     0.00    5.96114E-10     0.00
 -170.00   265.00    -999.99 -999.99 -999.99    0.00000     0.00            5.13609E-11     0.00    5.96114E-10     0.00
 -165.00   265.00    -999.99 -999.99 -999.99    0.00000     0.00            5.03761E-11     0.00    5.96114E-10     0.00
 -160.00   265.00    -999.99 -999.99 -999.99    0.00000     0.00            4.90080E-11     0.00    5.96114E-10     0.00
 -155.00   265.00    -999.99 -999.99 -999.99    0.00000     0.00            4.72669E-11     0.00    5.96114E-10     0.00
 -150.00   265.00    -999.99 -999.99 -999.99    0.00000     0.00            4.51660E-11     0.00    5.96114E-10     0.00
 -145.00   265.00    -999.99 -999.99 -999.99    0.00000     0.00            4.27214E-11     0.00    5.96114E-10     0.00
 -140.00   265.00    -999.99 -999.99 -999.99    0.00000     0.00            3.99517E-11     0.00    5.96114E-10     0.00
 -135.00   265.00    -999.99 -999.99 -999.99    0.00000     0.00            3.68779E-11     0.00    5.96114E-10     0.00
 -130.00   265.00    -999.99 -999.99 -999.99    0.00000     0.00            3.35234E-11     0.00    5.96114E-10     0.00
 -125.00   265.00    -999.99 -999.99 -999.99    0.00000     0.00            2.99138E-11     0.00    5.96114E-10     0.00
 -120.00   265.00    -999.99 -999.99 -999.99    0.00000     0.00            2.60766E-11     0.00    5.96114E-10     0.00
 -115.00   265.00    -999.99 -999.99 -999.99    0.00000     0.00            2.20409E-11     0.00    5.96114E-10     0.00
 -110.00   265.00    -999.99 -999.99 -999.99    0.00000     0.00            1.78374E-11     0.00    5.96114E-10     0.00
 -105.00   265.00    -999.99 -999.99 -999.99    0.00000     0.00            1.34982E-11     0.00    5.96114E-10     0.00
 -100.00   265.00    -999.99 -999.99 -999.99    0.00000     0.00            9.05631E-12     0.00    5.96114E-10     0.00
  -95.00   265.00    -999.99 -999.99 -999.99    0.00000     0.00            4.54545E-12     0.00    5.96114E-10     0.00
  -90.00   265.00    -999.99 -999.99 -999.99    0.00000     0.00            2.66159E-22     0.00    5.96114E-10     0.00
  -85.00   265.00    -999.99 -999.99 -999.99    0.00000     0.00            4.54545E-12   180.00    5.96114E-10     0.00
  -80.00   265.00    -999.99 -999.99 -999.99    0.00000     0.00            9.05631E-12   180.00    5.96114E-10     0.00
  -75.00   265.00    -999.99 -999.99 -999.99    0.00000     0.00            1.34982E-11   180.00    5.96114E-10     0.00
  -70.00   265.00    -999.99 -999.99 -999.99    0.00000     0.00            1.78374E-11   180.00    5.96114E-10     0.00
  -65.00   265.00    -999.99 -999.99 -999.99    0.00000     0.00            2.20409E-11   180.00    5.96114E-10     0.00
  -60.00   265.00    -999.99 -999.99 -999.99    0.00000     0.00            2.60766E-11   180.00    5.96114E-10     0.00
  -55.00   265.00    -999.99 -999.99 -999.99    0.00000     0.00            2.99138E-11   180.00    5.96114E-10     0.00
  -50.00   265.00    -999.99 -999.99 -999.99    0.00000     0.00            3.35234E-11   180.00    5.96114E-10     0.00
  -45.00   265.00    -999.99 -999.99 -999.99    0.00000     0.00            3.68779E-11   180.00    5.96114E-10     0.00
  -40.00   265.00    -999.99 -999.99 -999.99    0.00000     0.00            3.99517E-11   180.00    5.96114E-10     0.00
  -35.00   265.00    -999.99 -999.99 -999.99    0.00000     0.00            4.27214E-11   180.00    5.96114E-10     0.00
  -30.00   265.00    -999.99 -999.99 -999.99    0.00000     0.00            4.51660E-11   180.00    5.96114E-10     0.00
  -25.00   265.00    -999.99 -999.99 -999.99    0.00000     0.00            4.72669E-11   180.00    5.96114E-10     0.00
  -20.00   265.00    -999.99 -999.99 -999.99    0.00000     0.00            4.90080E-11   180.00    5.96114E-10     0.00
  -15.00   265.00    -999.99 -999.99 -999.99    0.00000     0.00            5.03761E-11   180.00    5.96114E-10     0.00
  -10.00   265.00    -999.99 -999.99 -999.99    0.00000     0.00            5.13609E-11   180.00    5.96114E-10     0.00
   -5.00   265.00    -999.99 -999.99 -999.99    0.00000     0.00            5.19547E-11   180.00    5.96114E-10     0.00
    0.00   265.00    -999.99 -999.99 -999.99    0.00000     0.00            5.21532E-11   180.00    5.96114E-10     0.00
 -180.00   270.00    -999.99 -999.99 -999.99    0.00000     0.00            9.16150E-21  -180.00    5.98391E-10     0.00
 -175.00   270.00    -999.99 -999.99 -999.99    0.00000     0.00            9.12664E-21  -180.00    5.98391E-10     0.00
 -170.00   270.00    -999.99 -999.99 -999.99    0.00000     0.00            9.02232E-21  -180.00    5.98391E-10     0.00
 -165.00   270.00    -999.99 -999.99 -999.99    0.00000     0.00            8.84933E-21  -180.00    5.98391E-10     0.00
 -160.00   270.00    -999.99 -999.99 -999.99    0.00000     0.00            8.60900E-21  -180.00    5.98391E-10     0.00
 -155.00   270.00    -999.99 -999.99 -999.99    0.00000     0.00            8.30314E-21  -180.00    5.98391E-10     0.00
 -150.00   270.00    -999.99 -999.99 -999.99    0.00000     0.00            7.93410E-21  -180.00    5.98391E-10     0.00
 -145.00   270.00    -999.99 -999.99 -999.99    0.00000     0.00            7.50466E-21  -180.00    5.98391E-10     0.00
 -140.00   270.00    -999.99 -999.99 -999.99    0.00000     0.00            7.01812E-21  -180.00    5.98391E-10     0.00
 -135.00   270.00    -999.99 -999.99 -999.99    0.00000     0.00            6.47816E-21  -180.00    5.98391E-10     0.00
 -130.00   270.00    -999.99 -999.99 -999.99    0.00000     0.00            5.88890E-21  -180.00    5.98391E-10     0.00
 -125.00   270.00    -999.99 -999.99 -999.99    0.00000     0.00            5.25482E-21  -180.00    5.98391E-10     0.00
 -120.00   270.00    -999.99 -999.99 -999.99    0.00000     0.00            4.58075E-21  -180.00    5.98391E-10     0.00
 -115.00   270.00    -999.99 -999.99 -999.99    0.00000     0.00            3.87182E-21  -180.00    5.98391E-10     0.00
 -110.00   270.00    -999.99 -999.99 -999.99    0.00000     0.00            3.13342E-21  -180.00    5.98391E-10     0.00
 -105.00   270.00    -999.99 -999.99 -999.99    0.00000     0.00            2.37117E-21  -180.00    5.98391E-10     0.00
 -100.00   270.00    -999.99 -999.99 -999.99    0.00000     0.00            1.59088E-21  -180.00    5.98391E-10     0.00
  -95.00   270.00    -999.99 -999.99 -999.99    0.00000     0.00            7.98478E-22  -180.00    5.98391E-10     0.00
  -90.00   270.00    -999.99 -999.99 -999.99    0.00000     0.00            4.67549E-32  -180.00    5.98391E-10     0.00
  -85.00   270.00    -999.99 -999.99 -999.99    0.00000     0.00            7.98478E-22     0.00    5.98391E-10     0.00
  -80.00   270.00    -999.99 -999.99 -999.99    0.00000     0.00            1.59088E-21     0.00    5.98391E-10     0.00
  -75.00   270.00    -999.99 -999.99 -999.99    0.00000     0.00            2.37117E-21     0.00    5.98391E-10     0.00
  -70.00   270.00    -999.99 -999.99 -999.99    0.00000     0.00            3.13342E-21     0.00    5.98391E-10     0.00
  -65.00   270.00    -999.99 -999.99 -999.99    0.00000     0.00            3.87182E-21     0.00    5.98391E-10     0.00
  -60.00   270.00    -999.99 -999.99 -999.99    0.00000     0.00            4.58075E-21     0.00    5.98391E-10     0.00
  -55.00   270.00    -999.99 -999.99 -999.99    0.00000     0.00            5.25482E-21     0.00    5.98391E-10     0.00
  -50.00   270.00    -999.99 -999.99 -999.99    0.00000     0.00            5.88890E-21     0.00    5.98391E-10     0.00
  -45.00   270.00    -999.99 -999.99 -999.99    0.00000     0.00            6.47816E-21     0.00    5.98391E-10     0.00
  -40.00   270.00    -999.99 -999.99 -999.99    0.00000     0.00            7.01812E-21     0.00    5.98391E-10     0.00
  -35.00   270.00    -999.99 -999.99 -999.99    0.00000     0.00            7.50466E-21     0.00    5.98391E-10     0.00
  -30.00   270.00    -999.99 -999.99 -999.99    0.00000     0.00            7.93410E-21     0.00    5.98391E-10     0.00
  -25.00   270.00    -999.99 -999.99 -999.99    0.00000     0.00            8.30314E-21     0.00    5.98391E-10     0.00
  -20.00   270.00    -999.99 -999.99 -999.99    0.00000     0.00            8.60900E-21     0.00    5.98391E-10     0.00
  -15.00   270.00    -999.99 -999.99 -999.99    0.00000     0.00            8.84933E-21     0.00    5.98391E-10     0.00
  -10.00   270.00    -999.99 -999.99 -999.99    0.00000     0.00            9.02232E-21     0.00    5.98391E-10     0.00
   -5.00   270.00    -999.99 -999.99 -999.99    0.00000     0.00            9.12664E-21     0.00    5.98391E-10     0.00
    0.00   270.00    -999.99 -999.99 -999.99    0.00000     0.00            9.16150E-21     0.00    5.98391E-10     0.00
 -180.00   275.00    -999.99 -999.99 -999.99    0.00000     0.00            5.21532E-11  -180.00    5.96114E-10     0.00
 -175.00   275.00    -999.99 -999.99 -999.99    0.00000     0.00            5.19547E-11  -180.00    5.96114E-10     0.00
 -170.00   275.00    -999.99 -999.99 -999.99    0.00000     0.00            5.13609E-11  -180.00    5.96114E-10     0.00
 -165.00   275.00    -999.99 -999.99 -999.99    0.00000     0.00            5.03761E-11  -180.00    5.96114E-10     0.00
 -160.00   275.00    -999.99 -999.99 -999.99    0.00000     0.00            4.90080E-11  -180.00    5.96114E-10     0.00
 -155.00   275.00    -999.99 -999.99 -999.99    0.00000     0.00            4.72669E-11  -180.00    5.96114E-10     0.00
 -150.00   275.00    -999.99 -999.99 -999.99    0.00000     0.00            4.51660E-11  -180.00    5.96114E-10     0.00
 -145.00   275.00    -999.99 -999.99 -999.99    0.00000     0.00            4.27214E-11  -180.00    5.96114E-10     0.00
 -140.00   275.00    -999.99 -999.99 -999.99    0.00000     0.00            3.99517E-11  -180.00    5.96114E-10     0.00
 -135.00   275.00    -999.99 -999.99 -999.99    0.00000     0.00            3.68779E-11  -180.00    5.96114E-10     0.00
 -130.00   275.00    -999.99 -999.99 -999.99    0.00000     0.00            3.35234E-11  -180.00    5.96114E-10     0.00
 -125.00   275.00    -999.99 -999.99 -999.99    0.00000     0.00            2.99138E-11  -180.00    5.96114E-10     0.00
 -120.00   275.00    -999.99 -999.99 -999.99    0.00000     0.00            2.60766E-11  -180.00    5.96114E-10     0.00
 -115.00   275.00    -999.99 -999.99 -999.99    0.00000     0.00            2.20409E-11  -180.00    5.96114E-10     0.00
 -110.00   275.00    -999.99 -999.99 -999.99    0.00000     0.00            1.78374E-11  -180.00    5.96114E-10     0.00
 -105.00   275.00    -999.99 -999.99 -999.99    0.00000     0.00            1.34982E-11  -180.00    5.96114E-10     0.00
 -100.00   275.00    -999.99 -999.99 -999.99    0.00000     0.00            9.05631E-12  -180.00    5.96114E-10     0.00
  -95.00   275.00    -999.99 -999.99 -999.99    0.00000     0.00            4.54545E-12  -180.00    5.96114E-10     0.00
  -90.00   275.00    -999.99 -999.99 -999.99    0.00000     0.00            2.66159E-22  -180.00    5.96114E-10     0.00
  -85.00   275.00    -999.99 -999.99 -999.99    0.00000     0.00            4.54545E-12     0.00    5.96114E-10     0.00
  -80.00   275.00    -999.99 -999.99 -999.99    0.00000     0.00            9.05631E-12     0.00    5.96114E-10     0.00
  -75.00   275.00    -999.99 -999.99 -999.99    0.00000     0.00            1.34982E-11     0.00    5.96114E-10     0.00
  -70.00   275.00    -999.99 -999.99 -999.99    0.00000     0.00            1.78374E-11     0.00    5.96114E-10     0.00
  -65.00   275.00    -999.99 -999.99 -999.99    0.00000     0.00            2.20409E-11     0.00    5.96114E-10     0.00
  -60.00   275.00    -999.99 -999.99 -999.99    0.00000     0.00            2.60766E-11     0.00    5.96114E-10     0.00
  -55.00   275.00    -999.99 -999.99 -999.99    0.00000     0.00            2.99138E-11     0.00    5.96114E-10     0.00
  -50.00   275.00    -999.99 -999.99 -999.99    0.00000     0.00            3.35234E-11     0.00    5.96114E-10     0.00
  -45.00   275.00    -999.99 -999.99 -999.99    0.00000     0.00            3.68779E-11     0.00    5.96114E-10     0.00
  -40.00   275.00    -999.99 -999.99 -999.99    0.00000     0.00            3.99517E-11     0.00    5.96114E-10     0.00
  -35.00   275.00    -999.99 -999.99 -999.99    0.00000     0.00            4.27214E-11     0.00    5.96114E-10     0.00
  -30.00   275.00    -999.99 -999.99 -999.99    0.00000     0.00            4.51660E-11     0.00    5.96114E-10     0.00
  -25.00   275.00    -999.99 -999.99 -999.99    0.00000     0.00            4.72669E-11     0.00    5.96114E-10     0.00
  -20.00   275.00    -999.99 -999.99 -999.99    0.00000     0.00            4.90080E-11     0.00    5.96114E-10     0.00
  -15.00   275.00    -999.99 -999.99 -999.99    0.00000     0.00            5.03761E-11     0.00    5.96114E-10     0.00
  -10.00   275.00    -999.99 -999.99 -999.99    0.00000     0.00            5.13609E-11     0.00    5.96114E-10     0.00
   -5.00   275.00    -999.99 -999.99 -999.99    0.00000     0.00            5.19547E-11     0.00    5.96114E-10     0.00
    0.00   275.00    -999.99 -999.99 -999.99    0.00000     0.00            5.21532E-11     0.00    5.96114E-10     0.00
 -180.00   280.00    -999.99 -999.99 -999.99    0.00000     0.00            1.03909E-10  -180.00    5.89300E-10     0.00
 -175.00   280.00    -999.99 -999.99 -999.99    0.00000     0.00            1.03514E-10  -180.00    5.89300E-10     0.00
 -170.00   280.00    -999.99 -999.99 -999.99    0.00000     0.00            1.02331E-10  -180.00    5.89300E-10     0.00
 -165.00   280.00    -999.99 -999.99 -999.99    0.00000     0.00            1.00369E-10  -180.00    5.89300E-10     0.00
 -160.00   280.00    -999.99 -999.99 -999.99    0.00000     0.00            9.76430E-11  -180.00    5.89300E-10     0.00
 -155.00   280.00    -999.99 -999.99 -999.99    0.00000     0.00            9.41740E-11  -180.00    5.89300E-10     0.00
 -150.00   280.00    -999.99 -999.99 -999.99    0.00000     0.00            8.99883E-11  -180.00    5.89300E-10     0.00
 -145.00   280.00    -999.99 -999.99 -999.99    0.00000     0.00            8.51177E-11  -180.00    5.89300E-10     0.00
 -140.00   280.00    -999.99 -999.99 -999.99    0.00000     0.00            7.95993E-11  -180.00    5.89300E-10     0.00
 -135.00   280.00    -999.99 -999.99 -999.99    0.00000     0.00            7.34751E-11  -180.00    5.89300E-10     0.00
 -130.00   280.00    -999.99 -999.99 -999.99    0.00000     0.00            6.67917E-11  -180.00    5.89300E-10     0.00
 -125.00   280.00    -999.99 -999.99 -999.99    0.00000     0.00            5.96000E-11  -180.00    5.89300E-10     0.00
 -120.00   280.00    -999.99 -999.99 -999.99    0.00000     0.00            5.19547E-11  -180.00    5.89300E-10     0.00
 -115.00   280.00    -999.99 -999.99 -999.99    0.00000     0.00            4.39140E-11  -180.00    5.89300E-10     0.00
 -110.00   280.00    -999.99 -999.99 -999.99    0.00000     0.00            3.55391E-11  -180.00    5.89300E-10     0.00
 -105.00   280.00    -999.99 -999.99 -999.99    0.00000     0.00            2.68938E-11  -180.00    5.89300E-10     0.00
 -100.00   280.00    -999.99 -999.99 -999.99    0.00000     0.00            1.80437E-11  -180.00    5.89300E-10     0.00
  -95.00   280.00    -999.99 -999.99 -999.99    0.00000     0.00            9.05631E-12  -180.00    5.89300E-10     0.00
  -90.00   280.00    -999.99 -999.99 -999.99    0.00000     0.00            5.30293E-22  -180.00    5.89300E-10     0.00
  -85.00   280.00    -999.99 -999.99 -999.99    0.00000     0.00            9.05631E-12     0.00    5.89300E-10     0.00
  -80.00   280.00    -999.99 -999.99 -999.99    0.00000     0.00            1.80437E-11     0.00    5.89300E-10     0.00
  -75.00   280.00    -999.99 -999.99 -999.99    0.00000     0.00            2.68938E-11     0.00    5.89300E-10     0.00
  -70.00   280.00    -999.99 -999.99 -999.99    0.00000     0.00            3.55391E-11     0.00    5.89300E-10     0.00
  -65.00   280.00    -999.99 -999.99 -999.99    0.00000     0.00            4.39140E-11     0.00    5.89300E-10     0.00
  -60.00   280.00    -999.99 -999.99 -999.99    0.00000     0.00            5.19547E-11     0.00    5.89300E-10     0.00
  -55.00   280.00    -999.99 -999.99 -999.99    0.00000     0.00            5.96000E-11     0.00    5.89300E-10     0.00
  -50.00   280.00    -999.99 -999.99 -999.99    0.00000     0.00            6.67917E-11     0.00    5.89300E-10     0.00
  -45.00   280.00    -999.99 -999.99 -999.99    0.00000     0.00            7.34751E-11     0.00    5.89300E-10     0.00
  -40.00   280.00    -999.99 -999.99 -999.99    0.00000     0.00            7.95993E-11     0.00    5.89300E-10     0.00
  -35.00   280.00    -999.99 -999.99 -999.99    0.00000     0.00            8.51177E-11     0.00    5.89300E-10     0.00
  -30.00   280.00    -999.99 -999.99 -999.99    0.00000     0.00            8.99883E-11     0.00    5.89300E-10     0.00
  -25.00   280.00    -999.99 -999.99 -999.99    0.00000     0.00            9.41740E-11     0.00    5.89300E-10     0.00
  -20.00   280.00    -999.99 -999.99 -999.99    0.00000     0.00            9.76430E-11     0.00    5.89300E-10     0.00
  -15.00   280.00    -999.99 -999.99 -999.99    0.00000     0.00            1.00369E-10     0.00    5.89300E-10     0.00
  -10.00   280.00    -999.99 -999.99 -999.99    0.00000     0.00            1.02331E-10     0.00    5.89300E-10     0.00
   -5.00   280.00    -999.99 -999.99 -999.99    0.00000     0.00            1.03514E-10     0.00    5.89300E-10     0.00
    0.00   280.00    -999.99 -999.99 -999.99    0.00000     0.00            1.03909E-10     0.00    5.89300E-10     0.00
 -180.00   285.00    -999.99 -999.99 -999.99    0.00000     0.00            1.54875E-10  -180.00    5.78001E-10     0.00
 -175.00   285.00    -999.99 -999.99 -999.99    0.00000     0.00            1.54286E-10  -180.00    5.78001E-10     0.00
 -170.00   285.00    -999.99 -999.99 -999.99    0.00000     0.00            1.52522E-10  -180.00    5.78001E-10     0.00
 -165.00   285.00    -999.99 -999.99 -999.99    0.00000     0.00            1.49598E-10  -180.00    5.78001E-10     0.00
 -160.00   285.00    -999.99 -999.99 -999.99    0.00000     0.00            1.45535E-10  -180.00    5.78001E-10     0.00
 -155.00   285.00    -999.99 -999.99 -999.99    0.00000     0.00            1.40364E-10  -180.00    5.78001E-10     0.00
 -150.00   285.00    -999.99 -999.99 -999.99    0.00000     0.00            1.34126E-10  -180.00    5.78001E-10     0.00
 -145.00   285.00    -999.99 -999.99 -999.99    0.00000     0.00            1.26866E-10  -180.00    5.78001E-10     0.00
 -140.00   285.00    -999.99 -999.99 -999.99    0.00000     0.00            1.18641E-10  -180.00    5.78001E-10     0.00
 -135.00   285.00    -999.99 -999.99 -999.99    0.00000     0.00            1.09513E-10  -180.00    5.78001E-10     0.00
 -130.00   285.00    -999.99 -999.99 -999.99    0.00000     0.00            9.95517E-11  -180.00    5.78001E-10     0.00
 -125.00   285.00    -999.99 -999.99 -999.99    0.00000     0.00            8.88326E-11  -180.00    5.78001E-10     0.00
 -120.00   285.00    -999.99 -999.99 -999.99    0.00000     0.00            7.74375E-11  -180.00    5.78001E-10     0.00
 -115.00   285.00    -999.99 -999.99 -999.99    0.00000     0.00            6.54530E-11  -180.00    5.78001E-10     0.00
 -110.00   285.00    -999.99 -999.99 -999.99    0.00000     0.00            5.29704E-11  -180.00    5.78001E-10     0.00
 -105.00   285.00    -999.99 -999.99 -999.99    0.00000     0.00            4.00846E-11  -180.00    5.78001E-10     0.00
 -100.00   285.00    -999.99 -999.99 -999.99    0.00000     0.00            2.68938E-11  -180.00    5.78001E-10     0.00
  -95.00   285.00    -999.99 -999.99 -999.99    0.00000     0.00            1.34982E-11  -180.00    5.78001E-10     0.00
  -90.00   285.00    -999.99 -999.99 -999.99    0.00000     0.00            7.90391E-22  -180.00    5.78001E-10     0.00
  -85.00   285.00    -999.99 -999.99 -999.99    0.00000     0.00            1.34982E-11     0.00    5.78001E-10     0.00
  -80.00   285.00    -999.99 -999.99 -999.99    0.00000     0.00            2.68938E-11     0.00    5.78001E-10     0.00
  -75.00   285.00    -999.99 -999.99 -999.99    0.00000     0.00            4.00846E-11     0.00    5.78001E-10     0.00
  -70.00   285.00    -999.99 -999.99 -999.99    0.00000     0.00            5.29703E-11     0.00    5.78001E-10     0.00
  -65.00   285.00    -999.99 -999.99 -999.99    0.00000     0.00            6.54530E-11     0.00    5.78001E-10     0.00
  -60.00   285.00    -999.99 -999.99 -999.99    0.00000     0.00            7.74375E-11     0.00    5.78001E-10     0.00
  -55.00   285.00    -999.99 -999.99 -999.99    0.00000     0.00            8.88326E-11     0.00    5.78001E-10     0.00
  -50.00   285.00    -999.99 -999.99 -999.99    0.00000     0.00            9.95517E-11     0.00    5.78001E-10     0.00
  -45.00   285.00    -999.99 -999.99 -999.99    0.00000     0.00            1.09513E-10     0.00    5.78001E-10     0.00
  -40.00   285.00    -999.99 -999.99 -999.99    0.00000     0.00            1.18641E-10     0.00    5.78001E-10     0.00
  -35.00   285.00    -999.99 -999.99 -999.99    0.00000     0.00            1.26866E-10     0.00    5.78001E-10     0.00
  -30.00   285.00    -999.99 -999.99 -999.99    0.00000     0.00            1.34126E-10     0.00    5.78001E-10     0.00
  -25.00   285.00    -999.99 -999.99 -999.99    0.00000     0.00            1.40364E-10     0.00    5.78001E-10     0.00
  -20.00   285.00    -999.99 -999.99 -999.99    0.00000     0.00            1.45535E-10     0.00    5.78001E-10     0.00
  -15.00   285.00    -999.99 -999.99 -999.99    0.00000     0.00            1.49598E-10     0.00    5.78001E-10     0.00
  -10.00   285.00    -999.99 -999.99 -999.99    0.00000     0.00            1.52522E-10     0.00    5.78001E-10     0.00
   -5.00   285.00    -999.99 -999.99 -999.99    0.00000     0.00            1.54286E-10     0.00    5.78001E-10     0.00
    0.00   285.00    -999.99 -999.99 -999.99    0.00000     0.00            1.54875E-10     0.00    5.78001E-10     0.00
 -180.00   290.00    -999.99 -999.99 -999.99    0.00000     0.00            2.04662E-10  -180.00    5.62303E-10     0.00
 -175.00   290.00    -999.99 -999.99 -999.99    0.00000     0.00            2.03883E-10  -180.00    5.62303E-10     0.00
 -170.00   290.00    -999.99 -999.99 -999.99    0.00000     0.00            2.01552E-10  -180.00    5.62303E-10     0.00
 -165.00   290.00    -999.99 -999.99 -999.99    0.00000     0.00            1.97688E-10  -180.00    5.62304E-10     0.00
 -160.00   290.00    -999.99 -999.99 -999.99    0.00000     0.00            1.92319E-10  -180.00    5.62304E-10     0.00
 -155.00   290.00    -999.99 -999.99 -999.99    0.00000     0.00            1.85487E-10  -180.00    5.62303E-10     0.00
 -150.00   290.00    -999.99 -999.99 -999.99    0.00000     0.00            1.77242E-10  -180.00    5.62303E-10     0.00
 -145.00   290.00    -999.99 -999.99 -999.99    0.00000     0.00            1.67649E-10  -180.00    5.62303E-10     0.00
 -140.00   290.00    -999.99 -999.99 -999.99    0.00000     0.00            1.56780E-10  -180.00    5.62304E-10     0.00
 -135.00   290.00    -999.99 -999.99 -999.99    0.00000     0.00            1.44718E-10  -180.00    5.62303E-10     0.00
 -130.00   290.00    -999.99 -999.99 -999.99    0.00000     0.00            1.31554E-10  -180.00    5.62303E-10     0.00
 -125.00   290.00    -999.99 -999.99 -999.99    0.00000     0.00            1.17389E-10  -180.00    5.62304E-10     0.00
 -120.00   290.00    -999.99 -999.99 -999.99    0.00000     0.00            1.02331E-10  -180.00    5.62304E-10     0.00
 -115.00   290.00    -999.99 -999.99 -999.99    0.00000     0.00            8.64938E-11  -180.00    5.62303E-10     0.00
 -110.00   290.00    -999.99 -999.99 -999.99    0.00000     0.00            6.99984E-11  -180.00    5.62303E-10     0.00
 -105.00   290.00    -999.99 -999.99 -999.99    0.00000     0.00            5.29703E-11  -180.00    5.62303E-10     0.00
 -100.00   290.00    -999.99 -999.99 -999.99    0.00000     0.00            3.55391E-11  -180.00    5.62303E-10     0.00
  -95.00   290.00    -999.99 -999.99 -999.99    0.00000     0.00            1.78374E-11  -180.00    5.62304E-10     0.00
  -90.00   290.00    -999.99 -999.99 -999.99    0.00000     0.00            1.04447E-21  -180.00    5.62304E-10     0.00
  -85.00   290.00    -999.99 -999.99 -999.99    0.00000     0.00            1.78374E-11     0.00    5.62303E-10     0.00
  -80.00   290.00    -999.99 -999.99 -999.99    0.00000     0.00            3.55391E-11     0.00    5.62303E-10     0.00
  -75.00   290.00    -999.99 -999.99 -999.99    0.00000     0.00            5.29703E-11     0.00    5.62303E-10     0.00
  -70.00   290.00    -999.99 -999.99 -999.99    0.00000     0.00            6.99984E-11     0.00    5.62303E-10     0.00
  -65.00   290.00    -999.99 -999.99 -999.99    0.00000     0.00            8.64938E-11     0.00    5.62303E-10     0.00
  -60.00   290.00    -999.99 -999.99 -999.99    0.00000     0.00            1.02331E-10     0.00    5.62303E-10     0.00
  -55.00   290.00    -999.99 -999.99 -999.99    0.00000     0.00            1.17389E-10     0.00    5.62304E-10     0.00
  -50.00   290.00    -999.99 -999.99 -999.99    0.00000     0.00            1.31554E-10     0.00    5.62304E-10     0.00
  -45.00   290.00    -999.99 -999.99 -999.99    0.00000     0.00            1.44718E-10     0.00    5.62303E-10     0.00
  -40.00   290.00    -999.99 -999.99 -999.99    0.00000     0.00            1.56780E-10     0.00    5.62304E-10     0.00
  -35.00   290.00    -999.99 -999.99 -999.99    0.00000     0.00            1.67649E-10     0.00    5.62303E-10     0.00
  -30.00   290.00    -999.99 -999.99 -999.99    0.00000     0.00            1.77242E-10     0.00    5.62303E-10     0.00
  -25.00   290.00    -999.99 -999.99 -999.99    0.00000     0.00            1.85487E-10     0.00    5.62303E-10     0.00
  -20.00   290.00    -999.99 -999.99 -999.99    0.00000     0.00            1.92319E-10     0.00    5.62304E-10     0.00
  -15.00   290.00    -999.99 -999.99 -999.99    0.00000     0.00            1.97688E-10     0.00    5.62304E-10     0.00
  -10.00   290.00    -999.99 -999.99 -999.99    0.00000     0.00            2.01552E-10     0.00    5.62303E-10     0.00
   -5.00   290.00    -999.99 -999.99 -999.99    0.00000     0.00            2.03883E-10     0.00    5.62303E-10     0.00
    0.00   290.00    -999.99 -999.99 -999.99    0.00000     0.00            2.04662E-10     0.00    5.62303E-10     0.00
 -180.00   295.00    -999.99 -999.99 -999.99    0.00000     0.00            2.52891E-10  -180.00    5.42326E-10     0.00
 -175.00   295.00    -999.99 -999.99 -999.99    0.00000     0.00            2.51929E-10  -180.00    5.42326E-10     0.00
 -170.00   295.00    -999.99 -999.99 -999.99    0.00000     0.00            2.49049E-10  -180.00    5.42326E-10     0.00
 -165.00   295.00    -999.99 -999.99 -999.99    0.00000     0.00            2.44274E-10  -180.00    5.42326E-10     0.00
 -160.00   295.00    -999.99 -999.99 -999.99    0.00000     0.00            2.37640E-10  -180.00    5.42326E-10     0.00
 -155.00   295.00    -999.99 -999.99 -999.99    0.00000     0.00            2.29197E-10  -180.00    5.42326E-10     0.00
 -150.00   295.00    -999.99 -999.99 -999.99    0.00000     0.00            2.19010E-10  -180.00    5.42326E-10     0.00
 -145.00   295.00    -999.99 -999.99 -999.99    0.00000     0.00            2.07156E-10  -180.00    5.42326E-10     0.00
 -140.00   295.00    -999.99 -999.99 -999.99    0.00000     0.00            1.93726E-10  -180.00    5.42326E-10     0.00
 -135.00   295.00    -999.99 -999.99 -999.99    0.00000     0.00            1.78821E-10  -180.00    5.42326E-10     0.00
 -130.00   295.00    -999.99 -999.99 -999.99    0.00000     0.00            1.62555E-10  -180.00    5.42326E-10     0.00
 -125.00   295.00    -999.99 -999.99 -999.99    0.00000     0.00            1.45052E-10  -180.00    5.42326E-10     0.00
 -120.00   295.00    -999.99 -999.99 -999.99    0.00000     0.00            1.26445E-10  -180.00    5.42326E-10     0.00
 -115.00   295.00    -999.99 -999.99 -999.99    0.00000     0.00            1.06876E-10  -180.00    5.42326E-10     0.00
 -110.00   295.00    -999.99 -999.99 -999.99    0.00000     0.00            8.64938E-11  -180.00    5.42326E-10     0.00
 -105.00   295.00    -999.99 -999.99 -999.99    0.00000     0.00            6.54530E-11  -180.00    5.42326E-10     0.00
 -100.00   295.00    -999.99 -999.99 -999.99    0.00000     0.00            4.39140E-11  -180.00    5.42326E-10     0.00
  -95.00   295.00    -999.99 -999.99 -999.99    0.00000     0.00            2.20409E-11  -180.00    5.42326E-10     0.00
  -90.00   295.00    -999.99 -999.99 -999.99    0.00000     0.00            1.29061E-21  -180.00    5.42326E-10     0.00
  -85.00   295.00    -999.99 -999.99 -999.99    0.00000     0.00            2.20409E-11     0.00    5.42326E-10     0.00
  -80.00   295.00    -999.99 -999.99 -999.99    0.00000     0.00            4.39140E-11     0.00    5.42326E-10     0.00
  -75.00   295.00    -999.99 -999.99 -999.99    0.00000     0.00            6.54530E-11     0.00    5.42326E-10     0.00
  -70.00   295.00    -999.99 -999.99 -999.99    0.00000     0.00            8.64938E-11     0.00    5.42326E-10     0.00
  -65.00   295.00    -999.99 -999.99 -999.99    0.00000     0.00            1.06876E-10     0.00    5.42326E-10     0.00
  -60.00   295.00    -999.99 -999.99 -999.99    0.00000     0.00            1.26445E-10     0.00    5.42326E-10     0.00
  -55.00   295.00    -999.99 -999.99 -999.99    0.00000     0.00            1.45052E-10     0.00    5.42326E-10     0.00
  -50.00   295.00    -999.99 -999.99 -999.99    0.00000     0.00            1.62555E-10     0.00    5.42326E-10     0.00
  -45.00   295.00    -999.99 -999.99 -999.99    0.00000     0.00            1.78821E-10     0.00    5.42326E-10     0.00
  -40.00   295.00    -999.99 -999.99 -999.99    0.00000     0.00            1.93726E-10     0.00    5.42326E-10     0.00
  -35.00   295.00    -999.99 -999.99 -999.99    0.00000     0.00            2.07156E-10     0.00    5.42326E-10     0.00
  -30.00   295.00    -999.99 -999.99 -999.99    0.00000     0.00            2.19010E-10     0.00    5.42326E-10     0.00
  -25.00   295.00    -999.99 -999.99 -999.99    0.00000     0.00            2.29197E-10     0.00    5.42326E-10     0.00
  -20.00   295.00    -999.99 -999.99 -999.99    0.00000     0.00            2.37640E-10     0.00    5.42326E-10     0.00
  -15.00   295.00    -999.99 -999.99 -999.99    0.00000     0.00            2.44274E-10     0.00    5.42326E-10     0.00
  -10.00   295.00    -999.99 -999.99 -999.99    0.00000     0.00            2.49049E-10     0.00    5.42326E-10     0.00
   -5.00   295.00    -999.99 -999.99 -999.99    0.00000     0.00            2.51929E-10     0.00    5.42326E-10     0.00
    0.00   295.00    -999.99 -999.99 -999.99    0.00000     0.00            2.52891E-10     0.00    5.42326E-10     0.00
 -180.00   300.00    -999.99 -999.99 -999.99    0.00000     0.00            2.99195E-10  -180.00    5.18222E-10     0.00
 -175.00   300.00    -999.99 -999.99 -999.99    0.00000     0.00            2.98057E-10  -180.00    5.18222E-10     0.00
 -170.00   300.00    -999.99 -999.99 -999.99    0.00000     0.00            2.94650E-10  -180.00    5.18222E-10     0.00
 -165.00   300.00    -999.99 -999.99 -999.99    0.00000     0.00            2.89001E-10  -180.00    5.18222E-10     0.00
 -160.00   300.00    -999.99 -999.99 -999.99    0.00000     0.00            2.81152E-10  -180.00    5.18222E-10     0.00
 -155.00   300.00    -999.99 -999.99 -999.99    0.00000     0.00            2.71163E-10  -180.00    5.18222E-10     0.00
 -150.00   300.00    -999.99 -999.99 -999.99    0.00000     0.00            2.59111E-10  -180.00    5.18222E-10     0.00
 -145.00   300.00    -999.99 -999.99 -999.99    0.00000     0.00            2.45087E-10  -180.00    5.18222E-10     0.00
 -140.00   300.00    -999.99 -999.99 -999.99    0.00000     0.00            2.29197E-10  -180.00    5.18222E-10     0.00
 -135.00   300.00    -999.99 -999.99 -999.99    0.00000     0.00            2.11563E-10  -180.00    5.18222E-10     0.00
 -130.00   300.00    -999.99 -999.99 -999.99    0.00000     0.00            1.92319E-10  -180.00    5.18222E-10     0.00
 -125.00   300.00    -999.99 -999.99 -999.99    0.00000     0.00            1.71611E-10  -180.00    5.18222E-10     0.00
 -120.00   300.00    -999.99 -999.99 -999.99    0.00000     0.00            1.49598E-10  -180.00    5.18222E-10     0.00
 -115.00   300.00    -999.99 -999.99 -999.99    0.00000     0.00            1.26445E-10  -180.00    5.18222E-10     0.00
 -110.00   300.00    -999.99 -999.99 -999.99    0.00000     0.00            1.02331E-10  -180.00    5.18222E-10     0.00
 -105.00   300.00    -999.99 -999.99 -999.99    0.00000     0.00            7.74375E-11  -180.00    5.18222E-10     0.00
 -100.00   300.00    -999.99 -999.99 -999.99    0.00000     0.00            5.19547E-11  -180.00    5.18222E-10     0.00
  -95.00   300.00    -999.99 -999.99 -999.99    0.00000     0.00            2.60766E-11  -180.00    5.18222E-10     0.00
  -90.00   300.00    -999.99 -999.99 -999.99    0.00000     0.00            1.52692E-21  -180.00    5.18222E-10     0.00
  -85.00   300.00    -999.99 -999.99 -999.99    0.00000     0.00            2.60766E-11     0.00    5.18222E-10     0.00
  -80.00   300.00    -999.99 -999.99 -999.99    0.00000     0.00            5.19547E-11     0.00    5.18222E-10     0.00
  -75.00   300.00    -999.99 -999.99 -999.99    0.00000     0.00            7.74375E-11     0.00    5.18222E-10     0.00
  -70.00   300.00    -999.99 -999.99 -999.99    0.00000     0.00            1.02331E-10     0.00    5.18222E-10     0.00
  -65.00   300.00    -999.99 -999.99 -999.99    0.00000     0.00            1.26445E-10     0.00    5.18222E-10     0.00
  -60.00   300.00    -999.99 -999.99 -999.99    0.00000     0.00            1.49598E-10     0.00    5.18222E-10     0.00
  -55.00   300.00    -999.99 -999.99 -999.99    0.00000     0.00            1.71611E-10     0.00    5.18222E-10     0.00
  -50.00   300.00    -999.99 -999.99 -999.99    0.00000     0.00            1.92319E-10     0.00    5.18222E-10     0.00
  -45.00   300.00    -999.99 -999.99 -999.99    0.00000     0.00            2.11563E-10     0.00    5.18222E-10     0.00
  -40.00   300.00    -999.99 -999.99 -999.99    0.00000     0.00            2.29197E-10     0.00    5.18222E-10     0.00
  -35.00   300.00    -999.99 -999.99 -999.99    0.00000     0.00            2.45087E-10     0.00    5.18222E-10     0.00
  -30.00   300.00    -999.99 -999.99 -999.99    0.00000     0.00            2.59111E-10     0.00    5.18222E-10     0.00
  -25.00   300.00    -999.99 -999.99 -999.99    0.00000     0.00            2.71163E-10     0.00    5.18222E-10     0.00
  -20.00   300.00    -999.99 -999.99 -999.99    0.00000     0.00            2.81152E-10     0.00    5.18222E-10     0.00
  -15.00   300.00    -999.99 -999.99 -999.99    0.00000     0.00            2.89001E-10     0.00    5.18222E-10     0.00
  -10.00   300.00    -999.99 -999.99 -999.99    0.00000     0.00            2.94650E-10     0.00    5.18222E-10     0.00
   -5.00   300.00    -999.99 -999.99 -999.99    0.00000     0.00            2.98057E-10     0.00    5.18222E-10     0.00
    0.00   300.00    -999.99 -999.99 -999.99    0.00000     0.00            2.99195E-10     0.00    5.18222E-10     0.00
 -180.00   305.00    -999.99 -999.99 -999.99    0.00000     0.00            3.43223E-10  -180.00    4.90173E-10     0.00
 -175.00   305.00    -999.99 -999.99 -999.99    0.00000     0.00            3.41917E-10  -180.00    4.90173E-10     0.00
 -170.00   305.00    -999.99 -999.99 -999.99    0.00000     0.00            3.38009E-10  -180.00    4.90173E-10     0.00
 -165.00   305.00    -999.99 -999.99 -999.99    0.00000     0.00            3.31528E-10  -180.00    4.90173E-10     0.00
 -160.00   305.00    -999.99 -999.99 -999.99    0.00000     0.00            3.22524E-10  -180.00    4.90173E-10     0.00
 -155.00   305.00    -999.99 -999.99 -999.99    0.00000     0.00            3.11066E-10  -180.00    4.90173E-10     0.00
 -150.00   305.00    -999.99 -999.99 -999.99    0.00000     0.00            2.97240E-10  -180.00    4.90173E-10     0.00
 -145.00   305.00    -999.99 -999.99 -999.99    0.00000     0.00            2.81152E-10  -180.00    4.90173E-10     0.00
 -140.00   305.00    -999.99 -999.99 -999.99    0.00000     0.00            2.62924E-10  -180.00    4.90173E-10     0.00
 -135.00   305.00    -999.99 -999.99 -999.99    0.00000     0.00            2.42695E-10  -180.00    4.90173E-10     0.00
 -130.00   305.00    -999.99 -999.99 -999.99    0.00000     0.00            2.20619E-10  -180.00    4.90173E-10     0.00
 -125.00   305.00    -999.99 -999.99 -999.99    0.00000     0.00            1.96865E-10  -180.00    4.90173E-10     0.00
 -120.00   305.00    -999.99 -999.99 -999.99    0.00000     0.00            1.71611E-10  -180.00    4.90173E-10     0.00
 -115.00   305.00    -999.99 -999.99 -999.99    0.00000     0.00            1.45052E-10  -180.00    4.90173E-10     0.00
 -110.00   305.00    -999.99 -999.99 -999.99    0.00000     0.00            1.17389E-10  -180.00    4.90173E-10     0.00
 -105.00   305.00    -999.99 -999.99 -999.99    0.00000     0.00            8.88326E-11  -180.00    4.90173E-10     0.00
 -100.00   305.00    -999.99 -999.99 -999.99    0.00000     0.00            5.96000E-11  -180.00    4.90173E-10     0.00
  -95.00   305.00    -999.99 -999.99 -999.99    0.00000     0.00            2.99138E-11  -180.00    4.90173E-10     0.00
  -90.00   305.00    -999.99 -999.99 -999.99    0.00000     0.00            1.75161E-21  -180.00    4.90173E-10     0.00
  -85.00   305.00    -999.99 -999.99 -999.99    0.00000     0.00            2.99138E-11     0.00    4.90173E-10     0.00
  -80.00   305.00    -999.99 -999.99 -999.99    0.00000     0.00            5.96000E-11     0.00    4.90173E-10     0.00
  -75.00   305.00    -999.99 -999.99 -999.99    0.00000     0.00            8.88326E-11     0.00    4.90173E-10     0.00
  -70.00   305.00    -999.99 -999.99 -999.99    0.00000     0.00            1.17389E-10     0.00    4.90173E-10     0.00
  -65.00   305.00    -999.99 -999.99 -999.99    0.00000     0.00            1.45052E-10     0.00    4.90173E-10     0.00
  -60.00   305.00    -999.99 -999.99 -999.99    0.00000     0.00            1.71611E-10     0.00    4.90173E-10     0.00
  -55.00   305.00    -999.99 -999.99 -999.99    0.00000     0.00            1.96865E-10     0.00    4.90173E-10     0.00
  -50.00   305.00    -999.99 -999.99 -999.99    0.00000     0.00            2.20619E-10     0.00    4.90173E-10     0.00
  -45.00   305.00    -999.99 -999.99 -999.99    0.00000     0.00            2.42695E-10     0.00    4.90173E-10     0.00
  -40.00   305.00    -999.99 -999.99 -999.99    0.00000     0.00            2.62924E-10     0.00    4.90173E-10     0.00
  -35.00   305.00    -999.99 -999.99 -999.99    0.00000     0.00            2.81152E-10     0.00    4.90173E-10     0.00
  -30.00   305.00    -999.99 -999.99 -999.99    0.00000     0.00            2.97240E-10     0.00    4.90173E-10     0.00
  -25.00   305.00    -999.99 -999.99 -999.99    0.00000     0.00            3.11066E-10     0.00    4.90173E-10     0.00
  -20.00   305.00    -999.99 -999.99 -999.99    0.00000     0.00            3.22524E-10     0.00    4.90173E-10     0.00
  -15.00   305.00    -999.99 -999.99 -999.99    0.00000     0.00            3.31528E-10     0.00    4.90173E-10     0.00
  -10.00   305.00    -999.99 -999.99 -999.99    0.00000     0.00            3.38009E-10     0.00    4.90173E-10     0.00
   -5.00   305.00    -999.99 -999.99 -999.99    0.00000     0.00            3.41917E-10     0.00    4.90173E-10     0.00
    0.00   305.00    -999.99 -999.99 -999.99    0.00000     0.00            3.43223E-10     0.00    4.90173E-10     0.00
 -180.00   310.00    -999.99 -999.99 -999.99    0.00000     0.00            3.84638E-10  -180.00    4.58394E-10     0.00
 -175.00   310.00    -999.99 -999.99 -999.99    0.00000     0.00            3.83175E-10  -180.00    4.58394E-10     0.00
 -170.00   310.00    -999.99 -999.99 -999.99    0.00000     0.00            3.78795E-10  -180.00    4.58394E-10     0.00
 -165.00   310.00    -999.99 -999.99 -999.99    0.00000     0.00            3.71532E-10  -180.00    4.58394E-10     0.00
 -160.00   310.00    -999.99 -999.99 -999.99    0.00000     0.00            3.61442E-10  -180.00    4.58394E-10     0.00
 -155.00   310.00    -999.99 -999.99 -999.99    0.00000     0.00            3.48601E-10  -180.00    4.58394E-10     0.00
 -150.00   310.00    -999.99 -999.99 -999.99    0.00000     0.00            3.33106E-10  -180.00    4.58394E-10     0.00
 -145.00   310.00    -999.99 -999.99 -999.99    0.00000     0.00            3.15077E-10  -180.00    4.58394E-10     0.00
 -140.00   310.00    -999.99 -999.99 -999.99    0.00000     0.00            2.94650E-10  -180.00    4.58394E-10     0.00
 -135.00   310.00    -999.99 -999.99 -999.99    0.00000     0.00            2.71980E-10  -180.00    4.58394E-10     0.00
 -130.00   310.00    -999.99 -999.99 -999.99    0.00000     0.00            2.47241E-10  -180.00    4.58394E-10     0.00
 -125.00   310.00    -999.99 -999.99 -999.99    0.00000     0.00            2.20619E-10  -180.00    4.58394E-10     0.00
 -120.00   310.00    -999.99 -999.99 -999.99    0.00000     0.00            1.92319E-10  -180.00    4.58394E-10     0.00
 -115.00   310.00    -999.99 -999.99 -999.99    0.00000     0.00            1.62555E-10  -180.00    4.58394E-10     0.00
 -110.00   310.00    -999.99 -999.99 -999.99    0.00000     0.00            1.31554E-10  -180.00    4.58394E-10     0.00
 -105.00   310.00    -999.99 -999.99 -999.99    0.00000     0.00            9.95517E-11  -180.00    4.58394E-10     0.00
 -100.00   310.00    -999.99 -999.99 -999.99    0.00000     0.00            6.67917E-11  -180.00    4.58394E-10     0.00
  -95.00   310.00    -999.99 -999.99 -999.99    0.00000     0.00            3.35234E-11  -180.00    4.58394E-10     0.00
  -90.00   310.00    -999.99 -999.99 -999.99    0.00000     0.00            1.96297E-21  -180.00    4.58394E-10     0.00
  -85.00   310.00    -999.99 -999.99 -999.99    0.00000     0.00            3.35234E-11     0.00    4.58394E-10     0.00
  -80.00   310.00    -999.99 -999.99 -999.99    0.00000     0.00            6.67917E-11     0.00    4.58394E-10     0.00
  -75.00   310.00    -999.99 -999.99 -999.99    0.00000     0.00            9.95517E-11     0.00    4.58394E-10     0.00
  -70.00   310.00    -999.99 -999.99 -999.99    0.00000     0.00            1.31554E-10     0.00    4.58394E-10     0.00
  -65.00   310.00    -999.99 -999.99 -999.99    0.00000     0.00            1.62555E-10     0.00    4.58394E-10     0.00
  -60.00   310.00    -999.99 -999.99 -999.99    0.00000     0.00            1.92319E-10     0.00    4.58394E-10     0.00
  -55.00   310.00    -999.99 -999.99 -999.99    0.00000     0.00            2.20619E-10     0.00    4.58394E-10     0.00
  -50.00   310.00    -999.99 -999.99 -999.99    0.00000     0.00            2.47241E-10     0.00    4.58394E-10     0.00
  -45.00   310.00    -999.99 -999.99 -999.99    0.00000     0.00            2.71980E-10     0.00    4.58394E-10     0.00
  -40.00   310.00    -999.99 -999.99 -999.99    0.00000     0.00            2.94650E-10     0.00    4.58394E-10     0.00
  -35.00   310.00    -999.99 -999.99 -999.99    0.00000     0.00            3.15077E-10     0.00    4.58394E-10     0.00
  -30.00   310.00    -999.99 -999.99 -999.99    0.00000     0.00            3.33106E-10     0.00    4.58394E-10     0.00
  -25.00   310.00    -999.99 -999.99 -999.99    0.00000     0.00            3.48601E-10     0.00    4.58394E-10     0.00
  -20.00   310.00    -999.99 -999.99 -999.99    0.00000     0.00            3.61442E-10     0.00    4.58394E-10     0.00
  -15.00   310.00    -999.99 -999.99 -999.99    0.00000     0.00            3.71532E-10     0.00    4.58394E-10     0.00
  -10.00   310.00    -999.99 -999.99 -999.99    0.00000     0.00            3.78795E-10     0.00    4.58394E-10     0.00
   -5.00   310.00    -999.99 -999.99 -999.99    0.00000     0.00            3.83175E-10     0.00    4.58394E-10     0.00
    0.00   310.00    -999.99 -999.99 -999.99    0.00000     0.00            3.84638E-10     0.00    4.58394E-10     0.00
 -180.00   315.00    -999.99 -999.99 -999.99    0.00000     0.00            4.23126E-10  -180.00    4.23126E-10     0.00
 -175.00   315.00    -999.99 -999.99 -999.99    0.00000     0.00            4.21516E-10  -180.00    4.23126E-10     0.00
 -170.00   315.00    -999.99 -999.99 -999.99    0.00000     0.00            4.16698E-10  -180.00    4.23126E-10     0.00
 -165.00   315.00    -999.99 -999.99 -999.99    0.00000     0.00            4.08709E-10  -180.00    4.23126E-10     0.00
 -160.00   315.00    -999.99 -999.99 -999.99    0.00000     0.00            3.97609E-10  -180.00    4.23126E-10     0.00
 -155.00   315.00    -999.99 -999.99 -999.99    0.00000     0.00            3.83483E-10  -180.00    4.23126E-10     0.00
 -150.00   315.00    -999.99 -999.99 -999.99    0.00000     0.00            3.66438E-10  -180.00    4.23126E-10     0.00
 -145.00   315.00    -999.99 -999.99 -999.99    0.00000     0.00            3.46605E-10  -180.00    4.23126E-10     0.00
 -140.00   315.00    -999.99 -999.99 -999.99    0.00000     0.00            3.24134E-10  -180.00    4.23126E-10     0.00
 -135.00   315.00    -999.99 -999.99 -999.99    0.00000     0.00            2.99195E-10  -180.00    4.23126E-10     0.00
 -130.00   315.00    -999.99 -999.99 -999.99    0.00000     0.00            2.71980E-10  -180.00    4.23126E-10     0.00
 -125.00   315.00    -999.99 -999.99 -999.99    0.00000     0.00            2.42695E-10  -180.00    4.23126E-10     0.00
 -120.00   315.00    -999.99 -999.99 -999.99    0.00000     0.00            2.11563E-10  -180.00    4.23126E-10     0.00
 -115.00   315.00    -999.99 -999.99 -999.99    0.00000     0.00            1.78821E-10  -180.00    4.23126E-10     0.00
 -110.00   315.00    -999.99 -999.99 -999.99    0.00000     0.00            1.44718E-10  -180.00    4.23126E-10     0.00
 -105.00   315.00    -999.99 -999.99 -999.99    0.00000     0.00            1.09513E-10  -180.00    4.23126E-10     0.00
 -100.00   315.00    -999.99 -999.99 -999.99    0.00000     0.00            7.34751E-11  -180.00    4.23126E-10     0.00
  -95.00   315.00    -999.99 -999.99 -999.99    0.00000     0.00            3.68779E-11  -180.00    4.23126E-10     0.00
  -90.00   315.00    -999.99 -999.99 -999.99    0.00000     0.00            2.15939E-21  -180.00    4.23126E-10     0.00
  -85.00   315.00    -999.99 -999.99 -999.99    0.00000     0.00            3.68779E-11     0.00    4.23126E-10     0.00
  -80.00   315.00    -999.99 -999.99 -999.99    0.00000     0.00            7.34751E-11     0.00    4.23126E-10     0.00
  -75.00   315.00    -999.99 -999.99 -999.99    0.00000     0.00            1.09513E-10     0.00    4.23126E-10     0.00
  -70.00   315.00    -999.99 -999.99 -999.99    0.00000     0.00            1.44718E-10     0.00    4.23126E-10     0.00
  -65.00   315.00    -999.99 -999.99 -999.99    0.00000     0.00            1.78821E-10     0.00    4.23126E-10     0.00
  -60.00   315.00    -999.99 -999.99 -999.99    0.00000     0.00            2.11563E-10     0.00    4.23126E-10     0.00
  -55.00   315.00    -999.99 -999.99 -999.99    0.00000     0.00            2.42695E-10     0.00    4.23126E-10     0.00
  -50.00   315.00    -999.99 -999.99 -999.99    0.00000     0.00            2.71980E-10     0.00    4.23126E-10     0.00
  -45.00   315.00    -999.99 -999.99 -999.99    0.00000     0.00            2.99195E-10     0.00    4.23126E-10     0.00
  -40.00   315.00    -999.99 -999.99 -999.99    0.00000     0.00            3.24133E-10     0.00    4.23126E-10     0.00
  -35.00   315.00    -999.99 -999.99 -999.99    0.00000     0.00            3.46605E-10     0.00    4.23126E-10     0.00
  -30.00   315.00    -999.99 -999.99 -999.99    0.00000     0.00            3.66438E-10     0.00    4.23126E-10     0.00
  -25.00   315.00    -999.99 -999.99 -999.99    0.00000     0.00            3.83483E-10     0.00    4.23126E-10     0.00
  -20.00   315.00    -999.99 -999.99 -999.99    0.00000     0.00            3.97609E-10     0.00    4.23126E-10     0.00
  -15.00   315.00    -999.99 -999.99 -999.99    0.00000     0.00            4.08709E-10     0.00    4.23126E-10     0.00
  -10.00   315.00    -999.99 -999.99 -999.99    0.00000     0.00            4.16698E-10     0.00    4.23126E-10     0.00
   -5.00   315.00    -999.99 -999.99 -999.99    0.00000     0.00            4.21516E-10     0.00    4.23126E-10     0.00
    0.00   315.00    -999.99 -999.99 -999.99    0.00000     0.00            4.23126E-10     0.00    4.23126E-10     0.00
 -180.00   320.00    -999.99 -999.99 -999.99    0.00000     0.00            4.58394E-10  -180.00    3.84638E-10     0.00
 -175.00   320.00    -999.99 -999.99 -999.99    0.00000     0.00            4.56650E-10  -180.00    3.84638E-10     0.00
 -170.00   320.00    -999.99 -999.99 -999.99    0.00000     0.00            4.51430E-10  -180.00    3.84638E-10     0.00
 -165.00   320.00    -999.99 -999.99 -999.99    0.00000     0.00            4.42775E-10  -180.00    3.84638E-10     0.00
 -160.00   320.00    -999.99 -999.99 -999.99    0.00000     0.00            4.30749E-10  -180.00    3.84638E-10     0.00
 -155.00   320.00    -999.99 -999.99 -999.99    0.00000     0.00            4.15446E-10  -180.00    3.84638E-10     0.00
 -150.00   320.00    -999.99 -999.99 -999.99    0.00000     0.00            3.96981E-10  -180.00    3.84638E-10     0.00
 -145.00   320.00    -999.99 -999.99 -999.99    0.00000     0.00            3.75494E-10  -180.00    3.84638E-10     0.00
 -140.00   320.00    -999.99 -999.99 -999.99    0.00000     0.00            3.51150E-10  -180.00    3.84638E-10     0.00
 -135.00   320.00    -999.99 -999.99 -999.99    0.00000     0.00            3.24133E-10  -180.00    3.84638E-10     0.00
 -130.00   320.00    -999.99 -999.99 -999.99    0.00000     0.00            2.94650E-10  -180.00    3.84638E-10     0.00
 -125.00   320.00    -999.99 -999.99 -999.99    0.00000     0.00            2.62924E-10  -180.00    3.84638E-10     0.00
 -120.00   320.00    -999.99 -999.99 -999.99    0.00000     0.00            2.29197E-10  -180.00    3.84638E-10     0.00
 -115.00   320.00    -999.99 -999.99 -999.99    0.00000     0.00            1.93726E-10  -180.00    3.84638E-10     0.00
 -110.00   320.00    -999.99 -999.99 -999.99    0.00000     0.00            1.56780E-10  -180.00    3.84638E-10     0.00
 -105.00   320.00    -999.99 -999.99 -999.99    0.00000     0.00            1.18641E-10  -180.00    3.84638E-10     0.00
 -100.00   320.00    -999.99 -999.99 -999.99    0.00000     0.00            7.95993E-11  -180.00    3.84638E-10     0.00
  -95.00   320.00    -999.99 -999.99 -999.99    0.00000     0.00            3.99517E-11  -180.00    3.84638E-10     0.00
  -90.00   320.00    -999.99 -999.99 -999.99    0.00000     0.00            2.33937E-21  -180.00    3.84638E-10     0.00
  -85.00   320.00    -999.99 -999.99 -999.99    0.00000     0.00            3.99517E-11     0.00    3.84638E-10     0.00
  -80.00   320.00    -999.99 -999.99 -999.99    0.00000     0.00            7.95993E-11     0.00    3.84638E-10     0.00
  -75.00   320.00    -999.99 -999.99 -999.99    0.00000     0.00            1.18641E-10     0.00    3.84638E-10     0.00
  -70.00   320.00    -999.99 -999.99 -999.99    0.00000     0.00            1.56780E-10     0.00    3.84638E-10     0.00
  -65.00   320.00    -999.99 -999.99 -999.99    0.00000     0.00            1.93726E-10     0.00    3.84638E-10     0.00
  -60.00   320.00    -999.99 -999.99 -999.99    0.00000     0.00            2.29197E-10     0.00    3.84638E-10     0.00
  -55.00   320.00    -999.99 -999.99 -999.99    0.00000     0.00            2.62924E-10     0.00    3.84638E-10     0.00
  -50.00   320.00    -999.99 -999.99 -999.99    0.00000     0.00            2.94650E-10     0.00    3.84638E-10     0.00
  -45.00   320.00    -999.99 -999.99 -999.99    0.00000     0.00            3.24133E-10     0.00    3.84638E-10     0.00
  -40.00   320.00    -999.99 -999.99 -999.99    0.00000     0.00            3.51150E-10     0.00    3.84638E-10     0.00
  -35.00   320.00    -999.99 -999.99 -999.99    0.00000     0.00            3.75494E-10     0.00    3.84638E-10     0.00
  -30.00   320.00    -999.99 -999.99 -999.99    0.00000     0.00            3.96981E-10     0.00    3.84638E-10     0.00
  -25.00   320.00    -999.99 -999.99 -999.99    0.00000     0.00            4.15446E-10     0.00    3.84638E-10     0.00
  -20.00   320.00    -999.99 -999.99 -999.99    0.00000     0.00            4.30749E-10     0.00    3.84638E-10     0.00
  -15.00   320.00    -999.99 -999.99 -999.99    0.00000     0.00            4.42775E-10     0.00    3.84638E-10     0.00
  -10.00   320.00    -999.99 -999.99 -999.99    0.00000     0.00            4.51430E-10     0.00    3.84638E-10     0.00
   -5.00   320.00    -999.99 -999.99 -999.99    0.00000     0.00            4.56650E-10     0.00    3.84638E-10     0.00
    0.00   320.00    -999.99 -999.99 -999.99    0.00000     0.00            4.58394E-10     0.00    3.84638E-10     0.00
 -180.00   325.00    -999.99 -999.99 -999.99    0.00000     0.00            4.90173E-10  -180.00    3.43223E-10     0.00
 -175.00   325.00    -999.99 -999.99 -999.99    0.00000     0.00            4.88308E-10  -180.00    3.43223E-10     0.00
 -170.00   325.00    -999.99 -999.99 -999.99    0.00000     0.00            4.82726E-10  -180.00    3.43223E-10     0.00
 -165.00   325.00    -999.99 -999.99 -999.99    0.00000     0.00            4.73471E-10  -180.00    3.43223E-10     0.00
 -160.00   325.00    -999.99 -999.99 -999.99    0.00000     0.00            4.60612E-10  -180.00    3.43223E-10     0.00
 -155.00   325.00    -999.99 -999.99 -999.99    0.00000     0.00            4.44248E-10  -180.00    3.43223E-10     0.00
 -150.00   325.00    -999.99 -999.99 -999.99    0.00000     0.00            4.24502E-10  -180.00    3.43223E-10     0.00
 -145.00   325.00    -999.99 -999.99 -999.99    0.00000     0.00            4.01526E-10  -180.00    3.43223E-10     0.00
 -140.00   325.00    -999.99 -999.99 -999.99    0.00000     0.00            3.75494E-10  -180.00    3.43223E-10     0.00
 -135.00   325.00    -999.99 -999.99 -999.99    0.00000     0.00            3.46605E-10  -180.00    3.43223E-10     0.00
 -130.00   325.00    -999.99 -999.99 -999.99    0.00000     0.00            3.15077E-10  -180.00    3.43223E-10     0.00
 -125.00   325.00    -999.99 -999.99 -999.99    0.00000     0.00            2.81152E-10  -180.00    3.43223E-10     0.00
 -120.00   325.00    -999.99 -999.99 -999.99    0.00000     0.00            2.45087E-10  -180.00    3.43223E-10     0.00
 -115.00   325.00    -999.99 -999.99 -999.99    0.00000     0.00            2.07156E-10  -180.00    3.43223E-10     0.00
 -110.00   325.00    -999.99 -999.99 -999.99    0.00000     0.00            1.67649E-10  -180.00    3.43223E-10     0.00
 -105.00   325.00    -999.99 -999.99 -999.99    0.00000     0.00            1.26866E-10  -180.00    3.43223E-10     0.00
 -100.00   325.00    -999.99 -999.99 -999.99    0.00000     0.00            8.51177E-11  -180.00    3.43223E-10     0.00
  -95.00   325.00    -999.99 -999.99 -999.99    0.00000     0.00            4.27214E-11  -180.00    3.43223E-10     0.00
  -90.00   325.00    -999.99 -999.99 -999.99    0.00000     0.00            2.50156E-21  -180.00    3.43223E-10     0.00
  -85.00   325.00    -999.99 -999.99 -999.99    0.00000     0.00            4.27214E-11     0.00    3.43223E-10     0.00
  -80.00   325.00    -999.99 -999.99 -999.99    0.00000     0.00            8.51177E-11     0.00    3.43223E-10     0.00
  -75.00   325.00    -999.99 -999.99 -999.99    0.00000     0.00            1.26866E-10     0.00    3.43223E-10     0.00
  -70.00   325.00    -999.99 -999.99 -999.99    0.00000     0.00            1.67649E-10     0.00    3.43223E-10     0.00
  -65.00   325.00    -999.99 -999.99 -999.99    0.00000     0.00            2.07156E-10     0.00    3.43223E-10     0.00
  -60.00   325.00    -999.99 -999.99 -999.99    0.00000     0.00            2.45087E-10     0.00    3.43223E-10     0.00
  -55.00   325.00    -999.99 -999.99 -999.99    0.00000     0.00            2.81152E-10     0.00    3.43223E-10     0.00
  -50.00   325.00    -999.99 -999.99 -999.99    0.00000     0.00            3.15077E-10     0.00    3.43223E-10     0.00
  -45.00   325.00    -999.99 -999.99 -999.99    0.00000     0.00            3.46605E-10     0.00    3.43223E-10     0.00
  -40.00   325.00    -999.99 -999.99 -999.99    0.00000     0.00            3.75494E-10     0.00    3.43223E-10     0.00
  -35.00   325.00    -999.99 -999.99 -999.99    0.00000     0.00            4.01526E-10     0.00    3.43223E-10     0.00
  -30.00   325.00    -999.99 -999.99 -999.99    0.00000     0.00            4.24502E-10     0.00    3.43223E-10     0.00
  -25.00   325.00    -999.99 -999.99 -999.99    0.00000     0.00            4.44248E-10     0.00    3.43223E-10     0.00
  -20.00   325.00    -999.99 -999.99 -999.99    0.00000     0.00            4.60612E-10     0.00    3.43223E-10     0.00
  -15.00   325.00    -999.99 -999.99 -999.99    0.00000     0.00            4.73471E-10     0.00    3.43223E-10     0.00
  -10.00   325.00    -999.99 -999.99 -999.99    0.00000     0.00            4.82726E-10     0.00    3.43223E-10     0.00
   -5.00   325.00    -999.99 -999.99 -999.99    0.00000     0.00            4.88308E-10     0.00    3.43223E-10     0.00
    0.00   325.00    -999.99 -999.99 -999.99    0.00000     0.00            4.90173E-10     0.00    3.43223E-10     0.00
 -180.00   330.00    -999.99 -999.99 -999.99    0.00000     0.00            5.18222E-10  -180.00    2.99195E-10     0.00
 -175.00   330.00    -999.99 -999.99 -999.99    0.00000     0.00            5.16250E-10  -180.00    2.99195E-10     0.00
 -170.00   330.00    -999.99 -999.99 -999.99    0.00000     0.00            5.10349E-10  -180.00    2.99195E-10     0.00
 -165.00   330.00    -999.99 -999.99 -999.99    0.00000     0.00            5.00564E-10  -180.00    2.99195E-10     0.00
 -160.00   330.00    -999.99 -999.99 -999.99    0.00000     0.00            4.86969E-10  -180.00    2.99195E-10     0.00
 -155.00   330.00    -999.99 -999.99 -999.99    0.00000     0.00            4.69668E-10  -180.00    2.99195E-10     0.00
 -150.00   330.00    -999.99 -999.99 -999.99    0.00000     0.00            4.48793E-10  -180.00    2.99195E-10     0.00
 -145.00   330.00    -999.99 -999.99 -999.99    0.00000     0.00            4.24502E-10  -180.00    2.99195E-10     0.00
 -140.00   330.00    -999.99 -999.99 -999.99    0.00000     0.00            3.96981E-10  -180.00    2.99195E-10     0.00
 -135.00   330.00    -999.99 -999.99 -999.99    0.00000     0.00            3.66438E-10  -180.00    2.99195E-10     0.00
 -130.00   330.00    -999.99 -999.99 -999.99    0.00000     0.00            3.33106E-10  -180.00    2.99195E-10     0.00
 -125.00   330.00    -999.99 -999.99 -999.99    0.00000     0.00            2.97240E-10  -180.00    2.99195E-10     0.00
 -120.00   330.00    -999.99 -999.99 -999.99    0.00000     0.00            2.59111E-10  -180.00    2.99195E-10     0.00
 -115.00   330.00    -999.99 -999.99 -999.99    0.00000     0.00            2.19010E-10  -180.00    2.99195E-10     0.00
 -110.00   330.00    -999.99 -999.99 -999.99    0.00000     0.00            1.77242E-10  -180.00    2.99195E-10     0.00
 -105.00   330.00    -999.99 -999.99 -999.99    0.00000     0.00            1.34126E-10  -180.00    2.99195E-10     0.00
 -100.00   330.00    -999.99 -999.99 -999.99    0.00000     0.00            8.99882E-11  -180.00    2.99195E-10     0.00
  -95.00   330.00    -999.99 -999.99 -999.99    0.00000     0.00            4.51660E-11  -180.00    2.99195E-10     0.00
  -90.00   330.00    -999.99 -999.99 -999.99    0.00000     0.00            2.64470E-21  -180.00    2.99195E-10     0.00
  -85.00   330.00    -999.99 -999.99 -999.99    0.00000     0.00            4.51660E-11     0.00    2.99195E-10     0.00
  -80.00   330.00    -999.99 -999.99 -999.99    0.00000     0.00            8.99882E-11     0.00    2.99195E-10     0.00
  -75.00   330.00    -999.99 -999.99 -999.99    0.00000     0.00            1.34126E-10     0.00    2.99195E-10     0.00
  -70.00   330.00    -999.99 -999.99 -999.99    0.00000     0.00            1.77242E-10     0.00    2.99195E-10     0.00
  -65.00   330.00    -999.99 -999.99 -999.99    0.00000     0.00            2.19010E-10     0.00    2.99195E-10     0.00
  -60.00   330.00    -999.99 -999.99 -999.99    0.00000     0.00            2.59111E-10     0.00    2.99195E-10     0.00
  -55.00   330.00    -999.99 -999.99 -999.99    0.00000     0.00            2.97240E-10     0.00    2.99195E-10     0.00
  -50.00   330.00    -999.99 -999.99 -999.99    0.00000     0.00            3.33106E-10     0.00    2.99195E-10     0.00
  -45.00   330.00    -999.99 -999.99 -999.99    0.00000     0.00            3.66438E-10     0.00    2.99195E-10     0.00
  -40.00   330.00    -999.99 -999.99 -999.99    0.00000     0.00            3.96981E-10     0.00    2.99195E-10     0.00
  -35.00   330.00    -999.99 -999.99 -999.99    0.00000     0.00            4.24502E-10     0.00    2.99195E-10     0.00
  -30.00   330.00    -999.99 -999.99 -999.99    0.00000     0.00            4.48793E-10     0.00    2.99195E-10     0.00
  -25.00   330.00    -999.99 -999.99 -999.99    0.00000     0.00            4.69668E-10     0.00    2.99195E-10     0.00
  -20.00   330.00    -999.99 -999.99 -999.99    0.00000     0.00            4.86969E-10     0.00    2.99195E-10     0.00
  -15.00   330.00    -999.99 -999.99 -999.99    0.00000     0.00            5.00564E-10     0.00    2.99195E-10     0.00
  -10.00   330.00    -999.99 -999.99 -999.99    0.00000     0.00            5.10349E-10     0.00    2.99195E-10     0.00
   -5.00   330.00    -999.99 -999.99 -999.99    0.00000     0.00            5.16250E-10     0.00    2.99195E-10     0.00
    0.00   330.00    -999.99 -999.99 -999.99    0.00000     0.00            5.18222E-10     0.00    2.99195E-10     0.00
 -180.00   335.00    -999.99 -999.99 -999.99    0.00000     0.00            5.42326E-10  -180.00    2.52891E-10     0.00
 -175.00   335.00    -999.99 -999.99 -999.99    0.00000     0.00            5.40263E-10  -180.00    2.52891E-10     0.00
 -170.00   335.00    -999.99 -999.99 -999.99    0.00000     0.00            5.34087E-10  -180.00    2.52891E-10     0.00
 -165.00   335.00    -999.99 -999.99 -999.99    0.00000     0.00            5.23847E-10  -180.00    2.52891E-10     0.00
 -160.00   335.00    -999.99 -999.99 -999.99    0.00000     0.00            5.09620E-10  -180.00    2.52891E-10     0.00
 -155.00   335.00    -999.99 -999.99 -999.99    0.00000     0.00            4.91515E-10  -180.00    2.52891E-10     0.00
 -150.00   335.00    -999.99 -999.99 -999.99    0.00000     0.00            4.69668E-10  -180.00    2.52891E-10     0.00
 -145.00   335.00    -999.99 -999.99 -999.99    0.00000     0.00            4.44248E-10  -180.00    2.52891E-10     0.00
 -140.00   335.00    -999.99 -999.99 -999.99    0.00000     0.00            4.15446E-10  -180.00    2.52891E-10     0.00
 -135.00   335.00    -999.99 -999.99 -999.99    0.00000     0.00            3.83483E-10  -180.00    2.52891E-10     0.00
 -130.00   335.00    -999.99 -999.99 -999.99    0.00000     0.00            3.48601E-10  -180.00    2.52891E-10     0.00
 -125.00   335.00    -999.99 -999.99 -999.99    0.00000     0.00            3.11066E-10  -180.00    2.52891E-10     0.00
 -120.00   335.00    -999.99 -999.99 -999.99    0.00000     0.00            2.71163E-10  -180.00    2.52891E-10     0.00
 -115.00   335.00    -999.99 -999.99 -999.99    0.00000     0.00            2.29197E-10  -180.00    2.52891E-10     0.00
 -110.00   335.00    -999.99 -999.99 -999.99    0.00000     0.00            1.85487E-10  -180.00    2.52891E-10     0.00
 -105.00   335.00    -999.99 -999.99 -999.99    0.00000     0.00            1.40364E-10  -180.00    2.52891E-10     0.00
 -100.00   335.00    -999.99 -999.99 -999.99    0.00000     0.00            9.41740E-11  -180.00    2.52891E-10     0.00
  -95.00   335.00    -999.99 -999.99 -999.99    0.00000     0.00            4.72669E-11  -180.00    2.52891E-10     0.00
  -90.00   335.00    -999.99 -999.99 -999.99    0.00000     0.00            2.76771E-21  -180.00    2.52891E-10     0.00
  -85.00   335.00    -999.99 -999.99 -999.99    0.00000     0.00            4.72669E-11     0.00    2.52891E-10     0.00
  -80.00   335.00    -999.99 -999.99 -999.99    0.00000     0.00            9.41740E-11     0.00    2.52891E-10     0.00
  -75.00   335.00    -999.99 -999.99 -999.99    0.00000     0.00            1.40364E-10     0.00    2.52891E-10     0.00
  -70.00   335.00    -999.99 -999.99 -999.99    0.00000     0.00            1.85487E-10     0.00    2.52891E-10     0.00
  -65.00   335.00    -999.99 -999.99 -999.99    0.00000     0.00            2.29197E-10     0.00    2.52891E-10     0.00
  -60.00   335.00    -999.99 -999.99 -999.99    0.00000     0.00            2.71163E-10     0.00    2.52891E-10     0.00
  -55.00   335.00    -999.99 -999.99 -999.99    0.00000     0.00            3.11066E-10     0.00    2.52891E-10     0.00
  -50.00   335.00    -999.99 -999.99 -999.99    0.00000     0.00            3.48601E-10     0.00    2.52891E-10     0.00
  -45.00   335.00    -999.99 -999.99 -999.99    0.00000     0.00            3.83483E-10     0.00    2.52891E-10     0.00
  -40.00   335.00    -999.99 -999.99 -999.99    0.00000     0.00            4.15446E-10     0.00    2.52891E-10     0.00
  -35.00   335.00    -999.99 -999.99 -999.99    0.00000     0.00            4.44248E-10     0.00    2.52891E-10     0.00
  -30.00   335.00    -999.99 -999.99 -999.99    0.00000     0.00            4.69668E-10     0.00    2.52891E-10     0.00
  -25.00   335.00    -999.99 -999.99 -999.99    0.00000     0.00            4.91515E-10     0.00    2.52891E-10     0.00
  -20.00   335.00    -999.99 -999.99 -999.99    0.00000     0.00            5.09620E-10     0.00    2.52891E-10     0.00
  -15.00   335.00    -999.99 -999.99 -999.99    0.00000     0.00            5.23847E-10     0.00    2.52891E-10     0.00
  -10.00   335.00    -999.99 -999.99 -999.99    0.00000     0.00            5.34087E-10     0.00    2.52891E-10     0.00
   -5.00   335.00    -999.99 -999.99 -999.99    0.00000     0.00            5.40263E-10     0.00    2.52891E-10     0.00
    0.00   335.00    -999.99 -999.99 -999.99    0.00000     0.00            5.42326E-10     0.00    2.52891E-10     0.00
 -180.00   340.00    -999.99 -999.99 -999.99    0.00000     0.00            5.62303E-10  -180.00    2.04662E-10     0.00
 -175.00   340.00    -999.99 -999.99 -999.99    0.00000     0.00            5.60164E-10  -180.00    2.04662E-10     0.00
 -170.00   340.00    -999.99 -999.99 -999.99    0.00000     0.00            5.53761E-10  -180.00    2.04662E-10     0.00
 -165.00   340.00    -999.99 -999.99 -999.99    0.00000     0.00            5.43143E-10  -180.00    2.04662E-10     0.00
 -160.00   340.00    -999.99 -999.99 -999.99    0.00000     0.00            5.28392E-10  -180.00    2.04662E-10     0.00
 -155.00   340.00    -999.99 -999.99 -999.99    0.00000     0.00            5.09620E-10  -180.00    2.04662E-10     0.00
 -150.00   340.00    -999.99 -999.99 -999.99    0.00000     0.00            4.86969E-10  -180.00    2.04662E-10     0.00
 -145.00   340.00    -999.99 -999.99 -999.99    0.00000     0.00            4.60612E-10  -180.00    2.04662E-10     0.00
 -140.00   340.00    -999.99 -999.99 -999.99    0.00000     0.00            4.30749E-10  -180.00    2.04662E-10     0.00
 -135.00   340.00    -999.99 -999.99 -999.99    0.00000     0.00            3.97609E-10  -180.00    2.04662E-10     0.00
 -130.00   340.00    -999.99 -999.99 -999.99    0.00000     0.00            3.61442E-10  -180.00    2.04662E-10     0.00
 -125.00   340.00    -999.99 -999.99 -999.99    0.00000     0.00            3.22524E-10  -180.00    2.04662E-10     0.00
 -120.00   340.00    -999.99 -999.99 -999.99    0.00000     0.00            2.81152E-10  -180.00    2.04662E-10     0.00
 -115.00   340.00    -999.99 -999.99 -999.99    0.00000     0.00            2.37640E-10  -180.00    2.04662E-10     0.00
 -110.00   340.00    -999.99 -999.99 -999.99    0.00000     0.00            1.92319E-10  -180.00    2.04662E-10     0.00
 -105.00   340.00    -999.99 -999.99 -999.99    0.00000     0.00            1.45535E-10  -180.00    2.04662E-10     0.00
 -100.00   340.00    -999.99 -999.99 -999.99    0.00000     0.00            9.76430E-11  -180.00    2.04662E-10     0.00
  -95.00   340.00    -999.99 -999.99 -999.99    0.00000     0.00            4.90080E-11  -180.00    2.04662E-10     0.00
  -90.00   340.00    -999.99 -999.99 -999.99    0.00000     0.00            2.86967E-21  -180.00    2.04662E-10     0.00
  -85.00   340.00    -999.99 -999.99 -999.99    0.00000     0.00            4.90080E-11     0.00    2.04662E-10     0.00
  -80.00   340.00    -999.99 -999.99 -999.99    0.00000     0.00            9.76430E-11     0.00    2.04662E-10     0.00
  -75.00   340.00    -999.99 -999.99 -999.99    0.00000     0.00            1.45535E-10     0.00    2.04662E-10     0.00
  -70.00   340.00    -999.99 -999.99 -999.99    0.00000     0.00            1.92319E-10     0.00    2.04662E-10     0.00
  -65.00   340.00    -999.99 -999.99 -999.99    0.00000     0.00            2.37640E-10     0.00    2.04662E-10     0.00
  -60.00   340.00    -999.99 -999.99 -999.99    0.00000     0.00            2.81152E-10     0.00    2.04662E-10     0.00
  -55.00   340.00    -999.99 -999.99 -999.99    0.00000     0.00            3.22524E-10     0.00    2.04662E-10     0.00
  -50.00   340.00    -999.99 -999.99 -999.99    0.00000     0.00            3.61442E-10     0.00    2.04662E-10     0.00
  -45.00   340.00    -999.99 -999.99 -999.99    0.00000     0.00            3.97609E-10     0.00    2.04662E-10     0.00
  -40.00   340.00    -999.99 -999.99 -999.99    0.00000     0.00            4.30749E-10     0.00    2.04662E-10     0.00
  -35.00   340.00    -999.99 -999.99 -999.99    0.00000     0.00            4.60612E-10     0.00    2.04662E-10     0.00
  -30.00   340.00    -999.99 -999.99 -999.99    0.00000     0.00            4.86969E-10     0.00    2.04662E-10     0.00
  -25.00   340.00    -999.99 -999.99 -999.99    0.00000     0.00            5.09620E-10     0.00    2.04662E-10     0.00
  -20.00   340.00    -999.99 -999.99 -999.99    0.00000     0.00            5.28392E-10     0.00    2.04662E-10     0.00
  -15.00   340.00    -999.99 -999.99 -999.99    0.00000     0.00            5.43143E-10     0.00    2.04662E-10     0.00
  -10.00   340.00    -999.99 -999.99 -999.99    0.00000     0.00            5.53761E-10     0.00    2.04662E-10     0.00
   -5.00   340.00    -999.99 -999.99 -999.99    0.00000     0.00            5.60164E-10     0.00    2.04662E-10     0.00
    0.00   340.00    -999.99 -999.99 -999.99    0.00000     0.00            5.62303E-10     0.00    2.04662E-10     0.00
 -180.00   345.00    -999.99 -999.99 -999.99    0.00000     0.00            5.78001E-10  -180.00    1.54875E-10     0.00
 -175.00   345.00    -999.99 -999.99 -999.99    0.00000     0.00            5.75802E-10  -180.00    1.54875E-10     0.00
 -170.00   345.00    -999.99 -999.99 -999.99    0.00000     0.00            5.69220E-10  -180.00    1.54875E-10     0.00
 -165.00   345.00    -999.99 -999.99 -999.99    0.00000     0.00            5.58306E-10  -180.00    1.54875E-10     0.00
 -160.00   345.00    -999.99 -999.99 -999.99    0.00000     0.00            5.43143E-10  -180.00    1.54875E-10     0.00
 -155.00   345.00    -999.99 -999.99 -999.99    0.00000     0.00            5.23847E-10  -180.00    1.54875E-10     0.00
 -150.00   345.00    -999.99 -999.99 -999.99    0.00000     0.00            5.00564E-10  -180.00    1.54875E-10     0.00
 -145.00   345.00    -999.99 -999.99 -999.99    0.00000     0.00            4.73471E-10  -180.00    1.54875E-10     0.00
 -140.00   345.00    -999.99 -999.99 -999.99    0.00000     0.00            4.42775E-10  -180.00    1.54875E-10     0.00
 -135.00   345.00    -999.99 -999.99 -999.99    0.00000     0.00            4.08709E-10  -180.00    1.54875E-10     0.00
 -130.00   345.00    -999.99 -999.99 -999.99    0.00000     0.00            3.71532E-10  -180.00    1.54875E-10     0.00
 -125.00   345.00    -999.99 -999.99 -999.99    0.00000     0.00            3.31528E-10  -180.00    1.54875E-10     0.00
 -120.00   345.00    -999.99 -999.99 -999.99    0.00000     0.00            2.89001E-10  -180.00    1.54875E-10     0.00
 -115.00   345.00    -999.99 -999.99 -999.99    0.00000     0.00            2.44274E-10  -180.00    1.54875E-10     0.00
 -110.00   345.00    -999.99 -999.99 -999.99    0.00000     0.00            1.97688E-10  -180.00    1.54875E-10     0.00
 -105.00   345.00    -999.99 -999.99 -999.99    0.00000     0.00            1.49598E-10  -180.00    1.54875E-10     0.00
 -100.00   345.00    -999.99 -999.99 -999.99    0.00000     0.00            1.00369E-10  -180.00    1.54875E-10     0.00
  -95.00   345.00    -999.99 -999.99 -999.99    0.00000     0.00            5.03761E-11  -180.00    1.54875E-10     0.00
  -90.00   345.00    -999.99 -999.99 -999.99    0.00000     0.00            2.94978E-21  -180.00    1.54875E-10     0.00
  -85.00   345.00    -999.99 -999.99 -999.99    0.00000     0.00            5.03761E-11     0.00    1.54875E-10     0.00
  -80.00   345.00    -999.99 -999.99 -999.99    0.00000     0.00            1.00369E-10     0.00    1.54875E-10     0.00
  -75.00   345.00    -999.99 -999.99 -999.99    0.00000     0.00            1.49598E-10     0.00    1.54875E-10     0.00
  -70.00   345.00    -999.99 -999.99 -999.99    0.00000     0.00            1.97688E-10     0.00    1.54875E-10     0.00
  -65.00   345.00    -999.99 -999.99 -999.99    0.00000     0.00            2.44274E-10     0.00    1.54875E-10     0.00
  -60.00   345.00    -999.99 -999.99 -999.99    0.00000     0.00            2.89001E-10     0.00    1.54875E-10     0.00
  -55.00   345.00    -999.99 -999.99 -999.99    0.00000     0.00            3.31528E-10     0.00    1.54875E-10     0.00
  -50.00   345.00    -999.99 -999.99 -999.99    0.00000     0.00            3.71532E-10     0.00    1.54875E-10     0.00
  -45.00   345.00    -999.99 -999.99 -999.99    0.00000     0.00            4.08709E-10     0.00    1.54875E-10     0.00
  -40.00   345.00    -999.99 -999.99 -999.99    0.00000     0.00            4.42775E-10     0.00    1.54875E-10     0.00
  -35.00   345.00    -999.99 -999.99 -999.99    0.00000     0.00            4.73471E-10     0.00    1.54875E-10     0.00
  -30.00   345.00    -999.99 -999.99 -999.99    0.00000     0.00            5.00564E-10     0.00    1.54875E-10     0.00
  -25.00   345.00    -999.99 -999.99 -999.99    0.00000     0.00            5.23847E-10     0.00    1.54875E-10     0.00
  -20.00   345.00    -999.99 -999.99 -999.99    0.00000     0.00            5.43143E-10     0.00    1.54875E-10     0.00
  -15.00   345.00    -999.99 -999.99 -999.99    0.00000     0.00            5.58306E-10     0.00    1.54875E-10     0.00
  -10.00   345.00    -999.99 -999.99 -999.99    0.00000     0.00            5.69220E-10     0.00    1.54875E-10     0.00
   -5.00   345.00    -999.99 -999.99 -999.99    0.00000     0.00            5.75802E-10     0.00    1.54875E-10     0.00
    0.00   345.00    -999.99 -999.99 -999.99    0.00000     0.00            5.78001E-10     0.00    1.54875E-10     0.00
 -180.00   350.00    -999.99 -999.99 -999.99    0.00000     0.00            5.89300E-10  -180.00    1.03909E-10     0.00
 -175.00   350.00    -999.99 -999.99 -999.99    0.00000     0.00            5.87057E-10  -180.00    1.03909E-10     0.00
 -170.00   350.00    -999.99 -999.99 -999.99    0.00000     0.00            5.80347E-10  -180.00    1.03909E-10     0.00
 -165.00   350.00    -999.99 -999.99 -999.99    0.00000     0.00            5.69220E-10  -180.00    1.03909E-10     0.00
 -160.00   350.00    -999.99 -999.99 -999.99    0.00000     0.00            5.53761E-10  -180.00    1.03909E-10     0.00
 -155.00   350.00    -999.99 -999.99 -999.99    0.00000     0.00            5.34087E-10  -180.00    1.03909E-10     0.00
 -150.00   350.00    -999.99 -999.99 -999.99    0.00000     0.00            5.10349E-10  -180.00    1.03909E-10     0.00
 -145.00   350.00    -999.99 -999.99 -999.99    0.00000     0.00            4.82726E-10  -180.00    1.03909E-10     0.00
 -140.00   350.00    -999.99 -999.99 -999.99    0.00000     0.00            4.51430E-10  -180.00    1.03909E-10     0.00
 -135.00   350.00    -999.99 -999.99 -999.99    0.00000     0.00            4.16698E-10  -180.00    1.03909E-10     0.00
 -130.00   350.00    -999.99 -999.99 -999.99    0.00000     0.00            3.78795E-10  -180.00    1.03909E-10     0.00
 -125.00   350.00    -999.99 -999.99 -999.99    0.00000     0.00            3.38009E-10  -180.00    1.03909E-10     0.00
 -120.00   350.00    -999.99 -999.99 -999.99    0.00000     0.00            2.94650E-10  -180.00    1.03909E-10     0.00
 -115.00   350.00    -999.99 -999.99 -999.99    0.00000     0.00            2.49049E-10  -180.00    1.03909E-10     0.00
 -110.00   350.00    -999.99 -999.99 -999.99    0.00000     0.00            2.01552E-10  -180.00    1.03909E-10     0.00
 -105.00   350.00    -999.99 -999.99 -999.99    0.00000     0.00            1.52522E-10  -180.00    1.03909E-10     0.00
 -100.00   350.00    -999.99 -999.99 -999.99    0.00000     0.00            1.02331E-10  -180.00    1.03909E-10     0.00
  -95.00   350.00    -999.99 -999.99 -999.99    0.00000     0.00            5.13609E-11  -180.00    1.03909E-10     0.00
  -90.00   350.00    -999.99 -999.99 -999.99    0.00000     0.00            3.00744E-21  -180.00    1.03909E-10     0.00
  -85.00   350.00    -999.99 -999.99 -999.99    0.00000     0.00            5.13609E-11     0.00    1.03909E-10     0.00
  -80.00   350.00    -999.99 -999.99 -999.99    0.00000     0.00            1.02331E-10     0.00    1.03909E-10     0.00
  -75.00   350.00    -999.99 -999.99 -999.99    0.00000     0.00            1.52522E-10     0.00    1.03909E-10     0.00
  -70.00   350.00    -999.99 -999.99 -999.99    0.00000     0.00            2.01552E-10     0.00    1.03909E-10     0.00
  -65.00   350.00    -999.99 -999.99 -999.99    0.00000     0.00            2.49049E-10     0.00    1.03909E-10     0.00
  -60.00   350.00    -999.99 -999.99 -999.99    0.00000     0.00            2.94650E-10     0.00    1.03909E-10     0.00
  -55.00   350.00    -999.99 -999.99 -999.99    0.00000     0.00            3.38009E-10     0.00    1.03909E-10     0.00
  -50.00   350.00    -999.99 -999.99 -999.99    0.00000     0.00            3.78795E-10     0.00    1.03909E-10     0.00
  -45.00   350.00    -999.99 -999.99 -999.99    0.00000     0.00            4.16698E-10     0.00    1.03909E-10     0.00
  -40.00   350.00    -999.99 -999.99 -999.99    0.00000     0.00            4.51430E-10     0.00    1.03909E-10     0.00
  -35.00   350.00    -999.99 -999.99 -999.99    0.00000     0.00            4.82726E-10     0.00    1.03909E-10     0.00
  -30.00   350.00    -999.99 -999.99 -999.99    0.00000     0.00            5.10349E-10     0.00    1.03909E-10     0.00
  -25.00   350.00    -999.99 -999.99 -999.99    0.00000     0.00            5.34087E-10     0.00    1.03909E-10     0.00
  -20.00   350.00    -999.99 -999.99 -999.99    0.00000     0.00            5.53761E-10     0.00    1.03909E-10     0.00
  -15.00   350.00    -999.99 -999.99 -999.99    0.00000     0.00            5.69220E-10     0.00    1.03909E-10     0.00
  -10.00   350.00    -999.99 -999.99 -999.99    0.00000     0.00            5.80347E-10     0.00    1.03909E-10     0.00
   -5.00   350.00    -999.99 -999.99 -999.99    0.00000     0.00            5.87057E-10     0.00    1.03909E-10     0.00
    0.00   350.00    -999.99 -999.99 -999.99    0.00000     0.00            5.89300E-10     0.00    1.03909E-10     0.00
 -180.00   355.00    -999.99 -999.99 -999.99    0.00000     0.00            5.96114E-10  -180.00    5.21532E-11     0.00
 -175.00   355.00    -999.99 -999.99 -999.99    0.00000     0.00            5.93845E-10  -180.00    5.21532E-11     0.00
 -170.00   355.00    -999.99 -999.99 -999.99    0.00000     0.00            5.87057E-10  -180.00    5.21532E-11     0.00
 -165.00   355.00    -999.99 -999.99 -999.99    0.00000     0.00            5.75802E-10  -180.00    5.21532E-11     0.00
 -160.00   355.00    -999.99 -999.99 -999.99    0.00000     0.00            5.60164E-10  -180.00    5.21532E-11     0.00
 -155.00   355.00    -999.99 -999.99 -999.99    0.00000     0.00            5.40263E-10  -180.00    5.21532E-11     0.00
 -150.00   355.00    -999.99 -999.99 -999.99    0.00000     0.00            5.16250E-10  -180.00    5.21532E-11     0.00
 -145.00   355.00    -999.99 -999.99 -999.99    0.00000     0.00            4.88308E-10  -180.00    5.21532E-11     0.00
 -140.00   355.00    -999.99 -999.99 -999.99    0.00000     0.00            4.56650E-10  -180.00    5.21532E-11     0.00
 -135.00   355.00    -999.99 -999.99 -999.99    0.00000     0.00            4.21516E-10  -180.00    5.21532E-11     0.00
 -130.00   355.00    -999.99 -999.99 -999.99    0.00000     0.00            3.83175E-10  -180.00    5.21532E-11     0.00
 -125.00   355.00    -999.99 -999.99 -999.99    0.00000     0.00            3.41917E-10  -180.00    5.21532E-11     0.00
 -120.00   355.00    -999.99 -999.99 -999.99    0.00000     0.00            2.98057E-10  -180.00    5.21532E-11     0.00
 -115.00   355.00    -999.99 -999.99 -999.99    0.00000     0.00            2.51929E-10  -180.00    5.21532E-11     0.00
 -110.00   355.00    -999.99 -999.99 -999.99    0.00000     0.00            2.03883E-10  -180.00    5.21532E-11     0.00
 -105.00   355.00    -999.99 -999.99 -999.99    0.00000     0.00            1.54286E-10  -180.00    5.21532E-11     0.00
 -100.00   355.00    -999.99 -999.99 -999.99    0.00000     0.00            1.03514E-10  -180.00    5.21532E-11     0.00
  -95.00   355.00    -999.99 -999.99 -999.99    0.00000     0.00            5.19547E-11  -180.00    5.21532E-11     0.00
  -90.00   355.00    -999.99 -999.99 -999.99    0.00000     0.00            3.04221E-21  -180.00    5.21532E-11     0.00
  -85.00   355.00    -999.99 -999.99 -999.99    0.00000     0.00            5.19547E-11     0.00    5.21532E-11     0.00
  -80.00   355.00    -999.99 -999.99 -999.99    0.00000     0.00            1.03514E-10     0.00    5.21532E-11     0.00
  -75.00   355.00    -999.99 -999.99 -999.99    0.00000     0.00            1.54286E-10     0.00    5.21532E-11     0.00
  -70.00   355.00    -999.99 -999.99 -999.99    0.00000     0.00            2.03883E-10     0.00    5.21532E-11     0.00
  -65.00   355.00    -999.99 -999.99 -999.99    0.00000     0.00            2.51929E-10     0.00    5.21532E-11     0.00
  -60.00   355.00    -999.99 -999.99 -999.99    0.00000     0.00            2.98057E-10     0.00    5.21532E-11     0.00
  -55.00   355.00    -999.99 -999.99 -999.99    0.00000     0.00            3.41917E-10     0.00    5.21532E-11     0.00
  -50.00   355.00    -999.99 -999.99 -999.99    0.00000     0.00            3.83175E-10     0.00    5.21532E-11     0.00
  -45.00   355.00    -999.99 -999.99 -999.99    0.00000     0.00            4.21516E-10     0.00    5.21532E-11     0.00
  -40.00   355.00    -999.99 -999.99 -999.99    0.00000     0.00            4.56650E-10     0.00    5.21532E-11     0.00
  -35.00   355.00    -999.99 -999.99 -999.99    0.00000     0.00            4.88308E-10     0.00    5.21532E-11     0.00
  -30.00   355.00    -999.99 -999.99 -999.99    0.00000     0.00            5.16250E-10     0.00    5.21532E-11     0.00
  -25.00   355.00    -999.99 -999.99 -999.99    0.00000     0.00            5.40263E-10     0.00    5.21532E-11     0.00
  -20.00   355.00    -999.99 -999.99 -999.99    0.00000     0.00            5.60164E-10     0.00    5.21532E-11     0.00
  -15.00   355.00    -999.99 -999.99 -999.99    0.00000     0.00            5.75802E-10     0.00    5.21532E-11     0.00
  -10.00   355.00    -999.99 -999.99 -999.99    0.00000     0.00            5.87058E-10     0.00    5.21532E-11     0.00
   -5.00   355.00    -999.99 -999.99 -999.99    0.00000     0.00            5.93845E-10     0.00    5.21532E-11     0.00
    0.00   355.00    -999.99 -999.99 -999.99    0.00000     0.00            5.96114E-10     0.00    5.21532E-11     0.00
 -180.00   360.00    -999.99 -999.99 -999.99    0.00000     0.00            5.98391E-10  -180.00    1.22153E-20  -180.00
 -175.00   360.00    -999.99 -999.99 -999.99    0.00000     0.00            5.96114E-10  -180.00    1.22153E-20  -180.00
 -170.00   360.00    -999.99 -999.99 -999.99    0.00000     0.00            5.89300E-10  -180.00    1.22153E-20  -180.00
 -165.00   360.00    -999.99 -999.99 -999.99    0.00000     0.00            5.78001E-10  -180.00    1.22153E-20  -180.00
 -160.00   360.00    -999.99 -999.99 -999.99    0.00000     0.00            5.62304E-10  -180.00    1.22153E-20  -180.00
 -155.00   360.00    -999.99 -999.99 -999.99    0.00000     0.00            5.42326E-10  -180.00    1.22153E-20  -180.00
 -150.00   360.00    -999.99 -999.99 -999.99    0.00000     0.00            5.18222E-10  -180.00    1.22153E-20  -180.00
 -145.00   360.00    -999.99 -999.99 -999.99    0.00000     0.00            4.90173E-10  -180.00    1.22153E-20  -180.00
 -140.00   360.00    -999.99 -999.99 -999.99    0.00000     0.00            4.58394E-10  -180.00    1.22153E-20  -180.00
 -135.00   360.00    -999.99 -999.99 -999.99    0.00000     0.00            4.23126E-10  -180.00    1.22153E-20  -180.00
 -130.00   360.00    -999.99 -999.99 -999.99    0.00000     0.00            3.84638E-10  -180.00    1.22153E-20  -180.00
 -125.00   360.00    -999.99 -999.99 -999.99    0.00000     0.00            3.43223E-10  -180.00    1.22153E-20  -180.00
 -120.00   360.00    -999.99 -999.99 -999.99    0.00000     0.00            2.99195E-10  -180.00    1.22153E-20  -180.00
 -115.00   360.00    -999.99 -999.99 -999.99    0.00000     0.00            2.52891E-10  -180.00    1.22153E-20  -180.00
 -110.00   360.00    -999.99 -999.99 -999.99    0.00000     0.00            2.04662E-10  -180.00    1.22153E-20  -180.00
 -105.00   360.00    -999.99 -999.99 -999.99    0.00000     0.00            1.54875E-10  -180.00    1.22153E-20  -180.00
 -100.00   360.00    -999.99 -999.99 -999.99    0.00000     0.00            1.03909E-10  -180.00    1.22153E-20  -180.00
  -95.00   360.00    -999.99 -999.99 -999.99    0.00000     0.00            5.21532E-11  -180.00    1.22153E-20  -180.00
  -90.00   360.00    -999.99 -999.99 -999.99    0.00000     0.00            3.05384E-21  -180.00    1.22153E-20  -180.00
  -85.00   360.00    -999.99 -999.99 -999.99    0.00000     0.00            5.21532E-11     0.00    1.22153E-20   180.00
  -80.00   360.00    -999.99 -999.99 -999.99    0.00000     0.00            1.03909E-10     0.00    1.22153E-20   180.00
  -75.00   360.00    -999.99 -999.99 -999.99    0.00000     0.00            1.54875E-10     0.00    1.22153E-20   180.00
  -70.00   360.00    -999.99 -999.99 -999.99    0.00000     0.00            2.04662E-10     0.00    1.22153E-20   180.00
  -65.00   360.00    -999.99 -999.99 -999.99    0.00000     0.00            2.52891E-10     0.00    1.22153E-20   180.00
  -60.00   360.00    -999.99 -999.99 -999.99    0.00000     0.00            2.99195E-10     0.00    1.22153E-20   180.00
  -55.00   360.00    -999.99 -999.99 -999.99    0.00000     0.00            3.43223E-10     0.00    1.22153E-20   180.00
  -50.00   360.00    -999.99 -999.99 -999.99    0.00000     0.00            3.84638E-10     0.00    1.22153E-20   180.00
  -45.00   360.00    -999.99 -999.99 -999.99    0.00000     0.00            4.23126E-10     0.00    1.22153E-20   180.00
  -40.00   360.00    -999.99 -999.99 -999.99    0.00000     0.00            4.58394E-10     0.00    1.22153E-20   180.00
  -35.00   360.00    -999.99 -999.99 -999.99    0.00000     0.00            4.90173E-10     0.00    1.22153E-20   180.00
  -30.00   360.00    -999.99 -999.99 -999.99    0.00000     0.00            5.18222E-10     0.00    1.22153E-20   180.00
  -25.00   360.00    -999.99 -999.99 -999.99    0.00000     0.00            5.42326E-10     0.00    1.22153E-20   180.00
  -20.00   360.00    -999.99 -999.99 -999.99    0.00000     0.00            5.62303E-10     0.00    1.22153E-20   180.00
  -15.00   360.00    -999.99 -999.99 -999.99    0.00000     0.00            5.78001E-10     0.00    1.22153E-20   180.00
  -10.00   360.00    -999.99 -999.99 -999.99    0.00000     0.00            5.89300E-10     0.00    1.22153E-20   180.00
   -5.00   360.00    -999.99 -999.99 -999.99    0.00000     0.00            5.96114E-10     0.00    1.22153E-20   180.00
    0.00   360.00    -999.99 -999.99 -999.99    0.00000     0.00            5.98391E-10     0.00    1.22153E-20   180.00


   AVERAGE POWER GAIN=-1.77895E+02       SOLID ANGLE USED IN AVERAGING=( 4.0000)*PI STERADIANS.








 ***** DATA CARD NO. 13   EN   0    37    73  1003 -1.80000E+02  0.00000E+00  5.00000E+00  5.00000E+00  0.00000E+00  0.00000E+00

 RUN TIME =     0.125
