1



                                 *********************************************

                                    NUMERICAL ELECTROMAGNETICS CODE (NEC-2D)

                                 *********************************************




                                     - - - - COMMENTS - - - -


                          DL6WU Yagi 100 elements by VK1OD                                           
                                                                                                     




                                 - - - STRUCTURE SPECIFICATION - - -

                                     COORDINATES MUST BE INPUT IN
                                     METERS OR BE SCALED TO METERS
                                     BEFORE STRUCTURE INPUT IS ENDED


  WIRE                                                                               NO. OF    FIRST  LAST     TAG
  NO.        X1         Y1         Z1          X2         Y2         Z2      RADIUS   SEG.     SEG.   SEG.     NO.
     1    0.00000   -0.16930    0.00000     0.00000    0.16930    0.00000    0.00150     21        1    21     100
     2    0.13879   -0.16694    0.00000     0.13879    0.16694    0.00000    0.00150     21       22    42     101
     3    0.19084   -0.15305    0.00000     0.19084    0.15305    0.00000    0.00150     21       43    63     102
     4    0.31575   -0.15155    0.00000     0.31575    0.15155    0.00000    0.00150     21       64    84     103
     5    0.46496   -0.14988    0.00000     0.46496    0.14988    0.00000    0.00150     21       85   105     104
     6    0.63845   -0.14827    0.00000     0.63845    0.14827    0.00000    0.00150     21      106   126     105
     7    0.83276   -0.14684    0.00000     0.83276    0.14684    0.00000    0.00150     21      127   147     106
     8    1.04095   -0.14560    0.00000     1.04095    0.14560    0.00000    0.00150     21      148   168     107
     9    1.25954   -0.14452    0.00000     1.25954    0.14452    0.00000    0.00150     21      169   189     108
    10    1.48855   -0.14357    0.00000     1.48855    0.14357    0.00000    0.00150     21      190   210     109
    11    1.72797   -0.14274    0.00000     1.72797    0.14274    0.00000    0.00150     21      211   231     110
    12    1.97780   -0.14199    0.00000     1.97780    0.14199    0.00000    0.00150     21      232   252     111
    13    2.23803   -0.14130    0.00000     2.23803    0.14130    0.00000    0.00150     21      253   273     112
    14    2.50868   -0.14068    0.00000     2.50868    0.14068    0.00000    0.00150     21      274   294     113
    15    2.78627   -0.14011    0.00000     2.78627    0.14011    0.00000    0.00150     21      295   315     114
    16    3.06385   -0.13958    0.00000     3.06385    0.13958    0.00000    0.00150     21      316   336     115
    17    3.34144   -0.13909    0.00000     3.34144    0.13909    0.00000    0.00150     21      337   357     116
    18    3.61902   -0.13863    0.00000     3.61902    0.13863    0.00000    0.00150     21      358   378     117
    19    3.89661   -0.13820    0.00000     3.89661    0.13820    0.00000    0.00150     21      379   399     118
    20    4.17419   -0.13779    0.00000     4.17419    0.13779    0.00000    0.00150     21      400   420     119
    21    4.45178   -0.13740    0.00000     4.45178    0.13740    0.00000    0.00150     21      421   441     120
    22    4.72936   -0.13704    0.00000     4.72936    0.13704    0.00000    0.00150     21      442   462     121
    23    5.00695   -0.13669    0.00000     5.00695    0.13669    0.00000    0.00150     21      463   483     122
    24    5.28454   -0.13636    0.00000     5.28454    0.13636    0.00000    0.00150     21      484   504     123
    25    5.56212   -0.13604    0.00000     5.56212    0.13604    0.00000    0.00150     21      505   525     124
    26    5.83971   -0.13574    0.00000     5.83971    0.13574    0.00000    0.00150     21      526   546     125
    27    6.11729   -0.13544    0.00000     6.11729    0.13544    0.00000    0.00150     21      547   567     126
    28    6.39488   -0.13516    0.00000     6.39488    0.13516    0.00000    0.00150     21      568   588     127
    29    6.67246   -0.13489    0.00000     6.67246    0.13489    0.00000    0.00150     21      589   609     128
    30    6.95005   -0.13464    0.00000     6.95005    0.13464    0.00000    0.00150     21      610   630     129
    31    7.22764   -0.13439    0.00000     7.22764    0.13439    0.00000    0.00150     21      631   651     130
    32    7.50522   -0.13414    0.00000     7.50522    0.13414    0.00000    0.00150     21      652   672     131
    33    7.78281   -0.13391    0.00000     7.78281    0.13391    0.00000    0.00150     21      673   693     132
    34    8.06039   -0.13368    0.00000     8.06039    0.13368    0.00000    0.00150     21      694   714     133
    35    8.33798   -0.13346    0.00000     8.33798    0.13346    0.00000    0.00150     21      715   735     134
    36    8.61556   -0.13325    0.00000     8.61556    0.13325    0.00000    0.00150     21      736   756     135
    37    8.89315   -0.13304    0.00000     8.89315    0.13304    0.00000    0.00150     21      757   777     136
    38    9.17074   -0.13284    0.00000     9.17074    0.13284    0.00000    0.00150     21      778   798     137
    39    9.44832   -0.13265    0.00000     9.44832    0.13265    0.00000    0.00150     21      799   819     138
    40    9.72591   -0.13245    0.00000     9.72591    0.13245    0.00000    0.00150     21      820   840     139
    41   10.00349   -0.13227    0.00000    10.00349    0.13227    0.00000    0.00150     21      841   861     140
    42   10.28108   -0.13209    0.00000    10.28108    0.13209    0.00000    0.00150     21      862   882     141
    43   10.55866   -0.13191    0.00000    10.55866    0.13191    0.00000    0.00150     21      883   903     142
    44   10.83625   -0.13174    0.00000    10.83625    0.13174    0.00000    0.00150     21      904   924     143
    45   11.11383   -0.13157    0.00000    11.11383    0.13157    0.00000    0.00150     21      925   945     144
    46   11.39142   -0.13141    0.00000    11.39142    0.13141    0.00000    0.00150     21      946   966     145
    47   11.66901   -0.13125    0.00000    11.66901    0.13125    0.00000    0.00150     21      967   987     146
    48   11.94659   -0.13109    0.00000    11.94659    0.13109    0.00000    0.00150     21      988  1008     147
    49   12.22418   -0.13094    0.00000    12.22418    0.13094    0.00000    0.00150     21     1009  1029     148
    50   12.50176   -0.13079    0.00000    12.50176    0.13079    0.00000    0.00150     21     1030  1050     149
    51   12.77935   -0.13064    0.00000    12.77935    0.13064    0.00000    0.00150     21     1051  1071     150
    52   13.05693   -0.13050    0.00000    13.05693    0.13050    0.00000    0.00150     21     1072  1092     151
    53   13.33452   -0.13036    0.00000    13.33452    0.13036    0.00000    0.00150     21     1093  1113     152
    54   13.61210   -0.13022    0.00000    13.61210    0.13022    0.00000    0.00150     21     1114  1134     153
    55   13.88969   -0.13008    0.00000    13.88969    0.13008    0.00000    0.00150     21     1135  1155     154
    56   14.16728   -0.12995    0.00000    14.16728    0.12995    0.00000    0.00150     21     1156  1176     155
    57   14.44486   -0.12982    0.00000    14.44486    0.12982    0.00000    0.00150     21     1177  1197     156
    58   14.72245   -0.12969    0.00000    14.72245    0.12969    0.00000    0.00150     21     1198  1218     157
    59   15.00003   -0.12956    0.00000    15.00003    0.12956    0.00000    0.00150     21     1219  1239     158
    60   15.27762   -0.12944    0.00000    15.27762    0.12944    0.00000    0.00150     21     1240  1260     159
    61   15.55520   -0.12931    0.00000    15.55520    0.12931    0.00000    0.00150     21     1261  1281     160
    62   15.83279   -0.12919    0.00000    15.83279    0.12919    0.00000    0.00150     21     1282  1302     161
    63   16.11038   -0.12908    0.00000    16.11038    0.12908    0.00000    0.00150     21     1303  1323     162
    64   16.38796   -0.12896    0.00000    16.38796    0.12896    0.00000    0.00150     21     1324  1344     163
    65   16.66555   -0.12885    0.00000    16.66555    0.12885    0.00000    0.00150     21     1345  1365     164
    66   16.94313   -0.12873    0.00000    16.94313    0.12873    0.00000    0.00150     21     1366  1386     165
    67   17.22072   -0.12862    0.00000    17.22072    0.12862    0.00000    0.00150     21     1387  1407     166
    68   17.49830   -0.12851    0.00000    17.49830    0.12851    0.00000    0.00150     21     1408  1428     167
    69   17.77589   -0.12841    0.00000    17.77589    0.12841    0.00000    0.00150     21     1429  1449     168
    70   18.05347   -0.12830    0.00000    18.05347    0.12830    0.00000    0.00150     21     1450  1470     169
    71   18.33106   -0.12820    0.00000    18.33106    0.12820    0.00000    0.00150     21     1471  1491     170
    72   18.60864   -0.12809    0.00000    18.60864    0.12809    0.00000    0.00150     21     1492  1512     171
    73   18.88623   -0.12799    0.00000    18.88623    0.12799    0.00000    0.00150     21     1513  1533     172
    74   19.16382   -0.12789    0.00000    19.16382    0.12789    0.00000    0.00150     21     1534  1554     173
    75   19.44140   -0.12779    0.00000    19.44140    0.12779    0.00000    0.00150     21     1555  1575     174
    76   19.71899   -0.12770    0.00000    19.71899    0.12770    0.00000    0.00150     21     1576  1596     175
    77   19.99657   -0.12760    0.00000    19.99657    0.12760    0.00000    0.00150     21     1597  1617     176
    78   20.27416   -0.12751    0.00000    20.27416    0.12751    0.00000    0.00150     21     1618  1638     177
    79   20.55175   -0.12741    0.00000    20.55175    0.12741    0.00000    0.00150     21     1639  1659     178
    80   20.82933   -0.12732    0.00000    20.82933    0.12732    0.00000    0.00150     21     1660  1680     179
    81   21.10692   -0.12723    0.00000    21.10692    0.12723    0.00000    0.00150     21     1681  1701     180
    82   21.38450   -0.12714    0.00000    21.38450    0.12714    0.00000    0.00150     21     1702  1722     181
    83   21.66209   -0.12705    0.00000    21.66209    0.12705    0.00000    0.00150     21     1723  1743     182
    84   21.93967   -0.12696    0.00000    21.93967    0.12696    0.00000    0.00150     21     1744  1764     183
    85   22.21726   -0.12688    0.00000    22.21726    0.12688    0.00000    0.00150     21     1765  1785     184
    86   22.49484   -0.12679    0.00000    22.49484    0.12679    0.00000    0.00150     21     1786  1806     185
    87   22.77243   -0.12671    0.00000    22.77243    0.12671    0.00000    0.00150     21     1807  1827     186
    88   23.05001   -0.12662    0.00000    23.05001    0.12662    0.00000    0.00150     21     1828  1848     187
    89   23.32760   -0.12654    0.00000    23.32760    0.12654    0.00000    0.00150     21     1849  1869     188
    90   23.60519   -0.12646    0.00000    23.60519    0.12646    0.00000    0.00150     21     1870  1890     189
    91   23.88277   -0.12638    0.00000    23.88277    0.12638    0.00000    0.00150     21     1891  1911     190
    92   24.16036   -0.12630    0.00000    24.16036    0.12630    0.00000    0.00150     21     1912  1932     191
    93   24.43794   -0.12622    0.00000    24.43794    0.12622    0.00000    0.00150     21     1933  1953     192
    94   24.71553   -0.12614    0.00000    24.71553    0.12614    0.00000    0.00150     21     1954  1974     193
    95   24.99311   -0.12607    0.00000    24.99311    0.12607    0.00000    0.00150     21     1975  1995     194
    96   25.27070   -0.12599    0.00000    25.27070    0.12599    0.00000    0.00150     21     1996  2016     195
    97   25.54829   -0.12591    0.00000    25.54829    0.12591    0.00000    0.00150     21     2017  2037     196
    98   25.82587   -0.12584    0.00000    25.82587    0.12584    0.00000    0.00150     21     2038  2058     197
    99   26.10346   -0.12576    0.00000    26.10346    0.12576    0.00000    0.00150     21     2059  2079     198
   100   26.38104   -0.12569    0.00000    26.38104    0.12569    0.00000    0.00150     21     2080  2100     199

   TOTAL SEGMENTS USED= 2100     NO. SEG. IN A SYMMETRIC CELL= 2100     SYMMETRY FLAG=  0


         - MULTIPLE WIRE JUNCTIONS -
 JUNCTION    SEGMENTS  (- FOR END 1, + FOR END 2)
  NONE




                                 - - - - SEGMENTATION DATA - - - -

                                        COORDINATES IN METERS

                         I+ AND I- INDICATE THE SEGMENTS BEFORE AND AFTER I


  SEG.   COORDINATES OF SEG. CENTER     SEG.     ORIENTATION ANGLES    WIRE    CONNECTION DATA   TAG
  NO.       X         Y         Z       LENGTH     ALPHA     BETA      RADIUS    I-   I    I+    NO.
     1   0.00000  -0.16123   0.00000   0.01612    0.00000  90.00000   0.00150     0    1    2    100
     2   0.00000  -0.14511   0.00000   0.01612    0.00000  90.00000   0.00150     1    2    3    100
     3   0.00000  -0.12899   0.00000   0.01612    0.00000  90.00000   0.00150     2    3    4    100
     4   0.00000  -0.11286   0.00000   0.01612    0.00000  90.00000   0.00150     3    4    5    100
     5   0.00000  -0.09674   0.00000   0.01612    0.00000  90.00000   0.00150     4    5    6    100
     6   0.00000  -0.08062   0.00000   0.01612    0.00000  90.00000   0.00150     5    6    7    100
     7   0.00000  -0.06449   0.00000   0.01612    0.00000  90.00000   0.00150     6    7    8    100
     8   0.00000  -0.04837   0.00000   0.01612    0.00000  90.00000   0.00150     7    8    9    100
     9   0.00000  -0.03225   0.00000   0.01612    0.00000  90.00000   0.00150     8    9   10    100
    10   0.00000  -0.01612   0.00000   0.01612    0.00000  90.00000   0.00150     9   10   11    100
    11   0.00000   0.00000   0.00000   0.01612    0.00000  90.00000   0.00150    10   11   12    100
    12   0.00000   0.01612   0.00000   0.01612    0.00000  90.00000   0.00150    11   12   13    100
    13   0.00000   0.03225   0.00000   0.01612    0.00000  90.00000   0.00150    12   13   14    100
    14   0.00000   0.04837   0.00000   0.01612    0.00000  90.00000   0.00150    13   14   15    100
    15   0.00000   0.06449   0.00000   0.01612    0.00000  90.00000   0.00150    14   15   16    100
    16   0.00000   0.08062   0.00000   0.01612    0.00000  90.00000   0.00150    15   16   17    100
    17   0.00000   0.09674   0.00000   0.01612    0.00000  90.00000   0.00150    16   17   18    100
    18   0.00000   0.11286   0.00000   0.01612    0.00000  90.00000   0.00150    17   18   19    100
    19   0.00000   0.12899   0.00000   0.01612    0.00000  90.00000   0.00150    18   19   20    100
    20   0.00000   0.14511   0.00000   0.01612    0.00000  90.00000   0.00150    19   20   21    100
    21   0.00000   0.16123   0.00000   0.01612    0.00000  90.00000   0.00150    20   21    0    100
    22   0.13879  -0.15899   0.00000   0.01590    0.00000  90.00000   0.00150     0   22   23    101
    23   0.13879  -0.14309   0.00000   0.01590    0.00000  90.00000   0.00150    22   23   24    101
    24   0.13879  -0.12720   0.00000   0.01590    0.00000  90.00000   0.00150    23   24   25    101
    25   0.13879  -0.11130   0.00000   0.01590    0.00000  90.00000   0.00150    24   25   26    101
    26   0.13879  -0.09540   0.00000   0.01590    0.00000  90.00000   0.00150    25   26   27    101
    27   0.13879  -0.07950   0.00000   0.01590    0.00000  90.00000   0.00150    26   27   28    101
    28   0.13879  -0.06360   0.00000   0.01590    0.00000  90.00000   0.00150    27   28   29    101
    29   0.13879  -0.04770   0.00000   0.01590    0.00000  90.00000   0.00150    28   29   30    101
    30   0.13879  -0.03180   0.00000   0.01590    0.00000  90.00000   0.00150    29   30   31    101
    31   0.13879  -0.01590   0.00000   0.01590    0.00000  90.00000   0.00150    30   31   32    101
    32   0.13879   0.00000   0.00000   0.01590    0.00000  90.00000   0.00150    31   32   33    101
    33   0.13879   0.01590   0.00000   0.01590    0.00000  90.00000   0.00150    32   33   34    101
    34   0.13879   0.03180   0.00000   0.01590    0.00000  90.00000   0.00150    33   34   35    101
    35   0.13879   0.04770   0.00000   0.01590    0.00000  90.00000   0.00150    34   35   36    101
    36   0.13879   0.06360   0.00000   0.01590    0.00000  90.00000   0.00150    35   36   37    101
    37   0.13879   0.07950   0.00000   0.01590    0.00000  90.00000   0.00150    36   37   38    101
    38   0.13879   0.09540   0.00000   0.01590    0.00000  90.00000   0.00150    37   38   39    101
    39   0.13879   0.11130   0.00000   0.01590    0.00000  90.00000   0.00150    38   39   40    101
    40   0.13879   0.12720   0.00000   0.01590    0.00000  90.00000   0.00150    39   40   41    101
    41   0.13879   0.14309   0.00000   0.01590    0.00000  90.00000   0.00150    40   41   42    101
    42   0.13879   0.15899   0.00000   0.01590    0.00000  90.00000   0.00150    41   42    0    101
    43   0.19084  -0.14576   0.00000   0.01458    0.00000  90.00000   0.00150     0   43   44    102
    44   0.19084  -0.13118   0.00000   0.01458    0.00000  90.00000   0.00150    43   44   45    102
    45   0.19084  -0.11661   0.00000   0.01458    0.00000  90.00000   0.00150    44   45   46    102
    46   0.19084  -0.10203   0.00000   0.01458    0.00000  90.00000   0.00150    45   46   47    102
    47   0.19084  -0.08746   0.00000   0.01458    0.00000  90.00000   0.00150    46   47   48    102
    48   0.19084  -0.07288   0.00000   0.01458    0.00000  90.00000   0.00150    47   48   49    102
    49   0.19084  -0.05830   0.00000   0.01458    0.00000  90.00000   0.00150    48   49   50    102
    50   0.19084  -0.04373   0.00000   0.01458    0.00000  90.00000   0.00150    49   50   51    102
    51   0.19084  -0.02915   0.00000   0.01458    0.00000  90.00000   0.00150    50   51   52    102
    52   0.19084  -0.01458   0.00000   0.01458    0.00000  90.00000   0.00150    51   52   53    102
    53   0.19084   0.00000   0.00000   0.01458    0.00000  90.00000   0.00150    52   53   54    102
    54   0.19084   0.01458   0.00000   0.01458    0.00000  90.00000   0.00150    53   54   55    102
    55   0.19084   0.02915   0.00000   0.01458    0.00000  90.00000   0.00150    54   55   56    102
    56   0.19084   0.04373   0.00000   0.01458    0.00000  90.00000   0.00150    55   56   57    102
    57   0.19084   0.05830   0.00000   0.01458    0.00000  90.00000   0.00150    56   57   58    102
    58   0.19084   0.07288   0.00000   0.01458    0.00000  90.00000   0.00150    57   58   59    102
    59   0.19084   0.08746   0.00000   0.01458    0.00000  90.00000   0.00150    58   59   60    102
    60   0.19084   0.10203   0.00000   0.01458    0.00000  90.00000   0.00150    59   60   61    102
    61   0.19084   0.11661   0.00000   0.01458    0.00000  90.00000   0.00150    60   61   62    102
    62   0.19084   0.13118   0.00000   0.01458    0.00000  90.00000   0.00150    61   62   63    102
    63   0.19084   0.14576   0.00000   0.01458    0.00000  90.00000   0.00150    62   63    0    102
    64   0.31575  -0.14433   0.00000   0.01443    0.00000  90.00000   0.00150     0   64   65    103
    65   0.31575  -0.12990   0.00000   0.01443    0.00000  90.00000   0.00150    64   65   66    103
    66   0.31575  -0.11547   0.00000   0.01443    0.00000  90.00000   0.00150    65   66   67    103
    67   0.31575  -0.10103   0.00000   0.01443    0.00000  90.00000   0.00150    66   67   68    103
    68   0.31575  -0.08660   0.00000   0.01443    0.00000  90.00000   0.00150    67   68   69    103
    69   0.31575  -0.07217   0.00000   0.01443    0.00000  90.00000   0.00150    68   69   70    103
    70   0.31575  -0.05773   0.00000   0.01443    0.00000  90.00000   0.00150    69   70   71    103
    71   0.31575  -0.04330   0.00000   0.01443    0.00000  90.00000   0.00150    70   71   72    103
    72   0.31575  -0.02887   0.00000   0.01443    0.00000  90.00000   0.00150    71   72   73    103
    73   0.31575  -0.01443   0.00000   0.01443    0.00000  90.00000   0.00150    72   73   74    103
    74   0.31575   0.00000   0.00000   0.01443    0.00000  90.00000   0.00150    73   74   75    103
    75   0.31575   0.01443   0.00000   0.01443    0.00000  90.00000   0.00150    74   75   76    103
    76   0.31575   0.02887   0.00000   0.01443    0.00000  90.00000   0.00150    75   76   77    103
    77   0.31575   0.04330   0.00000   0.01443    0.00000  90.00000   0.00150    76   77   78    103
    78   0.31575   0.05773   0.00000   0.01443    0.00000  90.00000   0.00150    77   78   79    103
    79   0.31575   0.07217   0.00000   0.01443    0.00000  90.00000   0.00150    78   79   80    103
    80   0.31575   0.08660   0.00000   0.01443    0.00000  90.00000   0.00150    79   80   81    103
    81   0.31575   0.10103   0.00000   0.01443    0.00000  90.00000   0.00150    80   81   82    103
    82   0.31575   0.11547   0.00000   0.01443    0.00000  90.00000   0.00150    81   82   83    103
    83   0.31575   0.12990   0.00000   0.01443    0.00000  90.00000   0.00150    82   83   84    103
    84   0.31575   0.14433   0.00000   0.01443    0.00000  90.00000   0.00150    83   84    0    103
    85   0.46496  -0.14274   0.00000   0.01427    0.00000  90.00000   0.00150     0   85   86    104
    86   0.46496  -0.12847   0.00000   0.01427    0.00000  90.00000   0.00150    85   86   87    104
    87   0.46496  -0.11420   0.00000   0.01427    0.00000  90.00000   0.00150    86   87   88    104
    88   0.46496  -0.09992   0.00000   0.01427    0.00000  90.00000   0.00150    87   88   89    104
    89   0.46496  -0.08565   0.00000   0.01427    0.00000  90.00000   0.00150    88   89   90    104
    90   0.46496  -0.07137   0.00000   0.01427    0.00000  90.00000   0.00150    89   90   91    104
    91   0.46496  -0.05710   0.00000   0.01427    0.00000  90.00000   0.00150    90   91   92    104
    92   0.46496  -0.04282   0.00000   0.01427    0.00000  90.00000   0.00150    91   92   93    104
    93   0.46496  -0.02855   0.00000   0.01427    0.00000  90.00000   0.00150    92   93   94    104
    94   0.46496  -0.01427   0.00000   0.01427    0.00000  90.00000   0.00150    93   94   95    104
    95   0.46496   0.00000   0.00000   0.01427    0.00000  90.00000   0.00150    94   95   96    104
    96   0.46496   0.01427   0.00000   0.01427    0.00000  90.00000   0.00150    95   96   97    104
    97   0.46496   0.02855   0.00000   0.01427    0.00000  90.00000   0.00150    96   97   98    104
    98   0.46496   0.04282   0.00000   0.01427    0.00000  90.00000   0.00150    97   98   99    104
    99   0.46496   0.05710   0.00000   0.01427    0.00000  90.00000   0.00150    98   99  100    104
   100   0.46496   0.07137   0.00000   0.01427    0.00000  90.00000   0.00150    99  100  101    104
   101   0.46496   0.08565   0.00000   0.01427    0.00000  90.00000   0.00150   100  101  102    104
   102   0.46496   0.09992   0.00000   0.01427    0.00000  90.00000   0.00150   101  102  103    104
   103   0.46496   0.11420   0.00000   0.01427    0.00000  90.00000   0.00150   102  103  104    104
   104   0.46496   0.12847   0.00000   0.01427    0.00000  90.00000   0.00150   103  104  105    104
   105   0.46496   0.14274   0.00000   0.01427    0.00000  90.00000   0.00150   104  105    0    104
   106   0.63845  -0.14121   0.00000   0.01412    0.00000  90.00000   0.00150     0  106  107    105
   107   0.63845  -0.12709   0.00000   0.01412    0.00000  90.00000   0.00150   106  107  108    105
   108   0.63845  -0.11297   0.00000   0.01412    0.00000  90.00000   0.00150   107  108  109    105
   109   0.63845  -0.09885   0.00000   0.01412    0.00000  90.00000   0.00150   108  109  110    105
   110   0.63845  -0.08473   0.00000   0.01412    0.00000  90.00000   0.00150   109  110  111    105
   111   0.63845  -0.07061   0.00000   0.01412    0.00000  90.00000   0.00150   110  111  112    105
   112   0.63845  -0.05648   0.00000   0.01412    0.00000  90.00000   0.00150   111  112  113    105
   113   0.63845  -0.04236   0.00000   0.01412    0.00000  90.00000   0.00150   112  113  114    105
   114   0.63845  -0.02824   0.00000   0.01412    0.00000  90.00000   0.00150   113  114  115    105
   115   0.63845  -0.01412   0.00000   0.01412    0.00000  90.00000   0.00150   114  115  116    105
   116   0.63845   0.00000   0.00000   0.01412    0.00000  90.00000   0.00150   115  116  117    105
   117   0.63845   0.01412   0.00000   0.01412    0.00000  90.00000   0.00150   116  117  118    105
   118   0.63845   0.02824   0.00000   0.01412    0.00000  90.00000   0.00150   117  118  119    105
   119   0.63845   0.04236   0.00000   0.01412    0.00000  90.00000   0.00150   118  119  120    105
   120   0.63845   0.05648   0.00000   0.01412    0.00000  90.00000   0.00150   119  120  121    105
   121   0.63845   0.07061   0.00000   0.01412    0.00000  90.00000   0.00150   120  121  122    105
   122   0.63845   0.08473   0.00000   0.01412    0.00000  90.00000   0.00150   121  122  123    105
   123   0.63845   0.09885   0.00000   0.01412    0.00000  90.00000   0.00150   122  123  124    105
   124   0.63845   0.11297   0.00000   0.01412    0.00000  90.00000   0.00150   123  124  125    105
   125   0.63845   0.12709   0.00000   0.01412    0.00000  90.00000   0.00150   124  125  126    105
   126   0.63845   0.14121   0.00000   0.01412    0.00000  90.00000   0.00150   125  126    0    105
   127   0.83276  -0.13985   0.00000   0.01398    0.00000  90.00000   0.00150     0  127  128    106
   128   0.83276  -0.12586   0.00000   0.01398    0.00000  90.00000   0.00150   127  128  129    106
   129   0.83276  -0.11188   0.00000   0.01398    0.00000  90.00000   0.00150   128  129  130    106
   130   0.83276  -0.09789   0.00000   0.01398    0.00000  90.00000   0.00150   129  130  131    106
   131   0.83276  -0.08391   0.00000   0.01398    0.00000  90.00000   0.00150   130  131  132    106
   132   0.83276  -0.06992   0.00000   0.01398    0.00000  90.00000   0.00150   131  132  133    106
   133   0.83276  -0.05594   0.00000   0.01398    0.00000  90.00000   0.00150   132  133  134    106
   134   0.83276  -0.04195   0.00000   0.01398    0.00000  90.00000   0.00150   133  134  135    106
   135   0.83276  -0.02797   0.00000   0.01398    0.00000  90.00000   0.00150   134  135  136    106
   136   0.83276  -0.01398   0.00000   0.01398    0.00000  90.00000   0.00150   135  136  137    106
   137   0.83276   0.00000   0.00000   0.01398    0.00000  90.00000   0.00150   136  137  138    106
   138   0.83276   0.01398   0.00000   0.01398    0.00000  90.00000   0.00150   137  138  139    106
   139   0.83276   0.02797   0.00000   0.01398    0.00000  90.00000   0.00150   138  139  140    106
   140   0.83276   0.04195   0.00000   0.01398    0.00000  90.00000   0.00150   139  140  141    106
   141   0.83276   0.05594   0.00000   0.01398    0.00000  90.00000   0.00150   140  141  142    106
   142   0.83276   0.06992   0.00000   0.01398    0.00000  90.00000   0.00150   141  142  143    106
   143   0.83276   0.08391   0.00000   0.01398    0.00000  90.00000   0.00150   142  143  144    106
   144   0.83276   0.09789   0.00000   0.01398    0.00000  90.00000   0.00150   143  144  145    106
   145   0.83276   0.11188   0.00000   0.01398    0.00000  90.00000   0.00150   144  145  146    106
   146   0.83276   0.12586   0.00000   0.01398    0.00000  90.00000   0.00150   145  146  147    106
   147   0.83276   0.13985   0.00000   0.01398    0.00000  90.00000   0.00150   146  147    0    106
   148   1.04095  -0.13866   0.00000   0.01387    0.00000  90.00000   0.00150     0  148  149    107
   149   1.04095  -0.12480   0.00000   0.01387    0.00000  90.00000   0.00150   148  149  150    107
   150   1.04095  -0.11093   0.00000   0.01387    0.00000  90.00000   0.00150   149  150  151    107
   151   1.04095  -0.09707   0.00000   0.01387    0.00000  90.00000   0.00150   150  151  152    107
   152   1.04095  -0.08320   0.00000   0.01387    0.00000  90.00000   0.00150   151  152  153    107
   153   1.04095  -0.06933   0.00000   0.01387    0.00000  90.00000   0.00150   152  153  154    107
   154   1.04095  -0.05547   0.00000   0.01387    0.00000  90.00000   0.00150   153  154  155    107
   155   1.04095  -0.04160   0.00000   0.01387    0.00000  90.00000   0.00150   154  155  156    107
   156   1.04095  -0.02773   0.00000   0.01387    0.00000  90.00000   0.00150   155  156  157    107
   157   1.04095  -0.01387   0.00000   0.01387    0.00000  90.00000   0.00150   156  157  158    107
   158   1.04095   0.00000   0.00000   0.01387    0.00000  90.00000   0.00150   157  158  159    107
   159   1.04095   0.01387   0.00000   0.01387    0.00000  90.00000   0.00150   158  159  160    107
   160   1.04095   0.02773   0.00000   0.01387    0.00000  90.00000   0.00150   159  160  161    107
   161   1.04095   0.04160   0.00000   0.01387    0.00000  90.00000   0.00150   160  161  162    107
   162   1.04095   0.05547   0.00000   0.01387    0.00000  90.00000   0.00150   161  162  163    107
   163   1.04095   0.06933   0.00000   0.01387    0.00000  90.00000   0.00150   162  163  164    107
   164   1.04095   0.08320   0.00000   0.01387    0.00000  90.00000   0.00150   163  164  165    107
   165   1.04095   0.09707   0.00000   0.01387    0.00000  90.00000   0.00150   164  165  166    107
   166   1.04095   0.11093   0.00000   0.01387    0.00000  90.00000   0.00150   165  166  167    107
   167   1.04095   0.12480   0.00000   0.01387    0.00000  90.00000   0.00150   166  167  168    107
   168   1.04095   0.13866   0.00000   0.01387    0.00000  90.00000   0.00150   167  168    0    107
   169   1.25954  -0.13764   0.00000   0.01376    0.00000  90.00000   0.00150     0  169  170    108
   170   1.25954  -0.12387   0.00000   0.01376    0.00000  90.00000   0.00150   169  170  171    108
   171   1.25954  -0.11011   0.00000   0.01376    0.00000  90.00000   0.00150   170  171  172    108
   172   1.25954  -0.09635   0.00000   0.01376    0.00000  90.00000   0.00150   171  172  173    108
   173   1.25954  -0.08258   0.00000   0.01376    0.00000  90.00000   0.00150   172  173  174    108
   174   1.25954  -0.06882   0.00000   0.01376    0.00000  90.00000   0.00150   173  174  175    108
   175   1.25954  -0.05505   0.00000   0.01376    0.00000  90.00000   0.00150   174  175  176    108
   176   1.25954  -0.04129   0.00000   0.01376    0.00000  90.00000   0.00150   175  176  177    108
   177   1.25954  -0.02753   0.00000   0.01376    0.00000  90.00000   0.00150   176  177  178    108
   178   1.25954  -0.01376   0.00000   0.01376    0.00000  90.00000   0.00150   177  178  179    108
   179   1.25954   0.00000   0.00000   0.01376    0.00000  90.00000   0.00150   178  179  180    108
   180   1.25954   0.01376   0.00000   0.01376    0.00000  90.00000   0.00150   179  180  181    108
   181   1.25954   0.02753   0.00000   0.01376    0.00000  90.00000   0.00150   180  181  182    108
   182   1.25954   0.04129   0.00000   0.01376    0.00000  90.00000   0.00150   181  182  183    108
   183   1.25954   0.05505   0.00000   0.01376    0.00000  90.00000   0.00150   182  183  184    108
   184   1.25954   0.06882   0.00000   0.01376    0.00000  90.00000   0.00150   183  184  185    108
   185   1.25954   0.08258   0.00000   0.01376    0.00000  90.00000   0.00150   184  185  186    108
   186   1.25954   0.09635   0.00000   0.01376    0.00000  90.00000   0.00150   185  186  187    108
   187   1.25954   0.11011   0.00000   0.01376    0.00000  90.00000   0.00150   186  187  188    108
   188   1.25954   0.12387   0.00000   0.01376    0.00000  90.00000   0.00150   187  188  189    108
   189   1.25954   0.13764   0.00000   0.01376    0.00000  90.00000   0.00150   188  189    0    108
   190   1.48855  -0.13674   0.00000   0.01367    0.00000  90.00000   0.00150     0  190  191    109
   191   1.48855  -0.12306   0.00000   0.01367    0.00000  90.00000   0.00150   190  191  192    109
   192   1.48855  -0.10939   0.00000   0.01367    0.00000  90.00000   0.00150   191  192  193    109
   193   1.48855  -0.09572   0.00000   0.01367    0.00000  90.00000   0.00150   192  193  194    109
   194   1.48855  -0.08204   0.00000   0.01367    0.00000  90.00000   0.00150   193  194  195    109
   195   1.48855  -0.06837   0.00000   0.01367    0.00000  90.00000   0.00150   194  195  196    109
   196   1.48855  -0.05469   0.00000   0.01367    0.00000  90.00000   0.00150   195  196  197    109
   197   1.48855  -0.04102   0.00000   0.01367    0.00000  90.00000   0.00150   196  197  198    109
   198   1.48855  -0.02735   0.00000   0.01367    0.00000  90.00000   0.00150   197  198  199    109
   199   1.48855  -0.01367   0.00000   0.01367    0.00000  90.00000   0.00150   198  199  200    109
   200   1.48855   0.00000   0.00000   0.01367    0.00000  90.00000   0.00150   199  200  201    109
   201   1.48855   0.01367   0.00000   0.01367    0.00000  90.00000   0.00150   200  201  202    109
   202   1.48855   0.02735   0.00000   0.01367    0.00000  90.00000   0.00150   201  202  203    109
   203   1.48855   0.04102   0.00000   0.01367    0.00000  90.00000   0.00150   202  203  204    109
   204   1.48855   0.05469   0.00000   0.01367    0.00000  90.00000   0.00150   203  204  205    109
   205   1.48855   0.06837   0.00000   0.01367    0.00000  90.00000   0.00150   204  205  206    109
   206   1.48855   0.08204   0.00000   0.01367    0.00000  90.00000   0.00150   205  206  207    109
   207   1.48855   0.09572   0.00000   0.01367    0.00000  90.00000   0.00150   206  207  208    109
   208   1.48855   0.10939   0.00000   0.01367    0.00000  90.00000   0.00150   207  208  209    109
   209   1.48855   0.12306   0.00000   0.01367    0.00000  90.00000   0.00150   208  209  210    109
   210   1.48855   0.13674   0.00000   0.01367    0.00000  90.00000   0.00150   209  210    0    109
   211   1.72797  -0.13594   0.00000   0.01359    0.00000  90.00000   0.00150     0  211  212    110
   212   1.72797  -0.12235   0.00000   0.01359    0.00000  90.00000   0.00150   211  212  213    110
   213   1.72797  -0.10875   0.00000   0.01359    0.00000  90.00000   0.00150   212  213  214    110
   214   1.72797  -0.09516   0.00000   0.01359    0.00000  90.00000   0.00150   213  214  215    110
   215   1.72797  -0.08156   0.00000   0.01359    0.00000  90.00000   0.00150   214  215  216    110
   216   1.72797  -0.06797   0.00000   0.01359    0.00000  90.00000   0.00150   215  216  217    110
   217   1.72797  -0.05438   0.00000   0.01359    0.00000  90.00000   0.00150   216  217  218    110
   218   1.72797  -0.04078   0.00000   0.01359    0.00000  90.00000   0.00150   217  218  219    110
   219   1.72797  -0.02719   0.00000   0.01359    0.00000  90.00000   0.00150   218  219  220    110
   220   1.72797  -0.01359   0.00000   0.01359    0.00000  90.00000   0.00150   219  220  221    110
   221   1.72797   0.00000   0.00000   0.01359    0.00000  90.00000   0.00150   220  221  222    110
   222   1.72797   0.01359   0.00000   0.01359    0.00000  90.00000   0.00150   221  222  223    110
   223   1.72797   0.02719   0.00000   0.01359    0.00000  90.00000   0.00150   222  223  224    110
   224   1.72797   0.04078   0.00000   0.01359    0.00000  90.00000   0.00150   223  224  225    110
   225   1.72797   0.05438   0.00000   0.01359    0.00000  90.00000   0.00150   224  225  226    110
   226   1.72797   0.06797   0.00000   0.01359    0.00000  90.00000   0.00150   225  226  227    110
   227   1.72797   0.08156   0.00000   0.01359    0.00000  90.00000   0.00150   226  227  228    110
   228   1.72797   0.09516   0.00000   0.01359    0.00000  90.00000   0.00150   227  228  229    110
   229   1.72797   0.10875   0.00000   0.01359    0.00000  90.00000   0.00150   228  229  230    110
   230   1.72797   0.12235   0.00000   0.01359    0.00000  90.00000   0.00150   229  230  231    110
   231   1.72797   0.13594   0.00000   0.01359    0.00000  90.00000   0.00150   230  231    0    110
   232   1.97780  -0.13522   0.00000   0.01352    0.00000  90.00000   0.00150     0  232  233    111
   233   1.97780  -0.12170   0.00000   0.01352    0.00000  90.00000   0.00150   232  233  234    111
   234   1.97780  -0.10818   0.00000   0.01352    0.00000  90.00000   0.00150   233  234  235    111
   235   1.97780  -0.09466   0.00000   0.01352    0.00000  90.00000   0.00150   234  235  236    111
   236   1.97780  -0.08113   0.00000   0.01352    0.00000  90.00000   0.00150   235  236  237    111
   237   1.97780  -0.06761   0.00000   0.01352    0.00000  90.00000   0.00150   236  237  238    111
   238   1.97780  -0.05409   0.00000   0.01352    0.00000  90.00000   0.00150   237  238  239    111
   239   1.97780  -0.04057   0.00000   0.01352    0.00000  90.00000   0.00150   238  239  240    111
   240   1.97780  -0.02704   0.00000   0.01352    0.00000  90.00000   0.00150   239  240  241    111
   241   1.97780  -0.01352   0.00000   0.01352    0.00000  90.00000   0.00150   240  241  242    111
   242   1.97780   0.00000   0.00000   0.01352    0.00000  90.00000   0.00150   241  242  243    111
   243   1.97780   0.01352   0.00000   0.01352    0.00000  90.00000   0.00150   242  243  244    111
   244   1.97780   0.02704   0.00000   0.01352    0.00000  90.00000   0.00150   243  244  245    111
   245   1.97780   0.04057   0.00000   0.01352    0.00000  90.00000   0.00150   244  245  246    111
   246   1.97780   0.05409   0.00000   0.01352    0.00000  90.00000   0.00150   245  246  247    111
   247   1.97780   0.06761   0.00000   0.01352    0.00000  90.00000   0.00150   246  247  248    111
   248   1.97780   0.08113   0.00000   0.01352    0.00000  90.00000   0.00150   247  248  249    111
   249   1.97780   0.09466   0.00000   0.01352    0.00000  90.00000   0.00150   248  249  250    111
   250   1.97780   0.10818   0.00000   0.01352    0.00000  90.00000   0.00150   249  250  251    111
   251   1.97780   0.12170   0.00000   0.01352    0.00000  90.00000   0.00150   250  251  252    111
   252   1.97780   0.13522   0.00000   0.01352    0.00000  90.00000   0.00150   251  252    0    111
   253   2.23803  -0.13458   0.00000   0.01346    0.00000  90.00000   0.00150     0  253  254    112
   254   2.23803  -0.12112   0.00000   0.01346    0.00000  90.00000   0.00150   253  254  255    112
   255   2.23803  -0.10766   0.00000   0.01346    0.00000  90.00000   0.00150   254  255  256    112
   256   2.23803  -0.09420   0.00000   0.01346    0.00000  90.00000   0.00150   255  256  257    112
   257   2.23803  -0.08075   0.00000   0.01346    0.00000  90.00000   0.00150   256  257  258    112
   258   2.23803  -0.06729   0.00000   0.01346    0.00000  90.00000   0.00150   257  258  259    112
   259   2.23803  -0.05383   0.00000   0.01346    0.00000  90.00000   0.00150   258  259  260    112
   260   2.23803  -0.04037   0.00000   0.01346    0.00000  90.00000   0.00150   259  260  261    112
   261   2.23803  -0.02692   0.00000   0.01346    0.00000  90.00000   0.00150   260  261  262    112
   262   2.23803  -0.01346   0.00000   0.01346    0.00000  90.00000   0.00150   261  262  263    112
   263   2.23803   0.00000   0.00000   0.01346    0.00000  90.00000   0.00150   262  263  264    112
   264   2.23803   0.01346   0.00000   0.01346    0.00000  90.00000   0.00150   263  264  265    112
   265   2.23803   0.02692   0.00000   0.01346    0.00000  90.00000   0.00150   264  265  266    112
   266   2.23803   0.04037   0.00000   0.01346    0.00000  90.00000   0.00150   265  266  267    112
   267   2.23803   0.05383   0.00000   0.01346    0.00000  90.00000   0.00150   266  267  268    112
   268   2.23803   0.06729   0.00000   0.01346    0.00000  90.00000   0.00150   267  268  269    112
   269   2.23803   0.08075   0.00000   0.01346    0.00000  90.00000   0.00150   268  269  270    112
   270   2.23803   0.09420   0.00000   0.01346    0.00000  90.00000   0.00150   269  270  271    112
   271   2.23803   0.10766   0.00000   0.01346    0.00000  90.00000   0.00150   270  271  272    112
   272   2.23803   0.12112   0.00000   0.01346    0.00000  90.00000   0.00150   271  272  273    112
   273   2.23803   0.13458   0.00000   0.01346    0.00000  90.00000   0.00150   272  273    0    112
   274   2.50868  -0.13398   0.00000   0.01340    0.00000  90.00000   0.00150     0  274  275    113
   275   2.50868  -0.12059   0.00000   0.01340    0.00000  90.00000   0.00150   274  275  276    113
   276   2.50868  -0.10719   0.00000   0.01340    0.00000  90.00000   0.00150   275  276  277    113
   277   2.50868  -0.09379   0.00000   0.01340    0.00000  90.00000   0.00150   276  277  278    113
   278   2.50868  -0.08039   0.00000   0.01340    0.00000  90.00000   0.00150   277  278  279    113
   279   2.50868  -0.06699   0.00000   0.01340    0.00000  90.00000   0.00150   278  279  280    113
   280   2.50868  -0.05359   0.00000   0.01340    0.00000  90.00000   0.00150   279  280  281    113
   281   2.50868  -0.04020   0.00000   0.01340    0.00000  90.00000   0.00150   280  281  282    113
   282   2.50868  -0.02680   0.00000   0.01340    0.00000  90.00000   0.00150   281  282  283    113
   283   2.50868  -0.01340   0.00000   0.01340    0.00000  90.00000   0.00150   282  283  284    113
   284   2.50868   0.00000   0.00000   0.01340    0.00000  90.00000   0.00150   283  284  285    113
   285   2.50868   0.01340   0.00000   0.01340    0.00000  90.00000   0.00150   284  285  286    113
   286   2.50868   0.02680   0.00000   0.01340    0.00000  90.00000   0.00150   285  286  287    113
   287   2.50868   0.04020   0.00000   0.01340    0.00000  90.00000   0.00150   286  287  288    113
   288   2.50868   0.05359   0.00000   0.01340    0.00000  90.00000   0.00150   287  288  289    113
   289   2.50868   0.06699   0.00000   0.01340    0.00000  90.00000   0.00150   288  289  290    113
   290   2.50868   0.08039   0.00000   0.01340    0.00000  90.00000   0.00150   289  290  291    113
   291   2.50868   0.09379   0.00000   0.01340    0.00000  90.00000   0.00150   290  291  292    113
   292   2.50868   0.10719   0.00000   0.01340    0.00000  90.00000   0.00150   291  292  293    113
   293   2.50868   0.12059   0.00000   0.01340    0.00000  90.00000   0.00150   292  293  294    113
   294   2.50868   0.13398   0.00000   0.01340    0.00000  90.00000   0.00150   293  294    0    113
   295   2.78627  -0.13344   0.00000   0.01334    0.00000  90.00000   0.00150     0  295  296    114
   296   2.78627  -0.12010   0.00000   0.01334    0.00000  90.00000   0.00150   295  296  297    114
   297   2.78627  -0.10675   0.00000   0.01334    0.00000  90.00000   0.00150   296  297  298    114
   298   2.78627  -0.09341   0.00000   0.01334    0.00000  90.00000   0.00150   297  298  299    114
   299   2.78627  -0.08006   0.00000   0.01334    0.00000  90.00000   0.00150   298  299  300    114
   300   2.78627  -0.06672   0.00000   0.01334    0.00000  90.00000   0.00150   299  300  301    114
   301   2.78627  -0.05338   0.00000   0.01334    0.00000  90.00000   0.00150   300  301  302    114
   302   2.78627  -0.04003   0.00000   0.01334    0.00000  90.00000   0.00150   301  302  303    114
   303   2.78627  -0.02669   0.00000   0.01334    0.00000  90.00000   0.00150   302  303  304    114
   304   2.78627  -0.01334   0.00000   0.01334    0.00000  90.00000   0.00150   303  304  305    114
   305   2.78627   0.00000   0.00000   0.01334    0.00000  90.00000   0.00150   304  305  306    114
   306   2.78627   0.01334   0.00000   0.01334    0.00000  90.00000   0.00150   305  306  307    114
   307   2.78627   0.02669   0.00000   0.01334    0.00000  90.00000   0.00150   306  307  308    114
   308   2.78627   0.04003   0.00000   0.01334    0.00000  90.00000   0.00150   307  308  309    114
   309   2.78627   0.05338   0.00000   0.01334    0.00000  90.00000   0.00150   308  309  310    114
   310   2.78627   0.06672   0.00000   0.01334    0.00000  90.00000   0.00150   309  310  311    114
   311   2.78627   0.08006   0.00000   0.01334    0.00000  90.00000   0.00150   310  311  312    114
   312   2.78627   0.09341   0.00000   0.01334    0.00000  90.00000   0.00150   311  312  313    114
   313   2.78627   0.10675   0.00000   0.01334    0.00000  90.00000   0.00150   312  313  314    114
   314   2.78627   0.12010   0.00000   0.01334    0.00000  90.00000   0.00150   313  314  315    114
   315   2.78627   0.13344   0.00000   0.01334    0.00000  90.00000   0.00150   314  315    0    114
   316   3.06385  -0.13294   0.00000   0.01329    0.00000  90.00000   0.00150     0  316  317    115
   317   3.06385  -0.11964   0.00000   0.01329    0.00000  90.00000   0.00150   316  317  318    115
   318   3.06385  -0.10635   0.00000   0.01329    0.00000  90.00000   0.00150   317  318  319    115
   319   3.06385  -0.09306   0.00000   0.01329    0.00000  90.00000   0.00150   318  319  320    115
   320   3.06385  -0.07976   0.00000   0.01329    0.00000  90.00000   0.00150   319  320  321    115
   321   3.06385  -0.06647   0.00000   0.01329    0.00000  90.00000   0.00150   320  321  322    115
   322   3.06385  -0.05317   0.00000   0.01329    0.00000  90.00000   0.00150   321  322  323    115
   323   3.06385  -0.03988   0.00000   0.01329    0.00000  90.00000   0.00150   322  323  324    115
   324   3.06385  -0.02659   0.00000   0.01329    0.00000  90.00000   0.00150   323  324  325    115
   325   3.06385  -0.01329   0.00000   0.01329    0.00000  90.00000   0.00150   324  325  326    115
   326   3.06385   0.00000   0.00000   0.01329    0.00000  90.00000   0.00150   325  326  327    115
   327   3.06385   0.01329   0.00000   0.01329    0.00000  90.00000   0.00150   326  327  328    115
   328   3.06385   0.02659   0.00000   0.01329    0.00000  90.00000   0.00150   327  328  329    115
   329   3.06385   0.03988   0.00000   0.01329    0.00000  90.00000   0.00150   328  329  330    115
   330   3.06385   0.05317   0.00000   0.01329    0.00000  90.00000   0.00150   329  330  331    115
   331   3.06385   0.06647   0.00000   0.01329    0.00000  90.00000   0.00150   330  331  332    115
   332   3.06385   0.07976   0.00000   0.01329    0.00000  90.00000   0.00150   331  332  333    115
   333   3.06385   0.09306   0.00000   0.01329    0.00000  90.00000   0.00150   332  333  334    115
   334   3.06385   0.10635   0.00000   0.01329    0.00000  90.00000   0.00150   333  334  335    115
   335   3.06385   0.11964   0.00000   0.01329    0.00000  90.00000   0.00150   334  335  336    115
   336   3.06385   0.13294   0.00000   0.01329    0.00000  90.00000   0.00150   335  336    0    115
   337   3.34144  -0.13247   0.00000   0.01325    0.00000  90.00000   0.00150     0  337  338    116
   338   3.34144  -0.11922   0.00000   0.01325    0.00000  90.00000   0.00150   337  338  339    116
   339   3.34144  -0.10597   0.00000   0.01325    0.00000  90.00000   0.00150   338  339  340    116
   340   3.34144  -0.09273   0.00000   0.01325    0.00000  90.00000   0.00150   339  340  341    116
   341   3.34144  -0.07948   0.00000   0.01325    0.00000  90.00000   0.00150   340  341  342    116
   342   3.34144  -0.06623   0.00000   0.01325    0.00000  90.00000   0.00150   341  342  343    116
   343   3.34144  -0.05299   0.00000   0.01325    0.00000  90.00000   0.00150   342  343  344    116
   344   3.34144  -0.03974   0.00000   0.01325    0.00000  90.00000   0.00150   343  344  345    116
   345   3.34144  -0.02649   0.00000   0.01325    0.00000  90.00000   0.00150   344  345  346    116
   346   3.34144  -0.01325   0.00000   0.01325    0.00000  90.00000   0.00150   345  346  347    116
   347   3.34144   0.00000   0.00000   0.01325    0.00000  90.00000   0.00150   346  347  348    116
   348   3.34144   0.01325   0.00000   0.01325    0.00000  90.00000   0.00150   347  348  349    116
   349   3.34144   0.02649   0.00000   0.01325    0.00000  90.00000   0.00150   348  349  350    116
   350   3.34144   0.03974   0.00000   0.01325    0.00000  90.00000   0.00150   349  350  351    116
   351   3.34144   0.05299   0.00000   0.01325    0.00000  90.00000   0.00150   350  351  352    116
   352   3.34144   0.06623   0.00000   0.01325    0.00000  90.00000   0.00150   351  352  353    116
   353   3.34144   0.07948   0.00000   0.01325    0.00000  90.00000   0.00150   352  353  354    116
   354   3.34144   0.09273   0.00000   0.01325    0.00000  90.00000   0.00150   353  354  355    116
   355   3.34144   0.10597   0.00000   0.01325    0.00000  90.00000   0.00150   354  355  356    116
   356   3.34144   0.11922   0.00000   0.01325    0.00000  90.00000   0.00150   355  356  357    116
   357   3.34144   0.13247   0.00000   0.01325    0.00000  90.00000   0.00150   356  357    0    116
   358   3.61902  -0.13203   0.00000   0.01320    0.00000  90.00000   0.00150     0  358  359    117
   359   3.61902  -0.11883   0.00000   0.01320    0.00000  90.00000   0.00150   358  359  360    117
   360   3.61902  -0.10562   0.00000   0.01320    0.00000  90.00000   0.00150   359  360  361    117
   361   3.61902  -0.09242   0.00000   0.01320    0.00000  90.00000   0.00150   360  361  362    117
   362   3.61902  -0.07922   0.00000   0.01320    0.00000  90.00000   0.00150   361  362  363    117
   363   3.61902  -0.06601   0.00000   0.01320    0.00000  90.00000   0.00150   362  363  364    117
   364   3.61902  -0.05281   0.00000   0.01320    0.00000  90.00000   0.00150   363  364  365    117
   365   3.61902  -0.03961   0.00000   0.01320    0.00000  90.00000   0.00150   364  365  366    117
   366   3.61902  -0.02641   0.00000   0.01320    0.00000  90.00000   0.00150   365  366  367    117
   367   3.61902  -0.01320   0.00000   0.01320    0.00000  90.00000   0.00150   366  367  368    117
   368   3.61902   0.00000   0.00000   0.01320    0.00000  90.00000   0.00150   367  368  369    117
   369   3.61902   0.01320   0.00000   0.01320    0.00000  90.00000   0.00150   368  369  370    117
   370   3.61902   0.02641   0.00000   0.01320    0.00000  90.00000   0.00150   369  370  371    117
   371   3.61902   0.03961   0.00000   0.01320    0.00000  90.00000   0.00150   370  371  372    117
   372   3.61902   0.05281   0.00000   0.01320    0.00000  90.00000   0.00150   371  372  373    117
   373   3.61902   0.06601   0.00000   0.01320    0.00000  90.00000   0.00150   372  373  374    117
   374   3.61902   0.07922   0.00000   0.01320    0.00000  90.00000   0.00150   373  374  375    117
   375   3.61902   0.09242   0.00000   0.01320    0.00000  90.00000   0.00150   374  375  376    117
   376   3.61902   0.10562   0.00000   0.01320    0.00000  90.00000   0.00150   375  376  377    117
   377   3.61902   0.11883   0.00000   0.01320    0.00000  90.00000   0.00150   376  377  378    117
   378   3.61902   0.13203   0.00000   0.01320    0.00000  90.00000   0.00150   377  378    0    117
   379   3.89661  -0.13162   0.00000   0.01316    0.00000  90.00000   0.00150     0  379  380    118
   380   3.89661  -0.11846   0.00000   0.01316    0.00000  90.00000   0.00150   379  380  381    118
   381   3.89661  -0.10529   0.00000   0.01316    0.00000  90.00000   0.00150   380  381  382    118
   382   3.89661  -0.09213   0.00000   0.01316    0.00000  90.00000   0.00150   381  382  383    118
   383   3.89661  -0.07897   0.00000   0.01316    0.00000  90.00000   0.00150   382  383  384    118
   384   3.89661  -0.06581   0.00000   0.01316    0.00000  90.00000   0.00150   383  384  385    118
   385   3.89661  -0.05265   0.00000   0.01316    0.00000  90.00000   0.00150   384  385  386    118
   386   3.89661  -0.03949   0.00000   0.01316    0.00000  90.00000   0.00150   385  386  387    118
   387   3.89661  -0.02632   0.00000   0.01316    0.00000  90.00000   0.00150   386  387  388    118
   388   3.89661  -0.01316   0.00000   0.01316    0.00000  90.00000   0.00150   387  388  389    118
   389   3.89661   0.00000   0.00000   0.01316    0.00000  90.00000   0.00150   388  389  390    118
   390   3.89661   0.01316   0.00000   0.01316    0.00000  90.00000   0.00150   389  390  391    118
   391   3.89661   0.02632   0.00000   0.01316    0.00000  90.00000   0.00150   390  391  392    118
   392   3.89661   0.03949   0.00000   0.01316    0.00000  90.00000   0.00150   391  392  393    118
   393   3.89661   0.05265   0.00000   0.01316    0.00000  90.00000   0.00150   392  393  394    118
   394   3.89661   0.06581   0.00000   0.01316    0.00000  90.00000   0.00150   393  394  395    118
   395   3.89661   0.07897   0.00000   0.01316    0.00000  90.00000   0.00150   394  395  396    118
   396   3.89661   0.09213   0.00000   0.01316    0.00000  90.00000   0.00150   395  396  397    118
   397   3.89661   0.10529   0.00000   0.01316    0.00000  90.00000   0.00150   396  397  398    118
   398   3.89661   0.11846   0.00000   0.01316    0.00000  90.00000   0.00150   397  398  399    118
   399   3.89661   0.13162   0.00000   0.01316    0.00000  90.00000   0.00150   398  399    0    118
   400   4.17419  -0.13123   0.00000   0.01312    0.00000  90.00000   0.00150     0  400  401    119
   401   4.17419  -0.11811   0.00000   0.01312    0.00000  90.00000   0.00150   400  401  402    119
   402   4.17419  -0.10498   0.00000   0.01312    0.00000  90.00000   0.00150   401  402  403    119
   403   4.17419  -0.09186   0.00000   0.01312    0.00000  90.00000   0.00150   402  403  404    119
   404   4.17419  -0.07874   0.00000   0.01312    0.00000  90.00000   0.00150   403  404  405    119
   405   4.17419  -0.06561   0.00000   0.01312    0.00000  90.00000   0.00150   404  405  406    119
   406   4.17419  -0.05249   0.00000   0.01312    0.00000  90.00000   0.00150   405  406  407    119
   407   4.17419  -0.03937   0.00000   0.01312    0.00000  90.00000   0.00150   406  407  408    119
   408   4.17419  -0.02625   0.00000   0.01312    0.00000  90.00000   0.00150   407  408  409    119
   409   4.17419  -0.01312   0.00000   0.01312    0.00000  90.00000   0.00150   408  409  410    119
   410   4.17419   0.00000   0.00000   0.01312    0.00000  90.00000   0.00150   409  410  411    119
   411   4.17419   0.01312   0.00000   0.01312    0.00000  90.00000   0.00150   410  411  412    119
   412   4.17419   0.02625   0.00000   0.01312    0.00000  90.00000   0.00150   411  412  413    119
   413   4.17419   0.03937   0.00000   0.01312    0.00000  90.00000   0.00150   412  413  414    119
   414   4.17419   0.05249   0.00000   0.01312    0.00000  90.00000   0.00150   413  414  415    119
   415   4.17419   0.06561   0.00000   0.01312    0.00000  90.00000   0.00150   414  415  416    119
   416   4.17419   0.07874   0.00000   0.01312    0.00000  90.00000   0.00150   415  416  417    119
   417   4.17419   0.09186   0.00000   0.01312    0.00000  90.00000   0.00150   416  417  418    119
   418   4.17419   0.10498   0.00000   0.01312    0.00000  90.00000   0.00150   417  418  419    119
   419   4.17419   0.11811   0.00000   0.01312    0.00000  90.00000   0.00150   418  419  420    119
   420   4.17419   0.13123   0.00000   0.01312    0.00000  90.00000   0.00150   419  420    0    119
   421   4.45178  -0.13086   0.00000   0.01309    0.00000  90.00000   0.00150     0  421  422    120
   422   4.45178  -0.11777   0.00000   0.01309    0.00000  90.00000   0.00150   421  422  423    120
   423   4.45178  -0.10469   0.00000   0.01309    0.00000  90.00000   0.00150   422  423  424    120
   424   4.45178  -0.09160   0.00000   0.01309    0.00000  90.00000   0.00150   423  424  425    120
   425   4.45178  -0.07852   0.00000   0.01309    0.00000  90.00000   0.00150   424  425  426    120
   426   4.45178  -0.06543   0.00000   0.01309    0.00000  90.00000   0.00150   425  426  427    120
   427   4.45178  -0.05234   0.00000   0.01309    0.00000  90.00000   0.00150   426  427  428    120
   428   4.45178  -0.03926   0.00000   0.01309    0.00000  90.00000   0.00150   427  428  429    120
   429   4.45178  -0.02617   0.00000   0.01309    0.00000  90.00000   0.00150   428  429  430    120
   430   4.45178  -0.01309   0.00000   0.01309    0.00000  90.00000   0.00150   429  430  431    120
   431   4.45178   0.00000   0.00000   0.01309    0.00000  90.00000   0.00150   430  431  432    120
   432   4.45178   0.01309   0.00000   0.01309    0.00000  90.00000   0.00150   431  432  433    120
   433   4.45178   0.02617   0.00000   0.01309    0.00000  90.00000   0.00150   432  433  434    120
   434   4.45178   0.03926   0.00000   0.01309    0.00000  90.00000   0.00150   433  434  435    120
   435   4.45178   0.05234   0.00000   0.01309    0.00000  90.00000   0.00150   434  435  436    120
   436   4.45178   0.06543   0.00000   0.01309    0.00000  90.00000   0.00150   435  436  437    120
   437   4.45178   0.07852   0.00000   0.01309    0.00000  90.00000   0.00150   436  437  438    120
   438   4.45178   0.09160   0.00000   0.01309    0.00000  90.00000   0.00150   437  438  439    120
   439   4.45178   0.10469   0.00000   0.01309    0.00000  90.00000   0.00150   438  439  440    120
   440   4.45178   0.11777   0.00000   0.01309    0.00000  90.00000   0.00150   439  440  441    120
   441   4.45178   0.13086   0.00000   0.01309    0.00000  90.00000   0.00150   440  441    0    120
   442   4.72936  -0.13051   0.00000   0.01305    0.00000  90.00000   0.00150     0  442  443    121
   443   4.72936  -0.11746   0.00000   0.01305    0.00000  90.00000   0.00150   442  443  444    121
   444   4.72936  -0.10441   0.00000   0.01305    0.00000  90.00000   0.00150   443  444  445    121
   445   4.72936  -0.09136   0.00000   0.01305    0.00000  90.00000   0.00150   444  445  446    121
   446   4.72936  -0.07831   0.00000   0.01305    0.00000  90.00000   0.00150   445  446  447    121
   447   4.72936  -0.06526   0.00000   0.01305    0.00000  90.00000   0.00150   446  447  448    121
   448   4.72936  -0.05220   0.00000   0.01305    0.00000  90.00000   0.00150   447  448  449    121
   449   4.72936  -0.03915   0.00000   0.01305    0.00000  90.00000   0.00150   448  449  450    121
   450   4.72936  -0.02610   0.00000   0.01305    0.00000  90.00000   0.00150   449  450  451    121
   451   4.72936  -0.01305   0.00000   0.01305    0.00000  90.00000   0.00150   450  451  452    121
   452   4.72936   0.00000   0.00000   0.01305    0.00000  90.00000   0.00150   451  452  453    121
   453   4.72936   0.01305   0.00000   0.01305    0.00000  90.00000   0.00150   452  453  454    121
   454   4.72936   0.02610   0.00000   0.01305    0.00000  90.00000   0.00150   453  454  455    121
   455   4.72936   0.03915   0.00000   0.01305    0.00000  90.00000   0.00150   454  455  456    121
   456   4.72936   0.05220   0.00000   0.01305    0.00000  90.00000   0.00150   455  456  457    121
   457   4.72936   0.06526   0.00000   0.01305    0.00000  90.00000   0.00150   456  457  458    121
   458   4.72936   0.07831   0.00000   0.01305    0.00000  90.00000   0.00150   457  458  459    121
   459   4.72936   0.09136   0.00000   0.01305    0.00000  90.00000   0.00150   458  459  460    121
   460   4.72936   0.10441   0.00000   0.01305    0.00000  90.00000   0.00150   459  460  461    121
   461   4.72936   0.11746   0.00000   0.01305    0.00000  90.00000   0.00150   460  461  462    121
   462   4.72936   0.13051   0.00000   0.01305    0.00000  90.00000   0.00150   461  462    0    121
   463   5.00695  -0.13018   0.00000   0.01302    0.00000  90.00000   0.00150     0  463  464    122
   464   5.00695  -0.11716   0.00000   0.01302    0.00000  90.00000   0.00150   463  464  465    122
   465   5.00695  -0.10414   0.00000   0.01302    0.00000  90.00000   0.00150   464  465  466    122
   466   5.00695  -0.09113   0.00000   0.01302    0.00000  90.00000   0.00150   465  466  467    122
   467   5.00695  -0.07811   0.00000   0.01302    0.00000  90.00000   0.00150   466  467  468    122
   468   5.00695  -0.06509   0.00000   0.01302    0.00000  90.00000   0.00150   467  468  469    122
   469   5.00695  -0.05207   0.00000   0.01302    0.00000  90.00000   0.00150   468  469  470    122
   470   5.00695  -0.03905   0.00000   0.01302    0.00000  90.00000   0.00150   469  470  471    122
   471   5.00695  -0.02604   0.00000   0.01302    0.00000  90.00000   0.00150   470  471  472    122
   472   5.00695  -0.01302   0.00000   0.01302    0.00000  90.00000   0.00150   471  472  473    122
   473   5.00695   0.00000   0.00000   0.01302    0.00000  90.00000   0.00150   472  473  474    122
   474   5.00695   0.01302   0.00000   0.01302    0.00000  90.00000   0.00150   473  474  475    122
   475   5.00695   0.02604   0.00000   0.01302    0.00000  90.00000   0.00150   474  475  476    122
   476   5.00695   0.03905   0.00000   0.01302    0.00000  90.00000   0.00150   475  476  477    122
   477   5.00695   0.05207   0.00000   0.01302    0.00000  90.00000   0.00150   476  477  478    122
   478   5.00695   0.06509   0.00000   0.01302    0.00000  90.00000   0.00150   477  478  479    122
   479   5.00695   0.07811   0.00000   0.01302    0.00000  90.00000   0.00150   478  479  480    122
   480   5.00695   0.09113   0.00000   0.01302    0.00000  90.00000   0.00150   479  480  481    122
   481   5.00695   0.10414   0.00000   0.01302    0.00000  90.00000   0.00150   480  481  482    122
   482   5.00695   0.11716   0.00000   0.01302    0.00000  90.00000   0.00150   481  482  483    122
   483   5.00695   0.13018   0.00000   0.01302    0.00000  90.00000   0.00150   482  483    0    122
   484   5.28454  -0.12986   0.00000   0.01299    0.00000  90.00000   0.00150     0  484  485    123
   485   5.28454  -0.11688   0.00000   0.01299    0.00000  90.00000   0.00150   484  485  486    123
   486   5.28454  -0.10389   0.00000   0.01299    0.00000  90.00000   0.00150   485  486  487    123
   487   5.28454  -0.09090   0.00000   0.01299    0.00000  90.00000   0.00150   486  487  488    123
   488   5.28454  -0.07792   0.00000   0.01299    0.00000  90.00000   0.00150   487  488  489    123
   489   5.28454  -0.06493   0.00000   0.01299    0.00000  90.00000   0.00150   488  489  490    123
   490   5.28454  -0.05195   0.00000   0.01299    0.00000  90.00000   0.00150   489  490  491    123
   491   5.28454  -0.03896   0.00000   0.01299    0.00000  90.00000   0.00150   490  491  492    123
   492   5.28454  -0.02597   0.00000   0.01299    0.00000  90.00000   0.00150   491  492  493    123
   493   5.28454  -0.01299   0.00000   0.01299    0.00000  90.00000   0.00150   492  493  494    123
   494   5.28454   0.00000   0.00000   0.01299    0.00000  90.00000   0.00150   493  494  495    123
   495   5.28454   0.01299   0.00000   0.01299    0.00000  90.00000   0.00150   494  495  496    123
   496   5.28454   0.02597   0.00000   0.01299    0.00000  90.00000   0.00150   495  496  497    123
   497   5.28454   0.03896   0.00000   0.01299    0.00000  90.00000   0.00150   496  497  498    123
   498   5.28454   0.05195   0.00000   0.01299    0.00000  90.00000   0.00150   497  498  499    123
   499   5.28454   0.06493   0.00000   0.01299    0.00000  90.00000   0.00150   498  499  500    123
   500   5.28454   0.07792   0.00000   0.01299    0.00000  90.00000   0.00150   499  500  501    123
   501   5.28454   0.09090   0.00000   0.01299    0.00000  90.00000   0.00150   500  501  502    123
   502   5.28454   0.10389   0.00000   0.01299    0.00000  90.00000   0.00150   501  502  503    123
   503   5.28454   0.11688   0.00000   0.01299    0.00000  90.00000   0.00150   502  503  504    123
   504   5.28454   0.12986   0.00000   0.01299    0.00000  90.00000   0.00150   503  504    0    123
   505   5.56212  -0.12956   0.00000   0.01296    0.00000  90.00000   0.00150     0  505  506    124
   506   5.56212  -0.11661   0.00000   0.01296    0.00000  90.00000   0.00150   505  506  507    124
   507   5.56212  -0.10365   0.00000   0.01296    0.00000  90.00000   0.00150   506  507  508    124
   508   5.56212  -0.09069   0.00000   0.01296    0.00000  90.00000   0.00150   507  508  509    124
   509   5.56212  -0.07774   0.00000   0.01296    0.00000  90.00000   0.00150   508  509  510    124
   510   5.56212  -0.06478   0.00000   0.01296    0.00000  90.00000   0.00150   509  510  511    124
   511   5.56212  -0.05182   0.00000   0.01296    0.00000  90.00000   0.00150   510  511  512    124
   512   5.56212  -0.03887   0.00000   0.01296    0.00000  90.00000   0.00150   511  512  513    124
   513   5.56212  -0.02591   0.00000   0.01296    0.00000  90.00000   0.00150   512  513  514    124
   514   5.56212  -0.01296   0.00000   0.01296    0.00000  90.00000   0.00150   513  514  515    124
   515   5.56212   0.00000   0.00000   0.01296    0.00000  90.00000   0.00150   514  515  516    124
   516   5.56212   0.01296   0.00000   0.01296    0.00000  90.00000   0.00150   515  516  517    124
   517   5.56212   0.02591   0.00000   0.01296    0.00000  90.00000   0.00150   516  517  518    124
   518   5.56212   0.03887   0.00000   0.01296    0.00000  90.00000   0.00150   517  518  519    124
   519   5.56212   0.05182   0.00000   0.01296    0.00000  90.00000   0.00150   518  519  520    124
   520   5.56212   0.06478   0.00000   0.01296    0.00000  90.00000   0.00150   519  520  521    124
   521   5.56212   0.07774   0.00000   0.01296    0.00000  90.00000   0.00150   520  521  522    124
   522   5.56212   0.09069   0.00000   0.01296    0.00000  90.00000   0.00150   521  522  523    124
   523   5.56212   0.10365   0.00000   0.01296    0.00000  90.00000   0.00150   522  523  524    124
   524   5.56212   0.11661   0.00000   0.01296    0.00000  90.00000   0.00150   523  524  525    124
   525   5.56212   0.12956   0.00000   0.01296    0.00000  90.00000   0.00150   524  525    0    124
   526   5.83971  -0.12927   0.00000   0.01293    0.00000  90.00000   0.00150     0  526  527    125
   527   5.83971  -0.11635   0.00000   0.01293    0.00000  90.00000   0.00150   526  527  528    125
   528   5.83971  -0.10342   0.00000   0.01293    0.00000  90.00000   0.00150   527  528  529    125
   529   5.83971  -0.09049   0.00000   0.01293    0.00000  90.00000   0.00150   528  529  530    125
   530   5.83971  -0.07756   0.00000   0.01293    0.00000  90.00000   0.00150   529  530  531    125
   531   5.83971  -0.06464   0.00000   0.01293    0.00000  90.00000   0.00150   530  531  532    125
   532   5.83971  -0.05171   0.00000   0.01293    0.00000  90.00000   0.00150   531  532  533    125
   533   5.83971  -0.03878   0.00000   0.01293    0.00000  90.00000   0.00150   532  533  534    125
   534   5.83971  -0.02585   0.00000   0.01293    0.00000  90.00000   0.00150   533  534  535    125
   535   5.83971  -0.01293   0.00000   0.01293    0.00000  90.00000   0.00150   534  535  536    125
   536   5.83971   0.00000   0.00000   0.01293    0.00000  90.00000   0.00150   535  536  537    125
   537   5.83971   0.01293   0.00000   0.01293    0.00000  90.00000   0.00150   536  537  538    125
   538   5.83971   0.02585   0.00000   0.01293    0.00000  90.00000   0.00150   537  538  539    125
   539   5.83971   0.03878   0.00000   0.01293    0.00000  90.00000   0.00150   538  539  540    125
   540   5.83971   0.05171   0.00000   0.01293    0.00000  90.00000   0.00150   539  540  541    125
   541   5.83971   0.06464   0.00000   0.01293    0.00000  90.00000   0.00150   540  541  542    125
   542   5.83971   0.07756   0.00000   0.01293    0.00000  90.00000   0.00150   541  542  543    125
   543   5.83971   0.09049   0.00000   0.01293    0.00000  90.00000   0.00150   542  543  544    125
   544   5.83971   0.10342   0.00000   0.01293    0.00000  90.00000   0.00150   543  544  545    125
   545   5.83971   0.11635   0.00000   0.01293    0.00000  90.00000   0.00150   544  545  546    125
   546   5.83971   0.12927   0.00000   0.01293    0.00000  90.00000   0.00150   545  546    0    125
   547   6.11729  -0.12899   0.00000   0.01290    0.00000  90.00000   0.00150     0  547  548    126
   548   6.11729  -0.11609   0.00000   0.01290    0.00000  90.00000   0.00150   547  548  549    126
   549   6.11729  -0.10320   0.00000   0.01290    0.00000  90.00000   0.00150   548  549  550    126
   550   6.11729  -0.09030   0.00000   0.01290    0.00000  90.00000   0.00150   549  550  551    126
   551   6.11729  -0.07740   0.00000   0.01290    0.00000  90.00000   0.00150   550  551  552    126
   552   6.11729  -0.06450   0.00000   0.01290    0.00000  90.00000   0.00150   551  552  553    126
   553   6.11729  -0.05160   0.00000   0.01290    0.00000  90.00000   0.00150   552  553  554    126
   554   6.11729  -0.03870   0.00000   0.01290    0.00000  90.00000   0.00150   553  554  555    126
   555   6.11729  -0.02580   0.00000   0.01290    0.00000  90.00000   0.00150   554  555  556    126
   556   6.11729  -0.01290   0.00000   0.01290    0.00000  90.00000   0.00150   555  556  557    126
   557   6.11729   0.00000   0.00000   0.01290    0.00000  90.00000   0.00150   556  557  558    126
   558   6.11729   0.01290   0.00000   0.01290    0.00000  90.00000   0.00150   557  558  559    126
   559   6.11729   0.02580   0.00000   0.01290    0.00000  90.00000   0.00150   558  559  560    126
   560   6.11729   0.03870   0.00000   0.01290    0.00000  90.00000   0.00150   559  560  561    126
   561   6.11729   0.05160   0.00000   0.01290    0.00000  90.00000   0.00150   560  561  562    126
   562   6.11729   0.06450   0.00000   0.01290    0.00000  90.00000   0.00150   561  562  563    126
   563   6.11729   0.07740   0.00000   0.01290    0.00000  90.00000   0.00150   562  563  564    126
   564   6.11729   0.09030   0.00000   0.01290    0.00000  90.00000   0.00150   563  564  565    126
   565   6.11729   0.10320   0.00000   0.01290    0.00000  90.00000   0.00150   564  565  566    126
   566   6.11729   0.11609   0.00000   0.01290    0.00000  90.00000   0.00150   565  566  567    126
   567   6.11729   0.12899   0.00000   0.01290    0.00000  90.00000   0.00150   566  567    0    126
   568   6.39488  -0.12873   0.00000   0.01287    0.00000  90.00000   0.00150     0  568  569    127
   569   6.39488  -0.11585   0.00000   0.01287    0.00000  90.00000   0.00150   568  569  570    127
   570   6.39488  -0.10298   0.00000   0.01287    0.00000  90.00000   0.00150   569  570  571    127
   571   6.39488  -0.09011   0.00000   0.01287    0.00000  90.00000   0.00150   570  571  572    127
   572   6.39488  -0.07724   0.00000   0.01287    0.00000  90.00000   0.00150   571  572  573    127
   573   6.39488  -0.06436   0.00000   0.01287    0.00000  90.00000   0.00150   572  573  574    127
   574   6.39488  -0.05149   0.00000   0.01287    0.00000  90.00000   0.00150   573  574  575    127
   575   6.39488  -0.03862   0.00000   0.01287    0.00000  90.00000   0.00150   574  575  576    127
   576   6.39488  -0.02575   0.00000   0.01287    0.00000  90.00000   0.00150   575  576  577    127
   577   6.39488  -0.01287   0.00000   0.01287    0.00000  90.00000   0.00150   576  577  578    127
   578   6.39488   0.00000   0.00000   0.01287    0.00000  90.00000   0.00150   577  578  579    127
   579   6.39488   0.01287   0.00000   0.01287    0.00000  90.00000   0.00150   578  579  580    127
   580   6.39488   0.02575   0.00000   0.01287    0.00000  90.00000   0.00150   579  580  581    127
   581   6.39488   0.03862   0.00000   0.01287    0.00000  90.00000   0.00150   580  581  582    127
   582   6.39488   0.05149   0.00000   0.01287    0.00000  90.00000   0.00150   581  582  583    127
   583   6.39488   0.06436   0.00000   0.01287    0.00000  90.00000   0.00150   582  583  584    127
   584   6.39488   0.07724   0.00000   0.01287    0.00000  90.00000   0.00150   583  584  585    127
   585   6.39488   0.09011   0.00000   0.01287    0.00000  90.00000   0.00150   584  585  586    127
   586   6.39488   0.10298   0.00000   0.01287    0.00000  90.00000   0.00150   585  586  587    127
   587   6.39488   0.11585   0.00000   0.01287    0.00000  90.00000   0.00150   586  587  588    127
   588   6.39488   0.12873   0.00000   0.01287    0.00000  90.00000   0.00150   587  588    0    127
   589   6.67246  -0.12847   0.00000   0.01285    0.00000  90.00000   0.00150     0  589  590    128
   590   6.67246  -0.11562   0.00000   0.01285    0.00000  90.00000   0.00150   589  590  591    128
   591   6.67246  -0.10278   0.00000   0.01285    0.00000  90.00000   0.00150   590  591  592    128
   592   6.67246  -0.08993   0.00000   0.01285    0.00000  90.00000   0.00150   591  592  593    128
   593   6.67246  -0.07708   0.00000   0.01285    0.00000  90.00000   0.00150   592  593  594    128
   594   6.67246  -0.06424   0.00000   0.01285    0.00000  90.00000   0.00150   593  594  595    128
   595   6.67246  -0.05139   0.00000   0.01285    0.00000  90.00000   0.00150   594  595  596    128
   596   6.67246  -0.03854   0.00000   0.01285    0.00000  90.00000   0.00150   595  596  597    128
   597   6.67246  -0.02569   0.00000   0.01285    0.00000  90.00000   0.00150   596  597  598    128
   598   6.67246  -0.01285   0.00000   0.01285    0.00000  90.00000   0.00150   597  598  599    128
   599   6.67246   0.00000   0.00000   0.01285    0.00000  90.00000   0.00150   598  599  600    128
   600   6.67246   0.01285   0.00000   0.01285    0.00000  90.00000   0.00150   599  600  601    128
   601   6.67246   0.02569   0.00000   0.01285    0.00000  90.00000   0.00150   600  601  602    128
   602   6.67246   0.03854   0.00000   0.01285    0.00000  90.00000   0.00150   601  602  603    128
   603   6.67246   0.05139   0.00000   0.01285    0.00000  90.00000   0.00150   602  603  604    128
   604   6.67246   0.06424   0.00000   0.01285    0.00000  90.00000   0.00150   603  604  605    128
   605   6.67246   0.07708   0.00000   0.01285    0.00000  90.00000   0.00150   604  605  606    128
   606   6.67246   0.08993   0.00000   0.01285    0.00000  90.00000   0.00150   605  606  607    128
   607   6.67246   0.10278   0.00000   0.01285    0.00000  90.00000   0.00150   606  607  608    128
   608   6.67246   0.11562   0.00000   0.01285    0.00000  90.00000   0.00150   607  608  609    128
   609   6.67246   0.12847   0.00000   0.01285    0.00000  90.00000   0.00150   608  609    0    128
   610   6.95005  -0.12822   0.00000   0.01282    0.00000  90.00000   0.00150     0  610  611    129
   611   6.95005  -0.11540   0.00000   0.01282    0.00000  90.00000   0.00150   610  611  612    129
   612   6.95005  -0.10258   0.00000   0.01282    0.00000  90.00000   0.00150   611  612  613    129
   613   6.95005  -0.08976   0.00000   0.01282    0.00000  90.00000   0.00150   612  613  614    129
   614   6.95005  -0.07693   0.00000   0.01282    0.00000  90.00000   0.00150   613  614  615    129
   615   6.95005  -0.06411   0.00000   0.01282    0.00000  90.00000   0.00150   614  615  616    129
   616   6.95005  -0.05129   0.00000   0.01282    0.00000  90.00000   0.00150   615  616  617    129
   617   6.95005  -0.03847   0.00000   0.01282    0.00000  90.00000   0.00150   616  617  618    129
   618   6.95005  -0.02564   0.00000   0.01282    0.00000  90.00000   0.00150   617  618  619    129
   619   6.95005  -0.01282   0.00000   0.01282    0.00000  90.00000   0.00150   618  619  620    129
   620   6.95005   0.00000   0.00000   0.01282    0.00000  90.00000   0.00150   619  620  621    129
   621   6.95005   0.01282   0.00000   0.01282    0.00000  90.00000   0.00150   620  621  622    129
   622   6.95005   0.02564   0.00000   0.01282    0.00000  90.00000   0.00150   621  622  623    129
   623   6.95005   0.03847   0.00000   0.01282    0.00000  90.00000   0.00150   622  623  624    129
   624   6.95005   0.05129   0.00000   0.01282    0.00000  90.00000   0.00150   623  624  625    129
   625   6.95005   0.06411   0.00000   0.01282    0.00000  90.00000   0.00150   624  625  626    129
   626   6.95005   0.07693   0.00000   0.01282    0.00000  90.00000   0.00150   625  626  627    129
   627   6.95005   0.08976   0.00000   0.01282    0.00000  90.00000   0.00150   626  627  628    129
   628   6.95005   0.10258   0.00000   0.01282    0.00000  90.00000   0.00150   627  628  629    129
   629   6.95005   0.11540   0.00000   0.01282    0.00000  90.00000   0.00150   628  629  630    129
   630   6.95005   0.12822   0.00000   0.01282    0.00000  90.00000   0.00150   629  630    0    129
   631   7.22764  -0.12799   0.00000   0.01280    0.00000  90.00000   0.00150     0  631  632    130
   632   7.22764  -0.11519   0.00000   0.01280    0.00000  90.00000   0.00150   631  632  633    130
   633   7.22764  -0.10239   0.00000   0.01280    0.00000  90.00000   0.00150   632  633  634    130
   634   7.22764  -0.08959   0.00000   0.01280    0.00000  90.00000   0.00150   633  634  635    130
   635   7.22764  -0.07679   0.00000   0.01280    0.00000  90.00000   0.00150   634  635  636    130
   636   7.22764  -0.06399   0.00000   0.01280    0.00000  90.00000   0.00150   635  636  637    130
   637   7.22764  -0.05119   0.00000   0.01280    0.00000  90.00000   0.00150   636  637  638    130
   638   7.22764  -0.03840   0.00000   0.01280    0.00000  90.00000   0.00150   637  638  639    130
   639   7.22764  -0.02560   0.00000   0.01280    0.00000  90.00000   0.00150   638  639  640    130
   640   7.22764  -0.01280   0.00000   0.01280    0.00000  90.00000   0.00150   639  640  641    130
   641   7.22764   0.00000   0.00000   0.01280    0.00000  90.00000   0.00150   640  641  642    130
   642   7.22764   0.01280   0.00000   0.01280    0.00000  90.00000   0.00150   641  642  643    130
   643   7.22764   0.02560   0.00000   0.01280    0.00000  90.00000   0.00150   642  643  644    130
   644   7.22764   0.03840   0.00000   0.01280    0.00000  90.00000   0.00150   643  644  645    130
   645   7.22764   0.05119   0.00000   0.01280    0.00000  90.00000   0.00150   644  645  646    130
   646   7.22764   0.06399   0.00000   0.01280    0.00000  90.00000   0.00150   645  646  647    130
   647   7.22764   0.07679   0.00000   0.01280    0.00000  90.00000   0.00150   646  647  648    130
   648   7.22764   0.08959   0.00000   0.01280    0.00000  90.00000   0.00150   647  648  649    130
   649   7.22764   0.10239   0.00000   0.01280    0.00000  90.00000   0.00150   648  649  650    130
   650   7.22764   0.11519   0.00000   0.01280    0.00000  90.00000   0.00150   649  650  651    130
   651   7.22764   0.12799   0.00000   0.01280    0.00000  90.00000   0.00150   650  651    0    130
   652   7.50522  -0.12776   0.00000   0.01278    0.00000  90.00000   0.00150     0  652  653    131
   653   7.50522  -0.11498   0.00000   0.01278    0.00000  90.00000   0.00150   652  653  654    131
   654   7.50522  -0.10220   0.00000   0.01278    0.00000  90.00000   0.00150   653  654  655    131
   655   7.50522  -0.08943   0.00000   0.01278    0.00000  90.00000   0.00150   654  655  656    131
   656   7.50522  -0.07665   0.00000   0.01278    0.00000  90.00000   0.00150   655  656  657    131
   657   7.50522  -0.06388   0.00000   0.01278    0.00000  90.00000   0.00150   656  657  658    131
   658   7.50522  -0.05110   0.00000   0.01278    0.00000  90.00000   0.00150   657  658  659    131
   659   7.50522  -0.03833   0.00000   0.01278    0.00000  90.00000   0.00150   658  659  660    131
   660   7.50522  -0.02555   0.00000   0.01278    0.00000  90.00000   0.00150   659  660  661    131
   661   7.50522  -0.01278   0.00000   0.01278    0.00000  90.00000   0.00150   660  661  662    131
   662   7.50522   0.00000   0.00000   0.01278    0.00000  90.00000   0.00150   661  662  663    131
   663   7.50522   0.01278   0.00000   0.01278    0.00000  90.00000   0.00150   662  663  664    131
   664   7.50522   0.02555   0.00000   0.01278    0.00000  90.00000   0.00150   663  664  665    131
   665   7.50522   0.03833   0.00000   0.01278    0.00000  90.00000   0.00150   664  665  666    131
   666   7.50522   0.05110   0.00000   0.01278    0.00000  90.00000   0.00150   665  666  667    131
   667   7.50522   0.06388   0.00000   0.01278    0.00000  90.00000   0.00150   666  667  668    131
   668   7.50522   0.07665   0.00000   0.01278    0.00000  90.00000   0.00150   667  668  669    131
   669   7.50522   0.08943   0.00000   0.01278    0.00000  90.00000   0.00150   668  669  670    131
   670   7.50522   0.10220   0.00000   0.01278    0.00000  90.00000   0.00150   669  670  671    131
   671   7.50522   0.11498   0.00000   0.01278    0.00000  90.00000   0.00150   670  671  672    131
   672   7.50522   0.12776   0.00000   0.01278    0.00000  90.00000   0.00150   671  672    0    131
   673   7.78281  -0.12753   0.00000   0.01275    0.00000  90.00000   0.00150     0  673  674    132
   674   7.78281  -0.11478   0.00000   0.01275    0.00000  90.00000   0.00150   673  674  675    132
   675   7.78281  -0.10203   0.00000   0.01275    0.00000  90.00000   0.00150   674  675  676    132
   676   7.78281  -0.08927   0.00000   0.01275    0.00000  90.00000   0.00150   675  676  677    132
   677   7.78281  -0.07652   0.00000   0.01275    0.00000  90.00000   0.00150   676  677  678    132
   678   7.78281  -0.06377   0.00000   0.01275    0.00000  90.00000   0.00150   677  678  679    132
   679   7.78281  -0.05101   0.00000   0.01275    0.00000  90.00000   0.00150   678  679  680    132
   680   7.78281  -0.03826   0.00000   0.01275    0.00000  90.00000   0.00150   679  680  681    132
   681   7.78281  -0.02551   0.00000   0.01275    0.00000  90.00000   0.00150   680  681  682    132
   682   7.78281  -0.01275   0.00000   0.01275    0.00000  90.00000   0.00150   681  682  683    132
   683   7.78281   0.00000   0.00000   0.01275    0.00000  90.00000   0.00150   682  683  684    132
   684   7.78281   0.01275   0.00000   0.01275    0.00000  90.00000   0.00150   683  684  685    132
   685   7.78281   0.02551   0.00000   0.01275    0.00000  90.00000   0.00150   684  685  686    132
   686   7.78281   0.03826   0.00000   0.01275    0.00000  90.00000   0.00150   685  686  687    132
   687   7.78281   0.05101   0.00000   0.01275    0.00000  90.00000   0.00150   686  687  688    132
   688   7.78281   0.06377   0.00000   0.01275    0.00000  90.00000   0.00150   687  688  689    132
   689   7.78281   0.07652   0.00000   0.01275    0.00000  90.00000   0.00150   688  689  690    132
   690   7.78281   0.08927   0.00000   0.01275    0.00000  90.00000   0.00150   689  690  691    132
   691   7.78281   0.10203   0.00000   0.01275    0.00000  90.00000   0.00150   690  691  692    132
   692   7.78281   0.11478   0.00000   0.01275    0.00000  90.00000   0.00150   691  692  693    132
   693   7.78281   0.12753   0.00000   0.01275    0.00000  90.00000   0.00150   692  693    0    132
   694   8.06039  -0.12732   0.00000   0.01273    0.00000  90.00000   0.00150     0  694  695    133
   695   8.06039  -0.11458   0.00000   0.01273    0.00000  90.00000   0.00150   694  695  696    133
   696   8.06039  -0.10185   0.00000   0.01273    0.00000  90.00000   0.00150   695  696  697    133
   697   8.06039  -0.08912   0.00000   0.01273    0.00000  90.00000   0.00150   696  697  698    133
   698   8.06039  -0.07639   0.00000   0.01273    0.00000  90.00000   0.00150   697  698  699    133
   699   8.06039  -0.06366   0.00000   0.01273    0.00000  90.00000   0.00150   698  699  700    133
   700   8.06039  -0.05093   0.00000   0.01273    0.00000  90.00000   0.00150   699  700  701    133
   701   8.06039  -0.03819   0.00000   0.01273    0.00000  90.00000   0.00150   700  701  702    133
   702   8.06039  -0.02546   0.00000   0.01273    0.00000  90.00000   0.00150   701  702  703    133
   703   8.06039  -0.01273   0.00000   0.01273    0.00000  90.00000   0.00150   702  703  704    133
   704   8.06039   0.00000   0.00000   0.01273    0.00000  90.00000   0.00150   703  704  705    133
   705   8.06039   0.01273   0.00000   0.01273    0.00000  90.00000   0.00150   704  705  706    133
   706   8.06039   0.02546   0.00000   0.01273    0.00000  90.00000   0.00150   705  706  707    133
   707   8.06039   0.03819   0.00000   0.01273    0.00000  90.00000   0.00150   706  707  708    133
   708   8.06039   0.05093   0.00000   0.01273    0.00000  90.00000   0.00150   707  708  709    133
   709   8.06039   0.06366   0.00000   0.01273    0.00000  90.00000   0.00150   708  709  710    133
   710   8.06039   0.07639   0.00000   0.01273    0.00000  90.00000   0.00150   709  710  711    133
   711   8.06039   0.08912   0.00000   0.01273    0.00000  90.00000   0.00150   710  711  712    133
   712   8.06039   0.10185   0.00000   0.01273    0.00000  90.00000   0.00150   711  712  713    133
   713   8.06039   0.11458   0.00000   0.01273    0.00000  90.00000   0.00150   712  713  714    133
   714   8.06039   0.12732   0.00000   0.01273    0.00000  90.00000   0.00150   713  714    0    133
   715   8.33798  -0.12711   0.00000   0.01271    0.00000  90.00000   0.00150     0  715  716    134
   716   8.33798  -0.11440   0.00000   0.01271    0.00000  90.00000   0.00150   715  716  717    134
   717   8.33798  -0.10169   0.00000   0.01271    0.00000  90.00000   0.00150   716  717  718    134
   718   8.33798  -0.08897   0.00000   0.01271    0.00000  90.00000   0.00150   717  718  719    134
   719   8.33798  -0.07626   0.00000   0.01271    0.00000  90.00000   0.00150   718  719  720    134
   720   8.33798  -0.06355   0.00000   0.01271    0.00000  90.00000   0.00150   719  720  721    134
   721   8.33798  -0.05084   0.00000   0.01271    0.00000  90.00000   0.00150   720  721  722    134
   722   8.33798  -0.03813   0.00000   0.01271    0.00000  90.00000   0.00150   721  722  723    134
   723   8.33798  -0.02542   0.00000   0.01271    0.00000  90.00000   0.00150   722  723  724    134
   724   8.33798  -0.01271   0.00000   0.01271    0.00000  90.00000   0.00150   723  724  725    134
   725   8.33798   0.00000   0.00000   0.01271    0.00000  90.00000   0.00150   724  725  726    134
   726   8.33798   0.01271   0.00000   0.01271    0.00000  90.00000   0.00150   725  726  727    134
   727   8.33798   0.02542   0.00000   0.01271    0.00000  90.00000   0.00150   726  727  728    134
   728   8.33798   0.03813   0.00000   0.01271    0.00000  90.00000   0.00150   727  728  729    134
   729   8.33798   0.05084   0.00000   0.01271    0.00000  90.00000   0.00150   728  729  730    134
   730   8.33798   0.06355   0.00000   0.01271    0.00000  90.00000   0.00150   729  730  731    134
   731   8.33798   0.07626   0.00000   0.01271    0.00000  90.00000   0.00150   730  731  732    134
   732   8.33798   0.08897   0.00000   0.01271    0.00000  90.00000   0.00150   731  732  733    134
   733   8.33798   0.10169   0.00000   0.01271    0.00000  90.00000   0.00150   732  733  734    134
   734   8.33798   0.11440   0.00000   0.01271    0.00000  90.00000   0.00150   733  734  735    134
   735   8.33798   0.12711   0.00000   0.01271    0.00000  90.00000   0.00150   734  735    0    134
   736   8.61556  -0.12690   0.00000   0.01269    0.00000  90.00000   0.00150     0  736  737    135
   737   8.61556  -0.11421   0.00000   0.01269    0.00000  90.00000   0.00150   736  737  738    135
   738   8.61556  -0.10152   0.00000   0.01269    0.00000  90.00000   0.00150   737  738  739    135
   739   8.61556  -0.08883   0.00000   0.01269    0.00000  90.00000   0.00150   738  739  740    135
   740   8.61556  -0.07614   0.00000   0.01269    0.00000  90.00000   0.00150   739  740  741    135
   741   8.61556  -0.06345   0.00000   0.01269    0.00000  90.00000   0.00150   740  741  742    135
   742   8.61556  -0.05076   0.00000   0.01269    0.00000  90.00000   0.00150   741  742  743    135
   743   8.61556  -0.03807   0.00000   0.01269    0.00000  90.00000   0.00150   742  743  744    135
   744   8.61556  -0.02538   0.00000   0.01269    0.00000  90.00000   0.00150   743  744  745    135
   745   8.61556  -0.01269   0.00000   0.01269    0.00000  90.00000   0.00150   744  745  746    135
   746   8.61556   0.00000   0.00000   0.01269    0.00000  90.00000   0.00150   745  746  747    135
   747   8.61556   0.01269   0.00000   0.01269    0.00000  90.00000   0.00150   746  747  748    135
   748   8.61556   0.02538   0.00000   0.01269    0.00000  90.00000   0.00150   747  748  749    135
   749   8.61556   0.03807   0.00000   0.01269    0.00000  90.00000   0.00150   748  749  750    135
   750   8.61556   0.05076   0.00000   0.01269    0.00000  90.00000   0.00150   749  750  751    135
   751   8.61556   0.06345   0.00000   0.01269    0.00000  90.00000   0.00150   750  751  752    135
   752   8.61556   0.07614   0.00000   0.01269    0.00000  90.00000   0.00150   751  752  753    135
   753   8.61556   0.08883   0.00000   0.01269    0.00000  90.00000   0.00150   752  753  754    135
   754   8.61556   0.10152   0.00000   0.01269    0.00000  90.00000   0.00150   753  754  755    135
   755   8.61556   0.11421   0.00000   0.01269    0.00000  90.00000   0.00150   754  755  756    135
   756   8.61556   0.12690   0.00000   0.01269    0.00000  90.00000   0.00150   755  756    0    135
   757   8.89315  -0.12671   0.00000   0.01267    0.00000  90.00000   0.00150     0  757  758    136
   758   8.89315  -0.11404   0.00000   0.01267    0.00000  90.00000   0.00150   757  758  759    136
   759   8.89315  -0.10137   0.00000   0.01267    0.00000  90.00000   0.00150   758  759  760    136
   760   8.89315  -0.08869   0.00000   0.01267    0.00000  90.00000   0.00150   759  760  761    136
   761   8.89315  -0.07602   0.00000   0.01267    0.00000  90.00000   0.00150   760  761  762    136
   762   8.89315  -0.06335   0.00000   0.01267    0.00000  90.00000   0.00150   761  762  763    136
   763   8.89315  -0.05068   0.00000   0.01267    0.00000  90.00000   0.00150   762  763  764    136
   764   8.89315  -0.03801   0.00000   0.01267    0.00000  90.00000   0.00150   763  764  765    136
   765   8.89315  -0.02534   0.00000   0.01267    0.00000  90.00000   0.00150   764  765  766    136
   766   8.89315  -0.01267   0.00000   0.01267    0.00000  90.00000   0.00150   765  766  767    136
   767   8.89315   0.00000   0.00000   0.01267    0.00000  90.00000   0.00150   766  767  768    136
   768   8.89315   0.01267   0.00000   0.01267    0.00000  90.00000   0.00150   767  768  769    136
   769   8.89315   0.02534   0.00000   0.01267    0.00000  90.00000   0.00150   768  769  770    136
   770   8.89315   0.03801   0.00000   0.01267    0.00000  90.00000   0.00150   769  770  771    136
   771   8.89315   0.05068   0.00000   0.01267    0.00000  90.00000   0.00150   770  771  772    136
   772   8.89315   0.06335   0.00000   0.01267    0.00000  90.00000   0.00150   771  772  773    136
   773   8.89315   0.07602   0.00000   0.01267    0.00000  90.00000   0.00150   772  773  774    136
   774   8.89315   0.08869   0.00000   0.01267    0.00000  90.00000   0.00150   773  774  775    136
   775   8.89315   0.10137   0.00000   0.01267    0.00000  90.00000   0.00150   774  775  776    136
   776   8.89315   0.11404   0.00000   0.01267    0.00000  90.00000   0.00150   775  776  777    136
   777   8.89315   0.12671   0.00000   0.01267    0.00000  90.00000   0.00150   776  777    0    136
   778   9.17074  -0.12652   0.00000   0.01265    0.00000  90.00000   0.00150     0  778  779    137
   779   9.17074  -0.11386   0.00000   0.01265    0.00000  90.00000   0.00150   778  779  780    137
   780   9.17074  -0.10121   0.00000   0.01265    0.00000  90.00000   0.00150   779  780  781    137
   781   9.17074  -0.08856   0.00000   0.01265    0.00000  90.00000   0.00150   780  781  782    137
   782   9.17074  -0.07591   0.00000   0.01265    0.00000  90.00000   0.00150   781  782  783    137
   783   9.17074  -0.06326   0.00000   0.01265    0.00000  90.00000   0.00150   782  783  784    137
   784   9.17074  -0.05061   0.00000   0.01265    0.00000  90.00000   0.00150   783  784  785    137
   785   9.17074  -0.03795   0.00000   0.01265    0.00000  90.00000   0.00150   784  785  786    137
   786   9.17074  -0.02530   0.00000   0.01265    0.00000  90.00000   0.00150   785  786  787    137
   787   9.17074  -0.01265   0.00000   0.01265    0.00000  90.00000   0.00150   786  787  788    137
   788   9.17074   0.00000   0.00000   0.01265    0.00000  90.00000   0.00150   787  788  789    137
   789   9.17074   0.01265   0.00000   0.01265    0.00000  90.00000   0.00150   788  789  790    137
   790   9.17074   0.02530   0.00000   0.01265    0.00000  90.00000   0.00150   789  790  791    137
   791   9.17074   0.03795   0.00000   0.01265    0.00000  90.00000   0.00150   790  791  792    137
   792   9.17074   0.05061   0.00000   0.01265    0.00000  90.00000   0.00150   791  792  793    137
   793   9.17074   0.06326   0.00000   0.01265    0.00000  90.00000   0.00150   792  793  794    137
   794   9.17074   0.07591   0.00000   0.01265    0.00000  90.00000   0.00150   793  794  795    137
   795   9.17074   0.08856   0.00000   0.01265    0.00000  90.00000   0.00150   794  795  796    137
   796   9.17074   0.10121   0.00000   0.01265    0.00000  90.00000   0.00150   795  796  797    137
   797   9.17074   0.11386   0.00000   0.01265    0.00000  90.00000   0.00150   796  797  798    137
   798   9.17074   0.12652   0.00000   0.01265    0.00000  90.00000   0.00150   797  798    0    137
   799   9.44832  -0.12633   0.00000   0.01263    0.00000  90.00000   0.00150     0  799  800    138
   800   9.44832  -0.11370   0.00000   0.01263    0.00000  90.00000   0.00150   799  800  801    138
   801   9.44832  -0.10106   0.00000   0.01263    0.00000  90.00000   0.00150   800  801  802    138
   802   9.44832  -0.08843   0.00000   0.01263    0.00000  90.00000   0.00150   801  802  803    138
   803   9.44832  -0.07580   0.00000   0.01263    0.00000  90.00000   0.00150   802  803  804    138
   804   9.44832  -0.06316   0.00000   0.01263    0.00000  90.00000   0.00150   803  804  805    138
   805   9.44832  -0.05053   0.00000   0.01263    0.00000  90.00000   0.00150   804  805  806    138
   806   9.44832  -0.03790   0.00000   0.01263    0.00000  90.00000   0.00150   805  806  807    138
   807   9.44832  -0.02527   0.00000   0.01263    0.00000  90.00000   0.00150   806  807  808    138
   808   9.44832  -0.01263   0.00000   0.01263    0.00000  90.00000   0.00150   807  808  809    138
   809   9.44832   0.00000   0.00000   0.01263    0.00000  90.00000   0.00150   808  809  810    138
   810   9.44832   0.01263   0.00000   0.01263    0.00000  90.00000   0.00150   809  810  811    138
   811   9.44832   0.02527   0.00000   0.01263    0.00000  90.00000   0.00150   810  811  812    138
   812   9.44832   0.03790   0.00000   0.01263    0.00000  90.00000   0.00150   811  812  813    138
   813   9.44832   0.05053   0.00000   0.01263    0.00000  90.00000   0.00150   812  813  814    138
   814   9.44832   0.06316   0.00000   0.01263    0.00000  90.00000   0.00150   813  814  815    138
   815   9.44832   0.07580   0.00000   0.01263    0.00000  90.00000   0.00150   814  815  816    138
   816   9.44832   0.08843   0.00000   0.01263    0.00000  90.00000   0.00150   815  816  817    138
   817   9.44832   0.10106   0.00000   0.01263    0.00000  90.00000   0.00150   816  817  818    138
   818   9.44832   0.11370   0.00000   0.01263    0.00000  90.00000   0.00150   817  818  819    138
   819   9.44832   0.12633   0.00000   0.01263    0.00000  90.00000   0.00150   818  819    0    138
   820   9.72591  -0.12615   0.00000   0.01261    0.00000  90.00000   0.00150     0  820  821    139
   821   9.72591  -0.11353   0.00000   0.01261    0.00000  90.00000   0.00150   820  821  822    139
   822   9.72591  -0.10092   0.00000   0.01261    0.00000  90.00000   0.00150   821  822  823    139
   823   9.72591  -0.08830   0.00000   0.01261    0.00000  90.00000   0.00150   822  823  824    139
   824   9.72591  -0.07569   0.00000   0.01261    0.00000  90.00000   0.00150   823  824  825    139
   825   9.72591  -0.06307   0.00000   0.01261    0.00000  90.00000   0.00150   824  825  826    139
   826   9.72591  -0.05046   0.00000   0.01261    0.00000  90.00000   0.00150   825  826  827    139
   827   9.72591  -0.03784   0.00000   0.01261    0.00000  90.00000   0.00150   826  827  828    139
   828   9.72591  -0.02523   0.00000   0.01261    0.00000  90.00000   0.00150   827  828  829    139
   829   9.72591  -0.01261   0.00000   0.01261    0.00000  90.00000   0.00150   828  829  830    139
   830   9.72591   0.00000   0.00000   0.01261    0.00000  90.00000   0.00150   829  830  831    139
   831   9.72591   0.01261   0.00000   0.01261    0.00000  90.00000   0.00150   830  831  832    139
   832   9.72591   0.02523   0.00000   0.01261    0.00000  90.00000   0.00150   831  832  833    139
   833   9.72591   0.03784   0.00000   0.01261    0.00000  90.00000   0.00150   832  833  834    139
   834   9.72591   0.05046   0.00000   0.01261    0.00000  90.00000   0.00150   833  834  835    139
   835   9.72591   0.06307   0.00000   0.01261    0.00000  90.00000   0.00150   834  835  836    139
   836   9.72591   0.07569   0.00000   0.01261    0.00000  90.00000   0.00150   835  836  837    139
   837   9.72591   0.08830   0.00000   0.01261    0.00000  90.00000   0.00150   836  837  838    139
   838   9.72591   0.10092   0.00000   0.01261    0.00000  90.00000   0.00150   837  838  839    139
   839   9.72591   0.11353   0.00000   0.01261    0.00000  90.00000   0.00150   838  839  840    139
   840   9.72591   0.12615   0.00000   0.01261    0.00000  90.00000   0.00150   839  840    0    139
   841  10.00349  -0.12597   0.00000   0.01260    0.00000  90.00000   0.00150     0  841  842    140
   842  10.00349  -0.11337   0.00000   0.01260    0.00000  90.00000   0.00150   841  842  843    140
   843  10.00349  -0.10078   0.00000   0.01260    0.00000  90.00000   0.00150   842  843  844    140
   844  10.00349  -0.08818   0.00000   0.01260    0.00000  90.00000   0.00150   843  844  845    140
   845  10.00349  -0.07558   0.00000   0.01260    0.00000  90.00000   0.00150   844  845  846    140
   846  10.00349  -0.06299   0.00000   0.01260    0.00000  90.00000   0.00150   845  846  847    140
   847  10.00349  -0.05039   0.00000   0.01260    0.00000  90.00000   0.00150   846  847  848    140
   848  10.00349  -0.03779   0.00000   0.01260    0.00000  90.00000   0.00150   847  848  849    140
   849  10.00349  -0.02519   0.00000   0.01260    0.00000  90.00000   0.00150   848  849  850    140
   850  10.00349  -0.01260   0.00000   0.01260    0.00000  90.00000   0.00150   849  850  851    140
   851  10.00349   0.00000   0.00000   0.01260    0.00000  90.00000   0.00150   850  851  852    140
   852  10.00349   0.01260   0.00000   0.01260    0.00000  90.00000   0.00150   851  852  853    140
   853  10.00349   0.02519   0.00000   0.01260    0.00000  90.00000   0.00150   852  853  854    140
   854  10.00349   0.03779   0.00000   0.01260    0.00000  90.00000   0.00150   853  854  855    140
   855  10.00349   0.05039   0.00000   0.01260    0.00000  90.00000   0.00150   854  855  856    140
   856  10.00349   0.06299   0.00000   0.01260    0.00000  90.00000   0.00150   855  856  857    140
   857  10.00349   0.07558   0.00000   0.01260    0.00000  90.00000   0.00150   856  857  858    140
   858  10.00349   0.08818   0.00000   0.01260    0.00000  90.00000   0.00150   857  858  859    140
   859  10.00349   0.10078   0.00000   0.01260    0.00000  90.00000   0.00150   858  859  860    140
   860  10.00349   0.11337   0.00000   0.01260    0.00000  90.00000   0.00150   859  860  861    140
   861  10.00349   0.12597   0.00000   0.01260    0.00000  90.00000   0.00150   860  861    0    140
   862  10.28108  -0.12580   0.00000   0.01258    0.00000  90.00000   0.00150     0  862  863    141
   863  10.28108  -0.11322   0.00000   0.01258    0.00000  90.00000   0.00150   862  863  864    141
   864  10.28108  -0.10064   0.00000   0.01258    0.00000  90.00000   0.00150   863  864  865    141
   865  10.28108  -0.08806   0.00000   0.01258    0.00000  90.00000   0.00150   864  865  866    141
   866  10.28108  -0.07548   0.00000   0.01258    0.00000  90.00000   0.00150   865  866  867    141
   867  10.28108  -0.06290   0.00000   0.01258    0.00000  90.00000   0.00150   866  867  868    141
   868  10.28108  -0.05032   0.00000   0.01258    0.00000  90.00000   0.00150   867  868  869    141
   869  10.28108  -0.03774   0.00000   0.01258    0.00000  90.00000   0.00150   868  869  870    141
   870  10.28108  -0.02516   0.00000   0.01258    0.00000  90.00000   0.00150   869  870  871    141
   871  10.28108  -0.01258   0.00000   0.01258    0.00000  90.00000   0.00150   870  871  872    141
   872  10.28108   0.00000   0.00000   0.01258    0.00000  90.00000   0.00150   871  872  873    141
   873  10.28108   0.01258   0.00000   0.01258    0.00000  90.00000   0.00150   872  873  874    141
   874  10.28108   0.02516   0.00000   0.01258    0.00000  90.00000   0.00150   873  874  875    141
   875  10.28108   0.03774   0.00000   0.01258    0.00000  90.00000   0.00150   874  875  876    141
   876  10.28108   0.05032   0.00000   0.01258    0.00000  90.00000   0.00150   875  876  877    141
   877  10.28108   0.06290   0.00000   0.01258    0.00000  90.00000   0.00150   876  877  878    141
   878  10.28108   0.07548   0.00000   0.01258    0.00000  90.00000   0.00150   877  878  879    141
   879  10.28108   0.08806   0.00000   0.01258    0.00000  90.00000   0.00150   878  879  880    141
   880  10.28108   0.10064   0.00000   0.01258    0.00000  90.00000   0.00150   879  880  881    141
   881  10.28108   0.11322   0.00000   0.01258    0.00000  90.00000   0.00150   880  881  882    141
   882  10.28108   0.12580   0.00000   0.01258    0.00000  90.00000   0.00150   881  882    0    141
   883  10.55866  -0.12563   0.00000   0.01256    0.00000  90.00000   0.00150     0  883  884    142
   884  10.55866  -0.11307   0.00000   0.01256    0.00000  90.00000   0.00150   883  884  885    142
   885  10.55866  -0.10051   0.00000   0.01256    0.00000  90.00000   0.00150   884  885  886    142
   886  10.55866  -0.08794   0.00000   0.01256    0.00000  90.00000   0.00150   885  886  887    142
   887  10.55866  -0.07538   0.00000   0.01256    0.00000  90.00000   0.00150   886  887  888    142
   888  10.55866  -0.06282   0.00000   0.01256    0.00000  90.00000   0.00150   887  888  889    142
   889  10.55866  -0.05025   0.00000   0.01256    0.00000  90.00000   0.00150   888  889  890    142
   890  10.55866  -0.03769   0.00000   0.01256    0.00000  90.00000   0.00150   889  890  891    142
   891  10.55866  -0.02513   0.00000   0.01256    0.00000  90.00000   0.00150   890  891  892    142
   892  10.55866  -0.01256   0.00000   0.01256    0.00000  90.00000   0.00150   891  892  893    142
   893  10.55866   0.00000   0.00000   0.01256    0.00000  90.00000   0.00150   892  893  894    142
   894  10.55866   0.01256   0.00000   0.01256    0.00000  90.00000   0.00150   893  894  895    142
   895  10.55866   0.02513   0.00000   0.01256    0.00000  90.00000   0.00150   894  895  896    142
   896  10.55866   0.03769   0.00000   0.01256    0.00000  90.00000   0.00150   895  896  897    142
   897  10.55866   0.05025   0.00000   0.01256    0.00000  90.00000   0.00150   896  897  898    142
   898  10.55866   0.06282   0.00000   0.01256    0.00000  90.00000   0.00150   897  898  899    142
   899  10.55866   0.07538   0.00000   0.01256    0.00000  90.00000   0.00150   898  899  900    142
   900  10.55866   0.08794   0.00000   0.01256    0.00000  90.00000   0.00150   899  900  901    142
   901  10.55866   0.10051   0.00000   0.01256    0.00000  90.00000   0.00150   900  901  902    142
   902  10.55866   0.11307   0.00000   0.01256    0.00000  90.00000   0.00150   901  902  903    142
   903  10.55866   0.12563   0.00000   0.01256    0.00000  90.00000   0.00150   902  903    0    142
   904  10.83625  -0.12547   0.00000   0.01255    0.00000  90.00000   0.00150     0  904  905    143
   905  10.83625  -0.11292   0.00000   0.01255    0.00000  90.00000   0.00150   904  905  906    143
   906  10.83625  -0.10037   0.00000   0.01255    0.00000  90.00000   0.00150   905  906  907    143
   907  10.83625  -0.08783   0.00000   0.01255    0.00000  90.00000   0.00150   906  907  908    143
   908  10.83625  -0.07528   0.00000   0.01255    0.00000  90.00000   0.00150   907  908  909    143
   909  10.83625  -0.06273   0.00000   0.01255    0.00000  90.00000   0.00150   908  909  910    143
   910  10.83625  -0.05019   0.00000   0.01255    0.00000  90.00000   0.00150   909  910  911    143
   911  10.83625  -0.03764   0.00000   0.01255    0.00000  90.00000   0.00150   910  911  912    143
   912  10.83625  -0.02509   0.00000   0.01255    0.00000  90.00000   0.00150   911  912  913    143
   913  10.83625  -0.01255   0.00000   0.01255    0.00000  90.00000   0.00150   912  913  914    143
   914  10.83625   0.00000   0.00000   0.01255    0.00000  90.00000   0.00150   913  914  915    143
   915  10.83625   0.01255   0.00000   0.01255    0.00000  90.00000   0.00150   914  915  916    143
   916  10.83625   0.02509   0.00000   0.01255    0.00000  90.00000   0.00150   915  916  917    143
   917  10.83625   0.03764   0.00000   0.01255    0.00000  90.00000   0.00150   916  917  918    143
   918  10.83625   0.05019   0.00000   0.01255    0.00000  90.00000   0.00150   917  918  919    143
   919  10.83625   0.06273   0.00000   0.01255    0.00000  90.00000   0.00150   918  919  920    143
   920  10.83625   0.07528   0.00000   0.01255    0.00000  90.00000   0.00150   919  920  921    143
   921  10.83625   0.08783   0.00000   0.01255    0.00000  90.00000   0.00150   920  921  922    143
   922  10.83625   0.10037   0.00000   0.01255    0.00000  90.00000   0.00150   921  922  923    143
   923  10.83625   0.11292   0.00000   0.01255    0.00000  90.00000   0.00150   922  923  924    143
   924  10.83625   0.12547   0.00000   0.01255    0.00000  90.00000   0.00150   923  924    0    143
   925  11.11383  -0.12531   0.00000   0.01253    0.00000  90.00000   0.00150     0  925  926    144
   926  11.11383  -0.11278   0.00000   0.01253    0.00000  90.00000   0.00150   925  926  927    144
   927  11.11383  -0.10025   0.00000   0.01253    0.00000  90.00000   0.00150   926  927  928    144
   928  11.11383  -0.08772   0.00000   0.01253    0.00000  90.00000   0.00150   927  928  929    144
   929  11.11383  -0.07518   0.00000   0.01253    0.00000  90.00000   0.00150   928  929  930    144
   930  11.11383  -0.06265   0.00000   0.01253    0.00000  90.00000   0.00150   929  930  931    144
   931  11.11383  -0.05012   0.00000   0.01253    0.00000  90.00000   0.00150   930  931  932    144
   932  11.11383  -0.03759   0.00000   0.01253    0.00000  90.00000   0.00150   931  932  933    144
   933  11.11383  -0.02506   0.00000   0.01253    0.00000  90.00000   0.00150   932  933  934    144
   934  11.11383  -0.01253   0.00000   0.01253    0.00000  90.00000   0.00150   933  934  935    144
   935  11.11383   0.00000   0.00000   0.01253    0.00000  90.00000   0.00150   934  935  936    144
   936  11.11383   0.01253   0.00000   0.01253    0.00000  90.00000   0.00150   935  936  937    144
   937  11.11383   0.02506   0.00000   0.01253    0.00000  90.00000   0.00150   936  937  938    144
   938  11.11383   0.03759   0.00000   0.01253    0.00000  90.00000   0.00150   937  938  939    144
   939  11.11383   0.05012   0.00000   0.01253    0.00000  90.00000   0.00150   938  939  940    144
   940  11.11383   0.06265   0.00000   0.01253    0.00000  90.00000   0.00150   939  940  941    144
   941  11.11383   0.07518   0.00000   0.01253    0.00000  90.00000   0.00150   940  941  942    144
   942  11.11383   0.08772   0.00000   0.01253    0.00000  90.00000   0.00150   941  942  943    144
   943  11.11383   0.10025   0.00000   0.01253    0.00000  90.00000   0.00150   942  943  944    144
   944  11.11383   0.11278   0.00000   0.01253    0.00000  90.00000   0.00150   943  944  945    144
   945  11.11383   0.12531   0.00000   0.01253    0.00000  90.00000   0.00150   944  945    0    144
   946  11.39142  -0.12515   0.00000   0.01252    0.00000  90.00000   0.00150     0  946  947    145
   947  11.39142  -0.11264   0.00000   0.01252    0.00000  90.00000   0.00150   946  947  948    145
   948  11.39142  -0.10012   0.00000   0.01252    0.00000  90.00000   0.00150   947  948  949    145
   949  11.39142  -0.08761   0.00000   0.01252    0.00000  90.00000   0.00150   948  949  950    145
   950  11.39142  -0.07509   0.00000   0.01252    0.00000  90.00000   0.00150   949  950  951    145
   951  11.39142  -0.06258   0.00000   0.01252    0.00000  90.00000   0.00150   950  951  952    145
   952  11.39142  -0.05006   0.00000   0.01252    0.00000  90.00000   0.00150   951  952  953    145
   953  11.39142  -0.03755   0.00000   0.01252    0.00000  90.00000   0.00150   952  953  954    145
   954  11.39142  -0.02503   0.00000   0.01252    0.00000  90.00000   0.00150   953  954  955    145
   955  11.39142  -0.01252   0.00000   0.01252    0.00000  90.00000   0.00150   954  955  956    145
   956  11.39142   0.00000   0.00000   0.01252    0.00000  90.00000   0.00150   955  956  957    145
   957  11.39142   0.01252   0.00000   0.01252    0.00000  90.00000   0.00150   956  957  958    145
   958  11.39142   0.02503   0.00000   0.01252    0.00000  90.00000   0.00150   957  958  959    145
   959  11.39142   0.03755   0.00000   0.01252    0.00000  90.00000   0.00150   958  959  960    145
   960  11.39142   0.05006   0.00000   0.01252    0.00000  90.00000   0.00150   959  960  961    145
   961  11.39142   0.06258   0.00000   0.01252    0.00000  90.00000   0.00150   960  961  962    145
   962  11.39142   0.07509   0.00000   0.01252    0.00000  90.00000   0.00150   961  962  963    145
   963  11.39142   0.08761   0.00000   0.01252    0.00000  90.00000   0.00150   962  963  964    145
   964  11.39142   0.10012   0.00000   0.01252    0.00000  90.00000   0.00150   963  964  965    145
   965  11.39142   0.11264   0.00000   0.01252    0.00000  90.00000   0.00150   964  965  966    145
   966  11.39142   0.12515   0.00000   0.01252    0.00000  90.00000   0.00150   965  966    0    145
   967  11.66901  -0.12500   0.00000   0.01250    0.00000  90.00000   0.00150     0  967  968    146
   968  11.66901  -0.11250   0.00000   0.01250    0.00000  90.00000   0.00150   967  968  969    146
   969  11.66901  -0.10000   0.00000   0.01250    0.00000  90.00000   0.00150   968  969  970    146
   970  11.66901  -0.08750   0.00000   0.01250    0.00000  90.00000   0.00150   969  970  971    146
   971  11.66901  -0.07500   0.00000   0.01250    0.00000  90.00000   0.00150   970  971  972    146
   972  11.66901  -0.06250   0.00000   0.01250    0.00000  90.00000   0.00150   971  972  973    146
   973  11.66901  -0.05000   0.00000   0.01250    0.00000  90.00000   0.00150   972  973  974    146
   974  11.66901  -0.03750   0.00000   0.01250    0.00000  90.00000   0.00150   973  974  975    146
   975  11.66901  -0.02500   0.00000   0.01250    0.00000  90.00000   0.00150   974  975  976    146
   976  11.66901  -0.01250   0.00000   0.01250    0.00000  90.00000   0.00150   975  976  977    146
   977  11.66901   0.00000   0.00000   0.01250    0.00000  90.00000   0.00150   976  977  978    146
   978  11.66901   0.01250   0.00000   0.01250    0.00000  90.00000   0.00150   977  978  979    146
   979  11.66901   0.02500   0.00000   0.01250    0.00000  90.00000   0.00150   978  979  980    146
   980  11.66901   0.03750   0.00000   0.01250    0.00000  90.00000   0.00150   979  980  981    146
   981  11.66901   0.05000   0.00000   0.01250    0.00000  90.00000   0.00150   980  981  982    146
   982  11.66901   0.06250   0.00000   0.01250    0.00000  90.00000   0.00150   981  982  983    146
   983  11.66901   0.07500   0.00000   0.01250    0.00000  90.00000   0.00150   982  983  984    146
   984  11.66901   0.08750   0.00000   0.01250    0.00000  90.00000   0.00150   983  984  985    146
   985  11.66901   0.10000   0.00000   0.01250    0.00000  90.00000   0.00150   984  985  986    146
   986  11.66901   0.11250   0.00000   0.01250    0.00000  90.00000   0.00150   985  986  987    146
   987  11.66901   0.12500   0.00000   0.01250    0.00000  90.00000   0.00150   986  987    0    146
   988  11.94659  -0.12485   0.00000   0.01248    0.00000  90.00000   0.00150     0  988  989    147
   989  11.94659  -0.11236   0.00000   0.01248    0.00000  90.00000   0.00150   988  989  990    147
   990  11.94659  -0.09988   0.00000   0.01248    0.00000  90.00000   0.00150   989  990  991    147
   991  11.94659  -0.08739   0.00000   0.01248    0.00000  90.00000   0.00150   990  991  992    147
   992  11.94659  -0.07491   0.00000   0.01248    0.00000  90.00000   0.00150   991  992  993    147
   993  11.94659  -0.06242   0.00000   0.01248    0.00000  90.00000   0.00150   992  993  994    147
   994  11.94659  -0.04994   0.00000   0.01248    0.00000  90.00000   0.00150   993  994  995    147
   995  11.94659  -0.03745   0.00000   0.01248    0.00000  90.00000   0.00150   994  995  996    147
   996  11.94659  -0.02497   0.00000   0.01248    0.00000  90.00000   0.00150   995  996  997    147
   997  11.94659  -0.01248   0.00000   0.01248    0.00000  90.00000   0.00150   996  997  998    147
   998  11.94659   0.00000   0.00000   0.01248    0.00000  90.00000   0.00150   997  998  999    147
   999  11.94659   0.01248   0.00000   0.01248    0.00000  90.00000   0.00150   998  999 1000    147
  1000  11.94659   0.02497   0.00000   0.01248    0.00000  90.00000   0.00150   999 1000 1001    147
  1001  11.94659   0.03745   0.00000   0.01248    0.00000  90.00000   0.00150  1000 1001 1002    147
  1002  11.94659   0.04994   0.00000   0.01248    0.00000  90.00000   0.00150  1001 1002 1003    147
  1003  11.94659   0.06242   0.00000   0.01248    0.00000  90.00000   0.00150  1002 1003 1004    147
  1004  11.94659   0.07491   0.00000   0.01248    0.00000  90.00000   0.00150  1003 1004 1005    147
  1005  11.94659   0.08739   0.00000   0.01248    0.00000  90.00000   0.00150  1004 1005 1006    147
  1006  11.94659   0.09988   0.00000   0.01248    0.00000  90.00000   0.00150  1005 1006 1007    147
  1007  11.94659   0.11236   0.00000   0.01248    0.00000  90.00000   0.00150  1006 1007 1008    147
  1008  11.94659   0.12485   0.00000   0.01248    0.00000  90.00000   0.00150  1007 1008    0    147
  1009  12.22418  -0.12470   0.00000   0.01247    0.00000  90.00000   0.00150     0 1009 1010    148
  1010  12.22418  -0.11223   0.00000   0.01247    0.00000  90.00000   0.00150  1009 1010 1011    148
  1011  12.22418  -0.09976   0.00000   0.01247    0.00000  90.00000   0.00150  1010 1011 1012    148
  1012  12.22418  -0.08729   0.00000   0.01247    0.00000  90.00000   0.00150  1011 1012 1013    148
  1013  12.22418  -0.07482   0.00000   0.01247    0.00000  90.00000   0.00150  1012 1013 1014    148
  1014  12.22418  -0.06235   0.00000   0.01247    0.00000  90.00000   0.00150  1013 1014 1015    148
  1015  12.22418  -0.04988   0.00000   0.01247    0.00000  90.00000   0.00150  1014 1015 1016    148
  1016  12.22418  -0.03741   0.00000   0.01247    0.00000  90.00000   0.00150  1015 1016 1017    148
  1017  12.22418  -0.02494   0.00000   0.01247    0.00000  90.00000   0.00150  1016 1017 1018    148
  1018  12.22418  -0.01247   0.00000   0.01247    0.00000  90.00000   0.00150  1017 1018 1019    148
  1019  12.22418   0.00000   0.00000   0.01247    0.00000  90.00000   0.00150  1018 1019 1020    148
  1020  12.22418   0.01247   0.00000   0.01247    0.00000  90.00000   0.00150  1019 1020 1021    148
  1021  12.22418   0.02494   0.00000   0.01247    0.00000  90.00000   0.00150  1020 1021 1022    148
  1022  12.22418   0.03741   0.00000   0.01247    0.00000  90.00000   0.00150  1021 1022 1023    148
  1023  12.22418   0.04988   0.00000   0.01247    0.00000  90.00000   0.00150  1022 1023 1024    148
  1024  12.22418   0.06235   0.00000   0.01247    0.00000  90.00000   0.00150  1023 1024 1025    148
  1025  12.22418   0.07482   0.00000   0.01247    0.00000  90.00000   0.00150  1024 1025 1026    148
  1026  12.22418   0.08729   0.00000   0.01247    0.00000  90.00000   0.00150  1025 1026 1027    148
  1027  12.22418   0.09976   0.00000   0.01247    0.00000  90.00000   0.00150  1026 1027 1028    148
  1028  12.22418   0.11223   0.00000   0.01247    0.00000  90.00000   0.00150  1027 1028 1029    148
  1029  12.22418   0.12470   0.00000   0.01247    0.00000  90.00000   0.00150  1028 1029    0    148
  1030  12.50176  -0.12456   0.00000   0.01246    0.00000  90.00000   0.00150     0 1030 1031    149
  1031  12.50176  -0.11210   0.00000   0.01246    0.00000  90.00000   0.00150  1030 1031 1032    149
  1032  12.50176  -0.09965   0.00000   0.01246    0.00000  90.00000   0.00150  1031 1032 1033    149
  1033  12.50176  -0.08719   0.00000   0.01246    0.00000  90.00000   0.00150  1032 1033 1034    149
  1034  12.50176  -0.07474   0.00000   0.01246    0.00000  90.00000   0.00150  1033 1034 1035    149
  1035  12.50176  -0.06228   0.00000   0.01246    0.00000  90.00000   0.00150  1034 1035 1036    149
  1036  12.50176  -0.04982   0.00000   0.01246    0.00000  90.00000   0.00150  1035 1036 1037    149
  1037  12.50176  -0.03737   0.00000   0.01246    0.00000  90.00000   0.00150  1036 1037 1038    149
  1038  12.50176  -0.02491   0.00000   0.01246    0.00000  90.00000   0.00150  1037 1038 1039    149
  1039  12.50176  -0.01246   0.00000   0.01246    0.00000  90.00000   0.00150  1038 1039 1040    149
  1040  12.50176   0.00000   0.00000   0.01246    0.00000  90.00000   0.00150  1039 1040 1041    149
  1041  12.50176   0.01246   0.00000   0.01246    0.00000  90.00000   0.00150  1040 1041 1042    149
  1042  12.50176   0.02491   0.00000   0.01246    0.00000  90.00000   0.00150  1041 1042 1043    149
  1043  12.50176   0.03737   0.00000   0.01246    0.00000  90.00000   0.00150  1042 1043 1044    149
  1044  12.50176   0.04982   0.00000   0.01246    0.00000  90.00000   0.00150  1043 1044 1045    149
  1045  12.50176   0.06228   0.00000   0.01246    0.00000  90.00000   0.00150  1044 1045 1046    149
  1046  12.50176   0.07474   0.00000   0.01246    0.00000  90.00000   0.00150  1045 1046 1047    149
  1047  12.50176   0.08719   0.00000   0.01246    0.00000  90.00000   0.00150  1046 1047 1048    149
  1048  12.50176   0.09965   0.00000   0.01246    0.00000  90.00000   0.00150  1047 1048 1049    149
  1049  12.50176   0.11210   0.00000   0.01246    0.00000  90.00000   0.00150  1048 1049 1050    149
  1050  12.50176   0.12456   0.00000   0.01246    0.00000  90.00000   0.00150  1049 1050    0    149
  1051  12.77935  -0.12442   0.00000   0.01244    0.00000  90.00000   0.00150     0 1051 1052    150
  1052  12.77935  -0.11198   0.00000   0.01244    0.00000  90.00000   0.00150  1051 1052 1053    150
  1053  12.77935  -0.09954   0.00000   0.01244    0.00000  90.00000   0.00150  1052 1053 1054    150
  1054  12.77935  -0.08709   0.00000   0.01244    0.00000  90.00000   0.00150  1053 1054 1055    150
  1055  12.77935  -0.07465   0.00000   0.01244    0.00000  90.00000   0.00150  1054 1055 1056    150
  1056  12.77935  -0.06221   0.00000   0.01244    0.00000  90.00000   0.00150  1055 1056 1057    150
  1057  12.77935  -0.04977   0.00000   0.01244    0.00000  90.00000   0.00150  1056 1057 1058    150
  1058  12.77935  -0.03733   0.00000   0.01244    0.00000  90.00000   0.00150  1057 1058 1059    150
  1059  12.77935  -0.02488   0.00000   0.01244    0.00000  90.00000   0.00150  1058 1059 1060    150
  1060  12.77935  -0.01244   0.00000   0.01244    0.00000  90.00000   0.00150  1059 1060 1061    150
  1061  12.77935   0.00000   0.00000   0.01244    0.00000  90.00000   0.00150  1060 1061 1062    150
  1062  12.77935   0.01244   0.00000   0.01244    0.00000  90.00000   0.00150  1061 1062 1063    150
  1063  12.77935   0.02488   0.00000   0.01244    0.00000  90.00000   0.00150  1062 1063 1064    150
  1064  12.77935   0.03733   0.00000   0.01244    0.00000  90.00000   0.00150  1063 1064 1065    150
  1065  12.77935   0.04977   0.00000   0.01244    0.00000  90.00000   0.00150  1064 1065 1066    150
  1066  12.77935   0.06221   0.00000   0.01244    0.00000  90.00000   0.00150  1065 1066 1067    150
  1067  12.77935   0.07465   0.00000   0.01244    0.00000  90.00000   0.00150  1066 1067 1068    150
  1068  12.77935   0.08709   0.00000   0.01244    0.00000  90.00000   0.00150  1067 1068 1069    150
  1069  12.77935   0.09954   0.00000   0.01244    0.00000  90.00000   0.00150  1068 1069 1070    150
  1070  12.77935   0.11198   0.00000   0.01244    0.00000  90.00000   0.00150  1069 1070 1071    150
  1071  12.77935   0.12442   0.00000   0.01244    0.00000  90.00000   0.00150  1070 1071    0    150
  1072  13.05693  -0.12428   0.00000   0.01243    0.00000  90.00000   0.00150     0 1072 1073    151
  1073  13.05693  -0.11185   0.00000   0.01243    0.00000  90.00000   0.00150  1072 1073 1074    151
  1074  13.05693  -0.09943   0.00000   0.01243    0.00000  90.00000   0.00150  1073 1074 1075    151
  1075  13.05693  -0.08700   0.00000   0.01243    0.00000  90.00000   0.00150  1074 1075 1076    151
  1076  13.05693  -0.07457   0.00000   0.01243    0.00000  90.00000   0.00150  1075 1076 1077    151
  1077  13.05693  -0.06214   0.00000   0.01243    0.00000  90.00000   0.00150  1076 1077 1078    151
  1078  13.05693  -0.04971   0.00000   0.01243    0.00000  90.00000   0.00150  1077 1078 1079    151
  1079  13.05693  -0.03728   0.00000   0.01243    0.00000  90.00000   0.00150  1078 1079 1080    151
  1080  13.05693  -0.02486   0.00000   0.01243    0.00000  90.00000   0.00150  1079 1080 1081    151
  1081  13.05693  -0.01243   0.00000   0.01243    0.00000  90.00000   0.00150  1080 1081 1082    151
  1082  13.05693   0.00000   0.00000   0.01243    0.00000  90.00000   0.00150  1081 1082 1083    151
  1083  13.05693   0.01243   0.00000   0.01243    0.00000  90.00000   0.00150  1082 1083 1084    151
  1084  13.05693   0.02486   0.00000   0.01243    0.00000  90.00000   0.00150  1083 1084 1085    151
  1085  13.05693   0.03728   0.00000   0.01243    0.00000  90.00000   0.00150  1084 1085 1086    151
  1086  13.05693   0.04971   0.00000   0.01243    0.00000  90.00000   0.00150  1085 1086 1087    151
  1087  13.05693   0.06214   0.00000   0.01243    0.00000  90.00000   0.00150  1086 1087 1088    151
  1088  13.05693   0.07457   0.00000   0.01243    0.00000  90.00000   0.00150  1087 1088 1089    151
  1089  13.05693   0.08700   0.00000   0.01243    0.00000  90.00000   0.00150  1088 1089 1090    151
  1090  13.05693   0.09943   0.00000   0.01243    0.00000  90.00000   0.00150  1089 1090 1091    151
  1091  13.05693   0.11185   0.00000   0.01243    0.00000  90.00000   0.00150  1090 1091 1092    151
  1092  13.05693   0.12428   0.00000   0.01243    0.00000  90.00000   0.00150  1091 1092    0    151
  1093  13.33452  -0.12415   0.00000   0.01241    0.00000  90.00000   0.00150     0 1093 1094    152
  1094  13.33452  -0.11173   0.00000   0.01241    0.00000  90.00000   0.00150  1093 1094 1095    152
  1095  13.33452  -0.09932   0.00000   0.01241    0.00000  90.00000   0.00150  1094 1095 1096    152
  1096  13.33452  -0.08690   0.00000   0.01241    0.00000  90.00000   0.00150  1095 1096 1097    152
  1097  13.33452  -0.07449   0.00000   0.01241    0.00000  90.00000   0.00150  1096 1097 1098    152
  1098  13.33452  -0.06207   0.00000   0.01241    0.00000  90.00000   0.00150  1097 1098 1099    152
  1099  13.33452  -0.04966   0.00000   0.01241    0.00000  90.00000   0.00150  1098 1099 1100    152
  1100  13.33452  -0.03724   0.00000   0.01241    0.00000  90.00000   0.00150  1099 1100 1101    152
  1101  13.33452  -0.02483   0.00000   0.01241    0.00000  90.00000   0.00150  1100 1101 1102    152
  1102  13.33452  -0.01241   0.00000   0.01241    0.00000  90.00000   0.00150  1101 1102 1103    152
  1103  13.33452   0.00000   0.00000   0.01241    0.00000  90.00000   0.00150  1102 1103 1104    152
  1104  13.33452   0.01241   0.00000   0.01241    0.00000  90.00000   0.00150  1103 1104 1105    152
  1105  13.33452   0.02483   0.00000   0.01241    0.00000  90.00000   0.00150  1104 1105 1106    152
  1106  13.33452   0.03724   0.00000   0.01241    0.00000  90.00000   0.00150  1105 1106 1107    152
  1107  13.33452   0.04966   0.00000   0.01241    0.00000  90.00000   0.00150  1106 1107 1108    152
  1108  13.33452   0.06207   0.00000   0.01241    0.00000  90.00000   0.00150  1107 1108 1109    152
  1109  13.33452   0.07449   0.00000   0.01241    0.00000  90.00000   0.00150  1108 1109 1110    152
  1110  13.33452   0.08690   0.00000   0.01241    0.00000  90.00000   0.00150  1109 1110 1111    152
  1111  13.33452   0.09932   0.00000   0.01241    0.00000  90.00000   0.00150  1110 1111 1112    152
  1112  13.33452   0.11173   0.00000   0.01241    0.00000  90.00000   0.00150  1111 1112 1113    152
  1113  13.33452   0.12415   0.00000   0.01241    0.00000  90.00000   0.00150  1112 1113    0    152
  1114  13.61210  -0.12402   0.00000   0.01240    0.00000  90.00000   0.00150     0 1114 1115    153
  1115  13.61210  -0.11161   0.00000   0.01240    0.00000  90.00000   0.00150  1114 1115 1116    153
  1116  13.61210  -0.09921   0.00000   0.01240    0.00000  90.00000   0.00150  1115 1116 1117    153
  1117  13.61210  -0.08681   0.00000   0.01240    0.00000  90.00000   0.00150  1116 1117 1118    153
  1118  13.61210  -0.07441   0.00000   0.01240    0.00000  90.00000   0.00150  1117 1118 1119    153
  1119  13.61210  -0.06201   0.00000   0.01240    0.00000  90.00000   0.00150  1118 1119 1120    153
  1120  13.61210  -0.04961   0.00000   0.01240    0.00000  90.00000   0.00150  1119 1120 1121    153
  1121  13.61210  -0.03720   0.00000   0.01240    0.00000  90.00000   0.00150  1120 1121 1122    153
  1122  13.61210  -0.02480   0.00000   0.01240    0.00000  90.00000   0.00150  1121 1122 1123    153
  1123  13.61210  -0.01240   0.00000   0.01240    0.00000  90.00000   0.00150  1122 1123 1124    153
  1124  13.61210   0.00000   0.00000   0.01240    0.00000  90.00000   0.00150  1123 1124 1125    153
  1125  13.61210   0.01240   0.00000   0.01240    0.00000  90.00000   0.00150  1124 1125 1126    153
  1126  13.61210   0.02480   0.00000   0.01240    0.00000  90.00000   0.00150  1125 1126 1127    153
  1127  13.61210   0.03720   0.00000   0.01240    0.00000  90.00000   0.00150  1126 1127 1128    153
  1128  13.61210   0.04961   0.00000   0.01240    0.00000  90.00000   0.00150  1127 1128 1129    153
  1129  13.61210   0.06201   0.00000   0.01240    0.00000  90.00000   0.00150  1128 1129 1130    153
  1130  13.61210   0.07441   0.00000   0.01240    0.00000  90.00000   0.00150  1129 1130 1131    153
  1131  13.61210   0.08681   0.00000   0.01240    0.00000  90.00000   0.00150  1130 1131 1132    153
  1132  13.61210   0.09921   0.00000   0.01240    0.00000  90.00000   0.00150  1131 1132 1133    153
  1133  13.61210   0.11161   0.00000   0.01240    0.00000  90.00000   0.00150  1132 1133 1134    153
  1134  13.61210   0.12402   0.00000   0.01240    0.00000  90.00000   0.00150  1133 1134    0    153
  1135  13.88969  -0.12389   0.00000   0.01239    0.00000  90.00000   0.00150     0 1135 1136    154
  1136  13.88969  -0.11150   0.00000   0.01239    0.00000  90.00000   0.00150  1135 1136 1137    154
  1137  13.88969  -0.09911   0.00000   0.01239    0.00000  90.00000   0.00150  1136 1137 1138    154
  1138  13.88969  -0.08672   0.00000   0.01239    0.00000  90.00000   0.00150  1137 1138 1139    154
  1139  13.88969  -0.07433   0.00000   0.01239    0.00000  90.00000   0.00150  1138 1139 1140    154
  1140  13.88969  -0.06194   0.00000   0.01239    0.00000  90.00000   0.00150  1139 1140 1141    154
  1141  13.88969  -0.04955   0.00000   0.01239    0.00000  90.00000   0.00150  1140 1141 1142    154
  1142  13.88969  -0.03717   0.00000   0.01239    0.00000  90.00000   0.00150  1141 1142 1143    154
  1143  13.88969  -0.02478   0.00000   0.01239    0.00000  90.00000   0.00150  1142 1143 1144    154
  1144  13.88969  -0.01239   0.00000   0.01239    0.00000  90.00000   0.00150  1143 1144 1145    154
  1145  13.88969   0.00000   0.00000   0.01239    0.00000  90.00000   0.00150  1144 1145 1146    154
  1146  13.88969   0.01239   0.00000   0.01239    0.00000  90.00000   0.00150  1145 1146 1147    154
  1147  13.88969   0.02478   0.00000   0.01239    0.00000  90.00000   0.00150  1146 1147 1148    154
  1148  13.88969   0.03717   0.00000   0.01239    0.00000  90.00000   0.00150  1147 1148 1149    154
  1149  13.88969   0.04955   0.00000   0.01239    0.00000  90.00000   0.00150  1148 1149 1150    154
  1150  13.88969   0.06194   0.00000   0.01239    0.00000  90.00000   0.00150  1149 1150 1151    154
  1151  13.88969   0.07433   0.00000   0.01239    0.00000  90.00000   0.00150  1150 1151 1152    154
  1152  13.88969   0.08672   0.00000   0.01239    0.00000  90.00000   0.00150  1151 1152 1153    154
  1153  13.88969   0.09911   0.00000   0.01239    0.00000  90.00000   0.00150  1152 1153 1154    154
  1154  13.88969   0.11150   0.00000   0.01239    0.00000  90.00000   0.00150  1153 1154 1155    154
  1155  13.88969   0.12389   0.00000   0.01239    0.00000  90.00000   0.00150  1154 1155    0    154
  1156  14.16728  -0.12376   0.00000   0.01238    0.00000  90.00000   0.00150     0 1156 1157    155
  1157  14.16728  -0.11138   0.00000   0.01238    0.00000  90.00000   0.00150  1156 1157 1158    155
  1158  14.16728  -0.09901   0.00000   0.01238    0.00000  90.00000   0.00150  1157 1158 1159    155
  1159  14.16728  -0.08663   0.00000   0.01238    0.00000  90.00000   0.00150  1158 1159 1160    155
  1160  14.16728  -0.07426   0.00000   0.01238    0.00000  90.00000   0.00150  1159 1160 1161    155
  1161  14.16728  -0.06188   0.00000   0.01238    0.00000  90.00000   0.00150  1160 1161 1162    155
  1162  14.16728  -0.04950   0.00000   0.01238    0.00000  90.00000   0.00150  1161 1162 1163    155
  1163  14.16728  -0.03713   0.00000   0.01238    0.00000  90.00000   0.00150  1162 1163 1164    155
  1164  14.16728  -0.02475   0.00000   0.01238    0.00000  90.00000   0.00150  1163 1164 1165    155
  1165  14.16728  -0.01238   0.00000   0.01238    0.00000  90.00000   0.00150  1164 1165 1166    155
  1166  14.16728   0.00000   0.00000   0.01238    0.00000  90.00000   0.00150  1165 1166 1167    155
  1167  14.16728   0.01238   0.00000   0.01238    0.00000  90.00000   0.00150  1166 1167 1168    155
  1168  14.16728   0.02475   0.00000   0.01238    0.00000  90.00000   0.00150  1167 1168 1169    155
  1169  14.16728   0.03713   0.00000   0.01238    0.00000  90.00000   0.00150  1168 1169 1170    155
  1170  14.16728   0.04950   0.00000   0.01238    0.00000  90.00000   0.00150  1169 1170 1171    155
  1171  14.16728   0.06188   0.00000   0.01238    0.00000  90.00000   0.00150  1170 1171 1172    155
  1172  14.16728   0.07426   0.00000   0.01238    0.00000  90.00000   0.00150  1171 1172 1173    155
  1173  14.16728   0.08663   0.00000   0.01238    0.00000  90.00000   0.00150  1172 1173 1174    155
  1174  14.16728   0.09901   0.00000   0.01238    0.00000  90.00000   0.00150  1173 1174 1175    155
  1175  14.16728   0.11138   0.00000   0.01238    0.00000  90.00000   0.00150  1174 1175 1176    155
  1176  14.16728   0.12376   0.00000   0.01238    0.00000  90.00000   0.00150  1175 1176    0    155
  1177  14.44486  -0.12363   0.00000   0.01236    0.00000  90.00000   0.00150     0 1177 1178    156
  1178  14.44486  -0.11127   0.00000   0.01236    0.00000  90.00000   0.00150  1177 1178 1179    156
  1179  14.44486  -0.09891   0.00000   0.01236    0.00000  90.00000   0.00150  1178 1179 1180    156
  1180  14.44486  -0.08654   0.00000   0.01236    0.00000  90.00000   0.00150  1179 1180 1181    156
  1181  14.44486  -0.07418   0.00000   0.01236    0.00000  90.00000   0.00150  1180 1181 1182    156
  1182  14.44486  -0.06182   0.00000   0.01236    0.00000  90.00000   0.00150  1181 1182 1183    156
  1183  14.44486  -0.04945   0.00000   0.01236    0.00000  90.00000   0.00150  1182 1183 1184    156
  1184  14.44486  -0.03709   0.00000   0.01236    0.00000  90.00000   0.00150  1183 1184 1185    156
  1185  14.44486  -0.02473   0.00000   0.01236    0.00000  90.00000   0.00150  1184 1185 1186    156
  1186  14.44486  -0.01236   0.00000   0.01236    0.00000  90.00000   0.00150  1185 1186 1187    156
  1187  14.44486   0.00000   0.00000   0.01236    0.00000  90.00000   0.00150  1186 1187 1188    156
  1188  14.44486   0.01236   0.00000   0.01236    0.00000  90.00000   0.00150  1187 1188 1189    156
  1189  14.44486   0.02473   0.00000   0.01236    0.00000  90.00000   0.00150  1188 1189 1190    156
  1190  14.44486   0.03709   0.00000   0.01236    0.00000  90.00000   0.00150  1189 1190 1191    156
  1191  14.44486   0.04945   0.00000   0.01236    0.00000  90.00000   0.00150  1190 1191 1192    156
  1192  14.44486   0.06182   0.00000   0.01236    0.00000  90.00000   0.00150  1191 1192 1193    156
  1193  14.44486   0.07418   0.00000   0.01236    0.00000  90.00000   0.00150  1192 1193 1194    156
  1194  14.44486   0.08654   0.00000   0.01236    0.00000  90.00000   0.00150  1193 1194 1195    156
  1195  14.44486   0.09891   0.00000   0.01236    0.00000  90.00000   0.00150  1194 1195 1196    156
  1196  14.44486   0.11127   0.00000   0.01236    0.00000  90.00000   0.00150  1195 1196 1197    156
  1197  14.44486   0.12363   0.00000   0.01236    0.00000  90.00000   0.00150  1196 1197    0    156
  1198  14.72245  -0.12351   0.00000   0.01235    0.00000  90.00000   0.00150     0 1198 1199    157
  1199  14.72245  -0.11116   0.00000   0.01235    0.00000  90.00000   0.00150  1198 1199 1200    157
  1200  14.72245  -0.09881   0.00000   0.01235    0.00000  90.00000   0.00150  1199 1200 1201    157
  1201  14.72245  -0.08646   0.00000   0.01235    0.00000  90.00000   0.00150  1200 1201 1202    157
  1202  14.72245  -0.07411   0.00000   0.01235    0.00000  90.00000   0.00150  1201 1202 1203    157
  1203  14.72245  -0.06176   0.00000   0.01235    0.00000  90.00000   0.00150  1202 1203 1204    157
  1204  14.72245  -0.04940   0.00000   0.01235    0.00000  90.00000   0.00150  1203 1204 1205    157
  1205  14.72245  -0.03705   0.00000   0.01235    0.00000  90.00000   0.00150  1204 1205 1206    157
  1206  14.72245  -0.02470   0.00000   0.01235    0.00000  90.00000   0.00150  1205 1206 1207    157
  1207  14.72245  -0.01235   0.00000   0.01235    0.00000  90.00000   0.00150  1206 1207 1208    157
  1208  14.72245   0.00000   0.00000   0.01235    0.00000  90.00000   0.00150  1207 1208 1209    157
  1209  14.72245   0.01235   0.00000   0.01235    0.00000  90.00000   0.00150  1208 1209 1210    157
  1210  14.72245   0.02470   0.00000   0.01235    0.00000  90.00000   0.00150  1209 1210 1211    157
  1211  14.72245   0.03705   0.00000   0.01235    0.00000  90.00000   0.00150  1210 1211 1212    157
  1212  14.72245   0.04940   0.00000   0.01235    0.00000  90.00000   0.00150  1211 1212 1213    157
  1213  14.72245   0.06176   0.00000   0.01235    0.00000  90.00000   0.00150  1212 1213 1214    157
  1214  14.72245   0.07411   0.00000   0.01235    0.00000  90.00000   0.00150  1213 1214 1215    157
  1215  14.72245   0.08646   0.00000   0.01235    0.00000  90.00000   0.00150  1214 1215 1216    157
  1216  14.72245   0.09881   0.00000   0.01235    0.00000  90.00000   0.00150  1215 1216 1217    157
  1217  14.72245   0.11116   0.00000   0.01235    0.00000  90.00000   0.00150  1216 1217 1218    157
  1218  14.72245   0.12351   0.00000   0.01235    0.00000  90.00000   0.00150  1217 1218    0    157
  1219  15.00003  -0.12339   0.00000   0.01234    0.00000  90.00000   0.00150     0 1219 1220    158
  1220  15.00003  -0.11105   0.00000   0.01234    0.00000  90.00000   0.00150  1219 1220 1221    158
  1221  15.00003  -0.09871   0.00000   0.01234    0.00000  90.00000   0.00150  1220 1221 1222    158
  1222  15.00003  -0.08637   0.00000   0.01234    0.00000  90.00000   0.00150  1221 1222 1223    158
  1223  15.00003  -0.07403   0.00000   0.01234    0.00000  90.00000   0.00150  1222 1223 1224    158
  1224  15.00003  -0.06170   0.00000   0.01234    0.00000  90.00000   0.00150  1223 1224 1225    158
  1225  15.00003  -0.04936   0.00000   0.01234    0.00000  90.00000   0.00150  1224 1225 1226    158
  1226  15.00003  -0.03702   0.00000   0.01234    0.00000  90.00000   0.00150  1225 1226 1227    158
  1227  15.00003  -0.02468   0.00000   0.01234    0.00000  90.00000   0.00150  1226 1227 1228    158
  1228  15.00003  -0.01234   0.00000   0.01234    0.00000  90.00000   0.00150  1227 1228 1229    158
  1229  15.00003   0.00000   0.00000   0.01234    0.00000  90.00000   0.00150  1228 1229 1230    158
  1230  15.00003   0.01234   0.00000   0.01234    0.00000  90.00000   0.00150  1229 1230 1231    158
  1231  15.00003   0.02468   0.00000   0.01234    0.00000  90.00000   0.00150  1230 1231 1232    158
  1232  15.00003   0.03702   0.00000   0.01234    0.00000  90.00000   0.00150  1231 1232 1233    158
  1233  15.00003   0.04936   0.00000   0.01234    0.00000  90.00000   0.00150  1232 1233 1234    158
  1234  15.00003   0.06170   0.00000   0.01234    0.00000  90.00000   0.00150  1233 1234 1235    158
  1235  15.00003   0.07403   0.00000   0.01234    0.00000  90.00000   0.00150  1234 1235 1236    158
  1236  15.00003   0.08637   0.00000   0.01234    0.00000  90.00000   0.00150  1235 1236 1237    158
  1237  15.00003   0.09871   0.00000   0.01234    0.00000  90.00000   0.00150  1236 1237 1238    158
  1238  15.00003   0.11105   0.00000   0.01234    0.00000  90.00000   0.00150  1237 1238 1239    158
  1239  15.00003   0.12339   0.00000   0.01234    0.00000  90.00000   0.00150  1238 1239    0    158
  1240  15.27762  -0.12327   0.00000   0.01233    0.00000  90.00000   0.00150     0 1240 1241    159
  1241  15.27762  -0.11095   0.00000   0.01233    0.00000  90.00000   0.00150  1240 1241 1242    159
  1242  15.27762  -0.09862   0.00000   0.01233    0.00000  90.00000   0.00150  1241 1242 1243    159
  1243  15.27762  -0.08629   0.00000   0.01233    0.00000  90.00000   0.00150  1242 1243 1244    159
  1244  15.27762  -0.07396   0.00000   0.01233    0.00000  90.00000   0.00150  1243 1244 1245    159
  1245  15.27762  -0.06164   0.00000   0.01233    0.00000  90.00000   0.00150  1244 1245 1246    159
  1246  15.27762  -0.04931   0.00000   0.01233    0.00000  90.00000   0.00150  1245 1246 1247    159
  1247  15.27762  -0.03698   0.00000   0.01233    0.00000  90.00000   0.00150  1246 1247 1248    159
  1248  15.27762  -0.02465   0.00000   0.01233    0.00000  90.00000   0.00150  1247 1248 1249    159
  1249  15.27762  -0.01233   0.00000   0.01233    0.00000  90.00000   0.00150  1248 1249 1250    159
  1250  15.27762   0.00000   0.00000   0.01233    0.00000  90.00000   0.00150  1249 1250 1251    159
  1251  15.27762   0.01233   0.00000   0.01233    0.00000  90.00000   0.00150  1250 1251 1252    159
  1252  15.27762   0.02465   0.00000   0.01233    0.00000  90.00000   0.00150  1251 1252 1253    159
  1253  15.27762   0.03698   0.00000   0.01233    0.00000  90.00000   0.00150  1252 1253 1254    159
  1254  15.27762   0.04931   0.00000   0.01233    0.00000  90.00000   0.00150  1253 1254 1255    159
  1255  15.27762   0.06164   0.00000   0.01233    0.00000  90.00000   0.00150  1254 1255 1256    159
  1256  15.27762   0.07396   0.00000   0.01233    0.00000  90.00000   0.00150  1255 1256 1257    159
  1257  15.27762   0.08629   0.00000   0.01233    0.00000  90.00000   0.00150  1256 1257 1258    159
  1258  15.27762   0.09862   0.00000   0.01233    0.00000  90.00000   0.00150  1257 1258 1259    159
  1259  15.27762   0.11095   0.00000   0.01233    0.00000  90.00000   0.00150  1258 1259 1260    159
  1260  15.27762   0.12327   0.00000   0.01233    0.00000  90.00000   0.00150  1259 1260    0    159
  1261  15.55520  -0.12316   0.00000   0.01232    0.00000  90.00000   0.00150     0 1261 1262    160
  1262  15.55520  -0.11084   0.00000   0.01232    0.00000  90.00000   0.00150  1261 1262 1263    160
  1263  15.55520  -0.09852   0.00000   0.01232    0.00000  90.00000   0.00150  1262 1263 1264    160
  1264  15.55520  -0.08621   0.00000   0.01232    0.00000  90.00000   0.00150  1263 1264 1265    160
  1265  15.55520  -0.07389   0.00000   0.01232    0.00000  90.00000   0.00150  1264 1265 1266    160
  1266  15.55520  -0.06158   0.00000   0.01232    0.00000  90.00000   0.00150  1265 1266 1267    160
  1267  15.55520  -0.04926   0.00000   0.01232    0.00000  90.00000   0.00150  1266 1267 1268    160
  1268  15.55520  -0.03695   0.00000   0.01232    0.00000  90.00000   0.00150  1267 1268 1269    160
  1269  15.55520  -0.02463   0.00000   0.01232    0.00000  90.00000   0.00150  1268 1269 1270    160
  1270  15.55520  -0.01232   0.00000   0.01232    0.00000  90.00000   0.00150  1269 1270 1271    160
  1271  15.55520   0.00000   0.00000   0.01232    0.00000  90.00000   0.00150  1270 1271 1272    160
  1272  15.55520   0.01232   0.00000   0.01232    0.00000  90.00000   0.00150  1271 1272 1273    160
  1273  15.55520   0.02463   0.00000   0.01232    0.00000  90.00000   0.00150  1272 1273 1274    160
  1274  15.55520   0.03695   0.00000   0.01232    0.00000  90.00000   0.00150  1273 1274 1275    160
  1275  15.55520   0.04926   0.00000   0.01232    0.00000  90.00000   0.00150  1274 1275 1276    160
  1276  15.55520   0.06158   0.00000   0.01232    0.00000  90.00000   0.00150  1275 1276 1277    160
  1277  15.55520   0.07389   0.00000   0.01232    0.00000  90.00000   0.00150  1276 1277 1278    160
  1278  15.55520   0.08621   0.00000   0.01232    0.00000  90.00000   0.00150  1277 1278 1279    160
  1279  15.55520   0.09852   0.00000   0.01232    0.00000  90.00000   0.00150  1278 1279 1280    160
  1280  15.55520   0.11084   0.00000   0.01232    0.00000  90.00000   0.00150  1279 1280 1281    160
  1281  15.55520   0.12316   0.00000   0.01232    0.00000  90.00000   0.00150  1280 1281    0    160
  1282  15.83279  -0.12304   0.00000   0.01230    0.00000  90.00000   0.00150     0 1282 1283    161
  1283  15.83279  -0.11074   0.00000   0.01230    0.00000  90.00000   0.00150  1282 1283 1284    161
  1284  15.83279  -0.09843   0.00000   0.01230    0.00000  90.00000   0.00150  1283 1284 1285    161
  1285  15.83279  -0.08613   0.00000   0.01230    0.00000  90.00000   0.00150  1284 1285 1286    161
  1286  15.83279  -0.07383   0.00000   0.01230    0.00000  90.00000   0.00150  1285 1286 1287    161
  1287  15.83279  -0.06152   0.00000   0.01230    0.00000  90.00000   0.00150  1286 1287 1288    161
  1288  15.83279  -0.04922   0.00000   0.01230    0.00000  90.00000   0.00150  1287 1288 1289    161
  1289  15.83279  -0.03691   0.00000   0.01230    0.00000  90.00000   0.00150  1288 1289 1290    161
  1290  15.83279  -0.02461   0.00000   0.01230    0.00000  90.00000   0.00150  1289 1290 1291    161
  1291  15.83279  -0.01230   0.00000   0.01230    0.00000  90.00000   0.00150  1290 1291 1292    161
  1292  15.83279   0.00000   0.00000   0.01230    0.00000  90.00000   0.00150  1291 1292 1293    161
  1293  15.83279   0.01230   0.00000   0.01230    0.00000  90.00000   0.00150  1292 1293 1294    161
  1294  15.83279   0.02461   0.00000   0.01230    0.00000  90.00000   0.00150  1293 1294 1295    161
  1295  15.83279   0.03691   0.00000   0.01230    0.00000  90.00000   0.00150  1294 1295 1296    161
  1296  15.83279   0.04922   0.00000   0.01230    0.00000  90.00000   0.00150  1295 1296 1297    161
  1297  15.83279   0.06152   0.00000   0.01230    0.00000  90.00000   0.00150  1296 1297 1298    161
  1298  15.83279   0.07383   0.00000   0.01230    0.00000  90.00000   0.00150  1297 1298 1299    161
  1299  15.83279   0.08613   0.00000   0.01230    0.00000  90.00000   0.00150  1298 1299 1300    161
  1300  15.83279   0.09843   0.00000   0.01230    0.00000  90.00000   0.00150  1299 1300 1301    161
  1301  15.83279   0.11074   0.00000   0.01230    0.00000  90.00000   0.00150  1300 1301 1302    161
  1302  15.83279   0.12304   0.00000   0.01230    0.00000  90.00000   0.00150  1301 1302    0    161
  1303  16.11038  -0.12293   0.00000   0.01229    0.00000  90.00000   0.00150     0 1303 1304    162
  1304  16.11038  -0.11064   0.00000   0.01229    0.00000  90.00000   0.00150  1303 1304 1305    162
  1305  16.11038  -0.09834   0.00000   0.01229    0.00000  90.00000   0.00150  1304 1305 1306    162
  1306  16.11038  -0.08605   0.00000   0.01229    0.00000  90.00000   0.00150  1305 1306 1307    162
  1307  16.11038  -0.07376   0.00000   0.01229    0.00000  90.00000   0.00150  1306 1307 1308    162
  1308  16.11038  -0.06146   0.00000   0.01229    0.00000  90.00000   0.00150  1307 1308 1309    162
  1309  16.11038  -0.04917   0.00000   0.01229    0.00000  90.00000   0.00150  1308 1309 1310    162
  1310  16.11038  -0.03688   0.00000   0.01229    0.00000  90.00000   0.00150  1309 1310 1311    162
  1311  16.11038  -0.02459   0.00000   0.01229    0.00000  90.00000   0.00150  1310 1311 1312    162
  1312  16.11038  -0.01229   0.00000   0.01229    0.00000  90.00000   0.00150  1311 1312 1313    162
  1313  16.11038   0.00000   0.00000   0.01229    0.00000  90.00000   0.00150  1312 1313 1314    162
  1314  16.11038   0.01229   0.00000   0.01229    0.00000  90.00000   0.00150  1313 1314 1315    162
  1315  16.11038   0.02459   0.00000   0.01229    0.00000  90.00000   0.00150  1314 1315 1316    162
  1316  16.11038   0.03688   0.00000   0.01229    0.00000  90.00000   0.00150  1315 1316 1317    162
  1317  16.11038   0.04917   0.00000   0.01229    0.00000  90.00000   0.00150  1316 1317 1318    162
  1318  16.11038   0.06146   0.00000   0.01229    0.00000  90.00000   0.00150  1317 1318 1319    162
  1319  16.11038   0.07376   0.00000   0.01229    0.00000  90.00000   0.00150  1318 1319 1320    162
  1320  16.11038   0.08605   0.00000   0.01229    0.00000  90.00000   0.00150  1319 1320 1321    162
  1321  16.11038   0.09834   0.00000   0.01229    0.00000  90.00000   0.00150  1320 1321 1322    162
  1322  16.11038   0.11064   0.00000   0.01229    0.00000  90.00000   0.00150  1321 1322 1323    162
  1323  16.11038   0.12293   0.00000   0.01229    0.00000  90.00000   0.00150  1322 1323    0    162
  1324  16.38796  -0.12282   0.00000   0.01228    0.00000  90.00000   0.00150     0 1324 1325    163
  1325  16.38796  -0.11054   0.00000   0.01228    0.00000  90.00000   0.00150  1324 1325 1326    163
  1326  16.38796  -0.09826   0.00000   0.01228    0.00000  90.00000   0.00150  1325 1326 1327    163
  1327  16.38796  -0.08597   0.00000   0.01228    0.00000  90.00000   0.00150  1326 1327 1328    163
  1328  16.38796  -0.07369   0.00000   0.01228    0.00000  90.00000   0.00150  1327 1328 1329    163
  1329  16.38796  -0.06141   0.00000   0.01228    0.00000  90.00000   0.00150  1328 1329 1330    163
  1330  16.38796  -0.04913   0.00000   0.01228    0.00000  90.00000   0.00150  1329 1330 1331    163
  1331  16.38796  -0.03685   0.00000   0.01228    0.00000  90.00000   0.00150  1330 1331 1332    163
  1332  16.38796  -0.02456   0.00000   0.01228    0.00000  90.00000   0.00150  1331 1332 1333    163
  1333  16.38796  -0.01228   0.00000   0.01228    0.00000  90.00000   0.00150  1332 1333 1334    163
  1334  16.38796   0.00000   0.00000   0.01228    0.00000  90.00000   0.00150  1333 1334 1335    163
  1335  16.38796   0.01228   0.00000   0.01228    0.00000  90.00000   0.00150  1334 1335 1336    163
  1336  16.38796   0.02456   0.00000   0.01228    0.00000  90.00000   0.00150  1335 1336 1337    163
  1337  16.38796   0.03685   0.00000   0.01228    0.00000  90.00000   0.00150  1336 1337 1338    163
  1338  16.38796   0.04913   0.00000   0.01228    0.00000  90.00000   0.00150  1337 1338 1339    163
  1339  16.38796   0.06141   0.00000   0.01228    0.00000  90.00000   0.00150  1338 1339 1340    163
  1340  16.38796   0.07369   0.00000   0.01228    0.00000  90.00000   0.00150  1339 1340 1341    163
  1341  16.38796   0.08597   0.00000   0.01228    0.00000  90.00000   0.00150  1340 1341 1342    163
  1342  16.38796   0.09826   0.00000   0.01228    0.00000  90.00000   0.00150  1341 1342 1343    163
  1343  16.38796   0.11054   0.00000   0.01228    0.00000  90.00000   0.00150  1342 1343 1344    163
  1344  16.38796   0.12282   0.00000   0.01228    0.00000  90.00000   0.00150  1343 1344    0    163
  1345  16.66555  -0.12271   0.00000   0.01227    0.00000  90.00000   0.00150     0 1345 1346    164
  1346  16.66555  -0.11044   0.00000   0.01227    0.00000  90.00000   0.00150  1345 1346 1347    164
  1347  16.66555  -0.09817   0.00000   0.01227    0.00000  90.00000   0.00150  1346 1347 1348    164
  1348  16.66555  -0.08590   0.00000   0.01227    0.00000  90.00000   0.00150  1347 1348 1349    164
  1349  16.66555  -0.07363   0.00000   0.01227    0.00000  90.00000   0.00150  1348 1349 1350    164
  1350  16.66555  -0.06136   0.00000   0.01227    0.00000  90.00000   0.00150  1349 1350 1351    164
  1351  16.66555  -0.04908   0.00000   0.01227    0.00000  90.00000   0.00150  1350 1351 1352    164
  1352  16.66555  -0.03681   0.00000   0.01227    0.00000  90.00000   0.00150  1351 1352 1353    164
  1353  16.66555  -0.02454   0.00000   0.01227    0.00000  90.00000   0.00150  1352 1353 1354    164
  1354  16.66555  -0.01227   0.00000   0.01227    0.00000  90.00000   0.00150  1353 1354 1355    164
  1355  16.66555   0.00000   0.00000   0.01227    0.00000  90.00000   0.00150  1354 1355 1356    164
  1356  16.66555   0.01227   0.00000   0.01227    0.00000  90.00000   0.00150  1355 1356 1357    164
  1357  16.66555   0.02454   0.00000   0.01227    0.00000  90.00000   0.00150  1356 1357 1358    164
  1358  16.66555   0.03681   0.00000   0.01227    0.00000  90.00000   0.00150  1357 1358 1359    164
  1359  16.66555   0.04908   0.00000   0.01227    0.00000  90.00000   0.00150  1358 1359 1360    164
  1360  16.66555   0.06136   0.00000   0.01227    0.00000  90.00000   0.00150  1359 1360 1361    164
  1361  16.66555   0.07363   0.00000   0.01227    0.00000  90.00000   0.00150  1360 1361 1362    164
  1362  16.66555   0.08590   0.00000   0.01227    0.00000  90.00000   0.00150  1361 1362 1363    164
  1363  16.66555   0.09817   0.00000   0.01227    0.00000  90.00000   0.00150  1362 1363 1364    164
  1364  16.66555   0.11044   0.00000   0.01227    0.00000  90.00000   0.00150  1363 1364 1365    164
  1365  16.66555   0.12271   0.00000   0.01227    0.00000  90.00000   0.00150  1364 1365    0    164
  1366  16.94313  -0.12260   0.00000   0.01226    0.00000  90.00000   0.00150     0 1366 1367    165
  1367  16.94313  -0.11034   0.00000   0.01226    0.00000  90.00000   0.00150  1366 1367 1368    165
  1368  16.94313  -0.09808   0.00000   0.01226    0.00000  90.00000   0.00150  1367 1368 1369    165
  1369  16.94313  -0.08582   0.00000   0.01226    0.00000  90.00000   0.00150  1368 1369 1370    165
  1370  16.94313  -0.07356   0.00000   0.01226    0.00000  90.00000   0.00150  1369 1370 1371    165
  1371  16.94313  -0.06130   0.00000   0.01226    0.00000  90.00000   0.00150  1370 1371 1372    165
  1372  16.94313  -0.04904   0.00000   0.01226    0.00000  90.00000   0.00150  1371 1372 1373    165
  1373  16.94313  -0.03678   0.00000   0.01226    0.00000  90.00000   0.00150  1372 1373 1374    165
  1374  16.94313  -0.02452   0.00000   0.01226    0.00000  90.00000   0.00150  1373 1374 1375    165
  1375  16.94313  -0.01226   0.00000   0.01226    0.00000  90.00000   0.00150  1374 1375 1376    165
  1376  16.94313   0.00000   0.00000   0.01226    0.00000  90.00000   0.00150  1375 1376 1377    165
  1377  16.94313   0.01226   0.00000   0.01226    0.00000  90.00000   0.00150  1376 1377 1378    165
  1378  16.94313   0.02452   0.00000   0.01226    0.00000  90.00000   0.00150  1377 1378 1379    165
  1379  16.94313   0.03678   0.00000   0.01226    0.00000  90.00000   0.00150  1378 1379 1380    165
  1380  16.94313   0.04904   0.00000   0.01226    0.00000  90.00000   0.00150  1379 1380 1381    165
  1381  16.94313   0.06130   0.00000   0.01226    0.00000  90.00000   0.00150  1380 1381 1382    165
  1382  16.94313   0.07356   0.00000   0.01226    0.00000  90.00000   0.00150  1381 1382 1383    165
  1383  16.94313   0.08582   0.00000   0.01226    0.00000  90.00000   0.00150  1382 1383 1384    165
  1384  16.94313   0.09808   0.00000   0.01226    0.00000  90.00000   0.00150  1383 1384 1385    165
  1385  16.94313   0.11034   0.00000   0.01226    0.00000  90.00000   0.00150  1384 1385 1386    165
  1386  16.94313   0.12260   0.00000   0.01226    0.00000  90.00000   0.00150  1385 1386    0    165
  1387  17.22072  -0.12250   0.00000   0.01225    0.00000  90.00000   0.00150     0 1387 1388    166
  1388  17.22072  -0.11025   0.00000   0.01225    0.00000  90.00000   0.00150  1387 1388 1389    166
  1389  17.22072  -0.09800   0.00000   0.01225    0.00000  90.00000   0.00150  1388 1389 1390    166
  1390  17.22072  -0.08575   0.00000   0.01225    0.00000  90.00000   0.00150  1389 1390 1391    166
  1391  17.22072  -0.07350   0.00000   0.01225    0.00000  90.00000   0.00150  1390 1391 1392    166
  1392  17.22072  -0.06125   0.00000   0.01225    0.00000  90.00000   0.00150  1391 1392 1393    166
  1393  17.22072  -0.04900   0.00000   0.01225    0.00000  90.00000   0.00150  1392 1393 1394    166
  1394  17.22072  -0.03675   0.00000   0.01225    0.00000  90.00000   0.00150  1393 1394 1395    166
  1395  17.22072  -0.02450   0.00000   0.01225    0.00000  90.00000   0.00150  1394 1395 1396    166
  1396  17.22072  -0.01225   0.00000   0.01225    0.00000  90.00000   0.00150  1395 1396 1397    166
  1397  17.22072   0.00000   0.00000   0.01225    0.00000  90.00000   0.00150  1396 1397 1398    166
  1398  17.22072   0.01225   0.00000   0.01225    0.00000  90.00000   0.00150  1397 1398 1399    166
  1399  17.22072   0.02450   0.00000   0.01225    0.00000  90.00000   0.00150  1398 1399 1400    166
  1400  17.22072   0.03675   0.00000   0.01225    0.00000  90.00000   0.00150  1399 1400 1401    166
  1401  17.22072   0.04900   0.00000   0.01225    0.00000  90.00000   0.00150  1400 1401 1402    166
  1402  17.22072   0.06125   0.00000   0.01225    0.00000  90.00000   0.00150  1401 1402 1403    166
  1403  17.22072   0.07350   0.00000   0.01225    0.00000  90.00000   0.00150  1402 1403 1404    166
  1404  17.22072   0.08575   0.00000   0.01225    0.00000  90.00000   0.00150  1403 1404 1405    166
  1405  17.22072   0.09800   0.00000   0.01225    0.00000  90.00000   0.00150  1404 1405 1406    166
  1406  17.22072   0.11025   0.00000   0.01225    0.00000  90.00000   0.00150  1405 1406 1407    166
  1407  17.22072   0.12250   0.00000   0.01225    0.00000  90.00000   0.00150  1406 1407    0    166
  1408  17.49830  -0.12239   0.00000   0.01224    0.00000  90.00000   0.00150     0 1408 1409    167
  1409  17.49830  -0.11015   0.00000   0.01224    0.00000  90.00000   0.00150  1408 1409 1410    167
  1410  17.49830  -0.09792   0.00000   0.01224    0.00000  90.00000   0.00150  1409 1410 1411    167
  1411  17.49830  -0.08568   0.00000   0.01224    0.00000  90.00000   0.00150  1410 1411 1412    167
  1412  17.49830  -0.07344   0.00000   0.01224    0.00000  90.00000   0.00150  1411 1412 1413    167
  1413  17.49830  -0.06120   0.00000   0.01224    0.00000  90.00000   0.00150  1412 1413 1414    167
  1414  17.49830  -0.04896   0.00000   0.01224    0.00000  90.00000   0.00150  1413 1414 1415    167
  1415  17.49830  -0.03672   0.00000   0.01224    0.00000  90.00000   0.00150  1414 1415 1416    167
  1416  17.49830  -0.02448   0.00000   0.01224    0.00000  90.00000   0.00150  1415 1416 1417    167
  1417  17.49830  -0.01224   0.00000   0.01224    0.00000  90.00000   0.00150  1416 1417 1418    167
  1418  17.49830   0.00000   0.00000   0.01224    0.00000  90.00000   0.00150  1417 1418 1419    167
  1419  17.49830   0.01224   0.00000   0.01224    0.00000  90.00000   0.00150  1418 1419 1420    167
  1420  17.49830   0.02448   0.00000   0.01224    0.00000  90.00000   0.00150  1419 1420 1421    167
  1421  17.49830   0.03672   0.00000   0.01224    0.00000  90.00000   0.00150  1420 1421 1422    167
  1422  17.49830   0.04896   0.00000   0.01224    0.00000  90.00000   0.00150  1421 1422 1423    167
  1423  17.49830   0.06120   0.00000   0.01224    0.00000  90.00000   0.00150  1422 1423 1424    167
  1424  17.49830   0.07344   0.00000   0.01224    0.00000  90.00000   0.00150  1423 1424 1425    167
  1425  17.49830   0.08568   0.00000   0.01224    0.00000  90.00000   0.00150  1424 1425 1426    167
  1426  17.49830   0.09792   0.00000   0.01224    0.00000  90.00000   0.00150  1425 1426 1427    167
  1427  17.49830   0.11015   0.00000   0.01224    0.00000  90.00000   0.00150  1426 1427 1428    167
  1428  17.49830   0.12239   0.00000   0.01224    0.00000  90.00000   0.00150  1427 1428    0    167
  1429  17.77589  -0.12229   0.00000   0.01223    0.00000  90.00000   0.00150     0 1429 1430    168
  1430  17.77589  -0.11006   0.00000   0.01223    0.00000  90.00000   0.00150  1429 1430 1431    168
  1431  17.77589  -0.09783   0.00000   0.01223    0.00000  90.00000   0.00150  1430 1431 1432    168
  1432  17.77589  -0.08560   0.00000   0.01223    0.00000  90.00000   0.00150  1431 1432 1433    168
  1433  17.77589  -0.07338   0.00000   0.01223    0.00000  90.00000   0.00150  1432 1433 1434    168
  1434  17.77589  -0.06115   0.00000   0.01223    0.00000  90.00000   0.00150  1433 1434 1435    168
  1435  17.77589  -0.04892   0.00000   0.01223    0.00000  90.00000   0.00150  1434 1435 1436    168
  1436  17.77589  -0.03669   0.00000   0.01223    0.00000  90.00000   0.00150  1435 1436 1437    168
  1437  17.77589  -0.02446   0.00000   0.01223    0.00000  90.00000   0.00150  1436 1437 1438    168
  1438  17.77589  -0.01223   0.00000   0.01223    0.00000  90.00000   0.00150  1437 1438 1439    168
  1439  17.77589   0.00000   0.00000   0.01223    0.00000  90.00000   0.00150  1438 1439 1440    168
  1440  17.77589   0.01223   0.00000   0.01223    0.00000  90.00000   0.00150  1439 1440 1441    168
  1441  17.77589   0.02446   0.00000   0.01223    0.00000  90.00000   0.00150  1440 1441 1442    168
  1442  17.77589   0.03669   0.00000   0.01223    0.00000  90.00000   0.00150  1441 1442 1443    168
  1443  17.77589   0.04892   0.00000   0.01223    0.00000  90.00000   0.00150  1442 1443 1444    168
  1444  17.77589   0.06115   0.00000   0.01223    0.00000  90.00000   0.00150  1443 1444 1445    168
  1445  17.77589   0.07338   0.00000   0.01223    0.00000  90.00000   0.00150  1444 1445 1446    168
  1446  17.77589   0.08560   0.00000   0.01223    0.00000  90.00000   0.00150  1445 1446 1447    168
  1447  17.77589   0.09783   0.00000   0.01223    0.00000  90.00000   0.00150  1446 1447 1448    168
  1448  17.77589   0.11006   0.00000   0.01223    0.00000  90.00000   0.00150  1447 1448 1449    168
  1449  17.77589   0.12229   0.00000   0.01223    0.00000  90.00000   0.00150  1448 1449    0    168
  1450  18.05347  -0.12219   0.00000   0.01222    0.00000  90.00000   0.00150     0 1450 1451    169
  1451  18.05347  -0.10997   0.00000   0.01222    0.00000  90.00000   0.00150  1450 1451 1452    169
  1452  18.05347  -0.09775   0.00000   0.01222    0.00000  90.00000   0.00150  1451 1452 1453    169
  1453  18.05347  -0.08553   0.00000   0.01222    0.00000  90.00000   0.00150  1452 1453 1454    169
  1454  18.05347  -0.07331   0.00000   0.01222    0.00000  90.00000   0.00150  1453 1454 1455    169
  1455  18.05347  -0.06110   0.00000   0.01222    0.00000  90.00000   0.00150  1454 1455 1456    169
  1456  18.05347  -0.04888   0.00000   0.01222    0.00000  90.00000   0.00150  1455 1456 1457    169
  1457  18.05347  -0.03666   0.00000   0.01222    0.00000  90.00000   0.00150  1456 1457 1458    169
  1458  18.05347  -0.02444   0.00000   0.01222    0.00000  90.00000   0.00150  1457 1458 1459    169
  1459  18.05347  -0.01222   0.00000   0.01222    0.00000  90.00000   0.00150  1458 1459 1460    169
  1460  18.05347   0.00000   0.00000   0.01222    0.00000  90.00000   0.00150  1459 1460 1461    169
  1461  18.05347   0.01222   0.00000   0.01222    0.00000  90.00000   0.00150  1460 1461 1462    169
  1462  18.05347   0.02444   0.00000   0.01222    0.00000  90.00000   0.00150  1461 1462 1463    169
  1463  18.05347   0.03666   0.00000   0.01222    0.00000  90.00000   0.00150  1462 1463 1464    169
  1464  18.05347   0.04888   0.00000   0.01222    0.00000  90.00000   0.00150  1463 1464 1465    169
  1465  18.05347   0.06110   0.00000   0.01222    0.00000  90.00000   0.00150  1464 1465 1466    169
  1466  18.05347   0.07331   0.00000   0.01222    0.00000  90.00000   0.00150  1465 1466 1467    169
  1467  18.05347   0.08553   0.00000   0.01222    0.00000  90.00000   0.00150  1466 1467 1468    169
  1468  18.05347   0.09775   0.00000   0.01222    0.00000  90.00000   0.00150  1467 1468 1469    169
  1469  18.05347   0.10997   0.00000   0.01222    0.00000  90.00000   0.00150  1468 1469 1470    169
  1470  18.05347   0.12219   0.00000   0.01222    0.00000  90.00000   0.00150  1469 1470    0    169
  1471  18.33106  -0.12209   0.00000   0.01221    0.00000  90.00000   0.00150     0 1471 1472    170
  1472  18.33106  -0.10988   0.00000   0.01221    0.00000  90.00000   0.00150  1471 1472 1473    170
  1473  18.33106  -0.09767   0.00000   0.01221    0.00000  90.00000   0.00150  1472 1473 1474    170
  1474  18.33106  -0.08546   0.00000   0.01221    0.00000  90.00000   0.00150  1473 1474 1475    170
  1475  18.33106  -0.07326   0.00000   0.01221    0.00000  90.00000   0.00150  1474 1475 1476    170
  1476  18.33106  -0.06105   0.00000   0.01221    0.00000  90.00000   0.00150  1475 1476 1477    170
  1477  18.33106  -0.04884   0.00000   0.01221    0.00000  90.00000   0.00150  1476 1477 1478    170
  1478  18.33106  -0.03663   0.00000   0.01221    0.00000  90.00000   0.00150  1477 1478 1479    170
  1479  18.33106  -0.02442   0.00000   0.01221    0.00000  90.00000   0.00150  1478 1479 1480    170
  1480  18.33106  -0.01221   0.00000   0.01221    0.00000  90.00000   0.00150  1479 1480 1481    170
  1481  18.33106   0.00000   0.00000   0.01221    0.00000  90.00000   0.00150  1480 1481 1482    170
  1482  18.33106   0.01221   0.00000   0.01221    0.00000  90.00000   0.00150  1481 1482 1483    170
  1483  18.33106   0.02442   0.00000   0.01221    0.00000  90.00000   0.00150  1482 1483 1484    170
  1484  18.33106   0.03663   0.00000   0.01221    0.00000  90.00000   0.00150  1483 1484 1485    170
  1485  18.33106   0.04884   0.00000   0.01221    0.00000  90.00000   0.00150  1484 1485 1486    170
  1486  18.33106   0.06105   0.00000   0.01221    0.00000  90.00000   0.00150  1485 1486 1487    170
  1487  18.33106   0.07326   0.00000   0.01221    0.00000  90.00000   0.00150  1486 1487 1488    170
  1488  18.33106   0.08546   0.00000   0.01221    0.00000  90.00000   0.00150  1487 1488 1489    170
  1489  18.33106   0.09767   0.00000   0.01221    0.00000  90.00000   0.00150  1488 1489 1490    170
  1490  18.33106   0.10988   0.00000   0.01221    0.00000  90.00000   0.00150  1489 1490 1491    170
  1491  18.33106   0.12209   0.00000   0.01221    0.00000  90.00000   0.00150  1490 1491    0    170
  1492  18.60864  -0.12199   0.00000   0.01220    0.00000  90.00000   0.00150     0 1492 1493    171
  1493  18.60864  -0.10979   0.00000   0.01220    0.00000  90.00000   0.00150  1492 1493 1494    171
  1494  18.60864  -0.09760   0.00000   0.01220    0.00000  90.00000   0.00150  1493 1494 1495    171
  1495  18.60864  -0.08540   0.00000   0.01220    0.00000  90.00000   0.00150  1494 1495 1496    171
  1496  18.60864  -0.07320   0.00000   0.01220    0.00000  90.00000   0.00150  1495 1496 1497    171
  1497  18.60864  -0.06100   0.00000   0.01220    0.00000  90.00000   0.00150  1496 1497 1498    171
  1498  18.60864  -0.04880   0.00000   0.01220    0.00000  90.00000   0.00150  1497 1498 1499    171
  1499  18.60864  -0.03660   0.00000   0.01220    0.00000  90.00000   0.00150  1498 1499 1500    171
  1500  18.60864  -0.02440   0.00000   0.01220    0.00000  90.00000   0.00150  1499 1500 1501    171
  1501  18.60864  -0.01220   0.00000   0.01220    0.00000  90.00000   0.00150  1500 1501 1502    171
  1502  18.60864   0.00000   0.00000   0.01220    0.00000  90.00000   0.00150  1501 1502 1503    171
  1503  18.60864   0.01220   0.00000   0.01220    0.00000  90.00000   0.00150  1502 1503 1504    171
  1504  18.60864   0.02440   0.00000   0.01220    0.00000  90.00000   0.00150  1503 1504 1505    171
  1505  18.60864   0.03660   0.00000   0.01220    0.00000  90.00000   0.00150  1504 1505 1506    171
  1506  18.60864   0.04880   0.00000   0.01220    0.00000  90.00000   0.00150  1505 1506 1507    171
  1507  18.60864   0.06100   0.00000   0.01220    0.00000  90.00000   0.00150  1506 1507 1508    171
  1508  18.60864   0.07320   0.00000   0.01220    0.00000  90.00000   0.00150  1507 1508 1509    171
  1509  18.60864   0.08540   0.00000   0.01220    0.00000  90.00000   0.00150  1508 1509 1510    171
  1510  18.60864   0.09760   0.00000   0.01220    0.00000  90.00000   0.00150  1509 1510 1511    171
  1511  18.60864   0.10979   0.00000   0.01220    0.00000  90.00000   0.00150  1510 1511 1512    171
  1512  18.60864   0.12199   0.00000   0.01220    0.00000  90.00000   0.00150  1511 1512    0    171
  1513  18.88623  -0.12190   0.00000   0.01219    0.00000  90.00000   0.00150     0 1513 1514    172
  1514  18.88623  -0.10971   0.00000   0.01219    0.00000  90.00000   0.00150  1513 1514 1515    172
  1515  18.88623  -0.09752   0.00000   0.01219    0.00000  90.00000   0.00150  1514 1515 1516    172
  1516  18.88623  -0.08533   0.00000   0.01219    0.00000  90.00000   0.00150  1515 1516 1517    172
  1517  18.88623  -0.07314   0.00000   0.01219    0.00000  90.00000   0.00150  1516 1517 1518    172
  1518  18.88623  -0.06095   0.00000   0.01219    0.00000  90.00000   0.00150  1517 1518 1519    172
  1519  18.88623  -0.04876   0.00000   0.01219    0.00000  90.00000   0.00150  1518 1519 1520    172
  1520  18.88623  -0.03657   0.00000   0.01219    0.00000  90.00000   0.00150  1519 1520 1521    172
  1521  18.88623  -0.02438   0.00000   0.01219    0.00000  90.00000   0.00150  1520 1521 1522    172
  1522  18.88623  -0.01219   0.00000   0.01219    0.00000  90.00000   0.00150  1521 1522 1523    172
  1523  18.88623   0.00000   0.00000   0.01219    0.00000  90.00000   0.00150  1522 1523 1524    172
  1524  18.88623   0.01219   0.00000   0.01219    0.00000  90.00000   0.00150  1523 1524 1525    172
  1525  18.88623   0.02438   0.00000   0.01219    0.00000  90.00000   0.00150  1524 1525 1526    172
  1526  18.88623   0.03657   0.00000   0.01219    0.00000  90.00000   0.00150  1525 1526 1527    172
  1527  18.88623   0.04876   0.00000   0.01219    0.00000  90.00000   0.00150  1526 1527 1528    172
  1528  18.88623   0.06095   0.00000   0.01219    0.00000  90.00000   0.00150  1527 1528 1529    172
  1529  18.88623   0.07314   0.00000   0.01219    0.00000  90.00000   0.00150  1528 1529 1530    172
  1530  18.88623   0.08533   0.00000   0.01219    0.00000  90.00000   0.00150  1529 1530 1531    172
  1531  18.88623   0.09752   0.00000   0.01219    0.00000  90.00000   0.00150  1530 1531 1532    172
  1532  18.88623   0.10971   0.00000   0.01219    0.00000  90.00000   0.00150  1531 1532 1533    172
  1533  18.88623   0.12190   0.00000   0.01219    0.00000  90.00000   0.00150  1532 1533    0    172
  1534  19.16382  -0.12180   0.00000   0.01218    0.00000  90.00000   0.00150     0 1534 1535    173
  1535  19.16382  -0.10962   0.00000   0.01218    0.00000  90.00000   0.00150  1534 1535 1536    173
  1536  19.16382  -0.09744   0.00000   0.01218    0.00000  90.00000   0.00150  1535 1536 1537    173
  1537  19.16382  -0.08526   0.00000   0.01218    0.00000  90.00000   0.00150  1536 1537 1538    173
  1538  19.16382  -0.07308   0.00000   0.01218    0.00000  90.00000   0.00150  1537 1538 1539    173
  1539  19.16382  -0.06090   0.00000   0.01218    0.00000  90.00000   0.00150  1538 1539 1540    173
  1540  19.16382  -0.04872   0.00000   0.01218    0.00000  90.00000   0.00150  1539 1540 1541    173
  1541  19.16382  -0.03654   0.00000   0.01218    0.00000  90.00000   0.00150  1540 1541 1542    173
  1542  19.16382  -0.02436   0.00000   0.01218    0.00000  90.00000   0.00150  1541 1542 1543    173
  1543  19.16382  -0.01218   0.00000   0.01218    0.00000  90.00000   0.00150  1542 1543 1544    173
  1544  19.16382   0.00000   0.00000   0.01218    0.00000  90.00000   0.00150  1543 1544 1545    173
  1545  19.16382   0.01218   0.00000   0.01218    0.00000  90.00000   0.00150  1544 1545 1546    173
  1546  19.16382   0.02436   0.00000   0.01218    0.00000  90.00000   0.00150  1545 1546 1547    173
  1547  19.16382   0.03654   0.00000   0.01218    0.00000  90.00000   0.00150  1546 1547 1548    173
  1548  19.16382   0.04872   0.00000   0.01218    0.00000  90.00000   0.00150  1547 1548 1549    173
  1549  19.16382   0.06090   0.00000   0.01218    0.00000  90.00000   0.00150  1548 1549 1550    173
  1550  19.16382   0.07308   0.00000   0.01218    0.00000  90.00000   0.00150  1549 1550 1551    173
  1551  19.16382   0.08526   0.00000   0.01218    0.00000  90.00000   0.00150  1550 1551 1552    173
  1552  19.16382   0.09744   0.00000   0.01218    0.00000  90.00000   0.00150  1551 1552 1553    173
  1553  19.16382   0.10962   0.00000   0.01218    0.00000  90.00000   0.00150  1552 1553 1554    173
  1554  19.16382   0.12180   0.00000   0.01218    0.00000  90.00000   0.00150  1553 1554    0    173
  1555  19.44140  -0.12171   0.00000   0.01217    0.00000  90.00000   0.00150     0 1555 1556    174
  1556  19.44140  -0.10954   0.00000   0.01217    0.00000  90.00000   0.00150  1555 1556 1557    174
  1557  19.44140  -0.09737   0.00000   0.01217    0.00000  90.00000   0.00150  1556 1557 1558    174
  1558  19.44140  -0.08520   0.00000   0.01217    0.00000  90.00000   0.00150  1557 1558 1559    174
  1559  19.44140  -0.07303   0.00000   0.01217    0.00000  90.00000   0.00150  1558 1559 1560    174
  1560  19.44140  -0.06085   0.00000   0.01217    0.00000  90.00000   0.00150  1559 1560 1561    174
  1561  19.44140  -0.04868   0.00000   0.01217    0.00000  90.00000   0.00150  1560 1561 1562    174
  1562  19.44140  -0.03651   0.00000   0.01217    0.00000  90.00000   0.00150  1561 1562 1563    174
  1563  19.44140  -0.02434   0.00000   0.01217    0.00000  90.00000   0.00150  1562 1563 1564    174
  1564  19.44140  -0.01217   0.00000   0.01217    0.00000  90.00000   0.00150  1563 1564 1565    174
  1565  19.44140   0.00000   0.00000   0.01217    0.00000  90.00000   0.00150  1564 1565 1566    174
  1566  19.44140   0.01217   0.00000   0.01217    0.00000  90.00000   0.00150  1565 1566 1567    174
  1567  19.44140   0.02434   0.00000   0.01217    0.00000  90.00000   0.00150  1566 1567 1568    174
  1568  19.44140   0.03651   0.00000   0.01217    0.00000  90.00000   0.00150  1567 1568 1569    174
  1569  19.44140   0.04868   0.00000   0.01217    0.00000  90.00000   0.00150  1568 1569 1570    174
  1570  19.44140   0.06085   0.00000   0.01217    0.00000  90.00000   0.00150  1569 1570 1571    174
  1571  19.44140   0.07303   0.00000   0.01217    0.00000  90.00000   0.00150  1570 1571 1572    174
  1572  19.44140   0.08520   0.00000   0.01217    0.00000  90.00000   0.00150  1571 1572 1573    174
  1573  19.44140   0.09737   0.00000   0.01217    0.00000  90.00000   0.00150  1572 1573 1574    174
  1574  19.44140   0.10954   0.00000   0.01217    0.00000  90.00000   0.00150  1573 1574 1575    174
  1575  19.44140   0.12171   0.00000   0.01217    0.00000  90.00000   0.00150  1574 1575    0    174
  1576  19.71899  -0.12162   0.00000   0.01216    0.00000  90.00000   0.00150     0 1576 1577    175
  1577  19.71899  -0.10945   0.00000   0.01216    0.00000  90.00000   0.00150  1576 1577 1578    175
  1578  19.71899  -0.09729   0.00000   0.01216    0.00000  90.00000   0.00150  1577 1578 1579    175
  1579  19.71899  -0.08513   0.00000   0.01216    0.00000  90.00000   0.00150  1578 1579 1580    175
  1580  19.71899  -0.07297   0.00000   0.01216    0.00000  90.00000   0.00150  1579 1580 1581    175
  1581  19.71899  -0.06081   0.00000   0.01216    0.00000  90.00000   0.00150  1580 1581 1582    175
  1582  19.71899  -0.04865   0.00000   0.01216    0.00000  90.00000   0.00150  1581 1582 1583    175
  1583  19.71899  -0.03648   0.00000   0.01216    0.00000  90.00000   0.00150  1582 1583 1584    175
  1584  19.71899  -0.02432   0.00000   0.01216    0.00000  90.00000   0.00150  1583 1584 1585    175
  1585  19.71899  -0.01216   0.00000   0.01216    0.00000  90.00000   0.00150  1584 1585 1586    175
  1586  19.71899   0.00000   0.00000   0.01216    0.00000  90.00000   0.00150  1585 1586 1587    175
  1587  19.71899   0.01216   0.00000   0.01216    0.00000  90.00000   0.00150  1586 1587 1588    175
  1588  19.71899   0.02432   0.00000   0.01216    0.00000  90.00000   0.00150  1587 1588 1589    175
  1589  19.71899   0.03648   0.00000   0.01216    0.00000  90.00000   0.00150  1588 1589 1590    175
  1590  19.71899   0.04865   0.00000   0.01216    0.00000  90.00000   0.00150  1589 1590 1591    175
  1591  19.71899   0.06081   0.00000   0.01216    0.00000  90.00000   0.00150  1590 1591 1592    175
  1592  19.71899   0.07297   0.00000   0.01216    0.00000  90.00000   0.00150  1591 1592 1593    175
  1593  19.71899   0.08513   0.00000   0.01216    0.00000  90.00000   0.00150  1592 1593 1594    175
  1594  19.71899   0.09729   0.00000   0.01216    0.00000  90.00000   0.00150  1593 1594 1595    175
  1595  19.71899   0.10945   0.00000   0.01216    0.00000  90.00000   0.00150  1594 1595 1596    175
  1596  19.71899   0.12162   0.00000   0.01216    0.00000  90.00000   0.00150  1595 1596    0    175
  1597  19.99657  -0.12153   0.00000   0.01215    0.00000  90.00000   0.00150     0 1597 1598    176
  1598  19.99657  -0.10937   0.00000   0.01215    0.00000  90.00000   0.00150  1597 1598 1599    176
  1599  19.99657  -0.09722   0.00000   0.01215    0.00000  90.00000   0.00150  1598 1599 1600    176
  1600  19.99657  -0.08507   0.00000   0.01215    0.00000  90.00000   0.00150  1599 1600 1601    176
  1601  19.99657  -0.07292   0.00000   0.01215    0.00000  90.00000   0.00150  1600 1601 1602    176
  1602  19.99657  -0.06076   0.00000   0.01215    0.00000  90.00000   0.00150  1601 1602 1603    176
  1603  19.99657  -0.04861   0.00000   0.01215    0.00000  90.00000   0.00150  1602 1603 1604    176
  1604  19.99657  -0.03646   0.00000   0.01215    0.00000  90.00000   0.00150  1603 1604 1605    176
  1605  19.99657  -0.02431   0.00000   0.01215    0.00000  90.00000   0.00150  1604 1605 1606    176
  1606  19.99657  -0.01215   0.00000   0.01215    0.00000  90.00000   0.00150  1605 1606 1607    176
  1607  19.99657   0.00000   0.00000   0.01215    0.00000  90.00000   0.00150  1606 1607 1608    176
  1608  19.99657   0.01215   0.00000   0.01215    0.00000  90.00000   0.00150  1607 1608 1609    176
  1609  19.99657   0.02431   0.00000   0.01215    0.00000  90.00000   0.00150  1608 1609 1610    176
  1610  19.99657   0.03646   0.00000   0.01215    0.00000  90.00000   0.00150  1609 1610 1611    176
  1611  19.99657   0.04861   0.00000   0.01215    0.00000  90.00000   0.00150  1610 1611 1612    176
  1612  19.99657   0.06076   0.00000   0.01215    0.00000  90.00000   0.00150  1611 1612 1613    176
  1613  19.99657   0.07292   0.00000   0.01215    0.00000  90.00000   0.00150  1612 1613 1614    176
  1614  19.99657   0.08507   0.00000   0.01215    0.00000  90.00000   0.00150  1613 1614 1615    176
  1615  19.99657   0.09722   0.00000   0.01215    0.00000  90.00000   0.00150  1614 1615 1616    176
  1616  19.99657   0.10937   0.00000   0.01215    0.00000  90.00000   0.00150  1615 1616 1617    176
  1617  19.99657   0.12153   0.00000   0.01215    0.00000  90.00000   0.00150  1616 1617    0    176
  1618  20.27416  -0.12144   0.00000   0.01214    0.00000  90.00000   0.00150     0 1618 1619    177
  1619  20.27416  -0.10929   0.00000   0.01214    0.00000  90.00000   0.00150  1618 1619 1620    177
  1620  20.27416  -0.09715   0.00000   0.01214    0.00000  90.00000   0.00150  1619 1620 1621    177
  1621  20.27416  -0.08500   0.00000   0.01214    0.00000  90.00000   0.00150  1620 1621 1622    177
  1622  20.27416  -0.07286   0.00000   0.01214    0.00000  90.00000   0.00150  1621 1622 1623    177
  1623  20.27416  -0.06072   0.00000   0.01214    0.00000  90.00000   0.00150  1622 1623 1624    177
  1624  20.27416  -0.04857   0.00000   0.01214    0.00000  90.00000   0.00150  1623 1624 1625    177
  1625  20.27416  -0.03643   0.00000   0.01214    0.00000  90.00000   0.00150  1624 1625 1626    177
  1626  20.27416  -0.02429   0.00000   0.01214    0.00000  90.00000   0.00150  1625 1626 1627    177
  1627  20.27416  -0.01214   0.00000   0.01214    0.00000  90.00000   0.00150  1626 1627 1628    177
  1628  20.27416   0.00000   0.00000   0.01214    0.00000  90.00000   0.00150  1627 1628 1629    177
  1629  20.27416   0.01214   0.00000   0.01214    0.00000  90.00000   0.00150  1628 1629 1630    177
  1630  20.27416   0.02429   0.00000   0.01214    0.00000  90.00000   0.00150  1629 1630 1631    177
  1631  20.27416   0.03643   0.00000   0.01214    0.00000  90.00000   0.00150  1630 1631 1632    177
  1632  20.27416   0.04857   0.00000   0.01214    0.00000  90.00000   0.00150  1631 1632 1633    177
  1633  20.27416   0.06072   0.00000   0.01214    0.00000  90.00000   0.00150  1632 1633 1634    177
  1634  20.27416   0.07286   0.00000   0.01214    0.00000  90.00000   0.00150  1633 1634 1635    177
  1635  20.27416   0.08500   0.00000   0.01214    0.00000  90.00000   0.00150  1634 1635 1636    177
  1636  20.27416   0.09715   0.00000   0.01214    0.00000  90.00000   0.00150  1635 1636 1637    177
  1637  20.27416   0.10929   0.00000   0.01214    0.00000  90.00000   0.00150  1636 1637 1638    177
  1638  20.27416   0.12144   0.00000   0.01214    0.00000  90.00000   0.00150  1637 1638    0    177
  1639  20.55175  -0.12135   0.00000   0.01213    0.00000  90.00000   0.00150     0 1639 1640    178
  1640  20.55175  -0.10921   0.00000   0.01213    0.00000  90.00000   0.00150  1639 1640 1641    178
  1641  20.55175  -0.09708   0.00000   0.01213    0.00000  90.00000   0.00150  1640 1641 1642    178
  1642  20.55175  -0.08494   0.00000   0.01213    0.00000  90.00000   0.00150  1641 1642 1643    178
  1643  20.55175  -0.07281   0.00000   0.01213    0.00000  90.00000   0.00150  1642 1643 1644    178
  1644  20.55175  -0.06067   0.00000   0.01213    0.00000  90.00000   0.00150  1643 1644 1645    178
  1645  20.55175  -0.04854   0.00000   0.01213    0.00000  90.00000   0.00150  1644 1645 1646    178
  1646  20.55175  -0.03640   0.00000   0.01213    0.00000  90.00000   0.00150  1645 1646 1647    178
  1647  20.55175  -0.02427   0.00000   0.01213    0.00000  90.00000   0.00150  1646 1647 1648    178
  1648  20.55175  -0.01213   0.00000   0.01213    0.00000  90.00000   0.00150  1647 1648 1649    178
  1649  20.55175   0.00000   0.00000   0.01213    0.00000  90.00000   0.00150  1648 1649 1650    178
  1650  20.55175   0.01213   0.00000   0.01213    0.00000  90.00000   0.00150  1649 1650 1651    178
  1651  20.55175   0.02427   0.00000   0.01213    0.00000  90.00000   0.00150  1650 1651 1652    178
  1652  20.55175   0.03640   0.00000   0.01213    0.00000  90.00000   0.00150  1651 1652 1653    178
  1653  20.55175   0.04854   0.00000   0.01213    0.00000  90.00000   0.00150  1652 1653 1654    178
  1654  20.55175   0.06067   0.00000   0.01213    0.00000  90.00000   0.00150  1653 1654 1655    178
  1655  20.55175   0.07281   0.00000   0.01213    0.00000  90.00000   0.00150  1654 1655 1656    178
  1656  20.55175   0.08494   0.00000   0.01213    0.00000  90.00000   0.00150  1655 1656 1657    178
  1657  20.55175   0.09708   0.00000   0.01213    0.00000  90.00000   0.00150  1656 1657 1658    178
  1658  20.55175   0.10921   0.00000   0.01213    0.00000  90.00000   0.00150  1657 1658 1659    178
  1659  20.55175   0.12135   0.00000   0.01213    0.00000  90.00000   0.00150  1658 1659    0    178
  1660  20.82933  -0.12126   0.00000   0.01213    0.00000  90.00000   0.00150     0 1660 1661    179
  1661  20.82933  -0.10913   0.00000   0.01213    0.00000  90.00000   0.00150  1660 1661 1662    179
  1662  20.82933  -0.09701   0.00000   0.01213    0.00000  90.00000   0.00150  1661 1662 1663    179
  1663  20.82933  -0.08488   0.00000   0.01213    0.00000  90.00000   0.00150  1662 1663 1664    179
  1664  20.82933  -0.07276   0.00000   0.01213    0.00000  90.00000   0.00150  1663 1664 1665    179
  1665  20.82933  -0.06063   0.00000   0.01213    0.00000  90.00000   0.00150  1664 1665 1666    179
  1666  20.82933  -0.04850   0.00000   0.01213    0.00000  90.00000   0.00150  1665 1666 1667    179
  1667  20.82933  -0.03638   0.00000   0.01213    0.00000  90.00000   0.00150  1666 1667 1668    179
  1668  20.82933  -0.02425   0.00000   0.01213    0.00000  90.00000   0.00150  1667 1668 1669    179
  1669  20.82933  -0.01213   0.00000   0.01213    0.00000  90.00000   0.00150  1668 1669 1670    179
  1670  20.82933   0.00000   0.00000   0.01213    0.00000  90.00000   0.00150  1669 1670 1671    179
  1671  20.82933   0.01213   0.00000   0.01213    0.00000  90.00000   0.00150  1670 1671 1672    179
  1672  20.82933   0.02425   0.00000   0.01213    0.00000  90.00000   0.00150  1671 1672 1673    179
  1673  20.82933   0.03638   0.00000   0.01213    0.00000  90.00000   0.00150  1672 1673 1674    179
  1674  20.82933   0.04850   0.00000   0.01213    0.00000  90.00000   0.00150  1673 1674 1675    179
  1675  20.82933   0.06063   0.00000   0.01213    0.00000  90.00000   0.00150  1674 1675 1676    179
  1676  20.82933   0.07276   0.00000   0.01213    0.00000  90.00000   0.00150  1675 1676 1677    179
  1677  20.82933   0.08488   0.00000   0.01213    0.00000  90.00000   0.00150  1676 1677 1678    179
  1678  20.82933   0.09701   0.00000   0.01213    0.00000  90.00000   0.00150  1677 1678 1679    179
  1679  20.82933   0.10913   0.00000   0.01213    0.00000  90.00000   0.00150  1678 1679 1680    179
  1680  20.82933   0.12126   0.00000   0.01213    0.00000  90.00000   0.00150  1679 1680    0    179
  1681  21.10692  -0.12117   0.00000   0.01212    0.00000  90.00000   0.00150     0 1681 1682    180
  1682  21.10692  -0.10906   0.00000   0.01212    0.00000  90.00000   0.00150  1681 1682 1683    180
  1683  21.10692  -0.09694   0.00000   0.01212    0.00000  90.00000   0.00150  1682 1683 1684    180
  1684  21.10692  -0.08482   0.00000   0.01212    0.00000  90.00000   0.00150  1683 1684 1685    180
  1685  21.10692  -0.07270   0.00000   0.01212    0.00000  90.00000   0.00150  1684 1685 1686    180
  1686  21.10692  -0.06059   0.00000   0.01212    0.00000  90.00000   0.00150  1685 1686 1687    180
  1687  21.10692  -0.04847   0.00000   0.01212    0.00000  90.00000   0.00150  1686 1687 1688    180
  1688  21.10692  -0.03635   0.00000   0.01212    0.00000  90.00000   0.00150  1687 1688 1689    180
  1689  21.10692  -0.02423   0.00000   0.01212    0.00000  90.00000   0.00150  1688 1689 1690    180
  1690  21.10692  -0.01212   0.00000   0.01212    0.00000  90.00000   0.00150  1689 1690 1691    180
  1691  21.10692   0.00000   0.00000   0.01212    0.00000  90.00000   0.00150  1690 1691 1692    180
  1692  21.10692   0.01212   0.00000   0.01212    0.00000  90.00000   0.00150  1691 1692 1693    180
  1693  21.10692   0.02423   0.00000   0.01212    0.00000  90.00000   0.00150  1692 1693 1694    180
  1694  21.10692   0.03635   0.00000   0.01212    0.00000  90.00000   0.00150  1693 1694 1695    180
  1695  21.10692   0.04847   0.00000   0.01212    0.00000  90.00000   0.00150  1694 1695 1696    180
  1696  21.10692   0.06059   0.00000   0.01212    0.00000  90.00000   0.00150  1695 1696 1697    180
  1697  21.10692   0.07270   0.00000   0.01212    0.00000  90.00000   0.00150  1696 1697 1698    180
  1698  21.10692   0.08482   0.00000   0.01212    0.00000  90.00000   0.00150  1697 1698 1699    180
  1699  21.10692   0.09694   0.00000   0.01212    0.00000  90.00000   0.00150  1698 1699 1700    180
  1700  21.10692   0.10906   0.00000   0.01212    0.00000  90.00000   0.00150  1699 1700 1701    180
  1701  21.10692   0.12117   0.00000   0.01212    0.00000  90.00000   0.00150  1700 1701    0    180
  1702  21.38450  -0.12109   0.00000   0.01211    0.00000  90.00000   0.00150     0 1702 1703    181
  1703  21.38450  -0.10898   0.00000   0.01211    0.00000  90.00000   0.00150  1702 1703 1704    181
  1704  21.38450  -0.09687   0.00000   0.01211    0.00000  90.00000   0.00150  1703 1704 1705    181
  1705  21.38450  -0.08476   0.00000   0.01211    0.00000  90.00000   0.00150  1704 1705 1706    181
  1706  21.38450  -0.07265   0.00000   0.01211    0.00000  90.00000   0.00150  1705 1706 1707    181
  1707  21.38450  -0.06054   0.00000   0.01211    0.00000  90.00000   0.00150  1706 1707 1708    181
  1708  21.38450  -0.04843   0.00000   0.01211    0.00000  90.00000   0.00150  1707 1708 1709    181
  1709  21.38450  -0.03633   0.00000   0.01211    0.00000  90.00000   0.00150  1708 1709 1710    181
  1710  21.38450  -0.02422   0.00000   0.01211    0.00000  90.00000   0.00150  1709 1710 1711    181
  1711  21.38450  -0.01211   0.00000   0.01211    0.00000  90.00000   0.00150  1710 1711 1712    181
  1712  21.38450   0.00000   0.00000   0.01211    0.00000  90.00000   0.00150  1711 1712 1713    181
  1713  21.38450   0.01211   0.00000   0.01211    0.00000  90.00000   0.00150  1712 1713 1714    181
  1714  21.38450   0.02422   0.00000   0.01211    0.00000  90.00000   0.00150  1713 1714 1715    181
  1715  21.38450   0.03633   0.00000   0.01211    0.00000  90.00000   0.00150  1714 1715 1716    181
  1716  21.38450   0.04843   0.00000   0.01211    0.00000  90.00000   0.00150  1715 1716 1717    181
  1717  21.38450   0.06054   0.00000   0.01211    0.00000  90.00000   0.00150  1716 1717 1718    181
  1718  21.38450   0.07265   0.00000   0.01211    0.00000  90.00000   0.00150  1717 1718 1719    181
  1719  21.38450   0.08476   0.00000   0.01211    0.00000  90.00000   0.00150  1718 1719 1720    181
  1720  21.38450   0.09687   0.00000   0.01211    0.00000  90.00000   0.00150  1719 1720 1721    181
  1721  21.38450   0.10898   0.00000   0.01211    0.00000  90.00000   0.00150  1720 1721 1722    181
  1722  21.38450   0.12109   0.00000   0.01211    0.00000  90.00000   0.00150  1721 1722    0    181
  1723  21.66209  -0.12100   0.00000   0.01210    0.00000  90.00000   0.00150     0 1723 1724    182
  1724  21.66209  -0.10890   0.00000   0.01210    0.00000  90.00000   0.00150  1723 1724 1725    182
  1725  21.66209  -0.09680   0.00000   0.01210    0.00000  90.00000   0.00150  1724 1725 1726    182
  1726  21.66209  -0.08470   0.00000   0.01210    0.00000  90.00000   0.00150  1725 1726 1727    182
  1727  21.66209  -0.07260   0.00000   0.01210    0.00000  90.00000   0.00150  1726 1727 1728    182
  1728  21.66209  -0.06050   0.00000   0.01210    0.00000  90.00000   0.00150  1727 1728 1729    182
  1729  21.66209  -0.04840   0.00000   0.01210    0.00000  90.00000   0.00150  1728 1729 1730    182
  1730  21.66209  -0.03630   0.00000   0.01210    0.00000  90.00000   0.00150  1729 1730 1731    182
  1731  21.66209  -0.02420   0.00000   0.01210    0.00000  90.00000   0.00150  1730 1731 1732    182
  1732  21.66209  -0.01210   0.00000   0.01210    0.00000  90.00000   0.00150  1731 1732 1733    182
  1733  21.66209   0.00000   0.00000   0.01210    0.00000  90.00000   0.00150  1732 1733 1734    182
  1734  21.66209   0.01210   0.00000   0.01210    0.00000  90.00000   0.00150  1733 1734 1735    182
  1735  21.66209   0.02420   0.00000   0.01210    0.00000  90.00000   0.00150  1734 1735 1736    182
  1736  21.66209   0.03630   0.00000   0.01210    0.00000  90.00000   0.00150  1735 1736 1737    182
  1737  21.66209   0.04840   0.00000   0.01210    0.00000  90.00000   0.00150  1736 1737 1738    182
  1738  21.66209   0.06050   0.00000   0.01210    0.00000  90.00000   0.00150  1737 1738 1739    182
  1739  21.66209   0.07260   0.00000   0.01210    0.00000  90.00000   0.00150  1738 1739 1740    182
  1740  21.66209   0.08470   0.00000   0.01210    0.00000  90.00000   0.00150  1739 1740 1741    182
  1741  21.66209   0.09680   0.00000   0.01210    0.00000  90.00000   0.00150  1740 1741 1742    182
  1742  21.66209   0.10890   0.00000   0.01210    0.00000  90.00000   0.00150  1741 1742 1743    182
  1743  21.66209   0.12100   0.00000   0.01210    0.00000  90.00000   0.00150  1742 1743    0    182
  1744  21.93967  -0.12092   0.00000   0.01209    0.00000  90.00000   0.00150     0 1744 1745    183
  1745  21.93967  -0.10883   0.00000   0.01209    0.00000  90.00000   0.00150  1744 1745 1746    183
  1746  21.93967  -0.09673   0.00000   0.01209    0.00000  90.00000   0.00150  1745 1746 1747    183
  1747  21.93967  -0.08464   0.00000   0.01209    0.00000  90.00000   0.00150  1746 1747 1748    183
  1748  21.93967  -0.07255   0.00000   0.01209    0.00000  90.00000   0.00150  1747 1748 1749    183
  1749  21.93967  -0.06046   0.00000   0.01209    0.00000  90.00000   0.00150  1748 1749 1750    183
  1750  21.93967  -0.04837   0.00000   0.01209    0.00000  90.00000   0.00150  1749 1750 1751    183
  1751  21.93967  -0.03628   0.00000   0.01209    0.00000  90.00000   0.00150  1750 1751 1752    183
  1752  21.93967  -0.02418   0.00000   0.01209    0.00000  90.00000   0.00150  1751 1752 1753    183
  1753  21.93967  -0.01209   0.00000   0.01209    0.00000  90.00000   0.00150  1752 1753 1754    183
  1754  21.93967   0.00000   0.00000   0.01209    0.00000  90.00000   0.00150  1753 1754 1755    183
  1755  21.93967   0.01209   0.00000   0.01209    0.00000  90.00000   0.00150  1754 1755 1756    183
  1756  21.93967   0.02418   0.00000   0.01209    0.00000  90.00000   0.00150  1755 1756 1757    183
  1757  21.93967   0.03628   0.00000   0.01209    0.00000  90.00000   0.00150  1756 1757 1758    183
  1758  21.93967   0.04837   0.00000   0.01209    0.00000  90.00000   0.00150  1757 1758 1759    183
  1759  21.93967   0.06046   0.00000   0.01209    0.00000  90.00000   0.00150  1758 1759 1760    183
  1760  21.93967   0.07255   0.00000   0.01209    0.00000  90.00000   0.00150  1759 1760 1761    183
  1761  21.93967   0.08464   0.00000   0.01209    0.00000  90.00000   0.00150  1760 1761 1762    183
  1762  21.93967   0.09673   0.00000   0.01209    0.00000  90.00000   0.00150  1761 1762 1763    183
  1763  21.93967   0.10883   0.00000   0.01209    0.00000  90.00000   0.00150  1762 1763 1764    183
  1764  21.93967   0.12092   0.00000   0.01209    0.00000  90.00000   0.00150  1763 1764    0    183
  1765  22.21726  -0.12084   0.00000   0.01208    0.00000  90.00000   0.00150     0 1765 1766    184
  1766  22.21726  -0.10875   0.00000   0.01208    0.00000  90.00000   0.00150  1765 1766 1767    184
  1767  22.21726  -0.09667   0.00000   0.01208    0.00000  90.00000   0.00150  1766 1767 1768    184
  1768  22.21726  -0.08459   0.00000   0.01208    0.00000  90.00000   0.00150  1767 1768 1769    184
  1769  22.21726  -0.07250   0.00000   0.01208    0.00000  90.00000   0.00150  1768 1769 1770    184
  1770  22.21726  -0.06042   0.00000   0.01208    0.00000  90.00000   0.00150  1769 1770 1771    184
  1771  22.21726  -0.04833   0.00000   0.01208    0.00000  90.00000   0.00150  1770 1771 1772    184
  1772  22.21726  -0.03625   0.00000   0.01208    0.00000  90.00000   0.00150  1771 1772 1773    184
  1773  22.21726  -0.02417   0.00000   0.01208    0.00000  90.00000   0.00150  1772 1773 1774    184
  1774  22.21726  -0.01208   0.00000   0.01208    0.00000  90.00000   0.00150  1773 1774 1775    184
  1775  22.21726   0.00000   0.00000   0.01208    0.00000  90.00000   0.00150  1774 1775 1776    184
  1776  22.21726   0.01208   0.00000   0.01208    0.00000  90.00000   0.00150  1775 1776 1777    184
  1777  22.21726   0.02417   0.00000   0.01208    0.00000  90.00000   0.00150  1776 1777 1778    184
  1778  22.21726   0.03625   0.00000   0.01208    0.00000  90.00000   0.00150  1777 1778 1779    184
  1779  22.21726   0.04833   0.00000   0.01208    0.00000  90.00000   0.00150  1778 1779 1780    184
  1780  22.21726   0.06042   0.00000   0.01208    0.00000  90.00000   0.00150  1779 1780 1781    184
  1781  22.21726   0.07250   0.00000   0.01208    0.00000  90.00000   0.00150  1780 1781 1782    184
  1782  22.21726   0.08459   0.00000   0.01208    0.00000  90.00000   0.00150  1781 1782 1783    184
  1783  22.21726   0.09667   0.00000   0.01208    0.00000  90.00000   0.00150  1782 1783 1784    184
  1784  22.21726   0.10875   0.00000   0.01208    0.00000  90.00000   0.00150  1783 1784 1785    184
  1785  22.21726   0.12084   0.00000   0.01208    0.00000  90.00000   0.00150  1784 1785    0    184
  1786  22.49484  -0.12075   0.00000   0.01208    0.00000  90.00000   0.00150     0 1786 1787    185
  1787  22.49484  -0.10868   0.00000   0.01208    0.00000  90.00000   0.00150  1786 1787 1788    185
  1788  22.49484  -0.09660   0.00000   0.01208    0.00000  90.00000   0.00150  1787 1788 1789    185
  1789  22.49484  -0.08453   0.00000   0.01208    0.00000  90.00000   0.00150  1788 1789 1790    185
  1790  22.49484  -0.07245   0.00000   0.01208    0.00000  90.00000   0.00150  1789 1790 1791    185
  1791  22.49484  -0.06038   0.00000   0.01208    0.00000  90.00000   0.00150  1790 1791 1792    185
  1792  22.49484  -0.04830   0.00000   0.01208    0.00000  90.00000   0.00150  1791 1792 1793    185
  1793  22.49484  -0.03623   0.00000   0.01208    0.00000  90.00000   0.00150  1792 1793 1794    185
  1794  22.49484  -0.02415   0.00000   0.01208    0.00000  90.00000   0.00150  1793 1794 1795    185
  1795  22.49484  -0.01208   0.00000   0.01208    0.00000  90.00000   0.00150  1794 1795 1796    185
  1796  22.49484   0.00000   0.00000   0.01208    0.00000  90.00000   0.00150  1795 1796 1797    185
  1797  22.49484   0.01208   0.00000   0.01208    0.00000  90.00000   0.00150  1796 1797 1798    185
  1798  22.49484   0.02415   0.00000   0.01208    0.00000  90.00000   0.00150  1797 1798 1799    185
  1799  22.49484   0.03623   0.00000   0.01208    0.00000  90.00000   0.00150  1798 1799 1800    185
  1800  22.49484   0.04830   0.00000   0.01208    0.00000  90.00000   0.00150  1799 1800 1801    185
  1801  22.49484   0.06038   0.00000   0.01208    0.00000  90.00000   0.00150  1800 1801 1802    185
  1802  22.49484   0.07245   0.00000   0.01208    0.00000  90.00000   0.00150  1801 1802 1803    185
  1803  22.49484   0.08453   0.00000   0.01208    0.00000  90.00000   0.00150  1802 1803 1804    185
  1804  22.49484   0.09660   0.00000   0.01208    0.00000  90.00000   0.00150  1803 1804 1805    185
  1805  22.49484   0.10868   0.00000   0.01208    0.00000  90.00000   0.00150  1804 1805 1806    185
  1806  22.49484   0.12075   0.00000   0.01208    0.00000  90.00000   0.00150  1805 1806    0    185
  1807  22.77243  -0.12067   0.00000   0.01207    0.00000  90.00000   0.00150     0 1807 1808    186
  1808  22.77243  -0.10861   0.00000   0.01207    0.00000  90.00000   0.00150  1807 1808 1809    186
  1809  22.77243  -0.09654   0.00000   0.01207    0.00000  90.00000   0.00150  1808 1809 1810    186
  1810  22.77243  -0.08447   0.00000   0.01207    0.00000  90.00000   0.00150  1809 1810 1811    186
  1811  22.77243  -0.07240   0.00000   0.01207    0.00000  90.00000   0.00150  1810 1811 1812    186
  1812  22.77243  -0.06034   0.00000   0.01207    0.00000  90.00000   0.00150  1811 1812 1813    186
  1813  22.77243  -0.04827   0.00000   0.01207    0.00000  90.00000   0.00150  1812 1813 1814    186
  1814  22.77243  -0.03620   0.00000   0.01207    0.00000  90.00000   0.00150  1813 1814 1815    186
  1815  22.77243  -0.02413   0.00000   0.01207    0.00000  90.00000   0.00150  1814 1815 1816    186
  1816  22.77243  -0.01207   0.00000   0.01207    0.00000  90.00000   0.00150  1815 1816 1817    186
  1817  22.77243   0.00000   0.00000   0.01207    0.00000  90.00000   0.00150  1816 1817 1818    186
  1818  22.77243   0.01207   0.00000   0.01207    0.00000  90.00000   0.00150  1817 1818 1819    186
  1819  22.77243   0.02413   0.00000   0.01207    0.00000  90.00000   0.00150  1818 1819 1820    186
  1820  22.77243   0.03620   0.00000   0.01207    0.00000  90.00000   0.00150  1819 1820 1821    186
  1821  22.77243   0.04827   0.00000   0.01207    0.00000  90.00000   0.00150  1820 1821 1822    186
  1822  22.77243   0.06034   0.00000   0.01207    0.00000  90.00000   0.00150  1821 1822 1823    186
  1823  22.77243   0.07240   0.00000   0.01207    0.00000  90.00000   0.00150  1822 1823 1824    186
  1824  22.77243   0.08447   0.00000   0.01207    0.00000  90.00000   0.00150  1823 1824 1825    186
  1825  22.77243   0.09654   0.00000   0.01207    0.00000  90.00000   0.00150  1824 1825 1826    186
  1826  22.77243   0.10861   0.00000   0.01207    0.00000  90.00000   0.00150  1825 1826 1827    186
  1827  22.77243   0.12067   0.00000   0.01207    0.00000  90.00000   0.00150  1826 1827    0    186
  1828  23.05001  -0.12059   0.00000   0.01206    0.00000  90.00000   0.00150     0 1828 1829    187
  1829  23.05001  -0.10853   0.00000   0.01206    0.00000  90.00000   0.00150  1828 1829 1830    187
  1830  23.05001  -0.09648   0.00000   0.01206    0.00000  90.00000   0.00150  1829 1830 1831    187
  1831  23.05001  -0.08442   0.00000   0.01206    0.00000  90.00000   0.00150  1830 1831 1832    187
  1832  23.05001  -0.07236   0.00000   0.01206    0.00000  90.00000   0.00150  1831 1832 1833    187
  1833  23.05001  -0.06030   0.00000   0.01206    0.00000  90.00000   0.00150  1832 1833 1834    187
  1834  23.05001  -0.04824   0.00000   0.01206    0.00000  90.00000   0.00150  1833 1834 1835    187
  1835  23.05001  -0.03618   0.00000   0.01206    0.00000  90.00000   0.00150  1834 1835 1836    187
  1836  23.05001  -0.02412   0.00000   0.01206    0.00000  90.00000   0.00150  1835 1836 1837    187
  1837  23.05001  -0.01206   0.00000   0.01206    0.00000  90.00000   0.00150  1836 1837 1838    187
  1838  23.05001   0.00000   0.00000   0.01206    0.00000  90.00000   0.00150  1837 1838 1839    187
  1839  23.05001   0.01206   0.00000   0.01206    0.00000  90.00000   0.00150  1838 1839 1840    187
  1840  23.05001   0.02412   0.00000   0.01206    0.00000  90.00000   0.00150  1839 1840 1841    187
  1841  23.05001   0.03618   0.00000   0.01206    0.00000  90.00000   0.00150  1840 1841 1842    187
  1842  23.05001   0.04824   0.00000   0.01206    0.00000  90.00000   0.00150  1841 1842 1843    187
  1843  23.05001   0.06030   0.00000   0.01206    0.00000  90.00000   0.00150  1842 1843 1844    187
  1844  23.05001   0.07236   0.00000   0.01206    0.00000  90.00000   0.00150  1843 1844 1845    187
  1845  23.05001   0.08442   0.00000   0.01206    0.00000  90.00000   0.00150  1844 1845 1846    187
  1846  23.05001   0.09648   0.00000   0.01206    0.00000  90.00000   0.00150  1845 1846 1847    187
  1847  23.05001   0.10853   0.00000   0.01206    0.00000  90.00000   0.00150  1846 1847 1848    187
  1848  23.05001   0.12059   0.00000   0.01206    0.00000  90.00000   0.00150  1847 1848    0    187
  1849  23.32760  -0.12052   0.00000   0.01205    0.00000  90.00000   0.00150     0 1849 1850    188
  1850  23.32760  -0.10846   0.00000   0.01205    0.00000  90.00000   0.00150  1849 1850 1851    188
  1851  23.32760  -0.09641   0.00000   0.01205    0.00000  90.00000   0.00150  1850 1851 1852    188
  1852  23.32760  -0.08436   0.00000   0.01205    0.00000  90.00000   0.00150  1851 1852 1853    188
  1853  23.32760  -0.07231   0.00000   0.01205    0.00000  90.00000   0.00150  1852 1853 1854    188
  1854  23.32760  -0.06026   0.00000   0.01205    0.00000  90.00000   0.00150  1853 1854 1855    188
  1855  23.32760  -0.04821   0.00000   0.01205    0.00000  90.00000   0.00150  1854 1855 1856    188
  1856  23.32760  -0.03615   0.00000   0.01205    0.00000  90.00000   0.00150  1855 1856 1857    188
  1857  23.32760  -0.02410   0.00000   0.01205    0.00000  90.00000   0.00150  1856 1857 1858    188
  1858  23.32760  -0.01205   0.00000   0.01205    0.00000  90.00000   0.00150  1857 1858 1859    188
  1859  23.32760   0.00000   0.00000   0.01205    0.00000  90.00000   0.00150  1858 1859 1860    188
  1860  23.32760   0.01205   0.00000   0.01205    0.00000  90.00000   0.00150  1859 1860 1861    188
  1861  23.32760   0.02410   0.00000   0.01205    0.00000  90.00000   0.00150  1860 1861 1862    188
  1862  23.32760   0.03615   0.00000   0.01205    0.00000  90.00000   0.00150  1861 1862 1863    188
  1863  23.32760   0.04821   0.00000   0.01205    0.00000  90.00000   0.00150  1862 1863 1864    188
  1864  23.32760   0.06026   0.00000   0.01205    0.00000  90.00000   0.00150  1863 1864 1865    188
  1865  23.32760   0.07231   0.00000   0.01205    0.00000  90.00000   0.00150  1864 1865 1866    188
  1866  23.32760   0.08436   0.00000   0.01205    0.00000  90.00000   0.00150  1865 1866 1867    188
  1867  23.32760   0.09641   0.00000   0.01205    0.00000  90.00000   0.00150  1866 1867 1868    188
  1868  23.32760   0.10846   0.00000   0.01205    0.00000  90.00000   0.00150  1867 1868 1869    188
  1869  23.32760   0.12052   0.00000   0.01205    0.00000  90.00000   0.00150  1868 1869    0    188
  1870  23.60519  -0.12044   0.00000   0.01204    0.00000  90.00000   0.00150     0 1870 1871    189
  1871  23.60519  -0.10839   0.00000   0.01204    0.00000  90.00000   0.00150  1870 1871 1872    189
  1872  23.60519  -0.09635   0.00000   0.01204    0.00000  90.00000   0.00150  1871 1872 1873    189
  1873  23.60519  -0.08431   0.00000   0.01204    0.00000  90.00000   0.00150  1872 1873 1874    189
  1874  23.60519  -0.07226   0.00000   0.01204    0.00000  90.00000   0.00150  1873 1874 1875    189
  1875  23.60519  -0.06022   0.00000   0.01204    0.00000  90.00000   0.00150  1874 1875 1876    189
  1876  23.60519  -0.04818   0.00000   0.01204    0.00000  90.00000   0.00150  1875 1876 1877    189
  1877  23.60519  -0.03613   0.00000   0.01204    0.00000  90.00000   0.00150  1876 1877 1878    189
  1878  23.60519  -0.02409   0.00000   0.01204    0.00000  90.00000   0.00150  1877 1878 1879    189
  1879  23.60519  -0.01204   0.00000   0.01204    0.00000  90.00000   0.00150  1878 1879 1880    189
  1880  23.60519   0.00000   0.00000   0.01204    0.00000  90.00000   0.00150  1879 1880 1881    189
  1881  23.60519   0.01204   0.00000   0.01204    0.00000  90.00000   0.00150  1880 1881 1882    189
  1882  23.60519   0.02409   0.00000   0.01204    0.00000  90.00000   0.00150  1881 1882 1883    189
  1883  23.60519   0.03613   0.00000   0.01204    0.00000  90.00000   0.00150  1882 1883 1884    189
  1884  23.60519   0.04818   0.00000   0.01204    0.00000  90.00000   0.00150  1883 1884 1885    189
  1885  23.60519   0.06022   0.00000   0.01204    0.00000  90.00000   0.00150  1884 1885 1886    189
  1886  23.60519   0.07226   0.00000   0.01204    0.00000  90.00000   0.00150  1885 1886 1887    189
  1887  23.60519   0.08431   0.00000   0.01204    0.00000  90.00000   0.00150  1886 1887 1888    189
  1888  23.60519   0.09635   0.00000   0.01204    0.00000  90.00000   0.00150  1887 1888 1889    189
  1889  23.60519   0.10839   0.00000   0.01204    0.00000  90.00000   0.00150  1888 1889 1890    189
  1890  23.60519   0.12044   0.00000   0.01204    0.00000  90.00000   0.00150  1889 1890    0    189
  1891  23.88277  -0.12036   0.00000   0.01204    0.00000  90.00000   0.00150     0 1891 1892    190
  1892  23.88277  -0.10833   0.00000   0.01204    0.00000  90.00000   0.00150  1891 1892 1893    190
  1893  23.88277  -0.09629   0.00000   0.01204    0.00000  90.00000   0.00150  1892 1893 1894    190
  1894  23.88277  -0.08425   0.00000   0.01204    0.00000  90.00000   0.00150  1893 1894 1895    190
  1895  23.88277  -0.07222   0.00000   0.01204    0.00000  90.00000   0.00150  1894 1895 1896    190
  1896  23.88277  -0.06018   0.00000   0.01204    0.00000  90.00000   0.00150  1895 1896 1897    190
  1897  23.88277  -0.04814   0.00000   0.01204    0.00000  90.00000   0.00150  1896 1897 1898    190
  1898  23.88277  -0.03611   0.00000   0.01204    0.00000  90.00000   0.00150  1897 1898 1899    190
  1899  23.88277  -0.02407   0.00000   0.01204    0.00000  90.00000   0.00150  1898 1899 1900    190
  1900  23.88277  -0.01204   0.00000   0.01204    0.00000  90.00000   0.00150  1899 1900 1901    190
  1901  23.88277   0.00000   0.00000   0.01204    0.00000  90.00000   0.00150  1900 1901 1902    190
  1902  23.88277   0.01204   0.00000   0.01204    0.00000  90.00000   0.00150  1901 1902 1903    190
  1903  23.88277   0.02407   0.00000   0.01204    0.00000  90.00000   0.00150  1902 1903 1904    190
  1904  23.88277   0.03611   0.00000   0.01204    0.00000  90.00000   0.00150  1903 1904 1905    190
  1905  23.88277   0.04814   0.00000   0.01204    0.00000  90.00000   0.00150  1904 1905 1906    190
  1906  23.88277   0.06018   0.00000   0.01204    0.00000  90.00000   0.00150  1905 1906 1907    190
  1907  23.88277   0.07222   0.00000   0.01204    0.00000  90.00000   0.00150  1906 1907 1908    190
  1908  23.88277   0.08425   0.00000   0.01204    0.00000  90.00000   0.00150  1907 1908 1909    190
  1909  23.88277   0.09629   0.00000   0.01204    0.00000  90.00000   0.00150  1908 1909 1910    190
  1910  23.88277   0.10833   0.00000   0.01204    0.00000  90.00000   0.00150  1909 1910 1911    190
  1911  23.88277   0.12036   0.00000   0.01204    0.00000  90.00000   0.00150  1910 1911    0    190
  1912  24.16036  -0.12029   0.00000   0.01203    0.00000  90.00000   0.00150     0 1912 1913    191
  1913  24.16036  -0.10826   0.00000   0.01203    0.00000  90.00000   0.00150  1912 1913 1914    191
  1914  24.16036  -0.09623   0.00000   0.01203    0.00000  90.00000   0.00150  1913 1914 1915    191
  1915  24.16036  -0.08420   0.00000   0.01203    0.00000  90.00000   0.00150  1914 1915 1916    191
  1916  24.16036  -0.07217   0.00000   0.01203    0.00000  90.00000   0.00150  1915 1916 1917    191
  1917  24.16036  -0.06014   0.00000   0.01203    0.00000  90.00000   0.00150  1916 1917 1918    191
  1918  24.16036  -0.04811   0.00000   0.01203    0.00000  90.00000   0.00150  1917 1918 1919    191
  1919  24.16036  -0.03609   0.00000   0.01203    0.00000  90.00000   0.00150  1918 1919 1920    191
  1920  24.16036  -0.02406   0.00000   0.01203    0.00000  90.00000   0.00150  1919 1920 1921    191
  1921  24.16036  -0.01203   0.00000   0.01203    0.00000  90.00000   0.00150  1920 1921 1922    191
  1922  24.16036   0.00000   0.00000   0.01203    0.00000  90.00000   0.00150  1921 1922 1923    191
  1923  24.16036   0.01203   0.00000   0.01203    0.00000  90.00000   0.00150  1922 1923 1924    191
  1924  24.16036   0.02406   0.00000   0.01203    0.00000  90.00000   0.00150  1923 1924 1925    191
  1925  24.16036   0.03609   0.00000   0.01203    0.00000  90.00000   0.00150  1924 1925 1926    191
  1926  24.16036   0.04811   0.00000   0.01203    0.00000  90.00000   0.00150  1925 1926 1927    191
  1927  24.16036   0.06014   0.00000   0.01203    0.00000  90.00000   0.00150  1926 1927 1928    191
  1928  24.16036   0.07217   0.00000   0.01203    0.00000  90.00000   0.00150  1927 1928 1929    191
  1929  24.16036   0.08420   0.00000   0.01203    0.00000  90.00000   0.00150  1928 1929 1930    191
  1930  24.16036   0.09623   0.00000   0.01203    0.00000  90.00000   0.00150  1929 1930 1931    191
  1931  24.16036   0.10826   0.00000   0.01203    0.00000  90.00000   0.00150  1930 1931 1932    191
  1932  24.16036   0.12029   0.00000   0.01203    0.00000  90.00000   0.00150  1931 1932    0    191
  1933  24.43794  -0.12021   0.00000   0.01202    0.00000  90.00000   0.00150     0 1933 1934    192
  1934  24.43794  -0.10819   0.00000   0.01202    0.00000  90.00000   0.00150  1933 1934 1935    192
  1935  24.43794  -0.09617   0.00000   0.01202    0.00000  90.00000   0.00150  1934 1935 1936    192
  1936  24.43794  -0.08415   0.00000   0.01202    0.00000  90.00000   0.00150  1935 1936 1937    192
  1937  24.43794  -0.07213   0.00000   0.01202    0.00000  90.00000   0.00150  1936 1937 1938    192
  1938  24.43794  -0.06011   0.00000   0.01202    0.00000  90.00000   0.00150  1937 1938 1939    192
  1939  24.43794  -0.04808   0.00000   0.01202    0.00000  90.00000   0.00150  1938 1939 1940    192
  1940  24.43794  -0.03606   0.00000   0.01202    0.00000  90.00000   0.00150  1939 1940 1941    192
  1941  24.43794  -0.02404   0.00000   0.01202    0.00000  90.00000   0.00150  1940 1941 1942    192
  1942  24.43794  -0.01202   0.00000   0.01202    0.00000  90.00000   0.00150  1941 1942 1943    192
  1943  24.43794   0.00000   0.00000   0.01202    0.00000  90.00000   0.00150  1942 1943 1944    192
  1944  24.43794   0.01202   0.00000   0.01202    0.00000  90.00000   0.00150  1943 1944 1945    192
  1945  24.43794   0.02404   0.00000   0.01202    0.00000  90.00000   0.00150  1944 1945 1946    192
  1946  24.43794   0.03606   0.00000   0.01202    0.00000  90.00000   0.00150  1945 1946 1947    192
  1947  24.43794   0.04808   0.00000   0.01202    0.00000  90.00000   0.00150  1946 1947 1948    192
  1948  24.43794   0.06011   0.00000   0.01202    0.00000  90.00000   0.00150  1947 1948 1949    192
  1949  24.43794   0.07213   0.00000   0.01202    0.00000  90.00000   0.00150  1948 1949 1950    192
  1950  24.43794   0.08415   0.00000   0.01202    0.00000  90.00000   0.00150  1949 1950 1951    192
  1951  24.43794   0.09617   0.00000   0.01202    0.00000  90.00000   0.00150  1950 1951 1952    192
  1952  24.43794   0.10819   0.00000   0.01202    0.00000  90.00000   0.00150  1951 1952 1953    192
  1953  24.43794   0.12021   0.00000   0.01202    0.00000  90.00000   0.00150  1952 1953    0    192
  1954  24.71553  -0.12014   0.00000   0.01201    0.00000  90.00000   0.00150     0 1954 1955    193
  1955  24.71553  -0.10812   0.00000   0.01201    0.00000  90.00000   0.00150  1954 1955 1956    193
  1956  24.71553  -0.09611   0.00000   0.01201    0.00000  90.00000   0.00150  1955 1956 1957    193
  1957  24.71553  -0.08410   0.00000   0.01201    0.00000  90.00000   0.00150  1956 1957 1958    193
  1958  24.71553  -0.07208   0.00000   0.01201    0.00000  90.00000   0.00150  1957 1958 1959    193
  1959  24.71553  -0.06007   0.00000   0.01201    0.00000  90.00000   0.00150  1958 1959 1960    193
  1960  24.71553  -0.04805   0.00000   0.01201    0.00000  90.00000   0.00150  1959 1960 1961    193
  1961  24.71553  -0.03604   0.00000   0.01201    0.00000  90.00000   0.00150  1960 1961 1962    193
  1962  24.71553  -0.02403   0.00000   0.01201    0.00000  90.00000   0.00150  1961 1962 1963    193
  1963  24.71553  -0.01201   0.00000   0.01201    0.00000  90.00000   0.00150  1962 1963 1964    193
  1964  24.71553   0.00000   0.00000   0.01201    0.00000  90.00000   0.00150  1963 1964 1965    193
  1965  24.71553   0.01201   0.00000   0.01201    0.00000  90.00000   0.00150  1964 1965 1966    193
  1966  24.71553   0.02403   0.00000   0.01201    0.00000  90.00000   0.00150  1965 1966 1967    193
  1967  24.71553   0.03604   0.00000   0.01201    0.00000  90.00000   0.00150  1966 1967 1968    193
  1968  24.71553   0.04805   0.00000   0.01201    0.00000  90.00000   0.00150  1967 1968 1969    193
  1969  24.71553   0.06007   0.00000   0.01201    0.00000  90.00000   0.00150  1968 1969 1970    193
  1970  24.71553   0.07208   0.00000   0.01201    0.00000  90.00000   0.00150  1969 1970 1971    193
  1971  24.71553   0.08410   0.00000   0.01201    0.00000  90.00000   0.00150  1970 1971 1972    193
  1972  24.71553   0.09611   0.00000   0.01201    0.00000  90.00000   0.00150  1971 1972 1973    193
  1973  24.71553   0.10812   0.00000   0.01201    0.00000  90.00000   0.00150  1972 1973 1974    193
  1974  24.71553   0.12014   0.00000   0.01201    0.00000  90.00000   0.00150  1973 1974    0    193
  1975  24.99311  -0.12006   0.00000   0.01201    0.00000  90.00000   0.00150     0 1975 1976    194
  1976  24.99311  -0.10806   0.00000   0.01201    0.00000  90.00000   0.00150  1975 1976 1977    194
  1977  24.99311  -0.09605   0.00000   0.01201    0.00000  90.00000   0.00150  1976 1977 1978    194
  1978  24.99311  -0.08404   0.00000   0.01201    0.00000  90.00000   0.00150  1977 1978 1979    194
  1979  24.99311  -0.07204   0.00000   0.01201    0.00000  90.00000   0.00150  1978 1979 1980    194
  1980  24.99311  -0.06003   0.00000   0.01201    0.00000  90.00000   0.00150  1979 1980 1981    194
  1981  24.99311  -0.04803   0.00000   0.01201    0.00000  90.00000   0.00150  1980 1981 1982    194
  1982  24.99311  -0.03602   0.00000   0.01201    0.00000  90.00000   0.00150  1981 1982 1983    194
  1983  24.99311  -0.02401   0.00000   0.01201    0.00000  90.00000   0.00150  1982 1983 1984    194
  1984  24.99311  -0.01201   0.00000   0.01201    0.00000  90.00000   0.00150  1983 1984 1985    194
  1985  24.99311   0.00000   0.00000   0.01201    0.00000  90.00000   0.00150  1984 1985 1986    194
  1986  24.99311   0.01201   0.00000   0.01201    0.00000  90.00000   0.00150  1985 1986 1987    194
  1987  24.99311   0.02401   0.00000   0.01201    0.00000  90.00000   0.00150  1986 1987 1988    194
  1988  24.99311   0.03602   0.00000   0.01201    0.00000  90.00000   0.00150  1987 1988 1989    194
  1989  24.99311   0.04803   0.00000   0.01201    0.00000  90.00000   0.00150  1988 1989 1990    194
  1990  24.99311   0.06003   0.00000   0.01201    0.00000  90.00000   0.00150  1989 1990 1991    194
  1991  24.99311   0.07204   0.00000   0.01201    0.00000  90.00000   0.00150  1990 1991 1992    194
  1992  24.99311   0.08404   0.00000   0.01201    0.00000  90.00000   0.00150  1991 1992 1993    194
  1993  24.99311   0.09605   0.00000   0.01201    0.00000  90.00000   0.00150  1992 1993 1994    194
  1994  24.99311   0.10806   0.00000   0.01201    0.00000  90.00000   0.00150  1993 1994 1995    194
  1995  24.99311   0.12006   0.00000   0.01201    0.00000  90.00000   0.00150  1994 1995    0    194
  1996  25.27070  -0.11999   0.00000   0.01200    0.00000  90.00000   0.00150     0 1996 1997    195
  1997  25.27070  -0.10799   0.00000   0.01200    0.00000  90.00000   0.00150  1996 1997 1998    195
  1998  25.27070  -0.09599   0.00000   0.01200    0.00000  90.00000   0.00150  1997 1998 1999    195
  1999  25.27070  -0.08399   0.00000   0.01200    0.00000  90.00000   0.00150  1998 1999 2000    195
  2000  25.27070  -0.07199   0.00000   0.01200    0.00000  90.00000   0.00150  1999 2000 2001    195
  2001  25.27070  -0.05999   0.00000   0.01200    0.00000  90.00000   0.00150  2000 2001 2002    195
  2002  25.27070  -0.04800   0.00000   0.01200    0.00000  90.00000   0.00150  2001 2002 2003    195
  2003  25.27070  -0.03600   0.00000   0.01200    0.00000  90.00000   0.00150  2002 2003 2004    195
  2004  25.27070  -0.02400   0.00000   0.01200    0.00000  90.00000   0.00150  2003 2004 2005    195
  2005  25.27070  -0.01200   0.00000   0.01200    0.00000  90.00000   0.00150  2004 2005 2006    195
  2006  25.27070   0.00000   0.00000   0.01200    0.00000  90.00000   0.00150  2005 2006 2007    195
  2007  25.27070   0.01200   0.00000   0.01200    0.00000  90.00000   0.00150  2006 2007 2008    195
  2008  25.27070   0.02400   0.00000   0.01200    0.00000  90.00000   0.00150  2007 2008 2009    195
  2009  25.27070   0.03600   0.00000   0.01200    0.00000  90.00000   0.00150  2008 2009 2010    195
  2010  25.27070   0.04800   0.00000   0.01200    0.00000  90.00000   0.00150  2009 2010 2011    195
  2011  25.27070   0.05999   0.00000   0.01200    0.00000  90.00000   0.00150  2010 2011 2012    195
  2012  25.27070   0.07199   0.00000   0.01200    0.00000  90.00000   0.00150  2011 2012 2013    195
  2013  25.27070   0.08399   0.00000   0.01200    0.00000  90.00000   0.00150  2012 2013 2014    195
  2014  25.27070   0.09599   0.00000   0.01200    0.00000  90.00000   0.00150  2013 2014 2015    195
  2015  25.27070   0.10799   0.00000   0.01200    0.00000  90.00000   0.00150  2014 2015 2016    195
  2016  25.27070   0.11999   0.00000   0.01200    0.00000  90.00000   0.00150  2015 2016    0    195
  2017  25.54829  -0.11992   0.00000   0.01199    0.00000  90.00000   0.00150     0 2017 2018    196
  2018  25.54829  -0.10793   0.00000   0.01199    0.00000  90.00000   0.00150  2017 2018 2019    196
  2019  25.54829  -0.09593   0.00000   0.01199    0.00000  90.00000   0.00150  2018 2019 2020    196
  2020  25.54829  -0.08394   0.00000   0.01199    0.00000  90.00000   0.00150  2019 2020 2021    196
  2021  25.54829  -0.07195   0.00000   0.01199    0.00000  90.00000   0.00150  2020 2021 2022    196
  2022  25.54829  -0.05996   0.00000   0.01199    0.00000  90.00000   0.00150  2021 2022 2023    196
  2023  25.54829  -0.04797   0.00000   0.01199    0.00000  90.00000   0.00150  2022 2023 2024    196
  2024  25.54829  -0.03598   0.00000   0.01199    0.00000  90.00000   0.00150  2023 2024 2025    196
  2025  25.54829  -0.02398   0.00000   0.01199    0.00000  90.00000   0.00150  2024 2025 2026    196
  2026  25.54829  -0.01199   0.00000   0.01199    0.00000  90.00000   0.00150  2025 2026 2027    196
  2027  25.54829   0.00000   0.00000   0.01199    0.00000  90.00000   0.00150  2026 2027 2028    196
  2028  25.54829   0.01199   0.00000   0.01199    0.00000  90.00000   0.00150  2027 2028 2029    196
  2029  25.54829   0.02398   0.00000   0.01199    0.00000  90.00000   0.00150  2028 2029 2030    196
  2030  25.54829   0.03598   0.00000   0.01199    0.00000  90.00000   0.00150  2029 2030 2031    196
  2031  25.54829   0.04797   0.00000   0.01199    0.00000  90.00000   0.00150  2030 2031 2032    196
  2032  25.54829   0.05996   0.00000   0.01199    0.00000  90.00000   0.00150  2031 2032 2033    196
  2033  25.54829   0.07195   0.00000   0.01199    0.00000  90.00000   0.00150  2032 2033 2034    196
  2034  25.54829   0.08394   0.00000   0.01199    0.00000  90.00000   0.00150  2033 2034 2035    196
  2035  25.54829   0.09593   0.00000   0.01199    0.00000  90.00000   0.00150  2034 2035 2036    196
  2036  25.54829   0.10793   0.00000   0.01199    0.00000  90.00000   0.00150  2035 2036 2037    196
  2037  25.54829   0.11992   0.00000   0.01199    0.00000  90.00000   0.00150  2036 2037    0    196
  2038  25.82587  -0.11985   0.00000   0.01198    0.00000  90.00000   0.00150     0 2038 2039    197
  2039  25.82587  -0.10786   0.00000   0.01198    0.00000  90.00000   0.00150  2038 2039 2040    197
  2040  25.82587  -0.09588   0.00000   0.01198    0.00000  90.00000   0.00150  2039 2040 2041    197
  2041  25.82587  -0.08389   0.00000   0.01198    0.00000  90.00000   0.00150  2040 2041 2042    197
  2042  25.82587  -0.07191   0.00000   0.01198    0.00000  90.00000   0.00150  2041 2042 2043    197
  2043  25.82587  -0.05992   0.00000   0.01198    0.00000  90.00000   0.00150  2042 2043 2044    197
  2044  25.82587  -0.04794   0.00000   0.01198    0.00000  90.00000   0.00150  2043 2044 2045    197
  2045  25.82587  -0.03595   0.00000   0.01198    0.00000  90.00000   0.00150  2044 2045 2046    197
  2046  25.82587  -0.02397   0.00000   0.01198    0.00000  90.00000   0.00150  2045 2046 2047    197
  2047  25.82587  -0.01198   0.00000   0.01198    0.00000  90.00000   0.00150  2046 2047 2048    197
  2048  25.82587   0.00000   0.00000   0.01198    0.00000  90.00000   0.00150  2047 2048 2049    197
  2049  25.82587   0.01198   0.00000   0.01198    0.00000  90.00000   0.00150  2048 2049 2050    197
  2050  25.82587   0.02397   0.00000   0.01198    0.00000  90.00000   0.00150  2049 2050 2051    197
  2051  25.82587   0.03595   0.00000   0.01198    0.00000  90.00000   0.00150  2050 2051 2052    197
  2052  25.82587   0.04794   0.00000   0.01198    0.00000  90.00000   0.00150  2051 2052 2053    197
  2053  25.82587   0.05992   0.00000   0.01198    0.00000  90.00000   0.00150  2052 2053 2054    197
  2054  25.82587   0.07191   0.00000   0.01198    0.00000  90.00000   0.00150  2053 2054 2055    197
  2055  25.82587   0.08389   0.00000   0.01198    0.00000  90.00000   0.00150  2054 2055 2056    197
  2056  25.82587   0.09588   0.00000   0.01198    0.00000  90.00000   0.00150  2055 2056 2057    197
  2057  25.82587   0.10786   0.00000   0.01198    0.00000  90.00000   0.00150  2056 2057 2058    197
  2058  25.82587   0.11985   0.00000   0.01198    0.00000  90.00000   0.00150  2057 2058    0    197
  2059  26.10346  -0.11978   0.00000   0.01198    0.00000  90.00000   0.00150     0 2059 2060    198
  2060  26.10346  -0.10780   0.00000   0.01198    0.00000  90.00000   0.00150  2059 2060 2061    198
  2061  26.10346  -0.09582   0.00000   0.01198    0.00000  90.00000   0.00150  2060 2061 2062    198
  2062  26.10346  -0.08384   0.00000   0.01198    0.00000  90.00000   0.00150  2061 2062 2063    198
  2063  26.10346  -0.07187   0.00000   0.01198    0.00000  90.00000   0.00150  2062 2063 2064    198
  2064  26.10346  -0.05989   0.00000   0.01198    0.00000  90.00000   0.00150  2063 2064 2065    198
  2065  26.10346  -0.04791   0.00000   0.01198    0.00000  90.00000   0.00150  2064 2065 2066    198
  2066  26.10346  -0.03593   0.00000   0.01198    0.00000  90.00000   0.00150  2065 2066 2067    198
  2067  26.10346  -0.02396   0.00000   0.01198    0.00000  90.00000   0.00150  2066 2067 2068    198
  2068  26.10346  -0.01198   0.00000   0.01198    0.00000  90.00000   0.00150  2067 2068 2069    198
  2069  26.10346   0.00000   0.00000   0.01198    0.00000  90.00000   0.00150  2068 2069 2070    198
  2070  26.10346   0.01198   0.00000   0.01198    0.00000  90.00000   0.00150  2069 2070 2071    198
  2071  26.10346   0.02396   0.00000   0.01198    0.00000  90.00000   0.00150  2070 2071 2072    198
  2072  26.10346   0.03593   0.00000   0.01198    0.00000  90.00000   0.00150  2071 2072 2073    198
  2073  26.10346   0.04791   0.00000   0.01198    0.00000  90.00000   0.00150  2072 2073 2074    198
  2074  26.10346   0.05989   0.00000   0.01198    0.00000  90.00000   0.00150  2073 2074 2075    198
  2075  26.10346   0.07187   0.00000   0.01198    0.00000  90.00000   0.00150  2074 2075 2076    198
  2076  26.10346   0.08384   0.00000   0.01198    0.00000  90.00000   0.00150  2075 2076 2077    198
  2077  26.10346   0.09582   0.00000   0.01198    0.00000  90.00000   0.00150  2076 2077 2078    198
  2078  26.10346   0.10780   0.00000   0.01198    0.00000  90.00000   0.00150  2077 2078 2079    198
  2079  26.10346   0.11978   0.00000   0.01198    0.00000  90.00000   0.00150  2078 2079    0    198
  2080  26.38104  -0.11971   0.00000   0.01197    0.00000  90.00000   0.00150     0 2080 2081    199
  2081  26.38104  -0.10774   0.00000   0.01197    0.00000  90.00000   0.00150  2080 2081 2082    199
  2082  26.38104  -0.09577   0.00000   0.01197    0.00000  90.00000   0.00150  2081 2082 2083    199
  2083  26.38104  -0.08379   0.00000   0.01197    0.00000  90.00000   0.00150  2082 2083 2084    199
  2084  26.38104  -0.07182   0.00000   0.01197    0.00000  90.00000   0.00150  2083 2084 2085    199
  2085  26.38104  -0.05985   0.00000   0.01197    0.00000  90.00000   0.00150  2084 2085 2086    199
  2086  26.38104  -0.04788   0.00000   0.01197    0.00000  90.00000   0.00150  2085 2086 2087    199
  2087  26.38104  -0.03591   0.00000   0.01197    0.00000  90.00000   0.00150  2086 2087 2088    199
  2088  26.38104  -0.02394   0.00000   0.01197    0.00000  90.00000   0.00150  2087 2088 2089    199
  2089  26.38104  -0.01197   0.00000   0.01197    0.00000  90.00000   0.00150  2088 2089 2090    199
  2090  26.38104   0.00000   0.00000   0.01197    0.00000  90.00000   0.00150  2089 2090 2091    199
  2091  26.38104   0.01197   0.00000   0.01197    0.00000  90.00000   0.00150  2090 2091 2092    199
  2092  26.38104   0.02394   0.00000   0.01197    0.00000  90.00000   0.00150  2091 2092 2093    199
  2093  26.38104   0.03591   0.00000   0.01197    0.00000  90.00000   0.00150  2092 2093 2094    199
  2094  26.38104   0.04788   0.00000   0.01197    0.00000  90.00000   0.00150  2093 2094 2095    199
  2095  26.38104   0.05985   0.00000   0.01197    0.00000  90.00000   0.00150  2094 2095 2096    199
  2096  26.38104   0.07182   0.00000   0.01197    0.00000  90.00000   0.00150  2095 2096 2097    199
  2097  26.38104   0.08379   0.00000   0.01197    0.00000  90.00000   0.00150  2096 2097 2098    199
  2098  26.38104   0.09577   0.00000   0.01197    0.00000  90.00000   0.00150  2097 2098 2099    199
  2099  26.38104   0.10774   0.00000   0.01197    0.00000  90.00000   0.00150  2098 2099 2100    199
  2100  26.38104   0.11971   0.00000   0.01197    0.00000  90.00000   0.00150  2099 2100    0    199






 ***** DATA CARD NO.  1   GN  -1     0     0     0  0.00000E+00  0.00000E+00  0.00000E+00  0.00000E+00  0.00000E+00  0.00000E+00
 ***** DATA CARD NO.  2   EK   0     0     0     0  0.00000E+00  0.00000E+00  0.00000E+00  0.00000E+00  0.00000E+00  0.00000E+00
 ***** DATA CARD NO.  3   PT  -1     0     0     0  0.00000E+00  0.00000E+00  0.00000E+00  0.00000E+00  0.00000E+00  0.00000E+00
 ***** DATA CARD NO.  4   LD   5     0     0     0  2.88000E+07  0.00000E+00  0.00000E+00  0.00000E+00  0.00000E+00  0.00000E+00
 ***** DATA CARD NO.  5   EX   0   101    11     0  1.00000E+00  0.00000E+00  0.00000E+00  0.00000E+00  0.00000E+00  0.00000E+00
 ***** DATA CARD NO.  6   FR   0     1     0     0  4.32000E+02  0.00000E+00  0.00000E+00  0.00000E+00  0.00000E+00  0.00000E+00
 ***** DATA CARD NO.  7   XQ   0     0     0     0  0.00000E+00  0.00000E+00  0.00000E+00  0.00000E+00  0.00000E+00  0.00000E+00




                                 - - - - - - FREQUENCY - - - - - -

                                    FREQUENCY= 4.3200E+02 MHZ
                                    WAVELENGTH= 6.9398E-01 METERS




                    APPROXIMATE INTEGRATION EMPLOYED FOR SEGMENTS MORE THAN   1.000 WAVELENGTHS APART

                    THE EXTENDED THIN WIRE KERNEL WILL BE USED



                               - - - STRUCTURE IMPEDANCE LOADING - - -


       LOCATION          RESISTANCE   INDUCTANCE  CAPACITANCE       IMPEDANCE (OHMS)     CONDUCTIVITY    TYPE
    ITAG FROM THRU          OHMS        HENRYS       FARADS        REAL      IMAGINARY    MHOS/METER

     ALL                                                                                 2.8800E+07     WIRE  



                                  - - - ANTENNA ENVIRONMENT - - -

                                            FREE SPACE



                                - - - MATRIX TIMING - - -

                        FILL=    2.250 SEC.,  FACTOR=   12.234 SEC.



                                          - - - ANTENNA INPUT PARAMETERS - - -

   TAG   SEG.    VOLTAGE (VOLTS)         CURRENT (AMPS)         IMPEDANCE (OHMS)        ADMITTANCE (MHOS)      POWER
   NO.   NO.    REAL        IMAG.       REAL        IMAG.       REAL        IMAG.       REAL        IMAG.     (WATTS)
   101    32 1.00000E+00 0.00000E+00 1.79970E-02-1.54198E-03 5.51600E+01 4.72611E+00 1.79970E-02-1.54198E-03 8.99848E-03



                                        - - - POWER BUDGET - - -

                                           INPUT POWER   = 8.9985E-03 WATTS
                                           RADIATED POWER= 8.8328E-03 WATTS
                                           STRUCTURE LOSS= 1.6573E-04 WATTS
                                           NETWORK LOSS  = 0.0000E+00 WATTS
                                           EFFICIENCY    =  98.16 PERCENT






 ***** DATA CARD NO.  8   EN   0     0     0     0  0.00000E+00  0.00000E+00  0.00000E+00  0.00000E+00  0.00000E+00  0.00000E+00

 RUN TIME =    14.563
