1



                                 *********************************************

                                    NUMERICAL ELECTROMAGNETICS CODE (NEC-2D)

                                 *********************************************




                                     - - - - COMMENTS - - - -


                          Example 1 :	Dipole in free space 	' Comment cards                          
                          See GetStarted.txt                                                         
                          							' End of comment                                                    




                                 - - - STRUCTURE SPECIFICATION - - -

                                     COORDINATES MUST BE INPUT IN
                                     METERS OR BE SCALED TO METERS
                                     BEFORE STRUCTURE INPUT IS ENDED


  WIRE                                                                               NO. OF    FIRST  LAST     TAG
  NO.        X1         Y1         Z1          X2         Y2         Z2      RADIUS   SEG.     SEG.   SEG.     NO.
     1    0.00000   -0.24180    0.00000     0.00000    0.24180    0.00000    0.00010      9        1     9       1

   TOTAL SEGMENTS USED=    9     NO. SEG. IN A SYMMETRIC CELL=    9     SYMMETRY FLAG=  0


         - MULTIPLE WIRE JUNCTIONS -
 JUNCTION    SEGMENTS  (- FOR END 1, + FOR END 2)
  NONE




                                 - - - - SEGMENTATION DATA - - - -

                                        COORDINATES IN METERS

                         I+ AND I- INDICATE THE SEGMENTS BEFORE AND AFTER I


  SEG.   COORDINATES OF SEG. CENTER     SEG.     ORIENTATION ANGLES    WIRE    CONNECTION DATA   TAG
  NO.       X         Y         Z       LENGTH     ALPHA     BETA      RADIUS    I-   I    I+    NO.
     1   0.00000  -0.21493   0.00000   0.05373    0.00000  90.00000   0.00010     0    1    2      1
     2   0.00000  -0.16120   0.00000   0.05373    0.00000  90.00000   0.00010     1    2    3      1
     3   0.00000  -0.10747   0.00000   0.05373    0.00000  90.00000   0.00010     2    3    4      1
     4   0.00000  -0.05373   0.00000   0.05373    0.00000  90.00000   0.00010     3    4    5      1
     5   0.00000   0.00000   0.00000   0.05373    0.00000  90.00000   0.00010     4    5    6      1
     6   0.00000   0.05373   0.00000   0.05373    0.00000  90.00000   0.00010     5    6    7      1
     7   0.00000   0.10747   0.00000   0.05373    0.00000  90.00000   0.00010     6    7    8      1
     8   0.00000   0.16120   0.00000   0.05373    0.00000  90.00000   0.00010     7    8    9      1
     9   0.00000   0.21493   0.00000   0.05373    0.00000  90.00000   0.00010     8    9    0      1






 ***** DATA CARD NO.  1   EX   0     1     5     0  1.00000E+00  0.00000E+00  0.00000E+00  0.00000E+00  0.00000E+00  0.00000E+00
 ***** DATA CARD NO.  2   FR   0     1     0     0  3.00000E+02  0.00000E+00  0.00000E+00  0.00000E+00  0.00000E+00  0.00000E+00
 ***** DATA CARD NO.  3   RP   0    37    73  1003 -1.80000E+02  0.00000E+00  5.00000E+00  5.00000E+00  0.00000E+00  0.00000E+00




                                 - - - - - - FREQUENCY - - - - - -

                                    FREQUENCY= 3.0000E+02 MHZ
                                    WAVELENGTH= 9.9933E-01 METERS




                    APPROXIMATE INTEGRATION EMPLOYED FOR SEGMENTS MORE THAN   1.000 WAVELENGTHS APART



                               - - - STRUCTURE IMPEDANCE LOADING - - -

                                   THIS STRUCTURE IS NOT LOADED



                                  - - - ANTENNA ENVIRONMENT - - -

                                            FREE SPACE



                                - - - MATRIX TIMING - - -

                        FILL=    0.000 SEC.,  FACTOR=    0.000 SEC.



                                          - - - ANTENNA INPUT PARAMETERS - - -

   TAG   SEG.    VOLTAGE (VOLTS)         CURRENT (AMPS)         IMPEDANCE (OHMS)        ADMITTANCE (MHOS)      POWER
   NO.   NO.    REAL        IMAG.       REAL        IMAG.       REAL        IMAG.       REAL        IMAG.     (WATTS)
     1     5 1.00000E+00 0.00000E+00 1.38737E-02 3.23330E-07 7.20788E+01-1.67981E-03 1.38737E-02 3.23330E-07 6.93685E-03



                             - - - CURRENTS AND LOCATION - - -

                                 DISTANCES IN WAVELENGTHS


  SEG.  TAG    COORD. OF SEG. CENTER     SEG.            - - - CURRENT (AMPS) - - -
  NO.   NO.     X        Y        Z      LENGTH     REAL        IMAG.       MAG.        PHASE
     1    1   0.0000  -0.2151   0.0000  0.05377   2.7101E-03 -1.8628E-04  2.7165E-03   -3.932
     2    1   0.0000  -0.1613   0.0000  0.05377   7.2873E-03 -4.0654E-04  7.2987E-03   -3.193
     3    1   0.0000  -0.1075   0.0000  0.05377   1.0826E-02 -4.3653E-04  1.0835E-02   -2.309
     4    1   0.0000  -0.0538   0.0000  0.05377   1.3093E-02 -2.6615E-04  1.3095E-02   -1.165
     5    1   0.0000   0.0000   0.0000  0.05377   1.3874E-02  3.2333E-07  1.3874E-02    0.001
     6    1   0.0000   0.0538   0.0000  0.05377   1.3093E-02 -2.6615E-04  1.3095E-02   -1.165
     7    1   0.0000   0.1075   0.0000  0.05377   1.0826E-02 -4.3653E-04  1.0835E-02   -2.309
     8    1   0.0000   0.1613   0.0000  0.05377   7.2873E-03 -4.0654E-04  7.2987E-03   -3.193
     9    1   0.0000   0.2151   0.0000  0.05377   2.7101E-03 -1.8628E-04  2.7165E-03   -3.932



                                        - - - POWER BUDGET - - -

                                           INPUT POWER   = 6.9369E-03 WATTS
                                           RADIATED POWER= 6.9369E-03 WATTS
                                           STRUCTURE LOSS= 0.0000E+00 WATTS
                                           NETWORK LOSS  = 0.0000E+00 WATTS
                                           EFFICIENCY    = 100.00 PERCENT



                                                - - - RADIATION PATTERNS - - -

  - - ANGLES - -           - POWER GAINS -       - - - POLARIZATION - - -    - - - E(THETA) - - -    - - - E(PHI) - - -
  THETA     PHI        VERT.   HOR.    TOTAL      AXIAL     TILT   SENSE     MAGNITUDE    PHASE      MAGNITUDE    PHASE 
 DEGREES  DEGREES       DB      DB      DB        RATIO     DEG.              VOLTS/M    DEGREES      VOLTS/M    DEGREES
 -180.00     0.00    -999.99    2.12    2.12    0.00000   -90.00  LINEAR    0.00000E+00     0.00    8.23169E-01   -91.80
 -175.00     0.00    -999.99    2.12    2.12    0.00000   -90.00  LINEAR    0.00000E+00     0.00    8.23169E-01   -91.80
 -170.00     0.00    -999.99    2.12    2.12    0.00000   -90.00  LINEAR    0.00000E+00     0.00    8.23169E-01   -91.80
 -165.00     0.00    -999.99    2.12    2.12    0.00000   -90.00  LINEAR    0.00000E+00     0.00    8.23169E-01   -91.80
 -160.00     0.00    -999.99    2.12    2.12    0.00000   -90.00  LINEAR    0.00000E+00     0.00    8.23169E-01   -91.80
 -155.00     0.00    -999.99    2.12    2.12    0.00000   -90.00  LINEAR    0.00000E+00     0.00    8.23169E-01   -91.80
 -150.00     0.00    -999.99    2.12    2.12    0.00000   -90.00  LINEAR    0.00000E+00     0.00    8.23169E-01   -91.80
 -145.00     0.00    -999.99    2.12    2.12    0.00000   -90.00  LINEAR    0.00000E+00     0.00    8.23169E-01   -91.80
 -140.00     0.00    -999.99    2.12    2.12    0.00000   -90.00  LINEAR    0.00000E+00     0.00    8.23169E-01   -91.80
 -135.00     0.00    -999.99    2.12    2.12    0.00000   -90.00  LINEAR    0.00000E+00     0.00    8.23169E-01   -91.80
 -130.00     0.00    -999.99    2.12    2.12    0.00000   -90.00  LINEAR    0.00000E+00     0.00    8.23169E-01   -91.80
 -125.00     0.00    -999.99    2.12    2.12    0.00000   -90.00  LINEAR    0.00000E+00     0.00    8.23169E-01   -91.80
 -120.00     0.00    -999.99    2.12    2.12    0.00000   -90.00  LINEAR    0.00000E+00     0.00    8.23169E-01   -91.80
 -115.00     0.00    -999.99    2.12    2.12    0.00000   -90.00  LINEAR    0.00000E+00     0.00    8.23169E-01   -91.80
 -110.00     0.00    -999.99    2.12    2.12    0.00000   -90.00  LINEAR    0.00000E+00     0.00    8.23169E-01   -91.80
 -105.00     0.00    -999.99    2.12    2.12    0.00000   -90.00  LINEAR    0.00000E+00     0.00    8.23169E-01   -91.80
 -100.00     0.00    -999.99    2.12    2.12    0.00000   -90.00  LINEAR    0.00000E+00     0.00    8.23169E-01   -91.80
  -95.00     0.00    -999.99    2.12    2.12    0.00000   -90.00  LINEAR    0.00000E+00     0.00    8.23169E-01   -91.80
  -90.00     0.00    -999.99    2.12    2.12    0.00000   -90.00  LINEAR    0.00000E+00     0.00    8.23169E-01   -91.80
  -85.00     0.00    -999.99    2.12    2.12    0.00000   -90.00  LINEAR    0.00000E+00     0.00    8.23169E-01   -91.80
  -80.00     0.00    -999.99    2.12    2.12    0.00000   -90.00  LINEAR    0.00000E+00     0.00    8.23169E-01   -91.80
  -75.00     0.00    -999.99    2.12    2.12    0.00000   -90.00  LINEAR    0.00000E+00     0.00    8.23169E-01   -91.80
  -70.00     0.00    -999.99    2.12    2.12    0.00000   -90.00  LINEAR    0.00000E+00     0.00    8.23169E-01   -91.80
  -65.00     0.00    -999.99    2.12    2.12    0.00000   -90.00  LINEAR    0.00000E+00     0.00    8.23169E-01   -91.80
  -60.00     0.00    -999.99    2.12    2.12    0.00000   -90.00  LINEAR    0.00000E+00     0.00    8.23169E-01   -91.80
  -55.00     0.00    -999.99    2.12    2.12    0.00000   -90.00  LINEAR    0.00000E+00     0.00    8.23169E-01   -91.80
  -50.00     0.00    -999.99    2.12    2.12    0.00000   -90.00  LINEAR    0.00000E+00     0.00    8.23169E-01   -91.80
  -45.00     0.00    -999.99    2.12    2.12    0.00000   -90.00  LINEAR    0.00000E+00     0.00    8.23169E-01   -91.80
  -40.00     0.00    -999.99    2.12    2.12    0.00000   -90.00  LINEAR    0.00000E+00     0.00    8.23169E-01   -91.80
  -35.00     0.00    -999.99    2.12    2.12    0.00000   -90.00  LINEAR    0.00000E+00     0.00    8.23169E-01   -91.80
  -30.00     0.00    -999.99    2.12    2.12    0.00000   -90.00  LINEAR    0.00000E+00     0.00    8.23169E-01   -91.80
  -25.00     0.00    -999.99    2.12    2.12    0.00000   -90.00  LINEAR    0.00000E+00     0.00    8.23169E-01   -91.80
  -20.00     0.00    -999.99    2.12    2.12    0.00000   -90.00  LINEAR    0.00000E+00     0.00    8.23169E-01   -91.80
  -15.00     0.00    -999.99    2.12    2.12    0.00000   -90.00  LINEAR    0.00000E+00     0.00    8.23169E-01   -91.80
  -10.00     0.00    -999.99    2.12    2.12    0.00000   -90.00  LINEAR    0.00000E+00     0.00    8.23169E-01   -91.80
   -5.00     0.00    -999.99    2.12    2.12    0.00000   -90.00  LINEAR    0.00000E+00     0.00    8.23169E-01   -91.80
    0.00     0.00    -999.99    2.12    2.12    0.00000   -90.00  LINEAR    0.00000E+00     0.00    8.23169E-01   -91.80
 -180.00     5.00     -19.07    2.09    2.12    0.00000   -85.00  LINEAR    7.17439E-02    88.20    8.20037E-01   -91.80
 -175.00     5.00     -19.11    2.09    2.12    0.00000   -85.02  LINEAR    7.14700E-02    88.20    8.20026E-01   -91.80
 -170.00     5.00     -19.21    2.09    2.12    0.00000   -85.08  LINEAR    7.06503E-02    88.20    8.19994E-01   -91.80
 -165.00     5.00     -19.38    2.09    2.12    0.00000   -85.17  LINEAR    6.92913E-02    88.20    8.19942E-01   -91.80
 -160.00     5.00     -19.62    2.08    2.11    0.00000   -85.30  LINEAR    6.74037E-02    88.20    8.19872E-01   -91.80
 -155.00     5.00     -19.93    2.08    2.11    0.00000   -85.47  LINEAR    6.50021E-02    88.20    8.19785E-01   -91.80
 -150.00     5.00     -20.33    2.08    2.11    0.00000   -85.67  LINEAR    6.21054E-02    88.20    8.19685E-01   -91.80
 -145.00     5.00     -20.81    2.08    2.10    0.00000   -85.90  LINEAR    5.87360E-02    88.20    8.19574E-01   -91.80
 -140.00     5.00     -21.40    2.08    2.10    0.00000   -86.17  LINEAR    5.49201E-02    88.20    8.19456E-01   -91.80
 -135.00     5.00     -22.09    2.08    2.10    0.00000   -86.46  LINEAR    5.06871E-02    88.20    8.19333E-01   -91.80
 -130.00     5.00     -22.92    2.08    2.09    0.00000   -86.78  LINEAR    4.60697E-02    88.20    8.19211E-01   -91.80
 -125.00     5.00     -23.91    2.08    2.09    0.00000   -87.13  LINEAR    4.11033E-02    88.20    8.19093E-01   -91.80
 -120.00     5.00     -25.11    2.08    2.08    0.00000   -87.50  LINEAR    3.58258E-02    88.20    8.18982E-01   -91.80
 -115.00     5.00     -26.57    2.07    2.08    0.00000   -87.88  LINEAR    3.02776E-02    88.20    8.18882E-01   -91.80
 -110.00     5.00     -28.41    2.07    2.08    0.00000   -88.29  LINEAR    2.45007E-02    88.20    8.18795E-01   -91.80
 -105.00     5.00     -30.83    2.07    2.07    0.00000   -88.70  LINEAR    1.85390E-02    88.20    8.18725E-01   -91.80
 -100.00     5.00     -34.30    2.07    2.07    0.00000   -89.13  LINEAR    1.24375E-02    88.20    8.18673E-01   -91.80
  -95.00     5.00     -40.28    2.07    2.07    0.00000   -89.56  LINEAR    6.24226E-03    88.20    8.18641E-01   -91.80
  -90.00     5.00    -999.99    2.07    2.07    0.00000   -90.00  LINEAR    3.65511E-13    88.20    8.18631E-01   -91.80
  -85.00     5.00     -40.28    2.07    2.07    0.00000    89.56  LINEAR    6.24226E-03   -91.80    8.18641E-01   -91.80
  -80.00     5.00     -34.30    2.07    2.07    0.00000    89.13  LINEAR    1.24375E-02   -91.80    8.18673E-01   -91.80
  -75.00     5.00     -30.83    2.07    2.07    0.00000    88.70  LINEAR    1.85390E-02   -91.80    8.18725E-01   -91.80
  -70.00     5.00     -28.41    2.07    2.08    0.00000    88.29  LINEAR    2.45007E-02   -91.80    8.18795E-01   -91.80
  -65.00     5.00     -26.57    2.07    2.08    0.00000    87.88  LINEAR    3.02776E-02   -91.80    8.18882E-01   -91.80
  -60.00     5.00     -25.11    2.08    2.08    0.00000    87.50  LINEAR    3.58258E-02   -91.80    8.18982E-01   -91.80
  -55.00     5.00     -23.91    2.08    2.09    0.00000    87.13  LINEAR    4.11033E-02   -91.80    8.19093E-01   -91.80
  -50.00     5.00     -22.92    2.08    2.09    0.00000    86.78  LINEAR    4.60697E-02   -91.80    8.19211E-01   -91.80
  -45.00     5.00     -22.09    2.08    2.10    0.00000    86.46  LINEAR    5.06871E-02   -91.80    8.19333E-01   -91.80
  -40.00     5.00     -21.40    2.08    2.10    0.00000    86.17  LINEAR    5.49201E-02   -91.80    8.19456E-01   -91.80
  -35.00     5.00     -20.81    2.08    2.10    0.00000    85.90  LINEAR    5.87360E-02   -91.80    8.19574E-01   -91.80
  -30.00     5.00     -20.33    2.08    2.11    0.00000    85.67  LINEAR    6.21054E-02   -91.80    8.19685E-01   -91.80
  -25.00     5.00     -19.93    2.08    2.11    0.00000    85.47  LINEAR    6.50021E-02   -91.80    8.19785E-01   -91.80
  -20.00     5.00     -19.62    2.08    2.11    0.00000    85.30  LINEAR    6.74037E-02   -91.80    8.19872E-01   -91.80
  -15.00     5.00     -19.38    2.09    2.12    0.00000    85.17  LINEAR    6.92913E-02   -91.80    8.19942E-01   -91.80
  -10.00     5.00     -19.21    2.09    2.12    0.00000    85.08  LINEAR    7.06503E-02   -91.80    8.19994E-01   -91.80
   -5.00     5.00     -19.11    2.09    2.12    0.00000    85.02  LINEAR    7.14700E-02   -91.80    8.20026E-01   -91.80
    0.00     5.00     -19.07    2.09    2.12    0.00000    85.00  LINEAR    7.17439E-02   -91.80    8.20037E-01   -91.80
 -180.00    10.00     -13.09    1.99    2.12    0.00000   -80.00  LINEAR    1.42942E-01    88.20    8.10663E-01   -91.80
 -175.00    10.00     -13.12    1.99    2.12    0.00000   -80.04  LINEAR    1.42390E-01    88.20    8.10621E-01   -91.80
 -170.00    10.00     -13.22    1.98    2.11    0.00000   -80.15  LINEAR    1.40741E-01    88.20    8.10497E-01   -91.80
 -165.00    10.00     -13.39    1.98    2.11    0.00000   -80.33  LINEAR    1.38008E-01    88.20    8.10294E-01   -91.80
 -160.00    10.00     -13.63    1.98    2.10    0.00000   -80.59  LINEAR    1.34214E-01    88.20    8.10018E-01   -91.80
 -155.00    10.00     -13.95    1.98    2.09    0.00000   -80.92  LINEAR    1.29392E-01    88.20    8.09678E-01   -91.80
 -150.00    10.00     -14.35    1.97    2.07    0.00000   -81.32  LINEAR    1.23581E-01    88.20    8.09284E-01   -91.80
 -145.00    10.00     -14.84    1.97    2.06    0.00000   -81.78  LINEAR    1.16829E-01    88.20    8.08849E-01   -91.80
 -140.00    10.00     -15.43    1.96    2.04    0.00000   -82.31  LINEAR    1.09192E-01    88.20    8.08385E-01   -91.80
 -135.00    10.00     -16.13    1.96    2.02    0.00000   -82.89  LINEAR    1.00731E-01    88.20    8.07907E-01   -91.80
 -130.00    10.00     -16.96    1.95    2.01    0.00000   -83.53  LINEAR    9.15146E-02    88.20    8.07429E-01   -91.80
 -125.00    10.00     -17.95    1.95    1.99    0.00000   -84.22  LINEAR    8.16141E-02    88.20    8.06965E-01   -91.80
 -120.00    10.00     -19.15    1.94    1.98    0.00000   -84.96  LINEAR    7.11066E-02    88.20    8.06531E-01   -91.80
 -115.00    10.00     -20.62    1.94    1.96    0.00000   -85.74  LINEAR    6.00726E-02    88.20    8.06138E-01   -91.80
 -110.00    10.00     -22.46    1.93    1.95    0.00000   -86.55  LINEAR    4.85957E-02    88.21    8.05800E-01   -91.79
 -105.00    10.00     -24.88    1.93    1.94    0.00000   -87.39  LINEAR    3.67616E-02    88.21    8.05525E-01   -91.79
 -100.00    10.00     -28.35    1.93    1.93    0.00000   -88.25  LINEAR    2.46581E-02    88.21    8.05322E-01   -91.79
  -95.00    10.00     -34.34    1.93    1.93    0.00000   -89.12  LINEAR    1.23742E-02    88.21    8.05199E-01   -91.79
  -90.00    10.00    -999.99    1.93    1.93    0.00000   -90.00  LINEAR    7.24536E-13    88.21    8.05157E-01   -91.79
  -85.00    10.00     -34.34    1.93    1.93    0.00000    89.12  LINEAR    1.23742E-02   -91.79    8.05199E-01   -91.79
  -80.00    10.00     -28.35    1.93    1.93    0.00000    88.25  LINEAR    2.46581E-02   -91.79    8.05322E-01   -91.79
  -75.00    10.00     -24.88    1.93    1.94    0.00000    87.39  LINEAR    3.67616E-02   -91.79    8.05525E-01   -91.79
  -70.00    10.00     -22.46    1.93    1.95    0.00000    86.55  LINEAR    4.85957E-02   -91.79    8.05800E-01   -91.79
  -65.00    10.00     -20.62    1.94    1.96    0.00000    85.74  LINEAR    6.00726E-02   -91.80    8.06138E-01   -91.80
  -60.00    10.00     -19.15    1.94    1.98    0.00000    84.96  LINEAR    7.11066E-02   -91.80    8.06531E-01   -91.80
  -55.00    10.00     -17.95    1.95    1.99    0.00000    84.22  LINEAR    8.16141E-02   -91.80    8.06965E-01   -91.80
  -50.00    10.00     -16.96    1.95    2.01    0.00000    83.53  LINEAR    9.15146E-02   -91.80    8.07429E-01   -91.80
  -45.00    10.00     -16.13    1.96    2.02    0.00000    82.89  LINEAR    1.00731E-01   -91.80    8.07907E-01   -91.80
  -40.00    10.00     -15.43    1.96    2.04    0.00000    82.31  LINEAR    1.09192E-01   -91.80    8.08385E-01   -91.80
  -35.00    10.00     -14.84    1.97    2.06    0.00000    81.78  LINEAR    1.16829E-01   -91.80    8.08849E-01   -91.80
  -30.00    10.00     -14.35    1.97    2.07    0.00000    81.32  LINEAR    1.23581E-01   -91.80    8.09284E-01   -91.80
  -25.00    10.00     -13.95    1.98    2.09    0.00000    80.92  LINEAR    1.29392E-01   -91.80    8.09678E-01   -91.80
  -20.00    10.00     -13.63    1.98    2.10    0.00000    80.59  LINEAR    1.34214E-01   -91.80    8.10018E-01   -91.80
  -15.00    10.00     -13.39    1.98    2.11    0.00000    80.33  LINEAR    1.38008E-01   -91.80    8.10294E-01   -91.80
  -10.00    10.00     -13.22    1.98    2.11    0.00000    80.15  LINEAR    1.40741E-01   -91.80    8.10497E-01   -91.80
   -5.00    10.00     -13.12    1.99    2.12    0.00000    80.04  LINEAR    1.42390E-01   -91.80    8.10621E-01   -91.80
    0.00    10.00     -13.09    1.99    2.12    0.00000    80.00  LINEAR    1.42942E-01   -91.80    8.10663E-01   -91.80
 -180.00    15.00      -9.62    1.82    2.12    0.00000   -75.00  LINEAR    2.13052E-01    88.20    7.95120E-01   -91.80
 -175.00    15.00      -9.65    1.82    2.12    0.00000   -75.05  LINEAR    2.12217E-01    88.20    7.95029E-01   -91.80
 -170.00    15.00      -9.76    1.81    2.11    0.00000   -75.22  LINEAR    2.09719E-01    88.20    7.94758E-01   -91.80
 -165.00    15.00      -9.93    1.81    2.09    0.00000   -75.49  LINEAR    2.05584E-01    88.20    7.94315E-01   -91.80
 -160.00    15.00     -10.18    1.80    2.07    0.00000   -75.87  LINEAR    1.99849E-01    88.20    7.93714E-01   -91.80
 -155.00    15.00     -10.50    1.80    2.04    0.00000   -76.35  LINEAR    1.92569E-01    88.20    7.92974E-01   -91.80
 -150.00    15.00     -10.90    1.79    2.01    0.00000   -76.94  LINEAR    1.83811E-01    88.20    7.92117E-01   -91.80
 -145.00    15.00     -11.40    1.78    1.98    0.00000   -77.62  LINEAR    1.73655E-01    88.20    7.91170E-01   -91.80
 -140.00    15.00     -11.99    1.76    1.94    0.00000   -78.40  LINEAR    1.62189E-01    88.21    7.90162E-01   -91.79
 -135.00    15.00     -12.70    1.75    1.91    0.00000   -79.27  LINEAR    1.49514E-01    88.21    7.89123E-01   -91.79
 -130.00    15.00     -13.54    1.74    1.87    0.00000   -80.23  LINEAR    1.35735E-01    88.21    7.88085E-01   -91.79
 -125.00    15.00     -14.54    1.73    1.83    0.00000   -81.26  LINEAR    1.20966E-01    88.21    7.87079E-01   -91.79
 -120.00    15.00     -15.74    1.72    1.80    0.00000   -82.37  LINEAR    1.05322E-01    88.21    7.86136E-01   -91.79
 -115.00    15.00     -17.21    1.71    1.77    0.00000   -83.54  LINEAR    8.89258E-02    88.21    7.85285E-01   -91.79
 -110.00    15.00     -19.06    1.70    1.74    0.00000   -84.76  LINEAR    7.18994E-02    88.21    7.84551E-01   -91.79
 -105.00    15.00     -21.48    1.70    1.72    0.00000   -86.03  LINEAR    5.43676E-02    88.21    7.83955E-01   -91.79
 -100.00    15.00     -24.95    1.69    1.70    0.00000   -87.34  LINEAR    3.64562E-02    88.22    7.83517E-01   -91.78
  -95.00    15.00     -30.95    1.69    1.69    0.00000   -88.66  LINEAR    1.82914E-02    88.22    7.83248E-01   -91.78
  -90.00    15.00    -999.99    1.69    1.69    0.00000   -90.00  LINEAR    1.07093E-12    88.22    7.83158E-01   -91.78
  -85.00    15.00     -30.95    1.69    1.69    0.00000    88.66  LINEAR    1.82914E-02   -91.78    7.83248E-01   -91.78
  -80.00    15.00     -24.95    1.69    1.70    0.00000    87.34  LINEAR    3.64562E-02   -91.78    7.83517E-01   -91.78
  -75.00    15.00     -21.48    1.70    1.72    0.00000    86.03  LINEAR    5.43676E-02   -91.79    7.83955E-01   -91.79
  -70.00    15.00     -19.06    1.70    1.74    0.00000    84.76  LINEAR    7.18994E-02   -91.79    7.84551E-01   -91.79
  -65.00    15.00     -17.21    1.71    1.77    0.00000    83.54  LINEAR    8.89258E-02   -91.79    7.85285E-01   -91.79
  -60.00    15.00     -15.74    1.72    1.80    0.00000    82.37  LINEAR    1.05322E-01   -91.79    7.86136E-01   -91.79
  -55.00    15.00     -14.54    1.73    1.83    0.00000    81.26  LINEAR    1.20966E-01   -91.79    7.87079E-01   -91.79
  -50.00    15.00     -13.54    1.74    1.87    0.00000    80.23  LINEAR    1.35735E-01   -91.79    7.88085E-01   -91.79
  -45.00    15.00     -12.70    1.75    1.91    0.00000    79.27  LINEAR    1.49514E-01   -91.79    7.89123E-01   -91.79
  -40.00    15.00     -11.99    1.76    1.94    0.00000    78.40  LINEAR    1.62189E-01   -91.79    7.90162E-01   -91.79
  -35.00    15.00     -11.40    1.78    1.98    0.00000    77.62  LINEAR    1.73655E-01   -91.80    7.91170E-01   -91.80
  -30.00    15.00     -10.90    1.79    2.01    0.00000    76.94  LINEAR    1.83811E-01   -91.80    7.92117E-01   -91.80
  -25.00    15.00     -10.50    1.80    2.04    0.00000    76.35  LINEAR    1.92569E-01   -91.80    7.92974E-01   -91.80
  -20.00    15.00     -10.18    1.80    2.07    0.00000    75.87  LINEAR    1.99849E-01   -91.80    7.93714E-01   -91.80
  -15.00    15.00      -9.93    1.81    2.09    0.00000    75.49  LINEAR    2.05584E-01   -91.80    7.94315E-01   -91.80
  -10.00    15.00      -9.76    1.81    2.11    0.00000    75.22  LINEAR    2.09719E-01   -91.80    7.94758E-01   -91.80
   -5.00    15.00      -9.65    1.82    2.12    0.00000    75.05  LINEAR    2.12217E-01   -91.80    7.95029E-01   -91.80
    0.00    15.00      -9.62    1.82    2.12    0.00000    75.00  LINEAR    2.13052E-01   -91.80    7.95120E-01   -91.80
 -180.00    20.00      -7.20    1.58    2.12    0.00000   -70.00  LINEAR    2.81540E-01    88.20    7.73526E-01   -91.80
 -175.00    20.00      -7.23    1.58    2.11    0.00000   -70.07  LINEAR    2.80413E-01    88.20    7.73371E-01   -91.80
 -170.00    20.00      -7.34    1.57    2.10    0.00000   -70.28  LINEAR    2.77042E-01    88.20    7.72910E-01   -91.80
 -165.00    20.00      -7.52    1.56    2.07    0.00000   -70.63  LINEAR    2.71466E-01    88.20    7.72158E-01   -91.80
 -160.00    20.00      -7.77    1.55    2.03    0.00000   -71.12  LINEAR    2.63745E-01    88.20    7.71138E-01   -91.80
 -155.00    20.00      -8.09    1.54    1.99    0.00000   -71.74  LINEAR    2.53960E-01    88.20    7.69883E-01   -91.80
 -150.00    20.00      -8.51    1.52    1.93    0.00000   -72.50  LINEAR    2.42215E-01    88.21    7.68430E-01   -91.79
 -145.00    20.00      -9.01    1.50    1.87    0.00000   -73.40  LINEAR    2.28626E-01    88.21    7.66825E-01   -91.79
 -140.00    20.00      -9.61    1.48    1.81    0.00000   -74.42  LINEAR    2.13328E-01    88.21    7.65117E-01   -91.79
 -135.00    20.00     -10.32    1.46    1.74    0.00000   -75.57  LINEAR    1.96462E-01    88.21    7.63358E-01   -91.79
 -130.00    20.00     -11.17    1.44    1.68    0.00000   -76.83  LINEAR    1.78181E-01    88.22    7.61602E-01   -91.78
 -125.00    20.00     -12.18    1.43    1.61    0.00000   -78.21  LINEAR    1.58641E-01    88.22    7.59903E-01   -91.78
 -120.00    20.00     -13.39    1.41    1.55    0.00000   -79.69  LINEAR    1.38001E-01    88.22    7.58310E-01   -91.78
 -115.00    20.00     -14.87    1.39    1.49    0.00000   -81.26  LINEAR    1.16423E-01    88.22    7.56873E-01   -91.78
 -110.00    20.00     -16.72    1.38    1.44    0.00000   -82.90  LINEAR    9.40653E-02    88.23    7.55634E-01   -91.77
 -105.00    20.00     -19.15    1.36    1.40    0.00000   -84.62  LINEAR    7.10880E-02    88.23    7.54631E-01   -91.77
 -100.00    20.00     -22.63    1.36    1.37    0.00000   -86.38  LINEAR    4.76480E-02    88.23    7.53892E-01   -91.77
  -95.00    20.00     -28.62    1.35    1.36    0.00000   -88.18  LINEAR    2.39007E-02    88.23    7.53439E-01   -91.77
  -90.00    20.00    -999.99    1.35    1.35    0.00000   -90.00  LINEAR    1.39922E-12    88.23    7.53287E-01   -91.77
  -85.00    20.00     -28.62    1.35    1.36    0.00000    88.18  LINEAR    2.39007E-02   -91.77    7.53439E-01   -91.77
  -80.00    20.00     -22.63    1.36    1.37    0.00000    86.38  LINEAR    4.76480E-02   -91.77    7.53892E-01   -91.77
  -75.00    20.00     -19.15    1.36    1.40    0.00000    84.62  LINEAR    7.10880E-02   -91.77    7.54631E-01   -91.77
  -70.00    20.00     -16.72    1.38    1.44    0.00000    82.90  LINEAR    9.40653E-02   -91.77    7.55634E-01   -91.77
  -65.00    20.00     -14.87    1.39    1.49    0.00000    81.26  LINEAR    1.16423E-01   -91.78    7.56873E-01   -91.78
  -60.00    20.00     -13.39    1.41    1.55    0.00000    79.69  LINEAR    1.38001E-01   -91.78    7.58310E-01   -91.78
  -55.00    20.00     -12.18    1.43    1.61    0.00000    78.21  LINEAR    1.58641E-01   -91.78    7.59903E-01   -91.78
  -50.00    20.00     -11.17    1.44    1.68    0.00000    76.83  LINEAR    1.78181E-01   -91.78    7.61602E-01   -91.78
  -45.00    20.00     -10.32    1.46    1.74    0.00000    75.57  LINEAR    1.96462E-01   -91.79    7.63358E-01   -91.79
  -40.00    20.00      -9.61    1.48    1.81    0.00000    74.42  LINEAR    2.13328E-01   -91.79    7.65117E-01   -91.79
  -35.00    20.00      -9.01    1.50    1.87    0.00000    73.40  LINEAR    2.28626E-01   -91.79    7.66825E-01   -91.79
  -30.00    20.00      -8.51    1.52    1.93    0.00000    72.50  LINEAR    2.42215E-01   -91.79    7.68430E-01   -91.79
  -25.00    20.00      -8.09    1.54    1.99    0.00000    71.74  LINEAR    2.53960E-01   -91.80    7.69883E-01   -91.80
  -20.00    20.00      -7.77    1.55    2.03    0.00000    71.12  LINEAR    2.63745E-01   -91.80    7.71138E-01   -91.80
  -15.00    20.00      -7.52    1.56    2.07    0.00000    70.63  LINEAR    2.71466E-01   -91.80    7.72158E-01   -91.80
  -10.00    20.00      -7.34    1.57    2.10    0.00000    70.28  LINEAR    2.77042E-01   -91.80    7.72910E-01   -91.80
   -5.00    20.00      -7.23    1.58    2.11    0.00000    70.07  LINEAR    2.80413E-01   -91.80    7.73371E-01   -91.80
    0.00    20.00      -7.20    1.58    2.12    0.00000    70.00  LINEAR    2.81540E-01   -91.80    7.73526E-01   -91.80
 -180.00    25.00      -5.36    1.27    2.12    0.00000   -65.00  LINEAR    3.47886E-01    88.20    7.46044E-01   -91.80
 -175.00    25.00      -5.40    1.26    2.11    0.00000   -65.08  LINEAR    3.46456E-01    88.20    7.45816E-01   -91.80
 -170.00    25.00      -5.50    1.25    2.09    0.00000   -65.33  LINEAR    3.42185E-01    88.20    7.45138E-01   -91.80
 -165.00    25.00      -5.69    1.24    2.04    0.00000   -65.75  LINEAR    3.35125E-01    88.20    7.44031E-01   -91.80
 -160.00    25.00      -5.94    1.22    1.99    0.00000   -66.34  LINEAR    3.25366E-01    88.20    7.42531E-01   -91.80
 -155.00    25.00      -6.28    1.20    1.92    0.00000   -67.09  LINEAR    3.13027E-01    88.21    7.40684E-01   -91.79
 -150.00    25.00      -6.70    1.18    1.83    0.00000   -68.01  LINEAR    2.98252E-01    88.21    7.38549E-01   -91.79
 -145.00    25.00      -7.21    1.15    1.74    0.00000   -69.09  LINEAR    2.81209E-01    88.21    7.36193E-01   -91.79
 -140.00    25.00      -7.82    1.12    1.64    0.00000   -70.34  LINEAR    2.62082E-01    88.22    7.33687E-01   -91.78
 -135.00    25.00      -8.55    1.09    1.54    0.00000   -71.75  LINEAR    2.41068E-01    88.22    7.31109E-01   -91.78
 -130.00    25.00      -9.41    1.06    1.43    0.00000   -73.31  LINEAR    2.18370E-01    88.23    7.28538E-01   -91.77
 -125.00    25.00     -10.43    1.03    1.33    0.00000   -75.03  LINEAR    1.94192E-01    88.23    7.26051E-01   -91.77
 -120.00    25.00     -11.65    1.00    1.23    0.00000   -76.88  LINEAR    1.68739E-01    88.23    7.23723E-01   -91.77
 -115.00    25.00     -13.13    0.98    1.14    0.00000   -78.85  LINEAR    1.42210E-01    88.24    7.21623E-01   -91.76
 -110.00    25.00     -14.99    0.95    1.06    0.00000   -80.94  LINEAR    1.14801E-01    88.24    7.19815E-01   -91.76
 -105.00    25.00     -17.43    0.94    1.00    0.00000   -83.12  LINEAR    8.66972E-02    88.24    7.18350E-01   -91.76
 -100.00    25.00     -20.91    0.92    0.95    0.00000   -85.37  LINEAR    5.80800E-02    88.24    7.17272E-01   -91.76
  -95.00    25.00     -26.91    0.92    0.92    0.00000   -87.67  LINEAR    2.91241E-02    88.25    7.16613E-01   -91.75
  -90.00    25.00    -999.99    0.91    0.91    0.00000   -90.00  LINEAR    1.70484E-12    88.25    7.16391E-01   -91.75
  -85.00    25.00     -26.91    0.92    0.92    0.00000    87.67  LINEAR    2.91241E-02   -91.75    7.16613E-01   -91.75
  -80.00    25.00     -20.91    0.92    0.95    0.00000    85.37  LINEAR    5.80800E-02   -91.76    7.17272E-01   -91.76
  -75.00    25.00     -17.43    0.94    1.00    0.00000    83.12  LINEAR    8.66972E-02   -91.76    7.18350E-01   -91.76
  -70.00    25.00     -14.99    0.95    1.06    0.00000    80.94  LINEAR    1.14801E-01   -91.76    7.19815E-01   -91.76
  -65.00    25.00     -13.13    0.98    1.14    0.00000    78.85  LINEAR    1.42210E-01   -91.76    7.21623E-01   -91.76
  -60.00    25.00     -11.65    1.00    1.23    0.00000    76.88  LINEAR    1.68739E-01   -91.77    7.23723E-01   -91.77
  -55.00    25.00     -10.43    1.03    1.33    0.00000    75.03  LINEAR    1.94192E-01   -91.77    7.26051E-01   -91.77
  -50.00    25.00      -9.41    1.06    1.43    0.00000    73.31  LINEAR    2.18370E-01   -91.77    7.28538E-01   -91.77
  -45.00    25.00      -8.55    1.09    1.54    0.00000    71.75  LINEAR    2.41068E-01   -91.78    7.31109E-01   -91.78
  -40.00    25.00      -7.82    1.12    1.64    0.00000    70.34  LINEAR    2.62082E-01   -91.78    7.33687E-01   -91.78
  -35.00    25.00      -7.21    1.15    1.74    0.00000    69.09  LINEAR    2.81209E-01   -91.79    7.36193E-01   -91.79
  -30.00    25.00      -6.70    1.18    1.83    0.00000    68.01  LINEAR    2.98252E-01   -91.79    7.38549E-01   -91.79
  -25.00    25.00      -6.28    1.20    1.92    0.00000    67.09  LINEAR    3.13027E-01   -91.79    7.40684E-01   -91.79
  -20.00    25.00      -5.94    1.22    1.99    0.00000    66.34  LINEAR    3.25366E-01   -91.80    7.42531E-01   -91.80
  -15.00    25.00      -5.69    1.24    2.04    0.00000    65.75  LINEAR    3.35125E-01   -91.80    7.44031E-01   -91.80
  -10.00    25.00      -5.50    1.25    2.09    0.00000    65.33  LINEAR    3.42185E-01   -91.80    7.45138E-01   -91.80
   -5.00    25.00      -5.40    1.26    2.11    0.00000    65.08  LINEAR    3.46456E-01   -91.80    7.45816E-01   -91.80
    0.00    25.00      -5.36    1.27    2.12    0.00000    65.00  LINEAR    3.47886E-01   -91.80    7.46044E-01   -91.80
 -180.00    30.00      -3.90    0.87    2.12    0.00000   -60.00  LINEAR    4.11585E-01    88.20    7.12885E-01   -91.80
 -175.00    30.00      -3.94    0.87    2.11    0.00000   -60.09  LINEAR    4.09842E-01    88.20    7.12580E-01   -91.80
 -170.00    30.00      -4.05    0.86    2.07    0.00000   -60.38  LINEAR    4.04642E-01    88.20    7.11672E-01   -91.80
 -165.00    30.00      -4.23    0.84    2.01    0.00000   -60.85  LINEAR    3.96059E-01    88.20    7.10193E-01   -91.80
 -160.00    30.00      -4.50    0.81    1.93    0.00000   -61.52  LINEAR    3.84215E-01    88.21    7.08189E-01   -91.79
 -155.00    30.00      -4.84    0.78    1.83    0.00000   -62.38  LINEAR    3.69275E-01    88.21    7.05723E-01   -91.79
 -150.00    30.00      -5.27    0.75    1.72    0.00000   -63.43  LINEAR    3.51438E-01    88.21    7.02875E-01   -91.79
 -145.00    30.00      -5.80    0.71    1.59    0.00000   -64.69  LINEAR    3.30930E-01    88.22    6.99734E-01   -91.78
 -140.00    30.00      -6.42    0.67    1.44    0.00000   -66.14  LINEAR    3.07999E-01    88.23    6.96396E-01   -91.77
 -135.00    30.00      -7.16    0.62    1.29    0.00000   -67.79  LINEAR    2.82903E-01    88.23    6.92967E-01   -91.77
 -130.00    30.00      -8.03    0.58    1.14    0.00000   -69.64  LINEAR    2.55901E-01    88.24    6.89550E-01   -91.76
 -125.00    30.00      -9.06    0.54    0.99    0.00000   -71.68  LINEAR    2.27254E-01    88.24    6.86248E-01   -91.76
 -120.00    30.00     -10.29    0.50    0.85    0.00000   -73.90  LINEAR    1.97211E-01    88.25    6.83160E-01   -91.75
 -115.00    30.00     -11.79    0.46    0.72    0.00000   -76.29  LINEAR    1.66011E-01    88.25    6.80378E-01   -91.75
 -110.00    30.00     -13.66    0.43    0.60    0.00000   -78.83  LINEAR    1.33878E-01    88.26    6.77983E-01   -91.74
 -105.00    30.00     -16.10    0.41    0.51    0.00000   -81.50  LINEAR    1.01021E-01    88.26    6.76044E-01   -91.74
 -100.00    30.00     -19.59    0.39    0.43    0.00000   -84.27  LINEAR    6.76345E-02    88.26    6.74619E-01   -91.74
  -95.00    30.00     -25.59    0.38    0.39    0.00000   -87.12  LINEAR    3.39025E-02    88.26    6.73747E-01   -91.74
  -90.00    30.00    -999.99    0.38    0.38    0.00000   -90.00  LINEAR    1.98430E-12    88.27    6.73453E-01   -91.73
  -85.00    30.00     -25.59    0.38    0.39    0.00000    87.12  LINEAR    3.39025E-02   -91.74    6.73747E-01   -91.74
  -80.00    30.00     -19.59    0.39    0.43    0.00000    84.27  LINEAR    6.76345E-02   -91.74    6.74619E-01   -91.74
  -75.00    30.00     -16.10    0.41    0.51    0.00000    81.50  LINEAR    1.01021E-01   -91.74    6.76044E-01   -91.74
  -70.00    30.00     -13.66    0.43    0.60    0.00000    78.83  LINEAR    1.33878E-01   -91.74    6.77983E-01   -91.74
  -65.00    30.00     -11.79    0.46    0.72    0.00000    76.29  LINEAR    1.66011E-01   -91.75    6.80378E-01   -91.75
  -60.00    30.00     -10.29    0.50    0.85    0.00000    73.90  LINEAR    1.97211E-01   -91.75    6.83160E-01   -91.75
  -55.00    30.00      -9.06    0.54    0.99    0.00000    71.68  LINEAR    2.27254E-01   -91.76    6.86248E-01   -91.76
  -50.00    30.00      -8.03    0.58    1.14    0.00000    69.64  LINEAR    2.55901E-01   -91.76    6.89550E-01   -91.76
  -45.00    30.00      -7.16    0.62    1.29    0.00000    67.79  LINEAR    2.82903E-01   -91.77    6.92967E-01   -91.77
  -40.00    30.00      -6.42    0.67    1.44    0.00000    66.14  LINEAR    3.07999E-01   -91.77    6.96396E-01   -91.77
  -35.00    30.00      -5.80    0.71    1.59    0.00000    64.69  LINEAR    3.30930E-01   -91.78    6.99734E-01   -91.78
  -30.00    30.00      -5.27    0.75    1.72    0.00000    63.43  LINEAR    3.51438E-01   -91.79    7.02875E-01   -91.79
  -25.00    30.00      -4.84    0.78    1.83    0.00000    62.38  LINEAR    3.69275E-01   -91.79    7.05723E-01   -91.79
  -20.00    30.00      -4.50    0.81    1.93    0.00000    61.52  LINEAR    3.84215E-01   -91.79    7.08189E-01   -91.79
  -15.00    30.00      -4.23    0.84    2.01    0.00000    60.85  LINEAR    3.96059E-01   -91.80    7.10193E-01   -91.80
  -10.00    30.00      -4.05    0.86    2.07    0.00000    60.38  LINEAR    4.04642E-01   -91.80    7.11672E-01   -91.80
   -5.00    30.00      -3.94    0.87    2.11    0.00000    60.09  LINEAR    4.09842E-01   -91.80    7.12580E-01   -91.80
    0.00    30.00      -3.90    0.87    2.12    0.00000    60.00  LINEAR    4.11585E-01   -91.80    7.12885E-01   -91.80
 -180.00    35.00      -2.71    0.39    2.12    0.00000   -55.00  LINEAR    4.72150E-01    88.20    6.74301E-01   -91.80
 -175.00    35.00      -2.75    0.38    2.10    0.00000   -55.10  LINEAR    4.70088E-01    88.20    6.73920E-01   -91.80
 -170.00    35.00      -2.86    0.37    2.06    0.00000   -55.41  LINEAR    4.63937E-01    88.20    6.72791E-01   -91.80
 -165.00    35.00      -3.05    0.34    1.98    0.00000   -55.93  LINEAR    4.53797E-01    88.20    6.70951E-01   -91.80
 -160.00    35.00      -3.32    0.31    1.87    0.00000   -56.66  LINEAR    4.39833E-01    88.21    6.68459E-01   -91.79
 -155.00    35.00      -3.68    0.27    1.74    0.00000   -57.60  LINEAR    4.22263E-01    88.21    6.65396E-01   -91.79
 -150.00    35.00      -4.12    0.23    1.59    0.00000   -58.77  LINEAR    4.01351E-01    88.22    6.61861E-01   -91.78
 -145.00    35.00      -4.65    0.17    1.41    0.00000   -60.16  LINEAR    3.77393E-01    88.23    6.57965E-01   -91.77
 -140.00    35.00      -5.29    0.12    1.22    0.00000   -61.79  LINEAR    3.50709E-01    88.23    6.53831E-01   -91.77
 -135.00    35.00      -6.04    0.06    1.01    0.00000   -63.66  LINEAR    3.21625E-01    88.24    6.49587E-01   -91.76
 -130.00    35.00      -6.93    0.01    0.81    0.00000   -65.77  LINEAR    2.90468E-01    88.25    6.45364E-01   -91.75
 -125.00    35.00      -7.97   -0.05    0.60    0.00000   -68.12  LINEAR    2.57555E-01    88.26    6.41287E-01   -91.74
 -120.00    35.00      -9.22   -0.10    0.40    0.00000   -70.70  LINEAR    2.23184E-01    88.26    6.37479E-01   -91.74
 -115.00    35.00     -10.72   -0.15    0.22    0.00000   -73.52  LINEAR    1.87629E-01    88.27    6.34051E-01   -91.73
 -110.00    35.00     -12.60   -0.19    0.05    0.00000   -76.53  LINEAR    1.51140E-01    88.28    6.31103E-01   -91.72
 -105.00    35.00     -15.06   -0.22   -0.08    0.00000   -79.73  LINEAR    1.13941E-01    88.28    6.28719E-01   -91.72
 -100.00    35.00     -18.55   -0.25   -0.18    0.00000   -83.07  LINEAR    7.62327E-02    88.28    6.26966E-01   -91.72
  -95.00    35.00     -24.55   -0.26   -0.24    0.00000   -86.51  LINEAR    3.81965E-02    88.29    6.25894E-01   -91.71
  -90.00    35.00    -999.99   -0.27   -0.27    0.00000   -90.00  LINEAR    2.23531E-12    88.29    6.25534E-01   -91.71
  -85.00    35.00     -24.55   -0.26   -0.24    0.00000    86.51  LINEAR    3.81965E-02   -91.71    6.25894E-01   -91.71
  -80.00    35.00     -18.55   -0.25   -0.18    0.00000    83.07  LINEAR    7.62327E-02   -91.72    6.26966E-01   -91.72
  -75.00    35.00     -15.06   -0.22   -0.08    0.00000    79.73  LINEAR    1.13941E-01   -91.72    6.28719E-01   -91.72
  -70.00    35.00     -12.60   -0.19    0.05    0.00000    76.53  LINEAR    1.51140E-01   -91.72    6.31103E-01   -91.72
  -65.00    35.00     -10.72   -0.15    0.22    0.00000    73.52  LINEAR    1.87629E-01   -91.73    6.34051E-01   -91.73
  -60.00    35.00      -9.22   -0.10    0.40    0.00000    70.70  LINEAR    2.23184E-01   -91.74    6.37479E-01   -91.74
  -55.00    35.00      -7.97   -0.05    0.60    0.00000    68.12  LINEAR    2.57555E-01   -91.74    6.41287E-01   -91.74
  -50.00    35.00      -6.93    0.01    0.81    0.00000    65.77  LINEAR    2.90468E-01   -91.75    6.45364E-01   -91.75
  -45.00    35.00      -6.04    0.06    1.01    0.00000    63.66  LINEAR    3.21625E-01   -91.76    6.49587E-01   -91.76
  -40.00    35.00      -5.29    0.12    1.22    0.00000    61.79  LINEAR    3.50709E-01   -91.77    6.53831E-01   -91.77
  -35.00    35.00      -4.65    0.17    1.41    0.00000    60.16  LINEAR    3.77393E-01   -91.77    6.57965E-01   -91.77
  -30.00    35.00      -4.12    0.23    1.59    0.00000    58.77  LINEAR    4.01351E-01   -91.78    6.61861E-01   -91.78
  -25.00    35.00      -3.68    0.27    1.74    0.00000    57.60  LINEAR    4.22263E-01   -91.79    6.65396E-01   -91.79
  -20.00    35.00      -3.32    0.31    1.87    0.00000    56.66  LINEAR    4.39833E-01   -91.79    6.68459E-01   -91.79
  -15.00    35.00      -3.05    0.34    1.98    0.00000    55.93  LINEAR    4.53797E-01   -91.80    6.70951E-01   -91.80
  -10.00    35.00      -2.86    0.37    2.06    0.00000    55.41  LINEAR    4.63937E-01   -91.80    6.72791E-01   -91.80
   -5.00    35.00      -2.75    0.38    2.10    0.00000    55.10  LINEAR    4.70088E-01   -91.80    6.73920E-01   -91.80
    0.00    35.00      -2.71    0.39    2.12    0.00000    55.00  LINEAR    4.72150E-01   -91.80    6.74301E-01   -91.80
 -180.00    40.00      -1.72   -0.20    2.12    0.00000   -50.00  LINEAR    5.29123E-01    88.20    6.30584E-01   -91.80
 -175.00    40.00      -1.76   -0.20    2.10    0.00000   -50.11  LINEAR    5.26736E-01    88.20    6.30137E-01   -91.80
 -170.00    40.00      -1.88   -0.22    2.04    0.00000   -50.43  LINEAR    5.19620E-01    88.20    6.28812E-01   -91.80
 -165.00    40.00      -2.07   -0.25    1.94    0.00000   -50.97  LINEAR    5.07906E-01    88.21    6.26652E-01   -91.79
 -160.00    40.00      -2.35   -0.29    1.81    0.00000   -51.74  LINEAR    4.91807E-01    88.21    6.23729E-01   -91.79
 -155.00    40.00      -2.72   -0.34    1.64    0.00000   -52.75  LINEAR    4.71605E-01    88.22    6.20139E-01   -91.78
 -150.00    40.00      -3.17   -0.40    1.44    0.00000   -53.99  LINEAR    4.47635E-01    88.23    6.15999E-01   -91.77
 -145.00    40.00      -3.72   -0.46    1.22    0.00000   -55.50  LINEAR    4.20275E-01    88.23    6.11442E-01   -91.77
 -140.00    40.00      -4.37   -0.53    0.97    0.00000   -57.27  LINEAR    3.89922E-01    88.24    6.06612E-01   -91.76
 -135.00    40.00      -5.14   -0.60    0.71    0.00000   -59.32  LINEAR    3.56984E-01    88.25    6.01659E-01   -91.75
 -130.00    40.00      -6.04   -0.67    0.43    0.00000   -61.66  LINEAR    3.21857E-01    88.26    5.96735E-01   -91.74
 -125.00    40.00      -7.10   -0.74    0.16    0.00000   -64.30  LINEAR    2.84917E-01    88.27    5.91989E-01   -91.73
 -120.00    40.00      -8.35   -0.81   -0.10    0.00000   -67.24  LINEAR    2.46511E-01    88.28    5.87561E-01   -91.72
 -115.00    40.00      -9.87   -0.87   -0.35    0.00000   -70.47  LINEAR    2.06948E-01    88.29    5.83579E-01   -91.71
 -110.00    40.00     -11.76   -0.92   -0.58    0.00000   -73.99  LINEAR    1.66499E-01    88.30    5.80157E-01   -91.70
 -105.00    40.00     -14.22   -0.96   -0.76    0.00000   -77.75  LINEAR    1.25395E-01    88.30    5.77392E-01   -91.70
 -100.00    40.00     -17.72   -0.99   -0.90    0.00000   -81.71  LINEAR    8.38347E-02    88.31    5.75360E-01   -91.69
  -95.00    40.00     -23.73   -1.01   -0.99    0.00000   -85.82  LINEAR    4.19867E-02    88.31    5.74119E-01   -91.69
  -90.00    40.00    -999.99   -1.02   -1.02    0.00000   -90.00  LINEAR    2.45674E-12    88.31    5.73701E-01   -91.69
  -85.00    40.00     -23.73   -1.01   -0.99    0.00000    85.82  LINEAR    4.19867E-02   -91.69    5.74119E-01   -91.69
  -80.00    40.00     -17.72   -0.99   -0.90    0.00000    81.71  LINEAR    8.38347E-02   -91.69    5.75360E-01   -91.69
  -75.00    40.00     -14.22   -0.96   -0.76    0.00000    77.75  LINEAR    1.25395E-01   -91.70    5.77392E-01   -91.70
  -70.00    40.00     -11.76   -0.92   -0.58    0.00000    73.99  LINEAR    1.66499E-01   -91.70    5.80157E-01   -91.70
  -65.00    40.00      -9.87   -0.87   -0.35    0.00000    70.47  LINEAR    2.06948E-01   -91.71    5.83579E-01   -91.71
  -60.00    40.00      -8.35   -0.81   -0.10    0.00000    67.24  LINEAR    2.46511E-01   -91.72    5.87561E-01   -91.72
  -55.00    40.00      -7.10   -0.74    0.16    0.00000    64.30  LINEAR    2.84917E-01   -91.73    5.91989E-01   -91.73
  -50.00    40.00      -6.04   -0.67    0.43    0.00000    61.66  LINEAR    3.21857E-01   -91.74    5.96735E-01   -91.74
  -45.00    40.00      -5.14   -0.60    0.71    0.00000    59.32  LINEAR    3.56984E-01   -91.75    6.01659E-01   -91.75
  -40.00    40.00      -4.37   -0.53    0.97    0.00000    57.27  LINEAR    3.89922E-01   -91.76    6.06612E-01   -91.76
  -35.00    40.00      -3.72   -0.46    1.22    0.00000    55.50  LINEAR    4.20275E-01   -91.77    6.11442E-01   -91.77
  -30.00    40.00      -3.17   -0.40    1.44    0.00000    53.99  LINEAR    4.47635E-01   -91.77    6.15999E-01   -91.77
  -25.00    40.00      -2.72   -0.34    1.64    0.00000    52.75  LINEAR    4.71605E-01   -91.78    6.20139E-01   -91.78
  -20.00    40.00      -2.35   -0.29    1.81    0.00000    51.74  LINEAR    4.91807E-01   -91.79    6.23729E-01   -91.79
  -15.00    40.00      -2.07   -0.25    1.94    0.00000    50.97  LINEAR    5.07906E-01   -91.79    6.26652E-01   -91.79
  -10.00    40.00      -1.88   -0.22    2.04    0.00000    50.43  LINEAR    5.19620E-01   -91.80    6.28812E-01   -91.80
   -5.00    40.00      -1.76   -0.20    2.10    0.00000    50.11  LINEAR    5.26736E-01   -91.80    6.30137E-01   -91.80
    0.00    40.00      -1.72   -0.20    2.12    0.00000    50.00  LINEAR    5.29123E-01   -91.80    6.30584E-01   -91.80
 -180.00    45.00      -0.89   -0.89    2.12    0.00000   -45.00  LINEAR    5.82068E-01    88.20    5.82068E-01   -91.80
 -175.00    45.00      -0.93   -0.90    2.10    0.00000   -45.11  LINEAR    5.79356E-01    88.20    5.81569E-01   -91.80
 -170.00    45.00      -1.05   -0.92    2.02    0.00000   -45.44  LINEAR    5.71276E-01    88.20    5.80089E-01   -91.80
 -165.00    45.00      -1.26   -0.96    1.91    0.00000   -45.99  LINEAR    5.57994E-01    88.21    5.77678E-01   -91.79
 -160.00    45.00      -1.55   -1.01    1.74    0.00000   -46.78  LINEAR    5.39776E-01    88.21    5.74417E-01   -91.79
 -155.00    45.00      -1.92   -1.07    1.54    0.00000   -47.81  LINEAR    5.16972E-01    88.22    5.70416E-01   -91.78
 -150.00    45.00      -2.39   -1.14    1.29    0.00000   -49.11  LINEAR    4.90002E-01    88.23    5.65805E-01   -91.77
 -145.00    45.00      -2.95   -1.21    1.01    0.00000   -50.68  LINEAR    4.59328E-01    88.24    5.60736E-01   -91.76
 -140.00    45.00      -3.61   -1.30    0.71    0.00000   -52.55  LINEAR    4.25437E-01    88.25    5.55369E-01   -91.75
 -135.00    45.00      -4.40   -1.38    0.38    0.00000   -54.74  LINEAR    3.88818E-01    88.27    5.49872E-01   -91.73
 -130.00    45.00      -5.31   -1.47    0.03    0.00000   -57.27  LINEAR    3.49943E-01    88.28    5.44415E-01   -91.72
 -125.00    45.00      -6.38   -1.56   -0.32    0.00000   -60.16  LINEAR    3.09250E-01    88.29    5.39161E-01   -91.71
 -120.00    45.00      -7.66   -1.63   -0.67    0.00000   -63.43  LINEAR    2.67132E-01    88.30    5.34265E-01   -91.70
 -115.00    45.00      -9.19   -1.71   -0.99    0.00000   -67.09  LINEAR    2.23931E-01    88.31    5.29867E-01   -91.69
 -110.00    45.00     -11.09   -1.77   -1.29    0.00000   -71.12  LINEAR    1.79934E-01    88.32    5.26091E-01   -91.68
 -105.00    45.00     -13.56   -1.82   -1.54    0.00000   -75.49  LINEAR    1.35373E-01    88.33    5.23042E-01   -91.67
 -100.00    45.00     -17.06   -1.86   -1.73    0.00000   -80.15  LINEAR    9.04367E-02    88.33    5.20804E-01   -91.67
  -95.00    45.00     -23.07   -1.88   -1.85    0.00000   -85.02  LINEAR    4.52719E-02    88.34    5.19437E-01   -91.66
  -90.00    45.00    -999.99   -1.89   -1.89    0.00000   -90.00  LINEAR    2.64855E-12    88.34    5.18977E-01   -91.66
  -85.00    45.00     -23.07   -1.88   -1.85    0.00000    85.02  LINEAR    4.52719E-02   -91.66    5.19437E-01   -91.66
  -80.00    45.00     -17.06   -1.86   -1.73    0.00000    80.15  LINEAR    9.04367E-02   -91.67    5.20804E-01   -91.67
  -75.00    45.00     -13.56   -1.82   -1.54    0.00000    75.49  LINEAR    1.35373E-01   -91.67    5.23042E-01   -91.67
  -70.00    45.00     -11.09   -1.77   -1.29    0.00000    71.12  LINEAR    1.79934E-01   -91.68    5.26091E-01   -91.68
  -65.00    45.00      -9.19   -1.71   -0.99    0.00000    67.09  LINEAR    2.23931E-01   -91.69    5.29867E-01   -91.69
  -60.00    45.00      -7.66   -1.63   -0.67    0.00000    63.43  LINEAR    2.67132E-01   -91.70    5.34265E-01   -91.70
  -55.00    45.00      -6.38   -1.56   -0.32    0.00000    60.16  LINEAR    3.09250E-01   -91.71    5.39161E-01   -91.71
  -50.00    45.00      -5.31   -1.47    0.03    0.00000    57.27  LINEAR    3.49943E-01   -91.72    5.44415E-01   -91.72
  -45.00    45.00      -4.40   -1.38    0.38    0.00000    54.74  LINEAR    3.88818E-01   -91.73    5.49872E-01   -91.73
  -40.00    45.00      -3.61   -1.30    0.71    0.00000    52.55  LINEAR    4.25437E-01   -91.75    5.55369E-01   -91.75
  -35.00    45.00      -2.95   -1.21    1.01    0.00000    50.68  LINEAR    4.59328E-01   -91.76    5.60736E-01   -91.76
  -30.00    45.00      -2.39   -1.14    1.29    0.00000    49.11  LINEAR    4.90002E-01   -91.77    5.65805E-01   -91.77
  -25.00    45.00      -1.92   -1.07    1.54    0.00000    47.81  LINEAR    5.16972E-01   -91.78    5.70416E-01   -91.78
  -20.00    45.00      -1.55   -1.01    1.74    0.00000    46.78  LINEAR    5.39776E-01   -91.79    5.74417E-01   -91.79
  -15.00    45.00      -1.26   -0.96    1.91    0.00000    45.99  LINEAR    5.57994E-01   -91.79    5.77678E-01   -91.79
  -10.00    45.00      -1.05   -0.92    2.02    0.00000    45.44  LINEAR    5.71276E-01   -91.80    5.80089E-01   -91.80
   -5.00    45.00      -0.93   -0.90    2.10    0.00000    45.11  LINEAR    5.79356E-01   -91.80    5.81569E-01   -91.80
    0.00    45.00      -0.89   -0.89    2.12    0.00000    45.00  LINEAR    5.82068E-01   -91.80    5.82068E-01   -91.80
 -180.00    50.00      -0.20   -1.72    2.12    0.00000   -40.00  LINEAR    6.30584E-01    88.20    5.29123E-01   -91.80
 -175.00    50.00      -0.24   -1.73    2.09    0.00000   -40.11  LINEAR    6.27552E-01    88.20    5.28590E-01   -91.80
 -170.00    50.00      -0.36   -1.75    2.01    0.00000   -40.43  LINEAR    6.18526E-01    88.20    5.27012E-01   -91.80
 -165.00    50.00      -0.57   -1.80    1.87    0.00000   -40.98  LINEAR    6.03708E-01    88.21    5.24441E-01   -91.79
 -160.00    50.00      -0.87   -1.85    1.68    0.00000   -41.76  LINEAR    5.83421E-01    88.22    5.20967E-01   -91.78
 -155.00    50.00      -1.26   -1.93    1.43    0.00000   -42.79  LINEAR    5.58092E-01    88.23    5.16706E-01   -91.77
 -150.00    50.00      -1.73   -2.01    1.14    0.00000   -44.10  LINEAR    5.28226E-01    88.24    5.11802E-01   -91.76
 -145.00    50.00      -2.31   -2.10    0.81    0.00000   -45.69  LINEAR    4.94377E-01    88.25    5.06416E-01   -91.75
 -140.00    50.00      -2.99   -2.20    0.43    0.00000   -47.61  LINEAR    4.57126E-01    88.26    5.00720E-01   -91.74
 -135.00    50.00      -3.79   -2.30    0.03    0.00000   -49.88  LINEAR    4.17046E-01    88.28    4.94895E-01   -91.72
 -130.00    50.00      -4.72   -2.40   -0.40    0.00000   -52.55  LINEAR    3.74686E-01    88.29    4.89118E-01   -91.71
 -125.00    50.00      -5.81   -2.50   -0.84    0.00000   -55.64  LINEAR    3.30545E-01    88.31    4.83563E-01   -91.69
 -120.00    50.00      -7.09   -2.59   -1.27    0.00000   -59.21  LINEAR    2.85063E-01    88.32    4.78392E-01   -91.68
 -115.00    50.00      -8.64   -2.68   -1.70    0.00000   -63.27  LINEAR    2.38609E-01    88.33    4.73752E-01   -91.67
 -110.00    50.00     -10.55   -2.75   -2.08    0.00000   -67.82  LINEAR    1.91481E-01    88.34    4.69773E-01   -91.66
 -105.00    50.00     -13.03   -2.81   -2.42    0.00000   -72.86  LINEAR    1.43911E-01    88.35    4.66563E-01   -91.65
 -100.00    50.00     -16.54   -2.86   -2.67    0.00000   -78.31  LINEAR    9.60660E-02    88.36    4.64208E-01   -91.64
  -95.00    50.00     -22.55   -2.88   -2.84    0.00000   -84.07  LINEAR    4.80671E-02    88.36    4.62770E-01   -91.64
  -90.00    50.00    -999.99   -2.89   -2.89    0.00000   -90.00  LINEAR    2.81163E-12    88.36    4.62287E-01   -91.64
  -85.00    50.00     -22.55   -2.88   -2.84    0.00000    84.07  LINEAR    4.80671E-02   -91.64    4.62770E-01   -91.64
  -80.00    50.00     -16.54   -2.86   -2.67    0.00000    78.31  LINEAR    9.60660E-02   -91.64    4.64208E-01   -91.64
  -75.00    50.00     -13.03   -2.81   -2.42    0.00000    72.86  LINEAR    1.43911E-01   -91.65    4.66563E-01   -91.65
  -70.00    50.00     -10.55   -2.75   -2.08    0.00000    67.82  LINEAR    1.91481E-01   -91.66    4.69773E-01   -91.66
  -65.00    50.00      -8.64   -2.68   -1.70    0.00000    63.27  LINEAR    2.38609E-01   -91.67    4.73752E-01   -91.67
  -60.00    50.00      -7.09   -2.59   -1.27    0.00000    59.21  LINEAR    2.85063E-01   -91.68    4.78392E-01   -91.68
  -55.00    50.00      -5.81   -2.50   -0.84    0.00000    55.64  LINEAR    3.30545E-01   -91.69    4.83563E-01   -91.69
  -50.00    50.00      -4.72   -2.40   -0.40    0.00000    52.55  LINEAR    3.74686E-01   -91.71    4.89118E-01   -91.71
  -45.00    50.00      -3.79   -2.30    0.03    0.00000    49.88  LINEAR    4.17046E-01   -91.72    4.94895E-01   -91.72
  -40.00    50.00      -2.99   -2.20    0.43    0.00000    47.61  LINEAR    4.57126E-01   -91.74    5.00720E-01   -91.74
  -35.00    50.00      -2.31   -2.10    0.81    0.00000    45.69  LINEAR    4.94377E-01   -91.75    5.06416E-01   -91.75
  -30.00    50.00      -1.73   -2.01    1.14    0.00000    44.10  LINEAR    5.28226E-01   -91.76    5.11802E-01   -91.76
  -25.00    50.00      -1.26   -1.93    1.43    0.00000    42.79  LINEAR    5.58092E-01   -91.77    5.16706E-01   -91.77
  -20.00    50.00      -0.87   -1.85    1.68    0.00000    41.76  LINEAR    5.83421E-01   -91.78    5.20967E-01   -91.78
  -15.00    50.00      -0.57   -1.80    1.87    0.00000    40.98  LINEAR    6.03708E-01   -91.79    5.24441E-01   -91.79
  -10.00    50.00      -0.36   -1.75    2.01    0.00000    40.43  LINEAR    6.18526E-01   -91.80    5.27012E-01   -91.80
   -5.00    50.00      -0.24   -1.73    2.09    0.00000    40.11  LINEAR    6.27552E-01   -91.80    5.28590E-01   -91.80
    0.00    50.00      -0.20   -1.72    2.12    0.00000    40.00  LINEAR    6.30584E-01   -91.80    5.29123E-01   -91.80
 -180.00    55.00       0.39   -2.71    2.12    0.00000   -35.00  LINEAR    6.74301E-01    88.20    4.72150E-01   -91.80
 -175.00    55.00       0.34   -2.72    2.09    0.00000   -35.10  LINEAR    6.70962E-01    88.20    4.71607E-01   -91.80
 -170.00    55.00       0.21   -2.75    1.99    0.00000   -35.41  LINEAR    6.61027E-01    88.20    4.69997E-01   -91.80
 -165.00    55.00       0.00   -2.80    1.83    0.00000   -35.94  LINEAR    6.44737E-01    88.21    4.67375E-01   -91.79
 -160.00    55.00      -0.31   -2.86    1.61    0.00000   -36.69  LINEAR    6.22476E-01    88.22    4.63835E-01   -91.78
 -155.00    55.00      -0.70   -2.94    1.33    0.00000   -37.69  LINEAR    5.94746E-01    88.23    4.59497E-01   -91.77
 -150.00    55.00      -1.19   -3.04    0.99    0.00000   -38.96  LINEAR    5.62141E-01    88.24    4.54508E-01   -91.76
 -145.00    55.00      -1.78   -3.14    0.60    0.00000   -40.52  LINEAR    5.25312E-01    88.26    4.49034E-01   -91.74
 -140.00    55.00      -2.48   -3.26    0.16    0.00000   -42.43  LINEAR    4.84929E-01    88.27    4.43252E-01   -91.73
 -135.00    55.00      -3.29   -3.37   -0.32    0.00000   -44.72  LINEAR    4.41655E-01    88.29    4.37346E-01   -91.71
 -130.00    55.00      -4.23   -3.49   -0.84    0.00000   -47.45  LINEAR    3.96112E-01    88.31    4.31496E-01   -91.69
 -125.00    55.00      -5.34   -3.60   -1.37    0.00000   -50.68  LINEAR    3.48858E-01    88.32    4.25878E-01   -91.68
 -120.00    55.00      -6.64   -3.71   -1.92    0.00000   -54.47  LINEAR    3.00378E-01    88.34    4.20654E-01   -91.66
 -115.00    55.00      -8.19   -3.81   -2.46    0.00000   -58.89  LINEAR    2.51064E-01    88.35    4.15972E-01   -91.65
 -110.00    55.00     -10.12   -3.89   -2.96    0.00000   -63.97  LINEAR    2.01224E-01    88.36    4.11960E-01   -91.64
 -105.00    55.00     -12.61   -3.96   -3.41    0.00000   -69.71  LINEAR    1.51078E-01    88.37    4.08726E-01   -91.63
 -100.00    55.00     -16.12   -4.01   -3.75    0.00000   -76.07  LINEAR    1.00774E-01    88.38    4.06355E-01   -91.62
  -95.00    55.00     -22.14   -4.04   -3.98    0.00000   -82.90  LINEAR    5.03994E-02    88.39    4.04908E-01   -91.61
  -90.00    55.00    -999.99   -4.05   -4.05    0.00000   -90.00  LINEAR    2.94760E-12    88.39    4.04421E-01   -91.61
  -85.00    55.00     -22.14   -4.04   -3.98    0.00000    82.90  LINEAR    5.03994E-02   -91.61    4.04908E-01   -91.61
  -80.00    55.00     -16.12   -4.01   -3.75    0.00000    76.07  LINEAR    1.00774E-01   -91.62    4.06355E-01   -91.62
  -75.00    55.00     -12.61   -3.96   -3.41    0.00000    69.71  LINEAR    1.51078E-01   -91.63    4.08726E-01   -91.63
  -70.00    55.00     -10.12   -3.89   -2.96    0.00000    63.97  LINEAR    2.01224E-01   -91.64    4.11960E-01   -91.64
  -65.00    55.00      -8.19   -3.81   -2.46    0.00000    58.89  LINEAR    2.51064E-01   -91.65    4.15972E-01   -91.65
  -60.00    55.00      -6.64   -3.71   -1.92    0.00000    54.47  LINEAR    3.00378E-01   -91.66    4.20654E-01   -91.66
  -55.00    55.00      -5.34   -3.60   -1.37    0.00000    50.68  LINEAR    3.48858E-01   -91.68    4.25878E-01   -91.68
  -50.00    55.00      -4.23   -3.49   -0.84    0.00000    47.45  LINEAR    3.96112E-01   -91.69    4.31496E-01   -91.69
  -45.00    55.00      -3.29   -3.37   -0.32    0.00000    44.72  LINEAR    4.41655E-01   -91.71    4.37346E-01   -91.71
  -40.00    55.00      -2.48   -3.26    0.16    0.00000    42.43  LINEAR    4.84929E-01   -91.73    4.43252E-01   -91.73
  -35.00    55.00      -1.78   -3.14    0.60    0.00000    40.52  LINEAR    5.25312E-01   -91.74    4.49034E-01   -91.74
  -30.00    55.00      -1.19   -3.04    0.99    0.00000    38.96  LINEAR    5.62141E-01   -91.76    4.54508E-01   -91.76
  -25.00    55.00      -0.70   -2.94    1.33    0.00000    37.69  LINEAR    5.94746E-01   -91.77    4.59497E-01   -91.77
  -20.00    55.00      -0.31   -2.86    1.61    0.00000    36.69  LINEAR    6.22476E-01   -91.78    4.63835E-01   -91.78
  -15.00    55.00       0.00   -2.80    1.83    0.00000    35.94  LINEAR    6.44737E-01   -91.79    4.67375E-01   -91.79
  -10.00    55.00       0.21   -2.75    1.99    0.00000    35.41  LINEAR    6.61027E-01   -91.80    4.69997E-01   -91.80
   -5.00    55.00       0.34   -2.72    2.09    0.00000    35.10  LINEAR    6.70962E-01   -91.80    4.71607E-01   -91.80
    0.00    55.00       0.39   -2.71    2.12    0.00000    35.00  LINEAR    6.74301E-01   -91.80    4.72150E-01   -91.80
 -180.00    60.00       0.87   -3.90    2.12    0.00000   -30.00  LINEAR    7.12885E-01    88.20    4.11585E-01   -91.80
 -175.00    60.00       0.83   -3.91    2.08    0.00000   -30.09  LINEAR    7.09259E-01    88.20    4.11055E-01   -91.80
 -170.00    60.00       0.69   -3.95    1.98    0.00000   -30.38  LINEAR    6.98476E-01    88.20    4.09486E-01   -91.80
 -165.00    60.00       0.47   -4.00    1.80    0.00000   -30.87  LINEAR    6.80814E-01    88.21    4.06934E-01   -91.79
 -160.00    60.00       0.16   -4.07    1.55    0.00000   -31.57  LINEAR    6.56716E-01    88.22    4.03489E-01   -91.78
 -155.00    60.00      -0.25   -4.16    1.23    0.00000   -32.50  LINEAR    6.26762E-01    88.23    3.99270E-01   -91.77
 -150.00    60.00      -0.75   -4.27    0.85    0.00000   -33.69  LINEAR    5.91634E-01    88.25    3.94423E-01   -91.75
 -145.00    60.00      -1.35   -4.39    0.40    0.00000   -35.18  LINEAR    5.52073E-01    88.26    3.89109E-01   -91.74
 -140.00    60.00      -2.06   -4.51   -0.10    0.00000   -37.00  LINEAR    5.08843E-01    88.28    3.83503E-01   -91.72
 -135.00    60.00      -2.88   -4.65   -0.67    0.00000   -39.23  LINEAR    4.62687E-01    88.30    3.77782E-01   -91.70
 -130.00    60.00      -3.84   -4.78   -1.27    0.00000   -41.93  LINEAR    4.14300E-01    88.32    3.72123E-01   -91.68
 -125.00    60.00      -4.96   -4.90   -1.92    0.00000   -45.19  LINEAR    3.64297E-01    88.34    3.66694E-01   -91.66
 -120.00    60.00      -6.27   -5.02   -2.59    0.00000   -49.11  LINEAR    3.13199E-01    88.36    3.61651E-01   -91.64
 -115.00    60.00      -7.84   -5.13   -3.27    0.00000   -53.80  LINEAR    2.61422E-01    88.37    3.57136E-01   -91.63
 -110.00    60.00      -9.78   -5.23   -3.92    0.00000   -59.36  LINEAR    2.09277E-01    88.39    3.53271E-01   -91.61
 -105.00    60.00     -12.27   -5.30   -4.51    0.00000   -65.85  LINEAR    1.56972E-01    88.40    3.50158E-01   -91.60
 -100.00    60.00     -15.80   -5.36   -4.99    0.00000   -73.26  LINEAR    1.04630E-01    88.41    3.47877E-01   -91.59
  -95.00    60.00     -21.82   -5.40   -5.30    0.00000   -81.42  LINEAR    5.23047E-02    88.41    3.46485E-01   -91.59
  -90.00    60.00    -999.99   -5.41   -5.41    0.00000   -90.00  LINEAR    3.05857E-12    88.41    3.46017E-01   -91.59
  -85.00    60.00     -21.82   -5.40   -5.30    0.00000    81.42  LINEAR    5.23047E-02   -91.59    3.46485E-01   -91.59
  -80.00    60.00     -15.80   -5.36   -4.99    0.00000    73.26  LINEAR    1.04630E-01   -91.59    3.47877E-01   -91.59
  -75.00    60.00     -12.27   -5.30   -4.51    0.00000    65.85  LINEAR    1.56972E-01   -91.60    3.50158E-01   -91.60
  -70.00    60.00      -9.78   -5.23   -3.92    0.00000    59.36  LINEAR    2.09277E-01   -91.61    3.53271E-01   -91.61
  -65.00    60.00      -7.84   -5.13   -3.27    0.00000    53.80  LINEAR    2.61422E-01   -91.63    3.57136E-01   -91.63
  -60.00    60.00      -6.27   -5.02   -2.59    0.00000    49.11  LINEAR    3.13199E-01   -91.64    3.61651E-01   -91.64
  -55.00    60.00      -4.96   -4.90   -1.92    0.00000    45.19  LINEAR    3.64297E-01   -91.66    3.66694E-01   -91.66
  -50.00    60.00      -3.84   -4.78   -1.27    0.00000    41.93  LINEAR    4.14300E-01   -91.68    3.72123E-01   -91.68
  -45.00    60.00      -2.88   -4.65   -0.67    0.00000    39.23  LINEAR    4.62687E-01   -91.70    3.77782E-01   -91.70
  -40.00    60.00      -2.06   -4.51   -0.10    0.00000    37.00  LINEAR    5.08843E-01   -91.72    3.83503E-01   -91.72
  -35.00    60.00      -1.35   -4.39    0.40    0.00000    35.18  LINEAR    5.52073E-01   -91.74    3.89109E-01   -91.74
  -30.00    60.00      -0.75   -4.27    0.85    0.00000    33.69  LINEAR    5.91634E-01   -91.75    3.94423E-01   -91.75
  -25.00    60.00      -0.25   -4.16    1.23    0.00000    32.50  LINEAR    6.26762E-01   -91.77    3.99270E-01   -91.77
  -20.00    60.00       0.16   -4.07    1.55    0.00000    31.57  LINEAR    6.56716E-01   -91.78    4.03489E-01   -91.78
  -15.00    60.00       0.47   -4.00    1.80    0.00000    30.87  LINEAR    6.80814E-01   -91.79    4.06934E-01   -91.79
  -10.00    60.00       0.69   -3.95    1.98    0.00000    30.38  LINEAR    6.98476E-01   -91.80    4.09486E-01   -91.80
   -5.00    60.00       0.83   -3.91    2.08    0.00000    30.09  LINEAR    7.09259E-01   -91.80    4.11055E-01   -91.80
    0.00    60.00       0.87   -3.90    2.12    0.00000    30.00  LINEAR    7.12885E-01   -91.80    4.11585E-01   -91.80
 -180.00    65.00       1.27   -5.36    2.12    0.00000   -25.00  LINEAR    7.46044E-01    88.20    3.47886E-01   -91.80
 -175.00    65.00       1.22   -5.37    2.08    0.00000   -25.08  LINEAR    7.42159E-01    88.20    3.47396E-01   -91.80
 -170.00    65.00       1.08   -5.41    1.96    0.00000   -25.34  LINEAR    7.30609E-01    88.20    3.45944E-01   -91.80
 -165.00    65.00       0.86   -5.47    1.77    0.00000   -25.77  LINEAR    7.11710E-01    88.21    3.43583E-01   -91.79
 -160.00    65.00       0.54   -5.55    1.49    0.00000   -26.39  LINEAR    6.85960E-01    88.22    3.40397E-01   -91.78
 -155.00    65.00       0.12   -5.65    1.14    0.00000   -27.23  LINEAR    6.54013E-01    88.24    3.36498E-01   -91.76
 -150.00    65.00      -0.39   -5.77    0.72    0.00000   -28.30  LINEAR    6.16632E-01    88.25    3.32023E-01   -91.75
 -145.00    65.00      -1.00   -5.90    0.22    0.00000   -29.65  LINEAR    5.74646E-01    88.27    3.27121E-01   -91.73
 -140.00    65.00      -1.72   -6.03   -0.35    0.00000   -31.33  LINEAR    5.28902E-01    88.29    3.21954E-01   -91.71
 -135.00    65.00      -2.56   -6.18   -0.99    0.00000   -33.40  LINEAR    4.80222E-01    88.31    3.16687E-01   -91.69
 -130.00    65.00      -3.53   -6.32   -1.70    0.00000   -35.96  LINEAR    4.29366E-01    88.33    3.11481E-01   -91.67
 -125.00    65.00      -4.66   -6.46   -2.46    0.00000   -39.11  LINEAR    3.76998E-01    88.35    3.06493E-01   -91.65
 -120.00    65.00      -5.99   -6.59   -3.27    0.00000   -43.00  LINEAR    3.23675E-01    88.37    3.01865E-01   -91.63
 -115.00    65.00      -7.57   -6.71   -4.11    0.00000   -47.81  LINEAR    2.69830E-01    88.39    2.97724E-01   -91.61
 -110.00    65.00      -9.51   -6.82   -4.95    0.00000   -53.74  LINEAR    2.15773E-01    88.40    2.94183E-01   -91.60
 -105.00    65.00     -12.02   -6.90   -5.74    0.00000   -60.97  LINEAR    1.61701E-01    88.42    2.91332E-01   -91.58
 -100.00    65.00     -15.54   -6.96   -6.40    0.00000   -69.58  LINEAR    1.07712E-01    88.43    2.89244E-01   -91.57
  -95.00    65.00     -21.57   -7.00   -6.85    0.00000   -79.41  LINEAR    5.38235E-02    88.43    2.87971E-01   -91.57
  -90.00    65.00    -999.99   -7.02   -7.02    0.00000   -90.00  LINEAR    3.14696E-12    88.43    2.87543E-01   -91.57
  -85.00    65.00     -21.57   -7.00   -6.85    0.00000    79.41  LINEAR    5.38235E-02   -91.57    2.87971E-01   -91.57
  -80.00    65.00     -15.54   -6.96   -6.40    0.00000    69.58  LINEAR    1.07712E-01   -91.57    2.89244E-01   -91.57
  -75.00    65.00     -12.02   -6.90   -5.74    0.00000    60.97  LINEAR    1.61701E-01   -91.58    2.91332E-01   -91.58
  -70.00    65.00      -9.51   -6.82   -4.95    0.00000    53.74  LINEAR    2.15773E-01   -91.60    2.94183E-01   -91.60
  -65.00    65.00      -7.57   -6.71   -4.11    0.00000    47.81  LINEAR    2.69830E-01   -91.61    2.97724E-01   -91.61
  -60.00    65.00      -5.99   -6.59   -3.27    0.00000    43.00  LINEAR    3.23675E-01   -91.63    3.01865E-01   -91.63
  -55.00    65.00      -4.66   -6.46   -2.46    0.00000    39.11  LINEAR    3.76998E-01   -91.65    3.06493E-01   -91.65
  -50.00    65.00      -3.53   -6.32   -1.70    0.00000    35.96  LINEAR    4.29366E-01   -91.67    3.11481E-01   -91.67
  -45.00    65.00      -2.56   -6.18   -0.99    0.00000    33.40  LINEAR    4.80222E-01   -91.69    3.16687E-01   -91.69
  -40.00    65.00      -1.72   -6.03   -0.35    0.00000    31.33  LINEAR    5.28902E-01   -91.71    3.21954E-01   -91.71
  -35.00    65.00      -1.00   -5.90    0.22    0.00000    29.65  LINEAR    5.74646E-01   -91.73    3.27121E-01   -91.73
  -30.00    65.00      -0.39   -5.77    0.72    0.00000    28.30  LINEAR    6.16632E-01   -91.75    3.32023E-01   -91.75
  -25.00    65.00       0.12   -5.65    1.14    0.00000    27.23  LINEAR    6.54013E-01   -91.76    3.36498E-01   -91.76
  -20.00    65.00       0.54   -5.55    1.49    0.00000    26.39  LINEAR    6.85960E-01   -91.78    3.40397E-01   -91.78
  -15.00    65.00       0.86   -5.47    1.77    0.00000    25.77  LINEAR    7.11710E-01   -91.79    3.43583E-01   -91.79
  -10.00    65.00       1.08   -5.41    1.96    0.00000    25.34  LINEAR    7.30609E-01   -91.80    3.45944E-01   -91.80
   -5.00    65.00       1.22   -5.37    2.08    0.00000    25.08  LINEAR    7.42159E-01   -91.80    3.47396E-01   -91.80
    0.00    65.00       1.27   -5.36    2.12    0.00000    25.00  LINEAR    7.46044E-01   -91.80    3.47886E-01   -91.80
 -180.00    70.00       1.58   -7.20    2.12    0.00000   -20.00  LINEAR    7.73526E-01    88.20    2.81540E-01   -91.80
 -175.00    70.00       1.53   -7.21    2.08    0.00000   -20.07  LINEAR    7.69416E-01    88.20    2.81114E-01   -91.80
 -170.00    70.00       1.39   -7.25    1.95    0.00000   -20.28  LINEAR    7.57204E-01    88.21    2.79851E-01   -91.79
 -165.00    70.00       1.16   -7.32    1.74    0.00000   -20.65  LINEAR    7.37236E-01    88.21    2.77798E-01   -91.79
 -160.00    70.00       0.84   -7.40    1.44    0.00000   -21.17  LINEAR    7.10064E-01    88.23    2.75028E-01   -91.77
 -155.00    70.00       0.41   -7.51    1.06    0.00000   -21.88  LINEAR    6.76405E-01    88.24    2.71642E-01   -91.76
 -150.00    70.00      -0.11   -7.64    0.60    0.00000   -22.80  LINEAR    6.37095E-01    88.26    2.67756E-01   -91.74
 -145.00    70.00      -0.73   -7.77    0.05    0.00000   -23.96  LINEAR    5.93043E-01    88.28    2.63504E-01   -91.72
 -140.00    70.00      -1.46   -7.92   -0.58    0.00000   -25.41  LINEAR    5.45169E-01    88.30    2.59026E-01   -91.70
 -135.00    70.00      -2.31   -8.08   -1.29    0.00000   -27.24  LINEAR    4.94364E-01    88.32    2.54465E-01   -91.68
 -130.00    70.00      -3.29   -8.23   -2.08    0.00000   -29.52  LINEAR    4.41443E-01    88.34    2.49961E-01   -91.66
 -125.00    70.00      -4.43   -8.38   -2.96    0.00000   -32.40  LINEAR    3.87116E-01    88.36    2.45649E-01   -91.64
 -120.00    70.00      -5.77   -8.53   -3.92    0.00000   -36.05  LINEAR    3.31966E-01    88.39    2.41652E-01   -91.61
 -115.00    70.00      -7.36   -8.66   -4.95    0.00000   -40.74  LINEAR    2.76441E-01    88.40    2.38079E-01   -91.60
 -110.00    70.00      -9.31   -8.77   -6.02    0.00000   -46.78  LINEAR    2.20851E-01    88.42    2.35025E-01   -91.58
 -105.00    70.00     -11.82   -8.86   -7.08    0.00000   -54.58  LINEAR    1.65379E-01    88.44    2.32568E-01   -91.56
 -100.00    70.00     -15.35   -8.93   -8.04    0.00000   -64.49  LINEAR    1.10099E-01    88.45    2.30769E-01   -91.55
  -95.00    70.00     -21.38   -8.97   -8.73    0.00000   -76.53  LINEAR    5.49970E-02    88.45    2.29673E-01   -91.55
  -90.00    70.00    -999.99   -8.98   -8.98    0.00000   -90.00  LINEAR    3.21519E-12    88.45    2.29304E-01   -91.55
  -85.00    70.00     -21.38   -8.97   -8.73    0.00000    76.53  LINEAR    5.49970E-02   -91.55    2.29673E-01   -91.55
  -80.00    70.00     -15.35   -8.93   -8.04    0.00000    64.49  LINEAR    1.10099E-01   -91.55    2.30769E-01   -91.55
  -75.00    70.00     -11.82   -8.86   -7.08    0.00000    54.58  LINEAR    1.65379E-01   -91.56    2.32568E-01   -91.56
  -70.00    70.00      -9.31   -8.77   -6.02    0.00000    46.78  LINEAR    2.20851E-01   -91.58    2.35025E-01   -91.58
  -65.00    70.00      -7.36   -8.66   -4.95    0.00000    40.74  LINEAR    2.76441E-01   -91.60    2.38079E-01   -91.60
  -60.00    70.00      -5.77   -8.53   -3.92    0.00000    36.05  LINEAR    3.31966E-01   -91.61    2.41652E-01   -91.61
  -55.00    70.00      -4.43   -8.38   -2.96    0.00000    32.40  LINEAR    3.87116E-01   -91.64    2.45649E-01   -91.64
  -50.00    70.00      -3.29   -8.23   -2.08    0.00000    29.52  LINEAR    4.41443E-01   -91.66    2.49961E-01   -91.66
  -45.00    70.00      -2.31   -8.08   -1.29    0.00000    27.24  LINEAR    4.94364E-01   -91.68    2.54465E-01   -91.68
  -40.00    70.00      -1.46   -7.92   -0.58    0.00000    25.41  LINEAR    5.45169E-01   -91.70    2.59026E-01   -91.70
  -35.00    70.00      -0.73   -7.77    0.05    0.00000    23.96  LINEAR    5.93043E-01   -91.72    2.63504E-01   -91.72
  -30.00    70.00      -0.11   -7.64    0.60    0.00000    22.80  LINEAR    6.37095E-01   -91.74    2.67756E-01   -91.74
  -25.00    70.00       0.41   -7.51    1.06    0.00000    21.88  LINEAR    6.76405E-01   -91.76    2.71642E-01   -91.76
  -20.00    70.00       0.84   -7.40    1.44    0.00000    21.17  LINEAR    7.10064E-01   -91.77    2.75028E-01   -91.77
  -15.00    70.00       1.16   -7.32    1.74    0.00000    20.65  LINEAR    7.37236E-01   -91.79    2.77798E-01   -91.79
  -10.00    70.00       1.39   -7.25    1.95    0.00000    20.28  LINEAR    7.57204E-01   -91.79    2.79851E-01   -91.79
   -5.00    70.00       1.53   -7.21    2.08    0.00000    20.07  LINEAR    7.69416E-01   -91.80    2.81114E-01   -91.80
    0.00    70.00       1.58   -7.20    2.12    0.00000    20.00  LINEAR    7.73526E-01   -91.80    2.81540E-01   -91.80
 -180.00    75.00       1.82   -9.62    2.12    0.00000   -15.00  LINEAR    7.95120E-01    88.20    2.13052E-01   -91.80
 -175.00    75.00       1.77   -9.63    2.07    0.00000   -15.05  LINEAR    7.90828E-01    88.20    2.12711E-01   -91.80
 -170.00    75.00       1.63   -9.68    1.94    0.00000   -15.22  LINEAR    7.78077E-01    88.21    2.11701E-01   -91.79
 -165.00    75.00       1.39   -9.74    1.72    0.00000   -15.50  LINEAR    7.57243E-01    88.21    2.10060E-01   -91.79
 -160.00    75.00       1.06   -9.84    1.40    0.00000   -15.92  LINEAR    7.28917E-01    88.23    2.07848E-01   -91.77
 -155.00    75.00       0.64   -9.95    1.00    0.00000   -16.47  LINEAR    6.93873E-01    88.24    2.05143E-01   -91.76
 -150.00    75.00       0.11  -10.08    0.51    0.00000   -17.19  LINEAR    6.53009E-01    88.26    2.02042E-01   -91.74
 -145.00    75.00      -0.52  -10.23   -0.08    0.00000   -18.11  LINEAR    6.07296E-01    88.28    1.98650E-01   -91.72
 -140.00    75.00      -1.26  -10.39   -0.76    0.00000   -19.28  LINEAR    5.57718E-01    88.30    1.95080E-01   -91.70
 -135.00    75.00      -2.12  -10.55   -1.54    0.00000   -20.75  LINEAR    5.05220E-01    88.33    1.91447E-01   -91.67
 -130.00    75.00      -3.11  -10.71   -2.42    0.00000   -22.63  LINEAR    4.50666E-01    88.35    1.87862E-01   -91.65
 -125.00    75.00      -4.26  -10.87   -3.41    0.00000   -25.04  LINEAR    3.94799E-01    88.37    1.84432E-01   -91.63
 -120.00    75.00      -5.61  -11.02   -4.51    0.00000   -28.19  LINEAR    3.38227E-01    88.40    1.81255E-01   -91.60
 -115.00    75.00      -7.20  -11.16   -5.74    0.00000   -32.38  LINEAR    2.81405E-01    88.42    1.78417E-01   -91.58
 -110.00    75.00      -9.16  -11.28   -7.08    0.00000   -38.08  LINEAR    2.24643E-01    88.44    1.75992E-01   -91.56
 -105.00    75.00     -11.68  -11.38   -8.51    0.00000   -45.99  LINEAR    1.68113E-01    88.45    1.74043E-01   -91.55
 -100.00    75.00     -15.22  -11.45   -9.93    0.00000   -57.05  LINEAR    1.11866E-01    88.46    1.72616E-01   -91.54
  -95.00    75.00     -21.25  -11.49  -11.06    0.00000   -71.98  LINEAR    5.58640E-02    88.47    1.71747E-01   -91.53
  -90.00    75.00    -999.99  -11.51  -11.51    0.00000   -90.00  LINEAR    3.26556E-12    88.47    1.71455E-01   -91.53
  -85.00    75.00     -21.25  -11.49  -11.06    0.00000    71.98  LINEAR    5.58640E-02   -91.53    1.71747E-01   -91.53
  -80.00    75.00     -15.22  -11.45   -9.93    0.00000    57.05  LINEAR    1.11866E-01   -91.54    1.72616E-01   -91.54
  -75.00    75.00     -11.68  -11.38   -8.51    0.00000    45.99  LINEAR    1.68113E-01   -91.55    1.74043E-01   -91.55
  -70.00    75.00      -9.16  -11.28   -7.08    0.00000    38.08  LINEAR    2.24643E-01   -91.56    1.75992E-01   -91.56
  -65.00    75.00      -7.20  -11.16   -5.74    0.00000    32.38  LINEAR    2.81405E-01   -91.58    1.78417E-01   -91.58
  -60.00    75.00      -5.61  -11.02   -4.51    0.00000    28.19  LINEAR    3.38227E-01   -91.60    1.81255E-01   -91.60
  -55.00    75.00      -4.26  -10.87   -3.41    0.00000    25.04  LINEAR    3.94799E-01   -91.63    1.84432E-01   -91.63
  -50.00    75.00      -3.11  -10.71   -2.42    0.00000    22.63  LINEAR    4.50666E-01   -91.65    1.87862E-01   -91.65
  -45.00    75.00      -2.12  -10.55   -1.54    0.00000    20.75  LINEAR    5.05220E-01   -91.67    1.91447E-01   -91.67
  -40.00    75.00      -1.26  -10.39   -0.76    0.00000    19.28  LINEAR    5.57718E-01   -91.70    1.95080E-01   -91.70
  -35.00    75.00      -0.52  -10.23   -0.08    0.00000    18.11  LINEAR    6.07296E-01   -91.72    1.98650E-01   -91.72
  -30.00    75.00       0.11  -10.08    0.51    0.00000    17.19  LINEAR    6.53009E-01   -91.74    2.02042E-01   -91.74
  -25.00    75.00       0.64   -9.95    1.00    0.00000    16.47  LINEAR    6.93873E-01   -91.76    2.05143E-01   -91.76
  -20.00    75.00       1.06   -9.84    1.40    0.00000    15.92  LINEAR    7.28917E-01   -91.77    2.07848E-01   -91.77
  -15.00    75.00       1.39   -9.74    1.72    0.00000    15.50  LINEAR    7.57243E-01   -91.79    2.10060E-01   -91.79
  -10.00    75.00       1.63   -9.68    1.94    0.00000    15.22  LINEAR    7.78077E-01   -91.79    2.11701E-01   -91.79
   -5.00    75.00       1.77   -9.63    2.07    0.00000    15.05  LINEAR    7.90828E-01   -91.80    2.12711E-01   -91.80
    0.00    75.00       1.82   -9.62    2.12    0.00000    15.00  LINEAR    7.95120E-01   -91.80    2.13052E-01   -91.80
 -180.00    80.00       1.99  -13.09    2.12    0.00000   -10.00  LINEAR    8.10663E-01    88.20    1.42942E-01   -91.80
 -175.00    80.00       1.94  -13.10    2.07    0.00000   -10.04  LINEAR    8.06236E-01    88.20    1.42704E-01   -91.80
 -170.00    80.00       1.80  -13.14    1.93    0.00000   -10.15  LINEAR    7.93088E-01    88.21    1.42000E-01   -91.79
 -165.00    80.00       1.56  -13.21    1.70    0.00000   -10.35  LINEAR    7.71614E-01    88.22    1.40856E-01   -91.78
 -160.00    80.00       1.22  -13.31    1.37    0.00000   -10.63  LINEAR    7.42438E-01    88.23    1.39314E-01   -91.77
 -155.00    80.00       0.79  -13.43    0.95    0.00000   -11.01  LINEAR    7.06375E-01    88.24    1.37429E-01   -91.76
 -150.00    80.00       0.26  -13.57    0.43    0.00000   -11.51  LINEAR    6.64370E-01    88.26    1.35269E-01   -91.74
 -145.00    80.00      -0.38  -13.72   -0.18    0.00000   -12.15  LINEAR    6.17441E-01    88.28    1.32908E-01   -91.72
 -140.00    80.00      -1.12  -13.88   -0.90    0.00000   -12.96  LINEAR    5.66619E-01    88.31    1.30424E-01   -91.69
 -135.00    80.00      -1.99  -14.05   -1.73    0.00000   -14.00  LINEAR    5.12892E-01    88.33    1.27897E-01   -91.67
 -130.00    80.00      -2.99  -14.22   -2.67    0.00000   -15.34  LINEAR    4.57156E-01    88.36    1.25405E-01   -91.64
 -125.00    80.00      -4.14  -14.39   -3.75    0.00000   -17.09  LINEAR    4.00182E-01    88.38    1.23023E-01   -91.62
 -120.00    80.00      -5.49  -14.55   -4.99    0.00000   -19.43  LINEAR    3.42592E-01    88.41    1.20816E-01   -91.59
 -115.00    80.00      -7.10  -14.69   -6.40    0.00000   -22.65  LINEAR    2.84850E-01    88.43    1.18847E-01   -91.57
 -110.00    80.00      -9.06  -14.81   -8.04    0.00000   -27.27  LINEAR    2.27263E-01    88.45    1.17165E-01   -91.55
 -105.00    80.00     -11.58  -14.92   -9.93    0.00000   -34.27  LINEAR    1.69994E-01    88.46    1.15813E-01   -91.54
 -100.00    80.00     -15.12  -14.99  -12.05    0.00000   -45.44  LINEAR    1.13079E-01    88.47    1.14824E-01   -91.53
  -95.00    80.00     -21.16  -15.04  -14.09    0.00000   -63.70  LINEAR    5.64576E-02    88.48    1.14221E-01   -91.52
  -90.00    80.00    -999.99  -15.05  -15.05    0.00000   -90.00  LINEAR    3.30002E-12    88.48    1.14018E-01   -91.52
  -85.00    80.00     -21.16  -15.04  -14.09    0.00000    63.70  LINEAR    5.64576E-02   -91.52    1.14221E-01   -91.52
  -80.00    80.00     -15.12  -14.99  -12.05    0.00000    45.44  LINEAR    1.13079E-01   -91.53    1.14824E-01   -91.53
  -75.00    80.00     -11.58  -14.92   -9.93    0.00000    34.27  LINEAR    1.69994E-01   -91.54    1.15813E-01   -91.54
  -70.00    80.00      -9.06  -14.81   -8.04    0.00000    27.27  LINEAR    2.27263E-01   -91.55    1.17165E-01   -91.55
  -65.00    80.00      -7.10  -14.69   -6.40    0.00000    22.65  LINEAR    2.84850E-01   -91.57    1.18847E-01   -91.57
  -60.00    80.00      -5.49  -14.55   -4.99    0.00000    19.43  LINEAR    3.42592E-01   -91.59    1.20816E-01   -91.59
  -55.00    80.00      -4.14  -14.39   -3.75    0.00000    17.09  LINEAR    4.00182E-01   -91.62    1.23023E-01   -91.62
  -50.00    80.00      -2.99  -14.22   -2.67    0.00000    15.34  LINEAR    4.57156E-01   -91.64    1.25405E-01   -91.64
  -45.00    80.00      -1.99  -14.05   -1.73    0.00000    14.00  LINEAR    5.12892E-01   -91.67    1.27897E-01   -91.67
  -40.00    80.00      -1.12  -13.88   -0.90    0.00000    12.96  LINEAR    5.66619E-01   -91.69    1.30424E-01   -91.69
  -35.00    80.00      -0.38  -13.72   -0.18    0.00000    12.15  LINEAR    6.17441E-01   -91.72    1.32908E-01   -91.72
  -30.00    80.00       0.26  -13.57    0.43    0.00000    11.51  LINEAR    6.64370E-01   -91.74    1.35269E-01   -91.74
  -25.00    80.00       0.79  -13.43    0.95    0.00000    11.01  LINEAR    7.06375E-01   -91.76    1.37429E-01   -91.76
  -20.00    80.00       1.22  -13.31    1.37    0.00000    10.63  LINEAR    7.42438E-01   -91.77    1.39314E-01   -91.77
  -15.00    80.00       1.56  -13.21    1.70    0.00000    10.35  LINEAR    7.71614E-01   -91.78    1.40856E-01   -91.78
  -10.00    80.00       1.80  -13.14    1.93    0.00000    10.15  LINEAR    7.93088E-01   -91.79    1.42000E-01   -91.79
   -5.00    80.00       1.94  -13.10    2.07    0.00000    10.04  LINEAR    8.06236E-01   -91.80    1.42704E-01   -91.80
    0.00    80.00       1.99  -13.09    2.12    0.00000    10.00  LINEAR    8.10663E-01   -91.80    1.42942E-01   -91.80
 -180.00    85.00       2.09  -19.07    2.12    0.00000    -5.00  LINEAR    8.20037E-01    88.20    7.17439E-02   -91.80
 -175.00    85.00       2.04  -19.09    2.07    0.00000    -5.02  LINEAR    8.15526E-01    88.20    7.16219E-02   -91.80
 -170.00    85.00       1.89  -19.13    1.93    0.00000    -5.08  LINEAR    8.02134E-01    88.21    7.12603E-02   -91.79
 -165.00    85.00       1.65  -19.21    1.69    0.00000    -5.18  LINEAR    7.80268E-01    88.22    7.06727E-02   -91.78
 -160.00    85.00       1.32  -19.30    1.36    0.00000    -5.32  LINEAR    7.50572E-01    88.23    6.98809E-02   -91.77
 -155.00    85.00       0.88  -19.42    0.92    0.00000    -5.51  LINEAR    7.13886E-01    88.25    6.89136E-02   -91.75
 -150.00    85.00       0.35  -19.56    0.39    0.00000    -5.77  LINEAR    6.71183E-01    88.26    6.78051E-02   -91.74
 -145.00    85.00      -0.29  -19.72   -0.24    0.00000    -6.10  LINEAR    6.23513E-01    88.29    6.65936E-02   -91.71
 -140.00    85.00      -1.04  -19.89   -0.99    0.00000    -6.52  LINEAR    5.71934E-01    88.31    6.53197E-02   -91.69
 -135.00    85.00      -1.91  -20.06   -1.85    0.00000    -7.05  LINEAR    5.17460E-01    88.34    6.40242E-02   -91.66
 -130.00    85.00      -2.92  -20.24   -2.84    0.00000    -7.75  LINEAR    4.61009E-01    88.36    6.27471E-02   -91.64
 -125.00    85.00      -4.08  -20.41   -3.98    0.00000    -8.67  LINEAR    4.03367E-01    88.39    6.15263E-02   -91.61
 -120.00    85.00      -5.43  -20.57   -5.30    0.00000    -9.92  LINEAR    3.45166E-01    88.41    6.03963E-02   -91.59
 -115.00    85.00      -7.04  -20.72   -6.85    0.00000   -11.70  LINEAR    2.86875E-01    88.43    5.93877E-02   -91.57
 -110.00    85.00      -9.00  -20.84   -8.73    0.00000   -14.35  LINEAR    2.28799E-01    88.45    5.85266E-02   -91.55
 -105.00    85.00     -11.53  -20.95  -11.06    0.00000   -18.68  LINEAR    1.71093E-01    88.47    5.78347E-02   -91.53
 -100.00    85.00     -15.07  -21.02  -14.09    0.00000   -26.74  LINEAR    1.13786E-01    88.48    5.73286E-02   -91.52
  -95.00    85.00     -21.10  -21.07  -18.08    0.00000   -45.11  LINEAR    5.68032E-02    88.49    5.70201E-02   -91.51
  -90.00    85.00    -999.99  -21.09  -21.09    0.00000   -90.00  LINEAR    3.32007E-12    88.49    5.69165E-02   -91.51
  -85.00    85.00     -21.10  -21.07  -18.08    0.00000    45.11  LINEAR    5.68032E-02   -91.51    5.70201E-02   -91.51
  -80.00    85.00     -15.07  -21.02  -14.09    0.00000    26.74  LINEAR    1.13786E-01   -91.52    5.73286E-02   -91.52
  -75.00    85.00     -11.53  -20.95  -11.06    0.00000    18.68  LINEAR    1.71093E-01   -91.53    5.78347E-02   -91.53
  -70.00    85.00      -9.00  -20.84   -8.73    0.00000    14.35  LINEAR    2.28799E-01   -91.55    5.85266E-02   -91.55
  -65.00    85.00      -7.04  -20.72   -6.85    0.00000    11.70  LINEAR    2.86875E-01   -91.57    5.93877E-02   -91.57
  -60.00    85.00      -5.43  -20.57   -5.30    0.00000     9.92  LINEAR    3.45166E-01   -91.59    6.03963E-02   -91.59
  -55.00    85.00      -4.08  -20.41   -3.98    0.00000     8.67  LINEAR    4.03367E-01   -91.61    6.15263E-02   -91.61
  -50.00    85.00      -2.92  -20.24   -2.84    0.00000     7.75  LINEAR    4.61009E-01   -91.64    6.27471E-02   -91.64
  -45.00    85.00      -1.91  -20.06   -1.85    0.00000     7.05  LINEAR    5.17460E-01   -91.66    6.40242E-02   -91.66
  -40.00    85.00      -1.04  -19.89   -0.99    0.00000     6.52  LINEAR    5.71934E-01   -91.69    6.53197E-02   -91.69
  -35.00    85.00      -0.29  -19.72   -0.24    0.00000     6.10  LINEAR    6.23513E-01   -91.71    6.65936E-02   -91.71
  -30.00    85.00       0.35  -19.56    0.39    0.00000     5.77  LINEAR    6.71183E-01   -91.74    6.78051E-02   -91.74
  -25.00    85.00       0.88  -19.42    0.92    0.00000     5.51  LINEAR    7.13886E-01   -91.75    6.89136E-02   -91.75
  -20.00    85.00       1.32  -19.30    1.36    0.00000     5.32  LINEAR    7.50572E-01   -91.77    6.98809E-02   -91.77
  -15.00    85.00       1.65  -19.21    1.69    0.00000     5.18  LINEAR    7.80268E-01   -91.78    7.06727E-02   -91.78
  -10.00    85.00       1.89  -19.13    1.93    0.00000     5.08  LINEAR    8.02134E-01   -91.79    7.12603E-02   -91.79
   -5.00    85.00       2.04  -19.09    2.07    0.00000     5.02  LINEAR    8.15526E-01   -91.80    7.16219E-02   -91.80
    0.00    85.00       2.09  -19.07    2.12    0.00000     5.00  LINEAR    8.20037E-01   -91.80    7.17439E-02   -91.80
 -180.00    90.00       2.12 -999.99    2.12    0.00000     0.00  LINEAR    8.23169E-01    88.20    4.20097E-12    88.20
 -175.00    90.00       2.07 -999.99    2.07    0.00000     0.00  LINEAR    8.18631E-01    88.20    4.19377E-12    88.20
 -170.00    90.00       1.93 -999.99    1.93    0.00000     0.00  LINEAR    8.05157E-01    88.21    4.17244E-12    88.21
 -165.00    90.00       1.69 -999.99    1.69    0.00000     0.00  LINEAR    7.83158E-01    88.22    4.13777E-12    88.22
 -160.00    90.00       1.35 -999.99    1.35    0.00000     0.00  LINEAR    7.53287E-01    88.23    4.09105E-12    88.23
 -155.00    90.00       0.91 -999.99    0.91    0.00000     0.00  LINEAR    7.16391E-01    88.25    4.03399E-12    88.25
 -150.00    90.00       0.38 -999.99    0.38    0.00000     0.00  LINEAR    6.73453E-01    88.27    3.96860E-12    88.27
 -145.00    90.00      -0.27 -999.99   -0.27    0.00000     0.00  LINEAR    6.25534E-01    88.29    3.89715E-12    88.29
 -140.00    90.00      -1.02 -999.99   -1.02    0.00000     0.00  LINEAR    5.73701E-01    88.31    3.82202E-12    88.31
 -135.00    90.00      -1.89 -999.99   -1.89    0.00000     0.00  LINEAR    5.18977E-01    88.34    3.74562E-12    88.34
 -130.00    90.00      -2.89 -999.99   -2.89    0.00000     0.00  LINEAR    4.62287E-01    88.36    3.67032E-12    88.36
 -125.00    90.00      -4.05 -999.99   -4.05    0.00000     0.00  LINEAR    4.04421E-01    88.39    3.59835E-12    88.39
 -120.00    90.00      -5.41 -999.99   -5.41    0.00000     0.00  LINEAR    3.46017E-01    88.41    3.53173E-12    88.41
 -115.00    90.00      -7.02 -999.99   -7.02    0.00000     0.00  LINEAR    2.87543E-01    88.43    3.47228E-12    88.43
 -110.00    90.00      -8.98 -999.99   -8.98    0.00000     0.00  LINEAR    2.29304E-01    88.45    3.42153E-12    88.45
 -105.00    90.00     -11.51 -999.99  -11.51    0.00000     0.00  LINEAR    1.71455E-01    88.47    3.38075E-12    88.47
 -100.00    90.00     -15.05 -999.99  -15.05    0.00000     0.00  LINEAR    1.14018E-01    88.48    3.35093E-12    88.48
  -95.00    90.00     -21.09 -999.99  -21.09    0.00000     0.00  LINEAR    5.69165E-02    88.49    3.33275E-12    88.49
  -90.00    90.00    -999.99 -999.99 -999.99    0.00000     0.00            3.32665E-12    88.49    3.32665E-12    88.49
  -85.00    90.00     -21.09 -999.99  -21.09    0.00000     0.00  LINEAR    5.69165E-02   -91.51    3.33275E-12    88.49
  -80.00    90.00     -15.05 -999.99  -15.05    0.00000     0.00  LINEAR    1.14018E-01   -91.52    3.35093E-12    88.48
  -75.00    90.00     -11.51 -999.99  -11.51    0.00000     0.00  LINEAR    1.71455E-01   -91.53    3.38075E-12    88.47
  -70.00    90.00      -8.98 -999.99   -8.98    0.00000     0.00  LINEAR    2.29304E-01   -91.55    3.42153E-12    88.45
  -65.00    90.00      -7.02 -999.99   -7.02    0.00000     0.00  LINEAR    2.87543E-01   -91.57    3.47228E-12    88.43
  -60.00    90.00      -5.41 -999.99   -5.41    0.00000     0.00  LINEAR    3.46017E-01   -91.59    3.53173E-12    88.41
  -55.00    90.00      -4.05 -999.99   -4.05    0.00000     0.00  LINEAR    4.04421E-01   -91.61    3.59835E-12    88.39
  -50.00    90.00      -2.89 -999.99   -2.89    0.00000     0.00  LINEAR    4.62287E-01   -91.64    3.67032E-12    88.36
  -45.00    90.00      -1.89 -999.99   -1.89    0.00000     0.00  LINEAR    5.18977E-01   -91.66    3.74562E-12    88.34
  -40.00    90.00      -1.02 -999.99   -1.02    0.00000     0.00  LINEAR    5.73701E-01   -91.69    3.82202E-12    88.31
  -35.00    90.00      -0.27 -999.99   -0.27    0.00000     0.00  LINEAR    6.25534E-01   -91.71    3.89715E-12    88.29
  -30.00    90.00       0.38 -999.99    0.38    0.00000     0.00  LINEAR    6.73453E-01   -91.73    3.96860E-12    88.27
  -25.00    90.00       0.91 -999.99    0.91    0.00000     0.00  LINEAR    7.16391E-01   -91.75    4.03399E-12    88.25
  -20.00    90.00       1.35 -999.99    1.35    0.00000     0.00  LINEAR    7.53287E-01   -91.77    4.09105E-12    88.23
  -15.00    90.00       1.69 -999.99    1.69    0.00000     0.00  LINEAR    7.83158E-01   -91.78    4.13777E-12    88.22
  -10.00    90.00       1.93 -999.99    1.93    0.00000     0.00  LINEAR    8.05157E-01   -91.79    4.17244E-12    88.21
   -5.00    90.00       2.07 -999.99    2.07    0.00000     0.00  LINEAR    8.18631E-01   -91.80    4.19377E-12    88.20
    0.00    90.00       2.12 -999.99    2.12    0.00000     0.00  LINEAR    8.23169E-01   -91.80    4.20097E-12    88.20
 -180.00    95.00       2.09  -19.07    2.12    0.00000     5.00  LINEAR    8.20037E-01    88.20    7.17439E-02    88.20
 -175.00    95.00       2.04  -19.09    2.07    0.00000     5.02  LINEAR    8.15526E-01    88.20    7.16219E-02    88.20
 -170.00    95.00       1.89  -19.13    1.93    0.00000     5.08  LINEAR    8.02134E-01    88.21    7.12603E-02    88.21
 -165.00    95.00       1.65  -19.21    1.69    0.00000     5.18  LINEAR    7.80268E-01    88.22    7.06727E-02    88.22
 -160.00    95.00       1.32  -19.30    1.36    0.00000     5.32  LINEAR    7.50572E-01    88.23    6.98809E-02    88.23
 -155.00    95.00       0.88  -19.42    0.92    0.00000     5.51  LINEAR    7.13886E-01    88.25    6.89136E-02    88.25
 -150.00    95.00       0.35  -19.56    0.39    0.00000     5.77  LINEAR    6.71183E-01    88.26    6.78051E-02    88.26
 -145.00    95.00      -0.29  -19.72   -0.24    0.00000     6.10  LINEAR    6.23513E-01    88.29    6.65936E-02    88.29
 -140.00    95.00      -1.04  -19.89   -0.99    0.00000     6.52  LINEAR    5.71934E-01    88.31    6.53197E-02    88.31
 -135.00    95.00      -1.91  -20.06   -1.85    0.00000     7.05  LINEAR    5.17460E-01    88.34    6.40242E-02    88.34
 -130.00    95.00      -2.92  -20.24   -2.84    0.00000     7.75  LINEAR    4.61009E-01    88.36    6.27471E-02    88.36
 -125.00    95.00      -4.08  -20.41   -3.98    0.00000     8.67  LINEAR    4.03367E-01    88.39    6.15263E-02    88.39
 -120.00    95.00      -5.43  -20.57   -5.30    0.00000     9.92  LINEAR    3.45166E-01    88.41    6.03963E-02    88.41
 -115.00    95.00      -7.04  -20.72   -6.85    0.00000    11.70  LINEAR    2.86875E-01    88.43    5.93877E-02    88.43
 -110.00    95.00      -9.00  -20.84   -8.73    0.00000    14.35  LINEAR    2.28799E-01    88.45    5.85266E-02    88.45
 -105.00    95.00     -11.53  -20.95  -11.06    0.00000    18.68  LINEAR    1.71093E-01    88.47    5.78347E-02    88.47
 -100.00    95.00     -15.07  -21.02  -14.09    0.00000    26.74  LINEAR    1.13786E-01    88.48    5.73286E-02    88.48
  -95.00    95.00     -21.10  -21.07  -18.08    0.00000    45.11  LINEAR    5.68032E-02    88.49    5.70201E-02    88.49
  -90.00    95.00    -999.99  -21.09  -21.09    0.00000    90.00  LINEAR    3.32007E-12    88.49    5.69165E-02    88.49
  -85.00    95.00     -21.10  -21.07  -18.08    0.00000   -45.11  LINEAR    5.68032E-02   -91.51    5.70201E-02    88.49
  -80.00    95.00     -15.07  -21.02  -14.09    0.00000   -26.74  LINEAR    1.13786E-01   -91.52    5.73286E-02    88.48
  -75.00    95.00     -11.53  -20.95  -11.06    0.00000   -18.68  LINEAR    1.71093E-01   -91.53    5.78347E-02    88.47
  -70.00    95.00      -9.00  -20.84   -8.73    0.00000   -14.35  LINEAR    2.28799E-01   -91.55    5.85266E-02    88.45
  -65.00    95.00      -7.04  -20.72   -6.85    0.00000   -11.70  LINEAR    2.86875E-01   -91.57    5.93877E-02    88.43
  -60.00    95.00      -5.43  -20.57   -5.30    0.00000    -9.92  LINEAR    3.45166E-01   -91.59    6.03963E-02    88.41
  -55.00    95.00      -4.08  -20.41   -3.98    0.00000    -8.67  LINEAR    4.03367E-01   -91.61    6.15263E-02    88.39
  -50.00    95.00      -2.92  -20.24   -2.84    0.00000    -7.75  LINEAR    4.61009E-01   -91.64    6.27471E-02    88.36
  -45.00    95.00      -1.91  -20.06   -1.85    0.00000    -7.05  LINEAR    5.17460E-01   -91.66    6.40242E-02    88.34
  -40.00    95.00      -1.04  -19.89   -0.99    0.00000    -6.52  LINEAR    5.71934E-01   -91.69    6.53197E-02    88.31
  -35.00    95.00      -0.29  -19.72   -0.24    0.00000    -6.10  LINEAR    6.23513E-01   -91.71    6.65936E-02    88.29
  -30.00    95.00       0.35  -19.56    0.39    0.00000    -5.77  LINEAR    6.71183E-01   -91.74    6.78051E-02    88.26
  -25.00    95.00       0.88  -19.42    0.92    0.00000    -5.51  LINEAR    7.13886E-01   -91.75    6.89136E-02    88.25
  -20.00    95.00       1.32  -19.30    1.36    0.00000    -5.32  LINEAR    7.50572E-01   -91.77    6.98809E-02    88.23
  -15.00    95.00       1.65  -19.21    1.69    0.00000    -5.18  LINEAR    7.80268E-01   -91.78    7.06727E-02    88.22
  -10.00    95.00       1.89  -19.13    1.93    0.00000    -5.08  LINEAR    8.02134E-01   -91.79    7.12603E-02    88.21
   -5.00    95.00       2.04  -19.09    2.07    0.00000    -5.02  LINEAR    8.15526E-01   -91.80    7.16219E-02    88.20
    0.00    95.00       2.09  -19.07    2.12    0.00000    -5.00  LINEAR    8.20037E-01   -91.80    7.17439E-02    88.20
 -180.00   100.00       1.99  -13.09    2.12    0.00000    10.00  LINEAR    8.10663E-01    88.20    1.42942E-01    88.20
 -175.00   100.00       1.94  -13.10    2.07    0.00000    10.04  LINEAR    8.06236E-01    88.20    1.42704E-01    88.20
 -170.00   100.00       1.80  -13.14    1.93    0.00000    10.15  LINEAR    7.93088E-01    88.21    1.42000E-01    88.21
 -165.00   100.00       1.56  -13.21    1.70    0.00000    10.35  LINEAR    7.71614E-01    88.22    1.40856E-01    88.22
 -160.00   100.00       1.22  -13.31    1.37    0.00000    10.63  LINEAR    7.42438E-01    88.23    1.39314E-01    88.23
 -155.00   100.00       0.79  -13.43    0.95    0.00000    11.01  LINEAR    7.06375E-01    88.24    1.37429E-01    88.24
 -150.00   100.00       0.26  -13.57    0.43    0.00000    11.51  LINEAR    6.64370E-01    88.26    1.35269E-01    88.26
 -145.00   100.00      -0.38  -13.72   -0.18    0.00000    12.15  LINEAR    6.17441E-01    88.28    1.32908E-01    88.28
 -140.00   100.00      -1.12  -13.88   -0.90    0.00000    12.96  LINEAR    5.66619E-01    88.31    1.30424E-01    88.31
 -135.00   100.00      -1.99  -14.05   -1.73    0.00000    14.00  LINEAR    5.12892E-01    88.33    1.27897E-01    88.33
 -130.00   100.00      -2.99  -14.22   -2.67    0.00000    15.34  LINEAR    4.57156E-01    88.36    1.25405E-01    88.36
 -125.00   100.00      -4.14  -14.39   -3.75    0.00000    17.09  LINEAR    4.00182E-01    88.38    1.23023E-01    88.38
 -120.00   100.00      -5.49  -14.55   -4.99    0.00000    19.43  LINEAR    3.42592E-01    88.41    1.20816E-01    88.41
 -115.00   100.00      -7.10  -14.69   -6.40    0.00000    22.65  LINEAR    2.84850E-01    88.43    1.18847E-01    88.43
 -110.00   100.00      -9.06  -14.81   -8.04    0.00000    27.27  LINEAR    2.27263E-01    88.45    1.17165E-01    88.45
 -105.00   100.00     -11.58  -14.92   -9.93    0.00000    34.27  LINEAR    1.69994E-01    88.46    1.15813E-01    88.46
 -100.00   100.00     -15.12  -14.99  -12.05    0.00000    45.44  LINEAR    1.13079E-01    88.47    1.14824E-01    88.47
  -95.00   100.00     -21.16  -15.04  -14.09    0.00000    63.70  LINEAR    5.64576E-02    88.48    1.14221E-01    88.48
  -90.00   100.00    -999.99  -15.05  -15.05    0.00000    90.00  LINEAR    3.30002E-12    88.48    1.14018E-01    88.48
  -85.00   100.00     -21.16  -15.04  -14.09    0.00000   -63.70  LINEAR    5.64576E-02   -91.52    1.14221E-01    88.48
  -80.00   100.00     -15.12  -14.99  -12.05    0.00000   -45.44  LINEAR    1.13079E-01   -91.53    1.14824E-01    88.47
  -75.00   100.00     -11.58  -14.92   -9.93    0.00000   -34.27  LINEAR    1.69994E-01   -91.54    1.15813E-01    88.46
  -70.00   100.00      -9.06  -14.81   -8.04    0.00000   -27.27  LINEAR    2.27263E-01   -91.55    1.17165E-01    88.45
  -65.00   100.00      -7.10  -14.69   -6.40    0.00000   -22.65  LINEAR    2.84850E-01   -91.57    1.18847E-01    88.43
  -60.00   100.00      -5.49  -14.55   -4.99    0.00000   -19.43  LINEAR    3.42592E-01   -91.59    1.20816E-01    88.41
  -55.00   100.00      -4.14  -14.39   -3.75    0.00000   -17.09  LINEAR    4.00182E-01   -91.62    1.23023E-01    88.38
  -50.00   100.00      -2.99  -14.22   -2.67    0.00000   -15.34  LINEAR    4.57156E-01   -91.64    1.25405E-01    88.36
  -45.00   100.00      -1.99  -14.05   -1.73    0.00000   -14.00  LINEAR    5.12892E-01   -91.67    1.27897E-01    88.33
  -40.00   100.00      -1.12  -13.88   -0.90    0.00000   -12.96  LINEAR    5.66619E-01   -91.69    1.30424E-01    88.31
  -35.00   100.00      -0.38  -13.72   -0.18    0.00000   -12.15  LINEAR    6.17441E-01   -91.72    1.32908E-01    88.28
  -30.00   100.00       0.26  -13.57    0.43    0.00000   -11.51  LINEAR    6.64370E-01   -91.74    1.35269E-01    88.26
  -25.00   100.00       0.79  -13.43    0.95    0.00000   -11.01  LINEAR    7.06375E-01   -91.76    1.37429E-01    88.24
  -20.00   100.00       1.22  -13.31    1.37    0.00000   -10.63  LINEAR    7.42438E-01   -91.77    1.39314E-01    88.23
  -15.00   100.00       1.56  -13.21    1.70    0.00000   -10.35  LINEAR    7.71614E-01   -91.78    1.40856E-01    88.22
  -10.00   100.00       1.80  -13.14    1.93    0.00000   -10.15  LINEAR    7.93088E-01   -91.79    1.42000E-01    88.21
   -5.00   100.00       1.94  -13.10    2.07    0.00000   -10.04  LINEAR    8.06236E-01   -91.80    1.42704E-01    88.20
    0.00   100.00       1.99  -13.09    2.12    0.00000   -10.00  LINEAR    8.10663E-01   -91.80    1.42942E-01    88.20
 -180.00   105.00       1.82   -9.62    2.12    0.00000    15.00  LINEAR    7.95120E-01    88.20    2.13052E-01    88.20
 -175.00   105.00       1.77   -9.63    2.07    0.00000    15.05  LINEAR    7.90828E-01    88.20    2.12711E-01    88.20
 -170.00   105.00       1.63   -9.68    1.94    0.00000    15.22  LINEAR    7.78077E-01    88.21    2.11701E-01    88.21
 -165.00   105.00       1.39   -9.74    1.72    0.00000    15.50  LINEAR    7.57243E-01    88.21    2.10060E-01    88.21
 -160.00   105.00       1.06   -9.84    1.40    0.00000    15.92  LINEAR    7.28917E-01    88.23    2.07848E-01    88.23
 -155.00   105.00       0.64   -9.95    1.00    0.00000    16.47  LINEAR    6.93873E-01    88.24    2.05143E-01    88.24
 -150.00   105.00       0.11  -10.08    0.51    0.00000    17.19  LINEAR    6.53009E-01    88.26    2.02042E-01    88.26
 -145.00   105.00      -0.52  -10.23   -0.08    0.00000    18.11  LINEAR    6.07296E-01    88.28    1.98650E-01    88.28
 -140.00   105.00      -1.26  -10.39   -0.76    0.00000    19.28  LINEAR    5.57718E-01    88.30    1.95080E-01    88.30
 -135.00   105.00      -2.12  -10.55   -1.54    0.00000    20.75  LINEAR    5.05220E-01    88.33    1.91447E-01    88.33
 -130.00   105.00      -3.11  -10.71   -2.42    0.00000    22.63  LINEAR    4.50666E-01    88.35    1.87862E-01    88.35
 -125.00   105.00      -4.26  -10.87   -3.41    0.00000    25.04  LINEAR    3.94799E-01    88.37    1.84432E-01    88.37
 -120.00   105.00      -5.61  -11.02   -4.51    0.00000    28.19  LINEAR    3.38227E-01    88.40    1.81255E-01    88.40
 -115.00   105.00      -7.20  -11.16   -5.74    0.00000    32.38  LINEAR    2.81405E-01    88.42    1.78417E-01    88.42
 -110.00   105.00      -9.16  -11.28   -7.08    0.00000    38.08  LINEAR    2.24643E-01    88.44    1.75992E-01    88.44
 -105.00   105.00     -11.68  -11.38   -8.51    0.00000    45.99  LINEAR    1.68113E-01    88.45    1.74043E-01    88.45
 -100.00   105.00     -15.22  -11.45   -9.93    0.00000    57.05  LINEAR    1.11866E-01    88.46    1.72616E-01    88.46
  -95.00   105.00     -21.25  -11.49  -11.06    0.00000    71.98  LINEAR    5.58640E-02    88.47    1.71747E-01    88.47
  -90.00   105.00    -999.99  -11.51  -11.51    0.00000    90.00  LINEAR    3.26556E-12    88.47    1.71455E-01    88.47
  -85.00   105.00     -21.25  -11.49  -11.06    0.00000   -71.98  LINEAR    5.58640E-02   -91.53    1.71747E-01    88.47
  -80.00   105.00     -15.22  -11.45   -9.93    0.00000   -57.05  LINEAR    1.11866E-01   -91.54    1.72616E-01    88.46
  -75.00   105.00     -11.68  -11.38   -8.51    0.00000   -45.99  LINEAR    1.68113E-01   -91.55    1.74043E-01    88.45
  -70.00   105.00      -9.16  -11.28   -7.08    0.00000   -38.08  LINEAR    2.24643E-01   -91.56    1.75992E-01    88.44
  -65.00   105.00      -7.20  -11.16   -5.74    0.00000   -32.38  LINEAR    2.81405E-01   -91.58    1.78417E-01    88.42
  -60.00   105.00      -5.61  -11.02   -4.51    0.00000   -28.19  LINEAR    3.38227E-01   -91.60    1.81255E-01    88.40
  -55.00   105.00      -4.26  -10.87   -3.41    0.00000   -25.04  LINEAR    3.94799E-01   -91.63    1.84432E-01    88.37
  -50.00   105.00      -3.11  -10.71   -2.42    0.00000   -22.63  LINEAR    4.50666E-01   -91.65    1.87862E-01    88.35
  -45.00   105.00      -2.12  -10.55   -1.54    0.00000   -20.75  LINEAR    5.05220E-01   -91.67    1.91447E-01    88.33
  -40.00   105.00      -1.26  -10.39   -0.76    0.00000   -19.28  LINEAR    5.57718E-01   -91.70    1.95080E-01    88.30
  -35.00   105.00      -0.52  -10.23   -0.08    0.00000   -18.11  LINEAR    6.07296E-01   -91.72    1.98650E-01    88.28
  -30.00   105.00       0.11  -10.08    0.51    0.00000   -17.19  LINEAR    6.53009E-01   -91.74    2.02042E-01    88.26
  -25.00   105.00       0.64   -9.95    1.00    0.00000   -16.47  LINEAR    6.93873E-01   -91.76    2.05143E-01    88.24
  -20.00   105.00       1.06   -9.84    1.40    0.00000   -15.92  LINEAR    7.28917E-01   -91.77    2.07848E-01    88.23
  -15.00   105.00       1.39   -9.74    1.72    0.00000   -15.50  LINEAR    7.57243E-01   -91.79    2.10060E-01    88.21
  -10.00   105.00       1.63   -9.68    1.94    0.00000   -15.22  LINEAR    7.78077E-01   -91.79    2.11701E-01    88.21
   -5.00   105.00       1.77   -9.63    2.07    0.00000   -15.05  LINEAR    7.90828E-01   -91.80    2.12711E-01    88.20
    0.00   105.00       1.82   -9.62    2.12    0.00000   -15.00  LINEAR    7.95120E-01   -91.80    2.13052E-01    88.20
 -180.00   110.00       1.58   -7.20    2.12    0.00000    20.00  LINEAR    7.73526E-01    88.20    2.81540E-01    88.20
 -175.00   110.00       1.53   -7.21    2.08    0.00000    20.07  LINEAR    7.69416E-01    88.20    2.81114E-01    88.20
 -170.00   110.00       1.39   -7.25    1.95    0.00000    20.28  LINEAR    7.57204E-01    88.21    2.79851E-01    88.21
 -165.00   110.00       1.16   -7.32    1.74    0.00000    20.65  LINEAR    7.37236E-01    88.21    2.77798E-01    88.21
 -160.00   110.00       0.84   -7.40    1.44    0.00000    21.17  LINEAR    7.10064E-01    88.23    2.75028E-01    88.23
 -155.00   110.00       0.41   -7.51    1.06    0.00000    21.88  LINEAR    6.76405E-01    88.24    2.71642E-01    88.24
 -150.00   110.00      -0.11   -7.64    0.60    0.00000    22.80  LINEAR    6.37095E-01    88.26    2.67756E-01    88.26
 -145.00   110.00      -0.73   -7.77    0.05    0.00000    23.96  LINEAR    5.93043E-01    88.28    2.63504E-01    88.28
 -140.00   110.00      -1.46   -7.92   -0.58    0.00000    25.41  LINEAR    5.45169E-01    88.30    2.59026E-01    88.30
 -135.00   110.00      -2.31   -8.08   -1.29    0.00000    27.24  LINEAR    4.94364E-01    88.32    2.54465E-01    88.32
 -130.00   110.00      -3.29   -8.23   -2.08    0.00000    29.52  LINEAR    4.41443E-01    88.34    2.49961E-01    88.34
 -125.00   110.00      -4.43   -8.38   -2.96    0.00000    32.40  LINEAR    3.87116E-01    88.36    2.45649E-01    88.36
 -120.00   110.00      -5.77   -8.53   -3.92    0.00000    36.05  LINEAR    3.31966E-01    88.39    2.41652E-01    88.39
 -115.00   110.00      -7.36   -8.66   -4.95    0.00000    40.74  LINEAR    2.76441E-01    88.40    2.38079E-01    88.40
 -110.00   110.00      -9.31   -8.77   -6.02    0.00000    46.78  LINEAR    2.20851E-01    88.42    2.35025E-01    88.42
 -105.00   110.00     -11.82   -8.86   -7.08    0.00000    54.58  LINEAR    1.65379E-01    88.44    2.32568E-01    88.44
 -100.00   110.00     -15.35   -8.93   -8.04    0.00000    64.49  LINEAR    1.10099E-01    88.45    2.30769E-01    88.45
  -95.00   110.00     -21.38   -8.97   -8.73    0.00000    76.53  LINEAR    5.49970E-02    88.45    2.29673E-01    88.45
  -90.00   110.00    -999.99   -8.98   -8.98    0.00000    90.00  LINEAR    3.21519E-12    88.45    2.29304E-01    88.45
  -85.00   110.00     -21.38   -8.97   -8.73    0.00000   -76.53  LINEAR    5.49970E-02   -91.55    2.29673E-01    88.45
  -80.00   110.00     -15.35   -8.93   -8.04    0.00000   -64.49  LINEAR    1.10099E-01   -91.55    2.30769E-01    88.45
  -75.00   110.00     -11.82   -8.86   -7.08    0.00000   -54.58  LINEAR    1.65379E-01   -91.56    2.32568E-01    88.44
  -70.00   110.00      -9.31   -8.77   -6.02    0.00000   -46.78  LINEAR    2.20851E-01   -91.58    2.35025E-01    88.42
  -65.00   110.00      -7.36   -8.66   -4.95    0.00000   -40.74  LINEAR    2.76441E-01   -91.60    2.38079E-01    88.40
  -60.00   110.00      -5.77   -8.53   -3.92    0.00000   -36.05  LINEAR    3.31966E-01   -91.61    2.41652E-01    88.39
  -55.00   110.00      -4.43   -8.38   -2.96    0.00000   -32.40  LINEAR    3.87116E-01   -91.64    2.45649E-01    88.36
  -50.00   110.00      -3.29   -8.23   -2.08    0.00000   -29.52  LINEAR    4.41443E-01   -91.66    2.49961E-01    88.34
  -45.00   110.00      -2.31   -8.08   -1.29    0.00000   -27.24  LINEAR    4.94364E-01   -91.68    2.54465E-01    88.32
  -40.00   110.00      -1.46   -7.92   -0.58    0.00000   -25.41  LINEAR    5.45169E-01   -91.70    2.59026E-01    88.30
  -35.00   110.00      -0.73   -7.77    0.05    0.00000   -23.96  LINEAR    5.93043E-01   -91.72    2.63504E-01    88.28
  -30.00   110.00      -0.11   -7.64    0.60    0.00000   -22.80  LINEAR    6.37095E-01   -91.74    2.67756E-01    88.26
  -25.00   110.00       0.41   -7.51    1.06    0.00000   -21.88  LINEAR    6.76405E-01   -91.76    2.71642E-01    88.24
  -20.00   110.00       0.84   -7.40    1.44    0.00000   -21.17  LINEAR    7.10064E-01   -91.77    2.75028E-01    88.23
  -15.00   110.00       1.16   -7.32    1.74    0.00000   -20.65  LINEAR    7.37236E-01   -91.79    2.77798E-01    88.21
  -10.00   110.00       1.39   -7.25    1.95    0.00000   -20.28  LINEAR    7.57204E-01   -91.79    2.79851E-01    88.21
   -5.00   110.00       1.53   -7.21    2.08    0.00000   -20.07  LINEAR    7.69416E-01   -91.80    2.81114E-01    88.20
    0.00   110.00       1.58   -7.20    2.12    0.00000   -20.00  LINEAR    7.73526E-01   -91.80    2.81540E-01    88.20
 -180.00   115.00       1.27   -5.36    2.12    0.00000    25.00  LINEAR    7.46044E-01    88.20    3.47886E-01    88.20
 -175.00   115.00       1.22   -5.37    2.08    0.00000    25.08  LINEAR    7.42159E-01    88.20    3.47396E-01    88.20
 -170.00   115.00       1.08   -5.41    1.96    0.00000    25.34  LINEAR    7.30609E-01    88.20    3.45944E-01    88.20
 -165.00   115.00       0.86   -5.47    1.77    0.00000    25.77  LINEAR    7.11710E-01    88.21    3.43583E-01    88.21
 -160.00   115.00       0.54   -5.55    1.49    0.00000    26.39  LINEAR    6.85960E-01    88.22    3.40397E-01    88.22
 -155.00   115.00       0.12   -5.65    1.14    0.00000    27.23  LINEAR    6.54013E-01    88.24    3.36498E-01    88.24
 -150.00   115.00      -0.39   -5.77    0.72    0.00000    28.30  LINEAR    6.16632E-01    88.25    3.32023E-01    88.25
 -145.00   115.00      -1.00   -5.90    0.22    0.00000    29.65  LINEAR    5.74646E-01    88.27    3.27121E-01    88.27
 -140.00   115.00      -1.72   -6.03   -0.35    0.00000    31.33  LINEAR    5.28902E-01    88.29    3.21954E-01    88.29
 -135.00   115.00      -2.56   -6.18   -0.99    0.00000    33.40  LINEAR    4.80222E-01    88.31    3.16687E-01    88.31
 -130.00   115.00      -3.53   -6.32   -1.70    0.00000    35.96  LINEAR    4.29366E-01    88.33    3.11481E-01    88.33
 -125.00   115.00      -4.66   -6.46   -2.46    0.00000    39.11  LINEAR    3.76998E-01    88.35    3.06493E-01    88.35
 -120.00   115.00      -5.99   -6.59   -3.27    0.00000    43.00  LINEAR    3.23675E-01    88.37    3.01865E-01    88.37
 -115.00   115.00      -7.57   -6.71   -4.11    0.00000    47.81  LINEAR    2.69830E-01    88.39    2.97724E-01    88.39
 -110.00   115.00      -9.51   -6.82   -4.95    0.00000    53.74  LINEAR    2.15773E-01    88.40    2.94183E-01    88.40
 -105.00   115.00     -12.02   -6.90   -5.74    0.00000    60.97  LINEAR    1.61701E-01    88.42    2.91332E-01    88.42
 -100.00   115.00     -15.54   -6.96   -6.40    0.00000    69.58  LINEAR    1.07712E-01    88.43    2.89244E-01    88.43
  -95.00   115.00     -21.57   -7.00   -6.85    0.00000    79.41  LINEAR    5.38235E-02    88.43    2.87971E-01    88.43
  -90.00   115.00    -999.99   -7.02   -7.02    0.00000    90.00  LINEAR    3.14696E-12    88.43    2.87543E-01    88.43
  -85.00   115.00     -21.57   -7.00   -6.85    0.00000   -79.41  LINEAR    5.38235E-02   -91.57    2.87971E-01    88.43
  -80.00   115.00     -15.54   -6.96   -6.40    0.00000   -69.58  LINEAR    1.07712E-01   -91.57    2.89244E-01    88.43
  -75.00   115.00     -12.02   -6.90   -5.74    0.00000   -60.97  LINEAR    1.61701E-01   -91.58    2.91332E-01    88.42
  -70.00   115.00      -9.51   -6.82   -4.95    0.00000   -53.74  LINEAR    2.15773E-01   -91.60    2.94183E-01    88.40
  -65.00   115.00      -7.57   -6.71   -4.11    0.00000   -47.81  LINEAR    2.69830E-01   -91.61    2.97724E-01    88.39
  -60.00   115.00      -5.99   -6.59   -3.27    0.00000   -43.00  LINEAR    3.23675E-01   -91.63    3.01865E-01    88.37
  -55.00   115.00      -4.66   -6.46   -2.46    0.00000   -39.11  LINEAR    3.76998E-01   -91.65    3.06493E-01    88.35
  -50.00   115.00      -3.53   -6.32   -1.70    0.00000   -35.96  LINEAR    4.29366E-01   -91.67    3.11481E-01    88.33
  -45.00   115.00      -2.56   -6.18   -0.99    0.00000   -33.40  LINEAR    4.80222E-01   -91.69    3.16687E-01    88.31
  -40.00   115.00      -1.72   -6.03   -0.35    0.00000   -31.33  LINEAR    5.28902E-01   -91.71    3.21954E-01    88.29
  -35.00   115.00      -1.00   -5.90    0.22    0.00000   -29.65  LINEAR    5.74646E-01   -91.73    3.27121E-01    88.27
  -30.00   115.00      -0.39   -5.77    0.72    0.00000   -28.30  LINEAR    6.16632E-01   -91.75    3.32023E-01    88.25
  -25.00   115.00       0.12   -5.65    1.14    0.00000   -27.23  LINEAR    6.54013E-01   -91.76    3.36498E-01    88.24
  -20.00   115.00       0.54   -5.55    1.49    0.00000   -26.39  LINEAR    6.85960E-01   -91.78    3.40397E-01    88.22
  -15.00   115.00       0.86   -5.47    1.77    0.00000   -25.77  LINEAR    7.11710E-01   -91.79    3.43583E-01    88.21
  -10.00   115.00       1.08   -5.41    1.96    0.00000   -25.34  LINEAR    7.30609E-01   -91.80    3.45944E-01    88.20
   -5.00   115.00       1.22   -5.37    2.08    0.00000   -25.08  LINEAR    7.42159E-01   -91.80    3.47396E-01    88.20
    0.00   115.00       1.27   -5.36    2.12    0.00000   -25.00  LINEAR    7.46044E-01   -91.80    3.47886E-01    88.20
 -180.00   120.00       0.87   -3.90    2.12    0.00000    30.00  LINEAR    7.12885E-01    88.20    4.11585E-01    88.20
 -175.00   120.00       0.83   -3.91    2.08    0.00000    30.09  LINEAR    7.09259E-01    88.20    4.11055E-01    88.20
 -170.00   120.00       0.69   -3.95    1.98    0.00000    30.38  LINEAR    6.98476E-01    88.20    4.09486E-01    88.20
 -165.00   120.00       0.47   -4.00    1.80    0.00000    30.87  LINEAR    6.80814E-01    88.21    4.06934E-01    88.21
 -160.00   120.00       0.16   -4.07    1.55    0.00000    31.57  LINEAR    6.56716E-01    88.22    4.03489E-01    88.22
 -155.00   120.00      -0.25   -4.16    1.23    0.00000    32.50  LINEAR    6.26762E-01    88.23    3.99270E-01    88.23
 -150.00   120.00      -0.75   -4.27    0.85    0.00000    33.69  LINEAR    5.91634E-01    88.25    3.94423E-01    88.25
 -145.00   120.00      -1.35   -4.39    0.40    0.00000    35.18  LINEAR    5.52073E-01    88.26    3.89109E-01    88.26
 -140.00   120.00      -2.06   -4.51   -0.10    0.00000    37.00  LINEAR    5.08843E-01    88.28    3.83503E-01    88.28
 -135.00   120.00      -2.88   -4.65   -0.67    0.00000    39.23  LINEAR    4.62687E-01    88.30    3.77782E-01    88.30
 -130.00   120.00      -3.84   -4.78   -1.27    0.00000    41.93  LINEAR    4.14300E-01    88.32    3.72123E-01    88.32
 -125.00   120.00      -4.96   -4.90   -1.92    0.00000    45.19  LINEAR    3.64297E-01    88.34    3.66694E-01    88.34
 -120.00   120.00      -6.27   -5.02   -2.59    0.00000    49.11  LINEAR    3.13199E-01    88.36    3.61651E-01    88.36
 -115.00   120.00      -7.84   -5.13   -3.27    0.00000    53.80  LINEAR    2.61422E-01    88.37    3.57136E-01    88.37
 -110.00   120.00      -9.78   -5.23   -3.92    0.00000    59.36  LINEAR    2.09277E-01    88.39    3.53271E-01    88.39
 -105.00   120.00     -12.27   -5.30   -4.51    0.00000    65.85  LINEAR    1.56972E-01    88.40    3.50158E-01    88.40
 -100.00   120.00     -15.80   -5.36   -4.99    0.00000    73.26  LINEAR    1.04630E-01    88.41    3.47877E-01    88.41
  -95.00   120.00     -21.82   -5.40   -5.30    0.00000    81.42  LINEAR    5.23047E-02    88.41    3.46485E-01    88.41
  -90.00   120.00    -999.99   -5.41   -5.41    0.00000    90.00  LINEAR    3.05857E-12    88.41    3.46017E-01    88.41
  -85.00   120.00     -21.82   -5.40   -5.30    0.00000   -81.42  LINEAR    5.23047E-02   -91.59    3.46485E-01    88.41
  -80.00   120.00     -15.80   -5.36   -4.99    0.00000   -73.26  LINEAR    1.04630E-01   -91.59    3.47877E-01    88.41
  -75.00   120.00     -12.27   -5.30   -4.51    0.00000   -65.85  LINEAR    1.56972E-01   -91.60    3.50158E-01    88.40
  -70.00   120.00      -9.78   -5.23   -3.92    0.00000   -59.36  LINEAR    2.09277E-01   -91.61    3.53271E-01    88.39
  -65.00   120.00      -7.84   -5.13   -3.27    0.00000   -53.80  LINEAR    2.61422E-01   -91.63    3.57136E-01    88.37
  -60.00   120.00      -6.27   -5.02   -2.59    0.00000   -49.11  LINEAR    3.13199E-01   -91.64    3.61651E-01    88.36
  -55.00   120.00      -4.96   -4.90   -1.92    0.00000   -45.19  LINEAR    3.64297E-01   -91.66    3.66694E-01    88.34
  -50.00   120.00      -3.84   -4.78   -1.27    0.00000   -41.93  LINEAR    4.14300E-01   -91.68    3.72123E-01    88.32
  -45.00   120.00      -2.88   -4.65   -0.67    0.00000   -39.23  LINEAR    4.62687E-01   -91.70    3.77782E-01    88.30
  -40.00   120.00      -2.06   -4.51   -0.10    0.00000   -37.00  LINEAR    5.08843E-01   -91.72    3.83503E-01    88.28
  -35.00   120.00      -1.35   -4.39    0.40    0.00000   -35.18  LINEAR    5.52073E-01   -91.74    3.89109E-01    88.26
  -30.00   120.00      -0.75   -4.27    0.85    0.00000   -33.69  LINEAR    5.91634E-01   -91.75    3.94423E-01    88.25
  -25.00   120.00      -0.25   -4.16    1.23    0.00000   -32.50  LINEAR    6.26762E-01   -91.77    3.99270E-01    88.23
  -20.00   120.00       0.16   -4.07    1.55    0.00000   -31.57  LINEAR    6.56716E-01   -91.78    4.03489E-01    88.22
  -15.00   120.00       0.47   -4.00    1.80    0.00000   -30.87  LINEAR    6.80814E-01   -91.79    4.06934E-01    88.21
  -10.00   120.00       0.69   -3.95    1.98    0.00000   -30.38  LINEAR    6.98476E-01   -91.80    4.09486E-01    88.20
   -5.00   120.00       0.83   -3.91    2.08    0.00000   -30.09  LINEAR    7.09259E-01   -91.80    4.11055E-01    88.20
    0.00   120.00       0.87   -3.90    2.12    0.00000   -30.00  LINEAR    7.12885E-01   -91.80    4.11585E-01    88.20
 -180.00   125.00       0.39   -2.71    2.12    0.00000    35.00  LINEAR    6.74301E-01    88.20    4.72150E-01    88.20
 -175.00   125.00       0.34   -2.72    2.09    0.00000    35.10  LINEAR    6.70962E-01    88.20    4.71607E-01    88.20
 -170.00   125.00       0.21   -2.75    1.99    0.00000    35.41  LINEAR    6.61027E-01    88.20    4.69997E-01    88.20
 -165.00   125.00       0.00   -2.80    1.83    0.00000    35.94  LINEAR    6.44737E-01    88.21    4.67375E-01    88.21
 -160.00   125.00      -0.31   -2.86    1.61    0.00000    36.69  LINEAR    6.22476E-01    88.22    4.63835E-01    88.22
 -155.00   125.00      -0.70   -2.94    1.33    0.00000    37.69  LINEAR    5.94746E-01    88.23    4.59497E-01    88.23
 -150.00   125.00      -1.19   -3.04    0.99    0.00000    38.96  LINEAR    5.62141E-01    88.24    4.54508E-01    88.24
 -145.00   125.00      -1.78   -3.14    0.60    0.00000    40.52  LINEAR    5.25312E-01    88.26    4.49034E-01    88.26
 -140.00   125.00      -2.48   -3.26    0.16    0.00000    42.43  LINEAR    4.84929E-01    88.27    4.43252E-01    88.27
 -135.00   125.00      -3.29   -3.37   -0.32    0.00000    44.72  LINEAR    4.41655E-01    88.29    4.37346E-01    88.29
 -130.00   125.00      -4.23   -3.49   -0.84    0.00000    47.45  LINEAR    3.96112E-01    88.31    4.31496E-01    88.31
 -125.00   125.00      -5.34   -3.60   -1.37    0.00000    50.68  LINEAR    3.48858E-01    88.32    4.25878E-01    88.32
 -120.00   125.00      -6.64   -3.71   -1.92    0.00000    54.47  LINEAR    3.00378E-01    88.34    4.20654E-01    88.34
 -115.00   125.00      -8.19   -3.81   -2.46    0.00000    58.89  LINEAR    2.51064E-01    88.35    4.15972E-01    88.35
 -110.00   125.00     -10.12   -3.89   -2.96    0.00000    63.97  LINEAR    2.01224E-01    88.36    4.11960E-01    88.36
 -105.00   125.00     -12.61   -3.96   -3.41    0.00000    69.71  LINEAR    1.51078E-01    88.37    4.08726E-01    88.37
 -100.00   125.00     -16.12   -4.01   -3.75    0.00000    76.07  LINEAR    1.00774E-01    88.38    4.06355E-01    88.38
  -95.00   125.00     -22.14   -4.04   -3.98    0.00000    82.90  LINEAR    5.03994E-02    88.39    4.04908E-01    88.39
  -90.00   125.00    -999.99   -4.05   -4.05    0.00000    90.00  LINEAR    2.94760E-12    88.39    4.04421E-01    88.39
  -85.00   125.00     -22.14   -4.04   -3.98    0.00000   -82.90  LINEAR    5.03994E-02   -91.61    4.04908E-01    88.39
  -80.00   125.00     -16.12   -4.01   -3.75    0.00000   -76.07  LINEAR    1.00774E-01   -91.62    4.06355E-01    88.38
  -75.00   125.00     -12.61   -3.96   -3.41    0.00000   -69.71  LINEAR    1.51078E-01   -91.63    4.08726E-01    88.37
  -70.00   125.00     -10.12   -3.89   -2.96    0.00000   -63.97  LINEAR    2.01224E-01   -91.64    4.11960E-01    88.36
  -65.00   125.00      -8.19   -3.81   -2.46    0.00000   -58.89  LINEAR    2.51064E-01   -91.65    4.15972E-01    88.35
  -60.00   125.00      -6.64   -3.71   -1.92    0.00000   -54.47  LINEAR    3.00378E-01   -91.66    4.20654E-01    88.34
  -55.00   125.00      -5.34   -3.60   -1.37    0.00000   -50.68  LINEAR    3.48858E-01   -91.68    4.25878E-01    88.32
  -50.00   125.00      -4.23   -3.49   -0.84    0.00000   -47.45  LINEAR    3.96112E-01   -91.69    4.31496E-01    88.31
  -45.00   125.00      -3.29   -3.37   -0.32    0.00000   -44.72  LINEAR    4.41655E-01   -91.71    4.37346E-01    88.29
  -40.00   125.00      -2.48   -3.26    0.16    0.00000   -42.43  LINEAR    4.84929E-01   -91.73    4.43252E-01    88.27
  -35.00   125.00      -1.78   -3.14    0.60    0.00000   -40.52  LINEAR    5.25312E-01   -91.74    4.49034E-01    88.26
  -30.00   125.00      -1.19   -3.04    0.99    0.00000   -38.96  LINEAR    5.62141E-01   -91.76    4.54508E-01    88.24
  -25.00   125.00      -0.70   -2.94    1.33    0.00000   -37.69  LINEAR    5.94746E-01   -91.77    4.59497E-01    88.23
  -20.00   125.00      -0.31   -2.86    1.61    0.00000   -36.69  LINEAR    6.22476E-01   -91.78    4.63835E-01    88.22
  -15.00   125.00       0.00   -2.80    1.83    0.00000   -35.94  LINEAR    6.44737E-01   -91.79    4.67375E-01    88.21
  -10.00   125.00       0.21   -2.75    1.99    0.00000   -35.41  LINEAR    6.61027E-01   -91.80    4.69997E-01    88.20
   -5.00   125.00       0.34   -2.72    2.09    0.00000   -35.10  LINEAR    6.70962E-01   -91.80    4.71607E-01    88.20
    0.00   125.00       0.39   -2.71    2.12    0.00000   -35.00  LINEAR    6.74301E-01   -91.80    4.72150E-01    88.20
 -180.00   130.00      -0.20   -1.72    2.12    0.00000    40.00  LINEAR    6.30584E-01    88.20    5.29123E-01    88.20
 -175.00   130.00      -0.24   -1.73    2.09    0.00000    40.11  LINEAR    6.27552E-01    88.20    5.28590E-01    88.20
 -170.00   130.00      -0.36   -1.75    2.01    0.00000    40.43  LINEAR    6.18526E-01    88.20    5.27012E-01    88.20
 -165.00   130.00      -0.57   -1.80    1.87    0.00000    40.98  LINEAR    6.03708E-01    88.21    5.24441E-01    88.21
 -160.00   130.00      -0.87   -1.85    1.68    0.00000    41.76  LINEAR    5.83421E-01    88.22    5.20967E-01    88.22
 -155.00   130.00      -1.26   -1.93    1.43    0.00000    42.79  LINEAR    5.58092E-01    88.23    5.16706E-01    88.23
 -150.00   130.00      -1.73   -2.01    1.14    0.00000    44.10  LINEAR    5.28226E-01    88.24    5.11802E-01    88.24
 -145.00   130.00      -2.31   -2.10    0.81    0.00000    45.69  LINEAR    4.94377E-01    88.25    5.06416E-01    88.25
 -140.00   130.00      -2.99   -2.20    0.43    0.00000    47.61  LINEAR    4.57126E-01    88.26    5.00720E-01    88.26
 -135.00   130.00      -3.79   -2.30    0.03    0.00000    49.88  LINEAR    4.17046E-01    88.28    4.94895E-01    88.28
 -130.00   130.00      -4.72   -2.40   -0.40    0.00000    52.55  LINEAR    3.74686E-01    88.29    4.89118E-01    88.29
 -125.00   130.00      -5.81   -2.50   -0.84    0.00000    55.64  LINEAR    3.30545E-01    88.31    4.83563E-01    88.31
 -120.00   130.00      -7.09   -2.59   -1.27    0.00000    59.21  LINEAR    2.85063E-01    88.32    4.78392E-01    88.32
 -115.00   130.00      -8.64   -2.68   -1.70    0.00000    63.27  LINEAR    2.38609E-01    88.33    4.73752E-01    88.33
 -110.00   130.00     -10.55   -2.75   -2.08    0.00000    67.82  LINEAR    1.91481E-01    88.34    4.69773E-01    88.34
 -105.00   130.00     -13.03   -2.81   -2.42    0.00000    72.86  LINEAR    1.43911E-01    88.35    4.66563E-01    88.35
 -100.00   130.00     -16.54   -2.86   -2.67    0.00000    78.31  LINEAR    9.60660E-02    88.36    4.64208E-01    88.36
  -95.00   130.00     -22.55   -2.88   -2.84    0.00000    84.07  LINEAR    4.80671E-02    88.36    4.62770E-01    88.36
  -90.00   130.00    -999.99   -2.89   -2.89    0.00000    90.00  LINEAR    2.81163E-12    88.36    4.62287E-01    88.36
  -85.00   130.00     -22.55   -2.88   -2.84    0.00000   -84.07  LINEAR    4.80671E-02   -91.64    4.62770E-01    88.36
  -80.00   130.00     -16.54   -2.86   -2.67    0.00000   -78.31  LINEAR    9.60660E-02   -91.64    4.64208E-01    88.36
  -75.00   130.00     -13.03   -2.81   -2.42    0.00000   -72.86  LINEAR    1.43911E-01   -91.65    4.66563E-01    88.35
  -70.00   130.00     -10.55   -2.75   -2.08    0.00000   -67.82  LINEAR    1.91481E-01   -91.66    4.69773E-01    88.34
  -65.00   130.00      -8.64   -2.68   -1.70    0.00000   -63.27  LINEAR    2.38609E-01   -91.67    4.73752E-01    88.33
  -60.00   130.00      -7.09   -2.59   -1.27    0.00000   -59.21  LINEAR    2.85063E-01   -91.68    4.78392E-01    88.32
  -55.00   130.00      -5.81   -2.50   -0.84    0.00000   -55.64  LINEAR    3.30545E-01   -91.69    4.83563E-01    88.31
  -50.00   130.00      -4.72   -2.40   -0.40    0.00000   -52.55  LINEAR    3.74686E-01   -91.71    4.89118E-01    88.29
  -45.00   130.00      -3.79   -2.30    0.03    0.00000   -49.88  LINEAR    4.17046E-01   -91.72    4.94895E-01    88.28
  -40.00   130.00      -2.99   -2.20    0.43    0.00000   -47.61  LINEAR    4.57126E-01   -91.74    5.00720E-01    88.26
  -35.00   130.00      -2.31   -2.10    0.81    0.00000   -45.69  LINEAR    4.94377E-01   -91.75    5.06416E-01    88.25
  -30.00   130.00      -1.73   -2.01    1.14    0.00000   -44.10  LINEAR    5.28226E-01   -91.76    5.11802E-01    88.24
  -25.00   130.00      -1.26   -1.93    1.43    0.00000   -42.79  LINEAR    5.58092E-01   -91.77    5.16706E-01    88.23
  -20.00   130.00      -0.87   -1.85    1.68    0.00000   -41.76  LINEAR    5.83421E-01   -91.78    5.20967E-01    88.22
  -15.00   130.00      -0.57   -1.80    1.87    0.00000   -40.98  LINEAR    6.03708E-01   -91.79    5.24441E-01    88.21
  -10.00   130.00      -0.36   -1.75    2.01    0.00000   -40.43  LINEAR    6.18526E-01   -91.80    5.27012E-01    88.20
   -5.00   130.00      -0.24   -1.73    2.09    0.00000   -40.11  LINEAR    6.27552E-01   -91.80    5.28590E-01    88.20
    0.00   130.00      -0.20   -1.72    2.12    0.00000   -40.00  LINEAR    6.30584E-01   -91.80    5.29123E-01    88.20
 -180.00   135.00      -0.89   -0.89    2.12    0.00000    45.00  LINEAR    5.82068E-01    88.20    5.82068E-01    88.20
 -175.00   135.00      -0.93   -0.90    2.10    0.00000    45.11  LINEAR    5.79356E-01    88.20    5.81569E-01    88.20
 -170.00   135.00      -1.05   -0.92    2.02    0.00000    45.44  LINEAR    5.71276E-01    88.20    5.80089E-01    88.20
 -165.00   135.00      -1.26   -0.96    1.91    0.00000    45.99  LINEAR    5.57994E-01    88.21    5.77678E-01    88.21
 -160.00   135.00      -1.55   -1.01    1.74    0.00000    46.78  LINEAR    5.39776E-01    88.21    5.74417E-01    88.21
 -155.00   135.00      -1.92   -1.07    1.54    0.00000    47.81  LINEAR    5.16972E-01    88.22    5.70416E-01    88.22
 -150.00   135.00      -2.39   -1.14    1.29    0.00000    49.11  LINEAR    4.90002E-01    88.23    5.65805E-01    88.23
 -145.00   135.00      -2.95   -1.21    1.01    0.00000    50.68  LINEAR    4.59328E-01    88.24    5.60736E-01    88.24
 -140.00   135.00      -3.61   -1.30    0.71    0.00000    52.55  LINEAR    4.25437E-01    88.25    5.55369E-01    88.25
 -135.00   135.00      -4.40   -1.38    0.38    0.00000    54.74  LINEAR    3.88818E-01    88.27    5.49872E-01    88.27
 -130.00   135.00      -5.31   -1.47    0.03    0.00000    57.27  LINEAR    3.49943E-01    88.28    5.44415E-01    88.28
 -125.00   135.00      -6.38   -1.56   -0.32    0.00000    60.16  LINEAR    3.09250E-01    88.29    5.39161E-01    88.29
 -120.00   135.00      -7.66   -1.63   -0.67    0.00000    63.43  LINEAR    2.67132E-01    88.30    5.34265E-01    88.30
 -115.00   135.00      -9.19   -1.71   -0.99    0.00000    67.09  LINEAR    2.23931E-01    88.31    5.29867E-01    88.31
 -110.00   135.00     -11.09   -1.77   -1.29    0.00000    71.12  LINEAR    1.79934E-01    88.32    5.26091E-01    88.32
 -105.00   135.00     -13.56   -1.82   -1.54    0.00000    75.49  LINEAR    1.35373E-01    88.33    5.23042E-01    88.33
 -100.00   135.00     -17.06   -1.86   -1.73    0.00000    80.15  LINEAR    9.04367E-02    88.33    5.20804E-01    88.33
  -95.00   135.00     -23.07   -1.88   -1.85    0.00000    85.02  LINEAR    4.52719E-02    88.34    5.19437E-01    88.34
  -90.00   135.00    -999.99   -1.89   -1.89    0.00000    90.00  LINEAR    2.64855E-12    88.34    5.18977E-01    88.34
  -85.00   135.00     -23.07   -1.88   -1.85    0.00000   -85.02  LINEAR    4.52719E-02   -91.66    5.19437E-01    88.34
  -80.00   135.00     -17.06   -1.86   -1.73    0.00000   -80.15  LINEAR    9.04367E-02   -91.67    5.20804E-01    88.33
  -75.00   135.00     -13.56   -1.82   -1.54    0.00000   -75.49  LINEAR    1.35373E-01   -91.67    5.23042E-01    88.33
  -70.00   135.00     -11.09   -1.77   -1.29    0.00000   -71.12  LINEAR    1.79934E-01   -91.68    5.26091E-01    88.32
  -65.00   135.00      -9.19   -1.71   -0.99    0.00000   -67.09  LINEAR    2.23931E-01   -91.69    5.29867E-01    88.31
  -60.00   135.00      -7.66   -1.63   -0.67    0.00000   -63.43  LINEAR    2.67132E-01   -91.70    5.34265E-01    88.30
  -55.00   135.00      -6.38   -1.56   -0.32    0.00000   -60.16  LINEAR    3.09250E-01   -91.71    5.39161E-01    88.29
  -50.00   135.00      -5.31   -1.47    0.03    0.00000   -57.27  LINEAR    3.49943E-01   -91.72    5.44415E-01    88.28
  -45.00   135.00      -4.40   -1.38    0.38    0.00000   -54.74  LINEAR    3.88818E-01   -91.73    5.49872E-01    88.27
  -40.00   135.00      -3.61   -1.30    0.71    0.00000   -52.55  LINEAR    4.25437E-01   -91.75    5.55369E-01    88.25
  -35.00   135.00      -2.95   -1.21    1.01    0.00000   -50.68  LINEAR    4.59328E-01   -91.76    5.60736E-01    88.24
  -30.00   135.00      -2.39   -1.14    1.29    0.00000   -49.11  LINEAR    4.90002E-01   -91.77    5.65805E-01    88.23
  -25.00   135.00      -1.92   -1.07    1.54    0.00000   -47.81  LINEAR    5.16972E-01   -91.78    5.70416E-01    88.22
  -20.00   135.00      -1.55   -1.01    1.74    0.00000   -46.78  LINEAR    5.39776E-01   -91.79    5.74417E-01    88.21
  -15.00   135.00      -1.26   -0.96    1.91    0.00000   -45.99  LINEAR    5.57994E-01   -91.79    5.77678E-01    88.21
  -10.00   135.00      -1.05   -0.92    2.02    0.00000   -45.44  LINEAR    5.71276E-01   -91.80    5.80089E-01    88.20
   -5.00   135.00      -0.93   -0.90    2.10    0.00000   -45.11  LINEAR    5.79356E-01   -91.80    5.81569E-01    88.20
    0.00   135.00      -0.89   -0.89    2.12    0.00000   -45.00  LINEAR    5.82068E-01   -91.80    5.82068E-01    88.20
 -180.00   140.00      -1.72   -0.20    2.12    0.00000    50.00  LINEAR    5.29123E-01    88.20    6.30584E-01    88.20
 -175.00   140.00      -1.76   -0.20    2.10    0.00000    50.11  LINEAR    5.26736E-01    88.20    6.30137E-01    88.20
 -170.00   140.00      -1.88   -0.22    2.04    0.00000    50.43  LINEAR    5.19620E-01    88.20    6.28812E-01    88.20
 -165.00   140.00      -2.07   -0.25    1.94    0.00000    50.97  LINEAR    5.07906E-01    88.21    6.26652E-01    88.21
 -160.00   140.00      -2.35   -0.29    1.81    0.00000    51.74  LINEAR    4.91807E-01    88.21    6.23729E-01    88.21
 -155.00   140.00      -2.72   -0.34    1.64    0.00000    52.75  LINEAR    4.71605E-01    88.22    6.20139E-01    88.22
 -150.00   140.00      -3.17   -0.40    1.44    0.00000    53.99  LINEAR    4.47635E-01    88.23    6.15999E-01    88.23
 -145.00   140.00      -3.72   -0.46    1.22    0.00000    55.50  LINEAR    4.20275E-01    88.23    6.11442E-01    88.23
 -140.00   140.00      -4.37   -0.53    0.97    0.00000    57.27  LINEAR    3.89922E-01    88.24    6.06612E-01    88.24
 -135.00   140.00      -5.14   -0.60    0.71    0.00000    59.32  LINEAR    3.56984E-01    88.25    6.01659E-01    88.25
 -130.00   140.00      -6.04   -0.67    0.43    0.00000    61.66  LINEAR    3.21857E-01    88.26    5.96735E-01    88.26
 -125.00   140.00      -7.10   -0.74    0.16    0.00000    64.30  LINEAR    2.84917E-01    88.27    5.91989E-01    88.27
 -120.00   140.00      -8.35   -0.81   -0.10    0.00000    67.24  LINEAR    2.46511E-01    88.28    5.87561E-01    88.28
 -115.00   140.00      -9.87   -0.87   -0.35    0.00000    70.47  LINEAR    2.06948E-01    88.29    5.83579E-01    88.29
 -110.00   140.00     -11.76   -0.92   -0.58    0.00000    73.99  LINEAR    1.66499E-01    88.30    5.80157E-01    88.30
 -105.00   140.00     -14.22   -0.96   -0.76    0.00000    77.75  LINEAR    1.25395E-01    88.30    5.77392E-01    88.30
 -100.00   140.00     -17.72   -0.99   -0.90    0.00000    81.71  LINEAR    8.38347E-02    88.31    5.75360E-01    88.31
  -95.00   140.00     -23.73   -1.01   -0.99    0.00000    85.82  LINEAR    4.19867E-02    88.31    5.74119E-01    88.31
  -90.00   140.00    -999.99   -1.02   -1.02    0.00000    90.00  LINEAR    2.45674E-12    88.31    5.73701E-01    88.31
  -85.00   140.00     -23.73   -1.01   -0.99    0.00000   -85.82  LINEAR    4.19867E-02   -91.69    5.74119E-01    88.31
  -80.00   140.00     -17.72   -0.99   -0.90    0.00000   -81.71  LINEAR    8.38347E-02   -91.69    5.75360E-01    88.31
  -75.00   140.00     -14.22   -0.96   -0.76    0.00000   -77.75  LINEAR    1.25395E-01   -91.70    5.77392E-01    88.30
  -70.00   140.00     -11.76   -0.92   -0.58    0.00000   -73.99  LINEAR    1.66499E-01   -91.70    5.80157E-01    88.30
  -65.00   140.00      -9.87   -0.87   -0.35    0.00000   -70.47  LINEAR    2.06948E-01   -91.71    5.83579E-01    88.29
  -60.00   140.00      -8.35   -0.81   -0.10    0.00000   -67.24  LINEAR    2.46511E-01   -91.72    5.87561E-01    88.28
  -55.00   140.00      -7.10   -0.74    0.16    0.00000   -64.30  LINEAR    2.84917E-01   -91.73    5.91989E-01    88.27
  -50.00   140.00      -6.04   -0.67    0.43    0.00000   -61.66  LINEAR    3.21857E-01   -91.74    5.96735E-01    88.26
  -45.00   140.00      -5.14   -0.60    0.71    0.00000   -59.32  LINEAR    3.56984E-01   -91.75    6.01659E-01    88.25
  -40.00   140.00      -4.37   -0.53    0.97    0.00000   -57.27  LINEAR    3.89922E-01   -91.76    6.06612E-01    88.24
  -35.00   140.00      -3.72   -0.46    1.22    0.00000   -55.50  LINEAR    4.20275E-01   -91.77    6.11442E-01    88.23
  -30.00   140.00      -3.17   -0.40    1.44    0.00000   -53.99  LINEAR    4.47635E-01   -91.77    6.15999E-01    88.23
  -25.00   140.00      -2.72   -0.34    1.64    0.00000   -52.75  LINEAR    4.71605E-01   -91.78    6.20139E-01    88.22
  -20.00   140.00      -2.35   -0.29    1.81    0.00000   -51.74  LINEAR    4.91807E-01   -91.79    6.23729E-01    88.21
  -15.00   140.00      -2.07   -0.25    1.94    0.00000   -50.97  LINEAR    5.07906E-01   -91.79    6.26652E-01    88.21
  -10.00   140.00      -1.88   -0.22    2.04    0.00000   -50.43  LINEAR    5.19620E-01   -91.80    6.28812E-01    88.20
   -5.00   140.00      -1.76   -0.20    2.10    0.00000   -50.11  LINEAR    5.26736E-01   -91.80    6.30137E-01    88.20
    0.00   140.00      -1.72   -0.20    2.12    0.00000   -50.00  LINEAR    5.29123E-01   -91.80    6.30584E-01    88.20
 -180.00   145.00      -2.71    0.39    2.12    0.00000    55.00  LINEAR    4.72150E-01    88.20    6.74301E-01    88.20
 -175.00   145.00      -2.75    0.38    2.10    0.00000    55.10  LINEAR    4.70088E-01    88.20    6.73920E-01    88.20
 -170.00   145.00      -2.86    0.37    2.06    0.00000    55.41  LINEAR    4.63937E-01    88.20    6.72791E-01    88.20
 -165.00   145.00      -3.05    0.34    1.98    0.00000    55.93  LINEAR    4.53797E-01    88.20    6.70951E-01    88.20
 -160.00   145.00      -3.32    0.31    1.87    0.00000    56.66  LINEAR    4.39833E-01    88.21    6.68459E-01    88.21
 -155.00   145.00      -3.68    0.27    1.74    0.00000    57.60  LINEAR    4.22263E-01    88.21    6.65396E-01    88.21
 -150.00   145.00      -4.12    0.23    1.59    0.00000    58.77  LINEAR    4.01351E-01    88.22    6.61861E-01    88.22
 -145.00   145.00      -4.65    0.17    1.41    0.00000    60.16  LINEAR    3.77393E-01    88.23    6.57965E-01    88.23
 -140.00   145.00      -5.29    0.12    1.22    0.00000    61.79  LINEAR    3.50709E-01    88.23    6.53831E-01    88.23
 -135.00   145.00      -6.04    0.06    1.01    0.00000    63.66  LINEAR    3.21625E-01    88.24    6.49587E-01    88.24
 -130.00   145.00      -6.93    0.01    0.81    0.00000    65.77  LINEAR    2.90468E-01    88.25    6.45364E-01    88.25
 -125.00   145.00      -7.97   -0.05    0.60    0.00000    68.12  LINEAR    2.57555E-01    88.26    6.41287E-01    88.26
 -120.00   145.00      -9.22   -0.10    0.40    0.00000    70.70  LINEAR    2.23184E-01    88.26    6.37479E-01    88.26
 -115.00   145.00     -10.72   -0.15    0.22    0.00000    73.52  LINEAR    1.87629E-01    88.27    6.34051E-01    88.27
 -110.00   145.00     -12.60   -0.19    0.05    0.00000    76.53  LINEAR    1.51140E-01    88.28    6.31103E-01    88.28
 -105.00   145.00     -15.06   -0.22   -0.08    0.00000    79.73  LINEAR    1.13941E-01    88.28    6.28719E-01    88.28
 -100.00   145.00     -18.55   -0.25   -0.18    0.00000    83.07  LINEAR    7.62327E-02    88.28    6.26966E-01    88.28
  -95.00   145.00     -24.55   -0.26   -0.24    0.00000    86.51  LINEAR    3.81965E-02    88.29    6.25894E-01    88.29
  -90.00   145.00    -999.99   -0.27   -0.27    0.00000    90.00  LINEAR    2.23531E-12    88.29    6.25534E-01    88.29
  -85.00   145.00     -24.55   -0.26   -0.24    0.00000   -86.51  LINEAR    3.81965E-02   -91.71    6.25894E-01    88.29
  -80.00   145.00     -18.55   -0.25   -0.18    0.00000   -83.07  LINEAR    7.62327E-02   -91.72    6.26966E-01    88.28
  -75.00   145.00     -15.06   -0.22   -0.08    0.00000   -79.73  LINEAR    1.13941E-01   -91.72    6.28719E-01    88.28
  -70.00   145.00     -12.60   -0.19    0.05    0.00000   -76.53  LINEAR    1.51140E-01   -91.72    6.31103E-01    88.28
  -65.00   145.00     -10.72   -0.15    0.22    0.00000   -73.52  LINEAR    1.87629E-01   -91.73    6.34051E-01    88.27
  -60.00   145.00      -9.22   -0.10    0.40    0.00000   -70.70  LINEAR    2.23184E-01   -91.74    6.37479E-01    88.26
  -55.00   145.00      -7.97   -0.05    0.60    0.00000   -68.12  LINEAR    2.57555E-01   -91.74    6.41287E-01    88.26
  -50.00   145.00      -6.93    0.01    0.81    0.00000   -65.77  LINEAR    2.90468E-01   -91.75    6.45364E-01    88.25
  -45.00   145.00      -6.04    0.06    1.01    0.00000   -63.66  LINEAR    3.21625E-01   -91.76    6.49587E-01    88.24
  -40.00   145.00      -5.29    0.12    1.22    0.00000   -61.79  LINEAR    3.50709E-01   -91.77    6.53831E-01    88.23
  -35.00   145.00      -4.65    0.17    1.41    0.00000   -60.16  LINEAR    3.77393E-01   -91.77    6.57965E-01    88.23
  -30.00   145.00      -4.12    0.23    1.59    0.00000   -58.77  LINEAR    4.01351E-01   -91.78    6.61861E-01    88.22
  -25.00   145.00      -3.68    0.27    1.74    0.00000   -57.60  LINEAR    4.22263E-01   -91.79    6.65396E-01    88.21
  -20.00   145.00      -3.32    0.31    1.87    0.00000   -56.66  LINEAR    4.39833E-01   -91.79    6.68459E-01    88.21
  -15.00   145.00      -3.05    0.34    1.98    0.00000   -55.93  LINEAR    4.53797E-01   -91.80    6.70951E-01    88.20
  -10.00   145.00      -2.86    0.37    2.06    0.00000   -55.41  LINEAR    4.63937E-01   -91.80    6.72791E-01    88.20
   -5.00   145.00      -2.75    0.38    2.10    0.00000   -55.10  LINEAR    4.70088E-01   -91.80    6.73920E-01    88.20
    0.00   145.00      -2.71    0.39    2.12    0.00000   -55.00  LINEAR    4.72150E-01   -91.80    6.74301E-01    88.20
 -180.00   150.00      -3.90    0.87    2.12    0.00000    60.00  LINEAR    4.11585E-01    88.20    7.12885E-01    88.20
 -175.00   150.00      -3.94    0.87    2.11    0.00000    60.09  LINEAR    4.09842E-01    88.20    7.12580E-01    88.20
 -170.00   150.00      -4.05    0.86    2.07    0.00000    60.38  LINEAR    4.04642E-01    88.20    7.11672E-01    88.20
 -165.00   150.00      -4.23    0.84    2.01    0.00000    60.85  LINEAR    3.96059E-01    88.20    7.10193E-01    88.20
 -160.00   150.00      -4.50    0.81    1.93    0.00000    61.52  LINEAR    3.84215E-01    88.21    7.08189E-01    88.21
 -155.00   150.00      -4.84    0.78    1.83    0.00000    62.38  LINEAR    3.69275E-01    88.21    7.05723E-01    88.21
 -150.00   150.00      -5.27    0.75    1.72    0.00000    63.43  LINEAR    3.51438E-01    88.21    7.02875E-01    88.21
 -145.00   150.00      -5.80    0.71    1.59    0.00000    64.69  LINEAR    3.30930E-01    88.22    6.99734E-01    88.22
 -140.00   150.00      -6.42    0.67    1.44    0.00000    66.14  LINEAR    3.07999E-01    88.23    6.96396E-01    88.23
 -135.00   150.00      -7.16    0.62    1.29    0.00000    67.79  LINEAR    2.82903E-01    88.23    6.92967E-01    88.23
 -130.00   150.00      -8.03    0.58    1.14    0.00000    69.64  LINEAR    2.55901E-01    88.24    6.89550E-01    88.24
 -125.00   150.00      -9.06    0.54    0.99    0.00000    71.68  LINEAR    2.27254E-01    88.24    6.86248E-01    88.24
 -120.00   150.00     -10.29    0.50    0.85    0.00000    73.90  LINEAR    1.97211E-01    88.25    6.83160E-01    88.25
 -115.00   150.00     -11.79    0.46    0.72    0.00000    76.29  LINEAR    1.66011E-01    88.25    6.80378E-01    88.25
 -110.00   150.00     -13.66    0.43    0.60    0.00000    78.83  LINEAR    1.33878E-01    88.26    6.77983E-01    88.26
 -105.00   150.00     -16.10    0.41    0.51    0.00000    81.50  LINEAR    1.01021E-01    88.26    6.76044E-01    88.26
 -100.00   150.00     -19.59    0.39    0.43    0.00000    84.27  LINEAR    6.76345E-02    88.26    6.74619E-01    88.26
  -95.00   150.00     -25.59    0.38    0.39    0.00000    87.12  LINEAR    3.39025E-02    88.26    6.73747E-01    88.26
  -90.00   150.00    -999.99    0.38    0.38    0.00000    90.00  LINEAR    1.98430E-12    88.27    6.73453E-01    88.27
  -85.00   150.00     -25.59    0.38    0.39    0.00000   -87.12  LINEAR    3.39025E-02   -91.74    6.73747E-01    88.26
  -80.00   150.00     -19.59    0.39    0.43    0.00000   -84.27  LINEAR    6.76345E-02   -91.74    6.74619E-01    88.26
  -75.00   150.00     -16.10    0.41    0.51    0.00000   -81.50  LINEAR    1.01021E-01   -91.74    6.76044E-01    88.26
  -70.00   150.00     -13.66    0.43    0.60    0.00000   -78.83  LINEAR    1.33878E-01   -91.74    6.77983E-01    88.26
  -65.00   150.00     -11.79    0.46    0.72    0.00000   -76.29  LINEAR    1.66011E-01   -91.75    6.80378E-01    88.25
  -60.00   150.00     -10.29    0.50    0.85    0.00000   -73.90  LINEAR    1.97211E-01   -91.75    6.83160E-01    88.25
  -55.00   150.00      -9.06    0.54    0.99    0.00000   -71.68  LINEAR    2.27254E-01   -91.76    6.86248E-01    88.24
  -50.00   150.00      -8.03    0.58    1.14    0.00000   -69.64  LINEAR    2.55901E-01   -91.76    6.89550E-01    88.24
  -45.00   150.00      -7.16    0.62    1.29    0.00000   -67.79  LINEAR    2.82903E-01   -91.77    6.92967E-01    88.23
  -40.00   150.00      -6.42    0.67    1.44    0.00000   -66.14  LINEAR    3.07999E-01   -91.77    6.96396E-01    88.23
  -35.00   150.00      -5.80    0.71    1.59    0.00000   -64.69  LINEAR    3.30930E-01   -91.78    6.99734E-01    88.22
  -30.00   150.00      -5.27    0.75    1.72    0.00000   -63.43  LINEAR    3.51438E-01   -91.79    7.02875E-01    88.21
  -25.00   150.00      -4.84    0.78    1.83    0.00000   -62.38  LINEAR    3.69275E-01   -91.79    7.05723E-01    88.21
  -20.00   150.00      -4.50    0.81    1.93    0.00000   -61.52  LINEAR    3.84215E-01   -91.79    7.08189E-01    88.21
  -15.00   150.00      -4.23    0.84    2.01    0.00000   -60.85  LINEAR    3.96059E-01   -91.80    7.10193E-01    88.20
  -10.00   150.00      -4.05    0.86    2.07    0.00000   -60.38  LINEAR    4.04642E-01   -91.80    7.11672E-01    88.20
   -5.00   150.00      -3.94    0.87    2.11    0.00000   -60.09  LINEAR    4.09842E-01   -91.80    7.12580E-01    88.20
    0.00   150.00      -3.90    0.87    2.12    0.00000   -60.00  LINEAR    4.11585E-01   -91.80    7.12885E-01    88.20
 -180.00   155.00      -5.36    1.27    2.12    0.00000    65.00  LINEAR    3.47886E-01    88.20    7.46044E-01    88.20
 -175.00   155.00      -5.40    1.26    2.11    0.00000    65.08  LINEAR    3.46456E-01    88.20    7.45816E-01    88.20
 -170.00   155.00      -5.50    1.25    2.09    0.00000    65.33  LINEAR    3.42185E-01    88.20    7.45138E-01    88.20
 -165.00   155.00      -5.69    1.24    2.04    0.00000    65.75  LINEAR    3.35125E-01    88.20    7.44031E-01    88.20
 -160.00   155.00      -5.94    1.22    1.99    0.00000    66.34  LINEAR    3.25366E-01    88.20    7.42531E-01    88.20
 -155.00   155.00      -6.28    1.20    1.92    0.00000    67.09  LINEAR    3.13027E-01    88.21    7.40684E-01    88.21
 -150.00   155.00      -6.70    1.18    1.83    0.00000    68.01  LINEAR    2.98252E-01    88.21    7.38549E-01    88.21
 -145.00   155.00      -7.21    1.15    1.74    0.00000    69.09  LINEAR    2.81209E-01    88.21    7.36193E-01    88.21
 -140.00   155.00      -7.82    1.12    1.64    0.00000    70.34  LINEAR    2.62082E-01    88.22    7.33687E-01    88.22
 -135.00   155.00      -8.55    1.09    1.54    0.00000    71.75  LINEAR    2.41068E-01    88.22    7.31109E-01    88.22
 -130.00   155.00      -9.41    1.06    1.43    0.00000    73.31  LINEAR    2.18370E-01    88.23    7.28538E-01    88.23
 -125.00   155.00     -10.43    1.03    1.33    0.00000    75.03  LINEAR    1.94192E-01    88.23    7.26051E-01    88.23
 -120.00   155.00     -11.65    1.00    1.23    0.00000    76.88  LINEAR    1.68739E-01    88.23    7.23723E-01    88.23
 -115.00   155.00     -13.13    0.98    1.14    0.00000    78.85  LINEAR    1.42210E-01    88.24    7.21623E-01    88.24
 -110.00   155.00     -14.99    0.95    1.06    0.00000    80.94  LINEAR    1.14801E-01    88.24    7.19815E-01    88.24
 -105.00   155.00     -17.43    0.94    1.00    0.00000    83.12  LINEAR    8.66972E-02    88.24    7.18350E-01    88.24
 -100.00   155.00     -20.91    0.92    0.95    0.00000    85.37  LINEAR    5.80800E-02    88.24    7.17272E-01    88.24
  -95.00   155.00     -26.91    0.92    0.92    0.00000    87.67  LINEAR    2.91241E-02    88.25    7.16613E-01    88.25
  -90.00   155.00    -999.99    0.91    0.91    0.00000    90.00  LINEAR    1.70484E-12    88.25    7.16391E-01    88.25
  -85.00   155.00     -26.91    0.92    0.92    0.00000   -87.67  LINEAR    2.91241E-02   -91.75    7.16613E-01    88.25
  -80.00   155.00     -20.91    0.92    0.95    0.00000   -85.37  LINEAR    5.80800E-02   -91.76    7.17272E-01    88.24
  -75.00   155.00     -17.43    0.94    1.00    0.00000   -83.12  LINEAR    8.66972E-02   -91.76    7.18350E-01    88.24
  -70.00   155.00     -14.99    0.95    1.06    0.00000   -80.94  LINEAR    1.14801E-01   -91.76    7.19815E-01    88.24
  -65.00   155.00     -13.13    0.98    1.14    0.00000   -78.85  LINEAR    1.42210E-01   -91.76    7.21623E-01    88.24
  -60.00   155.00     -11.65    1.00    1.23    0.00000   -76.88  LINEAR    1.68739E-01   -91.77    7.23723E-01    88.23
  -55.00   155.00     -10.43    1.03    1.33    0.00000   -75.03  LINEAR    1.94192E-01   -91.77    7.26051E-01    88.23
  -50.00   155.00      -9.41    1.06    1.43    0.00000   -73.31  LINEAR    2.18370E-01   -91.77    7.28538E-01    88.23
  -45.00   155.00      -8.55    1.09    1.54    0.00000   -71.75  LINEAR    2.41068E-01   -91.78    7.31109E-01    88.22
  -40.00   155.00      -7.82    1.12    1.64    0.00000   -70.34  LINEAR    2.62082E-01   -91.78    7.33687E-01    88.22
  -35.00   155.00      -7.21    1.15    1.74    0.00000   -69.09  LINEAR    2.81209E-01   -91.79    7.36193E-01    88.21
  -30.00   155.00      -6.70    1.18    1.83    0.00000   -68.01  LINEAR    2.98252E-01   -91.79    7.38549E-01    88.21
  -25.00   155.00      -6.28    1.20    1.92    0.00000   -67.09  LINEAR    3.13027E-01   -91.79    7.40684E-01    88.21
  -20.00   155.00      -5.94    1.22    1.99    0.00000   -66.34  LINEAR    3.25366E-01   -91.80    7.42531E-01    88.20
  -15.00   155.00      -5.69    1.24    2.04    0.00000   -65.75  LINEAR    3.35125E-01   -91.80    7.44031E-01    88.20
  -10.00   155.00      -5.50    1.25    2.09    0.00000   -65.33  LINEAR    3.42185E-01   -91.80    7.45138E-01    88.20
   -5.00   155.00      -5.40    1.26    2.11    0.00000   -65.08  LINEAR    3.46456E-01   -91.80    7.45816E-01    88.20
    0.00   155.00      -5.36    1.27    2.12    0.00000   -65.00  LINEAR    3.47886E-01   -91.80    7.46044E-01    88.20
 -180.00   160.00      -7.20    1.58    2.12    0.00000    70.00  LINEAR    2.81540E-01    88.20    7.73526E-01    88.20
 -175.00   160.00      -7.23    1.58    2.11    0.00000    70.07  LINEAR    2.80413E-01    88.20    7.73371E-01    88.20
 -170.00   160.00      -7.34    1.57    2.10    0.00000    70.28  LINEAR    2.77042E-01    88.20    7.72910E-01    88.20
 -165.00   160.00      -7.52    1.56    2.07    0.00000    70.63  LINEAR    2.71466E-01    88.20    7.72158E-01    88.20
 -160.00   160.00      -7.77    1.55    2.03    0.00000    71.12  LINEAR    2.63745E-01    88.20    7.71138E-01    88.20
 -155.00   160.00      -8.09    1.54    1.99    0.00000    71.74  LINEAR    2.53960E-01    88.20    7.69883E-01    88.20
 -150.00   160.00      -8.51    1.52    1.93    0.00000    72.50  LINEAR    2.42215E-01    88.21    7.68430E-01    88.21
 -145.00   160.00      -9.01    1.50    1.87    0.00000    73.40  LINEAR    2.28626E-01    88.21    7.66825E-01    88.21
 -140.00   160.00      -9.61    1.48    1.81    0.00000    74.42  LINEAR    2.13328E-01    88.21    7.65117E-01    88.21
 -135.00   160.00     -10.32    1.46    1.74    0.00000    75.57  LINEAR    1.96462E-01    88.21    7.63358E-01    88.21
 -130.00   160.00     -11.17    1.44    1.68    0.00000    76.83  LINEAR    1.78181E-01    88.22    7.61602E-01    88.22
 -125.00   160.00     -12.18    1.43    1.61    0.00000    78.21  LINEAR    1.58641E-01    88.22    7.59903E-01    88.22
 -120.00   160.00     -13.39    1.41    1.55    0.00000    79.69  LINEAR    1.38001E-01    88.22    7.58310E-01    88.22
 -115.00   160.00     -14.87    1.39    1.49    0.00000    81.26  LINEAR    1.16423E-01    88.22    7.56873E-01    88.22
 -110.00   160.00     -16.72    1.38    1.44    0.00000    82.90  LINEAR    9.40653E-02    88.23    7.55634E-01    88.23
 -105.00   160.00     -19.15    1.36    1.40    0.00000    84.62  LINEAR    7.10880E-02    88.23    7.54631E-01    88.23
 -100.00   160.00     -22.63    1.36    1.37    0.00000    86.38  LINEAR    4.76480E-02    88.23    7.53892E-01    88.23
  -95.00   160.00     -28.62    1.35    1.36    0.00000    88.18  LINEAR    2.39007E-02    88.23    7.53439E-01    88.23
  -90.00   160.00    -999.99    1.35    1.35    0.00000    90.00  LINEAR    1.39922E-12    88.23    7.53287E-01    88.23
  -85.00   160.00     -28.62    1.35    1.36    0.00000   -88.18  LINEAR    2.39007E-02   -91.77    7.53439E-01    88.23
  -80.00   160.00     -22.63    1.36    1.37    0.00000   -86.38  LINEAR    4.76480E-02   -91.77    7.53892E-01    88.23
  -75.00   160.00     -19.15    1.36    1.40    0.00000   -84.62  LINEAR    7.10880E-02   -91.77    7.54631E-01    88.23
  -70.00   160.00     -16.72    1.38    1.44    0.00000   -82.90  LINEAR    9.40653E-02   -91.77    7.55634E-01    88.23
  -65.00   160.00     -14.87    1.39    1.49    0.00000   -81.26  LINEAR    1.16423E-01   -91.78    7.56873E-01    88.22
  -60.00   160.00     -13.39    1.41    1.55    0.00000   -79.69  LINEAR    1.38001E-01   -91.78    7.58310E-01    88.22
  -55.00   160.00     -12.18    1.43    1.61    0.00000   -78.21  LINEAR    1.58641E-01   -91.78    7.59903E-01    88.22
  -50.00   160.00     -11.17    1.44    1.68    0.00000   -76.83  LINEAR    1.78181E-01   -91.78    7.61602E-01    88.22
  -45.00   160.00     -10.32    1.46    1.74    0.00000   -75.57  LINEAR    1.96462E-01   -91.79    7.63358E-01    88.21
  -40.00   160.00      -9.61    1.48    1.81    0.00000   -74.42  LINEAR    2.13328E-01   -91.79    7.65117E-01    88.21
  -35.00   160.00      -9.01    1.50    1.87    0.00000   -73.40  LINEAR    2.28626E-01   -91.79    7.66825E-01    88.21
  -30.00   160.00      -8.51    1.52    1.93    0.00000   -72.50  LINEAR    2.42215E-01   -91.79    7.68430E-01    88.21
  -25.00   160.00      -8.09    1.54    1.99    0.00000   -71.74  LINEAR    2.53960E-01   -91.80    7.69883E-01    88.20
  -20.00   160.00      -7.77    1.55    2.03    0.00000   -71.12  LINEAR    2.63745E-01   -91.80    7.71138E-01    88.20
  -15.00   160.00      -7.52    1.56    2.07    0.00000   -70.63  LINEAR    2.71466E-01   -91.80    7.72158E-01    88.20
  -10.00   160.00      -7.34    1.57    2.10    0.00000   -70.28  LINEAR    2.77042E-01   -91.80    7.72910E-01    88.20
   -5.00   160.00      -7.23    1.58    2.11    0.00000   -70.07  LINEAR    2.80413E-01   -91.80    7.73371E-01    88.20
    0.00   160.00      -7.20    1.58    2.12    0.00000   -70.00  LINEAR    2.81540E-01   -91.80    7.73526E-01    88.20
 -180.00   165.00      -9.62    1.82    2.12    0.00000    75.00  LINEAR    2.13052E-01    88.20    7.95120E-01    88.20
 -175.00   165.00      -9.65    1.82    2.12    0.00000    75.05  LINEAR    2.12217E-01    88.20    7.95029E-01    88.20
 -170.00   165.00      -9.76    1.81    2.11    0.00000    75.22  LINEAR    2.09719E-01    88.20    7.94758E-01    88.20
 -165.00   165.00      -9.93    1.81    2.09    0.00000    75.49  LINEAR    2.05584E-01    88.20    7.94315E-01    88.20
 -160.00   165.00     -10.18    1.80    2.07    0.00000    75.87  LINEAR    1.99849E-01    88.20    7.93714E-01    88.20
 -155.00   165.00     -10.50    1.80    2.04    0.00000    76.35  LINEAR    1.92569E-01    88.20    7.92974E-01    88.20
 -150.00   165.00     -10.90    1.79    2.01    0.00000    76.94  LINEAR    1.83811E-01    88.20    7.92117E-01    88.20
 -145.00   165.00     -11.40    1.78    1.98    0.00000    77.62  LINEAR    1.73655E-01    88.20    7.91170E-01    88.20
 -140.00   165.00     -11.99    1.76    1.94    0.00000    78.40  LINEAR    1.62189E-01    88.21    7.90162E-01    88.21
 -135.00   165.00     -12.70    1.75    1.91    0.00000    79.27  LINEAR    1.49514E-01    88.21    7.89123E-01    88.21
 -130.00   165.00     -13.54    1.74    1.87    0.00000    80.23  LINEAR    1.35735E-01    88.21    7.88085E-01    88.21
 -125.00   165.00     -14.54    1.73    1.83    0.00000    81.26  LINEAR    1.20966E-01    88.21    7.87079E-01    88.21
 -120.00   165.00     -15.74    1.72    1.80    0.00000    82.37  LINEAR    1.05322E-01    88.21    7.86136E-01    88.21
 -115.00   165.00     -17.21    1.71    1.77    0.00000    83.54  LINEAR    8.89258E-02    88.21    7.85285E-01    88.21
 -110.00   165.00     -19.06    1.70    1.74    0.00000    84.76  LINEAR    7.18994E-02    88.21    7.84551E-01    88.21
 -105.00   165.00     -21.48    1.70    1.72    0.00000    86.03  LINEAR    5.43676E-02    88.21    7.83955E-01    88.21
 -100.00   165.00     -24.95    1.69    1.70    0.00000    87.34  LINEAR    3.64562E-02    88.22    7.83517E-01    88.22
  -95.00   165.00     -30.95    1.69    1.69    0.00000    88.66  LINEAR    1.82914E-02    88.22    7.83248E-01    88.22
  -90.00   165.00    -999.99    1.69    1.69    0.00000    90.00  LINEAR    1.07093E-12    88.22    7.83158E-01    88.22
  -85.00   165.00     -30.95    1.69    1.69    0.00000   -88.66  LINEAR    1.82914E-02   -91.78    7.83248E-01    88.22
  -80.00   165.00     -24.95    1.69    1.70    0.00000   -87.34  LINEAR    3.64562E-02   -91.78    7.83517E-01    88.22
  -75.00   165.00     -21.48    1.70    1.72    0.00000   -86.03  LINEAR    5.43676E-02   -91.79    7.83955E-01    88.21
  -70.00   165.00     -19.06    1.70    1.74    0.00000   -84.76  LINEAR    7.18994E-02   -91.79    7.84551E-01    88.21
  -65.00   165.00     -17.21    1.71    1.77    0.00000   -83.54  LINEAR    8.89258E-02   -91.79    7.85285E-01    88.21
  -60.00   165.00     -15.74    1.72    1.80    0.00000   -82.37  LINEAR    1.05322E-01   -91.79    7.86136E-01    88.21
  -55.00   165.00     -14.54    1.73    1.83    0.00000   -81.26  LINEAR    1.20966E-01   -91.79    7.87079E-01    88.21
  -50.00   165.00     -13.54    1.74    1.87    0.00000   -80.23  LINEAR    1.35735E-01   -91.79    7.88085E-01    88.21
  -45.00   165.00     -12.70    1.75    1.91    0.00000   -79.27  LINEAR    1.49514E-01   -91.79    7.89123E-01    88.21
  -40.00   165.00     -11.99    1.76    1.94    0.00000   -78.40  LINEAR    1.62189E-01   -91.79    7.90162E-01    88.21
  -35.00   165.00     -11.40    1.78    1.98    0.00000   -77.62  LINEAR    1.73655E-01   -91.80    7.91170E-01    88.20
  -30.00   165.00     -10.90    1.79    2.01    0.00000   -76.94  LINEAR    1.83811E-01   -91.80    7.92117E-01    88.20
  -25.00   165.00     -10.50    1.80    2.04    0.00000   -76.35  LINEAR    1.92569E-01   -91.80    7.92974E-01    88.20
  -20.00   165.00     -10.18    1.80    2.07    0.00000   -75.87  LINEAR    1.99849E-01   -91.80    7.93714E-01    88.20
  -15.00   165.00      -9.93    1.81    2.09    0.00000   -75.49  LINEAR    2.05584E-01   -91.80    7.94315E-01    88.20
  -10.00   165.00      -9.76    1.81    2.11    0.00000   -75.22  LINEAR    2.09719E-01   -91.80    7.94758E-01    88.20
   -5.00   165.00      -9.65    1.82    2.12    0.00000   -75.05  LINEAR    2.12217E-01   -91.80    7.95029E-01    88.20
    0.00   165.00      -9.62    1.82    2.12    0.00000   -75.00  LINEAR    2.13052E-01   -91.80    7.95120E-01    88.20
 -180.00   170.00     -13.09    1.99    2.12    0.00000    80.00  LINEAR    1.42942E-01    88.20    8.10663E-01    88.20
 -175.00   170.00     -13.12    1.99    2.12    0.00000    80.04  LINEAR    1.42390E-01    88.20    8.10621E-01    88.20
 -170.00   170.00     -13.22    1.98    2.11    0.00000    80.15  LINEAR    1.40741E-01    88.20    8.10497E-01    88.20
 -165.00   170.00     -13.39    1.98    2.11    0.00000    80.33  LINEAR    1.38008E-01    88.20    8.10294E-01    88.20
 -160.00   170.00     -13.63    1.98    2.10    0.00000    80.59  LINEAR    1.34214E-01    88.20    8.10018E-01    88.20
 -155.00   170.00     -13.95    1.98    2.09    0.00000    80.92  LINEAR    1.29392E-01    88.20    8.09678E-01    88.20
 -150.00   170.00     -14.35    1.97    2.07    0.00000    81.32  LINEAR    1.23581E-01    88.20    8.09284E-01    88.20
 -145.00   170.00     -14.84    1.97    2.06    0.00000    81.78  LINEAR    1.16829E-01    88.20    8.08849E-01    88.20
 -140.00   170.00     -15.43    1.96    2.04    0.00000    82.31  LINEAR    1.09192E-01    88.20    8.08385E-01    88.20
 -135.00   170.00     -16.13    1.96    2.02    0.00000    82.89  LINEAR    1.00731E-01    88.20    8.07907E-01    88.20
 -130.00   170.00     -16.96    1.95    2.01    0.00000    83.53  LINEAR    9.15146E-02    88.20    8.07429E-01    88.20
 -125.00   170.00     -17.95    1.95    1.99    0.00000    84.22  LINEAR    8.16141E-02    88.20    8.06965E-01    88.20
 -120.00   170.00     -19.15    1.94    1.98    0.00000    84.96  LINEAR    7.11066E-02    88.20    8.06531E-01    88.20
 -115.00   170.00     -20.62    1.94    1.96    0.00000    85.74  LINEAR    6.00726E-02    88.20    8.06138E-01    88.20
 -110.00   170.00     -22.46    1.93    1.95    0.00000    86.55  LINEAR    4.85957E-02    88.21    8.05800E-01    88.21
 -105.00   170.00     -24.88    1.93    1.94    0.00000    87.39  LINEAR    3.67616E-02    88.21    8.05525E-01    88.21
 -100.00   170.00     -28.35    1.93    1.93    0.00000    88.25  LINEAR    2.46581E-02    88.21    8.05322E-01    88.21
  -95.00   170.00     -34.34    1.93    1.93    0.00000    89.12  LINEAR    1.23742E-02    88.21    8.05199E-01    88.21
  -90.00   170.00    -999.99    1.93    1.93    0.00000    90.00  LINEAR    7.24536E-13    88.21    8.05157E-01    88.21
  -85.00   170.00     -34.34    1.93    1.93    0.00000   -89.12  LINEAR    1.23742E-02   -91.79    8.05199E-01    88.21
  -80.00   170.00     -28.35    1.93    1.93    0.00000   -88.25  LINEAR    2.46581E-02   -91.79    8.05322E-01    88.21
  -75.00   170.00     -24.88    1.93    1.94    0.00000   -87.39  LINEAR    3.67616E-02   -91.79    8.05525E-01    88.21
  -70.00   170.00     -22.46    1.93    1.95    0.00000   -86.55  LINEAR    4.85957E-02   -91.79    8.05800E-01    88.21
  -65.00   170.00     -20.62    1.94    1.96    0.00000   -85.74  LINEAR    6.00726E-02   -91.80    8.06138E-01    88.20
  -60.00   170.00     -19.15    1.94    1.98    0.00000   -84.96  LINEAR    7.11066E-02   -91.80    8.06531E-01    88.20
  -55.00   170.00     -17.95    1.95    1.99    0.00000   -84.22  LINEAR    8.16141E-02   -91.80    8.06965E-01    88.20
  -50.00   170.00     -16.96    1.95    2.01    0.00000   -83.53  LINEAR    9.15146E-02   -91.80    8.07429E-01    88.20
  -45.00   170.00     -16.13    1.96    2.02    0.00000   -82.89  LINEAR    1.00731E-01   -91.80    8.07907E-01    88.20
  -40.00   170.00     -15.43    1.96    2.04    0.00000   -82.31  LINEAR    1.09192E-01   -91.80    8.08385E-01    88.20
  -35.00   170.00     -14.84    1.97    2.06    0.00000   -81.78  LINEAR    1.16829E-01   -91.80    8.08849E-01    88.20
  -30.00   170.00     -14.35    1.97    2.07    0.00000   -81.32  LINEAR    1.23581E-01   -91.80    8.09284E-01    88.20
  -25.00   170.00     -13.95    1.98    2.09    0.00000   -80.92  LINEAR    1.29392E-01   -91.80    8.09678E-01    88.20
  -20.00   170.00     -13.63    1.98    2.10    0.00000   -80.59  LINEAR    1.34214E-01   -91.80    8.10018E-01    88.20
  -15.00   170.00     -13.39    1.98    2.11    0.00000   -80.33  LINEAR    1.38008E-01   -91.80    8.10294E-01    88.20
  -10.00   170.00     -13.22    1.98    2.11    0.00000   -80.15  LINEAR    1.40741E-01   -91.80    8.10497E-01    88.20
   -5.00   170.00     -13.12    1.99    2.12    0.00000   -80.04  LINEAR    1.42390E-01   -91.80    8.10621E-01    88.20
    0.00   170.00     -13.09    1.99    2.12    0.00000   -80.00  LINEAR    1.42942E-01   -91.80    8.10663E-01    88.20
 -180.00   175.00     -19.07    2.09    2.12    0.00000    85.00  LINEAR    7.17439E-02    88.20    8.20037E-01    88.20
 -175.00   175.00     -19.11    2.09    2.12    0.00000    85.02  LINEAR    7.14700E-02    88.20    8.20026E-01    88.20
 -170.00   175.00     -19.21    2.09    2.12    0.00000    85.08  LINEAR    7.06503E-02    88.20    8.19994E-01    88.20
 -165.00   175.00     -19.38    2.09    2.12    0.00000    85.17  LINEAR    6.92913E-02    88.20    8.19942E-01    88.20
 -160.00   175.00     -19.62    2.08    2.11    0.00000    85.30  LINEAR    6.74037E-02    88.20    8.19872E-01    88.20
 -155.00   175.00     -19.93    2.08    2.11    0.00000    85.47  LINEAR    6.50021E-02    88.20    8.19785E-01    88.20
 -150.00   175.00     -20.33    2.08    2.11    0.00000    85.67  LINEAR    6.21054E-02    88.20    8.19685E-01    88.20
 -145.00   175.00     -20.81    2.08    2.10    0.00000    85.90  LINEAR    5.87360E-02    88.20    8.19574E-01    88.20
 -140.00   175.00     -21.40    2.08    2.10    0.00000    86.17  LINEAR    5.49201E-02    88.20    8.19456E-01    88.20
 -135.00   175.00     -22.09    2.08    2.10    0.00000    86.46  LINEAR    5.06871E-02    88.20    8.19333E-01    88.20
 -130.00   175.00     -22.92    2.08    2.09    0.00000    86.78  LINEAR    4.60697E-02    88.20    8.19211E-01    88.20
 -125.00   175.00     -23.91    2.08    2.09    0.00000    87.13  LINEAR    4.11033E-02    88.20    8.19093E-01    88.20
 -120.00   175.00     -25.11    2.08    2.08    0.00000    87.50  LINEAR    3.58258E-02    88.20    8.18982E-01    88.20
 -115.00   175.00     -26.57    2.07    2.08    0.00000    87.88  LINEAR    3.02776E-02    88.20    8.18882E-01    88.20
 -110.00   175.00     -28.41    2.07    2.08    0.00000    88.29  LINEAR    2.45007E-02    88.20    8.18795E-01    88.20
 -105.00   175.00     -30.83    2.07    2.07    0.00000    88.70  LINEAR    1.85390E-02    88.20    8.18725E-01    88.20
 -100.00   175.00     -34.30    2.07    2.07    0.00000    89.13  LINEAR    1.24375E-02    88.20    8.18673E-01    88.20
  -95.00   175.00     -40.28    2.07    2.07    0.00000    89.56  LINEAR    6.24226E-03    88.20    8.18641E-01    88.20
  -90.00   175.00    -999.99    2.07    2.07    0.00000    90.00  LINEAR    3.65511E-13    88.20    8.18631E-01    88.20
  -85.00   175.00     -40.28    2.07    2.07    0.00000   -89.56  LINEAR    6.24226E-03   -91.80    8.18641E-01    88.20
  -80.00   175.00     -34.30    2.07    2.07    0.00000   -89.13  LINEAR    1.24375E-02   -91.80    8.18673E-01    88.20
  -75.00   175.00     -30.83    2.07    2.07    0.00000   -88.70  LINEAR    1.85390E-02   -91.80    8.18725E-01    88.20
  -70.00   175.00     -28.41    2.07    2.08    0.00000   -88.29  LINEAR    2.45007E-02   -91.80    8.18795E-01    88.20
  -65.00   175.00     -26.57    2.07    2.08    0.00000   -87.88  LINEAR    3.02776E-02   -91.80    8.18882E-01    88.20
  -60.00   175.00     -25.11    2.08    2.08    0.00000   -87.50  LINEAR    3.58258E-02   -91.80    8.18982E-01    88.20
  -55.00   175.00     -23.91    2.08    2.09    0.00000   -87.13  LINEAR    4.11033E-02   -91.80    8.19093E-01    88.20
  -50.00   175.00     -22.92    2.08    2.09    0.00000   -86.78  LINEAR    4.60697E-02   -91.80    8.19211E-01    88.20
  -45.00   175.00     -22.09    2.08    2.10    0.00000   -86.46  LINEAR    5.06871E-02   -91.80    8.19333E-01    88.20
  -40.00   175.00     -21.40    2.08    2.10    0.00000   -86.17  LINEAR    5.49201E-02   -91.80    8.19456E-01    88.20
  -35.00   175.00     -20.81    2.08    2.10    0.00000   -85.90  LINEAR    5.87360E-02   -91.80    8.19574E-01    88.20
  -30.00   175.00     -20.33    2.08    2.11    0.00000   -85.67  LINEAR    6.21054E-02   -91.80    8.19685E-01    88.20
  -25.00   175.00     -19.93    2.08    2.11    0.00000   -85.47  LINEAR    6.50021E-02   -91.80    8.19785E-01    88.20
  -20.00   175.00     -19.62    2.08    2.11    0.00000   -85.30  LINEAR    6.74037E-02   -91.80    8.19872E-01    88.20
  -15.00   175.00     -19.38    2.09    2.12    0.00000   -85.17  LINEAR    6.92913E-02   -91.80    8.19942E-01    88.20
  -10.00   175.00     -19.21    2.09    2.12    0.00000   -85.08  LINEAR    7.06503E-02   -91.80    8.19994E-01    88.20
   -5.00   175.00     -19.11    2.09    2.12    0.00000   -85.02  LINEAR    7.14700E-02   -91.80    8.20026E-01    88.20
    0.00   175.00     -19.07    2.09    2.12    0.00000   -85.00  LINEAR    7.17439E-02   -91.80    8.20037E-01    88.20
 -180.00   180.00    -999.99    2.12    2.12    0.00000   -90.00  LINEAR    8.40194E-12   -91.80    8.23169E-01    88.20
 -175.00   180.00    -999.99    2.12    2.12    0.00000   -90.00  LINEAR    8.36997E-12   -91.80    8.23169E-01    88.20
 -170.00   180.00    -999.99    2.12    2.12    0.00000   -90.00  LINEAR    8.27430E-12   -91.80    8.23169E-01    88.20
 -165.00   180.00    -999.99    2.12    2.12    0.00000   -90.00  LINEAR    8.11565E-12   -91.80    8.23169E-01    88.20
 -160.00   180.00    -999.99    2.12    2.12    0.00000   -90.00  LINEAR    7.89524E-12   -91.80    8.23169E-01    88.20
 -155.00   180.00    -999.99    2.12    2.12    0.00000   -90.00  LINEAR    7.61474E-12   -91.80    8.23169E-01    88.20
 -150.00   180.00    -999.99    2.12    2.12    0.00000   -90.00  LINEAR    7.27629E-12   -91.80    8.23169E-01    88.20
 -145.00   180.00    -999.99    2.12    2.12    0.00000   -90.00  LINEAR    6.88247E-12   -91.80    8.23169E-01    88.20
 -140.00   180.00    -999.99    2.12    2.12    0.00000   -90.00  LINEAR    6.43626E-12   -91.80    8.23169E-01    88.20
 -135.00   180.00    -999.99    2.12    2.12    0.00000   -90.00  LINEAR    5.94107E-12   -91.80    8.23169E-01    88.20
 -130.00   180.00    -999.99    2.12    2.12    0.00000   -90.00  LINEAR    5.40066E-12   -91.80    8.23169E-01    88.20
 -125.00   180.00    -999.99    2.12    2.12    0.00000   -90.00  LINEAR    4.81916E-12   -91.80    8.23169E-01    88.20
 -120.00   180.00    -999.99    2.12    2.12    0.00000   -90.00  LINEAR    4.20097E-12   -91.80    8.23169E-01    88.20
 -115.00   180.00    -999.99    2.12    2.12    0.00000   -90.00  LINEAR    3.55081E-12   -91.80    8.23169E-01    88.20
 -110.00   180.00    -999.99    2.12    2.12    0.00000   -90.00  LINEAR    2.87363E-12   -91.80    8.23169E-01    88.20
 -105.00   180.00    -999.99    2.12    2.12    0.00000   -90.00  LINEAR    2.17458E-12   -91.80    8.23169E-01    88.20
 -100.00   180.00    -999.99    2.12    2.12    0.00000   -90.00  LINEAR    1.45898E-12   -91.80    8.23169E-01    88.20
  -95.00   180.00    -999.99    2.12    2.12    0.00000   -90.00  LINEAR    7.32277E-13   -91.80    8.23169E-01    88.20
  -90.00   180.00    -999.99    2.12    2.12    0.00000   -90.00  LINEAR    4.28786E-23   -91.80    8.23169E-01    88.20
  -85.00   180.00    -999.99    2.12    2.12    0.00000    90.00  LINEAR    7.32277E-13    88.20    8.23169E-01    88.20
  -80.00   180.00    -999.99    2.12    2.12    0.00000    90.00  LINEAR    1.45898E-12    88.20    8.23169E-01    88.20
  -75.00   180.00    -999.99    2.12    2.12    0.00000    90.00  LINEAR    2.17458E-12    88.20    8.23169E-01    88.20
  -70.00   180.00    -999.99    2.12    2.12    0.00000    90.00  LINEAR    2.87363E-12    88.20    8.23169E-01    88.20
  -65.00   180.00    -999.99    2.12    2.12    0.00000    90.00  LINEAR    3.55081E-12    88.20    8.23169E-01    88.20
  -60.00   180.00    -999.99    2.12    2.12    0.00000    90.00  LINEAR    4.20097E-12    88.20    8.23169E-01    88.20
  -55.00   180.00    -999.99    2.12    2.12    0.00000    90.00  LINEAR    4.81916E-12    88.20    8.23169E-01    88.20
  -50.00   180.00    -999.99    2.12    2.12    0.00000    90.00  LINEAR    5.40066E-12    88.20    8.23169E-01    88.20
  -45.00   180.00    -999.99    2.12    2.12    0.00000    90.00  LINEAR    5.94107E-12    88.20    8.23169E-01    88.20
  -40.00   180.00    -999.99    2.12    2.12    0.00000    90.00  LINEAR    6.43626E-12    88.20    8.23169E-01    88.20
  -35.00   180.00    -999.99    2.12    2.12    0.00000    90.00  LINEAR    6.88247E-12    88.20    8.23169E-01    88.20
  -30.00   180.00    -999.99    2.12    2.12    0.00000    90.00  LINEAR    7.27629E-12    88.20    8.23169E-01    88.20
  -25.00   180.00    -999.99    2.12    2.12    0.00000    90.00  LINEAR    7.61474E-12    88.20    8.23169E-01    88.20
  -20.00   180.00    -999.99    2.12    2.12    0.00000    90.00  LINEAR    7.89524E-12    88.20    8.23169E-01    88.20
  -15.00   180.00    -999.99    2.12    2.12    0.00000    90.00  LINEAR    8.11565E-12    88.20    8.23169E-01    88.20
  -10.00   180.00    -999.99    2.12    2.12    0.00000    90.00  LINEAR    8.27430E-12    88.20    8.23169E-01    88.20
   -5.00   180.00    -999.99    2.12    2.12    0.00000    90.00  LINEAR    8.36997E-12    88.20    8.23169E-01    88.20
    0.00   180.00    -999.99    2.12    2.12    0.00000    90.00  LINEAR    8.40194E-12    88.20    8.23169E-01    88.20
 -180.00   185.00     -19.07    2.09    2.12    0.00000   -85.00  LINEAR    7.17439E-02   -91.80    8.20037E-01    88.20
 -175.00   185.00     -19.11    2.09    2.12    0.00000   -85.02  LINEAR    7.14700E-02   -91.80    8.20026E-01    88.20
 -170.00   185.00     -19.21    2.09    2.12    0.00000   -85.08  LINEAR    7.06503E-02   -91.80    8.19994E-01    88.20
 -165.00   185.00     -19.38    2.09    2.12    0.00000   -85.17  LINEAR    6.92913E-02   -91.80    8.19942E-01    88.20
 -160.00   185.00     -19.62    2.08    2.11    0.00000   -85.30  LINEAR    6.74037E-02   -91.80    8.19872E-01    88.20
 -155.00   185.00     -19.93    2.08    2.11    0.00000   -85.47  LINEAR    6.50021E-02   -91.80    8.19785E-01    88.20
 -150.00   185.00     -20.33    2.08    2.11    0.00000   -85.67  LINEAR    6.21054E-02   -91.80    8.19685E-01    88.20
 -145.00   185.00     -20.81    2.08    2.10    0.00000   -85.90  LINEAR    5.87360E-02   -91.80    8.19574E-01    88.20
 -140.00   185.00     -21.40    2.08    2.10    0.00000   -86.17  LINEAR    5.49201E-02   -91.80    8.19456E-01    88.20
 -135.00   185.00     -22.09    2.08    2.10    0.00000   -86.46  LINEAR    5.06871E-02   -91.80    8.19333E-01    88.20
 -130.00   185.00     -22.92    2.08    2.09    0.00000   -86.78  LINEAR    4.60697E-02   -91.80    8.19211E-01    88.20
 -125.00   185.00     -23.91    2.08    2.09    0.00000   -87.13  LINEAR    4.11033E-02   -91.80    8.19093E-01    88.20
 -120.00   185.00     -25.11    2.08    2.08    0.00000   -87.50  LINEAR    3.58258E-02   -91.80    8.18982E-01    88.20
 -115.00   185.00     -26.57    2.07    2.08    0.00000   -87.88  LINEAR    3.02776E-02   -91.80    8.18882E-01    88.20
 -110.00   185.00     -28.41    2.07    2.08    0.00000   -88.29  LINEAR    2.45007E-02   -91.80    8.18795E-01    88.20
 -105.00   185.00     -30.83    2.07    2.07    0.00000   -88.70  LINEAR    1.85390E-02   -91.80    8.18725E-01    88.20
 -100.00   185.00     -34.30    2.07    2.07    0.00000   -89.13  LINEAR    1.24375E-02   -91.80    8.18673E-01    88.20
  -95.00   185.00     -40.28    2.07    2.07    0.00000   -89.56  LINEAR    6.24226E-03   -91.80    8.18641E-01    88.20
  -90.00   185.00    -999.99    2.07    2.07    0.00000   -90.00  LINEAR    3.65511E-13   -91.80    8.18631E-01    88.20
  -85.00   185.00     -40.28    2.07    2.07    0.00000    89.56  LINEAR    6.24226E-03    88.20    8.18641E-01    88.20
  -80.00   185.00     -34.30    2.07    2.07    0.00000    89.13  LINEAR    1.24375E-02    88.20    8.18673E-01    88.20
  -75.00   185.00     -30.83    2.07    2.07    0.00000    88.70  LINEAR    1.85390E-02    88.20    8.18725E-01    88.20
  -70.00   185.00     -28.41    2.07    2.08    0.00000    88.29  LINEAR    2.45007E-02    88.20    8.18795E-01    88.20
  -65.00   185.00     -26.57    2.07    2.08    0.00000    87.88  LINEAR    3.02776E-02    88.20    8.18882E-01    88.20
  -60.00   185.00     -25.11    2.08    2.08    0.00000    87.50  LINEAR    3.58258E-02    88.20    8.18982E-01    88.20
  -55.00   185.00     -23.91    2.08    2.09    0.00000    87.13  LINEAR    4.11033E-02    88.20    8.19093E-01    88.20
  -50.00   185.00     -22.92    2.08    2.09    0.00000    86.78  LINEAR    4.60697E-02    88.20    8.19211E-01    88.20
  -45.00   185.00     -22.09    2.08    2.10    0.00000    86.46  LINEAR    5.06871E-02    88.20    8.19333E-01    88.20
  -40.00   185.00     -21.40    2.08    2.10    0.00000    86.17  LINEAR    5.49201E-02    88.20    8.19456E-01    88.20
  -35.00   185.00     -20.81    2.08    2.10    0.00000    85.90  LINEAR    5.87360E-02    88.20    8.19574E-01    88.20
  -30.00   185.00     -20.33    2.08    2.11    0.00000    85.67  LINEAR    6.21054E-02    88.20    8.19685E-01    88.20
  -25.00   185.00     -19.93    2.08    2.11    0.00000    85.47  LINEAR    6.50021E-02    88.20    8.19785E-01    88.20
  -20.00   185.00     -19.62    2.08    2.11    0.00000    85.30  LINEAR    6.74037E-02    88.20    8.19872E-01    88.20
  -15.00   185.00     -19.38    2.09    2.12    0.00000    85.17  LINEAR    6.92913E-02    88.20    8.19942E-01    88.20
  -10.00   185.00     -19.21    2.09    2.12    0.00000    85.08  LINEAR    7.06503E-02    88.20    8.19994E-01    88.20
   -5.00   185.00     -19.11    2.09    2.12    0.00000    85.02  LINEAR    7.14700E-02    88.20    8.20026E-01    88.20
    0.00   185.00     -19.07    2.09    2.12    0.00000    85.00  LINEAR    7.17439E-02    88.20    8.20037E-01    88.20
 -180.00   190.00     -13.09    1.99    2.12    0.00000   -80.00  LINEAR    1.42942E-01   -91.80    8.10663E-01    88.20
 -175.00   190.00     -13.12    1.99    2.12    0.00000   -80.04  LINEAR    1.42390E-01   -91.80    8.10621E-01    88.20
 -170.00   190.00     -13.22    1.98    2.11    0.00000   -80.15  LINEAR    1.40741E-01   -91.80    8.10497E-01    88.20
 -165.00   190.00     -13.39    1.98    2.11    0.00000   -80.33  LINEAR    1.38008E-01   -91.80    8.10294E-01    88.20
 -160.00   190.00     -13.63    1.98    2.10    0.00000   -80.59  LINEAR    1.34214E-01   -91.80    8.10018E-01    88.20
 -155.00   190.00     -13.95    1.98    2.09    0.00000   -80.92  LINEAR    1.29392E-01   -91.80    8.09678E-01    88.20
 -150.00   190.00     -14.35    1.97    2.07    0.00000   -81.32  LINEAR    1.23581E-01   -91.80    8.09284E-01    88.20
 -145.00   190.00     -14.84    1.97    2.06    0.00000   -81.78  LINEAR    1.16829E-01   -91.80    8.08849E-01    88.20
 -140.00   190.00     -15.43    1.96    2.04    0.00000   -82.31  LINEAR    1.09192E-01   -91.80    8.08385E-01    88.20
 -135.00   190.00     -16.13    1.96    2.02    0.00000   -82.89  LINEAR    1.00731E-01   -91.80    8.07907E-01    88.20
 -130.00   190.00     -16.96    1.95    2.01    0.00000   -83.53  LINEAR    9.15146E-02   -91.80    8.07429E-01    88.20
 -125.00   190.00     -17.95    1.95    1.99    0.00000   -84.22  LINEAR    8.16141E-02   -91.80    8.06965E-01    88.20
 -120.00   190.00     -19.15    1.94    1.98    0.00000   -84.96  LINEAR    7.11066E-02   -91.80    8.06531E-01    88.20
 -115.00   190.00     -20.62    1.94    1.96    0.00000   -85.74  LINEAR    6.00726E-02   -91.80    8.06138E-01    88.20
 -110.00   190.00     -22.46    1.93    1.95    0.00000   -86.55  LINEAR    4.85957E-02   -91.79    8.05800E-01    88.21
 -105.00   190.00     -24.88    1.93    1.94    0.00000   -87.39  LINEAR    3.67616E-02   -91.79    8.05525E-01    88.21
 -100.00   190.00     -28.35    1.93    1.93    0.00000   -88.25  LINEAR    2.46581E-02   -91.79    8.05322E-01    88.21
  -95.00   190.00     -34.34    1.93    1.93    0.00000   -89.12  LINEAR    1.23742E-02   -91.79    8.05199E-01    88.21
  -90.00   190.00    -999.99    1.93    1.93    0.00000   -90.00  LINEAR    7.24536E-13   -91.79    8.05157E-01    88.21
  -85.00   190.00     -34.34    1.93    1.93    0.00000    89.12  LINEAR    1.23742E-02    88.21    8.05199E-01    88.21
  -80.00   190.00     -28.35    1.93    1.93    0.00000    88.25  LINEAR    2.46581E-02    88.21    8.05322E-01    88.21
  -75.00   190.00     -24.88    1.93    1.94    0.00000    87.39  LINEAR    3.67616E-02    88.21    8.05525E-01    88.21
  -70.00   190.00     -22.46    1.93    1.95    0.00000    86.55  LINEAR    4.85957E-02    88.21    8.05800E-01    88.21
  -65.00   190.00     -20.62    1.94    1.96    0.00000    85.74  LINEAR    6.00726E-02    88.20    8.06138E-01    88.20
  -60.00   190.00     -19.15    1.94    1.98    0.00000    84.96  LINEAR    7.11066E-02    88.20    8.06531E-01    88.20
  -55.00   190.00     -17.95    1.95    1.99    0.00000    84.22  LINEAR    8.16141E-02    88.20    8.06965E-01    88.20
  -50.00   190.00     -16.96    1.95    2.01    0.00000    83.53  LINEAR    9.15146E-02    88.20    8.07429E-01    88.20
  -45.00   190.00     -16.13    1.96    2.02    0.00000    82.89  LINEAR    1.00731E-01    88.20    8.07907E-01    88.20
  -40.00   190.00     -15.43    1.96    2.04    0.00000    82.31  LINEAR    1.09192E-01    88.20    8.08385E-01    88.20
  -35.00   190.00     -14.84    1.97    2.06    0.00000    81.78  LINEAR    1.16829E-01    88.20    8.08849E-01    88.20
  -30.00   190.00     -14.35    1.97    2.07    0.00000    81.32  LINEAR    1.23581E-01    88.20    8.09284E-01    88.20
  -25.00   190.00     -13.95    1.98    2.09    0.00000    80.92  LINEAR    1.29392E-01    88.20    8.09678E-01    88.20
  -20.00   190.00     -13.63    1.98    2.10    0.00000    80.59  LINEAR    1.34214E-01    88.20    8.10018E-01    88.20
  -15.00   190.00     -13.39    1.98    2.11    0.00000    80.33  LINEAR    1.38008E-01    88.20    8.10294E-01    88.20
  -10.00   190.00     -13.22    1.98    2.11    0.00000    80.15  LINEAR    1.40741E-01    88.20    8.10497E-01    88.20
   -5.00   190.00     -13.12    1.99    2.12    0.00000    80.04  LINEAR    1.42390E-01    88.20    8.10621E-01    88.20
    0.00   190.00     -13.09    1.99    2.12    0.00000    80.00  LINEAR    1.42942E-01    88.20    8.10663E-01    88.20
 -180.00   195.00      -9.62    1.82    2.12    0.00000   -75.00  LINEAR    2.13052E-01   -91.80    7.95120E-01    88.20
 -175.00   195.00      -9.65    1.82    2.12    0.00000   -75.05  LINEAR    2.12217E-01   -91.80    7.95029E-01    88.20
 -170.00   195.00      -9.76    1.81    2.11    0.00000   -75.22  LINEAR    2.09719E-01   -91.80    7.94758E-01    88.20
 -165.00   195.00      -9.93    1.81    2.09    0.00000   -75.49  LINEAR    2.05584E-01   -91.80    7.94315E-01    88.20
 -160.00   195.00     -10.18    1.80    2.07    0.00000   -75.87  LINEAR    1.99849E-01   -91.80    7.93714E-01    88.20
 -155.00   195.00     -10.50    1.80    2.04    0.00000   -76.35  LINEAR    1.92569E-01   -91.80    7.92974E-01    88.20
 -150.00   195.00     -10.90    1.79    2.01    0.00000   -76.94  LINEAR    1.83811E-01   -91.80    7.92117E-01    88.20
 -145.00   195.00     -11.40    1.78    1.98    0.00000   -77.62  LINEAR    1.73655E-01   -91.80    7.91170E-01    88.20
 -140.00   195.00     -11.99    1.76    1.94    0.00000   -78.40  LINEAR    1.62189E-01   -91.79    7.90162E-01    88.21
 -135.00   195.00     -12.70    1.75    1.91    0.00000   -79.27  LINEAR    1.49514E-01   -91.79    7.89123E-01    88.21
 -130.00   195.00     -13.54    1.74    1.87    0.00000   -80.23  LINEAR    1.35735E-01   -91.79    7.88085E-01    88.21
 -125.00   195.00     -14.54    1.73    1.83    0.00000   -81.26  LINEAR    1.20966E-01   -91.79    7.87079E-01    88.21
 -120.00   195.00     -15.74    1.72    1.80    0.00000   -82.37  LINEAR    1.05322E-01   -91.79    7.86136E-01    88.21
 -115.00   195.00     -17.21    1.71    1.77    0.00000   -83.54  LINEAR    8.89258E-02   -91.79    7.85285E-01    88.21
 -110.00   195.00     -19.06    1.70    1.74    0.00000   -84.76  LINEAR    7.18994E-02   -91.79    7.84551E-01    88.21
 -105.00   195.00     -21.48    1.70    1.72    0.00000   -86.03  LINEAR    5.43676E-02   -91.79    7.83955E-01    88.21
 -100.00   195.00     -24.95    1.69    1.70    0.00000   -87.34  LINEAR    3.64562E-02   -91.78    7.83517E-01    88.22
  -95.00   195.00     -30.95    1.69    1.69    0.00000   -88.66  LINEAR    1.82914E-02   -91.78    7.83248E-01    88.22
  -90.00   195.00    -999.99    1.69    1.69    0.00000   -90.00  LINEAR    1.07093E-12   -91.78    7.83158E-01    88.22
  -85.00   195.00     -30.95    1.69    1.69    0.00000    88.66  LINEAR    1.82914E-02    88.22    7.83248E-01    88.22
  -80.00   195.00     -24.95    1.69    1.70    0.00000    87.34  LINEAR    3.64562E-02    88.22    7.83517E-01    88.22
  -75.00   195.00     -21.48    1.70    1.72    0.00000    86.03  LINEAR    5.43676E-02    88.21    7.83955E-01    88.21
  -70.00   195.00     -19.06    1.70    1.74    0.00000    84.76  LINEAR    7.18994E-02    88.21    7.84551E-01    88.21
  -65.00   195.00     -17.21    1.71    1.77    0.00000    83.54  LINEAR    8.89258E-02    88.21    7.85285E-01    88.21
  -60.00   195.00     -15.74    1.72    1.80    0.00000    82.37  LINEAR    1.05322E-01    88.21    7.86136E-01    88.21
  -55.00   195.00     -14.54    1.73    1.83    0.00000    81.26  LINEAR    1.20966E-01    88.21    7.87079E-01    88.21
  -50.00   195.00     -13.54    1.74    1.87    0.00000    80.23  LINEAR    1.35735E-01    88.21    7.88085E-01    88.21
  -45.00   195.00     -12.70    1.75    1.91    0.00000    79.27  LINEAR    1.49514E-01    88.21    7.89123E-01    88.21
  -40.00   195.00     -11.99    1.76    1.94    0.00000    78.40  LINEAR    1.62189E-01    88.21    7.90162E-01    88.21
  -35.00   195.00     -11.40    1.78    1.98    0.00000    77.62  LINEAR    1.73655E-01    88.20    7.91170E-01    88.20
  -30.00   195.00     -10.90    1.79    2.01    0.00000    76.94  LINEAR    1.83811E-01    88.20    7.92117E-01    88.20
  -25.00   195.00     -10.50    1.80    2.04    0.00000    76.35  LINEAR    1.92569E-01    88.20    7.92974E-01    88.20
  -20.00   195.00     -10.18    1.80    2.07    0.00000    75.87  LINEAR    1.99849E-01    88.20    7.93714E-01    88.20
  -15.00   195.00      -9.93    1.81    2.09    0.00000    75.49  LINEAR    2.05584E-01    88.20    7.94315E-01    88.20
  -10.00   195.00      -9.76    1.81    2.11    0.00000    75.22  LINEAR    2.09719E-01    88.20    7.94758E-01    88.20
   -5.00   195.00      -9.65    1.82    2.12    0.00000    75.05  LINEAR    2.12217E-01    88.20    7.95029E-01    88.20
    0.00   195.00      -9.62    1.82    2.12    0.00000    75.00  LINEAR    2.13052E-01    88.20    7.95120E-01    88.20
 -180.00   200.00      -7.20    1.58    2.12    0.00000   -70.00  LINEAR    2.81540E-01   -91.80    7.73526E-01    88.20
 -175.00   200.00      -7.23    1.58    2.11    0.00000   -70.07  LINEAR    2.80413E-01   -91.80    7.73371E-01    88.20
 -170.00   200.00      -7.34    1.57    2.10    0.00000   -70.28  LINEAR    2.77042E-01   -91.80    7.72910E-01    88.20
 -165.00   200.00      -7.52    1.56    2.07    0.00000   -70.63  LINEAR    2.71466E-01   -91.80    7.72158E-01    88.20
 -160.00   200.00      -7.77    1.55    2.03    0.00000   -71.12  LINEAR    2.63745E-01   -91.80    7.71138E-01    88.20
 -155.00   200.00      -8.09    1.54    1.99    0.00000   -71.74  LINEAR    2.53960E-01   -91.80    7.69883E-01    88.20
 -150.00   200.00      -8.51    1.52    1.93    0.00000   -72.50  LINEAR    2.42215E-01   -91.79    7.68430E-01    88.21
 -145.00   200.00      -9.01    1.50    1.87    0.00000   -73.40  LINEAR    2.28626E-01   -91.79    7.66825E-01    88.21
 -140.00   200.00      -9.61    1.48    1.81    0.00000   -74.42  LINEAR    2.13328E-01   -91.79    7.65117E-01    88.21
 -135.00   200.00     -10.32    1.46    1.74    0.00000   -75.57  LINEAR    1.96462E-01   -91.79    7.63358E-01    88.21
 -130.00   200.00     -11.17    1.44    1.68    0.00000   -76.83  LINEAR    1.78181E-01   -91.78    7.61602E-01    88.22
 -125.00   200.00     -12.18    1.43    1.61    0.00000   -78.21  LINEAR    1.58641E-01   -91.78    7.59903E-01    88.22
 -120.00   200.00     -13.39    1.41    1.55    0.00000   -79.69  LINEAR    1.38001E-01   -91.78    7.58310E-01    88.22
 -115.00   200.00     -14.87    1.39    1.49    0.00000   -81.26  LINEAR    1.16423E-01   -91.78    7.56873E-01    88.22
 -110.00   200.00     -16.72    1.38    1.44    0.00000   -82.90  LINEAR    9.40653E-02   -91.77    7.55634E-01    88.23
 -105.00   200.00     -19.15    1.36    1.40    0.00000   -84.62  LINEAR    7.10880E-02   -91.77    7.54631E-01    88.23
 -100.00   200.00     -22.63    1.36    1.37    0.00000   -86.38  LINEAR    4.76480E-02   -91.77    7.53892E-01    88.23
  -95.00   200.00     -28.62    1.35    1.36    0.00000   -88.18  LINEAR    2.39007E-02   -91.77    7.53439E-01    88.23
  -90.00   200.00    -999.99    1.35    1.35    0.00000   -90.00  LINEAR    1.39922E-12   -91.77    7.53287E-01    88.23
  -85.00   200.00     -28.62    1.35    1.36    0.00000    88.18  LINEAR    2.39007E-02    88.23    7.53439E-01    88.23
  -80.00   200.00     -22.63    1.36    1.37    0.00000    86.38  LINEAR    4.76480E-02    88.23    7.53892E-01    88.23
  -75.00   200.00     -19.15    1.36    1.40    0.00000    84.62  LINEAR    7.10880E-02    88.23    7.54631E-01    88.23
  -70.00   200.00     -16.72    1.38    1.44    0.00000    82.90  LINEAR    9.40653E-02    88.23    7.55634E-01    88.23
  -65.00   200.00     -14.87    1.39    1.49    0.00000    81.26  LINEAR    1.16423E-01    88.22    7.56873E-01    88.22
  -60.00   200.00     -13.39    1.41    1.55    0.00000    79.69  LINEAR    1.38001E-01    88.22    7.58310E-01    88.22
  -55.00   200.00     -12.18    1.43    1.61    0.00000    78.21  LINEAR    1.58641E-01    88.22    7.59903E-01    88.22
  -50.00   200.00     -11.17    1.44    1.68    0.00000    76.83  LINEAR    1.78181E-01    88.22    7.61602E-01    88.22
  -45.00   200.00     -10.32    1.46    1.74    0.00000    75.57  LINEAR    1.96462E-01    88.21    7.63358E-01    88.21
  -40.00   200.00      -9.61    1.48    1.81    0.00000    74.42  LINEAR    2.13328E-01    88.21    7.65117E-01    88.21
  -35.00   200.00      -9.01    1.50    1.87    0.00000    73.40  LINEAR    2.28626E-01    88.21    7.66825E-01    88.21
  -30.00   200.00      -8.51    1.52    1.93    0.00000    72.50  LINEAR    2.42215E-01    88.21    7.68430E-01    88.21
  -25.00   200.00      -8.09    1.54    1.99    0.00000    71.74  LINEAR    2.53960E-01    88.20    7.69883E-01    88.20
  -20.00   200.00      -7.77    1.55    2.03    0.00000    71.12  LINEAR    2.63745E-01    88.20    7.71138E-01    88.20
  -15.00   200.00      -7.52    1.56    2.07    0.00000    70.63  LINEAR    2.71466E-01    88.20    7.72158E-01    88.20
  -10.00   200.00      -7.34    1.57    2.10    0.00000    70.28  LINEAR    2.77042E-01    88.20    7.72910E-01    88.20
   -5.00   200.00      -7.23    1.58    2.11    0.00000    70.07  LINEAR    2.80413E-01    88.20    7.73371E-01    88.20
    0.00   200.00      -7.20    1.58    2.12    0.00000    70.00  LINEAR    2.81540E-01    88.20    7.73526E-01    88.20
 -180.00   205.00      -5.36    1.27    2.12    0.00000   -65.00  LINEAR    3.47886E-01   -91.80    7.46044E-01    88.20
 -175.00   205.00      -5.40    1.26    2.11    0.00000   -65.08  LINEAR    3.46456E-01   -91.80    7.45816E-01    88.20
 -170.00   205.00      -5.50    1.25    2.09    0.00000   -65.33  LINEAR    3.42185E-01   -91.80    7.45138E-01    88.20
 -165.00   205.00      -5.69    1.24    2.04    0.00000   -65.75  LINEAR    3.35125E-01   -91.80    7.44031E-01    88.20
 -160.00   205.00      -5.94    1.22    1.99    0.00000   -66.34  LINEAR    3.25366E-01   -91.80    7.42531E-01    88.20
 -155.00   205.00      -6.28    1.20    1.92    0.00000   -67.09  LINEAR    3.13027E-01   -91.79    7.40684E-01    88.21
 -150.00   205.00      -6.70    1.18    1.83    0.00000   -68.01  LINEAR    2.98252E-01   -91.79    7.38549E-01    88.21
 -145.00   205.00      -7.21    1.15    1.74    0.00000   -69.09  LINEAR    2.81209E-01   -91.79    7.36193E-01    88.21
 -140.00   205.00      -7.82    1.12    1.64    0.00000   -70.34  LINEAR    2.62082E-01   -91.78    7.33687E-01    88.22
 -135.00   205.00      -8.55    1.09    1.54    0.00000   -71.75  LINEAR    2.41068E-01   -91.78    7.31109E-01    88.22
 -130.00   205.00      -9.41    1.06    1.43    0.00000   -73.31  LINEAR    2.18370E-01   -91.77    7.28538E-01    88.23
 -125.00   205.00     -10.43    1.03    1.33    0.00000   -75.03  LINEAR    1.94192E-01   -91.77    7.26051E-01    88.23
 -120.00   205.00     -11.65    1.00    1.23    0.00000   -76.88  LINEAR    1.68739E-01   -91.77    7.23723E-01    88.23
 -115.00   205.00     -13.13    0.98    1.14    0.00000   -78.85  LINEAR    1.42210E-01   -91.76    7.21623E-01    88.24
 -110.00   205.00     -14.99    0.95    1.06    0.00000   -80.94  LINEAR    1.14801E-01   -91.76    7.19815E-01    88.24
 -105.00   205.00     -17.43    0.94    1.00    0.00000   -83.12  LINEAR    8.66972E-02   -91.76    7.18350E-01    88.24
 -100.00   205.00     -20.91    0.92    0.95    0.00000   -85.37  LINEAR    5.80800E-02   -91.76    7.17272E-01    88.24
  -95.00   205.00     -26.91    0.92    0.92    0.00000   -87.67  LINEAR    2.91241E-02   -91.75    7.16613E-01    88.25
  -90.00   205.00    -999.99    0.91    0.91    0.00000   -90.00  LINEAR    1.70484E-12   -91.75    7.16391E-01    88.25
  -85.00   205.00     -26.91    0.92    0.92    0.00000    87.67  LINEAR    2.91241E-02    88.25    7.16613E-01    88.25
  -80.00   205.00     -20.91    0.92    0.95    0.00000    85.37  LINEAR    5.80800E-02    88.24    7.17272E-01    88.24
  -75.00   205.00     -17.43    0.94    1.00    0.00000    83.12  LINEAR    8.66972E-02    88.24    7.18350E-01    88.24
  -70.00   205.00     -14.99    0.95    1.06    0.00000    80.94  LINEAR    1.14801E-01    88.24    7.19815E-01    88.24
  -65.00   205.00     -13.13    0.98    1.14    0.00000    78.85  LINEAR    1.42210E-01    88.24    7.21623E-01    88.24
  -60.00   205.00     -11.65    1.00    1.23    0.00000    76.88  LINEAR    1.68739E-01    88.23    7.23723E-01    88.23
  -55.00   205.00     -10.43    1.03    1.33    0.00000    75.03  LINEAR    1.94192E-01    88.23    7.26051E-01    88.23
  -50.00   205.00      -9.41    1.06    1.43    0.00000    73.31  LINEAR    2.18370E-01    88.23    7.28538E-01    88.23
  -45.00   205.00      -8.55    1.09    1.54    0.00000    71.75  LINEAR    2.41068E-01    88.22    7.31109E-01    88.22
  -40.00   205.00      -7.82    1.12    1.64    0.00000    70.34  LINEAR    2.62082E-01    88.22    7.33687E-01    88.22
  -35.00   205.00      -7.21    1.15    1.74    0.00000    69.09  LINEAR    2.81209E-01    88.21    7.36193E-01    88.21
  -30.00   205.00      -6.70    1.18    1.83    0.00000    68.01  LINEAR    2.98252E-01    88.21    7.38549E-01    88.21
  -25.00   205.00      -6.28    1.20    1.92    0.00000    67.09  LINEAR    3.13027E-01    88.21    7.40684E-01    88.21
  -20.00   205.00      -5.94    1.22    1.99    0.00000    66.34  LINEAR    3.25366E-01    88.20    7.42531E-01    88.20
  -15.00   205.00      -5.69    1.24    2.04    0.00000    65.75  LINEAR    3.35125E-01    88.20    7.44031E-01    88.20
  -10.00   205.00      -5.50    1.25    2.09    0.00000    65.33  LINEAR    3.42185E-01    88.20    7.45138E-01    88.20
   -5.00   205.00      -5.40    1.26    2.11    0.00000    65.08  LINEAR    3.46456E-01    88.20    7.45816E-01    88.20
    0.00   205.00      -5.36    1.27    2.12    0.00000    65.00  LINEAR    3.47886E-01    88.20    7.46044E-01    88.20
 -180.00   210.00      -3.90    0.87    2.12    0.00000   -60.00  LINEAR    4.11585E-01   -91.80    7.12885E-01    88.20
 -175.00   210.00      -3.94    0.87    2.11    0.00000   -60.09  LINEAR    4.09842E-01   -91.80    7.12580E-01    88.20
 -170.00   210.00      -4.05    0.86    2.07    0.00000   -60.38  LINEAR    4.04642E-01   -91.80    7.11672E-01    88.20
 -165.00   210.00      -4.23    0.84    2.01    0.00000   -60.85  LINEAR    3.96059E-01   -91.80    7.10193E-01    88.20
 -160.00   210.00      -4.50    0.81    1.93    0.00000   -61.52  LINEAR    3.84215E-01   -91.79    7.08189E-01    88.21
 -155.00   210.00      -4.84    0.78    1.83    0.00000   -62.38  LINEAR    3.69275E-01   -91.79    7.05723E-01    88.21
 -150.00   210.00      -5.27    0.75    1.72    0.00000   -63.43  LINEAR    3.51438E-01   -91.79    7.02875E-01    88.21
 -145.00   210.00      -5.80    0.71    1.59    0.00000   -64.69  LINEAR    3.30930E-01   -91.78    6.99734E-01    88.22
 -140.00   210.00      -6.42    0.67    1.44    0.00000   -66.14  LINEAR    3.07999E-01   -91.77    6.96397E-01    88.23
 -135.00   210.00      -7.16    0.62    1.29    0.00000   -67.79  LINEAR    2.82903E-01   -91.77    6.92967E-01    88.23
 -130.00   210.00      -8.03    0.58    1.14    0.00000   -69.64  LINEAR    2.55901E-01   -91.76    6.89550E-01    88.24
 -125.00   210.00      -9.06    0.54    0.99    0.00000   -71.68  LINEAR    2.27254E-01   -91.76    6.86248E-01    88.24
 -120.00   210.00     -10.29    0.50    0.85    0.00000   -73.90  LINEAR    1.97211E-01   -91.75    6.83160E-01    88.25
 -115.00   210.00     -11.79    0.46    0.72    0.00000   -76.29  LINEAR    1.66011E-01   -91.75    6.80378E-01    88.25
 -110.00   210.00     -13.66    0.43    0.60    0.00000   -78.83  LINEAR    1.33878E-01   -91.74    6.77983E-01    88.26
 -105.00   210.00     -16.10    0.41    0.51    0.00000   -81.50  LINEAR    1.01021E-01   -91.74    6.76044E-01    88.26
 -100.00   210.00     -19.59    0.39    0.43    0.00000   -84.27  LINEAR    6.76345E-02   -91.74    6.74619E-01    88.26
  -95.00   210.00     -25.59    0.38    0.39    0.00000   -87.12  LINEAR    3.39025E-02   -91.74    6.73747E-01    88.26
  -90.00   210.00    -999.99    0.38    0.38    0.00000   -90.00  LINEAR    1.98430E-12   -91.73    6.73453E-01    88.27
  -85.00   210.00     -25.59    0.38    0.39    0.00000    87.12  LINEAR    3.39025E-02    88.26    6.73747E-01    88.26
  -80.00   210.00     -19.59    0.39    0.43    0.00000    84.27  LINEAR    6.76345E-02    88.26    6.74619E-01    88.26
  -75.00   210.00     -16.10    0.41    0.51    0.00000    81.50  LINEAR    1.01021E-01    88.26    6.76044E-01    88.26
  -70.00   210.00     -13.66    0.43    0.60    0.00000    78.83  LINEAR    1.33878E-01    88.26    6.77983E-01    88.26
  -65.00   210.00     -11.79    0.46    0.72    0.00000    76.29  LINEAR    1.66011E-01    88.25    6.80378E-01    88.25
  -60.00   210.00     -10.29    0.50    0.85    0.00000    73.90  LINEAR    1.97211E-01    88.25    6.83160E-01    88.25
  -55.00   210.00      -9.06    0.54    0.99    0.00000    71.68  LINEAR    2.27254E-01    88.24    6.86248E-01    88.24
  -50.00   210.00      -8.03    0.58    1.14    0.00000    69.64  LINEAR    2.55901E-01    88.24    6.89550E-01    88.24
  -45.00   210.00      -7.16    0.62    1.29    0.00000    67.79  LINEAR    2.82903E-01    88.23    6.92967E-01    88.23
  -40.00   210.00      -6.42    0.67    1.44    0.00000    66.14  LINEAR    3.07999E-01    88.23    6.96397E-01    88.23
  -35.00   210.00      -5.80    0.71    1.59    0.00000    64.69  LINEAR    3.30930E-01    88.22    6.99734E-01    88.22
  -30.00   210.00      -5.27    0.75    1.72    0.00000    63.43  LINEAR    3.51438E-01    88.21    7.02875E-01    88.21
  -25.00   210.00      -4.84    0.78    1.83    0.00000    62.38  LINEAR    3.69275E-01    88.21    7.05723E-01    88.21
  -20.00   210.00      -4.50    0.81    1.93    0.00000    61.52  LINEAR    3.84215E-01    88.21    7.08189E-01    88.21
  -15.00   210.00      -4.23    0.84    2.01    0.00000    60.85  LINEAR    3.96059E-01    88.20    7.10193E-01    88.20
  -10.00   210.00      -4.05    0.86    2.07    0.00000    60.38  LINEAR    4.04642E-01    88.20    7.11672E-01    88.20
   -5.00   210.00      -3.94    0.87    2.11    0.00000    60.09  LINEAR    4.09842E-01    88.20    7.12580E-01    88.20
    0.00   210.00      -3.90    0.87    2.12    0.00000    60.00  LINEAR    4.11585E-01    88.20    7.12885E-01    88.20
 -180.00   215.00      -2.71    0.39    2.12    0.00000   -55.00  LINEAR    4.72150E-01   -91.80    6.74301E-01    88.20
 -175.00   215.00      -2.75    0.38    2.10    0.00000   -55.10  LINEAR    4.70088E-01   -91.80    6.73920E-01    88.20
 -170.00   215.00      -2.86    0.37    2.06    0.00000   -55.41  LINEAR    4.63937E-01   -91.80    6.72791E-01    88.20
 -165.00   215.00      -3.05    0.34    1.98    0.00000   -55.93  LINEAR    4.53797E-01   -91.80    6.70951E-01    88.20
 -160.00   215.00      -3.32    0.31    1.87    0.00000   -56.66  LINEAR    4.39833E-01   -91.79    6.68459E-01    88.21
 -155.00   215.00      -3.68    0.27    1.74    0.00000   -57.60  LINEAR    4.22263E-01   -91.79    6.65396E-01    88.21
 -150.00   215.00      -4.12    0.23    1.59    0.00000   -58.77  LINEAR    4.01351E-01   -91.78    6.61861E-01    88.22
 -145.00   215.00      -4.65    0.17    1.41    0.00000   -60.16  LINEAR    3.77393E-01   -91.77    6.57965E-01    88.23
 -140.00   215.00      -5.29    0.12    1.22    0.00000   -61.79  LINEAR    3.50709E-01   -91.77    6.53831E-01    88.23
 -135.00   215.00      -6.04    0.06    1.01    0.00000   -63.66  LINEAR    3.21625E-01   -91.76    6.49587E-01    88.24
 -130.00   215.00      -6.93    0.01    0.81    0.00000   -65.77  LINEAR    2.90468E-01   -91.75    6.45364E-01    88.25
 -125.00   215.00      -7.97   -0.05    0.60    0.00000   -68.12  LINEAR    2.57555E-01   -91.74    6.41287E-01    88.26
 -120.00   215.00      -9.22   -0.10    0.40    0.00000   -70.70  LINEAR    2.23184E-01   -91.74    6.37479E-01    88.26
 -115.00   215.00     -10.72   -0.15    0.22    0.00000   -73.52  LINEAR    1.87629E-01   -91.73    6.34051E-01    88.27
 -110.00   215.00     -12.60   -0.19    0.05    0.00000   -76.53  LINEAR    1.51140E-01   -91.72    6.31103E-01    88.28
 -105.00   215.00     -15.06   -0.22   -0.08    0.00000   -79.73  LINEAR    1.13941E-01   -91.72    6.28719E-01    88.28
 -100.00   215.00     -18.55   -0.25   -0.18    0.00000   -83.07  LINEAR    7.62327E-02   -91.72    6.26966E-01    88.28
  -95.00   215.00     -24.55   -0.26   -0.24    0.00000   -86.51  LINEAR    3.81965E-02   -91.71    6.25894E-01    88.29
  -90.00   215.00    -999.99   -0.27   -0.27    0.00000   -90.00  LINEAR    2.23531E-12   -91.71    6.25534E-01    88.29
  -85.00   215.00     -24.55   -0.26   -0.24    0.00000    86.51  LINEAR    3.81965E-02    88.29    6.25894E-01    88.29
  -80.00   215.00     -18.55   -0.25   -0.18    0.00000    83.07  LINEAR    7.62327E-02    88.28    6.26966E-01    88.28
  -75.00   215.00     -15.06   -0.22   -0.08    0.00000    79.73  LINEAR    1.13941E-01    88.28    6.28719E-01    88.28
  -70.00   215.00     -12.60   -0.19    0.05    0.00000    76.53  LINEAR    1.51140E-01    88.28    6.31103E-01    88.28
  -65.00   215.00     -10.72   -0.15    0.22    0.00000    73.52  LINEAR    1.87629E-01    88.27    6.34051E-01    88.27
  -60.00   215.00      -9.22   -0.10    0.40    0.00000    70.70  LINEAR    2.23184E-01    88.26    6.37479E-01    88.26
  -55.00   215.00      -7.97   -0.05    0.60    0.00000    68.12  LINEAR    2.57555E-01    88.26    6.41287E-01    88.26
  -50.00   215.00      -6.93    0.01    0.81    0.00000    65.77  LINEAR    2.90468E-01    88.25    6.45364E-01    88.25
  -45.00   215.00      -6.04    0.06    1.01    0.00000    63.66  LINEAR    3.21625E-01    88.24    6.49587E-01    88.24
  -40.00   215.00      -5.29    0.12    1.22    0.00000    61.79  LINEAR    3.50709E-01    88.23    6.53831E-01    88.23
  -35.00   215.00      -4.65    0.17    1.41    0.00000    60.16  LINEAR    3.77393E-01    88.23    6.57965E-01    88.23
  -30.00   215.00      -4.12    0.23    1.59    0.00000    58.77  LINEAR    4.01351E-01    88.22    6.61861E-01    88.22
  -25.00   215.00      -3.68    0.27    1.74    0.00000    57.60  LINEAR    4.22263E-01    88.21    6.65396E-01    88.21
  -20.00   215.00      -3.32    0.31    1.87    0.00000    56.66  LINEAR    4.39833E-01    88.21    6.68459E-01    88.21
  -15.00   215.00      -3.05    0.34    1.98    0.00000    55.93  LINEAR    4.53797E-01    88.20    6.70951E-01    88.20
  -10.00   215.00      -2.86    0.37    2.06    0.00000    55.41  LINEAR    4.63937E-01    88.20    6.72791E-01    88.20
   -5.00   215.00      -2.75    0.38    2.10    0.00000    55.10  LINEAR    4.70088E-01    88.20    6.73920E-01    88.20
    0.00   215.00      -2.71    0.39    2.12    0.00000    55.00  LINEAR    4.72150E-01    88.20    6.74301E-01    88.20
 -180.00   220.00      -1.72   -0.20    2.12    0.00000   -50.00  LINEAR    5.29123E-01   -91.80    6.30584E-01    88.20
 -175.00   220.00      -1.76   -0.20    2.10    0.00000   -50.11  LINEAR    5.26736E-01   -91.80    6.30137E-01    88.20
 -170.00   220.00      -1.88   -0.22    2.04    0.00000   -50.43  LINEAR    5.19620E-01   -91.80    6.28812E-01    88.20
 -165.00   220.00      -2.07   -0.25    1.94    0.00000   -50.97  LINEAR    5.07906E-01   -91.79    6.26652E-01    88.21
 -160.00   220.00      -2.35   -0.29    1.81    0.00000   -51.74  LINEAR    4.91807E-01   -91.79    6.23729E-01    88.21
 -155.00   220.00      -2.72   -0.34    1.64    0.00000   -52.75  LINEAR    4.71605E-01   -91.78    6.20139E-01    88.22
 -150.00   220.00      -3.17   -0.40    1.44    0.00000   -53.99  LINEAR    4.47635E-01   -91.77    6.15999E-01    88.23
 -145.00   220.00      -3.72   -0.46    1.22    0.00000   -55.50  LINEAR    4.20275E-01   -91.77    6.11442E-01    88.23
 -140.00   220.00      -4.37   -0.53    0.97    0.00000   -57.27  LINEAR    3.89922E-01   -91.76    6.06612E-01    88.24
 -135.00   220.00      -5.14   -0.60    0.71    0.00000   -59.32  LINEAR    3.56984E-01   -91.75    6.01659E-01    88.25
 -130.00   220.00      -6.04   -0.67    0.43    0.00000   -61.66  LINEAR    3.21857E-01   -91.74    5.96735E-01    88.26
 -125.00   220.00      -7.10   -0.74    0.16    0.00000   -64.30  LINEAR    2.84917E-01   -91.73    5.91989E-01    88.27
 -120.00   220.00      -8.35   -0.81   -0.10    0.00000   -67.24  LINEAR    2.46511E-01   -91.72    5.87561E-01    88.28
 -115.00   220.00      -9.87   -0.87   -0.35    0.00000   -70.47  LINEAR    2.06948E-01   -91.71    5.83579E-01    88.29
 -110.00   220.00     -11.76   -0.92   -0.58    0.00000   -73.99  LINEAR    1.66499E-01   -91.70    5.80157E-01    88.30
 -105.00   220.00     -14.22   -0.96   -0.76    0.00000   -77.75  LINEAR    1.25395E-01   -91.70    5.77392E-01    88.30
 -100.00   220.00     -17.72   -0.99   -0.90    0.00000   -81.71  LINEAR    8.38347E-02   -91.69    5.75360E-01    88.31
  -95.00   220.00     -23.73   -1.01   -0.99    0.00000   -85.82  LINEAR    4.19867E-02   -91.69    5.74119E-01    88.31
  -90.00   220.00    -999.99   -1.02   -1.02    0.00000   -90.00  LINEAR    2.45674E-12   -91.69    5.73701E-01    88.31
  -85.00   220.00     -23.73   -1.01   -0.99    0.00000    85.82  LINEAR    4.19867E-02    88.31    5.74119E-01    88.31
  -80.00   220.00     -17.72   -0.99   -0.90    0.00000    81.71  LINEAR    8.38347E-02    88.31    5.75360E-01    88.31
  -75.00   220.00     -14.22   -0.96   -0.76    0.00000    77.75  LINEAR    1.25395E-01    88.30    5.77392E-01    88.30
  -70.00   220.00     -11.76   -0.92   -0.58    0.00000    73.99  LINEAR    1.66499E-01    88.30    5.80157E-01    88.30
  -65.00   220.00      -9.87   -0.87   -0.35    0.00000    70.47  LINEAR    2.06948E-01    88.29    5.83579E-01    88.29
  -60.00   220.00      -8.35   -0.81   -0.10    0.00000    67.24  LINEAR    2.46511E-01    88.28    5.87561E-01    88.28
  -55.00   220.00      -7.10   -0.74    0.16    0.00000    64.30  LINEAR    2.84917E-01    88.27    5.91989E-01    88.27
  -50.00   220.00      -6.04   -0.67    0.43    0.00000    61.66  LINEAR    3.21857E-01    88.26    5.96735E-01    88.26
  -45.00   220.00      -5.14   -0.60    0.71    0.00000    59.32  LINEAR    3.56984E-01    88.25    6.01659E-01    88.25
  -40.00   220.00      -4.37   -0.53    0.97    0.00000    57.27  LINEAR    3.89922E-01    88.24    6.06612E-01    88.24
  -35.00   220.00      -3.72   -0.46    1.22    0.00000    55.50  LINEAR    4.20275E-01    88.23    6.11442E-01    88.23
  -30.00   220.00      -3.17   -0.40    1.44    0.00000    53.99  LINEAR    4.47635E-01    88.23    6.15999E-01    88.23
  -25.00   220.00      -2.72   -0.34    1.64    0.00000    52.75  LINEAR    4.71605E-01    88.22    6.20139E-01    88.22
  -20.00   220.00      -2.35   -0.29    1.81    0.00000    51.74  LINEAR    4.91807E-01    88.21    6.23729E-01    88.21
  -15.00   220.00      -2.07   -0.25    1.94    0.00000    50.97  LINEAR    5.07906E-01    88.21    6.26652E-01    88.21
  -10.00   220.00      -1.88   -0.22    2.04    0.00000    50.43  LINEAR    5.19620E-01    88.20    6.28812E-01    88.20
   -5.00   220.00      -1.76   -0.20    2.10    0.00000    50.11  LINEAR    5.26736E-01    88.20    6.30137E-01    88.20
    0.00   220.00      -1.72   -0.20    2.12    0.00000    50.00  LINEAR    5.29123E-01    88.20    6.30584E-01    88.20
 -180.00   225.00      -0.89   -0.89    2.12    0.00000   -45.00  LINEAR    5.82068E-01   -91.80    5.82068E-01    88.20
 -175.00   225.00      -0.93   -0.90    2.10    0.00000   -45.11  LINEAR    5.79356E-01   -91.80    5.81569E-01    88.20
 -170.00   225.00      -1.05   -0.92    2.02    0.00000   -45.44  LINEAR    5.71276E-01   -91.80    5.80089E-01    88.20
 -165.00   225.00      -1.26   -0.96    1.91    0.00000   -45.99  LINEAR    5.57994E-01   -91.79    5.77678E-01    88.21
 -160.00   225.00      -1.55   -1.01    1.74    0.00000   -46.78  LINEAR    5.39776E-01   -91.79    5.74417E-01    88.21
 -155.00   225.00      -1.92   -1.07    1.54    0.00000   -47.81  LINEAR    5.16972E-01   -91.78    5.70416E-01    88.22
 -150.00   225.00      -2.39   -1.14    1.29    0.00000   -49.11  LINEAR    4.90002E-01   -91.77    5.65805E-01    88.23
 -145.00   225.00      -2.95   -1.21    1.01    0.00000   -50.68  LINEAR    4.59328E-01   -91.76    5.60736E-01    88.24
 -140.00   225.00      -3.61   -1.30    0.71    0.00000   -52.55  LINEAR    4.25437E-01   -91.75    5.55369E-01    88.25
 -135.00   225.00      -4.40   -1.38    0.38    0.00000   -54.74  LINEAR    3.88818E-01   -91.73    5.49872E-01    88.27
 -130.00   225.00      -5.31   -1.47    0.03    0.00000   -57.27  LINEAR    3.49943E-01   -91.72    5.44415E-01    88.28
 -125.00   225.00      -6.38   -1.56   -0.32    0.00000   -60.16  LINEAR    3.09250E-01   -91.71    5.39161E-01    88.29
 -120.00   225.00      -7.66   -1.63   -0.67    0.00000   -63.43  LINEAR    2.67132E-01   -91.70    5.34265E-01    88.30
 -115.00   225.00      -9.19   -1.71   -0.99    0.00000   -67.09  LINEAR    2.23931E-01   -91.69    5.29867E-01    88.31
 -110.00   225.00     -11.09   -1.77   -1.29    0.00000   -71.12  LINEAR    1.79934E-01   -91.68    5.26091E-01    88.32
 -105.00   225.00     -13.56   -1.82   -1.54    0.00000   -75.49  LINEAR    1.35373E-01   -91.67    5.23042E-01    88.33
 -100.00   225.00     -17.06   -1.86   -1.73    0.00000   -80.15  LINEAR    9.04367E-02   -91.67    5.20804E-01    88.33
  -95.00   225.00     -23.07   -1.88   -1.85    0.00000   -85.02  LINEAR    4.52719E-02   -91.66    5.19437E-01    88.34
  -90.00   225.00    -999.99   -1.89   -1.89    0.00000   -90.00  LINEAR    2.64855E-12   -91.66    5.18977E-01    88.34
  -85.00   225.00     -23.07   -1.88   -1.85    0.00000    85.02  LINEAR    4.52719E-02    88.34    5.19437E-01    88.34
  -80.00   225.00     -17.06   -1.86   -1.73    0.00000    80.15  LINEAR    9.04367E-02    88.33    5.20804E-01    88.33
  -75.00   225.00     -13.56   -1.82   -1.54    0.00000    75.49  LINEAR    1.35373E-01    88.33    5.23042E-01    88.33
  -70.00   225.00     -11.09   -1.77   -1.29    0.00000    71.12  LINEAR    1.79934E-01    88.32    5.26091E-01    88.32
  -65.00   225.00      -9.19   -1.71   -0.99    0.00000    67.09  LINEAR    2.23931E-01    88.31    5.29867E-01    88.31
  -60.00   225.00      -7.66   -1.63   -0.67    0.00000    63.43  LINEAR    2.67132E-01    88.30    5.34265E-01    88.30
  -55.00   225.00      -6.38   -1.56   -0.32    0.00000    60.16  LINEAR    3.09250E-01    88.29    5.39161E-01    88.29
  -50.00   225.00      -5.31   -1.47    0.03    0.00000    57.27  LINEAR    3.49943E-01    88.28    5.44415E-01    88.28
  -45.00   225.00      -4.40   -1.38    0.38    0.00000    54.74  LINEAR    3.88818E-01    88.27    5.49872E-01    88.27
  -40.00   225.00      -3.61   -1.30    0.71    0.00000    52.55  LINEAR    4.25437E-01    88.25    5.55369E-01    88.25
  -35.00   225.00      -2.95   -1.21    1.01    0.00000    50.68  LINEAR    4.59328E-01    88.24    5.60736E-01    88.24
  -30.00   225.00      -2.39   -1.14    1.29    0.00000    49.11  LINEAR    4.90002E-01    88.23    5.65805E-01    88.23
  -25.00   225.00      -1.92   -1.07    1.54    0.00000    47.81  LINEAR    5.16972E-01    88.22    5.70416E-01    88.22
  -20.00   225.00      -1.55   -1.01    1.74    0.00000    46.78  LINEAR    5.39776E-01    88.21    5.74417E-01    88.21
  -15.00   225.00      -1.26   -0.96    1.91    0.00000    45.99  LINEAR    5.57994E-01    88.21    5.77678E-01    88.21
  -10.00   225.00      -1.05   -0.92    2.02    0.00000    45.44  LINEAR    5.71276E-01    88.20    5.80089E-01    88.20
   -5.00   225.00      -0.93   -0.90    2.10    0.00000    45.11  LINEAR    5.79356E-01    88.20    5.81569E-01    88.20
    0.00   225.00      -0.89   -0.89    2.12    0.00000    45.00  LINEAR    5.82068E-01    88.20    5.82068E-01    88.20
 -180.00   230.00      -0.20   -1.72    2.12    0.00000   -40.00  LINEAR    6.30584E-01   -91.80    5.29123E-01    88.20
 -175.00   230.00      -0.24   -1.73    2.09    0.00000   -40.11  LINEAR    6.27552E-01   -91.80    5.28590E-01    88.20
 -170.00   230.00      -0.36   -1.75    2.01    0.00000   -40.43  LINEAR    6.18526E-01   -91.80    5.27012E-01    88.20
 -165.00   230.00      -0.57   -1.80    1.87    0.00000   -40.98  LINEAR    6.03708E-01   -91.79    5.24441E-01    88.21
 -160.00   230.00      -0.87   -1.85    1.68    0.00000   -41.76  LINEAR    5.83421E-01   -91.78    5.20967E-01    88.22
 -155.00   230.00      -1.26   -1.93    1.43    0.00000   -42.79  LINEAR    5.58092E-01   -91.77    5.16706E-01    88.23
 -150.00   230.00      -1.73   -2.01    1.14    0.00000   -44.10  LINEAR    5.28226E-01   -91.76    5.11802E-01    88.24
 -145.00   230.00      -2.31   -2.10    0.81    0.00000   -45.69  LINEAR    4.94377E-01   -91.75    5.06416E-01    88.25
 -140.00   230.00      -2.99   -2.20    0.43    0.00000   -47.61  LINEAR    4.57126E-01   -91.74    5.00720E-01    88.26
 -135.00   230.00      -3.79   -2.30    0.03    0.00000   -49.88  LINEAR    4.17046E-01   -91.72    4.94895E-01    88.28
 -130.00   230.00      -4.72   -2.40   -0.40    0.00000   -52.55  LINEAR    3.74686E-01   -91.71    4.89118E-01    88.29
 -125.00   230.00      -5.81   -2.50   -0.84    0.00000   -55.64  LINEAR    3.30545E-01   -91.69    4.83563E-01    88.31
 -120.00   230.00      -7.09   -2.59   -1.27    0.00000   -59.21  LINEAR    2.85063E-01   -91.68    4.78392E-01    88.32
 -115.00   230.00      -8.64   -2.68   -1.70    0.00000   -63.27  LINEAR    2.38609E-01   -91.67    4.73752E-01    88.33
 -110.00   230.00     -10.55   -2.75   -2.08    0.00000   -67.82  LINEAR    1.91481E-01   -91.66    4.69773E-01    88.34
 -105.00   230.00     -13.03   -2.81   -2.42    0.00000   -72.86  LINEAR    1.43911E-01   -91.65    4.66563E-01    88.35
 -100.00   230.00     -16.54   -2.86   -2.67    0.00000   -78.31  LINEAR    9.60660E-02   -91.64    4.64208E-01    88.36
  -95.00   230.00     -22.55   -2.88   -2.84    0.00000   -84.07  LINEAR    4.80671E-02   -91.64    4.62770E-01    88.36
  -90.00   230.00    -999.99   -2.89   -2.89    0.00000   -90.00  LINEAR    2.81163E-12   -91.64    4.62287E-01    88.36
  -85.00   230.00     -22.55   -2.88   -2.84    0.00000    84.07  LINEAR    4.80671E-02    88.36    4.62770E-01    88.36
  -80.00   230.00     -16.54   -2.86   -2.67    0.00000    78.31  LINEAR    9.60660E-02    88.36    4.64208E-01    88.36
  -75.00   230.00     -13.03   -2.81   -2.42    0.00000    72.86  LINEAR    1.43911E-01    88.35    4.66563E-01    88.35
  -70.00   230.00     -10.55   -2.75   -2.08    0.00000    67.82  LINEAR    1.91481E-01    88.34    4.69773E-01    88.34
  -65.00   230.00      -8.64   -2.68   -1.70    0.00000    63.27  LINEAR    2.38609E-01    88.33    4.73752E-01    88.33
  -60.00   230.00      -7.09   -2.59   -1.27    0.00000    59.21  LINEAR    2.85063E-01    88.32    4.78392E-01    88.32
  -55.00   230.00      -5.81   -2.50   -0.84    0.00000    55.64  LINEAR    3.30545E-01    88.31    4.83563E-01    88.31
  -50.00   230.00      -4.72   -2.40   -0.40    0.00000    52.55  LINEAR    3.74686E-01    88.29    4.89118E-01    88.29
  -45.00   230.00      -3.79   -2.30    0.03    0.00000    49.88  LINEAR    4.17046E-01    88.28    4.94895E-01    88.28
  -40.00   230.00      -2.99   -2.20    0.43    0.00000    47.61  LINEAR    4.57126E-01    88.26    5.00720E-01    88.26
  -35.00   230.00      -2.31   -2.10    0.81    0.00000    45.69  LINEAR    4.94377E-01    88.25    5.06416E-01    88.25
  -30.00   230.00      -1.73   -2.01    1.14    0.00000    44.10  LINEAR    5.28226E-01    88.24    5.11802E-01    88.24
  -25.00   230.00      -1.26   -1.93    1.43    0.00000    42.79  LINEAR    5.58092E-01    88.23    5.16706E-01    88.23
  -20.00   230.00      -0.87   -1.85    1.68    0.00000    41.76  LINEAR    5.83421E-01    88.22    5.20967E-01    88.22
  -15.00   230.00      -0.57   -1.80    1.87    0.00000    40.98  LINEAR    6.03708E-01    88.21    5.24441E-01    88.21
  -10.00   230.00      -0.36   -1.75    2.01    0.00000    40.43  LINEAR    6.18526E-01    88.20    5.27012E-01    88.20
   -5.00   230.00      -0.24   -1.73    2.09    0.00000    40.11  LINEAR    6.27552E-01    88.20    5.28590E-01    88.20
    0.00   230.00      -0.20   -1.72    2.12    0.00000    40.00  LINEAR    6.30584E-01    88.20    5.29123E-01    88.20
 -180.00   235.00       0.39   -2.71    2.12    0.00000   -35.00  LINEAR    6.74301E-01   -91.80    4.72150E-01    88.20
 -175.00   235.00       0.34   -2.72    2.09    0.00000   -35.10  LINEAR    6.70962E-01   -91.80    4.71607E-01    88.20
 -170.00   235.00       0.21   -2.75    1.99    0.00000   -35.41  LINEAR    6.61027E-01   -91.80    4.69997E-01    88.20
 -165.00   235.00       0.00   -2.80    1.83    0.00000   -35.94  LINEAR    6.44737E-01   -91.79    4.67375E-01    88.21
 -160.00   235.00      -0.31   -2.86    1.61    0.00000   -36.69  LINEAR    6.22476E-01   -91.78    4.63835E-01    88.22
 -155.00   235.00      -0.70   -2.94    1.33    0.00000   -37.69  LINEAR    5.94746E-01   -91.77    4.59497E-01    88.23
 -150.00   235.00      -1.19   -3.04    0.99    0.00000   -38.96  LINEAR    5.62141E-01   -91.76    4.54508E-01    88.24
 -145.00   235.00      -1.78   -3.14    0.60    0.00000   -40.52  LINEAR    5.25312E-01   -91.74    4.49034E-01    88.26
 -140.00   235.00      -2.48   -3.26    0.16    0.00000   -42.43  LINEAR    4.84929E-01   -91.73    4.43252E-01    88.27
 -135.00   235.00      -3.29   -3.37   -0.32    0.00000   -44.72  LINEAR    4.41655E-01   -91.71    4.37346E-01    88.29
 -130.00   235.00      -4.23   -3.49   -0.84    0.00000   -47.45  LINEAR    3.96112E-01   -91.69    4.31496E-01    88.31
 -125.00   235.00      -5.34   -3.60   -1.37    0.00000   -50.68  LINEAR    3.48858E-01   -91.68    4.25878E-01    88.32
 -120.00   235.00      -6.64   -3.71   -1.92    0.00000   -54.47  LINEAR    3.00378E-01   -91.66    4.20654E-01    88.34
 -115.00   235.00      -8.19   -3.81   -2.46    0.00000   -58.89  LINEAR    2.51064E-01   -91.65    4.15972E-01    88.35
 -110.00   235.00     -10.12   -3.89   -2.96    0.00000   -63.97  LINEAR    2.01224E-01   -91.64    4.11960E-01    88.36
 -105.00   235.00     -12.61   -3.96   -3.41    0.00000   -69.71  LINEAR    1.51078E-01   -91.63    4.08726E-01    88.37
 -100.00   235.00     -16.12   -4.01   -3.75    0.00000   -76.07  LINEAR    1.00774E-01   -91.62    4.06355E-01    88.38
  -95.00   235.00     -22.14   -4.04   -3.98    0.00000   -82.90  LINEAR    5.03994E-02   -91.61    4.04908E-01    88.39
  -90.00   235.00    -999.99   -4.05   -4.05    0.00000   -90.00  LINEAR    2.94760E-12   -91.61    4.04421E-01    88.39
  -85.00   235.00     -22.14   -4.04   -3.98    0.00000    82.90  LINEAR    5.03994E-02    88.39    4.04908E-01    88.39
  -80.00   235.00     -16.12   -4.01   -3.75    0.00000    76.07  LINEAR    1.00774E-01    88.38    4.06355E-01    88.38
  -75.00   235.00     -12.61   -3.96   -3.41    0.00000    69.71  LINEAR    1.51078E-01    88.37    4.08726E-01    88.37
  -70.00   235.00     -10.12   -3.89   -2.96    0.00000    63.97  LINEAR    2.01224E-01    88.36    4.11960E-01    88.36
  -65.00   235.00      -8.19   -3.81   -2.46    0.00000    58.89  LINEAR    2.51064E-01    88.35    4.15972E-01    88.35
  -60.00   235.00      -6.64   -3.71   -1.92    0.00000    54.47  LINEAR    3.00378E-01    88.34    4.20654E-01    88.34
  -55.00   235.00      -5.34   -3.60   -1.37    0.00000    50.68  LINEAR    3.48858E-01    88.32    4.25878E-01    88.32
  -50.00   235.00      -4.23   -3.49   -0.84    0.00000    47.45  LINEAR    3.96112E-01    88.31    4.31496E-01    88.31
  -45.00   235.00      -3.29   -3.37   -0.32    0.00000    44.72  LINEAR    4.41655E-01    88.29    4.37346E-01    88.29
  -40.00   235.00      -2.48   -3.26    0.16    0.00000    42.43  LINEAR    4.84929E-01    88.27    4.43252E-01    88.27
  -35.00   235.00      -1.78   -3.14    0.60    0.00000    40.52  LINEAR    5.25312E-01    88.26    4.49034E-01    88.26
  -30.00   235.00      -1.19   -3.04    0.99    0.00000    38.96  LINEAR    5.62141E-01    88.24    4.54508E-01    88.24
  -25.00   235.00      -0.70   -2.94    1.33    0.00000    37.69  LINEAR    5.94746E-01    88.23    4.59497E-01    88.23
  -20.00   235.00      -0.31   -2.86    1.61    0.00000    36.69  LINEAR    6.22476E-01    88.22    4.63835E-01    88.22
  -15.00   235.00       0.00   -2.80    1.83    0.00000    35.94  LINEAR    6.44737E-01    88.21    4.67375E-01    88.21
  -10.00   235.00       0.21   -2.75    1.99    0.00000    35.41  LINEAR    6.61027E-01    88.20    4.69997E-01    88.20
   -5.00   235.00       0.34   -2.72    2.09    0.00000    35.10  LINEAR    6.70962E-01    88.20    4.71607E-01    88.20
    0.00   235.00       0.39   -2.71    2.12    0.00000    35.00  LINEAR    6.74301E-01    88.20    4.72150E-01    88.20
 -180.00   240.00       0.87   -3.90    2.12    0.00000   -30.00  LINEAR    7.12885E-01   -91.80    4.11585E-01    88.20
 -175.00   240.00       0.83   -3.91    2.08    0.00000   -30.09  LINEAR    7.09259E-01   -91.80    4.11055E-01    88.20
 -170.00   240.00       0.69   -3.95    1.98    0.00000   -30.38  LINEAR    6.98476E-01   -91.80    4.09486E-01    88.20
 -165.00   240.00       0.47   -4.00    1.80    0.00000   -30.87  LINEAR    6.80814E-01   -91.79    4.06934E-01    88.21
 -160.00   240.00       0.16   -4.07    1.55    0.00000   -31.57  LINEAR    6.56716E-01   -91.78    4.03489E-01    88.22
 -155.00   240.00      -0.25   -4.16    1.23    0.00000   -32.50  LINEAR    6.26762E-01   -91.77    3.99270E-01    88.23
 -150.00   240.00      -0.75   -4.27    0.85    0.00000   -33.69  LINEAR    5.91634E-01   -91.75    3.94423E-01    88.25
 -145.00   240.00      -1.35   -4.39    0.40    0.00000   -35.18  LINEAR    5.52073E-01   -91.74    3.89109E-01    88.26
 -140.00   240.00      -2.06   -4.51   -0.10    0.00000   -37.00  LINEAR    5.08843E-01   -91.72    3.83503E-01    88.28
 -135.00   240.00      -2.88   -4.65   -0.67    0.00000   -39.23  LINEAR    4.62687E-01   -91.70    3.77782E-01    88.30
 -130.00   240.00      -3.84   -4.78   -1.27    0.00000   -41.93  LINEAR    4.14300E-01   -91.68    3.72123E-01    88.32
 -125.00   240.00      -4.96   -4.90   -1.92    0.00000   -45.19  LINEAR    3.64297E-01   -91.66    3.66694E-01    88.34
 -120.00   240.00      -6.27   -5.02   -2.59    0.00000   -49.11  LINEAR    3.13199E-01   -91.64    3.61651E-01    88.36
 -115.00   240.00      -7.84   -5.13   -3.27    0.00000   -53.80  LINEAR    2.61422E-01   -91.63    3.57136E-01    88.37
 -110.00   240.00      -9.78   -5.23   -3.92    0.00000   -59.36  LINEAR    2.09277E-01   -91.61    3.53271E-01    88.39
 -105.00   240.00     -12.27   -5.30   -4.51    0.00000   -65.85  LINEAR    1.56972E-01   -91.60    3.50158E-01    88.40
 -100.00   240.00     -15.80   -5.36   -4.99    0.00000   -73.26  LINEAR    1.04630E-01   -91.59    3.47877E-01    88.41
  -95.00   240.00     -21.82   -5.40   -5.30    0.00000   -81.42  LINEAR    5.23047E-02   -91.59    3.46485E-01    88.41
  -90.00   240.00    -999.99   -5.41   -5.41    0.00000   -90.00  LINEAR    3.05857E-12   -91.59    3.46017E-01    88.41
  -85.00   240.00     -21.82   -5.40   -5.30    0.00000    81.42  LINEAR    5.23047E-02    88.41    3.46485E-01    88.41
  -80.00   240.00     -15.80   -5.36   -4.99    0.00000    73.26  LINEAR    1.04630E-01    88.41    3.47877E-01    88.41
  -75.00   240.00     -12.27   -5.30   -4.51    0.00000    65.85  LINEAR    1.56972E-01    88.40    3.50158E-01    88.40
  -70.00   240.00      -9.78   -5.23   -3.92    0.00000    59.36  LINEAR    2.09277E-01    88.39    3.53271E-01    88.39
  -65.00   240.00      -7.84   -5.13   -3.27    0.00000    53.80  LINEAR    2.61422E-01    88.37    3.57136E-01    88.37
  -60.00   240.00      -6.27   -5.02   -2.59    0.00000    49.11  LINEAR    3.13199E-01    88.36    3.61651E-01    88.36
  -55.00   240.00      -4.96   -4.90   -1.92    0.00000    45.19  LINEAR    3.64297E-01    88.34    3.66694E-01    88.34
  -50.00   240.00      -3.84   -4.78   -1.27    0.00000    41.93  LINEAR    4.14300E-01    88.32    3.72123E-01    88.32
  -45.00   240.00      -2.88   -4.65   -0.67    0.00000    39.23  LINEAR    4.62687E-01    88.30    3.77782E-01    88.30
  -40.00   240.00      -2.06   -4.51   -0.10    0.00000    37.00  LINEAR    5.08843E-01    88.28    3.83503E-01    88.28
  -35.00   240.00      -1.35   -4.39    0.40    0.00000    35.18  LINEAR    5.52073E-01    88.26    3.89109E-01    88.26
  -30.00   240.00      -0.75   -4.27    0.85    0.00000    33.69  LINEAR    5.91634E-01    88.25    3.94423E-01    88.25
  -25.00   240.00      -0.25   -4.16    1.23    0.00000    32.50  LINEAR    6.26762E-01    88.23    3.99270E-01    88.23
  -20.00   240.00       0.16   -4.07    1.55    0.00000    31.57  LINEAR    6.56716E-01    88.22    4.03489E-01    88.22
  -15.00   240.00       0.47   -4.00    1.80    0.00000    30.87  LINEAR    6.80814E-01    88.21    4.06934E-01    88.21
  -10.00   240.00       0.69   -3.95    1.98    0.00000    30.38  LINEAR    6.98476E-01    88.20    4.09486E-01    88.20
   -5.00   240.00       0.83   -3.91    2.08    0.00000    30.09  LINEAR    7.09259E-01    88.20    4.11055E-01    88.20
    0.00   240.00       0.87   -3.90    2.12    0.00000    30.00  LINEAR    7.12885E-01    88.20    4.11585E-01    88.20
 -180.00   245.00       1.27   -5.36    2.12    0.00000   -25.00  LINEAR    7.46044E-01   -91.80    3.47886E-01    88.20
 -175.00   245.00       1.22   -5.37    2.08    0.00000   -25.08  LINEAR    7.42159E-01   -91.80    3.47396E-01    88.20
 -170.00   245.00       1.08   -5.41    1.96    0.00000   -25.34  LINEAR    7.30609E-01   -91.80    3.45944E-01    88.20
 -165.00   245.00       0.86   -5.47    1.77    0.00000   -25.77  LINEAR    7.11710E-01   -91.79    3.43583E-01    88.21
 -160.00   245.00       0.54   -5.55    1.49    0.00000   -26.39  LINEAR    6.85960E-01   -91.78    3.40397E-01    88.22
 -155.00   245.00       0.12   -5.65    1.14    0.00000   -27.23  LINEAR    6.54013E-01   -91.76    3.36498E-01    88.24
 -150.00   245.00      -0.39   -5.77    0.72    0.00000   -28.30  LINEAR    6.16632E-01   -91.75    3.32023E-01    88.25
 -145.00   245.00      -1.00   -5.90    0.22    0.00000   -29.65  LINEAR    5.74646E-01   -91.73    3.27121E-01    88.27
 -140.00   245.00      -1.72   -6.03   -0.35    0.00000   -31.33  LINEAR    5.28902E-01   -91.71    3.21954E-01    88.29
 -135.00   245.00      -2.56   -6.18   -0.99    0.00000   -33.40  LINEAR    4.80222E-01   -91.69    3.16687E-01    88.31
 -130.00   245.00      -3.53   -6.32   -1.70    0.00000   -35.96  LINEAR    4.29366E-01   -91.67    3.11481E-01    88.33
 -125.00   245.00      -4.66   -6.46   -2.46    0.00000   -39.11  LINEAR    3.76998E-01   -91.65    3.06493E-01    88.35
 -120.00   245.00      -5.99   -6.59   -3.27    0.00000   -43.00  LINEAR    3.23675E-01   -91.63    3.01865E-01    88.37
 -115.00   245.00      -7.57   -6.71   -4.11    0.00000   -47.81  LINEAR    2.69830E-01   -91.61    2.97724E-01    88.39
 -110.00   245.00      -9.51   -6.82   -4.95    0.00000   -53.74  LINEAR    2.15773E-01   -91.60    2.94183E-01    88.40
 -105.00   245.00     -12.02   -6.90   -5.74    0.00000   -60.97  LINEAR    1.61701E-01   -91.58    2.91332E-01    88.42
 -100.00   245.00     -15.54   -6.96   -6.40    0.00000   -69.58  LINEAR    1.07712E-01   -91.57    2.89244E-01    88.43
  -95.00   245.00     -21.57   -7.00   -6.85    0.00000   -79.41  LINEAR    5.38235E-02   -91.57    2.87971E-01    88.43
  -90.00   245.00    -999.99   -7.02   -7.02    0.00000   -90.00  LINEAR    3.14696E-12   -91.57    2.87543E-01    88.43
  -85.00   245.00     -21.57   -7.00   -6.85    0.00000    79.41  LINEAR    5.38235E-02    88.43    2.87971E-01    88.43
  -80.00   245.00     -15.54   -6.96   -6.40    0.00000    69.58  LINEAR    1.07712E-01    88.43    2.89244E-01    88.43
  -75.00   245.00     -12.02   -6.90   -5.74    0.00000    60.97  LINEAR    1.61701E-01    88.42    2.91332E-01    88.42
  -70.00   245.00      -9.51   -6.82   -4.95    0.00000    53.74  LINEAR    2.15773E-01    88.40    2.94183E-01    88.40
  -65.00   245.00      -7.57   -6.71   -4.11    0.00000    47.81  LINEAR    2.69830E-01    88.39    2.97724E-01    88.39
  -60.00   245.00      -5.99   -6.59   -3.27    0.00000    43.00  LINEAR    3.23675E-01    88.37    3.01865E-01    88.37
  -55.00   245.00      -4.66   -6.46   -2.46    0.00000    39.11  LINEAR    3.76998E-01    88.35    3.06493E-01    88.35
  -50.00   245.00      -3.53   -6.32   -1.70    0.00000    35.96  LINEAR    4.29366E-01    88.33    3.11481E-01    88.33
  -45.00   245.00      -2.56   -6.18   -0.99    0.00000    33.40  LINEAR    4.80222E-01    88.31    3.16687E-01    88.31
  -40.00   245.00      -1.72   -6.03   -0.35    0.00000    31.33  LINEAR    5.28902E-01    88.29    3.21954E-01    88.29
  -35.00   245.00      -1.00   -5.90    0.22    0.00000    29.65  LINEAR    5.74646E-01    88.27    3.27121E-01    88.27
  -30.00   245.00      -0.39   -5.77    0.72    0.00000    28.30  LINEAR    6.16632E-01    88.25    3.32023E-01    88.25
  -25.00   245.00       0.12   -5.65    1.14    0.00000    27.23  LINEAR    6.54013E-01    88.24    3.36498E-01    88.24
  -20.00   245.00       0.54   -5.55    1.49    0.00000    26.39  LINEAR    6.85960E-01    88.22    3.40397E-01    88.22
  -15.00   245.00       0.86   -5.47    1.77    0.00000    25.77  LINEAR    7.11710E-01    88.21    3.43583E-01    88.21
  -10.00   245.00       1.08   -5.41    1.96    0.00000    25.34  LINEAR    7.30609E-01    88.20    3.45944E-01    88.20
   -5.00   245.00       1.22   -5.37    2.08    0.00000    25.08  LINEAR    7.42159E-01    88.20    3.47396E-01    88.20
    0.00   245.00       1.27   -5.36    2.12    0.00000    25.00  LINEAR    7.46044E-01    88.20    3.47886E-01    88.20
 -180.00   250.00       1.58   -7.20    2.12    0.00000   -20.00  LINEAR    7.73526E-01   -91.80    2.81540E-01    88.20
 -175.00   250.00       1.53   -7.21    2.08    0.00000   -20.07  LINEAR    7.69416E-01   -91.80    2.81114E-01    88.20
 -170.00   250.00       1.39   -7.25    1.95    0.00000   -20.28  LINEAR    7.57204E-01   -91.79    2.79851E-01    88.21
 -165.00   250.00       1.16   -7.32    1.74    0.00000   -20.65  LINEAR    7.37236E-01   -91.79    2.77798E-01    88.21
 -160.00   250.00       0.84   -7.40    1.44    0.00000   -21.17  LINEAR    7.10064E-01   -91.77    2.75028E-01    88.23
 -155.00   250.00       0.41   -7.51    1.06    0.00000   -21.88  LINEAR    6.76405E-01   -91.76    2.71642E-01    88.24
 -150.00   250.00      -0.11   -7.64    0.60    0.00000   -22.80  LINEAR    6.37095E-01   -91.74    2.67756E-01    88.26
 -145.00   250.00      -0.73   -7.77    0.05    0.00000   -23.96  LINEAR    5.93043E-01   -91.72    2.63504E-01    88.28
 -140.00   250.00      -1.46   -7.92   -0.58    0.00000   -25.41  LINEAR    5.45169E-01   -91.70    2.59026E-01    88.30
 -135.00   250.00      -2.31   -8.08   -1.29    0.00000   -27.24  LINEAR    4.94364E-01   -91.68    2.54465E-01    88.32
 -130.00   250.00      -3.29   -8.23   -2.08    0.00000   -29.52  LINEAR    4.41443E-01   -91.66    2.49961E-01    88.34
 -125.00   250.00      -4.43   -8.38   -2.96    0.00000   -32.40  LINEAR    3.87116E-01   -91.64    2.45649E-01    88.36
 -120.00   250.00      -5.77   -8.53   -3.92    0.00000   -36.05  LINEAR    3.31966E-01   -91.61    2.41652E-01    88.39
 -115.00   250.00      -7.36   -8.66   -4.95    0.00000   -40.74  LINEAR    2.76441E-01   -91.60    2.38079E-01    88.40
 -110.00   250.00      -9.31   -8.77   -6.02    0.00000   -46.78  LINEAR    2.20851E-01   -91.58    2.35025E-01    88.42
 -105.00   250.00     -11.82   -8.86   -7.08    0.00000   -54.58  LINEAR    1.65379E-01   -91.56    2.32568E-01    88.44
 -100.00   250.00     -15.35   -8.93   -8.04    0.00000   -64.49  LINEAR    1.10099E-01   -91.55    2.30769E-01    88.45
  -95.00   250.00     -21.38   -8.97   -8.73    0.00000   -76.53  LINEAR    5.49970E-02   -91.55    2.29673E-01    88.45
  -90.00   250.00    -999.99   -8.98   -8.98    0.00000   -90.00  LINEAR    3.21519E-12   -91.55    2.29304E-01    88.45
  -85.00   250.00     -21.38   -8.97   -8.73    0.00000    76.53  LINEAR    5.49970E-02    88.45    2.29673E-01    88.45
  -80.00   250.00     -15.35   -8.93   -8.04    0.00000    64.49  LINEAR    1.10099E-01    88.45    2.30769E-01    88.45
  -75.00   250.00     -11.82   -8.86   -7.08    0.00000    54.58  LINEAR    1.65379E-01    88.44    2.32568E-01    88.44
  -70.00   250.00      -9.31   -8.77   -6.02    0.00000    46.78  LINEAR    2.20851E-01    88.42    2.35025E-01    88.42
  -65.00   250.00      -7.36   -8.66   -4.95    0.00000    40.74  LINEAR    2.76441E-01    88.40    2.38079E-01    88.40
  -60.00   250.00      -5.77   -8.53   -3.92    0.00000    36.05  LINEAR    3.31966E-01    88.39    2.41652E-01    88.39
  -55.00   250.00      -4.43   -8.38   -2.96    0.00000    32.40  LINEAR    3.87116E-01    88.36    2.45649E-01    88.36
  -50.00   250.00      -3.29   -8.23   -2.08    0.00000    29.52  LINEAR    4.41443E-01    88.34    2.49961E-01    88.34
  -45.00   250.00      -2.31   -8.08   -1.29    0.00000    27.24  LINEAR    4.94364E-01    88.32    2.54465E-01    88.32
  -40.00   250.00      -1.46   -7.92   -0.58    0.00000    25.41  LINEAR    5.45169E-01    88.30    2.59026E-01    88.30
  -35.00   250.00      -0.73   -7.77    0.05    0.00000    23.96  LINEAR    5.93043E-01    88.28    2.63504E-01    88.28
  -30.00   250.00      -0.11   -7.64    0.60    0.00000    22.80  LINEAR    6.37095E-01    88.26    2.67756E-01    88.26
  -25.00   250.00       0.41   -7.51    1.06    0.00000    21.88  LINEAR    6.76405E-01    88.24    2.71642E-01    88.24
  -20.00   250.00       0.84   -7.40    1.44    0.00000    21.17  LINEAR    7.10064E-01    88.23    2.75028E-01    88.23
  -15.00   250.00       1.16   -7.32    1.74    0.00000    20.65  LINEAR    7.37236E-01    88.21    2.77798E-01    88.21
  -10.00   250.00       1.39   -7.25    1.95    0.00000    20.28  LINEAR    7.57204E-01    88.21    2.79851E-01    88.21
   -5.00   250.00       1.53   -7.21    2.08    0.00000    20.07  LINEAR    7.69416E-01    88.20    2.81114E-01    88.20
    0.00   250.00       1.58   -7.20    2.12    0.00000    20.00  LINEAR    7.73526E-01    88.20    2.81540E-01    88.20
 -180.00   255.00       1.82   -9.62    2.12    0.00000   -15.00  LINEAR    7.95120E-01   -91.80    2.13052E-01    88.20
 -175.00   255.00       1.77   -9.63    2.07    0.00000   -15.05  LINEAR    7.90828E-01   -91.80    2.12711E-01    88.20
 -170.00   255.00       1.63   -9.68    1.94    0.00000   -15.22  LINEAR    7.78077E-01   -91.79    2.11701E-01    88.21
 -165.00   255.00       1.39   -9.74    1.72    0.00000   -15.50  LINEAR    7.57243E-01   -91.79    2.10060E-01    88.21
 -160.00   255.00       1.06   -9.84    1.40    0.00000   -15.92  LINEAR    7.28917E-01   -91.77    2.07848E-01    88.23
 -155.00   255.00       0.64   -9.95    1.00    0.00000   -16.47  LINEAR    6.93873E-01   -91.76    2.05143E-01    88.24
 -150.00   255.00       0.11  -10.08    0.51    0.00000   -17.19  LINEAR    6.53009E-01   -91.74    2.02042E-01    88.26
 -145.00   255.00      -0.52  -10.23   -0.08    0.00000   -18.11  LINEAR    6.07296E-01   -91.72    1.98650E-01    88.28
 -140.00   255.00      -1.26  -10.39   -0.76    0.00000   -19.28  LINEAR    5.57718E-01   -91.70    1.95080E-01    88.30
 -135.00   255.00      -2.12  -10.55   -1.54    0.00000   -20.75  LINEAR    5.05220E-01   -91.67    1.91447E-01    88.33
 -130.00   255.00      -3.11  -10.71   -2.42    0.00000   -22.63  LINEAR    4.50666E-01   -91.65    1.87862E-01    88.35
 -125.00   255.00      -4.26  -10.87   -3.41    0.00000   -25.04  LINEAR    3.94799E-01   -91.63    1.84432E-01    88.37
 -120.00   255.00      -5.61  -11.02   -4.51    0.00000   -28.19  LINEAR    3.38227E-01   -91.60    1.81255E-01    88.40
 -115.00   255.00      -7.20  -11.16   -5.74    0.00000   -32.38  LINEAR    2.81405E-01   -91.58    1.78417E-01    88.42
 -110.00   255.00      -9.16  -11.28   -7.08    0.00000   -38.08  LINEAR    2.24643E-01   -91.56    1.75992E-01    88.44
 -105.00   255.00     -11.68  -11.38   -8.51    0.00000   -45.99  LINEAR    1.68113E-01   -91.55    1.74043E-01    88.45
 -100.00   255.00     -15.22  -11.45   -9.93    0.00000   -57.05  LINEAR    1.11866E-01   -91.54    1.72616E-01    88.46
  -95.00   255.00     -21.25  -11.49  -11.06    0.00000   -71.98  LINEAR    5.58640E-02   -91.53    1.71747E-01    88.47
  -90.00   255.00    -999.99  -11.51  -11.51    0.00000   -90.00  LINEAR    3.26556E-12   -91.53    1.71455E-01    88.47
  -85.00   255.00     -21.25  -11.49  -11.06    0.00000    71.98  LINEAR    5.58640E-02    88.47    1.71747E-01    88.47
  -80.00   255.00     -15.22  -11.45   -9.93    0.00000    57.05  LINEAR    1.11866E-01    88.46    1.72616E-01    88.46
  -75.00   255.00     -11.68  -11.38   -8.51    0.00000    45.99  LINEAR    1.68113E-01    88.45    1.74043E-01    88.45
  -70.00   255.00      -9.16  -11.28   -7.08    0.00000    38.08  LINEAR    2.24643E-01    88.44    1.75992E-01    88.44
  -65.00   255.00      -7.20  -11.16   -5.74    0.00000    32.38  LINEAR    2.81405E-01    88.42    1.78417E-01    88.42
  -60.00   255.00      -5.61  -11.02   -4.51    0.00000    28.19  LINEAR    3.38227E-01    88.40    1.81255E-01    88.40
  -55.00   255.00      -4.26  -10.87   -3.41    0.00000    25.04  LINEAR    3.94799E-01    88.37    1.84432E-01    88.37
  -50.00   255.00      -3.11  -10.71   -2.42    0.00000    22.63  LINEAR    4.50666E-01    88.35    1.87862E-01    88.35
  -45.00   255.00      -2.12  -10.55   -1.54    0.00000    20.75  LINEAR    5.05220E-01    88.33    1.91447E-01    88.33
  -40.00   255.00      -1.26  -10.39   -0.76    0.00000    19.28  LINEAR    5.57718E-01    88.30    1.95080E-01    88.30
  -35.00   255.00      -0.52  -10.23   -0.08    0.00000    18.11  LINEAR    6.07296E-01    88.28    1.98650E-01    88.28
  -30.00   255.00       0.11  -10.08    0.51    0.00000    17.19  LINEAR    6.53009E-01    88.26    2.02042E-01    88.26
  -25.00   255.00       0.64   -9.95    1.00    0.00000    16.47  LINEAR    6.93873E-01    88.24    2.05143E-01    88.24
  -20.00   255.00       1.06   -9.84    1.40    0.00000    15.92  LINEAR    7.28917E-01    88.23    2.07848E-01    88.23
  -15.00   255.00       1.39   -9.74    1.72    0.00000    15.50  LINEAR    7.57243E-01    88.21    2.10060E-01    88.21
  -10.00   255.00       1.63   -9.68    1.94    0.00000    15.22  LINEAR    7.78077E-01    88.21    2.11701E-01    88.21
   -5.00   255.00       1.77   -9.63    2.07    0.00000    15.05  LINEAR    7.90828E-01    88.20    2.12711E-01    88.20
    0.00   255.00       1.82   -9.62    2.12    0.00000    15.00  LINEAR    7.95120E-01    88.20    2.13052E-01    88.20
 -180.00   260.00       1.99  -13.09    2.12    0.00000   -10.00  LINEAR    8.10663E-01   -91.80    1.42942E-01    88.20
 -175.00   260.00       1.94  -13.10    2.07    0.00000   -10.04  LINEAR    8.06236E-01   -91.80    1.42704E-01    88.20
 -170.00   260.00       1.80  -13.14    1.93    0.00000   -10.15  LINEAR    7.93088E-01   -91.79    1.42000E-01    88.21
 -165.00   260.00       1.56  -13.21    1.70    0.00000   -10.35  LINEAR    7.71614E-01   -91.78    1.40856E-01    88.22
 -160.00   260.00       1.22  -13.31    1.37    0.00000   -10.63  LINEAR    7.42438E-01   -91.77    1.39314E-01    88.23
 -155.00   260.00       0.79  -13.43    0.95    0.00000   -11.01  LINEAR    7.06375E-01   -91.76    1.37429E-01    88.24
 -150.00   260.00       0.26  -13.57    0.43    0.00000   -11.51  LINEAR    6.64370E-01   -91.74    1.35269E-01    88.26
 -145.00   260.00      -0.38  -13.72   -0.18    0.00000   -12.15  LINEAR    6.17441E-01   -91.72    1.32908E-01    88.28
 -140.00   260.00      -1.12  -13.88   -0.90    0.00000   -12.96  LINEAR    5.66619E-01   -91.69    1.30424E-01    88.31
 -135.00   260.00      -1.99  -14.05   -1.73    0.00000   -14.00  LINEAR    5.12892E-01   -91.67    1.27897E-01    88.33
 -130.00   260.00      -2.99  -14.22   -2.67    0.00000   -15.34  LINEAR    4.57156E-01   -91.64    1.25405E-01    88.36
 -125.00   260.00      -4.14  -14.39   -3.75    0.00000   -17.09  LINEAR    4.00182E-01   -91.62    1.23023E-01    88.38
 -120.00   260.00      -5.49  -14.55   -4.99    0.00000   -19.43  LINEAR    3.42592E-01   -91.59    1.20816E-01    88.41
 -115.00   260.00      -7.10  -14.69   -6.40    0.00000   -22.65  LINEAR    2.84850E-01   -91.57    1.18847E-01    88.43
 -110.00   260.00      -9.06  -14.81   -8.04    0.00000   -27.27  LINEAR    2.27263E-01   -91.55    1.17165E-01    88.45
 -105.00   260.00     -11.58  -14.92   -9.93    0.00000   -34.27  LINEAR    1.69994E-01   -91.54    1.15813E-01    88.46
 -100.00   260.00     -15.12  -14.99  -12.05    0.00000   -45.44  LINEAR    1.13079E-01   -91.53    1.14824E-01    88.47
  -95.00   260.00     -21.16  -15.04  -14.09    0.00000   -63.70  LINEAR    5.64576E-02   -91.52    1.14221E-01    88.48
  -90.00   260.00    -999.99  -15.05  -15.05    0.00000   -90.00  LINEAR    3.30002E-12   -91.52    1.14018E-01    88.48
  -85.00   260.00     -21.16  -15.04  -14.09    0.00000    63.70  LINEAR    5.64576E-02    88.48    1.14221E-01    88.48
  -80.00   260.00     -15.12  -14.99  -12.05    0.00000    45.44  LINEAR    1.13079E-01    88.47    1.14824E-01    88.47
  -75.00   260.00     -11.58  -14.92   -9.93    0.00000    34.27  LINEAR    1.69994E-01    88.46    1.15813E-01    88.46
  -70.00   260.00      -9.06  -14.81   -8.04    0.00000    27.27  LINEAR    2.27263E-01    88.45    1.17165E-01    88.45
  -65.00   260.00      -7.10  -14.69   -6.40    0.00000    22.65  LINEAR    2.84850E-01    88.43    1.18847E-01    88.43
  -60.00   260.00      -5.49  -14.55   -4.99    0.00000    19.43  LINEAR    3.42592E-01    88.41    1.20816E-01    88.41
  -55.00   260.00      -4.14  -14.39   -3.75    0.00000    17.09  LINEAR    4.00182E-01    88.38    1.23023E-01    88.38
  -50.00   260.00      -2.99  -14.22   -2.67    0.00000    15.34  LINEAR    4.57156E-01    88.36    1.25405E-01    88.36
  -45.00   260.00      -1.99  -14.05   -1.73    0.00000    14.00  LINEAR    5.12892E-01    88.33    1.27897E-01    88.33
  -40.00   260.00      -1.12  -13.88   -0.90    0.00000    12.96  LINEAR    5.66619E-01    88.31    1.30424E-01    88.31
  -35.00   260.00      -0.38  -13.72   -0.18    0.00000    12.15  LINEAR    6.17441E-01    88.28    1.32908E-01    88.28
  -30.00   260.00       0.26  -13.57    0.43    0.00000    11.51  LINEAR    6.64370E-01    88.26    1.35269E-01    88.26
  -25.00   260.00       0.79  -13.43    0.95    0.00000    11.01  LINEAR    7.06375E-01    88.24    1.37429E-01    88.24
  -20.00   260.00       1.22  -13.31    1.37    0.00000    10.63  LINEAR    7.42438E-01    88.23    1.39314E-01    88.23
  -15.00   260.00       1.56  -13.21    1.70    0.00000    10.35  LINEAR    7.71614E-01    88.22    1.40856E-01    88.22
  -10.00   260.00       1.80  -13.14    1.93    0.00000    10.15  LINEAR    7.93088E-01    88.21    1.42000E-01    88.21
   -5.00   260.00       1.94  -13.10    2.07    0.00000    10.04  LINEAR    8.06236E-01    88.20    1.42704E-01    88.20
    0.00   260.00       1.99  -13.09    2.12    0.00000    10.00  LINEAR    8.10663E-01    88.20    1.42942E-01    88.20
 -180.00   265.00       2.09  -19.07    2.12    0.00000    -5.00  LINEAR    8.20037E-01   -91.80    7.17439E-02    88.20
 -175.00   265.00       2.04  -19.09    2.07    0.00000    -5.02  LINEAR    8.15526E-01   -91.80    7.16219E-02    88.20
 -170.00   265.00       1.89  -19.13    1.93    0.00000    -5.08  LINEAR    8.02134E-01   -91.79    7.12603E-02    88.21
 -165.00   265.00       1.65  -19.21    1.69    0.00000    -5.18  LINEAR    7.80268E-01   -91.78    7.06727E-02    88.22
 -160.00   265.00       1.32  -19.30    1.36    0.00000    -5.32  LINEAR    7.50572E-01   -91.77    6.98809E-02    88.23
 -155.00   265.00       0.88  -19.42    0.92    0.00000    -5.51  LINEAR    7.13886E-01   -91.75    6.89136E-02    88.25
 -150.00   265.00       0.35  -19.56    0.39    0.00000    -5.77  LINEAR    6.71183E-01   -91.74    6.78051E-02    88.26
 -145.00   265.00      -0.29  -19.72   -0.24    0.00000    -6.10  LINEAR    6.23513E-01   -91.71    6.65936E-02    88.29
 -140.00   265.00      -1.04  -19.89   -0.99    0.00000    -6.52  LINEAR    5.71934E-01   -91.69    6.53197E-02    88.31
 -135.00   265.00      -1.91  -20.06   -1.85    0.00000    -7.05  LINEAR    5.17460E-01   -91.66    6.40242E-02    88.34
 -130.00   265.00      -2.92  -20.24   -2.84    0.00000    -7.75  LINEAR    4.61009E-01   -91.64    6.27471E-02    88.36
 -125.00   265.00      -4.08  -20.41   -3.98    0.00000    -8.67  LINEAR    4.03367E-01   -91.61    6.15263E-02    88.39
 -120.00   265.00      -5.43  -20.57   -5.30    0.00000    -9.92  LINEAR    3.45166E-01   -91.59    6.03963E-02    88.41
 -115.00   265.00      -7.04  -20.72   -6.85    0.00000   -11.70  LINEAR    2.86875E-01   -91.57    5.93877E-02    88.43
 -110.00   265.00      -9.00  -20.84   -8.73    0.00000   -14.35  LINEAR    2.28799E-01   -91.55    5.85266E-02    88.45
 -105.00   265.00     -11.53  -20.95  -11.06    0.00000   -18.68  LINEAR    1.71093E-01   -91.53    5.78347E-02    88.47
 -100.00   265.00     -15.07  -21.02  -14.09    0.00000   -26.74  LINEAR    1.13786E-01   -91.52    5.73286E-02    88.48
  -95.00   265.00     -21.10  -21.07  -18.08    0.00000   -45.11  LINEAR    5.68032E-02   -91.51    5.70201E-02    88.49
  -90.00   265.00    -999.99  -21.09  -21.09    0.00000   -90.00  LINEAR    3.32007E-12   -91.51    5.69165E-02    88.49
  -85.00   265.00     -21.10  -21.07  -18.08    0.00000    45.11  LINEAR    5.68032E-02    88.49    5.70201E-02    88.49
  -80.00   265.00     -15.07  -21.02  -14.09    0.00000    26.74  LINEAR    1.13786E-01    88.48    5.73286E-02    88.48
  -75.00   265.00     -11.53  -20.95  -11.06    0.00000    18.68  LINEAR    1.71093E-01    88.47    5.78347E-02    88.47
  -70.00   265.00      -9.00  -20.84   -8.73    0.00000    14.35  LINEAR    2.28799E-01    88.45    5.85266E-02    88.45
  -65.00   265.00      -7.04  -20.72   -6.85    0.00000    11.70  LINEAR    2.86875E-01    88.43    5.93877E-02    88.43
  -60.00   265.00      -5.43  -20.57   -5.30    0.00000     9.92  LINEAR    3.45166E-01    88.41    6.03963E-02    88.41
  -55.00   265.00      -4.08  -20.41   -3.98    0.00000     8.67  LINEAR    4.03367E-01    88.39    6.15263E-02    88.39
  -50.00   265.00      -2.92  -20.24   -2.84    0.00000     7.75  LINEAR    4.61009E-01    88.36    6.27471E-02    88.36
  -45.00   265.00      -1.91  -20.06   -1.85    0.00000     7.05  LINEAR    5.17460E-01    88.34    6.40242E-02    88.34
  -40.00   265.00      -1.04  -19.89   -0.99    0.00000     6.52  LINEAR    5.71934E-01    88.31    6.53197E-02    88.31
  -35.00   265.00      -0.29  -19.72   -0.24    0.00000     6.10  LINEAR    6.23513E-01    88.29    6.65936E-02    88.29
  -30.00   265.00       0.35  -19.56    0.39    0.00000     5.77  LINEAR    6.71183E-01    88.26    6.78051E-02    88.26
  -25.00   265.00       0.88  -19.42    0.92    0.00000     5.51  LINEAR    7.13886E-01    88.25    6.89136E-02    88.25
  -20.00   265.00       1.32  -19.30    1.36    0.00000     5.32  LINEAR    7.50572E-01    88.23    6.98809E-02    88.23
  -15.00   265.00       1.65  -19.21    1.69    0.00000     5.18  LINEAR    7.80268E-01    88.22    7.06727E-02    88.22
  -10.00   265.00       1.89  -19.13    1.93    0.00000     5.08  LINEAR    8.02134E-01    88.21    7.12603E-02    88.21
   -5.00   265.00       2.04  -19.09    2.07    0.00000     5.02  LINEAR    8.15526E-01    88.20    7.16219E-02    88.20
    0.00   265.00       2.09  -19.07    2.12    0.00000     5.00  LINEAR    8.20037E-01    88.20    7.17439E-02    88.20
 -180.00   270.00       2.12 -999.99    2.12    0.00000     0.00  LINEAR    8.23169E-01   -91.80    1.26029E-11   -91.80
 -175.00   270.00       2.07 -999.99    2.07    0.00000     0.00  LINEAR    8.18631E-01   -91.80    1.25813E-11   -91.80
 -170.00   270.00       1.93 -999.99    1.93    0.00000     0.00  LINEAR    8.05157E-01   -91.79    1.25173E-11   -91.79
 -165.00   270.00       1.69 -999.99    1.69    0.00000     0.00  LINEAR    7.83158E-01   -91.78    1.24133E-11   -91.78
 -160.00   270.00       1.35 -999.99    1.35    0.00000     0.00  LINEAR    7.53287E-01   -91.77    1.22732E-11   -91.77
 -155.00   270.00       0.91 -999.99    0.91    0.00000     0.00  LINEAR    7.16391E-01   -91.75    1.21020E-11   -91.75
 -150.00   270.00       0.38 -999.99    0.38    0.00000     0.00  LINEAR    6.73453E-01   -91.73    1.19058E-11   -91.73
 -145.00   270.00      -0.27 -999.99   -0.27    0.00000     0.00  LINEAR    6.25534E-01   -91.71    1.16914E-11   -91.71
 -140.00   270.00      -1.02 -999.99   -1.02    0.00000     0.00  LINEAR    5.73701E-01   -91.69    1.14661E-11   -91.69
 -135.00   270.00      -1.89 -999.99   -1.89    0.00000     0.00  LINEAR    5.18977E-01   -91.66    1.12369E-11   -91.66
 -130.00   270.00      -2.89 -999.99   -2.89    0.00000     0.00  LINEAR    4.62287E-01   -91.64    1.10110E-11   -91.64
 -125.00   270.00      -4.05 -999.99   -4.05    0.00000     0.00  LINEAR    4.04421E-01   -91.61    1.07950E-11   -91.61
 -120.00   270.00      -5.41 -999.99   -5.41    0.00000     0.00  LINEAR    3.46017E-01   -91.59    1.05952E-11   -91.59
 -115.00   270.00      -7.02 -999.99   -7.02    0.00000     0.00  LINEAR    2.87543E-01   -91.57    1.04168E-11   -91.57
 -110.00   270.00      -8.98 -999.99   -8.98    0.00000     0.00  LINEAR    2.29304E-01   -91.55    1.02646E-11   -91.55
 -105.00   270.00     -11.51 -999.99  -11.51    0.00000     0.00  LINEAR    1.71455E-01   -91.53    1.01423E-11   -91.53
 -100.00   270.00     -15.05 -999.99  -15.05    0.00000     0.00  LINEAR    1.14018E-01   -91.52    1.00528E-11   -91.52
  -95.00   270.00     -21.09 -999.99  -21.09    0.00000     0.00  LINEAR    5.69165E-02   -91.51    9.99826E-12   -91.51
  -90.00   270.00    -999.99 -999.99 -999.99    0.00000     0.00            3.32665E-12   -91.51    9.97995E-12   -91.51
  -85.00   270.00     -21.09 -999.99  -21.09    0.00000     0.00  LINEAR    5.69165E-02    88.49    9.99826E-12   -91.51
  -80.00   270.00     -15.05 -999.99  -15.05    0.00000     0.00  LINEAR    1.14018E-01    88.48    1.00528E-11   -91.52
  -75.00   270.00     -11.51 -999.99  -11.51    0.00000     0.00  LINEAR    1.71455E-01    88.47    1.01423E-11   -91.53
  -70.00   270.00      -8.98 -999.99   -8.98    0.00000     0.00  LINEAR    2.29304E-01    88.45    1.02646E-11   -91.55
  -65.00   270.00      -7.02 -999.99   -7.02    0.00000     0.00  LINEAR    2.87543E-01    88.43    1.04168E-11   -91.57
  -60.00   270.00      -5.41 -999.99   -5.41    0.00000     0.00  LINEAR    3.46017E-01    88.41    1.05952E-11   -91.59
  -55.00   270.00      -4.05 -999.99   -4.05    0.00000     0.00  LINEAR    4.04421E-01    88.39    1.07950E-11   -91.61
  -50.00   270.00      -2.89 -999.99   -2.89    0.00000     0.00  LINEAR    4.62287E-01    88.36    1.10110E-11   -91.64
  -45.00   270.00      -1.89 -999.99   -1.89    0.00000     0.00  LINEAR    5.18977E-01    88.34    1.12369E-11   -91.66
  -40.00   270.00      -1.02 -999.99   -1.02    0.00000     0.00  LINEAR    5.73701E-01    88.31    1.14661E-11   -91.69
  -35.00   270.00      -0.27 -999.99   -0.27    0.00000     0.00  LINEAR    6.25534E-01    88.29    1.16914E-11   -91.71
  -30.00   270.00       0.38 -999.99    0.38    0.00000     0.00  LINEAR    6.73453E-01    88.27    1.19058E-11   -91.73
  -25.00   270.00       0.91 -999.99    0.91    0.00000     0.00  LINEAR    7.16391E-01    88.25    1.21020E-11   -91.75
  -20.00   270.00       1.35 -999.99    1.35    0.00000     0.00  LINEAR    7.53287E-01    88.23    1.22732E-11   -91.77
  -15.00   270.00       1.69 -999.99    1.69    0.00000     0.00  LINEAR    7.83158E-01    88.22    1.24133E-11   -91.78
  -10.00   270.00       1.93 -999.99    1.93    0.00000     0.00  LINEAR    8.05157E-01    88.21    1.25173E-11   -91.79
   -5.00   270.00       2.07 -999.99    2.07    0.00000     0.00  LINEAR    8.18631E-01    88.20    1.25813E-11   -91.80
    0.00   270.00       2.12 -999.99    2.12    0.00000     0.00  LINEAR    8.23169E-01    88.20    1.26029E-11   -91.80
 -180.00   275.00       2.09  -19.07    2.12    0.00000     5.00  LINEAR    8.20037E-01   -91.80    7.17439E-02   -91.80
 -175.00   275.00       2.04  -19.09    2.07    0.00000     5.02  LINEAR    8.15526E-01   -91.80    7.16219E-02   -91.80
 -170.00   275.00       1.89  -19.13    1.93    0.00000     5.08  LINEAR    8.02134E-01   -91.79    7.12603E-02   -91.79
 -165.00   275.00       1.65  -19.21    1.69    0.00000     5.18  LINEAR    7.80268E-01   -91.78    7.06727E-02   -91.78
 -160.00   275.00       1.32  -19.30    1.36    0.00000     5.32  LINEAR    7.50572E-01   -91.77    6.98809E-02   -91.77
 -155.00   275.00       0.88  -19.42    0.92    0.00000     5.51  LINEAR    7.13886E-01   -91.75    6.89136E-02   -91.75
 -150.00   275.00       0.35  -19.56    0.39    0.00000     5.77  LINEAR    6.71183E-01   -91.74    6.78051E-02   -91.74
 -145.00   275.00      -0.29  -19.72   -0.24    0.00000     6.10  LINEAR    6.23513E-01   -91.71    6.65936E-02   -91.71
 -140.00   275.00      -1.04  -19.89   -0.99    0.00000     6.52  LINEAR    5.71934E-01   -91.69    6.53197E-02   -91.69
 -135.00   275.00      -1.91  -20.06   -1.85    0.00000     7.05  LINEAR    5.17460E-01   -91.66    6.40242E-02   -91.66
 -130.00   275.00      -2.92  -20.24   -2.84    0.00000     7.75  LINEAR    4.61009E-01   -91.64    6.27471E-02   -91.64
 -125.00   275.00      -4.08  -20.41   -3.98    0.00000     8.67  LINEAR    4.03367E-01   -91.61    6.15263E-02   -91.61
 -120.00   275.00      -5.43  -20.57   -5.30    0.00000     9.92  LINEAR    3.45166E-01   -91.59    6.03963E-02   -91.59
 -115.00   275.00      -7.04  -20.72   -6.85    0.00000    11.70  LINEAR    2.86875E-01   -91.57    5.93877E-02   -91.57
 -110.00   275.00      -9.00  -20.84   -8.73    0.00000    14.35  LINEAR    2.28799E-01   -91.55    5.85266E-02   -91.55
 -105.00   275.00     -11.53  -20.95  -11.06    0.00000    18.68  LINEAR    1.71093E-01   -91.53    5.78347E-02   -91.53
 -100.00   275.00     -15.07  -21.02  -14.09    0.00000    26.74  LINEAR    1.13786E-01   -91.52    5.73286E-02   -91.52
  -95.00   275.00     -21.10  -21.07  -18.08    0.00000    45.11  LINEAR    5.68032E-02   -91.51    5.70201E-02   -91.51
  -90.00   275.00    -999.99  -21.09  -21.09    0.00000    90.00  LINEAR    3.32007E-12   -91.51    5.69165E-02   -91.51
  -85.00   275.00     -21.10  -21.07  -18.08    0.00000   -45.11  LINEAR    5.68032E-02    88.49    5.70201E-02   -91.51
  -80.00   275.00     -15.07  -21.02  -14.09    0.00000   -26.74  LINEAR    1.13786E-01    88.48    5.73286E-02   -91.52
  -75.00   275.00     -11.53  -20.95  -11.06    0.00000   -18.68  LINEAR    1.71093E-01    88.47    5.78347E-02   -91.53
  -70.00   275.00      -9.00  -20.84   -8.73    0.00000   -14.35  LINEAR    2.28799E-01    88.45    5.85266E-02   -91.55
  -65.00   275.00      -7.04  -20.72   -6.85    0.00000   -11.70  LINEAR    2.86875E-01    88.43    5.93877E-02   -91.57
  -60.00   275.00      -5.43  -20.57   -5.30    0.00000    -9.92  LINEAR    3.45166E-01    88.41    6.03963E-02   -91.59
  -55.00   275.00      -4.08  -20.41   -3.98    0.00000    -8.67  LINEAR    4.03367E-01    88.39    6.15263E-02   -91.61
  -50.00   275.00      -2.92  -20.24   -2.84    0.00000    -7.75  LINEAR    4.61009E-01    88.36    6.27471E-02   -91.64
  -45.00   275.00      -1.91  -20.06   -1.85    0.00000    -7.05  LINEAR    5.17460E-01    88.34    6.40242E-02   -91.66
  -40.00   275.00      -1.04  -19.89   -0.99    0.00000    -6.52  LINEAR    5.71934E-01    88.31    6.53197E-02   -91.69
  -35.00   275.00      -0.29  -19.72   -0.24    0.00000    -6.10  LINEAR    6.23513E-01    88.29    6.65936E-02   -91.71
  -30.00   275.00       0.35  -19.56    0.39    0.00000    -5.77  LINEAR    6.71183E-01    88.26    6.78051E-02   -91.74
  -25.00   275.00       0.88  -19.42    0.92    0.00000    -5.51  LINEAR    7.13886E-01    88.25    6.89136E-02   -91.75
  -20.00   275.00       1.32  -19.30    1.36    0.00000    -5.32  LINEAR    7.50572E-01    88.23    6.98809E-02   -91.77
  -15.00   275.00       1.65  -19.21    1.69    0.00000    -5.18  LINEAR    7.80268E-01    88.22    7.06727E-02   -91.78
  -10.00   275.00       1.89  -19.13    1.93    0.00000    -5.08  LINEAR    8.02134E-01    88.21    7.12603E-02   -91.79
   -5.00   275.00       2.04  -19.09    2.07    0.00000    -5.02  LINEAR    8.15526E-01    88.20    7.16219E-02   -91.80
    0.00   275.00       2.09  -19.07    2.12    0.00000    -5.00  LINEAR    8.20037E-01    88.20    7.17439E-02   -91.80
 -180.00   280.00       1.99  -13.09    2.12    0.00000    10.00  LINEAR    8.10663E-01   -91.80    1.42942E-01   -91.80
 -175.00   280.00       1.94  -13.10    2.07    0.00000    10.04  LINEAR    8.06236E-01   -91.80    1.42704E-01   -91.80
 -170.00   280.00       1.80  -13.14    1.93    0.00000    10.15  LINEAR    7.93088E-01   -91.79    1.42000E-01   -91.79
 -165.00   280.00       1.56  -13.21    1.70    0.00000    10.35  LINEAR    7.71614E-01   -91.78    1.40856E-01   -91.78
 -160.00   280.00       1.22  -13.31    1.37    0.00000    10.63  LINEAR    7.42438E-01   -91.77    1.39314E-01   -91.77
 -155.00   280.00       0.79  -13.43    0.95    0.00000    11.01  LINEAR    7.06375E-01   -91.76    1.37429E-01   -91.76
 -150.00   280.00       0.26  -13.57    0.43    0.00000    11.51  LINEAR    6.64370E-01   -91.74    1.35269E-01   -91.74
 -145.00   280.00      -0.38  -13.72   -0.18    0.00000    12.15  LINEAR    6.17441E-01   -91.72    1.32908E-01   -91.72
 -140.00   280.00      -1.12  -13.88   -0.90    0.00000    12.96  LINEAR    5.66619E-01   -91.69    1.30424E-01   -91.69
 -135.00   280.00      -1.99  -14.05   -1.73    0.00000    14.00  LINEAR    5.12892E-01   -91.67    1.27897E-01   -91.67
 -130.00   280.00      -2.99  -14.22   -2.67    0.00000    15.34  LINEAR    4.57156E-01   -91.64    1.25405E-01   -91.64
 -125.00   280.00      -4.14  -14.39   -3.75    0.00000    17.09  LINEAR    4.00182E-01   -91.62    1.23023E-01   -91.62
 -120.00   280.00      -5.49  -14.55   -4.99    0.00000    19.43  LINEAR    3.42592E-01   -91.59    1.20816E-01   -91.59
 -115.00   280.00      -7.10  -14.69   -6.40    0.00000    22.65  LINEAR    2.84850E-01   -91.57    1.18847E-01   -91.57
 -110.00   280.00      -9.06  -14.81   -8.04    0.00000    27.27  LINEAR    2.27263E-01   -91.55    1.17165E-01   -91.55
 -105.00   280.00     -11.58  -14.92   -9.93    0.00000    34.27  LINEAR    1.69994E-01   -91.54    1.15813E-01   -91.54
 -100.00   280.00     -15.12  -14.99  -12.05    0.00000    45.44  LINEAR    1.13079E-01   -91.53    1.14824E-01   -91.53
  -95.00   280.00     -21.16  -15.04  -14.09    0.00000    63.70  LINEAR    5.64576E-02   -91.52    1.14221E-01   -91.52
  -90.00   280.00    -999.99  -15.05  -15.05    0.00000    90.00  LINEAR    3.30002E-12   -91.52    1.14018E-01   -91.52
  -85.00   280.00     -21.16  -15.04  -14.09    0.00000   -63.70  LINEAR    5.64576E-02    88.48    1.14221E-01   -91.52
  -80.00   280.00     -15.12  -14.99  -12.05    0.00000   -45.44  LINEAR    1.13079E-01    88.47    1.14824E-01   -91.53
  -75.00   280.00     -11.58  -14.92   -9.93    0.00000   -34.27  LINEAR    1.69994E-01    88.46    1.15813E-01   -91.54
  -70.00   280.00      -9.06  -14.81   -8.04    0.00000   -27.27  LINEAR    2.27263E-01    88.45    1.17165E-01   -91.55
  -65.00   280.00      -7.10  -14.69   -6.40    0.00000   -22.65  LINEAR    2.84850E-01    88.43    1.18847E-01   -91.57
  -60.00   280.00      -5.49  -14.55   -4.99    0.00000   -19.43  LINEAR    3.42592E-01    88.41    1.20816E-01   -91.59
  -55.00   280.00      -4.14  -14.39   -3.75    0.00000   -17.09  LINEAR    4.00182E-01    88.38    1.23023E-01   -91.62
  -50.00   280.00      -2.99  -14.22   -2.67    0.00000   -15.34  LINEAR    4.57156E-01    88.36    1.25405E-01   -91.64
  -45.00   280.00      -1.99  -14.05   -1.73    0.00000   -14.00  LINEAR    5.12892E-01    88.33    1.27897E-01   -91.67
  -40.00   280.00      -1.12  -13.88   -0.90    0.00000   -12.96  LINEAR    5.66619E-01    88.31    1.30424E-01   -91.69
  -35.00   280.00      -0.38  -13.72   -0.18    0.00000   -12.15  LINEAR    6.17441E-01    88.28    1.32908E-01   -91.72
  -30.00   280.00       0.26  -13.57    0.43    0.00000   -11.51  LINEAR    6.64370E-01    88.26    1.35269E-01   -91.74
  -25.00   280.00       0.79  -13.43    0.95    0.00000   -11.01  LINEAR    7.06375E-01    88.24    1.37429E-01   -91.76
  -20.00   280.00       1.22  -13.31    1.37    0.00000   -10.63  LINEAR    7.42438E-01    88.23    1.39314E-01   -91.77
  -15.00   280.00       1.56  -13.21    1.70    0.00000   -10.35  LINEAR    7.71614E-01    88.22    1.40856E-01   -91.78
  -10.00   280.00       1.80  -13.14    1.93    0.00000   -10.15  LINEAR    7.93088E-01    88.21    1.42000E-01   -91.79
   -5.00   280.00       1.94  -13.10    2.07    0.00000   -10.04  LINEAR    8.06236E-01    88.20    1.42704E-01   -91.80
    0.00   280.00       1.99  -13.09    2.12    0.00000   -10.00  LINEAR    8.10663E-01    88.20    1.42942E-01   -91.80
 -180.00   285.00       1.82   -9.62    2.12    0.00000    15.00  LINEAR    7.95120E-01   -91.80    2.13052E-01   -91.80
 -175.00   285.00       1.77   -9.63    2.07    0.00000    15.05  LINEAR    7.90828E-01   -91.80    2.12711E-01   -91.80
 -170.00   285.00       1.63   -9.68    1.94    0.00000    15.22  LINEAR    7.78077E-01   -91.79    2.11701E-01   -91.79
 -165.00   285.00       1.39   -9.74    1.72    0.00000    15.50  LINEAR    7.57243E-01   -91.79    2.10060E-01   -91.79
 -160.00   285.00       1.06   -9.84    1.40    0.00000    15.92  LINEAR    7.28917E-01   -91.77    2.07848E-01   -91.77
 -155.00   285.00       0.64   -9.95    1.00    0.00000    16.47  LINEAR    6.93873E-01   -91.76    2.05143E-01   -91.76
 -150.00   285.00       0.11  -10.08    0.51    0.00000    17.19  LINEAR    6.53009E-01   -91.74    2.02042E-01   -91.74
 -145.00   285.00      -0.52  -10.23   -0.08    0.00000    18.11  LINEAR    6.07296E-01   -91.72    1.98650E-01   -91.72
 -140.00   285.00      -1.26  -10.39   -0.76    0.00000    19.28  LINEAR    5.57718E-01   -91.70    1.95080E-01   -91.70
 -135.00   285.00      -2.12  -10.55   -1.54    0.00000    20.75  LINEAR    5.05220E-01   -91.67    1.91447E-01   -91.67
 -130.00   285.00      -3.11  -10.71   -2.42    0.00000    22.63  LINEAR    4.50666E-01   -91.65    1.87862E-01   -91.65
 -125.00   285.00      -4.26  -10.87   -3.41    0.00000    25.04  LINEAR    3.94799E-01   -91.63    1.84432E-01   -91.63
 -120.00   285.00      -5.61  -11.02   -4.51    0.00000    28.19  LINEAR    3.38227E-01   -91.60    1.81255E-01   -91.60
 -115.00   285.00      -7.20  -11.16   -5.74    0.00000    32.38  LINEAR    2.81405E-01   -91.58    1.78417E-01   -91.58
 -110.00   285.00      -9.16  -11.28   -7.08    0.00000    38.08  LINEAR    2.24643E-01   -91.56    1.75992E-01   -91.56
 -105.00   285.00     -11.68  -11.38   -8.51    0.00000    45.99  LINEAR    1.68113E-01   -91.55    1.74043E-01   -91.55
 -100.00   285.00     -15.22  -11.45   -9.93    0.00000    57.05  LINEAR    1.11866E-01   -91.54    1.72616E-01   -91.54
  -95.00   285.00     -21.25  -11.49  -11.06    0.00000    71.98  LINEAR    5.58640E-02   -91.53    1.71747E-01   -91.53
  -90.00   285.00    -999.99  -11.51  -11.51    0.00000    90.00  LINEAR    3.26556E-12   -91.53    1.71455E-01   -91.53
  -85.00   285.00     -21.25  -11.49  -11.06    0.00000   -71.98  LINEAR    5.58640E-02    88.47    1.71747E-01   -91.53
  -80.00   285.00     -15.22  -11.45   -9.93    0.00000   -57.05  LINEAR    1.11866E-01    88.46    1.72616E-01   -91.54
  -75.00   285.00     -11.68  -11.38   -8.51    0.00000   -45.99  LINEAR    1.68113E-01    88.45    1.74043E-01   -91.55
  -70.00   285.00      -9.16  -11.28   -7.08    0.00000   -38.08  LINEAR    2.24643E-01    88.44    1.75992E-01   -91.56
  -65.00   285.00      -7.20  -11.16   -5.74    0.00000   -32.38  LINEAR    2.81405E-01    88.42    1.78417E-01   -91.58
  -60.00   285.00      -5.61  -11.02   -4.51    0.00000   -28.19  LINEAR    3.38227E-01    88.40    1.81255E-01   -91.60
  -55.00   285.00      -4.26  -10.87   -3.41    0.00000   -25.04  LINEAR    3.94799E-01    88.37    1.84432E-01   -91.63
  -50.00   285.00      -3.11  -10.71   -2.42    0.00000   -22.63  LINEAR    4.50666E-01    88.35    1.87862E-01   -91.65
  -45.00   285.00      -2.12  -10.55   -1.54    0.00000   -20.75  LINEAR    5.05220E-01    88.33    1.91447E-01   -91.67
  -40.00   285.00      -1.26  -10.39   -0.76    0.00000   -19.28  LINEAR    5.57718E-01    88.30    1.95080E-01   -91.70
  -35.00   285.00      -0.52  -10.23   -0.08    0.00000   -18.11  LINEAR    6.07296E-01    88.28    1.98650E-01   -91.72
  -30.00   285.00       0.11  -10.08    0.51    0.00000   -17.19  LINEAR    6.53009E-01    88.26    2.02042E-01   -91.74
  -25.00   285.00       0.64   -9.95    1.00    0.00000   -16.47  LINEAR    6.93873E-01    88.24    2.05143E-01   -91.76
  -20.00   285.00       1.06   -9.84    1.40    0.00000   -15.92  LINEAR    7.28917E-01    88.23    2.07848E-01   -91.77
  -15.00   285.00       1.39   -9.74    1.72    0.00000   -15.50  LINEAR    7.57243E-01    88.21    2.10060E-01   -91.79
  -10.00   285.00       1.63   -9.68    1.94    0.00000   -15.22  LINEAR    7.78077E-01    88.21    2.11701E-01   -91.79
   -5.00   285.00       1.77   -9.63    2.07    0.00000   -15.05  LINEAR    7.90828E-01    88.20    2.12711E-01   -91.80
    0.00   285.00       1.82   -9.62    2.12    0.00000   -15.00  LINEAR    7.95120E-01    88.20    2.13052E-01   -91.80
 -180.00   290.00       1.58   -7.20    2.12    0.00000    20.00  LINEAR    7.73526E-01   -91.80    2.81540E-01   -91.80
 -175.00   290.00       1.53   -7.21    2.08    0.00000    20.07  LINEAR    7.69416E-01   -91.80    2.81114E-01   -91.80
 -170.00   290.00       1.39   -7.25    1.95    0.00000    20.28  LINEAR    7.57204E-01   -91.79    2.79851E-01   -91.79
 -165.00   290.00       1.16   -7.32    1.74    0.00000    20.65  LINEAR    7.37236E-01   -91.79    2.77798E-01   -91.79
 -160.00   290.00       0.84   -7.40    1.44    0.00000    21.17  LINEAR    7.10064E-01   -91.77    2.75028E-01   -91.77
 -155.00   290.00       0.41   -7.51    1.06    0.00000    21.88  LINEAR    6.76405E-01   -91.76    2.71642E-01   -91.76
 -150.00   290.00      -0.11   -7.64    0.60    0.00000    22.80  LINEAR    6.37095E-01   -91.74    2.67756E-01   -91.74
 -145.00   290.00      -0.73   -7.77    0.05    0.00000    23.96  LINEAR    5.93043E-01   -91.72    2.63504E-01   -91.72
 -140.00   290.00      -1.46   -7.92   -0.58    0.00000    25.41  LINEAR    5.45169E-01   -91.70    2.59026E-01   -91.70
 -135.00   290.00      -2.31   -8.08   -1.29    0.00000    27.24  LINEAR    4.94364E-01   -91.68    2.54465E-01   -91.68
 -130.00   290.00      -3.29   -8.23   -2.08    0.00000    29.52  LINEAR    4.41443E-01   -91.66    2.49961E-01   -91.66
 -125.00   290.00      -4.43   -8.38   -2.96    0.00000    32.40  LINEAR    3.87116E-01   -91.64    2.45649E-01   -91.64
 -120.00   290.00      -5.77   -8.53   -3.92    0.00000    36.05  LINEAR    3.31966E-01   -91.61    2.41652E-01   -91.61
 -115.00   290.00      -7.36   -8.66   -4.95    0.00000    40.74  LINEAR    2.76441E-01   -91.60    2.38079E-01   -91.60
 -110.00   290.00      -9.31   -8.77   -6.02    0.00000    46.78  LINEAR    2.20851E-01   -91.58    2.35025E-01   -91.58
 -105.00   290.00     -11.82   -8.86   -7.08    0.00000    54.58  LINEAR    1.65379E-01   -91.56    2.32568E-01   -91.56
 -100.00   290.00     -15.35   -8.93   -8.04    0.00000    64.49  LINEAR    1.10099E-01   -91.55    2.30769E-01   -91.55
  -95.00   290.00     -21.38   -8.97   -8.73    0.00000    76.53  LINEAR    5.49970E-02   -91.55    2.29673E-01   -91.55
  -90.00   290.00    -999.99   -8.98   -8.98    0.00000    90.00  LINEAR    3.21519E-12   -91.55    2.29304E-01   -91.55
  -85.00   290.00     -21.38   -8.97   -8.73    0.00000   -76.53  LINEAR    5.49970E-02    88.45    2.29673E-01   -91.55
  -80.00   290.00     -15.35   -8.93   -8.04    0.00000   -64.49  LINEAR    1.10099E-01    88.45    2.30769E-01   -91.55
  -75.00   290.00     -11.82   -8.86   -7.08    0.00000   -54.58  LINEAR    1.65379E-01    88.44    2.32568E-01   -91.56
  -70.00   290.00      -9.31   -8.77   -6.02    0.00000   -46.78  LINEAR    2.20851E-01    88.42    2.35025E-01   -91.58
  -65.00   290.00      -7.36   -8.66   -4.95    0.00000   -40.74  LINEAR    2.76441E-01    88.40    2.38079E-01   -91.60
  -60.00   290.00      -5.77   -8.53   -3.92    0.00000   -36.05  LINEAR    3.31966E-01    88.39    2.41652E-01   -91.61
  -55.00   290.00      -4.43   -8.38   -2.96    0.00000   -32.40  LINEAR    3.87116E-01    88.36    2.45649E-01   -91.64
  -50.00   290.00      -3.29   -8.23   -2.08    0.00000   -29.52  LINEAR    4.41443E-01    88.34    2.49961E-01   -91.66
  -45.00   290.00      -2.31   -8.08   -1.29    0.00000   -27.24  LINEAR    4.94364E-01    88.32    2.54465E-01   -91.68
  -40.00   290.00      -1.46   -7.92   -0.58    0.00000   -25.41  LINEAR    5.45169E-01    88.30    2.59026E-01   -91.70
  -35.00   290.00      -0.73   -7.77    0.05    0.00000   -23.96  LINEAR    5.93043E-01    88.28    2.63504E-01   -91.72
  -30.00   290.00      -0.11   -7.64    0.60    0.00000   -22.80  LINEAR    6.37095E-01    88.26    2.67756E-01   -91.74
  -25.00   290.00       0.41   -7.51    1.06    0.00000   -21.88  LINEAR    6.76405E-01    88.24    2.71642E-01   -91.76
  -20.00   290.00       0.84   -7.40    1.44    0.00000   -21.17  LINEAR    7.10064E-01    88.23    2.75028E-01   -91.77
  -15.00   290.00       1.16   -7.32    1.74    0.00000   -20.65  LINEAR    7.37236E-01    88.21    2.77798E-01   -91.79
  -10.00   290.00       1.39   -7.25    1.95    0.00000   -20.28  LINEAR    7.57204E-01    88.21    2.79851E-01   -91.79
   -5.00   290.00       1.53   -7.21    2.08    0.00000   -20.07  LINEAR    7.69416E-01    88.20    2.81114E-01   -91.80
    0.00   290.00       1.58   -7.20    2.12    0.00000   -20.00  LINEAR    7.73526E-01    88.20    2.81540E-01   -91.80
 -180.00   295.00       1.27   -5.36    2.12    0.00000    25.00  LINEAR    7.46044E-01   -91.80    3.47886E-01   -91.80
 -175.00   295.00       1.22   -5.37    2.08    0.00000    25.08  LINEAR    7.42159E-01   -91.80    3.47396E-01   -91.80
 -170.00   295.00       1.08   -5.41    1.96    0.00000    25.34  LINEAR    7.30609E-01   -91.80    3.45944E-01   -91.80
 -165.00   295.00       0.86   -5.47    1.77    0.00000    25.77  LINEAR    7.11710E-01   -91.79    3.43583E-01   -91.79
 -160.00   295.00       0.54   -5.55    1.49    0.00000    26.39  LINEAR    6.85960E-01   -91.78    3.40397E-01   -91.78
 -155.00   295.00       0.12   -5.65    1.14    0.00000    27.23  LINEAR    6.54013E-01   -91.76    3.36498E-01   -91.76
 -150.00   295.00      -0.39   -5.77    0.72    0.00000    28.30  LINEAR    6.16632E-01   -91.75    3.32023E-01   -91.75
 -145.00   295.00      -1.00   -5.90    0.22    0.00000    29.65  LINEAR    5.74646E-01   -91.73    3.27121E-01   -91.73
 -140.00   295.00      -1.72   -6.03   -0.35    0.00000    31.33  LINEAR    5.28902E-01   -91.71    3.21954E-01   -91.71
 -135.00   295.00      -2.56   -6.18   -0.99    0.00000    33.40  LINEAR    4.80222E-01   -91.69    3.16687E-01   -91.69
 -130.00   295.00      -3.53   -6.32   -1.70    0.00000    35.96  LINEAR    4.29366E-01   -91.67    3.11481E-01   -91.67
 -125.00   295.00      -4.66   -6.46   -2.46    0.00000    39.11  LINEAR    3.76998E-01   -91.65    3.06493E-01   -91.65
 -120.00   295.00      -5.99   -6.59   -3.27    0.00000    43.00  LINEAR    3.23675E-01   -91.63    3.01865E-01   -91.63
 -115.00   295.00      -7.57   -6.71   -4.11    0.00000    47.81  LINEAR    2.69830E-01   -91.61    2.97724E-01   -91.61
 -110.00   295.00      -9.51   -6.82   -4.95    0.00000    53.74  LINEAR    2.15773E-01   -91.60    2.94183E-01   -91.60
 -105.00   295.00     -12.02   -6.90   -5.74    0.00000    60.97  LINEAR    1.61701E-01   -91.58    2.91332E-01   -91.58
 -100.00   295.00     -15.54   -6.96   -6.40    0.00000    69.58  LINEAR    1.07712E-01   -91.57    2.89244E-01   -91.57
  -95.00   295.00     -21.57   -7.00   -6.85    0.00000    79.41  LINEAR    5.38235E-02   -91.57    2.87971E-01   -91.57
  -90.00   295.00    -999.99   -7.02   -7.02    0.00000    90.00  LINEAR    3.14696E-12   -91.57    2.87543E-01   -91.57
  -85.00   295.00     -21.57   -7.00   -6.85    0.00000   -79.41  LINEAR    5.38235E-02    88.43    2.87971E-01   -91.57
  -80.00   295.00     -15.54   -6.96   -6.40    0.00000   -69.58  LINEAR    1.07712E-01    88.43    2.89244E-01   -91.57
  -75.00   295.00     -12.02   -6.90   -5.74    0.00000   -60.97  LINEAR    1.61701E-01    88.42    2.91332E-01   -91.58
  -70.00   295.00      -9.51   -6.82   -4.95    0.00000   -53.74  LINEAR    2.15773E-01    88.40    2.94183E-01   -91.60
  -65.00   295.00      -7.57   -6.71   -4.11    0.00000   -47.81  LINEAR    2.69830E-01    88.39    2.97724E-01   -91.61
  -60.00   295.00      -5.99   -6.59   -3.27    0.00000   -43.00  LINEAR    3.23675E-01    88.37    3.01865E-01   -91.63
  -55.00   295.00      -4.66   -6.46   -2.46    0.00000   -39.11  LINEAR    3.76998E-01    88.35    3.06493E-01   -91.65
  -50.00   295.00      -3.53   -6.32   -1.70    0.00000   -35.96  LINEAR    4.29366E-01    88.33    3.11481E-01   -91.67
  -45.00   295.00      -2.56   -6.18   -0.99    0.00000   -33.40  LINEAR    4.80222E-01    88.31    3.16687E-01   -91.69
  -40.00   295.00      -1.72   -6.03   -0.35    0.00000   -31.33  LINEAR    5.28902E-01    88.29    3.21954E-01   -91.71
  -35.00   295.00      -1.00   -5.90    0.22    0.00000   -29.65  LINEAR    5.74646E-01    88.27    3.27121E-01   -91.73
  -30.00   295.00      -0.39   -5.77    0.72    0.00000   -28.30  LINEAR    6.16632E-01    88.25    3.32023E-01   -91.75
  -25.00   295.00       0.12   -5.65    1.14    0.00000   -27.23  LINEAR    6.54013E-01    88.24    3.36498E-01   -91.76
  -20.00   295.00       0.54   -5.55    1.49    0.00000   -26.39  LINEAR    6.85960E-01    88.22    3.40397E-01   -91.78
  -15.00   295.00       0.86   -5.47    1.77    0.00000   -25.77  LINEAR    7.11710E-01    88.21    3.43583E-01   -91.79
  -10.00   295.00       1.08   -5.41    1.96    0.00000   -25.34  LINEAR    7.30609E-01    88.20    3.45944E-01   -91.80
   -5.00   295.00       1.22   -5.37    2.08    0.00000   -25.08  LINEAR    7.42159E-01    88.20    3.47396E-01   -91.80
    0.00   295.00       1.27   -5.36    2.12    0.00000   -25.00  LINEAR    7.46044E-01    88.20    3.47886E-01   -91.80
 -180.00   300.00       0.87   -3.90    2.12    0.00000    30.00  LINEAR    7.12885E-01   -91.80    4.11585E-01   -91.80
 -175.00   300.00       0.83   -3.91    2.08    0.00000    30.09  LINEAR    7.09259E-01   -91.80    4.11055E-01   -91.80
 -170.00   300.00       0.69   -3.95    1.98    0.00000    30.38  LINEAR    6.98476E-01   -91.80    4.09486E-01   -91.80
 -165.00   300.00       0.47   -4.00    1.80    0.00000    30.87  LINEAR    6.80814E-01   -91.79    4.06934E-01   -91.79
 -160.00   300.00       0.16   -4.07    1.55    0.00000    31.57  LINEAR    6.56716E-01   -91.78    4.03489E-01   -91.78
 -155.00   300.00      -0.25   -4.16    1.23    0.00000    32.50  LINEAR    6.26762E-01   -91.77    3.99270E-01   -91.77
 -150.00   300.00      -0.75   -4.27    0.85    0.00000    33.69  LINEAR    5.91634E-01   -91.75    3.94423E-01   -91.75
 -145.00   300.00      -1.35   -4.39    0.40    0.00000    35.18  LINEAR    5.52073E-01   -91.74    3.89109E-01   -91.74
 -140.00   300.00      -2.06   -4.51   -0.10    0.00000    37.00  LINEAR    5.08843E-01   -91.72    3.83503E-01   -91.72
 -135.00   300.00      -2.88   -4.65   -0.67    0.00000    39.23  LINEAR    4.62687E-01   -91.70    3.77782E-01   -91.70
 -130.00   300.00      -3.84   -4.78   -1.27    0.00000    41.93  LINEAR    4.14300E-01   -91.68    3.72123E-01   -91.68
 -125.00   300.00      -4.96   -4.90   -1.92    0.00000    45.19  LINEAR    3.64297E-01   -91.66    3.66694E-01   -91.66
 -120.00   300.00      -6.27   -5.02   -2.59    0.00000    49.11  LINEAR    3.13199E-01   -91.64    3.61651E-01   -91.64
 -115.00   300.00      -7.84   -5.13   -3.27    0.00000    53.80  LINEAR    2.61422E-01   -91.63    3.57136E-01   -91.63
 -110.00   300.00      -9.78   -5.23   -3.92    0.00000    59.36  LINEAR    2.09277E-01   -91.61    3.53271E-01   -91.61
 -105.00   300.00     -12.27   -5.30   -4.51    0.00000    65.85  LINEAR    1.56972E-01   -91.60    3.50158E-01   -91.60
 -100.00   300.00     -15.80   -5.36   -4.99    0.00000    73.26  LINEAR    1.04630E-01   -91.59    3.47877E-01   -91.59
  -95.00   300.00     -21.82   -5.40   -5.30    0.00000    81.42  LINEAR    5.23047E-02   -91.59    3.46485E-01   -91.59
  -90.00   300.00    -999.99   -5.41   -5.41    0.00000    90.00  LINEAR    3.05857E-12   -91.59    3.46017E-01   -91.59
  -85.00   300.00     -21.82   -5.40   -5.30    0.00000   -81.42  LINEAR    5.23047E-02    88.41    3.46485E-01   -91.59
  -80.00   300.00     -15.80   -5.36   -4.99    0.00000   -73.26  LINEAR    1.04630E-01    88.41    3.47877E-01   -91.59
  -75.00   300.00     -12.27   -5.30   -4.51    0.00000   -65.85  LINEAR    1.56972E-01    88.40    3.50158E-01   -91.60
  -70.00   300.00      -9.78   -5.23   -3.92    0.00000   -59.36  LINEAR    2.09277E-01    88.39    3.53271E-01   -91.61
  -65.00   300.00      -7.84   -5.13   -3.27    0.00000   -53.80  LINEAR    2.61422E-01    88.37    3.57136E-01   -91.63
  -60.00   300.00      -6.27   -5.02   -2.59    0.00000   -49.11  LINEAR    3.13199E-01    88.36    3.61651E-01   -91.64
  -55.00   300.00      -4.96   -4.90   -1.92    0.00000   -45.19  LINEAR    3.64297E-01    88.34    3.66694E-01   -91.66
  -50.00   300.00      -3.84   -4.78   -1.27    0.00000   -41.93  LINEAR    4.14300E-01    88.32    3.72123E-01   -91.68
  -45.00   300.00      -2.88   -4.65   -0.67    0.00000   -39.23  LINEAR    4.62687E-01    88.30    3.77782E-01   -91.70
  -40.00   300.00      -2.06   -4.51   -0.10    0.00000   -37.00  LINEAR    5.08843E-01    88.28    3.83503E-01   -91.72
  -35.00   300.00      -1.35   -4.39    0.40    0.00000   -35.18  LINEAR    5.52073E-01    88.26    3.89109E-01   -91.74
  -30.00   300.00      -0.75   -4.27    0.85    0.00000   -33.69  LINEAR    5.91634E-01    88.25    3.94423E-01   -91.75
  -25.00   300.00      -0.25   -4.16    1.23    0.00000   -32.50  LINEAR    6.26762E-01    88.23    3.99270E-01   -91.77
  -20.00   300.00       0.16   -4.07    1.55    0.00000   -31.57  LINEAR    6.56716E-01    88.22    4.03489E-01   -91.78
  -15.00   300.00       0.47   -4.00    1.80    0.00000   -30.87  LINEAR    6.80814E-01    88.21    4.06934E-01   -91.79
  -10.00   300.00       0.69   -3.95    1.98    0.00000   -30.38  LINEAR    6.98476E-01    88.20    4.09486E-01   -91.80
   -5.00   300.00       0.83   -3.91    2.08    0.00000   -30.09  LINEAR    7.09259E-01    88.20    4.11055E-01   -91.80
    0.00   300.00       0.87   -3.90    2.12    0.00000   -30.00  LINEAR    7.12885E-01    88.20    4.11585E-01   -91.80
 -180.00   305.00       0.39   -2.71    2.12    0.00000    35.00  LINEAR    6.74301E-01   -91.80    4.72150E-01   -91.80
 -175.00   305.00       0.34   -2.72    2.09    0.00000    35.10  LINEAR    6.70962E-01   -91.80    4.71607E-01   -91.80
 -170.00   305.00       0.21   -2.75    1.99    0.00000    35.41  LINEAR    6.61027E-01   -91.80    4.69997E-01   -91.80
 -165.00   305.00       0.00   -2.80    1.83    0.00000    35.94  LINEAR    6.44737E-01   -91.79    4.67375E-01   -91.79
 -160.00   305.00      -0.31   -2.86    1.61    0.00000    36.69  LINEAR    6.22476E-01   -91.78    4.63835E-01   -91.78
 -155.00   305.00      -0.70   -2.94    1.33    0.00000    37.69  LINEAR    5.94746E-01   -91.77    4.59497E-01   -91.77
 -150.00   305.00      -1.19   -3.04    0.99    0.00000    38.96  LINEAR    5.62141E-01   -91.76    4.54508E-01   -91.76
 -145.00   305.00      -1.78   -3.14    0.60    0.00000    40.52  LINEAR    5.25312E-01   -91.74    4.49034E-01   -91.74
 -140.00   305.00      -2.48   -3.26    0.16    0.00000    42.43  LINEAR    4.84929E-01   -91.73    4.43252E-01   -91.73
 -135.00   305.00      -3.29   -3.37   -0.32    0.00000    44.72  LINEAR    4.41655E-01   -91.71    4.37346E-01   -91.71
 -130.00   305.00      -4.23   -3.49   -0.84    0.00000    47.45  LINEAR    3.96112E-01   -91.69    4.31496E-01   -91.69
 -125.00   305.00      -5.34   -3.60   -1.37    0.00000    50.68  LINEAR    3.48858E-01   -91.68    4.25878E-01   -91.68
 -120.00   305.00      -6.64   -3.71   -1.92    0.00000    54.47  LINEAR    3.00378E-01   -91.66    4.20654E-01   -91.66
 -115.00   305.00      -8.19   -3.81   -2.46    0.00000    58.89  LINEAR    2.51064E-01   -91.65    4.15972E-01   -91.65
 -110.00   305.00     -10.12   -3.89   -2.96    0.00000    63.97  LINEAR    2.01224E-01   -91.64    4.11960E-01   -91.64
 -105.00   305.00     -12.61   -3.96   -3.41    0.00000    69.71  LINEAR    1.51078E-01   -91.63    4.08726E-01   -91.63
 -100.00   305.00     -16.12   -4.01   -3.75    0.00000    76.07  LINEAR    1.00774E-01   -91.62    4.06355E-01   -91.62
  -95.00   305.00     -22.14   -4.04   -3.98    0.00000    82.90  LINEAR    5.03994E-02   -91.61    4.04908E-01   -91.61
  -90.00   305.00    -999.99   -4.05   -4.05    0.00000    90.00  LINEAR    2.94760E-12   -91.61    4.04421E-01   -91.61
  -85.00   305.00     -22.14   -4.04   -3.98    0.00000   -82.90  LINEAR    5.03994E-02    88.39    4.04908E-01   -91.61
  -80.00   305.00     -16.12   -4.01   -3.75    0.00000   -76.07  LINEAR    1.00774E-01    88.38    4.06355E-01   -91.62
  -75.00   305.00     -12.61   -3.96   -3.41    0.00000   -69.71  LINEAR    1.51078E-01    88.37    4.08726E-01   -91.63
  -70.00   305.00     -10.12   -3.89   -2.96    0.00000   -63.97  LINEAR    2.01224E-01    88.36    4.11960E-01   -91.64
  -65.00   305.00      -8.19   -3.81   -2.46    0.00000   -58.89  LINEAR    2.51064E-01    88.35    4.15972E-01   -91.65
  -60.00   305.00      -6.64   -3.71   -1.92    0.00000   -54.47  LINEAR    3.00378E-01    88.34    4.20654E-01   -91.66
  -55.00   305.00      -5.34   -3.60   -1.37    0.00000   -50.68  LINEAR    3.48858E-01    88.32    4.25878E-01   -91.68
  -50.00   305.00      -4.23   -3.49   -0.84    0.00000   -47.45  LINEAR    3.96112E-01    88.31    4.31496E-01   -91.69
  -45.00   305.00      -3.29   -3.37   -0.32    0.00000   -44.72  LINEAR    4.41655E-01    88.29    4.37346E-01   -91.71
  -40.00   305.00      -2.48   -3.26    0.16    0.00000   -42.43  LINEAR    4.84929E-01    88.27    4.43252E-01   -91.73
  -35.00   305.00      -1.78   -3.14    0.60    0.00000   -40.52  LINEAR    5.25312E-01    88.26    4.49034E-01   -91.74
  -30.00   305.00      -1.19   -3.04    0.99    0.00000   -38.96  LINEAR    5.62141E-01    88.24    4.54508E-01   -91.76
  -25.00   305.00      -0.70   -2.94    1.33    0.00000   -37.69  LINEAR    5.94746E-01    88.23    4.59497E-01   -91.77
  -20.00   305.00      -0.31   -2.86    1.61    0.00000   -36.69  LINEAR    6.22476E-01    88.22    4.63835E-01   -91.78
  -15.00   305.00       0.00   -2.80    1.83    0.00000   -35.94  LINEAR    6.44737E-01    88.21    4.67375E-01   -91.79
  -10.00   305.00       0.21   -2.75    1.99    0.00000   -35.41  LINEAR    6.61027E-01    88.20    4.69997E-01   -91.80
   -5.00   305.00       0.34   -2.72    2.09    0.00000   -35.10  LINEAR    6.70962E-01    88.20    4.71607E-01   -91.80
    0.00   305.00       0.39   -2.71    2.12    0.00000   -35.00  LINEAR    6.74301E-01    88.20    4.72150E-01   -91.80
 -180.00   310.00      -0.20   -1.72    2.12    0.00000    40.00  LINEAR    6.30584E-01   -91.80    5.29123E-01   -91.80
 -175.00   310.00      -0.24   -1.73    2.09    0.00000    40.11  LINEAR    6.27552E-01   -91.80    5.28590E-01   -91.80
 -170.00   310.00      -0.36   -1.75    2.01    0.00000    40.43  LINEAR    6.18526E-01   -91.80    5.27012E-01   -91.80
 -165.00   310.00      -0.57   -1.80    1.87    0.00000    40.98  LINEAR    6.03708E-01   -91.79    5.24441E-01   -91.79
 -160.00   310.00      -0.87   -1.85    1.68    0.00000    41.76  LINEAR    5.83421E-01   -91.78    5.20967E-01   -91.78
 -155.00   310.00      -1.26   -1.93    1.43    0.00000    42.79  LINEAR    5.58092E-01   -91.77    5.16706E-01   -91.77
 -150.00   310.00      -1.73   -2.01    1.14    0.00000    44.10  LINEAR    5.28226E-01   -91.76    5.11802E-01   -91.76
 -145.00   310.00      -2.31   -2.10    0.81    0.00000    45.69  LINEAR    4.94377E-01   -91.75    5.06416E-01   -91.75
 -140.00   310.00      -2.99   -2.20    0.43    0.00000    47.61  LINEAR    4.57126E-01   -91.74    5.00720E-01   -91.74
 -135.00   310.00      -3.79   -2.30    0.03    0.00000    49.88  LINEAR    4.17046E-01   -91.72    4.94895E-01   -91.72
 -130.00   310.00      -4.72   -2.40   -0.40    0.00000    52.55  LINEAR    3.74686E-01   -91.71    4.89118E-01   -91.71
 -125.00   310.00      -5.81   -2.50   -0.84    0.00000    55.64  LINEAR    3.30545E-01   -91.69    4.83563E-01   -91.69
 -120.00   310.00      -7.09   -2.59   -1.27    0.00000    59.21  LINEAR    2.85063E-01   -91.68    4.78392E-01   -91.68
 -115.00   310.00      -8.64   -2.68   -1.70    0.00000    63.27  LINEAR    2.38609E-01   -91.67    4.73752E-01   -91.67
 -110.00   310.00     -10.55   -2.75   -2.08    0.00000    67.82  LINEAR    1.91481E-01   -91.66    4.69773E-01   -91.66
 -105.00   310.00     -13.03   -2.81   -2.42    0.00000    72.86  LINEAR    1.43911E-01   -91.65    4.66563E-01   -91.65
 -100.00   310.00     -16.54   -2.86   -2.67    0.00000    78.31  LINEAR    9.60660E-02   -91.64    4.64208E-01   -91.64
  -95.00   310.00     -22.55   -2.88   -2.84    0.00000    84.07  LINEAR    4.80671E-02   -91.64    4.62770E-01   -91.64
  -90.00   310.00    -999.99   -2.89   -2.89    0.00000    90.00  LINEAR    2.81163E-12   -91.64    4.62287E-01   -91.64
  -85.00   310.00     -22.55   -2.88   -2.84    0.00000   -84.07  LINEAR    4.80671E-02    88.36    4.62770E-01   -91.64
  -80.00   310.00     -16.54   -2.86   -2.67    0.00000   -78.31  LINEAR    9.60660E-02    88.36    4.64208E-01   -91.64
  -75.00   310.00     -13.03   -2.81   -2.42    0.00000   -72.86  LINEAR    1.43911E-01    88.35    4.66563E-01   -91.65
  -70.00   310.00     -10.55   -2.75   -2.08    0.00000   -67.82  LINEAR    1.91481E-01    88.34    4.69773E-01   -91.66
  -65.00   310.00      -8.64   -2.68   -1.70    0.00000   -63.27  LINEAR    2.38609E-01    88.33    4.73752E-01   -91.67
  -60.00   310.00      -7.09   -2.59   -1.27    0.00000   -59.21  LINEAR    2.85063E-01    88.32    4.78392E-01   -91.68
  -55.00   310.00      -5.81   -2.50   -0.84    0.00000   -55.64  LINEAR    3.30545E-01    88.31    4.83563E-01   -91.69
  -50.00   310.00      -4.72   -2.40   -0.40    0.00000   -52.55  LINEAR    3.74686E-01    88.29    4.89118E-01   -91.71
  -45.00   310.00      -3.79   -2.30    0.03    0.00000   -49.88  LINEAR    4.17046E-01    88.28    4.94895E-01   -91.72
  -40.00   310.00      -2.99   -2.20    0.43    0.00000   -47.61  LINEAR    4.57126E-01    88.26    5.00720E-01   -91.74
  -35.00   310.00      -2.31   -2.10    0.81    0.00000   -45.69  LINEAR    4.94377E-01    88.25    5.06416E-01   -91.75
  -30.00   310.00      -1.73   -2.01    1.14    0.00000   -44.10  LINEAR    5.28226E-01    88.24    5.11802E-01   -91.76
  -25.00   310.00      -1.26   -1.93    1.43    0.00000   -42.79  LINEAR    5.58092E-01    88.23    5.16706E-01   -91.77
  -20.00   310.00      -0.87   -1.85    1.68    0.00000   -41.76  LINEAR    5.83421E-01    88.22    5.20967E-01   -91.78
  -15.00   310.00      -0.57   -1.80    1.87    0.00000   -40.98  LINEAR    6.03708E-01    88.21    5.24441E-01   -91.79
  -10.00   310.00      -0.36   -1.75    2.01    0.00000   -40.43  LINEAR    6.18526E-01    88.20    5.27012E-01   -91.80
   -5.00   310.00      -0.24   -1.73    2.09    0.00000   -40.11  LINEAR    6.27552E-01    88.20    5.28590E-01   -91.80
    0.00   310.00      -0.20   -1.72    2.12    0.00000   -40.00  LINEAR    6.30584E-01    88.20    5.29123E-01   -91.80
 -180.00   315.00      -0.89   -0.89    2.12    0.00000    45.00  LINEAR    5.82068E-01   -91.80    5.82068E-01   -91.80
 -175.00   315.00      -0.93   -0.90    2.10    0.00000    45.11  LINEAR    5.79356E-01   -91.80    5.81569E-01   -91.80
 -170.00   315.00      -1.05   -0.92    2.02    0.00000    45.44  LINEAR    5.71276E-01   -91.80    5.80089E-01   -91.80
 -165.00   315.00      -1.26   -0.96    1.91    0.00000    45.99  LINEAR    5.57994E-01   -91.79    5.77678E-01   -91.79
 -160.00   315.00      -1.55   -1.01    1.74    0.00000    46.78  LINEAR    5.39776E-01   -91.79    5.74417E-01   -91.79
 -155.00   315.00      -1.92   -1.07    1.54    0.00000    47.81  LINEAR    5.16972E-01   -91.78    5.70416E-01   -91.78
 -150.00   315.00      -2.39   -1.14    1.29    0.00000    49.11  LINEAR    4.90002E-01   -91.77    5.65805E-01   -91.77
 -145.00   315.00      -2.95   -1.21    1.01    0.00000    50.68  LINEAR    4.59328E-01   -91.76    5.60736E-01   -91.76
 -140.00   315.00      -3.61   -1.30    0.71    0.00000    52.55  LINEAR    4.25437E-01   -91.75    5.55369E-01   -91.75
 -135.00   315.00      -4.40   -1.38    0.38    0.00000    54.74  LINEAR    3.88818E-01   -91.73    5.49872E-01   -91.73
 -130.00   315.00      -5.31   -1.47    0.03    0.00000    57.27  LINEAR    3.49943E-01   -91.72    5.44415E-01   -91.72
 -125.00   315.00      -6.38   -1.56   -0.32    0.00000    60.16  LINEAR    3.09250E-01   -91.71    5.39161E-01   -91.71
 -120.00   315.00      -7.66   -1.63   -0.67    0.00000    63.43  LINEAR    2.67132E-01   -91.70    5.34265E-01   -91.70
 -115.00   315.00      -9.19   -1.71   -0.99    0.00000    67.09  LINEAR    2.23931E-01   -91.69    5.29867E-01   -91.69
 -110.00   315.00     -11.09   -1.77   -1.29    0.00000    71.12  LINEAR    1.79934E-01   -91.68    5.26091E-01   -91.68
 -105.00   315.00     -13.56   -1.82   -1.54    0.00000    75.49  LINEAR    1.35373E-01   -91.67    5.23042E-01   -91.67
 -100.00   315.00     -17.06   -1.86   -1.73    0.00000    80.15  LINEAR    9.04367E-02   -91.67    5.20804E-01   -91.67
  -95.00   315.00     -23.07   -1.88   -1.85    0.00000    85.02  LINEAR    4.52719E-02   -91.66    5.19437E-01   -91.66
  -90.00   315.00    -999.99   -1.89   -1.89    0.00000    90.00  LINEAR    2.64855E-12   -91.66    5.18977E-01   -91.66
  -85.00   315.00     -23.07   -1.88   -1.85    0.00000   -85.02  LINEAR    4.52719E-02    88.34    5.19437E-01   -91.66
  -80.00   315.00     -17.06   -1.86   -1.73    0.00000   -80.15  LINEAR    9.04367E-02    88.33    5.20804E-01   -91.67
  -75.00   315.00     -13.56   -1.82   -1.54    0.00000   -75.49  LINEAR    1.35373E-01    88.33    5.23042E-01   -91.67
  -70.00   315.00     -11.09   -1.77   -1.29    0.00000   -71.12  LINEAR    1.79934E-01    88.32    5.26091E-01   -91.68
  -65.00   315.00      -9.19   -1.71   -0.99    0.00000   -67.09  LINEAR    2.23931E-01    88.31    5.29867E-01   -91.69
  -60.00   315.00      -7.66   -1.63   -0.67    0.00000   -63.43  LINEAR    2.67132E-01    88.30    5.34265E-01   -91.70
  -55.00   315.00      -6.38   -1.56   -0.32    0.00000   -60.16  LINEAR    3.09250E-01    88.29    5.39161E-01   -91.71
  -50.00   315.00      -5.31   -1.47    0.03    0.00000   -57.27  LINEAR    3.49943E-01    88.28    5.44415E-01   -91.72
  -45.00   315.00      -4.40   -1.38    0.38    0.00000   -54.74  LINEAR    3.88818E-01    88.27    5.49872E-01   -91.73
  -40.00   315.00      -3.61   -1.30    0.71    0.00000   -52.55  LINEAR    4.25437E-01    88.25    5.55369E-01   -91.75
  -35.00   315.00      -2.95   -1.21    1.01    0.00000   -50.68  LINEAR    4.59328E-01    88.24    5.60736E-01   -91.76
  -30.00   315.00      -2.39   -1.14    1.29    0.00000   -49.11  LINEAR    4.90002E-01    88.23    5.65805E-01   -91.77
  -25.00   315.00      -1.92   -1.07    1.54    0.00000   -47.81  LINEAR    5.16972E-01    88.22    5.70416E-01   -91.78
  -20.00   315.00      -1.55   -1.01    1.74    0.00000   -46.78  LINEAR    5.39776E-01    88.21    5.74417E-01   -91.79
  -15.00   315.00      -1.26   -0.96    1.91    0.00000   -45.99  LINEAR    5.57994E-01    88.21    5.77678E-01   -91.79
  -10.00   315.00      -1.05   -0.92    2.02    0.00000   -45.44  LINEAR    5.71276E-01    88.20    5.80089E-01   -91.80
   -5.00   315.00      -0.93   -0.90    2.10    0.00000   -45.11  LINEAR    5.79356E-01    88.20    5.81569E-01   -91.80
    0.00   315.00      -0.89   -0.89    2.12    0.00000   -45.00  LINEAR    5.82068E-01    88.20    5.82068E-01   -91.80
 -180.00   320.00      -1.72   -0.20    2.12    0.00000    50.00  LINEAR    5.29123E-01   -91.80    6.30584E-01   -91.80
 -175.00   320.00      -1.76   -0.20    2.10    0.00000    50.11  LINEAR    5.26736E-01   -91.80    6.30137E-01   -91.80
 -170.00   320.00      -1.88   -0.22    2.04    0.00000    50.43  LINEAR    5.19620E-01   -91.80    6.28812E-01   -91.80
 -165.00   320.00      -2.07   -0.25    1.94    0.00000    50.97  LINEAR    5.07906E-01   -91.79    6.26652E-01   -91.79
 -160.00   320.00      -2.35   -0.29    1.81    0.00000    51.74  LINEAR    4.91807E-01   -91.79    6.23729E-01   -91.79
 -155.00   320.00      -2.72   -0.34    1.64    0.00000    52.75  LINEAR    4.71605E-01   -91.78    6.20139E-01   -91.78
 -150.00   320.00      -3.17   -0.40    1.44    0.00000    53.99  LINEAR    4.47635E-01   -91.77    6.15999E-01   -91.77
 -145.00   320.00      -3.72   -0.46    1.22    0.00000    55.50  LINEAR    4.20275E-01   -91.77    6.11442E-01   -91.77
 -140.00   320.00      -4.37   -0.53    0.97    0.00000    57.27  LINEAR    3.89922E-01   -91.76    6.06612E-01   -91.76
 -135.00   320.00      -5.14   -0.60    0.71    0.00000    59.32  LINEAR    3.56984E-01   -91.75    6.01659E-01   -91.75
 -130.00   320.00      -6.04   -0.67    0.43    0.00000    61.66  LINEAR    3.21857E-01   -91.74    5.96735E-01   -91.74
 -125.00   320.00      -7.10   -0.74    0.16    0.00000    64.30  LINEAR    2.84917E-01   -91.73    5.91989E-01   -91.73
 -120.00   320.00      -8.35   -0.81   -0.10    0.00000    67.24  LINEAR    2.46511E-01   -91.72    5.87561E-01   -91.72
 -115.00   320.00      -9.87   -0.87   -0.35    0.00000    70.47  LINEAR    2.06948E-01   -91.71    5.83579E-01   -91.71
 -110.00   320.00     -11.76   -0.92   -0.58    0.00000    73.99  LINEAR    1.66499E-01   -91.70    5.80157E-01   -91.70
 -105.00   320.00     -14.22   -0.96   -0.76    0.00000    77.75  LINEAR    1.25395E-01   -91.70    5.77392E-01   -91.70
 -100.00   320.00     -17.72   -0.99   -0.90    0.00000    81.71  LINEAR    8.38347E-02   -91.69    5.75360E-01   -91.69
  -95.00   320.00     -23.73   -1.01   -0.99    0.00000    85.82  LINEAR    4.19867E-02   -91.69    5.74119E-01   -91.69
  -90.00   320.00    -999.99   -1.02   -1.02    0.00000    90.00  LINEAR    2.45674E-12   -91.69    5.73701E-01   -91.69
  -85.00   320.00     -23.73   -1.01   -0.99    0.00000   -85.82  LINEAR    4.19867E-02    88.31    5.74119E-01   -91.69
  -80.00   320.00     -17.72   -0.99   -0.90    0.00000   -81.71  LINEAR    8.38347E-02    88.31    5.75360E-01   -91.69
  -75.00   320.00     -14.22   -0.96   -0.76    0.00000   -77.75  LINEAR    1.25395E-01    88.30    5.77392E-01   -91.70
  -70.00   320.00     -11.76   -0.92   -0.58    0.00000   -73.99  LINEAR    1.66499E-01    88.30    5.80157E-01   -91.70
  -65.00   320.00      -9.87   -0.87   -0.35    0.00000   -70.47  LINEAR    2.06948E-01    88.29    5.83579E-01   -91.71
  -60.00   320.00      -8.35   -0.81   -0.10    0.00000   -67.24  LINEAR    2.46511E-01    88.28    5.87561E-01   -91.72
  -55.00   320.00      -7.10   -0.74    0.16    0.00000   -64.30  LINEAR    2.84917E-01    88.27    5.91989E-01   -91.73
  -50.00   320.00      -6.04   -0.67    0.43    0.00000   -61.66  LINEAR    3.21857E-01    88.26    5.96735E-01   -91.74
  -45.00   320.00      -5.14   -0.60    0.71    0.00000   -59.32  LINEAR    3.56984E-01    88.25    6.01659E-01   -91.75
  -40.00   320.00      -4.37   -0.53    0.97    0.00000   -57.27  LINEAR    3.89922E-01    88.24    6.06612E-01   -91.76
  -35.00   320.00      -3.72   -0.46    1.22    0.00000   -55.50  LINEAR    4.20275E-01    88.23    6.11442E-01   -91.77
  -30.00   320.00      -3.17   -0.40    1.44    0.00000   -53.99  LINEAR    4.47635E-01    88.23    6.15999E-01   -91.77
  -25.00   320.00      -2.72   -0.34    1.64    0.00000   -52.75  LINEAR    4.71605E-01    88.22    6.20139E-01   -91.78
  -20.00   320.00      -2.35   -0.29    1.81    0.00000   -51.74  LINEAR    4.91807E-01    88.21    6.23729E-01   -91.79
  -15.00   320.00      -2.07   -0.25    1.94    0.00000   -50.97  LINEAR    5.07906E-01    88.21    6.26652E-01   -91.79
  -10.00   320.00      -1.88   -0.22    2.04    0.00000   -50.43  LINEAR    5.19620E-01    88.20    6.28812E-01   -91.80
   -5.00   320.00      -1.76   -0.20    2.10    0.00000   -50.11  LINEAR    5.26736E-01    88.20    6.30137E-01   -91.80
    0.00   320.00      -1.72   -0.20    2.12    0.00000   -50.00  LINEAR    5.29123E-01    88.20    6.30584E-01   -91.80
 -180.00   325.00      -2.71    0.39    2.12    0.00000    55.00  LINEAR    4.72150E-01   -91.80    6.74301E-01   -91.80
 -175.00   325.00      -2.75    0.38    2.10    0.00000    55.10  LINEAR    4.70088E-01   -91.80    6.73920E-01   -91.80
 -170.00   325.00      -2.86    0.37    2.06    0.00000    55.41  LINEAR    4.63937E-01   -91.80    6.72791E-01   -91.80
 -165.00   325.00      -3.05    0.34    1.98    0.00000    55.93  LINEAR    4.53797E-01   -91.80    6.70951E-01   -91.80
 -160.00   325.00      -3.32    0.31    1.87    0.00000    56.66  LINEAR    4.39833E-01   -91.79    6.68459E-01   -91.79
 -155.00   325.00      -3.68    0.27    1.74    0.00000    57.60  LINEAR    4.22263E-01   -91.79    6.65396E-01   -91.79
 -150.00   325.00      -4.12    0.23    1.59    0.00000    58.77  LINEAR    4.01351E-01   -91.78    6.61861E-01   -91.78
 -145.00   325.00      -4.65    0.17    1.41    0.00000    60.16  LINEAR    3.77393E-01   -91.77    6.57965E-01   -91.77
 -140.00   325.00      -5.29    0.12    1.22    0.00000    61.79  LINEAR    3.50709E-01   -91.77    6.53831E-01   -91.77
 -135.00   325.00      -6.04    0.06    1.01    0.00000    63.66  LINEAR    3.21625E-01   -91.76    6.49587E-01   -91.76
 -130.00   325.00      -6.93    0.01    0.81    0.00000    65.77  LINEAR    2.90468E-01   -91.75    6.45364E-01   -91.75
 -125.00   325.00      -7.97   -0.05    0.60    0.00000    68.12  LINEAR    2.57555E-01   -91.74    6.41287E-01   -91.74
 -120.00   325.00      -9.22   -0.10    0.40    0.00000    70.70  LINEAR    2.23184E-01   -91.74    6.37479E-01   -91.74
 -115.00   325.00     -10.72   -0.15    0.22    0.00000    73.52  LINEAR    1.87629E-01   -91.73    6.34051E-01   -91.73
 -110.00   325.00     -12.60   -0.19    0.05    0.00000    76.53  LINEAR    1.51140E-01   -91.72    6.31103E-01   -91.72
 -105.00   325.00     -15.06   -0.22   -0.08    0.00000    79.73  LINEAR    1.13941E-01   -91.72    6.28719E-01   -91.72
 -100.00   325.00     -18.55   -0.25   -0.18    0.00000    83.07  LINEAR    7.62327E-02   -91.72    6.26966E-01   -91.72
  -95.00   325.00     -24.55   -0.26   -0.24    0.00000    86.51  LINEAR    3.81965E-02   -91.71    6.25894E-01   -91.71
  -90.00   325.00    -999.99   -0.27   -0.27    0.00000    90.00  LINEAR    2.23531E-12   -91.71    6.25534E-01   -91.71
  -85.00   325.00     -24.55   -0.26   -0.24    0.00000   -86.51  LINEAR    3.81965E-02    88.29    6.25894E-01   -91.71
  -80.00   325.00     -18.55   -0.25   -0.18    0.00000   -83.07  LINEAR    7.62327E-02    88.28    6.26966E-01   -91.72
  -75.00   325.00     -15.06   -0.22   -0.08    0.00000   -79.73  LINEAR    1.13941E-01    88.28    6.28719E-01   -91.72
  -70.00   325.00     -12.60   -0.19    0.05    0.00000   -76.53  LINEAR    1.51140E-01    88.28    6.31103E-01   -91.72
  -65.00   325.00     -10.72   -0.15    0.22    0.00000   -73.52  LINEAR    1.87629E-01    88.27    6.34051E-01   -91.73
  -60.00   325.00      -9.22   -0.10    0.40    0.00000   -70.70  LINEAR    2.23184E-01    88.26    6.37479E-01   -91.74
  -55.00   325.00      -7.97   -0.05    0.60    0.00000   -68.12  LINEAR    2.57555E-01    88.26    6.41287E-01   -91.74
  -50.00   325.00      -6.93    0.01    0.81    0.00000   -65.77  LINEAR    2.90468E-01    88.25    6.45364E-01   -91.75
  -45.00   325.00      -6.04    0.06    1.01    0.00000   -63.66  LINEAR    3.21625E-01    88.24    6.49587E-01   -91.76
  -40.00   325.00      -5.29    0.12    1.22    0.00000   -61.79  LINEAR    3.50709E-01    88.23    6.53831E-01   -91.77
  -35.00   325.00      -4.65    0.17    1.41    0.00000   -60.16  LINEAR    3.77393E-01    88.23    6.57965E-01   -91.77
  -30.00   325.00      -4.12    0.23    1.59    0.00000   -58.77  LINEAR    4.01351E-01    88.22    6.61861E-01   -91.78
  -25.00   325.00      -3.68    0.27    1.74    0.00000   -57.60  LINEAR    4.22263E-01    88.21    6.65396E-01   -91.79
  -20.00   325.00      -3.32    0.31    1.87    0.00000   -56.66  LINEAR    4.39833E-01    88.21    6.68459E-01   -91.79
  -15.00   325.00      -3.05    0.34    1.98    0.00000   -55.93  LINEAR    4.53797E-01    88.20    6.70951E-01   -91.80
  -10.00   325.00      -2.86    0.37    2.06    0.00000   -55.41  LINEAR    4.63937E-01    88.20    6.72791E-01   -91.80
   -5.00   325.00      -2.75    0.38    2.10    0.00000   -55.10  LINEAR    4.70088E-01    88.20    6.73920E-01   -91.80
    0.00   325.00      -2.71    0.39    2.12    0.00000   -55.00  LINEAR    4.72150E-01    88.20    6.74301E-01   -91.80
 -180.00   330.00      -3.90    0.87    2.12    0.00000    60.00  LINEAR    4.11585E-01   -91.80    7.12885E-01   -91.80
 -175.00   330.00      -3.94    0.87    2.11    0.00000    60.09  LINEAR    4.09842E-01   -91.80    7.12580E-01   -91.80
 -170.00   330.00      -4.05    0.86    2.07    0.00000    60.38  LINEAR    4.04642E-01   -91.80    7.11672E-01   -91.80
 -165.00   330.00      -4.23    0.84    2.01    0.00000    60.85  LINEAR    3.96059E-01   -91.80    7.10193E-01   -91.80
 -160.00   330.00      -4.50    0.81    1.93    0.00000    61.52  LINEAR    3.84215E-01   -91.79    7.08189E-01   -91.79
 -155.00   330.00      -4.84    0.78    1.83    0.00000    62.38  LINEAR    3.69275E-01   -91.79    7.05723E-01   -91.79
 -150.00   330.00      -5.27    0.75    1.72    0.00000    63.43  LINEAR    3.51438E-01   -91.79    7.02875E-01   -91.79
 -145.00   330.00      -5.80    0.71    1.59    0.00000    64.69  LINEAR    3.30930E-01   -91.78    6.99734E-01   -91.78
 -140.00   330.00      -6.42    0.67    1.44    0.00000    66.14  LINEAR    3.07999E-01   -91.77    6.96397E-01   -91.77
 -135.00   330.00      -7.16    0.62    1.29    0.00000    67.79  LINEAR    2.82903E-01   -91.77    6.92967E-01   -91.77
 -130.00   330.00      -8.03    0.58    1.14    0.00000    69.64  LINEAR    2.55901E-01   -91.76    6.89550E-01   -91.76
 -125.00   330.00      -9.06    0.54    0.99    0.00000    71.68  LINEAR    2.27254E-01   -91.76    6.86248E-01   -91.76
 -120.00   330.00     -10.29    0.50    0.85    0.00000    73.90  LINEAR    1.97211E-01   -91.75    6.83160E-01   -91.75
 -115.00   330.00     -11.79    0.46    0.72    0.00000    76.29  LINEAR    1.66011E-01   -91.75    6.80378E-01   -91.75
 -110.00   330.00     -13.66    0.43    0.60    0.00000    78.83  LINEAR    1.33878E-01   -91.74    6.77983E-01   -91.74
 -105.00   330.00     -16.10    0.41    0.51    0.00000    81.50  LINEAR    1.01021E-01   -91.74    6.76044E-01   -91.74
 -100.00   330.00     -19.59    0.39    0.43    0.00000    84.27  LINEAR    6.76345E-02   -91.74    6.74619E-01   -91.74
  -95.00   330.00     -25.59    0.38    0.39    0.00000    87.12  LINEAR    3.39025E-02   -91.74    6.73747E-01   -91.74
  -90.00   330.00    -999.99    0.38    0.38    0.00000    90.00  LINEAR    1.98430E-12   -91.73    6.73453E-01   -91.73
  -85.00   330.00     -25.59    0.38    0.39    0.00000   -87.12  LINEAR    3.39025E-02    88.26    6.73747E-01   -91.74
  -80.00   330.00     -19.59    0.39    0.43    0.00000   -84.27  LINEAR    6.76345E-02    88.26    6.74619E-01   -91.74
  -75.00   330.00     -16.10    0.41    0.51    0.00000   -81.50  LINEAR    1.01021E-01    88.26    6.76044E-01   -91.74
  -70.00   330.00     -13.66    0.43    0.60    0.00000   -78.83  LINEAR    1.33878E-01    88.26    6.77983E-01   -91.74
  -65.00   330.00     -11.79    0.46    0.72    0.00000   -76.29  LINEAR    1.66011E-01    88.25    6.80378E-01   -91.75
  -60.00   330.00     -10.29    0.50    0.85    0.00000   -73.90  LINEAR    1.97211E-01    88.25    6.83160E-01   -91.75
  -55.00   330.00      -9.06    0.54    0.99    0.00000   -71.68  LINEAR    2.27254E-01    88.24    6.86248E-01   -91.76
  -50.00   330.00      -8.03    0.58    1.14    0.00000   -69.64  LINEAR    2.55901E-01    88.24    6.89550E-01   -91.76
  -45.00   330.00      -7.16    0.62    1.29    0.00000   -67.79  LINEAR    2.82903E-01    88.23    6.92967E-01   -91.77
  -40.00   330.00      -6.42    0.67    1.44    0.00000   -66.14  LINEAR    3.07999E-01    88.23    6.96397E-01   -91.77
  -35.00   330.00      -5.80    0.71    1.59    0.00000   -64.69  LINEAR    3.30930E-01    88.22    6.99734E-01   -91.78
  -30.00   330.00      -5.27    0.75    1.72    0.00000   -63.43  LINEAR    3.51438E-01    88.21    7.02875E-01   -91.79
  -25.00   330.00      -4.84    0.78    1.83    0.00000   -62.38  LINEAR    3.69275E-01    88.21    7.05723E-01   -91.79
  -20.00   330.00      -4.50    0.81    1.93    0.00000   -61.52  LINEAR    3.84215E-01    88.21    7.08189E-01   -91.79
  -15.00   330.00      -4.23    0.84    2.01    0.00000   -60.85  LINEAR    3.96059E-01    88.20    7.10193E-01   -91.80
  -10.00   330.00      -4.05    0.86    2.07    0.00000   -60.38  LINEAR    4.04642E-01    88.20    7.11672E-01   -91.80
   -5.00   330.00      -3.94    0.87    2.11    0.00000   -60.09  LINEAR    4.09842E-01    88.20    7.12580E-01   -91.80
    0.00   330.00      -3.90    0.87    2.12    0.00000   -60.00  LINEAR    4.11585E-01    88.20    7.12885E-01   -91.80
 -180.00   335.00      -5.36    1.27    2.12    0.00000    65.00  LINEAR    3.47886E-01   -91.80    7.46044E-01   -91.80
 -175.00   335.00      -5.40    1.26    2.11    0.00000    65.08  LINEAR    3.46456E-01   -91.80    7.45816E-01   -91.80
 -170.00   335.00      -5.50    1.25    2.09    0.00000    65.33  LINEAR    3.42185E-01   -91.80    7.45138E-01   -91.80
 -165.00   335.00      -5.69    1.24    2.04    0.00000    65.75  LINEAR    3.35125E-01   -91.80    7.44031E-01   -91.80
 -160.00   335.00      -5.94    1.22    1.99    0.00000    66.34  LINEAR    3.25366E-01   -91.80    7.42531E-01   -91.80
 -155.00   335.00      -6.28    1.20    1.92    0.00000    67.09  LINEAR    3.13027E-01   -91.79    7.40684E-01   -91.79
 -150.00   335.00      -6.70    1.18    1.83    0.00000    68.01  LINEAR    2.98252E-01   -91.79    7.38549E-01   -91.79
 -145.00   335.00      -7.21    1.15    1.74    0.00000    69.09  LINEAR    2.81209E-01   -91.79    7.36193E-01   -91.79
 -140.00   335.00      -7.82    1.12    1.64    0.00000    70.34  LINEAR    2.62082E-01   -91.78    7.33687E-01   -91.78
 -135.00   335.00      -8.55    1.09    1.54    0.00000    71.75  LINEAR    2.41068E-01   -91.78    7.31109E-01   -91.78
 -130.00   335.00      -9.41    1.06    1.43    0.00000    73.31  LINEAR    2.18370E-01   -91.77    7.28538E-01   -91.77
 -125.00   335.00     -10.43    1.03    1.33    0.00000    75.03  LINEAR    1.94192E-01   -91.77    7.26051E-01   -91.77
 -120.00   335.00     -11.65    1.00    1.23    0.00000    76.88  LINEAR    1.68739E-01   -91.77    7.23723E-01   -91.77
 -115.00   335.00     -13.13    0.98    1.14    0.00000    78.85  LINEAR    1.42210E-01   -91.76    7.21623E-01   -91.76
 -110.00   335.00     -14.99    0.95    1.06    0.00000    80.94  LINEAR    1.14801E-01   -91.76    7.19815E-01   -91.76
 -105.00   335.00     -17.43    0.94    1.00    0.00000    83.12  LINEAR    8.66972E-02   -91.76    7.18350E-01   -91.76
 -100.00   335.00     -20.91    0.92    0.95    0.00000    85.37  LINEAR    5.80800E-02   -91.76    7.17272E-01   -91.76
  -95.00   335.00     -26.91    0.92    0.92    0.00000    87.67  LINEAR    2.91241E-02   -91.75    7.16613E-01   -91.75
  -90.00   335.00    -999.99    0.91    0.91    0.00000    90.00  LINEAR    1.70484E-12   -91.75    7.16391E-01   -91.75
  -85.00   335.00     -26.91    0.92    0.92    0.00000   -87.67  LINEAR    2.91241E-02    88.25    7.16613E-01   -91.75
  -80.00   335.00     -20.91    0.92    0.95    0.00000   -85.37  LINEAR    5.80800E-02    88.24    7.17272E-01   -91.76
  -75.00   335.00     -17.43    0.94    1.00    0.00000   -83.12  LINEAR    8.66972E-02    88.24    7.18350E-01   -91.76
  -70.00   335.00     -14.99    0.95    1.06    0.00000   -80.94  LINEAR    1.14801E-01    88.24    7.19815E-01   -91.76
  -65.00   335.00     -13.13    0.98    1.14    0.00000   -78.85  LINEAR    1.42210E-01    88.24    7.21623E-01   -91.76
  -60.00   335.00     -11.65    1.00    1.23    0.00000   -76.88  LINEAR    1.68739E-01    88.23    7.23723E-01   -91.77
  -55.00   335.00     -10.43    1.03    1.33    0.00000   -75.03  LINEAR    1.94192E-01    88.23    7.26051E-01   -91.77
  -50.00   335.00      -9.41    1.06    1.43    0.00000   -73.31  LINEAR    2.18370E-01    88.23    7.28538E-01   -91.77
  -45.00   335.00      -8.55    1.09    1.54    0.00000   -71.75  LINEAR    2.41068E-01    88.22    7.31109E-01   -91.78
  -40.00   335.00      -7.82    1.12    1.64    0.00000   -70.34  LINEAR    2.62082E-01    88.22    7.33687E-01   -91.78
  -35.00   335.00      -7.21    1.15    1.74    0.00000   -69.09  LINEAR    2.81209E-01    88.21    7.36193E-01   -91.79
  -30.00   335.00      -6.70    1.18    1.83    0.00000   -68.01  LINEAR    2.98252E-01    88.21    7.38549E-01   -91.79
  -25.00   335.00      -6.28    1.20    1.92    0.00000   -67.09  LINEAR    3.13027E-01    88.21    7.40684E-01   -91.79
  -20.00   335.00      -5.94    1.22    1.99    0.00000   -66.34  LINEAR    3.25366E-01    88.20    7.42531E-01   -91.80
  -15.00   335.00      -5.69    1.24    2.04    0.00000   -65.75  LINEAR    3.35125E-01    88.20    7.44031E-01   -91.80
  -10.00   335.00      -5.50    1.25    2.09    0.00000   -65.33  LINEAR    3.42185E-01    88.20    7.45138E-01   -91.80
   -5.00   335.00      -5.40    1.26    2.11    0.00000   -65.08  LINEAR    3.46456E-01    88.20    7.45816E-01   -91.80
    0.00   335.00      -5.36    1.27    2.12    0.00000   -65.00  LINEAR    3.47886E-01    88.20    7.46044E-01   -91.80
 -180.00   340.00      -7.20    1.58    2.12    0.00000    70.00  LINEAR    2.81540E-01   -91.80    7.73526E-01   -91.80
 -175.00   340.00      -7.23    1.58    2.11    0.00000    70.07  LINEAR    2.80413E-01   -91.80    7.73371E-01   -91.80
 -170.00   340.00      -7.34    1.57    2.10    0.00000    70.28  LINEAR    2.77042E-01   -91.80    7.72910E-01   -91.80
 -165.00   340.00      -7.52    1.56    2.07    0.00000    70.63  LINEAR    2.71466E-01   -91.80    7.72158E-01   -91.80
 -160.00   340.00      -7.77    1.55    2.03    0.00000    71.12  LINEAR    2.63745E-01   -91.80    7.71138E-01   -91.80
 -155.00   340.00      -8.09    1.54    1.99    0.00000    71.74  LINEAR    2.53960E-01   -91.80    7.69883E-01   -91.80
 -150.00   340.00      -8.51    1.52    1.93    0.00000    72.50  LINEAR    2.42215E-01   -91.79    7.68430E-01   -91.79
 -145.00   340.00      -9.01    1.50    1.87    0.00000    73.40  LINEAR    2.28626E-01   -91.79    7.66825E-01   -91.79
 -140.00   340.00      -9.61    1.48    1.81    0.00000    74.42  LINEAR    2.13328E-01   -91.79    7.65117E-01   -91.79
 -135.00   340.00     -10.32    1.46    1.74    0.00000    75.57  LINEAR    1.96462E-01   -91.79    7.63358E-01   -91.79
 -130.00   340.00     -11.17    1.44    1.68    0.00000    76.83  LINEAR    1.78181E-01   -91.78    7.61602E-01   -91.78
 -125.00   340.00     -12.18    1.43    1.61    0.00000    78.21  LINEAR    1.58641E-01   -91.78    7.59903E-01   -91.78
 -120.00   340.00     -13.39    1.41    1.55    0.00000    79.69  LINEAR    1.38001E-01   -91.78    7.58310E-01   -91.78
 -115.00   340.00     -14.87    1.39    1.49    0.00000    81.26  LINEAR    1.16423E-01   -91.78    7.56873E-01   -91.78
 -110.00   340.00     -16.72    1.38    1.44    0.00000    82.90  LINEAR    9.40653E-02   -91.77    7.55634E-01   -91.77
 -105.00   340.00     -19.15    1.36    1.40    0.00000    84.62  LINEAR    7.10880E-02   -91.77    7.54631E-01   -91.77
 -100.00   340.00     -22.63    1.36    1.37    0.00000    86.38  LINEAR    4.76480E-02   -91.77    7.53892E-01   -91.77
  -95.00   340.00     -28.62    1.35    1.36    0.00000    88.18  LINEAR    2.39007E-02   -91.77    7.53439E-01   -91.77
  -90.00   340.00    -999.99    1.35    1.35    0.00000    90.00  LINEAR    1.39922E-12   -91.77    7.53287E-01   -91.77
  -85.00   340.00     -28.62    1.35    1.36    0.00000   -88.18  LINEAR    2.39007E-02    88.23    7.53439E-01   -91.77
  -80.00   340.00     -22.63    1.36    1.37    0.00000   -86.38  LINEAR    4.76480E-02    88.23    7.53892E-01   -91.77
  -75.00   340.00     -19.15    1.36    1.40    0.00000   -84.62  LINEAR    7.10880E-02    88.23    7.54631E-01   -91.77
  -70.00   340.00     -16.72    1.38    1.44    0.00000   -82.90  LINEAR    9.40653E-02    88.23    7.55634E-01   -91.77
  -65.00   340.00     -14.87    1.39    1.49    0.00000   -81.26  LINEAR    1.16423E-01    88.22    7.56873E-01   -91.78
  -60.00   340.00     -13.39    1.41    1.55    0.00000   -79.69  LINEAR    1.38001E-01    88.22    7.58310E-01   -91.78
  -55.00   340.00     -12.18    1.43    1.61    0.00000   -78.21  LINEAR    1.58641E-01    88.22    7.59903E-01   -91.78
  -50.00   340.00     -11.17    1.44    1.68    0.00000   -76.83  LINEAR    1.78181E-01    88.22    7.61602E-01   -91.78
  -45.00   340.00     -10.32    1.46    1.74    0.00000   -75.57  LINEAR    1.96462E-01    88.21    7.63358E-01   -91.79
  -40.00   340.00      -9.61    1.48    1.81    0.00000   -74.42  LINEAR    2.13328E-01    88.21    7.65117E-01   -91.79
  -35.00   340.00      -9.01    1.50    1.87    0.00000   -73.40  LINEAR    2.28626E-01    88.21    7.66825E-01   -91.79
  -30.00   340.00      -8.51    1.52    1.93    0.00000   -72.50  LINEAR    2.42215E-01    88.21    7.68430E-01   -91.79
  -25.00   340.00      -8.09    1.54    1.99    0.00000   -71.74  LINEAR    2.53960E-01    88.20    7.69883E-01   -91.80
  -20.00   340.00      -7.77    1.55    2.03    0.00000   -71.12  LINEAR    2.63745E-01    88.20    7.71138E-01   -91.80
  -15.00   340.00      -7.52    1.56    2.07    0.00000   -70.63  LINEAR    2.71466E-01    88.20    7.72158E-01   -91.80
  -10.00   340.00      -7.34    1.57    2.10    0.00000   -70.28  LINEAR    2.77042E-01    88.20    7.72910E-01   -91.80
   -5.00   340.00      -7.23    1.58    2.11    0.00000   -70.07  LINEAR    2.80413E-01    88.20    7.73371E-01   -91.80
    0.00   340.00      -7.20    1.58    2.12    0.00000   -70.00  LINEAR    2.81540E-01    88.20    7.73526E-01   -91.80
 -180.00   345.00      -9.62    1.82    2.12    0.00000    75.00  LINEAR    2.13052E-01   -91.80    7.95120E-01   -91.80
 -175.00   345.00      -9.65    1.82    2.12    0.00000    75.05  LINEAR    2.12217E-01   -91.80    7.95029E-01   -91.80
 -170.00   345.00      -9.76    1.81    2.11    0.00000    75.22  LINEAR    2.09719E-01   -91.80    7.94758E-01   -91.80
 -165.00   345.00      -9.93    1.81    2.09    0.00000    75.49  LINEAR    2.05584E-01   -91.80    7.94315E-01   -91.80
 -160.00   345.00     -10.18    1.80    2.07    0.00000    75.87  LINEAR    1.99849E-01   -91.80    7.93714E-01   -91.80
 -155.00   345.00     -10.50    1.80    2.04    0.00000    76.35  LINEAR    1.92569E-01   -91.80    7.92974E-01   -91.80
 -150.00   345.00     -10.90    1.79    2.01    0.00000    76.94  LINEAR    1.83811E-01   -91.80    7.92117E-01   -91.80
 -145.00   345.00     -11.40    1.78    1.98    0.00000    77.62  LINEAR    1.73655E-01   -91.80    7.91170E-01   -91.80
 -140.00   345.00     -11.99    1.76    1.94    0.00000    78.40  LINEAR    1.62189E-01   -91.79    7.90162E-01   -91.79
 -135.00   345.00     -12.70    1.75    1.91    0.00000    79.27  LINEAR    1.49514E-01   -91.79    7.89123E-01   -91.79
 -130.00   345.00     -13.54    1.74    1.87    0.00000    80.23  LINEAR    1.35735E-01   -91.79    7.88085E-01   -91.79
 -125.00   345.00     -14.54    1.73    1.83    0.00000    81.26  LINEAR    1.20966E-01   -91.79    7.87079E-01   -91.79
 -120.00   345.00     -15.74    1.72    1.80    0.00000    82.37  LINEAR    1.05322E-01   -91.79    7.86136E-01   -91.79
 -115.00   345.00     -17.21    1.71    1.77    0.00000    83.54  LINEAR    8.89258E-02   -91.79    7.85285E-01   -91.79
 -110.00   345.00     -19.06    1.70    1.74    0.00000    84.76  LINEAR    7.18994E-02   -91.79    7.84551E-01   -91.79
 -105.00   345.00     -21.48    1.70    1.72    0.00000    86.03  LINEAR    5.43676E-02   -91.79    7.83955E-01   -91.79
 -100.00   345.00     -24.95    1.69    1.70    0.00000    87.34  LINEAR    3.64562E-02   -91.78    7.83517E-01   -91.78
  -95.00   345.00     -30.95    1.69    1.69    0.00000    88.66  LINEAR    1.82914E-02   -91.78    7.83248E-01   -91.78
  -90.00   345.00    -999.99    1.69    1.69    0.00000    90.00  LINEAR    1.07093E-12   -91.78    7.83158E-01   -91.78
  -85.00   345.00     -30.95    1.69    1.69    0.00000   -88.66  LINEAR    1.82914E-02    88.22    7.83248E-01   -91.78
  -80.00   345.00     -24.95    1.69    1.70    0.00000   -87.34  LINEAR    3.64562E-02    88.22    7.83517E-01   -91.78
  -75.00   345.00     -21.48    1.70    1.72    0.00000   -86.03  LINEAR    5.43676E-02    88.21    7.83955E-01   -91.79
  -70.00   345.00     -19.06    1.70    1.74    0.00000   -84.76  LINEAR    7.18994E-02    88.21    7.84551E-01   -91.79
  -65.00   345.00     -17.21    1.71    1.77    0.00000   -83.54  LINEAR    8.89258E-02    88.21    7.85285E-01   -91.79
  -60.00   345.00     -15.74    1.72    1.80    0.00000   -82.37  LINEAR    1.05322E-01    88.21    7.86136E-01   -91.79
  -55.00   345.00     -14.54    1.73    1.83    0.00000   -81.26  LINEAR    1.20966E-01    88.21    7.87079E-01   -91.79
  -50.00   345.00     -13.54    1.74    1.87    0.00000   -80.23  LINEAR    1.35735E-01    88.21    7.88085E-01   -91.79
  -45.00   345.00     -12.70    1.75    1.91    0.00000   -79.27  LINEAR    1.49514E-01    88.21    7.89123E-01   -91.79
  -40.00   345.00     -11.99    1.76    1.94    0.00000   -78.40  LINEAR    1.62189E-01    88.21    7.90162E-01   -91.79
  -35.00   345.00     -11.40    1.78    1.98    0.00000   -77.62  LINEAR    1.73655E-01    88.20    7.91170E-01   -91.80
  -30.00   345.00     -10.90    1.79    2.01    0.00000   -76.94  LINEAR    1.83811E-01    88.20    7.92117E-01   -91.80
  -25.00   345.00     -10.50    1.80    2.04    0.00000   -76.35  LINEAR    1.92569E-01    88.20    7.92974E-01   -91.80
  -20.00   345.00     -10.18    1.80    2.07    0.00000   -75.87  LINEAR    1.99849E-01    88.20    7.93714E-01   -91.80
  -15.00   345.00      -9.93    1.81    2.09    0.00000   -75.49  LINEAR    2.05584E-01    88.20    7.94315E-01   -91.80
  -10.00   345.00      -9.76    1.81    2.11    0.00000   -75.22  LINEAR    2.09719E-01    88.20    7.94758E-01   -91.80
   -5.00   345.00      -9.65    1.82    2.12    0.00000   -75.05  LINEAR    2.12217E-01    88.20    7.95029E-01   -91.80
    0.00   345.00      -9.62    1.82    2.12    0.00000   -75.00  LINEAR    2.13052E-01    88.20    7.95120E-01   -91.80
 -180.00   350.00     -13.09    1.99    2.12    0.00000    80.00  LINEAR    1.42942E-01   -91.80    8.10663E-01   -91.80
 -175.00   350.00     -13.12    1.99    2.12    0.00000    80.04  LINEAR    1.42390E-01   -91.80    8.10621E-01   -91.80
 -170.00   350.00     -13.22    1.98    2.11    0.00000    80.15  LINEAR    1.40741E-01   -91.80    8.10497E-01   -91.80
 -165.00   350.00     -13.39    1.98    2.11    0.00000    80.33  LINEAR    1.38008E-01   -91.80    8.10294E-01   -91.80
 -160.00   350.00     -13.63    1.98    2.10    0.00000    80.59  LINEAR    1.34214E-01   -91.80    8.10018E-01   -91.80
 -155.00   350.00     -13.95    1.98    2.09    0.00000    80.92  LINEAR    1.29392E-01   -91.80    8.09678E-01   -91.80
 -150.00   350.00     -14.35    1.97    2.07    0.00000    81.32  LINEAR    1.23581E-01   -91.80    8.09284E-01   -91.80
 -145.00   350.00     -14.84    1.97    2.06    0.00000    81.78  LINEAR    1.16829E-01   -91.80    8.08849E-01   -91.80
 -140.00   350.00     -15.43    1.96    2.04    0.00000    82.31  LINEAR    1.09192E-01   -91.80    8.08385E-01   -91.80
 -135.00   350.00     -16.13    1.96    2.02    0.00000    82.89  LINEAR    1.00731E-01   -91.80    8.07907E-01   -91.80
 -130.00   350.00     -16.96    1.95    2.01    0.00000    83.53  LINEAR    9.15146E-02   -91.80    8.07429E-01   -91.80
 -125.00   350.00     -17.95    1.95    1.99    0.00000    84.22  LINEAR    8.16141E-02   -91.80    8.06965E-01   -91.80
 -120.00   350.00     -19.15    1.94    1.98    0.00000    84.96  LINEAR    7.11066E-02   -91.80    8.06531E-01   -91.80
 -115.00   350.00     -20.62    1.94    1.96    0.00000    85.74  LINEAR    6.00726E-02   -91.80    8.06138E-01   -91.80
 -110.00   350.00     -22.46    1.93    1.95    0.00000    86.55  LINEAR    4.85957E-02   -91.79    8.05800E-01   -91.79
 -105.00   350.00     -24.88    1.93    1.94    0.00000    87.39  LINEAR    3.67616E-02   -91.79    8.05525E-01   -91.79
 -100.00   350.00     -28.35    1.93    1.93    0.00000    88.25  LINEAR    2.46581E-02   -91.79    8.05322E-01   -91.79
  -95.00   350.00     -34.34    1.93    1.93    0.00000    89.12  LINEAR    1.23742E-02   -91.79    8.05199E-01   -91.79
  -90.00   350.00    -999.99    1.93    1.93    0.00000    90.00  LINEAR    7.24536E-13   -91.79    8.05157E-01   -91.79
  -85.00   350.00     -34.34    1.93    1.93    0.00000   -89.12  LINEAR    1.23742E-02    88.21    8.05199E-01   -91.79
  -80.00   350.00     -28.35    1.93    1.93    0.00000   -88.25  LINEAR    2.46581E-02    88.21    8.05322E-01   -91.79
  -75.00   350.00     -24.88    1.93    1.94    0.00000   -87.39  LINEAR    3.67616E-02    88.21    8.05525E-01   -91.79
  -70.00   350.00     -22.46    1.93    1.95    0.00000   -86.55  LINEAR    4.85957E-02    88.21    8.05800E-01   -91.79
  -65.00   350.00     -20.62    1.94    1.96    0.00000   -85.74  LINEAR    6.00726E-02    88.20    8.06138E-01   -91.80
  -60.00   350.00     -19.15    1.94    1.98    0.00000   -84.96  LINEAR    7.11066E-02    88.20    8.06531E-01   -91.80
  -55.00   350.00     -17.95    1.95    1.99    0.00000   -84.22  LINEAR    8.16141E-02    88.20    8.06965E-01   -91.80
  -50.00   350.00     -16.96    1.95    2.01    0.00000   -83.53  LINEAR    9.15146E-02    88.20    8.07429E-01   -91.80
  -45.00   350.00     -16.13    1.96    2.02    0.00000   -82.89  LINEAR    1.00731E-01    88.20    8.07907E-01   -91.80
  -40.00   350.00     -15.43    1.96    2.04    0.00000   -82.31  LINEAR    1.09192E-01    88.20    8.08385E-01   -91.80
  -35.00   350.00     -14.84    1.97    2.06    0.00000   -81.78  LINEAR    1.16829E-01    88.20    8.08849E-01   -91.80
  -30.00   350.00     -14.35    1.97    2.07    0.00000   -81.32  LINEAR    1.23581E-01    88.20    8.09284E-01   -91.80
  -25.00   350.00     -13.95    1.98    2.09    0.00000   -80.92  LINEAR    1.29392E-01    88.20    8.09678E-01   -91.80
  -20.00   350.00     -13.63    1.98    2.10    0.00000   -80.59  LINEAR    1.34214E-01    88.20    8.10018E-01   -91.80
  -15.00   350.00     -13.39    1.98    2.11    0.00000   -80.33  LINEAR    1.38008E-01    88.20    8.10294E-01   -91.80
  -10.00   350.00     -13.22    1.98    2.11    0.00000   -80.15  LINEAR    1.40741E-01    88.20    8.10497E-01   -91.80
   -5.00   350.00     -13.12    1.99    2.12    0.00000   -80.04  LINEAR    1.42390E-01    88.20    8.10621E-01   -91.80
    0.00   350.00     -13.09    1.99    2.12    0.00000   -80.00  LINEAR    1.42942E-01    88.20    8.10663E-01   -91.80
 -180.00   355.00     -19.07    2.09    2.12    0.00000    85.00  LINEAR    7.17439E-02   -91.80    8.20037E-01   -91.80
 -175.00   355.00     -19.11    2.09    2.12    0.00000    85.02  LINEAR    7.14700E-02   -91.80    8.20026E-01   -91.80
 -170.00   355.00     -19.21    2.09    2.12    0.00000    85.08  LINEAR    7.06503E-02   -91.80    8.19994E-01   -91.80
 -165.00   355.00     -19.38    2.09    2.12    0.00000    85.17  LINEAR    6.92913E-02   -91.80    8.19942E-01   -91.80
 -160.00   355.00     -19.62    2.08    2.11    0.00000    85.30  LINEAR    6.74037E-02   -91.80    8.19872E-01   -91.80
 -155.00   355.00     -19.93    2.08    2.11    0.00000    85.47  LINEAR    6.50021E-02   -91.80    8.19785E-01   -91.80
 -150.00   355.00     -20.33    2.08    2.11    0.00000    85.67  LINEAR    6.21054E-02   -91.80    8.19685E-01   -91.80
 -145.00   355.00     -20.81    2.08    2.10    0.00000    85.90  LINEAR    5.87360E-02   -91.80    8.19574E-01   -91.80
 -140.00   355.00     -21.40    2.08    2.10    0.00000    86.17  LINEAR    5.49201E-02   -91.80    8.19456E-01   -91.80
 -135.00   355.00     -22.09    2.08    2.10    0.00000    86.46  LINEAR    5.06871E-02   -91.80    8.19333E-01   -91.80
 -130.00   355.00     -22.92    2.08    2.09    0.00000    86.78  LINEAR    4.60697E-02   -91.80    8.19211E-01   -91.80
 -125.00   355.00     -23.91    2.08    2.09    0.00000    87.13  LINEAR    4.11033E-02   -91.80    8.19093E-01   -91.80
 -120.00   355.00     -25.11    2.08    2.08    0.00000    87.50  LINEAR    3.58258E-02   -91.80    8.18982E-01   -91.80
 -115.00   355.00     -26.57    2.07    2.08    0.00000    87.88  LINEAR    3.02776E-02   -91.80    8.18882E-01   -91.80
 -110.00   355.00     -28.41    2.07    2.08    0.00000    88.29  LINEAR    2.45007E-02   -91.80    8.18795E-01   -91.80
 -105.00   355.00     -30.83    2.07    2.07    0.00000    88.70  LINEAR    1.85390E-02   -91.80    8.18725E-01   -91.80
 -100.00   355.00     -34.30    2.07    2.07    0.00000    89.13  LINEAR    1.24375E-02   -91.80    8.18673E-01   -91.80
  -95.00   355.00     -40.28    2.07    2.07    0.00000    89.56  LINEAR    6.24226E-03   -91.80    8.18641E-01   -91.80
  -90.00   355.00    -999.99    2.07    2.07    0.00000    90.00  LINEAR    3.65511E-13   -91.80    8.18631E-01   -91.80
  -85.00   355.00     -40.28    2.07    2.07    0.00000   -89.56  LINEAR    6.24226E-03    88.20    8.18641E-01   -91.80
  -80.00   355.00     -34.30    2.07    2.07    0.00000   -89.13  LINEAR    1.24375E-02    88.20    8.18673E-01   -91.80
  -75.00   355.00     -30.83    2.07    2.07    0.00000   -88.70  LINEAR    1.85390E-02    88.20    8.18725E-01   -91.80
  -70.00   355.00     -28.41    2.07    2.08    0.00000   -88.29  LINEAR    2.45007E-02    88.20    8.18795E-01   -91.80
  -65.00   355.00     -26.57    2.07    2.08    0.00000   -87.88  LINEAR    3.02776E-02    88.20    8.18882E-01   -91.80
  -60.00   355.00     -25.11    2.08    2.08    0.00000   -87.50  LINEAR    3.58258E-02    88.20    8.18982E-01   -91.80
  -55.00   355.00     -23.91    2.08    2.09    0.00000   -87.13  LINEAR    4.11033E-02    88.20    8.19093E-01   -91.80
  -50.00   355.00     -22.92    2.08    2.09    0.00000   -86.78  LINEAR    4.60697E-02    88.20    8.19211E-01   -91.80
  -45.00   355.00     -22.09    2.08    2.10    0.00000   -86.46  LINEAR    5.06871E-02    88.20    8.19333E-01   -91.80
  -40.00   355.00     -21.40    2.08    2.10    0.00000   -86.17  LINEAR    5.49201E-02    88.20    8.19456E-01   -91.80
  -35.00   355.00     -20.81    2.08    2.10    0.00000   -85.90  LINEAR    5.87360E-02    88.20    8.19574E-01   -91.80
  -30.00   355.00     -20.33    2.08    2.11    0.00000   -85.67  LINEAR    6.21054E-02    88.20    8.19685E-01   -91.80
  -25.00   355.00     -19.93    2.08    2.11    0.00000   -85.47  LINEAR    6.50021E-02    88.20    8.19785E-01   -91.80
  -20.00   355.00     -19.62    2.08    2.11    0.00000   -85.30  LINEAR    6.74037E-02    88.20    8.19872E-01   -91.80
  -15.00   355.00     -19.38    2.09    2.12    0.00000   -85.17  LINEAR    6.92913E-02    88.20    8.19942E-01   -91.80
  -10.00   355.00     -19.21    2.09    2.12    0.00000   -85.08  LINEAR    7.06503E-02    88.20    8.19994E-01   -91.80
   -5.00   355.00     -19.11    2.09    2.12    0.00000   -85.02  LINEAR    7.14700E-02    88.20    8.20026E-01   -91.80
    0.00   355.00     -19.07    2.09    2.12    0.00000   -85.00  LINEAR    7.17439E-02    88.20    8.20037E-01   -91.80
 -180.00   360.00    -999.99    2.12    2.12    0.00000   -90.00  LINEAR    1.68039E-11    88.20    8.23169E-01   -91.80
 -175.00   360.00    -999.99    2.12    2.12    0.00000   -90.00  LINEAR    1.67399E-11    88.20    8.23169E-01   -91.80
 -170.00   360.00    -999.99    2.12    2.12    0.00000   -90.00  LINEAR    1.65486E-11    88.20    8.23169E-01   -91.80
 -165.00   360.00    -999.99    2.12    2.12    0.00000   -90.00  LINEAR    1.62313E-11    88.20    8.23169E-01   -91.80
 -160.00   360.00    -999.99    2.12    2.12    0.00000   -90.00  LINEAR    1.57905E-11    88.20    8.23169E-01   -91.80
 -155.00   360.00    -999.99    2.12    2.12    0.00000   -90.00  LINEAR    1.52295E-11    88.20    8.23169E-01   -91.80
 -150.00   360.00    -999.99    2.12    2.12    0.00000   -90.00  LINEAR    1.45526E-11    88.20    8.23169E-01   -91.80
 -145.00   360.00    -999.99    2.12    2.12    0.00000   -90.00  LINEAR    1.37649E-11    88.20    8.23169E-01   -91.80
 -140.00   360.00    -999.99    2.12    2.12    0.00000   -90.00  LINEAR    1.28725E-11    88.20    8.23169E-01   -91.80
 -135.00   360.00    -999.99    2.12    2.12    0.00000   -90.00  LINEAR    1.18821E-11    88.20    8.23169E-01   -91.80
 -130.00   360.00    -999.99    2.12    2.12    0.00000   -90.00  LINEAR    1.08013E-11    88.20    8.23169E-01   -91.80
 -125.00   360.00    -999.99    2.12    2.12    0.00000   -90.00  LINEAR    9.63831E-12    88.20    8.23169E-01   -91.80
 -120.00   360.00    -999.99    2.12    2.12    0.00000   -90.00  LINEAR    8.40194E-12    88.20    8.23169E-01   -91.80
 -115.00   360.00    -999.99    2.12    2.12    0.00000   -90.00  LINEAR    7.10163E-12    88.20    8.23169E-01   -91.80
 -110.00   360.00    -999.99    2.12    2.12    0.00000   -90.00  LINEAR    5.74727E-12    88.20    8.23169E-01   -91.80
 -105.00   360.00    -999.99    2.12    2.12    0.00000   -90.00  LINEAR    4.34916E-12    88.20    8.23169E-01   -91.80
 -100.00   360.00    -999.99    2.12    2.12    0.00000   -90.00  LINEAR    2.91796E-12    88.20    8.23169E-01   -91.80
  -95.00   360.00    -999.99    2.12    2.12    0.00000   -90.00  LINEAR    1.46455E-12    88.20    8.23169E-01   -91.80
  -90.00   360.00    -999.99    2.12    2.12    0.00000   -90.00  LINEAR    8.57571E-23    88.20    8.23169E-01   -91.80
  -85.00   360.00    -999.99    2.12    2.12    0.00000    90.00  LINEAR    1.46455E-12   -91.80    8.23169E-01   -91.80
  -80.00   360.00    -999.99    2.12    2.12    0.00000    90.00  LINEAR    2.91796E-12   -91.80    8.23169E-01   -91.80
  -75.00   360.00    -999.99    2.12    2.12    0.00000    90.00  LINEAR    4.34916E-12   -91.80    8.23169E-01   -91.80
  -70.00   360.00    -999.99    2.12    2.12    0.00000    90.00  LINEAR    5.74727E-12   -91.80    8.23169E-01   -91.80
  -65.00   360.00    -999.99    2.12    2.12    0.00000    90.00  LINEAR    7.10163E-12   -91.80    8.23169E-01   -91.80
  -60.00   360.00    -999.99    2.12    2.12    0.00000    90.00  LINEAR    8.40194E-12   -91.80    8.23169E-01   -91.80
  -55.00   360.00    -999.99    2.12    2.12    0.00000    90.00  LINEAR    9.63831E-12   -91.80    8.23169E-01   -91.80
  -50.00   360.00    -999.99    2.12    2.12    0.00000    90.00  LINEAR    1.08013E-11   -91.80    8.23169E-01   -91.80
  -45.00   360.00    -999.99    2.12    2.12    0.00000    90.00  LINEAR    1.18821E-11   -91.80    8.23169E-01   -91.80
  -40.00   360.00    -999.99    2.12    2.12    0.00000    90.00  LINEAR    1.28725E-11   -91.80    8.23169E-01   -91.80
  -35.00   360.00    -999.99    2.12    2.12    0.00000    90.00  LINEAR    1.37649E-11   -91.80    8.23169E-01   -91.80
  -30.00   360.00    -999.99    2.12    2.12    0.00000    90.00  LINEAR    1.45526E-11   -91.80    8.23169E-01   -91.80
  -25.00   360.00    -999.99    2.12    2.12    0.00000    90.00  LINEAR    1.52295E-11   -91.80    8.23169E-01   -91.80
  -20.00   360.00    -999.99    2.12    2.12    0.00000    90.00  LINEAR    1.57905E-11   -91.80    8.23169E-01   -91.80
  -15.00   360.00    -999.99    2.12    2.12    0.00000    90.00  LINEAR    1.62313E-11   -91.80    8.23169E-01   -91.80
  -10.00   360.00    -999.99    2.12    2.12    0.00000    90.00  LINEAR    1.65486E-11   -91.80    8.23169E-01   -91.80
   -5.00   360.00    -999.99    2.12    2.12    0.00000    90.00  LINEAR    1.67399E-11   -91.80    8.23169E-01   -91.80
    0.00   360.00    -999.99    2.12    2.12    0.00000    90.00  LINEAR    1.68039E-11   -91.80    8.23169E-01   -91.80


   AVERAGE POWER GAIN= 9.95901E-01       SOLID ANGLE USED IN AVERAGING=( 4.0000)*PI STERADIANS.








 ***** DATA CARD NO.  4   EN   0    37    73  1003 -1.80000E+02  0.00000E+00  5.00000E+00  5.00000E+00  0.00000E+00  0.00000E+00

 RUN TIME =     0.016
