1



                                 *********************************************

                                    NUMERICAL ELECTROMAGNETICS CODE (NEC-2D)

                                 *********************************************




                                     - - - - COMMENTS - - - -


                          K3LR 160 Meter V-Square                                                    
                          using Green's function                                                     
                                                                                                     




                                 - - - STRUCTURE SPECIFICATION - - -

                                     COORDINATES MUST BE INPUT IN
                                     METERS OR BE SCALED TO METERS
                                     BEFORE STRUCTURE INPUT IS ENDED


  WIRE                                                                               NO. OF    FIRST  LAST     TAG
  NO.        X1         Y1         Z1          X2         Y2         Z2      RADIUS   SEG.     SEG.   SEG.     NO.
     1    2.43600    0.00000    7.31000    97.00000    0.00000   97.00000    0.00337     10        1    10       1
     2   97.00000    0.00000   97.00000     2.92200    0.00000  187.20000    0.00337     10       11    20       2
     3    1.01720    0.00000    0.00000     1.01720    0.00000  100.00000    0.04167      8       21    28       3
     4    1.01720    0.00000  100.00000     1.01720    0.00000  190.00000    0.04167     24       29    52       4
     5    0.00000    0.00000  190.00000     1.01720    0.00000  190.00000    0.04167      1       53    53       6
      STRUCTURE ROTATED ABOUT Z-AXIS  4 TIMES.  LABELS INCREMENTED BY   10
      STRUCTURE SCALED BY FACTOR   0.30480

   TOTAL SEGMENTS USED=  212     NO. SEG. IN A SYMMETRIC CELL=   53     SYMMETRY FLAG= -1
 STRUCTURE HAS   4 FOLD ROTATIONAL SYMMETRY



         - MULTIPLE WIRE JUNCTIONS -
 JUNCTION    SEGMENTS  (- FOR END 1, + FOR END 2)
     1       -53 -106 -159 -212




                                 - - - - SEGMENTATION DATA - - - -

                                        COORDINATES IN METERS

                         I+ AND I- INDICATE THE SEGMENTS BEFORE AND AFTER I


  SEG.   COORDINATES OF SEG. CENTER     SEG.     ORIENTATION ANGLES    WIRE    CONNECTION DATA   TAG
  NO.       X         Y         Z       LENGTH     ALPHA     BETA      RADIUS    I-   I    I+    NO.
     1   2.18365   0.00000   3.59496   3.97254   43.48473   0.00000   0.00103     0    1    2      1
     2   5.06596   0.00000   6.32871   3.97254   43.48473   0.00000   0.00103     1    2    3      1
     3   7.94827   0.00000   9.06247   3.97254   43.48473   0.00000   0.00103     2    3    4      1
     4  10.83058   0.00000  11.79622   3.97254   43.48473   0.00000   0.00103     3    4    5      1
     5  13.71289   0.00000  14.52997   3.97254   43.48473   0.00000   0.00103     4    5    6      1
     6  16.59520   0.00000  17.26372   3.97254   43.48473   0.00000   0.00103     5    6    7      1
     7  19.47751   0.00000  19.99747   3.97254   43.48473   0.00000   0.00103     6    7    8      1
     8  22.35982   0.00000  22.73122   3.97254   43.48473   0.00000   0.00103     7    8    9      1
     9  25.24213   0.00000  25.46497   3.97254   43.48473   0.00000   0.00103     8    9   10      1
    10  28.12444   0.00000  28.19872   3.97254   43.48473   0.00000   0.00103     9   10   11      1
    11  28.13185   0.00000  30.94025   3.97255   43.79443 180.00000   0.00103    10   11   12      2
    12  25.26435   0.00000  33.68954   3.97255   43.79443 180.00000   0.00103    11   12   13      2
    13  22.39686   0.00000  36.43884   3.97255   43.79443 180.00000   0.00103    12   13   14      2
    14  19.52936   0.00000  39.18814   3.97255   43.79443 180.00000   0.00103    13   14   15      2
    15  16.66186   0.00000  41.93743   3.97255   43.79443 180.00000   0.00103    14   15   16      2
    16  13.79436   0.00000  44.68673   3.97255   43.79443 180.00000   0.00103    15   16   17      2
    17  10.92687   0.00000  47.43602   3.97255   43.79443 180.00000   0.00103    16   17   18      2
    18   8.05937   0.00000  50.18532   3.97255   43.79443 180.00000   0.00103    17   18   19      2
    19   5.19187   0.00000  52.93462   3.97255   43.79443 180.00000   0.00103    18   19   20      2
    20   2.32437   0.00000  55.68391   3.97255   43.79443 180.00000   0.00103    19   20    0      2
    21   0.31004   0.00000   1.90500   3.81000   90.00000   0.00000   0.01270     0   21   22      3
    22   0.31004   0.00000   5.71500   3.81000   90.00000   0.00000   0.01270    21   22   23      3
    23   0.31004   0.00000   9.52500   3.81000   90.00000   0.00000   0.01270    22   23   24      3
    24   0.31004   0.00000  13.33500   3.81000   90.00000   0.00000   0.01270    23   24   25      3
    25   0.31004   0.00000  17.14500   3.81000   90.00000   0.00000   0.01270    24   25   26      3
    26   0.31004   0.00000  20.95500   3.81000   90.00000   0.00000   0.01270    25   26   27      3
    27   0.31004   0.00000  24.76500   3.81000   90.00000   0.00000   0.01270    26   27   28      3
    28   0.31004   0.00000  28.57500   3.81000   90.00000   0.00000   0.01270    27   28   29      3
    29   0.31004   0.00000  31.05150   1.14300   90.00000   0.00000   0.01270    28   29   30      4
    30   0.31004   0.00000  32.19450   1.14300   90.00000   0.00000   0.01270    29   30   31      4
    31   0.31004   0.00000  33.33750   1.14300   90.00000   0.00000   0.01270    30   31   32      4
    32   0.31004   0.00000  34.48050   1.14300   90.00000   0.00000   0.01270    31   32   33      4
    33   0.31004   0.00000  35.62350   1.14300   90.00000   0.00000   0.01270    32   33   34      4
    34   0.31004   0.00000  36.76650   1.14300   90.00000   0.00000   0.01270    33   34   35      4
    35   0.31004   0.00000  37.90950   1.14300   90.00000   0.00000   0.01270    34   35   36      4
    36   0.31004   0.00000  39.05250   1.14300   90.00000   0.00000   0.01270    35   36   37      4
    37   0.31004   0.00000  40.19550   1.14300   90.00000   0.00000   0.01270    36   37   38      4
    38   0.31004   0.00000  41.33850   1.14300   90.00000   0.00000   0.01270    37   38   39      4
    39   0.31004   0.00000  42.48150   1.14300   90.00000   0.00000   0.01270    38   39   40      4
    40   0.31004   0.00000  43.62450   1.14300   90.00000   0.00000   0.01270    39   40   41      4
    41   0.31004   0.00000  44.76750   1.14300   90.00000   0.00000   0.01270    40   41   42      4
    42   0.31004   0.00000  45.91050   1.14300   90.00000   0.00000   0.01270    41   42   43      4
    43   0.31004   0.00000  47.05350   1.14300   90.00000   0.00000   0.01270    42   43   44      4
    44   0.31004   0.00000  48.19650   1.14300   90.00000   0.00000   0.01270    43   44   45      4
    45   0.31004   0.00000  49.33950   1.14300   90.00000   0.00000   0.01270    44   45   46      4
    46   0.31004   0.00000  50.48250   1.14300   90.00000   0.00000   0.01270    45   46   47      4
    47   0.31004   0.00000  51.62550   1.14300   90.00000   0.00000   0.01270    46   47   48      4
    48   0.31004   0.00000  52.76850   1.14300   90.00000   0.00000   0.01270    47   48   49      4
    49   0.31004   0.00000  53.91150   1.14300   90.00000   0.00000   0.01270    48   49   50      4
    50   0.31004   0.00000  55.05450   1.14300   90.00000   0.00000   0.01270    49   50   51      4
    51   0.31004   0.00000  56.19750   1.14300   90.00000   0.00000   0.01270    50   51   52      4
    52   0.31004   0.00000  57.34050   1.14300   90.00000   0.00000   0.01270    51   52  -53      4
    53   0.15502   0.00000  57.91200   0.31004    0.00000   0.00000   0.01270  -106   53  -52      6
    54   0.00000   2.18365   3.59496   3.97254   43.48473  90.00000   0.00103     0   54   55     11
    55   0.00000   5.06596   6.32871   3.97254   43.48473  90.00000   0.00103    54   55   56     11
    56   0.00000   7.94827   9.06247   3.97254   43.48473  90.00000   0.00103    55   56   57     11
    57   0.00000  10.83058  11.79622   3.97254   43.48473  90.00000   0.00103    56   57   58     11
    58   0.00000  13.71289  14.52997   3.97254   43.48473  90.00000   0.00103    57   58   59     11
    59   0.00000  16.59520  17.26372   3.97254   43.48473  90.00000   0.00103    58   59   60     11
    60   0.00000  19.47751  19.99747   3.97254   43.48473  90.00000   0.00103    59   60   61     11
    61   0.00000  22.35982  22.73122   3.97254   43.48473  90.00000   0.00103    60   61   62     11
    62   0.00000  25.24213  25.46497   3.97254   43.48473  90.00000   0.00103    61   62   63     11
    63   0.00000  28.12444  28.19872   3.97254   43.48473  90.00000   0.00103    62   63   64     11
    64   0.00000  28.13185  30.94025   3.97255   43.79443 -90.00000   0.00103    63   64   65     12
    65   0.00000  25.26435  33.68954   3.97255   43.79443 -90.00000   0.00103    64   65   66     12
    66   0.00000  22.39686  36.43884   3.97255   43.79443 -90.00000   0.00103    65   66   67     12
    67   0.00000  19.52936  39.18814   3.97255   43.79443 -90.00000   0.00103    66   67   68     12
    68   0.00000  16.66186  41.93743   3.97255   43.79443 -90.00000   0.00103    67   68   69     12
    69   0.00000  13.79436  44.68673   3.97255   43.79443 -90.00000   0.00103    68   69   70     12
    70   0.00000  10.92687  47.43602   3.97255   43.79443 -90.00000   0.00103    69   70   71     12
    71   0.00000   8.05937  50.18532   3.97255   43.79443 -90.00000   0.00103    70   71   72     12
    72   0.00000   5.19187  52.93462   3.97255   43.79443 -90.00000   0.00103    71   72   73     12
    73   0.00000   2.32437  55.68391   3.97255   43.79443 -90.00000   0.00103    72   73    0     12
    74   0.00000   0.31004   1.90500   3.81000   90.00000   0.00000   0.01270     0   74   75     13
    75   0.00000   0.31004   5.71500   3.81000   90.00000   0.00000   0.01270    74   75   76     13
    76   0.00000   0.31004   9.52500   3.81000   90.00000   0.00000   0.01270    75   76   77     13
    77   0.00000   0.31004  13.33500   3.81000   90.00000   0.00000   0.01270    76   77   78     13
    78   0.00000   0.31004  17.14500   3.81000   90.00000   0.00000   0.01270    77   78   79     13
    79   0.00000   0.31004  20.95500   3.81000   90.00000   0.00000   0.01270    78   79   80     13
    80   0.00000   0.31004  24.76500   3.81000   90.00000   0.00000   0.01270    79   80   81     13
    81   0.00000   0.31004  28.57500   3.81000   90.00000   0.00000   0.01270    80   81   82     13
    82   0.00000   0.31004  31.05150   1.14300   90.00000   0.00000   0.01270    81   82   83     14
    83   0.00000   0.31004  32.19450   1.14300   90.00000   0.00000   0.01270    82   83   84     14
    84   0.00000   0.31004  33.33750   1.14300   90.00000   0.00000   0.01270    83   84   85     14
    85   0.00000   0.31004  34.48050   1.14300   90.00000   0.00000   0.01270    84   85   86     14
    86   0.00000   0.31004  35.62350   1.14300   90.00000   0.00000   0.01270    85   86   87     14
    87   0.00000   0.31004  36.76650   1.14300   90.00000   0.00000   0.01270    86   87   88     14
    88   0.00000   0.31004  37.90950   1.14300   90.00000   0.00000   0.01270    87   88   89     14
    89   0.00000   0.31004  39.05250   1.14300   90.00000   0.00000   0.01270    88   89   90     14
    90   0.00000   0.31004  40.19550   1.14300   90.00000   0.00000   0.01270    89   90   91     14
    91   0.00000   0.31004  41.33850   1.14300   90.00000   0.00000   0.01270    90   91   92     14
    92   0.00000   0.31004  42.48150   1.14300   90.00000   0.00000   0.01270    91   92   93     14
    93   0.00000   0.31004  43.62450   1.14300   90.00000   0.00000   0.01270    92   93   94     14
    94   0.00000   0.31004  44.76750   1.14300   90.00000   0.00000   0.01270    93   94   95     14
    95   0.00000   0.31004  45.91050   1.14300   90.00000   0.00000   0.01270    94   95   96     14
    96   0.00000   0.31004  47.05350   1.14300   90.00000   0.00000   0.01270    95   96   97     14
    97   0.00000   0.31004  48.19650   1.14300   90.00000   0.00000   0.01270    96   97   98     14
    98   0.00000   0.31004  49.33950   1.14300   90.00000   0.00000   0.01270    97   98   99     14
    99   0.00000   0.31004  50.48250   1.14300   90.00000   0.00000   0.01270    98   99  100     14
   100   0.00000   0.31004  51.62550   1.14300   90.00000   0.00000   0.01270    99  100  101     14
   101   0.00000   0.31004  52.76850   1.14300   90.00000   0.00000   0.01270   100  101  102     14
   102   0.00000   0.31004  53.91150   1.14300   90.00000   0.00000   0.01270   101  102  103     14
   103   0.00000   0.31004  55.05450   1.14300   90.00000   0.00000   0.01270   102  103  104     14
   104   0.00000   0.31004  56.19750   1.14300   90.00000   0.00000   0.01270   103  104  105     14
   105   0.00000   0.31004  57.34050   1.14300   90.00000   0.00000   0.01270   104  105 -106     14
   106   0.00000   0.15502  57.91200   0.31004    0.00000  90.00000   0.01270  -159  106 -105     16
   107  -2.18365   0.00000   3.59496   3.97254   43.48473-180.00000   0.00103     0  107  108     21
   108  -5.06596   0.00000   6.32871   3.97254   43.48473-180.00000   0.00103   107  108  109     21
   109  -7.94827   0.00000   9.06247   3.97254   43.48473-180.00000   0.00103   108  109  110     21
   110 -10.83058   0.00000  11.79622   3.97254   43.48473-180.00000   0.00103   109  110  111     21
   111 -13.71289   0.00000  14.52997   3.97254   43.48473-180.00000   0.00103   110  111  112     21
   112 -16.59520   0.00000  17.26372   3.97254   43.48473-180.00000   0.00103   111  112  113     21
   113 -19.47751   0.00000  19.99747   3.97254   43.48473-180.00000   0.00103   112  113  114     21
   114 -22.35982   0.00000  22.73122   3.97254   43.48473-180.00000   0.00103   113  114  115     21
   115 -25.24213   0.00000  25.46497   3.97254   43.48473-180.00000   0.00103   114  115  116     21
   116 -28.12444   0.00000  28.19872   3.97254   43.48473-180.00000   0.00103   115  116  117     21
   117 -28.13185   0.00000  30.94025   3.97255   43.79443   0.00000   0.00103   116  117  118     22
   118 -25.26435   0.00000  33.68954   3.97255   43.79443   0.00000   0.00103   117  118  119     22
   119 -22.39686   0.00000  36.43884   3.97255   43.79443   0.00000   0.00103   118  119  120     22
   120 -19.52936   0.00000  39.18814   3.97255   43.79443   0.00000   0.00103   119  120  121     22
   121 -16.66186   0.00000  41.93743   3.97255   43.79443   0.00000   0.00103   120  121  122     22
   122 -13.79436   0.00000  44.68673   3.97255   43.79443   0.00000   0.00103   121  122  123     22
   123 -10.92687   0.00000  47.43602   3.97255   43.79443   0.00000   0.00103   122  123  124     22
   124  -8.05937   0.00000  50.18532   3.97255   43.79443   0.00000   0.00103   123  124  125     22
   125  -5.19187   0.00000  52.93462   3.97255   43.79443   0.00000   0.00103   124  125  126     22
   126  -2.32437   0.00000  55.68391   3.97255   43.79443   0.00000   0.00103   125  126    0     22
   127  -0.31004   0.00000   1.90500   3.81000   90.00000   0.00000   0.01270     0  127  128     23
   128  -0.31004   0.00000   5.71500   3.81000   90.00000   0.00000   0.01270   127  128  129     23
   129  -0.31004   0.00000   9.52500   3.81000   90.00000   0.00000   0.01270   128  129  130     23
   130  -0.31004   0.00000  13.33500   3.81000   90.00000   0.00000   0.01270   129  130  131     23
   131  -0.31004   0.00000  17.14500   3.81000   90.00000   0.00000   0.01270   130  131  132     23
   132  -0.31004   0.00000  20.95500   3.81000   90.00000   0.00000   0.01270   131  132  133     23
   133  -0.31004   0.00000  24.76500   3.81000   90.00000   0.00000   0.01270   132  133  134     23
   134  -0.31004   0.00000  28.57500   3.81000   90.00000   0.00000   0.01270   133  134  135     23
   135  -0.31004   0.00000  31.05150   1.14300   90.00000   0.00000   0.01270   134  135  136     24
   136  -0.31004   0.00000  32.19450   1.14300   90.00000   0.00000   0.01270   135  136  137     24
   137  -0.31004   0.00000  33.33750   1.14300   90.00000   0.00000   0.01270   136  137  138     24
   138  -0.31004   0.00000  34.48050   1.14300   90.00000   0.00000   0.01270   137  138  139     24
   139  -0.31004   0.00000  35.62350   1.14300   90.00000   0.00000   0.01270   138  139  140     24
   140  -0.31004   0.00000  36.76650   1.14300   90.00000   0.00000   0.01270   139  140  141     24
   141  -0.31004   0.00000  37.90950   1.14300   90.00000   0.00000   0.01270   140  141  142     24
   142  -0.31004   0.00000  39.05250   1.14300   90.00000   0.00000   0.01270   141  142  143     24
   143  -0.31004   0.00000  40.19550   1.14300   90.00000   0.00000   0.01270   142  143  144     24
   144  -0.31004   0.00000  41.33850   1.14300   90.00000   0.00000   0.01270   143  144  145     24
   145  -0.31004   0.00000  42.48150   1.14300   90.00000   0.00000   0.01270   144  145  146     24
   146  -0.31004   0.00000  43.62450   1.14300   90.00000   0.00000   0.01270   145  146  147     24
   147  -0.31004   0.00000  44.76750   1.14300   90.00000   0.00000   0.01270   146  147  148     24
   148  -0.31004   0.00000  45.91050   1.14300   90.00000   0.00000   0.01270   147  148  149     24
   149  -0.31004   0.00000  47.05350   1.14300   90.00000   0.00000   0.01270   148  149  150     24
   150  -0.31004   0.00000  48.19650   1.14300   90.00000   0.00000   0.01270   149  150  151     24
   151  -0.31004   0.00000  49.33950   1.14300   90.00000   0.00000   0.01270   150  151  152     24
   152  -0.31004   0.00000  50.48250   1.14300   90.00000   0.00000   0.01270   151  152  153     24
   153  -0.31004   0.00000  51.62550   1.14300   90.00000   0.00000   0.01270   152  153  154     24
   154  -0.31004   0.00000  52.76850   1.14300   90.00000   0.00000   0.01270   153  154  155     24
   155  -0.31004   0.00000  53.91150   1.14300   90.00000   0.00000   0.01270   154  155  156     24
   156  -0.31004   0.00000  55.05450   1.14300   90.00000   0.00000   0.01270   155  156  157     24
   157  -0.31004   0.00000  56.19750   1.14300   90.00000   0.00000   0.01270   156  157  158     24
   158  -0.31004   0.00000  57.34050   1.14300   90.00000   0.00000   0.01270   157  158 -159     24
   159  -0.15502   0.00000  57.91200   0.31004    0.00000-180.00000   0.01270  -212  159 -158     26
   160   0.00000  -2.18365   3.59496   3.97254   43.48473 -90.00000   0.00103     0  160  161     31
   161   0.00000  -5.06596   6.32871   3.97254   43.48473 -90.00000   0.00103   160  161  162     31
   162   0.00000  -7.94827   9.06247   3.97254   43.48473 -90.00000   0.00103   161  162  163     31
   163   0.00000 -10.83058  11.79622   3.97254   43.48473 -90.00000   0.00103   162  163  164     31
   164   0.00000 -13.71289  14.52997   3.97254   43.48473 -90.00000   0.00103   163  164  165     31
   165   0.00000 -16.59520  17.26372   3.97254   43.48473 -90.00000   0.00103   164  165  166     31
   166   0.00000 -19.47751  19.99747   3.97254   43.48473 -90.00000   0.00103   165  166  167     31
   167   0.00000 -22.35982  22.73122   3.97254   43.48473 -90.00000   0.00103   166  167  168     31
   168   0.00000 -25.24213  25.46497   3.97254   43.48473 -90.00000   0.00103   167  168  169     31
   169   0.00000 -28.12444  28.19872   3.97254   43.48473 -90.00000   0.00103   168  169  170     31
   170   0.00000 -28.13185  30.94025   3.97255   43.79443  90.00000   0.00103   169  170  171     32
   171   0.00000 -25.26435  33.68954   3.97255   43.79443  90.00000   0.00103   170  171  172     32
   172   0.00000 -22.39686  36.43884   3.97255   43.79443  90.00000   0.00103   171  172  173     32
   173   0.00000 -19.52936  39.18814   3.97255   43.79443  90.00000   0.00103   172  173  174     32
   174   0.00000 -16.66186  41.93743   3.97255   43.79443  90.00000   0.00103   173  174  175     32
   175   0.00000 -13.79436  44.68673   3.97255   43.79443  90.00000   0.00103   174  175  176     32
   176   0.00000 -10.92687  47.43602   3.97255   43.79443  90.00000   0.00103   175  176  177     32
   177   0.00000  -8.05937  50.18532   3.97255   43.79443  90.00000   0.00103   176  177  178     32
   178   0.00000  -5.19187  52.93462   3.97255   43.79443  90.00000   0.00103   177  178  179     32
   179   0.00000  -2.32437  55.68391   3.97255   43.79443  90.00000   0.00103   178  179    0     32
   180   0.00000  -0.31004   1.90500   3.81000   90.00000   0.00000   0.01270     0  180  181     33
   181   0.00000  -0.31004   5.71500   3.81000   90.00000   0.00000   0.01270   180  181  182     33
   182   0.00000  -0.31004   9.52500   3.81000   90.00000   0.00000   0.01270   181  182  183     33
   183   0.00000  -0.31004  13.33500   3.81000   90.00000   0.00000   0.01270   182  183  184     33
   184   0.00000  -0.31004  17.14500   3.81000   90.00000   0.00000   0.01270   183  184  185     33
   185   0.00000  -0.31004  20.95500   3.81000   90.00000   0.00000   0.01270   184  185  186     33
   186   0.00000  -0.31004  24.76500   3.81000   90.00000   0.00000   0.01270   185  186  187     33
   187   0.00000  -0.31004  28.57500   3.81000   90.00000   0.00000   0.01270   186  187  188     33
   188   0.00000  -0.31004  31.05150   1.14300   90.00000   0.00000   0.01270   187  188  189     34
   189   0.00000  -0.31004  32.19450   1.14300   90.00000   0.00000   0.01270   188  189  190     34
   190   0.00000  -0.31004  33.33750   1.14300   90.00000   0.00000   0.01270   189  190  191     34
   191   0.00000  -0.31004  34.48050   1.14300   90.00000   0.00000   0.01270   190  191  192     34
   192   0.00000  -0.31004  35.62350   1.14300   90.00000   0.00000   0.01270   191  192  193     34
   193   0.00000  -0.31004  36.76650   1.14300   90.00000   0.00000   0.01270   192  193  194     34
   194   0.00000  -0.31004  37.90950   1.14300   90.00000   0.00000   0.01270   193  194  195     34
   195   0.00000  -0.31004  39.05250   1.14300   90.00000   0.00000   0.01270   194  195  196     34
   196   0.00000  -0.31004  40.19550   1.14300   90.00000   0.00000   0.01270   195  196  197     34
   197   0.00000  -0.31004  41.33850   1.14300   90.00000   0.00000   0.01270   196  197  198     34
   198   0.00000  -0.31004  42.48150   1.14300   90.00000   0.00000   0.01270   197  198  199     34
   199   0.00000  -0.31004  43.62450   1.14300   90.00000   0.00000   0.01270   198  199  200     34
   200   0.00000  -0.31004  44.76750   1.14300   90.00000   0.00000   0.01270   199  200  201     34
   201   0.00000  -0.31004  45.91050   1.14300   90.00000   0.00000   0.01270   200  201  202     34
   202   0.00000  -0.31004  47.05350   1.14300   90.00000   0.00000   0.01270   201  202  203     34
   203   0.00000  -0.31004  48.19650   1.14300   90.00000   0.00000   0.01270   202  203  204     34
   204   0.00000  -0.31004  49.33950   1.14300   90.00000   0.00000   0.01270   203  204  205     34
   205   0.00000  -0.31004  50.48250   1.14300   90.00000   0.00000   0.01270   204  205  206     34
   206   0.00000  -0.31004  51.62550   1.14300   90.00000   0.00000   0.01270   205  206  207     34
   207   0.00000  -0.31004  52.76850   1.14300   90.00000   0.00000   0.01270   206  207  208     34
   208   0.00000  -0.31004  53.91150   1.14300   90.00000   0.00000   0.01270   207  208  209     34
   209   0.00000  -0.31004  55.05450   1.14300   90.00000   0.00000   0.01270   208  209  210     34
   210   0.00000  -0.31004  56.19750   1.14300   90.00000   0.00000   0.01270   209  210  211     34
   211   0.00000  -0.31004  57.34050   1.14300   90.00000   0.00000   0.01270   210  211 -212     34
   212   0.00000  -0.15502  57.91200   0.31004    0.00000 -90.00000   0.01270   -53  212 -211     36






 ***** DATA CARD NO.  1   GN   2     0     0     0  1.30000E+01  5.00000E-03  0.00000E+00  0.00000E+00  0.00000E+00  0.00000E+00
 ***** DATA CARD NO.  2   FR   0     0     0     0  1.84000E+00  0.00000E+00  0.00000E+00  0.00000E+00  0.00000E+00  0.00000E+00
 ***** DATA CARD NO.  3   LD   5     1     0     0  5.80000E+07  0.00000E+00  0.00000E+00  0.00000E+00  0.00000E+00  0.00000E+00
 ***** DATA CARD NO.  4   LD   5     2     0     0  5.80000E+07  0.00000E+00  0.00000E+00  0.00000E+00  0.00000E+00  0.00000E+00
 ***** DATA CARD NO.  5   LD   5     3     0     0  1.39000E+06  0.00000E+00  0.00000E+00  0.00000E+00  0.00000E+00  0.00000E+00
 ***** DATA CARD NO.  6   LD   5     4     0     0  1.39000E+06  0.00000E+00  0.00000E+00  0.00000E+00  0.00000E+00  0.00000E+00
 ***** DATA CARD NO.  7   LD   5     6     0     0  1.39000E+06  0.00000E+00  0.00000E+00  0.00000E+00  0.00000E+00  0.00000E+00
 ***** DATA CARD NO.  8   WG   0     0     0     0  0.00000E+00  0.00000E+00  0.00000E+00  0.00000E+00  0.00000E+00  0.00000E+00




                                 - - - - - - FREQUENCY - - - - - -

                                    FREQUENCY= 1.8400E+00 MHZ
                                    WAVELENGTH= 1.6293E+02 METERS




                    APPROXIMATE INTEGRATION EMPLOYED FOR SEGMENTS MORE THAN   1.000 WAVELENGTHS APART



                               - - - STRUCTURE IMPEDANCE LOADING - - -


       LOCATION          RESISTANCE   INDUCTANCE  CAPACITANCE       IMPEDANCE (OHMS)     CONDUCTIVITY    TYPE
    ITAG FROM THRU          OHMS        HENRYS       FARADS        REAL      IMAGINARY    MHOS/METER

       1                                                                                 5.8000E+07     WIRE  

       2                                                                                 5.8000E+07     WIRE  

       3                                                                                 1.3900E+06     WIRE  

       4                                                                                 1.3900E+06     WIRE  

       6                                                                                 1.3900E+06     WIRE  



                                  - - - ANTENNA ENVIRONMENT - - -

                                        FINITE GROUND.  SOMMERFELD SOLUTION
                                        RELATIVE DIELECTRIC CONST.= 13.000
                                        CONDUCTIVITY= 5.000E-03 MHOS/METER
                                        COMPLEX DIELECTRIC CONSTANT= 1.30000E+01-4.88478E+01



                                - - - MATRIX TIMING - - -

                        FILL=    0.047 SEC.,  FACTOR=    0.000 SEC.



 ****NUMERICAL GREEN'S FUNCTION FILE ON TAPE 20 ****
     MATRIX STORAGE -  11236 COMPLEX NUMBERS



 ***** DATA CARD NO.  9   NX   0     0     0     0  0.00000E+00  0.00000E+00  0.00000E+00  0.00000E+00  0.00000E+00  0.00000E+00
1



                                 *********************************************

                                    NUMERICAL ELECTROMAGNETICS CODE (NEC-2D)

                                 *********************************************




                                     - - - - COMMENTS - - - -


                                                                                                     





     ************************************************************************************
     ************************************************************************************
     **                                                                                **
     ** NUMERICAL GREEN'S FUNCTION                                                     **
     ** NO. SEGMENTS = 212          NO. PATCHES =   0                                  **
     ** NO. SYMMETRIC SECTIONS =   4                                                   **
     ** N.G.F. MATRIX -  CORE STORAGE =  11236 COMPLEX NUMBERS,  CASE 2                **
     ** FREQUENCY = 1.84000E+00 MHZ.                                                   **
     ** FINITE GROUND.  SOMMERFELD SOLUTION                                            **
     ** GROUND PARAMETERS - DIELECTRIC CONSTANT = 1.30000E+01                          **
     **                     CONDUCTIVITY = 5.00000E-03 MHOS/M.                         **
     **                                                                                **
     **  K3LR 160 Meter V-Square                                                     **
     **  using Green's function                                                      **
     **                                                                              **
     **                                                                                **
     ************************************************************************************
     ************************************************************************************









                                 - - - STRUCTURE SPECIFICATION - - -

                                     COORDINATES MUST BE INPUT IN
                                     METERS OR BE SCALED TO METERS
                                     BEFORE STRUCTURE INPUT IS ENDED


  WIRE                                                                               NO. OF    FIRST  LAST     TAG
  NO.        X1         Y1         Z1          X2         Y2         Z2      RADIUS   SEG.     SEG.   SEG.     NO.
     1   -2.93510    0.00000  191.80000   -19.57680    0.00000  191.80000    0.12500      2      213   214      85
     2   -2.93510    0.00000  191.80000     0.00000    0.00000  191.80000    0.12500      1      215   215      86
     3    0.00000    0.00000  191.80000    19.57680    0.00000  191.80000    0.12500      6      216   221      87
     4  -19.57680  -34.28070  191.80000   -19.57680   34.28070  191.80000    0.06980      6      222   227      88
     5   -2.93510  -32.66140  191.80000    -2.93510   32.66140  191.80000    0.07170      6      228   233      89
     6   19.57680  -31.46570  191.80000    19.57680   31.46570  191.80000    0.07370      6      234   239      90
      THE STRUCTURE HAS BEEN MOVED, MOVE DATA CARD IS -
      100    1   0.00000   0.00000   0.00000   0.00000   0.00000 -91.80000  85.00000
      THE STRUCTURE HAS BEEN MOVED, MOVE DATA CARD IS -
        0    0   0.00000   0.00000   0.00000   0.00000   1.01720   0.00000 185.00000
     7  -15.39320   -8.73540  199.00000   -15.39320    8.73540  199.00000    0.02290      4      267   270      91
     8  -11.73590   -8.21920  199.00000   -11.73590    8.21920  199.00000    0.02300      4      271   274      92
     9   -8.38230   -8.05360  199.00000    -8.38230    8.05360  199.00000    0.02310      4      275   278      93
    10   -1.42630   -7.78460  199.00000    -1.42630    7.78460  199.00000    0.02320      4      279   282      94
    11    6.56330   -7.72260  199.00000     6.56330    7.72260  199.00000    0.02330      4      283   286      95
    12   15.39320   -7.19570  199.00000    15.39320    7.19570  199.00000    0.02350      4      287   290      96
    13  -15.39320    0.00000  199.00000   -11.73590    0.00000  199.00000    0.11000      1      291   291      97
    14  -11.73590    0.00000  199.00000    -8.38230    0.00000  199.00000    0.11000      1      292   292      98
    15   -8.38230    0.00000  199.00000    -1.42630    0.00000  199.00000    0.11000      1      293   293      99
    16   -1.42630    0.00000  199.00000     0.00000    0.00000  199.00000    0.11000      1      294   294     100
    17    0.00000    0.00000  199.00000     6.56330    0.00000  199.00000    0.11000      1      295   295     101
    18    6.56330    0.00000  199.00000    15.39320    0.00000  199.00000    0.11000      1      296   296     102
    19   -7.16700  -18.45800   62.50000    -7.16700   18.45800   62.50000    0.10680      4      297   300     103
    20    0.00000  -17.54200   62.50000     0.00000   17.54200   62.50000    0.10680      4      301   304     104
    21    8.60400  -16.27100   62.50000     8.60400   16.27100   62.50000    0.10680      4      305   308     105
    22   -7.16700    0.00000   62.50000     0.00000    0.00000   62.50000    0.10680      1      309   309     106
    23    0.00000    0.00000   62.50000     8.60400    0.00000   62.50000    0.10680      1      310   310     107
      THE STRUCTURE HAS BEEN MOVED, MOVE DATA CARD IS -
        0    0   0.00000   0.00000  45.00000   0.00000   1.01720   0.00000 103.00000
    24    0.00000    0.00000  190.00000     0.00000    0.00000  199.00000    0.12500      5      311   315     110
      STRUCTURE SCALED BY FACTOR   0.30480

   GROUND PLANE SPECIFIED.

   WHERE WIRE ENDS TOUCH GROUND, CURRENT WILL BE INTERPOLATED TO IMAGE IN GROUND PLANE.


   TOTAL SEGMENTS USED=  315     NO. SEG. IN A SYMMETRIC CELL=  315     SYMMETRY FLAG=  0


         - MULTIPLE WIRE JUNCTIONS -
 JUNCTION    SEGMENTS  (- FOR END 1, + FOR END 2)
     1       -53 -106 -159 -212 -311
     2        78  -79  302 -303  309 -310
     3        81  -82  242 -243
     4      -213 -215  230 -231
     5       214  224 -225
     6       215 -216  311 -312
     7       221  236 -237
     8      -240 -242  257 -258
     9       241  251 -252
    10       248  263 -264
    11       268 -269 -291
    12       272 -273  291 -292
    13       276 -277  292 -293
    14       280 -281  293 -294
    15       284 -285  295 -296
    16       288 -289  296
    17       294 -295  315
    18       298 -299 -309
    19       306 -307  310




                                 - - - - SEGMENTATION DATA - - - -

                                        COORDINATES IN METERS

                         I+ AND I- INDICATE THE SEGMENTS BEFORE AND AFTER I


  SEG.   COORDINATES OF SEG. CENTER     SEG.     ORIENTATION ANGLES    WIRE    CONNECTION DATA   TAG
  NO.       X         Y         Z       LENGTH     ALPHA     BETA      RADIUS    I-   I    I+    NO.
     1   2.18365   0.00000   3.59496   3.97254   43.48473   0.00000   0.00103     0    1    2      1
     2   5.06596   0.00000   6.32871   3.97254   43.48473   0.00000   0.00103     1    2    3      1
     3   7.94827   0.00000   9.06247   3.97254   43.48473   0.00000   0.00103     2    3    4      1
     4  10.83058   0.00000  11.79622   3.97254   43.48473   0.00000   0.00103     3    4    5      1
     5  13.71289   0.00000  14.52997   3.97254   43.48473   0.00000   0.00103     4    5    6      1
     6  16.59520   0.00000  17.26372   3.97254   43.48473   0.00000   0.00103     5    6    7      1
     7  19.47751   0.00000  19.99747   3.97254   43.48473   0.00000   0.00103     6    7    8      1
     8  22.35982   0.00000  22.73122   3.97254   43.48473   0.00000   0.00103     7    8    9      1
     9  25.24213   0.00000  25.46497   3.97254   43.48473   0.00000   0.00103     8    9   10      1
    10  28.12444   0.00000  28.19872   3.97254   43.48473   0.00000   0.00103     9   10   11      1
    11  28.13185   0.00000  30.94025   3.97255   43.79443 180.00000   0.00103    10   11   12      2
    12  25.26435   0.00000  33.68954   3.97255   43.79443 180.00000   0.00103    11   12   13      2
    13  22.39686   0.00000  36.43884   3.97255   43.79443 180.00000   0.00103    12   13   14      2
    14  19.52936   0.00000  39.18814   3.97255   43.79443 180.00000   0.00103    13   14   15      2
    15  16.66186   0.00000  41.93743   3.97255   43.79443 180.00000   0.00103    14   15   16      2
    16  13.79436   0.00000  44.68673   3.97255   43.79443 180.00000   0.00103    15   16   17      2
    17  10.92687   0.00000  47.43602   3.97255   43.79443 180.00000   0.00103    16   17   18      2
    18   8.05937   0.00000  50.18532   3.97255   43.79443 180.00000   0.00103    17   18   19      2
    19   5.19187   0.00000  52.93462   3.97255   43.79443 180.00000   0.00103    18   19   20      2
    20   2.32437   0.00000  55.68391   3.97255   43.79443 180.00000   0.00103    19   20    0      2
    21   0.31004   0.00000   1.90500   3.81000   90.00000   0.00000   0.01270    21   21   22      3
    22   0.31004   0.00000   5.71500   3.81000   90.00000   0.00000   0.01270    21   22   23      3
    23   0.31004   0.00000   9.52500   3.81000   90.00000   0.00000   0.01270    22   23   24      3
    24   0.31004   0.00000  13.33500   3.81000   90.00000   0.00000   0.01270    23   24   25      3
    25   0.31004   0.00000  17.14500   3.81000   90.00000   0.00000   0.01270    24   25   26      3
    26   0.31004   0.00000  20.95500   3.81000   90.00000   0.00000   0.01270    25   26   27      3
    27   0.31004   0.00000  24.76500   3.81000   90.00000   0.00000   0.01270    26   27   28      3
    28   0.31004   0.00000  28.57500   3.81000   90.00000   0.00000   0.01270    27   28   29      3
    29   0.31004   0.00000  31.05150   1.14300   90.00000   0.00000   0.01270    28   29   30      4
    30   0.31004   0.00000  32.19450   1.14300   90.00000   0.00000   0.01270    29   30   31      4
    31   0.31004   0.00000  33.33750   1.14300   90.00000   0.00000   0.01270    30   31   32      4
    32   0.31004   0.00000  34.48050   1.14300   90.00000   0.00000   0.01270    31   32   33      4
    33   0.31004   0.00000  35.62350   1.14300   90.00000   0.00000   0.01270    32   33   34      4
    34   0.31004   0.00000  36.76650   1.14300   90.00000   0.00000   0.01270    33   34   35      4
    35   0.31004   0.00000  37.90950   1.14300   90.00000   0.00000   0.01270    34   35   36      4
    36   0.31004   0.00000  39.05250   1.14300   90.00000   0.00000   0.01270    35   36   37      4
    37   0.31004   0.00000  40.19550   1.14300   90.00000   0.00000   0.01270    36   37   38      4
    38   0.31004   0.00000  41.33850   1.14300   90.00000   0.00000   0.01270    37   38   39      4
    39   0.31004   0.00000  42.48150   1.14300   90.00000   0.00000   0.01270    38   39   40      4
    40   0.31004   0.00000  43.62450   1.14300   90.00000   0.00000   0.01270    39   40   41      4
    41   0.31004   0.00000  44.76750   1.14300   90.00000   0.00000   0.01270    40   41   42      4
    42   0.31004   0.00000  45.91050   1.14300   90.00000   0.00000   0.01270    41   42   43      4
    43   0.31004   0.00000  47.05350   1.14300   90.00000   0.00000   0.01270    42   43   44      4
    44   0.31004   0.00000  48.19650   1.14300   90.00000   0.00000   0.01270    43   44   45      4
    45   0.31004   0.00000  49.33950   1.14300   90.00000   0.00000   0.01270    44   45   46      4
    46   0.31004   0.00000  50.48250   1.14300   90.00000   0.00000   0.01270    45   46   47      4
    47   0.31004   0.00000  51.62550   1.14300   90.00000   0.00000   0.01270    46   47   48      4
    48   0.31004   0.00000  52.76850   1.14300   90.00000   0.00000   0.01270    47   48   49      4
    49   0.31004   0.00000  53.91150   1.14300   90.00000   0.00000   0.01270    48   49   50      4
    50   0.31004   0.00000  55.05450   1.14300   90.00000   0.00000   0.01270    49   50   51      4
    51   0.31004   0.00000  56.19750   1.14300   90.00000   0.00000   0.01270    50   51   52      4
    52   0.31004   0.00000  57.34050   1.14300   90.00000   0.00000   0.01270    51   52  -53      4
    53   0.15502   0.00000  57.91200   0.31004    0.00000   0.00000   0.01270  -106   53  -52      6
    54   0.00000   2.18365   3.59496   3.97254   43.48473  90.00000   0.00103     0   54   55     11
    55   0.00000   5.06596   6.32871   3.97254   43.48473  90.00000   0.00103    54   55   56     11
    56   0.00000   7.94827   9.06247   3.97254   43.48473  90.00000   0.00103    55   56   57     11
    57   0.00000  10.83058  11.79622   3.97254   43.48473  90.00000   0.00103    56   57   58     11
    58   0.00000  13.71289  14.52997   3.97254   43.48473  90.00000   0.00103    57   58   59     11
    59   0.00000  16.59520  17.26372   3.97254   43.48473  90.00000   0.00103    58   59   60     11
    60   0.00000  19.47751  19.99747   3.97254   43.48473  90.00000   0.00103    59   60   61     11
    61   0.00000  22.35982  22.73122   3.97254   43.48473  90.00000   0.00103    60   61   62     11
    62   0.00000  25.24213  25.46497   3.97254   43.48473  90.00000   0.00103    61   62   63     11
    63   0.00000  28.12444  28.19872   3.97254   43.48473  90.00000   0.00103    62   63   64     11
    64   0.00000  28.13185  30.94025   3.97255   43.79443 -90.00000   0.00103    63   64   65     12
    65   0.00000  25.26435  33.68954   3.97255   43.79443 -90.00000   0.00103    64   65   66     12
    66   0.00000  22.39686  36.43884   3.97255   43.79443 -90.00000   0.00103    65   66   67     12
    67   0.00000  19.52936  39.18814   3.97255   43.79443 -90.00000   0.00103    66   67   68     12
    68   0.00000  16.66186  41.93743   3.97255   43.79443 -90.00000   0.00103    67   68   69     12
    69   0.00000  13.79436  44.68673   3.97255   43.79443 -90.00000   0.00103    68   69   70     12
    70   0.00000  10.92687  47.43602   3.97255   43.79443 -90.00000   0.00103    69   70   71     12
    71   0.00000   8.05937  50.18532   3.97255   43.79443 -90.00000   0.00103    70   71   72     12
    72   0.00000   5.19187  52.93462   3.97255   43.79443 -90.00000   0.00103    71   72   73     12
    73   0.00000   2.32437  55.68391   3.97255   43.79443 -90.00000   0.00103    72   73    0     12
    74   0.00000   0.31004   1.90500   3.81000   90.00000   0.00000   0.01270    74   74   75     13
    75   0.00000   0.31004   5.71500   3.81000   90.00000   0.00000   0.01270    74   75   76     13
    76   0.00000   0.31004   9.52500   3.81000   90.00000   0.00000   0.01270    75   76   77     13
    77   0.00000   0.31004  13.33500   3.81000   90.00000   0.00000   0.01270    76   77   78     13
    78   0.00000   0.31004  17.14500   3.81000   90.00000   0.00000   0.01270    77   78   79     13
    79   0.00000   0.31004  20.95500   3.81000   90.00000 180.00000   0.01270   302   79   80     13
    80   0.00000   0.31004  24.76500   3.81000   90.00000   0.00000   0.01270    79   80   81     13
    81   0.00000   0.31004  28.57500   3.81000   90.00000   0.00000   0.01270    80   81   82     13
    82   0.00000   0.31004  31.05150   1.14300   90.00000 180.00000   0.01270   242   82   83     14
    83   0.00000   0.31004  32.19450   1.14300   90.00000   0.00000   0.01270    82   83   84     14
    84   0.00000   0.31004  33.33750   1.14300   90.00000   0.00000   0.01270    83   84   85     14
    85   0.00000   0.31004  34.48050   1.14300   90.00000   0.00000   0.01270    84   85   86     14
    86   0.00000   0.31004  35.62350   1.14300   90.00000   0.00000   0.01270    85   86   87     14
    87   0.00000   0.31004  36.76650   1.14300   90.00000   0.00000   0.01270    86   87   88     14
    88   0.00000   0.31004  37.90950   1.14300   90.00000   0.00000   0.01270    87   88   89     14
    89   0.00000   0.31004  39.05250   1.14300   90.00000   0.00000   0.01270    88   89   90     14
    90   0.00000   0.31004  40.19550   1.14300   90.00000   0.00000   0.01270    89   90   91     14
    91   0.00000   0.31004  41.33850   1.14300   90.00000   0.00000   0.01270    90   91   92     14
    92   0.00000   0.31004  42.48150   1.14300   90.00000   0.00000   0.01270    91   92   93     14
    93   0.00000   0.31004  43.62450   1.14300   90.00000   0.00000   0.01270    92   93   94     14
    94   0.00000   0.31004  44.76750   1.14300   90.00000   0.00000   0.01270    93   94   95     14
    95   0.00000   0.31004  45.91050   1.14300   90.00000   0.00000   0.01270    94   95   96     14
    96   0.00000   0.31004  47.05350   1.14300   90.00000   0.00000   0.01270    95   96   97     14
    97   0.00000   0.31004  48.19650   1.14300   90.00000   0.00000   0.01270    96   97   98     14
    98   0.00000   0.31004  49.33950   1.14300   90.00000   0.00000   0.01270    97   98   99     14
    99   0.00000   0.31004  50.48250   1.14300   90.00000   0.00000   0.01270    98   99  100     14
   100   0.00000   0.31004  51.62550   1.14300   90.00000   0.00000   0.01270    99  100  101     14
   101   0.00000   0.31004  52.76850   1.14300   90.00000   0.00000   0.01270   100  101  102     14
   102   0.00000   0.31004  53.91150   1.14300   90.00000   0.00000   0.01270   101  102  103     14
   103   0.00000   0.31004  55.05450   1.14300   90.00000   0.00000   0.01270   102  103  104     14
   104   0.00000   0.31004  56.19750   1.14300   90.00000   0.00000   0.01270   103  104  105     14
   105   0.00000   0.31004  57.34050   1.14300   90.00000   0.00000   0.01270   104  105 -106     14
   106   0.00000   0.15502  57.91200   0.31004    0.00000  90.00000   0.01270  -159  106 -105     16
   107  -2.18365   0.00000   3.59496   3.97254   43.48473-180.00000   0.00103     0  107  108     21
   108  -5.06596   0.00000   6.32871   3.97254   43.48473-180.00000   0.00103   107  108  109     21
   109  -7.94827   0.00000   9.06247   3.97254   43.48473-180.00000   0.00103   108  109  110     21
   110 -10.83058   0.00000  11.79622   3.97254   43.48473-180.00000   0.00103   109  110  111     21
   111 -13.71289   0.00000  14.52997   3.97254   43.48473-180.00000   0.00103   110  111  112     21
   112 -16.59520   0.00000  17.26372   3.97254   43.48473-180.00000   0.00103   111  112  113     21
   113 -19.47751   0.00000  19.99747   3.97254   43.48473-180.00000   0.00103   112  113  114     21
   114 -22.35982   0.00000  22.73122   3.97254   43.48473-180.00000   0.00103   113  114  115     21
   115 -25.24213   0.00000  25.46497   3.97254   43.48473-180.00000   0.00103   114  115  116     21
   116 -28.12444   0.00000  28.19872   3.97254   43.48473-180.00000   0.00103   115  116  117     21
   117 -28.13185   0.00000  30.94025   3.97255   43.79443   0.00000   0.00103   116  117  118     22
   118 -25.26435   0.00000  33.68954   3.97255   43.79443   0.00000   0.00103   117  118  119     22
   119 -22.39686   0.00000  36.43884   3.97255   43.79443   0.00000   0.00103   118  119  120     22
   120 -19.52936   0.00000  39.18814   3.97255   43.79443   0.00000   0.00103   119  120  121     22
   121 -16.66186   0.00000  41.93743   3.97255   43.79443   0.00000   0.00103   120  121  122     22
   122 -13.79436   0.00000  44.68673   3.97255   43.79443   0.00000   0.00103   121  122  123     22
   123 -10.92687   0.00000  47.43602   3.97255   43.79443   0.00000   0.00103   122  123  124     22
   124  -8.05937   0.00000  50.18532   3.97255   43.79443   0.00000   0.00103   123  124  125     22
   125  -5.19187   0.00000  52.93462   3.97255   43.79443   0.00000   0.00103   124  125  126     22
   126  -2.32437   0.00000  55.68391   3.97255   43.79443   0.00000   0.00103   125  126    0     22
   127  -0.31004   0.00000   1.90500   3.81000   90.00000   0.00000   0.01270   127  127  128     23
   128  -0.31004   0.00000   5.71500   3.81000   90.00000   0.00000   0.01270   127  128  129     23
   129  -0.31004   0.00000   9.52500   3.81000   90.00000   0.00000   0.01270   128  129  130     23
   130  -0.31004   0.00000  13.33500   3.81000   90.00000   0.00000   0.01270   129  130  131     23
   131  -0.31004   0.00000  17.14500   3.81000   90.00000   0.00000   0.01270   130  131  132     23
   132  -0.31004   0.00000  20.95500   3.81000   90.00000   0.00000   0.01270   131  132  133     23
   133  -0.31004   0.00000  24.76500   3.81000   90.00000   0.00000   0.01270   132  133  134     23
   134  -0.31004   0.00000  28.57500   3.81000   90.00000   0.00000   0.01270   133  134  135     23
   135  -0.31004   0.00000  31.05150   1.14300   90.00000   0.00000   0.01270   134  135  136     24
   136  -0.31004   0.00000  32.19450   1.14300   90.00000   0.00000   0.01270   135  136  137     24
   137  -0.31004   0.00000  33.33750   1.14300   90.00000   0.00000   0.01270   136  137  138     24
   138  -0.31004   0.00000  34.48050   1.14300   90.00000   0.00000   0.01270   137  138  139     24
   139  -0.31004   0.00000  35.62350   1.14300   90.00000   0.00000   0.01270   138  139  140     24
   140  -0.31004   0.00000  36.76650   1.14300   90.00000   0.00000   0.01270   139  140  141     24
   141  -0.31004   0.00000  37.90950   1.14300   90.00000   0.00000   0.01270   140  141  142     24
   142  -0.31004   0.00000  39.05250   1.14300   90.00000   0.00000   0.01270   141  142  143     24
   143  -0.31004   0.00000  40.19550   1.14300   90.00000   0.00000   0.01270   142  143  144     24
   144  -0.31004   0.00000  41.33850   1.14300   90.00000   0.00000   0.01270   143  144  145     24
   145  -0.31004   0.00000  42.48150   1.14300   90.00000   0.00000   0.01270   144  145  146     24
   146  -0.31004   0.00000  43.62450   1.14300   90.00000   0.00000   0.01270   145  146  147     24
   147  -0.31004   0.00000  44.76750   1.14300   90.00000   0.00000   0.01270   146  147  148     24
   148  -0.31004   0.00000  45.91050   1.14300   90.00000   0.00000   0.01270   147  148  149     24
   149  -0.31004   0.00000  47.05350   1.14300   90.00000   0.00000   0.01270   148  149  150     24
   150  -0.31004   0.00000  48.19650   1.14300   90.00000   0.00000   0.01270   149  150  151     24
   151  -0.31004   0.00000  49.33950   1.14300   90.00000   0.00000   0.01270   150  151  152     24
   152  -0.31004   0.00000  50.48250   1.14300   90.00000   0.00000   0.01270   151  152  153     24
   153  -0.31004   0.00000  51.62550   1.14300   90.00000   0.00000   0.01270   152  153  154     24
   154  -0.31004   0.00000  52.76850   1.14300   90.00000   0.00000   0.01270   153  154  155     24
   155  -0.31004   0.00000  53.91150   1.14300   90.00000   0.00000   0.01270   154  155  156     24
   156  -0.31004   0.00000  55.05450   1.14300   90.00000   0.00000   0.01270   155  156  157     24
   157  -0.31004   0.00000  56.19750   1.14300   90.00000   0.00000   0.01270   156  157  158     24
   158  -0.31004   0.00000  57.34050   1.14300   90.00000   0.00000   0.01270   157  158 -159     24
   159  -0.15502   0.00000  57.91200   0.31004    0.00000-180.00000   0.01270  -212  159 -158     26
   160   0.00000  -2.18365   3.59496   3.97254   43.48473 -90.00000   0.00103     0  160  161     31
   161   0.00000  -5.06596   6.32871   3.97254   43.48473 -90.00000   0.00103   160  161  162     31
   162   0.00000  -7.94827   9.06247   3.97254   43.48473 -90.00000   0.00103   161  162  163     31
   163   0.00000 -10.83058  11.79622   3.97254   43.48473 -90.00000   0.00103   162  163  164     31
   164   0.00000 -13.71289  14.52997   3.97254   43.48473 -90.00000   0.00103   163  164  165     31
   165   0.00000 -16.59520  17.26372   3.97254   43.48473 -90.00000   0.00103   164  165  166     31
   166   0.00000 -19.47751  19.99747   3.97254   43.48473 -90.00000   0.00103   165  166  167     31
   167   0.00000 -22.35982  22.73122   3.97254   43.48473 -90.00000   0.00103   166  167  168     31
   168   0.00000 -25.24213  25.46497   3.97254   43.48473 -90.00000   0.00103   167  168  169     31
   169   0.00000 -28.12444  28.19872   3.97254   43.48473 -90.00000   0.00103   168  169  170     31
   170   0.00000 -28.13185  30.94025   3.97255   43.79443  90.00000   0.00103   169  170  171     32
   171   0.00000 -25.26435  33.68954   3.97255   43.79443  90.00000   0.00103   170  171  172     32
   172   0.00000 -22.39686  36.43884   3.97255   43.79443  90.00000   0.00103   171  172  173     32
   173   0.00000 -19.52936  39.18814   3.97255   43.79443  90.00000   0.00103   172  173  174     32
   174   0.00000 -16.66186  41.93743   3.97255   43.79443  90.00000   0.00103   173  174  175     32
   175   0.00000 -13.79436  44.68673   3.97255   43.79443  90.00000   0.00103   174  175  176     32
   176   0.00000 -10.92687  47.43602   3.97255   43.79443  90.00000   0.00103   175  176  177     32
   177   0.00000  -8.05937  50.18532   3.97255   43.79443  90.00000   0.00103   176  177  178     32
   178   0.00000  -5.19187  52.93462   3.97255   43.79443  90.00000   0.00103   177  178  179     32
   179   0.00000  -2.32437  55.68391   3.97255   43.79443  90.00000   0.00103   178  179    0     32
   180   0.00000  -0.31004   1.90500   3.81000   90.00000   0.00000   0.01270   180  180  181     33
   181   0.00000  -0.31004   5.71500   3.81000   90.00000   0.00000   0.01270   180  181  182     33
   182   0.00000  -0.31004   9.52500   3.81000   90.00000   0.00000   0.01270   181  182  183     33
   183   0.00000  -0.31004  13.33500   3.81000   90.00000   0.00000   0.01270   182  183  184     33
   184   0.00000  -0.31004  17.14500   3.81000   90.00000   0.00000   0.01270   183  184  185     33
   185   0.00000  -0.31004  20.95500   3.81000   90.00000   0.00000   0.01270   184  185  186     33
   186   0.00000  -0.31004  24.76500   3.81000   90.00000   0.00000   0.01270   185  186  187     33
   187   0.00000  -0.31004  28.57500   3.81000   90.00000   0.00000   0.01270   186  187  188     33
   188   0.00000  -0.31004  31.05150   1.14300   90.00000   0.00000   0.01270   187  188  189     34
   189   0.00000  -0.31004  32.19450   1.14300   90.00000   0.00000   0.01270   188  189  190     34
   190   0.00000  -0.31004  33.33750   1.14300   90.00000   0.00000   0.01270   189  190  191     34
   191   0.00000  -0.31004  34.48050   1.14300   90.00000   0.00000   0.01270   190  191  192     34
   192   0.00000  -0.31004  35.62350   1.14300   90.00000   0.00000   0.01270   191  192  193     34
   193   0.00000  -0.31004  36.76650   1.14300   90.00000   0.00000   0.01270   192  193  194     34
   194   0.00000  -0.31004  37.90950   1.14300   90.00000   0.00000   0.01270   193  194  195     34
   195   0.00000  -0.31004  39.05250   1.14300   90.00000   0.00000   0.01270   194  195  196     34
   196   0.00000  -0.31004  40.19550   1.14300   90.00000   0.00000   0.01270   195  196  197     34
   197   0.00000  -0.31004  41.33850   1.14300   90.00000   0.00000   0.01270   196  197  198     34
   198   0.00000  -0.31004  42.48150   1.14300   90.00000   0.00000   0.01270   197  198  199     34
   199   0.00000  -0.31004  43.62450   1.14300   90.00000   0.00000   0.01270   198  199  200     34
   200   0.00000  -0.31004  44.76750   1.14300   90.00000   0.00000   0.01270   199  200  201     34
   201   0.00000  -0.31004  45.91050   1.14300   90.00000   0.00000   0.01270   200  201  202     34
   202   0.00000  -0.31004  47.05350   1.14300   90.00000   0.00000   0.01270   201  202  203     34
   203   0.00000  -0.31004  48.19650   1.14300   90.00000   0.00000   0.01270   202  203  204     34
   204   0.00000  -0.31004  49.33950   1.14300   90.00000   0.00000   0.01270   203  204  205     34
   205   0.00000  -0.31004  50.48250   1.14300   90.00000   0.00000   0.01270   204  205  206     34
   206   0.00000  -0.31004  51.62550   1.14300   90.00000   0.00000   0.01270   205  206  207     34
   207   0.00000  -0.31004  52.76850   1.14300   90.00000   0.00000   0.01270   206  207  208     34
   208   0.00000  -0.31004  53.91150   1.14300   90.00000   0.00000   0.01270   207  208  209     34
   209   0.00000  -0.31004  55.05450   1.14300   90.00000   0.00000   0.01270   208  209  210     34
   210   0.00000  -0.31004  56.19750   1.14300   90.00000   0.00000   0.01270   209  210  211     34
   211   0.00000  -0.31004  57.34050   1.14300   90.00000   0.00000   0.01270   210  211 -212     34
   212   0.00000  -0.15502  57.91200   0.31004    0.00000 -90.00000   0.01270  -311  212 -211     36
   213  -2.16272   0.00000  58.46064   2.53620    0.00000 180.00000   0.03810  -215  213  214     85
   214  -4.69891   0.00000  58.46064   2.53620    0.00000 180.00000   0.03810   213  214 -224     85
   215  -0.44731   0.00000  58.46064   0.89462    0.00000   0.00000   0.03810   230  215  216     86
   216   0.49725   0.00000  58.46064   0.99450    0.00000   0.00000   0.03810   311  216  217     87
   217   1.49175   0.00000  58.46064   0.99450    0.00000   0.00000   0.03810   216  217  218     87
   218   2.48625   0.00000  58.46064   0.99450    0.00000   0.00000   0.03810   217  218  219     87
   219   3.48076   0.00000  58.46064   0.99450    0.00000   0.00000   0.03810   218  219  220     87
   220   4.47526   0.00000  58.46064   0.99450    0.00000   0.00000   0.03810   219  220  221     87
   221   5.46976   0.00000  58.46064   0.99450    0.00000   0.00000   0.03810   220  221 -236     87
   222  -5.96701  -8.70730  58.46064   3.48292    0.00000  90.00000   0.02128     0  222  223     88
   223  -5.96701  -5.22438  58.46064   3.48292    0.00000  90.00000   0.02128   222  223  224     88
   224  -5.96701  -1.74146  58.46064   3.48292    0.00000  90.00000   0.02128   223  224  225     88
   225  -5.96701   1.74146  58.46064   3.48292    0.00000  90.00000   0.02128   214  225  226     88
   226  -5.96701   5.22438  58.46064   3.48292    0.00000  90.00000   0.02128   225  226  227     88
   227  -5.96701   8.70730  58.46064   3.48292    0.00000  90.00000   0.02128   226  227    0     88
   228  -0.89462  -8.29600  58.46064   3.31840    0.00000  90.00000   0.02185     0  228  229     89
   229  -0.89462  -4.97760  58.46064   3.31840    0.00000  90.00000   0.02185   228  229  230     89
   230  -0.89462  -1.65920  58.46064   3.31840    0.00000  90.00000   0.02185   229  230  231     89
   231  -0.89462   1.65920  58.46064   3.31840    0.00000  90.00000   0.02185  -213  231  232     89
   232  -0.89462   4.97760  58.46064   3.31840    0.00000  90.00000   0.02185   231  232  233     89
   233  -0.89462   8.29600  58.46064   3.31840    0.00000  90.00000   0.02185   232  233    0     89
   234   5.96701  -7.99229  58.46064   3.19692    0.00000  90.00000   0.02246     0  234  235     90
   235   5.96701  -4.79537  58.46064   3.19692    0.00000  90.00000   0.02246   234  235  236     90
   236   5.96701  -1.59846  58.46064   3.19692    0.00000  90.00000   0.02246   235  236  237     90
   237   5.96701   1.59846  58.46064   3.19692    0.00000  90.00000   0.02246   221  237  238     90
   238   5.96701   4.79537  58.46064   3.19692    0.00000  90.00000   0.02246   237  238  239     90
   239   5.96701   7.99229  58.46064   3.19692    0.00000  90.00000   0.02246   238  239    0     90
   240  -2.16272   0.31004  30.48000   2.53620    0.00000 180.00000   0.03810  -242  240  241    185
   241  -4.69891   0.31004  30.48000   2.53620    0.00000 180.00000   0.03810   240  241 -251    185
   242  -0.44731   0.31004  30.48000   0.89462    0.00000   0.00000   0.03810   257  242  243    186
   243   0.49725   0.31004  30.48000   0.99450    0.00000   0.00000   0.03810    81  243  244    187
   244   1.49175   0.31004  30.48000   0.99450    0.00000   0.00000   0.03810   243  244  245    187
   245   2.48625   0.31004  30.48000   0.99450    0.00000   0.00000   0.03810   244  245  246    187
   246   3.48076   0.31004  30.48000   0.99450    0.00000   0.00000   0.03810   245  246  247    187
   247   4.47526   0.31004  30.48000   0.99450    0.00000   0.00000   0.03810   246  247  248    187
   248   5.46976   0.31004  30.48000   0.99450    0.00000   0.00000   0.03810   247  248 -263    187
   249  -5.96701  -8.39726  30.48000   3.48292    0.00000  90.00000   0.02128     0  249  250    188
   250  -5.96701  -4.91434  30.48000   3.48292    0.00000  90.00000   0.02128   249  250  251    188
   251  -5.96701  -1.43142  30.48000   3.48292    0.00000  90.00000   0.02128   250  251  252    188
   252  -5.96701   2.05150  30.48000   3.48292    0.00000  90.00000   0.02128   241  252  253    188
   253  -5.96701   5.53442  30.48000   3.48292    0.00000  90.00000   0.02128   252  253  254    188
   254  -5.96701   9.01734  30.48000   3.48292    0.00000  90.00000   0.02128   253  254    0    188
   255  -0.89462  -7.98595  30.48000   3.31840    0.00000  90.00000   0.02185     0  255  256    189
   256  -0.89462  -4.66755  30.48000   3.31840    0.00000  90.00000   0.02185   255  256  257    189
   257  -0.89462  -1.34916  30.48000   3.31840    0.00000  90.00000   0.02185   256  257  258    189
   258  -0.89462   1.96924  30.48000   3.31840    0.00000  90.00000   0.02185  -240  258  259    189
   259  -0.89462   5.28764  30.48000   3.31840    0.00000  90.00000   0.02185   258  259  260    189
   260  -0.89462   8.60604  30.48000   3.31840    0.00000  90.00000   0.02185   259  260    0    189
   261   5.96701  -7.68225  30.48000   3.19692    0.00000  90.00000   0.02246     0  261  262    190
   262   5.96701  -4.48533  30.48000   3.19692    0.00000  90.00000   0.02246   261  262  263    190
   263   5.96701  -1.28842  30.48000   3.19692    0.00000  90.00000   0.02246   262  263  264    190
   264   5.96701   1.90850  30.48000   3.19692    0.00000  90.00000   0.02246   248  264  265    190
   265   5.96701   5.10542  30.48000   3.19692    0.00000  90.00000   0.02246   264  265  266    190
   266   5.96701   8.30233  30.48000   3.19692    0.00000  90.00000   0.02246   265  266    0    190
   267  -4.69185  -1.99691  60.65520   1.33127    0.00000  90.00000   0.00698     0  267  268     91
   268  -4.69185  -0.66564  60.65520   1.33127    0.00000  90.00000   0.00698   267  268  269     91
   269  -4.69185   0.66564  60.65520   1.33127    0.00000  90.00000   0.00698  -291  269  270     91
   270  -4.69185   1.99691  60.65520   1.33127    0.00000  90.00000   0.00698   269  270    0     91
   271  -3.57710  -1.87891  60.65520   1.25261    0.00000  90.00000   0.00701     0  271  272     92
   272  -3.57710  -0.62630  60.65520   1.25261    0.00000  90.00000   0.00701   271  272  273     92
   273  -3.57710   0.62630  60.65520   1.25261    0.00000  90.00000   0.00701   291  273  274     92
   274  -3.57710   1.87891  60.65520   1.25261    0.00000  90.00000   0.00701   273  274    0     92
   275  -2.55493  -1.84105  60.65520   1.22737    0.00000  90.00000   0.00704     0  275  276     93
   276  -2.55493  -0.61368  60.65520   1.22737    0.00000  90.00000   0.00704   275  276  277     93
   277  -2.55493   0.61368  60.65520   1.22737    0.00000  90.00000   0.00704   292  277  278     93
   278  -2.55493   1.84105  60.65520   1.22737    0.00000  90.00000   0.00704   277  278    0     93
   279  -0.43474  -1.77956  60.65520   1.18637    0.00000  90.00000   0.00707     0  279  280     94
   280  -0.43474  -0.59319  60.65520   1.18637    0.00000  90.00000   0.00707   279  280  281     94
   281  -0.43474   0.59319  60.65520   1.18637    0.00000  90.00000   0.00707   293  281  282     94
   282  -0.43474   1.77956  60.65520   1.18637    0.00000  90.00000   0.00707   281  282    0     94
   283   2.00049  -1.76539  60.65520   1.17692    0.00000  90.00000   0.00710     0  283  284     95
   284   2.00049  -0.58846  60.65520   1.17692    0.00000  90.00000   0.00710   283  284  285     95
   285   2.00049   0.58846  60.65520   1.17692    0.00000  90.00000   0.00710   295  285  286     95
   286   2.00049   1.76539  60.65520   1.17692    0.00000  90.00000   0.00710   285  286    0     95
   287   4.69185  -1.64494  60.65520   1.09662    0.00000  90.00000   0.00716     0  287  288     96
   288   4.69185  -0.54831  60.65520   1.09662    0.00000  90.00000   0.00716   287  288  289     96
   289   4.69185   0.54831  60.65520   1.09662    0.00000  90.00000   0.00716   296  289  290     96
   290   4.69185   1.64494  60.65520   1.09662    0.00000  90.00000   0.00716   289  290    0     96
   291  -4.13447   0.00000  60.65520   1.11475    0.00000   0.00000   0.03353   268  291  292     97
   292  -3.06601   0.00000  60.65520   1.02218    0.00000   0.00000   0.03353   272  292  293     98
   293  -1.49483   0.00000  60.65520   2.12019    0.00000   0.00000   0.03353   276  293  294     99
   294  -0.21737   0.00000  60.65520   0.43474    0.00000   0.00000   0.03353   280  294  295    100
   295   1.00025   0.00000  60.65520   2.00049    0.00000   0.00000   0.03353   315  295  296    101
   296   3.34617   0.00000  60.65520   2.69135    0.00000   0.00000   0.03353   284  296 -288    102
   297   1.43896  -4.21827  19.05000   2.81300    0.00000 135.00000   0.03255     0  297  298    103
   298  -0.55013  -2.22918  19.05000   2.81300    0.00000 135.00000   0.03255   297  298  299    103
   299  -2.53922  -0.24009  19.05000   2.81300    0.00000 135.00000   0.03255  -309  299  300    103
   300  -4.52831   1.74900  19.05000   2.81300    0.00000 135.00000   0.03255   299  300    0    103
   301   2.83557  -2.52553  19.05000   2.67340    0.00000 135.00000   0.03255     0  301  302    104
   302   0.94519  -0.63515  19.05000   2.67340    0.00000 135.00000   0.03255   301  302  303    104
   303  -0.94519   1.25523  19.05000   2.67340    0.00000 135.00000   0.03255   309  303  304    104
   304  -2.83557   3.14561  19.05000   2.67340    0.00000 135.00000   0.03255   303  304    0    104
   305   4.48451  -0.46569  19.05000   2.47970    0.00000 135.00000   0.03255     0  305  306    105
   306   2.73109   1.28772  19.05000   2.47970    0.00000 135.00000   0.03255   305  306  307    105
   307   0.97768   3.04114  19.05000   2.47970    0.00000 135.00000   0.03255   310  307  308    105
   308  -0.77573   4.79455  19.05000   2.47970    0.00000 135.00000   0.03255   307  308    0    105
   309  -0.77234  -0.46230  19.05000   2.18450    0.00000  45.00000   0.03255   298  309  310    106
   310   0.92719   1.23724  19.05000   2.62250    0.00000  45.00000   0.03255    78  310 -306    107
   311   0.00000   0.00000  58.18632   0.54864   90.00000 -71.92188   0.03810   -53  311  312    110
   312   0.00000   0.00000  58.73496   0.54864   90.00000   0.00000   0.03810   215  312  313    110
   313   0.00000   0.00000  59.28360   0.54864   90.00000   0.00000   0.03810   312  313  314    110
   314   0.00000   0.00000  59.83224   0.54864   90.00000   0.00000   0.03810   313  314  315    110
   315   0.00000   0.00000  60.38088   0.54864   90.00000   0.00000   0.03810   314  315 -294    110


 N.G.F. - NUMBER OF NEW UNKNOWNS IS 111






 ***** DATA CARD NO.  1   LD   5    85     0     0  3.76700E+07  0.00000E+00  0.00000E+00  0.00000E+00  0.00000E+00  0.00000E+00
 ***** DATA CARD NO.  2   LD   5    86     0     0  3.76700E+07  0.00000E+00  0.00000E+00  0.00000E+00  0.00000E+00  0.00000E+00
 ***** DATA CARD NO.  3   LD   5    87     0     0  3.76700E+07  0.00000E+00  0.00000E+00  0.00000E+00  0.00000E+00  0.00000E+00
 ***** DATA CARD NO.  4   LD   5    88     0     0  3.76700E+07  0.00000E+00  0.00000E+00  0.00000E+00  0.00000E+00  0.00000E+00
 ***** DATA CARD NO.  5   LD   5    89     0     0  3.76700E+07  0.00000E+00  0.00000E+00  0.00000E+00  0.00000E+00  0.00000E+00
 ***** DATA CARD NO.  6   LD   5    90     0     0  3.76700E+07  0.00000E+00  0.00000E+00  0.00000E+00  0.00000E+00  0.00000E+00
 ***** DATA CARD NO.  7   LD   5    91     0     0  3.76700E+07  0.00000E+00  0.00000E+00  0.00000E+00  0.00000E+00  0.00000E+00
 ***** DATA CARD NO.  8   LD   5    92     0     0  3.76700E+07  0.00000E+00  0.00000E+00  0.00000E+00  0.00000E+00  0.00000E+00
 ***** DATA CARD NO.  9   LD   5    93     0     0  3.76700E+07  0.00000E+00  0.00000E+00  0.00000E+00  0.00000E+00  0.00000E+00
 ***** DATA CARD NO. 10   LD   5    94     0     0  3.76700E+07  0.00000E+00  0.00000E+00  0.00000E+00  0.00000E+00  0.00000E+00
 ***** DATA CARD NO. 11   LD   5    95     0     0  3.76700E+07  0.00000E+00  0.00000E+00  0.00000E+00  0.00000E+00  0.00000E+00
 ***** DATA CARD NO. 12   LD   5    96     0     0  3.76700E+07  0.00000E+00  0.00000E+00  0.00000E+00  0.00000E+00  0.00000E+00
 ***** DATA CARD NO. 13   LD   5    97     0     0  3.76700E+07  0.00000E+00  0.00000E+00  0.00000E+00  0.00000E+00  0.00000E+00
 ***** DATA CARD NO. 14   LD   5    98     0     0  3.76700E+07  0.00000E+00  0.00000E+00  0.00000E+00  0.00000E+00  0.00000E+00
 ***** DATA CARD NO. 15   LD   5    99     0     0  3.76700E+07  0.00000E+00  0.00000E+00  0.00000E+00  0.00000E+00  0.00000E+00
 ***** DATA CARD NO. 16   LD   5   100     0     0  3.76700E+07  0.00000E+00  0.00000E+00  0.00000E+00  0.00000E+00  0.00000E+00
 ***** DATA CARD NO. 17   LD   5   101     0     0  3.76700E+07  0.00000E+00  0.00000E+00  0.00000E+00  0.00000E+00  0.00000E+00
 ***** DATA CARD NO. 18   LD   5   102     0     0  3.76700E+07  0.00000E+00  0.00000E+00  0.00000E+00  0.00000E+00  0.00000E+00
 ***** DATA CARD NO. 19   LD   5   103     0     0  3.76700E+07  0.00000E+00  0.00000E+00  0.00000E+00  0.00000E+00  0.00000E+00
 ***** DATA CARD NO. 20   LD   5   104     0     0  3.76700E+07  0.00000E+00  0.00000E+00  0.00000E+00  0.00000E+00  0.00000E+00
 ***** DATA CARD NO. 21   LD   5   105     0     0  3.76700E+07  0.00000E+00  0.00000E+00  0.00000E+00  0.00000E+00  0.00000E+00
 ***** DATA CARD NO. 22   LD   5   106     0     0  3.76700E+07  0.00000E+00  0.00000E+00  0.00000E+00  0.00000E+00  0.00000E+00
 ***** DATA CARD NO. 23   LD   5   107     0     0  3.76700E+07  0.00000E+00  0.00000E+00  0.00000E+00  0.00000E+00  0.00000E+00
 ***** DATA CARD NO. 24   LD   5   110     0     0  1.39000E+06  0.00000E+00  0.00000E+00  0.00000E+00  0.00000E+00  0.00000E+00
 ***** DATA CARD NO. 25   LD   5   185     0     0  3.76700E+07  0.00000E+00  0.00000E+00  0.00000E+00  0.00000E+00  0.00000E+00
 ***** DATA CARD NO. 26   LD   5   186     0     0  3.76700E+07  0.00000E+00  0.00000E+00  0.00000E+00  0.00000E+00  0.00000E+00
 ***** DATA CARD NO. 27   LD   5   187     0     0  3.76700E+07  0.00000E+00  0.00000E+00  0.00000E+00  0.00000E+00  0.00000E+00
 ***** DATA CARD NO. 28   LD   5   188     0     0  3.76700E+07  0.00000E+00  0.00000E+00  0.00000E+00  0.00000E+00  0.00000E+00
 ***** DATA CARD NO. 29   LD   5   189     0     0  3.76700E+07  0.00000E+00  0.00000E+00  0.00000E+00  0.00000E+00  0.00000E+00
 ***** DATA CARD NO. 30   LD   5   190     0     0  3.76700E+07  0.00000E+00  0.00000E+00  0.00000E+00  0.00000E+00  0.00000E+00
 ***** DATA CARD NO. 31   NT  11    10    11     2  5.48400E-03 -1.98980E-02  0.00000E+00  0.00000E+00  1.00000E+10  0.00000E+00
 ***** DATA CARD NO. 32   NT  12     1    12     9  5.48400E-03 -1.98980E-02  0.00000E+00  0.00000E+00  1.00000E+10  0.00000E+00
 ***** DATA CARD NO. 33   NT  21    10    21     2  5.48400E-03 -1.98980E-02  0.00000E+00  0.00000E+00  1.00000E+10  0.00000E+00
 ***** DATA CARD NO. 34   NT  22     1    22     9  5.48400E-03 -1.98980E-02  0.00000E+00  0.00000E+00  1.00000E+10  0.00000E+00
 ***** DATA CARD NO. 35   NT  31    10    31     2  5.48400E-03 -1.98980E-02  0.00000E+00  0.00000E+00  1.00000E+10  0.00000E+00
 ***** DATA CARD NO. 36   NT  32     1    32     9  5.48400E-03 -1.98980E-02  0.00000E+00  0.00000E+00  1.00000E+10  0.00000E+00
 ***** DATA CARD NO. 37   EX   0     1    10     0  1.00000E+00  0.00000E+00  0.00000E+00  0.00000E+00  0.00000E+00  0.00000E+00
 ***** DATA CARD NO. 38   EX   0     2     1     0  1.00000E+00  0.00000E+00  0.00000E+00  0.00000E+00  0.00000E+00  0.00000E+00
 ***** DATA CARD NO. 39   XQ   0     0     0     0  0.00000E+00  0.00000E+00  0.00000E+00  0.00000E+00  0.00000E+00  0.00000E+00




                                 - - - - - - FREQUENCY - - - - - -

                                    FREQUENCY= 1.8400E+00 MHZ
                                    WAVELENGTH= 1.6293E+02 METERS




                    APPROXIMATE INTEGRATION EMPLOYED FOR SEGMENTS MORE THAN   1.000 WAVELENGTHS APART



                               - - - STRUCTURE IMPEDANCE LOADING - - -


       LOCATION          RESISTANCE   INDUCTANCE  CAPACITANCE       IMPEDANCE (OHMS)     CONDUCTIVITY    TYPE
    ITAG FROM THRU          OHMS        HENRYS       FARADS        REAL      IMAGINARY    MHOS/METER

      85                                                                                 3.7670E+07     WIRE  

      86                                                                                 3.7670E+07     WIRE  

      87                                                                                 3.7670E+07     WIRE  

      88                                                                                 3.7670E+07     WIRE  

      89                                                                                 3.7670E+07     WIRE  

      90                                                                                 3.7670E+07     WIRE  

      91                                                                                 3.7670E+07     WIRE  

      92                                                                                 3.7670E+07     WIRE  

      93                                                                                 3.7670E+07     WIRE  

      94                                                                                 3.7670E+07     WIRE  

      95                                                                                 3.7670E+07     WIRE  

      96                                                                                 3.7670E+07     WIRE  

      97                                                                                 3.7670E+07     WIRE  

      98                                                                                 3.7670E+07     WIRE  

      99                                                                                 3.7670E+07     WIRE  

     100                                                                                 3.7670E+07     WIRE  

     101                                                                                 3.7670E+07     WIRE  

     102                                                                                 3.7670E+07     WIRE  

     103                                                                                 3.7670E+07     WIRE  

     104                                                                                 3.7670E+07     WIRE  

     105                                                                                 3.7670E+07     WIRE  

     106                                                                                 3.7670E+07     WIRE  

     107                                                                                 3.7670E+07     WIRE  

     110                                                                                 1.3900E+06     WIRE  

     185                                                                                 3.7670E+07     WIRE  

     186                                                                                 3.7670E+07     WIRE  

     187                                                                                 3.7670E+07     WIRE  

     188                                                                                 3.7670E+07     WIRE  

     189                                                                                 3.7670E+07     WIRE  

     190                                                                                 3.7670E+07     WIRE  



                                  - - - ANTENNA ENVIRONMENT - - -

                                        FINITE GROUND.  SOMMERFELD SOLUTION
                                        RELATIVE DIELECTRIC CONST.= 13.000
                                        CONDUCTIVITY= 5.000E-03 MHOS/METER
                                        COMPLEX DIELECTRIC CONSTANT= 1.30000E+01-4.88478E+01



                                - - - MATRIX TIMING - - -

                        FILL=    0.250 SEC.,  FACTOR=    0.016 SEC.



                                            - - - NETWORK DATA - - -

      - FROM -    - TO -                          -  -  ADMITTANCE MATRIX ELEMENTS (MHOS)  -  -
      TAG  SEG.   TAG  SEG.             (ONE,ONE)                   (ONE,TWO)                   (TWO,TWO)
      NO.   NO.   NO.   NO.        REAL          IMAG.         REAL          IMAG.         REAL          IMAG.
       11    63    11    55     5.4840E-03   -1.9898E-02    0.0000E+00    0.0000E+00    1.0000E+10    0.0000E+00           
       12    64    12    72     5.4840E-03   -1.9898E-02    0.0000E+00    0.0000E+00    1.0000E+10    0.0000E+00           
       21   116    21   108     5.4840E-03   -1.9898E-02    0.0000E+00    0.0000E+00    1.0000E+10    0.0000E+00           
       22   117    22   125     5.4840E-03   -1.9898E-02    0.0000E+00    0.0000E+00    1.0000E+10    0.0000E+00           
       31   169    31   161     5.4840E-03   -1.9898E-02    0.0000E+00    0.0000E+00    1.0000E+10    0.0000E+00           
       32   170    32   178     5.4840E-03   -1.9898E-02    0.0000E+00    0.0000E+00    1.0000E+10    0.0000E+00           



                           - - - STRUCTURE EXCITATION DATA AT NETWORK CONNECTION POINTS - - -

   TAG   SEG.    VOLTAGE (VOLTS)         CURRENT (AMPS)         IMPEDANCE (OHMS)        ADMITTANCE (MHOS)      POWER
   NO.   NO.    REAL        IMAG.       REAL        IMAG.       REAL        IMAG.       REAL        IMAG.     (WATTS)
    11    63 3.07554E-01-1.03470E-01 3.72216E-04 6.68713E-03-1.28731E+01-4.67084E+01-5.48400E-03 1.98980E-02-2.88720E-04
    11    55-4.62775E-15-1.63417E-13 4.62775E-05 1.63417E-03-1.00000E-10 3.35605E-25-1.00000E+10-3.35721E-05-1.33633E-16
    12    64 3.08247E-01-1.02033E-01 3.39820E-04 6.69305E-03-1.28731E+01-4.67084E+01-5.48400E-03 1.98980E-02-2.89081E-04
    12    72 5.28843E-15-1.58055E-13-5.28843E-05 1.58055E-03-1.00000E-10 7.53828E-25-1.00000E+10-7.53710E-05-1.25047E-16
    21   116 2.31617E-01 2.26279E-03-1.31521E-03 4.59631E-03-1.28731E+01-4.67084E+01-5.48400E-03 1.98980E-02-1.47113E-04
    21   108 3.82183E-14-1.03245E-13-3.82183E-04 1.03245E-03-1.00000E-10-2.67764E-25-1.00000E+10 2.67124E-05-6.06005E-17
    22   117 2.32775E-01 2.51066E-03-1.32650E-03 4.61800E-03-1.28731E+01-4.67084E+01-5.48400E-03 1.98980E-02-1.48591E-04
    22   125 4.37891E-14-1.06359E-13-4.37891E-04 1.06359E-03-1.00000E-10-9.00824E-25-1.00000E+10 9.04911E-05-6.61483E-17
    31   169 3.11189E-01-1.01003E-01 3.03205E-04 6.74595E-03-1.28731E+01-4.67084E+01-5.48400E-03 1.98980E-02-2.93505E-04
    31   161-3.02436E-15-1.63366E-13 3.02436E-05 1.63366E-03-1.00000E-10-7.11378E-25-1.00000E+10 7.11431E-05-1.33487E-16
    32   170 3.12043E-01-9.96066E-02 2.70729E-04 6.75527E-03-1.28731E+01-4.67084E+01-5.48400E-03 1.98980E-02-2.94195E-04
    32   178 7.08252E-15-1.60128E-13-7.08252E-05 1.60128E-03-1.00000E-10-8.55731E-25-1.00000E+10 8.55321E-05-1.28456E-16



                                          - - - ANTENNA INPUT PARAMETERS - - -

   TAG   SEG.    VOLTAGE (VOLTS)         CURRENT (AMPS)         IMPEDANCE (OHMS)        ADMITTANCE (MHOS)      POWER
   NO.   NO.    REAL        IMAG.       REAL        IMAG.       REAL        IMAG.       REAL        IMAG.     (WATTS)
     1    10 1.00000E+00 0.00000E+00 1.36250E-02-1.59469E-02 3.09698E+01 3.62476E+01 1.36250E-02-1.59469E-02 6.81249E-03
     2    11 1.00000E+00 0.00000E+00 1.35688E-02-1.59618E-02 3.09160E+01 3.63684E+01 1.35688E-02-1.59618E-02 6.78441E-03



                             - - - CURRENTS AND LOCATION - - -

                                 DISTANCES IN WAVELENGTHS


  SEG.  TAG    COORD. OF SEG. CENTER     SEG.            - - - CURRENT (AMPS) - - -
  NO.   NO.     X        Y        Z      LENGTH     REAL        IMAG.       MAG.        PHASE
     1    1   0.0134   0.0000   0.0221  0.02438   1.3117E-03 -1.6937E-03  2.1422E-03  -52.244
     2    1   0.0311   0.0000   0.0388  0.02438   3.6610E-03 -4.6174E-03  5.8926E-03  -51.590
     3    1   0.0488   0.0000   0.0556  0.02438   5.7760E-03 -7.1903E-03  9.2229E-03  -51.225
     4    1   0.0665   0.0000   0.0724  0.02438   7.6809E-03 -9.4727E-03  1.2195E-02  -50.963
     5    1   0.0842   0.0000   0.0892  0.02438   9.3589E-03 -1.1450E-02  1.4788E-02  -50.737
     6    1   0.1019   0.0000   0.1060  0.02438   1.0787E-02 -1.3094E-02  1.6965E-02  -50.519
     7    1   0.1195   0.0000   0.1227  0.02438   1.1943E-02 -1.4382E-02  1.8694E-02  -50.293
     8    1   0.1372   0.0000   0.1395  0.02438   1.2809E-02 -1.5291E-02  1.9947E-02  -50.048
     9    1   0.1549   0.0000   0.1563  0.02438   1.3372E-02 -1.5805E-02  2.0703E-02  -49.766
    10    1   0.1726   0.0000   0.1731  0.02438   1.3625E-02 -1.5947E-02  2.0975E-02  -49.490
    11    2   0.1727   0.0000   0.1899  0.02438   1.3569E-02 -1.5962E-02  2.0950E-02  -49.633
    12    2   0.1551   0.0000   0.2068  0.02438   1.3217E-02 -1.5849E-02  2.0637E-02  -50.174
    13    2   0.1375   0.0000   0.2236  0.02438   1.2575E-02 -1.5365E-02  1.9855E-02  -50.701
    14    2   0.1199   0.0000   0.2405  0.02438   1.1653E-02 -1.4484E-02  1.8589E-02  -51.181
    15    2   0.1023   0.0000   0.2574  0.02438   1.0466E-02 -1.3222E-02  1.6863E-02  -51.638
    16    2   0.0847   0.0000   0.2743  0.02438   9.0338E-03 -1.1600E-02  1.4702E-02  -52.088
    17    2   0.0671   0.0000   0.2911  0.02438   7.3815E-03 -9.6357E-03  1.2138E-02  -52.546
    18    2   0.0495   0.0000   0.3080  0.02438   5.5328E-03 -7.3488E-03  9.1987E-03  -53.024
    19    2   0.0319   0.0000   0.3249  0.02438   3.5043E-03 -4.7403E-03  5.8949E-03  -53.526
    20    2   0.0143   0.0000   0.3418  0.02438   1.2632E-03 -1.7393E-03  2.1496E-03  -54.009
    21    3   0.0019   0.0000   0.0117  0.02338   5.9271E-04 -1.4093E-04  6.0923E-04  -13.375
    22    3   0.0019   0.0000   0.0351  0.02338   1.7103E-04  4.0259E-04  4.3741E-04   66.983
    23    3   0.0019   0.0000   0.0585  0.02338  -5.9191E-05  8.7330E-04  8.7530E-04   93.878
    24    3   0.0019   0.0000   0.0818  0.02338  -2.2217E-04  1.2800E-03  1.2992E-03   99.846
    25    3   0.0019   0.0000   0.1052  0.02338  -3.6328E-04  1.6469E-03  1.6865E-03  102.440
    26    3   0.0019   0.0000   0.1286  0.02338  -4.8459E-04  1.9802E-03  2.0387E-03  103.751
    27    3   0.0019   0.0000   0.1520  0.02338  -5.9410E-04  2.2726E-03  2.3490E-03  104.650
    28    3   0.0019   0.0000   0.1754  0.02338  -6.9008E-04  2.5269E-03  2.6195E-03  105.275
    29    4   0.0019   0.0000   0.1906  0.00702  -7.4484E-04  2.6728E-03  2.7747E-03  105.572
    30    4   0.0019   0.0000   0.1976  0.00702  -7.6604E-04  2.7300E-03  2.8355E-03  105.674
    31    4   0.0019   0.0000   0.2046  0.00702  -7.8497E-04  2.7824E-03  2.8910E-03  105.755
    32    4   0.0019   0.0000   0.2116  0.00702  -8.0182E-04  2.8309E-03  2.9422E-03  105.814
    33    4   0.0019   0.0000   0.2186  0.00702  -8.1659E-04  2.8753E-03  2.9890E-03  105.855
    34    4   0.0019   0.0000   0.2257  0.00702  -8.2919E-04  2.9155E-03  3.0311E-03  105.876
    35    4   0.0019   0.0000   0.2327  0.00702  -8.3954E-04  2.9514E-03  3.0685E-03  105.879
    36    4   0.0019   0.0000   0.2397  0.00702  -8.4756E-04  2.9829E-03  3.1010E-03  105.862
    37    4   0.0019   0.0000   0.2467  0.00702  -8.5316E-04  3.0099E-03  3.1285E-03  105.825
    38    4   0.0019   0.0000   0.2537  0.00702  -8.5621E-04  3.0322E-03  3.1507E-03  105.768
    39    4   0.0019   0.0000   0.2607  0.00702  -8.5660E-04  3.0497E-03  3.1677E-03  105.689
    40    4   0.0019   0.0000   0.2677  0.00702  -8.5420E-04  3.0623E-03  3.1792E-03  105.586
    41    4   0.0019   0.0000   0.2748  0.00702  -8.4884E-04  3.0699E-03  3.1851E-03  105.456
    42    4   0.0019   0.0000   0.2818  0.00702  -8.4033E-04  3.0724E-03  3.1852E-03  105.297
    43    4   0.0019   0.0000   0.2888  0.00702  -8.2844E-04  3.0696E-03  3.1795E-03  105.103
    44    4   0.0019   0.0000   0.2958  0.00702  -8.1289E-04  3.0615E-03  3.1676E-03  104.870
    45    4   0.0019   0.0000   0.3028  0.00702  -7.9327E-04  3.0478E-03  3.1494E-03  104.589
    46    4   0.0019   0.0000   0.3098  0.00702  -7.6905E-04  3.0282E-03  3.1243E-03  104.250
    47    4   0.0019   0.0000   0.3168  0.00702  -7.3946E-04  3.0022E-03  3.0919E-03  103.837
    48    4   0.0019   0.0000   0.3239  0.00702  -7.0331E-04  2.9689E-03  3.0511E-03  103.327
    49    4   0.0019   0.0000   0.3309  0.00702  -6.5857E-04  2.9266E-03  2.9997E-03  102.682
    50    4   0.0019   0.0000   0.3379  0.00702  -6.0149E-04  2.8713E-03  2.9337E-03  101.831
    51    4   0.0019   0.0000   0.3449  0.00702  -5.2531E-04  2.7950E-03  2.8439E-03  100.644
    52    4   0.0019   0.0000   0.3519  0.00702  -4.3523E-04  2.6992E-03  2.7341E-03   99.160
    53    6   0.0010   0.0000   0.3554  0.00190   4.0598E-04 -2.6677E-03  2.6984E-03  -81.347
    54   11   0.0000   0.0134   0.0221  0.02438   4.7358E-07  5.7644E-04  5.7644E-04   89.953
    55   11   0.0000   0.0311   0.0388  0.02438   4.6277E-05  1.6342E-03  1.6348E-03   88.378
    56   11   0.0000   0.0488   0.0556  0.02438   1.0686E-04  2.6064E-03  2.6086E-03   87.652
    57   11   0.0000   0.0665   0.0724  0.02438   1.6741E-04  3.4999E-03  3.5040E-03   87.262
    58   11   0.0000   0.0842   0.0892  0.02438   2.2365E-04  4.3070E-03  4.3128E-03   87.027
    59   11   0.0000   0.1019   0.1060  0.02438   2.7310E-04  5.0169E-03  5.0243E-03   86.884
    60   11   0.0000   0.1195   0.1227  0.02438   3.1401E-04  5.6188E-03  5.6276E-03   86.801
    61   11   0.0000   0.1372   0.1395  0.02438   3.4513E-04  6.1036E-03  6.1133E-03   86.764
    62   11   0.0000   0.1549   0.1563  0.02438   3.6582E-04  6.4646E-03  6.4749E-03   86.761
    63   11   0.0000   0.1726   0.1731  0.02438   3.7222E-04  6.6871E-03  6.6975E-03   86.814
    64   12   0.0000   0.1727   0.1899  0.02438   3.3982E-04  6.6930E-03  6.7017E-03   87.093
    65   12   0.0000   0.1551   0.2068  0.02438   2.7517E-04  6.4758E-03  6.4816E-03   87.567
    66   12   0.0000   0.1375   0.2236  0.02438   2.0613E-04  6.1116E-03  6.1151E-03   88.068
    67   12   0.0000   0.1199   0.2405  0.02438   1.3859E-04  5.6163E-03  5.6181E-03   88.586
    68   12   0.0000   0.1023   0.2574  0.02438   7.5347E-05  4.9983E-03  4.9988E-03   89.136
    69   12   0.0000   0.0847   0.2743  0.02438   1.9934E-05  4.2698E-03  4.2699E-03   89.733
    70   12   0.0000   0.0671   0.2911  0.02438  -2.3490E-05  3.4461E-03  3.4462E-03   90.391
    71   12   0.0000   0.0495   0.3080  0.02438  -4.9898E-05  2.5443E-03  2.5448E-03   91.124
    72   12   0.0000   0.0319   0.3249  0.02438  -5.2884E-05  1.5806E-03  1.5814E-03   91.916
    73   12   0.0000   0.0143   0.3418  0.02438  -2.5426E-05  5.5459E-04  5.5518E-04   92.625
    74   13   0.0000   0.0019   0.0117  0.02338   2.5460E-04  1.6475E-04  3.0325E-04   32.906
    75   13   0.0000   0.0019   0.0351  0.02338   1.5440E-04 -1.7484E-05  1.5539E-04   -6.461
    76   13   0.0000   0.0019   0.0585  0.02338   1.5016E-04 -1.9662E-04  2.4740E-04  -52.631
    77   13   0.0000   0.0019   0.0818  0.02338   1.7379E-04 -3.7260E-04  4.1114E-04  -64.995
    78   13   0.0000   0.0019   0.1052  0.02338   2.0316E-04 -5.4207E-04  5.7889E-04  -69.455
    79   13   0.0000   0.0019   0.1286  0.02338  -4.4678E-05 -3.1292E-05  5.4547E-05 -144.993
    80   13   0.0000   0.0019   0.1520  0.02338  -1.0217E-05 -1.7909E-04  1.7938E-04  -93.265
    81   13   0.0000   0.0019   0.1754  0.02338   2.5168E-05 -3.1327E-04  3.1428E-04  -85.407
    82   14   0.0000   0.0019   0.1906  0.00702  -4.9008E-06  8.5332E-04  8.5333E-04   90.329
    83   14   0.0000   0.0019   0.1976  0.00702   7.9472E-06  8.1261E-04  8.1265E-04   89.440
    84   14   0.0000   0.0019   0.2046  0.00702   2.1760E-05  7.7032E-04  7.7062E-04   88.382
    85   14   0.0000   0.0019   0.2116  0.00702   3.6024E-05  7.2801E-04  7.2890E-04   87.167
    86   14   0.0000   0.0019   0.2186  0.00702   5.0678E-05  6.8587E-04  6.8774E-04   85.774
    87   14   0.0000   0.0019   0.2257  0.00702   6.5710E-05  6.4398E-04  6.4732E-04   84.174
    88   14   0.0000   0.0019   0.2327  0.00702   8.1128E-05  6.0238E-04  6.0782E-04   82.330
    89   14   0.0000   0.0019   0.2397  0.00702   9.6951E-05  5.6113E-04  5.6944E-04   80.197
    90   14   0.0000   0.0019   0.2467  0.00702   1.1321E-04  5.2026E-04  5.3244E-04   77.724
    91   14   0.0000   0.0019   0.2537  0.00702   1.2994E-04  4.7983E-04  4.9711E-04   74.847
    92   14   0.0000   0.0019   0.2607  0.00702   1.4719E-04  4.3989E-04  4.6386E-04   71.499
    93   14   0.0000   0.0019   0.2677  0.00702   1.6503E-04  4.0052E-04  4.3318E-04   67.606
    94   14   0.0000   0.0019   0.2748  0.00702   1.8353E-04  3.6178E-04  4.0567E-04   63.102
    95   14   0.0000   0.0019   0.2818  0.00702   2.0277E-04  3.2378E-04  3.8203E-04   57.942
    96   14   0.0000   0.0019   0.2888  0.00702   2.2289E-04  2.8659E-04  3.6307E-04   52.126
    97   14   0.0000   0.0019   0.2958  0.00702   2.4404E-04  2.5034E-04  3.4961E-04   45.730
    98   14   0.0000   0.0019   0.3028  0.00702   2.6641E-04  2.1515E-04  3.4244E-04   38.923
    99   14   0.0000   0.0019   0.3098  0.00702   2.9028E-04  1.8115E-04  3.4217E-04   31.966
   100   14   0.0000   0.0019   0.3168  0.00702   3.1601E-04  1.4850E-04  3.4917E-04   25.169
   101   14   0.0000   0.0019   0.3239  0.00702   3.4413E-04  1.1739E-04  3.6360E-04   18.835
   102   14   0.0000   0.0019   0.3309  0.00702   3.7540E-04  8.8071E-05  3.8559E-04   13.203
   103   14   0.0000   0.0019   0.3379  0.00702   4.1095E-04  6.1060E-05  4.1546E-04    8.451
   104   14   0.0000   0.0019   0.3449  0.00702   4.5160E-04  3.8132E-05  4.5321E-04    4.826
   105   14   0.0000   0.0019   0.3519  0.00702   4.9191E-04  2.2362E-05  4.9242E-04    2.603
   106   16   0.0000   0.0010   0.3554  0.00190  -5.0794E-04 -1.2096E-05  5.0809E-04 -178.636
   107   21  -0.0134   0.0000   0.0221  0.02438  -1.5168E-04  3.5010E-04  3.8155E-04  113.424
   108   21  -0.0311   0.0000   0.0388  0.02438  -3.8218E-04  1.0324E-03  1.1009E-03  110.313
   109   21  -0.0488   0.0000   0.0556  0.02438  -5.7493E-04  1.6836E-03  1.7791E-03  108.854
   110   21  -0.0665   0.0000   0.0724  0.02438  -7.4589E-04  2.2943E-03  2.4125E-03  108.010
   111   21  -0.0842   0.0000   0.0892  0.02438  -8.9652E-04  2.8550E-03  2.9924E-03  107.433
   112   21  -0.1019   0.0000   0.1060  0.02438  -1.0262E-03  3.3563E-03  3.5096E-03  107.001
   113   21  -0.1195   0.0000   0.1227  0.02438  -1.1338E-03  3.7890E-03  3.9550E-03  106.660
   114   21  -0.1372   0.0000   0.1395  0.02438  -1.2184E-03  4.1451E-03  4.3205E-03  106.380
   115   21  -0.1549   0.0000   0.1563  0.02438  -1.2790E-03  4.4184E-03  4.5998E-03  106.144
   116   21  -0.1726   0.0000   0.1731  0.02438  -1.3152E-03  4.5963E-03  4.7808E-03  105.968
   117   22  -0.1727   0.0000   0.1899  0.02438  -1.3265E-03  4.6180E-03  4.8047E-03  106.026
   118   22  -0.1551   0.0000   0.2068  0.02438  -1.3129E-03  4.4742E-03  4.6629E-03  106.354
   119   22  -0.1375   0.0000   0.2236  0.02438  -1.2740E-03  4.2227E-03  4.4107E-03  106.789
   120   22  -0.1199   0.0000   0.2405  0.02438  -1.2087E-03  3.8761E-03  4.0601E-03  107.319
   121   22  -0.1023   0.0000   0.2574  0.02438  -1.1160E-03  3.4417E-03  3.6181E-03  107.966
   122   22  -0.0847   0.0000   0.2743  0.02438  -9.9495E-04  2.9299E-03  3.0942E-03  108.757
   123   22  -0.0671   0.0000   0.2911  0.02438  -8.4391E-04  2.3533E-03  2.5001E-03  109.728
   124   22  -0.0495   0.0000   0.3080  0.02438  -6.6010E-04  1.7262E-03  1.8481E-03  110.927
   125   22  -0.0319   0.0000   0.3249  0.02438  -4.3789E-04  1.0636E-03  1.1502E-03  112.378
   126   22  -0.0143   0.0000   0.3418  0.02438  -1.6458E-04  3.7090E-04  4.0577E-04  113.928
   127   23  -0.0019   0.0000   0.0117  0.02338   5.4696E-05  5.9748E-04  5.9998E-04   84.769
   128   23  -0.0019   0.0000   0.0351  0.02338   8.1961E-06  6.0211E-04  6.0217E-04   89.220
   129   23  -0.0019   0.0000   0.0585  0.02338  -1.6552E-05  7.6444E-04  7.6462E-04   91.240
   130   23  -0.0019   0.0000   0.0818  0.02338  -3.3382E-05  9.4388E-04  9.4447E-04   92.026
   131   23  -0.0019   0.0000   0.1052  0.02338  -4.6128E-05  1.1067E-03  1.1076E-03   92.387
   132   23  -0.0019   0.0000   0.1286  0.02338  -5.6969E-05  1.2580E-03  1.2593E-03   92.593
   133   23  -0.0019   0.0000   0.1520  0.02338  -6.3895E-05  1.3833E-03  1.3847E-03   92.645
   134   23  -0.0019   0.0000   0.1754  0.02338  -6.9719E-05  1.4897E-03  1.4913E-03   92.680
   135   24  -0.0019   0.0000   0.1906  0.00702  -7.4553E-05  1.5518E-03  1.5536E-03   92.750
   136   24  -0.0019   0.0000   0.1976  0.00702  -7.4629E-05  1.5735E-03  1.5753E-03   92.715
   137   24  -0.0019   0.0000   0.2046  0.00702  -7.3756E-05  1.5927E-03  1.5944E-03   92.651
   138   24  -0.0019   0.0000   0.2116  0.00702  -7.2332E-05  1.6105E-03  1.6122E-03   92.572
   139   24  -0.0019   0.0000   0.2186  0.00702  -7.0411E-05  1.6269E-03  1.6285E-03   92.478
   140   24  -0.0019   0.0000   0.2257  0.00702  -6.7995E-05  1.6419E-03  1.6433E-03   92.371
   141   24  -0.0019   0.0000   0.2327  0.00702  -6.5067E-05  1.6554E-03  1.6567E-03   92.251
   142   24  -0.0019   0.0000   0.2397  0.00702  -6.1600E-05  1.6673E-03  1.6685E-03   92.116
   143   24  -0.0019   0.0000   0.2467  0.00702  -5.7561E-05  1.6777E-03  1.6787E-03   91.965
   144   24  -0.0019   0.0000   0.2537  0.00702  -5.2912E-05  1.6865E-03  1.6873E-03   91.797
   145   24  -0.0019   0.0000   0.2607  0.00702  -4.7612E-05  1.6936E-03  1.6943E-03   91.610
   146   24  -0.0019   0.0000   0.2677  0.00702  -4.1615E-05  1.6992E-03  1.6997E-03   91.403
   147   24  -0.0019   0.0000   0.2748  0.00702  -3.4867E-05  1.7033E-03  1.7037E-03   91.173
   148   24  -0.0019   0.0000   0.2818  0.00702  -2.7313E-05  1.7060E-03  1.7062E-03   90.917
   149   24  -0.0019   0.0000   0.2888  0.00702  -1.8888E-05  1.7073E-03  1.7075E-03   90.634
   150   24  -0.0019   0.0000   0.2958  0.00702  -9.5201E-06  1.7076E-03  1.7076E-03   90.319
   151   24  -0.0019   0.0000   0.3028  0.00702   8.6893E-07  1.7070E-03  1.7070E-03   89.971
   152   24  -0.0019   0.0000   0.3098  0.00702   1.2364E-05  1.7059E-03  1.7059E-03   89.585
   153   24  -0.0019   0.0000   0.3168  0.00702   2.5046E-05  1.7047E-03  1.7049E-03   89.158
   154   24  -0.0019   0.0000   0.3239  0.00702   3.8976E-05  1.7044E-03  1.7049E-03   88.690
   155   24  -0.0019   0.0000   0.3309  0.00702   5.4119E-05  1.7062E-03  1.7070E-03   88.183
   156   24  -0.0019   0.0000   0.3379  0.00702   7.0134E-05  1.7123E-03  1.7137E-03   87.654
   157   24  -0.0019   0.0000   0.3449  0.00702   8.5617E-05  1.7265E-03  1.7286E-03   87.161
   158   24  -0.0019   0.0000   0.3519  0.00702   9.7572E-05  1.7475E-03  1.7502E-03   86.804
   159   26  -0.0010   0.0000   0.3554  0.00190  -1.0418E-04 -1.7504E-03  1.7535E-03  -93.406
   160   31   0.0000  -0.0134   0.0221  0.02438  -4.4646E-06  5.7163E-04  5.7165E-04   90.447
   161   31   0.0000  -0.0311   0.0388  0.02438   3.0244E-05  1.6337E-03  1.6339E-03   88.939
   162   31   0.0000  -0.0488   0.0556  0.02438   8.0250E-05  2.6141E-03  2.6154E-03   88.242
   163   31   0.0000  -0.0665   0.0724  0.02438   1.3135E-04  3.5158E-03  3.5182E-03   87.860
   164   31   0.0000  -0.0842   0.0892  0.02438   1.7926E-04  4.3307E-03  4.3344E-03   87.630
   165   31   0.0000  -0.1019   0.1060  0.02438   2.2138E-04  5.0484E-03  5.0532E-03   87.489
   166   31   0.0000  -0.1195   0.1227  0.02438   2.5602E-04  5.6581E-03  5.6639E-03   87.409
   167   31   0.0000  -0.1372   0.1395  0.02438   2.8208E-04  6.1502E-03  6.1566E-03   87.374
   168   31   0.0000  -0.1549   0.1563  0.02438   2.9904E-04  6.5178E-03  6.5247E-03   87.373
   169   31   0.0000  -0.1726   0.1731  0.02438   3.0321E-04  6.7459E-03  6.7528E-03   87.427
   170   32   0.0000  -0.1727   0.1899  0.02438   2.7073E-04  6.7553E-03  6.7607E-03   87.705
   171   32   0.0000  -0.1551   0.2068  0.02438   2.0808E-04  6.5387E-03  6.5420E-03   88.177
   172   32   0.0000  -0.1375   0.2236  0.02438   1.4249E-04  6.1735E-03  6.1752E-03   88.678
   173   32   0.0000  -0.1199   0.2405  0.02438   7.9731E-05  5.6754E-03  5.6760E-03   89.195
   174   32   0.0000  -0.1023   0.2574  0.02438   2.2523E-05  5.0529E-03  5.0529E-03   89.745
   175   32   0.0000  -0.0847   0.2743  0.02438  -2.5690E-05  4.3183E-03  4.3184E-03   90.341
   176   32   0.0000  -0.0671   0.2911  0.02438  -6.0851E-05  3.4869E-03  3.4874E-03   91.000
   177   32   0.0000  -0.0495   0.3080  0.02438  -7.8021E-05  2.5758E-03  2.5770E-03   91.735
   178   32   0.0000  -0.0319   0.3249  0.02438  -7.0825E-05  1.6013E-03  1.6028E-03   92.533
   179   32   0.0000  -0.0143   0.3418  0.02438  -3.1972E-05  5.6244E-04  5.6334E-04   93.254
   180   33   0.0000  -0.0019   0.0117  0.02338   1.7903E-04  5.4060E-04  5.6947E-04   71.677
   181   33   0.0000  -0.0019   0.0351  0.02338   2.2934E-05  6.5132E-04  6.5173E-04   87.983
   182   33   0.0000  -0.0019   0.0585  0.02338  -5.9432E-05  8.7525E-04  8.7727E-04   93.885
   183   33   0.0000  -0.0019   0.0818  0.02338  -1.1226E-04  1.0926E-03  1.0984E-03   95.866
   184   33   0.0000  -0.0019   0.1052  0.02338  -1.5243E-04  1.2813E-03  1.2903E-03   96.785
   185   33   0.0000  -0.0019   0.1286  0.02338  -1.8182E-04  1.4442E-03  1.4556E-03   97.176
   186   33   0.0000  -0.0019   0.1520  0.02338  -2.0650E-04  1.5831E-03  1.5965E-03   97.432
   187   33   0.0000  -0.0019   0.1754  0.02338  -2.2681E-04  1.7002E-03  1.7152E-03   97.599
   188   34   0.0000  -0.0019   0.1906  0.00702  -2.3832E-04  1.7661E-03  1.7821E-03   97.685
   189   34   0.0000  -0.0019   0.1976  0.00702  -2.4222E-04  1.7925E-03  1.8088E-03   97.696
   190   34   0.0000  -0.0019   0.2046  0.00702  -2.4510E-04  1.8168E-03  1.8332E-03   97.683
   191   34   0.0000  -0.0019   0.2116  0.00702  -2.4705E-04  1.8391E-03  1.8556E-03   97.651
   192   34   0.0000  -0.0019   0.2186  0.00702  -2.4808E-04  1.8595E-03  1.8760E-03   97.599
   193   34   0.0000  -0.0019   0.2257  0.00702  -2.4817E-04  1.8779E-03  1.8943E-03   97.528
   194   34   0.0000  -0.0019   0.2327  0.00702  -2.4727E-04  1.8943E-03  1.9103E-03   97.437
   195   34   0.0000  -0.0019   0.2397  0.00702  -2.4534E-04  1.9084E-03  1.9241E-03   97.326
   196   34   0.0000  -0.0019   0.2467  0.00702  -2.4232E-04  1.9204E-03  1.9356E-03   97.192
   197   34   0.0000  -0.0019   0.2537  0.00702  -2.3815E-04  1.9300E-03  1.9446E-03   97.034
   198   34   0.0000  -0.0019   0.2607  0.00702  -2.3275E-04  1.9373E-03  1.9512E-03   96.851
   199   34   0.0000  -0.0019   0.2677  0.00702  -2.2604E-04  1.9423E-03  1.9554E-03   96.638
   200   34   0.0000  -0.0019   0.2748  0.00702  -2.1793E-04  1.9448E-03  1.9570E-03   96.394
   201   34   0.0000  -0.0019   0.2818  0.00702  -2.0829E-04  1.9451E-03  1.9562E-03   96.112
   202   34   0.0000  -0.0019   0.2888  0.00702  -1.9699E-04  1.9430E-03  1.9529E-03   95.789
   203   34   0.0000  -0.0019   0.2958  0.00702  -1.8386E-04  1.9386E-03  1.9473E-03   95.418
   204   34   0.0000  -0.0019   0.3028  0.00702  -1.6870E-04  1.9320E-03  1.9393E-03   94.990
   205   34   0.0000  -0.0019   0.3098  0.00702  -1.5120E-04  1.9232E-03  1.9292E-03   94.495
   206   34   0.0000  -0.0019   0.3168  0.00702  -1.3101E-04  1.9124E-03  1.9169E-03   93.919
   207   34   0.0000  -0.0019   0.3239  0.00702  -1.0760E-04  1.8998E-03  1.9028E-03   93.242
   208   34   0.0000  -0.0019   0.3309  0.00702  -8.0183E-05  1.8854E-03  1.8871E-03   92.435
   209   34   0.0000  -0.0019   0.3379  0.00702  -4.7660E-05  1.8700E-03  1.8706E-03   91.460
   210   34   0.0000  -0.0019   0.3449  0.00702  -9.2460E-06  1.8552E-03  1.8552E-03   90.286
   211   34   0.0000  -0.0019   0.3519  0.00702   2.9641E-05  1.8441E-03  1.8443E-03   89.079
   212   36   0.0000  -0.0010   0.3554  0.00190  -4.5341E-05 -1.8348E-03  1.8354E-03  -91.416
   213   85  -0.0133   0.0000   0.3588  0.01557   6.5250E-04  9.3027E-04  1.1363E-03   54.954
   214   85  -0.0288   0.0000   0.3588  0.01557   6.2036E-04  9.1802E-04  1.1080E-03   55.951
   215   86  -0.0027   0.0000   0.3588  0.00549  -7.7030E-04 -1.7067E-03  1.8725E-03 -114.292
   216   87   0.0031   0.0000   0.3588  0.00610  -6.5332E-04  3.1333E-03  3.2007E-03  101.778
   217   87   0.0092   0.0000   0.3588  0.00610  -6.0427E-04  3.0559E-03  3.1151E-03  101.185
   218   87   0.0153   0.0000   0.3588  0.00610  -5.3715E-04  2.9399E-03  2.9886E-03  100.354
   219   87   0.0214   0.0000   0.3588  0.00610  -4.6978E-04  2.8089E-03  2.8479E-03   99.495
   220   87   0.0275   0.0000   0.3588  0.00610  -4.0842E-04  2.6720E-03  2.7030E-03   98.690
   221   87   0.0336   0.0000   0.3588  0.00610  -3.5592E-04  2.5352E-03  2.5601E-03   97.991
   222   88  -0.0366  -0.0534   0.3588  0.02138  -6.8080E-05 -1.2082E-04  1.3868E-04 -119.400
   223   88  -0.0366  -0.0321   0.3588  0.02138  -1.7528E-04 -2.9752E-04  3.4532E-04 -120.504
   224   88  -0.0366  -0.0107   0.3588  0.02138  -2.6220E-04 -4.1153E-04  4.8796E-04 -122.502
   225   88  -0.0366   0.0107   0.3588  0.02138   2.6152E-04  4.1422E-04  4.8987E-04   57.733
   226   88  -0.0366   0.0321   0.3588  0.02138   1.7484E-04  2.9959E-04  3.4687E-04   59.732
   227   88  -0.0366   0.0534   0.3588  0.02138   6.7942E-05  1.2169E-04  1.3937E-04   60.824
   228   89  -0.0055  -0.0509   0.3588  0.02037  -3.2334E-05 -1.1892E-04  1.2323E-04 -105.211
   229   89  -0.0055  -0.0305   0.3588  0.02037  -6.2990E-05 -2.8688E-04  2.9372E-04 -102.384
   230   89  -0.0055  -0.0102   0.3588  0.02037  -6.0468E-05 -3.7471E-04  3.7956E-04  -99.167
   231   89  -0.0055   0.0102   0.3588  0.02037   5.8155E-05  3.8041E-04  3.8483E-04   81.308
   232   89  -0.0055   0.0305   0.3588  0.02037   6.1611E-05  2.9081E-04  2.9726E-04   78.038
   233   89  -0.0055   0.0509   0.3588  0.02037   3.1898E-05  1.2041E-04  1.2457E-04   75.163
   234   90   0.0366  -0.0491   0.3588  0.01962  -4.8213E-06 -2.2929E-04  2.2934E-04  -91.205
   235   90   0.0366  -0.0294   0.3588  0.01962   2.6760E-05 -6.4278E-04  6.4334E-04  -87.616
   236   90   0.0366  -0.0098   0.3588  0.01962   1.1427E-04 -1.0505E-03  1.0567E-03  -83.792
   237   90   0.0366   0.0098   0.3588  0.01962  -1.1497E-04  1.0530E-03  1.0593E-03   96.231
   238   90   0.0366   0.0294   0.3588  0.01962  -2.7225E-05  6.4467E-04  6.4524E-04   92.418
   239   90   0.0366   0.0491   0.3588  0.01962   4.6682E-06  2.3008E-04  2.3013E-04   88.838
   240  185  -0.0133   0.0019   0.1871  0.01557  -1.7730E-05 -6.5535E-04  6.5558E-04  -91.550
   241  185  -0.0288   0.0019   0.1871  0.01557  -1.1285E-05 -6.3107E-04  6.3117E-04  -91.025
   242  186  -0.0027   0.0019   0.1871  0.00549   3.0462E-05  9.3490E-04  9.3540E-04   88.134
   243  187   0.0031   0.0019   0.1871  0.00610   9.0236E-05 -3.3106E-04  3.4314E-04  -74.753
   244  187   0.0092   0.0019   0.1871  0.00610   9.4975E-05 -3.4384E-04  3.5672E-04  -74.559
   245  187   0.0153   0.0019   0.1871  0.00610   9.6434E-05 -3.4475E-04  3.5798E-04  -74.373
   246  187   0.0214   0.0019   0.1871  0.00610   9.6259E-05 -3.4007E-04  3.5343E-04  -74.196
   247  187   0.0275   0.0019   0.1871  0.00610   9.5059E-05 -3.3244E-04  3.4576E-04  -74.042
   248  187   0.0336   0.0019   0.1871  0.00610   9.3128E-05 -3.2337E-04  3.3651E-04  -73.934
   249  188  -0.0366  -0.0515   0.1871  0.02138  -9.7732E-07  6.9518E-05  6.9525E-05   90.805
   250  188  -0.0366  -0.0302   0.1871  0.02138   7.6976E-07  1.7728E-04  1.7729E-04   89.751
   251  188  -0.0366  -0.0088   0.1871  0.02138   5.2688E-06  2.6150E-04  2.6155E-04   88.846
   252  188  -0.0366   0.0126   0.1871  0.02138   1.5683E-07 -2.7708E-04  2.7708E-04  -89.968
   253  188  -0.0366   0.0340   0.1871  0.02138   3.0511E-06 -1.8753E-04  1.8756E-04  -89.068
   254  188  -0.0366   0.0553   0.1871  0.02138   2.3975E-06 -7.2918E-05  7.2958E-05  -88.117
   255  189  -0.0055  -0.0490   0.1871  0.02037  -5.5592E-06  5.9964E-05  6.0221E-05   95.297
   256  189  -0.0055  -0.0286   0.1871  0.02037  -1.0420E-05  1.4420E-04  1.4458E-04   94.133
   257  189  -0.0055  -0.0083   0.1871  0.02037  -7.7177E-06  1.8572E-04  1.8588E-04   92.380
   258  189  -0.0055   0.0121   0.1871  0.02037  -2.7615E-06 -1.2049E-04  1.2052E-04  -91.313
   259  189  -0.0055   0.0325   0.1871  0.02037   3.2581E-06 -9.9230E-05  9.9284E-05  -88.119
   260  189  -0.0055   0.0528   0.1871  0.02037   2.9051E-06 -4.3029E-05  4.3127E-05  -86.138
   261  190   0.0366  -0.0471   0.1871  0.01962  -1.2302E-05  4.1004E-05  4.2810E-05  106.700
   262  190   0.0366  -0.0275   0.1871  0.01962  -2.8819E-05  9.8742E-05  1.0286E-04  106.271
   263  190   0.0366  -0.0079   0.1871  0.01962  -3.9094E-05  1.3705E-04  1.4252E-04  105.921
   264  190   0.0366   0.0117   0.1871  0.01962   4.5164E-05 -1.5286E-04  1.5939E-04  -73.540
   265  190   0.0366   0.0313   0.1871  0.01962   3.3117E-05 -1.0939E-04  1.1430E-04  -73.157
   266  190   0.0366   0.0510   0.1871  0.01962   1.3912E-05 -4.4696E-05  4.6811E-05  -72.711
   267   91  -0.0288  -0.0123   0.3723  0.00817  -1.2208E-05 -2.0876E-05  2.4183E-05 -120.320
   268   91  -0.0288  -0.0041   0.3723  0.00817  -3.1670E-05 -5.2812E-05  6.1580E-05 -120.950
   269   91  -0.0288   0.0041   0.3723  0.00817   3.1631E-05  5.2939E-05  6.1668E-05   59.142
   270   91  -0.0288   0.0123   0.3723  0.00817   1.2189E-05  2.0940E-05  2.4229E-05   59.796
   271   92  -0.0220  -0.0115   0.3723  0.00769  -8.8392E-06 -1.7483E-05  1.9590E-05 -116.821
   272   92  -0.0220  -0.0038   0.3723  0.00769  -2.1865E-05 -4.2195E-05  4.7524E-05 -117.393
   273   92  -0.0220   0.0038   0.3723  0.00769   2.1816E-05  4.2320E-05  4.7613E-05   62.729
   274   92  -0.0220   0.0115   0.3723  0.00769   8.8152E-06  1.7546E-05  1.9636E-05   63.325
   275   93  -0.0157  -0.0113   0.3723  0.00753  -7.1868E-06 -1.7829E-05  1.9223E-05 -111.954
   276   93  -0.0157  -0.0038   0.3723  0.00753  -1.7741E-05 -4.3180E-05  4.6682E-05 -112.336
   277   93  -0.0157   0.0038   0.3723  0.00753   1.7677E-05  4.3327E-05  4.6794E-05   67.805
   278   93  -0.0157   0.0113   0.3723  0.00753   7.1559E-06  1.7902E-05  1.9279E-05   68.212
   279   94  -0.0027  -0.0109   0.3723  0.00728  -2.9760E-06 -2.3864E-05  2.4049E-05  -97.109
   280   94  -0.0027  -0.0036   0.3723  0.00728  -7.1022E-06 -5.8771E-05  5.9198E-05  -96.891
   281   94  -0.0027   0.0036   0.3723  0.00728   7.0110E-06  5.8965E-05  5.9380E-05   83.219
   282   94  -0.0027   0.0109   0.3723  0.00728   2.9329E-06  2.3958E-05  2.4137E-05   83.021
   283   95   0.0123  -0.0108   0.3723  0.00722   2.1406E-06 -3.9646E-05  3.9704E-05  -86.910
   284   95   0.0123  -0.0036   0.3723  0.00722   6.6582E-06 -1.0124E-04  1.0146E-04  -86.237
   285   95   0.0123   0.0036   0.3723  0.00722  -6.7435E-06  1.0143E-04  1.0165E-04   93.804
   286   95   0.0123   0.0108   0.3723  0.00722  -2.1813E-06  3.9738E-05  3.9798E-05   93.142
   287   96   0.0288  -0.0101   0.3723  0.00673   2.9946E-06 -4.9306E-05  4.9397E-05  -86.524
   288   96   0.0288  -0.0034   0.3723  0.00673   8.6145E-06 -1.3022E-04  1.3050E-04  -86.215
   289   96   0.0288   0.0034   0.3723  0.00673  -8.6522E-06  1.3033E-04  1.3061E-04   93.798
   290   96   0.0288   0.0101   0.3723  0.00673  -3.0129E-06  4.9361E-05  4.9453E-05   93.493
   291   97  -0.0254   0.0000   0.3723  0.00684  -8.6193E-05 -1.4257E-04  1.6660E-04 -121.156
   292   98  -0.0188   0.0000   0.3723  0.00627  -1.4801E-04 -2.6039E-04  2.9951E-04 -119.615
   293   99  -0.0092   0.0000   0.3723  0.01301  -2.0022E-04 -3.8844E-04  4.3700E-04 -117.268
   294  100  -0.0013   0.0000   0.3723  0.00267  -2.2158E-04 -5.5113E-04  5.9400E-04 -111.902
   295  101   0.0061   0.0000   0.3723  0.01228  -5.2633E-05  7.5478E-04  7.5662E-04   93.989
   296  102   0.0205   0.0000   0.3723  0.01652  -2.8304E-05  4.0953E-04  4.1051E-04   93.954
   297  103   0.0088  -0.0259   0.1169  0.01726  -3.0615E-05  8.6739E-05  9.1983E-05  109.441
   298  103  -0.0034  -0.0137   0.1169  0.01726  -5.7605E-05  1.8724E-04  1.9590E-04  107.101
   299  103  -0.0156  -0.0015   0.1169  0.01726  -1.6334E-05 -1.4491E-04  1.4583E-04  -96.431
   300  103  -0.0278   0.0107   0.1169  0.01726  -8.7145E-06 -5.9458E-05  6.0093E-05  -98.338
   301  104   0.0174  -0.0155   0.1169  0.01641  -5.3523E-05  1.0926E-04  1.2167E-04  116.099
   302  104   0.0058  -0.0039   0.1169  0.01641  -1.1066E-04  2.1898E-04  2.4536E-04  116.810
   303  104  -0.0058   0.0077   0.1169  0.01641  -2.8720E-05  4.3275E-05  5.1938E-05  123.570
   304  104  -0.0174   0.0193   0.1169  0.01641  -1.1957E-05  6.0826E-06  1.3416E-05  153.038
   305  105   0.0275  -0.0029   0.1169  0.01522  -5.4781E-05  7.5912E-05  9.3614E-05  125.816
   306  105   0.0168   0.0079   0.1169  0.01522  -1.2033E-04  1.5782E-04  1.9846E-04  127.324
   307  105   0.0060   0.0187   0.1169  0.01522   2.2345E-05 -4.3546E-05  4.8945E-05  -62.836
   308  105  -0.0048   0.0294   0.1169  0.01522   4.4017E-06 -1.5242E-05  1.5865E-05  -73.892
   309  106  -0.0047  -0.0028   0.1169  0.01341  -3.9186E-05  3.8404E-04  3.8603E-04   95.826
   310  107   0.0057   0.0076   0.1169  0.01610   1.8253E-04 -2.3610E-04  2.9843E-04  -52.292
   311  110   0.0000   0.0000   0.3571  0.00337   2.5930E-04  6.2583E-03  6.2636E-03   87.627
   312  110   0.0000   0.0000   0.3605  0.00337   1.5961E-04  1.3933E-03  1.4024E-03   83.465
   313  110   0.0000   0.0000   0.3638  0.00337   1.6545E-04  1.3794E-03  1.3893E-03   83.160
   314  110   0.0000   0.0000   0.3672  0.00337   1.6935E-04  1.3630E-03  1.3735E-03   82.918
   315  110   0.0000   0.0000   0.3706  0.00337   1.7067E-04  1.3466E-03  1.3574E-03   82.777



                                        - - - POWER BUDGET - - -

                                           INPUT POWER   = 1.3597E-02 WATTS
                                           RADIATED POWER= 1.1469E-02 WATTS
                                           STRUCTURE LOSS= 6.6665E-04 WATTS
                                           NETWORK LOSS  = 1.4612E-03 WATTS
                                           EFFICIENCY    =  84.35 PERCENT






 ***** DATA CARD NO. 40   EN   0     0     0     0  0.00000E+00  0.00000E+00  0.00000E+00  0.00000E+00  0.00000E+00  0.00000E+00

 RUN TIME =     0.453
