deck,status_a,status_b,wall_a,wall_b,speedup,comparable
4nec2-models/Aperiodic/2ELK9AY.nec,ok,ok,0.4181921323761344,0.2641296787187457,1.5833,1
4nec2-models/Aperiodic/2beverage.nec,ok,ok,0.4173633959144354,0.25529424753040075,1.6348,1
4nec2-models/Aperiodic/2el160flag.nec,ok,ok,0.2593514444306493,0.17382977344095707,1.4920,1
4nec2-models/Aperiodic/80pennant-pf.nec,ok,ok,0.21692839730530977,0.14336806628853083,1.5131,1
4nec2-models/Aperiodic/ON4BAAWD.nec,ok,ok,0.16925381496548653,0.09772380534559488,1.7320,1
4nec2-models/Aperiodic/Rhomb1.nec,ok,ok,0.10415349341928959,0.0638811057433486,1.6304,1
4nec2-models/Aperiodic/Rhombic.nec,ok,ok,0.17832468543201685,0.09506367705762386,1.8758,1
4nec2-models/Aperiodic/Semirhomb.nec,ok,ok,0.41439818497747183,0.28498683497309685,1.4541,1
4nec2-models/Aperiodic/Slopvee.nec,ok,ok,0.31496894359588623,0.20530578680336475,1.5341,1
4nec2-models/Aperiodic/Vee40.nec,ok,ok,0.34112976770848036,0.222490674816072,1.5332,1
4nec2-models/Aperiodic/bev80.nec,ok,ok,0.36830824241042137,0.24337993748486042,1.5133,1
4nec2-models/Equations/1elQuad.nec,ok,ok,0.004225871525704861,0.004333983175456524,,0
4nec2-models/Equations/2elQuad.nec,ok,ok,0.0058291032910346985,0.0059576090425252914,,0
4nec2-models/Equations/3elQuadGain.nec,ok,ok,0.01110585406422615,0.01039169356226921,,0
4nec2-models/Equations/3elQuadWide.nec,ok,ok,0.011453942395746708,0.010424541309475899,,0
4nec2-models/Equations/3elYagiGain.nec,ok,ok,0.003674684092402458,0.004146135412156582,,0
4nec2-models/Equations/3elYagiMaxFB.nec,ok,ok,0.0036030272021889687,0.004920545965433121,,0
4nec2-models/Equations/3elYagiWide.nec,ok,ok,0.003611242398619652,0.003898175433278084,,0
4nec2-models/Equations/4elQuad.nec,ok,ok,0.015553228557109833,0.013233440928161144,,0
4nec2-models/Equations/Moxon.nec,ok,ok,0.2873118659481406,0.18803737591952085,1.5280,1
4nec2-models/Example1.nec,ok,ok,0.0033818259835243225,0.003487764857709408,,0
4nec2-models/Example2.nec,ok,ok,0.003200036473572254,0.0034073367714881897,,0
4nec2-models/Fractals/Fractal.nec,ok,ok,1.5131802717223763,1.3721253899857402,1.1028,1
4nec2-models/Fractals/MI2 Loop.nec,ok,ok,0.08117043692618608,0.05852737370878458,1.3869,1
4nec2-models/Fractals/MI3.nec,ok,ok,0.0865061804652214,0.06870102416723967,1.2592,1
4nec2-models/Fractals/RANDOM1.nec,ok,ok,0.077751106582582,0.05672721657902002,1.3706,1
4nec2-models/Fractals/Random2.nec,ok,ok,0.052854991517961025,0.0415567047894001,,0
4nec2-models/HFActiveFeed/2el10.nec,ok,ok,0.1138036772608757,0.0743573559448123,1.5305,1
4nec2-models/HFActiveFeed/2lsloper.nec,ok,ok,0.6250843368470669,0.40202577598392963,1.5548,1
4nec2-models/HFActiveFeed/2phased.nec,ok,ok,0.0036909719929099083,0.0038201166316866875,,0
4nec2-models/HFActiveFeed/3vertical.nec,ok,ok,0.01670343615114689,0.018935796804726124,,0
4nec2-models/HFActiveFeed/BRDZPR10.nec,ok,ok,0.1279565580189228,0.08424670714884996,1.5188,1
4nec2-models/HFActiveFeed/HB9CV.nec,ok,ok,0.003945297561585903,0.004227937199175358,,0
4nec2-models/HFActiveFeed/Quad4.nec,ok,ok,0.04126683156937361,0.029321100562810898,,0
4nec2-models/HFActiveFeed/ZLSPTS10.nec,ok,ok,0.12194288522005081,0.07990523148328066,1.5261,1
4nec2-models/HFActiveFeed/ZLTROM10.nec,ok,ok,0.18053931649774313,0.11668340023607016,1.5473,1
4nec2-models/HFActiveFeed/cedzph10.nec,ok,ok,0.1824829587712884,0.10911389533430338,1.6724,1
4nec2-models/HFActiveFeed/n2pl_phased_dloop.nec,ok,ok,0.3149157138541341,0.20290303323417902,1.5521,1
4nec2-models/HFActiveFeed/zlspdp10.nec,ok,ok,0.11829397641122341,0.078494718298316,1.5070,1
4nec2-models/HFbeams/2EL160H.nec,ok,ok,1.0761194601655006,0.6380639616400003,1.6865,1
4nec2-models/HFbeams/2lqful10.nec,ok,ok,0.014560696668922901,0.012498723343014717,,0
4nec2-models/HFbeams/2lyagi20.nec,ok,ok,0.08561848104000092,0.05647026188671589,1.5162,1
4nec2-models/HFbeams/2x4Q15A95.nec,ok,ok,0.03269877377897501,0.02439294382929802,,0
4nec2-models/HFbeams/3YAGI20.nec,ok,ok,0.3190202582627535,0.20521059166640043,1.5546,1
4nec2-models/HFbeams/3el-inverted-V.nec,ok,ok,0.3072062684223056,0.20282821543514729,1.5146,1
4nec2-models/HFbeams/3elquad.nec,ok,ok,0.005416727624833584,0.005939137190580368,,0
4nec2-models/HFbeams/3lyagi20.nec,ok,ok,0.49084735568612814,0.2906734077259898,1.6887,1
4nec2-models/HFbeams/40MYAG2.nec,ok,ok,0.35332397650927305,0.22949949279427528,1.5395,1
4nec2-models/HFbeams/40quad.nec,ok,ok,0.19552567228674889,0.13191274087876081,1.4822,1
4nec2-models/HFbeams/4el_vk1aa1.nec,ok,ok,0.49452754482626915,0.24302846379578114,2.0349,1
4nec2-models/HFbeams/5_el_wbeam_PA2AWU.nec,ok,ok,0.5861419634893537,0.365219185128808,1.6049,1
4nec2-models/HFbeams/7lyagi10.nec,ok,ok,0.2956992285326123,0.19168630708009005,1.5426,1
4nec2-models/HFbeams/80hsbeam.nec,ok,ok,0.33381459303200245,0.22139170486479998,1.5078,1
4nec2-models/HFbeams/80rdbeam.nec,ok,ok,0.3374889902770519,0.22426350321620703,1.5049,1
4nec2-models/HFbeams/8x6q.nec,ok,ok,0.3325289823114872,0.20125026907771826,1.6523,1
4nec2-models/HFbeams/BetaMatch.nec,ok,ok,0.034551248885691166,0.025253687985241413,,0
4nec2-models/HFbeams/Bowtie.nec,timeout,ok,300.0443824445829,173.7186135724187,,0
4nec2-models/HFbeams/Deltalp.nec,ok,ok,0.10367477778345346,0.08610205259174109,1.2041,1
4nec2-models/HFbeams/NinjaBeam.nec,ok,ok,0.28544397465884686,0.18617933709174395,1.5332,1
4nec2-models/HFbeams/Quad.nec,ok,ok,0.0439741425216198,0.028149320743978024,,0
4nec2-models/HFbeams/Stack.nec,ok,ok,0.4382047466933727,0.2664888007566333,1.6444,1
4nec2-models/HFbeams/Unwin.nec,ok,ok,0.010882548056542873,0.011284787207841873,,0
4nec2-models/HFbeams/Unwin_mod.nec,ok,ok,0.009928541257977486,0.010499853640794754,,0
4nec2-models/HFbeams/fan1022.nec,ok,ok,0.032748645171523094,0.024734518490731716,,0
4nec2-models/HFbeams/moxon20.nec,ok,ok,0.34657160099595785,0.22648337855935097,1.5302,1
4nec2-models/HFbeams/sloper.nec,ok,ok,0.2141916761174798,0.1448938949033618,1.4783,1
4nec2-models/HFbeams/wa2wvl.nec,ok,ok,0.38896755408495665,0.2558521293103695,1.5203,1
4nec2-models/HFbeams/y6mhg.nec,ok,ok,0.004844372160732746,0.004974796436727047,,0
4nec2-models/HFbeams/y6mwb.nec,ok,ok,0.006245291791856289,0.005746792070567608,,0
4nec2-models/HFbeams/zl1le10.nec,ok,ok,0.09738906752318144,0.06308125518262386,1.5439,1
4nec2-models/HFcollinear/15edzph2.nec,ok,ok,0.09210588689893484,0.05125507526099682,1.7970,1
4nec2-models/HFcollinear/2 dipole on roof.nec,ok,ok,1.4613545117899776,0.6079368926584721,2.4038,1
4nec2-models/HFcollinear/4 Dipole Trans-lines.nec,ok,ok,0.009396256878972054,0.00847957469522953,,0
4nec2-models/HFcollinear/BROADSID.nec,ok,ok,0.0034682638943195343,0.003618749789893627,,0
4nec2-models/HFcollinear/Collinear_1L.nec,ok,ok,0.1221004817634821,0.07830390986055136,1.5593,1
4nec2-models/HFcollinear/SLOPER2.nec,ok,ok,0.4447149336338043,0.28804099187254906,1.5439,1
4nec2-models/HFcollinear/W8BYA Collinear 7 MHz.nec,ok,ok,0.32848166674375534,0.21383979730308056,1.5361,1
4nec2-models/HFcollinear/franklin.nec,ok,ok,0.004643834196031094,0.0048485249280929565,,0
4nec2-models/HFcollinear/hrs_441.nec,ok,ok,13.563450154848397,5.122231713496149,2.6480,1
4nec2-models/HFcollinear/lazyh.nec,ok,ok,0.005096507258713245,0.0054464396089315414,,0
4nec2-models/HFmultiband/4-BAND.nec,ok,ok,4.792393853887916,4.2497121673077345,1.1277,1
4nec2-models/HFmultiband/40MYAG2.nec,ok,ok,0.3535256665199995,0.23091916926205158,1.5309,1
4nec2-models/HFmultiband/5BWIDE-1.nec,ok,ok,0.06857737433165312,0.057544401846826077,1.1917,1
4nec2-models/HFmultiband/Cobra.nec,ok,ok,0.3780834386125207,0.2511611860245466,1.5053,1
4nec2-models/HFmultiband/Cone.nec,ok,ok,0.4066445240750909,0.2666790960356593,1.5248,1
4nec2-models/HFmultiband/CrossDip.nec,ok,ok,0.009548799134790897,0.009701021015644073,,0
4nec2-models/HFmultiband/DUAL2EL.nec,ok,ok,0.08905367087572813,0.05864226724952459,1.5186,1
4nec2-models/HFmultiband/InvV80-40.nec,ok,ok,0.3089271457865834,0.20484112482517958,1.5081,1
4nec2-models/HFmultiband/LPDA1.nec,ok,ok,0.00601359736174345,0.006157596595585346,,0
4nec2-models/HFmultiband/Logp.nec,ok,ok,0.006181714124977589,0.006275962106883526,,0
4nec2-models/HFmultiband/MultiDips.nec,ok,ok,0.3556224228814244,0.2299547027796507,1.5465,1
4nec2-models/HFmultiband/MultiTrap.nec,ok,ok,0.22437898349016905,0.14886151999235153,1.5073,1
4nec2-models/HFmultiband/Sleeve.nec,ok,ok,0.28492879401892424,0.18380841612815857,1.5501,1
4nec2-models/HFmultiband/Telerana.nec,ok,ok,0.0353776914998889,0.03016490675508976,,0
4nec2-models/HFmultiband/TrapDip.nec,ok,ok,0.004831473343074322,0.004845518618822098,,0
4nec2-models/HFmultiband/TrapDipole.nec,ok,ok,0.004472576081752777,0.004634298384189606,,0
4nec2-models/HFmultiband/UA3SFH.nec,ok,ok,0.08375331852585077,0.05627313442528248,1.4883,1
4nec2-models/HFmultiband/discone.nec,ok,ok,0.037143814377486706,0.03148598875850439,,0
4nec2-models/HFmultiband/dscn2.nec,ok,ok,0.8755267998203635,0.5553902760148048,1.5764,1
4nec2-models/HFmultiband/logper.nec,ok,ok,0.582306400872767,0.5049484288319945,1.1532,1
4nec2-models/HFmultiband/lpda.nec,ok,ok,0.09025985561311245,0.07697625271975994,1.1726,1
4nec2-models/HFmultiband/mil14.nec,ok,ok,1.164365510456264,0.6823724191635847,1.7063,1
4nec2-models/HFmultiband/op201510.nec,ok,ok,0.33362027257680893,0.22026120498776436,1.5147,1
4nec2-models/HFmultiband/quad5b10.nec,ok,ok,0.7219315590336919,0.3488068971782923,2.0697,1
4nec2-models/HFmultiband/sleeve_err.nec,ok,ok,0.28338312078267336,0.18314273562282324,1.5473,1
4nec2-models/HFmultiband/t2fd.nec,ok,ok,0.004132268019020557,0.004545019008219242,,0
4nec2-models/HFmultiband/y1217bb.nec,ok,ok,0.01030357088893652,0.010112649761140347,,0
4nec2-models/HFmultiband/y2015.nec,ok,ok,0.009084545075893402,0.008978289552032948,,0
4nec2-models/HFmultiband/yi20_40b.nec,ok,ok,0.3934366488829255,0.2469032034277916,1.5935,1
4nec2-models/HFshort/2elShort.nec,ok,ok,0.11308498959988356,0.07472700253129005,1.5133,1
4nec2-models/HFshort/2lqsdi10.nec,ok,ok,0.04252341762185097,0.031649583019316196,,0
4nec2-models/HFshort/2lqssq10.nec,ok,ok,0.0488712415099144,0.03792178817093372,,0
4nec2-models/HFshort/2lygcl10.nec,ok,ok,0.09533604979515076,0.06297753192484379,1.5138,1
4nec2-models/HFshort/CoilCapHat.nec,ok,ok,0.23832815513014793,0.1602718736976385,1.4870,1
4nec2-models/HFshort/DPLNLD10.nec,ok,ok,0.015832534059882164,0.013746681623160839,,0
4nec2-models/HFshort/HelixDip.nec,ok,ok,0.005111929029226303,0.005534414201974869,,0
4nec2-models/HFshort/LinLoad.nec,ok,ok,0.04066172335296869,0.03095907624810934,,0
4nec2-models/HFshort/LinLoad2.nec,ok,ok,0.07655171304941177,0.05536767654120922,1.3826,1
4nec2-models/HFshort/Magnetic.nec,ok,ok,0.00643377099186182,0.004651590250432491,,0
4nec2-models/HFshort/MagneticLoop.nec,ok,ok,0.0051695313304662704,0.005346895195543766,,0
4nec2-models/HFshort/Minibeam.nec,ok,ok,0.006540589965879917,0.006653214804828167,,0
4nec2-models/HFshort/RXload.nec,ok,ok,0.0031561413779854774,0.003436877392232418,,0
4nec2-models/HFshort/caphat10.nec,ok,ok,0.0038814879953861237,0.004349018447101116,,0
4nec2-models/HFsimple/36ccd.nec,ok,ok,0.35634669102728367,0.23006337229162455,1.5489,1
4nec2-models/HFsimple/36dip.nec,ok,ok,0.3034466104581952,0.19616801850497723,1.5469,1
4nec2-models/HFsimple/36inv.nec,ok,ok,0.3065401604399085,0.19865460507571697,1.5431,1
4nec2-models/HFsimple/36inv_coat.nec,ok,ok,0.31729118805378675,0.19946049060672522,1.5907,1
4nec2-models/HFsimple/36inv_split.nec,ok,ok,0.3067245418205857,0.19843309838324785,1.5457,1
4nec2-models/HFsimple/70edz.nec,ok,ok,0.35721141658723354,0.2356754131615162,1.5157,1
4nec2-models/HFsimple/CageAlt.nec,ok,ok,0.006919072009623051,0.007529211230576038,,0
4nec2-models/HFsimple/Coax.nec,ok,ok,0.3024039827287197,0.19857587199658155,1.5229,1
4nec2-models/HFsimple/DLoop40.nec,ok,ok,0.219056467525661,0.14828051161020994,1.4773,1
4nec2-models/HFsimple/EDZ_TL.nec,ok,ok,0.0864395797252655,0.05667852237820625,1.5251,1
4nec2-models/HFsimple/EDZ_mod.nec,ok,ok,0.2716368092224002,0.17692801263183355,1.5353,1
4nec2-models/HFsimple/FANDPL10.nec,ok,ok,0.017923816107213497,0.015522726811468601,,0
4nec2-models/HFsimple/G5RV.nec,ok,ok,0.0037802234292030334,0.0038819219917058945,,0
4nec2-models/HFsimple/Hairpin.nec,ok,ok,0.004818394780158997,0.005501769483089447,,0
4nec2-models/HFsimple/Halfsq40.nec,ok,ok,0.28136336151510477,0.18434692826122046,1.5263,1
4nec2-models/HFsimple/HorLoop80.nec,ok,ok,0.3540259078145027,0.23690640553832054,1.4944,1
4nec2-models/HFsimple/Inv-L.nec,ok,ok,0.42842334043234587,0.27273433469235897,1.5708,1
4nec2-models/HFsimple/Isotrop.nec,ok,ok,0.004561275243759155,0.004962921142578125,,0
4nec2-models/HFsimple/L_match.nec,ok,ok,0.019929395988583565,0.016401282511651516,,0
4nec2-models/HFsimple/LoadPos.nec,ok,ok,0.006363071501255035,0.006449840031564236,,0
4nec2-models/HFsimple/LoopCirc20.nec,ok,ok,0.003848564811050892,0.0041385069489479065,,0
4nec2-models/HFsimple/Lowdip.nec,ok,ok,0.35836053639650345,0.2363424003124237,1.5163,1
4nec2-models/HFsimple/MagCirc.nec,ok,ok,0.0853344164788723,0.0578808868303895,1.4743,1
4nec2-models/HFsimple/Magnetic.nec,ok,ok,0.08199189975857735,0.07834568247199059,1.0465,1
4nec2-models/HFsimple/Magnetic2.nec,ok,ok,0.005180772393941879,0.00537441112101078,,0
4nec2-models/HFsimple/ParStub.nec,ok,ok,0.003793862648308277,0.004031532444059849,,0
4nec2-models/HFsimple/Patch.nec,timeout,timeout,301.2347685378045,301.24109209142625,,0
4nec2-models/HFsimple/Piramid.nec,ok,ok,0.21245773416012526,0.1411716165021062,1.5050,1
4nec2-models/HFsimple/Rectb40.nec,ok,ok,0.27844210620969534,0.18167377263307571,1.5326,1
4nec2-models/HFsimple/Rects40.nec,ok,ok,0.2944992072880268,0.18232404440641403,1.6153,1
4nec2-models/HFsimple/SLOPE1.nec,ok,ok,0.32995512429624796,0.22075288277119398,1.4947,1
4nec2-models/HFsimple/SLOPE3.nec,ok,ok,0.5508068827912211,0.34872919600456953,1.5795,1
4nec2-models/HFsimple/StepRadAGT.nec,ok,ok,0.013594256713986397,0.011827114969491959,,0
4nec2-models/HFsimple/TriangleError.nec,ok,ok,0.004258127883076668,0.004403495229780674,,0
4nec2-models/HFsimple/TriangleLimit.nec,ok,ok,0.01461500022560358,0.012882929295301437,,0
4nec2-models/HFsimple/deltb40.nec,ok,ok,0.2981913182884455,0.19834789913147688,1.5034,1
4nec2-models/HFsimple/delts40.nec,ok,ok,0.30579700600355864,0.20048597548156977,1.5253,1
4nec2-models/HFsimple/fanndp10.nec,ok,ok,0.1495113018900156,0.10183673165738583,1.4681,1
4nec2-models/HFsimple/tr-line.nec,ok,ok,0.3046011896803975,0.19821074232459068,1.5368,1
4nec2-models/HFvertical/40M2EL.nec,ok,ok,0.32430709432810545,0.21391755808144808,1.5160,1
4nec2-models/HFvertical/4SQTL.nec,ok,ok,0.2729445658624172,0.17645737249404192,1.5468,1
4nec2-models/HFvertical/4SQUARE.nec,ok,ok,0.17853017337620258,0.11915404815226793,1.4983,1
4nec2-models/HFvertical/80RDBEAM.nec,ok,ok,0.44343180675059557,0.2837847424671054,1.5626,1
4nec2-models/HFvertical/BOBTAIL.nec,ok,ok,0.33817955013364553,0.22275896649807692,1.5181,1
4nec2-models/HFvertical/Bloem.nec,ok,ok,0.2585723614320159,0.17241301573812962,1.4997,1
4nec2-models/HFvertical/BurRad.nec,ok,ok,0.39424929581582546,0.24593129847198725,1.6031,1
4nec2-models/HFvertical/CARDIOID.nec,ok,ok,0.20334647595882416,0.13039878103882074,1.5594,1
4nec2-models/HFvertical/CardTL.nec,ok,ok,0.202066489495337,0.13029398676007986,1.5509,1
4nec2-models/HFvertical/ElevatRad.nec,ok,ok,0.5095475176349282,0.33587910886853933,1.5171,1
4nec2-models/HFvertical/GNDPLANE.nec,ok,ok,0.004040121100842953,0.0043495045974850655,,0
4nec2-models/HFvertical/GP80.nec,ok,ok,0.3034522095695138,0.20001465268433094,1.5171,1
4nec2-models/HFvertical/GndScreen.nec,ok,ok,0.8248312091454864,0.5050927065312862,1.6330,1
4nec2-models/HFvertical/Gwave.nec,ok,ok,0.13351694028824568,0.11384442634880543,1.1728,1
4nec2-models/HFvertical/Isolators.nec,ok,ok,0.35208801180124283,0.21019975282251835,1.6750,1
4nec2-models/HFvertical/Lowdip.nec,ok,ok,0.3585538109764457,0.23470315895974636,1.5277,1
4nec2-models/HFvertical/Phased GP.nec,ok,ok,0.026713669300079346,0.018313800916075706,,0
4nec2-models/HFvertical/Phased array Trans-line.nec,ok,ok,0.22955597657710314,0.15404086094349623,1.4902,1
4nec2-models/HFvertical/TOPLOAD.nec,ok,ok,0.22529573272913694,0.15182450506836176,1.4839,1
4nec2-models/HFvertical/Varray.nec,ok,ok,0.3397505348548293,0.22232245281338692,1.5282,1
4nec2-models/HFvertical/VertHats.nec,ok,ok,0.2900610091164708,0.19139715749770403,1.5155,1
4nec2-models/LFvertical/cutler_single .nec,ok,ok,9.809667233377695,5.623677588067949,1.7444,1
4nec2-models/Nec4/Catenary.nec,ok,ok,0.006189423613250256,0.006146409548819065,,0
4nec2-models/Objects/4nec2.nec,ok,ok,0.07980166934430599,0.07562144193798304,1.0553,1
4nec2-models/Objects/747plane.nec,ok,ok,5.83674362488091,3.3190267914906144,1.7586,1
4nec2-models/Objects/GM_test.nec,ok,ok,4.547924252226949,2.525241103954613,1.8010,1
4nec2-models/Objects/Horn.nec,ok-no-source,ok-no-source,2.1681987922638655,1.3497775327414274,,0
4nec2-models/Objects/Illuminate.nec,ok,ok,3.2117413012310863,2.2489586053416133,1.4281,1
4nec2-models/Objects/NearFld.nec,ok,ok,2.3186766281723976,1.683008880354464,1.3777,1
4nec2-models/Objects/Ship1.nec,ok,ok,0.9586483892053366,0.5775603614747524,1.6598,1
4nec2-models/Objects/TL-test.nec,ok,ok,0.15614738501608372,0.11391303688287735,1.3708,1
4nec2-models/Objects/Tank.nec,ok-no-source,ok-no-source,0.034480564296245575,0.030922969803214073,,0
4nec2-models/Objects/Van.nec,ok-no-source,ok-no-source,0.08848269935697317,0.08167649991810322,,0
4nec2-models/Objects/Vehicle.nec,ok,ok,0.09195030760020018,0.06397541798651218,1.4373,1
4nec2-models/Objects/car.nec,ok,ok,1.0269735781475902,0.7355985715985298,1.3961,1
4nec2-models/Objects/car_1.nec,ok,ok,0.23345203045755625,0.18086516484618187,1.2908,1
4nec2-models/VHFbeams/10RA432.nec,ok,ok,0.007570438086986542,0.007974844425916672,,0
4nec2-models/VHFbeams/12el430.nec,ok,ok,0.00989420898258686,0.00929749384522438,,0
4nec2-models/VHFbeams/215DX.nec,ok,ok,0.06521774921566248,0.045749359764158726,,0
4nec2-models/VHFbeams/216CP.nec,ok,ok,0.10411274526268244,0.08357868809252977,1.2457,1
4nec2-models/VHFbeams/23DF.nec,ok,ok,0.007989316247403622,0.009390849620103836,,0
4nec2-models/VHFbeams/28DX.nec,ok,ok,0.07275925669819117,0.05006648600101471,1.4533,1
4nec2-models/VHFbeams/2SA.nec,ok,ok,1.8385731298476458,1.2086252477020025,1.5212,1
4nec2-models/VHFbeams/4x20ra.nec,ok,ok,0.15212297532707453,0.0938369557261467,1.6211,1
4nec2-models/VHFbeams/5Vquad.nec,ok,ok,0.02033925987780094,0.016072007827460766,,0
4nec2-models/VHFbeams/5elDdelta.nec,ok,ok,0.06669654324650764,0.046807664446532726,,0
4nec2-models/VHFbeams/5elDquad.nec,ok,ok,0.045512665063142776,0.032660964876413345,,0
4nec2-models/VHFbeams/BIQDFEED.nec,ok,ok,1.0193026578053832,0.6926867319270968,1.4715,1
4nec2-models/VHFbeams/DLW6U.nec,ok,ok,1.4563001804053783,0.6487306542694569,2.2448,1
4nec2-models/VHFbeams/DipReflGW.nec,error,error,0.5352823557332158,0.3965892978012562,,0
4nec2-models/VHFbeams/EMEyagi.nec,ok,ok,0.021435365080833435,0.01633327081799507,,0
4nec2-models/VHFbeams/GSM_yagi.nec,ok,ok,0.3392568305134773,0.2949245376512408,1.1503,1
4nec2-models/VHFbeams/JBL.nec,ok,ok,4.539473529905081,2.5114203924313188,1.8075,1
4nec2-models/VHFbeams/Parab50.nec,ok,ok,8.698052584193647,5.0430046590045094,1.7248,1
4nec2-models/VHFbeams/QFH1280.nec,ok,ok,0.005982494913041592,0.006487226113677025,,0
4nec2-models/VHFbeams/TV_uhf.nec,ok,ok,0.05006854049861431,0.03687197621911764,,0
4nec2-models/VHFbeams/Vyagi22.nec,ok,ok,0.019153802655637264,0.023556241765618324,,0
4nec2-models/VHFbeams/Yagi16.nec,ok,ok,0.01245467271655798,0.006583201698958874,,0
4nec2-models/VHFbeams/atl50E.nec,ok,ok,0.8269529594108462,0.46745660062879324,1.7690,1
4nec2-models/VHFbeams/atl50e-h.nec,ok,ok,0.9244721475988626,0.5270413495600224,1.7541,1
4nec2-models/VHFbeams/bisq7.nec,ok,ok,0.06803648732602596,0.05747111327946186,1.1838,1
4nec2-models/VHFbeams/corner.nec,ok,ok,0.026383808813989162,0.02661917544901371,,0
4nec2-models/VHFbeams/fm6.nec,ok,ok,0.010756690055131912,0.01089863758534193,,0
4nec2-models/VHFbeams/gridyagi.nec,ok,ok,0.8672843836247921,0.5159498266875744,1.6809,1
4nec2-models/VHFbeams/hel10ua.nec,ok,ok,0.43995665945112705,0.2232285374775529,1.9709,1
4nec2-models/VHFbeams/helix.nec,ok,ok,1.1038053836673498,0.6007285667583346,1.8374,1
4nec2-models/VHFbeams/i5tdjii.nec,ok,ok,0.0376698886975646,0.025715509429574013,,0
4nec2-models/VHFbeams/qfh137.nec,ok,ok,1.266969091258943,0.8434291537851095,1.5022,1
4nec2-models/VHFbeams/quad7.nec,ok,ok,0.011398435570299625,0.011475847102701664,,0
4nec2-models/VHFmultiband/402_306 146 MHz.nec,ok,ok,0.01075294241309166,0.01032195147126913,,0
4nec2-models/VHFmultiband/Dc8ce.nec,ok,ok,0.13011552765965462,0.10935236047953367,1.1899,1
4nec2-models/VHFmultiband/SpiralAntennaCenterFeed.nec,ok,ok,27.378279572352767,20.355211689136922,1.3450,1
4nec2-models/VHFmultiband/ez2309.nec,ok,ok,0.07746182568371296,0.058143358677625656,1.3323,1
4nec2-models/VHFsimple/2mGP.nec,ok,ok,0.010530891828238964,0.011068802326917648,,0
4nec2-models/VHFsimple/2meteradr.nec,ok,ok,0.1047748476266861,0.09405691269785166,1.1140,1
4nec2-models/VHFsimple/CircDip3.nec,ok,ok,0.0036957822740077972,0.00399303063750267,,0
4nec2-models/VHFsimple/CoaxEnd.nec,ok,ok,0.32326316740363836,0.30077163968235254,1.0748,1
4nec2-models/VHFsimple/Dquad.nec,ok,ok,0.004394753836095333,0.00460802111774683,,0
4nec2-models/VHFsimple/Generator.nec,ok,ok,0.07490996550768614,0.06516203377395868,1.1496,1
4nec2-models/VHFsimple/Helix.nec,ok,ok,0.010590622201561928,0.011676191352307796,,0
4nec2-models/VHFsimple/J-ant.nec,ok,ok,0.009065788239240646,0.007708881050348282,,0
4nec2-models/VHFsimple/T-box.nec,ok,ok,0.3468307526782155,0.2193754492327571,1.5810,1
4nec2-models/VHFsimple/dip_curv_6m.nec,ok,ok,0.006122566759586334,0.0058652255684137344,,0
4nec2-models/VHFsimple/gpflat2m.nec,ok,ok,0.011095800437033176,0.00949590839445591,,0
4nec2-models/VHFsimple/gpslop2m.nec,ok,ok,0.011009818874299526,0.00945394579321146,,0
4nec2-models/VHFsimple/halfsq2m.nec,ok,ok,0.046909330412745476,0.053053523413836956,,0
4nec2-models/VHFsimple/masters.nec,ok,ok,0.007652987726032734,0.008604854345321655,,0
4nec2-models/VHFsimple/sterba.nec,ok,ok,0.013932017609477043,0.01242032554000616,,0
4nec2-models/VHFsimple/thick.nec,ok,ok,0.5177392633631825,0.27231043949723244,1.9013,1
4nec2-models/VHFsimple/wheeler.nec,ok,ok,0.00685501005500555,0.007410644553601742,,0
4nec2-models/zz_EZnec/v3.0/15MQUAD.nec,ok,ok,0.004525037482380867,0.004785781726241112,,0
4nec2-models/zz_EZnec/v3.0/20M5ELYA.nec,ok,ok,0.00686991959810257,0.0067215487360954285,,0
4nec2-models/zz_EZnec/v3.0/4SQTL.nec,ok,ok,0.27265076246112585,0.17645667400211096,1.5451,1
4nec2-models/zz_EZnec/v3.0/4SQUARE.nec,ok,ok,0.27131292037665844,0.175081686116755,1.5496,1
4nec2-models/zz_EZnec/v3.0/BYDipole.nec,ok,ok,0.28990462608635426,0.1862757271155715,1.5563,1
4nec2-models/zz_EZnec/v3.0/BYVee.nec,ok,ok,0.2877853801473975,0.18931086640805006,1.5202,1
4nec2-models/zz_EZnec/v3.0/CardTL.nec,ok,ok,0.003598819486796856,0.00384672824293375,,0
4nec2-models/zz_EZnec/v3.0/Cardioid.nec,ok,ok,0.0036075934767723083,0.0037263045087456703,,0
4nec2-models/zz_EZnec/v3.0/DipTL.nec,ok,ok,0.30255773197859526,0.19756986945867538,1.5314,1
4nec2-models/zz_EZnec/v3.0/Dipole1.nec,ok,ok,0.0034515811130404472,0.003545123152434826,,0
4nec2-models/zz_EZnec/v3.0/ELEVRAD1.nec,ok,ok,0.3084662165492773,0.20017107389867306,1.5410,1
4nec2-models/zz_EZnec/v3.0/ELEVRAD2.nec,ok,ok,0.5114630796015263,0.32314973324537277,1.5827,1
4nec2-models/zz_EZnec/v3.0/FDSP.nec,ok,ok,0.30114980321377516,0.19278904516249895,1.5621,1
4nec2-models/zz_EZnec/v3.0/K5RP.nec,ok,ok,0.27910021506249905,0.18324671685695648,1.5231,1
4nec2-models/zz_EZnec/v3.0/LOGPER.nec,ok,ok,0.00973933469504118,0.01015166100114584,,0
4nec2-models/zz_EZnec/v3.0/LOGPERTL.nec,ok,ok,0.006369980052113533,0.006576242856681347,,0
4nec2-models/zz_EZnec/v3.0/N4PCLOOP.nec,ok,ok,0.33801887836307287,0.22060514707118273,1.5322,1
4nec2-models/zz_EZnec/v3.0/NBSYAGI.nec,ok,ok,0.003861965611577034,0.004127564840018749,,0
4nec2-models/zz_EZnec/v3.0/VHFGP.nec,ok,ok,0.0070932647213339806,0.006633506156504154,,0
4nec2-models/zz_EZnec/v3.0/Vert1.nec,ok,ok,0.07896048668771982,0.052134767174720764,1.5145,1
4nec2-models/zz_EZnec/v3.0/W8JK.nec,ok,ok,0.25556268636137247,0.1637575076892972,1.5606,1
4nec2-models/zz_MiniNec/ActiveFeed/2 el activ VP2E 40m.nec,ok,ok,0.33034266252070665,0.21933311969041824,1.5061,1
4nec2-models/zz_MiniNec/ActiveFeed/2D40MB10_multinec.nec,ok,ok,0.005020158365368843,0.005451980046927929,,0
4nec2-models/zz_MiniNec/ActiveFeed/4 el Delta act.nec,ok,ok,0.021190115250647068,0.016177956014871597,,0
4nec2-models/zz_MiniNec/ActiveFeed/40m 4square.nec,ok,ok,0.00465889647603035,0.004526068456470966,,0
4nec2-models/zz_MiniNec/ActiveFeed/HB9CVH.nec,ok,ok,0.004990461282432079,0.0053902892395854,,0
4nec2-models/zz_MiniNec/ActiveFeed/HB9CVW.nec,ok,ok,0.007320811972022057,0.004947609268128872,,0
4nec2-models/zz_MiniNec/Feeders/025lambda_trans.nec,ok,ok,0.01007430162280798,0.009868401102721691,,0
4nec2-models/zz_MiniNec/Feeders/FEEDER.nec,ok,ok,0.0038140518590807915,0.004059695638716221,,0
4nec2-models/zz_MiniNec/HFAperiodic/2elK9AY-1.nec,ok,ok,0.22820954211056232,0.1671966640278697,1.3649,1
4nec2-models/zz_MiniNec/HFAperiodic/BEVERAGE.nec,ok,ok,0.3767332620918751,0.24508532043546438,1.5372,1
4nec2-models/zz_MiniNec/HFAperiodic/D2T.nec,ok,ok,0.21023570094257593,0.13938911445438862,1.5083,1
4nec2-models/zz_MiniNec/HFAperiodic/EWE.nec,ok,ok,0.22466144617646933,0.14704911038279533,1.5278,1
4nec2-models/zz_MiniNec/HFAperiodic/Flag K6SE.nec,ok,ok,0.08403989020735025,0.057194486260414124,1.4694,1
4nec2-models/zz_MiniNec/HFAperiodic/RHOMBIC.nec,ok,ok,0.7226376896724105,0.4150250284001231,1.7412,1
4nec2-models/zz_MiniNec/HFAperiodic/Semirhomb.nec,ok,ok,0.4153874032199383,0.2685526954010129,1.5468,1
4nec2-models/zz_MiniNec/HFAperiodic/T2FD.nec,ok,ok,0.18778558354824781,0.12646475434303284,1.4849,1
4nec2-models/zz_MiniNec/HFAperiodic/beverage200.nec,ok,ok,0.8811182035133243,0.38809711672365665,2.2704,1
4nec2-models/zz_MiniNec/HFAperiodic/widebanddip.nec,ok,ok,0.3049462102353573,0.20256015565246344,1.5055,1
4nec2-models/zz_MiniNec/HFbeams/2CQ20.nec,ok,ok,0.10363321378827095,0.07002863846719265,1.4799,1
4nec2-models/zz_MiniNec/HFbeams/2DELTA20.nec,ok,ok,0.014972987584769726,0.014940124936401844,,0
4nec2-models/zz_MiniNec/HFbeams/2ELQUAD.nec,ok,ok,1.038104453124106,0.4175690682604909,2.4861,1
4nec2-models/zz_MiniNec/HFbeams/2ELVP15.nec,ok,ok,0.005054927431046963,0.005364062264561653,,0
4nec2-models/zz_MiniNec/HFbeams/2ELVP20.nec,ok,ok,0.00659183319658041,0.007353807799518108,,0
4nec2-models/zz_MiniNec/HFbeams/2el.delta.20m.nec,ok,ok,0.33117243461310863,0.23927786108106375,1.3840,1
4nec2-models/zz_MiniNec/HFbeams/2elQuad W1HXU.nec,ok,ok,0.08805915340781212,0.05251988023519516,1.6767,1
4nec2-models/zz_MiniNec/HFbeams/3EL20.nec,ok,ok,0.10590340010821819,0.07070756237953901,1.4978,1
4nec2-models/zz_MiniNec/HFbeams/3el GP80 CW.nec,ok,ok,0.30187917966395617,0.20147287845611572,1.4984,1
4nec2-models/zz_MiniNec/HFbeams/4EL20.nec,ok,ok,0.3227437688037753,0.21171252895146608,1.5244,1
4nec2-models/zz_MiniNec/HFbeams/4EL20HM.nec,ok,ok,0.01019118819385767,0.009570025838911533,,0
4nec2-models/zz_MiniNec/HFbeams/4_4RZT_2.nec,ok,ok,0.3112080693244934,0.16787271201610565,1.8538,1
4nec2-models/zz_MiniNec/HFbeams/5EL20.nec,ok,ok,0.010871910490095615,0.010069086216390133,,0
4nec2-models/zz_MiniNec/HFbeams/6EL10.nec,ok,ok,0.010104787535965443,0.00952836498618126,,0
4nec2-models/zz_MiniNec/HFbeams/DL9JFT Yagi 14.nec,ok,ok,0.004615952260792255,0.005264957435429096,,0
4nec2-models/zz_MiniNec/HFbeams/DX415TT.nec,ok,ok,0.2974964715540409,0.19731898419559002,1.5077,1
4nec2-models/zz_MiniNec/HFbeams/Diamond Quadx2 14.nec,ok,ok,0.027929079718887806,0.021083293482661247,,0
4nec2-models/zz_MiniNec/HFbeams/JungleJob.nec,ok,ok,0.003979220986366272,0.004800683818757534,,0
4nec2-models/zz_MiniNec/HFbeams/LPDA15.nec,ok,ok,0.31634147744625807,0.17175971996039152,1.8418,1
4nec2-models/zz_MiniNec/HFbeams/M2CQ.nec,ok,ok,0.018135213293135166,0.01928413286805153,,0
4nec2-models/zz_MiniNec/HFbeams/Rhomb10.nec,ok,ok,0.19866680167615414,0.1076236991211772,1.8459,1
4nec2-models/zz_MiniNec/HFbeams/W2EEY.nec,ok,ok,0.0077767930924892426,0.008255884982645512,,0
4nec2-models/zz_MiniNec/HFbeams/XQ20.nec,ok,ok,0.43725360929965973,0.2693971348926425,1.6231,1
4nec2-models/zz_MiniNec/HFbeams/ZL20.nec,ok,ok,0.14772407338023186,0.10056484863162041,1.4689,1
4nec2-models/zz_MiniNec/HFmultiband/10-18-24GP.nec,ok,ok,0.23640769347548485,0.16135181300342083,1.4652,1
4nec2-models/zz_MiniNec/HFmultiband/28_21_14V3.nec,ok,ok,0.005852770991623402,0.0058173565194010735,,0
4nec2-models/zz_MiniNec/HFmultiband/3.5-7-14-28offsetdip-1.nec,ok,ok,0.16835534293204546,0.09829999879002571,1.7127,1
4nec2-models/zz_MiniNec/HFmultiband/3e lTriband Yagi.nec,ok,ok,0.3299799906089902,0.22029319778084755,1.4979,1
4nec2-models/zz_MiniNec/HFmultiband/4_4RZT_2.nec,ok,ok,0.3100825706496835,0.16701595578342676,1.8566,1
4nec2-models/zz_MiniNec/HFmultiband/8b Delta Loop.nec,ok,ok,0.3401486473158002,0.2254058076068759,1.5091,1
4nec2-models/zz_MiniNec/HFmultiband/DBLDP.nec,ok,ok,0.09321729280054569,0.06171146035194397,1.5105,1
4nec2-models/zz_MiniNec/HFmultiband/DUAL2EL.nec,ok,ok,0.08905776124447584,0.0586300753057003,1.5190,1
4nec2-models/zz_MiniNec/HFmultiband/Db54m.nec,ok,ok,0.2788026640191674,0.14864048641175032,1.8757,1
4nec2-models/zz_MiniNec/HFmultiband/Delta160allbands.nec,ok,ok,0.3730304688215256,0.23614637181162834,1.5797,1
4nec2-models/zz_MiniNec/HFmultiband/G5RV.nec,ok,ok,0.3398431409150362,0.22310617193579674,1.5232,1
4nec2-models/zz_MiniNec/HFmultiband/LPDA.nec,ok,ok,0.05291399173438549,0.040634206496179104,,0
4nec2-models/zz_MiniNec/HFmultiband/M2CQW.nec,ok,ok,0.3694862797856331,0.23225259501487017,1.5909,1
4nec2-models/zz_MiniNec/HFmultiband/MCQM.nec,ok,ok,0.014018364250659943,0.011961480602622032,,0
4nec2-models/zz_MiniNec/HFmultiband/MULTDP.nec,ok,ok,0.13330555520951748,0.08973831869661808,1.4855,1
4nec2-models/zz_MiniNec/HFmultiband/MULTDPH.nec,ok,ok,0.1812907326966524,0.1192254712805152,1.5206,1
4nec2-models/zz_MiniNec/HFmultiband/MULTDPHW.nec,ok,ok,0.22537661623209715,0.14820266515016556,1.5207,1
4nec2-models/zz_MiniNec/HFmultiband/MULTDPL.nec,ok,ok,0.34717390313744545,0.22871237434446812,1.5179,1
4nec2-models/zz_MiniNec/HFmultiband/MULTDPW.nec,ok,ok,0.29778066370636225,0.19570645689964294,1.5216,1
4nec2-models/zz_MiniNec/HFmultiband/QuadsUA4IF.nec,ok,ok,0.4099204335361719,0.26982320100069046,1.5192,1
4nec2-models/zz_MiniNec/HFmultiband/SHOEBOX.nec,ok,ok,0.011143741197884083,0.010281197726726532,,0
4nec2-models/zz_MiniNec/HFmultiband/TribandQQ.nec,ok,ok,0.4762473339214921,0.23498675040900707,2.0267,1
4nec2-models/zz_MiniNec/HFmultiband/WARC open sleeve dip.nec,ok,ok,0.28393501602113247,0.1830636551603675,1.5510,1
4nec2-models/zz_MiniNec/HFshort/05 lamda  deform  GP witn feed line.nec,ok,ok,0.28271265607327223,0.1982005536556244,1.4264,1
4nec2-models/zz_MiniNec/HFshort/28_21_14v3.nec,ok,ok,0.004579560831189156,0.0046943556517362595,,0
4nec2-models/zz_MiniNec/HFshort/3el short Yagj W1FBY.nec,ok,ok,0.02844864409416914,0.02289112750440836,,0
4nec2-models/zz_MiniNec/HFshort/4X4NJ -1.nec,ok,ok,0.00439605675637722,0.004607381299138069,,0
4nec2-models/zz_MiniNec/HFshort/80mDLsh.nec,ok,ok,0.2163522895425558,0.14527541026473045,1.4893,1
4nec2-models/zz_MiniNec/HFshort/Auto with GP.nec,ok,ok,0.138483471237123,0.10410696268081665,1.3302,1
4nec2-models/zz_MiniNec/HFshort/Dipol3_5-7.nec,ok,ok,0.2690740255638957,0.17258149944245815,1.5591,1
4nec2-models/zz_MiniNec/HFshort/Fractal_1.nec,ok,ok,0.3019138481467962,0.19786964915692806,1.5258,1
4nec2-models/zz_MiniNec/HFshort/Gp40short rad.nec,ok,ok,0.23606321588158607,0.16530784219503403,1.4280,1
4nec2-models/zz_MiniNec/HFshort/Lineload75.nec,ok,ok,0.14568648487329483,0.10483209323137999,1.3897,1
4nec2-models/zz_MiniNec/HFshort/MCQM.nec,ok,ok,0.15931138303130865,0.10537882428616285,1.5118,1
4nec2-models/zz_MiniNec/HFshort/QQ21-14short.nec,ok,ok,0.20393976476043463,0.13966293446719646,1.4602,1
4nec2-models/zz_MiniNec/HFshort/SLOPER.nec,ok,ok,0.07858122512698174,0.05305795557796955,1.4810,1
4nec2-models/zz_MiniNec/HFshort/TRIHAT.nec,ok,ok,0.19105474837124348,0.12620916403830051,1.5138,1
4nec2-models/zz_MiniNec/HFshort/TopCap75.nec,ok,ok,0.08549486193805933,0.060131559148430824,1.4218,1
4nec2-models/zz_MiniNec/HFshort/VDP40.nec,ok,ok,0.07884784508496523,0.052169579081237316,1.5114,1
4nec2-models/zz_MiniNec/HFshort/VDP40B.nec,ok,ok,0.09252502489835024,0.05240309238433838,1.7656,1
4nec2-models/zz_MiniNec/HFshort/VDP40C.nec,ok,ok,0.08062984049320221,0.053965477272868156,1.4941,1
4nec2-models/zz_MiniNec/HFshort/W2EEY.nec,ok,ok,0.03923777397722006,0.028498010709881783,,0
4nec2-models/zz_MiniNec/HFshort/WA1MKP.nec,ok,ok,0.2110653892159462,0.14312509633600712,1.4747,1
4nec2-models/zz_MiniNec/HFshort/field day GP short.nec,ok,ok,0.20981722231954336,0.13813120033591986,1.5190,1
4nec2-models/zz_MiniNec/HFshort/short vetr75.nec,ok,ok,0.15675692819058895,0.11187116988003254,1.4012,1
4nec2-models/zz_MiniNec/HFsimple/160m vert gnd tower.nec,ok,ok,0.40245035849511623,0.25560494139790535,1.5745,1
4nec2-models/zz_MiniNec/HFsimple/80mDLdouble.nec,ok,ok,0.022383516654372215,0.017290246672928333,,0
4nec2-models/zz_MiniNec/HFsimple/CB5_8 lambda.nec,ok,ok,0.09495492838323116,0.06617120373994112,1.4350,1
4nec2-models/zz_MiniNec/HFsimple/COLLINEA.nec,ok,ok,0.23383384104818106,0.1561365956440568,1.4976,1
4nec2-models/zz_MiniNec/HFsimple/DIPOL160.nec,ok,ok,0.30792863480746746,0.19978827144950628,1.5413,1
4nec2-models/zz_MiniNec/HFsimple/DP160LD.nec,ok,ok,0.0035088108852505684,0.0037707677111029625,,0
4nec2-models/zz_MiniNec/HFsimple/DP20.nec,ok,ok,0.079824841581285,0.05302309710532427,1.5055,1
4nec2-models/zz_MiniNec/HFsimple/Delta-Gamma.nec,ok,ok,0.004809622652828693,0.005413047969341278,,0
4nec2-models/zz_MiniNec/HFsimple/FD20.nec,ok,ok,0.0063178446143865585,0.006939684972167015,,0
4nec2-models/zz_MiniNec/HFsimple/GP with gamma match.nec,ok,ok,0.07619459368288517,0.05115751642733812,1.4894,1
4nec2-models/zz_MiniNec/HFsimple/GP40.nec,ok,ok,0.2753526605665684,0.18250313587486744,1.5088,1
4nec2-models/zz_MiniNec/HFsimple/GP40S.nec,ok,ok,0.1897861808538437,0.12814761884510517,1.4810,1
4nec2-models/zz_MiniNec/HFsimple/Hcollinear14.nec,ok,ok,0.006254351697862148,0.005536059848964214,,0
4nec2-models/zz_MiniNec/HFsimple/Hiquad.nec,ok,ok,0.005236087366938591,0.005337171256542206,,0
4nec2-models/zz_MiniNec/HFsimple/J-ant28.nec,ok,ok,0.08694876730442047,0.057599764317274094,1.5095,1
4nec2-models/zz_MiniNec/HFsimple/LAZY-H.nec,ok,ok,0.010226810351014137,0.00943582970649004,,0
4nec2-models/zz_MiniNec/HFsimple/LONDQUAD.nec,ok,ok,0.3018266586586833,0.19604239985346794,1.5396,1
4nec2-models/zz_MiniNec/HFsimple/LOOP20.nec,ok,ok,0.004076455719769001,0.004263032227754593,,0
4nec2-models/zz_MiniNec/HFsimple/LOOP20C.nec,ok,ok,0.0038130516186356544,0.004020140506327152,,0
4nec2-models/zz_MiniNec/HFsimple/Piramida.nec,ok,ok,0.2121729077771306,0.1404148768633604,1.5110,1
4nec2-models/zz_MiniNec/HFsimple/VERT20.nec,ok,ok,0.07918189652264118,0.051975333131849766,1.5235,1
4nec2-models/zz_MiniNec/HFsimple/VERT20M.nec,ok,ok,0.08232627250254154,0.05593315325677395,1.4719,1
4nec2-models/zz_MiniNec/HFsimple/VERT53.nec,ok,ok,0.09036453254520893,0.06252620834857225,1.4452,1
4nec2-models/zz_MiniNec/HFsimple/VERT58.nec,ok,ok,0.08782428596168756,0.059845855459570885,1.4675,1
4nec2-models/zz_MiniNec/HFsimple/VP2E 40m.nec,ok,ok,0.2665915619581938,0.17290468607097864,1.5418,1
4nec2-models/zz_MiniNec/HFsimple/VP2E-CW.nec,ok,ok,0.2970694378018379,0.1928304871544242,1.5406,1
4nec2-models/zz_MiniNec/HFsimple/Vcollinear28.nec,ok,ok,0.1915681017562747,0.12731347233057022,1.5047,1
4nec2-models/zz_MiniNec/HFsimple/Vert20s.nec,ok,ok,0.07911938708275557,0.05205749440938234,1.5198,1
4nec2-models/zz_MiniNec/HFsimple/VertUA3SFH.nec,ok,ok,0.08096542675048113,0.05330957658588886,1.5188,1
4nec2-models/zz_MiniNec/HFsimple/WINDOM.nec,ok,ok,0.02526146173477173,0.01638511475175619,,0
4nec2-models/zz_MiniNec/HFsimple/end feer dipole.nec,ok,ok,0.270998646505177,0.17565290909260511,1.5428,1
4nec2-models/zz_MiniNec/HFsimple/wideInvV80.nec,ok,ok,0.3317668540403247,0.2167659793049097,1.5305,1
4nec2-models/zz_MiniNec/MagLoops/MAGLOOPT.nec,ok,ok,0.08388077188283205,0.05639444664120674,1.4874,1
4nec2-models/zz_MiniNec/Stacks/2X6EL10.nec,ok,ok,0.1952629378065467,0.11050978396087885,1.7669,1
4nec2-models/zz_MiniNec/Stacks/2x4elTwin Delta Loop 145 MHz.nec,ok,ok,0.1860251324251294,0.11369078140705824,1.6362,1
4nec2-models/zz_MiniNec/Stacks/4X12.nec,ok,ok,0.038876622915267944,0.03428778704255819,,0
4nec2-models/zz_MiniNec/Stacks/4xQQ.nec,ok,ok,0.29627992399036884,0.16427561827003956,1.8036,1
4nec2-models/zz_MiniNec/Stacks/syack3el20.nec,ok,ok,0.12790184374898672,0.07862652745097876,1.6267,1
4nec2-models/zz_MiniNec/Stacks/zigzag2x10 el 2 m.nec,ok,ok,0.06442654598504305,0.06666236463934183,0.9665,1
4nec2-models/zz_MiniNec/VHFbeams/12CQ430.nec,ok,ok,0.07010286580771208,0.047379354014992714,,0
4nec2-models/zz_MiniNec/VHFbeams/12EL23CM.nec,ok,ok,0.0338006354868412,0.025712947361171246,,0
4nec2-models/zz_MiniNec/VHFbeams/12EL430.nec,ok,ok,0.010247591882944107,0.009563839994370937,,0
4nec2-models/zz_MiniNec/VHFbeams/144-5Yagi.nec,ok,ok,0.006473112851381302,0.0061624618247151375,,0
4nec2-models/zz_MiniNec/VHFbeams/15EL23CM.nec,ok,ok,0.02633895631879568,0.01917768269777298,,0
4nec2-models/zz_MiniNec/VHFbeams/3DQ6.nec,ok,ok,0.01766984723508358,0.017172351479530334,,0
4nec2-models/zz_MiniNec/VHFbeams/3HENT.nec,ok,ok,0.017412452027201653,0.014725874178111553,,0
4nec2-models/zz_MiniNec/VHFbeams/4DELTA6.nec,ok,ok,0.020024895668029785,0.015853033401072025,,0
4nec2-models/zz_MiniNec/VHFbeams/4X12.nec,ok,ok,0.03871118649840355,0.034655711613595486,,0
4nec2-models/zz_MiniNec/VHFbeams/5CQ2.nec,ok,ok,0.020267240703105927,0.016337729059159756,,0
4nec2-models/zz_MiniNec/VHFbeams/5ELTWIND.nec,ok,ok,0.06802584696561098,0.04673981945961714,,0
4nec2-models/zz_MiniNec/VHFbeams/6EL6MW.nec,ok,ok,0.009529488161206245,0.008933703415095806,,0
4nec2-models/zz_MiniNec/VHFbeams/7EL6M.nec,ok,ok,0.010856092907488346,0.009804089553654194,,0
4nec2-models/zz_MiniNec/VHFbeams/7elQuad_GW4CQT.nec,ok,ok,0.26902236603200436,0.13328607473522425,2.0184,1
4nec2-models/zz_MiniNec/VHFbeams/8EL2MW.nec,ok,ok,0.0617511011660099,0.04308473691344261,,0
4nec2-models/zz_MiniNec/VHFbeams/8EL6M.nec,ok,ok,0.012879114598035812,0.011287127621471882,,0
4nec2-models/zz_MiniNec/VHFbeams/8EL6MW.nec,ok,ok,0.01380955521017313,0.011749192140996456,,0
4nec2-models/zz_MiniNec/VHFbeams/Crosspol144.nec,ok,ok,0.013435562141239643,0.013970098458230495,,0
4nec2-models/zz_MiniNec/VHFbeams/DK7ZB-2.nec,ok,ok,0.0053530503064394,0.005649358965456486,,0
4nec2-models/zz_MiniNec/VHFbeams/MIRROR.nec,ok,ok,1.9393214983865619,0.9336672788485885,2.0771,1
4nec2-models/zz_MiniNec/VHFbeams/USN_StarGP.nec,ok,ok,0.00930679589509964,0.008707379922270775,,0
4nec2-models/zz_MiniNec/VHFbeams/f9ft-2-uu4jcr.nec,ok,ok,0.2173317912966013,0.11331750825047493,1.9179,1
4nec2-models/zz_MiniNec/VHFbeams/f9ft-21-432.nec,ok,ok,0.024359822273254395,0.021725493483245373,,0
4nec2-models/zz_MiniNec/VHFsimple/144OMNI.nec,ok,ok,0.003943650051951408,0.004242615774273872,,0
4nec2-models/zz_MiniNec/VHFsimple/6SKYDOOR.nec,ok,ok,0.004376093856990337,0.004563513211905956,,0
4nec2-models/zz_MiniNec/VHFsimple/CR2.nec,ok,ok,0.10201447550207376,0.07482924871146679,1.3633,1
4nec2-models/zz_MiniNec/VHFsimple/Discon55-200.nec,ok,ok,0.009914828464388847,0.011091794818639755,,0
4nec2-models/zz_MiniNec/VHFsimple/GP144-435.nec,ok,ok,0.10804625134915113,0.07043925300240517,1.5339,1
4nec2-models/zz_MiniNec/VHFsimple/HENTENNA.nec,ok,ok,0.21203371416777372,0.14049939066171646,1.5091,1
4nec2-models/zz_MiniNec/VHFsimple/Helix145.nec,ok,ok,0.10573357529938221,0.06825956236571074,1.5490,1
4nec2-models/zz_MiniNec/VHFsimple/Isotrop2.nec,ok,ok,0.034866463392972946,0.025435656309127808,,0
4nec2-models/zz_MiniNec/VHFsimple/J-ant144.nec,ok,ok,0.009420650079846382,0.007870746776461601,,0
4nec2-models/zz_MiniNec/VHFsimple/TWIND.nec,ok,ok,0.004153749905526638,0.004544410854578018,,0
4nec2-models/zz_MiniNec/VHFsimple/TWINLOOP.nec,ok,ok,0.003967571072280407,0.00430719368159771,,0
antenna-modeling/2el-yagi-freespace.nec,ok,ok,0.7939071208238602,0.7118174508213997,1.1153,1
antenna-modeling/2el-yagi-halfwl.nec,ok,ok,0.8621680298820138,0.7571204397827387,1.1387,1
antenna-modeling/2el-yagi-high.nec,ok,ok,0.8712808936834335,0.7645221026614308,1.1396,1
antenna-modeling/2m-sat-yagi/2m-sat-candidate1-crossed.nec,ok,ok,4.547162925824523,3.433800117112696,1.3242,1
antenna-modeling/2m-sat-yagi/2m-sat-candidate1-drivenonly-long.nec,ok,ok,1.8076632199808955,1.6365996394306421,1.1045,1
antenna-modeling/2m-sat-yagi/2m-sat-candidate1-drivenonly.nec,ok,ok,1.8286428283900023,1.6413520146161318,1.1141,1
antenna-modeling/2m-sat-yagi/2m-sat-candidate1-inorder.nec,ok,ok,4.547450114041567,3.65949943382293,1.2426,1
antenna-modeling/2m-sat-yagi/2m-sat-candidate1.nec,ok,ok,2.211772443726659,1.8217972898855805,1.2141,1
antenna-modeling/2m-sat-yagi/2m-sat-candidate2-folded-drivenonly.nec,ok,ok,2.548019845969975,2.1748967291787267,1.1716,1
antenna-modeling/2m-sat-yagi/2m-sat-candidate2-thick-crossed-wide.nec,ok,ok,23.053905757144094,17.304279656149447,1.3323,1
antenna-modeling/2m-sat-yagi/2m-sat-candidate2-thick-crossed.nec,ok,ok,5.780190666206181,4.272093002684414,1.3530,1
antenna-modeling/2m-sat-yagi/2m-sat-candidate2-thick-folded-inorder.nec,ok,ok,2.5678121419623494,2.077600193209946,1.2360,1
antenna-modeling/2m-sat-yagi/2m-sat-candidate2-thin-folded-inorder.nec,ok,ok,2.569194504059851,2.0763901341706514,1.2373,1
antenna-modeling/2m-sat-yagi/bar.nec,ok,ok,5.777631379663944,4.080080535262823,1.4161,1
antenna-modeling/2m-sat-yagi/foo.nec,ok,ok,1.020624722354114,0.8810171326622367,1.1585,1
antenna-modeling/2m-sat-yagi/thick-300.nec,ok,ok,1.0196489254012704,0.8958001155406237,1.1383,1
antenna-modeling/2m-sat-yagi/thick-clearboom.nec,ok,ok,2.533577532507479,2.1698873694986105,1.1676,1
antenna-modeling/2m-sat-yagi/thin-5.nec,ok,ok,1.1171002415940166,0.9370374819263816,1.1922,1
antenna-modeling/2m-sat-yagi/thin-clearboom.nec,ok,ok,2.537512089125812,2.184593753889203,1.1615,1
antenna-modeling/2m-sat-yagi/thin.nec,ok,ok,1.0188343673944473,0.9037075582891703,1.1274,1
antenna-modeling/2m-yagi-5el-calculated.nec,ok,ok,0.9482144117355347,0.79548513982445,1.1920,1
antenna-modeling/2m-yagi-test1.nec,ok,ok,1.06917994748801,0.8903024652972817,1.2009,1
antenna-modeling/General 6-Band G3TXQ Broadband Hex Beam.nec,ok,ok,0.7431212989613414,0.34483381640166044,2.1550,1
antenna-modeling/barry.nec,ok,ok,0.624290032312274,0.6220428301021457,1.0036,1
antenna-modeling/biqdfeed-fixed.nec,ok,ok,9.995585201308131,6.641067856922746,1.5051,1
antenna-modeling/dipole-10m-gutters.nec,ok,ok,1.3583561098203063,1.0623726239427924,1.2786,1
antenna-modeling/dipole-10m.nec,ok,ok,0.4785279789939523,0.41581202764064074,1.1508,1
antenna-modeling/dipole-12m.nec,ok,ok,0.28817275166511536,0.2650887155905366,1.0871,1
antenna-modeling/dipole-15m.nec,ok,ok,1.1783685460686684,1.0215283958241343,1.1535,1
antenna-modeling/dipole-17m.nec,ok,ok,0.28211091738194227,0.2610779404640198,1.0806,1
antenna-modeling/dipole-20m-gutters.nec,ok,ok,2.528777268715203,2.0251200161874294,1.2487,1
antenna-modeling/dipole-20m.nec,ok,ok,0.905128407292068,0.7945947805419564,1.1391,1
antenna-modeling/dipole-30m-gutters.nec,ok,ok,0.6818171553313732,0.539264908991754,1.2643,1
antenna-modeling/dipole-30m.nec,ok,ok,0.2506429562345147,0.2265614876523614,1.1063,1
antenna-modeling/dipole-40m-gutters.nec,ok,ok,1.9442485561594367,1.5238311234861612,1.2759,1
antenna-modeling/dipole-40m.nec,ok,ok,0.7265205699950457,0.6304676672443748,1.1524,1
antenna-modeling/dipole-80m-gutters.nec,ok,ok,3.012548820115626,2.3256796495988965,1.2953,1
antenna-modeling/dipole-80m.nec,ok,ok,1.1557178273797035,1.0204685423523188,1.1325,1
antenna-modeling/dipole-sample-freespace.nec,ok,ok,0.591279567219317,0.5644437335431576,1.0475,1
antenna-modeling/dipole-sample-halfwl.nec,ok,ok,0.6300383321940899,0.5846088780090213,1.0777,1
antenna-modeling/dipole-sample.nec,ok,ok,0.6365433884784579,0.5902787055820227,1.0784,1
antenna-modeling/foo.nec,ok,ok,1.0891839982941747,0.8917253334075212,1.2214,1
antenna-modeling/force12-C3-10m-roof.nec,ok,ok,1.2022932283580303,0.9963869992643595,1.2067,1
antenna-modeling/force12-C3-10m-tower.nec,ok,ok,1.1967929136008024,1.0048798993229866,1.1910,1
antenna-modeling/force12-C3-12m-roof.nec,ok,ok,0.7244529882445931,0.6066070450469851,1.1943,1
antenna-modeling/force12-C3-12m-tower.nec,ok,ok,0.7274818532168865,0.6105579501017928,1.1915,1
antenna-modeling/force12-C3-15m-roof.nec,ok,ok,2.9710346246138215,2.5059739565476775,1.1856,1
antenna-modeling/force12-C3-15m-tower.nec,ok,ok,2.9878452327102423,2.523411442525685,1.1840,1
antenna-modeling/force12-C3-17m-roof.nec,ok,ok,0.7152309538796544,0.594535150565207,1.2030,1
antenna-modeling/force12-C3-17m-tower.nec,ok,ok,0.715803973376751,0.5981166772544384,1.1968,1
antenna-modeling/force12-C3-20m-roof.nec,ok,ok,2.2649894254282117,1.8804180398583412,1.2045,1
antenna-modeling/force12-C3-20m-tower.nec,ok,ok,2.2788388282060623,1.8987482227385044,1.2002,1
antenna-modeling/force12-C3.nec,ok,ok,2.058300908654928,1.7112760189920664,1.2028,1
antenna-modeling/gbhoyt.nec,ok,ok,34.68717937171459,25.553383617661893,1.3574,1
antenna-modeling/hexbeam-20m.nec,ok,ok,1.1820146786049008,0.9836904304102063,1.2016,1
antenna-modeling/log_per.nec,ok,ok,0.13141187094151974,0.12144642323255539,1.0821,1
antenna-modeling/rotatable-dipole-40m.nec,ok,ok,0.6905321981757879,0.6066983947530389,1.1382,1
antenna-modeling/vertical-sample.nec,ok,ok,14.072279412299395,6.60545170865953,2.1304,1
antenna-modeling/yagi.nec,ok,ok,1.0653123063966632,0.8969285627827048,1.1877,1
antenna-modeling/yagitools/2m-sat-candidate1-crossed.nec,ok,ok,2.2885952154174447,1.9254046529531479,1.1886,1
antenna-modeling/yagitools/2m-sat-candidate1-drivenonly.nec,ok,ok,1.813768864609301,1.6452678050845861,1.1024,1
antenna-modeling/yagitools/2m-sat-candidate1-inorder.nec,ok,ok,2.2075683288276196,1.8241012981161475,1.2102,1
antenna-modeling/yagitools/2m-sat-candidate1.nec,ok,ok,1.1061196941882372,0.9091304978355765,1.2167,1
antenna-modeling/yagitools/ON6MU-adjusted.nec,ok,ok,6.547837155871093,5.406012509018183,1.2112,1
antenna-modeling/yagitools/ON6MU-adjusted2.nec,ok,ok,7.560663730837405,5.2083967458456755,1.4516,1
antenna-modeling/yagitools/ON6MU-adjusted3.nec,ok,ok,6.572265293449163,5.413764265365899,1.2140,1
antenna-modeling/yagitools/ON6MU-adjusted4-allthick.nec,ok,ok,2.1951184310019016,1.8104463117197156,1.2125,1
antenna-modeling/yagitools/ON6MU-adjusted4-refthick.nec,ok,ok,2.206965950317681,1.817717446014285,1.2141,1
antenna-modeling/yagitools/ON6MU-adjusted4.nec,ok,ok,2.1866255421191454,1.815972564741969,1.2041,1
antenna-modeling/yagitools/ON6MU.nec,ok,ok,6.558106472715735,5.412904295139015,1.2116,1
antenna-modeling/yagitools/dipole.nec,ok,ok,0.49715618789196014,0.4604340558871627,1.0798,1
antenna-modeling/yagitools/foo.nec,ok,ok,0.9452787060290575,0.7963551841676235,1.1870,1
arcanum/dumbbell-ori.nec,ok,ok,0.024054073728621006,0.024257694371044636,,0
arcanum/half-wave-dipole.nec,ok,ok,0.015440909191966057,0.01702045276761055,,0
arcanum/yagi-3el.nec,ok,ok,0.019824057817459106,0.02098032645881176,,0
arrl/DIP.nec,ok,ok,0.006122283637523651,0.0068345945328474045,,0
arrl/LOOP.nec,ok-no-source,ok-no-source,0.003145447000861168,0.0034031514078378677,,0
arrl/LPER.nec,ok,ok,0.036245062947273254,0.03744207229465246,,0
arrl/W1JR.nec,ok,ok,0.03226132597774267,0.0257226824760437,,0
arthurcadore/dipole/SimpleReflector.nec,ok,ok,0.0035432344302535057,0.0038507040590047836,,0
arthurcadore/dipole/phaseShift16Arragement.nec,ok,ok,0.04534723609685898,0.030606280080974102,,0
arthurcadore/dipole/simple2Arragment.nec,ok,ok,0.004236932843923569,0.004339856095612049,,0
arthurcadore/dipole/simple4Arragment.nec,ok,ok,0.005929475650191307,0.005554378964006901,,0
arthurcadore/dipole/turnStile.nec,ok,ok,0.005910865031182766,0.0057449545711278915,,0
arthurcadore/helical/helical-simple.nec,ok,ok,0.08695054613053799,0.09253059979528189,0.9397,1
arthurcadore/yagiUda/yagi4Directors.nec,ok,ok,0.01078070979565382,0.00953161995857954,,0
cebik-w4rnl/Basic-Intermediate-Tutorial-Models/EZNEC/partc/20-6-4.nec,ok,ok,0.012234337627887726,0.011147771961987019,,0
cebik-w4rnl/Basic-Intermediate-Tutorial-Models/Tutorial-1/1-1.nec,ok,ok,0.27031515538692474,0.17661373782902956,1.5305,1
cebik-w4rnl/Basic-Intermediate-Tutorial-Models/Tutorial-1/10-1-1.nec,ok,ok,0.016069570556282997,0.015644151717424393,,0
cebik-w4rnl/Basic-Intermediate-Tutorial-Models/Tutorial-1/10-1-2.nec,ok,ok,0.016102803871035576,0.01562732830643654,,0
cebik-w4rnl/Basic-Intermediate-Tutorial-Models/Tutorial-1/10-1-3.nec,ok,ok,0.016211839392781258,0.01608933601528406,,0
cebik-w4rnl/Basic-Intermediate-Tutorial-Models/Tutorial-1/10-1-3A.nec,ok,ok,0.01618069503456354,0.015661762095987797,,0
cebik-w4rnl/Basic-Intermediate-Tutorial-Models/Tutorial-1/10-1-4.nec,ok,ok,0.016226863488554955,0.015810279175639153,,0
cebik-w4rnl/Basic-Intermediate-Tutorial-Models/Tutorial-1/10-2-1.nec,ok,ok,0.02977339643985033,0.024889488704502583,,0
cebik-w4rnl/Basic-Intermediate-Tutorial-Models/Tutorial-1/10-2-2.nec,ok,ok,0.029787452891469002,0.02449948526918888,,0
cebik-w4rnl/Basic-Intermediate-Tutorial-Models/Tutorial-1/10-2-3.nec,ok,ok,0.029636938124895096,0.02413255348801613,,0
cebik-w4rnl/Basic-Intermediate-Tutorial-Models/Tutorial-1/10-2-3A.nec,ok,ok,0.054176753386855125,0.03901576530188322,,0
cebik-w4rnl/Basic-Intermediate-Tutorial-Models/Tutorial-1/10-2-4.nec,ok,ok,0.029818390496075153,0.024361605755984783,,0
cebik-w4rnl/Basic-Intermediate-Tutorial-Models/Tutorial-1/10-3-1.nec,ok,ok,0.014341525733470917,0.014250567182898521,,0
cebik-w4rnl/Basic-Intermediate-Tutorial-Models/Tutorial-1/10-3-2.nec,ok,ok,0.005292939022183418,0.005939020775258541,,0
cebik-w4rnl/Basic-Intermediate-Tutorial-Models/Tutorial-1/10-4-1.nec,ok,ok,0.009598559699952602,0.008617554791271687,,0
cebik-w4rnl/Basic-Intermediate-Tutorial-Models/Tutorial-1/10-4-2.nec,ok,ok,0.00964588113129139,0.009043807163834572,,0
cebik-w4rnl/Basic-Intermediate-Tutorial-Models/Tutorial-1/10-5-1.nec,ok,ok,0.0073344046249985695,0.00794227048754692,,0
cebik-w4rnl/Basic-Intermediate-Tutorial-Models/Tutorial-1/10-5-2.nec,ok,ok,0.0072638653218746185,0.008226832374930382,,0
cebik-w4rnl/Basic-Intermediate-Tutorial-Models/Tutorial-1/11-1-1.nec,ok,ok,0.08186176978051662,0.054181541316211224,1.5109,1
cebik-w4rnl/Basic-Intermediate-Tutorial-Models/Tutorial-1/11-1-2.nec,ok,ok,0.3080807449296117,0.17911848425865173,1.7200,1
cebik-w4rnl/Basic-Intermediate-Tutorial-Models/Tutorial-1/11-1-3.nec,ok,ok,0.3083021277561784,0.18042791169136763,1.7087,1
cebik-w4rnl/Basic-Intermediate-Tutorial-Models/Tutorial-1/11-1.nec,ok,ok,0.05246138107031584,0.03861671593040228,,0
cebik-w4rnl/Basic-Intermediate-Tutorial-Models/Tutorial-1/11-2-1.nec,ok,ok,0.2749511692672968,0.17940699495375156,1.5326,1
cebik-w4rnl/Basic-Intermediate-Tutorial-Models/Tutorial-1/11-2.nec,ok,ok,0.006536809727549553,0.007194853387773037,,0
cebik-w4rnl/Basic-Intermediate-Tutorial-Models/Tutorial-1/11-3-1.nec,ok,ok,0.3078976199030876,0.21574977226555347,1.4271,1
cebik-w4rnl/Basic-Intermediate-Tutorial-Models/Tutorial-1/11-3.nec,ok,ok,0.014526802115142345,0.014246102422475815,,0
cebik-w4rnl/Basic-Intermediate-Tutorial-Models/Tutorial-1/11-4.nec,ok,ok,0.009308937005698681,0.008778415620326996,,0
cebik-w4rnl/Basic-Intermediate-Tutorial-Models/Tutorial-1/11-5.nec,ok,ok,0.014040830545127392,0.013863950036466122,,0
cebik-w4rnl/Basic-Intermediate-Tutorial-Models/Tutorial-1/11-6-1.nec,ok,ok,0.3068542769178748,0.19896402303129435,1.5423,1
cebik-w4rnl/Basic-Intermediate-Tutorial-Models/Tutorial-1/11-6.nec,ok,ok,0.3069718247279525,0.1988233858719468,1.5439,1
cebik-w4rnl/Basic-Intermediate-Tutorial-Models/Tutorial-1/11-7-1.nec,ok,ok,0.19982462376356125,0.11426534503698349,1.7488,1
cebik-w4rnl/Basic-Intermediate-Tutorial-Models/Tutorial-1/11-7.nec,ok,ok,0.19971744529902935,0.1369304209947586,1.4585,1
cebik-w4rnl/Basic-Intermediate-Tutorial-Models/Tutorial-1/11-8-1.nec,ok,ok,0.08136416040360928,0.05414685420691967,1.5027,1
cebik-w4rnl/Basic-Intermediate-Tutorial-Models/Tutorial-1/11-8-1a.nec,ok,ok,0.08067517820745707,0.05435282737016678,1.4843,1
cebik-w4rnl/Basic-Intermediate-Tutorial-Models/Tutorial-1/11-8-1b.nec,ok,ok,0.07550733722746372,0.050962116569280624,1.4816,1
cebik-w4rnl/Basic-Intermediate-Tutorial-Models/Tutorial-1/11-8-1c.nec,ok,ok,0.07544221263378859,0.05080119427293539,1.4850,1
cebik-w4rnl/Basic-Intermediate-Tutorial-Models/Tutorial-1/11-8.nec,ok,ok,0.08073402009904385,0.05380699597299099,1.5004,1
cebik-w4rnl/Basic-Intermediate-Tutorial-Models/Tutorial-1/11-8a.nec,ok,ok,0.08087964821606874,0.054647560231387615,1.4800,1
cebik-w4rnl/Basic-Intermediate-Tutorial-Models/Tutorial-1/12-1.nec,ok,ok,0.005085677839815617,0.005805757828056812,,0
cebik-w4rnl/Basic-Intermediate-Tutorial-Models/Tutorial-1/12-1A.nec,ok,ok,0.005018983967602253,0.0055885519832372665,,0
cebik-w4rnl/Basic-Intermediate-Tutorial-Models/Tutorial-1/12-2.nec,ok,ok,0.0050633754581213,0.00560260284692049,,0
cebik-w4rnl/Basic-Intermediate-Tutorial-Models/Tutorial-1/12-2A.nec,ok,ok,0.005025003105401993,0.005762713961303234,,0
cebik-w4rnl/Basic-Intermediate-Tutorial-Models/Tutorial-1/12-3-1.nec,ok,ok,0.01004038192331791,0.009928149171173573,,0
cebik-w4rnl/Basic-Intermediate-Tutorial-Models/Tutorial-1/12-3.nec,ok,ok,0.010882223956286907,0.01014496199786663,,0
cebik-w4rnl/Basic-Intermediate-Tutorial-Models/Tutorial-1/12-4-1.nec,ok,ok,0.005790423601865768,0.006246013566851616,,0
cebik-w4rnl/Basic-Intermediate-Tutorial-Models/Tutorial-1/12-4-2.nec,ok,ok,0.005545039661228657,0.006273150444030762,,0
cebik-w4rnl/Basic-Intermediate-Tutorial-Models/Tutorial-1/12-4.nec,ok,ok,0.005504712462425232,0.00629763025790453,,0
cebik-w4rnl/Basic-Intermediate-Tutorial-Models/Tutorial-1/12-5-14.nec,ok,ok,0.43151412066072226,0.17447911947965622,2.4732,1
cebik-w4rnl/Basic-Intermediate-Tutorial-Models/Tutorial-1/12-5-18.nec,ok,ok,0.38562679570168257,0.21839203778654337,1.7658,1
cebik-w4rnl/Basic-Intermediate-Tutorial-Models/Tutorial-1/12-5-24.nec,ok,ok,0.3017111672088504,0.14063902478665113,2.1453,1
cebik-w4rnl/Basic-Intermediate-Tutorial-Models/Tutorial-1/12-5-28.nec,ok,ok,0.3042665757238865,0.14044877421110868,2.1664,1
cebik-w4rnl/Basic-Intermediate-Tutorial-Models/Tutorial-1/12-5.nec,ok,ok,0.3774001579731703,0.21666580066084862,1.7419,1
cebik-w4rnl/Basic-Intermediate-Tutorial-Models/Tutorial-1/12-6-1.nec,ok,ok,0.00566354114562273,0.0062802014872431755,,0
cebik-w4rnl/Basic-Intermediate-Tutorial-Models/Tutorial-1/12-6.nec,ok,ok,0.005072741769254208,0.005608348175883293,,0
cebik-w4rnl/Basic-Intermediate-Tutorial-Models/Tutorial-1/12-6A.nec,ok,ok,0.005422856658697128,0.006007715128362179,,0
cebik-w4rnl/Basic-Intermediate-Tutorial-Models/Tutorial-1/12-7.nec,ok,ok,0.015810687094926834,0.014700894244015217,,0
cebik-w4rnl/Basic-Intermediate-Tutorial-Models/Tutorial-1/12-7A.nec,ok,ok,0.03675195947289467,0.029178116470575333,,0
cebik-w4rnl/Basic-Intermediate-Tutorial-Models/Tutorial-1/12-7B.nec,ok,ok,0.07038967590779066,0.04962406866252422,,0
cebik-w4rnl/Basic-Intermediate-Tutorial-Models/Tutorial-1/13-1-1.nec,ok,ok,0.005349540151655674,0.005768191069364548,,0
cebik-w4rnl/Basic-Intermediate-Tutorial-Models/Tutorial-1/13-1.nec,ok,ok,0.004972863011062145,0.005532211624085903,,0
cebik-w4rnl/Basic-Intermediate-Tutorial-Models/Tutorial-1/13-2-1.nec,ok,ok,0.006898968480527401,0.007368654944002628,,0
cebik-w4rnl/Basic-Intermediate-Tutorial-Models/Tutorial-1/13-2.nec,ok,ok,0.004967954941093922,0.005546060390770435,,0
cebik-w4rnl/Basic-Intermediate-Tutorial-Models/Tutorial-1/13-2a.nec,ok,ok,0.005378963425755501,0.005900737829506397,,0
cebik-w4rnl/Basic-Intermediate-Tutorial-Models/Tutorial-1/13-3-1.nec,ok,ok,0.0076742954552173615,0.008179609663784504,,0
cebik-w4rnl/Basic-Intermediate-Tutorial-Models/Tutorial-1/13-3.nec,ok,ok,0.007531237788498402,0.00822090357542038,,0
cebik-w4rnl/Basic-Intermediate-Tutorial-Models/Tutorial-1/13-4-1.nec,ok,ok,0.014210494235157967,0.013733734376728535,,0
cebik-w4rnl/Basic-Intermediate-Tutorial-Models/Tutorial-1/13-4.nec,ok,ok,0.014391807839274406,0.014439665712416172,,0
cebik-w4rnl/Basic-Intermediate-Tutorial-Models/Tutorial-1/13-5.nec,ok,ok,0.007795774377882481,0.008843258023262024,,0
cebik-w4rnl/Basic-Intermediate-Tutorial-Models/Tutorial-1/13-6.nec,ok,ok,0.27925660740584135,0.18210275378078222,1.5335,1
cebik-w4rnl/Basic-Intermediate-Tutorial-Models/Tutorial-1/13-7-1.nec,ok,ok,0.28770277090370655,0.19168572034686804,1.5009,1
cebik-w4rnl/Basic-Intermediate-Tutorial-Models/Tutorial-1/13-7.nec,ok,ok,0.27652969863265753,0.18177199084311724,1.5213,1
cebik-w4rnl/Basic-Intermediate-Tutorial-Models/Tutorial-1/13-7a.nec,ok,ok,0.2788840876892209,0.18226107396185398,1.5301,1
cebik-w4rnl/Basic-Intermediate-Tutorial-Models/Tutorial-1/13-8-1.nec,ok,ok,0.009565678425133228,0.009970086626708508,,0
cebik-w4rnl/Basic-Intermediate-Tutorial-Models/Tutorial-1/13-8-1a.nec,ok,ok,0.039189684204757214,0.04083325993269682,,0
cebik-w4rnl/Basic-Intermediate-Tutorial-Models/Tutorial-1/13-8-2.nec,ok,ok,0.009625918231904507,0.010085059329867363,,0
cebik-w4rnl/Basic-Intermediate-Tutorial-Models/Tutorial-1/13-8-2a.nec,ok,ok,0.039073359221220016,0.041467759758234024,,0
cebik-w4rnl/Basic-Intermediate-Tutorial-Models/Tutorial-1/13-8.nec,ok,ok,0.009422515518963337,0.010022920556366444,,0
cebik-w4rnl/Basic-Intermediate-Tutorial-Models/Tutorial-1/13-8a.nec,ok,ok,0.03875415865331888,0.04126441664993763,,0
cebik-w4rnl/Basic-Intermediate-Tutorial-Models/Tutorial-1/13-9-10.nec,ok,ok,0.009429977275431156,0.009397340938448906,,0
cebik-w4rnl/Basic-Intermediate-Tutorial-Models/Tutorial-1/13-9-20.nec,ok,ok,0.008945119567215443,0.009032037109136581,,0
cebik-w4rnl/Basic-Intermediate-Tutorial-Models/Tutorial-1/14-1-1.nec,ok,ok,0.6883780173957348,0.4485161667689681,1.5348,1
cebik-w4rnl/Basic-Intermediate-Tutorial-Models/Tutorial-1/14-1-2.nec,ok,ok,0.6879619788378477,0.44429393019527197,1.5484,1
cebik-w4rnl/Basic-Intermediate-Tutorial-Models/Tutorial-1/14-1-3.nec,ok,ok,0.6902434173971415,0.45307864900678396,1.5235,1
cebik-w4rnl/Basic-Intermediate-Tutorial-Models/Tutorial-1/14-1.nec,ok,ok,0.32071642577648163,0.21633807104080915,1.4825,1
cebik-w4rnl/Basic-Intermediate-Tutorial-Models/Tutorial-1/14-2-1.nec,ok,ok,0.014799604192376137,0.013483668677508831,,0
cebik-w4rnl/Basic-Intermediate-Tutorial-Models/Tutorial-1/14-2.nec,ok,ok,0.010003340430557728,0.00953463464975357,,0
cebik-w4rnl/Basic-Intermediate-Tutorial-Models/Tutorial-1/14-3-1.nec,ok,ok,0.01983404066413641,0.02244175598025322,,0
cebik-w4rnl/Basic-Intermediate-Tutorial-Models/Tutorial-1/14-3-2.nec,ok,ok,0.020778690464794636,0.023321259766817093,,0
cebik-w4rnl/Basic-Intermediate-Tutorial-Models/Tutorial-1/14-3.nec,ok,ok,0.019710516557097435,0.02185092121362686,,0
cebik-w4rnl/Basic-Intermediate-Tutorial-Models/Tutorial-1/14-4-1.nec,ok,ok,1.0671011414378881,0.6797272423282266,1.5699,1
cebik-w4rnl/Basic-Intermediate-Tutorial-Models/Tutorial-1/14-4-2.nec,ok,ok,1.0717049548402429,0.6839578375220299,1.5669,1
cebik-w4rnl/Basic-Intermediate-Tutorial-Models/Tutorial-1/14-4.nec,ok,ok,1.0651908135041595,0.6779322661459446,1.5712,1
cebik-w4rnl/Basic-Intermediate-Tutorial-Models/Tutorial-1/14-5-1.nec,ok,ok,0.0713732847943902,0.05879554711282253,1.2139,1
cebik-w4rnl/Basic-Intermediate-Tutorial-Models/Tutorial-1/14-5-2.nec,ok,ok,0.07383459061384201,0.06070683617144823,1.2162,1
cebik-w4rnl/Basic-Intermediate-Tutorial-Models/Tutorial-1/14-5-3.nec,ok,ok,0.07406237535178661,0.06026424374431372,1.2290,1
cebik-w4rnl/Basic-Intermediate-Tutorial-Models/Tutorial-1/14-5.nec,ok,ok,0.02259464468806982,0.01939894910901785,,0
cebik-w4rnl/Basic-Intermediate-Tutorial-Models/Tutorial-1/14-6-1.nec,ok,ok,0.02118455432355404,0.024159491062164307,,0
cebik-w4rnl/Basic-Intermediate-Tutorial-Models/Tutorial-1/14-6.nec,ok,ok,0.006048750132322311,0.006545025855302811,,0
cebik-w4rnl/Basic-Intermediate-Tutorial-Models/Tutorial-1/15-1-1.nec,ok,ok,0.007967076264321804,0.008326946757733822,,0
cebik-w4rnl/Basic-Intermediate-Tutorial-Models/Tutorial-1/15-1.nec,ok,ok,0.007620912976562977,0.007576722651720047,,0
cebik-w4rnl/Basic-Intermediate-Tutorial-Models/Tutorial-1/15-1A.nec,ok,ok,0.006474606692790985,0.006461326964199543,,0
cebik-w4rnl/Basic-Intermediate-Tutorial-Models/Tutorial-1/15-1B.nec,ok,ok,0.005529271438717842,0.006121151149272919,,0
cebik-w4rnl/Basic-Intermediate-Tutorial-Models/Tutorial-1/15-1C.nec,ok,ok,0.004797768779098988,0.005158025771379471,,0
cebik-w4rnl/Basic-Intermediate-Tutorial-Models/Tutorial-1/15-1D.nec,ok,ok,0.004199444316327572,0.00460612028837204,,0
cebik-w4rnl/Basic-Intermediate-Tutorial-Models/Tutorial-1/15-2-12P.nec,ok,ok,0.01643067505210638,0.015314433723688126,,0
cebik-w4rnl/Basic-Intermediate-Tutorial-Models/Tutorial-1/15-2-12S.nec,ok,ok,0.009934437461197376,0.00981355831027031,,0
cebik-w4rnl/Basic-Intermediate-Tutorial-Models/Tutorial-1/15-2-16P.nec,ok,ok,0.020600255578756332,0.017918710596859455,,0
cebik-w4rnl/Basic-Intermediate-Tutorial-Models/Tutorial-1/15-2-16S.nec,ok,ok,0.011560941115021706,0.011018924415111542,,0
cebik-w4rnl/Basic-Intermediate-Tutorial-Models/Tutorial-1/15-2-24P.nec,ok,ok,0.030637421645224094,0.02587150316685438,,0
cebik-w4rnl/Basic-Intermediate-Tutorial-Models/Tutorial-1/15-2-24S.nec,ok,ok,0.01721347775310278,0.015549941919744015,,0
cebik-w4rnl/Basic-Intermediate-Tutorial-Models/Tutorial-1/15-2-32P.nec,ok,ok,0.043988071382045746,0.036481305956840515,,0
cebik-w4rnl/Basic-Intermediate-Tutorial-Models/Tutorial-1/15-2-32S.nec,ok,ok,0.021745392121374607,0.019568943418562412,,0
cebik-w4rnl/Basic-Intermediate-Tutorial-Models/Tutorial-1/15-2-3P.nec,ok,ok,0.008501325733959675,0.008236832916736603,,0
cebik-w4rnl/Basic-Intermediate-Tutorial-Models/Tutorial-1/15-2-3S.nec,ok,ok,0.006724182516336441,0.00691976398229599,,0
cebik-w4rnl/Basic-Intermediate-Tutorial-Models/Tutorial-1/15-2-4P.nec,ok,ok,0.009066133759915829,0.008976790122687817,,0
cebik-w4rnl/Basic-Intermediate-Tutorial-Models/Tutorial-1/15-2-4S.nec,ok,ok,0.007116463966667652,0.007241867482662201,,0
cebik-w4rnl/Basic-Intermediate-Tutorial-Models/Tutorial-1/15-2-6P.nec,ok,ok,0.009770624339580536,0.00920923799276352,,0
cebik-w4rnl/Basic-Intermediate-Tutorial-Models/Tutorial-1/15-2-6S.nec,ok,ok,0.007725190371274948,0.00783961545675993,,0
cebik-w4rnl/Basic-Intermediate-Tutorial-Models/Tutorial-1/15-2-8P.nec,ok,ok,0.012861669063568115,0.012063839472830296,,0
cebik-w4rnl/Basic-Intermediate-Tutorial-Models/Tutorial-1/15-2-8S.nec,ok,ok,0.008414745330810547,0.008140877820551395,,0
cebik-w4rnl/Basic-Intermediate-Tutorial-Models/Tutorial-1/15-3-1.nec,ok,ok,0.0058542825281620026,0.0067572640255093575,,0
cebik-w4rnl/Basic-Intermediate-Tutorial-Models/Tutorial-1/15-3-1A.nec,ok,ok,0.10075137857347727,0.06846173759549856,1.4716,1
cebik-w4rnl/Basic-Intermediate-Tutorial-Models/Tutorial-1/15-3-1B.nec,ok,ok,0.09311574418097734,0.0634700208902359,1.4671,1
cebik-w4rnl/Basic-Intermediate-Tutorial-Models/Tutorial-1/15-3-1C.nec,ok,ok,0.08668252918869257,0.05980081856250763,1.4495,1
cebik-w4rnl/Basic-Intermediate-Tutorial-Models/Tutorial-1/15-3-2.nec,ok,ok,0.008527195081114769,0.008993844501674175,,0
cebik-w4rnl/Basic-Intermediate-Tutorial-Models/Tutorial-1/15-3-2A.nec,ok,ok,0.125474127009511,0.0846750196069479,1.4818,1
cebik-w4rnl/Basic-Intermediate-Tutorial-Models/Tutorial-1/15-3-2B.nec,ok,ok,0.11602589208632708,0.07904174644500017,1.4679,1
cebik-w4rnl/Basic-Intermediate-Tutorial-Models/Tutorial-1/15-3-2C.nec,ok,ok,0.10854430124163628,0.07498954888433218,1.4475,1
cebik-w4rnl/Basic-Intermediate-Tutorial-Models/Tutorial-1/15-3-3.nec,ok,ok,0.018909716047346592,0.019573528319597244,,0
cebik-w4rnl/Basic-Intermediate-Tutorial-Models/Tutorial-1/15-3-3A.nec,ok,ok,0.21090207062661648,0.13843567669391632,1.5235,1
cebik-w4rnl/Basic-Intermediate-Tutorial-Models/Tutorial-1/15-3-3B.nec,ok,ok,0.19591286033391953,0.12534270621836185,1.5630,1
cebik-w4rnl/Basic-Intermediate-Tutorial-Models/Tutorial-1/15-3-3C.nec,ok,ok,0.18550482671707869,0.13125828932970762,1.4133,1
cebik-w4rnl/Basic-Intermediate-Tutorial-Models/Tutorial-1/15-3-4.nec,ok,ok,0.048367392271757126,0.04873842280358076,,0
cebik-w4rnl/Basic-Intermediate-Tutorial-Models/Tutorial-1/15-3-4A.nec,ok,ok,0.5154220145195723,0.2943139187991619,1.7513,1
cebik-w4rnl/Basic-Intermediate-Tutorial-Models/Tutorial-1/15-3-4b.nec,ok,ok,0.48063555359840393,0.2631807243451476,1.8263,1
cebik-w4rnl/Basic-Intermediate-Tutorial-Models/Tutorial-1/15-3-4c.nec,ok,ok,0.4565203385427594,0.27389115560799837,1.6668,1
cebik-w4rnl/Basic-Intermediate-Tutorial-Models/Tutorial-1/15-4-0.nec,ok,ok,0.09274399653077126,0.0636566849425435,1.4569,1
cebik-w4rnl/Basic-Intermediate-Tutorial-Models/Tutorial-1/15-4-0a.nec,ok,ok,0.2784468177706003,0.1845552558079362,1.5087,1
cebik-w4rnl/Basic-Intermediate-Tutorial-Models/Tutorial-1/15-4-0b.nec,ok,ok,0.27813143376260996,0.18394210375845432,1.5121,1
cebik-w4rnl/Basic-Intermediate-Tutorial-Models/Tutorial-1/15-4-0c.nec,ok,ok,0.27747800294309855,0.1843458479270339,1.5052,1
cebik-w4rnl/Basic-Intermediate-Tutorial-Models/Tutorial-1/15-4-30.nec,ok,ok,0.09233783185482025,0.06303533166646957,1.4649,1
cebik-w4rnl/Basic-Intermediate-Tutorial-Models/Tutorial-1/15-4-30a.nec,ok,ok,0.27776589896529913,0.18489364814013243,1.5023,1
cebik-w4rnl/Basic-Intermediate-Tutorial-Models/Tutorial-1/15-4-30b.nec,ok,ok,0.2777568446472287,0.18427016865462065,1.5073,1
cebik-w4rnl/Basic-Intermediate-Tutorial-Models/Tutorial-1/15-4-45.nec,ok,ok,0.09117427095770836,0.06278723571449518,1.4521,1
cebik-w4rnl/Basic-Intermediate-Tutorial-Models/Tutorial-1/15-4-45a.nec,ok,ok,0.18929102923721075,0.1271513421088457,1.4887,1
cebik-w4rnl/Basic-Intermediate-Tutorial-Models/Tutorial-1/15-4-45b.nec,ok,ok,0.18990337662398815,0.12669115606695414,1.4989,1
cebik-w4rnl/Basic-Intermediate-Tutorial-Models/Tutorial-1/15-4-60.nec,ok,ok,0.0894215889275074,0.062379551120102406,1.4335,1
cebik-w4rnl/Basic-Intermediate-Tutorial-Models/Tutorial-1/15-4-60a.nec,ok,ok,0.18923806119710207,0.12660788372159004,1.4947,1
cebik-w4rnl/Basic-Intermediate-Tutorial-Models/Tutorial-1/15-4-60b.nec,ok,ok,0.18883405905216932,0.1266803564503789,1.4906,1
cebik-w4rnl/Basic-Intermediate-Tutorial-Models/Tutorial-1/15-5-32.nec,ok,ok,0.5928900307044387,0.38205629866570234,1.5518,1
cebik-w4rnl/Basic-Intermediate-Tutorial-Models/Tutorial-1/15-5-32A.nec,ok,ok,0.593640074133873,0.3983771214261651,1.4901,1
cebik-w4rnl/Basic-Intermediate-Tutorial-Models/Tutorial-1/15-5-32B.nec,ok,ok,0.5928884726017714,0.38096731156110764,1.5563,1
cebik-w4rnl/Basic-Intermediate-Tutorial-Models/Tutorial-1/15-5-32C.nec,ok,ok,0.5972092896699905,0.37813087552785873,1.5794,1
cebik-w4rnl/Basic-Intermediate-Tutorial-Models/Tutorial-1/15-5-4.nec,ok,ok,0.2785322451964021,0.18500733189284801,1.5055,1
cebik-w4rnl/Basic-Intermediate-Tutorial-Models/Tutorial-1/15-5-4A.nec,ok,ok,0.27964028622955084,0.18500418402254581,1.5115,1
cebik-w4rnl/Basic-Intermediate-Tutorial-Models/Tutorial-1/15-5-4B.nec,ok,ok,0.278386234305799,0.18552105221897364,1.5006,1
cebik-w4rnl/Basic-Intermediate-Tutorial-Models/Tutorial-1/15-5-4C.nec,ok,ok,0.2782039176672697,0.18488679267466068,1.5047,1
cebik-w4rnl/Basic-Intermediate-Tutorial-Models/Tutorial-1/15-6-1.nec,ok,ok,0.00475664995610714,0.005025864578783512,,0
cebik-w4rnl/Basic-Intermediate-Tutorial-Models/Tutorial-1/15-6-1a.nec,ok,ok,0.004570294171571732,0.0050131529569625854,,0
cebik-w4rnl/Basic-Intermediate-Tutorial-Models/Tutorial-1/15-6-1b.nec,ok,ok,0.004594933241605759,0.004940704442560673,,0
cebik-w4rnl/Basic-Intermediate-Tutorial-Models/Tutorial-1/15-6-1c.nec,ok,ok,0.004461091943085194,0.0049940673634409904,,0
cebik-w4rnl/Basic-Intermediate-Tutorial-Models/Tutorial-1/15-6-2a.nec,ok,ok,0.5923163518309593,0.39716558530926704,1.4914,1
cebik-w4rnl/Basic-Intermediate-Tutorial-Models/Tutorial-1/15-6-2b.nec,ok,ok,0.5927069401368499,0.38161743991076946,1.5531,1
cebik-w4rnl/Basic-Intermediate-Tutorial-Models/Tutorial-1/15-6-2c.nec,ok,ok,0.5938807725906372,0.3821008214727044,1.5543,1
cebik-w4rnl/Basic-Intermediate-Tutorial-Models/Tutorial-1/16-1-1.nec,ok,ok,0.006470181047916412,0.007011852227151394,,0
cebik-w4rnl/Basic-Intermediate-Tutorial-Models/Tutorial-1/16-1-2.nec,ok,ok,0.0066133420914411545,0.007502660155296326,,0
cebik-w4rnl/Basic-Intermediate-Tutorial-Models/Tutorial-1/16-2-1.nec,ok,ok,0.006174327805638313,0.006224099546670914,,0
cebik-w4rnl/Basic-Intermediate-Tutorial-Models/Tutorial-1/16-2-2.nec,ok,ok,0.6109564648941159,0.4020196804776788,1.5197,1
cebik-w4rnl/Basic-Intermediate-Tutorial-Models/Tutorial-1/16-3-1.nec,ok,ok,0.2028068294748664,0.139768211171031,1.4510,1
cebik-w4rnl/Basic-Intermediate-Tutorial-Models/Tutorial-1/16-3.nec,ok,ok,0.08044942002743483,0.05398123990744352,1.4903,1
cebik-w4rnl/Basic-Intermediate-Tutorial-Models/Tutorial-1/16-4.nec,ok,ok,0.2025387417525053,0.1382107986137271,1.4654,1
cebik-w4rnl/Basic-Intermediate-Tutorial-Models/Tutorial-1/16-5-1.nec,ok,ok,0.010789894498884678,0.010270488448441029,,0
cebik-w4rnl/Basic-Intermediate-Tutorial-Models/Tutorial-1/16-5-2.nec,ok,ok,0.6055630603805184,0.37423525005578995,1.6181,1
cebik-w4rnl/Basic-Intermediate-Tutorial-Models/Tutorial-1/16-5.nec,ok,ok,0.01196617353707552,0.011139371432363987,,0
cebik-w4rnl/Basic-Intermediate-Tutorial-Models/Tutorial-1/16-6-1.nec,ok,ok,0.28637798223644495,0.19070427119731903,1.5017,1
cebik-w4rnl/Basic-Intermediate-Tutorial-Models/Tutorial-1/16-6-2.nec,ok,ok,0.3873712047934532,0.2561536179855466,1.5123,1
cebik-w4rnl/Basic-Intermediate-Tutorial-Models/Tutorial-1/16-6-3.nec,ok,ok,0.2850162722170353,0.20006360206753016,1.4246,1
cebik-w4rnl/Basic-Intermediate-Tutorial-Models/Tutorial-1/16-7-1.nec,ok,ok,0.29352714121341705,0.1954510835930705,1.5018,1
cebik-w4rnl/Basic-Intermediate-Tutorial-Models/Tutorial-1/16-7-2.nec,ok,ok,0.30046878941357136,0.20179782900959253,1.4890,1
cebik-w4rnl/Basic-Intermediate-Tutorial-Models/Tutorial-1/17-1-1.nec,ok,ok,0.30410220939666033,0.19644917733967304,1.5480,1
cebik-w4rnl/Basic-Intermediate-Tutorial-Models/Tutorial-1/17-1.nec,ok,ok,0.3092237142845988,0.2009063558652997,1.5391,1
cebik-w4rnl/Basic-Intermediate-Tutorial-Models/Tutorial-1/17-2-1.nec,ok,ok,0.4206266375258565,0.2972537484019995,1.4150,1
cebik-w4rnl/Basic-Intermediate-Tutorial-Models/Tutorial-1/17-2.nec,ok,ok,0.326923880726099,0.21550406143069267,1.5170,1
cebik-w4rnl/Basic-Intermediate-Tutorial-Models/Tutorial-1/17-3-1.nec,ok,ok,0.33506775740534067,0.21875653881579638,1.5317,1
cebik-w4rnl/Basic-Intermediate-Tutorial-Models/Tutorial-1/17-3.nec,ok,ok,0.33510800916701555,0.2201707661151886,1.5220,1
cebik-w4rnl/Basic-Intermediate-Tutorial-Models/Tutorial-1/17-4-1.nec,ok,ok,0.16895744390785694,0.10915806889533997,1.5478,1
cebik-w4rnl/Basic-Intermediate-Tutorial-Models/Tutorial-1/17-4-2.nec,ok,ok,0.16820695903152227,0.10904489457607269,1.5425,1
cebik-w4rnl/Basic-Intermediate-Tutorial-Models/Tutorial-1/17-4.nec,ok,ok,0.1074100062251091,0.07402177061885595,1.4511,1
cebik-w4rnl/Basic-Intermediate-Tutorial-Models/Tutorial-1/17-5.nec,ok,ok,0.2483769953250885,0.14217523485422134,1.7470,1
cebik-w4rnl/Basic-Intermediate-Tutorial-Models/Tutorial-1/17-6.nec,ok,ok,0.17115784715861082,0.11264469660818577,1.5194,1
cebik-w4rnl/Basic-Intermediate-Tutorial-Models/Tutorial-1/17-7-1.nec,ok,ok,0.8352803010493517,0.47296175733208656,1.7661,1
cebik-w4rnl/Basic-Intermediate-Tutorial-Models/Tutorial-1/17-7-2.nec,ok,ok,0.8667534496635199,0.47470077499747276,1.8259,1
cebik-w4rnl/Basic-Intermediate-Tutorial-Models/Tutorial-1/17-7-2a.nec,ok,ok,0.685917979106307,0.29745265282690525,2.3060,1
cebik-w4rnl/Basic-Intermediate-Tutorial-Models/Tutorial-1/17-7-3.nec,ok,ok,0.7909220019355416,0.4279627185314894,1.8481,1
cebik-w4rnl/Basic-Intermediate-Tutorial-Models/Tutorial-1/17-7.nec,ok,ok,0.9095095135271549,0.4602562142536044,1.9761,1
cebik-w4rnl/Basic-Intermediate-Tutorial-Models/Tutorial-1/17-8-1.nec,ok,ok,1.6008944418281317,0.6446952614933252,2.4832,1
cebik-w4rnl/Basic-Intermediate-Tutorial-Models/Tutorial-1/17-8.nec,ok,ok,1.686693818308413,0.6575077790766954,2.5653,1
cebik-w4rnl/Basic-Intermediate-Tutorial-Models/Tutorial-1/18-1-1.nec,ok,ok,0.018410563468933105,0.021036957390606403,,0
cebik-w4rnl/Basic-Intermediate-Tutorial-Models/Tutorial-1/18-1.nec,ok,ok,0.018295864574611187,0.021540334448218346,,0
cebik-w4rnl/Basic-Intermediate-Tutorial-Models/Tutorial-1/18-10-1.nec,ok,ok,0.029670019634068012,0.030724148266017437,,0
cebik-w4rnl/Basic-Intermediate-Tutorial-Models/Tutorial-1/18-10.nec,ok,ok,0.029245822690427303,0.03036738745868206,,0
cebik-w4rnl/Basic-Intermediate-Tutorial-Models/Tutorial-1/18-1a.nec,ok,ok,0.015774061903357506,0.018143092282116413,,0
cebik-w4rnl/Basic-Intermediate-Tutorial-Models/Tutorial-1/18-2-1.nec,ok,ok,0.018413999117910862,0.021118883974850178,,0
cebik-w4rnl/Basic-Intermediate-Tutorial-Models/Tutorial-1/18-2.nec,ok,ok,0.018300543539226055,0.021077271550893784,,0
cebik-w4rnl/Basic-Intermediate-Tutorial-Models/Tutorial-1/18-2a.nec,ok,ok,0.02341761626303196,0.02775284368544817,,0
cebik-w4rnl/Basic-Intermediate-Tutorial-Models/Tutorial-1/18-3-1.nec,ok,ok,0.019006308168172836,0.021988927386701107,,0
cebik-w4rnl/Basic-Intermediate-Tutorial-Models/Tutorial-1/18-3-2.nec,ok,ok,0.019080434925854206,0.022022612392902374,,0
cebik-w4rnl/Basic-Intermediate-Tutorial-Models/Tutorial-1/18-3-3.nec,ok,ok,0.019157538190484047,0.021947333589196205,,0
cebik-w4rnl/Basic-Intermediate-Tutorial-Models/Tutorial-1/18-3.nec,ok,ok,0.0058975378051400185,0.006476745009422302,,0
cebik-w4rnl/Basic-Intermediate-Tutorial-Models/Tutorial-1/18-4.nec,ok,ok,0.030023896135389805,0.032720801420509815,,0
cebik-w4rnl/Basic-Intermediate-Tutorial-Models/Tutorial-1/18-5.nec,ok,ok,0.030219050124287605,0.032736596651375294,,0
cebik-w4rnl/Basic-Intermediate-Tutorial-Models/Tutorial-1/18-6.nec,ok,ok,0.09658229723572731,0.08379437867552042,1.1526,1
cebik-w4rnl/Basic-Intermediate-Tutorial-Models/Tutorial-1/18-7.nec,ok,ok,0.1490150224417448,0.11856801994144917,1.2568,1
cebik-w4rnl/Basic-Intermediate-Tutorial-Models/Tutorial-1/18-8-1.nec,ok,ok,0.1864950880408287,0.1303967349231243,1.4302,1
cebik-w4rnl/Basic-Intermediate-Tutorial-Models/Tutorial-1/18-8-2.nec,ok,ok,0.18636027444154024,0.11947198770940304,1.5599,1
cebik-w4rnl/Basic-Intermediate-Tutorial-Models/Tutorial-1/18-8-3.nec,ok,ok,0.18504195101559162,0.13197569455951452,1.4021,1
cebik-w4rnl/Basic-Intermediate-Tutorial-Models/Tutorial-1/18-8-4.nec,ok,ok,0.18532802071422338,0.1299528917297721,1.4261,1
cebik-w4rnl/Basic-Intermediate-Tutorial-Models/Tutorial-1/18-8.nec,ok,ok,0.1118220267817378,0.07439168728888035,1.5032,1
cebik-w4rnl/Basic-Intermediate-Tutorial-Models/Tutorial-1/18-9.nec,ok,ok,0.03709655627608299,0.03692127484828234,,0
cebik-w4rnl/Basic-Intermediate-Tutorial-Models/Tutorial-1/19-1.nec,ok,ok,0.009492014534771442,0.009895882569253445,,0
cebik-w4rnl/Basic-Intermediate-Tutorial-Models/Tutorial-1/19-2-1.nec,ok,ok,0.07550033275038004,0.06734159402549267,1.1212,1
cebik-w4rnl/Basic-Intermediate-Tutorial-Models/Tutorial-1/19-2.nec,ok,ok,0.0928283566609025,0.06758955493569374,1.3734,1
cebik-w4rnl/Basic-Intermediate-Tutorial-Models/Tutorial-1/19-3-1.nec,ok,ok,0.00609208457171917,0.006779957562685013,,0
cebik-w4rnl/Basic-Intermediate-Tutorial-Models/Tutorial-1/19-3.nec,ok,ok,0.007408679462969303,0.008246299810707569,,0
cebik-w4rnl/Basic-Intermediate-Tutorial-Models/Tutorial-1/19-4-1.nec,ok,ok,0.1906034406274557,0.13475816790014505,1.4144,1
cebik-w4rnl/Basic-Intermediate-Tutorial-Models/Tutorial-1/19-4.nec,ok,ok,0.19065453950315714,0.12174556776881218,1.5660,1
cebik-w4rnl/Basic-Intermediate-Tutorial-Models/Tutorial-1/19-5.nec,ok,ok,0.12836670875549316,0.08682808373123407,1.4784,1
cebik-w4rnl/Basic-Intermediate-Tutorial-Models/Tutorial-1/19-6-1.nec,ok,ok,0.009226793423295021,0.009537925943732262,,0
cebik-w4rnl/Basic-Intermediate-Tutorial-Models/Tutorial-1/19-6-2.nec,ok,ok,0.014371685683727264,0.014195295050740242,,0
cebik-w4rnl/Basic-Intermediate-Tutorial-Models/Tutorial-1/19-6-3.nec,ok,ok,0.019839701242744923,0.01816811040043831,,0
cebik-w4rnl/Basic-Intermediate-Tutorial-Models/Tutorial-1/19-6.nec,ok,ok,0.014966926537454128,0.015043508261442184,,0
cebik-w4rnl/Basic-Intermediate-Tutorial-Models/Tutorial-1/19-7.nec,ok,ok,0.011151543818414211,0.011686677113175392,,0
cebik-w4rnl/Basic-Intermediate-Tutorial-Models/Tutorial-1/2-1.nec,ok,ok,0.005530375987291336,0.005974127911031246,,0
cebik-w4rnl/Basic-Intermediate-Tutorial-Models/Tutorial-1/2-2.nec,ok,ok,0.09335855208337307,0.06365647166967392,1.4666,1
cebik-w4rnl/Basic-Intermediate-Tutorial-Models/Tutorial-1/2-3.nec,ok,ok,0.33732394222170115,0.2270722733810544,1.4855,1
cebik-w4rnl/Basic-Intermediate-Tutorial-Models/Tutorial-1/2-4.nec,ok,ok,0.009180878289043903,0.009225397370755672,,0
cebik-w4rnl/Basic-Intermediate-Tutorial-Models/Tutorial-1/2-5.nec,ok,ok,0.3074041921645403,0.2028985247015953,1.5151,1
cebik-w4rnl/Basic-Intermediate-Tutorial-Models/Tutorial-1/2-6.nec,ok,ok,0.015368029475212097,0.013753640465438366,,0
cebik-w4rnl/Basic-Intermediate-Tutorial-Models/Tutorial-1/20-1-1.nec,ok,ok,0.06591805443167686,0.04784062132239342,,0
cebik-w4rnl/Basic-Intermediate-Tutorial-Models/Tutorial-1/20-1-2.nec,ok,ok,0.06359968706965446,0.04462190065532923,,0
cebik-w4rnl/Basic-Intermediate-Tutorial-Models/Tutorial-1/20-1.nec,ok,ok,0.010022101923823357,0.010391300544142723,,0
cebik-w4rnl/Basic-Intermediate-Tutorial-Models/Tutorial-1/20-2-1.nec,ok,ok,0.06876491103321314,0.04844031948596239,,0
cebik-w4rnl/Basic-Intermediate-Tutorial-Models/Tutorial-1/20-2-2.nec,ok,ok,0.04531372711062431,0.034146170131862164,,0
cebik-w4rnl/Basic-Intermediate-Tutorial-Models/Tutorial-1/20-2-3.nec,ok,ok,0.03696616645902395,0.028735050931572914,,0
cebik-w4rnl/Basic-Intermediate-Tutorial-Models/Tutorial-1/20-2-4.nec,ok,ok,0.023930436931550503,0.021011479198932648,,0
cebik-w4rnl/Basic-Intermediate-Tutorial-Models/Tutorial-1/20-2.nec,ok,ok,0.09835156798362732,0.06519217789173126,1.5086,1
cebik-w4rnl/Basic-Intermediate-Tutorial-Models/Tutorial-1/20-3-1.nec,ok,ok,0.014922517351806164,0.014586769975721836,,0
cebik-w4rnl/Basic-Intermediate-Tutorial-Models/Tutorial-1/20-3-2.nec,ok,ok,0.01795791368931532,0.02807669434696436,,0
cebik-w4rnl/Basic-Intermediate-Tutorial-Models/Tutorial-1/20-4-1.nec,ok,ok,0.03297569043934345,0.026562325656414032,,0
cebik-w4rnl/Basic-Intermediate-Tutorial-Models/Tutorial-1/20-4-2.nec,ok,ok,0.03217757027596235,0.02621831465512514,,0
cebik-w4rnl/Basic-Intermediate-Tutorial-Models/Tutorial-1/20-4-3.nec,ok,ok,0.09497081022709608,0.06419070344418287,1.4795,1
cebik-w4rnl/Basic-Intermediate-Tutorial-Models/Tutorial-1/20-4-4.nec,ok,ok,0.09525057021528482,0.0636534346267581,1.4964,1
cebik-w4rnl/Basic-Intermediate-Tutorial-Models/Tutorial-1/20-4.nec,ok,ok,0.01510552130639553,0.014412215910851955,,0
cebik-w4rnl/Basic-Intermediate-Tutorial-Models/Tutorial-1/20-5-1.nec,ok,ok,0.03652158938348293,0.033647711388766766,,0
cebik-w4rnl/Basic-Intermediate-Tutorial-Models/Tutorial-1/20-5-2.nec,ok,ok,0.06550586502999067,0.048205033876001835,,0
cebik-w4rnl/Basic-Intermediate-Tutorial-Models/Tutorial-1/20-5-3.nec,ok,ok,0.12801151908934116,0.08919598441570997,1.4352,1
cebik-w4rnl/Basic-Intermediate-Tutorial-Models/Tutorial-1/20-5-4.nec,ok,ok,0.1770319789648056,0.11898365896195173,1.4879,1
cebik-w4rnl/Basic-Intermediate-Tutorial-Models/Tutorial-1/20-5-5.nec,ok,ok,0.5810264246538281,0.2979749822989106,1.9499,1
cebik-w4rnl/Basic-Intermediate-Tutorial-Models/Tutorial-1/20-6-1.nec,ok,ok,0.005356976762413979,0.005646870471537113,,0
cebik-w4rnl/Basic-Intermediate-Tutorial-Models/Tutorial-1/20-6-1A.nec,ok,ok,0.006011982448399067,0.006175926886498928,,0
cebik-w4rnl/Basic-Intermediate-Tutorial-Models/Tutorial-1/20-6-2.nec,ok,ok,0.014213478192687035,0.013687566854059696,,0
cebik-w4rnl/Basic-Intermediate-Tutorial-Models/Tutorial-1/20-6-2A.nec,ok,ok,0.05174101609736681,0.03798991348594427,,0
cebik-w4rnl/Basic-Intermediate-Tutorial-Models/Tutorial-1/20-6-3.nec,ok,ok,0.0066340090706944466,0.00687054730951786,,0
cebik-w4rnl/Basic-Intermediate-Tutorial-Models/Tutorial-1/20-6-3A.nec,ok,ok,0.012028506956994534,0.01046030130237341,,0
cebik-w4rnl/Basic-Intermediate-Tutorial-Models/Tutorial-1/20-6-4.nec,ok,ok,0.00735886488109827,0.007837295532226562,,0
cebik-w4rnl/Basic-Intermediate-Tutorial-Models/Tutorial-1/20-6-4A.nec,ok,ok,0.017867584712803364,0.014535639435052872,,0
cebik-w4rnl/Basic-Intermediate-Tutorial-Models/Tutorial-1/20-7.nec,ok,ok,0.5622795904055238,0.35755798406898975,1.5726,1
cebik-w4rnl/Basic-Intermediate-Tutorial-Models/Tutorial-1/20-8-1.nec,ok,ok,0.005347490310668945,0.005730850622057915,,0
cebik-w4rnl/Basic-Intermediate-Tutorial-Models/Tutorial-1/20-8-2.nec,ok,ok,0.006559156812727451,0.007185894064605236,,0
cebik-w4rnl/Basic-Intermediate-Tutorial-Models/Tutorial-1/20-8-3.nec,ok,ok,0.009387907572090626,0.009317388758063316,,0
cebik-w4rnl/Basic-Intermediate-Tutorial-Models/Tutorial-1/21-1-1.nec,ok,ok,0.04863260965794325,0.03865256439894438,,0
cebik-w4rnl/Basic-Intermediate-Tutorial-Models/Tutorial-1/21-1.nec,ok,ok,0.02055010199546814,0.01859456952661276,,0
cebik-w4rnl/Basic-Intermediate-Tutorial-Models/Tutorial-1/21-2-1.nec,ok,ok,0.06179558485746384,0.04596143960952759,,0
cebik-w4rnl/Basic-Intermediate-Tutorial-Models/Tutorial-1/21-2-2.nec,ok,ok,0.013107172213494778,0.011482490226626396,,0
cebik-w4rnl/Basic-Intermediate-Tutorial-Models/Tutorial-1/21-2-3.nec,ok,ok,0.1429897788912058,0.10275622271001339,1.3915,1
cebik-w4rnl/Basic-Intermediate-Tutorial-Models/Tutorial-1/21-2-4.nec,ok,ok,0.012594422325491905,0.012028614990413189,,0
cebik-w4rnl/Basic-Intermediate-Tutorial-Models/Tutorial-1/21-2-5.nec,ok,ok,0.06222272664308548,0.04570760112255812,,0
cebik-w4rnl/Basic-Intermediate-Tutorial-Models/Tutorial-1/21-3-1.nec,ok,ok,0.005240602418780327,0.005630257539451122,,0
cebik-w4rnl/Basic-Intermediate-Tutorial-Models/Tutorial-1/21-3-2.nec,ok,ok,0.006067287176847458,0.006439739838242531,,0
cebik-w4rnl/Basic-Intermediate-Tutorial-Models/Tutorial-1/21-3-3.nec,ok,ok,0.00917028822004795,0.008944929577410221,,0
cebik-w4rnl/Basic-Intermediate-Tutorial-Models/Tutorial-1/21-3-4.nec,ok,ok,0.06696116831153631,0.0472132908180356,,0
cebik-w4rnl/Basic-Intermediate-Tutorial-Models/Tutorial-1/21-4-1.nec,ok,ok,0.04204095806926489,0.03247734997421503,,0
cebik-w4rnl/Basic-Intermediate-Tutorial-Models/Tutorial-1/21-4-2.nec,ok,ok,0.0431867390871048,0.033216919749975204,,0
cebik-w4rnl/Basic-Intermediate-Tutorial-Models/Tutorial-1/21-4-3.nec,ok,ok,0.04299159813672304,0.03306799102574587,,0
cebik-w4rnl/Basic-Intermediate-Tutorial-Models/Tutorial-1/21-4-4.nec,ok,ok,0.21775648836046457,0.15858341753482819,1.3731,1
cebik-w4rnl/Basic-Intermediate-Tutorial-Models/Tutorial-1/21-4-5.nec,ok,ok,0.04399311821907759,0.033068847842514515,,0
cebik-w4rnl/Basic-Intermediate-Tutorial-Models/Tutorial-1/21-4.nec,ok,ok,0.07024522218853235,0.03265064116567373,,0
cebik-w4rnl/Basic-Intermediate-Tutorial-Models/Tutorial-1/21-5-1.nec,ok,ok,0.006447319872677326,0.006488434970378876,,0
cebik-w4rnl/Basic-Intermediate-Tutorial-Models/Tutorial-1/21-5-2.nec,ok,ok,0.18380082491785288,0.12193299364298582,1.5074,1
cebik-w4rnl/Basic-Intermediate-Tutorial-Models/Tutorial-1/21-5-3.nec,ok,ok,0.1942054545506835,0.11722151655703783,1.6567,1
cebik-w4rnl/Basic-Intermediate-Tutorial-Models/Tutorial-1/21-5.nec,ok,ok,0.005580250173807144,0.006249001249670982,,0
cebik-w4rnl/Basic-Intermediate-Tutorial-Models/Tutorial-1/3-1.nec,ok,ok,0.005326339974999428,0.005896379239857197,,0
cebik-w4rnl/Basic-Intermediate-Tutorial-Models/Tutorial-1/3-2.nec,ok,ok,0.08132997993379831,0.054543742910027504,1.4911,1
cebik-w4rnl/Basic-Intermediate-Tutorial-Models/Tutorial-1/3-3.nec,ok,ok,0.08345949370414019,0.05529975704848766,1.5092,1
cebik-w4rnl/Basic-Intermediate-Tutorial-Models/Tutorial-1/3-4.nec,ok,ok,0.06288295332342386,0.06122918892651796,1.0270,1
cebik-w4rnl/Basic-Intermediate-Tutorial-Models/Tutorial-1/3-5.nec,ok,ok,0.06321868766099215,0.061274356208741665,1.0317,1
cebik-w4rnl/Basic-Intermediate-Tutorial-Models/Tutorial-1/4-1.nec,ok,ok,0.26847202703356743,0.1719054700806737,1.5617,1
cebik-w4rnl/Basic-Intermediate-Tutorial-Models/Tutorial-1/4-10.nec,ok,ok,0.03174384869635105,0.02314151730388403,,0
cebik-w4rnl/Basic-Intermediate-Tutorial-Models/Tutorial-1/4-2.nec,ok,ok,0.0223837923258543,0.01893761195242405,,0
cebik-w4rnl/Basic-Intermediate-Tutorial-Models/Tutorial-1/4-3.nec,ok,ok,0.010788628831505775,0.010162826627492905,,0
cebik-w4rnl/Basic-Intermediate-Tutorial-Models/Tutorial-1/4-4.nec,ok,ok,0.0362516175955534,0.028259809128940105,,0
cebik-w4rnl/Basic-Intermediate-Tutorial-Models/Tutorial-1/4-5.nec,ok,ok,0.30158197693526745,0.19819339271634817,1.5217,1
cebik-w4rnl/Basic-Intermediate-Tutorial-Models/Tutorial-1/4-6.nec,ok,ok,0.31456521805375814,0.20894958171993494,1.5055,1
cebik-w4rnl/Basic-Intermediate-Tutorial-Models/Tutorial-1/4-7.nec,ok,ok,0.3230955312028527,0.20782253704965115,1.5547,1
cebik-w4rnl/Basic-Intermediate-Tutorial-Models/Tutorial-1/4-8.nec,ok,ok,0.28516525961458683,0.18505101557821035,1.5410,1
cebik-w4rnl/Basic-Intermediate-Tutorial-Models/Tutorial-1/4-9.nec,ok,ok,0.014476521871984005,0.01421828381717205,,0
cebik-w4rnl/Basic-Intermediate-Tutorial-Models/Tutorial-1/5-1-1.nec,ok,ok,0.2962717395275831,0.1912770252674818,1.5489,1
cebik-w4rnl/Basic-Intermediate-Tutorial-Models/Tutorial-1/5-1-2.nec,ok,ok,0.034682963974773884,0.021903060376644135,,0
cebik-w4rnl/Basic-Intermediate-Tutorial-Models/Tutorial-1/5-2-1.nec,ok,ok,0.005653103813529015,0.006285388953983784,,0
cebik-w4rnl/Basic-Intermediate-Tutorial-Models/Tutorial-1/5-2-2.nec,ok,ok,0.06346060801297426,0.04718537535518408,,0
cebik-w4rnl/Basic-Intermediate-Tutorial-Models/Tutorial-1/5-3-1.nec,ok,ok,0.005913451313972473,0.006588558666408062,,0
cebik-w4rnl/Basic-Intermediate-Tutorial-Models/Tutorial-1/5-3-2.nec,ok,ok,0.008842832408845425,0.009514243341982365,,0
cebik-w4rnl/Basic-Intermediate-Tutorial-Models/Tutorial-1/5-4-1.nec,ok,ok,0.020493009127676487,0.01902558095753193,,0
cebik-w4rnl/Basic-Intermediate-Tutorial-Models/Tutorial-1/5-4-2.nec,ok,ok,0.02055353857576847,0.01877367589622736,,0
cebik-w4rnl/Basic-Intermediate-Tutorial-Models/Tutorial-1/5-5-1.nec,ok,ok,0.0074883028864860535,0.008143673650920391,,0
cebik-w4rnl/Basic-Intermediate-Tutorial-Models/Tutorial-1/5-5-2.nec,ok,ok,0.007511008530855179,0.00779788289219141,,0
cebik-w4rnl/Basic-Intermediate-Tutorial-Models/Tutorial-1/6-1.nec,ok,ok,0.30793243274092674,0.20071472506970167,1.5342,1
cebik-w4rnl/Basic-Intermediate-Tutorial-Models/Tutorial-1/6-2.nec,ok,ok,0.12409526575356722,0.08402161486446857,1.4769,1
cebik-w4rnl/Basic-Intermediate-Tutorial-Models/Tutorial-1/6-3.nec,ok,ok,0.13198263011872768,0.091347835958004,1.4448,1
cebik-w4rnl/Basic-Intermediate-Tutorial-Models/Tutorial-1/6-4.nec,ok,ok,0.09244012366980314,0.06350535340607166,1.4556,1
cebik-w4rnl/Basic-Intermediate-Tutorial-Models/Tutorial-1/6-5.nec,ok,ok,0.018183444626629353,0.01678458508104086,,0
cebik-w4rnl/Basic-Intermediate-Tutorial-Models/Tutorial-1/6-6.nec,ok,ok,0.41123020742088556,0.22789180278778076,1.8045,1
cebik-w4rnl/Basic-Intermediate-Tutorial-Models/Tutorial-1/6-7.nec,ok,ok,0.4087827652692795,0.26571441255509853,1.5384,1
cebik-w4rnl/Basic-Intermediate-Tutorial-Models/Tutorial-1/7-1.nec,ok,ok,0.2864381168037653,0.18578071426600218,1.5418,1
cebik-w4rnl/Basic-Intermediate-Tutorial-Models/Tutorial-1/7-2.nec,ok,ok,0.020475721918046474,0.01964734122157097,,0
cebik-w4rnl/Basic-Intermediate-Tutorial-Models/Tutorial-1/7-3.nec,ok,ok,0.014043999835848808,0.013116002082824707,,0
cebik-w4rnl/Basic-Intermediate-Tutorial-Models/Tutorial-1/7-4.nec,ok,ok,0.0058425310999155045,0.006513082422316074,,0
cebik-w4rnl/Basic-Intermediate-Tutorial-Models/Tutorial-1/7-5.nec,ok,ok,0.006415101699531078,0.007383379153907299,,0
cebik-w4rnl/Basic-Intermediate-Tutorial-Models/Tutorial-1/7-6.nec,ok,ok,0.007765199989080429,0.013584945350885391,,0
cebik-w4rnl/Basic-Intermediate-Tutorial-Models/Tutorial-1/7-7.nec,ok,ok,0.3847244903445244,0.2868123361840844,1.3414,1
cebik-w4rnl/Basic-Intermediate-Tutorial-Models/Tutorial-1/7-8.nec,ok,ok,0.010195096954703331,0.010330944322049618,,0
cebik-w4rnl/Basic-Intermediate-Tutorial-Models/Tutorial-1/8-1-1.nec,ok,ok,0.006232229992747307,0.006768438965082169,,0
cebik-w4rnl/Basic-Intermediate-Tutorial-Models/Tutorial-1/8-1.nec,ok,ok,0.004939279519021511,0.005585835315287113,,0
cebik-w4rnl/Basic-Intermediate-Tutorial-Models/Tutorial-1/8-2.nec,ok,ok,0.00647430494427681,0.00718942005187273,,0
cebik-w4rnl/Basic-Intermediate-Tutorial-Models/Tutorial-1/8-3.nec,ok,ok,0.006626279093325138,0.007328744977712631,,0
cebik-w4rnl/Basic-Intermediate-Tutorial-Models/Tutorial-1/8-4.nec,ok,ok,0.00827737431973219,0.00844109058380127,,0
cebik-w4rnl/Basic-Intermediate-Tutorial-Models/Tutorial-1/8-5-1.nec,ok,ok,0.009385191835463047,0.009951094165444374,,0
cebik-w4rnl/Basic-Intermediate-Tutorial-Models/Tutorial-1/8-5.nec,ok,ok,0.012795749120414257,0.012721117585897446,,0
cebik-w4rnl/Basic-Intermediate-Tutorial-Models/Tutorial-1/8-6-1.nec,ok,ok,0.2789505310356617,0.18270360957831144,1.5268,1
cebik-w4rnl/Basic-Intermediate-Tutorial-Models/Tutorial-1/8-6.nec,ok,ok,0.3122308533638716,0.21090081054717302,1.4805,1
cebik-w4rnl/Basic-Intermediate-Tutorial-Models/Tutorial-1/8-7-1.nec,no-impedance,no-impedance,0.005935848690569401,0.006720949895679951,,0
cebik-w4rnl/Basic-Intermediate-Tutorial-Models/Tutorial-1/8-7-2.nec,no-impedance,no-impedance,0.006038594990968704,0.006707422435283661,,0
cebik-w4rnl/Basic-Intermediate-Tutorial-Models/Tutorial-1/8-7.nec,ok,ok,0.005524542182683945,0.0062380339950323105,,0
cebik-w4rnl/Basic-Intermediate-Tutorial-Models/Tutorial-1/9-1-1.nec,ok,ok,0.008559860289096832,0.008882948197424412,,0
cebik-w4rnl/Basic-Intermediate-Tutorial-Models/Tutorial-1/9-1-2.nec,ok,ok,0.008720685727894306,0.009121952578425407,,0
cebik-w4rnl/Basic-Intermediate-Tutorial-Models/Tutorial-1/9-1-3.nec,ok,ok,0.008678542450070381,0.008865470066666603,,0
cebik-w4rnl/Basic-Intermediate-Tutorial-Models/Tutorial-1/9-2-1.nec,ok,ok,0.010084928013384342,0.008847841992974281,,0
cebik-w4rnl/Basic-Intermediate-Tutorial-Models/Tutorial-1/9-2-2.nec,ok,ok,0.008854946121573448,0.009017166681587696,,0
cebik-w4rnl/Basic-Intermediate-Tutorial-Models/Tutorial-1/9-2-3.nec,ok,ok,0.008690043352544308,0.009138132445514202,,0
cebik-w4rnl/Basic-Intermediate-Tutorial-Models/Tutorial-1/9-3-1.nec,ok,ok,0.008560487069189548,0.00885981135070324,,0
cebik-w4rnl/Basic-Intermediate-Tutorial-Models/Tutorial-1/9-3-2.nec,ok,ok,0.008712442591786385,0.008889785036444664,,0
cebik-w4rnl/Basic-Intermediate-Tutorial-Models/Tutorial-1/9-3-3.nec,ok,ok,0.008732912130653858,0.008880655281245708,,0
cebik-w4rnl/Basic-Intermediate-Tutorial-Models/Tutorial-1/9-4-1.nec,ok,ok,0.012793649919331074,0.012885184958577156,,0
cebik-w4rnl/Basic-Intermediate-Tutorial-Models/Tutorial-1/9-4.nec,ok,ok,0.0058190468698740005,0.006704995408654213,,0
cebik-w4rnl/Basic-Intermediate-Tutorial-Models/Tutorial-1/9-5-1.nec,ok,ok,0.01521004643291235,0.01510890107601881,,0
cebik-w4rnl/Basic-Intermediate-Tutorial-Models/Tutorial-1/9-5-2.nec,ok,ok,0.015321928076446056,0.01478541735559702,,0
cebik-w4rnl/Basic-Intermediate-Tutorial-Models/Tutorial-1/9-5-3.nec,ok,ok,0.015332013368606567,0.01542656123638153,,0
cebik-w4rnl/Basic-Intermediate-Tutorial-Models/Tutorial-1/9-5.nec,ok,ok,0.015778813511133194,0.01517394557595253,,0
cebik-w4rnl/Basic-Intermediate-Tutorial-Models/Tutorial-1/9-6-1.nec,ok,ok,0.006065959110856056,0.006365107372403145,,0
cebik-w4rnl/Basic-Intermediate-Tutorial-Models/Tutorial-1/9-6-2.nec,ok,ok,0.005189230665564537,0.005885538645088673,,0
cebik-w4rnl/Basic-Intermediate-Tutorial-Models/Tutorial-1/9-6-3.nec,ok,ok,0.005126152187585831,0.005459519103169441,,0
cebik-w4rnl/Basic-Intermediate-Tutorial-Models/Tutorial-1/9-6-4.nec,ok,ok,0.0051388610154390335,0.005447946488857269,,0
cebik-w4rnl/Basic-Intermediate-Tutorial-Models/Tutorial-1/9-6-5.nec,ok,ok,0.005952147766947746,0.00622494425624609,,0
cebik-w4rnl/Basic-Intermediate-Tutorial-Models/Tutorial-1/9-6.nec,ok,ok,0.0060664014890789986,0.006376791745424271,,0
cebik-w4rnl/Basic-Intermediate-Tutorial-Models/Tutorial-2/ch-0/0-1.nec,ok,ok,0.5756122693419456,0.2838321924209595,2.0280,1
cebik-w4rnl/Basic-Intermediate-Tutorial-Models/Tutorial-2/ch-1/1-1.nec,ok,ok,0.039142800495028496,0.029666157439351082,,0
cebik-w4rnl/Basic-Intermediate-Tutorial-Models/Tutorial-2/ch-1/1-1a.nec,ok,ok,0.03904398996382952,0.029386972077190876,,0
cebik-w4rnl/Basic-Intermediate-Tutorial-Models/Tutorial-2/ch-1/1-1b.nec,ok,ok,0.038874139077961445,0.02916436642408371,,0
cebik-w4rnl/Basic-Intermediate-Tutorial-Models/Tutorial-2/ch-1/1-1c.nec,ok,ok,0.039755746722221375,0.030215905979275703,,0
cebik-w4rnl/Basic-Intermediate-Tutorial-Models/Tutorial-2/ch-1/1-2.nec,ok,ok,0.0049480171874165535,0.005606196820735931,,0
cebik-w4rnl/Basic-Intermediate-Tutorial-Models/Tutorial-2/ch-1/1-2a.nec,ok,ok,0.0046218326315283775,0.005237960256636143,,0
cebik-w4rnl/Basic-Intermediate-Tutorial-Models/Tutorial-2/ch-1/1-3.nec,ok,ok,0.37167465314269066,0.2506563914939761,1.4828,1
cebik-w4rnl/Basic-Intermediate-Tutorial-Models/Tutorial-2/ch-1/1-4.nec,ok,ok,0.005462516099214554,0.0061678653582930565,,0
cebik-w4rnl/Basic-Intermediate-Tutorial-Models/Tutorial-2/ch-1/1-4a.nec,ok,ok,0.005523497238755226,0.0061128223314881325,,0
cebik-w4rnl/Basic-Intermediate-Tutorial-Models/Tutorial-2/ch-1/1-4b.nec,ok,ok,0.469432950951159,0.25025121588259935,1.8758,1
cebik-w4rnl/Basic-Intermediate-Tutorial-Models/Tutorial-2/ch-1/1-5.nec,ok,ok,0.007662511430680752,0.008121208287775517,,0
cebik-w4rnl/Basic-Intermediate-Tutorial-Models/Tutorial-2/ch-1/1-6.nec,ok,ok,0.009942902252078056,0.010028489865362644,,0
cebik-w4rnl/Basic-Intermediate-Tutorial-Models/Tutorial-2/ch-1/1-6a.nec,ok,ok,0.008641405031085014,0.008934535086154938,,0
cebik-w4rnl/Basic-Intermediate-Tutorial-Models/Tutorial-2/ch-10/10-1.nec,ok,ok,0.004014482721686363,0.0042784567922353745,,0
cebik-w4rnl/Basic-Intermediate-Tutorial-Models/Tutorial-2/ch-10/10-10.nec,ok,ok,0.0032277731224894524,0.003366283141076565,,0
cebik-w4rnl/Basic-Intermediate-Tutorial-Models/Tutorial-2/ch-10/10-10a.nec,ok,ok,0.0031930729746818542,0.003461449407041073,,0
cebik-w4rnl/Basic-Intermediate-Tutorial-Models/Tutorial-2/ch-10/10-10b.nec,ok,ok,0.003261856734752655,0.003553321585059166,,0
cebik-w4rnl/Basic-Intermediate-Tutorial-Models/Tutorial-2/ch-10/10-10c.nec,ok,ok,0.003201914019882679,0.0035190200433135033,,0
cebik-w4rnl/Basic-Intermediate-Tutorial-Models/Tutorial-2/ch-10/10-11.nec,ok,ok,0.0031104255467653275,0.0033869734033942223,,0
cebik-w4rnl/Basic-Intermediate-Tutorial-Models/Tutorial-2/ch-10/10-11a.nec,ok,ok,0.004198752343654633,0.004878781735897064,,0
cebik-w4rnl/Basic-Intermediate-Tutorial-Models/Tutorial-2/ch-10/10-11b.nec,ok,ok,0.004272656515240669,0.005283437669277191,,0
cebik-w4rnl/Basic-Intermediate-Tutorial-Models/Tutorial-2/ch-10/10-1a.nec,ok,ok,0.006378524005413055,0.005924004130065441,,0
cebik-w4rnl/Basic-Intermediate-Tutorial-Models/Tutorial-2/ch-10/10-2.nec,ok,ok,0.0051034679636359215,0.006895692087709904,,0
cebik-w4rnl/Basic-Intermediate-Tutorial-Models/Tutorial-2/ch-10/10-2a.nec,ok,ok,0.0062370914965868,0.008557613007724285,,0
cebik-w4rnl/Basic-Intermediate-Tutorial-Models/Tutorial-2/ch-10/10-2b.nec,ok,ok,0.004236412234604359,0.004360738210380077,,0
cebik-w4rnl/Basic-Intermediate-Tutorial-Models/Tutorial-2/ch-10/10-3.nec,ok,ok,0.009914236143231392,0.010279311798512936,,0
cebik-w4rnl/Basic-Intermediate-Tutorial-Models/Tutorial-2/ch-10/10-3a.nec,ok,ok,0.008593968115746975,0.009102975949645042,,0
cebik-w4rnl/Basic-Intermediate-Tutorial-Models/Tutorial-2/ch-10/10-3b.nec,ok,ok,0.017248837277293205,0.016558131203055382,,0
cebik-w4rnl/Basic-Intermediate-Tutorial-Models/Tutorial-2/ch-10/10-4.nec,ok,ok,0.015941190533339977,0.013057541102170944,,0
cebik-w4rnl/Basic-Intermediate-Tutorial-Models/Tutorial-2/ch-10/10-4a.nec,ok,ok,0.030034680850803852,0.02148453611880541,,0
cebik-w4rnl/Basic-Intermediate-Tutorial-Models/Tutorial-2/ch-10/10-4b.nec,ok,ok,0.011606533080339432,0.01504165306687355,,0
cebik-w4rnl/Basic-Intermediate-Tutorial-Models/Tutorial-2/ch-10/10-5.nec,ok,ok,0.3841627035290003,0.21859162487089634,1.7574,1
cebik-w4rnl/Basic-Intermediate-Tutorial-Models/Tutorial-2/ch-10/10-5a.nec,ok,ok,0.3955373140051961,0.22516252286732197,1.7567,1
cebik-w4rnl/Basic-Intermediate-Tutorial-Models/Tutorial-2/ch-10/10-6.nec,ok,ok,0.14756301697343588,0.09699578955769539,1.5213,1
cebik-w4rnl/Basic-Intermediate-Tutorial-Models/Tutorial-2/ch-10/10-6a.nec,ok,ok,0.06496554147452116,0.04778250679373741,,0
cebik-w4rnl/Basic-Intermediate-Tutorial-Models/Tutorial-2/ch-10/10-6b.nec,ok,ok,0.06437530368566513,0.04788030497729778,,0
cebik-w4rnl/Basic-Intermediate-Tutorial-Models/Tutorial-2/ch-10/10-7.nec,ok,ok,0.004556355066597462,0.004537079483270645,,0
cebik-w4rnl/Basic-Intermediate-Tutorial-Models/Tutorial-2/ch-10/10-8.nec,ok,ok,0.0031807776540517807,0.003372643142938614,,0
cebik-w4rnl/Basic-Intermediate-Tutorial-Models/Tutorial-2/ch-10/10-8a.nec,ok,ok,0.0030460935086011887,0.003346920944750309,,0
cebik-w4rnl/Basic-Intermediate-Tutorial-Models/Tutorial-2/ch-10/10-8b.nec,ok,ok,0.00316817220300436,0.0033245310187339783,,0
cebik-w4rnl/Basic-Intermediate-Tutorial-Models/Tutorial-2/ch-10/10-8c.nec,ok,ok,0.0032578343525528908,0.0033328747376799583,,0
cebik-w4rnl/Basic-Intermediate-Tutorial-Models/Tutorial-2/ch-10/10-8d.nec,ok,ok,0.004626480862498283,0.005675625056028366,,0
cebik-w4rnl/Basic-Intermediate-Tutorial-Models/Tutorial-2/ch-10/10-9.nec,no-impedance,no-impedance,0.023422129452228546,0.020079282112419605,,0
cebik-w4rnl/Basic-Intermediate-Tutorial-Models/Tutorial-2/ch-10/10-9a.nec,ok,ok,0.021695023402571678,0.019522052258253098,,0
cebik-w4rnl/Basic-Intermediate-Tutorial-Models/Tutorial-2/ch-11/11-10-nec4.nec,ok,ok,0.10486775729805231,0.06825779285281897,1.5363,1
cebik-w4rnl/Basic-Intermediate-Tutorial-Models/Tutorial-2/ch-11/11-10a-nec4.nec,ok,ok,0.10301852878183126,0.06754297204315662,1.5252,1
cebik-w4rnl/Basic-Intermediate-Tutorial-Models/Tutorial-2/ch-11/11-10b-nec4.nec,ok,ok,0.10297601576894522,0.06677591614425182,1.5421,1
cebik-w4rnl/Basic-Intermediate-Tutorial-Models/Tutorial-2/ch-11/11-11.nec,ok,ok,0.3070914186537266,0.20161124132573605,1.5232,1
cebik-w4rnl/Basic-Intermediate-Tutorial-Models/Tutorial-2/ch-11/11-11a.nec,ok,ok,3.1536941779777408,2.0171611476689577,1.5634,1
cebik-w4rnl/Basic-Intermediate-Tutorial-Models/Tutorial-2/ch-11/11-1_1.nec,ok,ok,0.008049139752984047,0.008506391197443008,,0
cebik-w4rnl/Basic-Intermediate-Tutorial-Models/Tutorial-2/ch-11/11-1_2.nec,ok,ok,0.015264538116753101,0.008128851652145386,,0
cebik-w4rnl/Basic-Intermediate-Tutorial-Models/Tutorial-2/ch-11/11-1a_1.nec,ok,ok,0.04324596282094717,0.04723014310002327,,0
cebik-w4rnl/Basic-Intermediate-Tutorial-Models/Tutorial-2/ch-11/11-1a_2.nec,ok,ok,0.043401068076491356,0.04684616345912218,,0
cebik-w4rnl/Basic-Intermediate-Tutorial-Models/Tutorial-2/ch-11/11-1b.nec,ok,ok,0.043277728371322155,0.04664607159793377,,0
cebik-w4rnl/Basic-Intermediate-Tutorial-Models/Tutorial-2/ch-11/11-2.nec,ok,ok,0.005331256426870823,0.0056310975924134254,,0
cebik-w4rnl/Basic-Intermediate-Tutorial-Models/Tutorial-2/ch-11/11-2a.nec,ok,ok,0.10298838280141354,0.06747155636548996,1.5264,1
cebik-w4rnl/Basic-Intermediate-Tutorial-Models/Tutorial-2/ch-11/11-2b.nec,ok,ok,0.10313414223492146,0.06689011212438345,1.5418,1
cebik-w4rnl/Basic-Intermediate-Tutorial-Models/Tutorial-2/ch-11/11-3.nec,ok,ok,0.2893143314868212,0.18733154982328415,1.5444,1
cebik-w4rnl/Basic-Intermediate-Tutorial-Models/Tutorial-2/ch-11/11-3a.nec,ok,ok,0.2898361114785075,0.18475174810737371,1.5688,1
cebik-w4rnl/Basic-Intermediate-Tutorial-Models/Tutorial-2/ch-11/11-4.nec,ok,ok,0.32107504457235336,0.20992192067205906,1.5295,1
cebik-w4rnl/Basic-Intermediate-Tutorial-Models/Tutorial-2/ch-11/11-4a-nec4.nec,ok,ok,1.0610630121082067,0.6347226919606328,1.6717,1
cebik-w4rnl/Basic-Intermediate-Tutorial-Models/Tutorial-2/ch-11/11-5.nec,ok,ok,0.243939152918756,0.17116749100387096,1.4251,1
cebik-w4rnl/Basic-Intermediate-Tutorial-Models/Tutorial-2/ch-11/11-6.nec,ok,ok,0.08984134439378977,0.05882898438721895,1.5272,1
cebik-w4rnl/Basic-Intermediate-Tutorial-Models/Tutorial-2/ch-11/11-7.nec,ok,ok,0.1010718634352088,0.06537153199315071,1.5461,1
cebik-w4rnl/Basic-Intermediate-Tutorial-Models/Tutorial-2/ch-11/11-7a.nec,ok,ok,0.08537271153181791,0.057560186833143234,1.4832,1
cebik-w4rnl/Basic-Intermediate-Tutorial-Models/Tutorial-2/ch-11/11-7b-nec2.nec,ok,ok,0.10136639140546322,0.06516254041343927,1.5556,1
cebik-w4rnl/Basic-Intermediate-Tutorial-Models/Tutorial-2/ch-11/11-7c-nec2.nec,ok,ok,0.10153106600046158,0.06501034274697304,1.5618,1
cebik-w4rnl/Basic-Intermediate-Tutorial-Models/Tutorial-2/ch-11/11-7d-nec2.nec,ok,ok,0.10116802528500557,0.06501440331339836,1.5561,1
cebik-w4rnl/Basic-Intermediate-Tutorial-Models/Tutorial-2/ch-11/11-7e-nec2.nec,ok,ok,0.10334892198443413,0.0684025539085269,1.5109,1
cebik-w4rnl/Basic-Intermediate-Tutorial-Models/Tutorial-2/ch-11/11-7f-nec2.nec,ok,ok,0.10295982751995325,0.06753796618431807,1.5245,1
cebik-w4rnl/Basic-Intermediate-Tutorial-Models/Tutorial-2/ch-11/11-7g-nec2.nec,ok,ok,0.10296542383730412,0.06751261092722416,1.5251,1
cebik-w4rnl/Basic-Intermediate-Tutorial-Models/Tutorial-2/ch-11/11-8b-nec2.nec,ok,ok,0.10124401934444904,0.06547786667943001,1.5462,1
cebik-w4rnl/Basic-Intermediate-Tutorial-Models/Tutorial-2/ch-11/11-8c-nec2.nec,ok,ok,0.10204420331865549,0.06507816445082426,1.5680,1
cebik-w4rnl/Basic-Intermediate-Tutorial-Models/Tutorial-2/ch-11/11-8d-nec2.nec,ok,ok,0.11079423036426306,0.06531054247170687,1.6964,1
cebik-w4rnl/Basic-Intermediate-Tutorial-Models/Tutorial-2/ch-11/11-8e-nec2.nec,ok,ok,0.10338129103183746,0.06735737714916468,1.5348,1
cebik-w4rnl/Basic-Intermediate-Tutorial-Models/Tutorial-2/ch-11/11-8e-nec4.nec,ok,ok,0.1038400111719966,0.06739827431738377,1.5407,1
cebik-w4rnl/Basic-Intermediate-Tutorial-Models/Tutorial-2/ch-11/11-8f-nec2.nec,ok,ok,0.10304839257150888,0.06689306255429983,1.5405,1
cebik-w4rnl/Basic-Intermediate-Tutorial-Models/Tutorial-2/ch-11/11-8f-nec4.nec,ok,ok,0.10314765013754368,0.06713708490133286,1.5364,1
cebik-w4rnl/Basic-Intermediate-Tutorial-Models/Tutorial-2/ch-11/11-8g-nec2.nec,ok,ok,0.1035093143582344,0.06720996741205454,1.5401,1
cebik-w4rnl/Basic-Intermediate-Tutorial-Models/Tutorial-2/ch-11/11-8g-nec4.nec,ok,ok,0.11151255387812853,0.07705403212457895,1.4472,1
cebik-w4rnl/Basic-Intermediate-Tutorial-Models/Tutorial-2/ch-11/11-9-nec2.nec,ok,ok,0.10312341712415218,0.08881019335240126,1.1612,1
cebik-w4rnl/Basic-Intermediate-Tutorial-Models/Tutorial-2/ch-11/11-9a-nec2.nec,ok,ok,0.10306909400969744,0.06850710138678551,1.5045,1
cebik-w4rnl/Basic-Intermediate-Tutorial-Models/Tutorial-2/ch-11/11-9b-nec2.nec,ok,ok,0.10295686684548855,0.06689370330423117,1.5391,1
cebik-w4rnl/Basic-Intermediate-Tutorial-Models/Tutorial-2/ch-12/12-1.nec,ok,ok,0.0050329770892858505,0.005745342001318932,,0
cebik-w4rnl/Basic-Intermediate-Tutorial-Models/Tutorial-2/ch-12/12-10-nec4.nec,ok,ok,1.1496444949880242,0.5710245566442609,2.0133,1
cebik-w4rnl/Basic-Intermediate-Tutorial-Models/Tutorial-2/ch-12/12-10a-nec4.nec,ok,ok,0.9286382189020514,0.4412642950192094,2.1045,1
cebik-w4rnl/Basic-Intermediate-Tutorial-Models/Tutorial-2/ch-12/12-11-nec4.nec,ok,ok,4.350904559716582,1.6576477074995637,2.6247,1
cebik-w4rnl/Basic-Intermediate-Tutorial-Models/Tutorial-2/ch-12/12-11a-nec4.nec,ok,ok,4.314647369086742,1.6708332980051637,2.5823,1
cebik-w4rnl/Basic-Intermediate-Tutorial-Models/Tutorial-2/ch-12/12-1a.nec,ok,ok,0.005261734127998352,0.005983704701066017,,0
cebik-w4rnl/Basic-Intermediate-Tutorial-Models/Tutorial-2/ch-12/12-1b.nec,no-impedance,no-impedance,0.005100018344819546,0.005750861018896103,,0
cebik-w4rnl/Basic-Intermediate-Tutorial-Models/Tutorial-2/ch-12/12-2.nec,ok,ok,0.007630380801856518,0.008388928137719631,,0
cebik-w4rnl/Basic-Intermediate-Tutorial-Models/Tutorial-2/ch-12/12-2a.nec,ok,ok,0.007949447259306908,0.008302717469632626,,0
cebik-w4rnl/Basic-Intermediate-Tutorial-Models/Tutorial-2/ch-12/12-3.nec,ok,ok,0.007629731670022011,0.008256155997514725,,0
cebik-w4rnl/Basic-Intermediate-Tutorial-Models/Tutorial-2/ch-12/12-3a.nec,ok,ok,0.007909752428531647,0.008651294745504856,,0
cebik-w4rnl/Basic-Intermediate-Tutorial-Models/Tutorial-2/ch-12/12-4.nec,ok,ok,0.00582472700625658,0.010282076895236969,,0
cebik-w4rnl/Basic-Intermediate-Tutorial-Models/Tutorial-2/ch-12/12-4a.nec,ok,ok,0.006067309528589249,0.006689821369946003,,0
cebik-w4rnl/Basic-Intermediate-Tutorial-Models/Tutorial-2/ch-12/12-4b.nec,ok,ok,0.034501852467656136,0.03979500103741884,,0
cebik-w4rnl/Basic-Intermediate-Tutorial-Models/Tutorial-2/ch-12/12-5.nec,ok,ok,0.006386321969330311,0.00702333077788353,,0
cebik-w4rnl/Basic-Intermediate-Tutorial-Models/Tutorial-2/ch-12/12-5a.nec,ok,ok,0.006199725903570652,0.006795663386583328,,0
cebik-w4rnl/Basic-Intermediate-Tutorial-Models/Tutorial-2/ch-12/12-5b.nec,ok,ok,0.03521107882261276,0.04143883008509874,,0
cebik-w4rnl/Basic-Intermediate-Tutorial-Models/Tutorial-2/ch-12/12-6.nec,ok,ok,1.979985429905355,1.1842404007911682,1.6719,1
cebik-w4rnl/Basic-Intermediate-Tutorial-Models/Tutorial-2/ch-12/12-7.nec,ok,ok,0.037569752894341946,0.027724362909793854,,0
cebik-w4rnl/Basic-Intermediate-Tutorial-Models/Tutorial-2/ch-12/12-7a.nec,ok,ok,0.014076456427574158,0.01306663453578949,,0
cebik-w4rnl/Basic-Intermediate-Tutorial-Models/Tutorial-2/ch-12/12-8.nec,ok,ok,0.01861670706421137,0.02253471314907074,,0
cebik-w4rnl/Basic-Intermediate-Tutorial-Models/Tutorial-2/ch-12/12-8a.nec,ok,ok,0.01872185803949833,0.015371582470834255,,0
cebik-w4rnl/Basic-Intermediate-Tutorial-Models/Tutorial-2/ch-12/12-8b.nec,ok,ok,0.09100547339767218,0.061981371603906155,1.4683,1
cebik-w4rnl/Basic-Intermediate-Tutorial-Models/Tutorial-2/ch-12/12-9.nec,ok,ok,0.025839206762611866,0.02037428505718708,,0
cebik-w4rnl/Basic-Intermediate-Tutorial-Models/Tutorial-2/ch-12/12-9a.nec,ok,ok,0.004083476960659027,0.0048701027408242226,,0
cebik-w4rnl/Basic-Intermediate-Tutorial-Models/Tutorial-2/ch-12/12-9b.nec,ok,ok,0.04153907485306263,0.03290601447224617,,0
cebik-w4rnl/Basic-Intermediate-Tutorial-Models/Tutorial-2/ch-12/12-9c.nec,ok,ok,0.041883944533765316,0.03291237913072109,,0
cebik-w4rnl/Basic-Intermediate-Tutorial-Models/Tutorial-2/ch-13/13-1.nec,ok,ok,0.005240321159362793,0.0057406071573495865,,0
cebik-w4rnl/Basic-Intermediate-Tutorial-Models/Tutorial-2/ch-13/13-1a.nec,ok,ok,0.004996655508875847,0.005538898520171642,,0
cebik-w4rnl/Basic-Intermediate-Tutorial-Models/Tutorial-2/ch-13/13-1b.nec,ok,ok,0.004909900017082691,0.005895061418414116,,0
cebik-w4rnl/Basic-Intermediate-Tutorial-Models/Tutorial-2/ch-13/13-1c-nec4.nec,ok,ok,0.004903948865830898,0.005553171969950199,,0
cebik-w4rnl/Basic-Intermediate-Tutorial-Models/Tutorial-2/ch-13/13-1d.nec,ok,ok,0.005031258799135685,0.005547613836824894,,0
cebik-w4rnl/Basic-Intermediate-Tutorial-Models/Tutorial-2/ch-13/13-2.nec,ok,ok,0.0049530984833836555,0.00561723206192255,,0
cebik-w4rnl/Basic-Intermediate-Tutorial-Models/Tutorial-2/ch-13/13-2a.nec,ok,ok,0.004983430728316307,0.00586647167801857,,0
cebik-w4rnl/Basic-Intermediate-Tutorial-Models/Tutorial-2/ch-13/13-2b.nec,ok,ok,0.005002343095839024,0.005582578480243683,,0
cebik-w4rnl/Basic-Intermediate-Tutorial-Models/Tutorial-2/ch-13/13-2c.nec,ok,ok,0.0050161899998784065,0.005572459660470486,,0
cebik-w4rnl/Basic-Intermediate-Tutorial-Models/Tutorial-2/ch-13/13-2d.nec,ok,ok,0.005023090168833733,0.005619913339614868,,0
cebik-w4rnl/Basic-Intermediate-Tutorial-Models/Tutorial-2/ch-13/13-2e.nec,ok,ok,0.005013488233089447,0.0057787224650382996,,0
cebik-w4rnl/Basic-Intermediate-Tutorial-Models/Tutorial-2/ch-13/13-3.nec,ok,ok,0.014750361442565918,0.016423074528574944,,0
cebik-w4rnl/Basic-Intermediate-Tutorial-Models/Tutorial-2/ch-13/13-3a.nec,ok,ok,0.01518783438950777,0.016936300322413445,,0
cebik-w4rnl/Basic-Intermediate-Tutorial-Models/Tutorial-2/ch-13/13-4.nec,ok,ok,0.005695635452866554,0.005934601649641991,,0
cebik-w4rnl/Basic-Intermediate-Tutorial-Models/Tutorial-2/ch-13/13-4a.nec,ok,ok,0.005493043921887875,0.005718035623431206,,0
cebik-w4rnl/Basic-Intermediate-Tutorial-Models/Tutorial-2/ch-13/13-4b.nec,ok,ok,0.005566315725445747,0.005729185417294502,,0
cebik-w4rnl/Basic-Intermediate-Tutorial-Models/Tutorial-2/ch-13/13-4c.nec,ok,ok,0.00559086911380291,0.005747099407017231,,0
cebik-w4rnl/Basic-Intermediate-Tutorial-Models/Tutorial-2/ch-13/13-4d.nec,ok,ok,0.005612289533019066,0.008682995103299618,,0
cebik-w4rnl/Basic-Intermediate-Tutorial-Models/Tutorial-2/ch-13/13-5.nec,ok,ok,0.005424603819847107,0.005816982127726078,,0
cebik-w4rnl/Basic-Intermediate-Tutorial-Models/Tutorial-2/ch-13/13-5a.nec,ok,ok,0.005407512187957764,0.005780183710157871,,0
cebik-w4rnl/Basic-Intermediate-Tutorial-Models/Tutorial-2/ch-13/13-6.nec,ok,ok,0.007116425782442093,0.0076071759685873985,,0
cebik-w4rnl/Basic-Intermediate-Tutorial-Models/Tutorial-2/ch-13/13-6a.nec,ok,ok,0.0070835137739777565,0.0080402921885252,,0
cebik-w4rnl/Basic-Intermediate-Tutorial-Models/Tutorial-2/ch-13/13-6b.nec,ok,ok,0.007164956070482731,0.007602710276842117,,0
cebik-w4rnl/Basic-Intermediate-Tutorial-Models/Tutorial-2/ch-13/13-7.nec,ok,ok,0.008820421993732452,0.008737361058592796,,0
cebik-w4rnl/Basic-Intermediate-Tutorial-Models/Tutorial-2/ch-13/13-7a.nec,ok,ok,0.008875412866473198,0.008809823542833328,,0
cebik-w4rnl/Basic-Intermediate-Tutorial-Models/Tutorial-2/ch-13/13-7b.nec,ok,ok,0.020883937366306782,0.020076020620763302,,0
cebik-w4rnl/Basic-Intermediate-Tutorial-Models/Tutorial-2/ch-13/13-7c.nec,ok,ok,0.021392174065113068,0.02037116140127182,,0
cebik-w4rnl/Basic-Intermediate-Tutorial-Models/Tutorial-2/ch-13/13-8.nec,ok,ok,0.009270874783396721,0.009286320768296719,,0
cebik-w4rnl/Basic-Intermediate-Tutorial-Models/Tutorial-2/ch-13/13-8a.nec,ok,ok,0.009074034169316292,0.008918878622353077,,0
cebik-w4rnl/Basic-Intermediate-Tutorial-Models/Tutorial-2/ch-13/13-8b.nec,ok,ok,0.03407093323767185,0.031187307089567184,,0
cebik-w4rnl/Basic-Intermediate-Tutorial-Models/Tutorial-2/ch-13/13-8c.nec,ok,ok,0.03437780402600765,0.031200283206999302,,0
cebik-w4rnl/Basic-Intermediate-Tutorial-Models/Tutorial-2/ch-13/13-9.nec,ok,ok,0.03353649843484163,0.02429801970720291,,0
cebik-w4rnl/Basic-Intermediate-Tutorial-Models/Tutorial-2/ch-13/13-9a.nec,ok,ok,0.09562691207975149,0.07122074253857136,1.3427,1
cebik-w4rnl/Basic-Intermediate-Tutorial-Models/Tutorial-2/ch-14/14-1.nec,ok,ok,0.019222869537770748,0.017875771038234234,,0
cebik-w4rnl/Basic-Intermediate-Tutorial-Models/Tutorial-2/ch-14/14-1a.nec,ok,ok,0.019005537033081055,0.018033976666629314,,0
cebik-w4rnl/Basic-Intermediate-Tutorial-Models/Tutorial-2/ch-14/14-3.nec,ok,ok,0.041958617977797985,0.031923651695251465,,0
cebik-w4rnl/Basic-Intermediate-Tutorial-Models/Tutorial-2/ch-14/14-3a.nec,ok,ok,0.04288057330995798,0.03301039058715105,,0
cebik-w4rnl/Basic-Intermediate-Tutorial-Models/Tutorial-2/ch-14/14-3b.nec,ok,ok,0.04263176582753658,0.03279765322804451,,0
cebik-w4rnl/Basic-Intermediate-Tutorial-Models/Tutorial-2/ch-14/14-3c.nec,ok,ok,0.04241892695426941,0.03277743235230446,,0
cebik-w4rnl/Basic-Intermediate-Tutorial-Models/Tutorial-2/ch-14/14-3d.nec,ok,ok,0.042575553990900517,0.032771555706858635,,0
cebik-w4rnl/Basic-Intermediate-Tutorial-Models/Tutorial-2/ch-14/14-4.nec,ok,ok,0.00352591834962368,0.0036278795450925827,,0
cebik-w4rnl/Basic-Intermediate-Tutorial-Models/Tutorial-2/ch-14/14-4a.nec,ok,ok,0.003336135298013687,0.0035110926255583763,,0
cebik-w4rnl/Basic-Intermediate-Tutorial-Models/Tutorial-2/ch-14/14-4b.nec,ok,ok,0.003448585979640484,0.0035089636221528053,,0
cebik-w4rnl/Basic-Intermediate-Tutorial-Models/Tutorial-2/ch-14/14-4c.nec,ok,ok,0.003260166384279728,0.0035194987431168556,,0
cebik-w4rnl/Basic-Intermediate-Tutorial-Models/Tutorial-2/ch-14/14-5.nec,ok,ok,0.023662160150706768,0.020932001993060112,,0
cebik-w4rnl/Basic-Intermediate-Tutorial-Models/Tutorial-2/ch-14/14-5a.nec,ok,ok,0.025865656323730946,0.02282065711915493,,0
cebik-w4rnl/Basic-Intermediate-Tutorial-Models/Tutorial-2/ch-14/14-6.nec,ok,ok,0.018235250376164913,0.015297460369765759,,0
cebik-w4rnl/Basic-Intermediate-Tutorial-Models/Tutorial-2/ch-14/14-6a.nec,ok,ok,0.018568482249975204,0.01594380009919405,,0
cebik-w4rnl/Basic-Intermediate-Tutorial-Models/Tutorial-2/ch-14/14-6b.nec,ok,ok,0.018414228223264217,0.01547233760356903,,0
cebik-w4rnl/Basic-Intermediate-Tutorial-Models/Tutorial-2/ch-14/14-6c.nec,ok,ok,0.018617943860590458,0.016009544022381306,,0
cebik-w4rnl/Basic-Intermediate-Tutorial-Models/Tutorial-2/ch-14/14-6d.nec,ok,ok,0.018689371645450592,0.01636223029345274,,0
cebik-w4rnl/Basic-Intermediate-Tutorial-Models/Tutorial-2/ch-15/15-1.nec,ok,ok,0.005904517136514187,0.007532247342169285,,0
cebik-w4rnl/Basic-Intermediate-Tutorial-Models/Tutorial-2/ch-15/15-1a.nec,ok,ok,0.005678554996848106,0.006270222365856171,,0
cebik-w4rnl/Basic-Intermediate-Tutorial-Models/Tutorial-2/ch-15/15-1b.nec,ok,ok,0.005624111741781235,0.006154512986540794,,0
cebik-w4rnl/Basic-Intermediate-Tutorial-Models/Tutorial-2/ch-15/15-1c.nec,ok,ok,0.005487159825861454,0.006871785968542099,,0
cebik-w4rnl/Basic-Intermediate-Tutorial-Models/Tutorial-2/ch-15/15-1c1.nec,ok,ok,0.05527888238430023,0.0630708709359169,0.8765,1
cebik-w4rnl/Basic-Intermediate-Tutorial-Models/Tutorial-2/ch-15/15-1d.nec,ok,ok,0.005959799513220787,0.0064940256997942924,,0
cebik-w4rnl/Basic-Intermediate-Tutorial-Models/Tutorial-2/ch-15/15-1d1.nec,ok,ok,0.05549182556569576,0.06326447427272797,0.8771,1
cebik-w4rnl/Basic-Intermediate-Tutorial-Models/Tutorial-2/ch-15/15-2.nec,ok,ok,0.006115707568824291,0.006626654416322708,,0
cebik-w4rnl/Basic-Intermediate-Tutorial-Models/Tutorial-2/ch-15/15-2a.nec,ok,ok,0.005826352164149284,0.006484548561275005,,0
cebik-w4rnl/Basic-Intermediate-Tutorial-Models/Tutorial-2/ch-15/15-2b.nec,ok,ok,0.005872221663594246,0.006439413875341415,,0
cebik-w4rnl/Basic-Intermediate-Tutorial-Models/Tutorial-2/ch-15/15-3.nec,ok,ok,0.08719118684530258,0.05982048623263836,1.4575,1
cebik-w4rnl/Basic-Intermediate-Tutorial-Models/Tutorial-2/ch-15/15-3a.nec,ok,ok,0.08768196403980255,0.059139151126146317,1.4826,1
cebik-w4rnl/Basic-Intermediate-Tutorial-Models/Tutorial-2/ch-15/15-4-1.nec,ok,ok,0.0053148651495575905,0.005779258906841278,,0
cebik-w4rnl/Basic-Intermediate-Tutorial-Models/Tutorial-2/ch-15/15-4.nec,ok,ok,0.0049916282296180725,0.005589424632489681,,0
cebik-w4rnl/Basic-Intermediate-Tutorial-Models/Tutorial-2/ch-15/15-4a.nec,ok,ok,0.004885992966592312,0.005677022039890289,,0
cebik-w4rnl/Basic-Intermediate-Tutorial-Models/Tutorial-2/ch-15/15-4a1.nec,ok,ok,0.004952277056872845,0.005629263818264008,,0
cebik-w4rnl/Basic-Intermediate-Tutorial-Models/Tutorial-2/ch-15/15-4b.nec,ok,ok,0.004973297007381916,0.005905770696699619,,0
cebik-w4rnl/Basic-Intermediate-Tutorial-Models/Tutorial-2/ch-15/15-4b1.nec,ok,ok,0.004919048398733139,0.005570122040808201,,0
cebik-w4rnl/Basic-Intermediate-Tutorial-Models/Tutorial-2/ch-15/15-4c.nec,ok,ok,0.004927443340420723,0.00562246423214674,,0
cebik-w4rnl/Basic-Intermediate-Tutorial-Models/Tutorial-2/ch-15/15-4c1.nec,ok,ok,0.00510091707110405,0.005612107925117016,,0
cebik-w4rnl/Basic-Intermediate-Tutorial-Models/Tutorial-2/ch-15/15-5-1.nec,ok,ok,0.005026441998779774,0.005708640441298485,,0
cebik-w4rnl/Basic-Intermediate-Tutorial-Models/Tutorial-2/ch-15/15-5.nec,ok,ok,0.004949036054313183,0.0054861633107066154,,0
cebik-w4rnl/Basic-Intermediate-Tutorial-Models/Tutorial-2/ch-15/15-5a-1.nec,ok,ok,0.004844727925956249,0.0055671632289886475,,0
cebik-w4rnl/Basic-Intermediate-Tutorial-Models/Tutorial-2/ch-15/15-5a.nec,ok,ok,0.0050195856019854546,0.005532647483050823,,0
cebik-w4rnl/Basic-Intermediate-Tutorial-Models/Tutorial-2/ch-15/15-5b-1.nec,ok,ok,0.005021938122808933,0.005727526731789112,,0
cebik-w4rnl/Basic-Intermediate-Tutorial-Models/Tutorial-2/ch-15/15-5b.nec,ok,ok,0.0048499563708901405,0.005588904023170471,,0
cebik-w4rnl/Basic-Intermediate-Tutorial-Models/Tutorial-2/ch-15/15-6.nec,ok,ok,0.005575492046773434,0.005856410600244999,,0
cebik-w4rnl/Basic-Intermediate-Tutorial-Models/Tutorial-2/ch-15/15-6a.nec,ok,ok,0.011126498691737652,0.011430078186094761,,0
cebik-w4rnl/Basic-Intermediate-Tutorial-Models/Tutorial-2/ch-15/15-6b.nec,ok,ok,0.18261581379920244,0.1274424847215414,1.4329,1
cebik-w4rnl/Basic-Intermediate-Tutorial-Models/Tutorial-2/ch-15/15-7.nec,ok,ok,0.03397177904844284,0.028695203363895416,,0
cebik-w4rnl/Basic-Intermediate-Tutorial-Models/Tutorial-2/ch-15/15-7a.nec,ok,ok,0.5077263284474611,0.3697513295337558,1.3732,1
cebik-w4rnl/Basic-Intermediate-Tutorial-Models/Tutorial-2/ch-15/15-7b.nec,ok,ok,0.03431376721709967,0.02800879441201687,,0
cebik-w4rnl/Basic-Intermediate-Tutorial-Models/Tutorial-2/ch-15/15-7c.nec,ok,ok,0.32698381319642067,0.2169864308089018,1.5069,1
cebik-w4rnl/Basic-Intermediate-Tutorial-Models/Tutorial-2/ch-15/15-8.nec,ok,ok,0.32617331575602293,0.2421673322096467,1.3469,1
cebik-w4rnl/Basic-Intermediate-Tutorial-Models/Tutorial-2/ch-15/15-8a.nec,ok,ok,0.32546641025692225,0.23701987694948912,1.3732,1
cebik-w4rnl/Basic-Intermediate-Tutorial-Models/Tutorial-2/ch-15/15-8b.nec,ok,ok,0.3256168197840452,0.24223943054676056,1.3442,1
cebik-w4rnl/Basic-Intermediate-Tutorial-Models/Tutorial-2/ch-15/15-9.nec,ok,ok,0.011710032820701599,0.021328681148588657,,0
cebik-w4rnl/Basic-Intermediate-Tutorial-Models/Tutorial-2/ch-15/15-9a.nec,ok,ok,0.09666596725583076,0.06670153327286243,1.4492,1
cebik-w4rnl/Basic-Intermediate-Tutorial-Models/Tutorial-2/ch-16/16-1.nec,ok,ok,0.005103967152535915,0.005613237619400024,,0
cebik-w4rnl/Basic-Intermediate-Tutorial-Models/Tutorial-2/ch-16/16-10a.nec,ok,ok,0.0053574880585074425,0.005924019031226635,,0
cebik-w4rnl/Basic-Intermediate-Tutorial-Models/Tutorial-2/ch-16/16-10b.nec,ok,ok,0.005337167531251907,0.006016233004629612,,0
cebik-w4rnl/Basic-Intermediate-Tutorial-Models/Tutorial-2/ch-16/16-10c.nec,ok,ok,0.005404864437878132,0.005961510352790356,,0
cebik-w4rnl/Basic-Intermediate-Tutorial-Models/Tutorial-2/ch-16/16-10d.nec,ok,ok,0.005270946770906448,0.006061166524887085,,0
cebik-w4rnl/Basic-Intermediate-Tutorial-Models/Tutorial-2/ch-16/16-10e.nec,ok,ok,0.0053800372406840324,0.005914528854191303,,0
cebik-w4rnl/Basic-Intermediate-Tutorial-Models/Tutorial-2/ch-16/16-10f.nec,ok,ok,0.005407729186117649,0.005815061740577221,,0
cebik-w4rnl/Basic-Intermediate-Tutorial-Models/Tutorial-2/ch-16/16-10g.nec,ok,ok,0.005386036820709705,0.005996709689497948,,0
cebik-w4rnl/Basic-Intermediate-Tutorial-Models/Tutorial-2/ch-16/16-10h.nec,ok,ok,0.005289388820528984,0.006010428071022034,,0
cebik-w4rnl/Basic-Intermediate-Tutorial-Models/Tutorial-2/ch-16/16-11a.nec,ok,ok,0.005296224728226662,0.006014239974319935,,0
cebik-w4rnl/Basic-Intermediate-Tutorial-Models/Tutorial-2/ch-16/16-11b.nec,ok,ok,0.005332339555025101,0.005932532250881195,,0
cebik-w4rnl/Basic-Intermediate-Tutorial-Models/Tutorial-2/ch-16/16-11c.nec,ok,ok,0.005467712879180908,0.006067363545298576,,0
cebik-w4rnl/Basic-Intermediate-Tutorial-Models/Tutorial-2/ch-16/16-11d.nec,ok,ok,0.00540317315608263,0.006019819527864456,,0
cebik-w4rnl/Basic-Intermediate-Tutorial-Models/Tutorial-2/ch-16/16-11e.nec,ok,ok,0.005377606488764286,0.006134418770670891,,0
cebik-w4rnl/Basic-Intermediate-Tutorial-Models/Tutorial-2/ch-16/16-11f.nec,ok,ok,0.005339920520782471,0.00594677496701479,,0
cebik-w4rnl/Basic-Intermediate-Tutorial-Models/Tutorial-2/ch-16/16-11g.nec,ok,ok,0.005375099368393421,0.006103147752583027,,0
cebik-w4rnl/Basic-Intermediate-Tutorial-Models/Tutorial-2/ch-16/16-11h.nec,ok,ok,0.005308761261403561,0.006036944687366486,,0
cebik-w4rnl/Basic-Intermediate-Tutorial-Models/Tutorial-2/ch-16/16-1a.nec,ok,ok,0.004981886595487595,0.0056052058935165405,,0
cebik-w4rnl/Basic-Intermediate-Tutorial-Models/Tutorial-2/ch-16/16-1b.nec,ok,ok,0.004859350621700287,0.005543035455048084,,0
cebik-w4rnl/Basic-Intermediate-Tutorial-Models/Tutorial-2/ch-16/16-1c.nec,ok,ok,0.005047125741839409,0.005497722886502743,,0
cebik-w4rnl/Basic-Intermediate-Tutorial-Models/Tutorial-2/ch-16/16-1d.nec,ok,ok,0.005023878999054432,0.005513748154044151,,0
cebik-w4rnl/Basic-Intermediate-Tutorial-Models/Tutorial-2/ch-16/16-2.nec,ok,ok,0.005017726682126522,0.005485944449901581,,0
cebik-w4rnl/Basic-Intermediate-Tutorial-Models/Tutorial-2/ch-16/16-2a.nec,ok,ok,0.005002354271709919,0.008883239701390266,,0
cebik-w4rnl/Basic-Intermediate-Tutorial-Models/Tutorial-2/ch-16/16-2b.nec,ok,ok,0.004958316683769226,0.005559439770877361,,0
cebik-w4rnl/Basic-Intermediate-Tutorial-Models/Tutorial-2/ch-16/16-2c.nec,ok,ok,0.005061871372163296,0.005642367526888847,,0
cebik-w4rnl/Basic-Intermediate-Tutorial-Models/Tutorial-2/ch-16/16-2d.nec,ok,ok,0.005017227493226528,0.0055670104920864105,,0
cebik-w4rnl/Basic-Intermediate-Tutorial-Models/Tutorial-2/ch-16/16-3.nec,ok,ok,0.005390707403421402,0.00713194627314806,,0
cebik-w4rnl/Basic-Intermediate-Tutorial-Models/Tutorial-2/ch-16/16-4.nec,ok,ok,0.005373367108404636,0.006022037006914616,,0
cebik-w4rnl/Basic-Intermediate-Tutorial-Models/Tutorial-2/ch-16/16-4a.nec,ok,ok,0.005224243737757206,0.005903906188905239,,0
cebik-w4rnl/Basic-Intermediate-Tutorial-Models/Tutorial-2/ch-16/16-5.nec,ok,ok,0.005363346077501774,0.005934598855674267,,0
cebik-w4rnl/Basic-Intermediate-Tutorial-Models/Tutorial-2/ch-16/16-5a.nec,ok,ok,0.005396160297095776,0.007351597771048546,,0
cebik-w4rnl/Basic-Intermediate-Tutorial-Models/Tutorial-2/ch-16/16-6.nec,ok,ok,0.005460100248456001,0.00624235812574625,,0
cebik-w4rnl/Basic-Intermediate-Tutorial-Models/Tutorial-2/ch-16/16-6a.nec,ok,ok,0.005343434400856495,0.0059598637744784355,,0
cebik-w4rnl/Basic-Intermediate-Tutorial-Models/Tutorial-2/ch-16/16-7.nec,ok,ok,0.01940699853003025,0.01571731362491846,,0
cebik-w4rnl/Basic-Intermediate-Tutorial-Models/Tutorial-2/ch-16/16-7a.nec,ok,ok,0.019527921453118324,0.01561413798481226,,0
cebik-w4rnl/Basic-Intermediate-Tutorial-Models/Tutorial-2/ch-16/16-7b.nec,ok,ok,0.01835705805569887,0.015321712009608746,,0
cebik-w4rnl/Basic-Intermediate-Tutorial-Models/Tutorial-2/ch-16/16-8.nec,ok,ok,0.005630257539451122,0.006187719292938709,,0
cebik-w4rnl/Basic-Intermediate-Tutorial-Models/Tutorial-2/ch-16/16-8a.nec,ok,ok,0.005446469411253929,0.0060020145028829575,,0
cebik-w4rnl/Basic-Intermediate-Tutorial-Models/Tutorial-2/ch-16/16-8b.nec,ok,ok,0.005291015841066837,0.005966792814433575,,0
cebik-w4rnl/Basic-Intermediate-Tutorial-Models/Tutorial-2/ch-16/16-8c.nec,ok,ok,0.005492405965924263,0.006084410473704338,,0
cebik-w4rnl/Basic-Intermediate-Tutorial-Models/Tutorial-2/ch-16/16-8d.nec,ok,ok,0.005360797978937626,0.0059634847566485405,,0
cebik-w4rnl/Basic-Intermediate-Tutorial-Models/Tutorial-2/ch-16/16-9.nec,ok,ok,0.005468979477882385,0.005927784368395805,,0
cebik-w4rnl/Basic-Intermediate-Tutorial-Models/Tutorial-2/ch-16/16-9a.nec,ok,ok,0.005383706651628017,0.005951332859694958,,0
cebik-w4rnl/Basic-Intermediate-Tutorial-Models/Tutorial-2/ch-16/16-9b.nec,ok,ok,0.005406736396253109,0.006176568567752838,,0
cebik-w4rnl/Basic-Intermediate-Tutorial-Models/Tutorial-2/ch-16/16-9c.nec,ok,ok,0.005460469052195549,0.005949243903160095,,0
cebik-w4rnl/Basic-Intermediate-Tutorial-Models/Tutorial-2/ch-16/16-9d.nec,ok,ok,0.005358781665563583,0.006149708293378353,,0
cebik-w4rnl/Basic-Intermediate-Tutorial-Models/Tutorial-2/ch-16/16-9e.nec,ok,ok,0.005273014307022095,0.00595635361969471,,0
cebik-w4rnl/Basic-Intermediate-Tutorial-Models/Tutorial-2/ch-16/16-9f.nec,ok,ok,0.005370543338358402,0.007137949578464031,,0
cebik-w4rnl/Basic-Intermediate-Tutorial-Models/Tutorial-2/ch-16/16-9g.nec,ok,ok,0.005398870445787907,0.006040820851922035,,0
cebik-w4rnl/Basic-Intermediate-Tutorial-Models/Tutorial-2/ch-16/16-9h.nec,ok,ok,0.005364961922168732,0.005874366499483585,,0
cebik-w4rnl/Basic-Intermediate-Tutorial-Models/Tutorial-2/ch-17/17-1.nec,ok,ok,0.006298724561929703,0.00710365641862154,,0
cebik-w4rnl/Basic-Intermediate-Tutorial-Models/Tutorial-2/ch-17/17-10-nec2.nec,ok,ok,0.044759269803762436,0.04913964495062828,,0
cebik-w4rnl/Basic-Intermediate-Tutorial-Models/Tutorial-2/ch-17/17-10-nec4.nec,ok,ok,0.032099044881761074,0.025276980362832546,,0
cebik-w4rnl/Basic-Intermediate-Tutorial-Models/Tutorial-2/ch-17/17-11-nec2.nec,ok,ok,0.04497693758457899,0.04933188855648041,,0
cebik-w4rnl/Basic-Intermediate-Tutorial-Models/Tutorial-2/ch-17/17-11-nec4.nec,ok,ok,0.03165831323713064,0.024583653546869755,,0
cebik-w4rnl/Basic-Intermediate-Tutorial-Models/Tutorial-2/ch-17/17-1a.nec,ok,ok,0.10283287335187197,0.06756608933210373,1.5220,1
cebik-w4rnl/Basic-Intermediate-Tutorial-Models/Tutorial-2/ch-17/17-2.nec,ok,ok,0.27977920789271593,0.2304328829050064,1.2141,1
cebik-w4rnl/Basic-Intermediate-Tutorial-Models/Tutorial-2/ch-17/17-2a.nec,ok,ok,0.1675475100055337,0.11870082467794418,1.4115,1
cebik-w4rnl/Basic-Intermediate-Tutorial-Models/Tutorial-2/ch-17/17-3.nec,ok,ok,0.10131356306374073,0.0650638323277235,1.5571,1
cebik-w4rnl/Basic-Intermediate-Tutorial-Models/Tutorial-2/ch-17/17-3a.nec,ok,ok,0.10206198878586292,0.06473552342504263,1.5766,1
cebik-w4rnl/Basic-Intermediate-Tutorial-Models/Tutorial-2/ch-17/17-4.nec,ok,ok,0.004925822839140892,0.005263306200504303,,0
cebik-w4rnl/Basic-Intermediate-Tutorial-Models/Tutorial-2/ch-17/17-5.nec,ok,ok,0.004970910027623177,0.005385182797908783,,0
cebik-w4rnl/Basic-Intermediate-Tutorial-Models/Tutorial-2/ch-18/18-1.nec,ok,ok,0.10078808292746544,0.06410527788102627,1.5722,1
cebik-w4rnl/Basic-Intermediate-Tutorial-Models/Tutorial-2/ch-18/18-10.nec,ok,ok,0.7131743002682924,0.34681694209575653,2.0563,1
cebik-w4rnl/Basic-Intermediate-Tutorial-Models/Tutorial-2/ch-18/18-11.nec,no-impedance,no-impedance,0.0032629230991005898,0.003335602581501007,,0
cebik-w4rnl/Basic-Intermediate-Tutorial-Models/Tutorial-2/ch-18/18-11a.nec,ok,ok,0.8746827356517315,0.5523524768650532,1.5836,1
cebik-w4rnl/Basic-Intermediate-Tutorial-Models/Tutorial-2/ch-18/18-11b.nec,ok,ok,0.8746671574190259,0.5525670163333416,1.5829,1
cebik-w4rnl/Basic-Intermediate-Tutorial-Models/Tutorial-2/ch-18/18-11c.nec,ok,ok,1.746777038089931,1.0996602810919285,1.5885,1
cebik-w4rnl/Basic-Intermediate-Tutorial-Models/Tutorial-2/ch-18/18-12-nec2.nec,ok,ok,0.0037215203046798706,0.0038958564400672913,,0
cebik-w4rnl/Basic-Intermediate-Tutorial-Models/Tutorial-2/ch-18/18-12-nec4.nec,ok,ok,0.004241742193698883,0.0037594959139823914,,0
cebik-w4rnl/Basic-Intermediate-Tutorial-Models/Tutorial-2/ch-18/18-13-nec4.nec,ok,ok,0.004387686029076576,0.003695639781653881,,0
cebik-w4rnl/Basic-Intermediate-Tutorial-Models/Tutorial-2/ch-18/18-14-nec4.nec,ok,ok,0.004939166828989983,0.00394786149263382,,0
cebik-w4rnl/Basic-Intermediate-Tutorial-Models/Tutorial-2/ch-18/18-2.nec,ok,ok,0.11531214322894812,0.06481443252414465,1.7791,1
cebik-w4rnl/Basic-Intermediate-Tutorial-Models/Tutorial-2/ch-18/18-3.nec,ok,ok,0.10147582925856113,0.06418450735509396,1.5810,1
cebik-w4rnl/Basic-Intermediate-Tutorial-Models/Tutorial-2/ch-18/18-4.nec,ok,ok,0.10065167397260666,0.06437546946108341,1.5635,1
cebik-w4rnl/Basic-Intermediate-Tutorial-Models/Tutorial-2/ch-18/18-5-nec4.nec,ok,ok,0.10057593882083893,0.06437880545854568,1.5623,1
cebik-w4rnl/Basic-Intermediate-Tutorial-Models/Tutorial-2/ch-18/18-6.nec,ok,ok,0.1004085075110197,0.06424707546830177,1.5628,1
cebik-w4rnl/Basic-Intermediate-Tutorial-Models/Tutorial-2/ch-18/18-7.nec,ok,ok,0.2842601891607046,0.14288492314517498,1.9894,1
cebik-w4rnl/Basic-Intermediate-Tutorial-Models/Tutorial-2/ch-18/18-8.nec,ok,ok,0.26039013359695673,0.13253839779645205,1.9646,1
cebik-w4rnl/Basic-Intermediate-Tutorial-Models/Tutorial-2/ch-18/18-9.nec,ok,ok,1.0659286323934793,0.47649085521698,2.2370,1
cebik-w4rnl/Basic-Intermediate-Tutorial-Models/Tutorial-2/ch-19/19-1.nec,ok,ok,0.005275830626487732,0.0057720160111784935,,0
cebik-w4rnl/Basic-Intermediate-Tutorial-Models/Tutorial-2/ch-19/19-10.nec,ok,ok,0.014999096281826496,0.01495218463242054,,0
cebik-w4rnl/Basic-Intermediate-Tutorial-Models/Tutorial-2/ch-19/19-10a.nec,ok,ok,0.7975714048370719,0.6523595908656716,1.2226,1
cebik-w4rnl/Basic-Intermediate-Tutorial-Models/Tutorial-2/ch-19/19-10b.nec,ok,ok,0.5539217432960868,0.4025625279173255,1.3760,1
cebik-w4rnl/Basic-Intermediate-Tutorial-Models/Tutorial-2/ch-19/19-11.nec,ok,ok,0.01013882551342249,0.00962249469012022,,0
cebik-w4rnl/Basic-Intermediate-Tutorial-Models/Tutorial-2/ch-19/19-11a.nec,ok,ok,0.010046898387372494,0.013117062859237194,,0
cebik-w4rnl/Basic-Intermediate-Tutorial-Models/Tutorial-2/ch-19/19-11b.nec,ok,ok,0.010046378709375858,0.009420727379620075,,0
cebik-w4rnl/Basic-Intermediate-Tutorial-Models/Tutorial-2/ch-19/19-11c.nec,ok,ok,0.14446881227195263,0.11995991598814726,1.2043,1
cebik-w4rnl/Basic-Intermediate-Tutorial-Models/Tutorial-2/ch-19/19-12.nec,ok-no-source,ok-no-source,0.010421905666589737,0.010166537947952747,,0
cebik-w4rnl/Basic-Intermediate-Tutorial-Models/Tutorial-2/ch-19/19-12a.nec,ok-no-source,ok-no-source,0.01048298366367817,0.010057044215500355,,0
cebik-w4rnl/Basic-Intermediate-Tutorial-Models/Tutorial-2/ch-19/19-12b.nec,ok-no-source,ok-no-source,0.015724495984613895,0.014318495988845825,,0
cebik-w4rnl/Basic-Intermediate-Tutorial-Models/Tutorial-2/ch-19/19-13.nec,ok-no-source,ok-no-source,0.01056170929223299,0.009998047724366188,,0
cebik-w4rnl/Basic-Intermediate-Tutorial-Models/Tutorial-2/ch-19/19-13a.nec,ok-no-source,ok-no-source,0.01058318093419075,0.009975387714803219,,0
cebik-w4rnl/Basic-Intermediate-Tutorial-Models/Tutorial-2/ch-19/19-14.nec,ok-no-source,ok-no-source,0.010601995512843132,0.010410274378955364,,0
cebik-w4rnl/Basic-Intermediate-Tutorial-Models/Tutorial-2/ch-19/19-15-nec4.nec,ok-no-source,ok-no-source,0.010482748039066792,0.010405654087662697,,0
cebik-w4rnl/Basic-Intermediate-Tutorial-Models/Tutorial-2/ch-19/19-15a-nec4.nec,ok-no-source,ok-no-source,0.010404626838862896,0.00997047871351242,,0
cebik-w4rnl/Basic-Intermediate-Tutorial-Models/Tutorial-2/ch-19/19-16.nec,ok-no-source,ok-no-source,1.0644683986902237,0.48939068149775267,,0
cebik-w4rnl/Basic-Intermediate-Tutorial-Models/Tutorial-2/ch-19/19-16a.nec,ok-no-source,ok-no-source,1.0662170825526118,0.5030026799067855,,0
cebik-w4rnl/Basic-Intermediate-Tutorial-Models/Tutorial-2/ch-19/19-16b.nec,ok-no-source,ok-no-source,1.0685563366860151,0.4838458886370063,,0
cebik-w4rnl/Basic-Intermediate-Tutorial-Models/Tutorial-2/ch-19/19-1a.nec,ok-no-source,ok-no-source,0.0033500585705041885,0.0036189816892147064,,0
cebik-w4rnl/Basic-Intermediate-Tutorial-Models/Tutorial-2/ch-19/19-2.nec,ok,ok,0.1013618903234601,0.06543194875121117,1.5491,1
cebik-w4rnl/Basic-Intermediate-Tutorial-Models/Tutorial-2/ch-19/19-2a.nec,ok-no-source,ok-no-source,0.10123541206121445,0.06367530208081007,,0
cebik-w4rnl/Basic-Intermediate-Tutorial-Models/Tutorial-2/ch-19/19-3.nec,ok,ok,0.005870511755347252,0.006408846937119961,,0
cebik-w4rnl/Basic-Intermediate-Tutorial-Models/Tutorial-2/ch-19/19-3a.nec,ok-no-source,ok-no-source,0.0035164523869752884,0.0038119321689009666,,0
cebik-w4rnl/Basic-Intermediate-Tutorial-Models/Tutorial-2/ch-19/19-4.nec,ok,ok,0.005332611501216888,0.005751879885792732,,0
cebik-w4rnl/Basic-Intermediate-Tutorial-Models/Tutorial-2/ch-19/19-4a.nec,ok-no-source,ok-no-source,0.0035013649612665176,0.0037428345531225204,,0
cebik-w4rnl/Basic-Intermediate-Tutorial-Models/Tutorial-2/ch-19/19-5a.nec,ok-no-source,ok-no-source,0.0031243348494172096,0.0033432915806770325,,0
cebik-w4rnl/Basic-Intermediate-Tutorial-Models/Tutorial-2/ch-19/19-5b.nec,ok-no-source,ok-no-source,0.003077372908592224,0.003307475708425045,,0
cebik-w4rnl/Basic-Intermediate-Tutorial-Models/Tutorial-2/ch-19/19-5c.nec,ok-no-source,ok-no-source,0.003123129718005657,0.0033575985580682755,,0
cebik-w4rnl/Basic-Intermediate-Tutorial-Models/Tutorial-2/ch-19/19-5d.nec,ok-no-source,ok-no-source,0.0030077416449785233,0.003394581377506256,,0
cebik-w4rnl/Basic-Intermediate-Tutorial-Models/Tutorial-2/ch-19/19-5e.nec,ok-no-source,ok-no-source,0.003077760338783264,0.003244149498641491,,0
cebik-w4rnl/Basic-Intermediate-Tutorial-Models/Tutorial-2/ch-19/19-6a.nec,ok-no-source,ok-no-source,0.09981376864016056,0.06441622972488403,,0
cebik-w4rnl/Basic-Intermediate-Tutorial-Models/Tutorial-2/ch-19/19-6b.nec,ok-no-source,ok-no-source,0.09997936151921749,0.06396631337702274,,0
cebik-w4rnl/Basic-Intermediate-Tutorial-Models/Tutorial-2/ch-19/19-6c.nec,ok-no-source,ok-no-source,0.09998498857021332,0.06396200507879257,,0
cebik-w4rnl/Basic-Intermediate-Tutorial-Models/Tutorial-2/ch-19/19-6d.nec,ok-no-source,ok-no-source,0.10014705639332533,0.06399448961019516,,0
cebik-w4rnl/Basic-Intermediate-Tutorial-Models/Tutorial-2/ch-19/19-6e.nec,ok-no-source,ok-no-source,0.10004297085106373,0.06385964993387461,,0
cebik-w4rnl/Basic-Intermediate-Tutorial-Models/Tutorial-2/ch-19/19-7-nec2.nec,ok,ok,0.03856045659631491,0.042023646645247936,,0
cebik-w4rnl/Basic-Intermediate-Tutorial-Models/Tutorial-2/ch-19/19-7a-nec2.nec,ok-no-source,ok-no-source,0.011977056972682476,0.013138729147613049,,0
cebik-w4rnl/Basic-Intermediate-Tutorial-Models/Tutorial-2/ch-19/19-7b-nec2.nec,ok-no-source,ok-no-source,0.012014873325824738,0.01347198523581028,,0
cebik-w4rnl/Basic-Intermediate-Tutorial-Models/Tutorial-2/ch-19/19-8-nec2.nec,ok,ok,0.0377133609727025,0.04171470366418362,,0
cebik-w4rnl/Basic-Intermediate-Tutorial-Models/Tutorial-2/ch-19/19-8a-nec2.nec,ok-no-source,ok-no-source,0.02549761813133955,0.014149649068713188,,0
cebik-w4rnl/Basic-Intermediate-Tutorial-Models/Tutorial-2/ch-19/19-8b-nec2.nec,ok-no-source,ok-no-source,0.013159012421965599,0.014846422709524632,,0
cebik-w4rnl/Basic-Intermediate-Tutorial-Models/Tutorial-2/ch-19/19-9b-nec.nec,ok-no-source,ok-no-source,0.012018860317766666,0.01302840281277895,,0
cebik-w4rnl/Basic-Intermediate-Tutorial-Models/Tutorial-2/ch-19/19-9c-nec2.nec,ok-no-source,ok-no-source,0.012061038054525852,0.0134224658831954,,0
cebik-w4rnl/Basic-Intermediate-Tutorial-Models/Tutorial-2/ch-19/19-9d-nec2.nec,ok-no-source,ok-no-source,0.01197214424610138,0.012993217445909977,,0
cebik-w4rnl/Basic-Intermediate-Tutorial-Models/Tutorial-2/ch-19/19-9e-nec2.nec,ok-no-source,ok-no-source,0.011881531216204166,0.013022735714912415,,0
cebik-w4rnl/Basic-Intermediate-Tutorial-Models/Tutorial-2/ch-2/2-0.nec,ok,ok,0.005771772004663944,0.006356784142553806,,0
cebik-w4rnl/Basic-Intermediate-Tutorial-Models/Tutorial-2/ch-2/2-1.nec,ok,ok,0.006824451498687267,0.007051374763250351,,0
cebik-w4rnl/Basic-Intermediate-Tutorial-Models/Tutorial-2/ch-2/2-1a.nec,ok,ok,0.00681455060839653,0.007184914313256741,,0
cebik-w4rnl/Basic-Intermediate-Tutorial-Models/Tutorial-2/ch-2/2-1b.nec,ok,ok,0.006870848126709461,0.007342285476624966,,0
cebik-w4rnl/Basic-Intermediate-Tutorial-Models/Tutorial-2/ch-2/2-1c.nec,ok,ok,0.006780239753425121,0.007317221723496914,,0
cebik-w4rnl/Basic-Intermediate-Tutorial-Models/Tutorial-2/ch-2/2-2.nec,ok,ok,0.004944998770952225,0.005596836097538471,,0
cebik-w4rnl/Basic-Intermediate-Tutorial-Models/Tutorial-2/ch-2/2-2a.nec,ok,ok,0.005025425925850868,0.005538926459848881,,0
cebik-w4rnl/Basic-Intermediate-Tutorial-Models/Tutorial-2/ch-2/2-2b.nec,ok,ok,0.004999835044145584,0.005493017844855785,,0
cebik-w4rnl/Basic-Intermediate-Tutorial-Models/Tutorial-2/ch-2/2-2c.nec,ok,ok,0.004882031120359898,0.005488424561917782,,0
cebik-w4rnl/Basic-Intermediate-Tutorial-Models/Tutorial-2/ch-2/2-2d.nec,error,error,0.0029343366622924805,0.003035135567188263,,0
cebik-w4rnl/Basic-Intermediate-Tutorial-Models/Tutorial-2/ch-2/2-3.nec,ok,ok,0.005321025848388672,0.006001646630465984,,0
cebik-w4rnl/Basic-Intermediate-Tutorial-Models/Tutorial-2/ch-2/2-3a.nec,ok,ok,0.005387205630540848,0.006116953678429127,,0
cebik-w4rnl/Basic-Intermediate-Tutorial-Models/Tutorial-2/ch-2/2-4.nec,ok,ok,0.006556594744324684,0.007531693205237389,,0
cebik-w4rnl/Basic-Intermediate-Tutorial-Models/Tutorial-2/ch-2/2-4a-nec2.nec,ok,ok,0.006495616398751736,0.0073231291025877,,0
cebik-w4rnl/Basic-Intermediate-Tutorial-Models/Tutorial-2/ch-2/2-4a-nec4.nec,ok,ok,0.006450972519814968,0.007061010226607323,,0
cebik-w4rnl/Basic-Intermediate-Tutorial-Models/Tutorial-2/ch-2/2-5.nec,ok,ok,0.059826008044183254,0.05820800922811031,1.0278,1
cebik-w4rnl/Basic-Intermediate-Tutorial-Models/Tutorial-2/ch-2/2-5a-nec2.nec,ok,ok,0.057196821086108685,0.054629855789244175,1.0470,1
cebik-w4rnl/Basic-Intermediate-Tutorial-Models/Tutorial-2/ch-2/2-5a-nec4.nec,ok,ok,0.05732950661331415,0.05457474570721388,1.0505,1
cebik-w4rnl/Basic-Intermediate-Tutorial-Models/Tutorial-2/ch-2/2-5b-nec2.nec,ok,ok,0.05740628018975258,0.055601174011826515,1.0325,1
cebik-w4rnl/Basic-Intermediate-Tutorial-Models/Tutorial-2/ch-2/2-5b-nec4.nec,ok,ok,0.05750932823866606,0.05569254606962204,1.0326,1
cebik-w4rnl/Basic-Intermediate-Tutorial-Models/Tutorial-2/ch-2/2-6-nec2.nec,ok,ok,0.04536803811788559,0.021739746443927288,,0
cebik-w4rnl/Basic-Intermediate-Tutorial-Models/Tutorial-2/ch-2/2-6-nec4.nec,ok,ok,0.024314580485224724,0.0214290926232934,,0
cebik-w4rnl/Basic-Intermediate-Tutorial-Models/Tutorial-2/ch-2/2-6a-nec2.nec,ok,ok,0.024179031141102314,0.021275614388287067,,0
cebik-w4rnl/Basic-Intermediate-Tutorial-Models/Tutorial-2/ch-2/2-6a-nec4.nec,ok,ok,0.024336359463632107,0.021254336461424828,,0
cebik-w4rnl/Basic-Intermediate-Tutorial-Models/Tutorial-2/ch-2/2-7.nec,ok,ok,0.004989607259631157,0.0053654201328754425,,0
cebik-w4rnl/Basic-Intermediate-Tutorial-Models/Tutorial-2/ch-2/2-7a.nec,ok,ok,0.004905586130917072,0.005173787474632263,,0
cebik-w4rnl/Basic-Intermediate-Tutorial-Models/Tutorial-2/ch-2/2-7b.nec,ok,ok,0.005590961314737797,0.006060643121600151,,0
cebik-w4rnl/Basic-Intermediate-Tutorial-Models/Tutorial-2/ch-20/20-1-nec2.nec,ok,ok,0.004947620443999767,0.005491442047059536,,0
cebik-w4rnl/Basic-Intermediate-Tutorial-Models/Tutorial-2/ch-20/20-10.nec,ok,ok,0.004997190088033676,0.005803554318845272,,0
cebik-w4rnl/Basic-Intermediate-Tutorial-Models/Tutorial-2/ch-20/20-10a.nec,ok,ok,0.005177892744541168,0.005652866326272488,,0
cebik-w4rnl/Basic-Intermediate-Tutorial-Models/Tutorial-2/ch-20/20-11.nec,ok,ok,0.005034085363149643,0.005751034244894981,,0
cebik-w4rnl/Basic-Intermediate-Tutorial-Models/Tutorial-2/ch-20/20-11a.nec,ok,ok,0.005106629803776741,0.005945437587797642,,0
cebik-w4rnl/Basic-Intermediate-Tutorial-Models/Tutorial-2/ch-20/20-12.nec,ok,ok,0.004993828013539314,0.005531863309442997,,0
cebik-w4rnl/Basic-Intermediate-Tutorial-Models/Tutorial-2/ch-20/20-13.nec,ok,ok,0.0033979658037424088,0.0036129001528024673,,0
cebik-w4rnl/Basic-Intermediate-Tutorial-Models/Tutorial-2/ch-20/20-14.nec,ok,ok,0.29999512806534767,0.19650786835700274,1.5266,1
cebik-w4rnl/Basic-Intermediate-Tutorial-Models/Tutorial-2/ch-20/20-15.nec,ok,ok,0.0892895134165883,0.05857397709041834,1.5244,1
cebik-w4rnl/Basic-Intermediate-Tutorial-Models/Tutorial-2/ch-20/20-15a.nec,ok,ok,0.09068850800395012,0.06002252083271742,1.5109,1
cebik-w4rnl/Basic-Intermediate-Tutorial-Models/Tutorial-2/ch-20/20-15b.nec,ok,ok,0.28535561077296734,0.17852464877068996,1.5984,1
cebik-w4rnl/Basic-Intermediate-Tutorial-Models/Tutorial-2/ch-20/20-2a-nec2.nec,ok,ok,0.005042453296482563,0.005516872741281986,,0
cebik-w4rnl/Basic-Intermediate-Tutorial-Models/Tutorial-2/ch-20/20-2b-nec2.nec,ok,ok,0.004908183589577675,0.0056044720113277435,,0
cebik-w4rnl/Basic-Intermediate-Tutorial-Models/Tutorial-2/ch-20/20-2c-nec2.nec,ok,ok,0.00493527390062809,0.005432503297924995,,0
cebik-w4rnl/Basic-Intermediate-Tutorial-Models/Tutorial-2/ch-20/20-2d-nec2.nec,ok,ok,0.004857915453612804,0.005525202490389347,,0
cebik-w4rnl/Basic-Intermediate-Tutorial-Models/Tutorial-2/ch-20/20-2e-nec2.nec,ok,ok,0.004968923516571522,0.005469111725687981,,0
cebik-w4rnl/Basic-Intermediate-Tutorial-Models/Tutorial-2/ch-20/20-2f-nec2.nec,ok,ok,0.004947853274643421,0.005407641641795635,,0
cebik-w4rnl/Basic-Intermediate-Tutorial-Models/Tutorial-2/ch-20/20-2g-nec.nec,ok,ok,0.004796790890395641,0.0054689450189471245,,0
cebik-w4rnl/Basic-Intermediate-Tutorial-Models/Tutorial-2/ch-20/20-3a.nec,ok,ok,0.0047818636521697044,0.00530107319355011,,0
cebik-w4rnl/Basic-Intermediate-Tutorial-Models/Tutorial-2/ch-20/20-3b.nec,ok,ok,0.004927881062030792,0.005474230274558067,,0
cebik-w4rnl/Basic-Intermediate-Tutorial-Models/Tutorial-2/ch-20/20-3c.nec,ok,ok,0.004906283691525459,0.005709300749003887,,0
cebik-w4rnl/Basic-Intermediate-Tutorial-Models/Tutorial-2/ch-20/20-3d.nec,ok,ok,0.004945269785821438,0.005499769933521748,,0
cebik-w4rnl/Basic-Intermediate-Tutorial-Models/Tutorial-2/ch-20/20-3e.nec,ok,ok,0.00476717296987772,0.005644148215651512,,0
cebik-w4rnl/Basic-Intermediate-Tutorial-Models/Tutorial-2/ch-20/20-3f.nec,ok,ok,0.004922821186482906,0.0055288393050432205,,0
cebik-w4rnl/Basic-Intermediate-Tutorial-Models/Tutorial-2/ch-20/20-3g.nec,ok,ok,0.004955270327627659,0.005478487350046635,,0
cebik-w4rnl/Basic-Intermediate-Tutorial-Models/Tutorial-2/ch-20/20-4a-nec2.nec,ok,ok,0.005152234807610512,0.005613299086689949,,0
cebik-w4rnl/Basic-Intermediate-Tutorial-Models/Tutorial-2/ch-20/20-4b-nec2.nec,ok,ok,0.00517064705491066,0.005552753806114197,,0
cebik-w4rnl/Basic-Intermediate-Tutorial-Models/Tutorial-2/ch-20/20-4c-nec2.nec,ok,ok,0.005160017870366573,0.005842912942171097,,0
cebik-w4rnl/Basic-Intermediate-Tutorial-Models/Tutorial-2/ch-20/20-4d-nec2.nec,ok,ok,0.005119125358760357,0.005541020072996616,,0
cebik-w4rnl/Basic-Intermediate-Tutorial-Models/Tutorial-2/ch-20/20-4e-nec2.nec,ok,ok,0.005158216692507267,0.005536683835089207,,0
cebik-w4rnl/Basic-Intermediate-Tutorial-Models/Tutorial-2/ch-20/20-4f-nec2.nec,ok,ok,0.005105307325720787,0.005615749396383762,,0
cebik-w4rnl/Basic-Intermediate-Tutorial-Models/Tutorial-2/ch-20/20-4g-nec2.nec,ok,ok,0.005121181719005108,0.005684422329068184,,0
cebik-w4rnl/Basic-Intermediate-Tutorial-Models/Tutorial-2/ch-20/20-5a.nec,ok,ok,0.005149572156369686,0.005555955693125725,,0
cebik-w4rnl/Basic-Intermediate-Tutorial-Models/Tutorial-2/ch-20/20-5b.nec,ok,ok,0.005129682831466198,0.005533546209335327,,0
cebik-w4rnl/Basic-Intermediate-Tutorial-Models/Tutorial-2/ch-20/20-5c.nec,ok,ok,0.005115950480103493,0.00826845783740282,,0
cebik-w4rnl/Basic-Intermediate-Tutorial-Models/Tutorial-2/ch-20/20-5d.nec,ok,ok,0.0051725441589951515,0.008357464335858822,,0
cebik-w4rnl/Basic-Intermediate-Tutorial-Models/Tutorial-2/ch-20/20-5e.nec,ok,ok,0.005207839421927929,0.005685802549123764,,0
cebik-w4rnl/Basic-Intermediate-Tutorial-Models/Tutorial-2/ch-20/20-5f.nec,ok,ok,0.005233775824308395,0.005570221692323685,,0
cebik-w4rnl/Basic-Intermediate-Tutorial-Models/Tutorial-2/ch-20/20-5g.nec,ok,ok,0.005077770911157131,0.005577104166150093,,0
cebik-w4rnl/Basic-Intermediate-Tutorial-Models/Tutorial-2/ch-20/20-6.nec,ok,ok,0.0054293544963002205,0.0060457494109869,,0
cebik-w4rnl/Basic-Intermediate-Tutorial-Models/Tutorial-2/ch-20/20-6a.nec,ok,ok,0.005321985110640526,0.00635129027068615,,0
cebik-w4rnl/Basic-Intermediate-Tutorial-Models/Tutorial-2/ch-20/20-6b.nec,ok,ok,0.0054398393258452415,0.0060431258752942085,,0
cebik-w4rnl/Basic-Intermediate-Tutorial-Models/Tutorial-2/ch-20/20-7.nec,ok,ok,0.003266032785177231,0.003392520360648632,,0
cebik-w4rnl/Basic-Intermediate-Tutorial-Models/Tutorial-2/ch-20/20-8-nec2.nec,ok,ok,0.0034638121724128723,0.003689943812787533,,0
cebik-w4rnl/Basic-Intermediate-Tutorial-Models/Tutorial-2/ch-20/20-8-nec4.nec,ok-no-source,ok-no-source,0.0032149627804756165,0.0033801160752773285,,0
cebik-w4rnl/Basic-Intermediate-Tutorial-Models/Tutorial-2/ch-20/20-9-nec2.nec,ok,ok,0.03255992755293846,0.022651229985058308,,0
cebik-w4rnl/Basic-Intermediate-Tutorial-Models/Tutorial-2/ch-20/20-9-nec4.nec,ok-no-source,ok-no-source,0.029432940296828747,0.019167691469192505,,0
cebik-w4rnl/Basic-Intermediate-Tutorial-Models/Tutorial-2/ch-21/21-1.nec,ok,ok,0.007522097788751125,0.008469579741358757,,0
cebik-w4rnl/Basic-Intermediate-Tutorial-Models/Tutorial-2/ch-21/21-10.nec,ok,ok,0.022331837564706802,0.021330623887479305,,0
cebik-w4rnl/Basic-Intermediate-Tutorial-Models/Tutorial-2/ch-21/21-11.nec,ok,ok,0.12922176253050566,0.11329464055597782,1.1406,1
cebik-w4rnl/Basic-Intermediate-Tutorial-Models/Tutorial-2/ch-21/21-12a.nec,ok,ok,0.007850483059883118,0.008463319391012192,,0
cebik-w4rnl/Basic-Intermediate-Tutorial-Models/Tutorial-2/ch-21/21-12b.nec,ok,ok,0.008068599738180637,0.008292639628052711,,0
cebik-w4rnl/Basic-Intermediate-Tutorial-Models/Tutorial-2/ch-21/21-12c.nec,ok,ok,0.007621116936206818,0.008334014564752579,,0
cebik-w4rnl/Basic-Intermediate-Tutorial-Models/Tutorial-2/ch-21/21-13.nec,ok,ok,0.019428059458732605,0.01779563259333372,,0
cebik-w4rnl/Basic-Intermediate-Tutorial-Models/Tutorial-2/ch-21/21-14.nec,ok,ok,0.01571701094508171,0.015054117888212204,,0
cebik-w4rnl/Basic-Intermediate-Tutorial-Models/Tutorial-2/ch-21/21-15.nec,ok,ok,0.01556349080055952,0.015589118003845215,,0
cebik-w4rnl/Basic-Intermediate-Tutorial-Models/Tutorial-2/ch-21/21-2.nec,ok,ok,0.007943334989249706,0.008382267318665981,,0
cebik-w4rnl/Basic-Intermediate-Tutorial-Models/Tutorial-2/ch-21/21-3.nec,ok,ok,0.00772359874099493,0.008418215438723564,,0
cebik-w4rnl/Basic-Intermediate-Tutorial-Models/Tutorial-2/ch-21/21-4.nec,ok,ok,0.007608930580317974,0.008397014811635017,,0
cebik-w4rnl/Basic-Intermediate-Tutorial-Models/Tutorial-2/ch-21/21-5.nec,ok,ok,0.017831208184361458,0.01786511205136776,,0
cebik-w4rnl/Basic-Intermediate-Tutorial-Models/Tutorial-2/ch-21/21-6.nec,ok,ok,0.07314751110970974,0.05248537287116051,1.3937,1
cebik-w4rnl/Basic-Intermediate-Tutorial-Models/Tutorial-2/ch-21/21-7.nec,ok,ok,0.018048430792987347,0.01790325902402401,,0
cebik-w4rnl/Basic-Intermediate-Tutorial-Models/Tutorial-2/ch-21/21-8.nec,ok,ok,0.0071976445615291595,0.008427525870501995,,0
cebik-w4rnl/Basic-Intermediate-Tutorial-Models/Tutorial-2/ch-21/21-9.nec,ok,ok,0.02218144480139017,0.026116803288459778,,0
cebik-w4rnl/Basic-Intermediate-Tutorial-Models/Tutorial-2/ch-3/3-0.nec,ok,ok,0.005433437414467335,0.0061088744550943375,,0
cebik-w4rnl/Basic-Intermediate-Tutorial-Models/Tutorial-2/ch-3/3-1.nec,ok,ok,0.006579331122338772,0.0070433951914310455,,0
cebik-w4rnl/Basic-Intermediate-Tutorial-Models/Tutorial-2/ch-3/3-1a-nec2.nec,ok,ok,0.005182700231671333,0.0058525968343019485,,0
cebik-w4rnl/Basic-Intermediate-Tutorial-Models/Tutorial-2/ch-3/3-1a-nec4.nec,ok,ok,0.005338645540177822,0.0063215624541044235,,0
cebik-w4rnl/Basic-Intermediate-Tutorial-Models/Tutorial-2/ch-3/3-1b-nec4.nec,ok,ok,0.0053135110065341,0.005923059768974781,,0
cebik-w4rnl/Basic-Intermediate-Tutorial-Models/Tutorial-2/ch-3/3-1c-nec4.nec,ok,ok,0.005356654524803162,0.005851120688021183,,0
cebik-w4rnl/Basic-Intermediate-Tutorial-Models/Tutorial-2/ch-3/3-1d-nec4.nec,ok,ok,0.005195821635425091,0.00587602611631155,,0
cebik-w4rnl/Basic-Intermediate-Tutorial-Models/Tutorial-2/ch-3/3-2.nec,ok,ok,0.37003475707024336,0.2504113959148526,1.4777,1
cebik-w4rnl/Basic-Intermediate-Tutorial-Models/Tutorial-2/ch-3/3-2a-nec4.nec,ok,ok,0.37402476370334625,0.2522800611332059,1.4826,1
cebik-w4rnl/Basic-Intermediate-Tutorial-Models/Tutorial-2/ch-3/3-2b-nec4.nec,ok,ok,0.37309533916413784,0.25214414950460196,1.4797,1
cebik-w4rnl/Basic-Intermediate-Tutorial-Models/Tutorial-2/ch-3/3-3.nec,ok,ok,0.005126524716615677,0.0056193675845861435,,0
cebik-w4rnl/Basic-Intermediate-Tutorial-Models/Tutorial-2/ch-3/3-3a.nec,ok,ok,0.004849414341151714,0.005370140075683594,,0
cebik-w4rnl/Basic-Intermediate-Tutorial-Models/Tutorial-2/ch-3/3-3b.nec,ok,ok,0.004781181924045086,0.005326190963387489,,0
cebik-w4rnl/Basic-Intermediate-Tutorial-Models/Tutorial-2/ch-3/3-3c.nec,ok,ok,0.004676315002143383,0.00546947680413723,,0
cebik-w4rnl/Basic-Intermediate-Tutorial-Models/Tutorial-2/ch-3/3-4.nec,ok,ok,0.02096310816705227,0.01974265556782484,,0
cebik-w4rnl/Basic-Intermediate-Tutorial-Models/Tutorial-2/ch-3/3-4a.nec,ok,ok,0.015056654810905457,0.014617716893553734,,0
cebik-w4rnl/Basic-Intermediate-Tutorial-Models/Tutorial-2/ch-3/3-5.nec,ok,ok,0.034584746696054935,0.027833567932248116,,0
cebik-w4rnl/Basic-Intermediate-Tutorial-Models/Tutorial-2/ch-3/3-5a.nec,ok,ok,0.015102604404091835,0.014633111655712128,,0
cebik-w4rnl/Basic-Intermediate-Tutorial-Models/Tutorial-2/ch-3/3-6.nec,ok,ok,0.005096062086522579,0.005597124807536602,,0
cebik-w4rnl/Basic-Intermediate-Tutorial-Models/Tutorial-2/ch-3/3-6a.nec,ok,ok,0.004952296614646912,0.005405782721936703,,0
cebik-w4rnl/Basic-Intermediate-Tutorial-Models/Tutorial-2/ch-3/3-6b.nec,ok,ok,0.004930160008370876,0.00549405999481678,,0
cebik-w4rnl/Basic-Intermediate-Tutorial-Models/Tutorial-2/ch-3/3-6c.nec,ok,ok,0.004942678846418858,0.005617834627628326,,0
cebik-w4rnl/Basic-Intermediate-Tutorial-Models/Tutorial-2/ch-3/3-7.nec,ok,ok,0.0049340249970555305,0.005699293687939644,,0
cebik-w4rnl/Basic-Intermediate-Tutorial-Models/Tutorial-2/ch-3/3-7a.nec,ok,ok,0.0049381013959646225,0.005779679864645004,,0
cebik-w4rnl/Basic-Intermediate-Tutorial-Models/Tutorial-2/ch-3/3-7b.nec,ok,ok,0.007752422243356705,0.008795595727860928,,0
cebik-w4rnl/Basic-Intermediate-Tutorial-Models/Tutorial-2/ch-3/3-8.nec,ok,ok,0.009306218475103378,0.009827856905758381,,0
cebik-w4rnl/Basic-Intermediate-Tutorial-Models/Tutorial-2/ch-3/3-8a.nec,ok,ok,0.006937573663890362,0.007719371467828751,,0
cebik-w4rnl/Basic-Intermediate-Tutorial-Models/Tutorial-2/ch-3/3-9.nec,ok,ok,0.021318106912076473,0.018970267847180367,,0
cebik-w4rnl/Basic-Intermediate-Tutorial-Models/Tutorial-2/ch-3/3-9a.nec,ok,ok,0.01946695987135172,0.017592528834939003,,0
cebik-w4rnl/Basic-Intermediate-Tutorial-Models/Tutorial-2/ch-4/4-1-nec2.nec,ok,ok,0.022251468151807785,0.022404750809073448,,0
cebik-w4rnl/Basic-Intermediate-Tutorial-Models/Tutorial-2/ch-4/4-1.nec,ok,ok,0.021249440498650074,0.02130880020558834,,0
cebik-w4rnl/Basic-Intermediate-Tutorial-Models/Tutorial-2/ch-4/4-1a.nec,ok,ok,0.021361172199249268,0.021448327228426933,,0
cebik-w4rnl/Basic-Intermediate-Tutorial-Models/Tutorial-2/ch-4/4-1b.nec,ok,ok,0.02131523098796606,0.021537804044783115,,0
cebik-w4rnl/Basic-Intermediate-Tutorial-Models/Tutorial-2/ch-4/4-1c.nec,ok,ok,0.021638899110257626,0.021782035939395428,,0
cebik-w4rnl/Basic-Intermediate-Tutorial-Models/Tutorial-2/ch-4/4-2a.nec,ok,ok,0.02155063208192587,0.0227074371650815,,0
cebik-w4rnl/Basic-Intermediate-Tutorial-Models/Tutorial-2/ch-4/4-2b.nec,ok,ok,0.021552804857492447,0.02193543314933777,,0
cebik-w4rnl/Basic-Intermediate-Tutorial-Models/Tutorial-2/ch-4/4-3a.nec,ok,ok,0.03849896416068077,0.04210883006453514,,0
cebik-w4rnl/Basic-Intermediate-Tutorial-Models/Tutorial-2/ch-4/4-3b.nec,ok,ok,0.015864345245063305,0.01695464737713337,,0
cebik-w4rnl/Basic-Intermediate-Tutorial-Models/Tutorial-2/ch-4/4-3c.nec,ok,ok,0.016367673873901367,0.017418148927390575,,0
cebik-w4rnl/Basic-Intermediate-Tutorial-Models/Tutorial-2/ch-4/4-4.nec,ok,ok,0.22949927113950253,0.1457533137872815,1.5746,1
cebik-w4rnl/Basic-Intermediate-Tutorial-Models/Tutorial-2/ch-4/4-4a.nec,ok,ok,0.23239381983876228,0.14479845017194748,1.6049,1
cebik-w4rnl/Basic-Intermediate-Tutorial-Models/Tutorial-2/ch-4/4-5.nec,ok,ok,0.023707950487732887,0.02381131239235401,,0
cebik-w4rnl/Basic-Intermediate-Tutorial-Models/Tutorial-2/ch-4/4-5a.nec,ok,ok,0.02924967370927334,0.03261514939367771,,0
cebik-w4rnl/Basic-Intermediate-Tutorial-Models/Tutorial-2/ch-4/4-5b.nec,ok,ok,0.03430283069610596,0.035934342071413994,,0
cebik-w4rnl/Basic-Intermediate-Tutorial-Models/Tutorial-2/ch-4/4-5c.nec,ok,ok,0.03407398145645857,0.03624126594513655,,0
cebik-w4rnl/Basic-Intermediate-Tutorial-Models/Tutorial-2/ch-4/4-6.nec,ok,ok,0.019789467565715313,0.01809509564191103,,0
cebik-w4rnl/Basic-Intermediate-Tutorial-Models/Tutorial-2/ch-4/4-6a.nec,ok,ok,0.019699009135365486,0.018415294587612152,,0
cebik-w4rnl/Basic-Intermediate-Tutorial-Models/Tutorial-2/ch-4/4-7.nec,ok,ok,0.0319252535700798,0.024335723370313644,,0
cebik-w4rnl/Basic-Intermediate-Tutorial-Models/Tutorial-2/ch-4/4-7a.nec,ok,ok,0.01453248132020235,0.013721455819904804,,0
cebik-w4rnl/Basic-Intermediate-Tutorial-Models/Tutorial-2/ch-4/4-8.nec,ok,ok,0.23296743724495173,0.1463660579174757,1.5917,1
cebik-w4rnl/Basic-Intermediate-Tutorial-Models/Tutorial-2/ch-4/4-9.nec,ok,ok,0.03965814225375652,0.035872637294232845,,0
cebik-w4rnl/Basic-Intermediate-Tutorial-Models/Tutorial-2/ch-4/4-9a.nec,ok,ok,0.039385165087878704,0.03612132370471954,,0
cebik-w4rnl/Basic-Intermediate-Tutorial-Models/Tutorial-2/ch-5/5-1.nec,ok,ok,0.006468558683991432,0.00680101104080677,,0
cebik-w4rnl/Basic-Intermediate-Tutorial-Models/Tutorial-2/ch-5/5-10.nec,ok,ok,0.6851229155436158,0.44471100997179747,1.5406,1
cebik-w4rnl/Basic-Intermediate-Tutorial-Models/Tutorial-2/ch-5/5-10a.nec,ok,ok,0.4173548212274909,0.2718415902927518,1.5353,1
cebik-w4rnl/Basic-Intermediate-Tutorial-Models/Tutorial-2/ch-5/5-1a.nec,ok,ok,0.006483231671154499,0.0068751974031329155,,0
cebik-w4rnl/Basic-Intermediate-Tutorial-Models/Tutorial-2/ch-5/5-1b.nec,ok,ok,0.005722702480852604,0.006485557183623314,,0
cebik-w4rnl/Basic-Intermediate-Tutorial-Models/Tutorial-2/ch-5/5-2a.nec,ok,ok,0.006418573670089245,0.007076672278344631,,0
cebik-w4rnl/Basic-Intermediate-Tutorial-Models/Tutorial-2/ch-5/5-2b.nec,ok,ok,0.006395268253982067,0.00735769048333168,,0
cebik-w4rnl/Basic-Intermediate-Tutorial-Models/Tutorial-2/ch-5/5-3.nec,ok,ok,0.006204900331795216,0.0071001192554831505,,0
cebik-w4rnl/Basic-Intermediate-Tutorial-Models/Tutorial-2/ch-5/5-3a.nec,ok,ok,0.010636888444423676,0.006393180228769779,,0
cebik-w4rnl/Basic-Intermediate-Tutorial-Models/Tutorial-2/ch-5/5-3b.nec,ok,ok,0.005950499325990677,0.006483443081378937,,0
cebik-w4rnl/Basic-Intermediate-Tutorial-Models/Tutorial-2/ch-5/5-4.nec,ok,ok,0.004986625164747238,0.005505436100065708,,0
cebik-w4rnl/Basic-Intermediate-Tutorial-Models/Tutorial-2/ch-5/5-4a.nec,ok,ok,0.005223357118666172,0.00606291089206934,,0
cebik-w4rnl/Basic-Intermediate-Tutorial-Models/Tutorial-2/ch-5/5-5.nec,ok,ok,0.009521153755486012,0.009923136793076992,,0
cebik-w4rnl/Basic-Intermediate-Tutorial-Models/Tutorial-2/ch-5/5-5a.nec,ok,ok,0.014435010962188244,0.014750399626791477,,0
cebik-w4rnl/Basic-Intermediate-Tutorial-Models/Tutorial-2/ch-5/5-6.nec,ok,ok,0.005436541512608528,0.006019602529704571,,0
cebik-w4rnl/Basic-Intermediate-Tutorial-Models/Tutorial-2/ch-5/5-6a.nec,ok,ok,0.006225074641406536,0.006814461201429367,,0
cebik-w4rnl/Basic-Intermediate-Tutorial-Models/Tutorial-2/ch-5/5-6b.nec,ok,ok,0.0065169064328074455,0.0069612544029951096,,0
cebik-w4rnl/Basic-Intermediate-Tutorial-Models/Tutorial-2/ch-5/5-7.nec,ok,ok,0.015108932740986347,0.014866580255329609,,0
cebik-w4rnl/Basic-Intermediate-Tutorial-Models/Tutorial-2/ch-5/5-7a.nec,ok,ok,0.10237923450767994,0.06972220819443464,1.4684,1
cebik-w4rnl/Basic-Intermediate-Tutorial-Models/Tutorial-2/ch-5/5-7b.nec,ok,ok,0.1022943640127778,0.06897742580622435,1.4830,1
cebik-w4rnl/Basic-Intermediate-Tutorial-Models/Tutorial-2/ch-5/5-7c.nec,ok,ok,0.04461575113236904,0.040078205056488514,,0
cebik-w4rnl/Basic-Intermediate-Tutorial-Models/Tutorial-2/ch-5/5-7d.nec,ok,ok,0.04450189974159002,0.04036921542137861,,0
cebik-w4rnl/Basic-Intermediate-Tutorial-Models/Tutorial-2/ch-5/5-8.nec,ok,ok,5.993139708414674,2.746201751753688,2.1823,1
cebik-w4rnl/Basic-Intermediate-Tutorial-Models/Tutorial-2/ch-5/5-8a.nec,ok,ok,12.961597504094243,8.153817323036492,1.5896,1
cebik-w4rnl/Basic-Intermediate-Tutorial-Models/Tutorial-2/ch-5/5-8b.nec,ok,ok,1.4475908745080233,0.6482835225760937,2.2330,1
cebik-w4rnl/Basic-Intermediate-Tutorial-Models/Tutorial-2/ch-5/5-9.nec,ok,ok,0.007149575278162956,0.007804598659276962,,0
cebik-w4rnl/Basic-Intermediate-Tutorial-Models/Tutorial-2/ch-5/5-9a.nec,ok,ok,0.009452619589865208,0.010553902946412563,,0
cebik-w4rnl/Basic-Intermediate-Tutorial-Models/Tutorial-2/ch-5/5-9b.nec,ok,ok,0.0069637056440114975,0.007710358127951622,,0
cebik-w4rnl/Basic-Intermediate-Tutorial-Models/Tutorial-2/ch-5/5-9c-nec2.nec,error,error,0.0040530432015657425,0.004632510244846344,,0
cebik-w4rnl/Basic-Intermediate-Tutorial-Models/Tutorial-2/ch-5/5-9c-nec4.nec,error,error,0.003998039290308952,0.004426711238920689,,0
cebik-w4rnl/Basic-Intermediate-Tutorial-Models/Tutorial-2/ch-6/6-4.nec,ok-no-source,ok-no-source,0.04469613265246153,0.04460046626627445,,0
cebik-w4rnl/Basic-Intermediate-Tutorial-Models/Tutorial-2/ch-6/6-4a.nec,ok,ok,0.0655958829447627,0.061043109744787216,1.0746,1
cebik-w4rnl/Basic-Intermediate-Tutorial-Models/Tutorial-2/ch-6/6-5a.nec,ok,ok,0.7057699048891664,0.3851640159264207,1.8324,1
cebik-w4rnl/Basic-Intermediate-Tutorial-Models/Tutorial-2/ch-6/6-6-nec2.nec,ok,ok,0.35611833166331053,0.24483610969036818,1.4545,1
cebik-w4rnl/Basic-Intermediate-Tutorial-Models/Tutorial-2/ch-6/6-6-nec4.nec,ok,ok,0.3584483880549669,0.26348514948040247,1.3604,1
cebik-w4rnl/Basic-Intermediate-Tutorial-Models/Tutorial-2/ch-6/6-s1.nec,ok-no-source,ok-no-source,0.007339793257415295,0.007868780754506588,,0
cebik-w4rnl/Basic-Intermediate-Tutorial-Models/Tutorial-2/ch-6/6-s1a.nec,ok-no-source,ok-no-source,0.015186479315161705,0.016422398388385773,,0
cebik-w4rnl/Basic-Intermediate-Tutorial-Models/Tutorial-2/ch-6/6-s2.nec,ok-no-source,ok-no-source,0.7560349013656378,0.49520927015691996,,0
cebik-w4rnl/Basic-Intermediate-Tutorial-Models/Tutorial-2/ch-6/6-s3a.nec,ok,ok,0.02560903038829565,0.025817074812948704,,0
cebik-w4rnl/Basic-Intermediate-Tutorial-Models/Tutorial-2/ch-6/6-s4.nec,ok-no-source,ok-no-source,0.045060872100293636,0.04408424347639084,,0
cebik-w4rnl/Basic-Intermediate-Tutorial-Models/Tutorial-2/ch-6/6-s4a.nec,ok,ok,0.06568710971623659,0.06140312273055315,1.0698,1
cebik-w4rnl/Basic-Intermediate-Tutorial-Models/Tutorial-2/ch-7/7-0.nec,ok,ok,0.03799114190042019,0.035597060807049274,,0
cebik-w4rnl/Basic-Intermediate-Tutorial-Models/Tutorial-2/ch-7/7-1.nec,ok,ok,0.006075035780668259,0.006849640980362892,,0
cebik-w4rnl/Basic-Intermediate-Tutorial-Models/Tutorial-2/ch-7/7-10.nec,ok,ok,0.023692002519965172,0.023378278128802776,,0
cebik-w4rnl/Basic-Intermediate-Tutorial-Models/Tutorial-2/ch-7/7-10a.nec,ok,ok,0.033309223130345345,0.03266891371458769,,0
cebik-w4rnl/Basic-Intermediate-Tutorial-Models/Tutorial-2/ch-7/7-10b.nec,ok,ok,0.031982243061065674,0.031287021934986115,,0
cebik-w4rnl/Basic-Intermediate-Tutorial-Models/Tutorial-2/ch-7/7-10c.nec,ok,ok,0.03332973551005125,0.03223822545260191,,0
cebik-w4rnl/Basic-Intermediate-Tutorial-Models/Tutorial-2/ch-7/7-11.nec,ok,ok,0.009344637393951416,0.009642275981605053,,0
cebik-w4rnl/Basic-Intermediate-Tutorial-Models/Tutorial-2/ch-7/7-11a.nec,ok,ok,0.009247190319001675,0.009613925591111183,,0
cebik-w4rnl/Basic-Intermediate-Tutorial-Models/Tutorial-2/ch-7/7-1a.nec,ok,ok,0.006029694341123104,0.0066210199147462845,,0
cebik-w4rnl/Basic-Intermediate-Tutorial-Models/Tutorial-2/ch-7/7-2.nec,ok,ok,0.005447383038699627,0.009571361355483532,,0
cebik-w4rnl/Basic-Intermediate-Tutorial-Models/Tutorial-2/ch-7/7-2a.nec,ok,ok,0.0054509444162249565,0.006027908995747566,,0
cebik-w4rnl/Basic-Intermediate-Tutorial-Models/Tutorial-2/ch-7/7-2b.nec,ok,ok,0.005490785464644432,0.006313616409897804,,0
cebik-w4rnl/Basic-Intermediate-Tutorial-Models/Tutorial-2/ch-7/7-3.nec,ok,ok,0.0057538952678442,0.006494075991213322,,0
cebik-w4rnl/Basic-Intermediate-Tutorial-Models/Tutorial-2/ch-7/7-3a.nec,ok,ok,0.005856734700500965,0.006696494296193123,,0
cebik-w4rnl/Basic-Intermediate-Tutorial-Models/Tutorial-2/ch-7/7-4.nec,ok,ok,0.0051651159301400185,0.005843322724103928,,0
cebik-w4rnl/Basic-Intermediate-Tutorial-Models/Tutorial-2/ch-7/7-5.nec,ok,ok,0.0052107227966189384,0.005760377272963524,,0
cebik-w4rnl/Basic-Intermediate-Tutorial-Models/Tutorial-2/ch-7/7-5a.nec,ok,ok,0.004887637682259083,0.005315897986292839,,0
cebik-w4rnl/Basic-Intermediate-Tutorial-Models/Tutorial-2/ch-7/7-5b.nec,ok,ok,0.005859400145709515,0.005982883274555206,,0
cebik-w4rnl/Basic-Intermediate-Tutorial-Models/Tutorial-2/ch-7/7-8.nec,ok,ok,0.02686419989913702,0.023682954721152782,,0
cebik-w4rnl/Basic-Intermediate-Tutorial-Models/Tutorial-2/ch-7/7-9.nec,ok,ok,0.01946190372109413,0.01750220451503992,,0
cebik-w4rnl/Basic-Intermediate-Tutorial-Models/Tutorial-2/ch-7/7-9a.nec,ok,ok,0.34354928974062204,0.2225920893251896,1.5434,1
cebik-w4rnl/Basic-Intermediate-Tutorial-Models/Tutorial-2/ch-8/8-1.nec,ok,ok,0.0034877490252256393,0.0035727983340620995,,0
cebik-w4rnl/Basic-Intermediate-Tutorial-Models/Tutorial-2/ch-8/8-1a.nec,ok,ok,0.004958712495863438,0.005409475415945053,,0
cebik-w4rnl/Basic-Intermediate-Tutorial-Models/Tutorial-2/ch-8/8-1b.nec,ok,ok,0.0031731724739074707,0.0034420276060700417,,0
cebik-w4rnl/Basic-Intermediate-Tutorial-Models/Tutorial-2/ch-8/8-1c.nec,ok,ok,0.004007190465927124,0.004320258274674416,,0
cebik-w4rnl/Basic-Intermediate-Tutorial-Models/Tutorial-2/ch-8/8-2_1.nec,ok,ok,0.004967446438968182,0.005481606349349022,,0
cebik-w4rnl/Basic-Intermediate-Tutorial-Models/Tutorial-2/ch-8/8-2_2.nec,ok,ok,0.004685625433921814,0.00535980612039566,,0
cebik-w4rnl/Basic-Intermediate-Tutorial-Models/Tutorial-2/ch-8/8-3.nec,ok,ok,0.0033569810912013054,0.003626277670264244,,0
cebik-w4rnl/Basic-Intermediate-Tutorial-Models/Tutorial-2/ch-8/8-3a.nec,no-impedance,no-impedance,0.0028847772628068924,0.0031296508386731148,,0
cebik-w4rnl/Basic-Intermediate-Tutorial-Models/Tutorial-2/ch-8/8-3b.nec,no-impedance,no-impedance,0.0029640179127454758,0.0029042083770036697,,0
cebik-w4rnl/Basic-Intermediate-Tutorial-Models/Tutorial-2/ch-8/8-3c.nec,ok,ok,0.003698253072798252,0.004078547470271587,,0
cebik-w4rnl/Basic-Intermediate-Tutorial-Models/Tutorial-2/ch-8/8-3d.nec,ok,ok,0.004274667240679264,0.004675610922276974,,0
cebik-w4rnl/Basic-Intermediate-Tutorial-Models/Tutorial-2/ch-8/8-4.nec,ok,ok,0.010059168562293053,0.011957457289099693,,0
cebik-w4rnl/Basic-Intermediate-Tutorial-Models/Tutorial-2/ch-8/8-4a.nec,ok,ok,0.013333681039512157,0.015533659607172012,,0
cebik-w4rnl/Basic-Intermediate-Tutorial-Models/Tutorial-2/ch-8/8-5.nec,ok,ok,0.053825060836970806,0.05280593503266573,1.0193,1
cebik-w4rnl/Basic-Intermediate-Tutorial-Models/Tutorial-2/ch-8/8-5a.nec,ok,ok,0.09233063645660877,0.0894509619101882,1.0322,1
cebik-w4rnl/Basic-Intermediate-Tutorial-Models/Tutorial-2/ch-8/8-6.nec,ok,ok,0.06654149852693081,0.04768963437527418,,0
cebik-w4rnl/Basic-Intermediate-Tutorial-Models/Tutorial-2/ch-9/9-1.nec,ok,ok,0.006571833975613117,0.007468135096132755,,0
cebik-w4rnl/Basic-Intermediate-Tutorial-Models/Tutorial-2/ch-9/9-1a.nec,ok,ok,0.006251287646591663,0.007417665794491768,,0
cebik-w4rnl/Basic-Intermediate-Tutorial-Models/Tutorial-2/ch-9/9-2a.nec,ok,ok,0.10391348879784346,0.06760922260582447,1.5370,1
cebik-w4rnl/Basic-Intermediate-Tutorial-Models/Tutorial-2/ch-9/9-2b.nec,ok,ok,0.004844279959797859,0.005088521167635918,,0
cebik-w4rnl/Basic-Intermediate-Tutorial-Models/Tutorial-2/ch-9/9-2c.nec,ok,ok,0.012586264871060848,0.014623988419771194,,0
cebik-w4rnl/Basic-Intermediate-Tutorial-Models/Tutorial-2/ch-9/9-3a.nec,ok,ok,0.1138968588784337,0.0761517658829689,1.4957,1
cebik-w4rnl/Basic-Intermediate-Tutorial-Models/Tutorial-2/ch-9/9-3b.nec,ok,ok,0.03907663282006979,0.03620754648000002,,0
cebik-w4rnl/Basic-Intermediate-Tutorial-Models/Tutorial-2/ch-9/9-4.nec,ok,ok,0.2983804615214467,0.19505402073264122,1.5297,1
cebik-w4rnl/Basic-Intermediate-Tutorial-Models/Tutorial-2/ch-9/9-4a.nec,ok,ok,0.5948498276993632,0.3812896367162466,1.5601,1
cebik-w4rnl/Basic-Intermediate-Tutorial-Models/Tutorial-2/ch-9/9-4b.nec,ok,ok,0.5942296218127012,0.39141424652189016,1.5182,1
cebik-w4rnl/Basic-Intermediate-Tutorial-Models/Tutorial-2/ch-9/9-5.nec,ok,ok,0.007528439164161682,0.008260322734713554,,0
cebik-w4rnl/Basic-Intermediate-Tutorial-Models/Tutorial-2/ch-9/9-6.nec,ok,ok,0.04383244086056948,0.046812405809760094,,0
cebik-w4rnl/Basic-Intermediate-Tutorial-Models/Tutorial-2/ch-9/9-6a.nec,ok,ok,0.04392970073968172,0.04655079822987318,,0
cebik-w4rnl/Basic-Intermediate-Tutorial-Models/Tutorial-2/ch-9/9-7.nec,ok,ok,0.007814720273017883,0.00832461379468441,,0
cebik-w4rnl/Basic-Intermediate-Tutorial-Models/Tutorial-2/ch-9/9-7a.nec,ok,ok,0.007973730564117432,0.008791446685791016,,0
cebik-w4rnl/Basic-Intermediate-Tutorial-Models/Tutorial-2/ch-9/9-8.nec,ok,ok,0.00764615461230278,0.008236130699515343,,0
cebik-w4rnl/Basic-Intermediate-Tutorial-Models/Tutorial-2/ch-9/9-8a.nec,ok,ok,0.5219762306660414,0.4508725106716156,1.1577,1
cebik-w4rnl/Basic-Intermediate-Tutorial-Models/Tutorial-2/ch-9/9-8b.nec,ok,ok,0.2784332185983658,0.2087813513353467,1.3336,1
cebik-w4rnl/Basic-Intermediate-Tutorial-Models/Tutorial-2/ch-9/9-8c.nec,ok,ok,0.29951309226453304,0.22938216477632523,1.3057,1
cebik-w4rnl/Moxon-Rectangle-Notes-Models/mox10-1al.nec,ok,ok,0.010300129652023315,0.010253006592392921,,0
cebik-w4rnl/Moxon-Rectangle-Notes-Models/mox10-1alv.nec,ok,ok,0.00946589931845665,0.009201392531394958,,0
cebik-w4rnl/Moxon-Rectangle-Notes-Models/mox20-11.nec,ok,ok,0.01152472011744976,0.011530721560120583,,0
cebik-w4rnl/models/LPDAs/nec/LP100-1000-12el3ft150o.nec,ok,ok,0.15759774949401617,0.10483386181294918,1.5033,1
cebik-w4rnl/models/LPDAs/nec/lc14-7el38ft80o-1.nec,ok,ok,0.018604062497615814,0.017867776565253735,,0
cebik-w4rnl/models/LPDAs/nec/lc14-7el52ft65o-1.nec,ok,ok,0.01845512166619301,0.018193223513662815,,0
cebik-w4rnl/models/LPDAs/nec/lc21-5el21ft800o-1-vee.nec,ok,ok,0.027638081461191177,0.024351113475859165,,0
cebik-w4rnl/models/LPDAs/nec/lc21-7el35ft65o-75.nec,ok,ok,0.01850500050932169,0.017522537149488926,,0
cebik-w4rnl/models/LPDAs/nec/lc28-4el10ft75o.nec,ok,ok,0.01916884072124958,0.017715319991111755,,0
cebik-w4rnl/models/LPDAs/nec/lc28-5el16ft800o-75-Vee.nec,ok,ok,0.027585511095821857,0.02024767082184553,,0
cebik-w4rnl/models/LPDAs/nec/lc28-5el20ft150o-50-W6SAI.nec,ok,ok,0.013284411281347275,0.01332448236644268,,0
cebik-w4rnl/models/LPDAs/nec/lc28-6el12ft75o-1.nec,ok,ok,0.015596278943121433,0.016375849954783916,,0
cebik-w4rnl/models/LPDAs/nec/lc28-6el28ft100o-50.nec,ok,ok,0.015374002046883106,0.015100758522748947,,0
cebik-w4rnl/models/LPDAs/nec/lc28-7el14ft80o-875.nec,ok,ok,0.01850153598934412,0.018656211905181408,,0
cebik-w4rnl/models/LPDAs/nec/lc28-7el15ft100o-1.nec,ok,ok,0.018521531485021114,0.018243661150336266,,0
cebik-w4rnl/models/LPDAs/nec/lc28-7el15ft80o-1.nec,ok,ok,0.018404599279165268,0.018834175541996956,,0
cebik-w4rnl/models/LPDAs/nec/lc28-7el19ft80o-50.nec,ok,ok,0.018317464739084244,0.01768526714295149,,0
cebik-w4rnl/models/LPDAs/nec/lc28-7el19ft80o-75.nec,ok,ok,0.018453671596944332,0.018177935853600502,,0
cebik-w4rnl/models/LPDAs/nec/lc28-7el21ft65o-75.nec,ok,ok,0.01842469722032547,0.01763924304395914,,0
cebik-w4rnl/models/LPDAs/nec/lc28-7el25ft80o-75.nec,ok,ok,0.018374557606875896,0.01791104581207037,,0
cebik-w4rnl/models/LPDAs/nec/lc28-7el26ft65o-75.nec,ok,ok,0.01856371946632862,0.029398334212601185,,0
cebik-w4rnl/models/LPDAs/nec/lc28-7el28ft70o-75.nec,ok,ok,0.018596707843244076,0.017375661060214043,,0
cebik-w4rnl/models/LPDAs/nec/lp10-30-12el45ft250o.nec,ok,ok,0.04855542071163654,0.0381833091378212,,0
cebik-w4rnl/models/LPDAs/nec/lp10-30-15el45ft250o.nec,ok,ok,0.06659382302314043,0.051695020869374275,1.2882,1
cebik-w4rnl/models/LPDAs/nec/lp100-1000-12el5ft150o.nec,ok,ok,0.17608293984085321,0.10942897666245699,1.6091,1
cebik-w4rnl/models/LPDAs/nec/lp100-1000-26el5ft150o.nec,ok,ok,0.42179298400878906,0.23132712859660387,1.8234,1
cebik-w4rnl/models/LPDAs/nec/lp100-12elFM-med.nec,ok,ok,0.021667505614459515,0.020190277136862278,,0
cebik-w4rnl/models/LPDAs/nec/lp100-16elFM-long.nec,ok,ok,0.034641929902136326,0.029599823988974094,,0
cebik-w4rnl/models/LPDAs/nec/lp100-8elFM-short.nec,ok,ok,0.01565061416476965,0.015706922858953476,,0
cebik-w4rnl/models/LPDAs/nec/lp14-29-11el30ft225o.nec,ok,ok,0.028574563562870026,0.026124141179025173,,0
cebik-w4rnl/models/LPDAs/nec/lp14-29-12el33ft250o-dir.nec,ok,ok,0.03156280145049095,0.028391520492732525,,0
cebik-w4rnl/models/LPDAs/nec/lp14-30-12el26ft125o.nec,ok,ok,0.03211506828665733,0.029212131164968014,,0
cebik-w4rnl/models/LPDAs/nec/lp14-30-12el32ft100o.nec,ok,ok,0.0397938871756196,0.033558182418346405,,0
cebik-w4rnl/models/LPDAs/nec/lp14-30-12el32ft400o.nec,ok,ok,0.03310920484364033,0.029706338420510292,,0
cebik-w4rnl/models/LPDAs/nec/lp14-30-13el29ft200o-telerana14.nec,ok,ok,0.043700980953872204,0.03717307560145855,,0
cebik-w4rnl/models/LPDAs/nec/lp14-30-13el29ft200o-telerana50.nec,ok,ok,0.043858607299625874,0.037026697769761086,,0
cebik-w4rnl/models/LPDAs/nec/lp14-30-13el29ft200o-teleranavee.nec,ok,ok,0.04468259774148464,0.03902172204107046,,0
cebik-w4rnl/models/LPDAs/nec/lp14-30-14el40ft100o.nec,ok,ok,0.17836068663746119,0.11513147410005331,1.5492,1
cebik-w4rnl/models/LPDAs/nec/lp14-30-15el42ft250o-dir-stepdia.nec,ok,ok,0.10179531201720238,0.07269155606627464,1.4004,1
cebik-w4rnl/models/LPDAs/nec/lp14-30-16el42ft100o-dir.nec,ok,ok,0.03898409754037857,0.032187290489673615,,0
cebik-w4rnl/models/LPDAs/nec/lp14-30-21el52ft200o.nec,ok,ok,0.04751561861485243,0.039197053760290146,,0
cebik-w4rnl/models/LPDAs/nec/lp14-30-22el56ft250o-dir.nec,ok,ok,0.05151000898331404,0.04118447098881006,,0
cebik-w4rnl/models/LPDAs/nec/lp14-30-24el58ft200o.nec,ok,ok,0.0935277733951807,0.06814213842153549,1.3725,1
cebik-w4rnl/models/LPDAs/nec/lp14-30-27el217ft200o.nec,ok,ok,0.11051647737622261,0.07140677142888308,1.5477,1
cebik-w4rnl/models/LPDAs/nec/lp14-30-7el20ft100o-K4EWG.nec,ok,ok,0.024988315999507904,0.0227937838062644,,0
cebik-w4rnl/models/LPDAs/nec/lp14-30-8el20ft200o.nec,ok,ok,0.018085720017552376,0.018362391740083694,,0
cebik-w4rnl/models/LPDAs/nec/lp14-30-9el21ft250o-dir.nec,ok,ok,0.024789820425212383,0.023285280913114548,,0
cebik-w4rnl/models/LPDAs/nec/lp144-6el5ft75o-1875.nec,ok,ok,0.025110213086009026,0.02171468175947666,,0
cebik-w4rnl/models/LPDAs/nec/lp17-5el32ft50o.nec,ok,ok,0.00741353165358305,0.008364012464880943,,0
cebik-w4rnl/models/LPDAs/nec/lp21-5el27ft50o.nec,ok,ok,0.007351333275437355,0.007984095253050327,,0
cebik-w4rnl/models/LPDAs/nec/lp220-15el11ft80o.nec,ok,ok,0.1376318782567978,0.0874795513227582,1.5733,1
cebik-w4rnl/models/LPDAs/nec/lp220-17el11ft60o.nec,ok,ok,0.13175946660339832,0.0849818978458643,1.5504,1
cebik-w4rnl/models/LPDAs/nec/lp220-18el11ft60o.nec,ok,ok,0.14535051304847002,0.09234508126974106,1.5740,1
cebik-w4rnl/models/LPDAs/nec/lp220-20el12ft60o.nec,ok,ok,0.17946758028119802,0.11145271081477404,1.6103,1
cebik-w4rnl/models/LPDAs/nec/lp220-20el13ft60o.nec,ok,ok,0.12094128038734198,0.07821145094931126,1.5463,1
cebik-w4rnl/models/LPDAs/nec/lp250-276-21el4ft80o.nec,ok,ok,0.07145763281732798,0.05331741739064455,1.3402,1
cebik-w4rnl/models/LPDAs/nec/lp250-317-10el3ft75o.nec,ok,ok,0.014280557632446289,0.013718404807150364,,0
cebik-w4rnl/models/LPDAs/nec/lp250-317-15el5ft75o.nec,ok,ok,0.02482667565345764,0.017974667251110077,,0
cebik-w4rnl/models/LPDAs/nec/lp250-317-8el3ft75o.nec,ok,ok,0.011820253916084766,0.011750837787985802,,0
cebik-w4rnl/models/LPDAs/nec/lp250-500-12el3ft80o.nec,ok,ok,0.044608467258512974,0.03521045111119747,,0
cebik-w4rnl/models/LPDAs/nec/lp250-500-20el3ft80o.nec,ok,ok,0.09497214946895838,0.06976948864758015,1.3612,1
cebik-w4rnl/models/LPDAs/nec/lp28-30-4el8ft200o-wire12.nec,ok,ok,0.01978548150509596,0.018410141579806805,,0
cebik-w4rnl/models/LPDAs/nec/lp28-30-4el8ft75o-W4RNL.nec,ok,ok,0.019413691945374012,0.018211498856544495,,0
cebik-w4rnl/models/LPDAs/nec/lp28-30-4el8ft75o-fatel-W4RNL.nec,ok,ok,0.019525078125298023,0.01822242420166731,,0
cebik-w4rnl/models/LPDAs/nec/lp28-30-4el8ft75o-stepdia-W4RNL.nec,ok,ok,0.018200821243226528,0.017167410813272,,0
cebik-w4rnl/models/LPDAs/nec/lp28-30-53l8ft300o-wire12-zigzag.nec,ok,ok,0.04880400933325291,0.04029796738177538,,0
cebik-w4rnl/models/LPDAs/nec/lp28-30-5el8ftnoline-wire10-zigzag.nec,ok,ok,0.024264310486614704,0.024931703694164753,,0
cebik-w4rnl/models/LPDAs/nec/lp28-31-10el48ft80o.nec,ok,ok,0.01932157389819622,0.016195968724787235,,0
cebik-w4rnl/models/LPDAs/nec/lp3-30-20el100ft200o.nec,ok,ok,0.4923674138262868,0.2988593205809593,1.6475,1
cebik-w4rnl/models/LPDAs/nec/lp3-30-20el60ft150o.nec,ok,ok,0.2551632300019264,0.16499278601258993,1.5465,1
cebik-w4rnl/models/LPDAs/nec/lp3-30-21el100ft200o.nec,ok,ok,0.25599145609885454,0.17551917489618063,1.4585,1
cebik-w4rnl/models/LPDAs/nec/lp3-30-22el100ft200o.nec,ok,ok,0.27619430609047413,0.17182534467428923,1.6074,1
cebik-w4rnl/models/LPDAs/nec/lp3-30-23el100ft200o.nec,ok,ok,0.29845841601490974,0.1982780024409294,1.5053,1
cebik-w4rnl/models/LPDAs/nec/lp3-30-24el100ft200o.nec,ok,ok,0.34235384315252304,0.20063774287700653,1.7063,1
cebik-w4rnl/models/LPDAs/nec/lp3-30-25el100ft200o.nec,ok,ok,0.35448663495481014,0.21521405596286058,1.6471,1
cebik-w4rnl/models/LPDAs/nec/lp3-30-26el100ft200o.nec,ok,ok,0.3832835163921118,0.23006491363048553,1.6660,1
cebik-w4rnl/models/LPDAs/nec/lp3-30-26el164ft150o.nec,ok,ok,0.38610592763870955,0.2242861231788993,1.7215,1
cebik-w4rnl/models/LPDAs/nec/lp3-30-33el100ft150o.nec,ok,ok,0.42417737655341625,0.23608369752764702,1.7967,1
cebik-w4rnl/models/LPDAs/nec/lp3-30-33el168ft250o.nec,ok,ok,0.7306365808472037,0.4022015444934368,1.8166,1
cebik-w4rnl/models/LPDAs/nec/lp3-30-42el164ft250o.nec,ok,ok,1.0321890888735652,0.5698759276419878,1.8113,1
cebik-w4rnl/models/LPDAs/nec/lp3-7-10el55ft200o.nec,ok,ok,0.023597407154738903,0.022208181209862232,,0
cebik-w4rnl/models/LPDAs/nec/lp3-7-10el56ft200o.nec,ok,ok,0.024118393659591675,0.022224330343306065,,0
cebik-w4rnl/models/LPDAs/nec/lp3-7-11el53ft200o.nec,ok,ok,0.02203212771564722,0.02150221075862646,,0
cebik-w4rnl/models/LPDAs/nec/lp3-7-12el53ft200o.nec,ok,ok,0.024685547687113285,0.024479066021740437,,0
cebik-w4rnl/models/LPDAs/nec/lp3-7-12el55ft200o.nec,ok,ok,0.030069170519709587,0.028087095357477665,,0
cebik-w4rnl/models/LPDAs/nec/lp3-7-16el84ft200o.nec,ok,ok,0.03790641110390425,0.03502167109400034,,0
cebik-w4rnl/models/LPDAs/nec/lp3r5-4-14el89ft200o-2.nec,ok,ok,0.041570162400603294,0.038371771574020386,,0
cebik-w4rnl/models/LPDAs/nec/lp3r5-4-6el86ft100o-2.nec,ok,ok,0.07393719162791967,0.0518792187795043,1.4252,1
cebik-w4rnl/models/LPDAs/nec/lp3r5-4-8el86ft100o-2.nec,ok,ok,0.021092073991894722,0.020614400506019592,,0
cebik-w4rnl/models/LPDAs/nec/lp3r5-4-8el86ft150o-12.nec,ok,ok,0.021117564290761948,0.022258324548602104,,0
cebik-w4rnl/models/LPDAs/nec/lp4-30-19el60ft200o.nec,ok,ok,0.19483569357544184,0.12790358252823353,1.5233,1
cebik-w4rnl/models/LPDAs/nec/lp4-30-20el65ft150o.nec,ok,ok,0.26661013439297676,0.1546681085601449,1.7238,1
cebik-w4rnl/models/LPDAs/nec/lp4-30-20el65ft200o.nec,ok,ok,0.18776416406035423,0.11960148625075817,1.5699,1
cebik-w4rnl/models/LPDAs/nec/lp4-30-21el65ft200o.nec,ok,ok,0.20573197212070227,0.15650134067982435,1.3146,1
cebik-w4rnl/models/LPDAs/nec/lp40-90-22el20ft100o-dir.nec,ok,ok,0.05024232808500528,0.04131400864571333,,0
cebik-w4rnl/models/LPDAs/nec/lp400-800-12el1ft250o.nec,ok,ok,0.038052862510085106,0.03296367172151804,,0
cebik-w4rnl/models/LPDAs/nec/lp7-15-10el35ft200o.nec,ok,ok,0.020837009884417057,0.019542988389730453,,0
cebik-w4rnl/models/LPDAs/nec/lp7-15-11el44ft200o-dir.nec,ok,ok,0.02232508733868599,0.02111029252409935,,0
cebik-w4rnl/models/LPDAs/nec/lp7-15-12el42ft200o.nec,ok,ok,0.026494700461626053,0.02462168876081705,,0
cebik-w4rnl/models/LPDAs/nec/lp7-15-13el53ft200o.nec,ok,ok,0.028954433277249336,0.0277861375361681,,0
cebik-w4rnl/models/LPDAs/nec/lp7-15-16el28ft200o.nec,ok,ok,0.038514829240739346,0.03701299335807562,,0
cebik-w4rnl/models/LPDAs/nec/lp7-15-16el56ft200o.nec,ok,ok,0.0379924550652504,0.033491249196231365,,0
cebik-w4rnl/models/LPDAs/nec/lp7-15-16el70ft200o.nec,ok,ok,0.038006008602678776,0.032412794418632984,,0
cebik-w4rnl/models/LPDAs/nec/lp7-15-16el84ft200o.nec,ok,ok,0.03800758067518473,0.03170458413660526,,0
cebik-w4rnl/models/LPDAs/nec/lp7-15-22el78ft200o.nec,ok,ok,0.07551539968699217,0.059668999165296555,1.2656,1
cebik-w4rnl/models/LPDAs/nec/lp7-15-27el434ft200o.nec,ok,ok,0.10916419513523579,0.07059911265969276,1.5463,1
cebik-w4rnl/models/LPDAs/nec/lp7-15-7el25ft200o.nec,ok,ok,0.01315213367342949,0.013424336910247803,,0
cebik-w4rnl/models/LPDAs/nec/lp7-15-7el37ft200o.nec,ok,ok,0.012951506301760674,0.012884189374744892,,0
cebik-w4rnl/models/LPDAs/nec/lp7-15-9el31ft200o.nec,ok,ok,0.01902209036052227,0.018049542792141438,,0
cebik-w4rnl/models/LPDAs/nec/lp800-1200-17el3ft200o.nec,ok,ok,0.02777350414544344,0.023145142011344433,,0
cebik-w4rnl/models/LPDAs/nec/lp850-2600-36el4ft200o.nec,ok,ok,0.27148800902068615,0.16184479463845491,1.6775,1
cebik-w4rnl/models/LPDAs/nec/lp850-2600-37el4ft80o.nec,ok,ok,0.3056549532338977,0.1820863177999854,1.6786,1
cebik-w4rnl/models/LPDAs/nec/lp900-1400-36el4ft200o.nec,ok,ok,0.27100151870399714,0.18180281203240156,1.4906,1
cebik-w4rnl/models/LPDAs/nec/lpma3r5-4-6el86ft75o-buriedradials.nec,ok,ok,20.241326553747058,12.166731467470527,1.6637,1
cebik-w4rnl/models/Phased-Arrays/nec/10-28-edzlazyh-fs-14.nec,ok,ok,0.010823681019246578,0.010474893264472485,,0
cebik-w4rnl/models/Phased-Arrays/nec/14-29-lpda-50.nec,ok,ok,0.08902483154088259,0.06749239936470985,1.3190,1
cebik-w4rnl/models/Phased-Arrays/nec/14-8jk-fs-75.nec,ok,ok,0.006068897433578968,0.006613339297473431,,0
cebik-w4rnl/models/Phased-Arrays/nec/14-8jkstack-stdphase-12.nec,ok,ok,0.5162919852882624,0.3092172732576728,1.6697,1
cebik-w4rnl/models/Phased-Arrays/nec/14-8jkstack-xphased-12.nec,ok,ok,0.5218920214101672,0.28895388171076775,1.8061,1
cebik-w4rnl/models/Phased-Arrays/nec/14-fdsp-W7EL.nec,ok,ok,0.24567946884781122,0.1565698180347681,1.5691,1
cebik-w4rnl/models/Phased-Arrays/nec/14-longelphased-directfeedp1-W4RNL.nec,ok,ok,0.012768607586622238,0.012796196155250072,,0
cebik-w4rnl/models/Phased-Arrays/nec/14-phased35o-50-W4RNL.nec,ok,ok,0.21222581062465906,0.13876841124147177,1.5294,1
cebik-w4rnl/models/Phased-Arrays/nec/14-phasedsplit50o-50-W4RNL.nec,ok,ok,0.004905444569885731,0.005152368918061256,,0
cebik-w4rnl/models/Phased-Arrays/nec/14-shortel-stubs-50-N7CL.nec,ok,ok,0.11971999797970057,0.07970042992383242,1.5021,1
cebik-w4rnl/models/Phased-Arrays/nec/14-stacked3elYagis-1.nec,ok,ok,0.1463412307202816,0.0967389727011323,1.5127,1
cebik-w4rnl/models/Phased-Arrays/nec/14-zlsporig-1-ZL3MH.nec,ok,ok,0.12483481131494045,0.08472913317382336,1.4733,1
cebik-w4rnl/models/Phased-Arrays/nec/144-3eledzvbeam-fs-40.nec,ok,ok,0.03305846452713013,0.02719000168144703,,0
cebik-w4rnl/models/Phased-Arrays/nec/146-436-dualquad turnstile-sat-146.nec,ok,ok,0.95128402300179,0.4578509349375963,2.0777,1
cebik-w4rnl/models/Phased-Arrays/nec/146-436-dualquadturnstile-sat-436.nec,ok,ok,0.6804133448749781,0.3597810994833708,1.8912,1
cebik-w4rnl/models/Phased-Arrays/nec/146-moxrectturnstile-sat-1875.nec,ok,ok,0.26815694849938154,0.17004874348640442,1.5769,1
cebik-w4rnl/models/Phased-Arrays/nec/18-fdsp-W7EL.nec,ok,ok,0.2436885815113783,0.14872610103338957,1.6385,1
cebik-w4rnl/models/Phased-Arrays/nec/18-longelphased-directfeedp1-W4RNL.nec,ok,ok,0.012858065776526928,0.012651117518544197,,0
cebik-w4rnl/models/Phased-Arrays/nec/18-phased35o-50-W4RNL.nec,ok,ok,0.19069156888872385,0.12618817016482353,1.5112,1
cebik-w4rnl/models/Phased-Arrays/nec/18-phasedsplit50o-50-W4RNL.nec,ok,ok,0.004846530966460705,0.005124890245497227,,0
cebik-w4rnl/models/Phased-Arrays/nec/18-shortel-stubs-50-N7CL.nec,ok,ok,0.11917001660913229,0.0800013393163681,1.4896,1
cebik-w4rnl/models/Phased-Arrays/nec/1r1-bc2elphased vert.nec,ok,ok,0.011358583346009254,0.01021356787532568,,0
cebik-w4rnl/models/Phased-Arrays/nec/1r4-bc3elendfire-pergnd.nec,ok,ok,0.04453778173774481,0.031103448010981083,,0
cebik-w4rnl/models/Phased-Arrays/nec/1r4-bc6elb-s+e-f-pergnd.nec,ok,ok,0.14779895823448896,0.08239015657454729,1.7939,1
cebik-w4rnl/models/Phased-Arrays/nec/1r5-bc2xhalfwldr+6parguy-sngnd.nec,ok,ok,1.3569073537364602,0.8109440598636866,1.6732,1
cebik-w4rnl/models/Phased-Arrays/nec/1r5-bc3elendfire-burrad.nec,ok,ok,3.155511680059135,1.9107307959347963,1.6515,1
cebik-w4rnl/models/Phased-Arrays/nec/1r5-bc4elendfire-pergnd.nec,ok,ok,0.1886260909959674,0.12933264765888453,1.4585,1
cebik-w4rnl/models/Phased-Arrays/nec/1r5-bc6elphaseaim-pergnd.nec,ok,ok,0.15172442980110645,0.08564667869359255,1.7715,1
cebik-w4rnl/models/Phased-Arrays/nec/1r5-bchalfwldr+6parguy-sngnd.nec,ok,ok,0.7438672110438347,0.5092021618038416,1.4608,1
cebik-w4rnl/models/Phased-Arrays/nec/1r8-2-elphased-radials.nec,ok,ok,5.566862570121884,3.2965283086523414,1.6887,1
cebik-w4rnl/models/Phased-Arrays/nec/1r8-2x4elphased-K8UR.nec,ok,ok,0.7968666572123766,0.4888056069612503,1.6302,1
cebik-w4rnl/models/Phased-Arrays/nec/1r8-4el-broadside.nec,ok,ok,0.12002446874976158,0.07852969970554113,1.5284,1
cebik-w4rnl/models/Phased-Arrays/nec/1r8-4el-endfire-burrad.nec,ok,ok,5.135913570411503,2.982245733961463,1.7222,1
cebik-w4rnl/models/Phased-Arrays/nec/1r8-4el-endfire.nec,ok,ok,0.12841183319687843,0.08801665995270014,1.4589,1
cebik-w4rnl/models/Phased-Arrays/nec/1r8-4elphased-lowbend-K8UR.nec,ok,ok,0.46652225591242313,0.30385759845376015,1.5353,1
cebik-w4rnl/models/Phased-Arrays/nec/1r8-4elphased-midelbend-K8UR.nec,ok,ok,0.4216325059533119,0.2770496467128396,1.5219,1
cebik-w4rnl/models/Phased-Arrays/nec/1r8-5el-broadside.nec,ok,ok,0.1643470348790288,0.10362859442830086,1.5859,1
cebik-w4rnl/models/Phased-Arrays/nec/1r8-5el-endfire.nec,ok,ok,0.17228843923658133,0.11295803356915712,1.5252,1
cebik-w4rnl/models/Phased-Arrays/nec/21-2eledzbeam-2ref-gnd-12-ZL1LE.nec,ok,ok,0.268311302177608,0.17633718252182007,1.5216,1
cebik-w4rnl/models/Phased-Arrays/nec/21-coledz-wiretl-12.nec,ok,ok,0.16942007560282946,0.10145209264010191,1.6700,1
cebik-w4rnl/models/Phased-Arrays/nec/21-fdsp-W7EL.nec,ok,ok,0.2448421400040388,0.1479310942813754,1.6551,1
cebik-w4rnl/models/Phased-Arrays/nec/21-longelphased-directfeedp1-W4RNL.nec,ok,ok,0.012803017161786556,0.012662524357438087,,0
cebik-w4rnl/models/Phased-Arrays/nec/21-phased35o-50-W4RNL.nec,ok,ok,0.17615096922963858,0.11701044626533985,1.5054,1
cebik-w4rnl/models/Phased-Arrays/nec/21-phasedcoledz-fs-12.nec,ok,ok,0.07419445272535086,0.05046117398887873,1.4703,1
cebik-w4rnl/models/Phased-Arrays/nec/21-phasedsplit50o-50-W4RNL.nec,ok,ok,0.004999389871954918,0.005290409550070763,,0
cebik-w4rnl/models/Phased-Arrays/nec/21-shortel-stubs-50-N7CL.nec,ok,ok,0.12059527728706598,0.08072168286889791,1.4940,1
cebik-w4rnl/models/Phased-Arrays/nec/21-zlsporig-1-ZL3MH.nec,ok,ok,0.1257177973166108,0.0853841109201312,1.4724,1
cebik-w4rnl/models/Phased-Arrays/nec/24-3elzlsp-fs-75.nec,ok,ok,0.01488152239471674,0.014653717167675495,,0
cebik-w4rnl/models/Phased-Arrays/nec/24-fdsp-W7EL.nec,ok,ok,0.2459856877103448,0.1649962943047285,1.4909,1
cebik-w4rnl/models/Phased-Arrays/nec/24-lazyh-fs-K7KGP.nec,ok,ok,0.008514771237969398,0.008974594995379448,,0
cebik-w4rnl/models/Phased-Arrays/nec/24-longelphased-directfeedp1-W4RNL.nec,ok,ok,0.012626794166862965,0.01257995329797268,,0
cebik-w4rnl/models/Phased-Arrays/nec/24-phased35o-50-W4RNL.nec,ok,ok,0.19081152323633432,0.12536243442445993,1.5221,1
cebik-w4rnl/models/Phased-Arrays/nec/24-phasedsplit50o-50-W4RNL.nec,ok,ok,0.004866716451942921,0.005076778121292591,,0
cebik-w4rnl/models/Phased-Arrays/nec/24-shortel-stubs-50-N7CL.nec,ok,ok,0.12218472547829151,0.0814153729006648,1.5008,1
cebik-w4rnl/models/Phased-Arrays/nec/254-turnstileYagi-milsat.nec,ok,ok,0.3690678356215358,0.21200115885585546,1.7409,1
cebik-w4rnl/models/Phased-Arrays/nec/28-2eledzbeam-2ref-fs-12.nec,ok,ok,0.007701242342591286,0.00818958505988121,,0
cebik-w4rnl/models/Phased-Arrays/nec/28-2eledzbeam-fs-12.nec,ok,ok,0.007915440946817398,0.008337131701409817,,0
cebik-w4rnl/models/Phased-Arrays/nec/28-3eledzbeam-2ref-gnd-12.nec,ok,ok,0.11349476780742407,0.07588451821357012,1.4956,1
cebik-w4rnl/models/Phased-Arrays/nec/28-6elphasefedbeam-fs-50.nec,ok,ok,0.015395686961710453,0.015176072716712952,,0
cebik-w4rnl/models/Phased-Arrays/nec/28-7-lazyh-vert-14.nec,ok,ok,0.2826651744544506,0.18665299098938704,1.5144,1
cebik-w4rnl/models/Phased-Arrays/nec/28-fdsp-W7EL.nec,ok,ok,0.24646461382508278,0.15176309179514647,1.6240,1
cebik-w4rnl/models/Phased-Arrays/nec/28-longelphased-directfeedp1-W4RNL.nec,ok,ok,0.012901821173727512,0.01259144488722086,,0
cebik-w4rnl/models/Phased-Arrays/nec/28-phased-gammas-1-HB9CV.nec,ok,ok,0.017919803969562054,0.0166892409324646,,0
cebik-w4rnl/models/Phased-Arrays/nec/28-phased35o-50-W4RNL.nec,ok,ok,0.19157609157264233,0.12606034707278013,1.5197,1
cebik-w4rnl/models/Phased-Arrays/nec/28-phasedsplit50o-50-W4RNL.nec,ok,ok,0.0048516541719436646,0.00515682902187109,,0
cebik-w4rnl/models/Phased-Arrays/nec/28-shortel-stubs-50-N7CL.nec,ok,ok,0.1231719870120287,0.08213227614760399,1.4997,1
cebik-w4rnl/models/Phased-Arrays/nec/28-shortel-stubstack-50-N7CL.nec,ok,ok,0.2374106841161847,0.1559568801894784,1.5223,1
cebik-w4rnl/models/Phased-Arrays/nec/28-swissquad-14.nec,ok,ok,0.010461101308465004,0.011253250762820244,,0
cebik-w4rnl/models/Phased-Arrays/nec/28-zlsp-udp-75-W4RNL.nec,ok,ok,0.12836692295968533,0.08649348467588425,1.4841,1
cebik-w4rnl/models/Phased-Arrays/nec/28-zlsporig-1-ZL3MH.nec,ok,ok,0.12822855729609728,0.08665303327143192,1.4798,1
cebik-w4rnl/models/Phased-Arrays/nec/28-zlsptrombone-ARRL.nec,ok,ok,0.19075258076190948,0.12066020350903273,1.5809,1
cebik-w4rnl/models/Phased-Arrays/nec/284-turnstilequad-milsat-ez.nec,ok,ok,0.577228800393641,0.28512130305171013,2.0245,1
cebik-w4rnl/models/Phased-Arrays/nec/300-11eldplarray.nec,ok,ok,0.07982587069272995,0.062269783578813076,1.2819,1
cebik-w4rnl/models/Phased-Arrays/nec/300-20eldplarray.nec,ok,ok,0.15387853980064392,0.1132023623213172,1.3593,1
cebik-w4rnl/models/Phased-Arrays/nec/300-30eldplarray.nec,ok,ok,0.26633865758776665,0.1804681709036231,1.4758,1
cebik-w4rnl/models/Phased-Arrays/nec/300-40eldplarray.nec,ok,ok,0.40969907492399216,0.2579755373299122,1.5881,1
cebik-w4rnl/models/Phased-Arrays/nec/300-50dplarray.nec,ok,ok,0.5836478397250175,0.34934307262301445,1.6707,1
cebik-w4rnl/models/Phased-Arrays/nec/3r6-2x4elphased-K8UR.nec,ok,ok,0.8408507769927382,0.5024709338322282,1.6734,1
cebik-w4rnl/models/Phased-Arrays/nec/3r6-4elphased-lowbend-K8UR.nec,ok,ok,0.4543405417352915,0.2958666980266571,1.5356,1
cebik-w4rnl/models/Phased-Arrays/nec/3r6-4elphased-midelbend-K8UR.nec,ok,ok,0.3225419260561466,0.20740582328289747,1.5551,1
cebik-w4rnl/models/Phased-Arrays/nec/3r6-8jk-12.nec,ok,ok,0.3550516786053777,0.23089439794421196,1.5377,1
cebik-w4rnl/models/Phased-Arrays/nec/3r6-bruce-3sect-12.nec,ok,ok,0.30724409129470587,0.2010698327794671,1.5280,1
cebik-w4rnl/models/Phased-Arrays/nec/3r6-bruce-4sect-12.nec,ok,ok,0.31451057363301516,0.20958171226084232,1.5007,1
cebik-w4rnl/models/Phased-Arrays/nec/3r6-bruce-5sect-12.nec,ok,ok,0.3763462593778968,0.24872239027172327,1.5131,1
cebik-w4rnl/models/Phased-Arrays/nec/3r6-halfwldr+6parguy-sngnd.nec,ok,ok,0.6430244371294975,0.425998124293983,1.5095,1
cebik-w4rnl/models/Phased-Arrays/nec/3r6-phasedrect-10-N2DT.nec,ok,ok,0.35055147483944893,0.23398629296571016,1.4982,1
cebik-w4rnl/models/Phased-Arrays/nec/3r6-sterba-12.nec,ok,ok,0.6345959855243564,0.3477727761492133,1.8247,1
cebik-w4rnl/models/Phased-Arrays/nec/3r6-sterba-ctrfed-12.nec,ok,ok,0.5863783620297909,0.32567879650741816,1.8005,1
cebik-w4rnl/models/Phased-Arrays/nec/3r9-halfwldr+6parguy-sngnd.nec,ok,ok,0.5672990055754781,0.3728086519986391,1.5217,1
cebik-w4rnl/models/Phased-Arrays/nec/432-col-coilmatch.nec,ok,ok,0.09697414003312588,0.07207631971687078,1.3454,1
cebik-w4rnl/models/Phased-Arrays/nec/432-col-indloadmatch.nec,ok,ok,0.059466805309057236,0.04740637354552746,,0
cebik-w4rnl/models/Phased-Arrays/nec/436-moxrectturnstile-sat-12.nec,ok,ok,0.16790697071701288,0.1087502408772707,1.5440,1
cebik-w4rnl/models/Phased-Arrays/nec/436-turnstileYagi-sat.nec,ok,ok,0.3852108269929886,0.20395640656352043,1.8887,1
cebik-w4rnl/models/Phased-Arrays/nec/50-edzlazyh-fs-14.nec,ok,ok,0.010449137538671494,0.01035978551954031,,0
cebik-w4rnl/models/Phased-Arrays/nec/5r4-2x4elphased-K8UR.nec,ok,ok,0.8467782316729426,0.5285610947757959,1.6020,1
cebik-w4rnl/models/Phased-Arrays/nec/5r4-4elphased-lowbend-K8UR.nec,ok,ok,0.45333652198314667,0.29359862115234137,1.5441,1
cebik-w4rnl/models/Phased-Arrays/nec/5r4-4elphased-midelbend-K8UR.nec,ok,ok,0.3185208812355995,0.2137577971443534,1.4901,1
cebik-w4rnl/models/Phased-Arrays/nec/5r4-halfwldr+6parguy-sngnd.nec,ok,ok,0.5797649780288339,0.3668375238776207,1.5804,1
cebik-w4rnl/models/Phased-Arrays/nec/7-2elphased-pergnd-2.nec,ok,ok,0.020069184713065624,0.017095944844186306,,0
cebik-w4rnl/models/Phased-Arrays/nec/7-2xhalfwldr+6parguy-sngnd.nec,ok,ok,1.3321395050734282,0.7813248597085476,1.7050,1
cebik-w4rnl/models/Phased-Arrays/nec/7-4square phased verts.nec,ok,ok,0.009272848255932331,0.009389671497046947,,0
cebik-w4rnl/models/Phased-Arrays/nec/7-halfwldr+6parguy-sngnd.nec,ok,ok,0.5770913837477565,0.36002151761204004,1.6029,1
cebik-w4rnl/models/Phased-Arrays/nec/903-vertmonoYagis-inphasefed.nec,ok,ok,0.01260646153241396,0.011492636986076832,,0
cebik-w4rnl/models/Quads/nec/10-2eloptquad-12.nec,ok,ok,0.014660648070275784,0.012476175092160702,,0
cebik-w4rnl/models/Quads/nec/10-3elopthgquad-12.nec,ok,ok,0.01571704726666212,0.015455244109034538,,0
cebik-w4rnl/models/Quads/nec/10-3eloptwbquad-12.nec,ok,ok,0.015835790894925594,0.016130407340824604,,0
cebik-w4rnl/models/Quads/nec/10-4eloptquad-12.nec,ok,ok,0.021265498362481594,0.019927079789340496,,0
cebik-w4rnl/models/Quads/nec/1296-2eloptquad-12.nec,ok,ok,0.014891655184328556,0.013104272074997425,,0
cebik-w4rnl/models/Quads/nec/1296-3elopthgquad-12.nec,ok,ok,0.015725847333669662,0.015879053622484207,,0
cebik-w4rnl/models/Quads/nec/1296-3eloptwbquad-12.nec,ok,ok,0.015706711448729038,0.015315694734454155,,0
cebik-w4rnl/models/Quads/nec/1296-4eloptquad-12.nec,ok,ok,0.021291288547217846,0.01950722374022007,,0
cebik-w4rnl/models/Quads/nec/14-1elloop-diamond-14.nec,ok,ok,0.01451926026493311,0.01399800181388855,,0
cebik-w4rnl/models/Quads/nec/14-28-2b2elquad-14-1feed.nec,ok,ok,0.2832868658006191,0.18839395605027676,1.5037,1
cebik-w4rnl/models/Quads/nec/14-28-2b2elquad-14-widesp.nec,ok,ok,0.017131068743765354,0.01715538278222084,,0
cebik-w4rnl/models/Quads/nec/14-2eloptquad-12.nec,ok,ok,0.015268133021891117,0.0128396637737751,,0
cebik-w4rnl/models/Quads/nec/14-2elquad-sq-14-medsp.nec,ok,ok,0.01603338122367859,0.014094937592744827,,0
cebik-w4rnl/models/Quads/nec/14-2elquad-sq-14-smallsp.nec,ok,ok,0.010965234600007534,0.010517444461584091,,0
cebik-w4rnl/models/Quads/nec/14-2elquad-sq-widesp.nec,ok,ok,0.007022285833954811,0.00820641778409481,,0
cebik-w4rnl/models/Quads/nec/14-3elopthgquad-12.nec,ok,ok,0.015666715800762177,0.01520784106105566,,0
cebik-w4rnl/models/Quads/nec/14-3eloptwbquad-12.nec,ok,ok,0.01588399615138769,0.01588593516498804,,0
cebik-w4rnl/models/Quads/nec/14-3elquad-12-W6SAI.nec,ok,ok,0.027176684699952602,0.020508757792413235,,0
cebik-w4rnl/models/Quads/nec/14-3elquad-14-K2OB.nec,ok,ok,0.027100726030766964,0.021113846451044083,,0
cebik-w4rnl/models/Quads/nec/14-3elquad-14-Yagisp.nec,ok,ok,0.02708220761269331,0.020458891056478024,,0
cebik-w4rnl/models/Quads/nec/14-4eloptquad-12.nec,ok,ok,0.02158277202397585,0.019555450417101383,,0
cebik-w4rnl/models/Quads/nec/14-5elquad-10-eqsp-W4RNL.nec,ok,ok,0.07210473902523518,0.05139684770256281,1.4029,1
cebik-w4rnl/models/Quads/nec/14-5elquad-14-K2OB-80ft.nec,ok,ok,0.06540249660611153,0.04353787377476692,,0
cebik-w4rnl/models/Quads/nec/14-5elquad-14-K2OB.nec,ok,ok,0.06348323356360197,0.04309856239706278,,0
cebik-w4rnl/models/Quads/nec/14-6elquad-8.nec,ok,ok,0.0978901470080018,0.06600560434162617,1.4831,1
cebik-w4rnl/models/Quads/nec/144-2eloptquad-12.nec,ok,ok,0.014773246832191944,0.012523066252470016,,0
cebik-w4rnl/models/Quads/nec/144-3eloctagon-50.nec,ok,ok,0.014501395635306835,0.01476344745606184,,0
cebik-w4rnl/models/Quads/nec/144-3elopthgquad-12.nec,ok,ok,0.01581269782036543,0.015252760611474514,,0
cebik-w4rnl/models/Quads/nec/144-3eloptwbquad-12.nec,ok,ok,0.015815850347280502,0.015536189079284668,,0
cebik-w4rnl/models/Quads/nec/144-4eloptquad-12.nec,ok,ok,0.021332375705242157,0.019203491508960724,,0
cebik-w4rnl/models/Quads/nec/144-6elquad-14.nec,ok,ok,0.0984181435778737,0.06572783645242453,1.4974,1
cebik-w4rnl/models/Quads/nec/18-24-2b5-6elquad-W4RNL.nec,ok,ok,0.21607494540512562,0.15294805075973272,1.4127,1
cebik-w4rnl/models/Quads/nec/18-2eloptquad-12.nec,ok,ok,0.014713949523866177,0.012587194330990314,,0
cebik-w4rnl/models/Quads/nec/18-2elquad-sq-14-679ftsp.nec,ok,ok,0.009726695716381073,0.015474528074264526,,0
cebik-w4rnl/models/Quads/nec/18-2elquad-sq-14-944ftsp.nec,ok,ok,0.015638815239071846,0.013531415723264217,,0
cebik-w4rnl/models/Quads/nec/18-3elopthgquad-12.nec,ok,ok,0.015683114528656006,0.01536873821169138,,0
cebik-w4rnl/models/Quads/nec/18-3eloptwbquad.nec,ok,ok,0.015799720771610737,0.01553911529481411,,0
cebik-w4rnl/models/Quads/nec/18-3elquad-14-reversible-AA2NN.nec,ok,ok,0.3712624926120043,0.23141981102526188,1.6043,1
cebik-w4rnl/models/Quads/nec/18-3elquad-14.nec,ok,ok,0.3499323083087802,0.23652677796781063,1.4795,1
cebik-w4rnl/models/Quads/nec/18-4eloptquad-12.nec,ok,ok,0.02136873546987772,0.01916450820863247,,0
cebik-w4rnl/models/Quads/nec/21-28-2b2elquad-14-spider.nec,ok,ok,0.013529632240533829,0.013983773067593575,,0
cebik-w4rnl/models/Quads/nec/21-2eloptquad-12.nec,ok,ok,0.014721615239977837,0.012601286172866821,,0
cebik-w4rnl/models/Quads/nec/21-2elquad-sq-14-580ftsp.nec,ok,ok,0.006929468363523483,0.007463495247066021,,0
cebik-w4rnl/models/Quads/nec/21-2elquad-sq-14-8ftsp.nec,ok,ok,0.015463936142623425,0.013327850960195065,,0
cebik-w4rnl/models/Quads/nec/21-2elquad-sq-18-ARRL.nec,ok,ok,0.009579279460012913,0.010282435454428196,,0
cebik-w4rnl/models/Quads/nec/21-3elopthgquad-12.nec,ok,ok,0.015582380816340446,0.015569167211651802,,0
cebik-w4rnl/models/Quads/nec/21-3eloptwbquad-12.nec,ok,ok,0.015842086635529995,0.015470277518033981,,0
cebik-w4rnl/models/Quads/nec/21-4eloptquad-12.nec,ok,ok,0.021482723765075207,0.019586822018027306,,0
cebik-w4rnl/models/Quads/nec/21-5elquad-14-eqsp-W4RNL.nec,ok,ok,0.07243407145142555,0.050693800672888756,1.4289,1
cebik-w4rnl/models/Quads/nec/21-6elquad-8.nec,ok,ok,0.09879874531179667,0.0656312620267272,1.5054,1
cebik-w4rnl/models/Quads/nec/220-2eloptquad-12.nec,ok,ok,0.014933203347027302,0.012509400956332684,,0
cebik-w4rnl/models/Quads/nec/220-3elopthgquad-12.nec,ok,ok,0.015905956737697124,0.015375564806163311,,0
cebik-w4rnl/models/Quads/nec/220-3eloptwbquad-12.nec,ok,ok,0.015848026610910892,0.015305462293326855,,0
cebik-w4rnl/models/Quads/nec/220-4eloptquad-12.nec,ok,ok,0.021434256806969643,0.019574365578591824,,0
cebik-w4rnl/models/Quads/nec/24-1elloop-diamond-14.nec,ok,ok,0.02979088108986616,0.024121375754475594,,0
cebik-w4rnl/models/Quads/nec/24-1elloop-diamond-load-14.nec,ok,ok,0.03724398743361235,0.030409349128603935,,0
cebik-w4rnl/models/Quads/nec/24-2eloptquad-12.nec,ok,ok,0.014780210331082344,0.012543872930109501,,0
cebik-w4rnl/models/Quads/nec/24-2elquad-dia-14-675ftsp.nec,ok,ok,0.04823672492057085,0.037414900958538055,,0
cebik-w4rnl/models/Quads/nec/24-2elquad-sq-14-5ftsp.nec,ok,ok,0.0061576226726174355,0.006451958790421486,,0
cebik-w4rnl/models/Quads/nec/24-2elquad-sq-14-685ftsp.nec,ok,ok,0.015565648674964905,0.020255793817341328,,0
cebik-w4rnl/models/Quads/nec/24-3elopthgquad-12.nec,ok,ok,0.015815147198736668,0.01528762374073267,,0
cebik-w4rnl/models/Quads/nec/24-3eloptwbquad-12.nec,ok,ok,0.015957157127559185,0.01581478212028742,,0
cebik-w4rnl/models/Quads/nec/24-4eloptquad-12.nec,ok,ok,0.021331219002604485,0.019088069908320904,,0
cebik-w4rnl/models/Quads/nec/28-1elloop-1.nec,ok,ok,0.009148715063929558,0.009098440408706665,,0
cebik-w4rnl/models/Quads/nec/28-1elloop-14.nec,ok,ok,0.00896460935473442,0.008976869285106659,,0
cebik-w4rnl/models/Quads/nec/28-1elloop-load-14.nec,ok,ok,0.01143118366599083,0.01078867819160223,,0
cebik-w4rnl/models/Quads/nec/28-2eldeltaloop-14.nec,ok,ok,0.02893354371190071,0.02508186735212803,,0
cebik-w4rnl/models/Quads/nec/28-2eloptquad-12.nec,ok,ok,0.01479446329176426,0.012604978866875172,,0
cebik-w4rnl/models/Quads/nec/28-2elquad-dia-load-14.nec,ok,ok,0.05139416456222534,0.04064936004579067,,0
cebik-w4rnl/models/Quads/nec/28-2elquad-sq-14-6ftsp.nec,ok,ok,0.015745998360216618,0.013609408400952816,,0
cebik-w4rnl/models/Quads/nec/28-2elquad-sq-14-medsp.nec,ok,ok,0.015780827961862087,0.014062677510082722,,0
cebik-w4rnl/models/Quads/nec/28-2elquad-sq-14-smallsp.nec,ok,ok,0.015829702839255333,0.01361074298620224,,0
cebik-w4rnl/models/Quads/nec/28-2elquad-sq-14-widesp.nec,ok,ok,0.015774919651448727,0.01382187008857727,,0
cebik-w4rnl/models/Quads/nec/28-2elquad-sq-14.nec,ok,ok,0.007052785716950893,0.007700600661337376,,0
cebik-w4rnl/models/Quads/nec/28-2elquad-sq-dblload-14.nec,ok,ok,0.08716810029000044,0.06382795423269272,1.3657,1
cebik-w4rnl/models/Quads/nec/28-2elquad-sq-load-14.nec,ok,ok,0.04926742147654295,0.037836626172065735,,0
cebik-w4rnl/models/Quads/nec/28-2elquad-sq-load.nec,ok,ok,0.027684793807566166,0.02172586042433977,,0
cebik-w4rnl/models/Quads/nec/28-2elswissdelta-14.nec,ok,ok,0.01032046228647232,0.01116153597831726,,0
cebik-w4rnl/models/Quads/nec/28-3elopthgquad-12.nec,ok,ok,0.0157289020717144,0.015218140557408333,,0
cebik-w4rnl/models/Quads/nec/28-3eloptwbquad-12.nec,ok,ok,0.015849966555833817,0.015215879306197166,,0
cebik-w4rnl/models/Quads/nec/28-3elquad-14-Yagisp.nec,ok,ok,0.026973784901201725,0.02094344235956669,,0
cebik-w4rnl/models/Quads/nec/28-3elquad-50-Yagisp.nec,ok,ok,0.027624488808214664,0.02059969585388899,,0
cebik-w4rnl/models/Quads/nec/28-4eloptquad-12.nec,ok,ok,0.02131896186619997,0.01929533015936613,,0
cebik-w4rnl/models/Quads/nec/28-5elquad-16-eqsp-W4RNL.nec,ok,ok,0.07285558246076107,0.05056809447705746,1.4407,1
cebik-w4rnl/models/Quads/nec/28-6elquad-8.nec,ok,ok,0.09811197873204947,0.06576517596840858,1.4919,1
cebik-w4rnl/models/Quads/nec/28-birdcage-dri-14.nec,ok,ok,0.018569573760032654,0.01721182744950056,,0
cebik-w4rnl/models/Quads/nec/28-birdcage-ref-14.nec,ok,ok,0.01839257776737213,0.017167397774755955,,0
cebik-w4rnl/models/Quads/nec/3band2elquad-14-1feed-a.nec,ok,ok,0.5676407404243946,0.33585104811936617,1.6902,1
cebik-w4rnl/models/Quads/nec/3band2elquad-14-1feed.nec,ok,ok,0.3785295896232128,0.26630547642707825,1.4214,1
cebik-w4rnl/models/Quads/nec/3band4elquad-12-ARRL.nec,ok,ok,0.09443611651659012,0.07029459718614817,1.3434,1
cebik-w4rnl/models/Quads/nec/3r6-2eloptquad-12.nec,ok,ok,0.014879446476697922,0.012690351344645023,,0
cebik-w4rnl/models/Quads/nec/3r6-3elopthgquad-12.nec,ok,ok,0.015987243503332138,0.01538330502808094,,0
cebik-w4rnl/models/Quads/nec/3r6-3eloptwbquad-12.nec,ok,ok,0.015795286744832993,0.015773403458297253,,0
cebik-w4rnl/models/Quads/nec/3r6-4eloptquad-12.nec,ok,ok,0.021320386789739132,0.018975180573761463,,0
cebik-w4rnl/models/Quads/nec/3r9-2eloptquad-12.nec,ok,ok,0.014884699136018753,0.012997177429497242,,0
cebik-w4rnl/models/Quads/nec/3r9-3elopthgquad-12.nec,ok,ok,0.01567032001912594,0.015325115993618965,,0
cebik-w4rnl/models/Quads/nec/3r9-3eloptwbquad-12.nec,ok,ok,0.015751749277114868,0.015519051812589169,,0
cebik-w4rnl/models/Quads/nec/3r9-4eloptquad-12.nec,ok,ok,0.02137069869786501,0.019196949899196625,,0
cebik-w4rnl/models/Quads/nec/432-2eloptquad-12.nec,ok,ok,0.014880247414112091,0.013000979088246822,,0
cebik-w4rnl/models/Quads/nec/432-3elopthgquad-12.nec,ok,ok,0.01567986886948347,0.01527645718306303,,0
cebik-w4rnl/models/Quads/nec/432-3eloptwbquad-12.nec,ok,ok,0.01578887738287449,0.015692210756242275,,0
cebik-w4rnl/models/Quads/nec/432-4eloptquad-12.nec,ok,ok,0.021251006983220577,0.019093582406640053,,0
cebik-w4rnl/models/Quads/nec/50-2eloptquad-12.nec,ok,ok,0.014693615026772022,0.013089514337480068,,0
cebik-w4rnl/models/Quads/nec/50-3elopthgquad-12.nec,ok,ok,0.01582503691315651,0.01534227840602398,,0
cebik-w4rnl/models/Quads/nec/50-3eloptwbquad-12.nec,ok,ok,0.015872687101364136,0.01527991984039545,,0
cebik-w4rnl/models/Quads/nec/50-4eloptquad-12.nec,ok,ok,0.02139817550778389,0.01970573700964451,,0
cebik-w4rnl/models/Quads/nec/5band2elquad-planar-KC6T.nec,ok,ok,0.06872859597206116,0.06053343694657087,1.1354,1
cebik-w4rnl/models/Quads/nec/5band2elquad-spider-125wlsp.nec,ok,ok,0.06928608007729053,0.06091609876602888,1.1374,1
cebik-w4rnl/models/Quads/nec/5band2elquad-spider-174wlsp.nec,ok,ok,0.07118604145944118,0.05978156719356775,1.1908,1
cebik-w4rnl/models/Quads/nec/5band2elquad-spider-opt.nec,ok,ok,0.07112596742808819,0.060938126407563686,1.1672,1
cebik-w4rnl/models/Quads/nec/5band2elquad-spider-widesp.nec,ok,ok,0.08107385318726301,0.06823715381324291,1.1881,1
cebik-w4rnl/models/Quads/nec/5band3elquad-14-ON7NQ.nec,ok,ok,0.14216873701661825,0.10919543914496899,1.3020,1
cebik-w4rnl/models/Quads/nec/5band3elquad-14-sepfeed.nec,ok,ok,0.14180329162627459,0.1086356807500124,1.3053,1
cebik-w4rnl/models/Quads/nec/5band3r5elquad-12-ON7NQ.nec,ok,ok,0.18099088687449694,0.13339624274522066,1.3568,1
cebik-w4rnl/models/Quads/nec/5band4-5elquad-12-W4RNL.nec,ok,ok,0.31100083887577057,0.21663630940020084,1.4356,1
cebik-w4rnl/models/Quads/nec/5band4-5elquad-ON7NQ.nec,ok,ok,0.10909048095345497,0.10253629181534052,1.0639,1
cebik-w4rnl/models/Quads/nec/5band4elquad-12-GI0KVQ.nec,ok,ok,0.25886616483330727,0.16345016285777092,1.5838,1
cebik-w4rnl/models/Quads/nec/5band5-6elquad-12-W4RNL.nec,ok,ok,0.3592422679066658,0.23700156807899475,1.5158,1
cebik-w4rnl/models/Quads/nec/5r4-2eloptquad-12.nec,ok,ok,0.014788839034736156,0.01256194431334734,,0
cebik-w4rnl/models/Quads/nec/5r4-3elopthgquad-12.nec,ok,ok,0.015905719250440598,0.015904544852674007,,0
cebik-w4rnl/models/Quads/nec/5r4-3eloptwbquad-12.nec,ok,ok,0.015844197012484074,0.015364992432296276,,0
cebik-w4rnl/models/Quads/nec/5r4-4eloptquad-12.nec,ok,ok,0.021299000829458237,0.01921006850898266,,0
cebik-w4rnl/models/Quads/nec/7-2eloptquad-12.nec,ok,ok,0.014879521913826466,0.012550228275358677,,0
cebik-w4rnl/models/Quads/nec/7-3elopthgquad-12.nec,ok,ok,0.015689720399677753,0.015708674676716328,,0
cebik-w4rnl/models/Quads/nec/7-3eloptwbquad-12.nec,ok,ok,0.015861881896853447,0.016000636853277683,,0
cebik-w4rnl/models/Quads/nec/7-4eloptquad-12.nec,ok,ok,0.021281947381794453,0.01946822553873062,,0
cebik-w4rnl/models/Quads/nec/903-2eloptquad-12.nec,ok,ok,0.014830740168690681,0.01259581372141838,,0
cebik-w4rnl/models/Quads/nec/903-3elopthgquad-12.nec,ok,ok,0.01564348954707384,0.015764622017741203,,0
cebik-w4rnl/models/Quads/nec/903-3eloptwbquad-12.nec,ok,ok,0.01585984416306019,0.015190819278359413,,0
cebik-w4rnl/models/Quads/nec/903-4eloptquad-12.nec,ok,ok,0.021248132921755314,0.01923066284507513,,0
cebik-w4rnl/models/VHF-UHF/nec/100-FMJpole.nec,ok,ok,0.1341760689392686,0.09045979846268892,1.4833,1
cebik-w4rnl/models/VHF-UHF/nec/100-batwing+reflector.nec,ok,ok,0.15256816800683737,0.1479890327900648,1.0309,1
cebik-w4rnl/models/VHF-UHF/nec/100-batwing-wbdipole.nec,ok,ok,0.039469351060688496,0.03241834323853254,,0
cebik-w4rnl/models/VHF-UHF/nec/100-dual-rhombic.nec,ok,ok,4.600288700312376,2.3406002642586827,1.9654,1
cebik-w4rnl/models/VHF-UHF/nec/1296-20elYagi-DL6WU.nec,ok,ok,0.06453671585768461,0.045723555609583855,,0
cebik-w4rnl/models/VHF-UHF/nec/1296-32elYagi-DL6WU.nec,ok,ok,0.14035219233483076,0.08761840872466564,1.6019,1
cebik-w4rnl/models/VHF-UHF/nec/1296-cornerrefl+dipole.nec,ok,ok,0.577166766859591,0.29734665993601084,1.9411,1
cebik-w4rnl/models/VHF-UHF/nec/1296-cornerrefl-vertical.nec,ok,ok,0.12734640203416348,0.08729511871933937,1.4588,1
cebik-w4rnl/models/VHF-UHF/nec/1296-dual-rhombic-QST.nec,ok,ok,1.279935016296804,0.7392514226958156,1.7314,1
cebik-w4rnl/models/VHF-UHF/nec/144-10elOWAYagi.nec,ok,ok,0.027077089995145798,0.02311894204467535,,0
cebik-w4rnl/models/VHF-UHF/nec/144-10elYagi-DL6WU.nec,ok,ok,0.02403212897479534,0.02195320650935173,,0
cebik-w4rnl/models/VHF-UHF/nec/144-11elOWAYagi.nec,ok,ok,0.030490645207464695,0.025806047953665257,,0
cebik-w4rnl/models/VHF-UHF/nec/144-12elOWAYagi.nec,ok,ok,0.034987314604222775,0.027948451228439808,,0
cebik-w4rnl/models/VHF-UHF/nec/144-13elquagi.nec,ok,ok,0.025233296677470207,0.022125771269202232,,0
cebik-w4rnl/models/VHF-UHF/nec/144-2elquad-vertical.nec,ok,ok,0.09090398158878088,0.06353403069078922,1.4308,1
cebik-w4rnl/models/VHF-UHF/nec/144-2elquad.nec,ok,ok,0.015912874601781368,0.013763177208602428,,0
cebik-w4rnl/models/VHF-UHF/nec/144-3elhalfsquare.nec,ok,ok,0.08874687738716602,0.06281870696693659,1.4127,1
cebik-w4rnl/models/VHF-UHF/nec/144-3elwbYagi-W6SAI.nec,ok,ok,0.010464485734701157,0.010287048295140266,,0
cebik-w4rnl/models/VHF-UHF/nec/144-58gp.nec,ok,ok,0.278099587187171,0.17681719828397036,1.5728,1
cebik-w4rnl/models/VHF-UHF/nec/144-6elOWAYagi.nec,ok,ok,0.015349210239946842,0.015144257806241512,,0
cebik-w4rnl/models/VHF-UHF/nec/144-7elOWAYagi.nec,ok,ok,0.017838780768215656,0.017100613564252853,,0
cebik-w4rnl/models/VHF-UHF/nec/144-8elOWAYagi.nec,ok,ok,0.020559029653668404,0.01921849697828293,,0
cebik-w4rnl/models/VHF-UHF/nec/144-9elOWAYagi.nec,ok,ok,0.023639402352273464,0.020992579869925976,,0
cebik-w4rnl/models/VHF-UHF/nec/144-collinear-vertical.nec,ok,ok,0.05499530676752329,0.04674893617630005,,0
cebik-w4rnl/models/VHF-UHF/nec/144-dipole-vertical.nec,ok,ok,0.021115947514772415,0.021427647210657597,,0
cebik-w4rnl/models/VHF-UHF/nec/144-edz-delayline.nec,ok,ok,0.03680398128926754,0.029331541620194912,,0
cebik-w4rnl/models/VHF-UHF/nec/144-edz.nec,ok,ok,0.010791325010359287,0.010529820807278156,,0
cebik-w4rnl/models/VHF-UHF/nec/144-moxrect-1.nec,ok,ok,0.00727433804422617,0.007946985773742199,,0
cebik-w4rnl/models/VHF-UHF/nec/144-moxrect-125.nec,ok,ok,0.007924004457890987,0.008475995622575283,,0
cebik-w4rnl/models/VHF-UHF/nec/144-quadloop-vertical.nec,ok,ok,0.03935483191162348,0.03131565637886524,,0
cebik-w4rnl/models/VHF-UHF/nec/220-10elOWAYagi.nec,ok,ok,0.02707621641457081,0.023139829747378826,,0
cebik-w4rnl/models/VHF-UHF/nec/220-11elOWAYagi.nec,ok,ok,0.030499503947794437,0.025719866156578064,,0
cebik-w4rnl/models/VHF-UHF/nec/220-12elOWAYagi+2ref.nec,ok,ok,0.04009965714067221,0.03041207417845726,,0
cebik-w4rnl/models/VHF-UHF/nec/220-12elOWAYagi.nec,ok,ok,0.03569254372268915,0.02787850610911846,,0
cebik-w4rnl/models/VHF-UHF/nec/220-12elYagi-DL6WU.nec,ok,ok,0.029973230324685574,0.024804409593343735,,0
cebik-w4rnl/models/VHF-UHF/nec/220-13elYagi-SM5BSZ.nec,ok,ok,0.03890346735715866,0.0298910578712821,,0
cebik-w4rnl/models/VHF-UHF/nec/220-13elquagi-Buchanen.nec,ok,ok,0.02542575728148222,0.02225628774613142,,0
cebik-w4rnl/models/VHF-UHF/nec/220-14elYagi-W4RNL.nec,ok,ok,0.019362345337867737,0.018186909146606922,,0
cebik-w4rnl/models/VHF-UHF/nec/220-15elYagi-Buchanan.nec,ok,ok,0.020729471929371357,0.03177811950445175,,0
cebik-w4rnl/models/VHF-UHF/nec/220-16elYagi-DL6WU.nec,ok,ok,0.04523029364645481,0.034294075332582,,0
cebik-w4rnl/models/VHF-UHF/nec/220-18elYagi-DL6WU.nec,ok,ok,0.054233466275036335,0.03959521930664778,,0
cebik-w4rnl/models/VHF-UHF/nec/220-21elYagi-DL6WU.nec,ok,ok,0.0692677004262805,0.04790040757507086,,0
cebik-w4rnl/models/VHF-UHF/nec/220-26elYagi-Dl6WU.nec,ok,ok,0.09794667828828096,0.06574187520891428,1.4899,1
cebik-w4rnl/models/VHF-UHF/nec/220-27elYagi-DJ9BV.nec,ok,ok,0.04401481989771128,0.033765711821615696,,0
cebik-w4rnl/models/VHF-UHF/nec/220-33elYagi.nec,ok,ok,0.1483241319656372,0.09223201498389244,1.6082,1
cebik-w4rnl/models/VHF-UHF/nec/220-3elYagi.nec,ok,ok,0.006194020621478558,0.007005657069385052,,0
cebik-w4rnl/models/VHF-UHF/nec/220-4elwbYagi.nec,ok,ok,0.009377083741128445,0.009734557941555977,,0
cebik-w4rnl/models/VHF-UHF/nec/220-6elOWAYagi-a.nec,ok,ok,0.015062467195093632,0.015209229663014412,,0
cebik-w4rnl/models/VHF-UHF/nec/220-6elOWAYagi.nec,ok,ok,0.015188300050795078,0.015011567622423172,,0
cebik-w4rnl/models/VHF-UHF/nec/220-7elOWAYagi-a.nec,ok,ok,0.017955275252461433,0.0170670123770833,,0
cebik-w4rnl/models/VHF-UHF/nec/220-7elOWAYagi.nec,ok,ok,0.017920760437846184,0.01748786773532629,,0
cebik-w4rnl/models/VHF-UHF/nec/220-8elOWAYagi-a.nec,ok,ok,0.02077094092965126,0.03144387062638998,,0
cebik-w4rnl/models/VHF-UHF/nec/220-8elOWAYagi.nec,ok,ok,0.014832042157649994,0.014679726213216782,,0
cebik-w4rnl/models/VHF-UHF/nec/220-9elOWAYagi.nec,ok,ok,0.023675517179071903,0.02094351314008236,,0
cebik-w4rnl/models/VHF-UHF/nec/300-Lindenblad.nec,ok,ok,0.009614674374461174,0.010057742707431316,,0
cebik-w4rnl/models/VHF-UHF/nec/300-turnstile-dipoles.nec,ok,ok,0.00693781953305006,0.007442622445523739,,0
cebik-w4rnl/models/VHF-UHF/nec/432-10elOWAYagi-14.nec,ok,ok,0.02677416428923607,0.02346246223896742,,0
cebik-w4rnl/models/VHF-UHF/nec/432-10elYagi-DL6WU.nec,ok,ok,0.023906703107059002,0.02090513240545988,,0
cebik-w4rnl/models/VHF-UHF/nec/432-11elOWAYagi-14.nec,ok,ok,0.030391489155590534,0.025104744359850883,,0
cebik-w4rnl/models/VHF-UHF/nec/432-12elOWAYagi+2ref-4mm.nec,ok,ok,0.0427863085642457,0.0331651521846652,,0
cebik-w4rnl/models/VHF-UHF/nec/432-12elOWAYagi-10mm.nec,ok,ok,0.034972742199897766,0.04671819135546684,,0
cebik-w4rnl/models/VHF-UHF/nec/432-12elOWAYagi-14.nec,ok,ok,0.03432022873312235,0.027841798961162567,,0
cebik-w4rnl/models/VHF-UHF/nec/432-12elOWAYagi-4mm.nec,ok,ok,0.0434153052046895,0.033248391933739185,,0
cebik-w4rnl/models/VHF-UHF/nec/432-14elYagi-DL6WU.nec,ok,ok,0.03702529892325401,0.028678301721811295,,0
cebik-w4rnl/models/VHF-UHF/nec/432-16elYagi-DL6WU.nec,ok,ok,0.045388029888272285,0.03444149997085333,,0
cebik-w4rnl/models/VHF-UHF/nec/432-18elYagi-DL6WU.nec,ok,ok,0.053691817447543144,0.03997259121388197,,0
cebik-w4rnl/models/VHF-UHF/nec/432-18elYagi.nec,ok,ok,0.0541235962882638,0.03954065311700106,,0
cebik-w4rnl/models/VHF-UHF/nec/432-20elYagi-DL6WU.nec,ok,ok,0.06395870726555586,0.04524200223386288,,0
cebik-w4rnl/models/VHF-UHF/nec/432-21-elOWAYagi-4mm.nec,ok,ok,0.07712928391993046,0.05265946686267853,1.4647,1
cebik-w4rnl/models/VHF-UHF/nec/432-21elYagi-DL6WU.nec,ok,ok,0.06895263493061066,0.04801699332892895,,0
cebik-w4rnl/models/VHF-UHF/nec/432-25elYagi.nec,ok,ok,0.09231621958315372,0.06267280597239733,1.4730,1
cebik-w4rnl/models/VHF-UHF/nec/432-26elYagi-DL6WU.nec,ok,ok,0.09791028127074242,0.06521162390708923,1.5014,1
cebik-w4rnl/models/VHF-UHF/nec/432-26elYagi-SM5BSZ.nec,ok,ok,0.09798440523445606,0.06580618303269148,1.4890,1
cebik-w4rnl/models/VHF-UHF/nec/432-27elYagi-DJ9BV.nec,ok,ok,0.1043890556320548,0.06911291927099228,1.5104,1
cebik-w4rnl/models/VHF-UHF/nec/432-31elYagi.nec,ok,ok,0.13365754578262568,0.08405798673629761,1.5901,1
cebik-w4rnl/models/VHF-UHF/nec/432-32elYagi-DL6WU.nec,ok,ok,0.1404485795646906,0.08743155561387539,1.6064,1
cebik-w4rnl/models/VHF-UHF/nec/432-32elwbYagi-VK3AUU.nec,ok,ok,0.1407575746998191,0.08881999272853136,1.5848,1
cebik-w4rnl/models/VHF-UHF/nec/432-40elYagi-K1FO.nec,ok,ok,0.21089371386915445,0.14910526014864445,1.4144,1
cebik-w4rnl/models/VHF-UHF/nec/432-41elwbYagi-VK3AUU.nec,ok,ok,0.21972206328064203,0.13030566833913326,1.6862,1
cebik-w4rnl/models/VHF-UHF/nec/432-43elYagi-VE7SQB.nec,ok,ok,0.24028943572193384,0.16558554396033287,1.4511,1
cebik-w4rnl/models/VHF-UHF/nec/432-4elwbYagi-W4RNL.nec,ok,ok,0.007750962860882282,0.00848193746060133,,0
cebik-w4rnl/models/VHF-UHF/nec/432-58gp.nec,ok,ok,0.03334823250770569,0.03030067402869463,,0
cebik-w4rnl/models/VHF-UHF/nec/432-58splitvertical-WA6SVT.nec,ok,ok,0.0570921441540122,0.04170782957226038,,0
cebik-w4rnl/models/VHF-UHF/nec/432-6elOWAYagi-14.nec,ok,ok,0.015176968649029732,0.015086081810295582,,0
cebik-w4rnl/models/VHF-UHF/nec/432-6elwbYagi-W4RNL.nec,ok,ok,0.010196855291724205,0.010752053931355476,,0
cebik-w4rnl/models/VHF-UHF/nec/432-7elOWAYagi-14.nec,ok,ok,0.0178599851205945,0.017026416026055813,,0
cebik-w4rnl/models/VHF-UHF/nec/432-8elOWAYagi-14.nec,ok,ok,0.020682680420577526,0.01894052978605032,,0
cebik-w4rnl/models/VHF-UHF/nec/432-8elYagi-ARRL.nec,ok,ok,0.0147031145170331,0.014826670289039612,,0
cebik-w4rnl/models/VHF-UHF/nec/432-8elYagi-DL6WU.nec,ok,ok,0.018662837333977222,0.01783751603215933,,0
cebik-w4rnl/models/VHF-UHF/nec/432-8elwbYagi-W4RNL.nec,ok,ok,0.014953354373574257,0.02351082768291235,,0
cebik-w4rnl/models/VHF-UHF/nec/432-8elwireYagi-14.nec,ok,ok,0.013543169014155865,0.013142629526555538,,0
cebik-w4rnl/models/VHF-UHF/nec/432-9elOWAYagi-14.nec,ok,ok,0.023687146604061127,0.02136228885501623,,0
cebik-w4rnl/models/VHF-UHF/nec/432-batwing+reflector.nec,ok,ok,0.4967012107372284,0.31194821279495955,1.5923,1
cebik-w4rnl/models/VHF-UHF/nec/432-batwing-wbdipole.nec,ok,ok,0.0383560499176383,0.032320428639650345,,0
cebik-w4rnl/models/VHF-UHF/nec/432-collinearvertical-GP.nec,ok,ok,0.05995153449475765,0.047216388396918774,,0
cebik-w4rnl/models/VHF-UHF/nec/432-cornerrefl+dipole-a.nec,ok,ok,0.15487782657146454,0.10173824615776539,1.5223,1
cebik-w4rnl/models/VHF-UHF/nec/432-cornerrefl+dipole-b.nec,ok,ok,0.576546423137188,0.29675781819969416,1.9428,1
cebik-w4rnl/models/VHF-UHF/nec/432-cornerrefl+dipole.nec,ok,ok,0.30136985424906015,0.1776350438594818,1.6966,1
cebik-w4rnl/models/VHF-UHF/nec/432-cornerrefl-horiz.nec,ok,ok,1.311594957485795,0.6964632226154208,1.8832,1
cebik-w4rnl/models/VHF-UHF/nec/432-cornerrefl-vertical.nec,ok,ok,0.1284212926402688,0.08750612288713455,1.4676,1
cebik-w4rnl/models/VHF-UHF/nec/432-cornerrefl-wiregrid-large.nec,ok,ok,2.9756306717172265,1.694374336861074,1.7562,1
cebik-w4rnl/models/VHF-UHF/nec/432-cornerrefl-wiregrid-small.nec,ok,ok,0.1991844242438674,0.15758341550827026,1.2640,1
cebik-w4rnl/models/VHF-UHF/nec/432-dbldiamond-wiregridplanarrefl.nec,ok,ok,0.7214745469391346,0.4336911952123046,1.6636,1
cebik-w4rnl/models/VHF-UHF/nec/432-flatcornerrefl+dipole.nec,ok,ok,0.19799185823649168,0.13005885388702154,1.5223,1
cebik-w4rnl/models/VHF-UHF/nec/432-tri-cornerrefl.nec,ok,ok,3.438806340098381,2.006600784137845,1.7137,1
cebik-w4rnl/models/VHF-UHF/nec/432-vertical-GP-125.nec,ok,ok,0.023924142122268677,0.023456797003746033,,0
cebik-w4rnl/models/VHF-UHF/nec/50-12elXquad-14.nec,ok,ok,0.10530744679272175,0.07314243353903294,1.4398,1
cebik-w4rnl/models/VHF-UHF/nec/50-2eldr-dirYagi.nec,ok,ok,0.006379558704793453,0.006964781321585178,,0
cebik-w4rnl/models/VHF-UHF/nec/50-2elwbYagi-W6SAI.nec,ok,ok,0.006489626131951809,0.0070466818287968636,,0
cebik-w4rnl/models/VHF-UHF/nec/50-3elquad-14.nec,ok,ok,0.02674914337694645,0.020876068621873856,,0
cebik-w4rnl/models/VHF-UHF/nec/50-3elwbYagi-W6SAI.nec,ok,ok,0.008170046843588352,0.00869500357657671,,0
cebik-w4rnl/models/VHF-UHF/nec/50-4elhigainYagi-W1VT.nec,ok,ok,0.007352283224463463,0.007932255044579506,,0
cebik-w4rnl/models/VHF-UHF/nec/50-6elOWAYagi.nec,ok,ok,0.018396700732409954,0.017774201929569244,,0
cebik-w4rnl/models/VHF-UHF/nec/50-7elOWAYagi.nec,ok,ok,0.021755988709628582,0.019488459452986717,,0
cebik-w4rnl/models/VHF-UHF/nec/50-8elOWAYagi.nec,ok,ok,0.0253240168094635,0.022618968039751053,,0
cebik-w4rnl/models/VHF-UHF/nec/50-9elYagi-ON4ANT.nec,ok,ok,0.06688344106078148,0.048555715940892696,,0
cebik-w4rnl/models/VHF-UHF/nec/50-dipole-turnstile.nec,ok,ok,0.0960799315944314,0.06387968640774488,1.5041,1
cebik-w4rnl/models/VHF-UHF/nec/50-lazyH-phasedarray.nec,ok,ok,0.5143531309440732,0.24083741009235382,2.1357,1
cebik-w4rnl/models/VHF-UHF/nec/50-lazyH.nec,ok,ok,0.19837815780192614,0.13350039441138506,1.4860,1
cebik-w4rnl/models/VHF-UHF/nec/50-moxrect-14.nec,ok,ok,0.06482400931417942,0.04396401811391115,,0
cebik-w4rnl/models/VHF-UHF/nec/50-moxrect-50.nec,ok,ok,0.0670474711805582,0.04451080225408077,,0
cebik-w4rnl/models/VHF-UHF/nec/50-quad-turnstile.nec,ok,ok,0.18494550697505474,0.1184195326641202,1.5618,1
cebik-w4rnl/models/VHF-UHF/nec/50-quadrectangle-horiz.nec,ok,ok,0.01216863188892603,0.011887996457517147,,0
cebik-w4rnl/models/VHF-UHF/nec/850-dbldiamond-planarrefl.nec,ok,ok,0.04164619278162718,0.03582650050520897,,0
cebik-w4rnl/models/VHF-UHF/nec/903-20elYagi-DL6WU.nec,ok,ok,0.06371935829520226,0.045007227919995785,,0
cebik-w4rnl/models/VHF-UHF/nec/903-32elYagi-DL6WU.nec,ok,ok,0.14047543425112963,0.08776460122317076,1.6006,1
cebik-w4rnl/models/VHF-UHF/nec/903-cornerrefl-vertical.nec,ok,ok,0.1286864010617137,0.08741780463606119,1.4721,1
cebik-w4rnl/models/Verticals/nec/10-3elparasitic-sngnd.nec,ok,ok,0.4658329663798213,0.2892903983592987,1.6103,1
cebik-w4rnl/models/Verticals/nec/10-3elwireparasitic-sngnd.nec,ok,ok,0.1865082699805498,0.12605520151555538,1.4796,1
cebik-w4rnl/models/Verticals/nec/10-bobtailcurtain-14.nec,ok,ok,0.29848342575132847,0.19554887991398573,1.5264,1
cebik-w4rnl/models/Verticals/nec/10-dblrect-14.nec,ok,ok,0.34404955990612507,0.22744734212756157,1.5127,1
cebik-w4rnl/models/Verticals/nec/10-dpl-spiralhats-sngnd.nec,ok,ok,0.11628178041428328,0.0861456161364913,1.3498,1
cebik-w4rnl/models/Verticals/nec/10-halfsquare-12.nec,ok,ok,0.2967549851164222,0.19482678547501564,1.5232,1
cebik-w4rnl/models/Verticals/nec/10-hsbeam-12.nec,ok,ok,0.32827677484601736,0.22862330358475447,1.4359,1
cebik-w4rnl/models/Verticals/nec/10-quadloop-dia-12.nec,ok,ok,0.310077547095716,0.2078844364732504,1.4916,1
cebik-w4rnl/models/Verticals/nec/10-quadloop-sq-12.nec,ok,ok,0.1864538649097085,0.12736428249627352,1.4639,1
cebik-w4rnl/models/Verticals/nec/10-rect-14.nec,ok,ok,0.2988233622163534,0.19671780336648226,1.5190,1
cebik-w4rnl/models/Verticals/nec/10-sterba-12.nec,ok,ok,0.6071102758869529,0.33724990393966436,1.8002,1
cebik-w4rnl/models/Verticals/nec/10-sterba-ctrfed-12.nec,ok,ok,0.5692657129839063,0.3436146844178438,1.6567,1
cebik-w4rnl/models/Verticals/nec/14-monopole-4rad.nec,ok,ok,0.3425125600770116,0.22853078972548246,1.4988,1
cebik-w4rnl/models/Verticals/nec/14-monopole-4sloperad.nec,ok,ok,0.2392285903915763,0.16725390031933784,1.4303,1
cebik-w4rnl/models/Verticals/nec/144-14gp-45deg.nec,ok,ok,0.14740898553282022,0.10542251914739609,1.3983,1
cebik-w4rnl/models/Verticals/nec/144-14gp.nec,ok,ok,0.14524365961551666,0.10296092741191387,1.4107,1
cebik-w4rnl/models/Verticals/nec/144-14vertical-GP-fat.nec,ok,ok,0.054516212083399296,0.04103422723710537,,0
cebik-w4rnl/models/Verticals/nec/144-2elBobtail.nec,ok,ok,0.296776220202446,0.16715852450579405,1.7754,1
cebik-w4rnl/models/Verticals/nec/144-2elhalfsquare.nec,ok,ok,0.07026820443570614,0.039226233959198,,0
cebik-w4rnl/models/Verticals/nec/144-3eljpoleYagi-375.nec,ok,ok,0.5009460598230362,0.28305829782038927,1.7698,1
cebik-w4rnl/models/Verticals/nec/144-Jpole-50.nec,ok,ok,0.00664637703448534,0.006991035304963589,,0
cebik-w4rnl/models/Verticals/nec/144-Jpole58-375.nec,ok,ok,0.024397874251008034,0.01861274428665638,,0
cebik-w4rnl/models/Verticals/nec/144-edz-vertical.nec,ok,ok,0.04647821746766567,0.03909654915332794,,0
cebik-w4rnl/models/Verticals/nec/144-halfsquare.nec,ok,ok,0.02328377217054367,0.019167602993547916,,0
cebik-w4rnl/models/Verticals/nec/18-jpole-12.nec,ok,ok,0.006281279027462006,0.007034034468233585,,0
cebik-w4rnl/models/Verticals/nec/1r8-dblrect-12.nec,ok,ok,0.36559617426246405,0.24191512633115053,1.5113,1
cebik-w4rnl/models/Verticals/nec/1r8-monopole-12rad-lentpr.nec,ok,ok,0.35771496314555407,0.24148451909422874,1.4813,1
cebik-w4rnl/models/Verticals/nec/1r8-monopole-4rad-lentpr.nec,ok,ok,0.3166349520906806,0.2067953934893012,1.5312,1
cebik-w4rnl/models/Verticals/nec/1r8-monopole-60rad-lentpr.nec,ok,ok,1.2567895343527198,0.7959403125569224,1.5790,1
cebik-w4rnl/models/Verticals/nec/1r8-rect-12.nec,ok,ok,0.3211815571412444,0.21272964496165514,1.5098,1
cebik-w4rnl/models/Verticals/nec/1r8-thatmonopole-mingnd.nec,ok,ok,0.007100842893123627,0.007079940289258957,,0
cebik-w4rnl/models/Verticals/nec/1r8-thatwiremonopole-mingnd.nec,ok,ok,0.008520946837961674,0.008132575079798698,,0
cebik-w4rnl/models/Verticals/nec/21-jpole-12.nec,ok,ok,0.006111362017691135,0.006693716160953045,,0
cebik-w4rnl/models/Verticals/nec/24-jpole-12.nec,ok,ok,0.006186941638588905,0.006644872948527336,,0
cebik-w4rnl/models/Verticals/nec/28-jpole-12.nec,ok,ok,0.006088290363550186,0.006473734974861145,,0
cebik-w4rnl/models/Verticals/nec/28-monopole-4rad.nec,ok,ok,0.31405823584645987,0.21078018005937338,1.4900,1
cebik-w4rnl/models/Verticals/nec/28-monopole-4sloperad.nec,ok,ok,0.12477048952132463,0.087761958129704,1.4217,1
cebik-w4rnl/models/Verticals/nec/3-monopole-16hat-pergnd.nec,ok,ok,0.011613268405199051,0.010742215439677238,,0
cebik-w4rnl/models/Verticals/nec/3-monopole-16hat-perim-pergnd.nec,ok,ok,0.02092097606509924,0.017893124371767044,,0
cebik-w4rnl/models/Verticals/nec/3-monopole-4hat-pergnd.nec,ok,ok,0.007319911383092403,0.007436040788888931,,0
cebik-w4rnl/models/Verticals/nec/3-monopole-4hat-perim-pergnd.nec,ok,ok,0.00910903885960579,0.00869823805987835,,0
cebik-w4rnl/models/Verticals/nec/300-11eldplarray.nec,ok,ok,0.07960545178502798,0.06394282635301352,1.2449,1
cebik-w4rnl/models/Verticals/nec/300-20eldplarray.nec,ok,ok,0.1555550554767251,0.11169843934476376,1.3926,1
cebik-w4rnl/models/Verticals/nec/300-30eldplarray.nec,ok,ok,0.26631519570946693,0.18168886750936508,1.4658,1
cebik-w4rnl/models/Verticals/nec/3r5-equidelta-fs-12.nec,ok,ok,0.008082962594926357,0.00854575913399458,,0
cebik-w4rnl/models/Verticals/nec/3r6-alt2shortequidelta-sngnd-12.nec,ok,ok,0.22476897109299898,0.15079627092927694,1.4905,1
cebik-w4rnl/models/Verticals/nec/3r6-alt3shortequidelta-sngnd-12.nec,ok,ok,0.22552539128810167,0.1528048813343048,1.4759,1
cebik-w4rnl/models/Verticals/nec/3r6-altshortequidelta-sngnd-12.nec,ok,ok,0.2279715221375227,0.1540584098547697,1.4798,1
cebik-w4rnl/models/Verticals/nec/3r6-bobtailbeam-12.nec,ok,ok,0.4049755074083805,0.26497778948396444,1.5283,1
cebik-w4rnl/models/Verticals/nec/3r6-bobtailcurtain-12.nec,ok,ok,0.36438420321792364,0.23757177405059338,1.5338,1
cebik-w4rnl/models/Verticals/nec/3r6-dbldelta-sngnd-12.nec,ok,ok,0.32207996118813753,0.2148911627009511,1.4988,1
cebik-w4rnl/models/Verticals/nec/3r6-dblrect-12.nec,ok,ok,0.35255316644907,0.23330210242420435,1.5111,1
cebik-w4rnl/models/Verticals/nec/3r6-halfsquare-12.nec,ok,ok,0.30815779231488705,0.2016867883503437,1.5279,1
cebik-w4rnl/models/Verticals/nec/3r6-hentenna-12.nec,ok,ok,0.3104529632255435,0.2052797945216298,1.5123,1
cebik-w4rnl/models/Verticals/nec/3r6-hsbeam-12.nec,ok,ok,0.3364971103146672,0.2240973161533475,1.5016,1
cebik-w4rnl/models/Verticals/nec/3r6-hsbeam-reverible-12.nec,ok,ok,0.3431948097422719,0.22464574594050646,1.5277,1
cebik-w4rnl/models/Verticals/nec/3r6-opendblrect-12.nec,ok,ok,0.347557432949543,0.2256102990359068,1.5405,1
cebik-w4rnl/models/Verticals/nec/3r6-parasitichentennas-12-N2DT.nec,ok,ok,0.35601615998893976,0.23740296717733145,1.4996,1
cebik-w4rnl/models/Verticals/nec/3r6-phasedhentennas-12-N2DT.nec,ok,ok,0.3553026420995593,0.23464679159224033,1.5142,1
cebik-w4rnl/models/Verticals/nec/3r6-rectangle-12.nec,ok,ok,0.3099107639864087,0.20375785790383816,1.5210,1
cebik-w4rnl/models/Verticals/nec/3r6-rtangdelta-fs-12.nec,ok,ok,0.007057183422148228,0.007463610731065273,,0
cebik-w4rnl/models/Verticals/nec/3r6-shortequidelta-sngnd-12.nec,ok,ok,0.23688822146505117,0.15307665150612593,1.5475,1
cebik-w4rnl/models/Verticals/nec/3r6-vert-coilhat.nec,ok,ok,0.020043211057782173,0.016823207028210163,,0
cebik-w4rnl/models/Verticals/nec/3r6-vert-spiralhat.nec,ok,ok,0.029171990230679512,0.023937267251312733,,0
cebik-w4rnl/models/Verticals/nec/3r6-vert-symradhat.nec,ok,ok,0.0687940027564764,0.053692216984927654,1.2813,1
cebik-w4rnl/models/Verticals/nec/3r6-vert-teehat.nec,ok,ok,0.01522549893707037,0.012784377671778202,,0
cebik-w4rnl/models/Verticals/nec/3r6-vert-zigzaghat.nec,ok,ok,0.02218684647232294,0.01813439466059208,,0
cebik-w4rnl/models/Verticals/nec/50-Lant-375.nec,ok,ok,0.1007922412827611,0.06856006942689419,1.4701,1
cebik-w4rnl/models/Verticals/nec/50-Lant-50.nec,ok,ok,0.10058320593088865,0.06812200136482716,1.4765,1
cebik-w4rnl/models/Verticals/nec/5r4-bobtailcurtain-14.nec,ok,ok,0.3099510511383414,0.2047223523259163,1.5140,1
cebik-w4rnl/models/Verticals/nec/5r4-dblrect-14.nec,ok,ok,0.37358246836811304,0.23574450239539146,1.5847,1
cebik-w4rnl/models/Verticals/nec/5r4-halfsquare-12.nec,ok,ok,0.310826288536191,0.2036654781550169,1.5262,1
cebik-w4rnl/models/Verticals/nec/5r4-opendblrect-12.nec,ok,ok,0.33768653124570847,0.22309285588562489,1.5137,1
cebik-w4rnl/models/Verticals/nec/5r4-rect-14.nec,ok,ok,0.312700429931283,0.22216092981398106,1.4075,1
cebik-w4rnl/models/Verticals/nec/7-2elphased-mingnd.nec,ok,ok,0.0063132429495453835,0.0065140798687934875,,0
cebik-w4rnl/models/Verticals/nec/7-2monopoles-parasitic.nec,ok,ok,0.005156216211616993,0.005379430949687958,,0
cebik-w4rnl/models/Verticals/nec/7-2monopoles-phased.nec,ok,ok,0.006046820431947708,0.006539053283631802,,0
cebik-w4rnl/models/Verticals/nec/7-3elcaploadparasitic-sngnd.nec,ok,ok,0.5399058628827333,0.35472848918288946,1.5220,1
cebik-w4rnl/models/Verticals/nec/7-3elhatloadparasitic-sngnd.nec,ok,ok,0.5059290872886777,0.31788444891572,1.5916,1
cebik-w4rnl/models/Verticals/nec/7-3elparasitic-sngnd.nec,ok,ok,0.388041652739048,0.2491750093176961,1.5573,1
cebik-w4rnl/models/Verticals/nec/7-3elvertYagi-mingnd-1.nec,ok,ok,0.01146543025970459,0.010926742106676102,,0
cebik-w4rnl/models/Verticals/nec/7-3elwireparasitic-sngnd.nec,ok,ok,0.19414527621120214,0.1315040746703744,1.4763,1
cebik-w4rnl/models/Verticals/nec/7-bobtailcurtain-14.nec,ok,ok,0.2865455513820052,0.1879147905856371,1.5249,1
cebik-w4rnl/models/Verticals/nec/7-bruce-12.nec,ok,ok,0.015620832331478596,0.014870203100144863,,0
cebik-w4rnl/models/Verticals/nec/7-dbldelta-sngnd-12.nec,ok,ok,0.29860670026391745,0.20090851467102766,1.4863,1
cebik-w4rnl/models/Verticals/nec/7-dblrect-14.nec,ok,ok,0.3312600152567029,0.21743012685328722,1.5235,1
cebik-w4rnl/models/Verticals/nec/7-dpl-hats-sngnd.nec,ok,ok,0.2112274644896388,0.14581059478223324,1.4486,1
cebik-w4rnl/models/Verticals/nec/7-dpl-spiralhats-sngnd.nec,ok,ok,0.10781880374997854,0.07864601910114288,1.3709,1
cebik-w4rnl/models/Verticals/nec/7-equidelta-fs-12.nec,ok,ok,0.007939757779240608,0.008380411192774773,,0
cebik-w4rnl/models/Verticals/nec/7-halfsquare-12.nec,ok,ok,0.28458637185394764,0.18780751153826714,1.5153,1
cebik-w4rnl/models/Verticals/nec/7-halfwlvert-6parasiticguys.nec,ok,ok,0.7022836217656732,0.4582012193277478,1.5327,1
cebik-w4rnl/models/Verticals/nec/7-hsbeam-12.nec,ok,ok,0.31624959129840136,0.20582961197942495,1.5365,1
cebik-w4rnl/models/Verticals/nec/7-monopole-4sloperad-sngnd.nec,ok,ok,0.18893353827297688,0.12692325841635466,1.4886,1
cebik-w4rnl/models/Verticals/nec/7-monopole-6rad-sngnd.nec,ok,ok,0.36422606464475393,0.2417861483991146,1.5064,1
cebik-w4rnl/models/Verticals/nec/7-opendblrect-12.nec,ok,ok,0.3111890321597457,0.20993472915142775,1.4823,1
cebik-w4rnl/models/Verticals/nec/7-quadloop-dia-12.nec,ok,ok,0.2976558906957507,0.20009803492575884,1.4876,1
cebik-w4rnl/models/Verticals/nec/7-quadloop-sq-12.nec,ok,ok,0.1942666731774807,0.13303321413695812,1.4603,1
cebik-w4rnl/models/Verticals/nec/7-rect-14.nec,ok,ok,0.28619069419801235,0.18929824605584145,1.5119,1
cebik-w4rnl/models/Verticals/nec/7-rtangdelta-sngnd-12.nec,ok,ok,0.27774727065116167,0.1827321955934167,1.5200,1
cebik-w4rnl/models/Verticals/nec/7-smallloop-1.nec,ok,ok,0.015139512717723846,0.014586631208658218,,0
cebik-w4rnl/models/Verticals/nec/7-sterba-12.nec,ok,ok,0.6048809951171279,0.3326450614258647,1.8184,1
cebik-w4rnl/models/Verticals/nec/7-sterba-ctrfed-12.nec,ok,ok,0.5619779629632831,0.3182721585035324,1.7657,1
cebik-w4rnl/models/Wire-Arrays/nec/10-28-hordelta-cnrfd-12.nec,ok,ok,0.2427642708644271,0.16229946911334991,1.4958,1
cebik-w4rnl/models/Wire-Arrays/nec/10-2elYagi-reversible-12.nec,ok,ok,0.00706381443887949,0.007582393474876881,,0
cebik-w4rnl/models/Wire-Arrays/nec/10-3elYagi-14.nec,ok,ok,0.30518943071365356,0.2015167335048318,1.5145,1
cebik-w4rnl/models/Wire-Arrays/nec/10-8jk-12.nec,ok,ok,0.294860664755106,0.19281771406531334,1.5292,1
cebik-w4rnl/models/Wire-Arrays/nec/10-halfsq-14.nec,ok,ok,0.33728774543851614,0.22266254294663668,1.5148,1
cebik-w4rnl/models/Wire-Arrays/nec/14-28-rhombic21-12.nec,ok,ok,0.07502091582864523,0.05080432817339897,1.4767,1
cebik-w4rnl/models/Wire-Arrays/nec/14-3eledzbeam-12.nec,ok,ok,0.10986588429659605,0.07350037433207035,1.4948,1
cebik-w4rnl/models/Wire-Arrays/nec/14-5wllongwire-endfd-12.nec,ok,ok,0.9484162861481309,0.42220614198595285,2.2463,1
cebik-w4rnl/models/Wire-Arrays/nec/14-8jk-12.nec,ok,ok,0.3141265297308564,0.20477387867867947,1.5340,1
cebik-w4rnl/models/Wire-Arrays/nec/14-N4PCloop-12.nec,ok,ok,0.037231963127851486,0.029361087828874588,,0
cebik-w4rnl/models/Wire-Arrays/nec/14-halfsq-14.nec,ok,ok,0.3578057140111923,0.24507845286279917,1.4600,1
cebik-w4rnl/models/Wire-Arrays/nec/14-halfsqbeam-14.nec,ok,ok,0.3387819519266486,0.22553072962909937,1.5022,1
cebik-w4rnl/models/Wire-Arrays/nec/14-slopet2fd-12.nec,ok,ok,0.31720612570643425,0.2089339131489396,1.5182,1
cebik-w4rnl/models/Wire-Arrays/nec/14-trianglebeam-12.nec,ok,ok,1.6994896065443754,0.6134929228574038,2.7702,1
cebik-w4rnl/models/Wire-Arrays/nec/14-vbeam-12.nec,ok,ok,1.0057020103558898,0.4424185585230589,2.2732,1
cebik-w4rnl/models/Wire-Arrays/nec/1r8-28-horhexloop-12.nec,ok,ok,0.4395102635025978,0.2987218238413334,1.4713,1
cebik-w4rnl/models/Wire-Arrays/nec/1r8-28-horhexloop-large-12.nec,ok,ok,0.3660149648785591,0.24126155767589808,1.5171,1
cebik-w4rnl/models/Wire-Arrays/nec/1r8-28-hort2fd-long-12.nec,ok,ok,0.034778764471411705,0.02781013958156109,,0
cebik-w4rnl/models/Wire-Arrays/nec/1r8-28-hort2fd-med-12.nec,ok,ok,0.3440426168963313,0.231925455853343,1.4834,1
cebik-w4rnl/models/Wire-Arrays/nec/1r8-28-hort2fd-med-tl-12.nec,ok,ok,0.5038593430072069,0.3134129336103797,1.6077,1
cebik-w4rnl/models/Wire-Arrays/nec/1r8-28-hort2fd-short-12.nec,ok,ok,0.01009338814765215,0.01030816975980997,,0
cebik-w4rnl/models/Wire-Arrays/nec/1r8-bobtailbeam-12.nec,ok,ok,0.41662928462028503,0.28368746396154165,1.4686,1
cebik-w4rnl/models/Wire-Arrays/nec/1r8-dblrect-12.nec,ok,ok,0.3672480368986726,0.24767507892102003,1.4828,1
cebik-w4rnl/models/Wire-Arrays/nec/1r8-halfsq-14.nec,ok,ok,0.3212526887655258,0.20990363601595163,1.5305,1
cebik-w4rnl/models/Wire-Arrays/nec/21-coledz-12.nec,ok,ok,0.21479949448257685,0.11681848205626011,1.8387,1
cebik-w4rnl/models/Wire-Arrays/nec/21-coledzlazyh-12.nec,ok,ok,0.5882712276652455,0.24552242178469896,2.3960,1
cebik-w4rnl/models/Wire-Arrays/nec/28-hentenna-12.nec,ok,ok,0.10479103773832321,0.07269336935132742,1.4415,1
cebik-w4rnl/models/Wire-Arrays/nec/3r6-1wlhordelta-12.nec,ok,ok,0.36404720321297646,0.24446882400661707,1.4891,1
cebik-w4rnl/models/Wire-Arrays/nec/3r6-1wlhorhexloop-14.nec,ok,ok,0.3149606306105852,0.2069207327440381,1.5221,1
cebik-w4rnl/models/Wire-Arrays/nec/3r6-1wlhoroctloop-12.nec,ok,ok,0.3650712529197335,0.24017351679503918,1.5200,1
cebik-w4rnl/models/Wire-Arrays/nec/3r6-2elYagi-12.nec,ok,ok,0.29585775546729565,0.1914817914366722,1.5451,1
cebik-w4rnl/models/Wire-Arrays/nec/3r6-3elYagi-14.nec,ok,ok,0.3250399734824896,0.2100606020539999,1.5474,1
cebik-w4rnl/models/Wire-Arrays/nec/3r6-3r9-4wire2elYagi.nec,ok,ok,0.32284990791231394,0.21469323709607124,1.5038,1
cebik-w4rnl/models/Wire-Arrays/nec/3r6-dblrect-12.nec,ok,ok,0.017174874432384968,0.016527035273611546,,0
cebik-w4rnl/models/Wire-Arrays/nec/3r6-halfsq-12.nec,ok,ok,0.3081794576719403,0.20308586675673723,1.5175,1
cebik-w4rnl/models/Wire-Arrays/nec/3r6-halfsqbeam-12.nec,ok,ok,0.34184246417135,0.23654626961797476,1.4451,1
cebik-w4rnl/models/Wire-Arrays/nec/3r6-linloaddipole-12.nec,ok,ok,0.01170389261096716,0.01144572626799345,,0
cebik-w4rnl/models/Wire-Arrays/nec/3r6-slopet2fd-12.nec,ok,ok,0.22973590530455112,0.15526161808520555,1.4797,1
cebik-w4rnl/models/Wire-Arrays/nec/3r6-vertrect-12.nec,ok,ok,0.30931190587580204,0.20328908320516348,1.5215,1
cebik-w4rnl/models/Wire-Arrays/nec/3r6-wbdipole-14.nec,ok,ok,0.2945596668869257,0.19085795618593693,1.5433,1
cebik-w4rnl/models/Wire-Arrays/nec/3r9-2elYagi-14.nec,ok,ok,0.31103812623769045,0.20494822226464748,1.5176,1
cebik-w4rnl/models/Wire-Arrays/nec/3r9-2elYagi-reflload-14.nec,ok,ok,0.3146788328886032,0.2060785572975874,1.5270,1
cebik-w4rnl/models/Wire-Arrays/nec/3r9-3elYagi-14.nec,ok,ok,0.33428625762462616,0.2175638573244214,1.5365,1
cebik-w4rnl/models/Wire-Arrays/nec/3r9-3wire2elYagi-14.nec,ok,ok,0.31947285309433937,0.21138531435281038,1.5113,1
cebik-w4rnl/models/Wire-Arrays/nec/3r9-nvis-1wlloop-planarrefl.nec,ok,ok,0.6227444829419255,0.4129949249327183,1.5079,1
cebik-w4rnl/models/Wire-Arrays/nec/3r9-nvis-batwing-planarrefl.nec,ok,ok,0.9390589743852615,0.5931381555274129,1.5832,1
cebik-w4rnl/models/Wire-Arrays/nec/3r9-nvis-dipole-planarrefl.nec,ok,ok,0.5639208490028977,0.37168148532509804,1.5172,1
cebik-w4rnl/models/Wire-Arrays/nec/3r9-nvis-edzlazyh-planarrefl.nec,ok,ok,1.0971550503745675,0.6949438191950321,1.5788,1
cebik-w4rnl/models/Wire-Arrays/nec/3r9-nvis-jamaica-planarrefl.nec,ok,ok,0.8431493723765016,0.5437014838680625,1.5508,1
cebik-w4rnl/models/Wire-Arrays/nec/5r4-2elYagi-reversible-12.nec,ok,ok,0.00705467164516449,0.007787119597196579,,0
cebik-w4rnl/models/Wire-Arrays/nec/5r4-8jk-12.nec,ok,ok,0.3512177802622318,0.22737139370292425,1.5447,1
cebik-w4rnl/models/Wire-Arrays/nec/5r4-dblrect-14.nec,ok,ok,0.35869949124753475,0.23644248023629189,1.5171,1
cebik-w4rnl/models/Wire-Arrays/nec/5r4-halfsq-12.nec,ok,ok,0.30711887776851654,0.2012535072863102,1.5260,1
cebik-w4rnl/models/Wire-Arrays/nec/5r4-moxrect-reversible-12-AA2NN.nec,ok,ok,0.3035351000726223,0.19776569586247206,1.5348,1
cebik-w4rnl/models/Wire-Arrays/nec/7-14-rhombic10-12.nec,ok,ok,0.07454996928572655,0.050654515624046326,1.4717,1
cebik-w4rnl/models/Wire-Arrays/nec/7-28-hordelta-cnrfd-12.nec,ok,ok,0.33928927779197693,0.22166902013123035,1.5306,1
cebik-w4rnl/models/Wire-Arrays/nec/7-28-lazyh15-al.nec,ok,ok,0.11555362679064274,0.07843744102865458,1.4732,1
cebik-w4rnl/models/Wire-Arrays/nec/7-28-sqloop-cnrfd-12.nec,ok,ok,0.48891603387892246,0.3092419505119324,1.5810,1
cebik-w4rnl/models/Wire-Arrays/nec/7-28-sqloop-sidefd-12.nec,ok,ok,0.3816993348300457,0.24623049888759851,1.5502,1
cebik-w4rnl/models/Wire-Arrays/nec/7-2elYagi-reversible-12.nec,ok,ok,0.007038467563688755,0.007667866535484791,,0
cebik-w4rnl/models/Wire-Arrays/nec/7-2eldelta-12-K4TX.nec,ok,ok,0.3329570358619094,0.22979662753641605,1.4489,1
cebik-w4rnl/models/Wire-Arrays/nec/7-2elwireYagi-12.nec,ok,ok,0.006699862889945507,0.007259584963321686,,0
cebik-w4rnl/models/Wire-Arrays/nec/7-3elYagi-14.nec,ok,ok,0.2926222262904048,0.19264678843319416,1.5190,1
cebik-w4rnl/models/Wire-Arrays/nec/7-8jk-12.nec,ok,ok,0.2823790777474642,0.18554935697466135,1.5219,1
cebik-w4rnl/models/Wire-Arrays/nec/7-bobtailbeam-12.nec,ok,ok,0.38662785198539495,0.2602005982771516,1.4859,1
cebik-w4rnl/models/Wire-Arrays/nec/7-dblrect-14.nec,ok,ok,0.3307167673483491,0.21943763829767704,1.5071,1
cebik-w4rnl/models/Wire-Arrays/nec/7-edzlazyh-14.nec,ok,ok,0.10087187774479389,0.06924030743539333,1.4568,1
cebik-w4rnl/models/Wire-Arrays/nec/7-halfsq-12.nec,ok,ok,0.28143914323300123,0.18666138593107462,1.5078,1
cebik-w4rnl/models/Wire-Arrays/nec/7-halfsqbeam-12.nec,ok,ok,0.3082080679014325,0.20514921937137842,1.5024,1
cebik-w4rnl/models/Wire-Arrays/nec/7-halfsqbeam-14.nec,ok,ok,0.30682407692074776,0.20394943747669458,1.5044,1
cebik-w4rnl/models/Wire-Arrays/nec/7-hentenna-12.nec,ok,ok,0.10056211240589619,0.06993092503398657,1.4380,1
cebik-w4rnl/models/Wire-Arrays/nec/7-lazyh-14.nec,ok,ok,0.0993421794846654,0.06894097104668617,1.4410,1
cebik-w4rnl/models/Wire-Arrays/nec/7-moxrect-reversible-12-AA2NN.nec,ok,ok,0.27670373767614365,0.18109054025262594,1.5280,1
cebik-w4rnl/models/Wire-Arrays/nec/7-multiV-4wl-14.nec,ok,ok,0.6634571393951774,0.39093857537955046,1.6971,1
cebik-w4rnl/models/Wire-Arrays/nec/7-rect-botctrfd-14.nec,ok,ok,0.28081237990409136,0.1844107611104846,1.5228,1
cebik-w4rnl/models/Wire-Arrays/nec/7-rtanglevertdelta-botfd-12.nec,ok,ok,0.28686272632330656,0.18955861777067184,1.5133,1
cebik-w4rnl/models/Wire-Arrays/nec/7-slopet2fd-12.nec,ok,ok,0.2028143061324954,0.13922353740781546,1.4568,1
cebik-w4rnl/models/Wire-Arrays/nec/7-sqquadloop-botfd-12.nec,ok,ok,0.007906673476099968,0.008374864235520363,,0
cebik-w4rnl/models/Wire-Arrays/nec/7-vertdelta-botfd-12.nec,ok,ok,0.28671245090663433,0.18963065929710865,1.5120,1
cebik-w4rnl/models/Wire-Arrays/nec/7-vertintfldloop-12.nec,ok,ok,0.24944173637777567,0.16059053223580122,1.5533,1
cebik-w4rnl/models/Wire-Arrays/nec/7-wbdipole-14.nec,ok,ok,0.2680520601570606,0.17277170438319445,1.5515,1
cebik-w4rnl/models/Yagis-HF/nec/13el20mwireYagi-KB9MZ.nec,ok,ok,0.35266928747296333,0.1836296832188964,1.9205,1
cebik-w4rnl/models/Yagis-HF/nec/2e10mlhelicalelYagi-12.nec,ok,ok,0.04946570284664631,0.03903022687882185,,0
cebik-w4rnl/models/Yagis-HF/nec/2el10mB-antbeam-25.nec,ok,ok,0.17502139415591955,0.11475994437932968,1.5251,1
cebik-w4rnl/models/Yagis-HF/nec/2el10mYagi-stepdia-large.nec,ok,ok,0.007352016866207123,0.00795325729995966,,0
cebik-w4rnl/models/Yagis-HF/nec/2el10mYagi-stepdia-small.nec,ok,ok,0.006806904450058937,0.007347775623202324,,0
cebik-w4rnl/models/Yagis-HF/nec/2el30mwireYagi.nec,ok,ok,0.006364032626152039,0.006965160369873047,,0
cebik-w4rnl/models/Yagis-HF/nec/2el40mwireYagi.nec,ok,ok,0.006389277055859566,0.007227960042655468,,0
cebik-w4rnl/models/Yagis-HF/nec/2el60mwireYagi.nec,ok,ok,0.005622963421046734,0.006326733157038689,,0
cebik-w4rnl/models/Yagis-HF/nec/2el75mwireYagi.nec,ok,ok,0.005391671322286129,0.006119731813669205,,0
cebik-w4rnl/models/Yagis-HF/nec/2el80mwireYagi.nec,ok,ok,0.005562926642596722,0.006086145527660847,,0
cebik-w4rnl/models/Yagis-HF/nec/2eldr-dir10mYagi-375.nec,ok,ok,0.006250140257179737,0.007060609757900238,,0
cebik-w4rnl/models/Yagis-HF/nec/2eldr-dir10mYagi-50.nec,ok,ok,0.005554330535233021,0.00612820778042078,,0
cebik-w4rnl/models/Yagis-HF/nec/2eldr-ref12mYagi-42.nec,ok,ok,0.006198530085384846,0.006822865456342697,,0
cebik-w4rnl/models/Yagis-HF/nec/2eldr-ref15mYagi-50.nec,ok,ok,0.00624984223395586,0.007093580439686775,,0
cebik-w4rnl/models/Yagis-HF/nec/2eldr-ref17mYagi-59.nec,ok,ok,0.006162718869745731,0.0068377535790205,,0
cebik-w4rnl/models/Yagis-HF/nec/2eldr-ref20mYagi-1r5.nec,ok,ok,0.005937641486525536,0.006487480364739895,,0
cebik-w4rnl/models/Yagis-HF/nec/2eldr-ref30mYagi-2.nec,ok,ok,0.005870495922863483,0.0066729942336678505,,0
cebik-w4rnl/models/Yagis-HF/nec/2eldr-ref40mYagi-1r5.nec,ok,ok,0.006188908591866493,0.006842826493084431,,0
cebik-w4rnl/models/Yagis-HF/nec/2eldr-ref40mYagi-stepdia.nec,ok,ok,0.018023180775344372,0.01652862224727869,,0
cebik-w4rnl/models/Yagis-HF/nec/2elwb40mYagi-stepdia.nec,ok,ok,0.014608087949454784,0.02428362052887678,,0
cebik-w4rnl/models/Yagis-HF/nec/3bandHFYagi-uniel-noloads.nec,ok,ok,0.0421336367726326,0.03495393134653568,,0
cebik-w4rnl/models/Yagis-HF/nec/3bandHFtrapYagi-stepdia.nec,ok,ok,0.022317539900541306,0.020264312624931335,,0
cebik-w4rnl/models/Yagis-HF/nec/3el10mYagi-50.nec,ok,ok,0.00792298000305891,0.008421666920185089,,0
cebik-w4rnl/models/Yagis-HF/nec/3el10mYagi-Bird.nec,ok,ok,0.010391782969236374,0.010307637974619865,,0
cebik-w4rnl/models/Yagis-HF/nec/3el10mYagi-stepdia.nec,ok,ok,0.008828137069940567,0.010528835467994213,,0
cebik-w4rnl/models/Yagis-HF/nec/3el12mYagi-625.nec,ok,ok,0.0076784733682870865,0.008241899311542511,,0
cebik-w4rnl/models/Yagis-HF/nec/3el15mYagi-stepdia-large.nec,ok,ok,0.009338099509477615,0.010322454385459423,,0
cebik-w4rnl/models/Yagis-HF/nec/3el15mYagi-stepdia-small.nec,ok,ok,0.015664133243262768,0.015885652042925358,,0
cebik-w4rnl/models/Yagis-HF/nec/3el15mlongYagi-75.nec,ok,ok,0.007986290380358696,0.008421051315963268,,0
cebik-w4rnl/models/Yagis-HF/nec/3el15mmedYagi-K9EUV.nec,ok,ok,0.0061239441856741905,0.006720288656651974,,0
cebik-w4rnl/models/Yagis-HF/nec/3el15mshortYagi-75.nec,ok,ok,0.007727876305580139,0.008612565696239471,,0
cebik-w4rnl/models/Yagis-HF/nec/3el17mshortYagi-875.nec,ok,ok,0.007658300921320915,0.008674439042806625,,0
cebik-w4rnl/models/Yagis-HF/nec/3el20mlongYagi-1.nec,ok,ok,0.0077604493126273155,0.008289249613881111,,0
cebik-w4rnl/models/Yagis-HF/nec/3el20mlongYagi-stepdia.nec,ok,ok,0.00789929274469614,0.008569149300456047,,0
cebik-w4rnl/models/Yagis-HF/nec/3el20mmedYagi-K9EUV.nec,ok,ok,0.0060752155259251595,0.006689593195915222,,0
cebik-w4rnl/models/Yagis-HF/nec/3el20mshortYagi-1.nec,ok,ok,0.00784559641033411,0.008606620132923126,,0
cebik-w4rnl/models/Yagis-HF/nec/3el20mshortYagi-stepdia.nec,ok,ok,0.007854508236050606,0.008608057163655758,,0
cebik-w4rnl/models/Yagis-HF/nec/3el2b15m10mYagi-1.nec,ok,ok,0.046693203039467335,0.03559461887925863,,0
cebik-w4rnl/models/Yagis-HF/nec/3el40mVYagi-WA3FET.nec,ok,ok,0.008559930138289928,0.008989508263766766,,0
cebik-w4rnl/models/Yagis-HF/nec/3el40mYagi-stepdia.nec,ok,ok,0.0080347815528512,0.00867431703954935,,0
cebik-w4rnl/models/Yagis-HF/nec/3el40mlongYagi-2.nec,ok,ok,0.0076020872220396996,0.008544422686100006,,0
cebik-w4rnl/models/Yagis-HF/nec/3el40mshortYagi-2.nec,ok,ok,0.007684416137635708,0.008579062297940254,,0
cebik-w4rnl/models/Yagis-HF/nec/3el40mwireYagi-reversible.nec,ok,ok,0.0077213263139128685,0.00829386617988348,,0
cebik-w4rnl/models/Yagis-HF/nec/3el60mwireYagi-reversible.nec,ok,ok,0.007535235024988651,0.008271792903542519,,0
cebik-w4rnl/models/Yagis-HF/nec/3el75mwireYagi-reversible.nec,ok,ok,0.007558760233223438,0.008254794403910637,,0
cebik-w4rnl/models/Yagis-HF/nec/3el80mwireYagi-reversible.nec,ok,ok,0.007656358182430267,0.008511955849826336,,0
cebik-w4rnl/models/Yagis-HF/nec/3elVYagi10m-wa3fet.nec,ok,ok,0.007872987538576126,0.00842329766601324,,0
cebik-w4rnl/models/Yagis-HF/nec/3elmed10mYagi-K9EUV.nec,ok,ok,0.007756171748042107,0.00824361015111208,,0
cebik-w4rnl/models/Yagis-HF/nec/3elshort10mYagi-50.nec,ok,ok,0.007733453996479511,0.008255436085164547,,0
cebik-w4rnl/models/Yagis-HF/nec/3elwb10mYagi-W6SAI.nec,ok,ok,0.006524722091853619,0.0072731394320726395,,0
cebik-w4rnl/models/Yagis-HF/nec/3elwb10mYagi-stepdia.nec,ok,ok,0.007995826192200184,0.008565480820834637,,0
cebik-w4rnl/models/Yagis-HF/nec/3elwb40mYagi-stepdia.nec,ok,ok,0.020898583345115185,0.01908648107200861,,0
cebik-w4rnl/models/Yagis-HF/nec/4el10mYagi-75.nec,ok,ok,0.006821945309638977,0.007717987522482872,,0
cebik-w4rnl/models/Yagis-HF/nec/4el10mwbYagi-stepdia-W4RNL.nec,ok,ok,0.015334089286625385,0.015171795152127743,,0
cebik-w4rnl/models/Yagis-HF/nec/4el10mwbYagi-stepdia.nec,ok,ok,0.009786171838641167,0.010004964657127857,,0
cebik-w4rnl/models/Yagis-HF/nec/4el15mYagi-875.nec,ok,ok,0.009385277517139912,0.009697429835796356,,0
cebik-w4rnl/models/Yagis-HF/nec/4el20mYagi-stepdia.nec,ok,ok,0.018799697048962116,0.017855629324913025,,0
cebik-w4rnl/models/Yagis-HF/nec/4el2b12m17mYagi-stepdia.nec,ok,ok,0.015188602730631828,0.015412275679409504,,0
cebik-w4rnl/models/Yagis-HF/nec/4el2b12m17mdr-dirYagi-stepdia.nec,ok,ok,0.01588701643049717,0.015468314290046692,,0
cebik-w4rnl/models/Yagis-HF/nec/4el2band80m75mwireYagi.nec,ok,ok,0.009951334446668625,0.010748936794698238,,0
cebik-w4rnl/models/Yagis-HF/nec/4elwb40mYagi.nec,ok,ok,0.029537931084632874,0.025678991340100765,,0
cebik-w4rnl/models/Yagis-HF/nec/5bandHFYagi50_-ON4ANT.nec,ok,ok,0.04730433598160744,0.037630705162882805,,0
cebik-w4rnl/models/Yagis-HF/nec/5bandHFYagi60_-ON4ANT.nec,ok,ok,0.05104380939155817,0.04005497507750988,,0
cebik-w4rnl/models/Yagis-HF/nec/5el10mYagi-K4SB.nec,ok,ok,0.009090579114854336,0.009444065392017365,,0
cebik-w4rnl/models/Yagis-HF/nec/5el10mwbYagi-stepdia.nec,ok,ok,0.01102182175964117,0.011507139541208744,,0
cebik-w4rnl/models/Yagis-HF/nec/5el20mYagi-K4SB.nec,ok,ok,0.024858356453478336,0.021621903404593468,,0
cebik-w4rnl/models/Yagis-HF/nec/5el20mYagi-N6BV.nec,ok,ok,0.03516475111246109,0.028785375878214836,,0
cebik-w4rnl/models/Yagis-HF/nec/5el20mYagi-W3LPL.nec,ok,ok,0.034017253667116165,0.027883255854249,,0
cebik-w4rnl/models/Yagis-HF/nec/5el20mYagi-W6NGZ.nec,ok,ok,0.02165686246007681,0.019561507739126682,,0
cebik-w4rnl/models/Yagis-HF/nec/6el10mOWAYagi-N6BV.nec,ok,ok,0.028730456717312336,0.024203981272876263,,0
cebik-w4rnl/models/Yagis-HF/nec/6el10mOWAYagi-NW3Z.nec,ok,ok,0.018520992249250412,0.017703233286738396,,0
cebik-w4rnl/models/Yagis-HF/nec/6el10mOWAYagi-hd-stepdia.nec,ok,ok,0.014916826039552689,0.01552328746765852,,0
cebik-w4rnl/models/Yagis-HF/nec/6el20mOWAYagi-NW3Z.nec,ok,ok,0.03115608636289835,0.02594067621976137,,0
cebik-w4rnl/models/Yagis-HF/nec/6el20mYagi-1r5.nec,ok,ok,0.015382153913378716,0.014950226992368698,,0
cebik-w4rnl/models/Yagis-HF/nec/6el20mYagi-N6BV.nec,ok,ok,0.029011717066168785,0.02553908433765173,,0
cebik-w4rnl/models/Yagis-HF/nec/6el2b15m10mYagi-W4RNL.nec,ok,ok,0.017522482201457024,0.01714808400720358,,0
cebik-w4rnl/models/Yagis-HF/nec/6el2b20m15mYagi-W4RNL.nec,ok,ok,0.014463245868682861,0.0150895481929183,,0
cebik-w4rnl/models/Yagis-HF/nec/7el10mOWAYagi-stepdia.nec,ok,ok,0.017367932945489883,0.016932147555053234,,0
cebik-w4rnl/models/Yagis-HF/nec/7el10mwireYagi.nec,ok,ok,0.010266085155308247,0.010926632210612297,,0
cebik-w4rnl/models/Yagis-HF/nec/7el15mYagi-SP5GRM.nec,ok,ok,0.04427441768348217,0.033926961943507195,,0
cebik-w4rnl/models/Yagis-HF/nec/7el20mlongYagi-1r5.nec,ok,ok,0.018253986723721027,0.01689072698354721,,0
cebik-w4rnl/models/Yagis-HF/nec/7el20mshortYagi-1r5.nec,ok,ok,0.01794367004185915,0.0174196595326066,,0
cebik-w4rnl/models/Yagis-HF/nec/8el20mYagi-1r5.nec,ok,ok,0.020748518407344818,0.018634864129126072,,0
cebik-w4rnl/models/Yagis-HF/nec/capload2el10mYagi-375.nec,ok,ok,0.018148263916373253,0.016857927665114403,,0
cebik-w4rnl/models/Yagis-HF/nec/ctrload2el10mYagi-375.nec,ok,ok,0.012599854730069637,0.012252414599061012,,0
cebik-w4rnl/models/Yagis-HF/nec/ctrload2el10mYagi-75.nec,ok,ok,0.006759839132428169,0.007214989513158798,,0
cebik-w4rnl/models/Yagis-HF/nec/ctrload2el40mYagi-stepdia.nec,ok,ok,0.01055928599089384,0.010818368755280972,,0
cebik-w4rnl/models/Yagis-HF/nec/moxrect10m12.nec,ok,ok,0.009980048052966595,0.010026303119957447,,0
cebik-w4rnl/models/Yagis-HF/nec/moxrect10m50.nec,ok,ok,0.00982982013374567,0.010005444288253784,,0
cebik-w4rnl/models/Yagis-HF/nec/moxrect12m12.nec,ok,ok,0.009858652949333191,0.009983557276427746,,0
cebik-w4rnl/models/Yagis-HF/nec/moxrect12m625.nec,ok,ok,0.009918296709656715,0.010078304447233677,,0
cebik-w4rnl/models/Yagis-HF/nec/moxrect15m12.nec,ok,ok,0.010123483836650848,0.009861106052994728,,0
cebik-w4rnl/models/Yagis-HF/nec/moxrect15m75.nec,ok,ok,0.010054818354547024,0.009909123182296753,,0
cebik-w4rnl/models/Yagis-HF/nec/moxrect17m12.nec,ok,ok,0.00989576056599617,0.010236802510917187,,0
cebik-w4rnl/models/Yagis-HF/nec/moxrect17m875.nec,ok,ok,0.010010628961026669,0.009989949874579906,,0
cebik-w4rnl/models/Yagis-HF/nec/moxrect20m1.nec,ok,ok,0.00992007926106453,0.009978377260267735,,0
cebik-w4rnl/models/Yagis-HF/nec/moxrect20m12.nec,ok,ok,0.009939092211425304,0.009964539669454098,,0
cebik-w4rnl/models/Yagis-HF/nec/moxrect30m12.nec,ok,ok,0.009807833470404148,0.01008633803576231,,0
cebik-w4rnl/models/Yagis-HF/nec/moxrect40m12.nec,ok,ok,0.009905572049319744,0.009937240742146969,,0
cebik-w4rnl/models/Yagis-HF/nec/moxrect60m12.nec,ok,ok,0.009941844269633293,0.009920093230903149,,0
cebik-w4rnl/models/Yagis-HF/nec/moxrect75m12.nec,ok,ok,0.009791530668735504,0.009922335855662823,,0
cebik-w4rnl/models/Yagis-HF/nec/moxrect80m12.nec,ok,ok,0.009906074963510036,0.010218696668744087,,0
cebik-w4rnl/nec2-ex1.nec,ok,ok,0.003379778005182743,0.003651609644293785,,0
cebik-w4rnl/nec2-ex2.nec,ok,ok,0.0032859472557902336,0.0036456380039453506,,0
cebik-w4rnl/nec2-ex3.nec,ok,ok,0.08248580526560545,0.05751629080623388,1.4341,1
cebik-w4rnl/nec2-ex5.nec,ok,ok,0.006833390332758427,0.006783113814890385,,0
cebik-w4rnl/nec2-ex7.nec,ok-no-source,ok-no-source,0.19181663822382689,0.12726207077503204,,0
cebik-w4rnl/nec2-ex8.nec,ok-no-source,ok-no-source,0.0038535725325345993,0.0041335346177220345,,0
cebik-w4rnl/nec4-ex1.nec,ok,ok,0.003603421151638031,0.0037849964573979378,,0
cebik-w4rnl/nec4-ex10_1.nec,ok,ok,0.22254247404634953,0.14934416767209768,1.4901,1
cebik-w4rnl/nec4-ex10_2.nec,ok,ok,0.004398185759782791,0.004827169701457024,,0
cebik-w4rnl/nec4-ex10_3.nec,ok,ok,0.22383727692067623,0.14716922957450151,1.5210,1
cebik-w4rnl/nec4-ex11.nec,ok,ok,0.08098954521119595,0.055736697278916836,1.4531,1
cebik-w4rnl/nec4-ex3.nec,ok,ok,0.08172912616282701,0.057279487140476704,1.4268,1
cebik-w4rnl/nec4-ex5.nec,ok,ok,0.006742664612829685,0.006809789687395096,,0
cebik-w4rnl/nec4-ex7.nec,ok-no-source,ok-no-source,0.19204062037169933,0.12761748768389225,,0
cebik-w4rnl/nec4-ex8.nec,ok-no-source,ok-no-source,0.003928902558982372,0.004161384887993336,,0
g1ojs/10m/10m 65cm Circ 10mm Copper Magloop H.nec,ok,ok,0.08158523309975863,0.05465351417660713,1.4928,1
g1ojs/10m/10m 65cm Circ 10mm Copper Magloop V side.nec,ok,ok,0.08216864336282015,0.05501682870090008,1.4935,1
g1ojs/10m/10m 65cm Circ 10mm Copper Magloop V.nec,ok,ok,0.08202156331390142,0.05498810764402151,1.4916,1
g1ojs/10m/10m Helically loaded dipole 2.43m long.nec,ok,ok,11.276049979962409,6.1963997622951865,1.8198,1
g1ojs/10m/10m LL Dipole 4m 5mm dia elements - hairpin.nec,ok,ok,0.7593580223619938,0.5094736460596323,1.4905,1
g1ojs/10m/10m Quad base fed.nec,ok,ok,0.8368630399927497,0.5377367120236158,1.5563,1
g1ojs/10m/10m Rect Petlowany Dipole 10mm dia elements flat 2.nec,ok,ok,0.014630071818828583,0.013959438540041447,,0
g1ojs/10m/10m Short Dipole 3m 5mm dia elements - trombone.nec,ok,ok,0.6505545070394874,0.4364438150078058,1.4906,1
g1ojs/10m/_10m Dipole ref.nec,ok,ok,0.3858044855296612,0.2565714679658413,1.5037,1
g1ojs/10m/_10m V.nec,ok,ok,0.6449519898742437,0.4181402390822768,1.5424,1
g1ojs/15m/_15m V.nec,ok,ok,0.9791830461472273,0.6198150552809238,1.5798,1
g1ojs/160m/160m 239cm Circ 10mm Cu Magloop V.nec,ok,ok,0.11346730776131153,0.08094384148716927,1.4018,1
g1ojs/160m/160m Coax Magloop V.nec,ok,ok,0.08594569750130177,0.05688941664993763,1.5108,1
g1ojs/160m/160m Single Turn Coax Magloop V.nec,ok,ok,0.08600406441837549,0.07863119058310986,1.0938,1
g1ojs/160m/160m Three Turn Coax Magloop V.nec,ok,ok,0.08803151827305555,0.058957820758223534,1.4931,1
g1ojs/160m/160m Two Turn Coax Magloop V.nec,ok,ok,0.0865184273570776,0.05780516937375069,1.4967,1
g1ojs/1V cap plates solid coplanar.nec,ok,ok,1.3213838413357735,0.9747330769896507,1.3556,1
g1ojs/20m/20m 239cm Circ 10mm Copper Magloop H.nec,ok,ok,0.10647067613899708,0.07746864203363657,1.3744,1
g1ojs/20m/20m 239cm Circ 10mm Copper Magloop V.nec,ok,ok,0.1073789456859231,0.07713048625737429,1.3922,1
g1ojs/20m/20m 239cm Circ 10mm Copper Magloop Vside.nec,ok,ok,0.10729613713920116,0.07680224813520908,1.3970,1
g1ojs/20m/20m 65cm Circ 10mm Copper Magloop H.nec,ok,ok,0.081196921877563,0.05447287578135729,1.4906,1
g1ojs/20m/20m 65cm Circ 10mm Copper Magloop V side.nec,ok,ok,0.0811408469453454,0.05467908922582865,1.4839,1
g1ojs/20m/20m 65cm Circ 10mm Copper Magloop V.nec,ok,ok,0.08105077035725117,0.055018382146954536,1.4732,1
g1ojs/20m/20m Half wave circular loop V side.nec,ok,ok,0.186208788305521,0.12411213666200638,1.5003,1
g1ojs/20m/20m Half wave square loop V side as built.nec,ok,ok,0.21269682329148054,0.1150385644286871,1.8489,1
g1ojs/20m/20m Half wave square loop V side.nec,ok,ok,0.07912233378738165,0.05276055447757244,1.4996,1
g1ojs/20m/20m V coax braid element.nec,ok,ok,1.1731667341664433,0.744043936021626,1.5767,1
g1ojs/20m/20m V coax inner element.nec,ok,ok,1.0094719510525465,0.6496281335130334,1.5539,1
g1ojs/20m/20m V pvc covered.nec,ok,ok,1.0988165978342295,0.6999096153303981,1.5699,1
g1ojs/20m/Open loop H 7.4m.nec,ok,ok,0.09005958307534456,0.06176520977169275,1.4581,1
g1ojs/20m/Open loop V base 7.4m.nec,ok,ok,0.09029920771718025,0.062137410044670105,1.4532,1
g1ojs/20m/Open loop V side 7.4m.nec,ok,ok,0.08998186513781548,0.06241530179977417,1.4417,1
g1ojs/20m/_20m Dipole ref.nec,ok,ok,1.2636614050716162,0.8083589905872941,1.5632,1
g1ojs/20m/_20m V.nec,ok,ok,1.1774709885939956,0.749300298281014,1.5714,1
g1ojs/3V cap plates solid coplanar.nec,ok,ok,1.936821579001844,1.189220148138702,1.6286,1
g1ojs/40m/40m 239cm Circ 10mm Cu Magloop H.nec,ok,ok,0.09914322104305029,0.07202709931880236,1.3765,1
g1ojs/40m/40m 239cm Circ 10mm Cu Magloop V side.nec,ok,ok,0.09910083282738924,0.07243209891021252,1.3682,1
g1ojs/40m/40m 239cm Circ 10mm Cu Magloop V.nec,ok,ok,0.09954649768769741,0.07240396551787853,1.3749,1
g1ojs/40m/40m Fitted Attic V.nec,ok,ok,1.0079110907390714,0.6483015893027186,1.5547,1
g1ojs/40m/40m V cap plates coplanar.nec,ok,ok,1.3424893831834197,0.9917632788419724,1.3536,1
g1ojs/40m/40m V cap spokes.nec,ok,ok,1.0160084292292595,0.6634722938761115,1.5314,1
g1ojs/40m/40m V doglegs BUILT.nec,ok,ok,1.0108946021646261,0.6698972666636109,1.5090,1
g1ojs/40m/40m VU built 2.nec,ok,ok,1.0092928502708673,0.6664258586242795,1.5145,1
g1ojs/40m/40m VU built.nec,ok,ok,1.0071892468258739,0.6448573637753725,1.5619,1
g1ojs/40m/40m VU.nec,ok,ok,1.0106172915548086,0.6460107751190662,1.5644,1
g1ojs/40m/_40m Dipole ref.nec,ok,ok,1.4162473026663065,0.8980897488072515,1.5770,1
g1ojs/40m/_40m V loaded.nec,ok,ok,1.0106348907575011,0.6635188348591328,1.5231,1
g1ojs/40m/opt/40m V integral PI-01.nec,ok,ok,0.20814448967576027,0.13679354451596737,1.5216,1
g1ojs/40m/opt/40m V integral PI-02.nec,ok,ok,0.20766977593302727,0.13658574037253857,1.5204,1
g1ojs/40m/opt/40m V integral PI-03.nec,ok,ok,0.2071213573217392,0.13668527267873287,1.5153,1
g1ojs/40m/opt/40m V integral PI-04.nec,ok,ok,0.20731719955801964,0.13673274498432875,1.5162,1
g1ojs/40m/opt/40m V integral PI-05.nec,ok,ok,0.2073268136009574,0.13804643414914608,1.5019,1
g1ojs/40m/opt/40m V integral PI-06.nec,ok,ok,0.2075718604028225,0.1364304292947054,1.5214,1
g1ojs/40m/opt/40m V integral PI-07.nec,ok,ok,0.20689935982227325,0.13726598303765059,1.5073,1
g1ojs/40m/opt/40m V integral PI-08.nec,ok,ok,0.20695498306304216,0.13690342288464308,1.5117,1
g1ojs/40m/opt/40m V integral PI-09.nec,ok,ok,0.20745273679494858,0.13693784922361374,1.5149,1
g1ojs/40m/opt/40m V integral PI-10.nec,ok,ok,0.20716803893446922,0.1364251719787717,1.5185,1
g1ojs/40m/opt/40m V integral PI-11.nec,ok,ok,0.20729058794677258,0.13682552706450224,1.5150,1
g1ojs/40m/opt/40m V integral PI-12.nec,ok,ok,0.2077462961897254,0.13813819829374552,1.5039,1
g1ojs/40m/opt/40m V integral PI-13.nec,ok,ok,0.20736505277454853,0.13730333000421524,1.5103,1
g1ojs/40m/opt/40m V integral PI-14.nec,ok,ok,0.2073731916025281,0.13696453161537647,1.5141,1
g1ojs/40m/opt/40m V integral PI-15.nec,ok,ok,0.207374501042068,0.13740460481494665,1.5092,1
g1ojs/40m/opt/40m V integral PI-16.nec,ok,ok,0.20877608470618725,0.13682828284800053,1.5258,1
g1ojs/40m/opt/40m V integral PI-17.nec,ok,ok,0.2074972800910473,0.13677305914461613,1.5171,1
g1ojs/40m/opt/40m V integral PI-18.nec,ok,ok,0.20730764139443636,0.13736827578395605,1.5091,1
g1ojs/40m/opt/40m V integral PI-19.nec,ok,ok,0.20632406324148178,0.13797335978597403,1.4954,1
g1ojs/40m/opt/40m V integral PI-20.nec,ok,ok,0.20824796706438065,0.13678036257624626,1.5225,1
g1ojs/40m/opt/40m V integral PI-21.nec,ok,ok,0.20866287872195244,0.13687508180737495,1.5245,1
g1ojs/40m/opt/40m V integral PI-22.nec,ok,ok,0.20744329784065485,0.1369539052248001,1.5147,1
g1ojs/40m/opt/40m V integral PI-23.nec,ok,ok,0.20741026010364294,0.13679987005889416,1.5162,1
g1ojs/40m/opt/40m V integral PI-24.nec,ok,ok,0.20740637462586164,0.136825792491436,1.5158,1
g1ojs/40m/opt/40m V integral PI-25.nec,ok,ok,0.20730080176144838,0.13668313715606928,1.5167,1
g1ojs/40m/opt/40m V integral PI-26.nec,ok,ok,0.20714063942432404,0.13682346884161234,1.5139,1
g1ojs/40m/opt/40m V integral PI-27.nec,ok,ok,0.20745953638106585,0.13725131936371326,1.5115,1
g1ojs/40m/opt/40m V integral PI-28.nec,ok,ok,0.2081727245822549,0.1367676043882966,1.5221,1
g1ojs/40m/opt/40m V integral PI-29.nec,ok,ok,0.20721313543617725,0.1367645589634776,1.5151,1
g1ojs/40m/opt/40m V integral PI-30.nec,ok,ok,0.2086586682125926,0.13679687958210707,1.5253,1
g1ojs/40m/opt/40m V integral PI_003-19.nec,ok,ok,0.2078247368335724,0.13623145036399364,1.5255,1
g1ojs/40m/opt/40m V integral PI_007-12.nec,ok,ok,0.2077518654987216,0.13667580019682646,1.5200,1
g1ojs/40m/trials/40m V cage.nec,ok,ok,1.7611549869179726,1.140327077358961,1.5444,1
g1ojs/40m/trials/40m V curve 4pts 7MHz.nec,ok,ok,1.0081582181155682,0.6465250998735428,1.5593,1
g1ojs/40m/trials/40m V curve 5pts 7MHz.nec,ok,ok,1.0134780537337065,0.6494887778535485,1.5604,1
g1ojs/40m/trials/40m V integral PI.nec,ok,ok,1.0105940457433462,0.671049864962697,1.5060,1
g1ojs/40m/trials/40m V mesh.nec,ok,ok,1.5908249067142606,1.017044898122549,1.5642,1
g1ojs/630m/630m Three Turn Coax Magloop V.nec,ok,ok,0.0900414502248168,0.07804036233574152,1.1538,1
g1ojs/80m/40m V3.nec,ok,ok,1.0169529877603054,0.6646130662411451,1.5301,1
g1ojs/80m/80m 239cm Circ 10mm Cu Magloop V.nec,ok,ok,0.10560896247625351,0.07636505831032991,1.3829,1
g1ojs/80m/80m V cap plates high H.nec,ok,ok,1.2095771543681622,0.8092378936707973,1.4947,1
g1ojs/80m/80m V cap plates solid coplanar.nec,ok,ok,1.3476235065609217,0.8872931394726038,1.5188,1
g1ojs/80m/80m V cap plates solid felt.nec,ok,ok,1.3032684894278646,0.8535616369917989,1.5269,1
g1ojs/80m/80m V.nec,ok,ok,1.0456610033288598,0.6869514929130673,1.5222,1
g1ojs/80m/80m V3.nec,ok,ok,1.0692552980035543,0.7123519973829389,1.5010,1
g1ojs/80m/_80m Dipole ref.nec,ok,ok,1.529274333268404,0.9687510095536709,1.5786,1
g1ojs/80m/tmp.nec,ok,ok,0.9289114912971854,0.6187547966837883,1.5013,1
g1ojs/Delta loop/loop.nec,ok,ok,0.8838734952732921,0.594731698743999,1.4862,1
g1ojs/Loft wires/1V.nec,ok,ok,1.0044277347624302,0.646329483948648,1.5540,1
g1ojs/Loft wires/2V.nec,ok,ok,1.014258248731494,0.6499199327081442,1.5606,1
g1ojs/Loft wires/LF.nec,ok,ok,1.115907701663673,0.755917502567172,1.4762,1
g1ojs/Loft wires/Max space V centre.nec,ok,ok,1.0044610146433115,0.6442069485783577,1.5592,1
g1ojs/Loft wires/Max space V diag.nec,ok,ok,1.0048006400465965,0.6479164697229862,1.5508,1
g1ojs/Loft wires/Spiral.nec,ok,ok,1.0399988386780024,0.6812240164726973,1.5267,1
g1ojs/Magloop with cap on coupling loop.nec,ok,ok,0.1128121493384242,0.0783989205956459,1.4390,1
g1ojs/Magloop with gap and cap on coupling loop.nec,ok,ok,0.20031061954796314,0.13668291084468365,1.4655,1
g1ojs/Meander Loading/40m Dipole at 7m reference.nec,ok,ok,0.29419248830527067,0.19113989174365997,1.5391,1
g1ojs/Meander Loading/40m Dipole at 7m with 10 meanders.nec,ok,ok,0.21180745121091604,0.14104228373616934,1.5017,1
g1ojs/Meander Loading/40m Dipole at 7m with 20 meanders.nec,ok,ok,0.22626620531082153,0.1521650366485119,1.4870,1
g1ojs/Meander Loading/40m Inverted V at 7m with 10 meanders.nec,ok,ok,0.21529065817594528,0.14112131856381893,1.5256,1
g1ojs/Meander Loading/40m Inverted V at 7m with full meandering.nec,ok,ok,0.21002783346921206,0.13893910963088274,1.5117,1
g1ojs/Open wire V/Open wire V fixed wire length.nec,ok,ok,1.1896258415654302,0.754226291552186,1.5773,1
g1ojs/Open wire V/Open wire V max wire length.nec,ok,ok,0.9433980798348784,0.6179705923423171,1.5266,1
g1ojs/Small Receiving Loops/1m dia loop.nec,ok,ok,0.08075239323079586,0.05416820477694273,1.4908,1
g1ojs/Trapped/TRAPx1 V 40m 20m.nec,ok,ok,0.09521644283086061,0.061576307751238346,1.5463,1
g1ojs/Trapped/TRAPx2 V 40m 20m 10m - remove 10m.nec,ok,ok,0.08329298160970211,0.05486965645104647,1.5180,1
g1ojs/Trapped/TRAPx2 V 40m 20m 10m.nec,ok,ok,0.0865577319636941,0.056533364579081535,1.5311,1
g1ojs/Trapped/TRAPx2 V 40m 20m 6m.nec,ok,ok,0.08662139344960451,0.05651104170829058,1.5328,1
g1ojs/Trapped/TRAPx2_V.nec,ok,ok,61.48392313346267,38.56211708672345,1.5944,1
g1ojs/Trapped/Test.nec,ok,ok,0.463661789894104,0.30226757749915123,1.5339,1
g1ojs/Trapped/Trap V - 6m 15m.nec,ok,ok,0.08102542906999588,0.052914999425411224,1.5312,1
g1ojs/Trapped/Trap_V.nec,ok,ok,0.08687113877385855,0.05683187860995531,1.5286,1
g1ojs/Tree/treeV_20m_10m.nec,ok,ok,0.07972201891243458,0.05360233038663864,1.4873,1
g1ojs/Verticals/10m OCF H/10m H OCF 2.5m long.nec,ok,ok,0.3867339715361595,0.2644990123808384,1.4621,1
g1ojs/Verticals/10m OCF H/10m H OCF 3.5m long.nec,ok,ok,0.38396832440048456,0.26090093329548836,1.4717,1
g1ojs/Verticals/10m OCF H/10m H OCF 3m long.nec,ok,ok,0.3869488090276718,0.2642323598265648,1.4644,1
g1ojs/Verticals/10m OCF H/10m Vertical V 3m tall.nec,ok,ok,0.8177254851907492,0.5201463466510177,1.5721,1
g1ojs/Verticals/15m/15m H OCF 3m long.nec,ok,ok,0.4635804835706949,0.3142429757863283,1.4752,1
g1ojs/Verticals/20m/20m horizontal V 3.5m high.nec,ok,ok,0.8641704646870494,0.5530316159129143,1.5626,1
g1ojs/Verticals/20m/20m horizontal diamond 3m high.nec,ok,ok,0.8608829714357853,0.5511303571984172,1.5620,1
g1ojs/Verticals/others/10m H OCF - Copy.nec,ok,ok,0.38724210485816,0.26428184658288956,1.4653,1
g1ojs/Verticals/others/10m arrow 2 wire 75cm wide - OCF.nec,ok,ok,0.3853758480399847,0.26257276721298695,1.4677,1
g1ojs/Verticals/others/10m bicone 2 wire 100cm wide.nec,crash,crash,1.2210476398468018,1.2026739669963717,,0
g1ojs/Verticals/others/10m bicone 2 wire 150cm wide.nec,crash,crash,1.1910393377766013,1.1970511060208082,,0
g1ojs/Verticals/others/10m bicone 2 wire 40cm wide.nec,crash,crash,1.2198018226772547,1.1960787177085876,,0
g1ojs/Verticals/others/10m bicone 2 wire 50cm wide.nec,crash,crash,1.1906547332182527,1.1964619234204292,,0
g1ojs/Verticals/others/10m bicone 2 wire 75cm wide - OCF.nec,ok,ok,0.3996628262102604,0.2763518635183573,1.4462,1
g1ojs/Verticals/others/10m bicone 2 wire 75cm wide.nec,crash,crash,1.18918448779732,1.1970984302461147,,0
g1ojs/Verticals/others/10m bicone 2 wire.nec,crash,crash,1.1889739595353603,1.1959867738187313,,0
g1ojs/Verticals/others/10m bicone 4 wire.nec,crash,crash,1.1903102723881602,1.1977560631930828,,0
g1ojs/Verticals/others/10m bitrap.nec,crash,crash,1.1916834497824311,1.214973196387291,,0
g1ojs/Verticals/others/10m general.nec,crash,crash,1.1908753123134375,1.1965118581429124,,0
g1ojs/Verticals/others/Dipole 4.6m _ too long.nec,crash,crash,1.265883126296103,1.246910486370325,,0
g1ojs/Verticals/others/general 1.nec,crash,crash,1.192079646512866,1.193924779072404,,0
g1ojs/Verticals/others/general 15m.nec,crash,crash,1.1913183135911822,1.197607179172337,,0
g1ojs/Verticals/others/general 2.nec,crash,crash,1.1915670027956367,1.1972772181034088,,0
g1ojs/Verticals/others/opt/general 2-01.nec,crash,crash,1.1905442792922258,1.1970031866803765,,0
g1ojs/Verticals/others/opt/general 2-02.nec,crash,crash,1.190857189707458,1.196830501779914,,0
g1ojs/Verticals/others/opt/general 2-03.nec,crash,crash,1.1903495686128736,1.1969455499202013,,0
g1ojs/Verticals/others/opt/general 2-04.nec,crash,crash,1.1908981474116445,1.1980284126475453,,0
g1ojs/Verticals/others/opt/general 2-05.nec,crash,crash,1.1913613686338067,1.1978470478206873,,0
g1ojs/Verticals/others/opt/general 2-06.nec,crash,crash,1.1915276888757944,1.1978383846580982,,0
g1ojs/Verticals/others/opt/general 2-07.nec,crash,crash,1.191441947594285,1.2027599215507507,,0
g1ojs/Verticals/others/opt/general 2-08.nec,crash,crash,1.1912117134779692,1.1983959786593914,,0
g1ojs/Verticals/others/opt/general 2-09.nec,crash,crash,1.190409773029387,1.1973888762295246,,0
g1ojs/Verticals/others/opt/general 2-10.nec,crash,crash,1.1912687020376325,1.1979212770238519,,0
g1ojs/Verticals/others/opt/general 2-11.nec,crash,crash,1.1909985402598977,1.1963839326053858,,0
g1ojs/Verticals/others/opt/general 2-12.nec,crash,crash,1.1921962006017566,1.1976937353610992,,0
g1ojs/Verticals/others/opt/general 2-13.nec,crash,crash,1.191310559399426,1.1970488214865327,,0
g1ojs/Verticals/others/opt/general 2-14.nec,crash,crash,1.1908545047044754,1.1971487514674664,,0
g1ojs/Verticals/others/opt/general 2-15.nec,crash,crash,1.1894494658336043,1.1975945895537734,,0
g1ojs/Verticals/others/opt/general 2-16.nec,crash,crash,1.2200207021087408,1.1967539843171835,,0
g1ojs/Verticals/others/opt/general 2-17.nec,crash,crash,1.1926936842501163,1.1974664833396673,,0
g1ojs/Verticals/others/opt/general 2-18.nec,crash,crash,1.1916084112599492,1.1971677234396338,,0
g1ojs/Verticals/others/opt/general 2-20.nec,crash,crash,1.1901935366913676,1.1968738278374076,,0
g1ojs/Verticals/others/opt/general 2-21.nec,crash,crash,1.1879433691501617,1.197151293978095,,0
g1ojs/Verticals/others/opt/general 2-22.nec,crash,crash,1.191579906269908,1.1980216605588794,,0
g1ojs/Verticals/others/opt/general 2-25.nec,crash,crash,1.1907788636162877,1.1983407894149423,,0
g1ojs/Verticals/others/opt/general 2-26.nec,crash,crash,1.1902243439108133,1.196659062989056,,0
g1ojs/Verticals/others/opt/general 2-27.nec,crash,crash,1.1895674169063568,1.1964947814121842,,0
g1ojs/Verticals/others/opt/general 2-28.nec,crash,crash,1.1904316134750843,1.197640810161829,,0
g1ojs/Verticals/others/opt/general 2-29.nec,crash,crash,1.2215464748442173,1.1983092119917274,,0
g1ojs/Verticals/others/opt/general 2-30.nec,crash,crash,1.1926438715308905,1.1961778802797198,,0
g1ojs/_1m/Contrahelix 1.nec,ok,ok,0.050747718662023544,0.0388399101793766,,0
g1ojs/_1m/Dipole linear 1 75pc.nec,ok,ok,0.005143771879374981,0.005865717306733131,,0
g1ojs/_1m/Dipole to slot/1 Dipole.nec,ok,ok,0.004090665839612484,0.004590670578181744,,0
g1ojs/_1m/Dipole to slot/2 Dipole H.nec,ok,ok,0.005136537365615368,0.006006828509271145,,0
g1ojs/_1m/Dipole to slot/3 Dipole H Serifs.nec,ok,ok,0.008870607241988182,0.016619018279016018,,0
g1ojs/_1m/Dipole to slot/4 Dipole Rects.nec,ok,ok,0.011162567883729935,0.013509044423699379,,0
g1ojs/_1m/Dipole to slot/5 Dipole Rects Shorts.nec,ok,ok,0.013335436582565308,0.015415999107062817,,0
g1ojs/_1m/Dipole to slot/6 Dipole Rects Shorts 2.nec,ok,ok,0.004399409517645836,0.005427602678537369,,0
g1ojs/_1m/Dipole with matching l _ 0.25 v1.nec,ok,ok,0.00729927234351635,0.008376289159059525,,0
g1ojs/_1m/Dipole with matching l _ 0.25 v2.nec,ok,ok,0.005667988210916519,0.006632820703089237,,0
g1ojs/_1m/Dipole with matching l _ 0.33.nec,ok,ok,0.007433607243001461,0.008890332654118538,,0
g1ojs/_1m/Dipole.nec,ok,ok,0.00417903158813715,0.003969416953623295,,0
g1ojs/_1m/Folded 1.nec,ok,ok,0.0074951378628611565,0.007513049989938736,,0
g1ojs/_1m/Helix Dipole 11 turn.nec,ok,ok,0.03386962041258812,0.021883556619286537,,0
g1ojs/_1m/Helix Dipole 2.5 turn.nec,ok,ok,0.006240551359951496,0.0059060752391815186,,0
g1ojs/_1m/Helix Dipole 21 turn.nec,ok,ok,0.02920662146061659,0.020989042706787586,,0
g1ojs/_1m/Helix Dipole 3 turn.nec,ok,ok,0.006138015538454056,0.005763428285717964,,0
g1ojs/_1m/Helix Dipole 5 turn.nec,ok,ok,0.006120998412370682,0.00566162820905447,,0
g1ojs/_1m/Helix Dipole 7 turn.nec,ok,ok,0.02939299587160349,0.022066197358071804,,0
g1ojs/_1m/Helix Dipole 9 turn.nec,ok,ok,0.029211698099970818,0.021613948978483677,,0
g1ojs/_1m/Pair 1.nec,ok,ok,0.0065748486667871475,0.008005313575267792,,0
g1ojs/_1m/Trapezium 1.nec,ok,ok,0.005812305957078934,0.006778324954211712,,0
g1ojs/_1m/Trapezium 2.nec,ok,ok,0.005781529471278191,0.006910877302289009,,0
g1ojs/_1m/Two rect dipole.nec,ok,ok,0.01882096566259861,0.020813974551856518,,0
g1ojs/_2m/2m clutter/2m Diamond A144S5R over ground with clutter.nec,ok,ok,1.6086645806208253,0.601434038951993,2.6747,1
g1ojs/_2m/2m clutter/2m Diamond A144S5R over ground.nec,ok,ok,0.09459012094885111,0.0669590886682272,1.4127,1
g1ojs/_2m/2m clutter/Circular Quad 2 ele V-pol with clutter.nec,ok,ok,0.3562832558527589,0.15649437624961138,2.2767,1
g1ojs/_2m/2m clutter/Circular Quad 2 ele with clutter no 6m.nec,ok,ok,0.3402842963114381,0.15147537738084793,2.2465,1
g1ojs/_2m/2m clutter/Circular Quad 2 ele with clutter no loop.nec,ok,ok,0.24307033699005842,0.11933463718742132,2.0369,1
g1ojs/_2m/2m clutter/Circular Quad 2 ele with clutter.nec,ok,ok,0.35757781844586134,0.16279201675206423,2.1965,1
g1ojs/_2m/2m clutter/Circular Quad 2 ele.nec,ok,ok,0.029513481073081493,0.021042590960860252,,0
g1ojs/_2m/2m clutter/Clutter feed the clutter.nec,ok,ok,0.19722062535583973,0.09576048608869314,2.0595,1
g1ojs/_2m/2m clutter/Dipole ref with clutter.nec,ok,ok,1.0120552368462086,0.4342603301629424,2.3305,1
g1ojs/_2m/2m clutter/Dipole ref.nec,ok,ok,0.005899145267903805,0.00601169653236866,,0
g1ojs/_2m/2m clutter/Stacked dipoles x2.nec,ok,ok,0.010077619925141335,0.00937808956950903,,0
g1ojs/_2m/Cylindrical slots/2m Circular Slot Cube H Pol.nec,ok,ok,0.021697589196264744,0.016407392919063568,,0
g1ojs/_2m/Cylindrical slots/2m Circular Slot Cube V Pol.nec,ok,ok,0.029544692486524582,0.021644212305545807,,0
g1ojs/_2m/Cylindrical slots/2m Cylindrical Slot Open.nec,ok,ok,0.28508929535746574,0.16934795398265123,1.6835,1
g1ojs/_2m/Cylindrical slots/2m Pair of circles with tilt 0 deg.nec,ok,ok,0.0420395415276289,0.030130195431411266,,0
g1ojs/_2m/Cylindrical slots/2m Pair of circles with tilt 90 deg.nec,ok,ok,0.023276856169104576,0.017155193723738194,,0
g1ojs/_2m/Cylindrical slots/2m Pair of circles with tilt.nec,ok,ok,0.02277918066829443,0.017417745664715767,,0
g1ojs/_2m/Cylindrical slots/Slot cube C shape.nec,ok,ok,0.03165679890662432,0.0420902194455266,,0
g1ojs/_2m/Driven beams/2ele 0.25m long.nec,ok,ok,0.010593119077384472,0.010123108513653278,,0
g1ojs/_2m/Driven beams/5ele 1m long.nec,ok,ok,0.04095242824405432,0.03304673917591572,,0
g1ojs/_2m/Driven beams/5ele 3m long .nec,ok,ok,0.041963606141507626,0.03240204509347677,,0
g1ojs/_2m/Evolved/Ev3.nec,ok,ok,0.003538968041539192,0.0038621341809630394,,0
g1ojs/_2m/Evolved/Ev4.nec,ok,ok,0.0034223077818751335,0.0037781624123454094,,0
g1ojs/_2m/Evolved/Ev5.nec,ok,ok,0.0036025140434503555,0.003805261105298996,,0
g1ojs/_2m/Evolved/Ev6.nec,ok,ok,0.0035414183512330055,0.003820277750492096,,0
g1ojs/_2m/Evolved/Ev7.nec,ok,ok,0.0033976975828409195,0.0038373712450265884,,0
g1ojs/_2m/Evolved/Ev8.nec,ok,ok,0.003828994929790497,0.00418439507484436,,0
g1ojs/_2m/Evolved/Ev9.nec,ok,ok,0.0037643974646925926,0.0045683374628424644,,0
g1ojs/_2m/Evolved/Test5.nec,ok,ok,0.0038265902549028397,0.004073770716786385,,0
g1ojs/_2m/Franklin/Horizontal 2m Franklin V over ground.nec,ok,ok,0.04001136217266321,0.03153560310602188,,0
g1ojs/_2m/Franklin/Horizontal 2m Franklin oddity.nec,ok,ok,0.05647315550595522,0.042832985520362854,,0
g1ojs/_2m/Franklin/Horizontal 2m Franklin over ground with Franklin reflector.nec,ok,ok,0.14184622932225466,0.09653890784829855,1.4693,1
g1ojs/_2m/Franklin/Horizontal 2m Franklin over ground.nec,ok,ok,0.04030931368470192,0.030664371326565742,,0
g1ojs/_2m/Franklin/Horizontal 2m Franklin with Twin Reflectors.nec,ok,ok,0.05701458640396595,0.09317643381655216,0.6119,1
g1ojs/_2m/Franklin/Horizontal 2m Franklin with droops over ground.nec,ok,ok,0.049341500736773014,0.03643801715224981,,0
g1ojs/_2m/Franklin/Horizontal 2m Vertical Franklin over ground.nec,ok,ok,0.0413498654961586,0.03111086878925562,,0
g1ojs/_2m/Halo based/2m Chimney Halo Phi_0 El_0.nec,ok,ok,0.08465974871069193,0.05938752740621567,1.4255,1
g1ojs/_2m/Halo based/2m Chimney Halo Phi_0 El_45.nec,ok,ok,0.08522631973028183,0.05935228243470192,1.4359,1
g1ojs/_2m/Halo based/2m Chimney Halo Phi_0 El_90.nec,ok,ok,0.08433744311332703,0.05959177576005459,1.4153,1
g1ojs/_2m/Halo based/2m Horizontal Halo at 9m Phi_0 El_00.nec,ok,ok,0.08471387065947056,0.05927829910069704,1.4291,1
g1ojs/_2m/Halo based/2m Low halo Phi_0 El_0.nec,ok,ok,0.08488694857805967,0.05903882533311844,1.4378,1
g1ojs/_2m/Halo based/2m Stacked Halos Phi_0 El_0 1.5m.nec,ok,ok,0.33534164633601904,0.21758631896227598,1.5412,1
g1ojs/_2m/Halo based/2m Stacked Halos Phi_0 El_0 1.7m.nec,ok,ok,0.3367363531142473,0.2169777238741517,1.5519,1
g1ojs/_2m/Halo based/2m Vertical Halo at 9m Phi_0 El_90.nec,ok,ok,0.08549968898296356,0.059794207103550434,1.4299,1
g1ojs/_2m/Halo based/2m halo 8m agl Phi_0 El_0.nec,ok,ok,0.08440565038472414,0.05903631914407015,1.4297,1
g1ojs/_2m/Halo based/2m low stacked halos Phi_0 El_0 1.03m .nec,ok,ok,0.3414004137739539,0.21712185442447662,1.5724,1
g1ojs/_2m/Halo based/Horizontal direct fed S with coax balun not folded.nec,ok,ok,0.1316070519387722,0.08760206587612629,1.5023,1
g1ojs/_2m/Halo based/Horizontal direct fed S2 with coax balun not folded.nec,ok,ok,0.1308959387242794,0.08742697443813086,1.4972,1
g1ojs/_2m/Halo based/Horizontal direct fed halo with coax balun not folded.nec,ok,ok,0.13097933027893305,0.0867735706269741,1.5094,1
g1ojs/_2m/Halo based/Horizontal halo delta match with coax balun not folded - Copy.nec,ok,ok,0.16465249564498663,0.1109732910990715,1.4837,1
g1ojs/_2m/Helix/2m Pair of 2turn Helices 1 thin interconnect.nec,crash,crash,1.2094670282676816,1.2124730842188,,0
g1ojs/_2m/Helix/2m Pair of 2turn Helices 2mm wire.nec,crash,crash,1.2093926137313247,1.2132982723414898,,0
g1ojs/_2m/Helix/2m Single 2turn Helix - Horizontal.nec,ok,ok,0.012690220959484577,0.010809025727212429,,0
g1ojs/_2m/Helix/2m Single 2turn Helix as built.nec,ok,ok,0.012102562002837658,0.01025455817580223,,0
g1ojs/_2m/Helix/2m Single 2turn Helix e.g.nec,ok,ok,0.012206763960421085,0.010352876968681812,,0
g1ojs/_2m/Helix/2m Single 2turn Helix.nec,ok,ok,0.012292752042412758,0.010442753322422504,,0
g1ojs/_2m/Helix/2m Single Helix 1 thin wire direct feed with feedline.nec,ok,ok,0.04670723155140877,0.03566914051771164,,0
g1ojs/_2m/Helix/Square helix.nec,ok,ok,0.02881378587335348,0.02253978420048952,,0
g1ojs/_2m/Hentenna based/2m Cuboid Hentenna Symmetric.nec,ok,ok,0.09641418047249317,0.07004083413630724,1.3765,1
g1ojs/_2m/Hentenna based/2m Hentenna fs.nec,ok,ok,0.006507535465061665,0.007251541130244732,,0
g1ojs/_2m/Hentenna based/2m Hentenna over ground Phi_0 - flashing.nec,ok,ok,3.3928873231634498,1.6760772690176964,2.0243,1
g1ojs/_2m/Hentenna based/2m Hentenna over ground Phi_0.nec,ok,ok,0.064253862015903,0.045798019506037235,,0
g1ojs/_2m/Hentenna based/2m Hentenna over ground Phi_90 - flashing.nec,ok,ok,3.3765802374109626,1.6618129648268223,2.0319,1
g1ojs/_2m/Hentenna based/2m Hentenna over ground.nec,ok,ok,0.06394951976835728,0.045848337933421135,,0
g1ojs/_2m/Hentenna based/2m Small Cube Hentenna.nec,ok,ok,0.07326480187475681,0.05319477152079344,1.3773,1
g1ojs/_2m/Hentenna based/2m Small Cuboid Hentenna Symmetric.nec,ok,ok,0.09639509487897158,0.06965042557567358,1.3840,1
g1ojs/_2m/Hentenna based/2m Small Cuboid Hentenna.nec,ok,ok,0.07354672998189926,0.05260390229523182,1.3981,1
g1ojs/_2m/Hentenna based/2m Small Hentenna Loop 12.5 Ohms.nec,ok,ok,0.04741842672228813,0.03448349330574274,,0
g1ojs/_2m/Hentenna based/2m Small Hentenna Loop 700x200 Stub Match Wire dia.nec,ok,ok,0.04973529279232025,0.036511532962322235,,0
g1ojs/_2m/Hentenna based/2m Small Hentenna Loop 700x200 Stub Match.nec,ok,ok,0.050138710997998714,0.036343333311378956,,0
g1ojs/_2m/Hentenna based/2m Small Hentenna Loop 700x280 Stub Match.nec,ok,ok,0.05020508635789156,0.03637770563364029,,0
g1ojs/_2m/Hentenna based/2m Wide Hentenna over ground.nec,ok,ok,0.02833397127687931,0.023535079322755337,,0
g1ojs/_2m/Hentenna based/2m gapped hentenna over ground.nec,ok,ok,0.15693053882569075,0.10219589527696371,1.5356,1
g1ojs/_2m/Hentenna based/2x Stacked 2m Hentenna Single Feed Inverted parallel to roof ridge over Ground.nec,ok,ok,0.1573515022173524,0.10517967212945223,1.4960,1
g1ojs/_2m/Hentenna based/2x Stacked 2m Hentenna Single Feed parallel to roof ridge over Ground Base Direct Feed.nec,ok,ok,0.11680717766284943,0.08220346923917532,1.4210,1
g1ojs/_2m/Hentenna based/2x Stacked 2m Hentenna Single Feed parallel to roof ridge over Ground.nec,ok,ok,0.14777758810669184,0.10232244152575731,1.4442,1
g1ojs/_2m/Hentenna based/2x Stacked 2m Hentenna parallel to roof ridge over Ground.nec,ok,ok,0.12827102653682232,0.08813686203211546,1.4554,1
g1ojs/_2m/Hentenna based/2x Stacked 2m Hentenna parallel to roof ridge with reflector.nec,ok,ok,0.17923090234398842,0.12271697446703911,1.4605,1
g1ojs/_2m/Hentenna based/Build.nec,ok-no-source,ok-no-source,0.049261514097452164,0.03589404094964266,,0
g1ojs/_2m/Horizontal 2m Moxon.nec,ok,ok,0.018925688229501247,0.016170897521078587,,0
g1ojs/_2m/Horizontal Dipole with end loading plates.nec,ok,ok,0.06947796698659658,0.05505771655589342,1.2619,1
g1ojs/_2m/Larger loops/Fullwave square one turn.nec,ok,ok,0.006366579793393612,0.006114130839705467,,0
g1ojs/_2m/Larger loops/Rect 35cm x 50cm.nec,ok,ok,0.00606756005436182,0.005842466838657856,,0
g1ojs/_2m/Larger loops/Rect 35cm x 60cm.nec,ok,ok,0.006052073091268539,0.005895797163248062,,0
g1ojs/_2m/Larger loops/Skinny wire diamond loop.nec,ok,ok,0.013419886119663715,0.012922443449497223,,0
g1ojs/_2m/Larger loops/Square 40cm.nec,ok,ok,0.0061013298109173775,0.008283854462206364,,0
g1ojs/_2m/Magloop/2m 17cm dia Magloop 144.2 MHz H - FS.nec,ok,ok,0.010293961502611637,0.010149762034416199,,0
g1ojs/_2m/Magloop/2m 17cm dia Magloop 144.2 MHz H.nec,ok,ok,0.04089189227670431,0.029669059440493584,,0
g1ojs/_2m/Magloop/2m 17cm dia Magloop 144.2 MHz V.nec,ok,ok,0.040814852342009544,0.029138028621673584,,0
g1ojs/_2m/Owen Collinear.nec,ok,ok,0.008244200609624386,0.006696081720292568,,0
g1ojs/_2m/Quads/Circular Loop.nec,ok,ok,0.014882747083902359,0.01145266741514206,,0
g1ojs/_2m/Quads/Circular Quad 2 ele - fb.nec,ok,ok,0.029279458336532116,0.021003794856369495,,0
g1ojs/_2m/Quads/Rect Wire Quad 3 ele 50R.nec,ok,ok,0.06129864975810051,0.047397746704518795,,0
g1ojs/_2m/Quads/Square Quad 1 with dipole reflector.nec,ok,ok,0.015149977058172226,0.01364821381866932,,0
g1ojs/_2m/Quads/Square Quad 2 ele 50R.nec,ok,ok,0.029894993640482426,0.025053543969988823,,0
g1ojs/_2m/Quads/Square Quad 2 ele box.nec,ok,ok,0.060494241304695606,0.047041782177984715,,0
g1ojs/_2m/Quads/Square Thick Wire Quad 3 ele 50R.nec,ok,ok,0.05995368864387274,0.04641620721668005,,0
g1ojs/_2m/Quads/Square Wire Quad 2 ele 50R with clutter.nec,ok,ok,0.7903203554451466,0.37944466061890125,2.0828,1
g1ojs/_2m/Quads/Square Wire Quad 2 ele 50R.nec,ok,ok,0.03180484939366579,0.026748057454824448,,0
g1ojs/_2m/Quads/Square Wire Quad 3 ele 50R - fb.nec,ok,ok,0.0610600970685482,0.04801471997052431,,0
g1ojs/_2m/Quads/Square Wire Quad 3 ele 50R.nec,ok,ok,0.06127286795526743,0.04806751571595669,,0
g1ojs/_2m/Shortened dipoles/2m H dipole 0.5m.nec,ok,ok,0.008160634897649288,0.00832281168550253,,0
g1ojs/_2m/Shortened dipoles/2m Helix S dipole 0.5t.nec,ok,ok,0.05507256742566824,0.041961513459682465,,0
g1ojs/_2m/Shortened dipoles/2m Helix S dipole 0.7t.nec,ok,ok,0.05520565155893564,0.042259990237653255,,0
g1ojs/_2m/Shortened dipoles/2m Helix S dipole 1t.nec,ok,ok,0.055434699170291424,0.041609447449445724,,0
g1ojs/_2m/Shortened dipoles/2m Helix S dipole.nec,ok,ok,0.07595938257873058,0.04146433528512716,,0
g1ojs/_2m/Shortened dipoles/2m LL Dipole 2mm dia elements 40cm - hairpin.nec,ok,ok,0.03219754621386528,0.027413731440901756,,0
g1ojs/_2m/Shortened dipoles/2m LL Dipole 4mm dia elements 40cm - hairpin.nec,ok,ok,0.031694332137703896,0.026613565161824226,,0
g1ojs/_2m/Shortened dipoles/2m LL Dipole 5mm dia elements 50cm - hairpin.nec,ok,ok,0.031539393588900566,0.026627599261701107,,0
g1ojs/_2m/Shortened dipoles/2m M dipole 0.5m.nec,ok,ok,0.0073345741257071495,0.007391554303467274,,0
g1ojs/_2m/Shortened dipoles/2m Rect Petlowany Dipole 5mm dia elements flat 0.4.nec,ok,ok,0.013653918169438839,0.012889236211776733,,0
g1ojs/_2m/Shortened dipoles/2m Rect Petlowany Dipole 5mm dia elements flat 0.5.nec,ok,ok,0.013524813577532768,0.012940349988639355,,0
g1ojs/_2m/Shortened dipoles/2m Z dipole 0.5m.nec,ok,ok,0.007267003878951073,0.007279623299837112,,0
g1ojs/_2m/Shortened dipoles/2m Z dipole 0.6m.nec,ok,ok,0.007112135179340839,0.007347434759140015,,0
g1ojs/_2m/Shortened dipoles/2m meander dipole.nec,ok,ok,0.004005965776741505,0.004156016744673252,,0
g1ojs/_2m/Shortened dipoles/Dipole wire diameter.nec,ok,ok,0.007726181298494339,0.007770512253046036,,0
g1ojs/_2m/Shortened dipoles/Patch dipole.nec,ok,ok,1.0203715041279793,0.6245699459686875,1.6337,1
g1ojs/_2m/Slot cube tall.nec,ok,ok,0.03808157052844763,0.029576871544122696,,0
g1ojs/_2m/Slot cube wide.nec,ok,ok,0.03561773709952831,0.02904864214360714,,0
g1ojs/_2m/Slot cube.nec,ok,ok,0.03273425903171301,0.026653273031115532,,0
g1ojs/_2m/Stacked dipoles.nec,ok,ok,0.024958963505923748,0.020068990997970104,,0
g1ojs/_2m/Verticals/2m Stacked Vertical Dipoles with integral baluns - 4 lens opt WITH MEASUREMENT NOTES.nec,ok,ok,1.8154156859964132,0.9311367915943265,1.9497,1
g1ojs/_2m/Verticals/2m Stacked Vertical Dipoles with integral baluns - no harness.nec,ok,ok,1.1542355939745903,0.678749293088913,1.7005,1
g1ojs/_2m/Verticals/2m Stacked Vertical Dipoles with integral baluns reentrant harness.nec,ok,ok,1.7999715842306614,0.9590155957266688,1.8769,1
g1ojs/_2m/Verticals/2m Stacked Vertical Dipoles with integral baluns.nec,ok,ok,1.5872013866901398,0.8426028862595558,1.8837,1
g1ojs/_2m/Verticals/2m Stacked Vertical Gamma Matched Dipole over ground.nec,ok,ok,1.9662843514233828,0.9840935338288546,1.9981,1
g1ojs/_2m/Verticals/2m Vertical Dipole with integral balun.nec,ok,ok,1.1618207888677716,0.6890317294746637,1.6862,1
g1ojs/_2m/Verticals/2m Vertical Gamma Matched Dipole over ground.nec,ok,ok,1.1053873421624303,0.70420684479177,1.5697,1
g1ojs/_2m/Verticals/2m Vertical dipole with phasing balun.nec,ok,ok,3.717329256236553,1.6981807062402368,2.1890,1
g1ojs/_2m/Verticals/2m high gain Vertical flowerpot with metal sleeve air spaced with feedline and feed stub.nec,ok,ok,0.8049980774521828,0.4176657712087035,1.9274,1
g1ojs/_2m/Verticals/Periodic stubs tests/2m 3lam monopole stubs shaped generic.nec,ok,ok,0.6108395764604211,0.4029956180602312,1.5157,1
g1ojs/_2m/Verticals/Periodic stubs tests/2m gamma dipole extended TL.nec,ok,ok,0.16161117237061262,0.11099034734070301,1.4561,1
g1ojs/_2m/Verticals/Periodic stubs tests/2m gamma dipole extended stubs - test.nec,ok,ok,0.19349855836480856,0.1449550474062562,1.3349,1
g1ojs/_2m/Verticals/Periodic stubs tests/2m gamma dipole extended stubs shaped.nec,ok,ok,0.18186692241579294,0.13506805710494518,1.3465,1
g1ojs/_2m/Verticals/Periodic stubs tests/2m gamma dipole extended stubs.nec,ok,ok,0.1593263978138566,0.12774795666337013,1.2472,1
g1ojs/_2m/Verticals/Periodic stubs tests/2m gamma dipole extended zigzag.nec,ok,ok,0.08182891830801964,0.06467011105269194,1.2653,1
g1ojs/_2m/Yagis Loop Fed/2m 3ele LF yagi BUILT.nec,ok,ok,0.04753072652965784,0.036405605264008045,,0
g1ojs/_2m/Yagis Loop Fed/2m 3ele LF yagi opt FR.nec,ok,ok,0.047479613684117794,0.03685855679214001,,0
g1ojs/_2m/Yagis/2m Diamond A144S5R free space.nec,ok,ok,0.013918268494307995,0.014337820000946522,,0
g1ojs/_2m/Yagis/Horizontal 2m 2ele yagi.nec,ok,ok,0.009900369681417942,0.009590554051101208,,0
g1ojs/_2m/Yagis/Horizontal 2m 3ele yagi - M5AML.nec,ok,ok,0.016193030402064323,0.014696772210299969,,0
g1ojs/_2m/Yagis/Horizontal 2m 4ele yagi 95cm boom 20 ohm.nec,ok,ok,0.02468171063810587,0.021062636747956276,,0
g1ojs/_2m/Yagis/Horizontal 2m 4ele yagi BUILT.nec,ok,ok,0.024311046116054058,0.02056736871600151,,0
g1ojs/_2m/Yagis/Horizontal 2m yagi 5 ele.nec,ok,ok,0.0346115380525589,0.02783239260315895,,0
g1ojs/_2m/Yagis/Horizontal 2m yagi 6 ele.nec,ok,ok,0.047282333485782146,0.03618774749338627,,0
g1ojs/_6m/6m 2ele Quad base fed.nec,ok,ok,0.4881109492853284,0.31027146242558956,1.5732,1
g1ojs/_6m/6m Dipole bars.nec,ok,ok,0.3783619003370404,0.2580149145796895,1.4664,1
g1ojs/_6m/6m Dipole coax inner fed.nec,ok,ok,0.012142682448029518,0.010563552379608154,,0
g1ojs/_6m/6m Dipole discs.nec,error,error,0.1751417415216565,0.1189910490065813,,0
g1ojs/_6m/6m Dipole droops.nec,ok,ok,0.3760205805301666,0.2500139223411679,1.5040,1
g1ojs/_6m/6m Dipole speaker wire.nec,ok,ok,0.011955213733017445,0.010563443414866924,,0
g1ojs/_6m/6m Dipole stars.nec,ok,ok,0.38411036133766174,0.258266881108284,1.4873,1
g1ojs/_6m/6m Helically loaded dipole.nec,ok,ok,12.690672949887812,6.534079342149198,1.9422,1
g1ojs/_6m/6m LL Bar Dipole 5mm dia elements - 2.nec,ok,ok,0.38653462566435337,0.2636161269620061,1.4663,1
g1ojs/_6m/6m LL Bar Dipole 5mm dia elements.nec,ok,ok,0.3851247690618038,0.2628855314105749,1.4650,1
g1ojs/_6m/6m LL Dipole 5mm dia elements - hairpin - 2.nec,ok,ok,0.39831741247326136,0.2731984332203865,1.4580,1
g1ojs/_6m/6m LL Dipole 5mm dia elements - hairpin.nec,ok,ok,0.39843767043203115,0.2749999687075615,1.4489,1
g1ojs/_6m/6m LL Dipole test 5mm dia elements - hairpin.nec,ok,ok,0.39843563735485077,0.27236597426235676,1.4629,1
g1ojs/_6m/6m LL2 Dipole 5mm dia elements.nec,ok,ok,0.38988097105175257,0.26571089029312134,1.4673,1
g1ojs/_6m/6m Moxgen Moxon.nec,ok,ok,0.04341518692672253,0.031503274105489254,,0
g1ojs/_6m/6m Moxon 1mm wire.nec,ok,ok,0.01819717325270176,0.015133470296859741,,0
g1ojs/_6m/6m Moxon Front coax inner fed Rear wire.nec,ok,ok,0.03934353217482567,0.029209195636212826,,0
g1ojs/_6m/6m Moxon coax inner fed.nec,ok,ok,0.039715979248285294,0.029220095835626125,,0
g1ojs/_6m/6m Quad base fed.nec,ok,ok,0.3964563896879554,0.26417919155210257,1.5007,1
g1ojs/_6m/6m Quad side fed.nec,ok,ok,0.4012222131714225,0.26456321869045496,1.5165,1
g1ojs/_6m/6m Rect Petlowany Dipole 5mm dia elements 3D.nec,ok,ok,0.3813331164419651,0.25822784192860126,1.4767,1
g1ojs/_6m/6m Rect Petlowany Dipole 5mm dia elements flat 2.nec,ok,ok,0.3823565160855651,0.2594871297478676,1.4735,1
g1ojs/_6m/6m Rect Petlowany Dipole 5mm dia elements flat.nec,ok,ok,0.38214345928281546,0.25962161645293236,1.4719,1
g1ojs/_6m/6m Short Dipole 5mm dia elements - hairpin.nec,ok,ok,0.3826682101935148,0.259207459166646,1.4763,1
g1ojs/_6m/Build.nec,ok-no-source,ok-no-source,0.005367300473153591,0.005645085126161575,,0
g1ojs/_6m/_6m Dipole ref.nec,ok,ok,0.011699410155415535,0.010127993300557137,,0
g1ojs/_6m/_6m V.nec,ok,ok,0.38103611394762993,0.25267649441957474,1.5080,1
g1ojs/__70cm/70cm 6cm dia Magloop 433.2 MHz V.nec,ok,ok,0.03684078622609377,0.02780565433204174,,0
g1ojs/__70cm/70cm Rect Petlowany Dipole 1mm dia elements flat 2.nec,ok,ok,0.013076096773147583,0.012825951911509037,,0
g1ojs/__70cm/70cm Rect Petlowany Dipole 5mm dia elements flat 2.nec,ok,ok,0.012333694845438004,0.012368399649858475,,0
g1ojs/__70cm/Dipole ref.nec,ok,ok,0.005329339765012264,0.005678513087332249,,0
g1ojs/__70cm/Horizontal 70cm 3ele LF yagi.nec,ok,ok,0.04325145576149225,0.036188891157507896,,0
g1ojs/__70cm/Patch dipole.nec,ok,ok,0.035025352612137794,0.03363567963242531,,0
g1ojs/__70cm/Square loop.nec,ok,ok,0.009924215264618397,0.009573596529662609,,0
g1ojs/__70cm/Yagis/70cm Horizontal 2ele yagi over ground.nec,ok,ok,0.008973955176770687,0.00893789529800415,,0
g1ojs/__70cm/Yagis/70cm Horizontal 3ele yagi over ground.nec,ok,ok,0.014656461775302887,0.013436968438327312,,0
g1ojs/__70cm/Yagis/70cm Stacked dipoles x3.nec,ok,ok,0.01920327078551054,0.01696024462580681,,0
g1ojs/opt/Loaded V-01.nec,ok,ok,0.2056278996169567,0.13600016199052334,1.5120,1
g1ojs/opt/Loaded V-02.nec,ok,ok,0.20581173617392778,0.13565416913479567,1.5172,1
g1ojs/opt/Loaded V-03.nec,ok,ok,0.20584195107221603,0.13538311701267958,1.5204,1
g1ojs/opt/Loaded V-04.nec,ok,ok,0.20635291934013367,0.13521858491003513,1.5261,1
g1ojs/opt/Loaded V-05.nec,ok,ok,0.20624860003590584,0.13518310710787773,1.5257,1
g1ojs/opt/Loaded V-06.nec,ok,ok,0.20576510019600391,0.13504111673682928,1.5237,1
g1ojs/opt/Loaded V-07.nec,ok,ok,0.20484810415655375,0.13531134277582169,1.5139,1
g1ojs/opt/Loaded V-08.nec,ok,ok,0.20570296794176102,0.1358538456261158,1.5141,1
g1ojs/opt/Loaded V-09.nec,ok,ok,0.2070517474785447,0.13554626796394587,1.5275,1
g1ojs/opt/Loaded V-10.nec,ok,ok,0.20577098708599806,0.13527080416679382,1.5212,1
g1ojs/opt/Loaded V-11.nec,ok,ok,0.20586638804525137,0.13565082661807537,1.5176,1
g1ojs/opt/Loaded V-12.nec,ok,ok,0.20572364423424006,0.1356465658172965,1.5166,1
g1ojs/opt/Loaded V-13.nec,ok,ok,0.20576021634042263,0.13533356226980686,1.5204,1
g1ojs/opt/Loaded V-14.nec,ok,ok,0.20591769367456436,0.13566957041621208,1.5178,1
g1ojs/opt/Loaded V-15.nec,ok,ok,0.20524321123957634,0.13613687828183174,1.5076,1
g1ojs/opt/Loaded V-16.nec,ok,ok,0.20584887824952602,0.13559014443308115,1.5182,1
g1ojs/opt/Loaded V-18.nec,ok,ok,0.2066830052062869,0.13542305771261454,1.5262,1
g1ojs/opt/Loaded V-19.nec,ok,ok,0.20613819360733032,0.1353360153734684,1.5232,1
g1ojs/opt/Loaded V-20.nec,ok,ok,0.2057649279013276,0.136154699139297,1.5113,1
g1ojs/opt/Loaded V-21.nec,ok,ok,0.20589068718254566,0.1353718312457204,1.5209,1
g1ojs/opt/Loaded V-22.nec,ok,ok,0.20611587073653936,0.1352771921083331,1.5237,1
g1ojs/opt/Loaded V-23.nec,ok,ok,0.2059322977438569,0.13545789662748575,1.5203,1
g1ojs/opt/Loaded V-24.nec,ok,ok,0.20573676750063896,0.13611598126590252,1.5115,1
g1ojs/opt/Loaded V-26.nec,ok,ok,0.20557710900902748,0.13567434810101986,1.5152,1
g1ojs/opt/Loaded V-27.nec,ok,ok,0.20618191827088594,0.13658546283841133,1.5095,1
g1ojs/opt/Loaded V-28.nec,ok,ok,0.20577379502356052,0.13530391175299883,1.5208,1
icecube-dbesson/2 dipole on roof.nec,ok,ok,1.4592751543968916,0.627075276337564,2.3271,1
icecube-dbesson/2lsloper.nec,ok,ok,0.6235570004209876,0.3954853853210807,1.5767,1
icecube-dbesson/2phased.nec,ok,ok,0.0036675110459327698,0.0038927681744098663,,0
icecube-dbesson/36ccd.nec,ok,ok,0.35603779274970293,0.23016628995537758,1.5469,1
icecube-dbesson/36dip.nec,ok,ok,0.30329551734030247,0.19665435887873173,1.5423,1
icecube-dbesson/36inv.nec,ok,ok,0.3059344971552491,0.19964515324681997,1.5324,1
icecube-dbesson/36inv_split.nec,ok,ok,0.3058237889781594,0.19885564129799604,1.5379,1
icecube-dbesson/3el-inverted-V.nec,ok,ok,0.3136893333867192,0.20102222729474306,1.5605,1
icecube-dbesson/3elquad.nec,ok,ok,0.005391704849898815,0.005894786678254604,,0
icecube-dbesson/4 Dipole Trans-lines.nec,ok,ok,0.015283680520951748,0.014722786843776703,,0
icecube-dbesson/40quad.nec,ok,ok,0.19512059167027473,0.13225081842392683,1.4754,1
icecube-dbesson/4nec2.nec,ok,ok,0.4165379833430052,0.2129751956090331,1.9558,1
icecube-dbesson/4square.nec,ok,ok,0.29580406844615936,0.1915800031274557,1.5440,1
icecube-dbesson/4x20ra.nec,ok,ok,0.1525148544460535,0.09501036442816257,1.6052,1
icecube-dbesson/7lyagi10.nec,ok,ok,0.2945665502920747,0.19151986576616764,1.5380,1
icecube-dbesson/80hsbeam.nec,ok,ok,0.3346148058772087,0.22161644510924816,1.5099,1
icecube-dbesson/80rdbeam.nec,ok,ok,0.4422158282250166,0.28539989050477743,1.5495,1
icecube-dbesson/BCone45.nec,ok,ok,0.04955030232667923,0.042906615883111954,,0
icecube-dbesson/BCone55.nec,ok,ok,0.700120055116713,0.3727632714435458,1.8782,1
icecube-dbesson/BCone65.nec,ok,ok,0.7001841617748141,0.40626721177250147,1.7235,1
icecube-dbesson/Bcone-1mmgap.nec,ok,ok,0.05257271137088537,0.044683980755507946,,0
icecube-dbesson/Bcone-3cmgap.nec,ok,ok,0.05225308891385794,0.04403262119740248,,0
icecube-dbesson/BetaMatch.nec,ok,ok,0.034544977359473705,0.02459306363016367,,0
icecube-dbesson/Bicone-dzvar.nec,ok,ok,0.05245568882673979,0.0444356482475996,,0
icecube-dbesson/Bicone0+.nec,ok,ok,0.10051817074418068,0.0998307466506958,1.0069,1
icecube-dbesson/Bicone0.nec,ok,ok,0.03234548680484295,0.03301393333822489,,0
icecube-dbesson/Catenary_1.nec,ok-no-source,ok-no-source,0.003934559412300587,0.0040437886491417885,,0
icecube-dbesson/Cedzph10.nec,ok,ok,0.18201195541769266,0.1071582417935133,1.6985,1
icecube-dbesson/CoilCapHat.nec,ok,ok,0.24957085866481066,0.18205543793737888,1.3709,1
icecube-dbesson/Collinear_1L.nec,ok,ok,0.1218841327354312,0.07869649957865477,1.5488,1
icecube-dbesson/Deltalp.nec,ok,ok,0.10377626493573189,0.0859625544399023,1.2072,1
icecube-dbesson/Example1.nec,ok,ok,0.003503981977701187,0.005168740637600422,,0
icecube-dbesson/Example2.nec,ok,ok,0.00318742822855711,0.003940455615520477,,0
icecube-dbesson/Example3.nec,ok,ok,0.30332831013947725,0.20414801687002182,1.4858,1
icecube-dbesson/Fractal.nec,ok,ok,1.5136559158563614,1.3706954149529338,1.1043,1
icecube-dbesson/Generator.nec,ok,ok,0.07486372999846935,0.06545865070074797,1.1437,1
icecube-dbesson/Gwave.nec,ok,ok,0.13321606814861298,0.0963927824050188,1.3820,1
icecube-dbesson/Half-Horn2.nec,ok,ok,0.03943407628685236,0.03937552962452173,,0
icecube-dbesson/Half-horn.nec,ok,ok,0.03902859892696142,0.039362610317766666,,0
icecube-dbesson/Illuminate.nec,ok,ok,3.198836289346218,2.2494696602225304,1.4220,1
icecube-dbesson/L_match.nec,ok,ok,0.01999501045793295,0.016616267152130604,,0
icecube-dbesson/Logper.nec,ok,ok,0.020000864751636982,0.02122198697179556,,0
icecube-dbesson/Loops.nec,ok,ok,0.004215073771774769,0.006313111633062363,,0
icecube-dbesson/Lowdip.nec,ok,ok,0.3574551595374942,0.23573571257293224,1.5163,1
icecube-dbesson/Match_Test.nec,ok,ok,0.0033614709973335266,0.0035348935052752495,,0
icecube-dbesson/Moxon.nec,ok,ok,0.2884811945259571,0.18805514462292194,1.5340,1
icecube-dbesson/Multiband.nec,ok,ok,0.35492878407239914,0.2313544126227498,1.5341,1
icecube-dbesson/NearFld.nec,ok,ok,2.3334086732938886,1.6502450127154589,1.4140,1
icecube-dbesson/Optimized-discone.nec,ok,ok,0.03797048330307007,0.030539396218955517,,0
icecube-dbesson/Parab50.nec,ok,ok,8.659474869258702,5.026933419518173,1.7226,1
icecube-dbesson/Parabola.nec,ok-no-source,ok-no-source,0.15880994591861963,0.1518813455477357,,0
icecube-dbesson/Patch.nec,ok-no-source,ok-no-source,0.00847100093960762,0.009066511876881123,,0
icecube-dbesson/Phased GP.nec,ok,ok,0.028169640339910984,0.01956203766167164,,0
icecube-dbesson/Phased array Trans-line.nec,ok,ok,0.01296002883464098,0.010527756065130234,,0
icecube-dbesson/Quad.nec,ok,ok,0.4374689655378461,0.34814288932830095,1.2566,1
icecube-dbesson/RICE-dipole.nec,error,error,0.33711820747703314,0.2380794109776616,,0
icecube-dbesson/RICE-dipole0.nec,error,error,0.2941363453865051,0.20725587476044893,,0
icecube-dbesson/Rhombic.nec,ok,ok,0.15960742067545652,0.12811782024800777,1.2458,1
icecube-dbesson/Slopvee.nec,ok,ok,0.3118946738541126,0.206256284378469,1.5122,1
icecube-dbesson/T-box.nec,ok,ok,0.3473972836509347,0.19232195056974888,1.8063,1
icecube-dbesson/TL-test.nec,ok,ok,0.15724695939570665,0.11264688521623611,1.3959,1
icecube-dbesson/TV_uhf.nec,ok,ok,0.06051300372928381,0.04570631217211485,,0
icecube-dbesson/Tr-line.nec,ok,ok,0.3041548989713192,0.19713979493826628,1.5428,1
icecube-dbesson/TrapDip.nec,ok,ok,0.004583917558193207,0.0061377789825201035,,0
icecube-dbesson/Vee40.nec,ok,ok,0.3402335839346051,0.2227210672572255,1.5276,1
icecube-dbesson/Vyagi22.nec,ok,ok,0.02637465111911297,0.031182418577373028,,0
icecube-dbesson/Yagi16.nec,ok,ok,0.03837023861706257,0.03531951643526554,,0
icecube-dbesson/atl50E.nec,ok,ok,0.8234440851956606,0.4644393855705857,1.7730,1
icecube-dbesson/atl50e-h.nec,ok,ok,0.9363432144746184,0.527884921990335,1.7738,1
icecube-dbesson/bev80.nec,ok,ok,0.36949971970170736,0.2417562296614051,1.5284,1
icecube-dbesson/bisq7.nec,ok,ok,0.06821457203477621,0.05824821628630161,1.1711,1
icecube-dbesson/bobtail.nec,ok,ok,0.3387339962646365,0.2214299663901329,1.5298,1
icecube-dbesson/circdip3.nec,ok,ok,0.0037196753546595573,0.0039343563839793205,,0
icecube-dbesson/corner.nec,ok,ok,0.02605291549116373,0.026325280778110027,,0
icecube-dbesson/dip_curv_6m.nec,ok,ok,0.01237784419208765,0.012791150249540806,,0
icecube-dbesson/discone.nec,ok,ok,0.03708970546722412,0.031238846480846405,,0
icecube-dbesson/dscn2.nec,ok,ok,0.8838253570720553,0.5569690642878413,1.5868,1
icecube-dbesson/edzmod.nec,ok,ok,0.27226370945572853,0.17625249829143286,1.5447,1
icecube-dbesson/emeyagi.nec,ok,ok,0.021434904076159,0.016158764250576496,,0
icecube-dbesson/fm6.nec,ok,ok,0.010725258849561214,0.011449260637164116,,0
icecube-dbesson/franklin.nec,ok,ok,0.004594098776578903,0.004811574704945087,,0
icecube-dbesson/g5rv.nec,ok,ok,0.0035917311906814575,0.0037077246233820915,,0
icecube-dbesson/gndplane.nec,ok,ok,0.003818281926214695,0.004169347696006298,,0
icecube-dbesson/hel10ua.nec,ok,ok,0.4429995408281684,0.2263083355501294,1.9575,1
icecube-dbesson/helix.nec,ok,ok,1.1033623442053795,0.6003489177674055,1.8379,1
icecube-dbesson/helixve5.nec,ok,ok,0.04840453527867794,0.04202866833657026,,0
icecube-dbesson/hrs_441.nec,ok,ok,13.490739792585373,5.071450086310506,2.6601,1
icecube-dbesson/i5tdjii.nec,ok,ok,0.037367964163422585,0.025407970882952213,,0
icecube-dbesson/isotrop.nec,ok,ok,0.004597974941134453,0.004957983270287514,,0
icecube-dbesson/jbl.nec,ok,ok,4.53750345017761,2.5636277962476015,1.7700,1
icecube-dbesson/lazyh.nec,ok,ok,0.005168563686311245,0.005424840375781059,,0
kk4obi-bent-dipoles/efhw-straight.nec,ok,ok,0.09613019786775112,0.06164493318647146,1.5594,1
kk4obi-bent-dipoles/folded-end-dipole.nec,ok,ok,0.31715244241058826,0.20877556782215834,1.5191,1
kk4obi-bent-dipoles/ocf-vertical-4radials.nec,ok,ok,0.23136925511062145,0.1595749817788601,1.4499,1
kk4obi-bent-dipoles/std-vertical-dipole.nec,ok,ok,0.09495966508984566,0.06748575530946255,1.4071,1
nec-simulations/nec/biconicalAntenna.nec,ok,ok,0.005260062403976917,0.006056763231754303,,0
nec-simulations/nec/colinnearDipoles.nec,ok,ok,0.003915870562195778,0.0042443955317139626,,0
nec-simulations/nec/foldedDipole_10.nec,ok,ok,0.00452013686299324,0.004731126129627228,,0
nec-simulations/nec/foldedDipole_5.nec,ok,ok,0.003551035188138485,0.003916075453162193,,0
nec-simulations/nec/foldedDipole_50.nec,ok,ok,0.026266795583069324,0.021747508086264133,,0
nec-simulations/nec/helicalAntenna.nec,ok,ok,0.048025039955973625,0.04419293627142906,,0
nec-simulations/nec/inEchellonDipoles.nec,ok,ok,0.0036554159596562386,0.003703039139509201,,0
nec-simulations/nec/parallelDipoles.nec,ok,ok,0.003973415121436119,0.004173186607658863,,0
nec-simulations/nec/turnstileAntenna.nec,ok,ok,0.0038660308346152306,0.004134896211326122,,0
nec-simulations/nec/turnstileTestAntenna.nec,ok,ok,7.186231758445501,3.8699460132047534,1.8569,1
nec-simulations/nec/wireAntennaFastGround.nec,ok,ok,0.459765100851655,0.2887919628992677,1.5920,1
nec-simulations/nec/wireAntennaPerfectGround.nec,crash,crash,1.2169585200026631,1.2139873886480927,,0
nec2-toys/2m-fd-fed-yagi.nec,ok,ok,1.0051902988925576,0.9188048290088773,1.0940,1
nec2-toys/2m-folded-dipole/2m-folded-dipole.nec,ok,ok,0.857660268433392,0.8091449681669474,1.0600,1
nec2-toys/oldStuff/gen1/freeSpace2mDE.nec,ok,ok,0.019361416809260845,0.01914424542337656,,0
nec2-toys/oldStuff/gen1/nec-2m-2el-146.310.nec,ok,ok,0.02550786640495062,0.024201638996601105,,0
nec2-toys/oldStuff/gen1/nec-2m-2el-1_8th-wire.nec,ok,ok,0.021792836487293243,0.02181439008563757,,0
nec2-toys/oldStuff/gen1/nec-2m-2el-3_16ths-wire.nec,ok,ok,0.02155298739671707,0.021466244012117386,,0
nec2c/10RA432.nec,ok,ok,0.007364287041127682,0.008259320631623268,,0
nec2c/19el_432_tonna.nec,ok,ok,0.07029703259468079,0.05195299629122019,1.3531,1
nec2c/20RA432.nec,ok,ok,0.028828736394643784,0.023852689191699028,,0
nec2c/20RA_X4.nec,ok,ok,0.11475319415330887,0.07347930129617453,1.5617,1
nec2c/3E_.nec,ok,ok,0.0071556102484464645,0.008047446608543396,,0
nec2c/9EL_GRA.nec,ok,ok,0.020537246018648148,0.01602404098957777,,0
nec2c/9elX2b_gr.nec,ok,ok,0.20238188654184341,0.11169107351452112,1.8120,1
nec2c/9elX2b_mast.nec,ok,ok,0.15560258738696575,0.10347197204828262,1.5038,1
nec2c/9elX2b_tonna.nec,ok,ok,0.14489342737942934,0.09602986089885235,1.5088,1
nec2c/9elX2bm_gr.nec,ok,ok,0.5915730334818363,0.27142796386033297,2.1795,1
nec2c/9elX_gra.nec,ok,ok,0.06116862688213587,0.04040577821433544,,0
nec2c/9elX_tonna.nec,ok,ok,0.050371733494102955,0.04023005906492472,,0
nec2c/9elXb_tonna.nec,ok,ok,0.050582289695739746,0.040675670839846134,,0
nec2c/9elXb_tonnaf.nec,ok,ok,1.1380521338433027,0.7485577976331115,1.5203,1
nec2c/9el_p_tonna.nec,ok,ok,0.02243890520185232,0.020910863764584064,,0
nec2c/9el_tonna.nec,ok,ok,0.022094598039984703,0.020739098079502583,,0
nec2c/9el_tonnaf.nec,ok,ok,0.2937409095466137,0.2120784306898713,1.3851,1
nec2c/9elv_tonna.nec,ok,ok,0.021955598145723343,0.020641724579036236,,0
nec2c/BSZ09.nec,ok,ok,0.020248201675713062,0.01940204855054617,,0
nec2c/BSZ10.nec,ok,ok,0.25046246964484453,0.20988796278834343,1.1933,1
nec2c/CAR.nec,ok,ok,0.08016758877784014,0.07505625486373901,1.0681,1
nec2c/DIP2_7T.nec,ok,ok,0.0059114862233400345,0.005892627872526646,,0
nec2c/DIP_7.nec,ok,ok,0.006800723262131214,0.007789496332406998,,0
nec2c/DIP_7T.nec,ok,ok,0.004498534835875034,0.004813089966773987,,0
nec2c/DIP_7TB.nec,ok,ok,0.004422465339303017,0.004918438382446766,,0
nec2c/DIP_7TC.nec,ok,ok,0.004407260566949844,0.004788256250321865,,0
nec2c/DIP_7TD.nec,ok,ok,0.004480169154703617,0.004884754307568073,,0
nec2c/DIP_7TE.nec,ok,ok,0.004405313171446323,0.0048750173300504684,,0
nec2c/DIP_REFL.nec,ok,ok,0.010298983193933964,0.012647038325667381,,0
nec2c/ELICA.nec,ok,ok,0.009274142794311047,0.010050020180642605,,0
nec2c/EX1.nec,ok,ok,0.00341804139316082,0.0035967109724879265,,0
nec2c/EX2.nec,ok,ok,0.0033777542412281036,0.003718167543411255,,0
nec2c/EX3.nec,ok,ok,0.08190849609673023,0.05768601316958666,1.4199,1
nec2c/EX5.nec,ok,ok,0.006685309112071991,0.006815473549067974,,0
nec2c/EX7.nec,ok-no-source,ok-no-source,0.003663593903183937,0.003999844193458557,,0
nec2c/I5TDJII.nec,ok,ok,0.05324365384876728,0.040417760610580444,,0
nec2c/I5TDJIII.nec,ok,ok,0.05309462733566761,0.04015736188739538,,0
nec2c/LOGPERIO_1.nec,ok-no-source,ok-no-source,0.00617100577801466,0.0058105867356061935,,0
nec2c/LPA9.nec,ok,ok,0.03632713574916124,0.03731678985059261,,0
nec2c/MARCONI.nec,ok,ok,0.008515901863574982,0.005300513468682766,,0
nec2c/MONOPOLE.nec,ok,ok,0.005074546672403812,0.0055245207622647285,,0
nec2c/MONOPOLO.nec,ok,ok,0.005128572694957256,0.005737639032304287,,0
nec2c/MYGP.nec,ok,ok,0.1225988743826747,0.07915484253317118,1.5488,1
nec2c/MYGPR.nec,ok,ok,0.6901146853342652,0.45481146313250065,1.5174,1
nec2c/MYGPX.nec,ok,ok,0.6940209809690714,0.45692850928753614,1.5189,1
nec2c/RHOMBIC.nec,ok,ok,0.04339172411710024,0.03902022447437048,,0
nec2c/ROMBICA.nec,ok,ok,0.043546317145228386,0.03913183882832527,,0
nec2c/SKYWIRE.nec,ok,ok,0.013264774344861507,0.011949492618441582,,0
nec2c/SPIRAL.nec,error,error,0.005412928760051727,0.005807963199913502,,0
nec2c/TEST299.nec,ok,ok,0.04779092036187649,0.030958141200244427,,0
nec2c/TRI_7.nec,ok,ok,0.010389207862317562,0.011102180927991867,,0
nec2c/TRI_7T.nec,ok,ok,0.007545117288827896,0.007289706729352474,,0
nec2c/TRI_7TA.nec,ok,ok,0.0072614531964063644,0.007233946584165096,,0
nec2c/TRI_7TB.nec,ok,ok,0.007454991340637207,0.007303902879357338,,0
nec2c/TRI_7TC.nec,ok,ok,0.007357302121818066,0.00719040259718895,,0
nec2c/VBS_28_T.nec,ok,ok,0.006059344857931137,0.006609529256820679,,0
nec2c/VB_28_T.nec,ok,ok,0.00597001425921917,0.0067270128056406975,,0
nec2c/YG_4X6.nec,ok,ok,0.012377910315990448,0.013691463507711887,,0
nec2c/YG_4X6_B.nec,ok,ok,0.0345567911863327,0.031785404309630394,,0
nec2c/YG_6EL.nec,ok,ok,0.007910501211881638,0.00905101653188467,,0
nec2c/YI20_40B.nec,ok,ok,1.5104886526241899,0.9195271460339427,1.6427,1
nec2c/YI20_40C.nec,ok,ok,1.8358572367578745,1.0299322502687573,1.7825,1
nec2c/dip_curv_6m.nec,ok,ok,0.012221105396747589,0.012778581120073795,,0
nec2c/dl_2el_18.nec,ok,ok,0.029421761631965637,0.022052420303225517,,0
nec2c/dl_2el_18_1.nec,ok,ok,0.011162358336150646,0.012109021656215191,,0
nec2c/dl_2el_18_1t.nec,ok,ok,0.008171201683580875,0.008158354088664055,,0
nec2c/dl_2el_18_1t15mvp.nec,ok,ok,0.3028912032023072,0.19374146312475204,1.5634,1
nec2c/dl_2el_18_t10m.nec,ok,ok,0.0082017183303833,0.008250007405877113,,0
nec2c/dl_2el_18_t10mvp.nec,ok,ok,0.00816024374216795,0.008069794625043869,,0
nec2c/dl_2el_18b24.nec,ok,ok,0.028929542750120163,0.026580283418297768,,0
nec2c/dl_2el_24b18.nec,ok,ok,0.028940705582499504,0.02747124247252941,,0
nec2c/dl_2el_28_1.nec,ok,ok,0.030175836756825447,0.0258504468947649,,0
nec2c/dl_2el_28_1t.nec,ok,ok,0.03168399352580309,0.022729230113327503,,0
nec2c/dl_2el_28_f.nec,ok,ok,0.5220634257420897,0.34136065375059843,1.5294,1
nec2c/dl_4el_20.nec,ok,ok,0.056488823145627975,0.044121598824858665,,0
nec2c/dl_4el_20f.nec,ok,ok,0.6313792178407311,0.4115316607058048,1.5342,1
nec2c/firstrhombic.nec,ok,ok,0.01014244556427002,0.009430507197976112,,0
nec2c/i5tdjiiif.nec,ok,ok,1.2132731648162007,0.6956928493455052,1.7440,1
nec2c/log_periodic.nec,ok,ok,0.03599617909640074,0.03746700566262007,,0
nec2c/logperA9.nec,ok,ok,0.03655084874480963,0.03767139092087746,,0
nec2c/quad17m_1.nec,ok,ok,0.044929527677595615,0.02821793593466282,,0
nec2c/quad17m_2.nec,ok,ok,0.04565255902707577,0.030051222071051598,,0
nec2c/rombica_t.nec,ok,ok,0.010120262391865253,0.00937049463391304,,0
nec2c/yg2_5el_50.nec,ok,ok,0.024478559382259846,0.02266555465757847,,0
nec2c/yg2_5el_50t.nec,ok,ok,0.023900308646261692,0.017969227395951748,,0
nec2c/yg_16el_220.nec,ok,ok,0.014483025297522545,0.015319792553782463,,0
nec2c/yg_16el_220M_1.nec,ok,ok,0.03323552384972572,0.03202198073267937,,0
nec2c/yg_16el_220M_2.nec,ok,ok,0.04296768084168434,0.03358462452888489,,0
nec2c/yg_2el_24.nec,ok,ok,0.010578032582998276,0.011426311917603016,,0
nec2c/yg_4el_20.nec,ok,ok,0.013217228464782238,0.013434511609375477,,0
nec2c/yg_4el_20f.nec,ok,ok,0.04759215284138918,0.04057708941400051,,0
nec2c/yg_4el_20g.nec,ok,ok,0.010341942310333252,0.009216354228556156,,0
nec2c/yg_5el_50.nec,ok,ok,0.011809999123215675,0.01230514608323574,,0
nec2c/yg_5el_50_opt.nec,ok,ok,0.011997980996966362,0.012612324208021164,,0
nec2c/yg_5el_50p_opt.nec,ok,ok,0.012069727294147015,0.012405897490680218,,0
nec2c/yg_5el_50t.nec,ok,ok,0.008993965573608875,0.00860730279237032,,0
nec2c/yg_9el_144.nec,ok,ok,0.021908126771450043,0.020575061440467834,,0
nec2org/biquad_2440MHz.nec,ok,ok,1.0194070572033525,0.6937258988618851,1.4695,1
necpp/36dip.nec,ok,ok,0.3046457888558507,0.19551948737353086,1.5581,1
necpp/Collinear_1L.nec,ok,ok,0.12197407241910696,0.07822069432586432,1.5594,1
necpp/GA487.nec,ok,ok,0.5242071626707911,0.5235545663163066,1.0012,1
necpp/Yg_4x6_b.nec,ok,ok,0.03496756590902805,0.03171783126890659,,0
necpp/biquad.nec,ok,ok,1.0198254883289337,0.6916653141379356,1.4744,1
necpp/bruce_sommerfeld.nec,ok,ok,0.3759039416909218,0.2459247810766101,1.5285,1
necpp/buoy.nec,ok,ok,0.12207300867885351,0.0835837135091424,1.4605,1
necpp/dipole_anim.nec,ok,ok,0.013656757771968842,0.01497163437306881,,0
necpp/discone.nec,ok-no-source,ok-no-source,3.818173548206687,1.46824917383492,,0
necpp/ek_test.nec,ok,ok,0.005922410637140274,0.006520076654851437,,0
necpp/example1.nec,ok,ok,0.003448505885899067,0.0036253957077860832,,0
necpp/example2.nec,ok,ok,0.0033367201685905457,0.003715665079653263,,0
necpp/example3.nec,ok,ok,0.10149989649653435,0.05746512394398451,1.7663,1
necpp/example5.nec,ok,ok,0.006817944347858429,0.006870458833873272,,0
necpp/excessive_gain.nec,ok,ok,0.012496143579483032,0.014038308523595333,,0
necpp/ga_pjw_0.nec,ok-no-source,ok-no-source,0.11442831624299288,0.07032610196620226,,0
necpp/ga_pjw_1.nec,ok,ok,1.0118153486400843,0.630533155053854,1.6047,1
necpp/gh_flat_spiral.nec,ok,ok,0.007768057286739349,0.008492828346788883,,0
necpp/gn2.nec,ok,ok,0.18822734616696835,0.12426357064396143,1.5147,1
necpp/gx_one_plane.nec,ok,ok,0.006104461848735809,0.006527077406644821,,0
necpp/gx_three_planes.nec,ok,ok,0.010228038765490055,0.011123795062303543,,0
necpp/gx_three_planes_control.nec,ok,ok,0.011269748210906982,0.011967289261519909,,0
necpp/hang.nec,ok,ok,0.6411913195624948,0.31073849927634,2.0634,1
necpp/herzian_dipole.nec,ok,ok,0.005926624871790409,0.006478199735283852,,0
necpp/intersection.nec,ok,ok,0.003663560375571251,0.00404040701687336,,0
necpp/inverted_v.nec,ok,ok,4.409425290301442,2.505864613689482,1.7596,1
necpp/medium_test.nec,ok,ok,0.003727491945028305,0.004140249453485012,,0
necpp/near_field_electric.nec,ok,ok,0.0031787166371941566,0.003470460884273052,,0
necpp/near_field_magnetic.nec,ok,ok,0.0031096190214157104,0.0033434582874178886,,0
necpp/passive_test1.nec,ok-no-source,ok-no-source,0.10407301876693964,0.06496604904532433,,0
necpp/patch_999.nec,error,error,0.11935944762080908,0.11150155775249004,,0
necpp/patch_999_2.nec,no-impedance,no-impedance,0.012662048451602459,0.013047433458268642,,0
necpp/plane.nec,ok-no-source,ok-no-source,0.03981895837932825,0.03954529017210007,,0
necpp/plane_wave_excitation.nec,ok-no-source,ok-no-source,0.007585178129374981,0.007770327851176262,,0
necpp/plet_helix.nec,ok-no-source,ok-no-source,0.03628733288496733,0.028472687117755413,,0
necpp/plet_helixumts.nec,ok,ok,0.2263368833810091,0.1643633721396327,1.3771,1
necpp/salt_ground.nec,ok,ok,0.8857931606471539,0.601498506963253,1.4726,1
necpp/sommerfeld2.nec,ok,ok,0.16176862176507711,0.11399859189987183,1.4190,1
necpp/sommerfeld3.nec,ok,ok,0.3161531137302518,0.20944347698241472,1.5095,1
necpp/sommerfield1.nec,ok,ok,0.08780370280146599,0.06011571642011404,1.4606,1
necpp/test299.nec,ok,ok,0.047632922418415546,0.030286370776593685,,0
necpp/yagi.nec,ok,ok,0.03636173252016306,0.0624992111697793,,0
opennec/6mYagi-Onec.nec,ok,ok,49.379616905003786,41.08620427455753,1.2019,1
opennec/6mYagi-Onec2.nec,ok,ok,0.055248565040528774,0.05378358718007803,1.0272,1
opennec/example5.nec,ok,ok,0.006882946006953716,0.006893713027238846,,0
qantenna/10-30m_vert4.nec,ok,ok,15.500241111032665,7.624691535718739,2.0329,1
qantenna/19el_432_tonna.nec,ok,ok,0.07024553511291742,0.052203522995114326,1.3456,1
qantenna/1_4l-gp_on_pole.nec,ok,ok,2.0401196451857686,1.6507929293438792,1.2358,1
qantenna/5_8l-gp_on_pole.nec,ok,ok,1.7223602896556258,1.4239055989310145,1.2096,1
qantenna/adrian.nec,ok,ok,0.09884253703057766,0.08778806496411562,1.1259,1
qantenna/airplane.nec,ok,ok,0.5605707904323936,0.49755892902612686,1.1266,1
qantenna/ant.nec,ok,ok,0.036776019260287285,0.03680339455604553,,0
qantenna/collinear.nec,ok,ok,1.9628250859677792,1.653035712428391,1.1874,1
qantenna/delta-loop-15m.nec,ok,ok,0.9633284891024232,0.8302582167088985,1.1603,1
qantenna/quad-20m.nec,ok,ok,0.88336968049407,0.7625357126817107,1.1585,1
qantenna/spaceship.nec,ok,ok,0.03778144158422947,0.03743678703904152,,0
qantenna/tower.nec,error,error,0.009670138359069824,0.010713660158216953,,0
qantenna/tri_7.nec,ok,ok,0.010083600878715515,0.010878903791308403,,0
qantenna/turnstile-sloped.nec,ok,ok,0.1837081629782915,0.16718413308262825,1.0988,1
qantenna/turnstile.nec,ok,ok,0.184061823412776,0.16922345105558634,1.0877,1
qantenna/xpol_omni.nec,ok,ok,0.42941794730722904,0.4203170342370868,1.0217,1
qantenna/yagi.nec,ok,ok,0.08243402279913425,0.0697013745084405,1.1827,1
qantenna/yagi8sq_ch1.nec,ok,ok,0.0909329354763031,0.07670369930565357,1.1855,1
qantenna/yg_16el_220.nec,ok,ok,0.014693773351609707,0.014839468523859978,,0
qantenna/yg_4el_20.nec,ok,ok,0.059248548932373524,0.05269567761570215,1.1244,1
qantenna/yg_6el.nec,ok,ok,0.8206288684159517,0.7457748400047421,1.1004,1
qantenna/zepp-80m.nec,ok,ok,0.24464321602135897,0.23184718750417233,1.0552,1
rchacker-antennas/1180/helical.nec,ok,ok,0.024198265746235847,0.02582853939384222,,0
rchacker-antennas/1180/moxon_44mm.nec,ok,ok,0.012361890636384487,0.011491862125694752,,0
rchacker-antennas/1180/moxon_thin_wire.nec,ok,ok,0.01158175989985466,0.011725629679858685,,0
rchacker-antennas/1180/turnstile_1180_droop_angle_raptor.nec,ok,ok,0.07713430933654308,0.0793215911835432,0.9724,1
rchacker-antennas/1180/turnstile_1180_droop_angle_raptor_optimised.nec,ok,ok,0.055521086789667606,0.03823039401322603,,0
rchacker-antennas/1180/use gen program in 4nec folder.nec,ok-no-source,ok-no-source,6.078494798392057,3.5335089592263103,,0
rchacker-antennas/2.4/dipole_2.4.nec,ok,ok,0.013256148435175419,0.011417272500693798,,0
rchacker-antennas/2.4/moxon24.nec,ok,ok,0.007953899912536144,0.007822485640645027,,0
rchacker-antennas/2.4/stripped_coax_2.4.nec,ok,ok,0.01027466170489788,0.00942866038531065,,0
rchacker-antennas/2.4/swastika thick wire.nec,ok,ok,0.006366170942783356,0.006419322453439236,,0
rchacker-antennas/2.4/swastika thin wire.nec,ok,ok,0.009697939269244671,0.009210430085659027,,0
rchacker-antennas/2.4/swastika.nec,ok,ok,0.006326306611299515,0.006290965713560581,,0
rchacker-antennas/2.4/swastika_large_wire_opt.nec,ok,ok,0.006237993016839027,0.006112805567681789,,0
rchacker-antennas/2.4/swastika_large_wire_opt_1mm_feed.nec,ok,ok,0.00629843957722187,0.006240236572921276,,0
rchacker-antennas/2.4/turnstile.nec,ok,ok,0.01841794326901436,0.014666161499917507,,0
rchacker-antennas/2.4/turnstile_2.4_asymmetric.nec,ok,ok,0.018468763679265976,0.022457513958215714,,0
rchacker-antennas/2.4/turnstile_2.4_asymmetric_rad.nec,ok,ok,0.018463050946593285,0.014927760697901249,,0
rchacker-antennas/2.4/vee_2.4.nec,ok,ok,0.013062182813882828,0.01161166001111269,,0
rchacker-antennas/58/helical58.nec,ok,ok,0.381324197165668,0.2686041835695505,1.4197,1
rchacker-antennas/58/pinwheel5.8.nec,ok,ok,0.13803880754858255,0.10966482851654291,1.2587,1
rchacker-antennas/UHF/_new.nec,ok,ok,0.023715686053037643,0.01832644362002611,,0
rchacker-antennas/UHF/ground_plane.nec,ok,ok,0.05506737343966961,0.03805381152778864,,0
rchacker-antennas/UHF/ground_turnstile.nec,ok,ok,0.01251351460814476,0.007290806621313095,,0
rchacker-antennas/UHF/ibcrazy turnstile.nec,ok,ok,0.00418049655854702,0.0036288313567638397,,0
rchacker-antennas/UHF/ibcrazy turnstile_measurements_from_web_tutorial.nec,ok,ok,0.004239513538777828,0.0037408368661999702,,0
rchacker-antennas/UHF/moxon435_as_per_generator.nec,ok,ok,0.03852007072418928,0.015609297901391983,,0
rchacker-antennas/UHF/moxon435_optimised.nec,ok,ok,0.018729116767644882,0.016514144837856293,,0
rchacker-antennas/UHF/turnstile.nec,ok,ok,0.023206837475299835,0.018340539187192917,,0
rchacker-antennas/UHF/turnstile_NEW.nec,ok,ok,0.023667966946959496,0.017945929430425167,,0
rchacker-antennas/UHF/turnstile_coax_flat.nec,ok,ok,0.023368938826024532,0.015435496345162392,,0
rchacker-antennas/UHF/turnstile_coax_flower.nec,ok,ok,0.045691145583987236,0.033016628585755825,,0
rchacker-antennas/UHF/turnstile_coax_flower_2.5.nec,ok,ok,0.046240802854299545,0.03202763944864273,,0
rchacker-antennas/UHF/turnstile_droop_angle.nec,ok,ok,0.03732330724596977,0.027743861079216003,,0
rchacker-antennas/UHF/turnstile_droop_angle_coax.nec,ok,ok,0.05535268131643534,0.03789231367409229,,0
rchacker-antennas/UHF/turnstile_droop_angle_raptor.nec,ok,ok,0.13179847598075867,0.08264501858502626,1.5948,1
rchacker-antennas/UHF/turnstile_droop_angle_raptor_optimised.nec,ok,ok,0.2628024183213711,0.15418751630932093,1.7044,1
rchacker-antennas/UHF/turnstile_droop_angle_raptor_optimised_eff.nec,ok,ok,0.2615417968481779,0.1529097007587552,1.7104,1
rchacker-antennas/UHF/turnstile_effeciency_optimised.nec,ok,ok,0.037489153444767,0.02714368049055338,,0
rchacker-antennas/UHF/vee3_asymmetrical.nec,ok,ok,0.013810244388878345,0.011775624006986618,,0
rchacker-antennas/UHF/vee3_asymmetrical_hello_kitty_evolved.nec,ok,ok,0.023628379218280315,0.01778862439095974,,0
rchacker-antennas/UHF/vee3_asymmetrical_hello_kitty_evolved_40.nec,ok,ok,0.023650855757296085,0.01779678463935852,,0
rchacker-antennas/UHF/vee3_asymmetrical_with_coax.nec,ok,ok,0.02351327333599329,0.01829349994659424,,0
rchacker-antennas/UHF/vee3_symmetrical.nec,ok,ok,0.01364133320748806,0.011731648817658424,,0
rchacker-antennas/circular omni/PINWHEEL62m.nec,ok,ok,0.1353701874613762,0.10873446054756641,1.2450,1
rchacker-antennas/circular omni/pinwheel62m_980skewplanar-e3.nec,ok,ok,0.13734874967485666,0.1083624754101038,1.2675,1
rchacker-antennas/vee_cheatsheet/vee3_symmetrical_1080_cat5.nec,ok,ok,0.013798870146274567,0.011859443038702011,,0
rchacker-antennas/vee_cheatsheet/vee3_symmetrical_1180_cat5.nec,ok,ok,0.013709401711821556,0.011653893627226353,,0
rchacker-antennas/vee_cheatsheet/vee3_symmetrical_1280_cat5.nec,ok,ok,0.013668590225279331,0.011669231578707695,,0
rchacker-antennas/vee_cheatsheet/vee3_symmetrical_425.nec,ok,ok,0.026680787093937397,0.011695648543536663,,0
rchacker-antennas/vee_cheatsheet/vee3_symmetrical_433.nec,ok,ok,0.013522258959710598,0.0117409136146307,,0
rchacker-antennas/vee_cheatsheet/vee3_symmetrical_435.nec,ok,ok,0.01354069635272026,0.01167458575218916,,0
rchacker-antennas/vee_cheatsheet/vee3_symmetrical_440.nec,ok,ok,0.013572321273386478,0.011676343157887459,,0
rchacker-antennas/vee_cheatsheet/vee3_symmetrical_459.nec,ok,ok,0.01363864354789257,0.012094550766050816,,0
rchacker-antennas/vee_cheatsheet/vee3_symmetrical_915.nec,ok,ok,0.013579617254436016,0.011617894284427166,,0
rchacker-antennas/vee_cheatsheet/vee3_symmetrical_915_cat5.nec,ok,ok,0.013606970198452473,0.01168888621032238,,0
sokyrad/k8uy_yagi_10el/models/K8UY_yagi_2m_original.nec,ok,ok,0.20418621692806482,0.12934131547808647,1.5787,1
sokyrad/unsorted/10m efhw narrow rect 28.4mhz  10m efhw narrow rect 28.4mhz.nec,ok,ok,0.185074370354414,0.14235662296414375,1.3001,1
sokyrad/unsorted/10m_3el_yagi_horizontal.nec,ok,ok,0.4354459382593632,0.34294893592596054,1.2697,1
sokyrad/unsorted/10m_3el_yagi_horizontal_quarter_wave_elements.nec,ok,ok,0.41149413120001554,0.29990389477461576,1.3721,1
sokyrad/unsorted/10m_3el_yagi_vertical.nec,ok,ok,0.5729278502985835,0.4347976157441735,1.3177,1
sokyrad/unsorted/10m_efhw_inverted_L_10ft.nec,ok,ok,0.207679676823318,0.14282252453267574,1.4541,1
sokyrad/unsorted/10m_quarter_wave_ground_plane_10ft.nec,ok,ok,0.9690010445192456,0.6987903788685799,1.3867,1
sokyrad/unsorted/15m_20m_jumper_half_square.nec,ok,ok,3.1173925288021564,2.382540072314441,1.3084,1
sokyrad/unsorted/26ft_vertical_26x20ft_radials_eznec_import.nec,ok,ok,2.4281617924571037,1.5839687632396817,1.5330,1
sokyrad/unsorted/2m70cm_moxon_nested.nec,ok,ok,0.05621891375631094,0.04605257697403431,,0
sokyrad/unsorted/2m70cm_moxon_nested_four_masted.nec,ok,ok,0.6919743558391929,0.3360453601926565,2.0592,1
sokyrad/unsorted/40m_efhw-inverted-v_28.6MHz.nec,ok,ok,0.036731342785060406,0.03245963342487812,,0
sokyrad/unsorted/40m_efhw_L.nec,ok,ok,0.2288612797856331,0.15517176501452923,1.4749,1
sokyrad/unsorted/6m_2m_70cm_moxon-yagi.nec,ok,ok,0.17395197693258524,0.12006099056452513,1.4489,1
sokyrad/unsorted/80m_delta_loop_top10m_bottom1m_quarterwave_feed_3p9MHz.nec,ok,ok,1.453336781822145,0.9720607232302427,1.4951,1
sokyrad/unsorted/80m_delta_loop_top3m_bottom1m_quarterwave_feed_3p9MHz.nec,ok,ok,1.437832586467266,0.9871714608743787,1.4565,1
sokyrad/unsorted/80m_efhw-Sloper-L_3.85M.nec,ok,ok,0.3145588841289282,0.2114720121026039,1.4875,1
sokyrad/unsorted/80m_efhw-Sloper-L_7.2375M.nec,ok,ok,0.29186420887708664,0.19556835386902094,1.4924,1
sokyrad/unsorted/80m_efhw-Sloper.nec,ok,ok,0.29188563115894794,0.1951998332515359,1.4953,1
sokyrad/unsorted/80m_efhw_inverted_v.nec,ok,ok,0.19623553566634655,0.13151650223881006,1.4921,1
sokyrad/unsorted/80m_efhw_sloper.nec,ok,ok,0.3771809693425894,0.24723942298442125,1.5256,1
sokyrad/unsorted/80m_full-wave_horiz-L_3.8MHz.nec,ok,ok,0.03283760230988264,0.02951232995837927,,0
sokyrad/unsorted/80m_square_horizontal_loop_65ft_3mm_3p9MHz.nec,ok,ok,1.4616982378065586,1.0094314673915505,1.4480,1
sokyrad/unsorted/K8UY_dipole_2m_original_gamma.nec,ok,ok,0.8538022004067898,0.6301399348303676,1.3549,1
sokyrad/unsorted/K8UY_yagi_2m_original.nec,ok,ok,0.2050317144021392,0.12978860829025507,1.5797,1
sokyrad/unsorted/butternut_hf6v_approx.nec,ok,ok,0.3778597768396139,0.27559670712798834,1.3711,1
sokyrad/unsorted/custom_28_4MHz_hybrid_dipole_invertedV.nec,ok,ok,0.1538374200463295,0.10653595440089703,1.4440,1
sokyrad/unsorted/custom_28_4MHz_hybrid_dipole_invertedV_10mheight_1_8wave.nec,ok,ok,0.1532257106155157,0.09775171987712383,1.5675,1
sokyrad/unsorted/custom_28_4MHz_hybrid_dipole_invertedV_2_5m.nec,ok,ok,0.7199571700766683,0.4928762074559927,1.4607,1
sokyrad/unsorted/custom_28_4MHz_hybrid_dipole_invertedV_2_5m_horiz_1_8wave_angled_1_4wave.nec,ok,ok,0.6271669184789062,0.4147990057244897,1.5120,1
sokyrad/unsorted/custom_28_4MHz_hybrid_dipole_invertedV_5_0m.nec,ok,ok,0.7193858213722706,0.47556867729872465,1.5127,1
sokyrad/unsorted/custom_double_inverted_v_10m_28_4MHz_20ft.nec,ok,ok,0.6347872139886022,0.4123967895284295,1.5393,1
sokyrad/unsorted/custom_double_inverted_v_10m_28_4MHz_20ft_same_plane.nec,ok,ok,0.6377712562680244,0.4144124165177345,1.5390,1
sokyrad/unsorted/delta_loop_equilateral_29MHz.nec,ok,ok,1.0064820647239685,0.7114225113764405,1.4147,1
sokyrad/unsorted/delta_loop_equilateral_29MHz_bottom_corner_feed.nec,ok,ok,0.9461287809535861,0.6616809526458383,1.4299,1
sokyrad/unsorted/dual_band_stacked_moxon_146_444_50mm_only146driven.nec,ok,ok,0.30149496253579855,0.22470027580857277,1.3418,1
sokyrad/unsorted/fan_dipole_80_40_20_10_6m_20m_height_voltage_balun.nec,ok,ok,5.911607328802347,3.999553745612502,1.4781,1
sokyrad/unsorted/inverted_v_10m_28_4MHz_20ft.nec,ok,ok,0.6106082303449512,0.3996898028999567,1.5277,1
sokyrad/unsorted/inverted_v_14p225MHz.nec,ok,ok,1.1675409879535437,0.8744484893977642,1.3352,1
sokyrad/unsorted/inverted_v_28p4MHz.nec,ok,ok,1.1398157617077231,0.8570095412433147,1.3300,1
sokyrad/unsorted/inverted_v_3p8MHz.nec,ok,ok,1.247580787166953,0.9133474575355649,1.3659,1
sokyrad/unsorted/inverted_v_7p2MHz.nec,ok,ok,1.1387940971180797,0.8544208286330104,1.3328,1
sokyrad/unsorted/moxong_2m_single.nec,ok,ok,0.006600573658943176,0.006272769533097744,,0
sokyrad/unsorted/moxong_2m_stacked_common_feed.nec,ok,ok,0.019627864472568035,0.01594633888453245,,0
sokyrad/unsorted/moxong_2m_stacked_common_feed_0_99lambda.nec,ok,ok,0.019929087720811367,0.016376114450395107,,0
sokyrad/unsorted/simple_10m_inverted_v_10ft.nec,ok,ok,0.7967047886922956,0.5537362471222878,1.4388,1
sokyrad/unsorted/simple_dipole_28_4MHz_10_0m.nec,ok,ok,0.29407793562859297,0.19947402365505695,1.4743,1
sokyrad/unsorted/simple_dipole_28_4MHz_2_5m.nec,ok,ok,0.7009385842829943,0.4607823984697461,1.5212,1
sokyrad/unsorted/simple_dipole_28_4MHz_5_0m.nec,ok,ok,0.7030056770890951,0.4611993348225951,1.5243,1
sokyrad/unsorted/stacked_146MHz_moxon_horizontal.nec,ok,ok,0.5261828424409032,0.40020739659667015,1.3148,1
sokyrad/unsorted/stacked_146MHz_moxon_vertical (1).nec,ok,ok,0.5412467420101166,0.41090604197233915,1.3172,1
sokyrad/unsorted/stacked_146MHz_moxon_vertical.nec,ok,ok,0.5471031768247485,0.41260303277522326,1.3260,1
sokyrad/unsorted/stacked_146MHz_moxon_vertical_0_75lambda.nec,ok,ok,0.6081453748047352,0.45103317126631737,1.3483,1
w8io/215DX.nec,ok,ok,0.18357196729630232,0.1501902351155877,1.2223,1
w8io/216CP.nec,ok,ok,0.3147280141711235,0.285523084923625,1.1023,1
w8io/222_13l_50ohm_yagi_kf6a.nec,ok,ok,0.015203967690467834,0.012658137828111649,,0
w8io/222_15l_50ohm_yagi_kf6a.nec,ok,ok,0.01226675696671009,0.010795650072395802,,0
w8io/2m12L_yagi_kf6a.nec,ok,ok,0.013789700344204903,0.011777878738939762,,0
w8io/6m_7L_1-46WL_yagi.nec,ok,ok,0.005849736742675304,0.00576318334788084,,0
w8io/6m_8L_50ohm_yagi_kf6a.nec,ok,ok,0.006111747585237026,0.005971414968371391,,0
w8io/BVO-4WL-144-15.nec,ok,ok,0.06494212057441473,0.045841626822948456,,0
w8io/CC-17B2.nec,ok,ok,0.28169581200927496,0.16805471200495958,1.6762,1
w8io/DG7YBN 144_GTV2-14w.nec,ok,ok,0.04129365738481283,0.02778790984302759,,0
w8io/DK7ZB-144-12.nec,ok,ok,0.12283380888402462,0.07636640593409538,1.6085,1
w8io/EF7021.nec,ok,ok,19.053188580088317,11.586836643517017,1.6444,1
w8io/EF7027.nec,ok,ok,30.684041675180197,15.380030378699303,1.9951,1
w8io/FO-25-432.nec,ok,ok,26.410885088145733,15.369952492415905,1.7183,1
w8io/FO-33-432.nec,ok,ok,45.34581820201129,22.979800912551582,1.9733,1
w8io/G0KSC-13LFA.nec,ok,ok,0.4182331655174494,0.2478367956355214,1.6875,1
w8io/G0KSC-14LFA.nec,ok,ok,0.47621540259569883,0.2823890959843993,1.6864,1
w8io/G0KSC-15LFA.nec,ok,ok,0.553857846185565,0.3227872811257839,1.7159,1
w8io/HG-66DX-CW.nec,ok,ok,0.004878607578575611,0.005130943842232227,,0
w8io/HG7031DX.nec,ok,ok,39.99712495878339,21.217227736487985,1.8851,1
w8io/I0JXX-16JXX2.nec,ok,ok,0.24968624766916037,0.1489006821066141,1.6769,1
w8io/IO-432-28.nec,ok,ok,32.874179150909185,15.20561379659921,2.1620,1
w8io/K1FO-222-22.nec,ok,ok,0.10207835678011179,0.06379607133567333,1.6001,1
w8io/K1FO-FO15-144.nec,ok,ok,0.0651054484769702,0.04610070958733559,,0
w8io/K1FO-FO16-144.nec,ok,ok,0.07265989296138287,0.05032807867974043,1.4437,1
w8io/KF6A-144-18.nec,ok,ok,0.019313733093440533,0.014962668530642986,,0
w8io/KF6A_6m_7EL_12_5ohm_yagi.nec,ok,ok,0.005920697003602982,0.008274300023913383,,0
w8io/KF6A_70cm_22L.nec,ok,ok,0.03019055724143982,0.03339098580181599,,0
w8io/LP140-200-2D.nec,ok,ok,3.8592960694804788,3.036340053193271,1.2710,1
w8io/LP144-22.nec,ok,ok,3.172013560310006,2.395252567715943,1.3243,1
w8io/LP144-35-MAXFB.nec,ok,ok,50.053091620095074,24.52340038958937,2.0410,1
w8io/LP50-108-16.nec,ok,ok,4.569665711373091,3.6128936847671866,1.2648,1
w8io/LogYag220-520-15dbi.nec,ok,ok,45.920061292126775,23.413219183683395,1.9613,1
w8io/M2-222-5WL.nec,ok,ok,0.05114415753632784,0.03425016161054373,,0
w8io/M2-2M5WL-inch.nec,ok,ok,0.14121320191770792,0.09335518535226583,1.5126,1
w8io/M2-432-9WLA.nec,ok,ok,32.8378027966246,16.171322241425514,2.0306,1
w8io/SM5BSZ-2SA13.nec,ok,ok,0.04482497461140156,0.030500510707497597,,0
w8io/UR5EAZ_144_12_W8IO_opt.nec,ok,ok,0.028063327074050903,0.031118604354560375,,0
w8io/UR5EAZ_144_RS12.nec,ok,ok,0.028450089506804943,0.020483175292611122,,0
w8io/UR5EAZ_RS_2_11_DRAFT.nec,ok,ok,0.0247988598421216,0.018283509649336338,,0
w8io/W8IO-144-13U.nec,ok,ok,0.03176160156726837,0.022075056098401546,,0
w8io/W8IO-144-13a.nec,ok,ok,0.16694853827357292,0.10266231931746006,1.6262,1
w8io/W8IO-144-14U.nec,ok,ok,0.035741507075726986,0.025265293195843697,,0
w8io/W8IO-144-14V.nec,ok,ok,0.04071747977286577,0.02812872640788555,,0
w8io/W8IO-144-15U.nec,ok,ok,0.039361465722322464,0.027613376267254353,,0
w8io/W8IO-144-15V.nec,ok,ok,0.045478902757167816,0.030862688086926937,,0
w8io/W8IO-144-15fd.nec,ok,ok,0.5349880550056696,0.32983989641070366,1.6220,1
w8io/W8IO-144-16V.nec,ok,ok,0.05046494770795107,0.033842810429632664,,0
w8io/W8IO-144-17V.nec,ok,ok,0.05598299205303192,0.03684430755674839,,0
w8io/W8IO-222-17.nec,ok,ok,0.2813159553334117,0.16642000619322062,1.6904,1
w8io/W8IO-222-18.nec,ok,ok,0.31414799112826586,0.18775830417871475,1.6732,1
w8io/W8IO-222-19.nec,ok,ok,0.34917758498340845,0.2060252958908677,1.6948,1
w8io/W8IO-222-19V.nec,ok,ok,0.0676298663020134,0.04431293811649084,,0
w8io/W8IO-UR5EAZ-144-16V.nec,ok,ok,0.026445086114108562,0.019053305499255657,,0
w8io/YU7EF EF0606.nec,ok,ok,0.013066692277789116,0.011118982918560505,,0
w8io/YU7EF-EF0213.nec,ok,ok,0.05082990974187851,0.0370036493986845,,0
w8io/YU7EF-EF0215.nec,ok,ok,0.2200569100677967,0.13157640304416418,1.6725,1
w8io/kf6a-144-17.nec,ok,ok,0.01756037212908268,0.014099415391683578,,0
w8io/kf6a-432-27L.nec,ok,ok,0.03786233440041542,0.02519564889371395,,0
w8io/whip_antenna_8ft_groundplane.nec,ok,ok,145.14665398281068,84.22840122971684,1.7233,1
xnec2c-fixtures/sy_comma_format.nec,ok-no-source,ok-no-source,0.0033265678212046623,0.0034977635368704796,,0
xnec2c-fixtures/sy_math_cmnd.nec,ok-no-source,ok-no-source,0.0035729650408029556,0.004046302288770676,,0
xnec2c-fixtures/sy_math_geom.nec,ok-no-source,ok-no-source,0.0029181642457842827,0.0032792184501886368,,0
xnec2c-fixtures/sy_separate_cards.nec,ok-no-source,ok-no-source,0.002965870313346386,0.0031878668814897537,,0
xnec2c-fixtures/sy_units_spaces.nec,ok-no-source,ok-no-source,0.0029495051130652428,0.0033238548785448074,,0
