deck,status_a,status_b,wall_a,wall_b,speedup,comparable
4nec2-models/Aperiodic/2ELK9AY.nec,ok,ok,0.2641296787187457,0.17804869543761015,1.4835,1
4nec2-models/Aperiodic/2beverage.nec,ok,ok,0.25529424753040075,0.18968053720891476,1.3459,1
4nec2-models/Aperiodic/2el160flag.nec,ok,ok,0.17382977344095707,0.15055968146771193,1.1546,1
4nec2-models/Aperiodic/80pennant-pf.nec,ok,ok,0.14336806628853083,0.13589356746524572,1.0550,1
4nec2-models/Aperiodic/ON4BAAWD.nec,ok,ok,0.09772380534559488,0.07578851841390133,1.2894,1
4nec2-models/Aperiodic/Rhomb1.nec,ok,ok,0.0638811057433486,0.04024042468518019,,0
4nec2-models/Aperiodic/Rhombic.nec,ok,ok,0.09506367705762386,0.07715807110071182,1.2321,1
4nec2-models/Aperiodic/Semirhomb.nec,ok,ok,0.28498683497309685,0.23231124226003885,1.2267,1
4nec2-models/Aperiodic/Slopvee.nec,ok,ok,0.20530578680336475,0.17155542969703674,1.1967,1
4nec2-models/Aperiodic/Vee40.nec,ok,ok,0.222490674816072,0.20994042605161667,1.0598,1
4nec2-models/Aperiodic/bev80.nec,ok,ok,0.24337993748486042,0.22551251482218504,1.0792,1
4nec2-models/Equations/1elQuad.nec,ok,ok,0.004333983175456524,0.0041495030745863914,,0
4nec2-models/Equations/2elQuad.nec,ok,ok,0.0059576090425252914,0.005177503451704979,,0
4nec2-models/Equations/3elQuadGain.nec,ok,ok,0.01039169356226921,0.008596531115472317,,0
4nec2-models/Equations/3elQuadWide.nec,ok,ok,0.010424541309475899,0.008890807628631592,,0
4nec2-models/Equations/3elYagiGain.nec,ok,ok,0.004146135412156582,0.004018859006464481,,0
4nec2-models/Equations/3elYagiMaxFB.nec,ok,ok,0.004920545965433121,0.003787870518863201,,0
4nec2-models/Equations/3elYagiWide.nec,ok,ok,0.003898175433278084,0.004219961352646351,,0
4nec2-models/Equations/4elQuad.nec,ok,ok,0.013233440928161144,0.011141619645059109,,0
4nec2-models/Equations/Moxon.nec,ok,ok,0.18803737591952085,0.17474830150604248,1.0760,1
4nec2-models/Example1.nec,ok,ok,0.003487764857709408,0.003538738004863262,,0
4nec2-models/Example2.nec,ok,ok,0.0034073367714881897,0.0033579226583242416,,0
4nec2-models/Fractals/Fractal.nec,ok,ok,1.3721253899857402,0.9918293096125126,1.3834,1
4nec2-models/Fractals/MI2 Loop.nec,ok,ok,0.05852737370878458,0.03765796683728695,,0
4nec2-models/Fractals/MI3.nec,ok,ok,0.06870102416723967,0.04479022230952978,,0
4nec2-models/Fractals/RANDOM1.nec,ok,ok,0.05672721657902002,0.03561416920274496,,0
4nec2-models/Fractals/Random2.nec,ok,ok,0.0415567047894001,0.027808750048279762,,0
4nec2-models/HFActiveFeed/2el10.nec,ok,ok,0.0743573559448123,0.06368373334407806,1.1676,1
4nec2-models/HFActiveFeed/2lsloper.nec,ok,ok,0.40202577598392963,0.39061985444277525,1.0292,1
4nec2-models/HFActiveFeed/2phased.nec,ok,ok,0.0038201166316866875,0.003814389929175377,,0
4nec2-models/HFActiveFeed/3vertical.nec,ok,ok,0.018935796804726124,0.009942197240889072,,0
4nec2-models/HFActiveFeed/BRDZPR10.nec,ok,ok,0.08424670714884996,0.0704911332577467,1.1951,1
4nec2-models/HFActiveFeed/HB9CV.nec,ok,ok,0.004227937199175358,0.00405304878950119,,0
4nec2-models/HFActiveFeed/Quad4.nec,ok,ok,0.029321100562810898,0.01980235055088997,,0
4nec2-models/HFActiveFeed/ZLSPTS10.nec,ok,ok,0.07990523148328066,0.06800176296383142,1.1750,1
4nec2-models/HFActiveFeed/ZLTROM10.nec,ok,ok,0.11668340023607016,0.08278902061283588,1.4094,1
4nec2-models/HFActiveFeed/cedzph10.nec,ok,ok,0.10911389533430338,0.08000766951590776,1.3638,1
4nec2-models/HFActiveFeed/n2pl_phased_dloop.nec,ok,ok,0.20290303323417902,0.17587614711374044,1.1537,1
4nec2-models/HFActiveFeed/zlspdp10.nec,ok,ok,0.078494718298316,0.06728286482393742,1.1666,1
4nec2-models/HFbeams/2EL160H.nec,ok,ok,0.6380639616400003,0.32888236828148365,1.9401,1
4nec2-models/HFbeams/2lqful10.nec,ok,ok,0.012498723343014717,0.009915354661643505,,0
4nec2-models/HFbeams/2lyagi20.nec,ok,ok,0.05647026188671589,0.05634538270533085,1.0022,1
4nec2-models/HFbeams/2x4Q15A95.nec,ok,ok,0.02439294382929802,0.01729336939752102,,0
4nec2-models/HFbeams/3YAGI20.nec,ok,ok,0.20521059166640043,0.20265160780400038,1.0126,1
4nec2-models/HFbeams/3el-inverted-V.nec,ok,ok,0.20282821543514729,0.18116489984095097,1.1196,1
4nec2-models/HFbeams/3elquad.nec,ok,ok,0.005939137190580368,0.005266202613711357,,0
4nec2-models/HFbeams/3lyagi20.nec,ok,ok,0.2906734077259898,0.23983871284872293,1.2120,1
4nec2-models/HFbeams/40MYAG2.nec,ok,ok,0.22949949279427528,0.2015438349917531,1.1387,1
4nec2-models/HFbeams/40quad.nec,ok,ok,0.13191274087876081,0.11836555786430836,1.1145,1
4nec2-models/HFbeams/4el_vk1aa1.nec,ok,ok,0.24302846379578114,0.13402203004807234,1.8133,1
4nec2-models/HFbeams/5_el_wbeam_PA2AWU.nec,ok,ok,0.365219185128808,0.2587466798722744,1.4115,1
4nec2-models/HFbeams/7lyagi10.nec,ok,ok,0.19168630708009005,0.17680080328136683,1.0842,1
4nec2-models/HFbeams/80hsbeam.nec,ok,ok,0.22139170486479998,0.2045787014067173,1.0822,1
4nec2-models/HFbeams/80rdbeam.nec,ok,ok,0.22426350321620703,0.21239405777305365,1.0559,1
4nec2-models/HFbeams/8x6q.nec,ok,ok,0.20125026907771826,0.1164479237049818,1.7282,1
4nec2-models/HFbeams/BetaMatch.nec,ok,ok,0.025253687985241413,0.017890747636556625,,0
4nec2-models/HFbeams/Bowtie.nec,ok,ok,173.7186135724187,104.60915881302208,1.6606,1
4nec2-models/HFbeams/Deltalp.nec,ok,ok,0.08610205259174109,0.08477424550801516,1.0157,1
4nec2-models/HFbeams/NinjaBeam.nec,ok,ok,0.18617933709174395,0.17052407376468182,1.0918,1
4nec2-models/HFbeams/Quad.nec,ok,ok,0.028149320743978024,0.01855034101754427,,0
4nec2-models/HFbeams/Stack.nec,ok,ok,0.2664888007566333,0.21365797519683838,1.2473,1
4nec2-models/HFbeams/Unwin.nec,ok,ok,0.011284787207841873,0.008850681595504284,,0
4nec2-models/HFbeams/Unwin_mod.nec,ok,ok,0.010499853640794754,0.008311823941767216,,0
4nec2-models/HFbeams/fan1022.nec,ok,ok,0.024734518490731716,0.01760372519493103,,0
4nec2-models/HFbeams/moxon20.nec,ok,ok,0.22648337855935097,0.21762160398066044,1.0407,1
4nec2-models/HFbeams/sloper.nec,ok,ok,0.1448938949033618,0.13804144505411386,1.0496,1
4nec2-models/HFbeams/wa2wvl.nec,ok,ok,0.2558521293103695,0.2296750033274293,1.1140,1
4nec2-models/HFbeams/y6mhg.nec,ok,ok,0.004974796436727047,0.004659684374928474,,0
4nec2-models/HFbeams/y6mwb.nec,ok,ok,0.005746792070567608,0.005162403918802738,,0
4nec2-models/HFbeams/zl1le10.nec,ok,ok,0.06308125518262386,0.058795793913304806,1.0729,1
4nec2-models/HFcollinear/15edzph2.nec,ok,ok,0.05125507526099682,0.03423792216926813,,0
4nec2-models/HFcollinear/2 dipole on roof.nec,ok,ok,0.6079368926584721,0.24317972175776958,2.4999,1
4nec2-models/HFcollinear/4 Dipole Trans-lines.nec,ok,ok,0.00847957469522953,0.007828128524124622,,0
4nec2-models/HFcollinear/BROADSID.nec,ok,ok,0.003618749789893627,0.003673842176795006,,0
4nec2-models/HFcollinear/Collinear_1L.nec,ok,ok,0.07830390986055136,0.07700415514409542,1.0169,1
4nec2-models/HFcollinear/SLOPER2.nec,ok,ok,0.28804099187254906,0.24597993306815624,1.1710,1
4nec2-models/HFcollinear/W8BYA Collinear 7 MHz.nec,ok,ok,0.21383979730308056,0.2062975950539112,1.0366,1
4nec2-models/HFcollinear/franklin.nec,ok,ok,0.0048485249280929565,0.0043899184092879295,,0
4nec2-models/HFcollinear/hrs_441.nec,ok,ok,5.122231713496149,5.91069507971406,0.8666,1
4nec2-models/HFcollinear/lazyh.nec,ok,ok,0.0054464396089315414,0.0049064308404922485,,0
4nec2-models/HFmultiband/4-BAND.nec,ok,ok,4.2497121673077345,2.1875740084797144,1.9427,1
4nec2-models/HFmultiband/40MYAG2.nec,ok,ok,0.23091916926205158,0.1982653485611081,1.1647,1
4nec2-models/HFmultiband/5BWIDE-1.nec,ok,ok,0.057544401846826077,0.03527670446783304,,0
4nec2-models/HFmultiband/Cobra.nec,ok,ok,0.2511611860245466,0.21411445084959269,1.1730,1
4nec2-models/HFmultiband/Cone.nec,ok,ok,0.2666790960356593,0.25994110852479935,1.0259,1
4nec2-models/HFmultiband/CrossDip.nec,ok,ok,0.009701021015644073,0.009234954603016376,,0
4nec2-models/HFmultiband/DUAL2EL.nec,ok,ok,0.05864226724952459,0.058245910331606865,1.0068,1
4nec2-models/HFmultiband/InvV80-40.nec,ok,ok,0.20484112482517958,0.19544284977018833,1.0481,1
4nec2-models/HFmultiband/LPDA1.nec,ok,ok,0.006157596595585346,0.005418958142399788,,0
4nec2-models/HFmultiband/Logp.nec,ok,ok,0.006275962106883526,0.005296962335705757,,0
4nec2-models/HFmultiband/MultiDips.nec,ok,ok,0.2299547027796507,0.20552715752273798,1.1189,1
4nec2-models/HFmultiband/MultiTrap.nec,ok,ok,0.14886151999235153,0.14602539967745543,1.0194,1
4nec2-models/HFmultiband/Sleeve.nec,ok,ok,0.18380841612815857,0.1810374204069376,1.0153,1
4nec2-models/HFmultiband/Telerana.nec,ok,ok,0.03016490675508976,0.020074594765901566,,0
4nec2-models/HFmultiband/TrapDip.nec,ok,ok,0.004845518618822098,0.005167202092707157,,0
4nec2-models/HFmultiband/TrapDipole.nec,ok,ok,0.004634298384189606,0.004300030879676342,,0
4nec2-models/HFmultiband/UA3SFH.nec,ok,ok,0.05627313442528248,0.055590939708054066,1.0123,1
4nec2-models/HFmultiband/discone.nec,ok,ok,0.03148598875850439,0.020229226909577847,,0
4nec2-models/HFmultiband/dscn2.nec,ok,ok,0.5553902760148048,0.30575504060834646,1.8165,1
4nec2-models/HFmultiband/logper.nec,ok,ok,0.5049484288319945,0.41592528112232685,1.2140,1
4nec2-models/HFmultiband/lpda.nec,ok,ok,0.07697625271975994,0.07448922377079725,1.0334,1
4nec2-models/HFmultiband/mil14.nec,ok,ok,0.6823724191635847,0.252691219560802,2.7004,1
4nec2-models/HFmultiband/op201510.nec,ok,ok,0.22026120498776436,0.19782643765211105,1.1134,1
4nec2-models/HFmultiband/quad5b10.nec,ok,ok,0.3488068971782923,0.15960167907178402,2.1855,1
4nec2-models/HFmultiband/sleeve_err.nec,ok,ok,0.18314273562282324,0.17992490250617266,1.0179,1
4nec2-models/HFmultiband/t2fd.nec,ok,ok,0.004545019008219242,0.004353556782007217,,0
4nec2-models/HFmultiband/y1217bb.nec,ok,ok,0.010112649761140347,0.008289659395813942,,0
4nec2-models/HFmultiband/y2015.nec,ok,ok,0.008978289552032948,0.007767115719616413,,0
4nec2-models/HFmultiband/yi20_40b.nec,ok,ok,0.2469032034277916,0.1606113975867629,1.5373,1
4nec2-models/HFshort/2elShort.nec,ok,ok,0.07472700253129005,0.06492809113115072,1.1509,1
4nec2-models/HFshort/2lqsdi10.nec,ok,ok,0.031649583019316196,0.021048239432275295,,0
4nec2-models/HFshort/2lqssq10.nec,ok,ok,0.03792178817093372,0.028865537606179714,,0
4nec2-models/HFshort/2lygcl10.nec,ok,ok,0.06297753192484379,0.05876477528363466,1.0717,1
4nec2-models/HFshort/CoilCapHat.nec,ok,ok,0.1602718736976385,0.1302331956103444,1.2307,1
4nec2-models/HFshort/DPLNLD10.nec,ok,ok,0.013746681623160839,0.010578765533864498,,0
4nec2-models/HFshort/HelixDip.nec,ok,ok,0.005534414201974869,0.0051797740161418915,,0
4nec2-models/HFshort/LinLoad.nec,ok,ok,0.03095907624810934,0.021519513800740242,,0
4nec2-models/HFshort/LinLoad2.nec,ok,ok,0.05536767654120922,0.03557545971125364,,0
4nec2-models/HFshort/Magnetic.nec,ok,ok,0.004651590250432491,0.0045667607337236404,,0
4nec2-models/HFshort/MagneticLoop.nec,ok,ok,0.005346895195543766,0.004798337817192078,,0
4nec2-models/HFshort/Minibeam.nec,ok,ok,0.006653214804828167,0.0057185376062989235,,0
4nec2-models/HFshort/RXload.nec,ok,ok,0.003436877392232418,0.0034924959763884544,,0
4nec2-models/HFshort/caphat10.nec,ok,ok,0.004349018447101116,0.0038584601134061813,,0
4nec2-models/HFsimple/36ccd.nec,ok,ok,0.23006337229162455,0.22749023232609034,1.0113,1
4nec2-models/HFsimple/36dip.nec,ok,ok,0.19616801850497723,0.19361388217657804,1.0132,1
4nec2-models/HFsimple/36inv.nec,ok,ok,0.19865460507571697,0.19558512791991234,1.0157,1
4nec2-models/HFsimple/36inv_coat.nec,ok,ok,0.19946049060672522,0.196143533103168,1.0169,1
4nec2-models/HFsimple/36inv_split.nec,ok,ok,0.19843309838324785,0.20514459442347288,0.9673,1
4nec2-models/HFsimple/70edz.nec,ok,ok,0.2356754131615162,0.21895475406199694,1.0764,1
4nec2-models/HFsimple/CageAlt.nec,ok,ok,0.007529211230576038,0.006680618040263653,,0
4nec2-models/HFsimple/Coax.nec,ok,ok,0.19857587199658155,0.18730282690376043,1.0602,1
4nec2-models/HFsimple/DLoop40.nec,ok,ok,0.14828051161020994,0.12541346810758114,1.1823,1
4nec2-models/HFsimple/EDZ_TL.nec,ok,ok,0.05667852237820625,0.05652985069900751,1.0026,1
4nec2-models/HFsimple/EDZ_mod.nec,ok,ok,0.17692801263183355,0.17412920389324427,1.0161,1
4nec2-models/HFsimple/FANDPL10.nec,ok,ok,0.015522726811468601,0.011775740422308445,,0
4nec2-models/HFsimple/G5RV.nec,ok,ok,0.0038819219917058945,0.0038469666615128517,,0
4nec2-models/HFsimple/Hairpin.nec,ok,ok,0.005501769483089447,0.005617082118988037,,0
4nec2-models/HFsimple/Halfsq40.nec,ok,ok,0.18434692826122046,0.17314783483743668,1.0647,1
4nec2-models/HFsimple/HorLoop80.nec,ok,ok,0.23690640553832054,0.2158267181366682,1.0977,1
4nec2-models/HFsimple/Inv-L.nec,ok,ok,0.27273433469235897,0.21925386600196362,1.2439,1
4nec2-models/HFsimple/Isotrop.nec,ok,ok,0.004962921142578125,0.004731284454464912,,0
4nec2-models/HFsimple/L_match.nec,ok,ok,0.016401282511651516,0.012156879529356956,,0
4nec2-models/HFsimple/LoadPos.nec,ok,ok,0.006449840031564236,0.005287917330861092,,0
4nec2-models/HFsimple/LoopCirc20.nec,ok,ok,0.0041385069489479065,0.00401459913700819,,0
4nec2-models/HFsimple/Lowdip.nec,ok,ok,0.2363424003124237,0.20932162087410688,1.1291,1
4nec2-models/HFsimple/MagCirc.nec,ok,ok,0.0578808868303895,0.05620236694812775,1.0299,1
4nec2-models/HFsimple/Magnetic.nec,ok,ok,0.07834568247199059,0.056140096858143806,1.3955,1
4nec2-models/HFsimple/Magnetic2.nec,ok,ok,0.00537441112101078,0.004976624622941017,,0
4nec2-models/HFsimple/ParStub.nec,ok,ok,0.004031532444059849,0.003946463577449322,,0
4nec2-models/HFsimple/Patch.nec,timeout,timeout,301.24109209142625,301.24123817682266,,0
4nec2-models/HFsimple/Piramid.nec,ok,ok,0.1411716165021062,0.13915955368429422,1.0145,1
4nec2-models/HFsimple/Rectb40.nec,ok,ok,0.18167377263307571,0.17199418414384127,1.0563,1
4nec2-models/HFsimple/Rects40.nec,ok,ok,0.18232404440641403,0.17264500260353088,1.0561,1
4nec2-models/HFsimple/SLOPE1.nec,ok,ok,0.22075288277119398,0.2010230403393507,1.0981,1
4nec2-models/HFsimple/SLOPE3.nec,ok,ok,0.34872919600456953,0.26643681712448597,1.3089,1
4nec2-models/HFsimple/StepRadAGT.nec,ok,ok,0.011827114969491959,0.009717471897602081,,0
4nec2-models/HFsimple/TriangleError.nec,ok,ok,0.004403495229780674,0.004258057102560997,,0
4nec2-models/HFsimple/TriangleLimit.nec,ok,ok,0.012882929295301437,0.009608183056116104,,0
4nec2-models/HFsimple/deltb40.nec,ok,ok,0.19834789913147688,0.17775268759578466,1.1159,1
4nec2-models/HFsimple/delts40.nec,ok,ok,0.20048597548156977,0.1787055218592286,1.1219,1
4nec2-models/HFsimple/fanndp10.nec,ok,ok,0.10183673165738583,0.07739179395139217,1.3159,1
4nec2-models/HFsimple/tr-line.nec,ok,ok,0.19821074232459068,0.19422184396535158,1.0205,1
4nec2-models/HFvertical/40M2EL.nec,ok,ok,0.21391755808144808,0.18522990588098764,1.1549,1
4nec2-models/HFvertical/4SQTL.nec,ok,ok,0.17645737249404192,0.17331696301698685,1.0181,1
4nec2-models/HFvertical/4SQUARE.nec,ok,ok,0.11915404815226793,0.1164123835042119,1.0236,1
4nec2-models/HFvertical/80RDBEAM.nec,ok,ok,0.2837847424671054,0.2218230925500393,1.2793,1
4nec2-models/HFvertical/BOBTAIL.nec,ok,ok,0.22275896649807692,0.2165081137791276,1.0289,1
4nec2-models/HFvertical/Bloem.nec,ok,ok,0.17241301573812962,0.14625963661819696,1.1788,1
4nec2-models/HFvertical/BurRad.nec,ok,ok,0.24593129847198725,0.1967983553186059,1.2497,1
4nec2-models/HFvertical/CARDIOID.nec,ok,ok,0.13039878103882074,0.12825498543679714,1.0167,1
4nec2-models/HFvertical/CardTL.nec,ok,ok,0.13029398676007986,0.1277048634365201,1.0203,1
4nec2-models/HFvertical/ElevatRad.nec,ok,ok,0.33587910886853933,0.2557084206491709,1.3135,1
4nec2-models/HFvertical/GNDPLANE.nec,ok,ok,0.0043495045974850655,0.004245675168931484,,0
4nec2-models/HFvertical/GP80.nec,ok,ok,0.20001465268433094,0.19271202012896538,1.0379,1
4nec2-models/HFvertical/GndScreen.nec,ok,ok,0.5050927065312862,0.2926507880911231,1.7259,1
4nec2-models/HFvertical/Gwave.nec,ok,ok,0.11384442634880543,0.09364007506519556,1.2158,1
4nec2-models/HFvertical/Isolators.nec,ok,ok,0.21019975282251835,0.1969443317502737,1.0673,1
4nec2-models/HFvertical/Lowdip.nec,ok,ok,0.23470315895974636,0.20741137396544218,1.1316,1
4nec2-models/HFvertical/Phased GP.nec,ok,ok,0.018313800916075706,0.011075862683355808,,0
4nec2-models/HFvertical/Phased array Trans-line.nec,ok,ok,0.15404086094349623,0.13569466024637222,1.1352,1
4nec2-models/HFvertical/TOPLOAD.nec,ok,ok,0.15182450506836176,0.14580962900072336,1.0413,1
4nec2-models/HFvertical/Varray.nec,ok,ok,0.22232245281338692,0.2078587030991912,1.0696,1
4nec2-models/HFvertical/VertHats.nec,ok,ok,0.19139715749770403,0.13844693079590797,1.3825,1
4nec2-models/LFvertical/cutler_single .nec,ok,ok,5.623677588067949,1.9573768731206656,2.8731,1
4nec2-models/Nec4/Catenary.nec,ok,ok,0.006146409548819065,0.005498118698596954,,0
4nec2-models/Objects/4nec2.nec,ok,ok,0.07562144193798304,0.04431813582777977,,0
4nec2-models/Objects/747plane.nec,ok,ok,3.3190267914906144,1.1643431652337313,2.8506,1
4nec2-models/Objects/GM_test.nec,ok,ok,2.525241103954613,1.4534766525030136,1.7374,1
4nec2-models/Objects/Horn.nec,ok-no-source,ok-no-source,1.3497775327414274,0.7244911408051848,,0
4nec2-models/Objects/Illuminate.nec,ok,ok,2.2489586053416133,2.1910193990916014,1.0264,1
4nec2-models/Objects/NearFld.nec,ok,ok,1.683008880354464,1.5966517766937613,1.0541,1
4nec2-models/Objects/Ship1.nec,ok,ok,0.5775603614747524,0.2764076963067055,2.0895,1
4nec2-models/Objects/TL-test.nec,ok,ok,0.11391303688287735,0.08221003226935863,1.3856,1
4nec2-models/Objects/Tank.nec,ok-no-source,ok-no-source,0.030922969803214073,0.019861924462020397,,0
4nec2-models/Objects/Van.nec,ok-no-source,ok-no-source,0.08167649991810322,0.046251535415649414,,0
4nec2-models/Objects/Vehicle.nec,ok,ok,0.06397541798651218,0.05857681203633547,1.0922,1
4nec2-models/Objects/car.nec,ok,ok,0.7355985715985298,0.7006051447242498,1.0499,1
4nec2-models/Objects/car_1.nec,ok,ok,0.18086516484618187,0.1113593652844429,1.6242,1
4nec2-models/VHFbeams/10RA432.nec,ok,ok,0.007974844425916672,0.006963266991078854,,0
4nec2-models/VHFbeams/12el430.nec,ok,ok,0.00929749384522438,0.00796879455447197,,0
4nec2-models/VHFbeams/215DX.nec,ok,ok,0.045749359764158726,0.0286262109875679,,0
4nec2-models/VHFbeams/216CP.nec,ok,ok,0.08357868809252977,0.04791473876684904,,0
4nec2-models/VHFbeams/23DF.nec,ok,ok,0.009390849620103836,0.007978327572345734,,0
4nec2-models/VHFbeams/28DX.nec,ok,ok,0.05006648600101471,0.031076818704605103,,0
4nec2-models/VHFbeams/2SA.nec,ok,ok,1.2086252477020025,1.0831588925793767,1.1158,1
4nec2-models/VHFbeams/4x20ra.nec,ok,ok,0.0938369557261467,0.06243071053177118,1.5031,1
4nec2-models/VHFbeams/5Vquad.nec,ok,ok,0.016072007827460766,0.012127616442739964,,0
4nec2-models/VHFbeams/5elDdelta.nec,ok,ok,0.046807664446532726,0.029986023902893066,,0
4nec2-models/VHFbeams/5elDquad.nec,ok,ok,0.032660964876413345,0.021795141510665417,,0
4nec2-models/VHFbeams/BIQDFEED.nec,ok,ok,0.6926867319270968,0.5351342791691422,1.2944,1
4nec2-models/VHFbeams/DLW6U.nec,ok,ok,0.6487306542694569,0.3304511262103915,1.9632,1
4nec2-models/VHFbeams/DipReflGW.nec,error,error,0.3965892978012562,0.20520504098385572,,0
4nec2-models/VHFbeams/EMEyagi.nec,ok,ok,0.01633327081799507,0.012203335762023926,,0
4nec2-models/VHFbeams/GSM_yagi.nec,ok,ok,0.2949245376512408,0.24984297715127468,1.1804,1
4nec2-models/VHFbeams/JBL.nec,ok,ok,2.5114203924313188,1.4494580700993538,1.7327,1
4nec2-models/VHFbeams/Parab50.nec,ok,ok,5.0430046590045094,3.042636559344828,1.6574,1
4nec2-models/VHFbeams/QFH1280.nec,ok,ok,0.006487226113677025,0.005814061500132084,,0
4nec2-models/VHFbeams/TV_uhf.nec,ok,ok,0.03687197621911764,0.024981209076941013,,0
4nec2-models/VHFbeams/Vyagi22.nec,ok,ok,0.023556241765618324,0.018471673130989075,,0
4nec2-models/VHFbeams/Yagi16.nec,ok,ok,0.006583201698958874,0.005727846175432205,,0
4nec2-models/VHFbeams/atl50E.nec,ok,ok,0.46745660062879324,0.25913790985941887,1.8039,1
4nec2-models/VHFbeams/atl50e-h.nec,ok,ok,0.5270413495600224,0.2898862427100539,1.8181,1
4nec2-models/VHFbeams/bisq7.nec,ok,ok,0.05747111327946186,0.04670454654842615,,0
4nec2-models/VHFbeams/corner.nec,ok,ok,0.02661917544901371,0.016923396848142147,,0
4nec2-models/VHFbeams/fm6.nec,ok,ok,0.01089863758534193,0.008824356831610203,,0
4nec2-models/VHFbeams/gridyagi.nec,ok,ok,0.5159498266875744,0.2824800116941333,1.8265,1
4nec2-models/VHFbeams/hel10ua.nec,ok,ok,0.2232285374775529,0.13649460580199957,1.6354,1
4nec2-models/VHFbeams/helix.nec,ok,ok,0.6007285667583346,0.27398232743144035,2.1926,1
4nec2-models/VHFbeams/i5tdjii.nec,ok,ok,0.025715509429574013,0.01782269310206175,,0
4nec2-models/VHFbeams/qfh137.nec,ok,ok,0.8434291537851095,0.6588363917544484,1.2802,1
4nec2-models/VHFbeams/quad7.nec,ok,ok,0.011475847102701664,0.009751217439770699,,0
4nec2-models/VHFmultiband/402_306 146 MHz.nec,ok,ok,0.01032195147126913,0.008282977156341076,,0
4nec2-models/VHFmultiband/Dc8ce.nec,ok,ok,0.10935236047953367,0.057863106951117516,1.8898,1
4nec2-models/VHFmultiband/SpiralAntennaCenterFeed.nec,ok,ok,20.355211689136922,13.638517197221518,1.4925,1
4nec2-models/VHFmultiband/ez2309.nec,ok,ok,0.058143358677625656,0.037540728226304054,,0
4nec2-models/VHFsimple/2mGP.nec,ok,ok,0.011068802326917648,0.008061690255999565,,0
4nec2-models/VHFsimple/2meteradr.nec,ok,ok,0.09405691269785166,0.054326982237398624,1.7313,1
4nec2-models/VHFsimple/CircDip3.nec,ok,ok,0.00399303063750267,0.004054274410009384,,0
4nec2-models/VHFsimple/CoaxEnd.nec,ok,ok,0.30077163968235254,0.16264893766492605,1.8492,1
4nec2-models/VHFsimple/Dquad.nec,ok,ok,0.00460802111774683,0.004373367875814438,,0
4nec2-models/VHFsimple/Generator.nec,ok,ok,0.06516203377395868,0.06390863936394453,1.0196,1
4nec2-models/VHFsimple/Helix.nec,ok,ok,0.011676191352307796,0.007932902313768864,,0
4nec2-models/VHFsimple/J-ant.nec,ok,ok,0.007708881050348282,0.0065893735736608505,,0
4nec2-models/VHFsimple/T-box.nec,ok,ok,0.2193754492327571,0.12066106405109167,1.8181,1
4nec2-models/VHFsimple/dip_curv_6m.nec,ok,ok,0.0058652255684137344,0.0052002910524606705,,0
4nec2-models/VHFsimple/gpflat2m.nec,ok,ok,0.00949590839445591,0.007938829250633717,,0
4nec2-models/VHFsimple/gpslop2m.nec,ok,ok,0.00945394579321146,0.007867634296417236,,0
4nec2-models/VHFsimple/halfsq2m.nec,ok,ok,0.053053523413836956,0.018163924105465412,,0
4nec2-models/VHFsimple/masters.nec,ok,ok,0.008604854345321655,0.007714550942182541,,0
4nec2-models/VHFsimple/sterba.nec,ok,ok,0.01242032554000616,0.00963814277201891,,0
4nec2-models/VHFsimple/thick.nec,ok,ok,0.27231043949723244,0.16688669752329588,1.6317,1
4nec2-models/VHFsimple/wheeler.nec,ok,ok,0.007410644553601742,0.006325362250208855,,0
4nec2-models/zz_EZnec/v3.0/15MQUAD.nec,ok,ok,0.004785781726241112,0.004641138017177582,,0
4nec2-models/zz_EZnec/v3.0/20M5ELYA.nec,ok,ok,0.0067215487360954285,0.005877912975847721,,0
4nec2-models/zz_EZnec/v3.0/4SQTL.nec,ok,ok,0.17645667400211096,0.17338885180652142,1.0177,1
4nec2-models/zz_EZnec/v3.0/4SQUARE.nec,ok,ok,0.175081686116755,0.1733730798587203,1.0099,1
4nec2-models/zz_EZnec/v3.0/BYDipole.nec,ok,ok,0.1862757271155715,0.18334128707647324,1.0160,1
4nec2-models/zz_EZnec/v3.0/BYVee.nec,ok,ok,0.18931086640805006,0.18418219033628702,1.0278,1
4nec2-models/zz_EZnec/v3.0/CardTL.nec,ok,ok,0.00384672824293375,0.0038321781903505325,,0
4nec2-models/zz_EZnec/v3.0/Cardioid.nec,ok,ok,0.0037263045087456703,0.0036506662145256996,,0
4nec2-models/zz_EZnec/v3.0/DipTL.nec,ok,ok,0.19756986945867538,0.18609236273914576,1.0617,1
4nec2-models/zz_EZnec/v3.0/Dipole1.nec,ok,ok,0.003545123152434826,0.0036269165575504303,,0
4nec2-models/zz_EZnec/v3.0/ELEVRAD1.nec,ok,ok,0.20017107389867306,0.19724448211491108,1.0148,1
4nec2-models/zz_EZnec/v3.0/ELEVRAD2.nec,ok,ok,0.32314973324537277,0.2330554984509945,1.3866,1
4nec2-models/zz_EZnec/v3.0/FDSP.nec,ok,ok,0.19278904516249895,0.19024766515940428,1.0134,1
4nec2-models/zz_EZnec/v3.0/K5RP.nec,ok,ok,0.18324671685695648,0.17240203823894262,1.0629,1
4nec2-models/zz_EZnec/v3.0/LOGPER.nec,ok,ok,0.01015166100114584,0.008635020814836025,,0
4nec2-models/zz_EZnec/v3.0/LOGPERTL.nec,ok,ok,0.006576242856681347,0.005600694566965103,,0
4nec2-models/zz_EZnec/v3.0/N4PCLOOP.nec,ok,ok,0.22060514707118273,0.1991601726040244,1.1077,1
4nec2-models/zz_EZnec/v3.0/NBSYAGI.nec,ok,ok,0.004127564840018749,0.004011398181319237,,0
4nec2-models/zz_EZnec/v3.0/VHFGP.nec,ok,ok,0.006633506156504154,0.005792673677206039,,0
4nec2-models/zz_EZnec/v3.0/Vert1.nec,ok,ok,0.052134767174720764,0.052496884018182755,0.9931,1
4nec2-models/zz_EZnec/v3.0/W8JK.nec,ok,ok,0.1637575076892972,0.1624211361631751,1.0082,1
4nec2-models/zz_MiniNec/ActiveFeed/2 el activ VP2E 40m.nec,ok,ok,0.21933311969041824,0.1831055348739028,1.1979,1
4nec2-models/zz_MiniNec/ActiveFeed/2D40MB10_multinec.nec,ok,ok,0.005451980046927929,0.005088684149086475,,0
4nec2-models/zz_MiniNec/ActiveFeed/4 el Delta act.nec,ok,ok,0.016177956014871597,0.01204429566860199,,0
4nec2-models/zz_MiniNec/ActiveFeed/40m 4square.nec,ok,ok,0.004526068456470966,0.004419236443936825,,0
4nec2-models/zz_MiniNec/ActiveFeed/HB9CVH.nec,ok,ok,0.0053902892395854,0.005106576718389988,,0
4nec2-models/zz_MiniNec/ActiveFeed/HB9CVW.nec,ok,ok,0.004947609268128872,0.004716620780527592,,0
4nec2-models/zz_MiniNec/Feeders/025lambda_trans.nec,ok,ok,0.009868401102721691,0.007836255244910717,,0
4nec2-models/zz_MiniNec/Feeders/FEEDER.nec,ok,ok,0.004059695638716221,0.00400138646364212,,0
4nec2-models/zz_MiniNec/HFAperiodic/2elK9AY-1.nec,ok,ok,0.1671966640278697,0.14256799221038818,1.1728,1
4nec2-models/zz_MiniNec/HFAperiodic/BEVERAGE.nec,ok,ok,0.24508532043546438,0.23133728839457035,1.0594,1
4nec2-models/zz_MiniNec/HFAperiodic/D2T.nec,ok,ok,0.13938911445438862,0.13052821066230536,1.0679,1
4nec2-models/zz_MiniNec/HFAperiodic/EWE.nec,ok,ok,0.14704911038279533,0.1434884537011385,1.0248,1
4nec2-models/zz_MiniNec/HFAperiodic/Flag K6SE.nec,ok,ok,0.057194486260414124,0.05653140880167484,1.0117,1
4nec2-models/zz_MiniNec/HFAperiodic/RHOMBIC.nec,ok,ok,0.4150250284001231,0.2803947450593114,1.4801,1
4nec2-models/zz_MiniNec/HFAperiodic/Semirhomb.nec,ok,ok,0.2685526954010129,0.2334415465593338,1.1504,1
4nec2-models/zz_MiniNec/HFAperiodic/T2FD.nec,ok,ok,0.12646475434303284,0.12141299806535244,1.0416,1
4nec2-models/zz_MiniNec/HFAperiodic/beverage200.nec,ok,ok,0.38809711672365665,0.2743113450706005,1.4148,1
4nec2-models/zz_MiniNec/HFAperiodic/widebanddip.nec,ok,ok,0.20256015565246344,0.1900483826175332,1.0658,1
4nec2-models/zz_MiniNec/HFbeams/2CQ20.nec,ok,ok,0.07002863846719265,0.061435259878635406,1.1399,1
4nec2-models/zz_MiniNec/HFbeams/2DELTA20.nec,ok,ok,0.014940124936401844,0.013131068088114262,,0
4nec2-models/zz_MiniNec/HFbeams/2ELQUAD.nec,ok,ok,0.4175690682604909,0.22642857395112514,1.8442,1
4nec2-models/zz_MiniNec/HFbeams/2ELVP15.nec,ok,ok,0.005364062264561653,0.005027185194194317,,0
4nec2-models/zz_MiniNec/HFbeams/2ELVP20.nec,ok,ok,0.007353807799518108,0.0065868934616446495,,0
4nec2-models/zz_MiniNec/HFbeams/2el.delta.20m.nec,ok,ok,0.23927786108106375,0.19714513421058655,1.2137,1
4nec2-models/zz_MiniNec/HFbeams/2elQuad W1HXU.nec,ok,ok,0.05251988023519516,0.03356616385281086,,0
4nec2-models/zz_MiniNec/HFbeams/3EL20.nec,ok,ok,0.07070756237953901,0.063141830265522,1.1198,1
4nec2-models/zz_MiniNec/HFbeams/3el GP80 CW.nec,ok,ok,0.20147287845611572,0.1936093783006072,1.0406,1
4nec2-models/zz_MiniNec/HFbeams/4EL20.nec,ok,ok,0.21171252895146608,0.193913409486413,1.0918,1
4nec2-models/zz_MiniNec/HFbeams/4EL20HM.nec,ok,ok,0.009570025838911533,0.008102796971797943,,0
4nec2-models/zz_MiniNec/HFbeams/4_4RZT_2.nec,ok,ok,0.16787271201610565,0.10583064332604408,1.5862,1
4nec2-models/zz_MiniNec/HFbeams/5EL20.nec,ok,ok,0.010069086216390133,0.008380301296710968,,0
4nec2-models/zz_MiniNec/HFbeams/6EL10.nec,ok,ok,0.00952836498618126,0.007988489232957363,,0
4nec2-models/zz_MiniNec/HFbeams/DL9JFT Yagi 14.nec,ok,ok,0.005264957435429096,0.004647517576813698,,0
4nec2-models/zz_MiniNec/HFbeams/DX415TT.nec,ok,ok,0.19731898419559002,0.17612730525434017,1.1203,1
4nec2-models/zz_MiniNec/HFbeams/Diamond Quadx2 14.nec,ok,ok,0.021083293482661247,0.015260073356330395,,0
4nec2-models/zz_MiniNec/HFbeams/JungleJob.nec,ok,ok,0.004800683818757534,0.0041357362642884254,,0
4nec2-models/zz_MiniNec/HFbeams/LPDA15.nec,ok,ok,0.17175971996039152,0.10451518464833498,1.6434,1
4nec2-models/zz_MiniNec/HFbeams/M2CQ.nec,ok,ok,0.01928413286805153,0.01302627194672823,,0
4nec2-models/zz_MiniNec/HFbeams/Rhomb10.nec,ok,ok,0.1076236991211772,0.08200699649751186,1.3124,1
4nec2-models/zz_MiniNec/HFbeams/W2EEY.nec,ok,ok,0.008255884982645512,0.007422728464007378,,0
4nec2-models/zz_MiniNec/HFbeams/XQ20.nec,ok,ok,0.2693971348926425,0.21219017915427685,1.2696,1
4nec2-models/zz_MiniNec/HFbeams/ZL20.nec,ok,ok,0.10056484863162041,0.07472368329763412,1.3458,1
4nec2-models/zz_MiniNec/HFmultiband/10-18-24GP.nec,ok,ok,0.16135181300342083,0.13958871364593506,1.1559,1
4nec2-models/zz_MiniNec/HFmultiband/28_21_14V3.nec,ok,ok,0.0058173565194010735,0.005170476622879505,,0
4nec2-models/zz_MiniNec/HFmultiband/3.5-7-14-28offsetdip-1.nec,ok,ok,0.09829999879002571,0.07571034226566553,1.2984,1
4nec2-models/zz_MiniNec/HFmultiband/3e lTriband Yagi.nec,ok,ok,0.22029319778084755,0.20056538190692663,1.0984,1
4nec2-models/zz_MiniNec/HFmultiband/4_4RZT_2.nec,ok,ok,0.16701595578342676,0.10447009094059467,1.5987,1
4nec2-models/zz_MiniNec/HFmultiband/8b Delta Loop.nec,ok,ok,0.2254058076068759,0.20307923015207052,1.1099,1
4nec2-models/zz_MiniNec/HFmultiband/DBLDP.nec,ok,ok,0.06171146035194397,0.06003664992749691,1.0279,1
4nec2-models/zz_MiniNec/HFmultiband/DUAL2EL.nec,ok,ok,0.0586300753057003,0.0573177682235837,1.0229,1
4nec2-models/zz_MiniNec/HFmultiband/Db54m.nec,ok,ok,0.14864048641175032,0.09619294386357069,1.5452,1
4nec2-models/zz_MiniNec/HFmultiband/Delta160allbands.nec,ok,ok,0.23614637181162834,0.21487337350845337,1.0990,1
4nec2-models/zz_MiniNec/HFmultiband/G5RV.nec,ok,ok,0.22310617193579674,0.1986874109134078,1.1229,1
4nec2-models/zz_MiniNec/HFmultiband/LPDA.nec,ok,ok,0.040634206496179104,0.026294134557247162,,0
4nec2-models/zz_MiniNec/HFmultiband/M2CQW.nec,ok,ok,0.23225259501487017,0.12374807428568602,1.8768,1
4nec2-models/zz_MiniNec/HFmultiband/MCQM.nec,ok,ok,0.011961480602622032,0.009707873687148094,,0
4nec2-models/zz_MiniNec/HFmultiband/MULTDP.nec,ok,ok,0.08973831869661808,0.07175352610647678,1.2506,1
4nec2-models/zz_MiniNec/HFmultiband/MULTDPH.nec,ok,ok,0.1192254712805152,0.11632151436060667,1.0250,1
4nec2-models/zz_MiniNec/HFmultiband/MULTDPHW.nec,ok,ok,0.14820266515016556,0.1446873527020216,1.0243,1
4nec2-models/zz_MiniNec/HFmultiband/MULTDPL.nec,ok,ok,0.22871237434446812,0.21396322082728148,1.0689,1
4nec2-models/zz_MiniNec/HFmultiband/MULTDPW.nec,ok,ok,0.19570645689964294,0.1813742397353053,1.0790,1
4nec2-models/zz_MiniNec/HFmultiband/QuadsUA4IF.nec,ok,ok,0.26982320100069046,0.21451863087713718,1.2578,1
4nec2-models/zz_MiniNec/HFmultiband/SHOEBOX.nec,ok,ok,0.010281197726726532,0.008506211452186108,,0
4nec2-models/zz_MiniNec/HFmultiband/TribandQQ.nec,ok,ok,0.23498675040900707,0.10820225905627012,2.1717,1
4nec2-models/zz_MiniNec/HFmultiband/WARC open sleeve dip.nec,ok,ok,0.1830636551603675,0.18035042006522417,1.0150,1
4nec2-models/zz_MiniNec/HFshort/05 lamda  deform  GP witn feed line.nec,ok,ok,0.1982005536556244,0.14068705216050148,1.4088,1
4nec2-models/zz_MiniNec/HFshort/28_21_14v3.nec,ok,ok,0.0046943556517362595,0.004526145756244659,,0
4nec2-models/zz_MiniNec/HFshort/3el short Yagj W1FBY.nec,ok,ok,0.02289112750440836,0.016165715642273426,,0
4nec2-models/zz_MiniNec/HFshort/4X4NJ -1.nec,ok,ok,0.004607381299138069,0.0044091809540987015,,0
4nec2-models/zz_MiniNec/HFshort/80mDLsh.nec,ok,ok,0.14527541026473045,0.141025735065341,1.0301,1
4nec2-models/zz_MiniNec/HFshort/Auto with GP.nec,ok,ok,0.10410696268081665,0.0776194166392088,1.3412,1
4nec2-models/zz_MiniNec/HFshort/Dipol3_5-7.nec,ok,ok,0.17258149944245815,0.1709231287240982,1.0097,1
4nec2-models/zz_MiniNec/HFshort/Fractal_1.nec,ok,ok,0.19786964915692806,0.17896892968565226,1.1056,1
4nec2-models/zz_MiniNec/HFshort/Gp40short rad.nec,ok,ok,0.16530784219503403,0.1401970200240612,1.1791,1
4nec2-models/zz_MiniNec/HFshort/Lineload75.nec,ok,ok,0.10483209323137999,0.07829685881733894,1.3389,1
4nec2-models/zz_MiniNec/HFshort/MCQM.nec,ok,ok,0.10537882428616285,0.07731663808226585,1.3630,1
4nec2-models/zz_MiniNec/HFshort/QQ21-14short.nec,ok,ok,0.13966293446719646,0.11673485115170479,1.1964,1
4nec2-models/zz_MiniNec/HFshort/SLOPER.nec,ok,ok,0.05305795557796955,0.053608170710504055,0.9897,1
4nec2-models/zz_MiniNec/HFshort/TRIHAT.nec,ok,ok,0.12620916403830051,0.12276984844356775,1.0280,1
4nec2-models/zz_MiniNec/HFshort/TopCap75.nec,ok,ok,0.060131559148430824,0.058089313097298145,1.0352,1
4nec2-models/zz_MiniNec/HFshort/VDP40.nec,ok,ok,0.052169579081237316,0.05354664567857981,0.9743,1
4nec2-models/zz_MiniNec/HFshort/VDP40B.nec,ok,ok,0.05240309238433838,0.0527488999068737,0.9934,1
4nec2-models/zz_MiniNec/HFshort/VDP40C.nec,ok,ok,0.053965477272868156,0.053982178680598736,0.9997,1
4nec2-models/zz_MiniNec/HFshort/W2EEY.nec,ok,ok,0.028498010709881783,0.019395354203879833,,0
4nec2-models/zz_MiniNec/HFshort/WA1MKP.nec,ok,ok,0.14312509633600712,0.13536637276411057,1.0573,1
4nec2-models/zz_MiniNec/HFshort/field day GP short.nec,ok,ok,0.13813120033591986,0.13527000788599253,1.0212,1
4nec2-models/zz_MiniNec/HFshort/short vetr75.nec,ok,ok,0.11187116988003254,0.08227662649005651,1.3597,1
4nec2-models/zz_MiniNec/HFsimple/160m vert gnd tower.nec,ok,ok,0.25560494139790535,0.18042238429188728,1.4167,1
4nec2-models/zz_MiniNec/HFsimple/80mDLdouble.nec,ok,ok,0.017290246672928333,0.012779220938682556,,0
4nec2-models/zz_MiniNec/HFsimple/CB5_8 lambda.nec,ok,ok,0.06617120373994112,0.061548056080937386,1.0751,1
4nec2-models/zz_MiniNec/HFsimple/COLLINEA.nec,ok,ok,0.1561365956440568,0.14427663292735815,1.0822,1
4nec2-models/zz_MiniNec/HFsimple/DIPOL160.nec,ok,ok,0.19978827144950628,0.1973391491919756,1.0124,1
4nec2-models/zz_MiniNec/HFsimple/DP160LD.nec,ok,ok,0.0037707677111029625,0.0038492558524012566,,0
4nec2-models/zz_MiniNec/HFsimple/DP20.nec,ok,ok,0.05302309710532427,0.05609212350100279,0.9453,1
4nec2-models/zz_MiniNec/HFsimple/Delta-Gamma.nec,ok,ok,0.005413047969341278,0.004742179065942764,,0
4nec2-models/zz_MiniNec/HFsimple/FD20.nec,ok,ok,0.006939684972167015,0.006280484609305859,,0
4nec2-models/zz_MiniNec/HFsimple/GP with gamma match.nec,ok,ok,0.05115751642733812,0.05046964529901743,1.0136,1
4nec2-models/zz_MiniNec/HFsimple/GP40.nec,ok,ok,0.18250313587486744,0.17524210456758738,1.0414,1
4nec2-models/zz_MiniNec/HFsimple/GP40S.nec,ok,ok,0.12814761884510517,0.12377558927983046,1.0353,1
4nec2-models/zz_MiniNec/HFsimple/Hcollinear14.nec,ok,ok,0.005536059848964214,0.00496467761695385,,0
4nec2-models/zz_MiniNec/HFsimple/Hiquad.nec,ok,ok,0.005337171256542206,0.004756009206175804,,0
4nec2-models/zz_MiniNec/HFsimple/J-ant28.nec,ok,ok,0.057599764317274094,0.05735362134873867,1.0043,1
4nec2-models/zz_MiniNec/HFsimple/LAZY-H.nec,ok,ok,0.00943582970649004,0.00806933082640171,,0
4nec2-models/zz_MiniNec/HFsimple/LONDQUAD.nec,ok,ok,0.19604239985346794,0.192204924300313,1.0200,1
4nec2-models/zz_MiniNec/HFsimple/LOOP20.nec,ok,ok,0.004263032227754593,0.004219029098749161,,0
4nec2-models/zz_MiniNec/HFsimple/LOOP20C.nec,ok,ok,0.004020140506327152,0.003828223794698715,,0
4nec2-models/zz_MiniNec/HFsimple/Piramida.nec,ok,ok,0.1404148768633604,0.15506668202579021,0.9055,1
4nec2-models/zz_MiniNec/HFsimple/VERT20.nec,ok,ok,0.051975333131849766,0.053108472377061844,0.9787,1
4nec2-models/zz_MiniNec/HFsimple/VERT20M.nec,ok,ok,0.05593315325677395,0.055234504863619804,1.0126,1
4nec2-models/zz_MiniNec/HFsimple/VERT53.nec,ok,ok,0.06252620834857225,0.05907554551959038,1.0584,1
4nec2-models/zz_MiniNec/HFsimple/VERT58.nec,ok,ok,0.059845855459570885,0.056459514424204826,1.0600,1
4nec2-models/zz_MiniNec/HFsimple/VP2E 40m.nec,ok,ok,0.17290468607097864,0.1706774476915598,1.0130,1
4nec2-models/zz_MiniNec/HFsimple/VP2E-CW.nec,ok,ok,0.1928304871544242,0.18994003254920244,1.0152,1
4nec2-models/zz_MiniNec/HFsimple/Vcollinear28.nec,ok,ok,0.12731347233057022,0.12266536708921194,1.0379,1
4nec2-models/zz_MiniNec/HFsimple/Vert20s.nec,ok,ok,0.05205749440938234,0.05273317825049162,0.9872,1
4nec2-models/zz_MiniNec/HFsimple/VertUA3SFH.nec,ok,ok,0.05330957658588886,0.05350069236010313,0.9964,1
4nec2-models/zz_MiniNec/HFsimple/WINDOM.nec,ok,ok,0.01638511475175619,0.012530669569969177,,0
4nec2-models/zz_MiniNec/HFsimple/end feer dipole.nec,ok,ok,0.17565290909260511,0.17265959177166224,1.0173,1
4nec2-models/zz_MiniNec/HFsimple/wideInvV80.nec,ok,ok,0.2167659793049097,0.19827059097588062,1.0933,1
4nec2-models/zz_MiniNec/MagLoops/MAGLOOPT.nec,ok,ok,0.05639444664120674,0.05607676971703768,1.0057,1
4nec2-models/zz_MiniNec/Stacks/2X6EL10.nec,ok,ok,0.11050978396087885,0.05501264613121748,2.0088,1
4nec2-models/zz_MiniNec/Stacks/2x4elTwin Delta Loop 145 MHz.nec,ok,ok,0.11369078140705824,0.0758890500292182,1.4981,1
4nec2-models/zz_MiniNec/Stacks/4X12.nec,ok,ok,0.03428778704255819,0.02748632524162531,,0
4nec2-models/zz_MiniNec/Stacks/4xQQ.nec,ok,ok,0.16427561827003956,0.15890057291835546,1.0338,1
4nec2-models/zz_MiniNec/Stacks/syack3el20.nec,ok,ok,0.07862652745097876,0.07536613661795855,1.0433,1
4nec2-models/zz_MiniNec/Stacks/zigzag2x10 el 2 m.nec,ok,ok,0.06666236463934183,0.02880539931356907,,0
4nec2-models/zz_MiniNec/VHFbeams/12CQ430.nec,ok,ok,0.047379354014992714,0.03108869306743145,,0
4nec2-models/zz_MiniNec/VHFbeams/12EL23CM.nec,ok,ok,0.025712947361171246,0.01810219418257475,,0
4nec2-models/zz_MiniNec/VHFbeams/12EL430.nec,ok,ok,0.009563839994370937,0.008434832096099854,,0
4nec2-models/zz_MiniNec/VHFbeams/144-5Yagi.nec,ok,ok,0.0061624618247151375,0.005383259616792202,,0
4nec2-models/zz_MiniNec/VHFbeams/15EL23CM.nec,ok,ok,0.01917768269777298,0.014131209813058376,,0
4nec2-models/zz_MiniNec/VHFbeams/3DQ6.nec,ok,ok,0.017172351479530334,0.015620658174157143,,0
4nec2-models/zz_MiniNec/VHFbeams/3HENT.nec,ok,ok,0.014725874178111553,0.012253185734152794,,0
4nec2-models/zz_MiniNec/VHFbeams/4DELTA6.nec,ok,ok,0.015853033401072025,0.012715316377580166,,0
4nec2-models/zz_MiniNec/VHFbeams/4X12.nec,ok,ok,0.034655711613595486,0.027338944375514984,,0
4nec2-models/zz_MiniNec/VHFbeams/5CQ2.nec,ok,ok,0.016337729059159756,0.01216966938227415,,0
4nec2-models/zz_MiniNec/VHFbeams/5ELTWIND.nec,ok,ok,0.04673981945961714,0.03019693400710821,,0
4nec2-models/zz_MiniNec/VHFbeams/6EL6MW.nec,ok,ok,0.008933703415095806,0.007629880681633949,,0
4nec2-models/zz_MiniNec/VHFbeams/7EL6M.nec,ok,ok,0.009804089553654194,0.008151698857545853,,0
4nec2-models/zz_MiniNec/VHFbeams/7elQuad_GW4CQT.nec,ok,ok,0.13328607473522425,0.07211498450487852,1.8482,1
4nec2-models/zz_MiniNec/VHFbeams/8EL2MW.nec,ok,ok,0.04308473691344261,0.023557018488645554,,0
4nec2-models/zz_MiniNec/VHFbeams/8EL6M.nec,ok,ok,0.011287127621471882,0.012530812993645668,,0
4nec2-models/zz_MiniNec/VHFbeams/8EL6MW.nec,ok,ok,0.011749192140996456,0.009675826877355576,,0
4nec2-models/zz_MiniNec/VHFbeams/Crosspol144.nec,ok,ok,0.013970098458230495,0.012982688844203949,,0
4nec2-models/zz_MiniNec/VHFbeams/DK7ZB-2.nec,ok,ok,0.005649358965456486,0.004850300960242748,,0
4nec2-models/zz_MiniNec/VHFbeams/MIRROR.nec,ok,ok,0.9336672788485885,0.4689746545627713,1.9909,1
4nec2-models/zz_MiniNec/VHFbeams/USN_StarGP.nec,ok,ok,0.008707379922270775,0.007753655314445496,,0
4nec2-models/zz_MiniNec/VHFbeams/f9ft-2-uu4jcr.nec,ok,ok,0.11331750825047493,0.06028044130653143,1.8798,1
4nec2-models/zz_MiniNec/VHFbeams/f9ft-21-432.nec,ok,ok,0.021725493483245373,0.01843444909900427,,0
4nec2-models/zz_MiniNec/VHFsimple/144OMNI.nec,ok,ok,0.004242615774273872,0.004127689637243748,,0
4nec2-models/zz_MiniNec/VHFsimple/6SKYDOOR.nec,ok,ok,0.004563513211905956,0.004236806184053421,,0
4nec2-models/zz_MiniNec/VHFsimple/CR2.nec,ok,ok,0.07482924871146679,0.04922560788691044,,0
4nec2-models/zz_MiniNec/VHFsimple/Discon55-200.nec,ok,ok,0.011091794818639755,0.008589969016611576,,0
4nec2-models/zz_MiniNec/VHFsimple/GP144-435.nec,ok,ok,0.07043925300240517,0.06998013611882925,1.0066,1
4nec2-models/zz_MiniNec/VHFsimple/HENTENNA.nec,ok,ok,0.14049939066171646,0.12374125141650438,1.1354,1
4nec2-models/zz_MiniNec/VHFsimple/Helix145.nec,ok,ok,0.06825956236571074,0.06830853968858719,0.9993,1
4nec2-models/zz_MiniNec/VHFsimple/Isotrop2.nec,ok,ok,0.025435656309127808,0.017833566293120384,,0
4nec2-models/zz_MiniNec/VHFsimple/J-ant144.nec,ok,ok,0.007870746776461601,0.0067637525498867035,,0
4nec2-models/zz_MiniNec/VHFsimple/TWIND.nec,ok,ok,0.004544410854578018,0.00504194013774395,,0
4nec2-models/zz_MiniNec/VHFsimple/TWINLOOP.nec,ok,ok,0.00430719368159771,0.004113534465432167,,0
antenna-modeling/2el-yagi-freespace.nec,ok,ok,0.7118174508213997,0.7134873205795884,0.9977,1
antenna-modeling/2el-yagi-halfwl.nec,ok,ok,0.7571204397827387,0.7388279559090734,1.0248,1
antenna-modeling/2el-yagi-high.nec,ok,ok,0.7645221026614308,0.7432031724601984,1.0287,1
antenna-modeling/2m-sat-yagi/2m-sat-candidate1-crossed.nec,ok,ok,3.433800117112696,3.047522312030196,1.1268,1
antenna-modeling/2m-sat-yagi/2m-sat-candidate1-drivenonly-long.nec,ok,ok,1.6365996394306421,1.6191909816116095,1.0108,1
antenna-modeling/2m-sat-yagi/2m-sat-candidate1-drivenonly.nec,ok,ok,1.6413520146161318,1.620085990987718,1.0131,1
antenna-modeling/2m-sat-yagi/2m-sat-candidate1-inorder.nec,ok,ok,3.65949943382293,3.2979470249265432,1.1096,1
antenna-modeling/2m-sat-yagi/2m-sat-candidate1.nec,ok,ok,1.8217972898855805,1.7272133491933346,1.0548,1
antenna-modeling/2m-sat-yagi/2m-sat-candidate2-folded-drivenonly.nec,ok,ok,2.1748967291787267,2.142449510283768,1.0151,1
antenna-modeling/2m-sat-yagi/2m-sat-candidate2-thick-crossed-wide.nec,ok,ok,17.304279656149447,13.75591648556292,1.2580,1
antenna-modeling/2m-sat-yagi/2m-sat-candidate2-thick-crossed.nec,ok,ok,4.272093002684414,3.6103785848245025,1.1833,1
antenna-modeling/2m-sat-yagi/2m-sat-candidate2-thick-folded-inorder.nec,ok,ok,2.077600193209946,1.9455809108912945,1.0679,1
antenna-modeling/2m-sat-yagi/2m-sat-candidate2-thin-folded-inorder.nec,ok,ok,2.0763901341706514,1.955005140043795,1.0621,1
antenna-modeling/2m-sat-yagi/bar.nec,ok,ok,4.080080535262823,4.134832835756242,0.9868,1
antenna-modeling/2m-sat-yagi/foo.nec,ok,ok,0.8810171326622367,0.8626582724973559,1.0213,1
antenna-modeling/2m-sat-yagi/thick-300.nec,ok,ok,0.8958001155406237,0.8709785556420684,1.0285,1
antenna-modeling/2m-sat-yagi/thick-clearboom.nec,ok,ok,2.1698873694986105,2.1387488497421145,1.0146,1
antenna-modeling/2m-sat-yagi/thin-5.nec,ok,ok,0.9370374819263816,0.9117821464315057,1.0277,1
antenna-modeling/2m-sat-yagi/thin-clearboom.nec,ok,ok,2.184593753889203,2.1510384334251285,1.0156,1
antenna-modeling/2m-sat-yagi/thin.nec,ok,ok,0.9037075582891703,0.8606514818966389,1.0500,1
antenna-modeling/2m-yagi-5el-calculated.nec,ok,ok,0.79548513982445,0.7620151126757264,1.0439,1
antenna-modeling/2m-yagi-test1.nec,ok,ok,0.8903024652972817,0.8568873945623636,1.0390,1
antenna-modeling/General 6-Band G3TXQ Broadband Hex Beam.nec,ok,ok,0.34483381640166044,0.14334777276962996,2.4056,1
antenna-modeling/barry.nec,ok,ok,0.6220428301021457,0.5623035812750459,1.1062,1
antenna-modeling/biqdfeed-fixed.nec,ok,ok,6.641067856922746,4.8008126532658935,1.3833,1
antenna-modeling/dipole-10m-gutters.nec,ok,ok,1.0623726239427924,0.9970850180834532,1.0655,1
antenna-modeling/dipole-10m.nec,ok,ok,0.41581202764064074,0.40449892543256283,1.0280,1
antenna-modeling/dipole-12m.nec,ok,ok,0.2650887155905366,0.2472598673775792,1.0721,1
antenna-modeling/dipole-15m.nec,ok,ok,1.0215283958241343,1.0071728862822056,1.0143,1
antenna-modeling/dipole-17m.nec,ok,ok,0.2610779404640198,0.24299725890159607,1.0744,1
antenna-modeling/dipole-20m-gutters.nec,ok,ok,2.0251200161874294,1.8600610131397843,1.0887,1
antenna-modeling/dipole-20m.nec,ok,ok,0.7945947805419564,0.7760263765230775,1.0239,1
antenna-modeling/dipole-30m-gutters.nec,ok,ok,0.539264908991754,0.5027386099100113,1.0727,1
antenna-modeling/dipole-30m.nec,ok,ok,0.2265614876523614,0.2141712699085474,1.0579,1
antenna-modeling/dipole-40m-gutters.nec,ok,ok,1.5238311234861612,1.423593564890325,1.0704,1
antenna-modeling/dipole-40m.nec,ok,ok,0.6304676672443748,0.6127899959683418,1.0288,1
antenna-modeling/dipole-80m-gutters.nec,ok,ok,2.3256796495988965,2.1709750443696976,1.0713,1
antenna-modeling/dipole-80m.nec,ok,ok,1.0204685423523188,0.9756001075729728,1.0460,1
antenna-modeling/dipole-sample-freespace.nec,ok,ok,0.5644437335431576,0.5330595513805747,1.0589,1
antenna-modeling/dipole-sample-halfwl.nec,ok,ok,0.5846088780090213,0.5667108912020922,1.0316,1
antenna-modeling/dipole-sample.nec,ok,ok,0.5902787055820227,0.5689536901190877,1.0375,1
antenna-modeling/foo.nec,ok,ok,0.8917253334075212,0.8612738726660609,1.0354,1
antenna-modeling/force12-C3-10m-roof.nec,ok,ok,0.9963869992643595,0.9286384116858244,1.0730,1
antenna-modeling/force12-C3-10m-tower.nec,ok,ok,1.0048798993229866,0.9297090079635382,1.0809,1
antenna-modeling/force12-C3-12m-roof.nec,ok,ok,0.6066070450469851,0.5651282807812095,1.0734,1
antenna-modeling/force12-C3-12m-tower.nec,ok,ok,0.6105579501017928,0.5674691321328282,1.0759,1
antenna-modeling/force12-C3-15m-roof.nec,ok,ok,2.5059739565476775,2.314397287555039,1.0828,1
antenna-modeling/force12-C3-15m-tower.nec,ok,ok,2.523411442525685,2.382692097686231,1.0591,1
antenna-modeling/force12-C3-17m-roof.nec,ok,ok,0.594535150565207,0.5632502268999815,1.0555,1
antenna-modeling/force12-C3-17m-tower.nec,ok,ok,0.5981166772544384,0.5552558964118361,1.0772,1
antenna-modeling/force12-C3-20m-roof.nec,ok,ok,1.8804180398583412,1.7451240792870522,1.0775,1
antenna-modeling/force12-C3-20m-tower.nec,ok,ok,1.8987482227385044,1.7645597998052835,1.0760,1
antenna-modeling/force12-C3.nec,ok,ok,1.7112760189920664,1.5869760317727923,1.0783,1
antenna-modeling/gbhoyt.nec,ok,ok,25.553383617661893,21.68422079551965,1.1784,1
antenna-modeling/hexbeam-20m.nec,ok,ok,0.9836904304102063,0.9653303185477853,1.0190,1
antenna-modeling/log_per.nec,ok,ok,0.12144642323255539,0.08021495305001736,1.5140,1
antenna-modeling/rotatable-dipole-40m.nec,ok,ok,0.6066983947530389,0.5944046946242452,1.0207,1
antenna-modeling/vertical-sample.nec,ok,ok,6.60545170865953,6.422412363812327,1.0285,1
antenna-modeling/yagi.nec,ok,ok,0.8969285627827048,0.8498983243480325,1.0553,1
antenna-modeling/yagitools/2m-sat-candidate1-crossed.nec,ok,ok,1.9254046529531479,1.641862784512341,1.1727,1
antenna-modeling/yagitools/2m-sat-candidate1-drivenonly.nec,ok,ok,1.6452678050845861,1.620892538689077,1.0150,1
antenna-modeling/yagitools/2m-sat-candidate1-inorder.nec,ok,ok,1.8241012981161475,1.7228395529091358,1.0588,1
antenna-modeling/yagitools/2m-sat-candidate1.nec,ok,ok,0.9091304978355765,0.8604836277663708,1.0565,1
antenna-modeling/yagitools/ON6MU-adjusted.nec,ok,ok,5.406012509018183,5.16288270894438,1.0471,1
antenna-modeling/yagitools/ON6MU-adjusted2.nec,ok,ok,5.2083967458456755,5.063716219738126,1.0286,1
antenna-modeling/yagitools/ON6MU-adjusted3.nec,ok,ok,5.413764265365899,5.146382877603173,1.0520,1
antenna-modeling/yagitools/ON6MU-adjusted4-allthick.nec,ok,ok,1.8104463117197156,1.7196952076628804,1.0528,1
antenna-modeling/yagitools/ON6MU-adjusted4-refthick.nec,ok,ok,1.817717446014285,1.7250665733590722,1.0537,1
antenna-modeling/yagitools/ON6MU-adjusted4.nec,ok,ok,1.815972564741969,1.7203554045408964,1.0556,1
antenna-modeling/yagitools/ON6MU.nec,ok,ok,5.412904295139015,5.15066677890718,1.0509,1
antenna-modeling/yagitools/dipole.nec,ok,ok,0.4604340558871627,0.4212821191176772,1.0929,1
antenna-modeling/yagitools/foo.nec,ok,ok,0.7963551841676235,0.757849121466279,1.0508,1
arcanum/dumbbell-ori.nec,ok,ok,0.024257694371044636,0.021527203731238842,,0
arcanum/half-wave-dipole.nec,ok,ok,0.01702045276761055,0.01525243278592825,,0
arcanum/yagi-3el.nec,ok,ok,0.02098032645881176,0.01843959465622902,,0
arrl/DIP.nec,ok,ok,0.0068345945328474045,0.006132828071713448,,0
arrl/LOOP.nec,ok-no-source,ok-no-source,0.0034031514078378677,0.0034512849524617195,,0
arrl/LPER.nec,ok,ok,0.03744207229465246,0.03494868706911802,,0
arrl/W1JR.nec,ok,ok,0.0257226824760437,0.021050969138741493,,0
arthurcadore/dipole/SimpleReflector.nec,ok,ok,0.0038507040590047836,0.003847384825348854,,0
arthurcadore/dipole/phaseShift16Arragement.nec,ok,ok,0.030606280080974102,0.020736057311296463,,0
arthurcadore/dipole/simple2Arragment.nec,ok,ok,0.004339856095612049,0.004157640039920807,,0
arthurcadore/dipole/simple4Arragment.nec,ok,ok,0.005554378964006901,0.004961532540619373,,0
arthurcadore/dipole/turnStile.nec,ok,ok,0.0057449545711278915,0.00507039949297905,,0
arthurcadore/helical/helical-simple.nec,ok,ok,0.09253059979528189,0.05035948473960161,1.8374,1
arthurcadore/yagiUda/yagi4Directors.nec,ok,ok,0.00953161995857954,0.008074557408690453,,0
cebik-w4rnl/Basic-Intermediate-Tutorial-Models/EZNEC/partc/20-6-4.nec,ok,ok,0.011147771961987019,0.008860168047249317,,0
cebik-w4rnl/Basic-Intermediate-Tutorial-Models/Tutorial-1/1-1.nec,ok,ok,0.17661373782902956,0.17333085369318724,1.0189,1
cebik-w4rnl/Basic-Intermediate-Tutorial-Models/Tutorial-1/10-1-1.nec,ok,ok,0.015644151717424393,0.01367570087313652,,0
cebik-w4rnl/Basic-Intermediate-Tutorial-Models/Tutorial-1/10-1-2.nec,ok,ok,0.01562732830643654,0.014161987230181694,,0
cebik-w4rnl/Basic-Intermediate-Tutorial-Models/Tutorial-1/10-1-3.nec,ok,ok,0.01608933601528406,0.013709375634789467,,0
cebik-w4rnl/Basic-Intermediate-Tutorial-Models/Tutorial-1/10-1-3A.nec,ok,ok,0.015661762095987797,0.01411803625524044,,0
cebik-w4rnl/Basic-Intermediate-Tutorial-Models/Tutorial-1/10-1-4.nec,ok,ok,0.015810279175639153,0.013836150988936424,,0
cebik-w4rnl/Basic-Intermediate-Tutorial-Models/Tutorial-1/10-2-1.nec,ok,ok,0.024889488704502583,0.02045684028416872,,0
cebik-w4rnl/Basic-Intermediate-Tutorial-Models/Tutorial-1/10-2-2.nec,ok,ok,0.02449948526918888,0.01946595311164856,,0
cebik-w4rnl/Basic-Intermediate-Tutorial-Models/Tutorial-1/10-2-3.nec,ok,ok,0.02413255348801613,0.020028489641845226,,0
cebik-w4rnl/Basic-Intermediate-Tutorial-Models/Tutorial-1/10-2-3A.nec,ok,ok,0.03901576530188322,0.029431345872581005,,0
cebik-w4rnl/Basic-Intermediate-Tutorial-Models/Tutorial-1/10-2-4.nec,ok,ok,0.024361605755984783,0.019603272899985313,,0
cebik-w4rnl/Basic-Intermediate-Tutorial-Models/Tutorial-1/10-3-1.nec,ok,ok,0.014250567182898521,0.012875803746283054,,0
cebik-w4rnl/Basic-Intermediate-Tutorial-Models/Tutorial-1/10-3-2.nec,ok,ok,0.005939020775258541,0.005476401187479496,,0
cebik-w4rnl/Basic-Intermediate-Tutorial-Models/Tutorial-1/10-4-1.nec,ok,ok,0.008617554791271687,0.0077515654265880585,,0
cebik-w4rnl/Basic-Intermediate-Tutorial-Models/Tutorial-1/10-4-2.nec,ok,ok,0.009043807163834572,0.00812508724629879,,0
cebik-w4rnl/Basic-Intermediate-Tutorial-Models/Tutorial-1/10-5-1.nec,ok,ok,0.00794227048754692,0.0072048502042889595,,0
cebik-w4rnl/Basic-Intermediate-Tutorial-Models/Tutorial-1/10-5-2.nec,ok,ok,0.008226832374930382,0.0070877159014344215,,0
cebik-w4rnl/Basic-Intermediate-Tutorial-Models/Tutorial-1/11-1-1.nec,ok,ok,0.054181541316211224,0.041395132429897785,,0
cebik-w4rnl/Basic-Intermediate-Tutorial-Models/Tutorial-1/11-1-2.nec,ok,ok,0.17911848425865173,0.10216954443603754,1.7531,1
cebik-w4rnl/Basic-Intermediate-Tutorial-Models/Tutorial-1/11-1-3.nec,ok,ok,0.18042791169136763,0.10267420671880245,1.7573,1
cebik-w4rnl/Basic-Intermediate-Tutorial-Models/Tutorial-1/11-1.nec,ok,ok,0.03861671593040228,0.029950695112347603,,0
cebik-w4rnl/Basic-Intermediate-Tutorial-Models/Tutorial-1/11-2-1.nec,ok,ok,0.17940699495375156,0.17536005843430758,1.0231,1
cebik-w4rnl/Basic-Intermediate-Tutorial-Models/Tutorial-1/11-2.nec,ok,ok,0.007194853387773037,0.006273710168898106,,0
cebik-w4rnl/Basic-Intermediate-Tutorial-Models/Tutorial-1/11-3-1.nec,ok,ok,0.21574977226555347,0.18389952275902033,1.1732,1
cebik-w4rnl/Basic-Intermediate-Tutorial-Models/Tutorial-1/11-3.nec,ok,ok,0.014246102422475815,0.012828954495489597,,0
cebik-w4rnl/Basic-Intermediate-Tutorial-Models/Tutorial-1/11-4.nec,ok,ok,0.008778415620326996,0.008443079888820648,,0
cebik-w4rnl/Basic-Intermediate-Tutorial-Models/Tutorial-1/11-5.nec,ok,ok,0.013863950036466122,0.012643988244235516,,0
cebik-w4rnl/Basic-Intermediate-Tutorial-Models/Tutorial-1/11-6-1.nec,ok,ok,0.19896402303129435,0.19692878611385822,1.0103,1
cebik-w4rnl/Basic-Intermediate-Tutorial-Models/Tutorial-1/11-6.nec,ok,ok,0.1988233858719468,0.19651174638420343,1.0118,1
cebik-w4rnl/Basic-Intermediate-Tutorial-Models/Tutorial-1/11-7-1.nec,ok,ok,0.11426534503698349,0.06668695900589228,1.7135,1
cebik-w4rnl/Basic-Intermediate-Tutorial-Models/Tutorial-1/11-7.nec,ok,ok,0.1369304209947586,0.06685872096568346,2.0481,1
cebik-w4rnl/Basic-Intermediate-Tutorial-Models/Tutorial-1/11-8-1.nec,ok,ok,0.05414685420691967,0.054318737238645554,0.9968,1
cebik-w4rnl/Basic-Intermediate-Tutorial-Models/Tutorial-1/11-8-1a.nec,ok,ok,0.05435282737016678,0.05415164399892092,1.0037,1
cebik-w4rnl/Basic-Intermediate-Tutorial-Models/Tutorial-1/11-8-1b.nec,ok,ok,0.050962116569280624,0.050954218953847885,1.0002,1
cebik-w4rnl/Basic-Intermediate-Tutorial-Models/Tutorial-1/11-8-1c.nec,ok,ok,0.05080119427293539,0.05036701448261738,1.0086,1
cebik-w4rnl/Basic-Intermediate-Tutorial-Models/Tutorial-1/11-8.nec,ok,ok,0.05380699597299099,0.054735650308430195,0.9830,1
cebik-w4rnl/Basic-Intermediate-Tutorial-Models/Tutorial-1/11-8a.nec,ok,ok,0.054647560231387615,0.05397720355540514,1.0124,1
cebik-w4rnl/Basic-Intermediate-Tutorial-Models/Tutorial-1/12-1.nec,ok,ok,0.005805757828056812,0.005171090364456177,,0
cebik-w4rnl/Basic-Intermediate-Tutorial-Models/Tutorial-1/12-1A.nec,ok,ok,0.0055885519832372665,0.0052307406440377235,,0
cebik-w4rnl/Basic-Intermediate-Tutorial-Models/Tutorial-1/12-2.nec,ok,ok,0.00560260284692049,0.005136728286743164,,0
cebik-w4rnl/Basic-Intermediate-Tutorial-Models/Tutorial-1/12-2A.nec,ok,ok,0.005762713961303234,0.005093480460345745,,0
cebik-w4rnl/Basic-Intermediate-Tutorial-Models/Tutorial-1/12-3-1.nec,ok,ok,0.009928149171173573,0.0093808863312006,,0
cebik-w4rnl/Basic-Intermediate-Tutorial-Models/Tutorial-1/12-3.nec,ok,ok,0.01014496199786663,0.009403174743056297,,0
cebik-w4rnl/Basic-Intermediate-Tutorial-Models/Tutorial-1/12-4-1.nec,ok,ok,0.006246013566851616,0.005600625649094582,,0
cebik-w4rnl/Basic-Intermediate-Tutorial-Models/Tutorial-1/12-4-2.nec,ok,ok,0.006273150444030762,0.0059355273842811584,,0
cebik-w4rnl/Basic-Intermediate-Tutorial-Models/Tutorial-1/12-4.nec,ok,ok,0.00629763025790453,0.005703320726752281,,0
cebik-w4rnl/Basic-Intermediate-Tutorial-Models/Tutorial-1/12-5-14.nec,ok,ok,0.17447911947965622,0.13998099695891142,1.2464,1
cebik-w4rnl/Basic-Intermediate-Tutorial-Models/Tutorial-1/12-5-18.nec,ok,ok,0.21839203778654337,0.13332181610167027,1.6381,1
cebik-w4rnl/Basic-Intermediate-Tutorial-Models/Tutorial-1/12-5-24.nec,ok,ok,0.14063902478665113,0.08577508479356766,1.6396,1
cebik-w4rnl/Basic-Intermediate-Tutorial-Models/Tutorial-1/12-5-28.nec,ok,ok,0.14044877421110868,0.08554162923246622,1.6419,1
cebik-w4rnl/Basic-Intermediate-Tutorial-Models/Tutorial-1/12-5.nec,ok,ok,0.21666580066084862,0.13231685478240252,1.6375,1
cebik-w4rnl/Basic-Intermediate-Tutorial-Models/Tutorial-1/12-6-1.nec,ok,ok,0.0062802014872431755,0.005722205154597759,,0
cebik-w4rnl/Basic-Intermediate-Tutorial-Models/Tutorial-1/12-6.nec,ok,ok,0.005608348175883293,0.005193986929953098,,0
cebik-w4rnl/Basic-Intermediate-Tutorial-Models/Tutorial-1/12-6A.nec,ok,ok,0.006007715128362179,0.005658472888171673,,0
cebik-w4rnl/Basic-Intermediate-Tutorial-Models/Tutorial-1/12-7.nec,ok,ok,0.014700894244015217,0.012739593163132668,,0
cebik-w4rnl/Basic-Intermediate-Tutorial-Models/Tutorial-1/12-7A.nec,ok,ok,0.029178116470575333,0.022542854771018028,,0
cebik-w4rnl/Basic-Intermediate-Tutorial-Models/Tutorial-1/12-7B.nec,ok,ok,0.04962406866252422,0.035320513881742954,,0
cebik-w4rnl/Basic-Intermediate-Tutorial-Models/Tutorial-1/13-1-1.nec,ok,ok,0.005768191069364548,0.005423719063401222,,0
cebik-w4rnl/Basic-Intermediate-Tutorial-Models/Tutorial-1/13-1.nec,ok,ok,0.005532211624085903,0.005021511577069759,,0
cebik-w4rnl/Basic-Intermediate-Tutorial-Models/Tutorial-1/13-2-1.nec,ok,ok,0.007368654944002628,0.006450723856687546,,0
cebik-w4rnl/Basic-Intermediate-Tutorial-Models/Tutorial-1/13-2.nec,ok,ok,0.005546060390770435,0.005090339109301567,,0
cebik-w4rnl/Basic-Intermediate-Tutorial-Models/Tutorial-1/13-2a.nec,ok,ok,0.005900737829506397,0.005398716777563095,,0
cebik-w4rnl/Basic-Intermediate-Tutorial-Models/Tutorial-1/13-3-1.nec,ok,ok,0.008179609663784504,0.0077598607167601585,,0
cebik-w4rnl/Basic-Intermediate-Tutorial-Models/Tutorial-1/13-3.nec,ok,ok,0.00822090357542038,0.007844912819564342,,0
cebik-w4rnl/Basic-Intermediate-Tutorial-Models/Tutorial-1/13-4-1.nec,ok,ok,0.013733734376728535,0.01237521879374981,,0
cebik-w4rnl/Basic-Intermediate-Tutorial-Models/Tutorial-1/13-4.nec,ok,ok,0.014439665712416172,0.012809275649487972,,0
cebik-w4rnl/Basic-Intermediate-Tutorial-Models/Tutorial-1/13-5.nec,ok,ok,0.008843258023262024,0.007461548782885075,,0
cebik-w4rnl/Basic-Intermediate-Tutorial-Models/Tutorial-1/13-6.nec,ok,ok,0.18210275378078222,0.17717861011624336,1.0278,1
cebik-w4rnl/Basic-Intermediate-Tutorial-Models/Tutorial-1/13-7-1.nec,ok,ok,0.19168572034686804,0.1853722184896469,1.0341,1
cebik-w4rnl/Basic-Intermediate-Tutorial-Models/Tutorial-1/13-7.nec,ok,ok,0.18177199084311724,0.1781298154965043,1.0204,1
cebik-w4rnl/Basic-Intermediate-Tutorial-Models/Tutorial-1/13-7a.nec,ok,ok,0.18226107396185398,0.1778352251276374,1.0249,1
cebik-w4rnl/Basic-Intermediate-Tutorial-Models/Tutorial-1/13-8-1.nec,ok,ok,0.009970086626708508,0.009213517419993877,,0
cebik-w4rnl/Basic-Intermediate-Tutorial-Models/Tutorial-1/13-8-1a.nec,ok,ok,0.04083325993269682,0.03543863631784916,,0
cebik-w4rnl/Basic-Intermediate-Tutorial-Models/Tutorial-1/13-8-2.nec,ok,ok,0.010085059329867363,0.009129203855991364,,0
cebik-w4rnl/Basic-Intermediate-Tutorial-Models/Tutorial-1/13-8-2a.nec,ok,ok,0.041467759758234024,0.03518682066351175,,0
cebik-w4rnl/Basic-Intermediate-Tutorial-Models/Tutorial-1/13-8.nec,ok,ok,0.010022920556366444,0.009048200212419033,,0
cebik-w4rnl/Basic-Intermediate-Tutorial-Models/Tutorial-1/13-8a.nec,ok,ok,0.04126441664993763,0.03477058745920658,,0
cebik-w4rnl/Basic-Intermediate-Tutorial-Models/Tutorial-1/13-9-10.nec,ok,ok,0.009397340938448906,0.008908209390938282,,0
cebik-w4rnl/Basic-Intermediate-Tutorial-Models/Tutorial-1/13-9-20.nec,ok,ok,0.009032037109136581,0.008561993017792702,,0
cebik-w4rnl/Basic-Intermediate-Tutorial-Models/Tutorial-1/14-1-1.nec,ok,ok,0.4485161667689681,0.4388720579445362,1.0220,1
cebik-w4rnl/Basic-Intermediate-Tutorial-Models/Tutorial-1/14-1-2.nec,ok,ok,0.44429393019527197,0.454942574724555,0.9766,1
cebik-w4rnl/Basic-Intermediate-Tutorial-Models/Tutorial-1/14-1-3.nec,ok,ok,0.45307864900678396,0.4367552725598216,1.0374,1
cebik-w4rnl/Basic-Intermediate-Tutorial-Models/Tutorial-1/14-1.nec,ok,ok,0.21633807104080915,0.2085974533110857,1.0371,1
cebik-w4rnl/Basic-Intermediate-Tutorial-Models/Tutorial-1/14-2-1.nec,ok,ok,0.013483668677508831,0.01264258474111557,,0
cebik-w4rnl/Basic-Intermediate-Tutorial-Models/Tutorial-1/14-2.nec,ok,ok,0.00953463464975357,0.008933724835515022,,0
cebik-w4rnl/Basic-Intermediate-Tutorial-Models/Tutorial-1/14-3-1.nec,ok,ok,0.02244175598025322,0.018524802289903164,,0
cebik-w4rnl/Basic-Intermediate-Tutorial-Models/Tutorial-1/14-3-2.nec,ok,ok,0.023321259766817093,0.018567295745015144,,0
cebik-w4rnl/Basic-Intermediate-Tutorial-Models/Tutorial-1/14-3.nec,ok,ok,0.02185092121362686,0.017813624814152718,,0
cebik-w4rnl/Basic-Intermediate-Tutorial-Models/Tutorial-1/14-4-1.nec,ok,ok,0.6797272423282266,0.679231870919466,1.0007,1
cebik-w4rnl/Basic-Intermediate-Tutorial-Models/Tutorial-1/14-4-2.nec,ok,ok,0.6839578375220299,0.6761287981644273,1.0116,1
cebik-w4rnl/Basic-Intermediate-Tutorial-Models/Tutorial-1/14-4.nec,ok,ok,0.6779322661459446,0.6753708031028509,1.0038,1
cebik-w4rnl/Basic-Intermediate-Tutorial-Models/Tutorial-1/14-5-1.nec,ok,ok,0.05879554711282253,0.04570805840194225,,0
cebik-w4rnl/Basic-Intermediate-Tutorial-Models/Tutorial-1/14-5-2.nec,ok,ok,0.06070683617144823,0.04605463892221451,,0
cebik-w4rnl/Basic-Intermediate-Tutorial-Models/Tutorial-1/14-5-3.nec,ok,ok,0.06026424374431372,0.039865476079285145,,0
cebik-w4rnl/Basic-Intermediate-Tutorial-Models/Tutorial-1/14-5.nec,ok,ok,0.01939894910901785,0.016113986261188984,,0
cebik-w4rnl/Basic-Intermediate-Tutorial-Models/Tutorial-1/14-6-1.nec,ok,ok,0.024159491062164307,0.020072363317012787,,0
cebik-w4rnl/Basic-Intermediate-Tutorial-Models/Tutorial-1/14-6.nec,ok,ok,0.006545025855302811,0.00598497036844492,,0
cebik-w4rnl/Basic-Intermediate-Tutorial-Models/Tutorial-1/15-1-1.nec,ok,ok,0.008326946757733822,0.008053237572312355,,0
cebik-w4rnl/Basic-Intermediate-Tutorial-Models/Tutorial-1/15-1.nec,ok,ok,0.007576722651720047,0.006836951710283756,,0
cebik-w4rnl/Basic-Intermediate-Tutorial-Models/Tutorial-1/15-1A.nec,ok,ok,0.006461326964199543,0.005889509804546833,,0
cebik-w4rnl/Basic-Intermediate-Tutorial-Models/Tutorial-1/15-1B.nec,ok,ok,0.006121151149272919,0.00518752820789814,,0
cebik-w4rnl/Basic-Intermediate-Tutorial-Models/Tutorial-1/15-1C.nec,ok,ok,0.005158025771379471,0.0047317976132035255,,0
cebik-w4rnl/Basic-Intermediate-Tutorial-Models/Tutorial-1/15-1D.nec,ok,ok,0.00460612028837204,0.004443720914423466,,0
cebik-w4rnl/Basic-Intermediate-Tutorial-Models/Tutorial-1/15-2-12P.nec,ok,ok,0.015314433723688126,0.012740633450448513,,0
cebik-w4rnl/Basic-Intermediate-Tutorial-Models/Tutorial-1/15-2-12S.nec,ok,ok,0.00981355831027031,0.00821438804268837,,0
cebik-w4rnl/Basic-Intermediate-Tutorial-Models/Tutorial-1/15-2-16P.nec,ok,ok,0.017918710596859455,0.014836546964943409,,0
cebik-w4rnl/Basic-Intermediate-Tutorial-Models/Tutorial-1/15-2-16S.nec,ok,ok,0.011018924415111542,0.009151719510555267,,0
cebik-w4rnl/Basic-Intermediate-Tutorial-Models/Tutorial-1/15-2-24P.nec,ok,ok,0.02587150316685438,0.019596542231738567,,0
cebik-w4rnl/Basic-Intermediate-Tutorial-Models/Tutorial-1/15-2-24S.nec,ok,ok,0.015549941919744015,0.012897038832306862,,0
cebik-w4rnl/Basic-Intermediate-Tutorial-Models/Tutorial-1/15-2-32P.nec,ok,ok,0.036481305956840515,0.025897646322846413,,0
cebik-w4rnl/Basic-Intermediate-Tutorial-Models/Tutorial-1/15-2-32S.nec,ok,ok,0.019568943418562412,0.01551822666078806,,0
cebik-w4rnl/Basic-Intermediate-Tutorial-Models/Tutorial-1/15-2-3P.nec,ok,ok,0.008236832916736603,0.007920595817267895,,0
cebik-w4rnl/Basic-Intermediate-Tutorial-Models/Tutorial-1/15-2-3S.nec,ok,ok,0.00691976398229599,0.00616585835814476,,0
cebik-w4rnl/Basic-Intermediate-Tutorial-Models/Tutorial-1/15-2-4P.nec,ok,ok,0.008976790122687817,0.00772513635456562,,0
cebik-w4rnl/Basic-Intermediate-Tutorial-Models/Tutorial-1/15-2-4S.nec,ok,ok,0.007241867482662201,0.0062280818819999695,,0
cebik-w4rnl/Basic-Intermediate-Tutorial-Models/Tutorial-1/15-2-6P.nec,ok,ok,0.00920923799276352,0.00838195439428091,,0
cebik-w4rnl/Basic-Intermediate-Tutorial-Models/Tutorial-1/15-2-6S.nec,ok,ok,0.00783961545675993,0.006989365443587303,,0
cebik-w4rnl/Basic-Intermediate-Tutorial-Models/Tutorial-1/15-2-8P.nec,ok,ok,0.012063839472830296,0.01068615447729826,,0
cebik-w4rnl/Basic-Intermediate-Tutorial-Models/Tutorial-1/15-2-8S.nec,ok,ok,0.008140877820551395,0.007405734620988369,,0
cebik-w4rnl/Basic-Intermediate-Tutorial-Models/Tutorial-1/15-3-1.nec,ok,ok,0.0067572640255093575,0.005768481642007828,,0
cebik-w4rnl/Basic-Intermediate-Tutorial-Models/Tutorial-1/15-3-1A.nec,ok,ok,0.06846173759549856,0.06663698516786098,1.0274,1
cebik-w4rnl/Basic-Intermediate-Tutorial-Models/Tutorial-1/15-3-1B.nec,ok,ok,0.0634700208902359,0.06120394077152014,1.0370,1
cebik-w4rnl/Basic-Intermediate-Tutorial-Models/Tutorial-1/15-3-1C.nec,ok,ok,0.05980081856250763,0.05727146193385124,1.0442,1
cebik-w4rnl/Basic-Intermediate-Tutorial-Models/Tutorial-1/15-3-2.nec,ok,ok,0.008993844501674175,0.007740607485175133,,0
cebik-w4rnl/Basic-Intermediate-Tutorial-Models/Tutorial-1/15-3-2A.nec,ok,ok,0.0846750196069479,0.07273387163877487,1.1642,1
cebik-w4rnl/Basic-Intermediate-Tutorial-Models/Tutorial-1/15-3-2B.nec,ok,ok,0.07904174644500017,0.06729815248399973,1.1745,1
cebik-w4rnl/Basic-Intermediate-Tutorial-Models/Tutorial-1/15-3-2C.nec,ok,ok,0.07498954888433218,0.06524891685694456,1.1493,1
cebik-w4rnl/Basic-Intermediate-Tutorial-Models/Tutorial-1/15-3-3.nec,ok,ok,0.019573528319597244,0.015056390315294266,,0
cebik-w4rnl/Basic-Intermediate-Tutorial-Models/Tutorial-1/15-3-3A.nec,ok,ok,0.13843567669391632,0.09523261897265911,1.4537,1
cebik-w4rnl/Basic-Intermediate-Tutorial-Models/Tutorial-1/15-3-3B.nec,ok,ok,0.12534270621836185,0.09029565565288067,1.3881,1
cebik-w4rnl/Basic-Intermediate-Tutorial-Models/Tutorial-1/15-3-3C.nec,ok,ok,0.13125828932970762,0.08735207747668028,1.5026,1
cebik-w4rnl/Basic-Intermediate-Tutorial-Models/Tutorial-1/15-3-4.nec,ok,ok,0.04873842280358076,0.032756468281149864,,0
cebik-w4rnl/Basic-Intermediate-Tutorial-Models/Tutorial-1/15-3-4A.nec,ok,ok,0.2943139187991619,0.17703197710216045,1.6625,1
cebik-w4rnl/Basic-Intermediate-Tutorial-Models/Tutorial-1/15-3-4b.nec,ok,ok,0.2631807243451476,0.13876992836594582,1.8965,1
cebik-w4rnl/Basic-Intermediate-Tutorial-Models/Tutorial-1/15-3-4c.nec,ok,ok,0.27389115560799837,0.1360247852280736,2.0135,1
cebik-w4rnl/Basic-Intermediate-Tutorial-Models/Tutorial-1/15-4-0.nec,ok,ok,0.0636566849425435,0.061350866220891476,1.0376,1
cebik-w4rnl/Basic-Intermediate-Tutorial-Models/Tutorial-1/15-4-0a.nec,ok,ok,0.1845552558079362,0.17807635199278593,1.0364,1
cebik-w4rnl/Basic-Intermediate-Tutorial-Models/Tutorial-1/15-4-0b.nec,ok,ok,0.18394210375845432,0.17679631151258945,1.0404,1
cebik-w4rnl/Basic-Intermediate-Tutorial-Models/Tutorial-1/15-4-0c.nec,ok,ok,0.1843458479270339,0.17802781518548727,1.0355,1
cebik-w4rnl/Basic-Intermediate-Tutorial-Models/Tutorial-1/15-4-30.nec,ok,ok,0.06303533166646957,0.06259054038673639,1.0071,1
cebik-w4rnl/Basic-Intermediate-Tutorial-Models/Tutorial-1/15-4-30a.nec,ok,ok,0.18489364814013243,0.17688505444675684,1.0453,1
cebik-w4rnl/Basic-Intermediate-Tutorial-Models/Tutorial-1/15-4-30b.nec,ok,ok,0.18427016865462065,0.17763406783342361,1.0374,1
cebik-w4rnl/Basic-Intermediate-Tutorial-Models/Tutorial-1/15-4-45.nec,ok,ok,0.06278723571449518,0.060638101771473885,1.0354,1
cebik-w4rnl/Basic-Intermediate-Tutorial-Models/Tutorial-1/15-4-45a.nec,ok,ok,0.1271513421088457,0.12268885783851147,1.0364,1
cebik-w4rnl/Basic-Intermediate-Tutorial-Models/Tutorial-1/15-4-45b.nec,ok,ok,0.12669115606695414,0.12217707745730877,1.0369,1
cebik-w4rnl/Basic-Intermediate-Tutorial-Models/Tutorial-1/15-4-60.nec,ok,ok,0.062379551120102406,0.060093712992966175,1.0380,1
cebik-w4rnl/Basic-Intermediate-Tutorial-Models/Tutorial-1/15-4-60a.nec,ok,ok,0.12660788372159004,0.12245743628591299,1.0339,1
cebik-w4rnl/Basic-Intermediate-Tutorial-Models/Tutorial-1/15-4-60b.nec,ok,ok,0.1266803564503789,0.12242044601589441,1.0348,1
cebik-w4rnl/Basic-Intermediate-Tutorial-Models/Tutorial-1/15-5-32.nec,ok,ok,0.38205629866570234,0.2519626608118415,1.5163,1
cebik-w4rnl/Basic-Intermediate-Tutorial-Models/Tutorial-1/15-5-32A.nec,ok,ok,0.3983771214261651,0.2516881339251995,1.5828,1
cebik-w4rnl/Basic-Intermediate-Tutorial-Models/Tutorial-1/15-5-32B.nec,ok,ok,0.38096731156110764,0.25146528147161007,1.5150,1
cebik-w4rnl/Basic-Intermediate-Tutorial-Models/Tutorial-1/15-5-32C.nec,ok,ok,0.37813087552785873,0.2506057554855943,1.5089,1
cebik-w4rnl/Basic-Intermediate-Tutorial-Models/Tutorial-1/15-5-4.nec,ok,ok,0.18500733189284801,0.17822369746863842,1.0381,1
cebik-w4rnl/Basic-Intermediate-Tutorial-Models/Tutorial-1/15-5-4A.nec,ok,ok,0.18500418402254581,0.17809397540986538,1.0388,1
cebik-w4rnl/Basic-Intermediate-Tutorial-Models/Tutorial-1/15-5-4B.nec,ok,ok,0.18552105221897364,0.17780872713774443,1.0434,1
cebik-w4rnl/Basic-Intermediate-Tutorial-Models/Tutorial-1/15-5-4C.nec,ok,ok,0.18488679267466068,0.1774680307134986,1.0418,1
cebik-w4rnl/Basic-Intermediate-Tutorial-Models/Tutorial-1/15-6-1.nec,ok,ok,0.005025864578783512,0.004775702953338623,,0
cebik-w4rnl/Basic-Intermediate-Tutorial-Models/Tutorial-1/15-6-1a.nec,ok,ok,0.0050131529569625854,0.004593481309711933,,0
cebik-w4rnl/Basic-Intermediate-Tutorial-Models/Tutorial-1/15-6-1b.nec,ok,ok,0.004940704442560673,0.004661440849304199,,0
cebik-w4rnl/Basic-Intermediate-Tutorial-Models/Tutorial-1/15-6-1c.nec,ok,ok,0.0049940673634409904,0.004596594721078873,,0
cebik-w4rnl/Basic-Intermediate-Tutorial-Models/Tutorial-1/15-6-2a.nec,ok,ok,0.39716558530926704,0.23818254936486483,1.6675,1
cebik-w4rnl/Basic-Intermediate-Tutorial-Models/Tutorial-1/15-6-2b.nec,ok,ok,0.38161743991076946,0.2510543307289481,1.5201,1
cebik-w4rnl/Basic-Intermediate-Tutorial-Models/Tutorial-1/15-6-2c.nec,ok,ok,0.3821008214727044,0.2518341038376093,1.5173,1
cebik-w4rnl/Basic-Intermediate-Tutorial-Models/Tutorial-1/16-1-1.nec,ok,ok,0.007011852227151394,0.006366305984556675,,0
cebik-w4rnl/Basic-Intermediate-Tutorial-Models/Tutorial-1/16-1-2.nec,ok,ok,0.007502660155296326,0.006471067667007446,,0
cebik-w4rnl/Basic-Intermediate-Tutorial-Models/Tutorial-1/16-2-1.nec,ok,ok,0.006224099546670914,0.0054604969918727875,,0
cebik-w4rnl/Basic-Intermediate-Tutorial-Models/Tutorial-1/16-2-2.nec,ok,ok,0.4020196804776788,0.2645748956128955,1.5195,1
cebik-w4rnl/Basic-Intermediate-Tutorial-Models/Tutorial-1/16-3-1.nec,ok,ok,0.139768211171031,0.12376466579735279,1.1293,1
cebik-w4rnl/Basic-Intermediate-Tutorial-Models/Tutorial-1/16-3.nec,ok,ok,0.05398123990744352,0.05410651210695505,0.9977,1
cebik-w4rnl/Basic-Intermediate-Tutorial-Models/Tutorial-1/16-4.nec,ok,ok,0.1382107986137271,0.12503950484097004,1.1053,1
cebik-w4rnl/Basic-Intermediate-Tutorial-Models/Tutorial-1/16-5-1.nec,ok,ok,0.010270488448441029,0.009592549875378609,,0
cebik-w4rnl/Basic-Intermediate-Tutorial-Models/Tutorial-1/16-5-2.nec,ok,ok,0.37423525005578995,0.3006724826991558,1.2447,1
cebik-w4rnl/Basic-Intermediate-Tutorial-Models/Tutorial-1/16-5.nec,ok,ok,0.011139371432363987,0.010365307331085205,,0
cebik-w4rnl/Basic-Intermediate-Tutorial-Models/Tutorial-1/16-6-1.nec,ok,ok,0.19070427119731903,0.1848352551460266,1.0318,1
cebik-w4rnl/Basic-Intermediate-Tutorial-Models/Tutorial-1/16-6-2.nec,ok,ok,0.2561536179855466,0.23083753511309624,1.1097,1
cebik-w4rnl/Basic-Intermediate-Tutorial-Models/Tutorial-1/16-6-3.nec,ok,ok,0.20006360206753016,0.18424264155328274,1.0859,1
cebik-w4rnl/Basic-Intermediate-Tutorial-Models/Tutorial-1/16-7-1.nec,ok,ok,0.1954510835930705,0.17941227462142706,1.0894,1
cebik-w4rnl/Basic-Intermediate-Tutorial-Models/Tutorial-1/16-7-2.nec,ok,ok,0.20179782900959253,0.19289034605026245,1.0462,1
cebik-w4rnl/Basic-Intermediate-Tutorial-Models/Tutorial-1/17-1-1.nec,ok,ok,0.19644917733967304,0.19299301225692034,1.0179,1
cebik-w4rnl/Basic-Intermediate-Tutorial-Models/Tutorial-1/17-1.nec,ok,ok,0.2009063558652997,0.19653648231178522,1.0222,1
cebik-w4rnl/Basic-Intermediate-Tutorial-Models/Tutorial-1/17-2-1.nec,ok,ok,0.2972537484019995,0.2408229960128665,1.2343,1
cebik-w4rnl/Basic-Intermediate-Tutorial-Models/Tutorial-1/17-2.nec,ok,ok,0.21550406143069267,0.19921495020389557,1.0818,1
cebik-w4rnl/Basic-Intermediate-Tutorial-Models/Tutorial-1/17-3-1.nec,ok,ok,0.21875653881579638,0.19948801025748253,1.0966,1
cebik-w4rnl/Basic-Intermediate-Tutorial-Models/Tutorial-1/17-3.nec,ok,ok,0.2201707661151886,0.20108215045183897,1.0949,1
cebik-w4rnl/Basic-Intermediate-Tutorial-Models/Tutorial-1/17-4-1.nec,ok,ok,0.10915806889533997,0.08687368407845497,1.2565,1
cebik-w4rnl/Basic-Intermediate-Tutorial-Models/Tutorial-1/17-4-2.nec,ok,ok,0.10904489457607269,0.08692603651434183,1.2545,1
cebik-w4rnl/Basic-Intermediate-Tutorial-Models/Tutorial-1/17-4.nec,ok,ok,0.07402177061885595,0.06909560412168503,1.0713,1
cebik-w4rnl/Basic-Intermediate-Tutorial-Models/Tutorial-1/17-5.nec,ok,ok,0.14217523485422134,0.10566417593508959,1.3455,1
cebik-w4rnl/Basic-Intermediate-Tutorial-Models/Tutorial-1/17-6.nec,ok,ok,0.11264469660818577,0.08818455692380667,1.2774,1
cebik-w4rnl/Basic-Intermediate-Tutorial-Models/Tutorial-1/17-7-1.nec,ok,ok,0.47296175733208656,0.3499668696895242,1.3514,1
cebik-w4rnl/Basic-Intermediate-Tutorial-Models/Tutorial-1/17-7-2.nec,ok,ok,0.47470077499747276,0.33627697732299566,1.4116,1
cebik-w4rnl/Basic-Intermediate-Tutorial-Models/Tutorial-1/17-7-2a.nec,ok,ok,0.29745265282690525,0.20583488699048758,1.4451,1
cebik-w4rnl/Basic-Intermediate-Tutorial-Models/Tutorial-1/17-7-3.nec,ok,ok,0.4279627185314894,0.33666558470577,1.2712,1
cebik-w4rnl/Basic-Intermediate-Tutorial-Models/Tutorial-1/17-7.nec,ok,ok,0.4602562142536044,0.3727398021146655,1.2348,1
cebik-w4rnl/Basic-Intermediate-Tutorial-Models/Tutorial-1/17-8-1.nec,ok,ok,0.6446952614933252,0.4133379328995943,1.5597,1
cebik-w4rnl/Basic-Intermediate-Tutorial-Models/Tutorial-1/17-8.nec,ok,ok,0.6575077790766954,0.4206401566043496,1.5631,1
cebik-w4rnl/Basic-Intermediate-Tutorial-Models/Tutorial-1/18-1-1.nec,ok,ok,0.021036957390606403,0.01734665408730507,,0
cebik-w4rnl/Basic-Intermediate-Tutorial-Models/Tutorial-1/18-1.nec,ok,ok,0.021540334448218346,0.017479263246059418,,0
cebik-w4rnl/Basic-Intermediate-Tutorial-Models/Tutorial-1/18-10-1.nec,ok,ok,0.030724148266017437,0.02561930939555168,,0
cebik-w4rnl/Basic-Intermediate-Tutorial-Models/Tutorial-1/18-10.nec,ok,ok,0.03036738745868206,0.025795670226216316,,0
cebik-w4rnl/Basic-Intermediate-Tutorial-Models/Tutorial-1/18-1a.nec,ok,ok,0.018143092282116413,0.015171365812420845,,0
cebik-w4rnl/Basic-Intermediate-Tutorial-Models/Tutorial-1/18-2-1.nec,ok,ok,0.021118883974850178,0.017323543317615986,,0
cebik-w4rnl/Basic-Intermediate-Tutorial-Models/Tutorial-1/18-2.nec,ok,ok,0.021077271550893784,0.017386198043823242,,0
cebik-w4rnl/Basic-Intermediate-Tutorial-Models/Tutorial-1/18-2a.nec,ok,ok,0.02775284368544817,0.022130527533590794,,0
cebik-w4rnl/Basic-Intermediate-Tutorial-Models/Tutorial-1/18-3-1.nec,ok,ok,0.021988927386701107,0.018059657886624336,,0
cebik-w4rnl/Basic-Intermediate-Tutorial-Models/Tutorial-1/18-3-2.nec,ok,ok,0.022022612392902374,0.017983753234148026,,0
cebik-w4rnl/Basic-Intermediate-Tutorial-Models/Tutorial-1/18-3-3.nec,ok,ok,0.021947333589196205,0.017926656641066074,,0
cebik-w4rnl/Basic-Intermediate-Tutorial-Models/Tutorial-1/18-3.nec,ok,ok,0.006476745009422302,0.005839437246322632,,0
cebik-w4rnl/Basic-Intermediate-Tutorial-Models/Tutorial-1/18-4.nec,ok,ok,0.032720801420509815,0.029272296465933323,,0
cebik-w4rnl/Basic-Intermediate-Tutorial-Models/Tutorial-1/18-5.nec,ok,ok,0.032736596651375294,0.029270164668560028,,0
cebik-w4rnl/Basic-Intermediate-Tutorial-Models/Tutorial-1/18-6.nec,ok,ok,0.08379437867552042,0.0669126408174634,1.2523,1
cebik-w4rnl/Basic-Intermediate-Tutorial-Models/Tutorial-1/18-7.nec,ok,ok,0.11856801994144917,0.09066919423639774,1.3077,1
cebik-w4rnl/Basic-Intermediate-Tutorial-Models/Tutorial-1/18-8-1.nec,ok,ok,0.1303967349231243,0.089251141063869,1.4610,1
cebik-w4rnl/Basic-Intermediate-Tutorial-Models/Tutorial-1/18-8-2.nec,ok,ok,0.11947198770940304,0.08983798138797283,1.3299,1
cebik-w4rnl/Basic-Intermediate-Tutorial-Models/Tutorial-1/18-8-3.nec,ok,ok,0.13197569455951452,0.08946301974356174,1.4752,1
cebik-w4rnl/Basic-Intermediate-Tutorial-Models/Tutorial-1/18-8-4.nec,ok,ok,0.1299528917297721,0.0881607448682189,1.4740,1
cebik-w4rnl/Basic-Intermediate-Tutorial-Models/Tutorial-1/18-8.nec,ok,ok,0.07439168728888035,0.06652276497334242,1.1183,1
cebik-w4rnl/Basic-Intermediate-Tutorial-Models/Tutorial-1/18-9.nec,ok,ok,0.03692127484828234,0.03049400355666876,,0
cebik-w4rnl/Basic-Intermediate-Tutorial-Models/Tutorial-1/19-1.nec,ok,ok,0.009895882569253445,0.009087367914617062,,0
cebik-w4rnl/Basic-Intermediate-Tutorial-Models/Tutorial-1/19-2-1.nec,ok,ok,0.06734159402549267,0.04482498578727245,,0
cebik-w4rnl/Basic-Intermediate-Tutorial-Models/Tutorial-1/19-2.nec,ok,ok,0.06758955493569374,0.04456769675016403,,0
cebik-w4rnl/Basic-Intermediate-Tutorial-Models/Tutorial-1/19-3-1.nec,ok,ok,0.006779957562685013,0.006164814345538616,,0
cebik-w4rnl/Basic-Intermediate-Tutorial-Models/Tutorial-1/19-3.nec,ok,ok,0.008246299810707569,0.007062665186822414,,0
cebik-w4rnl/Basic-Intermediate-Tutorial-Models/Tutorial-1/19-4-1.nec,ok,ok,0.13475816790014505,0.09271631948649883,1.4534,1
cebik-w4rnl/Basic-Intermediate-Tutorial-Models/Tutorial-1/19-4.nec,ok,ok,0.12174556776881218,0.09251084458082914,1.3160,1
cebik-w4rnl/Basic-Intermediate-Tutorial-Models/Tutorial-1/19-5.nec,ok,ok,0.08682808373123407,0.0751369260251522,1.1556,1
cebik-w4rnl/Basic-Intermediate-Tutorial-Models/Tutorial-1/19-6-1.nec,ok,ok,0.009537925943732262,0.008892635814845562,,0
cebik-w4rnl/Basic-Intermediate-Tutorial-Models/Tutorial-1/19-6-2.nec,ok,ok,0.014195295050740242,0.01256166584789753,,0
cebik-w4rnl/Basic-Intermediate-Tutorial-Models/Tutorial-1/19-6-3.nec,ok,ok,0.01816811040043831,0.015862016938626766,,0
cebik-w4rnl/Basic-Intermediate-Tutorial-Models/Tutorial-1/19-6.nec,ok,ok,0.015043508261442184,0.012773080728948116,,0
cebik-w4rnl/Basic-Intermediate-Tutorial-Models/Tutorial-1/19-7.nec,ok,ok,0.011686677113175392,0.010672533884644508,,0
cebik-w4rnl/Basic-Intermediate-Tutorial-Models/Tutorial-1/2-1.nec,ok,ok,0.005974127911031246,0.005515627562999725,,0
cebik-w4rnl/Basic-Intermediate-Tutorial-Models/Tutorial-1/2-2.nec,ok,ok,0.06365647166967392,0.062280974350869656,1.0221,1
cebik-w4rnl/Basic-Intermediate-Tutorial-Models/Tutorial-1/2-3.nec,ok,ok,0.2270722733810544,0.200448177754879,1.1328,1
cebik-w4rnl/Basic-Intermediate-Tutorial-Models/Tutorial-1/2-4.nec,ok,ok,0.009225397370755672,0.00876459851861,,0
cebik-w4rnl/Basic-Intermediate-Tutorial-Models/Tutorial-1/2-5.nec,ok,ok,0.2028985247015953,0.1851713377982378,1.0957,1
cebik-w4rnl/Basic-Intermediate-Tutorial-Models/Tutorial-1/2-6.nec,ok,ok,0.013753640465438366,0.011109892278909683,,0
cebik-w4rnl/Basic-Intermediate-Tutorial-Models/Tutorial-1/20-1-1.nec,ok,ok,0.04784062132239342,0.02920981775969267,,0
cebik-w4rnl/Basic-Intermediate-Tutorial-Models/Tutorial-1/20-1-2.nec,ok,ok,0.04462190065532923,0.027639015577733517,,0
cebik-w4rnl/Basic-Intermediate-Tutorial-Models/Tutorial-1/20-1.nec,ok,ok,0.010391300544142723,0.009545641019940376,,0
cebik-w4rnl/Basic-Intermediate-Tutorial-Models/Tutorial-1/20-2-1.nec,ok,ok,0.04844031948596239,0.03629288077354431,,0
cebik-w4rnl/Basic-Intermediate-Tutorial-Models/Tutorial-1/20-2-2.nec,ok,ok,0.034146170131862164,0.026822112500667572,,0
cebik-w4rnl/Basic-Intermediate-Tutorial-Models/Tutorial-1/20-2-3.nec,ok,ok,0.028735050931572914,0.02351256739348173,,0
cebik-w4rnl/Basic-Intermediate-Tutorial-Models/Tutorial-1/20-2-4.nec,ok,ok,0.021011479198932648,0.0179724283516407,,0
cebik-w4rnl/Basic-Intermediate-Tutorial-Models/Tutorial-1/20-2.nec,ok,ok,0.06519217789173126,0.046699426136910915,,0
cebik-w4rnl/Basic-Intermediate-Tutorial-Models/Tutorial-1/20-3-1.nec,ok,ok,0.014586769975721836,0.013253480195999146,,0
cebik-w4rnl/Basic-Intermediate-Tutorial-Models/Tutorial-1/20-3-2.nec,ok,ok,0.02807669434696436,0.015440162271261215,,0
cebik-w4rnl/Basic-Intermediate-Tutorial-Models/Tutorial-1/20-4-1.nec,ok,ok,0.026562325656414032,0.022104387171566486,,0
cebik-w4rnl/Basic-Intermediate-Tutorial-Models/Tutorial-1/20-4-2.nec,ok,ok,0.02621831465512514,0.02134011499583721,,0
cebik-w4rnl/Basic-Intermediate-Tutorial-Models/Tutorial-1/20-4-3.nec,ok,ok,0.06419070344418287,0.04553288873285055,,0
cebik-w4rnl/Basic-Intermediate-Tutorial-Models/Tutorial-1/20-4-4.nec,ok,ok,0.0636534346267581,0.04610230401158333,,0
cebik-w4rnl/Basic-Intermediate-Tutorial-Models/Tutorial-1/20-4.nec,ok,ok,0.014412215910851955,0.013133373111486435,,0
cebik-w4rnl/Basic-Intermediate-Tutorial-Models/Tutorial-1/20-5-1.nec,ok,ok,0.033647711388766766,0.026734567247331142,,0
cebik-w4rnl/Basic-Intermediate-Tutorial-Models/Tutorial-1/20-5-2.nec,ok,ok,0.048205033876001835,0.029711510986089706,,0
cebik-w4rnl/Basic-Intermediate-Tutorial-Models/Tutorial-1/20-5-3.nec,ok,ok,0.08919598441570997,0.050768056884408,1.7569,1
cebik-w4rnl/Basic-Intermediate-Tutorial-Models/Tutorial-1/20-5-4.nec,ok,ok,0.11898365896195173,0.06554836966097355,1.8152,1
cebik-w4rnl/Basic-Intermediate-Tutorial-Models/Tutorial-1/20-5-5.nec,ok,ok,0.2979749822989106,0.17365779913961887,1.7159,1
cebik-w4rnl/Basic-Intermediate-Tutorial-Models/Tutorial-1/20-6-1.nec,ok,ok,0.005646870471537113,0.005282052792608738,,0
cebik-w4rnl/Basic-Intermediate-Tutorial-Models/Tutorial-1/20-6-1A.nec,ok,ok,0.006175926886498928,0.005454638972878456,,0
cebik-w4rnl/Basic-Intermediate-Tutorial-Models/Tutorial-1/20-6-2.nec,ok,ok,0.013687566854059696,0.012089836411178112,,0
cebik-w4rnl/Basic-Intermediate-Tutorial-Models/Tutorial-1/20-6-2A.nec,ok,ok,0.03798991348594427,0.022670968435704708,,0
cebik-w4rnl/Basic-Intermediate-Tutorial-Models/Tutorial-1/20-6-3.nec,ok,ok,0.00687054730951786,0.006296494044363499,,0
cebik-w4rnl/Basic-Intermediate-Tutorial-Models/Tutorial-1/20-6-3A.nec,ok,ok,0.01046030130237341,0.00870467908680439,,0
cebik-w4rnl/Basic-Intermediate-Tutorial-Models/Tutorial-1/20-6-4.nec,ok,ok,0.007837295532226562,0.007461912930011749,,0
cebik-w4rnl/Basic-Intermediate-Tutorial-Models/Tutorial-1/20-6-4A.nec,ok,ok,0.014535639435052872,0.01066592801362276,,0
cebik-w4rnl/Basic-Intermediate-Tutorial-Models/Tutorial-1/20-7.nec,ok,ok,0.35755798406898975,0.3015919094905257,1.1856,1
cebik-w4rnl/Basic-Intermediate-Tutorial-Models/Tutorial-1/20-8-1.nec,ok,ok,0.005730850622057915,0.005381927825510502,,0
cebik-w4rnl/Basic-Intermediate-Tutorial-Models/Tutorial-1/20-8-2.nec,ok,ok,0.007185894064605236,0.00633900985121727,,0
cebik-w4rnl/Basic-Intermediate-Tutorial-Models/Tutorial-1/20-8-3.nec,ok,ok,0.009317388758063316,0.008851194754242897,,0
cebik-w4rnl/Basic-Intermediate-Tutorial-Models/Tutorial-1/21-1-1.nec,ok,ok,0.03865256439894438,0.029803062789142132,,0
cebik-w4rnl/Basic-Intermediate-Tutorial-Models/Tutorial-1/21-1.nec,ok,ok,0.01859456952661276,0.01590162143111229,,0
cebik-w4rnl/Basic-Intermediate-Tutorial-Models/Tutorial-1/21-2-1.nec,ok,ok,0.04596143960952759,0.032642717473208904,,0
cebik-w4rnl/Basic-Intermediate-Tutorial-Models/Tutorial-1/21-2-2.nec,ok,ok,0.011482490226626396,0.010361870750784874,,0
cebik-w4rnl/Basic-Intermediate-Tutorial-Models/Tutorial-1/21-2-3.nec,ok,ok,0.10275622271001339,0.06755820475518703,1.5210,1
cebik-w4rnl/Basic-Intermediate-Tutorial-Models/Tutorial-1/21-2-4.nec,ok,ok,0.012028614990413189,0.011289862915873528,,0
cebik-w4rnl/Basic-Intermediate-Tutorial-Models/Tutorial-1/21-2-5.nec,ok,ok,0.04570760112255812,0.032906029373407364,,0
cebik-w4rnl/Basic-Intermediate-Tutorial-Models/Tutorial-1/21-3-1.nec,ok,ok,0.005630257539451122,0.005184447392821312,,0
cebik-w4rnl/Basic-Intermediate-Tutorial-Models/Tutorial-1/21-3-2.nec,ok,ok,0.006439739838242531,0.0055840229615569115,,0
cebik-w4rnl/Basic-Intermediate-Tutorial-Models/Tutorial-1/21-3-3.nec,ok,ok,0.008944929577410221,0.007849170826375484,,0
cebik-w4rnl/Basic-Intermediate-Tutorial-Models/Tutorial-1/21-3-4.nec,ok,ok,0.0472132908180356,0.0340842604637146,,0
cebik-w4rnl/Basic-Intermediate-Tutorial-Models/Tutorial-1/21-4-1.nec,ok,ok,0.03247734997421503,0.025013691745698452,,0
cebik-w4rnl/Basic-Intermediate-Tutorial-Models/Tutorial-1/21-4-2.nec,ok,ok,0.033216919749975204,0.025868259370326996,,0
cebik-w4rnl/Basic-Intermediate-Tutorial-Models/Tutorial-1/21-4-3.nec,ok,ok,0.03306799102574587,0.025440148077905178,,0
cebik-w4rnl/Basic-Intermediate-Tutorial-Models/Tutorial-1/21-4-4.nec,ok,ok,0.15858341753482819,0.11514177359640598,1.3773,1
cebik-w4rnl/Basic-Intermediate-Tutorial-Models/Tutorial-1/21-4-5.nec,ok,ok,0.033068847842514515,0.026445246301591396,,0
cebik-w4rnl/Basic-Intermediate-Tutorial-Models/Tutorial-1/21-4.nec,ok,ok,0.03265064116567373,0.025501983240246773,,0
cebik-w4rnl/Basic-Intermediate-Tutorial-Models/Tutorial-1/21-5-1.nec,ok,ok,0.006488434970378876,0.005679642781615257,,0
cebik-w4rnl/Basic-Intermediate-Tutorial-Models/Tutorial-1/21-5-2.nec,ok,ok,0.12193299364298582,0.06957987882196903,1.7524,1
cebik-w4rnl/Basic-Intermediate-Tutorial-Models/Tutorial-1/21-5-3.nec,ok,ok,0.11722151655703783,0.06892681401222944,1.7007,1
cebik-w4rnl/Basic-Intermediate-Tutorial-Models/Tutorial-1/21-5.nec,ok,ok,0.006249001249670982,0.005677458830177784,,0
cebik-w4rnl/Basic-Intermediate-Tutorial-Models/Tutorial-1/3-1.nec,ok,ok,0.005896379239857197,0.0054025184363126755,,0
cebik-w4rnl/Basic-Intermediate-Tutorial-Models/Tutorial-1/3-2.nec,ok,ok,0.054543742910027504,0.05422536842525005,1.0059,1
cebik-w4rnl/Basic-Intermediate-Tutorial-Models/Tutorial-1/3-3.nec,ok,ok,0.05529975704848766,0.055337258614599705,0.9993,1
cebik-w4rnl/Basic-Intermediate-Tutorial-Models/Tutorial-1/3-4.nec,ok,ok,0.06122918892651796,0.053300097584724426,1.1488,1
cebik-w4rnl/Basic-Intermediate-Tutorial-Models/Tutorial-1/3-5.nec,ok,ok,0.061274356208741665,0.053289162926375866,1.1498,1
cebik-w4rnl/Basic-Intermediate-Tutorial-Models/Tutorial-1/4-1.nec,ok,ok,0.1719054700806737,0.17020803783088923,1.0100,1
cebik-w4rnl/Basic-Intermediate-Tutorial-Models/Tutorial-1/4-10.nec,ok,ok,0.02314151730388403,0.014329415746033192,,0
cebik-w4rnl/Basic-Intermediate-Tutorial-Models/Tutorial-1/4-2.nec,ok,ok,0.01893761195242405,0.014193852432072163,,0
cebik-w4rnl/Basic-Intermediate-Tutorial-Models/Tutorial-1/4-3.nec,ok,ok,0.010162826627492905,0.00845298171043396,,0
cebik-w4rnl/Basic-Intermediate-Tutorial-Models/Tutorial-1/4-4.nec,ok,ok,0.028259809128940105,0.018212277442216873,,0
cebik-w4rnl/Basic-Intermediate-Tutorial-Models/Tutorial-1/4-5.nec,ok,ok,0.19819339271634817,0.19345621950924397,1.0245,1
cebik-w4rnl/Basic-Intermediate-Tutorial-Models/Tutorial-1/4-6.nec,ok,ok,0.20894958171993494,0.1961581502109766,1.0652,1
cebik-w4rnl/Basic-Intermediate-Tutorial-Models/Tutorial-1/4-7.nec,ok,ok,0.20782253704965115,0.1847204277291894,1.1251,1
cebik-w4rnl/Basic-Intermediate-Tutorial-Models/Tutorial-1/4-8.nec,ok,ok,0.18505101557821035,0.18211583234369755,1.0161,1
cebik-w4rnl/Basic-Intermediate-Tutorial-Models/Tutorial-1/4-9.nec,ok,ok,0.01421828381717205,0.012739981524646282,,0
cebik-w4rnl/Basic-Intermediate-Tutorial-Models/Tutorial-1/5-1-1.nec,ok,ok,0.1912770252674818,0.1891534049063921,1.0112,1
cebik-w4rnl/Basic-Intermediate-Tutorial-Models/Tutorial-1/5-1-2.nec,ok,ok,0.021903060376644135,0.014456690289080143,,0
cebik-w4rnl/Basic-Intermediate-Tutorial-Models/Tutorial-1/5-2-1.nec,ok,ok,0.006285388953983784,0.005643918178975582,,0
cebik-w4rnl/Basic-Intermediate-Tutorial-Models/Tutorial-1/5-2-2.nec,ok,ok,0.04718537535518408,0.03371272422373295,,0
cebik-w4rnl/Basic-Intermediate-Tutorial-Models/Tutorial-1/5-3-1.nec,ok,ok,0.006588558666408062,0.005934417247772217,,0
cebik-w4rnl/Basic-Intermediate-Tutorial-Models/Tutorial-1/5-3-2.nec,ok,ok,0.009514243341982365,0.008620759472250938,,0
cebik-w4rnl/Basic-Intermediate-Tutorial-Models/Tutorial-1/5-4-1.nec,ok,ok,0.01902558095753193,0.016270321793854237,,0
cebik-w4rnl/Basic-Intermediate-Tutorial-Models/Tutorial-1/5-4-2.nec,ok,ok,0.01877367589622736,0.016188866458833218,,0
cebik-w4rnl/Basic-Intermediate-Tutorial-Models/Tutorial-1/5-5-1.nec,ok,ok,0.008143673650920391,0.006840366870164871,,0
cebik-w4rnl/Basic-Intermediate-Tutorial-Models/Tutorial-1/5-5-2.nec,ok,ok,0.00779788289219141,0.007244677282869816,,0
cebik-w4rnl/Basic-Intermediate-Tutorial-Models/Tutorial-1/6-1.nec,ok,ok,0.20071472506970167,0.19592712633311749,1.0244,1
cebik-w4rnl/Basic-Intermediate-Tutorial-Models/Tutorial-1/6-2.nec,ok,ok,0.08402161486446857,0.07374917156994343,1.1393,1
cebik-w4rnl/Basic-Intermediate-Tutorial-Models/Tutorial-1/6-3.nec,ok,ok,0.091347835958004,0.07561995275318623,1.2080,1
cebik-w4rnl/Basic-Intermediate-Tutorial-Models/Tutorial-1/6-4.nec,ok,ok,0.06350535340607166,0.061641622334718704,1.0302,1
cebik-w4rnl/Basic-Intermediate-Tutorial-Models/Tutorial-1/6-5.nec,ok,ok,0.01678458508104086,0.014866684563457966,,0
cebik-w4rnl/Basic-Intermediate-Tutorial-Models/Tutorial-1/6-6.nec,ok,ok,0.22789180278778076,0.15426461026072502,1.4773,1
cebik-w4rnl/Basic-Intermediate-Tutorial-Models/Tutorial-1/6-7.nec,ok,ok,0.26571441255509853,0.2360696094110608,1.1256,1
cebik-w4rnl/Basic-Intermediate-Tutorial-Models/Tutorial-1/7-1.nec,ok,ok,0.18578071426600218,0.18344061728566885,1.0128,1
cebik-w4rnl/Basic-Intermediate-Tutorial-Models/Tutorial-1/7-2.nec,ok,ok,0.01964734122157097,0.016368200071156025,,0
cebik-w4rnl/Basic-Intermediate-Tutorial-Models/Tutorial-1/7-3.nec,ok,ok,0.013116002082824707,0.011252549476921558,,0
cebik-w4rnl/Basic-Intermediate-Tutorial-Models/Tutorial-1/7-4.nec,ok,ok,0.006513082422316074,0.00575539655983448,,0
cebik-w4rnl/Basic-Intermediate-Tutorial-Models/Tutorial-1/7-5.nec,ok,ok,0.007383379153907299,0.006173452362418175,,0
cebik-w4rnl/Basic-Intermediate-Tutorial-Models/Tutorial-1/7-6.nec,ok,ok,0.013584945350885391,0.008117727935314178,,0
cebik-w4rnl/Basic-Intermediate-Tutorial-Models/Tutorial-1/7-7.nec,ok,ok,0.2868123361840844,0.165719386190176,1.7307,1
cebik-w4rnl/Basic-Intermediate-Tutorial-Models/Tutorial-1/7-8.nec,ok,ok,0.010330944322049618,0.009469806216657162,,0
cebik-w4rnl/Basic-Intermediate-Tutorial-Models/Tutorial-1/8-1-1.nec,ok,ok,0.006768438965082169,0.00611686147749424,,0
cebik-w4rnl/Basic-Intermediate-Tutorial-Models/Tutorial-1/8-1.nec,ok,ok,0.005585835315287113,0.00516135897487402,,0
cebik-w4rnl/Basic-Intermediate-Tutorial-Models/Tutorial-1/8-2.nec,ok,ok,0.00718942005187273,0.006050496362149715,,0
cebik-w4rnl/Basic-Intermediate-Tutorial-Models/Tutorial-1/8-3.nec,ok,ok,0.007328744977712631,0.006308810785412788,,0
cebik-w4rnl/Basic-Intermediate-Tutorial-Models/Tutorial-1/8-4.nec,ok,ok,0.00844109058380127,0.00804590992629528,,0
cebik-w4rnl/Basic-Intermediate-Tutorial-Models/Tutorial-1/8-5-1.nec,ok,ok,0.009951094165444374,0.00903980154544115,,0
cebik-w4rnl/Basic-Intermediate-Tutorial-Models/Tutorial-1/8-5.nec,ok,ok,0.012721117585897446,0.011748542077839375,,0
cebik-w4rnl/Basic-Intermediate-Tutorial-Models/Tutorial-1/8-6-1.nec,ok,ok,0.18270360957831144,0.17376354802399874,1.0514,1
cebik-w4rnl/Basic-Intermediate-Tutorial-Models/Tutorial-1/8-6.nec,ok,ok,0.21090081054717302,0.18741518538445234,1.1253,1
cebik-w4rnl/Basic-Intermediate-Tutorial-Models/Tutorial-1/8-7-1.nec,no-impedance,no-impedance,0.006720949895679951,0.005959523841738701,,0
cebik-w4rnl/Basic-Intermediate-Tutorial-Models/Tutorial-1/8-7-2.nec,no-impedance,no-impedance,0.006707422435283661,0.006214609369635582,,0
cebik-w4rnl/Basic-Intermediate-Tutorial-Models/Tutorial-1/8-7.nec,ok,ok,0.0062380339950323105,0.005626842379570007,,0
cebik-w4rnl/Basic-Intermediate-Tutorial-Models/Tutorial-1/9-1-1.nec,ok,ok,0.008882948197424412,0.008277934044599533,,0
cebik-w4rnl/Basic-Intermediate-Tutorial-Models/Tutorial-1/9-1-2.nec,ok,ok,0.009121952578425407,0.008427582681179047,,0
cebik-w4rnl/Basic-Intermediate-Tutorial-Models/Tutorial-1/9-1-3.nec,ok,ok,0.008865470066666603,0.013243044726550579,,0
cebik-w4rnl/Basic-Intermediate-Tutorial-Models/Tutorial-1/9-2-1.nec,ok,ok,0.008847841992974281,0.008324318565428257,,0
cebik-w4rnl/Basic-Intermediate-Tutorial-Models/Tutorial-1/9-2-2.nec,ok,ok,0.009017166681587696,0.008461417630314827,,0
cebik-w4rnl/Basic-Intermediate-Tutorial-Models/Tutorial-1/9-2-3.nec,ok,ok,0.009138132445514202,0.008504819124937057,,0
cebik-w4rnl/Basic-Intermediate-Tutorial-Models/Tutorial-1/9-3-1.nec,ok,ok,0.00885981135070324,0.008741999976336956,,0
cebik-w4rnl/Basic-Intermediate-Tutorial-Models/Tutorial-1/9-3-2.nec,ok,ok,0.008889785036444664,0.008495989255607128,,0
cebik-w4rnl/Basic-Intermediate-Tutorial-Models/Tutorial-1/9-3-3.nec,ok,ok,0.008880655281245708,0.00837391521781683,,0
cebik-w4rnl/Basic-Intermediate-Tutorial-Models/Tutorial-1/9-4-1.nec,ok,ok,0.012885184958577156,0.011509539559483528,,0
cebik-w4rnl/Basic-Intermediate-Tutorial-Models/Tutorial-1/9-4.nec,ok,ok,0.006704995408654213,0.006290039978921413,,0
cebik-w4rnl/Basic-Intermediate-Tutorial-Models/Tutorial-1/9-5-1.nec,ok,ok,0.01510890107601881,0.01311973761767149,,0
cebik-w4rnl/Basic-Intermediate-Tutorial-Models/Tutorial-1/9-5-2.nec,ok,ok,0.01478541735559702,0.013213388621807098,,0
cebik-w4rnl/Basic-Intermediate-Tutorial-Models/Tutorial-1/9-5-3.nec,ok,ok,0.01542656123638153,0.013592039234936237,,0
cebik-w4rnl/Basic-Intermediate-Tutorial-Models/Tutorial-1/9-5.nec,ok,ok,0.01517394557595253,0.01352238841354847,,0
cebik-w4rnl/Basic-Intermediate-Tutorial-Models/Tutorial-1/9-6-1.nec,ok,ok,0.006365107372403145,0.005872536450624466,,0
cebik-w4rnl/Basic-Intermediate-Tutorial-Models/Tutorial-1/9-6-2.nec,ok,ok,0.005885538645088673,0.005357283167541027,,0
cebik-w4rnl/Basic-Intermediate-Tutorial-Models/Tutorial-1/9-6-3.nec,ok,ok,0.005459519103169441,0.004999162629246712,,0
cebik-w4rnl/Basic-Intermediate-Tutorial-Models/Tutorial-1/9-6-4.nec,ok,ok,0.005447946488857269,0.005002113059163094,,0
cebik-w4rnl/Basic-Intermediate-Tutorial-Models/Tutorial-1/9-6-5.nec,ok,ok,0.00622494425624609,0.005490426905453205,,0
cebik-w4rnl/Basic-Intermediate-Tutorial-Models/Tutorial-1/9-6.nec,ok,ok,0.006376791745424271,0.00564567930996418,,0
cebik-w4rnl/Basic-Intermediate-Tutorial-Models/Tutorial-2/ch-0/0-1.nec,ok,ok,0.2838321924209595,0.16318262461572886,1.7394,1
cebik-w4rnl/Basic-Intermediate-Tutorial-Models/Tutorial-2/ch-1/1-1.nec,ok,ok,0.029666157439351082,0.02083406876772642,,0
cebik-w4rnl/Basic-Intermediate-Tutorial-Models/Tutorial-2/ch-1/1-1a.nec,ok,ok,0.029386972077190876,0.02134500816464424,,0
cebik-w4rnl/Basic-Intermediate-Tutorial-Models/Tutorial-2/ch-1/1-1b.nec,ok,ok,0.02916436642408371,0.021051110699772835,,0
cebik-w4rnl/Basic-Intermediate-Tutorial-Models/Tutorial-2/ch-1/1-1c.nec,ok,ok,0.030215905979275703,0.02214458119124174,,0
cebik-w4rnl/Basic-Intermediate-Tutorial-Models/Tutorial-2/ch-1/1-2.nec,ok,ok,0.005606196820735931,0.00527550745755434,,0
cebik-w4rnl/Basic-Intermediate-Tutorial-Models/Tutorial-2/ch-1/1-2a.nec,ok,ok,0.005237960256636143,0.004899163730442524,,0
cebik-w4rnl/Basic-Intermediate-Tutorial-Models/Tutorial-2/ch-1/1-3.nec,ok,ok,0.2506563914939761,0.2509173462167382,0.9990,1
cebik-w4rnl/Basic-Intermediate-Tutorial-Models/Tutorial-2/ch-1/1-4.nec,ok,ok,0.0061678653582930565,0.00572869461029768,,0
cebik-w4rnl/Basic-Intermediate-Tutorial-Models/Tutorial-2/ch-1/1-4a.nec,ok,ok,0.0061128223314881325,0.00552756991237402,,0
cebik-w4rnl/Basic-Intermediate-Tutorial-Models/Tutorial-2/ch-1/1-4b.nec,ok,ok,0.25025121588259935,0.15429619885981083,1.6219,1
cebik-w4rnl/Basic-Intermediate-Tutorial-Models/Tutorial-2/ch-1/1-5.nec,ok,ok,0.008121208287775517,0.007147717289626598,,0
cebik-w4rnl/Basic-Intermediate-Tutorial-Models/Tutorial-2/ch-1/1-6.nec,ok,ok,0.010028489865362644,0.009310290217399597,,0
cebik-w4rnl/Basic-Intermediate-Tutorial-Models/Tutorial-2/ch-1/1-6a.nec,ok,ok,0.008934535086154938,0.00823332741856575,,0
cebik-w4rnl/Basic-Intermediate-Tutorial-Models/Tutorial-2/ch-10/10-1.nec,ok,ok,0.0042784567922353745,0.004098488949239254,,0
cebik-w4rnl/Basic-Intermediate-Tutorial-Models/Tutorial-2/ch-10/10-10.nec,ok,ok,0.003366283141076565,0.003459213301539421,,0
cebik-w4rnl/Basic-Intermediate-Tutorial-Models/Tutorial-2/ch-10/10-10a.nec,ok,ok,0.003461449407041073,0.0033714883029460907,,0
cebik-w4rnl/Basic-Intermediate-Tutorial-Models/Tutorial-2/ch-10/10-10b.nec,ok,ok,0.003553321585059166,0.0033432254567742348,,0
cebik-w4rnl/Basic-Intermediate-Tutorial-Models/Tutorial-2/ch-10/10-10c.nec,ok,ok,0.0035190200433135033,0.0035104239359498024,,0
cebik-w4rnl/Basic-Intermediate-Tutorial-Models/Tutorial-2/ch-10/10-11.nec,ok,ok,0.0033869734033942223,0.003422939218580723,,0
cebik-w4rnl/Basic-Intermediate-Tutorial-Models/Tutorial-2/ch-10/10-11a.nec,ok,ok,0.004878781735897064,0.004409801214933395,,0
cebik-w4rnl/Basic-Intermediate-Tutorial-Models/Tutorial-2/ch-10/10-11b.nec,ok,ok,0.005283437669277191,0.004564658738672733,,0
cebik-w4rnl/Basic-Intermediate-Tutorial-Models/Tutorial-2/ch-10/10-1a.nec,ok,ok,0.005924004130065441,0.005067337304353714,,0
cebik-w4rnl/Basic-Intermediate-Tutorial-Models/Tutorial-2/ch-10/10-2.nec,ok,ok,0.006895692087709904,0.004645737819373608,,0
cebik-w4rnl/Basic-Intermediate-Tutorial-Models/Tutorial-2/ch-10/10-2a.nec,ok,ok,0.008557613007724285,0.005293418653309345,,0
cebik-w4rnl/Basic-Intermediate-Tutorial-Models/Tutorial-2/ch-10/10-2b.nec,ok,ok,0.004360738210380077,0.004186518490314484,,0
cebik-w4rnl/Basic-Intermediate-Tutorial-Models/Tutorial-2/ch-10/10-3.nec,ok,ok,0.010279311798512936,0.009628336876630783,,0
cebik-w4rnl/Basic-Intermediate-Tutorial-Models/Tutorial-2/ch-10/10-3a.nec,ok,ok,0.009102975949645042,0.00835265964269638,,0
cebik-w4rnl/Basic-Intermediate-Tutorial-Models/Tutorial-2/ch-10/10-3b.nec,ok,ok,0.016558131203055382,0.01432275865226984,,0
cebik-w4rnl/Basic-Intermediate-Tutorial-Models/Tutorial-2/ch-10/10-4.nec,ok,ok,0.013057541102170944,0.010384496301412582,,0
cebik-w4rnl/Basic-Intermediate-Tutorial-Models/Tutorial-2/ch-10/10-4a.nec,ok,ok,0.02148453611880541,0.015559393912553787,,0
cebik-w4rnl/Basic-Intermediate-Tutorial-Models/Tutorial-2/ch-10/10-4b.nec,ok,ok,0.01504165306687355,0.009248020127415657,,0
cebik-w4rnl/Basic-Intermediate-Tutorial-Models/Tutorial-2/ch-10/10-5.nec,ok,ok,0.21859162487089634,0.1407759441062808,1.5528,1
cebik-w4rnl/Basic-Intermediate-Tutorial-Models/Tutorial-2/ch-10/10-5a.nec,ok,ok,0.22516252286732197,0.16498569212853909,1.3647,1
cebik-w4rnl/Basic-Intermediate-Tutorial-Models/Tutorial-2/ch-10/10-6.nec,ok,ok,0.09699578955769539,0.06552085559815168,1.4804,1
cebik-w4rnl/Basic-Intermediate-Tutorial-Models/Tutorial-2/ch-10/10-6a.nec,ok,ok,0.04778250679373741,0.03535466734319925,,0
cebik-w4rnl/Basic-Intermediate-Tutorial-Models/Tutorial-2/ch-10/10-6b.nec,ok,ok,0.04788030497729778,0.03416674770414829,,0
cebik-w4rnl/Basic-Intermediate-Tutorial-Models/Tutorial-2/ch-10/10-7.nec,ok,ok,0.004537079483270645,0.00430108979344368,,0
cebik-w4rnl/Basic-Intermediate-Tutorial-Models/Tutorial-2/ch-10/10-8.nec,ok,ok,0.003372643142938614,0.003384048119187355,,0
cebik-w4rnl/Basic-Intermediate-Tutorial-Models/Tutorial-2/ch-10/10-8a.nec,ok,ok,0.003346920944750309,0.0033570416271686554,,0
cebik-w4rnl/Basic-Intermediate-Tutorial-Models/Tutorial-2/ch-10/10-8b.nec,ok,ok,0.0033245310187339783,0.0034011490643024445,,0
cebik-w4rnl/Basic-Intermediate-Tutorial-Models/Tutorial-2/ch-10/10-8c.nec,ok,ok,0.0033328747376799583,0.003312290646135807,,0
cebik-w4rnl/Basic-Intermediate-Tutorial-Models/Tutorial-2/ch-10/10-8d.nec,ok,ok,0.005675625056028366,0.004916456528007984,,0
cebik-w4rnl/Basic-Intermediate-Tutorial-Models/Tutorial-2/ch-10/10-9.nec,no-impedance,no-impedance,0.020079282112419605,0.018416235223412514,,0
cebik-w4rnl/Basic-Intermediate-Tutorial-Models/Tutorial-2/ch-10/10-9a.nec,ok,ok,0.019522052258253098,0.018055610358715057,,0
cebik-w4rnl/Basic-Intermediate-Tutorial-Models/Tutorial-2/ch-11/11-10-nec4.nec,ok,ok,0.06825779285281897,0.06707625649869442,1.0176,1
cebik-w4rnl/Basic-Intermediate-Tutorial-Models/Tutorial-2/ch-11/11-10a-nec4.nec,ok,ok,0.06754297204315662,0.06677398458123207,1.0115,1
cebik-w4rnl/Basic-Intermediate-Tutorial-Models/Tutorial-2/ch-11/11-10b-nec4.nec,ok,ok,0.06677591614425182,0.06671994086354971,1.0008,1
cebik-w4rnl/Basic-Intermediate-Tutorial-Models/Tutorial-2/ch-11/11-11.nec,ok,ok,0.20161124132573605,0.18601568415760994,1.0838,1
cebik-w4rnl/Basic-Intermediate-Tutorial-Models/Tutorial-2/ch-11/11-11a.nec,ok,ok,2.0171611476689577,0.7313665673136711,2.7581,1
cebik-w4rnl/Basic-Intermediate-Tutorial-Models/Tutorial-2/ch-11/11-1_1.nec,ok,ok,0.008506391197443008,0.008107950910925865,,0
cebik-w4rnl/Basic-Intermediate-Tutorial-Models/Tutorial-2/ch-11/11-1_2.nec,ok,ok,0.008128851652145386,0.007927845232188702,,0
cebik-w4rnl/Basic-Intermediate-Tutorial-Models/Tutorial-2/ch-11/11-1a_1.nec,ok,ok,0.04723014310002327,0.041919244453310966,,0
cebik-w4rnl/Basic-Intermediate-Tutorial-Models/Tutorial-2/ch-11/11-1a_2.nec,ok,ok,0.04684616345912218,0.04171422775834799,,0
cebik-w4rnl/Basic-Intermediate-Tutorial-Models/Tutorial-2/ch-11/11-1b.nec,ok,ok,0.04664607159793377,0.041657574474811554,,0
cebik-w4rnl/Basic-Intermediate-Tutorial-Models/Tutorial-2/ch-11/11-2.nec,ok,ok,0.0056310975924134254,0.005022802390158176,,0
cebik-w4rnl/Basic-Intermediate-Tutorial-Models/Tutorial-2/ch-11/11-2a.nec,ok,ok,0.06747155636548996,0.06643327232450247,1.0156,1
cebik-w4rnl/Basic-Intermediate-Tutorial-Models/Tutorial-2/ch-11/11-2b.nec,ok,ok,0.06689011212438345,0.0667300634086132,1.0024,1
cebik-w4rnl/Basic-Intermediate-Tutorial-Models/Tutorial-2/ch-11/11-3.nec,ok,ok,0.18733154982328415,0.18229209072887897,1.0276,1
cebik-w4rnl/Basic-Intermediate-Tutorial-Models/Tutorial-2/ch-11/11-3a.nec,ok,ok,0.18475174810737371,0.18425464630126953,1.0027,1
cebik-w4rnl/Basic-Intermediate-Tutorial-Models/Tutorial-2/ch-11/11-4.nec,ok,ok,0.20992192067205906,0.20313207060098648,1.0334,1
cebik-w4rnl/Basic-Intermediate-Tutorial-Models/Tutorial-2/ch-11/11-4a-nec4.nec,ok,ok,0.6347226919606328,0.3171126442030072,2.0016,1
cebik-w4rnl/Basic-Intermediate-Tutorial-Models/Tutorial-2/ch-11/11-5.nec,ok,ok,0.17116749100387096,0.15551499370485544,1.1006,1
cebik-w4rnl/Basic-Intermediate-Tutorial-Models/Tutorial-2/ch-11/11-6.nec,ok,ok,0.05882898438721895,0.060173182748258114,0.9777,1
cebik-w4rnl/Basic-Intermediate-Tutorial-Models/Tutorial-2/ch-11/11-7.nec,ok,ok,0.06537153199315071,0.06535225547850132,1.0003,1
cebik-w4rnl/Basic-Intermediate-Tutorial-Models/Tutorial-2/ch-11/11-7a.nec,ok,ok,0.057560186833143234,0.05906784441322088,0.9745,1
cebik-w4rnl/Basic-Intermediate-Tutorial-Models/Tutorial-2/ch-11/11-7b-nec2.nec,ok,ok,0.06516254041343927,0.0653538927435875,0.9971,1
cebik-w4rnl/Basic-Intermediate-Tutorial-Models/Tutorial-2/ch-11/11-7c-nec2.nec,ok,ok,0.06501034274697304,0.06504510529339314,0.9995,1
cebik-w4rnl/Basic-Intermediate-Tutorial-Models/Tutorial-2/ch-11/11-7d-nec2.nec,ok,ok,0.06501440331339836,0.06547388713806868,0.9930,1
cebik-w4rnl/Basic-Intermediate-Tutorial-Models/Tutorial-2/ch-11/11-7e-nec2.nec,ok,ok,0.0684025539085269,0.0670743603259325,1.0198,1
cebik-w4rnl/Basic-Intermediate-Tutorial-Models/Tutorial-2/ch-11/11-7f-nec2.nec,ok,ok,0.06753796618431807,0.0671119038015604,1.0063,1
cebik-w4rnl/Basic-Intermediate-Tutorial-Models/Tutorial-2/ch-11/11-7g-nec2.nec,ok,ok,0.06751261092722416,0.06709107384085655,1.0063,1
cebik-w4rnl/Basic-Intermediate-Tutorial-Models/Tutorial-2/ch-11/11-8b-nec2.nec,ok,ok,0.06547786667943001,0.06538130715489388,1.0015,1
cebik-w4rnl/Basic-Intermediate-Tutorial-Models/Tutorial-2/ch-11/11-8c-nec2.nec,ok,ok,0.06507816445082426,0.06550601590424776,0.9935,1
cebik-w4rnl/Basic-Intermediate-Tutorial-Models/Tutorial-2/ch-11/11-8d-nec2.nec,ok,ok,0.06531054247170687,0.06529412046074867,1.0003,1
cebik-w4rnl/Basic-Intermediate-Tutorial-Models/Tutorial-2/ch-11/11-8e-nec2.nec,ok,ok,0.06735737714916468,0.0675767408683896,0.9968,1
cebik-w4rnl/Basic-Intermediate-Tutorial-Models/Tutorial-2/ch-11/11-8e-nec4.nec,ok,ok,0.06739827431738377,0.06732880510389805,1.0010,1
cebik-w4rnl/Basic-Intermediate-Tutorial-Models/Tutorial-2/ch-11/11-8f-nec2.nec,ok,ok,0.06689306255429983,0.0670161684975028,0.9982,1
cebik-w4rnl/Basic-Intermediate-Tutorial-Models/Tutorial-2/ch-11/11-8f-nec4.nec,ok,ok,0.06713708490133286,0.06717606913298368,0.9994,1
cebik-w4rnl/Basic-Intermediate-Tutorial-Models/Tutorial-2/ch-11/11-8g-nec2.nec,ok,ok,0.06720996741205454,0.06761178094893694,0.9941,1
cebik-w4rnl/Basic-Intermediate-Tutorial-Models/Tutorial-2/ch-11/11-8g-nec4.nec,ok,ok,0.07705403212457895,0.07510967366397381,1.0259,1
cebik-w4rnl/Basic-Intermediate-Tutorial-Models/Tutorial-2/ch-11/11-9-nec2.nec,ok,ok,0.08881019335240126,0.06618188135325909,1.3419,1
cebik-w4rnl/Basic-Intermediate-Tutorial-Models/Tutorial-2/ch-11/11-9a-nec2.nec,ok,ok,0.06850710138678551,0.06604601535946131,1.0373,1
cebik-w4rnl/Basic-Intermediate-Tutorial-Models/Tutorial-2/ch-11/11-9b-nec2.nec,ok,ok,0.06689370330423117,0.06679635215550661,1.0015,1
cebik-w4rnl/Basic-Intermediate-Tutorial-Models/Tutorial-2/ch-12/12-1.nec,ok,ok,0.005745342001318932,0.005137870088219643,,0
cebik-w4rnl/Basic-Intermediate-Tutorial-Models/Tutorial-2/ch-12/12-10-nec4.nec,ok,ok,0.5710245566442609,0.29819460678845644,1.9149,1
cebik-w4rnl/Basic-Intermediate-Tutorial-Models/Tutorial-2/ch-12/12-10a-nec4.nec,ok,ok,0.4412642950192094,0.25479364581406116,1.7318,1
cebik-w4rnl/Basic-Intermediate-Tutorial-Models/Tutorial-2/ch-12/12-11-nec4.nec,ok,ok,1.6576477074995637,0.5930924387648702,2.7949,1
cebik-w4rnl/Basic-Intermediate-Tutorial-Models/Tutorial-2/ch-12/12-11a-nec4.nec,ok,ok,1.6708332980051637,0.5930754402652383,2.8172,1
cebik-w4rnl/Basic-Intermediate-Tutorial-Models/Tutorial-2/ch-12/12-1a.nec,ok,ok,0.005983704701066017,0.0055939555168151855,,0
cebik-w4rnl/Basic-Intermediate-Tutorial-Models/Tutorial-2/ch-12/12-1b.nec,no-impedance,no-impedance,0.005750861018896103,0.005320750176906586,,0
cebik-w4rnl/Basic-Intermediate-Tutorial-Models/Tutorial-2/ch-12/12-2.nec,ok,ok,0.008388928137719631,0.007985568605363369,,0
cebik-w4rnl/Basic-Intermediate-Tutorial-Models/Tutorial-2/ch-12/12-2a.nec,ok,ok,0.008302717469632626,0.008046773262321949,,0
cebik-w4rnl/Basic-Intermediate-Tutorial-Models/Tutorial-2/ch-12/12-3.nec,ok,ok,0.008256155997514725,0.00794585607945919,,0
cebik-w4rnl/Basic-Intermediate-Tutorial-Models/Tutorial-2/ch-12/12-3a.nec,ok,ok,0.008651294745504856,0.008069888688623905,,0
cebik-w4rnl/Basic-Intermediate-Tutorial-Models/Tutorial-2/ch-12/12-4.nec,ok,ok,0.010282076895236969,0.00582629069685936,,0
cebik-w4rnl/Basic-Intermediate-Tutorial-Models/Tutorial-2/ch-12/12-4a.nec,ok,ok,0.006689821369946003,0.006005341187119484,,0
cebik-w4rnl/Basic-Intermediate-Tutorial-Models/Tutorial-2/ch-12/12-4b.nec,ok,ok,0.03979500103741884,0.03128623403608799,,0
cebik-w4rnl/Basic-Intermediate-Tutorial-Models/Tutorial-2/ch-12/12-5.nec,ok,ok,0.00702333077788353,0.006303397938609123,,0
cebik-w4rnl/Basic-Intermediate-Tutorial-Models/Tutorial-2/ch-12/12-5a.nec,ok,ok,0.006795663386583328,0.006055447272956371,,0
cebik-w4rnl/Basic-Intermediate-Tutorial-Models/Tutorial-2/ch-12/12-5b.nec,ok,ok,0.04143883008509874,0.032072185538709164,,0
cebik-w4rnl/Basic-Intermediate-Tutorial-Models/Tutorial-2/ch-12/12-6.nec,ok,ok,1.1842404007911682,0.7743657035753131,1.5293,1
cebik-w4rnl/Basic-Intermediate-Tutorial-Models/Tutorial-2/ch-12/12-7.nec,ok,ok,0.027724362909793854,0.019405259750783443,,0
cebik-w4rnl/Basic-Intermediate-Tutorial-Models/Tutorial-2/ch-12/12-7a.nec,ok,ok,0.01306663453578949,0.010310480371117592,,0
cebik-w4rnl/Basic-Intermediate-Tutorial-Models/Tutorial-2/ch-12/12-8.nec,ok,ok,0.02253471314907074,0.011620543897151947,,0
cebik-w4rnl/Basic-Intermediate-Tutorial-Models/Tutorial-2/ch-12/12-8a.nec,ok,ok,0.015371582470834255,0.012060516513884068,,0
cebik-w4rnl/Basic-Intermediate-Tutorial-Models/Tutorial-2/ch-12/12-8b.nec,ok,ok,0.061981371603906155,0.03994262218475342,,0
cebik-w4rnl/Basic-Intermediate-Tutorial-Models/Tutorial-2/ch-12/12-9.nec,ok,ok,0.02037428505718708,0.014469633810222149,,0
cebik-w4rnl/Basic-Intermediate-Tutorial-Models/Tutorial-2/ch-12/12-9a.nec,ok,ok,0.0048701027408242226,0.004244780167937279,,0
cebik-w4rnl/Basic-Intermediate-Tutorial-Models/Tutorial-2/ch-12/12-9b.nec,ok,ok,0.03290601447224617,0.0247751297429204,,0
cebik-w4rnl/Basic-Intermediate-Tutorial-Models/Tutorial-2/ch-12/12-9c.nec,ok,ok,0.03291237913072109,0.024510955438017845,,0
cebik-w4rnl/Basic-Intermediate-Tutorial-Models/Tutorial-2/ch-13/13-1.nec,ok,ok,0.0057406071573495865,0.005542341619729996,,0
cebik-w4rnl/Basic-Intermediate-Tutorial-Models/Tutorial-2/ch-13/13-1a.nec,ok,ok,0.005538898520171642,0.005108581855893135,,0
cebik-w4rnl/Basic-Intermediate-Tutorial-Models/Tutorial-2/ch-13/13-1b.nec,ok,ok,0.005895061418414116,0.005163948051631451,,0
cebik-w4rnl/Basic-Intermediate-Tutorial-Models/Tutorial-2/ch-13/13-1c-nec4.nec,ok,ok,0.005553171969950199,0.00515068881213665,,0
cebik-w4rnl/Basic-Intermediate-Tutorial-Models/Tutorial-2/ch-13/13-1d.nec,ok,ok,0.005547613836824894,0.005215752869844437,,0
cebik-w4rnl/Basic-Intermediate-Tutorial-Models/Tutorial-2/ch-13/13-2.nec,ok,ok,0.00561723206192255,0.005123921670019627,,0
cebik-w4rnl/Basic-Intermediate-Tutorial-Models/Tutorial-2/ch-13/13-2a.nec,ok,ok,0.00586647167801857,0.0051732854917645454,,0
cebik-w4rnl/Basic-Intermediate-Tutorial-Models/Tutorial-2/ch-13/13-2b.nec,ok,ok,0.005582578480243683,0.0051277149468660355,,0
cebik-w4rnl/Basic-Intermediate-Tutorial-Models/Tutorial-2/ch-13/13-2c.nec,ok,ok,0.005572459660470486,0.005162954330444336,,0
cebik-w4rnl/Basic-Intermediate-Tutorial-Models/Tutorial-2/ch-13/13-2d.nec,ok,ok,0.005619913339614868,0.005224414169788361,,0
cebik-w4rnl/Basic-Intermediate-Tutorial-Models/Tutorial-2/ch-13/13-2e.nec,ok,ok,0.0057787224650382996,0.00519047025591135,,0
cebik-w4rnl/Basic-Intermediate-Tutorial-Models/Tutorial-2/ch-13/13-3.nec,ok,ok,0.016423074528574944,0.013362297788262367,,0
cebik-w4rnl/Basic-Intermediate-Tutorial-Models/Tutorial-2/ch-13/13-3a.nec,ok,ok,0.016936300322413445,0.013972162269055843,,0
cebik-w4rnl/Basic-Intermediate-Tutorial-Models/Tutorial-2/ch-13/13-4.nec,ok,ok,0.005934601649641991,0.005270513705909252,,0
cebik-w4rnl/Basic-Intermediate-Tutorial-Models/Tutorial-2/ch-13/13-4a.nec,ok,ok,0.005718035623431206,0.005214790813624859,,0
cebik-w4rnl/Basic-Intermediate-Tutorial-Models/Tutorial-2/ch-13/13-4b.nec,ok,ok,0.005729185417294502,0.0056628575548529625,,0
cebik-w4rnl/Basic-Intermediate-Tutorial-Models/Tutorial-2/ch-13/13-4c.nec,ok,ok,0.005747099407017231,0.005309813655912876,,0
cebik-w4rnl/Basic-Intermediate-Tutorial-Models/Tutorial-2/ch-13/13-4d.nec,ok,ok,0.008682995103299618,0.005270247347652912,,0
cebik-w4rnl/Basic-Intermediate-Tutorial-Models/Tutorial-2/ch-13/13-5.nec,ok,ok,0.005816982127726078,0.005264954641461372,,0
cebik-w4rnl/Basic-Intermediate-Tutorial-Models/Tutorial-2/ch-13/13-5a.nec,ok,ok,0.005780183710157871,0.00531673151999712,,0
cebik-w4rnl/Basic-Intermediate-Tutorial-Models/Tutorial-2/ch-13/13-6.nec,ok,ok,0.0076071759685873985,0.012382462620735168,,0
cebik-w4rnl/Basic-Intermediate-Tutorial-Models/Tutorial-2/ch-13/13-6a.nec,ok,ok,0.0080402921885252,0.006753060035407543,,0
cebik-w4rnl/Basic-Intermediate-Tutorial-Models/Tutorial-2/ch-13/13-6b.nec,ok,ok,0.007602710276842117,0.006631793454289436,,0
cebik-w4rnl/Basic-Intermediate-Tutorial-Models/Tutorial-2/ch-13/13-7.nec,ok,ok,0.008737361058592796,0.008267275989055634,,0
cebik-w4rnl/Basic-Intermediate-Tutorial-Models/Tutorial-2/ch-13/13-7a.nec,ok,ok,0.008809823542833328,0.008263575844466686,,0
cebik-w4rnl/Basic-Intermediate-Tutorial-Models/Tutorial-2/ch-13/13-7b.nec,ok,ok,0.020076020620763302,0.016374330036342144,,0
cebik-w4rnl/Basic-Intermediate-Tutorial-Models/Tutorial-2/ch-13/13-7c.nec,ok,ok,0.02037116140127182,0.017191574908792973,,0
cebik-w4rnl/Basic-Intermediate-Tutorial-Models/Tutorial-2/ch-13/13-8.nec,ok,ok,0.009286320768296719,0.009090478532016277,,0
cebik-w4rnl/Basic-Intermediate-Tutorial-Models/Tutorial-2/ch-13/13-8a.nec,ok,ok,0.008918878622353077,0.00829265732318163,,0
cebik-w4rnl/Basic-Intermediate-Tutorial-Models/Tutorial-2/ch-13/13-8b.nec,ok,ok,0.031187307089567184,0.023015757091343403,,0
cebik-w4rnl/Basic-Intermediate-Tutorial-Models/Tutorial-2/ch-13/13-8c.nec,ok,ok,0.031200283206999302,0.023437376134097576,,0
cebik-w4rnl/Basic-Intermediate-Tutorial-Models/Tutorial-2/ch-13/13-9.nec,ok,ok,0.02429801970720291,0.015375349670648575,,0
cebik-w4rnl/Basic-Intermediate-Tutorial-Models/Tutorial-2/ch-13/13-9a.nec,ok,ok,0.07122074253857136,0.054649464786052704,1.3032,1
cebik-w4rnl/Basic-Intermediate-Tutorial-Models/Tutorial-2/ch-14/14-1.nec,ok,ok,0.017875771038234234,0.015047666616737843,,0
cebik-w4rnl/Basic-Intermediate-Tutorial-Models/Tutorial-2/ch-14/14-1a.nec,ok,ok,0.018033976666629314,0.015622010454535484,,0
cebik-w4rnl/Basic-Intermediate-Tutorial-Models/Tutorial-2/ch-14/14-3.nec,ok,ok,0.031923651695251465,0.024889279156923294,,0
cebik-w4rnl/Basic-Intermediate-Tutorial-Models/Tutorial-2/ch-14/14-3a.nec,ok,ok,0.03301039058715105,0.02599537279456854,,0
cebik-w4rnl/Basic-Intermediate-Tutorial-Models/Tutorial-2/ch-14/14-3b.nec,ok,ok,0.03279765322804451,0.02530226856470108,,0
cebik-w4rnl/Basic-Intermediate-Tutorial-Models/Tutorial-2/ch-14/14-3c.nec,ok,ok,0.03277743235230446,0.02602106612175703,,0
cebik-w4rnl/Basic-Intermediate-Tutorial-Models/Tutorial-2/ch-14/14-3d.nec,ok,ok,0.032771555706858635,0.025263842195272446,,0
cebik-w4rnl/Basic-Intermediate-Tutorial-Models/Tutorial-2/ch-14/14-4.nec,ok,ok,0.0036278795450925827,0.003641190007328987,,0
cebik-w4rnl/Basic-Intermediate-Tutorial-Models/Tutorial-2/ch-14/14-4a.nec,ok,ok,0.0035110926255583763,0.0034994129091501236,,0
cebik-w4rnl/Basic-Intermediate-Tutorial-Models/Tutorial-2/ch-14/14-4b.nec,ok,ok,0.0035089636221528053,0.0034675216302275658,,0
cebik-w4rnl/Basic-Intermediate-Tutorial-Models/Tutorial-2/ch-14/14-4c.nec,ok,ok,0.0035194987431168556,0.0033849142491817474,,0
cebik-w4rnl/Basic-Intermediate-Tutorial-Models/Tutorial-2/ch-14/14-5.nec,ok,ok,0.020932001993060112,0.01728747319430113,,0
cebik-w4rnl/Basic-Intermediate-Tutorial-Models/Tutorial-2/ch-14/14-5a.nec,ok,ok,0.02282065711915493,0.01859858725219965,,0
cebik-w4rnl/Basic-Intermediate-Tutorial-Models/Tutorial-2/ch-14/14-6.nec,ok,ok,0.015297460369765759,0.01156649086624384,,0
cebik-w4rnl/Basic-Intermediate-Tutorial-Models/Tutorial-2/ch-14/14-6a.nec,ok,ok,0.01594380009919405,0.011737853288650513,,0
cebik-w4rnl/Basic-Intermediate-Tutorial-Models/Tutorial-2/ch-14/14-6b.nec,ok,ok,0.01547233760356903,0.011661755852401257,,0
cebik-w4rnl/Basic-Intermediate-Tutorial-Models/Tutorial-2/ch-14/14-6c.nec,ok,ok,0.016009544022381306,0.011604469269514084,,0
cebik-w4rnl/Basic-Intermediate-Tutorial-Models/Tutorial-2/ch-14/14-6d.nec,ok,ok,0.01636223029345274,0.011687162332236767,,0
cebik-w4rnl/Basic-Intermediate-Tutorial-Models/Tutorial-2/ch-15/15-1.nec,ok,ok,0.007532247342169285,0.005983717739582062,,0
cebik-w4rnl/Basic-Intermediate-Tutorial-Models/Tutorial-2/ch-15/15-1a.nec,ok,ok,0.006270222365856171,0.006267021410167217,,0
cebik-w4rnl/Basic-Intermediate-Tutorial-Models/Tutorial-2/ch-15/15-1b.nec,ok,ok,0.006154512986540794,0.005613967776298523,,0
cebik-w4rnl/Basic-Intermediate-Tutorial-Models/Tutorial-2/ch-15/15-1c.nec,ok,ok,0.006871785968542099,0.005583847872912884,,0
cebik-w4rnl/Basic-Intermediate-Tutorial-Models/Tutorial-2/ch-15/15-1c1.nec,ok,ok,0.0630708709359169,0.050524113699793816,1.2483,1
cebik-w4rnl/Basic-Intermediate-Tutorial-Models/Tutorial-2/ch-15/15-1d.nec,ok,ok,0.0064940256997942924,0.005905004218220711,,0
cebik-w4rnl/Basic-Intermediate-Tutorial-Models/Tutorial-2/ch-15/15-1d1.nec,ok,ok,0.06326447427272797,0.050108952447772026,1.2625,1
cebik-w4rnl/Basic-Intermediate-Tutorial-Models/Tutorial-2/ch-15/15-2.nec,ok,ok,0.006626654416322708,0.006136612966656685,,0
cebik-w4rnl/Basic-Intermediate-Tutorial-Models/Tutorial-2/ch-15/15-2a.nec,ok,ok,0.006484548561275005,0.005862588994204998,,0
cebik-w4rnl/Basic-Intermediate-Tutorial-Models/Tutorial-2/ch-15/15-2b.nec,ok,ok,0.006439413875341415,0.005850638262927532,,0
cebik-w4rnl/Basic-Intermediate-Tutorial-Models/Tutorial-2/ch-15/15-3.nec,ok,ok,0.05982048623263836,0.04218709282577038,,0
cebik-w4rnl/Basic-Intermediate-Tutorial-Models/Tutorial-2/ch-15/15-3a.nec,ok,ok,0.059139151126146317,0.04306711535900831,,0
cebik-w4rnl/Basic-Intermediate-Tutorial-Models/Tutorial-2/ch-15/15-4-1.nec,ok,ok,0.005779258906841278,0.00532876793295145,,0
cebik-w4rnl/Basic-Intermediate-Tutorial-Models/Tutorial-2/ch-15/15-4.nec,ok,ok,0.005589424632489681,0.005046460777521133,,0
cebik-w4rnl/Basic-Intermediate-Tutorial-Models/Tutorial-2/ch-15/15-4a.nec,ok,ok,0.005677022039890289,0.005005207844078541,,0
cebik-w4rnl/Basic-Intermediate-Tutorial-Models/Tutorial-2/ch-15/15-4a1.nec,ok,ok,0.005629263818264008,0.005180799402296543,,0
cebik-w4rnl/Basic-Intermediate-Tutorial-Models/Tutorial-2/ch-15/15-4b.nec,ok,ok,0.005905770696699619,0.005113197490572929,,0
cebik-w4rnl/Basic-Intermediate-Tutorial-Models/Tutorial-2/ch-15/15-4b1.nec,ok,ok,0.005570122040808201,0.005139799788594246,,0
cebik-w4rnl/Basic-Intermediate-Tutorial-Models/Tutorial-2/ch-15/15-4c.nec,ok,ok,0.00562246423214674,0.005145416595041752,,0
cebik-w4rnl/Basic-Intermediate-Tutorial-Models/Tutorial-2/ch-15/15-4c1.nec,ok,ok,0.005612107925117016,0.0051544103771448135,,0
cebik-w4rnl/Basic-Intermediate-Tutorial-Models/Tutorial-2/ch-15/15-5-1.nec,ok,ok,0.005708640441298485,0.005176830105483532,,0
cebik-w4rnl/Basic-Intermediate-Tutorial-Models/Tutorial-2/ch-15/15-5.nec,ok,ok,0.0054861633107066154,0.005164281465113163,,0
cebik-w4rnl/Basic-Intermediate-Tutorial-Models/Tutorial-2/ch-15/15-5a-1.nec,ok,ok,0.0055671632289886475,0.005165407434105873,,0
cebik-w4rnl/Basic-Intermediate-Tutorial-Models/Tutorial-2/ch-15/15-5a.nec,ok,ok,0.005532647483050823,0.005129050463438034,,0
cebik-w4rnl/Basic-Intermediate-Tutorial-Models/Tutorial-2/ch-15/15-5b-1.nec,ok,ok,0.005727526731789112,0.005229121074080467,,0
cebik-w4rnl/Basic-Intermediate-Tutorial-Models/Tutorial-2/ch-15/15-5b.nec,ok,ok,0.005588904023170471,0.005092959851026535,,0
cebik-w4rnl/Basic-Intermediate-Tutorial-Models/Tutorial-2/ch-15/15-6.nec,ok,ok,0.005856410600244999,0.005404222756624222,,0
cebik-w4rnl/Basic-Intermediate-Tutorial-Models/Tutorial-2/ch-15/15-6a.nec,ok,ok,0.011430078186094761,0.009165843017399311,,0
cebik-w4rnl/Basic-Intermediate-Tutorial-Models/Tutorial-2/ch-15/15-6b.nec,ok,ok,0.1274424847215414,0.12536591850221157,1.0166,1
cebik-w4rnl/Basic-Intermediate-Tutorial-Models/Tutorial-2/ch-15/15-7.nec,ok,ok,0.028695203363895416,0.02624540589749813,,0
cebik-w4rnl/Basic-Intermediate-Tutorial-Models/Tutorial-2/ch-15/15-7a.nec,ok,ok,0.3697513295337558,0.36999025382101536,0.9994,1
cebik-w4rnl/Basic-Intermediate-Tutorial-Models/Tutorial-2/ch-15/15-7b.nec,ok,ok,0.02800879441201687,0.026763555593788624,,0
cebik-w4rnl/Basic-Intermediate-Tutorial-Models/Tutorial-2/ch-15/15-7c.nec,ok,ok,0.2169864308089018,0.20786797907203436,1.0439,1
cebik-w4rnl/Basic-Intermediate-Tutorial-Models/Tutorial-2/ch-15/15-8.nec,ok,ok,0.2421673322096467,0.2162060895934701,1.1201,1
cebik-w4rnl/Basic-Intermediate-Tutorial-Models/Tutorial-2/ch-15/15-8a.nec,ok,ok,0.23701987694948912,0.22440419532358646,1.0562,1
cebik-w4rnl/Basic-Intermediate-Tutorial-Models/Tutorial-2/ch-15/15-8b.nec,ok,ok,0.24223943054676056,0.2160734748467803,1.1211,1
cebik-w4rnl/Basic-Intermediate-Tutorial-Models/Tutorial-2/ch-15/15-9.nec,ok,ok,0.021328681148588657,0.009986198507249355,,0
cebik-w4rnl/Basic-Intermediate-Tutorial-Models/Tutorial-2/ch-15/15-9a.nec,ok,ok,0.06670153327286243,0.06443198211491108,1.0352,1
cebik-w4rnl/Basic-Intermediate-Tutorial-Models/Tutorial-2/ch-16/16-1.nec,ok,ok,0.005613237619400024,0.005292659625411034,,0
cebik-w4rnl/Basic-Intermediate-Tutorial-Models/Tutorial-2/ch-16/16-10a.nec,ok,ok,0.005924019031226635,0.0054742880165576935,,0
cebik-w4rnl/Basic-Intermediate-Tutorial-Models/Tutorial-2/ch-16/16-10b.nec,ok,ok,0.006016233004629612,0.00544389896094799,,0
cebik-w4rnl/Basic-Intermediate-Tutorial-Models/Tutorial-2/ch-16/16-10c.nec,ok,ok,0.005961510352790356,0.005510597489774227,,0
cebik-w4rnl/Basic-Intermediate-Tutorial-Models/Tutorial-2/ch-16/16-10d.nec,ok,ok,0.006061166524887085,0.0054594241082668304,,0
cebik-w4rnl/Basic-Intermediate-Tutorial-Models/Tutorial-2/ch-16/16-10e.nec,ok,ok,0.005914528854191303,0.005402236245572567,,0
cebik-w4rnl/Basic-Intermediate-Tutorial-Models/Tutorial-2/ch-16/16-10f.nec,ok,ok,0.005815061740577221,0.005461589433252811,,0
cebik-w4rnl/Basic-Intermediate-Tutorial-Models/Tutorial-2/ch-16/16-10g.nec,ok,ok,0.005996709689497948,0.005495175719261169,,0
cebik-w4rnl/Basic-Intermediate-Tutorial-Models/Tutorial-2/ch-16/16-10h.nec,ok,ok,0.006010428071022034,0.005447350442409515,,0
cebik-w4rnl/Basic-Intermediate-Tutorial-Models/Tutorial-2/ch-16/16-11a.nec,ok,ok,0.006014239974319935,0.005527167581021786,,0
cebik-w4rnl/Basic-Intermediate-Tutorial-Models/Tutorial-2/ch-16/16-11b.nec,ok,ok,0.005932532250881195,0.0055341292172670364,,0
cebik-w4rnl/Basic-Intermediate-Tutorial-Models/Tutorial-2/ch-16/16-11c.nec,ok,ok,0.006067363545298576,0.005433592014014721,,0
cebik-w4rnl/Basic-Intermediate-Tutorial-Models/Tutorial-2/ch-16/16-11d.nec,ok,ok,0.006019819527864456,0.005498685874044895,,0
cebik-w4rnl/Basic-Intermediate-Tutorial-Models/Tutorial-2/ch-16/16-11e.nec,ok,ok,0.006134418770670891,0.00536282267421484,,0
cebik-w4rnl/Basic-Intermediate-Tutorial-Models/Tutorial-2/ch-16/16-11f.nec,ok,ok,0.00594677496701479,0.005479310639202595,,0
cebik-w4rnl/Basic-Intermediate-Tutorial-Models/Tutorial-2/ch-16/16-11g.nec,ok,ok,0.006103147752583027,0.005365211516618729,,0
cebik-w4rnl/Basic-Intermediate-Tutorial-Models/Tutorial-2/ch-16/16-11h.nec,ok,ok,0.006036944687366486,0.005444547161459923,,0
cebik-w4rnl/Basic-Intermediate-Tutorial-Models/Tutorial-2/ch-16/16-1a.nec,ok,ok,0.0056052058935165405,0.005192874930799007,,0
cebik-w4rnl/Basic-Intermediate-Tutorial-Models/Tutorial-2/ch-16/16-1b.nec,ok,ok,0.005543035455048084,0.00513592641800642,,0
cebik-w4rnl/Basic-Intermediate-Tutorial-Models/Tutorial-2/ch-16/16-1c.nec,ok,ok,0.005497722886502743,0.005140852183103561,,0
cebik-w4rnl/Basic-Intermediate-Tutorial-Models/Tutorial-2/ch-16/16-1d.nec,ok,ok,0.005513748154044151,0.005217444151639938,,0
cebik-w4rnl/Basic-Intermediate-Tutorial-Models/Tutorial-2/ch-16/16-2.nec,ok,ok,0.005485944449901581,0.005176817066967487,,0
cebik-w4rnl/Basic-Intermediate-Tutorial-Models/Tutorial-2/ch-16/16-2a.nec,ok,ok,0.008883239701390266,0.005162935703992844,,0
cebik-w4rnl/Basic-Intermediate-Tutorial-Models/Tutorial-2/ch-16/16-2b.nec,ok,ok,0.005559439770877361,0.00508735328912735,,0
cebik-w4rnl/Basic-Intermediate-Tutorial-Models/Tutorial-2/ch-16/16-2c.nec,ok,ok,0.005642367526888847,0.005192996934056282,,0
cebik-w4rnl/Basic-Intermediate-Tutorial-Models/Tutorial-2/ch-16/16-2d.nec,ok,ok,0.0055670104920864105,0.0050530806183815,,0
cebik-w4rnl/Basic-Intermediate-Tutorial-Models/Tutorial-2/ch-16/16-3.nec,ok,ok,0.00713194627314806,0.005359703674912453,,0
cebik-w4rnl/Basic-Intermediate-Tutorial-Models/Tutorial-2/ch-16/16-4.nec,ok,ok,0.006022037006914616,0.005413227714598179,,0
cebik-w4rnl/Basic-Intermediate-Tutorial-Models/Tutorial-2/ch-16/16-4a.nec,ok,ok,0.005903906188905239,0.005458212457597256,,0
cebik-w4rnl/Basic-Intermediate-Tutorial-Models/Tutorial-2/ch-16/16-5.nec,ok,ok,0.005934598855674267,0.005390778183937073,,0
cebik-w4rnl/Basic-Intermediate-Tutorial-Models/Tutorial-2/ch-16/16-5a.nec,ok,ok,0.007351597771048546,0.0054687876254320145,,0
cebik-w4rnl/Basic-Intermediate-Tutorial-Models/Tutorial-2/ch-16/16-6.nec,ok,ok,0.00624235812574625,0.005380346439778805,,0
cebik-w4rnl/Basic-Intermediate-Tutorial-Models/Tutorial-2/ch-16/16-6a.nec,ok,ok,0.0059598637744784355,0.005274152383208275,,0
cebik-w4rnl/Basic-Intermediate-Tutorial-Models/Tutorial-2/ch-16/16-7.nec,ok,ok,0.01571731362491846,0.011705417186021805,,0
cebik-w4rnl/Basic-Intermediate-Tutorial-Models/Tutorial-2/ch-16/16-7a.nec,ok,ok,0.01561413798481226,0.011972695589065552,,0
cebik-w4rnl/Basic-Intermediate-Tutorial-Models/Tutorial-2/ch-16/16-7b.nec,ok,ok,0.015321712009608746,0.011454231105744839,,0
cebik-w4rnl/Basic-Intermediate-Tutorial-Models/Tutorial-2/ch-16/16-8.nec,ok,ok,0.006187719292938709,0.005604198202490807,,0
cebik-w4rnl/Basic-Intermediate-Tutorial-Models/Tutorial-2/ch-16/16-8a.nec,ok,ok,0.0060020145028829575,0.005398590117692947,,0
cebik-w4rnl/Basic-Intermediate-Tutorial-Models/Tutorial-2/ch-16/16-8b.nec,ok,ok,0.005966792814433575,0.005488017573952675,,0
cebik-w4rnl/Basic-Intermediate-Tutorial-Models/Tutorial-2/ch-16/16-8c.nec,ok,ok,0.006084410473704338,0.005454179830849171,,0
cebik-w4rnl/Basic-Intermediate-Tutorial-Models/Tutorial-2/ch-16/16-8d.nec,ok,ok,0.0059634847566485405,0.005529353395104408,,0
cebik-w4rnl/Basic-Intermediate-Tutorial-Models/Tutorial-2/ch-16/16-9.nec,ok,ok,0.005927784368395805,0.00537116639316082,,0
cebik-w4rnl/Basic-Intermediate-Tutorial-Models/Tutorial-2/ch-16/16-9a.nec,ok,ok,0.005951332859694958,0.005503591150045395,,0
cebik-w4rnl/Basic-Intermediate-Tutorial-Models/Tutorial-2/ch-16/16-9b.nec,ok,ok,0.006176568567752838,0.005471491254866123,,0
cebik-w4rnl/Basic-Intermediate-Tutorial-Models/Tutorial-2/ch-16/16-9c.nec,ok,ok,0.005949243903160095,0.005438355728983879,,0
cebik-w4rnl/Basic-Intermediate-Tutorial-Models/Tutorial-2/ch-16/16-9d.nec,ok,ok,0.006149708293378353,0.00546102412045002,,0
cebik-w4rnl/Basic-Intermediate-Tutorial-Models/Tutorial-2/ch-16/16-9e.nec,ok,ok,0.00595635361969471,0.005535375326871872,,0
cebik-w4rnl/Basic-Intermediate-Tutorial-Models/Tutorial-2/ch-16/16-9f.nec,ok,ok,0.007137949578464031,0.00549683254212141,,0
cebik-w4rnl/Basic-Intermediate-Tutorial-Models/Tutorial-2/ch-16/16-9g.nec,ok,ok,0.006040820851922035,0.005532301962375641,,0
cebik-w4rnl/Basic-Intermediate-Tutorial-Models/Tutorial-2/ch-16/16-9h.nec,ok,ok,0.005874366499483585,0.005548538640141487,,0
cebik-w4rnl/Basic-Intermediate-Tutorial-Models/Tutorial-2/ch-17/17-1.nec,ok,ok,0.00710365641862154,0.006280348636209965,,0
cebik-w4rnl/Basic-Intermediate-Tutorial-Models/Tutorial-2/ch-17/17-10-nec2.nec,ok,ok,0.04913964495062828,0.029985476285219193,,0
cebik-w4rnl/Basic-Intermediate-Tutorial-Models/Tutorial-2/ch-17/17-10-nec4.nec,ok,ok,0.025276980362832546,0.019426776096224785,,0
cebik-w4rnl/Basic-Intermediate-Tutorial-Models/Tutorial-2/ch-17/17-11-nec2.nec,ok,ok,0.04933188855648041,0.030056558549404144,,0
cebik-w4rnl/Basic-Intermediate-Tutorial-Models/Tutorial-2/ch-17/17-11-nec4.nec,ok,ok,0.024583653546869755,0.019443501718342304,,0
cebik-w4rnl/Basic-Intermediate-Tutorial-Models/Tutorial-2/ch-17/17-1a.nec,ok,ok,0.06756608933210373,0.06811694242060184,0.9919,1
cebik-w4rnl/Basic-Intermediate-Tutorial-Models/Tutorial-2/ch-17/17-2.nec,ok,ok,0.2304328829050064,0.2286387886852026,1.0078,1
cebik-w4rnl/Basic-Intermediate-Tutorial-Models/Tutorial-2/ch-17/17-2a.nec,ok,ok,0.11870082467794418,0.1153639629483223,1.0289,1
cebik-w4rnl/Basic-Intermediate-Tutorial-Models/Tutorial-2/ch-17/17-3.nec,ok,ok,0.0650638323277235,0.06565892044454813,0.9909,1
cebik-w4rnl/Basic-Intermediate-Tutorial-Models/Tutorial-2/ch-17/17-3a.nec,ok,ok,0.06473552342504263,0.06542297545820475,0.9895,1
cebik-w4rnl/Basic-Intermediate-Tutorial-Models/Tutorial-2/ch-17/17-4.nec,ok,ok,0.005263306200504303,0.004835665225982666,,0
cebik-w4rnl/Basic-Intermediate-Tutorial-Models/Tutorial-2/ch-17/17-5.nec,ok,ok,0.005385182797908783,0.004882493056356907,,0
cebik-w4rnl/Basic-Intermediate-Tutorial-Models/Tutorial-2/ch-18/18-1.nec,ok,ok,0.06410527788102627,0.06471749395132065,0.9905,1
cebik-w4rnl/Basic-Intermediate-Tutorial-Models/Tutorial-2/ch-18/18-10.nec,ok,ok,0.34681694209575653,0.3226675381883979,1.0748,1
cebik-w4rnl/Basic-Intermediate-Tutorial-Models/Tutorial-2/ch-18/18-11.nec,no-impedance,no-impedance,0.003335602581501007,0.0033964402973651886,,0
cebik-w4rnl/Basic-Intermediate-Tutorial-Models/Tutorial-2/ch-18/18-11a.nec,ok,ok,0.5523524768650532,0.5533359283581376,0.9982,1
cebik-w4rnl/Basic-Intermediate-Tutorial-Models/Tutorial-2/ch-18/18-11b.nec,ok,ok,0.5525670163333416,0.553130442276597,0.9990,1
cebik-w4rnl/Basic-Intermediate-Tutorial-Models/Tutorial-2/ch-18/18-11c.nec,ok,ok,1.0996602810919285,1.105107732117176,0.9951,1
cebik-w4rnl/Basic-Intermediate-Tutorial-Models/Tutorial-2/ch-18/18-12-nec2.nec,ok,ok,0.0038958564400672913,0.004019887186586857,,0
cebik-w4rnl/Basic-Intermediate-Tutorial-Models/Tutorial-2/ch-18/18-12-nec4.nec,ok,ok,0.0037594959139823914,0.003693557344377041,,0
cebik-w4rnl/Basic-Intermediate-Tutorial-Models/Tutorial-2/ch-18/18-13-nec4.nec,ok,ok,0.003695639781653881,0.0036811772733926773,,0
cebik-w4rnl/Basic-Intermediate-Tutorial-Models/Tutorial-2/ch-18/18-14-nec4.nec,ok,ok,0.00394786149263382,0.003845534287393093,,0
cebik-w4rnl/Basic-Intermediate-Tutorial-Models/Tutorial-2/ch-18/18-2.nec,ok,ok,0.06481443252414465,0.07935051806271076,0.8168,1
cebik-w4rnl/Basic-Intermediate-Tutorial-Models/Tutorial-2/ch-18/18-3.nec,ok,ok,0.06418450735509396,0.06528763752430677,0.9831,1
cebik-w4rnl/Basic-Intermediate-Tutorial-Models/Tutorial-2/ch-18/18-4.nec,ok,ok,0.06437546946108341,0.06514998525381088,0.9881,1
cebik-w4rnl/Basic-Intermediate-Tutorial-Models/Tutorial-2/ch-18/18-5-nec4.nec,ok,ok,0.06437880545854568,0.06518545839935541,0.9876,1
cebik-w4rnl/Basic-Intermediate-Tutorial-Models/Tutorial-2/ch-18/18-6.nec,ok,ok,0.06424707546830177,0.0651360210031271,0.9864,1
cebik-w4rnl/Basic-Intermediate-Tutorial-Models/Tutorial-2/ch-18/18-7.nec,ok,ok,0.14288492314517498,0.1375244166702032,1.0390,1
cebik-w4rnl/Basic-Intermediate-Tutorial-Models/Tutorial-2/ch-18/18-8.nec,ok,ok,0.13253839779645205,0.12736873421818018,1.0406,1
cebik-w4rnl/Basic-Intermediate-Tutorial-Models/Tutorial-2/ch-18/18-9.nec,ok,ok,0.47649085521698,0.4595379028469324,1.0369,1
cebik-w4rnl/Basic-Intermediate-Tutorial-Models/Tutorial-2/ch-19/19-1.nec,ok,ok,0.0057720160111784935,0.005334361456334591,,0
cebik-w4rnl/Basic-Intermediate-Tutorial-Models/Tutorial-2/ch-19/19-10.nec,ok,ok,0.01495218463242054,0.013231413438916206,,0
cebik-w4rnl/Basic-Intermediate-Tutorial-Models/Tutorial-2/ch-19/19-10a.nec,ok,ok,0.6523595908656716,0.6538028391078115,0.9978,1
cebik-w4rnl/Basic-Intermediate-Tutorial-Models/Tutorial-2/ch-19/19-10b.nec,ok,ok,0.4025625279173255,0.40433687809854746,0.9956,1
cebik-w4rnl/Basic-Intermediate-Tutorial-Models/Tutorial-2/ch-19/19-11.nec,ok,ok,0.00962249469012022,0.007786941714584827,,0
cebik-w4rnl/Basic-Intermediate-Tutorial-Models/Tutorial-2/ch-19/19-11a.nec,ok,ok,0.013117062859237194,0.007738698273897171,,0
cebik-w4rnl/Basic-Intermediate-Tutorial-Models/Tutorial-2/ch-19/19-11b.nec,ok,ok,0.009420727379620075,0.007718258537352085,,0
cebik-w4rnl/Basic-Intermediate-Tutorial-Models/Tutorial-2/ch-19/19-11c.nec,ok,ok,0.11995991598814726,0.06031583063304424,1.9889,1
cebik-w4rnl/Basic-Intermediate-Tutorial-Models/Tutorial-2/ch-19/19-12.nec,ok-no-source,ok-no-source,0.010166537947952747,0.00842040404677391,,0
cebik-w4rnl/Basic-Intermediate-Tutorial-Models/Tutorial-2/ch-19/19-12a.nec,ok-no-source,ok-no-source,0.010057044215500355,0.008306720294058323,,0
cebik-w4rnl/Basic-Intermediate-Tutorial-Models/Tutorial-2/ch-19/19-12b.nec,ok-no-source,ok-no-source,0.014318495988845825,0.0109285619109869,,0
cebik-w4rnl/Basic-Intermediate-Tutorial-Models/Tutorial-2/ch-19/19-13.nec,ok-no-source,ok-no-source,0.009998047724366188,0.008526167832314968,,0
cebik-w4rnl/Basic-Intermediate-Tutorial-Models/Tutorial-2/ch-19/19-13a.nec,ok-no-source,ok-no-source,0.009975387714803219,0.008284205570816994,,0
cebik-w4rnl/Basic-Intermediate-Tutorial-Models/Tutorial-2/ch-19/19-14.nec,ok-no-source,ok-no-source,0.010410274378955364,0.008338778279721737,,0
cebik-w4rnl/Basic-Intermediate-Tutorial-Models/Tutorial-2/ch-19/19-15-nec4.nec,ok-no-source,ok-no-source,0.010405654087662697,0.00839665625244379,,0
cebik-w4rnl/Basic-Intermediate-Tutorial-Models/Tutorial-2/ch-19/19-15a-nec4.nec,ok-no-source,ok-no-source,0.00997047871351242,0.00832416396588087,,0
cebik-w4rnl/Basic-Intermediate-Tutorial-Models/Tutorial-2/ch-19/19-16.nec,ok-no-source,ok-no-source,0.48939068149775267,0.2530992869287729,,0
cebik-w4rnl/Basic-Intermediate-Tutorial-Models/Tutorial-2/ch-19/19-16a.nec,ok-no-source,ok-no-source,0.5030026799067855,0.2671025013551116,,0
cebik-w4rnl/Basic-Intermediate-Tutorial-Models/Tutorial-2/ch-19/19-16b.nec,ok-no-source,ok-no-source,0.4838458886370063,0.26805470790714025,,0
cebik-w4rnl/Basic-Intermediate-Tutorial-Models/Tutorial-2/ch-19/19-1a.nec,ok-no-source,ok-no-source,0.0036189816892147064,0.0034608300775289536,,0
cebik-w4rnl/Basic-Intermediate-Tutorial-Models/Tutorial-2/ch-19/19-2.nec,ok,ok,0.06543194875121117,0.06566494051367044,0.9965,1
cebik-w4rnl/Basic-Intermediate-Tutorial-Models/Tutorial-2/ch-19/19-2a.nec,ok-no-source,ok-no-source,0.06367530208081007,0.06405191589146852,,0
cebik-w4rnl/Basic-Intermediate-Tutorial-Models/Tutorial-2/ch-19/19-3.nec,ok,ok,0.006408846937119961,0.0058086467906832695,,0
cebik-w4rnl/Basic-Intermediate-Tutorial-Models/Tutorial-2/ch-19/19-3a.nec,ok-no-source,ok-no-source,0.0038119321689009666,0.003709237091243267,,0
cebik-w4rnl/Basic-Intermediate-Tutorial-Models/Tutorial-2/ch-19/19-4.nec,ok,ok,0.005751879885792732,0.005281885154545307,,0
cebik-w4rnl/Basic-Intermediate-Tutorial-Models/Tutorial-2/ch-19/19-4a.nec,ok-no-source,ok-no-source,0.0037428345531225204,0.003671005368232727,,0
cebik-w4rnl/Basic-Intermediate-Tutorial-Models/Tutorial-2/ch-19/19-5a.nec,ok-no-source,ok-no-source,0.0033432915806770325,0.003392626531422138,,0
cebik-w4rnl/Basic-Intermediate-Tutorial-Models/Tutorial-2/ch-19/19-5b.nec,ok-no-source,ok-no-source,0.003307475708425045,0.003198787569999695,,0
cebik-w4rnl/Basic-Intermediate-Tutorial-Models/Tutorial-2/ch-19/19-5c.nec,ok-no-source,ok-no-source,0.0033575985580682755,0.00338541716337204,,0
cebik-w4rnl/Basic-Intermediate-Tutorial-Models/Tutorial-2/ch-19/19-5d.nec,ok-no-source,ok-no-source,0.003394581377506256,0.003257976844906807,,0
cebik-w4rnl/Basic-Intermediate-Tutorial-Models/Tutorial-2/ch-19/19-5e.nec,ok-no-source,ok-no-source,0.003244149498641491,0.0033988850191235542,,0
cebik-w4rnl/Basic-Intermediate-Tutorial-Models/Tutorial-2/ch-19/19-6a.nec,ok-no-source,ok-no-source,0.06441622972488403,0.06444563064724207,,0
cebik-w4rnl/Basic-Intermediate-Tutorial-Models/Tutorial-2/ch-19/19-6b.nec,ok-no-source,ok-no-source,0.06396631337702274,0.06485412735491991,,0
cebik-w4rnl/Basic-Intermediate-Tutorial-Models/Tutorial-2/ch-19/19-6c.nec,ok-no-source,ok-no-source,0.06396200507879257,0.0645174290984869,,0
cebik-w4rnl/Basic-Intermediate-Tutorial-Models/Tutorial-2/ch-19/19-6d.nec,ok-no-source,ok-no-source,0.06399448961019516,0.06428621616214514,,0
cebik-w4rnl/Basic-Intermediate-Tutorial-Models/Tutorial-2/ch-19/19-6e.nec,ok-no-source,ok-no-source,0.06385964993387461,0.06484398245811462,,0
cebik-w4rnl/Basic-Intermediate-Tutorial-Models/Tutorial-2/ch-19/19-7-nec2.nec,ok,ok,0.042023646645247936,0.02678712923079729,,0
cebik-w4rnl/Basic-Intermediate-Tutorial-Models/Tutorial-2/ch-19/19-7a-nec2.nec,ok-no-source,ok-no-source,0.013138729147613049,0.0093137938529253,,0
cebik-w4rnl/Basic-Intermediate-Tutorial-Models/Tutorial-2/ch-19/19-7b-nec2.nec,ok-no-source,ok-no-source,0.01347198523581028,0.009514705277979374,,0
cebik-w4rnl/Basic-Intermediate-Tutorial-Models/Tutorial-2/ch-19/19-8-nec2.nec,ok,ok,0.04171470366418362,0.027051016688346863,,0
cebik-w4rnl/Basic-Intermediate-Tutorial-Models/Tutorial-2/ch-19/19-8a-nec2.nec,ok-no-source,ok-no-source,0.014149649068713188,0.010574623011052608,,0
cebik-w4rnl/Basic-Intermediate-Tutorial-Models/Tutorial-2/ch-19/19-8b-nec2.nec,ok-no-source,ok-no-source,0.014846422709524632,0.010494955815374851,,0
cebik-w4rnl/Basic-Intermediate-Tutorial-Models/Tutorial-2/ch-19/19-9b-nec.nec,ok-no-source,ok-no-source,0.01302840281277895,0.009262719191610813,,0
cebik-w4rnl/Basic-Intermediate-Tutorial-Models/Tutorial-2/ch-19/19-9c-nec2.nec,ok-no-source,ok-no-source,0.0134224658831954,0.009337801486253738,,0
cebik-w4rnl/Basic-Intermediate-Tutorial-Models/Tutorial-2/ch-19/19-9d-nec2.nec,ok-no-source,ok-no-source,0.012993217445909977,0.00963687151670456,,0
cebik-w4rnl/Basic-Intermediate-Tutorial-Models/Tutorial-2/ch-19/19-9e-nec2.nec,ok-no-source,ok-no-source,0.013022735714912415,0.009380745701491833,,0
cebik-w4rnl/Basic-Intermediate-Tutorial-Models/Tutorial-2/ch-2/2-0.nec,ok,ok,0.006356784142553806,0.005740194581449032,,0
cebik-w4rnl/Basic-Intermediate-Tutorial-Models/Tutorial-2/ch-2/2-1.nec,ok,ok,0.007051374763250351,0.006301600486040115,,0
cebik-w4rnl/Basic-Intermediate-Tutorial-Models/Tutorial-2/ch-2/2-1a.nec,ok,ok,0.007184914313256741,0.006752100773155689,,0
cebik-w4rnl/Basic-Intermediate-Tutorial-Models/Tutorial-2/ch-2/2-1b.nec,ok,ok,0.007342285476624966,0.006407829001545906,,0
cebik-w4rnl/Basic-Intermediate-Tutorial-Models/Tutorial-2/ch-2/2-1c.nec,ok,ok,0.007317221723496914,0.006337485276162624,,0
cebik-w4rnl/Basic-Intermediate-Tutorial-Models/Tutorial-2/ch-2/2-2.nec,ok,ok,0.005596836097538471,0.005189771763980389,,0
cebik-w4rnl/Basic-Intermediate-Tutorial-Models/Tutorial-2/ch-2/2-2a.nec,ok,ok,0.005538926459848881,0.00519175361841917,,0
cebik-w4rnl/Basic-Intermediate-Tutorial-Models/Tutorial-2/ch-2/2-2b.nec,ok,ok,0.005493017844855785,0.005173372104763985,,0
cebik-w4rnl/Basic-Intermediate-Tutorial-Models/Tutorial-2/ch-2/2-2c.nec,ok,ok,0.005488424561917782,0.005093115381896496,,0
cebik-w4rnl/Basic-Intermediate-Tutorial-Models/Tutorial-2/ch-2/2-2d.nec,error,error,0.003035135567188263,0.003103092312812805,,0
cebik-w4rnl/Basic-Intermediate-Tutorial-Models/Tutorial-2/ch-2/2-3.nec,ok,ok,0.006001646630465984,0.009423422627151012,,0
cebik-w4rnl/Basic-Intermediate-Tutorial-Models/Tutorial-2/ch-2/2-3a.nec,ok,ok,0.006116953678429127,0.005517721176147461,,0
cebik-w4rnl/Basic-Intermediate-Tutorial-Models/Tutorial-2/ch-2/2-4.nec,ok,ok,0.007531693205237389,0.006266986019909382,,0
cebik-w4rnl/Basic-Intermediate-Tutorial-Models/Tutorial-2/ch-2/2-4a-nec2.nec,ok,ok,0.0073231291025877,0.00640790443867445,,0
cebik-w4rnl/Basic-Intermediate-Tutorial-Models/Tutorial-2/ch-2/2-4a-nec4.nec,ok,ok,0.007061010226607323,0.006361933425068855,,0
cebik-w4rnl/Basic-Intermediate-Tutorial-Models/Tutorial-2/ch-2/2-5.nec,ok,ok,0.05820800922811031,0.039669799618422985,,0
cebik-w4rnl/Basic-Intermediate-Tutorial-Models/Tutorial-2/ch-2/2-5a-nec2.nec,ok,ok,0.054629855789244175,0.03713281638920307,,0
cebik-w4rnl/Basic-Intermediate-Tutorial-Models/Tutorial-2/ch-2/2-5a-nec4.nec,ok,ok,0.05457474570721388,0.037194582633674145,,0
cebik-w4rnl/Basic-Intermediate-Tutorial-Models/Tutorial-2/ch-2/2-5b-nec2.nec,ok,ok,0.055601174011826515,0.03763357736170292,,0
cebik-w4rnl/Basic-Intermediate-Tutorial-Models/Tutorial-2/ch-2/2-5b-nec4.nec,ok,ok,0.05569254606962204,0.05615323595702648,0.9918,1
cebik-w4rnl/Basic-Intermediate-Tutorial-Models/Tutorial-2/ch-2/2-6-nec2.nec,ok,ok,0.021739746443927288,0.016909784637391567,,0
cebik-w4rnl/Basic-Intermediate-Tutorial-Models/Tutorial-2/ch-2/2-6-nec4.nec,ok,ok,0.0214290926232934,0.016638949513435364,,0
cebik-w4rnl/Basic-Intermediate-Tutorial-Models/Tutorial-2/ch-2/2-6a-nec2.nec,ok,ok,0.021275614388287067,0.016648941673338413,,0
cebik-w4rnl/Basic-Intermediate-Tutorial-Models/Tutorial-2/ch-2/2-6a-nec4.nec,ok,ok,0.021254336461424828,0.016664383932948112,,0
cebik-w4rnl/Basic-Intermediate-Tutorial-Models/Tutorial-2/ch-2/2-7.nec,ok,ok,0.0053654201328754425,0.005017160438001156,,0
cebik-w4rnl/Basic-Intermediate-Tutorial-Models/Tutorial-2/ch-2/2-7a.nec,ok,ok,0.005173787474632263,0.00486421026289463,,0
cebik-w4rnl/Basic-Intermediate-Tutorial-Models/Tutorial-2/ch-2/2-7b.nec,ok,ok,0.006060643121600151,0.005577637813985348,,0
cebik-w4rnl/Basic-Intermediate-Tutorial-Models/Tutorial-2/ch-20/20-1-nec2.nec,ok,ok,0.005491442047059536,0.005035415291786194,,0
cebik-w4rnl/Basic-Intermediate-Tutorial-Models/Tutorial-2/ch-20/20-10.nec,ok,ok,0.005803554318845272,0.005268252454698086,,0
cebik-w4rnl/Basic-Intermediate-Tutorial-Models/Tutorial-2/ch-20/20-10a.nec,ok,ok,0.005652866326272488,0.005281058140099049,,0
cebik-w4rnl/Basic-Intermediate-Tutorial-Models/Tutorial-2/ch-20/20-11.nec,ok,ok,0.005751034244894981,0.005162376910448074,,0
cebik-w4rnl/Basic-Intermediate-Tutorial-Models/Tutorial-2/ch-20/20-11a.nec,ok,ok,0.005945437587797642,0.005317907780408859,,0
cebik-w4rnl/Basic-Intermediate-Tutorial-Models/Tutorial-2/ch-20/20-12.nec,ok,ok,0.005531863309442997,0.005224100314080715,,0
cebik-w4rnl/Basic-Intermediate-Tutorial-Models/Tutorial-2/ch-20/20-13.nec,ok,ok,0.0036129001528024673,0.0036590788513422012,,0
cebik-w4rnl/Basic-Intermediate-Tutorial-Models/Tutorial-2/ch-20/20-14.nec,ok,ok,0.19650786835700274,0.18878130428493023,1.0409,1
cebik-w4rnl/Basic-Intermediate-Tutorial-Models/Tutorial-2/ch-20/20-15.nec,ok,ok,0.05857397709041834,0.0586269861087203,0.9991,1
cebik-w4rnl/Basic-Intermediate-Tutorial-Models/Tutorial-2/ch-20/20-15a.nec,ok,ok,0.06002252083271742,0.05991437938064337,1.0018,1
cebik-w4rnl/Basic-Intermediate-Tutorial-Models/Tutorial-2/ch-20/20-15b.nec,ok,ok,0.17852464877068996,0.17938132118433714,0.9952,1
cebik-w4rnl/Basic-Intermediate-Tutorial-Models/Tutorial-2/ch-20/20-2a-nec2.nec,ok,ok,0.005516872741281986,0.005087239667773247,,0
cebik-w4rnl/Basic-Intermediate-Tutorial-Models/Tutorial-2/ch-20/20-2b-nec2.nec,ok,ok,0.0056044720113277435,0.0050820400938391685,,0
cebik-w4rnl/Basic-Intermediate-Tutorial-Models/Tutorial-2/ch-20/20-2c-nec2.nec,ok,ok,0.005432503297924995,0.004983630962669849,,0
cebik-w4rnl/Basic-Intermediate-Tutorial-Models/Tutorial-2/ch-20/20-2d-nec2.nec,ok,ok,0.005525202490389347,0.005060126073658466,,0
cebik-w4rnl/Basic-Intermediate-Tutorial-Models/Tutorial-2/ch-20/20-2e-nec2.nec,ok,ok,0.005469111725687981,0.005052004009485245,,0
cebik-w4rnl/Basic-Intermediate-Tutorial-Models/Tutorial-2/ch-20/20-2f-nec2.nec,ok,ok,0.005407641641795635,0.00508517399430275,,0
cebik-w4rnl/Basic-Intermediate-Tutorial-Models/Tutorial-2/ch-20/20-2g-nec.nec,ok,ok,0.0054689450189471245,0.004958460107445717,,0
cebik-w4rnl/Basic-Intermediate-Tutorial-Models/Tutorial-2/ch-20/20-3a.nec,ok,ok,0.00530107319355011,0.004981181584298611,,0
cebik-w4rnl/Basic-Intermediate-Tutorial-Models/Tutorial-2/ch-20/20-3b.nec,ok,ok,0.005474230274558067,0.005089106038212776,,0
cebik-w4rnl/Basic-Intermediate-Tutorial-Models/Tutorial-2/ch-20/20-3c.nec,ok,ok,0.005709300749003887,0.005100933834910393,,0
cebik-w4rnl/Basic-Intermediate-Tutorial-Models/Tutorial-2/ch-20/20-3d.nec,ok,ok,0.005499769933521748,0.005109237506985664,,0
cebik-w4rnl/Basic-Intermediate-Tutorial-Models/Tutorial-2/ch-20/20-3e.nec,ok,ok,0.005644148215651512,0.005179823376238346,,0
cebik-w4rnl/Basic-Intermediate-Tutorial-Models/Tutorial-2/ch-20/20-3f.nec,ok,ok,0.0055288393050432205,0.005096764303743839,,0
cebik-w4rnl/Basic-Intermediate-Tutorial-Models/Tutorial-2/ch-20/20-3g.nec,ok,ok,0.005478487350046635,0.005095871165394783,,0
cebik-w4rnl/Basic-Intermediate-Tutorial-Models/Tutorial-2/ch-20/20-4a-nec2.nec,ok,ok,0.005613299086689949,0.005104265175759792,,0
cebik-w4rnl/Basic-Intermediate-Tutorial-Models/Tutorial-2/ch-20/20-4b-nec2.nec,ok,ok,0.005552753806114197,0.004980140365660191,,0
cebik-w4rnl/Basic-Intermediate-Tutorial-Models/Tutorial-2/ch-20/20-4c-nec2.nec,ok,ok,0.005842912942171097,0.005097777582705021,,0
cebik-w4rnl/Basic-Intermediate-Tutorial-Models/Tutorial-2/ch-20/20-4d-nec2.nec,ok,ok,0.005541020072996616,0.005127516575157642,,0
cebik-w4rnl/Basic-Intermediate-Tutorial-Models/Tutorial-2/ch-20/20-4e-nec2.nec,ok,ok,0.005536683835089207,0.0051419856026768684,,0
cebik-w4rnl/Basic-Intermediate-Tutorial-Models/Tutorial-2/ch-20/20-4f-nec2.nec,ok,ok,0.005615749396383762,0.00508518610149622,,0
cebik-w4rnl/Basic-Intermediate-Tutorial-Models/Tutorial-2/ch-20/20-4g-nec2.nec,ok,ok,0.005684422329068184,0.005010049790143967,,0
cebik-w4rnl/Basic-Intermediate-Tutorial-Models/Tutorial-2/ch-20/20-5a.nec,ok,ok,0.005555955693125725,0.005016544833779335,,0
cebik-w4rnl/Basic-Intermediate-Tutorial-Models/Tutorial-2/ch-20/20-5b.nec,ok,ok,0.005533546209335327,0.0051405541598796844,,0
cebik-w4rnl/Basic-Intermediate-Tutorial-Models/Tutorial-2/ch-20/20-5c.nec,ok,ok,0.00826845783740282,0.005092304199934006,,0
cebik-w4rnl/Basic-Intermediate-Tutorial-Models/Tutorial-2/ch-20/20-5d.nec,ok,ok,0.008357464335858822,0.005112314596772194,,0
cebik-w4rnl/Basic-Intermediate-Tutorial-Models/Tutorial-2/ch-20/20-5e.nec,ok,ok,0.005685802549123764,0.005035086534917355,,0
cebik-w4rnl/Basic-Intermediate-Tutorial-Models/Tutorial-2/ch-20/20-5f.nec,ok,ok,0.005570221692323685,0.005195687524974346,,0
cebik-w4rnl/Basic-Intermediate-Tutorial-Models/Tutorial-2/ch-20/20-5g.nec,ok,ok,0.005577104166150093,0.0050627682358026505,,0
cebik-w4rnl/Basic-Intermediate-Tutorial-Models/Tutorial-2/ch-20/20-6.nec,ok,ok,0.0060457494109869,0.005486835725605488,,0
cebik-w4rnl/Basic-Intermediate-Tutorial-Models/Tutorial-2/ch-20/20-6a.nec,ok,ok,0.00635129027068615,0.0055272988975048065,,0
cebik-w4rnl/Basic-Intermediate-Tutorial-Models/Tutorial-2/ch-20/20-6b.nec,ok,ok,0.0060431258752942085,0.005518416874110699,,0
cebik-w4rnl/Basic-Intermediate-Tutorial-Models/Tutorial-2/ch-20/20-7.nec,ok,ok,0.003392520360648632,0.0034336596727371216,,0
cebik-w4rnl/Basic-Intermediate-Tutorial-Models/Tutorial-2/ch-20/20-8-nec2.nec,ok,ok,0.003689943812787533,0.0035114968195557594,,0
cebik-w4rnl/Basic-Intermediate-Tutorial-Models/Tutorial-2/ch-20/20-8-nec4.nec,ok-no-source,ok-no-source,0.0033801160752773285,0.003319025970995426,,0
cebik-w4rnl/Basic-Intermediate-Tutorial-Models/Tutorial-2/ch-20/20-9-nec2.nec,ok,ok,0.022651229985058308,0.01285703107714653,,0
cebik-w4rnl/Basic-Intermediate-Tutorial-Models/Tutorial-2/ch-20/20-9-nec4.nec,ok-no-source,ok-no-source,0.019167691469192505,0.010765527375042439,,0
cebik-w4rnl/Basic-Intermediate-Tutorial-Models/Tutorial-2/ch-21/21-1.nec,ok,ok,0.008469579741358757,0.007310802116990089,,0
cebik-w4rnl/Basic-Intermediate-Tutorial-Models/Tutorial-2/ch-21/21-10.nec,ok,ok,0.021330623887479305,0.01826344057917595,,0
cebik-w4rnl/Basic-Intermediate-Tutorial-Models/Tutorial-2/ch-21/21-11.nec,ok,ok,0.11329464055597782,0.08332168031483889,1.3597,1
cebik-w4rnl/Basic-Intermediate-Tutorial-Models/Tutorial-2/ch-21/21-12a.nec,ok,ok,0.008463319391012192,0.007447069510817528,,0
cebik-w4rnl/Basic-Intermediate-Tutorial-Models/Tutorial-2/ch-21/21-12b.nec,ok,ok,0.008292639628052711,0.007200342603027821,,0
cebik-w4rnl/Basic-Intermediate-Tutorial-Models/Tutorial-2/ch-21/21-12c.nec,ok,ok,0.008334014564752579,0.007249682210385799,,0
cebik-w4rnl/Basic-Intermediate-Tutorial-Models/Tutorial-2/ch-21/21-13.nec,ok,ok,0.01779563259333372,0.015065249055624008,,0
cebik-w4rnl/Basic-Intermediate-Tutorial-Models/Tutorial-2/ch-21/21-14.nec,ok,ok,0.015054117888212204,0.01349940150976181,,0
cebik-w4rnl/Basic-Intermediate-Tutorial-Models/Tutorial-2/ch-21/21-15.nec,ok,ok,0.015589118003845215,0.013935859315097332,,0
cebik-w4rnl/Basic-Intermediate-Tutorial-Models/Tutorial-2/ch-21/21-2.nec,ok,ok,0.008382267318665981,0.007446343079209328,,0
cebik-w4rnl/Basic-Intermediate-Tutorial-Models/Tutorial-2/ch-21/21-3.nec,ok,ok,0.008418215438723564,0.013988517224788666,,0
cebik-w4rnl/Basic-Intermediate-Tutorial-Models/Tutorial-2/ch-21/21-4.nec,ok,ok,0.008397014811635017,0.007305107079446316,,0
cebik-w4rnl/Basic-Intermediate-Tutorial-Models/Tutorial-2/ch-21/21-5.nec,ok,ok,0.01786511205136776,0.015988090075552464,,0
cebik-w4rnl/Basic-Intermediate-Tutorial-Models/Tutorial-2/ch-21/21-6.nec,ok,ok,0.05248537287116051,0.034243904054164886,,0
cebik-w4rnl/Basic-Intermediate-Tutorial-Models/Tutorial-2/ch-21/21-7.nec,ok,ok,0.01790325902402401,0.01615285873413086,,0
cebik-w4rnl/Basic-Intermediate-Tutorial-Models/Tutorial-2/ch-21/21-8.nec,ok,ok,0.008427525870501995,0.00766912754625082,,0
cebik-w4rnl/Basic-Intermediate-Tutorial-Models/Tutorial-2/ch-21/21-9.nec,ok,ok,0.026116803288459778,0.02003779262304306,,0
cebik-w4rnl/Basic-Intermediate-Tutorial-Models/Tutorial-2/ch-3/3-0.nec,ok,ok,0.0061088744550943375,0.0055905962362885475,,0
cebik-w4rnl/Basic-Intermediate-Tutorial-Models/Tutorial-2/ch-3/3-1.nec,ok,ok,0.0070433951914310455,0.006399151869118214,,0
cebik-w4rnl/Basic-Intermediate-Tutorial-Models/Tutorial-2/ch-3/3-1a-nec2.nec,ok,ok,0.0058525968343019485,0.005303826183080673,,0
cebik-w4rnl/Basic-Intermediate-Tutorial-Models/Tutorial-2/ch-3/3-1a-nec4.nec,ok,ok,0.0063215624541044235,0.005451214499771595,,0
cebik-w4rnl/Basic-Intermediate-Tutorial-Models/Tutorial-2/ch-3/3-1b-nec4.nec,ok,ok,0.005923059768974781,0.005402275361120701,,0
cebik-w4rnl/Basic-Intermediate-Tutorial-Models/Tutorial-2/ch-3/3-1c-nec4.nec,ok,ok,0.005851120688021183,0.005374600179493427,,0
cebik-w4rnl/Basic-Intermediate-Tutorial-Models/Tutorial-2/ch-3/3-1d-nec4.nec,ok,ok,0.00587602611631155,0.0054431818425655365,,0
cebik-w4rnl/Basic-Intermediate-Tutorial-Models/Tutorial-2/ch-3/3-2.nec,ok,ok,0.2504113959148526,0.2426767973229289,1.0319,1
cebik-w4rnl/Basic-Intermediate-Tutorial-Models/Tutorial-2/ch-3/3-2a-nec4.nec,ok,ok,0.2522800611332059,0.2385807130485773,1.0574,1
cebik-w4rnl/Basic-Intermediate-Tutorial-Models/Tutorial-2/ch-3/3-2b-nec4.nec,ok,ok,0.25214414950460196,0.2373512415215373,1.0623,1
cebik-w4rnl/Basic-Intermediate-Tutorial-Models/Tutorial-2/ch-3/3-3.nec,ok,ok,0.0056193675845861435,0.005130397155880928,,0
cebik-w4rnl/Basic-Intermediate-Tutorial-Models/Tutorial-2/ch-3/3-3a.nec,ok,ok,0.005370140075683594,0.004890633746981621,,0
cebik-w4rnl/Basic-Intermediate-Tutorial-Models/Tutorial-2/ch-3/3-3b.nec,ok,ok,0.005326190963387489,0.004957958124577999,,0
cebik-w4rnl/Basic-Intermediate-Tutorial-Models/Tutorial-2/ch-3/3-3c.nec,ok,ok,0.00546947680413723,0.005019807256758213,,0
cebik-w4rnl/Basic-Intermediate-Tutorial-Models/Tutorial-2/ch-3/3-4.nec,ok,ok,0.01974265556782484,0.01642154622823,,0
cebik-w4rnl/Basic-Intermediate-Tutorial-Models/Tutorial-2/ch-3/3-4a.nec,ok,ok,0.014617716893553734,0.013129748404026031,,0
cebik-w4rnl/Basic-Intermediate-Tutorial-Models/Tutorial-2/ch-3/3-5.nec,ok,ok,0.027833567932248116,0.022759716026484966,,0
cebik-w4rnl/Basic-Intermediate-Tutorial-Models/Tutorial-2/ch-3/3-5a.nec,ok,ok,0.014633111655712128,0.013133903965353966,,0
cebik-w4rnl/Basic-Intermediate-Tutorial-Models/Tutorial-2/ch-3/3-6.nec,ok,ok,0.005597124807536602,0.005281202495098114,,0
cebik-w4rnl/Basic-Intermediate-Tutorial-Models/Tutorial-2/ch-3/3-6a.nec,ok,ok,0.005405782721936703,0.0051162345334887505,,0
cebik-w4rnl/Basic-Intermediate-Tutorial-Models/Tutorial-2/ch-3/3-6b.nec,ok,ok,0.00549405999481678,0.004953222349286079,,0
cebik-w4rnl/Basic-Intermediate-Tutorial-Models/Tutorial-2/ch-3/3-6c.nec,ok,ok,0.005617834627628326,0.005112751387059689,,0
cebik-w4rnl/Basic-Intermediate-Tutorial-Models/Tutorial-2/ch-3/3-7.nec,ok,ok,0.005699293687939644,0.005080745555460453,,0
cebik-w4rnl/Basic-Intermediate-Tutorial-Models/Tutorial-2/ch-3/3-7a.nec,ok,ok,0.005779679864645004,0.005196362733840942,,0
cebik-w4rnl/Basic-Intermediate-Tutorial-Models/Tutorial-2/ch-3/3-7b.nec,ok,ok,0.008795595727860928,0.0075339628383517265,,0
cebik-w4rnl/Basic-Intermediate-Tutorial-Models/Tutorial-2/ch-3/3-8.nec,ok,ok,0.009827856905758381,0.008936449885368347,,0
cebik-w4rnl/Basic-Intermediate-Tutorial-Models/Tutorial-2/ch-3/3-8a.nec,ok,ok,0.007719371467828751,0.006645664572715759,,0
cebik-w4rnl/Basic-Intermediate-Tutorial-Models/Tutorial-2/ch-3/3-9.nec,ok,ok,0.018970267847180367,0.016407237388193607,,0
cebik-w4rnl/Basic-Intermediate-Tutorial-Models/Tutorial-2/ch-3/3-9a.nec,ok,ok,0.017592528834939003,0.015572481788694859,,0
cebik-w4rnl/Basic-Intermediate-Tutorial-Models/Tutorial-2/ch-4/4-1-nec2.nec,ok,ok,0.022404750809073448,0.017038162797689438,,0
cebik-w4rnl/Basic-Intermediate-Tutorial-Models/Tutorial-2/ch-4/4-1.nec,ok,ok,0.02130880020558834,0.01711089536547661,,0
cebik-w4rnl/Basic-Intermediate-Tutorial-Models/Tutorial-2/ch-4/4-1a.nec,ok,ok,0.021448327228426933,0.01641090400516987,,0
cebik-w4rnl/Basic-Intermediate-Tutorial-Models/Tutorial-2/ch-4/4-1b.nec,ok,ok,0.021537804044783115,0.016891222447156906,,0
cebik-w4rnl/Basic-Intermediate-Tutorial-Models/Tutorial-2/ch-4/4-1c.nec,ok,ok,0.021782035939395428,0.01711852476000786,,0
cebik-w4rnl/Basic-Intermediate-Tutorial-Models/Tutorial-2/ch-4/4-2a.nec,ok,ok,0.0227074371650815,0.017235486768186092,,0
cebik-w4rnl/Basic-Intermediate-Tutorial-Models/Tutorial-2/ch-4/4-2b.nec,ok,ok,0.02193543314933777,0.0166414063423872,,0
cebik-w4rnl/Basic-Intermediate-Tutorial-Models/Tutorial-2/ch-4/4-3a.nec,ok,ok,0.04210883006453514,0.027860394679009914,,0
cebik-w4rnl/Basic-Intermediate-Tutorial-Models/Tutorial-2/ch-4/4-3b.nec,ok,ok,0.01695464737713337,0.013301719911396503,,0
cebik-w4rnl/Basic-Intermediate-Tutorial-Models/Tutorial-2/ch-4/4-3c.nec,ok,ok,0.017418148927390575,0.013733448460698128,,0
cebik-w4rnl/Basic-Intermediate-Tutorial-Models/Tutorial-2/ch-4/4-4.nec,ok,ok,0.1457533137872815,0.10055881086736917,1.4494,1
cebik-w4rnl/Basic-Intermediate-Tutorial-Models/Tutorial-2/ch-4/4-4a.nec,ok,ok,0.14479845017194748,0.10086489096283913,1.4356,1
cebik-w4rnl/Basic-Intermediate-Tutorial-Models/Tutorial-2/ch-4/4-5.nec,ok,ok,0.02381131239235401,0.01695606578141451,,0
cebik-w4rnl/Basic-Intermediate-Tutorial-Models/Tutorial-2/ch-4/4-5a.nec,ok,ok,0.03261514939367771,0.020725994370877743,,0
cebik-w4rnl/Basic-Intermediate-Tutorial-Models/Tutorial-2/ch-4/4-5b.nec,ok,ok,0.035934342071413994,0.021968810819089413,,0
cebik-w4rnl/Basic-Intermediate-Tutorial-Models/Tutorial-2/ch-4/4-5c.nec,ok,ok,0.03624126594513655,0.021900477819144726,,0
cebik-w4rnl/Basic-Intermediate-Tutorial-Models/Tutorial-2/ch-4/4-6.nec,ok,ok,0.01809509564191103,0.01510515809059143,,0
cebik-w4rnl/Basic-Intermediate-Tutorial-Models/Tutorial-2/ch-4/4-6a.nec,ok,ok,0.018415294587612152,0.015469272620975971,,0
cebik-w4rnl/Basic-Intermediate-Tutorial-Models/Tutorial-2/ch-4/4-7.nec,ok,ok,0.024335723370313644,0.019307267852127552,,0
cebik-w4rnl/Basic-Intermediate-Tutorial-Models/Tutorial-2/ch-4/4-7a.nec,ok,ok,0.013721455819904804,0.01192254014313221,,0
cebik-w4rnl/Basic-Intermediate-Tutorial-Models/Tutorial-2/ch-4/4-8.nec,ok,ok,0.1463660579174757,0.1013279315084219,1.4445,1
cebik-w4rnl/Basic-Intermediate-Tutorial-Models/Tutorial-2/ch-4/4-9.nec,ok,ok,0.035872637294232845,0.028361696749925613,,0
cebik-w4rnl/Basic-Intermediate-Tutorial-Models/Tutorial-2/ch-4/4-9a.nec,ok,ok,0.03612132370471954,0.02773863822221756,,0
cebik-w4rnl/Basic-Intermediate-Tutorial-Models/Tutorial-2/ch-5/5-1.nec,ok,ok,0.00680101104080677,0.006126865744590759,,0
cebik-w4rnl/Basic-Intermediate-Tutorial-Models/Tutorial-2/ch-5/5-10.nec,ok,ok,0.44471100997179747,0.2765033971518278,1.6083,1
cebik-w4rnl/Basic-Intermediate-Tutorial-Models/Tutorial-2/ch-5/5-10a.nec,ok,ok,0.2718415902927518,0.26874570455402136,1.0115,1
cebik-w4rnl/Basic-Intermediate-Tutorial-Models/Tutorial-2/ch-5/5-1a.nec,ok,ok,0.0068751974031329155,0.006057205609977245,,0
cebik-w4rnl/Basic-Intermediate-Tutorial-Models/Tutorial-2/ch-5/5-1b.nec,ok,ok,0.006485557183623314,0.005711772479116917,,0
cebik-w4rnl/Basic-Intermediate-Tutorial-Models/Tutorial-2/ch-5/5-2a.nec,ok,ok,0.007076672278344631,0.006193406879901886,,0
cebik-w4rnl/Basic-Intermediate-Tutorial-Models/Tutorial-2/ch-5/5-2b.nec,ok,ok,0.00735769048333168,0.0065247779712080956,,0
cebik-w4rnl/Basic-Intermediate-Tutorial-Models/Tutorial-2/ch-5/5-3.nec,ok,ok,0.0071001192554831505,0.005988168530166149,,0
cebik-w4rnl/Basic-Intermediate-Tutorial-Models/Tutorial-2/ch-5/5-3a.nec,ok,ok,0.006393180228769779,0.005658150650560856,,0
cebik-w4rnl/Basic-Intermediate-Tutorial-Models/Tutorial-2/ch-5/5-3b.nec,ok,ok,0.006483443081378937,0.00576154887676239,,0
cebik-w4rnl/Basic-Intermediate-Tutorial-Models/Tutorial-2/ch-5/5-4.nec,ok,ok,0.005505436100065708,0.004973758943378925,,0
cebik-w4rnl/Basic-Intermediate-Tutorial-Models/Tutorial-2/ch-5/5-4a.nec,ok,ok,0.00606291089206934,0.005414879880845547,,0
cebik-w4rnl/Basic-Intermediate-Tutorial-Models/Tutorial-2/ch-5/5-5.nec,ok,ok,0.009923136793076992,0.008975856937468052,,0
cebik-w4rnl/Basic-Intermediate-Tutorial-Models/Tutorial-2/ch-5/5-5a.nec,ok,ok,0.014750399626791477,0.011979484930634499,,0
cebik-w4rnl/Basic-Intermediate-Tutorial-Models/Tutorial-2/ch-5/5-6.nec,ok,ok,0.006019602529704571,0.005422551184892654,,0
cebik-w4rnl/Basic-Intermediate-Tutorial-Models/Tutorial-2/ch-5/5-6a.nec,ok,ok,0.006814461201429367,0.006102235987782478,,0
cebik-w4rnl/Basic-Intermediate-Tutorial-Models/Tutorial-2/ch-5/5-6b.nec,ok,ok,0.0069612544029951096,0.006211630068719387,,0
cebik-w4rnl/Basic-Intermediate-Tutorial-Models/Tutorial-2/ch-5/5-7.nec,ok,ok,0.014866580255329609,0.013112618587911129,,0
cebik-w4rnl/Basic-Intermediate-Tutorial-Models/Tutorial-2/ch-5/5-7a.nec,ok,ok,0.06972220819443464,0.04877281654626131,,0
cebik-w4rnl/Basic-Intermediate-Tutorial-Models/Tutorial-2/ch-5/5-7b.nec,ok,ok,0.06897742580622435,0.04803875461220741,,0
cebik-w4rnl/Basic-Intermediate-Tutorial-Models/Tutorial-2/ch-5/5-7c.nec,ok,ok,0.040078205056488514,0.035747772082686424,,0
cebik-w4rnl/Basic-Intermediate-Tutorial-Models/Tutorial-2/ch-5/5-7d.nec,ok,ok,0.04036921542137861,0.035403475165367126,,0
cebik-w4rnl/Basic-Intermediate-Tutorial-Models/Tutorial-2/ch-5/5-8.nec,ok,ok,2.746201751753688,1.5890014413744211,1.7283,1
cebik-w4rnl/Basic-Intermediate-Tutorial-Models/Tutorial-2/ch-5/5-8a.nec,ok,ok,8.153817323036492,7.940291605889797,1.0269,1
cebik-w4rnl/Basic-Intermediate-Tutorial-Models/Tutorial-2/ch-5/5-8b.nec,ok,ok,0.6482835225760937,0.3641979591920972,1.7800,1
cebik-w4rnl/Basic-Intermediate-Tutorial-Models/Tutorial-2/ch-5/5-9.nec,ok,ok,0.007804598659276962,0.006750389002263546,,0
cebik-w4rnl/Basic-Intermediate-Tutorial-Models/Tutorial-2/ch-5/5-9a.nec,ok,ok,0.010553902946412563,0.008724108338356018,,0
cebik-w4rnl/Basic-Intermediate-Tutorial-Models/Tutorial-2/ch-5/5-9b.nec,ok,ok,0.007710358127951622,0.006681358441710472,,0
cebik-w4rnl/Basic-Intermediate-Tutorial-Models/Tutorial-2/ch-5/5-9c-nec2.nec,error,error,0.004632510244846344,0.004209480248391628,,0
cebik-w4rnl/Basic-Intermediate-Tutorial-Models/Tutorial-2/ch-5/5-9c-nec4.nec,error,error,0.004426711238920689,0.004151836968958378,,0
cebik-w4rnl/Basic-Intermediate-Tutorial-Models/Tutorial-2/ch-6/6-4.nec,ok-no-source,ok-no-source,0.04460046626627445,0.026045899838209152,,0
cebik-w4rnl/Basic-Intermediate-Tutorial-Models/Tutorial-2/ch-6/6-4a.nec,ok,ok,0.061043109744787216,0.04354408197104931,,0
cebik-w4rnl/Basic-Intermediate-Tutorial-Models/Tutorial-2/ch-6/6-5a.nec,ok,ok,0.3851640159264207,0.18797533493489027,2.0490,1
cebik-w4rnl/Basic-Intermediate-Tutorial-Models/Tutorial-2/ch-6/6-6-nec2.nec,ok,ok,0.24483610969036818,0.15975202806293964,1.5326,1
cebik-w4rnl/Basic-Intermediate-Tutorial-Models/Tutorial-2/ch-6/6-6-nec4.nec,ok,ok,0.26348514948040247,0.15994185116142035,1.6474,1
cebik-w4rnl/Basic-Intermediate-Tutorial-Models/Tutorial-2/ch-6/6-s1.nec,ok-no-source,ok-no-source,0.007868780754506588,0.006294986233115196,,0
cebik-w4rnl/Basic-Intermediate-Tutorial-Models/Tutorial-2/ch-6/6-s1a.nec,ok-no-source,ok-no-source,0.016422398388385773,0.011925826780498028,,0
cebik-w4rnl/Basic-Intermediate-Tutorial-Models/Tutorial-2/ch-6/6-s2.nec,ok-no-source,ok-no-source,0.49520927015691996,0.2737468332052231,,0
cebik-w4rnl/Basic-Intermediate-Tutorial-Models/Tutorial-2/ch-6/6-s3a.nec,ok,ok,0.025817074812948704,0.02073109708726406,,0
cebik-w4rnl/Basic-Intermediate-Tutorial-Models/Tutorial-2/ch-6/6-s4.nec,ok-no-source,ok-no-source,0.04408424347639084,0.027610762044787407,,0
cebik-w4rnl/Basic-Intermediate-Tutorial-Models/Tutorial-2/ch-6/6-s4a.nec,ok,ok,0.06140312273055315,0.043628246523439884,,0
cebik-w4rnl/Basic-Intermediate-Tutorial-Models/Tutorial-2/ch-7/7-0.nec,ok,ok,0.035597060807049274,0.02507983986288309,,0
cebik-w4rnl/Basic-Intermediate-Tutorial-Models/Tutorial-2/ch-7/7-1.nec,ok,ok,0.006849640980362892,0.006065442226827145,,0
cebik-w4rnl/Basic-Intermediate-Tutorial-Models/Tutorial-2/ch-7/7-10.nec,ok,ok,0.023378278128802776,0.02049516886472702,,0
cebik-w4rnl/Basic-Intermediate-Tutorial-Models/Tutorial-2/ch-7/7-10a.nec,ok,ok,0.03266891371458769,0.027280461974442005,,0
cebik-w4rnl/Basic-Intermediate-Tutorial-Models/Tutorial-2/ch-7/7-10b.nec,ok,ok,0.031287021934986115,0.02664358913898468,,0
cebik-w4rnl/Basic-Intermediate-Tutorial-Models/Tutorial-2/ch-7/7-10c.nec,ok,ok,0.03223822545260191,0.027781295590102673,,0
cebik-w4rnl/Basic-Intermediate-Tutorial-Models/Tutorial-2/ch-7/7-11.nec,ok,ok,0.009642275981605053,0.009011552669107914,,0
cebik-w4rnl/Basic-Intermediate-Tutorial-Models/Tutorial-2/ch-7/7-11a.nec,ok,ok,0.009613925591111183,0.008948988281190395,,0
cebik-w4rnl/Basic-Intermediate-Tutorial-Models/Tutorial-2/ch-7/7-1a.nec,ok,ok,0.0066210199147462845,0.0059993211179971695,,0
cebik-w4rnl/Basic-Intermediate-Tutorial-Models/Tutorial-2/ch-7/7-2.nec,ok,ok,0.009571361355483532,0.005500214174389839,,0
cebik-w4rnl/Basic-Intermediate-Tutorial-Models/Tutorial-2/ch-7/7-2a.nec,ok,ok,0.006027908995747566,0.005481039173901081,,0
cebik-w4rnl/Basic-Intermediate-Tutorial-Models/Tutorial-2/ch-7/7-2b.nec,ok,ok,0.006313616409897804,0.0054984185844659805,,0
cebik-w4rnl/Basic-Intermediate-Tutorial-Models/Tutorial-2/ch-7/7-3.nec,ok,ok,0.006494075991213322,0.005954810418188572,,0
cebik-w4rnl/Basic-Intermediate-Tutorial-Models/Tutorial-2/ch-7/7-3a.nec,ok,ok,0.006696494296193123,0.005828305147588253,,0
cebik-w4rnl/Basic-Intermediate-Tutorial-Models/Tutorial-2/ch-7/7-4.nec,ok,ok,0.005843322724103928,0.005319809541106224,,0
cebik-w4rnl/Basic-Intermediate-Tutorial-Models/Tutorial-2/ch-7/7-5.nec,ok,ok,0.005760377272963524,0.005316613242030144,,0
cebik-w4rnl/Basic-Intermediate-Tutorial-Models/Tutorial-2/ch-7/7-5a.nec,ok,ok,0.005315897986292839,0.004929838702082634,,0
cebik-w4rnl/Basic-Intermediate-Tutorial-Models/Tutorial-2/ch-7/7-5b.nec,ok,ok,0.005982883274555206,0.005506968125700951,,0
cebik-w4rnl/Basic-Intermediate-Tutorial-Models/Tutorial-2/ch-7/7-8.nec,ok,ok,0.023682954721152782,0.018762288615107536,,0
cebik-w4rnl/Basic-Intermediate-Tutorial-Models/Tutorial-2/ch-7/7-9.nec,ok,ok,0.01750220451503992,0.015748255886137486,,0
cebik-w4rnl/Basic-Intermediate-Tutorial-Models/Tutorial-2/ch-7/7-9a.nec,ok,ok,0.2225920893251896,0.19043672177940607,1.1689,1
cebik-w4rnl/Basic-Intermediate-Tutorial-Models/Tutorial-2/ch-8/8-1.nec,ok,ok,0.0035727983340620995,0.003520025871694088,,0
cebik-w4rnl/Basic-Intermediate-Tutorial-Models/Tutorial-2/ch-8/8-1a.nec,ok,ok,0.005409475415945053,0.005280197598040104,,0
cebik-w4rnl/Basic-Intermediate-Tutorial-Models/Tutorial-2/ch-8/8-1b.nec,ok,ok,0.0034420276060700417,0.0034563736990094185,,0
cebik-w4rnl/Basic-Intermediate-Tutorial-Models/Tutorial-2/ch-8/8-1c.nec,ok,ok,0.004320258274674416,0.004254941828548908,,0
cebik-w4rnl/Basic-Intermediate-Tutorial-Models/Tutorial-2/ch-8/8-2_1.nec,ok,ok,0.005481606349349022,0.005214088596403599,,0
cebik-w4rnl/Basic-Intermediate-Tutorial-Models/Tutorial-2/ch-8/8-2_2.nec,ok,ok,0.00535980612039566,0.004904300905764103,,0
cebik-w4rnl/Basic-Intermediate-Tutorial-Models/Tutorial-2/ch-8/8-3.nec,ok,ok,0.003626277670264244,0.0036615105345845222,,0
cebik-w4rnl/Basic-Intermediate-Tutorial-Models/Tutorial-2/ch-8/8-3a.nec,no-impedance,no-impedance,0.0031296508386731148,0.003199324943125248,,0
cebik-w4rnl/Basic-Intermediate-Tutorial-Models/Tutorial-2/ch-8/8-3b.nec,no-impedance,no-impedance,0.0029042083770036697,0.0031359735876321793,,0
cebik-w4rnl/Basic-Intermediate-Tutorial-Models/Tutorial-2/ch-8/8-3c.nec,ok,ok,0.004078547470271587,0.0039400700479745865,,0
cebik-w4rnl/Basic-Intermediate-Tutorial-Models/Tutorial-2/ch-8/8-3d.nec,ok,ok,0.004675610922276974,0.0042853159829974174,,0
cebik-w4rnl/Basic-Intermediate-Tutorial-Models/Tutorial-2/ch-8/8-4.nec,ok,ok,0.011957457289099693,0.010077893733978271,,0
cebik-w4rnl/Basic-Intermediate-Tutorial-Models/Tutorial-2/ch-8/8-4a.nec,ok,ok,0.015533659607172012,0.013117785565555096,,0
cebik-w4rnl/Basic-Intermediate-Tutorial-Models/Tutorial-2/ch-8/8-5.nec,ok,ok,0.05280593503266573,0.04296570084989071,,0
cebik-w4rnl/Basic-Intermediate-Tutorial-Models/Tutorial-2/ch-8/8-5a.nec,ok,ok,0.0894509619101882,0.07236879598349333,1.2360,1
cebik-w4rnl/Basic-Intermediate-Tutorial-Models/Tutorial-2/ch-8/8-6.nec,ok,ok,0.04768963437527418,0.03149316180497408,,0
cebik-w4rnl/Basic-Intermediate-Tutorial-Models/Tutorial-2/ch-9/9-1.nec,ok,ok,0.007468135096132755,0.0065942443907260895,,0
cebik-w4rnl/Basic-Intermediate-Tutorial-Models/Tutorial-2/ch-9/9-1a.nec,ok,ok,0.007417665794491768,0.006570635363459587,,0
cebik-w4rnl/Basic-Intermediate-Tutorial-Models/Tutorial-2/ch-9/9-2a.nec,ok,ok,0.06760922260582447,0.10260843764990568,0.6589,1
cebik-w4rnl/Basic-Intermediate-Tutorial-Models/Tutorial-2/ch-9/9-2b.nec,ok,ok,0.005088521167635918,0.004789900034666061,,0
cebik-w4rnl/Basic-Intermediate-Tutorial-Models/Tutorial-2/ch-9/9-2c.nec,ok,ok,0.014623988419771194,0.012018471024930477,,0
cebik-w4rnl/Basic-Intermediate-Tutorial-Models/Tutorial-2/ch-9/9-3a.nec,ok,ok,0.0761517658829689,0.07198518235236406,1.0579,1
cebik-w4rnl/Basic-Intermediate-Tutorial-Models/Tutorial-2/ch-9/9-3b.nec,ok,ok,0.03620754648000002,0.03126517962664366,,0
cebik-w4rnl/Basic-Intermediate-Tutorial-Models/Tutorial-2/ch-9/9-4.nec,ok,ok,0.19505402073264122,0.1916524488478899,1.0177,1
cebik-w4rnl/Basic-Intermediate-Tutorial-Models/Tutorial-2/ch-9/9-4a.nec,ok,ok,0.3812896367162466,0.378117305226624,1.0084,1
cebik-w4rnl/Basic-Intermediate-Tutorial-Models/Tutorial-2/ch-9/9-4b.nec,ok,ok,0.39141424652189016,0.3789993245154619,1.0328,1
cebik-w4rnl/Basic-Intermediate-Tutorial-Models/Tutorial-2/ch-9/9-5.nec,ok,ok,0.008260322734713554,0.014099352061748505,,0
cebik-w4rnl/Basic-Intermediate-Tutorial-Models/Tutorial-2/ch-9/9-6.nec,ok,ok,0.046812405809760094,0.03183578699827194,,0
cebik-w4rnl/Basic-Intermediate-Tutorial-Models/Tutorial-2/ch-9/9-6a.nec,ok,ok,0.04655079822987318,0.03209210094064474,,0
cebik-w4rnl/Basic-Intermediate-Tutorial-Models/Tutorial-2/ch-9/9-7.nec,ok,ok,0.00832461379468441,0.008086740039288998,,0
cebik-w4rnl/Basic-Intermediate-Tutorial-Models/Tutorial-2/ch-9/9-7a.nec,ok,ok,0.008791446685791016,0.008380258455872536,,0
cebik-w4rnl/Basic-Intermediate-Tutorial-Models/Tutorial-2/ch-9/9-8.nec,ok,ok,0.008236130699515343,0.007911676540970802,,0
cebik-w4rnl/Basic-Intermediate-Tutorial-Models/Tutorial-2/ch-9/9-8a.nec,ok,ok,0.4508725106716156,0.45075160171836615,1.0003,1
cebik-w4rnl/Basic-Intermediate-Tutorial-Models/Tutorial-2/ch-9/9-8b.nec,ok,ok,0.2087813513353467,0.20987820718437433,0.9948,1
cebik-w4rnl/Basic-Intermediate-Tutorial-Models/Tutorial-2/ch-9/9-8c.nec,ok,ok,0.22938216477632523,0.22922124527394772,1.0007,1
cebik-w4rnl/Moxon-Rectangle-Notes-Models/mox10-1al.nec,ok,ok,0.010253006592392921,0.009381955489516258,,0
cebik-w4rnl/Moxon-Rectangle-Notes-Models/mox10-1alv.nec,ok,ok,0.009201392531394958,0.008701816201210022,,0
cebik-w4rnl/Moxon-Rectangle-Notes-Models/mox20-11.nec,ok,ok,0.011530721560120583,0.018360218033194542,,0
cebik-w4rnl/models/LPDAs/nec/LP100-1000-12el3ft150o.nec,ok,ok,0.10483386181294918,0.06951251067221165,1.5081,1
cebik-w4rnl/models/LPDAs/nec/lc14-7el38ft80o-1.nec,ok,ok,0.017867776565253735,0.01559342909604311,,0
cebik-w4rnl/models/LPDAs/nec/lc14-7el52ft65o-1.nec,ok,ok,0.018193223513662815,0.015598142519593239,,0
cebik-w4rnl/models/LPDAs/nec/lc21-5el21ft800o-1-vee.nec,ok,ok,0.024351113475859165,0.019923516549170017,,0
cebik-w4rnl/models/LPDAs/nec/lc21-7el35ft65o-75.nec,ok,ok,0.017522537149488926,0.013479585759341717,,0
cebik-w4rnl/models/LPDAs/nec/lc28-4el10ft75o.nec,ok,ok,0.017715319991111755,0.015354292467236519,,0
cebik-w4rnl/models/LPDAs/nec/lc28-5el16ft800o-75-Vee.nec,ok,ok,0.02024767082184553,0.020620944909751415,,0
cebik-w4rnl/models/LPDAs/nec/lc28-5el20ft150o-50-W6SAI.nec,ok,ok,0.01332448236644268,0.012311429716646671,,0
cebik-w4rnl/models/LPDAs/nec/lc28-6el12ft75o-1.nec,ok,ok,0.016375849954783916,0.01426823902875185,,0
cebik-w4rnl/models/LPDAs/nec/lc28-6el28ft100o-50.nec,ok,ok,0.015100758522748947,0.013395912945270538,,0
cebik-w4rnl/models/LPDAs/nec/lc28-7el14ft80o-875.nec,ok,ok,0.018656211905181408,0.01546547096222639,,0
cebik-w4rnl/models/LPDAs/nec/lc28-7el15ft100o-1.nec,ok,ok,0.018243661150336266,0.016235273331403732,,0
cebik-w4rnl/models/LPDAs/nec/lc28-7el15ft80o-1.nec,ok,ok,0.018834175541996956,0.0155778918415308,,0
cebik-w4rnl/models/LPDAs/nec/lc28-7el19ft80o-50.nec,ok,ok,0.01768526714295149,0.015358938835561275,,0
cebik-w4rnl/models/LPDAs/nec/lc28-7el19ft80o-75.nec,ok,ok,0.018177935853600502,0.01578807644546032,,0
cebik-w4rnl/models/LPDAs/nec/lc28-7el21ft65o-75.nec,ok,ok,0.01763924304395914,0.01629096269607544,,0
cebik-w4rnl/models/LPDAs/nec/lc28-7el25ft80o-75.nec,ok,ok,0.01791104581207037,0.015873029828071594,,0
cebik-w4rnl/models/LPDAs/nec/lc28-7el26ft65o-75.nec,ok,ok,0.029398334212601185,0.015414073131978512,,0
cebik-w4rnl/models/LPDAs/nec/lc28-7el28ft70o-75.nec,ok,ok,0.017375661060214043,0.015855242498219013,,0
cebik-w4rnl/models/LPDAs/nec/lp10-30-12el45ft250o.nec,ok,ok,0.0381833091378212,0.029644728638231754,,0
cebik-w4rnl/models/LPDAs/nec/lp10-30-15el45ft250o.nec,ok,ok,0.051695020869374275,0.03786899521946907,,0
cebik-w4rnl/models/LPDAs/nec/lp100-1000-12el5ft150o.nec,ok,ok,0.10942897666245699,0.07469196151942015,1.4651,1
cebik-w4rnl/models/LPDAs/nec/lp100-1000-26el5ft150o.nec,ok,ok,0.23132712859660387,0.164267772808671,1.4082,1
cebik-w4rnl/models/LPDAs/nec/lp100-12elFM-med.nec,ok,ok,0.020190277136862278,0.02816310990601778,,0
cebik-w4rnl/models/LPDAs/nec/lp100-16elFM-long.nec,ok,ok,0.029599823988974094,0.023547117598354816,,0
cebik-w4rnl/models/LPDAs/nec/lp100-8elFM-short.nec,ok,ok,0.015706922858953476,0.013899601995944977,,0
cebik-w4rnl/models/LPDAs/nec/lp14-29-11el30ft225o.nec,ok,ok,0.026124141179025173,0.021413834765553474,,0
cebik-w4rnl/models/LPDAs/nec/lp14-29-12el33ft250o-dir.nec,ok,ok,0.028391520492732525,0.022195876576006413,,0
cebik-w4rnl/models/LPDAs/nec/lp14-30-12el26ft125o.nec,ok,ok,0.029212131164968014,0.022836802527308464,,0
cebik-w4rnl/models/LPDAs/nec/lp14-30-12el32ft100o.nec,ok,ok,0.033558182418346405,0.026557812467217445,,0
cebik-w4rnl/models/LPDAs/nec/lp14-30-12el32ft400o.nec,ok,ok,0.029706338420510292,0.02316969633102417,,0
cebik-w4rnl/models/LPDAs/nec/lp14-30-13el29ft200o-telerana14.nec,ok,ok,0.03717307560145855,0.02790506463497877,,0
cebik-w4rnl/models/LPDAs/nec/lp14-30-13el29ft200o-telerana50.nec,ok,ok,0.037026697769761086,0.02855435572564602,,0
cebik-w4rnl/models/LPDAs/nec/lp14-30-13el29ft200o-teleranavee.nec,ok,ok,0.03902172204107046,0.030123146250844002,,0
cebik-w4rnl/models/LPDAs/nec/lp14-30-14el40ft100o.nec,ok,ok,0.11513147410005331,0.07781597319990396,1.4795,1
cebik-w4rnl/models/LPDAs/nec/lp14-30-15el42ft250o-dir-stepdia.nec,ok,ok,0.07269155606627464,0.05200802907347679,1.3977,1
cebik-w4rnl/models/LPDAs/nec/lp14-30-16el42ft100o-dir.nec,ok,ok,0.032187290489673615,0.022378042340278625,,0
cebik-w4rnl/models/LPDAs/nec/lp14-30-21el52ft200o.nec,ok,ok,0.039197053760290146,0.038151913322508335,,0
cebik-w4rnl/models/LPDAs/nec/lp14-30-22el56ft250o-dir.nec,ok,ok,0.04118447098881006,0.028508324176073074,,0
cebik-w4rnl/models/LPDAs/nec/lp14-30-24el58ft200o.nec,ok,ok,0.06814213842153549,0.04868708923459053,,0
cebik-w4rnl/models/LPDAs/nec/lp14-30-27el217ft200o.nec,ok,ok,0.07140677142888308,0.04765887279063463,,0
cebik-w4rnl/models/LPDAs/nec/lp14-30-7el20ft100o-K4EWG.nec,ok,ok,0.0227937838062644,0.019107861444354057,,0
cebik-w4rnl/models/LPDAs/nec/lp14-30-8el20ft200o.nec,ok,ok,0.018362391740083694,0.01584069151431322,,0
cebik-w4rnl/models/LPDAs/nec/lp14-30-9el21ft250o-dir.nec,ok,ok,0.023285280913114548,0.019131642766296864,,0
cebik-w4rnl/models/LPDAs/nec/lp144-6el5ft75o-1875.nec,ok,ok,0.02171468175947666,0.018368681892752647,,0
cebik-w4rnl/models/LPDAs/nec/lp17-5el32ft50o.nec,ok,ok,0.008364012464880943,0.007451367564499378,,0
cebik-w4rnl/models/LPDAs/nec/lp21-5el27ft50o.nec,ok,ok,0.007984095253050327,0.0070953695103526115,,0
cebik-w4rnl/models/LPDAs/nec/lp220-15el11ft80o.nec,ok,ok,0.0874795513227582,0.06131200958043337,1.4268,1
cebik-w4rnl/models/LPDAs/nec/lp220-17el11ft60o.nec,ok,ok,0.0849818978458643,0.05930150020867586,1.4330,1
cebik-w4rnl/models/LPDAs/nec/lp220-18el11ft60o.nec,ok,ok,0.09234508126974106,0.06490096636116505,1.4229,1
cebik-w4rnl/models/LPDAs/nec/lp220-20el12ft60o.nec,ok,ok,0.11145271081477404,0.07658837828785181,1.4552,1
cebik-w4rnl/models/LPDAs/nec/lp220-20el13ft60o.nec,ok,ok,0.07821145094931126,0.05608320701867342,1.3946,1
cebik-w4rnl/models/LPDAs/nec/lp250-276-21el4ft80o.nec,ok,ok,0.05331741739064455,0.03976582083851099,,0
cebik-w4rnl/models/LPDAs/nec/lp250-317-10el3ft75o.nec,ok,ok,0.013718404807150364,0.011757668107748032,,0
cebik-w4rnl/models/LPDAs/nec/lp250-317-15el5ft75o.nec,ok,ok,0.017974667251110077,0.017435451969504356,,0
cebik-w4rnl/models/LPDAs/nec/lp250-317-8el3ft75o.nec,ok,ok,0.011750837787985802,0.010454060509800911,,0
cebik-w4rnl/models/LPDAs/nec/lp250-500-12el3ft80o.nec,ok,ok,0.03521045111119747,0.02740659937262535,,0
cebik-w4rnl/models/LPDAs/nec/lp250-500-20el3ft80o.nec,ok,ok,0.06976948864758015,0.04909204877912998,,0
cebik-w4rnl/models/LPDAs/nec/lp28-30-4el8ft200o-wire12.nec,ok,ok,0.018410141579806805,0.01589865330606699,,0
cebik-w4rnl/models/LPDAs/nec/lp28-30-4el8ft75o-W4RNL.nec,ok,ok,0.018211498856544495,0.015675770118832588,,0
cebik-w4rnl/models/LPDAs/nec/lp28-30-4el8ft75o-fatel-W4RNL.nec,ok,ok,0.01822242420166731,0.01640697568655014,,0
cebik-w4rnl/models/LPDAs/nec/lp28-30-4el8ft75o-stepdia-W4RNL.nec,ok,ok,0.017167410813272,0.015163698233664036,,0
cebik-w4rnl/models/LPDAs/nec/lp28-30-53l8ft300o-wire12-zigzag.nec,ok,ok,0.04029796738177538,0.03089536353945732,,0
cebik-w4rnl/models/LPDAs/nec/lp28-30-5el8ftnoline-wire10-zigzag.nec,ok,ok,0.024931703694164753,0.01957160048186779,,0
cebik-w4rnl/models/LPDAs/nec/lp28-31-10el48ft80o.nec,ok,ok,0.016195968724787235,0.013422825373709202,,0
cebik-w4rnl/models/LPDAs/nec/lp3-30-20el100ft200o.nec,ok,ok,0.2988593205809593,0.17977275513112545,1.6624,1
cebik-w4rnl/models/LPDAs/nec/lp3-30-20el60ft150o.nec,ok,ok,0.16499278601258993,0.11380675714462996,1.4498,1
cebik-w4rnl/models/LPDAs/nec/lp3-30-21el100ft200o.nec,ok,ok,0.17551917489618063,0.11297943163663149,1.5535,1
cebik-w4rnl/models/LPDAs/nec/lp3-30-22el100ft200o.nec,ok,ok,0.17182534467428923,0.11974457558244467,1.4349,1
cebik-w4rnl/models/LPDAs/nec/lp3-30-23el100ft200o.nec,ok,ok,0.1982780024409294,0.12897112872451544,1.5374,1
cebik-w4rnl/models/LPDAs/nec/lp3-30-24el100ft200o.nec,ok,ok,0.20063774287700653,0.13981962483376265,1.4350,1
cebik-w4rnl/models/LPDAs/nec/lp3-30-25el100ft200o.nec,ok,ok,0.21521405596286058,0.14885354042053223,1.4458,1
cebik-w4rnl/models/LPDAs/nec/lp3-30-26el100ft200o.nec,ok,ok,0.23006491363048553,0.159966086037457,1.4382,1
cebik-w4rnl/models/LPDAs/nec/lp3-30-26el164ft150o.nec,ok,ok,0.2242861231788993,0.157117685303092,1.4275,1
cebik-w4rnl/models/LPDAs/nec/lp3-30-33el100ft150o.nec,ok,ok,0.23608369752764702,0.1677311807870865,1.4075,1
cebik-w4rnl/models/LPDAs/nec/lp3-30-33el168ft250o.nec,ok,ok,0.4022015444934368,0.2587654646486044,1.5543,1
cebik-w4rnl/models/LPDAs/nec/lp3-30-42el164ft250o.nec,ok,ok,0.5698759276419878,0.36416356172412634,1.5649,1
cebik-w4rnl/models/LPDAs/nec/lp3-7-10el55ft200o.nec,ok,ok,0.022208181209862232,0.016235600225627422,,0
cebik-w4rnl/models/LPDAs/nec/lp3-7-10el56ft200o.nec,ok,ok,0.022224330343306065,0.01678481139242649,,0
cebik-w4rnl/models/LPDAs/nec/lp3-7-11el53ft200o.nec,ok,ok,0.02150221075862646,0.015589491464197636,,0
cebik-w4rnl/models/LPDAs/nec/lp3-7-12el53ft200o.nec,ok,ok,0.024479066021740437,0.017578648403286934,,0
cebik-w4rnl/models/LPDAs/nec/lp3-7-12el55ft200o.nec,ok,ok,0.028087095357477665,0.019320965744554996,,0
cebik-w4rnl/models/LPDAs/nec/lp3-7-16el84ft200o.nec,ok,ok,0.03502167109400034,0.024456550367176533,,0
cebik-w4rnl/models/LPDAs/nec/lp3r5-4-14el89ft200o-2.nec,ok,ok,0.038371771574020386,0.02883693389594555,,0
cebik-w4rnl/models/LPDAs/nec/lp3r5-4-6el86ft100o-2.nec,ok,ok,0.0518792187795043,0.03840456623584032,,0
cebik-w4rnl/models/LPDAs/nec/lp3r5-4-8el86ft100o-2.nec,ok,ok,0.020614400506019592,0.017246087081730366,,0
cebik-w4rnl/models/LPDAs/nec/lp3r5-4-8el86ft150o-12.nec,ok,ok,0.022258324548602104,0.017769407480955124,,0
cebik-w4rnl/models/LPDAs/nec/lp4-30-19el60ft200o.nec,ok,ok,0.12790358252823353,0.0853143148124218,1.4992,1
cebik-w4rnl/models/LPDAs/nec/lp4-30-20el65ft150o.nec,ok,ok,0.1546681085601449,0.10566914454102516,1.4637,1
cebik-w4rnl/models/LPDAs/nec/lp4-30-20el65ft200o.nec,ok,ok,0.11960148625075817,0.07641765289008617,1.5651,1
cebik-w4rnl/models/LPDAs/nec/lp4-30-21el65ft200o.nec,ok,ok,0.15650134067982435,0.08918650820851326,1.7548,1
cebik-w4rnl/models/LPDAs/nec/lp40-90-22el20ft100o-dir.nec,ok,ok,0.04131400864571333,0.028514109551906586,,0
cebik-w4rnl/models/LPDAs/nec/lp400-800-12el1ft250o.nec,ok,ok,0.03296367172151804,0.025543327443301678,,0
cebik-w4rnl/models/LPDAs/nec/lp7-15-10el35ft200o.nec,ok,ok,0.019542988389730453,0.014690779149532318,,0
cebik-w4rnl/models/LPDAs/nec/lp7-15-11el44ft200o-dir.nec,ok,ok,0.02111029252409935,0.015486575663089752,,0
cebik-w4rnl/models/LPDAs/nec/lp7-15-12el42ft200o.nec,ok,ok,0.02462168876081705,0.017263623885810375,,0
cebik-w4rnl/models/LPDAs/nec/lp7-15-13el53ft200o.nec,ok,ok,0.0277861375361681,0.019375653006136417,,0
cebik-w4rnl/models/LPDAs/nec/lp7-15-16el28ft200o.nec,ok,ok,0.03701299335807562,0.024959529750049114,,0
cebik-w4rnl/models/LPDAs/nec/lp7-15-16el56ft200o.nec,ok,ok,0.033491249196231365,0.02369636856019497,,0
cebik-w4rnl/models/LPDAs/nec/lp7-15-16el70ft200o.nec,ok,ok,0.032412794418632984,0.022563633508980274,,0
cebik-w4rnl/models/LPDAs/nec/lp7-15-16el84ft200o.nec,ok,ok,0.03170458413660526,0.022120697423815727,,0
cebik-w4rnl/models/LPDAs/nec/lp7-15-22el78ft200o.nec,ok,ok,0.059668999165296555,0.03945180866867304,,0
cebik-w4rnl/models/LPDAs/nec/lp7-15-27el434ft200o.nec,ok,ok,0.07059911265969276,0.04781807027757168,,0
cebik-w4rnl/models/LPDAs/nec/lp7-15-7el25ft200o.nec,ok,ok,0.013424336910247803,0.010905629023909569,,0
cebik-w4rnl/models/LPDAs/nec/lp7-15-7el37ft200o.nec,ok,ok,0.012884189374744892,0.01114918664097786,,0
cebik-w4rnl/models/LPDAs/nec/lp7-15-9el31ft200o.nec,ok,ok,0.018049542792141438,0.013689205050468445,,0
cebik-w4rnl/models/LPDAs/nec/lp800-1200-17el3ft200o.nec,ok,ok,0.023145142011344433,0.01862490549683571,,0
cebik-w4rnl/models/LPDAs/nec/lp850-2600-36el4ft200o.nec,ok,ok,0.16184479463845491,0.11723471339792013,1.3805,1
cebik-w4rnl/models/LPDAs/nec/lp850-2600-37el4ft80o.nec,ok,ok,0.1820863177999854,0.13166494388133287,1.3830,1
cebik-w4rnl/models/LPDAs/nec/lp900-1400-36el4ft200o.nec,ok,ok,0.18180281203240156,0.11845166981220245,1.5348,1
cebik-w4rnl/models/LPDAs/nec/lpma3r5-4-6el86ft75o-buriedradials.nec,ok,ok,12.166731467470527,3.728435918688774,3.2632,1
cebik-w4rnl/models/Phased-Arrays/nec/10-28-edzlazyh-fs-14.nec,ok,ok,0.010474893264472485,0.009971143677830696,,0
cebik-w4rnl/models/Phased-Arrays/nec/14-29-lpda-50.nec,ok,ok,0.06749239936470985,0.04783696308732033,,0
cebik-w4rnl/models/Phased-Arrays/nec/14-8jk-fs-75.nec,ok,ok,0.006613339297473431,0.00596830528229475,,0
cebik-w4rnl/models/Phased-Arrays/nec/14-8jkstack-stdphase-12.nec,ok,ok,0.3092172732576728,0.22956831008195877,1.3470,1
cebik-w4rnl/models/Phased-Arrays/nec/14-8jkstack-xphased-12.nec,ok,ok,0.28895388171076775,0.24945898447185755,1.1583,1
cebik-w4rnl/models/Phased-Arrays/nec/14-fdsp-W7EL.nec,ok,ok,0.1565698180347681,0.10378570575267076,1.5086,1
cebik-w4rnl/models/Phased-Arrays/nec/14-longelphased-directfeedp1-W4RNL.nec,ok,ok,0.012796196155250072,0.011792612262070179,,0
cebik-w4rnl/models/Phased-Arrays/nec/14-phased35o-50-W4RNL.nec,ok,ok,0.13876841124147177,0.13583102263510227,1.0216,1
cebik-w4rnl/models/Phased-Arrays/nec/14-phasedsplit50o-50-W4RNL.nec,ok,ok,0.005152368918061256,0.004928493872284889,,0
cebik-w4rnl/models/Phased-Arrays/nec/14-shortel-stubs-50-N7CL.nec,ok,ok,0.07970042992383242,0.06799168605357409,1.1722,1
cebik-w4rnl/models/Phased-Arrays/nec/14-stacked3elYagis-1.nec,ok,ok,0.0967389727011323,0.0786930350586772,1.2293,1
cebik-w4rnl/models/Phased-Arrays/nec/14-zlsporig-1-ZL3MH.nec,ok,ok,0.08472913317382336,0.07461708225309849,1.1355,1
cebik-w4rnl/models/Phased-Arrays/nec/144-3eledzvbeam-fs-40.nec,ok,ok,0.02719000168144703,0.022292952984571457,,0
cebik-w4rnl/models/Phased-Arrays/nec/146-436-dualquad turnstile-sat-146.nec,ok,ok,0.4578509349375963,0.19587531499564648,2.3375,1
cebik-w4rnl/models/Phased-Arrays/nec/146-436-dualquadturnstile-sat-436.nec,ok,ok,0.3597810994833708,0.16903807129710913,2.1284,1
cebik-w4rnl/models/Phased-Arrays/nec/146-moxrectturnstile-sat-1875.nec,ok,ok,0.17004874348640442,0.14768366049975157,1.1514,1
cebik-w4rnl/models/Phased-Arrays/nec/18-fdsp-W7EL.nec,ok,ok,0.14872610103338957,0.10354544688016176,1.4363,1
cebik-w4rnl/models/Phased-Arrays/nec/18-longelphased-directfeedp1-W4RNL.nec,ok,ok,0.012651117518544197,0.011739701963961124,,0
cebik-w4rnl/models/Phased-Arrays/nec/18-phased35o-50-W4RNL.nec,ok,ok,0.12618817016482353,0.1223110631108284,1.0317,1
cebik-w4rnl/models/Phased-Arrays/nec/18-phasedsplit50o-50-W4RNL.nec,ok,ok,0.005124890245497227,0.004804232157766819,,0
cebik-w4rnl/models/Phased-Arrays/nec/18-shortel-stubs-50-N7CL.nec,ok,ok,0.0800013393163681,0.06810568179935217,1.1747,1
cebik-w4rnl/models/Phased-Arrays/nec/1r1-bc2elphased vert.nec,ok,ok,0.01021356787532568,0.009732763282954693,,0
cebik-w4rnl/models/Phased-Arrays/nec/1r4-bc3elendfire-pergnd.nec,ok,ok,0.031103448010981083,0.0236874558031559,,0
cebik-w4rnl/models/Phased-Arrays/nec/1r4-bc6elb-s+e-f-pergnd.nec,ok,ok,0.08239015657454729,0.05688370019197464,1.4484,1
cebik-w4rnl/models/Phased-Arrays/nec/1r5-bc2xhalfwldr+6parguy-sngnd.nec,ok,ok,0.8109440598636866,0.4678547326475382,1.7333,1
cebik-w4rnl/models/Phased-Arrays/nec/1r5-bc3elendfire-burrad.nec,ok,ok,1.9107307959347963,0.9083134885877371,2.1036,1
cebik-w4rnl/models/Phased-Arrays/nec/1r5-bc4elendfire-pergnd.nec,ok,ok,0.12933264765888453,0.11971492227166891,1.0803,1
cebik-w4rnl/models/Phased-Arrays/nec/1r5-bc6elphaseaim-pergnd.nec,ok,ok,0.08564667869359255,0.06054091453552246,1.4147,1
cebik-w4rnl/models/Phased-Arrays/nec/1r5-bchalfwldr+6parguy-sngnd.nec,ok,ok,0.5092021618038416,0.41565985791385174,1.2250,1
cebik-w4rnl/models/Phased-Arrays/nec/1r8-2-elphased-radials.nec,ok,ok,3.2965283086523414,1.1232741056010127,2.9347,1
cebik-w4rnl/models/Phased-Arrays/nec/1r8-2x4elphased-K8UR.nec,ok,ok,0.4888056069612503,0.32092487812042236,1.5231,1
cebik-w4rnl/models/Phased-Arrays/nec/1r8-4el-broadside.nec,ok,ok,0.07852969970554113,0.06856398563832045,1.1453,1
cebik-w4rnl/models/Phased-Arrays/nec/1r8-4el-endfire-burrad.nec,ok,ok,2.982245733961463,1.2813159106299281,2.3275,1
cebik-w4rnl/models/Phased-Arrays/nec/1r8-4el-endfire.nec,ok,ok,0.08801665995270014,0.07638558000326157,1.1523,1
cebik-w4rnl/models/Phased-Arrays/nec/1r8-4elphased-lowbend-K8UR.nec,ok,ok,0.30385759845376015,0.23026324063539505,1.3196,1
cebik-w4rnl/models/Phased-Arrays/nec/1r8-4elphased-midelbend-K8UR.nec,ok,ok,0.2770496467128396,0.23444156628102064,1.1817,1
cebik-w4rnl/models/Phased-Arrays/nec/1r8-5el-broadside.nec,ok,ok,0.10362859442830086,0.08719858434051275,1.1884,1
cebik-w4rnl/models/Phased-Arrays/nec/1r8-5el-endfire.nec,ok,ok,0.11295803356915712,0.09474358428269625,1.1922,1
cebik-w4rnl/models/Phased-Arrays/nec/21-2eledzbeam-2ref-gnd-12-ZL1LE.nec,ok,ok,0.17633718252182007,0.17232524324208498,1.0233,1
cebik-w4rnl/models/Phased-Arrays/nec/21-coledz-wiretl-12.nec,ok,ok,0.10145209264010191,0.08403291739523411,1.2073,1
cebik-w4rnl/models/Phased-Arrays/nec/21-fdsp-W7EL.nec,ok,ok,0.1479310942813754,0.10467478726059198,1.4132,1
cebik-w4rnl/models/Phased-Arrays/nec/21-longelphased-directfeedp1-W4RNL.nec,ok,ok,0.012662524357438087,0.011800011619925499,,0
cebik-w4rnl/models/Phased-Arrays/nec/21-phased35o-50-W4RNL.nec,ok,ok,0.11701044626533985,0.11242605186998844,1.0408,1
cebik-w4rnl/models/Phased-Arrays/nec/21-phasedcoledz-fs-12.nec,ok,ok,0.05046117398887873,0.037967655807733536,,0
cebik-w4rnl/models/Phased-Arrays/nec/21-phasedsplit50o-50-W4RNL.nec,ok,ok,0.005290409550070763,0.004991068504750729,,0
cebik-w4rnl/models/Phased-Arrays/nec/21-shortel-stubs-50-N7CL.nec,ok,ok,0.08072168286889791,0.06924822367727757,1.1657,1
cebik-w4rnl/models/Phased-Arrays/nec/21-zlsporig-1-ZL3MH.nec,ok,ok,0.0853841109201312,0.07330141868442297,1.1648,1
cebik-w4rnl/models/Phased-Arrays/nec/24-3elzlsp-fs-75.nec,ok,ok,0.014653717167675495,0.012885995209217072,,0
cebik-w4rnl/models/Phased-Arrays/nec/24-fdsp-W7EL.nec,ok,ok,0.1649962943047285,0.10475869569927454,1.5750,1
cebik-w4rnl/models/Phased-Arrays/nec/24-lazyh-fs-K7KGP.nec,ok,ok,0.008974594995379448,0.008660459890961647,,0
cebik-w4rnl/models/Phased-Arrays/nec/24-longelphased-directfeedp1-W4RNL.nec,ok,ok,0.01257995329797268,0.011572852730751038,,0
cebik-w4rnl/models/Phased-Arrays/nec/24-phased35o-50-W4RNL.nec,ok,ok,0.12536243442445993,0.12129866611212492,1.0335,1
cebik-w4rnl/models/Phased-Arrays/nec/24-phasedsplit50o-50-W4RNL.nec,ok,ok,0.005076778121292591,0.004907798953354359,,0
cebik-w4rnl/models/Phased-Arrays/nec/24-shortel-stubs-50-N7CL.nec,ok,ok,0.0814153729006648,0.06999882124364376,1.1631,1
cebik-w4rnl/models/Phased-Arrays/nec/254-turnstileYagi-milsat.nec,ok,ok,0.21200115885585546,0.12027106806635857,1.7627,1
cebik-w4rnl/models/Phased-Arrays/nec/28-2eledzbeam-2ref-fs-12.nec,ok,ok,0.00818958505988121,0.007193420082330704,,0
cebik-w4rnl/models/Phased-Arrays/nec/28-2eledzbeam-fs-12.nec,ok,ok,0.008337131701409817,0.008049092255532742,,0
cebik-w4rnl/models/Phased-Arrays/nec/28-3eledzbeam-2ref-gnd-12.nec,ok,ok,0.07588451821357012,0.06810336746275425,1.1143,1
cebik-w4rnl/models/Phased-Arrays/nec/28-6elphasefedbeam-fs-50.nec,ok,ok,0.015176072716712952,0.021803864277899265,,0
cebik-w4rnl/models/Phased-Arrays/nec/28-7-lazyh-vert-14.nec,ok,ok,0.18665299098938704,0.17424672562628984,1.0712,1
cebik-w4rnl/models/Phased-Arrays/nec/28-fdsp-W7EL.nec,ok,ok,0.15176309179514647,0.10529562924057245,1.4413,1
cebik-w4rnl/models/Phased-Arrays/nec/28-longelphased-directfeedp1-W4RNL.nec,ok,ok,0.01259144488722086,0.01182624138891697,,0
cebik-w4rnl/models/Phased-Arrays/nec/28-phased-gammas-1-HB9CV.nec,ok,ok,0.0166892409324646,0.014960740692913532,,0
cebik-w4rnl/models/Phased-Arrays/nec/28-phased35o-50-W4RNL.nec,ok,ok,0.12606034707278013,0.12220350746065378,1.0316,1
cebik-w4rnl/models/Phased-Arrays/nec/28-phasedsplit50o-50-W4RNL.nec,ok,ok,0.00515682902187109,0.004861999303102493,,0
cebik-w4rnl/models/Phased-Arrays/nec/28-shortel-stubs-50-N7CL.nec,ok,ok,0.08213227614760399,0.06995544116944075,1.1741,1
cebik-w4rnl/models/Phased-Arrays/nec/28-shortel-stubstack-50-N7CL.nec,ok,ok,0.1559568801894784,0.101551896892488,1.5357,1
cebik-w4rnl/models/Phased-Arrays/nec/28-swissquad-14.nec,ok,ok,0.011253250762820244,0.010168691165745258,,0
cebik-w4rnl/models/Phased-Arrays/nec/28-zlsp-udp-75-W4RNL.nec,ok,ok,0.08649348467588425,0.0750514529645443,1.1525,1
cebik-w4rnl/models/Phased-Arrays/nec/28-zlsporig-1-ZL3MH.nec,ok,ok,0.08665303327143192,0.07497337087988853,1.1558,1
cebik-w4rnl/models/Phased-Arrays/nec/28-zlsptrombone-ARRL.nec,ok,ok,0.12066020350903273,0.09237503074109554,1.3062,1
cebik-w4rnl/models/Phased-Arrays/nec/284-turnstilequad-milsat-ez.nec,ok,ok,0.28512130305171013,0.16242620907723904,1.7554,1
cebik-w4rnl/models/Phased-Arrays/nec/300-11eldplarray.nec,ok,ok,0.062269783578813076,0.07891894038766623,0.7890,1
cebik-w4rnl/models/Phased-Arrays/nec/300-20eldplarray.nec,ok,ok,0.1132023623213172,0.09777987003326416,1.1577,1
cebik-w4rnl/models/Phased-Arrays/nec/300-30eldplarray.nec,ok,ok,0.1804681709036231,0.15060799289494753,1.1983,1
cebik-w4rnl/models/Phased-Arrays/nec/300-40eldplarray.nec,ok,ok,0.2579755373299122,0.2118764529004693,1.2176,1
cebik-w4rnl/models/Phased-Arrays/nec/300-50dplarray.nec,ok,ok,0.34934307262301445,0.2800835259258747,1.2473,1
cebik-w4rnl/models/Phased-Arrays/nec/3r6-2x4elphased-K8UR.nec,ok,ok,0.5024709338322282,0.34431860968470573,1.4593,1
cebik-w4rnl/models/Phased-Arrays/nec/3r6-4elphased-lowbend-K8UR.nec,ok,ok,0.2958666980266571,0.23223149962723255,1.2740,1
cebik-w4rnl/models/Phased-Arrays/nec/3r6-4elphased-midelbend-K8UR.nec,ok,ok,0.20740582328289747,0.15914078708738089,1.3033,1
cebik-w4rnl/models/Phased-Arrays/nec/3r6-8jk-12.nec,ok,ok,0.23089439794421196,0.2227924820035696,1.0364,1
cebik-w4rnl/models/Phased-Arrays/nec/3r6-bruce-3sect-12.nec,ok,ok,0.2010698327794671,0.19192369282245636,1.0477,1
cebik-w4rnl/models/Phased-Arrays/nec/3r6-bruce-4sect-12.nec,ok,ok,0.20958171226084232,0.19277451559901237,1.0872,1
cebik-w4rnl/models/Phased-Arrays/nec/3r6-bruce-5sect-12.nec,ok,ok,0.24872239027172327,0.22917350009083748,1.0853,1
cebik-w4rnl/models/Phased-Arrays/nec/3r6-halfwldr+6parguy-sngnd.nec,ok,ok,0.425998124293983,0.3317136000841856,1.2842,1
cebik-w4rnl/models/Phased-Arrays/nec/3r6-phasedrect-10-N2DT.nec,ok,ok,0.23398629296571016,0.21621627919375896,1.0822,1
cebik-w4rnl/models/Phased-Arrays/nec/3r6-sterba-12.nec,ok,ok,0.3477727761492133,0.2711892034858465,1.2824,1
cebik-w4rnl/models/Phased-Arrays/nec/3r6-sterba-ctrfed-12.nec,ok,ok,0.32567879650741816,0.25831781048327684,1.2608,1
cebik-w4rnl/models/Phased-Arrays/nec/3r9-halfwldr+6parguy-sngnd.nec,ok,ok,0.3728086519986391,0.2621528683230281,1.4221,1
cebik-w4rnl/models/Phased-Arrays/nec/432-col-coilmatch.nec,ok,ok,0.07207631971687078,0.05575870256870985,1.2926,1
cebik-w4rnl/models/Phased-Arrays/nec/432-col-indloadmatch.nec,ok,ok,0.04740637354552746,0.03913557343184948,,0
cebik-w4rnl/models/Phased-Arrays/nec/436-moxrectturnstile-sat-12.nec,ok,ok,0.1087502408772707,0.08887975849211216,1.2236,1
cebik-w4rnl/models/Phased-Arrays/nec/436-turnstileYagi-sat.nec,ok,ok,0.20395640656352043,0.13134946208447218,1.5528,1
cebik-w4rnl/models/Phased-Arrays/nec/50-edzlazyh-fs-14.nec,ok,ok,0.01035978551954031,0.009704098105430603,,0
cebik-w4rnl/models/Phased-Arrays/nec/5r4-2x4elphased-K8UR.nec,ok,ok,0.5285610947757959,0.36645006760954857,1.4424,1
cebik-w4rnl/models/Phased-Arrays/nec/5r4-4elphased-lowbend-K8UR.nec,ok,ok,0.29359862115234137,0.23177903797477484,1.2667,1
cebik-w4rnl/models/Phased-Arrays/nec/5r4-4elphased-midelbend-K8UR.nec,ok,ok,0.2137577971443534,0.16523855086416006,1.2936,1
cebik-w4rnl/models/Phased-Arrays/nec/5r4-halfwldr+6parguy-sngnd.nec,ok,ok,0.3668375238776207,0.2690811902284622,1.3633,1
cebik-w4rnl/models/Phased-Arrays/nec/7-2elphased-pergnd-2.nec,ok,ok,0.017095944844186306,0.015269267372786999,,0
cebik-w4rnl/models/Phased-Arrays/nec/7-2xhalfwldr+6parguy-sngnd.nec,ok,ok,0.7813248597085476,0.44139862433075905,1.7701,1
cebik-w4rnl/models/Phased-Arrays/nec/7-4square phased verts.nec,ok,ok,0.009389671497046947,0.008232654072344303,,0
cebik-w4rnl/models/Phased-Arrays/nec/7-halfwldr+6parguy-sngnd.nec,ok,ok,0.36002151761204004,0.284575741738081,1.2651,1
cebik-w4rnl/models/Phased-Arrays/nec/903-vertmonoYagis-inphasefed.nec,ok,ok,0.011492636986076832,0.017211015336215496,,0
cebik-w4rnl/models/Quads/nec/10-2eloptquad-12.nec,ok,ok,0.012476175092160702,0.009967812336981297,,0
cebik-w4rnl/models/Quads/nec/10-3elopthgquad-12.nec,ok,ok,0.015455244109034538,0.013966352678835392,,0
cebik-w4rnl/models/Quads/nec/10-3eloptwbquad-12.nec,ok,ok,0.016130407340824604,0.013689324259757996,,0
cebik-w4rnl/models/Quads/nec/10-4eloptquad-12.nec,ok,ok,0.019927079789340496,0.016872870735824108,,0
cebik-w4rnl/models/Quads/nec/1296-2eloptquad-12.nec,ok,ok,0.013104272074997425,0.010065993294119835,,0
cebik-w4rnl/models/Quads/nec/1296-3elopthgquad-12.nec,ok,ok,0.015879053622484207,0.013697140850126743,,0
cebik-w4rnl/models/Quads/nec/1296-3eloptwbquad-12.nec,ok,ok,0.015315694734454155,0.013611294329166412,,0
cebik-w4rnl/models/Quads/nec/1296-4eloptquad-12.nec,ok,ok,0.01950722374022007,0.01683047879487276,,0
cebik-w4rnl/models/Quads/nec/14-1elloop-diamond-14.nec,ok,ok,0.01399800181388855,0.01263577863574028,,0
cebik-w4rnl/models/Quads/nec/14-28-2b2elquad-14-1feed.nec,ok,ok,0.18839395605027676,0.1505456194281578,1.2514,1
cebik-w4rnl/models/Quads/nec/14-28-2b2elquad-14-widesp.nec,ok,ok,0.01715538278222084,0.014627628959715366,,0
cebik-w4rnl/models/Quads/nec/14-2eloptquad-12.nec,ok,ok,0.0128396637737751,0.010014927014708519,,0
cebik-w4rnl/models/Quads/nec/14-2elquad-sq-14-medsp.nec,ok,ok,0.014094937592744827,0.011105287820100784,,0
cebik-w4rnl/models/Quads/nec/14-2elquad-sq-14-smallsp.nec,ok,ok,0.010517444461584091,0.009460428729653358,,0
cebik-w4rnl/models/Quads/nec/14-2elquad-sq-widesp.nec,ok,ok,0.00820641778409481,0.007323809899389744,,0
cebik-w4rnl/models/Quads/nec/14-3elopthgquad-12.nec,ok,ok,0.01520784106105566,0.014311516657471657,,0
cebik-w4rnl/models/Quads/nec/14-3eloptwbquad-12.nec,ok,ok,0.01588593516498804,0.014195104129612446,,0
cebik-w4rnl/models/Quads/nec/14-3elquad-12-W6SAI.nec,ok,ok,0.020508757792413235,0.015553295612335205,,0
cebik-w4rnl/models/Quads/nec/14-3elquad-14-K2OB.nec,ok,ok,0.021113846451044083,0.016218310222029686,,0
cebik-w4rnl/models/Quads/nec/14-3elquad-14-Yagisp.nec,ok,ok,0.020458891056478024,0.01622259709984064,,0
cebik-w4rnl/models/Quads/nec/14-4eloptquad-12.nec,ok,ok,0.019555450417101383,0.016490007750689983,,0
cebik-w4rnl/models/Quads/nec/14-5elquad-10-eqsp-W4RNL.nec,ok,ok,0.05139684770256281,0.03734188247472048,,0
cebik-w4rnl/models/Quads/nec/14-5elquad-14-K2OB-80ft.nec,ok,ok,0.04353787377476692,0.03018125332891941,,0
cebik-w4rnl/models/Quads/nec/14-5elquad-14-K2OB.nec,ok,ok,0.04309856239706278,0.030178959481418133,,0
cebik-w4rnl/models/Quads/nec/14-6elquad-8.nec,ok,ok,0.06600560434162617,0.046176995150744915,,0
cebik-w4rnl/models/Quads/nec/144-2eloptquad-12.nec,ok,ok,0.012523066252470016,0.010129541158676147,,0
cebik-w4rnl/models/Quads/nec/144-3eloctagon-50.nec,ok,ok,0.01476344745606184,0.0127789955586195,,0
cebik-w4rnl/models/Quads/nec/144-3elopthgquad-12.nec,ok,ok,0.015252760611474514,0.014007972553372383,,0
cebik-w4rnl/models/Quads/nec/144-3eloptwbquad-12.nec,ok,ok,0.015536189079284668,0.013613556511700153,,0
cebik-w4rnl/models/Quads/nec/144-4eloptquad-12.nec,ok,ok,0.019203491508960724,0.016817902214825153,,0
cebik-w4rnl/models/Quads/nec/144-6elquad-14.nec,ok,ok,0.06572783645242453,0.04597325995564461,,0
cebik-w4rnl/models/Quads/nec/18-24-2b5-6elquad-W4RNL.nec,ok,ok,0.15294805075973272,0.09061432909220457,1.6879,1
cebik-w4rnl/models/Quads/nec/18-2eloptquad-12.nec,ok,ok,0.012587194330990314,0.010089851915836334,,0
cebik-w4rnl/models/Quads/nec/18-2elquad-sq-14-679ftsp.nec,ok,ok,0.015474528074264526,0.008576319552958012,,0
cebik-w4rnl/models/Quads/nec/18-2elquad-sq-14-944ftsp.nec,ok,ok,0.013531415723264217,0.011079268530011177,,0
cebik-w4rnl/models/Quads/nec/18-3elopthgquad-12.nec,ok,ok,0.01536873821169138,0.014397365041077137,,0
cebik-w4rnl/models/Quads/nec/18-3eloptwbquad.nec,ok,ok,0.01553911529481411,0.013519374653697014,,0
cebik-w4rnl/models/Quads/nec/18-3elquad-14-reversible-AA2NN.nec,ok,ok,0.23141981102526188,0.20071770902723074,1.1530,1
cebik-w4rnl/models/Quads/nec/18-3elquad-14.nec,ok,ok,0.23652677796781063,0.19814414903521538,1.1937,1
cebik-w4rnl/models/Quads/nec/18-4eloptquad-12.nec,ok,ok,0.01916450820863247,0.01637258753180504,,0
cebik-w4rnl/models/Quads/nec/21-28-2b2elquad-14-spider.nec,ok,ok,0.013983773067593575,0.011165627278387547,,0
cebik-w4rnl/models/Quads/nec/21-2eloptquad-12.nec,ok,ok,0.012601286172866821,0.009999383240938187,,0
cebik-w4rnl/models/Quads/nec/21-2elquad-sq-14-580ftsp.nec,ok,ok,0.007463495247066021,0.0062138792127370834,,0
cebik-w4rnl/models/Quads/nec/21-2elquad-sq-14-8ftsp.nec,ok,ok,0.013327850960195065,0.011466587893664837,,0
cebik-w4rnl/models/Quads/nec/21-2elquad-sq-18-ARRL.nec,ok,ok,0.010282435454428196,0.009120977483689785,,0
cebik-w4rnl/models/Quads/nec/21-3elopthgquad-12.nec,ok,ok,0.015569167211651802,0.013985387980937958,,0
cebik-w4rnl/models/Quads/nec/21-3eloptwbquad-12.nec,ok,ok,0.015470277518033981,0.013574076816439629,,0
cebik-w4rnl/models/Quads/nec/21-4eloptquad-12.nec,ok,ok,0.019586822018027306,0.016713774763047695,,0
cebik-w4rnl/models/Quads/nec/21-5elquad-14-eqsp-W4RNL.nec,ok,ok,0.050693800672888756,0.0372043214738369,,0
cebik-w4rnl/models/Quads/nec/21-6elquad-8.nec,ok,ok,0.0656312620267272,0.04617441073060036,,0
cebik-w4rnl/models/Quads/nec/220-2eloptquad-12.nec,ok,ok,0.012509400956332684,0.010048304684460163,,0
cebik-w4rnl/models/Quads/nec/220-3elopthgquad-12.nec,ok,ok,0.015375564806163311,0.014088757336139679,,0
cebik-w4rnl/models/Quads/nec/220-3eloptwbquad-12.nec,ok,ok,0.015305462293326855,0.013588692992925644,,0
cebik-w4rnl/models/Quads/nec/220-4eloptquad-12.nec,ok,ok,0.019574365578591824,0.01664992794394493,,0
cebik-w4rnl/models/Quads/nec/24-1elloop-diamond-14.nec,ok,ok,0.024121375754475594,0.019865146838128567,,0
cebik-w4rnl/models/Quads/nec/24-1elloop-diamond-load-14.nec,ok,ok,0.030409349128603935,0.035326069220900536,,0
cebik-w4rnl/models/Quads/nec/24-2eloptquad-12.nec,ok,ok,0.012543872930109501,0.010043191723525524,,0
cebik-w4rnl/models/Quads/nec/24-2elquad-dia-14-675ftsp.nec,ok,ok,0.037414900958538055,0.028502955101430416,,0
cebik-w4rnl/models/Quads/nec/24-2elquad-sq-14-5ftsp.nec,ok,ok,0.006451958790421486,0.005833734758198261,,0
cebik-w4rnl/models/Quads/nec/24-2elquad-sq-14-685ftsp.nec,ok,ok,0.020255793817341328,0.010937041603028774,,0
cebik-w4rnl/models/Quads/nec/24-3elopthgquad-12.nec,ok,ok,0.01528762374073267,0.014369926415383816,,0
cebik-w4rnl/models/Quads/nec/24-3eloptwbquad-12.nec,ok,ok,0.01581478212028742,0.01357403676956892,,0
cebik-w4rnl/models/Quads/nec/24-4eloptquad-12.nec,ok,ok,0.019088069908320904,0.01637900620698929,,0
cebik-w4rnl/models/Quads/nec/28-1elloop-1.nec,ok,ok,0.009098440408706665,0.008518231101334095,,0
cebik-w4rnl/models/Quads/nec/28-1elloop-14.nec,ok,ok,0.008976869285106659,0.008413556031882763,,0
cebik-w4rnl/models/Quads/nec/28-1elloop-load-14.nec,ok,ok,0.01078867819160223,0.010247979313135147,,0
cebik-w4rnl/models/Quads/nec/28-2eldeltaloop-14.nec,ok,ok,0.02508186735212803,0.019400021992623806,,0
cebik-w4rnl/models/Quads/nec/28-2eloptquad-12.nec,ok,ok,0.012604978866875172,0.010407350026071072,,0
cebik-w4rnl/models/Quads/nec/28-2elquad-dia-load-14.nec,ok,ok,0.04064936004579067,0.029522581957280636,,0
cebik-w4rnl/models/Quads/nec/28-2elquad-sq-14-6ftsp.nec,ok,ok,0.013609408400952816,0.011071981862187386,,0
cebik-w4rnl/models/Quads/nec/28-2elquad-sq-14-medsp.nec,ok,ok,0.014062677510082722,0.011094004847109318,,0
cebik-w4rnl/models/Quads/nec/28-2elquad-sq-14-smallsp.nec,ok,ok,0.01361074298620224,0.01190993096679449,,0
cebik-w4rnl/models/Quads/nec/28-2elquad-sq-14-widesp.nec,ok,ok,0.01382187008857727,0.011107703670859337,,0
cebik-w4rnl/models/Quads/nec/28-2elquad-sq-14.nec,ok,ok,0.007700600661337376,0.006793621927499771,,0
cebik-w4rnl/models/Quads/nec/28-2elquad-sq-dblload-14.nec,ok,ok,0.06382795423269272,0.044132973067462444,,0
cebik-w4rnl/models/Quads/nec/28-2elquad-sq-load-14.nec,ok,ok,0.037836626172065735,0.028421545401215553,,0
cebik-w4rnl/models/Quads/nec/28-2elquad-sq-load.nec,ok,ok,0.02172586042433977,0.016226114705204964,,0
cebik-w4rnl/models/Quads/nec/28-2elswissdelta-14.nec,ok,ok,0.01116153597831726,0.010482543148100376,,0
cebik-w4rnl/models/Quads/nec/28-3elopthgquad-12.nec,ok,ok,0.015218140557408333,0.013400024734437466,,0
cebik-w4rnl/models/Quads/nec/28-3eloptwbquad-12.nec,ok,ok,0.015215879306197166,0.013528216630220413,,0
cebik-w4rnl/models/Quads/nec/28-3elquad-14-Yagisp.nec,ok,ok,0.02094344235956669,0.015727562829852104,,0
cebik-w4rnl/models/Quads/nec/28-3elquad-50-Yagisp.nec,ok,ok,0.02059969585388899,0.0165327163413167,,0
cebik-w4rnl/models/Quads/nec/28-4eloptquad-12.nec,ok,ok,0.01929533015936613,0.01633878145366907,,0
cebik-w4rnl/models/Quads/nec/28-5elquad-16-eqsp-W4RNL.nec,ok,ok,0.05056809447705746,0.03786902688443661,,0
cebik-w4rnl/models/Quads/nec/28-6elquad-8.nec,ok,ok,0.06576517596840858,0.04591645486652851,,0
cebik-w4rnl/models/Quads/nec/28-birdcage-dri-14.nec,ok,ok,0.01721182744950056,0.014917011372745037,,0
cebik-w4rnl/models/Quads/nec/28-birdcage-ref-14.nec,ok,ok,0.017167397774755955,0.015487191267311573,,0
cebik-w4rnl/models/Quads/nec/3band2elquad-14-1feed-a.nec,ok,ok,0.33585104811936617,0.22794196847826242,1.4734,1
cebik-w4rnl/models/Quads/nec/3band2elquad-14-1feed.nec,ok,ok,0.26630547642707825,0.17296227440238,1.5397,1
cebik-w4rnl/models/Quads/nec/3band4elquad-12-ARRL.nec,ok,ok,0.07029459718614817,0.044772653840482235,,0
cebik-w4rnl/models/Quads/nec/3r6-2eloptquad-12.nec,ok,ok,0.012690351344645023,0.010181335732340813,,0
cebik-w4rnl/models/Quads/nec/3r6-3elopthgquad-12.nec,ok,ok,0.01538330502808094,0.013998283073306084,,0
cebik-w4rnl/models/Quads/nec/3r6-3eloptwbquad-12.nec,ok,ok,0.015773403458297253,0.013612012378871441,,0
cebik-w4rnl/models/Quads/nec/3r6-4eloptquad-12.nec,ok,ok,0.018975180573761463,0.016791357658803463,,0
cebik-w4rnl/models/Quads/nec/3r9-2eloptquad-12.nec,ok,ok,0.012997177429497242,0.01006150059401989,,0
cebik-w4rnl/models/Quads/nec/3r9-3elopthgquad-12.nec,ok,ok,0.015325115993618965,0.014118700288236141,,0
cebik-w4rnl/models/Quads/nec/3r9-3eloptwbquad-12.nec,ok,ok,0.015519051812589169,0.014479237608611584,,0
cebik-w4rnl/models/Quads/nec/3r9-4eloptquad-12.nec,ok,ok,0.019196949899196625,0.016293654218316078,,0
cebik-w4rnl/models/Quads/nec/432-2eloptquad-12.nec,ok,ok,0.013000979088246822,0.010035521350800991,,0
cebik-w4rnl/models/Quads/nec/432-3elopthgquad-12.nec,ok,ok,0.01527645718306303,0.01356006320565939,,0
cebik-w4rnl/models/Quads/nec/432-3eloptwbquad-12.nec,ok,ok,0.015692210756242275,0.013827431946992874,,0
cebik-w4rnl/models/Quads/nec/432-4eloptquad-12.nec,ok,ok,0.019093582406640053,0.016408264636993408,,0
cebik-w4rnl/models/Quads/nec/50-2eloptquad-12.nec,ok,ok,0.013089514337480068,0.010322870686650276,,0
cebik-w4rnl/models/Quads/nec/50-3elopthgquad-12.nec,ok,ok,0.01534227840602398,0.01367844920605421,,0
cebik-w4rnl/models/Quads/nec/50-3eloptwbquad-12.nec,ok,ok,0.01527991984039545,0.013518126681447029,,0
cebik-w4rnl/models/Quads/nec/50-4eloptquad-12.nec,ok,ok,0.01970573700964451,0.01692873425781727,,0
cebik-w4rnl/models/Quads/nec/5band2elquad-planar-KC6T.nec,ok,ok,0.06053343694657087,0.03824909497052431,,0
cebik-w4rnl/models/Quads/nec/5band2elquad-spider-125wlsp.nec,ok,ok,0.06091609876602888,0.03810823801904917,,0
cebik-w4rnl/models/Quads/nec/5band2elquad-spider-174wlsp.nec,ok,ok,0.05978156719356775,0.037751211784780025,,0
cebik-w4rnl/models/Quads/nec/5band2elquad-spider-opt.nec,ok,ok,0.060938126407563686,0.038198042660951614,,0
cebik-w4rnl/models/Quads/nec/5band2elquad-spider-widesp.nec,ok,ok,0.06823715381324291,0.04572897218167782,,0
cebik-w4rnl/models/Quads/nec/5band3elquad-14-ON7NQ.nec,ok,ok,0.10919543914496899,0.06641775276511908,1.6441,1
cebik-w4rnl/models/Quads/nec/5band3elquad-14-sepfeed.nec,ok,ok,0.1086356807500124,0.06666902732104063,1.6295,1
cebik-w4rnl/models/Quads/nec/5band3r5elquad-12-ON7NQ.nec,ok,ok,0.13339624274522066,0.08723196852952242,1.5292,1
cebik-w4rnl/models/Quads/nec/5band4-5elquad-12-W4RNL.nec,ok,ok,0.21663630940020084,0.1277123037725687,1.6963,1
cebik-w4rnl/models/Quads/nec/5band4-5elquad-ON7NQ.nec,ok,ok,0.10253629181534052,0.06389287021011114,1.6048,1
cebik-w4rnl/models/Quads/nec/5band4elquad-12-GI0KVQ.nec,ok,ok,0.16345016285777092,0.10308178327977657,1.5856,1
cebik-w4rnl/models/Quads/nec/5band5-6elquad-12-W4RNL.nec,ok,ok,0.23700156807899475,0.13916280306875706,1.7031,1
cebik-w4rnl/models/Quads/nec/5r4-2eloptquad-12.nec,ok,ok,0.01256194431334734,0.010154078714549541,,0
cebik-w4rnl/models/Quads/nec/5r4-3elopthgquad-12.nec,ok,ok,0.015904544852674007,0.013623992912471294,,0
cebik-w4rnl/models/Quads/nec/5r4-3eloptwbquad-12.nec,ok,ok,0.015364992432296276,0.013623783364892006,,0
cebik-w4rnl/models/Quads/nec/5r4-4eloptquad-12.nec,ok,ok,0.01921006850898266,0.01709455158561468,,0
cebik-w4rnl/models/Quads/nec/7-2eloptquad-12.nec,ok,ok,0.012550228275358677,0.010184883140027523,,0
cebik-w4rnl/models/Quads/nec/7-3elopthgquad-12.nec,ok,ok,0.015708674676716328,0.014026561751961708,,0
cebik-w4rnl/models/Quads/nec/7-3eloptwbquad-12.nec,ok,ok,0.016000636853277683,0.0135303670540452,,0
cebik-w4rnl/models/Quads/nec/7-4eloptquad-12.nec,ok,ok,0.01946822553873062,0.016333237290382385,,0
cebik-w4rnl/models/Quads/nec/903-2eloptquad-12.nec,ok,ok,0.01259581372141838,0.010622934438288212,,0
cebik-w4rnl/models/Quads/nec/903-3elopthgquad-12.nec,ok,ok,0.015764622017741203,0.013605090789496899,,0
cebik-w4rnl/models/Quads/nec/903-3eloptwbquad-12.nec,ok,ok,0.015190819278359413,0.013969038613140583,,0
cebik-w4rnl/models/Quads/nec/903-4eloptquad-12.nec,ok,ok,0.01923066284507513,0.016603427939116955,,0
cebik-w4rnl/models/VHF-UHF/nec/100-FMJpole.nec,ok,ok,0.09045979846268892,0.08045093901455402,1.1244,1
cebik-w4rnl/models/VHF-UHF/nec/100-batwing+reflector.nec,ok,ok,0.1479890327900648,0.0820670360699296,1.8033,1
cebik-w4rnl/models/VHF-UHF/nec/100-batwing-wbdipole.nec,ok,ok,0.03241834323853254,0.024725367315113544,,0
cebik-w4rnl/models/VHF-UHF/nec/100-dual-rhombic.nec,ok,ok,2.3406002642586827,1.5473256278783083,1.5127,1
cebik-w4rnl/models/VHF-UHF/nec/1296-20elYagi-DL6WU.nec,ok,ok,0.045723555609583855,0.03393620066344738,,0
cebik-w4rnl/models/VHF-UHF/nec/1296-32elYagi-DL6WU.nec,ok,ok,0.08761840872466564,0.061169231310486794,1.4324,1
cebik-w4rnl/models/VHF-UHF/nec/1296-cornerrefl+dipole.nec,ok,ok,0.29734665993601084,0.18194133508950472,1.6343,1
cebik-w4rnl/models/VHF-UHF/nec/1296-cornerrefl-vertical.nec,ok,ok,0.08729511871933937,0.0573298716917634,1.5227,1
cebik-w4rnl/models/VHF-UHF/nec/1296-dual-rhombic-QST.nec,ok,ok,0.7392514226958156,0.5390615398064256,1.3714,1
cebik-w4rnl/models/VHF-UHF/nec/144-10elOWAYagi.nec,ok,ok,0.02311894204467535,0.01956037525087595,,0
cebik-w4rnl/models/VHF-UHF/nec/144-10elYagi-DL6WU.nec,ok,ok,0.02195320650935173,0.01865208614617586,,0
cebik-w4rnl/models/VHF-UHF/nec/144-11elOWAYagi.nec,ok,ok,0.025806047953665257,0.02068538498133421,,0
cebik-w4rnl/models/VHF-UHF/nec/144-12elOWAYagi.nec,ok,ok,0.027948451228439808,0.0227682301774621,,0
cebik-w4rnl/models/VHF-UHF/nec/144-13elquagi.nec,ok,ok,0.022125771269202232,0.018467634916305542,,0
cebik-w4rnl/models/VHF-UHF/nec/144-2elquad-vertical.nec,ok,ok,0.06353403069078922,0.035480220802128315,,0
cebik-w4rnl/models/VHF-UHF/nec/144-2elquad.nec,ok,ok,0.013763177208602428,0.011358184739947319,,0
cebik-w4rnl/models/VHF-UHF/nec/144-3elhalfsquare.nec,ok,ok,0.06281870696693659,0.0369816068559885,,0
cebik-w4rnl/models/VHF-UHF/nec/144-3elwbYagi-W6SAI.nec,ok,ok,0.010287048295140266,0.008590475656092167,,0
cebik-w4rnl/models/VHF-UHF/nec/144-58gp.nec,ok,ok,0.17681719828397036,0.11767301801592112,1.5026,1
cebik-w4rnl/models/VHF-UHF/nec/144-6elOWAYagi.nec,ok,ok,0.015144257806241512,0.013405625708401203,,0
cebik-w4rnl/models/VHF-UHF/nec/144-7elOWAYagi.nec,ok,ok,0.017100613564252853,0.01500698458403349,,0
cebik-w4rnl/models/VHF-UHF/nec/144-8elOWAYagi.nec,ok,ok,0.01921849697828293,0.016551200300455093,,0
cebik-w4rnl/models/VHF-UHF/nec/144-9elOWAYagi.nec,ok,ok,0.020992579869925976,0.017779197543859482,,0
cebik-w4rnl/models/VHF-UHF/nec/144-collinear-vertical.nec,ok,ok,0.04674893617630005,0.04285778570920229,,0
cebik-w4rnl/models/VHF-UHF/nec/144-dipole-vertical.nec,ok,ok,0.021427647210657597,0.017916515469551086,,0
cebik-w4rnl/models/VHF-UHF/nec/144-edz-delayline.nec,ok,ok,0.029331541620194912,0.023042858578264713,,0
cebik-w4rnl/models/VHF-UHF/nec/144-edz.nec,ok,ok,0.010529820807278156,0.009815700352191925,,0
cebik-w4rnl/models/VHF-UHF/nec/144-moxrect-1.nec,ok,ok,0.007946985773742199,0.006935691460967064,,0
cebik-w4rnl/models/VHF-UHF/nec/144-moxrect-125.nec,ok,ok,0.008475995622575283,0.008262786082923412,,0
cebik-w4rnl/models/VHF-UHF/nec/144-quadloop-vertical.nec,ok,ok,0.03131565637886524,0.020903553813695908,,0
cebik-w4rnl/models/VHF-UHF/nec/220-10elOWAYagi.nec,ok,ok,0.023139829747378826,0.019641384482383728,,0
cebik-w4rnl/models/VHF-UHF/nec/220-11elOWAYagi.nec,ok,ok,0.025719866156578064,0.02146831713616848,,0
cebik-w4rnl/models/VHF-UHF/nec/220-12elOWAYagi+2ref.nec,ok,ok,0.03041207417845726,0.0235145790502429,,0
cebik-w4rnl/models/VHF-UHF/nec/220-12elOWAYagi.nec,ok,ok,0.02787850610911846,0.036287582479417324,,0
cebik-w4rnl/models/VHF-UHF/nec/220-12elYagi-DL6WU.nec,ok,ok,0.024804409593343735,0.020642584189772606,,0
cebik-w4rnl/models/VHF-UHF/nec/220-13elYagi-SM5BSZ.nec,ok,ok,0.0298910578712821,0.02409979235380888,,0
cebik-w4rnl/models/VHF-UHF/nec/220-13elquagi-Buchanen.nec,ok,ok,0.02225628774613142,0.018938676454126835,,0
cebik-w4rnl/models/VHF-UHF/nec/220-14elYagi-W4RNL.nec,ok,ok,0.018186909146606922,0.015574122779071331,,0
cebik-w4rnl/models/VHF-UHF/nec/220-15elYagi-Buchanan.nec,ok,ok,0.03177811950445175,0.016764377243816853,,0
cebik-w4rnl/models/VHF-UHF/nec/220-16elYagi-DL6WU.nec,ok,ok,0.034294075332582,0.02709716558456421,,0
cebik-w4rnl/models/VHF-UHF/nec/220-18elYagi-DL6WU.nec,ok,ok,0.03959521930664778,0.030743571929633617,,0
cebik-w4rnl/models/VHF-UHF/nec/220-21elYagi-DL6WU.nec,ok,ok,0.04790040757507086,0.03637711517512798,,0
cebik-w4rnl/models/VHF-UHF/nec/220-26elYagi-Dl6WU.nec,ok,ok,0.06574187520891428,0.04684731923043728,,0
cebik-w4rnl/models/VHF-UHF/nec/220-27elYagi-DJ9BV.nec,ok,ok,0.033765711821615696,0.026467726565897465,,0
cebik-w4rnl/models/VHF-UHF/nec/220-33elYagi.nec,ok,ok,0.09223201498389244,0.0634847367182374,1.4528,1
cebik-w4rnl/models/VHF-UHF/nec/220-3elYagi.nec,ok,ok,0.007005657069385052,0.0062108831480145454,,0
cebik-w4rnl/models/VHF-UHF/nec/220-4elwbYagi.nec,ok,ok,0.009734557941555977,0.009045182727277279,,0
cebik-w4rnl/models/VHF-UHF/nec/220-6elOWAYagi-a.nec,ok,ok,0.015209229663014412,0.013571325689554214,,0
cebik-w4rnl/models/VHF-UHF/nec/220-6elOWAYagi.nec,ok,ok,0.015011567622423172,0.013294175267219543,,0
cebik-w4rnl/models/VHF-UHF/nec/220-7elOWAYagi-a.nec,ok,ok,0.0170670123770833,0.01533039566129446,,0
cebik-w4rnl/models/VHF-UHF/nec/220-7elOWAYagi.nec,ok,ok,0.01748786773532629,0.014953392557799816,,0
cebik-w4rnl/models/VHF-UHF/nec/220-8elOWAYagi-a.nec,ok,ok,0.03144387062638998,0.02645778190344572,,0
cebik-w4rnl/models/VHF-UHF/nec/220-8elOWAYagi.nec,ok,ok,0.014679726213216782,0.013095567002892494,,0
cebik-w4rnl/models/VHF-UHF/nec/220-9elOWAYagi.nec,ok,ok,0.02094351314008236,0.018256607465445995,,0
cebik-w4rnl/models/VHF-UHF/nec/300-Lindenblad.nec,ok,ok,0.010057742707431316,0.008912147022783756,,0
cebik-w4rnl/models/VHF-UHF/nec/300-turnstile-dipoles.nec,ok,ok,0.007442622445523739,0.006677129305899143,,0
cebik-w4rnl/models/VHF-UHF/nec/432-10elOWAYagi-14.nec,ok,ok,0.02346246223896742,0.019351845607161522,,0
cebik-w4rnl/models/VHF-UHF/nec/432-10elYagi-DL6WU.nec,ok,ok,0.02090513240545988,0.018733112141489983,,0
cebik-w4rnl/models/VHF-UHF/nec/432-11elOWAYagi-14.nec,ok,ok,0.025104744359850883,0.02106119692325592,,0
cebik-w4rnl/models/VHF-UHF/nec/432-12elOWAYagi+2ref-4mm.nec,ok,ok,0.0331651521846652,0.026341397315263748,,0
cebik-w4rnl/models/VHF-UHF/nec/432-12elOWAYagi-10mm.nec,ok,ok,0.04671819135546684,0.022271452471613884,,0
cebik-w4rnl/models/VHF-UHF/nec/432-12elOWAYagi-14.nec,ok,ok,0.027841798961162567,0.02289139200001955,,0
cebik-w4rnl/models/VHF-UHF/nec/432-12elOWAYagi-4mm.nec,ok,ok,0.033248391933739185,0.02579502295702696,,0
cebik-w4rnl/models/VHF-UHF/nec/432-14elYagi-DL6WU.nec,ok,ok,0.028678301721811295,0.02330191060900688,,0
cebik-w4rnl/models/VHF-UHF/nec/432-16elYagi-DL6WU.nec,ok,ok,0.03444149997085333,0.02669696696102619,,0
cebik-w4rnl/models/VHF-UHF/nec/432-18elYagi-DL6WU.nec,ok,ok,0.03997259121388197,0.030616787262260914,,0
cebik-w4rnl/models/VHF-UHF/nec/432-18elYagi.nec,ok,ok,0.03954065311700106,0.030845800414681435,,0
cebik-w4rnl/models/VHF-UHF/nec/432-20elYagi-DL6WU.nec,ok,ok,0.04524200223386288,0.03414960391819477,,0
cebik-w4rnl/models/VHF-UHF/nec/432-21-elOWAYagi-4mm.nec,ok,ok,0.05265946686267853,0.03749956376850605,,0
cebik-w4rnl/models/VHF-UHF/nec/432-21elYagi-DL6WU.nec,ok,ok,0.04801699332892895,0.03613301459699869,,0
cebik-w4rnl/models/VHF-UHF/nec/432-25elYagi.nec,ok,ok,0.06267280597239733,0.044225589372217655,,0
cebik-w4rnl/models/VHF-UHF/nec/432-26elYagi-DL6WU.nec,ok,ok,0.06521162390708923,0.04635862819850445,,0
cebik-w4rnl/models/VHF-UHF/nec/432-26elYagi-SM5BSZ.nec,ok,ok,0.06580618303269148,0.046713972464203835,,0
cebik-w4rnl/models/VHF-UHF/nec/432-27elYagi-DJ9BV.nec,ok,ok,0.06911291927099228,0.048753672279417515,,0
cebik-w4rnl/models/VHF-UHF/nec/432-31elYagi.nec,ok,ok,0.08405798673629761,0.05863592214882374,1.4336,1
cebik-w4rnl/models/VHF-UHF/nec/432-32elYagi-DL6WU.nec,ok,ok,0.08743155561387539,0.06095655169337988,1.4343,1
cebik-w4rnl/models/VHF-UHF/nec/432-32elwbYagi-VK3AUU.nec,ok,ok,0.08881999272853136,0.0618284922093153,1.4366,1
cebik-w4rnl/models/VHF-UHF/nec/432-40elYagi-K1FO.nec,ok,ok,0.14910526014864445,0.08532760106027126,1.7474,1
cebik-w4rnl/models/VHF-UHF/nec/432-41elwbYagi-VK3AUU.nec,ok,ok,0.13030566833913326,0.08810593653470278,1.4790,1
cebik-w4rnl/models/VHF-UHF/nec/432-43elYagi-VE7SQB.nec,ok,ok,0.16558554396033287,0.09624639432877302,1.7204,1
cebik-w4rnl/models/VHF-UHF/nec/432-4elwbYagi-W4RNL.nec,ok,ok,0.00848193746060133,0.013540122658014297,,0
cebik-w4rnl/models/VHF-UHF/nec/432-58gp.nec,ok,ok,0.03030067402869463,0.025554265826940536,,0
cebik-w4rnl/models/VHF-UHF/nec/432-58splitvertical-WA6SVT.nec,ok,ok,0.04170782957226038,0.026487035676836967,,0
cebik-w4rnl/models/VHF-UHF/nec/432-6elOWAYagi-14.nec,ok,ok,0.015086081810295582,0.013488230295479298,,0
cebik-w4rnl/models/VHF-UHF/nec/432-6elwbYagi-W4RNL.nec,ok,ok,0.010752053931355476,0.009554566815495491,,0
cebik-w4rnl/models/VHF-UHF/nec/432-7elOWAYagi-14.nec,ok,ok,0.017026416026055813,0.014925889670848846,,0
cebik-w4rnl/models/VHF-UHF/nec/432-8elOWAYagi-14.nec,ok,ok,0.01894052978605032,0.01658583339303732,,0
cebik-w4rnl/models/VHF-UHF/nec/432-8elYagi-ARRL.nec,ok,ok,0.014826670289039612,0.01318354718387127,,0
cebik-w4rnl/models/VHF-UHF/nec/432-8elYagi-DL6WU.nec,ok,ok,0.01783751603215933,0.015596807934343815,,0
cebik-w4rnl/models/VHF-UHF/nec/432-8elwbYagi-W4RNL.nec,ok,ok,0.02351082768291235,0.013064322993159294,,0
cebik-w4rnl/models/VHF-UHF/nec/432-8elwireYagi-14.nec,ok,ok,0.013142629526555538,0.012296532280743122,,0
cebik-w4rnl/models/VHF-UHF/nec/432-9elOWAYagi-14.nec,ok,ok,0.02136228885501623,0.017729446291923523,,0
cebik-w4rnl/models/VHF-UHF/nec/432-batwing+reflector.nec,ok,ok,0.31194821279495955,0.19874749146401882,1.5696,1
cebik-w4rnl/models/VHF-UHF/nec/432-batwing-wbdipole.nec,ok,ok,0.032320428639650345,0.024760239757597446,,0
cebik-w4rnl/models/VHF-UHF/nec/432-collinearvertical-GP.nec,ok,ok,0.047216388396918774,0.03928485978394747,,0
cebik-w4rnl/models/VHF-UHF/nec/432-cornerrefl+dipole-a.nec,ok,ok,0.10173824615776539,0.06606344785541296,1.5400,1
cebik-w4rnl/models/VHF-UHF/nec/432-cornerrefl+dipole-b.nec,ok,ok,0.29675781819969416,0.19704631343483925,1.5060,1
cebik-w4rnl/models/VHF-UHF/nec/432-cornerrefl+dipole.nec,ok,ok,0.1776350438594818,0.11735842749476433,1.5136,1
cebik-w4rnl/models/VHF-UHF/nec/432-cornerrefl-horiz.nec,ok,ok,0.6964632226154208,0.3564922511577606,1.9537,1
cebik-w4rnl/models/VHF-UHF/nec/432-cornerrefl-vertical.nec,ok,ok,0.08750612288713455,0.05704346764832735,1.5340,1
cebik-w4rnl/models/VHF-UHF/nec/432-cornerrefl-wiregrid-large.nec,ok,ok,1.694374336861074,0.9298627208918333,1.8222,1
cebik-w4rnl/models/VHF-UHF/nec/432-cornerrefl-wiregrid-small.nec,ok,ok,0.15758341550827026,0.10782133415341377,1.4615,1
cebik-w4rnl/models/VHF-UHF/nec/432-dbldiamond-wiregridplanarrefl.nec,ok,ok,0.4336911952123046,0.2627921933308244,1.6503,1
cebik-w4rnl/models/VHF-UHF/nec/432-flatcornerrefl+dipole.nec,ok,ok,0.13005885388702154,0.08534068986773491,1.5240,1
cebik-w4rnl/models/VHF-UHF/nec/432-tri-cornerrefl.nec,ok,ok,2.006600784137845,1.1042355690151453,1.8172,1
cebik-w4rnl/models/VHF-UHF/nec/432-vertical-GP-125.nec,ok,ok,0.023456797003746033,0.019907276146113873,,0
cebik-w4rnl/models/VHF-UHF/nec/50-12elXquad-14.nec,ok,ok,0.07314243353903294,0.04712499212473631,,0
cebik-w4rnl/models/VHF-UHF/nec/50-2eldr-dirYagi.nec,ok,ok,0.006964781321585178,0.006230209954082966,,0
cebik-w4rnl/models/VHF-UHF/nec/50-2elwbYagi-W6SAI.nec,ok,ok,0.0070466818287968636,0.0062949443235993385,,0
cebik-w4rnl/models/VHF-UHF/nec/50-3elquad-14.nec,ok,ok,0.020876068621873856,0.015357131138443947,,0
cebik-w4rnl/models/VHF-UHF/nec/50-3elwbYagi-W6SAI.nec,ok,ok,0.00869500357657671,0.008385591208934784,,0
cebik-w4rnl/models/VHF-UHF/nec/50-4elhigainYagi-W1VT.nec,ok,ok,0.007932255044579506,0.007596001029014587,,0
cebik-w4rnl/models/VHF-UHF/nec/50-6elOWAYagi.nec,ok,ok,0.017774201929569244,0.015135323628783226,,0
cebik-w4rnl/models/VHF-UHF/nec/50-7elOWAYagi.nec,ok,ok,0.019488459452986717,0.017469982616603374,,0
cebik-w4rnl/models/VHF-UHF/nec/50-8elOWAYagi.nec,ok,ok,0.022618968039751053,0.018777943216264248,,0
cebik-w4rnl/models/VHF-UHF/nec/50-9elYagi-ON4ANT.nec,ok,ok,0.048555715940892696,0.03631951939314604,,0
cebik-w4rnl/models/VHF-UHF/nec/50-dipole-turnstile.nec,ok,ok,0.06387968640774488,0.06272760313004255,1.0184,1
cebik-w4rnl/models/VHF-UHF/nec/50-lazyH-phasedarray.nec,ok,ok,0.24083741009235382,0.1414821268990636,1.7022,1
cebik-w4rnl/models/VHF-UHF/nec/50-lazyH.nec,ok,ok,0.13350039441138506,0.0921838991343975,1.4482,1
cebik-w4rnl/models/VHF-UHF/nec/50-moxrect-14.nec,ok,ok,0.04396401811391115,0.027495400980114937,,0
cebik-w4rnl/models/VHF-UHF/nec/50-moxrect-50.nec,ok,ok,0.04451080225408077,0.02843388356268406,,0
cebik-w4rnl/models/VHF-UHF/nec/50-quad-turnstile.nec,ok,ok,0.1184195326641202,0.08974088821560144,1.3196,1
cebik-w4rnl/models/VHF-UHF/nec/50-quadrectangle-horiz.nec,ok,ok,0.011887996457517147,0.011306166648864746,,0
cebik-w4rnl/models/VHF-UHF/nec/850-dbldiamond-planarrefl.nec,ok,ok,0.03582650050520897,0.025960080325603485,,0
cebik-w4rnl/models/VHF-UHF/nec/903-20elYagi-DL6WU.nec,ok,ok,0.045007227919995785,0.03456712234765291,,0
cebik-w4rnl/models/VHF-UHF/nec/903-32elYagi-DL6WU.nec,ok,ok,0.08776460122317076,0.06091281957924366,1.4408,1
cebik-w4rnl/models/VHF-UHF/nec/903-cornerrefl-vertical.nec,ok,ok,0.08741780463606119,0.05714509263634682,1.5298,1
cebik-w4rnl/models/Verticals/nec/10-3elparasitic-sngnd.nec,ok,ok,0.2892903983592987,0.19650541990995407,1.4722,1
cebik-w4rnl/models/Verticals/nec/10-3elwireparasitic-sngnd.nec,ok,ok,0.12605520151555538,0.11601743567734957,1.0865,1
cebik-w4rnl/models/Verticals/nec/10-bobtailcurtain-14.nec,ok,ok,0.19554887991398573,0.1842255163937807,1.0615,1
cebik-w4rnl/models/Verticals/nec/10-dblrect-14.nec,ok,ok,0.22744734212756157,0.21719361376017332,1.0472,1
cebik-w4rnl/models/Verticals/nec/10-dpl-spiralhats-sngnd.nec,ok,ok,0.0861456161364913,0.07367009669542313,1.1693,1
cebik-w4rnl/models/Verticals/nec/10-halfsquare-12.nec,ok,ok,0.19482678547501564,0.1838243268430233,1.0599,1
cebik-w4rnl/models/Verticals/nec/10-hsbeam-12.nec,ok,ok,0.22862330358475447,0.19272893574088812,1.1862,1
cebik-w4rnl/models/Verticals/nec/10-quadloop-dia-12.nec,ok,ok,0.2078844364732504,0.18893373291939497,1.1003,1
cebik-w4rnl/models/Verticals/nec/10-quadloop-sq-12.nec,ok,ok,0.12736428249627352,0.11615217197686434,1.0965,1
cebik-w4rnl/models/Verticals/nec/10-rect-14.nec,ok,ok,0.19671780336648226,0.18455902487039566,1.0659,1
cebik-w4rnl/models/Verticals/nec/10-sterba-12.nec,ok,ok,0.33724990393966436,0.2618799675256014,1.2878,1
cebik-w4rnl/models/Verticals/nec/10-sterba-ctrfed-12.nec,ok,ok,0.3436146844178438,0.2791974935680628,1.2307,1
cebik-w4rnl/models/Verticals/nec/14-monopole-4rad.nec,ok,ok,0.22853078972548246,0.20655883383005857,1.1064,1
cebik-w4rnl/models/Verticals/nec/14-monopole-4sloperad.nec,ok,ok,0.16725390031933784,0.14727145805954933,1.1357,1
cebik-w4rnl/models/Verticals/nec/144-14gp-45deg.nec,ok,ok,0.10542251914739609,0.07441646512597799,1.4167,1
cebik-w4rnl/models/Verticals/nec/144-14gp.nec,ok,ok,0.10296092741191387,0.0725250169634819,1.4197,1
cebik-w4rnl/models/Verticals/nec/144-14vertical-GP-fat.nec,ok,ok,0.04103422723710537,0.026053513400256634,,0
cebik-w4rnl/models/Verticals/nec/144-2elBobtail.nec,ok,ok,0.16715852450579405,0.09510114323347807,1.7577,1
cebik-w4rnl/models/Verticals/nec/144-2elhalfsquare.nec,ok,ok,0.039226233959198,0.024833633564412594,,0
cebik-w4rnl/models/Verticals/nec/144-3eljpoleYagi-375.nec,ok,ok,0.28305829782038927,0.22180353663861752,1.2762,1
cebik-w4rnl/models/Verticals/nec/144-Jpole-50.nec,ok,ok,0.006991035304963589,0.006329234689474106,,0
cebik-w4rnl/models/Verticals/nec/144-Jpole58-375.nec,ok,ok,0.01861274428665638,0.012345915660262108,,0
cebik-w4rnl/models/Verticals/nec/144-edz-vertical.nec,ok,ok,0.03909654915332794,0.034028555266559124,,0
cebik-w4rnl/models/Verticals/nec/144-halfsquare.nec,ok,ok,0.019167602993547916,0.014033728279173374,,0
cebik-w4rnl/models/Verticals/nec/18-jpole-12.nec,ok,ok,0.007034034468233585,0.006031565368175507,,0
cebik-w4rnl/models/Verticals/nec/1r8-dblrect-12.nec,ok,ok,0.24191512633115053,0.21667669247835875,1.1165,1
cebik-w4rnl/models/Verticals/nec/1r8-monopole-12rad-lentpr.nec,ok,ok,0.24148451909422874,0.22530130483210087,1.0718,1
cebik-w4rnl/models/Verticals/nec/1r8-monopole-4rad-lentpr.nec,ok,ok,0.2067953934893012,0.20261070411652327,1.0207,1
cebik-w4rnl/models/Verticals/nec/1r8-monopole-60rad-lentpr.nec,ok,ok,0.7959403125569224,0.3880782378837466,2.0510,1
cebik-w4rnl/models/Verticals/nec/1r8-rect-12.nec,ok,ok,0.21272964496165514,0.20019774325191975,1.0626,1
cebik-w4rnl/models/Verticals/nec/1r8-thatmonopole-mingnd.nec,ok,ok,0.007079940289258957,0.006297830492258072,,0
cebik-w4rnl/models/Verticals/nec/1r8-thatwiremonopole-mingnd.nec,ok,ok,0.008132575079798698,0.007396230474114418,,0
cebik-w4rnl/models/Verticals/nec/21-jpole-12.nec,ok,ok,0.006693716160953045,0.006049279123544693,,0
cebik-w4rnl/models/Verticals/nec/24-jpole-12.nec,ok,ok,0.006644872948527336,0.005948525853455067,,0
cebik-w4rnl/models/Verticals/nec/28-jpole-12.nec,ok,ok,0.006473734974861145,0.0058599915355443954,,0
cebik-w4rnl/models/Verticals/nec/28-monopole-4rad.nec,ok,ok,0.21078018005937338,0.18137742020189762,1.1621,1
cebik-w4rnl/models/Verticals/nec/28-monopole-4sloperad.nec,ok,ok,0.087761958129704,0.07423087488859892,1.1823,1
cebik-w4rnl/models/Verticals/nec/3-monopole-16hat-pergnd.nec,ok,ok,0.010742215439677238,0.009218055754899979,,0
cebik-w4rnl/models/Verticals/nec/3-monopole-16hat-perim-pergnd.nec,ok,ok,0.017893124371767044,0.014793374575674534,,0
cebik-w4rnl/models/Verticals/nec/3-monopole-4hat-pergnd.nec,ok,ok,0.007436040788888931,0.006973952986299992,,0
cebik-w4rnl/models/Verticals/nec/3-monopole-4hat-perim-pergnd.nec,ok,ok,0.00869823805987835,0.007872202433645725,,0
cebik-w4rnl/models/Verticals/nec/300-11eldplarray.nec,ok,ok,0.06394282635301352,0.05833605024963617,1.0961,1
cebik-w4rnl/models/Verticals/nec/300-20eldplarray.nec,ok,ok,0.11169843934476376,0.09762213844805956,1.1442,1
cebik-w4rnl/models/Verticals/nec/300-30eldplarray.nec,ok,ok,0.18168886750936508,0.14848352130502462,1.2236,1
cebik-w4rnl/models/Verticals/nec/3r5-equidelta-fs-12.nec,ok,ok,0.00854575913399458,0.008071384392678738,,0
cebik-w4rnl/models/Verticals/nec/3r6-alt2shortequidelta-sngnd-12.nec,ok,ok,0.15079627092927694,0.13870932906866074,1.0871,1
cebik-w4rnl/models/Verticals/nec/3r6-alt3shortequidelta-sngnd-12.nec,ok,ok,0.1528048813343048,0.13899302948266268,1.0994,1
cebik-w4rnl/models/Verticals/nec/3r6-altshortequidelta-sngnd-12.nec,ok,ok,0.1540584098547697,0.14157772716134787,1.0882,1
cebik-w4rnl/models/Verticals/nec/3r6-bobtailbeam-12.nec,ok,ok,0.26497778948396444,0.2518198098987341,1.0523,1
cebik-w4rnl/models/Verticals/nec/3r6-bobtailcurtain-12.nec,ok,ok,0.23757177405059338,0.22400084976106882,1.0606,1
cebik-w4rnl/models/Verticals/nec/3r6-dbldelta-sngnd-12.nec,ok,ok,0.2148911627009511,0.19599220901727676,1.0964,1
cebik-w4rnl/models/Verticals/nec/3r6-dblrect-12.nec,ok,ok,0.23330210242420435,0.2104417160153389,1.1086,1
cebik-w4rnl/models/Verticals/nec/3r6-halfsquare-12.nec,ok,ok,0.2016867883503437,0.19104952458292246,1.0557,1
cebik-w4rnl/models/Verticals/nec/3r6-hentenna-12.nec,ok,ok,0.2052797945216298,0.19272878672927618,1.0651,1
cebik-w4rnl/models/Verticals/nec/3r6-hsbeam-12.nec,ok,ok,0.2240973161533475,0.209992622025311,1.0672,1
cebik-w4rnl/models/Verticals/nec/3r6-hsbeam-reverible-12.nec,ok,ok,0.22464574594050646,0.215023098513484,1.0448,1
cebik-w4rnl/models/Verticals/nec/3r6-opendblrect-12.nec,ok,ok,0.2256102990359068,0.19809383619576693,1.1389,1
cebik-w4rnl/models/Verticals/nec/3r6-parasitichentennas-12-N2DT.nec,ok,ok,0.23740296717733145,0.20912144519388676,1.1352,1
cebik-w4rnl/models/Verticals/nec/3r6-phasedhentennas-12-N2DT.nec,ok,ok,0.23464679159224033,0.20637599285691977,1.1370,1
cebik-w4rnl/models/Verticals/nec/3r6-rectangle-12.nec,ok,ok,0.20375785790383816,0.19268116727471352,1.0575,1
cebik-w4rnl/models/Verticals/nec/3r6-rtangdelta-fs-12.nec,ok,ok,0.007463610731065273,0.006740167737007141,,0
cebik-w4rnl/models/Verticals/nec/3r6-shortequidelta-sngnd-12.nec,ok,ok,0.15307665150612593,0.139356916770339,1.0985,1
cebik-w4rnl/models/Verticals/nec/3r6-vert-coilhat.nec,ok,ok,0.016823207028210163,0.014009225182235241,,0
cebik-w4rnl/models/Verticals/nec/3r6-vert-spiralhat.nec,ok,ok,0.023937267251312733,0.019199184142053127,,0
cebik-w4rnl/models/Verticals/nec/3r6-vert-symradhat.nec,ok,ok,0.053692216984927654,0.036958311684429646,,0
cebik-w4rnl/models/Verticals/nec/3r6-vert-teehat.nec,ok,ok,0.012784377671778202,0.011321836151182652,,0
cebik-w4rnl/models/Verticals/nec/3r6-vert-zigzaghat.nec,ok,ok,0.01813439466059208,0.015033690258860588,,0
cebik-w4rnl/models/Verticals/nec/50-Lant-375.nec,ok,ok,0.06856006942689419,0.06596437748521566,1.0393,1
cebik-w4rnl/models/Verticals/nec/50-Lant-50.nec,ok,ok,0.06812200136482716,0.08400779590010643,0.8109,1
cebik-w4rnl/models/Verticals/nec/5r4-bobtailcurtain-14.nec,ok,ok,0.2047223523259163,0.1933655934408307,1.0587,1
cebik-w4rnl/models/Verticals/nec/5r4-dblrect-14.nec,ok,ok,0.23574450239539146,0.21781467739492655,1.0823,1
cebik-w4rnl/models/Verticals/nec/5r4-halfsquare-12.nec,ok,ok,0.2036654781550169,0.19220284651964903,1.0596,1
cebik-w4rnl/models/Verticals/nec/5r4-opendblrect-12.nec,ok,ok,0.22309285588562489,0.201289520598948,1.1083,1
cebik-w4rnl/models/Verticals/nec/5r4-rect-14.nec,ok,ok,0.22216092981398106,0.1936807418242097,1.1470,1
cebik-w4rnl/models/Verticals/nec/7-2elphased-mingnd.nec,ok,ok,0.0065140798687934875,0.005926882848143578,,0
cebik-w4rnl/models/Verticals/nec/7-2monopoles-parasitic.nec,ok,ok,0.005379430949687958,0.004934594035148621,,0
cebik-w4rnl/models/Verticals/nec/7-2monopoles-phased.nec,ok,ok,0.006539053283631802,0.005777439102530479,,0
cebik-w4rnl/models/Verticals/nec/7-3elcaploadparasitic-sngnd.nec,ok,ok,0.35472848918288946,0.24901765119284391,1.4245,1
cebik-w4rnl/models/Verticals/nec/7-3elhatloadparasitic-sngnd.nec,ok,ok,0.31788444891572,0.24346806202083826,1.3057,1
cebik-w4rnl/models/Verticals/nec/7-3elparasitic-sngnd.nec,ok,ok,0.2491750093176961,0.18323932029306889,1.3598,1
cebik-w4rnl/models/Verticals/nec/7-3elvertYagi-mingnd-1.nec,ok,ok,0.010926742106676102,0.010416258126497269,,0
cebik-w4rnl/models/Verticals/nec/7-3elwireparasitic-sngnd.nec,ok,ok,0.1315040746703744,0.12074821162968874,1.0891,1
cebik-w4rnl/models/Verticals/nec/7-bobtailcurtain-14.nec,ok,ok,0.1879147905856371,0.17619442753493786,1.0665,1
cebik-w4rnl/models/Verticals/nec/7-bruce-12.nec,ok,ok,0.014870203100144863,0.013385810889303684,,0
cebik-w4rnl/models/Verticals/nec/7-dbldelta-sngnd-12.nec,ok,ok,0.20090851467102766,0.1906895050778985,1.0536,1
cebik-w4rnl/models/Verticals/nec/7-dblrect-14.nec,ok,ok,0.21743012685328722,0.2018632097169757,1.0771,1
cebik-w4rnl/models/Verticals/nec/7-dpl-hats-sngnd.nec,ok,ok,0.14581059478223324,0.13096104003489017,1.1134,1
cebik-w4rnl/models/Verticals/nec/7-dpl-spiralhats-sngnd.nec,ok,ok,0.07864601910114288,0.06875638570636511,1.1438,1
cebik-w4rnl/models/Verticals/nec/7-equidelta-fs-12.nec,ok,ok,0.008380411192774773,0.008015294559299946,,0
cebik-w4rnl/models/Verticals/nec/7-halfsquare-12.nec,ok,ok,0.18780751153826714,0.209549056366086,0.8962,1
cebik-w4rnl/models/Verticals/nec/7-halfwlvert-6parasiticguys.nec,ok,ok,0.4582012193277478,0.3796753063797951,1.2068,1
cebik-w4rnl/models/Verticals/nec/7-hsbeam-12.nec,ok,ok,0.20582961197942495,0.19737429171800613,1.0428,1
cebik-w4rnl/models/Verticals/nec/7-monopole-4sloperad-sngnd.nec,ok,ok,0.12692325841635466,0.12234095484018326,1.0375,1
cebik-w4rnl/models/Verticals/nec/7-monopole-6rad-sngnd.nec,ok,ok,0.2417861483991146,0.19249514304101467,1.2561,1
cebik-w4rnl/models/Verticals/nec/7-opendblrect-12.nec,ok,ok,0.20993472915142775,0.18505052011460066,1.1345,1
cebik-w4rnl/models/Verticals/nec/7-quadloop-dia-12.nec,ok,ok,0.20009803492575884,0.19049158412963152,1.0504,1
cebik-w4rnl/models/Verticals/nec/7-quadloop-sq-12.nec,ok,ok,0.13303321413695812,0.12145563960075378,1.0953,1
cebik-w4rnl/models/Verticals/nec/7-rect-14.nec,ok,ok,0.18929824605584145,0.17651764675974846,1.0724,1
cebik-w4rnl/models/Verticals/nec/7-rtangdelta-sngnd-12.nec,ok,ok,0.1827321955934167,0.17781188990920782,1.0277,1
cebik-w4rnl/models/Verticals/nec/7-smallloop-1.nec,ok,ok,0.014586631208658218,0.012834731489419937,,0
cebik-w4rnl/models/Verticals/nec/7-sterba-12.nec,ok,ok,0.3326450614258647,0.2557832468301058,1.3005,1
cebik-w4rnl/models/Verticals/nec/7-sterba-ctrfed-12.nec,ok,ok,0.3182721585035324,0.2740078214555979,1.1615,1
cebik-w4rnl/models/Wire-Arrays/nec/10-28-hordelta-cnrfd-12.nec,ok,ok,0.16229946911334991,0.1431469852104783,1.1338,1
cebik-w4rnl/models/Wire-Arrays/nec/10-2elYagi-reversible-12.nec,ok,ok,0.007582393474876881,0.006618351675570011,,0
cebik-w4rnl/models/Wire-Arrays/nec/10-3elYagi-14.nec,ok,ok,0.2015167335048318,0.18317665252834558,1.1001,1
cebik-w4rnl/models/Wire-Arrays/nec/10-8jk-12.nec,ok,ok,0.19281771406531334,0.18296141736209393,1.0539,1
cebik-w4rnl/models/Wire-Arrays/nec/10-halfsq-14.nec,ok,ok,0.22266254294663668,0.20564747601747513,1.0827,1
cebik-w4rnl/models/Wire-Arrays/nec/14-28-rhombic21-12.nec,ok,ok,0.05080432817339897,0.03907429985702038,,0
cebik-w4rnl/models/Wire-Arrays/nec/14-3eledzbeam-12.nec,ok,ok,0.07350037433207035,0.06653252895921469,1.1047,1
cebik-w4rnl/models/Wire-Arrays/nec/14-5wllongwire-endfd-12.nec,ok,ok,0.42220614198595285,0.28249478805810213,1.4946,1
cebik-w4rnl/models/Wire-Arrays/nec/14-8jk-12.nec,ok,ok,0.20477387867867947,0.19647989328950644,1.0422,1
cebik-w4rnl/models/Wire-Arrays/nec/14-N4PCloop-12.nec,ok,ok,0.029361087828874588,0.023496723733842373,,0
cebik-w4rnl/models/Wire-Arrays/nec/14-halfsq-14.nec,ok,ok,0.24507845286279917,0.2080358611419797,1.1781,1
cebik-w4rnl/models/Wire-Arrays/nec/14-halfsqbeam-14.nec,ok,ok,0.22553072962909937,0.2051512822508812,1.0993,1
cebik-w4rnl/models/Wire-Arrays/nec/14-slopet2fd-12.nec,ok,ok,0.2089339131489396,0.19243357796221972,1.0857,1
cebik-w4rnl/models/Wire-Arrays/nec/14-trianglebeam-12.nec,ok,ok,0.6134929228574038,0.41566800232976675,1.4759,1
cebik-w4rnl/models/Wire-Arrays/nec/14-vbeam-12.nec,ok,ok,0.4424185585230589,0.28494696225970984,1.5526,1
cebik-w4rnl/models/Wire-Arrays/nec/1r8-28-horhexloop-12.nec,ok,ok,0.2987218238413334,0.23958237562328577,1.2468,1
cebik-w4rnl/models/Wire-Arrays/nec/1r8-28-horhexloop-large-12.nec,ok,ok,0.24126155767589808,0.2255302658304572,1.0698,1
cebik-w4rnl/models/Wire-Arrays/nec/1r8-28-hort2fd-long-12.nec,ok,ok,0.02781013958156109,0.022621731273829937,,0
cebik-w4rnl/models/Wire-Arrays/nec/1r8-28-hort2fd-med-12.nec,ok,ok,0.231925455853343,0.20527654513716698,1.1298,1
cebik-w4rnl/models/Wire-Arrays/nec/1r8-28-hort2fd-med-tl-12.nec,ok,ok,0.3134129336103797,0.19646450877189636,1.5953,1
cebik-w4rnl/models/Wire-Arrays/nec/1r8-28-hort2fd-short-12.nec,ok,ok,0.01030816975980997,0.009424248710274696,,0
cebik-w4rnl/models/Wire-Arrays/nec/1r8-bobtailbeam-12.nec,ok,ok,0.28368746396154165,0.258892223238945,1.0958,1
cebik-w4rnl/models/Wire-Arrays/nec/1r8-dblrect-12.nec,ok,ok,0.24767507892102003,0.2166949762031436,1.1430,1
cebik-w4rnl/models/Wire-Arrays/nec/1r8-halfsq-14.nec,ok,ok,0.20990363601595163,0.2001376859843731,1.0488,1
cebik-w4rnl/models/Wire-Arrays/nec/21-coledz-12.nec,ok,ok,0.11681848205626011,0.09284449368715286,1.2582,1
cebik-w4rnl/models/Wire-Arrays/nec/21-coledzlazyh-12.nec,ok,ok,0.24552242178469896,0.16646522376686335,1.4749,1
cebik-w4rnl/models/Wire-Arrays/nec/28-hentenna-12.nec,ok,ok,0.07269336935132742,0.06543581560254097,1.1109,1
cebik-w4rnl/models/Wire-Arrays/nec/3r6-1wlhordelta-12.nec,ok,ok,0.24446882400661707,0.20323396380990744,1.2029,1
cebik-w4rnl/models/Wire-Arrays/nec/3r6-1wlhorhexloop-14.nec,ok,ok,0.2069207327440381,0.192375966347754,1.0756,1
cebik-w4rnl/models/Wire-Arrays/nec/3r6-1wlhoroctloop-12.nec,ok,ok,0.24017351679503918,0.20656933821737766,1.1627,1
cebik-w4rnl/models/Wire-Arrays/nec/3r6-2elYagi-12.nec,ok,ok,0.1914817914366722,0.1891807047650218,1.0122,1
cebik-w4rnl/models/Wire-Arrays/nec/3r6-3elYagi-14.nec,ok,ok,0.2100606020539999,0.1968696229159832,1.0670,1
cebik-w4rnl/models/Wire-Arrays/nec/3r6-3r9-4wire2elYagi.nec,ok,ok,0.21469323709607124,0.19898859784007072,1.0789,1
cebik-w4rnl/models/Wire-Arrays/nec/3r6-dblrect-12.nec,ok,ok,0.016527035273611546,0.014037474058568478,,0
cebik-w4rnl/models/Wire-Arrays/nec/3r6-halfsq-12.nec,ok,ok,0.20308586675673723,0.19119277969002724,1.0622,1
cebik-w4rnl/models/Wire-Arrays/nec/3r6-halfsqbeam-12.nec,ok,ok,0.23654626961797476,0.202887243591249,1.1659,1
cebik-w4rnl/models/Wire-Arrays/nec/3r6-linloaddipole-12.nec,ok,ok,0.01144572626799345,0.009566177614033222,,0
cebik-w4rnl/models/Wire-Arrays/nec/3r6-slopet2fd-12.nec,ok,ok,0.15526161808520555,0.1397595228627324,1.1109,1
cebik-w4rnl/models/Wire-Arrays/nec/3r6-vertrect-12.nec,ok,ok,0.20328908320516348,0.19164002873003483,1.0608,1
cebik-w4rnl/models/Wire-Arrays/nec/3r6-wbdipole-14.nec,ok,ok,0.19085795618593693,0.18948163837194443,1.0073,1
cebik-w4rnl/models/Wire-Arrays/nec/3r9-2elYagi-14.nec,ok,ok,0.20494822226464748,0.21866864431649446,0.9373,1
cebik-w4rnl/models/Wire-Arrays/nec/3r9-2elYagi-reflload-14.nec,ok,ok,0.2060785572975874,0.19712748005986214,1.0454,1
cebik-w4rnl/models/Wire-Arrays/nec/3r9-3elYagi-14.nec,ok,ok,0.2175638573244214,0.1999227413907647,1.0882,1
cebik-w4rnl/models/Wire-Arrays/nec/3r9-3wire2elYagi-14.nec,ok,ok,0.21138531435281038,0.19676812272518873,1.0743,1
cebik-w4rnl/models/Wire-Arrays/nec/3r9-nvis-1wlloop-planarrefl.nec,ok,ok,0.4129949249327183,0.2936473963782191,1.4064,1
cebik-w4rnl/models/Wire-Arrays/nec/3r9-nvis-batwing-planarrefl.nec,ok,ok,0.5931381555274129,0.3403385952115059,1.7428,1
cebik-w4rnl/models/Wire-Arrays/nec/3r9-nvis-dipole-planarrefl.nec,ok,ok,0.37168148532509804,0.28250020183622837,1.3157,1
cebik-w4rnl/models/Wire-Arrays/nec/3r9-nvis-edzlazyh-planarrefl.nec,ok,ok,0.6949438191950321,0.3946428447961807,1.7609,1
cebik-w4rnl/models/Wire-Arrays/nec/3r9-nvis-jamaica-planarrefl.nec,ok,ok,0.5437014838680625,0.3256336096674204,1.6697,1
cebik-w4rnl/models/Wire-Arrays/nec/5r4-2elYagi-reversible-12.nec,ok,ok,0.007787119597196579,0.006862267851829529,,0
cebik-w4rnl/models/Wire-Arrays/nec/5r4-8jk-12.nec,ok,ok,0.22737139370292425,0.21896227728575468,1.0384,1
cebik-w4rnl/models/Wire-Arrays/nec/5r4-dblrect-14.nec,ok,ok,0.23644248023629189,0.21783112362027168,1.0854,1
cebik-w4rnl/models/Wire-Arrays/nec/5r4-halfsq-12.nec,ok,ok,0.2012535072863102,0.19102943036705256,1.0535,1
cebik-w4rnl/models/Wire-Arrays/nec/5r4-moxrect-reversible-12-AA2NN.nec,ok,ok,0.19776569586247206,0.23245098069310188,0.8508,1
cebik-w4rnl/models/Wire-Arrays/nec/7-14-rhombic10-12.nec,ok,ok,0.050654515624046326,0.03805038705468178,,0
cebik-w4rnl/models/Wire-Arrays/nec/7-28-hordelta-cnrfd-12.nec,ok,ok,0.22166902013123035,0.18699373677372932,1.1854,1
cebik-w4rnl/models/Wire-Arrays/nec/7-28-lazyh15-al.nec,ok,ok,0.07843744102865458,0.06974311359226704,1.1247,1
cebik-w4rnl/models/Wire-Arrays/nec/7-28-sqloop-cnrfd-12.nec,ok,ok,0.3092419505119324,0.24304865673184395,1.2723,1
cebik-w4rnl/models/Wire-Arrays/nec/7-28-sqloop-sidefd-12.nec,ok,ok,0.24623049888759851,0.20369013026356697,1.2088,1
cebik-w4rnl/models/Wire-Arrays/nec/7-2elYagi-reversible-12.nec,ok,ok,0.007667866535484791,0.006773920729756355,,0
cebik-w4rnl/models/Wire-Arrays/nec/7-2eldelta-12-K4TX.nec,ok,ok,0.22979662753641605,0.18849697057157755,1.2191,1
cebik-w4rnl/models/Wire-Arrays/nec/7-2elwireYagi-12.nec,ok,ok,0.007259584963321686,0.006551351398229599,,0
cebik-w4rnl/models/Wire-Arrays/nec/7-3elYagi-14.nec,ok,ok,0.19264678843319416,0.17623044829815626,1.0932,1
cebik-w4rnl/models/Wire-Arrays/nec/7-8jk-12.nec,ok,ok,0.18554935697466135,0.17583741713315248,1.0552,1
cebik-w4rnl/models/Wire-Arrays/nec/7-bobtailbeam-12.nec,ok,ok,0.2602005982771516,0.24120103102177382,1.0788,1
cebik-w4rnl/models/Wire-Arrays/nec/7-dblrect-14.nec,ok,ok,0.21943763829767704,0.20024308748543262,1.0959,1
cebik-w4rnl/models/Wire-Arrays/nec/7-edzlazyh-14.nec,ok,ok,0.06924030743539333,0.06362215522676706,1.0883,1
cebik-w4rnl/models/Wire-Arrays/nec/7-halfsq-12.nec,ok,ok,0.18666138593107462,0.17341351602226496,1.0764,1
cebik-w4rnl/models/Wire-Arrays/nec/7-halfsqbeam-12.nec,ok,ok,0.20514921937137842,0.19539416115731,1.0499,1
cebik-w4rnl/models/Wire-Arrays/nec/7-halfsqbeam-14.nec,ok,ok,0.20394943747669458,0.19421448186039925,1.0501,1
cebik-w4rnl/models/Wire-Arrays/nec/7-hentenna-12.nec,ok,ok,0.06993092503398657,0.06375422608107328,1.0969,1
cebik-w4rnl/models/Wire-Arrays/nec/7-lazyh-14.nec,ok,ok,0.06894097104668617,0.06325988657772541,1.0898,1
cebik-w4rnl/models/Wire-Arrays/nec/7-moxrect-reversible-12-AA2NN.nec,ok,ok,0.18109054025262594,0.1771231722086668,1.0224,1
cebik-w4rnl/models/Wire-Arrays/nec/7-multiV-4wl-14.nec,ok,ok,0.39093857537955046,0.2916832845658064,1.3403,1
cebik-w4rnl/models/Wire-Arrays/nec/7-rect-botctrfd-14.nec,ok,ok,0.1844107611104846,0.17413994390517473,1.0590,1
cebik-w4rnl/models/Wire-Arrays/nec/7-rtanglevertdelta-botfd-12.nec,ok,ok,0.18955861777067184,0.1753065949305892,1.0813,1
cebik-w4rnl/models/Wire-Arrays/nec/7-slopet2fd-12.nec,ok,ok,0.13922353740781546,0.12173206359148026,1.1437,1
cebik-w4rnl/models/Wire-Arrays/nec/7-sqquadloop-botfd-12.nec,ok,ok,0.008374864235520363,0.007992472499608994,,0
cebik-w4rnl/models/Wire-Arrays/nec/7-vertdelta-botfd-12.nec,ok,ok,0.18963065929710865,0.17589610256254673,1.0781,1
cebik-w4rnl/models/Wire-Arrays/nec/7-vertintfldloop-12.nec,ok,ok,0.16059053223580122,0.1326595302671194,1.2105,1
cebik-w4rnl/models/Wire-Arrays/nec/7-wbdipole-14.nec,ok,ok,0.17277170438319445,0.17100095842033625,1.0104,1
cebik-w4rnl/models/Yagis-HF/nec/13el20mwireYagi-KB9MZ.nec,ok,ok,0.1836296832188964,0.1217432888224721,1.5083,1
cebik-w4rnl/models/Yagis-HF/nec/2e10mlhelicalelYagi-12.nec,ok,ok,0.03903022687882185,0.030078522861003876,,0
cebik-w4rnl/models/Yagis-HF/nec/2el10mB-antbeam-25.nec,ok,ok,0.11475994437932968,0.08883015718311071,1.2919,1
cebik-w4rnl/models/Yagis-HF/nec/2el10mYagi-stepdia-large.nec,ok,ok,0.00795325729995966,0.006979423575103283,,0
cebik-w4rnl/models/Yagis-HF/nec/2el10mYagi-stepdia-small.nec,ok,ok,0.007347775623202324,0.006553955376148224,,0
cebik-w4rnl/models/Yagis-HF/nec/2el30mwireYagi.nec,ok,ok,0.006965160369873047,0.006265527568757534,,0
cebik-w4rnl/models/Yagis-HF/nec/2el40mwireYagi.nec,ok,ok,0.007227960042655468,0.006303890608251095,,0
cebik-w4rnl/models/Yagis-HF/nec/2el60mwireYagi.nec,ok,ok,0.006326733157038689,0.005706947296857834,,0
cebik-w4rnl/models/Yagis-HF/nec/2el75mwireYagi.nec,ok,ok,0.006119731813669205,0.005506104789674282,,0
cebik-w4rnl/models/Yagis-HF/nec/2el80mwireYagi.nec,ok,ok,0.006086145527660847,0.005403154529631138,,0
cebik-w4rnl/models/Yagis-HF/nec/2eldr-dir10mYagi-375.nec,ok,ok,0.007060609757900238,0.006126596592366695,,0
cebik-w4rnl/models/Yagis-HF/nec/2eldr-dir10mYagi-50.nec,ok,ok,0.00612820778042078,0.0055674342438578606,,0
cebik-w4rnl/models/Yagis-HF/nec/2eldr-ref12mYagi-42.nec,ok,ok,0.006822865456342697,0.0062152063474059105,,0
cebik-w4rnl/models/Yagis-HF/nec/2eldr-ref15mYagi-50.nec,ok,ok,0.007093580439686775,0.006107073277235031,,0
cebik-w4rnl/models/Yagis-HF/nec/2eldr-ref17mYagi-59.nec,ok,ok,0.0068377535790205,0.006250779144465923,,0
cebik-w4rnl/models/Yagis-HF/nec/2eldr-ref20mYagi-1r5.nec,ok,ok,0.006487480364739895,0.0059431130066514015,,0
cebik-w4rnl/models/Yagis-HF/nec/2eldr-ref30mYagi-2.nec,ok,ok,0.0066729942336678505,0.005841178819537163,,0
cebik-w4rnl/models/Yagis-HF/nec/2eldr-ref40mYagi-1r5.nec,ok,ok,0.006842826493084431,0.0060947732999920845,,0
cebik-w4rnl/models/Yagis-HF/nec/2eldr-ref40mYagi-stepdia.nec,ok,ok,0.01652862224727869,0.01459976751357317,,0
cebik-w4rnl/models/Yagis-HF/nec/2elwb40mYagi-stepdia.nec,ok,ok,0.02428362052887678,0.013568592257797718,,0
cebik-w4rnl/models/Yagis-HF/nec/3bandHFYagi-uniel-noloads.nec,ok,ok,0.03495393134653568,0.026454761624336243,,0
cebik-w4rnl/models/Yagis-HF/nec/3bandHFtrapYagi-stepdia.nec,ok,ok,0.020264312624931335,0.017406241968274117,,0
cebik-w4rnl/models/Yagis-HF/nec/3el10mYagi-50.nec,ok,ok,0.008421666920185089,0.008083075284957886,,0
cebik-w4rnl/models/Yagis-HF/nec/3el10mYagi-Bird.nec,ok,ok,0.010307637974619865,0.009712551720440388,,0
cebik-w4rnl/models/Yagis-HF/nec/3el10mYagi-stepdia.nec,ok,ok,0.010528835467994213,0.009084300138056278,,0
cebik-w4rnl/models/Yagis-HF/nec/3el12mYagi-625.nec,ok,ok,0.008241899311542511,0.008025380782783031,,0
cebik-w4rnl/models/Yagis-HF/nec/3el15mYagi-stepdia-large.nec,ok,ok,0.010322454385459423,0.009201525710523129,,0
cebik-w4rnl/models/Yagis-HF/nec/3el15mYagi-stepdia-small.nec,ok,ok,0.015885652042925358,0.013654511421918869,,0
cebik-w4rnl/models/Yagis-HF/nec/3el15mlongYagi-75.nec,ok,ok,0.008421051315963268,0.008167160674929619,,0
cebik-w4rnl/models/Yagis-HF/nec/3el15mmedYagi-K9EUV.nec,ok,ok,0.006720288656651974,0.006204199977219105,,0
cebik-w4rnl/models/Yagis-HF/nec/3el15mshortYagi-75.nec,ok,ok,0.008612565696239471,0.008180778473615646,,0
cebik-w4rnl/models/Yagis-HF/nec/3el17mshortYagi-875.nec,ok,ok,0.008674439042806625,0.007982471026480198,,0
cebik-w4rnl/models/Yagis-HF/nec/3el20mlongYagi-1.nec,ok,ok,0.008289249613881111,0.007959883660078049,,0
cebik-w4rnl/models/Yagis-HF/nec/3el20mlongYagi-stepdia.nec,ok,ok,0.008569149300456047,0.007869032211601734,,0
cebik-w4rnl/models/Yagis-HF/nec/3el20mmedYagi-K9EUV.nec,ok,ok,0.006689593195915222,0.006064034067094326,,0
cebik-w4rnl/models/Yagis-HF/nec/3el20mshortYagi-1.nec,ok,ok,0.008606620132923126,0.008059783838689327,,0
cebik-w4rnl/models/Yagis-HF/nec/3el20mshortYagi-stepdia.nec,ok,ok,0.008608057163655758,0.007648516446352005,,0
cebik-w4rnl/models/Yagis-HF/nec/3el2b15m10mYagi-1.nec,ok,ok,0.03559461887925863,0.027433248236775398,,0
cebik-w4rnl/models/Yagis-HF/nec/3el40mVYagi-WA3FET.nec,ok,ok,0.008989508263766766,0.00849578995257616,,0
cebik-w4rnl/models/Yagis-HF/nec/3el40mYagi-stepdia.nec,ok,ok,0.00867431703954935,0.007750265300273895,,0
cebik-w4rnl/models/Yagis-HF/nec/3el40mlongYagi-2.nec,ok,ok,0.008544422686100006,0.00791170448064804,,0
cebik-w4rnl/models/Yagis-HF/nec/3el40mshortYagi-2.nec,ok,ok,0.008579062297940254,0.008077644743025303,,0
cebik-w4rnl/models/Yagis-HF/nec/3el40mwireYagi-reversible.nec,ok,ok,0.00829386617988348,0.00788956880569458,,0
cebik-w4rnl/models/Yagis-HF/nec/3el60mwireYagi-reversible.nec,ok,ok,0.008271792903542519,0.007953127846121788,,0
cebik-w4rnl/models/Yagis-HF/nec/3el75mwireYagi-reversible.nec,ok,ok,0.008254794403910637,0.00820066686719656,,0
cebik-w4rnl/models/Yagis-HF/nec/3el80mwireYagi-reversible.nec,ok,ok,0.008511955849826336,0.007894082926213741,,0
cebik-w4rnl/models/Yagis-HF/nec/3elVYagi10m-wa3fet.nec,ok,ok,0.00842329766601324,0.008108432404696941,,0
cebik-w4rnl/models/Yagis-HF/nec/3elmed10mYagi-K9EUV.nec,ok,ok,0.00824361015111208,0.008075703866779804,,0
cebik-w4rnl/models/Yagis-HF/nec/3elshort10mYagi-50.nec,ok,ok,0.008255436085164547,0.007982684299349785,,0
cebik-w4rnl/models/Yagis-HF/nec/3elwb10mYagi-W6SAI.nec,ok,ok,0.0072731394320726395,0.00671727117151022,,0
cebik-w4rnl/models/Yagis-HF/nec/3elwb10mYagi-stepdia.nec,ok,ok,0.008565480820834637,0.008214831352233887,,0
cebik-w4rnl/models/Yagis-HF/nec/3elwb40mYagi-stepdia.nec,ok,ok,0.01908648107200861,0.016887184232473373,,0
cebik-w4rnl/models/Yagis-HF/nec/4el10mYagi-75.nec,ok,ok,0.007717987522482872,0.006700737401843071,,0
cebik-w4rnl/models/Yagis-HF/nec/4el10mwbYagi-stepdia-W4RNL.nec,ok,ok,0.015171795152127743,0.013407474383711815,,0
cebik-w4rnl/models/Yagis-HF/nec/4el10mwbYagi-stepdia.nec,ok,ok,0.010004964657127857,0.00993248913437128,,0
cebik-w4rnl/models/Yagis-HF/nec/4el15mYagi-875.nec,ok,ok,0.009697429835796356,0.009016456082463264,,0
cebik-w4rnl/models/Yagis-HF/nec/4el20mYagi-stepdia.nec,ok,ok,0.017855629324913025,0.015868622809648514,,0
cebik-w4rnl/models/Yagis-HF/nec/4el2b12m17mYagi-stepdia.nec,ok,ok,0.015412275679409504,0.013553569093346596,,0
cebik-w4rnl/models/Yagis-HF/nec/4el2b12m17mdr-dirYagi-stepdia.nec,ok,ok,0.015468314290046692,0.01372875738888979,,0
cebik-w4rnl/models/Yagis-HF/nec/4el2band80m75mwireYagi.nec,ok,ok,0.010748936794698238,0.009539378806948662,,0
cebik-w4rnl/models/Yagis-HF/nec/4elwb40mYagi.nec,ok,ok,0.025678991340100765,0.02120148204267025,,0
cebik-w4rnl/models/Yagis-HF/nec/5bandHFYagi50_-ON4ANT.nec,ok,ok,0.037630705162882805,0.02884026151150465,,0
cebik-w4rnl/models/Yagis-HF/nec/5bandHFYagi60_-ON4ANT.nec,ok,ok,0.04005497507750988,0.03041391260921955,,0
cebik-w4rnl/models/Yagis-HF/nec/5el10mYagi-K4SB.nec,ok,ok,0.009444065392017365,0.008949903771281242,,0
cebik-w4rnl/models/Yagis-HF/nec/5el10mwbYagi-stepdia.nec,ok,ok,0.011507139541208744,0.010348668321967125,,0
cebik-w4rnl/models/Yagis-HF/nec/5el20mYagi-K4SB.nec,ok,ok,0.021621903404593468,0.018415410071611404,,0
cebik-w4rnl/models/Yagis-HF/nec/5el20mYagi-N6BV.nec,ok,ok,0.028785375878214836,0.023378171026706696,,0
cebik-w4rnl/models/Yagis-HF/nec/5el20mYagi-W3LPL.nec,ok,ok,0.027883255854249,0.022575356997549534,,0
cebik-w4rnl/models/Yagis-HF/nec/5el20mYagi-W6NGZ.nec,ok,ok,0.019561507739126682,0.017759003676474094,,0
cebik-w4rnl/models/Yagis-HF/nec/6el10mOWAYagi-N6BV.nec,ok,ok,0.024203981272876263,0.0209160465747118,,0
cebik-w4rnl/models/Yagis-HF/nec/6el10mOWAYagi-NW3Z.nec,ok,ok,0.017703233286738396,0.015529814176261425,,0
cebik-w4rnl/models/Yagis-HF/nec/6el10mOWAYagi-hd-stepdia.nec,ok,ok,0.01552328746765852,0.013827419839799404,,0
cebik-w4rnl/models/Yagis-HF/nec/6el20mOWAYagi-NW3Z.nec,ok,ok,0.02594067621976137,0.021918379701673985,,0
cebik-w4rnl/models/Yagis-HF/nec/6el20mYagi-1r5.nec,ok,ok,0.014950226992368698,0.01342596672475338,,0
cebik-w4rnl/models/Yagis-HF/nec/6el20mYagi-N6BV.nec,ok,ok,0.02553908433765173,0.02105013933032751,,0
cebik-w4rnl/models/Yagis-HF/nec/6el2b15m10mYagi-W4RNL.nec,ok,ok,0.01714808400720358,0.014898550696671009,,0
cebik-w4rnl/models/Yagis-HF/nec/6el2b20m15mYagi-W4RNL.nec,ok,ok,0.0150895481929183,0.013461051508784294,,0
cebik-w4rnl/models/Yagis-HF/nec/7el10mOWAYagi-stepdia.nec,ok,ok,0.016932147555053234,0.014802627265453339,,0
cebik-w4rnl/models/Yagis-HF/nec/7el10mwireYagi.nec,ok,ok,0.010926632210612297,0.009796623140573502,,0
cebik-w4rnl/models/Yagis-HF/nec/7el15mYagi-SP5GRM.nec,ok,ok,0.033926961943507195,0.028346500359475613,,0
cebik-w4rnl/models/Yagis-HF/nec/7el20mlongYagi-1r5.nec,ok,ok,0.01689072698354721,0.014963568188250065,,0
cebik-w4rnl/models/Yagis-HF/nec/7el20mshortYagi-1r5.nec,ok,ok,0.0174196595326066,0.015355153940618038,,0
cebik-w4rnl/models/Yagis-HF/nec/8el20mYagi-1r5.nec,ok,ok,0.018634864129126072,0.01625850424170494,,0
cebik-w4rnl/models/Yagis-HF/nec/capload2el10mYagi-375.nec,ok,ok,0.016857927665114403,0.014708776026964188,,0
cebik-w4rnl/models/Yagis-HF/nec/ctrload2el10mYagi-375.nec,ok,ok,0.012252414599061012,0.011972136795520782,,0
cebik-w4rnl/models/Yagis-HF/nec/ctrload2el10mYagi-75.nec,ok,ok,0.007214989513158798,0.006423301063477993,,0
cebik-w4rnl/models/Yagis-HF/nec/ctrload2el40mYagi-stepdia.nec,ok,ok,0.010818368755280972,0.009685787372291088,,0
cebik-w4rnl/models/Yagis-HF/nec/moxrect10m12.nec,ok,ok,0.010026303119957447,0.00954886432737112,,0
cebik-w4rnl/models/Yagis-HF/nec/moxrect10m50.nec,ok,ok,0.010005444288253784,0.009342976845800877,,0
cebik-w4rnl/models/Yagis-HF/nec/moxrect12m12.nec,ok,ok,0.009983557276427746,0.015062324702739716,,0
cebik-w4rnl/models/Yagis-HF/nec/moxrect12m625.nec,ok,ok,0.010078304447233677,0.015812288969755173,,0
cebik-w4rnl/models/Yagis-HF/nec/moxrect15m12.nec,ok,ok,0.009861106052994728,0.009299942292273045,,0
cebik-w4rnl/models/Yagis-HF/nec/moxrect15m75.nec,ok,ok,0.009909123182296753,0.009423557668924332,,0
cebik-w4rnl/models/Yagis-HF/nec/moxrect17m12.nec,ok,ok,0.010236802510917187,0.009328888729214668,,0
cebik-w4rnl/models/Yagis-HF/nec/moxrect17m875.nec,ok,ok,0.009989949874579906,0.009534836746752262,,0
cebik-w4rnl/models/Yagis-HF/nec/moxrect20m1.nec,ok,ok,0.009978377260267735,0.009245384484529495,,0
cebik-w4rnl/models/Yagis-HF/nec/moxrect20m12.nec,ok,ok,0.009964539669454098,0.009266371838748455,,0
cebik-w4rnl/models/Yagis-HF/nec/moxrect30m12.nec,ok,ok,0.01008633803576231,0.00922048557549715,,0
cebik-w4rnl/models/Yagis-HF/nec/moxrect40m12.nec,ok,ok,0.009937240742146969,0.009201598353683949,,0
cebik-w4rnl/models/Yagis-HF/nec/moxrect60m12.nec,ok,ok,0.009920093230903149,0.009835666976869106,,0
cebik-w4rnl/models/Yagis-HF/nec/moxrect75m12.nec,ok,ok,0.009922335855662823,0.009574854746460915,,0
cebik-w4rnl/models/Yagis-HF/nec/moxrect80m12.nec,ok,ok,0.010218696668744087,0.009335220791399479,,0
cebik-w4rnl/nec2-ex1.nec,ok,ok,0.003651609644293785,0.0039524901658296585,,0
cebik-w4rnl/nec2-ex2.nec,ok,ok,0.0036456380039453506,0.003656628541648388,,0
cebik-w4rnl/nec2-ex3.nec,ok,ok,0.05751629080623388,0.053994190879166126,1.0652,1
cebik-w4rnl/nec2-ex5.nec,ok,ok,0.006783113814890385,0.005984138697385788,,0
cebik-w4rnl/nec2-ex7.nec,ok-no-source,ok-no-source,0.12726207077503204,0.12169944401830435,,0
cebik-w4rnl/nec2-ex8.nec,ok-no-source,ok-no-source,0.0041335346177220345,0.004136177711188793,,0
cebik-w4rnl/nec4-ex1.nec,ok,ok,0.0037849964573979378,0.0036135464906692505,,0
cebik-w4rnl/nec4-ex10_1.nec,ok,ok,0.14934416767209768,0.14342200104147196,1.0413,1
cebik-w4rnl/nec4-ex10_2.nec,ok,ok,0.004827169701457024,0.00457837525755167,,0
cebik-w4rnl/nec4-ex10_3.nec,ok,ok,0.14716922957450151,0.1447724038735032,1.0166,1
cebik-w4rnl/nec4-ex11.nec,ok,ok,0.055736697278916836,0.055088646709918976,1.0118,1
cebik-w4rnl/nec4-ex3.nec,ok,ok,0.057279487140476704,0.05400145519524813,1.0607,1
cebik-w4rnl/nec4-ex5.nec,ok,ok,0.006809789687395096,0.00597324687987566,,0
cebik-w4rnl/nec4-ex7.nec,ok-no-source,ok-no-source,0.12761748768389225,0.12134780921041965,,0
cebik-w4rnl/nec4-ex8.nec,ok-no-source,ok-no-source,0.004161384887993336,0.004148284904658794,,0
g1ojs/10m/10m 65cm Circ 10mm Copper Magloop H.nec,ok,ok,0.05465351417660713,0.054625797085464,1.0005,1
g1ojs/10m/10m 65cm Circ 10mm Copper Magloop V side.nec,ok,ok,0.05501682870090008,0.05506902188062668,0.9991,1
g1ojs/10m/10m 65cm Circ 10mm Copper Magloop V.nec,ok,ok,0.05498810764402151,0.05484837852418423,1.0025,1
g1ojs/10m/10m Helically loaded dipole 2.43m long.nec,ok,ok,6.1963997622951865,2.2889757370576262,2.7071,1
g1ojs/10m/10m LL Dipole 4m 5mm dia elements - hairpin.nec,ok,ok,0.5094736460596323,0.4835537364706397,1.0536,1
g1ojs/10m/10m Quad base fed.nec,ok,ok,0.5377367120236158,0.5532604046165943,0.9719,1
g1ojs/10m/10m Rect Petlowany Dipole 10mm dia elements flat 2.nec,ok,ok,0.013959438540041447,0.010465655475854874,,0
g1ojs/10m/10m Short Dipole 3m 5mm dia elements - trombone.nec,ok,ok,0.4364438150078058,0.4145449809730053,1.0528,1
g1ojs/10m/_10m Dipole ref.nec,ok,ok,0.2565714679658413,0.2505089286714792,1.0242,1
g1ojs/10m/_10m V.nec,ok,ok,0.4181402390822768,0.4126805551350117,1.0132,1
g1ojs/15m/_15m V.nec,ok,ok,0.6198150552809238,0.6157458620145917,1.0066,1
g1ojs/160m/160m 239cm Circ 10mm Cu Magloop V.nec,ok,ok,0.08094384148716927,0.07161135878413916,1.1303,1
g1ojs/160m/160m Coax Magloop V.nec,ok,ok,0.05688941664993763,0.05739310663193464,0.9912,1
g1ojs/160m/160m Single Turn Coax Magloop V.nec,ok,ok,0.07863119058310986,0.05676194839179516,1.3853,1
g1ojs/160m/160m Three Turn Coax Magloop V.nec,ok,ok,0.058957820758223534,0.05991285853087902,0.9841,1
g1ojs/160m/160m Two Turn Coax Magloop V.nec,ok,ok,0.05780516937375069,0.05808290094137192,0.9952,1
g1ojs/1V cap plates solid coplanar.nec,ok,ok,0.9747330769896507,0.9031028086319566,1.0793,1
g1ojs/20m/20m 239cm Circ 10mm Copper Magloop H.nec,ok,ok,0.07746864203363657,0.06579791381955147,1.1774,1
g1ojs/20m/20m 239cm Circ 10mm Copper Magloop V.nec,ok,ok,0.07713048625737429,0.06644564680755138,1.1608,1
g1ojs/20m/20m 239cm Circ 10mm Copper Magloop Vside.nec,ok,ok,0.07680224813520908,0.06592450011521578,1.1650,1
g1ojs/20m/20m 65cm Circ 10mm Copper Magloop H.nec,ok,ok,0.05447287578135729,0.05454627890139818,0.9987,1
g1ojs/20m/20m 65cm Circ 10mm Copper Magloop V side.nec,ok,ok,0.05467908922582865,0.05463340878486633,1.0008,1
g1ojs/20m/20m 65cm Circ 10mm Copper Magloop V.nec,ok,ok,0.055018382146954536,0.05444795358926058,1.0105,1
g1ojs/20m/20m Half wave circular loop V side.nec,ok,ok,0.12411213666200638,0.11433090455830097,1.0856,1
g1ojs/20m/20m Half wave square loop V side as built.nec,ok,ok,0.1150385644286871,0.11280489526689053,1.0198,1
g1ojs/20m/20m Half wave square loop V side.nec,ok,ok,0.05276055447757244,0.05417148396372795,0.9740,1
g1ojs/20m/20m V coax braid element.nec,ok,ok,0.744043936021626,0.7473521195352077,0.9956,1
g1ojs/20m/20m V coax inner element.nec,ok,ok,0.6496281335130334,0.639918907545507,1.0152,1
g1ojs/20m/20m V pvc covered.nec,ok,ok,0.6999096153303981,0.6902370769530535,1.0140,1
g1ojs/20m/Open loop H 7.4m.nec,ok,ok,0.06176520977169275,0.057726381346583366,1.0700,1
g1ojs/20m/Open loop V base 7.4m.nec,ok,ok,0.062137410044670105,0.05764304660260677,1.0780,1
g1ojs/20m/Open loop V side 7.4m.nec,ok,ok,0.06241530179977417,0.05772742349654436,1.0812,1
g1ojs/20m/_20m Dipole ref.nec,ok,ok,0.8083589905872941,0.7975131245329976,1.0136,1
g1ojs/20m/_20m V.nec,ok,ok,0.749300298281014,0.7409570952877402,1.0113,1
g1ojs/3V cap plates solid coplanar.nec,ok,ok,1.189220148138702,0.9075055625289679,1.3104,1
g1ojs/40m/40m 239cm Circ 10mm Cu Magloop H.nec,ok,ok,0.07202709931880236,0.06160233914852142,1.1692,1
g1ojs/40m/40m 239cm Circ 10mm Cu Magloop V side.nec,ok,ok,0.07243209891021252,0.06226774491369724,1.1632,1
g1ojs/40m/40m 239cm Circ 10mm Cu Magloop V.nec,ok,ok,0.07240396551787853,0.062320834025740623,1.1618,1
g1ojs/40m/40m Fitted Attic V.nec,ok,ok,0.6483015893027186,0.6442726561799645,1.0063,1
g1ojs/40m/40m V cap plates coplanar.nec,ok,ok,0.9917632788419724,0.8551638582721353,1.1597,1
g1ojs/40m/40m V cap spokes.nec,ok,ok,0.6634722938761115,0.6480377893894911,1.0238,1
g1ojs/40m/40m V doglegs BUILT.nec,ok,ok,0.6698972666636109,0.6450479691848159,1.0385,1
g1ojs/40m/40m VU built 2.nec,ok,ok,0.6664258586242795,0.6414627311751246,1.0389,1
g1ojs/40m/40m VU built.nec,ok,ok,0.6448573637753725,0.6435155626386404,1.0021,1
g1ojs/40m/40m VU.nec,ok,ok,0.6460107751190662,0.6444158889353275,1.0025,1
g1ojs/40m/_40m Dipole ref.nec,ok,ok,0.8980897488072515,0.8965922240167856,1.0017,1
g1ojs/40m/_40m V loaded.nec,ok,ok,0.6635188348591328,0.6419472275301814,1.0336,1
g1ojs/40m/opt/40m V integral PI-01.nec,ok,ok,0.13679354451596737,0.1347043216228485,1.0155,1
g1ojs/40m/opt/40m V integral PI-02.nec,ok,ok,0.13658574037253857,0.13392622582614422,1.0199,1
g1ojs/40m/opt/40m V integral PI-03.nec,ok,ok,0.13668527267873287,0.13399629294872284,1.0201,1
g1ojs/40m/opt/40m V integral PI-04.nec,ok,ok,0.13673274498432875,0.13308178074657917,1.0274,1
g1ojs/40m/opt/40m V integral PI-05.nec,ok,ok,0.13804643414914608,0.13437220640480518,1.0273,1
g1ojs/40m/opt/40m V integral PI-06.nec,ok,ok,0.1364304292947054,0.13421643245965242,1.0165,1
g1ojs/40m/opt/40m V integral PI-07.nec,ok,ok,0.13726598303765059,0.1368467891588807,1.0031,1
g1ojs/40m/opt/40m V integral PI-08.nec,ok,ok,0.13690342288464308,0.13411731738597155,1.0208,1
g1ojs/40m/opt/40m V integral PI-09.nec,ok,ok,0.13693784922361374,0.13462890591472387,1.0172,1
g1ojs/40m/opt/40m V integral PI-10.nec,ok,ok,0.1364251719787717,0.13403748907148838,1.0178,1
g1ojs/40m/opt/40m V integral PI-11.nec,ok,ok,0.13682552706450224,0.13459271751344204,1.0166,1
g1ojs/40m/opt/40m V integral PI-12.nec,ok,ok,0.13813819829374552,0.13410351518541574,1.0301,1
g1ojs/40m/opt/40m V integral PI-13.nec,ok,ok,0.13730333000421524,0.13437763880938292,1.0218,1
g1ojs/40m/opt/40m V integral PI-14.nec,ok,ok,0.13696453161537647,0.1349165765568614,1.0152,1
g1ojs/40m/opt/40m V integral PI-15.nec,ok,ok,0.13740460481494665,0.1339985840022564,1.0254,1
g1ojs/40m/opt/40m V integral PI-16.nec,ok,ok,0.13682828284800053,0.13439512252807617,1.0181,1
g1ojs/40m/opt/40m V integral PI-17.nec,ok,ok,0.13677305914461613,0.13365996722131968,1.0233,1
g1ojs/40m/opt/40m V integral PI-18.nec,ok,ok,0.13736827578395605,0.13485725596547127,1.0186,1
g1ojs/40m/opt/40m V integral PI-19.nec,ok,ok,0.13797335978597403,0.1341271484270692,1.0287,1
g1ojs/40m/opt/40m V integral PI-20.nec,ok,ok,0.13678036257624626,0.13418431766331196,1.0193,1
g1ojs/40m/opt/40m V integral PI-21.nec,ok,ok,0.13687508180737495,0.134354998357594,1.0188,1
g1ojs/40m/opt/40m V integral PI-22.nec,ok,ok,0.1369539052248001,0.1341985948383808,1.0205,1
g1ojs/40m/opt/40m V integral PI-23.nec,ok,ok,0.13679987005889416,0.13428130745887756,1.0188,1
g1ojs/40m/opt/40m V integral PI-24.nec,ok,ok,0.136825792491436,0.13476536609232426,1.0153,1
g1ojs/40m/opt/40m V integral PI-25.nec,ok,ok,0.13668313715606928,0.1336743077263236,1.0225,1
g1ojs/40m/opt/40m V integral PI-26.nec,ok,ok,0.13682346884161234,0.13406708370894194,1.0206,1
g1ojs/40m/opt/40m V integral PI-27.nec,ok,ok,0.13725131936371326,0.1329201878979802,1.0326,1
g1ojs/40m/opt/40m V integral PI-28.nec,ok,ok,0.1367676043882966,0.13442969974130392,1.0174,1
g1ojs/40m/opt/40m V integral PI-29.nec,ok,ok,0.1367645589634776,0.13459834642708302,1.0161,1
g1ojs/40m/opt/40m V integral PI-30.nec,ok,ok,0.13679687958210707,0.13711423613131046,0.9977,1
g1ojs/40m/opt/40m V integral PI_003-19.nec,ok,ok,0.13623145036399364,0.1342851324006915,1.0145,1
g1ojs/40m/opt/40m V integral PI_007-12.nec,ok,ok,0.13667580019682646,0.13431999180465937,1.0175,1
g1ojs/40m/trials/40m V cage.nec,ok,ok,1.140327077358961,1.152161916717887,0.9897,1
g1ojs/40m/trials/40m V curve 4pts 7MHz.nec,ok,ok,0.6465250998735428,0.6441525975242257,1.0037,1
g1ojs/40m/trials/40m V curve 5pts 7MHz.nec,ok,ok,0.6494887778535485,0.6425530910491943,1.0108,1
g1ojs/40m/trials/40m V integral PI.nec,ok,ok,0.671049864962697,0.6995772877708077,0.9592,1
g1ojs/40m/trials/40m V mesh.nec,ok,ok,1.017044898122549,1.0196433328092098,0.9975,1
g1ojs/630m/630m Three Turn Coax Magloop V.nec,ok,ok,0.07804036233574152,0.06116998288780451,1.2758,1
g1ojs/80m/40m V3.nec,ok,ok,0.6646130662411451,0.6443283883854747,1.0315,1
g1ojs/80m/80m 239cm Circ 10mm Cu Magloop V.nec,ok,ok,0.07636505831032991,0.06630582083016634,1.1517,1
g1ojs/80m/80m V cap plates high H.nec,ok,ok,0.8092378936707973,0.7750633535906672,1.0441,1
g1ojs/80m/80m V cap plates solid coplanar.nec,ok,ok,0.8872931394726038,0.8891394026577473,0.9979,1
g1ojs/80m/80m V cap plates solid felt.nec,ok,ok,0.8535616369917989,0.8385943584144115,1.0178,1
g1ojs/80m/80m V.nec,ok,ok,0.6869514929130673,0.6667725769802928,1.0303,1
g1ojs/80m/80m V3.nec,ok,ok,0.7123519973829389,0.6853357097133994,1.0394,1
g1ojs/80m/_80m Dipole ref.nec,ok,ok,0.9687510095536709,0.9711495628580451,0.9975,1
g1ojs/80m/tmp.nec,ok,ok,0.6187547966837883,0.5950542241334915,1.0398,1
g1ojs/Delta loop/loop.nec,ok,ok,0.594731698743999,0.5535147786140442,1.0745,1
g1ojs/Loft wires/1V.nec,ok,ok,0.646329483948648,0.6425660559907556,1.0059,1
g1ojs/Loft wires/2V.nec,ok,ok,0.6499199327081442,0.6581111885607243,0.9876,1
g1ojs/Loft wires/LF.nec,ok,ok,0.755917502567172,0.7069713892415166,1.0692,1
g1ojs/Loft wires/Max space V centre.nec,ok,ok,0.6442069485783577,0.6412180894985795,1.0047,1
g1ojs/Loft wires/Max space V diag.nec,ok,ok,0.6479164697229862,0.6399309765547514,1.0125,1
g1ojs/Loft wires/Spiral.nec,ok,ok,0.6812240164726973,0.66437544580549,1.0254,1
g1ojs/Magloop with cap on coupling loop.nec,ok,ok,0.0783989205956459,0.06497756950557232,1.2066,1
g1ojs/Magloop with gap and cap on coupling loop.nec,ok,ok,0.13668291084468365,0.12970838695764542,1.0538,1
g1ojs/Meander Loading/40m Dipole at 7m reference.nec,ok,ok,0.19113989174365997,0.18836731277406216,1.0147,1
g1ojs/Meander Loading/40m Dipole at 7m with 10 meanders.nec,ok,ok,0.14104228373616934,0.13586948718875647,1.0381,1
g1ojs/Meander Loading/40m Dipole at 7m with 20 meanders.nec,ok,ok,0.1521650366485119,0.137932731769979,1.1032,1
g1ojs/Meander Loading/40m Inverted V at 7m with 10 meanders.nec,ok,ok,0.14112131856381893,0.13549384847283363,1.0415,1
g1ojs/Meander Loading/40m Inverted V at 7m with full meandering.nec,ok,ok,0.13893910963088274,0.13570137694478035,1.0239,1
g1ojs/Open wire V/Open wire V fixed wire length.nec,ok,ok,0.754226291552186,0.7493205480277538,1.0065,1
g1ojs/Open wire V/Open wire V max wire length.nec,ok,ok,0.6179705923423171,0.5931068249046803,1.0419,1
g1ojs/Small Receiving Loops/1m dia loop.nec,ok,ok,0.05416820477694273,0.054148939438164234,1.0004,1
g1ojs/Trapped/TRAPx1 V 40m 20m.nec,ok,ok,0.061576307751238346,0.05615732725709677,1.0965,1
g1ojs/Trapped/TRAPx2 V 40m 20m 10m - remove 10m.nec,ok,ok,0.05486965645104647,0.05464537441730499,1.0041,1
g1ojs/Trapped/TRAPx2 V 40m 20m 10m.nec,ok,ok,0.056533364579081535,0.055690896697342396,1.0151,1
g1ojs/Trapped/TRAPx2 V 40m 20m 6m.nec,ok,ok,0.05651104170829058,0.05640695244073868,1.0018,1
g1ojs/Trapped/TRAPx2_V.nec,ok,ok,38.56211708672345,38.857751512899995,0.9924,1
g1ojs/Trapped/Test.nec,ok,ok,0.30226757749915123,0.2934998432174325,1.0299,1
g1ojs/Trapped/Trap V - 6m 15m.nec,ok,ok,0.052914999425411224,0.05314990226179361,0.9956,1
g1ojs/Trapped/Trap_V.nec,ok,ok,0.05683187860995531,0.055830919183790684,1.0179,1
g1ojs/Tree/treeV_20m_10m.nec,ok,ok,0.05360233038663864,0.05240918230265379,1.0228,1
g1ojs/Verticals/10m OCF H/10m H OCF 2.5m long.nec,ok,ok,0.2644990123808384,0.2523423982784152,1.0482,1
g1ojs/Verticals/10m OCF H/10m H OCF 3.5m long.nec,ok,ok,0.26090093329548836,0.25109538342803717,1.0391,1
g1ojs/Verticals/10m OCF H/10m H OCF 3m long.nec,ok,ok,0.2642323598265648,0.25317378528416157,1.0437,1
g1ojs/Verticals/10m OCF H/10m Vertical V 3m tall.nec,ok,ok,0.5201463466510177,0.5170334195718169,1.0060,1
g1ojs/Verticals/15m/15m H OCF 3m long.nec,ok,ok,0.3142429757863283,0.29948408994823694,1.0493,1
g1ojs/Verticals/20m/20m horizontal V 3.5m high.nec,ok,ok,0.5530316159129143,0.540833824314177,1.0226,1
g1ojs/Verticals/20m/20m horizontal diamond 3m high.nec,ok,ok,0.5511303571984172,0.548567951656878,1.0047,1
g1ojs/Verticals/others/10m H OCF - Copy.nec,ok,ok,0.26428184658288956,0.2522829556837678,1.0476,1
g1ojs/Verticals/others/10m arrow 2 wire 75cm wide - OCF.nec,ok,ok,0.26257276721298695,0.25138852652162313,1.0445,1
g1ojs/Verticals/others/10m bicone 2 wire 100cm wide.nec,crash,crash,1.2026739669963717,1.1965187415480614,,0
g1ojs/Verticals/others/10m bicone 2 wire 150cm wide.nec,crash,crash,1.1970511060208082,1.1951600331813097,,0
g1ojs/Verticals/others/10m bicone 2 wire 40cm wide.nec,crash,crash,1.1960787177085876,1.1950647551566362,,0
g1ojs/Verticals/others/10m bicone 2 wire 50cm wide.nec,crash,crash,1.1964619234204292,1.1950627509504557,,0
g1ojs/Verticals/others/10m bicone 2 wire 75cm wide - OCF.nec,ok,ok,0.2763518635183573,0.2613796330988407,1.0573,1
g1ojs/Verticals/others/10m bicone 2 wire 75cm wide.nec,crash,crash,1.1970984302461147,1.1920712366700172,,0
g1ojs/Verticals/others/10m bicone 2 wire.nec,crash,crash,1.1959867738187313,1.1953257014974952,,0
g1ojs/Verticals/others/10m bicone 4 wire.nec,crash,crash,1.1977560631930828,1.1965347100049257,,0
g1ojs/Verticals/others/10m bitrap.nec,crash,crash,1.214973196387291,1.1962569616734982,,0
g1ojs/Verticals/others/10m general.nec,crash,crash,1.1965118581429124,1.1974477488547564,,0
g1ojs/Verticals/others/Dipole 4.6m _ too long.nec,crash,crash,1.246910486370325,1.246058571152389,,0
g1ojs/Verticals/others/general 1.nec,crash,crash,1.193924779072404,1.2273652544245124,,0
g1ojs/Verticals/others/general 15m.nec,crash,crash,1.197607179172337,1.202828579582274,,0
g1ojs/Verticals/others/general 2.nec,crash,crash,1.1972772181034088,1.1988257598131895,,0
g1ojs/Verticals/others/opt/general 2-01.nec,crash,crash,1.1970031866803765,1.1970550892874599,,0
g1ojs/Verticals/others/opt/general 2-02.nec,crash,crash,1.196830501779914,1.1977865742519498,,0
g1ojs/Verticals/others/opt/general 2-03.nec,crash,crash,1.1969455499202013,1.1971724480390549,,0
g1ojs/Verticals/others/opt/general 2-04.nec,crash,crash,1.1980284126475453,1.1978721767663956,,0
g1ojs/Verticals/others/opt/general 2-05.nec,crash,crash,1.1978470478206873,1.1977288639172912,,0
g1ojs/Verticals/others/opt/general 2-06.nec,crash,crash,1.1978383846580982,1.1966874729841948,,0
g1ojs/Verticals/others/opt/general 2-07.nec,crash,crash,1.2027599215507507,1.1973958248272538,,0
g1ojs/Verticals/others/opt/general 2-08.nec,crash,crash,1.1983959786593914,1.2277898509055376,,0
g1ojs/Verticals/others/opt/general 2-09.nec,crash,crash,1.1973888762295246,1.198136581107974,,0
g1ojs/Verticals/others/opt/general 2-10.nec,crash,crash,1.1979212770238519,1.196859097108245,,0
g1ojs/Verticals/others/opt/general 2-11.nec,crash,crash,1.1963839326053858,1.1965057468041778,,0
g1ojs/Verticals/others/opt/general 2-12.nec,crash,crash,1.1976937353610992,1.1971186576411128,,0
g1ojs/Verticals/others/opt/general 2-13.nec,crash,crash,1.1970488214865327,1.1977341882884502,,0
g1ojs/Verticals/others/opt/general 2-14.nec,crash,crash,1.1971487514674664,1.196560793556273,,0
g1ojs/Verticals/others/opt/general 2-15.nec,crash,crash,1.1975945895537734,1.1966639710590243,,0
g1ojs/Verticals/others/opt/general 2-16.nec,crash,crash,1.1967539843171835,1.1969060245901346,,0
g1ojs/Verticals/others/opt/general 2-17.nec,crash,crash,1.1974664833396673,1.198099808767438,,0
g1ojs/Verticals/others/opt/general 2-18.nec,crash,crash,1.1971677234396338,1.1958455005660653,,0
g1ojs/Verticals/others/opt/general 2-20.nec,crash,crash,1.1968738278374076,1.196205660700798,,0
g1ojs/Verticals/others/opt/general 2-21.nec,crash,crash,1.197151293978095,1.1964521436020732,,0
g1ojs/Verticals/others/opt/general 2-22.nec,crash,crash,1.1980216605588794,1.1954116309061646,,0
g1ojs/Verticals/others/opt/general 2-25.nec,crash,crash,1.1983407894149423,1.1961419871076941,,0
g1ojs/Verticals/others/opt/general 2-26.nec,crash,crash,1.196659062989056,1.2278425190597773,,0
g1ojs/Verticals/others/opt/general 2-27.nec,crash,crash,1.1964947814121842,1.1994823580607772,,0
g1ojs/Verticals/others/opt/general 2-28.nec,crash,crash,1.197640810161829,1.1973103694617748,,0
g1ojs/Verticals/others/opt/general 2-29.nec,crash,crash,1.1983092119917274,1.1960347816348076,,0
g1ojs/Verticals/others/opt/general 2-30.nec,crash,crash,1.1961778802797198,1.1972678042948246,,0
g1ojs/_1m/Contrahelix 1.nec,ok,ok,0.0388399101793766,0.02115514036267996,,0
g1ojs/_1m/Dipole linear 1 75pc.nec,ok,ok,0.005865717306733131,0.005272526293992996,,0
g1ojs/_1m/Dipole to slot/1 Dipole.nec,ok,ok,0.004590670578181744,0.004210042767226696,,0
g1ojs/_1m/Dipole to slot/2 Dipole H.nec,ok,ok,0.006006828509271145,0.005152740515768528,,0
g1ojs/_1m/Dipole to slot/3 Dipole H Serifs.nec,ok,ok,0.016619018279016018,0.008202970959246159,,0
g1ojs/_1m/Dipole to slot/4 Dipole Rects.nec,ok,ok,0.013509044423699379,0.010622181929647923,,0
g1ojs/_1m/Dipole to slot/5 Dipole Rects Shorts.nec,ok,ok,0.015415999107062817,0.012111721560359001,,0
g1ojs/_1m/Dipole to slot/6 Dipole Rects Shorts 2.nec,ok,ok,0.005427602678537369,0.004651721566915512,,0
g1ojs/_1m/Dipole with matching l _ 0.25 v1.nec,ok,ok,0.008376289159059525,0.006952793337404728,,0
g1ojs/_1m/Dipole with matching l _ 0.25 v2.nec,ok,ok,0.006632820703089237,0.005734612233936787,,0
g1ojs/_1m/Dipole with matching l _ 0.33.nec,ok,ok,0.008890332654118538,0.007166552357375622,,0
g1ojs/_1m/Dipole.nec,ok,ok,0.003969416953623295,0.0038294289261102676,,0
g1ojs/_1m/Folded 1.nec,ok,ok,0.007513049989938736,0.0060581909492611885,,0
g1ojs/_1m/Helix Dipole 11 turn.nec,ok,ok,0.021883556619286537,0.012078485451638699,,0
g1ojs/_1m/Helix Dipole 2.5 turn.nec,ok,ok,0.0059060752391815186,0.005207870155572891,,0
g1ojs/_1m/Helix Dipole 21 turn.nec,ok,ok,0.020989042706787586,0.011788323521614075,,0
g1ojs/_1m/Helix Dipole 3 turn.nec,ok,ok,0.005763428285717964,0.005194706842303276,,0
g1ojs/_1m/Helix Dipole 5 turn.nec,ok,ok,0.00566162820905447,0.005089587531983852,,0
g1ojs/_1m/Helix Dipole 7 turn.nec,ok,ok,0.022066197358071804,0.012364672496914864,,0
g1ojs/_1m/Helix Dipole 9 turn.nec,ok,ok,0.021613948978483677,0.01204592827707529,,0
g1ojs/_1m/Pair 1.nec,ok,ok,0.008005313575267792,0.006768256425857544,,0
g1ojs/_1m/Trapezium 1.nec,ok,ok,0.006778324954211712,0.0057079847902059555,,0
g1ojs/_1m/Trapezium 2.nec,ok,ok,0.006910877302289009,0.005826523527503014,,0
g1ojs/_1m/Two rect dipole.nec,ok,ok,0.020813974551856518,0.015741637907922268,,0
g1ojs/_2m/2m clutter/2m Diamond A144S5R over ground with clutter.nec,ok,ok,0.601434038951993,0.3679774748161435,1.6344,1
g1ojs/_2m/2m clutter/2m Diamond A144S5R over ground.nec,ok,ok,0.0669590886682272,0.03334326855838299,,0
g1ojs/_2m/2m clutter/Circular Quad 2 ele V-pol with clutter.nec,ok,ok,0.15649437624961138,0.0862488467246294,1.8145,1
g1ojs/_2m/2m clutter/Circular Quad 2 ele with clutter no 6m.nec,ok,ok,0.15147537738084793,0.08299038466066122,1.8252,1
g1ojs/_2m/2m clutter/Circular Quad 2 ele with clutter no loop.nec,ok,ok,0.11933463718742132,0.06350769847631454,1.8791,1
g1ojs/_2m/2m clutter/Circular Quad 2 ele with clutter.nec,ok,ok,0.16279201675206423,0.08744229096919298,1.8617,1
g1ojs/_2m/2m clutter/Circular Quad 2 ele.nec,ok,ok,0.021042590960860252,0.011977477930486202,,0
g1ojs/_2m/2m clutter/Clutter feed the clutter.nec,ok,ok,0.09576048608869314,0.05024875234812498,1.9057,1
g1ojs/_2m/2m clutter/Dipole ref with clutter.nec,ok,ok,0.4342603301629424,0.23528021294623613,1.8457,1
g1ojs/_2m/2m clutter/Dipole ref.nec,ok,ok,0.00601169653236866,0.005311585031449795,,0
g1ojs/_2m/2m clutter/Stacked dipoles x2.nec,ok,ok,0.00937808956950903,0.007540307939052582,,0
g1ojs/_2m/Cylindrical slots/2m Circular Slot Cube H Pol.nec,ok,ok,0.016407392919063568,0.009606637060642242,,0
g1ojs/_2m/Cylindrical slots/2m Circular Slot Cube V Pol.nec,ok,ok,0.021644212305545807,0.011867937631905079,,0
g1ojs/_2m/Cylindrical slots/2m Cylindrical Slot Open.nec,ok,ok,0.16934795398265123,0.08513253275305033,1.9892,1
g1ojs/_2m/Cylindrical slots/2m Pair of circles with tilt 0 deg.nec,ok,ok,0.030130195431411266,0.016985537484288216,,0
g1ojs/_2m/Cylindrical slots/2m Pair of circles with tilt 90 deg.nec,ok,ok,0.017155193723738194,0.011074746958911419,,0
g1ojs/_2m/Cylindrical slots/2m Pair of circles with tilt.nec,ok,ok,0.017417745664715767,0.010165446437895298,,0
g1ojs/_2m/Cylindrical slots/Slot cube C shape.nec,ok,ok,0.0420902194455266,0.020609702914953232,,0
g1ojs/_2m/Driven beams/2ele 0.25m long.nec,ok,ok,0.010123108513653278,0.007917800918221474,,0
g1ojs/_2m/Driven beams/5ele 1m long.nec,ok,ok,0.03304673917591572,0.02437454741448164,,0
g1ojs/_2m/Driven beams/5ele 3m long .nec,ok,ok,0.03240204509347677,0.02419673092663288,,0
g1ojs/_2m/Evolved/Ev3.nec,ok,ok,0.0038621341809630394,0.0037361374124884605,,0
g1ojs/_2m/Evolved/Ev4.nec,ok,ok,0.0037781624123454094,0.003820291720330715,,0
g1ojs/_2m/Evolved/Ev5.nec,ok,ok,0.003805261105298996,0.003642597235739231,,0
g1ojs/_2m/Evolved/Ev6.nec,ok,ok,0.003820277750492096,0.003815632313489914,,0
g1ojs/_2m/Evolved/Ev7.nec,ok,ok,0.0038373712450265884,0.003636252135038376,,0
g1ojs/_2m/Evolved/Ev8.nec,ok,ok,0.00418439507484436,0.004039271734654903,,0
g1ojs/_2m/Evolved/Ev9.nec,ok,ok,0.0045683374628424644,0.004070324823260307,,0
g1ojs/_2m/Evolved/Test5.nec,ok,ok,0.004073770716786385,0.004061516374349594,,0
g1ojs/_2m/Franklin/Horizontal 2m Franklin V over ground.nec,ok,ok,0.03153560310602188,0.022820143960416317,,0
g1ojs/_2m/Franklin/Horizontal 2m Franklin oddity.nec,ok,ok,0.042832985520362854,0.03183802496641874,,0
g1ojs/_2m/Franklin/Horizontal 2m Franklin over ground with Franklin reflector.nec,ok,ok,0.09653890784829855,0.04693341627717018,,0
g1ojs/_2m/Franklin/Horizontal 2m Franklin over ground.nec,ok,ok,0.030664371326565742,0.023015784099698067,,0
g1ojs/_2m/Franklin/Horizontal 2m Franklin with Twin Reflectors.nec,ok,ok,0.09317643381655216,0.031761523336172104,,0
g1ojs/_2m/Franklin/Horizontal 2m Franklin with droops over ground.nec,ok,ok,0.03643801715224981,0.027472996152937412,,0
g1ojs/_2m/Franklin/Horizontal 2m Vertical Franklin over ground.nec,ok,ok,0.03111086878925562,0.023336772806942463,,0
g1ojs/_2m/Halo based/2m Chimney Halo Phi_0 El_0.nec,ok,ok,0.05938752740621567,0.029884650371968746,,0
g1ojs/_2m/Halo based/2m Chimney Halo Phi_0 El_45.nec,ok,ok,0.05935228243470192,0.02997069898992777,,0
g1ojs/_2m/Halo based/2m Chimney Halo Phi_0 El_90.nec,ok,ok,0.05959177576005459,0.030539107508957386,,0
g1ojs/_2m/Halo based/2m Horizontal Halo at 9m Phi_0 El_00.nec,ok,ok,0.05927829910069704,0.03018832392990589,,0
g1ojs/_2m/Halo based/2m Low halo Phi_0 El_0.nec,ok,ok,0.05903882533311844,0.029956147074699402,,0
g1ojs/_2m/Halo based/2m Stacked Halos Phi_0 El_0 1.5m.nec,ok,ok,0.21758631896227598,0.1021445682272315,2.1302,1
g1ojs/_2m/Halo based/2m Stacked Halos Phi_0 El_0 1.7m.nec,ok,ok,0.2169777238741517,0.10226562898606062,2.1217,1
g1ojs/_2m/Halo based/2m Vertical Halo at 9m Phi_0 El_90.nec,ok,ok,0.059794207103550434,0.030613998882472515,,0
g1ojs/_2m/Halo based/2m halo 8m agl Phi_0 El_0.nec,ok,ok,0.05903631914407015,0.02999168075621128,,0
g1ojs/_2m/Halo based/2m low stacked halos Phi_0 El_0 1.03m .nec,ok,ok,0.21712185442447662,0.10229062661528587,2.1226,1
g1ojs/_2m/Halo based/Horizontal direct fed S with coax balun not folded.nec,ok,ok,0.08760206587612629,0.04262677766382694,,0
g1ojs/_2m/Halo based/Horizontal direct fed S2 with coax balun not folded.nec,ok,ok,0.08742697443813086,0.043275970965623856,,0
g1ojs/_2m/Halo based/Horizontal direct fed halo with coax balun not folded.nec,ok,ok,0.0867735706269741,0.04293693229556084,,0
g1ojs/_2m/Halo based/Horizontal halo delta match with coax balun not folded - Copy.nec,ok,ok,0.1109732910990715,0.05499996058642864,2.0177,1
g1ojs/_2m/Helix/2m Pair of 2turn Helices 1 thin interconnect.nec,crash,crash,1.2124730842188,1.2072917269542813,,0
g1ojs/_2m/Helix/2m Pair of 2turn Helices 2mm wire.nec,crash,crash,1.2132982723414898,1.2360576931387186,,0
g1ojs/_2m/Helix/2m Single 2turn Helix - Horizontal.nec,ok,ok,0.010809025727212429,0.010781706310808659,,0
g1ojs/_2m/Helix/2m Single 2turn Helix as built.nec,ok,ok,0.01025455817580223,0.008538440801203251,,0
g1ojs/_2m/Helix/2m Single 2turn Helix e.g.nec,ok,ok,0.010352876968681812,0.008501285687088966,,0
g1ojs/_2m/Helix/2m Single 2turn Helix.nec,ok,ok,0.010442753322422504,0.008583960123360157,,0
g1ojs/_2m/Helix/2m Single Helix 1 thin wire direct feed with feedline.nec,ok,ok,0.03566914051771164,0.0196576165035367,,0
g1ojs/_2m/Helix/Square helix.nec,ok,ok,0.02253978420048952,0.014969619922339916,,0
g1ojs/_2m/Hentenna based/2m Cuboid Hentenna Symmetric.nec,ok,ok,0.07004083413630724,0.05251000542193651,1.3339,1
g1ojs/_2m/Hentenna based/2m Hentenna fs.nec,ok,ok,0.007251541130244732,0.006368863396346569,,0
g1ojs/_2m/Hentenna based/2m Hentenna over ground Phi_0 - flashing.nec,ok,ok,1.6760772690176964,0.5421128962188959,3.0917,1
g1ojs/_2m/Hentenna based/2m Hentenna over ground Phi_0.nec,ok,ok,0.045798019506037235,0.023469865322113037,,0
g1ojs/_2m/Hentenna based/2m Hentenna over ground Phi_90 - flashing.nec,ok,ok,1.6618129648268223,0.5198091585189104,3.1970,1
g1ojs/_2m/Hentenna based/2m Hentenna over ground.nec,ok,ok,0.045848337933421135,0.02393827959895134,,0
g1ojs/_2m/Hentenna based/2m Small Cube Hentenna.nec,ok,ok,0.05319477152079344,0.027070360258221626,,0
g1ojs/_2m/Hentenna based/2m Small Cuboid Hentenna Symmetric.nec,ok,ok,0.06965042557567358,0.05181506089866161,1.3442,1
g1ojs/_2m/Hentenna based/2m Small Cuboid Hentenna.nec,ok,ok,0.05260390229523182,0.02687220461666584,,0
g1ojs/_2m/Hentenna based/2m Small Hentenna Loop 12.5 Ohms.nec,ok,ok,0.03448349330574274,0.025870160199701786,,0
g1ojs/_2m/Hentenna based/2m Small Hentenna Loop 700x200 Stub Match Wire dia.nec,ok,ok,0.036511532962322235,0.027396962977945805,,0
g1ojs/_2m/Hentenna based/2m Small Hentenna Loop 700x200 Stub Match.nec,ok,ok,0.036343333311378956,0.027408605441451073,,0
g1ojs/_2m/Hentenna based/2m Small Hentenna Loop 700x280 Stub Match.nec,ok,ok,0.03637770563364029,0.027470487169921398,,0
g1ojs/_2m/Hentenna based/2m Wide Hentenna over ground.nec,ok,ok,0.023535079322755337,0.017990946769714355,,0
g1ojs/_2m/Hentenna based/2m gapped hentenna over ground.nec,ok,ok,0.10219589527696371,0.05127380322664976,1.9931,1
g1ojs/_2m/Hentenna based/2x Stacked 2m Hentenna Single Feed Inverted parallel to roof ridge over Ground.nec,ok,ok,0.10517967212945223,0.05373834539204836,1.9573,1
g1ojs/_2m/Hentenna based/2x Stacked 2m Hentenna Single Feed parallel to roof ridge over Ground Base Direct Feed.nec,ok,ok,0.08220346923917532,0.04072592779994011,,0
g1ojs/_2m/Hentenna based/2x Stacked 2m Hentenna Single Feed parallel to roof ridge over Ground.nec,ok,ok,0.10232244152575731,0.053377702832221985,1.9170,1
g1ojs/_2m/Hentenna based/2x Stacked 2m Hentenna parallel to roof ridge over Ground.nec,ok,ok,0.08813686203211546,0.04433702491223812,,0
g1ojs/_2m/Hentenna based/2x Stacked 2m Hentenna parallel to roof ridge with reflector.nec,ok,ok,0.12271697446703911,0.060668195597827435,2.0228,1
g1ojs/_2m/Hentenna based/Build.nec,ok-no-source,ok-no-source,0.03589404094964266,0.02304156217724085,,0
g1ojs/_2m/Horizontal 2m Moxon.nec,ok,ok,0.016170897521078587,0.01336284726858139,,0
g1ojs/_2m/Horizontal Dipole with end loading plates.nec,ok,ok,0.05505771655589342,0.03665888216346502,,0
g1ojs/_2m/Larger loops/Fullwave square one turn.nec,ok,ok,0.006114130839705467,0.005497487261891365,,0
g1ojs/_2m/Larger loops/Rect 35cm x 50cm.nec,ok,ok,0.005842466838657856,0.005224721506237984,,0
g1ojs/_2m/Larger loops/Rect 35cm x 60cm.nec,ok,ok,0.005895797163248062,0.005193967372179031,,0
g1ojs/_2m/Larger loops/Skinny wire diamond loop.nec,ok,ok,0.012922443449497223,0.009881041944026947,,0
g1ojs/_2m/Larger loops/Square 40cm.nec,ok,ok,0.008283854462206364,0.005320129916071892,,0
g1ojs/_2m/Magloop/2m 17cm dia Magloop 144.2 MHz H - FS.nec,ok,ok,0.010149762034416199,0.008861548267304897,,0
g1ojs/_2m/Magloop/2m 17cm dia Magloop 144.2 MHz H.nec,ok,ok,0.029669059440493584,0.017029871232807636,,0
g1ojs/_2m/Magloop/2m 17cm dia Magloop 144.2 MHz V.nec,ok,ok,0.029138028621673584,0.06945410184562206,,0
g1ojs/_2m/Owen Collinear.nec,ok,ok,0.006696081720292568,0.005771709606051445,,0
g1ojs/_2m/Quads/Circular Loop.nec,ok,ok,0.01145266741514206,0.007539215497672558,,0
g1ojs/_2m/Quads/Circular Quad 2 ele - fb.nec,ok,ok,0.021003794856369495,0.011805707588791847,,0
g1ojs/_2m/Quads/Rect Wire Quad 3 ele 50R.nec,ok,ok,0.047397746704518795,0.035657825879752636,,0
g1ojs/_2m/Quads/Square Quad 1 with dipole reflector.nec,ok,ok,0.01364821381866932,0.010592076927423477,,0
g1ojs/_2m/Quads/Square Quad 2 ele 50R.nec,ok,ok,0.025053543969988823,0.018498613499104977,,0
g1ojs/_2m/Quads/Square Quad 2 ele box.nec,ok,ok,0.047041782177984715,0.03494185023009777,,0
g1ojs/_2m/Quads/Square Thick Wire Quad 3 ele 50R.nec,ok,ok,0.04641620721668005,0.03476052265614271,,0
g1ojs/_2m/Quads/Square Wire Quad 2 ele 50R with clutter.nec,ok,ok,0.37944466061890125,0.18902731779962778,2.0074,1
g1ojs/_2m/Quads/Square Wire Quad 2 ele 50R.nec,ok,ok,0.026748057454824448,0.020209581591188908,,0
g1ojs/_2m/Quads/Square Wire Quad 3 ele 50R - fb.nec,ok,ok,0.04801471997052431,0.0354143800213933,,0
g1ojs/_2m/Quads/Square Wire Quad 3 ele 50R.nec,ok,ok,0.04806751571595669,0.035934953950345516,,0
g1ojs/_2m/Shortened dipoles/2m H dipole 0.5m.nec,ok,ok,0.00832281168550253,0.006627381779253483,,0
g1ojs/_2m/Shortened dipoles/2m Helix S dipole 0.5t.nec,ok,ok,0.041961513459682465,0.022278725169599056,,0
g1ojs/_2m/Shortened dipoles/2m Helix S dipole 0.7t.nec,ok,ok,0.042259990237653255,0.022417678497731686,,0
g1ojs/_2m/Shortened dipoles/2m Helix S dipole 1t.nec,ok,ok,0.041609447449445724,0.022802519612014294,,0
g1ojs/_2m/Shortened dipoles/2m Helix S dipole.nec,ok,ok,0.04146433528512716,0.02237150352448225,,0
g1ojs/_2m/Shortened dipoles/2m LL Dipole 2mm dia elements 40cm - hairpin.nec,ok,ok,0.027413731440901756,0.020398407243192196,,0
g1ojs/_2m/Shortened dipoles/2m LL Dipole 4mm dia elements 40cm - hairpin.nec,ok,ok,0.026613565161824226,0.01964440755546093,,0
g1ojs/_2m/Shortened dipoles/2m LL Dipole 5mm dia elements 50cm - hairpin.nec,ok,ok,0.026627599261701107,0.01970335002988577,,0
g1ojs/_2m/Shortened dipoles/2m M dipole 0.5m.nec,ok,ok,0.007391554303467274,0.0060927988961339,,0
g1ojs/_2m/Shortened dipoles/2m Rect Petlowany Dipole 5mm dia elements flat 0.4.nec,ok,ok,0.012889236211776733,0.00963547546416521,,0
g1ojs/_2m/Shortened dipoles/2m Rect Petlowany Dipole 5mm dia elements flat 0.5.nec,ok,ok,0.012940349988639355,0.009616992436349392,,0
g1ojs/_2m/Shortened dipoles/2m Z dipole 0.5m.nec,ok,ok,0.007279623299837112,0.006072645075619221,,0
g1ojs/_2m/Shortened dipoles/2m Z dipole 0.6m.nec,ok,ok,0.007347434759140015,0.005909396335482597,,0
g1ojs/_2m/Shortened dipoles/2m meander dipole.nec,ok,ok,0.004156016744673252,0.0040345583111047745,,0
g1ojs/_2m/Shortened dipoles/Dipole wire diameter.nec,ok,ok,0.007770512253046036,0.006343581713736057,,0
g1ojs/_2m/Shortened dipoles/Patch dipole.nec,ok,ok,0.6245699459686875,0.3665738068521023,1.7038,1
g1ojs/_2m/Slot cube tall.nec,ok,ok,0.029576871544122696,0.022450722754001617,,0
g1ojs/_2m/Slot cube wide.nec,ok,ok,0.02904864214360714,0.021817333064973354,,0
g1ojs/_2m/Slot cube.nec,ok,ok,0.026653273031115532,0.01976978499442339,,0
g1ojs/_2m/Stacked dipoles.nec,ok,ok,0.020068990997970104,0.015294400043785572,,0
g1ojs/_2m/Verticals/2m Stacked Vertical Dipoles with integral baluns - 4 lens opt WITH MEASUREMENT NOTES.nec,ok,ok,0.9311367915943265,0.6025383975356817,1.5454,1
g1ojs/_2m/Verticals/2m Stacked Vertical Dipoles with integral baluns - no harness.nec,ok,ok,0.678749293088913,0.47018001321703196,1.4436,1
g1ojs/_2m/Verticals/2m Stacked Vertical Dipoles with integral baluns reentrant harness.nec,ok,ok,0.9590155957266688,0.6140901111066341,1.5617,1
g1ojs/_2m/Verticals/2m Stacked Vertical Dipoles with integral baluns.nec,ok,ok,0.8426028862595558,0.5402012523263693,1.5598,1
g1ojs/_2m/Verticals/2m Stacked Vertical Gamma Matched Dipole over ground.nec,ok,ok,0.9840935338288546,0.6233911868184805,1.5786,1
g1ojs/_2m/Verticals/2m Vertical Dipole with integral balun.nec,ok,ok,0.6890317294746637,0.47219080571085215,1.4592,1
g1ojs/_2m/Verticals/2m Vertical Gamma Matched Dipole over ground.nec,ok,ok,0.70420684479177,0.46205049473792315,1.5241,1
g1ojs/_2m/Verticals/2m Vertical dipole with phasing balun.nec,ok,ok,1.6981807062402368,0.8593931002542377,1.9760,1
g1ojs/_2m/Verticals/2m high gain Vertical flowerpot with metal sleeve air spaced with feedline and feed stub.nec,ok,ok,0.4176657712087035,0.20846871752291918,2.0035,1
g1ojs/_2m/Verticals/Periodic stubs tests/2m 3lam monopole stubs shaped generic.nec,ok,ok,0.4029956180602312,0.2926992289721966,1.3768,1
g1ojs/_2m/Verticals/Periodic stubs tests/2m gamma dipole extended TL.nec,ok,ok,0.11099034734070301,0.05499737989157438,2.0181,1
g1ojs/_2m/Verticals/Periodic stubs tests/2m gamma dipole extended stubs - test.nec,ok,ok,0.1449550474062562,0.0800197646021843,1.8115,1
g1ojs/_2m/Verticals/Periodic stubs tests/2m gamma dipole extended stubs shaped.nec,ok,ok,0.13506805710494518,0.08085407316684723,1.6705,1
g1ojs/_2m/Verticals/Periodic stubs tests/2m gamma dipole extended stubs.nec,ok,ok,0.12774795666337013,0.062227535992860794,2.0529,1
g1ojs/_2m/Verticals/Periodic stubs tests/2m gamma dipole extended zigzag.nec,ok,ok,0.06467011105269194,0.037393055856227875,,0
g1ojs/_2m/Yagis Loop Fed/2m 3ele LF yagi BUILT.nec,ok,ok,0.036405605264008045,0.02722655702382326,,0
g1ojs/_2m/Yagis Loop Fed/2m 3ele LF yagi opt FR.nec,ok,ok,0.03685855679214001,0.027470234781503677,,0
g1ojs/_2m/Yagis/2m Diamond A144S5R free space.nec,ok,ok,0.014337820000946522,0.009792248718440533,,0
g1ojs/_2m/Yagis/Horizontal 2m 2ele yagi.nec,ok,ok,0.009590554051101208,0.007589234970510006,,0
g1ojs/_2m/Yagis/Horizontal 2m 3ele yagi - M5AML.nec,ok,ok,0.014696772210299969,0.011020872741937637,,0
g1ojs/_2m/Yagis/Horizontal 2m 4ele yagi 95cm boom 20 ohm.nec,ok,ok,0.021062636747956276,0.015534027479588985,,0
g1ojs/_2m/Yagis/Horizontal 2m 4ele yagi BUILT.nec,ok,ok,0.02056736871600151,0.015739399008452892,,0
g1ojs/_2m/Yagis/Horizontal 2m yagi 5 ele.nec,ok,ok,0.02783239260315895,0.02056347019970417,,0
g1ojs/_2m/Yagis/Horizontal 2m yagi 6 ele.nec,ok,ok,0.03618774749338627,0.027481273747980595,,0
g1ojs/_6m/6m 2ele Quad base fed.nec,ok,ok,0.31027146242558956,0.2751975664868951,1.1274,1
g1ojs/_6m/6m Dipole bars.nec,ok,ok,0.2580149145796895,0.2439278718084097,1.0578,1
g1ojs/_6m/6m Dipole coax inner fed.nec,ok,ok,0.010563552379608154,0.008392197079956532,,0
g1ojs/_6m/6m Dipole discs.nec,error,error,0.1189910490065813,0.08378603216260672,,0
g1ojs/_6m/6m Dipole droops.nec,ok,ok,0.2500139223411679,0.24796433094888926,1.0083,1
g1ojs/_6m/6m Dipole speaker wire.nec,ok,ok,0.010563443414866924,0.008481776341795921,,0
g1ojs/_6m/6m Dipole stars.nec,ok,ok,0.258266881108284,0.24812897946685553,1.0409,1
g1ojs/_6m/6m Helically loaded dipole.nec,ok,ok,6.534079342149198,2.133551247417927,3.0625,1
g1ojs/_6m/6m LL Bar Dipole 5mm dia elements - 2.nec,ok,ok,0.2636161269620061,0.24991072434931993,1.0548,1
g1ojs/_6m/6m LL Bar Dipole 5mm dia elements.nec,ok,ok,0.2628855314105749,0.24953435827046633,1.0535,1
g1ojs/_6m/6m LL Dipole 5mm dia elements - hairpin - 2.nec,ok,ok,0.2731984332203865,0.25939455162733793,1.0532,1
g1ojs/_6m/6m LL Dipole 5mm dia elements - hairpin.nec,ok,ok,0.2749999687075615,0.2584803085774183,1.0639,1
g1ojs/_6m/6m LL Dipole test 5mm dia elements - hairpin.nec,ok,ok,0.27236597426235676,0.2580069750547409,1.0557,1
g1ojs/_6m/6m LL2 Dipole 5mm dia elements.nec,ok,ok,0.26571089029312134,0.25206406973302364,1.0541,1
g1ojs/_6m/6m Moxgen Moxon.nec,ok,ok,0.031503274105489254,0.021823943592607975,,0
g1ojs/_6m/6m Moxon 1mm wire.nec,ok,ok,0.015133470296859741,0.0116824796423316,,0
g1ojs/_6m/6m Moxon Front coax inner fed Rear wire.nec,ok,ok,0.029209195636212826,0.022513942793011665,,0
g1ojs/_6m/6m Moxon coax inner fed.nec,ok,ok,0.029220095835626125,0.04085975140333176,,0
g1ojs/_6m/6m Quad base fed.nec,ok,ok,0.26417919155210257,0.2773026041686535,0.9527,1
g1ojs/_6m/6m Quad side fed.nec,ok,ok,0.26456321869045496,0.2579257497563958,1.0257,1
g1ojs/_6m/6m Rect Petlowany Dipole 5mm dia elements 3D.nec,ok,ok,0.25822784192860126,0.24690102506428957,1.0459,1
g1ojs/_6m/6m Rect Petlowany Dipole 5mm dia elements flat 2.nec,ok,ok,0.2594871297478676,0.24865219928324223,1.0436,1
g1ojs/_6m/6m Rect Petlowany Dipole 5mm dia elements flat.nec,ok,ok,0.25962161645293236,0.2466431250795722,1.0526,1
g1ojs/_6m/6m Short Dipole 5mm dia elements - hairpin.nec,ok,ok,0.259207459166646,0.2469836138188839,1.0495,1
g1ojs/_6m/Build.nec,ok-no-source,ok-no-source,0.005645085126161575,0.006942972540855408,,0
g1ojs/_6m/_6m Dipole ref.nec,ok,ok,0.010127993300557137,0.008225889876484871,,0
g1ojs/_6m/_6m V.nec,ok,ok,0.25267649441957474,0.2504304116591811,1.0090,1
g1ojs/__70cm/70cm 6cm dia Magloop 433.2 MHz V.nec,ok,ok,0.02780565433204174,0.017124760895967484,,0
g1ojs/__70cm/70cm Rect Petlowany Dipole 1mm dia elements flat 2.nec,ok,ok,0.012825951911509037,0.010087499395012856,,0
g1ojs/__70cm/70cm Rect Petlowany Dipole 5mm dia elements flat 2.nec,ok,ok,0.012368399649858475,0.008976111188530922,,0
g1ojs/__70cm/Dipole ref.nec,ok,ok,0.005678513087332249,0.004954075440764427,,0
g1ojs/__70cm/Horizontal 70cm 3ele LF yagi.nec,ok,ok,0.036188891157507896,0.026520353741943836,,0
g1ojs/__70cm/Patch dipole.nec,ok,ok,0.03363567963242531,0.030091246590018272,,0
g1ojs/__70cm/Square loop.nec,ok,ok,0.009573596529662609,0.007567764259874821,,0
g1ojs/__70cm/Yagis/70cm Horizontal 2ele yagi over ground.nec,ok,ok,0.00893789529800415,0.007061394862830639,,0
g1ojs/__70cm/Yagis/70cm Horizontal 3ele yagi over ground.nec,ok,ok,0.013436968438327312,0.010152607224881649,,0
g1ojs/__70cm/Yagis/70cm Stacked dipoles x3.nec,ok,ok,0.01696024462580681,0.013017975725233555,,0
g1ojs/opt/Loaded V-01.nec,ok,ok,0.13600016199052334,0.13346765749156475,1.0190,1
g1ojs/opt/Loaded V-02.nec,ok,ok,0.13565416913479567,0.1375611536204815,0.9861,1
g1ojs/opt/Loaded V-03.nec,ok,ok,0.13538311701267958,0.13307329826056957,1.0174,1
g1ojs/opt/Loaded V-04.nec,ok,ok,0.13521858491003513,0.13303775992244482,1.0164,1
g1ojs/opt/Loaded V-05.nec,ok,ok,0.13518310710787773,0.13429498206824064,1.0066,1
g1ojs/opt/Loaded V-06.nec,ok,ok,0.13504111673682928,0.13247959781438112,1.0193,1
g1ojs/opt/Loaded V-07.nec,ok,ok,0.13531134277582169,0.13348527625203133,1.0137,1
g1ojs/opt/Loaded V-08.nec,ok,ok,0.1358538456261158,0.13352535665035248,1.0174,1
g1ojs/opt/Loaded V-09.nec,ok,ok,0.13554626796394587,0.13327000103890896,1.0171,1
g1ojs/opt/Loaded V-10.nec,ok,ok,0.13527080416679382,0.13366512581706047,1.0120,1
g1ojs/opt/Loaded V-11.nec,ok,ok,0.13565082661807537,0.1331054111942649,1.0191,1
g1ojs/opt/Loaded V-12.nec,ok,ok,0.1356465658172965,0.1342876711860299,1.0101,1
g1ojs/opt/Loaded V-13.nec,ok,ok,0.13533356226980686,0.13287730142474174,1.0185,1
g1ojs/opt/Loaded V-14.nec,ok,ok,0.13566957041621208,0.1330567356199026,1.0196,1
g1ojs/opt/Loaded V-15.nec,ok,ok,0.13613687828183174,0.1331083569675684,1.0228,1
g1ojs/opt/Loaded V-16.nec,ok,ok,0.13559014443308115,0.13432964030653238,1.0094,1
g1ojs/opt/Loaded V-18.nec,ok,ok,0.13542305771261454,0.13361486233770847,1.0135,1
g1ojs/opt/Loaded V-19.nec,ok,ok,0.1353360153734684,0.13431882113218307,1.0076,1
g1ojs/opt/Loaded V-20.nec,ok,ok,0.136154699139297,0.1332153743132949,1.0221,1
g1ojs/opt/Loaded V-21.nec,ok,ok,0.1353718312457204,0.1330939894542098,1.0171,1
g1ojs/opt/Loaded V-22.nec,ok,ok,0.1352771921083331,0.13334385585039854,1.0145,1
g1ojs/opt/Loaded V-23.nec,ok,ok,0.13545789662748575,0.13296315167099237,1.0188,1
g1ojs/opt/Loaded V-24.nec,ok,ok,0.13611598126590252,0.13318587839603424,1.0220,1
g1ojs/opt/Loaded V-26.nec,ok,ok,0.13567434810101986,0.13340482115745544,1.0170,1
g1ojs/opt/Loaded V-27.nec,ok,ok,0.13658546283841133,0.1329354727640748,1.0275,1
g1ojs/opt/Loaded V-28.nec,ok,ok,0.13530391175299883,0.13308085408061743,1.0167,1
icecube-dbesson/2 dipole on roof.nec,ok,ok,0.627075276337564,0.24257439095526934,2.5851,1
icecube-dbesson/2lsloper.nec,ok,ok,0.3954853853210807,0.3914542580023408,1.0103,1
icecube-dbesson/2phased.nec,ok,ok,0.0038927681744098663,0.003827618435025215,,0
icecube-dbesson/36ccd.nec,ok,ok,0.23016628995537758,0.22677821293473244,1.0149,1
icecube-dbesson/36dip.nec,ok,ok,0.19665435887873173,0.19394514989107847,1.0140,1
icecube-dbesson/36inv.nec,ok,ok,0.19964515324681997,0.1965799294412136,1.0156,1
icecube-dbesson/36inv_split.nec,ok,ok,0.19885564129799604,0.1963075678795576,1.0130,1
icecube-dbesson/3el-inverted-V.nec,ok,ok,0.20102222729474306,0.18116840068250895,1.1096,1
icecube-dbesson/3elquad.nec,ok,ok,0.005894786678254604,0.0057356394827365875,,0
icecube-dbesson/4 Dipole Trans-lines.nec,ok,ok,0.014722786843776703,0.014141108840703964,,0
icecube-dbesson/40quad.nec,ok,ok,0.13225081842392683,0.11823027674108744,1.1186,1
icecube-dbesson/4nec2.nec,ok,ok,0.2129751956090331,0.12481665052473545,1.7063,1
icecube-dbesson/4square.nec,ok,ok,0.1915800031274557,0.18963144719600677,1.0103,1
icecube-dbesson/4x20ra.nec,ok,ok,0.09501036442816257,0.06279151141643524,1.5131,1
icecube-dbesson/7lyagi10.nec,ok,ok,0.19151986576616764,0.1772472057491541,1.0805,1
icecube-dbesson/80hsbeam.nec,ok,ok,0.22161644510924816,0.1981377936899662,1.1185,1
icecube-dbesson/80rdbeam.nec,ok,ok,0.28539989050477743,0.24156722705811262,1.1815,1
icecube-dbesson/BCone45.nec,ok,ok,0.042906615883111954,0.027001788839697838,,0
icecube-dbesson/BCone55.nec,ok,ok,0.3727632714435458,0.2267472529783845,1.6440,1
icecube-dbesson/BCone65.nec,ok,ok,0.40626721177250147,0.22433156240731478,1.8110,1
icecube-dbesson/Bcone-1mmgap.nec,ok,ok,0.044683980755507946,0.028974493965506554,,0
icecube-dbesson/Bcone-3cmgap.nec,ok,ok,0.04403262119740248,0.028522521257400513,,0
icecube-dbesson/BetaMatch.nec,ok,ok,0.02459306363016367,0.017846240662038326,,0
icecube-dbesson/Bicone-dzvar.nec,ok,ok,0.0444356482475996,0.028024244122207165,,0
icecube-dbesson/Bicone0+.nec,ok,ok,0.0998307466506958,0.05935117043554783,1.6820,1
icecube-dbesson/Bicone0.nec,ok,ok,0.03301393333822489,0.021728656254708767,,0
icecube-dbesson/Catenary_1.nec,ok-no-source,ok-no-source,0.0040437886491417885,0.00396351795643568,,0
icecube-dbesson/Cedzph10.nec,ok,ok,0.1071582417935133,0.08088797703385353,1.3248,1
icecube-dbesson/CoilCapHat.nec,ok,ok,0.18205543793737888,0.13687903340905905,1.3300,1
icecube-dbesson/Collinear_1L.nec,ok,ok,0.07869649957865477,0.07721657864749432,1.0192,1
icecube-dbesson/Deltalp.nec,ok,ok,0.0859625544399023,0.08475370425730944,1.0143,1
icecube-dbesson/Example1.nec,ok,ok,0.005168740637600422,0.0036316141486167908,,0
icecube-dbesson/Example2.nec,ok,ok,0.003940455615520477,0.0033192094415426254,,0
icecube-dbesson/Example3.nec,ok,ok,0.20414801687002182,0.1941964840516448,1.0512,1
icecube-dbesson/Fractal.nec,ok,ok,1.3706954149529338,0.9330323534086347,1.4691,1
icecube-dbesson/Generator.nec,ok,ok,0.06545865070074797,0.06497467961162329,1.0074,1
icecube-dbesson/Gwave.nec,ok,ok,0.0963927824050188,0.0937059735879302,1.0287,1
icecube-dbesson/Half-Horn2.nec,ok,ok,0.03937552962452173,0.025127115659415722,,0
icecube-dbesson/Half-horn.nec,ok,ok,0.039362610317766666,0.026681847870349884,,0
icecube-dbesson/Illuminate.nec,ok,ok,2.2494696602225304,2.1679088193923235,1.0376,1
icecube-dbesson/L_match.nec,ok,ok,0.016616267152130604,0.012462464161217213,,0
icecube-dbesson/Logper.nec,ok,ok,0.02122198697179556,0.02015766780823469,,0
icecube-dbesson/Loops.nec,ok,ok,0.006313111633062363,0.004341077990829945,,0
icecube-dbesson/Lowdip.nec,ok,ok,0.23573571257293224,0.20976270455867052,1.1238,1
icecube-dbesson/Match_Test.nec,ok,ok,0.0035348935052752495,0.0036204447969794273,,0
icecube-dbesson/Moxon.nec,ok,ok,0.18805514462292194,0.21269046515226364,0.8842,1
icecube-dbesson/Multiband.nec,ok,ok,0.2313544126227498,0.20498018339276314,1.1287,1
icecube-dbesson/NearFld.nec,ok,ok,1.6502450127154589,1.593853060156107,1.0354,1
icecube-dbesson/Optimized-discone.nec,ok,ok,0.030539396218955517,0.020624550059437752,,0
icecube-dbesson/Parab50.nec,ok,ok,5.026933419518173,3.0282993065193295,1.6600,1
icecube-dbesson/Parabola.nec,ok-no-source,ok-no-source,0.1518813455477357,0.06856239214539528,,0
icecube-dbesson/Patch.nec,ok-no-source,ok-no-source,0.009066511876881123,0.007032604888081551,,0
icecube-dbesson/Phased GP.nec,ok,ok,0.01956203766167164,0.010958926752209663,,0
icecube-dbesson/Phased array Trans-line.nec,ok,ok,0.010527756065130234,0.008567986078560352,,0
icecube-dbesson/Quad.nec,ok,ok,0.34814288932830095,0.3370440360158682,1.0329,1
icecube-dbesson/RICE-dipole.nec,error,error,0.2380794109776616,0.1529115391895175,,0
icecube-dbesson/RICE-dipole0.nec,error,error,0.20725587476044893,0.12669787928462029,,0
icecube-dbesson/Rhombic.nec,ok,ok,0.12811782024800777,0.12823865376412868,0.9991,1
icecube-dbesson/Slopvee.nec,ok,ok,0.206256284378469,0.1708872728049755,1.2070,1
icecube-dbesson/T-box.nec,ok,ok,0.19232195056974888,0.12355276755988598,1.5566,1
icecube-dbesson/TL-test.nec,ok,ok,0.11264688521623611,0.08251655660569668,1.3651,1
icecube-dbesson/TV_uhf.nec,ok,ok,0.04570631217211485,0.03544736746698618,,0
icecube-dbesson/Tr-line.nec,ok,ok,0.19713979493826628,0.19400202296674252,1.0162,1
icecube-dbesson/TrapDip.nec,ok,ok,0.0061377789825201035,0.004565397277474403,,0
icecube-dbesson/Vee40.nec,ok,ok,0.2227210672572255,0.2106667449697852,1.0572,1
icecube-dbesson/Vyagi22.nec,ok,ok,0.031182418577373028,0.024265012703835964,,0
icecube-dbesson/Yagi16.nec,ok,ok,0.03531951643526554,0.03459612838923931,,0
icecube-dbesson/atl50E.nec,ok,ok,0.4644393855705857,0.25959181785583496,1.7891,1
icecube-dbesson/atl50e-h.nec,ok,ok,0.527884921990335,0.29339319467544556,1.7992,1
icecube-dbesson/bev80.nec,ok,ok,0.2417562296614051,0.2247363794595003,1.0757,1
icecube-dbesson/bisq7.nec,ok,ok,0.05824821628630161,0.0463748462498188,,0
icecube-dbesson/bobtail.nec,ok,ok,0.2214299663901329,0.21641757152974606,1.0232,1
icecube-dbesson/circdip3.nec,ok,ok,0.0039343563839793205,0.003885679878294468,,0
icecube-dbesson/corner.nec,ok,ok,0.026325280778110027,0.016848028637468815,,0
icecube-dbesson/dip_curv_6m.nec,ok,ok,0.012791150249540806,0.01241341046988964,,0
icecube-dbesson/discone.nec,ok,ok,0.031238846480846405,0.020416916348040104,,0
icecube-dbesson/dscn2.nec,ok,ok,0.5569690642878413,0.29295353684574366,1.9012,1
icecube-dbesson/edzmod.nec,ok,ok,0.17625249829143286,0.17277326341718435,1.0201,1
icecube-dbesson/emeyagi.nec,ok,ok,0.016158764250576496,0.012122025713324547,,0
icecube-dbesson/fm6.nec,ok,ok,0.011449260637164116,0.008814563043415546,,0
icecube-dbesson/franklin.nec,ok,ok,0.004811574704945087,0.007259582169353962,,0
icecube-dbesson/g5rv.nec,ok,ok,0.0037077246233820915,0.0036350898444652557,,0
icecube-dbesson/gndplane.nec,ok,ok,0.004169347696006298,0.004012277349829674,,0
icecube-dbesson/hel10ua.nec,ok,ok,0.2263083355501294,0.1532202959060669,1.4770,1
icecube-dbesson/helix.nec,ok,ok,0.6003489177674055,0.28054269310086966,2.1400,1
icecube-dbesson/helixve5.nec,ok,ok,0.04202866833657026,0.03884136863052845,,0
icecube-dbesson/hrs_441.nec,ok,ok,5.071450086310506,5.861116423271596,0.8653,1
icecube-dbesson/i5tdjii.nec,ok,ok,0.025407970882952213,0.018000084906816483,,0
icecube-dbesson/isotrop.nec,ok,ok,0.004957983270287514,0.004678764380514622,,0
icecube-dbesson/jbl.nec,ok,ok,2.5636277962476015,1.450240039266646,1.7677,1
icecube-dbesson/lazyh.nec,ok,ok,0.005424840375781059,0.004858674481511116,,0
kk4obi-bent-dipoles/efhw-straight.nec,ok,ok,0.06164493318647146,0.056010772474110126,1.1006,1
kk4obi-bent-dipoles/folded-end-dipole.nec,ok,ok,0.20877556782215834,0.19601743388921022,1.0651,1
kk4obi-bent-dipoles/ocf-vertical-4radials.nec,ok,ok,0.1595749817788601,0.13882837537676096,1.1494,1
kk4obi-bent-dipoles/std-vertical-dipole.nec,ok,ok,0.06748575530946255,0.05914164800196886,1.1411,1
nec-simulations/nec/biconicalAntenna.nec,ok,ok,0.006056763231754303,0.005325225181877613,,0
nec-simulations/nec/colinnearDipoles.nec,ok,ok,0.0042443955317139626,0.004200379364192486,,0
nec-simulations/nec/foldedDipole_10.nec,ok,ok,0.004731126129627228,0.004433596506714821,,0
nec-simulations/nec/foldedDipole_5.nec,ok,ok,0.003916075453162193,0.0038229338824748993,,0
nec-simulations/nec/foldedDipole_50.nec,ok,ok,0.021747508086264133,0.014947048388421535,,0
nec-simulations/nec/helicalAntenna.nec,ok,ok,0.04419293627142906,0.027894827537238598,,0
nec-simulations/nec/inEchellonDipoles.nec,ok,ok,0.003703039139509201,0.0036896150559186935,,0
nec-simulations/nec/parallelDipoles.nec,ok,ok,0.004173186607658863,0.004082337953150272,,0
nec-simulations/nec/turnstileAntenna.nec,ok,ok,0.004134896211326122,0.004014693200588226,,0
nec-simulations/nec/turnstileTestAntenna.nec,ok,ok,3.8699460132047534,2.224997919984162,1.7393,1
nec-simulations/nec/wireAntennaFastGround.nec,ok,ok,0.2887919628992677,0.24510014802217484,1.1783,1
nec-simulations/nec/wireAntennaPerfectGround.nec,crash,crash,1.2139873886480927,1.2078570388257504,,0
nec2-toys/2m-fd-fed-yagi.nec,ok,ok,0.9188048290088773,0.8145956350490451,1.1279,1
nec2-toys/2m-folded-dipole/2m-folded-dipole.nec,ok,ok,0.8091449681669474,0.7230469696223736,1.1191,1
nec2-toys/oldStuff/gen1/freeSpace2mDE.nec,ok,ok,0.01914424542337656,0.017755815759301186,,0
nec2-toys/oldStuff/gen1/nec-2m-2el-146.310.nec,ok,ok,0.024201638996601105,0.0217030206695199,,0
nec2-toys/oldStuff/gen1/nec-2m-2el-1_8th-wire.nec,ok,ok,0.02181439008563757,0.01962423138320446,,0
nec2-toys/oldStuff/gen1/nec-2m-2el-3_16ths-wire.nec,ok,ok,0.021466244012117386,0.01943873707205057,,0
nec2c/10RA432.nec,ok,ok,0.008259320631623268,0.007514582015573978,,0
nec2c/19el_432_tonna.nec,ok,ok,0.05195299629122019,0.04050482343882322,,0
nec2c/20RA432.nec,ok,ok,0.023852689191699028,0.019396687857806683,,0
nec2c/20RA_X4.nec,ok,ok,0.07347930129617453,0.050988455303013325,1.4411,1
nec2c/3E_.nec,ok,ok,0.008047446608543396,0.007227110676467419,,0
nec2c/9EL_GRA.nec,ok,ok,0.01602404098957777,0.013450397178530693,,0
nec2c/9elX2b_gr.nec,ok,ok,0.11169107351452112,0.07261890172958374,1.5380,1
nec2c/9elX2b_mast.nec,ok,ok,0.10347197204828262,0.07180071529000998,1.4411,1
nec2c/9elX2b_tonna.nec,ok,ok,0.09602986089885235,0.06804321333765984,1.4113,1
nec2c/9elX2bm_gr.nec,ok,ok,0.27142796386033297,0.1543256901204586,1.7588,1
nec2c/9elX_gra.nec,ok,ok,0.04040577821433544,0.029658609069883823,,0
nec2c/9elX_tonna.nec,ok,ok,0.04023005906492472,0.03260138817131519,,0
nec2c/9elXb_tonna.nec,ok,ok,0.040675670839846134,0.03241757396608591,,0
nec2c/9elXb_tonnaf.nec,ok,ok,0.7485577976331115,0.38816440012305975,1.9285,1
nec2c/9el_p_tonna.nec,ok,ok,0.020910863764584064,0.01887753140181303,,0
nec2c/9el_tonna.nec,ok,ok,0.020739098079502583,0.019162063486874104,,0
nec2c/9el_tonnaf.nec,ok,ok,0.2120784306898713,0.10571772698312998,2.0061,1
nec2c/9elv_tonna.nec,ok,ok,0.020641724579036236,0.018361369147896767,,0
nec2c/BSZ09.nec,ok,ok,0.01940204855054617,0.017713753506541252,,0
nec2c/BSZ10.nec,ok,ok,0.20988796278834343,0.20734383445233107,1.0123,1
nec2c/CAR.nec,ok,ok,0.07505625486373901,0.04642679542303085,,0
nec2c/DIP2_7T.nec,ok,ok,0.005892627872526646,0.005282854661345482,,0
nec2c/DIP_7.nec,ok,ok,0.007789496332406998,0.006916080601513386,,0
nec2c/DIP_7T.nec,ok,ok,0.004813089966773987,0.0044636717066168785,,0
nec2c/DIP_7TB.nec,ok,ok,0.004918438382446766,0.004406766965985298,,0
nec2c/DIP_7TC.nec,ok,ok,0.004788256250321865,0.004466491751372814,,0
nec2c/DIP_7TD.nec,ok,ok,0.004884754307568073,0.0043892040848731995,,0
nec2c/DIP_7TE.nec,ok,ok,0.0048750173300504684,0.004350508563220501,,0
nec2c/DIP_REFL.nec,ok,ok,0.012647038325667381,0.010221374221146107,,0
nec2c/ELICA.nec,ok,ok,0.010050020180642605,0.008529538288712502,,0
nec2c/EX1.nec,ok,ok,0.0035967109724879265,0.0036069806665182114,,0
nec2c/EX2.nec,ok,ok,0.003718167543411255,0.0037089409306645393,,0
nec2c/EX3.nec,ok,ok,0.05768601316958666,0.053981030359864235,1.0686,1
nec2c/EX5.nec,ok,ok,0.006815473549067974,0.005910706706345081,,0
nec2c/EX7.nec,ok-no-source,ok-no-source,0.003999844193458557,0.0038767866790294647,,0
nec2c/I5TDJII.nec,ok,ok,0.040417760610580444,0.03205417841672897,,0
nec2c/I5TDJIII.nec,ok,ok,0.04015736188739538,0.03321143984794617,,0
nec2c/LOGPERIO_1.nec,ok-no-source,ok-no-source,0.0058105867356061935,0.005119313485920429,,0
nec2c/LPA9.nec,ok,ok,0.03731678985059261,0.0357286911457777,,0
nec2c/MARCONI.nec,ok,ok,0.005300513468682766,0.005008146166801453,,0
nec2c/MONOPOLE.nec,ok,ok,0.0055245207622647285,0.005095682106912136,,0
nec2c/MONOPOLO.nec,ok,ok,0.005737639032304287,0.00519697368144989,,0
nec2c/MYGP.nec,ok,ok,0.07915484253317118,0.08034633379429579,0.9852,1
nec2c/MYGPR.nec,ok,ok,0.45481146313250065,0.4565263744443655,0.9962,1
nec2c/MYGPX.nec,ok,ok,0.45692850928753614,0.4526646491140127,1.0094,1
nec2c/RHOMBIC.nec,ok,ok,0.03902022447437048,0.038401911966502666,,0
nec2c/ROMBICA.nec,ok,ok,0.03913183882832527,0.03850305546075106,,0
nec2c/SKYWIRE.nec,ok,ok,0.011949492618441582,0.010757467709481716,,0
nec2c/SPIRAL.nec,error,error,0.005807963199913502,0.005448826588690281,,0
nec2c/TEST299.nec,ok,ok,0.030958141200244427,0.020548878237605095,,0
nec2c/TRI_7.nec,ok,ok,0.011102180927991867,0.01083688996732235,,0
nec2c/TRI_7T.nec,ok,ok,0.007289706729352474,0.006834628991782665,,0
nec2c/TRI_7TA.nec,ok,ok,0.007233946584165096,0.007010842673480511,,0
nec2c/TRI_7TB.nec,ok,ok,0.007303902879357338,0.007043259218335152,,0
nec2c/TRI_7TC.nec,ok,ok,0.00719040259718895,0.006578496657311916,,0
nec2c/VBS_28_T.nec,ok,ok,0.006609529256820679,0.0058084456250071526,,0
nec2c/VB_28_T.nec,ok,ok,0.0067270128056406975,0.005748274736106396,,0
nec2c/YG_4X6.nec,ok,ok,0.013691463507711887,0.011157617904245853,,0
nec2c/YG_4X6_B.nec,ok,ok,0.031785404309630394,0.026559011079370975,,0
nec2c/YG_6EL.nec,ok,ok,0.00905101653188467,0.007876511663198471,,0
nec2c/YI20_40B.nec,ok,ok,0.9195271460339427,0.8251039013266563,1.1144,1
nec2c/YI20_40C.nec,ok,ok,1.0299322502687573,0.6865087207406759,1.5002,1
nec2c/dip_curv_6m.nec,ok,ok,0.012778581120073795,0.012162147089838982,,0
nec2c/dl_2el_18.nec,ok,ok,0.022052420303225517,0.01663753017783165,,0
nec2c/dl_2el_18_1.nec,ok,ok,0.012109021656215191,0.011447865515947342,,0
nec2c/dl_2el_18_1t.nec,ok,ok,0.008158354088664055,0.00744906160980463,,0
nec2c/dl_2el_18_1t15mvp.nec,ok,ok,0.19374146312475204,0.1890950221568346,1.0246,1
nec2c/dl_2el_18_t10m.nec,ok,ok,0.008250007405877113,0.007456885650753975,,0
nec2c/dl_2el_18_t10mvp.nec,ok,ok,0.008069794625043869,0.007531324401497841,,0
nec2c/dl_2el_18b24.nec,ok,ok,0.026580283418297768,0.022969798184931278,,0
nec2c/dl_2el_24b18.nec,ok,ok,0.02747124247252941,0.023478862829506397,,0
nec2c/dl_2el_28_1.nec,ok,ok,0.0258504468947649,0.023628339171409607,,0
nec2c/dl_2el_28_1t.nec,ok,ok,0.022729230113327503,0.018008464947342873,,0
nec2c/dl_2el_28_f.nec,ok,ok,0.34136065375059843,0.1750494772568345,1.9501,1
nec2c/dl_4el_20.nec,ok,ok,0.044121598824858665,0.033710792660713196,,0
nec2c/dl_4el_20f.nec,ok,ok,0.4115316607058048,0.21854032017290592,1.8831,1
nec2c/firstrhombic.nec,ok,ok,0.009430507197976112,0.008575107902288437,,0
nec2c/i5tdjiiif.nec,ok,ok,0.6956928493455052,0.36107769794762135,1.9267,1
nec2c/log_periodic.nec,ok,ok,0.03746700566262007,0.03505235444754362,,0
nec2c/logperA9.nec,ok,ok,0.03767139092087746,0.03574842028319836,,0
nec2c/quad17m_1.nec,ok,ok,0.02821793593466282,0.019383898936212063,,0
nec2c/quad17m_2.nec,ok,ok,0.030051222071051598,0.021093743853271008,,0
nec2c/rombica_t.nec,ok,ok,0.00937049463391304,0.008641109801828861,,0
nec2c/yg2_5el_50.nec,ok,ok,0.02266555465757847,0.01985588576644659,,0
nec2c/yg2_5el_50t.nec,ok,ok,0.017969227395951748,0.01473972387611866,,0
nec2c/yg_16el_220.nec,ok,ok,0.015319792553782463,0.014278028160333633,,0
nec2c/yg_16el_220M_1.nec,ok,ok,0.03202198073267937,0.05117442365735769,,0
nec2c/yg_16el_220M_2.nec,ok,ok,0.03358462452888489,0.027871044352650642,,0
nec2c/yg_2el_24.nec,ok,ok,0.011426311917603016,0.009672342799603939,,0
nec2c/yg_4el_20.nec,ok,ok,0.013434511609375477,0.012532318942248821,,0
nec2c/yg_4el_20f.nec,ok,ok,0.04057708941400051,0.02221379056572914,,0
nec2c/yg_4el_20g.nec,ok,ok,0.009216354228556156,0.008100639097392559,,0
nec2c/yg_5el_50.nec,ok,ok,0.01230514608323574,0.011938407085835934,,0
nec2c/yg_5el_50_opt.nec,ok,ok,0.012612324208021164,0.011962216347455978,,0
nec2c/yg_5el_50p_opt.nec,ok,ok,0.012405897490680218,0.012144257314503193,,0
nec2c/yg_5el_50t.nec,ok,ok,0.00860730279237032,0.007512702606618404,,0
nec2c/yg_9el_144.nec,ok,ok,0.020575061440467834,0.01866535283625126,,0
nec2org/biquad_2440MHz.nec,ok,ok,0.6937258988618851,0.5570495845749974,1.2454,1
necpp/36dip.nec,ok,ok,0.19551948737353086,0.2172670178115368,0.8999,1
necpp/Collinear_1L.nec,ok,ok,0.07822069432586432,0.07746272161602974,1.0098,1
necpp/GA487.nec,ok,ok,0.5235545663163066,0.5227228356525302,1.0016,1
necpp/Yg_4x6_b.nec,ok,ok,0.03171783126890659,0.026538471691310406,,0
necpp/biquad.nec,ok,ok,0.6916653141379356,0.5477646803483367,1.2627,1
necpp/bruce_sommerfeld.nec,ok,ok,0.2459247810766101,0.22847189661115408,1.0764,1
necpp/buoy.nec,ok,ok,0.0835837135091424,0.08443384431302547,0.9899,1
necpp/dipole_anim.nec,ok,ok,0.01497163437306881,0.027439694851636887,,0
necpp/discone.nec,ok-no-source,ok-no-source,1.46824917383492,0.68635846208781,,0
necpp/ek_test.nec,ok,ok,0.006520076654851437,0.006067211739718914,,0
necpp/example1.nec,ok,ok,0.0036253957077860832,0.0035881847143173218,,0
necpp/example2.nec,ok,ok,0.003715665079653263,0.003705228678882122,,0
necpp/example3.nec,ok,ok,0.05746512394398451,0.05453193373978138,1.0538,1
necpp/example5.nec,ok,ok,0.006870458833873272,0.005926667712628841,,0
necpp/excessive_gain.nec,ok,ok,0.014038308523595333,0.011838280595839024,,0
necpp/ga_pjw_0.nec,ok-no-source,ok-no-source,0.07032610196620226,0.043983870185911655,,0
necpp/ga_pjw_1.nec,ok,ok,0.630533155053854,0.2871549054980278,2.1958,1
necpp/gh_flat_spiral.nec,ok,ok,0.008492828346788883,0.007495869882404804,,0
necpp/gn2.nec,ok,ok,0.12426357064396143,0.12100899592041969,1.0269,1
necpp/gx_one_plane.nec,ok,ok,0.006527077406644821,0.005870167165994644,,0
necpp/gx_three_planes.nec,ok,ok,0.011123795062303543,0.009375381283462048,,0
necpp/gx_three_planes_control.nec,ok,ok,0.011967289261519909,0.01150152925401926,,0
necpp/hang.nec,ok,ok,0.31073849927634,0.2505858903750777,1.2400,1
necpp/herzian_dipole.nec,ok,ok,0.006478199735283852,0.005957908928394318,,0
necpp/intersection.nec,ok,ok,0.00404040701687336,0.0039230166003108025,,0
necpp/inverted_v.nec,ok,ok,2.505864613689482,1.235489216633141,2.0282,1
necpp/medium_test.nec,ok,ok,0.004140249453485012,0.003886324353516102,,0
necpp/near_field_electric.nec,ok,ok,0.003470460884273052,0.0034429170191287994,,0
necpp/near_field_magnetic.nec,ok,ok,0.0033434582874178886,0.0033766143023967743,,0
necpp/passive_test1.nec,ok-no-source,ok-no-source,0.06496604904532433,0.04001263063400984,,0
necpp/patch_999.nec,error,error,0.11150155775249004,0.06305234786123037,,0
necpp/patch_999_2.nec,no-impedance,no-impedance,0.013047433458268642,0.013183651491999626,,0
necpp/plane.nec,ok-no-source,error,0.03954529017210007,0.024760951288044453,,0
necpp/plane_wave_excitation.nec,ok-no-source,ok-no-source,0.007770327851176262,0.007130730897188187,,0
necpp/plet_helix.nec,ok-no-source,ok-no-source,0.028472687117755413,0.020177455618977547,,0
necpp/plet_helixumts.nec,ok,ok,0.1643633721396327,0.09678503964096308,1.6982,1
necpp/salt_ground.nec,ok,ok,0.601498506963253,0.5798905426636338,1.0373,1
necpp/sommerfeld2.nec,ok,ok,0.11399859189987183,0.08692146651446819,1.3115,1
necpp/sommerfeld3.nec,ok,ok,0.20944347698241472,0.20833107456564903,1.0053,1
necpp/sommerfield1.nec,ok,ok,0.06011571642011404,0.05829192791134119,1.0313,1
necpp/test299.nec,ok,ok,0.030286370776593685,0.020539702847599983,,0
necpp/yagi.nec,ok,ok,0.0624992111697793,0.03529938589781523,,0
opennec/6mYagi-Onec.nec,ok,ok,41.08620427455753,41.33290325384587,0.9940,1
opennec/6mYagi-Onec2.nec,ok,ok,0.05378358718007803,0.031794020906090736,,0
opennec/example5.nec,ok,ok,0.006893713027238846,0.006062911823391914,,0
qantenna/10-30m_vert4.nec,ok,ok,7.624691535718739,7.53309075627476,1.0122,1
qantenna/19el_432_tonna.nec,ok,ok,0.052203522995114326,0.04013974964618683,,0
qantenna/1_4l-gp_on_pole.nec,ok,ok,1.6507929293438792,1.4578835666179657,1.1323,1
qantenna/5_8l-gp_on_pole.nec,ok,ok,1.4239055989310145,1.29256562422961,1.1016,1
qantenna/adrian.nec,ok,ok,0.08778806496411562,0.08320960402488708,1.0550,1
qantenna/airplane.nec,ok,error,0.49755892902612686,0.02662877645343542,,0
qantenna/ant.nec,ok,ok,0.03680339455604553,0.034973207861185074,,0
qantenna/collinear.nec,ok,ok,1.653035712428391,1.5272510573267937,1.0824,1
qantenna/delta-loop-15m.nec,ok,ok,0.8302582167088985,0.7970548467710614,1.0417,1
qantenna/quad-20m.nec,ok,ok,0.7625357126817107,0.705229626968503,1.0813,1
qantenna/spaceship.nec,ok,ok,0.03743678703904152,0.03454296197742224,,0
qantenna/tower.nec,error,error,0.010713660158216953,0.008955996483564377,,0
qantenna/tri_7.nec,ok,ok,0.010878903791308403,0.010561778210103512,,0
qantenna/turnstile-sloped.nec,ok,ok,0.16718413308262825,0.15140973404049873,1.1042,1
qantenna/turnstile.nec,ok,ok,0.16922345105558634,0.1516145570203662,1.1161,1
qantenna/xpol_omni.nec,ok,ok,0.4203170342370868,0.3279352383688092,1.2817,1
qantenna/yagi.nec,ok,ok,0.0697013745084405,0.06833110749721527,1.0201,1
qantenna/yagi8sq_ch1.nec,ok,ok,0.07670369930565357,0.07438345439732075,1.0312,1
qantenna/yg_16el_220.nec,ok,ok,0.014839468523859978,0.014014134183526039,,0
qantenna/yg_4el_20.nec,ok,ok,0.05269567761570215,0.052332219667732716,1.0069,1
qantenna/yg_6el.nec,ok,ok,0.7457748400047421,0.7453975016251206,1.0005,1
qantenna/zepp-80m.nec,ok,ok,0.23184718750417233,0.20990452356636524,1.1045,1
rchacker-antennas/1180/helical.nec,ok,ok,0.02582853939384222,0.0161829125136137,,0
rchacker-antennas/1180/moxon_44mm.nec,ok,ok,0.011491862125694752,0.010089969262480736,,0
rchacker-antennas/1180/moxon_thin_wire.nec,ok,ok,0.011725629679858685,0.011426631361246109,,0
rchacker-antennas/1180/turnstile_1180_droop_angle_raptor.nec,ok,ok,0.0793215911835432,0.033248369581997395,,0
rchacker-antennas/1180/turnstile_1180_droop_angle_raptor_optimised.nec,ok,ok,0.03823039401322603,0.02522331103682518,,0
rchacker-antennas/1180/use gen program in 4nec folder.nec,ok-no-source,ok-no-source,3.5335089592263103,2.016130485571921,,0
rchacker-antennas/2.4/dipole_2.4.nec,ok,ok,0.011417272500693798,0.00915670208632946,,0
rchacker-antennas/2.4/moxon24.nec,ok,ok,0.007822485640645027,0.007095293141901493,,0
rchacker-antennas/2.4/stripped_coax_2.4.nec,ok,ok,0.00942866038531065,0.008031409233808517,,0
rchacker-antennas/2.4/swastika thick wire.nec,ok,ok,0.006419322453439236,0.005343735218048096,,0
rchacker-antennas/2.4/swastika thin wire.nec,ok,ok,0.009210430085659027,0.007908182218670845,,0
rchacker-antennas/2.4/swastika.nec,ok,ok,0.006290965713560581,0.005490451119840145,,0
rchacker-antennas/2.4/swastika_large_wire_opt.nec,ok,ok,0.006112805567681789,0.005525846034288406,,0
rchacker-antennas/2.4/swastika_large_wire_opt_1mm_feed.nec,ok,ok,0.006240236572921276,0.005342581309378147,,0
rchacker-antennas/2.4/turnstile.nec,ok,ok,0.014666161499917507,0.011166896671056747,,0
rchacker-antennas/2.4/turnstile_2.4_asymmetric.nec,ok,ok,0.022457513958215714,0.011723591014742851,,0
rchacker-antennas/2.4/turnstile_2.4_asymmetric_rad.nec,ok,ok,0.014927760697901249,0.011285013519227505,,0
rchacker-antennas/2.4/vee_2.4.nec,ok,ok,0.01161166001111269,0.009755435399711132,,0
rchacker-antennas/58/helical58.nec,ok,ok,0.2686041835695505,0.16939216013997793,1.5857,1
rchacker-antennas/58/pinwheel5.8.nec,ok,ok,0.10966482851654291,0.10421258676797152,1.0523,1
rchacker-antennas/UHF/_new.nec,ok,ok,0.01832644362002611,0.013285371474921703,,0
rchacker-antennas/UHF/ground_plane.nec,ok,ok,0.03805381152778864,0.025089789181947708,,0
rchacker-antennas/UHF/ground_turnstile.nec,ok,ok,0.007290806621313095,0.006612672470510006,,0
rchacker-antennas/UHF/ibcrazy turnstile.nec,ok,ok,0.0036288313567638397,0.00351537112146616,,0
rchacker-antennas/UHF/ibcrazy turnstile_measurements_from_web_tutorial.nec,ok,ok,0.0037408368661999702,0.003645738586783409,,0
rchacker-antennas/UHF/moxon435_as_per_generator.nec,ok,ok,0.015609297901391983,0.012791124172508717,,0
rchacker-antennas/UHF/moxon435_optimised.nec,ok,ok,0.016514144837856293,0.013022010214626789,,0
rchacker-antennas/UHF/turnstile.nec,ok,ok,0.018340539187192917,0.013377443887293339,,0
rchacker-antennas/UHF/turnstile_NEW.nec,ok,ok,0.017945929430425167,0.013718265108764172,,0
rchacker-antennas/UHF/turnstile_coax_flat.nec,ok,ok,0.015435496345162392,0.013300827704370022,,0
rchacker-antennas/UHF/turnstile_coax_flower.nec,ok,ok,0.033016628585755825,0.021784218959510326,,0
rchacker-antennas/UHF/turnstile_coax_flower_2.5.nec,ok,ok,0.03202763944864273,0.02185856644064188,,0
rchacker-antennas/UHF/turnstile_droop_angle.nec,ok,ok,0.027743861079216003,0.018607202917337418,,0
rchacker-antennas/UHF/turnstile_droop_angle_coax.nec,ok,ok,0.03789231367409229,0.02635801676660776,,0
rchacker-antennas/UHF/turnstile_droop_angle_raptor.nec,ok,ok,0.08264501858502626,0.052419109269976616,1.5766,1
rchacker-antennas/UHF/turnstile_droop_angle_raptor_optimised.nec,ok,ok,0.15418751630932093,0.09044936113059521,1.7047,1
rchacker-antennas/UHF/turnstile_droop_angle_raptor_optimised_eff.nec,ok,ok,0.1529097007587552,0.09016634430736303,1.6959,1
rchacker-antennas/UHF/turnstile_effeciency_optimised.nec,ok,ok,0.02714368049055338,0.018531681038439274,,0
rchacker-antennas/UHF/vee3_asymmetrical.nec,ok,ok,0.011775624006986618,0.009633614681661129,,0
rchacker-antennas/UHF/vee3_asymmetrical_hello_kitty_evolved.nec,ok,ok,0.01778862439095974,0.013194783590734005,,0
rchacker-antennas/UHF/vee3_asymmetrical_hello_kitty_evolved_40.nec,ok,ok,0.01779678463935852,0.013687040656805038,,0
rchacker-antennas/UHF/vee3_asymmetrical_with_coax.nec,ok,ok,0.01829349994659424,0.014061584137380123,,0
rchacker-antennas/UHF/vee3_symmetrical.nec,ok,ok,0.011731648817658424,0.009406888857483864,,0
rchacker-antennas/circular omni/PINWHEEL62m.nec,ok,ok,0.10873446054756641,0.10543132852762938,1.0313,1
rchacker-antennas/circular omni/pinwheel62m_980skewplanar-e3.nec,ok,ok,0.1083624754101038,0.10404582694172859,1.0415,1
rchacker-antennas/vee_cheatsheet/vee3_symmetrical_1080_cat5.nec,ok,ok,0.011859443038702011,0.009522118605673313,,0
rchacker-antennas/vee_cheatsheet/vee3_symmetrical_1180_cat5.nec,ok,ok,0.011653893627226353,0.009601759724318981,,0
rchacker-antennas/vee_cheatsheet/vee3_symmetrical_1280_cat5.nec,ok,ok,0.011669231578707695,0.009774139150977135,,0
rchacker-antennas/vee_cheatsheet/vee3_symmetrical_425.nec,ok,ok,0.011695648543536663,0.009472507983446121,,0
rchacker-antennas/vee_cheatsheet/vee3_symmetrical_433.nec,ok,ok,0.0117409136146307,0.009385832585394382,,0
rchacker-antennas/vee_cheatsheet/vee3_symmetrical_435.nec,ok,ok,0.01167458575218916,0.009923483245074749,,0
rchacker-antennas/vee_cheatsheet/vee3_symmetrical_440.nec,ok,ok,0.011676343157887459,0.009380538016557693,,0
rchacker-antennas/vee_cheatsheet/vee3_symmetrical_459.nec,ok,ok,0.012094550766050816,0.010048787109553814,,0
rchacker-antennas/vee_cheatsheet/vee3_symmetrical_915.nec,ok,ok,0.011617894284427166,0.009358142502605915,,0
rchacker-antennas/vee_cheatsheet/vee3_symmetrical_915_cat5.nec,ok,ok,0.01168888621032238,0.009460638277232647,,0
sokyrad/k8uy_yagi_10el/models/K8UY_yagi_2m_original.nec,ok,ok,0.12934131547808647,0.0849441085010767,1.5227,1
sokyrad/unsorted/10m efhw narrow rect 28.4mhz  10m efhw narrow rect 28.4mhz.nec,ok,ok,0.14235662296414375,0.10303393099457026,1.3816,1
sokyrad/unsorted/10m_3el_yagi_horizontal.nec,ok,ok,0.34294893592596054,0.32500020787119865,1.0552,1
sokyrad/unsorted/10m_3el_yagi_horizontal_quarter_wave_elements.nec,ok,ok,0.29990389477461576,0.32044579833745956,0.9359,1
sokyrad/unsorted/10m_3el_yagi_vertical.nec,ok,ok,0.4347976157441735,0.41279102861881256,1.0533,1
sokyrad/unsorted/10m_efhw_inverted_L_10ft.nec,ok,ok,0.14282252453267574,0.13545127119868994,1.0544,1
sokyrad/unsorted/10m_quarter_wave_ground_plane_10ft.nec,ok,ok,0.6987903788685799,0.668253374285996,1.0457,1
sokyrad/unsorted/15m_20m_jumper_half_square.nec,ok,ok,2.382540072314441,2.447644396685064,0.9734,1
sokyrad/unsorted/26ft_vertical_26x20ft_radials_eznec_import.nec,ok,ok,1.5839687632396817,1.2920750612393022,1.2259,1
sokyrad/unsorted/2m70cm_moxon_nested.nec,ok,ok,0.04605257697403431,0.03687705006450415,,0
sokyrad/unsorted/2m70cm_moxon_nested_four_masted.nec,ok,ok,0.3360453601926565,0.23562312591820955,1.4262,1
sokyrad/unsorted/40m_efhw-inverted-v_28.6MHz.nec,ok,ok,0.03245963342487812,0.03131671156734228,,0
sokyrad/unsorted/40m_efhw_L.nec,ok,ok,0.15517176501452923,0.1488987822085619,1.0421,1
sokyrad/unsorted/6m_2m_70cm_moxon-yagi.nec,ok,ok,0.12006099056452513,0.10361583158373833,1.1587,1
sokyrad/unsorted/80m_delta_loop_top10m_bottom1m_quarterwave_feed_3p9MHz.nec,ok,ok,0.9720607232302427,0.946111798286438,1.0274,1
sokyrad/unsorted/80m_delta_loop_top3m_bottom1m_quarterwave_feed_3p9MHz.nec,ok,ok,0.9871714608743787,0.9450383391231298,1.0446,1
sokyrad/unsorted/80m_efhw-Sloper-L_3.85M.nec,ok,ok,0.2114720121026039,0.20317537151277065,1.0408,1
sokyrad/unsorted/80m_efhw-Sloper-L_7.2375M.nec,ok,ok,0.19556835386902094,0.18942586425691843,1.0324,1
sokyrad/unsorted/80m_efhw-Sloper.nec,ok,ok,0.1951998332515359,0.18906248826533556,1.0325,1
sokyrad/unsorted/80m_efhw_inverted_v.nec,ok,ok,0.13151650223881006,0.1251626145094633,1.0508,1
sokyrad/unsorted/80m_efhw_sloper.nec,ok,ok,0.24723942298442125,0.24349957145750523,1.0154,1
sokyrad/unsorted/80m_full-wave_horiz-L_3.8MHz.nec,ok,ok,0.02951232995837927,0.028094799257814884,,0
sokyrad/unsorted/80m_square_horizontal_loop_65ft_3mm_3p9MHz.nec,ok,ok,1.0094314673915505,0.9404463721439242,1.0734,1
sokyrad/unsorted/K8UY_dipole_2m_original_gamma.nec,ok,ok,0.6301399348303676,0.5744889667257667,1.0969,1
sokyrad/unsorted/K8UY_yagi_2m_original.nec,ok,ok,0.12978860829025507,0.08521075453609228,1.5231,1
sokyrad/unsorted/butternut_hf6v_approx.nec,ok,ok,0.27559670712798834,0.20677770860493183,1.3328,1
sokyrad/unsorted/custom_28_4MHz_hybrid_dipole_invertedV.nec,ok,ok,0.10653595440089703,0.0849996916949749,1.2534,1
sokyrad/unsorted/custom_28_4MHz_hybrid_dipole_invertedV_10mheight_1_8wave.nec,ok,ok,0.09775171987712383,0.08638661075383425,1.1316,1
sokyrad/unsorted/custom_28_4MHz_hybrid_dipole_invertedV_2_5m.nec,ok,ok,0.4928762074559927,0.46790628135204315,1.0534,1
sokyrad/unsorted/custom_28_4MHz_hybrid_dipole_invertedV_2_5m_horiz_1_8wave_angled_1_4wave.nec,ok,ok,0.4147990057244897,0.40519131906330585,1.0237,1
sokyrad/unsorted/custom_28_4MHz_hybrid_dipole_invertedV_5_0m.nec,ok,ok,0.47556867729872465,0.4681681403890252,1.0158,1
sokyrad/unsorted/custom_double_inverted_v_10m_28_4MHz_20ft.nec,ok,ok,0.4123967895284295,0.40995938424021006,1.0059,1
sokyrad/unsorted/custom_double_inverted_v_10m_28_4MHz_20ft_same_plane.nec,ok,ok,0.4144124165177345,0.40326216723769903,1.0277,1
sokyrad/unsorted/delta_loop_equilateral_29MHz.nec,ok,ok,0.7114225113764405,0.6757735256105661,1.0528,1
sokyrad/unsorted/delta_loop_equilateral_29MHz_bottom_corner_feed.nec,ok,ok,0.6616809526458383,0.6457724887877703,1.0246,1
sokyrad/unsorted/dual_band_stacked_moxon_146_444_50mm_only146driven.nec,ok,ok,0.22470027580857277,0.22347948793321848,1.0055,1
sokyrad/unsorted/fan_dipole_80_40_20_10_6m_20m_height_voltage_balun.nec,ok,ok,3.999553745612502,3.6652910355478525,1.0912,1
sokyrad/unsorted/inverted_v_10m_28_4MHz_20ft.nec,ok,ok,0.3996898028999567,0.4036413487046957,0.9902,1
sokyrad/unsorted/inverted_v_14p225MHz.nec,ok,ok,0.8744484893977642,0.8607257036492229,1.0159,1
sokyrad/unsorted/inverted_v_28p4MHz.nec,ok,ok,0.8570095412433147,0.8435436217114329,1.0160,1
sokyrad/unsorted/inverted_v_3p8MHz.nec,ok,ok,0.9133474575355649,0.906883810646832,1.0071,1
sokyrad/unsorted/inverted_v_7p2MHz.nec,ok,ok,0.8544208286330104,0.8461005762219429,1.0098,1
sokyrad/unsorted/moxong_2m_single.nec,ok,ok,0.006272769533097744,0.005529414862394333,,0
sokyrad/unsorted/moxong_2m_stacked_common_feed.nec,ok,ok,0.01594633888453245,0.011891252361238003,,0
sokyrad/unsorted/moxong_2m_stacked_common_feed_0_99lambda.nec,ok,ok,0.016376114450395107,0.012127811089158058,,0
sokyrad/unsorted/simple_10m_inverted_v_10ft.nec,ok,ok,0.5537362471222878,0.5578602561727166,0.9926,1
sokyrad/unsorted/simple_dipole_28_4MHz_10_0m.nec,ok,ok,0.19947402365505695,0.18923999555408955,1.0541,1
sokyrad/unsorted/simple_dipole_28_4MHz_2_5m.nec,ok,ok,0.4607823984697461,0.4635583199560642,0.9940,1
sokyrad/unsorted/simple_dipole_28_4MHz_5_0m.nec,ok,ok,0.4611993348225951,0.46299005299806595,0.9961,1
sokyrad/unsorted/stacked_146MHz_moxon_horizontal.nec,ok,ok,0.40020739659667015,0.3192689148709178,1.2535,1
sokyrad/unsorted/stacked_146MHz_moxon_vertical (1).nec,ok,ok,0.41090604197233915,0.3389405198395252,1.2123,1
sokyrad/unsorted/stacked_146MHz_moxon_vertical.nec,ok,ok,0.41260303277522326,0.32865468878299,1.2554,1
sokyrad/unsorted/stacked_146MHz_moxon_vertical_0_75lambda.nec,ok,ok,0.45103317126631737,0.35654606856405735,1.2650,1
w8io/215DX.nec,ok,ok,0.1501902351155877,0.11660306435078382,1.2880,1
w8io/216CP.nec,ok,ok,0.285523084923625,0.21272433456033468,1.3422,1
w8io/222_13l_50ohm_yagi_kf6a.nec,ok,ok,0.012658137828111649,0.01010174211114645,,0
w8io/222_15l_50ohm_yagi_kf6a.nec,ok,ok,0.010795650072395802,0.008862165734171867,,0
w8io/2m12L_yagi_kf6a.nec,ok,ok,0.011777878738939762,0.009404188953340054,,0
w8io/6m_7L_1-46WL_yagi.nec,ok,ok,0.00576318334788084,0.006477769464254379,,0
w8io/6m_8L_50ohm_yagi_kf6a.nec,ok,ok,0.005971414968371391,0.005248658359050751,,0
w8io/BVO-4WL-144-15.nec,ok,ok,0.045841626822948456,0.028461185283958912,,0
w8io/CC-17B2.nec,ok,ok,0.16805471200495958,0.0974584361538291,1.7244,1
w8io/DG7YBN 144_GTV2-14w.nec,ok,ok,0.02778790984302759,0.019407705403864384,,0
w8io/DK7ZB-144-12.nec,ok,ok,0.07636640593409538,0.0469173202291131,,0
w8io/EF7021.nec,ok,ok,11.586836643517017,7.37563260551542,1.5710,1
w8io/EF7027.nec,ok,ok,15.380030378699303,10.789036839269102,1.4255,1
w8io/FO-25-432.nec,ok,ok,15.369952492415905,9.65617788489908,1.5917,1
w8io/FO-33-432.nec,ok,ok,22.979800912551582,15.336135349236429,1.4984,1
w8io/G0KSC-13LFA.nec,ok,ok,0.2478367956355214,0.1432729559019208,1.7298,1
w8io/G0KSC-14LFA.nec,ok,ok,0.2823890959843993,0.1608512457460165,1.7556,1
w8io/G0KSC-15LFA.nec,ok,ok,0.3227872811257839,0.1876715999096632,1.7200,1
w8io/HG-66DX-CW.nec,ok,ok,0.005130943842232227,0.004840359091758728,,0
w8io/HG7031DX.nec,ok,ok,21.217227736487985,13.664536881260574,1.5527,1
w8io/I0JXX-16JXX2.nec,ok,ok,0.1489006821066141,0.08787329029291868,1.6945,1
w8io/IO-432-28.nec,ok,ok,15.20561379659921,11.583701075054705,1.3127,1
w8io/K1FO-222-22.nec,ok,ok,0.06379607133567333,0.04104308504611254,,0
w8io/K1FO-FO15-144.nec,ok,ok,0.04610070958733559,0.028495140373706818,,0
w8io/K1FO-FO16-144.nec,ok,ok,0.05032807867974043,0.030793344601988792,,0
w8io/KF6A-144-18.nec,ok,ok,0.014962668530642986,0.011481422930955887,,0
w8io/KF6A_6m_7EL_12_5ohm_yagi.nec,ok,ok,0.008274300023913383,0.005278722383081913,,0
w8io/KF6A_70cm_22L.nec,ok,ok,0.03339098580181599,0.026889395900070667,,0
w8io/LP140-200-2D.nec,ok,ok,3.036340053193271,2.167913904413581,1.4006,1
w8io/LP144-22.nec,ok,ok,2.395252567715943,1.5756472367793322,1.5202,1
w8io/LP144-35-MAXFB.nec,ok,ok,24.52340038958937,17.71178351994604,1.3846,1
w8io/LP50-108-16.nec,ok,ok,3.6128936847671866,2.494879214093089,1.4481,1
w8io/LogYag220-520-15dbi.nec,ok,ok,23.413219183683395,13.694514653645456,1.7097,1
w8io/M2-222-5WL.nec,ok,ok,0.03425016161054373,0.022919450886547565,,0
w8io/M2-2M5WL-inch.nec,ok,ok,0.09335518535226583,0.05448130890727043,1.7135,1
w8io/M2-432-9WLA.nec,ok,ok,16.171322241425514,11.492989294230938,1.4071,1
w8io/SM5BSZ-2SA13.nec,ok,ok,0.030500510707497597,0.020230616442859173,,0
w8io/UR5EAZ_144_12_W8IO_opt.nec,ok,ok,0.031118604354560375,0.015209044329822063,,0
w8io/UR5EAZ_144_RS12.nec,ok,ok,0.020483175292611122,0.014728507958352566,,0
w8io/UR5EAZ_RS_2_11_DRAFT.nec,ok,ok,0.018283509649336338,0.014086293987929821,,0
w8io/W8IO-144-13U.nec,ok,ok,0.022075056098401546,0.016316796652972698,,0
w8io/W8IO-144-13a.nec,ok,ok,0.10266231931746006,0.06152212247252464,1.6687,1
w8io/W8IO-144-14U.nec,ok,ok,0.025265293195843697,0.01765962317585945,,0
w8io/W8IO-144-14V.nec,ok,ok,0.02812872640788555,0.019868560135364532,,0
w8io/W8IO-144-15U.nec,ok,ok,0.027613376267254353,0.01887464988976717,,0
w8io/W8IO-144-15V.nec,ok,ok,0.030862688086926937,0.02116055879741907,,0
w8io/W8IO-144-15fd.nec,ok,ok,0.32983989641070366,0.1829938692972064,1.8025,1
w8io/W8IO-144-16V.nec,ok,ok,0.033842810429632664,0.023232032544910908,,0
w8io/W8IO-144-17V.nec,ok,ok,0.03684430755674839,0.02546831965446472,,0
w8io/W8IO-222-17.nec,ok,ok,0.16642000619322062,0.09694093558937311,1.7167,1
w8io/W8IO-222-18.nec,ok,ok,0.18775830417871475,0.10713956318795681,1.7525,1
w8io/W8IO-222-19.nec,ok,ok,0.2060252958908677,0.11666688695549965,1.7659,1
w8io/W8IO-222-19V.nec,ok,ok,0.04431293811649084,0.028352446854114532,,0
w8io/W8IO-UR5EAZ-144-16V.nec,ok,ok,0.019053305499255657,0.013960945419967175,,0
w8io/YU7EF EF0606.nec,ok,ok,0.011118982918560505,0.00962966401129961,,0
w8io/YU7EF-EF0213.nec,ok,ok,0.0370036493986845,0.024389682337641716,,0
w8io/YU7EF-EF0215.nec,ok,ok,0.13157640304416418,0.07731372117996216,1.7019,1
w8io/kf6a-144-17.nec,ok,ok,0.014099415391683578,0.011014163494110107,,0
w8io/kf6a-432-27L.nec,ok,ok,0.02519564889371395,0.018550670705735683,,0
w8io/whip_antenna_8ft_groundplane.nec,ok,ok,84.22840122971684,51.084232666529715,1.6488,1
xnec2c-fixtures/sy_comma_format.nec,ok-no-source,ok-no-source,0.0034977635368704796,0.0036053890362381935,,0
xnec2c-fixtures/sy_math_cmnd.nec,ok-no-source,ok-no-source,0.004046302288770676,0.0037835566326975822,,0
xnec2c-fixtures/sy_math_geom.nec,ok-no-source,ok-no-source,0.0032792184501886368,0.0032007740810513496,,0
xnec2c-fixtures/sy_separate_cards.nec,ok-no-source,ok-no-source,0.0031878668814897537,0.003376106731593609,,0
xnec2c-fixtures/sy_units_spaces.nec,ok-no-source,ok-no-source,0.0033238548785448074,0.0032679345458745956,,0
