deck,status_a,status_b,wall_a,wall_b,speedup,comparable
4nec2-models/Aperiodic/2ELK9AY.nec,ok,ok,0.4181921323761344,0.17804869543761015,2.3488,1
4nec2-models/Aperiodic/2beverage.nec,ok,ok,0.4173633959144354,0.18968053720891476,2.2003,1
4nec2-models/Aperiodic/2el160flag.nec,ok,ok,0.2593514444306493,0.15055968146771193,1.7226,1
4nec2-models/Aperiodic/80pennant-pf.nec,ok,ok,0.21692839730530977,0.13589356746524572,1.5963,1
4nec2-models/Aperiodic/ON4BAAWD.nec,ok,ok,0.16925381496548653,0.07578851841390133,2.2332,1
4nec2-models/Aperiodic/Rhomb1.nec,ok,ok,0.10415349341928959,0.04024042468518019,,0
4nec2-models/Aperiodic/Rhombic.nec,ok,ok,0.17832468543201685,0.07715807110071182,2.3112,1
4nec2-models/Aperiodic/Semirhomb.nec,ok,ok,0.41439818497747183,0.23231124226003885,1.7838,1
4nec2-models/Aperiodic/Slopvee.nec,ok,ok,0.31496894359588623,0.17155542969703674,1.8360,1
4nec2-models/Aperiodic/Vee40.nec,ok,ok,0.34112976770848036,0.20994042605161667,1.6249,1
4nec2-models/Aperiodic/bev80.nec,ok,ok,0.36830824241042137,0.22551251482218504,1.6332,1
4nec2-models/Equations/1elQuad.nec,ok,ok,0.004225871525704861,0.0041495030745863914,,0
4nec2-models/Equations/2elQuad.nec,ok,ok,0.0058291032910346985,0.005177503451704979,,0
4nec2-models/Equations/3elQuadGain.nec,ok,ok,0.01110585406422615,0.008596531115472317,,0
4nec2-models/Equations/3elQuadWide.nec,ok,ok,0.011453942395746708,0.008890807628631592,,0
4nec2-models/Equations/3elYagiGain.nec,ok,ok,0.003674684092402458,0.004018859006464481,,0
4nec2-models/Equations/3elYagiMaxFB.nec,ok,ok,0.0036030272021889687,0.003787870518863201,,0
4nec2-models/Equations/3elYagiWide.nec,ok,ok,0.003611242398619652,0.004219961352646351,,0
4nec2-models/Equations/4elQuad.nec,ok,ok,0.015553228557109833,0.011141619645059109,,0
4nec2-models/Equations/Moxon.nec,ok,ok,0.2873118659481406,0.17474830150604248,1.6441,1
4nec2-models/Example1.nec,ok,ok,0.0033818259835243225,0.003538738004863262,,0
4nec2-models/Example2.nec,ok,ok,0.003200036473572254,0.0033579226583242416,,0
4nec2-models/Fractals/Fractal.nec,ok,ok,1.5131802717223763,0.9918293096125126,1.5256,1
4nec2-models/Fractals/MI2 Loop.nec,ok,ok,0.08117043692618608,0.03765796683728695,,0
4nec2-models/Fractals/MI3.nec,ok,ok,0.0865061804652214,0.04479022230952978,,0
4nec2-models/Fractals/RANDOM1.nec,ok,ok,0.077751106582582,0.03561416920274496,,0
4nec2-models/Fractals/Random2.nec,ok,ok,0.052854991517961025,0.027808750048279762,,0
4nec2-models/HFActiveFeed/2el10.nec,ok,ok,0.1138036772608757,0.06368373334407806,1.7870,1
4nec2-models/HFActiveFeed/2lsloper.nec,ok,ok,0.6250843368470669,0.39061985444277525,1.6002,1
4nec2-models/HFActiveFeed/2phased.nec,ok,ok,0.0036909719929099083,0.003814389929175377,,0
4nec2-models/HFActiveFeed/3vertical.nec,ok,ok,0.01670343615114689,0.009942197240889072,,0
4nec2-models/HFActiveFeed/BRDZPR10.nec,ok,ok,0.1279565580189228,0.0704911332577467,1.8152,1
4nec2-models/HFActiveFeed/HB9CV.nec,ok,ok,0.003945297561585903,0.00405304878950119,,0
4nec2-models/HFActiveFeed/Quad4.nec,ok,ok,0.04126683156937361,0.01980235055088997,,0
4nec2-models/HFActiveFeed/ZLSPTS10.nec,ok,ok,0.12194288522005081,0.06800176296383142,1.7932,1
4nec2-models/HFActiveFeed/ZLTROM10.nec,ok,ok,0.18053931649774313,0.08278902061283588,2.1807,1
4nec2-models/HFActiveFeed/cedzph10.nec,ok,ok,0.1824829587712884,0.08000766951590776,2.2808,1
4nec2-models/HFActiveFeed/n2pl_phased_dloop.nec,ok,ok,0.3149157138541341,0.17587614711374044,1.7906,1
4nec2-models/HFActiveFeed/zlspdp10.nec,ok,ok,0.11829397641122341,0.06728286482393742,1.7582,1
4nec2-models/HFbeams/2EL160H.nec,ok,ok,1.0761194601655006,0.32888236828148365,3.2720,1
4nec2-models/HFbeams/2lqful10.nec,ok,ok,0.014560696668922901,0.009915354661643505,,0
4nec2-models/HFbeams/2lyagi20.nec,ok,ok,0.08561848104000092,0.05634538270533085,1.5195,1
4nec2-models/HFbeams/2x4Q15A95.nec,ok,ok,0.03269877377897501,0.01729336939752102,,0
4nec2-models/HFbeams/3YAGI20.nec,ok,ok,0.3190202582627535,0.20265160780400038,1.5742,1
4nec2-models/HFbeams/3el-inverted-V.nec,ok,ok,0.3072062684223056,0.18116489984095097,1.6957,1
4nec2-models/HFbeams/3elquad.nec,ok,ok,0.005416727624833584,0.005266202613711357,,0
4nec2-models/HFbeams/3lyagi20.nec,ok,ok,0.49084735568612814,0.23983871284872293,2.0466,1
4nec2-models/HFbeams/40MYAG2.nec,ok,ok,0.35332397650927305,0.2015438349917531,1.7531,1
4nec2-models/HFbeams/40quad.nec,ok,ok,0.19552567228674889,0.11836555786430836,1.6519,1
4nec2-models/HFbeams/4el_vk1aa1.nec,ok,ok,0.49452754482626915,0.13402203004807234,3.6899,1
4nec2-models/HFbeams/5_el_wbeam_PA2AWU.nec,ok,ok,0.5861419634893537,0.2587466798722744,2.2653,1
4nec2-models/HFbeams/7lyagi10.nec,ok,ok,0.2956992285326123,0.17680080328136683,1.6725,1
4nec2-models/HFbeams/80hsbeam.nec,ok,ok,0.33381459303200245,0.2045787014067173,1.6317,1
4nec2-models/HFbeams/80rdbeam.nec,ok,ok,0.3374889902770519,0.21239405777305365,1.5890,1
4nec2-models/HFbeams/8x6q.nec,ok,ok,0.3325289823114872,0.1164479237049818,2.8556,1
4nec2-models/HFbeams/BetaMatch.nec,ok,ok,0.034551248885691166,0.017890747636556625,,0
4nec2-models/HFbeams/Bowtie.nec,timeout,ok,300.0443824445829,104.60915881302208,,0
4nec2-models/HFbeams/Deltalp.nec,ok,ok,0.10367477778345346,0.08477424550801516,1.2230,1
4nec2-models/HFbeams/NinjaBeam.nec,ok,ok,0.28544397465884686,0.17052407376468182,1.6739,1
4nec2-models/HFbeams/Quad.nec,ok,ok,0.0439741425216198,0.01855034101754427,,0
4nec2-models/HFbeams/Stack.nec,ok,ok,0.4382047466933727,0.21365797519683838,2.0510,1
4nec2-models/HFbeams/Unwin.nec,ok,ok,0.010882548056542873,0.008850681595504284,,0
4nec2-models/HFbeams/Unwin_mod.nec,ok,ok,0.009928541257977486,0.008311823941767216,,0
4nec2-models/HFbeams/fan1022.nec,ok,ok,0.032748645171523094,0.01760372519493103,,0
4nec2-models/HFbeams/moxon20.nec,ok,ok,0.34657160099595785,0.21762160398066044,1.5925,1
4nec2-models/HFbeams/sloper.nec,ok,ok,0.2141916761174798,0.13804144505411386,1.5516,1
4nec2-models/HFbeams/wa2wvl.nec,ok,ok,0.38896755408495665,0.2296750033274293,1.6936,1
4nec2-models/HFbeams/y6mhg.nec,ok,ok,0.004844372160732746,0.004659684374928474,,0
4nec2-models/HFbeams/y6mwb.nec,ok,ok,0.006245291791856289,0.005162403918802738,,0
4nec2-models/HFbeams/zl1le10.nec,ok,ok,0.09738906752318144,0.058795793913304806,1.6564,1
4nec2-models/HFcollinear/15edzph2.nec,ok,ok,0.09210588689893484,0.03423792216926813,,0
4nec2-models/HFcollinear/2 dipole on roof.nec,ok,ok,1.4613545117899776,0.24317972175776958,6.0094,1
4nec2-models/HFcollinear/4 Dipole Trans-lines.nec,ok,ok,0.009396256878972054,0.007828128524124622,,0
4nec2-models/HFcollinear/BROADSID.nec,ok,ok,0.0034682638943195343,0.003673842176795006,,0
4nec2-models/HFcollinear/Collinear_1L.nec,ok,ok,0.1221004817634821,0.07700415514409542,1.5856,1
4nec2-models/HFcollinear/SLOPER2.nec,ok,ok,0.4447149336338043,0.24597993306815624,1.8079,1
4nec2-models/HFcollinear/W8BYA Collinear 7 MHz.nec,ok,ok,0.32848166674375534,0.2062975950539112,1.5923,1
4nec2-models/HFcollinear/franklin.nec,ok,ok,0.004643834196031094,0.0043899184092879295,,0
4nec2-models/HFcollinear/hrs_441.nec,ok,ok,13.563450154848397,5.91069507971406,2.2947,1
4nec2-models/HFcollinear/lazyh.nec,ok,ok,0.005096507258713245,0.0049064308404922485,,0
4nec2-models/HFmultiband/4-BAND.nec,ok,ok,4.792393853887916,2.1875740084797144,2.1907,1
4nec2-models/HFmultiband/40MYAG2.nec,ok,ok,0.3535256665199995,0.1982653485611081,1.7831,1
4nec2-models/HFmultiband/5BWIDE-1.nec,ok,ok,0.06857737433165312,0.03527670446783304,,0
4nec2-models/HFmultiband/Cobra.nec,ok,ok,0.3780834386125207,0.21411445084959269,1.7658,1
4nec2-models/HFmultiband/Cone.nec,ok,ok,0.4066445240750909,0.25994110852479935,1.5644,1
4nec2-models/HFmultiband/CrossDip.nec,ok,ok,0.009548799134790897,0.009234954603016376,,0
4nec2-models/HFmultiband/DUAL2EL.nec,ok,ok,0.08905367087572813,0.058245910331606865,1.5289,1
4nec2-models/HFmultiband/InvV80-40.nec,ok,ok,0.3089271457865834,0.19544284977018833,1.5807,1
4nec2-models/HFmultiband/LPDA1.nec,ok,ok,0.00601359736174345,0.005418958142399788,,0
4nec2-models/HFmultiband/Logp.nec,ok,ok,0.006181714124977589,0.005296962335705757,,0
4nec2-models/HFmultiband/MultiDips.nec,ok,ok,0.3556224228814244,0.20552715752273798,1.7303,1
4nec2-models/HFmultiband/MultiTrap.nec,ok,ok,0.22437898349016905,0.14602539967745543,1.5366,1
4nec2-models/HFmultiband/Sleeve.nec,ok,ok,0.28492879401892424,0.1810374204069376,1.5739,1
4nec2-models/HFmultiband/Telerana.nec,ok,ok,0.0353776914998889,0.020074594765901566,,0
4nec2-models/HFmultiband/TrapDip.nec,ok,ok,0.004831473343074322,0.005167202092707157,,0
4nec2-models/HFmultiband/TrapDipole.nec,ok,ok,0.004472576081752777,0.004300030879676342,,0
4nec2-models/HFmultiband/UA3SFH.nec,ok,ok,0.08375331852585077,0.055590939708054066,1.5066,1
4nec2-models/HFmultiband/discone.nec,ok,ok,0.037143814377486706,0.020229226909577847,,0
4nec2-models/HFmultiband/dscn2.nec,ok,ok,0.8755267998203635,0.30575504060834646,2.8635,1
4nec2-models/HFmultiband/logper.nec,ok,ok,0.582306400872767,0.41592528112232685,1.4000,1
4nec2-models/HFmultiband/lpda.nec,ok,ok,0.09025985561311245,0.07448922377079725,1.2117,1
4nec2-models/HFmultiband/mil14.nec,ok,ok,1.164365510456264,0.252691219560802,4.6079,1
4nec2-models/HFmultiband/op201510.nec,ok,ok,0.33362027257680893,0.19782643765211105,1.6864,1
4nec2-models/HFmultiband/quad5b10.nec,ok,ok,0.7219315590336919,0.15960167907178402,4.5233,1
4nec2-models/HFmultiband/sleeve_err.nec,ok,ok,0.28338312078267336,0.17992490250617266,1.5750,1
4nec2-models/HFmultiband/t2fd.nec,ok,ok,0.004132268019020557,0.004353556782007217,,0
4nec2-models/HFmultiband/y1217bb.nec,ok,ok,0.01030357088893652,0.008289659395813942,,0
4nec2-models/HFmultiband/y2015.nec,ok,ok,0.009084545075893402,0.007767115719616413,,0
4nec2-models/HFmultiband/yi20_40b.nec,ok,ok,0.3934366488829255,0.1606113975867629,2.4496,1
4nec2-models/HFshort/2elShort.nec,ok,ok,0.11308498959988356,0.06492809113115072,1.7417,1
4nec2-models/HFshort/2lqsdi10.nec,ok,ok,0.04252341762185097,0.021048239432275295,,0
4nec2-models/HFshort/2lqssq10.nec,ok,ok,0.0488712415099144,0.028865537606179714,,0
4nec2-models/HFshort/2lygcl10.nec,ok,ok,0.09533604979515076,0.05876477528363466,1.6223,1
4nec2-models/HFshort/CoilCapHat.nec,ok,ok,0.23832815513014793,0.1302331956103444,1.8300,1
4nec2-models/HFshort/DPLNLD10.nec,ok,ok,0.015832534059882164,0.010578765533864498,,0
4nec2-models/HFshort/HelixDip.nec,ok,ok,0.005111929029226303,0.0051797740161418915,,0
4nec2-models/HFshort/LinLoad.nec,ok,ok,0.04066172335296869,0.021519513800740242,,0
4nec2-models/HFshort/LinLoad2.nec,ok,ok,0.07655171304941177,0.03557545971125364,,0
4nec2-models/HFshort/Magnetic.nec,ok,ok,0.00643377099186182,0.0045667607337236404,,0
4nec2-models/HFshort/MagneticLoop.nec,ok,ok,0.0051695313304662704,0.004798337817192078,,0
4nec2-models/HFshort/Minibeam.nec,ok,ok,0.006540589965879917,0.0057185376062989235,,0
4nec2-models/HFshort/RXload.nec,ok,ok,0.0031561413779854774,0.0034924959763884544,,0
4nec2-models/HFshort/caphat10.nec,ok,ok,0.0038814879953861237,0.0038584601134061813,,0
4nec2-models/HFsimple/36ccd.nec,ok,ok,0.35634669102728367,0.22749023232609034,1.5664,1
4nec2-models/HFsimple/36dip.nec,ok,ok,0.3034466104581952,0.19361388217657804,1.5673,1
4nec2-models/HFsimple/36inv.nec,ok,ok,0.3065401604399085,0.19558512791991234,1.5673,1
4nec2-models/HFsimple/36inv_coat.nec,ok,ok,0.31729118805378675,0.196143533103168,1.6176,1
4nec2-models/HFsimple/36inv_split.nec,ok,ok,0.3067245418205857,0.20514459442347288,1.4952,1
4nec2-models/HFsimple/70edz.nec,ok,ok,0.35721141658723354,0.21895475406199694,1.6314,1
4nec2-models/HFsimple/CageAlt.nec,ok,ok,0.006919072009623051,0.006680618040263653,,0
4nec2-models/HFsimple/Coax.nec,ok,ok,0.3024039827287197,0.18730282690376043,1.6145,1
4nec2-models/HFsimple/DLoop40.nec,ok,ok,0.219056467525661,0.12541346810758114,1.7467,1
4nec2-models/HFsimple/EDZ_TL.nec,ok,ok,0.0864395797252655,0.05652985069900751,1.5291,1
4nec2-models/HFsimple/EDZ_mod.nec,ok,ok,0.2716368092224002,0.17412920389324427,1.5600,1
4nec2-models/HFsimple/FANDPL10.nec,ok,ok,0.017923816107213497,0.011775740422308445,,0
4nec2-models/HFsimple/G5RV.nec,ok,ok,0.0037802234292030334,0.0038469666615128517,,0
4nec2-models/HFsimple/Hairpin.nec,ok,ok,0.004818394780158997,0.005617082118988037,,0
4nec2-models/HFsimple/Halfsq40.nec,ok,ok,0.28136336151510477,0.17314783483743668,1.6250,1
4nec2-models/HFsimple/HorLoop80.nec,ok,ok,0.3540259078145027,0.2158267181366682,1.6403,1
4nec2-models/HFsimple/Inv-L.nec,ok,ok,0.42842334043234587,0.21925386600196362,1.9540,1
4nec2-models/HFsimple/Isotrop.nec,ok,ok,0.004561275243759155,0.004731284454464912,,0
4nec2-models/HFsimple/L_match.nec,ok,ok,0.019929395988583565,0.012156879529356956,,0
4nec2-models/HFsimple/LoadPos.nec,ok,ok,0.006363071501255035,0.005287917330861092,,0
4nec2-models/HFsimple/LoopCirc20.nec,ok,ok,0.003848564811050892,0.00401459913700819,,0
4nec2-models/HFsimple/Lowdip.nec,ok,ok,0.35836053639650345,0.20932162087410688,1.7120,1
4nec2-models/HFsimple/MagCirc.nec,ok,ok,0.0853344164788723,0.05620236694812775,1.5183,1
4nec2-models/HFsimple/Magnetic.nec,ok,ok,0.08199189975857735,0.056140096858143806,1.4605,1
4nec2-models/HFsimple/Magnetic2.nec,ok,ok,0.005180772393941879,0.004976624622941017,,0
4nec2-models/HFsimple/ParStub.nec,ok,ok,0.003793862648308277,0.003946463577449322,,0
4nec2-models/HFsimple/Patch.nec,timeout,timeout,301.2347685378045,301.24123817682266,,0
4nec2-models/HFsimple/Piramid.nec,ok,ok,0.21245773416012526,0.13915955368429422,1.5267,1
4nec2-models/HFsimple/Rectb40.nec,ok,ok,0.27844210620969534,0.17199418414384127,1.6189,1
4nec2-models/HFsimple/Rects40.nec,ok,ok,0.2944992072880268,0.17264500260353088,1.7058,1
4nec2-models/HFsimple/SLOPE1.nec,ok,ok,0.32995512429624796,0.2010230403393507,1.6414,1
4nec2-models/HFsimple/SLOPE3.nec,ok,ok,0.5508068827912211,0.26643681712448597,2.0673,1
4nec2-models/HFsimple/StepRadAGT.nec,ok,ok,0.013594256713986397,0.009717471897602081,,0
4nec2-models/HFsimple/TriangleError.nec,ok,ok,0.004258127883076668,0.004258057102560997,,0
4nec2-models/HFsimple/TriangleLimit.nec,ok,ok,0.01461500022560358,0.009608183056116104,,0
4nec2-models/HFsimple/deltb40.nec,ok,ok,0.2981913182884455,0.17775268759578466,1.6776,1
4nec2-models/HFsimple/delts40.nec,ok,ok,0.30579700600355864,0.1787055218592286,1.7112,1
4nec2-models/HFsimple/fanndp10.nec,ok,ok,0.1495113018900156,0.07739179395139217,1.9319,1
4nec2-models/HFsimple/tr-line.nec,ok,ok,0.3046011896803975,0.19422184396535158,1.5683,1
4nec2-models/HFvertical/40M2EL.nec,ok,ok,0.32430709432810545,0.18522990588098764,1.7508,1
4nec2-models/HFvertical/4SQTL.nec,ok,ok,0.2729445658624172,0.17331696301698685,1.5748,1
4nec2-models/HFvertical/4SQUARE.nec,ok,ok,0.17853017337620258,0.1164123835042119,1.5336,1
4nec2-models/HFvertical/80RDBEAM.nec,ok,ok,0.44343180675059557,0.2218230925500393,1.9990,1
4nec2-models/HFvertical/BOBTAIL.nec,ok,ok,0.33817955013364553,0.2165081137791276,1.5620,1
4nec2-models/HFvertical/Bloem.nec,ok,ok,0.2585723614320159,0.14625963661819696,1.7679,1
4nec2-models/HFvertical/BurRad.nec,ok,ok,0.39424929581582546,0.1967983553186059,2.0033,1
4nec2-models/HFvertical/CARDIOID.nec,ok,ok,0.20334647595882416,0.12825498543679714,1.5855,1
4nec2-models/HFvertical/CardTL.nec,ok,ok,0.202066489495337,0.1277048634365201,1.5823,1
4nec2-models/HFvertical/ElevatRad.nec,ok,ok,0.5095475176349282,0.2557084206491709,1.9927,1
4nec2-models/HFvertical/GNDPLANE.nec,ok,ok,0.004040121100842953,0.004245675168931484,,0
4nec2-models/HFvertical/GP80.nec,ok,ok,0.3034522095695138,0.19271202012896538,1.5746,1
4nec2-models/HFvertical/GndScreen.nec,ok,ok,0.8248312091454864,0.2926507880911231,2.8185,1
4nec2-models/HFvertical/Gwave.nec,ok,ok,0.13351694028824568,0.09364007506519556,1.4259,1
4nec2-models/HFvertical/Isolators.nec,ok,ok,0.35208801180124283,0.1969443317502737,1.7878,1
4nec2-models/HFvertical/Lowdip.nec,ok,ok,0.3585538109764457,0.20741137396544218,1.7287,1
4nec2-models/HFvertical/Phased GP.nec,ok,ok,0.026713669300079346,0.011075862683355808,,0
4nec2-models/HFvertical/Phased array Trans-line.nec,ok,ok,0.22955597657710314,0.13569466024637222,1.6917,1
4nec2-models/HFvertical/TOPLOAD.nec,ok,ok,0.22529573272913694,0.14580962900072336,1.5451,1
4nec2-models/HFvertical/Varray.nec,ok,ok,0.3397505348548293,0.2078587030991912,1.6345,1
4nec2-models/HFvertical/VertHats.nec,ok,ok,0.2900610091164708,0.13844693079590797,2.0951,1
4nec2-models/LFvertical/cutler_single .nec,ok,ok,9.809667233377695,1.9573768731206656,5.0116,1
4nec2-models/Nec4/Catenary.nec,ok,ok,0.006189423613250256,0.005498118698596954,,0
4nec2-models/Objects/4nec2.nec,ok,ok,0.07980166934430599,0.04431813582777977,,0
4nec2-models/Objects/747plane.nec,ok,ok,5.83674362488091,1.1643431652337313,5.0129,1
4nec2-models/Objects/GM_test.nec,ok,ok,4.547924252226949,1.4534766525030136,3.1290,1
4nec2-models/Objects/Horn.nec,ok-no-source,ok-no-source,2.1681987922638655,0.7244911408051848,,0
4nec2-models/Objects/Illuminate.nec,ok,ok,3.2117413012310863,2.1910193990916014,1.4659,1
4nec2-models/Objects/NearFld.nec,ok,ok,2.3186766281723976,1.5966517766937613,1.4522,1
4nec2-models/Objects/Ship1.nec,ok,ok,0.9586483892053366,0.2764076963067055,3.4682,1
4nec2-models/Objects/TL-test.nec,ok,ok,0.15614738501608372,0.08221003226935863,1.8994,1
4nec2-models/Objects/Tank.nec,ok-no-source,ok-no-source,0.034480564296245575,0.019861924462020397,,0
4nec2-models/Objects/Van.nec,ok-no-source,ok-no-source,0.08848269935697317,0.046251535415649414,,0
4nec2-models/Objects/Vehicle.nec,ok,ok,0.09195030760020018,0.05857681203633547,1.5697,1
4nec2-models/Objects/car.nec,ok,ok,1.0269735781475902,0.7006051447242498,1.4658,1
4nec2-models/Objects/car_1.nec,ok,ok,0.23345203045755625,0.1113593652844429,2.0964,1
4nec2-models/VHFbeams/10RA432.nec,ok,ok,0.007570438086986542,0.006963266991078854,,0
4nec2-models/VHFbeams/12el430.nec,ok,ok,0.00989420898258686,0.00796879455447197,,0
4nec2-models/VHFbeams/215DX.nec,ok,ok,0.06521774921566248,0.0286262109875679,,0
4nec2-models/VHFbeams/216CP.nec,ok,ok,0.10411274526268244,0.04791473876684904,,0
4nec2-models/VHFbeams/23DF.nec,ok,ok,0.007989316247403622,0.007978327572345734,,0
4nec2-models/VHFbeams/28DX.nec,ok,ok,0.07275925669819117,0.031076818704605103,,0
4nec2-models/VHFbeams/2SA.nec,ok,ok,1.8385731298476458,1.0831588925793767,1.6974,1
4nec2-models/VHFbeams/4x20ra.nec,ok,ok,0.15212297532707453,0.06243071053177118,2.4367,1
4nec2-models/VHFbeams/5Vquad.nec,ok,ok,0.02033925987780094,0.012127616442739964,,0
4nec2-models/VHFbeams/5elDdelta.nec,ok,ok,0.06669654324650764,0.029986023902893066,,0
4nec2-models/VHFbeams/5elDquad.nec,ok,ok,0.045512665063142776,0.021795141510665417,,0
4nec2-models/VHFbeams/BIQDFEED.nec,ok,ok,1.0193026578053832,0.5351342791691422,1.9048,1
4nec2-models/VHFbeams/DLW6U.nec,ok,ok,1.4563001804053783,0.3304511262103915,4.4070,1
4nec2-models/VHFbeams/DipReflGW.nec,error,error,0.5352823557332158,0.20520504098385572,,0
4nec2-models/VHFbeams/EMEyagi.nec,ok,ok,0.021435365080833435,0.012203335762023926,,0
4nec2-models/VHFbeams/GSM_yagi.nec,ok,ok,0.3392568305134773,0.24984297715127468,1.3579,1
4nec2-models/VHFbeams/JBL.nec,ok,ok,4.539473529905081,1.4494580700993538,3.1318,1
4nec2-models/VHFbeams/Parab50.nec,ok,ok,8.698052584193647,3.042636559344828,2.8587,1
4nec2-models/VHFbeams/QFH1280.nec,ok,ok,0.005982494913041592,0.005814061500132084,,0
4nec2-models/VHFbeams/TV_uhf.nec,ok,ok,0.05006854049861431,0.024981209076941013,,0
4nec2-models/VHFbeams/Vyagi22.nec,ok,ok,0.019153802655637264,0.018471673130989075,,0
4nec2-models/VHFbeams/Yagi16.nec,ok,ok,0.01245467271655798,0.005727846175432205,,0
4nec2-models/VHFbeams/atl50E.nec,ok,ok,0.8269529594108462,0.25913790985941887,3.1912,1
4nec2-models/VHFbeams/atl50e-h.nec,ok,ok,0.9244721475988626,0.2898862427100539,3.1891,1
4nec2-models/VHFbeams/bisq7.nec,ok,ok,0.06803648732602596,0.04670454654842615,,0
4nec2-models/VHFbeams/corner.nec,ok,ok,0.026383808813989162,0.016923396848142147,,0
4nec2-models/VHFbeams/fm6.nec,ok,ok,0.010756690055131912,0.008824356831610203,,0
4nec2-models/VHFbeams/gridyagi.nec,ok,ok,0.8672843836247921,0.2824800116941333,3.0703,1
4nec2-models/VHFbeams/hel10ua.nec,ok,ok,0.43995665945112705,0.13649460580199957,3.2233,1
4nec2-models/VHFbeams/helix.nec,ok,ok,1.1038053836673498,0.27398232743144035,4.0287,1
4nec2-models/VHFbeams/i5tdjii.nec,ok,ok,0.0376698886975646,0.01782269310206175,,0
4nec2-models/VHFbeams/qfh137.nec,ok,ok,1.266969091258943,0.6588363917544484,1.9230,1
4nec2-models/VHFbeams/quad7.nec,ok,ok,0.011398435570299625,0.009751217439770699,,0
4nec2-models/VHFmultiband/402_306 146 MHz.nec,ok,ok,0.01075294241309166,0.008282977156341076,,0
4nec2-models/VHFmultiband/Dc8ce.nec,ok,ok,0.13011552765965462,0.057863106951117516,2.2487,1
4nec2-models/VHFmultiband/SpiralAntennaCenterFeed.nec,ok,ok,27.378279572352767,13.638517197221518,2.0074,1
4nec2-models/VHFmultiband/ez2309.nec,ok,ok,0.07746182568371296,0.037540728226304054,,0
4nec2-models/VHFsimple/2mGP.nec,ok,ok,0.010530891828238964,0.008061690255999565,,0
4nec2-models/VHFsimple/2meteradr.nec,ok,ok,0.1047748476266861,0.054326982237398624,1.9286,1
4nec2-models/VHFsimple/CircDip3.nec,ok,ok,0.0036957822740077972,0.004054274410009384,,0
4nec2-models/VHFsimple/CoaxEnd.nec,ok,ok,0.32326316740363836,0.16264893766492605,1.9875,1
4nec2-models/VHFsimple/Dquad.nec,ok,ok,0.004394753836095333,0.004373367875814438,,0
4nec2-models/VHFsimple/Generator.nec,ok,ok,0.07490996550768614,0.06390863936394453,1.1721,1
4nec2-models/VHFsimple/Helix.nec,ok,ok,0.010590622201561928,0.007932902313768864,,0
4nec2-models/VHFsimple/J-ant.nec,ok,ok,0.009065788239240646,0.0065893735736608505,,0
4nec2-models/VHFsimple/T-box.nec,ok,ok,0.3468307526782155,0.12066106405109167,2.8744,1
4nec2-models/VHFsimple/dip_curv_6m.nec,ok,ok,0.006122566759586334,0.0052002910524606705,,0
4nec2-models/VHFsimple/gpflat2m.nec,ok,ok,0.011095800437033176,0.007938829250633717,,0
4nec2-models/VHFsimple/gpslop2m.nec,ok,ok,0.011009818874299526,0.007867634296417236,,0
4nec2-models/VHFsimple/halfsq2m.nec,ok,ok,0.046909330412745476,0.018163924105465412,,0
4nec2-models/VHFsimple/masters.nec,ok,ok,0.007652987726032734,0.007714550942182541,,0
4nec2-models/VHFsimple/sterba.nec,ok,ok,0.013932017609477043,0.00963814277201891,,0
4nec2-models/VHFsimple/thick.nec,ok,ok,0.5177392633631825,0.16688669752329588,3.1023,1
4nec2-models/VHFsimple/wheeler.nec,ok,ok,0.00685501005500555,0.006325362250208855,,0
4nec2-models/zz_EZnec/v3.0/15MQUAD.nec,ok,ok,0.004525037482380867,0.004641138017177582,,0
4nec2-models/zz_EZnec/v3.0/20M5ELYA.nec,ok,ok,0.00686991959810257,0.005877912975847721,,0
4nec2-models/zz_EZnec/v3.0/4SQTL.nec,ok,ok,0.27265076246112585,0.17338885180652142,1.5725,1
4nec2-models/zz_EZnec/v3.0/4SQUARE.nec,ok,ok,0.27131292037665844,0.1733730798587203,1.5649,1
4nec2-models/zz_EZnec/v3.0/BYDipole.nec,ok,ok,0.28990462608635426,0.18334128707647324,1.5812,1
4nec2-models/zz_EZnec/v3.0/BYVee.nec,ok,ok,0.2877853801473975,0.18418219033628702,1.5625,1
4nec2-models/zz_EZnec/v3.0/CardTL.nec,ok,ok,0.003598819486796856,0.0038321781903505325,,0
4nec2-models/zz_EZnec/v3.0/Cardioid.nec,ok,ok,0.0036075934767723083,0.0036506662145256996,,0
4nec2-models/zz_EZnec/v3.0/DipTL.nec,ok,ok,0.30255773197859526,0.18609236273914576,1.6258,1
4nec2-models/zz_EZnec/v3.0/Dipole1.nec,ok,ok,0.0034515811130404472,0.0036269165575504303,,0
4nec2-models/zz_EZnec/v3.0/ELEVRAD1.nec,ok,ok,0.3084662165492773,0.19724448211491108,1.5639,1
4nec2-models/zz_EZnec/v3.0/ELEVRAD2.nec,ok,ok,0.5114630796015263,0.2330554984509945,2.1946,1
4nec2-models/zz_EZnec/v3.0/FDSP.nec,ok,ok,0.30114980321377516,0.19024766515940428,1.5829,1
4nec2-models/zz_EZnec/v3.0/K5RP.nec,ok,ok,0.27910021506249905,0.17240203823894262,1.6189,1
4nec2-models/zz_EZnec/v3.0/LOGPER.nec,ok,ok,0.00973933469504118,0.008635020814836025,,0
4nec2-models/zz_EZnec/v3.0/LOGPERTL.nec,ok,ok,0.006369980052113533,0.005600694566965103,,0
4nec2-models/zz_EZnec/v3.0/N4PCLOOP.nec,ok,ok,0.33801887836307287,0.1991601726040244,1.6972,1
4nec2-models/zz_EZnec/v3.0/NBSYAGI.nec,ok,ok,0.003861965611577034,0.004011398181319237,,0
4nec2-models/zz_EZnec/v3.0/VHFGP.nec,ok,ok,0.0070932647213339806,0.005792673677206039,,0
4nec2-models/zz_EZnec/v3.0/Vert1.nec,ok,ok,0.07896048668771982,0.052496884018182755,1.5041,1
4nec2-models/zz_EZnec/v3.0/W8JK.nec,ok,ok,0.25556268636137247,0.1624211361631751,1.5735,1
4nec2-models/zz_MiniNec/ActiveFeed/2 el activ VP2E 40m.nec,ok,ok,0.33034266252070665,0.1831055348739028,1.8041,1
4nec2-models/zz_MiniNec/ActiveFeed/2D40MB10_multinec.nec,ok,ok,0.005020158365368843,0.005088684149086475,,0
4nec2-models/zz_MiniNec/ActiveFeed/4 el Delta act.nec,ok,ok,0.021190115250647068,0.01204429566860199,,0
4nec2-models/zz_MiniNec/ActiveFeed/40m 4square.nec,ok,ok,0.00465889647603035,0.004419236443936825,,0
4nec2-models/zz_MiniNec/ActiveFeed/HB9CVH.nec,ok,ok,0.004990461282432079,0.005106576718389988,,0
4nec2-models/zz_MiniNec/ActiveFeed/HB9CVW.nec,ok,ok,0.007320811972022057,0.004716620780527592,,0
4nec2-models/zz_MiniNec/Feeders/025lambda_trans.nec,ok,ok,0.01007430162280798,0.007836255244910717,,0
4nec2-models/zz_MiniNec/Feeders/FEEDER.nec,ok,ok,0.0038140518590807915,0.00400138646364212,,0
4nec2-models/zz_MiniNec/HFAperiodic/2elK9AY-1.nec,ok,ok,0.22820954211056232,0.14256799221038818,1.6007,1
4nec2-models/zz_MiniNec/HFAperiodic/BEVERAGE.nec,ok,ok,0.3767332620918751,0.23133728839457035,1.6285,1
4nec2-models/zz_MiniNec/HFAperiodic/D2T.nec,ok,ok,0.21023570094257593,0.13052821066230536,1.6107,1
4nec2-models/zz_MiniNec/HFAperiodic/EWE.nec,ok,ok,0.22466144617646933,0.1434884537011385,1.5657,1
4nec2-models/zz_MiniNec/HFAperiodic/Flag K6SE.nec,ok,ok,0.08403989020735025,0.05653140880167484,1.4866,1
4nec2-models/zz_MiniNec/HFAperiodic/RHOMBIC.nec,ok,ok,0.7226376896724105,0.2803947450593114,2.5772,1
4nec2-models/zz_MiniNec/HFAperiodic/Semirhomb.nec,ok,ok,0.4153874032199383,0.2334415465593338,1.7794,1
4nec2-models/zz_MiniNec/HFAperiodic/T2FD.nec,ok,ok,0.18778558354824781,0.12141299806535244,1.5467,1
4nec2-models/zz_MiniNec/HFAperiodic/beverage200.nec,ok,ok,0.8811182035133243,0.2743113450706005,3.2121,1
4nec2-models/zz_MiniNec/HFAperiodic/widebanddip.nec,ok,ok,0.3049462102353573,0.1900483826175332,1.6046,1
4nec2-models/zz_MiniNec/HFbeams/2CQ20.nec,ok,ok,0.10363321378827095,0.061435259878635406,1.6869,1
4nec2-models/zz_MiniNec/HFbeams/2DELTA20.nec,ok,ok,0.014972987584769726,0.013131068088114262,,0
4nec2-models/zz_MiniNec/HFbeams/2ELQUAD.nec,ok,ok,1.038104453124106,0.22642857395112514,4.5847,1
4nec2-models/zz_MiniNec/HFbeams/2ELVP15.nec,ok,ok,0.005054927431046963,0.005027185194194317,,0
4nec2-models/zz_MiniNec/HFbeams/2ELVP20.nec,ok,ok,0.00659183319658041,0.0065868934616446495,,0
4nec2-models/zz_MiniNec/HFbeams/2el.delta.20m.nec,ok,ok,0.33117243461310863,0.19714513421058655,1.6798,1
4nec2-models/zz_MiniNec/HFbeams/2elQuad W1HXU.nec,ok,ok,0.08805915340781212,0.03356616385281086,,0
4nec2-models/zz_MiniNec/HFbeams/3EL20.nec,ok,ok,0.10590340010821819,0.063141830265522,1.6772,1
4nec2-models/zz_MiniNec/HFbeams/3el GP80 CW.nec,ok,ok,0.30187917966395617,0.1936093783006072,1.5592,1
4nec2-models/zz_MiniNec/HFbeams/4EL20.nec,ok,ok,0.3227437688037753,0.193913409486413,1.6644,1
4nec2-models/zz_MiniNec/HFbeams/4EL20HM.nec,ok,ok,0.01019118819385767,0.008102796971797943,,0
4nec2-models/zz_MiniNec/HFbeams/4_4RZT_2.nec,ok,ok,0.3112080693244934,0.10583064332604408,2.9406,1
4nec2-models/zz_MiniNec/HFbeams/5EL20.nec,ok,ok,0.010871910490095615,0.008380301296710968,,0
4nec2-models/zz_MiniNec/HFbeams/6EL10.nec,ok,ok,0.010104787535965443,0.007988489232957363,,0
4nec2-models/zz_MiniNec/HFbeams/DL9JFT Yagi 14.nec,ok,ok,0.004615952260792255,0.004647517576813698,,0
4nec2-models/zz_MiniNec/HFbeams/DX415TT.nec,ok,ok,0.2974964715540409,0.17612730525434017,1.6891,1
4nec2-models/zz_MiniNec/HFbeams/Diamond Quadx2 14.nec,ok,ok,0.027929079718887806,0.015260073356330395,,0
4nec2-models/zz_MiniNec/HFbeams/JungleJob.nec,ok,ok,0.003979220986366272,0.0041357362642884254,,0
4nec2-models/zz_MiniNec/HFbeams/LPDA15.nec,ok,ok,0.31634147744625807,0.10451518464833498,3.0268,1
4nec2-models/zz_MiniNec/HFbeams/M2CQ.nec,ok,ok,0.018135213293135166,0.01302627194672823,,0
4nec2-models/zz_MiniNec/HFbeams/Rhomb10.nec,ok,ok,0.19866680167615414,0.08200699649751186,2.4226,1
4nec2-models/zz_MiniNec/HFbeams/W2EEY.nec,ok,ok,0.0077767930924892426,0.007422728464007378,,0
4nec2-models/zz_MiniNec/HFbeams/XQ20.nec,ok,ok,0.43725360929965973,0.21219017915427685,2.0607,1
4nec2-models/zz_MiniNec/HFbeams/ZL20.nec,ok,ok,0.14772407338023186,0.07472368329763412,1.9769,1
4nec2-models/zz_MiniNec/HFmultiband/10-18-24GP.nec,ok,ok,0.23640769347548485,0.13958871364593506,1.6936,1
4nec2-models/zz_MiniNec/HFmultiband/28_21_14V3.nec,ok,ok,0.005852770991623402,0.005170476622879505,,0
4nec2-models/zz_MiniNec/HFmultiband/3.5-7-14-28offsetdip-1.nec,ok,ok,0.16835534293204546,0.07571034226566553,2.2237,1
4nec2-models/zz_MiniNec/HFmultiband/3e lTriband Yagi.nec,ok,ok,0.3299799906089902,0.20056538190692663,1.6452,1
4nec2-models/zz_MiniNec/HFmultiband/4_4RZT_2.nec,ok,ok,0.3100825706496835,0.10447009094059467,2.9681,1
4nec2-models/zz_MiniNec/HFmultiband/8b Delta Loop.nec,ok,ok,0.3401486473158002,0.20307923015207052,1.6750,1
4nec2-models/zz_MiniNec/HFmultiband/DBLDP.nec,ok,ok,0.09321729280054569,0.06003664992749691,1.5527,1
4nec2-models/zz_MiniNec/HFmultiband/DUAL2EL.nec,ok,ok,0.08905776124447584,0.0573177682235837,1.5538,1
4nec2-models/zz_MiniNec/HFmultiband/Db54m.nec,ok,ok,0.2788026640191674,0.09619294386357069,2.8984,1
4nec2-models/zz_MiniNec/HFmultiband/Delta160allbands.nec,ok,ok,0.3730304688215256,0.21487337350845337,1.7360,1
4nec2-models/zz_MiniNec/HFmultiband/G5RV.nec,ok,ok,0.3398431409150362,0.1986874109134078,1.7104,1
4nec2-models/zz_MiniNec/HFmultiband/LPDA.nec,ok,ok,0.05291399173438549,0.026294134557247162,,0
4nec2-models/zz_MiniNec/HFmultiband/M2CQW.nec,ok,ok,0.3694862797856331,0.12374807428568602,2.9858,1
4nec2-models/zz_MiniNec/HFmultiband/MCQM.nec,ok,ok,0.014018364250659943,0.009707873687148094,,0
4nec2-models/zz_MiniNec/HFmultiband/MULTDP.nec,ok,ok,0.13330555520951748,0.07175352610647678,1.8578,1
4nec2-models/zz_MiniNec/HFmultiband/MULTDPH.nec,ok,ok,0.1812907326966524,0.11632151436060667,1.5585,1
4nec2-models/zz_MiniNec/HFmultiband/MULTDPHW.nec,ok,ok,0.22537661623209715,0.1446873527020216,1.5577,1
4nec2-models/zz_MiniNec/HFmultiband/MULTDPL.nec,ok,ok,0.34717390313744545,0.21396322082728148,1.6226,1
4nec2-models/zz_MiniNec/HFmultiband/MULTDPW.nec,ok,ok,0.29778066370636225,0.1813742397353053,1.6418,1
4nec2-models/zz_MiniNec/HFmultiband/QuadsUA4IF.nec,ok,ok,0.4099204335361719,0.21451863087713718,1.9109,1
4nec2-models/zz_MiniNec/HFmultiband/SHOEBOX.nec,ok,ok,0.011143741197884083,0.008506211452186108,,0
4nec2-models/zz_MiniNec/HFmultiband/TribandQQ.nec,ok,ok,0.4762473339214921,0.10820225905627012,4.4015,1
4nec2-models/zz_MiniNec/HFmultiband/WARC open sleeve dip.nec,ok,ok,0.28393501602113247,0.18035042006522417,1.5744,1
4nec2-models/zz_MiniNec/HFshort/05 lamda  deform  GP witn feed line.nec,ok,ok,0.28271265607327223,0.14068705216050148,2.0095,1
4nec2-models/zz_MiniNec/HFshort/28_21_14v3.nec,ok,ok,0.004579560831189156,0.004526145756244659,,0
4nec2-models/zz_MiniNec/HFshort/3el short Yagj W1FBY.nec,ok,ok,0.02844864409416914,0.016165715642273426,,0
4nec2-models/zz_MiniNec/HFshort/4X4NJ -1.nec,ok,ok,0.00439605675637722,0.0044091809540987015,,0
4nec2-models/zz_MiniNec/HFshort/80mDLsh.nec,ok,ok,0.2163522895425558,0.141025735065341,1.5341,1
4nec2-models/zz_MiniNec/HFshort/Auto with GP.nec,ok,ok,0.138483471237123,0.0776194166392088,1.7841,1
4nec2-models/zz_MiniNec/HFshort/Dipol3_5-7.nec,ok,ok,0.2690740255638957,0.1709231287240982,1.5742,1
4nec2-models/zz_MiniNec/HFshort/Fractal_1.nec,ok,ok,0.3019138481467962,0.17896892968565226,1.6870,1
4nec2-models/zz_MiniNec/HFshort/Gp40short rad.nec,ok,ok,0.23606321588158607,0.1401970200240612,1.6838,1
4nec2-models/zz_MiniNec/HFshort/Lineload75.nec,ok,ok,0.14568648487329483,0.07829685881733894,1.8607,1
4nec2-models/zz_MiniNec/HFshort/MCQM.nec,ok,ok,0.15931138303130865,0.07731663808226585,2.0605,1
4nec2-models/zz_MiniNec/HFshort/QQ21-14short.nec,ok,ok,0.20393976476043463,0.11673485115170479,1.7470,1
4nec2-models/zz_MiniNec/HFshort/SLOPER.nec,ok,ok,0.07858122512698174,0.053608170710504055,1.4658,1
4nec2-models/zz_MiniNec/HFshort/TRIHAT.nec,ok,ok,0.19105474837124348,0.12276984844356775,1.5562,1
4nec2-models/zz_MiniNec/HFshort/TopCap75.nec,ok,ok,0.08549486193805933,0.058089313097298145,1.4718,1
4nec2-models/zz_MiniNec/HFshort/VDP40.nec,ok,ok,0.07884784508496523,0.05354664567857981,1.4725,1
4nec2-models/zz_MiniNec/HFshort/VDP40B.nec,ok,ok,0.09252502489835024,0.0527488999068737,1.7541,1
4nec2-models/zz_MiniNec/HFshort/VDP40C.nec,ok,ok,0.08062984049320221,0.053982178680598736,1.4936,1
4nec2-models/zz_MiniNec/HFshort/W2EEY.nec,ok,ok,0.03923777397722006,0.019395354203879833,,0
4nec2-models/zz_MiniNec/HFshort/WA1MKP.nec,ok,ok,0.2110653892159462,0.13536637276411057,1.5592,1
4nec2-models/zz_MiniNec/HFshort/field day GP short.nec,ok,ok,0.20981722231954336,0.13527000788599253,1.5511,1
4nec2-models/zz_MiniNec/HFshort/short vetr75.nec,ok,ok,0.15675692819058895,0.08227662649005651,1.9052,1
4nec2-models/zz_MiniNec/HFsimple/160m vert gnd tower.nec,ok,ok,0.40245035849511623,0.18042238429188728,2.2306,1
4nec2-models/zz_MiniNec/HFsimple/80mDLdouble.nec,ok,ok,0.022383516654372215,0.012779220938682556,,0
4nec2-models/zz_MiniNec/HFsimple/CB5_8 lambda.nec,ok,ok,0.09495492838323116,0.061548056080937386,1.5428,1
4nec2-models/zz_MiniNec/HFsimple/COLLINEA.nec,ok,ok,0.23383384104818106,0.14427663292735815,1.6207,1
4nec2-models/zz_MiniNec/HFsimple/DIPOL160.nec,ok,ok,0.30792863480746746,0.1973391491919756,1.5604,1
4nec2-models/zz_MiniNec/HFsimple/DP160LD.nec,ok,ok,0.0035088108852505684,0.0038492558524012566,,0
4nec2-models/zz_MiniNec/HFsimple/DP20.nec,ok,ok,0.079824841581285,0.05609212350100279,1.4231,1
4nec2-models/zz_MiniNec/HFsimple/Delta-Gamma.nec,ok,ok,0.004809622652828693,0.004742179065942764,,0
4nec2-models/zz_MiniNec/HFsimple/FD20.nec,ok,ok,0.0063178446143865585,0.006280484609305859,,0
4nec2-models/zz_MiniNec/HFsimple/GP with gamma match.nec,ok,ok,0.07619459368288517,0.05046964529901743,1.5097,1
4nec2-models/zz_MiniNec/HFsimple/GP40.nec,ok,ok,0.2753526605665684,0.17524210456758738,1.5713,1
4nec2-models/zz_MiniNec/HFsimple/GP40S.nec,ok,ok,0.1897861808538437,0.12377558927983046,1.5333,1
4nec2-models/zz_MiniNec/HFsimple/Hcollinear14.nec,ok,ok,0.006254351697862148,0.00496467761695385,,0
4nec2-models/zz_MiniNec/HFsimple/Hiquad.nec,ok,ok,0.005236087366938591,0.004756009206175804,,0
4nec2-models/zz_MiniNec/HFsimple/J-ant28.nec,ok,ok,0.08694876730442047,0.05735362134873867,1.5160,1
4nec2-models/zz_MiniNec/HFsimple/LAZY-H.nec,ok,ok,0.010226810351014137,0.00806933082640171,,0
4nec2-models/zz_MiniNec/HFsimple/LONDQUAD.nec,ok,ok,0.3018266586586833,0.192204924300313,1.5703,1
4nec2-models/zz_MiniNec/HFsimple/LOOP20.nec,ok,ok,0.004076455719769001,0.004219029098749161,,0
4nec2-models/zz_MiniNec/HFsimple/LOOP20C.nec,ok,ok,0.0038130516186356544,0.003828223794698715,,0
4nec2-models/zz_MiniNec/HFsimple/Piramida.nec,ok,ok,0.2121729077771306,0.15506668202579021,1.3683,1
4nec2-models/zz_MiniNec/HFsimple/VERT20.nec,ok,ok,0.07918189652264118,0.053108472377061844,1.4909,1
4nec2-models/zz_MiniNec/HFsimple/VERT20M.nec,ok,ok,0.08232627250254154,0.055234504863619804,1.4905,1
4nec2-models/zz_MiniNec/HFsimple/VERT53.nec,ok,ok,0.09036453254520893,0.05907554551959038,1.5296,1
4nec2-models/zz_MiniNec/HFsimple/VERT58.nec,ok,ok,0.08782428596168756,0.056459514424204826,1.5555,1
4nec2-models/zz_MiniNec/HFsimple/VP2E 40m.nec,ok,ok,0.2665915619581938,0.1706774476915598,1.5620,1
4nec2-models/zz_MiniNec/HFsimple/VP2E-CW.nec,ok,ok,0.2970694378018379,0.18994003254920244,1.5640,1
4nec2-models/zz_MiniNec/HFsimple/Vcollinear28.nec,ok,ok,0.1915681017562747,0.12266536708921194,1.5617,1
4nec2-models/zz_MiniNec/HFsimple/Vert20s.nec,ok,ok,0.07911938708275557,0.05273317825049162,1.5004,1
4nec2-models/zz_MiniNec/HFsimple/VertUA3SFH.nec,ok,ok,0.08096542675048113,0.05350069236010313,1.5134,1
4nec2-models/zz_MiniNec/HFsimple/WINDOM.nec,ok,ok,0.02526146173477173,0.012530669569969177,,0
4nec2-models/zz_MiniNec/HFsimple/end feer dipole.nec,ok,ok,0.270998646505177,0.17265959177166224,1.5696,1
4nec2-models/zz_MiniNec/HFsimple/wideInvV80.nec,ok,ok,0.3317668540403247,0.19827059097588062,1.6733,1
4nec2-models/zz_MiniNec/MagLoops/MAGLOOPT.nec,ok,ok,0.08388077188283205,0.05607676971703768,1.4958,1
4nec2-models/zz_MiniNec/Stacks/2X6EL10.nec,ok,ok,0.1952629378065467,0.05501264613121748,3.5494,1
4nec2-models/zz_MiniNec/Stacks/2x4elTwin Delta Loop 145 MHz.nec,ok,ok,0.1860251324251294,0.0758890500292182,2.4513,1
4nec2-models/zz_MiniNec/Stacks/4X12.nec,ok,ok,0.038876622915267944,0.02748632524162531,,0
4nec2-models/zz_MiniNec/Stacks/4xQQ.nec,ok,ok,0.29627992399036884,0.15890057291835546,1.8646,1
4nec2-models/zz_MiniNec/Stacks/syack3el20.nec,ok,ok,0.12790184374898672,0.07536613661795855,1.6971,1
4nec2-models/zz_MiniNec/Stacks/zigzag2x10 el 2 m.nec,ok,ok,0.06442654598504305,0.02880539931356907,,0
4nec2-models/zz_MiniNec/VHFbeams/12CQ430.nec,ok,ok,0.07010286580771208,0.03108869306743145,,0
4nec2-models/zz_MiniNec/VHFbeams/12EL23CM.nec,ok,ok,0.0338006354868412,0.01810219418257475,,0
4nec2-models/zz_MiniNec/VHFbeams/12EL430.nec,ok,ok,0.010247591882944107,0.008434832096099854,,0
4nec2-models/zz_MiniNec/VHFbeams/144-5Yagi.nec,ok,ok,0.006473112851381302,0.005383259616792202,,0
4nec2-models/zz_MiniNec/VHFbeams/15EL23CM.nec,ok,ok,0.02633895631879568,0.014131209813058376,,0
4nec2-models/zz_MiniNec/VHFbeams/3DQ6.nec,ok,ok,0.01766984723508358,0.015620658174157143,,0
4nec2-models/zz_MiniNec/VHFbeams/3HENT.nec,ok,ok,0.017412452027201653,0.012253185734152794,,0
4nec2-models/zz_MiniNec/VHFbeams/4DELTA6.nec,ok,ok,0.020024895668029785,0.012715316377580166,,0
4nec2-models/zz_MiniNec/VHFbeams/4X12.nec,ok,ok,0.03871118649840355,0.027338944375514984,,0
4nec2-models/zz_MiniNec/VHFbeams/5CQ2.nec,ok,ok,0.020267240703105927,0.01216966938227415,,0
4nec2-models/zz_MiniNec/VHFbeams/5ELTWIND.nec,ok,ok,0.06802584696561098,0.03019693400710821,,0
4nec2-models/zz_MiniNec/VHFbeams/6EL6MW.nec,ok,ok,0.009529488161206245,0.007629880681633949,,0
4nec2-models/zz_MiniNec/VHFbeams/7EL6M.nec,ok,ok,0.010856092907488346,0.008151698857545853,,0
4nec2-models/zz_MiniNec/VHFbeams/7elQuad_GW4CQT.nec,ok,ok,0.26902236603200436,0.07211498450487852,3.7305,1
4nec2-models/zz_MiniNec/VHFbeams/8EL2MW.nec,ok,ok,0.0617511011660099,0.023557018488645554,,0
4nec2-models/zz_MiniNec/VHFbeams/8EL6M.nec,ok,ok,0.012879114598035812,0.012530812993645668,,0
4nec2-models/zz_MiniNec/VHFbeams/8EL6MW.nec,ok,ok,0.01380955521017313,0.009675826877355576,,0
4nec2-models/zz_MiniNec/VHFbeams/Crosspol144.nec,ok,ok,0.013435562141239643,0.012982688844203949,,0
4nec2-models/zz_MiniNec/VHFbeams/DK7ZB-2.nec,ok,ok,0.0053530503064394,0.004850300960242748,,0
4nec2-models/zz_MiniNec/VHFbeams/MIRROR.nec,ok,ok,1.9393214983865619,0.4689746545627713,4.1352,1
4nec2-models/zz_MiniNec/VHFbeams/USN_StarGP.nec,ok,ok,0.00930679589509964,0.007753655314445496,,0
4nec2-models/zz_MiniNec/VHFbeams/f9ft-2-uu4jcr.nec,ok,ok,0.2173317912966013,0.06028044130653143,3.6053,1
4nec2-models/zz_MiniNec/VHFbeams/f9ft-21-432.nec,ok,ok,0.024359822273254395,0.01843444909900427,,0
4nec2-models/zz_MiniNec/VHFsimple/144OMNI.nec,ok,ok,0.003943650051951408,0.004127689637243748,,0
4nec2-models/zz_MiniNec/VHFsimple/6SKYDOOR.nec,ok,ok,0.004376093856990337,0.004236806184053421,,0
4nec2-models/zz_MiniNec/VHFsimple/CR2.nec,ok,ok,0.10201447550207376,0.04922560788691044,,0
4nec2-models/zz_MiniNec/VHFsimple/Discon55-200.nec,ok,ok,0.009914828464388847,0.008589969016611576,,0
4nec2-models/zz_MiniNec/VHFsimple/GP144-435.nec,ok,ok,0.10804625134915113,0.06998013611882925,1.5440,1
4nec2-models/zz_MiniNec/VHFsimple/HENTENNA.nec,ok,ok,0.21203371416777372,0.12374125141650438,1.7135,1
4nec2-models/zz_MiniNec/VHFsimple/Helix145.nec,ok,ok,0.10573357529938221,0.06830853968858719,1.5479,1
4nec2-models/zz_MiniNec/VHFsimple/Isotrop2.nec,ok,ok,0.034866463392972946,0.017833566293120384,,0
4nec2-models/zz_MiniNec/VHFsimple/J-ant144.nec,ok,ok,0.009420650079846382,0.0067637525498867035,,0
4nec2-models/zz_MiniNec/VHFsimple/TWIND.nec,ok,ok,0.004153749905526638,0.00504194013774395,,0
4nec2-models/zz_MiniNec/VHFsimple/TWINLOOP.nec,ok,ok,0.003967571072280407,0.004113534465432167,,0
antenna-modeling/2el-yagi-freespace.nec,ok,ok,0.7939071208238602,0.7134873205795884,1.1127,1
antenna-modeling/2el-yagi-halfwl.nec,ok,ok,0.8621680298820138,0.7388279559090734,1.1669,1
antenna-modeling/2el-yagi-high.nec,ok,ok,0.8712808936834335,0.7432031724601984,1.1723,1
antenna-modeling/2m-sat-yagi/2m-sat-candidate1-crossed.nec,ok,ok,4.547162925824523,3.047522312030196,1.4921,1
antenna-modeling/2m-sat-yagi/2m-sat-candidate1-drivenonly-long.nec,ok,ok,1.8076632199808955,1.6191909816116095,1.1164,1
antenna-modeling/2m-sat-yagi/2m-sat-candidate1-drivenonly.nec,ok,ok,1.8286428283900023,1.620085990987718,1.1287,1
antenna-modeling/2m-sat-yagi/2m-sat-candidate1-inorder.nec,ok,ok,4.547450114041567,3.2979470249265432,1.3789,1
antenna-modeling/2m-sat-yagi/2m-sat-candidate1.nec,ok,ok,2.211772443726659,1.7272133491933346,1.2805,1
antenna-modeling/2m-sat-yagi/2m-sat-candidate2-folded-drivenonly.nec,ok,ok,2.548019845969975,2.142449510283768,1.1893,1
antenna-modeling/2m-sat-yagi/2m-sat-candidate2-thick-crossed-wide.nec,ok,ok,23.053905757144094,13.75591648556292,1.6759,1
antenna-modeling/2m-sat-yagi/2m-sat-candidate2-thick-crossed.nec,ok,ok,5.780190666206181,3.6103785848245025,1.6010,1
antenna-modeling/2m-sat-yagi/2m-sat-candidate2-thick-folded-inorder.nec,ok,ok,2.5678121419623494,1.9455809108912945,1.3198,1
antenna-modeling/2m-sat-yagi/2m-sat-candidate2-thin-folded-inorder.nec,ok,ok,2.569194504059851,1.955005140043795,1.3142,1
antenna-modeling/2m-sat-yagi/bar.nec,ok,ok,5.777631379663944,4.134832835756242,1.3973,1
antenna-modeling/2m-sat-yagi/foo.nec,ok,ok,1.020624722354114,0.8626582724973559,1.1831,1
antenna-modeling/2m-sat-yagi/thick-300.nec,ok,ok,1.0196489254012704,0.8709785556420684,1.1707,1
antenna-modeling/2m-sat-yagi/thick-clearboom.nec,ok,ok,2.533577532507479,2.1387488497421145,1.1846,1
antenna-modeling/2m-sat-yagi/thin-5.nec,ok,ok,1.1171002415940166,0.9117821464315057,1.2252,1
antenna-modeling/2m-sat-yagi/thin-clearboom.nec,ok,ok,2.537512089125812,2.1510384334251285,1.1797,1
antenna-modeling/2m-sat-yagi/thin.nec,ok,ok,1.0188343673944473,0.8606514818966389,1.1838,1
antenna-modeling/2m-yagi-5el-calculated.nec,ok,ok,0.9482144117355347,0.7620151126757264,1.2444,1
antenna-modeling/2m-yagi-test1.nec,ok,ok,1.06917994748801,0.8568873945623636,1.2477,1
antenna-modeling/General 6-Band G3TXQ Broadband Hex Beam.nec,ok,ok,0.7431212989613414,0.14334777276962996,5.1840,1
antenna-modeling/barry.nec,ok,ok,0.624290032312274,0.5623035812750459,1.1102,1
antenna-modeling/biqdfeed-fixed.nec,ok,ok,9.995585201308131,4.8008126532658935,2.0821,1
antenna-modeling/dipole-10m-gutters.nec,ok,ok,1.3583561098203063,0.9970850180834532,1.3623,1
antenna-modeling/dipole-10m.nec,ok,ok,0.4785279789939523,0.40449892543256283,1.1830,1
antenna-modeling/dipole-12m.nec,ok,ok,0.28817275166511536,0.2472598673775792,1.1655,1
antenna-modeling/dipole-15m.nec,ok,ok,1.1783685460686684,1.0071728862822056,1.1700,1
antenna-modeling/dipole-17m.nec,ok,ok,0.28211091738194227,0.24299725890159607,1.1610,1
antenna-modeling/dipole-20m-gutters.nec,ok,ok,2.528777268715203,1.8600610131397843,1.3595,1
antenna-modeling/dipole-20m.nec,ok,ok,0.905128407292068,0.7760263765230775,1.1664,1
antenna-modeling/dipole-30m-gutters.nec,ok,ok,0.6818171553313732,0.5027386099100113,1.3562,1
antenna-modeling/dipole-30m.nec,ok,ok,0.2506429562345147,0.2141712699085474,1.1703,1
antenna-modeling/dipole-40m-gutters.nec,ok,ok,1.9442485561594367,1.423593564890325,1.3657,1
antenna-modeling/dipole-40m.nec,ok,ok,0.7265205699950457,0.6127899959683418,1.1856,1
antenna-modeling/dipole-80m-gutters.nec,ok,ok,3.012548820115626,2.1709750443696976,1.3876,1
antenna-modeling/dipole-80m.nec,ok,ok,1.1557178273797035,0.9756001075729728,1.1846,1
antenna-modeling/dipole-sample-freespace.nec,ok,ok,0.591279567219317,0.5330595513805747,1.1092,1
antenna-modeling/dipole-sample-halfwl.nec,ok,ok,0.6300383321940899,0.5667108912020922,1.1117,1
antenna-modeling/dipole-sample.nec,ok,ok,0.6365433884784579,0.5689536901190877,1.1188,1
antenna-modeling/foo.nec,ok,ok,1.0891839982941747,0.8612738726660609,1.2646,1
antenna-modeling/force12-C3-10m-roof.nec,ok,ok,1.2022932283580303,0.9286384116858244,1.2947,1
antenna-modeling/force12-C3-10m-tower.nec,ok,ok,1.1967929136008024,0.9297090079635382,1.2873,1
antenna-modeling/force12-C3-12m-roof.nec,ok,ok,0.7244529882445931,0.5651282807812095,1.2819,1
antenna-modeling/force12-C3-12m-tower.nec,ok,ok,0.7274818532168865,0.5674691321328282,1.2820,1
antenna-modeling/force12-C3-15m-roof.nec,ok,ok,2.9710346246138215,2.314397287555039,1.2837,1
antenna-modeling/force12-C3-15m-tower.nec,ok,ok,2.9878452327102423,2.382692097686231,1.2540,1
antenna-modeling/force12-C3-17m-roof.nec,ok,ok,0.7152309538796544,0.5632502268999815,1.2698,1
antenna-modeling/force12-C3-17m-tower.nec,ok,ok,0.715803973376751,0.5552558964118361,1.2891,1
antenna-modeling/force12-C3-20m-roof.nec,ok,ok,2.2649894254282117,1.7451240792870522,1.2979,1
antenna-modeling/force12-C3-20m-tower.nec,ok,ok,2.2788388282060623,1.7645597998052835,1.2914,1
antenna-modeling/force12-C3.nec,ok,ok,2.058300908654928,1.5869760317727923,1.2970,1
antenna-modeling/gbhoyt.nec,ok,ok,34.68717937171459,21.68422079551965,1.5997,1
antenna-modeling/hexbeam-20m.nec,ok,ok,1.1820146786049008,0.9653303185477853,1.2245,1
antenna-modeling/log_per.nec,ok,ok,0.13141187094151974,0.08021495305001736,1.6382,1
antenna-modeling/rotatable-dipole-40m.nec,ok,ok,0.6905321981757879,0.5944046946242452,1.1617,1
antenna-modeling/vertical-sample.nec,ok,ok,14.072279412299395,6.422412363812327,2.1911,1
antenna-modeling/yagi.nec,ok,ok,1.0653123063966632,0.8498983243480325,1.2535,1
antenna-modeling/yagitools/2m-sat-candidate1-crossed.nec,ok,ok,2.2885952154174447,1.641862784512341,1.3939,1
antenna-modeling/yagitools/2m-sat-candidate1-drivenonly.nec,ok,ok,1.813768864609301,1.620892538689077,1.1190,1
antenna-modeling/yagitools/2m-sat-candidate1-inorder.nec,ok,ok,2.2075683288276196,1.7228395529091358,1.2814,1
antenna-modeling/yagitools/2m-sat-candidate1.nec,ok,ok,1.1061196941882372,0.8604836277663708,1.2855,1
antenna-modeling/yagitools/ON6MU-adjusted.nec,ok,ok,6.547837155871093,5.16288270894438,1.2683,1
antenna-modeling/yagitools/ON6MU-adjusted2.nec,ok,ok,7.560663730837405,5.063716219738126,1.4931,1
antenna-modeling/yagitools/ON6MU-adjusted3.nec,ok,ok,6.572265293449163,5.146382877603173,1.2771,1
antenna-modeling/yagitools/ON6MU-adjusted4-allthick.nec,ok,ok,2.1951184310019016,1.7196952076628804,1.2765,1
antenna-modeling/yagitools/ON6MU-adjusted4-refthick.nec,ok,ok,2.206965950317681,1.7250665733590722,1.2794,1
antenna-modeling/yagitools/ON6MU-adjusted4.nec,ok,ok,2.1866255421191454,1.7203554045408964,1.2710,1
antenna-modeling/yagitools/ON6MU.nec,ok,ok,6.558106472715735,5.15066677890718,1.2733,1
antenna-modeling/yagitools/dipole.nec,ok,ok,0.49715618789196014,0.4212821191176772,1.1801,1
antenna-modeling/yagitools/foo.nec,ok,ok,0.9452787060290575,0.757849121466279,1.2473,1
arcanum/dumbbell-ori.nec,ok,ok,0.024054073728621006,0.021527203731238842,,0
arcanum/half-wave-dipole.nec,ok,ok,0.015440909191966057,0.01525243278592825,,0
arcanum/yagi-3el.nec,ok,ok,0.019824057817459106,0.01843959465622902,,0
arrl/DIP.nec,ok,ok,0.006122283637523651,0.006132828071713448,,0
arrl/LOOP.nec,ok-no-source,ok-no-source,0.003145447000861168,0.0034512849524617195,,0
arrl/LPER.nec,ok,ok,0.036245062947273254,0.03494868706911802,,0
arrl/W1JR.nec,ok,ok,0.03226132597774267,0.021050969138741493,,0
arthurcadore/dipole/SimpleReflector.nec,ok,ok,0.0035432344302535057,0.003847384825348854,,0
arthurcadore/dipole/phaseShift16Arragement.nec,ok,ok,0.04534723609685898,0.020736057311296463,,0
arthurcadore/dipole/simple2Arragment.nec,ok,ok,0.004236932843923569,0.004157640039920807,,0
arthurcadore/dipole/simple4Arragment.nec,ok,ok,0.005929475650191307,0.004961532540619373,,0
arthurcadore/dipole/turnStile.nec,ok,ok,0.005910865031182766,0.00507039949297905,,0
arthurcadore/helical/helical-simple.nec,ok,ok,0.08695054613053799,0.05035948473960161,1.7266,1
arthurcadore/yagiUda/yagi4Directors.nec,ok,ok,0.01078070979565382,0.008074557408690453,,0
cebik-w4rnl/Basic-Intermediate-Tutorial-Models/EZNEC/partc/20-6-4.nec,ok,ok,0.012234337627887726,0.008860168047249317,,0
cebik-w4rnl/Basic-Intermediate-Tutorial-Models/Tutorial-1/1-1.nec,ok,ok,0.27031515538692474,0.17333085369318724,1.5595,1
cebik-w4rnl/Basic-Intermediate-Tutorial-Models/Tutorial-1/10-1-1.nec,ok,ok,0.016069570556282997,0.01367570087313652,,0
cebik-w4rnl/Basic-Intermediate-Tutorial-Models/Tutorial-1/10-1-2.nec,ok,ok,0.016102803871035576,0.014161987230181694,,0
cebik-w4rnl/Basic-Intermediate-Tutorial-Models/Tutorial-1/10-1-3.nec,ok,ok,0.016211839392781258,0.013709375634789467,,0
cebik-w4rnl/Basic-Intermediate-Tutorial-Models/Tutorial-1/10-1-3A.nec,ok,ok,0.01618069503456354,0.01411803625524044,,0
cebik-w4rnl/Basic-Intermediate-Tutorial-Models/Tutorial-1/10-1-4.nec,ok,ok,0.016226863488554955,0.013836150988936424,,0
cebik-w4rnl/Basic-Intermediate-Tutorial-Models/Tutorial-1/10-2-1.nec,ok,ok,0.02977339643985033,0.02045684028416872,,0
cebik-w4rnl/Basic-Intermediate-Tutorial-Models/Tutorial-1/10-2-2.nec,ok,ok,0.029787452891469002,0.01946595311164856,,0
cebik-w4rnl/Basic-Intermediate-Tutorial-Models/Tutorial-1/10-2-3.nec,ok,ok,0.029636938124895096,0.020028489641845226,,0
cebik-w4rnl/Basic-Intermediate-Tutorial-Models/Tutorial-1/10-2-3A.nec,ok,ok,0.054176753386855125,0.029431345872581005,,0
cebik-w4rnl/Basic-Intermediate-Tutorial-Models/Tutorial-1/10-2-4.nec,ok,ok,0.029818390496075153,0.019603272899985313,,0
cebik-w4rnl/Basic-Intermediate-Tutorial-Models/Tutorial-1/10-3-1.nec,ok,ok,0.014341525733470917,0.012875803746283054,,0
cebik-w4rnl/Basic-Intermediate-Tutorial-Models/Tutorial-1/10-3-2.nec,ok,ok,0.005292939022183418,0.005476401187479496,,0
cebik-w4rnl/Basic-Intermediate-Tutorial-Models/Tutorial-1/10-4-1.nec,ok,ok,0.009598559699952602,0.0077515654265880585,,0
cebik-w4rnl/Basic-Intermediate-Tutorial-Models/Tutorial-1/10-4-2.nec,ok,ok,0.00964588113129139,0.00812508724629879,,0
cebik-w4rnl/Basic-Intermediate-Tutorial-Models/Tutorial-1/10-5-1.nec,ok,ok,0.0073344046249985695,0.0072048502042889595,,0
cebik-w4rnl/Basic-Intermediate-Tutorial-Models/Tutorial-1/10-5-2.nec,ok,ok,0.0072638653218746185,0.0070877159014344215,,0
cebik-w4rnl/Basic-Intermediate-Tutorial-Models/Tutorial-1/11-1-1.nec,ok,ok,0.08186176978051662,0.041395132429897785,,0
cebik-w4rnl/Basic-Intermediate-Tutorial-Models/Tutorial-1/11-1-2.nec,ok,ok,0.3080807449296117,0.10216954443603754,3.0154,1
cebik-w4rnl/Basic-Intermediate-Tutorial-Models/Tutorial-1/11-1-3.nec,ok,ok,0.3083021277561784,0.10267420671880245,3.0027,1
cebik-w4rnl/Basic-Intermediate-Tutorial-Models/Tutorial-1/11-1.nec,ok,ok,0.05246138107031584,0.029950695112347603,,0
cebik-w4rnl/Basic-Intermediate-Tutorial-Models/Tutorial-1/11-2-1.nec,ok,ok,0.2749511692672968,0.17536005843430758,1.5679,1
cebik-w4rnl/Basic-Intermediate-Tutorial-Models/Tutorial-1/11-2.nec,ok,ok,0.006536809727549553,0.006273710168898106,,0
cebik-w4rnl/Basic-Intermediate-Tutorial-Models/Tutorial-1/11-3-1.nec,ok,ok,0.3078976199030876,0.18389952275902033,1.6743,1
cebik-w4rnl/Basic-Intermediate-Tutorial-Models/Tutorial-1/11-3.nec,ok,ok,0.014526802115142345,0.012828954495489597,,0
cebik-w4rnl/Basic-Intermediate-Tutorial-Models/Tutorial-1/11-4.nec,ok,ok,0.009308937005698681,0.008443079888820648,,0
cebik-w4rnl/Basic-Intermediate-Tutorial-Models/Tutorial-1/11-5.nec,ok,ok,0.014040830545127392,0.012643988244235516,,0
cebik-w4rnl/Basic-Intermediate-Tutorial-Models/Tutorial-1/11-6-1.nec,ok,ok,0.3068542769178748,0.19692878611385822,1.5582,1
cebik-w4rnl/Basic-Intermediate-Tutorial-Models/Tutorial-1/11-6.nec,ok,ok,0.3069718247279525,0.19651174638420343,1.5621,1
cebik-w4rnl/Basic-Intermediate-Tutorial-Models/Tutorial-1/11-7-1.nec,ok,ok,0.19982462376356125,0.06668695900589228,2.9965,1
cebik-w4rnl/Basic-Intermediate-Tutorial-Models/Tutorial-1/11-7.nec,ok,ok,0.19971744529902935,0.06685872096568346,2.9872,1
cebik-w4rnl/Basic-Intermediate-Tutorial-Models/Tutorial-1/11-8-1.nec,ok,ok,0.08136416040360928,0.054318737238645554,1.4979,1
cebik-w4rnl/Basic-Intermediate-Tutorial-Models/Tutorial-1/11-8-1a.nec,ok,ok,0.08067517820745707,0.05415164399892092,1.4898,1
cebik-w4rnl/Basic-Intermediate-Tutorial-Models/Tutorial-1/11-8-1b.nec,ok,ok,0.07550733722746372,0.050954218953847885,1.4819,1
cebik-w4rnl/Basic-Intermediate-Tutorial-Models/Tutorial-1/11-8-1c.nec,ok,ok,0.07544221263378859,0.05036701448261738,1.4978,1
cebik-w4rnl/Basic-Intermediate-Tutorial-Models/Tutorial-1/11-8.nec,ok,ok,0.08073402009904385,0.054735650308430195,1.4750,1
cebik-w4rnl/Basic-Intermediate-Tutorial-Models/Tutorial-1/11-8a.nec,ok,ok,0.08087964821606874,0.05397720355540514,1.4984,1
cebik-w4rnl/Basic-Intermediate-Tutorial-Models/Tutorial-1/12-1.nec,ok,ok,0.005085677839815617,0.005171090364456177,,0
cebik-w4rnl/Basic-Intermediate-Tutorial-Models/Tutorial-1/12-1A.nec,ok,ok,0.005018983967602253,0.0052307406440377235,,0
cebik-w4rnl/Basic-Intermediate-Tutorial-Models/Tutorial-1/12-2.nec,ok,ok,0.0050633754581213,0.005136728286743164,,0
cebik-w4rnl/Basic-Intermediate-Tutorial-Models/Tutorial-1/12-2A.nec,ok,ok,0.005025003105401993,0.005093480460345745,,0
cebik-w4rnl/Basic-Intermediate-Tutorial-Models/Tutorial-1/12-3-1.nec,ok,ok,0.01004038192331791,0.0093808863312006,,0
cebik-w4rnl/Basic-Intermediate-Tutorial-Models/Tutorial-1/12-3.nec,ok,ok,0.010882223956286907,0.009403174743056297,,0
cebik-w4rnl/Basic-Intermediate-Tutorial-Models/Tutorial-1/12-4-1.nec,ok,ok,0.005790423601865768,0.005600625649094582,,0
cebik-w4rnl/Basic-Intermediate-Tutorial-Models/Tutorial-1/12-4-2.nec,ok,ok,0.005545039661228657,0.0059355273842811584,,0
cebik-w4rnl/Basic-Intermediate-Tutorial-Models/Tutorial-1/12-4.nec,ok,ok,0.005504712462425232,0.005703320726752281,,0
cebik-w4rnl/Basic-Intermediate-Tutorial-Models/Tutorial-1/12-5-14.nec,ok,ok,0.43151412066072226,0.13998099695891142,3.0827,1
cebik-w4rnl/Basic-Intermediate-Tutorial-Models/Tutorial-1/12-5-18.nec,ok,ok,0.38562679570168257,0.13332181610167027,2.8925,1
cebik-w4rnl/Basic-Intermediate-Tutorial-Models/Tutorial-1/12-5-24.nec,ok,ok,0.3017111672088504,0.08577508479356766,3.5175,1
cebik-w4rnl/Basic-Intermediate-Tutorial-Models/Tutorial-1/12-5-28.nec,ok,ok,0.3042665757238865,0.08554162923246622,3.5569,1
cebik-w4rnl/Basic-Intermediate-Tutorial-Models/Tutorial-1/12-5.nec,ok,ok,0.3774001579731703,0.13231685478240252,2.8522,1
cebik-w4rnl/Basic-Intermediate-Tutorial-Models/Tutorial-1/12-6-1.nec,ok,ok,0.00566354114562273,0.005722205154597759,,0
cebik-w4rnl/Basic-Intermediate-Tutorial-Models/Tutorial-1/12-6.nec,ok,ok,0.005072741769254208,0.005193986929953098,,0
cebik-w4rnl/Basic-Intermediate-Tutorial-Models/Tutorial-1/12-6A.nec,ok,ok,0.005422856658697128,0.005658472888171673,,0
cebik-w4rnl/Basic-Intermediate-Tutorial-Models/Tutorial-1/12-7.nec,ok,ok,0.015810687094926834,0.012739593163132668,,0
cebik-w4rnl/Basic-Intermediate-Tutorial-Models/Tutorial-1/12-7A.nec,ok,ok,0.03675195947289467,0.022542854771018028,,0
cebik-w4rnl/Basic-Intermediate-Tutorial-Models/Tutorial-1/12-7B.nec,ok,ok,0.07038967590779066,0.035320513881742954,,0
cebik-w4rnl/Basic-Intermediate-Tutorial-Models/Tutorial-1/13-1-1.nec,ok,ok,0.005349540151655674,0.005423719063401222,,0
cebik-w4rnl/Basic-Intermediate-Tutorial-Models/Tutorial-1/13-1.nec,ok,ok,0.004972863011062145,0.005021511577069759,,0
cebik-w4rnl/Basic-Intermediate-Tutorial-Models/Tutorial-1/13-2-1.nec,ok,ok,0.006898968480527401,0.006450723856687546,,0
cebik-w4rnl/Basic-Intermediate-Tutorial-Models/Tutorial-1/13-2.nec,ok,ok,0.004967954941093922,0.005090339109301567,,0
cebik-w4rnl/Basic-Intermediate-Tutorial-Models/Tutorial-1/13-2a.nec,ok,ok,0.005378963425755501,0.005398716777563095,,0
cebik-w4rnl/Basic-Intermediate-Tutorial-Models/Tutorial-1/13-3-1.nec,ok,ok,0.0076742954552173615,0.0077598607167601585,,0
cebik-w4rnl/Basic-Intermediate-Tutorial-Models/Tutorial-1/13-3.nec,ok,ok,0.007531237788498402,0.007844912819564342,,0
cebik-w4rnl/Basic-Intermediate-Tutorial-Models/Tutorial-1/13-4-1.nec,ok,ok,0.014210494235157967,0.01237521879374981,,0
cebik-w4rnl/Basic-Intermediate-Tutorial-Models/Tutorial-1/13-4.nec,ok,ok,0.014391807839274406,0.012809275649487972,,0
cebik-w4rnl/Basic-Intermediate-Tutorial-Models/Tutorial-1/13-5.nec,ok,ok,0.007795774377882481,0.007461548782885075,,0
cebik-w4rnl/Basic-Intermediate-Tutorial-Models/Tutorial-1/13-6.nec,ok,ok,0.27925660740584135,0.17717861011624336,1.5761,1
cebik-w4rnl/Basic-Intermediate-Tutorial-Models/Tutorial-1/13-7-1.nec,ok,ok,0.28770277090370655,0.1853722184896469,1.5520,1
cebik-w4rnl/Basic-Intermediate-Tutorial-Models/Tutorial-1/13-7.nec,ok,ok,0.27652969863265753,0.1781298154965043,1.5524,1
cebik-w4rnl/Basic-Intermediate-Tutorial-Models/Tutorial-1/13-7a.nec,ok,ok,0.2788840876892209,0.1778352251276374,1.5682,1
cebik-w4rnl/Basic-Intermediate-Tutorial-Models/Tutorial-1/13-8-1.nec,ok,ok,0.009565678425133228,0.009213517419993877,,0
cebik-w4rnl/Basic-Intermediate-Tutorial-Models/Tutorial-1/13-8-1a.nec,ok,ok,0.039189684204757214,0.03543863631784916,,0
cebik-w4rnl/Basic-Intermediate-Tutorial-Models/Tutorial-1/13-8-2.nec,ok,ok,0.009625918231904507,0.009129203855991364,,0
cebik-w4rnl/Basic-Intermediate-Tutorial-Models/Tutorial-1/13-8-2a.nec,ok,ok,0.039073359221220016,0.03518682066351175,,0
cebik-w4rnl/Basic-Intermediate-Tutorial-Models/Tutorial-1/13-8.nec,ok,ok,0.009422515518963337,0.009048200212419033,,0
cebik-w4rnl/Basic-Intermediate-Tutorial-Models/Tutorial-1/13-8a.nec,ok,ok,0.03875415865331888,0.03477058745920658,,0
cebik-w4rnl/Basic-Intermediate-Tutorial-Models/Tutorial-1/13-9-10.nec,ok,ok,0.009429977275431156,0.008908209390938282,,0
cebik-w4rnl/Basic-Intermediate-Tutorial-Models/Tutorial-1/13-9-20.nec,ok,ok,0.008945119567215443,0.008561993017792702,,0
cebik-w4rnl/Basic-Intermediate-Tutorial-Models/Tutorial-1/14-1-1.nec,ok,ok,0.6883780173957348,0.4388720579445362,1.5685,1
cebik-w4rnl/Basic-Intermediate-Tutorial-Models/Tutorial-1/14-1-2.nec,ok,ok,0.6879619788378477,0.454942574724555,1.5122,1
cebik-w4rnl/Basic-Intermediate-Tutorial-Models/Tutorial-1/14-1-3.nec,ok,ok,0.6902434173971415,0.4367552725598216,1.5804,1
cebik-w4rnl/Basic-Intermediate-Tutorial-Models/Tutorial-1/14-1.nec,ok,ok,0.32071642577648163,0.2085974533110857,1.5375,1
cebik-w4rnl/Basic-Intermediate-Tutorial-Models/Tutorial-1/14-2-1.nec,ok,ok,0.014799604192376137,0.01264258474111557,,0
cebik-w4rnl/Basic-Intermediate-Tutorial-Models/Tutorial-1/14-2.nec,ok,ok,0.010003340430557728,0.008933724835515022,,0
cebik-w4rnl/Basic-Intermediate-Tutorial-Models/Tutorial-1/14-3-1.nec,ok,ok,0.01983404066413641,0.018524802289903164,,0
cebik-w4rnl/Basic-Intermediate-Tutorial-Models/Tutorial-1/14-3-2.nec,ok,ok,0.020778690464794636,0.018567295745015144,,0
cebik-w4rnl/Basic-Intermediate-Tutorial-Models/Tutorial-1/14-3.nec,ok,ok,0.019710516557097435,0.017813624814152718,,0
cebik-w4rnl/Basic-Intermediate-Tutorial-Models/Tutorial-1/14-4-1.nec,ok,ok,1.0671011414378881,0.679231870919466,1.5710,1
cebik-w4rnl/Basic-Intermediate-Tutorial-Models/Tutorial-1/14-4-2.nec,ok,ok,1.0717049548402429,0.6761287981644273,1.5851,1
cebik-w4rnl/Basic-Intermediate-Tutorial-Models/Tutorial-1/14-4.nec,ok,ok,1.0651908135041595,0.6753708031028509,1.5772,1
cebik-w4rnl/Basic-Intermediate-Tutorial-Models/Tutorial-1/14-5-1.nec,ok,ok,0.0713732847943902,0.04570805840194225,,0
cebik-w4rnl/Basic-Intermediate-Tutorial-Models/Tutorial-1/14-5-2.nec,ok,ok,0.07383459061384201,0.04605463892221451,,0
cebik-w4rnl/Basic-Intermediate-Tutorial-Models/Tutorial-1/14-5-3.nec,ok,ok,0.07406237535178661,0.039865476079285145,,0
cebik-w4rnl/Basic-Intermediate-Tutorial-Models/Tutorial-1/14-5.nec,ok,ok,0.02259464468806982,0.016113986261188984,,0
cebik-w4rnl/Basic-Intermediate-Tutorial-Models/Tutorial-1/14-6-1.nec,ok,ok,0.02118455432355404,0.020072363317012787,,0
cebik-w4rnl/Basic-Intermediate-Tutorial-Models/Tutorial-1/14-6.nec,ok,ok,0.006048750132322311,0.00598497036844492,,0
cebik-w4rnl/Basic-Intermediate-Tutorial-Models/Tutorial-1/15-1-1.nec,ok,ok,0.007967076264321804,0.008053237572312355,,0
cebik-w4rnl/Basic-Intermediate-Tutorial-Models/Tutorial-1/15-1.nec,ok,ok,0.007620912976562977,0.006836951710283756,,0
cebik-w4rnl/Basic-Intermediate-Tutorial-Models/Tutorial-1/15-1A.nec,ok,ok,0.006474606692790985,0.005889509804546833,,0
cebik-w4rnl/Basic-Intermediate-Tutorial-Models/Tutorial-1/15-1B.nec,ok,ok,0.005529271438717842,0.00518752820789814,,0
cebik-w4rnl/Basic-Intermediate-Tutorial-Models/Tutorial-1/15-1C.nec,ok,ok,0.004797768779098988,0.0047317976132035255,,0
cebik-w4rnl/Basic-Intermediate-Tutorial-Models/Tutorial-1/15-1D.nec,ok,ok,0.004199444316327572,0.004443720914423466,,0
cebik-w4rnl/Basic-Intermediate-Tutorial-Models/Tutorial-1/15-2-12P.nec,ok,ok,0.01643067505210638,0.012740633450448513,,0
cebik-w4rnl/Basic-Intermediate-Tutorial-Models/Tutorial-1/15-2-12S.nec,ok,ok,0.009934437461197376,0.00821438804268837,,0
cebik-w4rnl/Basic-Intermediate-Tutorial-Models/Tutorial-1/15-2-16P.nec,ok,ok,0.020600255578756332,0.014836546964943409,,0
cebik-w4rnl/Basic-Intermediate-Tutorial-Models/Tutorial-1/15-2-16S.nec,ok,ok,0.011560941115021706,0.009151719510555267,,0
cebik-w4rnl/Basic-Intermediate-Tutorial-Models/Tutorial-1/15-2-24P.nec,ok,ok,0.030637421645224094,0.019596542231738567,,0
cebik-w4rnl/Basic-Intermediate-Tutorial-Models/Tutorial-1/15-2-24S.nec,ok,ok,0.01721347775310278,0.012897038832306862,,0
cebik-w4rnl/Basic-Intermediate-Tutorial-Models/Tutorial-1/15-2-32P.nec,ok,ok,0.043988071382045746,0.025897646322846413,,0
cebik-w4rnl/Basic-Intermediate-Tutorial-Models/Tutorial-1/15-2-32S.nec,ok,ok,0.021745392121374607,0.01551822666078806,,0
cebik-w4rnl/Basic-Intermediate-Tutorial-Models/Tutorial-1/15-2-3P.nec,ok,ok,0.008501325733959675,0.007920595817267895,,0
cebik-w4rnl/Basic-Intermediate-Tutorial-Models/Tutorial-1/15-2-3S.nec,ok,ok,0.006724182516336441,0.00616585835814476,,0
cebik-w4rnl/Basic-Intermediate-Tutorial-Models/Tutorial-1/15-2-4P.nec,ok,ok,0.009066133759915829,0.00772513635456562,,0
cebik-w4rnl/Basic-Intermediate-Tutorial-Models/Tutorial-1/15-2-4S.nec,ok,ok,0.007116463966667652,0.0062280818819999695,,0
cebik-w4rnl/Basic-Intermediate-Tutorial-Models/Tutorial-1/15-2-6P.nec,ok,ok,0.009770624339580536,0.00838195439428091,,0
cebik-w4rnl/Basic-Intermediate-Tutorial-Models/Tutorial-1/15-2-6S.nec,ok,ok,0.007725190371274948,0.006989365443587303,,0
cebik-w4rnl/Basic-Intermediate-Tutorial-Models/Tutorial-1/15-2-8P.nec,ok,ok,0.012861669063568115,0.01068615447729826,,0
cebik-w4rnl/Basic-Intermediate-Tutorial-Models/Tutorial-1/15-2-8S.nec,ok,ok,0.008414745330810547,0.007405734620988369,,0
cebik-w4rnl/Basic-Intermediate-Tutorial-Models/Tutorial-1/15-3-1.nec,ok,ok,0.0058542825281620026,0.005768481642007828,,0
cebik-w4rnl/Basic-Intermediate-Tutorial-Models/Tutorial-1/15-3-1A.nec,ok,ok,0.10075137857347727,0.06663698516786098,1.5119,1
cebik-w4rnl/Basic-Intermediate-Tutorial-Models/Tutorial-1/15-3-1B.nec,ok,ok,0.09311574418097734,0.06120394077152014,1.5214,1
cebik-w4rnl/Basic-Intermediate-Tutorial-Models/Tutorial-1/15-3-1C.nec,ok,ok,0.08668252918869257,0.05727146193385124,1.5135,1
cebik-w4rnl/Basic-Intermediate-Tutorial-Models/Tutorial-1/15-3-2.nec,ok,ok,0.008527195081114769,0.007740607485175133,,0
cebik-w4rnl/Basic-Intermediate-Tutorial-Models/Tutorial-1/15-3-2A.nec,ok,ok,0.125474127009511,0.07273387163877487,1.7251,1
cebik-w4rnl/Basic-Intermediate-Tutorial-Models/Tutorial-1/15-3-2B.nec,ok,ok,0.11602589208632708,0.06729815248399973,1.7241,1
cebik-w4rnl/Basic-Intermediate-Tutorial-Models/Tutorial-1/15-3-2C.nec,ok,ok,0.10854430124163628,0.06524891685694456,1.6635,1
cebik-w4rnl/Basic-Intermediate-Tutorial-Models/Tutorial-1/15-3-3.nec,ok,ok,0.018909716047346592,0.015056390315294266,,0
cebik-w4rnl/Basic-Intermediate-Tutorial-Models/Tutorial-1/15-3-3A.nec,ok,ok,0.21090207062661648,0.09523261897265911,2.2146,1
cebik-w4rnl/Basic-Intermediate-Tutorial-Models/Tutorial-1/15-3-3B.nec,ok,ok,0.19591286033391953,0.09029565565288067,2.1697,1
cebik-w4rnl/Basic-Intermediate-Tutorial-Models/Tutorial-1/15-3-3C.nec,ok,ok,0.18550482671707869,0.08735207747668028,2.1236,1
cebik-w4rnl/Basic-Intermediate-Tutorial-Models/Tutorial-1/15-3-4.nec,ok,ok,0.048367392271757126,0.032756468281149864,,0
cebik-w4rnl/Basic-Intermediate-Tutorial-Models/Tutorial-1/15-3-4A.nec,ok,ok,0.5154220145195723,0.17703197710216045,2.9115,1
cebik-w4rnl/Basic-Intermediate-Tutorial-Models/Tutorial-1/15-3-4b.nec,ok,ok,0.48063555359840393,0.13876992836594582,3.4635,1
cebik-w4rnl/Basic-Intermediate-Tutorial-Models/Tutorial-1/15-3-4c.nec,ok,ok,0.4565203385427594,0.1360247852280736,3.3562,1
cebik-w4rnl/Basic-Intermediate-Tutorial-Models/Tutorial-1/15-4-0.nec,ok,ok,0.09274399653077126,0.061350866220891476,1.5117,1
cebik-w4rnl/Basic-Intermediate-Tutorial-Models/Tutorial-1/15-4-0a.nec,ok,ok,0.2784468177706003,0.17807635199278593,1.5636,1
cebik-w4rnl/Basic-Intermediate-Tutorial-Models/Tutorial-1/15-4-0b.nec,ok,ok,0.27813143376260996,0.17679631151258945,1.5732,1
cebik-w4rnl/Basic-Intermediate-Tutorial-Models/Tutorial-1/15-4-0c.nec,ok,ok,0.27747800294309855,0.17802781518548727,1.5586,1
cebik-w4rnl/Basic-Intermediate-Tutorial-Models/Tutorial-1/15-4-30.nec,ok,ok,0.09233783185482025,0.06259054038673639,1.4753,1
cebik-w4rnl/Basic-Intermediate-Tutorial-Models/Tutorial-1/15-4-30a.nec,ok,ok,0.27776589896529913,0.17688505444675684,1.5703,1
cebik-w4rnl/Basic-Intermediate-Tutorial-Models/Tutorial-1/15-4-30b.nec,ok,ok,0.2777568446472287,0.17763406783342361,1.5636,1
cebik-w4rnl/Basic-Intermediate-Tutorial-Models/Tutorial-1/15-4-45.nec,ok,ok,0.09117427095770836,0.060638101771473885,1.5036,1
cebik-w4rnl/Basic-Intermediate-Tutorial-Models/Tutorial-1/15-4-45a.nec,ok,ok,0.18929102923721075,0.12268885783851147,1.5429,1
cebik-w4rnl/Basic-Intermediate-Tutorial-Models/Tutorial-1/15-4-45b.nec,ok,ok,0.18990337662398815,0.12217707745730877,1.5543,1
cebik-w4rnl/Basic-Intermediate-Tutorial-Models/Tutorial-1/15-4-60.nec,ok,ok,0.0894215889275074,0.060093712992966175,1.4880,1
cebik-w4rnl/Basic-Intermediate-Tutorial-Models/Tutorial-1/15-4-60a.nec,ok,ok,0.18923806119710207,0.12245743628591299,1.5453,1
cebik-w4rnl/Basic-Intermediate-Tutorial-Models/Tutorial-1/15-4-60b.nec,ok,ok,0.18883405905216932,0.12242044601589441,1.5425,1
cebik-w4rnl/Basic-Intermediate-Tutorial-Models/Tutorial-1/15-5-32.nec,ok,ok,0.5928900307044387,0.2519626608118415,2.3531,1
cebik-w4rnl/Basic-Intermediate-Tutorial-Models/Tutorial-1/15-5-32A.nec,ok,ok,0.593640074133873,0.2516881339251995,2.3586,1
cebik-w4rnl/Basic-Intermediate-Tutorial-Models/Tutorial-1/15-5-32B.nec,ok,ok,0.5928884726017714,0.25146528147161007,2.3577,1
cebik-w4rnl/Basic-Intermediate-Tutorial-Models/Tutorial-1/15-5-32C.nec,ok,ok,0.5972092896699905,0.2506057554855943,2.3831,1
cebik-w4rnl/Basic-Intermediate-Tutorial-Models/Tutorial-1/15-5-4.nec,ok,ok,0.2785322451964021,0.17822369746863842,1.5628,1
cebik-w4rnl/Basic-Intermediate-Tutorial-Models/Tutorial-1/15-5-4A.nec,ok,ok,0.27964028622955084,0.17809397540986538,1.5702,1
cebik-w4rnl/Basic-Intermediate-Tutorial-Models/Tutorial-1/15-5-4B.nec,ok,ok,0.278386234305799,0.17780872713774443,1.5657,1
cebik-w4rnl/Basic-Intermediate-Tutorial-Models/Tutorial-1/15-5-4C.nec,ok,ok,0.2782039176672697,0.1774680307134986,1.5676,1
cebik-w4rnl/Basic-Intermediate-Tutorial-Models/Tutorial-1/15-6-1.nec,ok,ok,0.00475664995610714,0.004775702953338623,,0
cebik-w4rnl/Basic-Intermediate-Tutorial-Models/Tutorial-1/15-6-1a.nec,ok,ok,0.004570294171571732,0.004593481309711933,,0
cebik-w4rnl/Basic-Intermediate-Tutorial-Models/Tutorial-1/15-6-1b.nec,ok,ok,0.004594933241605759,0.004661440849304199,,0
cebik-w4rnl/Basic-Intermediate-Tutorial-Models/Tutorial-1/15-6-1c.nec,ok,ok,0.004461091943085194,0.004596594721078873,,0
cebik-w4rnl/Basic-Intermediate-Tutorial-Models/Tutorial-1/15-6-2a.nec,ok,ok,0.5923163518309593,0.23818254936486483,2.4868,1
cebik-w4rnl/Basic-Intermediate-Tutorial-Models/Tutorial-1/15-6-2b.nec,ok,ok,0.5927069401368499,0.2510543307289481,2.3609,1
cebik-w4rnl/Basic-Intermediate-Tutorial-Models/Tutorial-1/15-6-2c.nec,ok,ok,0.5938807725906372,0.2518341038376093,2.3582,1
cebik-w4rnl/Basic-Intermediate-Tutorial-Models/Tutorial-1/16-1-1.nec,ok,ok,0.006470181047916412,0.006366305984556675,,0
cebik-w4rnl/Basic-Intermediate-Tutorial-Models/Tutorial-1/16-1-2.nec,ok,ok,0.0066133420914411545,0.006471067667007446,,0
cebik-w4rnl/Basic-Intermediate-Tutorial-Models/Tutorial-1/16-2-1.nec,ok,ok,0.006174327805638313,0.0054604969918727875,,0
cebik-w4rnl/Basic-Intermediate-Tutorial-Models/Tutorial-1/16-2-2.nec,ok,ok,0.6109564648941159,0.2645748956128955,2.3092,1
cebik-w4rnl/Basic-Intermediate-Tutorial-Models/Tutorial-1/16-3-1.nec,ok,ok,0.2028068294748664,0.12376466579735279,1.6386,1
cebik-w4rnl/Basic-Intermediate-Tutorial-Models/Tutorial-1/16-3.nec,ok,ok,0.08044942002743483,0.05410651210695505,1.4869,1
cebik-w4rnl/Basic-Intermediate-Tutorial-Models/Tutorial-1/16-4.nec,ok,ok,0.2025387417525053,0.12503950484097004,1.6198,1
cebik-w4rnl/Basic-Intermediate-Tutorial-Models/Tutorial-1/16-5-1.nec,ok,ok,0.010789894498884678,0.009592549875378609,,0
cebik-w4rnl/Basic-Intermediate-Tutorial-Models/Tutorial-1/16-5-2.nec,ok,ok,0.6055630603805184,0.3006724826991558,2.0140,1
cebik-w4rnl/Basic-Intermediate-Tutorial-Models/Tutorial-1/16-5.nec,ok,ok,0.01196617353707552,0.010365307331085205,,0
cebik-w4rnl/Basic-Intermediate-Tutorial-Models/Tutorial-1/16-6-1.nec,ok,ok,0.28637798223644495,0.1848352551460266,1.5494,1
cebik-w4rnl/Basic-Intermediate-Tutorial-Models/Tutorial-1/16-6-2.nec,ok,ok,0.3873712047934532,0.23083753511309624,1.6781,1
cebik-w4rnl/Basic-Intermediate-Tutorial-Models/Tutorial-1/16-6-3.nec,ok,ok,0.2850162722170353,0.18424264155328274,1.5470,1
cebik-w4rnl/Basic-Intermediate-Tutorial-Models/Tutorial-1/16-7-1.nec,ok,ok,0.29352714121341705,0.17941227462142706,1.6360,1
cebik-w4rnl/Basic-Intermediate-Tutorial-Models/Tutorial-1/16-7-2.nec,ok,ok,0.30046878941357136,0.19289034605026245,1.5577,1
cebik-w4rnl/Basic-Intermediate-Tutorial-Models/Tutorial-1/17-1-1.nec,ok,ok,0.30410220939666033,0.19299301225692034,1.5757,1
cebik-w4rnl/Basic-Intermediate-Tutorial-Models/Tutorial-1/17-1.nec,ok,ok,0.3092237142845988,0.19653648231178522,1.5734,1
cebik-w4rnl/Basic-Intermediate-Tutorial-Models/Tutorial-1/17-2-1.nec,ok,ok,0.4206266375258565,0.2408229960128665,1.7466,1
cebik-w4rnl/Basic-Intermediate-Tutorial-Models/Tutorial-1/17-2.nec,ok,ok,0.326923880726099,0.19921495020389557,1.6411,1
cebik-w4rnl/Basic-Intermediate-Tutorial-Models/Tutorial-1/17-3-1.nec,ok,ok,0.33506775740534067,0.19948801025748253,1.6796,1
cebik-w4rnl/Basic-Intermediate-Tutorial-Models/Tutorial-1/17-3.nec,ok,ok,0.33510800916701555,0.20108215045183897,1.6665,1
cebik-w4rnl/Basic-Intermediate-Tutorial-Models/Tutorial-1/17-4-1.nec,ok,ok,0.16895744390785694,0.08687368407845497,1.9449,1
cebik-w4rnl/Basic-Intermediate-Tutorial-Models/Tutorial-1/17-4-2.nec,ok,ok,0.16820695903152227,0.08692603651434183,1.9351,1
cebik-w4rnl/Basic-Intermediate-Tutorial-Models/Tutorial-1/17-4.nec,ok,ok,0.1074100062251091,0.06909560412168503,1.5545,1
cebik-w4rnl/Basic-Intermediate-Tutorial-Models/Tutorial-1/17-5.nec,ok,ok,0.2483769953250885,0.10566417593508959,2.3506,1
cebik-w4rnl/Basic-Intermediate-Tutorial-Models/Tutorial-1/17-6.nec,ok,ok,0.17115784715861082,0.08818455692380667,1.9409,1
cebik-w4rnl/Basic-Intermediate-Tutorial-Models/Tutorial-1/17-7-1.nec,ok,ok,0.8352803010493517,0.3499668696895242,2.3867,1
cebik-w4rnl/Basic-Intermediate-Tutorial-Models/Tutorial-1/17-7-2.nec,ok,ok,0.8667534496635199,0.33627697732299566,2.5775,1
cebik-w4rnl/Basic-Intermediate-Tutorial-Models/Tutorial-1/17-7-2a.nec,ok,ok,0.685917979106307,0.20583488699048758,3.3324,1
cebik-w4rnl/Basic-Intermediate-Tutorial-Models/Tutorial-1/17-7-3.nec,ok,ok,0.7909220019355416,0.33666558470577,2.3493,1
cebik-w4rnl/Basic-Intermediate-Tutorial-Models/Tutorial-1/17-7.nec,ok,ok,0.9095095135271549,0.3727398021146655,2.4401,1
cebik-w4rnl/Basic-Intermediate-Tutorial-Models/Tutorial-1/17-8-1.nec,ok,ok,1.6008944418281317,0.4133379328995943,3.8731,1
cebik-w4rnl/Basic-Intermediate-Tutorial-Models/Tutorial-1/17-8.nec,ok,ok,1.686693818308413,0.4206401566043496,4.0098,1
cebik-w4rnl/Basic-Intermediate-Tutorial-Models/Tutorial-1/18-1-1.nec,ok,ok,0.018410563468933105,0.01734665408730507,,0
cebik-w4rnl/Basic-Intermediate-Tutorial-Models/Tutorial-1/18-1.nec,ok,ok,0.018295864574611187,0.017479263246059418,,0
cebik-w4rnl/Basic-Intermediate-Tutorial-Models/Tutorial-1/18-10-1.nec,ok,ok,0.029670019634068012,0.02561930939555168,,0
cebik-w4rnl/Basic-Intermediate-Tutorial-Models/Tutorial-1/18-10.nec,ok,ok,0.029245822690427303,0.025795670226216316,,0
cebik-w4rnl/Basic-Intermediate-Tutorial-Models/Tutorial-1/18-1a.nec,ok,ok,0.015774061903357506,0.015171365812420845,,0
cebik-w4rnl/Basic-Intermediate-Tutorial-Models/Tutorial-1/18-2-1.nec,ok,ok,0.018413999117910862,0.017323543317615986,,0
cebik-w4rnl/Basic-Intermediate-Tutorial-Models/Tutorial-1/18-2.nec,ok,ok,0.018300543539226055,0.017386198043823242,,0
cebik-w4rnl/Basic-Intermediate-Tutorial-Models/Tutorial-1/18-2a.nec,ok,ok,0.02341761626303196,0.022130527533590794,,0
cebik-w4rnl/Basic-Intermediate-Tutorial-Models/Tutorial-1/18-3-1.nec,ok,ok,0.019006308168172836,0.018059657886624336,,0
cebik-w4rnl/Basic-Intermediate-Tutorial-Models/Tutorial-1/18-3-2.nec,ok,ok,0.019080434925854206,0.017983753234148026,,0
cebik-w4rnl/Basic-Intermediate-Tutorial-Models/Tutorial-1/18-3-3.nec,ok,ok,0.019157538190484047,0.017926656641066074,,0
cebik-w4rnl/Basic-Intermediate-Tutorial-Models/Tutorial-1/18-3.nec,ok,ok,0.0058975378051400185,0.005839437246322632,,0
cebik-w4rnl/Basic-Intermediate-Tutorial-Models/Tutorial-1/18-4.nec,ok,ok,0.030023896135389805,0.029272296465933323,,0
cebik-w4rnl/Basic-Intermediate-Tutorial-Models/Tutorial-1/18-5.nec,ok,ok,0.030219050124287605,0.029270164668560028,,0
cebik-w4rnl/Basic-Intermediate-Tutorial-Models/Tutorial-1/18-6.nec,ok,ok,0.09658229723572731,0.0669126408174634,1.4434,1
cebik-w4rnl/Basic-Intermediate-Tutorial-Models/Tutorial-1/18-7.nec,ok,ok,0.1490150224417448,0.09066919423639774,1.6435,1
cebik-w4rnl/Basic-Intermediate-Tutorial-Models/Tutorial-1/18-8-1.nec,ok,ok,0.1864950880408287,0.089251141063869,2.0896,1
cebik-w4rnl/Basic-Intermediate-Tutorial-Models/Tutorial-1/18-8-2.nec,ok,ok,0.18636027444154024,0.08983798138797283,2.0744,1
cebik-w4rnl/Basic-Intermediate-Tutorial-Models/Tutorial-1/18-8-3.nec,ok,ok,0.18504195101559162,0.08946301974356174,2.0684,1
cebik-w4rnl/Basic-Intermediate-Tutorial-Models/Tutorial-1/18-8-4.nec,ok,ok,0.18532802071422338,0.0881607448682189,2.1022,1
cebik-w4rnl/Basic-Intermediate-Tutorial-Models/Tutorial-1/18-8.nec,ok,ok,0.1118220267817378,0.06652276497334242,1.6810,1
cebik-w4rnl/Basic-Intermediate-Tutorial-Models/Tutorial-1/18-9.nec,ok,ok,0.03709655627608299,0.03049400355666876,,0
cebik-w4rnl/Basic-Intermediate-Tutorial-Models/Tutorial-1/19-1.nec,ok,ok,0.009492014534771442,0.009087367914617062,,0
cebik-w4rnl/Basic-Intermediate-Tutorial-Models/Tutorial-1/19-2-1.nec,ok,ok,0.07550033275038004,0.04482498578727245,,0
cebik-w4rnl/Basic-Intermediate-Tutorial-Models/Tutorial-1/19-2.nec,ok,ok,0.0928283566609025,0.04456769675016403,,0
cebik-w4rnl/Basic-Intermediate-Tutorial-Models/Tutorial-1/19-3-1.nec,ok,ok,0.00609208457171917,0.006164814345538616,,0
cebik-w4rnl/Basic-Intermediate-Tutorial-Models/Tutorial-1/19-3.nec,ok,ok,0.007408679462969303,0.007062665186822414,,0
cebik-w4rnl/Basic-Intermediate-Tutorial-Models/Tutorial-1/19-4-1.nec,ok,ok,0.1906034406274557,0.09271631948649883,2.0558,1
cebik-w4rnl/Basic-Intermediate-Tutorial-Models/Tutorial-1/19-4.nec,ok,ok,0.19065453950315714,0.09251084458082914,2.0609,1
cebik-w4rnl/Basic-Intermediate-Tutorial-Models/Tutorial-1/19-5.nec,ok,ok,0.12836670875549316,0.0751369260251522,1.7084,1
cebik-w4rnl/Basic-Intermediate-Tutorial-Models/Tutorial-1/19-6-1.nec,ok,ok,0.009226793423295021,0.008892635814845562,,0
cebik-w4rnl/Basic-Intermediate-Tutorial-Models/Tutorial-1/19-6-2.nec,ok,ok,0.014371685683727264,0.01256166584789753,,0
cebik-w4rnl/Basic-Intermediate-Tutorial-Models/Tutorial-1/19-6-3.nec,ok,ok,0.019839701242744923,0.015862016938626766,,0
cebik-w4rnl/Basic-Intermediate-Tutorial-Models/Tutorial-1/19-6.nec,ok,ok,0.014966926537454128,0.012773080728948116,,0
cebik-w4rnl/Basic-Intermediate-Tutorial-Models/Tutorial-1/19-7.nec,ok,ok,0.011151543818414211,0.010672533884644508,,0
cebik-w4rnl/Basic-Intermediate-Tutorial-Models/Tutorial-1/2-1.nec,ok,ok,0.005530375987291336,0.005515627562999725,,0
cebik-w4rnl/Basic-Intermediate-Tutorial-Models/Tutorial-1/2-2.nec,ok,ok,0.09335855208337307,0.062280974350869656,1.4990,1
cebik-w4rnl/Basic-Intermediate-Tutorial-Models/Tutorial-1/2-3.nec,ok,ok,0.33732394222170115,0.200448177754879,1.6828,1
cebik-w4rnl/Basic-Intermediate-Tutorial-Models/Tutorial-1/2-4.nec,ok,ok,0.009180878289043903,0.00876459851861,,0
cebik-w4rnl/Basic-Intermediate-Tutorial-Models/Tutorial-1/2-5.nec,ok,ok,0.3074041921645403,0.1851713377982378,1.6601,1
cebik-w4rnl/Basic-Intermediate-Tutorial-Models/Tutorial-1/2-6.nec,ok,ok,0.015368029475212097,0.011109892278909683,,0
cebik-w4rnl/Basic-Intermediate-Tutorial-Models/Tutorial-1/20-1-1.nec,ok,ok,0.06591805443167686,0.02920981775969267,,0
cebik-w4rnl/Basic-Intermediate-Tutorial-Models/Tutorial-1/20-1-2.nec,ok,ok,0.06359968706965446,0.027639015577733517,,0
cebik-w4rnl/Basic-Intermediate-Tutorial-Models/Tutorial-1/20-1.nec,ok,ok,0.010022101923823357,0.009545641019940376,,0
cebik-w4rnl/Basic-Intermediate-Tutorial-Models/Tutorial-1/20-2-1.nec,ok,ok,0.06876491103321314,0.03629288077354431,,0
cebik-w4rnl/Basic-Intermediate-Tutorial-Models/Tutorial-1/20-2-2.nec,ok,ok,0.04531372711062431,0.026822112500667572,,0
cebik-w4rnl/Basic-Intermediate-Tutorial-Models/Tutorial-1/20-2-3.nec,ok,ok,0.03696616645902395,0.02351256739348173,,0
cebik-w4rnl/Basic-Intermediate-Tutorial-Models/Tutorial-1/20-2-4.nec,ok,ok,0.023930436931550503,0.0179724283516407,,0
cebik-w4rnl/Basic-Intermediate-Tutorial-Models/Tutorial-1/20-2.nec,ok,ok,0.09835156798362732,0.046699426136910915,,0
cebik-w4rnl/Basic-Intermediate-Tutorial-Models/Tutorial-1/20-3-1.nec,ok,ok,0.014922517351806164,0.013253480195999146,,0
cebik-w4rnl/Basic-Intermediate-Tutorial-Models/Tutorial-1/20-3-2.nec,ok,ok,0.01795791368931532,0.015440162271261215,,0
cebik-w4rnl/Basic-Intermediate-Tutorial-Models/Tutorial-1/20-4-1.nec,ok,ok,0.03297569043934345,0.022104387171566486,,0
cebik-w4rnl/Basic-Intermediate-Tutorial-Models/Tutorial-1/20-4-2.nec,ok,ok,0.03217757027596235,0.02134011499583721,,0
cebik-w4rnl/Basic-Intermediate-Tutorial-Models/Tutorial-1/20-4-3.nec,ok,ok,0.09497081022709608,0.04553288873285055,,0
cebik-w4rnl/Basic-Intermediate-Tutorial-Models/Tutorial-1/20-4-4.nec,ok,ok,0.09525057021528482,0.04610230401158333,,0
cebik-w4rnl/Basic-Intermediate-Tutorial-Models/Tutorial-1/20-4.nec,ok,ok,0.01510552130639553,0.013133373111486435,,0
cebik-w4rnl/Basic-Intermediate-Tutorial-Models/Tutorial-1/20-5-1.nec,ok,ok,0.03652158938348293,0.026734567247331142,,0
cebik-w4rnl/Basic-Intermediate-Tutorial-Models/Tutorial-1/20-5-2.nec,ok,ok,0.06550586502999067,0.029711510986089706,,0
cebik-w4rnl/Basic-Intermediate-Tutorial-Models/Tutorial-1/20-5-3.nec,ok,ok,0.12801151908934116,0.050768056884408,2.5215,1
cebik-w4rnl/Basic-Intermediate-Tutorial-Models/Tutorial-1/20-5-4.nec,ok,ok,0.1770319789648056,0.06554836966097355,2.7008,1
cebik-w4rnl/Basic-Intermediate-Tutorial-Models/Tutorial-1/20-5-5.nec,ok,ok,0.5810264246538281,0.17365779913961887,3.3458,1
cebik-w4rnl/Basic-Intermediate-Tutorial-Models/Tutorial-1/20-6-1.nec,ok,ok,0.005356976762413979,0.005282052792608738,,0
cebik-w4rnl/Basic-Intermediate-Tutorial-Models/Tutorial-1/20-6-1A.nec,ok,ok,0.006011982448399067,0.005454638972878456,,0
cebik-w4rnl/Basic-Intermediate-Tutorial-Models/Tutorial-1/20-6-2.nec,ok,ok,0.014213478192687035,0.012089836411178112,,0
cebik-w4rnl/Basic-Intermediate-Tutorial-Models/Tutorial-1/20-6-2A.nec,ok,ok,0.05174101609736681,0.022670968435704708,,0
cebik-w4rnl/Basic-Intermediate-Tutorial-Models/Tutorial-1/20-6-3.nec,ok,ok,0.0066340090706944466,0.006296494044363499,,0
cebik-w4rnl/Basic-Intermediate-Tutorial-Models/Tutorial-1/20-6-3A.nec,ok,ok,0.012028506956994534,0.00870467908680439,,0
cebik-w4rnl/Basic-Intermediate-Tutorial-Models/Tutorial-1/20-6-4.nec,ok,ok,0.00735886488109827,0.007461912930011749,,0
cebik-w4rnl/Basic-Intermediate-Tutorial-Models/Tutorial-1/20-6-4A.nec,ok,ok,0.017867584712803364,0.01066592801362276,,0
cebik-w4rnl/Basic-Intermediate-Tutorial-Models/Tutorial-1/20-7.nec,ok,ok,0.5622795904055238,0.3015919094905257,1.8644,1
cebik-w4rnl/Basic-Intermediate-Tutorial-Models/Tutorial-1/20-8-1.nec,ok,ok,0.005347490310668945,0.005381927825510502,,0
cebik-w4rnl/Basic-Intermediate-Tutorial-Models/Tutorial-1/20-8-2.nec,ok,ok,0.006559156812727451,0.00633900985121727,,0
cebik-w4rnl/Basic-Intermediate-Tutorial-Models/Tutorial-1/20-8-3.nec,ok,ok,0.009387907572090626,0.008851194754242897,,0
cebik-w4rnl/Basic-Intermediate-Tutorial-Models/Tutorial-1/21-1-1.nec,ok,ok,0.04863260965794325,0.029803062789142132,,0
cebik-w4rnl/Basic-Intermediate-Tutorial-Models/Tutorial-1/21-1.nec,ok,ok,0.02055010199546814,0.01590162143111229,,0
cebik-w4rnl/Basic-Intermediate-Tutorial-Models/Tutorial-1/21-2-1.nec,ok,ok,0.06179558485746384,0.032642717473208904,,0
cebik-w4rnl/Basic-Intermediate-Tutorial-Models/Tutorial-1/21-2-2.nec,ok,ok,0.013107172213494778,0.010361870750784874,,0
cebik-w4rnl/Basic-Intermediate-Tutorial-Models/Tutorial-1/21-2-3.nec,ok,ok,0.1429897788912058,0.06755820475518703,2.1165,1
cebik-w4rnl/Basic-Intermediate-Tutorial-Models/Tutorial-1/21-2-4.nec,ok,ok,0.012594422325491905,0.011289862915873528,,0
cebik-w4rnl/Basic-Intermediate-Tutorial-Models/Tutorial-1/21-2-5.nec,ok,ok,0.06222272664308548,0.032906029373407364,,0
cebik-w4rnl/Basic-Intermediate-Tutorial-Models/Tutorial-1/21-3-1.nec,ok,ok,0.005240602418780327,0.005184447392821312,,0
cebik-w4rnl/Basic-Intermediate-Tutorial-Models/Tutorial-1/21-3-2.nec,ok,ok,0.006067287176847458,0.0055840229615569115,,0
cebik-w4rnl/Basic-Intermediate-Tutorial-Models/Tutorial-1/21-3-3.nec,ok,ok,0.00917028822004795,0.007849170826375484,,0
cebik-w4rnl/Basic-Intermediate-Tutorial-Models/Tutorial-1/21-3-4.nec,ok,ok,0.06696116831153631,0.0340842604637146,,0
cebik-w4rnl/Basic-Intermediate-Tutorial-Models/Tutorial-1/21-4-1.nec,ok,ok,0.04204095806926489,0.025013691745698452,,0
cebik-w4rnl/Basic-Intermediate-Tutorial-Models/Tutorial-1/21-4-2.nec,ok,ok,0.0431867390871048,0.025868259370326996,,0
cebik-w4rnl/Basic-Intermediate-Tutorial-Models/Tutorial-1/21-4-3.nec,ok,ok,0.04299159813672304,0.025440148077905178,,0
cebik-w4rnl/Basic-Intermediate-Tutorial-Models/Tutorial-1/21-4-4.nec,ok,ok,0.21775648836046457,0.11514177359640598,1.8912,1
cebik-w4rnl/Basic-Intermediate-Tutorial-Models/Tutorial-1/21-4-5.nec,ok,ok,0.04399311821907759,0.026445246301591396,,0
cebik-w4rnl/Basic-Intermediate-Tutorial-Models/Tutorial-1/21-4.nec,ok,ok,0.07024522218853235,0.025501983240246773,,0
cebik-w4rnl/Basic-Intermediate-Tutorial-Models/Tutorial-1/21-5-1.nec,ok,ok,0.006447319872677326,0.005679642781615257,,0
cebik-w4rnl/Basic-Intermediate-Tutorial-Models/Tutorial-1/21-5-2.nec,ok,ok,0.18380082491785288,0.06957987882196903,2.6416,1
cebik-w4rnl/Basic-Intermediate-Tutorial-Models/Tutorial-1/21-5-3.nec,ok,ok,0.1942054545506835,0.06892681401222944,2.8176,1
cebik-w4rnl/Basic-Intermediate-Tutorial-Models/Tutorial-1/21-5.nec,ok,ok,0.005580250173807144,0.005677458830177784,,0
cebik-w4rnl/Basic-Intermediate-Tutorial-Models/Tutorial-1/3-1.nec,ok,ok,0.005326339974999428,0.0054025184363126755,,0
cebik-w4rnl/Basic-Intermediate-Tutorial-Models/Tutorial-1/3-2.nec,ok,ok,0.08132997993379831,0.05422536842525005,1.4999,1
cebik-w4rnl/Basic-Intermediate-Tutorial-Models/Tutorial-1/3-3.nec,ok,ok,0.08345949370414019,0.055337258614599705,1.5082,1
cebik-w4rnl/Basic-Intermediate-Tutorial-Models/Tutorial-1/3-4.nec,ok,ok,0.06288295332342386,0.053300097584724426,1.1798,1
cebik-w4rnl/Basic-Intermediate-Tutorial-Models/Tutorial-1/3-5.nec,ok,ok,0.06321868766099215,0.053289162926375866,1.1863,1
cebik-w4rnl/Basic-Intermediate-Tutorial-Models/Tutorial-1/4-1.nec,ok,ok,0.26847202703356743,0.17020803783088923,1.5773,1
cebik-w4rnl/Basic-Intermediate-Tutorial-Models/Tutorial-1/4-10.nec,ok,ok,0.03174384869635105,0.014329415746033192,,0
cebik-w4rnl/Basic-Intermediate-Tutorial-Models/Tutorial-1/4-2.nec,ok,ok,0.0223837923258543,0.014193852432072163,,0
cebik-w4rnl/Basic-Intermediate-Tutorial-Models/Tutorial-1/4-3.nec,ok,ok,0.010788628831505775,0.00845298171043396,,0
cebik-w4rnl/Basic-Intermediate-Tutorial-Models/Tutorial-1/4-4.nec,ok,ok,0.0362516175955534,0.018212277442216873,,0
cebik-w4rnl/Basic-Intermediate-Tutorial-Models/Tutorial-1/4-5.nec,ok,ok,0.30158197693526745,0.19345621950924397,1.5589,1
cebik-w4rnl/Basic-Intermediate-Tutorial-Models/Tutorial-1/4-6.nec,ok,ok,0.31456521805375814,0.1961581502109766,1.6036,1
cebik-w4rnl/Basic-Intermediate-Tutorial-Models/Tutorial-1/4-7.nec,ok,ok,0.3230955312028527,0.1847204277291894,1.7491,1
cebik-w4rnl/Basic-Intermediate-Tutorial-Models/Tutorial-1/4-8.nec,ok,ok,0.28516525961458683,0.18211583234369755,1.5658,1
cebik-w4rnl/Basic-Intermediate-Tutorial-Models/Tutorial-1/4-9.nec,ok,ok,0.014476521871984005,0.012739981524646282,,0
cebik-w4rnl/Basic-Intermediate-Tutorial-Models/Tutorial-1/5-1-1.nec,ok,ok,0.2962717395275831,0.1891534049063921,1.5663,1
cebik-w4rnl/Basic-Intermediate-Tutorial-Models/Tutorial-1/5-1-2.nec,ok,ok,0.034682963974773884,0.014456690289080143,,0
cebik-w4rnl/Basic-Intermediate-Tutorial-Models/Tutorial-1/5-2-1.nec,ok,ok,0.005653103813529015,0.005643918178975582,,0
cebik-w4rnl/Basic-Intermediate-Tutorial-Models/Tutorial-1/5-2-2.nec,ok,ok,0.06346060801297426,0.03371272422373295,,0
cebik-w4rnl/Basic-Intermediate-Tutorial-Models/Tutorial-1/5-3-1.nec,ok,ok,0.005913451313972473,0.005934417247772217,,0
cebik-w4rnl/Basic-Intermediate-Tutorial-Models/Tutorial-1/5-3-2.nec,ok,ok,0.008842832408845425,0.008620759472250938,,0
cebik-w4rnl/Basic-Intermediate-Tutorial-Models/Tutorial-1/5-4-1.nec,ok,ok,0.020493009127676487,0.016270321793854237,,0
cebik-w4rnl/Basic-Intermediate-Tutorial-Models/Tutorial-1/5-4-2.nec,ok,ok,0.02055353857576847,0.016188866458833218,,0
cebik-w4rnl/Basic-Intermediate-Tutorial-Models/Tutorial-1/5-5-1.nec,ok,ok,0.0074883028864860535,0.006840366870164871,,0
cebik-w4rnl/Basic-Intermediate-Tutorial-Models/Tutorial-1/5-5-2.nec,ok,ok,0.007511008530855179,0.007244677282869816,,0
cebik-w4rnl/Basic-Intermediate-Tutorial-Models/Tutorial-1/6-1.nec,ok,ok,0.30793243274092674,0.19592712633311749,1.5717,1
cebik-w4rnl/Basic-Intermediate-Tutorial-Models/Tutorial-1/6-2.nec,ok,ok,0.12409526575356722,0.07374917156994343,1.6827,1
cebik-w4rnl/Basic-Intermediate-Tutorial-Models/Tutorial-1/6-3.nec,ok,ok,0.13198263011872768,0.07561995275318623,1.7453,1
cebik-w4rnl/Basic-Intermediate-Tutorial-Models/Tutorial-1/6-4.nec,ok,ok,0.09244012366980314,0.061641622334718704,1.4996,1
cebik-w4rnl/Basic-Intermediate-Tutorial-Models/Tutorial-1/6-5.nec,ok,ok,0.018183444626629353,0.014866684563457966,,0
cebik-w4rnl/Basic-Intermediate-Tutorial-Models/Tutorial-1/6-6.nec,ok,ok,0.41123020742088556,0.15426461026072502,2.6657,1
cebik-w4rnl/Basic-Intermediate-Tutorial-Models/Tutorial-1/6-7.nec,ok,ok,0.4087827652692795,0.2360696094110608,1.7316,1
cebik-w4rnl/Basic-Intermediate-Tutorial-Models/Tutorial-1/7-1.nec,ok,ok,0.2864381168037653,0.18344061728566885,1.5615,1
cebik-w4rnl/Basic-Intermediate-Tutorial-Models/Tutorial-1/7-2.nec,ok,ok,0.020475721918046474,0.016368200071156025,,0
cebik-w4rnl/Basic-Intermediate-Tutorial-Models/Tutorial-1/7-3.nec,ok,ok,0.014043999835848808,0.011252549476921558,,0
cebik-w4rnl/Basic-Intermediate-Tutorial-Models/Tutorial-1/7-4.nec,ok,ok,0.0058425310999155045,0.00575539655983448,,0
cebik-w4rnl/Basic-Intermediate-Tutorial-Models/Tutorial-1/7-5.nec,ok,ok,0.006415101699531078,0.006173452362418175,,0
cebik-w4rnl/Basic-Intermediate-Tutorial-Models/Tutorial-1/7-6.nec,ok,ok,0.007765199989080429,0.008117727935314178,,0
cebik-w4rnl/Basic-Intermediate-Tutorial-Models/Tutorial-1/7-7.nec,ok,ok,0.3847244903445244,0.165719386190176,2.3215,1
cebik-w4rnl/Basic-Intermediate-Tutorial-Models/Tutorial-1/7-8.nec,ok,ok,0.010195096954703331,0.009469806216657162,,0
cebik-w4rnl/Basic-Intermediate-Tutorial-Models/Tutorial-1/8-1-1.nec,ok,ok,0.006232229992747307,0.00611686147749424,,0
cebik-w4rnl/Basic-Intermediate-Tutorial-Models/Tutorial-1/8-1.nec,ok,ok,0.004939279519021511,0.00516135897487402,,0
cebik-w4rnl/Basic-Intermediate-Tutorial-Models/Tutorial-1/8-2.nec,ok,ok,0.00647430494427681,0.006050496362149715,,0
cebik-w4rnl/Basic-Intermediate-Tutorial-Models/Tutorial-1/8-3.nec,ok,ok,0.006626279093325138,0.006308810785412788,,0
cebik-w4rnl/Basic-Intermediate-Tutorial-Models/Tutorial-1/8-4.nec,ok,ok,0.00827737431973219,0.00804590992629528,,0
cebik-w4rnl/Basic-Intermediate-Tutorial-Models/Tutorial-1/8-5-1.nec,ok,ok,0.009385191835463047,0.00903980154544115,,0
cebik-w4rnl/Basic-Intermediate-Tutorial-Models/Tutorial-1/8-5.nec,ok,ok,0.012795749120414257,0.011748542077839375,,0
cebik-w4rnl/Basic-Intermediate-Tutorial-Models/Tutorial-1/8-6-1.nec,ok,ok,0.2789505310356617,0.17376354802399874,1.6053,1
cebik-w4rnl/Basic-Intermediate-Tutorial-Models/Tutorial-1/8-6.nec,ok,ok,0.3122308533638716,0.18741518538445234,1.6660,1
cebik-w4rnl/Basic-Intermediate-Tutorial-Models/Tutorial-1/8-7-1.nec,no-impedance,no-impedance,0.005935848690569401,0.005959523841738701,,0
cebik-w4rnl/Basic-Intermediate-Tutorial-Models/Tutorial-1/8-7-2.nec,no-impedance,no-impedance,0.006038594990968704,0.006214609369635582,,0
cebik-w4rnl/Basic-Intermediate-Tutorial-Models/Tutorial-1/8-7.nec,ok,ok,0.005524542182683945,0.005626842379570007,,0
cebik-w4rnl/Basic-Intermediate-Tutorial-Models/Tutorial-1/9-1-1.nec,ok,ok,0.008559860289096832,0.008277934044599533,,0
cebik-w4rnl/Basic-Intermediate-Tutorial-Models/Tutorial-1/9-1-2.nec,ok,ok,0.008720685727894306,0.008427582681179047,,0
cebik-w4rnl/Basic-Intermediate-Tutorial-Models/Tutorial-1/9-1-3.nec,ok,ok,0.008678542450070381,0.013243044726550579,,0
cebik-w4rnl/Basic-Intermediate-Tutorial-Models/Tutorial-1/9-2-1.nec,ok,ok,0.010084928013384342,0.008324318565428257,,0
cebik-w4rnl/Basic-Intermediate-Tutorial-Models/Tutorial-1/9-2-2.nec,ok,ok,0.008854946121573448,0.008461417630314827,,0
cebik-w4rnl/Basic-Intermediate-Tutorial-Models/Tutorial-1/9-2-3.nec,ok,ok,0.008690043352544308,0.008504819124937057,,0
cebik-w4rnl/Basic-Intermediate-Tutorial-Models/Tutorial-1/9-3-1.nec,ok,ok,0.008560487069189548,0.008741999976336956,,0
cebik-w4rnl/Basic-Intermediate-Tutorial-Models/Tutorial-1/9-3-2.nec,ok,ok,0.008712442591786385,0.008495989255607128,,0
cebik-w4rnl/Basic-Intermediate-Tutorial-Models/Tutorial-1/9-3-3.nec,ok,ok,0.008732912130653858,0.00837391521781683,,0
cebik-w4rnl/Basic-Intermediate-Tutorial-Models/Tutorial-1/9-4-1.nec,ok,ok,0.012793649919331074,0.011509539559483528,,0
cebik-w4rnl/Basic-Intermediate-Tutorial-Models/Tutorial-1/9-4.nec,ok,ok,0.0058190468698740005,0.006290039978921413,,0
cebik-w4rnl/Basic-Intermediate-Tutorial-Models/Tutorial-1/9-5-1.nec,ok,ok,0.01521004643291235,0.01311973761767149,,0
cebik-w4rnl/Basic-Intermediate-Tutorial-Models/Tutorial-1/9-5-2.nec,ok,ok,0.015321928076446056,0.013213388621807098,,0
cebik-w4rnl/Basic-Intermediate-Tutorial-Models/Tutorial-1/9-5-3.nec,ok,ok,0.015332013368606567,0.013592039234936237,,0
cebik-w4rnl/Basic-Intermediate-Tutorial-Models/Tutorial-1/9-5.nec,ok,ok,0.015778813511133194,0.01352238841354847,,0
cebik-w4rnl/Basic-Intermediate-Tutorial-Models/Tutorial-1/9-6-1.nec,ok,ok,0.006065959110856056,0.005872536450624466,,0
cebik-w4rnl/Basic-Intermediate-Tutorial-Models/Tutorial-1/9-6-2.nec,ok,ok,0.005189230665564537,0.005357283167541027,,0
cebik-w4rnl/Basic-Intermediate-Tutorial-Models/Tutorial-1/9-6-3.nec,ok,ok,0.005126152187585831,0.004999162629246712,,0
cebik-w4rnl/Basic-Intermediate-Tutorial-Models/Tutorial-1/9-6-4.nec,ok,ok,0.0051388610154390335,0.005002113059163094,,0
cebik-w4rnl/Basic-Intermediate-Tutorial-Models/Tutorial-1/9-6-5.nec,ok,ok,0.005952147766947746,0.005490426905453205,,0
cebik-w4rnl/Basic-Intermediate-Tutorial-Models/Tutorial-1/9-6.nec,ok,ok,0.0060664014890789986,0.00564567930996418,,0
cebik-w4rnl/Basic-Intermediate-Tutorial-Models/Tutorial-2/ch-0/0-1.nec,ok,ok,0.5756122693419456,0.16318262461572886,3.5274,1
cebik-w4rnl/Basic-Intermediate-Tutorial-Models/Tutorial-2/ch-1/1-1.nec,ok,ok,0.039142800495028496,0.02083406876772642,,0
cebik-w4rnl/Basic-Intermediate-Tutorial-Models/Tutorial-2/ch-1/1-1a.nec,ok,ok,0.03904398996382952,0.02134500816464424,,0
cebik-w4rnl/Basic-Intermediate-Tutorial-Models/Tutorial-2/ch-1/1-1b.nec,ok,ok,0.038874139077961445,0.021051110699772835,,0
cebik-w4rnl/Basic-Intermediate-Tutorial-Models/Tutorial-2/ch-1/1-1c.nec,ok,ok,0.039755746722221375,0.02214458119124174,,0
cebik-w4rnl/Basic-Intermediate-Tutorial-Models/Tutorial-2/ch-1/1-2.nec,ok,ok,0.0049480171874165535,0.00527550745755434,,0
cebik-w4rnl/Basic-Intermediate-Tutorial-Models/Tutorial-2/ch-1/1-2a.nec,ok,ok,0.0046218326315283775,0.004899163730442524,,0
cebik-w4rnl/Basic-Intermediate-Tutorial-Models/Tutorial-2/ch-1/1-3.nec,ok,ok,0.37167465314269066,0.2509173462167382,1.4813,1
cebik-w4rnl/Basic-Intermediate-Tutorial-Models/Tutorial-2/ch-1/1-4.nec,ok,ok,0.005462516099214554,0.00572869461029768,,0
cebik-w4rnl/Basic-Intermediate-Tutorial-Models/Tutorial-2/ch-1/1-4a.nec,ok,ok,0.005523497238755226,0.00552756991237402,,0
cebik-w4rnl/Basic-Intermediate-Tutorial-Models/Tutorial-2/ch-1/1-4b.nec,ok,ok,0.469432950951159,0.15429619885981083,3.0424,1
cebik-w4rnl/Basic-Intermediate-Tutorial-Models/Tutorial-2/ch-1/1-5.nec,ok,ok,0.007662511430680752,0.007147717289626598,,0
cebik-w4rnl/Basic-Intermediate-Tutorial-Models/Tutorial-2/ch-1/1-6.nec,ok,ok,0.009942902252078056,0.009310290217399597,,0
cebik-w4rnl/Basic-Intermediate-Tutorial-Models/Tutorial-2/ch-1/1-6a.nec,ok,ok,0.008641405031085014,0.00823332741856575,,0
cebik-w4rnl/Basic-Intermediate-Tutorial-Models/Tutorial-2/ch-10/10-1.nec,ok,ok,0.004014482721686363,0.004098488949239254,,0
cebik-w4rnl/Basic-Intermediate-Tutorial-Models/Tutorial-2/ch-10/10-10.nec,ok,ok,0.0032277731224894524,0.003459213301539421,,0
cebik-w4rnl/Basic-Intermediate-Tutorial-Models/Tutorial-2/ch-10/10-10a.nec,ok,ok,0.0031930729746818542,0.0033714883029460907,,0
cebik-w4rnl/Basic-Intermediate-Tutorial-Models/Tutorial-2/ch-10/10-10b.nec,ok,ok,0.003261856734752655,0.0033432254567742348,,0
cebik-w4rnl/Basic-Intermediate-Tutorial-Models/Tutorial-2/ch-10/10-10c.nec,ok,ok,0.003201914019882679,0.0035104239359498024,,0
cebik-w4rnl/Basic-Intermediate-Tutorial-Models/Tutorial-2/ch-10/10-11.nec,ok,ok,0.0031104255467653275,0.003422939218580723,,0
cebik-w4rnl/Basic-Intermediate-Tutorial-Models/Tutorial-2/ch-10/10-11a.nec,ok,ok,0.004198752343654633,0.004409801214933395,,0
cebik-w4rnl/Basic-Intermediate-Tutorial-Models/Tutorial-2/ch-10/10-11b.nec,ok,ok,0.004272656515240669,0.004564658738672733,,0
cebik-w4rnl/Basic-Intermediate-Tutorial-Models/Tutorial-2/ch-10/10-1a.nec,ok,ok,0.006378524005413055,0.005067337304353714,,0
cebik-w4rnl/Basic-Intermediate-Tutorial-Models/Tutorial-2/ch-10/10-2.nec,ok,ok,0.0051034679636359215,0.004645737819373608,,0
cebik-w4rnl/Basic-Intermediate-Tutorial-Models/Tutorial-2/ch-10/10-2a.nec,ok,ok,0.0062370914965868,0.005293418653309345,,0
cebik-w4rnl/Basic-Intermediate-Tutorial-Models/Tutorial-2/ch-10/10-2b.nec,ok,ok,0.004236412234604359,0.004186518490314484,,0
cebik-w4rnl/Basic-Intermediate-Tutorial-Models/Tutorial-2/ch-10/10-3.nec,ok,ok,0.009914236143231392,0.009628336876630783,,0
cebik-w4rnl/Basic-Intermediate-Tutorial-Models/Tutorial-2/ch-10/10-3a.nec,ok,ok,0.008593968115746975,0.00835265964269638,,0
cebik-w4rnl/Basic-Intermediate-Tutorial-Models/Tutorial-2/ch-10/10-3b.nec,ok,ok,0.017248837277293205,0.01432275865226984,,0
cebik-w4rnl/Basic-Intermediate-Tutorial-Models/Tutorial-2/ch-10/10-4.nec,ok,ok,0.015941190533339977,0.010384496301412582,,0
cebik-w4rnl/Basic-Intermediate-Tutorial-Models/Tutorial-2/ch-10/10-4a.nec,ok,ok,0.030034680850803852,0.015559393912553787,,0
cebik-w4rnl/Basic-Intermediate-Tutorial-Models/Tutorial-2/ch-10/10-4b.nec,ok,ok,0.011606533080339432,0.009248020127415657,,0
cebik-w4rnl/Basic-Intermediate-Tutorial-Models/Tutorial-2/ch-10/10-5.nec,ok,ok,0.3841627035290003,0.1407759441062808,2.7289,1
cebik-w4rnl/Basic-Intermediate-Tutorial-Models/Tutorial-2/ch-10/10-5a.nec,ok,ok,0.3955373140051961,0.16498569212853909,2.3974,1
cebik-w4rnl/Basic-Intermediate-Tutorial-Models/Tutorial-2/ch-10/10-6.nec,ok,ok,0.14756301697343588,0.06552085559815168,2.2522,1
cebik-w4rnl/Basic-Intermediate-Tutorial-Models/Tutorial-2/ch-10/10-6a.nec,ok,ok,0.06496554147452116,0.03535466734319925,,0
cebik-w4rnl/Basic-Intermediate-Tutorial-Models/Tutorial-2/ch-10/10-6b.nec,ok,ok,0.06437530368566513,0.03416674770414829,,0
cebik-w4rnl/Basic-Intermediate-Tutorial-Models/Tutorial-2/ch-10/10-7.nec,ok,ok,0.004556355066597462,0.00430108979344368,,0
cebik-w4rnl/Basic-Intermediate-Tutorial-Models/Tutorial-2/ch-10/10-8.nec,ok,ok,0.0031807776540517807,0.003384048119187355,,0
cebik-w4rnl/Basic-Intermediate-Tutorial-Models/Tutorial-2/ch-10/10-8a.nec,ok,ok,0.0030460935086011887,0.0033570416271686554,,0
cebik-w4rnl/Basic-Intermediate-Tutorial-Models/Tutorial-2/ch-10/10-8b.nec,ok,ok,0.00316817220300436,0.0034011490643024445,,0
cebik-w4rnl/Basic-Intermediate-Tutorial-Models/Tutorial-2/ch-10/10-8c.nec,ok,ok,0.0032578343525528908,0.003312290646135807,,0
cebik-w4rnl/Basic-Intermediate-Tutorial-Models/Tutorial-2/ch-10/10-8d.nec,ok,ok,0.004626480862498283,0.004916456528007984,,0
cebik-w4rnl/Basic-Intermediate-Tutorial-Models/Tutorial-2/ch-10/10-9.nec,no-impedance,no-impedance,0.023422129452228546,0.018416235223412514,,0
cebik-w4rnl/Basic-Intermediate-Tutorial-Models/Tutorial-2/ch-10/10-9a.nec,ok,ok,0.021695023402571678,0.018055610358715057,,0
cebik-w4rnl/Basic-Intermediate-Tutorial-Models/Tutorial-2/ch-11/11-10-nec4.nec,ok,ok,0.10486775729805231,0.06707625649869442,1.5634,1
cebik-w4rnl/Basic-Intermediate-Tutorial-Models/Tutorial-2/ch-11/11-10a-nec4.nec,ok,ok,0.10301852878183126,0.06677398458123207,1.5428,1
cebik-w4rnl/Basic-Intermediate-Tutorial-Models/Tutorial-2/ch-11/11-10b-nec4.nec,ok,ok,0.10297601576894522,0.06671994086354971,1.5434,1
cebik-w4rnl/Basic-Intermediate-Tutorial-Models/Tutorial-2/ch-11/11-11.nec,ok,ok,0.3070914186537266,0.18601568415760994,1.6509,1
cebik-w4rnl/Basic-Intermediate-Tutorial-Models/Tutorial-2/ch-11/11-11a.nec,ok,ok,3.1536941779777408,0.7313665673136711,4.3121,1
cebik-w4rnl/Basic-Intermediate-Tutorial-Models/Tutorial-2/ch-11/11-1_1.nec,ok,ok,0.008049139752984047,0.008107950910925865,,0
cebik-w4rnl/Basic-Intermediate-Tutorial-Models/Tutorial-2/ch-11/11-1_2.nec,ok,ok,0.015264538116753101,0.007927845232188702,,0
cebik-w4rnl/Basic-Intermediate-Tutorial-Models/Tutorial-2/ch-11/11-1a_1.nec,ok,ok,0.04324596282094717,0.041919244453310966,,0
cebik-w4rnl/Basic-Intermediate-Tutorial-Models/Tutorial-2/ch-11/11-1a_2.nec,ok,ok,0.043401068076491356,0.04171422775834799,,0
cebik-w4rnl/Basic-Intermediate-Tutorial-Models/Tutorial-2/ch-11/11-1b.nec,ok,ok,0.043277728371322155,0.041657574474811554,,0
cebik-w4rnl/Basic-Intermediate-Tutorial-Models/Tutorial-2/ch-11/11-2.nec,ok,ok,0.005331256426870823,0.005022802390158176,,0
cebik-w4rnl/Basic-Intermediate-Tutorial-Models/Tutorial-2/ch-11/11-2a.nec,ok,ok,0.10298838280141354,0.06643327232450247,1.5503,1
cebik-w4rnl/Basic-Intermediate-Tutorial-Models/Tutorial-2/ch-11/11-2b.nec,ok,ok,0.10313414223492146,0.0667300634086132,1.5455,1
cebik-w4rnl/Basic-Intermediate-Tutorial-Models/Tutorial-2/ch-11/11-3.nec,ok,ok,0.2893143314868212,0.18229209072887897,1.5871,1
cebik-w4rnl/Basic-Intermediate-Tutorial-Models/Tutorial-2/ch-11/11-3a.nec,ok,ok,0.2898361114785075,0.18425464630126953,1.5730,1
cebik-w4rnl/Basic-Intermediate-Tutorial-Models/Tutorial-2/ch-11/11-4.nec,ok,ok,0.32107504457235336,0.20313207060098648,1.5806,1
cebik-w4rnl/Basic-Intermediate-Tutorial-Models/Tutorial-2/ch-11/11-4a-nec4.nec,ok,ok,1.0610630121082067,0.3171126442030072,3.3460,1
cebik-w4rnl/Basic-Intermediate-Tutorial-Models/Tutorial-2/ch-11/11-5.nec,ok,ok,0.243939152918756,0.15551499370485544,1.5686,1
cebik-w4rnl/Basic-Intermediate-Tutorial-Models/Tutorial-2/ch-11/11-6.nec,ok,ok,0.08984134439378977,0.060173182748258114,1.4930,1
cebik-w4rnl/Basic-Intermediate-Tutorial-Models/Tutorial-2/ch-11/11-7.nec,ok,ok,0.1010718634352088,0.06535225547850132,1.5466,1
cebik-w4rnl/Basic-Intermediate-Tutorial-Models/Tutorial-2/ch-11/11-7a.nec,ok,ok,0.08537271153181791,0.05906784441322088,1.4453,1
cebik-w4rnl/Basic-Intermediate-Tutorial-Models/Tutorial-2/ch-11/11-7b-nec2.nec,ok,ok,0.10136639140546322,0.0653538927435875,1.5510,1
cebik-w4rnl/Basic-Intermediate-Tutorial-Models/Tutorial-2/ch-11/11-7c-nec2.nec,ok,ok,0.10153106600046158,0.06504510529339314,1.5609,1
cebik-w4rnl/Basic-Intermediate-Tutorial-Models/Tutorial-2/ch-11/11-7d-nec2.nec,ok,ok,0.10116802528500557,0.06547388713806868,1.5452,1
cebik-w4rnl/Basic-Intermediate-Tutorial-Models/Tutorial-2/ch-11/11-7e-nec2.nec,ok,ok,0.10334892198443413,0.0670743603259325,1.5408,1
cebik-w4rnl/Basic-Intermediate-Tutorial-Models/Tutorial-2/ch-11/11-7f-nec2.nec,ok,ok,0.10295982751995325,0.0671119038015604,1.5342,1
cebik-w4rnl/Basic-Intermediate-Tutorial-Models/Tutorial-2/ch-11/11-7g-nec2.nec,ok,ok,0.10296542383730412,0.06709107384085655,1.5347,1
cebik-w4rnl/Basic-Intermediate-Tutorial-Models/Tutorial-2/ch-11/11-8b-nec2.nec,ok,ok,0.10124401934444904,0.06538130715489388,1.5485,1
cebik-w4rnl/Basic-Intermediate-Tutorial-Models/Tutorial-2/ch-11/11-8c-nec2.nec,ok,ok,0.10204420331865549,0.06550601590424776,1.5578,1
cebik-w4rnl/Basic-Intermediate-Tutorial-Models/Tutorial-2/ch-11/11-8d-nec2.nec,ok,ok,0.11079423036426306,0.06529412046074867,1.6968,1
cebik-w4rnl/Basic-Intermediate-Tutorial-Models/Tutorial-2/ch-11/11-8e-nec2.nec,ok,ok,0.10338129103183746,0.0675767408683896,1.5298,1
cebik-w4rnl/Basic-Intermediate-Tutorial-Models/Tutorial-2/ch-11/11-8e-nec4.nec,ok,ok,0.1038400111719966,0.06732880510389805,1.5423,1
cebik-w4rnl/Basic-Intermediate-Tutorial-Models/Tutorial-2/ch-11/11-8f-nec2.nec,ok,ok,0.10304839257150888,0.0670161684975028,1.5377,1
cebik-w4rnl/Basic-Intermediate-Tutorial-Models/Tutorial-2/ch-11/11-8f-nec4.nec,ok,ok,0.10314765013754368,0.06717606913298368,1.5355,1
cebik-w4rnl/Basic-Intermediate-Tutorial-Models/Tutorial-2/ch-11/11-8g-nec2.nec,ok,ok,0.1035093143582344,0.06761178094893694,1.5309,1
cebik-w4rnl/Basic-Intermediate-Tutorial-Models/Tutorial-2/ch-11/11-8g-nec4.nec,ok,ok,0.11151255387812853,0.07510967366397381,1.4847,1
cebik-w4rnl/Basic-Intermediate-Tutorial-Models/Tutorial-2/ch-11/11-9-nec2.nec,ok,ok,0.10312341712415218,0.06618188135325909,1.5582,1
cebik-w4rnl/Basic-Intermediate-Tutorial-Models/Tutorial-2/ch-11/11-9a-nec2.nec,ok,ok,0.10306909400969744,0.06604601535946131,1.5606,1
cebik-w4rnl/Basic-Intermediate-Tutorial-Models/Tutorial-2/ch-11/11-9b-nec2.nec,ok,ok,0.10295686684548855,0.06679635215550661,1.5414,1
cebik-w4rnl/Basic-Intermediate-Tutorial-Models/Tutorial-2/ch-12/12-1.nec,ok,ok,0.0050329770892858505,0.005137870088219643,,0
cebik-w4rnl/Basic-Intermediate-Tutorial-Models/Tutorial-2/ch-12/12-10-nec4.nec,ok,ok,1.1496444949880242,0.29819460678845644,3.8553,1
cebik-w4rnl/Basic-Intermediate-Tutorial-Models/Tutorial-2/ch-12/12-10a-nec4.nec,ok,ok,0.9286382189020514,0.25479364581406116,3.6447,1
cebik-w4rnl/Basic-Intermediate-Tutorial-Models/Tutorial-2/ch-12/12-11-nec4.nec,ok,ok,4.350904559716582,0.5930924387648702,7.3360,1
cebik-w4rnl/Basic-Intermediate-Tutorial-Models/Tutorial-2/ch-12/12-11a-nec4.nec,ok,ok,4.314647369086742,0.5930754402652383,7.2750,1
cebik-w4rnl/Basic-Intermediate-Tutorial-Models/Tutorial-2/ch-12/12-1a.nec,ok,ok,0.005261734127998352,0.0055939555168151855,,0
cebik-w4rnl/Basic-Intermediate-Tutorial-Models/Tutorial-2/ch-12/12-1b.nec,no-impedance,no-impedance,0.005100018344819546,0.005320750176906586,,0
cebik-w4rnl/Basic-Intermediate-Tutorial-Models/Tutorial-2/ch-12/12-2.nec,ok,ok,0.007630380801856518,0.007985568605363369,,0
cebik-w4rnl/Basic-Intermediate-Tutorial-Models/Tutorial-2/ch-12/12-2a.nec,ok,ok,0.007949447259306908,0.008046773262321949,,0
cebik-w4rnl/Basic-Intermediate-Tutorial-Models/Tutorial-2/ch-12/12-3.nec,ok,ok,0.007629731670022011,0.00794585607945919,,0
cebik-w4rnl/Basic-Intermediate-Tutorial-Models/Tutorial-2/ch-12/12-3a.nec,ok,ok,0.007909752428531647,0.008069888688623905,,0
cebik-w4rnl/Basic-Intermediate-Tutorial-Models/Tutorial-2/ch-12/12-4.nec,ok,ok,0.00582472700625658,0.00582629069685936,,0
cebik-w4rnl/Basic-Intermediate-Tutorial-Models/Tutorial-2/ch-12/12-4a.nec,ok,ok,0.006067309528589249,0.006005341187119484,,0
cebik-w4rnl/Basic-Intermediate-Tutorial-Models/Tutorial-2/ch-12/12-4b.nec,ok,ok,0.034501852467656136,0.03128623403608799,,0
cebik-w4rnl/Basic-Intermediate-Tutorial-Models/Tutorial-2/ch-12/12-5.nec,ok,ok,0.006386321969330311,0.006303397938609123,,0
cebik-w4rnl/Basic-Intermediate-Tutorial-Models/Tutorial-2/ch-12/12-5a.nec,ok,ok,0.006199725903570652,0.006055447272956371,,0
cebik-w4rnl/Basic-Intermediate-Tutorial-Models/Tutorial-2/ch-12/12-5b.nec,ok,ok,0.03521107882261276,0.032072185538709164,,0
cebik-w4rnl/Basic-Intermediate-Tutorial-Models/Tutorial-2/ch-12/12-6.nec,ok,ok,1.979985429905355,0.7743657035753131,2.5569,1
cebik-w4rnl/Basic-Intermediate-Tutorial-Models/Tutorial-2/ch-12/12-7.nec,ok,ok,0.037569752894341946,0.019405259750783443,,0
cebik-w4rnl/Basic-Intermediate-Tutorial-Models/Tutorial-2/ch-12/12-7a.nec,ok,ok,0.014076456427574158,0.010310480371117592,,0
cebik-w4rnl/Basic-Intermediate-Tutorial-Models/Tutorial-2/ch-12/12-8.nec,ok,ok,0.01861670706421137,0.011620543897151947,,0
cebik-w4rnl/Basic-Intermediate-Tutorial-Models/Tutorial-2/ch-12/12-8a.nec,ok,ok,0.01872185803949833,0.012060516513884068,,0
cebik-w4rnl/Basic-Intermediate-Tutorial-Models/Tutorial-2/ch-12/12-8b.nec,ok,ok,0.09100547339767218,0.03994262218475342,,0
cebik-w4rnl/Basic-Intermediate-Tutorial-Models/Tutorial-2/ch-12/12-9.nec,ok,ok,0.025839206762611866,0.014469633810222149,,0
cebik-w4rnl/Basic-Intermediate-Tutorial-Models/Tutorial-2/ch-12/12-9a.nec,ok,ok,0.004083476960659027,0.004244780167937279,,0
cebik-w4rnl/Basic-Intermediate-Tutorial-Models/Tutorial-2/ch-12/12-9b.nec,ok,ok,0.04153907485306263,0.0247751297429204,,0
cebik-w4rnl/Basic-Intermediate-Tutorial-Models/Tutorial-2/ch-12/12-9c.nec,ok,ok,0.041883944533765316,0.024510955438017845,,0
cebik-w4rnl/Basic-Intermediate-Tutorial-Models/Tutorial-2/ch-13/13-1.nec,ok,ok,0.005240321159362793,0.005542341619729996,,0
cebik-w4rnl/Basic-Intermediate-Tutorial-Models/Tutorial-2/ch-13/13-1a.nec,ok,ok,0.004996655508875847,0.005108581855893135,,0
cebik-w4rnl/Basic-Intermediate-Tutorial-Models/Tutorial-2/ch-13/13-1b.nec,ok,ok,0.004909900017082691,0.005163948051631451,,0
cebik-w4rnl/Basic-Intermediate-Tutorial-Models/Tutorial-2/ch-13/13-1c-nec4.nec,ok,ok,0.004903948865830898,0.00515068881213665,,0
cebik-w4rnl/Basic-Intermediate-Tutorial-Models/Tutorial-2/ch-13/13-1d.nec,ok,ok,0.005031258799135685,0.005215752869844437,,0
cebik-w4rnl/Basic-Intermediate-Tutorial-Models/Tutorial-2/ch-13/13-2.nec,ok,ok,0.0049530984833836555,0.005123921670019627,,0
cebik-w4rnl/Basic-Intermediate-Tutorial-Models/Tutorial-2/ch-13/13-2a.nec,ok,ok,0.004983430728316307,0.0051732854917645454,,0
cebik-w4rnl/Basic-Intermediate-Tutorial-Models/Tutorial-2/ch-13/13-2b.nec,ok,ok,0.005002343095839024,0.0051277149468660355,,0
cebik-w4rnl/Basic-Intermediate-Tutorial-Models/Tutorial-2/ch-13/13-2c.nec,ok,ok,0.0050161899998784065,0.005162954330444336,,0
cebik-w4rnl/Basic-Intermediate-Tutorial-Models/Tutorial-2/ch-13/13-2d.nec,ok,ok,0.005023090168833733,0.005224414169788361,,0
cebik-w4rnl/Basic-Intermediate-Tutorial-Models/Tutorial-2/ch-13/13-2e.nec,ok,ok,0.005013488233089447,0.00519047025591135,,0
cebik-w4rnl/Basic-Intermediate-Tutorial-Models/Tutorial-2/ch-13/13-3.nec,ok,ok,0.014750361442565918,0.013362297788262367,,0
cebik-w4rnl/Basic-Intermediate-Tutorial-Models/Tutorial-2/ch-13/13-3a.nec,ok,ok,0.01518783438950777,0.013972162269055843,,0
cebik-w4rnl/Basic-Intermediate-Tutorial-Models/Tutorial-2/ch-13/13-4.nec,ok,ok,0.005695635452866554,0.005270513705909252,,0
cebik-w4rnl/Basic-Intermediate-Tutorial-Models/Tutorial-2/ch-13/13-4a.nec,ok,ok,0.005493043921887875,0.005214790813624859,,0
cebik-w4rnl/Basic-Intermediate-Tutorial-Models/Tutorial-2/ch-13/13-4b.nec,ok,ok,0.005566315725445747,0.0056628575548529625,,0
cebik-w4rnl/Basic-Intermediate-Tutorial-Models/Tutorial-2/ch-13/13-4c.nec,ok,ok,0.00559086911380291,0.005309813655912876,,0
cebik-w4rnl/Basic-Intermediate-Tutorial-Models/Tutorial-2/ch-13/13-4d.nec,ok,ok,0.005612289533019066,0.005270247347652912,,0
cebik-w4rnl/Basic-Intermediate-Tutorial-Models/Tutorial-2/ch-13/13-5.nec,ok,ok,0.005424603819847107,0.005264954641461372,,0
cebik-w4rnl/Basic-Intermediate-Tutorial-Models/Tutorial-2/ch-13/13-5a.nec,ok,ok,0.005407512187957764,0.00531673151999712,,0
cebik-w4rnl/Basic-Intermediate-Tutorial-Models/Tutorial-2/ch-13/13-6.nec,ok,ok,0.007116425782442093,0.012382462620735168,,0
cebik-w4rnl/Basic-Intermediate-Tutorial-Models/Tutorial-2/ch-13/13-6a.nec,ok,ok,0.0070835137739777565,0.006753060035407543,,0
cebik-w4rnl/Basic-Intermediate-Tutorial-Models/Tutorial-2/ch-13/13-6b.nec,ok,ok,0.007164956070482731,0.006631793454289436,,0
cebik-w4rnl/Basic-Intermediate-Tutorial-Models/Tutorial-2/ch-13/13-7.nec,ok,ok,0.008820421993732452,0.008267275989055634,,0
cebik-w4rnl/Basic-Intermediate-Tutorial-Models/Tutorial-2/ch-13/13-7a.nec,ok,ok,0.008875412866473198,0.008263575844466686,,0
cebik-w4rnl/Basic-Intermediate-Tutorial-Models/Tutorial-2/ch-13/13-7b.nec,ok,ok,0.020883937366306782,0.016374330036342144,,0
cebik-w4rnl/Basic-Intermediate-Tutorial-Models/Tutorial-2/ch-13/13-7c.nec,ok,ok,0.021392174065113068,0.017191574908792973,,0
cebik-w4rnl/Basic-Intermediate-Tutorial-Models/Tutorial-2/ch-13/13-8.nec,ok,ok,0.009270874783396721,0.009090478532016277,,0
cebik-w4rnl/Basic-Intermediate-Tutorial-Models/Tutorial-2/ch-13/13-8a.nec,ok,ok,0.009074034169316292,0.00829265732318163,,0
cebik-w4rnl/Basic-Intermediate-Tutorial-Models/Tutorial-2/ch-13/13-8b.nec,ok,ok,0.03407093323767185,0.023015757091343403,,0
cebik-w4rnl/Basic-Intermediate-Tutorial-Models/Tutorial-2/ch-13/13-8c.nec,ok,ok,0.03437780402600765,0.023437376134097576,,0
cebik-w4rnl/Basic-Intermediate-Tutorial-Models/Tutorial-2/ch-13/13-9.nec,ok,ok,0.03353649843484163,0.015375349670648575,,0
cebik-w4rnl/Basic-Intermediate-Tutorial-Models/Tutorial-2/ch-13/13-9a.nec,ok,ok,0.09562691207975149,0.054649464786052704,1.7498,1
cebik-w4rnl/Basic-Intermediate-Tutorial-Models/Tutorial-2/ch-14/14-1.nec,ok,ok,0.019222869537770748,0.015047666616737843,,0
cebik-w4rnl/Basic-Intermediate-Tutorial-Models/Tutorial-2/ch-14/14-1a.nec,ok,ok,0.019005537033081055,0.015622010454535484,,0
cebik-w4rnl/Basic-Intermediate-Tutorial-Models/Tutorial-2/ch-14/14-3.nec,ok,ok,0.041958617977797985,0.024889279156923294,,0
cebik-w4rnl/Basic-Intermediate-Tutorial-Models/Tutorial-2/ch-14/14-3a.nec,ok,ok,0.04288057330995798,0.02599537279456854,,0
cebik-w4rnl/Basic-Intermediate-Tutorial-Models/Tutorial-2/ch-14/14-3b.nec,ok,ok,0.04263176582753658,0.02530226856470108,,0
cebik-w4rnl/Basic-Intermediate-Tutorial-Models/Tutorial-2/ch-14/14-3c.nec,ok,ok,0.04241892695426941,0.02602106612175703,,0
cebik-w4rnl/Basic-Intermediate-Tutorial-Models/Tutorial-2/ch-14/14-3d.nec,ok,ok,0.042575553990900517,0.025263842195272446,,0
cebik-w4rnl/Basic-Intermediate-Tutorial-Models/Tutorial-2/ch-14/14-4.nec,ok,ok,0.00352591834962368,0.003641190007328987,,0
cebik-w4rnl/Basic-Intermediate-Tutorial-Models/Tutorial-2/ch-14/14-4a.nec,ok,ok,0.003336135298013687,0.0034994129091501236,,0
cebik-w4rnl/Basic-Intermediate-Tutorial-Models/Tutorial-2/ch-14/14-4b.nec,ok,ok,0.003448585979640484,0.0034675216302275658,,0
cebik-w4rnl/Basic-Intermediate-Tutorial-Models/Tutorial-2/ch-14/14-4c.nec,ok,ok,0.003260166384279728,0.0033849142491817474,,0
cebik-w4rnl/Basic-Intermediate-Tutorial-Models/Tutorial-2/ch-14/14-5.nec,ok,ok,0.023662160150706768,0.01728747319430113,,0
cebik-w4rnl/Basic-Intermediate-Tutorial-Models/Tutorial-2/ch-14/14-5a.nec,ok,ok,0.025865656323730946,0.01859858725219965,,0
cebik-w4rnl/Basic-Intermediate-Tutorial-Models/Tutorial-2/ch-14/14-6.nec,ok,ok,0.018235250376164913,0.01156649086624384,,0
cebik-w4rnl/Basic-Intermediate-Tutorial-Models/Tutorial-2/ch-14/14-6a.nec,ok,ok,0.018568482249975204,0.011737853288650513,,0
cebik-w4rnl/Basic-Intermediate-Tutorial-Models/Tutorial-2/ch-14/14-6b.nec,ok,ok,0.018414228223264217,0.011661755852401257,,0
cebik-w4rnl/Basic-Intermediate-Tutorial-Models/Tutorial-2/ch-14/14-6c.nec,ok,ok,0.018617943860590458,0.011604469269514084,,0
cebik-w4rnl/Basic-Intermediate-Tutorial-Models/Tutorial-2/ch-14/14-6d.nec,ok,ok,0.018689371645450592,0.011687162332236767,,0
cebik-w4rnl/Basic-Intermediate-Tutorial-Models/Tutorial-2/ch-15/15-1.nec,ok,ok,0.005904517136514187,0.005983717739582062,,0
cebik-w4rnl/Basic-Intermediate-Tutorial-Models/Tutorial-2/ch-15/15-1a.nec,ok,ok,0.005678554996848106,0.006267021410167217,,0
cebik-w4rnl/Basic-Intermediate-Tutorial-Models/Tutorial-2/ch-15/15-1b.nec,ok,ok,0.005624111741781235,0.005613967776298523,,0
cebik-w4rnl/Basic-Intermediate-Tutorial-Models/Tutorial-2/ch-15/15-1c.nec,ok,ok,0.005487159825861454,0.005583847872912884,,0
cebik-w4rnl/Basic-Intermediate-Tutorial-Models/Tutorial-2/ch-15/15-1c1.nec,ok,ok,0.05527888238430023,0.050524113699793816,1.0941,1
cebik-w4rnl/Basic-Intermediate-Tutorial-Models/Tutorial-2/ch-15/15-1d.nec,ok,ok,0.005959799513220787,0.005905004218220711,,0
cebik-w4rnl/Basic-Intermediate-Tutorial-Models/Tutorial-2/ch-15/15-1d1.nec,ok,ok,0.05549182556569576,0.050108952447772026,1.1074,1
cebik-w4rnl/Basic-Intermediate-Tutorial-Models/Tutorial-2/ch-15/15-2.nec,ok,ok,0.006115707568824291,0.006136612966656685,,0
cebik-w4rnl/Basic-Intermediate-Tutorial-Models/Tutorial-2/ch-15/15-2a.nec,ok,ok,0.005826352164149284,0.005862588994204998,,0
cebik-w4rnl/Basic-Intermediate-Tutorial-Models/Tutorial-2/ch-15/15-2b.nec,ok,ok,0.005872221663594246,0.005850638262927532,,0
cebik-w4rnl/Basic-Intermediate-Tutorial-Models/Tutorial-2/ch-15/15-3.nec,ok,ok,0.08719118684530258,0.04218709282577038,,0
cebik-w4rnl/Basic-Intermediate-Tutorial-Models/Tutorial-2/ch-15/15-3a.nec,ok,ok,0.08768196403980255,0.04306711535900831,,0
cebik-w4rnl/Basic-Intermediate-Tutorial-Models/Tutorial-2/ch-15/15-4-1.nec,ok,ok,0.0053148651495575905,0.00532876793295145,,0
cebik-w4rnl/Basic-Intermediate-Tutorial-Models/Tutorial-2/ch-15/15-4.nec,ok,ok,0.0049916282296180725,0.005046460777521133,,0
cebik-w4rnl/Basic-Intermediate-Tutorial-Models/Tutorial-2/ch-15/15-4a.nec,ok,ok,0.004885992966592312,0.005005207844078541,,0
cebik-w4rnl/Basic-Intermediate-Tutorial-Models/Tutorial-2/ch-15/15-4a1.nec,ok,ok,0.004952277056872845,0.005180799402296543,,0
cebik-w4rnl/Basic-Intermediate-Tutorial-Models/Tutorial-2/ch-15/15-4b.nec,ok,ok,0.004973297007381916,0.005113197490572929,,0
cebik-w4rnl/Basic-Intermediate-Tutorial-Models/Tutorial-2/ch-15/15-4b1.nec,ok,ok,0.004919048398733139,0.005139799788594246,,0
cebik-w4rnl/Basic-Intermediate-Tutorial-Models/Tutorial-2/ch-15/15-4c.nec,ok,ok,0.004927443340420723,0.005145416595041752,,0
cebik-w4rnl/Basic-Intermediate-Tutorial-Models/Tutorial-2/ch-15/15-4c1.nec,ok,ok,0.00510091707110405,0.0051544103771448135,,0
cebik-w4rnl/Basic-Intermediate-Tutorial-Models/Tutorial-2/ch-15/15-5-1.nec,ok,ok,0.005026441998779774,0.005176830105483532,,0
cebik-w4rnl/Basic-Intermediate-Tutorial-Models/Tutorial-2/ch-15/15-5.nec,ok,ok,0.004949036054313183,0.005164281465113163,,0
cebik-w4rnl/Basic-Intermediate-Tutorial-Models/Tutorial-2/ch-15/15-5a-1.nec,ok,ok,0.004844727925956249,0.005165407434105873,,0
cebik-w4rnl/Basic-Intermediate-Tutorial-Models/Tutorial-2/ch-15/15-5a.nec,ok,ok,0.0050195856019854546,0.005129050463438034,,0
cebik-w4rnl/Basic-Intermediate-Tutorial-Models/Tutorial-2/ch-15/15-5b-1.nec,ok,ok,0.005021938122808933,0.005229121074080467,,0
cebik-w4rnl/Basic-Intermediate-Tutorial-Models/Tutorial-2/ch-15/15-5b.nec,ok,ok,0.0048499563708901405,0.005092959851026535,,0
cebik-w4rnl/Basic-Intermediate-Tutorial-Models/Tutorial-2/ch-15/15-6.nec,ok,ok,0.005575492046773434,0.005404222756624222,,0
cebik-w4rnl/Basic-Intermediate-Tutorial-Models/Tutorial-2/ch-15/15-6a.nec,ok,ok,0.011126498691737652,0.009165843017399311,,0
cebik-w4rnl/Basic-Intermediate-Tutorial-Models/Tutorial-2/ch-15/15-6b.nec,ok,ok,0.18261581379920244,0.12536591850221157,1.4567,1
cebik-w4rnl/Basic-Intermediate-Tutorial-Models/Tutorial-2/ch-15/15-7.nec,ok,ok,0.03397177904844284,0.02624540589749813,,0
cebik-w4rnl/Basic-Intermediate-Tutorial-Models/Tutorial-2/ch-15/15-7a.nec,ok,ok,0.5077263284474611,0.36999025382101536,1.3723,1
cebik-w4rnl/Basic-Intermediate-Tutorial-Models/Tutorial-2/ch-15/15-7b.nec,ok,ok,0.03431376721709967,0.026763555593788624,,0
cebik-w4rnl/Basic-Intermediate-Tutorial-Models/Tutorial-2/ch-15/15-7c.nec,ok,ok,0.32698381319642067,0.20786797907203436,1.5730,1
cebik-w4rnl/Basic-Intermediate-Tutorial-Models/Tutorial-2/ch-15/15-8.nec,ok,ok,0.32617331575602293,0.2162060895934701,1.5086,1
cebik-w4rnl/Basic-Intermediate-Tutorial-Models/Tutorial-2/ch-15/15-8a.nec,ok,ok,0.32546641025692225,0.22440419532358646,1.4504,1
cebik-w4rnl/Basic-Intermediate-Tutorial-Models/Tutorial-2/ch-15/15-8b.nec,ok,ok,0.3256168197840452,0.2160734748467803,1.5070,1
cebik-w4rnl/Basic-Intermediate-Tutorial-Models/Tutorial-2/ch-15/15-9.nec,ok,ok,0.011710032820701599,0.009986198507249355,,0
cebik-w4rnl/Basic-Intermediate-Tutorial-Models/Tutorial-2/ch-15/15-9a.nec,ok,ok,0.09666596725583076,0.06443198211491108,1.5003,1
cebik-w4rnl/Basic-Intermediate-Tutorial-Models/Tutorial-2/ch-16/16-1.nec,ok,ok,0.005103967152535915,0.005292659625411034,,0
cebik-w4rnl/Basic-Intermediate-Tutorial-Models/Tutorial-2/ch-16/16-10a.nec,ok,ok,0.0053574880585074425,0.0054742880165576935,,0
cebik-w4rnl/Basic-Intermediate-Tutorial-Models/Tutorial-2/ch-16/16-10b.nec,ok,ok,0.005337167531251907,0.00544389896094799,,0
cebik-w4rnl/Basic-Intermediate-Tutorial-Models/Tutorial-2/ch-16/16-10c.nec,ok,ok,0.005404864437878132,0.005510597489774227,,0
cebik-w4rnl/Basic-Intermediate-Tutorial-Models/Tutorial-2/ch-16/16-10d.nec,ok,ok,0.005270946770906448,0.0054594241082668304,,0
cebik-w4rnl/Basic-Intermediate-Tutorial-Models/Tutorial-2/ch-16/16-10e.nec,ok,ok,0.0053800372406840324,0.005402236245572567,,0
cebik-w4rnl/Basic-Intermediate-Tutorial-Models/Tutorial-2/ch-16/16-10f.nec,ok,ok,0.005407729186117649,0.005461589433252811,,0
cebik-w4rnl/Basic-Intermediate-Tutorial-Models/Tutorial-2/ch-16/16-10g.nec,ok,ok,0.005386036820709705,0.005495175719261169,,0
cebik-w4rnl/Basic-Intermediate-Tutorial-Models/Tutorial-2/ch-16/16-10h.nec,ok,ok,0.005289388820528984,0.005447350442409515,,0
cebik-w4rnl/Basic-Intermediate-Tutorial-Models/Tutorial-2/ch-16/16-11a.nec,ok,ok,0.005296224728226662,0.005527167581021786,,0
cebik-w4rnl/Basic-Intermediate-Tutorial-Models/Tutorial-2/ch-16/16-11b.nec,ok,ok,0.005332339555025101,0.0055341292172670364,,0
cebik-w4rnl/Basic-Intermediate-Tutorial-Models/Tutorial-2/ch-16/16-11c.nec,ok,ok,0.005467712879180908,0.005433592014014721,,0
cebik-w4rnl/Basic-Intermediate-Tutorial-Models/Tutorial-2/ch-16/16-11d.nec,ok,ok,0.00540317315608263,0.005498685874044895,,0
cebik-w4rnl/Basic-Intermediate-Tutorial-Models/Tutorial-2/ch-16/16-11e.nec,ok,ok,0.005377606488764286,0.00536282267421484,,0
cebik-w4rnl/Basic-Intermediate-Tutorial-Models/Tutorial-2/ch-16/16-11f.nec,ok,ok,0.005339920520782471,0.005479310639202595,,0
cebik-w4rnl/Basic-Intermediate-Tutorial-Models/Tutorial-2/ch-16/16-11g.nec,ok,ok,0.005375099368393421,0.005365211516618729,,0
cebik-w4rnl/Basic-Intermediate-Tutorial-Models/Tutorial-2/ch-16/16-11h.nec,ok,ok,0.005308761261403561,0.005444547161459923,,0
cebik-w4rnl/Basic-Intermediate-Tutorial-Models/Tutorial-2/ch-16/16-1a.nec,ok,ok,0.004981886595487595,0.005192874930799007,,0
cebik-w4rnl/Basic-Intermediate-Tutorial-Models/Tutorial-2/ch-16/16-1b.nec,ok,ok,0.004859350621700287,0.00513592641800642,,0
cebik-w4rnl/Basic-Intermediate-Tutorial-Models/Tutorial-2/ch-16/16-1c.nec,ok,ok,0.005047125741839409,0.005140852183103561,,0
cebik-w4rnl/Basic-Intermediate-Tutorial-Models/Tutorial-2/ch-16/16-1d.nec,ok,ok,0.005023878999054432,0.005217444151639938,,0
cebik-w4rnl/Basic-Intermediate-Tutorial-Models/Tutorial-2/ch-16/16-2.nec,ok,ok,0.005017726682126522,0.005176817066967487,,0
cebik-w4rnl/Basic-Intermediate-Tutorial-Models/Tutorial-2/ch-16/16-2a.nec,ok,ok,0.005002354271709919,0.005162935703992844,,0
cebik-w4rnl/Basic-Intermediate-Tutorial-Models/Tutorial-2/ch-16/16-2b.nec,ok,ok,0.004958316683769226,0.00508735328912735,,0
cebik-w4rnl/Basic-Intermediate-Tutorial-Models/Tutorial-2/ch-16/16-2c.nec,ok,ok,0.005061871372163296,0.005192996934056282,,0
cebik-w4rnl/Basic-Intermediate-Tutorial-Models/Tutorial-2/ch-16/16-2d.nec,ok,ok,0.005017227493226528,0.0050530806183815,,0
cebik-w4rnl/Basic-Intermediate-Tutorial-Models/Tutorial-2/ch-16/16-3.nec,ok,ok,0.005390707403421402,0.005359703674912453,,0
cebik-w4rnl/Basic-Intermediate-Tutorial-Models/Tutorial-2/ch-16/16-4.nec,ok,ok,0.005373367108404636,0.005413227714598179,,0
cebik-w4rnl/Basic-Intermediate-Tutorial-Models/Tutorial-2/ch-16/16-4a.nec,ok,ok,0.005224243737757206,0.005458212457597256,,0
cebik-w4rnl/Basic-Intermediate-Tutorial-Models/Tutorial-2/ch-16/16-5.nec,ok,ok,0.005363346077501774,0.005390778183937073,,0
cebik-w4rnl/Basic-Intermediate-Tutorial-Models/Tutorial-2/ch-16/16-5a.nec,ok,ok,0.005396160297095776,0.0054687876254320145,,0
cebik-w4rnl/Basic-Intermediate-Tutorial-Models/Tutorial-2/ch-16/16-6.nec,ok,ok,0.005460100248456001,0.005380346439778805,,0
cebik-w4rnl/Basic-Intermediate-Tutorial-Models/Tutorial-2/ch-16/16-6a.nec,ok,ok,0.005343434400856495,0.005274152383208275,,0
cebik-w4rnl/Basic-Intermediate-Tutorial-Models/Tutorial-2/ch-16/16-7.nec,ok,ok,0.01940699853003025,0.011705417186021805,,0
cebik-w4rnl/Basic-Intermediate-Tutorial-Models/Tutorial-2/ch-16/16-7a.nec,ok,ok,0.019527921453118324,0.011972695589065552,,0
cebik-w4rnl/Basic-Intermediate-Tutorial-Models/Tutorial-2/ch-16/16-7b.nec,ok,ok,0.01835705805569887,0.011454231105744839,,0
cebik-w4rnl/Basic-Intermediate-Tutorial-Models/Tutorial-2/ch-16/16-8.nec,ok,ok,0.005630257539451122,0.005604198202490807,,0
cebik-w4rnl/Basic-Intermediate-Tutorial-Models/Tutorial-2/ch-16/16-8a.nec,ok,ok,0.005446469411253929,0.005398590117692947,,0
cebik-w4rnl/Basic-Intermediate-Tutorial-Models/Tutorial-2/ch-16/16-8b.nec,ok,ok,0.005291015841066837,0.005488017573952675,,0
cebik-w4rnl/Basic-Intermediate-Tutorial-Models/Tutorial-2/ch-16/16-8c.nec,ok,ok,0.005492405965924263,0.005454179830849171,,0
cebik-w4rnl/Basic-Intermediate-Tutorial-Models/Tutorial-2/ch-16/16-8d.nec,ok,ok,0.005360797978937626,0.005529353395104408,,0
cebik-w4rnl/Basic-Intermediate-Tutorial-Models/Tutorial-2/ch-16/16-9.nec,ok,ok,0.005468979477882385,0.00537116639316082,,0
cebik-w4rnl/Basic-Intermediate-Tutorial-Models/Tutorial-2/ch-16/16-9a.nec,ok,ok,0.005383706651628017,0.005503591150045395,,0
cebik-w4rnl/Basic-Intermediate-Tutorial-Models/Tutorial-2/ch-16/16-9b.nec,ok,ok,0.005406736396253109,0.005471491254866123,,0
cebik-w4rnl/Basic-Intermediate-Tutorial-Models/Tutorial-2/ch-16/16-9c.nec,ok,ok,0.005460469052195549,0.005438355728983879,,0
cebik-w4rnl/Basic-Intermediate-Tutorial-Models/Tutorial-2/ch-16/16-9d.nec,ok,ok,0.005358781665563583,0.00546102412045002,,0
cebik-w4rnl/Basic-Intermediate-Tutorial-Models/Tutorial-2/ch-16/16-9e.nec,ok,ok,0.005273014307022095,0.005535375326871872,,0
cebik-w4rnl/Basic-Intermediate-Tutorial-Models/Tutorial-2/ch-16/16-9f.nec,ok,ok,0.005370543338358402,0.00549683254212141,,0
cebik-w4rnl/Basic-Intermediate-Tutorial-Models/Tutorial-2/ch-16/16-9g.nec,ok,ok,0.005398870445787907,0.005532301962375641,,0
cebik-w4rnl/Basic-Intermediate-Tutorial-Models/Tutorial-2/ch-16/16-9h.nec,ok,ok,0.005364961922168732,0.005548538640141487,,0
cebik-w4rnl/Basic-Intermediate-Tutorial-Models/Tutorial-2/ch-17/17-1.nec,ok,ok,0.006298724561929703,0.006280348636209965,,0
cebik-w4rnl/Basic-Intermediate-Tutorial-Models/Tutorial-2/ch-17/17-10-nec2.nec,ok,ok,0.044759269803762436,0.029985476285219193,,0
cebik-w4rnl/Basic-Intermediate-Tutorial-Models/Tutorial-2/ch-17/17-10-nec4.nec,ok,ok,0.032099044881761074,0.019426776096224785,,0
cebik-w4rnl/Basic-Intermediate-Tutorial-Models/Tutorial-2/ch-17/17-11-nec2.nec,ok,ok,0.04497693758457899,0.030056558549404144,,0
cebik-w4rnl/Basic-Intermediate-Tutorial-Models/Tutorial-2/ch-17/17-11-nec4.nec,ok,ok,0.03165831323713064,0.019443501718342304,,0
cebik-w4rnl/Basic-Intermediate-Tutorial-Models/Tutorial-2/ch-17/17-1a.nec,ok,ok,0.10283287335187197,0.06811694242060184,1.5097,1
cebik-w4rnl/Basic-Intermediate-Tutorial-Models/Tutorial-2/ch-17/17-2.nec,ok,ok,0.27977920789271593,0.2286387886852026,1.2237,1
cebik-w4rnl/Basic-Intermediate-Tutorial-Models/Tutorial-2/ch-17/17-2a.nec,ok,ok,0.1675475100055337,0.1153639629483223,1.4523,1
cebik-w4rnl/Basic-Intermediate-Tutorial-Models/Tutorial-2/ch-17/17-3.nec,ok,ok,0.10131356306374073,0.06565892044454813,1.5430,1
cebik-w4rnl/Basic-Intermediate-Tutorial-Models/Tutorial-2/ch-17/17-3a.nec,ok,ok,0.10206198878586292,0.06542297545820475,1.5600,1
cebik-w4rnl/Basic-Intermediate-Tutorial-Models/Tutorial-2/ch-17/17-4.nec,ok,ok,0.004925822839140892,0.004835665225982666,,0
cebik-w4rnl/Basic-Intermediate-Tutorial-Models/Tutorial-2/ch-17/17-5.nec,ok,ok,0.004970910027623177,0.004882493056356907,,0
cebik-w4rnl/Basic-Intermediate-Tutorial-Models/Tutorial-2/ch-18/18-1.nec,ok,ok,0.10078808292746544,0.06471749395132065,1.5574,1
cebik-w4rnl/Basic-Intermediate-Tutorial-Models/Tutorial-2/ch-18/18-10.nec,ok,ok,0.7131743002682924,0.3226675381883979,2.2102,1
cebik-w4rnl/Basic-Intermediate-Tutorial-Models/Tutorial-2/ch-18/18-11.nec,no-impedance,no-impedance,0.0032629230991005898,0.0033964402973651886,,0
cebik-w4rnl/Basic-Intermediate-Tutorial-Models/Tutorial-2/ch-18/18-11a.nec,ok,ok,0.8746827356517315,0.5533359283581376,1.5807,1
cebik-w4rnl/Basic-Intermediate-Tutorial-Models/Tutorial-2/ch-18/18-11b.nec,ok,ok,0.8746671574190259,0.553130442276597,1.5813,1
cebik-w4rnl/Basic-Intermediate-Tutorial-Models/Tutorial-2/ch-18/18-11c.nec,ok,ok,1.746777038089931,1.105107732117176,1.5806,1
cebik-w4rnl/Basic-Intermediate-Tutorial-Models/Tutorial-2/ch-18/18-12-nec2.nec,ok,ok,0.0037215203046798706,0.004019887186586857,,0
cebik-w4rnl/Basic-Intermediate-Tutorial-Models/Tutorial-2/ch-18/18-12-nec4.nec,ok,ok,0.004241742193698883,0.003693557344377041,,0
cebik-w4rnl/Basic-Intermediate-Tutorial-Models/Tutorial-2/ch-18/18-13-nec4.nec,ok,ok,0.004387686029076576,0.0036811772733926773,,0
cebik-w4rnl/Basic-Intermediate-Tutorial-Models/Tutorial-2/ch-18/18-14-nec4.nec,ok,ok,0.004939166828989983,0.003845534287393093,,0
cebik-w4rnl/Basic-Intermediate-Tutorial-Models/Tutorial-2/ch-18/18-2.nec,ok,ok,0.11531214322894812,0.07935051806271076,1.4532,1
cebik-w4rnl/Basic-Intermediate-Tutorial-Models/Tutorial-2/ch-18/18-3.nec,ok,ok,0.10147582925856113,0.06528763752430677,1.5543,1
cebik-w4rnl/Basic-Intermediate-Tutorial-Models/Tutorial-2/ch-18/18-4.nec,ok,ok,0.10065167397260666,0.06514998525381088,1.5449,1
cebik-w4rnl/Basic-Intermediate-Tutorial-Models/Tutorial-2/ch-18/18-5-nec4.nec,ok,ok,0.10057593882083893,0.06518545839935541,1.5429,1
cebik-w4rnl/Basic-Intermediate-Tutorial-Models/Tutorial-2/ch-18/18-6.nec,ok,ok,0.1004085075110197,0.0651360210031271,1.5415,1
cebik-w4rnl/Basic-Intermediate-Tutorial-Models/Tutorial-2/ch-18/18-7.nec,ok,ok,0.2842601891607046,0.1375244166702032,2.0670,1
cebik-w4rnl/Basic-Intermediate-Tutorial-Models/Tutorial-2/ch-18/18-8.nec,ok,ok,0.26039013359695673,0.12736873421818018,2.0444,1
cebik-w4rnl/Basic-Intermediate-Tutorial-Models/Tutorial-2/ch-18/18-9.nec,ok,ok,1.0659286323934793,0.4595379028469324,2.3196,1
cebik-w4rnl/Basic-Intermediate-Tutorial-Models/Tutorial-2/ch-19/19-1.nec,ok,ok,0.005275830626487732,0.005334361456334591,,0
cebik-w4rnl/Basic-Intermediate-Tutorial-Models/Tutorial-2/ch-19/19-10.nec,ok,ok,0.014999096281826496,0.013231413438916206,,0
cebik-w4rnl/Basic-Intermediate-Tutorial-Models/Tutorial-2/ch-19/19-10a.nec,ok,ok,0.7975714048370719,0.6538028391078115,1.2199,1
cebik-w4rnl/Basic-Intermediate-Tutorial-Models/Tutorial-2/ch-19/19-10b.nec,ok,ok,0.5539217432960868,0.40433687809854746,1.3700,1
cebik-w4rnl/Basic-Intermediate-Tutorial-Models/Tutorial-2/ch-19/19-11.nec,ok,ok,0.01013882551342249,0.007786941714584827,,0
cebik-w4rnl/Basic-Intermediate-Tutorial-Models/Tutorial-2/ch-19/19-11a.nec,ok,ok,0.010046898387372494,0.007738698273897171,,0
cebik-w4rnl/Basic-Intermediate-Tutorial-Models/Tutorial-2/ch-19/19-11b.nec,ok,ok,0.010046378709375858,0.007718258537352085,,0
cebik-w4rnl/Basic-Intermediate-Tutorial-Models/Tutorial-2/ch-19/19-11c.nec,ok,ok,0.14446881227195263,0.06031583063304424,2.3952,1
cebik-w4rnl/Basic-Intermediate-Tutorial-Models/Tutorial-2/ch-19/19-12.nec,ok-no-source,ok-no-source,0.010421905666589737,0.00842040404677391,,0
cebik-w4rnl/Basic-Intermediate-Tutorial-Models/Tutorial-2/ch-19/19-12a.nec,ok-no-source,ok-no-source,0.01048298366367817,0.008306720294058323,,0
cebik-w4rnl/Basic-Intermediate-Tutorial-Models/Tutorial-2/ch-19/19-12b.nec,ok-no-source,ok-no-source,0.015724495984613895,0.0109285619109869,,0
cebik-w4rnl/Basic-Intermediate-Tutorial-Models/Tutorial-2/ch-19/19-13.nec,ok-no-source,ok-no-source,0.01056170929223299,0.008526167832314968,,0
cebik-w4rnl/Basic-Intermediate-Tutorial-Models/Tutorial-2/ch-19/19-13a.nec,ok-no-source,ok-no-source,0.01058318093419075,0.008284205570816994,,0
cebik-w4rnl/Basic-Intermediate-Tutorial-Models/Tutorial-2/ch-19/19-14.nec,ok-no-source,ok-no-source,0.010601995512843132,0.008338778279721737,,0
cebik-w4rnl/Basic-Intermediate-Tutorial-Models/Tutorial-2/ch-19/19-15-nec4.nec,ok-no-source,ok-no-source,0.010482748039066792,0.00839665625244379,,0
cebik-w4rnl/Basic-Intermediate-Tutorial-Models/Tutorial-2/ch-19/19-15a-nec4.nec,ok-no-source,ok-no-source,0.010404626838862896,0.00832416396588087,,0
cebik-w4rnl/Basic-Intermediate-Tutorial-Models/Tutorial-2/ch-19/19-16.nec,ok-no-source,ok-no-source,1.0644683986902237,0.2530992869287729,,0
cebik-w4rnl/Basic-Intermediate-Tutorial-Models/Tutorial-2/ch-19/19-16a.nec,ok-no-source,ok-no-source,1.0662170825526118,0.2671025013551116,,0
cebik-w4rnl/Basic-Intermediate-Tutorial-Models/Tutorial-2/ch-19/19-16b.nec,ok-no-source,ok-no-source,1.0685563366860151,0.26805470790714025,,0
cebik-w4rnl/Basic-Intermediate-Tutorial-Models/Tutorial-2/ch-19/19-1a.nec,ok-no-source,ok-no-source,0.0033500585705041885,0.0034608300775289536,,0
cebik-w4rnl/Basic-Intermediate-Tutorial-Models/Tutorial-2/ch-19/19-2.nec,ok,ok,0.1013618903234601,0.06566494051367044,1.5436,1
cebik-w4rnl/Basic-Intermediate-Tutorial-Models/Tutorial-2/ch-19/19-2a.nec,ok-no-source,ok-no-source,0.10123541206121445,0.06405191589146852,,0
cebik-w4rnl/Basic-Intermediate-Tutorial-Models/Tutorial-2/ch-19/19-3.nec,ok,ok,0.005870511755347252,0.0058086467906832695,,0
cebik-w4rnl/Basic-Intermediate-Tutorial-Models/Tutorial-2/ch-19/19-3a.nec,ok-no-source,ok-no-source,0.0035164523869752884,0.003709237091243267,,0
cebik-w4rnl/Basic-Intermediate-Tutorial-Models/Tutorial-2/ch-19/19-4.nec,ok,ok,0.005332611501216888,0.005281885154545307,,0
cebik-w4rnl/Basic-Intermediate-Tutorial-Models/Tutorial-2/ch-19/19-4a.nec,ok-no-source,ok-no-source,0.0035013649612665176,0.003671005368232727,,0
cebik-w4rnl/Basic-Intermediate-Tutorial-Models/Tutorial-2/ch-19/19-5a.nec,ok-no-source,ok-no-source,0.0031243348494172096,0.003392626531422138,,0
cebik-w4rnl/Basic-Intermediate-Tutorial-Models/Tutorial-2/ch-19/19-5b.nec,ok-no-source,ok-no-source,0.003077372908592224,0.003198787569999695,,0
cebik-w4rnl/Basic-Intermediate-Tutorial-Models/Tutorial-2/ch-19/19-5c.nec,ok-no-source,ok-no-source,0.003123129718005657,0.00338541716337204,,0
cebik-w4rnl/Basic-Intermediate-Tutorial-Models/Tutorial-2/ch-19/19-5d.nec,ok-no-source,ok-no-source,0.0030077416449785233,0.003257976844906807,,0
cebik-w4rnl/Basic-Intermediate-Tutorial-Models/Tutorial-2/ch-19/19-5e.nec,ok-no-source,ok-no-source,0.003077760338783264,0.0033988850191235542,,0
cebik-w4rnl/Basic-Intermediate-Tutorial-Models/Tutorial-2/ch-19/19-6a.nec,ok-no-source,ok-no-source,0.09981376864016056,0.06444563064724207,,0
cebik-w4rnl/Basic-Intermediate-Tutorial-Models/Tutorial-2/ch-19/19-6b.nec,ok-no-source,ok-no-source,0.09997936151921749,0.06485412735491991,,0
cebik-w4rnl/Basic-Intermediate-Tutorial-Models/Tutorial-2/ch-19/19-6c.nec,ok-no-source,ok-no-source,0.09998498857021332,0.0645174290984869,,0
cebik-w4rnl/Basic-Intermediate-Tutorial-Models/Tutorial-2/ch-19/19-6d.nec,ok-no-source,ok-no-source,0.10014705639332533,0.06428621616214514,,0
cebik-w4rnl/Basic-Intermediate-Tutorial-Models/Tutorial-2/ch-19/19-6e.nec,ok-no-source,ok-no-source,0.10004297085106373,0.06484398245811462,,0
cebik-w4rnl/Basic-Intermediate-Tutorial-Models/Tutorial-2/ch-19/19-7-nec2.nec,ok,ok,0.03856045659631491,0.02678712923079729,,0
cebik-w4rnl/Basic-Intermediate-Tutorial-Models/Tutorial-2/ch-19/19-7a-nec2.nec,ok-no-source,ok-no-source,0.011977056972682476,0.0093137938529253,,0
cebik-w4rnl/Basic-Intermediate-Tutorial-Models/Tutorial-2/ch-19/19-7b-nec2.nec,ok-no-source,ok-no-source,0.012014873325824738,0.009514705277979374,,0
cebik-w4rnl/Basic-Intermediate-Tutorial-Models/Tutorial-2/ch-19/19-8-nec2.nec,ok,ok,0.0377133609727025,0.027051016688346863,,0
cebik-w4rnl/Basic-Intermediate-Tutorial-Models/Tutorial-2/ch-19/19-8a-nec2.nec,ok-no-source,ok-no-source,0.02549761813133955,0.010574623011052608,,0
cebik-w4rnl/Basic-Intermediate-Tutorial-Models/Tutorial-2/ch-19/19-8b-nec2.nec,ok-no-source,ok-no-source,0.013159012421965599,0.010494955815374851,,0
cebik-w4rnl/Basic-Intermediate-Tutorial-Models/Tutorial-2/ch-19/19-9b-nec.nec,ok-no-source,ok-no-source,0.012018860317766666,0.009262719191610813,,0
cebik-w4rnl/Basic-Intermediate-Tutorial-Models/Tutorial-2/ch-19/19-9c-nec2.nec,ok-no-source,ok-no-source,0.012061038054525852,0.009337801486253738,,0
cebik-w4rnl/Basic-Intermediate-Tutorial-Models/Tutorial-2/ch-19/19-9d-nec2.nec,ok-no-source,ok-no-source,0.01197214424610138,0.00963687151670456,,0
cebik-w4rnl/Basic-Intermediate-Tutorial-Models/Tutorial-2/ch-19/19-9e-nec2.nec,ok-no-source,ok-no-source,0.011881531216204166,0.009380745701491833,,0
cebik-w4rnl/Basic-Intermediate-Tutorial-Models/Tutorial-2/ch-2/2-0.nec,ok,ok,0.005771772004663944,0.005740194581449032,,0
cebik-w4rnl/Basic-Intermediate-Tutorial-Models/Tutorial-2/ch-2/2-1.nec,ok,ok,0.006824451498687267,0.006301600486040115,,0
cebik-w4rnl/Basic-Intermediate-Tutorial-Models/Tutorial-2/ch-2/2-1a.nec,ok,ok,0.00681455060839653,0.006752100773155689,,0
cebik-w4rnl/Basic-Intermediate-Tutorial-Models/Tutorial-2/ch-2/2-1b.nec,ok,ok,0.006870848126709461,0.006407829001545906,,0
cebik-w4rnl/Basic-Intermediate-Tutorial-Models/Tutorial-2/ch-2/2-1c.nec,ok,ok,0.006780239753425121,0.006337485276162624,,0
cebik-w4rnl/Basic-Intermediate-Tutorial-Models/Tutorial-2/ch-2/2-2.nec,ok,ok,0.004944998770952225,0.005189771763980389,,0
cebik-w4rnl/Basic-Intermediate-Tutorial-Models/Tutorial-2/ch-2/2-2a.nec,ok,ok,0.005025425925850868,0.00519175361841917,,0
cebik-w4rnl/Basic-Intermediate-Tutorial-Models/Tutorial-2/ch-2/2-2b.nec,ok,ok,0.004999835044145584,0.005173372104763985,,0
cebik-w4rnl/Basic-Intermediate-Tutorial-Models/Tutorial-2/ch-2/2-2c.nec,ok,ok,0.004882031120359898,0.005093115381896496,,0
cebik-w4rnl/Basic-Intermediate-Tutorial-Models/Tutorial-2/ch-2/2-2d.nec,error,error,0.0029343366622924805,0.003103092312812805,,0
cebik-w4rnl/Basic-Intermediate-Tutorial-Models/Tutorial-2/ch-2/2-3.nec,ok,ok,0.005321025848388672,0.009423422627151012,,0
cebik-w4rnl/Basic-Intermediate-Tutorial-Models/Tutorial-2/ch-2/2-3a.nec,ok,ok,0.005387205630540848,0.005517721176147461,,0
cebik-w4rnl/Basic-Intermediate-Tutorial-Models/Tutorial-2/ch-2/2-4.nec,ok,ok,0.006556594744324684,0.006266986019909382,,0
cebik-w4rnl/Basic-Intermediate-Tutorial-Models/Tutorial-2/ch-2/2-4a-nec2.nec,ok,ok,0.006495616398751736,0.00640790443867445,,0
cebik-w4rnl/Basic-Intermediate-Tutorial-Models/Tutorial-2/ch-2/2-4a-nec4.nec,ok,ok,0.006450972519814968,0.006361933425068855,,0
cebik-w4rnl/Basic-Intermediate-Tutorial-Models/Tutorial-2/ch-2/2-5.nec,ok,ok,0.059826008044183254,0.039669799618422985,,0
cebik-w4rnl/Basic-Intermediate-Tutorial-Models/Tutorial-2/ch-2/2-5a-nec2.nec,ok,ok,0.057196821086108685,0.03713281638920307,,0
cebik-w4rnl/Basic-Intermediate-Tutorial-Models/Tutorial-2/ch-2/2-5a-nec4.nec,ok,ok,0.05732950661331415,0.037194582633674145,,0
cebik-w4rnl/Basic-Intermediate-Tutorial-Models/Tutorial-2/ch-2/2-5b-nec2.nec,ok,ok,0.05740628018975258,0.03763357736170292,,0
cebik-w4rnl/Basic-Intermediate-Tutorial-Models/Tutorial-2/ch-2/2-5b-nec4.nec,ok,ok,0.05750932823866606,0.05615323595702648,1.0241,1
cebik-w4rnl/Basic-Intermediate-Tutorial-Models/Tutorial-2/ch-2/2-6-nec2.nec,ok,ok,0.04536803811788559,0.016909784637391567,,0
cebik-w4rnl/Basic-Intermediate-Tutorial-Models/Tutorial-2/ch-2/2-6-nec4.nec,ok,ok,0.024314580485224724,0.016638949513435364,,0
cebik-w4rnl/Basic-Intermediate-Tutorial-Models/Tutorial-2/ch-2/2-6a-nec2.nec,ok,ok,0.024179031141102314,0.016648941673338413,,0
cebik-w4rnl/Basic-Intermediate-Tutorial-Models/Tutorial-2/ch-2/2-6a-nec4.nec,ok,ok,0.024336359463632107,0.016664383932948112,,0
cebik-w4rnl/Basic-Intermediate-Tutorial-Models/Tutorial-2/ch-2/2-7.nec,ok,ok,0.004989607259631157,0.005017160438001156,,0
cebik-w4rnl/Basic-Intermediate-Tutorial-Models/Tutorial-2/ch-2/2-7a.nec,ok,ok,0.004905586130917072,0.00486421026289463,,0
cebik-w4rnl/Basic-Intermediate-Tutorial-Models/Tutorial-2/ch-2/2-7b.nec,ok,ok,0.005590961314737797,0.005577637813985348,,0
cebik-w4rnl/Basic-Intermediate-Tutorial-Models/Tutorial-2/ch-20/20-1-nec2.nec,ok,ok,0.004947620443999767,0.005035415291786194,,0
cebik-w4rnl/Basic-Intermediate-Tutorial-Models/Tutorial-2/ch-20/20-10.nec,ok,ok,0.004997190088033676,0.005268252454698086,,0
cebik-w4rnl/Basic-Intermediate-Tutorial-Models/Tutorial-2/ch-20/20-10a.nec,ok,ok,0.005177892744541168,0.005281058140099049,,0
cebik-w4rnl/Basic-Intermediate-Tutorial-Models/Tutorial-2/ch-20/20-11.nec,ok,ok,0.005034085363149643,0.005162376910448074,,0
cebik-w4rnl/Basic-Intermediate-Tutorial-Models/Tutorial-2/ch-20/20-11a.nec,ok,ok,0.005106629803776741,0.005317907780408859,,0
cebik-w4rnl/Basic-Intermediate-Tutorial-Models/Tutorial-2/ch-20/20-12.nec,ok,ok,0.004993828013539314,0.005224100314080715,,0
cebik-w4rnl/Basic-Intermediate-Tutorial-Models/Tutorial-2/ch-20/20-13.nec,ok,ok,0.0033979658037424088,0.0036590788513422012,,0
cebik-w4rnl/Basic-Intermediate-Tutorial-Models/Tutorial-2/ch-20/20-14.nec,ok,ok,0.29999512806534767,0.18878130428493023,1.5891,1
cebik-w4rnl/Basic-Intermediate-Tutorial-Models/Tutorial-2/ch-20/20-15.nec,ok,ok,0.0892895134165883,0.0586269861087203,1.5230,1
cebik-w4rnl/Basic-Intermediate-Tutorial-Models/Tutorial-2/ch-20/20-15a.nec,ok,ok,0.09068850800395012,0.05991437938064337,1.5136,1
cebik-w4rnl/Basic-Intermediate-Tutorial-Models/Tutorial-2/ch-20/20-15b.nec,ok,ok,0.28535561077296734,0.17938132118433714,1.5908,1
cebik-w4rnl/Basic-Intermediate-Tutorial-Models/Tutorial-2/ch-20/20-2a-nec2.nec,ok,ok,0.005042453296482563,0.005087239667773247,,0
cebik-w4rnl/Basic-Intermediate-Tutorial-Models/Tutorial-2/ch-20/20-2b-nec2.nec,ok,ok,0.004908183589577675,0.0050820400938391685,,0
cebik-w4rnl/Basic-Intermediate-Tutorial-Models/Tutorial-2/ch-20/20-2c-nec2.nec,ok,ok,0.00493527390062809,0.004983630962669849,,0
cebik-w4rnl/Basic-Intermediate-Tutorial-Models/Tutorial-2/ch-20/20-2d-nec2.nec,ok,ok,0.004857915453612804,0.005060126073658466,,0
cebik-w4rnl/Basic-Intermediate-Tutorial-Models/Tutorial-2/ch-20/20-2e-nec2.nec,ok,ok,0.004968923516571522,0.005052004009485245,,0
cebik-w4rnl/Basic-Intermediate-Tutorial-Models/Tutorial-2/ch-20/20-2f-nec2.nec,ok,ok,0.004947853274643421,0.00508517399430275,,0
cebik-w4rnl/Basic-Intermediate-Tutorial-Models/Tutorial-2/ch-20/20-2g-nec.nec,ok,ok,0.004796790890395641,0.004958460107445717,,0
cebik-w4rnl/Basic-Intermediate-Tutorial-Models/Tutorial-2/ch-20/20-3a.nec,ok,ok,0.0047818636521697044,0.004981181584298611,,0
cebik-w4rnl/Basic-Intermediate-Tutorial-Models/Tutorial-2/ch-20/20-3b.nec,ok,ok,0.004927881062030792,0.005089106038212776,,0
cebik-w4rnl/Basic-Intermediate-Tutorial-Models/Tutorial-2/ch-20/20-3c.nec,ok,ok,0.004906283691525459,0.005100933834910393,,0
cebik-w4rnl/Basic-Intermediate-Tutorial-Models/Tutorial-2/ch-20/20-3d.nec,ok,ok,0.004945269785821438,0.005109237506985664,,0
cebik-w4rnl/Basic-Intermediate-Tutorial-Models/Tutorial-2/ch-20/20-3e.nec,ok,ok,0.00476717296987772,0.005179823376238346,,0
cebik-w4rnl/Basic-Intermediate-Tutorial-Models/Tutorial-2/ch-20/20-3f.nec,ok,ok,0.004922821186482906,0.005096764303743839,,0
cebik-w4rnl/Basic-Intermediate-Tutorial-Models/Tutorial-2/ch-20/20-3g.nec,ok,ok,0.004955270327627659,0.005095871165394783,,0
cebik-w4rnl/Basic-Intermediate-Tutorial-Models/Tutorial-2/ch-20/20-4a-nec2.nec,ok,ok,0.005152234807610512,0.005104265175759792,,0
cebik-w4rnl/Basic-Intermediate-Tutorial-Models/Tutorial-2/ch-20/20-4b-nec2.nec,ok,ok,0.00517064705491066,0.004980140365660191,,0
cebik-w4rnl/Basic-Intermediate-Tutorial-Models/Tutorial-2/ch-20/20-4c-nec2.nec,ok,ok,0.005160017870366573,0.005097777582705021,,0
cebik-w4rnl/Basic-Intermediate-Tutorial-Models/Tutorial-2/ch-20/20-4d-nec2.nec,ok,ok,0.005119125358760357,0.005127516575157642,,0
cebik-w4rnl/Basic-Intermediate-Tutorial-Models/Tutorial-2/ch-20/20-4e-nec2.nec,ok,ok,0.005158216692507267,0.0051419856026768684,,0
cebik-w4rnl/Basic-Intermediate-Tutorial-Models/Tutorial-2/ch-20/20-4f-nec2.nec,ok,ok,0.005105307325720787,0.00508518610149622,,0
cebik-w4rnl/Basic-Intermediate-Tutorial-Models/Tutorial-2/ch-20/20-4g-nec2.nec,ok,ok,0.005121181719005108,0.005010049790143967,,0
cebik-w4rnl/Basic-Intermediate-Tutorial-Models/Tutorial-2/ch-20/20-5a.nec,ok,ok,0.005149572156369686,0.005016544833779335,,0
cebik-w4rnl/Basic-Intermediate-Tutorial-Models/Tutorial-2/ch-20/20-5b.nec,ok,ok,0.005129682831466198,0.0051405541598796844,,0
cebik-w4rnl/Basic-Intermediate-Tutorial-Models/Tutorial-2/ch-20/20-5c.nec,ok,ok,0.005115950480103493,0.005092304199934006,,0
cebik-w4rnl/Basic-Intermediate-Tutorial-Models/Tutorial-2/ch-20/20-5d.nec,ok,ok,0.0051725441589951515,0.005112314596772194,,0
cebik-w4rnl/Basic-Intermediate-Tutorial-Models/Tutorial-2/ch-20/20-5e.nec,ok,ok,0.005207839421927929,0.005035086534917355,,0
cebik-w4rnl/Basic-Intermediate-Tutorial-Models/Tutorial-2/ch-20/20-5f.nec,ok,ok,0.005233775824308395,0.005195687524974346,,0
cebik-w4rnl/Basic-Intermediate-Tutorial-Models/Tutorial-2/ch-20/20-5g.nec,ok,ok,0.005077770911157131,0.0050627682358026505,,0
cebik-w4rnl/Basic-Intermediate-Tutorial-Models/Tutorial-2/ch-20/20-6.nec,ok,ok,0.0054293544963002205,0.005486835725605488,,0
cebik-w4rnl/Basic-Intermediate-Tutorial-Models/Tutorial-2/ch-20/20-6a.nec,ok,ok,0.005321985110640526,0.0055272988975048065,,0
cebik-w4rnl/Basic-Intermediate-Tutorial-Models/Tutorial-2/ch-20/20-6b.nec,ok,ok,0.0054398393258452415,0.005518416874110699,,0
cebik-w4rnl/Basic-Intermediate-Tutorial-Models/Tutorial-2/ch-20/20-7.nec,ok,ok,0.003266032785177231,0.0034336596727371216,,0
cebik-w4rnl/Basic-Intermediate-Tutorial-Models/Tutorial-2/ch-20/20-8-nec2.nec,ok,ok,0.0034638121724128723,0.0035114968195557594,,0
cebik-w4rnl/Basic-Intermediate-Tutorial-Models/Tutorial-2/ch-20/20-8-nec4.nec,ok-no-source,ok-no-source,0.0032149627804756165,0.003319025970995426,,0
cebik-w4rnl/Basic-Intermediate-Tutorial-Models/Tutorial-2/ch-20/20-9-nec2.nec,ok,ok,0.03255992755293846,0.01285703107714653,,0
cebik-w4rnl/Basic-Intermediate-Tutorial-Models/Tutorial-2/ch-20/20-9-nec4.nec,ok-no-source,ok-no-source,0.029432940296828747,0.010765527375042439,,0
cebik-w4rnl/Basic-Intermediate-Tutorial-Models/Tutorial-2/ch-21/21-1.nec,ok,ok,0.007522097788751125,0.007310802116990089,,0
cebik-w4rnl/Basic-Intermediate-Tutorial-Models/Tutorial-2/ch-21/21-10.nec,ok,ok,0.022331837564706802,0.01826344057917595,,0
cebik-w4rnl/Basic-Intermediate-Tutorial-Models/Tutorial-2/ch-21/21-11.nec,ok,ok,0.12922176253050566,0.08332168031483889,1.5509,1
cebik-w4rnl/Basic-Intermediate-Tutorial-Models/Tutorial-2/ch-21/21-12a.nec,ok,ok,0.007850483059883118,0.007447069510817528,,0
cebik-w4rnl/Basic-Intermediate-Tutorial-Models/Tutorial-2/ch-21/21-12b.nec,ok,ok,0.008068599738180637,0.007200342603027821,,0
cebik-w4rnl/Basic-Intermediate-Tutorial-Models/Tutorial-2/ch-21/21-12c.nec,ok,ok,0.007621116936206818,0.007249682210385799,,0
cebik-w4rnl/Basic-Intermediate-Tutorial-Models/Tutorial-2/ch-21/21-13.nec,ok,ok,0.019428059458732605,0.015065249055624008,,0
cebik-w4rnl/Basic-Intermediate-Tutorial-Models/Tutorial-2/ch-21/21-14.nec,ok,ok,0.01571701094508171,0.01349940150976181,,0
cebik-w4rnl/Basic-Intermediate-Tutorial-Models/Tutorial-2/ch-21/21-15.nec,ok,ok,0.01556349080055952,0.013935859315097332,,0
cebik-w4rnl/Basic-Intermediate-Tutorial-Models/Tutorial-2/ch-21/21-2.nec,ok,ok,0.007943334989249706,0.007446343079209328,,0
cebik-w4rnl/Basic-Intermediate-Tutorial-Models/Tutorial-2/ch-21/21-3.nec,ok,ok,0.00772359874099493,0.013988517224788666,,0
cebik-w4rnl/Basic-Intermediate-Tutorial-Models/Tutorial-2/ch-21/21-4.nec,ok,ok,0.007608930580317974,0.007305107079446316,,0
cebik-w4rnl/Basic-Intermediate-Tutorial-Models/Tutorial-2/ch-21/21-5.nec,ok,ok,0.017831208184361458,0.015988090075552464,,0
cebik-w4rnl/Basic-Intermediate-Tutorial-Models/Tutorial-2/ch-21/21-6.nec,ok,ok,0.07314751110970974,0.034243904054164886,,0
cebik-w4rnl/Basic-Intermediate-Tutorial-Models/Tutorial-2/ch-21/21-7.nec,ok,ok,0.018048430792987347,0.01615285873413086,,0
cebik-w4rnl/Basic-Intermediate-Tutorial-Models/Tutorial-2/ch-21/21-8.nec,ok,ok,0.0071976445615291595,0.00766912754625082,,0
cebik-w4rnl/Basic-Intermediate-Tutorial-Models/Tutorial-2/ch-21/21-9.nec,ok,ok,0.02218144480139017,0.02003779262304306,,0
cebik-w4rnl/Basic-Intermediate-Tutorial-Models/Tutorial-2/ch-3/3-0.nec,ok,ok,0.005433437414467335,0.0055905962362885475,,0
cebik-w4rnl/Basic-Intermediate-Tutorial-Models/Tutorial-2/ch-3/3-1.nec,ok,ok,0.006579331122338772,0.006399151869118214,,0
cebik-w4rnl/Basic-Intermediate-Tutorial-Models/Tutorial-2/ch-3/3-1a-nec2.nec,ok,ok,0.005182700231671333,0.005303826183080673,,0
cebik-w4rnl/Basic-Intermediate-Tutorial-Models/Tutorial-2/ch-3/3-1a-nec4.nec,ok,ok,0.005338645540177822,0.005451214499771595,,0
cebik-w4rnl/Basic-Intermediate-Tutorial-Models/Tutorial-2/ch-3/3-1b-nec4.nec,ok,ok,0.0053135110065341,0.005402275361120701,,0
cebik-w4rnl/Basic-Intermediate-Tutorial-Models/Tutorial-2/ch-3/3-1c-nec4.nec,ok,ok,0.005356654524803162,0.005374600179493427,,0
cebik-w4rnl/Basic-Intermediate-Tutorial-Models/Tutorial-2/ch-3/3-1d-nec4.nec,ok,ok,0.005195821635425091,0.0054431818425655365,,0
cebik-w4rnl/Basic-Intermediate-Tutorial-Models/Tutorial-2/ch-3/3-2.nec,ok,ok,0.37003475707024336,0.2426767973229289,1.5248,1
cebik-w4rnl/Basic-Intermediate-Tutorial-Models/Tutorial-2/ch-3/3-2a-nec4.nec,ok,ok,0.37402476370334625,0.2385807130485773,1.5677,1
cebik-w4rnl/Basic-Intermediate-Tutorial-Models/Tutorial-2/ch-3/3-2b-nec4.nec,ok,ok,0.37309533916413784,0.2373512415215373,1.5719,1
cebik-w4rnl/Basic-Intermediate-Tutorial-Models/Tutorial-2/ch-3/3-3.nec,ok,ok,0.005126524716615677,0.005130397155880928,,0
cebik-w4rnl/Basic-Intermediate-Tutorial-Models/Tutorial-2/ch-3/3-3a.nec,ok,ok,0.004849414341151714,0.004890633746981621,,0
cebik-w4rnl/Basic-Intermediate-Tutorial-Models/Tutorial-2/ch-3/3-3b.nec,ok,ok,0.004781181924045086,0.004957958124577999,,0
cebik-w4rnl/Basic-Intermediate-Tutorial-Models/Tutorial-2/ch-3/3-3c.nec,ok,ok,0.004676315002143383,0.005019807256758213,,0
cebik-w4rnl/Basic-Intermediate-Tutorial-Models/Tutorial-2/ch-3/3-4.nec,ok,ok,0.02096310816705227,0.01642154622823,,0
cebik-w4rnl/Basic-Intermediate-Tutorial-Models/Tutorial-2/ch-3/3-4a.nec,ok,ok,0.015056654810905457,0.013129748404026031,,0
cebik-w4rnl/Basic-Intermediate-Tutorial-Models/Tutorial-2/ch-3/3-5.nec,ok,ok,0.034584746696054935,0.022759716026484966,,0
cebik-w4rnl/Basic-Intermediate-Tutorial-Models/Tutorial-2/ch-3/3-5a.nec,ok,ok,0.015102604404091835,0.013133903965353966,,0
cebik-w4rnl/Basic-Intermediate-Tutorial-Models/Tutorial-2/ch-3/3-6.nec,ok,ok,0.005096062086522579,0.005281202495098114,,0
cebik-w4rnl/Basic-Intermediate-Tutorial-Models/Tutorial-2/ch-3/3-6a.nec,ok,ok,0.004952296614646912,0.0051162345334887505,,0
cebik-w4rnl/Basic-Intermediate-Tutorial-Models/Tutorial-2/ch-3/3-6b.nec,ok,ok,0.004930160008370876,0.004953222349286079,,0
cebik-w4rnl/Basic-Intermediate-Tutorial-Models/Tutorial-2/ch-3/3-6c.nec,ok,ok,0.004942678846418858,0.005112751387059689,,0
cebik-w4rnl/Basic-Intermediate-Tutorial-Models/Tutorial-2/ch-3/3-7.nec,ok,ok,0.0049340249970555305,0.005080745555460453,,0
cebik-w4rnl/Basic-Intermediate-Tutorial-Models/Tutorial-2/ch-3/3-7a.nec,ok,ok,0.0049381013959646225,0.005196362733840942,,0
cebik-w4rnl/Basic-Intermediate-Tutorial-Models/Tutorial-2/ch-3/3-7b.nec,ok,ok,0.007752422243356705,0.0075339628383517265,,0
cebik-w4rnl/Basic-Intermediate-Tutorial-Models/Tutorial-2/ch-3/3-8.nec,ok,ok,0.009306218475103378,0.008936449885368347,,0
cebik-w4rnl/Basic-Intermediate-Tutorial-Models/Tutorial-2/ch-3/3-8a.nec,ok,ok,0.006937573663890362,0.006645664572715759,,0
cebik-w4rnl/Basic-Intermediate-Tutorial-Models/Tutorial-2/ch-3/3-9.nec,ok,ok,0.021318106912076473,0.016407237388193607,,0
cebik-w4rnl/Basic-Intermediate-Tutorial-Models/Tutorial-2/ch-3/3-9a.nec,ok,ok,0.01946695987135172,0.015572481788694859,,0
cebik-w4rnl/Basic-Intermediate-Tutorial-Models/Tutorial-2/ch-4/4-1-nec2.nec,ok,ok,0.022251468151807785,0.017038162797689438,,0
cebik-w4rnl/Basic-Intermediate-Tutorial-Models/Tutorial-2/ch-4/4-1.nec,ok,ok,0.021249440498650074,0.01711089536547661,,0
cebik-w4rnl/Basic-Intermediate-Tutorial-Models/Tutorial-2/ch-4/4-1a.nec,ok,ok,0.021361172199249268,0.01641090400516987,,0
cebik-w4rnl/Basic-Intermediate-Tutorial-Models/Tutorial-2/ch-4/4-1b.nec,ok,ok,0.02131523098796606,0.016891222447156906,,0
cebik-w4rnl/Basic-Intermediate-Tutorial-Models/Tutorial-2/ch-4/4-1c.nec,ok,ok,0.021638899110257626,0.01711852476000786,,0
cebik-w4rnl/Basic-Intermediate-Tutorial-Models/Tutorial-2/ch-4/4-2a.nec,ok,ok,0.02155063208192587,0.017235486768186092,,0
cebik-w4rnl/Basic-Intermediate-Tutorial-Models/Tutorial-2/ch-4/4-2b.nec,ok,ok,0.021552804857492447,0.0166414063423872,,0
cebik-w4rnl/Basic-Intermediate-Tutorial-Models/Tutorial-2/ch-4/4-3a.nec,ok,ok,0.03849896416068077,0.027860394679009914,,0
cebik-w4rnl/Basic-Intermediate-Tutorial-Models/Tutorial-2/ch-4/4-3b.nec,ok,ok,0.015864345245063305,0.013301719911396503,,0
cebik-w4rnl/Basic-Intermediate-Tutorial-Models/Tutorial-2/ch-4/4-3c.nec,ok,ok,0.016367673873901367,0.013733448460698128,,0
cebik-w4rnl/Basic-Intermediate-Tutorial-Models/Tutorial-2/ch-4/4-4.nec,ok,ok,0.22949927113950253,0.10055881086736917,2.2822,1
cebik-w4rnl/Basic-Intermediate-Tutorial-Models/Tutorial-2/ch-4/4-4a.nec,ok,ok,0.23239381983876228,0.10086489096283913,2.3040,1
cebik-w4rnl/Basic-Intermediate-Tutorial-Models/Tutorial-2/ch-4/4-5.nec,ok,ok,0.023707950487732887,0.01695606578141451,,0
cebik-w4rnl/Basic-Intermediate-Tutorial-Models/Tutorial-2/ch-4/4-5a.nec,ok,ok,0.02924967370927334,0.020725994370877743,,0
cebik-w4rnl/Basic-Intermediate-Tutorial-Models/Tutorial-2/ch-4/4-5b.nec,ok,ok,0.03430283069610596,0.021968810819089413,,0
cebik-w4rnl/Basic-Intermediate-Tutorial-Models/Tutorial-2/ch-4/4-5c.nec,ok,ok,0.03407398145645857,0.021900477819144726,,0
cebik-w4rnl/Basic-Intermediate-Tutorial-Models/Tutorial-2/ch-4/4-6.nec,ok,ok,0.019789467565715313,0.01510515809059143,,0
cebik-w4rnl/Basic-Intermediate-Tutorial-Models/Tutorial-2/ch-4/4-6a.nec,ok,ok,0.019699009135365486,0.015469272620975971,,0
cebik-w4rnl/Basic-Intermediate-Tutorial-Models/Tutorial-2/ch-4/4-7.nec,ok,ok,0.0319252535700798,0.019307267852127552,,0
cebik-w4rnl/Basic-Intermediate-Tutorial-Models/Tutorial-2/ch-4/4-7a.nec,ok,ok,0.01453248132020235,0.01192254014313221,,0
cebik-w4rnl/Basic-Intermediate-Tutorial-Models/Tutorial-2/ch-4/4-8.nec,ok,ok,0.23296743724495173,0.1013279315084219,2.2991,1
cebik-w4rnl/Basic-Intermediate-Tutorial-Models/Tutorial-2/ch-4/4-9.nec,ok,ok,0.03965814225375652,0.028361696749925613,,0
cebik-w4rnl/Basic-Intermediate-Tutorial-Models/Tutorial-2/ch-4/4-9a.nec,ok,ok,0.039385165087878704,0.02773863822221756,,0
cebik-w4rnl/Basic-Intermediate-Tutorial-Models/Tutorial-2/ch-5/5-1.nec,ok,ok,0.006468558683991432,0.006126865744590759,,0
cebik-w4rnl/Basic-Intermediate-Tutorial-Models/Tutorial-2/ch-5/5-10.nec,ok,ok,0.6851229155436158,0.2765033971518278,2.4778,1
cebik-w4rnl/Basic-Intermediate-Tutorial-Models/Tutorial-2/ch-5/5-10a.nec,ok,ok,0.4173548212274909,0.26874570455402136,1.5530,1
cebik-w4rnl/Basic-Intermediate-Tutorial-Models/Tutorial-2/ch-5/5-1a.nec,ok,ok,0.006483231671154499,0.006057205609977245,,0
cebik-w4rnl/Basic-Intermediate-Tutorial-Models/Tutorial-2/ch-5/5-1b.nec,ok,ok,0.005722702480852604,0.005711772479116917,,0
cebik-w4rnl/Basic-Intermediate-Tutorial-Models/Tutorial-2/ch-5/5-2a.nec,ok,ok,0.006418573670089245,0.006193406879901886,,0
cebik-w4rnl/Basic-Intermediate-Tutorial-Models/Tutorial-2/ch-5/5-2b.nec,ok,ok,0.006395268253982067,0.0065247779712080956,,0
cebik-w4rnl/Basic-Intermediate-Tutorial-Models/Tutorial-2/ch-5/5-3.nec,ok,ok,0.006204900331795216,0.005988168530166149,,0
cebik-w4rnl/Basic-Intermediate-Tutorial-Models/Tutorial-2/ch-5/5-3a.nec,ok,ok,0.010636888444423676,0.005658150650560856,,0
cebik-w4rnl/Basic-Intermediate-Tutorial-Models/Tutorial-2/ch-5/5-3b.nec,ok,ok,0.005950499325990677,0.00576154887676239,,0
cebik-w4rnl/Basic-Intermediate-Tutorial-Models/Tutorial-2/ch-5/5-4.nec,ok,ok,0.004986625164747238,0.004973758943378925,,0
cebik-w4rnl/Basic-Intermediate-Tutorial-Models/Tutorial-2/ch-5/5-4a.nec,ok,ok,0.005223357118666172,0.005414879880845547,,0
cebik-w4rnl/Basic-Intermediate-Tutorial-Models/Tutorial-2/ch-5/5-5.nec,ok,ok,0.009521153755486012,0.008975856937468052,,0
cebik-w4rnl/Basic-Intermediate-Tutorial-Models/Tutorial-2/ch-5/5-5a.nec,ok,ok,0.014435010962188244,0.011979484930634499,,0
cebik-w4rnl/Basic-Intermediate-Tutorial-Models/Tutorial-2/ch-5/5-6.nec,ok,ok,0.005436541512608528,0.005422551184892654,,0
cebik-w4rnl/Basic-Intermediate-Tutorial-Models/Tutorial-2/ch-5/5-6a.nec,ok,ok,0.006225074641406536,0.006102235987782478,,0
cebik-w4rnl/Basic-Intermediate-Tutorial-Models/Tutorial-2/ch-5/5-6b.nec,ok,ok,0.0065169064328074455,0.006211630068719387,,0
cebik-w4rnl/Basic-Intermediate-Tutorial-Models/Tutorial-2/ch-5/5-7.nec,ok,ok,0.015108932740986347,0.013112618587911129,,0
cebik-w4rnl/Basic-Intermediate-Tutorial-Models/Tutorial-2/ch-5/5-7a.nec,ok,ok,0.10237923450767994,0.04877281654626131,,0
cebik-w4rnl/Basic-Intermediate-Tutorial-Models/Tutorial-2/ch-5/5-7b.nec,ok,ok,0.1022943640127778,0.04803875461220741,,0
cebik-w4rnl/Basic-Intermediate-Tutorial-Models/Tutorial-2/ch-5/5-7c.nec,ok,ok,0.04461575113236904,0.035747772082686424,,0
cebik-w4rnl/Basic-Intermediate-Tutorial-Models/Tutorial-2/ch-5/5-7d.nec,ok,ok,0.04450189974159002,0.035403475165367126,,0
cebik-w4rnl/Basic-Intermediate-Tutorial-Models/Tutorial-2/ch-5/5-8.nec,ok,ok,5.993139708414674,1.5890014413744211,3.7716,1
cebik-w4rnl/Basic-Intermediate-Tutorial-Models/Tutorial-2/ch-5/5-8a.nec,ok,ok,12.961597504094243,7.940291605889797,1.6324,1
cebik-w4rnl/Basic-Intermediate-Tutorial-Models/Tutorial-2/ch-5/5-8b.nec,ok,ok,1.4475908745080233,0.3641979591920972,3.9747,1
cebik-w4rnl/Basic-Intermediate-Tutorial-Models/Tutorial-2/ch-5/5-9.nec,ok,ok,0.007149575278162956,0.006750389002263546,,0
cebik-w4rnl/Basic-Intermediate-Tutorial-Models/Tutorial-2/ch-5/5-9a.nec,ok,ok,0.009452619589865208,0.008724108338356018,,0
cebik-w4rnl/Basic-Intermediate-Tutorial-Models/Tutorial-2/ch-5/5-9b.nec,ok,ok,0.0069637056440114975,0.006681358441710472,,0
cebik-w4rnl/Basic-Intermediate-Tutorial-Models/Tutorial-2/ch-5/5-9c-nec2.nec,error,error,0.0040530432015657425,0.004209480248391628,,0
cebik-w4rnl/Basic-Intermediate-Tutorial-Models/Tutorial-2/ch-5/5-9c-nec4.nec,error,error,0.003998039290308952,0.004151836968958378,,0
cebik-w4rnl/Basic-Intermediate-Tutorial-Models/Tutorial-2/ch-6/6-4.nec,ok-no-source,ok-no-source,0.04469613265246153,0.026045899838209152,,0
cebik-w4rnl/Basic-Intermediate-Tutorial-Models/Tutorial-2/ch-6/6-4a.nec,ok,ok,0.0655958829447627,0.04354408197104931,,0
cebik-w4rnl/Basic-Intermediate-Tutorial-Models/Tutorial-2/ch-6/6-5a.nec,ok,ok,0.7057699048891664,0.18797533493489027,3.7546,1
cebik-w4rnl/Basic-Intermediate-Tutorial-Models/Tutorial-2/ch-6/6-6-nec2.nec,ok,ok,0.35611833166331053,0.15975202806293964,2.2292,1
cebik-w4rnl/Basic-Intermediate-Tutorial-Models/Tutorial-2/ch-6/6-6-nec4.nec,ok,ok,0.3584483880549669,0.15994185116142035,2.2411,1
cebik-w4rnl/Basic-Intermediate-Tutorial-Models/Tutorial-2/ch-6/6-s1.nec,ok-no-source,ok-no-source,0.007339793257415295,0.006294986233115196,,0
cebik-w4rnl/Basic-Intermediate-Tutorial-Models/Tutorial-2/ch-6/6-s1a.nec,ok-no-source,ok-no-source,0.015186479315161705,0.011925826780498028,,0
cebik-w4rnl/Basic-Intermediate-Tutorial-Models/Tutorial-2/ch-6/6-s2.nec,ok-no-source,ok-no-source,0.7560349013656378,0.2737468332052231,,0
cebik-w4rnl/Basic-Intermediate-Tutorial-Models/Tutorial-2/ch-6/6-s3a.nec,ok,ok,0.02560903038829565,0.02073109708726406,,0
cebik-w4rnl/Basic-Intermediate-Tutorial-Models/Tutorial-2/ch-6/6-s4.nec,ok-no-source,ok-no-source,0.045060872100293636,0.027610762044787407,,0
cebik-w4rnl/Basic-Intermediate-Tutorial-Models/Tutorial-2/ch-6/6-s4a.nec,ok,ok,0.06568710971623659,0.043628246523439884,,0
cebik-w4rnl/Basic-Intermediate-Tutorial-Models/Tutorial-2/ch-7/7-0.nec,ok,ok,0.03799114190042019,0.02507983986288309,,0
cebik-w4rnl/Basic-Intermediate-Tutorial-Models/Tutorial-2/ch-7/7-1.nec,ok,ok,0.006075035780668259,0.006065442226827145,,0
cebik-w4rnl/Basic-Intermediate-Tutorial-Models/Tutorial-2/ch-7/7-10.nec,ok,ok,0.023692002519965172,0.02049516886472702,,0
cebik-w4rnl/Basic-Intermediate-Tutorial-Models/Tutorial-2/ch-7/7-10a.nec,ok,ok,0.033309223130345345,0.027280461974442005,,0
cebik-w4rnl/Basic-Intermediate-Tutorial-Models/Tutorial-2/ch-7/7-10b.nec,ok,ok,0.031982243061065674,0.02664358913898468,,0
cebik-w4rnl/Basic-Intermediate-Tutorial-Models/Tutorial-2/ch-7/7-10c.nec,ok,ok,0.03332973551005125,0.027781295590102673,,0
cebik-w4rnl/Basic-Intermediate-Tutorial-Models/Tutorial-2/ch-7/7-11.nec,ok,ok,0.009344637393951416,0.009011552669107914,,0
cebik-w4rnl/Basic-Intermediate-Tutorial-Models/Tutorial-2/ch-7/7-11a.nec,ok,ok,0.009247190319001675,0.008948988281190395,,0
cebik-w4rnl/Basic-Intermediate-Tutorial-Models/Tutorial-2/ch-7/7-1a.nec,ok,ok,0.006029694341123104,0.0059993211179971695,,0
cebik-w4rnl/Basic-Intermediate-Tutorial-Models/Tutorial-2/ch-7/7-2.nec,ok,ok,0.005447383038699627,0.005500214174389839,,0
cebik-w4rnl/Basic-Intermediate-Tutorial-Models/Tutorial-2/ch-7/7-2a.nec,ok,ok,0.0054509444162249565,0.005481039173901081,,0
cebik-w4rnl/Basic-Intermediate-Tutorial-Models/Tutorial-2/ch-7/7-2b.nec,ok,ok,0.005490785464644432,0.0054984185844659805,,0
cebik-w4rnl/Basic-Intermediate-Tutorial-Models/Tutorial-2/ch-7/7-3.nec,ok,ok,0.0057538952678442,0.005954810418188572,,0
cebik-w4rnl/Basic-Intermediate-Tutorial-Models/Tutorial-2/ch-7/7-3a.nec,ok,ok,0.005856734700500965,0.005828305147588253,,0
cebik-w4rnl/Basic-Intermediate-Tutorial-Models/Tutorial-2/ch-7/7-4.nec,ok,ok,0.0051651159301400185,0.005319809541106224,,0
cebik-w4rnl/Basic-Intermediate-Tutorial-Models/Tutorial-2/ch-7/7-5.nec,ok,ok,0.0052107227966189384,0.005316613242030144,,0
cebik-w4rnl/Basic-Intermediate-Tutorial-Models/Tutorial-2/ch-7/7-5a.nec,ok,ok,0.004887637682259083,0.004929838702082634,,0
cebik-w4rnl/Basic-Intermediate-Tutorial-Models/Tutorial-2/ch-7/7-5b.nec,ok,ok,0.005859400145709515,0.005506968125700951,,0
cebik-w4rnl/Basic-Intermediate-Tutorial-Models/Tutorial-2/ch-7/7-8.nec,ok,ok,0.02686419989913702,0.018762288615107536,,0
cebik-w4rnl/Basic-Intermediate-Tutorial-Models/Tutorial-2/ch-7/7-9.nec,ok,ok,0.01946190372109413,0.015748255886137486,,0
cebik-w4rnl/Basic-Intermediate-Tutorial-Models/Tutorial-2/ch-7/7-9a.nec,ok,ok,0.34354928974062204,0.19043672177940607,1.8040,1
cebik-w4rnl/Basic-Intermediate-Tutorial-Models/Tutorial-2/ch-8/8-1.nec,ok,ok,0.0034877490252256393,0.003520025871694088,,0
cebik-w4rnl/Basic-Intermediate-Tutorial-Models/Tutorial-2/ch-8/8-1a.nec,ok,ok,0.004958712495863438,0.005280197598040104,,0
cebik-w4rnl/Basic-Intermediate-Tutorial-Models/Tutorial-2/ch-8/8-1b.nec,ok,ok,0.0031731724739074707,0.0034563736990094185,,0
cebik-w4rnl/Basic-Intermediate-Tutorial-Models/Tutorial-2/ch-8/8-1c.nec,ok,ok,0.004007190465927124,0.004254941828548908,,0
cebik-w4rnl/Basic-Intermediate-Tutorial-Models/Tutorial-2/ch-8/8-2_1.nec,ok,ok,0.004967446438968182,0.005214088596403599,,0
cebik-w4rnl/Basic-Intermediate-Tutorial-Models/Tutorial-2/ch-8/8-2_2.nec,ok,ok,0.004685625433921814,0.004904300905764103,,0
cebik-w4rnl/Basic-Intermediate-Tutorial-Models/Tutorial-2/ch-8/8-3.nec,ok,ok,0.0033569810912013054,0.0036615105345845222,,0
cebik-w4rnl/Basic-Intermediate-Tutorial-Models/Tutorial-2/ch-8/8-3a.nec,no-impedance,no-impedance,0.0028847772628068924,0.003199324943125248,,0
cebik-w4rnl/Basic-Intermediate-Tutorial-Models/Tutorial-2/ch-8/8-3b.nec,no-impedance,no-impedance,0.0029640179127454758,0.0031359735876321793,,0
cebik-w4rnl/Basic-Intermediate-Tutorial-Models/Tutorial-2/ch-8/8-3c.nec,ok,ok,0.003698253072798252,0.0039400700479745865,,0
cebik-w4rnl/Basic-Intermediate-Tutorial-Models/Tutorial-2/ch-8/8-3d.nec,ok,ok,0.004274667240679264,0.0042853159829974174,,0
cebik-w4rnl/Basic-Intermediate-Tutorial-Models/Tutorial-2/ch-8/8-4.nec,ok,ok,0.010059168562293053,0.010077893733978271,,0
cebik-w4rnl/Basic-Intermediate-Tutorial-Models/Tutorial-2/ch-8/8-4a.nec,ok,ok,0.013333681039512157,0.013117785565555096,,0
cebik-w4rnl/Basic-Intermediate-Tutorial-Models/Tutorial-2/ch-8/8-5.nec,ok,ok,0.053825060836970806,0.04296570084989071,,0
cebik-w4rnl/Basic-Intermediate-Tutorial-Models/Tutorial-2/ch-8/8-5a.nec,ok,ok,0.09233063645660877,0.07236879598349333,1.2758,1
cebik-w4rnl/Basic-Intermediate-Tutorial-Models/Tutorial-2/ch-8/8-6.nec,ok,ok,0.06654149852693081,0.03149316180497408,,0
cebik-w4rnl/Basic-Intermediate-Tutorial-Models/Tutorial-2/ch-9/9-1.nec,ok,ok,0.006571833975613117,0.0065942443907260895,,0
cebik-w4rnl/Basic-Intermediate-Tutorial-Models/Tutorial-2/ch-9/9-1a.nec,ok,ok,0.006251287646591663,0.006570635363459587,,0
cebik-w4rnl/Basic-Intermediate-Tutorial-Models/Tutorial-2/ch-9/9-2a.nec,ok,ok,0.10391348879784346,0.10260843764990568,1.0127,1
cebik-w4rnl/Basic-Intermediate-Tutorial-Models/Tutorial-2/ch-9/9-2b.nec,ok,ok,0.004844279959797859,0.004789900034666061,,0
cebik-w4rnl/Basic-Intermediate-Tutorial-Models/Tutorial-2/ch-9/9-2c.nec,ok,ok,0.012586264871060848,0.012018471024930477,,0
cebik-w4rnl/Basic-Intermediate-Tutorial-Models/Tutorial-2/ch-9/9-3a.nec,ok,ok,0.1138968588784337,0.07198518235236406,1.5822,1
cebik-w4rnl/Basic-Intermediate-Tutorial-Models/Tutorial-2/ch-9/9-3b.nec,ok,ok,0.03907663282006979,0.03126517962664366,,0
cebik-w4rnl/Basic-Intermediate-Tutorial-Models/Tutorial-2/ch-9/9-4.nec,ok,ok,0.2983804615214467,0.1916524488478899,1.5569,1
cebik-w4rnl/Basic-Intermediate-Tutorial-Models/Tutorial-2/ch-9/9-4a.nec,ok,ok,0.5948498276993632,0.378117305226624,1.5732,1
cebik-w4rnl/Basic-Intermediate-Tutorial-Models/Tutorial-2/ch-9/9-4b.nec,ok,ok,0.5942296218127012,0.3789993245154619,1.5679,1
cebik-w4rnl/Basic-Intermediate-Tutorial-Models/Tutorial-2/ch-9/9-5.nec,ok,ok,0.007528439164161682,0.014099352061748505,,0
cebik-w4rnl/Basic-Intermediate-Tutorial-Models/Tutorial-2/ch-9/9-6.nec,ok,ok,0.04383244086056948,0.03183578699827194,,0
cebik-w4rnl/Basic-Intermediate-Tutorial-Models/Tutorial-2/ch-9/9-6a.nec,ok,ok,0.04392970073968172,0.03209210094064474,,0
cebik-w4rnl/Basic-Intermediate-Tutorial-Models/Tutorial-2/ch-9/9-7.nec,ok,ok,0.007814720273017883,0.008086740039288998,,0
cebik-w4rnl/Basic-Intermediate-Tutorial-Models/Tutorial-2/ch-9/9-7a.nec,ok,ok,0.007973730564117432,0.008380258455872536,,0
cebik-w4rnl/Basic-Intermediate-Tutorial-Models/Tutorial-2/ch-9/9-8.nec,ok,ok,0.00764615461230278,0.007911676540970802,,0
cebik-w4rnl/Basic-Intermediate-Tutorial-Models/Tutorial-2/ch-9/9-8a.nec,ok,ok,0.5219762306660414,0.45075160171836615,1.1580,1
cebik-w4rnl/Basic-Intermediate-Tutorial-Models/Tutorial-2/ch-9/9-8b.nec,ok,ok,0.2784332185983658,0.20987820718437433,1.3266,1
cebik-w4rnl/Basic-Intermediate-Tutorial-Models/Tutorial-2/ch-9/9-8c.nec,ok,ok,0.29951309226453304,0.22922124527394772,1.3067,1
cebik-w4rnl/Moxon-Rectangle-Notes-Models/mox10-1al.nec,ok,ok,0.010300129652023315,0.009381955489516258,,0
cebik-w4rnl/Moxon-Rectangle-Notes-Models/mox10-1alv.nec,ok,ok,0.00946589931845665,0.008701816201210022,,0
cebik-w4rnl/Moxon-Rectangle-Notes-Models/mox20-11.nec,ok,ok,0.01152472011744976,0.018360218033194542,,0
cebik-w4rnl/models/LPDAs/nec/LP100-1000-12el3ft150o.nec,ok,ok,0.15759774949401617,0.06951251067221165,2.2672,1
cebik-w4rnl/models/LPDAs/nec/lc14-7el38ft80o-1.nec,ok,ok,0.018604062497615814,0.01559342909604311,,0
cebik-w4rnl/models/LPDAs/nec/lc14-7el52ft65o-1.nec,ok,ok,0.01845512166619301,0.015598142519593239,,0
cebik-w4rnl/models/LPDAs/nec/lc21-5el21ft800o-1-vee.nec,ok,ok,0.027638081461191177,0.019923516549170017,,0
cebik-w4rnl/models/LPDAs/nec/lc21-7el35ft65o-75.nec,ok,ok,0.01850500050932169,0.013479585759341717,,0
cebik-w4rnl/models/LPDAs/nec/lc28-4el10ft75o.nec,ok,ok,0.01916884072124958,0.015354292467236519,,0
cebik-w4rnl/models/LPDAs/nec/lc28-5el16ft800o-75-Vee.nec,ok,ok,0.027585511095821857,0.020620944909751415,,0
cebik-w4rnl/models/LPDAs/nec/lc28-5el20ft150o-50-W6SAI.nec,ok,ok,0.013284411281347275,0.012311429716646671,,0
cebik-w4rnl/models/LPDAs/nec/lc28-6el12ft75o-1.nec,ok,ok,0.015596278943121433,0.01426823902875185,,0
cebik-w4rnl/models/LPDAs/nec/lc28-6el28ft100o-50.nec,ok,ok,0.015374002046883106,0.013395912945270538,,0
cebik-w4rnl/models/LPDAs/nec/lc28-7el14ft80o-875.nec,ok,ok,0.01850153598934412,0.01546547096222639,,0
cebik-w4rnl/models/LPDAs/nec/lc28-7el15ft100o-1.nec,ok,ok,0.018521531485021114,0.016235273331403732,,0
cebik-w4rnl/models/LPDAs/nec/lc28-7el15ft80o-1.nec,ok,ok,0.018404599279165268,0.0155778918415308,,0
cebik-w4rnl/models/LPDAs/nec/lc28-7el19ft80o-50.nec,ok,ok,0.018317464739084244,0.015358938835561275,,0
cebik-w4rnl/models/LPDAs/nec/lc28-7el19ft80o-75.nec,ok,ok,0.018453671596944332,0.01578807644546032,,0
cebik-w4rnl/models/LPDAs/nec/lc28-7el21ft65o-75.nec,ok,ok,0.01842469722032547,0.01629096269607544,,0
cebik-w4rnl/models/LPDAs/nec/lc28-7el25ft80o-75.nec,ok,ok,0.018374557606875896,0.015873029828071594,,0
cebik-w4rnl/models/LPDAs/nec/lc28-7el26ft65o-75.nec,ok,ok,0.01856371946632862,0.015414073131978512,,0
cebik-w4rnl/models/LPDAs/nec/lc28-7el28ft70o-75.nec,ok,ok,0.018596707843244076,0.015855242498219013,,0
cebik-w4rnl/models/LPDAs/nec/lp10-30-12el45ft250o.nec,ok,ok,0.04855542071163654,0.029644728638231754,,0
cebik-w4rnl/models/LPDAs/nec/lp10-30-15el45ft250o.nec,ok,ok,0.06659382302314043,0.03786899521946907,,0
cebik-w4rnl/models/LPDAs/nec/lp100-1000-12el5ft150o.nec,ok,ok,0.17608293984085321,0.07469196151942015,2.3575,1
cebik-w4rnl/models/LPDAs/nec/lp100-1000-26el5ft150o.nec,ok,ok,0.42179298400878906,0.164267772808671,2.5677,1
cebik-w4rnl/models/LPDAs/nec/lp100-12elFM-med.nec,ok,ok,0.021667505614459515,0.02816310990601778,,0
cebik-w4rnl/models/LPDAs/nec/lp100-16elFM-long.nec,ok,ok,0.034641929902136326,0.023547117598354816,,0
cebik-w4rnl/models/LPDAs/nec/lp100-8elFM-short.nec,ok,ok,0.01565061416476965,0.013899601995944977,,0
cebik-w4rnl/models/LPDAs/nec/lp14-29-11el30ft225o.nec,ok,ok,0.028574563562870026,0.021413834765553474,,0
cebik-w4rnl/models/LPDAs/nec/lp14-29-12el33ft250o-dir.nec,ok,ok,0.03156280145049095,0.022195876576006413,,0
cebik-w4rnl/models/LPDAs/nec/lp14-30-12el26ft125o.nec,ok,ok,0.03211506828665733,0.022836802527308464,,0
cebik-w4rnl/models/LPDAs/nec/lp14-30-12el32ft100o.nec,ok,ok,0.0397938871756196,0.026557812467217445,,0
cebik-w4rnl/models/LPDAs/nec/lp14-30-12el32ft400o.nec,ok,ok,0.03310920484364033,0.02316969633102417,,0
cebik-w4rnl/models/LPDAs/nec/lp14-30-13el29ft200o-telerana14.nec,ok,ok,0.043700980953872204,0.02790506463497877,,0
cebik-w4rnl/models/LPDAs/nec/lp14-30-13el29ft200o-telerana50.nec,ok,ok,0.043858607299625874,0.02855435572564602,,0
cebik-w4rnl/models/LPDAs/nec/lp14-30-13el29ft200o-teleranavee.nec,ok,ok,0.04468259774148464,0.030123146250844002,,0
cebik-w4rnl/models/LPDAs/nec/lp14-30-14el40ft100o.nec,ok,ok,0.17836068663746119,0.07781597319990396,2.2921,1
cebik-w4rnl/models/LPDAs/nec/lp14-30-15el42ft250o-dir-stepdia.nec,ok,ok,0.10179531201720238,0.05200802907347679,1.9573,1
cebik-w4rnl/models/LPDAs/nec/lp14-30-16el42ft100o-dir.nec,ok,ok,0.03898409754037857,0.022378042340278625,,0
cebik-w4rnl/models/LPDAs/nec/lp14-30-21el52ft200o.nec,ok,ok,0.04751561861485243,0.038151913322508335,,0
cebik-w4rnl/models/LPDAs/nec/lp14-30-22el56ft250o-dir.nec,ok,ok,0.05151000898331404,0.028508324176073074,,0
cebik-w4rnl/models/LPDAs/nec/lp14-30-24el58ft200o.nec,ok,ok,0.0935277733951807,0.04868708923459053,,0
cebik-w4rnl/models/LPDAs/nec/lp14-30-27el217ft200o.nec,ok,ok,0.11051647737622261,0.04765887279063463,,0
cebik-w4rnl/models/LPDAs/nec/lp14-30-7el20ft100o-K4EWG.nec,ok,ok,0.024988315999507904,0.019107861444354057,,0
cebik-w4rnl/models/LPDAs/nec/lp14-30-8el20ft200o.nec,ok,ok,0.018085720017552376,0.01584069151431322,,0
cebik-w4rnl/models/LPDAs/nec/lp14-30-9el21ft250o-dir.nec,ok,ok,0.024789820425212383,0.019131642766296864,,0
cebik-w4rnl/models/LPDAs/nec/lp144-6el5ft75o-1875.nec,ok,ok,0.025110213086009026,0.018368681892752647,,0
cebik-w4rnl/models/LPDAs/nec/lp17-5el32ft50o.nec,ok,ok,0.00741353165358305,0.007451367564499378,,0
cebik-w4rnl/models/LPDAs/nec/lp21-5el27ft50o.nec,ok,ok,0.007351333275437355,0.0070953695103526115,,0
cebik-w4rnl/models/LPDAs/nec/lp220-15el11ft80o.nec,ok,ok,0.1376318782567978,0.06131200958043337,2.2448,1
cebik-w4rnl/models/LPDAs/nec/lp220-17el11ft60o.nec,ok,ok,0.13175946660339832,0.05930150020867586,2.2219,1
cebik-w4rnl/models/LPDAs/nec/lp220-18el11ft60o.nec,ok,ok,0.14535051304847002,0.06490096636116505,2.2396,1
cebik-w4rnl/models/LPDAs/nec/lp220-20el12ft60o.nec,ok,ok,0.17946758028119802,0.07658837828785181,2.3433,1
cebik-w4rnl/models/LPDAs/nec/lp220-20el13ft60o.nec,ok,ok,0.12094128038734198,0.05608320701867342,2.1565,1
cebik-w4rnl/models/LPDAs/nec/lp250-276-21el4ft80o.nec,ok,ok,0.07145763281732798,0.03976582083851099,,0
cebik-w4rnl/models/LPDAs/nec/lp250-317-10el3ft75o.nec,ok,ok,0.014280557632446289,0.011757668107748032,,0
cebik-w4rnl/models/LPDAs/nec/lp250-317-15el5ft75o.nec,ok,ok,0.02482667565345764,0.017435451969504356,,0
cebik-w4rnl/models/LPDAs/nec/lp250-317-8el3ft75o.nec,ok,ok,0.011820253916084766,0.010454060509800911,,0
cebik-w4rnl/models/LPDAs/nec/lp250-500-12el3ft80o.nec,ok,ok,0.044608467258512974,0.02740659937262535,,0
cebik-w4rnl/models/LPDAs/nec/lp250-500-20el3ft80o.nec,ok,ok,0.09497214946895838,0.04909204877912998,,0
cebik-w4rnl/models/LPDAs/nec/lp28-30-4el8ft200o-wire12.nec,ok,ok,0.01978548150509596,0.01589865330606699,,0
cebik-w4rnl/models/LPDAs/nec/lp28-30-4el8ft75o-W4RNL.nec,ok,ok,0.019413691945374012,0.015675770118832588,,0
cebik-w4rnl/models/LPDAs/nec/lp28-30-4el8ft75o-fatel-W4RNL.nec,ok,ok,0.019525078125298023,0.01640697568655014,,0
cebik-w4rnl/models/LPDAs/nec/lp28-30-4el8ft75o-stepdia-W4RNL.nec,ok,ok,0.018200821243226528,0.015163698233664036,,0
cebik-w4rnl/models/LPDAs/nec/lp28-30-53l8ft300o-wire12-zigzag.nec,ok,ok,0.04880400933325291,0.03089536353945732,,0
cebik-w4rnl/models/LPDAs/nec/lp28-30-5el8ftnoline-wire10-zigzag.nec,ok,ok,0.024264310486614704,0.01957160048186779,,0
cebik-w4rnl/models/LPDAs/nec/lp28-31-10el48ft80o.nec,ok,ok,0.01932157389819622,0.013422825373709202,,0
cebik-w4rnl/models/LPDAs/nec/lp3-30-20el100ft200o.nec,ok,ok,0.4923674138262868,0.17977275513112545,2.7388,1
cebik-w4rnl/models/LPDAs/nec/lp3-30-20el60ft150o.nec,ok,ok,0.2551632300019264,0.11380675714462996,2.2421,1
cebik-w4rnl/models/LPDAs/nec/lp3-30-21el100ft200o.nec,ok,ok,0.25599145609885454,0.11297943163663149,2.2658,1
cebik-w4rnl/models/LPDAs/nec/lp3-30-22el100ft200o.nec,ok,ok,0.27619430609047413,0.11974457558244467,2.3065,1
cebik-w4rnl/models/LPDAs/nec/lp3-30-23el100ft200o.nec,ok,ok,0.29845841601490974,0.12897112872451544,2.3141,1
cebik-w4rnl/models/LPDAs/nec/lp3-30-24el100ft200o.nec,ok,ok,0.34235384315252304,0.13981962483376265,2.4485,1
cebik-w4rnl/models/LPDAs/nec/lp3-30-25el100ft200o.nec,ok,ok,0.35448663495481014,0.14885354042053223,2.3814,1
cebik-w4rnl/models/LPDAs/nec/lp3-30-26el100ft200o.nec,ok,ok,0.3832835163921118,0.159966086037457,2.3960,1
cebik-w4rnl/models/LPDAs/nec/lp3-30-26el164ft150o.nec,ok,ok,0.38610592763870955,0.157117685303092,2.4574,1
cebik-w4rnl/models/LPDAs/nec/lp3-30-33el100ft150o.nec,ok,ok,0.42417737655341625,0.1677311807870865,2.5289,1
cebik-w4rnl/models/LPDAs/nec/lp3-30-33el168ft250o.nec,ok,ok,0.7306365808472037,0.2587654646486044,2.8235,1
cebik-w4rnl/models/LPDAs/nec/lp3-30-42el164ft250o.nec,ok,ok,1.0321890888735652,0.36416356172412634,2.8344,1
cebik-w4rnl/models/LPDAs/nec/lp3-7-10el55ft200o.nec,ok,ok,0.023597407154738903,0.016235600225627422,,0
cebik-w4rnl/models/LPDAs/nec/lp3-7-10el56ft200o.nec,ok,ok,0.024118393659591675,0.01678481139242649,,0
cebik-w4rnl/models/LPDAs/nec/lp3-7-11el53ft200o.nec,ok,ok,0.02203212771564722,0.015589491464197636,,0
cebik-w4rnl/models/LPDAs/nec/lp3-7-12el53ft200o.nec,ok,ok,0.024685547687113285,0.017578648403286934,,0
cebik-w4rnl/models/LPDAs/nec/lp3-7-12el55ft200o.nec,ok,ok,0.030069170519709587,0.019320965744554996,,0
cebik-w4rnl/models/LPDAs/nec/lp3-7-16el84ft200o.nec,ok,ok,0.03790641110390425,0.024456550367176533,,0
cebik-w4rnl/models/LPDAs/nec/lp3r5-4-14el89ft200o-2.nec,ok,ok,0.041570162400603294,0.02883693389594555,,0
cebik-w4rnl/models/LPDAs/nec/lp3r5-4-6el86ft100o-2.nec,ok,ok,0.07393719162791967,0.03840456623584032,,0
cebik-w4rnl/models/LPDAs/nec/lp3r5-4-8el86ft100o-2.nec,ok,ok,0.021092073991894722,0.017246087081730366,,0
cebik-w4rnl/models/LPDAs/nec/lp3r5-4-8el86ft150o-12.nec,ok,ok,0.021117564290761948,0.017769407480955124,,0
cebik-w4rnl/models/LPDAs/nec/lp4-30-19el60ft200o.nec,ok,ok,0.19483569357544184,0.0853143148124218,2.2837,1
cebik-w4rnl/models/LPDAs/nec/lp4-30-20el65ft150o.nec,ok,ok,0.26661013439297676,0.10566914454102516,2.5231,1
cebik-w4rnl/models/LPDAs/nec/lp4-30-20el65ft200o.nec,ok,ok,0.18776416406035423,0.07641765289008617,2.4571,1
cebik-w4rnl/models/LPDAs/nec/lp4-30-21el65ft200o.nec,ok,ok,0.20573197212070227,0.08918650820851326,2.3068,1
cebik-w4rnl/models/LPDAs/nec/lp40-90-22el20ft100o-dir.nec,ok,ok,0.05024232808500528,0.028514109551906586,,0
cebik-w4rnl/models/LPDAs/nec/lp400-800-12el1ft250o.nec,ok,ok,0.038052862510085106,0.025543327443301678,,0
cebik-w4rnl/models/LPDAs/nec/lp7-15-10el35ft200o.nec,ok,ok,0.020837009884417057,0.014690779149532318,,0
cebik-w4rnl/models/LPDAs/nec/lp7-15-11el44ft200o-dir.nec,ok,ok,0.02232508733868599,0.015486575663089752,,0
cebik-w4rnl/models/LPDAs/nec/lp7-15-12el42ft200o.nec,ok,ok,0.026494700461626053,0.017263623885810375,,0
cebik-w4rnl/models/LPDAs/nec/lp7-15-13el53ft200o.nec,ok,ok,0.028954433277249336,0.019375653006136417,,0
cebik-w4rnl/models/LPDAs/nec/lp7-15-16el28ft200o.nec,ok,ok,0.038514829240739346,0.024959529750049114,,0
cebik-w4rnl/models/LPDAs/nec/lp7-15-16el56ft200o.nec,ok,ok,0.0379924550652504,0.02369636856019497,,0
cebik-w4rnl/models/LPDAs/nec/lp7-15-16el70ft200o.nec,ok,ok,0.038006008602678776,0.022563633508980274,,0
cebik-w4rnl/models/LPDAs/nec/lp7-15-16el84ft200o.nec,ok,ok,0.03800758067518473,0.022120697423815727,,0
cebik-w4rnl/models/LPDAs/nec/lp7-15-22el78ft200o.nec,ok,ok,0.07551539968699217,0.03945180866867304,,0
cebik-w4rnl/models/LPDAs/nec/lp7-15-27el434ft200o.nec,ok,ok,0.10916419513523579,0.04781807027757168,,0
cebik-w4rnl/models/LPDAs/nec/lp7-15-7el25ft200o.nec,ok,ok,0.01315213367342949,0.010905629023909569,,0
cebik-w4rnl/models/LPDAs/nec/lp7-15-7el37ft200o.nec,ok,ok,0.012951506301760674,0.01114918664097786,,0
cebik-w4rnl/models/LPDAs/nec/lp7-15-9el31ft200o.nec,ok,ok,0.01902209036052227,0.013689205050468445,,0
cebik-w4rnl/models/LPDAs/nec/lp800-1200-17el3ft200o.nec,ok,ok,0.02777350414544344,0.01862490549683571,,0
cebik-w4rnl/models/LPDAs/nec/lp850-2600-36el4ft200o.nec,ok,ok,0.27148800902068615,0.11723471339792013,2.3158,1
cebik-w4rnl/models/LPDAs/nec/lp850-2600-37el4ft80o.nec,ok,ok,0.3056549532338977,0.13166494388133287,2.3215,1
cebik-w4rnl/models/LPDAs/nec/lp900-1400-36el4ft200o.nec,ok,ok,0.27100151870399714,0.11845166981220245,2.2879,1
cebik-w4rnl/models/LPDAs/nec/lpma3r5-4-6el86ft75o-buriedradials.nec,ok,ok,20.241326553747058,3.728435918688774,5.4289,1
cebik-w4rnl/models/Phased-Arrays/nec/10-28-edzlazyh-fs-14.nec,ok,ok,0.010823681019246578,0.009971143677830696,,0
cebik-w4rnl/models/Phased-Arrays/nec/14-29-lpda-50.nec,ok,ok,0.08902483154088259,0.04783696308732033,,0
cebik-w4rnl/models/Phased-Arrays/nec/14-8jk-fs-75.nec,ok,ok,0.006068897433578968,0.00596830528229475,,0
cebik-w4rnl/models/Phased-Arrays/nec/14-8jkstack-stdphase-12.nec,ok,ok,0.5162919852882624,0.22956831008195877,2.2490,1
cebik-w4rnl/models/Phased-Arrays/nec/14-8jkstack-xphased-12.nec,ok,ok,0.5218920214101672,0.24945898447185755,2.0921,1
cebik-w4rnl/models/Phased-Arrays/nec/14-fdsp-W7EL.nec,ok,ok,0.24567946884781122,0.10378570575267076,2.3672,1
cebik-w4rnl/models/Phased-Arrays/nec/14-longelphased-directfeedp1-W4RNL.nec,ok,ok,0.012768607586622238,0.011792612262070179,,0
cebik-w4rnl/models/Phased-Arrays/nec/14-phased35o-50-W4RNL.nec,ok,ok,0.21222581062465906,0.13583102263510227,1.5624,1
cebik-w4rnl/models/Phased-Arrays/nec/14-phasedsplit50o-50-W4RNL.nec,ok,ok,0.004905444569885731,0.004928493872284889,,0
cebik-w4rnl/models/Phased-Arrays/nec/14-shortel-stubs-50-N7CL.nec,ok,ok,0.11971999797970057,0.06799168605357409,1.7608,1
cebik-w4rnl/models/Phased-Arrays/nec/14-stacked3elYagis-1.nec,ok,ok,0.1463412307202816,0.0786930350586772,1.8596,1
cebik-w4rnl/models/Phased-Arrays/nec/14-zlsporig-1-ZL3MH.nec,ok,ok,0.12483481131494045,0.07461708225309849,1.6730,1
cebik-w4rnl/models/Phased-Arrays/nec/144-3eledzvbeam-fs-40.nec,ok,ok,0.03305846452713013,0.022292952984571457,,0
cebik-w4rnl/models/Phased-Arrays/nec/146-436-dualquad turnstile-sat-146.nec,ok,ok,0.95128402300179,0.19587531499564648,4.8566,1
cebik-w4rnl/models/Phased-Arrays/nec/146-436-dualquadturnstile-sat-436.nec,ok,ok,0.6804133448749781,0.16903807129710913,4.0252,1
cebik-w4rnl/models/Phased-Arrays/nec/146-moxrectturnstile-sat-1875.nec,ok,ok,0.26815694849938154,0.14768366049975157,1.8158,1
cebik-w4rnl/models/Phased-Arrays/nec/18-fdsp-W7EL.nec,ok,ok,0.2436885815113783,0.10354544688016176,2.3534,1
cebik-w4rnl/models/Phased-Arrays/nec/18-longelphased-directfeedp1-W4RNL.nec,ok,ok,0.012858065776526928,0.011739701963961124,,0
cebik-w4rnl/models/Phased-Arrays/nec/18-phased35o-50-W4RNL.nec,ok,ok,0.19069156888872385,0.1223110631108284,1.5591,1
cebik-w4rnl/models/Phased-Arrays/nec/18-phasedsplit50o-50-W4RNL.nec,ok,ok,0.004846530966460705,0.004804232157766819,,0
cebik-w4rnl/models/Phased-Arrays/nec/18-shortel-stubs-50-N7CL.nec,ok,ok,0.11917001660913229,0.06810568179935217,1.7498,1
cebik-w4rnl/models/Phased-Arrays/nec/1r1-bc2elphased vert.nec,ok,ok,0.011358583346009254,0.009732763282954693,,0
cebik-w4rnl/models/Phased-Arrays/nec/1r4-bc3elendfire-pergnd.nec,ok,ok,0.04453778173774481,0.0236874558031559,,0
cebik-w4rnl/models/Phased-Arrays/nec/1r4-bc6elb-s+e-f-pergnd.nec,ok,ok,0.14779895823448896,0.05688370019197464,2.5983,1
cebik-w4rnl/models/Phased-Arrays/nec/1r5-bc2xhalfwldr+6parguy-sngnd.nec,ok,ok,1.3569073537364602,0.4678547326475382,2.9003,1
cebik-w4rnl/models/Phased-Arrays/nec/1r5-bc3elendfire-burrad.nec,ok,ok,3.155511680059135,0.9083134885877371,3.4740,1
cebik-w4rnl/models/Phased-Arrays/nec/1r5-bc4elendfire-pergnd.nec,ok,ok,0.1886260909959674,0.11971492227166891,1.5756,1
cebik-w4rnl/models/Phased-Arrays/nec/1r5-bc6elphaseaim-pergnd.nec,ok,ok,0.15172442980110645,0.06054091453552246,2.5061,1
cebik-w4rnl/models/Phased-Arrays/nec/1r5-bchalfwldr+6parguy-sngnd.nec,ok,ok,0.7438672110438347,0.41565985791385174,1.7896,1
cebik-w4rnl/models/Phased-Arrays/nec/1r8-2-elphased-radials.nec,ok,ok,5.566862570121884,1.1232741056010127,4.9559,1
cebik-w4rnl/models/Phased-Arrays/nec/1r8-2x4elphased-K8UR.nec,ok,ok,0.7968666572123766,0.32092487812042236,2.4830,1
cebik-w4rnl/models/Phased-Arrays/nec/1r8-4el-broadside.nec,ok,ok,0.12002446874976158,0.06856398563832045,1.7505,1
cebik-w4rnl/models/Phased-Arrays/nec/1r8-4el-endfire-burrad.nec,ok,ok,5.135913570411503,1.2813159106299281,4.0083,1
cebik-w4rnl/models/Phased-Arrays/nec/1r8-4el-endfire.nec,ok,ok,0.12841183319687843,0.07638558000326157,1.6811,1
cebik-w4rnl/models/Phased-Arrays/nec/1r8-4elphased-lowbend-K8UR.nec,ok,ok,0.46652225591242313,0.23026324063539505,2.0260,1
cebik-w4rnl/models/Phased-Arrays/nec/1r8-4elphased-midelbend-K8UR.nec,ok,ok,0.4216325059533119,0.23444156628102064,1.7985,1
cebik-w4rnl/models/Phased-Arrays/nec/1r8-5el-broadside.nec,ok,ok,0.1643470348790288,0.08719858434051275,1.8847,1
cebik-w4rnl/models/Phased-Arrays/nec/1r8-5el-endfire.nec,ok,ok,0.17228843923658133,0.09474358428269625,1.8185,1
cebik-w4rnl/models/Phased-Arrays/nec/21-2eledzbeam-2ref-gnd-12-ZL1LE.nec,ok,ok,0.268311302177608,0.17232524324208498,1.5570,1
cebik-w4rnl/models/Phased-Arrays/nec/21-coledz-wiretl-12.nec,ok,ok,0.16942007560282946,0.08403291739523411,2.0161,1
cebik-w4rnl/models/Phased-Arrays/nec/21-fdsp-W7EL.nec,ok,ok,0.2448421400040388,0.10467478726059198,2.3391,1
cebik-w4rnl/models/Phased-Arrays/nec/21-longelphased-directfeedp1-W4RNL.nec,ok,ok,0.012803017161786556,0.011800011619925499,,0
cebik-w4rnl/models/Phased-Arrays/nec/21-phased35o-50-W4RNL.nec,ok,ok,0.17615096922963858,0.11242605186998844,1.5668,1
cebik-w4rnl/models/Phased-Arrays/nec/21-phasedcoledz-fs-12.nec,ok,ok,0.07419445272535086,0.037967655807733536,,0
cebik-w4rnl/models/Phased-Arrays/nec/21-phasedsplit50o-50-W4RNL.nec,ok,ok,0.004999389871954918,0.004991068504750729,,0
cebik-w4rnl/models/Phased-Arrays/nec/21-shortel-stubs-50-N7CL.nec,ok,ok,0.12059527728706598,0.06924822367727757,1.7415,1
cebik-w4rnl/models/Phased-Arrays/nec/21-zlsporig-1-ZL3MH.nec,ok,ok,0.1257177973166108,0.07330141868442297,1.7151,1
cebik-w4rnl/models/Phased-Arrays/nec/24-3elzlsp-fs-75.nec,ok,ok,0.01488152239471674,0.012885995209217072,,0
cebik-w4rnl/models/Phased-Arrays/nec/24-fdsp-W7EL.nec,ok,ok,0.2459856877103448,0.10475869569927454,2.3481,1
cebik-w4rnl/models/Phased-Arrays/nec/24-lazyh-fs-K7KGP.nec,ok,ok,0.008514771237969398,0.008660459890961647,,0
cebik-w4rnl/models/Phased-Arrays/nec/24-longelphased-directfeedp1-W4RNL.nec,ok,ok,0.012626794166862965,0.011572852730751038,,0
cebik-w4rnl/models/Phased-Arrays/nec/24-phased35o-50-W4RNL.nec,ok,ok,0.19081152323633432,0.12129866611212492,1.5731,1
cebik-w4rnl/models/Phased-Arrays/nec/24-phasedsplit50o-50-W4RNL.nec,ok,ok,0.004866716451942921,0.004907798953354359,,0
cebik-w4rnl/models/Phased-Arrays/nec/24-shortel-stubs-50-N7CL.nec,ok,ok,0.12218472547829151,0.06999882124364376,1.7455,1
cebik-w4rnl/models/Phased-Arrays/nec/254-turnstileYagi-milsat.nec,ok,ok,0.3690678356215358,0.12027106806635857,3.0686,1
cebik-w4rnl/models/Phased-Arrays/nec/28-2eledzbeam-2ref-fs-12.nec,ok,ok,0.007701242342591286,0.007193420082330704,,0
cebik-w4rnl/models/Phased-Arrays/nec/28-2eledzbeam-fs-12.nec,ok,ok,0.007915440946817398,0.008049092255532742,,0
cebik-w4rnl/models/Phased-Arrays/nec/28-3eledzbeam-2ref-gnd-12.nec,ok,ok,0.11349476780742407,0.06810336746275425,1.6665,1
cebik-w4rnl/models/Phased-Arrays/nec/28-6elphasefedbeam-fs-50.nec,ok,ok,0.015395686961710453,0.021803864277899265,,0
cebik-w4rnl/models/Phased-Arrays/nec/28-7-lazyh-vert-14.nec,ok,ok,0.2826651744544506,0.17424672562628984,1.6222,1
cebik-w4rnl/models/Phased-Arrays/nec/28-fdsp-W7EL.nec,ok,ok,0.24646461382508278,0.10529562924057245,2.3407,1
cebik-w4rnl/models/Phased-Arrays/nec/28-longelphased-directfeedp1-W4RNL.nec,ok,ok,0.012901821173727512,0.01182624138891697,,0
cebik-w4rnl/models/Phased-Arrays/nec/28-phased-gammas-1-HB9CV.nec,ok,ok,0.017919803969562054,0.014960740692913532,,0
cebik-w4rnl/models/Phased-Arrays/nec/28-phased35o-50-W4RNL.nec,ok,ok,0.19157609157264233,0.12220350746065378,1.5677,1
cebik-w4rnl/models/Phased-Arrays/nec/28-phasedsplit50o-50-W4RNL.nec,ok,ok,0.0048516541719436646,0.004861999303102493,,0
cebik-w4rnl/models/Phased-Arrays/nec/28-shortel-stubs-50-N7CL.nec,ok,ok,0.1231719870120287,0.06995544116944075,1.7607,1
cebik-w4rnl/models/Phased-Arrays/nec/28-shortel-stubstack-50-N7CL.nec,ok,ok,0.2374106841161847,0.101551896892488,2.3378,1
cebik-w4rnl/models/Phased-Arrays/nec/28-swissquad-14.nec,ok,ok,0.010461101308465004,0.010168691165745258,,0
cebik-w4rnl/models/Phased-Arrays/nec/28-zlsp-udp-75-W4RNL.nec,ok,ok,0.12836692295968533,0.0750514529645443,1.7104,1
cebik-w4rnl/models/Phased-Arrays/nec/28-zlsporig-1-ZL3MH.nec,ok,ok,0.12822855729609728,0.07497337087988853,1.7103,1
cebik-w4rnl/models/Phased-Arrays/nec/28-zlsptrombone-ARRL.nec,ok,ok,0.19075258076190948,0.09237503074109554,2.0650,1
cebik-w4rnl/models/Phased-Arrays/nec/284-turnstilequad-milsat-ez.nec,ok,ok,0.577228800393641,0.16242620907723904,3.5538,1
cebik-w4rnl/models/Phased-Arrays/nec/300-11eldplarray.nec,ok,ok,0.07982587069272995,0.07891894038766623,1.0115,1
cebik-w4rnl/models/Phased-Arrays/nec/300-20eldplarray.nec,ok,ok,0.15387853980064392,0.09777987003326416,1.5737,1
cebik-w4rnl/models/Phased-Arrays/nec/300-30eldplarray.nec,ok,ok,0.26633865758776665,0.15060799289494753,1.7684,1
cebik-w4rnl/models/Phased-Arrays/nec/300-40eldplarray.nec,ok,ok,0.40969907492399216,0.2118764529004693,1.9337,1
cebik-w4rnl/models/Phased-Arrays/nec/300-50dplarray.nec,ok,ok,0.5836478397250175,0.2800835259258747,2.0838,1
cebik-w4rnl/models/Phased-Arrays/nec/3r6-2x4elphased-K8UR.nec,ok,ok,0.8408507769927382,0.34431860968470573,2.4421,1
cebik-w4rnl/models/Phased-Arrays/nec/3r6-4elphased-lowbend-K8UR.nec,ok,ok,0.4543405417352915,0.23223149962723255,1.9564,1
cebik-w4rnl/models/Phased-Arrays/nec/3r6-4elphased-midelbend-K8UR.nec,ok,ok,0.3225419260561466,0.15914078708738089,2.0268,1
cebik-w4rnl/models/Phased-Arrays/nec/3r6-8jk-12.nec,ok,ok,0.3550516786053777,0.2227924820035696,1.5936,1
cebik-w4rnl/models/Phased-Arrays/nec/3r6-bruce-3sect-12.nec,ok,ok,0.30724409129470587,0.19192369282245636,1.6009,1
cebik-w4rnl/models/Phased-Arrays/nec/3r6-bruce-4sect-12.nec,ok,ok,0.31451057363301516,0.19277451559901237,1.6315,1
cebik-w4rnl/models/Phased-Arrays/nec/3r6-bruce-5sect-12.nec,ok,ok,0.3763462593778968,0.22917350009083748,1.6422,1
cebik-w4rnl/models/Phased-Arrays/nec/3r6-halfwldr+6parguy-sngnd.nec,ok,ok,0.6430244371294975,0.3317136000841856,1.9385,1
cebik-w4rnl/models/Phased-Arrays/nec/3r6-phasedrect-10-N2DT.nec,ok,ok,0.35055147483944893,0.21621627919375896,1.6213,1
cebik-w4rnl/models/Phased-Arrays/nec/3r6-sterba-12.nec,ok,ok,0.6345959855243564,0.2711892034858465,2.3400,1
cebik-w4rnl/models/Phased-Arrays/nec/3r6-sterba-ctrfed-12.nec,ok,ok,0.5863783620297909,0.25831781048327684,2.2700,1
cebik-w4rnl/models/Phased-Arrays/nec/3r9-halfwldr+6parguy-sngnd.nec,ok,ok,0.5672990055754781,0.2621528683230281,2.1640,1
cebik-w4rnl/models/Phased-Arrays/nec/432-col-coilmatch.nec,ok,ok,0.09697414003312588,0.05575870256870985,1.7392,1
cebik-w4rnl/models/Phased-Arrays/nec/432-col-indloadmatch.nec,ok,ok,0.059466805309057236,0.03913557343184948,,0
cebik-w4rnl/models/Phased-Arrays/nec/436-moxrectturnstile-sat-12.nec,ok,ok,0.16790697071701288,0.08887975849211216,1.8891,1
cebik-w4rnl/models/Phased-Arrays/nec/436-turnstileYagi-sat.nec,ok,ok,0.3852108269929886,0.13134946208447218,2.9327,1
cebik-w4rnl/models/Phased-Arrays/nec/50-edzlazyh-fs-14.nec,ok,ok,0.010449137538671494,0.009704098105430603,,0
cebik-w4rnl/models/Phased-Arrays/nec/5r4-2x4elphased-K8UR.nec,ok,ok,0.8467782316729426,0.36645006760954857,2.3108,1
cebik-w4rnl/models/Phased-Arrays/nec/5r4-4elphased-lowbend-K8UR.nec,ok,ok,0.45333652198314667,0.23177903797477484,1.9559,1
cebik-w4rnl/models/Phased-Arrays/nec/5r4-4elphased-midelbend-K8UR.nec,ok,ok,0.3185208812355995,0.16523855086416006,1.9276,1
cebik-w4rnl/models/Phased-Arrays/nec/5r4-halfwldr+6parguy-sngnd.nec,ok,ok,0.5797649780288339,0.2690811902284622,2.1546,1
cebik-w4rnl/models/Phased-Arrays/nec/7-2elphased-pergnd-2.nec,ok,ok,0.020069184713065624,0.015269267372786999,,0
cebik-w4rnl/models/Phased-Arrays/nec/7-2xhalfwldr+6parguy-sngnd.nec,ok,ok,1.3321395050734282,0.44139862433075905,3.0180,1
cebik-w4rnl/models/Phased-Arrays/nec/7-4square phased verts.nec,ok,ok,0.009272848255932331,0.008232654072344303,,0
cebik-w4rnl/models/Phased-Arrays/nec/7-halfwldr+6parguy-sngnd.nec,ok,ok,0.5770913837477565,0.284575741738081,2.0279,1
cebik-w4rnl/models/Phased-Arrays/nec/903-vertmonoYagis-inphasefed.nec,ok,ok,0.01260646153241396,0.017211015336215496,,0
cebik-w4rnl/models/Quads/nec/10-2eloptquad-12.nec,ok,ok,0.014660648070275784,0.009967812336981297,,0
cebik-w4rnl/models/Quads/nec/10-3elopthgquad-12.nec,ok,ok,0.01571704726666212,0.013966352678835392,,0
cebik-w4rnl/models/Quads/nec/10-3eloptwbquad-12.nec,ok,ok,0.015835790894925594,0.013689324259757996,,0
cebik-w4rnl/models/Quads/nec/10-4eloptquad-12.nec,ok,ok,0.021265498362481594,0.016872870735824108,,0
cebik-w4rnl/models/Quads/nec/1296-2eloptquad-12.nec,ok,ok,0.014891655184328556,0.010065993294119835,,0
cebik-w4rnl/models/Quads/nec/1296-3elopthgquad-12.nec,ok,ok,0.015725847333669662,0.013697140850126743,,0
cebik-w4rnl/models/Quads/nec/1296-3eloptwbquad-12.nec,ok,ok,0.015706711448729038,0.013611294329166412,,0
cebik-w4rnl/models/Quads/nec/1296-4eloptquad-12.nec,ok,ok,0.021291288547217846,0.01683047879487276,,0
cebik-w4rnl/models/Quads/nec/14-1elloop-diamond-14.nec,ok,ok,0.01451926026493311,0.01263577863574028,,0
cebik-w4rnl/models/Quads/nec/14-28-2b2elquad-14-1feed.nec,ok,ok,0.2832868658006191,0.1505456194281578,1.8817,1
cebik-w4rnl/models/Quads/nec/14-28-2b2elquad-14-widesp.nec,ok,ok,0.017131068743765354,0.014627628959715366,,0
cebik-w4rnl/models/Quads/nec/14-2eloptquad-12.nec,ok,ok,0.015268133021891117,0.010014927014708519,,0
cebik-w4rnl/models/Quads/nec/14-2elquad-sq-14-medsp.nec,ok,ok,0.01603338122367859,0.011105287820100784,,0
cebik-w4rnl/models/Quads/nec/14-2elquad-sq-14-smallsp.nec,ok,ok,0.010965234600007534,0.009460428729653358,,0
cebik-w4rnl/models/Quads/nec/14-2elquad-sq-widesp.nec,ok,ok,0.007022285833954811,0.007323809899389744,,0
cebik-w4rnl/models/Quads/nec/14-3elopthgquad-12.nec,ok,ok,0.015666715800762177,0.014311516657471657,,0
cebik-w4rnl/models/Quads/nec/14-3eloptwbquad-12.nec,ok,ok,0.01588399615138769,0.014195104129612446,,0
cebik-w4rnl/models/Quads/nec/14-3elquad-12-W6SAI.nec,ok,ok,0.027176684699952602,0.015553295612335205,,0
cebik-w4rnl/models/Quads/nec/14-3elquad-14-K2OB.nec,ok,ok,0.027100726030766964,0.016218310222029686,,0
cebik-w4rnl/models/Quads/nec/14-3elquad-14-Yagisp.nec,ok,ok,0.02708220761269331,0.01622259709984064,,0
cebik-w4rnl/models/Quads/nec/14-4eloptquad-12.nec,ok,ok,0.02158277202397585,0.016490007750689983,,0
cebik-w4rnl/models/Quads/nec/14-5elquad-10-eqsp-W4RNL.nec,ok,ok,0.07210473902523518,0.03734188247472048,,0
cebik-w4rnl/models/Quads/nec/14-5elquad-14-K2OB-80ft.nec,ok,ok,0.06540249660611153,0.03018125332891941,,0
cebik-w4rnl/models/Quads/nec/14-5elquad-14-K2OB.nec,ok,ok,0.06348323356360197,0.030178959481418133,,0
cebik-w4rnl/models/Quads/nec/14-6elquad-8.nec,ok,ok,0.0978901470080018,0.046176995150744915,,0
cebik-w4rnl/models/Quads/nec/144-2eloptquad-12.nec,ok,ok,0.014773246832191944,0.010129541158676147,,0
cebik-w4rnl/models/Quads/nec/144-3eloctagon-50.nec,ok,ok,0.014501395635306835,0.0127789955586195,,0
cebik-w4rnl/models/Quads/nec/144-3elopthgquad-12.nec,ok,ok,0.01581269782036543,0.014007972553372383,,0
cebik-w4rnl/models/Quads/nec/144-3eloptwbquad-12.nec,ok,ok,0.015815850347280502,0.013613556511700153,,0
cebik-w4rnl/models/Quads/nec/144-4eloptquad-12.nec,ok,ok,0.021332375705242157,0.016817902214825153,,0
cebik-w4rnl/models/Quads/nec/144-6elquad-14.nec,ok,ok,0.0984181435778737,0.04597325995564461,,0
cebik-w4rnl/models/Quads/nec/18-24-2b5-6elquad-W4RNL.nec,ok,ok,0.21607494540512562,0.09061432909220457,2.3846,1
cebik-w4rnl/models/Quads/nec/18-2eloptquad-12.nec,ok,ok,0.014713949523866177,0.010089851915836334,,0
cebik-w4rnl/models/Quads/nec/18-2elquad-sq-14-679ftsp.nec,ok,ok,0.009726695716381073,0.008576319552958012,,0
cebik-w4rnl/models/Quads/nec/18-2elquad-sq-14-944ftsp.nec,ok,ok,0.015638815239071846,0.011079268530011177,,0
cebik-w4rnl/models/Quads/nec/18-3elopthgquad-12.nec,ok,ok,0.015683114528656006,0.014397365041077137,,0
cebik-w4rnl/models/Quads/nec/18-3eloptwbquad.nec,ok,ok,0.015799720771610737,0.013519374653697014,,0
cebik-w4rnl/models/Quads/nec/18-3elquad-14-reversible-AA2NN.nec,ok,ok,0.3712624926120043,0.20071770902723074,1.8497,1
cebik-w4rnl/models/Quads/nec/18-3elquad-14.nec,ok,ok,0.3499323083087802,0.19814414903521538,1.7660,1
cebik-w4rnl/models/Quads/nec/18-4eloptquad-12.nec,ok,ok,0.02136873546987772,0.01637258753180504,,0
cebik-w4rnl/models/Quads/nec/21-28-2b2elquad-14-spider.nec,ok,ok,0.013529632240533829,0.011165627278387547,,0
cebik-w4rnl/models/Quads/nec/21-2eloptquad-12.nec,ok,ok,0.014721615239977837,0.009999383240938187,,0
cebik-w4rnl/models/Quads/nec/21-2elquad-sq-14-580ftsp.nec,ok,ok,0.006929468363523483,0.0062138792127370834,,0
cebik-w4rnl/models/Quads/nec/21-2elquad-sq-14-8ftsp.nec,ok,ok,0.015463936142623425,0.011466587893664837,,0
cebik-w4rnl/models/Quads/nec/21-2elquad-sq-18-ARRL.nec,ok,ok,0.009579279460012913,0.009120977483689785,,0
cebik-w4rnl/models/Quads/nec/21-3elopthgquad-12.nec,ok,ok,0.015582380816340446,0.013985387980937958,,0
cebik-w4rnl/models/Quads/nec/21-3eloptwbquad-12.nec,ok,ok,0.015842086635529995,0.013574076816439629,,0
cebik-w4rnl/models/Quads/nec/21-4eloptquad-12.nec,ok,ok,0.021482723765075207,0.016713774763047695,,0
cebik-w4rnl/models/Quads/nec/21-5elquad-14-eqsp-W4RNL.nec,ok,ok,0.07243407145142555,0.0372043214738369,,0
cebik-w4rnl/models/Quads/nec/21-6elquad-8.nec,ok,ok,0.09879874531179667,0.04617441073060036,,0
cebik-w4rnl/models/Quads/nec/220-2eloptquad-12.nec,ok,ok,0.014933203347027302,0.010048304684460163,,0
cebik-w4rnl/models/Quads/nec/220-3elopthgquad-12.nec,ok,ok,0.015905956737697124,0.014088757336139679,,0
cebik-w4rnl/models/Quads/nec/220-3eloptwbquad-12.nec,ok,ok,0.015848026610910892,0.013588692992925644,,0
cebik-w4rnl/models/Quads/nec/220-4eloptquad-12.nec,ok,ok,0.021434256806969643,0.01664992794394493,,0
cebik-w4rnl/models/Quads/nec/24-1elloop-diamond-14.nec,ok,ok,0.02979088108986616,0.019865146838128567,,0
cebik-w4rnl/models/Quads/nec/24-1elloop-diamond-load-14.nec,ok,ok,0.03724398743361235,0.035326069220900536,,0
cebik-w4rnl/models/Quads/nec/24-2eloptquad-12.nec,ok,ok,0.014780210331082344,0.010043191723525524,,0
cebik-w4rnl/models/Quads/nec/24-2elquad-dia-14-675ftsp.nec,ok,ok,0.04823672492057085,0.028502955101430416,,0
cebik-w4rnl/models/Quads/nec/24-2elquad-sq-14-5ftsp.nec,ok,ok,0.0061576226726174355,0.005833734758198261,,0
cebik-w4rnl/models/Quads/nec/24-2elquad-sq-14-685ftsp.nec,ok,ok,0.015565648674964905,0.010937041603028774,,0
cebik-w4rnl/models/Quads/nec/24-3elopthgquad-12.nec,ok,ok,0.015815147198736668,0.014369926415383816,,0
cebik-w4rnl/models/Quads/nec/24-3eloptwbquad-12.nec,ok,ok,0.015957157127559185,0.01357403676956892,,0
cebik-w4rnl/models/Quads/nec/24-4eloptquad-12.nec,ok,ok,0.021331219002604485,0.01637900620698929,,0
cebik-w4rnl/models/Quads/nec/28-1elloop-1.nec,ok,ok,0.009148715063929558,0.008518231101334095,,0
cebik-w4rnl/models/Quads/nec/28-1elloop-14.nec,ok,ok,0.00896460935473442,0.008413556031882763,,0
cebik-w4rnl/models/Quads/nec/28-1elloop-load-14.nec,ok,ok,0.01143118366599083,0.010247979313135147,,0
cebik-w4rnl/models/Quads/nec/28-2eldeltaloop-14.nec,ok,ok,0.02893354371190071,0.019400021992623806,,0
cebik-w4rnl/models/Quads/nec/28-2eloptquad-12.nec,ok,ok,0.01479446329176426,0.010407350026071072,,0
cebik-w4rnl/models/Quads/nec/28-2elquad-dia-load-14.nec,ok,ok,0.05139416456222534,0.029522581957280636,,0
cebik-w4rnl/models/Quads/nec/28-2elquad-sq-14-6ftsp.nec,ok,ok,0.015745998360216618,0.011071981862187386,,0
cebik-w4rnl/models/Quads/nec/28-2elquad-sq-14-medsp.nec,ok,ok,0.015780827961862087,0.011094004847109318,,0
cebik-w4rnl/models/Quads/nec/28-2elquad-sq-14-smallsp.nec,ok,ok,0.015829702839255333,0.01190993096679449,,0
cebik-w4rnl/models/Quads/nec/28-2elquad-sq-14-widesp.nec,ok,ok,0.015774919651448727,0.011107703670859337,,0
cebik-w4rnl/models/Quads/nec/28-2elquad-sq-14.nec,ok,ok,0.007052785716950893,0.006793621927499771,,0
cebik-w4rnl/models/Quads/nec/28-2elquad-sq-dblload-14.nec,ok,ok,0.08716810029000044,0.044132973067462444,,0
cebik-w4rnl/models/Quads/nec/28-2elquad-sq-load-14.nec,ok,ok,0.04926742147654295,0.028421545401215553,,0
cebik-w4rnl/models/Quads/nec/28-2elquad-sq-load.nec,ok,ok,0.027684793807566166,0.016226114705204964,,0
cebik-w4rnl/models/Quads/nec/28-2elswissdelta-14.nec,ok,ok,0.01032046228647232,0.010482543148100376,,0
cebik-w4rnl/models/Quads/nec/28-3elopthgquad-12.nec,ok,ok,0.0157289020717144,0.013400024734437466,,0
cebik-w4rnl/models/Quads/nec/28-3eloptwbquad-12.nec,ok,ok,0.015849966555833817,0.013528216630220413,,0
cebik-w4rnl/models/Quads/nec/28-3elquad-14-Yagisp.nec,ok,ok,0.026973784901201725,0.015727562829852104,,0
cebik-w4rnl/models/Quads/nec/28-3elquad-50-Yagisp.nec,ok,ok,0.027624488808214664,0.0165327163413167,,0
cebik-w4rnl/models/Quads/nec/28-4eloptquad-12.nec,ok,ok,0.02131896186619997,0.01633878145366907,,0
cebik-w4rnl/models/Quads/nec/28-5elquad-16-eqsp-W4RNL.nec,ok,ok,0.07285558246076107,0.03786902688443661,,0
cebik-w4rnl/models/Quads/nec/28-6elquad-8.nec,ok,ok,0.09811197873204947,0.04591645486652851,,0
cebik-w4rnl/models/Quads/nec/28-birdcage-dri-14.nec,ok,ok,0.018569573760032654,0.014917011372745037,,0
cebik-w4rnl/models/Quads/nec/28-birdcage-ref-14.nec,ok,ok,0.01839257776737213,0.015487191267311573,,0
cebik-w4rnl/models/Quads/nec/3band2elquad-14-1feed-a.nec,ok,ok,0.5676407404243946,0.22794196847826242,2.4903,1
cebik-w4rnl/models/Quads/nec/3band2elquad-14-1feed.nec,ok,ok,0.3785295896232128,0.17296227440238,2.1885,1
cebik-w4rnl/models/Quads/nec/3band4elquad-12-ARRL.nec,ok,ok,0.09443611651659012,0.044772653840482235,,0
cebik-w4rnl/models/Quads/nec/3r6-2eloptquad-12.nec,ok,ok,0.014879446476697922,0.010181335732340813,,0
cebik-w4rnl/models/Quads/nec/3r6-3elopthgquad-12.nec,ok,ok,0.015987243503332138,0.013998283073306084,,0
cebik-w4rnl/models/Quads/nec/3r6-3eloptwbquad-12.nec,ok,ok,0.015795286744832993,0.013612012378871441,,0
cebik-w4rnl/models/Quads/nec/3r6-4eloptquad-12.nec,ok,ok,0.021320386789739132,0.016791357658803463,,0
cebik-w4rnl/models/Quads/nec/3r9-2eloptquad-12.nec,ok,ok,0.014884699136018753,0.01006150059401989,,0
cebik-w4rnl/models/Quads/nec/3r9-3elopthgquad-12.nec,ok,ok,0.01567032001912594,0.014118700288236141,,0
cebik-w4rnl/models/Quads/nec/3r9-3eloptwbquad-12.nec,ok,ok,0.015751749277114868,0.014479237608611584,,0
cebik-w4rnl/models/Quads/nec/3r9-4eloptquad-12.nec,ok,ok,0.02137069869786501,0.016293654218316078,,0
cebik-w4rnl/models/Quads/nec/432-2eloptquad-12.nec,ok,ok,0.014880247414112091,0.010035521350800991,,0
cebik-w4rnl/models/Quads/nec/432-3elopthgquad-12.nec,ok,ok,0.01567986886948347,0.01356006320565939,,0
cebik-w4rnl/models/Quads/nec/432-3eloptwbquad-12.nec,ok,ok,0.01578887738287449,0.013827431946992874,,0
cebik-w4rnl/models/Quads/nec/432-4eloptquad-12.nec,ok,ok,0.021251006983220577,0.016408264636993408,,0
cebik-w4rnl/models/Quads/nec/50-2eloptquad-12.nec,ok,ok,0.014693615026772022,0.010322870686650276,,0
cebik-w4rnl/models/Quads/nec/50-3elopthgquad-12.nec,ok,ok,0.01582503691315651,0.01367844920605421,,0
cebik-w4rnl/models/Quads/nec/50-3eloptwbquad-12.nec,ok,ok,0.015872687101364136,0.013518126681447029,,0
cebik-w4rnl/models/Quads/nec/50-4eloptquad-12.nec,ok,ok,0.02139817550778389,0.01692873425781727,,0
cebik-w4rnl/models/Quads/nec/5band2elquad-planar-KC6T.nec,ok,ok,0.06872859597206116,0.03824909497052431,,0
cebik-w4rnl/models/Quads/nec/5band2elquad-spider-125wlsp.nec,ok,ok,0.06928608007729053,0.03810823801904917,,0
cebik-w4rnl/models/Quads/nec/5band2elquad-spider-174wlsp.nec,ok,ok,0.07118604145944118,0.037751211784780025,,0
cebik-w4rnl/models/Quads/nec/5band2elquad-spider-opt.nec,ok,ok,0.07112596742808819,0.038198042660951614,,0
cebik-w4rnl/models/Quads/nec/5band2elquad-spider-widesp.nec,ok,ok,0.08107385318726301,0.04572897218167782,,0
cebik-w4rnl/models/Quads/nec/5band3elquad-14-ON7NQ.nec,ok,ok,0.14216873701661825,0.06641775276511908,2.1405,1
cebik-w4rnl/models/Quads/nec/5band3elquad-14-sepfeed.nec,ok,ok,0.14180329162627459,0.06666902732104063,2.1270,1
cebik-w4rnl/models/Quads/nec/5band3r5elquad-12-ON7NQ.nec,ok,ok,0.18099088687449694,0.08723196852952242,2.0748,1
cebik-w4rnl/models/Quads/nec/5band4-5elquad-12-W4RNL.nec,ok,ok,0.31100083887577057,0.1277123037725687,2.4352,1
cebik-w4rnl/models/Quads/nec/5band4-5elquad-ON7NQ.nec,ok,ok,0.10909048095345497,0.06389287021011114,1.7074,1
cebik-w4rnl/models/Quads/nec/5band4elquad-12-GI0KVQ.nec,ok,ok,0.25886616483330727,0.10308178327977657,2.5113,1
cebik-w4rnl/models/Quads/nec/5band5-6elquad-12-W4RNL.nec,ok,ok,0.3592422679066658,0.13916280306875706,2.5815,1
cebik-w4rnl/models/Quads/nec/5r4-2eloptquad-12.nec,ok,ok,0.014788839034736156,0.010154078714549541,,0
cebik-w4rnl/models/Quads/nec/5r4-3elopthgquad-12.nec,ok,ok,0.015905719250440598,0.013623992912471294,,0
cebik-w4rnl/models/Quads/nec/5r4-3eloptwbquad-12.nec,ok,ok,0.015844197012484074,0.013623783364892006,,0
cebik-w4rnl/models/Quads/nec/5r4-4eloptquad-12.nec,ok,ok,0.021299000829458237,0.01709455158561468,,0
cebik-w4rnl/models/Quads/nec/7-2eloptquad-12.nec,ok,ok,0.014879521913826466,0.010184883140027523,,0
cebik-w4rnl/models/Quads/nec/7-3elopthgquad-12.nec,ok,ok,0.015689720399677753,0.014026561751961708,,0
cebik-w4rnl/models/Quads/nec/7-3eloptwbquad-12.nec,ok,ok,0.015861881896853447,0.0135303670540452,,0
cebik-w4rnl/models/Quads/nec/7-4eloptquad-12.nec,ok,ok,0.021281947381794453,0.016333237290382385,,0
cebik-w4rnl/models/Quads/nec/903-2eloptquad-12.nec,ok,ok,0.014830740168690681,0.010622934438288212,,0
cebik-w4rnl/models/Quads/nec/903-3elopthgquad-12.nec,ok,ok,0.01564348954707384,0.013605090789496899,,0
cebik-w4rnl/models/Quads/nec/903-3eloptwbquad-12.nec,ok,ok,0.01585984416306019,0.013969038613140583,,0
cebik-w4rnl/models/Quads/nec/903-4eloptquad-12.nec,ok,ok,0.021248132921755314,0.016603427939116955,,0
cebik-w4rnl/models/VHF-UHF/nec/100-FMJpole.nec,ok,ok,0.1341760689392686,0.08045093901455402,1.6678,1
cebik-w4rnl/models/VHF-UHF/nec/100-batwing+reflector.nec,ok,ok,0.15256816800683737,0.0820670360699296,1.8591,1
cebik-w4rnl/models/VHF-UHF/nec/100-batwing-wbdipole.nec,ok,ok,0.039469351060688496,0.024725367315113544,,0
cebik-w4rnl/models/VHF-UHF/nec/100-dual-rhombic.nec,ok,ok,4.600288700312376,1.5473256278783083,2.9731,1
cebik-w4rnl/models/VHF-UHF/nec/1296-20elYagi-DL6WU.nec,ok,ok,0.06453671585768461,0.03393620066344738,,0
cebik-w4rnl/models/VHF-UHF/nec/1296-32elYagi-DL6WU.nec,ok,ok,0.14035219233483076,0.061169231310486794,2.2945,1
cebik-w4rnl/models/VHF-UHF/nec/1296-cornerrefl+dipole.nec,ok,ok,0.577166766859591,0.18194133508950472,3.1723,1
cebik-w4rnl/models/VHF-UHF/nec/1296-cornerrefl-vertical.nec,ok,ok,0.12734640203416348,0.0573298716917634,2.2213,1
cebik-w4rnl/models/VHF-UHF/nec/1296-dual-rhombic-QST.nec,ok,ok,1.279935016296804,0.5390615398064256,2.3744,1
cebik-w4rnl/models/VHF-UHF/nec/144-10elOWAYagi.nec,ok,ok,0.027077089995145798,0.01956037525087595,,0
cebik-w4rnl/models/VHF-UHF/nec/144-10elYagi-DL6WU.nec,ok,ok,0.02403212897479534,0.01865208614617586,,0
cebik-w4rnl/models/VHF-UHF/nec/144-11elOWAYagi.nec,ok,ok,0.030490645207464695,0.02068538498133421,,0
cebik-w4rnl/models/VHF-UHF/nec/144-12elOWAYagi.nec,ok,ok,0.034987314604222775,0.0227682301774621,,0
cebik-w4rnl/models/VHF-UHF/nec/144-13elquagi.nec,ok,ok,0.025233296677470207,0.018467634916305542,,0
cebik-w4rnl/models/VHF-UHF/nec/144-2elquad-vertical.nec,ok,ok,0.09090398158878088,0.035480220802128315,,0
cebik-w4rnl/models/VHF-UHF/nec/144-2elquad.nec,ok,ok,0.015912874601781368,0.011358184739947319,,0
cebik-w4rnl/models/VHF-UHF/nec/144-3elhalfsquare.nec,ok,ok,0.08874687738716602,0.0369816068559885,,0
cebik-w4rnl/models/VHF-UHF/nec/144-3elwbYagi-W6SAI.nec,ok,ok,0.010464485734701157,0.008590475656092167,,0
cebik-w4rnl/models/VHF-UHF/nec/144-58gp.nec,ok,ok,0.278099587187171,0.11767301801592112,2.3633,1
cebik-w4rnl/models/VHF-UHF/nec/144-6elOWAYagi.nec,ok,ok,0.015349210239946842,0.013405625708401203,,0
cebik-w4rnl/models/VHF-UHF/nec/144-7elOWAYagi.nec,ok,ok,0.017838780768215656,0.01500698458403349,,0
cebik-w4rnl/models/VHF-UHF/nec/144-8elOWAYagi.nec,ok,ok,0.020559029653668404,0.016551200300455093,,0
cebik-w4rnl/models/VHF-UHF/nec/144-9elOWAYagi.nec,ok,ok,0.023639402352273464,0.017779197543859482,,0
cebik-w4rnl/models/VHF-UHF/nec/144-collinear-vertical.nec,ok,ok,0.05499530676752329,0.04285778570920229,,0
cebik-w4rnl/models/VHF-UHF/nec/144-dipole-vertical.nec,ok,ok,0.021115947514772415,0.017916515469551086,,0
cebik-w4rnl/models/VHF-UHF/nec/144-edz-delayline.nec,ok,ok,0.03680398128926754,0.023042858578264713,,0
cebik-w4rnl/models/VHF-UHF/nec/144-edz.nec,ok,ok,0.010791325010359287,0.009815700352191925,,0
cebik-w4rnl/models/VHF-UHF/nec/144-moxrect-1.nec,ok,ok,0.00727433804422617,0.006935691460967064,,0
cebik-w4rnl/models/VHF-UHF/nec/144-moxrect-125.nec,ok,ok,0.007924004457890987,0.008262786082923412,,0
cebik-w4rnl/models/VHF-UHF/nec/144-quadloop-vertical.nec,ok,ok,0.03935483191162348,0.020903553813695908,,0
cebik-w4rnl/models/VHF-UHF/nec/220-10elOWAYagi.nec,ok,ok,0.02707621641457081,0.019641384482383728,,0
cebik-w4rnl/models/VHF-UHF/nec/220-11elOWAYagi.nec,ok,ok,0.030499503947794437,0.02146831713616848,,0
cebik-w4rnl/models/VHF-UHF/nec/220-12elOWAYagi+2ref.nec,ok,ok,0.04009965714067221,0.0235145790502429,,0
cebik-w4rnl/models/VHF-UHF/nec/220-12elOWAYagi.nec,ok,ok,0.03569254372268915,0.036287582479417324,,0
cebik-w4rnl/models/VHF-UHF/nec/220-12elYagi-DL6WU.nec,ok,ok,0.029973230324685574,0.020642584189772606,,0
cebik-w4rnl/models/VHF-UHF/nec/220-13elYagi-SM5BSZ.nec,ok,ok,0.03890346735715866,0.02409979235380888,,0
cebik-w4rnl/models/VHF-UHF/nec/220-13elquagi-Buchanen.nec,ok,ok,0.02542575728148222,0.018938676454126835,,0
cebik-w4rnl/models/VHF-UHF/nec/220-14elYagi-W4RNL.nec,ok,ok,0.019362345337867737,0.015574122779071331,,0
cebik-w4rnl/models/VHF-UHF/nec/220-15elYagi-Buchanan.nec,ok,ok,0.020729471929371357,0.016764377243816853,,0
cebik-w4rnl/models/VHF-UHF/nec/220-16elYagi-DL6WU.nec,ok,ok,0.04523029364645481,0.02709716558456421,,0
cebik-w4rnl/models/VHF-UHF/nec/220-18elYagi-DL6WU.nec,ok,ok,0.054233466275036335,0.030743571929633617,,0
cebik-w4rnl/models/VHF-UHF/nec/220-21elYagi-DL6WU.nec,ok,ok,0.0692677004262805,0.03637711517512798,,0
cebik-w4rnl/models/VHF-UHF/nec/220-26elYagi-Dl6WU.nec,ok,ok,0.09794667828828096,0.04684731923043728,,0
cebik-w4rnl/models/VHF-UHF/nec/220-27elYagi-DJ9BV.nec,ok,ok,0.04401481989771128,0.026467726565897465,,0
cebik-w4rnl/models/VHF-UHF/nec/220-33elYagi.nec,ok,ok,0.1483241319656372,0.0634847367182374,2.3364,1
cebik-w4rnl/models/VHF-UHF/nec/220-3elYagi.nec,ok,ok,0.006194020621478558,0.0062108831480145454,,0
cebik-w4rnl/models/VHF-UHF/nec/220-4elwbYagi.nec,ok,ok,0.009377083741128445,0.009045182727277279,,0
cebik-w4rnl/models/VHF-UHF/nec/220-6elOWAYagi-a.nec,ok,ok,0.015062467195093632,0.013571325689554214,,0
cebik-w4rnl/models/VHF-UHF/nec/220-6elOWAYagi.nec,ok,ok,0.015188300050795078,0.013294175267219543,,0
cebik-w4rnl/models/VHF-UHF/nec/220-7elOWAYagi-a.nec,ok,ok,0.017955275252461433,0.01533039566129446,,0
cebik-w4rnl/models/VHF-UHF/nec/220-7elOWAYagi.nec,ok,ok,0.017920760437846184,0.014953392557799816,,0
cebik-w4rnl/models/VHF-UHF/nec/220-8elOWAYagi-a.nec,ok,ok,0.02077094092965126,0.02645778190344572,,0
cebik-w4rnl/models/VHF-UHF/nec/220-8elOWAYagi.nec,ok,ok,0.014832042157649994,0.013095567002892494,,0
cebik-w4rnl/models/VHF-UHF/nec/220-9elOWAYagi.nec,ok,ok,0.023675517179071903,0.018256607465445995,,0
cebik-w4rnl/models/VHF-UHF/nec/300-Lindenblad.nec,ok,ok,0.009614674374461174,0.008912147022783756,,0
cebik-w4rnl/models/VHF-UHF/nec/300-turnstile-dipoles.nec,ok,ok,0.00693781953305006,0.006677129305899143,,0
cebik-w4rnl/models/VHF-UHF/nec/432-10elOWAYagi-14.nec,ok,ok,0.02677416428923607,0.019351845607161522,,0
cebik-w4rnl/models/VHF-UHF/nec/432-10elYagi-DL6WU.nec,ok,ok,0.023906703107059002,0.018733112141489983,,0
cebik-w4rnl/models/VHF-UHF/nec/432-11elOWAYagi-14.nec,ok,ok,0.030391489155590534,0.02106119692325592,,0
cebik-w4rnl/models/VHF-UHF/nec/432-12elOWAYagi+2ref-4mm.nec,ok,ok,0.0427863085642457,0.026341397315263748,,0
cebik-w4rnl/models/VHF-UHF/nec/432-12elOWAYagi-10mm.nec,ok,ok,0.034972742199897766,0.022271452471613884,,0
cebik-w4rnl/models/VHF-UHF/nec/432-12elOWAYagi-14.nec,ok,ok,0.03432022873312235,0.02289139200001955,,0
cebik-w4rnl/models/VHF-UHF/nec/432-12elOWAYagi-4mm.nec,ok,ok,0.0434153052046895,0.02579502295702696,,0
cebik-w4rnl/models/VHF-UHF/nec/432-14elYagi-DL6WU.nec,ok,ok,0.03702529892325401,0.02330191060900688,,0
cebik-w4rnl/models/VHF-UHF/nec/432-16elYagi-DL6WU.nec,ok,ok,0.045388029888272285,0.02669696696102619,,0
cebik-w4rnl/models/VHF-UHF/nec/432-18elYagi-DL6WU.nec,ok,ok,0.053691817447543144,0.030616787262260914,,0
cebik-w4rnl/models/VHF-UHF/nec/432-18elYagi.nec,ok,ok,0.0541235962882638,0.030845800414681435,,0
cebik-w4rnl/models/VHF-UHF/nec/432-20elYagi-DL6WU.nec,ok,ok,0.06395870726555586,0.03414960391819477,,0
cebik-w4rnl/models/VHF-UHF/nec/432-21-elOWAYagi-4mm.nec,ok,ok,0.07712928391993046,0.03749956376850605,,0
cebik-w4rnl/models/VHF-UHF/nec/432-21elYagi-DL6WU.nec,ok,ok,0.06895263493061066,0.03613301459699869,,0
cebik-w4rnl/models/VHF-UHF/nec/432-25elYagi.nec,ok,ok,0.09231621958315372,0.044225589372217655,,0
cebik-w4rnl/models/VHF-UHF/nec/432-26elYagi-DL6WU.nec,ok,ok,0.09791028127074242,0.04635862819850445,,0
cebik-w4rnl/models/VHF-UHF/nec/432-26elYagi-SM5BSZ.nec,ok,ok,0.09798440523445606,0.046713972464203835,,0
cebik-w4rnl/models/VHF-UHF/nec/432-27elYagi-DJ9BV.nec,ok,ok,0.1043890556320548,0.048753672279417515,,0
cebik-w4rnl/models/VHF-UHF/nec/432-31elYagi.nec,ok,ok,0.13365754578262568,0.05863592214882374,2.2794,1
cebik-w4rnl/models/VHF-UHF/nec/432-32elYagi-DL6WU.nec,ok,ok,0.1404485795646906,0.06095655169337988,2.3041,1
cebik-w4rnl/models/VHF-UHF/nec/432-32elwbYagi-VK3AUU.nec,ok,ok,0.1407575746998191,0.0618284922093153,2.2766,1
cebik-w4rnl/models/VHF-UHF/nec/432-40elYagi-K1FO.nec,ok,ok,0.21089371386915445,0.08532760106027126,2.4716,1
cebik-w4rnl/models/VHF-UHF/nec/432-41elwbYagi-VK3AUU.nec,ok,ok,0.21972206328064203,0.08810593653470278,2.4938,1
cebik-w4rnl/models/VHF-UHF/nec/432-43elYagi-VE7SQB.nec,ok,ok,0.24028943572193384,0.09624639432877302,2.4966,1
cebik-w4rnl/models/VHF-UHF/nec/432-4elwbYagi-W4RNL.nec,ok,ok,0.007750962860882282,0.013540122658014297,,0
cebik-w4rnl/models/VHF-UHF/nec/432-58gp.nec,ok,ok,0.03334823250770569,0.025554265826940536,,0
cebik-w4rnl/models/VHF-UHF/nec/432-58splitvertical-WA6SVT.nec,ok,ok,0.0570921441540122,0.026487035676836967,,0
cebik-w4rnl/models/VHF-UHF/nec/432-6elOWAYagi-14.nec,ok,ok,0.015176968649029732,0.013488230295479298,,0
cebik-w4rnl/models/VHF-UHF/nec/432-6elwbYagi-W4RNL.nec,ok,ok,0.010196855291724205,0.009554566815495491,,0
cebik-w4rnl/models/VHF-UHF/nec/432-7elOWAYagi-14.nec,ok,ok,0.0178599851205945,0.014925889670848846,,0
cebik-w4rnl/models/VHF-UHF/nec/432-8elOWAYagi-14.nec,ok,ok,0.020682680420577526,0.01658583339303732,,0
cebik-w4rnl/models/VHF-UHF/nec/432-8elYagi-ARRL.nec,ok,ok,0.0147031145170331,0.01318354718387127,,0
cebik-w4rnl/models/VHF-UHF/nec/432-8elYagi-DL6WU.nec,ok,ok,0.018662837333977222,0.015596807934343815,,0
cebik-w4rnl/models/VHF-UHF/nec/432-8elwbYagi-W4RNL.nec,ok,ok,0.014953354373574257,0.013064322993159294,,0
cebik-w4rnl/models/VHF-UHF/nec/432-8elwireYagi-14.nec,ok,ok,0.013543169014155865,0.012296532280743122,,0
cebik-w4rnl/models/VHF-UHF/nec/432-9elOWAYagi-14.nec,ok,ok,0.023687146604061127,0.017729446291923523,,0
cebik-w4rnl/models/VHF-UHF/nec/432-batwing+reflector.nec,ok,ok,0.4967012107372284,0.19874749146401882,2.4992,1
cebik-w4rnl/models/VHF-UHF/nec/432-batwing-wbdipole.nec,ok,ok,0.0383560499176383,0.024760239757597446,,0
cebik-w4rnl/models/VHF-UHF/nec/432-collinearvertical-GP.nec,ok,ok,0.05995153449475765,0.03928485978394747,,0
cebik-w4rnl/models/VHF-UHF/nec/432-cornerrefl+dipole-a.nec,ok,ok,0.15487782657146454,0.06606344785541296,2.3444,1
cebik-w4rnl/models/VHF-UHF/nec/432-cornerrefl+dipole-b.nec,ok,ok,0.576546423137188,0.19704631343483925,2.9259,1
cebik-w4rnl/models/VHF-UHF/nec/432-cornerrefl+dipole.nec,ok,ok,0.30136985424906015,0.11735842749476433,2.5679,1
cebik-w4rnl/models/VHF-UHF/nec/432-cornerrefl-horiz.nec,ok,ok,1.311594957485795,0.3564922511577606,3.6792,1
cebik-w4rnl/models/VHF-UHF/nec/432-cornerrefl-vertical.nec,ok,ok,0.1284212926402688,0.05704346764832735,2.2513,1
cebik-w4rnl/models/VHF-UHF/nec/432-cornerrefl-wiregrid-large.nec,ok,ok,2.9756306717172265,0.9298627208918333,3.2001,1
cebik-w4rnl/models/VHF-UHF/nec/432-cornerrefl-wiregrid-small.nec,ok,ok,0.1991844242438674,0.10782133415341377,1.8474,1
cebik-w4rnl/models/VHF-UHF/nec/432-dbldiamond-wiregridplanarrefl.nec,ok,ok,0.7214745469391346,0.2627921933308244,2.7454,1
cebik-w4rnl/models/VHF-UHF/nec/432-flatcornerrefl+dipole.nec,ok,ok,0.19799185823649168,0.08534068986773491,2.3200,1
cebik-w4rnl/models/VHF-UHF/nec/432-tri-cornerrefl.nec,ok,ok,3.438806340098381,1.1042355690151453,3.1142,1
cebik-w4rnl/models/VHF-UHF/nec/432-vertical-GP-125.nec,ok,ok,0.023924142122268677,0.019907276146113873,,0
cebik-w4rnl/models/VHF-UHF/nec/50-12elXquad-14.nec,ok,ok,0.10530744679272175,0.04712499212473631,,0
cebik-w4rnl/models/VHF-UHF/nec/50-2eldr-dirYagi.nec,ok,ok,0.006379558704793453,0.006230209954082966,,0
cebik-w4rnl/models/VHF-UHF/nec/50-2elwbYagi-W6SAI.nec,ok,ok,0.006489626131951809,0.0062949443235993385,,0
cebik-w4rnl/models/VHF-UHF/nec/50-3elquad-14.nec,ok,ok,0.02674914337694645,0.015357131138443947,,0
cebik-w4rnl/models/VHF-UHF/nec/50-3elwbYagi-W6SAI.nec,ok,ok,0.008170046843588352,0.008385591208934784,,0
cebik-w4rnl/models/VHF-UHF/nec/50-4elhigainYagi-W1VT.nec,ok,ok,0.007352283224463463,0.007596001029014587,,0
cebik-w4rnl/models/VHF-UHF/nec/50-6elOWAYagi.nec,ok,ok,0.018396700732409954,0.015135323628783226,,0
cebik-w4rnl/models/VHF-UHF/nec/50-7elOWAYagi.nec,ok,ok,0.021755988709628582,0.017469982616603374,,0
cebik-w4rnl/models/VHF-UHF/nec/50-8elOWAYagi.nec,ok,ok,0.0253240168094635,0.018777943216264248,,0
cebik-w4rnl/models/VHF-UHF/nec/50-9elYagi-ON4ANT.nec,ok,ok,0.06688344106078148,0.03631951939314604,,0
cebik-w4rnl/models/VHF-UHF/nec/50-dipole-turnstile.nec,ok,ok,0.0960799315944314,0.06272760313004255,1.5317,1
cebik-w4rnl/models/VHF-UHF/nec/50-lazyH-phasedarray.nec,ok,ok,0.5143531309440732,0.1414821268990636,3.6355,1
cebik-w4rnl/models/VHF-UHF/nec/50-lazyH.nec,ok,ok,0.19837815780192614,0.0921838991343975,2.1520,1
cebik-w4rnl/models/VHF-UHF/nec/50-moxrect-14.nec,ok,ok,0.06482400931417942,0.027495400980114937,,0
cebik-w4rnl/models/VHF-UHF/nec/50-moxrect-50.nec,ok,ok,0.0670474711805582,0.02843388356268406,,0
cebik-w4rnl/models/VHF-UHF/nec/50-quad-turnstile.nec,ok,ok,0.18494550697505474,0.08974088821560144,2.0609,1
cebik-w4rnl/models/VHF-UHF/nec/50-quadrectangle-horiz.nec,ok,ok,0.01216863188892603,0.011306166648864746,,0
cebik-w4rnl/models/VHF-UHF/nec/850-dbldiamond-planarrefl.nec,ok,ok,0.04164619278162718,0.025960080325603485,,0
cebik-w4rnl/models/VHF-UHF/nec/903-20elYagi-DL6WU.nec,ok,ok,0.06371935829520226,0.03456712234765291,,0
cebik-w4rnl/models/VHF-UHF/nec/903-32elYagi-DL6WU.nec,ok,ok,0.14047543425112963,0.06091281957924366,2.3062,1
cebik-w4rnl/models/VHF-UHF/nec/903-cornerrefl-vertical.nec,ok,ok,0.1286864010617137,0.05714509263634682,2.2519,1
cebik-w4rnl/models/Verticals/nec/10-3elparasitic-sngnd.nec,ok,ok,0.4658329663798213,0.19650541990995407,2.3706,1
cebik-w4rnl/models/Verticals/nec/10-3elwireparasitic-sngnd.nec,ok,ok,0.1865082699805498,0.11601743567734957,1.6076,1
cebik-w4rnl/models/Verticals/nec/10-bobtailcurtain-14.nec,ok,ok,0.29848342575132847,0.1842255163937807,1.6202,1
cebik-w4rnl/models/Verticals/nec/10-dblrect-14.nec,ok,ok,0.34404955990612507,0.21719361376017332,1.5841,1
cebik-w4rnl/models/Verticals/nec/10-dpl-spiralhats-sngnd.nec,ok,ok,0.11628178041428328,0.07367009669542313,1.5784,1
cebik-w4rnl/models/Verticals/nec/10-halfsquare-12.nec,ok,ok,0.2967549851164222,0.1838243268430233,1.6143,1
cebik-w4rnl/models/Verticals/nec/10-hsbeam-12.nec,ok,ok,0.32827677484601736,0.19272893574088812,1.7033,1
cebik-w4rnl/models/Verticals/nec/10-quadloop-dia-12.nec,ok,ok,0.310077547095716,0.18893373291939497,1.6412,1
cebik-w4rnl/models/Verticals/nec/10-quadloop-sq-12.nec,ok,ok,0.1864538649097085,0.11615217197686434,1.6053,1
cebik-w4rnl/models/Verticals/nec/10-rect-14.nec,ok,ok,0.2988233622163534,0.18455902487039566,1.6191,1
cebik-w4rnl/models/Verticals/nec/10-sterba-12.nec,ok,ok,0.6071102758869529,0.2618799675256014,2.3183,1
cebik-w4rnl/models/Verticals/nec/10-sterba-ctrfed-12.nec,ok,ok,0.5692657129839063,0.2791974935680628,2.0389,1
cebik-w4rnl/models/Verticals/nec/14-monopole-4rad.nec,ok,ok,0.3425125600770116,0.20655883383005857,1.6582,1
cebik-w4rnl/models/Verticals/nec/14-monopole-4sloperad.nec,ok,ok,0.2392285903915763,0.14727145805954933,1.6244,1
cebik-w4rnl/models/Verticals/nec/144-14gp-45deg.nec,ok,ok,0.14740898553282022,0.07441646512597799,1.9809,1
cebik-w4rnl/models/Verticals/nec/144-14gp.nec,ok,ok,0.14524365961551666,0.0725250169634819,2.0027,1
cebik-w4rnl/models/Verticals/nec/144-14vertical-GP-fat.nec,ok,ok,0.054516212083399296,0.026053513400256634,,0
cebik-w4rnl/models/Verticals/nec/144-2elBobtail.nec,ok,ok,0.296776220202446,0.09510114323347807,3.1206,1
cebik-w4rnl/models/Verticals/nec/144-2elhalfsquare.nec,ok,ok,0.07026820443570614,0.024833633564412594,,0
cebik-w4rnl/models/Verticals/nec/144-3eljpoleYagi-375.nec,ok,ok,0.5009460598230362,0.22180353663861752,2.2585,1
cebik-w4rnl/models/Verticals/nec/144-Jpole-50.nec,ok,ok,0.00664637703448534,0.006329234689474106,,0
cebik-w4rnl/models/Verticals/nec/144-Jpole58-375.nec,ok,ok,0.024397874251008034,0.012345915660262108,,0
cebik-w4rnl/models/Verticals/nec/144-edz-vertical.nec,ok,ok,0.04647821746766567,0.034028555266559124,,0
cebik-w4rnl/models/Verticals/nec/144-halfsquare.nec,ok,ok,0.02328377217054367,0.014033728279173374,,0
cebik-w4rnl/models/Verticals/nec/18-jpole-12.nec,ok,ok,0.006281279027462006,0.006031565368175507,,0
cebik-w4rnl/models/Verticals/nec/1r8-dblrect-12.nec,ok,ok,0.36559617426246405,0.21667669247835875,1.6873,1
cebik-w4rnl/models/Verticals/nec/1r8-monopole-12rad-lentpr.nec,ok,ok,0.35771496314555407,0.22530130483210087,1.5877,1
cebik-w4rnl/models/Verticals/nec/1r8-monopole-4rad-lentpr.nec,ok,ok,0.3166349520906806,0.20261070411652327,1.5628,1
cebik-w4rnl/models/Verticals/nec/1r8-monopole-60rad-lentpr.nec,ok,ok,1.2567895343527198,0.3880782378837466,3.2385,1
cebik-w4rnl/models/Verticals/nec/1r8-rect-12.nec,ok,ok,0.3211815571412444,0.20019774325191975,1.6043,1
cebik-w4rnl/models/Verticals/nec/1r8-thatmonopole-mingnd.nec,ok,ok,0.007100842893123627,0.006297830492258072,,0
cebik-w4rnl/models/Verticals/nec/1r8-thatwiremonopole-mingnd.nec,ok,ok,0.008520946837961674,0.007396230474114418,,0
cebik-w4rnl/models/Verticals/nec/21-jpole-12.nec,ok,ok,0.006111362017691135,0.006049279123544693,,0
cebik-w4rnl/models/Verticals/nec/24-jpole-12.nec,ok,ok,0.006186941638588905,0.005948525853455067,,0
cebik-w4rnl/models/Verticals/nec/28-jpole-12.nec,ok,ok,0.006088290363550186,0.0058599915355443954,,0
cebik-w4rnl/models/Verticals/nec/28-monopole-4rad.nec,ok,ok,0.31405823584645987,0.18137742020189762,1.7315,1
cebik-w4rnl/models/Verticals/nec/28-monopole-4sloperad.nec,ok,ok,0.12477048952132463,0.07423087488859892,1.6808,1
cebik-w4rnl/models/Verticals/nec/3-monopole-16hat-pergnd.nec,ok,ok,0.011613268405199051,0.009218055754899979,,0
cebik-w4rnl/models/Verticals/nec/3-monopole-16hat-perim-pergnd.nec,ok,ok,0.02092097606509924,0.014793374575674534,,0
cebik-w4rnl/models/Verticals/nec/3-monopole-4hat-pergnd.nec,ok,ok,0.007319911383092403,0.006973952986299992,,0
cebik-w4rnl/models/Verticals/nec/3-monopole-4hat-perim-pergnd.nec,ok,ok,0.00910903885960579,0.007872202433645725,,0
cebik-w4rnl/models/Verticals/nec/300-11eldplarray.nec,ok,ok,0.07960545178502798,0.05833605024963617,1.3646,1
cebik-w4rnl/models/Verticals/nec/300-20eldplarray.nec,ok,ok,0.1555550554767251,0.09762213844805956,1.5934,1
cebik-w4rnl/models/Verticals/nec/300-30eldplarray.nec,ok,ok,0.26631519570946693,0.14848352130502462,1.7936,1
cebik-w4rnl/models/Verticals/nec/3r5-equidelta-fs-12.nec,ok,ok,0.008082962594926357,0.008071384392678738,,0
cebik-w4rnl/models/Verticals/nec/3r6-alt2shortequidelta-sngnd-12.nec,ok,ok,0.22476897109299898,0.13870932906866074,1.6204,1
cebik-w4rnl/models/Verticals/nec/3r6-alt3shortequidelta-sngnd-12.nec,ok,ok,0.22552539128810167,0.13899302948266268,1.6226,1
cebik-w4rnl/models/Verticals/nec/3r6-altshortequidelta-sngnd-12.nec,ok,ok,0.2279715221375227,0.14157772716134787,1.6102,1
cebik-w4rnl/models/Verticals/nec/3r6-bobtailbeam-12.nec,ok,ok,0.4049755074083805,0.2518198098987341,1.6082,1
cebik-w4rnl/models/Verticals/nec/3r6-bobtailcurtain-12.nec,ok,ok,0.36438420321792364,0.22400084976106882,1.6267,1
cebik-w4rnl/models/Verticals/nec/3r6-dbldelta-sngnd-12.nec,ok,ok,0.32207996118813753,0.19599220901727676,1.6433,1
cebik-w4rnl/models/Verticals/nec/3r6-dblrect-12.nec,ok,ok,0.35255316644907,0.2104417160153389,1.6753,1
cebik-w4rnl/models/Verticals/nec/3r6-halfsquare-12.nec,ok,ok,0.30815779231488705,0.19104952458292246,1.6130,1
cebik-w4rnl/models/Verticals/nec/3r6-hentenna-12.nec,ok,ok,0.3104529632255435,0.19272878672927618,1.6108,1
cebik-w4rnl/models/Verticals/nec/3r6-hsbeam-12.nec,ok,ok,0.3364971103146672,0.209992622025311,1.6024,1
cebik-w4rnl/models/Verticals/nec/3r6-hsbeam-reverible-12.nec,ok,ok,0.3431948097422719,0.215023098513484,1.5961,1
cebik-w4rnl/models/Verticals/nec/3r6-opendblrect-12.nec,ok,ok,0.347557432949543,0.19809383619576693,1.7545,1
cebik-w4rnl/models/Verticals/nec/3r6-parasitichentennas-12-N2DT.nec,ok,ok,0.35601615998893976,0.20912144519388676,1.7024,1
cebik-w4rnl/models/Verticals/nec/3r6-phasedhentennas-12-N2DT.nec,ok,ok,0.3553026420995593,0.20637599285691977,1.7216,1
cebik-w4rnl/models/Verticals/nec/3r6-rectangle-12.nec,ok,ok,0.3099107639864087,0.19268116727471352,1.6084,1
cebik-w4rnl/models/Verticals/nec/3r6-rtangdelta-fs-12.nec,ok,ok,0.007057183422148228,0.006740167737007141,,0
cebik-w4rnl/models/Verticals/nec/3r6-shortequidelta-sngnd-12.nec,ok,ok,0.23688822146505117,0.139356916770339,1.6999,1
cebik-w4rnl/models/Verticals/nec/3r6-vert-coilhat.nec,ok,ok,0.020043211057782173,0.014009225182235241,,0
cebik-w4rnl/models/Verticals/nec/3r6-vert-spiralhat.nec,ok,ok,0.029171990230679512,0.019199184142053127,,0
cebik-w4rnl/models/Verticals/nec/3r6-vert-symradhat.nec,ok,ok,0.0687940027564764,0.036958311684429646,,0
cebik-w4rnl/models/Verticals/nec/3r6-vert-teehat.nec,ok,ok,0.01522549893707037,0.011321836151182652,,0
cebik-w4rnl/models/Verticals/nec/3r6-vert-zigzaghat.nec,ok,ok,0.02218684647232294,0.015033690258860588,,0
cebik-w4rnl/models/Verticals/nec/50-Lant-375.nec,ok,ok,0.1007922412827611,0.06596437748521566,1.5280,1
cebik-w4rnl/models/Verticals/nec/50-Lant-50.nec,ok,ok,0.10058320593088865,0.08400779590010643,1.1973,1
cebik-w4rnl/models/Verticals/nec/5r4-bobtailcurtain-14.nec,ok,ok,0.3099510511383414,0.1933655934408307,1.6029,1
cebik-w4rnl/models/Verticals/nec/5r4-dblrect-14.nec,ok,ok,0.37358246836811304,0.21781467739492655,1.7151,1
cebik-w4rnl/models/Verticals/nec/5r4-halfsquare-12.nec,ok,ok,0.310826288536191,0.19220284651964903,1.6172,1
cebik-w4rnl/models/Verticals/nec/5r4-opendblrect-12.nec,ok,ok,0.33768653124570847,0.201289520598948,1.6776,1
cebik-w4rnl/models/Verticals/nec/5r4-rect-14.nec,ok,ok,0.312700429931283,0.1936807418242097,1.6145,1
cebik-w4rnl/models/Verticals/nec/7-2elphased-mingnd.nec,ok,ok,0.0063132429495453835,0.005926882848143578,,0
cebik-w4rnl/models/Verticals/nec/7-2monopoles-parasitic.nec,ok,ok,0.005156216211616993,0.004934594035148621,,0
cebik-w4rnl/models/Verticals/nec/7-2monopoles-phased.nec,ok,ok,0.006046820431947708,0.005777439102530479,,0
cebik-w4rnl/models/Verticals/nec/7-3elcaploadparasitic-sngnd.nec,ok,ok,0.5399058628827333,0.24901765119284391,2.1681,1
cebik-w4rnl/models/Verticals/nec/7-3elhatloadparasitic-sngnd.nec,ok,ok,0.5059290872886777,0.24346806202083826,2.0780,1
cebik-w4rnl/models/Verticals/nec/7-3elparasitic-sngnd.nec,ok,ok,0.388041652739048,0.18323932029306889,2.1177,1
cebik-w4rnl/models/Verticals/nec/7-3elvertYagi-mingnd-1.nec,ok,ok,0.01146543025970459,0.010416258126497269,,0
cebik-w4rnl/models/Verticals/nec/7-3elwireparasitic-sngnd.nec,ok,ok,0.19414527621120214,0.12074821162968874,1.6079,1
cebik-w4rnl/models/Verticals/nec/7-bobtailcurtain-14.nec,ok,ok,0.2865455513820052,0.17619442753493786,1.6263,1
cebik-w4rnl/models/Verticals/nec/7-bruce-12.nec,ok,ok,0.015620832331478596,0.013385810889303684,,0
cebik-w4rnl/models/Verticals/nec/7-dbldelta-sngnd-12.nec,ok,ok,0.29860670026391745,0.1906895050778985,1.5659,1
cebik-w4rnl/models/Verticals/nec/7-dblrect-14.nec,ok,ok,0.3312600152567029,0.2018632097169757,1.6410,1
cebik-w4rnl/models/Verticals/nec/7-dpl-hats-sngnd.nec,ok,ok,0.2112274644896388,0.13096104003489017,1.6129,1
cebik-w4rnl/models/Verticals/nec/7-dpl-spiralhats-sngnd.nec,ok,ok,0.10781880374997854,0.06875638570636511,1.5681,1
cebik-w4rnl/models/Verticals/nec/7-equidelta-fs-12.nec,ok,ok,0.007939757779240608,0.008015294559299946,,0
cebik-w4rnl/models/Verticals/nec/7-halfsquare-12.nec,ok,ok,0.28458637185394764,0.209549056366086,1.3581,1
cebik-w4rnl/models/Verticals/nec/7-halfwlvert-6parasiticguys.nec,ok,ok,0.7022836217656732,0.3796753063797951,1.8497,1
cebik-w4rnl/models/Verticals/nec/7-hsbeam-12.nec,ok,ok,0.31624959129840136,0.19737429171800613,1.6023,1
cebik-w4rnl/models/Verticals/nec/7-monopole-4sloperad-sngnd.nec,ok,ok,0.18893353827297688,0.12234095484018326,1.5443,1
cebik-w4rnl/models/Verticals/nec/7-monopole-6rad-sngnd.nec,ok,ok,0.36422606464475393,0.19249514304101467,1.8921,1
cebik-w4rnl/models/Verticals/nec/7-opendblrect-12.nec,ok,ok,0.3111890321597457,0.18505052011460066,1.6816,1
cebik-w4rnl/models/Verticals/nec/7-quadloop-dia-12.nec,ok,ok,0.2976558906957507,0.19049158412963152,1.5626,1
cebik-w4rnl/models/Verticals/nec/7-quadloop-sq-12.nec,ok,ok,0.1942666731774807,0.12145563960075378,1.5995,1
cebik-w4rnl/models/Verticals/nec/7-rect-14.nec,ok,ok,0.28619069419801235,0.17651764675974846,1.6213,1
cebik-w4rnl/models/Verticals/nec/7-rtangdelta-sngnd-12.nec,ok,ok,0.27774727065116167,0.17781188990920782,1.5620,1
cebik-w4rnl/models/Verticals/nec/7-smallloop-1.nec,ok,ok,0.015139512717723846,0.012834731489419937,,0
cebik-w4rnl/models/Verticals/nec/7-sterba-12.nec,ok,ok,0.6048809951171279,0.2557832468301058,2.3648,1
cebik-w4rnl/models/Verticals/nec/7-sterba-ctrfed-12.nec,ok,ok,0.5619779629632831,0.2740078214555979,2.0510,1
cebik-w4rnl/models/Wire-Arrays/nec/10-28-hordelta-cnrfd-12.nec,ok,ok,0.2427642708644271,0.1431469852104783,1.6959,1
cebik-w4rnl/models/Wire-Arrays/nec/10-2elYagi-reversible-12.nec,ok,ok,0.00706381443887949,0.006618351675570011,,0
cebik-w4rnl/models/Wire-Arrays/nec/10-3elYagi-14.nec,ok,ok,0.30518943071365356,0.18317665252834558,1.6661,1
cebik-w4rnl/models/Wire-Arrays/nec/10-8jk-12.nec,ok,ok,0.294860664755106,0.18296141736209393,1.6116,1
cebik-w4rnl/models/Wire-Arrays/nec/10-halfsq-14.nec,ok,ok,0.33728774543851614,0.20564747601747513,1.6401,1
cebik-w4rnl/models/Wire-Arrays/nec/14-28-rhombic21-12.nec,ok,ok,0.07502091582864523,0.03907429985702038,,0
cebik-w4rnl/models/Wire-Arrays/nec/14-3eledzbeam-12.nec,ok,ok,0.10986588429659605,0.06653252895921469,1.6513,1
cebik-w4rnl/models/Wire-Arrays/nec/14-5wllongwire-endfd-12.nec,ok,ok,0.9484162861481309,0.28249478805810213,3.3573,1
cebik-w4rnl/models/Wire-Arrays/nec/14-8jk-12.nec,ok,ok,0.3141265297308564,0.19647989328950644,1.5988,1
cebik-w4rnl/models/Wire-Arrays/nec/14-N4PCloop-12.nec,ok,ok,0.037231963127851486,0.023496723733842373,,0
cebik-w4rnl/models/Wire-Arrays/nec/14-halfsq-14.nec,ok,ok,0.3578057140111923,0.2080358611419797,1.7199,1
cebik-w4rnl/models/Wire-Arrays/nec/14-halfsqbeam-14.nec,ok,ok,0.3387819519266486,0.2051512822508812,1.6514,1
cebik-w4rnl/models/Wire-Arrays/nec/14-slopet2fd-12.nec,ok,ok,0.31720612570643425,0.19243357796221972,1.6484,1
cebik-w4rnl/models/Wire-Arrays/nec/14-trianglebeam-12.nec,ok,ok,1.6994896065443754,0.41566800232976675,4.0886,1
cebik-w4rnl/models/Wire-Arrays/nec/14-vbeam-12.nec,ok,ok,1.0057020103558898,0.28494696225970984,3.5294,1
cebik-w4rnl/models/Wire-Arrays/nec/1r8-28-horhexloop-12.nec,ok,ok,0.4395102635025978,0.23958237562328577,1.8345,1
cebik-w4rnl/models/Wire-Arrays/nec/1r8-28-horhexloop-large-12.nec,ok,ok,0.3660149648785591,0.2255302658304572,1.6229,1
cebik-w4rnl/models/Wire-Arrays/nec/1r8-28-hort2fd-long-12.nec,ok,ok,0.034778764471411705,0.022621731273829937,,0
cebik-w4rnl/models/Wire-Arrays/nec/1r8-28-hort2fd-med-12.nec,ok,ok,0.3440426168963313,0.20527654513716698,1.6760,1
cebik-w4rnl/models/Wire-Arrays/nec/1r8-28-hort2fd-med-tl-12.nec,ok,ok,0.5038593430072069,0.19646450877189636,2.5646,1
cebik-w4rnl/models/Wire-Arrays/nec/1r8-28-hort2fd-short-12.nec,ok,ok,0.01009338814765215,0.009424248710274696,,0
cebik-w4rnl/models/Wire-Arrays/nec/1r8-bobtailbeam-12.nec,ok,ok,0.41662928462028503,0.258892223238945,1.6093,1
cebik-w4rnl/models/Wire-Arrays/nec/1r8-dblrect-12.nec,ok,ok,0.3672480368986726,0.2166949762031436,1.6948,1
cebik-w4rnl/models/Wire-Arrays/nec/1r8-halfsq-14.nec,ok,ok,0.3212526887655258,0.2001376859843731,1.6052,1
cebik-w4rnl/models/Wire-Arrays/nec/21-coledz-12.nec,ok,ok,0.21479949448257685,0.09284449368715286,2.3135,1
cebik-w4rnl/models/Wire-Arrays/nec/21-coledzlazyh-12.nec,ok,ok,0.5882712276652455,0.16646522376686335,3.5339,1
cebik-w4rnl/models/Wire-Arrays/nec/28-hentenna-12.nec,ok,ok,0.10479103773832321,0.06543581560254097,1.6014,1
cebik-w4rnl/models/Wire-Arrays/nec/3r6-1wlhordelta-12.nec,ok,ok,0.36404720321297646,0.20323396380990744,1.7913,1
cebik-w4rnl/models/Wire-Arrays/nec/3r6-1wlhorhexloop-14.nec,ok,ok,0.3149606306105852,0.192375966347754,1.6372,1
cebik-w4rnl/models/Wire-Arrays/nec/3r6-1wlhoroctloop-12.nec,ok,ok,0.3650712529197335,0.20656933821737766,1.7673,1
cebik-w4rnl/models/Wire-Arrays/nec/3r6-2elYagi-12.nec,ok,ok,0.29585775546729565,0.1891807047650218,1.5639,1
cebik-w4rnl/models/Wire-Arrays/nec/3r6-3elYagi-14.nec,ok,ok,0.3250399734824896,0.1968696229159832,1.6510,1
cebik-w4rnl/models/Wire-Arrays/nec/3r6-3r9-4wire2elYagi.nec,ok,ok,0.32284990791231394,0.19898859784007072,1.6225,1
cebik-w4rnl/models/Wire-Arrays/nec/3r6-dblrect-12.nec,ok,ok,0.017174874432384968,0.014037474058568478,,0
cebik-w4rnl/models/Wire-Arrays/nec/3r6-halfsq-12.nec,ok,ok,0.3081794576719403,0.19119277969002724,1.6119,1
cebik-w4rnl/models/Wire-Arrays/nec/3r6-halfsqbeam-12.nec,ok,ok,0.34184246417135,0.202887243591249,1.6849,1
cebik-w4rnl/models/Wire-Arrays/nec/3r6-linloaddipole-12.nec,ok,ok,0.01170389261096716,0.009566177614033222,,0
cebik-w4rnl/models/Wire-Arrays/nec/3r6-slopet2fd-12.nec,ok,ok,0.22973590530455112,0.1397595228627324,1.6438,1
cebik-w4rnl/models/Wire-Arrays/nec/3r6-vertrect-12.nec,ok,ok,0.30931190587580204,0.19164002873003483,1.6140,1
cebik-w4rnl/models/Wire-Arrays/nec/3r6-wbdipole-14.nec,ok,ok,0.2945596668869257,0.18948163837194443,1.5546,1
cebik-w4rnl/models/Wire-Arrays/nec/3r9-2elYagi-14.nec,ok,ok,0.31103812623769045,0.21866864431649446,1.4224,1
cebik-w4rnl/models/Wire-Arrays/nec/3r9-2elYagi-reflload-14.nec,ok,ok,0.3146788328886032,0.19712748005986214,1.5963,1
cebik-w4rnl/models/Wire-Arrays/nec/3r9-3elYagi-14.nec,ok,ok,0.33428625762462616,0.1999227413907647,1.6721,1
cebik-w4rnl/models/Wire-Arrays/nec/3r9-3wire2elYagi-14.nec,ok,ok,0.31947285309433937,0.19676812272518873,1.6236,1
cebik-w4rnl/models/Wire-Arrays/nec/3r9-nvis-1wlloop-planarrefl.nec,ok,ok,0.6227444829419255,0.2936473963782191,2.1207,1
cebik-w4rnl/models/Wire-Arrays/nec/3r9-nvis-batwing-planarrefl.nec,ok,ok,0.9390589743852615,0.3403385952115059,2.7592,1
cebik-w4rnl/models/Wire-Arrays/nec/3r9-nvis-dipole-planarrefl.nec,ok,ok,0.5639208490028977,0.28250020183622837,1.9962,1
cebik-w4rnl/models/Wire-Arrays/nec/3r9-nvis-edzlazyh-planarrefl.nec,ok,ok,1.0971550503745675,0.3946428447961807,2.7801,1
cebik-w4rnl/models/Wire-Arrays/nec/3r9-nvis-jamaica-planarrefl.nec,ok,ok,0.8431493723765016,0.3256336096674204,2.5893,1
cebik-w4rnl/models/Wire-Arrays/nec/5r4-2elYagi-reversible-12.nec,ok,ok,0.00705467164516449,0.006862267851829529,,0
cebik-w4rnl/models/Wire-Arrays/nec/5r4-8jk-12.nec,ok,ok,0.3512177802622318,0.21896227728575468,1.6040,1
cebik-w4rnl/models/Wire-Arrays/nec/5r4-dblrect-14.nec,ok,ok,0.35869949124753475,0.21783112362027168,1.6467,1
cebik-w4rnl/models/Wire-Arrays/nec/5r4-halfsq-12.nec,ok,ok,0.30711887776851654,0.19102943036705256,1.6077,1
cebik-w4rnl/models/Wire-Arrays/nec/5r4-moxrect-reversible-12-AA2NN.nec,ok,ok,0.3035351000726223,0.23245098069310188,1.3058,1
cebik-w4rnl/models/Wire-Arrays/nec/7-14-rhombic10-12.nec,ok,ok,0.07454996928572655,0.03805038705468178,,0
cebik-w4rnl/models/Wire-Arrays/nec/7-28-hordelta-cnrfd-12.nec,ok,ok,0.33928927779197693,0.18699373677372932,1.8144,1
cebik-w4rnl/models/Wire-Arrays/nec/7-28-lazyh15-al.nec,ok,ok,0.11555362679064274,0.06974311359226704,1.6568,1
cebik-w4rnl/models/Wire-Arrays/nec/7-28-sqloop-cnrfd-12.nec,ok,ok,0.48891603387892246,0.24304865673184395,2.0116,1
cebik-w4rnl/models/Wire-Arrays/nec/7-28-sqloop-sidefd-12.nec,ok,ok,0.3816993348300457,0.20369013026356697,1.8739,1
cebik-w4rnl/models/Wire-Arrays/nec/7-2elYagi-reversible-12.nec,ok,ok,0.007038467563688755,0.006773920729756355,,0
cebik-w4rnl/models/Wire-Arrays/nec/7-2eldelta-12-K4TX.nec,ok,ok,0.3329570358619094,0.18849697057157755,1.7664,1
cebik-w4rnl/models/Wire-Arrays/nec/7-2elwireYagi-12.nec,ok,ok,0.006699862889945507,0.006551351398229599,,0
cebik-w4rnl/models/Wire-Arrays/nec/7-3elYagi-14.nec,ok,ok,0.2926222262904048,0.17623044829815626,1.6605,1
cebik-w4rnl/models/Wire-Arrays/nec/7-8jk-12.nec,ok,ok,0.2823790777474642,0.17583741713315248,1.6059,1
cebik-w4rnl/models/Wire-Arrays/nec/7-bobtailbeam-12.nec,ok,ok,0.38662785198539495,0.24120103102177382,1.6029,1
cebik-w4rnl/models/Wire-Arrays/nec/7-dblrect-14.nec,ok,ok,0.3307167673483491,0.20024308748543262,1.6516,1
cebik-w4rnl/models/Wire-Arrays/nec/7-edzlazyh-14.nec,ok,ok,0.10087187774479389,0.06362215522676706,1.5855,1
cebik-w4rnl/models/Wire-Arrays/nec/7-halfsq-12.nec,ok,ok,0.28143914323300123,0.17341351602226496,1.6229,1
cebik-w4rnl/models/Wire-Arrays/nec/7-halfsqbeam-12.nec,ok,ok,0.3082080679014325,0.19539416115731,1.5774,1
cebik-w4rnl/models/Wire-Arrays/nec/7-halfsqbeam-14.nec,ok,ok,0.30682407692074776,0.19421448186039925,1.5798,1
cebik-w4rnl/models/Wire-Arrays/nec/7-hentenna-12.nec,ok,ok,0.10056211240589619,0.06375422608107328,1.5773,1
cebik-w4rnl/models/Wire-Arrays/nec/7-lazyh-14.nec,ok,ok,0.0993421794846654,0.06325988657772541,1.5704,1
cebik-w4rnl/models/Wire-Arrays/nec/7-moxrect-reversible-12-AA2NN.nec,ok,ok,0.27670373767614365,0.1771231722086668,1.5622,1
cebik-w4rnl/models/Wire-Arrays/nec/7-multiV-4wl-14.nec,ok,ok,0.6634571393951774,0.2916832845658064,2.2746,1
cebik-w4rnl/models/Wire-Arrays/nec/7-rect-botctrfd-14.nec,ok,ok,0.28081237990409136,0.17413994390517473,1.6126,1
cebik-w4rnl/models/Wire-Arrays/nec/7-rtanglevertdelta-botfd-12.nec,ok,ok,0.28686272632330656,0.1753065949305892,1.6363,1
cebik-w4rnl/models/Wire-Arrays/nec/7-slopet2fd-12.nec,ok,ok,0.2028143061324954,0.12173206359148026,1.6661,1
cebik-w4rnl/models/Wire-Arrays/nec/7-sqquadloop-botfd-12.nec,ok,ok,0.007906673476099968,0.007992472499608994,,0
cebik-w4rnl/models/Wire-Arrays/nec/7-vertdelta-botfd-12.nec,ok,ok,0.28671245090663433,0.17589610256254673,1.6300,1
cebik-w4rnl/models/Wire-Arrays/nec/7-vertintfldloop-12.nec,ok,ok,0.24944173637777567,0.1326595302671194,1.8803,1
cebik-w4rnl/models/Wire-Arrays/nec/7-wbdipole-14.nec,ok,ok,0.2680520601570606,0.17100095842033625,1.5675,1
cebik-w4rnl/models/Yagis-HF/nec/13el20mwireYagi-KB9MZ.nec,ok,ok,0.35266928747296333,0.1217432888224721,2.8968,1
cebik-w4rnl/models/Yagis-HF/nec/2e10mlhelicalelYagi-12.nec,ok,ok,0.04946570284664631,0.030078522861003876,,0
cebik-w4rnl/models/Yagis-HF/nec/2el10mB-antbeam-25.nec,ok,ok,0.17502139415591955,0.08883015718311071,1.9703,1
cebik-w4rnl/models/Yagis-HF/nec/2el10mYagi-stepdia-large.nec,ok,ok,0.007352016866207123,0.006979423575103283,,0
cebik-w4rnl/models/Yagis-HF/nec/2el10mYagi-stepdia-small.nec,ok,ok,0.006806904450058937,0.006553955376148224,,0
cebik-w4rnl/models/Yagis-HF/nec/2el30mwireYagi.nec,ok,ok,0.006364032626152039,0.006265527568757534,,0
cebik-w4rnl/models/Yagis-HF/nec/2el40mwireYagi.nec,ok,ok,0.006389277055859566,0.006303890608251095,,0
cebik-w4rnl/models/Yagis-HF/nec/2el60mwireYagi.nec,ok,ok,0.005622963421046734,0.005706947296857834,,0
cebik-w4rnl/models/Yagis-HF/nec/2el75mwireYagi.nec,ok,ok,0.005391671322286129,0.005506104789674282,,0
cebik-w4rnl/models/Yagis-HF/nec/2el80mwireYagi.nec,ok,ok,0.005562926642596722,0.005403154529631138,,0
cebik-w4rnl/models/Yagis-HF/nec/2eldr-dir10mYagi-375.nec,ok,ok,0.006250140257179737,0.006126596592366695,,0
cebik-w4rnl/models/Yagis-HF/nec/2eldr-dir10mYagi-50.nec,ok,ok,0.005554330535233021,0.0055674342438578606,,0
cebik-w4rnl/models/Yagis-HF/nec/2eldr-ref12mYagi-42.nec,ok,ok,0.006198530085384846,0.0062152063474059105,,0
cebik-w4rnl/models/Yagis-HF/nec/2eldr-ref15mYagi-50.nec,ok,ok,0.00624984223395586,0.006107073277235031,,0
cebik-w4rnl/models/Yagis-HF/nec/2eldr-ref17mYagi-59.nec,ok,ok,0.006162718869745731,0.006250779144465923,,0
cebik-w4rnl/models/Yagis-HF/nec/2eldr-ref20mYagi-1r5.nec,ok,ok,0.005937641486525536,0.0059431130066514015,,0
cebik-w4rnl/models/Yagis-HF/nec/2eldr-ref30mYagi-2.nec,ok,ok,0.005870495922863483,0.005841178819537163,,0
cebik-w4rnl/models/Yagis-HF/nec/2eldr-ref40mYagi-1r5.nec,ok,ok,0.006188908591866493,0.0060947732999920845,,0
cebik-w4rnl/models/Yagis-HF/nec/2eldr-ref40mYagi-stepdia.nec,ok,ok,0.018023180775344372,0.01459976751357317,,0
cebik-w4rnl/models/Yagis-HF/nec/2elwb40mYagi-stepdia.nec,ok,ok,0.014608087949454784,0.013568592257797718,,0
cebik-w4rnl/models/Yagis-HF/nec/3bandHFYagi-uniel-noloads.nec,ok,ok,0.0421336367726326,0.026454761624336243,,0
cebik-w4rnl/models/Yagis-HF/nec/3bandHFtrapYagi-stepdia.nec,ok,ok,0.022317539900541306,0.017406241968274117,,0
cebik-w4rnl/models/Yagis-HF/nec/3el10mYagi-50.nec,ok,ok,0.00792298000305891,0.008083075284957886,,0
cebik-w4rnl/models/Yagis-HF/nec/3el10mYagi-Bird.nec,ok,ok,0.010391782969236374,0.009712551720440388,,0
cebik-w4rnl/models/Yagis-HF/nec/3el10mYagi-stepdia.nec,ok,ok,0.008828137069940567,0.009084300138056278,,0
cebik-w4rnl/models/Yagis-HF/nec/3el12mYagi-625.nec,ok,ok,0.0076784733682870865,0.008025380782783031,,0
cebik-w4rnl/models/Yagis-HF/nec/3el15mYagi-stepdia-large.nec,ok,ok,0.009338099509477615,0.009201525710523129,,0
cebik-w4rnl/models/Yagis-HF/nec/3el15mYagi-stepdia-small.nec,ok,ok,0.015664133243262768,0.013654511421918869,,0
cebik-w4rnl/models/Yagis-HF/nec/3el15mlongYagi-75.nec,ok,ok,0.007986290380358696,0.008167160674929619,,0
cebik-w4rnl/models/Yagis-HF/nec/3el15mmedYagi-K9EUV.nec,ok,ok,0.0061239441856741905,0.006204199977219105,,0
cebik-w4rnl/models/Yagis-HF/nec/3el15mshortYagi-75.nec,ok,ok,0.007727876305580139,0.008180778473615646,,0
cebik-w4rnl/models/Yagis-HF/nec/3el17mshortYagi-875.nec,ok,ok,0.007658300921320915,0.007982471026480198,,0
cebik-w4rnl/models/Yagis-HF/nec/3el20mlongYagi-1.nec,ok,ok,0.0077604493126273155,0.007959883660078049,,0
cebik-w4rnl/models/Yagis-HF/nec/3el20mlongYagi-stepdia.nec,ok,ok,0.00789929274469614,0.007869032211601734,,0
cebik-w4rnl/models/Yagis-HF/nec/3el20mmedYagi-K9EUV.nec,ok,ok,0.0060752155259251595,0.006064034067094326,,0
cebik-w4rnl/models/Yagis-HF/nec/3el20mshortYagi-1.nec,ok,ok,0.00784559641033411,0.008059783838689327,,0
cebik-w4rnl/models/Yagis-HF/nec/3el20mshortYagi-stepdia.nec,ok,ok,0.007854508236050606,0.007648516446352005,,0
cebik-w4rnl/models/Yagis-HF/nec/3el2b15m10mYagi-1.nec,ok,ok,0.046693203039467335,0.027433248236775398,,0
cebik-w4rnl/models/Yagis-HF/nec/3el40mVYagi-WA3FET.nec,ok,ok,0.008559930138289928,0.00849578995257616,,0
cebik-w4rnl/models/Yagis-HF/nec/3el40mYagi-stepdia.nec,ok,ok,0.0080347815528512,0.007750265300273895,,0
cebik-w4rnl/models/Yagis-HF/nec/3el40mlongYagi-2.nec,ok,ok,0.0076020872220396996,0.00791170448064804,,0
cebik-w4rnl/models/Yagis-HF/nec/3el40mshortYagi-2.nec,ok,ok,0.007684416137635708,0.008077644743025303,,0
cebik-w4rnl/models/Yagis-HF/nec/3el40mwireYagi-reversible.nec,ok,ok,0.0077213263139128685,0.00788956880569458,,0
cebik-w4rnl/models/Yagis-HF/nec/3el60mwireYagi-reversible.nec,ok,ok,0.007535235024988651,0.007953127846121788,,0
cebik-w4rnl/models/Yagis-HF/nec/3el75mwireYagi-reversible.nec,ok,ok,0.007558760233223438,0.00820066686719656,,0
cebik-w4rnl/models/Yagis-HF/nec/3el80mwireYagi-reversible.nec,ok,ok,0.007656358182430267,0.007894082926213741,,0
cebik-w4rnl/models/Yagis-HF/nec/3elVYagi10m-wa3fet.nec,ok,ok,0.007872987538576126,0.008108432404696941,,0
cebik-w4rnl/models/Yagis-HF/nec/3elmed10mYagi-K9EUV.nec,ok,ok,0.007756171748042107,0.008075703866779804,,0
cebik-w4rnl/models/Yagis-HF/nec/3elshort10mYagi-50.nec,ok,ok,0.007733453996479511,0.007982684299349785,,0
cebik-w4rnl/models/Yagis-HF/nec/3elwb10mYagi-W6SAI.nec,ok,ok,0.006524722091853619,0.00671727117151022,,0
cebik-w4rnl/models/Yagis-HF/nec/3elwb10mYagi-stepdia.nec,ok,ok,0.007995826192200184,0.008214831352233887,,0
cebik-w4rnl/models/Yagis-HF/nec/3elwb40mYagi-stepdia.nec,ok,ok,0.020898583345115185,0.016887184232473373,,0
cebik-w4rnl/models/Yagis-HF/nec/4el10mYagi-75.nec,ok,ok,0.006821945309638977,0.006700737401843071,,0
cebik-w4rnl/models/Yagis-HF/nec/4el10mwbYagi-stepdia-W4RNL.nec,ok,ok,0.015334089286625385,0.013407474383711815,,0
cebik-w4rnl/models/Yagis-HF/nec/4el10mwbYagi-stepdia.nec,ok,ok,0.009786171838641167,0.00993248913437128,,0
cebik-w4rnl/models/Yagis-HF/nec/4el15mYagi-875.nec,ok,ok,0.009385277517139912,0.009016456082463264,,0
cebik-w4rnl/models/Yagis-HF/nec/4el20mYagi-stepdia.nec,ok,ok,0.018799697048962116,0.015868622809648514,,0
cebik-w4rnl/models/Yagis-HF/nec/4el2b12m17mYagi-stepdia.nec,ok,ok,0.015188602730631828,0.013553569093346596,,0
cebik-w4rnl/models/Yagis-HF/nec/4el2b12m17mdr-dirYagi-stepdia.nec,ok,ok,0.01588701643049717,0.01372875738888979,,0
cebik-w4rnl/models/Yagis-HF/nec/4el2band80m75mwireYagi.nec,ok,ok,0.009951334446668625,0.009539378806948662,,0
cebik-w4rnl/models/Yagis-HF/nec/4elwb40mYagi.nec,ok,ok,0.029537931084632874,0.02120148204267025,,0
cebik-w4rnl/models/Yagis-HF/nec/5bandHFYagi50_-ON4ANT.nec,ok,ok,0.04730433598160744,0.02884026151150465,,0
cebik-w4rnl/models/Yagis-HF/nec/5bandHFYagi60_-ON4ANT.nec,ok,ok,0.05104380939155817,0.03041391260921955,,0
cebik-w4rnl/models/Yagis-HF/nec/5el10mYagi-K4SB.nec,ok,ok,0.009090579114854336,0.008949903771281242,,0
cebik-w4rnl/models/Yagis-HF/nec/5el10mwbYagi-stepdia.nec,ok,ok,0.01102182175964117,0.010348668321967125,,0
cebik-w4rnl/models/Yagis-HF/nec/5el20mYagi-K4SB.nec,ok,ok,0.024858356453478336,0.018415410071611404,,0
cebik-w4rnl/models/Yagis-HF/nec/5el20mYagi-N6BV.nec,ok,ok,0.03516475111246109,0.023378171026706696,,0
cebik-w4rnl/models/Yagis-HF/nec/5el20mYagi-W3LPL.nec,ok,ok,0.034017253667116165,0.022575356997549534,,0
cebik-w4rnl/models/Yagis-HF/nec/5el20mYagi-W6NGZ.nec,ok,ok,0.02165686246007681,0.017759003676474094,,0
cebik-w4rnl/models/Yagis-HF/nec/6el10mOWAYagi-N6BV.nec,ok,ok,0.028730456717312336,0.0209160465747118,,0
cebik-w4rnl/models/Yagis-HF/nec/6el10mOWAYagi-NW3Z.nec,ok,ok,0.018520992249250412,0.015529814176261425,,0
cebik-w4rnl/models/Yagis-HF/nec/6el10mOWAYagi-hd-stepdia.nec,ok,ok,0.014916826039552689,0.013827419839799404,,0
cebik-w4rnl/models/Yagis-HF/nec/6el20mOWAYagi-NW3Z.nec,ok,ok,0.03115608636289835,0.021918379701673985,,0
cebik-w4rnl/models/Yagis-HF/nec/6el20mYagi-1r5.nec,ok,ok,0.015382153913378716,0.01342596672475338,,0
cebik-w4rnl/models/Yagis-HF/nec/6el20mYagi-N6BV.nec,ok,ok,0.029011717066168785,0.02105013933032751,,0
cebik-w4rnl/models/Yagis-HF/nec/6el2b15m10mYagi-W4RNL.nec,ok,ok,0.017522482201457024,0.014898550696671009,,0
cebik-w4rnl/models/Yagis-HF/nec/6el2b20m15mYagi-W4RNL.nec,ok,ok,0.014463245868682861,0.013461051508784294,,0
cebik-w4rnl/models/Yagis-HF/nec/7el10mOWAYagi-stepdia.nec,ok,ok,0.017367932945489883,0.014802627265453339,,0
cebik-w4rnl/models/Yagis-HF/nec/7el10mwireYagi.nec,ok,ok,0.010266085155308247,0.009796623140573502,,0
cebik-w4rnl/models/Yagis-HF/nec/7el15mYagi-SP5GRM.nec,ok,ok,0.04427441768348217,0.028346500359475613,,0
cebik-w4rnl/models/Yagis-HF/nec/7el20mlongYagi-1r5.nec,ok,ok,0.018253986723721027,0.014963568188250065,,0
cebik-w4rnl/models/Yagis-HF/nec/7el20mshortYagi-1r5.nec,ok,ok,0.01794367004185915,0.015355153940618038,,0
cebik-w4rnl/models/Yagis-HF/nec/8el20mYagi-1r5.nec,ok,ok,0.020748518407344818,0.01625850424170494,,0
cebik-w4rnl/models/Yagis-HF/nec/capload2el10mYagi-375.nec,ok,ok,0.018148263916373253,0.014708776026964188,,0
cebik-w4rnl/models/Yagis-HF/nec/ctrload2el10mYagi-375.nec,ok,ok,0.012599854730069637,0.011972136795520782,,0
cebik-w4rnl/models/Yagis-HF/nec/ctrload2el10mYagi-75.nec,ok,ok,0.006759839132428169,0.006423301063477993,,0
cebik-w4rnl/models/Yagis-HF/nec/ctrload2el40mYagi-stepdia.nec,ok,ok,0.01055928599089384,0.009685787372291088,,0
cebik-w4rnl/models/Yagis-HF/nec/moxrect10m12.nec,ok,ok,0.009980048052966595,0.00954886432737112,,0
cebik-w4rnl/models/Yagis-HF/nec/moxrect10m50.nec,ok,ok,0.00982982013374567,0.009342976845800877,,0
cebik-w4rnl/models/Yagis-HF/nec/moxrect12m12.nec,ok,ok,0.009858652949333191,0.015062324702739716,,0
cebik-w4rnl/models/Yagis-HF/nec/moxrect12m625.nec,ok,ok,0.009918296709656715,0.015812288969755173,,0
cebik-w4rnl/models/Yagis-HF/nec/moxrect15m12.nec,ok,ok,0.010123483836650848,0.009299942292273045,,0
cebik-w4rnl/models/Yagis-HF/nec/moxrect15m75.nec,ok,ok,0.010054818354547024,0.009423557668924332,,0
cebik-w4rnl/models/Yagis-HF/nec/moxrect17m12.nec,ok,ok,0.00989576056599617,0.009328888729214668,,0
cebik-w4rnl/models/Yagis-HF/nec/moxrect17m875.nec,ok,ok,0.010010628961026669,0.009534836746752262,,0
cebik-w4rnl/models/Yagis-HF/nec/moxrect20m1.nec,ok,ok,0.00992007926106453,0.009245384484529495,,0
cebik-w4rnl/models/Yagis-HF/nec/moxrect20m12.nec,ok,ok,0.009939092211425304,0.009266371838748455,,0
cebik-w4rnl/models/Yagis-HF/nec/moxrect30m12.nec,ok,ok,0.009807833470404148,0.00922048557549715,,0
cebik-w4rnl/models/Yagis-HF/nec/moxrect40m12.nec,ok,ok,0.009905572049319744,0.009201598353683949,,0
cebik-w4rnl/models/Yagis-HF/nec/moxrect60m12.nec,ok,ok,0.009941844269633293,0.009835666976869106,,0
cebik-w4rnl/models/Yagis-HF/nec/moxrect75m12.nec,ok,ok,0.009791530668735504,0.009574854746460915,,0
cebik-w4rnl/models/Yagis-HF/nec/moxrect80m12.nec,ok,ok,0.009906074963510036,0.009335220791399479,,0
cebik-w4rnl/nec2-ex1.nec,ok,ok,0.003379778005182743,0.0039524901658296585,,0
cebik-w4rnl/nec2-ex2.nec,ok,ok,0.0032859472557902336,0.003656628541648388,,0
cebik-w4rnl/nec2-ex3.nec,ok,ok,0.08248580526560545,0.053994190879166126,1.5277,1
cebik-w4rnl/nec2-ex5.nec,ok,ok,0.006833390332758427,0.005984138697385788,,0
cebik-w4rnl/nec2-ex7.nec,ok-no-source,ok-no-source,0.19181663822382689,0.12169944401830435,,0
cebik-w4rnl/nec2-ex8.nec,ok-no-source,ok-no-source,0.0038535725325345993,0.004136177711188793,,0
cebik-w4rnl/nec4-ex1.nec,ok,ok,0.003603421151638031,0.0036135464906692505,,0
cebik-w4rnl/nec4-ex10_1.nec,ok,ok,0.22254247404634953,0.14342200104147196,1.5517,1
cebik-w4rnl/nec4-ex10_2.nec,ok,ok,0.004398185759782791,0.00457837525755167,,0
cebik-w4rnl/nec4-ex10_3.nec,ok,ok,0.22383727692067623,0.1447724038735032,1.5461,1
cebik-w4rnl/nec4-ex11.nec,ok,ok,0.08098954521119595,0.055088646709918976,1.4702,1
cebik-w4rnl/nec4-ex3.nec,ok,ok,0.08172912616282701,0.05400145519524813,1.5135,1
cebik-w4rnl/nec4-ex5.nec,ok,ok,0.006742664612829685,0.00597324687987566,,0
cebik-w4rnl/nec4-ex7.nec,ok-no-source,ok-no-source,0.19204062037169933,0.12134780921041965,,0
cebik-w4rnl/nec4-ex8.nec,ok-no-source,ok-no-source,0.003928902558982372,0.004148284904658794,,0
g1ojs/10m/10m 65cm Circ 10mm Copper Magloop H.nec,ok,ok,0.08158523309975863,0.054625797085464,1.4935,1
g1ojs/10m/10m 65cm Circ 10mm Copper Magloop V side.nec,ok,ok,0.08216864336282015,0.05506902188062668,1.4921,1
g1ojs/10m/10m 65cm Circ 10mm Copper Magloop V.nec,ok,ok,0.08202156331390142,0.05484837852418423,1.4954,1
g1ojs/10m/10m Helically loaded dipole 2.43m long.nec,ok,ok,11.276049979962409,2.2889757370576262,4.9262,1
g1ojs/10m/10m LL Dipole 4m 5mm dia elements - hairpin.nec,ok,ok,0.7593580223619938,0.4835537364706397,1.5704,1
g1ojs/10m/10m Quad base fed.nec,ok,ok,0.8368630399927497,0.5532604046165943,1.5126,1
g1ojs/10m/10m Rect Petlowany Dipole 10mm dia elements flat 2.nec,ok,ok,0.014630071818828583,0.010465655475854874,,0
g1ojs/10m/10m Short Dipole 3m 5mm dia elements - trombone.nec,ok,ok,0.6505545070394874,0.4145449809730053,1.5693,1
g1ojs/10m/_10m Dipole ref.nec,ok,ok,0.3858044855296612,0.2505089286714792,1.5401,1
g1ojs/10m/_10m V.nec,ok,ok,0.6449519898742437,0.4126805551350117,1.5628,1
g1ojs/15m/_15m V.nec,ok,ok,0.9791830461472273,0.6157458620145917,1.5902,1
g1ojs/160m/160m 239cm Circ 10mm Cu Magloop V.nec,ok,ok,0.11346730776131153,0.07161135878413916,1.5845,1
g1ojs/160m/160m Coax Magloop V.nec,ok,ok,0.08594569750130177,0.05739310663193464,1.4975,1
g1ojs/160m/160m Single Turn Coax Magloop V.nec,ok,ok,0.08600406441837549,0.05676194839179516,1.5152,1
g1ojs/160m/160m Three Turn Coax Magloop V.nec,ok,ok,0.08803151827305555,0.05991285853087902,1.4693,1
g1ojs/160m/160m Two Turn Coax Magloop V.nec,ok,ok,0.0865184273570776,0.05808290094137192,1.4896,1
g1ojs/1V cap plates solid coplanar.nec,ok,ok,1.3213838413357735,0.9031028086319566,1.4632,1
g1ojs/20m/20m 239cm Circ 10mm Copper Magloop H.nec,ok,ok,0.10647067613899708,0.06579791381955147,1.6181,1
g1ojs/20m/20m 239cm Circ 10mm Copper Magloop V.nec,ok,ok,0.1073789456859231,0.06644564680755138,1.6160,1
g1ojs/20m/20m 239cm Circ 10mm Copper Magloop Vside.nec,ok,ok,0.10729613713920116,0.06592450011521578,1.6276,1
g1ojs/20m/20m 65cm Circ 10mm Copper Magloop H.nec,ok,ok,0.081196921877563,0.05454627890139818,1.4886,1
g1ojs/20m/20m 65cm Circ 10mm Copper Magloop V side.nec,ok,ok,0.0811408469453454,0.05463340878486633,1.4852,1
g1ojs/20m/20m 65cm Circ 10mm Copper Magloop V.nec,ok,ok,0.08105077035725117,0.05444795358926058,1.4886,1
g1ojs/20m/20m Half wave circular loop V side.nec,ok,ok,0.186208788305521,0.11433090455830097,1.6287,1
g1ojs/20m/20m Half wave square loop V side as built.nec,ok,ok,0.21269682329148054,0.11280489526689053,1.8855,1
g1ojs/20m/20m Half wave square loop V side.nec,ok,ok,0.07912233378738165,0.05417148396372795,1.4606,1
g1ojs/20m/20m V coax braid element.nec,ok,ok,1.1731667341664433,0.7473521195352077,1.5698,1
g1ojs/20m/20m V coax inner element.nec,ok,ok,1.0094719510525465,0.639918907545507,1.5775,1
g1ojs/20m/20m V pvc covered.nec,ok,ok,1.0988165978342295,0.6902370769530535,1.5919,1
g1ojs/20m/Open loop H 7.4m.nec,ok,ok,0.09005958307534456,0.057726381346583366,1.5601,1
g1ojs/20m/Open loop V base 7.4m.nec,ok,ok,0.09029920771718025,0.05764304660260677,1.5665,1
g1ojs/20m/Open loop V side 7.4m.nec,ok,ok,0.08998186513781548,0.05772742349654436,1.5587,1
g1ojs/20m/_20m Dipole ref.nec,ok,ok,1.2636614050716162,0.7975131245329976,1.5845,1
g1ojs/20m/_20m V.nec,ok,ok,1.1774709885939956,0.7409570952877402,1.5891,1
g1ojs/3V cap plates solid coplanar.nec,ok,ok,1.936821579001844,0.9075055625289679,2.1342,1
g1ojs/40m/40m 239cm Circ 10mm Cu Magloop H.nec,ok,ok,0.09914322104305029,0.06160233914852142,1.6094,1
g1ojs/40m/40m 239cm Circ 10mm Cu Magloop V side.nec,ok,ok,0.09910083282738924,0.06226774491369724,1.5915,1
g1ojs/40m/40m 239cm Circ 10mm Cu Magloop V.nec,ok,ok,0.09954649768769741,0.062320834025740623,1.5973,1
g1ojs/40m/40m Fitted Attic V.nec,ok,ok,1.0079110907390714,0.6442726561799645,1.5644,1
g1ojs/40m/40m V cap plates coplanar.nec,ok,ok,1.3424893831834197,0.8551638582721353,1.5699,1
g1ojs/40m/40m V cap spokes.nec,ok,ok,1.0160084292292595,0.6480377893894911,1.5678,1
g1ojs/40m/40m V doglegs BUILT.nec,ok,ok,1.0108946021646261,0.6450479691848159,1.5672,1
g1ojs/40m/40m VU built 2.nec,ok,ok,1.0092928502708673,0.6414627311751246,1.5734,1
g1ojs/40m/40m VU built.nec,ok,ok,1.0071892468258739,0.6435155626386404,1.5651,1
g1ojs/40m/40m VU.nec,ok,ok,1.0106172915548086,0.6444158889353275,1.5683,1
g1ojs/40m/_40m Dipole ref.nec,ok,ok,1.4162473026663065,0.8965922240167856,1.5796,1
g1ojs/40m/_40m V loaded.nec,ok,ok,1.0106348907575011,0.6419472275301814,1.5743,1
g1ojs/40m/opt/40m V integral PI-01.nec,ok,ok,0.20814448967576027,0.1347043216228485,1.5452,1
g1ojs/40m/opt/40m V integral PI-02.nec,ok,ok,0.20766977593302727,0.13392622582614422,1.5506,1
g1ojs/40m/opt/40m V integral PI-03.nec,ok,ok,0.2071213573217392,0.13399629294872284,1.5457,1
g1ojs/40m/opt/40m V integral PI-04.nec,ok,ok,0.20731719955801964,0.13308178074657917,1.5578,1
g1ojs/40m/opt/40m V integral PI-05.nec,ok,ok,0.2073268136009574,0.13437220640480518,1.5429,1
g1ojs/40m/opt/40m V integral PI-06.nec,ok,ok,0.2075718604028225,0.13421643245965242,1.5465,1
g1ojs/40m/opt/40m V integral PI-07.nec,ok,ok,0.20689935982227325,0.1368467891588807,1.5119,1
g1ojs/40m/opt/40m V integral PI-08.nec,ok,ok,0.20695498306304216,0.13411731738597155,1.5431,1
g1ojs/40m/opt/40m V integral PI-09.nec,ok,ok,0.20745273679494858,0.13462890591472387,1.5409,1
g1ojs/40m/opt/40m V integral PI-10.nec,ok,ok,0.20716803893446922,0.13403748907148838,1.5456,1
g1ojs/40m/opt/40m V integral PI-11.nec,ok,ok,0.20729058794677258,0.13459271751344204,1.5401,1
g1ojs/40m/opt/40m V integral PI-12.nec,ok,ok,0.2077462961897254,0.13410351518541574,1.5491,1
g1ojs/40m/opt/40m V integral PI-13.nec,ok,ok,0.20736505277454853,0.13437763880938292,1.5432,1
g1ojs/40m/opt/40m V integral PI-14.nec,ok,ok,0.2073731916025281,0.1349165765568614,1.5370,1
g1ojs/40m/opt/40m V integral PI-15.nec,ok,ok,0.207374501042068,0.1339985840022564,1.5476,1
g1ojs/40m/opt/40m V integral PI-16.nec,ok,ok,0.20877608470618725,0.13439512252807617,1.5534,1
g1ojs/40m/opt/40m V integral PI-17.nec,ok,ok,0.2074972800910473,0.13365996722131968,1.5524,1
g1ojs/40m/opt/40m V integral PI-18.nec,ok,ok,0.20730764139443636,0.13485725596547127,1.5372,1
g1ojs/40m/opt/40m V integral PI-19.nec,ok,ok,0.20632406324148178,0.1341271484270692,1.5383,1
g1ojs/40m/opt/40m V integral PI-20.nec,ok,ok,0.20824796706438065,0.13418431766331196,1.5520,1
g1ojs/40m/opt/40m V integral PI-21.nec,ok,ok,0.20866287872195244,0.134354998357594,1.5531,1
g1ojs/40m/opt/40m V integral PI-22.nec,ok,ok,0.20744329784065485,0.1341985948383808,1.5458,1
g1ojs/40m/opt/40m V integral PI-23.nec,ok,ok,0.20741026010364294,0.13428130745887756,1.5446,1
g1ojs/40m/opt/40m V integral PI-24.nec,ok,ok,0.20740637462586164,0.13476536609232426,1.5390,1
g1ojs/40m/opt/40m V integral PI-25.nec,ok,ok,0.20730080176144838,0.1336743077263236,1.5508,1
g1ojs/40m/opt/40m V integral PI-26.nec,ok,ok,0.20714063942432404,0.13406708370894194,1.5451,1
g1ojs/40m/opt/40m V integral PI-27.nec,ok,ok,0.20745953638106585,0.1329201878979802,1.5608,1
g1ojs/40m/opt/40m V integral PI-28.nec,ok,ok,0.2081727245822549,0.13442969974130392,1.5486,1
g1ojs/40m/opt/40m V integral PI-29.nec,ok,ok,0.20721313543617725,0.13459834642708302,1.5395,1
g1ojs/40m/opt/40m V integral PI-30.nec,ok,ok,0.2086586682125926,0.13711423613131046,1.5218,1
g1ojs/40m/opt/40m V integral PI_003-19.nec,ok,ok,0.2078247368335724,0.1342851324006915,1.5476,1
g1ojs/40m/opt/40m V integral PI_007-12.nec,ok,ok,0.2077518654987216,0.13431999180465937,1.5467,1
g1ojs/40m/trials/40m V cage.nec,ok,ok,1.7611549869179726,1.152161916717887,1.5286,1
g1ojs/40m/trials/40m V curve 4pts 7MHz.nec,ok,ok,1.0081582181155682,0.6441525975242257,1.5651,1
g1ojs/40m/trials/40m V curve 5pts 7MHz.nec,ok,ok,1.0134780537337065,0.6425530910491943,1.5773,1
g1ojs/40m/trials/40m V integral PI.nec,ok,ok,1.0105940457433462,0.6995772877708077,1.4446,1
g1ojs/40m/trials/40m V mesh.nec,ok,ok,1.5908249067142606,1.0196433328092098,1.5602,1
g1ojs/630m/630m Three Turn Coax Magloop V.nec,ok,ok,0.0900414502248168,0.06116998288780451,1.4720,1
g1ojs/80m/40m V3.nec,ok,ok,1.0169529877603054,0.6443283883854747,1.5783,1
g1ojs/80m/80m 239cm Circ 10mm Cu Magloop V.nec,ok,ok,0.10560896247625351,0.06630582083016634,1.5928,1
g1ojs/80m/80m V cap plates high H.nec,ok,ok,1.2095771543681622,0.7750633535906672,1.5606,1
g1ojs/80m/80m V cap plates solid coplanar.nec,ok,ok,1.3476235065609217,0.8891394026577473,1.5156,1
g1ojs/80m/80m V cap plates solid felt.nec,ok,ok,1.3032684894278646,0.8385943584144115,1.5541,1
g1ojs/80m/80m V.nec,ok,ok,1.0456610033288598,0.6667725769802928,1.5682,1
g1ojs/80m/80m V3.nec,ok,ok,1.0692552980035543,0.6853357097133994,1.5602,1
g1ojs/80m/_80m Dipole ref.nec,ok,ok,1.529274333268404,0.9711495628580451,1.5747,1
g1ojs/80m/tmp.nec,ok,ok,0.9289114912971854,0.5950542241334915,1.5611,1
g1ojs/Delta loop/loop.nec,ok,ok,0.8838734952732921,0.5535147786140442,1.5968,1
g1ojs/Loft wires/1V.nec,ok,ok,1.0044277347624302,0.6425660559907556,1.5632,1
g1ojs/Loft wires/2V.nec,ok,ok,1.014258248731494,0.6581111885607243,1.5412,1
g1ojs/Loft wires/LF.nec,ok,ok,1.115907701663673,0.7069713892415166,1.5784,1
g1ojs/Loft wires/Max space V centre.nec,ok,ok,1.0044610146433115,0.6412180894985795,1.5665,1
g1ojs/Loft wires/Max space V diag.nec,ok,ok,1.0048006400465965,0.6399309765547514,1.5702,1
g1ojs/Loft wires/Spiral.nec,ok,ok,1.0399988386780024,0.66437544580549,1.5654,1
g1ojs/Magloop with cap on coupling loop.nec,ok,ok,0.1128121493384242,0.06497756950557232,1.7362,1
g1ojs/Magloop with gap and cap on coupling loop.nec,ok,ok,0.20031061954796314,0.12970838695764542,1.5443,1
g1ojs/Meander Loading/40m Dipole at 7m reference.nec,ok,ok,0.29419248830527067,0.18836731277406216,1.5618,1
g1ojs/Meander Loading/40m Dipole at 7m with 10 meanders.nec,ok,ok,0.21180745121091604,0.13586948718875647,1.5589,1
g1ojs/Meander Loading/40m Dipole at 7m with 20 meanders.nec,ok,ok,0.22626620531082153,0.137932731769979,1.6404,1
g1ojs/Meander Loading/40m Inverted V at 7m with 10 meanders.nec,ok,ok,0.21529065817594528,0.13549384847283363,1.5889,1
g1ojs/Meander Loading/40m Inverted V at 7m with full meandering.nec,ok,ok,0.21002783346921206,0.13570137694478035,1.5477,1
g1ojs/Open wire V/Open wire V fixed wire length.nec,ok,ok,1.1896258415654302,0.7493205480277538,1.5876,1
g1ojs/Open wire V/Open wire V max wire length.nec,ok,ok,0.9433980798348784,0.5931068249046803,1.5906,1
g1ojs/Small Receiving Loops/1m dia loop.nec,ok,ok,0.08075239323079586,0.054148939438164234,1.4913,1
g1ojs/Trapped/TRAPx1 V 40m 20m.nec,ok,ok,0.09521644283086061,0.05615732725709677,1.6955,1
g1ojs/Trapped/TRAPx2 V 40m 20m 10m - remove 10m.nec,ok,ok,0.08329298160970211,0.05464537441730499,1.5242,1
g1ojs/Trapped/TRAPx2 V 40m 20m 10m.nec,ok,ok,0.0865577319636941,0.055690896697342396,1.5543,1
g1ojs/Trapped/TRAPx2 V 40m 20m 6m.nec,ok,ok,0.08662139344960451,0.05640695244073868,1.5357,1
g1ojs/Trapped/TRAPx2_V.nec,ok,ok,61.48392313346267,38.857751512899995,1.5823,1
g1ojs/Trapped/Test.nec,ok,ok,0.463661789894104,0.2934998432174325,1.5798,1
g1ojs/Trapped/Trap V - 6m 15m.nec,ok,ok,0.08102542906999588,0.05314990226179361,1.5245,1
g1ojs/Trapped/Trap_V.nec,ok,ok,0.08687113877385855,0.055830919183790684,1.5560,1
g1ojs/Tree/treeV_20m_10m.nec,ok,ok,0.07972201891243458,0.05240918230265379,1.5211,1
g1ojs/Verticals/10m OCF H/10m H OCF 2.5m long.nec,ok,ok,0.3867339715361595,0.2523423982784152,1.5326,1
g1ojs/Verticals/10m OCF H/10m H OCF 3.5m long.nec,ok,ok,0.38396832440048456,0.25109538342803717,1.5292,1
g1ojs/Verticals/10m OCF H/10m H OCF 3m long.nec,ok,ok,0.3869488090276718,0.25317378528416157,1.5284,1
g1ojs/Verticals/10m OCF H/10m Vertical V 3m tall.nec,ok,ok,0.8177254851907492,0.5170334195718169,1.5816,1
g1ojs/Verticals/15m/15m H OCF 3m long.nec,ok,ok,0.4635804835706949,0.29948408994823694,1.5479,1
g1ojs/Verticals/20m/20m horizontal V 3.5m high.nec,ok,ok,0.8641704646870494,0.540833824314177,1.5978,1
g1ojs/Verticals/20m/20m horizontal diamond 3m high.nec,ok,ok,0.8608829714357853,0.548567951656878,1.5693,1
g1ojs/Verticals/others/10m H OCF - Copy.nec,ok,ok,0.38724210485816,0.2522829556837678,1.5350,1
g1ojs/Verticals/others/10m arrow 2 wire 75cm wide - OCF.nec,ok,ok,0.3853758480399847,0.25138852652162313,1.5330,1
g1ojs/Verticals/others/10m bicone 2 wire 100cm wide.nec,crash,crash,1.2210476398468018,1.1965187415480614,,0
g1ojs/Verticals/others/10m bicone 2 wire 150cm wide.nec,crash,crash,1.1910393377766013,1.1951600331813097,,0
g1ojs/Verticals/others/10m bicone 2 wire 40cm wide.nec,crash,crash,1.2198018226772547,1.1950647551566362,,0
g1ojs/Verticals/others/10m bicone 2 wire 50cm wide.nec,crash,crash,1.1906547332182527,1.1950627509504557,,0
g1ojs/Verticals/others/10m bicone 2 wire 75cm wide - OCF.nec,ok,ok,0.3996628262102604,0.2613796330988407,1.5291,1
g1ojs/Verticals/others/10m bicone 2 wire 75cm wide.nec,crash,crash,1.18918448779732,1.1920712366700172,,0
g1ojs/Verticals/others/10m bicone 2 wire.nec,crash,crash,1.1889739595353603,1.1953257014974952,,0
g1ojs/Verticals/others/10m bicone 4 wire.nec,crash,crash,1.1903102723881602,1.1965347100049257,,0
g1ojs/Verticals/others/10m bitrap.nec,crash,crash,1.1916834497824311,1.1962569616734982,,0
g1ojs/Verticals/others/10m general.nec,crash,crash,1.1908753123134375,1.1974477488547564,,0
g1ojs/Verticals/others/Dipole 4.6m _ too long.nec,crash,crash,1.265883126296103,1.246058571152389,,0
g1ojs/Verticals/others/general 1.nec,crash,crash,1.192079646512866,1.2273652544245124,,0
g1ojs/Verticals/others/general 15m.nec,crash,crash,1.1913183135911822,1.202828579582274,,0
g1ojs/Verticals/others/general 2.nec,crash,crash,1.1915670027956367,1.1988257598131895,,0
g1ojs/Verticals/others/opt/general 2-01.nec,crash,crash,1.1905442792922258,1.1970550892874599,,0
g1ojs/Verticals/others/opt/general 2-02.nec,crash,crash,1.190857189707458,1.1977865742519498,,0
g1ojs/Verticals/others/opt/general 2-03.nec,crash,crash,1.1903495686128736,1.1971724480390549,,0
g1ojs/Verticals/others/opt/general 2-04.nec,crash,crash,1.1908981474116445,1.1978721767663956,,0
g1ojs/Verticals/others/opt/general 2-05.nec,crash,crash,1.1913613686338067,1.1977288639172912,,0
g1ojs/Verticals/others/opt/general 2-06.nec,crash,crash,1.1915276888757944,1.1966874729841948,,0
g1ojs/Verticals/others/opt/general 2-07.nec,crash,crash,1.191441947594285,1.1973958248272538,,0
g1ojs/Verticals/others/opt/general 2-08.nec,crash,crash,1.1912117134779692,1.2277898509055376,,0
g1ojs/Verticals/others/opt/general 2-09.nec,crash,crash,1.190409773029387,1.198136581107974,,0
g1ojs/Verticals/others/opt/general 2-10.nec,crash,crash,1.1912687020376325,1.196859097108245,,0
g1ojs/Verticals/others/opt/general 2-11.nec,crash,crash,1.1909985402598977,1.1965057468041778,,0
g1ojs/Verticals/others/opt/general 2-12.nec,crash,crash,1.1921962006017566,1.1971186576411128,,0
g1ojs/Verticals/others/opt/general 2-13.nec,crash,crash,1.191310559399426,1.1977341882884502,,0
g1ojs/Verticals/others/opt/general 2-14.nec,crash,crash,1.1908545047044754,1.196560793556273,,0
g1ojs/Verticals/others/opt/general 2-15.nec,crash,crash,1.1894494658336043,1.1966639710590243,,0
g1ojs/Verticals/others/opt/general 2-16.nec,crash,crash,1.2200207021087408,1.1969060245901346,,0
g1ojs/Verticals/others/opt/general 2-17.nec,crash,crash,1.1926936842501163,1.198099808767438,,0
g1ojs/Verticals/others/opt/general 2-18.nec,crash,crash,1.1916084112599492,1.1958455005660653,,0
g1ojs/Verticals/others/opt/general 2-20.nec,crash,crash,1.1901935366913676,1.196205660700798,,0
g1ojs/Verticals/others/opt/general 2-21.nec,crash,crash,1.1879433691501617,1.1964521436020732,,0
g1ojs/Verticals/others/opt/general 2-22.nec,crash,crash,1.191579906269908,1.1954116309061646,,0
g1ojs/Verticals/others/opt/general 2-25.nec,crash,crash,1.1907788636162877,1.1961419871076941,,0
g1ojs/Verticals/others/opt/general 2-26.nec,crash,crash,1.1902243439108133,1.2278425190597773,,0
g1ojs/Verticals/others/opt/general 2-27.nec,crash,crash,1.1895674169063568,1.1994823580607772,,0
g1ojs/Verticals/others/opt/general 2-28.nec,crash,crash,1.1904316134750843,1.1973103694617748,,0
g1ojs/Verticals/others/opt/general 2-29.nec,crash,crash,1.2215464748442173,1.1960347816348076,,0
g1ojs/Verticals/others/opt/general 2-30.nec,crash,crash,1.1926438715308905,1.1972678042948246,,0
g1ojs/_1m/Contrahelix 1.nec,ok,ok,0.050747718662023544,0.02115514036267996,,0
g1ojs/_1m/Dipole linear 1 75pc.nec,ok,ok,0.005143771879374981,0.005272526293992996,,0
g1ojs/_1m/Dipole to slot/1 Dipole.nec,ok,ok,0.004090665839612484,0.004210042767226696,,0
g1ojs/_1m/Dipole to slot/2 Dipole H.nec,ok,ok,0.005136537365615368,0.005152740515768528,,0
g1ojs/_1m/Dipole to slot/3 Dipole H Serifs.nec,ok,ok,0.008870607241988182,0.008202970959246159,,0
g1ojs/_1m/Dipole to slot/4 Dipole Rects.nec,ok,ok,0.011162567883729935,0.010622181929647923,,0
g1ojs/_1m/Dipole to slot/5 Dipole Rects Shorts.nec,ok,ok,0.013335436582565308,0.012111721560359001,,0
g1ojs/_1m/Dipole to slot/6 Dipole Rects Shorts 2.nec,ok,ok,0.004399409517645836,0.004651721566915512,,0
g1ojs/_1m/Dipole with matching l _ 0.25 v1.nec,ok,ok,0.00729927234351635,0.006952793337404728,,0
g1ojs/_1m/Dipole with matching l _ 0.25 v2.nec,ok,ok,0.005667988210916519,0.005734612233936787,,0
g1ojs/_1m/Dipole with matching l _ 0.33.nec,ok,ok,0.007433607243001461,0.007166552357375622,,0
g1ojs/_1m/Dipole.nec,ok,ok,0.00417903158813715,0.0038294289261102676,,0
g1ojs/_1m/Folded 1.nec,ok,ok,0.0074951378628611565,0.0060581909492611885,,0
g1ojs/_1m/Helix Dipole 11 turn.nec,ok,ok,0.03386962041258812,0.012078485451638699,,0
g1ojs/_1m/Helix Dipole 2.5 turn.nec,ok,ok,0.006240551359951496,0.005207870155572891,,0
g1ojs/_1m/Helix Dipole 21 turn.nec,ok,ok,0.02920662146061659,0.011788323521614075,,0
g1ojs/_1m/Helix Dipole 3 turn.nec,ok,ok,0.006138015538454056,0.005194706842303276,,0
g1ojs/_1m/Helix Dipole 5 turn.nec,ok,ok,0.006120998412370682,0.005089587531983852,,0
g1ojs/_1m/Helix Dipole 7 turn.nec,ok,ok,0.02939299587160349,0.012364672496914864,,0
g1ojs/_1m/Helix Dipole 9 turn.nec,ok,ok,0.029211698099970818,0.01204592827707529,,0
g1ojs/_1m/Pair 1.nec,ok,ok,0.0065748486667871475,0.006768256425857544,,0
g1ojs/_1m/Trapezium 1.nec,ok,ok,0.005812305957078934,0.0057079847902059555,,0
g1ojs/_1m/Trapezium 2.nec,ok,ok,0.005781529471278191,0.005826523527503014,,0
g1ojs/_1m/Two rect dipole.nec,ok,ok,0.01882096566259861,0.015741637907922268,,0
g1ojs/_2m/2m clutter/2m Diamond A144S5R over ground with clutter.nec,ok,ok,1.6086645806208253,0.3679774748161435,4.3716,1
g1ojs/_2m/2m clutter/2m Diamond A144S5R over ground.nec,ok,ok,0.09459012094885111,0.03334326855838299,,0
g1ojs/_2m/2m clutter/Circular Quad 2 ele V-pol with clutter.nec,ok,ok,0.3562832558527589,0.0862488467246294,4.1309,1
g1ojs/_2m/2m clutter/Circular Quad 2 ele with clutter no 6m.nec,ok,ok,0.3402842963114381,0.08299038466066122,4.1003,1
g1ojs/_2m/2m clutter/Circular Quad 2 ele with clutter no loop.nec,ok,ok,0.24307033699005842,0.06350769847631454,3.8274,1
g1ojs/_2m/2m clutter/Circular Quad 2 ele with clutter.nec,ok,ok,0.35757781844586134,0.08744229096919298,4.0893,1
g1ojs/_2m/2m clutter/Circular Quad 2 ele.nec,ok,ok,0.029513481073081493,0.011977477930486202,,0
g1ojs/_2m/2m clutter/Clutter feed the clutter.nec,ok,ok,0.19722062535583973,0.05024875234812498,3.9249,1
g1ojs/_2m/2m clutter/Dipole ref with clutter.nec,ok,ok,1.0120552368462086,0.23528021294623613,4.3015,1
g1ojs/_2m/2m clutter/Dipole ref.nec,ok,ok,0.005899145267903805,0.005311585031449795,,0
g1ojs/_2m/2m clutter/Stacked dipoles x2.nec,ok,ok,0.010077619925141335,0.007540307939052582,,0
g1ojs/_2m/Cylindrical slots/2m Circular Slot Cube H Pol.nec,ok,ok,0.021697589196264744,0.009606637060642242,,0
g1ojs/_2m/Cylindrical slots/2m Circular Slot Cube V Pol.nec,ok,ok,0.029544692486524582,0.011867937631905079,,0
g1ojs/_2m/Cylindrical slots/2m Cylindrical Slot Open.nec,ok,ok,0.28508929535746574,0.08513253275305033,3.3488,1
g1ojs/_2m/Cylindrical slots/2m Pair of circles with tilt 0 deg.nec,ok,ok,0.0420395415276289,0.016985537484288216,,0
g1ojs/_2m/Cylindrical slots/2m Pair of circles with tilt 90 deg.nec,ok,ok,0.023276856169104576,0.011074746958911419,,0
g1ojs/_2m/Cylindrical slots/2m Pair of circles with tilt.nec,ok,ok,0.02277918066829443,0.010165446437895298,,0
g1ojs/_2m/Cylindrical slots/Slot cube C shape.nec,ok,ok,0.03165679890662432,0.020609702914953232,,0
g1ojs/_2m/Driven beams/2ele 0.25m long.nec,ok,ok,0.010593119077384472,0.007917800918221474,,0
g1ojs/_2m/Driven beams/5ele 1m long.nec,ok,ok,0.04095242824405432,0.02437454741448164,,0
g1ojs/_2m/Driven beams/5ele 3m long .nec,ok,ok,0.041963606141507626,0.02419673092663288,,0
g1ojs/_2m/Evolved/Ev3.nec,ok,ok,0.003538968041539192,0.0037361374124884605,,0
g1ojs/_2m/Evolved/Ev4.nec,ok,ok,0.0034223077818751335,0.003820291720330715,,0
g1ojs/_2m/Evolved/Ev5.nec,ok,ok,0.0036025140434503555,0.003642597235739231,,0
g1ojs/_2m/Evolved/Ev6.nec,ok,ok,0.0035414183512330055,0.003815632313489914,,0
g1ojs/_2m/Evolved/Ev7.nec,ok,ok,0.0033976975828409195,0.003636252135038376,,0
g1ojs/_2m/Evolved/Ev8.nec,ok,ok,0.003828994929790497,0.004039271734654903,,0
g1ojs/_2m/Evolved/Ev9.nec,ok,ok,0.0037643974646925926,0.004070324823260307,,0
g1ojs/_2m/Evolved/Test5.nec,ok,ok,0.0038265902549028397,0.004061516374349594,,0
g1ojs/_2m/Franklin/Horizontal 2m Franklin V over ground.nec,ok,ok,0.04001136217266321,0.022820143960416317,,0
g1ojs/_2m/Franklin/Horizontal 2m Franklin oddity.nec,ok,ok,0.05647315550595522,0.03183802496641874,,0
g1ojs/_2m/Franklin/Horizontal 2m Franklin over ground with Franklin reflector.nec,ok,ok,0.14184622932225466,0.04693341627717018,,0
g1ojs/_2m/Franklin/Horizontal 2m Franklin over ground.nec,ok,ok,0.04030931368470192,0.023015784099698067,,0
g1ojs/_2m/Franklin/Horizontal 2m Franklin with Twin Reflectors.nec,ok,ok,0.05701458640396595,0.031761523336172104,,0
g1ojs/_2m/Franklin/Horizontal 2m Franklin with droops over ground.nec,ok,ok,0.049341500736773014,0.027472996152937412,,0
g1ojs/_2m/Franklin/Horizontal 2m Vertical Franklin over ground.nec,ok,ok,0.0413498654961586,0.023336772806942463,,0
g1ojs/_2m/Halo based/2m Chimney Halo Phi_0 El_0.nec,ok,ok,0.08465974871069193,0.029884650371968746,,0
g1ojs/_2m/Halo based/2m Chimney Halo Phi_0 El_45.nec,ok,ok,0.08522631973028183,0.02997069898992777,,0
g1ojs/_2m/Halo based/2m Chimney Halo Phi_0 El_90.nec,ok,ok,0.08433744311332703,0.030539107508957386,,0
g1ojs/_2m/Halo based/2m Horizontal Halo at 9m Phi_0 El_00.nec,ok,ok,0.08471387065947056,0.03018832392990589,,0
g1ojs/_2m/Halo based/2m Low halo Phi_0 El_0.nec,ok,ok,0.08488694857805967,0.029956147074699402,,0
g1ojs/_2m/Halo based/2m Stacked Halos Phi_0 El_0 1.5m.nec,ok,ok,0.33534164633601904,0.1021445682272315,3.2830,1
g1ojs/_2m/Halo based/2m Stacked Halos Phi_0 El_0 1.7m.nec,ok,ok,0.3367363531142473,0.10226562898606062,3.2928,1
g1ojs/_2m/Halo based/2m Vertical Halo at 9m Phi_0 El_90.nec,ok,ok,0.08549968898296356,0.030613998882472515,,0
g1ojs/_2m/Halo based/2m halo 8m agl Phi_0 El_0.nec,ok,ok,0.08440565038472414,0.02999168075621128,,0
g1ojs/_2m/Halo based/2m low stacked halos Phi_0 El_0 1.03m .nec,ok,ok,0.3414004137739539,0.10229062661528587,3.3376,1
g1ojs/_2m/Halo based/Horizontal direct fed S with coax balun not folded.nec,ok,ok,0.1316070519387722,0.04262677766382694,,0
g1ojs/_2m/Halo based/Horizontal direct fed S2 with coax balun not folded.nec,ok,ok,0.1308959387242794,0.043275970965623856,,0
g1ojs/_2m/Halo based/Horizontal direct fed halo with coax balun not folded.nec,ok,ok,0.13097933027893305,0.04293693229556084,,0
g1ojs/_2m/Halo based/Horizontal halo delta match with coax balun not folded - Copy.nec,ok,ok,0.16465249564498663,0.05499996058642864,2.9937,1
g1ojs/_2m/Helix/2m Pair of 2turn Helices 1 thin interconnect.nec,crash,crash,1.2094670282676816,1.2072917269542813,,0
g1ojs/_2m/Helix/2m Pair of 2turn Helices 2mm wire.nec,crash,crash,1.2093926137313247,1.2360576931387186,,0
g1ojs/_2m/Helix/2m Single 2turn Helix - Horizontal.nec,ok,ok,0.012690220959484577,0.010781706310808659,,0
g1ojs/_2m/Helix/2m Single 2turn Helix as built.nec,ok,ok,0.012102562002837658,0.008538440801203251,,0
g1ojs/_2m/Helix/2m Single 2turn Helix e.g.nec,ok,ok,0.012206763960421085,0.008501285687088966,,0
g1ojs/_2m/Helix/2m Single 2turn Helix.nec,ok,ok,0.012292752042412758,0.008583960123360157,,0
g1ojs/_2m/Helix/2m Single Helix 1 thin wire direct feed with feedline.nec,ok,ok,0.04670723155140877,0.0196576165035367,,0
g1ojs/_2m/Helix/Square helix.nec,ok,ok,0.02881378587335348,0.014969619922339916,,0
g1ojs/_2m/Hentenna based/2m Cuboid Hentenna Symmetric.nec,ok,ok,0.09641418047249317,0.05251000542193651,1.8361,1
g1ojs/_2m/Hentenna based/2m Hentenna fs.nec,ok,ok,0.006507535465061665,0.006368863396346569,,0
g1ojs/_2m/Hentenna based/2m Hentenna over ground Phi_0 - flashing.nec,ok,ok,3.3928873231634498,0.5421128962188959,6.2586,1
g1ojs/_2m/Hentenna based/2m Hentenna over ground Phi_0.nec,ok,ok,0.064253862015903,0.023469865322113037,,0
g1ojs/_2m/Hentenna based/2m Hentenna over ground Phi_90 - flashing.nec,ok,ok,3.3765802374109626,0.5198091585189104,6.4958,1
g1ojs/_2m/Hentenna based/2m Hentenna over ground.nec,ok,ok,0.06394951976835728,0.02393827959895134,,0
g1ojs/_2m/Hentenna based/2m Small Cube Hentenna.nec,ok,ok,0.07326480187475681,0.027070360258221626,,0
g1ojs/_2m/Hentenna based/2m Small Cuboid Hentenna Symmetric.nec,ok,ok,0.09639509487897158,0.05181506089866161,1.8604,1
g1ojs/_2m/Hentenna based/2m Small Cuboid Hentenna.nec,ok,ok,0.07354672998189926,0.02687220461666584,,0
g1ojs/_2m/Hentenna based/2m Small Hentenna Loop 12.5 Ohms.nec,ok,ok,0.04741842672228813,0.025870160199701786,,0
g1ojs/_2m/Hentenna based/2m Small Hentenna Loop 700x200 Stub Match Wire dia.nec,ok,ok,0.04973529279232025,0.027396962977945805,,0
g1ojs/_2m/Hentenna based/2m Small Hentenna Loop 700x200 Stub Match.nec,ok,ok,0.050138710997998714,0.027408605441451073,,0
g1ojs/_2m/Hentenna based/2m Small Hentenna Loop 700x280 Stub Match.nec,ok,ok,0.05020508635789156,0.027470487169921398,,0
g1ojs/_2m/Hentenna based/2m Wide Hentenna over ground.nec,ok,ok,0.02833397127687931,0.017990946769714355,,0
g1ojs/_2m/Hentenna based/2m gapped hentenna over ground.nec,ok,ok,0.15693053882569075,0.05127380322664976,3.0606,1
g1ojs/_2m/Hentenna based/2x Stacked 2m Hentenna Single Feed Inverted parallel to roof ridge over Ground.nec,ok,ok,0.1573515022173524,0.05373834539204836,2.9281,1
g1ojs/_2m/Hentenna based/2x Stacked 2m Hentenna Single Feed parallel to roof ridge over Ground Base Direct Feed.nec,ok,ok,0.11680717766284943,0.04072592779994011,,0
g1ojs/_2m/Hentenna based/2x Stacked 2m Hentenna Single Feed parallel to roof ridge over Ground.nec,ok,ok,0.14777758810669184,0.053377702832221985,2.7685,1
g1ojs/_2m/Hentenna based/2x Stacked 2m Hentenna parallel to roof ridge over Ground.nec,ok,ok,0.12827102653682232,0.04433702491223812,,0
g1ojs/_2m/Hentenna based/2x Stacked 2m Hentenna parallel to roof ridge with reflector.nec,ok,ok,0.17923090234398842,0.060668195597827435,2.9543,1
g1ojs/_2m/Hentenna based/Build.nec,ok-no-source,ok-no-source,0.049261514097452164,0.02304156217724085,,0
g1ojs/_2m/Horizontal 2m Moxon.nec,ok,ok,0.018925688229501247,0.01336284726858139,,0
g1ojs/_2m/Horizontal Dipole with end loading plates.nec,ok,ok,0.06947796698659658,0.03665888216346502,,0
g1ojs/_2m/Larger loops/Fullwave square one turn.nec,ok,ok,0.006366579793393612,0.005497487261891365,,0
g1ojs/_2m/Larger loops/Rect 35cm x 50cm.nec,ok,ok,0.00606756005436182,0.005224721506237984,,0
g1ojs/_2m/Larger loops/Rect 35cm x 60cm.nec,ok,ok,0.006052073091268539,0.005193967372179031,,0
g1ojs/_2m/Larger loops/Skinny wire diamond loop.nec,ok,ok,0.013419886119663715,0.009881041944026947,,0
g1ojs/_2m/Larger loops/Square 40cm.nec,ok,ok,0.0061013298109173775,0.005320129916071892,,0
g1ojs/_2m/Magloop/2m 17cm dia Magloop 144.2 MHz H - FS.nec,ok,ok,0.010293961502611637,0.008861548267304897,,0
g1ojs/_2m/Magloop/2m 17cm dia Magloop 144.2 MHz H.nec,ok,ok,0.04089189227670431,0.017029871232807636,,0
g1ojs/_2m/Magloop/2m 17cm dia Magloop 144.2 MHz V.nec,ok,ok,0.040814852342009544,0.06945410184562206,,0
g1ojs/_2m/Owen Collinear.nec,ok,ok,0.008244200609624386,0.005771709606051445,,0
g1ojs/_2m/Quads/Circular Loop.nec,ok,ok,0.014882747083902359,0.007539215497672558,,0
g1ojs/_2m/Quads/Circular Quad 2 ele - fb.nec,ok,ok,0.029279458336532116,0.011805707588791847,,0
g1ojs/_2m/Quads/Rect Wire Quad 3 ele 50R.nec,ok,ok,0.06129864975810051,0.035657825879752636,,0
g1ojs/_2m/Quads/Square Quad 1 with dipole reflector.nec,ok,ok,0.015149977058172226,0.010592076927423477,,0
g1ojs/_2m/Quads/Square Quad 2 ele 50R.nec,ok,ok,0.029894993640482426,0.018498613499104977,,0
g1ojs/_2m/Quads/Square Quad 2 ele box.nec,ok,ok,0.060494241304695606,0.03494185023009777,,0
g1ojs/_2m/Quads/Square Thick Wire Quad 3 ele 50R.nec,ok,ok,0.05995368864387274,0.03476052265614271,,0
g1ojs/_2m/Quads/Square Wire Quad 2 ele 50R with clutter.nec,ok,ok,0.7903203554451466,0.18902731779962778,4.1810,1
g1ojs/_2m/Quads/Square Wire Quad 2 ele 50R.nec,ok,ok,0.03180484939366579,0.020209581591188908,,0
g1ojs/_2m/Quads/Square Wire Quad 3 ele 50R - fb.nec,ok,ok,0.0610600970685482,0.0354143800213933,,0
g1ojs/_2m/Quads/Square Wire Quad 3 ele 50R.nec,ok,ok,0.06127286795526743,0.035934953950345516,,0
g1ojs/_2m/Shortened dipoles/2m H dipole 0.5m.nec,ok,ok,0.008160634897649288,0.006627381779253483,,0
g1ojs/_2m/Shortened dipoles/2m Helix S dipole 0.5t.nec,ok,ok,0.05507256742566824,0.022278725169599056,,0
g1ojs/_2m/Shortened dipoles/2m Helix S dipole 0.7t.nec,ok,ok,0.05520565155893564,0.022417678497731686,,0
g1ojs/_2m/Shortened dipoles/2m Helix S dipole 1t.nec,ok,ok,0.055434699170291424,0.022802519612014294,,0
g1ojs/_2m/Shortened dipoles/2m Helix S dipole.nec,ok,ok,0.07595938257873058,0.02237150352448225,,0
g1ojs/_2m/Shortened dipoles/2m LL Dipole 2mm dia elements 40cm - hairpin.nec,ok,ok,0.03219754621386528,0.020398407243192196,,0
g1ojs/_2m/Shortened dipoles/2m LL Dipole 4mm dia elements 40cm - hairpin.nec,ok,ok,0.031694332137703896,0.01964440755546093,,0
g1ojs/_2m/Shortened dipoles/2m LL Dipole 5mm dia elements 50cm - hairpin.nec,ok,ok,0.031539393588900566,0.01970335002988577,,0
g1ojs/_2m/Shortened dipoles/2m M dipole 0.5m.nec,ok,ok,0.0073345741257071495,0.0060927988961339,,0
g1ojs/_2m/Shortened dipoles/2m Rect Petlowany Dipole 5mm dia elements flat 0.4.nec,ok,ok,0.013653918169438839,0.00963547546416521,,0
g1ojs/_2m/Shortened dipoles/2m Rect Petlowany Dipole 5mm dia elements flat 0.5.nec,ok,ok,0.013524813577532768,0.009616992436349392,,0
g1ojs/_2m/Shortened dipoles/2m Z dipole 0.5m.nec,ok,ok,0.007267003878951073,0.006072645075619221,,0
g1ojs/_2m/Shortened dipoles/2m Z dipole 0.6m.nec,ok,ok,0.007112135179340839,0.005909396335482597,,0
g1ojs/_2m/Shortened dipoles/2m meander dipole.nec,ok,ok,0.004005965776741505,0.0040345583111047745,,0
g1ojs/_2m/Shortened dipoles/Dipole wire diameter.nec,ok,ok,0.007726181298494339,0.006343581713736057,,0
g1ojs/_2m/Shortened dipoles/Patch dipole.nec,ok,ok,1.0203715041279793,0.3665738068521023,2.7835,1
g1ojs/_2m/Slot cube tall.nec,ok,ok,0.03808157052844763,0.022450722754001617,,0
g1ojs/_2m/Slot cube wide.nec,ok,ok,0.03561773709952831,0.021817333064973354,,0
g1ojs/_2m/Slot cube.nec,ok,ok,0.03273425903171301,0.01976978499442339,,0
g1ojs/_2m/Stacked dipoles.nec,ok,ok,0.024958963505923748,0.015294400043785572,,0
g1ojs/_2m/Verticals/2m Stacked Vertical Dipoles with integral baluns - 4 lens opt WITH MEASUREMENT NOTES.nec,ok,ok,1.8154156859964132,0.6025383975356817,3.0129,1
g1ojs/_2m/Verticals/2m Stacked Vertical Dipoles with integral baluns - no harness.nec,ok,ok,1.1542355939745903,0.47018001321703196,2.4549,1
g1ojs/_2m/Verticals/2m Stacked Vertical Dipoles with integral baluns reentrant harness.nec,ok,ok,1.7999715842306614,0.6140901111066341,2.9311,1
g1ojs/_2m/Verticals/2m Stacked Vertical Dipoles with integral baluns.nec,ok,ok,1.5872013866901398,0.5402012523263693,2.9382,1
g1ojs/_2m/Verticals/2m Stacked Vertical Gamma Matched Dipole over ground.nec,ok,ok,1.9662843514233828,0.6233911868184805,3.1542,1
g1ojs/_2m/Verticals/2m Vertical Dipole with integral balun.nec,ok,ok,1.1618207888677716,0.47219080571085215,2.4605,1
g1ojs/_2m/Verticals/2m Vertical Gamma Matched Dipole over ground.nec,ok,ok,1.1053873421624303,0.46205049473792315,2.3924,1
g1ojs/_2m/Verticals/2m Vertical dipole with phasing balun.nec,ok,ok,3.717329256236553,0.8593931002542377,4.3255,1
g1ojs/_2m/Verticals/2m high gain Vertical flowerpot with metal sleeve air spaced with feedline and feed stub.nec,ok,ok,0.8049980774521828,0.20846871752291918,3.8615,1
g1ojs/_2m/Verticals/Periodic stubs tests/2m 3lam monopole stubs shaped generic.nec,ok,ok,0.6108395764604211,0.2926992289721966,2.0869,1
g1ojs/_2m/Verticals/Periodic stubs tests/2m gamma dipole extended TL.nec,ok,ok,0.16161117237061262,0.05499737989157438,2.9385,1
g1ojs/_2m/Verticals/Periodic stubs tests/2m gamma dipole extended stubs - test.nec,ok,ok,0.19349855836480856,0.0800197646021843,2.4181,1
g1ojs/_2m/Verticals/Periodic stubs tests/2m gamma dipole extended stubs shaped.nec,ok,ok,0.18186692241579294,0.08085407316684723,2.2493,1
g1ojs/_2m/Verticals/Periodic stubs tests/2m gamma dipole extended stubs.nec,ok,ok,0.1593263978138566,0.062227535992860794,2.5604,1
g1ojs/_2m/Verticals/Periodic stubs tests/2m gamma dipole extended zigzag.nec,ok,ok,0.08182891830801964,0.037393055856227875,,0
g1ojs/_2m/Yagis Loop Fed/2m 3ele LF yagi BUILT.nec,ok,ok,0.04753072652965784,0.02722655702382326,,0
g1ojs/_2m/Yagis Loop Fed/2m 3ele LF yagi opt FR.nec,ok,ok,0.047479613684117794,0.027470234781503677,,0
g1ojs/_2m/Yagis/2m Diamond A144S5R free space.nec,ok,ok,0.013918268494307995,0.009792248718440533,,0
g1ojs/_2m/Yagis/Horizontal 2m 2ele yagi.nec,ok,ok,0.009900369681417942,0.007589234970510006,,0
g1ojs/_2m/Yagis/Horizontal 2m 3ele yagi - M5AML.nec,ok,ok,0.016193030402064323,0.011020872741937637,,0
g1ojs/_2m/Yagis/Horizontal 2m 4ele yagi 95cm boom 20 ohm.nec,ok,ok,0.02468171063810587,0.015534027479588985,,0
g1ojs/_2m/Yagis/Horizontal 2m 4ele yagi BUILT.nec,ok,ok,0.024311046116054058,0.015739399008452892,,0
g1ojs/_2m/Yagis/Horizontal 2m yagi 5 ele.nec,ok,ok,0.0346115380525589,0.02056347019970417,,0
g1ojs/_2m/Yagis/Horizontal 2m yagi 6 ele.nec,ok,ok,0.047282333485782146,0.027481273747980595,,0
g1ojs/_6m/6m 2ele Quad base fed.nec,ok,ok,0.4881109492853284,0.2751975664868951,1.7737,1
g1ojs/_6m/6m Dipole bars.nec,ok,ok,0.3783619003370404,0.2439278718084097,1.5511,1
g1ojs/_6m/6m Dipole coax inner fed.nec,ok,ok,0.012142682448029518,0.008392197079956532,,0
g1ojs/_6m/6m Dipole discs.nec,error,error,0.1751417415216565,0.08378603216260672,,0
g1ojs/_6m/6m Dipole droops.nec,ok,ok,0.3760205805301666,0.24796433094888926,1.5164,1
g1ojs/_6m/6m Dipole speaker wire.nec,ok,ok,0.011955213733017445,0.008481776341795921,,0
g1ojs/_6m/6m Dipole stars.nec,ok,ok,0.38411036133766174,0.24812897946685553,1.5480,1
g1ojs/_6m/6m Helically loaded dipole.nec,ok,ok,12.690672949887812,2.133551247417927,5.9481,1
g1ojs/_6m/6m LL Bar Dipole 5mm dia elements - 2.nec,ok,ok,0.38653462566435337,0.24991072434931993,1.5467,1
g1ojs/_6m/6m LL Bar Dipole 5mm dia elements.nec,ok,ok,0.3851247690618038,0.24953435827046633,1.5434,1
g1ojs/_6m/6m LL Dipole 5mm dia elements - hairpin - 2.nec,ok,ok,0.39831741247326136,0.25939455162733793,1.5356,1
g1ojs/_6m/6m LL Dipole 5mm dia elements - hairpin.nec,ok,ok,0.39843767043203115,0.2584803085774183,1.5415,1
g1ojs/_6m/6m LL Dipole test 5mm dia elements - hairpin.nec,ok,ok,0.39843563735485077,0.2580069750547409,1.5443,1
g1ojs/_6m/6m LL2 Dipole 5mm dia elements.nec,ok,ok,0.38988097105175257,0.25206406973302364,1.5468,1
g1ojs/_6m/6m Moxgen Moxon.nec,ok,ok,0.04341518692672253,0.021823943592607975,,0
g1ojs/_6m/6m Moxon 1mm wire.nec,ok,ok,0.01819717325270176,0.0116824796423316,,0
g1ojs/_6m/6m Moxon Front coax inner fed Rear wire.nec,ok,ok,0.03934353217482567,0.022513942793011665,,0
g1ojs/_6m/6m Moxon coax inner fed.nec,ok,ok,0.039715979248285294,0.04085975140333176,,0
g1ojs/_6m/6m Quad base fed.nec,ok,ok,0.3964563896879554,0.2773026041686535,1.4297,1
g1ojs/_6m/6m Quad side fed.nec,ok,ok,0.4012222131714225,0.2579257497563958,1.5556,1
g1ojs/_6m/6m Rect Petlowany Dipole 5mm dia elements 3D.nec,ok,ok,0.3813331164419651,0.24690102506428957,1.5445,1
g1ojs/_6m/6m Rect Petlowany Dipole 5mm dia elements flat 2.nec,ok,ok,0.3823565160855651,0.24865219928324223,1.5377,1
g1ojs/_6m/6m Rect Petlowany Dipole 5mm dia elements flat.nec,ok,ok,0.38214345928281546,0.2466431250795722,1.5494,1
g1ojs/_6m/6m Short Dipole 5mm dia elements - hairpin.nec,ok,ok,0.3826682101935148,0.2469836138188839,1.5494,1
g1ojs/_6m/Build.nec,ok-no-source,ok-no-source,0.005367300473153591,0.006942972540855408,,0
g1ojs/_6m/_6m Dipole ref.nec,ok,ok,0.011699410155415535,0.008225889876484871,,0
g1ojs/_6m/_6m V.nec,ok,ok,0.38103611394762993,0.2504304116591811,1.5215,1
g1ojs/__70cm/70cm 6cm dia Magloop 433.2 MHz V.nec,ok,ok,0.03684078622609377,0.017124760895967484,,0
g1ojs/__70cm/70cm Rect Petlowany Dipole 1mm dia elements flat 2.nec,ok,ok,0.013076096773147583,0.010087499395012856,,0
g1ojs/__70cm/70cm Rect Petlowany Dipole 5mm dia elements flat 2.nec,ok,ok,0.012333694845438004,0.008976111188530922,,0
g1ojs/__70cm/Dipole ref.nec,ok,ok,0.005329339765012264,0.004954075440764427,,0
g1ojs/__70cm/Horizontal 70cm 3ele LF yagi.nec,ok,ok,0.04325145576149225,0.026520353741943836,,0
g1ojs/__70cm/Patch dipole.nec,ok,ok,0.035025352612137794,0.030091246590018272,,0
g1ojs/__70cm/Square loop.nec,ok,ok,0.009924215264618397,0.007567764259874821,,0
g1ojs/__70cm/Yagis/70cm Horizontal 2ele yagi over ground.nec,ok,ok,0.008973955176770687,0.007061394862830639,,0
g1ojs/__70cm/Yagis/70cm Horizontal 3ele yagi over ground.nec,ok,ok,0.014656461775302887,0.010152607224881649,,0
g1ojs/__70cm/Yagis/70cm Stacked dipoles x3.nec,ok,ok,0.01920327078551054,0.013017975725233555,,0
g1ojs/opt/Loaded V-01.nec,ok,ok,0.2056278996169567,0.13346765749156475,1.5407,1
g1ojs/opt/Loaded V-02.nec,ok,ok,0.20581173617392778,0.1375611536204815,1.4961,1
g1ojs/opt/Loaded V-03.nec,ok,ok,0.20584195107221603,0.13307329826056957,1.5468,1
g1ojs/opt/Loaded V-04.nec,ok,ok,0.20635291934013367,0.13303775992244482,1.5511,1
g1ojs/opt/Loaded V-05.nec,ok,ok,0.20624860003590584,0.13429498206824064,1.5358,1
g1ojs/opt/Loaded V-06.nec,ok,ok,0.20576510019600391,0.13247959781438112,1.5532,1
g1ojs/opt/Loaded V-07.nec,ok,ok,0.20484810415655375,0.13348527625203133,1.5346,1
g1ojs/opt/Loaded V-08.nec,ok,ok,0.20570296794176102,0.13352535665035248,1.5406,1
g1ojs/opt/Loaded V-09.nec,ok,ok,0.2070517474785447,0.13327000103890896,1.5536,1
g1ojs/opt/Loaded V-10.nec,ok,ok,0.20577098708599806,0.13366512581706047,1.5395,1
g1ojs/opt/Loaded V-11.nec,ok,ok,0.20586638804525137,0.1331054111942649,1.5466,1
g1ojs/opt/Loaded V-12.nec,ok,ok,0.20572364423424006,0.1342876711860299,1.5320,1
g1ojs/opt/Loaded V-13.nec,ok,ok,0.20576021634042263,0.13287730142474174,1.5485,1
g1ojs/opt/Loaded V-14.nec,ok,ok,0.20591769367456436,0.1330567356199026,1.5476,1
g1ojs/opt/Loaded V-15.nec,ok,ok,0.20524321123957634,0.1331083569675684,1.5419,1
g1ojs/opt/Loaded V-16.nec,ok,ok,0.20584887824952602,0.13432964030653238,1.5324,1
g1ojs/opt/Loaded V-18.nec,ok,ok,0.2066830052062869,0.13361486233770847,1.5469,1
g1ojs/opt/Loaded V-19.nec,ok,ok,0.20613819360733032,0.13431882113218307,1.5347,1
g1ojs/opt/Loaded V-20.nec,ok,ok,0.2057649279013276,0.1332153743132949,1.5446,1
g1ojs/opt/Loaded V-21.nec,ok,ok,0.20589068718254566,0.1330939894542098,1.5470,1
g1ojs/opt/Loaded V-22.nec,ok,ok,0.20611587073653936,0.13334385585039854,1.5457,1
g1ojs/opt/Loaded V-23.nec,ok,ok,0.2059322977438569,0.13296315167099237,1.5488,1
g1ojs/opt/Loaded V-24.nec,ok,ok,0.20573676750063896,0.13318587839603424,1.5447,1
g1ojs/opt/Loaded V-26.nec,ok,ok,0.20557710900902748,0.13340482115745544,1.5410,1
g1ojs/opt/Loaded V-27.nec,ok,ok,0.20618191827088594,0.1329354727640748,1.5510,1
g1ojs/opt/Loaded V-28.nec,ok,ok,0.20577379502356052,0.13308085408061743,1.5462,1
icecube-dbesson/2 dipole on roof.nec,ok,ok,1.4592751543968916,0.24257439095526934,6.0158,1
icecube-dbesson/2lsloper.nec,ok,ok,0.6235570004209876,0.3914542580023408,1.5929,1
icecube-dbesson/2phased.nec,ok,ok,0.0036675110459327698,0.003827618435025215,,0
icecube-dbesson/36ccd.nec,ok,ok,0.35603779274970293,0.22677821293473244,1.5700,1
icecube-dbesson/36dip.nec,ok,ok,0.30329551734030247,0.19394514989107847,1.5638,1
icecube-dbesson/36inv.nec,ok,ok,0.3059344971552491,0.1965799294412136,1.5563,1
icecube-dbesson/36inv_split.nec,ok,ok,0.3058237889781594,0.1963075678795576,1.5579,1
icecube-dbesson/3el-inverted-V.nec,ok,ok,0.3136893333867192,0.18116840068250895,1.7315,1
icecube-dbesson/3elquad.nec,ok,ok,0.005391704849898815,0.0057356394827365875,,0
icecube-dbesson/4 Dipole Trans-lines.nec,ok,ok,0.015283680520951748,0.014141108840703964,,0
icecube-dbesson/40quad.nec,ok,ok,0.19512059167027473,0.11823027674108744,1.6503,1
icecube-dbesson/4nec2.nec,ok,ok,0.4165379833430052,0.12481665052473545,3.3372,1
icecube-dbesson/4square.nec,ok,ok,0.29580406844615936,0.18963144719600677,1.5599,1
icecube-dbesson/4x20ra.nec,ok,ok,0.1525148544460535,0.06279151141643524,2.4289,1
icecube-dbesson/7lyagi10.nec,ok,ok,0.2945665502920747,0.1772472057491541,1.6619,1
icecube-dbesson/80hsbeam.nec,ok,ok,0.3346148058772087,0.1981377936899662,1.6888,1
icecube-dbesson/80rdbeam.nec,ok,ok,0.4422158282250166,0.24156722705811262,1.8306,1
icecube-dbesson/BCone45.nec,ok,ok,0.04955030232667923,0.027001788839697838,,0
icecube-dbesson/BCone55.nec,ok,ok,0.700120055116713,0.2267472529783845,3.0877,1
icecube-dbesson/BCone65.nec,ok,ok,0.7001841617748141,0.22433156240731478,3.1212,1
icecube-dbesson/Bcone-1mmgap.nec,ok,ok,0.05257271137088537,0.028974493965506554,,0
icecube-dbesson/Bcone-3cmgap.nec,ok,ok,0.05225308891385794,0.028522521257400513,,0
icecube-dbesson/BetaMatch.nec,ok,ok,0.034544977359473705,0.017846240662038326,,0
icecube-dbesson/Bicone-dzvar.nec,ok,ok,0.05245568882673979,0.028024244122207165,,0
icecube-dbesson/Bicone0+.nec,ok,ok,0.10051817074418068,0.05935117043554783,1.6936,1
icecube-dbesson/Bicone0.nec,ok,ok,0.03234548680484295,0.021728656254708767,,0
icecube-dbesson/Catenary_1.nec,ok-no-source,ok-no-source,0.003934559412300587,0.00396351795643568,,0
icecube-dbesson/Cedzph10.nec,ok,ok,0.18201195541769266,0.08088797703385353,2.2502,1
icecube-dbesson/CoilCapHat.nec,ok,ok,0.24957085866481066,0.13687903340905905,1.8233,1
icecube-dbesson/Collinear_1L.nec,ok,ok,0.1218841327354312,0.07721657864749432,1.5785,1
icecube-dbesson/Deltalp.nec,ok,ok,0.10377626493573189,0.08475370425730944,1.2244,1
icecube-dbesson/Example1.nec,ok,ok,0.003503981977701187,0.0036316141486167908,,0
icecube-dbesson/Example2.nec,ok,ok,0.00318742822855711,0.0033192094415426254,,0
icecube-dbesson/Example3.nec,ok,ok,0.30332831013947725,0.1941964840516448,1.5620,1
icecube-dbesson/Fractal.nec,ok,ok,1.5136559158563614,0.9330323534086347,1.6223,1
icecube-dbesson/Generator.nec,ok,ok,0.07486372999846935,0.06497467961162329,1.1522,1
icecube-dbesson/Gwave.nec,ok,ok,0.13321606814861298,0.0937059735879302,1.4216,1
icecube-dbesson/Half-Horn2.nec,ok,ok,0.03943407628685236,0.025127115659415722,,0
icecube-dbesson/Half-horn.nec,ok,ok,0.03902859892696142,0.026681847870349884,,0
icecube-dbesson/Illuminate.nec,ok,ok,3.198836289346218,2.1679088193923235,1.4755,1
icecube-dbesson/L_match.nec,ok,ok,0.01999501045793295,0.012462464161217213,,0
icecube-dbesson/Logper.nec,ok,ok,0.020000864751636982,0.02015766780823469,,0
icecube-dbesson/Loops.nec,ok,ok,0.004215073771774769,0.004341077990829945,,0
icecube-dbesson/Lowdip.nec,ok,ok,0.3574551595374942,0.20976270455867052,1.7041,1
icecube-dbesson/Match_Test.nec,ok,ok,0.0033614709973335266,0.0036204447969794273,,0
icecube-dbesson/Moxon.nec,ok,ok,0.2884811945259571,0.21269046515226364,1.3563,1
icecube-dbesson/Multiband.nec,ok,ok,0.35492878407239914,0.20498018339276314,1.7315,1
icecube-dbesson/NearFld.nec,ok,ok,2.3334086732938886,1.593853060156107,1.4640,1
icecube-dbesson/Optimized-discone.nec,ok,ok,0.03797048330307007,0.020624550059437752,,0
icecube-dbesson/Parab50.nec,ok,ok,8.659474869258702,3.0282993065193295,2.8595,1
icecube-dbesson/Parabola.nec,ok-no-source,ok-no-source,0.15880994591861963,0.06856239214539528,,0
icecube-dbesson/Patch.nec,ok-no-source,ok-no-source,0.00847100093960762,0.007032604888081551,,0
icecube-dbesson/Phased GP.nec,ok,ok,0.028169640339910984,0.010958926752209663,,0
icecube-dbesson/Phased array Trans-line.nec,ok,ok,0.01296002883464098,0.008567986078560352,,0
icecube-dbesson/Quad.nec,ok,ok,0.4374689655378461,0.3370440360158682,1.2980,1
icecube-dbesson/RICE-dipole.nec,error,error,0.33711820747703314,0.1529115391895175,,0
icecube-dbesson/RICE-dipole0.nec,error,error,0.2941363453865051,0.12669787928462029,,0
icecube-dbesson/Rhombic.nec,ok,ok,0.15960742067545652,0.12823865376412868,1.2446,1
icecube-dbesson/Slopvee.nec,ok,ok,0.3118946738541126,0.1708872728049755,1.8251,1
icecube-dbesson/T-box.nec,ok,ok,0.3473972836509347,0.12355276755988598,2.8117,1
icecube-dbesson/TL-test.nec,ok,ok,0.15724695939570665,0.08251655660569668,1.9056,1
icecube-dbesson/TV_uhf.nec,ok,ok,0.06051300372928381,0.03544736746698618,,0
icecube-dbesson/Tr-line.nec,ok,ok,0.3041548989713192,0.19400202296674252,1.5678,1
icecube-dbesson/TrapDip.nec,ok,ok,0.004583917558193207,0.004565397277474403,,0
icecube-dbesson/Vee40.nec,ok,ok,0.3402335839346051,0.2106667449697852,1.6150,1
icecube-dbesson/Vyagi22.nec,ok,ok,0.02637465111911297,0.024265012703835964,,0
icecube-dbesson/Yagi16.nec,ok,ok,0.03837023861706257,0.03459612838923931,,0
icecube-dbesson/atl50E.nec,ok,ok,0.8234440851956606,0.25959181785583496,3.1721,1
icecube-dbesson/atl50e-h.nec,ok,ok,0.9363432144746184,0.29339319467544556,3.1914,1
icecube-dbesson/bev80.nec,ok,ok,0.36949971970170736,0.2247363794595003,1.6441,1
icecube-dbesson/bisq7.nec,ok,ok,0.06821457203477621,0.0463748462498188,,0
icecube-dbesson/bobtail.nec,ok,ok,0.3387339962646365,0.21641757152974606,1.5652,1
icecube-dbesson/circdip3.nec,ok,ok,0.0037196753546595573,0.003885679878294468,,0
icecube-dbesson/corner.nec,ok,ok,0.02605291549116373,0.016848028637468815,,0
icecube-dbesson/dip_curv_6m.nec,ok,ok,0.01237784419208765,0.01241341046988964,,0
icecube-dbesson/discone.nec,ok,ok,0.03708970546722412,0.020416916348040104,,0
icecube-dbesson/dscn2.nec,ok,ok,0.8838253570720553,0.29295353684574366,3.0169,1
icecube-dbesson/edzmod.nec,ok,ok,0.27226370945572853,0.17277326341718435,1.5758,1
icecube-dbesson/emeyagi.nec,ok,ok,0.021434904076159,0.012122025713324547,,0
icecube-dbesson/fm6.nec,ok,ok,0.010725258849561214,0.008814563043415546,,0
icecube-dbesson/franklin.nec,ok,ok,0.004594098776578903,0.007259582169353962,,0
icecube-dbesson/g5rv.nec,ok,ok,0.0035917311906814575,0.0036350898444652557,,0
icecube-dbesson/gndplane.nec,ok,ok,0.003818281926214695,0.004012277349829674,,0
icecube-dbesson/hel10ua.nec,ok,ok,0.4429995408281684,0.1532202959060669,2.8913,1
icecube-dbesson/helix.nec,ok,ok,1.1033623442053795,0.28054269310086966,3.9330,1
icecube-dbesson/helixve5.nec,ok,ok,0.04840453527867794,0.03884136863052845,,0
icecube-dbesson/hrs_441.nec,ok,ok,13.490739792585373,5.861116423271596,2.3017,1
icecube-dbesson/i5tdjii.nec,ok,ok,0.037367964163422585,0.018000084906816483,,0
icecube-dbesson/isotrop.nec,ok,ok,0.004597974941134453,0.004678764380514622,,0
icecube-dbesson/jbl.nec,ok,ok,4.53750345017761,1.450240039266646,3.1288,1
icecube-dbesson/lazyh.nec,ok,ok,0.005168563686311245,0.004858674481511116,,0
kk4obi-bent-dipoles/efhw-straight.nec,ok,ok,0.09613019786775112,0.056010772474110126,1.7163,1
kk4obi-bent-dipoles/folded-end-dipole.nec,ok,ok,0.31715244241058826,0.19601743388921022,1.6180,1
kk4obi-bent-dipoles/ocf-vertical-4radials.nec,ok,ok,0.23136925511062145,0.13882837537676096,1.6666,1
kk4obi-bent-dipoles/std-vertical-dipole.nec,ok,ok,0.09495966508984566,0.05914164800196886,1.6056,1
nec-simulations/nec/biconicalAntenna.nec,ok,ok,0.005260062403976917,0.005325225181877613,,0
nec-simulations/nec/colinnearDipoles.nec,ok,ok,0.003915870562195778,0.004200379364192486,,0
nec-simulations/nec/foldedDipole_10.nec,ok,ok,0.00452013686299324,0.004433596506714821,,0
nec-simulations/nec/foldedDipole_5.nec,ok,ok,0.003551035188138485,0.0038229338824748993,,0
nec-simulations/nec/foldedDipole_50.nec,ok,ok,0.026266795583069324,0.014947048388421535,,0
nec-simulations/nec/helicalAntenna.nec,ok,ok,0.048025039955973625,0.027894827537238598,,0
nec-simulations/nec/inEchellonDipoles.nec,ok,ok,0.0036554159596562386,0.0036896150559186935,,0
nec-simulations/nec/parallelDipoles.nec,ok,ok,0.003973415121436119,0.004082337953150272,,0
nec-simulations/nec/turnstileAntenna.nec,ok,ok,0.0038660308346152306,0.004014693200588226,,0
nec-simulations/nec/turnstileTestAntenna.nec,ok,ok,7.186231758445501,2.224997919984162,3.2298,1
nec-simulations/nec/wireAntennaFastGround.nec,ok,ok,0.459765100851655,0.24510014802217484,1.8758,1
nec-simulations/nec/wireAntennaPerfectGround.nec,crash,crash,1.2169585200026631,1.2078570388257504,,0
nec2-toys/2m-fd-fed-yagi.nec,ok,ok,1.0051902988925576,0.8145956350490451,1.2340,1
nec2-toys/2m-folded-dipole/2m-folded-dipole.nec,ok,ok,0.857660268433392,0.7230469696223736,1.1862,1
nec2-toys/oldStuff/gen1/freeSpace2mDE.nec,ok,ok,0.019361416809260845,0.017755815759301186,,0
nec2-toys/oldStuff/gen1/nec-2m-2el-146.310.nec,ok,ok,0.02550786640495062,0.0217030206695199,,0
nec2-toys/oldStuff/gen1/nec-2m-2el-1_8th-wire.nec,ok,ok,0.021792836487293243,0.01962423138320446,,0
nec2-toys/oldStuff/gen1/nec-2m-2el-3_16ths-wire.nec,ok,ok,0.02155298739671707,0.01943873707205057,,0
nec2c/10RA432.nec,ok,ok,0.007364287041127682,0.007514582015573978,,0
nec2c/19el_432_tonna.nec,ok,ok,0.07029703259468079,0.04050482343882322,,0
nec2c/20RA432.nec,ok,ok,0.028828736394643784,0.019396687857806683,,0
nec2c/20RA_X4.nec,ok,ok,0.11475319415330887,0.050988455303013325,2.2506,1
nec2c/3E_.nec,ok,ok,0.0071556102484464645,0.007227110676467419,,0
nec2c/9EL_GRA.nec,ok,ok,0.020537246018648148,0.013450397178530693,,0
nec2c/9elX2b_gr.nec,ok,ok,0.20238188654184341,0.07261890172958374,2.7869,1
nec2c/9elX2b_mast.nec,ok,ok,0.15560258738696575,0.07180071529000998,2.1671,1
nec2c/9elX2b_tonna.nec,ok,ok,0.14489342737942934,0.06804321333765984,2.1294,1
nec2c/9elX2bm_gr.nec,ok,ok,0.5915730334818363,0.1543256901204586,3.8333,1
nec2c/9elX_gra.nec,ok,ok,0.06116862688213587,0.029658609069883823,,0
nec2c/9elX_tonna.nec,ok,ok,0.050371733494102955,0.03260138817131519,,0
nec2c/9elXb_tonna.nec,ok,ok,0.050582289695739746,0.03241757396608591,,0
nec2c/9elXb_tonnaf.nec,ok,ok,1.1380521338433027,0.38816440012305975,2.9319,1
nec2c/9el_p_tonna.nec,ok,ok,0.02243890520185232,0.01887753140181303,,0
nec2c/9el_tonna.nec,ok,ok,0.022094598039984703,0.019162063486874104,,0
nec2c/9el_tonnaf.nec,ok,ok,0.2937409095466137,0.10571772698312998,2.7785,1
nec2c/9elv_tonna.nec,ok,ok,0.021955598145723343,0.018361369147896767,,0
nec2c/BSZ09.nec,ok,ok,0.020248201675713062,0.017713753506541252,,0
nec2c/BSZ10.nec,ok,ok,0.25046246964484453,0.20734383445233107,1.2080,1
nec2c/CAR.nec,ok,ok,0.08016758877784014,0.04642679542303085,,0
nec2c/DIP2_7T.nec,ok,ok,0.0059114862233400345,0.005282854661345482,,0
nec2c/DIP_7.nec,ok,ok,0.006800723262131214,0.006916080601513386,,0
nec2c/DIP_7T.nec,ok,ok,0.004498534835875034,0.0044636717066168785,,0
nec2c/DIP_7TB.nec,ok,ok,0.004422465339303017,0.004406766965985298,,0
nec2c/DIP_7TC.nec,ok,ok,0.004407260566949844,0.004466491751372814,,0
nec2c/DIP_7TD.nec,ok,ok,0.004480169154703617,0.0043892040848731995,,0
nec2c/DIP_7TE.nec,ok,ok,0.004405313171446323,0.004350508563220501,,0
nec2c/DIP_REFL.nec,ok,ok,0.010298983193933964,0.010221374221146107,,0
nec2c/ELICA.nec,ok,ok,0.009274142794311047,0.008529538288712502,,0
nec2c/EX1.nec,ok,ok,0.00341804139316082,0.0036069806665182114,,0
nec2c/EX2.nec,ok,ok,0.0033777542412281036,0.0037089409306645393,,0
nec2c/EX3.nec,ok,ok,0.08190849609673023,0.053981030359864235,1.5174,1
nec2c/EX5.nec,ok,ok,0.006685309112071991,0.005910706706345081,,0
nec2c/EX7.nec,ok-no-source,ok-no-source,0.003663593903183937,0.0038767866790294647,,0
nec2c/I5TDJII.nec,ok,ok,0.05324365384876728,0.03205417841672897,,0
nec2c/I5TDJIII.nec,ok,ok,0.05309462733566761,0.03321143984794617,,0
nec2c/LOGPERIO_1.nec,ok-no-source,ok-no-source,0.00617100577801466,0.005119313485920429,,0
nec2c/LPA9.nec,ok,ok,0.03632713574916124,0.0357286911457777,,0
nec2c/MARCONI.nec,ok,ok,0.008515901863574982,0.005008146166801453,,0
nec2c/MONOPOLE.nec,ok,ok,0.005074546672403812,0.005095682106912136,,0
nec2c/MONOPOLO.nec,ok,ok,0.005128572694957256,0.00519697368144989,,0
nec2c/MYGP.nec,ok,ok,0.1225988743826747,0.08034633379429579,1.5259,1
nec2c/MYGPR.nec,ok,ok,0.6901146853342652,0.4565263744443655,1.5117,1
nec2c/MYGPX.nec,ok,ok,0.6940209809690714,0.4526646491140127,1.5332,1
nec2c/RHOMBIC.nec,ok,ok,0.04339172411710024,0.038401911966502666,,0
nec2c/ROMBICA.nec,ok,ok,0.043546317145228386,0.03850305546075106,,0
nec2c/SKYWIRE.nec,ok,ok,0.013264774344861507,0.010757467709481716,,0
nec2c/SPIRAL.nec,error,error,0.005412928760051727,0.005448826588690281,,0
nec2c/TEST299.nec,ok,ok,0.04779092036187649,0.020548878237605095,,0
nec2c/TRI_7.nec,ok,ok,0.010389207862317562,0.01083688996732235,,0
nec2c/TRI_7T.nec,ok,ok,0.007545117288827896,0.006834628991782665,,0
nec2c/TRI_7TA.nec,ok,ok,0.0072614531964063644,0.007010842673480511,,0
nec2c/TRI_7TB.nec,ok,ok,0.007454991340637207,0.007043259218335152,,0
nec2c/TRI_7TC.nec,ok,ok,0.007357302121818066,0.006578496657311916,,0
nec2c/VBS_28_T.nec,ok,ok,0.006059344857931137,0.0058084456250071526,,0
nec2c/VB_28_T.nec,ok,ok,0.00597001425921917,0.005748274736106396,,0
nec2c/YG_4X6.nec,ok,ok,0.012377910315990448,0.011157617904245853,,0
nec2c/YG_4X6_B.nec,ok,ok,0.0345567911863327,0.026559011079370975,,0
nec2c/YG_6EL.nec,ok,ok,0.007910501211881638,0.007876511663198471,,0
nec2c/YI20_40B.nec,ok,ok,1.5104886526241899,0.8251039013266563,1.8307,1
nec2c/YI20_40C.nec,ok,ok,1.8358572367578745,0.6865087207406759,2.6742,1
nec2c/dip_curv_6m.nec,ok,ok,0.012221105396747589,0.012162147089838982,,0
nec2c/dl_2el_18.nec,ok,ok,0.029421761631965637,0.01663753017783165,,0
nec2c/dl_2el_18_1.nec,ok,ok,0.011162358336150646,0.011447865515947342,,0
nec2c/dl_2el_18_1t.nec,ok,ok,0.008171201683580875,0.00744906160980463,,0
nec2c/dl_2el_18_1t15mvp.nec,ok,ok,0.3028912032023072,0.1890950221568346,1.6018,1
nec2c/dl_2el_18_t10m.nec,ok,ok,0.0082017183303833,0.007456885650753975,,0
nec2c/dl_2el_18_t10mvp.nec,ok,ok,0.00816024374216795,0.007531324401497841,,0
nec2c/dl_2el_18b24.nec,ok,ok,0.028929542750120163,0.022969798184931278,,0
nec2c/dl_2el_24b18.nec,ok,ok,0.028940705582499504,0.023478862829506397,,0
nec2c/dl_2el_28_1.nec,ok,ok,0.030175836756825447,0.023628339171409607,,0
nec2c/dl_2el_28_1t.nec,ok,ok,0.03168399352580309,0.018008464947342873,,0
nec2c/dl_2el_28_f.nec,ok,ok,0.5220634257420897,0.1750494772568345,2.9824,1
nec2c/dl_4el_20.nec,ok,ok,0.056488823145627975,0.033710792660713196,,0
nec2c/dl_4el_20f.nec,ok,ok,0.6313792178407311,0.21854032017290592,2.8891,1
nec2c/firstrhombic.nec,ok,ok,0.01014244556427002,0.008575107902288437,,0
nec2c/i5tdjiiif.nec,ok,ok,1.2132731648162007,0.36107769794762135,3.3601,1
nec2c/log_periodic.nec,ok,ok,0.03599617909640074,0.03505235444754362,,0
nec2c/logperA9.nec,ok,ok,0.03655084874480963,0.03574842028319836,,0
nec2c/quad17m_1.nec,ok,ok,0.044929527677595615,0.019383898936212063,,0
nec2c/quad17m_2.nec,ok,ok,0.04565255902707577,0.021093743853271008,,0
nec2c/rombica_t.nec,ok,ok,0.010120262391865253,0.008641109801828861,,0
nec2c/yg2_5el_50.nec,ok,ok,0.024478559382259846,0.01985588576644659,,0
nec2c/yg2_5el_50t.nec,ok,ok,0.023900308646261692,0.01473972387611866,,0
nec2c/yg_16el_220.nec,ok,ok,0.014483025297522545,0.014278028160333633,,0
nec2c/yg_16el_220M_1.nec,ok,ok,0.03323552384972572,0.05117442365735769,,0
nec2c/yg_16el_220M_2.nec,ok,ok,0.04296768084168434,0.027871044352650642,,0
nec2c/yg_2el_24.nec,ok,ok,0.010578032582998276,0.009672342799603939,,0
nec2c/yg_4el_20.nec,ok,ok,0.013217228464782238,0.012532318942248821,,0
nec2c/yg_4el_20f.nec,ok,ok,0.04759215284138918,0.02221379056572914,,0
nec2c/yg_4el_20g.nec,ok,ok,0.010341942310333252,0.008100639097392559,,0
nec2c/yg_5el_50.nec,ok,ok,0.011809999123215675,0.011938407085835934,,0
nec2c/yg_5el_50_opt.nec,ok,ok,0.011997980996966362,0.011962216347455978,,0
nec2c/yg_5el_50p_opt.nec,ok,ok,0.012069727294147015,0.012144257314503193,,0
nec2c/yg_5el_50t.nec,ok,ok,0.008993965573608875,0.007512702606618404,,0
nec2c/yg_9el_144.nec,ok,ok,0.021908126771450043,0.01866535283625126,,0
nec2org/biquad_2440MHz.nec,ok,ok,1.0194070572033525,0.5570495845749974,1.8300,1
necpp/36dip.nec,ok,ok,0.3046457888558507,0.2172670178115368,1.4022,1
necpp/Collinear_1L.nec,ok,ok,0.12197407241910696,0.07746272161602974,1.5746,1
necpp/GA487.nec,ok,ok,0.5242071626707911,0.5227228356525302,1.0028,1
necpp/Yg_4x6_b.nec,ok,ok,0.03496756590902805,0.026538471691310406,,0
necpp/biquad.nec,ok,ok,1.0198254883289337,0.5477646803483367,1.8618,1
necpp/bruce_sommerfeld.nec,ok,ok,0.3759039416909218,0.22847189661115408,1.6453,1
necpp/buoy.nec,ok,ok,0.12207300867885351,0.08443384431302547,1.4458,1
necpp/dipole_anim.nec,ok,ok,0.013656757771968842,0.027439694851636887,,0
necpp/discone.nec,ok-no-source,ok-no-source,3.818173548206687,0.68635846208781,,0
necpp/ek_test.nec,ok,ok,0.005922410637140274,0.006067211739718914,,0
necpp/example1.nec,ok,ok,0.003448505885899067,0.0035881847143173218,,0
necpp/example2.nec,ok,ok,0.0033367201685905457,0.003705228678882122,,0
necpp/example3.nec,ok,ok,0.10149989649653435,0.05453193373978138,1.8613,1
necpp/example5.nec,ok,ok,0.006817944347858429,0.005926667712628841,,0
necpp/excessive_gain.nec,ok,ok,0.012496143579483032,0.011838280595839024,,0
necpp/ga_pjw_0.nec,ok-no-source,ok-no-source,0.11442831624299288,0.043983870185911655,,0
necpp/ga_pjw_1.nec,ok,ok,1.0118153486400843,0.2871549054980278,3.5236,1
necpp/gh_flat_spiral.nec,ok,ok,0.007768057286739349,0.007495869882404804,,0
necpp/gn2.nec,ok,ok,0.18822734616696835,0.12100899592041969,1.5555,1
necpp/gx_one_plane.nec,ok,ok,0.006104461848735809,0.005870167165994644,,0
necpp/gx_three_planes.nec,ok,ok,0.010228038765490055,0.009375381283462048,,0
necpp/gx_three_planes_control.nec,ok,ok,0.011269748210906982,0.01150152925401926,,0
necpp/hang.nec,ok,ok,0.6411913195624948,0.2505858903750777,2.5588,1
necpp/herzian_dipole.nec,ok,ok,0.005926624871790409,0.005957908928394318,,0
necpp/intersection.nec,ok,ok,0.003663560375571251,0.0039230166003108025,,0
necpp/inverted_v.nec,ok,ok,4.409425290301442,1.235489216633141,3.5690,1
necpp/medium_test.nec,ok,ok,0.003727491945028305,0.003886324353516102,,0
necpp/near_field_electric.nec,ok,ok,0.0031787166371941566,0.0034429170191287994,,0
necpp/near_field_magnetic.nec,ok,ok,0.0031096190214157104,0.0033766143023967743,,0
necpp/passive_test1.nec,ok-no-source,ok-no-source,0.10407301876693964,0.04001263063400984,,0
necpp/patch_999.nec,error,error,0.11935944762080908,0.06305234786123037,,0
necpp/patch_999_2.nec,no-impedance,no-impedance,0.012662048451602459,0.013183651491999626,,0
necpp/plane.nec,ok-no-source,error,0.03981895837932825,0.024760951288044453,,0
necpp/plane_wave_excitation.nec,ok-no-source,ok-no-source,0.007585178129374981,0.007130730897188187,,0
necpp/plet_helix.nec,ok-no-source,ok-no-source,0.03628733288496733,0.020177455618977547,,0
necpp/plet_helixumts.nec,ok,ok,0.2263368833810091,0.09678503964096308,2.3386,1
necpp/salt_ground.nec,ok,ok,0.8857931606471539,0.5798905426636338,1.5275,1
necpp/sommerfeld2.nec,ok,ok,0.16176862176507711,0.08692146651446819,1.8611,1
necpp/sommerfeld3.nec,ok,ok,0.3161531137302518,0.20833107456564903,1.5176,1
necpp/sommerfield1.nec,ok,ok,0.08780370280146599,0.05829192791134119,1.5063,1
necpp/test299.nec,ok,ok,0.047632922418415546,0.020539702847599983,,0
necpp/yagi.nec,ok,ok,0.03636173252016306,0.03529938589781523,,0
opennec/6mYagi-Onec.nec,ok,ok,49.379616905003786,41.33290325384587,1.1947,1
opennec/6mYagi-Onec2.nec,ok,ok,0.055248565040528774,0.031794020906090736,,0
opennec/example5.nec,ok,ok,0.006882946006953716,0.006062911823391914,,0
qantenna/10-30m_vert4.nec,ok,ok,15.500241111032665,7.53309075627476,2.0576,1
qantenna/19el_432_tonna.nec,ok,ok,0.07024553511291742,0.04013974964618683,,0
qantenna/1_4l-gp_on_pole.nec,ok,ok,2.0401196451857686,1.4578835666179657,1.3994,1
qantenna/5_8l-gp_on_pole.nec,ok,ok,1.7223602896556258,1.29256562422961,1.3325,1
qantenna/adrian.nec,ok,ok,0.09884253703057766,0.08320960402488708,1.1879,1
qantenna/airplane.nec,ok,error,0.5605707904323936,0.02662877645343542,,0
qantenna/ant.nec,ok,ok,0.036776019260287285,0.034973207861185074,,0
qantenna/collinear.nec,ok,ok,1.9628250859677792,1.5272510573267937,1.2852,1
qantenna/delta-loop-15m.nec,ok,ok,0.9633284891024232,0.7970548467710614,1.2086,1
qantenna/quad-20m.nec,ok,ok,0.88336968049407,0.705229626968503,1.2526,1
qantenna/spaceship.nec,ok,ok,0.03778144158422947,0.03454296197742224,,0
qantenna/tower.nec,error,error,0.009670138359069824,0.008955996483564377,,0
qantenna/tri_7.nec,ok,ok,0.010083600878715515,0.010561778210103512,,0
qantenna/turnstile-sloped.nec,ok,ok,0.1837081629782915,0.15140973404049873,1.2133,1
qantenna/turnstile.nec,ok,ok,0.184061823412776,0.1516145570203662,1.2140,1
qantenna/xpol_omni.nec,ok,ok,0.42941794730722904,0.3279352383688092,1.3095,1
qantenna/yagi.nec,ok,ok,0.08243402279913425,0.06833110749721527,1.2064,1
qantenna/yagi8sq_ch1.nec,ok,ok,0.0909329354763031,0.07438345439732075,1.2225,1
qantenna/yg_16el_220.nec,ok,ok,0.014693773351609707,0.014014134183526039,,0
qantenna/yg_4el_20.nec,ok,ok,0.059248548932373524,0.052332219667732716,1.1322,1
qantenna/yg_6el.nec,ok,ok,0.8206288684159517,0.7453975016251206,1.1009,1
qantenna/zepp-80m.nec,ok,ok,0.24464321602135897,0.20990452356636524,1.1655,1
rchacker-antennas/1180/helical.nec,ok,ok,0.024198265746235847,0.0161829125136137,,0
rchacker-antennas/1180/moxon_44mm.nec,ok,ok,0.012361890636384487,0.010089969262480736,,0
rchacker-antennas/1180/moxon_thin_wire.nec,ok,ok,0.01158175989985466,0.011426631361246109,,0
rchacker-antennas/1180/turnstile_1180_droop_angle_raptor.nec,ok,ok,0.07713430933654308,0.033248369581997395,,0
rchacker-antennas/1180/turnstile_1180_droop_angle_raptor_optimised.nec,ok,ok,0.055521086789667606,0.02522331103682518,,0
rchacker-antennas/1180/use gen program in 4nec folder.nec,ok-no-source,ok-no-source,6.078494798392057,2.016130485571921,,0
rchacker-antennas/2.4/dipole_2.4.nec,ok,ok,0.013256148435175419,0.00915670208632946,,0
rchacker-antennas/2.4/moxon24.nec,ok,ok,0.007953899912536144,0.007095293141901493,,0
rchacker-antennas/2.4/stripped_coax_2.4.nec,ok,ok,0.01027466170489788,0.008031409233808517,,0
rchacker-antennas/2.4/swastika thick wire.nec,ok,ok,0.006366170942783356,0.005343735218048096,,0
rchacker-antennas/2.4/swastika thin wire.nec,ok,ok,0.009697939269244671,0.007908182218670845,,0
rchacker-antennas/2.4/swastika.nec,ok,ok,0.006326306611299515,0.005490451119840145,,0
rchacker-antennas/2.4/swastika_large_wire_opt.nec,ok,ok,0.006237993016839027,0.005525846034288406,,0
rchacker-antennas/2.4/swastika_large_wire_opt_1mm_feed.nec,ok,ok,0.00629843957722187,0.005342581309378147,,0
rchacker-antennas/2.4/turnstile.nec,ok,ok,0.01841794326901436,0.011166896671056747,,0
rchacker-antennas/2.4/turnstile_2.4_asymmetric.nec,ok,ok,0.018468763679265976,0.011723591014742851,,0
rchacker-antennas/2.4/turnstile_2.4_asymmetric_rad.nec,ok,ok,0.018463050946593285,0.011285013519227505,,0
rchacker-antennas/2.4/vee_2.4.nec,ok,ok,0.013062182813882828,0.009755435399711132,,0
rchacker-antennas/58/helical58.nec,ok,ok,0.381324197165668,0.16939216013997793,2.2511,1
rchacker-antennas/58/pinwheel5.8.nec,ok,ok,0.13803880754858255,0.10421258676797152,1.3246,1
rchacker-antennas/UHF/_new.nec,ok,ok,0.023715686053037643,0.013285371474921703,,0
rchacker-antennas/UHF/ground_plane.nec,ok,ok,0.05506737343966961,0.025089789181947708,,0
rchacker-antennas/UHF/ground_turnstile.nec,ok,ok,0.01251351460814476,0.006612672470510006,,0
rchacker-antennas/UHF/ibcrazy turnstile.nec,ok,ok,0.00418049655854702,0.00351537112146616,,0
rchacker-antennas/UHF/ibcrazy turnstile_measurements_from_web_tutorial.nec,ok,ok,0.004239513538777828,0.003645738586783409,,0
rchacker-antennas/UHF/moxon435_as_per_generator.nec,ok,ok,0.03852007072418928,0.012791124172508717,,0
rchacker-antennas/UHF/moxon435_optimised.nec,ok,ok,0.018729116767644882,0.013022010214626789,,0
rchacker-antennas/UHF/turnstile.nec,ok,ok,0.023206837475299835,0.013377443887293339,,0
rchacker-antennas/UHF/turnstile_NEW.nec,ok,ok,0.023667966946959496,0.013718265108764172,,0
rchacker-antennas/UHF/turnstile_coax_flat.nec,ok,ok,0.023368938826024532,0.013300827704370022,,0
rchacker-antennas/UHF/turnstile_coax_flower.nec,ok,ok,0.045691145583987236,0.021784218959510326,,0
rchacker-antennas/UHF/turnstile_coax_flower_2.5.nec,ok,ok,0.046240802854299545,0.02185856644064188,,0
rchacker-antennas/UHF/turnstile_droop_angle.nec,ok,ok,0.03732330724596977,0.018607202917337418,,0
rchacker-antennas/UHF/turnstile_droop_angle_coax.nec,ok,ok,0.05535268131643534,0.02635801676660776,,0
rchacker-antennas/UHF/turnstile_droop_angle_raptor.nec,ok,ok,0.13179847598075867,0.052419109269976616,2.5143,1
rchacker-antennas/UHF/turnstile_droop_angle_raptor_optimised.nec,ok,ok,0.2628024183213711,0.09044936113059521,2.9055,1
rchacker-antennas/UHF/turnstile_droop_angle_raptor_optimised_eff.nec,ok,ok,0.2615417968481779,0.09016634430736303,2.9007,1
rchacker-antennas/UHF/turnstile_effeciency_optimised.nec,ok,ok,0.037489153444767,0.018531681038439274,,0
rchacker-antennas/UHF/vee3_asymmetrical.nec,ok,ok,0.013810244388878345,0.009633614681661129,,0
rchacker-antennas/UHF/vee3_asymmetrical_hello_kitty_evolved.nec,ok,ok,0.023628379218280315,0.013194783590734005,,0
rchacker-antennas/UHF/vee3_asymmetrical_hello_kitty_evolved_40.nec,ok,ok,0.023650855757296085,0.013687040656805038,,0
rchacker-antennas/UHF/vee3_asymmetrical_with_coax.nec,ok,ok,0.02351327333599329,0.014061584137380123,,0
rchacker-antennas/UHF/vee3_symmetrical.nec,ok,ok,0.01364133320748806,0.009406888857483864,,0
rchacker-antennas/circular omni/PINWHEEL62m.nec,ok,ok,0.1353701874613762,0.10543132852762938,1.2840,1
rchacker-antennas/circular omni/pinwheel62m_980skewplanar-e3.nec,ok,ok,0.13734874967485666,0.10404582694172859,1.3201,1
rchacker-antennas/vee_cheatsheet/vee3_symmetrical_1080_cat5.nec,ok,ok,0.013798870146274567,0.009522118605673313,,0
rchacker-antennas/vee_cheatsheet/vee3_symmetrical_1180_cat5.nec,ok,ok,0.013709401711821556,0.009601759724318981,,0
rchacker-antennas/vee_cheatsheet/vee3_symmetrical_1280_cat5.nec,ok,ok,0.013668590225279331,0.009774139150977135,,0
rchacker-antennas/vee_cheatsheet/vee3_symmetrical_425.nec,ok,ok,0.026680787093937397,0.009472507983446121,,0
rchacker-antennas/vee_cheatsheet/vee3_symmetrical_433.nec,ok,ok,0.013522258959710598,0.009385832585394382,,0
rchacker-antennas/vee_cheatsheet/vee3_symmetrical_435.nec,ok,ok,0.01354069635272026,0.009923483245074749,,0
rchacker-antennas/vee_cheatsheet/vee3_symmetrical_440.nec,ok,ok,0.013572321273386478,0.009380538016557693,,0
rchacker-antennas/vee_cheatsheet/vee3_symmetrical_459.nec,ok,ok,0.01363864354789257,0.010048787109553814,,0
rchacker-antennas/vee_cheatsheet/vee3_symmetrical_915.nec,ok,ok,0.013579617254436016,0.009358142502605915,,0
rchacker-antennas/vee_cheatsheet/vee3_symmetrical_915_cat5.nec,ok,ok,0.013606970198452473,0.009460638277232647,,0
sokyrad/k8uy_yagi_10el/models/K8UY_yagi_2m_original.nec,ok,ok,0.20418621692806482,0.0849441085010767,2.4038,1
sokyrad/unsorted/10m efhw narrow rect 28.4mhz  10m efhw narrow rect 28.4mhz.nec,ok,ok,0.185074370354414,0.10303393099457026,1.7962,1
sokyrad/unsorted/10m_3el_yagi_horizontal.nec,ok,ok,0.4354459382593632,0.32500020787119865,1.3398,1
sokyrad/unsorted/10m_3el_yagi_horizontal_quarter_wave_elements.nec,ok,ok,0.41149413120001554,0.32044579833745956,1.2841,1
sokyrad/unsorted/10m_3el_yagi_vertical.nec,ok,ok,0.5729278502985835,0.41279102861881256,1.3879,1
sokyrad/unsorted/10m_efhw_inverted_L_10ft.nec,ok,ok,0.207679676823318,0.13545127119868994,1.5332,1
sokyrad/unsorted/10m_quarter_wave_ground_plane_10ft.nec,ok,ok,0.9690010445192456,0.668253374285996,1.4501,1
sokyrad/unsorted/15m_20m_jumper_half_square.nec,ok,ok,3.1173925288021564,2.447644396685064,1.2736,1
sokyrad/unsorted/26ft_vertical_26x20ft_radials_eznec_import.nec,ok,ok,2.4281617924571037,1.2920750612393022,1.8793,1
sokyrad/unsorted/2m70cm_moxon_nested.nec,ok,ok,0.05621891375631094,0.03687705006450415,,0
sokyrad/unsorted/2m70cm_moxon_nested_four_masted.nec,ok,ok,0.6919743558391929,0.23562312591820955,2.9368,1
sokyrad/unsorted/40m_efhw-inverted-v_28.6MHz.nec,ok,ok,0.036731342785060406,0.03131671156734228,,0
sokyrad/unsorted/40m_efhw_L.nec,ok,ok,0.2288612797856331,0.1488987822085619,1.5370,1
sokyrad/unsorted/6m_2m_70cm_moxon-yagi.nec,ok,ok,0.17395197693258524,0.10361583158373833,1.6788,1
sokyrad/unsorted/80m_delta_loop_top10m_bottom1m_quarterwave_feed_3p9MHz.nec,ok,ok,1.453336781822145,0.946111798286438,1.5361,1
sokyrad/unsorted/80m_delta_loop_top3m_bottom1m_quarterwave_feed_3p9MHz.nec,ok,ok,1.437832586467266,0.9450383391231298,1.5215,1
sokyrad/unsorted/80m_efhw-Sloper-L_3.85M.nec,ok,ok,0.3145588841289282,0.20317537151277065,1.5482,1
sokyrad/unsorted/80m_efhw-Sloper-L_7.2375M.nec,ok,ok,0.29186420887708664,0.18942586425691843,1.5408,1
sokyrad/unsorted/80m_efhw-Sloper.nec,ok,ok,0.29188563115894794,0.18906248826533556,1.5439,1
sokyrad/unsorted/80m_efhw_inverted_v.nec,ok,ok,0.19623553566634655,0.1251626145094633,1.5678,1
sokyrad/unsorted/80m_efhw_sloper.nec,ok,ok,0.3771809693425894,0.24349957145750523,1.5490,1
sokyrad/unsorted/80m_full-wave_horiz-L_3.8MHz.nec,ok,ok,0.03283760230988264,0.028094799257814884,,0
sokyrad/unsorted/80m_square_horizontal_loop_65ft_3mm_3p9MHz.nec,ok,ok,1.4616982378065586,0.9404463721439242,1.5543,1
sokyrad/unsorted/K8UY_dipole_2m_original_gamma.nec,ok,ok,0.8538022004067898,0.5744889667257667,1.4862,1
sokyrad/unsorted/K8UY_yagi_2m_original.nec,ok,ok,0.2050317144021392,0.08521075453609228,2.4062,1
sokyrad/unsorted/butternut_hf6v_approx.nec,ok,ok,0.3778597768396139,0.20677770860493183,1.8274,1
sokyrad/unsorted/custom_28_4MHz_hybrid_dipole_invertedV.nec,ok,ok,0.1538374200463295,0.0849996916949749,1.8099,1
sokyrad/unsorted/custom_28_4MHz_hybrid_dipole_invertedV_10mheight_1_8wave.nec,ok,ok,0.1532257106155157,0.08638661075383425,1.7737,1
sokyrad/unsorted/custom_28_4MHz_hybrid_dipole_invertedV_2_5m.nec,ok,ok,0.7199571700766683,0.46790628135204315,1.5387,1
sokyrad/unsorted/custom_28_4MHz_hybrid_dipole_invertedV_2_5m_horiz_1_8wave_angled_1_4wave.nec,ok,ok,0.6271669184789062,0.40519131906330585,1.5478,1
sokyrad/unsorted/custom_28_4MHz_hybrid_dipole_invertedV_5_0m.nec,ok,ok,0.7193858213722706,0.4681681403890252,1.5366,1
sokyrad/unsorted/custom_double_inverted_v_10m_28_4MHz_20ft.nec,ok,ok,0.6347872139886022,0.40995938424021006,1.5484,1
sokyrad/unsorted/custom_double_inverted_v_10m_28_4MHz_20ft_same_plane.nec,ok,ok,0.6377712562680244,0.40326216723769903,1.5815,1
sokyrad/unsorted/delta_loop_equilateral_29MHz.nec,ok,ok,1.0064820647239685,0.6757735256105661,1.4894,1
sokyrad/unsorted/delta_loop_equilateral_29MHz_bottom_corner_feed.nec,ok,ok,0.9461287809535861,0.6457724887877703,1.4651,1
sokyrad/unsorted/dual_band_stacked_moxon_146_444_50mm_only146driven.nec,ok,ok,0.30149496253579855,0.22347948793321848,1.3491,1
sokyrad/unsorted/fan_dipole_80_40_20_10_6m_20m_height_voltage_balun.nec,ok,ok,5.911607328802347,3.6652910355478525,1.6129,1
sokyrad/unsorted/inverted_v_10m_28_4MHz_20ft.nec,ok,ok,0.6106082303449512,0.4036413487046957,1.5127,1
sokyrad/unsorted/inverted_v_14p225MHz.nec,ok,ok,1.1675409879535437,0.8607257036492229,1.3565,1
sokyrad/unsorted/inverted_v_28p4MHz.nec,ok,ok,1.1398157617077231,0.8435436217114329,1.3512,1
sokyrad/unsorted/inverted_v_3p8MHz.nec,ok,ok,1.247580787166953,0.906883810646832,1.3757,1
sokyrad/unsorted/inverted_v_7p2MHz.nec,ok,ok,1.1387940971180797,0.8461005762219429,1.3459,1
sokyrad/unsorted/moxong_2m_single.nec,ok,ok,0.006600573658943176,0.005529414862394333,,0
sokyrad/unsorted/moxong_2m_stacked_common_feed.nec,ok,ok,0.019627864472568035,0.011891252361238003,,0
sokyrad/unsorted/moxong_2m_stacked_common_feed_0_99lambda.nec,ok,ok,0.019929087720811367,0.012127811089158058,,0
sokyrad/unsorted/simple_10m_inverted_v_10ft.nec,ok,ok,0.7967047886922956,0.5578602561727166,1.4281,1
sokyrad/unsorted/simple_dipole_28_4MHz_10_0m.nec,ok,ok,0.29407793562859297,0.18923999555408955,1.5540,1
sokyrad/unsorted/simple_dipole_28_4MHz_2_5m.nec,ok,ok,0.7009385842829943,0.4635583199560642,1.5121,1
sokyrad/unsorted/simple_dipole_28_4MHz_5_0m.nec,ok,ok,0.7030056770890951,0.46299005299806595,1.5184,1
sokyrad/unsorted/stacked_146MHz_moxon_horizontal.nec,ok,ok,0.5261828424409032,0.3192689148709178,1.6481,1
sokyrad/unsorted/stacked_146MHz_moxon_vertical (1).nec,ok,ok,0.5412467420101166,0.3389405198395252,1.5969,1
sokyrad/unsorted/stacked_146MHz_moxon_vertical.nec,ok,ok,0.5471031768247485,0.32865468878299,1.6647,1
sokyrad/unsorted/stacked_146MHz_moxon_vertical_0_75lambda.nec,ok,ok,0.6081453748047352,0.35654606856405735,1.7057,1
w8io/215DX.nec,ok,ok,0.18357196729630232,0.11660306435078382,1.5743,1
w8io/216CP.nec,ok,ok,0.3147280141711235,0.21272433456033468,1.4795,1
w8io/222_13l_50ohm_yagi_kf6a.nec,ok,ok,0.015203967690467834,0.01010174211114645,,0
w8io/222_15l_50ohm_yagi_kf6a.nec,ok,ok,0.01226675696671009,0.008862165734171867,,0
w8io/2m12L_yagi_kf6a.nec,ok,ok,0.013789700344204903,0.009404188953340054,,0
w8io/6m_7L_1-46WL_yagi.nec,ok,ok,0.005849736742675304,0.006477769464254379,,0
w8io/6m_8L_50ohm_yagi_kf6a.nec,ok,ok,0.006111747585237026,0.005248658359050751,,0
w8io/BVO-4WL-144-15.nec,ok,ok,0.06494212057441473,0.028461185283958912,,0
w8io/CC-17B2.nec,ok,ok,0.28169581200927496,0.0974584361538291,2.8904,1
w8io/DG7YBN 144_GTV2-14w.nec,ok,ok,0.04129365738481283,0.019407705403864384,,0
w8io/DK7ZB-144-12.nec,ok,ok,0.12283380888402462,0.0469173202291131,,0
w8io/EF7021.nec,ok,ok,19.053188580088317,7.37563260551542,2.5833,1
w8io/EF7027.nec,ok,ok,30.684041675180197,10.789036839269102,2.8440,1
w8io/FO-25-432.nec,ok,ok,26.410885088145733,9.65617788489908,2.7351,1
w8io/FO-33-432.nec,ok,ok,45.34581820201129,15.336135349236429,2.9568,1
w8io/G0KSC-13LFA.nec,ok,ok,0.4182331655174494,0.1432729559019208,2.9191,1
w8io/G0KSC-14LFA.nec,ok,ok,0.47621540259569883,0.1608512457460165,2.9606,1
w8io/G0KSC-15LFA.nec,ok,ok,0.553857846185565,0.1876715999096632,2.9512,1
w8io/HG-66DX-CW.nec,ok,ok,0.004878607578575611,0.004840359091758728,,0
w8io/HG7031DX.nec,ok,ok,39.99712495878339,13.664536881260574,2.9271,1
w8io/I0JXX-16JXX2.nec,ok,ok,0.24968624766916037,0.08787329029291868,2.8414,1
w8io/IO-432-28.nec,ok,ok,32.874179150909185,11.583701075054705,2.8380,1
w8io/K1FO-222-22.nec,ok,ok,0.10207835678011179,0.04104308504611254,,0
w8io/K1FO-FO15-144.nec,ok,ok,0.0651054484769702,0.028495140373706818,,0
w8io/K1FO-FO16-144.nec,ok,ok,0.07265989296138287,0.030793344601988792,,0
w8io/KF6A-144-18.nec,ok,ok,0.019313733093440533,0.011481422930955887,,0
w8io/KF6A_6m_7EL_12_5ohm_yagi.nec,ok,ok,0.005920697003602982,0.005278722383081913,,0
w8io/KF6A_70cm_22L.nec,ok,ok,0.03019055724143982,0.026889395900070667,,0
w8io/LP140-200-2D.nec,ok,ok,3.8592960694804788,2.167913904413581,1.7802,1
w8io/LP144-22.nec,ok,ok,3.172013560310006,1.5756472367793322,2.0131,1
w8io/LP144-35-MAXFB.nec,ok,ok,50.053091620095074,17.71178351994604,2.8260,1
w8io/LP50-108-16.nec,ok,ok,4.569665711373091,2.494879214093089,1.8316,1
w8io/LogYag220-520-15dbi.nec,ok,ok,45.920061292126775,13.694514653645456,3.3532,1
w8io/M2-222-5WL.nec,ok,ok,0.05114415753632784,0.022919450886547565,,0
w8io/M2-2M5WL-inch.nec,ok,ok,0.14121320191770792,0.05448130890727043,2.5920,1
w8io/M2-432-9WLA.nec,ok,ok,32.8378027966246,11.492989294230938,2.8572,1
w8io/SM5BSZ-2SA13.nec,ok,ok,0.04482497461140156,0.020230616442859173,,0
w8io/UR5EAZ_144_12_W8IO_opt.nec,ok,ok,0.028063327074050903,0.015209044329822063,,0
w8io/UR5EAZ_144_RS12.nec,ok,ok,0.028450089506804943,0.014728507958352566,,0
w8io/UR5EAZ_RS_2_11_DRAFT.nec,ok,ok,0.0247988598421216,0.014086293987929821,,0
w8io/W8IO-144-13U.nec,ok,ok,0.03176160156726837,0.016316796652972698,,0
w8io/W8IO-144-13a.nec,ok,ok,0.16694853827357292,0.06152212247252464,2.7136,1
w8io/W8IO-144-14U.nec,ok,ok,0.035741507075726986,0.01765962317585945,,0
w8io/W8IO-144-14V.nec,ok,ok,0.04071747977286577,0.019868560135364532,,0
w8io/W8IO-144-15U.nec,ok,ok,0.039361465722322464,0.01887464988976717,,0
w8io/W8IO-144-15V.nec,ok,ok,0.045478902757167816,0.02116055879741907,,0
w8io/W8IO-144-15fd.nec,ok,ok,0.5349880550056696,0.1829938692972064,2.9235,1
w8io/W8IO-144-16V.nec,ok,ok,0.05046494770795107,0.023232032544910908,,0
w8io/W8IO-144-17V.nec,ok,ok,0.05598299205303192,0.02546831965446472,,0
w8io/W8IO-222-17.nec,ok,ok,0.2813159553334117,0.09694093558937311,2.9019,1
w8io/W8IO-222-18.nec,ok,ok,0.31414799112826586,0.10713956318795681,2.9321,1
w8io/W8IO-222-19.nec,ok,ok,0.34917758498340845,0.11666688695549965,2.9929,1
w8io/W8IO-222-19V.nec,ok,ok,0.0676298663020134,0.028352446854114532,,0
w8io/W8IO-UR5EAZ-144-16V.nec,ok,ok,0.026445086114108562,0.013960945419967175,,0
w8io/YU7EF EF0606.nec,ok,ok,0.013066692277789116,0.00962966401129961,,0
w8io/YU7EF-EF0213.nec,ok,ok,0.05082990974187851,0.024389682337641716,,0
w8io/YU7EF-EF0215.nec,ok,ok,0.2200569100677967,0.07731372117996216,2.8463,1
w8io/kf6a-144-17.nec,ok,ok,0.01756037212908268,0.011014163494110107,,0
w8io/kf6a-432-27L.nec,ok,ok,0.03786233440041542,0.018550670705735683,,0
w8io/whip_antenna_8ft_groundplane.nec,ok,ok,145.14665398281068,51.084232666529715,2.8413,1
xnec2c-fixtures/sy_comma_format.nec,ok-no-source,ok-no-source,0.0033265678212046623,0.0036053890362381935,,0
xnec2c-fixtures/sy_math_cmnd.nec,ok-no-source,ok-no-source,0.0035729650408029556,0.0037835566326975822,,0
xnec2c-fixtures/sy_math_geom.nec,ok-no-source,ok-no-source,0.0029181642457842827,0.0032007740810513496,,0
xnec2c-fixtures/sy_separate_cards.nec,ok-no-source,ok-no-source,0.002965870313346386,0.003376106731593609,,0
xnec2c-fixtures/sy_units_spaces.nec,ok-no-source,ok-no-source,0.0029495051130652428,0.0032679345458745956,,0
