1



                                 *********************************************

                                    NUMERICAL ELECTROMAGNETICS CODE (NEC-2D)

                                 *********************************************




                                     - - - - COMMENTS - - - -


                               LPA published by DC8CE in DUBUS 2/83                                  
                                     10elements     190mm                                            
                               Model taking into account boom 6mm/1mm                                
                                                                                                     




                                 - - - STRUCTURE SPECIFICATION - - -

                                     COORDINATES MUST BE INPUT IN
                                     METERS OR BE SCALED TO METERS
                                     BEFORE STRUCTURE INPUT IS ENDED


  WIRE                                                                               NO. OF    FIRST  LAST     TAG
  NO.        X1         Y1         Z1          X2         Y2         Z2      RADIUS   SEG.     SEG.   SEG.     NO.
     1    0.00000  -62.00000    3.50000     0.00000   -3.00000    3.50000    1.50000      7        1     7       1
     2    0.00000   -3.00000    3.50000     0.00000    3.00000   -3.50000    1.50000      1        8     8       2
     3    0.00000    3.00000   -3.50000     0.00000   62.00000   -3.50000    1.50000      7        9    15       3
     4   38.00000  -52.50000   -3.50000    38.00000   -3.00000   -3.50000    1.50000      7       16    22       4
     5   38.00000   -3.00000   -3.50000    38.00000    3.00000    3.50000    1.50000      1       23    23       5
     6   38.00000    3.00000    3.50000    38.00000   52.50000    3.50000    1.50000      7       24    30       6
     7   69.00000  -44.00000    3.50000    69.00000   -3.00000    3.50000    1.50000      7       31    37       7
     8   69.00000   -3.00000    3.50000    69.00000    3.00000   -3.50000    1.50000      1       38    38       8
     9   69.00000    3.00000   -3.50000    69.00000   44.00000   -3.50000    1.50000      7       39    45       9
    10   97.00000  -36.50000   -3.50000    97.00000   -3.00000   -3.50000    1.50000      6       46    51      10
    11   97.00000   -3.00000   -3.50000    97.00000    3.00000    3.50000    1.50000      1       52    52      11
    12   97.00000    3.00000    3.50000    97.00000   36.50000    3.50000    1.50000      6       53    58      12
    13  118.50000  -30.50000    3.50000   118.50000   -3.00000    3.50000    1.50000      6       59    64      13
    14  118.50000   -3.00000    3.50000   118.50000    3.00000   -3.50000    1.50000      1       65    65      14
    15  118.50000    3.00000   -3.50000   118.50000   30.50000   -3.50000    1.50000      6       66    71      15
    16  138.00000  -25.50000   -3.50000   138.00000   -3.00000   -3.50000    1.50000      6       72    77      16
    17  138.00000   -3.00000   -3.50000   138.00000    3.00000    3.50000    1.50000      1       78    78      17
    18  138.00000    3.00000    3.50000   138.00000   25.50000    3.50000    1.50000      6       79    84      18
    19  154.00000  -21.00000    3.50000   154.00000   -3.00000    3.50000    1.50000      5       85    89      19
    20  154.00000   -3.00000    3.50000   154.00000    3.00000   -3.50000    1.50000      1       90    90      20
    21  154.00000    3.00000   -3.50000   154.00000   21.00000   -3.50000    1.50000      5       91    95      21
    22  168.00000  -17.50000   -3.50000   168.00000   -3.00000   -3.50000    1.50000      4       96    99      22
    23  168.00000   -3.00000   -3.50000   168.00000    3.00000    3.50000    1.50000      1      100   100      23
    24  168.00000    3.00000    3.50000   168.00000   17.50000    3.50000    1.50000      4      101   104      24
    25  179.50000  -15.00000    3.50000   179.50000   -3.00000    3.50000    1.50000      2      105   106      25
    26  179.50000   -3.00000    3.50000   179.50000    3.00000   -3.50000    1.50000      1      107   107      26
    27  179.50000    3.00000   -3.50000   179.50000   15.00000   -3.50000    1.50000      2      108   109      27
    28  189.50000  -12.00000   -3.50000   189.50000   -3.00000   -3.50000    1.00000      3      110   112      28
    29  189.50000   -3.00000   -3.50000   189.50000    3.00000    3.50000    1.00000      3      113   115      29
    30  189.50000    3.00000    3.50000   189.50000   12.00000    3.50000    1.00000      3      116   118      30
      THE STRUCTURE HAS BEEN MOVED, MOVE DATA CARD IS -
        0    0   0.00000 -90.00000   0.00000   0.00000   0.00000   0.00000   0.00000
      STRUCTURE SCALED BY FACTOR   0.00100

   TOTAL SEGMENTS USED=  118     NO. SEG. IN A SYMMETRIC CELL=  118     SYMMETRY FLAG=  0


         - MULTIPLE WIRE JUNCTIONS -
 JUNCTION    SEGMENTS  (- FOR END 1, + FOR END 2)
  NONE




                                 - - - - SEGMENTATION DATA - - - -

                                        COORDINATES IN METERS

                         I+ AND I- INDICATE THE SEGMENTS BEFORE AND AFTER I


  SEG.   COORDINATES OF SEG. CENTER     SEG.     ORIENTATION ANGLES    WIRE    CONNECTION DATA   TAG
  NO.       X         Y         Z       LENGTH     ALPHA     BETA      RADIUS    I-   I    I+    NO.
     1  -0.00350  -0.05779   0.00000   0.00843    0.00000  90.00000   0.00150     0    1    2      1
     2  -0.00350  -0.04936   0.00000   0.00843    0.00000  90.00000   0.00150     1    2    3      1
     3  -0.00350  -0.04093   0.00000   0.00843    0.00000  90.00000   0.00150     2    3    4      1
     4  -0.00350  -0.03250   0.00000   0.00843    0.00000  90.00000   0.00150     3    4    5      1
     5  -0.00350  -0.02407   0.00000   0.00843    0.00000  90.00000   0.00150     4    5    6      1
     6  -0.00350  -0.01564   0.00000   0.00843    0.00000  90.00000   0.00150     5    6    7      1
     7  -0.00350  -0.00721   0.00000   0.00843    0.00000  90.00000   0.00150     6    7    8      1
     8   0.00000   0.00000   0.00000   0.00922    0.00000  40.60129   0.00150     7    8    9      2
     9   0.00350   0.00721   0.00000   0.00843    0.00000  90.00000   0.00150     8    9   10      3
    10   0.00350   0.01564   0.00000   0.00843    0.00000  90.00000   0.00150     9   10   11      3
    11   0.00350   0.02407   0.00000   0.00843    0.00000  90.00000   0.00150    10   11   12      3
    12   0.00350   0.03250   0.00000   0.00843    0.00000  90.00000   0.00150    11   12   13      3
    13   0.00350   0.04093   0.00000   0.00843    0.00000  90.00000   0.00150    12   13   14      3
    14   0.00350   0.04936   0.00000   0.00843    0.00000  90.00000   0.00150    13   14   15      3
    15   0.00350   0.05779   0.00000   0.00843    0.00000  90.00000   0.00150    14   15    0      3
    16   0.00350  -0.04896   0.03800   0.00707    0.00000  90.00000   0.00150     0   16   17      4
    17   0.00350  -0.04189   0.03800   0.00707    0.00000  90.00000   0.00150    16   17   18      4
    18   0.00350  -0.03482   0.03800   0.00707    0.00000  90.00000   0.00150    17   18   19      4
    19   0.00350  -0.02775   0.03800   0.00707    0.00000  90.00000   0.00150    18   19   20      4
    20   0.00350  -0.02068   0.03800   0.00707    0.00000  90.00000   0.00150    19   20   21      4
    21   0.00350  -0.01361   0.03800   0.00707    0.00000  90.00000   0.00150    20   21   22      4
    22   0.00350  -0.00654   0.03800   0.00707    0.00000  90.00000   0.00150    21   22   23      4
    23   0.00000   0.00000   0.03800   0.00922    0.00000 139.39871   0.00150    22   23   24      5
    24  -0.00350   0.00654   0.03800   0.00707    0.00000  90.00000   0.00150    23   24   25      6
    25  -0.00350   0.01361   0.03800   0.00707    0.00000  90.00000   0.00150    24   25   26      6
    26  -0.00350   0.02068   0.03800   0.00707    0.00000  90.00000   0.00150    25   26   27      6
    27  -0.00350   0.02775   0.03800   0.00707    0.00000  90.00000   0.00150    26   27   28      6
    28  -0.00350   0.03482   0.03800   0.00707    0.00000  90.00000   0.00150    27   28   29      6
    29  -0.00350   0.04189   0.03800   0.00707    0.00000  90.00000   0.00150    28   29   30      6
    30  -0.00350   0.04896   0.03800   0.00707    0.00000  90.00000   0.00150    29   30    0      6
    31  -0.00350  -0.04107   0.06900   0.00586    0.00000  90.00000   0.00150     0   31   32      7
    32  -0.00350  -0.03521   0.06900   0.00586    0.00000  90.00000   0.00150    31   32   33      7
    33  -0.00350  -0.02936   0.06900   0.00586    0.00000  90.00000   0.00150    32   33   34      7
    34  -0.00350  -0.02350   0.06900   0.00586    0.00000  90.00000   0.00150    33   34   35      7
    35  -0.00350  -0.01764   0.06900   0.00586    0.00000  90.00000   0.00150    34   35   36      7
    36  -0.00350  -0.01179   0.06900   0.00586    0.00000  90.00000   0.00150    35   36   37      7
    37  -0.00350  -0.00593   0.06900   0.00586    0.00000  90.00000   0.00150    36   37   38      7
    38   0.00000   0.00000   0.06900   0.00922    0.00000  40.60129   0.00150    37   38   39      8
    39   0.00350   0.00593   0.06900   0.00586    0.00000  90.00000   0.00150    38   39   40      9
    40   0.00350   0.01179   0.06900   0.00586    0.00000  90.00000   0.00150    39   40   41      9
    41   0.00350   0.01764   0.06900   0.00586    0.00000  90.00000   0.00150    40   41   42      9
    42   0.00350   0.02350   0.06900   0.00586    0.00000  90.00000   0.00150    41   42   43      9
    43   0.00350   0.02936   0.06900   0.00586    0.00000  90.00000   0.00150    42   43   44      9
    44   0.00350   0.03521   0.06900   0.00586    0.00000  90.00000   0.00150    43   44   45      9
    45   0.00350   0.04107   0.06900   0.00586    0.00000  90.00000   0.00150    44   45    0      9
    46   0.00350  -0.03371   0.09700   0.00558    0.00000  90.00000   0.00150     0   46   47     10
    47   0.00350  -0.02813   0.09700   0.00558    0.00000  90.00000   0.00150    46   47   48     10
    48   0.00350  -0.02254   0.09700   0.00558    0.00000  90.00000   0.00150    47   48   49     10
    49   0.00350  -0.01696   0.09700   0.00558    0.00000  90.00000   0.00150    48   49   50     10
    50   0.00350  -0.01138   0.09700   0.00558    0.00000  90.00000   0.00150    49   50   51     10
    51   0.00350  -0.00579   0.09700   0.00558    0.00000  90.00000   0.00150    50   51   52     10
    52   0.00000   0.00000   0.09700   0.00922    0.00000 139.39871   0.00150    51   52   53     11
    53  -0.00350   0.00579   0.09700   0.00558    0.00000  90.00000   0.00150    52   53   54     12
    54  -0.00350   0.01138   0.09700   0.00558    0.00000  90.00000   0.00150    53   54   55     12
    55  -0.00350   0.01696   0.09700   0.00558    0.00000  90.00000   0.00150    54   55   56     12
    56  -0.00350   0.02254   0.09700   0.00558    0.00000  90.00000   0.00150    55   56   57     12
    57  -0.00350   0.02812   0.09700   0.00558    0.00000  90.00000   0.00150    56   57   58     12
    58  -0.00350   0.03371   0.09700   0.00558    0.00000  90.00000   0.00150    57   58    0     12
    59  -0.00350  -0.02821   0.11850   0.00458    0.00000  90.00000   0.00150     0   59   60     13
    60  -0.00350  -0.02363   0.11850   0.00458    0.00000  90.00000   0.00150    59   60   61     13
    61  -0.00350  -0.01904   0.11850   0.00458    0.00000  90.00000   0.00150    60   61   62     13
    62  -0.00350  -0.01446   0.11850   0.00458    0.00000  90.00000   0.00150    61   62   63     13
    63  -0.00350  -0.00988   0.11850   0.00458    0.00000  90.00000   0.00150    62   63   64     13
    64  -0.00350  -0.00529   0.11850   0.00458    0.00000  90.00000   0.00150    63   64   65     13
    65   0.00000   0.00000   0.11850   0.00922    0.00000  40.60129   0.00150    64   65   66     14
    66   0.00350   0.00529   0.11850   0.00458    0.00000  90.00000   0.00150    65   66   67     15
    67   0.00350   0.00988   0.11850   0.00458    0.00000  90.00000   0.00150    66   67   68     15
    68   0.00350   0.01446   0.11850   0.00458    0.00000  90.00000   0.00150    67   68   69     15
    69   0.00350   0.01904   0.11850   0.00458    0.00000  90.00000   0.00150    68   69   70     15
    70   0.00350   0.02363   0.11850   0.00458    0.00000  90.00000   0.00150    69   70   71     15
    71   0.00350   0.02821   0.11850   0.00458    0.00000  90.00000   0.00150    70   71    0     15
    72   0.00350  -0.02363   0.13800   0.00375    0.00000  90.00000   0.00150     0   72   73     16
    73   0.00350  -0.01988   0.13800   0.00375    0.00000  90.00000   0.00150    72   73   74     16
    74   0.00350  -0.01613   0.13800   0.00375    0.00000  90.00000   0.00150    73   74   75     16
    75   0.00350  -0.01238   0.13800   0.00375    0.00000  90.00000   0.00150    74   75   76     16
    76   0.00350  -0.00863   0.13800   0.00375    0.00000  90.00000   0.00150    75   76   77     16
    77   0.00350  -0.00488   0.13800   0.00375    0.00000  90.00000   0.00150    76   77   78     16
    78   0.00000   0.00000   0.13800   0.00922    0.00000 139.39871   0.00150    77   78   79     17
    79  -0.00350   0.00488   0.13800   0.00375    0.00000  90.00000   0.00150    78   79   80     18
    80  -0.00350   0.00863   0.13800   0.00375    0.00000  90.00000   0.00150    79   80   81     18
    81  -0.00350   0.01238   0.13800   0.00375    0.00000  90.00000   0.00150    80   81   82     18
    82  -0.00350   0.01613   0.13800   0.00375    0.00000  90.00000   0.00150    81   82   83     18
    83  -0.00350   0.01988   0.13800   0.00375    0.00000  90.00000   0.00150    82   83   84     18
    84  -0.00350   0.02363   0.13800   0.00375    0.00000  90.00000   0.00150    83   84    0     18
    85  -0.00350  -0.01920   0.15400   0.00360    0.00000  90.00000   0.00150     0   85   86     19
    86  -0.00350  -0.01560   0.15400   0.00360    0.00000  90.00000   0.00150    85   86   87     19
    87  -0.00350  -0.01200   0.15400   0.00360    0.00000  90.00000   0.00150    86   87   88     19
    88  -0.00350  -0.00840   0.15400   0.00360    0.00000  90.00000   0.00150    87   88   89     19
    89  -0.00350  -0.00480   0.15400   0.00360    0.00000  90.00000   0.00150    88   89   90     19
    90   0.00000   0.00000   0.15400   0.00922    0.00000  40.60129   0.00150    89   90   91     20
    91   0.00350   0.00480   0.15400   0.00360    0.00000  90.00000   0.00150    90   91   92     21
    92   0.00350   0.00840   0.15400   0.00360    0.00000  90.00000   0.00150    91   92   93     21
    93   0.00350   0.01200   0.15400   0.00360    0.00000  90.00000   0.00150    92   93   94     21
    94   0.00350   0.01560   0.15400   0.00360    0.00000  90.00000   0.00150    93   94   95     21
    95   0.00350   0.01920   0.15400   0.00360    0.00000  90.00000   0.00150    94   95    0     21
    96   0.00350  -0.01569   0.16800   0.00363    0.00000  90.00000   0.00150     0   96   97     22
    97   0.00350  -0.01206   0.16800   0.00362    0.00000  90.00000   0.00150    96   97   98     22
    98   0.00350  -0.00844   0.16800   0.00363    0.00000  90.00000   0.00150    97   98   99     22
    99   0.00350  -0.00481   0.16800   0.00362    0.00000  90.00000   0.00150    98   99  100     22
   100   0.00000   0.00000   0.16800   0.00922    0.00000 139.39871   0.00150    99  100  101     23
   101  -0.00350   0.00481   0.16800   0.00362    0.00000  90.00000   0.00150   100  101  102     24
   102  -0.00350   0.00844   0.16800   0.00363    0.00000  90.00000   0.00150   101  102  103     24
   103  -0.00350   0.01206   0.16800   0.00362    0.00000  90.00000   0.00150   102  103  104     24
   104  -0.00350   0.01569   0.16800   0.00363    0.00000  90.00000   0.00150   103  104    0     24
   105  -0.00350  -0.01200   0.17950   0.00600    0.00000  90.00000   0.00150     0  105  106     25
   106  -0.00350  -0.00600   0.17950   0.00600    0.00000  90.00000   0.00150   105  106  107     25
   107   0.00000   0.00000   0.17950   0.00922    0.00000  40.60129   0.00150   106  107  108     26
   108   0.00350   0.00600   0.17950   0.00600    0.00000  90.00000   0.00150   107  108  109     27
   109   0.00350   0.01200   0.17950   0.00600    0.00000  90.00000   0.00150   108  109    0     27
   110   0.00350  -0.01050   0.18950   0.00300    0.00000  90.00000   0.00100     0  110  111     28
   111   0.00350  -0.00750   0.18950   0.00300    0.00000  90.00000   0.00100   110  111  112     28
   112   0.00350  -0.00450   0.18950   0.00300    0.00000  90.00000   0.00100   111  112  113     28
   113   0.00233  -0.00200   0.18950   0.00307    0.00000 139.39871   0.00100   112  113  114     29
   114   0.00000   0.00000   0.18950   0.00307    0.00000 139.39871   0.00100   113  114  115     29
   115  -0.00233   0.00200   0.18950   0.00307    0.00000 139.39871   0.00100   114  115  116     29
   116  -0.00350   0.00450   0.18950   0.00300    0.00000  90.00000   0.00100   115  116  117     30
   117  -0.00350   0.00750   0.18950   0.00300    0.00000  90.00000   0.00100   116  117  118     30
   118  -0.00350   0.01050   0.18950   0.00300    0.00000  90.00000   0.00100   117  118    0     30






 ***** DATA CARD NO.  1   EK   0     0     0     0  0.00000E+00  0.00000E+00  0.00000E+00  0.00000E+00  0.00000E+00  0.00000E+00
 ***** DATA CARD NO.  2   EX   0    29     2     0  1.00000E+00  0.00000E+00  0.00000E+00  0.00000E+00  0.00000E+00  0.00000E+00
 ***** DATA CARD NO.  3   PQ  -1     0     0     0  0.00000E+00  0.00000E+00  0.00000E+00  0.00000E+00  0.00000E+00  0.00000E+00
 ***** DATA CARD NO.  4   PT  -1     0     0     0  0.00000E+00  0.00000E+00  0.00000E+00  0.00000E+00  0.00000E+00  0.00000E+00
 ***** DATA CARD NO.  5   TL   2     1     5     1 -6.85000E+01  0.00000E+00  0.00000E+00  0.00000E+00  0.00000E+00  0.00000E+00
 ***** DATA CARD NO.  6   TL   5     1     8     1 -6.85000E+01  0.00000E+00  0.00000E+00  0.00000E+00  0.00000E+00  0.00000E+00
 ***** DATA CARD NO.  7   TL   8     1    11     1 -6.85000E+01  0.00000E+00  0.00000E+00  0.00000E+00  0.00000E+00  0.00000E+00
 ***** DATA CARD NO.  8   TL  11     1    14     1 -6.85000E+01  0.00000E+00  0.00000E+00  0.00000E+00  0.00000E+00  0.00000E+00
 ***** DATA CARD NO.  9   TL  14     1    17     1 -6.85000E+01  0.00000E+00  0.00000E+00  0.00000E+00  0.00000E+00  0.00000E+00
 ***** DATA CARD NO. 10   TL  17     1    20     1 -6.85000E+01  0.00000E+00  0.00000E+00  0.00000E+00  0.00000E+00  0.00000E+00
 ***** DATA CARD NO. 11   TL  20     1    23     1 -6.85000E+01  0.00000E+00  0.00000E+00  0.00000E+00  0.00000E+00  0.00000E+00
 ***** DATA CARD NO. 12   TL  23     1    26     1 -6.85000E+01  0.00000E+00  0.00000E+00  0.00000E+00  0.00000E+00  0.00000E+00
 ***** DATA CARD NO. 13   TL  26     1    29     2 -6.85000E+01  0.00000E+00  0.00000E+00  0.00000E+00  0.00000E+00  0.00000E+00
 ***** DATA CARD NO. 14   FR   0    25     0     0  1.10000E+03  1.00000E+02  0.00000E+00  0.00000E+00  0.00000E+00  0.00000E+00
 ***** DATA CARD NO. 15   RP   0     1     1  1500  0.00000E+00  0.00000E+00  6.00000E+00  4.50000E+01  0.00000E+00  0.00000E+00




                                 - - - - - - FREQUENCY - - - - - -

                                    FREQUENCY= 1.1000E+03 MHZ
                                    WAVELENGTH= 2.7255E-01 METERS




                    APPROXIMATE INTEGRATION EMPLOYED FOR SEGMENTS MORE THAN   1.000 WAVELENGTHS APART

                    THE EXTENDED THIN WIRE KERNEL WILL BE USED



                               - - - STRUCTURE IMPEDANCE LOADING - - -

                                   THIS STRUCTURE IS NOT LOADED



                                  - - - ANTENNA ENVIRONMENT - - -

                                            FREE SPACE



                                - - - MATRIX TIMING - - -

                        FILL=    0.016 SEC.,  FACTOR=    0.000 SEC.



                                            - - - NETWORK DATA - - -

      - FROM -    - TO -           TRANSMISSION LINE               -  -  SHUNT ADMITTANCES (MHOS)  -  -              LINE
      TAG  SEG.   TAG  SEG.      IMPEDANCE      LENGTH            - END ONE -                 - END TWO -            TYPE
      NO.   NO.   NO.   NO.         OHMS        METERS         REAL          IMAG.         REAL          IMAG.
        2     8     5    23     6.8500E+01    3.8000E-02    0.0000E+00    0.0000E+00    0.0000E+00    0.0000E+00   CROSSED 
        5    23     8    38     6.8500E+01    3.1000E-02    0.0000E+00    0.0000E+00    0.0000E+00    0.0000E+00   CROSSED 
        8    38    11    52     6.8500E+01    2.8000E-02    0.0000E+00    0.0000E+00    0.0000E+00    0.0000E+00   CROSSED 
       11    52    14    65     6.8500E+01    2.1500E-02    0.0000E+00    0.0000E+00    0.0000E+00    0.0000E+00   CROSSED 
       14    65    17    78     6.8500E+01    1.9500E-02    0.0000E+00    0.0000E+00    0.0000E+00    0.0000E+00   CROSSED 
       17    78    20    90     6.8500E+01    1.6000E-02    0.0000E+00    0.0000E+00    0.0000E+00    0.0000E+00   CROSSED 
       20    90    23   100     6.8500E+01    1.4000E-02    0.0000E+00    0.0000E+00    0.0000E+00    0.0000E+00   CROSSED 
       23   100    26   107     6.8500E+01    1.1500E-02    0.0000E+00    0.0000E+00    0.0000E+00    0.0000E+00   CROSSED 
       26   107    29   114     6.8500E+01    1.0000E-02    0.0000E+00    0.0000E+00    0.0000E+00    0.0000E+00   CROSSED 



                           - - - STRUCTURE EXCITATION DATA AT NETWORK CONNECTION POINTS - - -

   TAG   SEG.    VOLTAGE (VOLTS)         CURRENT (AMPS)         IMPEDANCE (OHMS)        ADMITTANCE (MHOS)      POWER
   NO.   NO.    REAL        IMAG.       REAL        IMAG.       REAL        IMAG.       REAL        IMAG.     (WATTS)
     2     8-6.10709E-01-3.30362E-01-7.83912E-03-1.00583E-02 4.98722E+01-2.18480E+01 1.68227E-02 7.36970E-03 4.05516E-03
     5    23-1.38320E-01 6.24010E-01-7.06226E-03 5.25795E-03 5.49249E+01-4.74661E+01 1.04226E-02 9.00723E-03 2.12893E-03
     8    38 9.37060E-01-2.13254E-01 3.30012E-03 8.24234E-03 1.69320E+01-1.06909E+02 1.44517E-03 9.12484E-03 6.67349E-04
    11    52-9.31594E-01-3.90610E-01 3.16293E-03-3.70674E-03-6.31180E+01-1.97466E+02-1.46865E-03 4.59472E-03-7.49339E-04
    14    65 5.46216E-01 6.55822E-01-1.37210E-03 1.85898E-03 8.79832E+01-3.58766E+02 6.44782E-04 2.62921E-03 2.34847E-04
    17    78-2.44337E-02-7.20028E-01 2.51113E-03-3.62342E-04 3.09987E+01-2.82262E+02 3.84444E-04 3.50059E-03 9.97702E-05
    20    90-4.21095E-01 6.03494E-01-1.16931E-03-1.21566E-03-8.47954E+01-4.27956E+02-4.45503E-04 2.24842E-03-1.20626E-04
    23   100 7.39955E-01-4.08706E-01 9.44100E-04 1.28075E-03 6.91821E+01-5.26756E+02 2.45102E-04 1.86622E-03 8.75718E-05
    26   107-9.22966E-01 1.99131E-01-3.21573E-04-1.91808E-03-2.25116E+01-4.84966E+02-9.55100E-05 2.05757E-03-4.25745E-05
    29   114 1.00000E+00 0.00000E+00 8.30066E-06 1.48384E-03 3.76988E+00-6.73908E+02 8.30066E-06 1.48384E-03 4.15033E-06



                                          - - - ANTENNA INPUT PARAMETERS - - -

   TAG   SEG.    VOLTAGE (VOLTS)         CURRENT (AMPS)         IMPEDANCE (OHMS)        ADMITTANCE (MHOS)      POWER
   NO.   NO.    REAL        IMAG.       REAL        IMAG.       REAL        IMAG.       REAL        IMAG.     (WATTS)
    29   114 1.00000E+00 0.00000E+00 1.27305E-02-1.74753E-03 7.70989E+01 1.05835E+01 1.27305E-02-1.74753E-03 6.36524E-03



                                        - - - POWER BUDGET - - -

                                           INPUT POWER   = 6.3652E-03 WATTS
                                           RADIATED POWER= 6.3652E-03 WATTS
                                           STRUCTURE LOSS= 0.0000E+00 WATTS
                                           NETWORK LOSS  =-1.3878E-17 WATTS
                                           EFFICIENCY    = 100.00 PERCENT



                                                - - - RADIATION PATTERNS - - -

  - - ANGLES - -           - POWER GAINS -       - - - POLARIZATION - - -    - - - E(THETA) - - -    - - - E(PHI) - - -
  THETA     PHI        VERT.   HOR.    TOTAL      AXIAL     TILT   SENSE     MAGNITUDE    PHASE      MAGNITUDE    PHASE 
 DEGREES  DEGREES       DB      DB      DB        RATIO     DEG.              VOLTS/M    DEGREES      VOLTS/M    DEGREES
    0.00     0.00     -21.66    6.39    6.40    0.01861    88.00  RIGHT     5.10601E-02   133.90    1.28899E+00   105.85


                                     - - - - NORMALIZED GAIN - - - -

                                           TOTAL GAIN
                                      NORMALIZATION FACTOR =     6.40 DB

    - - ANGLES - -      GAIN           - - ANGLES - -      GAIN           - - ANGLES - -      GAIN
    THETA     PHI        DB            THETA     PHI        DB            THETA     PHI        DB
   DEGREES  DEGREES                   DEGREES  DEGREES                   DEGREES  DEGREES
      0.00     0.00      0.00




                                 - - - - - - FREQUENCY - - - - - -

                                    FREQUENCY= 1.2000E+03 MHZ
                                    WAVELENGTH= 2.4983E-01 METERS




                    APPROXIMATE INTEGRATION EMPLOYED FOR SEGMENTS MORE THAN   1.000 WAVELENGTHS APART

                    THE EXTENDED THIN WIRE KERNEL WILL BE USED



                               - - - STRUCTURE IMPEDANCE LOADING - - -

                                   THIS STRUCTURE IS NOT LOADED



                                  - - - ANTENNA ENVIRONMENT - - -

                                            FREE SPACE



                                - - - MATRIX TIMING - - -

                        FILL=    0.016 SEC.,  FACTOR=    0.000 SEC.



                                            - - - NETWORK DATA - - -

      - FROM -    - TO -           TRANSMISSION LINE               -  -  SHUNT ADMITTANCES (MHOS)  -  -              LINE
      TAG  SEG.   TAG  SEG.      IMPEDANCE      LENGTH            - END ONE -                 - END TWO -            TYPE
      NO.   NO.   NO.   NO.         OHMS        METERS         REAL          IMAG.         REAL          IMAG.
        2     8     5    23     6.8500E+01    3.8000E-02    0.0000E+00    0.0000E+00    0.0000E+00    0.0000E+00   CROSSED 
        5    23     8    38     6.8500E+01    3.1000E-02    0.0000E+00    0.0000E+00    0.0000E+00    0.0000E+00   CROSSED 
        8    38    11    52     6.8500E+01    2.8000E-02    0.0000E+00    0.0000E+00    0.0000E+00    0.0000E+00   CROSSED 
       11    52    14    65     6.8500E+01    2.1500E-02    0.0000E+00    0.0000E+00    0.0000E+00    0.0000E+00   CROSSED 
       14    65    17    78     6.8500E+01    1.9500E-02    0.0000E+00    0.0000E+00    0.0000E+00    0.0000E+00   CROSSED 
       17    78    20    90     6.8500E+01    1.6000E-02    0.0000E+00    0.0000E+00    0.0000E+00    0.0000E+00   CROSSED 
       20    90    23   100     6.8500E+01    1.4000E-02    0.0000E+00    0.0000E+00    0.0000E+00    0.0000E+00   CROSSED 
       23   100    26   107     6.8500E+01    1.1500E-02    0.0000E+00    0.0000E+00    0.0000E+00    0.0000E+00   CROSSED 
       26   107    29   114     6.8500E+01    1.0000E-02    0.0000E+00    0.0000E+00    0.0000E+00    0.0000E+00   CROSSED 



                           - - - STRUCTURE EXCITATION DATA AT NETWORK CONNECTION POINTS - - -

   TAG   SEG.    VOLTAGE (VOLTS)         CURRENT (AMPS)         IMPEDANCE (OHMS)        ADMITTANCE (MHOS)      POWER
   NO.   NO.    REAL        IMAG.       REAL        IMAG.       REAL        IMAG.       REAL        IMAG.     (WATTS)
     2     8-4.76535E-01-2.40988E-01-9.81953E-03-1.67856E-03 5.12275E+01 1.57849E+01 1.78281E-02-5.49340E-03 2.54193E-03
     5    23 1.81080E-01 6.88411E-01-1.19810E-03 1.12290E-02 5.89154E+01-2.24123E+01 1.48277E-02 5.64067E-03 3.75659E-03
     8    38 7.32226E-01-5.66390E-01 1.00620E-02 4.80165E-03 3.73939E+01-7.41347E+01 5.42392E-03 1.07531E-02 2.32402E-03
    11    52-9.91421E-01-2.77581E-01 3.10755E-03-7.31719E-03-1.66108E+01-1.28437E+02-9.90384E-04 7.65780E-03-5.24887E-04
    14    65 6.10564E-01 7.46940E-01-2.61369E-03 1.09450E-03-9.69327E+01-3.26371E+02-8.36246E-04 2.81563E-03-3.89150E-04
    17    78-7.51094E-02-9.06540E-01 2.70891E-03-1.15913E-03 9.75993E+01-2.92890E+02 1.02402E-03 3.07302E-03 4.23666E-04
    20    90-4.14565E-01 8.05326E-01-2.38938E-03-1.53432E-03-3.03939E+01-3.17527E+02-2.98720E-04 3.12075E-03-1.22537E-04
    23   100 7.54938E-01-5.53702E-01 9.82147E-04 1.43364E-03-1.73355E+01-5.38463E+02-5.97277E-05 1.85522E-03-2.61762E-05
    26   107-9.38764E-01 2.75332E-01-8.09735E-04-2.08886E-03 3.68640E+01-4.35125E+02 1.93317E-04 2.28181E-03 9.25103E-05
    29   114 1.00000E+00 0.00000E+00-1.40855E-04 1.70254E-03-4.82628E+01-5.83364E+02-1.40855E-04 1.70254E-03-7.04273E-05



                                          - - - ANTENNA INPUT PARAMETERS - - -

   TAG   SEG.    VOLTAGE (VOLTS)         CURRENT (AMPS)         IMPEDANCE (OHMS)        ADMITTANCE (MHOS)      POWER
   NO.   NO.    REAL        IMAG.       REAL        IMAG.       REAL        IMAG.       REAL        IMAG.     (WATTS)
    29   114 1.00000E+00 0.00000E+00 1.60111E-02-4.42966E-05 6.24563E+01 1.72793E-01 1.60111E-02-4.42966E-05 8.00554E-03



                                        - - - POWER BUDGET - - -

                                           INPUT POWER   = 8.0055E-03 WATTS
                                           RADIATED POWER= 8.0055E-03 WATTS
                                           STRUCTURE LOSS= 0.0000E+00 WATTS
                                           NETWORK LOSS  = 3.4694E-18 WATTS
                                           EFFICIENCY    = 100.00 PERCENT



                                                - - - RADIATION PATTERNS - - -

  - - ANGLES - -           - POWER GAINS -       - - - POLARIZATION - - -    - - - E(THETA) - - -    - - - E(PHI) - - -
  THETA     PHI        VERT.   HOR.    TOTAL      AXIAL     TILT   SENSE     MAGNITUDE    PHASE      MAGNITUDE    PHASE 
 DEGREES  DEGREES       DB      DB      DB        RATIO     DEG.              VOLTS/M    DEGREES      VOLTS/M    DEGREES
    0.00     0.00     -25.42    7.43    7.43    0.01877    89.26  RIGHT     3.71377E-02   108.29    1.62980E+00    52.83


                                     - - - - NORMALIZED GAIN - - - -

                                           TOTAL GAIN
                                      NORMALIZATION FACTOR =     7.43 DB

    - - ANGLES - -      GAIN           - - ANGLES - -      GAIN           - - ANGLES - -      GAIN
    THETA     PHI        DB            THETA     PHI        DB            THETA     PHI        DB
   DEGREES  DEGREES                   DEGREES  DEGREES                   DEGREES  DEGREES
      0.00     0.00      0.00




                                 - - - - - - FREQUENCY - - - - - -

                                    FREQUENCY= 1.3000E+03 MHZ
                                    WAVELENGTH= 2.3062E-01 METERS




                    APPROXIMATE INTEGRATION EMPLOYED FOR SEGMENTS MORE THAN   1.000 WAVELENGTHS APART

                    THE EXTENDED THIN WIRE KERNEL WILL BE USED



                               - - - STRUCTURE IMPEDANCE LOADING - - -

                                   THIS STRUCTURE IS NOT LOADED



                                  - - - ANTENNA ENVIRONMENT - - -

                                            FREE SPACE



                                - - - MATRIX TIMING - - -

                        FILL=    0.031 SEC.,  FACTOR=    0.000 SEC.



                                            - - - NETWORK DATA - - -

      - FROM -    - TO -           TRANSMISSION LINE               -  -  SHUNT ADMITTANCES (MHOS)  -  -              LINE
      TAG  SEG.   TAG  SEG.      IMPEDANCE      LENGTH            - END ONE -                 - END TWO -            TYPE
      NO.   NO.   NO.   NO.         OHMS        METERS         REAL          IMAG.         REAL          IMAG.
        2     8     5    23     6.8500E+01    3.8000E-02    0.0000E+00    0.0000E+00    0.0000E+00    0.0000E+00   CROSSED 
        5    23     8    38     6.8500E+01    3.1000E-02    0.0000E+00    0.0000E+00    0.0000E+00    0.0000E+00   CROSSED 
        8    38    11    52     6.8500E+01    2.8000E-02    0.0000E+00    0.0000E+00    0.0000E+00    0.0000E+00   CROSSED 
       11    52    14    65     6.8500E+01    2.1500E-02    0.0000E+00    0.0000E+00    0.0000E+00    0.0000E+00   CROSSED 
       14    65    17    78     6.8500E+01    1.9500E-02    0.0000E+00    0.0000E+00    0.0000E+00    0.0000E+00   CROSSED 
       17    78    20    90     6.8500E+01    1.6000E-02    0.0000E+00    0.0000E+00    0.0000E+00    0.0000E+00   CROSSED 
       20    90    23   100     6.8500E+01    1.4000E-02    0.0000E+00    0.0000E+00    0.0000E+00    0.0000E+00   CROSSED 
       23   100    26   107     6.8500E+01    1.1500E-02    0.0000E+00    0.0000E+00    0.0000E+00    0.0000E+00   CROSSED 
       26   107    29   114     6.8500E+01    1.0000E-02    0.0000E+00    0.0000E+00    0.0000E+00    0.0000E+00   CROSSED 



                           - - - STRUCTURE EXCITATION DATA AT NETWORK CONNECTION POINTS - - -

   TAG   SEG.    VOLTAGE (VOLTS)         CURRENT (AMPS)         IMPEDANCE (OHMS)        ADMITTANCE (MHOS)      POWER
   NO.   NO.    REAL        IMAG.       REAL        IMAG.       REAL        IMAG.       REAL        IMAG.     (WATTS)
     2     8-4.54061E-01-3.06461E-01-5.79960E-03 3.09077E-03 3.90425E+01 7.36485E+01 5.61890E-03-1.05993E-02 8.43087E-04
     5    23 4.13767E-01 4.98037E-01 7.91243E-03 7.42123E-03 5.92274E+01 7.39304E+00 1.66250E-02-2.07522E-03 3.48497E-03
     8    38 3.16557E-01-6.90466E-01 1.00183E-02-4.58795E-03 5.22109E+01-4.50103E+01 1.09874E-02 9.47206E-03 3.16959E-03
    11    52-1.02263E+00-1.16387E-02-1.72748E-03-9.97658E-03 1.83648E+01-9.93234E+01 1.80004E-03 9.73530E-03 9.41345E-04
    14    65 8.12489E-01 6.34268E-01-4.53698E-03 2.75350E-03-6.88698E+01-1.81597E+02-1.82580E-03 4.81428E-03-9.69894E-04
    17    78-2.88218E-01-8.63071E-01 1.89637E-03-1.22997E-03 1.00798E+02-3.89740E+02 6.21985E-04 2.40495E-03 2.57490E-04
    20    90-2.44365E-01 8.19046E-01-3.08755E-03-4.95749E-04 3.56333E+01-2.70995E+02 4.76967E-04 3.62738E-03 1.74224E-04
    23   100 6.63537E-01-5.75113E-01 1.03517E-03 1.88708E-03-8.59997E+01-3.98798E+02-5.16714E-04 2.39611E-03-1.99203E-04
    26   107-8.98975E-01 2.89061E-01-8.88197E-04-1.79875E-03 6.92067E+01-4.65603E+02 3.12338E-04 2.10133E-03 1.39258E-04
    29   114 1.00000E+00 0.00000E+00-8.00655E-05 2.07679E-03-1.85359E+01-4.80797E+02-8.00655E-05 2.07679E-03-4.00327E-05



                                          - - - ANTENNA INPUT PARAMETERS - - -

   TAG   SEG.    VOLTAGE (VOLTS)         CURRENT (AMPS)         IMPEDANCE (OHMS)        ADMITTANCE (MHOS)      POWER
   NO.   NO.    REAL        IMAG.       REAL        IMAG.       REAL        IMAG.       REAL        IMAG.     (WATTS)
    29   114 1.00000E+00 0.00000E+00 1.56017E-02-1.40276E-03 6.35817E+01 5.71668E+00 1.56017E-02-1.40276E-03 7.80084E-03



                                        - - - POWER BUDGET - - -

                                           INPUT POWER   = 7.8008E-03 WATTS
                                           RADIATED POWER= 7.8008E-03 WATTS
                                           STRUCTURE LOSS= 0.0000E+00 WATTS
                                           NETWORK LOSS  =-2.2551E-17 WATTS
                                           EFFICIENCY    = 100.00 PERCENT



                                                - - - RADIATION PATTERNS - - -

  - - ANGLES - -           - POWER GAINS -       - - - POLARIZATION - - -    - - - E(THETA) - - -    - - - E(PHI) - - -
  THETA     PHI        VERT.   HOR.    TOTAL      AXIAL     TILT   SENSE     MAGNITUDE    PHASE      MAGNITUDE    PHASE 
 DEGREES  DEGREES       DB      DB      DB        RATIO     DEG.              VOLTS/M    DEGREES      VOLTS/M    DEGREES
    0.00     0.00     -25.69    8.00    8.00    0.01836   -89.45  RIGHT     3.55297E-02   117.56    1.71751E+00     0.12


                                     - - - - NORMALIZED GAIN - - - -

                                           TOTAL GAIN
                                      NORMALIZATION FACTOR =     8.00 DB

    - - ANGLES - -      GAIN           - - ANGLES - -      GAIN           - - ANGLES - -      GAIN
    THETA     PHI        DB            THETA     PHI        DB            THETA     PHI        DB
   DEGREES  DEGREES                   DEGREES  DEGREES                   DEGREES  DEGREES
      0.00     0.00      0.00




                                 - - - - - - FREQUENCY - - - - - -

                                    FREQUENCY= 1.4000E+03 MHZ
                                    WAVELENGTH= 2.1414E-01 METERS




                    APPROXIMATE INTEGRATION EMPLOYED FOR SEGMENTS MORE THAN   1.000 WAVELENGTHS APART

                    THE EXTENDED THIN WIRE KERNEL WILL BE USED



                               - - - STRUCTURE IMPEDANCE LOADING - - -

                                   THIS STRUCTURE IS NOT LOADED



                                  - - - ANTENNA ENVIRONMENT - - -

                                            FREE SPACE



                                - - - MATRIX TIMING - - -

                        FILL=    0.016 SEC.,  FACTOR=    0.000 SEC.



                                            - - - NETWORK DATA - - -

      - FROM -    - TO -           TRANSMISSION LINE               -  -  SHUNT ADMITTANCES (MHOS)  -  -              LINE
      TAG  SEG.   TAG  SEG.      IMPEDANCE      LENGTH            - END ONE -                 - END TWO -            TYPE
      NO.   NO.   NO.   NO.         OHMS        METERS         REAL          IMAG.         REAL          IMAG.
        2     8     5    23     6.8500E+01    3.8000E-02    0.0000E+00    0.0000E+00    0.0000E+00    0.0000E+00   CROSSED 
        5    23     8    38     6.8500E+01    3.1000E-02    0.0000E+00    0.0000E+00    0.0000E+00    0.0000E+00   CROSSED 
        8    38    11    52     6.8500E+01    2.8000E-02    0.0000E+00    0.0000E+00    0.0000E+00    0.0000E+00   CROSSED 
       11    52    14    65     6.8500E+01    2.1500E-02    0.0000E+00    0.0000E+00    0.0000E+00    0.0000E+00   CROSSED 
       14    65    17    78     6.8500E+01    1.9500E-02    0.0000E+00    0.0000E+00    0.0000E+00    0.0000E+00   CROSSED 
       17    78    20    90     6.8500E+01    1.6000E-02    0.0000E+00    0.0000E+00    0.0000E+00    0.0000E+00   CROSSED 
       20    90    23   100     6.8500E+01    1.4000E-02    0.0000E+00    0.0000E+00    0.0000E+00    0.0000E+00   CROSSED 
       23   100    26   107     6.8500E+01    1.1500E-02    0.0000E+00    0.0000E+00    0.0000E+00    0.0000E+00   CROSSED 
       26   107    29   114     6.8500E+01    1.0000E-02    0.0000E+00    0.0000E+00    0.0000E+00    0.0000E+00   CROSSED 



                           - - - STRUCTURE EXCITATION DATA AT NETWORK CONNECTION POINTS - - -

   TAG   SEG.    VOLTAGE (VOLTS)         CURRENT (AMPS)         IMPEDANCE (OHMS)        ADMITTANCE (MHOS)      POWER
   NO.   NO.    REAL        IMAG.       REAL        IMAG.       REAL        IMAG.       REAL        IMAG.     (WATTS)
     2     8-6.89834E-01-4.44859E-01-3.13558E-03 2.99674E-03 4.41150E+01 1.84036E+02 1.23173E-03-5.13846E-03 4.14952E-04
     5    23 4.87990E-01 3.88688E-01 9.63533E-03-7.60619E-04 4.71675E+01 4.40634E+01 1.13211E-02-1.05760E-02 2.20315E-03
     8    38 7.67474E-02-5.18975E-01 1.73490E-03-7.73383E-03 6.60089E+01-4.88392E+00 1.50670E-02 1.11479E-03 2.07341E-03
    11    52-9.36614E-01 2.01515E-01-6.36500E-03-8.05114E-03 4.11939E+01-8.37663E+01 4.72747E-03 9.61313E-03 2.16956E-03
    14    65 8.83106E-01 4.01927E-01-4.13675E-03 5.91260E-03-2.45193E+01-1.32205E+02-1.35620E-03 7.31248E-03-6.38379E-04
    17    78-3.18025E-01-6.67425E-01 1.90136E-03-2.24781E-04-1.24030E+02-3.65688E+02-8.31796E-04 2.45246E-03-2.27328E-04
    20    90-2.37822E-01 6.69318E-01-2.32240E-03 6.31890E-05 1.10163E+02-2.85203E+02 1.17851E-03 3.05106E-03 2.97305E-04
    23   100 6.87682E-01-4.87869E-01 1.41474E-03 2.38513E-03-2.48028E+01-3.03032E+02-2.68301E-04 3.27802E-03-9.53708E-05
    26   107-9.20345E-01 2.44199E-01-4.47040E-04-1.96522E-03-1.68572E+01-4.72152E+02-7.55208E-05 2.11526E-03-3.42362E-05
    29   114 1.00000E+00 0.00000E+00 1.47972E-04 2.23702E-03 2.94403E+01-4.45076E+02 1.47972E-04 2.23702E-03 7.39858E-05



                                          - - - ANTENNA INPUT PARAMETERS - - -

   TAG   SEG.    VOLTAGE (VOLTS)         CURRENT (AMPS)         IMPEDANCE (OHMS)        ADMITTANCE (MHOS)      POWER
   NO.   NO.    REAL        IMAG.       REAL        IMAG.       REAL        IMAG.       REAL        IMAG.     (WATTS)
    29   114 1.00000E+00 0.00000E+00 1.24741E-02 3.73572E-04 8.00943E+01-2.39865E+00 1.24741E-02 3.73572E-04 6.23705E-03



                                        - - - POWER BUDGET - - -

                                           INPUT POWER   = 6.2370E-03 WATTS
                                           RADIATED POWER= 6.2370E-03 WATTS
                                           STRUCTURE LOSS= 0.0000E+00 WATTS
                                           NETWORK LOSS  =-8.6736E-19 WATTS
                                           EFFICIENCY    = 100.00 PERCENT



                                                - - - RADIATION PATTERNS - - -

  - - ANGLES - -           - POWER GAINS -       - - - POLARIZATION - - -    - - - E(THETA) - - -    - - - E(PHI) - - -
  THETA     PHI        VERT.   HOR.    TOTAL      AXIAL     TILT   SENSE     MAGNITUDE    PHASE      MAGNITUDE    PHASE 
 DEGREES  DEGREES       DB      DB      DB        RATIO     DEG.              VOLTS/M    DEGREES      VOLTS/M    DEGREES
    0.00     0.00     -18.72    8.12    8.13    0.00411   -87.41  RIGHT     7.08422E-02   132.84    1.55675E+00   -41.97


                                     - - - - NORMALIZED GAIN - - - -

                                           TOTAL GAIN
                                      NORMALIZATION FACTOR =     8.13 DB

    - - ANGLES - -      GAIN           - - ANGLES - -      GAIN           - - ANGLES - -      GAIN
    THETA     PHI        DB            THETA     PHI        DB            THETA     PHI        DB
   DEGREES  DEGREES                   DEGREES  DEGREES                   DEGREES  DEGREES
      0.00     0.00      0.00




                                 - - - - - - FREQUENCY - - - - - -

                                    FREQUENCY= 1.5000E+03 MHZ
                                    WAVELENGTH= 1.9987E-01 METERS




                    APPROXIMATE INTEGRATION EMPLOYED FOR SEGMENTS MORE THAN   1.000 WAVELENGTHS APART

                    THE EXTENDED THIN WIRE KERNEL WILL BE USED



                               - - - STRUCTURE IMPEDANCE LOADING - - -

                                   THIS STRUCTURE IS NOT LOADED



                                  - - - ANTENNA ENVIRONMENT - - -

                                            FREE SPACE



                                - - - MATRIX TIMING - - -

                        FILL=    0.016 SEC.,  FACTOR=    0.000 SEC.



                                            - - - NETWORK DATA - - -

      - FROM -    - TO -           TRANSMISSION LINE               -  -  SHUNT ADMITTANCES (MHOS)  -  -              LINE
      TAG  SEG.   TAG  SEG.      IMPEDANCE      LENGTH            - END ONE -                 - END TWO -            TYPE
      NO.   NO.   NO.   NO.         OHMS        METERS         REAL          IMAG.         REAL          IMAG.
        2     8     5    23     6.8500E+01    3.8000E-02    0.0000E+00    0.0000E+00    0.0000E+00    0.0000E+00   CROSSED 
        5    23     8    38     6.8500E+01    3.1000E-02    0.0000E+00    0.0000E+00    0.0000E+00    0.0000E+00   CROSSED 
        8    38    11    52     6.8500E+01    2.8000E-02    0.0000E+00    0.0000E+00    0.0000E+00    0.0000E+00   CROSSED 
       11    52    14    65     6.8500E+01    2.1500E-02    0.0000E+00    0.0000E+00    0.0000E+00    0.0000E+00   CROSSED 
       14    65    17    78     6.8500E+01    1.9500E-02    0.0000E+00    0.0000E+00    0.0000E+00    0.0000E+00   CROSSED 
       17    78    20    90     6.8500E+01    1.6000E-02    0.0000E+00    0.0000E+00    0.0000E+00    0.0000E+00   CROSSED 
       20    90    23   100     6.8500E+01    1.4000E-02    0.0000E+00    0.0000E+00    0.0000E+00    0.0000E+00   CROSSED 
       23   100    26   107     6.8500E+01    1.1500E-02    0.0000E+00    0.0000E+00    0.0000E+00    0.0000E+00   CROSSED 
       26   107    29   114     6.8500E+01    1.0000E-02    0.0000E+00    0.0000E+00    0.0000E+00    0.0000E+00   CROSSED 



                           - - - STRUCTURE EXCITATION DATA AT NETWORK CONNECTION POINTS - - -

   TAG   SEG.    VOLTAGE (VOLTS)         CURRENT (AMPS)         IMPEDANCE (OHMS)        ADMITTANCE (MHOS)      POWER
   NO.   NO.    REAL        IMAG.       REAL        IMAG.       REAL        IMAG.       REAL        IMAG.     (WATTS)
     2     8-2.19355E+00 4.93124E-01-1.51340E-03 6.69967E-03 1.40400E+02 2.95696E+02 1.31033E-03-2.75969E-03 3.31174E-03
     5    23 1.23271E+00-8.47476E-02-9.92783E-04-1.07568E-02-2.67541E+00 1.14352E+02-2.04488E-04-8.74018E-03-1.56102E-04
     8    38 2.46690E-01-3.07153E-01 3.19435E-03 6.80780E-03-2.30420E+01-4.70481E+01-8.39582E-03 1.71430E-02-6.51511E-04
    11    52-1.07515E+00 2.66613E-01-6.51810E-03-9.98921E-03 3.05383E+01-8.77046E+01 3.54081E-03 1.01690E-02 2.17234E-03
    14    65 7.66279E-01 1.82768E-01-1.95211E-03 6.36980E-03-7.47240E+00-1.18009E+02-5.34433E-04 8.44011E-03-1.65831E-04
    17    78 6.32829E-02-4.48883E-01 2.02076E-03 1.26063E-03-7.72116E+01-1.73968E+02-2.13135E-03 4.80223E-03-2.18997E-04
    20    90-6.99211E-01 4.81043E-01-1.51833E-03-1.95450E-03 1.98251E+01-3.42344E+02 1.68592E-04 2.91127E-03 6.07182E-05
    23   100 1.06105E+00-3.66656E-01 1.41223E-03 3.45266E-03 1.67086E+01-3.00478E+02 1.84491E-04 3.31777E-03 1.16253E-04
    26   107-1.12525E+00 1.84766E-01-2.95344E-04-2.95783E-03-2.42383E+01-3.82853E+02-1.64703E-04 2.60154E-03-1.07084E-04
    29   114 1.00000E+00 0.00000E+00 1.83966E-04 2.28318E-03 3.50627E+01-4.35160E+02 1.83966E-04 2.28318E-03 9.19829E-05



                                          - - - ANTENNA INPUT PARAMETERS - - -

   TAG   SEG.    VOLTAGE (VOLTS)         CURRENT (AMPS)         IMPEDANCE (OHMS)        ADMITTANCE (MHOS)      POWER
   NO.   NO.    REAL        IMAG.       REAL        IMAG.       REAL        IMAG.       REAL        IMAG.     (WATTS)
    29   114 1.00000E+00 0.00000E+00 8.90703E-03 1.05104E-02 4.69277E+01-5.53751E+01 8.90703E-03 1.05104E-02 4.45352E-03



                                        - - - POWER BUDGET - - -

                                           INPUT POWER   = 4.4535E-03 WATTS
                                           RADIATED POWER= 4.4535E-03 WATTS
                                           STRUCTURE LOSS= 0.0000E+00 WATTS
                                           NETWORK LOSS  =-8.6736E-19 WATTS
                                           EFFICIENCY    = 100.00 PERCENT



                                                - - - RADIATION PATTERNS - - -

  - - ANGLES - -           - POWER GAINS -       - - - POLARIZATION - - -    - - - E(THETA) - - -    - - - E(PHI) - - -
  THETA     PHI        VERT.   HOR.    TOTAL      AXIAL     TILT   SENSE     MAGNITUDE    PHASE      MAGNITUDE    PHASE 
 DEGREES  DEGREES       DB      DB      DB        RATIO     DEG.              VOLTS/M    DEGREES      VOLTS/M    DEGREES
    0.00     0.00      -8.42    6.36    6.51    0.07844   -80.66  RIGHT     1.95988E-01    97.03    1.07517E+00   -56.75


                                     - - - - NORMALIZED GAIN - - - -

                                           TOTAL GAIN
                                      NORMALIZATION FACTOR =     6.51 DB

    - - ANGLES - -      GAIN           - - ANGLES - -      GAIN           - - ANGLES - -      GAIN
    THETA     PHI        DB            THETA     PHI        DB            THETA     PHI        DB
   DEGREES  DEGREES                   DEGREES  DEGREES                   DEGREES  DEGREES
      0.00     0.00      0.00




                                 - - - - - - FREQUENCY - - - - - -

                                    FREQUENCY= 1.6000E+03 MHZ
                                    WAVELENGTH= 1.8737E-01 METERS




                    APPROXIMATE INTEGRATION EMPLOYED FOR SEGMENTS MORE THAN   1.000 WAVELENGTHS APART

                    THE EXTENDED THIN WIRE KERNEL WILL BE USED



                               - - - STRUCTURE IMPEDANCE LOADING - - -

                                   THIS STRUCTURE IS NOT LOADED



                                  - - - ANTENNA ENVIRONMENT - - -

                                            FREE SPACE



                                - - - MATRIX TIMING - - -

                        FILL=    0.031 SEC.,  FACTOR=    0.000 SEC.



                                            - - - NETWORK DATA - - -

      - FROM -    - TO -           TRANSMISSION LINE               -  -  SHUNT ADMITTANCES (MHOS)  -  -              LINE
      TAG  SEG.   TAG  SEG.      IMPEDANCE      LENGTH            - END ONE -                 - END TWO -            TYPE
      NO.   NO.   NO.   NO.         OHMS        METERS         REAL          IMAG.         REAL          IMAG.
        2     8     5    23     6.8500E+01    3.8000E-02    0.0000E+00    0.0000E+00    0.0000E+00    0.0000E+00   CROSSED 
        5    23     8    38     6.8500E+01    3.1000E-02    0.0000E+00    0.0000E+00    0.0000E+00    0.0000E+00   CROSSED 
        8    38    11    52     6.8500E+01    2.8000E-02    0.0000E+00    0.0000E+00    0.0000E+00    0.0000E+00   CROSSED 
       11    52    14    65     6.8500E+01    2.1500E-02    0.0000E+00    0.0000E+00    0.0000E+00    0.0000E+00   CROSSED 
       14    65    17    78     6.8500E+01    1.9500E-02    0.0000E+00    0.0000E+00    0.0000E+00    0.0000E+00   CROSSED 
       17    78    20    90     6.8500E+01    1.6000E-02    0.0000E+00    0.0000E+00    0.0000E+00    0.0000E+00   CROSSED 
       20    90    23   100     6.8500E+01    1.4000E-02    0.0000E+00    0.0000E+00    0.0000E+00    0.0000E+00   CROSSED 
       23   100    26   107     6.8500E+01    1.1500E-02    0.0000E+00    0.0000E+00    0.0000E+00    0.0000E+00   CROSSED 
       26   107    29   114     6.8500E+01    1.0000E-02    0.0000E+00    0.0000E+00    0.0000E+00    0.0000E+00   CROSSED 



                           - - - STRUCTURE EXCITATION DATA AT NETWORK CONNECTION POINTS - - -

   TAG   SEG.    VOLTAGE (VOLTS)         CURRENT (AMPS)         IMPEDANCE (OHMS)        ADMITTANCE (MHOS)      POWER
   NO.   NO.    REAL        IMAG.       REAL        IMAG.       REAL        IMAG.       REAL        IMAG.     (WATTS)
     2     8 4.34739E-03 1.10299E+00 1.95051E-03 1.27319E-03 2.60398E+02 3.95512E+02 1.16126E-03-1.76381E-03 7.06396E-04
     5    23 8.21362E-02-4.50100E-01-4.86474E-04 1.81719E-04-4.51458E+02 7.56589E+02-5.81595E-04-9.74682E-04-6.08745E-05
     8    38-5.64392E-02-6.19007E-01 2.13463E-03-1.20645E-02 4.89480E+01-1.33387E+01 1.90176E-02 5.18244E-03 3.67377E-03
    11    52-6.83627E-01 9.62417E-01-1.91406E-02 2.17873E-03 4.09093E+01-4.56248E+01 1.08941E-02 1.21498E-02 7.59094E-03
    14    65 9.88534E-01 1.83880E-01 5.38473E-04 1.27792E-02 1.76171E+01-7.66124E+01 2.85075E-03 1.23972E-02 1.44107E-03
    17    78-3.06464E-01-1.18253E+00 8.45491E-03 1.08413E-04-3.80340E+01-1.39375E+02-1.82225E-03 6.67761E-03-1.35966E-03
    20    90-3.59084E-01 1.35455E+00-3.75563E-03-9.84124E-04 1.03138E+00-3.60941E+02 7.91665E-06 2.77051E-03 7.77310E-06
    23   100 8.34138E-01-1.07541E+00 4.61137E-03 2.46417E-03 4.37694E+01-2.56598E+02 6.45963E-04 3.78696E-03 5.98259E-04
    26   107-1.02933E+00 5.48816E-01-9.88181E-04-3.39999E-03-6.77066E+01-3.22425E+02-6.23784E-04 2.97051E-03-4.24399E-04
    29   114 1.00000E+00 0.00000E+00 3.08528E-04 2.10796E-03 6.79775E+01-4.64443E+02 3.08528E-04 2.10796E-03 1.54264E-04



                                          - - - ANTENNA INPUT PARAMETERS - - -

   TAG   SEG.    VOLTAGE (VOLTS)         CURRENT (AMPS)         IMPEDANCE (OHMS)        ADMITTANCE (MHOS)      POWER
   NO.   NO.    REAL        IMAG.       REAL        IMAG.       REAL        IMAG.       REAL        IMAG.     (WATTS)
    29   114 1.00000E+00 0.00000E+00 2.46551E-02 5.88007E-03 3.83768E+01-9.15260E+00 2.46551E-02 5.88007E-03 1.23275E-02



                                        - - - POWER BUDGET - - -

                                           INPUT POWER   = 1.2328E-02 WATTS
                                           RADIATED POWER= 1.2328E-02 WATTS
                                           STRUCTURE LOSS= 0.0000E+00 WATTS
                                           NETWORK LOSS  = 5.2042E-18 WATTS
                                           EFFICIENCY    = 100.00 PERCENT



                                                - - - RADIATION PATTERNS - - -

  - - ANGLES - -           - POWER GAINS -       - - - POLARIZATION - - -    - - - E(THETA) - - -    - - - E(PHI) - - -
  THETA     PHI        VERT.   HOR.    TOTAL      AXIAL     TILT   SENSE     MAGNITUDE    PHASE      MAGNITUDE    PHASE 
 DEGREES  DEGREES       DB      DB      DB        RATIO     DEG.              VOLTS/M    DEGREES      VOLTS/M    DEGREES
    0.00     0.00     -19.25    7.89    7.90    0.03012   -88.17  RIGHT     9.37079E-02    42.20    2.13276E+00   -94.47


                                     - - - - NORMALIZED GAIN - - - -

                                           TOTAL GAIN
                                      NORMALIZATION FACTOR =     7.90 DB

    - - ANGLES - -      GAIN           - - ANGLES - -      GAIN           - - ANGLES - -      GAIN
    THETA     PHI        DB            THETA     PHI        DB            THETA     PHI        DB
   DEGREES  DEGREES                   DEGREES  DEGREES                   DEGREES  DEGREES
      0.00     0.00      0.00




                                 - - - - - - FREQUENCY - - - - - -

                                    FREQUENCY= 1.7000E+03 MHZ
                                    WAVELENGTH= 1.7635E-01 METERS




                    APPROXIMATE INTEGRATION EMPLOYED FOR SEGMENTS MORE THAN   1.000 WAVELENGTHS APART

                    THE EXTENDED THIN WIRE KERNEL WILL BE USED



                               - - - STRUCTURE IMPEDANCE LOADING - - -

                                   THIS STRUCTURE IS NOT LOADED



                                  - - - ANTENNA ENVIRONMENT - - -

                                            FREE SPACE



                                - - - MATRIX TIMING - - -

                        FILL=    0.016 SEC.,  FACTOR=    0.000 SEC.



                                            - - - NETWORK DATA - - -

      - FROM -    - TO -           TRANSMISSION LINE               -  -  SHUNT ADMITTANCES (MHOS)  -  -              LINE
      TAG  SEG.   TAG  SEG.      IMPEDANCE      LENGTH            - END ONE -                 - END TWO -            TYPE
      NO.   NO.   NO.   NO.         OHMS        METERS         REAL          IMAG.         REAL          IMAG.
        2     8     5    23     6.8500E+01    3.8000E-02    0.0000E+00    0.0000E+00    0.0000E+00    0.0000E+00   CROSSED 
        5    23     8    38     6.8500E+01    3.1000E-02    0.0000E+00    0.0000E+00    0.0000E+00    0.0000E+00   CROSSED 
        8    38    11    52     6.8500E+01    2.8000E-02    0.0000E+00    0.0000E+00    0.0000E+00    0.0000E+00   CROSSED 
       11    52    14    65     6.8500E+01    2.1500E-02    0.0000E+00    0.0000E+00    0.0000E+00    0.0000E+00   CROSSED 
       14    65    17    78     6.8500E+01    1.9500E-02    0.0000E+00    0.0000E+00    0.0000E+00    0.0000E+00   CROSSED 
       17    78    20    90     6.8500E+01    1.6000E-02    0.0000E+00    0.0000E+00    0.0000E+00    0.0000E+00   CROSSED 
       20    90    23   100     6.8500E+01    1.4000E-02    0.0000E+00    0.0000E+00    0.0000E+00    0.0000E+00   CROSSED 
       23   100    26   107     6.8500E+01    1.1500E-02    0.0000E+00    0.0000E+00    0.0000E+00    0.0000E+00   CROSSED 
       26   107    29   114     6.8500E+01    1.0000E-02    0.0000E+00    0.0000E+00    0.0000E+00    0.0000E+00   CROSSED 



                           - - - STRUCTURE EXCITATION DATA AT NETWORK CONNECTION POINTS - - -

   TAG   SEG.    VOLTAGE (VOLTS)         CURRENT (AMPS)         IMPEDANCE (OHMS)        ADMITTANCE (MHOS)      POWER
   NO.   NO.    REAL        IMAG.       REAL        IMAG.       REAL        IMAG.       REAL        IMAG.     (WATTS)
     2     8 1.36993E-01 5.85445E-01 6.88922E-04 5.27255E-04 5.35544E+02 4.39929E+02 1.11492E-03-9.15860E-04 2.01528E-04
     5    23 5.78722E-03-1.72083E-01-4.40357E-06-4.36127E-04 3.94398E+02 1.72518E+01 2.53067E-03-1.10697E-04 3.75123E-05
     8    38-1.55729E-01-4.23974E-01-5.42527E-03-6.72942E-03 4.94920E+01 1.67589E+01 1.81268E-02-6.13810E-03 1.84899E-03
    11    52-2.42421E-01 8.83319E-01-1.10863E-02 1.18928E-02 4.99070E+01-2.61388E+01 1.57240E-02 8.23545E-03 6.59636E-03
    14    65 9.76467E-01-1.55555E-01 8.46172E-03 1.11006E-02 3.35472E+01-6.23929E+01 6.68500E-03 1.24331E-02 3.26791E-03
    17    78-6.89319E-01-9.63754E-01 9.06820E-03-5.45493E-03-8.87298E+00-1.11616E+02-7.07752E-04 8.90303E-03-4.96836E-04
    20    90 1.90678E-03 1.23137E+00-4.07199E-03-1.35322E-03-9.09218E+01-2.72185E+02-1.10407E-03 3.30516E-03-8.37041E-04
    23   100 5.63571E-01-1.01253E+00 4.04070E-03 7.60486E-04 8.91543E+01-2.67362E+02 1.12241E-03 3.36597E-03 7.53604E-04
    26   107-9.09888E-01 5.33487E-01-1.75289E-03-3.76821E-03-2.40479E+01-2.52651E+02-3.73351E-04 3.92249E-03-2.07678E-04
    29   114 1.00000E+00 0.00000E+00-1.25957E-04 2.15535E-03-2.70213E+01-4.62384E+02-1.25957E-04 2.15535E-03-6.29783E-05



                                          - - - ANTENNA INPUT PARAMETERS - - -

   TAG   SEG.    VOLTAGE (VOLTS)         CURRENT (AMPS)         IMPEDANCE (OHMS)        ADMITTANCE (MHOS)      POWER
   NO.   NO.    REAL        IMAG.       REAL        IMAG.       REAL        IMAG.       REAL        IMAG.     (WATTS)
    29   114 1.00000E+00 0.00000E+00 2.22028E-02 1.01225E-03 4.49460E+01-2.04913E+00 2.22028E-02 1.01225E-03 1.11014E-02



                                        - - - POWER BUDGET - - -

                                           INPUT POWER   = 1.1101E-02 WATTS
                                           RADIATED POWER= 1.1101E-02 WATTS
                                           STRUCTURE LOSS= 0.0000E+00 WATTS
                                           NETWORK LOSS  =-3.4694E-18 WATTS
                                           EFFICIENCY    = 100.00 PERCENT



                                                - - - RADIATION PATTERNS - - -

  - - ANGLES - -           - POWER GAINS -       - - - POLARIZATION - - -    - - - E(THETA) - - -    - - - E(PHI) - - -
  THETA     PHI        VERT.   HOR.    TOTAL      AXIAL     TILT   SENSE     MAGNITUDE    PHASE      MAGNITUDE    PHASE 
 DEGREES  DEGREES       DB      DB      DB        RATIO     DEG.              VOLTS/M    DEGREES      VOLTS/M    DEGREES
    0.00     0.00     -25.01    8.02    8.03    0.00230   -88.73  RIGHT     4.58238E-02    41.88    2.05474E+00  -132.20


                                     - - - - NORMALIZED GAIN - - - -

                                           TOTAL GAIN
                                      NORMALIZATION FACTOR =     8.03 DB

    - - ANGLES - -      GAIN           - - ANGLES - -      GAIN           - - ANGLES - -      GAIN
    THETA     PHI        DB            THETA     PHI        DB            THETA     PHI        DB
   DEGREES  DEGREES                   DEGREES  DEGREES                   DEGREES  DEGREES
      0.00     0.00      0.00




                                 - - - - - - FREQUENCY - - - - - -

                                    FREQUENCY= 1.8000E+03 MHZ
                                    WAVELENGTH= 1.6656E-01 METERS




                    APPROXIMATE INTEGRATION EMPLOYED FOR SEGMENTS MORE THAN   1.000 WAVELENGTHS APART

                    THE EXTENDED THIN WIRE KERNEL WILL BE USED



                               - - - STRUCTURE IMPEDANCE LOADING - - -

                                   THIS STRUCTURE IS NOT LOADED



                                  - - - ANTENNA ENVIRONMENT - - -

                                            FREE SPACE



                                - - - MATRIX TIMING - - -

                        FILL=    0.016 SEC.,  FACTOR=    0.000 SEC.



                                            - - - NETWORK DATA - - -

      - FROM -    - TO -           TRANSMISSION LINE               -  -  SHUNT ADMITTANCES (MHOS)  -  -              LINE
      TAG  SEG.   TAG  SEG.      IMPEDANCE      LENGTH            - END ONE -                 - END TWO -            TYPE
      NO.   NO.   NO.   NO.         OHMS        METERS         REAL          IMAG.         REAL          IMAG.
        2     8     5    23     6.8500E+01    3.8000E-02    0.0000E+00    0.0000E+00    0.0000E+00    0.0000E+00   CROSSED 
        5    23     8    38     6.8500E+01    3.1000E-02    0.0000E+00    0.0000E+00    0.0000E+00    0.0000E+00   CROSSED 
        8    38    11    52     6.8500E+01    2.8000E-02    0.0000E+00    0.0000E+00    0.0000E+00    0.0000E+00   CROSSED 
       11    52    14    65     6.8500E+01    2.1500E-02    0.0000E+00    0.0000E+00    0.0000E+00    0.0000E+00   CROSSED 
       14    65    17    78     6.8500E+01    1.9500E-02    0.0000E+00    0.0000E+00    0.0000E+00    0.0000E+00   CROSSED 
       17    78    20    90     6.8500E+01    1.6000E-02    0.0000E+00    0.0000E+00    0.0000E+00    0.0000E+00   CROSSED 
       20    90    23   100     6.8500E+01    1.4000E-02    0.0000E+00    0.0000E+00    0.0000E+00    0.0000E+00   CROSSED 
       23   100    26   107     6.8500E+01    1.1500E-02    0.0000E+00    0.0000E+00    0.0000E+00    0.0000E+00   CROSSED 
       26   107    29   114     6.8500E+01    1.0000E-02    0.0000E+00    0.0000E+00    0.0000E+00    0.0000E+00   CROSSED 



                           - - - STRUCTURE EXCITATION DATA AT NETWORK CONNECTION POINTS - - -

   TAG   SEG.    VOLTAGE (VOLTS)         CURRENT (AMPS)         IMPEDANCE (OHMS)        ADMITTANCE (MHOS)      POWER
   NO.   NO.    REAL        IMAG.       REAL        IMAG.       REAL        IMAG.       REAL        IMAG.     (WATTS)
     2     8 1.24019E-01 4.68479E-01 3.14963E-04 4.88168E-04 7.93333E+02 2.57805E+02 1.14011E-03-3.70494E-04 1.33879E-04
     5    23 1.61537E-02-8.54804E-02-3.91030E-05-9.38447E-05 7.15007E+02 4.70060E+02 9.76530E-04-6.41991E-04 3.69511E-06
     8    38-1.29530E-01-3.88618E-01-5.94766E-03-1.90884E-03 3.87564E+01 5.29011E+01 9.01188E-03-1.23009E-02 7.56107E-04
    11    52-1.75063E-02 7.70317E-01-2.44044E-03 1.37968E-02 5.43567E+01-8.34596E+00 1.79733E-02 2.75963E-03 5.33533E-03
    14    65 8.12321E-01-4.01392E-01 1.32015E-02 5.18469E-03 4.29645E+01-4.72787E+01 1.05274E-02 1.15844E-02 4.32138E-03
    17    78-8.65551E-01-7.66337E-01 6.86758E-03-1.02216E-02 1.24565E+01-9.30474E+01 1.41343E-03 1.05580E-02 9.44489E-04
    20    90 1.70896E-01 1.18401E+00-6.06918E-03-1.38905E-03-6.91831E+01-1.79252E+02-1.87400E-03 4.85547E-03-1.34092E-03
    23   100 4.47979E-01-9.98257E-01 3.13299E-03 4.35180E-04 9.68609E+01-3.32082E+02 8.09465E-04 2.77520E-03 4.84547E-04
    26   107-8.59265E-01 5.47170E-01-2.73381E-03-3.54729E-03 2.03466E+01-2.26551E+02 3.93253E-04 4.37871E-03 2.04046E-04
    29   114 1.00000E+00 0.00000E+00-4.69049E-04 2.62356E-03-6.60345E+01-3.69355E+02-4.69049E-04 2.62356E-03-2.34525E-04



                                          - - - ANTENNA INPUT PARAMETERS - - -

   TAG   SEG.    VOLTAGE (VOLTS)         CURRENT (AMPS)         IMPEDANCE (OHMS)        ADMITTANCE (MHOS)      POWER
   NO.   NO.    REAL        IMAG.       REAL        IMAG.       REAL        IMAG.       REAL        IMAG.     (WATTS)
    29   114 1.00000E+00 0.00000E+00 2.12160E-02-1.67219E-04 4.71312E+01 3.71476E-01 2.12160E-02-1.67219E-04 1.06080E-02



                                        - - - POWER BUDGET - - -

                                           INPUT POWER   = 1.0608E-02 WATTS
                                           RADIATED POWER= 1.0608E-02 WATTS
                                           STRUCTURE LOSS= 0.0000E+00 WATTS
                                           NETWORK LOSS  = 6.9389E-18 WATTS
                                           EFFICIENCY    = 100.00 PERCENT



                                                - - - RADIATION PATTERNS - - -

  - - ANGLES - -           - POWER GAINS -       - - - POLARIZATION - - -    - - - E(THETA) - - -    - - - E(PHI) - - -
  THETA     PHI        VERT.   HOR.    TOTAL      AXIAL     TILT   SENSE     MAGNITUDE    PHASE      MAGNITUDE    PHASE 
 DEGREES  DEGREES       DB      DB      DB        RATIO     DEG.              VOLTS/M    DEGREES      VOLTS/M    DEGREES
    0.00     0.00     -29.40    8.05    8.05    0.00657   -89.33  LEFT      2.70299E-02    48.93    2.01425E+00  -160.39


                                     - - - - NORMALIZED GAIN - - - -

                                           TOTAL GAIN
                                      NORMALIZATION FACTOR =     8.05 DB

    - - ANGLES - -      GAIN           - - ANGLES - -      GAIN           - - ANGLES - -      GAIN
    THETA     PHI        DB            THETA     PHI        DB            THETA     PHI        DB
   DEGREES  DEGREES                   DEGREES  DEGREES                   DEGREES  DEGREES
      0.00     0.00      0.00




                                 - - - - - - FREQUENCY - - - - - -

                                    FREQUENCY= 1.9000E+03 MHZ
                                    WAVELENGTH= 1.5779E-01 METERS




                    APPROXIMATE INTEGRATION EMPLOYED FOR SEGMENTS MORE THAN   1.000 WAVELENGTHS APART

                    THE EXTENDED THIN WIRE KERNEL WILL BE USED



                               - - - STRUCTURE IMPEDANCE LOADING - - -

                                   THIS STRUCTURE IS NOT LOADED



                                  - - - ANTENNA ENVIRONMENT - - -

                                            FREE SPACE



                                - - - MATRIX TIMING - - -

                        FILL=    0.016 SEC.,  FACTOR=    0.000 SEC.



                                            - - - NETWORK DATA - - -

      - FROM -    - TO -           TRANSMISSION LINE               -  -  SHUNT ADMITTANCES (MHOS)  -  -              LINE
      TAG  SEG.   TAG  SEG.      IMPEDANCE      LENGTH            - END ONE -                 - END TWO -            TYPE
      NO.   NO.   NO.   NO.         OHMS        METERS         REAL          IMAG.         REAL          IMAG.
        2     8     5    23     6.8500E+01    3.8000E-02    0.0000E+00    0.0000E+00    0.0000E+00    0.0000E+00   CROSSED 
        5    23     8    38     6.8500E+01    3.1000E-02    0.0000E+00    0.0000E+00    0.0000E+00    0.0000E+00   CROSSED 
        8    38    11    52     6.8500E+01    2.8000E-02    0.0000E+00    0.0000E+00    0.0000E+00    0.0000E+00   CROSSED 
       11    52    14    65     6.8500E+01    2.1500E-02    0.0000E+00    0.0000E+00    0.0000E+00    0.0000E+00   CROSSED 
       14    65    17    78     6.8500E+01    1.9500E-02    0.0000E+00    0.0000E+00    0.0000E+00    0.0000E+00   CROSSED 
       17    78    20    90     6.8500E+01    1.6000E-02    0.0000E+00    0.0000E+00    0.0000E+00    0.0000E+00   CROSSED 
       20    90    23   100     6.8500E+01    1.4000E-02    0.0000E+00    0.0000E+00    0.0000E+00    0.0000E+00   CROSSED 
       23   100    26   107     6.8500E+01    1.1500E-02    0.0000E+00    0.0000E+00    0.0000E+00    0.0000E+00   CROSSED 
       26   107    29   114     6.8500E+01    1.0000E-02    0.0000E+00    0.0000E+00    0.0000E+00    0.0000E+00   CROSSED 



                           - - - STRUCTURE EXCITATION DATA AT NETWORK CONNECTION POINTS - - -

   TAG   SEG.    VOLTAGE (VOLTS)         CURRENT (AMPS)         IMPEDANCE (OHMS)        ADMITTANCE (MHOS)      POWER
   NO.   NO.    REAL        IMAG.       REAL        IMAG.       REAL        IMAG.       REAL        IMAG.     (WATTS)
     2     8 1.53114E-01 4.78732E-01 1.06350E-04 5.33332E-04 9.18356E+02-1.03964E+02 1.07512E-03 1.21711E-04 1.35804E-04
     5    23 2.76529E-02-3.48490E-02 2.64066E-04 9.16806E-05 5.25647E+01-1.50220E+02 2.07526E-03 5.93072E-03 2.05361E-06
     8    38-1.49479E-01-4.56329E-01-4.31659E-03 6.52162E-04 1.82408E+01 1.08471E+02 1.50767E-03-8.96552E-03 1.73820E-04
    11    52 1.26541E-01 6.42794E-01 4.63863E-03 1.10385E-02 5.35865E+01 1.10547E+01 1.78996E-02-3.69261E-03 3.84124E-03
    14    65 5.67074E-01-5.15428E-01 1.27386E-02-2.55103E-03 5.05904E+01-3.03308E+01 1.45402E-02 8.71739E-03 4.26929E-03
    17    78-9.89209E-01-5.26780E-01 2.04044E-03-1.31426E-02 2.77280E+01-7.95722E+01 3.90503E-03 1.12064E-02 2.45242E-03
    20    90 3.77243E-01 1.09683E+00-8.16706E-03 5.94450E-04-3.62237E+01-1.36936E+02-1.80544E-03 6.82509E-03-1.21448E-03
    23   100 3.11480E-01-9.50381E-01 2.41589E-03 9.62594E-04-2.40026E+01-3.83825E+02-1.62292E-04 2.59521E-03-8.11659E-05
    26   107-7.86349E-01 5.36678E-01-3.13722E-03-2.64565E-03 6.21726E+01-2.23499E+02 1.15526E-03 4.15293E-03 5.23543E-04
    29   114 1.00000E+00 0.00000E+00-4.56502E-04 3.29656E-03-4.12166E+01-2.97639E+02-4.56502E-04 3.29656E-03-2.28251E-04



                                          - - - ANTENNA INPUT PARAMETERS - - -

   TAG   SEG.    VOLTAGE (VOLTS)         CURRENT (AMPS)         IMPEDANCE (OHMS)        ADMITTANCE (MHOS)      POWER
   NO.   NO.    REAL        IMAG.       REAL        IMAG.       REAL        IMAG.       REAL        IMAG.     (WATTS)
    29   114 1.00000E+00 0.00000E+00 1.97485E-02-1.80145E-03 5.02188E+01 4.58093E+00 1.97485E-02-1.80145E-03 9.87427E-03



                                        - - - POWER BUDGET - - -

                                           INPUT POWER   = 9.8743E-03 WATTS
                                           RADIATED POWER= 9.8743E-03 WATTS
                                           STRUCTURE LOSS= 0.0000E+00 WATTS
                                           NETWORK LOSS  = 3.4694E-18 WATTS
                                           EFFICIENCY    = 100.00 PERCENT



                                                - - - RADIATION PATTERNS - - -

  - - ANGLES - -           - POWER GAINS -       - - - POLARIZATION - - -    - - - E(THETA) - - -    - - - E(PHI) - - -
  THETA     PHI        VERT.   HOR.    TOTAL      AXIAL     TILT   SENSE     MAGNITUDE    PHASE      MAGNITUDE    PHASE 
 DEGREES  DEGREES       DB      DB      DB        RATIO     DEG.              VOLTS/M    DEGREES      VOLTS/M    DEGREES
    0.00     0.00     -29.61    7.99    7.99    0.00616   -89.33  LEFT      2.54409E-02    22.49    1.93038E+00   174.61


                                     - - - - NORMALIZED GAIN - - - -

                                           TOTAL GAIN
                                      NORMALIZATION FACTOR =     7.99 DB

    - - ANGLES - -      GAIN           - - ANGLES - -      GAIN           - - ANGLES - -      GAIN
    THETA     PHI        DB            THETA     PHI        DB            THETA     PHI        DB
   DEGREES  DEGREES                   DEGREES  DEGREES                   DEGREES  DEGREES
      0.00     0.00      0.00




                                 - - - - - - FREQUENCY - - - - - -

                                    FREQUENCY= 2.0000E+03 MHZ
                                    WAVELENGTH= 1.4990E-01 METERS




                    APPROXIMATE INTEGRATION EMPLOYED FOR SEGMENTS MORE THAN   1.000 WAVELENGTHS APART

                    THE EXTENDED THIN WIRE KERNEL WILL BE USED



                               - - - STRUCTURE IMPEDANCE LOADING - - -

                                   THIS STRUCTURE IS NOT LOADED



                                  - - - ANTENNA ENVIRONMENT - - -

                                            FREE SPACE



                                - - - MATRIX TIMING - - -

                        FILL=    0.016 SEC.,  FACTOR=    0.000 SEC.



                                            - - - NETWORK DATA - - -

      - FROM -    - TO -           TRANSMISSION LINE               -  -  SHUNT ADMITTANCES (MHOS)  -  -              LINE
      TAG  SEG.   TAG  SEG.      IMPEDANCE      LENGTH            - END ONE -                 - END TWO -            TYPE
      NO.   NO.   NO.   NO.         OHMS        METERS         REAL          IMAG.         REAL          IMAG.
        2     8     5    23     6.8500E+01    3.8000E-02    0.0000E+00    0.0000E+00    0.0000E+00    0.0000E+00   CROSSED 
        5    23     8    38     6.8500E+01    3.1000E-02    0.0000E+00    0.0000E+00    0.0000E+00    0.0000E+00   CROSSED 
        8    38    11    52     6.8500E+01    2.8000E-02    0.0000E+00    0.0000E+00    0.0000E+00    0.0000E+00   CROSSED 
       11    52    14    65     6.8500E+01    2.1500E-02    0.0000E+00    0.0000E+00    0.0000E+00    0.0000E+00   CROSSED 
       14    65    17    78     6.8500E+01    1.9500E-02    0.0000E+00    0.0000E+00    0.0000E+00    0.0000E+00   CROSSED 
       17    78    20    90     6.8500E+01    1.6000E-02    0.0000E+00    0.0000E+00    0.0000E+00    0.0000E+00   CROSSED 
       20    90    23   100     6.8500E+01    1.4000E-02    0.0000E+00    0.0000E+00    0.0000E+00    0.0000E+00   CROSSED 
       23   100    26   107     6.8500E+01    1.1500E-02    0.0000E+00    0.0000E+00    0.0000E+00    0.0000E+00   CROSSED 
       26   107    29   114     6.8500E+01    1.0000E-02    0.0000E+00    0.0000E+00    0.0000E+00    0.0000E+00   CROSSED 



                           - - - STRUCTURE EXCITATION DATA AT NETWORK CONNECTION POINTS - - -

   TAG   SEG.    VOLTAGE (VOLTS)         CURRENT (AMPS)         IMPEDANCE (OHMS)        ADMITTANCE (MHOS)      POWER
   NO.   NO.    REAL        IMAG.       REAL        IMAG.       REAL        IMAG.       REAL        IMAG.     (WATTS)
     2     8 2.71342E-01 6.52113E-01-1.22292E-04 8.89877E-04 6.78102E+02-3.98110E+02 1.09670E-03 6.43864E-04 2.73559E-04
     5    23 6.69125E-02 2.27242E-02 6.20647E-04 2.58960E-05 1.09149E+02 3.20596E+01 8.43417E-03-2.47732E-03 2.10587E-05
     8    38-2.76284E-01-6.74963E-01-3.07133E-03 1.31306E-03-3.37971E+00 2.18317E+02-7.08922E-05-4.57939E-03-1.88541E-05
    11    52 1.96658E-01 6.06535E-01 9.12929E-03 5.69577E-03 4.53426E+01 3.81491E+01 1.29133E-02-1.08646E-02 2.62501E-03
    14    65 3.54085E-01-4.92371E-01 6.92988E-03-7.45944E-03 5.90989E+01-7.43533E+00 1.66571E-02 2.09566E-03 3.06329E-03
    17    78-1.00228E+00-2.89289E-01-3.13211E-03-1.27660E-02 3.95433E+01-6.88101E+01 6.27820E-03 1.09248E-02 3.41617E-03
    20    90 5.24315E-01 9.48195E-01-8.76230E-03 3.76979E-03-1.12070E+01-1.13035E+02-8.68597E-04 8.76074E-03-5.09858E-04
    23   100 2.33403E-01-8.61293E-01 2.49884E-03 2.03477E-03-1.12601E+02-2.52988E+02-1.46841E-03 3.29919E-03-5.84649E-04
    26   107-7.43875E-01 4.90412E-01-2.62887E-03-1.90911E-03 9.65646E+01-2.56674E+02 1.28400E-03 3.41293E-03 5.09652E-04
    29   114 1.00000E+00 0.00000E+00-8.28849E-05 3.80968E-03-5.70811E+00-2.62365E+02-8.28849E-05 3.80968E-03-4.14425E-05



                                          - - - ANTENNA INPUT PARAMETERS - - -

   TAG   SEG.    VOLTAGE (VOLTS)         CURRENT (AMPS)         IMPEDANCE (OHMS)        ADMITTANCE (MHOS)      POWER
   NO.   NO.    REAL        IMAG.       REAL        IMAG.       REAL        IMAG.       REAL        IMAG.     (WATTS)
    29   114 1.00000E+00 0.00000E+00 1.75079E-02-2.27221E-03 5.61711E+01 7.29002E+00 1.75079E-02-2.27221E-03 8.75393E-03



                                        - - - POWER BUDGET - - -

                                           INPUT POWER   = 8.7539E-03 WATTS
                                           RADIATED POWER= 8.7539E-03 WATTS
                                           STRUCTURE LOSS= 0.0000E+00 WATTS
                                           NETWORK LOSS  =-3.4694E-18 WATTS
                                           EFFICIENCY    = 100.00 PERCENT



                                                - - - RADIATION PATTERNS - - -

  - - ANGLES - -           - POWER GAINS -       - - - POLARIZATION - - -    - - - E(THETA) - - -    - - - E(PHI) - - -
  THETA     PHI        VERT.   HOR.    TOTAL      AXIAL     TILT   SENSE     MAGNITUDE    PHASE      MAGNITUDE    PHASE 
 DEGREES  DEGREES       DB      DB      DB        RATIO     DEG.              VOLTS/M    DEGREES      VOLTS/M    DEGREES
    0.00     0.00     -21.93    7.75    7.76    0.00546   -88.15  LEFT      5.79965E-02   -15.60    1.76893E+00   154.80


                                     - - - - NORMALIZED GAIN - - - -

                                           TOTAL GAIN
                                      NORMALIZATION FACTOR =     7.76 DB

    - - ANGLES - -      GAIN           - - ANGLES - -      GAIN           - - ANGLES - -      GAIN
    THETA     PHI        DB            THETA     PHI        DB            THETA     PHI        DB
   DEGREES  DEGREES                   DEGREES  DEGREES                   DEGREES  DEGREES
      0.00     0.00      0.00




                                 - - - - - - FREQUENCY - - - - - -

                                    FREQUENCY= 2.1000E+03 MHZ
                                    WAVELENGTH= 1.4276E-01 METERS




                    APPROXIMATE INTEGRATION EMPLOYED FOR SEGMENTS MORE THAN   1.000 WAVELENGTHS APART

                    THE EXTENDED THIN WIRE KERNEL WILL BE USED



                               - - - STRUCTURE IMPEDANCE LOADING - - -

                                   THIS STRUCTURE IS NOT LOADED



                                  - - - ANTENNA ENVIRONMENT - - -

                                            FREE SPACE



                                - - - MATRIX TIMING - - -

                        FILL=    0.016 SEC.,  FACTOR=    0.000 SEC.



                                            - - - NETWORK DATA - - -

      - FROM -    - TO -           TRANSMISSION LINE               -  -  SHUNT ADMITTANCES (MHOS)  -  -              LINE
      TAG  SEG.   TAG  SEG.      IMPEDANCE      LENGTH            - END ONE -                 - END TWO -            TYPE
      NO.   NO.   NO.   NO.         OHMS        METERS         REAL          IMAG.         REAL          IMAG.
        2     8     5    23     6.8500E+01    3.8000E-02    0.0000E+00    0.0000E+00    0.0000E+00    0.0000E+00   CROSSED 
        5    23     8    38     6.8500E+01    3.1000E-02    0.0000E+00    0.0000E+00    0.0000E+00    0.0000E+00   CROSSED 
        8    38    11    52     6.8500E+01    2.8000E-02    0.0000E+00    0.0000E+00    0.0000E+00    0.0000E+00   CROSSED 
       11    52    14    65     6.8500E+01    2.1500E-02    0.0000E+00    0.0000E+00    0.0000E+00    0.0000E+00   CROSSED 
       14    65    17    78     6.8500E+01    1.9500E-02    0.0000E+00    0.0000E+00    0.0000E+00    0.0000E+00   CROSSED 
       17    78    20    90     6.8500E+01    1.6000E-02    0.0000E+00    0.0000E+00    0.0000E+00    0.0000E+00   CROSSED 
       20    90    23   100     6.8500E+01    1.4000E-02    0.0000E+00    0.0000E+00    0.0000E+00    0.0000E+00   CROSSED 
       23   100    26   107     6.8500E+01    1.1500E-02    0.0000E+00    0.0000E+00    0.0000E+00    0.0000E+00   CROSSED 
       26   107    29   114     6.8500E+01    1.0000E-02    0.0000E+00    0.0000E+00    0.0000E+00    0.0000E+00   CROSSED 



                           - - - STRUCTURE EXCITATION DATA AT NETWORK CONNECTION POINTS - - -

   TAG   SEG.    VOLTAGE (VOLTS)         CURRENT (AMPS)         IMPEDANCE (OHMS)        ADMITTANCE (MHOS)      POWER
   NO.   NO.    REAL        IMAG.       REAL        IMAG.       REAL        IMAG.       REAL        IMAG.     (WATTS)
     2     8 1.54821E+00 4.13172E-01 1.40479E-03 2.18383E-03 4.56386E+02-4.15364E+02 1.19844E-03 1.09072E-03 1.53860E-03
     5    23 3.05919E-01-5.38063E-02 9.24059E-04-1.10848E-03 1.64376E+02 1.38953E+02 3.54814E-03-2.99937E-03 1.71165E-04
     8    38-1.62968E+00-4.62794E-01-1.74072E-03 3.74387E-03 6.47735E+01 4.05177E+02 3.84723E-04-2.40655E-03 5.52086E-04
    11    52 8.10133E-01 4.09416E-01 5.64123E-03-7.64892E-03 1.59257E+01 9.41692E+01 1.74595E-03-1.03239E-02 7.19279E-04
    14    65 2.71466E-01-2.71777E-01 4.71616E-04 2.09920E-03-9.55889E+01-1.50794E+02-2.99876E-03 4.73063E-03-2.21243E-04
    17    78-9.72396E-01-8.04201E-02-4.85275E-03-1.08836E-02 3.93942E+01-7.17801E+01 5.87597E-03 1.07066E-02 2.79703E-03
    20    90 5.70100E-01 5.54015E-01-5.37054E-03 5.66248E-03 1.23722E+00-1.01854E+02 1.19242E-04 9.81655E-03 3.76773E-05
    23   100 2.39051E-01-5.44650E-01 2.31299E-03 2.56758E-03-7.07991E+01-1.56883E+02-2.38987E-03 5.29567E-03-4.22754E-04
    26   107-7.65722E-01 3.07674E-01-1.24032E-03-2.44053E-03 2.65332E+01-3.00267E+02 2.92008E-04 3.30456E-03 9.94277E-05
    29   114 1.00000E+00 0.00000E+00 2.88744E-04 3.88091E-03 1.90655E+01-2.56253E+02 2.88744E-04 3.88091E-03 1.44372E-04



                                          - - - ANTENNA INPUT PARAMETERS - - -

   TAG   SEG.    VOLTAGE (VOLTS)         CURRENT (AMPS)         IMPEDANCE (OHMS)        ADMITTANCE (MHOS)      POWER
   NO.   NO.    REAL        IMAG.       REAL        IMAG.       REAL        IMAG.       REAL        IMAG.     (WATTS)
    29   114 1.00000E+00 0.00000E+00 1.08313E-02-8.81285E-04 9.17180E+01 7.46262E+00 1.08313E-02-8.81285E-04 5.41564E-03



                                        - - - POWER BUDGET - - -

                                           INPUT POWER   = 5.4156E-03 WATTS
                                           RADIATED POWER= 5.4156E-03 WATTS
                                           STRUCTURE LOSS= 0.0000E+00 WATTS
                                           NETWORK LOSS  =-1.7347E-18 WATTS
                                           EFFICIENCY    = 100.00 PERCENT



                                                - - - RADIATION PATTERNS - - -

  - - ANGLES - -           - POWER GAINS -       - - - POLARIZATION - - -    - - - E(THETA) - - -    - - - E(PHI) - - -
  THETA     PHI        VERT.   HOR.    TOTAL      AXIAL     TILT   SENSE     MAGNITUDE    PHASE      MAGNITUDE    PHASE 
 DEGREES  DEGREES       DB      DB      DB        RATIO     DEG.              VOLTS/M    DEGREES      VOLTS/M    DEGREES
    0.00     0.00      -9.29    7.54    7.63    0.08383   -83.32  RIGHT     1.95628E-01   -67.72    1.35795E+00   148.42


                                     - - - - NORMALIZED GAIN - - - -

                                           TOTAL GAIN
                                      NORMALIZATION FACTOR =     7.63 DB

    - - ANGLES - -      GAIN           - - ANGLES - -      GAIN           - - ANGLES - -      GAIN
    THETA     PHI        DB            THETA     PHI        DB            THETA     PHI        DB
   DEGREES  DEGREES                   DEGREES  DEGREES                   DEGREES  DEGREES
      0.00     0.00      0.00




                                 - - - - - - FREQUENCY - - - - - -

                                    FREQUENCY= 2.2000E+03 MHZ
                                    WAVELENGTH= 1.3627E-01 METERS




                    APPROXIMATE INTEGRATION EMPLOYED FOR SEGMENTS MORE THAN   1.000 WAVELENGTHS APART

                    THE EXTENDED THIN WIRE KERNEL WILL BE USED



                               - - - STRUCTURE IMPEDANCE LOADING - - -

                                   THIS STRUCTURE IS NOT LOADED



                                  - - - ANTENNA ENVIRONMENT - - -

                                            FREE SPACE



                                - - - MATRIX TIMING - - -

                        FILL=    0.016 SEC.,  FACTOR=    0.000 SEC.



                                            - - - NETWORK DATA - - -

      - FROM -    - TO -           TRANSMISSION LINE               -  -  SHUNT ADMITTANCES (MHOS)  -  -              LINE
      TAG  SEG.   TAG  SEG.      IMPEDANCE      LENGTH            - END ONE -                 - END TWO -            TYPE
      NO.   NO.   NO.   NO.         OHMS        METERS         REAL          IMAG.         REAL          IMAG.
        2     8     5    23     6.8500E+01    3.8000E-02    0.0000E+00    0.0000E+00    0.0000E+00    0.0000E+00   CROSSED 
        5    23     8    38     6.8500E+01    3.1000E-02    0.0000E+00    0.0000E+00    0.0000E+00    0.0000E+00   CROSSED 
        8    38    11    52     6.8500E+01    2.8000E-02    0.0000E+00    0.0000E+00    0.0000E+00    0.0000E+00   CROSSED 
       11    52    14    65     6.8500E+01    2.1500E-02    0.0000E+00    0.0000E+00    0.0000E+00    0.0000E+00   CROSSED 
       14    65    17    78     6.8500E+01    1.9500E-02    0.0000E+00    0.0000E+00    0.0000E+00    0.0000E+00   CROSSED 
       17    78    20    90     6.8500E+01    1.6000E-02    0.0000E+00    0.0000E+00    0.0000E+00    0.0000E+00   CROSSED 
       20    90    23   100     6.8500E+01    1.4000E-02    0.0000E+00    0.0000E+00    0.0000E+00    0.0000E+00   CROSSED 
       23   100    26   107     6.8500E+01    1.1500E-02    0.0000E+00    0.0000E+00    0.0000E+00    0.0000E+00   CROSSED 
       26   107    29   114     6.8500E+01    1.0000E-02    0.0000E+00    0.0000E+00    0.0000E+00    0.0000E+00   CROSSED 



                           - - - STRUCTURE EXCITATION DATA AT NETWORK CONNECTION POINTS - - -

   TAG   SEG.    VOLTAGE (VOLTS)         CURRENT (AMPS)         IMPEDANCE (OHMS)        ADMITTANCE (MHOS)      POWER
   NO.   NO.    REAL        IMAG.       REAL        IMAG.       REAL        IMAG.       REAL        IMAG.     (WATTS)
     2     8 4.98229E-01-5.26293E-01 1.45024E-03 5.49826E-05 3.29317E+02-3.75385E+02 1.32063E-03 1.50537E-03 3.46808E-04
     5    23 9.35327E-02-1.92602E-01-1.68710E-04-6.01820E-04 2.56320E+02 2.27271E+02 2.18419E-03-1.93666E-03 5.00658E-05
     8    38-5.38497E-01 5.33362E-01 4.35310E-04 1.07867E-03 2.51960E+02 6.00903E+02 5.93450E-04-1.41533E-03 1.70455E-04
    11    52 2.02629E-01-6.19745E-02 1.92436E-05 5.83189E-04-9.47004E+01-3.50576E+02-7.18127E-04 2.65847E-03-1.61218E-05
    14    65 3.42567E-01-4.16610E-01 8.68466E-03-5.82732E-03 4.93943E+01-1.48277E+01 1.85717E-02 5.57505E-03 2.70140E-03
    17    78-8.90686E-01 6.49913E-02-1.10128E-02-1.05186E-02 3.93465E+01-4.34821E+01 1.14418E-02 1.26444E-02 4.56267E-03
    20    90 3.56414E-01 7.82527E-01-8.44217E-03 6.51938E-03 1.83936E+01-7.84884E+01 2.83033E-03 1.20775E-02 1.04634E-03
    23   100 5.44718E-01-8.53258E-01 4.78151E-03 5.39788E-03-3.84849E+01-1.35004E+02-1.95285E-03 6.85052E-03-1.00061E-03
    26   107-9.48325E-01 4.85588E-01-1.73161E-03-2.94674E-03 1.80820E+01-3.11196E+02 1.86086E-04 3.20260E-03 1.05615E-04
    29   114 1.00000E+00 0.00000E+00 6.93064E-04 4.18851E-03 3.84524E+01-2.32386E+02 6.93064E-04 4.18851E-03 3.46532E-04



                                          - - - ANTENNA INPUT PARAMETERS - - -

   TAG   SEG.    VOLTAGE (VOLTS)         CURRENT (AMPS)         IMPEDANCE (OHMS)        ADMITTANCE (MHOS)      POWER
   NO.   NO.    REAL        IMAG.       REAL        IMAG.       REAL        IMAG.       REAL        IMAG.     (WATTS)
    29   114 1.00000E+00 0.00000E+00 1.66263E-02 5.91936E-03 5.33796E+01-1.90044E+01 1.66263E-02 5.91936E-03 8.31316E-03



                                        - - - POWER BUDGET - - -

                                           INPUT POWER   = 8.3132E-03 WATTS
                                           RADIATED POWER= 8.3132E-03 WATTS
                                           STRUCTURE LOSS= 0.0000E+00 WATTS
                                           NETWORK LOSS  = 1.3878E-17 WATTS
                                           EFFICIENCY    = 100.00 PERCENT



                                                - - - RADIATION PATTERNS - - -

  - - ANGLES - -           - POWER GAINS -       - - - POLARIZATION - - -    - - - E(THETA) - - -    - - - E(PHI) - - -
  THETA     PHI        VERT.   HOR.    TOTAL      AXIAL     TILT   SENSE     MAGNITUDE    PHASE      MAGNITUDE    PHASE 
 DEGREES  DEGREES       DB      DB      DB        RATIO     DEG.              VOLTS/M    DEGREES      VOLTS/M    DEGREES
    0.00     0.00     -15.18    8.35    8.37    0.06434   -89.02  RIGHT     1.22921E-01  -112.62    1.84600E+00   142.51


                                     - - - - NORMALIZED GAIN - - - -

                                           TOTAL GAIN
                                      NORMALIZATION FACTOR =     8.37 DB

    - - ANGLES - -      GAIN           - - ANGLES - -      GAIN           - - ANGLES - -      GAIN
    THETA     PHI        DB            THETA     PHI        DB            THETA     PHI        DB
   DEGREES  DEGREES                   DEGREES  DEGREES                   DEGREES  DEGREES
      0.00     0.00      0.00




                                 - - - - - - FREQUENCY - - - - - -

                                    FREQUENCY= 2.3000E+03 MHZ
                                    WAVELENGTH= 1.3035E-01 METERS




                    APPROXIMATE INTEGRATION EMPLOYED FOR SEGMENTS MORE THAN   1.000 WAVELENGTHS APART

                    THE EXTENDED THIN WIRE KERNEL WILL BE USED



                               - - - STRUCTURE IMPEDANCE LOADING - - -

                                   THIS STRUCTURE IS NOT LOADED



                                  - - - ANTENNA ENVIRONMENT - - -

                                            FREE SPACE



                                - - - MATRIX TIMING - - -

                        FILL=    0.016 SEC.,  FACTOR=    0.000 SEC.



                                            - - - NETWORK DATA - - -

      - FROM -    - TO -           TRANSMISSION LINE               -  -  SHUNT ADMITTANCES (MHOS)  -  -              LINE
      TAG  SEG.   TAG  SEG.      IMPEDANCE      LENGTH            - END ONE -                 - END TWO -            TYPE
      NO.   NO.   NO.   NO.         OHMS        METERS         REAL          IMAG.         REAL          IMAG.
        2     8     5    23     6.8500E+01    3.8000E-02    0.0000E+00    0.0000E+00    0.0000E+00    0.0000E+00   CROSSED 
        5    23     8    38     6.8500E+01    3.1000E-02    0.0000E+00    0.0000E+00    0.0000E+00    0.0000E+00   CROSSED 
        8    38    11    52     6.8500E+01    2.8000E-02    0.0000E+00    0.0000E+00    0.0000E+00    0.0000E+00   CROSSED 
       11    52    14    65     6.8500E+01    2.1500E-02    0.0000E+00    0.0000E+00    0.0000E+00    0.0000E+00   CROSSED 
       14    65    17    78     6.8500E+01    1.9500E-02    0.0000E+00    0.0000E+00    0.0000E+00    0.0000E+00   CROSSED 
       17    78    20    90     6.8500E+01    1.6000E-02    0.0000E+00    0.0000E+00    0.0000E+00    0.0000E+00   CROSSED 
       20    90    23   100     6.8500E+01    1.4000E-02    0.0000E+00    0.0000E+00    0.0000E+00    0.0000E+00   CROSSED 
       23   100    26   107     6.8500E+01    1.1500E-02    0.0000E+00    0.0000E+00    0.0000E+00    0.0000E+00   CROSSED 
       26   107    29   114     6.8500E+01    1.0000E-02    0.0000E+00    0.0000E+00    0.0000E+00    0.0000E+00   CROSSED 



                           - - - STRUCTURE EXCITATION DATA AT NETWORK CONNECTION POINTS - - -

   TAG   SEG.    VOLTAGE (VOLTS)         CURRENT (AMPS)         IMPEDANCE (OHMS)        ADMITTANCE (MHOS)      POWER
   NO.   NO.    REAL        IMAG.       REAL        IMAG.       REAL        IMAG.       REAL        IMAG.     (WATTS)
     2     8 2.53561E-01-3.71025E-01 1.08433E-03-8.28287E-05 2.58471E+02-3.22426E+02 1.51360E-03 1.88812E-03 1.52838E-04
     5    23 5.99309E-02-1.67478E-01-7.87884E-05-3.25912E-04 4.43500E+02 2.91102E+02 1.57587E-03-1.03436E-03 2.49306E-05
     8    38-2.72561E-01 3.56492E-01 4.35869E-06 3.60175E-04 9.80475E+02 7.68613E+02 6.31710E-04-4.95209E-04 6.36058E-05
    11    52 4.55852E-02 5.87481E-02 1.29537E-03 5.90229E-04 4.62529E+01 2.42775E+01 1.69504E-02-8.89701E-03 4.68622E-05
    14    65 2.43165E-01-4.32085E-01 3.66606E-03-9.06020E-03 5.03127E+01 6.48055E+00 1.95513E-02-2.51831E-03 2.40312E-03
    17    78-8.03599E-01 2.03452E-01-1.44859E-02-4.69482E-03 4.60824E+01-2.89800E+01 1.55504E-02 9.77922E-03 5.34284E-03
    20    90 5.51278E-01 8.15151E-01-6.93418E-03 1.09756E-02 3.04017E+01-6.94350E+01 5.29142E-03 1.20851E-02 2.56205E-03
    23   100 4.05269E-01-1.04598E+00 8.41903E-03 4.89954E-03-1.80515E+01-1.13734E+02-1.36122E-03 8.57639E-03-8.56415E-04
    26   107-8.98973E-01 5.87081E-01-1.21594E-03-3.55160E-03-7.03916E+01-2.77217E+02-8.60489E-04 3.38879E-03-4.95993E-04
    29   114 1.00000E+00 0.00000E+00 1.13568E-03 3.91377E-03 6.83843E+01-2.35665E+02 1.13568E-03 3.91377E-03 5.67841E-04



                                          - - - ANTENNA INPUT PARAMETERS - - -

   TAG   SEG.    VOLTAGE (VOLTS)         CURRENT (AMPS)         IMPEDANCE (OHMS)        ADMITTANCE (MHOS)      POWER
   NO.   NO.    REAL        IMAG.       REAL        IMAG.       REAL        IMAG.       REAL        IMAG.     (WATTS)
    29   114 1.00000E+00 0.00000E+00 1.96233E-02 4.32058E-03 4.86035E+01-1.07013E+01 1.96233E-02 4.32058E-03 9.81167E-03



                                        - - - POWER BUDGET - - -

                                           INPUT POWER   = 9.8117E-03 WATTS
                                           RADIATED POWER= 9.8117E-03 WATTS
                                           STRUCTURE LOSS= 0.0000E+00 WATTS
                                           NETWORK LOSS  = 6.9389E-18 WATTS
                                           EFFICIENCY    = 100.00 PERCENT



                                                - - - RADIATION PATTERNS - - -

  - - ANGLES - -           - POWER GAINS -       - - - POLARIZATION - - -    - - - E(THETA) - - -    - - - E(PHI) - - -
  THETA     PHI        VERT.   HOR.    TOTAL      AXIAL     TILT   SENSE     MAGNITUDE    PHASE      MAGNITUDE    PHASE 
 DEGREES  DEGREES       DB      DB      DB        RATIO     DEG.              VOLTS/M    DEGREES      VOLTS/M    DEGREES
    0.00     0.00     -17.88    8.10    8.11    0.04201   -88.42  RIGHT     9.78578E-02  -109.55    1.94858E+00   127.29


                                     - - - - NORMALIZED GAIN - - - -

                                           TOTAL GAIN
                                      NORMALIZATION FACTOR =     8.11 DB

    - - ANGLES - -      GAIN           - - ANGLES - -      GAIN           - - ANGLES - -      GAIN
    THETA     PHI        DB            THETA     PHI        DB            THETA     PHI        DB
   DEGREES  DEGREES                   DEGREES  DEGREES                   DEGREES  DEGREES
      0.00     0.00      0.00




                                 - - - - - - FREQUENCY - - - - - -

                                    FREQUENCY= 2.4000E+03 MHZ
                                    WAVELENGTH= 1.2492E-01 METERS




                    APPROXIMATE INTEGRATION EMPLOYED FOR SEGMENTS MORE THAN   1.000 WAVELENGTHS APART

                    THE EXTENDED THIN WIRE KERNEL WILL BE USED



                               - - - STRUCTURE IMPEDANCE LOADING - - -

                                   THIS STRUCTURE IS NOT LOADED



                                  - - - ANTENNA ENVIRONMENT - - -

                                            FREE SPACE



                                - - - MATRIX TIMING - - -

                        FILL=    0.016 SEC.,  FACTOR=    0.000 SEC.



                                            - - - NETWORK DATA - - -

      - FROM -    - TO -           TRANSMISSION LINE               -  -  SHUNT ADMITTANCES (MHOS)  -  -              LINE
      TAG  SEG.   TAG  SEG.      IMPEDANCE      LENGTH            - END ONE -                 - END TWO -            TYPE
      NO.   NO.   NO.   NO.         OHMS        METERS         REAL          IMAG.         REAL          IMAG.
        2     8     5    23     6.8500E+01    3.8000E-02    0.0000E+00    0.0000E+00    0.0000E+00    0.0000E+00   CROSSED 
        5    23     8    38     6.8500E+01    3.1000E-02    0.0000E+00    0.0000E+00    0.0000E+00    0.0000E+00   CROSSED 
        8    38    11    52     6.8500E+01    2.8000E-02    0.0000E+00    0.0000E+00    0.0000E+00    0.0000E+00   CROSSED 
       11    52    14    65     6.8500E+01    2.1500E-02    0.0000E+00    0.0000E+00    0.0000E+00    0.0000E+00   CROSSED 
       14    65    17    78     6.8500E+01    1.9500E-02    0.0000E+00    0.0000E+00    0.0000E+00    0.0000E+00   CROSSED 
       17    78    20    90     6.8500E+01    1.6000E-02    0.0000E+00    0.0000E+00    0.0000E+00    0.0000E+00   CROSSED 
       20    90    23   100     6.8500E+01    1.4000E-02    0.0000E+00    0.0000E+00    0.0000E+00    0.0000E+00   CROSSED 
       23   100    26   107     6.8500E+01    1.1500E-02    0.0000E+00    0.0000E+00    0.0000E+00    0.0000E+00   CROSSED 
       26   107    29   114     6.8500E+01    1.0000E-02    0.0000E+00    0.0000E+00    0.0000E+00    0.0000E+00   CROSSED 



                           - - - STRUCTURE EXCITATION DATA AT NETWORK CONNECTION POINTS - - -

   TAG   SEG.    VOLTAGE (VOLTS)         CURRENT (AMPS)         IMPEDANCE (OHMS)        ADMITTANCE (MHOS)      POWER
   NO.   NO.    REAL        IMAG.       REAL        IMAG.       REAL        IMAG.       REAL        IMAG.     (WATTS)
     2     8 2.00924E-01-3.22360E-01 1.04978E-03-1.20597E-04 2.23719E+02-2.81372E+02 1.73130E-03 2.17746E-03 1.24901E-04
     5    23 5.93263E-02-1.75455E-01 4.60656E-05-2.53046E-04 7.12441E+02 1.04753E+02 1.37392E-03-2.02012E-04 2.35656E-05
     8    38-2.10147E-01 2.78674E-01-2.84094E-04 1.67132E-04 9.78224E+02-4.05433E+02 8.72403E-04 3.61575E-04 5.31385E-05
    11    52-1.08780E-02 1.44127E-01 1.09197E-03 2.07402E-04 1.45812E+01 1.29219E+02 8.62281E-04-7.64152E-03 9.00690E-06
    14    65 2.07182E-01-4.03863E-01-5.13460E-04-8.59819E-03 4.53699E+01 2.68054E+01 1.63380E-02-9.65279E-03 1.68305E-03
    17    78-6.86125E-01 2.96948E-01-1.40240E-02 1.61209E-03 5.06894E+01-1.53475E+01 1.80713E-02 5.47154E-03 5.05045E-03
    20    90 7.06620E-01 6.93439E-01-2.94564E-03 1.35377E-02 3.80634E+01-6.04785E+01 7.45395E-03 1.18435E-02 3.65307E-03
    23   100 2.38124E-01-1.09649E+00 1.11455E-02 2.62062E-03-1.67423E+00-9.79860E+01-1.74325E-04 1.02026E-02-1.09737E-04
    26   107-8.51213E-01 6.20822E-01-1.07449E-03-4.97444E-03-8.39252E+01-1.89245E+02-1.95825E-03 4.41572E-03-1.08681E-03
    29   114 1.00000E+00 0.00000E+00 1.11170E-03 3.44358E-03 8.49009E+01-2.62987E+02 1.11170E-03 3.44358E-03 5.55850E-04



                                          - - - ANTENNA INPUT PARAMETERS - - -

   TAG   SEG.    VOLTAGE (VOLTS)         CURRENT (AMPS)         IMPEDANCE (OHMS)        ADMITTANCE (MHOS)      POWER
   NO.   NO.    REAL        IMAG.       REAL        IMAG.       REAL        IMAG.       REAL        IMAG.     (WATTS)
    29   114 1.00000E+00 0.00000E+00 1.99130E-02 2.68853E-03 4.93195E+01-6.65883E+00 1.99130E-02 2.68853E-03 9.95648E-03



                                        - - - POWER BUDGET - - -

                                           INPUT POWER   = 9.9565E-03 WATTS
                                           RADIATED POWER= 9.9565E-03 WATTS
                                           STRUCTURE LOSS= 0.0000E+00 WATTS
                                           NETWORK LOSS  = 6.9389E-18 WATTS
                                           EFFICIENCY    = 100.00 PERCENT



                                                - - - RADIATION PATTERNS - - -

  - - ANGLES - -           - POWER GAINS -       - - - POLARIZATION - - -    - - - E(THETA) - - -    - - - E(PHI) - - -
  THETA     PHI        VERT.   HOR.    TOTAL      AXIAL     TILT   SENSE     MAGNITUDE    PHASE      MAGNITUDE    PHASE 
 DEGREES  DEGREES       DB      DB      DB        RATIO     DEG.              VOLTS/M    DEGREES      VOLTS/M    DEGREES
    0.00     0.00     -19.42    7.97    7.97    0.02773   -88.14  RIGHT     8.25531E-02  -105.39    1.93301E+00   115.15


                                     - - - - NORMALIZED GAIN - - - -

                                           TOTAL GAIN
                                      NORMALIZATION FACTOR =     7.97 DB

    - - ANGLES - -      GAIN           - - ANGLES - -      GAIN           - - ANGLES - -      GAIN
    THETA     PHI        DB            THETA     PHI        DB            THETA     PHI        DB
   DEGREES  DEGREES                   DEGREES  DEGREES                   DEGREES  DEGREES
      0.00     0.00      0.00




                                 - - - - - - FREQUENCY - - - - - -

                                    FREQUENCY= 2.5000E+03 MHZ
                                    WAVELENGTH= 1.1992E-01 METERS




                    APPROXIMATE INTEGRATION EMPLOYED FOR SEGMENTS MORE THAN   1.000 WAVELENGTHS APART

                    THE EXTENDED THIN WIRE KERNEL WILL BE USED



                               - - - STRUCTURE IMPEDANCE LOADING - - -

                                   THIS STRUCTURE IS NOT LOADED



                                  - - - ANTENNA ENVIRONMENT - - -

                                            FREE SPACE



                                - - - MATRIX TIMING - - -

                        FILL=    0.016 SEC.,  FACTOR=    0.000 SEC.



                                            - - - NETWORK DATA - - -

      - FROM -    - TO -           TRANSMISSION LINE               -  -  SHUNT ADMITTANCES (MHOS)  -  -              LINE
      TAG  SEG.   TAG  SEG.      IMPEDANCE      LENGTH            - END ONE -                 - END TWO -            TYPE
      NO.   NO.   NO.   NO.         OHMS        METERS         REAL          IMAG.         REAL          IMAG.
        2     8     5    23     6.8500E+01    3.8000E-02    0.0000E+00    0.0000E+00    0.0000E+00    0.0000E+00   CROSSED 
        5    23     8    38     6.8500E+01    3.1000E-02    0.0000E+00    0.0000E+00    0.0000E+00    0.0000E+00   CROSSED 
        8    38    11    52     6.8500E+01    2.8000E-02    0.0000E+00    0.0000E+00    0.0000E+00    0.0000E+00   CROSSED 
       11    52    14    65     6.8500E+01    2.1500E-02    0.0000E+00    0.0000E+00    0.0000E+00    0.0000E+00   CROSSED 
       14    65    17    78     6.8500E+01    1.9500E-02    0.0000E+00    0.0000E+00    0.0000E+00    0.0000E+00   CROSSED 
       17    78    20    90     6.8500E+01    1.6000E-02    0.0000E+00    0.0000E+00    0.0000E+00    0.0000E+00   CROSSED 
       20    90    23   100     6.8500E+01    1.4000E-02    0.0000E+00    0.0000E+00    0.0000E+00    0.0000E+00   CROSSED 
       23   100    26   107     6.8500E+01    1.1500E-02    0.0000E+00    0.0000E+00    0.0000E+00    0.0000E+00   CROSSED 
       26   107    29   114     6.8500E+01    1.0000E-02    0.0000E+00    0.0000E+00    0.0000E+00    0.0000E+00   CROSSED 



                           - - - STRUCTURE EXCITATION DATA AT NETWORK CONNECTION POINTS - - -

   TAG   SEG.    VOLTAGE (VOLTS)         CURRENT (AMPS)         IMPEDANCE (OHMS)        ADMITTANCE (MHOS)      POWER
   NO.   NO.    REAL        IMAG.       REAL        IMAG.       REAL        IMAG.       REAL        IMAG.     (WATTS)
     2     8 2.16610E-01-3.68938E-01 1.30695E-03-1.67721E-04 1.98690E+02-2.56790E+02 1.88476E-03 2.43590E-03 1.72489E-04
     5    23 7.78764E-02-2.32246E-01 2.17923E-04-2.95911E-04 6.34527E+02-2.04120E+02 1.42818E-03 4.59430E-04 4.28476E-05
     8    38-2.18245E-01 2.72579E-01-5.43371E-04 1.08046E-04 4.82328E+02-4.05736E+02 1.21413E-03 1.02133E-03 7.40194E-05
    11    52-5.92186E-02 2.54624E-01 7.60754E-04 3.57021E-04 6.49316E+01 3.04227E+02 6.70986E-04-3.14381E-03 2.29277E-05
    14    65 2.51223E-01-4.27878E-01-3.30138E-03-7.00198E-03 3.61543E+01 5.29253E+01 8.80048E-03-1.28828E-02 1.08331E-03
    17    78-5.86315E-01 3.49418E-01-1.09036E-02 6.34489E-03 5.41009E+01-5.64436E-01 1.84820E-02 1.92823E-04 4.30499E-03
    20    90 7.62983E-01 5.35673E-01 1.37568E-03 1.37580E-02 4.40403E+01-5.10537E+01 9.68764E-03 1.12304E-02 4.20970E-03
    23   100 1.32710E-01-1.09818E+00 1.27239E-02-2.30193E-04 1.19875E+01-8.60914E+01 1.58661E-03 1.13946E-02 9.70687E-04
    26   107-8.47602E-01 6.47910E-01-1.83209E-03-6.80522E-03-5.75081E+01-1.40034E+02-2.50944E-03 6.11057E-03-1.42815E-03
    29   114 1.00000E+00 0.00000E+00 6.74543E-04 3.12976E-03 6.58066E+01-3.05331E+02 6.74543E-04 3.12976E-03 3.37271E-04



                                          - - - ANTENNA INPUT PARAMETERS - - -

   TAG   SEG.    VOLTAGE (VOLTS)         CURRENT (AMPS)         IMPEDANCE (OHMS)        ADMITTANCE (MHOS)      POWER
   NO.   NO.    REAL        IMAG.       REAL        IMAG.       REAL        IMAG.       REAL        IMAG.     (WATTS)
    29   114 1.00000E+00 0.00000E+00 1.95802E-02 2.59726E-03 5.01889E+01-6.65744E+00 1.95802E-02 2.59726E-03 9.79010E-03



                                        - - - POWER BUDGET - - -

                                           INPUT POWER   = 9.7901E-03 WATTS
                                           RADIATED POWER= 9.7901E-03 WATTS
                                           STRUCTURE LOSS= 0.0000E+00 WATTS
                                           NETWORK LOSS  = 1.7347E-18 WATTS
                                           EFFICIENCY    = 100.00 PERCENT



                                                - - - RADIATION PATTERNS - - -

  - - ANGLES - -           - POWER GAINS -       - - - POLARIZATION - - -    - - - E(THETA) - - -    - - - E(PHI) - - -
  THETA     PHI        VERT.   HOR.    TOTAL      AXIAL     TILT   SENSE     MAGNITUDE    PHASE      MAGNITUDE    PHASE 
 DEGREES  DEGREES       DB      DB      DB        RATIO     DEG.              VOLTS/M    DEGREES      VOLTS/M    DEGREES
    0.00     0.00     -20.96    7.89    7.90    0.01789   -88.21  RIGHT     6.85853E-02  -102.66    1.90122E+00   107.10


                                     - - - - NORMALIZED GAIN - - - -

                                           TOTAL GAIN
                                      NORMALIZATION FACTOR =     7.90 DB

    - - ANGLES - -      GAIN           - - ANGLES - -      GAIN           - - ANGLES - -      GAIN
    THETA     PHI        DB            THETA     PHI        DB            THETA     PHI        DB
   DEGREES  DEGREES                   DEGREES  DEGREES                   DEGREES  DEGREES
      0.00     0.00      0.00




                                 - - - - - - FREQUENCY - - - - - -

                                    FREQUENCY= 2.6000E+03 MHZ
                                    WAVELENGTH= 1.1531E-01 METERS




                    APPROXIMATE INTEGRATION EMPLOYED FOR SEGMENTS MORE THAN   1.000 WAVELENGTHS APART

                    THE EXTENDED THIN WIRE KERNEL WILL BE USED



                               - - - STRUCTURE IMPEDANCE LOADING - - -

                                   THIS STRUCTURE IS NOT LOADED



                                  - - - ANTENNA ENVIRONMENT - - -

                                            FREE SPACE



                                - - - MATRIX TIMING - - -

                        FILL=    0.016 SEC.,  FACTOR=    0.000 SEC.



                                            - - - NETWORK DATA - - -

      - FROM -    - TO -           TRANSMISSION LINE               -  -  SHUNT ADMITTANCES (MHOS)  -  -              LINE
      TAG  SEG.   TAG  SEG.      IMPEDANCE      LENGTH            - END ONE -                 - END TWO -            TYPE
      NO.   NO.   NO.   NO.         OHMS        METERS         REAL          IMAG.         REAL          IMAG.
        2     8     5    23     6.8500E+01    3.8000E-02    0.0000E+00    0.0000E+00    0.0000E+00    0.0000E+00   CROSSED 
        5    23     8    38     6.8500E+01    3.1000E-02    0.0000E+00    0.0000E+00    0.0000E+00    0.0000E+00   CROSSED 
        8    38    11    52     6.8500E+01    2.8000E-02    0.0000E+00    0.0000E+00    0.0000E+00    0.0000E+00   CROSSED 
       11    52    14    65     6.8500E+01    2.1500E-02    0.0000E+00    0.0000E+00    0.0000E+00    0.0000E+00   CROSSED 
       14    65    17    78     6.8500E+01    1.9500E-02    0.0000E+00    0.0000E+00    0.0000E+00    0.0000E+00   CROSSED 
       17    78    20    90     6.8500E+01    1.6000E-02    0.0000E+00    0.0000E+00    0.0000E+00    0.0000E+00   CROSSED 
       20    90    23   100     6.8500E+01    1.4000E-02    0.0000E+00    0.0000E+00    0.0000E+00    0.0000E+00   CROSSED 
       23   100    26   107     6.8500E+01    1.1500E-02    0.0000E+00    0.0000E+00    0.0000E+00    0.0000E+00   CROSSED 
       26   107    29   114     6.8500E+01    1.0000E-02    0.0000E+00    0.0000E+00    0.0000E+00    0.0000E+00   CROSSED 



                           - - - STRUCTURE EXCITATION DATA AT NETWORK CONNECTION POINTS - - -

   TAG   SEG.    VOLTAGE (VOLTS)         CURRENT (AMPS)         IMPEDANCE (OHMS)        ADMITTANCE (MHOS)      POWER
   NO.   NO.    REAL        IMAG.       REAL        IMAG.       REAL        IMAG.       REAL        IMAG.     (WATTS)
     2     8 1.98886E-01-6.71343E-01 2.25888E-03-8.10446E-04 1.72475E+02-2.35321E+02 2.02618E-03 2.76446E-03 4.96673E-04
     5    23 4.66007E-02-4.57571E-01 5.20175E-04-6.74063E-04 4.58894E+02-2.84995E+02 1.57260E-03 9.76659E-04 1.66336E-04
     8    38-2.40098E-01 4.22001E-01-1.08560E-03 2.72837E-04 2.99917E+02-3.13349E+02 1.59413E-03 1.66553E-03 1.87894E-04
    11    52-4.59315E-02 5.65764E-01 1.00079E-03 8.83160E-04 2.54661E+02 3.40588E+02 1.40811E-03-1.88324E-03 2.26846E-04
    14    65 2.96941E-01-6.95801E-01-6.21902E-03-4.83590E-03 2.44616E+01 9.28614E+01 2.65264E-03-1.00700E-02 7.59071E-04
    17    78-4.99787E-01 4.30772E-01-5.30118E-03 9.43190E-03 5.73405E+01 2.07609E+01 1.54185E-02-5.58247E-03 3.35623E-03
    20    90 7.69079E-01 4.26842E-01 4.83476E-03 1.22731E-02 5.14760E+01-4.23859E+01 1.15772E-02 9.53276E-03 4.47849E-03
    23   100 2.94622E-02-1.17413E+00 1.39275E-02-3.73533E-03 2.30661E+01-7.81165E+01 3.47683E-03 1.17748E-02 2.39805E-03
    26   107-8.44681E-01 7.49613E-01-3.94122E-03-8.47910E-03-3.46223E+01-1.15712E+02-2.37334E-03 7.93201E-03-1.51348E-03
    29   114 1.00000E+00 0.00000E+00-6.91057E-05 3.09041E-03-7.23210E+00-3.23420E+02-6.91057E-05 3.09041E-03-3.45529E-05



                                          - - - ANTENNA INPUT PARAMETERS - - -

   TAG   SEG.    VOLTAGE (VOLTS)         CURRENT (AMPS)         IMPEDANCE (OHMS)        ADMITTANCE (MHOS)      POWER
   NO.   NO.    REAL        IMAG.       REAL        IMAG.       REAL        IMAG.       REAL        IMAG.     (WATTS)
    29   114 1.00000E+00 0.00000E+00 2.10431E-02 2.79482E-03 4.66978E+01-6.20213E+00 2.10431E-02 2.79482E-03 1.05215E-02



                                        - - - POWER BUDGET - - -

                                           INPUT POWER   = 1.0522E-02 WATTS
                                           RADIATED POWER= 1.0522E-02 WATTS
                                           STRUCTURE LOSS= 0.0000E+00 WATTS
                                           NETWORK LOSS  =-6.9389E-18 WATTS
                                           EFFICIENCY    = 100.00 PERCENT



                                                - - - RADIATION PATTERNS - - -

  - - ANGLES - -           - POWER GAINS -       - - - POLARIZATION - - -    - - - E(THETA) - - -    - - - E(PHI) - - -
  THETA     PHI        VERT.   HOR.    TOTAL      AXIAL     TILT   SENSE     MAGNITUDE    PHASE      MAGNITUDE    PHASE 
 DEGREES  DEGREES       DB      DB      DB        RATIO     DEG.              VOLTS/M    DEGREES      VOLTS/M    DEGREES
    0.00     0.00     -21.62    7.94    7.95    0.02539   -88.77  RIGHT     6.58858E-02  -128.11    1.98197E+00   101.73


                                     - - - - NORMALIZED GAIN - - - -

                                           TOTAL GAIN
                                      NORMALIZATION FACTOR =     7.95 DB

    - - ANGLES - -      GAIN           - - ANGLES - -      GAIN           - - ANGLES - -      GAIN
    THETA     PHI        DB            THETA     PHI        DB            THETA     PHI        DB
   DEGREES  DEGREES                   DEGREES  DEGREES                   DEGREES  DEGREES
      0.00     0.00      0.00




                                 - - - - - - FREQUENCY - - - - - -

                                    FREQUENCY= 2.7000E+03 MHZ
                                    WAVELENGTH= 1.1104E-01 METERS




                    APPROXIMATE INTEGRATION EMPLOYED FOR SEGMENTS MORE THAN   1.000 WAVELENGTHS APART

                    THE EXTENDED THIN WIRE KERNEL WILL BE USED



                               - - - STRUCTURE IMPEDANCE LOADING - - -

                                   THIS STRUCTURE IS NOT LOADED



                                  - - - ANTENNA ENVIRONMENT - - -

                                            FREE SPACE



                                - - - MATRIX TIMING - - -

                        FILL=    0.016 SEC.,  FACTOR=    0.000 SEC.



                                            - - - NETWORK DATA - - -

      - FROM -    - TO -           TRANSMISSION LINE               -  -  SHUNT ADMITTANCES (MHOS)  -  -              LINE
      TAG  SEG.   TAG  SEG.      IMPEDANCE      LENGTH            - END ONE -                 - END TWO -            TYPE
      NO.   NO.   NO.   NO.         OHMS        METERS         REAL          IMAG.         REAL          IMAG.
        2     8     5    23     6.8500E+01    3.8000E-02    0.0000E+00    0.0000E+00    0.0000E+00    0.0000E+00   CROSSED 
        5    23     8    38     6.8500E+01    3.1000E-02    0.0000E+00    0.0000E+00    0.0000E+00    0.0000E+00   CROSSED 
        8    38    11    52     6.8500E+01    2.8000E-02    0.0000E+00    0.0000E+00    0.0000E+00    0.0000E+00   CROSSED 
       11    52    14    65     6.8500E+01    2.1500E-02    0.0000E+00    0.0000E+00    0.0000E+00    0.0000E+00   CROSSED 
       14    65    17    78     6.8500E+01    1.9500E-02    0.0000E+00    0.0000E+00    0.0000E+00    0.0000E+00   CROSSED 
       17    78    20    90     6.8500E+01    1.6000E-02    0.0000E+00    0.0000E+00    0.0000E+00    0.0000E+00   CROSSED 
       20    90    23   100     6.8500E+01    1.4000E-02    0.0000E+00    0.0000E+00    0.0000E+00    0.0000E+00   CROSSED 
       23   100    26   107     6.8500E+01    1.1500E-02    0.0000E+00    0.0000E+00    0.0000E+00    0.0000E+00   CROSSED 
       26   107    29   114     6.8500E+01    1.0000E-02    0.0000E+00    0.0000E+00    0.0000E+00    0.0000E+00   CROSSED 



                           - - - STRUCTURE EXCITATION DATA AT NETWORK CONNECTION POINTS - - -

   TAG   SEG.    VOLTAGE (VOLTS)         CURRENT (AMPS)         IMPEDANCE (OHMS)        ADMITTANCE (MHOS)      POWER
   NO.   NO.    REAL        IMAG.       REAL        IMAG.       REAL        IMAG.       REAL        IMAG.     (WATTS)
     2     8-7.63823E-01-6.93651E-01 4.74288E-04-3.95598E-03 1.50037E+02-2.11068E+02 2.23732E-03 3.14741E-03 1.19090E-03
     5    23-6.45010E-01-4.07024E-01-5.74759E-04-1.64189E-03 3.43346E+02-2.72655E+02 1.78615E-03 1.41840E-03 5.19506E-04
     8    38 2.54301E-01 5.17672E-01-6.21829E-04 1.80317E-03 2.13111E+02-2.14521E+02 2.33072E-03 2.34614E-03 3.87660E-04
    11    52 8.30079E-01 5.59572E-01 2.02635E-03-2.11716E-04 3.76678E+02 3.15503E+02 1.56021E-03-1.30682E-03 7.81781E-04
    14    65-5.29430E-01-8.02699E-01-5.36346E-03 2.37264E-03 2.71850E+01 1.61687E+02 1.01129E-03-6.01477E-03 4.67529E-04
    17    78-2.31703E-01 4.22008E-01-2.06024E-04 2.75526E-03 1.58566E+02 7.22380E+01 5.22260E-03-2.37927E-03 6.05240E-04
    20    90 8.50015E-01 2.90331E-01 6.67856E-03 1.17214E-02 4.98916E+01-4.40914E+01 1.12540E-02 9.94567E-03 4.53998E-03
    23   100-2.90576E-01-1.07369E+00 1.17538E-02-8.47734E-03 2.70772E+01-7.18194E+01 4.59622E-03 1.21910E-02 2.84335E-03
    26   107-6.70237E-01 7.61104E-01-6.21205E-03-8.02986E-03-1.89003E+01-9.80896E+01-1.89404E-03 9.82981E-03-9.74008E-04
    29   114 1.00000E+00 0.00000E+00-8.93540E-04 3.76320E-03-5.97284E+01-2.51549E+02-8.93540E-04 3.76320E-03-4.46770E-04



                                          - - - ANTENNA INPUT PARAMETERS - - -

   TAG   SEG.    VOLTAGE (VOLTS)         CURRENT (AMPS)         IMPEDANCE (OHMS)        ADMITTANCE (MHOS)      POWER
   NO.   NO.    REAL        IMAG.       REAL        IMAG.       REAL        IMAG.       REAL        IMAG.     (WATTS)
    29   114 1.00000E+00 0.00000E+00 1.98303E-02-9.71579E-04 5.03071E+01 2.46478E+00 1.98303E-02-9.71579E-04 9.91516E-03



                                        - - - POWER BUDGET - - -

                                           INPUT POWER   = 9.9152E-03 WATTS
                                           RADIATED POWER= 9.9152E-03 WATTS
                                           STRUCTURE LOSS= 0.0000E+00 WATTS
                                           NETWORK LOSS  = 1.3878E-17 WATTS
                                           EFFICIENCY    = 100.00 PERCENT



                                                - - - RADIATION PATTERNS - - -

  - - ANGLES - -           - POWER GAINS -       - - - POLARIZATION - - -    - - - E(THETA) - - -    - - - E(PHI) - - -
  THETA     PHI        VERT.   HOR.    TOTAL      AXIAL     TILT   SENSE     MAGNITUDE    PHASE      MAGNITUDE    PHASE 
 DEGREES  DEGREES       DB      DB      DB        RATIO     DEG.              VOLTS/M    DEGREES      VOLTS/M    DEGREES
    0.00     0.00     -16.29    8.63    8.64    0.02817    87.18  RIGHT     1.18184E-01   120.17    2.08135E+00    90.34


                                     - - - - NORMALIZED GAIN - - - -

                                           TOTAL GAIN
                                      NORMALIZATION FACTOR =     8.64 DB

    - - ANGLES - -      GAIN           - - ANGLES - -      GAIN           - - ANGLES - -      GAIN
    THETA     PHI        DB            THETA     PHI        DB            THETA     PHI        DB
   DEGREES  DEGREES                   DEGREES  DEGREES                   DEGREES  DEGREES
      0.00     0.00      0.00




                                 - - - - - - FREQUENCY - - - - - -

                                    FREQUENCY= 2.8000E+03 MHZ
                                    WAVELENGTH= 1.0707E-01 METERS




                    APPROXIMATE INTEGRATION EMPLOYED FOR SEGMENTS MORE THAN   1.000 WAVELENGTHS APART

                    THE EXTENDED THIN WIRE KERNEL WILL BE USED



                               - - - STRUCTURE IMPEDANCE LOADING - - -

                                   THIS STRUCTURE IS NOT LOADED



                                  - - - ANTENNA ENVIRONMENT - - -

                                            FREE SPACE



                                - - - MATRIX TIMING - - -

                        FILL=    0.000 SEC.,  FACTOR=    0.016 SEC.



                                            - - - NETWORK DATA - - -

      - FROM -    - TO -           TRANSMISSION LINE               -  -  SHUNT ADMITTANCES (MHOS)  -  -              LINE
      TAG  SEG.   TAG  SEG.      IMPEDANCE      LENGTH            - END ONE -                 - END TWO -            TYPE
      NO.   NO.   NO.   NO.         OHMS        METERS         REAL          IMAG.         REAL          IMAG.
        2     8     5    23     6.8500E+01    3.8000E-02    0.0000E+00    0.0000E+00    0.0000E+00    0.0000E+00   CROSSED 
        5    23     8    38     6.8500E+01    3.1000E-02    0.0000E+00    0.0000E+00    0.0000E+00    0.0000E+00   CROSSED 
        8    38    11    52     6.8500E+01    2.8000E-02    0.0000E+00    0.0000E+00    0.0000E+00    0.0000E+00   CROSSED 
       11    52    14    65     6.8500E+01    2.1500E-02    0.0000E+00    0.0000E+00    0.0000E+00    0.0000E+00   CROSSED 
       14    65    17    78     6.8500E+01    1.9500E-02    0.0000E+00    0.0000E+00    0.0000E+00    0.0000E+00   CROSSED 
       17    78    20    90     6.8500E+01    1.6000E-02    0.0000E+00    0.0000E+00    0.0000E+00    0.0000E+00   CROSSED 
       20    90    23   100     6.8500E+01    1.4000E-02    0.0000E+00    0.0000E+00    0.0000E+00    0.0000E+00   CROSSED 
       23   100    26   107     6.8500E+01    1.1500E-02    0.0000E+00    0.0000E+00    0.0000E+00    0.0000E+00   CROSSED 
       26   107    29   114     6.8500E+01    1.0000E-02    0.0000E+00    0.0000E+00    0.0000E+00    0.0000E+00   CROSSED 



                           - - - STRUCTURE EXCITATION DATA AT NETWORK CONNECTION POINTS - - -

   TAG   SEG.    VOLTAGE (VOLTS)         CURRENT (AMPS)         IMPEDANCE (OHMS)        ADMITTANCE (MHOS)      POWER
   NO.   NO.    REAL        IMAG.       REAL        IMAG.       REAL        IMAG.       REAL        IMAG.     (WATTS)
     2     8-5.58158E-01 1.83867E-02-1.47372E-03-1.93569E-03 1.32963E+02-1.87120E+02 2.52335E-03 3.55113E-03 3.93488E-04
     5    23-4.46651E-01 9.10640E-02-1.09272E-03-5.94205E-04 2.80491E+02-2.35863E+02 2.08844E-03 1.75615E-03 2.16978E-04
     8    38 1.99744E-01 1.40777E-01 3.92874E-04 1.02388E-03 1.85098E+02-1.24061E+02 3.72787E-03 2.49860E-03 1.11307E-04
    11    52 5.94487E-01-7.47664E-02 8.96727E-04-5.34989E-04 5.25612E+02 2.30204E+02 1.59634E-03-6.99152E-04 2.86546E-04
    14    65-3.65526E-01-1.75382E-01-1.35251E-03 1.10848E-03 9.80934E+01 2.10066E+02 1.82500E-03-3.90821E-03 1.49986E-04
    17    78-2.41545E-01 2.79351E-01-4.05731E-03 3.90849E-03 6.52800E+01-5.96563E+00 1.51918E-02 1.38830E-03 1.03593E-03
    20    90 7.71242E-01 1.12281E-01 1.13256E-02 9.27129E-03 4.56330E+01-2.74419E+01 1.60939E-02 9.67823E-03 4.88787E-03
    23   100-2.54458E-01-9.58182E-01 1.02778E-02-9.79809E-03 3.35906E+01-6.12054E+01 6.89118E-03 1.25564E-02 3.38654E-03
    26   107-7.30856E-01 7.69340E-01-8.53718E-03-8.96016E-03-4.26954E+00-8.56353E+01-5.80761E-04 1.16485E-02-3.26978E-04
    29   114 1.00000E+00 0.00000E+00-1.39078E-03 4.44474E-03-6.41209E+01-2.04922E+02-1.39078E-03 4.44474E-03-6.95389E-04



                                          - - - ANTENNA INPUT PARAMETERS - - -

   TAG   SEG.    VOLTAGE (VOLTS)         CURRENT (AMPS)         IMPEDANCE (OHMS)        ADMITTANCE (MHOS)      POWER
   NO.   NO.    REAL        IMAG.       REAL        IMAG.       REAL        IMAG.       REAL        IMAG.     (WATTS)
    29   114 1.00000E+00 0.00000E+00 1.88926E-02 1.75954E-03 5.24757E+01-4.88726E+00 1.88926E-02 1.75954E-03 9.44628E-03



                                        - - - POWER BUDGET - - -

                                           INPUT POWER   = 9.4463E-03 WATTS
                                           RADIATED POWER= 9.4463E-03 WATTS
                                           STRUCTURE LOSS= 0.0000E+00 WATTS
                                           NETWORK LOSS  =-8.6736E-18 WATTS
                                           EFFICIENCY    = 100.00 PERCENT



                                                - - - RADIATION PATTERNS - - -

  - - ANGLES - -           - POWER GAINS -       - - - POLARIZATION - - -    - - - E(THETA) - - -    - - - E(PHI) - - -
  THETA     PHI        VERT.   HOR.    TOTAL      AXIAL     TILT   SENSE     MAGNITUDE    PHASE      MAGNITUDE    PHASE 
 DEGREES  DEGREES       DB      DB      DB        RATIO     DEG.              VOLTS/M    DEGREES      VOLTS/M    DEGREES
    0.00     0.00     -15.19    8.42    8.44    0.02449    86.50  LEFT      1.30928E-01    64.72    1.98488E+00    86.60


                                     - - - - NORMALIZED GAIN - - - -

                                           TOTAL GAIN
                                      NORMALIZATION FACTOR =     8.44 DB

    - - ANGLES - -      GAIN           - - ANGLES - -      GAIN           - - ANGLES - -      GAIN
    THETA     PHI        DB            THETA     PHI        DB            THETA     PHI        DB
   DEGREES  DEGREES                   DEGREES  DEGREES                   DEGREES  DEGREES
      0.00     0.00      0.00




                                 - - - - - - FREQUENCY - - - - - -

                                    FREQUENCY= 2.9000E+03 MHZ
                                    WAVELENGTH= 1.0338E-01 METERS




                    APPROXIMATE INTEGRATION EMPLOYED FOR SEGMENTS MORE THAN   1.000 WAVELENGTHS APART

                    THE EXTENDED THIN WIRE KERNEL WILL BE USED



                               - - - STRUCTURE IMPEDANCE LOADING - - -

                                   THIS STRUCTURE IS NOT LOADED



                                  - - - ANTENNA ENVIRONMENT - - -

                                            FREE SPACE



                                - - - MATRIX TIMING - - -

                        FILL=    0.016 SEC.,  FACTOR=    0.000 SEC.



                                            - - - NETWORK DATA - - -

      - FROM -    - TO -           TRANSMISSION LINE               -  -  SHUNT ADMITTANCES (MHOS)  -  -              LINE
      TAG  SEG.   TAG  SEG.      IMPEDANCE      LENGTH            - END ONE -                 - END TWO -            TYPE
      NO.   NO.   NO.   NO.         OHMS        METERS         REAL          IMAG.         REAL          IMAG.
        2     8     5    23     6.8500E+01    3.8000E-02    0.0000E+00    0.0000E+00    0.0000E+00    0.0000E+00   CROSSED 
        5    23     8    38     6.8500E+01    3.1000E-02    0.0000E+00    0.0000E+00    0.0000E+00    0.0000E+00   CROSSED 
        8    38    11    52     6.8500E+01    2.8000E-02    0.0000E+00    0.0000E+00    0.0000E+00    0.0000E+00   CROSSED 
       11    52    14    65     6.8500E+01    2.1500E-02    0.0000E+00    0.0000E+00    0.0000E+00    0.0000E+00   CROSSED 
       14    65    17    78     6.8500E+01    1.9500E-02    0.0000E+00    0.0000E+00    0.0000E+00    0.0000E+00   CROSSED 
       17    78    20    90     6.8500E+01    1.6000E-02    0.0000E+00    0.0000E+00    0.0000E+00    0.0000E+00   CROSSED 
       20    90    23   100     6.8500E+01    1.4000E-02    0.0000E+00    0.0000E+00    0.0000E+00    0.0000E+00   CROSSED 
       23   100    26   107     6.8500E+01    1.1500E-02    0.0000E+00    0.0000E+00    0.0000E+00    0.0000E+00   CROSSED 
       26   107    29   114     6.8500E+01    1.0000E-02    0.0000E+00    0.0000E+00    0.0000E+00    0.0000E+00   CROSSED 



                           - - - STRUCTURE EXCITATION DATA AT NETWORK CONNECTION POINTS - - -

   TAG   SEG.    VOLTAGE (VOLTS)         CURRENT (AMPS)         IMPEDANCE (OHMS)        ADMITTANCE (MHOS)      POWER
   NO.   NO.    REAL        IMAG.       REAL        IMAG.       REAL        IMAG.       REAL        IMAG.     (WATTS)
     2     8-3.55059E-01 1.06097E-01-1.44824E-03-1.11619E-03 1.18383E+02-1.64499E+02 2.88215E-03 4.00488E-03 1.97894E-04
     5    23-2.95615E-01 1.44785E-01-9.93933E-04-2.21167E-04 2.52503E+02-2.01855E+02 2.41623E-03 1.93157E-03 1.30900E-04
     8    38 9.52101E-02 9.83265E-02 3.61227E-04 5.80205E-04 1.95756E+02-4.22228E+01 4.88131E-03 1.05286E-03 4.57210E-05
    11    52 3.90504E-01-1.30996E-01 6.72456E-04-2.82846E-04 5.63038E+02 4.20208E+01 1.76624E-03-1.31819E-04 1.49824E-04
    14    65-1.63671E-01-1.22673E-01-8.59703E-04 4.50558E-04 9.06889E+01 1.90221E+02 2.04216E-03-4.28344E-03 4.27186E-05
    17    78-2.43655E-01 2.57174E-01-2.43677E-03 5.62113E-03 5.43318E+01 1.97934E+01 1.62489E-02-5.91956E-03 1.01967E-03
    20    90 6.83079E-01 1.61905E-02 1.32241E-02 4.17106E-03 4.73315E+01-1.37047E+01 1.94933E-02 5.64422E-03 4.55032E-03
    23   100-3.63944E-01-9.34072E-01 8.13781E-03-1.24400E-02 3.91811E+01-5.48867E+01 8.61557E-03 1.20691E-02 4.32909E-03
    26   107-6.48877E-01 8.69543E-01-1.21583E-02-7.58109E-03 6.31856E+00-7.54581E+01 1.10198E-03 1.31601E-02 6.48593E-04
    29   114 1.00000E+00 0.00000E+00-1.87997E-03 5.61417E-03-5.36319E+01-1.60162E+02-1.87997E-03 5.61417E-03-9.39984E-04



                                          - - - ANTENNA INPUT PARAMETERS - - -

   TAG   SEG.    VOLTAGE (VOLTS)         CURRENT (AMPS)         IMPEDANCE (OHMS)        ADMITTANCE (MHOS)      POWER
   NO.   NO.    REAL        IMAG.       REAL        IMAG.       REAL        IMAG.       REAL        IMAG.     (WATTS)
    29   114 1.00000E+00 0.00000E+00 2.03495E-02 1.21603E-03 4.89664E+01-2.92609E+00 2.03495E-02 1.21603E-03 1.01748E-02



                                        - - - POWER BUDGET - - -

                                           INPUT POWER   = 1.0175E-02 WATTS
                                           RADIATED POWER= 1.0175E-02 WATTS
                                           STRUCTURE LOSS= 0.0000E+00 WATTS
                                           NETWORK LOSS  =-1.7347E-18 WATTS
                                           EFFICIENCY    = 100.00 PERCENT



                                                - - - RADIATION PATTERNS - - -

  - - ANGLES - -           - POWER GAINS -       - - - POLARIZATION - - -    - - - E(THETA) - - -    - - - E(PHI) - - -
  THETA     PHI        VERT.   HOR.    TOTAL      AXIAL     TILT   SENSE     MAGNITUDE    PHASE      MAGNITUDE    PHASE 
 DEGREES  DEGREES       DB      DB      DB        RATIO     DEG.              VOLTS/M    DEGREES      VOLTS/M    DEGREES
    0.00     0.00     -15.43    8.20    8.22    0.03291    86.74  LEFT      1.32175E-01    53.08    2.00795E+00    83.18


                                     - - - - NORMALIZED GAIN - - - -

                                           TOTAL GAIN
                                      NORMALIZATION FACTOR =     8.22 DB

    - - ANGLES - -      GAIN           - - ANGLES - -      GAIN           - - ANGLES - -      GAIN
    THETA     PHI        DB            THETA     PHI        DB            THETA     PHI        DB
   DEGREES  DEGREES                   DEGREES  DEGREES                   DEGREES  DEGREES
      0.00     0.00      0.00




                                 - - - - - - FREQUENCY - - - - - -

                                    FREQUENCY= 3.0000E+03 MHZ
                                    WAVELENGTH= 9.9933E-02 METERS




                    APPROXIMATE INTEGRATION EMPLOYED FOR SEGMENTS MORE THAN   1.000 WAVELENGTHS APART

                    THE EXTENDED THIN WIRE KERNEL WILL BE USED



                               - - - STRUCTURE IMPEDANCE LOADING - - -

                                   THIS STRUCTURE IS NOT LOADED



                                  - - - ANTENNA ENVIRONMENT - - -

                                            FREE SPACE



                                - - - MATRIX TIMING - - -

                        FILL=    0.016 SEC.,  FACTOR=    0.000 SEC.



                                            - - - NETWORK DATA - - -

      - FROM -    - TO -           TRANSMISSION LINE               -  -  SHUNT ADMITTANCES (MHOS)  -  -              LINE
      TAG  SEG.   TAG  SEG.      IMPEDANCE      LENGTH            - END ONE -                 - END TWO -            TYPE
      NO.   NO.   NO.   NO.         OHMS        METERS         REAL          IMAG.         REAL          IMAG.
        2     8     5    23     6.8500E+01    3.8000E-02    0.0000E+00    0.0000E+00    0.0000E+00    0.0000E+00   CROSSED 
        5    23     8    38     6.8500E+01    3.1000E-02    0.0000E+00    0.0000E+00    0.0000E+00    0.0000E+00   CROSSED 
        8    38    11    52     6.8500E+01    2.8000E-02    0.0000E+00    0.0000E+00    0.0000E+00    0.0000E+00   CROSSED 
       11    52    14    65     6.8500E+01    2.1500E-02    0.0000E+00    0.0000E+00    0.0000E+00    0.0000E+00   CROSSED 
       14    65    17    78     6.8500E+01    1.9500E-02    0.0000E+00    0.0000E+00    0.0000E+00    0.0000E+00   CROSSED 
       17    78    20    90     6.8500E+01    1.6000E-02    0.0000E+00    0.0000E+00    0.0000E+00    0.0000E+00   CROSSED 
       20    90    23   100     6.8500E+01    1.4000E-02    0.0000E+00    0.0000E+00    0.0000E+00    0.0000E+00   CROSSED 
       23   100    26   107     6.8500E+01    1.1500E-02    0.0000E+00    0.0000E+00    0.0000E+00    0.0000E+00   CROSSED 
       26   107    29   114     6.8500E+01    1.0000E-02    0.0000E+00    0.0000E+00    0.0000E+00    0.0000E+00   CROSSED 



                           - - - STRUCTURE EXCITATION DATA AT NETWORK CONNECTION POINTS - - -

   TAG   SEG.    VOLTAGE (VOLTS)         CURRENT (AMPS)         IMPEDANCE (OHMS)        ADMITTANCE (MHOS)      POWER
   NO.   NO.    REAL        IMAG.       REAL        IMAG.       REAL        IMAG.       REAL        IMAG.     (WATTS)
     2     8-2.79988E-01 1.30674E-01-1.54806E-03-8.38903E-04 1.04448E+02-1.41013E+02 3.39183E-03 4.57923E-03 1.61907E-04
     5    23-2.43678E-01 1.67867E-01-9.73807E-04-3.48669E-05 2.43748E+02-1.81110E+02 2.64329E-03 1.96402E-03 1.15721E-04
     8    38 4.66070E-02 1.12945E-01 2.33131E-04 3.98892E-04 2.61955E+02 3.62574E+01 3.74569E-03-5.18444E-04 2.79591E-05
    11    52 3.11327E-01-1.27706E-01 6.61098E-04-1.69777E-04 4.88327E+02-6.77652E+01 2.00912E-03 2.78806E-04 1.13750E-04
    14    65-6.69765E-02-1.52648E-01-5.16427E-04 2.13017E-04 6.63853E+00 2.98324E+02 7.45555E-05-3.35040E-03 1.03585E-06
    17    78-2.49779E-01 2.39994E-01-3.65866E-04 5.56413E-03 4.58858E+01 4.18737E+01 1.18909E-02-1.08512E-02 7.13371E-04
    20    90 5.91519E-01-4.30846E-02 1.20929E-02-7.85378E-04 4.89397E+01-3.84400E-01 2.04321E-02 1.60485E-04 3.59349E-03
    23   100-4.79251E-01-8.09108E-01 4.59990E-03-1.37152E-02 4.24942E+01-4.91952E+01 1.00556E-02 1.16413E-02 4.44628E-03
    26   107-5.07992E-01 8.77519E-01-1.42817E-02-4.35328E-03 1.54088E+01-6.61403E+01 3.34105E-03 1.43410E-02 1.71746E-03
    29   114 1.00000E+00 0.00000E+00-1.80493E-03 7.06887E-03-3.39103E+01-1.32807E+02-1.80493E-03 7.06887E-03-9.02465E-04



                                          - - - ANTENNA INPUT PARAMETERS - - -

   TAG   SEG.    VOLTAGE (VOLTS)         CURRENT (AMPS)         IMPEDANCE (OHMS)        ADMITTANCE (MHOS)      POWER
   NO.   NO.    REAL        IMAG.       REAL        IMAG.       REAL        IMAG.       REAL        IMAG.     (WATTS)
    29   114 1.00000E+00 0.00000E+00 1.99770E-02-3.97123E-04 5.00377E+01 9.94701E-01 1.99770E-02-3.97123E-04 9.98851E-03



                                        - - - POWER BUDGET - - -

                                           INPUT POWER   = 9.9885E-03 WATTS
                                           RADIATED POWER= 9.9885E-03 WATTS
                                           STRUCTURE LOSS= 0.0000E+00 WATTS
                                           NETWORK LOSS  = 5.2042E-18 WATTS
                                           EFFICIENCY    = 100.00 PERCENT



                                                - - - RADIATION PATTERNS - - -

  - - ANGLES - -           - POWER GAINS -       - - - POLARIZATION - - -    - - - E(THETA) - - -    - - - E(PHI) - - -
  THETA     PHI        VERT.   HOR.    TOTAL      AXIAL     TILT   SENSE     MAGNITUDE    PHASE      MAGNITUDE    PHASE 
 DEGREES  DEGREES       DB      DB      DB        RATIO     DEG.              VOLTS/M    DEGREES      VOLTS/M    DEGREES
    0.00     0.00     -15.78    8.03    8.05    0.03141    86.78  LEFT      1.25756E-01    51.20    1.95087E+00    80.46


                                     - - - - NORMALIZED GAIN - - - -

                                           TOTAL GAIN
                                      NORMALIZATION FACTOR =     8.05 DB

    - - ANGLES - -      GAIN           - - ANGLES - -      GAIN           - - ANGLES - -      GAIN
    THETA     PHI        DB            THETA     PHI        DB            THETA     PHI        DB
   DEGREES  DEGREES                   DEGREES  DEGREES                   DEGREES  DEGREES
      0.00     0.00      0.00




                                 - - - - - - FREQUENCY - - - - - -

                                    FREQUENCY= 3.1000E+03 MHZ
                                    WAVELENGTH= 9.6710E-02 METERS




                    APPROXIMATE INTEGRATION EMPLOYED FOR SEGMENTS MORE THAN   1.000 WAVELENGTHS APART

                    THE EXTENDED THIN WIRE KERNEL WILL BE USED



                               - - - STRUCTURE IMPEDANCE LOADING - - -

                                   THIS STRUCTURE IS NOT LOADED



                                  - - - ANTENNA ENVIRONMENT - - -

                                            FREE SPACE



                                - - - MATRIX TIMING - - -

                        FILL=    0.016 SEC.,  FACTOR=    0.000 SEC.



                                            - - - NETWORK DATA - - -

      - FROM -    - TO -           TRANSMISSION LINE               -  -  SHUNT ADMITTANCES (MHOS)  -  -              LINE
      TAG  SEG.   TAG  SEG.      IMPEDANCE      LENGTH            - END ONE -                 - END TWO -            TYPE
      NO.   NO.   NO.   NO.         OHMS        METERS         REAL          IMAG.         REAL          IMAG.
        2     8     5    23     6.8500E+01    3.8000E-02    0.0000E+00    0.0000E+00    0.0000E+00    0.0000E+00   CROSSED 
        5    23     8    38     6.8500E+01    3.1000E-02    0.0000E+00    0.0000E+00    0.0000E+00    0.0000E+00   CROSSED 
        8    38    11    52     6.8500E+01    2.8000E-02    0.0000E+00    0.0000E+00    0.0000E+00    0.0000E+00   CROSSED 
       11    52    14    65     6.8500E+01    2.1500E-02    0.0000E+00    0.0000E+00    0.0000E+00    0.0000E+00   CROSSED 
       14    65    17    78     6.8500E+01    1.9500E-02    0.0000E+00    0.0000E+00    0.0000E+00    0.0000E+00   CROSSED 
       17    78    20    90     6.8500E+01    1.6000E-02    0.0000E+00    0.0000E+00    0.0000E+00    0.0000E+00   CROSSED 
       20    90    23   100     6.8500E+01    1.4000E-02    0.0000E+00    0.0000E+00    0.0000E+00    0.0000E+00   CROSSED 
       23   100    26   107     6.8500E+01    1.1500E-02    0.0000E+00    0.0000E+00    0.0000E+00    0.0000E+00   CROSSED 
       26   107    29   114     6.8500E+01    1.0000E-02    0.0000E+00    0.0000E+00    0.0000E+00    0.0000E+00   CROSSED 



                           - - - STRUCTURE EXCITATION DATA AT NETWORK CONNECTION POINTS - - -

   TAG   SEG.    VOLTAGE (VOLTS)         CURRENT (AMPS)         IMPEDANCE (OHMS)        ADMITTANCE (MHOS)      POWER
   NO.   NO.    REAL        IMAG.       REAL        IMAG.       REAL        IMAG.       REAL        IMAG.     (WATTS)
     2     8-2.62025E-01 1.89078E-01-2.12770E-03-5.79141E-04 9.21352E+01-1.13944E+02 4.29094E-03 5.30660E-03 2.24004E-04
     5    23-2.29654E-01 2.38701E-01-1.09986E-03 1.92402E-04 2.39441E+02-1.75143E+02 2.72070E-03 1.99010E-03 1.49257E-04
     8    38 3.28804E-02 1.66974E-01 7.97336E-05 3.80124E-04 4.38129E+02 5.40153E+00 2.28208E-03-2.81350E-05 3.30463E-05
    11    52 2.94876E-01-1.43540E-01 7.44516E-04-1.31239E-04 4.17089E+02-1.19274E+02 2.21633E-03 6.33796E-04 1.19189E-04
    14    65-1.96509E-02-2.30897E-01-3.04756E-04-5.62004E-05 1.97483E+02 7.21226E+02 3.53174E-04-1.28982E-03 9.48261E-06
    17    78-2.80174E-01 2.66788E-01 1.24645E-03 4.68354E-03 3.83279E+01 7.00214E+01 6.01503E-03-1.09889E-02 4.50145E-04
    20    90 5.12055E-01-7.22823E-02 8.92995E-03-3.97194E-03 5.08763E+01 1.45348E+01 1.81723E-02-5.19163E-03 2.42986E-03
    23   100-5.10187E-01-6.49094E-01 1.47346E-03-1.31385E-02 4.44896E+01-4.38209E+01 1.14088E-02 1.12373E-02 3.88819E-03
    26   107-4.08432E-01 8.13041E-01-1.44925E-02-1.11338E-03 2.37323E+01-5.79239E+01 6.05663E-03 1.47826E-02 2.50700E-03
    29   114 1.00000E+00 0.00000E+00-1.21829E-03 8.34845E-03-1.71154E+01-1.17285E+02-1.21829E-03 8.34845E-03-6.09144E-04



                                          - - - ANTENNA INPUT PARAMETERS - - -

   TAG   SEG.    VOLTAGE (VOLTS)         CURRENT (AMPS)         IMPEDANCE (OHMS)        ADMITTANCE (MHOS)      POWER
   NO.   NO.    REAL        IMAG.       REAL        IMAG.       REAL        IMAG.       REAL        IMAG.     (WATTS)
    29   114 1.00000E+00 0.00000E+00 1.84021E-02-1.01082E-03 5.41783E+01 2.97599E+00 1.84021E-02-1.01082E-03 9.20103E-03



                                        - - - POWER BUDGET - - -

                                           INPUT POWER   = 9.2010E-03 WATTS
                                           RADIATED POWER= 9.2010E-03 WATTS
                                           STRUCTURE LOSS= 0.0000E+00 WATTS
                                           NETWORK LOSS  =-1.2143E-17 WATTS
                                           EFFICIENCY    = 100.00 PERCENT



                                                - - - RADIATION PATTERNS - - -

  - - ANGLES - -           - POWER GAINS -       - - - POLARIZATION - - -    - - - E(THETA) - - -    - - - E(PHI) - - -
  THETA     PHI        VERT.   HOR.    TOTAL      AXIAL     TILT   SENSE     MAGNITUDE    PHASE      MAGNITUDE    PHASE 
 DEGREES  DEGREES       DB      DB      DB        RATIO     DEG.              VOLTS/M    DEGREES      VOLTS/M    DEGREES
    0.00     0.00     -16.04    7.76    7.78    0.03176    86.78  LEFT      1.17193E-01    51.54    1.81552E+00    81.12


                                     - - - - NORMALIZED GAIN - - - -

                                           TOTAL GAIN
                                      NORMALIZATION FACTOR =     7.78 DB

    - - ANGLES - -      GAIN           - - ANGLES - -      GAIN           - - ANGLES - -      GAIN
    THETA     PHI        DB            THETA     PHI        DB            THETA     PHI        DB
   DEGREES  DEGREES                   DEGREES  DEGREES                   DEGREES  DEGREES
      0.00     0.00      0.00




                                 - - - - - - FREQUENCY - - - - - -

                                    FREQUENCY= 3.2000E+03 MHZ
                                    WAVELENGTH= 9.3687E-02 METERS




                    APPROXIMATE INTEGRATION EMPLOYED FOR SEGMENTS MORE THAN   1.000 WAVELENGTHS APART

                    THE EXTENDED THIN WIRE KERNEL WILL BE USED



                               - - - STRUCTURE IMPEDANCE LOADING - - -

                                   THIS STRUCTURE IS NOT LOADED



                                  - - - ANTENNA ENVIRONMENT - - -

                                            FREE SPACE



                                - - - MATRIX TIMING - - -

                        FILL=    0.016 SEC.,  FACTOR=    0.000 SEC.



                                            - - - NETWORK DATA - - -

      - FROM -    - TO -           TRANSMISSION LINE               -  -  SHUNT ADMITTANCES (MHOS)  -  -              LINE
      TAG  SEG.   TAG  SEG.      IMPEDANCE      LENGTH            - END ONE -                 - END TWO -            TYPE
      NO.   NO.   NO.   NO.         OHMS        METERS         REAL          IMAG.         REAL          IMAG.
        2     8     5    23     6.8500E+01    3.8000E-02    0.0000E+00    0.0000E+00    0.0000E+00    0.0000E+00   CROSSED 
        5    23     8    38     6.8500E+01    3.1000E-02    0.0000E+00    0.0000E+00    0.0000E+00    0.0000E+00   CROSSED 
        8    38    11    52     6.8500E+01    2.8000E-02    0.0000E+00    0.0000E+00    0.0000E+00    0.0000E+00   CROSSED 
       11    52    14    65     6.8500E+01    2.1500E-02    0.0000E+00    0.0000E+00    0.0000E+00    0.0000E+00   CROSSED 
       14    65    17    78     6.8500E+01    1.9500E-02    0.0000E+00    0.0000E+00    0.0000E+00    0.0000E+00   CROSSED 
       17    78    20    90     6.8500E+01    1.6000E-02    0.0000E+00    0.0000E+00    0.0000E+00    0.0000E+00   CROSSED 
       20    90    23   100     6.8500E+01    1.4000E-02    0.0000E+00    0.0000E+00    0.0000E+00    0.0000E+00   CROSSED 
       23   100    26   107     6.8500E+01    1.1500E-02    0.0000E+00    0.0000E+00    0.0000E+00    0.0000E+00   CROSSED 
       26   107    29   114     6.8500E+01    1.0000E-02    0.0000E+00    0.0000E+00    0.0000E+00    0.0000E+00   CROSSED 



                           - - - STRUCTURE EXCITATION DATA AT NETWORK CONNECTION POINTS - - -

   TAG   SEG.    VOLTAGE (VOLTS)         CURRENT (AMPS)         IMPEDANCE (OHMS)        ADMITTANCE (MHOS)      POWER
   NO.   NO.    REAL        IMAG.       REAL        IMAG.       REAL        IMAG.       REAL        IMAG.     (WATTS)
     2     8-1.59959E-01 3.22937E-01-2.88976E-03 1.01124E-03 8.41547E+01-8.23029E+01 6.07361E-03 5.93997E-03 3.94405E-04
     5    23-9.39210E-02 3.78423E-01-1.03646E-03 8.34997E-04 2.33324E+02-1.77139E+02 2.71881E-03 2.06412E-03 2.06664E-04
     8    38 1.32550E-01 2.31882E-01 2.89246E-05 5.83510E-04 4.07651E+02-2.06952E+02 1.95041E-03 9.90162E-04 6.95699E-05
    11    52 2.51026E-01-2.21595E-01 8.79082E-04-3.14853E-04 3.33107E+02-1.32770E+02 2.59050E-03 1.03252E-03 1.45221E-04
    14    65-1.12623E-01-3.42152E-01-3.28375E-04-2.30227E-04 7.19717E+02 5.37354E+02 8.92128E-04-6.66080E-04 5.78776E-05
    17    78-2.16271E-01 3.69265E-01 2.35198E-03 2.95382E-03 4.08278E+01 1.05726E+02 3.17850E-03-8.23095E-03 2.91039E-04
    20    90 4.34693E-01-9.38879E-02 5.13144E-03-4.37927E-03 5.80483E+01 3.12430E+01 1.33575E-02-7.18935E-03 1.32088E-03
    23   100-4.90802E-01-5.26126E-01-2.69566E-04-1.21883E-02 4.40355E+01-3.92944E+01 1.26424E-02 1.12812E-02 3.27244E-03
    26   107-3.55104E-01 7.39671E-01-1.37003E-02 1.34264E-03 3.09136E+01-5.09600E+01 8.70176E-03 1.43445E-02 2.92906E-03
    29   114 1.00000E+00 0.00000E+00-4.47875E-04 9.32687E-03-5.13671E+00-1.06970E+02-4.47875E-04 9.32687E-03-2.23938E-04



                                          - - - ANTENNA INPUT PARAMETERS - - -

   TAG   SEG.    VOLTAGE (VOLTS)         CURRENT (AMPS)         IMPEDANCE (OHMS)        ADMITTANCE (MHOS)      POWER
   NO.   NO.    REAL        IMAG.       REAL        IMAG.       REAL        IMAG.       REAL        IMAG.     (WATTS)
    29   114 1.00000E+00 0.00000E+00 1.69265E-02-7.33859E-04 5.89683E+01 2.55661E+00 1.69265E-02-7.33859E-04 8.46323E-03



                                        - - - POWER BUDGET - - -

                                           INPUT POWER   = 8.4632E-03 WATTS
                                           RADIATED POWER= 8.4632E-03 WATTS
                                           STRUCTURE LOSS= 0.0000E+00 WATTS
                                           NETWORK LOSS  =-6.9389E-18 WATTS
                                           EFFICIENCY    = 100.00 PERCENT



                                                - - - RADIATION PATTERNS - - -

  - - ANGLES - -           - POWER GAINS -       - - - POLARIZATION - - -    - - - E(THETA) - - -    - - - E(PHI) - - -
  THETA     PHI        VERT.   HOR.    TOTAL      AXIAL     TILT   SENSE     MAGNITUDE    PHASE      MAGNITUDE    PHASE 
 DEGREES  DEGREES       DB      DB      DB        RATIO     DEG.              VOLTS/M    DEGREES      VOLTS/M    DEGREES
    0.00     0.00     -16.87    7.32    7.34    0.04655    87.68  LEFT      1.02166E-01    38.14    1.65500E+00    87.19


                                     - - - - NORMALIZED GAIN - - - -

                                           TOTAL GAIN
                                      NORMALIZATION FACTOR =     7.34 DB

    - - ANGLES - -      GAIN           - - ANGLES - -      GAIN           - - ANGLES - -      GAIN
    THETA     PHI        DB            THETA     PHI        DB            THETA     PHI        DB
   DEGREES  DEGREES                   DEGREES  DEGREES                   DEGREES  DEGREES
      0.00     0.00      0.00




                                 - - - - - - FREQUENCY - - - - - -

                                    FREQUENCY= 3.3000E+03 MHZ
                                    WAVELENGTH= 9.0848E-02 METERS




                    APPROXIMATE INTEGRATION EMPLOYED FOR SEGMENTS MORE THAN   1.000 WAVELENGTHS APART

                    THE EXTENDED THIN WIRE KERNEL WILL BE USED



                               - - - STRUCTURE IMPEDANCE LOADING - - -

                                   THIS STRUCTURE IS NOT LOADED



                                  - - - ANTENNA ENVIRONMENT - - -

                                            FREE SPACE



                                - - - MATRIX TIMING - - -

                        FILL=    0.016 SEC.,  FACTOR=    0.000 SEC.



                                            - - - NETWORK DATA - - -

      - FROM -    - TO -           TRANSMISSION LINE               -  -  SHUNT ADMITTANCES (MHOS)  -  -              LINE
      TAG  SEG.   TAG  SEG.      IMPEDANCE      LENGTH            - END ONE -                 - END TWO -            TYPE
      NO.   NO.   NO.   NO.         OHMS        METERS         REAL          IMAG.         REAL          IMAG.
        2     8     5    23     6.8500E+01    3.8000E-02    0.0000E+00    0.0000E+00    0.0000E+00    0.0000E+00   CROSSED 
        5    23     8    38     6.8500E+01    3.1000E-02    0.0000E+00    0.0000E+00    0.0000E+00    0.0000E+00   CROSSED 
        8    38    11    52     6.8500E+01    2.8000E-02    0.0000E+00    0.0000E+00    0.0000E+00    0.0000E+00   CROSSED 
       11    52    14    65     6.8500E+01    2.1500E-02    0.0000E+00    0.0000E+00    0.0000E+00    0.0000E+00   CROSSED 
       14    65    17    78     6.8500E+01    1.9500E-02    0.0000E+00    0.0000E+00    0.0000E+00    0.0000E+00   CROSSED 
       17    78    20    90     6.8500E+01    1.6000E-02    0.0000E+00    0.0000E+00    0.0000E+00    0.0000E+00   CROSSED 
       20    90    23   100     6.8500E+01    1.4000E-02    0.0000E+00    0.0000E+00    0.0000E+00    0.0000E+00   CROSSED 
       23   100    26   107     6.8500E+01    1.1500E-02    0.0000E+00    0.0000E+00    0.0000E+00    0.0000E+00   CROSSED 
       26   107    29   114     6.8500E+01    1.0000E-02    0.0000E+00    0.0000E+00    0.0000E+00    0.0000E+00   CROSSED 



                           - - - STRUCTURE EXCITATION DATA AT NETWORK CONNECTION POINTS - - -

   TAG   SEG.    VOLTAGE (VOLTS)         CURRENT (AMPS)         IMPEDANCE (OHMS)        ADMITTANCE (MHOS)      POWER
   NO.   NO.    REAL        IMAG.       REAL        IMAG.       REAL        IMAG.       REAL        IMAG.     (WATTS)
     2     8 1.05756E-02 2.72553E-01-1.28399E-03 2.53292E-03 8.39221E+01-4.67172E+01 9.09684E-03 5.06397E-03 3.38388E-04
     5    23 9.44380E-02 2.80609E-01-3.67913E-04 9.14608E-04 2.28326E+02-1.95102E+02 2.53140E-03 2.16306E-03 1.10951E-04
     8    38 2.26464E-01 1.25241E-01 2.75593E-04 6.73755E-04 2.77023E+02-2.22810E+02 2.19188E-03 1.76293E-03 7.33967E-05
    11    52 1.55631E-01-2.09249E-01 7.11457E-04-5.01338E-04 2.84655E+02-9.35268E+01 3.17073E-03 1.04178E-03 1.07815E-04
    14    65-2.29514E-01-2.44530E-01-2.41750E-04-2.53767E-04 9.56839E+02 7.09927E+00 1.04505E-03-7.75375E-06 5.87693E-05
    17    78-9.99168E-02 2.94899E-01 1.71031E-03 1.44002E-03 5.07662E+01 1.29681E+02 2.61759E-03-6.68654E-03 1.26886E-04
    20    90 3.63514E-01-7.21936E-02 3.69679E-03-3.27498E-03 6.47870E+01 3.78659E+01 1.15051E-02-6.72432E-03 7.90135E-04
    23   100-4.48746E-01-4.09662E-01-2.06691E-03-1.14541E-02 4.14843E+01-3.16918E+01 1.52218E-02 1.16287E-02 2.80992E-03
    26   107-3.40803E-01 6.51689E-01-1.24408E-02 2.83046E-03 3.73772E+01-4.38795E+01 1.12498E-02 1.32069E-02 3.04221E-03
    29   114 1.00000E+00 0.00000E+00 3.53974E-04 1.01735E-02 3.41594E+00-9.81762E+01 3.53974E-04 1.01735E-02 1.76987E-04



                                          - - - ANTENNA INPUT PARAMETERS - - -

   TAG   SEG.    VOLTAGE (VOLTS)         CURRENT (AMPS)         IMPEDANCE (OHMS)        ADMITTANCE (MHOS)      POWER
   NO.   NO.    REAL        IMAG.       REAL        IMAG.       REAL        IMAG.       REAL        IMAG.     (WATTS)
    29   114 1.00000E+00 0.00000E+00 1.52709E-02 3.44257E-04 6.54507E+01-1.47548E+00 1.52709E-02 3.44257E-04 7.63546E-03



                                        - - - POWER BUDGET - - -

                                           INPUT POWER   = 7.6355E-03 WATTS
                                           RADIATED POWER= 7.6355E-03 WATTS
                                           STRUCTURE LOSS= 0.0000E+00 WATTS
                                           NETWORK LOSS  = 0.0000E+00 WATTS
                                           EFFICIENCY    = 100.00 PERCENT



                                                - - - RADIATION PATTERNS - - -

  - - ANGLES - -           - POWER GAINS -       - - - POLARIZATION - - -    - - - E(THETA) - - -    - - - E(PHI) - - -
  THETA     PHI        VERT.   HOR.    TOTAL      AXIAL     TILT   SENSE     MAGNITUDE    PHASE      MAGNITUDE    PHASE 
 DEGREES  DEGREES       DB      DB      DB        RATIO     DEG.              VOLTS/M    DEGREES      VOLTS/M    DEGREES
    0.00     0.00     -21.56    7.51    7.51    0.03520   -89.97  LEFT      5.65202E-02     7.09    1.60551E+00    98.04


                                     - - - - NORMALIZED GAIN - - - -

                                           TOTAL GAIN
                                      NORMALIZATION FACTOR =     7.51 DB

    - - ANGLES - -      GAIN           - - ANGLES - -      GAIN           - - ANGLES - -      GAIN
    THETA     PHI        DB            THETA     PHI        DB            THETA     PHI        DB
   DEGREES  DEGREES                   DEGREES  DEGREES                   DEGREES  DEGREES
      0.00     0.00      0.00




                                 - - - - - - FREQUENCY - - - - - -

                                    FREQUENCY= 3.4000E+03 MHZ
                                    WAVELENGTH= 8.8176E-02 METERS




                    APPROXIMATE INTEGRATION EMPLOYED FOR SEGMENTS MORE THAN   1.000 WAVELENGTHS APART

                    THE EXTENDED THIN WIRE KERNEL WILL BE USED



                               - - - STRUCTURE IMPEDANCE LOADING - - -

                                   THIS STRUCTURE IS NOT LOADED



                                  - - - ANTENNA ENVIRONMENT - - -

                                            FREE SPACE



                                - - - MATRIX TIMING - - -

                        FILL=    0.016 SEC.,  FACTOR=    0.000 SEC.



                                            - - - NETWORK DATA - - -

      - FROM -    - TO -           TRANSMISSION LINE               -  -  SHUNT ADMITTANCES (MHOS)  -  -              LINE
      TAG  SEG.   TAG  SEG.      IMPEDANCE      LENGTH            - END ONE -                 - END TWO -            TYPE
      NO.   NO.   NO.   NO.         OHMS        METERS         REAL          IMAG.         REAL          IMAG.
        2     8     5    23     6.8500E+01    3.8000E-02    0.0000E+00    0.0000E+00    0.0000E+00    0.0000E+00   CROSSED 
        5    23     8    38     6.8500E+01    3.1000E-02    0.0000E+00    0.0000E+00    0.0000E+00    0.0000E+00   CROSSED 
        8    38    11    52     6.8500E+01    2.8000E-02    0.0000E+00    0.0000E+00    0.0000E+00    0.0000E+00   CROSSED 
       11    52    14    65     6.8500E+01    2.1500E-02    0.0000E+00    0.0000E+00    0.0000E+00    0.0000E+00   CROSSED 
       14    65    17    78     6.8500E+01    1.9500E-02    0.0000E+00    0.0000E+00    0.0000E+00    0.0000E+00   CROSSED 
       17    78    20    90     6.8500E+01    1.6000E-02    0.0000E+00    0.0000E+00    0.0000E+00    0.0000E+00   CROSSED 
       20    90    23   100     6.8500E+01    1.4000E-02    0.0000E+00    0.0000E+00    0.0000E+00    0.0000E+00   CROSSED 
       23   100    26   107     6.8500E+01    1.1500E-02    0.0000E+00    0.0000E+00    0.0000E+00    0.0000E+00   CROSSED 
       26   107    29   114     6.8500E+01    1.0000E-02    0.0000E+00    0.0000E+00    0.0000E+00    0.0000E+00   CROSSED 



                           - - - STRUCTURE EXCITATION DATA AT NETWORK CONNECTION POINTS - - -

   TAG   SEG.    VOLTAGE (VOLTS)         CURRENT (AMPS)         IMPEDANCE (OHMS)        ADMITTANCE (MHOS)      POWER
   NO.   NO.    REAL        IMAG.       REAL        IMAG.       REAL        IMAG.       REAL        IMAG.     (WATTS)
     2     8 4.75441E-02 2.22801E-01 2.32115E-04 2.39255E-03 9.41644E+01-1.07363E+01 1.04834E-02 1.19529E-03 2.72048E-04
     5    23 1.12030E-01 1.95478E-01-3.14868E-04 7.14164E-04 1.71262E+02-2.32377E+02 2.05523E-03 2.78864E-03 5.21641E-05
     8    38 2.09420E-01 4.69654E-02 4.59110E-04 5.94000E-04 2.20085E+02-1.82452E+02 2.69296E-03 2.23248E-03 6.20220E-05
    11    52 1.37752E-01-1.99362E-01 6.42164E-04-5.58093E-04 2.75919E+02-7.06577E+01 3.40121E-03 8.70987E-04 9.98610E-05
    14    65-2.10977E-01-1.77742E-01-2.16636E-04-4.25628E-04 5.32057E+02-2.24877E+02 1.59464E-03 6.73982E-04 6.06785E-05
    17    78-1.18186E-01 2.49667E-01 1.20148E-03 1.08023E-03 4.89187E+01 1.63818E+02 1.67362E-03-5.60458E-03 6.38499E-05
    20    90 3.31169E-01-5.64031E-02 2.70527E-03-2.97210E-03 6.58462E+01 5.14914E+01 9.42399E-03-7.36952E-03 5.31770E-04
    23   100-3.69212E-01-3.34175E-01-3.22313E-03-1.01927E-02 4.02186E+01-2.35053E+01 1.85336E-02 1.08317E-02 2.29808E-03
    26   107-3.72083E-01 5.96150E-01-1.15264E-02 3.59298E-03 4.41162E+01-3.79685E+01 1.30219E-02 1.12073E-02 3.21538E-03
    29   114 1.00000E+00 0.00000E+00 1.21896E-03 1.09559E-02 1.00311E+01-9.01588E+01 1.21896E-03 1.09559E-02 6.09478E-04



                                          - - - ANTENNA INPUT PARAMETERS - - -

   TAG   SEG.    VOLTAGE (VOLTS)         CURRENT (AMPS)         IMPEDANCE (OHMS)        ADMITTANCE (MHOS)      POWER
   NO.   NO.    REAL        IMAG.       REAL        IMAG.       REAL        IMAG.       REAL        IMAG.     (WATTS)
    29   114 1.00000E+00 0.00000E+00 1.45307E-02 2.36799E-03 6.70396E+01-1.09251E+01 1.45307E-02 2.36799E-03 7.26533E-03



                                        - - - POWER BUDGET - - -

                                           INPUT POWER   = 7.2653E-03 WATTS
                                           RADIATED POWER= 7.2653E-03 WATTS
                                           STRUCTURE LOSS= 0.0000E+00 WATTS
                                           NETWORK LOSS  =-3.4694E-18 WATTS
                                           EFFICIENCY    = 100.00 PERCENT



                                                - - - RADIATION PATTERNS - - -

  - - ANGLES - -           - POWER GAINS -       - - - POLARIZATION - - -    - - - E(THETA) - - -    - - - E(PHI) - - -
  THETA     PHI        VERT.   HOR.    TOTAL      AXIAL     TILT   SENSE     MAGNITUDE    PHASE      MAGNITUDE    PHASE 
 DEGREES  DEGREES       DB      DB      DB        RATIO     DEG.              VOLTS/M    DEGREES      VOLTS/M    DEGREES
    0.00     0.00     -23.01    7.90    7.90    0.01426   -88.59  LEFT      4.66474E-02   -40.97    1.63806E+00   108.96


                                     - - - - NORMALIZED GAIN - - - -

                                           TOTAL GAIN
                                      NORMALIZATION FACTOR =     7.90 DB

    - - ANGLES - -      GAIN           - - ANGLES - -      GAIN           - - ANGLES - -      GAIN
    THETA     PHI        DB            THETA     PHI        DB            THETA     PHI        DB
   DEGREES  DEGREES                   DEGREES  DEGREES                   DEGREES  DEGREES
      0.00     0.00      0.00




                                 - - - - - - FREQUENCY - - - - - -

                                    FREQUENCY= 3.5000E+03 MHZ
                                    WAVELENGTH= 8.5657E-02 METERS




                    APPROXIMATE INTEGRATION EMPLOYED FOR SEGMENTS MORE THAN   1.000 WAVELENGTHS APART

                    THE EXTENDED THIN WIRE KERNEL WILL BE USED



                               - - - STRUCTURE IMPEDANCE LOADING - - -

                                   THIS STRUCTURE IS NOT LOADED



                                  - - - ANTENNA ENVIRONMENT - - -

                                            FREE SPACE



                                - - - MATRIX TIMING - - -

                        FILL=    0.016 SEC.,  FACTOR=    0.000 SEC.



                                            - - - NETWORK DATA - - -

      - FROM -    - TO -           TRANSMISSION LINE               -  -  SHUNT ADMITTANCES (MHOS)  -  -              LINE
      TAG  SEG.   TAG  SEG.      IMPEDANCE      LENGTH            - END ONE -                 - END TWO -            TYPE
      NO.   NO.   NO.   NO.         OHMS        METERS         REAL          IMAG.         REAL          IMAG.
        2     8     5    23     6.8500E+01    3.8000E-02    0.0000E+00    0.0000E+00    0.0000E+00    0.0000E+00   CROSSED 
        5    23     8    38     6.8500E+01    3.1000E-02    0.0000E+00    0.0000E+00    0.0000E+00    0.0000E+00   CROSSED 
        8    38    11    52     6.8500E+01    2.8000E-02    0.0000E+00    0.0000E+00    0.0000E+00    0.0000E+00   CROSSED 
       11    52    14    65     6.8500E+01    2.1500E-02    0.0000E+00    0.0000E+00    0.0000E+00    0.0000E+00   CROSSED 
       14    65    17    78     6.8500E+01    1.9500E-02    0.0000E+00    0.0000E+00    0.0000E+00    0.0000E+00   CROSSED 
       17    78    20    90     6.8500E+01    1.6000E-02    0.0000E+00    0.0000E+00    0.0000E+00    0.0000E+00   CROSSED 
       20    90    23   100     6.8500E+01    1.4000E-02    0.0000E+00    0.0000E+00    0.0000E+00    0.0000E+00   CROSSED 
       23   100    26   107     6.8500E+01    1.1500E-02    0.0000E+00    0.0000E+00    0.0000E+00    0.0000E+00   CROSSED 
       26   107    29   114     6.8500E+01    1.0000E-02    0.0000E+00    0.0000E+00    0.0000E+00    0.0000E+00   CROSSED 



                           - - - STRUCTURE EXCITATION DATA AT NETWORK CONNECTION POINTS - - -

   TAG   SEG.    VOLTAGE (VOLTS)         CURRENT (AMPS)         IMPEDANCE (OHMS)        ADMITTANCE (MHOS)      POWER
   NO.   NO.    REAL        IMAG.       REAL        IMAG.       REAL        IMAG.       REAL        IMAG.     (WATTS)
     2     8 1.02673E-01 1.95131E-01 1.18132E-03 1.48431E-03 1.14187E+02 2.17061E+01 8.45212E-03-1.60668E-03 2.05463E-04
     5    23 1.31564E-01 1.54954E-01-3.39419E-04 8.98515E-04 1.02514E+02-1.85149E+02 2.28880E-03 4.13377E-03 4.72864E-05
     8    38 1.77603E-01 8.40955E-03 5.57448E-04 4.44082E-04 2.02259E+02-1.46041E+02 3.24984E-03 2.34654E-03 5.13694E-05
    11    52 9.00219E-02-2.03485E-01 4.83670E-04-6.90283E-04 2.59004E+02-5.10666E+01 3.71647E-03 7.32761E-04 9.20016E-05
    14    65-2.00047E-01-1.50639E-01-3.26843E-04-4.79482E-04 4.08674E+02-1.38640E+02 2.19440E-03 7.44432E-04 6.88063E-05
    17    78-9.49062E-02 2.43800E-01 9.61591E-04 7.95083E-04 6.58911E+01 1.99057E+02 1.49871E-03-4.52760E-03 5.12901E-05
    20    90 2.85615E-01-4.65263E-02 1.92872E-03-2.25246E-03 7.45627E+01 6.29551E+01 7.82979E-03-6.61089E-03 3.27835E-04
    23   100-2.94267E-01-2.98514E-01-3.91922E-03-9.44917E-03 3.79753E+01-1.53911E+01 2.26177E-02 9.16677E-03 1.98700E-03
    26   107-4.04295E-01 5.74460E-01-1.09345E-02 4.25345E-03 4.98654E+01-3.31393E+01 1.39104E-02 9.24447E-03 3.43209E-03
    29   114 1.00000E+00 0.00000E+00 2.17333E-03 1.17338E-02 1.52617E+01-8.23974E+01 2.17333E-03 1.17338E-02 1.08666E-03



                                          - - - ANTENNA INPUT PARAMETERS - - -

   TAG   SEG.    VOLTAGE (VOLTS)         CURRENT (AMPS)         IMPEDANCE (OHMS)        ADMITTANCE (MHOS)      POWER
   NO.   NO.    REAL        IMAG.       REAL        IMAG.       REAL        IMAG.       REAL        IMAG.     (WATTS)
    29   114 1.00000E+00 0.00000E+00 1.46996E-02 4.35216E-03 6.25462E+01-1.85182E+01 1.46996E-02 4.35216E-03 7.34981E-03



                                        - - - POWER BUDGET - - -

                                           INPUT POWER   = 7.3498E-03 WATTS
                                           RADIATED POWER= 7.3498E-03 WATTS
                                           STRUCTURE LOSS= 0.0000E+00 WATTS
                                           NETWORK LOSS  = 3.4694E-18 WATTS
                                           EFFICIENCY    = 100.00 PERCENT



                                                - - - RADIATION PATTERNS - - -

  - - ANGLES - -           - POWER GAINS -       - - - POLARIZATION - - -    - - - E(THETA) - - -    - - - E(PHI) - - -
  THETA     PHI        VERT.   HOR.    TOTAL      AXIAL     TILT   SENSE     MAGNITUDE    PHASE      MAGNITUDE    PHASE 
 DEGREES  DEGREES       DB      DB      DB        RATIO     DEG.              VOLTS/M    DEGREES      VOLTS/M    DEGREES
    0.00     0.00     -18.32    8.07    8.08    0.00572   -87.28  RIGHT     8.05518E-02   -68.28    1.68051E+00   118.59


                                     - - - - NORMALIZED GAIN - - - -

                                           TOTAL GAIN
                                      NORMALIZATION FACTOR =     8.08 DB

    - - ANGLES - -      GAIN           - - ANGLES - -      GAIN           - - ANGLES - -      GAIN
    THETA     PHI        DB            THETA     PHI        DB            THETA     PHI        DB
   DEGREES  DEGREES                   DEGREES  DEGREES                   DEGREES  DEGREES
      0.00     0.00      0.00
 ***** DATA CARD NO. 16   EN   0     1     1  1500  0.00000E+00  0.00000E+00  6.00000E+00  4.50000E+01  0.00000E+00  0.00000E+00

 RUN TIME =     0.469
