deck,status_a,status_b,wall_a,wall_b,speedup,comparable
4nec2-models/Aperiodic/2ELK9AY.nec,ok,ok,0.42085945000872016,0.17630671290680766,2.3871,1
4nec2-models/Aperiodic/2beverage.nec,ok,ok,0.4172654962167144,0.18952367547899485,2.2017,1
4nec2-models/Aperiodic/2el160flag.nec,ok,ok,0.25893527548760176,0.14898983854800463,1.7379,1
4nec2-models/Aperiodic/80pennant-pf.nec,ok,ok,0.21714112721383572,0.16064542485401034,1.3517,1
4nec2-models/Aperiodic/ON4BAAWD.nec,ok,ok,0.1701190839521587,0.07563473517075181,2.2492,1
4nec2-models/Aperiodic/Rhomb1.nec,ok,ok,0.10342209925875068,0.04030904080718756,,0
4nec2-models/Aperiodic/Rhombic.nec,ok,ok,0.17950039636343718,0.07732219668105245,2.3215,1
4nec2-models/Aperiodic/Semirhomb.nec,ok,ok,0.4159980434924364,0.23282100027427077,1.7868,1
4nec2-models/Aperiodic/Slopvee.nec,ok,ok,0.3152546272613108,0.1702632657252252,1.8516,1
4nec2-models/Aperiodic/Vee40.nec,ok,ok,0.3452937346883118,0.21134524187073112,1.6338,1
4nec2-models/Aperiodic/bev80.nec,ok,ok,0.36967564607039094,0.22412397293373942,1.6494,1
4nec2-models/Equations/1elQuad.nec,ok,ok,0.004217192996293306,0.004475191701203585,,0
4nec2-models/Equations/2elQuad.nec,ok,ok,0.005888242274522781,0.005135275889188051,,0
4nec2-models/Equations/3elQuadGain.nec,ok,ok,0.016005438286811113,0.008683994878083467,,0
4nec2-models/Equations/3elQuadWide.nec,ok,ok,0.01131486240774393,0.009247987531125546,,0
4nec2-models/Equations/3elYagiGain.nec,ok,ok,0.0037430948577821255,0.003944367170333862,,0
4nec2-models/Equations/3elYagiMaxFB.nec,ok,ok,0.0035445038229227066,0.003765882458537817,,0
4nec2-models/Equations/3elYagiWide.nec,ok,ok,0.003704160451889038,0.00372482743114233,,0
4nec2-models/Equations/4elQuad.nec,ok,ok,0.01587750669568777,0.01070282468572259,,0
4nec2-models/Equations/Moxon.nec,ok,ok,0.287289306987077,0.18544213753193617,1.5492,1
4nec2-models/Example1.nec,ok,ok,0.003447620663791895,0.003636503592133522,,0
4nec2-models/Example2.nec,ok,ok,0.003229247871786356,0.003420014400035143,,0
4nec2-models/Fractals/Fractal.nec,ok,ok,1.522823652252555,0.7526757339946926,2.0232,1
4nec2-models/Fractals/MI2 Loop.nec,ok,ok,0.08154524303972721,0.03737268457189202,,0
4nec2-models/Fractals/MI3.nec,ok,ok,0.08694115048274398,0.044139664620161057,,0
4nec2-models/Fractals/RANDOM1.nec,ok,ok,0.07771394867449999,0.03637573542073369,,0
4nec2-models/Fractals/Random2.nec,ok,ok,0.05301023367792368,0.027101997286081314,,0
4nec2-models/HFActiveFeed/2el10.nec,ok,ok,0.11393698118627071,0.06356644583866,1.7924,1
4nec2-models/HFActiveFeed/2lsloper.nec,ok,ok,0.6246161316521466,0.3906868058256805,1.5988,1
4nec2-models/HFActiveFeed/2phased.nec,ok,ok,0.0041184197179973125,0.003947765566408634,,0
4nec2-models/HFActiveFeed/3vertical.nec,ok,ok,0.016829276457428932,0.010090028867125511,,0
4nec2-models/HFActiveFeed/BRDZPR10.nec,ok,ok,0.12860810570418835,0.07016784651204944,1.8329,1
4nec2-models/HFActiveFeed/HB9CV.nec,ok,ok,0.003990285564213991,0.004047304857522249,,0
4nec2-models/HFActiveFeed/Quad4.nec,ok,ok,0.040643549989908934,0.019785651471465826,,0
4nec2-models/HFActiveFeed/ZLSPTS10.nec,ok,ok,0.12162231793627143,0.08536244835704565,1.4248,1
4nec2-models/HFActiveFeed/ZLTROM10.nec,ok,ok,0.18136625736951828,0.08264595549553633,2.1945,1
4nec2-models/HFActiveFeed/cedzph10.nec,ok,ok,0.18331016320735216,0.08004430262371898,2.2901,1
4nec2-models/HFActiveFeed/n2pl_phased_dloop.nec,ok,ok,0.31840408267453313,0.17904048971831799,1.7784,1
4nec2-models/HFActiveFeed/zlspdp10.nec,ok,ok,0.11913428688421845,0.06694453721866012,1.7796,1
4nec2-models/HFbeams/2EL160H.nec,ok,ok,1.0768490261398256,0.33999885944649577,3.1672,1
4nec2-models/HFbeams/2lqful10.nec,ok,ok,0.014654602855443954,0.00993602629750967,,0
4nec2-models/HFbeams/2lyagi20.nec,ok,ok,0.08550823107361794,0.05609959550201893,1.5242,1
4nec2-models/HFbeams/2x4Q15A95.nec,ok,ok,0.03320188680663705,0.0171316578052938,,0
4nec2-models/HFbeams/3YAGI20.nec,ok,ok,0.3207249860279262,0.20255612302571535,1.5834,1
4nec2-models/HFbeams/3el-inverted-V.nec,ok,ok,0.3090424481779337,0.1817006333731115,1.7008,1
4nec2-models/HFbeams/3elquad.nec,ok,ok,0.005494755692780018,0.005203958135098219,,0
4nec2-models/HFbeams/3lyagi20.nec,ok,ok,0.4951325007714331,0.21707906993106008,2.2809,1
4nec2-models/HFbeams/40MYAG2.nec,ok,ok,0.3535380959510803,0.20005338033661246,1.7672,1
4nec2-models/HFbeams/40quad.nec,ok,ok,0.1959122153930366,0.11837586434558034,1.6550,1
4nec2-models/HFbeams/4el_vk1aa1.nec,ok,ok,0.5003801407292485,0.12978440895676613,3.8555,1
4nec2-models/HFbeams/5_el_wbeam_PA2AWU.nec,ok,ok,0.5871580643579364,0.26348659209907055,2.2284,1
4nec2-models/HFbeams/7lyagi10.nec,ok,ok,0.29962877044454217,0.19359013810753822,1.5477,1
4nec2-models/HFbeams/80hsbeam.nec,ok,ok,0.33424034249037504,0.1975093688815832,1.6923,1
4nec2-models/HFbeams/80rdbeam.nec,ok,ok,0.33742304518818855,0.19910221686586738,1.6947,1
4nec2-models/HFbeams/8x6q.nec,ok,ok,0.3344142232090235,0.11618932383134961,2.8782,1
4nec2-models/HFbeams/BetaMatch.nec,ok,ok,0.03482827730476856,0.01761065237224102,,0
4nec2-models/HFbeams/Bowtie.nec,timeout,ok,300.05206475872546,103.22753230622038,,0
4nec2-models/HFbeams/Deltalp.nec,ok,ok,0.10400197934359312,0.05821672733873129,1.7865,1
4nec2-models/HFbeams/NinjaBeam.nec,ok,ok,0.28667437471449375,0.17121352115646005,1.6744,1
4nec2-models/HFbeams/Quad.nec,ok,ok,0.04413834400475025,0.018911548424512148,,0
4nec2-models/HFbeams/Stack.nec,ok,ok,0.4380350378341973,0.21115542855113745,2.0745,1
4nec2-models/HFbeams/Unwin.nec,ok,ok,0.010965284425765276,0.008903330657631159,,0
4nec2-models/HFbeams/Unwin_mod.nec,ok,ok,0.010081966407597065,0.008485684636980295,,0
4nec2-models/HFbeams/fan1022.nec,ok,ok,0.03270810330286622,0.01764318998903036,,0
4nec2-models/HFbeams/moxon20.nec,ok,ok,0.3342155059799552,0.19864590745419264,1.6825,1
4nec2-models/HFbeams/sloper.nec,ok,ok,0.2141478443518281,0.137979154009372,1.5520,1
4nec2-models/HFbeams/wa2wvl.nec,ok,ok,0.3892512312158942,0.23094258131459355,1.6855,1
4nec2-models/HFbeams/y6mhg.nec,ok,ok,0.004802478477358818,0.004635217133909464,,0
4nec2-models/HFbeams/y6mwb.nec,ok,ok,0.006132247392088175,0.005163273308426142,,0
4nec2-models/HFbeams/zl1le10.nec,ok,ok,0.09724626271054149,0.059088672045618296,1.6458,1
4nec2-models/HFcollinear/15edzph2.nec,ok,ok,0.09222975606098771,0.034051375929266214,,0
4nec2-models/HFcollinear/2 dipole on roof.nec,ok,ok,1.4580119494348764,0.23625603830441833,6.1713,1
4nec2-models/HFcollinear/4 Dipole Trans-lines.nec,ok,ok,0.009398385882377625,0.006858576089143753,,0
4nec2-models/HFcollinear/BROADSID.nec,ok,ok,0.0033943112939596176,0.003652264829725027,,0
4nec2-models/HFcollinear/Collinear_1L.nec,ok,ok,0.12216115789487958,0.0771597744897008,1.5832,1
4nec2-models/HFcollinear/SLOPER2.nec,ok,ok,0.4442914333194494,0.24445731937885284,1.8175,1
4nec2-models/HFcollinear/W8BYA Collinear 7 MHz.nec,ok,ok,0.3277996117249131,0.20512643735855818,1.5980,1
4nec2-models/HFcollinear/franklin.nec,ok,ok,0.0047077699564397335,0.0045827352441847324,,0
4nec2-models/HFcollinear/hrs_441.nec,ok,ok,13.589809713419527,5.913018601946533,2.2983,1
4nec2-models/HFcollinear/lazyh.nec,ok,ok,0.005267555359750986,0.004956279881298542,,0
4nec2-models/HFmultiband/4-BAND.nec,ok,ok,4.788729664403945,2.256674349773675,2.1220,1
4nec2-models/HFmultiband/40MYAG2.nec,ok,ok,0.3525508134625852,0.20027088653296232,1.7604,1
4nec2-models/HFmultiband/5BWIDE-1.nec,ok,ok,0.06880724197253585,0.035243126563727856,,0
4nec2-models/HFmultiband/Cobra.nec,ok,ok,0.37681865086779,0.21346989832818508,1.7652,1
4nec2-models/HFmultiband/Cone.nec,ok,ok,0.4065231615677476,0.2614367697387934,1.5550,1
4nec2-models/HFmultiband/CrossDip.nec,ok,ok,0.009508107788860798,0.007900082506239414,,0
4nec2-models/HFmultiband/DUAL2EL.nec,ok,ok,0.08910501375794411,0.05752196116372943,1.5491,1
4nec2-models/HFmultiband/InvV80-40.nec,ok,ok,0.30907655600458384,0.19110949151217937,1.6173,1
4nec2-models/HFmultiband/LPDA1.nec,ok,ok,0.006019102409482002,0.0052854400128126144,,0
4nec2-models/HFmultiband/Logp.nec,ok,ok,0.008291937410831451,0.005332545377314091,,0
4nec2-models/HFmultiband/MultiDips.nec,ok,ok,0.3548776088282466,0.20457596704363823,1.7347,1
4nec2-models/HFmultiband/MultiTrap.nec,ok,ok,0.22567805647850037,0.14475606242194772,1.5590,1
4nec2-models/HFmultiband/Sleeve.nec,ok,ok,0.28466710029169917,0.18098711827769876,1.5729,1
4nec2-models/HFmultiband/Telerana.nec,ok,ok,0.03540644235908985,0.02022972796112299,,0
4nec2-models/HFmultiband/TrapDip.nec,ok,ok,0.00480169802904129,0.004600028973072767,,0
4nec2-models/HFmultiband/TrapDipole.nec,ok,ok,0.0044777668081223965,0.004349373746663332,,0
4nec2-models/HFmultiband/UA3SFH.nec,ok,ok,0.08404568955302238,0.055581387132406235,1.5121,1
4nec2-models/HFmultiband/discone.nec,ok,ok,0.03706465382128954,0.020480459555983543,,0
4nec2-models/HFmultiband/dscn2.nec,ok,ok,0.8747082808986306,0.29151431377977133,3.0006,1
4nec2-models/HFmultiband/logper.nec,ok,ok,0.5807847115211189,0.29533403599634767,1.9665,1
4nec2-models/HFmultiband/lpda.nec,ok,ok,0.09046755777671933,0.05484658107161522,1.6495,1
4nec2-models/HFmultiband/mil14.nec,ok,ok,1.1596586192026734,0.2582870624028146,4.4898,1
4nec2-models/HFmultiband/op201510.nec,ok,ok,0.334417802747339,0.19721173448488116,1.6957,1
4nec2-models/HFmultiband/quad5b10.nec,ok,ok,0.719886124599725,0.16262444388121367,4.4267,1
4nec2-models/HFmultiband/sleeve_err.nec,ok,ok,0.28375783702358603,0.18057883949950337,1.5714,1
4nec2-models/HFmultiband/t2fd.nec,ok,ok,0.004229523707181215,0.004273648839443922,,0
4nec2-models/HFmultiband/y1217bb.nec,ok,ok,0.01026300573721528,0.00832176161929965,,0
4nec2-models/HFmultiband/y2015.nec,ok,ok,0.009161173366010189,0.007709769532084465,,0
4nec2-models/HFmultiband/yi20_40b.nec,ok,ok,0.3944561039097607,0.15999763598665595,2.4654,1
4nec2-models/HFshort/2elShort.nec,ok,ok,0.11389901814982295,0.06414312217384577,1.7757,1
4nec2-models/HFshort/2lqsdi10.nec,ok,ok,0.04213903937488794,0.021200609393417835,,0
4nec2-models/HFshort/2lqssq10.nec,ok,ok,0.04895033547654748,0.025047486182302237,,0
4nec2-models/HFshort/2lygcl10.nec,ok,ok,0.09561887243762612,0.059373026713728905,1.6105,1
4nec2-models/HFshort/CoilCapHat.nec,ok,ok,0.23845493094995618,0.12877965765073895,1.8517,1
4nec2-models/HFshort/DPLNLD10.nec,ok,ok,0.015742193907499313,0.010594082996249199,,0
4nec2-models/HFshort/HelixDip.nec,ok,ok,0.00523269223049283,0.005213703494518995,,0
4nec2-models/HFshort/LinLoad.nec,ok,ok,0.040705254301428795,0.020763547159731388,,0
4nec2-models/HFshort/LinLoad2.nec,ok,ok,0.07610619952902198,0.035625104792416096,,0
4nec2-models/HFshort/Magnetic.nec,ok,ok,0.004431912209838629,0.004576549865305424,,0
4nec2-models/HFshort/MagneticLoop.nec,ok,ok,0.005245689768344164,0.004778110887855291,,0
4nec2-models/HFshort/Minibeam.nec,ok,ok,0.006542501039803028,0.0056404671631753445,,0
4nec2-models/HFshort/RXload.nec,ok,ok,0.0032017366029322147,0.0034994278103113174,,0
4nec2-models/HFshort/caphat10.nec,ok,ok,0.0037561138160526752,0.003885265439748764,,0
4nec2-models/HFsimple/36ccd.nec,ok,ok,0.3567526959814131,0.23899494810029864,1.4927,1
4nec2-models/HFsimple/36dip.nec,ok,ok,0.304489903151989,0.19382788985967636,1.5709,1
4nec2-models/HFsimple/36inv.nec,ok,ok,0.30595944123342633,0.19601734168827534,1.5609,1
4nec2-models/HFsimple/36inv_coat.nec,ok,ok,0.3069856087677181,0.19562485022470355,1.5693,1
4nec2-models/HFsimple/36inv_split.nec,ok,ok,0.3058880581520498,0.19538386445492506,1.5656,1
4nec2-models/HFsimple/70edz.nec,ok,ok,0.35731643298640847,0.21824395935982466,1.6372,1
4nec2-models/HFsimple/CageAlt.nec,ok,ok,0.006898803170770407,0.006832406856119633,,0
4nec2-models/HFsimple/Coax.nec,ok,ok,0.3028197935782373,0.18647499615326524,1.6239,1
4nec2-models/HFsimple/DLoop40.nec,ok,ok,0.21920465910807252,0.1255980092100799,1.7453,1
4nec2-models/HFsimple/EDZ_TL.nec,ok,ok,0.08655241411179304,0.056762415915727615,1.5248,1
4nec2-models/HFsimple/EDZ_mod.nec,ok,ok,0.27146340999752283,0.17237493628636003,1.5748,1
4nec2-models/HFsimple/FANDPL10.nec,ok,ok,0.01786220632493496,0.011583017185330391,,0
4nec2-models/HFsimple/G5RV.nec,ok,ok,0.0038535483181476593,0.0038894261233508587,,0
4nec2-models/HFsimple/Hairpin.nec,ok,ok,0.004759203642606735,0.004553982522338629,,0
4nec2-models/HFsimple/Halfsq40.nec,ok,ok,0.28250453528016806,0.17237543081864715,1.6389,1
4nec2-models/HFsimple/HorLoop80.nec,ok,ok,0.36193122947588563,0.22570164687931538,1.6036,1
4nec2-models/HFsimple/Inv-L.nec,ok,ok,0.42896544747054577,0.21221038280054927,2.0214,1
4nec2-models/HFsimple/Isotrop.nec,ok,ok,0.004475800320506096,0.00467193778604269,,0
4nec2-models/HFsimple/L_match.nec,ok,ok,0.019909541122615337,0.01211363822221756,,0
4nec2-models/HFsimple/LoadPos.nec,ok,ok,0.006305142771452665,0.0052963909693062305,,0
4nec2-models/HFsimple/LoopCirc20.nec,ok,ok,0.0038236775435507298,0.004026245791465044,,0
4nec2-models/HFsimple/Lowdip.nec,ok,ok,0.3593647941015661,0.20738720335066319,1.7328,1
4nec2-models/HFsimple/MagCirc.nec,ok,ok,0.08458842476829886,0.05679205432534218,1.4894,1
4nec2-models/HFsimple/Magnetic.nec,ok,ok,0.08167458046227694,0.05431725736707449,1.5037,1
4nec2-models/HFsimple/Magnetic2.nec,ok,ok,0.006955240853130817,0.004843311384320259,,0
4nec2-models/HFsimple/ParStub.nec,ok,ok,0.0037839123979210854,0.0039213839918375015,,0
4nec2-models/HFsimple/Patch.nec,timeout,timeout,301.25908722216263,301.2818325581029,,0
4nec2-models/HFsimple/Piramid.nec,ok,ok,0.21384085854515433,0.13845552084967494,1.5445,1
4nec2-models/HFsimple/Rectb40.nec,ok,ok,0.279230167157948,0.17105370247736573,1.6324,1
4nec2-models/HFsimple/Rects40.nec,ok,ok,0.278805713634938,0.18205739045515656,1.5314,1
4nec2-models/HFsimple/SLOPE1.nec,ok,ok,0.33152680238708854,0.202456699218601,1.6375,1
4nec2-models/HFsimple/SLOPE3.nec,ok,ok,0.5519308494403958,0.2645261911675334,2.0865,1
4nec2-models/HFsimple/StepRadAGT.nec,ok,ok,0.0199587089009583,0.009646377991884947,,0
4nec2-models/HFsimple/TriangleError.nec,ok,ok,0.004143929574638605,0.004286309238523245,,0
4nec2-models/HFsimple/TriangleLimit.nec,ok,ok,0.014670084696263075,0.00964355282485485,,0
4nec2-models/HFsimple/deltb40.nec,ok,ok,0.2976363692432642,0.1782046090811491,1.6702,1
4nec2-models/HFsimple/delts40.nec,ok,ok,0.3035164372995496,0.17823463771492243,1.7029,1
4nec2-models/HFsimple/fanndp10.nec,ok,ok,0.1631980100646615,0.07635701540857553,2.1373,1
4nec2-models/HFsimple/tr-line.nec,ok,ok,0.3044475866481662,0.19319279165938497,1.5759,1
4nec2-models/HFvertical/40M2EL.nec,ok,ok,0.32430664356797934,0.18377985525876284,1.7646,1
4nec2-models/HFvertical/4SQTL.nec,ok,ok,0.2729765996336937,0.17284405091777444,1.5793,1
4nec2-models/HFvertical/4SQUARE.nec,ok,ok,0.17779958667233586,0.11583991954103112,1.5349,1
4nec2-models/HFvertical/80RDBEAM.nec,ok,ok,0.44453773833811283,0.222249458078295,2.0002,1
4nec2-models/HFvertical/BOBTAIL.nec,ok,ok,0.33961154939606786,0.21833098120987415,1.5555,1
4nec2-models/HFvertical/Bloem.nec,ok,ok,0.25820194045081735,0.14818446151912212,1.7424,1
4nec2-models/HFvertical/BurRad.nec,ok,ok,0.3670006403699517,0.19677994353696704,1.8650,1
4nec2-models/HFvertical/CARDIOID.nec,ok,ok,0.2021948886103928,0.12810578243806958,1.5783,1
4nec2-models/HFvertical/CardTL.nec,ok,ok,0.202919764444232,0.12812215741723776,1.5838,1
4nec2-models/HFvertical/ElevatRad.nec,ok,ok,0.5105396825820208,0.23353551980108023,2.1861,1
4nec2-models/HFvertical/GNDPLANE.nec,ok,ok,0.004077699966728687,0.00424896040931344,,0
4nec2-models/HFvertical/GP80.nec,ok,ok,0.30229466361925006,0.19280693540349603,1.5679,1
4nec2-models/HFvertical/GndScreen.nec,ok,ok,0.824705024715513,0.2885932307690382,2.8577,1
4nec2-models/HFvertical/Gwave.nec,ok,ok,0.1334043126553297,0.09346757782623172,1.4273,1
4nec2-models/HFvertical/Isolators.nec,ok,ok,0.35279087955132127,0.1948474650271237,1.8106,1
4nec2-models/HFvertical/Lowdip.nec,ok,ok,0.3617508397437632,0.20723236072808504,1.7456,1
4nec2-models/HFvertical/Phased GP.nec,ok,ok,0.026610078755766153,0.011010322719812393,,0
4nec2-models/HFvertical/Phased array Trans-line.nec,ok,ok,0.2312879771925509,0.13517973897978663,1.7110,1
4nec2-models/HFvertical/TOPLOAD.nec,ok,ok,0.2253968771547079,0.14564261632040143,1.5476,1
4nec2-models/HFvertical/Varray.nec,ok,ok,0.3389090853743255,0.2076180772855878,1.6324,1
4nec2-models/HFvertical/VertHats.nec,ok,ok,0.2898448118939996,0.13840846391394734,2.0941,1
4nec2-models/LFvertical/cutler_single .nec,ok,ok,9.834936626255512,1.9911803817376494,4.9392,1
4nec2-models/Nec4/Catenary.nec,ok,ok,0.0061743916012346745,0.005595459137111902,,0
4nec2-models/Objects/4nec2.nec,ok,ok,0.0798772401176393,0.04422045173123479,,0
4nec2-models/Objects/747plane.nec,ok,ok,5.805358674377203,1.1651498624123633,4.9825,1
4nec2-models/Objects/GM_test.nec,ok,ok,4.543194384779781,1.4604626409709454,3.1108,1
4nec2-models/Objects/Horn.nec,ok-no-source,ok-no-source,2.160857534967363,0.7204787135124207,,0
4nec2-models/Objects/Illuminate.nec,ok,ok,3.2025256738997996,0.7249897569417953,4.4173,1
4nec2-models/Objects/NearFld.nec,ok,ok,2.385139526799321,0.6597848399542272,3.6150,1
4nec2-models/Objects/Ship1.nec,ok,ok,0.9584626192227006,0.2842762270011008,3.3716,1
4nec2-models/Objects/TL-test.nec,ok,ok,0.15615662652999163,0.08408613177016377,1.8571,1
4nec2-models/Objects/Tank.nec,ok-no-source,ok-no-source,0.03454317292198539,0.02005317062139511,,0
4nec2-models/Objects/Van.nec,ok-no-source,ok-no-source,0.09157493989914656,0.047521721571683884,,0
4nec2-models/Objects/Vehicle.nec,ok,ok,0.09211435774341226,0.05899688275530934,1.5613,1
4nec2-models/Objects/car.nec,ok,ok,1.0265225642360747,0.3208852354437113,3.1990,1
4nec2-models/Objects/car_1.nec,ok,ok,0.23023977037519217,0.11088609369471669,2.0764,1
4nec2-models/VHFbeams/10RA432.nec,ok,ok,0.007502309046685696,0.006852220743894577,,0
4nec2-models/VHFbeams/12el430.nec,ok,ok,0.009941646829247475,0.007984962780028582,,0
4nec2-models/VHFbeams/215DX.nec,ok,ok,0.06511049205437303,0.028825863264501095,,0
4nec2-models/VHFbeams/216CP.nec,ok,ok,0.1041788156144321,0.04756523249670863,,0
4nec2-models/VHFbeams/23DF.nec,ok,ok,0.008036061655730009,0.007944601122289896,,0
4nec2-models/VHFbeams/28DX.nec,ok,ok,0.07333084335550666,0.030734102707356215,,0
4nec2-models/VHFbeams/2SA.nec,ok,ok,1.8341540484689176,1.0809882171452045,1.6967,1
4nec2-models/VHFbeams/4x20ra.nec,ok,ok,0.15299528976902366,0.05692833894863725,2.6875,1
4nec2-models/VHFbeams/5Vquad.nec,ok,ok,0.020317527931183577,0.012200154829770327,,0
4nec2-models/VHFbeams/5elDdelta.nec,ok,ok,0.06678211409598589,0.0301245148293674,,0
4nec2-models/VHFbeams/5elDquad.nec,ok,ok,0.045605748891830444,0.02179679088294506,,0
4nec2-models/VHFbeams/BIQDFEED.nec,ok,ok,1.0226491233333945,0.3540002186782658,2.8888,1
4nec2-models/VHFbeams/DLW6U.nec,ok,ok,1.4565148022957146,0.33942457661032677,4.2911,1
4nec2-models/VHFbeams/DipReflGW.nec,error,error,0.5340526252985001,0.19666382391005754,,0
4nec2-models/VHFbeams/EMEyagi.nec,ok,ok,0.02137471828609705,0.012265791650861502,,0
4nec2-models/VHFbeams/GSM_yagi.nec,ok,ok,0.33627209113910794,0.17146504344418645,1.9612,1
4nec2-models/VHFbeams/JBL.nec,ok,ok,4.546561727300286,1.4629110372625291,3.1079,1
4nec2-models/VHFbeams/Parab50.nec,ok,ok,8.671840624883771,3.0312967682257295,2.8608,1
4nec2-models/VHFbeams/QFH1280.nec,ok,ok,0.00606095464900136,0.005798886995762587,,0
4nec2-models/VHFbeams/TV_uhf.nec,ok,ok,0.050227371510118246,0.02535304706543684,,0
4nec2-models/VHFbeams/Vyagi22.nec,ok,ok,0.019234572537243366,0.018075105734169483,,0
4nec2-models/VHFbeams/Yagi16.nec,ok,ok,0.007174913305789232,0.005606456659734249,,0
4nec2-models/VHFbeams/atl50E.nec,ok,ok,0.8236984321847558,0.2601671330630779,3.1660,1
4nec2-models/VHFbeams/atl50e-h.nec,ok,ok,0.9344064327888191,0.29080055886879563,3.2132,1
4nec2-models/VHFbeams/bisq7.nec,ok,ok,0.06827842956408858,0.046080897096544504,,0
4nec2-models/VHFbeams/corner.nec,ok,ok,0.026443107519298792,0.016949355136603117,,0
4nec2-models/VHFbeams/fm6.nec,ok,ok,0.010770117398351431,0.009181872941553593,,0
4nec2-models/VHFbeams/gridyagi.nec,ok,ok,0.8655937467701733,0.26501665310934186,3.2662,1
4nec2-models/VHFbeams/hel10ua.nec,ok,ok,0.452260454185307,0.1464504860341549,3.0881,1
4nec2-models/VHFbeams/helix.nec,ok,ok,1.1050815558992326,0.27755209850147367,3.9815,1
4nec2-models/VHFbeams/i5tdjii.nec,ok,ok,0.0374294426292181,0.01776623399928212,,0
4nec2-models/VHFbeams/qfh137.nec,ok,ok,1.2662825845181942,0.6036790744401515,2.0976,1
4nec2-models/VHFbeams/quad7.nec,ok,ok,0.011349772568792105,0.009711980354040861,,0
4nec2-models/VHFmultiband/402_306 146 MHz.nec,ok,ok,0.010748473461717367,0.008318694774061441,,0
4nec2-models/VHFmultiband/Dc8ce.nec,ok,ok,0.12984775099903345,0.05814862810075283,2.2330,1
4nec2-models/VHFmultiband/SpiralAntennaCenterFeed.nec,ok,ok,27.399429260287434,13.783352464437485,1.9879,1
4nec2-models/VHFmultiband/ez2309.nec,ok,ok,0.07769026048481464,0.045259993989020586,,0
4nec2-models/VHFsimple/2mGP.nec,ok,ok,0.010660686995834112,0.0080275465734303,,0
4nec2-models/VHFsimple/2meteradr.nec,ok,ok,0.10494996700435877,0.05512703862041235,1.9038,1
4nec2-models/VHFsimple/CircDip3.nec,ok,ok,0.0038288249634206295,0.004018752835690975,,0
4nec2-models/VHFsimple/CoaxEnd.nec,ok,ok,0.32319515477865934,0.16296251118183136,1.9832,1
4nec2-models/VHFsimple/Dquad.nec,ok,ok,0.004241163842380047,0.005194324534386396,,0
4nec2-models/VHFsimple/Generator.nec,ok,ok,0.07508932705968618,0.05856943875551224,1.2821,1
4nec2-models/VHFsimple/Helix.nec,ok,ok,0.010733294766396284,0.008081805426627398,,0
4nec2-models/VHFsimple/J-ant.nec,ok,ok,0.009211070369929075,0.006700261030346155,,0
4nec2-models/VHFsimple/T-box.nec,ok,ok,0.34754307521507144,0.12286381889134645,2.8287,1
4nec2-models/VHFsimple/dip_curv_6m.nec,ok,ok,0.006110703106969595,0.0051995618268847466,,0
4nec2-models/VHFsimple/gpflat2m.nec,ok,ok,0.011100490111857653,0.007996250875294209,,0
4nec2-models/VHFsimple/gpslop2m.nec,ok,ok,0.01100785844027996,0.007820524275302887,,0
4nec2-models/VHFsimple/halfsq2m.nec,ok,ok,0.054209908936172724,0.0183119410648942,,0
4nec2-models/VHFsimple/masters.nec,ok,ok,0.007755072321742773,0.007472213823348284,,0
4nec2-models/VHFsimple/sterba.nec,ok,ok,0.013942733407020569,0.009674660861492157,,0
4nec2-models/VHFsimple/thick.nec,ok,ok,0.5168542177416384,0.16514190705493093,3.1298,1
4nec2-models/VHFsimple/wheeler.nec,ok,ok,0.006839387118816376,0.006391198839992285,,0
4nec2-models/zz_EZnec/v3.0/15MQUAD.nec,ok,ok,0.004407108295708895,0.004586768802255392,,0
4nec2-models/zz_EZnec/v3.0/20M5ELYA.nec,ok,ok,0.0068953209556639194,0.005795764271169901,,0
4nec2-models/zz_EZnec/v3.0/4SQTL.nec,ok,ok,0.27275930857285857,0.1735955635085702,1.5712,1
4nec2-models/zz_EZnec/v3.0/4SQUARE.nec,ok,ok,0.27130809472873807,0.1723361499607563,1.5743,1
4nec2-models/zz_EZnec/v3.0/BYDipole.nec,ok,ok,0.2865700186230242,0.183795225340873,1.5592,1
4nec2-models/zz_EZnec/v3.0/BYVee.nec,ok,ok,0.28753320313990116,0.18365560984238982,1.5656,1
4nec2-models/zz_EZnec/v3.0/CardTL.nec,ok,ok,0.00451434263959527,0.003934998530894518,,0
4nec2-models/zz_EZnec/v3.0/Cardioid.nec,ok,ok,0.0035867244005203247,0.003704596310853958,,0
4nec2-models/zz_EZnec/v3.0/DipTL.nec,ok,ok,0.3025317988358438,0.1868595201522112,1.6190,1
4nec2-models/zz_EZnec/v3.0/Dipole1.nec,ok,ok,0.003409386146813631,0.003877590410411358,,0
4nec2-models/zz_EZnec/v3.0/ELEVRAD1.nec,ok,ok,0.30847281450405717,0.19671506620943546,1.5681,1
4nec2-models/zz_EZnec/v3.0/ELEVRAD2.nec,ok,ok,0.5103212301619351,0.23334289761260152,2.1870,1
4nec2-models/zz_EZnec/v3.0/FDSP.nec,ok,ok,0.3009107396937907,0.19036365440115333,1.5807,1
4nec2-models/zz_EZnec/v3.0/K5RP.nec,ok,ok,0.2792012272402644,0.17207131534814835,1.6226,1
4nec2-models/zz_EZnec/v3.0/LOGPER.nec,ok,ok,0.00972818722948432,0.008552677929401398,,0
4nec2-models/zz_EZnec/v3.0/LOGPERTL.nec,ok,ok,0.006331531330943108,0.005648555234074593,,0
4nec2-models/zz_EZnec/v3.0/N4PCLOOP.nec,ok,ok,0.33788527362048626,0.1993362857028842,1.6951,1
4nec2-models/zz_EZnec/v3.0/NBSYAGI.nec,ok,ok,0.0038554533384740353,0.004330966155976057,,0
4nec2-models/zz_EZnec/v3.0/VHFGP.nec,ok,ok,0.007186248432844877,0.005996865686029196,,0
4nec2-models/zz_EZnec/v3.0/Vert1.nec,ok,ok,0.0787593899294734,0.05252910032868385,1.4993,1
4nec2-models/zz_EZnec/v3.0/W8JK.nec,ok,ok,0.2564224493689835,0.16220964025706053,1.5808,1
4nec2-models/zz_MiniNec/ActiveFeed/2 el activ VP2E 40m.nec,ok,ok,0.3306646514683962,0.1842740406282246,1.7944,1
4nec2-models/zz_MiniNec/ActiveFeed/2D40MB10_multinec.nec,ok,ok,0.005027469713240862,0.004905242472887039,,0
4nec2-models/zz_MiniNec/ActiveFeed/4 el Delta act.nec,ok,ok,0.021214674226939678,0.011966840829700232,,0
4nec2-models/zz_MiniNec/ActiveFeed/40m 4square.nec,ok,ok,0.0046965014189481735,0.004534694366157055,,0
4nec2-models/zz_MiniNec/ActiveFeed/HB9CVH.nec,ok,ok,0.005006091203540564,0.004766068421304226,,0
4nec2-models/zz_MiniNec/ActiveFeed/HB9CVW.nec,ok,ok,0.004667296074330807,0.004686752334237099,,0
4nec2-models/zz_MiniNec/Feeders/025lambda_trans.nec,ok,ok,0.010038098320364952,0.007875777781009674,,0
4nec2-models/zz_MiniNec/Feeders/FEEDER.nec,ok,ok,0.003819864708930254,0.004006579052656889,,0
4nec2-models/zz_MiniNec/HFAperiodic/2elK9AY-1.nec,ok,ok,0.22749957954511046,0.14218717999756336,1.6000,1
4nec2-models/zz_MiniNec/HFAperiodic/BEVERAGE.nec,ok,ok,0.37653976306319237,0.24038211209699512,1.5664,1
4nec2-models/zz_MiniNec/HFAperiodic/D2T.nec,ok,ok,0.2106564324349165,0.12918679974973202,1.6306,1
4nec2-models/zz_MiniNec/HFAperiodic/EWE.nec,ok,ok,0.22347825905308127,0.1430804212577641,1.5619,1
4nec2-models/zz_MiniNec/HFAperiodic/Flag K6SE.nec,ok,ok,0.08385951677337289,0.056482150219380856,1.4847,1
4nec2-models/zz_MiniNec/HFAperiodic/RHOMBIC.nec,ok,ok,0.7251262101344764,0.2797142453491688,2.5924,1
4nec2-models/zz_MiniNec/HFAperiodic/Semirhomb.nec,ok,ok,0.41446898924186826,0.2336738188751042,1.7737,1
4nec2-models/zz_MiniNec/HFAperiodic/T2FD.nec,ok,ok,0.20703471545130014,0.12176536209881306,1.7003,1
4nec2-models/zz_MiniNec/HFAperiodic/beverage200.nec,ok,ok,0.8835013024508953,0.27447447553277016,3.2189,1
4nec2-models/zz_MiniNec/HFAperiodic/widebanddip.nec,ok,ok,0.3053284869529307,0.19102993048727512,1.5983,1
4nec2-models/zz_MiniNec/HFbeams/2CQ20.nec,ok,ok,0.10393394762650132,0.0609171655960381,1.7062,1
4nec2-models/zz_MiniNec/HFbeams/2DELTA20.nec,ok,ok,0.014950856100767851,0.011236754711717367,,0
4nec2-models/zz_MiniNec/HFbeams/2ELQUAD.nec,ok,ok,1.0432767979800701,0.23271052399650216,4.4832,1
4nec2-models/zz_MiniNec/HFbeams/2ELVP15.nec,ok,ok,0.00520153995603323,0.005090027116239071,,0
4nec2-models/zz_MiniNec/HFbeams/2ELVP20.nec,ok,ok,0.006728384178131819,0.0065329051576554775,,0
4nec2-models/zz_MiniNec/HFbeams/2el.delta.20m.nec,ok,ok,0.3303919546306133,0.19734917161986232,1.6741,1
4nec2-models/zz_MiniNec/HFbeams/2elQuad W1HXU.nec,ok,ok,0.08864516392350197,0.03377461992204189,,0
4nec2-models/zz_MiniNec/HFbeams/3EL20.nec,ok,ok,0.10594609519466758,0.061501323245465755,1.7227,1
4nec2-models/zz_MiniNec/HFbeams/3el GP80 CW.nec,ok,ok,0.3021660731174052,0.1925114174373448,1.5696,1
4nec2-models/zz_MiniNec/HFbeams/4EL20.nec,ok,ok,0.3232503370381892,0.1944994363002479,1.6620,1
4nec2-models/zz_MiniNec/HFbeams/4EL20HM.nec,ok,ok,0.010129488073289394,0.00808510696515441,,0
4nec2-models/zz_MiniNec/HFbeams/4_4RZT_2.nec,ok,ok,0.310484541580081,0.10683994647115469,2.9061,1
4nec2-models/zz_MiniNec/HFbeams/5EL20.nec,ok,ok,0.010934529360383749,0.008408010005950928,,0
4nec2-models/zz_MiniNec/HFbeams/6EL10.nec,ok,ok,0.010200794320553541,0.007928274106234312,,0
4nec2-models/zz_MiniNec/HFbeams/DL9JFT Yagi 14.nec,ok,ok,0.00464268634095788,0.004738038871437311,,0
4nec2-models/zz_MiniNec/HFbeams/DX415TT.nec,ok,ok,0.3053607610054314,0.17426078906282783,1.7523,1
4nec2-models/zz_MiniNec/HFbeams/Diamond Quadx2 14.nec,ok,ok,0.027951345779001713,0.01550061721354723,,0
4nec2-models/zz_MiniNec/HFbeams/JungleJob.nec,ok,ok,0.004016013350337744,0.00413726270198822,,0
4nec2-models/zz_MiniNec/HFbeams/LPDA15.nec,ok,ok,0.31630348274484277,0.1065338496118784,2.9690,1
4nec2-models/zz_MiniNec/HFbeams/M2CQ.nec,ok,ok,0.01812370214611292,0.013159191701561213,,0
4nec2-models/zz_MiniNec/HFbeams/Rhomb10.nec,ok,ok,0.19782683067023754,0.08183176536113024,2.4175,1
4nec2-models/zz_MiniNec/HFbeams/W2EEY.nec,ok,ok,0.007730027660727501,0.007181687746196985,,0
4nec2-models/zz_MiniNec/HFbeams/XQ20.nec,ok,ok,0.4573878445662558,0.21065060002729297,2.1713,1
4nec2-models/zz_MiniNec/HFbeams/ZL20.nec,ok,ok,0.15762028750032187,0.07453533168882132,2.1147,1
4nec2-models/zz_MiniNec/HFmultiband/10-18-24GP.nec,ok,ok,0.23647917388007045,0.13961986685171723,1.6937,1
4nec2-models/zz_MiniNec/HFmultiband/28_21_14V3.nec,ok,ok,0.005982047412544489,0.005218104925006628,,0
4nec2-models/zz_MiniNec/HFmultiband/3.5-7-14-28offsetdip-1.nec,ok,ok,0.16919511836022139,0.0756371645256877,2.2369,1
4nec2-models/zz_MiniNec/HFmultiband/3e lTriband Yagi.nec,ok,ok,0.32963648391887546,0.1972585739567876,1.6711,1
4nec2-models/zz_MiniNec/HFmultiband/4_4RZT_2.nec,ok,ok,0.3108780491165817,0.10585010005161166,2.9370,1
4nec2-models/zz_MiniNec/HFmultiband/8b Delta Loop.nec,ok,ok,0.3407699214294553,0.2032802882604301,1.6764,1
4nec2-models/zz_MiniNec/HFmultiband/DBLDP.nec,ok,ok,0.0930780079215765,0.060373260639607906,1.5417,1
4nec2-models/zz_MiniNec/HFmultiband/DUAL2EL.nec,ok,ok,0.08900508610531688,0.057026180904358625,1.5608,1
4nec2-models/zz_MiniNec/HFmultiband/Db54m.nec,ok,ok,0.2796191740781069,0.09613354224711657,2.9087,1
4nec2-models/zz_MiniNec/HFmultiband/Delta160allbands.nec,ok,ok,0.3706013369373977,0.2099766326136887,1.7650,1
4nec2-models/zz_MiniNec/HFmultiband/G5RV.nec,ok,ok,0.3400860084220767,0.19763554818928242,1.7208,1
4nec2-models/zz_MiniNec/HFmultiband/LPDA.nec,ok,ok,0.05315349530428648,0.026428505312651396,,0
4nec2-models/zz_MiniNec/HFmultiband/M2CQW.nec,ok,ok,0.3688640003092587,0.1250140997581184,2.9506,1
4nec2-models/zz_MiniNec/HFmultiband/MCQM.nec,ok,ok,0.014183068182319403,0.009726309683173895,,0
4nec2-models/zz_MiniNec/HFmultiband/MULTDP.nec,ok,ok,0.13317582663148642,0.07101062498986721,1.8754,1
4nec2-models/zz_MiniNec/HFmultiband/MULTDPH.nec,ok,ok,0.18076280411332846,0.11676855571568012,1.5480,1
4nec2-models/zz_MiniNec/HFmultiband/MULTDPHW.nec,ok,ok,0.22526760259643197,0.14475716883316636,1.5562,1
4nec2-models/zz_MiniNec/HFmultiband/MULTDPL.nec,ok,ok,0.34744946332648396,0.21263771736994386,1.6340,1
4nec2-models/zz_MiniNec/HFmultiband/MULTDPW.nec,ok,ok,0.2979953815229237,0.18115996709093451,1.6449,1
4nec2-models/zz_MiniNec/HFmultiband/QuadsUA4IF.nec,ok,ok,0.4086145432665944,0.21294020023196936,1.9189,1
4nec2-models/zz_MiniNec/HFmultiband/SHOEBOX.nec,ok,ok,0.011088270228356123,0.008604160510003567,,0
4nec2-models/zz_MiniNec/HFmultiband/TribandQQ.nec,ok,ok,0.4784118705429137,0.11312799528241158,4.2289,1
4nec2-models/zz_MiniNec/HFmultiband/WARC open sleeve dip.nec,ok,ok,0.2832066575065255,0.17919598566368222,1.5804,1
4nec2-models/zz_MiniNec/HFshort/05 lamda  deform  GP witn feed line.nec,ok,ok,0.28326274547725916,0.1367913489229977,2.0708,1
4nec2-models/zz_MiniNec/HFshort/28_21_14v3.nec,ok,ok,0.004592513665556908,0.004592285491526127,,0
4nec2-models/zz_MiniNec/HFshort/3el short Yagj W1FBY.nec,ok,ok,0.028654714580625296,0.016079855617135763,,0
4nec2-models/zz_MiniNec/HFshort/4X4NJ -1.nec,ok,ok,0.0042778016068041325,0.004393578972667456,,0
4nec2-models/zz_MiniNec/HFshort/80mDLsh.nec,ok,ok,0.21777083911001682,0.14116126066073775,1.5427,1
4nec2-models/zz_MiniNec/HFshort/Auto with GP.nec,ok,ok,0.13751632114872336,0.0778502426110208,1.7664,1
4nec2-models/zz_MiniNec/HFshort/Dipol3_5-7.nec,ok,ok,0.2687475448474288,0.16984246531501412,1.5823,1
4nec2-models/zz_MiniNec/HFshort/Fractal_1.nec,ok,ok,0.3010943019762635,0.17993815848603845,1.6733,1
4nec2-models/zz_MiniNec/HFshort/Gp40short rad.nec,ok,ok,0.23680983111262321,0.14053350128233433,1.6851,1
4nec2-models/zz_MiniNec/HFshort/Lineload75.nec,ok,ok,0.14563875831663609,0.07814543275162578,1.8637,1
4nec2-models/zz_MiniNec/HFshort/MCQM.nec,ok,ok,0.15949242608621716,0.07756034331396222,2.0564,1
4nec2-models/zz_MiniNec/HFshort/QQ21-14short.nec,ok,ok,0.20425951946526766,0.11690943967550993,1.7472,1
4nec2-models/zz_MiniNec/HFshort/SLOPER.nec,ok,ok,0.07849529245868325,0.05331180291250348,1.4724,1
4nec2-models/zz_MiniNec/HFshort/TRIHAT.nec,ok,ok,0.19046352989971638,0.12209151266142726,1.5600,1
4nec2-models/zz_MiniNec/HFshort/TopCap75.nec,ok,ok,0.09896650863811374,0.07342994399368763,1.3478,1
4nec2-models/zz_MiniNec/HFshort/VDP40.nec,ok,ok,0.07887033093720675,0.052785176783800125,1.4942,1
4nec2-models/zz_MiniNec/HFshort/VDP40B.nec,ok,ok,0.07841002941131592,0.05260127130895853,1.4906,1
4nec2-models/zz_MiniNec/HFshort/VDP40C.nec,ok,ok,0.08037975523620844,0.053789508529007435,1.4943,1
4nec2-models/zz_MiniNec/HFshort/W2EEY.nec,ok,ok,0.039333277847617865,0.019374549388885498,,0
4nec2-models/zz_MiniNec/HFshort/WA1MKP.nec,ok,ok,0.21093559358268976,0.1356182680465281,1.5554,1
4nec2-models/zz_MiniNec/HFshort/field day GP short.nec,ok,ok,0.21023709885776043,0.13519370695576072,1.5551,1
4nec2-models/zz_MiniNec/HFshort/short vetr75.nec,ok,ok,0.15682340180501342,0.08177380729466677,1.9178,1
4nec2-models/zz_MiniNec/HFsimple/160m vert gnd tower.nec,ok,ok,0.4042691830545664,0.1803325484506786,2.2418,1
4nec2-models/zz_MiniNec/HFsimple/80mDLdouble.nec,ok,ok,0.02243979275226593,0.012760534416884184,,0
4nec2-models/zz_MiniNec/HFsimple/CB5_8 lambda.nec,ok,ok,0.0949742803350091,0.061115545220673084,1.5540,1
4nec2-models/zz_MiniNec/HFsimple/COLLINEA.nec,ok,ok,0.23270794842392206,0.1426023757085204,1.6319,1
4nec2-models/zz_MiniNec/HFsimple/DIPOL160.nec,ok,ok,0.3076624567620456,0.1962026790715754,1.5681,1
4nec2-models/zz_MiniNec/HFsimple/DP160LD.nec,ok,ok,0.003511185757815838,0.0037738988175988197,,0
4nec2-models/zz_MiniNec/HFsimple/DP20.nec,ok,ok,0.07983573758974671,0.05299995467066765,1.5063,1
4nec2-models/zz_MiniNec/HFsimple/Delta-Gamma.nec,ok,ok,0.004766115453094244,0.004648921545594931,,0
4nec2-models/zz_MiniNec/HFsimple/FD20.nec,ok,ok,0.006322155706584454,0.006176121067255735,,0
4nec2-models/zz_MiniNec/HFsimple/GP with gamma match.nec,ok,ok,0.07632812531664968,0.05116367805749178,1.4918,1
4nec2-models/zz_MiniNec/HFsimple/GP40.nec,ok,ok,0.2754595330916345,0.1754835587926209,1.5697,1
4nec2-models/zz_MiniNec/HFsimple/GP40S.nec,ok,ok,0.18943901592865586,0.12192488322034478,1.5537,1
4nec2-models/zz_MiniNec/HFsimple/Hcollinear14.nec,ok,ok,0.006209820043295622,0.005039601121097803,,0
4nec2-models/zz_MiniNec/HFsimple/Hiquad.nec,ok,ok,0.005134728737175465,0.00505080446600914,,0
4nec2-models/zz_MiniNec/HFsimple/J-ant28.nec,ok,ok,0.08682944858446717,0.057246532291173935,1.5168,1
4nec2-models/zz_MiniNec/HFsimple/LAZY-H.nec,ok,ok,0.010270599741488695,0.00798508245497942,,0
4nec2-models/zz_MiniNec/HFsimple/LONDQUAD.nec,ok,ok,0.30300444550812244,0.19246862269937992,1.5743,1
4nec2-models/zz_MiniNec/HFsimple/LOOP20.nec,ok,ok,0.00406769709661603,0.004207748919725418,,0
4nec2-models/zz_MiniNec/HFsimple/LOOP20C.nec,ok,ok,0.003818549681454897,0.003963748458772898,,0
4nec2-models/zz_MiniNec/HFsimple/Piramida.nec,ok,ok,0.2122330409474671,0.13723549526184797,1.5465,1
4nec2-models/zz_MiniNec/HFsimple/VERT20.nec,ok,ok,0.07919944869354367,0.05246069608256221,1.5097,1
4nec2-models/zz_MiniNec/HFsimple/VERT20M.nec,ok,ok,0.0823062565177679,0.05485923308879137,1.5003,1
4nec2-models/zz_MiniNec/HFsimple/VERT53.nec,ok,ok,0.08985144970938563,0.05820378428325057,1.5437,1
4nec2-models/zz_MiniNec/HFsimple/VERT58.nec,ok,ok,0.08791899448260665,0.05623021721839905,1.5636,1
4nec2-models/zz_MiniNec/HFsimple/VP2E 40m.nec,ok,ok,0.2683193194679916,0.17072441428899765,1.5717,1
4nec2-models/zz_MiniNec/HFsimple/VP2E-CW.nec,ok,ok,0.2972197076305747,0.18960655806586146,1.5676,1
4nec2-models/zz_MiniNec/HFsimple/Vcollinear28.nec,ok,ok,0.19108670391142368,0.1226140190847218,1.5584,1
4nec2-models/zz_MiniNec/HFsimple/Vert20s.nec,ok,ok,0.08046298613771796,0.05272520100697875,1.5261,1
4nec2-models/zz_MiniNec/HFsimple/VertUA3SFH.nec,ok,ok,0.08074073866009712,0.053390900138765574,1.5123,1
4nec2-models/zz_MiniNec/HFsimple/WINDOM.nec,ok,ok,0.025239882059395313,0.01235631899908185,,0
4nec2-models/zz_MiniNec/HFsimple/end feer dipole.nec,ok,ok,0.27101166686043143,0.17264197394251823,1.5698,1
4nec2-models/zz_MiniNec/HFsimple/wideInvV80.nec,ok,ok,0.33107643527910113,0.19701338047161698,1.6805,1
4nec2-models/zz_MiniNec/MagLoops/MAGLOOPT.nec,ok,ok,0.08395815780386329,0.05576955759897828,1.5054,1
4nec2-models/zz_MiniNec/Stacks/2X6EL10.nec,ok,ok,0.1944721732288599,0.05473353387787938,3.5531,1
4nec2-models/zz_MiniNec/Stacks/2x4elTwin Delta Loop 145 MHz.nec,ok,ok,0.1847396013326943,0.07116366224363446,2.5960,1
4nec2-models/zz_MiniNec/Stacks/4X12.nec,ok,ok,0.03912097215652466,0.02724761888384819,,0
4nec2-models/zz_MiniNec/Stacks/4xQQ.nec,ok,ok,0.29674373427405953,0.1586591904051602,1.8703,1
4nec2-models/zz_MiniNec/Stacks/syack3el20.nec,ok,ok,0.12816233141347766,0.07522944547235966,1.7036,1
4nec2-models/zz_MiniNec/Stacks/zigzag2x10 el 2 m.nec,ok,ok,0.06460775015875697,0.027711228001862764,,0
4nec2-models/zz_MiniNec/VHFbeams/12CQ430.nec,ok,ok,0.06987963570281863,0.030844594351947308,,0
4nec2-models/zz_MiniNec/VHFbeams/12EL23CM.nec,ok,ok,0.03382241213694215,0.01789763942360878,,0
4nec2-models/zz_MiniNec/VHFbeams/12EL430.nec,ok,ok,0.010157766286283731,0.008004829753190279,,0
4nec2-models/zz_MiniNec/VHFbeams/144-5Yagi.nec,ok,ok,0.006401245482265949,0.005982502829283476,,0
4nec2-models/zz_MiniNec/VHFbeams/15EL23CM.nec,ok,ok,0.02633075648918748,0.01364794373512268,,0
4nec2-models/zz_MiniNec/VHFbeams/3DQ6.nec,ok,ok,0.01781824277713895,0.013002609834074974,,0
4nec2-models/zz_MiniNec/VHFbeams/3HENT.nec,ok,ok,0.017402335535734892,0.011203289963304996,,0
4nec2-models/zz_MiniNec/VHFbeams/4DELTA6.nec,ok,ok,0.020143290050327778,0.012430396862328053,,0
4nec2-models/zz_MiniNec/VHFbeams/4X12.nec,ok,ok,0.03870035149157047,0.02735227905213833,,0
4nec2-models/zz_MiniNec/VHFbeams/5CQ2.nec,ok,ok,0.02035281201824546,0.012193998321890831,,0
4nec2-models/zz_MiniNec/VHFbeams/5ELTWIND.nec,ok,ok,0.06668351124972105,0.03068228205665946,,0
4nec2-models/zz_MiniNec/VHFbeams/6EL6MW.nec,ok,ok,0.009503510314971209,0.007664368953555822,,0
4nec2-models/zz_MiniNec/VHFbeams/7EL6M.nec,ok,ok,0.010855796746909618,0.008139203768223524,,0
4nec2-models/zz_MiniNec/VHFbeams/7elQuad_GW4CQT.nec,ok,ok,0.271345853805542,0.07131681451573968,3.8048,1
4nec2-models/zz_MiniNec/VHFbeams/8EL2MW.nec,ok,ok,0.06164257088676095,0.022857918869704008,,0
4nec2-models/zz_MiniNec/VHFbeams/8EL6M.nec,ok,ok,0.012827562168240547,0.009174765553325415,,0
4nec2-models/zz_MiniNec/VHFbeams/8EL6MW.nec,ok,ok,0.013900097459554672,0.009632878936827183,,0
4nec2-models/zz_MiniNec/VHFbeams/Crosspol144.nec,ok,ok,0.013579819817095995,0.01098689902573824,,0
4nec2-models/zz_MiniNec/VHFbeams/DK7ZB-2.nec,ok,ok,0.005339235533028841,0.00489909527823329,,0
4nec2-models/zz_MiniNec/VHFbeams/MIRROR.nec,ok,ok,1.9424150600098073,0.4822055012919009,4.0282,1
4nec2-models/zz_MiniNec/VHFbeams/USN_StarGP.nec,ok,ok,0.00925426883623004,0.007724630646407604,,0
4nec2-models/zz_MiniNec/VHFbeams/f9ft-2-uu4jcr.nec,ok,ok,0.21933408686891198,0.058807621244341135,3.7297,1
4nec2-models/zz_MiniNec/VHFbeams/f9ft-21-432.nec,ok,ok,0.024564468767493963,0.015033437870442867,,0
4nec2-models/zz_MiniNec/VHFsimple/144OMNI.nec,ok,ok,0.003896975889801979,0.00410414906218648,,0
4nec2-models/zz_MiniNec/VHFsimple/6SKYDOOR.nec,ok,ok,0.004330218303948641,0.004395126830786467,,0
4nec2-models/zz_MiniNec/VHFsimple/CR2.nec,ok,ok,0.10290254512801766,0.04624997964128852,,0
4nec2-models/zz_MiniNec/VHFsimple/Discon55-200.nec,ok,ok,0.010051830671727657,0.008554976433515549,,0
4nec2-models/zz_MiniNec/VHFsimple/GP144-435.nec,ok,ok,0.1083368482068181,0.07027561403810978,1.5416,1
4nec2-models/zz_MiniNec/VHFsimple/HENTENNA.nec,ok,ok,0.2122181304730475,0.12329682800918818,1.7212,1
4nec2-models/zz_MiniNec/VHFsimple/Helix145.nec,ok,ok,0.10597520368173718,0.06880760053172708,1.5402,1
4nec2-models/zz_MiniNec/VHFsimple/Isotrop2.nec,ok,ok,0.0348305101506412,0.0178071241825819,,0
4nec2-models/zz_MiniNec/VHFsimple/J-ant144.nec,ok,ok,0.00936103519052267,0.006770727690309286,,0
4nec2-models/zz_MiniNec/VHFsimple/TWIND.nec,ok,ok,0.0041912514716386795,0.004654275719076395,,0
4nec2-models/zz_MiniNec/VHFsimple/TWINLOOP.nec,ok,ok,0.003924533724784851,0.004142714198678732,,0
antenna-modeling/2el-yagi-freespace.nec,ok,ok,0.7979222638532519,0.5055926572531462,1.5782,1
antenna-modeling/2el-yagi-halfwl.nec,ok,ok,0.863194779958576,0.5310876946896315,1.6253,1
antenna-modeling/2el-yagi-high.nec,ok,ok,0.8700648746453226,0.5308668632060289,1.6390,1
antenna-modeling/2m-sat-yagi/2m-sat-candidate1-crossed.nec,ok,ok,4.553394030313939,2.092005614656955,2.1766,1
antenna-modeling/2m-sat-yagi/2m-sat-candidate1-drivenonly-long.nec,ok,ok,1.8161266539245844,1.3101811110973358,1.3862,1
antenna-modeling/2m-sat-yagi/2m-sat-candidate1-drivenonly.nec,ok,ok,1.8138285940513015,1.301408851519227,1.3937,1
antenna-modeling/2m-sat-yagi/2m-sat-candidate1-inorder.nec,ok,ok,4.554350889287889,2.073168365750462,2.1968,1
antenna-modeling/2m-sat-yagi/2m-sat-candidate1.nec,ok,ok,2.196639115922153,1.2296208566986024,1.7864,1
antenna-modeling/2m-sat-yagi/2m-sat-candidate2-folded-drivenonly.nec,ok,ok,2.555459041148424,1.5111935446038842,1.6910,1
antenna-modeling/2m-sat-yagi/2m-sat-candidate2-thick-crossed-wide.nec,ok,ok,23.62316277064383,10.006016874220222,2.3609,1
antenna-modeling/2m-sat-yagi/2m-sat-candidate2-thick-crossed.nec,ok,ok,5.771427625324577,2.4116769274696708,2.3931,1
antenna-modeling/2m-sat-yagi/2m-sat-candidate2-thick-folded-inorder.nec,ok,ok,2.577359123621136,1.369933005888015,1.8814,1
antenna-modeling/2m-sat-yagi/2m-sat-candidate2-thin-folded-inorder.nec,ok,ok,2.5769370580092072,1.3777286745607853,1.8704,1
antenna-modeling/2m-sat-yagi/bar.nec,ok,ok,5.789891651365906,2.5314512476325035,2.2872,1
antenna-modeling/2m-sat-yagi/foo.nec,ok,ok,1.0182133624330163,0.6180073800496757,1.6476,1
antenna-modeling/2m-sat-yagi/thick-300.nec,ok,ok,1.0195486075244844,0.6180208092555404,1.6497,1
antenna-modeling/2m-sat-yagi/thick-clearboom.nec,ok,ok,2.533980703447014,1.506706427782774,1.6818,1
antenna-modeling/2m-sat-yagi/thin-5.nec,ok,ok,1.0963089438155293,0.6365505806170404,1.7223,1
antenna-modeling/2m-sat-yagi/thin-clearboom.nec,ok,ok,2.5399543177336454,1.5081915217451751,1.6841,1
antenna-modeling/2m-sat-yagi/thin.nec,ok,ok,1.0196063541807234,0.6160137145780027,1.6552,1
antenna-modeling/2m-yagi-5el-calculated.nec,ok,ok,0.92805340513587,0.5525467027910054,1.6796,1
antenna-modeling/2m-yagi-test1.nec,ok,ok,1.081015766132623,0.6111532803624868,1.7688,1
antenna-modeling/General 6-Band G3TXQ Broadband Hex Beam.nec,ok,ok,0.7429461972787976,0.1444057789631188,5.1449,1
antenna-modeling/barry.nec,ok,ok,0.6264883526600897,0.37765622045844793,1.6589,1
antenna-modeling/biqdfeed-fixed.nec,ok,ok,10.009454117156565,2.8007487705908716,3.5738,1
antenna-modeling/dipole-10m-gutters.nec,ok,ok,1.3377575622871518,0.6901918561197817,1.9382,1
antenna-modeling/dipole-10m.nec,ok,ok,0.46626718621701,0.29317212849855423,1.5904,1
antenna-modeling/dipole-12m.nec,ok,ok,0.2858792128972709,0.19264643359929323,1.4840,1
antenna-modeling/dipole-15m.nec,ok,ok,1.174175811931491,0.7138147624209523,1.6449,1
antenna-modeling/dipole-17m.nec,ok,ok,0.28439275035634637,0.18998700100928545,1.4969,1
antenna-modeling/dipole-20m-gutters.nec,ok,ok,2.529513204935938,1.2881373525597155,1.9637,1
antenna-modeling/dipole-20m.nec,ok,ok,0.9112225081771612,0.5604245774447918,1.6260,1
antenna-modeling/dipole-30m-gutters.nec,ok,ok,0.6828674403950572,0.35640406236052513,1.9160,1
antenna-modeling/dipole-30m.nec,ok,ok,0.25123089365661144,0.1741020013578236,1.4430,1
antenna-modeling/dipole-40m-gutters.nec,ok,ok,1.949914519675076,1.0236623855307698,1.9048,1
antenna-modeling/dipole-40m.nec,ok,ok,0.7337396945804358,0.4571537245064974,1.6050,1
antenna-modeling/dipole-80m-gutters.nec,ok,ok,3.007369788363576,1.5915717538446188,1.8896,1
antenna-modeling/dipole-80m.nec,ok,ok,1.1571690789423883,0.7298467056825757,1.5855,1
antenna-modeling/dipole-sample-freespace.nec,ok,ok,0.5905348649248481,0.44931251741945744,1.3143,1
antenna-modeling/dipole-sample-halfwl.nec,ok,ok,0.6322415922768414,0.46531907794997096,1.3587,1
antenna-modeling/dipole-sample.nec,ok,ok,0.6343713887035847,0.47453224705532193,1.3368,1
antenna-modeling/foo.nec,ok,ok,1.068914769217372,0.6112124687060714,1.7488,1
antenna-modeling/force12-C3-10m-roof.nec,ok,ok,1.1944295358844101,0.6413814066909254,1.8623,1
antenna-modeling/force12-C3-10m-tower.nec,ok,ok,1.2012978359125555,0.6401828988455236,1.8765,1
antenna-modeling/force12-C3-12m-roof.nec,ok,ok,0.7290536719374359,0.39113716688007116,1.8639,1
antenna-modeling/force12-C3-12m-tower.nec,ok,ok,0.7266747583635151,0.39311878057196736,1.8485,1
antenna-modeling/force12-C3-15m-roof.nec,ok,ok,3.004475856665522,1.6055366238579154,1.8713,1
antenna-modeling/force12-C3-15m-tower.nec,ok,ok,3.013212769292295,1.6124866185709834,1.8687,1
antenna-modeling/force12-C3-17m-roof.nec,ok,ok,0.7139008268713951,0.3851576973684132,1.8535,1
antenna-modeling/force12-C3-17m-tower.nec,ok,ok,0.7391268503852189,0.38828306552022696,1.9036,1
antenna-modeling/force12-C3-20m-roof.nec,ok,ok,2.269723198376596,1.2231008913367987,1.8557,1
antenna-modeling/force12-C3-20m-tower.nec,ok,ok,2.2786916391924024,1.2358819362707436,1.8438,1
antenna-modeling/force12-C3.nec,ok,ok,2.0537471300922334,1.1064771232195199,1.8561,1
antenna-modeling/gbhoyt.nec,ok,ok,34.46573852887377,15.632968735415488,2.2047,1
antenna-modeling/hexbeam-20m.nec,ok,ok,1.179105288349092,0.602813777513802,1.9560,1
antenna-modeling/log_per.nec,ok,ok,0.13252618722617626,0.08016900578513741,1.6531,1
antenna-modeling/rotatable-dipole-40m.nec,ok,ok,0.689832225907594,0.4509604200720787,1.5297,1
antenna-modeling/vertical-sample.nec,ok,ok,14.072775683365762,6.723204033449292,2.0932,1
antenna-modeling/yagi.nec,ok,ok,1.0683023785240948,0.606551299802959,1.7613,1
antenna-modeling/yagitools/2m-sat-candidate1-crossed.nec,ok,ok,2.2702576532028615,1.0395610639825463,2.1839,1
antenna-modeling/yagitools/2m-sat-candidate1-drivenonly.nec,ok,ok,1.8097057095728815,1.3132032956928015,1.3781,1
antenna-modeling/yagitools/2m-sat-candidate1-inorder.nec,ok,ok,2.2000701809301972,1.231061180587858,1.7871,1
antenna-modeling/yagitools/2m-sat-candidate1.nec,ok,ok,1.1020289119333029,0.6115877963602543,1.8019,1
antenna-modeling/yagitools/ON6MU-adjusted.nec,ok,ok,6.558789809700102,3.92424145527184,1.6714,1
antenna-modeling/yagitools/ON6MU-adjusted2.nec,ok,ok,6.5376544669270515,3.5733853387646377,1.8295,1
antenna-modeling/yagitools/ON6MU-adjusted3.nec,ok,ok,6.564795120619237,3.664340883027762,1.7915,1
antenna-modeling/yagitools/ON6MU-adjusted4-allthick.nec,ok,ok,2.1918774168007076,1.2201666198670864,1.7964,1
antenna-modeling/yagitools/ON6MU-adjusted4-refthick.nec,ok,ok,2.2141060954891145,1.2230123826302588,1.8104,1
antenna-modeling/yagitools/ON6MU-adjusted4.nec,ok,ok,2.2008493719622493,1.2228267989121377,1.7998,1
antenna-modeling/yagitools/ON6MU.nec,ok,ok,6.562321554869413,3.6418014732189476,1.8019,1
antenna-modeling/yagitools/dipole.nec,ok,ok,0.4985959604382515,0.3164849691092968,1.5754,1
antenna-modeling/yagitools/foo.nec,ok,ok,0.9356919499114156,0.5487617640756071,1.7051,1
arcanum/dumbbell-ori.nec,ok,ok,0.023884304333478212,0.020739594008773565,,0
arcanum/half-wave-dipole.nec,ok,ok,0.015530028846114874,0.016201533377170563,,0
arcanum/yagi-3el.nec,ok,ok,0.019664274994283915,0.01870363811030984,,0
arrl/DIP.nec,ok,ok,0.006226713769137859,0.006659135688096285,,0
arrl/LOOP.nec,ok-no-source,ok-no-source,0.003160365391522646,0.0033430587500333786,,0
arrl/LPER.nec,ok,ok,0.036372161004692316,0.026034098118543625,,0
arrl/W1JR.nec,ok,ok,0.03245423035696149,0.01787356985732913,,0
arthurcadore/dipole/SimpleReflector.nec,ok,ok,0.0036856019869446754,0.004369243048131466,,0
arthurcadore/dipole/phaseShift16Arragement.nec,ok,ok,0.04531370662152767,0.02105736592784524,,0
arthurcadore/dipole/simple2Arragment.nec,ok,ok,0.004196659196168184,0.004324593581259251,,0
arthurcadore/dipole/simple4Arragment.nec,ok,ok,0.0058860075660049915,0.004955962300300598,,0
arthurcadore/dipole/turnStile.nec,ok,ok,0.005906722974032164,0.0050588021986186504,,0
arthurcadore/helical/helical-simple.nec,ok,ok,0.08693371759727597,0.050329056568443775,1.7273,1
arthurcadore/yagiUda/yagi4Directors.nec,ok,ok,0.010796907357871532,0.00810848269611597,,0
cebik-w4rnl/Basic-Intermediate-Tutorial-Models/EZNEC/partc/20-6-4.nec,ok,ok,0.012137914076447487,0.008723907172679901,,0
cebik-w4rnl/Basic-Intermediate-Tutorial-Models/Tutorial-1/1-1.nec,ok,ok,0.27201507426798344,0.1744778254069388,1.5590,1
cebik-w4rnl/Basic-Intermediate-Tutorial-Models/Tutorial-1/10-1-1.nec,ok,ok,0.016120366286486387,0.012301159091293812,,0
cebik-w4rnl/Basic-Intermediate-Tutorial-Models/Tutorial-1/10-1-2.nec,ok,ok,0.016197682823985815,0.011875633616000414,,0
cebik-w4rnl/Basic-Intermediate-Tutorial-Models/Tutorial-1/10-1-3.nec,ok,ok,0.016271091997623444,0.011861453298479319,,0
cebik-w4rnl/Basic-Intermediate-Tutorial-Models/Tutorial-1/10-1-3A.nec,ok,ok,0.016135815531015396,0.01238293293863535,,0
cebik-w4rnl/Basic-Intermediate-Tutorial-Models/Tutorial-1/10-1-4.nec,ok,ok,0.016240546014159918,0.012318046297878027,,0
cebik-w4rnl/Basic-Intermediate-Tutorial-Models/Tutorial-1/10-2-1.nec,ok,ok,0.029736920725554228,0.017113198060542345,,0
cebik-w4rnl/Basic-Intermediate-Tutorial-Models/Tutorial-1/10-2-2.nec,ok,ok,0.029668542090803385,0.01716207480058074,,0
cebik-w4rnl/Basic-Intermediate-Tutorial-Models/Tutorial-1/10-2-3.nec,ok,ok,0.029871496837586164,0.017043374478816986,,0
cebik-w4rnl/Basic-Intermediate-Tutorial-Models/Tutorial-1/10-2-3A.nec,ok,ok,0.05355393001809716,0.026545336935669184,,0
cebik-w4rnl/Basic-Intermediate-Tutorial-Models/Tutorial-1/10-2-4.nec,ok,ok,0.03012344939634204,0.01689571188762784,,0
cebik-w4rnl/Basic-Intermediate-Tutorial-Models/Tutorial-1/10-3-1.nec,ok,ok,0.014399100095033646,0.011120747774839401,,0
cebik-w4rnl/Basic-Intermediate-Tutorial-Models/Tutorial-1/10-3-2.nec,ok,ok,0.005338605493307114,0.005659767426550388,,0
cebik-w4rnl/Basic-Intermediate-Tutorial-Models/Tutorial-1/10-4-1.nec,ok,ok,0.009071676526218653,0.007110637612640858,,0
cebik-w4rnl/Basic-Intermediate-Tutorial-Models/Tutorial-1/10-4-2.nec,ok,ok,0.009468398988246918,0.007308698259294033,,0
cebik-w4rnl/Basic-Intermediate-Tutorial-Models/Tutorial-1/10-5-1.nec,ok,ok,0.007379856426268816,0.006900746375322342,,0
cebik-w4rnl/Basic-Intermediate-Tutorial-Models/Tutorial-1/10-5-2.nec,ok,ok,0.007322445046156645,0.006823514122515917,,0
cebik-w4rnl/Basic-Intermediate-Tutorial-Models/Tutorial-1/11-1-1.nec,ok,ok,0.08307889522984624,0.03476039879024029,,0
cebik-w4rnl/Basic-Intermediate-Tutorial-Models/Tutorial-1/11-1-2.nec,ok,ok,0.3078281902708113,0.0953472456894815,3.2285,1
cebik-w4rnl/Basic-Intermediate-Tutorial-Models/Tutorial-1/11-1-3.nec,ok,ok,0.30696780188009143,0.09535226691514254,3.2193,1
cebik-w4rnl/Basic-Intermediate-Tutorial-Models/Tutorial-1/11-1.nec,ok,ok,0.052525339648127556,0.025207241531461477,,0
cebik-w4rnl/Basic-Intermediate-Tutorial-Models/Tutorial-1/11-2-1.nec,ok,ok,0.27450610557571054,0.17470496520400047,1.5713,1
cebik-w4rnl/Basic-Intermediate-Tutorial-Models/Tutorial-1/11-2.nec,ok,ok,0.006683437619358301,0.00644926680251956,,0
cebik-w4rnl/Basic-Intermediate-Tutorial-Models/Tutorial-1/11-3-1.nec,ok,ok,0.30843596952036023,0.20258022425696254,1.5225,1
cebik-w4rnl/Basic-Intermediate-Tutorial-Models/Tutorial-1/11-3.nec,ok,ok,0.014543850440531969,0.01096989307552576,,0
cebik-w4rnl/Basic-Intermediate-Tutorial-Models/Tutorial-1/11-4.nec,ok,ok,0.009405681863427162,0.007138527929782867,,0
cebik-w4rnl/Basic-Intermediate-Tutorial-Models/Tutorial-1/11-5.nec,ok,ok,0.014129942283034325,0.011201041750609875,,0
cebik-w4rnl/Basic-Intermediate-Tutorial-Models/Tutorial-1/11-6-1.nec,ok,ok,0.3065445329993963,0.1958731785416603,1.5650,1
cebik-w4rnl/Basic-Intermediate-Tutorial-Models/Tutorial-1/11-6.nec,ok,ok,0.30717617785558105,0.19557226914912462,1.5707,1
cebik-w4rnl/Basic-Intermediate-Tutorial-Models/Tutorial-1/11-7-1.nec,ok,ok,0.1998456483706832,0.061222707852721214,3.2642,1
cebik-w4rnl/Basic-Intermediate-Tutorial-Models/Tutorial-1/11-7.nec,ok,ok,0.19936049496755004,0.0613390039652586,3.2501,1
cebik-w4rnl/Basic-Intermediate-Tutorial-Models/Tutorial-1/11-8-1.nec,ok,ok,0.08083514869213104,0.05418625380843878,1.4918,1
cebik-w4rnl/Basic-Intermediate-Tutorial-Models/Tutorial-1/11-8-1a.nec,ok,ok,0.08073833351954818,0.05427360720932484,1.4876,1
cebik-w4rnl/Basic-Intermediate-Tutorial-Models/Tutorial-1/11-8-1b.nec,ok,ok,0.07541295839473605,0.05110278958454728,1.4757,1
cebik-w4rnl/Basic-Intermediate-Tutorial-Models/Tutorial-1/11-8-1c.nec,ok,ok,0.07550794258713722,0.05116019491106272,1.4759,1
cebik-w4rnl/Basic-Intermediate-Tutorial-Models/Tutorial-1/11-8.nec,ok,ok,0.08050964446738362,0.06771362945437431,1.1890,1
cebik-w4rnl/Basic-Intermediate-Tutorial-Models/Tutorial-1/11-8a.nec,ok,ok,0.08070826437324286,0.05428843153640628,1.4867,1
cebik-w4rnl/Basic-Intermediate-Tutorial-Models/Tutorial-1/12-1.nec,ok,ok,0.00505337119102478,0.00542854331433773,,0
cebik-w4rnl/Basic-Intermediate-Tutorial-Models/Tutorial-1/12-1A.nec,ok,ok,0.005051824264228344,0.005457341205328703,,0
cebik-w4rnl/Basic-Intermediate-Tutorial-Models/Tutorial-1/12-2.nec,ok,ok,0.0050960020162165165,0.005284281447529793,,0
cebik-w4rnl/Basic-Intermediate-Tutorial-Models/Tutorial-1/12-2A.nec,ok,ok,0.005065114237368107,0.005454879254102707,,0
cebik-w4rnl/Basic-Intermediate-Tutorial-Models/Tutorial-1/12-3-1.nec,ok,ok,0.009956791996955872,0.007895353715866804,,0
cebik-w4rnl/Basic-Intermediate-Tutorial-Models/Tutorial-1/12-3.nec,ok,ok,0.01000592764467001,0.007973887957632542,,0
cebik-w4rnl/Basic-Intermediate-Tutorial-Models/Tutorial-1/12-4-1.nec,ok,ok,0.005711036268621683,0.006009165663272142,,0
cebik-w4rnl/Basic-Intermediate-Tutorial-Models/Tutorial-1/12-4-2.nec,ok,ok,0.005736650433391333,0.005897130351513624,,0
cebik-w4rnl/Basic-Intermediate-Tutorial-Models/Tutorial-1/12-4.nec,ok,ok,0.005670482758432627,0.005968658719211817,,0
cebik-w4rnl/Basic-Intermediate-Tutorial-Models/Tutorial-1/12-5-14.nec,ok,ok,0.41768376575782895,0.13038501050323248,3.2035,1
cebik-w4rnl/Basic-Intermediate-Tutorial-Models/Tutorial-1/12-5-18.nec,ok,ok,0.38605559384450316,0.12295727245509624,3.1398,1
cebik-w4rnl/Basic-Intermediate-Tutorial-Models/Tutorial-1/12-5-24.nec,ok,ok,0.30186021188274026,0.0749936643987894,4.0251,1
cebik-w4rnl/Basic-Intermediate-Tutorial-Models/Tutorial-1/12-5-28.nec,ok,ok,0.3137248996645212,0.07508079102262855,4.1785,1
cebik-w4rnl/Basic-Intermediate-Tutorial-Models/Tutorial-1/12-5.nec,ok,ok,0.38046744046732783,0.12110008392482996,3.1418,1
cebik-w4rnl/Basic-Intermediate-Tutorial-Models/Tutorial-1/12-6-1.nec,ok,ok,0.005740114953368902,0.005757957696914673,,0
cebik-w4rnl/Basic-Intermediate-Tutorial-Models/Tutorial-1/12-6.nec,ok,ok,0.005060158669948578,0.005346120800822973,,0
cebik-w4rnl/Basic-Intermediate-Tutorial-Models/Tutorial-1/12-6A.nec,ok,ok,0.005367179401218891,0.005635090637952089,,0
cebik-w4rnl/Basic-Intermediate-Tutorial-Models/Tutorial-1/12-7.nec,ok,ok,0.015867826994508505,0.01178394490852952,,0
cebik-w4rnl/Basic-Intermediate-Tutorial-Models/Tutorial-1/12-7A.nec,ok,ok,0.03672123467549682,0.023505439516156912,,0
cebik-w4rnl/Basic-Intermediate-Tutorial-Models/Tutorial-1/12-7B.nec,ok,ok,0.06944360258057714,0.032976886723190546,,0
cebik-w4rnl/Basic-Intermediate-Tutorial-Models/Tutorial-1/13-1-1.nec,ok,ok,0.005280681885778904,0.005605053156614304,,0
cebik-w4rnl/Basic-Intermediate-Tutorial-Models/Tutorial-1/13-1.nec,ok,ok,0.005013841204345226,0.005313423462212086,,0
cebik-w4rnl/Basic-Intermediate-Tutorial-Models/Tutorial-1/13-2-1.nec,ok,ok,0.007173826918005943,0.006515710148960352,,0
cebik-w4rnl/Basic-Intermediate-Tutorial-Models/Tutorial-1/13-2.nec,ok,ok,0.005115012172609568,0.005317165981978178,,0
cebik-w4rnl/Basic-Intermediate-Tutorial-Models/Tutorial-1/13-2a.nec,ok,ok,0.005277128890156746,0.0054993112571537495,,0
cebik-w4rnl/Basic-Intermediate-Tutorial-Models/Tutorial-1/13-3-1.nec,ok,ok,0.0076041086576879025,0.006964065134525299,,0
cebik-w4rnl/Basic-Intermediate-Tutorial-Models/Tutorial-1/13-3.nec,ok,ok,0.007687235251069069,0.007035507820546627,,0
cebik-w4rnl/Basic-Intermediate-Tutorial-Models/Tutorial-1/13-4-1.nec,ok,ok,0.01419588876888156,0.010886570438742638,,0
cebik-w4rnl/Basic-Intermediate-Tutorial-Models/Tutorial-1/13-4.nec,ok,ok,0.014393124729394913,0.010779453907161951,,0
cebik-w4rnl/Basic-Intermediate-Tutorial-Models/Tutorial-1/13-5.nec,ok,ok,0.0078132264316082,0.007048092782497406,,0
cebik-w4rnl/Basic-Intermediate-Tutorial-Models/Tutorial-1/13-6.nec,ok,ok,0.276937126647681,0.17637667246162891,1.5701,1
cebik-w4rnl/Basic-Intermediate-Tutorial-Models/Tutorial-1/13-7-1.nec,ok,ok,0.28821719298139215,0.18256657989695668,1.5787,1
cebik-w4rnl/Basic-Intermediate-Tutorial-Models/Tutorial-1/13-7.nec,ok,ok,0.2764738001860678,0.17605565721169114,1.5704,1
cebik-w4rnl/Basic-Intermediate-Tutorial-Models/Tutorial-1/13-7a.nec,ok,ok,0.2778384010307491,0.1754348836839199,1.5837,1
cebik-w4rnl/Basic-Intermediate-Tutorial-Models/Tutorial-1/13-8-1.nec,ok,ok,0.009618543554097414,0.008396191988140345,,0
cebik-w4rnl/Basic-Intermediate-Tutorial-Models/Tutorial-1/13-8-1a.nec,ok,ok,0.039212205447256565,0.028481924440711737,,0
cebik-w4rnl/Basic-Intermediate-Tutorial-Models/Tutorial-1/13-8-2.nec,ok,ok,0.009546109940856695,0.008162845857441425,,0
cebik-w4rnl/Basic-Intermediate-Tutorial-Models/Tutorial-1/13-8-2a.nec,ok,ok,0.03905999567359686,0.028384292498230934,,0
cebik-w4rnl/Basic-Intermediate-Tutorial-Models/Tutorial-1/13-8.nec,ok,ok,0.009501166641712189,0.008139101322740316,,0
cebik-w4rnl/Basic-Intermediate-Tutorial-Models/Tutorial-1/13-8a.nec,ok,ok,0.03853487782180309,0.02811916870996356,,0
cebik-w4rnl/Basic-Intermediate-Tutorial-Models/Tutorial-1/13-9-10.nec,ok,ok,0.009444499853998423,0.007633242290467024,,0
cebik-w4rnl/Basic-Intermediate-Tutorial-Models/Tutorial-1/13-9-20.nec,ok,ok,0.008947877679020166,0.0074585238471627235,,0
cebik-w4rnl/Basic-Intermediate-Tutorial-Models/Tutorial-1/14-1-1.nec,ok,ok,0.6885181241668761,0.4351164661347866,1.5824,1
cebik-w4rnl/Basic-Intermediate-Tutorial-Models/Tutorial-1/14-1-2.nec,ok,ok,0.688790422398597,0.43793671671301126,1.5728,1
cebik-w4rnl/Basic-Intermediate-Tutorial-Models/Tutorial-1/14-1-3.nec,ok,ok,0.6917673456482589,0.43714165268465877,1.5825,1
cebik-w4rnl/Basic-Intermediate-Tutorial-Models/Tutorial-1/14-1.nec,ok,ok,0.32063355296850204,0.21579680452123284,1.4858,1
cebik-w4rnl/Basic-Intermediate-Tutorial-Models/Tutorial-1/14-2-1.nec,ok,ok,0.014754361007362604,0.010455144569277763,,0
cebik-w4rnl/Basic-Intermediate-Tutorial-Models/Tutorial-1/14-2.nec,ok,ok,0.010039039421826601,0.007548978552222252,,0
cebik-w4rnl/Basic-Intermediate-Tutorial-Models/Tutorial-1/14-3-1.nec,ok,ok,0.019834195729345083,0.01932169171050191,,0
cebik-w4rnl/Basic-Intermediate-Tutorial-Models/Tutorial-1/14-3-2.nec,ok,ok,0.020562440156936646,0.01923858281224966,,0
cebik-w4rnl/Basic-Intermediate-Tutorial-Models/Tutorial-1/14-3.nec,ok,ok,0.019547794479876757,0.01727636717259884,,0
cebik-w4rnl/Basic-Intermediate-Tutorial-Models/Tutorial-1/14-4-1.nec,ok,ok,1.0693940063938498,0.6761598228476942,1.5816,1
cebik-w4rnl/Basic-Intermediate-Tutorial-Models/Tutorial-1/14-4-2.nec,ok,ok,1.077352011576295,0.6830638935789466,1.5772,1
cebik-w4rnl/Basic-Intermediate-Tutorial-Models/Tutorial-1/14-4.nec,ok,ok,1.067029110621661,0.67275645211339,1.5861,1
cebik-w4rnl/Basic-Intermediate-Tutorial-Models/Tutorial-1/14-5-1.nec,ok,ok,0.07118490431457758,0.03674796782433987,,0
cebik-w4rnl/Basic-Intermediate-Tutorial-Models/Tutorial-1/14-5-2.nec,ok,ok,0.07402399694547057,0.038269903510808945,,0
cebik-w4rnl/Basic-Intermediate-Tutorial-Models/Tutorial-1/14-5-3.nec,ok,ok,0.07416273700073361,0.03827942023053765,,0
cebik-w4rnl/Basic-Intermediate-Tutorial-Models/Tutorial-1/14-5.nec,ok,ok,0.02259700559079647,0.014069006312638521,,0
cebik-w4rnl/Basic-Intermediate-Tutorial-Models/Tutorial-1/14-6-1.nec,ok,ok,0.02122509479522705,0.02061243075877428,,0
cebik-w4rnl/Basic-Intermediate-Tutorial-Models/Tutorial-1/14-6.nec,ok,ok,0.006089731119573116,0.0059504578821361065,,0
cebik-w4rnl/Basic-Intermediate-Tutorial-Models/Tutorial-1/15-1-1.nec,ok,ok,0.008007677737623453,0.0069696540012955666,,0
cebik-w4rnl/Basic-Intermediate-Tutorial-Models/Tutorial-1/15-1.nec,ok,ok,0.007743474096059799,0.006099047604948282,,0
cebik-w4rnl/Basic-Intermediate-Tutorial-Models/Tutorial-1/15-1A.nec,ok,ok,0.006413671653717756,0.0058297268114984035,,0
cebik-w4rnl/Basic-Intermediate-Tutorial-Models/Tutorial-1/15-1B.nec,ok,ok,0.005543919745832682,0.005439753644168377,,0
cebik-w4rnl/Basic-Intermediate-Tutorial-Models/Tutorial-1/15-1C.nec,ok,ok,0.0047803097404539585,0.004736896604299545,,0
cebik-w4rnl/Basic-Intermediate-Tutorial-Models/Tutorial-1/15-1D.nec,ok,ok,0.004181747790426016,0.004432841669768095,,0
cebik-w4rnl/Basic-Intermediate-Tutorial-Models/Tutorial-1/15-2-12P.nec,ok,ok,0.01652275351807475,0.011821517255157232,,0
cebik-w4rnl/Basic-Intermediate-Tutorial-Models/Tutorial-1/15-2-12S.nec,ok,ok,0.009987846948206425,0.008574643172323704,,0
cebik-w4rnl/Basic-Intermediate-Tutorial-Models/Tutorial-1/15-2-16P.nec,ok,ok,0.020690707489848137,0.013665365520864725,,0
cebik-w4rnl/Basic-Intermediate-Tutorial-Models/Tutorial-1/15-2-16S.nec,ok,ok,0.011590111535042524,0.00820661848410964,,0
cebik-w4rnl/Basic-Intermediate-Tutorial-Models/Tutorial-1/15-2-24P.nec,ok,ok,0.030836256220936775,0.021318103186786175,,0
cebik-w4rnl/Basic-Intermediate-Tutorial-Models/Tutorial-1/15-2-24S.nec,ok,ok,0.017158386297523975,0.011639700271189213,,0
cebik-w4rnl/Basic-Intermediate-Tutorial-Models/Tutorial-1/15-2-32P.nec,ok,ok,0.04726444371044636,0.024152167607098818,,0
cebik-w4rnl/Basic-Intermediate-Tutorial-Models/Tutorial-1/15-2-32S.nec,ok,ok,0.02198690315708518,0.014068582560867071,,0
cebik-w4rnl/Basic-Intermediate-Tutorial-Models/Tutorial-1/15-2-3P.nec,ok,ok,0.008466115221381187,0.006645535118877888,,0
cebik-w4rnl/Basic-Intermediate-Tutorial-Models/Tutorial-1/15-2-3S.nec,ok,ok,0.006850726902484894,0.005990065634250641,,0
cebik-w4rnl/Basic-Intermediate-Tutorial-Models/Tutorial-1/15-2-4P.nec,ok,ok,0.009113107342272997,0.006907830946147442,,0
cebik-w4rnl/Basic-Intermediate-Tutorial-Models/Tutorial-1/15-2-4S.nec,ok,ok,0.007104826625436544,0.006275539752095938,,0
cebik-w4rnl/Basic-Intermediate-Tutorial-Models/Tutorial-1/15-2-6P.nec,ok,ok,0.009709015488624573,0.007277307100594044,,0
cebik-w4rnl/Basic-Intermediate-Tutorial-Models/Tutorial-1/15-2-6S.nec,ok,ok,0.007627233862876892,0.006322239059954882,,0
cebik-w4rnl/Basic-Intermediate-Tutorial-Models/Tutorial-1/15-2-8P.nec,ok,ok,0.012980158440768719,0.009713515173643827,,0
cebik-w4rnl/Basic-Intermediate-Tutorial-Models/Tutorial-1/15-2-8S.nec,ok,ok,0.008539486676454544,0.00675054220482707,,0
cebik-w4rnl/Basic-Intermediate-Tutorial-Models/Tutorial-1/15-3-1.nec,ok,ok,0.005900758318603039,0.005673434119671583,,0
cebik-w4rnl/Basic-Intermediate-Tutorial-Models/Tutorial-1/15-3-1A.nec,ok,ok,0.10063902754336596,0.06695788307115436,1.5030,1
cebik-w4rnl/Basic-Intermediate-Tutorial-Models/Tutorial-1/15-3-1B.nec,ok,ok,0.09312174329534173,0.06068610353395343,1.5345,1
cebik-w4rnl/Basic-Intermediate-Tutorial-Models/Tutorial-1/15-3-1C.nec,ok,ok,0.08701421692967415,0.05694290064275265,1.5281,1
cebik-w4rnl/Basic-Intermediate-Tutorial-Models/Tutorial-1/15-3-2.nec,ok,ok,0.008705437649041414,0.007255045231431723,,0
cebik-w4rnl/Basic-Intermediate-Tutorial-Models/Tutorial-1/15-3-2A.nec,ok,ok,0.12504727486521006,0.07076086243614554,1.7672,1
cebik-w4rnl/Basic-Intermediate-Tutorial-Models/Tutorial-1/15-3-2B.nec,ok,ok,0.11551866354420781,0.06558779394254088,1.7613,1
cebik-w4rnl/Basic-Intermediate-Tutorial-Models/Tutorial-1/15-3-2C.nec,ok,ok,0.10855959681794047,0.061961932107806206,1.7520,1
cebik-w4rnl/Basic-Intermediate-Tutorial-Models/Tutorial-1/15-3-3.nec,ok,ok,0.01923385728150606,0.013838774990290403,,0
cebik-w4rnl/Basic-Intermediate-Tutorial-Models/Tutorial-1/15-3-3A.nec,ok,ok,0.2111220029182732,0.09234003722667694,2.2864,1
cebik-w4rnl/Basic-Intermediate-Tutorial-Models/Tutorial-1/15-3-3B.nec,ok,ok,0.1957001881673932,0.08714190451428294,2.2458,1
cebik-w4rnl/Basic-Intermediate-Tutorial-Models/Tutorial-1/15-3-3C.nec,ok,ok,0.18553029233589768,0.0841037081554532,2.2060,1
cebik-w4rnl/Basic-Intermediate-Tutorial-Models/Tutorial-1/15-3-4.nec,ok,ok,0.048248175997287035,0.029794024769216776,,0
cebik-w4rnl/Basic-Intermediate-Tutorial-Models/Tutorial-1/15-3-4A.nec,ok,ok,0.5145235732197762,0.14507206482812762,3.5467,1
cebik-w4rnl/Basic-Intermediate-Tutorial-Models/Tutorial-1/15-3-4b.nec,ok,ok,0.48106308933347464,0.14336788840591908,3.3554,1
cebik-w4rnl/Basic-Intermediate-Tutorial-Models/Tutorial-1/15-3-4c.nec,ok,ok,0.45749224349856377,0.13429091311991215,3.4067,1
cebik-w4rnl/Basic-Intermediate-Tutorial-Models/Tutorial-1/15-4-0.nec,ok,ok,0.09284578450024128,0.06098437821492553,1.5225,1
cebik-w4rnl/Basic-Intermediate-Tutorial-Models/Tutorial-1/15-4-0a.nec,ok,ok,0.27862365916371346,0.18788108509033918,1.4830,1
cebik-w4rnl/Basic-Intermediate-Tutorial-Models/Tutorial-1/15-4-0b.nec,ok,ok,0.27816700330004096,0.17653511092066765,1.5757,1
cebik-w4rnl/Basic-Intermediate-Tutorial-Models/Tutorial-1/15-4-0c.nec,ok,ok,0.27762373769655824,0.1763297589495778,1.5745,1
cebik-w4rnl/Basic-Intermediate-Tutorial-Models/Tutorial-1/15-4-30.nec,ok,ok,0.09177056839689612,0.0606118724681437,1.5141,1
cebik-w4rnl/Basic-Intermediate-Tutorial-Models/Tutorial-1/15-4-30a.nec,ok,ok,0.27798502380028367,0.1768716759979725,1.5717,1
cebik-w4rnl/Basic-Intermediate-Tutorial-Models/Tutorial-1/15-4-30b.nec,ok,ok,0.2780189081095159,0.17675593169406056,1.5729,1
cebik-w4rnl/Basic-Intermediate-Tutorial-Models/Tutorial-1/15-4-45.nec,ok,ok,0.09109439235180616,0.06028379499912262,1.5111,1
cebik-w4rnl/Basic-Intermediate-Tutorial-Models/Tutorial-1/15-4-45a.nec,ok,ok,0.18956872168928385,0.12220320291817188,1.5513,1
cebik-w4rnl/Basic-Intermediate-Tutorial-Models/Tutorial-1/15-4-45b.nec,ok,ok,0.1890784902498126,0.1214836691506207,1.5564,1
cebik-w4rnl/Basic-Intermediate-Tutorial-Models/Tutorial-1/15-4-60.nec,ok,ok,0.08961885748431087,0.05989533383399248,1.4963,1
cebik-w4rnl/Basic-Intermediate-Tutorial-Models/Tutorial-1/15-4-60a.nec,ok,ok,0.1889890544116497,0.1214512069709599,1.5561,1
cebik-w4rnl/Basic-Intermediate-Tutorial-Models/Tutorial-1/15-4-60b.nec,ok,ok,0.19018994318321347,0.12139630503952503,1.5667,1
cebik-w4rnl/Basic-Intermediate-Tutorial-Models/Tutorial-1/15-5-32.nec,ok,ok,0.592581870034337,0.23589110933244228,2.5121,1
cebik-w4rnl/Basic-Intermediate-Tutorial-Models/Tutorial-1/15-5-32A.nec,ok,ok,0.5944167291745543,0.24188973754644394,2.4574,1
cebik-w4rnl/Basic-Intermediate-Tutorial-Models/Tutorial-1/15-5-32B.nec,ok,ok,0.5915705286897719,0.23543828586116433,2.5126,1
cebik-w4rnl/Basic-Intermediate-Tutorial-Models/Tutorial-1/15-5-32C.nec,ok,ok,0.5826391400769353,0.23492676438763738,2.4801,1
cebik-w4rnl/Basic-Intermediate-Tutorial-Models/Tutorial-1/15-5-4.nec,ok,ok,0.2779941326007247,0.1767013669013977,1.5732,1
cebik-w4rnl/Basic-Intermediate-Tutorial-Models/Tutorial-1/15-5-4A.nec,ok,ok,0.27942918334156275,0.17768196016550064,1.5726,1
cebik-w4rnl/Basic-Intermediate-Tutorial-Models/Tutorial-1/15-5-4B.nec,ok,ok,0.2784779337234795,0.177277194801718,1.5709,1
cebik-w4rnl/Basic-Intermediate-Tutorial-Models/Tutorial-1/15-5-4C.nec,ok,ok,0.278247045353055,0.17671932140365243,1.5745,1
cebik-w4rnl/Basic-Intermediate-Tutorial-Models/Tutorial-1/15-6-1.nec,ok,ok,0.004734516609460115,0.004681465681642294,,0
cebik-w4rnl/Basic-Intermediate-Tutorial-Models/Tutorial-1/15-6-1a.nec,ok,ok,0.004622593987733126,0.004581233952194452,,0
cebik-w4rnl/Basic-Intermediate-Tutorial-Models/Tutorial-1/15-6-1b.nec,ok,ok,0.004599538631737232,0.00461557786911726,,0
cebik-w4rnl/Basic-Intermediate-Tutorial-Models/Tutorial-1/15-6-1c.nec,ok,ok,0.00449088029563427,0.004701187834143639,,0
cebik-w4rnl/Basic-Intermediate-Tutorial-Models/Tutorial-1/15-6-2a.nec,ok,ok,0.5930058010853827,0.2387400371953845,2.4839,1
cebik-w4rnl/Basic-Intermediate-Tutorial-Models/Tutorial-1/15-6-2b.nec,ok,ok,0.5944418711587787,0.234283659607172,2.5373,1
cebik-w4rnl/Basic-Intermediate-Tutorial-Models/Tutorial-1/15-6-2c.nec,ok,ok,0.5935627804137766,0.23393625440075994,2.5373,1
cebik-w4rnl/Basic-Intermediate-Tutorial-Models/Tutorial-1/16-1-1.nec,ok,ok,0.006325656548142433,0.006726207677274942,,0
cebik-w4rnl/Basic-Intermediate-Tutorial-Models/Tutorial-1/16-1-2.nec,ok,ok,0.006635704543441534,0.006854810751974583,,0
cebik-w4rnl/Basic-Intermediate-Tutorial-Models/Tutorial-1/16-2-1.nec,ok,ok,0.006216403562575579,0.00567871518433094,,0
cebik-w4rnl/Basic-Intermediate-Tutorial-Models/Tutorial-1/16-2-2.nec,ok,ok,0.6093731224536896,0.2533775148913264,2.4050,1
cebik-w4rnl/Basic-Intermediate-Tutorial-Models/Tutorial-1/16-3-1.nec,ok,ok,0.20266458299010992,0.12099774554371834,1.6749,1
cebik-w4rnl/Basic-Intermediate-Tutorial-Models/Tutorial-1/16-3.nec,ok,ok,0.08067325269803405,0.05473345797508955,1.4739,1
cebik-w4rnl/Basic-Intermediate-Tutorial-Models/Tutorial-1/16-4.nec,ok,ok,0.20383553579449654,0.12204876216128469,1.6701,1
cebik-w4rnl/Basic-Intermediate-Tutorial-Models/Tutorial-1/16-5-1.nec,ok,ok,0.011028674431145191,0.008148978929966688,,0
cebik-w4rnl/Basic-Intermediate-Tutorial-Models/Tutorial-1/16-5-2.nec,ok,ok,0.6058224411681294,0.27468552766367793,2.2055,1
cebik-w4rnl/Basic-Intermediate-Tutorial-Models/Tutorial-1/16-5.nec,ok,ok,0.012074453756213188,0.008624859619885683,,0
cebik-w4rnl/Basic-Intermediate-Tutorial-Models/Tutorial-1/16-6-1.nec,ok,ok,0.2864431357011199,0.18267149478197098,1.5681,1
cebik-w4rnl/Basic-Intermediate-Tutorial-Models/Tutorial-1/16-6-2.nec,ok,ok,0.38782550441101193,0.2113609639927745,1.8349,1
cebik-w4rnl/Basic-Intermediate-Tutorial-Models/Tutorial-1/16-6-3.nec,ok,ok,0.28647770918905735,0.18141299113631248,1.5791,1
cebik-w4rnl/Basic-Intermediate-Tutorial-Models/Tutorial-1/16-7-1.nec,ok,ok,0.29355905670672655,0.17618093127384782,1.6662,1
cebik-w4rnl/Basic-Intermediate-Tutorial-Models/Tutorial-1/16-7-2.nec,ok,ok,0.30113093042746186,0.18057915335521102,1.6676,1
cebik-w4rnl/Basic-Intermediate-Tutorial-Models/Tutorial-1/17-1-1.nec,ok,ok,0.30480194464325905,0.19247107254341245,1.5836,1
cebik-w4rnl/Basic-Intermediate-Tutorial-Models/Tutorial-1/17-1.nec,ok,ok,0.3088580295443535,0.1948167970404029,1.5854,1
cebik-w4rnl/Basic-Intermediate-Tutorial-Models/Tutorial-1/17-2-1.nec,ok,ok,0.42067349469289184,0.2261683437973261,1.8600,1
cebik-w4rnl/Basic-Intermediate-Tutorial-Models/Tutorial-1/17-2.nec,ok,ok,0.3264592532068491,0.19565734593197703,1.6685,1
cebik-w4rnl/Basic-Intermediate-Tutorial-Models/Tutorial-1/17-3-1.nec,ok,ok,0.33537329733371735,0.19745449535548687,1.6985,1
cebik-w4rnl/Basic-Intermediate-Tutorial-Models/Tutorial-1/17-3.nec,ok,ok,0.334957966580987,0.1975517412647605,1.6955,1
cebik-w4rnl/Basic-Intermediate-Tutorial-Models/Tutorial-1/17-4-1.nec,ok,ok,0.16863824194297194,0.0826895167119801,2.0394,1
cebik-w4rnl/Basic-Intermediate-Tutorial-Models/Tutorial-1/17-4-2.nec,ok,ok,0.1682546199299395,0.0825758227147162,2.0376,1
cebik-w4rnl/Basic-Intermediate-Tutorial-Models/Tutorial-1/17-4.nec,ok,ok,0.10768222669139504,0.06983408750966191,1.5420,1
cebik-w4rnl/Basic-Intermediate-Tutorial-Models/Tutorial-1/17-5.nec,ok,ok,0.2488998156040907,0.09976952476426959,2.4947,1
cebik-w4rnl/Basic-Intermediate-Tutorial-Models/Tutorial-1/17-6.nec,ok,ok,0.17118287831544876,0.08360235719010234,2.0476,1
cebik-w4rnl/Basic-Intermediate-Tutorial-Models/Tutorial-1/17-7-1.nec,ok,ok,0.8368212855421007,0.3289211834780872,2.5441,1
cebik-w4rnl/Basic-Intermediate-Tutorial-Models/Tutorial-1/17-7-2.nec,ok,ok,0.8672229233197868,0.32492377422749996,2.6690,1
cebik-w4rnl/Basic-Intermediate-Tutorial-Models/Tutorial-1/17-7-2a.nec,ok,ok,0.6919428664259613,0.17950429348275065,3.8547,1
cebik-w4rnl/Basic-Intermediate-Tutorial-Models/Tutorial-1/17-7-3.nec,ok,ok,0.7913077576085925,0.31506559858098626,2.5116,1
cebik-w4rnl/Basic-Intermediate-Tutorial-Models/Tutorial-1/17-7.nec,ok,ok,0.9306264091283083,0.3341384860686958,2.7852,1
cebik-w4rnl/Basic-Intermediate-Tutorial-Models/Tutorial-1/17-8-1.nec,ok,ok,1.5882653244771063,0.3913639937527478,4.0583,1
cebik-w4rnl/Basic-Intermediate-Tutorial-Models/Tutorial-1/17-8.nec,ok,ok,1.6866111252456903,0.3891927641816437,4.3336,1
cebik-w4rnl/Basic-Intermediate-Tutorial-Models/Tutorial-1/18-1-1.nec,ok,ok,0.018520314246416092,0.018236787524074316,,0
cebik-w4rnl/Basic-Intermediate-Tutorial-Models/Tutorial-1/18-1.nec,ok,ok,0.018298502080142498,0.01867590146139264,,0
cebik-w4rnl/Basic-Intermediate-Tutorial-Models/Tutorial-1/18-10-1.nec,ok,ok,0.029642374254763126,0.020729491487145424,,0
cebik-w4rnl/Basic-Intermediate-Tutorial-Models/Tutorial-1/18-10.nec,ok,ok,0.029552238062024117,0.020481911953538656,,0
cebik-w4rnl/Basic-Intermediate-Tutorial-Models/Tutorial-1/18-1a.nec,ok,ok,0.015822858083993196,0.015910977497696877,,0
cebik-w4rnl/Basic-Intermediate-Tutorial-Models/Tutorial-1/18-2-1.nec,ok,ok,0.01859283959493041,0.018588020000606775,,0
cebik-w4rnl/Basic-Intermediate-Tutorial-Models/Tutorial-1/18-2.nec,ok,ok,0.018491836730390787,0.018698350060731173,,0
cebik-w4rnl/Basic-Intermediate-Tutorial-Models/Tutorial-1/18-2a.nec,ok,ok,0.023560618050396442,0.02353531075641513,,0
cebik-w4rnl/Basic-Intermediate-Tutorial-Models/Tutorial-1/18-3-1.nec,ok,ok,0.019250973593443632,0.019460216164588928,,0
cebik-w4rnl/Basic-Intermediate-Tutorial-Models/Tutorial-1/18-3-2.nec,ok,ok,0.019196645356714725,0.01914199674502015,,0
cebik-w4rnl/Basic-Intermediate-Tutorial-Models/Tutorial-1/18-3-3.nec,ok,ok,0.019163099583238363,0.019234558567404747,,0
cebik-w4rnl/Basic-Intermediate-Tutorial-Models/Tutorial-1/18-3.nec,ok,ok,0.005875159054994583,0.005982079543173313,,0
cebik-w4rnl/Basic-Intermediate-Tutorial-Models/Tutorial-1/18-4.nec,ok,ok,0.030022704508155584,0.02362615754827857,,0
cebik-w4rnl/Basic-Intermediate-Tutorial-Models/Tutorial-1/18-5.nec,ok,ok,0.030463003553450108,0.023949407506734133,,0
cebik-w4rnl/Basic-Intermediate-Tutorial-Models/Tutorial-1/18-6.nec,ok,ok,0.09618711238726974,0.05074510583654046,1.8955,1
cebik-w4rnl/Basic-Intermediate-Tutorial-Models/Tutorial-1/18-7.nec,ok,ok,0.1496013686992228,0.06957440450787544,2.1502,1
cebik-w4rnl/Basic-Intermediate-Tutorial-Models/Tutorial-1/18-8-1.nec,ok,ok,0.1864434015005827,0.08464189572259784,2.2027,1
cebik-w4rnl/Basic-Intermediate-Tutorial-Models/Tutorial-1/18-8-2.nec,ok,ok,0.18663677480071783,0.08445975556969643,2.2098,1
cebik-w4rnl/Basic-Intermediate-Tutorial-Models/Tutorial-1/18-8-3.nec,ok,ok,0.18496457254514098,0.08425146248191595,2.1954,1
cebik-w4rnl/Basic-Intermediate-Tutorial-Models/Tutorial-1/18-8-4.nec,ok,ok,0.184512363281101,0.08863072888925672,2.0818,1
cebik-w4rnl/Basic-Intermediate-Tutorial-Models/Tutorial-1/18-8.nec,ok,ok,0.1095504374243319,0.06383989471942186,1.7160,1
cebik-w4rnl/Basic-Intermediate-Tutorial-Models/Tutorial-1/18-9.nec,ok,ok,0.03823856543749571,0.02399657992646098,,0
cebik-w4rnl/Basic-Intermediate-Tutorial-Models/Tutorial-1/19-1.nec,ok,ok,0.009536982979625463,0.008047107141464949,,0
cebik-w4rnl/Basic-Intermediate-Tutorial-Models/Tutorial-1/19-2-1.nec,ok,ok,0.07513064797967672,0.04172563087195158,,0
cebik-w4rnl/Basic-Intermediate-Tutorial-Models/Tutorial-1/19-2.nec,ok,ok,0.07662984076887369,0.0410322705283761,,0
cebik-w4rnl/Basic-Intermediate-Tutorial-Models/Tutorial-1/19-3-1.nec,ok,ok,0.00624997029080987,0.0060785552486777306,,0
cebik-w4rnl/Basic-Intermediate-Tutorial-Models/Tutorial-1/19-3.nec,ok,ok,0.007507988251745701,0.006814184598624706,,0
cebik-w4rnl/Basic-Intermediate-Tutorial-Models/Tutorial-1/19-4-1.nec,ok,ok,0.19087080424651504,0.08790409145876765,2.1714,1
cebik-w4rnl/Basic-Intermediate-Tutorial-Models/Tutorial-1/19-4.nec,ok,ok,0.19073670217767358,0.08773508807644248,2.1740,1
cebik-w4rnl/Basic-Intermediate-Tutorial-Models/Tutorial-1/19-5.nec,ok,ok,0.12843809416517615,0.07182441418990493,1.7882,1
cebik-w4rnl/Basic-Intermediate-Tutorial-Models/Tutorial-1/19-6-1.nec,ok,ok,0.009341148193925619,0.007716110907495022,,0
cebik-w4rnl/Basic-Intermediate-Tutorial-Models/Tutorial-1/19-6-2.nec,ok,ok,0.014615055173635483,0.010799102950841188,,0
cebik-w4rnl/Basic-Intermediate-Tutorial-Models/Tutorial-1/19-6-3.nec,ok,ok,0.01955377124249935,0.013441263232380152,,0
cebik-w4rnl/Basic-Intermediate-Tutorial-Models/Tutorial-1/19-6.nec,ok,ok,0.014794055372476578,0.010936179663985968,,0
cebik-w4rnl/Basic-Intermediate-Tutorial-Models/Tutorial-1/19-7.nec,ok,ok,0.011306500993669033,0.008636982180178165,,0
cebik-w4rnl/Basic-Intermediate-Tutorial-Models/Tutorial-1/2-1.nec,ok,ok,0.005423437803983688,0.0056630694307386875,,0
cebik-w4rnl/Basic-Intermediate-Tutorial-Models/Tutorial-1/2-2.nec,ok,ok,0.09374211635440588,0.0611028135754168,1.5342,1
cebik-w4rnl/Basic-Intermediate-Tutorial-Models/Tutorial-1/2-3.nec,ok,ok,0.33722397312521935,0.20154011948034167,1.6732,1
cebik-w4rnl/Basic-Intermediate-Tutorial-Models/Tutorial-1/2-4.nec,ok,ok,0.009116904810070992,0.007668321020901203,,0
cebik-w4rnl/Basic-Intermediate-Tutorial-Models/Tutorial-1/2-5.nec,ok,ok,0.3061464843340218,0.1823179116472602,1.6792,1
cebik-w4rnl/Basic-Intermediate-Tutorial-Models/Tutorial-1/2-6.nec,ok,ok,0.015512056183069944,0.010958628728985786,,0
cebik-w4rnl/Basic-Intermediate-Tutorial-Models/Tutorial-1/20-1-1.nec,ok,ok,0.06533040571957827,0.024867527652531862,,0
cebik-w4rnl/Basic-Intermediate-Tutorial-Models/Tutorial-1/20-1-2.nec,ok,ok,0.06352984858676791,0.02340761385858059,,0
cebik-w4rnl/Basic-Intermediate-Tutorial-Models/Tutorial-1/20-1.nec,ok,ok,0.009994939900934696,0.008196176495403051,,0
cebik-w4rnl/Basic-Intermediate-Tutorial-Models/Tutorial-1/20-2-1.nec,ok,ok,0.06874123541638255,0.03140928177163005,,0
cebik-w4rnl/Basic-Intermediate-Tutorial-Models/Tutorial-1/20-2-2.nec,ok,ok,0.045382057316601276,0.022677252534776926,,0
cebik-w4rnl/Basic-Intermediate-Tutorial-Models/Tutorial-1/20-2-3.nec,ok,ok,0.03705471893772483,0.019672930240631104,,0
cebik-w4rnl/Basic-Intermediate-Tutorial-Models/Tutorial-1/20-2-4.nec,ok,ok,0.023944659158587456,0.014277971349656582,,0
cebik-w4rnl/Basic-Intermediate-Tutorial-Models/Tutorial-1/20-2.nec,ok,ok,0.098455092869699,0.04221729561686516,,0
cebik-w4rnl/Basic-Intermediate-Tutorial-Models/Tutorial-1/20-3-1.nec,ok,ok,0.014909580815583467,0.01117034675553441,,0
cebik-w4rnl/Basic-Intermediate-Tutorial-Models/Tutorial-1/20-3-2.nec,ok,ok,0.018011944368481636,0.013180587440729141,,0
cebik-w4rnl/Basic-Intermediate-Tutorial-Models/Tutorial-1/20-4-1.nec,ok,ok,0.03263688087463379,0.018344192765653133,,0
cebik-w4rnl/Basic-Intermediate-Tutorial-Models/Tutorial-1/20-4-2.nec,ok,ok,0.0329832648858428,0.017989346757531166,,0
cebik-w4rnl/Basic-Intermediate-Tutorial-Models/Tutorial-1/20-4-3.nec,ok,ok,0.09525439655408263,0.04152179230004549,,0
cebik-w4rnl/Basic-Intermediate-Tutorial-Models/Tutorial-1/20-4-4.nec,ok,ok,0.09509919630363584,0.04107436537742615,,0
cebik-w4rnl/Basic-Intermediate-Tutorial-Models/Tutorial-1/20-4.nec,ok,ok,0.015003204811364412,0.011167291551828384,,0
cebik-w4rnl/Basic-Intermediate-Tutorial-Models/Tutorial-1/20-5-1.nec,ok,ok,0.03644204093143344,0.02633225079625845,,0
cebik-w4rnl/Basic-Intermediate-Tutorial-Models/Tutorial-1/20-5-2.nec,ok,ok,0.06575175141915679,0.025659233797341585,,0
cebik-w4rnl/Basic-Intermediate-Tutorial-Models/Tutorial-1/20-5-3.nec,ok,ok,0.12799094570800662,0.04561246559023857,,0
cebik-w4rnl/Basic-Intermediate-Tutorial-Models/Tutorial-1/20-5-4.nec,ok,ok,0.17651974596083164,0.05854449002072215,3.0151,1
cebik-w4rnl/Basic-Intermediate-Tutorial-Models/Tutorial-1/20-5-5.nec,ok,ok,0.5886205458082259,0.16438579931855202,3.5807,1
cebik-w4rnl/Basic-Intermediate-Tutorial-Models/Tutorial-1/20-6-1.nec,ok,ok,0.005225202068686485,0.005454031750559807,,0
cebik-w4rnl/Basic-Intermediate-Tutorial-Models/Tutorial-1/20-6-1A.nec,ok,ok,0.006048123352229595,0.005544018931686878,,0
cebik-w4rnl/Basic-Intermediate-Tutorial-Models/Tutorial-1/20-6-2.nec,ok,ok,0.014178025536239147,0.010702874511480331,,0
cebik-w4rnl/Basic-Intermediate-Tutorial-Models/Tutorial-1/20-6-2A.nec,ok,ok,0.051758513785898685,0.020991127472370863,,0
cebik-w4rnl/Basic-Intermediate-Tutorial-Models/Tutorial-1/20-6-3.nec,ok,ok,0.00650331936776638,0.0062977164052426815,,0
cebik-w4rnl/Basic-Intermediate-Tutorial-Models/Tutorial-1/20-6-3A.nec,ok,ok,0.012134719174355268,0.008571490179747343,,0
cebik-w4rnl/Basic-Intermediate-Tutorial-Models/Tutorial-1/20-6-4.nec,ok,ok,0.007398548070341349,0.006731824018061161,,0
cebik-w4rnl/Basic-Intermediate-Tutorial-Models/Tutorial-1/20-6-4A.nec,ok,ok,0.017884614877402782,0.00969038624316454,,0
cebik-w4rnl/Basic-Intermediate-Tutorial-Models/Tutorial-1/20-7.nec,ok,ok,0.5520392684265971,0.2467682040296495,2.2371,1
cebik-w4rnl/Basic-Intermediate-Tutorial-Models/Tutorial-1/20-8-1.nec,ok,ok,0.005464216228574514,0.005526149645447731,,0
cebik-w4rnl/Basic-Intermediate-Tutorial-Models/Tutorial-1/20-8-2.nec,ok,ok,0.006548290140926838,0.006239385809749365,,0
cebik-w4rnl/Basic-Intermediate-Tutorial-Models/Tutorial-1/20-8-3.nec,ok,ok,0.009344487451016903,0.0075566330924630165,,0
cebik-w4rnl/Basic-Intermediate-Tutorial-Models/Tutorial-1/21-1-1.nec,ok,ok,0.048595394007861614,0.02609056467190385,,0
cebik-w4rnl/Basic-Intermediate-Tutorial-Models/Tutorial-1/21-1.nec,ok,ok,0.020564028527587652,0.01451690262183547,,0
cebik-w4rnl/Basic-Intermediate-Tutorial-Models/Tutorial-1/21-2-1.nec,ok,ok,0.06248828116804361,0.029354709666222334,,0
cebik-w4rnl/Basic-Intermediate-Tutorial-Models/Tutorial-1/21-2-2.nec,ok,ok,0.013133146800100803,0.009312986861914396,,0
cebik-w4rnl/Basic-Intermediate-Tutorial-Models/Tutorial-1/21-2-3.nec,ok,ok,0.1531765847466886,0.06349813705310225,2.4123,1
cebik-w4rnl/Basic-Intermediate-Tutorial-Models/Tutorial-1/21-2-4.nec,ok,ok,0.012271441519260406,0.009907098952680826,,0
cebik-w4rnl/Basic-Intermediate-Tutorial-Models/Tutorial-1/21-2-5.nec,ok,ok,0.06228148564696312,0.02880743844434619,,0
cebik-w4rnl/Basic-Intermediate-Tutorial-Models/Tutorial-1/21-3-1.nec,ok,ok,0.0052286675199866295,0.005200148094445467,,0
cebik-w4rnl/Basic-Intermediate-Tutorial-Models/Tutorial-1/21-3-2.nec,ok,ok,0.005981637630611658,0.00579220661893487,,0
cebik-w4rnl/Basic-Intermediate-Tutorial-Models/Tutorial-1/21-3-3.nec,ok,ok,0.009241239167749882,0.007695355452597141,,0
cebik-w4rnl/Basic-Intermediate-Tutorial-Models/Tutorial-1/21-3-4.nec,ok,ok,0.06707345275208354,0.031183070968836546,,0
cebik-w4rnl/Basic-Intermediate-Tutorial-Models/Tutorial-1/21-4-1.nec,ok,ok,0.04204744379967451,0.02182296710088849,,0
cebik-w4rnl/Basic-Intermediate-Tutorial-Models/Tutorial-1/21-4-2.nec,ok,ok,0.04300040379166603,0.02242447668686509,,0
cebik-w4rnl/Basic-Intermediate-Tutorial-Models/Tutorial-1/21-4-3.nec,ok,ok,0.04312683641910553,0.022512502502650023,,0
cebik-w4rnl/Basic-Intermediate-Tutorial-Models/Tutorial-1/21-4-4.nec,ok,ok,0.21782538387924433,0.09210366755723953,2.3650,1
cebik-w4rnl/Basic-Intermediate-Tutorial-Models/Tutorial-1/21-4-5.nec,ok,ok,0.04359030490741134,0.022676223423331976,,0
cebik-w4rnl/Basic-Intermediate-Tutorial-Models/Tutorial-1/21-4.nec,ok,ok,0.04201289592310786,0.021874780301004648,,0
cebik-w4rnl/Basic-Intermediate-Tutorial-Models/Tutorial-1/21-5-1.nec,ok,ok,0.006457401439547539,0.0058905454352498055,,0
cebik-w4rnl/Basic-Intermediate-Tutorial-Models/Tutorial-1/21-5-2.nec,ok,ok,0.18417058885097504,0.06641392968595028,2.7731,1
cebik-w4rnl/Basic-Intermediate-Tutorial-Models/Tutorial-1/21-5-3.nec,ok,ok,0.19427333259955049,0.06575656961649656,2.9544,1
cebik-w4rnl/Basic-Intermediate-Tutorial-Models/Tutorial-1/21-5.nec,ok,ok,0.005682832095772028,0.0057570720091462135,,0
cebik-w4rnl/Basic-Intermediate-Tutorial-Models/Tutorial-1/3-1.nec,ok,ok,0.0054206931963562965,0.005549832247197628,,0
cebik-w4rnl/Basic-Intermediate-Tutorial-Models/Tutorial-1/3-2.nec,ok,ok,0.08126766141504049,0.05467499466612935,1.4864,1
cebik-w4rnl/Basic-Intermediate-Tutorial-Models/Tutorial-1/3-3.nec,ok,ok,0.08366197953000665,0.05605670576915145,1.4925,1
cebik-w4rnl/Basic-Intermediate-Tutorial-Models/Tutorial-1/3-4.nec,ok,ok,0.06267384113743901,0.04102876037359238,,0
cebik-w4rnl/Basic-Intermediate-Tutorial-Models/Tutorial-1/3-5.nec,ok,ok,0.06330747064203024,0.04093617619946599,,0
cebik-w4rnl/Basic-Intermediate-Tutorial-Models/Tutorial-1/4-1.nec,ok,ok,0.2674919096753001,0.16990554984658957,1.5744,1
cebik-w4rnl/Basic-Intermediate-Tutorial-Models/Tutorial-1/4-10.nec,ok,ok,0.0320330741815269,0.013419005088508129,,0
cebik-w4rnl/Basic-Intermediate-Tutorial-Models/Tutorial-1/4-2.nec,ok,ok,0.02273943228647113,0.012081685941666365,,0
cebik-w4rnl/Basic-Intermediate-Tutorial-Models/Tutorial-1/4-3.nec,ok,ok,0.010859853122383356,0.00837622070685029,,0
cebik-w4rnl/Basic-Intermediate-Tutorial-Models/Tutorial-1/4-4.nec,ok,ok,0.03644430637359619,0.01577665377408266,,0
cebik-w4rnl/Basic-Intermediate-Tutorial-Models/Tutorial-1/4-5.nec,ok,ok,0.30116495909169316,0.1917364806868136,1.5707,1
cebik-w4rnl/Basic-Intermediate-Tutorial-Models/Tutorial-1/4-6.nec,ok,ok,0.3148785247467458,0.2040837095119059,1.5429,1
cebik-w4rnl/Basic-Intermediate-Tutorial-Models/Tutorial-1/4-7.nec,ok,ok,0.3233618950471282,0.18244862603023648,1.7723,1
cebik-w4rnl/Basic-Intermediate-Tutorial-Models/Tutorial-1/4-8.nec,ok,ok,0.285410248208791,0.18101422488689423,1.5767,1
cebik-w4rnl/Basic-Intermediate-Tutorial-Models/Tutorial-1/4-9.nec,ok,ok,0.014509490225464106,0.011004059109836817,,0
cebik-w4rnl/Basic-Intermediate-Tutorial-Models/Tutorial-1/5-1-1.nec,ok,ok,0.2963348273187876,0.1907918374054134,1.5532,1
cebik-w4rnl/Basic-Intermediate-Tutorial-Models/Tutorial-1/5-1-2.nec,ok,ok,0.03457982512190938,0.012817909475415945,,0
cebik-w4rnl/Basic-Intermediate-Tutorial-Models/Tutorial-1/5-2-1.nec,ok,ok,0.005703828763216734,0.005883128847926855,,0
cebik-w4rnl/Basic-Intermediate-Tutorial-Models/Tutorial-1/5-2-2.nec,ok,ok,0.06342406570911407,0.0313283447176218,,0
cebik-w4rnl/Basic-Intermediate-Tutorial-Models/Tutorial-1/5-3-1.nec,ok,ok,0.006045762449502945,0.006117283832281828,,0
cebik-w4rnl/Basic-Intermediate-Tutorial-Models/Tutorial-1/5-3-2.nec,ok,ok,0.008882864378392696,0.007650325074791908,,0
cebik-w4rnl/Basic-Intermediate-Tutorial-Models/Tutorial-1/5-4-1.nec,ok,ok,0.02054851595312357,0.016378006897866726,,0
cebik-w4rnl/Basic-Intermediate-Tutorial-Models/Tutorial-1/5-4-2.nec,ok,ok,0.0205905269831419,0.013870407827198505,,0
cebik-w4rnl/Basic-Intermediate-Tutorial-Models/Tutorial-1/5-5-1.nec,ok,ok,0.007595655974000692,0.006860828958451748,,0
cebik-w4rnl/Basic-Intermediate-Tutorial-Models/Tutorial-1/5-5-2.nec,ok,ok,0.0074332766234874725,0.006477701477706432,,0
cebik-w4rnl/Basic-Intermediate-Tutorial-Models/Tutorial-1/6-1.nec,ok,ok,0.3074780669994652,0.19427858386188745,1.5827,1
cebik-w4rnl/Basic-Intermediate-Tutorial-Models/Tutorial-1/6-2.nec,ok,ok,0.12441512988880277,0.06966352509334683,1.7859,1
cebik-w4rnl/Basic-Intermediate-Tutorial-Models/Tutorial-1/6-3.nec,ok,ok,0.13217905163764954,0.07224784465506673,1.8295,1
cebik-w4rnl/Basic-Intermediate-Tutorial-Models/Tutorial-1/6-4.nec,ok,ok,0.09202070813626051,0.06158021604642272,1.4943,1
cebik-w4rnl/Basic-Intermediate-Tutorial-Models/Tutorial-1/6-5.nec,ok,ok,0.018266712315380573,0.012745453044772148,,0
cebik-w4rnl/Basic-Intermediate-Tutorial-Models/Tutorial-1/6-6.nec,ok,ok,0.410098347812891,0.14579769736155868,2.8128,1
cebik-w4rnl/Basic-Intermediate-Tutorial-Models/Tutorial-1/6-7.nec,ok,ok,0.40951903304085135,0.22066626232117414,1.8558,1
cebik-w4rnl/Basic-Intermediate-Tutorial-Models/Tutorial-1/7-1.nec,ok,ok,0.2862616269849241,0.18190446309745312,1.5737,1
cebik-w4rnl/Basic-Intermediate-Tutorial-Models/Tutorial-1/7-2.nec,ok,ok,0.0206155302003026,0.017135662492364645,,0
cebik-w4rnl/Basic-Intermediate-Tutorial-Models/Tutorial-1/7-3.nec,ok,ok,0.01410691998898983,0.010440492536872625,,0
cebik-w4rnl/Basic-Intermediate-Tutorial-Models/Tutorial-1/7-4.nec,ok,ok,0.005926938261836767,0.006062780972570181,,0
cebik-w4rnl/Basic-Intermediate-Tutorial-Models/Tutorial-1/7-5.nec,ok,ok,0.006405062973499298,0.006739026866853237,,0
cebik-w4rnl/Basic-Intermediate-Tutorial-Models/Tutorial-1/7-6.nec,ok,ok,0.007769996300339699,0.007029829081147909,,0
cebik-w4rnl/Basic-Intermediate-Tutorial-Models/Tutorial-1/7-7.nec,ok,ok,0.3855490954592824,0.16570742055773735,2.3267,1
cebik-w4rnl/Basic-Intermediate-Tutorial-Models/Tutorial-1/7-8.nec,ok,ok,0.010385783389210701,0.008268560282886028,,0
cebik-w4rnl/Basic-Intermediate-Tutorial-Models/Tutorial-1/8-1-1.nec,ok,ok,0.006191794294863939,0.006042607128620148,,0
cebik-w4rnl/Basic-Intermediate-Tutorial-Models/Tutorial-1/8-1.nec,ok,ok,0.005010511260479689,0.005375073757022619,,0
cebik-w4rnl/Basic-Intermediate-Tutorial-Models/Tutorial-1/8-2.nec,ok,ok,0.006317104212939739,0.008128168061375618,,0
cebik-w4rnl/Basic-Intermediate-Tutorial-Models/Tutorial-1/8-3.nec,ok,ok,0.006525376345962286,0.0062474701553583145,,0
cebik-w4rnl/Basic-Intermediate-Tutorial-Models/Tutorial-1/8-4.nec,ok,ok,0.008264525327831507,0.0072550284676253796,,0
cebik-w4rnl/Basic-Intermediate-Tutorial-Models/Tutorial-1/8-5-1.nec,ok,ok,0.009361211210489273,0.007835123222321272,,0
cebik-w4rnl/Basic-Intermediate-Tutorial-Models/Tutorial-1/8-5.nec,ok,ok,0.01287140417844057,0.010424753651022911,,0
cebik-w4rnl/Basic-Intermediate-Tutorial-Models/Tutorial-1/8-6-1.nec,ok,ok,0.27896550111472607,0.187342609744519,1.4891,1
cebik-w4rnl/Basic-Intermediate-Tutorial-Models/Tutorial-1/8-6.nec,ok,ok,0.3118340661749244,0.1822466030716896,1.7111,1
cebik-w4rnl/Basic-Intermediate-Tutorial-Models/Tutorial-1/8-7-1.nec,no-impedance,no-impedance,0.00595459807664156,0.006126710679382086,,0
cebik-w4rnl/Basic-Intermediate-Tutorial-Models/Tutorial-1/8-7-2.nec,no-impedance,no-impedance,0.006128930486738682,0.006080596707761288,,0
cebik-w4rnl/Basic-Intermediate-Tutorial-Models/Tutorial-1/8-7.nec,ok,ok,0.005620738957077265,0.0057330746203660965,,0
cebik-w4rnl/Basic-Intermediate-Tutorial-Models/Tutorial-1/9-1-1.nec,ok,ok,0.008655131328850985,0.007348462473601103,,0
cebik-w4rnl/Basic-Intermediate-Tutorial-Models/Tutorial-1/9-1-2.nec,ok,ok,0.008712817449122667,0.0073141069151461124,,0
cebik-w4rnl/Basic-Intermediate-Tutorial-Models/Tutorial-1/9-1-3.nec,ok,ok,0.008641846012324095,0.0073655471205711365,,0
cebik-w4rnl/Basic-Intermediate-Tutorial-Models/Tutorial-1/9-2-1.nec,ok,ok,0.008754123467952013,0.0076186638325452805,,0
cebik-w4rnl/Basic-Intermediate-Tutorial-Models/Tutorial-1/9-2-2.nec,ok,ok,0.008697250857949257,0.0073215411975979805,,0
cebik-w4rnl/Basic-Intermediate-Tutorial-Models/Tutorial-1/9-2-3.nec,ok,ok,0.00870594335719943,0.010821840725839138,,0
cebik-w4rnl/Basic-Intermediate-Tutorial-Models/Tutorial-1/9-3-1.nec,ok,ok,0.008725525811314583,0.009224099572747946,,0
cebik-w4rnl/Basic-Intermediate-Tutorial-Models/Tutorial-1/9-3-2.nec,ok,ok,0.008673845324665308,0.007360362913459539,,0
cebik-w4rnl/Basic-Intermediate-Tutorial-Models/Tutorial-1/9-3-3.nec,ok,ok,0.00882079778239131,0.007372858934104443,,0
cebik-w4rnl/Basic-Intermediate-Tutorial-Models/Tutorial-1/9-4-1.nec,ok,ok,0.013048972934484482,0.01037465501576662,,0
cebik-w4rnl/Basic-Intermediate-Tutorial-Models/Tutorial-1/9-4.nec,ok,ok,0.005937505513429642,0.005993134807795286,,0
cebik-w4rnl/Basic-Intermediate-Tutorial-Models/Tutorial-1/9-5-1.nec,ok,ok,0.015285711735486984,0.01192050101235509,,0
cebik-w4rnl/Basic-Intermediate-Tutorial-Models/Tutorial-1/9-5-2.nec,ok,ok,0.015396635513752699,0.011769756209105253,,0
cebik-w4rnl/Basic-Intermediate-Tutorial-Models/Tutorial-1/9-5-3.nec,ok,ok,0.015458951238542795,0.01143589150160551,,0
cebik-w4rnl/Basic-Intermediate-Tutorial-Models/Tutorial-1/9-5.nec,ok,ok,0.015765751246362925,0.012097291648387909,,0
cebik-w4rnl/Basic-Intermediate-Tutorial-Models/Tutorial-1/9-6-1.nec,ok,ok,0.006251388695091009,0.00569969741627574,,0
cebik-w4rnl/Basic-Intermediate-Tutorial-Models/Tutorial-1/9-6-2.nec,ok,ok,0.005154060199856758,0.004920107778161764,,0
cebik-w4rnl/Basic-Intermediate-Tutorial-Models/Tutorial-1/9-6-3.nec,ok,ok,0.005168684292584658,0.004892876371741295,,0
cebik-w4rnl/Basic-Intermediate-Tutorial-Models/Tutorial-1/9-6-4.nec,ok,ok,0.00517874164506793,0.005157170817255974,,0
cebik-w4rnl/Basic-Intermediate-Tutorial-Models/Tutorial-1/9-6-5.nec,ok,ok,0.0060069202445447445,0.005465374793857336,,0
cebik-w4rnl/Basic-Intermediate-Tutorial-Models/Tutorial-1/9-6.nec,ok,ok,0.00604252377524972,0.005570589564740658,,0
cebik-w4rnl/Basic-Intermediate-Tutorial-Models/Tutorial-2/ch-0/0-1.nec,ok,ok,0.5769948870874941,0.1448996434919536,3.9820,1
cebik-w4rnl/Basic-Intermediate-Tutorial-Models/Tutorial-2/ch-1/1-1.nec,ok,ok,0.03915055515244603,0.016968023031949997,,0
cebik-w4rnl/Basic-Intermediate-Tutorial-Models/Tutorial-2/ch-1/1-1a.nec,ok,ok,0.039178311824798584,0.017262835055589676,,0
cebik-w4rnl/Basic-Intermediate-Tutorial-Models/Tutorial-2/ch-1/1-1b.nec,ok,ok,0.03899579169228673,0.016915420070290565,,0
cebik-w4rnl/Basic-Intermediate-Tutorial-Models/Tutorial-2/ch-1/1-1c.nec,ok,ok,0.03988551162183285,0.017599368002265692,,0
cebik-w4rnl/Basic-Intermediate-Tutorial-Models/Tutorial-2/ch-1/1-2.nec,ok,ok,0.005155228078365326,0.005591911729425192,,0
cebik-w4rnl/Basic-Intermediate-Tutorial-Models/Tutorial-2/ch-1/1-2a.nec,ok,ok,0.0047234222292900085,0.005203012842684984,,0
cebik-w4rnl/Basic-Intermediate-Tutorial-Models/Tutorial-2/ch-1/1-3.nec,ok,ok,0.3702461891807616,0.24180805031210184,1.5312,1
cebik-w4rnl/Basic-Intermediate-Tutorial-Models/Tutorial-2/ch-1/1-4.nec,ok,ok,0.005651469808071852,0.005742873065173626,,0
cebik-w4rnl/Basic-Intermediate-Tutorial-Models/Tutorial-2/ch-1/1-4a.nec,ok,ok,0.0054968842305243015,0.007203652057796717,,0
cebik-w4rnl/Basic-Intermediate-Tutorial-Models/Tutorial-2/ch-1/1-4b.nec,ok,ok,0.4718500031158328,0.1492137028835714,3.1622,1
cebik-w4rnl/Basic-Intermediate-Tutorial-Models/Tutorial-2/ch-1/1-5.nec,ok,ok,0.007575571071356535,0.0068817646242678165,,0
cebik-w4rnl/Basic-Intermediate-Tutorial-Models/Tutorial-2/ch-1/1-6.nec,ok,ok,0.009995023254305124,0.00790777849033475,,0
cebik-w4rnl/Basic-Intermediate-Tutorial-Models/Tutorial-2/ch-1/1-6a.nec,ok,ok,0.008373190648853779,0.007210076786577702,,0
cebik-w4rnl/Basic-Intermediate-Tutorial-Models/Tutorial-2/ch-10/10-1.nec,ok,ok,0.004149818327277899,0.0042281001806259155,,0
cebik-w4rnl/Basic-Intermediate-Tutorial-Models/Tutorial-2/ch-10/10-10.nec,ok,ok,0.0032200030982494354,0.0034456555731594563,,0
cebik-w4rnl/Basic-Intermediate-Tutorial-Models/Tutorial-2/ch-10/10-10a.nec,ok,ok,0.0032407063990831375,0.003305420745164156,,0
cebik-w4rnl/Basic-Intermediate-Tutorial-Models/Tutorial-2/ch-10/10-10b.nec,ok,ok,0.003239174373447895,0.003417945932596922,,0
cebik-w4rnl/Basic-Intermediate-Tutorial-Models/Tutorial-2/ch-10/10-10c.nec,ok,ok,0.0032698404975235462,0.003394573461264372,,0
cebik-w4rnl/Basic-Intermediate-Tutorial-Models/Tutorial-2/ch-10/10-11.nec,ok,ok,0.003209590446203947,0.003251661080867052,,0
cebik-w4rnl/Basic-Intermediate-Tutorial-Models/Tutorial-2/ch-10/10-11a.nec,ok,ok,0.004242553375661373,0.004369403701275587,,0
cebik-w4rnl/Basic-Intermediate-Tutorial-Models/Tutorial-2/ch-10/10-11b.nec,ok,ok,0.004268646240234375,0.004412244539707899,,0
cebik-w4rnl/Basic-Intermediate-Tutorial-Models/Tutorial-2/ch-10/10-1a.nec,ok,ok,0.006366229150444269,0.005147761199623346,,0
cebik-w4rnl/Basic-Intermediate-Tutorial-Models/Tutorial-2/ch-10/10-2.nec,ok,ok,0.004978445824235678,0.004574736580252647,,0
cebik-w4rnl/Basic-Intermediate-Tutorial-Models/Tutorial-2/ch-10/10-2a.nec,ok,ok,0.006508329417556524,0.0052012670785188675,,0
cebik-w4rnl/Basic-Intermediate-Tutorial-Models/Tutorial-2/ch-10/10-2b.nec,ok,ok,0.0041049025021493435,0.004130438435822725,,0
cebik-w4rnl/Basic-Intermediate-Tutorial-Models/Tutorial-2/ch-10/10-3.nec,ok,ok,0.010022350586950779,0.00794885354116559,,0
cebik-w4rnl/Basic-Intermediate-Tutorial-Models/Tutorial-2/ch-10/10-3a.nec,ok,ok,0.008599972818046808,0.007259692065417767,,0
cebik-w4rnl/Basic-Intermediate-Tutorial-Models/Tutorial-2/ch-10/10-3b.nec,ok,ok,0.017410130705684423,0.012419379781931639,,0
cebik-w4rnl/Basic-Intermediate-Tutorial-Models/Tutorial-2/ch-10/10-4.nec,ok,ok,0.015993930865079165,0.010435375850647688,,0
cebik-w4rnl/Basic-Intermediate-Tutorial-Models/Tutorial-2/ch-10/10-4a.nec,ok,ok,0.02877691062167287,0.01571026910096407,,0
cebik-w4rnl/Basic-Intermediate-Tutorial-Models/Tutorial-2/ch-10/10-4b.nec,ok,ok,0.011775883380323648,0.008803147822618484,,0
cebik-w4rnl/Basic-Intermediate-Tutorial-Models/Tutorial-2/ch-10/10-5.nec,ok,ok,0.38421994401142,0.1238180948421359,3.1031,1
cebik-w4rnl/Basic-Intermediate-Tutorial-Models/Tutorial-2/ch-10/10-5a.nec,ok,ok,0.39575144089758396,0.13280964782461524,2.9798,1
cebik-w4rnl/Basic-Intermediate-Tutorial-Models/Tutorial-2/ch-10/10-6.nec,ok,ok,0.14750697743147612,0.061946073081344366,2.3812,1
cebik-w4rnl/Basic-Intermediate-Tutorial-Models/Tutorial-2/ch-10/10-6a.nec,ok,ok,0.06357323657721281,0.03178434958681464,,0
cebik-w4rnl/Basic-Intermediate-Tutorial-Models/Tutorial-2/ch-10/10-6b.nec,ok,ok,0.06475731311365962,0.03185109328478575,,0
cebik-w4rnl/Basic-Intermediate-Tutorial-Models/Tutorial-2/ch-10/10-7.nec,ok,ok,0.004588146228343248,0.004328504670411348,,0
cebik-w4rnl/Basic-Intermediate-Tutorial-Models/Tutorial-2/ch-10/10-8.nec,ok,ok,0.0032199984416365623,0.0033778236247599125,,0
cebik-w4rnl/Basic-Intermediate-Tutorial-Models/Tutorial-2/ch-10/10-8a.nec,ok,ok,0.0031352913938462734,0.003341688308864832,,0
cebik-w4rnl/Basic-Intermediate-Tutorial-Models/Tutorial-2/ch-10/10-8b.nec,ok,ok,0.0032537970691919327,0.003420069348067045,,0
cebik-w4rnl/Basic-Intermediate-Tutorial-Models/Tutorial-2/ch-10/10-8c.nec,ok,ok,0.0031537776812911034,0.0036759842187166214,,0
cebik-w4rnl/Basic-Intermediate-Tutorial-Models/Tutorial-2/ch-10/10-8d.nec,ok,ok,0.004576466977596283,0.0051360647194087505,,0
cebik-w4rnl/Basic-Intermediate-Tutorial-Models/Tutorial-2/ch-10/10-9.nec,no-impedance,no-impedance,0.023533248342573643,0.014718365389853716,,0
cebik-w4rnl/Basic-Intermediate-Tutorial-Models/Tutorial-2/ch-10/10-9a.nec,ok,ok,0.02202371461316943,0.014084732625633478,,0
cebik-w4rnl/Basic-Intermediate-Tutorial-Models/Tutorial-2/ch-11/11-10-nec4.nec,ok,ok,0.10286286612972617,0.0672716018743813,1.5291,1
cebik-w4rnl/Basic-Intermediate-Tutorial-Models/Tutorial-2/ch-11/11-10a-nec4.nec,ok,ok,0.10313981724902987,0.06676180474460125,1.5449,1
cebik-w4rnl/Basic-Intermediate-Tutorial-Models/Tutorial-2/ch-11/11-10b-nec4.nec,ok,ok,0.10340387281030416,0.06764282798394561,1.5287,1
cebik-w4rnl/Basic-Intermediate-Tutorial-Models/Tutorial-2/ch-11/11-11.nec,ok,ok,0.3072508182376623,0.18679012218490243,1.6449,1
cebik-w4rnl/Basic-Intermediate-Tutorial-Models/Tutorial-2/ch-11/11-11a.nec,ok,ok,3.172705817501992,0.7021893528290093,4.5183,1
cebik-w4rnl/Basic-Intermediate-Tutorial-Models/Tutorial-2/ch-11/11-1_1.nec,ok,ok,0.007961484603583813,0.007198157254606485,,0
cebik-w4rnl/Basic-Intermediate-Tutorial-Models/Tutorial-2/ch-11/11-1_2.nec,ok,ok,0.007741408888250589,0.006963731255382299,,0
cebik-w4rnl/Basic-Intermediate-Tutorial-Models/Tutorial-2/ch-11/11-1a_1.nec,ok,ok,0.04314878536388278,0.03310098685324192,,0
cebik-w4rnl/Basic-Intermediate-Tutorial-Models/Tutorial-2/ch-11/11-1a_2.nec,ok,ok,0.04358615633100271,0.03292922955006361,,0
cebik-w4rnl/Basic-Intermediate-Tutorial-Models/Tutorial-2/ch-11/11-1b.nec,ok,ok,0.04353640368208289,0.03294234862551093,,0
cebik-w4rnl/Basic-Intermediate-Tutorial-Models/Tutorial-2/ch-11/11-2.nec,ok,ok,0.005233693402260542,0.00493959104642272,,0
cebik-w4rnl/Basic-Intermediate-Tutorial-Models/Tutorial-2/ch-11/11-2a.nec,ok,ok,0.10482267523184419,0.06674264511093497,1.5706,1
cebik-w4rnl/Basic-Intermediate-Tutorial-Models/Tutorial-2/ch-11/11-2b.nec,ok,ok,0.10414589289575815,0.07700881501659751,1.3524,1
cebik-w4rnl/Basic-Intermediate-Tutorial-Models/Tutorial-2/ch-11/11-3.nec,ok,ok,0.29104035208001733,0.18235486187040806,1.5960,1
cebik-w4rnl/Basic-Intermediate-Tutorial-Models/Tutorial-2/ch-11/11-3a.nec,ok,ok,0.29036740539595485,0.1824483796954155,1.5915,1
cebik-w4rnl/Basic-Intermediate-Tutorial-Models/Tutorial-2/ch-11/11-4.nec,ok,ok,0.32107832888141274,0.20559655595570803,1.5617,1
cebik-w4rnl/Basic-Intermediate-Tutorial-Models/Tutorial-2/ch-11/11-4a-nec4.nec,ok,ok,1.0605236613191664,0.3205809984356165,3.3081,1
cebik-w4rnl/Basic-Intermediate-Tutorial-Models/Tutorial-2/ch-11/11-5.nec,ok,ok,0.2430591145530343,0.15436545386910439,1.5746,1
cebik-w4rnl/Basic-Intermediate-Tutorial-Models/Tutorial-2/ch-11/11-6.nec,ok,ok,0.08985799783840775,0.05909973895177245,1.5204,1
cebik-w4rnl/Basic-Intermediate-Tutorial-Models/Tutorial-2/ch-11/11-7.nec,ok,ok,0.10140598937869072,0.06561004091054201,1.5456,1
cebik-w4rnl/Basic-Intermediate-Tutorial-Models/Tutorial-2/ch-11/11-7a.nec,ok,ok,0.08588453661650419,0.058370464481413364,1.4714,1
cebik-w4rnl/Basic-Intermediate-Tutorial-Models/Tutorial-2/ch-11/11-7b-nec2.nec,ok,ok,0.10129224695265293,0.0654273652471602,1.5482,1
cebik-w4rnl/Basic-Intermediate-Tutorial-Models/Tutorial-2/ch-11/11-7c-nec2.nec,ok,ok,0.10229184478521347,0.06545777432620525,1.5627,1
cebik-w4rnl/Basic-Intermediate-Tutorial-Models/Tutorial-2/ch-11/11-7d-nec2.nec,ok,ok,0.10122811468318105,0.06574565544724464,1.5397,1
cebik-w4rnl/Basic-Intermediate-Tutorial-Models/Tutorial-2/ch-11/11-7e-nec2.nec,ok,ok,0.10319257853552699,0.07032418716698885,1.4674,1
cebik-w4rnl/Basic-Intermediate-Tutorial-Models/Tutorial-2/ch-11/11-7f-nec2.nec,ok,ok,0.102937251329422,0.07740534283220768,1.3298,1
cebik-w4rnl/Basic-Intermediate-Tutorial-Models/Tutorial-2/ch-11/11-7g-nec2.nec,ok,ok,0.10328159108757973,0.06749471509829164,1.5302,1
cebik-w4rnl/Basic-Intermediate-Tutorial-Models/Tutorial-2/ch-11/11-8b-nec2.nec,ok,ok,0.10134575422853231,0.06563325319439173,1.5441,1
cebik-w4rnl/Basic-Intermediate-Tutorial-Models/Tutorial-2/ch-11/11-8c-nec2.nec,ok,ok,0.1019284944050014,0.06709539098665118,1.5192,1
cebik-w4rnl/Basic-Intermediate-Tutorial-Models/Tutorial-2/ch-11/11-8d-nec2.nec,ok,ok,0.10129585256800056,0.06572834867984056,1.5411,1
cebik-w4rnl/Basic-Intermediate-Tutorial-Models/Tutorial-2/ch-11/11-8e-nec2.nec,ok,ok,0.10317657981067896,0.06739591853693128,1.5309,1
cebik-w4rnl/Basic-Intermediate-Tutorial-Models/Tutorial-2/ch-11/11-8e-nec4.nec,ok,ok,0.10302318027243018,0.06744046835228801,1.5276,1
cebik-w4rnl/Basic-Intermediate-Tutorial-Models/Tutorial-2/ch-11/11-8f-nec2.nec,ok,ok,0.10323283215984702,0.06739676045253873,1.5317,1
cebik-w4rnl/Basic-Intermediate-Tutorial-Models/Tutorial-2/ch-11/11-8f-nec4.nec,ok,ok,0.10286018624901772,0.06746492814272642,1.5246,1
cebik-w4rnl/Basic-Intermediate-Tutorial-Models/Tutorial-2/ch-11/11-8g-nec2.nec,ok,ok,0.10290457587689161,0.06769741093739867,1.5201,1
cebik-w4rnl/Basic-Intermediate-Tutorial-Models/Tutorial-2/ch-11/11-8g-nec4.nec,ok,ok,0.11165517661720514,0.07577475951984525,1.4735,1
cebik-w4rnl/Basic-Intermediate-Tutorial-Models/Tutorial-2/ch-11/11-9-nec2.nec,ok,ok,0.1032947488129139,0.0752647346816957,1.3724,1
cebik-w4rnl/Basic-Intermediate-Tutorial-Models/Tutorial-2/ch-11/11-9a-nec2.nec,ok,ok,0.10296256467700005,0.06650177435949445,1.5483,1
cebik-w4rnl/Basic-Intermediate-Tutorial-Models/Tutorial-2/ch-11/11-9b-nec2.nec,ok,ok,0.1031552804633975,0.06671630218625069,1.5462,1
cebik-w4rnl/Basic-Intermediate-Tutorial-Models/Tutorial-2/ch-12/12-1.nec,ok,ok,0.005036239046603441,0.005478221457451582,,0
cebik-w4rnl/Basic-Intermediate-Tutorial-Models/Tutorial-2/ch-12/12-10-nec4.nec,ok,ok,1.1504252110607922,0.3142944239079952,3.6603,1
cebik-w4rnl/Basic-Intermediate-Tutorial-Models/Tutorial-2/ch-12/12-10a-nec4.nec,ok,ok,0.9264936535619199,0.26461594365537167,3.5013,1
cebik-w4rnl/Basic-Intermediate-Tutorial-Models/Tutorial-2/ch-12/12-11-nec4.nec,ok,ok,4.306502376683056,0.5900389170274138,7.2987,1
cebik-w4rnl/Basic-Intermediate-Tutorial-Models/Tutorial-2/ch-12/12-11a-nec4.nec,ok,ok,4.325824941042811,0.5796884866431355,7.4623,1
cebik-w4rnl/Basic-Intermediate-Tutorial-Models/Tutorial-2/ch-12/12-1a.nec,ok,ok,0.005461911670863628,0.0056044114753603935,,0
cebik-w4rnl/Basic-Intermediate-Tutorial-Models/Tutorial-2/ch-12/12-1b.nec,no-impedance,no-impedance,0.005133947357535362,0.005419818684458733,,0
cebik-w4rnl/Basic-Intermediate-Tutorial-Models/Tutorial-2/ch-12/12-2.nec,ok,ok,0.007729685865342617,0.006878018379211426,,0
cebik-w4rnl/Basic-Intermediate-Tutorial-Models/Tutorial-2/ch-12/12-2a.nec,ok,ok,0.00779458973556757,0.007077851332724094,,0
cebik-w4rnl/Basic-Intermediate-Tutorial-Models/Tutorial-2/ch-12/12-3.nec,ok,ok,0.007699372246861458,0.007023965008556843,,0
cebik-w4rnl/Basic-Intermediate-Tutorial-Models/Tutorial-2/ch-12/12-3a.nec,ok,ok,0.007859185338020325,0.0070620812475681305,,0
cebik-w4rnl/Basic-Intermediate-Tutorial-Models/Tutorial-2/ch-12/12-4.nec,ok,ok,0.005950788501650095,0.00598364882171154,,0
cebik-w4rnl/Basic-Intermediate-Tutorial-Models/Tutorial-2/ch-12/12-4a.nec,ok,ok,0.005975079257041216,0.006192365661263466,,0
cebik-w4rnl/Basic-Intermediate-Tutorial-Models/Tutorial-2/ch-12/12-4b.nec,ok,ok,0.05452686036005616,0.033689568750560284,,0
cebik-w4rnl/Basic-Intermediate-Tutorial-Models/Tutorial-2/ch-12/12-5.nec,ok,ok,0.006242907140403986,0.006361871957778931,,0
cebik-w4rnl/Basic-Intermediate-Tutorial-Models/Tutorial-2/ch-12/12-5a.nec,ok,ok,0.006119148340076208,0.006116599775850773,,0
cebik-w4rnl/Basic-Intermediate-Tutorial-Models/Tutorial-2/ch-12/12-5b.nec,ok,ok,0.03534043859690428,0.03432149486616254,,0
cebik-w4rnl/Basic-Intermediate-Tutorial-Models/Tutorial-2/ch-12/12-6.nec,ok,ok,1.906797188334167,0.697748813778162,2.7328,1
cebik-w4rnl/Basic-Intermediate-Tutorial-Models/Tutorial-2/ch-12/12-7.nec,ok,ok,0.03776974929496646,0.019212539307773113,,0
cebik-w4rnl/Basic-Intermediate-Tutorial-Models/Tutorial-2/ch-12/12-7a.nec,ok,ok,0.014259119518101215,0.010094340424984694,,0
cebik-w4rnl/Basic-Intermediate-Tutorial-Models/Tutorial-2/ch-12/12-8.nec,ok,ok,0.018536367919296026,0.011550017166882753,,0
cebik-w4rnl/Basic-Intermediate-Tutorial-Models/Tutorial-2/ch-12/12-8a.nec,ok,ok,0.0185718578286469,0.011887658853083849,,0
cebik-w4rnl/Basic-Intermediate-Tutorial-Models/Tutorial-2/ch-12/12-8b.nec,ok,ok,0.08945770002901554,0.03908824361860752,,0
cebik-w4rnl/Basic-Intermediate-Tutorial-Models/Tutorial-2/ch-12/12-9.nec,ok,ok,0.025753153022378683,0.014684448018670082,,0
cebik-w4rnl/Basic-Intermediate-Tutorial-Models/Tutorial-2/ch-12/12-9a.nec,ok,ok,0.004177913535386324,0.004223546013236046,,0
cebik-w4rnl/Basic-Intermediate-Tutorial-Models/Tutorial-2/ch-12/12-9b.nec,ok,ok,0.04194604838266969,0.021874846890568733,,0
cebik-w4rnl/Basic-Intermediate-Tutorial-Models/Tutorial-2/ch-12/12-9c.nec,ok,ok,0.041713536251336336,0.022056162357330322,,0
cebik-w4rnl/Basic-Intermediate-Tutorial-Models/Tutorial-2/ch-13/13-1.nec,ok,ok,0.005313492380082607,0.006171299144625664,,0
cebik-w4rnl/Basic-Intermediate-Tutorial-Models/Tutorial-2/ch-13/13-1a.nec,ok,ok,0.00499246921390295,0.005332179833203554,,0
cebik-w4rnl/Basic-Intermediate-Tutorial-Models/Tutorial-2/ch-13/13-1b.nec,ok,ok,0.005007522646337748,0.005384202580899,,0
cebik-w4rnl/Basic-Intermediate-Tutorial-Models/Tutorial-2/ch-13/13-1c-nec4.nec,ok,ok,0.005076554603874683,0.005397346802055836,,0
cebik-w4rnl/Basic-Intermediate-Tutorial-Models/Tutorial-2/ch-13/13-1d.nec,ok,ok,0.005092971492558718,0.005329502280801535,,0
cebik-w4rnl/Basic-Intermediate-Tutorial-Models/Tutorial-2/ch-13/13-2.nec,ok,ok,0.005049714352935553,0.005363441072404385,,0
cebik-w4rnl/Basic-Intermediate-Tutorial-Models/Tutorial-2/ch-13/13-2a.nec,ok,ok,0.005116468761116266,0.005409074015915394,,0
cebik-w4rnl/Basic-Intermediate-Tutorial-Models/Tutorial-2/ch-13/13-2b.nec,ok,ok,0.005082759540528059,0.005517870653420687,,0
cebik-w4rnl/Basic-Intermediate-Tutorial-Models/Tutorial-2/ch-13/13-2c.nec,ok,ok,0.005010581109672785,0.005359668284654617,,0
cebik-w4rnl/Basic-Intermediate-Tutorial-Models/Tutorial-2/ch-13/13-2d.nec,ok,ok,0.005014889873564243,0.005260447971522808,,0
cebik-w4rnl/Basic-Intermediate-Tutorial-Models/Tutorial-2/ch-13/13-2e.nec,ok,ok,0.005026738625019789,0.005398318637162447,,0
cebik-w4rnl/Basic-Intermediate-Tutorial-Models/Tutorial-2/ch-13/13-3.nec,ok,ok,0.01471164170652628,0.01196601614356041,,0
cebik-w4rnl/Basic-Intermediate-Tutorial-Models/Tutorial-2/ch-13/13-3a.nec,ok,ok,0.015326408203691244,0.012231568340212107,,0
cebik-w4rnl/Basic-Intermediate-Tutorial-Models/Tutorial-2/ch-13/13-4.nec,ok,ok,0.0058223046362400055,0.0052800728008151054,,0
cebik-w4rnl/Basic-Intermediate-Tutorial-Models/Tutorial-2/ch-13/13-4a.nec,ok,ok,0.005681401584297419,0.005603217054158449,,0
cebik-w4rnl/Basic-Intermediate-Tutorial-Models/Tutorial-2/ch-13/13-4b.nec,ok,ok,0.005555276293307543,0.0052269259467720985,,0
cebik-w4rnl/Basic-Intermediate-Tutorial-Models/Tutorial-2/ch-13/13-4c.nec,ok,ok,0.0055739497765898705,0.005262372549623251,,0
cebik-w4rnl/Basic-Intermediate-Tutorial-Models/Tutorial-2/ch-13/13-4d.nec,ok,ok,0.005529487039893866,0.005332500673830509,,0
cebik-w4rnl/Basic-Intermediate-Tutorial-Models/Tutorial-2/ch-13/13-5.nec,ok,ok,0.005563652142882347,0.005173740908503532,,0
cebik-w4rnl/Basic-Intermediate-Tutorial-Models/Tutorial-2/ch-13/13-5a.nec,ok,ok,0.007578060496598482,0.005158538464456797,,0
cebik-w4rnl/Basic-Intermediate-Tutorial-Models/Tutorial-2/ch-13/13-6.nec,ok,ok,0.007159460335969925,0.006559348665177822,,0
cebik-w4rnl/Basic-Intermediate-Tutorial-Models/Tutorial-2/ch-13/13-6a.nec,ok,ok,0.0071194530464708805,0.006771967280656099,,0
cebik-w4rnl/Basic-Intermediate-Tutorial-Models/Tutorial-2/ch-13/13-6b.nec,ok,ok,0.0070755681954324245,0.006541187409311533,,0
cebik-w4rnl/Basic-Intermediate-Tutorial-Models/Tutorial-2/ch-13/13-7.nec,ok,ok,0.008877402171492577,0.007435590028762817,,0
cebik-w4rnl/Basic-Intermediate-Tutorial-Models/Tutorial-2/ch-13/13-7a.nec,ok,ok,0.008808908984065056,0.007493490353226662,,0
cebik-w4rnl/Basic-Intermediate-Tutorial-Models/Tutorial-2/ch-13/13-7b.nec,ok,ok,0.021063947584480047,0.014633161015808582,,0
cebik-w4rnl/Basic-Intermediate-Tutorial-Models/Tutorial-2/ch-13/13-7c.nec,ok,ok,0.021280054468661547,0.014922508969902992,,0
cebik-w4rnl/Basic-Intermediate-Tutorial-Models/Tutorial-2/ch-13/13-8.nec,ok,ok,0.0092394701205194,0.007617852184921503,,0
cebik-w4rnl/Basic-Intermediate-Tutorial-Models/Tutorial-2/ch-13/13-8a.nec,ok,ok,0.009105969220399857,0.007728186901658773,,0
cebik-w4rnl/Basic-Intermediate-Tutorial-Models/Tutorial-2/ch-13/13-8b.nec,ok,ok,0.03791325818747282,0.025878125801682472,,0
cebik-w4rnl/Basic-Intermediate-Tutorial-Models/Tutorial-2/ch-13/13-8c.nec,ok,ok,0.034415601287037134,0.02099778549745679,,0
cebik-w4rnl/Basic-Intermediate-Tutorial-Models/Tutorial-2/ch-13/13-9.nec,ok,ok,0.03366454131901264,0.01436138991266489,,0
cebik-w4rnl/Basic-Intermediate-Tutorial-Models/Tutorial-2/ch-13/13-9a.nec,ok,ok,0.09949091775342822,0.042649597860872746,,0
cebik-w4rnl/Basic-Intermediate-Tutorial-Models/Tutorial-2/ch-14/14-1.nec,ok,ok,0.01898945076391101,0.012980061117559671,,0
cebik-w4rnl/Basic-Intermediate-Tutorial-Models/Tutorial-2/ch-14/14-1a.nec,ok,ok,0.01898120017722249,0.013252736069262028,,0
cebik-w4rnl/Basic-Intermediate-Tutorial-Models/Tutorial-2/ch-14/14-3.nec,ok,ok,0.04200362088158727,0.021657933481037617,,0
cebik-w4rnl/Basic-Intermediate-Tutorial-Models/Tutorial-2/ch-14/14-3a.nec,ok,ok,0.04284795327112079,0.02242666343227029,,0
cebik-w4rnl/Basic-Intermediate-Tutorial-Models/Tutorial-2/ch-14/14-3b.nec,ok,ok,0.0425943317823112,0.022388653829693794,,0
cebik-w4rnl/Basic-Intermediate-Tutorial-Models/Tutorial-2/ch-14/14-3c.nec,ok,ok,0.04261378291994333,0.02229551086202264,,0
cebik-w4rnl/Basic-Intermediate-Tutorial-Models/Tutorial-2/ch-14/14-3d.nec,ok,ok,0.04255286976695061,0.022920990828424692,,0
cebik-w4rnl/Basic-Intermediate-Tutorial-Models/Tutorial-2/ch-14/14-4.nec,ok,ok,0.00339773902669549,0.004011454060673714,,0
cebik-w4rnl/Basic-Intermediate-Tutorial-Models/Tutorial-2/ch-14/14-4a.nec,ok,ok,0.0032330434769392014,0.0034224712289869785,,0
cebik-w4rnl/Basic-Intermediate-Tutorial-Models/Tutorial-2/ch-14/14-4b.nec,ok,ok,0.003142405766993761,0.0033503519371151924,,0
cebik-w4rnl/Basic-Intermediate-Tutorial-Models/Tutorial-2/ch-14/14-4c.nec,ok,ok,0.003202489111572504,0.0033158250153064728,,0
cebik-w4rnl/Basic-Intermediate-Tutorial-Models/Tutorial-2/ch-14/14-5.nec,ok,ok,0.02372887684032321,0.01482275128364563,,0
cebik-w4rnl/Basic-Intermediate-Tutorial-Models/Tutorial-2/ch-14/14-5a.nec,ok,ok,0.025858331471681595,0.015918423887342215,,0
cebik-w4rnl/Basic-Intermediate-Tutorial-Models/Tutorial-2/ch-14/14-6.nec,ok,ok,0.018338090740144253,0.011491562705487013,,0
cebik-w4rnl/Basic-Intermediate-Tutorial-Models/Tutorial-2/ch-14/14-6a.nec,ok,ok,0.018555950839072466,0.011885247193276882,,0
cebik-w4rnl/Basic-Intermediate-Tutorial-Models/Tutorial-2/ch-14/14-6b.nec,ok,ok,0.018976251129060984,0.011683272197842598,,0
cebik-w4rnl/Basic-Intermediate-Tutorial-Models/Tutorial-2/ch-14/14-6c.nec,ok,ok,0.01869465922936797,0.011632660869508982,,0
cebik-w4rnl/Basic-Intermediate-Tutorial-Models/Tutorial-2/ch-14/14-6d.nec,ok,ok,0.018554223235696554,0.011968158651143312,,0
cebik-w4rnl/Basic-Intermediate-Tutorial-Models/Tutorial-2/ch-15/15-1.nec,ok,ok,0.005832023452967405,0.0058882939629256725,,0
cebik-w4rnl/Basic-Intermediate-Tutorial-Models/Tutorial-2/ch-15/15-1a.nec,ok,ok,0.005583089776337147,0.007208551745861769,,0
cebik-w4rnl/Basic-Intermediate-Tutorial-Models/Tutorial-2/ch-15/15-1b.nec,ok,ok,0.005513150244951248,0.005676315166056156,,0
cebik-w4rnl/Basic-Intermediate-Tutorial-Models/Tutorial-2/ch-15/15-1c.nec,ok,ok,0.005500445142388344,0.005754329264163971,,0
cebik-w4rnl/Basic-Intermediate-Tutorial-Models/Tutorial-2/ch-15/15-1c1.nec,ok,ok,0.055484844371676445,0.05402037547901273,1.0271,1
cebik-w4rnl/Basic-Intermediate-Tutorial-Models/Tutorial-2/ch-15/15-1d.nec,ok,ok,0.005965410266071558,0.0060169752687215805,,0
cebik-w4rnl/Basic-Intermediate-Tutorial-Models/Tutorial-2/ch-15/15-1d1.nec,ok,ok,0.05531047470867634,0.054108868818730116,1.0222,1
cebik-w4rnl/Basic-Intermediate-Tutorial-Models/Tutorial-2/ch-15/15-2.nec,ok,ok,0.0061755250208079815,0.006130334455519915,,0
cebik-w4rnl/Basic-Intermediate-Tutorial-Models/Tutorial-2/ch-15/15-2a.nec,ok,ok,0.005894384812563658,0.005942547228187323,,0
cebik-w4rnl/Basic-Intermediate-Tutorial-Models/Tutorial-2/ch-15/15-2b.nec,ok,ok,0.00589623162522912,0.005928633734583855,,0
cebik-w4rnl/Basic-Intermediate-Tutorial-Models/Tutorial-2/ch-15/15-3.nec,ok,ok,0.08702705567702651,0.03792017977684736,,0
cebik-w4rnl/Basic-Intermediate-Tutorial-Models/Tutorial-2/ch-15/15-3a.nec,ok,ok,0.08728767139837146,0.038119085133075714,,0
cebik-w4rnl/Basic-Intermediate-Tutorial-Models/Tutorial-2/ch-15/15-4-1.nec,ok,ok,0.005250203888863325,0.005662663374096155,,0
cebik-w4rnl/Basic-Intermediate-Tutorial-Models/Tutorial-2/ch-15/15-4.nec,ok,ok,0.005042890552431345,0.005375731270760298,,0
cebik-w4rnl/Basic-Intermediate-Tutorial-Models/Tutorial-2/ch-15/15-4a.nec,ok,ok,0.005006429273635149,0.005411869380623102,,0
cebik-w4rnl/Basic-Intermediate-Tutorial-Models/Tutorial-2/ch-15/15-4a1.nec,ok,ok,0.004954023752361536,0.00535152992233634,,0
cebik-w4rnl/Basic-Intermediate-Tutorial-Models/Tutorial-2/ch-15/15-4b.nec,ok,ok,0.005021450109779835,0.0053084976971149445,,0
cebik-w4rnl/Basic-Intermediate-Tutorial-Models/Tutorial-2/ch-15/15-4b1.nec,ok,ok,0.005018273368477821,0.005473113153129816,,0
cebik-w4rnl/Basic-Intermediate-Tutorial-Models/Tutorial-2/ch-15/15-4c.nec,ok,ok,0.004937922116369009,0.005532385315746069,,0
cebik-w4rnl/Basic-Intermediate-Tutorial-Models/Tutorial-2/ch-15/15-4c1.nec,ok,ok,0.005064061842858791,0.0054746363312006,,0
cebik-w4rnl/Basic-Intermediate-Tutorial-Models/Tutorial-2/ch-15/15-5-1.nec,ok,ok,0.005046122707426548,0.005294012371450663,,0
cebik-w4rnl/Basic-Intermediate-Tutorial-Models/Tutorial-2/ch-15/15-5.nec,ok,ok,0.00499142799526453,0.005305897910147905,,0
cebik-w4rnl/Basic-Intermediate-Tutorial-Models/Tutorial-2/ch-15/15-5a-1.nec,ok,ok,0.00495778676122427,0.005491388961672783,,0
cebik-w4rnl/Basic-Intermediate-Tutorial-Models/Tutorial-2/ch-15/15-5a.nec,ok,ok,0.004977820906788111,0.00532524986192584,,0
cebik-w4rnl/Basic-Intermediate-Tutorial-Models/Tutorial-2/ch-15/15-5b-1.nec,ok,ok,0.004978867247700691,0.005419211462140083,,0
cebik-w4rnl/Basic-Intermediate-Tutorial-Models/Tutorial-2/ch-15/15-5b.nec,ok,ok,0.004957891535013914,0.005291308742016554,,0
cebik-w4rnl/Basic-Intermediate-Tutorial-Models/Tutorial-2/ch-15/15-6.nec,ok,ok,0.005641202442348003,0.005353439599275589,,0
cebik-w4rnl/Basic-Intermediate-Tutorial-Models/Tutorial-2/ch-15/15-6a.nec,ok,ok,0.011205710005015135,0.0069578723050653934,,0
cebik-w4rnl/Basic-Intermediate-Tutorial-Models/Tutorial-2/ch-15/15-6b.nec,ok,ok,0.17061158129945397,0.07293890696018934,2.3391,1
cebik-w4rnl/Basic-Intermediate-Tutorial-Models/Tutorial-2/ch-15/15-7.nec,ok,ok,0.034050275571644306,0.017047219444066286,,0
cebik-w4rnl/Basic-Intermediate-Tutorial-Models/Tutorial-2/ch-15/15-7a.nec,ok,ok,0.5086657493375242,0.1451602396555245,3.5042,1
cebik-w4rnl/Basic-Intermediate-Tutorial-Models/Tutorial-2/ch-15/15-7b.nec,ok,ok,0.03416012320667505,0.017237165942788124,,0
cebik-w4rnl/Basic-Intermediate-Tutorial-Models/Tutorial-2/ch-15/15-7c.nec,ok,ok,0.32711762515828013,0.18883310724049807,1.7323,1
cebik-w4rnl/Basic-Intermediate-Tutorial-Models/Tutorial-2/ch-15/15-8.nec,ok,ok,0.3258004505187273,0.18691340973600745,1.7431,1
cebik-w4rnl/Basic-Intermediate-Tutorial-Models/Tutorial-2/ch-15/15-8a.nec,ok,ok,0.3262162683531642,0.18827372323721647,1.7327,1
cebik-w4rnl/Basic-Intermediate-Tutorial-Models/Tutorial-2/ch-15/15-8b.nec,ok,ok,0.32656085304915905,0.18839817075058818,1.7334,1
cebik-w4rnl/Basic-Intermediate-Tutorial-Models/Tutorial-2/ch-15/15-9.nec,ok,ok,0.011759206652641296,0.0076494584791362286,,0
cebik-w4rnl/Basic-Intermediate-Tutorial-Models/Tutorial-2/ch-15/15-9a.nec,ok,ok,0.09643109561875463,0.06102814991027117,1.5801,1
cebik-w4rnl/Basic-Intermediate-Tutorial-Models/Tutorial-2/ch-16/16-1.nec,ok,ok,0.0050530643202364445,0.005614545661956072,,0
cebik-w4rnl/Basic-Intermediate-Tutorial-Models/Tutorial-2/ch-16/16-10a.nec,ok,ok,0.005352186970412731,0.005610889755189419,,0
cebik-w4rnl/Basic-Intermediate-Tutorial-Models/Tutorial-2/ch-16/16-10b.nec,ok,ok,0.005380136892199516,0.005524247884750366,,0
cebik-w4rnl/Basic-Intermediate-Tutorial-Models/Tutorial-2/ch-16/16-10c.nec,ok,ok,0.005434414371848106,0.005594943650066853,,0
cebik-w4rnl/Basic-Intermediate-Tutorial-Models/Tutorial-2/ch-16/16-10d.nec,ok,ok,0.005410448648035526,0.007066883146762848,,0
cebik-w4rnl/Basic-Intermediate-Tutorial-Models/Tutorial-2/ch-16/16-10e.nec,ok,ok,0.005387965124100447,0.005573958624154329,,0
cebik-w4rnl/Basic-Intermediate-Tutorial-Models/Tutorial-2/ch-16/16-10f.nec,ok,ok,0.005344581790268421,0.005688801407814026,,0
cebik-w4rnl/Basic-Intermediate-Tutorial-Models/Tutorial-2/ch-16/16-10g.nec,ok,ok,0.005383915267884731,0.005670702550560236,,0
cebik-w4rnl/Basic-Intermediate-Tutorial-Models/Tutorial-2/ch-16/16-10h.nec,ok,ok,0.005494728218764067,0.006841877941042185,,0
cebik-w4rnl/Basic-Intermediate-Tutorial-Models/Tutorial-2/ch-16/16-11a.nec,ok,ok,0.007419761270284653,0.005841038655489683,,0
cebik-w4rnl/Basic-Intermediate-Tutorial-Models/Tutorial-2/ch-16/16-11b.nec,ok,ok,0.006268857512623072,0.005603753495961428,,0
cebik-w4rnl/Basic-Intermediate-Tutorial-Models/Tutorial-2/ch-16/16-11c.nec,ok,ok,0.007421224378049374,0.005693917628377676,,0
cebik-w4rnl/Basic-Intermediate-Tutorial-Models/Tutorial-2/ch-16/16-11d.nec,ok,ok,0.005901283118873835,0.005543387029320002,,0
cebik-w4rnl/Basic-Intermediate-Tutorial-Models/Tutorial-2/ch-16/16-11e.nec,ok,ok,0.0053182742558419704,0.005558294709771872,,0
cebik-w4rnl/Basic-Intermediate-Tutorial-Models/Tutorial-2/ch-16/16-11f.nec,ok,ok,0.005393199156969786,0.00582392793148756,,0
cebik-w4rnl/Basic-Intermediate-Tutorial-Models/Tutorial-2/ch-16/16-11g.nec,ok,ok,0.005404082126915455,0.0056983595713973045,,0
cebik-w4rnl/Basic-Intermediate-Tutorial-Models/Tutorial-2/ch-16/16-11h.nec,ok,ok,0.0053928317502141,0.005521023645997047,,0
cebik-w4rnl/Basic-Intermediate-Tutorial-Models/Tutorial-2/ch-16/16-1a.nec,ok,ok,0.004900116007775068,0.005341689568012953,,0
cebik-w4rnl/Basic-Intermediate-Tutorial-Models/Tutorial-2/ch-16/16-1b.nec,ok,ok,0.004948688670992851,0.005463871173560619,,0
cebik-w4rnl/Basic-Intermediate-Tutorial-Models/Tutorial-2/ch-16/16-1c.nec,ok,ok,0.004973395261913538,0.005341462325304747,,0
cebik-w4rnl/Basic-Intermediate-Tutorial-Models/Tutorial-2/ch-16/16-1d.nec,ok,ok,0.004919426050037146,0.0053845117799937725,,0
cebik-w4rnl/Basic-Intermediate-Tutorial-Models/Tutorial-2/ch-16/16-2.nec,ok,ok,0.004968637600541115,0.005330766085535288,,0
cebik-w4rnl/Basic-Intermediate-Tutorial-Models/Tutorial-2/ch-16/16-2a.nec,ok,ok,0.005047228187322617,0.005410691723227501,,0
cebik-w4rnl/Basic-Intermediate-Tutorial-Models/Tutorial-2/ch-16/16-2b.nec,ok,ok,0.0051018353551626205,0.005351311527192593,,0
cebik-w4rnl/Basic-Intermediate-Tutorial-Models/Tutorial-2/ch-16/16-2c.nec,ok,ok,0.005018181167542934,0.0053606294095516205,,0
cebik-w4rnl/Basic-Intermediate-Tutorial-Models/Tutorial-2/ch-16/16-2d.nec,ok,ok,0.004969652742147446,0.006580861750990152,,0
cebik-w4rnl/Basic-Intermediate-Tutorial-Models/Tutorial-2/ch-16/16-3.nec,ok,ok,0.005267892964184284,0.005621261894702911,,0
cebik-w4rnl/Basic-Intermediate-Tutorial-Models/Tutorial-2/ch-16/16-4.nec,ok,ok,0.005585772451013327,0.005554326809942722,,0
cebik-w4rnl/Basic-Intermediate-Tutorial-Models/Tutorial-2/ch-16/16-4a.nec,ok,ok,0.005369734019041061,0.005554967559874058,,0
cebik-w4rnl/Basic-Intermediate-Tutorial-Models/Tutorial-2/ch-16/16-5.nec,ok,ok,0.005353324115276337,0.005619236268103123,,0
cebik-w4rnl/Basic-Intermediate-Tutorial-Models/Tutorial-2/ch-16/16-5a.nec,ok,ok,0.005330318585038185,0.006017087493091822,,0
cebik-w4rnl/Basic-Intermediate-Tutorial-Models/Tutorial-2/ch-16/16-6.nec,ok,ok,0.005419697612524033,0.005546480882912874,,0
cebik-w4rnl/Basic-Intermediate-Tutorial-Models/Tutorial-2/ch-16/16-6a.nec,ok,ok,0.005400233902037144,0.005518603604286909,,0
cebik-w4rnl/Basic-Intermediate-Tutorial-Models/Tutorial-2/ch-16/16-7.nec,ok,ok,0.019348515197634697,0.011797963175922632,,0
cebik-w4rnl/Basic-Intermediate-Tutorial-Models/Tutorial-2/ch-16/16-7a.nec,ok,ok,0.01963241957128048,0.011736630462110043,,0
cebik-w4rnl/Basic-Intermediate-Tutorial-Models/Tutorial-2/ch-16/16-7b.nec,ok,ok,0.018748341593891382,0.01143117155879736,,0
cebik-w4rnl/Basic-Intermediate-Tutorial-Models/Tutorial-2/ch-16/16-8.nec,ok,ok,0.005580747500061989,0.005933308973908424,,0
cebik-w4rnl/Basic-Intermediate-Tutorial-Models/Tutorial-2/ch-16/16-8a.nec,ok,ok,0.00539851700887084,0.0056294542737305164,,0
cebik-w4rnl/Basic-Intermediate-Tutorial-Models/Tutorial-2/ch-16/16-8b.nec,ok,ok,0.005373151507228613,0.005596778821200132,,0
cebik-w4rnl/Basic-Intermediate-Tutorial-Models/Tutorial-2/ch-16/16-8c.nec,ok,ok,0.0053360131569206715,0.005688720848411322,,0
cebik-w4rnl/Basic-Intermediate-Tutorial-Models/Tutorial-2/ch-16/16-8d.nec,ok,ok,0.005379422567784786,0.00578937865793705,,0
cebik-w4rnl/Basic-Intermediate-Tutorial-Models/Tutorial-2/ch-16/16-9.nec,ok,ok,0.0054407669231295586,0.005509289912879467,,0
cebik-w4rnl/Basic-Intermediate-Tutorial-Models/Tutorial-2/ch-16/16-9a.nec,ok,ok,0.005421933252364397,0.0054597510024905205,,0
cebik-w4rnl/Basic-Intermediate-Tutorial-Models/Tutorial-2/ch-16/16-9b.nec,ok,ok,0.005368819460272789,0.005517966113984585,,0
cebik-w4rnl/Basic-Intermediate-Tutorial-Models/Tutorial-2/ch-16/16-9c.nec,ok,ok,0.00532096903771162,0.005718250758945942,,0
cebik-w4rnl/Basic-Intermediate-Tutorial-Models/Tutorial-2/ch-16/16-9d.nec,ok,ok,0.0053435079753398895,0.005669421050697565,,0
cebik-w4rnl/Basic-Intermediate-Tutorial-Models/Tutorial-2/ch-16/16-9e.nec,ok,ok,0.005412977654486895,0.005544949788600206,,0
cebik-w4rnl/Basic-Intermediate-Tutorial-Models/Tutorial-2/ch-16/16-9f.nec,ok,ok,0.005483842920511961,0.007084568962454796,,0
cebik-w4rnl/Basic-Intermediate-Tutorial-Models/Tutorial-2/ch-16/16-9g.nec,ok,ok,0.005455296952277422,0.005653177388012409,,0
cebik-w4rnl/Basic-Intermediate-Tutorial-Models/Tutorial-2/ch-16/16-9h.nec,ok,ok,0.00541784567758441,0.005606190301477909,,0
cebik-w4rnl/Basic-Intermediate-Tutorial-Models/Tutorial-2/ch-17/17-1.nec,ok,ok,0.006235186010599136,0.006873653270304203,,0
cebik-w4rnl/Basic-Intermediate-Tutorial-Models/Tutorial-2/ch-17/17-10-nec2.nec,ok,ok,0.04844882199540734,0.027316091116517782,,0
cebik-w4rnl/Basic-Intermediate-Tutorial-Models/Tutorial-2/ch-17/17-10-nec4.nec,ok,ok,0.031675254460424185,0.016453556716442108,,0
cebik-w4rnl/Basic-Intermediate-Tutorial-Models/Tutorial-2/ch-17/17-11-nec2.nec,ok,ok,0.044799608178436756,0.030494412407279015,,0
cebik-w4rnl/Basic-Intermediate-Tutorial-Models/Tutorial-2/ch-17/17-11-nec4.nec,ok,ok,0.03188965981826186,0.019200488924980164,,0
cebik-w4rnl/Basic-Intermediate-Tutorial-Models/Tutorial-2/ch-17/17-1a.nec,ok,ok,0.10336494585499167,0.06744315102696419,1.5326,1
cebik-w4rnl/Basic-Intermediate-Tutorial-Models/Tutorial-2/ch-17/17-2.nec,ok,ok,0.2808687798678875,0.1985280690714717,1.4148,1
cebik-w4rnl/Basic-Intermediate-Tutorial-Models/Tutorial-2/ch-17/17-2a.nec,ok,ok,0.16905685979872942,0.08740504551678896,1.9342,1
cebik-w4rnl/Basic-Intermediate-Tutorial-Models/Tutorial-2/ch-17/17-3.nec,ok,ok,0.10152878984808922,0.06633019167929888,1.5307,1
cebik-w4rnl/Basic-Intermediate-Tutorial-Models/Tutorial-2/ch-17/17-3a.nec,ok,ok,0.10123237501829863,0.06587280100211501,1.5368,1
cebik-w4rnl/Basic-Intermediate-Tutorial-Models/Tutorial-2/ch-17/17-4.nec,ok,ok,0.004929287824779749,0.0048824697732925415,,0
cebik-w4rnl/Basic-Intermediate-Tutorial-Models/Tutorial-2/ch-17/17-5.nec,ok,ok,0.004935590084642172,0.005057554692029953,,0
cebik-w4rnl/Basic-Intermediate-Tutorial-Models/Tutorial-2/ch-18/18-1.nec,ok,ok,0.10044016223400831,0.06545132864266634,1.5346,1
cebik-w4rnl/Basic-Intermediate-Tutorial-Models/Tutorial-2/ch-18/18-10.nec,ok,ok,0.7141554481349885,0.35452132392674685,2.0144,1
cebik-w4rnl/Basic-Intermediate-Tutorial-Models/Tutorial-2/ch-18/18-11.nec,no-impedance,no-impedance,0.0032539889216423035,0.0033071618527173996,,0
cebik-w4rnl/Basic-Intermediate-Tutorial-Models/Tutorial-2/ch-18/18-11a.nec,ok,ok,0.8776822336949408,0.5564851122908294,1.5772,1
cebik-w4rnl/Basic-Intermediate-Tutorial-Models/Tutorial-2/ch-18/18-11b.nec,ok,ok,0.8766635879874229,0.5521146818064153,1.5878,1
cebik-w4rnl/Basic-Intermediate-Tutorial-Models/Tutorial-2/ch-18/18-11c.nec,ok,ok,1.758323326241225,1.1054181880317628,1.5906,1
cebik-w4rnl/Basic-Intermediate-Tutorial-Models/Tutorial-2/ch-18/18-12-nec2.nec,ok,ok,0.0037847873754799366,0.0039037936367094517,,0
cebik-w4rnl/Basic-Intermediate-Tutorial-Models/Tutorial-2/ch-18/18-12-nec4.nec,ok,ok,0.0033877077512443066,0.003617918584495783,,0
cebik-w4rnl/Basic-Intermediate-Tutorial-Models/Tutorial-2/ch-18/18-13-nec4.nec,ok,ok,0.0033412091434001923,0.0037118736654520035,,0
cebik-w4rnl/Basic-Intermediate-Tutorial-Models/Tutorial-2/ch-18/18-14-nec4.nec,ok,ok,0.0036423644050955772,0.0037692789919674397,,0
cebik-w4rnl/Basic-Intermediate-Tutorial-Models/Tutorial-2/ch-18/18-2.nec,ok,ok,0.10027584247291088,0.06534377951174974,1.5346,1
cebik-w4rnl/Basic-Intermediate-Tutorial-Models/Tutorial-2/ch-18/18-3.nec,ok,ok,0.10025925282388926,0.06468743644654751,1.5499,1
cebik-w4rnl/Basic-Intermediate-Tutorial-Models/Tutorial-2/ch-18/18-4.nec,ok,ok,0.10120655177161098,0.06578593840822577,1.5384,1
cebik-w4rnl/Basic-Intermediate-Tutorial-Models/Tutorial-2/ch-18/18-5-nec4.nec,ok,ok,0.10043958248570561,0.0653650127351284,1.5366,1
cebik-w4rnl/Basic-Intermediate-Tutorial-Models/Tutorial-2/ch-18/18-6.nec,ok,ok,0.10081690829247236,0.06494865287095308,1.5523,1
cebik-w4rnl/Basic-Intermediate-Tutorial-Models/Tutorial-2/ch-18/18-7.nec,ok,ok,0.28475075075402856,0.1479846155270934,1.9242,1
cebik-w4rnl/Basic-Intermediate-Tutorial-Models/Tutorial-2/ch-18/18-8.nec,ok,ok,0.2606051820330322,0.1391083593480289,1.8734,1
cebik-w4rnl/Basic-Intermediate-Tutorial-Models/Tutorial-2/ch-18/18-9.nec,ok,ok,1.0660805725492537,0.5156326624564826,2.0675,1
cebik-w4rnl/Basic-Intermediate-Tutorial-Models/Tutorial-2/ch-19/19-1.nec,ok,ok,0.005252172239124775,0.005573085509240627,,0
cebik-w4rnl/Basic-Intermediate-Tutorial-Models/Tutorial-2/ch-19/19-10.nec,ok,ok,0.014932878315448761,0.011091044172644615,,0
cebik-w4rnl/Basic-Intermediate-Tutorial-Models/Tutorial-2/ch-19/19-10a.nec,ok,ok,0.7987552438862622,0.40235697012394667,1.9852,1
cebik-w4rnl/Basic-Intermediate-Tutorial-Models/Tutorial-2/ch-19/19-10b.nec,ok,ok,0.5463442360050976,0.15655110916122794,3.4899,1
cebik-w4rnl/Basic-Intermediate-Tutorial-Models/Tutorial-2/ch-19/19-11.nec,ok,ok,0.010277296882122755,0.007863438222557306,,0
cebik-w4rnl/Basic-Intermediate-Tutorial-Models/Tutorial-2/ch-19/19-11a.nec,ok,ok,0.010106556117534637,0.007700607180595398,,0
cebik-w4rnl/Basic-Intermediate-Tutorial-Models/Tutorial-2/ch-19/19-11b.nec,ok,ok,0.010129315312951803,0.007945691235363483,,0
cebik-w4rnl/Basic-Intermediate-Tutorial-Models/Tutorial-2/ch-19/19-11c.nec,ok,ok,0.14439964527264237,0.06029595714062452,2.3948,1
cebik-w4rnl/Basic-Intermediate-Tutorial-Models/Tutorial-2/ch-19/19-12.nec,ok-no-source,ok-no-source,0.010620568878948689,0.008308579679578543,,0
cebik-w4rnl/Basic-Intermediate-Tutorial-Models/Tutorial-2/ch-19/19-12a.nec,ok-no-source,ok-no-source,0.010594944935292006,0.008316402323544025,,0
cebik-w4rnl/Basic-Intermediate-Tutorial-Models/Tutorial-2/ch-19/19-12b.nec,ok-no-source,ok-no-source,0.01576652191579342,0.010777542367577553,,0
cebik-w4rnl/Basic-Intermediate-Tutorial-Models/Tutorial-2/ch-19/19-13.nec,ok-no-source,ok-no-source,0.01056639151647687,0.008532862178981304,,0
cebik-w4rnl/Basic-Intermediate-Tutorial-Models/Tutorial-2/ch-19/19-13a.nec,ok-no-source,ok-no-source,0.010530751198530197,0.00878811301663518,,0
cebik-w4rnl/Basic-Intermediate-Tutorial-Models/Tutorial-2/ch-19/19-14.nec,ok-no-source,ok-no-source,0.010541568044573069,0.008539721835404634,,0
cebik-w4rnl/Basic-Intermediate-Tutorial-Models/Tutorial-2/ch-19/19-15-nec4.nec,ok-no-source,ok-no-source,0.010449706576764584,0.008398209698498249,,0
cebik-w4rnl/Basic-Intermediate-Tutorial-Models/Tutorial-2/ch-19/19-15a-nec4.nec,ok-no-source,ok-no-source,0.010451181326061487,0.00852665863931179,,0
cebik-w4rnl/Basic-Intermediate-Tutorial-Models/Tutorial-2/ch-19/19-16.nec,ok-no-source,ok-no-source,1.0646418910473585,0.2631852668710053,,0
cebik-w4rnl/Basic-Intermediate-Tutorial-Models/Tutorial-2/ch-19/19-16a.nec,ok-no-source,ok-no-source,1.0657649729400873,0.2619843287393451,,0
cebik-w4rnl/Basic-Intermediate-Tutorial-Models/Tutorial-2/ch-19/19-16b.nec,ok-no-source,ok-no-source,1.065851140767336,0.2623609066940844,,0
cebik-w4rnl/Basic-Intermediate-Tutorial-Models/Tutorial-2/ch-19/19-1a.nec,ok-no-source,ok-no-source,0.0034827254712581635,0.0036477595567703247,,0
cebik-w4rnl/Basic-Intermediate-Tutorial-Models/Tutorial-2/ch-19/19-2.nec,ok,ok,0.10115035390481353,0.06560066295787692,1.5419,1
cebik-w4rnl/Basic-Intermediate-Tutorial-Models/Tutorial-2/ch-19/19-2a.nec,ok-no-source,ok-no-source,0.11083722161129117,0.06500924471765757,,0
cebik-w4rnl/Basic-Intermediate-Tutorial-Models/Tutorial-2/ch-19/19-3.nec,ok,ok,0.005922268610447645,0.005926228128373623,,0
cebik-w4rnl/Basic-Intermediate-Tutorial-Models/Tutorial-2/ch-19/19-3a.nec,ok-no-source,ok-no-source,0.003550236579030752,0.003856272902339697,,0
cebik-w4rnl/Basic-Intermediate-Tutorial-Models/Tutorial-2/ch-19/19-4.nec,ok,ok,0.005227045621722937,0.0053886426612734795,,0
cebik-w4rnl/Basic-Intermediate-Tutorial-Models/Tutorial-2/ch-19/19-4a.nec,ok-no-source,ok-no-source,0.0035284734331071377,0.0036628656089305878,,0
cebik-w4rnl/Basic-Intermediate-Tutorial-Models/Tutorial-2/ch-19/19-5a.nec,ok-no-source,ok-no-source,0.0030994494445621967,0.003298792988061905,,0
cebik-w4rnl/Basic-Intermediate-Tutorial-Models/Tutorial-2/ch-19/19-5b.nec,ok-no-source,ok-no-source,0.003144496586173773,0.0032990146428346634,,0
cebik-w4rnl/Basic-Intermediate-Tutorial-Models/Tutorial-2/ch-19/19-5c.nec,ok-no-source,ok-no-source,0.0030818702653050423,0.0034234332852065563,,0
cebik-w4rnl/Basic-Intermediate-Tutorial-Models/Tutorial-2/ch-19/19-5d.nec,ok-no-source,ok-no-source,0.003088050987571478,0.0033307760022580624,,0
cebik-w4rnl/Basic-Intermediate-Tutorial-Models/Tutorial-2/ch-19/19-5e.nec,ok-no-source,ok-no-source,0.0031285430304706097,0.0033499770797789097,,0
cebik-w4rnl/Basic-Intermediate-Tutorial-Models/Tutorial-2/ch-19/19-6a.nec,ok-no-source,ok-no-source,0.09993822127580643,0.08295081090182066,,0
cebik-w4rnl/Basic-Intermediate-Tutorial-Models/Tutorial-2/ch-19/19-6b.nec,ok-no-source,ok-no-source,0.1000572107732296,0.06472308887168765,,0
cebik-w4rnl/Basic-Intermediate-Tutorial-Models/Tutorial-2/ch-19/19-6c.nec,ok-no-source,ok-no-source,0.0999353639781475,0.06475216709077358,,0
cebik-w4rnl/Basic-Intermediate-Tutorial-Models/Tutorial-2/ch-19/19-6d.nec,ok-no-source,ok-no-source,0.10006367834284902,0.06402516271919012,,0
cebik-w4rnl/Basic-Intermediate-Tutorial-Models/Tutorial-2/ch-19/19-6e.nec,ok-no-source,ok-no-source,0.10005403496325016,0.0641522784717381,,0
cebik-w4rnl/Basic-Intermediate-Tutorial-Models/Tutorial-2/ch-19/19-7-nec2.nec,ok,ok,0.038659533485770226,0.024197936989367008,,0
cebik-w4rnl/Basic-Intermediate-Tutorial-Models/Tutorial-2/ch-19/19-7a-nec2.nec,ok-no-source,ok-no-source,0.017716215457767248,0.009189974516630173,,0
cebik-w4rnl/Basic-Intermediate-Tutorial-Models/Tutorial-2/ch-19/19-7b-nec2.nec,ok-no-source,ok-no-source,0.012101558968424797,0.009253398049622774,,0
cebik-w4rnl/Basic-Intermediate-Tutorial-Models/Tutorial-2/ch-19/19-8-nec2.nec,ok,ok,0.03787718014791608,0.027225404046475887,,0
cebik-w4rnl/Basic-Intermediate-Tutorial-Models/Tutorial-2/ch-19/19-8a-nec2.nec,ok-no-source,ok-no-source,0.013206498231738806,0.010505026672035456,,0
cebik-w4rnl/Basic-Intermediate-Tutorial-Models/Tutorial-2/ch-19/19-8b-nec2.nec,ok-no-source,ok-no-source,0.013082192745059729,0.010532870423048735,,0
cebik-w4rnl/Basic-Intermediate-Tutorial-Models/Tutorial-2/ch-19/19-9b-nec.nec,ok-no-source,ok-no-source,0.012142486870288849,0.009572871495038271,,0
cebik-w4rnl/Basic-Intermediate-Tutorial-Models/Tutorial-2/ch-19/19-9c-nec2.nec,ok-no-source,ok-no-source,0.012082843575626612,0.009402095340192318,,0
cebik-w4rnl/Basic-Intermediate-Tutorial-Models/Tutorial-2/ch-19/19-9d-nec2.nec,ok-no-source,ok-no-source,0.012064058799296618,0.009257467929273844,,0
cebik-w4rnl/Basic-Intermediate-Tutorial-Models/Tutorial-2/ch-19/19-9e-nec2.nec,ok-no-source,ok-no-source,0.011958351358771324,0.009941846132278442,,0
cebik-w4rnl/Basic-Intermediate-Tutorial-Models/Tutorial-2/ch-2/2-0.nec,ok,ok,0.005747399292886257,0.007313162088394165,,0
cebik-w4rnl/Basic-Intermediate-Tutorial-Models/Tutorial-2/ch-2/2-1.nec,ok,ok,0.006833017338067293,0.006332125514745712,,0
cebik-w4rnl/Basic-Intermediate-Tutorial-Models/Tutorial-2/ch-2/2-1a.nec,ok,ok,0.007060423493385315,0.00645402492955327,,0
cebik-w4rnl/Basic-Intermediate-Tutorial-Models/Tutorial-2/ch-2/2-1b.nec,ok,ok,0.0068079507909715176,0.00648985942825675,,0
cebik-w4rnl/Basic-Intermediate-Tutorial-Models/Tutorial-2/ch-2/2-1c.nec,ok,ok,0.006853789556771517,0.006324154324829578,,0
cebik-w4rnl/Basic-Intermediate-Tutorial-Models/Tutorial-2/ch-2/2-2.nec,ok,ok,0.006764629855751991,0.00525365537032485,,0
cebik-w4rnl/Basic-Intermediate-Tutorial-Models/Tutorial-2/ch-2/2-2a.nec,ok,ok,0.008379204198718071,0.005340685602277517,,0
cebik-w4rnl/Basic-Intermediate-Tutorial-Models/Tutorial-2/ch-2/2-2b.nec,ok,ok,0.005007018800824881,0.005332823842763901,,0
cebik-w4rnl/Basic-Intermediate-Tutorial-Models/Tutorial-2/ch-2/2-2c.nec,ok,ok,0.004928076174110174,0.0053232996724545956,,0
cebik-w4rnl/Basic-Intermediate-Tutorial-Models/Tutorial-2/ch-2/2-2d.nec,error,error,0.0027832407504320145,0.0031672907061874866,,0
cebik-w4rnl/Basic-Intermediate-Tutorial-Models/Tutorial-2/ch-2/2-3.nec,ok,ok,0.007515131961554289,0.005553008988499641,,0
cebik-w4rnl/Basic-Intermediate-Tutorial-Models/Tutorial-2/ch-2/2-3a.nec,ok,ok,0.005343341268599033,0.005777432583272457,,0
cebik-w4rnl/Basic-Intermediate-Tutorial-Models/Tutorial-2/ch-2/2-4.nec,ok,ok,0.006557685788720846,0.006299168802797794,,0
cebik-w4rnl/Basic-Intermediate-Tutorial-Models/Tutorial-2/ch-2/2-4a-nec2.nec,ok,ok,0.0065679289400577545,0.006448681931942701,,0
cebik-w4rnl/Basic-Intermediate-Tutorial-Models/Tutorial-2/ch-2/2-4a-nec4.nec,ok,ok,0.006461348384618759,0.006328138988465071,,0
cebik-w4rnl/Basic-Intermediate-Tutorial-Models/Tutorial-2/ch-2/2-5.nec,ok,ok,0.06023989152163267,0.037148465402424335,,0
cebik-w4rnl/Basic-Intermediate-Tutorial-Models/Tutorial-2/ch-2/2-5a-nec2.nec,ok,ok,0.05748930620029569,0.03384884400293231,,0
cebik-w4rnl/Basic-Intermediate-Tutorial-Models/Tutorial-2/ch-2/2-5a-nec4.nec,ok,ok,0.05727638164535165,0.03816138533875346,,0
cebik-w4rnl/Basic-Intermediate-Tutorial-Models/Tutorial-2/ch-2/2-5b-nec2.nec,ok,ok,0.05773774767294526,0.034708698745816946,,0
cebik-w4rnl/Basic-Intermediate-Tutorial-Models/Tutorial-2/ch-2/2-5b-nec4.nec,ok,ok,0.057690138928592205,0.03460119245573878,,0
cebik-w4rnl/Basic-Intermediate-Tutorial-Models/Tutorial-2/ch-2/2-6-nec2.nec,ok,ok,0.024565935134887695,0.013407554011791945,,0
cebik-w4rnl/Basic-Intermediate-Tutorial-Models/Tutorial-2/ch-2/2-6-nec4.nec,ok,ok,0.024292008485645056,0.01332927355542779,,0
cebik-w4rnl/Basic-Intermediate-Tutorial-Models/Tutorial-2/ch-2/2-6a-nec2.nec,ok,ok,0.024231628514826298,0.013316493481397629,,0
cebik-w4rnl/Basic-Intermediate-Tutorial-Models/Tutorial-2/ch-2/2-6a-nec4.nec,ok,ok,0.02413794118911028,0.01340897148475051,,0
cebik-w4rnl/Basic-Intermediate-Tutorial-Models/Tutorial-2/ch-2/2-7.nec,ok,ok,0.00495974300429225,0.004919346887618303,,0
cebik-w4rnl/Basic-Intermediate-Tutorial-Models/Tutorial-2/ch-2/2-7a.nec,ok,ok,0.004932305309921503,0.004891709890216589,,0
cebik-w4rnl/Basic-Intermediate-Tutorial-Models/Tutorial-2/ch-2/2-7b.nec,ok,ok,0.005673025269061327,0.005363752134144306,,0
cebik-w4rnl/Basic-Intermediate-Tutorial-Models/Tutorial-2/ch-20/20-1-nec2.nec,ok,ok,0.004931156057864428,0.005389358848333359,,0
cebik-w4rnl/Basic-Intermediate-Tutorial-Models/Tutorial-2/ch-20/20-10.nec,ok,ok,0.0051743038929998875,0.005763790104538202,,0
cebik-w4rnl/Basic-Intermediate-Tutorial-Models/Tutorial-2/ch-20/20-10a.nec,ok,ok,0.005234581418335438,0.005419826600700617,,0
cebik-w4rnl/Basic-Intermediate-Tutorial-Models/Tutorial-2/ch-20/20-11.nec,ok,ok,0.0051862867549061775,0.005470711272209883,,0
cebik-w4rnl/Basic-Intermediate-Tutorial-Models/Tutorial-2/ch-20/20-11a.nec,ok,ok,0.005133641418069601,0.0054964330047369,,0
cebik-w4rnl/Basic-Intermediate-Tutorial-Models/Tutorial-2/ch-20/20-12.nec,ok,ok,0.004976449999958277,0.005351033993065357,,0
cebik-w4rnl/Basic-Intermediate-Tutorial-Models/Tutorial-2/ch-20/20-13.nec,ok,ok,0.003405035939067602,0.003866483923047781,,0
cebik-w4rnl/Basic-Intermediate-Tutorial-Models/Tutorial-2/ch-20/20-14.nec,ok,ok,0.29977039713412523,0.18891249876469374,1.5868,1
cebik-w4rnl/Basic-Intermediate-Tutorial-Models/Tutorial-2/ch-20/20-15.nec,ok,ok,0.08941723592579365,0.059116096701473,1.5126,1
cebik-w4rnl/Basic-Intermediate-Tutorial-Models/Tutorial-2/ch-20/20-15a.nec,ok,ok,0.09085082495585084,0.06027279840782285,1.5073,1
cebik-w4rnl/Basic-Intermediate-Tutorial-Models/Tutorial-2/ch-20/20-15b.nec,ok,ok,0.2853160798549652,0.1796444682404399,1.5882,1
cebik-w4rnl/Basic-Intermediate-Tutorial-Models/Tutorial-2/ch-20/20-2a-nec2.nec,ok,ok,0.005068492144346237,0.0055037084966897964,,0
cebik-w4rnl/Basic-Intermediate-Tutorial-Models/Tutorial-2/ch-20/20-2b-nec2.nec,ok,ok,0.004964577965438366,0.005171249620616436,,0
cebik-w4rnl/Basic-Intermediate-Tutorial-Models/Tutorial-2/ch-20/20-2c-nec2.nec,ok,ok,0.00489813694730401,0.005291036330163479,,0
cebik-w4rnl/Basic-Intermediate-Tutorial-Models/Tutorial-2/ch-20/20-2d-nec2.nec,ok,ok,0.004921514540910721,0.005269385874271393,,0
cebik-w4rnl/Basic-Intermediate-Tutorial-Models/Tutorial-2/ch-20/20-2e-nec2.nec,ok,ok,0.004953611642122269,0.005384721793234348,,0
cebik-w4rnl/Basic-Intermediate-Tutorial-Models/Tutorial-2/ch-20/20-2f-nec2.nec,ok,ok,0.0049670059233903885,0.005385483615100384,,0
cebik-w4rnl/Basic-Intermediate-Tutorial-Models/Tutorial-2/ch-20/20-2g-nec.nec,ok,ok,0.004941169172525406,0.005101990886032581,,0
cebik-w4rnl/Basic-Intermediate-Tutorial-Models/Tutorial-2/ch-20/20-3a.nec,ok,ok,0.004937332589179277,0.005429454613476992,,0
cebik-w4rnl/Basic-Intermediate-Tutorial-Models/Tutorial-2/ch-20/20-3b.nec,ok,ok,0.004900190979242325,0.005255124066025019,,0
cebik-w4rnl/Basic-Intermediate-Tutorial-Models/Tutorial-2/ch-20/20-3c.nec,ok,ok,0.004904699046164751,0.005230808164924383,,0
cebik-w4rnl/Basic-Intermediate-Tutorial-Models/Tutorial-2/ch-20/20-3d.nec,ok,ok,0.004832867067307234,0.005281584803014994,,0
cebik-w4rnl/Basic-Intermediate-Tutorial-Models/Tutorial-2/ch-20/20-3e.nec,ok,ok,0.004898319952189922,0.005483352579176426,,0
cebik-w4rnl/Basic-Intermediate-Tutorial-Models/Tutorial-2/ch-20/20-3f.nec,ok,ok,0.004944521002471447,0.00540186557918787,,0
cebik-w4rnl/Basic-Intermediate-Tutorial-Models/Tutorial-2/ch-20/20-3g.nec,ok,ok,0.004893142729997635,0.005314476788043976,,0
cebik-w4rnl/Basic-Intermediate-Tutorial-Models/Tutorial-2/ch-20/20-4a-nec2.nec,ok,ok,0.005207464564591646,0.005075312685221434,,0
cebik-w4rnl/Basic-Intermediate-Tutorial-Models/Tutorial-2/ch-20/20-4b-nec2.nec,ok,ok,0.005188476759940386,0.004994504153728485,,0
cebik-w4rnl/Basic-Intermediate-Tutorial-Models/Tutorial-2/ch-20/20-4c-nec2.nec,ok,ok,0.005152314435690641,0.005025594029575586,,0
cebik-w4rnl/Basic-Intermediate-Tutorial-Models/Tutorial-2/ch-20/20-4d-nec2.nec,ok,ok,0.005083756055682898,0.0053024208173155785,,0
cebik-w4rnl/Basic-Intermediate-Tutorial-Models/Tutorial-2/ch-20/20-4e-nec2.nec,ok,ok,0.005135956220328808,0.005028748884797096,,0
cebik-w4rnl/Basic-Intermediate-Tutorial-Models/Tutorial-2/ch-20/20-4f-nec2.nec,ok,ok,0.005165452603250742,0.005091429688036442,,0
cebik-w4rnl/Basic-Intermediate-Tutorial-Models/Tutorial-2/ch-20/20-4g-nec2.nec,ok,ok,0.005212191957980394,0.0053101396188139915,,0
cebik-w4rnl/Basic-Intermediate-Tutorial-Models/Tutorial-2/ch-20/20-5a.nec,ok,ok,0.005215445999056101,0.005218325182795525,,0
cebik-w4rnl/Basic-Intermediate-Tutorial-Models/Tutorial-2/ch-20/20-5b.nec,ok,ok,0.005155240651220083,0.005183832719922066,,0
cebik-w4rnl/Basic-Intermediate-Tutorial-Models/Tutorial-2/ch-20/20-5c.nec,ok,ok,0.005221157800406218,0.005072275176644325,,0
cebik-w4rnl/Basic-Intermediate-Tutorial-Models/Tutorial-2/ch-20/20-5d.nec,ok,ok,0.005102136638015509,0.005052833817899227,,0
cebik-w4rnl/Basic-Intermediate-Tutorial-Models/Tutorial-2/ch-20/20-5e.nec,ok,ok,0.005132392514497042,0.0055848704650998116,,0
cebik-w4rnl/Basic-Intermediate-Tutorial-Models/Tutorial-2/ch-20/20-5f.nec,ok,ok,0.005205174908041954,0.005049003753811121,,0
cebik-w4rnl/Basic-Intermediate-Tutorial-Models/Tutorial-2/ch-20/20-5g.nec,ok,ok,0.005238161887973547,0.005274324212223291,,0
cebik-w4rnl/Basic-Intermediate-Tutorial-Models/Tutorial-2/ch-20/20-6.nec,ok,ok,0.005428357049822807,0.005639062263071537,,0
cebik-w4rnl/Basic-Intermediate-Tutorial-Models/Tutorial-2/ch-20/20-6a.nec,ok,ok,0.005478902254253626,0.007195921149104834,,0
cebik-w4rnl/Basic-Intermediate-Tutorial-Models/Tutorial-2/ch-20/20-6b.nec,ok,ok,0.005435053259134293,0.005730121396481991,,0
cebik-w4rnl/Basic-Intermediate-Tutorial-Models/Tutorial-2/ch-20/20-7.nec,ok,ok,0.0032925233244895935,0.003484712913632393,,0
cebik-w4rnl/Basic-Intermediate-Tutorial-Models/Tutorial-2/ch-20/20-8-nec2.nec,ok,ok,0.003492943476885557,0.0036396202631294727,,0
cebik-w4rnl/Basic-Intermediate-Tutorial-Models/Tutorial-2/ch-20/20-8-nec4.nec,ok-no-source,ok-no-source,0.0032516433857381344,0.0033442117273807526,,0
cebik-w4rnl/Basic-Intermediate-Tutorial-Models/Tutorial-2/ch-20/20-9-nec2.nec,ok,ok,0.032485703472048044,0.012748085893690586,,0
cebik-w4rnl/Basic-Intermediate-Tutorial-Models/Tutorial-2/ch-20/20-9-nec4.nec,ok-no-source,ok-no-source,0.029473688453435898,0.010839872993528843,,0
cebik-w4rnl/Basic-Intermediate-Tutorial-Models/Tutorial-2/ch-21/21-1.nec,ok,ok,0.00753413001075387,0.0073139239102602005,,0
cebik-w4rnl/Basic-Intermediate-Tutorial-Models/Tutorial-2/ch-21/21-10.nec,ok,ok,0.022439659107476473,0.015796217136085033,,0
cebik-w4rnl/Basic-Intermediate-Tutorial-Models/Tutorial-2/ch-21/21-11.nec,ok,ok,0.12969344342127442,0.06967752845957875,1.8613,1
cebik-w4rnl/Basic-Intermediate-Tutorial-Models/Tutorial-2/ch-21/21-12a.nec,ok,ok,0.007933709770441055,0.0075517455115914345,,0
cebik-w4rnl/Basic-Intermediate-Tutorial-Models/Tutorial-2/ch-21/21-12b.nec,ok,ok,0.007670868653804064,0.007225576788187027,,0
cebik-w4rnl/Basic-Intermediate-Tutorial-Models/Tutorial-2/ch-21/21-12c.nec,ok,ok,0.007562684826552868,0.007219658698886633,,0
cebik-w4rnl/Basic-Intermediate-Tutorial-Models/Tutorial-2/ch-21/21-13.nec,ok,ok,0.019195809494704008,0.013398467563092709,,0
cebik-w4rnl/Basic-Intermediate-Tutorial-Models/Tutorial-2/ch-21/21-14.nec,ok,ok,0.015765156596899033,0.011687561869621277,,0
cebik-w4rnl/Basic-Intermediate-Tutorial-Models/Tutorial-2/ch-21/21-15.nec,ok,ok,0.015677668619900942,0.012430678587406874,,0
cebik-w4rnl/Basic-Intermediate-Tutorial-Models/Tutorial-2/ch-21/21-2.nec,ok,ok,0.007836511824280024,0.007416358683258295,,0
cebik-w4rnl/Basic-Intermediate-Tutorial-Models/Tutorial-2/ch-21/21-3.nec,ok,ok,0.007588512729853392,0.007354377303272486,,0
cebik-w4rnl/Basic-Intermediate-Tutorial-Models/Tutorial-2/ch-21/21-4.nec,ok,ok,0.0077363550662994385,0.007386400830000639,,0
cebik-w4rnl/Basic-Intermediate-Tutorial-Models/Tutorial-2/ch-21/21-5.nec,ok,ok,0.017987681087106466,0.017073368187993765,,0
cebik-w4rnl/Basic-Intermediate-Tutorial-Models/Tutorial-2/ch-21/21-6.nec,ok,ok,0.07330474071204662,0.02900587022304535,,0
cebik-w4rnl/Basic-Intermediate-Tutorial-Models/Tutorial-2/ch-21/21-7.nec,ok,ok,0.017976074013859034,0.013469330500811338,,0
cebik-w4rnl/Basic-Intermediate-Tutorial-Models/Tutorial-2/ch-21/21-8.nec,ok,ok,0.007240755949169397,0.007386310491710901,,0
cebik-w4rnl/Basic-Intermediate-Tutorial-Models/Tutorial-2/ch-21/21-9.nec,ok,ok,0.022706042043864727,0.021530122496187687,,0
cebik-w4rnl/Basic-Intermediate-Tutorial-Models/Tutorial-2/ch-3/3-0.nec,ok,ok,0.005573996342718601,0.005607977509498596,,0
cebik-w4rnl/Basic-Intermediate-Tutorial-Models/Tutorial-2/ch-3/3-1.nec,ok,ok,0.006653514225035906,0.0061353356577456,,0
cebik-w4rnl/Basic-Intermediate-Tutorial-Models/Tutorial-2/ch-3/3-1a-nec2.nec,ok,ok,0.0053387852385640144,0.005527585744857788,,0
cebik-w4rnl/Basic-Intermediate-Tutorial-Models/Tutorial-2/ch-3/3-1a-nec4.nec,ok,ok,0.00528506375849247,0.005571641027927399,,0
cebik-w4rnl/Basic-Intermediate-Tutorial-Models/Tutorial-2/ch-3/3-1b-nec4.nec,ok,ok,0.00527847558259964,0.005531978327780962,,0
cebik-w4rnl/Basic-Intermediate-Tutorial-Models/Tutorial-2/ch-3/3-1c-nec4.nec,ok,ok,0.0053007821552455425,0.0056162029504776,,0
cebik-w4rnl/Basic-Intermediate-Tutorial-Models/Tutorial-2/ch-3/3-1d-nec4.nec,ok,ok,0.005302445497363806,0.0062680933624506,,0
cebik-w4rnl/Basic-Intermediate-Tutorial-Models/Tutorial-2/ch-3/3-2.nec,ok,ok,0.3699510069563985,0.24248582171276212,1.5257,1
cebik-w4rnl/Basic-Intermediate-Tutorial-Models/Tutorial-2/ch-3/3-2a-nec4.nec,ok,ok,0.3724511447362602,0.235752466134727,1.5798,1
cebik-w4rnl/Basic-Intermediate-Tutorial-Models/Tutorial-2/ch-3/3-2b-nec4.nec,ok,ok,0.3738059252500534,0.23676773067563772,1.5788,1
cebik-w4rnl/Basic-Intermediate-Tutorial-Models/Tutorial-2/ch-3/3-3.nec,ok,ok,0.005110182799398899,0.0053508044220507145,,0
cebik-w4rnl/Basic-Intermediate-Tutorial-Models/Tutorial-2/ch-3/3-3a.nec,ok,ok,0.004784510936588049,0.00513014430180192,,0
cebik-w4rnl/Basic-Intermediate-Tutorial-Models/Tutorial-2/ch-3/3-3b.nec,ok,ok,0.0048535168170928955,0.005169562064111233,,0
cebik-w4rnl/Basic-Intermediate-Tutorial-Models/Tutorial-2/ch-3/3-3c.nec,ok,ok,0.004816705361008644,0.005221412517130375,,0
cebik-w4rnl/Basic-Intermediate-Tutorial-Models/Tutorial-2/ch-3/3-4.nec,ok,ok,0.021063929423689842,0.014055556152015924,,0
cebik-w4rnl/Basic-Intermediate-Tutorial-Models/Tutorial-2/ch-3/3-4a.nec,ok,ok,0.015077267307788134,0.011323117185384035,,0
cebik-w4rnl/Basic-Intermediate-Tutorial-Models/Tutorial-2/ch-3/3-5.nec,ok,ok,0.034430147148668766,0.01923342188820243,,0
cebik-w4rnl/Basic-Intermediate-Tutorial-Models/Tutorial-2/ch-3/3-5a.nec,ok,ok,0.01513128075748682,0.011298498138785362,,0
cebik-w4rnl/Basic-Intermediate-Tutorial-Models/Tutorial-2/ch-3/3-6.nec,ok,ok,0.005084824748337269,0.007284869905561209,,0
cebik-w4rnl/Basic-Intermediate-Tutorial-Models/Tutorial-2/ch-3/3-6a.nec,ok,ok,0.004942980594933033,0.005334378220140934,,0
cebik-w4rnl/Basic-Intermediate-Tutorial-Models/Tutorial-2/ch-3/3-6b.nec,ok,ok,0.004930614493787289,0.005468369927257299,,0
cebik-w4rnl/Basic-Intermediate-Tutorial-Models/Tutorial-2/ch-3/3-6c.nec,ok,ok,0.004935608245432377,0.0054058474488556385,,0
cebik-w4rnl/Basic-Intermediate-Tutorial-Models/Tutorial-2/ch-3/3-7.nec,ok,ok,0.00495568010956049,0.005289040040224791,,0
cebik-w4rnl/Basic-Intermediate-Tutorial-Models/Tutorial-2/ch-3/3-7a.nec,ok,ok,0.00500413216650486,0.005285091232508421,,0
cebik-w4rnl/Basic-Intermediate-Tutorial-Models/Tutorial-2/ch-3/3-7b.nec,ok,ok,0.007827191147953272,0.007379151880741119,,0
cebik-w4rnl/Basic-Intermediate-Tutorial-Models/Tutorial-2/ch-3/3-8.nec,ok,ok,0.009428532794117928,0.007589646615087986,,0
cebik-w4rnl/Basic-Intermediate-Tutorial-Models/Tutorial-2/ch-3/3-8a.nec,ok,ok,0.007054254878312349,0.006718802731484175,,0
cebik-w4rnl/Basic-Intermediate-Tutorial-Models/Tutorial-2/ch-3/3-9.nec,ok,ok,0.021242055110633373,0.013987843878567219,,0
cebik-w4rnl/Basic-Intermediate-Tutorial-Models/Tutorial-2/ch-3/3-9a.nec,ok,ok,0.019425086677074432,0.013188562821596861,,0
cebik-w4rnl/Basic-Intermediate-Tutorial-Models/Tutorial-2/ch-4/4-1-nec2.nec,ok,ok,0.022095464635640383,0.015113608911633492,,0
cebik-w4rnl/Basic-Intermediate-Tutorial-Models/Tutorial-2/ch-4/4-1.nec,ok,ok,0.021385545376688242,0.01510260021314025,,0
cebik-w4rnl/Basic-Intermediate-Tutorial-Models/Tutorial-2/ch-4/4-1a.nec,ok,ok,0.021318858489394188,0.015114197973161936,,0
cebik-w4rnl/Basic-Intermediate-Tutorial-Models/Tutorial-2/ch-4/4-1b.nec,ok,ok,0.021238936576992273,0.015031269751489162,,0
cebik-w4rnl/Basic-Intermediate-Tutorial-Models/Tutorial-2/ch-4/4-1c.nec,ok,ok,0.021571547724306583,0.015314925462007523,,0
cebik-w4rnl/Basic-Intermediate-Tutorial-Models/Tutorial-2/ch-4/4-2a.nec,ok,ok,0.021503637544810772,0.015525509603321552,,0
cebik-w4rnl/Basic-Intermediate-Tutorial-Models/Tutorial-2/ch-4/4-2b.nec,ok,ok,0.02176813455298543,0.015273579396307468,,0
cebik-w4rnl/Basic-Intermediate-Tutorial-Models/Tutorial-2/ch-4/4-3a.nec,ok,ok,0.038764131255447865,0.024697106797248125,,0
cebik-w4rnl/Basic-Intermediate-Tutorial-Models/Tutorial-2/ch-4/4-3b.nec,ok,ok,0.015705670230090618,0.011816020589321852,,0
cebik-w4rnl/Basic-Intermediate-Tutorial-Models/Tutorial-2/ch-4/4-3c.nec,ok,ok,0.016001557931303978,0.011767116375267506,,0
cebik-w4rnl/Basic-Intermediate-Tutorial-Models/Tutorial-2/ch-4/4-4.nec,ok,ok,0.23017510399222374,0.10623916611075401,2.1666,1
cebik-w4rnl/Basic-Intermediate-Tutorial-Models/Tutorial-2/ch-4/4-4a.nec,ok,ok,0.23344461619853973,0.09791541425511241,2.3841,1
cebik-w4rnl/Basic-Intermediate-Tutorial-Models/Tutorial-2/ch-4/4-5.nec,ok,ok,0.02386495191603899,0.01566958986222744,,0
cebik-w4rnl/Basic-Intermediate-Tutorial-Models/Tutorial-2/ch-4/4-5a.nec,ok,ok,0.029446718748658895,0.0190971652045846,,0
cebik-w4rnl/Basic-Intermediate-Tutorial-Models/Tutorial-2/ch-4/4-5b.nec,ok,ok,0.03427674900740385,0.023210875689983368,,0
cebik-w4rnl/Basic-Intermediate-Tutorial-Models/Tutorial-2/ch-4/4-5c.nec,ok,ok,0.03426779294386506,0.021267030853778124,,0
cebik-w4rnl/Basic-Intermediate-Tutorial-Models/Tutorial-2/ch-4/4-6.nec,ok,ok,0.01985215162858367,0.013184105977416039,,0
cebik-w4rnl/Basic-Intermediate-Tutorial-Models/Tutorial-2/ch-4/4-6a.nec,ok,ok,0.0199072090908885,0.01316341944038868,,0
cebik-w4rnl/Basic-Intermediate-Tutorial-Models/Tutorial-2/ch-4/4-7.nec,ok,ok,0.03185564652085304,0.01657863613218069,,0
cebik-w4rnl/Basic-Intermediate-Tutorial-Models/Tutorial-2/ch-4/4-7a.nec,ok,ok,0.01445930264890194,0.010225736070424318,,0
cebik-w4rnl/Basic-Intermediate-Tutorial-Models/Tutorial-2/ch-4/4-8.nec,ok,ok,0.23326020641252398,0.09892384335398674,2.3580,1
cebik-w4rnl/Basic-Intermediate-Tutorial-Models/Tutorial-2/ch-4/4-9.nec,ok,ok,0.039380026049911976,0.02238121209666133,,0
cebik-w4rnl/Basic-Intermediate-Tutorial-Models/Tutorial-2/ch-4/4-9a.nec,ok,ok,0.03919302159920335,0.022401423659175634,,0
cebik-w4rnl/Basic-Intermediate-Tutorial-Models/Tutorial-2/ch-5/5-1.nec,ok,ok,0.006471301428973675,0.0061037251725792885,,0
cebik-w4rnl/Basic-Intermediate-Tutorial-Models/Tutorial-2/ch-5/5-10.nec,ok,ok,0.685214648488909,0.26102696964517236,2.6251,1
cebik-w4rnl/Basic-Intermediate-Tutorial-Models/Tutorial-2/ch-5/5-10a.nec,ok,ok,0.4170773243531585,0.26576492097228765,1.5693,1
cebik-w4rnl/Basic-Intermediate-Tutorial-Models/Tutorial-2/ch-5/5-1a.nec,ok,ok,0.006342477165162563,0.006131276488304138,,0
cebik-w4rnl/Basic-Intermediate-Tutorial-Models/Tutorial-2/ch-5/5-1b.nec,ok,ok,0.008454043418169022,0.005800907965749502,,0
cebik-w4rnl/Basic-Intermediate-Tutorial-Models/Tutorial-2/ch-5/5-2a.nec,ok,ok,0.0065870569087564945,0.006342075299471617,,0
cebik-w4rnl/Basic-Intermediate-Tutorial-Models/Tutorial-2/ch-5/5-2b.nec,ok,ok,0.00657676113769412,0.006198636721819639,,0
cebik-w4rnl/Basic-Intermediate-Tutorial-Models/Tutorial-2/ch-5/5-3.nec,ok,ok,0.006541244685649872,0.00600892910733819,,0
cebik-w4rnl/Basic-Intermediate-Tutorial-Models/Tutorial-2/ch-5/5-3a.nec,ok,ok,0.005874273367226124,0.005849296227097511,,0
cebik-w4rnl/Basic-Intermediate-Tutorial-Models/Tutorial-2/ch-5/5-3b.nec,ok,ok,0.005907292943447828,0.005878188647329807,,0
cebik-w4rnl/Basic-Intermediate-Tutorial-Models/Tutorial-2/ch-5/5-4.nec,ok,ok,0.004840774927288294,0.005290183704346418,,0
cebik-w4rnl/Basic-Intermediate-Tutorial-Models/Tutorial-2/ch-5/5-4a.nec,ok,ok,0.005300675053149462,0.005518803838640451,,0
cebik-w4rnl/Basic-Intermediate-Tutorial-Models/Tutorial-2/ch-5/5-5.nec,ok,ok,0.009558085352182388,0.007699292153120041,,0
cebik-w4rnl/Basic-Intermediate-Tutorial-Models/Tutorial-2/ch-5/5-5a.nec,ok,ok,0.014493497088551521,0.011268461588770151,,0
cebik-w4rnl/Basic-Intermediate-Tutorial-Models/Tutorial-2/ch-5/5-6.nec,ok,ok,0.005462802015244961,0.005673770792782307,,0
cebik-w4rnl/Basic-Intermediate-Tutorial-Models/Tutorial-2/ch-5/5-6a.nec,ok,ok,0.006187011022120714,0.006192924454808235,,0
cebik-w4rnl/Basic-Intermediate-Tutorial-Models/Tutorial-2/ch-5/5-6b.nec,ok,ok,0.006549644283950329,0.006144382990896702,,0
cebik-w4rnl/Basic-Intermediate-Tutorial-Models/Tutorial-2/ch-5/5-7.nec,ok,ok,0.015043077524751425,0.01137867383658886,,0
cebik-w4rnl/Basic-Intermediate-Tutorial-Models/Tutorial-2/ch-5/5-7a.nec,ok,ok,0.10352067416533828,0.04418591223657131,,0
cebik-w4rnl/Basic-Intermediate-Tutorial-Models/Tutorial-2/ch-5/5-7b.nec,ok,ok,0.10273810010403395,0.0433867615647614,,0
cebik-w4rnl/Basic-Intermediate-Tutorial-Models/Tutorial-2/ch-5/5-7c.nec,ok,ok,0.044669901486486197,0.028948367573320866,,0
cebik-w4rnl/Basic-Intermediate-Tutorial-Models/Tutorial-2/ch-5/5-7d.nec,ok,ok,0.044745957013219595,0.029314191546291113,,0
cebik-w4rnl/Basic-Intermediate-Tutorial-Models/Tutorial-2/ch-5/5-8.nec,ok,ok,6.025967197492719,1.5603411295451224,3.8620,1
cebik-w4rnl/Basic-Intermediate-Tutorial-Models/Tutorial-2/ch-5/5-8a.nec,ok,ok,12.895867796149105,7.772861762903631,1.6591,1
cebik-w4rnl/Basic-Intermediate-Tutorial-Models/Tutorial-2/ch-5/5-8b.nec,ok,ok,1.4531763936392963,0.3628061367198825,4.0054,1
cebik-w4rnl/Basic-Intermediate-Tutorial-Models/Tutorial-2/ch-5/5-9.nec,ok,ok,0.007082724943757057,0.006515041459351778,,0
cebik-w4rnl/Basic-Intermediate-Tutorial-Models/Tutorial-2/ch-5/5-9a.nec,ok,ok,0.009671297390013933,0.007755937520414591,,0
cebik-w4rnl/Basic-Intermediate-Tutorial-Models/Tutorial-2/ch-5/5-9b.nec,ok,ok,0.006997390184551477,0.0064156753942370415,,0
cebik-w4rnl/Basic-Intermediate-Tutorial-Models/Tutorial-2/ch-5/5-9c-nec2.nec,error,error,0.004028860945254564,0.004185746423900127,,0
cebik-w4rnl/Basic-Intermediate-Tutorial-Models/Tutorial-2/ch-5/5-9c-nec4.nec,error,error,0.0039457157254219055,0.0040600234642624855,,0
cebik-w4rnl/Basic-Intermediate-Tutorial-Models/Tutorial-2/ch-6/6-4.nec,ok-no-source,ok-no-source,0.04506374662742019,0.026870662812143564,,0
cebik-w4rnl/Basic-Intermediate-Tutorial-Models/Tutorial-2/ch-6/6-4a.nec,ok,ok,0.06676113558933139,0.04448271868750453,,0
cebik-w4rnl/Basic-Intermediate-Tutorial-Models/Tutorial-2/ch-6/6-5a.nec,ok,ok,0.70683090435341,0.16931006405502558,4.1748,1
cebik-w4rnl/Basic-Intermediate-Tutorial-Models/Tutorial-2/ch-6/6-6-nec2.nec,ok,ok,0.3550178809091449,0.14767974196001887,2.4040,1
cebik-w4rnl/Basic-Intermediate-Tutorial-Models/Tutorial-2/ch-6/6-6-nec4.nec,ok,ok,0.3638260313309729,0.147709253244102,2.4631,1
cebik-w4rnl/Basic-Intermediate-Tutorial-Models/Tutorial-2/ch-6/6-s1.nec,ok-no-source,ok-no-source,0.0074279033578932285,0.006260003428906202,,0
cebik-w4rnl/Basic-Intermediate-Tutorial-Models/Tutorial-2/ch-6/6-s1a.nec,ok-no-source,ok-no-source,0.01522429520264268,0.011907928623259068,,0
cebik-w4rnl/Basic-Intermediate-Tutorial-Models/Tutorial-2/ch-6/6-s2.nec,ok-no-source,ok-no-source,0.7579984567128122,0.2629174324683845,,0
cebik-w4rnl/Basic-Intermediate-Tutorial-Models/Tutorial-2/ch-6/6-s3a.nec,ok,ok,0.025839565321803093,0.018168773967772722,,0
cebik-w4rnl/Basic-Intermediate-Tutorial-Models/Tutorial-2/ch-6/6-s4.nec,ok-no-source,ok-no-source,0.04543330194428563,0.026670171413570642,,0
cebik-w4rnl/Basic-Intermediate-Tutorial-Models/Tutorial-2/ch-6/6-s4a.nec,ok,ok,0.065811597276479,0.044704186264425516,,0
cebik-w4rnl/Basic-Intermediate-Tutorial-Models/Tutorial-2/ch-7/7-0.nec,ok,ok,0.04594113491475582,0.02110180677846074,,0
cebik-w4rnl/Basic-Intermediate-Tutorial-Models/Tutorial-2/ch-7/7-1.nec,ok,ok,0.006125133950263262,0.006090405397117138,,0
cebik-w4rnl/Basic-Intermediate-Tutorial-Models/Tutorial-2/ch-7/7-10.nec,ok,ok,0.02377790166065097,0.016450553201138973,,0
cebik-w4rnl/Basic-Intermediate-Tutorial-Models/Tutorial-2/ch-7/7-10a.nec,ok,ok,0.033344706520438194,0.021787900011986494,,0
cebik-w4rnl/Basic-Intermediate-Tutorial-Models/Tutorial-2/ch-7/7-10b.nec,ok,ok,0.032145971432328224,0.021098751109093428,,0
cebik-w4rnl/Basic-Intermediate-Tutorial-Models/Tutorial-2/ch-7/7-10c.nec,ok,ok,0.033344720490276814,0.02165026031434536,,0
cebik-w4rnl/Basic-Intermediate-Tutorial-Models/Tutorial-2/ch-7/7-11.nec,ok,ok,0.009540854953229427,0.0077348132617771626,,0
cebik-w4rnl/Basic-Intermediate-Tutorial-Models/Tutorial-2/ch-7/7-11a.nec,ok,ok,0.00940155889838934,0.007648940198123455,,0
cebik-w4rnl/Basic-Intermediate-Tutorial-Models/Tutorial-2/ch-7/7-1a.nec,ok,ok,0.006057784426957369,0.0061325132846832275,,0
cebik-w4rnl/Basic-Intermediate-Tutorial-Models/Tutorial-2/ch-7/7-2.nec,ok,ok,0.005497750826179981,0.005579446442425251,,0
cebik-w4rnl/Basic-Intermediate-Tutorial-Models/Tutorial-2/ch-7/7-2a.nec,ok,ok,0.005547080188989639,0.005641513504087925,,0
cebik-w4rnl/Basic-Intermediate-Tutorial-Models/Tutorial-2/ch-7/7-2b.nec,ok,ok,0.0054919058457016945,0.00584156159311533,,0
cebik-w4rnl/Basic-Intermediate-Tutorial-Models/Tutorial-2/ch-7/7-3.nec,ok,ok,0.005933376029133797,0.005863889120519161,,0
cebik-w4rnl/Basic-Intermediate-Tutorial-Models/Tutorial-2/ch-7/7-3a.nec,ok,ok,0.005714273080229759,0.005852951668202877,,0
cebik-w4rnl/Basic-Intermediate-Tutorial-Models/Tutorial-2/ch-7/7-4.nec,ok,ok,0.005393491126596928,0.005473687779158354,,0
cebik-w4rnl/Basic-Intermediate-Tutorial-Models/Tutorial-2/ch-7/7-5.nec,ok,ok,0.005295992828905582,0.0054141865111887455,,0
cebik-w4rnl/Basic-Intermediate-Tutorial-Models/Tutorial-2/ch-7/7-5a.nec,ok,ok,0.004976993892341852,0.004975130315870047,,0
cebik-w4rnl/Basic-Intermediate-Tutorial-Models/Tutorial-2/ch-7/7-5b.nec,ok,ok,0.005864737089723349,0.005397297441959381,,0
cebik-w4rnl/Basic-Intermediate-Tutorial-Models/Tutorial-2/ch-7/7-8.nec,ok,ok,0.026707765646278858,0.016110831405967474,,0
cebik-w4rnl/Basic-Intermediate-Tutorial-Models/Tutorial-2/ch-7/7-9.nec,ok,ok,0.019466876052320004,0.013631428126245737,,0
cebik-w4rnl/Basic-Intermediate-Tutorial-Models/Tutorial-2/ch-7/7-9a.nec,ok,ok,0.34211607556790113,0.18994539370760322,1.8011,1
cebik-w4rnl/Basic-Intermediate-Tutorial-Models/Tutorial-2/ch-8/8-1.nec,ok,ok,0.0033561643213033676,0.0036295484751462936,,0
cebik-w4rnl/Basic-Intermediate-Tutorial-Models/Tutorial-2/ch-8/8-1a.nec,ok,ok,0.004963414743542671,0.005283278878778219,,0
cebik-w4rnl/Basic-Intermediate-Tutorial-Models/Tutorial-2/ch-8/8-1b.nec,ok,ok,0.0031225080601871014,0.0034059500321745872,,0
cebik-w4rnl/Basic-Intermediate-Tutorial-Models/Tutorial-2/ch-8/8-1c.nec,ok,ok,0.005183911882340908,0.004264913033694029,,0
cebik-w4rnl/Basic-Intermediate-Tutorial-Models/Tutorial-2/ch-8/8-2_1.nec,ok,ok,0.005079362075775862,0.005307480692863464,,0
cebik-w4rnl/Basic-Intermediate-Tutorial-Models/Tutorial-2/ch-8/8-2_2.nec,ok,ok,0.004597780294716358,0.005070686340332031,,0
cebik-w4rnl/Basic-Intermediate-Tutorial-Models/Tutorial-2/ch-8/8-3.nec,ok,ok,0.003342336043715477,0.003532053902745247,,0
cebik-w4rnl/Basic-Intermediate-Tutorial-Models/Tutorial-2/ch-8/8-3a.nec,no-impedance,no-impedance,0.002995335031300783,0.0030882852151989937,,0
cebik-w4rnl/Basic-Intermediate-Tutorial-Models/Tutorial-2/ch-8/8-3b.nec,no-impedance,no-impedance,0.002863111440092325,0.0030672200955450535,,0
cebik-w4rnl/Basic-Intermediate-Tutorial-Models/Tutorial-2/ch-8/8-3c.nec,ok,ok,0.0037392093800008297,0.003827352076768875,,0
cebik-w4rnl/Basic-Intermediate-Tutorial-Models/Tutorial-2/ch-8/8-3d.nec,ok,ok,0.004232941661030054,0.00447608670219779,,0
cebik-w4rnl/Basic-Intermediate-Tutorial-Models/Tutorial-2/ch-8/8-4.nec,ok,ok,0.010137469507753849,0.010830220766365528,,0
cebik-w4rnl/Basic-Intermediate-Tutorial-Models/Tutorial-2/ch-8/8-4a.nec,ok,ok,0.013415893539786339,0.015117198694497347,,0
cebik-w4rnl/Basic-Intermediate-Tutorial-Models/Tutorial-2/ch-8/8-5.nec,ok,ok,0.05368540342897177,0.033328952267766,,0
cebik-w4rnl/Basic-Intermediate-Tutorial-Models/Tutorial-2/ch-8/8-5a.nec,ok,ok,0.09451500605791807,0.05428342428058386,1.7411,1
cebik-w4rnl/Basic-Intermediate-Tutorial-Models/Tutorial-2/ch-8/8-6.nec,ok,ok,0.06648403080180287,0.026072834618389606,,0
cebik-w4rnl/Basic-Intermediate-Tutorial-Models/Tutorial-2/ch-9/9-1.nec,ok,ok,0.006640570238232613,0.007184463087469339,,0
cebik-w4rnl/Basic-Intermediate-Tutorial-Models/Tutorial-2/ch-9/9-1a.nec,ok,ok,0.006483377888798714,0.0070060803554952145,,0
cebik-w4rnl/Basic-Intermediate-Tutorial-Models/Tutorial-2/ch-9/9-2a.nec,ok,ok,0.10342571698129177,0.067814860958606,1.5251,1
cebik-w4rnl/Basic-Intermediate-Tutorial-Models/Tutorial-2/ch-9/9-2b.nec,ok,ok,0.004793718457221985,0.005011971108615398,,0
cebik-w4rnl/Basic-Intermediate-Tutorial-Models/Tutorial-2/ch-9/9-2c.nec,ok,ok,0.012605424970388412,0.012585587799549103,,0
cebik-w4rnl/Basic-Intermediate-Tutorial-Models/Tutorial-2/ch-9/9-3a.nec,ok,ok,0.11389133101329207,0.07072787033393979,1.6103,1
cebik-w4rnl/Basic-Intermediate-Tutorial-Models/Tutorial-2/ch-9/9-3b.nec,ok,ok,0.03914392273873091,0.02356601832434535,,0
cebik-w4rnl/Basic-Intermediate-Tutorial-Models/Tutorial-2/ch-9/9-4.nec,ok,ok,0.2992890737950802,0.19708793330937624,1.5186,1
cebik-w4rnl/Basic-Intermediate-Tutorial-Models/Tutorial-2/ch-9/9-4a.nec,ok,ok,0.6020804136060178,0.38502154871821404,1.5638,1
cebik-w4rnl/Basic-Intermediate-Tutorial-Models/Tutorial-2/ch-9/9-4b.nec,ok,ok,0.5978396097198129,0.38367002457380295,1.5582,1
cebik-w4rnl/Basic-Intermediate-Tutorial-Models/Tutorial-2/ch-9/9-5.nec,ok,ok,0.007592092268168926,0.007595800328999758,,0
cebik-w4rnl/Basic-Intermediate-Tutorial-Models/Tutorial-2/ch-9/9-6.nec,ok,ok,0.04375773202627897,0.027350674849003553,,0
cebik-w4rnl/Basic-Intermediate-Tutorial-Models/Tutorial-2/ch-9/9-6a.nec,ok,ok,0.04401256749406457,0.02712547453120351,,0
cebik-w4rnl/Basic-Intermediate-Tutorial-Models/Tutorial-2/ch-9/9-7.nec,ok,ok,0.008163881488144398,0.007069636136293411,,0
cebik-w4rnl/Basic-Intermediate-Tutorial-Models/Tutorial-2/ch-9/9-7a.nec,ok,ok,0.008022935129702091,0.007375690154731274,,0
cebik-w4rnl/Basic-Intermediate-Tutorial-Models/Tutorial-2/ch-9/9-8.nec,ok,ok,0.0077941277995705605,0.006905480287969112,,0
cebik-w4rnl/Basic-Intermediate-Tutorial-Models/Tutorial-2/ch-9/9-8a.nec,ok,ok,0.5254627945832908,0.3435877780430019,1.5293,1
cebik-w4rnl/Basic-Intermediate-Tutorial-Models/Tutorial-2/ch-9/9-8b.nec,ok,ok,0.27896429179236293,0.10520456498488784,2.6516,1
cebik-w4rnl/Basic-Intermediate-Tutorial-Models/Tutorial-2/ch-9/9-8c.nec,ok,ok,0.2953329444862902,0.10538515076041222,2.8024,1
cebik-w4rnl/Moxon-Rectangle-Notes-Models/mox10-1al.nec,ok,ok,0.010294912848621607,0.008230045437812805,,0
cebik-w4rnl/Moxon-Rectangle-Notes-Models/mox10-1alv.nec,ok,ok,0.009472421370446682,0.0076434556394815445,,0
cebik-w4rnl/Moxon-Rectangle-Notes-Models/mox20-11.nec,ok,ok,0.011484110727906227,0.009428378194570541,,0
cebik-w4rnl/models/LPDAs/nec/LP100-1000-12el3ft150o.nec,ok,ok,0.1587115339934826,0.0659206141717732,2.4076,1
cebik-w4rnl/models/LPDAs/nec/lc14-7el38ft80o-1.nec,ok,ok,0.01843401789665222,0.013128083199262619,,0
cebik-w4rnl/models/LPDAs/nec/lc14-7el52ft65o-1.nec,ok,ok,0.018600423354655504,0.013001114595681429,,0
cebik-w4rnl/models/LPDAs/nec/lc21-5el21ft800o-1-vee.nec,ok,ok,0.04427354410290718,0.017108920961618423,,0
cebik-w4rnl/models/LPDAs/nec/lc21-7el35ft65o-75.nec,ok,ok,0.018522221595048904,0.013048178981989622,,0
cebik-w4rnl/models/LPDAs/nec/lc28-4el10ft75o.nec,ok,ok,0.019169210456311703,0.013246611692011356,,0
cebik-w4rnl/models/LPDAs/nec/lc28-5el16ft800o-75-Vee.nec,ok,ok,0.02793012885376811,0.016656826715916395,,0
cebik-w4rnl/models/LPDAs/nec/lc28-5el20ft150o-50-W6SAI.nec,ok,ok,0.013353459071367979,0.010888719465583563,,0
cebik-w4rnl/models/LPDAs/nec/lc28-6el12ft75o-1.nec,ok,ok,0.01554991165176034,0.011987763457000256,,0
cebik-w4rnl/models/LPDAs/nec/lc28-6el28ft100o-50.nec,ok,ok,0.015398476272821426,0.011640906799584627,,0
cebik-w4rnl/models/LPDAs/nec/lc28-7el14ft80o-875.nec,ok,ok,0.018466238863766193,0.013414220418781042,,0
cebik-w4rnl/models/LPDAs/nec/lc28-7el15ft100o-1.nec,ok,ok,0.018369487952440977,0.013682499062269926,,0
cebik-w4rnl/models/LPDAs/nec/lc28-7el15ft80o-1.nec,ok,ok,0.018511785194277763,0.013526257127523422,,0
cebik-w4rnl/models/LPDAs/nec/lc28-7el19ft80o-50.nec,ok,ok,0.018304094206541777,0.013466532807797194,,0
cebik-w4rnl/models/LPDAs/nec/lc28-7el19ft80o-75.nec,ok,ok,0.018342164810746908,0.013179988600313663,,0
cebik-w4rnl/models/LPDAs/nec/lc28-7el21ft65o-75.nec,ok,ok,0.01845970656722784,0.013050197158008814,,0
cebik-w4rnl/models/LPDAs/nec/lc28-7el25ft80o-75.nec,ok,ok,0.018614544067531824,0.01335012074559927,,0
cebik-w4rnl/models/LPDAs/nec/lc28-7el26ft65o-75.nec,ok,ok,0.018552011344581842,0.013487512245774269,,0
cebik-w4rnl/models/LPDAs/nec/lc28-7el28ft70o-75.nec,ok,ok,0.01850497117266059,0.012955590151250362,,0
cebik-w4rnl/models/LPDAs/nec/lp10-30-12el45ft250o.nec,ok,ok,0.04850065242499113,0.02574489824473858,,0
cebik-w4rnl/models/LPDAs/nec/lp10-30-15el45ft250o.nec,ok,ok,0.06715232646092772,0.034186921548098326,,0
cebik-w4rnl/models/LPDAs/nec/lp100-1000-12el5ft150o.nec,ok,ok,0.17535713966935873,0.06849039904773235,2.5603,1
cebik-w4rnl/models/LPDAs/nec/lp100-1000-26el5ft150o.nec,ok,ok,0.4209905322641134,0.15557782584801316,2.7060,1
cebik-w4rnl/models/LPDAs/nec/lp100-12elFM-med.nec,ok,ok,0.021650198847055435,0.014590693637728691,,0
cebik-w4rnl/models/LPDAs/nec/lp100-16elFM-long.nec,ok,ok,0.03491534385830164,0.020216298755258322,,0
cebik-w4rnl/models/LPDAs/nec/lp100-8elFM-short.nec,ok,ok,0.01580235781148076,0.0119388229213655,,0
cebik-w4rnl/models/LPDAs/nec/lp14-29-11el30ft225o.nec,ok,ok,0.028688525315374136,0.017785866744816303,,0
cebik-w4rnl/models/LPDAs/nec/lp14-29-12el33ft250o-dir.nec,ok,ok,0.031691718846559525,0.019032393116503954,,0
cebik-w4rnl/models/LPDAs/nec/lp14-30-12el26ft125o.nec,ok,ok,0.03217660542577505,0.019816776271909475,,0
cebik-w4rnl/models/LPDAs/nec/lp14-30-12el32ft100o.nec,ok,ok,0.03987215459346771,0.02218956220895052,,0
cebik-w4rnl/models/LPDAs/nec/lp14-30-12el32ft400o.nec,ok,ok,0.03328923787921667,0.019596428144723177,,0
cebik-w4rnl/models/LPDAs/nec/lp14-30-13el29ft200o-telerana14.nec,ok,ok,0.04385402239859104,0.024774893652647734,,0
cebik-w4rnl/models/LPDAs/nec/lp14-30-13el29ft200o-telerana50.nec,ok,ok,0.04372021136805415,0.024765341076999903,,0
cebik-w4rnl/models/LPDAs/nec/lp14-30-13el29ft200o-teleranavee.nec,ok,ok,0.0447475858964026,0.026376402471214533,,0
cebik-w4rnl/models/LPDAs/nec/lp14-30-14el40ft100o.nec,ok,ok,0.17760160379111767,0.08191772131249309,2.1680,1
cebik-w4rnl/models/LPDAs/nec/lp14-30-15el42ft250o-dir-stepdia.nec,ok,ok,0.10039877984672785,0.04834693856537342,,0
cebik-w4rnl/models/LPDAs/nec/lp14-30-16el42ft100o-dir.nec,ok,ok,0.039254833944141865,0.0255326172336936,,0
cebik-w4rnl/models/LPDAs/nec/lp14-30-21el52ft200o.nec,ok,ok,0.047858193051069975,0.026431226171553135,,0
cebik-w4rnl/models/LPDAs/nec/lp14-30-22el56ft250o-dir.nec,ok,ok,0.05145549541339278,0.0274627017788589,,0
cebik-w4rnl/models/LPDAs/nec/lp14-30-24el58ft200o.nec,ok,ok,0.09396764123812318,0.044063504319638014,,0
cebik-w4rnl/models/LPDAs/nec/lp14-30-27el217ft200o.nec,ok,ok,0.10963771212846041,0.05492163961753249,1.9963,1
cebik-w4rnl/models/LPDAs/nec/lp14-30-7el20ft100o-K4EWG.nec,ok,ok,0.025219937786459923,0.01977516384795308,,0
cebik-w4rnl/models/LPDAs/nec/lp14-30-8el20ft200o.nec,ok,ok,0.018038734793663025,0.013497435953468084,,0
cebik-w4rnl/models/LPDAs/nec/lp14-30-9el21ft250o-dir.nec,ok,ok,0.02479142416268587,0.01621528761461377,,0
cebik-w4rnl/models/LPDAs/nec/lp144-6el5ft75o-1875.nec,ok,ok,0.025085196364670992,0.015820718370378017,,0
cebik-w4rnl/models/LPDAs/nec/lp17-5el32ft50o.nec,ok,ok,0.007437041029334068,0.007143364287912846,,0
cebik-w4rnl/models/LPDAs/nec/lp21-5el27ft50o.nec,ok,ok,0.007270002271980047,0.006794176530092955,,0
cebik-w4rnl/models/LPDAs/nec/lp220-15el11ft80o.nec,ok,ok,0.13864715863019228,0.05675808945670724,2.4428,1
cebik-w4rnl/models/LPDAs/nec/lp220-17el11ft60o.nec,ok,ok,0.13175323698669672,0.05504637956619263,2.3935,1
cebik-w4rnl/models/LPDAs/nec/lp220-18el11ft60o.nec,ok,ok,0.14568855054676533,0.05945612816140056,2.4504,1
cebik-w4rnl/models/LPDAs/nec/lp220-20el12ft60o.nec,ok,ok,0.19000343838706613,0.07111610565334558,2.6717,1
cebik-w4rnl/models/LPDAs/nec/lp220-20el13ft60o.nec,ok,ok,0.1218200046569109,0.05147396074607968,2.3666,1
cebik-w4rnl/models/LPDAs/nec/lp250-276-21el4ft80o.nec,ok,ok,0.0711160534992814,0.036079213954508305,,0
cebik-w4rnl/models/LPDAs/nec/lp250-317-10el3ft75o.nec,ok,ok,0.014157312456518412,0.010719586163759232,,0
cebik-w4rnl/models/LPDAs/nec/lp250-317-15el5ft75o.nec,ok,ok,0.024746541399508715,0.0153068364597857,,0
cebik-w4rnl/models/LPDAs/nec/lp250-317-8el3ft75o.nec,ok,ok,0.011854502372443676,0.009581271559000015,,0
cebik-w4rnl/models/LPDAs/nec/lp250-500-12el3ft80o.nec,ok,ok,0.04428721172735095,0.023418787866830826,,0
cebik-w4rnl/models/LPDAs/nec/lp250-500-20el3ft80o.nec,ok,ok,0.0950039615854621,0.04514518100768328,,0
cebik-w4rnl/models/LPDAs/nec/lp28-30-4el8ft200o-wire12.nec,ok,ok,0.019846445415169,0.013520536944270134,,0
cebik-w4rnl/models/LPDAs/nec/lp28-30-4el8ft75o-W4RNL.nec,ok,ok,0.01942510949447751,0.013309174217283726,,0
cebik-w4rnl/models/LPDAs/nec/lp28-30-4el8ft75o-fatel-W4RNL.nec,ok,ok,0.019325958099216223,0.013348857406526804,,0
cebik-w4rnl/models/LPDAs/nec/lp28-30-4el8ft75o-stepdia-W4RNL.nec,ok,ok,0.01816918235272169,0.013146159704774618,,0
cebik-w4rnl/models/LPDAs/nec/lp28-30-53l8ft300o-wire12-zigzag.nec,ok,ok,0.0489079630933702,0.026939366478472948,,0
cebik-w4rnl/models/LPDAs/nec/lp28-30-5el8ftnoline-wire10-zigzag.nec,ok,ok,0.02428093319758773,0.01682169595733285,,0
cebik-w4rnl/models/LPDAs/nec/lp28-31-10el48ft80o.nec,ok,ok,0.019403916783630848,0.012855502776801586,,0
cebik-w4rnl/models/LPDAs/nec/lp3-30-20el100ft200o.nec,ok,ok,0.5007555899210274,0.173931575845927,2.8790,1
cebik-w4rnl/models/LPDAs/nec/lp3-30-20el60ft150o.nec,ok,ok,0.25508617563173175,0.10891190078109503,2.3421,1
cebik-w4rnl/models/LPDAs/nec/lp3-30-21el100ft200o.nec,ok,ok,0.2553717498667538,0.10698049422353506,2.3871,1
cebik-w4rnl/models/LPDAs/nec/lp3-30-22el100ft200o.nec,ok,ok,0.27445693546906114,0.11444929894059896,2.3981,1
cebik-w4rnl/models/LPDAs/nec/lp3-30-23el100ft200o.nec,ok,ok,0.3002677410840988,0.12237250152975321,2.4537,1
cebik-w4rnl/models/LPDAs/nec/lp3-30-24el100ft200o.nec,ok,ok,0.3271952271461487,0.13220397289842367,2.4749,1
cebik-w4rnl/models/LPDAs/nec/lp3-30-25el100ft200o.nec,ok,ok,0.3549862294457853,0.14105266239494085,2.5167,1
cebik-w4rnl/models/LPDAs/nec/lp3-30-26el100ft200o.nec,ok,ok,0.38457050872966647,0.16395321115851402,2.3456,1
cebik-w4rnl/models/LPDAs/nec/lp3-30-26el164ft150o.nec,ok,ok,0.38699668599292636,0.1516532958485186,2.5519,1
cebik-w4rnl/models/LPDAs/nec/lp3-30-33el100ft150o.nec,ok,ok,0.42430514423176646,0.1621577008627355,2.6166,1
cebik-w4rnl/models/LPDAs/nec/lp3-30-33el168ft250o.nec,ok,ok,0.7274741395376623,0.26580860186368227,2.7368,1
cebik-w4rnl/models/LPDAs/nec/lp3-30-42el164ft250o.nec,ok,ok,1.0338462879881263,0.34050456481054425,3.0362,1
cebik-w4rnl/models/LPDAs/nec/lp3-7-10el55ft200o.nec,ok,ok,0.02323354547843337,0.015322855673730373,,0
cebik-w4rnl/models/LPDAs/nec/lp3-7-10el56ft200o.nec,ok,ok,0.024061504751443863,0.01606610929593444,,0
cebik-w4rnl/models/LPDAs/nec/lp3-7-11el53ft200o.nec,ok,ok,0.022083490155637264,0.015292391646653414,,0
cebik-w4rnl/models/LPDAs/nec/lp3-7-12el53ft200o.nec,ok,ok,0.024825775530189276,0.017327448818832636,,0
cebik-w4rnl/models/LPDAs/nec/lp3-7-12el55ft200o.nec,ok,ok,0.03052590461447835,0.018911785911768675,,0
cebik-w4rnl/models/LPDAs/nec/lp3-7-16el84ft200o.nec,ok,ok,0.037838221061974764,0.023012591991573572,,0
cebik-w4rnl/models/LPDAs/nec/lp3r5-4-14el89ft200o-2.nec,ok,ok,0.041564577259123325,0.029239392839372158,,0
cebik-w4rnl/models/LPDAs/nec/lp3r5-4-6el86ft100o-2.nec,ok,ok,0.07310055661946535,0.03468448808416724,,0
cebik-w4rnl/models/LPDAs/nec/lp3r5-4-8el86ft100o-2.nec,ok,ok,0.021186765749007463,0.014658243395388126,,0
cebik-w4rnl/models/LPDAs/nec/lp3r5-4-8el86ft150o-12.nec,ok,ok,0.021039830055087805,0.014880409464240074,,0
cebik-w4rnl/models/LPDAs/nec/lp4-30-19el60ft200o.nec,ok,ok,0.19560676254332066,0.08398762485012412,2.3290,1
cebik-w4rnl/models/LPDAs/nec/lp4-30-20el65ft150o.nec,ok,ok,0.2663325406610966,0.10311394650489092,2.5829,1
cebik-w4rnl/models/LPDAs/nec/lp4-30-20el65ft200o.nec,ok,ok,0.18837899807840586,0.07518974272534251,2.5054,1
cebik-w4rnl/models/LPDAs/nec/lp4-30-21el65ft200o.nec,ok,ok,0.20692234160378575,0.0890244273468852,2.3243,1
cebik-w4rnl/models/LPDAs/nec/lp40-90-22el20ft100o-dir.nec,ok,ok,0.050254104658961296,0.02737143263220787,,0
cebik-w4rnl/models/LPDAs/nec/lp400-800-12el1ft250o.nec,ok,ok,0.03836892079561949,0.021941627841442823,,0
cebik-w4rnl/models/LPDAs/nec/lp7-15-10el35ft200o.nec,ok,ok,0.020842221565544605,0.014161000493913889,,0
cebik-w4rnl/models/LPDAs/nec/lp7-15-11el44ft200o-dir.nec,ok,ok,0.022415018174797297,0.014739390462636948,,0
cebik-w4rnl/models/LPDAs/nec/lp7-15-12el42ft200o.nec,ok,ok,0.02662518434226513,0.017134245485067368,,0
cebik-w4rnl/models/LPDAs/nec/lp7-15-13el53ft200o.nec,ok,ok,0.02894971426576376,0.01816708082333207,,0
cebik-w4rnl/models/LPDAs/nec/lp7-15-16el28ft200o.nec,ok,ok,0.03839514683932066,0.027959707658737898,,0
cebik-w4rnl/models/LPDAs/nec/lp7-15-16el56ft200o.nec,ok,ok,0.037980821914970875,0.022025233134627342,,0
cebik-w4rnl/models/LPDAs/nec/lp7-15-16el70ft200o.nec,ok,ok,0.038161701057106256,0.022543115075677633,,0
cebik-w4rnl/models/LPDAs/nec/lp7-15-16el84ft200o.nec,ok,ok,0.03811846440657973,0.02124920254573226,,0
cebik-w4rnl/models/LPDAs/nec/lp7-15-22el78ft200o.nec,ok,ok,0.07511043595150113,0.04421182908117771,,0
cebik-w4rnl/models/LPDAs/nec/lp7-15-27el434ft200o.nec,ok,ok,0.1101031843572855,0.04687656136229634,,0
cebik-w4rnl/models/LPDAs/nec/lp7-15-7el25ft200o.nec,ok,ok,0.013362275436520576,0.010502953082323074,,0
cebik-w4rnl/models/LPDAs/nec/lp7-15-7el37ft200o.nec,ok,ok,0.012687666807323694,0.010196032468229532,,0
cebik-w4rnl/models/LPDAs/nec/lp7-15-9el31ft200o.nec,ok,ok,0.019012892618775368,0.013077550567686558,,0
cebik-w4rnl/models/LPDAs/nec/lp800-1200-17el3ft200o.nec,ok,ok,0.02779010171070695,0.016363647766411304,,0
cebik-w4rnl/models/LPDAs/nec/lp850-2600-36el4ft200o.nec,ok,ok,0.2711195359006524,0.11023011524230242,2.4596,1
cebik-w4rnl/models/LPDAs/nec/lp850-2600-37el4ft80o.nec,ok,ok,0.30576270120218396,0.12345065455883741,2.4768,1
cebik-w4rnl/models/LPDAs/nec/lp900-1400-36el4ft200o.nec,ok,ok,0.27089474350214005,0.11043260153383017,2.4530,1
cebik-w4rnl/models/LPDAs/nec/lpma3r5-4-6el86ft75o-buriedradials.nec,ok,ok,20.266629046294838,3.6799194756895304,5.5074,1
cebik-w4rnl/models/Phased-Arrays/nec/10-28-edzlazyh-fs-14.nec,ok,ok,0.01069540437310934,0.008460217621177435,,0
cebik-w4rnl/models/Phased-Arrays/nec/14-29-lpda-50.nec,ok,ok,0.08891044277697802,0.04420482460409403,,0
cebik-w4rnl/models/Phased-Arrays/nec/14-8jk-fs-75.nec,ok,ok,0.006025842856615782,0.00601932592689991,,0
cebik-w4rnl/models/Phased-Arrays/nec/14-8jkstack-stdphase-12.nec,ok,ok,0.5137445167638361,0.22867146879434586,2.2466,1
cebik-w4rnl/models/Phased-Arrays/nec/14-8jkstack-xphased-12.nec,ok,ok,0.5100474790669978,0.2316216053441167,2.2021,1
cebik-w4rnl/models/Phased-Arrays/nec/14-fdsp-W7EL.nec,ok,ok,0.24543598433956504,0.09858448011800647,2.4896,1
cebik-w4rnl/models/Phased-Arrays/nec/14-longelphased-directfeedp1-W4RNL.nec,ok,ok,0.012889634352177382,0.010333630722016096,,0
cebik-w4rnl/models/Phased-Arrays/nec/14-phased35o-50-W4RNL.nec,ok,ok,0.2125914990901947,0.13466264214366674,1.5787,1
cebik-w4rnl/models/Phased-Arrays/nec/14-phasedsplit50o-50-W4RNL.nec,ok,ok,0.004799072165042162,0.004765807650983334,,0
cebik-w4rnl/models/Phased-Arrays/nec/14-shortel-stubs-50-N7CL.nec,ok,ok,0.12003024201840162,0.06754735996946692,1.7770,1
cebik-w4rnl/models/Phased-Arrays/nec/14-stacked3elYagis-1.nec,ok,ok,0.14476235769689083,0.07485301094129682,1.9340,1
cebik-w4rnl/models/Phased-Arrays/nec/14-zlsporig-1-ZL3MH.nec,ok,ok,0.12483895802870393,0.06977265560999513,1.7892,1
cebik-w4rnl/models/Phased-Arrays/nec/144-3eledzvbeam-fs-40.nec,ok,ok,0.03318884735926986,0.01815489260479808,,0
cebik-w4rnl/models/Phased-Arrays/nec/146-436-dualquad turnstile-sat-146.nec,ok,ok,0.9501363853923976,0.20173189463093877,4.7099,1
cebik-w4rnl/models/Phased-Arrays/nec/146-436-dualquadturnstile-sat-436.nec,ok,ok,0.6774375657550991,0.14355272194370627,4.7191,1
cebik-w4rnl/models/Phased-Arrays/nec/146-moxrectturnstile-sat-1875.nec,ok,ok,0.2686848156154156,0.140093298163265,1.9179,1
cebik-w4rnl/models/Phased-Arrays/nec/18-fdsp-W7EL.nec,ok,ok,0.24392317747697234,0.09886660892516375,2.4672,1
cebik-w4rnl/models/Phased-Arrays/nec/18-longelphased-directfeedp1-W4RNL.nec,ok,ok,0.012979519087821245,0.01025103498250246,,0
cebik-w4rnl/models/Phased-Arrays/nec/18-phased35o-50-W4RNL.nec,ok,ok,0.19009440299123526,0.12132813455536962,1.5668,1
cebik-w4rnl/models/Phased-Arrays/nec/18-phasedsplit50o-50-W4RNL.nec,ok,ok,0.004793238826096058,0.005444246809929609,,0
cebik-w4rnl/models/Phased-Arrays/nec/18-shortel-stubs-50-N7CL.nec,ok,ok,0.11912768753245473,0.06714320695027709,1.7742,1
cebik-w4rnl/models/Phased-Arrays/nec/1r1-bc2elphased vert.nec,ok,ok,0.01136519992724061,0.009669573977589607,,0
cebik-w4rnl/models/Phased-Arrays/nec/1r4-bc3elendfire-pergnd.nec,ok,ok,0.04458928946405649,0.020390006713569164,,0
cebik-w4rnl/models/Phased-Arrays/nec/1r4-bc6elb-s+e-f-pergnd.nec,ok,ok,0.1474128570407629,0.053202856332063675,2.7708,1
cebik-w4rnl/models/Phased-Arrays/nec/1r5-bc2xhalfwldr+6parguy-sngnd.nec,ok,ok,1.3574389750137925,0.4502518977969885,3.0148,1
cebik-w4rnl/models/Phased-Arrays/nec/1r5-bc3elendfire-burrad.nec,ok,ok,3.1562105673365295,0.7977758217602968,3.9563,1
cebik-w4rnl/models/Phased-Arrays/nec/1r5-bc4elendfire-pergnd.nec,ok,ok,0.19296259246766567,0.08493422996252775,2.2719,1
cebik-w4rnl/models/Phased-Arrays/nec/1r5-bc6elphaseaim-pergnd.nec,ok,ok,0.16050981963053346,0.05530126392841339,2.9025,1
cebik-w4rnl/models/Phased-Arrays/nec/1r5-bchalfwldr+6parguy-sngnd.nec,ok,ok,0.744190298486501,0.35130500653758645,2.1184,1
cebik-w4rnl/models/Phased-Arrays/nec/1r8-2-elphased-radials.nec,ok,ok,5.573707593604922,1.104842260479927,5.0448,1
cebik-w4rnl/models/Phased-Arrays/nec/1r8-2x4elphased-K8UR.nec,ok,ok,0.8004482528194785,0.32283337926492095,2.4794,1
cebik-w4rnl/models/Phased-Arrays/nec/1r8-4el-broadside.nec,ok,ok,0.12159280851483345,0.052696445025503635,2.3074,1
cebik-w4rnl/models/Phased-Arrays/nec/1r8-4el-endfire-burrad.nec,ok,ok,5.083921587094665,1.1200136188417673,4.5392,1
cebik-w4rnl/models/Phased-Arrays/nec/1r8-4el-endfire.nec,ok,ok,0.12888172501698136,0.05700124613940716,2.2610,1
cebik-w4rnl/models/Phased-Arrays/nec/1r8-4elphased-lowbend-K8UR.nec,ok,ok,0.4661066276021302,0.24274753872305155,1.9201,1
cebik-w4rnl/models/Phased-Arrays/nec/1r8-4elphased-midelbend-K8UR.nec,ok,ok,0.42218449944630265,0.22098112758249044,1.9105,1
cebik-w4rnl/models/Phased-Arrays/nec/1r8-5el-broadside.nec,ok,ok,0.16406318405643106,0.06708670081570745,2.4455,1
cebik-w4rnl/models/Phased-Arrays/nec/1r8-5el-endfire.nec,ok,ok,0.17392019787803292,0.07246873155236244,2.3999,1
cebik-w4rnl/models/Phased-Arrays/nec/21-2eledzbeam-2ref-gnd-12-ZL1LE.nec,ok,ok,0.26850222749635577,0.1693330672569573,1.5856,1
cebik-w4rnl/models/Phased-Arrays/nec/21-coledz-wiretl-12.nec,ok,ok,0.16827381402254105,0.07991945603862405,2.1055,1
cebik-w4rnl/models/Phased-Arrays/nec/21-fdsp-W7EL.nec,ok,ok,0.25101370736956596,0.0992304552346468,2.5296,1
cebik-w4rnl/models/Phased-Arrays/nec/21-longelphased-directfeedp1-W4RNL.nec,ok,ok,0.012842866126447916,0.010315037332475185,,0
cebik-w4rnl/models/Phased-Arrays/nec/21-phased35o-50-W4RNL.nec,ok,ok,0.17580581177026033,0.11269907094538212,1.5600,1
cebik-w4rnl/models/Phased-Arrays/nec/21-phasedcoledz-fs-12.nec,ok,ok,0.07346545066684484,0.034663429483771324,,0
cebik-w4rnl/models/Phased-Arrays/nec/21-phasedsplit50o-50-W4RNL.nec,ok,ok,0.004820145200937986,0.004895348101854324,,0
cebik-w4rnl/models/Phased-Arrays/nec/21-shortel-stubs-50-N7CL.nec,ok,ok,0.12087393272668123,0.06783340079709888,1.7819,1
cebik-w4rnl/models/Phased-Arrays/nec/21-zlsporig-1-ZL3MH.nec,ok,ok,0.12575500924140215,0.07042009802535176,1.7858,1
cebik-w4rnl/models/Phased-Arrays/nec/24-3elzlsp-fs-75.nec,ok,ok,0.014844235498458147,0.011066013481467962,,0
cebik-w4rnl/models/Phased-Arrays/nec/24-fdsp-W7EL.nec,ok,ok,0.2456583552993834,0.09994476195424795,2.4579,1
cebik-w4rnl/models/Phased-Arrays/nec/24-lazyh-fs-K7KGP.nec,ok,ok,0.00847148522734642,0.007509008981287479,,0
cebik-w4rnl/models/Phased-Arrays/nec/24-longelphased-directfeedp1-W4RNL.nec,ok,ok,0.012802716810256243,0.010290966834872961,,0
cebik-w4rnl/models/Phased-Arrays/nec/24-phased35o-50-W4RNL.nec,ok,ok,0.1911117834970355,0.12097119027748704,1.5798,1
cebik-w4rnl/models/Phased-Arrays/nec/24-phasedsplit50o-50-W4RNL.nec,ok,ok,0.004818988498300314,0.004916334059089422,,0
cebik-w4rnl/models/Phased-Arrays/nec/24-shortel-stubs-50-N7CL.nec,ok,ok,0.12169439857825637,0.06836814898997545,1.7800,1
cebik-w4rnl/models/Phased-Arrays/nec/254-turnstileYagi-milsat.nec,ok,ok,0.37182428734377027,0.1231767968274653,3.0186,1
cebik-w4rnl/models/Phased-Arrays/nec/28-2eledzbeam-2ref-fs-12.nec,ok,ok,0.007768497336655855,0.00698999734595418,,0
cebik-w4rnl/models/Phased-Arrays/nec/28-2eledzbeam-fs-12.nec,ok,ok,0.007831503171473742,0.007186512462794781,,0
cebik-w4rnl/models/Phased-Arrays/nec/28-3eledzbeam-2ref-gnd-12.nec,ok,ok,0.1138099217787385,0.06554245250299573,1.7364,1
cebik-w4rnl/models/Phased-Arrays/nec/28-6elphasefedbeam-fs-50.nec,ok,ok,0.01538602402433753,0.011389732826501131,,0
cebik-w4rnl/models/Phased-Arrays/nec/28-7-lazyh-vert-14.nec,ok,ok,0.28249757550656796,0.1741106384433806,1.6225,1
cebik-w4rnl/models/Phased-Arrays/nec/28-fdsp-W7EL.nec,ok,ok,0.2471539038233459,0.100165746640414,2.4674,1
cebik-w4rnl/models/Phased-Arrays/nec/28-longelphased-directfeedp1-W4RNL.nec,ok,ok,0.012917260639369488,0.010179804172366858,,0
cebik-w4rnl/models/Phased-Arrays/nec/28-phased-gammas-1-HB9CV.nec,ok,ok,0.01771129807457328,0.012638301122933626,,0
cebik-w4rnl/models/Phased-Arrays/nec/28-phased35o-50-W4RNL.nec,ok,ok,0.1919358605518937,0.12168090092018247,1.5774,1
cebik-w4rnl/models/Phased-Arrays/nec/28-phasedsplit50o-50-W4RNL.nec,ok,ok,0.004717462230473757,0.00493383314460516,,0
cebik-w4rnl/models/Phased-Arrays/nec/28-shortel-stubs-50-N7CL.nec,ok,ok,0.12321701785549521,0.06955533754080534,1.7715,1
cebik-w4rnl/models/Phased-Arrays/nec/28-shortel-stubstack-50-N7CL.nec,ok,ok,0.23770046839490533,0.09628409147262573,2.4687,1
cebik-w4rnl/models/Phased-Arrays/nec/28-swissquad-14.nec,ok,ok,0.010585479438304901,0.008762744721025229,,0
cebik-w4rnl/models/Phased-Arrays/nec/28-zlsp-udp-75-W4RNL.nec,ok,ok,0.12877536285668612,0.07188063533976674,1.7915,1
cebik-w4rnl/models/Phased-Arrays/nec/28-zlsporig-1-ZL3MH.nec,ok,ok,0.13808562560006976,0.07134699914604425,1.9354,1
cebik-w4rnl/models/Phased-Arrays/nec/28-zlsptrombone-ARRL.nec,ok,ok,0.19060367718338966,0.08773719146847725,2.1724,1
cebik-w4rnl/models/Phased-Arrays/nec/284-turnstilequad-milsat-ez.nec,ok,ok,0.5769817922264338,0.14490216644480824,3.9819,1
cebik-w4rnl/models/Phased-Arrays/nec/300-11eldplarray.nec,ok,ok,0.09195016929879785,0.04479498881846666,,0
cebik-w4rnl/models/Phased-Arrays/nec/300-20eldplarray.nec,ok,ok,0.15652576414868236,0.07376790326088667,2.1219,1
cebik-w4rnl/models/Phased-Arrays/nec/300-30eldplarray.nec,ok,ok,0.2679585414007306,0.11383410217240453,2.3539,1
cebik-w4rnl/models/Phased-Arrays/nec/300-40eldplarray.nec,ok,ok,0.4101296169683337,0.16222300380468369,2.5282,1
cebik-w4rnl/models/Phased-Arrays/nec/300-50dplarray.nec,ok,ok,0.5843732221983373,0.20892731798812747,2.7970,1
cebik-w4rnl/models/Phased-Arrays/nec/3r6-2x4elphased-K8UR.nec,ok,ok,0.839763374067843,0.3408481925725937,2.4637,1
cebik-w4rnl/models/Phased-Arrays/nec/3r6-4elphased-lowbend-K8UR.nec,ok,ok,0.45599433965981007,0.21842230716720223,2.0877,1
cebik-w4rnl/models/Phased-Arrays/nec/3r6-4elphased-midelbend-K8UR.nec,ok,ok,0.3235975205898285,0.16039919713512063,2.0175,1
cebik-w4rnl/models/Phased-Arrays/nec/3r6-8jk-12.nec,ok,ok,0.35488789062947035,0.22100079711526632,1.6058,1
cebik-w4rnl/models/Phased-Arrays/nec/3r6-bruce-3sect-12.nec,ok,ok,0.3144441479817033,0.19040757091715932,1.6514,1
cebik-w4rnl/models/Phased-Arrays/nec/3r6-bruce-4sect-12.nec,ok,ok,0.31489657517522573,0.19207848142832518,1.6394,1
cebik-w4rnl/models/Phased-Arrays/nec/3r6-bruce-5sect-12.nec,ok,ok,0.3758611222729087,0.24029941158369184,1.5641,1
cebik-w4rnl/models/Phased-Arrays/nec/3r6-halfwldr+6parguy-sngnd.nec,ok,ok,0.6414093617349863,0.31063150335103273,2.0649,1
cebik-w4rnl/models/Phased-Arrays/nec/3r6-phasedrect-10-N2DT.nec,ok,ok,0.3533098460175097,0.2018606262281537,1.7503,1
cebik-w4rnl/models/Phased-Arrays/nec/3r6-sterba-12.nec,ok,ok,0.6355592105537653,0.2687268299050629,2.3651,1
cebik-w4rnl/models/Phased-Arrays/nec/3r6-sterba-ctrfed-12.nec,ok,ok,0.5860256422311068,0.25670588575303555,2.2829,1
cebik-w4rnl/models/Phased-Arrays/nec/3r9-halfwldr+6parguy-sngnd.nec,ok,ok,0.5670647309161723,0.26311604119837284,2.1552,1
cebik-w4rnl/models/Phased-Arrays/nec/432-col-coilmatch.nec,ok,ok,0.09710357710719109,0.04320790618658066,,0
cebik-w4rnl/models/Phased-Arrays/nec/432-col-indloadmatch.nec,ok,ok,0.05999304773285985,0.0297490069642663,,0
cebik-w4rnl/models/Phased-Arrays/nec/436-moxrectturnstile-sat-12.nec,ok,ok,0.16840362222865224,0.086569270119071,1.9453,1
cebik-w4rnl/models/Phased-Arrays/nec/436-turnstileYagi-sat.nec,ok,ok,0.3855702793225646,0.12063336558640003,3.1962,1
cebik-w4rnl/models/Phased-Arrays/nec/50-edzlazyh-fs-14.nec,ok,ok,0.010582185350358486,0.008298948407173157,,0
cebik-w4rnl/models/Phased-Arrays/nec/5r4-2x4elphased-K8UR.nec,ok,ok,0.8452956001274288,0.34500250685960054,2.4501,1
cebik-w4rnl/models/Phased-Arrays/nec/5r4-4elphased-lowbend-K8UR.nec,ok,ok,0.46393406856805086,0.21929472545161843,2.1156,1
cebik-w4rnl/models/Phased-Arrays/nec/5r4-4elphased-midelbend-K8UR.nec,ok,ok,0.3182429550215602,0.15732938470318913,2.0228,1
cebik-w4rnl/models/Phased-Arrays/nec/5r4-halfwldr+6parguy-sngnd.nec,ok,ok,0.5809150403365493,0.2650100220926106,2.1920,1
cebik-w4rnl/models/Phased-Arrays/nec/7-2elphased-pergnd-2.nec,ok,ok,0.020193422678858042,0.012627964839339256,,0
cebik-w4rnl/models/Phased-Arrays/nec/7-2xhalfwldr+6parguy-sngnd.nec,ok,ok,1.3306520693004131,0.4203364006243646,3.1657,1
cebik-w4rnl/models/Phased-Arrays/nec/7-4square phased verts.nec,ok,ok,0.009274958167225122,0.007589284796267748,,0
cebik-w4rnl/models/Phased-Arrays/nec/7-halfwldr+6parguy-sngnd.nec,ok,ok,0.5766788655892015,0.26259005162864923,2.1961,1
cebik-w4rnl/models/Phased-Arrays/nec/903-vertmonoYagis-inphasefed.nec,ok,ok,0.012529573868960142,0.008635637816041708,,0
cebik-w4rnl/models/Quads/nec/10-2eloptquad-12.nec,ok,ok,0.014632414560765028,0.009973933454602957,,0
cebik-w4rnl/models/Quads/nec/10-3elopthgquad-12.nec,ok,ok,0.01574460230767727,0.012201858218759298,,0
cebik-w4rnl/models/Quads/nec/10-3eloptwbquad-12.nec,ok,ok,0.015856796875596046,0.012024059426039457,,0
cebik-w4rnl/models/Quads/nec/10-4eloptquad-12.nec,ok,ok,0.021260364912450314,0.014670610893517733,,0
cebik-w4rnl/models/Quads/nec/1296-2eloptquad-12.nec,ok,ok,0.014879675582051277,0.010278053116053343,,0
cebik-w4rnl/models/Quads/nec/1296-3elopthgquad-12.nec,ok,ok,0.015958229079842567,0.012380684725940228,,0
cebik-w4rnl/models/Quads/nec/1296-3eloptwbquad-12.nec,ok,ok,0.01585076656192541,0.012215411756187677,,0
cebik-w4rnl/models/Quads/nec/1296-4eloptquad-12.nec,ok,ok,0.021294725593179464,0.01453637145459652,,0
cebik-w4rnl/models/Quads/nec/14-1elloop-diamond-14.nec,ok,ok,0.014538008719682693,0.01108143012970686,,0
cebik-w4rnl/models/Quads/nec/14-28-2b2elquad-14-1feed.nec,ok,ok,0.2819988359697163,0.14984684018418193,1.8819,1
cebik-w4rnl/models/Quads/nec/14-28-2b2elquad-14-widesp.nec,ok,ok,0.01726331003010273,0.012829899322241545,,0
cebik-w4rnl/models/Quads/nec/14-2eloptquad-12.nec,ok,ok,0.014889484737068415,0.012258878909051418,,0
cebik-w4rnl/models/Quads/nec/14-2elquad-sq-14-medsp.nec,ok,ok,0.01578320749104023,0.010875320993363857,,0
cebik-w4rnl/models/Quads/nec/14-2elquad-sq-14-smallsp.nec,ok,ok,0.015644275583326817,0.00871133292093873,,0
cebik-w4rnl/models/Quads/nec/14-2elquad-sq-widesp.nec,ok,ok,0.0069834948517382145,0.007053869776427746,,0
cebik-w4rnl/models/Quads/nec/14-3elopthgquad-12.nec,ok,ok,0.016284041106700897,0.01201104000210762,,0
cebik-w4rnl/models/Quads/nec/14-3eloptwbquad-12.nec,ok,ok,0.015787286683917046,0.011874882504343987,,0
cebik-w4rnl/models/Quads/nec/14-3elquad-12-W6SAI.nec,ok,ok,0.027166361920535564,0.015257480554282665,,0
cebik-w4rnl/models/Quads/nec/14-3elquad-14-K2OB.nec,ok,ok,0.02711914898827672,0.015572639182209969,,0
cebik-w4rnl/models/Quads/nec/14-3elquad-14-Yagisp.nec,ok,ok,0.027617971878498793,0.017867511603981256,,0
cebik-w4rnl/models/Quads/nec/14-4eloptquad-12.nec,ok,ok,0.021456115413457155,0.01721985498443246,,0
cebik-w4rnl/models/Quads/nec/14-5elquad-10-eqsp-W4RNL.nec,ok,ok,0.07242959458380938,0.034281183034181595,,0
cebik-w4rnl/models/Quads/nec/14-5elquad-14-K2OB-80ft.nec,ok,ok,0.06433921726420522,0.02882736874744296,,0
cebik-w4rnl/models/Quads/nec/14-5elquad-14-K2OB.nec,ok,ok,0.06327063078060746,0.02899383334442973,,0
cebik-w4rnl/models/Quads/nec/14-6elquad-8.nec,ok,ok,0.09797022398561239,0.042461525183171034,,0
cebik-w4rnl/models/Quads/nec/144-2eloptquad-12.nec,ok,ok,0.01491339597851038,0.011899013072252274,,0
cebik-w4rnl/models/Quads/nec/144-3eloctagon-50.nec,ok,ok,0.014545624610036612,0.011151853017508984,,0
cebik-w4rnl/models/Quads/nec/144-3elopthgquad-12.nec,ok,ok,0.016134712379425764,0.011910526547580957,,0
cebik-w4rnl/models/Quads/nec/144-3eloptwbquad-12.nec,ok,ok,0.015901544596999884,0.011856131721287966,,0
cebik-w4rnl/models/Quads/nec/144-4eloptquad-12.nec,ok,ok,0.021384375169873238,0.014113924466073513,,0
cebik-w4rnl/models/Quads/nec/144-6elquad-14.nec,ok,ok,0.11758782342076302,0.0427701105363667,,0
cebik-w4rnl/models/Quads/nec/18-24-2b5-6elquad-W4RNL.nec,ok,ok,0.2172026145271957,0.08576545538380742,2.5325,1
cebik-w4rnl/models/Quads/nec/18-2eloptquad-12.nec,ok,ok,0.014912130311131477,0.010104187298566103,,0
cebik-w4rnl/models/Quads/nec/18-2elquad-sq-14-679ftsp.nec,ok,ok,0.009750926401466131,0.008248095400631428,,0
cebik-w4rnl/models/Quads/nec/18-2elquad-sq-14-944ftsp.nec,ok,ok,0.01567800296470523,0.010603484697639942,,0
cebik-w4rnl/models/Quads/nec/18-3elopthgquad-12.nec,ok,ok,0.01586155127733946,0.014437501784414053,,0
cebik-w4rnl/models/Quads/nec/18-3eloptwbquad.nec,ok,ok,0.024421392008662224,0.012123327236622572,,0
cebik-w4rnl/models/Quads/nec/18-3elquad-14-reversible-AA2NN.nec,ok,ok,0.35618901206180453,0.1901335665024817,1.8734,1
cebik-w4rnl/models/Quads/nec/18-3elquad-14.nec,ok,ok,0.3543431479483843,0.1901874546892941,1.8631,1
cebik-w4rnl/models/Quads/nec/18-4eloptquad-12.nec,ok,ok,0.021334065590053797,0.014070808421820402,,0
cebik-w4rnl/models/Quads/nec/21-28-2b2elquad-14-spider.nec,ok,ok,0.013395023066550493,0.010946412105113268,,0
cebik-w4rnl/models/Quads/nec/21-2eloptquad-12.nec,ok,ok,0.014770171605050564,0.010059590451419353,,0
cebik-w4rnl/models/Quads/nec/21-2elquad-sq-14-580ftsp.nec,ok,ok,0.006825299467891455,0.006055048666894436,,0
cebik-w4rnl/models/Quads/nec/21-2elquad-sq-14-8ftsp.nec,ok,ok,0.015524729620665312,0.010662685614079237,,0
cebik-w4rnl/models/Quads/nec/21-2elquad-sq-18-ARRL.nec,ok,ok,0.00968249375000596,0.007981591857969761,,0
cebik-w4rnl/models/Quads/nec/21-3elopthgquad-12.nec,ok,ok,0.015682384837418795,0.012275094166398048,,0
cebik-w4rnl/models/Quads/nec/21-3eloptwbquad-12.nec,ok,ok,0.01590295461937785,0.012512849178165197,,0
cebik-w4rnl/models/Quads/nec/21-4eloptquad-12.nec,ok,ok,0.021444054320454597,0.014459730591624975,,0
cebik-w4rnl/models/Quads/nec/21-5elquad-14-eqsp-W4RNL.nec,ok,ok,0.07239069370552897,0.03395158564671874,,0
cebik-w4rnl/models/Quads/nec/21-6elquad-8.nec,ok,ok,0.09815659839659929,0.042417896911501884,,0
cebik-w4rnl/models/Quads/nec/220-2eloptquad-12.nec,ok,ok,0.014979458414018154,0.01006158022210002,,0
cebik-w4rnl/models/Quads/nec/220-3elopthgquad-12.nec,ok,ok,0.016234975773841143,0.011889706365764141,,0
cebik-w4rnl/models/Quads/nec/220-3eloptwbquad-12.nec,ok,ok,0.016003429424017668,0.012129573617130518,,0
cebik-w4rnl/models/Quads/nec/220-4eloptquad-12.nec,ok,ok,0.021360772661864758,0.014507030602544546,,0
cebik-w4rnl/models/Quads/nec/24-1elloop-diamond-14.nec,ok,ok,0.029938535764813423,0.016903945244848728,,0
cebik-w4rnl/models/Quads/nec/24-1elloop-diamond-load-14.nec,ok,ok,0.037232554983347654,0.020889168605208397,,0
cebik-w4rnl/models/Quads/nec/24-2eloptquad-12.nec,ok,ok,0.014816651586443186,0.01012309268116951,,0
cebik-w4rnl/models/Quads/nec/24-2elquad-dia-14-675ftsp.nec,ok,ok,0.04860747745260596,0.024920477997511625,,0
cebik-w4rnl/models/Quads/nec/24-2elquad-sq-14-5ftsp.nec,ok,ok,0.006084737367928028,0.005762085784226656,,0
cebik-w4rnl/models/Quads/nec/24-2elquad-sq-14-685ftsp.nec,ok,ok,0.015539752785116434,0.01053303200751543,,0
cebik-w4rnl/models/Quads/nec/24-3elopthgquad-12.nec,ok,ok,0.015828752890229225,0.012082567904144526,,0
cebik-w4rnl/models/Quads/nec/24-3eloptwbquad-12.nec,ok,ok,0.01584415091201663,0.011928538791835308,,0
cebik-w4rnl/models/Quads/nec/24-4eloptquad-12.nec,ok,ok,0.02130652917549014,0.014481130056083202,,0
cebik-w4rnl/models/Quads/nec/28-1elloop-1.nec,ok,ok,0.009146889671683311,0.00959079572930932,,0
cebik-w4rnl/models/Quads/nec/28-1elloop-14.nec,ok,ok,0.008918770588934422,0.007444106973707676,,0
cebik-w4rnl/models/Quads/nec/28-1elloop-load-14.nec,ok,ok,0.011371676810085773,0.009094428271055222,,0
cebik-w4rnl/models/Quads/nec/28-2eldeltaloop-14.nec,ok,ok,0.028882091399282217,0.017115158960223198,,0
cebik-w4rnl/models/Quads/nec/28-2eloptquad-12.nec,ok,ok,0.014807545114308596,0.01001732749864459,,0
cebik-w4rnl/models/Quads/nec/28-2elquad-dia-load-14.nec,ok,ok,0.05149815045297146,0.027160509955137968,,0
cebik-w4rnl/models/Quads/nec/28-2elquad-sq-14-6ftsp.nec,ok,ok,0.015953170135617256,0.010677555575966835,,0
cebik-w4rnl/models/Quads/nec/28-2elquad-sq-14-medsp.nec,ok,ok,0.015717346221208572,0.010712557937949896,,0
cebik-w4rnl/models/Quads/nec/28-2elquad-sq-14-smallsp.nec,ok,ok,0.015616398770362139,0.01089494489133358,,0
cebik-w4rnl/models/Quads/nec/28-2elquad-sq-14-widesp.nec,ok,ok,0.015844269655644894,0.01111656054854393,,0
cebik-w4rnl/models/Quads/nec/28-2elquad-sq-14.nec,ok,ok,0.006999888923019171,0.006830383557826281,,0
cebik-w4rnl/models/Quads/nec/28-2elquad-sq-dblload-14.nec,ok,ok,0.08700284082442522,0.04116757307201624,,0
cebik-w4rnl/models/Quads/nec/28-2elquad-sq-load-14.nec,ok,ok,0.04908780613914132,0.02553199650719762,,0
cebik-w4rnl/models/Quads/nec/28-2elquad-sq-load.nec,ok,ok,0.027772737201303244,0.015759977512061596,,0
cebik-w4rnl/models/Quads/nec/28-2elswissdelta-14.nec,ok,ok,0.010346180759370327,0.00872850138694048,,0
cebik-w4rnl/models/Quads/nec/28-3elopthgquad-12.nec,ok,ok,0.01578827016055584,0.011736240237951279,,0
cebik-w4rnl/models/Quads/nec/28-3eloptwbquad-12.nec,ok,ok,0.015866934321820736,0.011979239992797375,,0
cebik-w4rnl/models/Quads/nec/28-3elquad-14-Yagisp.nec,ok,ok,0.027055309154093266,0.015511984471231699,,0
cebik-w4rnl/models/Quads/nec/28-3elquad-50-Yagisp.nec,ok,ok,0.02709704451262951,0.015031188726425171,,0
cebik-w4rnl/models/Quads/nec/28-4eloptquad-12.nec,ok,ok,0.021286861039698124,0.014236154034733772,,0
cebik-w4rnl/models/Quads/nec/28-5elquad-16-eqsp-W4RNL.nec,ok,ok,0.07263553561642766,0.03405540529638529,,0
cebik-w4rnl/models/Quads/nec/28-6elquad-8.nec,ok,ok,0.09841683087870479,0.048902084585279226,,0
cebik-w4rnl/models/Quads/nec/28-birdcage-dri-14.nec,ok,ok,0.018496966920793056,0.012979316059499979,,0
cebik-w4rnl/models/Quads/nec/28-birdcage-ref-14.nec,ok,ok,0.02729482715949416,0.013216699939221144,,0
cebik-w4rnl/models/Quads/nec/3band2elquad-14-1feed-a.nec,ok,ok,0.5675553297623992,0.22426204849034548,2.5308,1
cebik-w4rnl/models/Quads/nec/3band2elquad-14-1feed.nec,ok,ok,0.37819525925442576,0.1714871907606721,2.2054,1
cebik-w4rnl/models/Quads/nec/3band4elquad-12-ARRL.nec,ok,ok,0.0952322231605649,0.04369908198714256,,0
cebik-w4rnl/models/Quads/nec/3r6-2eloptquad-12.nec,ok,ok,0.014807568397372961,0.010115785524249077,,0
cebik-w4rnl/models/Quads/nec/3r6-3elopthgquad-12.nec,ok,ok,0.015865842811763287,0.011984458193182945,,0
cebik-w4rnl/models/Quads/nec/3r6-3eloptwbquad-12.nec,ok,ok,0.015900219790637493,0.011945064645260572,,0
cebik-w4rnl/models/Quads/nec/3r6-4eloptquad-12.nec,ok,ok,0.021349269896745682,0.014039546716958284,,0
cebik-w4rnl/models/Quads/nec/3r9-2eloptquad-12.nec,ok,ok,0.014717464800924063,0.010318090673536062,,0
cebik-w4rnl/models/Quads/nec/3r9-3elopthgquad-12.nec,ok,ok,0.015826798975467682,0.012023173738270998,,0
cebik-w4rnl/models/Quads/nec/3r9-3eloptwbquad-12.nec,ok,ok,0.015844302717596292,0.012290889397263527,,0
cebik-w4rnl/models/Quads/nec/3r9-4eloptquad-12.nec,ok,ok,0.021369049791246653,0.014253620058298111,,0
cebik-w4rnl/models/Quads/nec/432-2eloptquad-12.nec,ok,ok,0.014696638565510511,0.010331898462027311,,0
cebik-w4rnl/models/Quads/nec/432-3elopthgquad-12.nec,ok,ok,0.01580665959045291,0.012044521979987621,,0
cebik-w4rnl/models/Quads/nec/432-3eloptwbquad-12.nec,ok,ok,0.01624447712674737,0.012055622413754463,,0
cebik-w4rnl/models/Quads/nec/432-4eloptquad-12.nec,ok,ok,0.021367068402469158,0.014032675884664059,,0
cebik-w4rnl/models/Quads/nec/50-2eloptquad-12.nec,ok,ok,0.014689404051750898,0.010294769890606403,,0
cebik-w4rnl/models/Quads/nec/50-3elopthgquad-12.nec,ok,ok,0.01577221229672432,0.012260415591299534,,0
cebik-w4rnl/models/Quads/nec/50-3eloptwbquad-12.nec,ok,ok,0.015737670473754406,0.012161595281213522,,0
cebik-w4rnl/models/Quads/nec/50-4eloptquad-12.nec,ok,ok,0.02146329591050744,0.014028274919837713,,0
cebik-w4rnl/models/Quads/nec/5band2elquad-planar-KC6T.nec,ok,ok,0.07015511859208345,0.03734919521957636,,0
cebik-w4rnl/models/Quads/nec/5band2elquad-spider-125wlsp.nec,ok,ok,0.06960319401696324,0.03729879669845104,,0
cebik-w4rnl/models/Quads/nec/5band2elquad-spider-174wlsp.nec,ok,ok,0.07117761578410864,0.036665262188762426,,0
cebik-w4rnl/models/Quads/nec/5band2elquad-spider-opt.nec,ok,ok,0.07149749528616667,0.03718673251569271,,0
cebik-w4rnl/models/Quads/nec/5band2elquad-spider-widesp.nec,ok,ok,0.08114114496856928,0.04288974218070507,,0
cebik-w4rnl/models/Quads/nec/5band3elquad-14-ON7NQ.nec,ok,ok,0.14225644478574395,0.06549771735444665,2.1719,1
cebik-w4rnl/models/Quads/nec/5band3elquad-14-sepfeed.nec,ok,ok,0.14336393307894468,0.06618084805086255,2.1662,1
cebik-w4rnl/models/Quads/nec/5band3r5elquad-12-ON7NQ.nec,ok,ok,0.18131032213568687,0.08344387216493487,2.1728,1
cebik-w4rnl/models/Quads/nec/5band4-5elquad-12-W4RNL.nec,ok,ok,0.3130021868273616,0.12264003697782755,2.5522,1
cebik-w4rnl/models/Quads/nec/5band4-5elquad-ON7NQ.nec,ok,ok,0.1090153600089252,0.060413651168346405,1.8045,1
cebik-w4rnl/models/Quads/nec/5band4elquad-12-GI0KVQ.nec,ok,ok,0.25913069071248174,0.10158696444705129,2.5508,1
cebik-w4rnl/models/Quads/nec/5band5-6elquad-12-W4RNL.nec,ok,ok,0.3598054312169552,0.14347275020554662,2.5078,1
cebik-w4rnl/models/Quads/nec/5r4-2eloptquad-12.nec,ok,ok,0.014803898520767689,0.010126953478902578,,0
cebik-w4rnl/models/Quads/nec/5r4-3elopthgquad-12.nec,ok,ok,0.015896094497293234,0.012178696226328611,,0
cebik-w4rnl/models/Quads/nec/5r4-3eloptwbquad-12.nec,ok,ok,0.015860396437346935,0.011864607688039541,,0
cebik-w4rnl/models/Quads/nec/5r4-4eloptquad-12.nec,ok,ok,0.02127355244010687,0.014518740121275187,,0
cebik-w4rnl/models/Quads/nec/7-2eloptquad-12.nec,ok,ok,0.014787294436246157,0.010042902547866106,,0
cebik-w4rnl/models/Quads/nec/7-3elopthgquad-12.nec,ok,ok,0.01585960341617465,0.011970860417932272,,0
cebik-w4rnl/models/Quads/nec/7-3eloptwbquad-12.nec,ok,ok,0.015846756752580404,0.012451400514692068,,0
cebik-w4rnl/models/Quads/nec/7-4eloptquad-12.nec,ok,ok,0.021272412966936827,0.014089146628975868,,0
cebik-w4rnl/models/Quads/nec/903-2eloptquad-12.nec,ok,ok,0.014735822565853596,0.010361750144511461,,0
cebik-w4rnl/models/Quads/nec/903-3elopthgquad-12.nec,ok,ok,0.015824117232114077,0.011945073492825031,,0
cebik-w4rnl/models/Quads/nec/903-3eloptwbquad-12.nec,ok,ok,0.01580857764929533,0.01184710580855608,,0
cebik-w4rnl/models/Quads/nec/903-4eloptquad-12.nec,ok,ok,0.02141109574586153,0.013990404084324837,,0
cebik-w4rnl/models/VHF-UHF/nec/100-FMJpole.nec,ok,ok,0.13419604860246181,0.10203288681805134,1.3152,1
cebik-w4rnl/models/VHF-UHF/nec/100-batwing+reflector.nec,ok,ok,0.15285581722855568,0.07955285580828786,1.9214,1
cebik-w4rnl/models/VHF-UHF/nec/100-batwing-wbdipole.nec,ok,ok,0.03839739318937063,0.021671895869076252,,0
cebik-w4rnl/models/VHF-UHF/nec/100-dual-rhombic.nec,ok,ok,4.758592444006354,1.142168237362057,4.1663,1
cebik-w4rnl/models/VHF-UHF/nec/1296-20elYagi-DL6WU.nec,ok,ok,0.06451366003602743,0.029441743157804012,,0
cebik-w4rnl/models/VHF-UHF/nec/1296-32elYagi-DL6WU.nec,ok,ok,0.14071479393169284,0.06434262730181217,2.1870,1
cebik-w4rnl/models/VHF-UHF/nec/1296-cornerrefl+dipole.nec,ok,ok,0.5764521383680403,0.18855002149939537,3.0573,1
cebik-w4rnl/models/VHF-UHF/nec/1296-cornerrefl-vertical.nec,ok,ok,0.12768088607117534,0.05395283689722419,2.3665,1
cebik-w4rnl/models/VHF-UHF/nec/1296-dual-rhombic-QST.nec,ok,ok,1.2806105762720108,0.3464194224216044,3.6967,1
cebik-w4rnl/models/VHF-UHF/nec/144-10elOWAYagi.nec,ok,ok,0.02709053410217166,0.01611181301996112,,0
cebik-w4rnl/models/VHF-UHF/nec/144-10elYagi-DL6WU.nec,ok,ok,0.02399671357125044,0.014679726678878069,,0
cebik-w4rnl/models/VHF-UHF/nec/144-11elOWAYagi.nec,ok,ok,0.030412251595407724,0.0177785181440413,,0
cebik-w4rnl/models/VHF-UHF/nec/144-12elOWAYagi.nec,ok,ok,0.03637634590268135,0.019285122398287058,,0
cebik-w4rnl/models/VHF-UHF/nec/144-13elquagi.nec,ok,ok,0.02664317050948739,0.0154014159925282,,0
cebik-w4rnl/models/VHF-UHF/nec/144-2elquad-vertical.nec,ok,ok,0.09154071053490043,0.03332160599529743,,0
cebik-w4rnl/models/VHF-UHF/nec/144-2elquad.nec,ok,ok,0.01600758172571659,0.01093119103461504,,0
cebik-w4rnl/models/VHF-UHF/nec/144-3elhalfsquare.nec,ok,ok,0.08871487993746996,0.03283785982057452,,0
cebik-w4rnl/models/VHF-UHF/nec/144-3elwbYagi-W6SAI.nec,ok,ok,0.01046261889860034,0.008419400081038475,,0
cebik-w4rnl/models/VHF-UHF/nec/144-58gp.nec,ok,ok,0.276462122797966,0.09649101505056024,2.8652,1
cebik-w4rnl/models/VHF-UHF/nec/144-6elOWAYagi.nec,ok,ok,0.015403026714920998,0.011423951480537653,,0
cebik-w4rnl/models/VHF-UHF/nec/144-7elOWAYagi.nec,ok,ok,0.018045122735202312,0.01294605853036046,,0
cebik-w4rnl/models/VHF-UHF/nec/144-8elOWAYagi.nec,ok,ok,0.020567988511174917,0.013623800128698349,,0
cebik-w4rnl/models/VHF-UHF/nec/144-9elOWAYagi.nec,ok,ok,0.023648549802601337,0.015386187005788088,,0
cebik-w4rnl/models/VHF-UHF/nec/144-collinear-vertical.nec,ok,ok,0.055535470601171255,0.03498351667076349,,0
cebik-w4rnl/models/VHF-UHF/nec/144-dipole-vertical.nec,ok,ok,0.02129810443148017,0.016428320668637753,,0
cebik-w4rnl/models/VHF-UHF/nec/144-edz-delayline.nec,ok,ok,0.036783294286578894,0.019958581775426865,,0
cebik-w4rnl/models/VHF-UHF/nec/144-edz.nec,ok,ok,0.010762256104499102,0.008595725055783987,,0
cebik-w4rnl/models/VHF-UHF/nec/144-moxrect-1.nec,ok,ok,0.007310851942747831,0.00681040296331048,,0
cebik-w4rnl/models/VHF-UHF/nec/144-moxrect-125.nec,ok,ok,0.008005316369235516,0.007311677560210228,,0
cebik-w4rnl/models/VHF-UHF/nec/144-quadloop-vertical.nec,ok,ok,0.03928289469331503,0.01822180300951004,,0
cebik-w4rnl/models/VHF-UHF/nec/220-10elOWAYagi.nec,ok,ok,0.026925033889710903,0.016068667639046907,,0
cebik-w4rnl/models/VHF-UHF/nec/220-11elOWAYagi.nec,ok,ok,0.030624681618064642,0.017782527022063732,,0
cebik-w4rnl/models/VHF-UHF/nec/220-12elOWAYagi+2ref.nec,ok,ok,0.03988700220361352,0.020511614624410868,,0
cebik-w4rnl/models/VHF-UHF/nec/220-12elOWAYagi.nec,ok,ok,0.03438929142430425,0.018900964874774218,,0
cebik-w4rnl/models/VHF-UHF/nec/220-12elYagi-DL6WU.nec,ok,ok,0.03002610243856907,0.017544965259730816,,0
cebik-w4rnl/models/VHF-UHF/nec/220-13elYagi-SM5BSZ.nec,ok,ok,0.038716462440788746,0.020789916161447763,,0
cebik-w4rnl/models/VHF-UHF/nec/220-13elquagi-Buchanen.nec,ok,ok,0.02572528552263975,0.015598433557897806,,0
cebik-w4rnl/models/VHF-UHF/nec/220-14elYagi-W4RNL.nec,ok,ok,0.020835994742810726,0.016050500329583883,,0
cebik-w4rnl/models/VHF-UHF/nec/220-15elYagi-Buchanan.nec,ok,ok,0.022302433382719755,0.016774555202573538,,0
cebik-w4rnl/models/VHF-UHF/nec/220-16elYagi-DL6WU.nec,ok,ok,0.0452335556037724,0.02276353258639574,,0
cebik-w4rnl/models/VHF-UHF/nec/220-18elYagi-DL6WU.nec,ok,ok,0.053969860542565584,0.025809811893850565,,0
cebik-w4rnl/models/VHF-UHF/nec/220-21elYagi-DL6WU.nec,ok,ok,0.0689903236925602,0.031827402766793966,,0
cebik-w4rnl/models/VHF-UHF/nec/220-26elYagi-Dl6WU.nec,ok,ok,0.0981390830129385,0.04147659335285425,,0
cebik-w4rnl/models/VHF-UHF/nec/220-27elYagi-DJ9BV.nec,ok,ok,0.044154598377645016,0.0223552118986845,,0
cebik-w4rnl/models/VHF-UHF/nec/220-33elYagi.nec,ok,ok,0.14872147468850017,0.05894311750307679,2.5231,1
cebik-w4rnl/models/VHF-UHF/nec/220-3elYagi.nec,ok,ok,0.006290189456194639,0.006312936078757048,,0
cebik-w4rnl/models/VHF-UHF/nec/220-4elwbYagi.nec,ok,ok,0.009341433178633451,0.007776002865284681,,0
cebik-w4rnl/models/VHF-UHF/nec/220-6elOWAYagi-a.nec,ok,ok,0.015134918037801981,0.01353992335498333,,0
cebik-w4rnl/models/VHF-UHF/nec/220-6elOWAYagi.nec,ok,ok,0.015708062332123518,0.011267964262515306,,0
cebik-w4rnl/models/VHF-UHF/nec/220-7elOWAYagi-a.nec,ok,ok,0.018086958210915327,0.01266304636374116,,0
cebik-w4rnl/models/VHF-UHF/nec/220-7elOWAYagi.nec,ok,ok,0.017967363819479942,0.012881488539278507,,0
cebik-w4rnl/models/VHF-UHF/nec/220-8elOWAYagi-a.nec,ok,ok,0.020753645803779364,0.013661832083016634,,0
cebik-w4rnl/models/VHF-UHF/nec/220-8elOWAYagi.nec,ok,ok,0.014755669515579939,0.011408245656639338,,0
cebik-w4rnl/models/VHF-UHF/nec/220-9elOWAYagi.nec,ok,ok,0.023758375085890293,0.015141732525080442,,0
cebik-w4rnl/models/VHF-UHF/nec/300-Lindenblad.nec,ok,ok,0.009570714551955462,0.0076186698861420155,,0
cebik-w4rnl/models/VHF-UHF/nec/300-turnstile-dipoles.nec,ok,ok,0.006974285002797842,0.006592790596187115,,0
cebik-w4rnl/models/VHF-UHF/nec/432-10elOWAYagi-14.nec,ok,ok,0.02673880523070693,0.016258396208286285,,0
cebik-w4rnl/models/VHF-UHF/nec/432-10elYagi-DL6WU.nec,ok,ok,0.02393995551392436,0.017461261712014675,,0
cebik-w4rnl/models/VHF-UHF/nec/432-11elOWAYagi-14.nec,ok,ok,0.03038881439715624,0.01737733231857419,,0
cebik-w4rnl/models/VHF-UHF/nec/432-12elOWAYagi+2ref-4mm.nec,ok,ok,0.04293387150391936,0.022239847108721733,,0
cebik-w4rnl/models/VHF-UHF/nec/432-12elOWAYagi-10mm.nec,ok,ok,0.03430356318131089,0.018533980473876,,0
cebik-w4rnl/models/VHF-UHF/nec/432-12elOWAYagi-14.nec,ok,ok,0.03433122346177697,0.018881522119045258,,0
cebik-w4rnl/models/VHF-UHF/nec/432-12elOWAYagi-4mm.nec,ok,ok,0.043177721090614796,0.02196621848270297,,0
cebik-w4rnl/models/VHF-UHF/nec/432-14elYagi-DL6WU.nec,ok,ok,0.0369940334931016,0.0195168717764318,,0
cebik-w4rnl/models/VHF-UHF/nec/432-16elYagi-DL6WU.nec,ok,ok,0.04540375107899308,0.022630721796303988,,0
cebik-w4rnl/models/VHF-UHF/nec/432-18elYagi-DL6WU.nec,ok,ok,0.05386068392544985,0.02659735642373562,,0
cebik-w4rnl/models/VHF-UHF/nec/432-18elYagi.nec,ok,ok,0.05401222687214613,0.025852876715362072,,0
cebik-w4rnl/models/VHF-UHF/nec/432-20elYagi-DL6WU.nec,ok,ok,0.06398789584636688,0.029747663531452417,,0
cebik-w4rnl/models/VHF-UHF/nec/432-21-elOWAYagi-4mm.nec,ok,ok,0.07697739778086543,0.0340053248219192,,0
cebik-w4rnl/models/VHF-UHF/nec/432-21elYagi-DL6WU.nec,ok,ok,0.06910780956968665,0.031186578329652548,,0
cebik-w4rnl/models/VHF-UHF/nec/432-25elYagi.nec,ok,ok,0.09178152866661549,0.039750601164996624,,0
cebik-w4rnl/models/VHF-UHF/nec/432-26elYagi-DL6WU.nec,ok,ok,0.09847789164632559,0.041431112214922905,,0
cebik-w4rnl/models/VHF-UHF/nec/432-26elYagi-SM5BSZ.nec,ok,ok,0.09817799273878336,0.04183449549600482,,0
cebik-w4rnl/models/VHF-UHF/nec/432-27elYagi-DJ9BV.nec,ok,ok,0.10441713780164719,0.043723400216549635,,0
cebik-w4rnl/models/VHF-UHF/nec/432-31elYagi.nec,ok,ok,0.1335013471543789,0.05395787302404642,2.4742,1
cebik-w4rnl/models/VHF-UHF/nec/432-32elYagi-DL6WU.nec,ok,ok,0.14111875230446458,0.055946012027561665,2.5224,1
cebik-w4rnl/models/VHF-UHF/nec/432-32elwbYagi-VK3AUU.nec,ok,ok,0.14110728120431304,0.05574536323547363,2.5313,1
cebik-w4rnl/models/VHF-UHF/nec/432-40elYagi-K1FO.nec,ok,ok,0.2123650424182415,0.07818169379606843,2.7163,1
cebik-w4rnl/models/VHF-UHF/nec/432-41elwbYagi-VK3AUU.nec,ok,ok,0.22077303705736995,0.08141261665150523,2.7118,1
cebik-w4rnl/models/VHF-UHF/nec/432-43elYagi-VE7SQB.nec,ok,ok,0.24112841999158263,0.08766700327396393,2.7505,1
cebik-w4rnl/models/VHF-UHF/nec/432-4elwbYagi-W4RNL.nec,ok,ok,0.00793860899284482,0.007178052328526974,,0
cebik-w4rnl/models/VHF-UHF/nec/432-58gp.nec,ok,ok,0.03374140430241823,0.02258964953944087,,0
cebik-w4rnl/models/VHF-UHF/nec/432-58splitvertical-WA6SVT.nec,ok,ok,0.05736128147691488,0.022863630671054125,,0
cebik-w4rnl/models/VHF-UHF/nec/432-6elOWAYagi-14.nec,ok,ok,0.015209191013127565,0.011442390270531178,,0
cebik-w4rnl/models/VHF-UHF/nec/432-6elwbYagi-W4RNL.nec,ok,ok,0.010195243638008833,0.008442712016403675,,0
cebik-w4rnl/models/VHF-UHF/nec/432-7elOWAYagi-14.nec,ok,ok,0.017880659084767103,0.0126672787591815,,0
cebik-w4rnl/models/VHF-UHF/nec/432-8elOWAYagi-14.nec,ok,ok,0.020741570740938187,0.014111060183495283,,0
cebik-w4rnl/models/VHF-UHF/nec/432-8elYagi-ARRL.nec,ok,ok,0.014858170412480831,0.011320097371935844,,0
cebik-w4rnl/models/VHF-UHF/nec/432-8elYagi-DL6WU.nec,ok,ok,0.018788208719342947,0.013137204106897116,,0
cebik-w4rnl/models/VHF-UHF/nec/432-8elwbYagi-W4RNL.nec,ok,ok,0.014884367119520903,0.011101657059043646,,0
cebik-w4rnl/models/VHF-UHF/nec/432-8elwireYagi-14.nec,ok,ok,0.01372152054682374,0.01047115121036768,,0
cebik-w4rnl/models/VHF-UHF/nec/432-9elOWAYagi-14.nec,ok,ok,0.023669191170483828,0.015064369421452284,,0
cebik-w4rnl/models/VHF-UHF/nec/432-batwing+reflector.nec,ok,ok,0.4982179859653115,0.1991452262736857,2.5018,1
cebik-w4rnl/models/VHF-UHF/nec/432-batwing-wbdipole.nec,ok,ok,0.03827583556994796,0.021722049452364445,,0
cebik-w4rnl/models/VHF-UHF/nec/432-collinearvertical-GP.nec,ok,ok,0.0599776697345078,0.029687740374356508,,0
cebik-w4rnl/models/VHF-UHF/nec/432-cornerrefl+dipole-a.nec,ok,ok,0.15478210104629397,0.06282004294916987,2.4639,1
cebik-w4rnl/models/VHF-UHF/nec/432-cornerrefl+dipole-b.nec,ok,ok,0.5887365634553134,0.1772856032475829,3.3208,1
cebik-w4rnl/models/VHF-UHF/nec/432-cornerrefl+dipole.nec,ok,ok,0.29913860047236085,0.11000856664031744,2.7192,1
cebik-w4rnl/models/VHF-UHF/nec/432-cornerrefl-horiz.nec,ok,ok,1.2820919384248555,0.27918274654075503,4.5923,1
cebik-w4rnl/models/VHF-UHF/nec/432-cornerrefl-vertical.nec,ok,ok,0.12758440431207418,0.05447535403072834,2.3421,1
cebik-w4rnl/models/VHF-UHF/nec/432-cornerrefl-wiregrid-large.nec,ok,ok,2.9747156384401023,0.9051750134676695,3.2863,1
cebik-w4rnl/models/VHF-UHF/nec/432-cornerrefl-wiregrid-small.nec,ok,ok,0.19953473797068,0.10232567274942994,1.9500,1
cebik-w4rnl/models/VHF-UHF/nec/432-dbldiamond-wiregridplanarrefl.nec,ok,ok,0.7232300811447203,0.24215154070407152,2.9867,1
cebik-w4rnl/models/VHF-UHF/nec/432-flatcornerrefl+dipole.nec,ok,ok,0.19774643331766129,0.07936168555170298,2.4917,1
cebik-w4rnl/models/VHF-UHF/nec/432-tri-cornerrefl.nec,ok,ok,3.4527612682431936,1.0964633380062878,3.1490,1
cebik-w4rnl/models/VHF-UHF/nec/432-vertical-GP-125.nec,ok,ok,0.023833930026739836,0.01847696164622903,,0
cebik-w4rnl/models/VHF-UHF/nec/50-12elXquad-14.nec,ok,ok,0.10515261674299836,0.04619895154610276,,0
cebik-w4rnl/models/VHF-UHF/nec/50-2eldr-dirYagi.nec,ok,ok,0.006426288280636072,0.006301952060312033,,0
cebik-w4rnl/models/VHF-UHF/nec/50-2elwbYagi-W6SAI.nec,ok,ok,0.006522234529256821,0.0063519650138914585,,0
cebik-w4rnl/models/VHF-UHF/nec/50-3elquad-14.nec,ok,ok,0.026734923478215933,0.015141600277274847,,0
cebik-w4rnl/models/VHF-UHF/nec/50-3elwbYagi-W6SAI.nec,ok,ok,0.008120373822748661,0.0072066509164869785,,0
cebik-w4rnl/models/VHF-UHF/nec/50-4elhigainYagi-W1VT.nec,ok,ok,0.007283638697117567,0.006853289902210236,,0
cebik-w4rnl/models/VHF-UHF/nec/50-6elOWAYagi.nec,ok,ok,0.018213852308690548,0.01301776897162199,,0
cebik-w4rnl/models/VHF-UHF/nec/50-7elOWAYagi.nec,ok,ok,0.021708468906581402,0.014283453114330769,,0
cebik-w4rnl/models/VHF-UHF/nec/50-8elOWAYagi.nec,ok,ok,0.025811999570578337,0.015835898462682962,,0
cebik-w4rnl/models/VHF-UHF/nec/50-9elYagi-ON4ANT.nec,ok,ok,0.06688596121966839,0.03192669898271561,,0
cebik-w4rnl/models/VHF-UHF/nec/50-dipole-turnstile.nec,ok,ok,0.0974947470240295,0.06587788974866271,1.4799,1
cebik-w4rnl/models/VHF-UHF/nec/50-lazyH-phasedarray.nec,ok,ok,0.5174750895239413,0.13483772007748485,3.8378,1
cebik-w4rnl/models/VHF-UHF/nec/50-lazyH.nec,ok,ok,0.19775124033913016,0.08801436331123114,2.2468,1
cebik-w4rnl/models/VHF-UHF/nec/50-moxrect-14.nec,ok,ok,0.06486552162095904,0.024095906876027584,,0
cebik-w4rnl/models/VHF-UHF/nec/50-moxrect-50.nec,ok,ok,0.06717989826574922,0.024419360794126987,,0
cebik-w4rnl/models/VHF-UHF/nec/50-quad-turnstile.nec,ok,ok,0.19022274762392044,0.08725955709815025,2.1800,1
cebik-w4rnl/models/VHF-UHF/nec/50-quadrectangle-horiz.nec,ok,ok,0.012385320849716663,0.010022152215242386,,0
cebik-w4rnl/models/VHF-UHF/nec/850-dbldiamond-planarrefl.nec,ok,ok,0.041872965171933174,0.02317549753934145,,0
cebik-w4rnl/models/VHF-UHF/nec/903-20elYagi-DL6WU.nec,ok,ok,0.06414425000548363,0.029773508198559284,,0
cebik-w4rnl/models/VHF-UHF/nec/903-32elYagi-DL6WU.nec,ok,ok,0.14064976759254932,0.05606667883694172,2.5086,1
cebik-w4rnl/models/VHF-UHF/nec/903-cornerrefl-vertical.nec,ok,ok,0.1282588141039014,0.05385022796690464,2.3818,1
cebik-w4rnl/models/Verticals/nec/10-3elparasitic-sngnd.nec,ok,ok,0.4645239459350705,0.17111427104100585,2.7147,1
cebik-w4rnl/models/Verticals/nec/10-3elwireparasitic-sngnd.nec,ok,ok,0.1870329612866044,0.11413703905418515,1.6387,1
cebik-w4rnl/models/Verticals/nec/10-bobtailcurtain-14.nec,ok,ok,0.29775377456098795,0.18250787910073996,1.6315,1
cebik-w4rnl/models/Verticals/nec/10-dblrect-14.nec,ok,ok,0.3440434020012617,0.1954498654231429,1.7603,1
cebik-w4rnl/models/Verticals/nec/10-dpl-spiralhats-sngnd.nec,ok,ok,0.11620520427823067,0.07067449018359184,1.6442,1
cebik-w4rnl/models/Verticals/nec/10-halfsquare-12.nec,ok,ok,0.29774252139031887,0.1825816915370524,1.6307,1
cebik-w4rnl/models/Verticals/nec/10-hsbeam-12.nec,ok,ok,0.3281223298981786,0.19175035180523992,1.7112,1
cebik-w4rnl/models/Verticals/nec/10-quadloop-dia-12.nec,ok,ok,0.31599518470466137,0.1871909722685814,1.6881,1
cebik-w4rnl/models/Verticals/nec/10-quadloop-sq-12.nec,ok,ok,0.18671960616484284,0.12314207386225462,1.5163,1
cebik-w4rnl/models/Verticals/nec/10-rect-14.nec,ok,ok,0.29906708700582385,0.1820821724832058,1.6425,1
cebik-w4rnl/models/Verticals/nec/10-sterba-12.nec,ok,ok,0.6066263346001506,0.25997516931965947,2.3334,1
cebik-w4rnl/models/Verticals/nec/10-sterba-ctrfed-12.nec,ok,ok,0.5695241540670395,0.25565226655453444,2.2277,1
cebik-w4rnl/models/Verticals/nec/14-monopole-4rad.nec,ok,ok,0.341432916931808,0.20116898510605097,1.6972,1
cebik-w4rnl/models/Verticals/nec/14-monopole-4sloperad.nec,ok,ok,0.24028653325513005,0.14216047851368785,1.6902,1
cebik-w4rnl/models/Verticals/nec/144-14gp-45deg.nec,ok,ok,0.1478100512176752,0.058843893464654684,2.5119,1
cebik-w4rnl/models/Verticals/nec/144-14gp.nec,ok,ok,0.14450746541842818,0.057357306592166424,2.5194,1
cebik-w4rnl/models/Verticals/nec/144-14vertical-GP-fat.nec,ok,ok,0.055129341781139374,0.022293504793196917,,0
cebik-w4rnl/models/Verticals/nec/144-2elBobtail.nec,ok,ok,0.2980501283891499,0.08919518068432808,3.3415,1
cebik-w4rnl/models/Verticals/nec/144-2elhalfsquare.nec,ok,ok,0.05165086081251502,0.02164878649637103,,0
cebik-w4rnl/models/Verticals/nec/144-3eljpoleYagi-375.nec,ok,ok,0.5147967743687332,0.16095308307558298,3.1984,1
cebik-w4rnl/models/Verticals/nec/144-Jpole-50.nec,ok,ok,0.006595383398234844,0.006376279052346945,,0
cebik-w4rnl/models/Verticals/nec/144-Jpole58-375.nec,ok,ok,0.02401835797354579,0.011041420511901379,,0
cebik-w4rnl/models/Verticals/nec/144-edz-vertical.nec,ok,ok,0.0466659446246922,0.02506568329408765,,0
cebik-w4rnl/models/Verticals/nec/144-halfsquare.nec,ok,ok,0.023648287169635296,0.012015119194984436,,0
cebik-w4rnl/models/Verticals/nec/18-jpole-12.nec,ok,ok,0.009000572375953197,0.0063484348356723785,,0
cebik-w4rnl/models/Verticals/nec/1r8-dblrect-12.nec,ok,ok,0.36948311422020197,0.2115599401295185,1.7465,1
cebik-w4rnl/models/Verticals/nec/1r8-monopole-12rad-lentpr.nec,ok,ok,0.3582266424782574,0.2113610850647092,1.6949,1
cebik-w4rnl/models/Verticals/nec/1r8-monopole-4rad-lentpr.nec,ok,ok,0.3166342368349433,0.20227732881903648,1.5653,1
cebik-w4rnl/models/Verticals/nec/1r8-monopole-60rad-lentpr.nec,ok,ok,1.2605635542422533,0.38906426820904016,3.2400,1
cebik-w4rnl/models/Verticals/nec/1r8-rect-12.nec,ok,ok,0.32324878172948956,0.1993554444052279,1.6215,1
cebik-w4rnl/models/Verticals/nec/1r8-thatmonopole-mingnd.nec,ok,ok,0.007170983124524355,0.006375446449965239,,0
cebik-w4rnl/models/Verticals/nec/1r8-thatwiremonopole-mingnd.nec,ok,ok,0.008654835633933544,0.006615801248699427,,0
cebik-w4rnl/models/Verticals/nec/21-jpole-12.nec,ok,ok,0.006276566535234451,0.0060860528610646725,,0
cebik-w4rnl/models/Verticals/nec/24-jpole-12.nec,ok,ok,0.006238988135010004,0.006289438344538212,,0
cebik-w4rnl/models/Verticals/nec/28-jpole-12.nec,ok,ok,0.0061643850058317184,0.006044663023203611,,0
cebik-w4rnl/models/Verticals/nec/28-monopole-4rad.nec,ok,ok,0.3126954832114279,0.18356447713449597,1.7035,1
cebik-w4rnl/models/Verticals/nec/28-monopole-4sloperad.nec,ok,ok,0.12503673322498798,0.07294254936277866,1.7142,1
cebik-w4rnl/models/Verticals/nec/3-monopole-16hat-pergnd.nec,ok,ok,0.011586335022002459,0.008103317115455866,,0
cebik-w4rnl/models/Verticals/nec/3-monopole-16hat-perim-pergnd.nec,ok,ok,0.020735707599669695,0.013347999658435583,,0
cebik-w4rnl/models/Verticals/nec/3-monopole-4hat-pergnd.nec,ok,ok,0.0073439497500658035,0.006275495048612356,,0
cebik-w4rnl/models/Verticals/nec/3-monopole-4hat-perim-pergnd.nec,ok,ok,0.009225282352417707,0.00715772295370698,,0
cebik-w4rnl/models/Verticals/nec/300-11eldplarray.nec,ok,ok,0.07914672838523984,0.04502670280635357,,0
cebik-w4rnl/models/Verticals/nec/300-20eldplarray.nec,ok,ok,0.1554295625537634,0.07382239168509841,2.1055,1
cebik-w4rnl/models/Verticals/nec/300-30eldplarray.nec,ok,ok,0.26676184963434935,0.11284407367929816,2.3640,1
cebik-w4rnl/models/Verticals/nec/3r5-equidelta-fs-12.nec,ok,ok,0.008146387059241533,0.008707992266863585,,0
cebik-w4rnl/models/Verticals/nec/3r6-alt2shortequidelta-sngnd-12.nec,ok,ok,0.22459285473451018,0.13737916620448232,1.6348,1
cebik-w4rnl/models/Verticals/nec/3r6-alt3shortequidelta-sngnd-12.nec,ok,ok,0.23702078312635422,0.1372867152094841,1.7265,1
cebik-w4rnl/models/Verticals/nec/3r6-altshortequidelta-sngnd-12.nec,ok,ok,0.22808015951886773,0.1387447346933186,1.6439,1
cebik-w4rnl/models/Verticals/nec/3r6-bobtailbeam-12.nec,ok,ok,0.4057590290904045,0.23784692725166678,1.7060,1
cebik-w4rnl/models/Verticals/nec/3r6-bobtailcurtain-12.nec,ok,ok,0.3626999040134251,0.22327831154689193,1.6244,1
cebik-w4rnl/models/Verticals/nec/3r6-dbldelta-sngnd-12.nec,ok,ok,0.32277578860521317,0.19723643455654383,1.6365,1
cebik-w4rnl/models/Verticals/nec/3r6-dblrect-12.nec,ok,ok,0.35320508759468794,0.20223431987687945,1.7465,1
cebik-w4rnl/models/Verticals/nec/3r6-halfsquare-12.nec,ok,ok,0.3083665082231164,0.19007095554843545,1.6224,1
cebik-w4rnl/models/Verticals/nec/3r6-hentenna-12.nec,ok,ok,0.3108552824705839,0.19188752956688404,1.6200,1
cebik-w4rnl/models/Verticals/nec/3r6-hsbeam-12.nec,ok,ok,0.3338294615969062,0.2021879805251956,1.6511,1
cebik-w4rnl/models/Verticals/nec/3r6-hsbeam-reverible-12.nec,ok,ok,0.34179556416347623,0.2165133678354323,1.5786,1
cebik-w4rnl/models/Verticals/nec/3r6-opendblrect-12.nec,ok,ok,0.3333419971168041,0.19887015596032143,1.6762,1
cebik-w4rnl/models/Verticals/nec/3r6-parasitichentennas-12-N2DT.nec,ok,ok,0.35586693277582526,0.20368287898600101,1.7472,1
cebik-w4rnl/models/Verticals/nec/3r6-phasedhentennas-12-N2DT.nec,ok,ok,0.35541622526943684,0.2080561458133161,1.7083,1
cebik-w4rnl/models/Verticals/nec/3r6-rectangle-12.nec,ok,ok,0.3104373188689351,0.191394476685673,1.6220,1
cebik-w4rnl/models/Verticals/nec/3r6-rtangdelta-fs-12.nec,ok,ok,0.010284244548529387,0.008471813518553972,,0
cebik-w4rnl/models/Verticals/nec/3r6-shortequidelta-sngnd-12.nec,ok,ok,0.2274397755973041,0.1385893365368247,1.6411,1
cebik-w4rnl/models/Verticals/nec/3r6-vert-coilhat.nec,ok,ok,0.01975498767569661,0.01276054186746478,,0
cebik-w4rnl/models/Verticals/nec/3r6-vert-spiralhat.nec,ok,ok,0.029084831941872835,0.016818862408399582,,0
cebik-w4rnl/models/Verticals/nec/3r6-vert-symradhat.nec,ok,ok,0.06770835630595684,0.03429066343232989,,0
cebik-w4rnl/models/Verticals/nec/3r6-vert-teehat.nec,ok,ok,0.014987383503466845,0.010069573298096657,,0
cebik-w4rnl/models/Verticals/nec/3r6-vert-zigzaghat.nec,ok,ok,0.022300076205283403,0.013483752496540546,,0
cebik-w4rnl/models/Verticals/nec/50-Lant-375.nec,ok,ok,0.10058798361569643,0.06570408260449767,1.5309,1
cebik-w4rnl/models/Verticals/nec/50-Lant-50.nec,ok,ok,0.10048982547596097,0.06581530440598726,1.5268,1
cebik-w4rnl/models/Verticals/nec/5r4-bobtailcurtain-14.nec,ok,ok,0.31134434370324016,0.1923959837295115,1.6182,1
cebik-w4rnl/models/Verticals/nec/5r4-dblrect-14.nec,ok,ok,0.35792558500543237,0.20485147461295128,1.7472,1
cebik-w4rnl/models/Verticals/nec/5r4-halfsquare-12.nec,ok,ok,0.3109046258032322,0.19134710542857647,1.6248,1
cebik-w4rnl/models/Verticals/nec/5r4-opendblrect-12.nec,ok,ok,0.3367408700287342,0.20012669451534748,1.6826,1
cebik-w4rnl/models/Verticals/nec/5r4-rect-14.nec,ok,ok,0.3123805630020797,0.19144868943840265,1.6317,1
cebik-w4rnl/models/Verticals/nec/7-2elphased-mingnd.nec,ok,ok,0.006421741563826799,0.0056877234019339085,,0
cebik-w4rnl/models/Verticals/nec/7-2monopoles-parasitic.nec,ok,ok,0.0050981673412024975,0.00581357441842556,,0
cebik-w4rnl/models/Verticals/nec/7-2monopoles-phased.nec,ok,ok,0.0061152344569563866,0.005513448733836412,,0
cebik-w4rnl/models/Verticals/nec/7-3elcaploadparasitic-sngnd.nec,ok,ok,0.526389635168016,0.24013594118878245,2.1920,1
cebik-w4rnl/models/Verticals/nec/7-3elhatloadparasitic-sngnd.nec,ok,ok,0.5172291165217757,0.2210129126906395,2.3403,1
cebik-w4rnl/models/Verticals/nec/7-3elparasitic-sngnd.nec,ok,ok,0.3874252839013934,0.15869306260719895,2.4413,1
cebik-w4rnl/models/Verticals/nec/7-3elvertYagi-mingnd-1.nec,ok,ok,0.011473927646875381,0.008287244010716677,,0
cebik-w4rnl/models/Verticals/nec/7-3elwireparasitic-sngnd.nec,ok,ok,0.194293977227062,0.11931123677641153,1.6285,1
cebik-w4rnl/models/Verticals/nec/7-bobtailcurtain-14.nec,ok,ok,0.28529526572674513,0.17443736409768462,1.6355,1
cebik-w4rnl/models/Verticals/nec/7-bruce-12.nec,ok,ok,0.015817506704479456,0.011753458064049482,,0
cebik-w4rnl/models/Verticals/nec/7-dbldelta-sngnd-12.nec,ok,ok,0.29876248305663466,0.1800225581973791,1.6596,1
cebik-w4rnl/models/Verticals/nec/7-dblrect-14.nec,ok,ok,0.3307139207608998,0.1878971760161221,1.7601,1
cebik-w4rnl/models/Verticals/nec/7-dpl-hats-sngnd.nec,ok,ok,0.21199636161327362,0.1262024948373437,1.6798,1
cebik-w4rnl/models/Verticals/nec/7-dpl-spiralhats-sngnd.nec,ok,ok,0.10778602678328753,0.06646598782390356,1.6217,1
cebik-w4rnl/models/Verticals/nec/7-equidelta-fs-12.nec,ok,ok,0.007998055778443813,0.007104087620973587,,0
cebik-w4rnl/models/Verticals/nec/7-halfsquare-12.nec,ok,ok,0.2839655731804669,0.17367730243131518,1.6350,1
cebik-w4rnl/models/Verticals/nec/7-halfwlvert-6parasiticguys.nec,ok,ok,0.7042187359184027,0.3113679769448936,2.2617,1
cebik-w4rnl/models/Verticals/nec/7-hsbeam-12.nec,ok,ok,0.316000625025481,0.1822872986085713,1.7335,1
cebik-w4rnl/models/Verticals/nec/7-monopole-4sloperad-sngnd.nec,ok,ok,0.18933688942342997,0.12152123544365168,1.5581,1
cebik-w4rnl/models/Verticals/nec/7-monopole-6rad-sngnd.nec,ok,ok,0.36492950888350606,0.1930811693891883,1.8900,1
cebik-w4rnl/models/Verticals/nec/7-opendblrect-12.nec,ok,ok,0.310518201906234,0.18112162174656987,1.7144,1
cebik-w4rnl/models/Verticals/nec/7-quadloop-dia-12.nec,ok,ok,0.298969894181937,0.193703253287822,1.5434,1
cebik-w4rnl/models/Verticals/nec/7-quadloop-sq-12.nec,ok,ok,0.194503344129771,0.11951498687267303,1.6274,1
cebik-w4rnl/models/Verticals/nec/7-rect-14.nec,ok,ok,0.2855933392420411,0.17517909221351147,1.6303,1
cebik-w4rnl/models/Verticals/nec/7-rtangdelta-sngnd-12.nec,ok,ok,0.2770795221440494,0.17519513703882694,1.5815,1
cebik-w4rnl/models/Verticals/nec/7-smallloop-1.nec,ok,ok,0.01521067414432764,0.011639212723821402,,0
cebik-w4rnl/models/Verticals/nec/7-sterba-12.nec,ok,ok,0.5994572984054685,0.266833508387208,2.2466,1
cebik-w4rnl/models/Verticals/nec/7-sterba-ctrfed-12.nec,ok,ok,0.5616623102687299,0.249678079970181,2.2495,1
cebik-w4rnl/models/Wire-Arrays/nec/10-28-hordelta-cnrfd-12.nec,ok,ok,0.24283572053536773,0.12667076056823134,1.9171,1
cebik-w4rnl/models/Wire-Arrays/nec/10-2elYagi-reversible-12.nec,ok,ok,0.006982849445194006,0.006804121658205986,,0
cebik-w4rnl/models/Wire-Arrays/nec/10-3elYagi-14.nec,ok,ok,0.3062572255730629,0.18223778391256928,1.6805,1
cebik-w4rnl/models/Wire-Arrays/nec/10-8jk-12.nec,ok,ok,0.29477172205224633,0.18189057102426887,1.6206,1
cebik-w4rnl/models/Wire-Arrays/nec/10-halfsq-14.nec,ok,ok,0.3363454542122781,0.19453132897615433,1.7290,1
cebik-w4rnl/models/Wire-Arrays/nec/14-28-rhombic21-12.nec,ok,ok,0.07464533438906074,0.033301441464573145,,0
cebik-w4rnl/models/Wire-Arrays/nec/14-3eledzbeam-12.nec,ok,ok,0.11080921860411763,0.06302264193072915,1.7582,1
cebik-w4rnl/models/Wire-Arrays/nec/14-5wllongwire-endfd-12.nec,ok,ok,0.9482782250270247,0.2782325940206647,3.4082,1
cebik-w4rnl/models/Wire-Arrays/nec/14-8jk-12.nec,ok,ok,0.3141343994066119,0.19361539417877793,1.6225,1
cebik-w4rnl/models/Wire-Arrays/nec/14-N4PCloop-12.nec,ok,ok,0.037315466441214085,0.01995969144627452,,0
cebik-w4rnl/models/Wire-Arrays/nec/14-halfsq-14.nec,ok,ok,0.3575370744802058,0.20484357420355082,1.7454,1
cebik-w4rnl/models/Wire-Arrays/nec/14-halfsqbeam-14.nec,ok,ok,0.3392051779665053,0.20410041231662035,1.6620,1
cebik-w4rnl/models/Wire-Arrays/nec/14-slopet2fd-12.nec,ok,ok,0.3256617449223995,0.1923316209577024,1.6932,1
cebik-w4rnl/models/Wire-Arrays/nec/14-trianglebeam-12.nec,ok,ok,1.7037829919718206,0.38365990528836846,4.4409,1
cebik-w4rnl/models/Wire-Arrays/nec/14-vbeam-12.nec,ok,ok,1.0020678299479187,0.27989881904795766,3.5801,1
cebik-w4rnl/models/Wire-Arrays/nec/1r8-28-horhexloop-12.nec,ok,ok,0.43908293917775154,0.22045023832470179,1.9918,1
cebik-w4rnl/models/Wire-Arrays/nec/1r8-28-horhexloop-large-12.nec,ok,ok,0.36602624086663127,0.21116665983572602,1.7334,1
cebik-w4rnl/models/Wire-Arrays/nec/1r8-28-hort2fd-long-12.nec,ok,ok,0.0346730574965477,0.018764371052384377,,0
cebik-w4rnl/models/Wire-Arrays/nec/1r8-28-hort2fd-med-12.nec,ok,ok,0.34381197299808264,0.19924717349931598,1.7256,1
cebik-w4rnl/models/Wire-Arrays/nec/1r8-28-hort2fd-med-tl-12.nec,ok,ok,0.5056884018704295,0.1972798090428114,2.5633,1
cebik-w4rnl/models/Wire-Arrays/nec/1r8-28-hort2fd-short-12.nec,ok,ok,0.010170635767281055,0.008199719712138176,,0
cebik-w4rnl/models/Wire-Arrays/nec/1r8-bobtailbeam-12.nec,ok,ok,0.416685922536999,0.2454413822852075,1.6977,1
cebik-w4rnl/models/Wire-Arrays/nec/1r8-dblrect-12.nec,ok,ok,0.36638896400108933,0.21265337383374572,1.7229,1
cebik-w4rnl/models/Wire-Arrays/nec/1r8-halfsq-14.nec,ok,ok,0.3210259429179132,0.19872240256518126,1.6154,1
cebik-w4rnl/models/Wire-Arrays/nec/21-coledz-12.nec,ok,ok,0.2153716767206788,0.0882521872408688,2.4404,1
cebik-w4rnl/models/Wire-Arrays/nec/21-coledzlazyh-12.nec,ok,ok,0.585814131423831,0.1387950978241861,4.2207,1
cebik-w4rnl/models/Wire-Arrays/nec/28-hentenna-12.nec,ok,ok,0.10513084381818771,0.06422854447737336,1.6368,1
cebik-w4rnl/models/Wire-Arrays/nec/3r6-1wlhordelta-12.nec,ok,ok,0.3642142857424915,0.20773688005283475,1.7532,1
cebik-w4rnl/models/Wire-Arrays/nec/3r6-1wlhorhexloop-14.nec,ok,ok,0.31398592377081513,0.19133064756169915,1.6411,1
cebik-w4rnl/models/Wire-Arrays/nec/3r6-1wlhoroctloop-12.nec,ok,ok,0.3655517720617354,0.20589568372815847,1.7754,1
cebik-w4rnl/models/Wire-Arrays/nec/3r6-2elYagi-12.nec,ok,ok,0.2966687302105129,0.1887871827930212,1.5714,1
cebik-w4rnl/models/Wire-Arrays/nec/3r6-3elYagi-14.nec,ok,ok,0.3239990812726319,0.1940187574364245,1.6699,1
cebik-w4rnl/models/Wire-Arrays/nec/3r6-3r9-4wire2elYagi.nec,ok,ok,0.3228634293191135,0.19683651020750403,1.6403,1
cebik-w4rnl/models/Wire-Arrays/nec/3r6-dblrect-12.nec,ok,ok,0.017345333006232977,0.012501928955316544,,0
cebik-w4rnl/models/Wire-Arrays/nec/3r6-halfsq-12.nec,ok,ok,0.30874854512512684,0.19141620816662908,1.6130,1
cebik-w4rnl/models/Wire-Arrays/nec/3r6-halfsqbeam-12.nec,ok,ok,0.3412304571829736,0.20429074903950095,1.6703,1
cebik-w4rnl/models/Wire-Arrays/nec/3r6-linloaddipole-12.nec,ok,ok,0.01176951639354229,0.009135089814662933,,0
cebik-w4rnl/models/Wire-Arrays/nec/3r6-slopet2fd-12.nec,ok,ok,0.2307683597318828,0.13904640497639775,1.6596,1
cebik-w4rnl/models/Wire-Arrays/nec/3r6-vertrect-12.nec,ok,ok,0.3094967044889927,0.1909971907734871,1.6204,1
cebik-w4rnl/models/Wire-Arrays/nec/3r6-wbdipole-14.nec,ok,ok,0.2948804795742035,0.18749400321394205,1.5727,1
cebik-w4rnl/models/Wire-Arrays/nec/3r9-2elYagi-14.nec,ok,ok,0.31155122304335237,0.19825081387534738,1.5715,1
cebik-w4rnl/models/Wire-Arrays/nec/3r9-2elYagi-reflload-14.nec,ok,ok,0.3132488215342164,0.19427285948768258,1.6124,1
cebik-w4rnl/models/Wire-Arrays/nec/3r9-3elYagi-14.nec,ok,ok,0.3277832381427288,0.19690534751862288,1.6647,1
cebik-w4rnl/models/Wire-Arrays/nec/3r9-3wire2elYagi-14.nec,ok,ok,0.32047590846195817,0.19523345306515694,1.6415,1
cebik-w4rnl/models/Wire-Arrays/nec/3r9-nvis-1wlloop-planarrefl.nec,ok,ok,0.6068450375460088,0.28988224221393466,2.0934,1
cebik-w4rnl/models/Wire-Arrays/nec/3r9-nvis-batwing-planarrefl.nec,ok,ok,0.9413881716318429,0.3388982438482344,2.7778,1
cebik-w4rnl/models/Wire-Arrays/nec/3r9-nvis-dipole-planarrefl.nec,ok,ok,0.5628133565187454,0.2738443585112691,2.0552,1
cebik-w4rnl/models/Wire-Arrays/nec/3r9-nvis-edzlazyh-planarrefl.nec,ok,ok,1.0960432151332498,0.37330219987779856,2.9361,1
cebik-w4rnl/models/Wire-Arrays/nec/3r9-nvis-jamaica-planarrefl.nec,ok,ok,0.845326800365001,0.3322519641369581,2.5442,1
cebik-w4rnl/models/Wire-Arrays/nec/5r4-2elYagi-reversible-12.nec,ok,ok,0.007042596582323313,0.006695359945297241,,0
cebik-w4rnl/models/Wire-Arrays/nec/5r4-8jk-12.nec,ok,ok,0.3517285049892962,0.21872283890843391,1.6081,1
cebik-w4rnl/models/Wire-Arrays/nec/5r4-dblrect-14.nec,ok,ok,0.35761570697650313,0.21422979095950723,1.6693,1
cebik-w4rnl/models/Wire-Arrays/nec/5r4-halfsq-12.nec,ok,ok,0.3080705641768873,0.19007779099047184,1.6208,1
cebik-w4rnl/models/Wire-Arrays/nec/5r4-moxrect-reversible-12-AA2NN.nec,ok,ok,0.303159945178777,0.1919694533571601,1.5792,1
cebik-w4rnl/models/Wire-Arrays/nec/7-14-rhombic10-12.nec,ok,ok,0.0747510283254087,0.03324118535965681,,0
cebik-w4rnl/models/Wire-Arrays/nec/7-28-hordelta-cnrfd-12.nec,ok,ok,0.3382684038951993,0.18840230582281947,1.7955,1
cebik-w4rnl/models/Wire-Arrays/nec/7-28-lazyh15-al.nec,ok,ok,0.11605484504252672,0.068463119212538,1.6951,1
cebik-w4rnl/models/Wire-Arrays/nec/7-28-sqloop-cnrfd-12.nec,ok,ok,0.49217556277289987,0.22285483358427882,2.2085,1
cebik-w4rnl/models/Wire-Arrays/nec/7-28-sqloop-sidefd-12.nec,ok,ok,0.3855849844403565,0.20248903101310134,1.9042,1
cebik-w4rnl/models/Wire-Arrays/nec/7-2elYagi-reversible-12.nec,ok,ok,0.0069893342442810535,0.0067277890630066395,,0
cebik-w4rnl/models/Wire-Arrays/nec/7-2eldelta-12-K4TX.nec,ok,ok,0.33225795067846775,0.18812274187803268,1.7662,1
cebik-w4rnl/models/Wire-Arrays/nec/7-2elwireYagi-12.nec,ok,ok,0.006640810053795576,0.006312720011919737,,0
cebik-w4rnl/models/Wire-Arrays/nec/7-3elYagi-14.nec,ok,ok,0.2923027821816504,0.17534575564786792,1.6670,1
cebik-w4rnl/models/Wire-Arrays/nec/7-8jk-12.nec,ok,ok,0.28198894392699003,0.18733827816322446,1.5052,1
cebik-w4rnl/models/Wire-Arrays/nec/7-bobtailbeam-12.nec,ok,ok,0.38666238356381655,0.22794961230829358,1.6963,1
cebik-w4rnl/models/Wire-Arrays/nec/7-dblrect-14.nec,ok,ok,0.33045596024021506,0.18680572602897882,1.7690,1
cebik-w4rnl/models/Wire-Arrays/nec/7-edzlazyh-14.nec,ok,ok,0.10049661807715893,0.061173222959041595,1.6428,1
cebik-w4rnl/models/Wire-Arrays/nec/7-halfsq-12.nec,ok,ok,0.2810330633074045,0.17330735502764583,1.6216,1
cebik-w4rnl/models/Wire-Arrays/nec/7-halfsqbeam-12.nec,ok,ok,0.3078786740079522,0.18262477591633797,1.6859,1
cebik-w4rnl/models/Wire-Arrays/nec/7-halfsqbeam-14.nec,ok,ok,0.30728120636194944,0.18188146268948913,1.6895,1
cebik-w4rnl/models/Wire-Arrays/nec/7-hentenna-12.nec,ok,ok,0.10016824025660753,0.061556891072541475,1.6272,1
cebik-w4rnl/models/Wire-Arrays/nec/7-lazyh-14.nec,ok,ok,0.11336996452882886,0.06116628972813487,1.8535,1
cebik-w4rnl/models/Wire-Arrays/nec/7-moxrect-reversible-12-AA2NN.nec,ok,ok,0.2769332807511091,0.17575746402144432,1.5757,1
cebik-w4rnl/models/Wire-Arrays/nec/7-multiV-4wl-14.nec,ok,ok,0.6708525321446359,0.26342097762972116,2.5467,1
cebik-w4rnl/models/Wire-Arrays/nec/7-rect-botctrfd-14.nec,ok,ok,0.2810411029495299,0.1730627529323101,1.6239,1
cebik-w4rnl/models/Wire-Arrays/nec/7-rtanglevertdelta-botfd-12.nec,ok,ok,0.28663933696225286,0.174437643494457,1.6432,1
cebik-w4rnl/models/Wire-Arrays/nec/7-slopet2fd-12.nec,ok,ok,0.20265373401343822,0.1295393891632557,1.5644,1
cebik-w4rnl/models/Wire-Arrays/nec/7-sqquadloop-botfd-12.nec,ok,ok,0.008005497977137566,0.0070799365639686584,,0
cebik-w4rnl/models/Wire-Arrays/nec/7-vertdelta-botfd-12.nec,ok,ok,0.2860731719993055,0.1736933058127761,1.6470,1
cebik-w4rnl/models/Wire-Arrays/nec/7-vertintfldloop-12.nec,ok,ok,0.2494374569505453,0.13412649976089597,1.8597,1
cebik-w4rnl/models/Wire-Arrays/nec/7-wbdipole-14.nec,ok,ok,0.26861931290477514,0.17114369291812181,1.5696,1
cebik-w4rnl/models/Yagis-HF/nec/13el20mwireYagi-KB9MZ.nec,ok,ok,0.36017899168655276,0.11783001804724336,3.0568,1
cebik-w4rnl/models/Yagis-HF/nec/2e10mlhelicalelYagi-12.nec,ok,ok,0.04971574991941452,0.026323179248720407,,0
cebik-w4rnl/models/Yagis-HF/nec/2el10mB-antbeam-25.nec,ok,ok,0.17448649369180202,0.08474868955090642,2.0589,1
cebik-w4rnl/models/Yagis-HF/nec/2el10mYagi-stepdia-large.nec,ok,ok,0.007194158621132374,0.006916807033121586,,0
cebik-w4rnl/models/Yagis-HF/nec/2el10mYagi-stepdia-small.nec,ok,ok,0.006651050411164761,0.006495045032352209,,0
cebik-w4rnl/models/Yagis-HF/nec/2el30mwireYagi.nec,ok,ok,0.006294615101069212,0.006165014114230871,,0
cebik-w4rnl/models/Yagis-HF/nec/2el40mwireYagi.nec,ok,ok,0.006369056645780802,0.006333119235932827,,0
cebik-w4rnl/models/Yagis-HF/nec/2el60mwireYagi.nec,ok,ok,0.005711556412279606,0.005877767689526081,,0
cebik-w4rnl/models/Yagis-HF/nec/2el75mwireYagi.nec,ok,ok,0.005482190288603306,0.00589667959138751,,0
cebik-w4rnl/models/Yagis-HF/nec/2el80mwireYagi.nec,ok,ok,0.0055173602886497974,0.005646106321364641,,0
cebik-w4rnl/models/Yagis-HF/nec/2eldr-dir10mYagi-375.nec,ok,ok,0.006173955742269754,0.006289702374488115,,0
cebik-w4rnl/models/Yagis-HF/nec/2eldr-dir10mYagi-50.nec,ok,ok,0.005467850714921951,0.005686662625521421,,0
cebik-w4rnl/models/Yagis-HF/nec/2eldr-ref12mYagi-42.nec,ok,ok,0.006207347847521305,0.00612966762855649,,0
cebik-w4rnl/models/Yagis-HF/nec/2eldr-ref15mYagi-50.nec,ok,ok,0.006160901393741369,0.006375941913574934,,0
cebik-w4rnl/models/Yagis-HF/nec/2eldr-ref17mYagi-59.nec,ok,ok,0.006265248171985149,0.0061088548973202705,,0
cebik-w4rnl/models/Yagis-HF/nec/2eldr-ref20mYagi-1r5.nec,ok,ok,0.005924745462834835,0.005978727713227272,,0
cebik-w4rnl/models/Yagis-HF/nec/2eldr-ref30mYagi-2.nec,ok,ok,0.005826243199408054,0.005905228666961193,,0
cebik-w4rnl/models/Yagis-HF/nec/2eldr-ref40mYagi-1r5.nec,ok,ok,0.006248625926673412,0.006076344754546881,,0
cebik-w4rnl/models/Yagis-HF/nec/2eldr-ref40mYagi-stepdia.nec,ok,ok,0.017629398964345455,0.012532120570540428,,0
cebik-w4rnl/models/Yagis-HF/nec/2elwb40mYagi-stepdia.nec,ok,ok,0.014580843038856983,0.011972156818956137,,0
cebik-w4rnl/models/Yagis-HF/nec/3bandHFYagi-uniel-noloads.nec,ok,ok,0.042166479397565126,0.023067062720656395,,0
cebik-w4rnl/models/Yagis-HF/nec/3bandHFtrapYagi-stepdia.nec,ok,ok,0.022160303313285112,0.014752252493053675,,0
cebik-w4rnl/models/Yagis-HF/nec/3el10mYagi-50.nec,ok,ok,0.007933276705443859,0.007305325008928776,,0
cebik-w4rnl/models/Yagis-HF/nec/3el10mYagi-Bird.nec,ok,ok,0.010369752533733845,0.008090514689683914,,0
cebik-w4rnl/models/Yagis-HF/nec/3el10mYagi-stepdia.nec,ok,ok,0.008876160252839327,0.007731676567345858,,0
cebik-w4rnl/models/Yagis-HF/nec/3el12mYagi-625.nec,ok,ok,0.00781457545235753,0.0071717542596161366,,0
cebik-w4rnl/models/Yagis-HF/nec/3el15mYagi-stepdia-large.nec,ok,ok,0.009383752010762691,0.00792704802006483,,0
cebik-w4rnl/models/Yagis-HF/nec/3el15mYagi-stepdia-small.nec,ok,ok,0.01562120532616973,0.0115913818590343,,0
cebik-w4rnl/models/Yagis-HF/nec/3el15mlongYagi-75.nec,ok,ok,0.008013833779841661,0.007216043770313263,,0
cebik-w4rnl/models/Yagis-HF/nec/3el15mmedYagi-K9EUV.nec,ok,ok,0.006069022696465254,0.006087887100875378,,0
cebik-w4rnl/models/Yagis-HF/nec/3el15mshortYagi-75.nec,ok,ok,0.007788086775690317,0.007080815266817808,,0
cebik-w4rnl/models/Yagis-HF/nec/3el17mshortYagi-875.nec,ok,ok,0.00771075114607811,0.007152417674660683,,0
cebik-w4rnl/models/Yagis-HF/nec/3el20mlongYagi-1.nec,ok,ok,0.007827702909708023,0.0070878141559660435,,0
cebik-w4rnl/models/Yagis-HF/nec/3el20mlongYagi-stepdia.nec,ok,ok,0.007932685781270266,0.007515304256230593,,0
cebik-w4rnl/models/Yagis-HF/nec/3el20mmedYagi-K9EUV.nec,ok,ok,0.005982150323688984,0.006220031529664993,,0
cebik-w4rnl/models/Yagis-HF/nec/3el20mshortYagi-1.nec,ok,ok,0.007694645319133997,0.007095804903656244,,0
cebik-w4rnl/models/Yagis-HF/nec/3el20mshortYagi-stepdia.nec,ok,ok,0.007939244154840708,0.007471286691725254,,0
cebik-w4rnl/models/Yagis-HF/nec/3el2b15m10mYagi-1.nec,ok,ok,0.047367483377456665,0.02761084260419011,,0
cebik-w4rnl/models/Yagis-HF/nec/3el40mVYagi-WA3FET.nec,ok,ok,0.008456061594188213,0.007576319854706526,,0
cebik-w4rnl/models/Yagis-HF/nec/3el40mYagi-stepdia.nec,ok,ok,0.008002276998013258,0.007552984170615673,,0
cebik-w4rnl/models/Yagis-HF/nec/3el40mlongYagi-2.nec,ok,ok,0.007709062192589045,0.0072118672542274,,0
cebik-w4rnl/models/Yagis-HF/nec/3el40mshortYagi-2.nec,ok,ok,0.007752686273306608,0.007237722631543875,,0
cebik-w4rnl/models/Yagis-HF/nec/3el40mwireYagi-reversible.nec,ok,ok,0.007676372770220041,0.006952939089387655,,0
cebik-w4rnl/models/Yagis-HF/nec/3el60mwireYagi-reversible.nec,ok,ok,0.007597672753036022,0.007023949176073074,,0
cebik-w4rnl/models/Yagis-HF/nec/3el75mwireYagi-reversible.nec,ok,ok,0.007635241374373436,0.007072343956679106,,0
cebik-w4rnl/models/Yagis-HF/nec/3el80mwireYagi-reversible.nec,ok,ok,0.007674798369407654,0.0068499855697155,,0
cebik-w4rnl/models/Yagis-HF/nec/3elVYagi10m-wa3fet.nec,ok,ok,0.00786157138645649,0.007122127804905176,,0
cebik-w4rnl/models/Yagis-HF/nec/3elmed10mYagi-K9EUV.nec,ok,ok,0.007721505593508482,0.00722050154581666,,0
cebik-w4rnl/models/Yagis-HF/nec/3elshort10mYagi-50.nec,ok,ok,0.007749033160507679,0.00728564104065299,,0
cebik-w4rnl/models/Yagis-HF/nec/3elwb10mYagi-W6SAI.nec,ok,ok,0.006678347010165453,0.006794887129217386,,0
cebik-w4rnl/models/Yagis-HF/nec/3elwb10mYagi-stepdia.nec,ok,ok,0.007963472045958042,0.007471442688256502,,0
cebik-w4rnl/models/Yagis-HF/nec/3elwb40mYagi-stepdia.nec,ok,ok,0.021022359374910593,0.014336142223328352,,0
cebik-w4rnl/models/Yagis-HF/nec/4el10mYagi-75.nec,ok,ok,0.006764317397028208,0.006595700513571501,,0
cebik-w4rnl/models/Yagis-HF/nec/4el10mwbYagi-stepdia-W4RNL.nec,ok,ok,0.015233373269438744,0.01152204954996705,,0
cebik-w4rnl/models/Yagis-HF/nec/4el10mwbYagi-stepdia.nec,ok,ok,0.009522079955786467,0.008216158486902714,,0
cebik-w4rnl/models/Yagis-HF/nec/4el15mYagi-875.nec,ok,ok,0.00934513844549656,0.007800548803061247,,0
cebik-w4rnl/models/Yagis-HF/nec/4el20mYagi-stepdia.nec,ok,ok,0.018784403800964355,0.013535796664655209,,0
cebik-w4rnl/models/Yagis-HF/nec/4el2b12m17mYagi-stepdia.nec,ok,ok,0.015251267235726118,0.011784748174250126,,0
cebik-w4rnl/models/Yagis-HF/nec/4el2b12m17mdr-dirYagi-stepdia.nec,ok,ok,0.0153664480894804,0.012065128423273563,,0
cebik-w4rnl/models/Yagis-HF/nec/4el2band80m75mwireYagi.nec,ok,ok,0.009821006562560797,0.008157160133123398,,0
cebik-w4rnl/models/Yagis-HF/nec/4elwb40mYagi.nec,ok,ok,0.029495469760149717,0.017976768780499697,,0
cebik-w4rnl/models/Yagis-HF/nec/5bandHFYagi50_-ON4ANT.nec,ok,ok,0.047754539642482996,0.024872225243598223,,0
cebik-w4rnl/models/Yagis-HF/nec/5bandHFYagi60_-ON4ANT.nec,ok,ok,0.05107030738145113,0.026004528161138296,,0
cebik-w4rnl/models/Yagis-HF/nec/5el10mYagi-K4SB.nec,ok,ok,0.009032964240759611,0.0076969279907643795,,0
cebik-w4rnl/models/Yagis-HF/nec/5el10mwbYagi-stepdia.nec,ok,ok,0.0110519053414464,0.008844459895044565,,0
cebik-w4rnl/models/Yagis-HF/nec/5el20mYagi-K4SB.nec,ok,ok,0.02483379654586315,0.015484442934393883,,0
cebik-w4rnl/models/Yagis-HF/nec/5el20mYagi-N6BV.nec,ok,ok,0.03493751212954521,0.01928837690502405,,0
cebik-w4rnl/models/Yagis-HF/nec/5el20mYagi-W3LPL.nec,ok,ok,0.034172703977674246,0.019109632819890976,,0
cebik-w4rnl/models/Yagis-HF/nec/5el20mYagi-W6NGZ.nec,ok,ok,0.021723230835050344,0.014611212071031332,,0
cebik-w4rnl/models/Yagis-HF/nec/6el10mOWAYagi-N6BV.nec,ok,ok,0.02874076785519719,0.01700189895927906,,0
cebik-w4rnl/models/Yagis-HF/nec/6el10mOWAYagi-NW3Z.nec,ok,ok,0.018724505323916674,0.01350275194272399,,0
cebik-w4rnl/models/Yagis-HF/nec/6el10mOWAYagi-hd-stepdia.nec,ok,ok,0.014838268049061298,0.011846305802464485,,0
cebik-w4rnl/models/Yagis-HF/nec/6el20mOWAYagi-NW3Z.nec,ok,ok,0.03122931905090809,0.018045145086944103,,0
cebik-w4rnl/models/Yagis-HF/nec/6el20mYagi-1r5.nec,ok,ok,0.015343224629759789,0.011593650560826063,,0
cebik-w4rnl/models/Yagis-HF/nec/6el20mYagi-N6BV.nec,ok,ok,0.029124701395630836,0.017260819673538208,,0
cebik-w4rnl/models/Yagis-HF/nec/6el2b15m10mYagi-W4RNL.nec,ok,ok,0.017583793494850397,0.012947472278028727,,0
cebik-w4rnl/models/Yagis-HF/nec/6el2b20m15mYagi-W4RNL.nec,ok,ok,0.014387700706720352,0.011596676427870989,,0
cebik-w4rnl/models/Yagis-HF/nec/7el10mOWAYagi-stepdia.nec,ok,ok,0.01760762557387352,0.013042849954217672,,0
cebik-w4rnl/models/Yagis-HF/nec/7el10mwireYagi.nec,ok,ok,0.010308661498129368,0.010036140214651823,,0
cebik-w4rnl/models/Yagis-HF/nec/7el15mYagi-SP5GRM.nec,ok,ok,0.04413153091445565,0.023241813760250807,,0
cebik-w4rnl/models/Yagis-HF/nec/7el20mlongYagi-1r5.nec,ok,ok,0.018268167972564697,0.012609140481799841,,0
cebik-w4rnl/models/Yagis-HF/nec/7el20mshortYagi-1r5.nec,ok,ok,0.01801040582358837,0.012841290794312954,,0
cebik-w4rnl/models/Yagis-HF/nec/8el20mYagi-1r5.nec,ok,ok,0.02080725785344839,0.013852805830538273,,0
cebik-w4rnl/models/Yagis-HF/nec/capload2el10mYagi-375.nec,ok,ok,0.018050157465040684,0.012855973560363054,,0
cebik-w4rnl/models/Yagis-HF/nec/ctrload2el10mYagi-375.nec,ok,ok,0.01257674116641283,0.010209219995886087,,0
cebik-w4rnl/models/Yagis-HF/nec/ctrload2el10mYagi-75.nec,ok,ok,0.006752207409590483,0.006401157937943935,,0
cebik-w4rnl/models/Yagis-HF/nec/ctrload2el40mYagi-stepdia.nec,ok,ok,0.010382611770182848,0.008876269683241844,,0
cebik-w4rnl/models/Yagis-HF/nec/moxrect10m12.nec,ok,ok,0.015387262683361769,0.008073573466390371,,0
cebik-w4rnl/models/Yagis-HF/nec/moxrect10m50.nec,ok,ok,0.009977627079933882,0.009436593856662512,,0
cebik-w4rnl/models/Yagis-HF/nec/moxrect12m12.nec,ok,ok,0.009986640885472298,0.008088436909019947,,0
cebik-w4rnl/models/Yagis-HF/nec/moxrect12m625.nec,ok,ok,0.009939596988260746,0.008010164368897676,,0
cebik-w4rnl/models/Yagis-HF/nec/moxrect15m12.nec,ok,ok,0.009889671113342047,0.007806821726262569,,0
cebik-w4rnl/models/Yagis-HF/nec/moxrect15m75.nec,ok,ok,0.009871844202280045,0.007903180085122585,,0
cebik-w4rnl/models/Yagis-HF/nec/moxrect17m12.nec,ok,ok,0.009923321660608053,0.007901136763393879,,0
cebik-w4rnl/models/Yagis-HF/nec/moxrect17m875.nec,ok,ok,0.009947419166564941,0.008194569498300552,,0
cebik-w4rnl/models/Yagis-HF/nec/moxrect20m1.nec,ok,ok,0.009957324247807264,0.007993184961378574,,0
cebik-w4rnl/models/Yagis-HF/nec/moxrect20m12.nec,ok,ok,0.009926653932780027,0.007909981068223715,,0
cebik-w4rnl/models/Yagis-HF/nec/moxrect30m12.nec,ok,ok,0.009876646101474762,0.00809223810210824,,0
cebik-w4rnl/models/Yagis-HF/nec/moxrect40m12.nec,ok,ok,0.009919220581650734,0.008256534114480019,,0
cebik-w4rnl/models/Yagis-HF/nec/moxrect60m12.nec,ok,ok,0.0099800662137568,0.008272725157439709,,0
cebik-w4rnl/models/Yagis-HF/nec/moxrect75m12.nec,ok,ok,0.009915475267916918,0.007856565993279219,,0
cebik-w4rnl/models/Yagis-HF/nec/moxrect80m12.nec,ok,ok,0.009901621378958225,0.00787523528560996,,0
cebik-w4rnl/nec2-ex1.nec,ok,ok,0.0033503840677440166,0.0038403980433940887,,0
cebik-w4rnl/nec2-ex2.nec,ok,ok,0.0033984603360295296,0.003635737579315901,,0
cebik-w4rnl/nec2-ex3.nec,ok,ok,0.08179921749979258,0.0539491823874414,1.5162,1
cebik-w4rnl/nec2-ex5.nec,ok,ok,0.006728961132466793,0.005939422640949488,,0
cebik-w4rnl/nec2-ex7.nec,ok-no-source,ok-no-source,0.1918715974316001,0.12167965387925506,,0
cebik-w4rnl/nec2-ex8.nec,ok-no-source,ok-no-source,0.0038966527208685875,0.004159377887845039,,0
cebik-w4rnl/nec4-ex1.nec,ok,ok,0.0035190903581678867,0.003545094281435013,,0
cebik-w4rnl/nec4-ex10_1.nec,ok,ok,0.22230735840275884,0.16306996159255505,1.3633,1
cebik-w4rnl/nec4-ex10_2.nec,ok,ok,0.0044324579648673534,0.004834803286939859,,0
cebik-w4rnl/nec4-ex10_3.nec,ok,ok,0.22328846622258425,0.14460948389023542,1.5441,1
cebik-w4rnl/nec4-ex11.nec,ok,ok,0.08155994256958365,0.05428225873038173,1.5025,1
cebik-w4rnl/nec4-ex3.nec,ok,ok,0.08222290966659784,0.05413256445899606,1.5189,1
cebik-w4rnl/nec4-ex5.nec,ok,ok,0.006771693471819162,0.005996487569063902,,0
cebik-w4rnl/nec4-ex7.nec,ok-no-source,ok-no-source,0.19153074687346816,0.12210418842732906,,0
cebik-w4rnl/nec4-ex8.nec,ok-no-source,ok-no-source,0.003861933946609497,0.004122630227357149,,0
g1ojs/10m/10m 65cm Circ 10mm Copper Magloop H.nec,ok,ok,0.08176843309774995,0.054755229502916336,1.4933,1
g1ojs/10m/10m 65cm Circ 10mm Copper Magloop V side.nec,ok,ok,0.08212033286690712,0.05470540653914213,1.5011,1
g1ojs/10m/10m 65cm Circ 10mm Copper Magloop V.nec,ok,ok,0.08221596758812666,0.05500160530209541,1.4948,1
g1ojs/10m/10m Helically loaded dipole 2.43m long.nec,ok,ok,11.279042436741292,2.1497499556280673,5.2467,1
g1ojs/10m/10m LL Dipole 4m 5mm dia elements - hairpin.nec,ok,ok,0.7619314822368324,0.4832414956763387,1.5767,1
g1ojs/10m/10m Quad base fed.nec,ok,ok,0.8377891341224313,0.5299989548511803,1.5807,1
g1ojs/10m/10m Rect Petlowany Dipole 10mm dia elements flat 2.nec,ok,ok,0.014666252303868532,0.010419603437185287,,0
g1ojs/10m/10m Short Dipole 3m 5mm dia elements - trombone.nec,ok,ok,0.6506511983461678,0.41431391006335616,1.5704,1
g1ojs/10m/_10m Dipole ref.nec,ok,ok,0.38450606632977724,0.248895482160151,1.5448,1
g1ojs/10m/_10m V.nec,ok,ok,0.6459451150149107,0.4113267017528415,1.5704,1
g1ojs/15m/_15m V.nec,ok,ok,0.9759212983772159,0.6147627914324403,1.5875,1
g1ojs/160m/160m 239cm Circ 10mm Cu Magloop V.nec,ok,ok,0.1140268282033503,0.0715826004743576,1.5929,1
g1ojs/160m/160m Coax Magloop V.nec,ok,ok,0.08538752887398005,0.05748272035270929,1.4854,1
g1ojs/160m/160m Single Turn Coax Magloop V.nec,ok,ok,0.08535911189392209,0.05735105602070689,1.4884,1
g1ojs/160m/160m Three Turn Coax Magloop V.nec,ok,ok,0.08812220953404903,0.05958168674260378,1.4790,1
g1ojs/160m/160m Two Turn Coax Magloop V.nec,ok,ok,0.08642644342035055,0.058133984450250864,1.4867,1
g1ojs/1V cap plates solid coplanar.nec,ok,ok,1.3284256691113114,0.8535026647150517,1.5564,1
g1ojs/20m/20m 239cm Circ 10mm Copper Magloop H.nec,ok,ok,0.10685676382854581,0.06585837714374065,1.6225,1
g1ojs/20m/20m 239cm Circ 10mm Copper Magloop V.nec,ok,ok,0.1068988349288702,0.06607352802529931,1.6179,1
g1ojs/20m/20m 239cm Circ 10mm Copper Magloop Vside.nec,ok,ok,0.10737555101513863,0.06657537538558245,1.6128,1
g1ojs/20m/20m 65cm Circ 10mm Copper Magloop H.nec,ok,ok,0.08175694895908237,0.054328450467437506,1.5049,1
g1ojs/20m/20m 65cm Circ 10mm Copper Magloop V side.nec,ok,ok,0.08109741704538465,0.05423356452956796,1.4953,1
g1ojs/20m/20m 65cm Circ 10mm Copper Magloop V.nec,ok,ok,0.08151078503578901,0.05447822064161301,1.4962,1
g1ojs/20m/20m Half wave circular loop V side.nec,ok,ok,0.1860813982784748,0.1142024714499712,1.6294,1
g1ojs/20m/20m Half wave square loop V side as built.nec,ok,ok,0.17596777621656656,0.11258915951475501,1.5629,1
g1ojs/20m/20m Half wave square loop V side.nec,ok,ok,0.07906930707395077,0.052682464476674795,1.5009,1
g1ojs/20m/20m V coax braid element.nec,ok,ok,1.1831434750929475,0.7395883128046989,1.5997,1
g1ojs/20m/20m V coax inner element.nec,ok,ok,1.0094110816717148,0.6380856549367309,1.5819,1
g1ojs/20m/20m V pvc covered.nec,ok,ok,1.0919904876500368,0.6895426721312106,1.5836,1
g1ojs/20m/Open loop H 7.4m.nec,ok,ok,0.08964286558330059,0.05762383155524731,1.5557,1
g1ojs/20m/Open loop V base 7.4m.nec,ok,ok,0.0907006785273552,0.07606224762275815,1.1925,1
g1ojs/20m/Open loop V side 7.4m.nec,ok,ok,0.0899715875275433,0.05750748701393604,1.5645,1
g1ojs/20m/_20m Dipole ref.nec,ok,ok,1.2579423221759498,0.7915703789331019,1.5892,1
g1ojs/20m/_20m V.nec,ok,ok,1.174765004310757,0.7412642566487193,1.5848,1
g1ojs/3V cap plates solid coplanar.nec,ok,ok,1.9425408393144608,0.9218606506474316,2.1072,1
g1ojs/40m/40m 239cm Circ 10mm Cu Magloop H.nec,ok,ok,0.10027339356020093,0.0620909221470356,1.6149,1
g1ojs/40m/40m 239cm Circ 10mm Cu Magloop V side.nec,ok,ok,0.09954204177483916,0.06239323923364282,1.5954,1
g1ojs/40m/40m 239cm Circ 10mm Cu Magloop V.nec,ok,ok,0.09937535366043448,0.06283534225076437,1.5815,1
g1ojs/40m/40m Fitted Attic V.nec,ok,ok,1.0083238668739796,0.6441303570754826,1.5654,1
g1ojs/40m/40m V cap plates coplanar.nec,ok,ok,1.3266162890940905,0.8538784966804087,1.5536,1
g1ojs/40m/40m V cap spokes.nec,ok,ok,1.0143081289716065,0.6497123553417623,1.5612,1
g1ojs/40m/40m V doglegs BUILT.nec,ok,ok,1.0099059347994626,0.6441428796388209,1.5678,1
g1ojs/40m/40m VU built 2.nec,ok,ok,1.0089633758179843,0.642843680921942,1.5695,1
g1ojs/40m/40m VU built.nec,ok,ok,1.011630228254944,0.6419534850865602,1.5759,1
g1ojs/40m/40m VU.nec,ok,ok,1.008702133782208,0.650021770503372,1.5518,1
g1ojs/40m/_40m Dipole ref.nec,ok,ok,1.4169145375490189,0.8956063915975392,1.5821,1
g1ojs/40m/_40m V loaded.nec,ok,ok,1.0067028310149908,0.6500738495960832,1.5486,1
g1ojs/40m/opt/40m V integral PI-01.nec,ok,ok,0.20763911353424191,0.133892095182091,1.5508,1
g1ojs/40m/opt/40m V integral PI-02.nec,ok,ok,0.20772699918597937,0.13411038368940353,1.5489,1
g1ojs/40m/opt/40m V integral PI-03.nec,ok,ok,0.2073357254266739,0.13436678145080805,1.5431,1
g1ojs/40m/opt/40m V integral PI-04.nec,ok,ok,0.20706649450585246,0.13424684666097164,1.5424,1
g1ojs/40m/opt/40m V integral PI-05.nec,ok,ok,0.20817368105053902,0.13417900586500764,1.5515,1
g1ojs/40m/opt/40m V integral PI-06.nec,ok,ok,0.20743942633271217,0.1335198380984366,1.5536,1
g1ojs/40m/opt/40m V integral PI-07.nec,ok,ok,0.20822664955630898,0.13364921137690544,1.5580,1
g1ojs/40m/opt/40m V integral PI-08.nec,ok,ok,0.20737520279362798,0.13392768101766706,1.5484,1
g1ojs/40m/opt/40m V integral PI-09.nec,ok,ok,0.20699320081621408,0.1341482368297875,1.5430,1
g1ojs/40m/opt/40m V integral PI-10.nec,ok,ok,0.20793651649728417,0.13525388482958078,1.5374,1
g1ojs/40m/opt/40m V integral PI-11.nec,ok,ok,0.2085690381936729,0.1345786852762103,1.5498,1
g1ojs/40m/opt/40m V integral PI-12.nec,ok,ok,0.20814992301166058,0.1342255943454802,1.5507,1
g1ojs/40m/opt/40m V integral PI-13.nec,ok,ok,0.20753216510638595,0.1351184737868607,1.5359,1
g1ojs/40m/opt/40m V integral PI-14.nec,ok,ok,0.208002298604697,0.1342239584773779,1.5497,1
g1ojs/40m/opt/40m V integral PI-15.nec,ok,ok,0.20788481552153826,0.13393084099516273,1.5522,1
g1ojs/40m/opt/40m V integral PI-16.nec,ok,ok,0.21603719284757972,0.13412354094907641,1.6107,1
g1ojs/40m/opt/40m V integral PI-17.nec,ok,ok,0.207381097599864,0.1365961590781808,1.5182,1
g1ojs/40m/opt/40m V integral PI-18.nec,ok,ok,0.2072929237037897,0.13487877743318677,1.5369,1
g1ojs/40m/opt/40m V integral PI-19.nec,ok,ok,0.20795158483088017,0.13394677359610796,1.5525,1
g1ojs/40m/opt/40m V integral PI-20.nec,ok,ok,0.20807137480005622,0.13352180970832705,1.5583,1
g1ojs/40m/opt/40m V integral PI-21.nec,ok,ok,0.20726955076679587,0.13376602111384273,1.5495,1
g1ojs/40m/opt/40m V integral PI-22.nec,ok,ok,0.2076663221232593,0.13372563244774938,1.5529,1
g1ojs/40m/opt/40m V integral PI-23.nec,ok,ok,0.20750187430530787,0.13390647433698177,1.5496,1
g1ojs/40m/opt/40m V integral PI-24.nec,ok,ok,0.20841621607542038,0.1353087667375803,1.5403,1
g1ojs/40m/opt/40m V integral PI-25.nec,ok,ok,0.20748965768143535,0.1342715471982956,1.5453,1
g1ojs/40m/opt/40m V integral PI-26.nec,ok,ok,0.20751977898180485,0.13389181811362505,1.5499,1
g1ojs/40m/opt/40m V integral PI-27.nec,ok,ok,0.207327239215374,0.1339828372001648,1.5474,1
g1ojs/40m/opt/40m V integral PI-28.nec,ok,ok,0.20774600561708212,0.13410295313224196,1.5492,1
g1ojs/40m/opt/40m V integral PI-29.nec,ok,ok,0.21602993085980415,0.13351739989593625,1.6180,1
g1ojs/40m/opt/40m V integral PI-30.nec,ok,ok,0.20740477507933974,0.1332822502590716,1.5561,1
g1ojs/40m/opt/40m V integral PI_003-19.nec,ok,ok,0.2077572220005095,0.13395310891792178,1.5510,1
g1ojs/40m/opt/40m V integral PI_007-12.nec,ok,ok,0.20879722340032458,0.13440852938219905,1.5535,1
g1ojs/40m/trials/40m V cage.nec,ok,ok,1.760468197055161,1.1472080489620566,1.5346,1
g1ojs/40m/trials/40m V curve 4pts 7MHz.nec,ok,ok,1.0086834318935871,0.6405584504827857,1.5747,1
g1ojs/40m/trials/40m V curve 5pts 7MHz.nec,ok,ok,1.0101132420822978,0.6449505924247205,1.5662,1
g1ojs/40m/trials/40m V integral PI.nec,ok,ok,1.0155885517597198,0.6486953422427177,1.5656,1
g1ojs/40m/trials/40m V mesh.nec,ok,ok,1.5927562569268048,1.0178715512156487,1.5648,1
g1ojs/630m/630m Three Turn Coax Magloop V.nec,ok,ok,0.09019502578303218,0.06120037194341421,1.4738,1
g1ojs/80m/40m V3.nec,ok,ok,1.0097455070354044,0.6438998617231846,1.5682,1
g1ojs/80m/80m 239cm Circ 10mm Cu Magloop V.nec,ok,ok,0.1056984611786902,0.06599275441840291,1.6017,1
g1ojs/80m/80m V cap plates high H.nec,ok,ok,1.193538527470082,0.775001376401633,1.5400,1
g1ojs/80m/80m V cap plates solid coplanar.nec,ok,ok,1.3476818390190601,0.8684683809988201,1.5518,1
g1ojs/80m/80m V cap plates solid felt.nec,ok,ok,1.3059561541303992,0.835193335544318,1.5637,1
g1ojs/80m/80m V.nec,ok,ok,1.0462986510246992,0.6654976261779666,1.5722,1
g1ojs/80m/80m V3.nec,ok,ok,1.0680876420810819,0.6832623551599681,1.5632,1
g1ojs/80m/_80m Dipole ref.nec,ok,ok,1.5251964768394828,0.9738744511269033,1.5661,1
g1ojs/80m/tmp.nec,ok,ok,0.9295013132505119,0.5950343906879425,1.5621,1
g1ojs/Delta loop/loop.nec,ok,ok,0.8698989721015096,0.55769864609465,1.5598,1
g1ojs/Loft wires/1V.nec,ok,ok,1.0040144664235413,0.639634563587606,1.5697,1
g1ojs/Loft wires/2V.nec,ok,ok,1.0148909208364785,0.6451605684123933,1.5731,1
g1ojs/Loft wires/LF.nec,ok,ok,1.1229146742261946,0.7128545083105564,1.5752,1
g1ojs/Loft wires/Max space V centre.nec,ok,ok,1.0046088118106127,0.6423529773019254,1.5640,1
g1ojs/Loft wires/Max space V diag.nec,ok,ok,1.0085038570687175,0.6405977662652731,1.5743,1
g1ojs/Loft wires/Spiral.nec,ok,ok,1.0411920412443578,0.6656203810125589,1.5642,1
g1ojs/Magloop with cap on coupling loop.nec,ok,ok,0.11325795482844114,0.06622720928862691,1.7101,1
g1ojs/Magloop with gap and cap on coupling loop.nec,ok,ok,0.20054399641230702,0.12665273575112224,1.5834,1
g1ojs/Meander Loading/40m Dipole at 7m reference.nec,ok,ok,0.2933682114817202,0.1874337624758482,1.5652,1
g1ojs/Meander Loading/40m Dipole at 7m with 10 meanders.nec,ok,ok,0.21162647102028131,0.13679378665983677,1.5470,1
g1ojs/Meander Loading/40m Dipole at 7m with 20 meanders.nec,ok,ok,0.2263691620901227,0.13702906901016831,1.6520,1
g1ojs/Meander Loading/40m Inverted V at 7m with 10 meanders.nec,ok,ok,0.2154718516394496,0.13479171646758914,1.5986,1
g1ojs/Meander Loading/40m Inverted V at 7m with full meandering.nec,ok,ok,0.21009052777662873,0.1440514400601387,1.4584,1
g1ojs/Open wire V/Open wire V fixed wire length.nec,ok,ok,1.189234769437462,0.7533154021948576,1.5787,1
g1ojs/Open wire V/Open wire V max wire length.nec,ok,ok,0.94259994616732,0.5953790447674692,1.5832,1
g1ojs/Small Receiving Loops/1m dia loop.nec,ok,ok,0.08119558356702328,0.05356176849454641,1.5159,1
g1ojs/Trapped/TRAPx1 V 40m 20m.nec,ok,ok,0.09512674110010266,0.05635456880554557,1.6880,1
g1ojs/Trapped/TRAPx2 V 40m 20m 10m - remove 10m.nec,ok,ok,0.08332931715995073,0.05430647078901529,1.5344,1
g1ojs/Trapped/TRAPx2 V 40m 20m 10m.nec,ok,ok,0.08636891515925527,0.05624762503430247,1.5355,1
g1ojs/Trapped/TRAPx2 V 40m 20m 6m.nec,ok,ok,0.08693407429382205,0.055662896018475294,1.5618,1
g1ojs/Trapped/TRAPx2_V.nec,ok,ok,61.55080326180905,38.701801530551165,1.5904,1
g1ojs/Trapped/Test.nec,ok,ok,0.46434082509949803,0.29497049236670136,1.5742,1
g1ojs/Trapped/Trap V - 6m 15m.nec,ok,ok,0.0813892325386405,0.05325123108923435,1.5284,1
g1ojs/Trapped/Trap_V.nec,ok,ok,0.08665825519710779,0.05578469578176737,1.5534,1
g1ojs/Tree/treeV_20m_10m.nec,ok,ok,0.079569345805794,0.052609424106776714,1.5125,1
g1ojs/Verticals/10m OCF H/10m H OCF 2.5m long.nec,ok,ok,0.38785534258931875,0.2521761367097497,1.5380,1
g1ojs/Verticals/10m OCF H/10m H OCF 3.5m long.nec,ok,ok,0.3847209536470473,0.24983212584629655,1.5399,1
g1ojs/Verticals/10m OCF H/10m H OCF 3m long.nec,ok,ok,0.3873098096810281,0.25187088642269373,1.5377,1
g1ojs/Verticals/10m OCF H/10m Vertical V 3m tall.nec,ok,ok,0.8178002061322331,0.5178360110148787,1.5793,1
g1ojs/Verticals/15m/15m H OCF 3m long.nec,ok,ok,0.4639370134100318,0.2999454978853464,1.5467,1
g1ojs/Verticals/20m/20m horizontal V 3.5m high.nec,ok,ok,0.8552541402168572,0.5407746392302215,1.5815,1
g1ojs/Verticals/20m/20m horizontal diamond 3m high.nec,ok,ok,0.861328570637852,0.547731845639646,1.5725,1
g1ojs/Verticals/others/10m H OCF - Copy.nec,ok,ok,0.4153410722501576,0.2516169613227248,1.6507,1
g1ojs/Verticals/others/10m arrow 2 wire 75cm wide - OCF.nec,ok,ok,0.3859019801020622,0.2513158265501261,1.5355,1
g1ojs/Verticals/others/10m bicone 2 wire 100cm wide.nec,crash,ok,1.2030312516726553,0.2664851127192378,,0
g1ojs/Verticals/others/10m bicone 2 wire 150cm wide.nec,crash,ok,1.1899125166237354,0.4276685882359743,,0
g1ojs/Verticals/others/10m bicone 2 wire 40cm wide.nec,crash,ok,1.189407094847411,0.2645603958517313,,0
g1ojs/Verticals/others/10m bicone 2 wire 50cm wide.nec,crash,ok,1.1901750033721328,0.27153419610112906,,0
g1ojs/Verticals/others/10m bicone 2 wire 75cm wide - OCF.nec,ok,ok,0.40004648407921195,0.26215403201058507,1.5260,1
g1ojs/Verticals/others/10m bicone 2 wire 75cm wide.nec,crash,ok,1.1898364098742604,0.2651417227461934,,0
g1ojs/Verticals/others/10m bicone 2 wire.nec,crash,ok,1.1899851807393134,0.2668107934296131,,0
g1ojs/Verticals/others/10m bicone 4 wire.nec,crash,ok,1.1910373168066144,0.2785265143029392,,0
g1ojs/Verticals/others/10m bitrap.nec,crash,ok,1.1894718669354916,0.2593602132983506,,0
g1ojs/Verticals/others/10m general.nec,crash,ok,1.1902466788887978,0.291239898186177,,0
g1ojs/Verticals/others/Dipole 4.6m _ too long.nec,crash,ok,1.265816084574908,0.24500243552029133,,0
g1ojs/Verticals/others/general 1.nec,crash,ok,1.1920028910972178,0.7620962904766202,,0
g1ojs/Verticals/others/general 15m.nec,crash,ok,1.1912264577113092,0.5702522690407932,,0
g1ojs/Verticals/others/general 2.nec,crash,ok,1.1901886695995927,0.8460963480174541,,0
g1ojs/Verticals/others/opt/general 2-01.nec,crash,ok,1.1913990462198853,0.13189977360889316,,0
g1ojs/Verticals/others/opt/general 2-02.nec,crash,ok,1.1912039751186967,0.17971701314672828,,0
g1ojs/Verticals/others/opt/general 2-03.nec,crash,ok,1.1918073818087578,0.12697068694978952,,0
g1ojs/Verticals/others/opt/general 2-04.nec,crash,ok,1.2058225413784385,0.18024192983284593,,0
g1ojs/Verticals/others/opt/general 2-05.nec,crash,ok,1.1935736634768546,0.1780996178276837,,0
g1ojs/Verticals/others/opt/general 2-06.nec,crash,ok,1.1910309409722686,0.126154154073447,,0
g1ojs/Verticals/others/opt/general 2-07.nec,crash,ok,1.1911588539369404,0.17819755896925926,,0
g1ojs/Verticals/others/opt/general 2-08.nec,crash,ok,1.2060842015780509,0.1261778469197452,,0
g1ojs/Verticals/others/opt/general 2-09.nec,crash,ok,1.2076986380852759,0.12682156218215823,,0
g1ojs/Verticals/others/opt/general 2-10.nec,crash,ok,1.1920330706052482,0.12646234640851617,,0
g1ojs/Verticals/others/opt/general 2-11.nec,crash,ok,1.1915027289651334,0.12686681654304266,,0
g1ojs/Verticals/others/opt/general 2-12.nec,crash,ok,1.1915260590612888,0.1267880480736494,,0
g1ojs/Verticals/others/opt/general 2-13.nec,crash,ok,1.2062923167832196,0.17856659926474094,,0
g1ojs/Verticals/others/opt/general 2-14.nec,crash,ok,1.207360356580466,0.12662893068045378,,0
g1ojs/Verticals/others/opt/general 2-15.nec,crash,ok,1.192175941541791,0.12972847977653146,,0
g1ojs/Verticals/others/opt/general 2-16.nec,crash,ok,1.2066062004305422,0.12567391712218523,,0
g1ojs/Verticals/others/opt/general 2-17.nec,crash,ok,1.1923242285847664,0.12663711654022336,,0
g1ojs/Verticals/others/opt/general 2-18.nec,crash,ok,1.1921331440098584,0.12678560754284263,,0
g1ojs/Verticals/others/opt/general 2-20.nec,crash,ok,1.2118867840617895,0.17892996314913034,,0
g1ojs/Verticals/others/opt/general 2-21.nec,crash,ok,1.2026053364388645,0.1265915809199214,,0
g1ojs/Verticals/others/opt/general 2-22.nec,crash,ok,1.1920647299848497,0.12670559016987681,,0
g1ojs/Verticals/others/opt/general 2-25.nec,crash,ok,1.1910558138042688,0.12702422216534615,,0
g1ojs/Verticals/others/opt/general 2-26.nec,crash,ok,1.191874569747597,0.1264636879786849,,0
g1ojs/Verticals/others/opt/general 2-27.nec,crash,ok,1.2055679284967482,0.12660168251022696,,0
g1ojs/Verticals/others/opt/general 2-28.nec,crash,ok,1.1925537646748126,0.12969186902046204,,0
g1ojs/Verticals/others/opt/general 2-29.nec,crash,ok,1.191357200499624,0.12563559273257852,,0
g1ojs/Verticals/others/opt/general 2-30.nec,crash,ok,1.206936711911112,0.12718573166057467,,0
g1ojs/_1m/Contrahelix 1.nec,ok,ok,0.052097773645073175,0.021034455858170986,,0
g1ojs/_1m/Dipole linear 1 75pc.nec,ok,ok,0.00520259840413928,0.005552099552005529,,0
g1ojs/_1m/Dipole to slot/1 Dipole.nec,ok,ok,0.004058660473674536,0.004363305866718292,,0
g1ojs/_1m/Dipole to slot/2 Dipole H.nec,ok,ok,0.005180505104362965,0.0052887555211782455,,0
g1ojs/_1m/Dipole to slot/3 Dipole H Serifs.nec,ok,ok,0.008913010358810425,0.008262696210294962,,0
g1ojs/_1m/Dipole to slot/4 Dipole Rects.nec,ok,ok,0.011436860542744398,0.010619916021823883,,0
g1ojs/_1m/Dipole to slot/5 Dipole Rects Shorts.nec,ok,ok,0.013572207186371088,0.011804931797087193,,0
g1ojs/_1m/Dipole to slot/6 Dipole Rects Shorts 2.nec,ok,ok,0.004441224504262209,0.004585454240441322,,0
g1ojs/_1m/Dipole with matching l _ 0.25 v1.nec,ok,ok,0.007390601560473442,0.007036583032459021,,0
g1ojs/_1m/Dipole with matching l _ 0.25 v2.nec,ok,ok,0.007551366928964853,0.0057173827663064,,0
g1ojs/_1m/Dipole with matching l _ 0.33.nec,ok,ok,0.007200342603027821,0.007168415002524853,,0
g1ojs/_1m/Dipole.nec,ok,ok,0.004186667967587709,0.0037299864925444126,,0
g1ojs/_1m/Folded 1.nec,ok,ok,0.006200922187417746,0.006039137952029705,,0
g1ojs/_1m/Helix Dipole 11 turn.nec,ok,ok,0.02920048451051116,0.012086243368685246,,0
g1ojs/_1m/Helix Dipole 2.5 turn.nec,ok,ok,0.006144818849861622,0.005197362508624792,,0
g1ojs/_1m/Helix Dipole 21 turn.nec,ok,ok,0.029058124404400587,0.011846463195979595,,0
g1ojs/_1m/Helix Dipole 3 turn.nec,ok,ok,0.0060889264568686485,0.006435205694288015,,0
g1ojs/_1m/Helix Dipole 5 turn.nec,ok,ok,0.006098608952015638,0.005128695163875818,,0
g1ojs/_1m/Helix Dipole 7 turn.nec,ok,ok,0.029556320048868656,0.012452947907149792,,0
g1ojs/_1m/Helix Dipole 9 turn.nec,ok,ok,0.029277584981173277,0.012185538187623024,,0
g1ojs/_1m/Pair 1.nec,ok,ok,0.00659189373254776,0.006873904727399349,,0
g1ojs/_1m/Trapezium 1.nec,ok,ok,0.005847482476383448,0.005686700809746981,,0
g1ojs/_1m/Trapezium 2.nec,ok,ok,0.005832739640027285,0.005809762515127659,,0
g1ojs/_1m/Two rect dipole.nec,ok,ok,0.01885547861456871,0.015583351720124483,,0
g1ojs/_2m/2m clutter/2m Diamond A144S5R over ground with clutter.nec,ok,ok,1.6043011462315917,0.36916957376524806,4.3457,1
g1ojs/_2m/2m clutter/2m Diamond A144S5R over ground.nec,ok,ok,0.0940752699971199,0.03338318690657616,,0
g1ojs/_2m/2m clutter/Circular Quad 2 ele V-pol with clutter.nec,ok,ok,0.358223473187536,0.0865606046281755,4.1384,1
g1ojs/_2m/2m clutter/Circular Quad 2 ele with clutter no 6m.nec,ok,ok,0.339861910790205,0.08328478317707777,4.0807,1
g1ojs/_2m/2m clutter/Circular Quad 2 ele with clutter no loop.nec,ok,ok,0.24451714800670743,0.06437073834240437,3.7986,1
g1ojs/_2m/2m clutter/Circular Quad 2 ele with clutter.nec,ok,ok,0.35750736901536584,0.08637651056051254,4.1389,1
g1ojs/_2m/2m clutter/Circular Quad 2 ele.nec,ok,ok,0.029610293451696634,0.011962246615439653,,0
g1ojs/_2m/2m clutter/Clutter feed the clutter.nec,ok,ok,0.19590713642537594,0.0508004198782146,3.8564,1
g1ojs/_2m/2m clutter/Dipole ref with clutter.nec,ok,ok,1.0105785601772368,0.2351287892088294,4.2980,1
g1ojs/_2m/2m clutter/Dipole ref.nec,ok,ok,0.005822869949042797,0.005301244091242552,,0
g1ojs/_2m/2m clutter/Stacked dipoles x2.nec,ok,ok,0.010090476367622614,0.007466685026884079,,0
g1ojs/_2m/Cylindrical slots/2m Circular Slot Cube H Pol.nec,ok,ok,0.021857788786292076,0.009707321878522635,,0
g1ojs/_2m/Cylindrical slots/2m Circular Slot Cube V Pol.nec,ok,ok,0.02981521748006344,0.011919937562197447,,0
g1ojs/_2m/Cylindrical slots/2m Cylindrical Slot Open.nec,ok,ok,0.28740297676995397,0.0863530426286161,3.3282,1
g1ojs/_2m/Cylindrical slots/2m Pair of circles with tilt 0 deg.nec,ok,ok,0.04195134760811925,0.01703769201412797,,0
g1ojs/_2m/Cylindrical slots/2m Pair of circles with tilt 90 deg.nec,ok,ok,0.023228767327964306,0.010725812055170536,,0
g1ojs/_2m/Cylindrical slots/2m Pair of circles with tilt.nec,ok,ok,0.022764604073017836,0.010136799421161413,,0
g1ojs/_2m/Cylindrical slots/Slot cube C shape.nec,ok,ok,0.031956848222762346,0.020651211962103844,,0
g1ojs/_2m/Driven beams/2ele 0.25m long.nec,ok,ok,0.010656403377652168,0.008088009897619486,,0
g1ojs/_2m/Driven beams/5ele 1m long.nec,ok,ok,0.04080109903588891,0.024559414479881525,,0
g1ojs/_2m/Driven beams/5ele 3m long .nec,ok,ok,0.0421227072365582,0.024154390674084425,,0
g1ojs/_2m/Evolved/Ev3.nec,ok,ok,0.0036177481524646282,0.0038438020274043083,,0
g1ojs/_2m/Evolved/Ev4.nec,ok,ok,0.0035415077582001686,0.003768651746213436,,0
g1ojs/_2m/Evolved/Ev5.nec,ok,ok,0.0035390700213611126,0.003717405255883932,,0
g1ojs/_2m/Evolved/Ev6.nec,ok,ok,0.003544710110872984,0.003667109180241823,,0
g1ojs/_2m/Evolved/Ev7.nec,ok,ok,0.003584193531423807,0.003747626207768917,,0
g1ojs/_2m/Evolved/Ev8.nec,ok,ok,0.003887159749865532,0.004075573291629553,,0
g1ojs/_2m/Evolved/Ev9.nec,ok,ok,0.0038777156732976437,0.004108945373445749,,0
g1ojs/_2m/Evolved/Test5.nec,ok,ok,0.003862145822495222,0.004097525030374527,,0
g1ojs/_2m/Franklin/Horizontal 2m Franklin V over ground.nec,ok,ok,0.040209530387073755,0.023000658489763737,,0
g1ojs/_2m/Franklin/Horizontal 2m Franklin oddity.nec,ok,ok,0.05690253898501396,0.032173986081033945,,0
g1ojs/_2m/Franklin/Horizontal 2m Franklin over ground with Franklin reflector.nec,ok,ok,0.14107164880260825,0.04629758791998029,,0
g1ojs/_2m/Franklin/Horizontal 2m Franklin over ground.nec,ok,ok,0.04040946112945676,0.023068121634423733,,0
g1ojs/_2m/Franklin/Horizontal 2m Franklin with Twin Reflectors.nec,ok,ok,0.05670117400586605,0.0321144163608551,,0
g1ojs/_2m/Franklin/Horizontal 2m Franklin with droops over ground.nec,ok,ok,0.04910796834155917,0.027402461506426334,,0
g1ojs/_2m/Franklin/Horizontal 2m Vertical Franklin over ground.nec,ok,ok,0.04156738892197609,0.023385156877338886,,0
g1ojs/_2m/Halo based/2m Chimney Halo Phi_0 El_0.nec,ok,ok,0.08483549300581217,0.02989071700721979,,0
g1ojs/_2m/Halo based/2m Chimney Halo Phi_0 El_45.nec,ok,ok,0.085609779227525,0.02990337647497654,,0
g1ojs/_2m/Halo based/2m Chimney Halo Phi_0 El_90.nec,ok,ok,0.08547940850257874,0.0301687428727746,,0
g1ojs/_2m/Halo based/2m Horizontal Halo at 9m Phi_0 El_00.nec,ok,ok,0.0851119658909738,0.030024025589227676,,0
g1ojs/_2m/Halo based/2m Low halo Phi_0 El_0.nec,ok,ok,0.09500972786918283,0.02983611635863781,,0
g1ojs/_2m/Halo based/2m Stacked Halos Phi_0 El_0 1.5m.nec,ok,ok,0.33553517749533057,0.10342047968879342,3.2444,1
g1ojs/_2m/Halo based/2m Stacked Halos Phi_0 El_0 1.7m.nec,ok,ok,0.3352398816496134,0.10263201408088207,3.2664,1
g1ojs/_2m/Halo based/2m Vertical Halo at 9m Phi_0 El_90.nec,ok,ok,0.08566724928095937,0.030373637564480305,,0
g1ojs/_2m/Halo based/2m halo 8m agl Phi_0 El_0.nec,ok,ok,0.08509546890854836,0.029901952017098665,,0
g1ojs/_2m/Halo based/2m low stacked halos Phi_0 El_0 1.03m .nec,ok,ok,0.34705088660120964,0.10252677369862795,3.3850,1
g1ojs/_2m/Halo based/Horizontal direct fed S with coax balun not folded.nec,ok,ok,0.13134295446798205,0.04298182763159275,,0
g1ojs/_2m/Halo based/Horizontal direct fed S2 with coax balun not folded.nec,ok,ok,0.13098840322345495,0.04296315833926201,,0
g1ojs/_2m/Halo based/Horizontal direct fed halo with coax balun not folded.nec,ok,ok,0.13033008994534612,0.04262702073901892,,0
g1ojs/_2m/Halo based/Horizontal halo delta match with coax balun not folded - Copy.nec,ok,ok,0.16534731443971395,0.05451223533600569,3.0332,1
g1ojs/_2m/Helix/2m Pair of 2turn Helices 1 thin interconnect.nec,crash,ok,1.2086961958557367,0.011958410497754812,,0
g1ojs/_2m/Helix/2m Pair of 2turn Helices 2mm wire.nec,crash,ok,1.210047896951437,0.011938853189349174,,0
g1ojs/_2m/Helix/2m Single 2turn Helix - Horizontal.nec,ok,ok,0.012619938235729933,0.008737727534025908,,0
g1ojs/_2m/Helix/2m Single 2turn Helix as built.nec,ok,ok,0.012118494603782892,0.00863812305033207,,0
g1ojs/_2m/Helix/2m Single 2turn Helix e.g.nec,ok,ok,0.01233471417799592,0.008646856993436813,,0
g1ojs/_2m/Helix/2m Single 2turn Helix.nec,ok,ok,0.012290954124182463,0.008593910373747349,,0
g1ojs/_2m/Helix/2m Single Helix 1 thin wire direct feed with feedline.nec,ok,ok,0.04704594472423196,0.01958023803308606,,0
g1ojs/_2m/Helix/Square helix.nec,ok,ok,0.028740082401782274,0.015070788096636534,,0
g1ojs/_2m/Hentenna based/2m Cuboid Hentenna Symmetric.nec,ok,ok,0.09703070297837257,0.05228844052180648,1.8557,1
g1ojs/_2m/Hentenna based/2m Hentenna fs.nec,ok,ok,0.006441133562475443,0.0062301806174218655,,0
g1ojs/_2m/Hentenna based/2m Hentenna over ground Phi_0 - flashing.nec,ok,ok,3.395074932370335,0.5397804379463196,6.2897,1
g1ojs/_2m/Hentenna based/2m Hentenna over ground Phi_0.nec,ok,ok,0.06421900540590286,0.02353444369509816,,0
g1ojs/_2m/Hentenna based/2m Hentenna over ground Phi_90 - flashing.nec,ok,ok,3.385919456835836,0.5287215770222247,6.4040,1
g1ojs/_2m/Hentenna based/2m Hentenna over ground.nec,ok,ok,0.06421767547726631,0.02363538183271885,,0
g1ojs/_2m/Hentenna based/2m Small Cube Hentenna.nec,ok,ok,0.07326763961464167,0.027424402069300413,,0
g1ojs/_2m/Hentenna based/2m Small Cuboid Hentenna Symmetric.nec,ok,ok,0.09644424822181463,0.05163831729441881,1.8677,1
g1ojs/_2m/Hentenna based/2m Small Cuboid Hentenna.nec,ok,ok,0.07361058611422777,0.026878995820879936,,0
g1ojs/_2m/Hentenna based/2m Small Hentenna Loop 12.5 Ohms.nec,ok,ok,0.047456626780331135,0.0260254368185997,,0
g1ojs/_2m/Hentenna based/2m Small Hentenna Loop 700x200 Stub Match Wire dia.nec,ok,ok,0.049824732821434736,0.027489266823977232,,0
g1ojs/_2m/Hentenna based/2m Small Hentenna Loop 700x200 Stub Match.nec,ok,ok,0.05004574730992317,0.027401022613048553,,0
g1ojs/_2m/Hentenna based/2m Small Hentenna Loop 700x280 Stub Match.nec,ok,ok,0.050232346169650555,0.027355176396667957,,0
g1ojs/_2m/Hentenna based/2m Wide Hentenna over ground.nec,ok,ok,0.028355025220662355,0.0177396172657609,,0
g1ojs/_2m/Hentenna based/2m gapped hentenna over ground.nec,ok,ok,0.15653530322015285,0.0506156487390399,3.0926,1
g1ojs/_2m/Hentenna based/2x Stacked 2m Hentenna Single Feed Inverted parallel to roof ridge over Ground.nec,ok,ok,0.15901491604745388,0.05359648447483778,2.9669,1
g1ojs/_2m/Hentenna based/2x Stacked 2m Hentenna Single Feed parallel to roof ridge over Ground Base Direct Feed.nec,ok,ok,0.11647180886939168,0.04112434899434447,,0
g1ojs/_2m/Hentenna based/2x Stacked 2m Hentenna Single Feed parallel to roof ridge over Ground.nec,ok,ok,0.1477837315760553,0.05308578349649906,2.7839,1
g1ojs/_2m/Hentenna based/2x Stacked 2m Hentenna parallel to roof ridge over Ground.nec,ok,ok,0.1281062145717442,0.044181063305586576,,0
g1ojs/_2m/Hentenna based/2x Stacked 2m Hentenna parallel to roof ridge with reflector.nec,ok,ok,0.17914592707529664,0.06005237251520157,2.9832,1
g1ojs/_2m/Hentenna based/Build.nec,ok-no-source,ok-no-source,0.04942566994577646,0.022684558760374784,,0
g1ojs/_2m/Horizontal 2m Moxon.nec,ok,ok,0.01876759435981512,0.012525856960564852,,0
g1ojs/_2m/Horizontal Dipole with end loading plates.nec,ok,ok,0.06915786443278193,0.03089765878394246,,0
g1ojs/_2m/Larger loops/Fullwave square one turn.nec,ok,ok,0.006285043898969889,0.005496804136782885,,0
g1ojs/_2m/Larger loops/Rect 35cm x 50cm.nec,ok,ok,0.006067030597478151,0.005317047704011202,,0
g1ojs/_2m/Larger loops/Rect 35cm x 60cm.nec,ok,ok,0.00606402475386858,0.00523193646222353,,0
g1ojs/_2m/Larger loops/Skinny wire diamond loop.nec,ok,ok,0.01356538338586688,0.00973517494276166,,0
g1ojs/_2m/Larger loops/Square 40cm.nec,ok,ok,0.006149832159280777,0.005238932557404041,,0
g1ojs/_2m/Magloop/2m 17cm dia Magloop 144.2 MHz H - FS.nec,ok,ok,0.010317662730813026,0.00875416537746787,,0
g1ojs/_2m/Magloop/2m 17cm dia Magloop 144.2 MHz H.nec,ok,ok,0.04090967867523432,0.01719555864110589,,0
g1ojs/_2m/Magloop/2m 17cm dia Magloop 144.2 MHz V.nec,ok,ok,0.04093370772898197,0.017741900868713856,,0
g1ojs/_2m/Owen Collinear.nec,ok,ok,0.008263956289738417,0.0058026001788675785,,0
g1ojs/_2m/Quads/Circular Loop.nec,ok,ok,0.014894244726747274,0.007577143143862486,,0
g1ojs/_2m/Quads/Circular Quad 2 ele - fb.nec,ok,ok,0.029233541805297136,0.01182803139090538,,0
g1ojs/_2m/Quads/Rect Wire Quad 3 ele 50R.nec,ok,ok,0.06140564847737551,0.035742854699492455,,0
g1ojs/_2m/Quads/Square Quad 1 with dipole reflector.nec,ok,ok,0.015094997826963663,0.010532029904425144,,0
g1ojs/_2m/Quads/Square Quad 2 ele 50R.nec,ok,ok,0.03000319004058838,0.01853644847869873,,0
g1ojs/_2m/Quads/Square Quad 2 ele box.nec,ok,ok,0.060681684873998165,0.03549970220774412,,0
g1ojs/_2m/Quads/Square Thick Wire Quad 3 ele 50R.nec,ok,ok,0.05981089128181338,0.03469732403755188,,0
g1ojs/_2m/Quads/Square Wire Quad 2 ele 50R with clutter.nec,ok,ok,0.7939042705111206,0.18768880981951952,4.2299,1
g1ojs/_2m/Quads/Square Wire Quad 2 ele 50R.nec,ok,ok,0.03161321394145489,0.020349711179733276,,0
g1ojs/_2m/Quads/Square Wire Quad 3 ele 50R - fb.nec,ok,ok,0.061305508483201265,0.03591621806845069,,0
g1ojs/_2m/Quads/Square Wire Quad 3 ele 50R.nec,ok,ok,0.06131034344434738,0.035635205917060375,,0
g1ojs/_2m/Shortened dipoles/2m H dipole 0.5m.nec,ok,ok,0.0081905173137784,0.006651741918176413,,0
g1ojs/_2m/Shortened dipoles/2m Helix S dipole 0.5t.nec,ok,ok,0.05524159222841263,0.022248576395213604,,0
g1ojs/_2m/Shortened dipoles/2m Helix S dipole 0.7t.nec,ok,ok,0.055146228056401014,0.02291575027629733,,0
g1ojs/_2m/Shortened dipoles/2m Helix S dipole 1t.nec,ok,ok,0.05520466947928071,0.023999002296477556,,0
g1ojs/_2m/Shortened dipoles/2m Helix S dipole.nec,ok,ok,0.054899903014302254,0.022444660309702158,,0
g1ojs/_2m/Shortened dipoles/2m LL Dipole 2mm dia elements 40cm - hairpin.nec,ok,ok,0.03235754510387778,0.02005920745432377,,0
g1ojs/_2m/Shortened dipoles/2m LL Dipole 4mm dia elements 40cm - hairpin.nec,ok,ok,0.03164370637387037,0.019510019570589066,,0
g1ojs/_2m/Shortened dipoles/2m LL Dipole 5mm dia elements 50cm - hairpin.nec,ok,ok,0.031594709027558565,0.019538213964551687,,0
g1ojs/_2m/Shortened dipoles/2m M dipole 0.5m.nec,ok,ok,0.0073180776089429855,0.006085130386054516,,0
g1ojs/_2m/Shortened dipoles/2m Rect Petlowany Dipole 5mm dia elements flat 0.4.nec,ok,ok,0.013650630135089159,0.009581601712852716,,0
g1ojs/_2m/Shortened dipoles/2m Rect Petlowany Dipole 5mm dia elements flat 0.5.nec,ok,ok,0.013594935648143291,0.009592600166797638,,0
g1ojs/_2m/Shortened dipoles/2m Z dipole 0.5m.nec,ok,ok,0.007379740942269564,0.006045666988939047,,0
g1ojs/_2m/Shortened dipoles/2m Z dipole 0.6m.nec,ok,ok,0.007239986211061478,0.0060082655400037766,,0
g1ojs/_2m/Shortened dipoles/2m meander dipole.nec,ok,ok,0.0040060365572571754,0.004065064713358879,,0
g1ojs/_2m/Shortened dipoles/Dipole wire diameter.nec,ok,ok,0.007806992158293724,0.006277100648730993,,0
g1ojs/_2m/Shortened dipoles/Patch dipole.nec,ok,ok,1.0273864837363362,0.35085265012457967,2.9283,1
g1ojs/_2m/Slot cube tall.nec,ok,ok,0.04855351848527789,0.02236182428896427,,0
g1ojs/_2m/Slot cube wide.nec,ok,ok,0.035921274684369564,0.0219558859243989,,0
g1ojs/_2m/Slot cube.nec,ok,ok,0.03294645482674241,0.01993774250149727,,0
g1ojs/_2m/Stacked dipoles.nec,ok,ok,0.02505766274407506,0.023132555652409792,,0
g1ojs/_2m/Verticals/2m Stacked Vertical Dipoles with integral baluns - 4 lens opt WITH MEASUREMENT NOTES.nec,ok,ok,1.7948234230279922,0.5915959905833006,3.0339,1
g1ojs/_2m/Verticals/2m Stacked Vertical Dipoles with integral baluns - no harness.nec,ok,ok,1.149214648641646,0.4569725561887026,2.5148,1
g1ojs/_2m/Verticals/2m Stacked Vertical Dipoles with integral baluns reentrant harness.nec,ok,ok,1.8308693980798125,0.5989484433084726,3.0568,1
g1ojs/_2m/Verticals/2m Stacked Vertical Dipoles with integral baluns.nec,ok,ok,1.5808801464736462,0.5466913203708827,2.8917,1
g1ojs/_2m/Verticals/2m Stacked Vertical Gamma Matched Dipole over ground.nec,ok,ok,1.9856345038861036,0.6261573717929423,3.1711,1
g1ojs/_2m/Verticals/2m Vertical Dipole with integral balun.nec,ok,ok,1.1652557770721614,0.47075037052854896,2.4753,1
g1ojs/_2m/Verticals/2m Vertical Gamma Matched Dipole over ground.nec,ok,ok,1.1245961487293243,0.45879606110975146,2.4512,1
g1ojs/_2m/Verticals/2m Vertical dipole with phasing balun.nec,ok,ok,3.745570566970855,0.8434082493185997,4.4410,1
g1ojs/_2m/Verticals/2m high gain Vertical flowerpot with metal sleeve air spaced with feedline and feed stub.nec,ok,ok,0.8006596053019166,0.20543783903121948,3.8973,1
g1ojs/_2m/Verticals/Periodic stubs tests/2m 3lam monopole stubs shaped generic.nec,ok,ok,0.6063046688213944,0.30554770631715655,1.9843,1
g1ojs/_2m/Verticals/Periodic stubs tests/2m gamma dipole extended TL.nec,ok,ok,0.1619492587633431,0.055188609287142754,2.9345,1
g1ojs/_2m/Verticals/Periodic stubs tests/2m gamma dipole extended stubs - test.nec,ok,ok,0.19373737601563334,0.08782050060108304,2.2061,1
g1ojs/_2m/Verticals/Periodic stubs tests/2m gamma dipole extended stubs shaped.nec,ok,ok,0.18250318802893162,0.07860376685857773,2.3218,1
g1ojs/_2m/Verticals/Periodic stubs tests/2m gamma dipole extended stubs.nec,ok,ok,0.15969922905787826,0.06290075927972794,2.5389,1
g1ojs/_2m/Verticals/Periodic stubs tests/2m gamma dipole extended zigzag.nec,ok,ok,0.0812208685092628,0.03597337380051613,,0
g1ojs/_2m/Yagis Loop Fed/2m 3ele LF yagi BUILT.nec,ok,ok,0.047199444845318794,0.027159009594470263,,0
g1ojs/_2m/Yagis Loop Fed/2m 3ele LF yagi opt FR.nec,ok,ok,0.0474860561080277,0.027490670327097178,,0
g1ojs/_2m/Yagis/2m Diamond A144S5R free space.nec,ok,ok,0.01406056247651577,0.009692144580185413,,0
g1ojs/_2m/Yagis/Horizontal 2m 2ele yagi.nec,ok,ok,0.010017294436693192,0.007530038710683584,,0
g1ojs/_2m/Yagis/Horizontal 2m 3ele yagi - M5AML.nec,ok,ok,0.016112325713038445,0.010870261117815971,,0
g1ojs/_2m/Yagis/Horizontal 2m 4ele yagi 95cm boom 20 ohm.nec,ok,ok,0.02455390151590109,0.015724537894129753,,0
g1ojs/_2m/Yagis/Horizontal 2m 4ele yagi BUILT.nec,ok,ok,0.024442762602120638,0.015543268993496895,,0
g1ojs/_2m/Yagis/Horizontal 2m yagi 5 ele.nec,ok,ok,0.034514527302235365,0.020645059645175934,,0
g1ojs/_2m/Yagis/Horizontal 2m yagi 6 ele.nec,ok,ok,0.04732003342360258,0.027249553706496954,,0
g1ojs/_6m/6m 2ele Quad base fed.nec,ok,ok,0.4899474214762449,0.27260073320940137,1.7973,1
g1ojs/_6m/6m Dipole bars.nec,ok,ok,0.3773542372509837,0.24382610246539116,1.5476,1
g1ojs/_6m/6m Dipole coax inner fed.nec,ok,ok,0.012065279297530651,0.01158634852617979,,0
g1ojs/_6m/6m Dipole discs.nec,error,error,0.17503280565142632,0.08299182634800673,,0
g1ojs/_6m/6m Dipole droops.nec,ok,ok,0.3758209552615881,0.24659177800640464,1.5241,1
g1ojs/_6m/6m Dipole speaker wire.nec,ok,ok,0.012056409381330013,0.0083751380443573,,0
g1ojs/_6m/6m Dipole stars.nec,ok,ok,0.3849020334891975,0.24774970905855298,1.5536,1
g1ojs/_6m/6m Helically loaded dipole.nec,ok,ok,12.669320721644908,2.1889129574410617,5.7880,1
g1ojs/_6m/6m LL Bar Dipole 5mm dia elements - 2.nec,ok,ok,0.3863670602440834,0.25208952836692333,1.5327,1
g1ojs/_6m/6m LL Bar Dipole 5mm dia elements.nec,ok,ok,0.38636234076693654,0.25896395929157734,1.4920,1
g1ojs/_6m/6m LL Dipole 5mm dia elements - hairpin - 2.nec,ok,ok,0.3973980387672782,0.25836435053497553,1.5381,1
g1ojs/_6m/6m LL Dipole 5mm dia elements - hairpin.nec,ok,ok,0.39833818888291717,0.2605203678831458,1.5290,1
g1ojs/_6m/6m LL Dipole test 5mm dia elements - hairpin.nec,ok,ok,0.3963716346770525,0.2575428932905197,1.5391,1
g1ojs/_6m/6m LL2 Dipole 5mm dia elements.nec,ok,ok,0.3900478691793978,0.2514850050210953,1.5510,1
g1ojs/_6m/6m Moxgen Moxon.nec,ok,ok,0.043610206339508295,0.01769845886155963,,0
g1ojs/_6m/6m Moxon 1mm wire.nec,ok,ok,0.018346266355365515,0.011657056864351034,,0
g1ojs/_6m/6m Moxon Front coax inner fed Rear wire.nec,ok,ok,0.039609902538359165,0.021511936094611883,,0
g1ojs/_6m/6m Moxon coax inner fed.nec,ok,ok,0.03948333906009793,0.02151657920330763,,0
g1ojs/_6m/6m Quad base fed.nec,ok,ok,0.40652434481307864,0.257680416572839,1.5776,1
g1ojs/_6m/6m Quad side fed.nec,ok,ok,0.40254925563931465,0.2590679354034364,1.5538,1
g1ojs/_6m/6m Rect Petlowany Dipole 5mm dia elements 3D.nec,ok,ok,0.38212182000279427,0.24720456171780825,1.5458,1
g1ojs/_6m/6m Rect Petlowany Dipole 5mm dia elements flat 2.nec,ok,ok,0.4009693479165435,0.24727562814950943,1.6215,1
g1ojs/_6m/6m Rect Petlowany Dipole 5mm dia elements flat.nec,ok,ok,0.3825228651985526,0.24750493140891194,1.5455,1
g1ojs/_6m/6m Short Dipole 5mm dia elements - hairpin.nec,ok,ok,0.3828224721364677,0.24731348594650626,1.5479,1
g1ojs/_6m/Build.nec,ok-no-source,ok-no-source,0.005387487821280956,0.00512869656085968,,0
g1ojs/_6m/_6m Dipole ref.nec,ok,ok,0.011563645675778389,0.008067100774496794,,0
g1ojs/_6m/_6m V.nec,ok,ok,0.3807045458815992,0.24596939235925674,1.5478,1
g1ojs/__70cm/70cm 6cm dia Magloop 433.2 MHz V.nec,ok,ok,0.03686013538390398,0.016996400896459818,,0
g1ojs/__70cm/70cm Rect Petlowany Dipole 1mm dia elements flat 2.nec,ok,ok,0.01308740209788084,0.009674456901848316,,0
g1ojs/__70cm/70cm Rect Petlowany Dipole 5mm dia elements flat 2.nec,ok,ok,0.012293360196053982,0.009101166389882565,,0
g1ojs/__70cm/Dipole ref.nec,ok,ok,0.005338173359632492,0.004973395261913538,,0
g1ojs/__70cm/Horizontal 70cm 3ele LF yagi.nec,ok,ok,0.043662519194185734,0.02637965977191925,,0
g1ojs/__70cm/Patch dipole.nec,ok,ok,0.035257190465927124,0.024186736904084682,,0
g1ojs/__70cm/Square loop.nec,ok,ok,0.009879942517727613,0.007661615498363972,,0
g1ojs/__70cm/Yagis/70cm Horizontal 2ele yagi over ground.nec,ok,ok,0.009056190960109234,0.007101045455783606,,0
g1ojs/__70cm/Yagis/70cm Horizontal 3ele yagi over ground.nec,ok,ok,0.014754186850041151,0.010255356784909964,,0
g1ojs/__70cm/Yagis/70cm Stacked dipoles x3.nec,ok,ok,0.019438988994807005,0.012984435074031353,,0
g1ojs/opt/Loaded V-01.nec,ok,ok,0.2060013492591679,0.1331748766824603,1.5468,1
g1ojs/opt/Loaded V-02.nec,ok,ok,0.20611059293150902,0.13316000951454043,1.5478,1
g1ojs/opt/Loaded V-03.nec,ok,ok,0.20725122606381774,0.13379254238680005,1.5490,1
g1ojs/opt/Loaded V-04.nec,ok,ok,0.20571448374539614,0.13382076704874635,1.5372,1
g1ojs/opt/Loaded V-05.nec,ok,ok,0.20611209468916059,0.13332734210416675,1.5459,1
g1ojs/opt/Loaded V-06.nec,ok,ok,0.21181295346468687,0.13294506026431918,1.5932,1
g1ojs/opt/Loaded V-07.nec,ok,ok,0.20612928410992026,0.13285474013537169,1.5515,1
g1ojs/opt/Loaded V-08.nec,ok,ok,0.20585001120343804,0.13282229471951723,1.5498,1
g1ojs/opt/Loaded V-09.nec,ok,ok,0.2058461531996727,0.13337499741464853,1.5434,1
g1ojs/opt/Loaded V-10.nec,ok,ok,0.20616791350767016,0.13386181415989995,1.5402,1
g1ojs/opt/Loaded V-11.nec,ok,ok,0.21690665697678924,0.13352918159216642,1.6244,1
g1ojs/opt/Loaded V-12.nec,ok,ok,0.20646242843940854,0.1331022153608501,1.5512,1
g1ojs/opt/Loaded V-13.nec,ok,ok,0.20612939586862922,0.1336552258580923,1.5422,1
g1ojs/opt/Loaded V-14.nec,ok,ok,0.2059467383660376,0.13323524734005332,1.5457,1
g1ojs/opt/Loaded V-15.nec,ok,ok,0.20651492709293962,0.13310929480940104,1.5515,1
g1ojs/opt/Loaded V-16.nec,ok,ok,0.20725334528833628,0.13286050595343113,1.5599,1
g1ojs/opt/Loaded V-18.nec,ok,ok,0.20611347444355488,0.1329164863564074,1.5507,1
g1ojs/opt/Loaded V-19.nec,ok,ok,0.20769929653033614,0.13361701369285583,1.5544,1
g1ojs/opt/Loaded V-20.nec,ok,ok,0.20659273909404874,0.1329184784553945,1.5543,1
g1ojs/opt/Loaded V-21.nec,ok,ok,0.205906820949167,0.1327997762709856,1.5505,1
g1ojs/opt/Loaded V-22.nec,ok,ok,0.20621760608628392,0.13349422812461853,1.5448,1
g1ojs/opt/Loaded V-23.nec,ok,ok,0.2058700928464532,0.13290022779256105,1.5491,1
g1ojs/opt/Loaded V-24.nec,ok,ok,0.2063052044250071,0.1328662596642971,1.5527,1
g1ojs/opt/Loaded V-26.nec,ok,ok,0.20611660089343786,0.1330436826683581,1.5492,1
g1ojs/opt/Loaded V-27.nec,ok,ok,0.20644946675747633,0.133034095633775,1.5519,1
g1ojs/opt/Loaded V-28.nec,ok,ok,0.20604716101661325,0.1336055751889944,1.5422,1
icecube-dbesson/2 dipole on roof.nec,ok,ok,1.4558847527951002,0.24359793635085225,5.9766,1
icecube-dbesson/2lsloper.nec,ok,ok,0.6241755154915154,0.3900330741889775,1.6003,1
icecube-dbesson/2phased.nec,ok,ok,0.003689647652208805,0.0038591972552239895,,0
icecube-dbesson/36ccd.nec,ok,ok,0.3561955476179719,0.22705625649541616,1.5688,1
icecube-dbesson/36dip.nec,ok,ok,0.3037965972907841,0.1968873320147395,1.5430,1
icecube-dbesson/36inv.nec,ok,ok,0.3063403610140085,0.19532907009124756,1.5683,1
icecube-dbesson/36inv_split.nec,ok,ok,0.3056153883226216,0.19469743128865957,1.5697,1
icecube-dbesson/3el-inverted-V.nec,ok,ok,0.3071839311160147,0.18142987228929996,1.6931,1
icecube-dbesson/3elquad.nec,ok,ok,0.0054304213263094425,0.005173266399651766,,0
icecube-dbesson/4 Dipole Trans-lines.nec,ok,ok,0.015289089642465115,0.010543439071625471,,0
icecube-dbesson/40quad.nec,ok,ok,0.19525434356182814,0.1188418217934668,1.6430,1
icecube-dbesson/4nec2.nec,ok,ok,0.416106881108135,0.1266828258521855,3.2846,1
icecube-dbesson/4square.nec,ok,ok,0.2954370090737939,0.1888310918584466,1.5646,1
icecube-dbesson/4x20ra.nec,ok,ok,0.15289446990936995,0.0569850611500442,2.6831,1
icecube-dbesson/7lyagi10.nec,ok,ok,0.29484715638682246,0.17727728327736259,1.6632,1
icecube-dbesson/80hsbeam.nec,ok,ok,0.33380079502239823,0.1966787981800735,1.6972,1
icecube-dbesson/80rdbeam.nec,ok,ok,0.44232641626149416,0.21997476695105433,2.0108,1
icecube-dbesson/BCone45.nec,ok,ok,0.04984252667054534,0.028051014989614487,,0
icecube-dbesson/BCone55.nec,ok,ok,0.7003453588113189,0.21944669028744102,3.1914,1
icecube-dbesson/BCone65.nec,ok,ok,0.7063940027728677,0.20629047229886055,3.4243,1
icecube-dbesson/Bcone-1mmgap.nec,ok,ok,0.05229738540947437,0.02878632815554738,,0
icecube-dbesson/Bcone-3cmgap.nec,ok,ok,0.05201957235112786,0.028277637902647257,,0
icecube-dbesson/BetaMatch.nec,ok,ok,0.03461802052333951,0.017771093174815178,,0
icecube-dbesson/Bicone-dzvar.nec,ok,ok,0.052173635456711054,0.03325694473460317,,0
icecube-dbesson/Bicone0+.nec,ok,ok,0.10115960612893105,0.05891236709430814,1.7171,1
icecube-dbesson/Bicone0.nec,ok,ok,0.03239574562758207,0.022111392114311457,,0
icecube-dbesson/Catenary_1.nec,ok-no-source,ok-no-source,0.0039032124914228916,0.0039238776080310345,,0
icecube-dbesson/Cedzph10.nec,ok,ok,0.18206038139760494,0.07990379026159644,2.2785,1
icecube-dbesson/CoilCapHat.nec,ok,ok,0.24987986776977777,0.13845842517912388,1.8047,1
icecube-dbesson/Collinear_1L.nec,ok,ok,0.12188127590343356,0.07734316121786833,1.5759,1
icecube-dbesson/Deltalp.nec,ok,ok,0.10428249696269631,0.058320390060544014,1.7881,1
icecube-dbesson/Example1.nec,ok,ok,0.0034966785460710526,0.0035824989899992943,,0
icecube-dbesson/Example2.nec,ok,ok,0.003132629208266735,0.0033401898108422756,,0
icecube-dbesson/Example3.nec,ok,ok,0.303638297598809,0.19373095501214266,1.5673,1
icecube-dbesson/Fractal.nec,ok,ok,1.5212581809610128,0.7549241641536355,2.0151,1
icecube-dbesson/Generator.nec,ok,ok,0.07410587323829532,0.04777285177260637,,0
icecube-dbesson/Gwave.nec,ok,ok,0.13357824552804232,0.09346200106665492,1.4292,1
icecube-dbesson/Half-Horn2.nec,ok,ok,0.039537621196359396,0.025043442379683256,,0
icecube-dbesson/Half-horn.nec,ok,ok,0.039359517861157656,0.025542254094034433,,0
icecube-dbesson/Illuminate.nec,ok,ok,3.205979361664504,0.7126388126052916,4.4987,1
icecube-dbesson/L_match.nec,ok,ok,0.020223997067660093,0.01243672240525484,,0
icecube-dbesson/Logper.nec,ok,ok,0.02007964951917529,0.015683935955166817,,0
icecube-dbesson/Loops.nec,ok,ok,0.005159351043403149,0.004492996726185083,,0
icecube-dbesson/Lowdip.nec,ok,ok,0.35829805629327893,0.20894038025289774,1.7148,1
icecube-dbesson/Match_Test.nec,ok,ok,0.003467273898422718,0.0036008027382194996,,0
icecube-dbesson/Moxon.nec,ok,ok,0.2870377115905285,0.17391408793628216,1.6505,1
icecube-dbesson/Multiband.nec,ok,ok,0.3634561859071255,0.20448915241286159,1.7774,1
icecube-dbesson/NearFld.nec,ok,ok,2.3441201811656356,0.6609206609427929,3.5467,1
icecube-dbesson/Optimized-discone.nec,ok,ok,0.03825931716710329,0.02091429941356182,,0
icecube-dbesson/Parab50.nec,ok,ok,8.661409904714674,3.0294156190939248,2.8591,1
icecube-dbesson/Parabola.nec,ok-no-source,ok-no-source,0.1586796031333506,0.06793278735131025,,0
icecube-dbesson/Patch.nec,ok-no-source,ok-no-source,0.008363936096429825,0.00699578644707799,,0
icecube-dbesson/Phased GP.nec,ok,ok,0.02842979459092021,0.011375060770660639,,0
icecube-dbesson/Phased array Trans-line.nec,ok,ok,0.012921378947794437,0.008837197441607714,,0
icecube-dbesson/Quad.nec,ok,ok,0.4368729265406728,0.21791868517175317,2.0048,1
icecube-dbesson/RICE-dipole.nec,error,error,0.3381216092966497,0.14771509449929,,0
icecube-dbesson/RICE-dipole0.nec,error,error,0.2947369967587292,0.1272466629743576,,0
icecube-dbesson/Rhombic.nec,ok,ok,0.1605548243969679,0.08210236113518476,1.9555,1
icecube-dbesson/Slopvee.nec,ok,ok,0.3121234308928251,0.17167948698624969,1.8181,1
icecube-dbesson/T-box.nec,ok,ok,0.3486782191321254,0.13432941166684031,2.5957,1
icecube-dbesson/TL-test.nec,ok,ok,0.15668827295303345,0.08237450942397118,1.9021,1
icecube-dbesson/TV_uhf.nec,ok,ok,0.06079811276867986,0.031397939659655094,,0
icecube-dbesson/Tr-line.nec,ok,ok,0.30428389366716146,0.19449157360941172,1.5645,1
icecube-dbesson/TrapDip.nec,ok,ok,0.004639201331883669,0.004541291855275631,,0
icecube-dbesson/Vee40.nec,ok,ok,0.33991634612903,0.2103256224654615,1.6161,1
icecube-dbesson/Vyagi22.nec,ok,ok,0.026439672335982323,0.025371155701577663,,0
icecube-dbesson/Yagi16.nec,ok,ok,0.03833557199686766,0.02622640458866954,,0
icecube-dbesson/atl50E.nec,ok,ok,0.8265303336083889,0.2579187685623765,3.2046,1
icecube-dbesson/atl50e-h.nec,ok,ok,0.9239992764778435,0.29024500399827957,3.1835,1
icecube-dbesson/bev80.nec,ok,ok,0.37143657356500626,0.22519258502870798,1.6494,1
icecube-dbesson/bisq7.nec,ok,ok,0.06824524002149701,0.04595019435510039,,0
icecube-dbesson/bobtail.nec,ok,ok,0.34490716317668557,0.2158574745990336,1.5978,1
icecube-dbesson/circdip3.nec,ok,ok,0.0037000440061092377,0.003844248130917549,,0
icecube-dbesson/corner.nec,ok,ok,0.02622090419754386,0.016667933203279972,,0
icecube-dbesson/dip_curv_6m.nec,ok,ok,0.012236597016453743,0.0100428257137537,,0
icecube-dbesson/discone.nec,ok,ok,0.0372950155287981,0.020258347038179636,,0
icecube-dbesson/dscn2.nec,ok,ok,0.8761103902943432,0.28512516478076577,3.0727,1
icecube-dbesson/edzmod.nec,ok,ok,0.27224467787891626,0.17330529680475593,1.5709,1
icecube-dbesson/emeyagi.nec,ok,ok,0.021363329607993364,0.012156602460891008,,0
icecube-dbesson/fm6.nec,ok,ok,0.01072526490315795,0.008869957644492388,,0
icecube-dbesson/franklin.nec,ok,ok,0.0045270761474967,0.004912339150905609,,0
icecube-dbesson/g5rv.nec,ok,ok,0.003493256401270628,0.003665698692202568,,0
icecube-dbesson/gndplane.nec,ok,ok,0.0037864893674850464,0.004192650318145752,,0
icecube-dbesson/hel10ua.nec,ok,ok,0.44002065109089017,0.15405297419056296,2.8563,1
icecube-dbesson/helix.nec,ok,ok,1.104857929982245,0.2780618122778833,3.9734,1
icecube-dbesson/helixve5.nec,ok,ok,0.04857339849695563,0.03269819216802716,,0
icecube-dbesson/hrs_441.nec,ok,ok,13.546916794031858,5.854547976516187,2.3139,1
icecube-dbesson/i5tdjii.nec,ok,ok,0.037583112716674805,0.017971640918403864,,0
icecube-dbesson/isotrop.nec,ok,ok,0.004394059535115957,0.004686752334237099,,0
icecube-dbesson/jbl.nec,ok,ok,4.555162237025797,1.4686050601303577,3.1017,1
icecube-dbesson/lazyh.nec,ok,ok,0.005327573511749506,0.0050414507277309895,,0
kk4obi-bent-dipoles/efhw-straight.nec,ok,ok,0.09642021870240569,0.06398539617657661,1.5069,1
kk4obi-bent-dipoles/folded-end-dipole.nec,ok,ok,0.3170874756760895,0.19657505443319678,1.6131,1
kk4obi-bent-dipoles/ocf-vertical-4radials.nec,ok,ok,0.2326496969908476,0.13856741227209568,1.6790,1
kk4obi-bent-dipoles/std-vertical-dipole.nec,ok,ok,0.09548359783366323,0.059139343444257975,1.6146,1
nec-simulations/nec/biconicalAntenna.nec,ok,ok,0.005374656990170479,0.005293563473969698,,0
nec-simulations/nec/colinnearDipoles.nec,ok,ok,0.003938334994018078,0.004005194641649723,,0
nec-simulations/nec/foldedDipole_10.nec,ok,ok,0.004408246371895075,0.004414760507643223,,0
nec-simulations/nec/foldedDipole_5.nec,ok,ok,0.0036504538729786873,0.003732489887624979,,0
nec-simulations/nec/foldedDipole_50.nec,ok,ok,0.02649880852550268,0.014809281565248966,,0
nec-simulations/nec/helicalAntenna.nec,ok,ok,0.047886962071061134,0.02762836078181863,,0
nec-simulations/nec/inEchellonDipoles.nec,ok,ok,0.003639169503003359,0.0037034149281680584,,0
nec-simulations/nec/parallelDipoles.nec,ok,ok,0.004095759708434343,0.0040345159359276295,,0
nec-simulations/nec/turnstileAntenna.nec,ok,ok,0.003876207862049341,0.0039788526482880116,,0
nec-simulations/nec/turnstileTestAntenna.nec,ok,ok,7.171507143881172,2.1976612550206482,3.2632,1
nec-simulations/nec/wireAntennaFastGround.nec,ok,ok,0.4591868012212217,0.24535971274599433,1.8715,1
nec-simulations/nec/wireAntennaPerfectGround.nec,crash,ok,1.2171578560955822,0.013415526133030653,,0
nec2-toys/2m-fd-fed-yagi.nec,ok,ok,1.008479630574584,0.5934585682116449,1.6993,1
nec2-toys/2m-folded-dipole/2m-folded-dipole.nec,ok,ok,0.8576856586150825,0.526949031278491,1.6276,1
nec2-toys/oldStuff/gen1/freeSpace2mDE.nec,ok,ok,0.019255390856415033,0.014519064221531153,,0
nec2-toys/oldStuff/gen1/nec-2m-2el-146.310.nec,ok,ok,0.02549517573788762,0.016938328742980957,,0
nec2-toys/oldStuff/gen1/nec-2m-2el-1_8th-wire.nec,ok,ok,0.021686946041882038,0.015613731928169727,,0
nec2-toys/oldStuff/gen1/nec-2m-2el-3_16ths-wire.nec,ok,ok,0.021698594093322754,0.019072484690696,,0
nec2c/10RA432.nec,ok,ok,0.0074441274628043175,0.006813427433371544,,0
nec2c/19el_432_tonna.nec,ok,ok,0.07057613041251898,0.03289237804710865,,0
nec2c/20RA432.nec,ok,ok,0.028790521901100874,0.015867621637880802,,0
nec2c/20RA_X4.nec,ok,ok,0.11480020824819803,0.045149259734898806,,0
nec2c/3E_.nec,ok,ok,0.007248769048601389,0.007438430562615395,,0
nec2c/9EL_GRA.nec,ok,ok,0.020637973677366972,0.011649175081402063,,0
nec2c/9elX2b_gr.nec,ok,ok,0.20309067890048027,0.06843044515699148,2.9678,1
nec2c/9elX2b_mast.nec,ok,ok,0.1562458868138492,0.06293841218575835,2.4825,1
nec2c/9elX2b_tonna.nec,ok,ok,0.1459298711270094,0.05972367757931352,2.4434,1
nec2c/9elX2bm_gr.nec,ok,ok,0.5910477517172694,0.1425661793909967,4.1458,1
nec2c/9elX_gra.nec,ok,ok,0.06112946197390556,0.02545085269957781,,0
nec2c/9elX_tonna.nec,ok,ok,0.0506036295555532,0.026364367455244064,,0
nec2c/9elXb_tonna.nec,ok,ok,0.05067958729341626,0.026523812673985958,,0
nec2c/9elXb_tonnaf.nec,ok,ok,1.1390238190069795,0.3847023551352322,2.9608,1
nec2c/9el_p_tonna.nec,ok,ok,0.0223479769192636,0.015102406032383442,,0
nec2c/9el_tonna.nec,ok,ok,0.031110007781535387,0.014814255759119987,,0
nec2c/9el_tonnaf.nec,ok,ok,0.2922611846588552,0.1060209502466023,2.7566,1
nec2c/9elv_tonna.nec,ok,ok,0.021911535412073135,0.014634032268077135,,0
nec2c/BSZ09.nec,ok,ok,0.02011194871738553,0.015059854369610548,,0
nec2c/BSZ10.nec,ok,ok,0.2517977454699576,0.15049090096727014,1.6732,1
nec2c/CAR.nec,ok,ok,0.07946449611335993,0.04612817754969001,,0
nec2c/DIP2_7T.nec,ok,ok,0.005799667444080114,0.005284355487674475,,0
nec2c/DIP_7.nec,ok,ok,0.006854965351521969,0.007190024014562368,,0
nec2c/DIP_7T.nec,ok,ok,0.0045063975267112255,0.004538890905678272,,0
nec2c/DIP_7TB.nec,ok,ok,0.004435010254383087,0.004670819733291864,,0
nec2c/DIP_7TC.nec,ok,ok,0.0044086086563766,0.004508470185101032,,0
nec2c/DIP_7TD.nec,ok,ok,0.00443314528092742,0.004541266709566116,,0
nec2c/DIP_7TE.nec,ok,ok,0.004438746254891157,0.004631765652447939,,0
nec2c/DIP_REFL.nec,ok,ok,0.010396543424576521,0.010874296072870493,,0
nec2c/ELICA.nec,ok,ok,0.009265419095754623,0.007985502947121859,,0
nec2c/EX1.nec,ok,ok,0.0034019602462649345,0.0036273254081606865,,0
nec2c/EX2.nec,ok,ok,0.0034390604123473167,0.0036624898202717304,,0
nec2c/EX3.nec,ok,ok,0.08182500395923853,0.05455092852935195,1.5000,1
nec2c/EX5.nec,ok,ok,0.006717640906572342,0.005977105349302292,,0
nec2c/EX7.nec,ok-no-source,ok-no-source,0.0038759983144700527,0.004001860041171312,,0
nec2c/I5TDJII.nec,ok,ok,0.05306904669851065,0.026162630412727594,,0
nec2c/I5TDJIII.nec,ok,ok,0.05328371934592724,0.03035554476082325,,0
nec2c/LOGPERIO_1.nec,ok-no-source,ok-no-source,0.006073589436709881,0.005059163551777601,,0
nec2c/LPA9.nec,ok,ok,0.036345305386930704,0.02676854282617569,,0
nec2c/MARCONI.nec,ok,ok,0.005125546362251043,0.004782125819474459,,0
nec2c/MONOPOLE.nec,ok,ok,0.004997186362743378,0.0052156816236674786,,0
nec2c/MONOPOLO.nec,ok,ok,0.0051095071248710155,0.0053383163176476955,,0
nec2c/MYGP.nec,ok,ok,0.1222442970611155,0.08013295428827405,1.5255,1
nec2c/MYGPR.nec,ok,ok,0.6985425348393619,0.45418499829247594,1.5380,1
nec2c/MYGPX.nec,ok,ok,0.6941690044477582,0.45315008889883757,1.5319,1
nec2c/RHOMBIC.nec,ok,ok,0.04362076614052057,0.028002758510410786,,0
nec2c/ROMBICA.nec,ok,ok,0.0437698601745069,0.027434794697910547,,0
nec2c/SKYWIRE.nec,ok,ok,0.013376468326896429,0.009576378855854273,,0
nec2c/SPIRAL.nec,error,error,0.005446768831461668,0.00535028800368309,,0
nec2c/TEST299.nec,ok,ok,0.04765370348468423,0.020649653393775225,,0
nec2c/TRI_7.nec,ok,ok,0.010404208675026894,0.00904642790555954,,0
nec2c/TRI_7T.nec,ok,ok,0.00748057197779417,0.005996790248900652,,0
nec2c/TRI_7TA.nec,ok,ok,0.007406329270452261,0.006093731615692377,,0
nec2c/TRI_7TB.nec,ok,ok,0.007492792326956987,0.005914334207773209,,0
nec2c/TRI_7TC.nec,ok,ok,0.00731904711574316,0.006064802408218384,,0
nec2c/VBS_28_T.nec,ok,ok,0.006079344544559717,0.005846474319696426,,0
nec2c/VB_28_T.nec,ok,ok,0.0059763602912425995,0.0055772243067622185,,0
nec2c/YG_4X6.nec,ok,ok,0.012659936677664518,0.013819949701428413,,0
nec2c/YG_4X6_B.nec,ok,ok,0.03486555675044656,0.021558034233748913,,0
nec2c/YG_6EL.nec,ok,ok,0.008020164910703897,0.007915431633591652,,0
nec2c/YI20_40B.nec,ok,ok,1.4948786944150925,0.7421034835278988,2.0144,1
nec2c/YI20_40C.nec,ok,ok,1.84386670216918,0.6329098441638052,2.9133,1
nec2c/dip_curv_6m.nec,ok,ok,0.01216444605961442,0.00976142706349492,,0
nec2c/dl_2el_18.nec,ok,ok,0.029530637431889772,0.01647139573469758,,0
nec2c/dl_2el_18_1.nec,ok,ok,0.011091009713709354,0.009750704281032085,,0
nec2c/dl_2el_18_1t.nec,ok,ok,0.008238251321017742,0.006523997522890568,,0
nec2c/dl_2el_18_1t15mvp.nec,ok,ok,0.3044730322435498,0.18669535452499986,1.6309,1
nec2c/dl_2el_18_t10m.nec,ok,ok,0.008294410537928343,0.006690676789730787,,0
nec2c/dl_2el_18_t10mvp.nec,ok,ok,0.008124589920043945,0.006385703571140766,,0
nec2c/dl_2el_18b24.nec,ok,ok,0.028369507752358913,0.018199080135673285,,0
nec2c/dl_2el_24b18.nec,ok,ok,0.02907839696854353,0.0251602279022336,,0
nec2c/dl_2el_28_1.nec,ok,ok,0.030572953633964062,0.01812033262103796,,0
nec2c/dl_2el_28_1t.nec,ok,ok,0.03194552334025502,0.016073513310402632,,0
nec2c/dl_2el_28_f.nec,ok,ok,0.5205514989793301,0.1777887032367289,2.9279,1
nec2c/dl_4el_20.nec,ok,ok,0.05657697468996048,0.028540761210024357,,0
nec2c/dl_4el_20f.nec,ok,ok,0.6340944659896195,0.21767685422673821,2.9130,1
nec2c/firstrhombic.nec,ok,ok,0.01014022110030055,0.007287041749805212,,0
nec2c/i5tdjiiif.nec,ok,ok,1.2126088021323085,0.36105679580941796,3.3585,1
nec2c/log_periodic.nec,ok,ok,0.03602791577577591,0.02618675585836172,,0
nec2c/logperA9.nec,ok,ok,0.03648538747802377,0.02678651036694646,,0
nec2c/quad17m_1.nec,ok,ok,0.045495076570659876,0.01943999668583274,,0
nec2c/quad17m_2.nec,ok,ok,0.04586978442966938,0.020195106510072947,,0
nec2c/rombica_t.nec,ok,ok,0.01013891538605094,0.007550292648375034,,0
nec2c/yg2_5el_50.nec,ok,ok,0.024481501430273056,0.015924908220767975,,0
nec2c/yg2_5el_50t.nec,ok,ok,0.023824749048799276,0.013386370614171028,,0
nec2c/yg_16el_220.nec,ok,ok,0.014524639118462801,0.010711939074099064,,0
nec2c/yg_16el_220M_1.nec,ok,ok,0.03327853884547949,0.023782469797879457,,0
nec2c/yg_16el_220M_2.nec,ok,ok,0.0429322668351233,0.021999254822731018,,0
nec2c/yg_2el_24.nec,ok,ok,0.010584129020571709,0.00921469135209918,,0
nec2c/yg_4el_20.nec,ok,ok,0.012942477595061064,0.01000593462958932,,0
nec2c/yg_4el_20f.nec,ok,ok,0.04756546439602971,0.02244917582720518,,0
nec2c/yg_4el_20g.nec,ok,ok,0.010395277757197618,0.008006940595805645,,0
nec2c/yg_5el_50.nec,ok,ok,0.011729181744158268,0.009502767119556665,,0
nec2c/yg_5el_50_opt.nec,ok,ok,0.011887162923812866,0.009460942354053259,,0
nec2c/yg_5el_50p_opt.nec,ok,ok,0.01213898416608572,0.009744493290781975,,0
nec2c/yg_5el_50t.nec,ok,ok,0.009065893944352865,0.006534298416227102,,0
nec2c/yg_9el_144.nec,ok,ok,0.02193344756960869,0.014757552649825811,,0
nec2org/biquad_2440MHz.nec,ok,ok,1.020213711541146,0.34394174674525857,2.9662,1
necpp/36dip.nec,ok,ok,0.3040163218975067,0.19358286308124661,1.5705,1
necpp/Collinear_1L.nec,ok,ok,0.12201329739764333,0.07718463847413659,1.5808,1
necpp/GA487.nec,ok,ok,0.5221098875626922,0.5100963311269879,1.0236,1
necpp/Yg_4x6_b.nec,ok,ok,0.035114385187625885,0.021682901307940483,,0
necpp/biquad.nec,ok,ok,1.0221499372273684,0.3277955697849393,3.1183,1
necpp/bruce_sommerfeld.nec,ok,ok,0.3762256526388228,0.22906507598236203,1.6424,1
necpp/buoy.nec,ok,ok,0.1220253654755652,0.08202147809788585,1.4877,1
necpp/dipole_anim.nec,ok,ok,0.013578786514699459,0.011995436623692513,,0
necpp/discone.nec,ok-no-source,ok-no-source,3.840847816783935,0.693398610688746,,0
necpp/ek_test.nec,ok,ok,0.00589679554104805,0.006345666944980621,,0
necpp/example1.nec,ok,ok,0.0034461594186723232,0.003554600290954113,,0
necpp/example2.nec,ok,ok,0.0033348342403769493,0.003626049030572176,,0
necpp/example3.nec,ok,ok,0.08183253183960915,0.0540324323810637,1.5145,1
necpp/example5.nec,ok,ok,0.006822478957474232,0.006002680864185095,,0
necpp/excessive_gain.nec,ok,ok,0.012413694523274899,0.011414545588195324,,0
necpp/ga_pjw_0.nec,ok-no-source,ok-no-source,0.11420370731502771,0.044095244724303484,,0
necpp/ga_pjw_1.nec,ok,ok,1.0008312896825373,0.26913106022402644,3.7188,1
necpp/gh_flat_spiral.nec,ok,ok,0.0078087844885885715,0.007819494232535362,,0
necpp/gn2.nec,ok,ok,0.18770289001986384,0.11989278346300125,1.5656,1
necpp/gx_one_plane.nec,ok,ok,0.008558244910091162,0.005984031595289707,,0
necpp/gx_three_planes.nec,ok,ok,0.010282175149768591,0.008552740328013897,,0
necpp/gx_three_planes_control.nec,ok,ok,0.011208967305719852,0.011927700135856867,,0
necpp/hang.nec,ok,ok,0.6420500352978706,0.18054139846935868,3.5562,1
necpp/herzian_dipole.nec,ok,ok,0.0059703742153942585,0.005757810082286596,,0
necpp/intersection.nec,ok,ok,0.0037145493552088737,0.003857385367155075,,0
necpp/inverted_v.nec,ok,ok,4.395894280169159,0.9455434274859726,4.6491,1
necpp/medium_test.nec,ok,ok,0.003783885855227709,0.004029438365250826,,0
necpp/near_field_electric.nec,ok,ok,0.003209424205124378,0.0034950701519846916,,0
necpp/near_field_magnetic.nec,ok,ok,0.0032237833365797997,0.0033292551524937153,,0
necpp/passive_test1.nec,ok-no-source,ok-no-source,0.10433148220181465,0.04023273754864931,,0
necpp/patch_999.nec,error,error,0.1196276075206697,0.06393840257078409,,0
necpp/patch_999_2.nec,no-impedance,error,0.012890027835965157,0.1395893795415759,,0
necpp/plane.nec,ok-no-source,error,0.04014099994674325,0.02514876937493682,,0
necpp/plane_wave_excitation.nec,ok-no-source,ok-no-source,0.0075709884986281395,0.00648752273991704,,0
necpp/plet_helix.nec,ok-no-source,ok-no-source,0.036176865454763174,0.0204419638030231,,0
necpp/plet_helixumts.nec,ok,ok,0.22600250085815787,0.0970252612605691,2.3293,1
necpp/salt_ground.nec,ok,ok,0.8910263082943857,0.5764879449270666,1.5456,1
necpp/sommerfeld2.nec,ok,ok,0.16129848128184676,0.08452482707798481,1.9083,1
necpp/sommerfeld3.nec,ok,ok,0.315929735545069,0.21099493140354753,1.4973,1
necpp/sommerfield1.nec,ok,ok,0.08796456549316645,0.05693746963515878,1.5449,1
necpp/test299.nec,ok,ok,0.04760989500209689,0.02083430765196681,,0
necpp/yagi.nec,ok,ok,0.03633559588342905,0.03461624449118972,,0
opennec/6mYagi-Onec.nec,ok,ok,49.54224048508331,25.639752290211618,1.9322,1
opennec/6mYagi-Onec2.nec,ok,ok,0.054758434649556875,0.032243408262729645,,0
opennec/example5.nec,ok,ok,0.006827440112829208,0.005992301274091005,,0
qantenna/10-30m_vert4.nec,ok,ok,15.542428222484887,7.596410946920514,2.0460,1
qantenna/19el_432_tonna.nec,ok,ok,0.07096840161830187,0.033032167237252,,0
qantenna/1_4l-gp_on_pole.nec,ok,ok,1.8011349909938872,1.058808668050915,1.7011,1
qantenna/5_8l-gp_on_pole.nec,ok,ok,1.7231997796334326,0.9586054547689855,1.7976,1
qantenna/adrian.nec,ok,ok,0.09970832103863358,0.07632422354072332,1.3064,1
qantenna/airplane.nec,ok,error,0.558057323563844,0.02637475822120905,,0
qantenna/ant.nec,ok,ok,0.036901555489748716,0.03178304200991988,,0
qantenna/collinear.nec,ok,ok,1.9468746189959347,1.1114544225856662,1.7516,1
qantenna/delta-loop-15m.nec,ok,ok,0.9815690075047314,0.5616689254529774,1.7476,1
qantenna/quad-20m.nec,ok,ok,0.8842472606338561,0.5124907437711954,1.7254,1
qantenna/spaceship.nec,ok,ok,0.03712035249918699,0.03194362297654152,,0
qantenna/tower.nec,error,error,0.009559556376188993,0.009068166837096214,,0
qantenna/tri_7.nec,ok,ok,0.010246686171740294,0.008937019389122725,,0
qantenna/turnstile-sloped.nec,ok,ok,0.18456788873299956,0.10313639417290688,1.7896,1
qantenna/turnstile.nec,ok,ok,0.18488117586821318,0.10308758541941643,1.7934,1
qantenna/xpol_omni.nec,ok,ok,0.43097773287445307,0.29176352079957724,1.4771,1
qantenna/yagi.nec,ok,ok,0.08197379251942039,0.05110892094671726,1.6039,1
qantenna/yagi8sq_ch1.nec,ok,ok,0.0909578213468194,0.055335343815386295,1.6438,1
qantenna/yg_16el_220.nec,ok,ok,0.014542568940669298,0.010983357205986977,,0
qantenna/yg_4el_20.nec,ok,ok,0.058884390629827976,0.04065731726586819,,0
qantenna/yg_6el.nec,ok,ok,0.8190539623610675,0.6228142366744578,1.3151,1
qantenna/zepp-80m.nec,ok,ok,0.2440160820260644,0.17199657252058387,1.4187,1
rchacker-antennas/1180/helical.nec,ok,ok,0.0243535409681499,0.016218408942222595,,0
rchacker-antennas/1180/moxon_44mm.nec,ok,ok,0.012314623687416315,0.009881654754281044,,0
rchacker-antennas/1180/moxon_thin_wire.nec,ok,ok,0.01160484366118908,0.009139381814748049,,0
rchacker-antennas/1180/turnstile_1180_droop_angle_raptor.nec,ok,ok,0.0771322506479919,0.033338047098368406,,0
rchacker-antennas/1180/turnstile_1180_droop_angle_raptor_optimised.nec,ok,ok,0.05586335062980652,0.025349246338009834,,0
rchacker-antennas/1180/use gen program in 4nec folder.nec,ok-no-source,ok-no-source,6.107269643805921,2.0383664779365063,,0
rchacker-antennas/2.4/dipole_2.4.nec,ok,ok,0.013076105620712042,0.009242283180356026,,0
rchacker-antennas/2.4/moxon24.nec,ok,ok,0.007960512768477201,0.006575461942702532,,0
rchacker-antennas/2.4/stripped_coax_2.4.nec,ok,ok,0.01045566936954856,0.007938541006296873,,0
rchacker-antennas/2.4/swastika thick wire.nec,ok,ok,0.006403676699846983,0.005445717368274927,,0
rchacker-antennas/2.4/swastika thin wire.nec,ok,ok,0.009656696114689112,0.008171798195689917,,0
rchacker-antennas/2.4/swastika.nec,ok,ok,0.006453325506299734,0.005675187800079584,,0
rchacker-antennas/2.4/swastika_large_wire_opt.nec,ok,ok,0.006157455034554005,0.005384520627558231,,0
rchacker-antennas/2.4/swastika_large_wire_opt_1mm_feed.nec,ok,ok,0.006187634076923132,0.005686099175363779,,0
rchacker-antennas/2.4/turnstile.nec,ok,ok,0.01892216131091118,0.011195681523531675,,0
rchacker-antennas/2.4/turnstile_2.4_asymmetric.nec,ok,ok,0.01860057283192873,0.011467408388853073,,0
rchacker-antennas/2.4/turnstile_2.4_asymmetric_rad.nec,ok,ok,0.0185969527810812,0.011334826704114676,,0
rchacker-antennas/2.4/vee_2.4.nec,ok,ok,0.013131620828062296,0.009027693886309862,,0
rchacker-antennas/58/helical58.nec,ok,ok,0.3851306843571365,0.14689101604744792,2.6219,1
rchacker-antennas/58/pinwheel5.8.nec,ok,ok,0.1387581923045218,0.07327887648716569,1.8936,1
rchacker-antennas/UHF/_new.nec,ok,ok,0.023765187710523605,0.013657940551638603,,0
rchacker-antennas/UHF/ground_plane.nec,ok,ok,0.05534146120771766,0.025174591690301895,,0
rchacker-antennas/UHF/ground_turnstile.nec,ok,ok,0.006784290540963411,0.006550583057105541,,0
rchacker-antennas/UHF/ibcrazy turnstile.nec,ok,ok,0.003419575747102499,0.003590837586671114,,0
rchacker-antennas/UHF/ibcrazy turnstile_measurements_from_web_tutorial.nec,ok,ok,0.0032700030133128166,0.0035484465770423412,,0
rchacker-antennas/UHF/moxon435_as_per_generator.nec,ok,ok,0.018564899917691946,0.012055941857397556,,0
rchacker-antennas/UHF/moxon435_optimised.nec,ok,ok,0.01873610634356737,0.012361171655356884,,0
rchacker-antennas/UHF/turnstile.nec,ok,ok,0.023336064536124468,0.013267051428556442,,0
rchacker-antennas/UHF/turnstile_NEW.nec,ok,ok,0.023488438688218594,0.01362057588994503,,0
rchacker-antennas/UHF/turnstile_coax_flat.nec,ok,ok,0.023445306345820427,0.01398662244901061,,0
rchacker-antennas/UHF/turnstile_coax_flower.nec,ok,ok,0.04585985653102398,0.021826597396284342,,0
rchacker-antennas/UHF/turnstile_coax_flower_2.5.nec,ok,ok,0.04602155787870288,0.02510596951469779,,0
rchacker-antennas/UHF/turnstile_droop_angle.nec,ok,ok,0.037591243628412485,0.018897660076618195,,0
rchacker-antennas/UHF/turnstile_droop_angle_coax.nec,ok,ok,0.055904556065797806,0.026197922881692648,,0
rchacker-antennas/UHF/turnstile_droop_angle_raptor.nec,ok,ok,0.13185590459033847,0.05253611085936427,2.5098,1
rchacker-antennas/UHF/turnstile_droop_angle_raptor_optimised.nec,ok,ok,0.24868595227599144,0.09050964750349522,2.7476,1
rchacker-antennas/UHF/turnstile_droop_angle_raptor_optimised_eff.nec,ok,ok,0.25049877585843205,0.09107036655768752,2.7506,1
rchacker-antennas/UHF/turnstile_effeciency_optimised.nec,ok,ok,0.03753210557624698,0.018643693998456,,0
rchacker-antennas/UHF/vee3_asymmetrical.nec,ok,ok,0.013873396441340446,0.010325140319764614,,0
rchacker-antennas/UHF/vee3_asymmetrical_hello_kitty_evolved.nec,ok,ok,0.023628453258424997,0.013136751484125853,,0
rchacker-antennas/UHF/vee3_asymmetrical_hello_kitty_evolved_40.nec,ok,ok,0.023611352313309908,0.013410202693194151,,0
rchacker-antennas/UHF/vee3_asymmetrical_with_coax.nec,ok,ok,0.023672858253121376,0.013349723536521196,,0
rchacker-antennas/UHF/vee3_symmetrical.nec,ok,ok,0.013629001565277576,0.009768057148903608,,0
rchacker-antennas/circular omni/PINWHEEL62m.nec,ok,ok,0.13498198054730892,0.072620022110641,1.8587,1
rchacker-antennas/circular omni/pinwheel62m_980skewplanar-e3.nec,ok,ok,0.13722625374794006,0.07280997838824987,1.8847,1
rchacker-antennas/vee_cheatsheet/vee3_symmetrical_1080_cat5.nec,ok,ok,0.01378920255228877,0.009589607361704111,,0
rchacker-antennas/vee_cheatsheet/vee3_symmetrical_1180_cat5.nec,ok,ok,0.013750561978667974,0.009484781417995691,,0
rchacker-antennas/vee_cheatsheet/vee3_symmetrical_1280_cat5.nec,ok,ok,0.01365965511649847,0.009412620216608047,,0
rchacker-antennas/vee_cheatsheet/vee3_symmetrical_425.nec,ok,ok,0.013660997617989779,0.009688457008451223,,0
rchacker-antennas/vee_cheatsheet/vee3_symmetrical_433.nec,ok,ok,0.013616690877825022,0.009379696100950241,,0
rchacker-antennas/vee_cheatsheet/vee3_symmetrical_435.nec,ok,ok,0.01363297225907445,0.009661838412284851,,0
rchacker-antennas/vee_cheatsheet/vee3_symmetrical_440.nec,ok,ok,0.013611868489533663,0.010133388452231884,,0
rchacker-antennas/vee_cheatsheet/vee3_symmetrical_459.nec,ok,ok,0.013560386374592781,0.009414300322532654,,0
rchacker-antennas/vee_cheatsheet/vee3_symmetrical_915.nec,ok,ok,0.013641127850860357,0.009740807581692934,,0
rchacker-antennas/vee_cheatsheet/vee3_symmetrical_915_cat5.nec,ok,ok,0.013628865126520395,0.009905373211950064,,0
sokyrad/k8uy_yagi_10el/models/K8UY_yagi_2m_original.nec,ok,ok,0.20569055760279298,0.07449266314506531,2.7612,1
sokyrad/unsorted/10m efhw narrow rect 28.4mhz  10m efhw narrow rect 28.4mhz.nec,ok,ok,0.18562667071819305,0.09382531465962529,1.9784,1
sokyrad/unsorted/10m_3el_yagi_horizontal.nec,ok,ok,0.43459918536245823,0.21746106212958694,1.9985,1
sokyrad/unsorted/10m_3el_yagi_horizontal_quarter_wave_elements.nec,ok,ok,0.4101846949197352,0.21279775025323033,1.9276,1
sokyrad/unsorted/10m_3el_yagi_vertical.nec,ok,ok,0.5759386359713972,0.302904833573848,1.9014,1
sokyrad/unsorted/10m_efhw_inverted_L_10ft.nec,ok,ok,0.20836723782122135,0.13243813021108508,1.5733,1
sokyrad/unsorted/10m_quarter_wave_ground_plane_10ft.nec,ok,ok,0.9706094875000417,0.5498601710423827,1.7652,1
sokyrad/unsorted/15m_20m_jumper_half_square.nec,ok,ok,3.097370432689786,1.6217936952598393,1.9098,1
sokyrad/unsorted/26ft_vertical_26x20ft_radials_eznec_import.nec,ok,ok,2.4605699530802667,0.9077399554662406,2.7107,1
sokyrad/unsorted/2m70cm_moxon_nested.nec,ok,ok,0.05629276158288121,0.02751399204134941,,0
sokyrad/unsorted/2m70cm_moxon_nested_four_masted.nec,ok,ok,0.6898166425526142,0.21499230526387691,3.2086,1
sokyrad/unsorted/40m_efhw-inverted-v_28.6MHz.nec,ok,ok,0.03700140584260225,0.022667174227535725,,0
sokyrad/unsorted/40m_efhw_L.nec,ok,ok,0.22798807313665748,0.1455239923670888,1.5667,1
sokyrad/unsorted/6m_2m_70cm_moxon-yagi.nec,ok,ok,0.17418635357171297,0.0935567244887352,1.8618,1
sokyrad/unsorted/80m_delta_loop_top10m_bottom1m_quarterwave_feed_3p9MHz.nec,ok,ok,1.4451484004966915,0.7740590805187821,1.8670,1
sokyrad/unsorted/80m_delta_loop_top3m_bottom1m_quarterwave_feed_3p9MHz.nec,ok,ok,1.4391024527139962,0.76273163408041,1.8868,1
sokyrad/unsorted/80m_efhw-Sloper-L_3.85M.nec,ok,ok,0.3166492828167975,0.1988780307583511,1.5922,1
sokyrad/unsorted/80m_efhw-Sloper-L_7.2375M.nec,ok,ok,0.293109015095979,0.18271782202646136,1.6042,1
sokyrad/unsorted/80m_efhw-Sloper.nec,ok,ok,0.2915736651048064,0.18242585752159357,1.5983,1
sokyrad/unsorted/80m_efhw_inverted_v.nec,ok,ok,0.19650136213749647,0.12478913832455873,1.5747,1
sokyrad/unsorted/80m_efhw_sloper.nec,ok,ok,0.3738782247528434,0.23393730400130153,1.5982,1
sokyrad/unsorted/80m_full-wave_horiz-L_3.8MHz.nec,ok,ok,0.03302729735150933,0.02129340684041381,,0
sokyrad/unsorted/80m_square_horizontal_loop_65ft_3mm_3p9MHz.nec,ok,ok,1.4611826674081385,0.7681198944337666,1.9023,1
sokyrad/unsorted/K8UY_dipole_2m_original_gamma.nec,ok,ok,0.8523751734755933,0.29969879798591137,2.8441,1
sokyrad/unsorted/K8UY_yagi_2m_original.nec,ok,ok,0.20490922266617417,0.06812600139528513,3.0078,1
sokyrad/unsorted/butternut_hf6v_approx.nec,ok,ok,0.3788098222576082,0.20113964518532157,1.8833,1
sokyrad/unsorted/custom_28_4MHz_hybrid_dipole_invertedV.nec,ok,ok,0.15351301385089755,0.08527691708877683,1.8002,1
sokyrad/unsorted/custom_28_4MHz_hybrid_dipole_invertedV_10mheight_1_8wave.nec,ok,ok,0.15327171329408884,0.08295303024351597,1.8477,1
sokyrad/unsorted/custom_28_4MHz_hybrid_dipole_invertedV_2_5m.nec,ok,ok,0.7203463618643582,0.46584057668223977,1.5463,1
sokyrad/unsorted/custom_28_4MHz_hybrid_dipole_invertedV_2_5m_horiz_1_8wave_angled_1_4wave.nec,ok,ok,0.6287151300348341,0.40236767940223217,1.5625,1
sokyrad/unsorted/custom_28_4MHz_hybrid_dipole_invertedV_5_0m.nec,ok,ok,0.7207410675473511,0.4663053438998759,1.5456,1
sokyrad/unsorted/custom_double_inverted_v_10m_28_4MHz_20ft.nec,ok,ok,0.6283685695379972,0.40352156572043896,1.5572,1
sokyrad/unsorted/custom_double_inverted_v_10m_28_4MHz_20ft_same_plane.nec,ok,ok,0.631379684433341,0.4158636536449194,1.5182,1
sokyrad/unsorted/delta_loop_equilateral_29MHz.nec,ok,ok,1.0034476956352592,0.5540344915352762,1.8112,1
sokyrad/unsorted/delta_loop_equilateral_29MHz_bottom_corner_feed.nec,ok,ok,0.9477729299105704,0.5429750550538301,1.7455,1
sokyrad/unsorted/dual_band_stacked_moxon_146_444_50mm_only146driven.nec,ok,ok,0.30150738498196006,0.15600404841825366,1.9327,1
sokyrad/unsorted/fan_dipole_80_40_20_10_6m_20m_height_voltage_balun.nec,ok,ok,5.975296429358423,1.9149262798018754,3.1204,1
sokyrad/unsorted/inverted_v_10m_28_4MHz_20ft.nec,ok,ok,0.6177225499413908,0.40115882456302643,1.5398,1
sokyrad/unsorted/inverted_v_14p225MHz.nec,ok,ok,1.1744321649894118,0.5391022800467908,2.1785,1
sokyrad/unsorted/inverted_v_28p4MHz.nec,ok,ok,1.1355989035218954,0.5226562251336873,2.1727,1
sokyrad/unsorted/inverted_v_3p8MHz.nec,ok,ok,1.2454955843277276,0.5571519457735121,2.2355,1
sokyrad/unsorted/inverted_v_7p2MHz.nec,ok,ok,1.1383310249075294,0.5297475140541792,2.1488,1
sokyrad/unsorted/moxong_2m_single.nec,ok,ok,0.006605344358831644,0.005492882803082466,,0
sokyrad/unsorted/moxong_2m_stacked_common_feed.nec,ok,ok,0.019675694406032562,0.011892507318407297,,0
sokyrad/unsorted/moxong_2m_stacked_common_feed_0_99lambda.nec,ok,ok,0.019860349129885435,0.012574147433042526,,0
sokyrad/unsorted/simple_10m_inverted_v_10ft.nec,ok,ok,0.8107550269924104,0.48763961158692837,1.6626,1
sokyrad/unsorted/simple_dipole_28_4MHz_10_0m.nec,ok,ok,0.29293401073664427,0.18354892544448376,1.5959,1
sokyrad/unsorted/simple_dipole_28_4MHz_2_5m.nec,ok,ok,0.7011193884536624,0.45922786137089133,1.5267,1
sokyrad/unsorted/simple_dipole_28_4MHz_5_0m.nec,ok,ok,0.7010235325433314,0.4633016176521778,1.5131,1
sokyrad/unsorted/stacked_146MHz_moxon_horizontal.nec,ok,ok,0.5288513721898198,0.21250296477228403,2.4887,1
sokyrad/unsorted/stacked_146MHz_moxon_vertical (1).nec,ok,ok,0.5427401764318347,0.21416347147896886,2.5342,1
sokyrad/unsorted/stacked_146MHz_moxon_vertical.nec,ok,ok,0.5473838490433991,0.21425524773076177,2.5548,1
sokyrad/unsorted/stacked_146MHz_moxon_vertical_0_75lambda.nec,ok,ok,0.6094446717761457,0.2290525301359594,2.6607,1
w8io/215DX.nec,ok,ok,0.18362087663263083,0.08731932146474719,2.1029,1
w8io/216CP.nec,ok,ok,0.3150364472530782,0.1635268721729517,1.9265,1
w8io/222_13l_50ohm_yagi_kf6a.nec,ok,ok,0.015159328933805227,0.010057949461042881,,0
w8io/222_15l_50ohm_yagi_kf6a.nec,ok,ok,0.01235715439543128,0.0087917260825634,,0
w8io/2m12L_yagi_kf6a.nec,ok,ok,0.013961429242044687,0.00957915186882019,,0
w8io/6m_7L_1-46WL_yagi.nec,ok,ok,0.005850096233189106,0.005128368269652128,,0
w8io/6m_8L_50ohm_yagi_kf6a.nec,ok,ok,0.0061293416656553745,0.005703854374587536,,0
w8io/BVO-4WL-144-15.nec,ok,ok,0.06499698059633374,0.028641823679208755,,0
w8io/CC-17B2.nec,ok,ok,0.2825159621424973,0.09710541227832437,2.9094,1
w8io/DG7YBN 144_GTV2-14w.nec,ok,ok,0.04154691332951188,0.019598364364355803,,0
w8io/DK7ZB-144-12.nec,ok,ok,0.12405865546315908,0.04703516326844692,,0
w8io/EF7021.nec,ok,ok,19.12913262983784,6.427378629334271,2.9762,1
w8io/EF7027.nec,ok,ok,30.834675203543156,9.92438631085679,3.1070,1
w8io/FO-25-432.nec,ok,ok,26.563938059378415,8.701920312829316,3.0527,1
w8io/FO-33-432.nec,ok,ok,45.39591761305928,14.069052018690854,3.2267,1
w8io/G0KSC-13LFA.nec,ok,ok,0.4192048991099,0.14283406315371394,2.9349,1
w8io/G0KSC-14LFA.nec,ok,ok,0.47649657214060426,0.16019814601168036,2.9744,1
w8io/G0KSC-15LFA.nec,ok,ok,0.5473761558532715,0.18218798888847232,3.0045,1
w8io/HG-66DX-CW.nec,ok,ok,0.0050063771195709705,0.004826033022254705,,0
w8io/HG7031DX.nec,ok,ok,40.02538076834753,12.539276469033211,3.1920,1
w8io/I0JXX-16JXX2.nec,ok,ok,0.24997480679303408,0.08780553471297026,2.8469,1
w8io/IO-432-28.nec,ok,ok,32.87250935891643,10.59743029717356,3.1019,1
w8io/K1FO-222-22.nec,ok,ok,0.10226581431925297,0.040924848057329655,,0
w8io/K1FO-FO15-144.nec,ok,ok,0.06517112301662564,0.0282774711959064,,0
w8io/K1FO-FO16-144.nec,ok,ok,0.07363807456567883,0.031092182733118534,,0
w8io/KF6A-144-18.nec,ok,ok,0.019328188616782427,0.011589970905333757,,0
w8io/KF6A_6m_7EL_12_5ohm_yagi.nec,ok,ok,0.005990896839648485,0.005298393312841654,,0
w8io/KF6A_70cm_22L.nec,ok,ok,0.03017048630863428,0.01818906096741557,,0
w8io/LP140-200-2D.nec,ok,ok,3.8730504172854125,1.6650795829482377,2.3260,1
w8io/LP144-22.nec,ok,ok,3.182387747336179,1.3851318922825158,2.2975,1
w8io/LP144-35-MAXFB.nec,ok,ok,50.967553849797696,15.706164829432964,3.2451,1
w8io/LP50-108-16.nec,ok,ok,4.571561177726835,2.0275631709955633,2.2547,1
w8io/LogYag220-520-15dbi.nec,ok,ok,45.97980331350118,12.92720381077379,3.5568,1
w8io/M2-222-5WL.nec,ok,ok,0.051414583809673786,0.023090207017958164,,0
w8io/M2-2M5WL-inch.nec,ok,ok,0.14180755568668246,0.054073108825832605,2.6225,1
w8io/M2-432-9WLA.nec,ok,ok,32.95564015395939,10.585759417619556,3.1132,1
w8io/SM5BSZ-2SA13.nec,ok,ok,0.055244545452296734,0.020256598014384508,,0
w8io/UR5EAZ_144_12_W8IO_opt.nec,ok,ok,0.028376216534525156,0.014916128013283014,,0
w8io/UR5EAZ_144_RS12.nec,ok,ok,0.028078477829694748,0.01475891238078475,,0
w8io/UR5EAZ_RS_2_11_DRAFT.nec,ok,ok,0.024899503216147423,0.013481223955750465,,0
w8io/W8IO-144-13U.nec,ok,ok,0.03178690932691097,0.016501191537827253,,0
w8io/W8IO-144-13a.nec,ok,ok,0.16908132983371615,0.06123319827020168,2.7613,1
w8io/W8IO-144-14U.nec,ok,ok,0.03585274377837777,0.01762010483071208,,0
w8io/W8IO-144-14V.nec,ok,ok,0.04078733501955867,0.01928655570372939,,0
w8io/W8IO-144-15U.nec,ok,ok,0.039629864040762186,0.019329968374222517,,0
w8io/W8IO-144-15V.nec,ok,ok,0.04547536885365844,0.02183094760403037,,0
w8io/W8IO-144-15fd.nec,ok,ok,0.5326449954882264,0.17847206024453044,2.9845,1
w8io/W8IO-144-16V.nec,ok,ok,0.05051715485751629,0.022681098897010088,,0
w8io/W8IO-144-17V.nec,ok,ok,0.05602959496900439,0.024992055259644985,,0
w8io/W8IO-222-17.nec,ok,ok,0.29080812400206923,0.09745209384709597,2.9841,1
w8io/W8IO-222-18.nec,ok,ok,0.31365446001291275,0.10667742555961013,2.9402,1
w8io/W8IO-222-19.nec,ok,ok,0.3491741861216724,0.11777588678523898,2.9647,1
w8io/W8IO-222-19V.nec,ok,ok,0.0677766976878047,0.028266883920878172,,0
w8io/W8IO-UR5EAZ-144-16V.nec,ok,ok,0.027259028051048517,0.014339998364448547,,0
w8io/YU7EF EF0606.nec,ok,ok,0.013195757754147053,0.009193736594170332,,0
w8io/YU7EF-EF0213.nec,ok,ok,0.05104984249919653,0.0236108279787004,,0
w8io/YU7EF-EF0215.nec,ok,ok,0.22077785851433873,0.07730505894869566,2.8559,1
w8io/kf6a-144-17.nec,ok,ok,0.017695936374366283,0.011003708932548761,,0
w8io/kf6a-432-27L.nec,ok,ok,0.03808856941759586,0.017933859024196863,,0
w8io/whip_antenna_8ft_groundplane.nec,ok,ok,145.30979182804003,50.80284706829116,2.8603,1
xnec2c-fixtures/sy_comma_format.nec,ok-no-source,ok-no-source,0.0034466171637177467,0.0036499430425465107,,0
xnec2c-fixtures/sy_math_cmnd.nec,ok-no-source,ok-no-source,0.003505109343677759,0.003727331291884184,,0
xnec2c-fixtures/sy_math_geom.nec,ok-no-source,ok-no-source,0.003097767010331154,0.003326745703816414,,0
xnec2c-fixtures/sy_separate_cards.nec,ok-no-source,ok-no-source,0.0029556299559772015,0.003200656734406948,,0
xnec2c-fixtures/sy_units_spaces.nec,ok-no-source,ok-no-source,0.0030376524664461613,0.0033199042081832886,,0
