1



                                 *********************************************

                                    NUMERICAL ELECTROMAGNETICS CODE (NEC-2D)

                                 *********************************************




                                     - - - - COMMENTS - - - -


                          NGF file example.                                                          
                          First generate NGF file(S) using NGF_RADIAL4.NEC or NGF_RADIAL8.NEC        
                          Then run this file to use one of both *.NGF files and complete the structur
                                                                                                     
                          Note that you manually will have to set the number of segments when using  
                          more complex NGF files. See 4nec2.hlp (F1) or read 4nec2.rtf               





     ************************************************************************************
     ************************************************************************************
     **                                                                                **
     ** NUMERICAL GREEN'S FUNCTION                                                     **
     ** NO. SEGMENTS = 640          NO. PATCHES =   0                                  **
     ** NO. SYMMETRIC SECTIONS =   8                                                   **
     ** N.G.F. MATRIX -  CORE STORAGE =  51200 COMPLEX NUMBERS,  CASE 2                **
     ** FREQUENCY = 3.52500E+00 MHZ.                                                   **
     ** FINITE GROUND.  SOMMERFELD SOLUTION                                            **
     ** GROUND PARAMETERS - DIELECTRIC CONSTANT = 1.30000E+01                          **
     **                     CONDUCTIVITY = 5.00000E-03 MHOS/M.                         **
     **                                                                                **
     **  Nec-file for producing NGF file RADIAL8.NGF                                 **
     **  to be used together with NGF_Antenna.nec                                    **
     **                                                                              **
     **                                                                                **
     ************************************************************************************
     ************************************************************************************









                                 - - - STRUCTURE SPECIFICATION - - -

                                     COORDINATES MUST BE INPUT IN
                                     METERS OR BE SCALED TO METERS
                                     BEFORE STRUCTURE INPUT IS ENDED


  WIRE                                                                               NO. OF    FIRST  LAST     TAG
  NO.        X1         Y1         Z1          X2         Y2         Z2      RADIUS   SEG.     SEG.   SEG.     NO.
     1    0.00000    0.00000    0.10000     0.00000    0.00000   26.70000    0.00000     28      641   668       1
         ABOVE WIRE IS TAPERED.  SEG. LENGTH RATIO =  1.00000
                                 RADIUS FROM  0.00400 TO  0.00100
     2    2.00000    0.00000   25.15000    18.00000    0.00000   12.75000    0.00100     32      669   700       2
     3   18.00000    0.00000   12.75000    18.00000    0.00000    5.00000    0.00100     16      701   716       3
     4   18.00000    0.00000    5.00000     3.54000    0.00000    5.00000    0.00100     29      717   745       4
      THE STRUCTURE HAS BEEN MOVED, MOVE DATA CARD IS -
        3    1   0.00000   0.00000 180.00000   0.00000   0.00000   0.00000   2.00000

   GROUND PLANE SPECIFIED.

   WHERE WIRE ENDS TOUCH GROUND, CURRENT WILL BE INTERPOLATED TO IMAGE IN GROUND PLANE.


   TOTAL SEGMENTS USED=  822     NO. SEG. IN A SYMMETRIC CELL=  822     SYMMETRY FLAG=  0


         - MULTIPLE WIRE JUNCTIONS -
 JUNCTION    SEGMENTS  (- FOR END 1, + FOR END 2)
     1        -1  -81 -161 -241 -321 -401 -481 -561 -641




                                 - - - - SEGMENTATION DATA - - - -

                                        COORDINATES IN METERS

                         I+ AND I- INDICATE THE SEGMENTS BEFORE AND AFTER I


  SEG.   COORDINATES OF SEG. CENTER     SEG.     ORIENTATION ANGLES    WIRE    CONNECTION DATA   TAG
  NO.       X         Y         Z       LENGTH     ALPHA     BETA      RADIUS    I-   I    I+    NO.
     1   0.25000   0.00000   0.10000   0.50000    0.00000   0.00000   0.00050   -81    1    2     10
     2   0.75000   0.00000   0.10000   0.50000    0.00000   0.00000   0.00050     1    2    3     10
     3   1.25000   0.00000   0.10000   0.50000    0.00000   0.00000   0.00050     2    3    4     10
     4   1.75000   0.00000   0.10000   0.50000    0.00000   0.00000   0.00050     3    4    5     10
     5   2.25000   0.00000   0.10000   0.50000    0.00000   0.00000   0.00050     4    5    6     10
     6   2.75000   0.00000   0.10000   0.50000    0.00000   0.00000   0.00050     5    6    7     10
     7   3.25000   0.00000   0.10000   0.50000    0.00000   0.00000   0.00050     6    7    8     10
     8   3.75000   0.00000   0.10000   0.50000    0.00000   0.00000   0.00050     7    8    9     10
     9   4.25000   0.00000   0.10000   0.50000    0.00000   0.00000   0.00050     8    9   10     10
    10   4.75000   0.00000   0.10000   0.50000    0.00000   0.00000   0.00050     9   10   11     10
    11   5.25000   0.00000   0.10000   0.50000    0.00000   0.00000   0.00050    10   11   12     10
    12   5.75000   0.00000   0.10000   0.50000    0.00000   0.00000   0.00050    11   12   13     10
    13   6.25000   0.00000   0.10000   0.50000    0.00000   0.00000   0.00050    12   13   14     10
    14   6.75000   0.00000   0.10000   0.50000    0.00000   0.00000   0.00050    13   14   15     10
    15   7.25000   0.00000   0.10000   0.50000    0.00000   0.00000   0.00050    14   15   16     10
    16   7.75000   0.00000   0.10000   0.50000    0.00000   0.00000   0.00050    15   16   17     10
    17   8.25000   0.00000   0.10000   0.50000    0.00000   0.00000   0.00050    16   17   18     10
    18   8.75000   0.00000   0.10000   0.50000    0.00000   0.00000   0.00050    17   18   19     10
    19   9.25000   0.00000   0.10000   0.50000    0.00000   0.00000   0.00050    18   19   20     10
    20   9.75000   0.00000   0.10000   0.50000    0.00000   0.00000   0.00050    19   20   21     10
    21  10.25000   0.00000   0.10000   0.50000    0.00000   0.00000   0.00050    20   21   22     10
    22  10.75000   0.00000   0.10000   0.50000    0.00000   0.00000   0.00050    21   22   23     10
    23  11.25000   0.00000   0.10000   0.50000    0.00000   0.00000   0.00050    22   23   24     10
    24  11.75000   0.00000   0.10000   0.50000    0.00000   0.00000   0.00050    23   24   25     10
    25  12.25000   0.00000   0.10000   0.50000    0.00000   0.00000   0.00050    24   25   26     10
    26  12.75000   0.00000   0.10000   0.50000    0.00000   0.00000   0.00050    25   26   27     10
    27  13.25000   0.00000   0.10000   0.50000    0.00000   0.00000   0.00050    26   27   28     10
    28  13.75000   0.00000   0.10000   0.50000    0.00000   0.00000   0.00050    27   28   29     10
    29  14.25000   0.00000   0.10000   0.50000    0.00000   0.00000   0.00050    28   29   30     10
    30  14.75000   0.00000   0.10000   0.50000    0.00000   0.00000   0.00050    29   30   31     10
    31  15.25000   0.00000   0.10000   0.50000    0.00000   0.00000   0.00050    30   31   32     10
    32  15.75000   0.00000   0.10000   0.50000    0.00000   0.00000   0.00050    31   32   33     10
    33  16.25000   0.00000   0.10000   0.50000    0.00000   0.00000   0.00050    32   33   34     10
    34  16.75000   0.00000   0.10000   0.50000    0.00000   0.00000   0.00050    33   34   35     10
    35  17.25000   0.00000   0.10000   0.50000    0.00000   0.00000   0.00050    34   35   36     10
    36  17.75000   0.00000   0.10000   0.50000    0.00000   0.00000   0.00050    35   36   37     10
    37  18.25000   0.00000   0.10000   0.50000    0.00000   0.00000   0.00050    36   37   38     10
    38  18.75000   0.00000   0.10000   0.50000    0.00000   0.00000   0.00050    37   38   39     10
    39  19.25000   0.00000   0.10000   0.50000    0.00000   0.00000   0.00050    38   39   40     10
    40  19.75000   0.00000   0.10000   0.50000    0.00000   0.00000   0.00050    39   40   41     10
    41  20.25000   0.00000   0.10000   0.50000    0.00000   0.00000   0.00050    40   41   42     10
    42  20.75000   0.00000   0.10000   0.50000    0.00000   0.00000   0.00050    41   42   43     10
    43  21.25000   0.00000   0.10000   0.50000    0.00000   0.00000   0.00050    42   43   44     10
    44  21.75000   0.00000   0.10000   0.50000    0.00000   0.00000   0.00050    43   44   45     10
    45  22.25000   0.00000   0.10000   0.50000    0.00000   0.00000   0.00050    44   45   46     10
    46  22.75000   0.00000   0.10000   0.50000    0.00000   0.00000   0.00050    45   46   47     10
    47  23.25000   0.00000   0.10000   0.50000    0.00000   0.00000   0.00050    46   47   48     10
    48  23.75000   0.00000   0.10000   0.50000    0.00000   0.00000   0.00050    47   48   49     10
    49  24.25000   0.00000   0.10000   0.50000    0.00000   0.00000   0.00050    48   49   50     10
    50  24.75000   0.00000   0.10000   0.50000    0.00000   0.00000   0.00050    49   50   51     10
    51  25.25000   0.00000   0.10000   0.50000    0.00000   0.00000   0.00050    50   51   52     10
    52  25.75000   0.00000   0.10000   0.50000    0.00000   0.00000   0.00050    51   52   53     10
    53  26.25000   0.00000   0.10000   0.50000    0.00000   0.00000   0.00050    52   53   54     10
    54  26.75000   0.00000   0.10000   0.50000    0.00000   0.00000   0.00050    53   54   55     10
    55  27.25000   0.00000   0.10000   0.50000    0.00000   0.00000   0.00050    54   55   56     10
    56  27.75000   0.00000   0.10000   0.50000    0.00000   0.00000   0.00050    55   56   57     10
    57  28.25000   0.00000   0.10000   0.50000    0.00000   0.00000   0.00050    56   57   58     10
    58  28.75000   0.00000   0.10000   0.50000    0.00000   0.00000   0.00050    57   58   59     10
    59  29.25000   0.00000   0.10000   0.50000    0.00000   0.00000   0.00050    58   59   60     10
    60  29.75000   0.00000   0.10000   0.50000    0.00000   0.00000   0.00050    59   60   61     10
    61  30.25000   0.00000   0.10000   0.50000    0.00000   0.00000   0.00050    60   61   62     10
    62  30.75000   0.00000   0.10000   0.50000    0.00000   0.00000   0.00050    61   62   63     10
    63  31.25000   0.00000   0.10000   0.50000    0.00000   0.00000   0.00050    62   63   64     10
    64  31.75000   0.00000   0.10000   0.50000    0.00000   0.00000   0.00050    63   64   65     10
    65  32.25000   0.00000   0.10000   0.50000    0.00000   0.00000   0.00050    64   65   66     10
    66  32.75000   0.00000   0.10000   0.50000    0.00000   0.00000   0.00050    65   66   67     10
    67  33.25000   0.00000   0.10000   0.50000    0.00000   0.00000   0.00050    66   67   68     10
    68  33.75000   0.00000   0.10000   0.50000    0.00000   0.00000   0.00050    67   68   69     10
    69  34.25000   0.00000   0.10000   0.50000    0.00000   0.00000   0.00050    68   69   70     10
    70  34.75000   0.00000   0.10000   0.50000    0.00000   0.00000   0.00050    69   70   71     10
    71  35.25000   0.00000   0.10000   0.50000    0.00000   0.00000   0.00050    70   71   72     10
    72  35.75000   0.00000   0.10000   0.50000    0.00000   0.00000   0.00050    71   72   73     10
    73  36.25000   0.00000   0.10000   0.50000    0.00000   0.00000   0.00050    72   73   74     10
    74  36.75000   0.00000   0.10000   0.50000    0.00000   0.00000   0.00050    73   74   75     10
    75  37.25000   0.00000   0.10000   0.50000    0.00000   0.00000   0.00050    74   75   76     10
    76  37.75000   0.00000   0.10000   0.50000    0.00000   0.00000   0.00050    75   76   77     10
    77  38.25000   0.00000   0.10000   0.50000    0.00000   0.00000   0.00050    76   77   78     10
    78  38.75000   0.00000   0.10000   0.50000    0.00000   0.00000   0.00050    77   78   79     10
    79  39.25000   0.00000   0.10000   0.50000    0.00000   0.00000   0.00050    78   79   80     10
    80  39.75000   0.00000   0.10000   0.50000    0.00000   0.00000   0.00050    79   80    0     10
    81   0.17678   0.17678   0.10000   0.50000    0.00000  45.00000   0.00050  -161   81   82     55
    82   0.53033   0.53033   0.10000   0.50000    0.00000  45.00000   0.00050    81   82   83     55
    83   0.88388   0.88388   0.10000   0.50000    0.00000  45.00000   0.00050    82   83   84     55
    84   1.23744   1.23744   0.10000   0.50000    0.00000  45.00000   0.00050    83   84   85     55
    85   1.59099   1.59099   0.10000   0.50000    0.00000  45.00000   0.00050    84   85   86     55
    86   1.94454   1.94454   0.10000   0.50000    0.00000  45.00000   0.00050    85   86   87     55
    87   2.29810   2.29810   0.10000   0.50000    0.00000  45.00000   0.00050    86   87   88     55
    88   2.65165   2.65165   0.10000   0.50000    0.00000  45.00000   0.00050    87   88   89     55
    89   3.00520   3.00520   0.10000   0.50000    0.00000  45.00000   0.00050    88   89   90     55
    90   3.35876   3.35876   0.10000   0.50000    0.00000  45.00000   0.00050    89   90   91     55
    91   3.71231   3.71231   0.10000   0.50000    0.00000  45.00000   0.00050    90   91   92     55
    92   4.06586   4.06586   0.10000   0.50000    0.00000  45.00000   0.00050    91   92   93     55
    93   4.41942   4.41942   0.10000   0.50000    0.00000  45.00000   0.00050    92   93   94     55
    94   4.77297   4.77297   0.10000   0.50000    0.00000  45.00000   0.00050    93   94   95     55
    95   5.12652   5.12652   0.10000   0.50000    0.00000  45.00000   0.00050    94   95   96     55
    96   5.48008   5.48008   0.10000   0.50000    0.00000  45.00000   0.00050    95   96   97     55
    97   5.83363   5.83363   0.10000   0.50000    0.00000  45.00000   0.00050    96   97   98     55
    98   6.18718   6.18718   0.10000   0.50000    0.00000  45.00000   0.00050    97   98   99     55
    99   6.54074   6.54074   0.10000   0.50000    0.00000  45.00000   0.00050    98   99  100     55
   100   6.89429   6.89429   0.10000   0.50000    0.00000  45.00000   0.00050    99  100  101     55
   101   7.24784   7.24784   0.10000   0.50000    0.00000  45.00000   0.00050   100  101  102     55
   102   7.60140   7.60140   0.10000   0.50000    0.00000  45.00000   0.00050   101  102  103     55
   103   7.95495   7.95495   0.10000   0.50000    0.00000  45.00000   0.00050   102  103  104     55
   104   8.30850   8.30850   0.10000   0.50000    0.00000  45.00000   0.00050   103  104  105     55
   105   8.66206   8.66206   0.10000   0.50000    0.00000  45.00000   0.00050   104  105  106     55
   106   9.01561   9.01561   0.10000   0.50000    0.00000  45.00000   0.00050   105  106  107     55
   107   9.36916   9.36916   0.10000   0.50000    0.00000  45.00000   0.00050   106  107  108     55
   108   9.72272   9.72272   0.10000   0.50000    0.00000  45.00000   0.00050   107  108  109     55
   109  10.07627  10.07627   0.10000   0.50000    0.00000  45.00000   0.00050   108  109  110     55
   110  10.42983  10.42983   0.10000   0.50000    0.00000  45.00000   0.00050   109  110  111     55
   111  10.78338  10.78338   0.10000   0.50000    0.00000  45.00000   0.00050   110  111  112     55
   112  11.13693  11.13693   0.10000   0.50000    0.00000  45.00000   0.00050   111  112  113     55
   113  11.49049  11.49049   0.10000   0.50000    0.00000  45.00000   0.00050   112  113  114     55
   114  11.84404  11.84404   0.10000   0.50000    0.00000  45.00000   0.00050   113  114  115     55
   115  12.19759  12.19759   0.10000   0.50000    0.00000  45.00000   0.00050   114  115  116     55
   116  12.55115  12.55115   0.10000   0.50000    0.00000  45.00000   0.00050   115  116  117     55
   117  12.90470  12.90470   0.10000   0.50000    0.00000  45.00000   0.00050   116  117  118     55
   118  13.25825  13.25825   0.10000   0.50000    0.00000  45.00000   0.00050   117  118  119     55
   119  13.61181  13.61181   0.10000   0.50000    0.00000  45.00000   0.00050   118  119  120     55
   120  13.96536  13.96536   0.10000   0.50000    0.00000  45.00000   0.00050   119  120  121     55
   121  14.31891  14.31891   0.10000   0.50000    0.00000  45.00000   0.00050   120  121  122     55
   122  14.67247  14.67247   0.10000   0.50000    0.00000  45.00000   0.00050   121  122  123     55
   123  15.02602  15.02602   0.10000   0.50000    0.00000  45.00000   0.00050   122  123  124     55
   124  15.37957  15.37957   0.10000   0.50000    0.00000  45.00000   0.00050   123  124  125     55
   125  15.73313  15.73313   0.10000   0.50000    0.00000  45.00000   0.00050   124  125  126     55
   126  16.08668  16.08668   0.10000   0.50000    0.00000  45.00000   0.00050   125  126  127     55
   127  16.44023  16.44023   0.10000   0.50000    0.00000  45.00000   0.00050   126  127  128     55
   128  16.79379  16.79379   0.10000   0.50000    0.00000  45.00000   0.00050   127  128  129     55
   129  17.14734  17.14734   0.10000   0.50000    0.00000  45.00000   0.00050   128  129  130     55
   130  17.50089  17.50089   0.10000   0.50000    0.00000  45.00000   0.00050   129  130  131     55
   131  17.85445  17.85445   0.10000   0.50000    0.00000  45.00000   0.00050   130  131  132     55
   132  18.20800  18.20800   0.10000   0.50000    0.00000  45.00000   0.00050   131  132  133     55
   133  18.56155  18.56155   0.10000   0.50000    0.00000  45.00000   0.00050   132  133  134     55
   134  18.91511  18.91511   0.10000   0.50000    0.00000  45.00000   0.00050   133  134  135     55
   135  19.26866  19.26866   0.10000   0.50000    0.00000  45.00000   0.00050   134  135  136     55
   136  19.62221  19.62221   0.10000   0.50000    0.00000  45.00000   0.00050   135  136  137     55
   137  19.97577  19.97577   0.10000   0.50000    0.00000  45.00000   0.00050   136  137  138     55
   138  20.32932  20.32932   0.10000   0.50000    0.00000  45.00000   0.00050   137  138  139     55
   139  20.68287  20.68287   0.10000   0.50000    0.00000  45.00000   0.00050   138  139  140     55
   140  21.03643  21.03643   0.10000   0.50000    0.00000  45.00000   0.00050   139  140  141     55
   141  21.38998  21.38998   0.10000   0.50000    0.00000  45.00000   0.00050   140  141  142     55
   142  21.74353  21.74353   0.10000   0.50000    0.00000  45.00000   0.00050   141  142  143     55
   143  22.09709  22.09709   0.10000   0.50000    0.00000  45.00000   0.00050   142  143  144     55
   144  22.45064  22.45064   0.10000   0.50000    0.00000  45.00000   0.00050   143  144  145     55
   145  22.80419  22.80419   0.10000   0.50000    0.00000  45.00000   0.00050   144  145  146     55
   146  23.15775  23.15775   0.10000   0.50000    0.00000  45.00000   0.00050   145  146  147     55
   147  23.51130  23.51130   0.10000   0.50000    0.00000  45.00000   0.00050   146  147  148     55
   148  23.86485  23.86485   0.10000   0.50000    0.00000  45.00000   0.00050   147  148  149     55
   149  24.21841  24.21841   0.10000   0.50000    0.00000  45.00000   0.00050   148  149  150     55
   150  24.57196  24.57196   0.10000   0.50000    0.00000  45.00000   0.00050   149  150  151     55
   151  24.92551  24.92551   0.10000   0.50000    0.00000  45.00000   0.00050   150  151  152     55
   152  25.27907  25.27907   0.10000   0.50000    0.00000  45.00000   0.00050   151  152  153     55
   153  25.63262  25.63262   0.10000   0.50000    0.00000  45.00000   0.00050   152  153  154     55
   154  25.98617  25.98617   0.10000   0.50000    0.00000  45.00000   0.00050   153  154  155     55
   155  26.33973  26.33973   0.10000   0.50000    0.00000  45.00000   0.00050   154  155  156     55
   156  26.69328  26.69328   0.10000   0.50000    0.00000  45.00000   0.00050   155  156  157     55
   157  27.04683  27.04683   0.10000   0.50000    0.00000  45.00000   0.00050   156  157  158     55
   158  27.40039  27.40039   0.10000   0.50000    0.00000  45.00000   0.00050   157  158  159     55
   159  27.75394  27.75394   0.10000   0.50000    0.00000  45.00000   0.00050   158  159  160     55
   160  28.10749  28.10749   0.10000   0.50000    0.00000  45.00000   0.00050   159  160    0     55
   161   0.00000   0.25000   0.10000   0.50000    0.00000  90.00000   0.00050  -241  161  162    100
   162   0.00000   0.75000   0.10000   0.50000    0.00000  90.00000   0.00050   161  162  163    100
   163   0.00000   1.25000   0.10000   0.50000    0.00000  90.00000   0.00050   162  163  164    100
   164   0.00000   1.75000   0.10000   0.50000    0.00000  90.00000   0.00050   163  164  165    100
   165   0.00000   2.25000   0.10000   0.50000    0.00000  90.00000   0.00050   164  165  166    100
   166   0.00000   2.75000   0.10000   0.50000    0.00000  90.00000   0.00050   165  166  167    100
   167   0.00000   3.25000   0.10000   0.50000    0.00000  90.00000   0.00050   166  167  168    100
   168   0.00000   3.75000   0.10000   0.50000    0.00000  90.00000   0.00050   167  168  169    100
   169   0.00000   4.25000   0.10000   0.50000    0.00000  90.00000   0.00050   168  169  170    100
   170   0.00000   4.75000   0.10000   0.50000    0.00000  90.00000   0.00050   169  170  171    100
   171   0.00000   5.25000   0.10000   0.50000    0.00000  90.00000   0.00050   170  171  172    100
   172   0.00000   5.75000   0.10000   0.50000    0.00000  90.00000   0.00050   171  172  173    100
   173   0.00000   6.25000   0.10000   0.50000    0.00000  90.00000   0.00050   172  173  174    100
   174   0.00000   6.75000   0.10000   0.50000    0.00000  90.00000   0.00050   173  174  175    100
   175   0.00000   7.25000   0.10000   0.50000    0.00000  90.00000   0.00050   174  175  176    100
   176   0.00000   7.75000   0.10000   0.50000    0.00000  90.00000   0.00050   175  176  177    100
   177   0.00000   8.25000   0.10000   0.50000    0.00000  90.00000   0.00050   176  177  178    100
   178   0.00000   8.75000   0.10000   0.50000    0.00000  90.00000   0.00050   177  178  179    100
   179   0.00000   9.25000   0.10000   0.50000    0.00000  90.00000   0.00050   178  179  180    100
   180   0.00000   9.75000   0.10000   0.50000    0.00000  90.00000   0.00050   179  180  181    100
   181   0.00000  10.25000   0.10000   0.50000    0.00000  90.00000   0.00050   180  181  182    100
   182   0.00000  10.75000   0.10000   0.50000    0.00000  90.00000   0.00050   181  182  183    100
   183   0.00000  11.25000   0.10000   0.50000    0.00000  90.00000   0.00050   182  183  184    100
   184   0.00000  11.75000   0.10000   0.50000    0.00000  90.00000   0.00050   183  184  185    100
   185   0.00000  12.25000   0.10000   0.50000    0.00000  90.00000   0.00050   184  185  186    100
   186   0.00000  12.75000   0.10000   0.50000    0.00000  90.00000   0.00050   185  186  187    100
   187   0.00000  13.25000   0.10000   0.50000    0.00000  90.00000   0.00050   186  187  188    100
   188   0.00000  13.75000   0.10000   0.50000    0.00000  90.00000   0.00050   187  188  189    100
   189   0.00000  14.25000   0.10000   0.50000    0.00000  90.00000   0.00050   188  189  190    100
   190   0.00000  14.75000   0.10000   0.50000    0.00000  90.00000   0.00050   189  190  191    100
   191   0.00000  15.25000   0.10000   0.50000    0.00000  90.00000   0.00050   190  191  192    100
   192   0.00000  15.75000   0.10000   0.50000    0.00000  90.00000   0.00050   191  192  193    100
   193   0.00000  16.25000   0.10000   0.50000    0.00000  90.00000   0.00050   192  193  194    100
   194   0.00000  16.75000   0.10000   0.50000    0.00000  90.00000   0.00050   193  194  195    100
   195   0.00000  17.25000   0.10000   0.50000    0.00000  90.00000   0.00050   194  195  196    100
   196   0.00000  17.75000   0.10000   0.50000    0.00000  90.00000   0.00050   195  196  197    100
   197   0.00000  18.25000   0.10000   0.50000    0.00000  90.00000   0.00050   196  197  198    100
   198   0.00000  18.75000   0.10000   0.50000    0.00000  90.00000   0.00050   197  198  199    100
   199   0.00000  19.25000   0.10000   0.50000    0.00000  90.00000   0.00050   198  199  200    100
   200   0.00000  19.75000   0.10000   0.50000    0.00000  90.00000   0.00050   199  200  201    100
   201   0.00000  20.25000   0.10000   0.50000    0.00000  90.00000   0.00050   200  201  202    100
   202   0.00000  20.75000   0.10000   0.50000    0.00000  90.00000   0.00050   201  202  203    100
   203   0.00000  21.25000   0.10000   0.50000    0.00000  90.00000   0.00050   202  203  204    100
   204   0.00000  21.75000   0.10000   0.50000    0.00000  90.00000   0.00050   203  204  205    100
   205   0.00000  22.25000   0.10000   0.50000    0.00000  90.00000   0.00050   204  205  206    100
   206   0.00000  22.75000   0.10000   0.50000    0.00000  90.00000   0.00050   205  206  207    100
   207   0.00000  23.25000   0.10000   0.50000    0.00000  90.00000   0.00050   206  207  208    100
   208   0.00000  23.75000   0.10000   0.50000    0.00000  90.00000   0.00050   207  208  209    100
   209   0.00000  24.25000   0.10000   0.50000    0.00000  90.00000   0.00050   208  209  210    100
   210   0.00000  24.75000   0.10000   0.50000    0.00000  90.00000   0.00050   209  210  211    100
   211   0.00000  25.25000   0.10000   0.50000    0.00000  90.00000   0.00050   210  211  212    100
   212   0.00000  25.75000   0.10000   0.50000    0.00000  90.00000   0.00050   211  212  213    100
   213   0.00000  26.25000   0.10000   0.50000    0.00000  90.00000   0.00050   212  213  214    100
   214   0.00000  26.75000   0.10000   0.50000    0.00000  90.00000   0.00050   213  214  215    100
   215   0.00000  27.25000   0.10000   0.50000    0.00000  90.00000   0.00050   214  215  216    100
   216   0.00000  27.75000   0.10000   0.50000    0.00000  90.00000   0.00050   215  216  217    100
   217   0.00000  28.25000   0.10000   0.50000    0.00000  90.00000   0.00050   216  217  218    100
   218   0.00000  28.75000   0.10000   0.50000    0.00000  90.00000   0.00050   217  218  219    100
   219   0.00000  29.25000   0.10000   0.50000    0.00000  90.00000   0.00050   218  219  220    100
   220   0.00000  29.75000   0.10000   0.50000    0.00000  90.00000   0.00050   219  220  221    100
   221   0.00000  30.25000   0.10000   0.50000    0.00000  90.00000   0.00050   220  221  222    100
   222   0.00000  30.75000   0.10000   0.50000    0.00000  90.00000   0.00050   221  222  223    100
   223   0.00000  31.25000   0.10000   0.50000    0.00000  90.00000   0.00050   222  223  224    100
   224   0.00000  31.75000   0.10000   0.50000    0.00000  90.00000   0.00050   223  224  225    100
   225   0.00000  32.25000   0.10000   0.50000    0.00000  90.00000   0.00050   224  225  226    100
   226   0.00000  32.75000   0.10000   0.50000    0.00000  90.00000   0.00050   225  226  227    100
   227   0.00000  33.25000   0.10000   0.50000    0.00000  90.00000   0.00050   226  227  228    100
   228   0.00000  33.75000   0.10000   0.50000    0.00000  90.00000   0.00050   227  228  229    100
   229   0.00000  34.25000   0.10000   0.50000    0.00000  90.00000   0.00050   228  229  230    100
   230   0.00000  34.75000   0.10000   0.50000    0.00000  90.00000   0.00050   229  230  231    100
   231   0.00000  35.25000   0.10000   0.50000    0.00000  90.00000   0.00050   230  231  232    100
   232   0.00000  35.75000   0.10000   0.50000    0.00000  90.00000   0.00050   231  232  233    100
   233   0.00000  36.25000   0.10000   0.50000    0.00000  90.00000   0.00050   232  233  234    100
   234   0.00000  36.75000   0.10000   0.50000    0.00000  90.00000   0.00050   233  234  235    100
   235   0.00000  37.25000   0.10000   0.50000    0.00000  90.00000   0.00050   234  235  236    100
   236   0.00000  37.75000   0.10000   0.50000    0.00000  90.00000   0.00050   235  236  237    100
   237   0.00000  38.25000   0.10000   0.50000    0.00000  90.00000   0.00050   236  237  238    100
   238   0.00000  38.75000   0.10000   0.50000    0.00000  90.00000   0.00050   237  238  239    100
   239   0.00000  39.25000   0.10000   0.50000    0.00000  90.00000   0.00050   238  239  240    100
   240   0.00000  39.75000   0.10000   0.50000    0.00000  90.00000   0.00050   239  240    0    100
   241  -0.17678   0.17678   0.10000   0.50000    0.00000 135.00000   0.00050  -321  241  242    145
   242  -0.53033   0.53033   0.10000   0.50000    0.00000 135.00000   0.00050   241  242  243    145
   243  -0.88388   0.88388   0.10000   0.50000    0.00000 135.00000   0.00050   242  243  244    145
   244  -1.23744   1.23744   0.10000   0.50000    0.00000 135.00000   0.00050   243  244  245    145
   245  -1.59099   1.59099   0.10000   0.50000    0.00000 135.00000   0.00050   244  245  246    145
   246  -1.94454   1.94454   0.10000   0.50000    0.00000 135.00000   0.00050   245  246  247    145
   247  -2.29810   2.29810   0.10000   0.50000    0.00000 135.00000   0.00050   246  247  248    145
   248  -2.65165   2.65165   0.10000   0.50000    0.00000 135.00000   0.00050   247  248  249    145
   249  -3.00520   3.00520   0.10000   0.50000    0.00000 135.00000   0.00050   248  249  250    145
   250  -3.35876   3.35876   0.10000   0.50000    0.00000 135.00000   0.00050   249  250  251    145
   251  -3.71231   3.71231   0.10000   0.50000    0.00000 135.00000   0.00050   250  251  252    145
   252  -4.06586   4.06586   0.10000   0.50000    0.00000 135.00000   0.00050   251  252  253    145
   253  -4.41942   4.41942   0.10000   0.50000    0.00000 135.00000   0.00050   252  253  254    145
   254  -4.77297   4.77297   0.10000   0.50000    0.00000 135.00000   0.00050   253  254  255    145
   255  -5.12652   5.12652   0.10000   0.50000    0.00000 135.00000   0.00050   254  255  256    145
   256  -5.48008   5.48008   0.10000   0.50000    0.00000 135.00000   0.00050   255  256  257    145
   257  -5.83363   5.83363   0.10000   0.50000    0.00000 135.00000   0.00050   256  257  258    145
   258  -6.18718   6.18718   0.10000   0.50000    0.00000 135.00000   0.00050   257  258  259    145
   259  -6.54074   6.54074   0.10000   0.50000    0.00000 135.00000   0.00050   258  259  260    145
   260  -6.89429   6.89429   0.10000   0.50000    0.00000 135.00000   0.00050   259  260  261    145
   261  -7.24784   7.24784   0.10000   0.50000    0.00000 135.00000   0.00050   260  261  262    145
   262  -7.60140   7.60140   0.10000   0.50000    0.00000 135.00000   0.00050   261  262  263    145
   263  -7.95495   7.95495   0.10000   0.50000    0.00000 135.00000   0.00050   262  263  264    145
   264  -8.30850   8.30850   0.10000   0.50000    0.00000 135.00000   0.00050   263  264  265    145
   265  -8.66206   8.66206   0.10000   0.50000    0.00000 135.00000   0.00050   264  265  266    145
   266  -9.01561   9.01561   0.10000   0.50000    0.00000 135.00000   0.00050   265  266  267    145
   267  -9.36916   9.36916   0.10000   0.50000    0.00000 135.00000   0.00050   266  267  268    145
   268  -9.72272   9.72272   0.10000   0.50000    0.00000 135.00000   0.00050   267  268  269    145
   269 -10.07627  10.07627   0.10000   0.50000    0.00000 135.00000   0.00050   268  269  270    145
   270 -10.42983  10.42983   0.10000   0.50000    0.00000 135.00000   0.00050   269  270  271    145
   271 -10.78338  10.78338   0.10000   0.50000    0.00000 135.00000   0.00050   270  271  272    145
   272 -11.13693  11.13693   0.10000   0.50000    0.00000 135.00000   0.00050   271  272  273    145
   273 -11.49049  11.49049   0.10000   0.50000    0.00000 135.00000   0.00050   272  273  274    145
   274 -11.84404  11.84404   0.10000   0.50000    0.00000 135.00000   0.00050   273  274  275    145
   275 -12.19759  12.19759   0.10000   0.50000    0.00000 135.00000   0.00050   274  275  276    145
   276 -12.55115  12.55115   0.10000   0.50000    0.00000 135.00000   0.00050   275  276  277    145
   277 -12.90470  12.90470   0.10000   0.50000    0.00000 135.00000   0.00050   276  277  278    145
   278 -13.25825  13.25825   0.10000   0.50000    0.00000 135.00000   0.00050   277  278  279    145
   279 -13.61181  13.61181   0.10000   0.50000    0.00000 135.00000   0.00050   278  279  280    145
   280 -13.96536  13.96536   0.10000   0.50000    0.00000 135.00000   0.00050   279  280  281    145
   281 -14.31891  14.31891   0.10000   0.50000    0.00000 135.00000   0.00050   280  281  282    145
   282 -14.67247  14.67247   0.10000   0.50000    0.00000 135.00000   0.00050   281  282  283    145
   283 -15.02602  15.02602   0.10000   0.50000    0.00000 135.00000   0.00050   282  283  284    145
   284 -15.37957  15.37957   0.10000   0.50000    0.00000 135.00000   0.00050   283  284  285    145
   285 -15.73313  15.73313   0.10000   0.50000    0.00000 135.00000   0.00050   284  285  286    145
   286 -16.08668  16.08668   0.10000   0.50000    0.00000 135.00000   0.00050   285  286  287    145
   287 -16.44023  16.44023   0.10000   0.50000    0.00000 135.00000   0.00050   286  287  288    145
   288 -16.79379  16.79379   0.10000   0.50000    0.00000 135.00000   0.00050   287  288  289    145
   289 -17.14734  17.14734   0.10000   0.50000    0.00000 135.00000   0.00050   288  289  290    145
   290 -17.50089  17.50089   0.10000   0.50000    0.00000 135.00000   0.00050   289  290  291    145
   291 -17.85445  17.85445   0.10000   0.50000    0.00000 135.00000   0.00050   290  291  292    145
   292 -18.20800  18.20800   0.10000   0.50000    0.00000 135.00000   0.00050   291  292  293    145
   293 -18.56155  18.56155   0.10000   0.50000    0.00000 135.00000   0.00050   292  293  294    145
   294 -18.91511  18.91511   0.10000   0.50000    0.00000 135.00000   0.00050   293  294  295    145
   295 -19.26866  19.26866   0.10000   0.50000    0.00000 135.00000   0.00050   294  295  296    145
   296 -19.62221  19.62221   0.10000   0.50000    0.00000 135.00000   0.00050   295  296  297    145
   297 -19.97577  19.97577   0.10000   0.50000    0.00000 135.00000   0.00050   296  297  298    145
   298 -20.32932  20.32932   0.10000   0.50000    0.00000 135.00000   0.00050   297  298  299    145
   299 -20.68287  20.68287   0.10000   0.50000    0.00000 135.00000   0.00050   298  299  300    145
   300 -21.03643  21.03643   0.10000   0.50000    0.00000 135.00000   0.00050   299  300  301    145
   301 -21.38998  21.38998   0.10000   0.50000    0.00000 135.00000   0.00050   300  301  302    145
   302 -21.74353  21.74353   0.10000   0.50000    0.00000 135.00000   0.00050   301  302  303    145
   303 -22.09709  22.09709   0.10000   0.50000    0.00000 135.00000   0.00050   302  303  304    145
   304 -22.45064  22.45064   0.10000   0.50000    0.00000 135.00000   0.00050   303  304  305    145
   305 -22.80419  22.80419   0.10000   0.50000    0.00000 135.00000   0.00050   304  305  306    145
   306 -23.15775  23.15775   0.10000   0.50000    0.00000 135.00000   0.00050   305  306  307    145
   307 -23.51130  23.51130   0.10000   0.50000    0.00000 135.00000   0.00050   306  307  308    145
   308 -23.86485  23.86485   0.10000   0.50000    0.00000 135.00000   0.00050   307  308  309    145
   309 -24.21841  24.21841   0.10000   0.50000    0.00000 135.00000   0.00050   308  309  310    145
   310 -24.57196  24.57196   0.10000   0.50000    0.00000 135.00000   0.00050   309  310  311    145
   311 -24.92551  24.92551   0.10000   0.50000    0.00000 135.00000   0.00050   310  311  312    145
   312 -25.27907  25.27907   0.10000   0.50000    0.00000 135.00000   0.00050   311  312  313    145
   313 -25.63262  25.63262   0.10000   0.50000    0.00000 135.00000   0.00050   312  313  314    145
   314 -25.98617  25.98617   0.10000   0.50000    0.00000 135.00000   0.00050   313  314  315    145
   315 -26.33973  26.33973   0.10000   0.50000    0.00000 135.00000   0.00050   314  315  316    145
   316 -26.69328  26.69328   0.10000   0.50000    0.00000 135.00000   0.00050   315  316  317    145
   317 -27.04683  27.04683   0.10000   0.50000    0.00000 135.00000   0.00050   316  317  318    145
   318 -27.40039  27.40039   0.10000   0.50000    0.00000 135.00000   0.00050   317  318  319    145
   319 -27.75394  27.75394   0.10000   0.50000    0.00000 135.00000   0.00050   318  319  320    145
   320 -28.10749  28.10749   0.10000   0.50000    0.00000 135.00000   0.00050   319  320    0    145
   321  -0.25000   0.00000   0.10000   0.50000    0.00000-180.00000   0.00050  -401  321  322    190
   322  -0.75000   0.00000   0.10000   0.50000    0.00000-180.00000   0.00050   321  322  323    190
   323  -1.25000   0.00000   0.10000   0.50000    0.00000-180.00000   0.00050   322  323  324    190
   324  -1.75000   0.00000   0.10000   0.50000    0.00000-180.00000   0.00050   323  324  325    190
   325  -2.25000   0.00000   0.10000   0.50000    0.00000-180.00000   0.00050   324  325  326    190
   326  -2.75000   0.00000   0.10000   0.50000    0.00000-180.00000   0.00050   325  326  327    190
   327  -3.25000   0.00000   0.10000   0.50000    0.00000-180.00000   0.00050   326  327  328    190
   328  -3.75000   0.00000   0.10000   0.50000    0.00000-180.00000   0.00050   327  328  329    190
   329  -4.25000   0.00000   0.10000   0.50000    0.00000-180.00000   0.00050   328  329  330    190
   330  -4.75000   0.00000   0.10000   0.50000    0.00000-180.00000   0.00050   329  330  331    190
   331  -5.25000   0.00000   0.10000   0.50000    0.00000-180.00000   0.00050   330  331  332    190
   332  -5.75000   0.00000   0.10000   0.50000    0.00000-180.00000   0.00050   331  332  333    190
   333  -6.25000   0.00000   0.10000   0.50000    0.00000-180.00000   0.00050   332  333  334    190
   334  -6.75000   0.00000   0.10000   0.50000    0.00000-180.00000   0.00050   333  334  335    190
   335  -7.25000   0.00000   0.10000   0.50000    0.00000-180.00000   0.00050   334  335  336    190
   336  -7.75000   0.00000   0.10000   0.50000    0.00000-180.00000   0.00050   335  336  337    190
   337  -8.25000   0.00000   0.10000   0.50000    0.00000-180.00000   0.00050   336  337  338    190
   338  -8.75000   0.00000   0.10000   0.50000    0.00000-180.00000   0.00050   337  338  339    190
   339  -9.25000   0.00000   0.10000   0.50000    0.00000-180.00000   0.00050   338  339  340    190
   340  -9.75000   0.00000   0.10000   0.50000    0.00000-180.00000   0.00050   339  340  341    190
   341 -10.25000   0.00000   0.10000   0.50000    0.00000-180.00000   0.00050   340  341  342    190
   342 -10.75000   0.00000   0.10000   0.50000    0.00000-180.00000   0.00050   341  342  343    190
   343 -11.25000   0.00000   0.10000   0.50000    0.00000-180.00000   0.00050   342  343  344    190
   344 -11.75000   0.00000   0.10000   0.50000    0.00000-180.00000   0.00050   343  344  345    190
   345 -12.25000   0.00000   0.10000   0.50000    0.00000-180.00000   0.00050   344  345  346    190
   346 -12.75000   0.00000   0.10000   0.50000    0.00000-180.00000   0.00050   345  346  347    190
   347 -13.25000   0.00000   0.10000   0.50000    0.00000-180.00000   0.00050   346  347  348    190
   348 -13.75000   0.00000   0.10000   0.50000    0.00000-180.00000   0.00050   347  348  349    190
   349 -14.25000   0.00000   0.10000   0.50000    0.00000-180.00000   0.00050   348  349  350    190
   350 -14.75000   0.00000   0.10000   0.50000    0.00000-180.00000   0.00050   349  350  351    190
   351 -15.25000   0.00000   0.10000   0.50000    0.00000-180.00000   0.00050   350  351  352    190
   352 -15.75000   0.00000   0.10000   0.50000    0.00000-180.00000   0.00050   351  352  353    190
   353 -16.25000   0.00000   0.10000   0.50000    0.00000-180.00000   0.00050   352  353  354    190
   354 -16.75000   0.00000   0.10000   0.50000    0.00000-180.00000   0.00050   353  354  355    190
   355 -17.25000   0.00000   0.10000   0.50000    0.00000-180.00000   0.00050   354  355  356    190
   356 -17.75000   0.00000   0.10000   0.50000    0.00000-180.00000   0.00050   355  356  357    190
   357 -18.25000   0.00000   0.10000   0.50000    0.00000-180.00000   0.00050   356  357  358    190
   358 -18.75000   0.00000   0.10000   0.50000    0.00000-180.00000   0.00050   357  358  359    190
   359 -19.25000   0.00000   0.10000   0.50000    0.00000-180.00000   0.00050   358  359  360    190
   360 -19.75000   0.00000   0.10000   0.50000    0.00000-180.00000   0.00050   359  360  361    190
   361 -20.25000   0.00000   0.10000   0.50000    0.00000-180.00000   0.00050   360  361  362    190
   362 -20.75000   0.00000   0.10000   0.50000    0.00000-180.00000   0.00050   361  362  363    190
   363 -21.25000   0.00000   0.10000   0.50000    0.00000-180.00000   0.00050   362  363  364    190
   364 -21.75000   0.00000   0.10000   0.50000    0.00000-180.00000   0.00050   363  364  365    190
   365 -22.25000   0.00000   0.10000   0.50000    0.00000-180.00000   0.00050   364  365  366    190
   366 -22.75000   0.00000   0.10000   0.50000    0.00000-180.00000   0.00050   365  366  367    190
   367 -23.25000   0.00000   0.10000   0.50000    0.00000-180.00000   0.00050   366  367  368    190
   368 -23.75000   0.00000   0.10000   0.50000    0.00000-180.00000   0.00050   367  368  369    190
   369 -24.25000   0.00000   0.10000   0.50000    0.00000-180.00000   0.00050   368  369  370    190
   370 -24.75000   0.00000   0.10000   0.50000    0.00000-180.00000   0.00050   369  370  371    190
   371 -25.25000   0.00000   0.10000   0.50000    0.00000-180.00000   0.00050   370  371  372    190
   372 -25.75000   0.00000   0.10000   0.50000    0.00000-180.00000   0.00050   371  372  373    190
   373 -26.25000   0.00000   0.10000   0.50000    0.00000-180.00000   0.00050   372  373  374    190
   374 -26.75000   0.00000   0.10000   0.50000    0.00000-180.00000   0.00050   373  374  375    190
   375 -27.25000   0.00000   0.10000   0.50000    0.00000-180.00000   0.00050   374  375  376    190
   376 -27.75000   0.00000   0.10000   0.50000    0.00000-180.00000   0.00050   375  376  377    190
   377 -28.25000   0.00000   0.10000   0.50000    0.00000-180.00000   0.00050   376  377  378    190
   378 -28.75000   0.00000   0.10000   0.50000    0.00000-180.00000   0.00050   377  378  379    190
   379 -29.25000   0.00000   0.10000   0.50000    0.00000-180.00000   0.00050   378  379  380    190
   380 -29.75000   0.00000   0.10000   0.50000    0.00000-180.00000   0.00050   379  380  381    190
   381 -30.25000   0.00000   0.10000   0.50000    0.00000-180.00000   0.00050   380  381  382    190
   382 -30.75000   0.00000   0.10000   0.50000    0.00000-180.00000   0.00050   381  382  383    190
   383 -31.25000   0.00000   0.10000   0.50000    0.00000-180.00000   0.00050   382  383  384    190
   384 -31.75000   0.00000   0.10000   0.50000    0.00000-180.00000   0.00050   383  384  385    190
   385 -32.25000   0.00000   0.10000   0.50000    0.00000-180.00000   0.00050   384  385  386    190
   386 -32.75000   0.00000   0.10000   0.50000    0.00000-180.00000   0.00050   385  386  387    190
   387 -33.25000   0.00000   0.10000   0.50000    0.00000-180.00000   0.00050   386  387  388    190
   388 -33.75000   0.00000   0.10000   0.50000    0.00000-180.00000   0.00050   387  388  389    190
   389 -34.25000   0.00000   0.10000   0.50000    0.00000-180.00000   0.00050   388  389  390    190
   390 -34.75000   0.00000   0.10000   0.50000    0.00000-180.00000   0.00050   389  390  391    190
   391 -35.25000   0.00000   0.10000   0.50000    0.00000-180.00000   0.00050   390  391  392    190
   392 -35.75000   0.00000   0.10000   0.50000    0.00000-180.00000   0.00050   391  392  393    190
   393 -36.25000   0.00000   0.10000   0.50000    0.00000-180.00000   0.00050   392  393  394    190
   394 -36.75000   0.00000   0.10000   0.50000    0.00000-180.00000   0.00050   393  394  395    190
   395 -37.25000   0.00000   0.10000   0.50000    0.00000-180.00000   0.00050   394  395  396    190
   396 -37.75000   0.00000   0.10000   0.50000    0.00000-180.00000   0.00050   395  396  397    190
   397 -38.25000   0.00000   0.10000   0.50000    0.00000-180.00000   0.00050   396  397  398    190
   398 -38.75000   0.00000   0.10000   0.50000    0.00000-180.00000   0.00050   397  398  399    190
   399 -39.25000   0.00000   0.10000   0.50000    0.00000-180.00000   0.00050   398  399  400    190
   400 -39.75000   0.00000   0.10000   0.50000    0.00000-180.00000   0.00050   399  400    0    190
   401  -0.17678  -0.17678   0.10000   0.50000    0.00000-135.00000   0.00050  -481  401  402    235
   402  -0.53033  -0.53033   0.10000   0.50000    0.00000-135.00000   0.00050   401  402  403    235
   403  -0.88388  -0.88388   0.10000   0.50000    0.00000-135.00000   0.00050   402  403  404    235
   404  -1.23744  -1.23744   0.10000   0.50000    0.00000-135.00000   0.00050   403  404  405    235
   405  -1.59099  -1.59099   0.10000   0.50000    0.00000-135.00000   0.00050   404  405  406    235
   406  -1.94454  -1.94454   0.10000   0.50000    0.00000-135.00000   0.00050   405  406  407    235
   407  -2.29810  -2.29810   0.10000   0.50000    0.00000-135.00000   0.00050   406  407  408    235
   408  -2.65165  -2.65165   0.10000   0.50000    0.00000-135.00000   0.00050   407  408  409    235
   409  -3.00520  -3.00520   0.10000   0.50000    0.00000-135.00000   0.00050   408  409  410    235
   410  -3.35876  -3.35876   0.10000   0.50000    0.00000-135.00000   0.00050   409  410  411    235
   411  -3.71231  -3.71231   0.10000   0.50000    0.00000-135.00000   0.00050   410  411  412    235
   412  -4.06586  -4.06586   0.10000   0.50000    0.00000-135.00000   0.00050   411  412  413    235
   413  -4.41942  -4.41942   0.10000   0.50000    0.00000-135.00000   0.00050   412  413  414    235
   414  -4.77297  -4.77297   0.10000   0.50000    0.00000-135.00000   0.00050   413  414  415    235
   415  -5.12652  -5.12652   0.10000   0.50000    0.00000-135.00000   0.00050   414  415  416    235
   416  -5.48008  -5.48008   0.10000   0.50000    0.00000-135.00000   0.00050   415  416  417    235
   417  -5.83363  -5.83363   0.10000   0.50000    0.00000-135.00000   0.00050   416  417  418    235
   418  -6.18718  -6.18718   0.10000   0.50000    0.00000-135.00000   0.00050   417  418  419    235
   419  -6.54074  -6.54074   0.10000   0.50000    0.00000-135.00000   0.00050   418  419  420    235
   420  -6.89429  -6.89429   0.10000   0.50000    0.00000-135.00000   0.00050   419  420  421    235
   421  -7.24784  -7.24784   0.10000   0.50000    0.00000-135.00000   0.00050   420  421  422    235
   422  -7.60140  -7.60140   0.10000   0.50000    0.00000-135.00000   0.00050   421  422  423    235
   423  -7.95495  -7.95495   0.10000   0.50000    0.00000-135.00000   0.00050   422  423  424    235
   424  -8.30850  -8.30850   0.10000   0.50000    0.00000-135.00000   0.00050   423  424  425    235
   425  -8.66206  -8.66206   0.10000   0.50000    0.00000-135.00000   0.00050   424  425  426    235
   426  -9.01561  -9.01561   0.10000   0.50000    0.00000-135.00000   0.00050   425  426  427    235
   427  -9.36916  -9.36916   0.10000   0.50000    0.00000-135.00000   0.00050   426  427  428    235
   428  -9.72272  -9.72272   0.10000   0.50000    0.00000-135.00000   0.00050   427  428  429    235
   429 -10.07627 -10.07627   0.10000   0.50000    0.00000-135.00000   0.00050   428  429  430    235
   430 -10.42983 -10.42983   0.10000   0.50000    0.00000-135.00000   0.00050   429  430  431    235
   431 -10.78338 -10.78338   0.10000   0.50000    0.00000-135.00000   0.00050   430  431  432    235
   432 -11.13693 -11.13693   0.10000   0.50000    0.00000-135.00000   0.00050   431  432  433    235
   433 -11.49049 -11.49049   0.10000   0.50000    0.00000-135.00000   0.00050   432  433  434    235
   434 -11.84404 -11.84404   0.10000   0.50000    0.00000-135.00000   0.00050   433  434  435    235
   435 -12.19759 -12.19759   0.10000   0.50000    0.00000-135.00000   0.00050   434  435  436    235
   436 -12.55115 -12.55115   0.10000   0.50000    0.00000-135.00000   0.00050   435  436  437    235
   437 -12.90470 -12.90470   0.10000   0.50000    0.00000-135.00000   0.00050   436  437  438    235
   438 -13.25825 -13.25825   0.10000   0.50000    0.00000-135.00000   0.00050   437  438  439    235
   439 -13.61181 -13.61181   0.10000   0.50000    0.00000-135.00000   0.00050   438  439  440    235
   440 -13.96536 -13.96536   0.10000   0.50000    0.00000-135.00000   0.00050   439  440  441    235
   441 -14.31891 -14.31891   0.10000   0.50000    0.00000-135.00000   0.00050   440  441  442    235
   442 -14.67247 -14.67247   0.10000   0.50000    0.00000-135.00000   0.00050   441  442  443    235
   443 -15.02602 -15.02602   0.10000   0.50000    0.00000-135.00000   0.00050   442  443  444    235
   444 -15.37957 -15.37957   0.10000   0.50000    0.00000-135.00000   0.00050   443  444  445    235
   445 -15.73313 -15.73313   0.10000   0.50000    0.00000-135.00000   0.00050   444  445  446    235
   446 -16.08668 -16.08668   0.10000   0.50000    0.00000-135.00000   0.00050   445  446  447    235
   447 -16.44023 -16.44023   0.10000   0.50000    0.00000-135.00000   0.00050   446  447  448    235
   448 -16.79379 -16.79379   0.10000   0.50000    0.00000-135.00000   0.00050   447  448  449    235
   449 -17.14734 -17.14734   0.10000   0.50000    0.00000-135.00000   0.00050   448  449  450    235
   450 -17.50089 -17.50089   0.10000   0.50000    0.00000-135.00000   0.00050   449  450  451    235
   451 -17.85445 -17.85445   0.10000   0.50000    0.00000-135.00000   0.00050   450  451  452    235
   452 -18.20800 -18.20800   0.10000   0.50000    0.00000-135.00000   0.00050   451  452  453    235
   453 -18.56155 -18.56155   0.10000   0.50000    0.00000-135.00000   0.00050   452  453  454    235
   454 -18.91511 -18.91511   0.10000   0.50000    0.00000-135.00000   0.00050   453  454  455    235
   455 -19.26866 -19.26866   0.10000   0.50000    0.00000-135.00000   0.00050   454  455  456    235
   456 -19.62221 -19.62221   0.10000   0.50000    0.00000-135.00000   0.00050   455  456  457    235
   457 -19.97577 -19.97577   0.10000   0.50000    0.00000-135.00000   0.00050   456  457  458    235
   458 -20.32932 -20.32932   0.10000   0.50000    0.00000-135.00000   0.00050   457  458  459    235
   459 -20.68287 -20.68287   0.10000   0.50000    0.00000-135.00000   0.00050   458  459  460    235
   460 -21.03643 -21.03643   0.10000   0.50000    0.00000-135.00000   0.00050   459  460  461    235
   461 -21.38998 -21.38998   0.10000   0.50000    0.00000-135.00000   0.00050   460  461  462    235
   462 -21.74353 -21.74353   0.10000   0.50000    0.00000-135.00000   0.00050   461  462  463    235
   463 -22.09709 -22.09709   0.10000   0.50000    0.00000-135.00000   0.00050   462  463  464    235
   464 -22.45064 -22.45064   0.10000   0.50000    0.00000-135.00000   0.00050   463  464  465    235
   465 -22.80419 -22.80419   0.10000   0.50000    0.00000-135.00000   0.00050   464  465  466    235
   466 -23.15775 -23.15775   0.10000   0.50000    0.00000-135.00000   0.00050   465  466  467    235
   467 -23.51130 -23.51130   0.10000   0.50000    0.00000-135.00000   0.00050   466  467  468    235
   468 -23.86485 -23.86485   0.10000   0.50000    0.00000-135.00000   0.00050   467  468  469    235
   469 -24.21841 -24.21841   0.10000   0.50000    0.00000-135.00000   0.00050   468  469  470    235
   470 -24.57196 -24.57196   0.10000   0.50000    0.00000-135.00000   0.00050   469  470  471    235
   471 -24.92551 -24.92551   0.10000   0.50000    0.00000-135.00000   0.00050   470  471  472    235
   472 -25.27907 -25.27907   0.10000   0.50000    0.00000-135.00000   0.00050   471  472  473    235
   473 -25.63262 -25.63262   0.10000   0.50000    0.00000-135.00000   0.00050   472  473  474    235
   474 -25.98617 -25.98617   0.10000   0.50000    0.00000-135.00000   0.00050   473  474  475    235
   475 -26.33973 -26.33973   0.10000   0.50000    0.00000-135.00000   0.00050   474  475  476    235
   476 -26.69328 -26.69328   0.10000   0.50000    0.00000-135.00000   0.00050   475  476  477    235
   477 -27.04683 -27.04683   0.10000   0.50000    0.00000-135.00000   0.00050   476  477  478    235
   478 -27.40039 -27.40039   0.10000   0.50000    0.00000-135.00000   0.00050   477  478  479    235
   479 -27.75394 -27.75394   0.10000   0.50000    0.00000-135.00000   0.00050   478  479  480    235
   480 -28.10749 -28.10749   0.10000   0.50000    0.00000-135.00000   0.00050   479  480    0    235
   481   0.00000  -0.25000   0.10000   0.50000    0.00000 -90.00000   0.00050  -561  481  482    280
   482   0.00000  -0.75000   0.10000   0.50000    0.00000 -90.00000   0.00050   481  482  483    280
   483   0.00000  -1.25000   0.10000   0.50000    0.00000 -90.00000   0.00050   482  483  484    280
   484   0.00000  -1.75000   0.10000   0.50000    0.00000 -90.00000   0.00050   483  484  485    280
   485   0.00000  -2.25000   0.10000   0.50000    0.00000 -90.00000   0.00050   484  485  486    280
   486   0.00000  -2.75000   0.10000   0.50000    0.00000 -90.00000   0.00050   485  486  487    280
   487   0.00000  -3.25000   0.10000   0.50000    0.00000 -90.00000   0.00050   486  487  488    280
   488   0.00000  -3.75000   0.10000   0.50000    0.00000 -90.00000   0.00050   487  488  489    280
   489   0.00000  -4.25000   0.10000   0.50000    0.00000 -90.00000   0.00050   488  489  490    280
   490   0.00000  -4.75000   0.10000   0.50000    0.00000 -90.00000   0.00050   489  490  491    280
   491   0.00000  -5.25000   0.10000   0.50000    0.00000 -90.00000   0.00050   490  491  492    280
   492   0.00000  -5.75000   0.10000   0.50000    0.00000 -90.00000   0.00050   491  492  493    280
   493   0.00000  -6.25000   0.10000   0.50000    0.00000 -90.00000   0.00050   492  493  494    280
   494   0.00000  -6.75000   0.10000   0.50000    0.00000 -90.00000   0.00050   493  494  495    280
   495   0.00000  -7.25000   0.10000   0.50000    0.00000 -90.00000   0.00050   494  495  496    280
   496   0.00000  -7.75000   0.10000   0.50000    0.00000 -90.00000   0.00050   495  496  497    280
   497   0.00000  -8.25000   0.10000   0.50000    0.00000 -90.00000   0.00050   496  497  498    280
   498   0.00000  -8.75000   0.10000   0.50000    0.00000 -90.00000   0.00050   497  498  499    280
   499   0.00000  -9.25000   0.10000   0.50000    0.00000 -90.00000   0.00050   498  499  500    280
   500   0.00000  -9.75000   0.10000   0.50000    0.00000 -90.00000   0.00050   499  500  501    280
   501   0.00000 -10.25000   0.10000   0.50000    0.00000 -90.00000   0.00050   500  501  502    280
   502   0.00000 -10.75000   0.10000   0.50000    0.00000 -90.00000   0.00050   501  502  503    280
   503   0.00000 -11.25000   0.10000   0.50000    0.00000 -90.00000   0.00050   502  503  504    280
   504   0.00000 -11.75000   0.10000   0.50000    0.00000 -90.00000   0.00050   503  504  505    280
   505   0.00000 -12.25000   0.10000   0.50000    0.00000 -90.00000   0.00050   504  505  506    280
   506   0.00000 -12.75000   0.10000   0.50000    0.00000 -90.00000   0.00050   505  506  507    280
   507   0.00000 -13.25000   0.10000   0.50000    0.00000 -90.00000   0.00050   506  507  508    280
   508   0.00000 -13.75000   0.10000   0.50000    0.00000 -90.00000   0.00050   507  508  509    280
   509   0.00000 -14.25000   0.10000   0.50000    0.00000 -90.00000   0.00050   508  509  510    280
   510   0.00000 -14.75000   0.10000   0.50000    0.00000 -90.00000   0.00050   509  510  511    280
   511   0.00000 -15.25000   0.10000   0.50000    0.00000 -90.00000   0.00050   510  511  512    280
   512   0.00000 -15.75000   0.10000   0.50000    0.00000 -90.00000   0.00050   511  512  513    280
   513   0.00000 -16.25000   0.10000   0.50000    0.00000 -90.00000   0.00050   512  513  514    280
   514   0.00000 -16.75000   0.10000   0.50000    0.00000 -90.00000   0.00050   513  514  515    280
   515   0.00000 -17.25000   0.10000   0.50000    0.00000 -90.00000   0.00050   514  515  516    280
   516   0.00000 -17.75000   0.10000   0.50000    0.00000 -90.00000   0.00050   515  516  517    280
   517   0.00000 -18.25000   0.10000   0.50000    0.00000 -90.00000   0.00050   516  517  518    280
   518   0.00000 -18.75000   0.10000   0.50000    0.00000 -90.00000   0.00050   517  518  519    280
   519   0.00000 -19.25000   0.10000   0.50000    0.00000 -90.00000   0.00050   518  519  520    280
   520   0.00000 -19.75000   0.10000   0.50000    0.00000 -90.00000   0.00050   519  520  521    280
   521   0.00000 -20.25000   0.10000   0.50000    0.00000 -90.00000   0.00050   520  521  522    280
   522   0.00000 -20.75000   0.10000   0.50000    0.00000 -90.00000   0.00050   521  522  523    280
   523   0.00000 -21.25000   0.10000   0.50000    0.00000 -90.00000   0.00050   522  523  524    280
   524   0.00000 -21.75000   0.10000   0.50000    0.00000 -90.00000   0.00050   523  524  525    280
   525   0.00000 -22.25000   0.10000   0.50000    0.00000 -90.00000   0.00050   524  525  526    280
   526   0.00000 -22.75000   0.10000   0.50000    0.00000 -90.00000   0.00050   525  526  527    280
   527   0.00000 -23.25000   0.10000   0.50000    0.00000 -90.00000   0.00050   526  527  528    280
   528   0.00000 -23.75000   0.10000   0.50000    0.00000 -90.00000   0.00050   527  528  529    280
   529   0.00000 -24.25000   0.10000   0.50000    0.00000 -90.00000   0.00050   528  529  530    280
   530   0.00000 -24.75000   0.10000   0.50000    0.00000 -90.00000   0.00050   529  530  531    280
   531   0.00000 -25.25000   0.10000   0.50000    0.00000 -90.00000   0.00050   530  531  532    280
   532   0.00000 -25.75000   0.10000   0.50000    0.00000 -90.00000   0.00050   531  532  533    280
   533   0.00000 -26.25000   0.10000   0.50000    0.00000 -90.00000   0.00050   532  533  534    280
   534   0.00000 -26.75000   0.10000   0.50000    0.00000 -90.00000   0.00050   533  534  535    280
   535   0.00000 -27.25000   0.10000   0.50000    0.00000 -90.00000   0.00050   534  535  536    280
   536   0.00000 -27.75000   0.10000   0.50000    0.00000 -90.00000   0.00050   535  536  537    280
   537   0.00000 -28.25000   0.10000   0.50000    0.00000 -90.00000   0.00050   536  537  538    280
   538   0.00000 -28.75000   0.10000   0.50000    0.00000 -90.00000   0.00050   537  538  539    280
   539   0.00000 -29.25000   0.10000   0.50000    0.00000 -90.00000   0.00050   538  539  540    280
   540   0.00000 -29.75000   0.10000   0.50000    0.00000 -90.00000   0.00050   539  540  541    280
   541   0.00000 -30.25000   0.10000   0.50000    0.00000 -90.00000   0.00050   540  541  542    280
   542   0.00000 -30.75000   0.10000   0.50000    0.00000 -90.00000   0.00050   541  542  543    280
   543   0.00000 -31.25000   0.10000   0.50000    0.00000 -90.00000   0.00050   542  543  544    280
   544   0.00000 -31.75000   0.10000   0.50000    0.00000 -90.00000   0.00050   543  544  545    280
   545   0.00000 -32.25000   0.10000   0.50000    0.00000 -90.00000   0.00050   544  545  546    280
   546   0.00000 -32.75000   0.10000   0.50000    0.00000 -90.00000   0.00050   545  546  547    280
   547   0.00000 -33.25000   0.10000   0.50000    0.00000 -90.00000   0.00050   546  547  548    280
   548   0.00000 -33.75000   0.10000   0.50000    0.00000 -90.00000   0.00050   547  548  549    280
   549   0.00000 -34.25000   0.10000   0.50000    0.00000 -90.00000   0.00050   548  549  550    280
   550   0.00000 -34.75000   0.10000   0.50000    0.00000 -90.00000   0.00050   549  550  551    280
   551   0.00000 -35.25000   0.10000   0.50000    0.00000 -90.00000   0.00050   550  551  552    280
   552   0.00000 -35.75000   0.10000   0.50000    0.00000 -90.00000   0.00050   551  552  553    280
   553   0.00000 -36.25000   0.10000   0.50000    0.00000 -90.00000   0.00050   552  553  554    280
   554   0.00000 -36.75000   0.10000   0.50000    0.00000 -90.00000   0.00050   553  554  555    280
   555   0.00000 -37.25000   0.10000   0.50000    0.00000 -90.00000   0.00050   554  555  556    280
   556   0.00000 -37.75000   0.10000   0.50000    0.00000 -90.00000   0.00050   555  556  557    280
   557   0.00000 -38.25000   0.10000   0.50000    0.00000 -90.00000   0.00050   556  557  558    280
   558   0.00000 -38.75000   0.10000   0.50000    0.00000 -90.00000   0.00050   557  558  559    280
   559   0.00000 -39.25000   0.10000   0.50000    0.00000 -90.00000   0.00050   558  559  560    280
   560   0.00000 -39.75000   0.10000   0.50000    0.00000 -90.00000   0.00050   559  560    0    280
   561   0.17678  -0.17678   0.10000   0.50000    0.00000 -45.00000   0.00050  -641  561  562    325
   562   0.53033  -0.53033   0.10000   0.50000    0.00000 -45.00000   0.00050   561  562  563    325
   563   0.88388  -0.88388   0.10000   0.50000    0.00000 -45.00000   0.00050   562  563  564    325
   564   1.23744  -1.23744   0.10000   0.50000    0.00000 -45.00000   0.00050   563  564  565    325
   565   1.59099  -1.59099   0.10000   0.50000    0.00000 -45.00000   0.00050   564  565  566    325
   566   1.94454  -1.94454   0.10000   0.50000    0.00000 -45.00000   0.00050   565  566  567    325
   567   2.29810  -2.29810   0.10000   0.50000    0.00000 -45.00000   0.00050   566  567  568    325
   568   2.65165  -2.65165   0.10000   0.50000    0.00000 -45.00000   0.00050   567  568  569    325
   569   3.00520  -3.00520   0.10000   0.50000    0.00000 -45.00000   0.00050   568  569  570    325
   570   3.35876  -3.35876   0.10000   0.50000    0.00000 -45.00000   0.00050   569  570  571    325
   571   3.71231  -3.71231   0.10000   0.50000    0.00000 -45.00000   0.00050   570  571  572    325
   572   4.06586  -4.06586   0.10000   0.50000    0.00000 -45.00000   0.00050   571  572  573    325
   573   4.41942  -4.41942   0.10000   0.50000    0.00000 -45.00000   0.00050   572  573  574    325
   574   4.77297  -4.77297   0.10000   0.50000    0.00000 -45.00000   0.00050   573  574  575    325
   575   5.12652  -5.12652   0.10000   0.50000    0.00000 -45.00000   0.00050   574  575  576    325
   576   5.48008  -5.48008   0.10000   0.50000    0.00000 -45.00000   0.00050   575  576  577    325
   577   5.83363  -5.83363   0.10000   0.50000    0.00000 -45.00000   0.00050   576  577  578    325
   578   6.18718  -6.18718   0.10000   0.50000    0.00000 -45.00000   0.00050   577  578  579    325
   579   6.54074  -6.54074   0.10000   0.50000    0.00000 -45.00000   0.00050   578  579  580    325
   580   6.89429  -6.89429   0.10000   0.50000    0.00000 -45.00000   0.00050   579  580  581    325
   581   7.24784  -7.24784   0.10000   0.50000    0.00000 -45.00000   0.00050   580  581  582    325
   582   7.60140  -7.60140   0.10000   0.50000    0.00000 -45.00000   0.00050   581  582  583    325
   583   7.95495  -7.95495   0.10000   0.50000    0.00000 -45.00000   0.00050   582  583  584    325
   584   8.30850  -8.30850   0.10000   0.50000    0.00000 -45.00000   0.00050   583  584  585    325
   585   8.66206  -8.66206   0.10000   0.50000    0.00000 -45.00000   0.00050   584  585  586    325
   586   9.01561  -9.01561   0.10000   0.50000    0.00000 -45.00000   0.00050   585  586  587    325
   587   9.36916  -9.36916   0.10000   0.50000    0.00000 -45.00000   0.00050   586  587  588    325
   588   9.72272  -9.72272   0.10000   0.50000    0.00000 -45.00000   0.00050   587  588  589    325
   589  10.07627 -10.07627   0.10000   0.50000    0.00000 -45.00000   0.00050   588  589  590    325
   590  10.42983 -10.42983   0.10000   0.50000    0.00000 -45.00000   0.00050   589  590  591    325
   591  10.78338 -10.78338   0.10000   0.50000    0.00000 -45.00000   0.00050   590  591  592    325
   592  11.13693 -11.13693   0.10000   0.50000    0.00000 -45.00000   0.00050   591  592  593    325
   593  11.49049 -11.49049   0.10000   0.50000    0.00000 -45.00000   0.00050   592  593  594    325
   594  11.84404 -11.84404   0.10000   0.50000    0.00000 -45.00000   0.00050   593  594  595    325
   595  12.19759 -12.19759   0.10000   0.50000    0.00000 -45.00000   0.00050   594  595  596    325
   596  12.55115 -12.55115   0.10000   0.50000    0.00000 -45.00000   0.00050   595  596  597    325
   597  12.90470 -12.90470   0.10000   0.50000    0.00000 -45.00000   0.00050   596  597  598    325
   598  13.25825 -13.25825   0.10000   0.50000    0.00000 -45.00000   0.00050   597  598  599    325
   599  13.61181 -13.61181   0.10000   0.50000    0.00000 -45.00000   0.00050   598  599  600    325
   600  13.96536 -13.96536   0.10000   0.50000    0.00000 -45.00000   0.00050   599  600  601    325
   601  14.31891 -14.31891   0.10000   0.50000    0.00000 -45.00000   0.00050   600  601  602    325
   602  14.67247 -14.67247   0.10000   0.50000    0.00000 -45.00000   0.00050   601  602  603    325
   603  15.02602 -15.02602   0.10000   0.50000    0.00000 -45.00000   0.00050   602  603  604    325
   604  15.37957 -15.37957   0.10000   0.50000    0.00000 -45.00000   0.00050   603  604  605    325
   605  15.73313 -15.73313   0.10000   0.50000    0.00000 -45.00000   0.00050   604  605  606    325
   606  16.08668 -16.08668   0.10000   0.50000    0.00000 -45.00000   0.00050   605  606  607    325
   607  16.44023 -16.44023   0.10000   0.50000    0.00000 -45.00000   0.00050   606  607  608    325
   608  16.79379 -16.79379   0.10000   0.50000    0.00000 -45.00000   0.00050   607  608  609    325
   609  17.14734 -17.14734   0.10000   0.50000    0.00000 -45.00000   0.00050   608  609  610    325
   610  17.50089 -17.50089   0.10000   0.50000    0.00000 -45.00000   0.00050   609  610  611    325
   611  17.85445 -17.85445   0.10000   0.50000    0.00000 -45.00000   0.00050   610  611  612    325
   612  18.20800 -18.20800   0.10000   0.50000    0.00000 -45.00000   0.00050   611  612  613    325
   613  18.56155 -18.56155   0.10000   0.50000    0.00000 -45.00000   0.00050   612  613  614    325
   614  18.91511 -18.91511   0.10000   0.50000    0.00000 -45.00000   0.00050   613  614  615    325
   615  19.26866 -19.26866   0.10000   0.50000    0.00000 -45.00000   0.00050   614  615  616    325
   616  19.62221 -19.62221   0.10000   0.50000    0.00000 -45.00000   0.00050   615  616  617    325
   617  19.97577 -19.97577   0.10000   0.50000    0.00000 -45.00000   0.00050   616  617  618    325
   618  20.32932 -20.32932   0.10000   0.50000    0.00000 -45.00000   0.00050   617  618  619    325
   619  20.68287 -20.68287   0.10000   0.50000    0.00000 -45.00000   0.00050   618  619  620    325
   620  21.03643 -21.03643   0.10000   0.50000    0.00000 -45.00000   0.00050   619  620  621    325
   621  21.38998 -21.38998   0.10000   0.50000    0.00000 -45.00000   0.00050   620  621  622    325
   622  21.74353 -21.74353   0.10000   0.50000    0.00000 -45.00000   0.00050   621  622  623    325
   623  22.09709 -22.09709   0.10000   0.50000    0.00000 -45.00000   0.00050   622  623  624    325
   624  22.45064 -22.45064   0.10000   0.50000    0.00000 -45.00000   0.00050   623  624  625    325
   625  22.80419 -22.80419   0.10000   0.50000    0.00000 -45.00000   0.00050   624  625  626    325
   626  23.15775 -23.15775   0.10000   0.50000    0.00000 -45.00000   0.00050   625  626  627    325
   627  23.51130 -23.51130   0.10000   0.50000    0.00000 -45.00000   0.00050   626  627  628    325
   628  23.86485 -23.86485   0.10000   0.50000    0.00000 -45.00000   0.00050   627  628  629    325
   629  24.21841 -24.21841   0.10000   0.50000    0.00000 -45.00000   0.00050   628  629  630    325
   630  24.57196 -24.57196   0.10000   0.50000    0.00000 -45.00000   0.00050   629  630  631    325
   631  24.92551 -24.92551   0.10000   0.50000    0.00000 -45.00000   0.00050   630  631  632    325
   632  25.27907 -25.27907   0.10000   0.50000    0.00000 -45.00000   0.00050   631  632  633    325
   633  25.63262 -25.63262   0.10000   0.50000    0.00000 -45.00000   0.00050   632  633  634    325
   634  25.98617 -25.98617   0.10000   0.50000    0.00000 -45.00000   0.00050   633  634  635    325
   635  26.33973 -26.33973   0.10000   0.50000    0.00000 -45.00000   0.00050   634  635  636    325
   636  26.69328 -26.69328   0.10000   0.50000    0.00000 -45.00000   0.00050   635  636  637    325
   637  27.04683 -27.04683   0.10000   0.50000    0.00000 -45.00000   0.00050   636  637  638    325
   638  27.40039 -27.40039   0.10000   0.50000    0.00000 -45.00000   0.00050   637  638  639    325
   639  27.75394 -27.75394   0.10000   0.50000    0.00000 -45.00000   0.00050   638  639  640    325
   640  28.10749 -28.10749   0.10000   0.50000    0.00000 -45.00000   0.00050   639  640    0    325
   641   0.00000   0.00000   0.57500   0.95000   90.00000 180.00000   0.00400    -1  641  642      1
   642   0.00000   0.00000   1.52500   0.95000   90.00000   0.00000   0.00380   641  642  643      1
   643   0.00000   0.00000   2.47500   0.95000   90.00000   0.00000   0.00361   642  643  644      1
   644   0.00000   0.00000   3.42500   0.95000   90.00000   0.00000   0.00343   643  644  645      1
   645   0.00000   0.00000   4.37500   0.95000   90.00000   0.00000   0.00326   644  645  646      1
   646   0.00000   0.00000   5.32500   0.95000   90.00000   0.00000   0.00309   645  646  647      1
   647   0.00000   0.00000   6.27500   0.95000   90.00000   0.00000   0.00294   646  647  648      1
   648   0.00000   0.00000   7.22500   0.95000   90.00000   0.00000   0.00279   647  648  649      1
   649   0.00000   0.00000   8.17500   0.95000   90.00000   0.00000   0.00265   648  649  650      1
   650   0.00000   0.00000   9.12500   0.95000   90.00000   0.00000   0.00252   649  650  651      1
   651   0.00000   0.00000  10.07500   0.95000   90.00000   0.00000   0.00239   650  651  652      1
   652   0.00000   0.00000  11.02500   0.95000   90.00000   0.00000   0.00227   651  652  653      1
   653   0.00000   0.00000  11.97500   0.95000   90.00000   0.00000   0.00216   652  653  654      1
   654   0.00000   0.00000  12.92500   0.95000   90.00000   0.00000   0.00205   653  654  655      1
   655   0.00000   0.00000  13.87500   0.95000   90.00000   0.00000   0.00195   654  655  656      1
   656   0.00000   0.00000  14.82500   0.95000   90.00000   0.00000   0.00185   655  656  657      1
   657   0.00000   0.00000  15.77500   0.95000   90.00000   0.00000   0.00176   656  657  658      1
   658   0.00000   0.00000  16.72500   0.95000   90.00000   0.00000   0.00167   657  658  659      1
   659   0.00000   0.00000  17.67500   0.95000   90.00000   0.00000   0.00159   658  659  660      1
   660   0.00000   0.00000  18.62500   0.95000   90.00000   0.00000   0.00151   659  660  661      1
   661   0.00000   0.00000  19.57500   0.95000   90.00000   0.00000   0.00143   660  661  662      1
   662   0.00000   0.00000  20.52500   0.95000   90.00000   0.00000   0.00136   661  662  663      1
   663   0.00000   0.00000  21.47500   0.95000   90.00000   0.00000   0.00129   662  663  664      1
   664   0.00000   0.00000  22.42500   0.95000   90.00000   0.00000   0.00123   663  664  665      1
   665   0.00000   0.00000  23.37500   0.95000   90.00000   0.00000   0.00117   664  665  666      1
   666   0.00000   0.00000  24.32500   0.95000   90.00000   0.00000   0.00111   665  666  667      1
   667   0.00000   0.00000  25.27500   0.95000   90.00000   0.00000   0.00105   666  667  668      1
   668   0.00000   0.00000  26.22500   0.95000   90.00000   0.00000   0.00100   667  668    0      1
   669   2.25000   0.00000  24.95625   0.63258  -37.77568   0.00000   0.00100     0  669  670      2
   670   2.75000   0.00000  24.56875   0.63258  -37.77568   0.00000   0.00100   669  670  671      2
   671   3.25000   0.00000  24.18125   0.63258  -37.77568   0.00000   0.00100   670  671  672      2
   672   3.75000   0.00000  23.79375   0.63258  -37.77568   0.00000   0.00100   671  672  673      2
   673   4.25000   0.00000  23.40625   0.63258  -37.77568   0.00000   0.00100   672  673  674      2
   674   4.75000   0.00000  23.01875   0.63258  -37.77568   0.00000   0.00100   673  674  675      2
   675   5.25000   0.00000  22.63125   0.63258  -37.77568   0.00000   0.00100   674  675  676      2
   676   5.75000   0.00000  22.24375   0.63258  -37.77568   0.00000   0.00100   675  676  677      2
   677   6.25000   0.00000  21.85625   0.63258  -37.77568   0.00000   0.00100   676  677  678      2
   678   6.75000   0.00000  21.46875   0.63258  -37.77568   0.00000   0.00100   677  678  679      2
   679   7.25000   0.00000  21.08125   0.63258  -37.77568   0.00000   0.00100   678  679  680      2
   680   7.75000   0.00000  20.69375   0.63258  -37.77568   0.00000   0.00100   679  680  681      2
   681   8.25000   0.00000  20.30625   0.63258  -37.77568   0.00000   0.00100   680  681  682      2
   682   8.75000   0.00000  19.91875   0.63258  -37.77568   0.00000   0.00100   681  682  683      2
   683   9.25000   0.00000  19.53125   0.63258  -37.77568   0.00000   0.00100   682  683  684      2
   684   9.75000   0.00000  19.14375   0.63258  -37.77568   0.00000   0.00100   683  684  685      2
   685  10.25000   0.00000  18.75625   0.63258  -37.77568   0.00000   0.00100   684  685  686      2
   686  10.75000   0.00000  18.36875   0.63258  -37.77568   0.00000   0.00100   685  686  687      2
   687  11.25000   0.00000  17.98125   0.63258  -37.77568   0.00000   0.00100   686  687  688      2
   688  11.75000   0.00000  17.59375   0.63258  -37.77568   0.00000   0.00100   687  688  689      2
   689  12.25000   0.00000  17.20625   0.63258  -37.77568   0.00000   0.00100   688  689  690      2
   690  12.75000   0.00000  16.81875   0.63258  -37.77568   0.00000   0.00100   689  690  691      2
   691  13.25000   0.00000  16.43125   0.63258  -37.77568   0.00000   0.00100   690  691  692      2
   692  13.75000   0.00000  16.04375   0.63258  -37.77568   0.00000   0.00100   691  692  693      2
   693  14.25000   0.00000  15.65625   0.63258  -37.77568   0.00000   0.00100   692  693  694      2
   694  14.75000   0.00000  15.26875   0.63258  -37.77568   0.00000   0.00100   693  694  695      2
   695  15.25000   0.00000  14.88125   0.63258  -37.77568   0.00000   0.00100   694  695  696      2
   696  15.75000   0.00000  14.49375   0.63258  -37.77568   0.00000   0.00100   695  696  697      2
   697  16.25000   0.00000  14.10625   0.63258  -37.77568   0.00000   0.00100   696  697  698      2
   698  16.75000   0.00000  13.71875   0.63258  -37.77568   0.00000   0.00100   697  698  699      2
   699  17.25000   0.00000  13.33125   0.63258  -37.77568   0.00000   0.00100   698  699  700      2
   700  17.75000   0.00000  12.94375   0.63258  -37.77568   0.00000   0.00100   699  700  701      2
   701  18.00000   0.00000  12.50781   0.48438  -90.00000   0.00000   0.00100   700  701  702      3
   702  18.00000   0.00000  12.02344   0.48438  -90.00000   0.00000   0.00100   701  702  703      3
   703  18.00000   0.00000  11.53906   0.48438  -90.00000   0.00000   0.00100   702  703  704      3
   704  18.00000   0.00000  11.05469   0.48438  -90.00000   0.00000   0.00100   703  704  705      3
   705  18.00000   0.00000  10.57031   0.48438  -90.00000   0.00000   0.00100   704  705  706      3
   706  18.00000   0.00000  10.08594   0.48438  -90.00000   0.00000   0.00100   705  706  707      3
   707  18.00000   0.00000   9.60156   0.48438  -90.00000   0.00000   0.00100   706  707  708      3
   708  18.00000   0.00000   9.11719   0.48438  -90.00000   0.00000   0.00100   707  708  709      3
   709  18.00000   0.00000   8.63281   0.48438  -90.00000   0.00000   0.00100   708  709  710      3
   710  18.00000   0.00000   8.14844   0.48438  -90.00000   0.00000   0.00100   709  710  711      3
   711  18.00000   0.00000   7.66406   0.48438  -90.00000   0.00000   0.00100   710  711  712      3
   712  18.00000   0.00000   7.17969   0.48438  -90.00000   0.00000   0.00100   711  712  713      3
   713  18.00000   0.00000   6.69531   0.48438  -90.00000   0.00000   0.00100   712  713  714      3
   714  18.00000   0.00000   6.21094   0.48438  -90.00000   0.00000   0.00100   713  714  715      3
   715  18.00000   0.00000   5.72656   0.48438  -90.00000   0.00000   0.00100   714  715  716      3
   716  18.00000   0.00000   5.24219   0.48438  -90.00000   0.00000   0.00100   715  716  717      3
   717  17.75069   0.00000   5.00000   0.49862    0.00000 180.00000   0.00100   716  717  718      4
   718  17.25207   0.00000   5.00000   0.49862    0.00000 180.00000   0.00100   717  718  719      4
   719  16.75345   0.00000   5.00000   0.49862    0.00000 180.00000   0.00100   718  719  720      4
   720  16.25483   0.00000   5.00000   0.49862    0.00000 180.00000   0.00100   719  720  721      4
   721  15.75621   0.00000   5.00000   0.49862    0.00000 180.00000   0.00100   720  721  722      4
   722  15.25759   0.00000   5.00000   0.49862    0.00000 180.00000   0.00100   721  722  723      4
   723  14.75897   0.00000   5.00000   0.49862    0.00000 180.00000   0.00100   722  723  724      4
   724  14.26034   0.00000   5.00000   0.49862    0.00000 180.00000   0.00100   723  724  725      4
   725  13.76172   0.00000   5.00000   0.49862    0.00000 180.00000   0.00100   724  725  726      4
   726  13.26310   0.00000   5.00000   0.49862    0.00000 180.00000   0.00100   725  726  727      4
   727  12.76448   0.00000   5.00000   0.49862    0.00000 180.00000   0.00100   726  727  728      4
   728  12.26586   0.00000   5.00000   0.49862    0.00000 180.00000   0.00100   727  728  729      4
   729  11.76724   0.00000   5.00000   0.49862    0.00000 180.00000   0.00100   728  729  730      4
   730  11.26862   0.00000   5.00000   0.49862    0.00000 180.00000   0.00100   729  730  731      4
   731  10.77000   0.00000   5.00000   0.49862    0.00000 180.00000   0.00100   730  731  732      4
   732  10.27138   0.00000   5.00000   0.49862    0.00000 180.00000   0.00100   731  732  733      4
   733   9.77276   0.00000   5.00000   0.49862    0.00000 180.00000   0.00100   732  733  734      4
   734   9.27414   0.00000   5.00000   0.49862    0.00000 180.00000   0.00100   733  734  735      4
   735   8.77552   0.00000   5.00000   0.49862    0.00000 180.00000   0.00100   734  735  736      4
   736   8.27690   0.00000   5.00000   0.49862    0.00000 180.00000   0.00100   735  736  737      4
   737   7.77828   0.00000   5.00000   0.49862    0.00000 180.00000   0.00100   736  737  738      4
   738   7.27966   0.00000   5.00000   0.49862    0.00000 180.00000   0.00100   737  738  739      4
   739   6.78103   0.00000   5.00000   0.49862    0.00000 180.00000   0.00100   738  739  740      4
   740   6.28241   0.00000   5.00000   0.49862    0.00000 180.00000   0.00100   739  740  741      4
   741   5.78379   0.00000   5.00000   0.49862    0.00000 180.00000   0.00100   740  741  742      4
   742   5.28517   0.00000   5.00000   0.49862    0.00000 180.00000   0.00100   741  742  743      4
   743   4.78655   0.00000   5.00000   0.49862    0.00000 180.00000   0.00100   742  743  744      4
   744   4.28793   0.00000   5.00000   0.49862    0.00000 180.00000   0.00100   743  744  745      4
   745   3.78931   0.00000   5.00000   0.49862    0.00000 180.00000   0.00100   744  745    0      4
   746  -2.25000   0.00000  24.95625   0.63258  -37.77568-180.00000   0.00100     0  746  747      5
   747  -2.75000   0.00000  24.56875   0.63258  -37.77568-180.00000   0.00100   746  747  748      5
   748  -3.25000   0.00000  24.18125   0.63258  -37.77568-180.00000   0.00100   747  748  749      5
   749  -3.75000   0.00000  23.79375   0.63258  -37.77568-180.00000   0.00100   748  749  750      5
   750  -4.25000   0.00000  23.40625   0.63258  -37.77568-180.00000   0.00100   749  750  751      5
   751  -4.75000   0.00000  23.01875   0.63258  -37.77568-180.00000   0.00100   750  751  752      5
   752  -5.25000   0.00000  22.63125   0.63258  -37.77568-180.00000   0.00100   751  752  753      5
   753  -5.75000   0.00000  22.24375   0.63258  -37.77568-180.00000   0.00100   752  753  754      5
   754  -6.25000   0.00000  21.85625   0.63258  -37.77568-180.00000   0.00100   753  754  755      5
   755  -6.75000   0.00000  21.46875   0.63258  -37.77568-180.00000   0.00100   754  755  756      5
   756  -7.25000   0.00000  21.08125   0.63258  -37.77568-180.00000   0.00100   755  756  757      5
   757  -7.75000   0.00000  20.69375   0.63258  -37.77568-180.00000   0.00100   756  757  758      5
   758  -8.25000   0.00000  20.30625   0.63258  -37.77568-180.00000   0.00100   757  758  759      5
   759  -8.75000   0.00000  19.91875   0.63258  -37.77568-180.00000   0.00100   758  759  760      5
   760  -9.25000   0.00000  19.53125   0.63258  -37.77568-180.00000   0.00100   759  760  761      5
   761  -9.75000   0.00000  19.14375   0.63258  -37.77568-180.00000   0.00100   760  761  762      5
   762 -10.25000   0.00000  18.75625   0.63258  -37.77568-180.00000   0.00100   761  762  763      5
   763 -10.75000   0.00000  18.36875   0.63258  -37.77568-180.00000   0.00100   762  763  764      5
   764 -11.25000   0.00000  17.98125   0.63258  -37.77568-180.00000   0.00100   763  764  765      5
   765 -11.75000   0.00000  17.59375   0.63258  -37.77568-180.00000   0.00100   764  765  766      5
   766 -12.25000   0.00000  17.20625   0.63258  -37.77568-180.00000   0.00100   765  766  767      5
   767 -12.75000   0.00000  16.81875   0.63258  -37.77568-180.00000   0.00100   766  767  768      5
   768 -13.25000   0.00000  16.43125   0.63258  -37.77568-180.00000   0.00100   767  768  769      5
   769 -13.75000   0.00000  16.04375   0.63258  -37.77568-180.00000   0.00100   768  769  770      5
   770 -14.25000   0.00000  15.65625   0.63258  -37.77568-180.00000   0.00100   769  770  771      5
   771 -14.75000   0.00000  15.26875   0.63258  -37.77568-180.00000   0.00100   770  771  772      5
   772 -15.25000   0.00000  14.88125   0.63258  -37.77568-180.00000   0.00100   771  772  773      5
   773 -15.75000   0.00000  14.49375   0.63258  -37.77568-180.00000   0.00100   772  773  774      5
   774 -16.25000   0.00000  14.10625   0.63258  -37.77568-180.00000   0.00100   773  774  775      5
   775 -16.75000   0.00000  13.71875   0.63258  -37.77568-180.00000   0.00100   774  775  776      5
   776 -17.25000   0.00000  13.33125   0.63258  -37.77568-180.00000   0.00100   775  776  777      5
   777 -17.75000   0.00000  12.94375   0.63258  -37.77568-180.00000   0.00100   776  777  778      5
   778 -18.00000   0.00000  12.50781   0.48438  -90.00000   0.00000   0.00100   777  778  779      6
   779 -18.00000   0.00000  12.02344   0.48438  -90.00000   0.00000   0.00100   778  779  780      6
   780 -18.00000   0.00000  11.53906   0.48438  -90.00000   0.00000   0.00100   779  780  781      6
   781 -18.00000   0.00000  11.05469   0.48438  -90.00000   0.00000   0.00100   780  781  782      6
   782 -18.00000   0.00000  10.57031   0.48438  -90.00000   0.00000   0.00100   781  782  783      6
   783 -18.00000   0.00000  10.08594   0.48438  -90.00000   0.00000   0.00100   782  783  784      6
   784 -18.00000   0.00000   9.60156   0.48438  -90.00000   0.00000   0.00100   783  784  785      6
   785 -18.00000   0.00000   9.11719   0.48438  -90.00000   0.00000   0.00100   784  785  786      6
   786 -18.00000   0.00000   8.63281   0.48438  -90.00000   0.00000   0.00100   785  786  787      6
   787 -18.00000   0.00000   8.14844   0.48438  -90.00000   0.00000   0.00100   786  787  788      6
   788 -18.00000   0.00000   7.66406   0.48438  -90.00000   0.00000   0.00100   787  788  789      6
   789 -18.00000   0.00000   7.17969   0.48438  -90.00000   0.00000   0.00100   788  789  790      6
   790 -18.00000   0.00000   6.69531   0.48438  -90.00000   0.00000   0.00100   789  790  791      6
   791 -18.00000   0.00000   6.21094   0.48438  -90.00000   0.00000   0.00100   790  791  792      6
   792 -18.00000   0.00000   5.72656   0.48438  -90.00000   0.00000   0.00100   791  792  793      6
   793 -18.00000   0.00000   5.24219   0.48438  -90.00000   0.00000   0.00100   792  793  794      6
   794 -17.75069   0.00000   5.00000   0.49862    0.00000   0.00000   0.00100   793  794  795      7
   795 -17.25207   0.00000   5.00000   0.49862    0.00000   0.00000   0.00100   794  795  796      7
   796 -16.75345   0.00000   5.00000   0.49862    0.00000   0.00000   0.00100   795  796  797      7
   797 -16.25483   0.00000   5.00000   0.49862    0.00000   0.00000   0.00100   796  797  798      7
   798 -15.75621   0.00000   5.00000   0.49862    0.00000   0.00000   0.00100   797  798  799      7
   799 -15.25759   0.00000   5.00000   0.49862    0.00000   0.00000   0.00100   798  799  800      7
   800 -14.75897   0.00000   5.00000   0.49862    0.00000   0.00000   0.00100   799  800  801      7
   801 -14.26034   0.00000   5.00000   0.49862    0.00000   0.00000   0.00100   800  801  802      7
   802 -13.76172   0.00000   5.00000   0.49862    0.00000   0.00000   0.00100   801  802  803      7
   803 -13.26310   0.00000   5.00000   0.49862    0.00000   0.00000   0.00100   802  803  804      7
   804 -12.76448   0.00000   5.00000   0.49862    0.00000   0.00000   0.00100   803  804  805      7
   805 -12.26586   0.00000   5.00000   0.49862    0.00000   0.00000   0.00100   804  805  806      7
   806 -11.76724   0.00000   5.00000   0.49862    0.00000   0.00000   0.00100   805  806  807      7
   807 -11.26862   0.00000   5.00000   0.49862    0.00000   0.00000   0.00100   806  807  808      7
   808 -10.77000   0.00000   5.00000   0.49862    0.00000   0.00000   0.00100   807  808  809      7
   809 -10.27138   0.00000   5.00000   0.49862    0.00000   0.00000   0.00100   808  809  810      7
   810  -9.77276   0.00000   5.00000   0.49862    0.00000   0.00000   0.00100   809  810  811      7
   811  -9.27414   0.00000   5.00000   0.49862    0.00000   0.00000   0.00100   810  811  812      7
   812  -8.77552   0.00000   5.00000   0.49862    0.00000   0.00000   0.00100   811  812  813      7
   813  -8.27690   0.00000   5.00000   0.49862    0.00000   0.00000   0.00100   812  813  814      7
   814  -7.77828   0.00000   5.00000   0.49862    0.00000   0.00000   0.00100   813  814  815      7
   815  -7.27966   0.00000   5.00000   0.49862    0.00000   0.00000   0.00100   814  815  816      7
   816  -6.78103   0.00000   5.00000   0.49862    0.00000   0.00000   0.00100   815  816  817      7
   817  -6.28241   0.00000   5.00000   0.49862    0.00000   0.00000   0.00100   816  817  818      7
   818  -5.78379   0.00000   5.00000   0.49862    0.00000   0.00000   0.00100   817  818  819      7
   819  -5.28517   0.00000   5.00000   0.49862    0.00000   0.00000   0.00100   818  819  820      7
   820  -4.78655   0.00000   5.00000   0.49862    0.00000   0.00000   0.00100   819  820  821      7
   821  -4.28793   0.00000   5.00000   0.49862    0.00000   0.00000   0.00100   820  821  822      7
   822  -3.78931   0.00000   5.00000   0.49862    0.00000   0.00000   0.00100   821  822    0      7


 N.G.F. - NUMBER OF NEW UNKNOWNS IS 190






 ***** DATA CARD NO.  1   LD   4     1     1     1  0.00000E+00 -2.10000E+02  0.00000E+00  0.00000E+00  0.00000E+00  0.00000E+00
 ***** DATA CARD NO.  2   LD   4     4     1     1  0.00000E+00 -3.16000E+02  0.00000E+00  0.00000E+00  0.00000E+00  0.00000E+00
 ***** DATA CARD NO.  3   EX   0     1     1     0  1.00000E+00  0.00000E+00  0.00000E+00  0.00000E+00  0.00000E+00  0.00000E+00
 ***** DATA CARD NO.  4   XQ   0     0     0     0  0.00000E+00  0.00000E+00  0.00000E+00  0.00000E+00  0.00000E+00  0.00000E+00




                                 - - - - - - FREQUENCY - - - - - -

                                    FREQUENCY= 3.5250E+00 MHZ
                                    WAVELENGTH= 8.5050E+01 METERS




                    APPROXIMATE INTEGRATION EMPLOYED FOR SEGMENTS MORE THAN   1.000 WAVELENGTHS APART



                               - - - STRUCTURE IMPEDANCE LOADING - - -


       LOCATION          RESISTANCE   INDUCTANCE  CAPACITANCE       IMPEDANCE (OHMS)     CONDUCTIVITY    TYPE
    ITAG FROM THRU          OHMS        HENRYS       FARADS        REAL      IMAGINARY    MHOS/METER

       1    1    1                                                         -2.1000E+02                FIXED IMPEDANCE 

       4    1    1                                                         -3.1600E+02                FIXED IMPEDANCE 



                                  - - - ANTENNA ENVIRONMENT - - -

                                        FINITE GROUND.  SOMMERFELD SOLUTION
                                        RELATIVE DIELECTRIC CONST.= 13.000
                                        CONDUCTIVITY= 5.000E-03 MHOS/METER
                                        COMPLEX DIELECTRIC CONSTANT= 1.30000E+01-2.54979E+01



                                - - - MATRIX TIMING - - -

                        FILL=    1.094 SEC.,  FACTOR=    0.125 SEC.



                                          - - - ANTENNA INPUT PARAMETERS - - -

   TAG   SEG.    VOLTAGE (VOLTS)         CURRENT (AMPS)         IMPEDANCE (OHMS)        ADMITTANCE (MHOS)      POWER
   NO.   NO.    REAL        IMAG.       REAL        IMAG.       REAL        IMAG.       REAL        IMAG.     (WATTS)
     1   641 1.00000E+00 0.00000E+00 5.73558E-03-3.45934E-04 1.73718E+02 1.04776E+01 5.73558E-03-3.45934E-04 2.86779E-03



                             - - - CURRENTS AND LOCATION - - -

                                 DISTANCES IN WAVELENGTHS


  SEG.  TAG    COORD. OF SEG. CENTER     SEG.            - - - CURRENT (AMPS) - - -
  NO.   NO.     X        Y        Z      LENGTH     REAL        IMAG.       MAG.        PHASE
     1   10   0.0029   0.0000   0.0012  0.00588  -6.4062E-04  1.1737E-04  6.5129E-04  169.618
     2   10   0.0088   0.0000   0.0012  0.00588  -6.0113E-04  1.5123E-04  6.1987E-04  165.878
     3   10   0.0147   0.0000   0.0012  0.00588  -5.5691E-04  1.8806E-04  5.8781E-04  161.341
     4   10   0.0206   0.0000   0.0012  0.00588  -5.1135E-04  2.2553E-04  5.5888E-04  156.201
     5   10   0.0265   0.0000   0.0012  0.00588  -4.6507E-04  2.6332E-04  5.3444E-04  150.482
     6   10   0.0323   0.0000   0.0012  0.00588  -4.1835E-04  3.0128E-04  5.1555E-04  144.240
     7   10   0.0382   0.0000   0.0012  0.00588  -3.7137E-04  3.3929E-04  5.0302E-04  137.585
     8   10   0.0441   0.0000   0.0012  0.00588  -3.2425E-04  3.7724E-04  4.9744E-04  130.680
     9   10   0.0500   0.0000   0.0012  0.00588  -2.7712E-04  4.1506E-04  4.9907E-04  123.729
    10   10   0.0558   0.0000   0.0012  0.00588  -2.3006E-04  4.5266E-04  5.0777E-04  116.941
    11   10   0.0617   0.0000   0.0012  0.00588  -1.8318E-04  4.8998E-04  5.2310E-04  110.498
    12   10   0.0676   0.0000   0.0012  0.00588  -1.3656E-04  5.2692E-04  5.4433E-04  104.529
    13   10   0.0735   0.0000   0.0012  0.00588  -9.0277E-05  5.6343E-04  5.7062E-04   99.103
    14   10   0.0794   0.0000   0.0012  0.00588  -4.4424E-05  5.9943E-04  6.0107E-04   94.238
    15   10   0.0852   0.0000   0.0012  0.00588   9.2611E-07  6.3485E-04  6.3485E-04   89.916
    16   10   0.0911   0.0000   0.0012  0.00588   4.5697E-05  6.6964E-04  6.7120E-04   86.096
    17   10   0.0970   0.0000   0.0012  0.00588   8.9813E-05  7.0371E-04  7.0942E-04   82.727
    18   10   0.1029   0.0000   0.0012  0.00588   1.3320E-04  7.3702E-04  7.4896E-04   79.755
    19   10   0.1088   0.0000   0.0012  0.00588   1.7580E-04  7.6949E-04  7.8932E-04   77.131
    20   10   0.1146   0.0000   0.0012  0.00588   2.1753E-04  8.0107E-04  8.3008E-04   74.808
    21   10   0.1205   0.0000   0.0012  0.00588   2.5833E-04  8.3169E-04  8.7088E-04   72.745
    22   10   0.1264   0.0000   0.0012  0.00588   2.9813E-04  8.6129E-04  9.1143E-04   70.907
    23   10   0.1323   0.0000   0.0012  0.00588   3.3686E-04  8.8983E-04  9.5146E-04   69.265
    24   10   0.1382   0.0000   0.0012  0.00588   3.7448E-04  9.1724E-04  9.9073E-04   67.791
    25   10   0.1440   0.0000   0.0012  0.00588   4.1091E-04  9.4346E-04  1.0291E-03   66.465
    26   10   0.1499   0.0000   0.0012  0.00588   4.4610E-04  9.6845E-04  1.0663E-03   65.268
    27   10   0.1558   0.0000   0.0012  0.00588   4.8000E-04  9.9215E-04  1.1022E-03   64.183
    28   10   0.1617   0.0000   0.0012  0.00588   5.1254E-04  1.0145E-03  1.1366E-03   63.197
    29   10   0.1675   0.0000   0.0012  0.00588   5.4367E-04  1.0355E-03  1.1695E-03   62.299
    30   10   0.1734   0.0000   0.0012  0.00588   5.7336E-04  1.0550E-03  1.2008E-03   61.478
    31   10   0.1793   0.0000   0.0012  0.00588   6.0154E-04  1.0731E-03  1.2302E-03   60.727
    32   10   0.1852   0.0000   0.0012  0.00588   6.2817E-04  1.0897E-03  1.2578E-03   60.038
    33   10   0.1911   0.0000   0.0012  0.00588   6.5322E-04  1.1047E-03  1.2834E-03   59.404
    34   10   0.1969   0.0000   0.0012  0.00588   6.7663E-04  1.1181E-03  1.3069E-03   58.819
    35   10   0.2028   0.0000   0.0012  0.00588   6.9837E-04  1.1299E-03  1.3283E-03   58.280
    36   10   0.2087   0.0000   0.0012  0.00588   7.1841E-04  1.1400E-03  1.3475E-03   57.782
    37   10   0.2146   0.0000   0.0012  0.00588   7.3670E-04  1.1484E-03  1.3644E-03   57.320
    38   10   0.2205   0.0000   0.0012  0.00588   7.5324E-04  1.1551E-03  1.3790E-03   56.892
    39   10   0.2263   0.0000   0.0012  0.00588   7.6797E-04  1.1601E-03  1.3912E-03   56.495
    40   10   0.2322   0.0000   0.0012  0.00588   7.8090E-04  1.1633E-03  1.4011E-03   56.126
    41   10   0.2381   0.0000   0.0012  0.00588   7.9199E-04  1.1647E-03  1.4084E-03   55.783
    42   10   0.2440   0.0000   0.0012  0.00588   8.0124E-04  1.1643E-03  1.4133E-03   55.465
    43   10   0.2499   0.0000   0.0012  0.00588   8.0863E-04  1.1621E-03  1.4157E-03   55.168
    44   10   0.2557   0.0000   0.0012  0.00588   8.1416E-04  1.1581E-03  1.4156E-03   54.892
    45   10   0.2616   0.0000   0.0012  0.00588   8.1782E-04  1.1523E-03  1.4130E-03   54.634
    46   10   0.2675   0.0000   0.0012  0.00588   8.1963E-04  1.1446E-03  1.4078E-03   54.395
    47   10   0.2734   0.0000   0.0012  0.00588   8.1957E-04  1.1352E-03  1.4001E-03   54.172
    48   10   0.2792   0.0000   0.0012  0.00588   8.1767E-04  1.1240E-03  1.3900E-03   53.965
    49   10   0.2851   0.0000   0.0012  0.00588   8.1394E-04  1.1110E-03  1.3773E-03   53.773
    50   10   0.2910   0.0000   0.0012  0.00588   8.0838E-04  1.0963E-03  1.3621E-03   53.595
    51   10   0.2969   0.0000   0.0012  0.00588   8.0103E-04  1.0798E-03  1.3444E-03   53.430
    52   10   0.3028   0.0000   0.0012  0.00588   7.9191E-04  1.0615E-03  1.3244E-03   53.277
    53   10   0.3086   0.0000   0.0012  0.00588   7.8105E-04  1.0416E-03  1.3019E-03   53.136
    54   10   0.3145   0.0000   0.0012  0.00588   7.6847E-04  1.0200E-03  1.2771E-03   53.006
    55   10   0.3204   0.0000   0.0012  0.00588   7.5421E-04  9.9679E-04  1.2500E-03   52.887
    56   10   0.3263   0.0000   0.0012  0.00588   7.3832E-04  9.7195E-04  1.2206E-03   52.779
    57   10   0.3322   0.0000   0.0012  0.00588   7.2084E-04  9.4555E-04  1.1890E-03   52.680
    58   10   0.3380   0.0000   0.0012  0.00588   7.0180E-04  9.1762E-04  1.1552E-03   52.591
    59   10   0.3439   0.0000   0.0012  0.00588   6.8126E-04  8.8820E-04  1.1194E-03   52.511
    60   10   0.3498   0.0000   0.0012  0.00588   6.5928E-04  8.5734E-04  1.0815E-03   52.440
    61   10   0.3557   0.0000   0.0012  0.00588   6.3590E-04  8.2508E-04  1.0417E-03   52.378
    62   10   0.3616   0.0000   0.0012  0.00588   6.1119E-04  7.9148E-04  1.0000E-03   52.324
    63   10   0.3674   0.0000   0.0012  0.00588   5.8521E-04  7.5659E-04  9.5650E-04   52.279
    64   10   0.3733   0.0000   0.0012  0.00588   5.5802E-04  7.2046E-04  9.1129E-04   52.241
    65   10   0.3792   0.0000   0.0012  0.00588   5.2968E-04  6.8315E-04  8.6444E-04   52.212
    66   10   0.3851   0.0000   0.0012  0.00588   5.0028E-04  6.4472E-04  8.1605E-04   52.190
    67   10   0.3909   0.0000   0.0012  0.00588   4.6987E-04  6.0522E-04  7.6620E-04   52.176
    68   10   0.3968   0.0000   0.0012  0.00588   4.3853E-04  5.6473E-04  7.1500E-04   52.169
    69   10   0.4027   0.0000   0.0012  0.00588   4.0634E-04  5.2330E-04  6.6254E-04   52.171
    70   10   0.4086   0.0000   0.0012  0.00588   3.7337E-04  4.8101E-04  6.0891E-04   52.180
    71   10   0.4145   0.0000   0.0012  0.00588   3.3971E-04  4.3791E-04  5.5423E-04   52.198
    72   10   0.4203   0.0000   0.0012  0.00588   3.0542E-04  3.9409E-04  4.9858E-04   52.224
    73   10   0.4262   0.0000   0.0012  0.00588   2.7060E-04  3.4959E-04  4.4208E-04   52.259
    74   10   0.4321   0.0000   0.0012  0.00588   2.3532E-04  3.0451E-04  3.8484E-04   52.303
    75   10   0.4380   0.0000   0.0012  0.00588   1.9967E-04  2.5889E-04  3.2694E-04   52.359
    76   10   0.4439   0.0000   0.0012  0.00588   1.6372E-04  2.1282E-04  2.6851E-04   52.428
    77   10   0.4497   0.0000   0.0012  0.00588   1.2758E-04  1.6635E-04  2.0964E-04   52.514
    78   10   0.4556   0.0000   0.0012  0.00588   9.1309E-05  1.1953E-04  1.5042E-04   52.624
    79   10   0.4615   0.0000   0.0012  0.00588   5.5002E-05  7.2398E-05  9.0921E-05   52.775
    80   10   0.4674   0.0000   0.0012  0.00588   1.8575E-05  2.4657E-05  3.0870E-05   53.009
    81   55   0.0021   0.0021   0.0012  0.00588  -6.8196E-04  8.9684E-05  6.8783E-04  172.508
    82   55   0.0062   0.0062   0.0012  0.00588  -6.4232E-04  1.2356E-04  6.5409E-04  169.111
    83   55   0.0104   0.0104   0.0012  0.00588  -5.9780E-04  1.6042E-04  6.1894E-04  164.979
    84   55   0.0145   0.0145   0.0012  0.00588  -5.5179E-04  1.9793E-04  5.8622E-04  160.267
    85   55   0.0187   0.0187   0.0012  0.00588  -5.0493E-04  2.3577E-04  5.5726E-04  154.970
    86   55   0.0229   0.0229   0.0012  0.00588  -4.5749E-04  2.7378E-04  5.3315E-04  149.102
    87   55   0.0270   0.0270   0.0012  0.00588  -4.0966E-04  3.1183E-04  5.1483E-04  142.722
    88   55   0.0312   0.0312   0.0012  0.00588  -3.6157E-04  3.4981E-04  5.0309E-04  135.947
    89   55   0.0353   0.0353   0.0012  0.00588  -3.1335E-04  3.8764E-04  4.9845E-04  128.950
    90   55   0.0395   0.0395   0.0012  0.00588  -2.6509E-04  4.2523E-04  5.0109E-04  121.940
    91   55   0.0436   0.0436   0.0012  0.00588  -2.1691E-04  4.6249E-04  5.1083E-04  115.126
    92   55   0.0478   0.0478   0.0012  0.00588  -1.6888E-04  4.9937E-04  5.2715E-04  108.685
    93   55   0.0520   0.0520   0.0012  0.00588  -1.2111E-04  5.3577E-04  5.4929E-04  102.737
    94   55   0.0561   0.0561   0.0012  0.00588  -7.3669E-05  5.7163E-04  5.7636E-04   97.344
    95   55   0.0603   0.0603   0.0012  0.00588  -2.6657E-05  6.0688E-04  6.0747E-04   92.515
    96   55   0.0644   0.0644   0.0012  0.00588   1.9849E-05  6.4146E-04  6.4177E-04   88.228
    97   55   0.0686   0.0686   0.0012  0.00588   6.5765E-05  6.7529E-04  6.7848E-04   84.438
    98   55   0.0727   0.0727   0.0012  0.00588   1.1101E-04  7.0831E-04  7.1696E-04   81.093
    99   55   0.0769   0.0769   0.0012  0.00588   1.5551E-04  7.4047E-04  7.5662E-04   78.139
   100   55   0.0811   0.0811   0.0012  0.00588   1.9919E-04  7.7169E-04  7.9698E-04   75.527
   101   55   0.0852   0.0852   0.0012  0.00588   2.4196E-04  8.0192E-04  8.3763E-04   73.210
   102   55   0.0894   0.0894   0.0012  0.00588   2.8377E-04  8.3111E-04  8.7822E-04   71.148
   103   55   0.0935   0.0935   0.0012  0.00588   3.2452E-04  8.5919E-04  9.1843E-04   69.308
   104   55   0.0977   0.0977   0.0012  0.00588   3.6416E-04  8.8611E-04  9.5802E-04   67.659
   105   55   0.1018   0.1018   0.0012  0.00588   4.0262E-04  9.1182E-04  9.9675E-04   66.176
   106   55   0.1060   0.1060   0.0012  0.00588   4.3983E-04  9.3626E-04  1.0344E-03   64.837
   107   55   0.1102   0.1102   0.0012  0.00588   4.7572E-04  9.5940E-04  1.0709E-03   63.626
   108   55   0.1143   0.1143   0.0012  0.00588   5.1023E-04  9.8118E-04  1.1059E-03   62.525
   109   55   0.1185   0.1185   0.0012  0.00588   5.4331E-04  1.0016E-03  1.1394E-03   61.521
   110   55   0.1226   0.1226   0.0012  0.00588   5.7490E-04  1.0205E-03  1.1713E-03   60.605
   111   55   0.1268   0.1268   0.0012  0.00588   6.0495E-04  1.0379E-03  1.2014E-03   59.765
   112   55   0.1309   0.1309   0.0012  0.00588   6.3339E-04  1.0539E-03  1.2296E-03   58.993
   113   55   0.1351   0.1351   0.0012  0.00588   6.6020E-04  1.0682E-03  1.2558E-03   58.283
   114   55   0.1393   0.1393   0.0012  0.00588   6.8531E-04  1.0810E-03  1.2800E-03   57.628
   115   55   0.1434   0.1434   0.0012  0.00588   7.0869E-04  1.0922E-03  1.3020E-03   57.022
   116   55   0.1476   0.1476   0.0012  0.00588   7.3031E-04  1.1018E-03  1.3218E-03   56.461
   117   55   0.1517   0.1517   0.0012  0.00588   7.5012E-04  1.1096E-03  1.3394E-03   55.941
   118   55   0.1559   0.1559   0.0012  0.00588   7.6809E-04  1.1158E-03  1.3546E-03   55.458
   119   55   0.1600   0.1600   0.0012  0.00588   7.8421E-04  1.1203E-03  1.3675E-03   55.009
   120   55   0.1642   0.1642   0.0012  0.00588   7.9843E-04  1.1231E-03  1.3780E-03   54.590
   121   55   0.1684   0.1684   0.0012  0.00588   8.1075E-04  1.1241E-03  1.3860E-03   54.200
   122   55   0.1725   0.1725   0.0012  0.00588   8.2115E-04  1.1235E-03  1.3916E-03   53.837
   123   55   0.1767   0.1767   0.0012  0.00588   8.2961E-04  1.1210E-03  1.3946E-03   53.497
   124   55   0.1808   0.1808   0.0012  0.00588   8.3613E-04  1.1169E-03  1.3952E-03   53.181
   125   55   0.1850   0.1850   0.0012  0.00588   8.4070E-04  1.1110E-03  1.3932E-03   52.885
   126   55   0.1891   0.1891   0.0012  0.00588   8.4332E-04  1.1033E-03  1.3887E-03   52.608
   127   55   0.1933   0.1933   0.0012  0.00588   8.4400E-04  1.0940E-03  1.3817E-03   52.350
   128   55   0.1975   0.1975   0.0012  0.00588   8.4274E-04  1.0829E-03  1.3722E-03   52.109
   129   55   0.2016   0.2016   0.0012  0.00588   8.3956E-04  1.0701E-03  1.3601E-03   51.884
   130   55   0.2058   0.2058   0.0012  0.00588   8.3447E-04  1.0556E-03  1.3456E-03   51.674
   131   55   0.2099   0.2099   0.0012  0.00588   8.2749E-04  1.0395E-03  1.3286E-03   51.479
   132   55   0.2141   0.2141   0.0012  0.00588   8.1864E-04  1.0217E-03  1.3092E-03   51.297
   133   55   0.2182   0.2182   0.0012  0.00588   8.0796E-04  1.0023E-03  1.2874E-03   51.127
   134   55   0.2224   0.2224   0.0012  0.00588   7.9548E-04  9.8129E-04  1.2632E-03   50.970
   135   55   0.2266   0.2266   0.0012  0.00588   7.8122E-04  9.5872E-04  1.2367E-03   50.825
   136   55   0.2307   0.2307   0.0012  0.00588   7.6524E-04  9.3462E-04  1.2079E-03   50.691
   137   55   0.2349   0.2349   0.0012  0.00588   7.4756E-04  9.0903E-04  1.1769E-03   50.567
   138   55   0.2390   0.2390   0.0012  0.00588   7.2825E-04  8.8198E-04  1.1438E-03   50.453
   139   55   0.2432   0.2432   0.0012  0.00588   7.0735E-04  8.5352E-04  1.1085E-03   50.350
   140   55   0.2473   0.2473   0.0012  0.00588   6.8491E-04  8.2369E-04  1.0712E-03   50.256
   141   55   0.2515   0.2515   0.0012  0.00588   6.6100E-04  7.9254E-04  1.0320E-03   50.171
   142   55   0.2557   0.2557   0.0012  0.00588   6.3566E-04  7.6011E-04  9.9087E-04   50.095
   143   55   0.2598   0.2598   0.0012  0.00588   6.0897E-04  7.2645E-04  9.4793E-04   50.028
   144   55   0.2640   0.2640   0.0012  0.00588   5.8098E-04  6.9163E-04  9.0326E-04   49.969
   145   55   0.2681   0.2681   0.0012  0.00588   5.5177E-04  6.5568E-04  8.5696E-04   49.919
   146   55   0.2723   0.2723   0.0012  0.00588   5.2141E-04  6.1868E-04  8.0910E-04   49.876
   147   55   0.2764   0.2764   0.0012  0.00588   4.8998E-04  5.8068E-04  7.5978E-04   49.842
   148   55   0.2806   0.2806   0.0012  0.00588   4.5753E-04  5.4173E-04  7.0909E-04   49.816
   149   55   0.2848   0.2848   0.0012  0.00588   4.2417E-04  5.0190E-04  6.5714E-04   49.798
   150   55   0.2889   0.2889   0.0012  0.00588   3.8996E-04  4.6126E-04  6.0401E-04   49.788
   151   55   0.2931   0.2931   0.0012  0.00588   3.5498E-04  4.1987E-04  5.4982E-04   49.787
   152   55   0.2972   0.2972   0.0012  0.00588   3.1932E-04  3.7779E-04  4.9466E-04   49.794
   153   55   0.3014   0.3014   0.0012  0.00588   2.8306E-04  3.3509E-04  4.3864E-04   49.811
   154   55   0.3055   0.3055   0.0012  0.00588   2.4629E-04  2.9183E-04  3.8187E-04   49.837
   155   55   0.3097   0.3097   0.0012  0.00588   2.0909E-04  2.4808E-04  3.2444E-04   49.875
   156   55   0.3139   0.3139   0.0012  0.00588   1.7155E-04  2.0391E-04  2.6647E-04   49.926
   157   55   0.3180   0.3180   0.0012  0.00588   1.3375E-04  1.5937E-04  2.0806E-04   49.994
   158   55   0.3222   0.3222   0.0012  0.00588   9.5788E-05  1.1451E-04  1.4929E-04   50.087
   159   55   0.3263   0.3263   0.0012  0.00588   5.7741E-05  6.9353E-05  9.0243E-05   50.220
   160   55   0.3305   0.3305   0.0012  0.00588   1.9516E-05  2.3622E-05  3.0641E-05   50.436
   161  100   0.0000   0.0029   0.0012  0.00588  -7.0559E-04  6.3852E-05  7.0847E-04  174.829
   162  100   0.0000   0.0088   0.0012  0.00588  -6.6568E-04  9.7723E-05  6.7281E-04  171.648
   163  100   0.0000   0.0147   0.0012  0.00588  -6.2064E-04  1.3455E-04  6.3506E-04  167.768
   164  100   0.0000   0.0206   0.0012  0.00588  -5.7388E-04  1.7202E-04  5.9910E-04  163.314
   165  100   0.0000   0.0265   0.0012  0.00588  -5.2603E-04  2.0980E-04  5.6633E-04  158.257
   166  100   0.0000   0.0323   0.0012  0.00588  -4.7740E-04  2.4771E-04  5.3784E-04  152.576
   167  100   0.0000   0.0382   0.0012  0.00588  -4.2818E-04  2.8565E-04  5.1472E-04  146.292
   168  100   0.0000   0.0441   0.0012  0.00588  -3.7851E-04  3.2350E-04  4.9792E-04  139.481
   169  100   0.0000   0.0500   0.0012  0.00588  -3.2853E-04  3.6118E-04  4.8824E-04  132.290
   170  100   0.0000   0.0558   0.0012  0.00588  -2.7835E-04  3.9861E-04  4.8617E-04  124.927
   171  100   0.0000   0.0617   0.0012  0.00588  -2.2807E-04  4.3570E-04  4.9179E-04  117.630
   172  100   0.0000   0.0676   0.0012  0.00588  -1.7781E-04  4.7239E-04  5.0475E-04  110.627
   173  100   0.0000   0.0735   0.0012  0.00588  -1.2767E-04  5.0860E-04  5.2438E-04  104.091
   174  100   0.0000   0.0794   0.0012  0.00588  -7.7734E-05  5.4426E-04  5.4978E-04   98.128
   175  100   0.0000   0.0852   0.0012  0.00588  -2.8106E-05  5.7930E-04  5.7998E-04   92.778
   176  100   0.0000   0.0911   0.0012  0.00588   2.1120E-05  6.1367E-04  6.1403E-04   88.029
   177  100   0.0000   0.0970   0.0012  0.00588   6.9852E-05  6.4728E-04  6.5104E-04   83.841
   178  100   0.0000   0.1029   0.0012  0.00588   1.1800E-04  6.8009E-04  6.9025E-04   80.157
   179  100   0.0000   0.1088   0.0012  0.00588   1.6548E-04  7.1202E-04  7.3100E-04   76.917
   180  100   0.0000   0.1146   0.0012  0.00588   2.1219E-04  7.4303E-04  7.7273E-04   74.062
   181  100   0.0000   0.1205   0.0012  0.00588   2.5806E-04  7.7304E-04  8.1497E-04   71.540
   182  100   0.0000   0.1264   0.0012  0.00588   3.0299E-04  8.0200E-04  8.5733E-04   69.304
   183  100   0.0000   0.1323   0.0012  0.00588   3.4691E-04  8.2986E-04  8.9945E-04   67.314
   184  100   0.0000   0.1382   0.0012  0.00588   3.8973E-04  8.5657E-04  9.4106E-04   65.535
   185  100   0.0000   0.1440   0.0012  0.00588   4.3137E-04  8.8206E-04  9.8190E-04   63.939
   186  100   0.0000   0.1499   0.0012  0.00588   4.7176E-04  9.0630E-04  1.0217E-03   62.501
   187  100   0.0000   0.1558   0.0012  0.00588   5.1082E-04  9.2923E-04  1.0604E-03   61.201
   188  100   0.0000   0.1617   0.0012  0.00588   5.4849E-04  9.5081E-04  1.0977E-03   60.021
   189  100   0.0000   0.1675   0.0012  0.00588   5.8468E-04  9.7100E-04  1.1334E-03   58.946
   190  100   0.0000   0.1734   0.0012  0.00588   6.1933E-04  9.8975E-04  1.1675E-03   57.964
   191  100   0.0000   0.1793   0.0012  0.00588   6.5238E-04  1.0070E-03  1.1999E-03   57.064
   192  100   0.0000   0.1852   0.0012  0.00588   6.8376E-04  1.0228E-03  1.2303E-03   56.236
   193  100   0.0000   0.1911   0.0012  0.00588   7.1342E-04  1.0370E-03  1.2587E-03   55.474
   194  100   0.0000   0.1969   0.0012  0.00588   7.4131E-04  1.0497E-03  1.2850E-03   54.769
   195  100   0.0000   0.2028   0.0012  0.00588   7.6736E-04  1.0607E-03  1.3092E-03   54.117
   196  100   0.0000   0.2087   0.0012  0.00588   7.9154E-04  1.0702E-03  1.3311E-03   53.511
   197  100   0.0000   0.2146   0.0012  0.00588   8.1380E-04  1.0779E-03  1.3506E-03   52.949
   198  100   0.0000   0.2205   0.0012  0.00588   8.3410E-04  1.0841E-03  1.3678E-03   52.425
   199  100   0.0000   0.2263   0.0012  0.00588   8.5241E-04  1.0885E-03  1.3826E-03   51.936
   200  100   0.0000   0.2322   0.0012  0.00588   8.6868E-04  1.0913E-03  1.3948E-03   51.479
   201  100   0.0000   0.2381   0.0012  0.00588   8.8290E-04  1.0923E-03  1.4045E-03   51.052
   202  100   0.0000   0.2440   0.0012  0.00588   8.9504E-04  1.0917E-03  1.4117E-03   50.652
   203  100   0.0000   0.2499   0.0012  0.00588   9.0508E-04  1.0893E-03  1.4162E-03   50.278
   204  100   0.0000   0.2557   0.0012  0.00588   9.1300E-04  1.0852E-03  1.4182E-03   49.926
   205  100   0.0000   0.2616   0.0012  0.00588   9.1881E-04  1.0794E-03  1.4175E-03   49.596
   206  100   0.0000   0.2675   0.0012  0.00588   9.2248E-04  1.0720E-03  1.4142E-03   49.286
   207  100   0.0000   0.2734   0.0012  0.00588   9.2403E-04  1.0628E-03  1.4083E-03   48.995
   208  100   0.0000   0.2792   0.0012  0.00588   9.2344E-04  1.0519E-03  1.3997E-03   48.722
   209  100   0.0000   0.2851   0.0012  0.00588   9.2074E-04  1.0394E-03  1.3886E-03   48.464
   210  100   0.0000   0.2910   0.0012  0.00588   9.1593E-04  1.0252E-03  1.3748E-03   48.223
   211  100   0.0000   0.2969   0.0012  0.00588   9.0904E-04  1.0094E-03  1.3584E-03   47.995
   212  100   0.0000   0.3028   0.0012  0.00588   9.0007E-04  9.9202E-04  1.3395E-03   47.782
   213  100   0.0000   0.3086   0.0012  0.00588   8.8907E-04  9.7303E-04  1.3180E-03   47.582
   214  100   0.0000   0.3145   0.0012  0.00588   8.7605E-04  9.5250E-04  1.2941E-03   47.394
   215  100   0.0000   0.3204   0.0012  0.00588   8.6106E-04  9.3044E-04  1.2677E-03   47.218
   216  100   0.0000   0.3263   0.0012  0.00588   8.4413E-04  9.0691E-04  1.2390E-03   47.053
   217  100   0.0000   0.3322   0.0012  0.00588   8.2531E-04  8.8192E-04  1.2079E-03   46.899
   218  100   0.0000   0.3380   0.0012  0.00588   8.0464E-04  8.5553E-04  1.1745E-03   46.756
   219  100   0.0000   0.3439   0.0012  0.00588   7.8218E-04  8.2777E-04  1.1389E-03   46.622
   220  100   0.0000   0.3498   0.0012  0.00588   7.5798E-04  7.9869E-04  1.1011E-03   46.498
   221  100   0.0000   0.3557   0.0012  0.00588   7.3211E-04  7.6834E-04  1.0613E-03   46.383
   222  100   0.0000   0.3616   0.0012  0.00588   7.0461E-04  7.3675E-04  1.0195E-03   46.277
   223  100   0.0000   0.3674   0.0012  0.00588   6.7557E-04  7.0399E-04  9.7571E-04   46.180
   224  100   0.0000   0.3733   0.0012  0.00588   6.4505E-04  6.7011E-04  9.3013E-04   46.092
   225  100   0.0000   0.3792   0.0012  0.00588   6.1311E-04  6.3516E-04  8.8280E-04   46.012
   226  100   0.0000   0.3851   0.0012  0.00588   5.7985E-04  5.9919E-04  8.3382E-04   45.940
   227  100   0.0000   0.3909   0.0012  0.00588   5.4534E-04  5.6227E-04  7.8329E-04   45.876
   228  100   0.0000   0.3968   0.0012  0.00588   5.0965E-04  5.2445E-04  7.3129E-04   45.820
   229  100   0.0000   0.4027   0.0012  0.00588   4.7287E-04  4.8579E-04  6.7794E-04   45.772
   230  100   0.0000   0.4086   0.0012  0.00588   4.3509E-04  4.4637E-04  6.2334E-04   45.733
   231  100   0.0000   0.4145   0.0012  0.00588   3.9640E-04  4.0623E-04  5.6759E-04   45.701
   232  100   0.0000   0.4203   0.0012  0.00588   3.5688E-04  3.6544E-04  5.1080E-04   45.679
   233  100   0.0000   0.4262   0.0012  0.00588   3.1663E-04  3.2407E-04  4.5308E-04   45.665
   234  100   0.0000   0.4321   0.0012  0.00588   2.7574E-04  2.8219E-04  3.9454E-04   45.662
   235  100   0.0000   0.4380   0.0012  0.00588   2.3430E-04  2.3984E-04  3.3530E-04   45.669
   236  100   0.0000   0.4439   0.0012  0.00588   1.9241E-04  1.9710E-04  2.7545E-04   45.690
   237  100   0.0000   0.4497   0.0012  0.00588   1.5017E-04  1.5403E-04  2.1512E-04   45.728
   238  100   0.0000   0.4556   0.0012  0.00588   1.0765E-04  1.1066E-04  1.5439E-04   45.790
   239  100   0.0000   0.4615   0.0012  0.00588   6.4968E-05  6.7025E-05  9.3344E-05   45.893
   240  100   0.0000   0.4674   0.0012  0.00588   2.1990E-05  2.2833E-05  3.1700E-05   46.078
   241  145  -0.0021   0.0021   0.0012  0.00588  -7.1999E-04  4.1544E-05  7.2118E-04  176.698
   242  145  -0.0062   0.0062   0.0012  0.00588  -6.7982E-04  7.5414E-05  6.8399E-04  173.670
   243  145  -0.0104   0.0104   0.0012  0.00588  -6.3427E-04  1.1223E-04  6.4412E-04  169.966
   244  145  -0.0145   0.0145   0.0012  0.00588  -5.8675E-04  1.4967E-04  6.0554E-04  165.690
   245  145  -0.0187   0.0187   0.0012  0.00588  -5.3789E-04  1.8740E-04  5.6960E-04  160.792
   246  145  -0.0229   0.0229   0.0012  0.00588  -4.8801E-04  2.2525E-04  5.3749E-04  155.224
   247  145  -0.0270   0.0270   0.0012  0.00588  -4.3731E-04  2.6311E-04  5.1036E-04  148.966
   248  145  -0.0312   0.0312   0.0012  0.00588  -3.8593E-04  3.0088E-04  4.8936E-04  142.059
   249  145  -0.0353   0.0353   0.0012  0.00588  -3.3403E-04  3.3847E-04  4.7554E-04  134.622
   250  145  -0.0395   0.0395   0.0012  0.00588  -2.8173E-04  3.7581E-04  4.6969E-04  126.858
   251  145  -0.0436   0.0436   0.0012  0.00588  -2.2916E-04  4.1283E-04  4.7217E-04  119.035
   252  145  -0.0478   0.0478   0.0012  0.00588  -1.7644E-04  4.4945E-04  4.8284E-04  111.433
   253  145  -0.0520   0.0520   0.0012  0.00588  -1.2368E-04  4.8561E-04  5.0111E-04  104.289
   254  145  -0.0561   0.0561   0.0012  0.00588  -7.0999E-05  5.2124E-04  5.2606E-04   97.757
   255  145  -0.0603   0.0603   0.0012  0.00588  -1.8503E-05  5.5628E-04  5.5659E-04   91.905
   256  145  -0.0644   0.0644   0.0012  0.00588   3.3696E-05  5.9066E-04  5.9162E-04   86.735
   257  145  -0.0686   0.0686   0.0012  0.00588   8.5491E-05  6.2433E-04  6.3015E-04   82.203
   258  145  -0.0727   0.0727   0.0012  0.00588   1.3678E-04  6.5721E-04  6.7129E-04   78.243
   259  145  -0.0769   0.0769   0.0012  0.00588   1.8745E-04  6.8924E-04  7.1428E-04   74.785
   260  145  -0.0811   0.0811   0.0012  0.00588   2.3741E-04  7.2038E-04  7.5849E-04   71.759
   261  145  -0.0852   0.0852   0.0012  0.00588   2.8656E-04  7.5055E-04  8.0339E-04   69.103
   262  145  -0.0894   0.0894   0.0012  0.00588   3.3480E-04  7.7970E-04  8.4855E-04   66.762
   263  145  -0.0935   0.0935   0.0012  0.00588   3.8203E-04  8.0778E-04  8.9357E-04   64.689
   264  145  -0.0977   0.0977   0.0012  0.00588   4.2816E-04  8.3473E-04  9.3814E-04   62.845
   265  145  -0.1018   0.1018   0.0012  0.00588   4.7310E-04  8.6050E-04  9.8198E-04   61.198
   266  145  -0.1060   0.1060   0.0012  0.00588   5.1676E-04  8.8504E-04  1.0249E-03   59.720
   267  145  -0.1102   0.1102   0.0012  0.00588   5.5905E-04  9.0829E-04  1.0666E-03   58.388
   268  145  -0.1143   0.1143   0.0012  0.00588   5.9989E-04  9.3022E-04  1.1069E-03   57.182
   269  145  -0.1185   0.1185   0.0012  0.00588   6.3920E-04  9.5078E-04  1.1457E-03   56.087
   270  145  -0.1226   0.1226   0.0012  0.00588   6.7690E-04  9.6992E-04  1.1828E-03   55.089
   271  145  -0.1268   0.1268   0.0012  0.00588   7.1292E-04  9.8761E-04  1.2180E-03   54.176
   272  145  -0.1309   0.1309   0.0012  0.00588   7.4719E-04  1.0038E-03  1.2514E-03   53.338
   273  145  -0.1351   0.1351   0.0012  0.00588   7.7963E-04  1.0185E-03  1.2826E-03   52.566
   274  145  -0.1393   0.1393   0.0012  0.00588   8.1019E-04  1.0316E-03  1.3117E-03   51.855
   275  145  -0.1434   0.1434   0.0012  0.00588   8.3879E-04  1.0431E-03  1.3385E-03   51.196
   276  145  -0.1476   0.1476   0.0012  0.00588   8.6540E-04  1.0530E-03  1.3630E-03   50.586
   277  145  -0.1517   0.1517   0.0012  0.00588   8.8995E-04  1.0613E-03  1.3851E-03   50.019
   278  145  -0.1559   0.1559   0.0012  0.00588   9.1240E-04  1.0679E-03  1.4046E-03   49.491
   279  145  -0.1600   0.1600   0.0012  0.00588   9.3270E-04  1.0729E-03  1.4216E-03   48.998
   280  145  -0.1642   0.1642   0.0012  0.00588   9.5082E-04  1.0761E-03  1.4360E-03   48.538
   281  145  -0.1684   0.1684   0.0012  0.00588   9.6672E-04  1.0777E-03  1.4478E-03   48.107
   282  145  -0.1725   0.1725   0.0012  0.00588   9.8037E-04  1.0776E-03  1.4568E-03   47.704
   283  145  -0.1767   0.1767   0.0012  0.00588   9.9175E-04  1.0757E-03  1.4631E-03   47.326
   284  145  -0.1808   0.1808   0.0012  0.00588   1.0008E-03  1.0722E-03  1.4667E-03   46.971
   285  145  -0.1850   0.1850   0.0012  0.00588   1.0076E-03  1.0669E-03  1.4675E-03   46.637
   286  145  -0.1891   0.1891   0.0012  0.00588   1.0121E-03  1.0599E-03  1.4655E-03   46.323
   287  145  -0.1933   0.1933   0.0012  0.00588   1.0142E-03  1.0512E-03  1.4607E-03   46.027
   288  145  -0.1975   0.1975   0.0012  0.00588   1.0140E-03  1.0409E-03  1.4531E-03   45.749
   289  145  -0.2016   0.2016   0.0012  0.00588   1.0115E-03  1.0288E-03  1.4428E-03   45.487
   290  145  -0.2058   0.2058   0.0012  0.00588   1.0066E-03  1.0151E-03  1.4296E-03   45.241
   291  145  -0.2099   0.2099   0.0012  0.00588   9.9953E-04  9.9981E-04  1.4137E-03   45.008
   292  145  -0.2141   0.2141   0.0012  0.00588   9.9014E-04  9.8287E-04  1.3951E-03   44.789
   293  145  -0.2182   0.2182   0.0012  0.00588   9.7849E-04  9.6434E-04  1.3738E-03   44.583
   294  145  -0.2224   0.2224   0.0012  0.00588   9.6463E-04  9.4426E-04  1.3499E-03   44.389
   295  145  -0.2266   0.2266   0.0012  0.00588   9.4859E-04  9.2265E-04  1.3233E-03   44.206
   296  145  -0.2307   0.2307   0.0012  0.00588   9.3040E-04  8.9955E-04  1.2941E-03   44.034
   297  145  -0.2349   0.2349   0.0012  0.00588   9.1011E-04  8.7499E-04  1.2625E-03   43.873
   298  145  -0.2390   0.2390   0.0012  0.00588   8.8776E-04  8.4901E-04  1.2284E-03   43.722
   299  145  -0.2432   0.2432   0.0012  0.00588   8.6342E-04  8.2165E-04  1.1919E-03   43.580
   300  145  -0.2473   0.2473   0.0012  0.00588   8.3714E-04  7.9297E-04  1.1531E-03   43.448
   301  145  -0.2515   0.2515   0.0012  0.00588   8.0899E-04  7.6300E-04  1.1120E-03   43.324
   302  145  -0.2557   0.2557   0.0012  0.00588   7.7901E-04  7.3179E-04  1.0688E-03   43.210
   303  145  -0.2598   0.2598   0.0012  0.00588   7.4730E-04  6.9939E-04  1.0235E-03   43.103
   304  145  -0.2640   0.2640   0.0012  0.00588   7.1392E-04  6.6586E-04  9.7625E-04   43.005
   305  145  -0.2681   0.2681   0.0012  0.00588   6.7895E-04  6.3125E-04  9.2707E-04   42.915
   306  145  -0.2723   0.2723   0.0012  0.00588   6.4247E-04  5.9562E-04  8.7609E-04   42.833
   307  145  -0.2764   0.2764   0.0012  0.00588   6.0456E-04  5.5902E-04  8.2341E-04   42.758
   308  145  -0.2806   0.2806   0.0012  0.00588   5.6532E-04  5.2151E-04  7.6913E-04   42.692
   309  145  -0.2848   0.2848   0.0012  0.00588   5.2483E-04  4.8316E-04  7.1336E-04   42.633
   310  145  -0.2889   0.2889   0.0012  0.00588   4.8318E-04  4.4402E-04  6.5622E-04   42.582
   311  145  -0.2931   0.2931   0.0012  0.00588   4.4047E-04  4.0416E-04  5.9780E-04   42.538
   312  145  -0.2972   0.2972   0.0012  0.00588   3.9680E-04  3.6365E-04  5.3823E-04   42.504
   313  145  -0.3014   0.3014   0.0012  0.00588   3.5227E-04  3.2254E-04  4.7762E-04   42.478
   314  145  -0.3055   0.3055   0.0012  0.00588   3.0697E-04  2.8090E-04  4.1609E-04   42.461
   315  145  -0.3097   0.3097   0.0012  0.00588   2.6101E-04  2.3879E-04  3.5376E-04   42.455
   316  145  -0.3139   0.3139   0.0012  0.00588   2.1448E-04  1.9628E-04  2.9074E-04   42.463
   317  145  -0.3180   0.3180   0.0012  0.00588   1.6751E-04  1.5342E-04  2.2715E-04   42.487
   318  145  -0.3222   0.3222   0.0012  0.00588   1.2018E-04  1.1025E-04  1.6309E-04   42.534
   319  145  -0.3263   0.3263   0.0012  0.00588   7.2584E-05  6.6798E-05  9.8643E-05   42.623
   320  145  -0.3305   0.3305   0.0012  0.00588   2.4591E-05  2.2766E-05  3.3512E-05   42.793
   321  190  -0.0029   0.0000   0.0012  0.00588  -7.1878E-04 -6.3391E-05  7.2157E-04 -174.960
   322  190  -0.0088   0.0000   0.0012  0.00588  -6.7851E-04 -2.9393E-05  6.7915E-04 -177.519
   323  190  -0.0147   0.0000   0.0012  0.00588  -6.3275E-04  7.6904E-06  6.3280E-04  179.304
   324  190  -0.0206   0.0000   0.0012  0.00588  -5.8492E-04  4.5543E-05  5.8669E-04  175.548
   325  190  -0.0265   0.0000   0.0012  0.00588  -5.3563E-04  8.3829E-05  5.4215E-04  171.105
   326  190  -0.0323   0.0000   0.0012  0.00588  -4.8519E-04  1.2238E-04  5.0039E-04  165.844
   327  190  -0.0382   0.0000   0.0012  0.00588  -4.3379E-04  1.6107E-04  4.6272E-04  159.630
   328  190  -0.0441   0.0000   0.0012  0.00588  -3.8157E-04  1.9979E-04  4.3071E-04  152.364
   329  190  -0.0500   0.0000   0.0012  0.00588  -3.2869E-04  2.3846E-04  4.0608E-04  144.040
   330  190  -0.0558   0.0000   0.0012  0.00588  -2.7526E-04  2.7698E-04  3.9049E-04  134.821
   331  190  -0.0617   0.0000   0.0012  0.00588  -2.2140E-04  3.1529E-04  3.8526E-04  125.077
   332  190  -0.0676   0.0000   0.0012  0.00588  -1.6724E-04  3.5330E-04  3.9088E-04  115.332
   333  190  -0.0735   0.0000   0.0012  0.00588  -1.1290E-04  3.9094E-04  4.0691E-04  106.109
   334  190  -0.0794   0.0000   0.0012  0.00588  -5.8501E-05  4.2813E-04  4.3211E-04   97.781
   335  190  -0.0852   0.0000   0.0012  0.00588  -4.1518E-06  4.6481E-04  4.6483E-04   90.512
   336  190  -0.0911   0.0000   0.0012  0.00588   5.0028E-05  5.0091E-04  5.0340E-04   84.297
   337  190  -0.0970   0.0000   0.0012  0.00588   1.0392E-04  5.3634E-04  5.4632E-04   79.034
   338  190  -0.1029   0.0000   0.0012  0.00588   1.5742E-04  5.7105E-04  5.9235E-04   74.588
   339  190  -0.1088   0.0000   0.0012  0.00588   2.1040E-04  6.0495E-04  6.4050E-04   70.822
   340  190  -0.1146   0.0000   0.0012  0.00588   2.6276E-04  6.3799E-04  6.8998E-04   67.615
   341  190  -0.1205   0.0000   0.0012  0.00588   3.1439E-04  6.7009E-04  7.4018E-04   64.865
   342  190  -0.1264   0.0000   0.0012  0.00588   3.6518E-04  7.0119E-04  7.9058E-04   62.490
   343  190  -0.1323   0.0000   0.0012  0.00588   4.1502E-04  7.3122E-04  8.4078E-04   60.422
   344  190  -0.1382   0.0000   0.0012  0.00588   4.6380E-04  7.6011E-04  8.9044E-04   58.609
   345  190  -0.1440   0.0000   0.0012  0.00588   5.1144E-04  7.8781E-04  9.3926E-04   57.009
   346  190  -0.1499   0.0000   0.0012  0.00588   5.5781E-04  8.1425E-04  9.8700E-04   55.587
   347  190  -0.1558   0.0000   0.0012  0.00588   6.0283E-04  8.3939E-04  1.0334E-03   54.315
   348  190  -0.1617   0.0000   0.0012  0.00588   6.4640E-04  8.6316E-04  1.0784E-03   53.171
   349  190  -0.1675   0.0000   0.0012  0.00588   6.8842E-04  8.8552E-04  1.1216E-03   52.138
   350  190  -0.1734   0.0000   0.0012  0.00588   7.2881E-04  9.0643E-04  1.1631E-03   51.199
   351  190  -0.1793   0.0000   0.0012  0.00588   7.6747E-04  9.2583E-04  1.2026E-03   50.343
   352  190  -0.1852   0.0000   0.0012  0.00588   8.0432E-04  9.4369E-04  1.2400E-03   49.559
   353  190  -0.1911   0.0000   0.0012  0.00588   8.3928E-04  9.5999E-04  1.2751E-03   48.838
   354  190  -0.1969   0.0000   0.0012  0.00588   8.7226E-04  9.7468E-04  1.3080E-03   48.174
   355  190  -0.2028   0.0000   0.0012  0.00588   9.0320E-04  9.8774E-04  1.3384E-03   47.560
   356  190  -0.2087   0.0000   0.0012  0.00588   9.3201E-04  9.9915E-04  1.3664E-03   46.991
   357  190  -0.2146   0.0000   0.0012  0.00588   9.5865E-04  1.0089E-03  1.3917E-03   46.462
   358  190  -0.2205   0.0000   0.0012  0.00588   9.8304E-04  1.0169E-03  1.4144E-03   45.971
   359  190  -0.2263   0.0000   0.0012  0.00588   1.0051E-03  1.0233E-03  1.4344E-03   45.513
   360  190  -0.2322   0.0000   0.0012  0.00588   1.0249E-03  1.0279E-03  1.4516E-03   45.085
   361  190  -0.2381   0.0000   0.0012  0.00588   1.0423E-03  1.0308E-03  1.4659E-03   44.685
   362  190  -0.2440   0.0000   0.0012  0.00588   1.0572E-03  1.0320E-03  1.4774E-03   44.310
   363  190  -0.2499   0.0000   0.0012  0.00588   1.0697E-03  1.0315E-03  1.4860E-03   43.959
   364  190  -0.2557   0.0000   0.0012  0.00588   1.0797E-03  1.0292E-03  1.4917E-03   43.630
   365  190  -0.2616   0.0000   0.0012  0.00588   1.0872E-03  1.0253E-03  1.4944E-03   43.320
   366  190  -0.2675   0.0000   0.0012  0.00588   1.0922E-03  1.0196E-03  1.4941E-03   43.029
   367  190  -0.2734   0.0000   0.0012  0.00588   1.0947E-03  1.0121E-03  1.4909E-03   42.755
   368  190  -0.2792   0.0000   0.0012  0.00588   1.0947E-03  1.0030E-03  1.4848E-03   42.497
   369  190  -0.2851   0.0000   0.0012  0.00588   1.0922E-03  9.9224E-04  1.4756E-03   42.254
   370  190  -0.2910   0.0000   0.0012  0.00588   1.0872E-03  9.7978E-04  1.4635E-03   42.025
   371  190  -0.2969   0.0000   0.0012  0.00588   1.0797E-03  9.6568E-04  1.4485E-03   41.809
   372  190  -0.3028   0.0000   0.0012  0.00588   1.0697E-03  9.4997E-04  1.4307E-03   41.606
   373  190  -0.3086   0.0000   0.0012  0.00588   1.0574E-03  9.3266E-04  1.4099E-03   41.415
   374  190  -0.3145   0.0000   0.0012  0.00588   1.0426E-03  9.1379E-04  1.3863E-03   41.234
   375  190  -0.3204   0.0000   0.0012  0.00588   1.0254E-03  8.9339E-04  1.3600E-03   41.064
   376  190  -0.3263   0.0000   0.0012  0.00588   1.0059E-03  8.7150E-04  1.3309E-03   40.905
   377  190  -0.3322   0.0000   0.0012  0.00588   9.8415E-04  8.4815E-04  1.2992E-03   40.755
   378  190  -0.3380   0.0000   0.0012  0.00588   9.6017E-04  8.2338E-04  1.2649E-03   40.614
   379  190  -0.3439   0.0000   0.0012  0.00588   9.3401E-04  7.9724E-04  1.2280E-03   40.483
   380  190  -0.3498   0.0000   0.0012  0.00588   9.0576E-04  7.6976E-04  1.1887E-03   40.360
   381  190  -0.3557   0.0000   0.0012  0.00588   8.7546E-04  7.4100E-04  1.1470E-03   40.245
   382  190  -0.3616   0.0000   0.0012  0.00588   8.4319E-04  7.1099E-04  1.1029E-03   40.138
   383  190  -0.3674   0.0000   0.0012  0.00588   8.0902E-04  6.7980E-04  1.0567E-03   40.040
   384  190  -0.3733   0.0000   0.0012  0.00588   7.7304E-04  6.4748E-04  1.0084E-03   39.949
   385  190  -0.3792   0.0000   0.0012  0.00588   7.3532E-04  6.1407E-04  9.5801E-04   39.865
   386  190  -0.3851   0.0000   0.0012  0.00588   6.9596E-04  5.7963E-04  9.0572E-04   39.789
   387  190  -0.3909   0.0000   0.0012  0.00588   6.5504E-04  5.4422E-04  8.5162E-04   39.720
   388  190  -0.3968   0.0000   0.0012  0.00588   6.1266E-04  5.0790E-04  7.9581E-04   39.659
   389  190  -0.4027   0.0000   0.0012  0.00588   5.6891E-04  4.7072E-04  7.3840E-04   39.605
   390  190  -0.4086   0.0000   0.0012  0.00588   5.2389E-04  4.3275E-04  6.7951E-04   39.558
   391  190  -0.4145   0.0000   0.0012  0.00588   4.7770E-04  3.9405E-04  6.1925E-04   39.519
   392  190  -0.4203   0.0000   0.0012  0.00588   4.3044E-04  3.5468E-04  5.5775E-04   39.488
   393  190  -0.4262   0.0000   0.0012  0.00588   3.8223E-04  3.1470E-04  4.9511E-04   39.465
   394  190  -0.4321   0.0000   0.0012  0.00588   3.3317E-04  2.7418E-04  4.3148E-04   39.452
   395  190  -0.4380   0.0000   0.0012  0.00588   2.8337E-04  2.3317E-04  3.6697E-04   39.449
   396  190  -0.4439   0.0000   0.0012  0.00588   2.3293E-04  1.9174E-04  3.0169E-04   39.459
   397  190  -0.4497   0.0000   0.0012  0.00588   1.8197E-04  1.4993E-04  2.3578E-04   39.485
   398  190  -0.4556   0.0000   0.0012  0.00588   1.3060E-04  1.0779E-04  1.6934E-04   39.535
   399  190  -0.4615   0.0000   0.0012  0.00588   7.8915E-05  6.5343E-05  1.0246E-04   39.625
   400  190  -0.4674   0.0000   0.0012  0.00588   2.6751E-05  2.2286E-05  3.4818E-05   39.797
   401  235  -0.0021  -0.0021   0.0012  0.00588  -7.1998E-04  4.1547E-05  7.2118E-04  176.697
   402  235  -0.0062  -0.0062   0.0012  0.00588  -6.7982E-04  7.5417E-05  6.8399E-04  173.670
   403  235  -0.0104  -0.0104   0.0012  0.00588  -6.3427E-04  1.1223E-04  6.4412E-04  169.965
   404  235  -0.0145  -0.0145   0.0012  0.00588  -5.8674E-04  1.4967E-04  6.0553E-04  165.690
   405  235  -0.0187  -0.0187   0.0012  0.00588  -5.3789E-04  1.8740E-04  5.6960E-04  160.792
   406  235  -0.0229  -0.0229   0.0012  0.00588  -4.8801E-04  2.2525E-04  5.3749E-04  155.223
   407  235  -0.0270  -0.0270   0.0012  0.00588  -4.3730E-04  2.6311E-04  5.1036E-04  148.966
   408  235  -0.0312  -0.0312   0.0012  0.00588  -3.8593E-04  3.0088E-04  4.8936E-04  142.059
   409  235  -0.0353  -0.0353   0.0012  0.00588  -3.3403E-04  3.3847E-04  4.7554E-04  134.621
   410  235  -0.0395  -0.0395   0.0012  0.00588  -2.8173E-04  3.7582E-04  4.6969E-04  126.857
   411  235  -0.0436  -0.0436   0.0012  0.00588  -2.2916E-04  4.1283E-04  4.7217E-04  119.034
   412  235  -0.0478  -0.0478   0.0012  0.00588  -1.7644E-04  4.4945E-04  4.8285E-04  111.433
   413  235  -0.0520  -0.0520   0.0012  0.00588  -1.2368E-04  4.8561E-04  5.0112E-04  104.289
   414  235  -0.0561  -0.0561   0.0012  0.00588  -7.0996E-05  5.2125E-04  5.2606E-04   97.756
   415  235  -0.0603  -0.0603   0.0012  0.00588  -1.8500E-05  5.5628E-04  5.5659E-04   91.905
   416  235  -0.0644  -0.0644   0.0012  0.00588   3.3698E-05  5.9067E-04  5.9163E-04   86.735
   417  235  -0.0686  -0.0686   0.0012  0.00588   8.5494E-05  6.2433E-04  6.3016E-04   82.203
   418  235  -0.0727  -0.0727   0.0012  0.00588   1.3678E-04  6.5721E-04  6.7129E-04   78.243
   419  235  -0.0769  -0.0769   0.0012  0.00588   1.8745E-04  6.8925E-04  7.1428E-04   74.785
   420  235  -0.0811  -0.0811   0.0012  0.00588   2.3742E-04  7.2038E-04  7.5849E-04   71.759
   421  235  -0.0852  -0.0852   0.0012  0.00588   2.8656E-04  7.5055E-04  8.0340E-04   69.103
   422  235  -0.0894  -0.0894   0.0012  0.00588   3.3480E-04  7.7971E-04  8.4855E-04   66.762
   423  235  -0.0935  -0.0935   0.0012  0.00588   3.8203E-04  8.0779E-04  8.9357E-04   64.689
   424  235  -0.0977  -0.0977   0.0012  0.00588   4.2816E-04  8.3474E-04  9.3814E-04   62.845
   425  235  -0.1018  -0.1018   0.0012  0.00588   4.7310E-04  8.6050E-04  9.8198E-04   61.198
   426  235  -0.1060  -0.1060   0.0012  0.00588   5.1676E-04  8.8504E-04  1.0249E-03   59.720
   427  235  -0.1102  -0.1102   0.0012  0.00588   5.5905E-04  9.0830E-04  1.0666E-03   58.388
   428  235  -0.1143  -0.1143   0.0012  0.00588   5.9989E-04  9.3022E-04  1.1069E-03   57.182
   429  235  -0.1185  -0.1185   0.0012  0.00588   6.3920E-04  9.5078E-04  1.1457E-03   56.087
   430  235  -0.1226  -0.1226   0.0012  0.00588   6.7691E-04  9.6992E-04  1.1828E-03   55.089
   431  235  -0.1268  -0.1268   0.0012  0.00588   7.1293E-04  9.8761E-04  1.2180E-03   54.176
   432  235  -0.1309  -0.1309   0.0012  0.00588   7.4719E-04  1.0038E-03  1.2514E-03   53.338
   433  235  -0.1351  -0.1351   0.0012  0.00588   7.7963E-04  1.0185E-03  1.2826E-03   52.566
   434  235  -0.1393  -0.1393   0.0012  0.00588   8.1019E-04  1.0316E-03  1.3117E-03   51.855
   435  235  -0.1434  -0.1434   0.0012  0.00588   8.3880E-04  1.0431E-03  1.3385E-03   51.196
   436  235  -0.1476  -0.1476   0.0012  0.00588   8.6540E-04  1.0530E-03  1.3630E-03   50.586
   437  235  -0.1517  -0.1517   0.0012  0.00588   8.8995E-04  1.0613E-03  1.3851E-03   50.019
   438  235  -0.1559  -0.1559   0.0012  0.00588   9.1240E-04  1.0679E-03  1.4046E-03   49.491
   439  235  -0.1600  -0.1600   0.0012  0.00588   9.3271E-04  1.0729E-03  1.4216E-03   48.998
   440  235  -0.1642  -0.1642   0.0012  0.00588   9.5082E-04  1.0761E-03  1.4360E-03   48.538
   441  235  -0.1684  -0.1684   0.0012  0.00588   9.6672E-04  1.0777E-03  1.4478E-03   48.107
   442  235  -0.1725  -0.1725   0.0012  0.00588   9.8037E-04  1.0776E-03  1.4568E-03   47.704
   443  235  -0.1767  -0.1767   0.0012  0.00588   9.9175E-04  1.0757E-03  1.4631E-03   47.326
   444  235  -0.1808  -0.1808   0.0012  0.00588   1.0008E-03  1.0722E-03  1.4667E-03   46.971
   445  235  -0.1850  -0.1850   0.0012  0.00588   1.0076E-03  1.0669E-03  1.4675E-03   46.637
   446  235  -0.1891  -0.1891   0.0012  0.00588   1.0121E-03  1.0599E-03  1.4655E-03   46.323
   447  235  -0.1933  -0.1933   0.0012  0.00588   1.0142E-03  1.0512E-03  1.4607E-03   46.027
   448  235  -0.1975  -0.1975   0.0012  0.00588   1.0140E-03  1.0409E-03  1.4531E-03   45.749
   449  235  -0.2016  -0.2016   0.0012  0.00588   1.0115E-03  1.0288E-03  1.4428E-03   45.487
   450  235  -0.2058  -0.2058   0.0012  0.00588   1.0066E-03  1.0151E-03  1.4296E-03   45.241
   451  235  -0.2099  -0.2099   0.0012  0.00588   9.9953E-04  9.9981E-04  1.4137E-03   45.008
   452  235  -0.2141  -0.2141   0.0012  0.00588   9.9014E-04  9.8287E-04  1.3951E-03   44.789
   453  235  -0.2182  -0.2182   0.0012  0.00588   9.7850E-04  9.6435E-04  1.3738E-03   44.583
   454  235  -0.2224  -0.2224   0.0012  0.00588   9.6463E-04  9.4426E-04  1.3499E-03   44.389
   455  235  -0.2266  -0.2266   0.0012  0.00588   9.4859E-04  9.2265E-04  1.3233E-03   44.206
   456  235  -0.2307  -0.2307   0.0012  0.00588   9.3040E-04  8.9955E-04  1.2942E-03   44.034
   457  235  -0.2349  -0.2349   0.0012  0.00588   9.1011E-04  8.7499E-04  1.2625E-03   43.873
   458  235  -0.2390  -0.2390   0.0012  0.00588   8.8777E-04  8.4901E-04  1.2284E-03   43.722
   459  235  -0.2432  -0.2432   0.0012  0.00588   8.6343E-04  8.2166E-04  1.1919E-03   43.580
   460  235  -0.2473  -0.2473   0.0012  0.00588   8.3714E-04  7.9297E-04  1.1531E-03   43.448
   461  235  -0.2515  -0.2515   0.0012  0.00588   8.0899E-04  7.6300E-04  1.1120E-03   43.324
   462  235  -0.2557  -0.2557   0.0012  0.00588   7.7902E-04  7.3179E-04  1.0688E-03   43.210
   463  235  -0.2598  -0.2598   0.0012  0.00588   7.4730E-04  6.9939E-04  1.0235E-03   43.103
   464  235  -0.2640  -0.2640   0.0012  0.00588   7.1392E-04  6.6586E-04  9.7625E-04   43.005
   465  235  -0.2681  -0.2681   0.0012  0.00588   6.7895E-04  6.3125E-04  9.2707E-04   42.915
   466  235  -0.2723  -0.2723   0.0012  0.00588   6.4247E-04  5.9562E-04  8.7609E-04   42.833
   467  235  -0.2764  -0.2764   0.0012  0.00588   6.0457E-04  5.5902E-04  8.2341E-04   42.758
   468  235  -0.2806  -0.2806   0.0012  0.00588   5.6532E-04  5.2151E-04  7.6913E-04   42.692
   469  235  -0.2848  -0.2848   0.0012  0.00588   5.2483E-04  4.8316E-04  7.1337E-04   42.633
   470  235  -0.2889  -0.2889   0.0012  0.00588   4.8318E-04  4.4402E-04  6.5622E-04   42.582
   471  235  -0.2931  -0.2931   0.0012  0.00588   4.4047E-04  4.0417E-04  5.9780E-04   42.538
   472  235  -0.2972  -0.2972   0.0012  0.00588   3.9680E-04  3.6365E-04  5.3823E-04   42.504
   473  235  -0.3014  -0.3014   0.0012  0.00588   3.5227E-04  3.2254E-04  4.7762E-04   42.478
   474  235  -0.3055  -0.3055   0.0012  0.00588   3.0697E-04  2.8090E-04  4.1609E-04   42.461
   475  235  -0.3097  -0.3097   0.0012  0.00588   2.6101E-04  2.3879E-04  3.5376E-04   42.455
   476  235  -0.3139  -0.3139   0.0012  0.00588   2.1448E-04  1.9628E-04  2.9074E-04   42.463
   477  235  -0.3180  -0.3180   0.0012  0.00588   1.6751E-04  1.5342E-04  2.2715E-04   42.487
   478  235  -0.3222  -0.3222   0.0012  0.00588   1.2018E-04  1.1025E-04  1.6309E-04   42.534
   479  235  -0.3263  -0.3263   0.0012  0.00588   7.2584E-05  6.6798E-05  9.8643E-05   42.623
   480  235  -0.3305  -0.3305   0.0012  0.00588   2.4591E-05  2.2766E-05  3.3512E-05   42.793
   481  280   0.0000  -0.0029   0.0012  0.00588  -7.0558E-04  6.3852E-05  7.0847E-04  174.829
   482  280   0.0000  -0.0088   0.0012  0.00588  -6.6568E-04  9.7723E-05  6.7281E-04  171.649
   483  280   0.0000  -0.0147   0.0012  0.00588  -6.2064E-04  1.3455E-04  6.3505E-04  167.768
   484  280   0.0000  -0.0206   0.0012  0.00588  -5.7388E-04  1.7202E-04  5.9910E-04  163.314
   485  280   0.0000  -0.0265   0.0012  0.00588  -5.2603E-04  2.0980E-04  5.6633E-04  158.256
   486  280   0.0000  -0.0323   0.0012  0.00588  -4.7740E-04  2.4771E-04  5.3784E-04  152.576
   487  280   0.0000  -0.0382   0.0012  0.00588  -4.2818E-04  2.8565E-04  5.1471E-04  146.292
   488  280   0.0000  -0.0441   0.0012  0.00588  -3.7851E-04  3.2350E-04  4.9792E-04  139.481
   489  280   0.0000  -0.0500   0.0012  0.00588  -3.2853E-04  3.6118E-04  4.8824E-04  132.289
   490  280   0.0000  -0.0558   0.0012  0.00588  -2.7835E-04  3.9861E-04  4.8617E-04  124.926
   491  280   0.0000  -0.0617   0.0012  0.00588  -2.2807E-04  4.3570E-04  4.9178E-04  117.630
   492  280   0.0000  -0.0676   0.0012  0.00588  -1.7781E-04  4.7239E-04  5.0475E-04  110.627
   493  280   0.0000  -0.0735   0.0012  0.00588  -1.2767E-04  5.0860E-04  5.2438E-04  104.091
   494  280   0.0000  -0.0794   0.0012  0.00588  -7.7732E-05  5.4426E-04  5.4978E-04   98.128
   495  280   0.0000  -0.0852   0.0012  0.00588  -2.8105E-05  5.7930E-04  5.7998E-04   92.778
   496  280   0.0000  -0.0911   0.0012  0.00588   2.1121E-05  6.1367E-04  6.1403E-04   88.029
   497  280   0.0000  -0.0970   0.0012  0.00588   6.9854E-05  6.4728E-04  6.5104E-04   83.841
   498  280   0.0000  -0.1029   0.0012  0.00588   1.1800E-04  6.8009E-04  6.9025E-04   80.157
   499  280   0.0000  -0.1088   0.0012  0.00588   1.6548E-04  7.1202E-04  7.3100E-04   76.916
   500  280   0.0000  -0.1146   0.0012  0.00588   2.1219E-04  7.4303E-04  7.7273E-04   74.062
   501  280   0.0000  -0.1205   0.0012  0.00588   2.5806E-04  7.7304E-04  8.1497E-04   71.540
   502  280   0.0000  -0.1264   0.0012  0.00588   3.0299E-04  8.0200E-04  8.5733E-04   69.304
   503  280   0.0000  -0.1323   0.0012  0.00588   3.4691E-04  8.2986E-04  8.9946E-04   67.314
   504  280   0.0000  -0.1382   0.0012  0.00588   3.8973E-04  8.5657E-04  9.4106E-04   65.535
   505  280   0.0000  -0.1440   0.0012  0.00588   4.3137E-04  8.8206E-04  9.8190E-04   63.939
   506  280   0.0000  -0.1499   0.0012  0.00588   4.7176E-04  9.0630E-04  1.0217E-03   62.501
   507  280   0.0000  -0.1558   0.0012  0.00588   5.1083E-04  9.2923E-04  1.0604E-03   61.201
   508  280   0.0000  -0.1617   0.0012  0.00588   5.4849E-04  9.5081E-04  1.0977E-03   60.021
   509  280   0.0000  -0.1675   0.0012  0.00588   5.8468E-04  9.7100E-04  1.1334E-03   58.946
   510  280   0.0000  -0.1734   0.0012  0.00588   6.1933E-04  9.8975E-04  1.1675E-03   57.964
   511  280   0.0000  -0.1793   0.0012  0.00588   6.5238E-04  1.0070E-03  1.1999E-03   57.064
   512  280   0.0000  -0.1852   0.0012  0.00588   6.8376E-04  1.0228E-03  1.2303E-03   56.236
   513  280   0.0000  -0.1911   0.0012  0.00588   7.1343E-04  1.0370E-03  1.2587E-03   55.474
   514  280   0.0000  -0.1969   0.0012  0.00588   7.4131E-04  1.0497E-03  1.2850E-03   54.769
   515  280   0.0000  -0.2028   0.0012  0.00588   7.6737E-04  1.0607E-03  1.3092E-03   54.117
   516  280   0.0000  -0.2087   0.0012  0.00588   7.9155E-04  1.0702E-03  1.3311E-03   53.511
   517  280   0.0000  -0.2146   0.0012  0.00588   8.1381E-04  1.0779E-03  1.3506E-03   52.949
   518  280   0.0000  -0.2205   0.0012  0.00588   8.3411E-04  1.0841E-03  1.3678E-03   52.425
   519  280   0.0000  -0.2263   0.0012  0.00588   8.5241E-04  1.0885E-03  1.3826E-03   51.936
   520  280   0.0000  -0.2322   0.0012  0.00588   8.6868E-04  1.0913E-03  1.3948E-03   51.479
   521  280   0.0000  -0.2381   0.0012  0.00588   8.8290E-04  1.0923E-03  1.4045E-03   51.052
   522  280   0.0000  -0.2440   0.0012  0.00588   8.9504E-04  1.0917E-03  1.4117E-03   50.652
   523  280   0.0000  -0.2499   0.0012  0.00588   9.0508E-04  1.0893E-03  1.4162E-03   50.278
   524  280   0.0000  -0.2557   0.0012  0.00588   9.1301E-04  1.0852E-03  1.4182E-03   49.926
   525  280   0.0000  -0.2616   0.0012  0.00588   9.1881E-04  1.0794E-03  1.4175E-03   49.596
   526  280   0.0000  -0.2675   0.0012  0.00588   9.2248E-04  1.0720E-03  1.4142E-03   49.286
   527  280   0.0000  -0.2734   0.0012  0.00588   9.2403E-04  1.0628E-03  1.4083E-03   48.995
   528  280   0.0000  -0.2792   0.0012  0.00588   9.2344E-04  1.0519E-03  1.3998E-03   48.721
   529  280   0.0000  -0.2851   0.0012  0.00588   9.2074E-04  1.0394E-03  1.3886E-03   48.464
   530  280   0.0000  -0.2910   0.0012  0.00588   9.1593E-04  1.0252E-03  1.3748E-03   48.223
   531  280   0.0000  -0.2969   0.0012  0.00588   9.0904E-04  1.0094E-03  1.3584E-03   47.995
   532  280   0.0000  -0.3028   0.0012  0.00588   9.0007E-04  9.9202E-04  1.3395E-03   47.782
   533  280   0.0000  -0.3086   0.0012  0.00588   8.8907E-04  9.7303E-04  1.3180E-03   47.582
   534  280   0.0000  -0.3145   0.0012  0.00588   8.7605E-04  9.5250E-04  1.2941E-03   47.394
   535  280   0.0000  -0.3204   0.0012  0.00588   8.6106E-04  9.3044E-04  1.2677E-03   47.218
   536  280   0.0000  -0.3263   0.0012  0.00588   8.4413E-04  9.0691E-04  1.2390E-03   47.053
   537  280   0.0000  -0.3322   0.0012  0.00588   8.2531E-04  8.8192E-04  1.2079E-03   46.899
   538  280   0.0000  -0.3380   0.0012  0.00588   8.0464E-04  8.5553E-04  1.1745E-03   46.756
   539  280   0.0000  -0.3439   0.0012  0.00588   7.8218E-04  8.2777E-04  1.1389E-03   46.622
   540  280   0.0000  -0.3498   0.0012  0.00588   7.5799E-04  7.9869E-04  1.1011E-03   46.498
   541  280   0.0000  -0.3557   0.0012  0.00588   7.3211E-04  7.6834E-04  1.0613E-03   46.383
   542  280   0.0000  -0.3616   0.0012  0.00588   7.0462E-04  7.3675E-04  1.0195E-03   46.277
   543  280   0.0000  -0.3674   0.0012  0.00588   6.7557E-04  7.0400E-04  9.7571E-04   46.180
   544  280   0.0000  -0.3733   0.0012  0.00588   6.4505E-04  6.7011E-04  9.3013E-04   46.092
   545  280   0.0000  -0.3792   0.0012  0.00588   6.1312E-04  6.3516E-04  8.8280E-04   46.012
   546  280   0.0000  -0.3851   0.0012  0.00588   5.7985E-04  5.9919E-04  8.3382E-04   45.940
   547  280   0.0000  -0.3909   0.0012  0.00588   5.4534E-04  5.6227E-04  7.8329E-04   45.876
   548  280   0.0000  -0.3968   0.0012  0.00588   5.0965E-04  5.2445E-04  7.3129E-04   45.820
   549  280   0.0000  -0.4027   0.0012  0.00588   4.7287E-04  4.8579E-04  6.7794E-04   45.772
   550  280   0.0000  -0.4086   0.0012  0.00588   4.3509E-04  4.4637E-04  6.2334E-04   45.733
   551  280   0.0000  -0.4145   0.0012  0.00588   3.9640E-04  4.0623E-04  5.6759E-04   45.701
   552  280   0.0000  -0.4203   0.0012  0.00588   3.5689E-04  3.6544E-04  5.1080E-04   45.679
   553  280   0.0000  -0.4262   0.0012  0.00588   3.1663E-04  3.2407E-04  4.5308E-04   45.665
   554  280   0.0000  -0.4321   0.0012  0.00588   2.7574E-04  2.8219E-04  3.9454E-04   45.662
   555  280   0.0000  -0.4380   0.0012  0.00588   2.3430E-04  2.3984E-04  3.3530E-04   45.669
   556  280   0.0000  -0.4439   0.0012  0.00588   1.9241E-04  1.9710E-04  2.7545E-04   45.690
   557  280   0.0000  -0.4497   0.0012  0.00588   1.5017E-04  1.5403E-04  2.1512E-04   45.728
   558  280   0.0000  -0.4556   0.0012  0.00588   1.0765E-04  1.1066E-04  1.5439E-04   45.790
   559  280   0.0000  -0.4615   0.0012  0.00588   6.4968E-05  6.7025E-05  9.3344E-05   45.893
   560  280   0.0000  -0.4674   0.0012  0.00588   2.1990E-05  2.2833E-05  3.1700E-05   46.078
   561  325   0.0021  -0.0021   0.0012  0.00588  -6.8196E-04  8.9683E-05  6.8783E-04  172.508
   562  325   0.0062  -0.0062   0.0012  0.00588  -6.4232E-04  1.2356E-04  6.5409E-04  169.111
   563  325   0.0104  -0.0104   0.0012  0.00588  -5.9779E-04  1.6042E-04  6.1894E-04  164.979
   564  325   0.0145  -0.0145   0.0012  0.00588  -5.5179E-04  1.9793E-04  5.8621E-04  160.267
   565  325   0.0187  -0.0187   0.0012  0.00588  -5.0492E-04  2.3577E-04  5.5726E-04  154.970
   566  325   0.0229  -0.0229   0.0012  0.00588  -4.5749E-04  2.7378E-04  5.3315E-04  149.102
   567  325   0.0270  -0.0270   0.0012  0.00588  -4.0965E-04  3.1182E-04  5.1483E-04  142.722
   568  325   0.0312  -0.0312   0.0012  0.00588  -3.6157E-04  3.4981E-04  5.0309E-04  135.947
   569  325   0.0353  -0.0353   0.0012  0.00588  -3.1335E-04  3.8764E-04  4.9844E-04  128.950
   570  325   0.0395  -0.0395   0.0012  0.00588  -2.6509E-04  4.2522E-04  5.0109E-04  121.940
   571  325   0.0436  -0.0436   0.0012  0.00588  -2.1690E-04  4.6249E-04  5.1083E-04  115.126
   572  325   0.0478  -0.0478   0.0012  0.00588  -1.6888E-04  4.9937E-04  5.2715E-04  108.685
   573  325   0.0520  -0.0520   0.0012  0.00588  -1.2110E-04  5.3577E-04  5.4929E-04  102.737
   574  325   0.0561  -0.0561   0.0012  0.00588  -7.3667E-05  5.7163E-04  5.7636E-04   97.343
   575  325   0.0603  -0.0603   0.0012  0.00588  -2.6655E-05  6.0688E-04  6.0747E-04   92.515
   576  325   0.0644  -0.0644   0.0012  0.00588   1.9851E-05  6.4146E-04  6.4176E-04   88.227
   577  325   0.0686  -0.0686   0.0012  0.00588   6.5767E-05  6.7529E-04  6.7848E-04   84.437
   578  325   0.0727  -0.0727   0.0012  0.00588   1.1101E-04  7.0831E-04  7.1696E-04   81.092
   579  325   0.0769  -0.0769   0.0012  0.00588   1.5552E-04  7.4047E-04  7.5662E-04   78.139
   580  325   0.0811  -0.0811   0.0012  0.00588   1.9919E-04  7.7169E-04  7.9698E-04   75.527
   581  325   0.0852  -0.0852   0.0012  0.00588   2.4197E-04  8.0192E-04  8.3763E-04   73.210
   582  325   0.0894  -0.0894   0.0012  0.00588   2.8377E-04  8.3111E-04  8.7822E-04   71.148
   583  325   0.0935  -0.0935   0.0012  0.00588   3.2453E-04  8.5919E-04  9.1843E-04   69.308
   584  325   0.0977  -0.0977   0.0012  0.00588   3.6417E-04  8.8611E-04  9.5802E-04   67.659
   585  325   0.1018  -0.1018   0.0012  0.00588   4.0262E-04  9.1182E-04  9.9675E-04   66.176
   586  325   0.1060  -0.1060   0.0012  0.00588   4.3983E-04  9.3626E-04  1.0344E-03   64.837
   587  325   0.1102  -0.1102   0.0012  0.00588   4.7572E-04  9.5940E-04  1.0709E-03   63.625
   588  325   0.1143  -0.1143   0.0012  0.00588   5.1023E-04  9.8118E-04  1.1059E-03   62.525
   589  325   0.1185  -0.1185   0.0012  0.00588   5.4332E-04  1.0016E-03  1.1394E-03   61.521
   590  325   0.1226  -0.1226   0.0012  0.00588   5.7490E-04  1.0205E-03  1.1713E-03   60.605
   591  325   0.1268  -0.1268   0.0012  0.00588   6.0495E-04  1.0379E-03  1.2014E-03   59.765
   592  325   0.1309  -0.1309   0.0012  0.00588   6.3340E-04  1.0539E-03  1.2296E-03   58.993
   593  325   0.1351  -0.1351   0.0012  0.00588   6.6020E-04  1.0682E-03  1.2558E-03   58.283
   594  325   0.1393  -0.1393   0.0012  0.00588   6.8531E-04  1.0810E-03  1.2800E-03   57.628
   595  325   0.1434  -0.1434   0.0012  0.00588   7.0870E-04  1.0922E-03  1.3020E-03   57.022
   596  325   0.1476  -0.1476   0.0012  0.00588   7.3031E-04  1.1018E-03  1.3218E-03   56.461
   597  325   0.1517  -0.1517   0.0012  0.00588   7.5012E-04  1.1096E-03  1.3394E-03   55.941
   598  325   0.1559  -0.1559   0.0012  0.00588   7.6809E-04  1.1158E-03  1.3546E-03   55.458
   599  325   0.1600  -0.1600   0.0012  0.00588   7.8421E-04  1.1203E-03  1.3675E-03   55.008
   600  325   0.1642  -0.1642   0.0012  0.00588   7.9843E-04  1.1231E-03  1.3780E-03   54.590
   601  325   0.1684  -0.1684   0.0012  0.00588   8.1075E-04  1.1241E-03  1.3860E-03   54.200
   602  325   0.1725  -0.1725   0.0012  0.00588   8.2115E-04  1.1235E-03  1.3916E-03   53.837
   603  325   0.1767  -0.1767   0.0012  0.00588   8.2961E-04  1.1210E-03  1.3946E-03   53.497
   604  325   0.1808  -0.1808   0.0012  0.00588   8.3613E-04  1.1169E-03  1.3952E-03   53.180
   605  325   0.1850  -0.1850   0.0012  0.00588   8.4070E-04  1.1110E-03  1.3932E-03   52.885
   606  325   0.1891  -0.1891   0.0012  0.00588   8.4332E-04  1.1033E-03  1.3887E-03   52.608
   607  325   0.1933  -0.1933   0.0012  0.00588   8.4400E-04  1.0940E-03  1.3817E-03   52.350
   608  325   0.1975  -0.1975   0.0012  0.00588   8.4274E-04  1.0829E-03  1.3722E-03   52.109
   609  325   0.2016  -0.2016   0.0012  0.00588   8.3956E-04  1.0701E-03  1.3601E-03   51.884
   610  325   0.2058  -0.2058   0.0012  0.00588   8.3447E-04  1.0556E-03  1.3456E-03   51.674
   611  325   0.2099  -0.2099   0.0012  0.00588   8.2749E-04  1.0395E-03  1.3286E-03   51.479
   612  325   0.2141  -0.2141   0.0012  0.00588   8.1864E-04  1.0217E-03  1.3092E-03   51.296
   613  325   0.2182  -0.2182   0.0012  0.00588   8.0796E-04  1.0023E-03  1.2874E-03   51.127
   614  325   0.2224  -0.2224   0.0012  0.00588   7.9548E-04  9.8129E-04  1.2632E-03   50.970
   615  325   0.2266  -0.2266   0.0012  0.00588   7.8122E-04  9.5872E-04  1.2367E-03   50.825
   616  325   0.2307  -0.2307   0.0012  0.00588   7.6524E-04  9.3462E-04  1.2079E-03   50.690
   617  325   0.2349  -0.2349   0.0012  0.00588   7.4757E-04  9.0903E-04  1.1769E-03   50.567
   618  325   0.2390  -0.2390   0.0012  0.00588   7.2825E-04  8.8198E-04  1.1438E-03   50.453
   619  325   0.2432  -0.2432   0.0012  0.00588   7.0735E-04  8.5352E-04  1.1085E-03   50.350
   620  325   0.2473  -0.2473   0.0012  0.00588   6.8492E-04  8.2369E-04  1.0713E-03   50.256
   621  325   0.2515  -0.2515   0.0012  0.00588   6.6100E-04  7.9254E-04  1.0320E-03   50.171
   622  325   0.2557  -0.2557   0.0012  0.00588   6.3566E-04  7.6011E-04  9.9087E-04   50.095
   623  325   0.2598  -0.2598   0.0012  0.00588   6.0897E-04  7.2645E-04  9.4793E-04   50.028
   624  325   0.2640  -0.2640   0.0012  0.00588   5.8098E-04  6.9163E-04  9.0327E-04   49.969
   625  325   0.2681  -0.2681   0.0012  0.00588   5.5177E-04  6.5568E-04  8.5696E-04   49.919
   626  325   0.2723  -0.2723   0.0012  0.00588   5.2141E-04  6.1868E-04  8.0910E-04   49.876
   627  325   0.2764  -0.2764   0.0012  0.00588   4.8998E-04  5.8068E-04  7.5978E-04   49.842
   628  325   0.2806  -0.2806   0.0012  0.00588   4.5754E-04  5.4173E-04  7.0909E-04   49.816
   629  325   0.2848  -0.2848   0.0012  0.00588   4.2417E-04  5.0190E-04  6.5714E-04   49.798
   630  325   0.2889  -0.2889   0.0012  0.00588   3.8996E-04  4.6126E-04  6.0401E-04   49.788
   631  325   0.2931  -0.2931   0.0012  0.00588   3.5498E-04  4.1987E-04  5.4982E-04   49.787
   632  325   0.2972  -0.2972   0.0012  0.00588   3.1932E-04  3.7779E-04  4.9466E-04   49.794
   633  325   0.3014  -0.3014   0.0012  0.00588   2.8306E-04  3.3509E-04  4.3864E-04   49.811
   634  325   0.3055  -0.3055   0.0012  0.00588   2.4629E-04  2.9183E-04  3.8187E-04   49.837
   635  325   0.3097  -0.3097   0.0012  0.00588   2.0909E-04  2.4808E-04  3.2444E-04   49.875
   636  325   0.3139  -0.3139   0.0012  0.00588   1.7155E-04  2.0391E-04  2.6647E-04   49.926
   637  325   0.3180  -0.3180   0.0012  0.00588   1.3375E-04  1.5937E-04  2.0806E-04   49.994
   638  325   0.3222  -0.3222   0.0012  0.00588   9.5789E-05  1.1451E-04  1.4929E-04   50.087
   639  325   0.3263  -0.3263   0.0012  0.00588   5.7741E-05  6.9353E-05  9.0243E-05   50.220
   640  325   0.3305  -0.3305   0.0012  0.00588   1.9516E-05  2.3622E-05  3.0641E-05   50.436
   641    1   0.0000   0.0000   0.0068  0.01117   5.7356E-03 -3.4593E-04  5.7460E-03   -3.452
   642    1   0.0000   0.0000   0.0179  0.01117   5.9743E-03 -4.6834E-04  5.9926E-03   -4.482
   643    1   0.0000   0.0000   0.0291  0.01117   6.1878E-03 -5.8979E-04  6.2158E-03   -5.445
   644    1   0.0000   0.0000   0.0403  0.01117   6.3549E-03 -6.9377E-04  6.3927E-03   -6.230
   645    1   0.0000   0.0000   0.0514  0.01117   6.4812E-03 -7.8502E-04  6.5286E-03   -6.906
   646    1   0.0000   0.0000   0.0626  0.01117   6.5686E-03 -8.6477E-04  6.6253E-03   -7.500
   647    1   0.0000   0.0000   0.0738  0.01117   6.6175E-03 -9.3329E-04  6.6830E-03   -8.028
   648    1   0.0000   0.0000   0.0850  0.01117   6.6283E-03 -9.9053E-04  6.7019E-03   -8.499
   649    1   0.0000   0.0000   0.0961  0.01117   6.6013E-03 -1.0365E-03  6.6821E-03   -8.923
   650    1   0.0000   0.0000   0.1073  0.01117   6.5370E-03 -1.0712E-03  6.6242E-03   -9.306
   651    1   0.0000   0.0000   0.1185  0.01117   6.4364E-03 -1.0948E-03  6.5288E-03   -9.653
   652    1   0.0000   0.0000   0.1296  0.01117   6.3001E-03 -1.1075E-03  6.3967E-03   -9.971
   653    1   0.0000   0.0000   0.1408  0.01117   6.1293E-03 -1.1096E-03  6.2289E-03  -10.262
   654    1   0.0000   0.0000   0.1520  0.01117   5.9250E-03 -1.1013E-03  6.0265E-03  -10.530
   655    1   0.0000   0.0000   0.1631  0.01117   5.6885E-03 -1.0829E-03  5.7906E-03  -10.778
   656    1   0.0000   0.0000   0.1743  0.01117   5.4209E-03 -1.0546E-03  5.5225E-03  -11.009
   657    1   0.0000   0.0000   0.1855  0.01117   5.1237E-03 -1.0167E-03  5.2236E-03  -11.223
   658    1   0.0000   0.0000   0.1966  0.01117   4.7983E-03 -9.6957E-04  4.8952E-03  -11.424
   659    1   0.0000   0.0000   0.2078  0.01117   4.4460E-03 -9.1351E-04  4.5389E-03  -11.611
   660    1   0.0000   0.0000   0.2190  0.01117   4.0685E-03 -8.4886E-04  4.1561E-03  -11.785
   661    1   0.0000   0.0000   0.2302  0.01117   3.6672E-03 -7.7595E-04  3.7484E-03  -11.947
   662    1   0.0000   0.0000   0.2413  0.01117   3.2437E-03 -6.9514E-04  3.3173E-03  -12.096
   663    1   0.0000   0.0000   0.2525  0.01117   2.7992E-03 -6.0678E-04  2.8643E-03  -12.230
   664    1   0.0000   0.0000   0.2637  0.01117   2.3354E-03 -5.1124E-04  2.3907E-03  -12.348
   665    1   0.0000   0.0000   0.2748  0.01117   1.8534E-03 -4.0898E-04  1.8980E-03  -12.444
   666    1   0.0000   0.0000   0.2860  0.01117   1.3545E-03 -3.0062E-04  1.3874E-03  -12.514
   667    1   0.0000   0.0000   0.2972  0.01117   8.3923E-04 -1.8691E-04  8.5979E-04  -12.556
   668    1   0.0000   0.0000   0.3083  0.01117   2.9762E-04 -6.6420E-05  3.0495E-04  -12.580
   669    2   0.0265   0.0000   0.2934  0.00744   7.7203E-05  7.1299E-05  1.0509E-04   42.723
   670    2   0.0323   0.0000   0.2889  0.00744   2.1165E-04  1.9840E-04  2.9010E-04   43.149
   671    2   0.0382   0.0000   0.2843  0.00744   3.3412E-04  3.1710E-04  4.6064E-04   43.503
   672    2   0.0441   0.0000   0.2798  0.00744   4.4956E-04  4.3112E-04  6.2287E-04   43.801
   673    2   0.0500   0.0000   0.2752  0.00744   5.5941E-04  5.4127E-04  7.7840E-04   44.056
   674    2   0.0558   0.0000   0.2707  0.00744   6.6437E-04  6.4785E-04  9.2795E-04   44.279
   675    2   0.0617   0.0000   0.2661  0.00744   7.6483E-04  7.5096E-04  1.0719E-03   44.476
   676    2   0.0676   0.0000   0.2615  0.00744   8.6101E-04  8.5062E-04  1.2103E-03   44.652
   677    2   0.0735   0.0000   0.2570  0.00744   9.5301E-04  9.4680E-04  1.3434E-03   44.813
   678    2   0.0794   0.0000   0.2524  0.00744   1.0409E-03  1.0394E-03  1.4710E-03   44.960
   679    2   0.0852   0.0000   0.2479  0.00744   1.1246E-03  1.1284E-03  1.5931E-03   45.096
   680    2   0.0911   0.0000   0.2433  0.00744   1.2042E-03  1.2136E-03  1.7097E-03   45.223
   681    2   0.0970   0.0000   0.2388  0.00744   1.2796E-03  1.2950E-03  1.8206E-03   45.343
   682    2   0.1029   0.0000   0.2342  0.00744   1.3508E-03  1.3725E-03  1.9257E-03   45.456
   683    2   0.1088   0.0000   0.2296  0.00744   1.4176E-03  1.4459E-03  2.0249E-03   45.566
   684    2   0.1146   0.0000   0.2251  0.00744   1.4800E-03  1.5151E-03  2.1181E-03   45.671
   685    2   0.1205   0.0000   0.2205  0.00744   1.5380E-03  1.5802E-03  2.2051E-03   45.774
   686    2   0.1264   0.0000   0.2160  0.00744   1.5915E-03  1.6409E-03  2.2859E-03   45.875
   687    2   0.1323   0.0000   0.2114  0.00744   1.6404E-03  1.6972E-03  2.3603E-03   45.975
   688    2   0.1382   0.0000   0.2069  0.00744   1.6845E-03  1.7490E-03  2.4283E-03   46.075
   689    2   0.1440   0.0000   0.2023  0.00744   1.7240E-03  1.7962E-03  2.4897E-03   46.176
   690    2   0.1499   0.0000   0.1978  0.00744   1.7587E-03  1.8389E-03  2.5445E-03   46.277
   691    2   0.1558   0.0000   0.1932  0.00744   1.7885E-03  1.8768E-03  2.5925E-03   46.380
   692    2   0.1617   0.0000   0.1886  0.00744   1.8134E-03  1.9100E-03  2.6338E-03   46.486
   693    2   0.1675   0.0000   0.1841  0.00744   1.8334E-03  1.9385E-03  2.6681E-03   46.596
   694    2   0.1734   0.0000   0.1795  0.00744   1.8484E-03  1.9621E-03  2.6956E-03   46.709
   695    2   0.1793   0.0000   0.1750  0.00744   1.8584E-03  1.9809E-03  2.7162E-03   46.828
   696    2   0.1852   0.0000   0.1704  0.00744   1.8634E-03  1.9949E-03  2.7298E-03   46.953
   697    2   0.1911   0.0000   0.1659  0.00744   1.8633E-03  2.0041E-03  2.7365E-03   47.084
   698    2   0.1969   0.0000   0.1613  0.00744   1.8582E-03  2.0084E-03  2.7362E-03   47.224
   699    2   0.2028   0.0000   0.1567  0.00744   1.8481E-03  2.0079E-03  2.7290E-03   47.374
   700    2   0.2087   0.0000   0.1522  0.00744   1.8329E-03  2.0027E-03  2.7148E-03   47.535
   701    3   0.2116   0.0000   0.1471  0.00570   1.8153E-03  1.9941E-03  2.6966E-03   47.687
   702    3   0.2116   0.0000   0.1414  0.00570   1.7971E-03  1.9832E-03  2.6763E-03   47.819
   703    3   0.2116   0.0000   0.1357  0.00570   1.7762E-03  1.9692E-03  2.6519E-03   47.950
   704    3   0.2116   0.0000   0.1300  0.00570   1.7526E-03  1.9520E-03  2.6233E-03   48.081
   705    3   0.2116   0.0000   0.1243  0.00570   1.7264E-03  1.9316E-03  2.5907E-03   48.211
   706    3   0.2116   0.0000   0.1186  0.00570   1.6975E-03  1.9081E-03  2.5539E-03   48.342
   707    3   0.2116   0.0000   0.1129  0.00570   1.6660E-03  1.8814E-03  2.5131E-03   48.475
   708    3   0.2116   0.0000   0.1072  0.00570   1.6319E-03  1.8516E-03  2.4681E-03   48.609
   709    3   0.2116   0.0000   0.1015  0.00570   1.5952E-03  1.8187E-03  2.4191E-03   48.746
   710    3   0.2116   0.0000   0.0958  0.00570   1.5558E-03  1.7826E-03  2.3660E-03   48.886
   711    3   0.2116   0.0000   0.0901  0.00570   1.5138E-03  1.7433E-03  2.3089E-03   49.031
   712    3   0.2116   0.0000   0.0844  0.00570   1.4692E-03  1.7009E-03  2.2476E-03   49.180
   713    3   0.2116   0.0000   0.0787  0.00570   1.4220E-03  1.6552E-03  2.1822E-03   49.335
   714    3   0.2116   0.0000   0.0730  0.00570   1.3720E-03  1.6063E-03  2.1124E-03   49.498
   715    3   0.2116   0.0000   0.0673  0.00570   1.3191E-03  1.5537E-03  2.0382E-03   49.669
   716    3   0.2116   0.0000   0.0616  0.00570   1.2629E-03  1.4972E-03  1.9587E-03   49.852
   717    4   0.2087   0.0000   0.0588  0.00586   1.2068E-03  1.4408E-03  1.8794E-03   50.050
   718    4   0.2028   0.0000   0.0588  0.00586   1.1766E-03  1.4148E-03  1.8401E-03   50.252
   719    4   0.1970   0.0000   0.0588  0.00586   1.1475E-03  1.3895E-03  1.8021E-03   50.449
   720    4   0.1911   0.0000   0.0588  0.00586   1.1160E-03  1.3607E-03  1.7598E-03   50.642
   721    4   0.1853   0.0000   0.0588  0.00586   1.0827E-03  1.3291E-03  1.7142E-03   50.833
   722    4   0.1794   0.0000   0.0588  0.00586   1.0479E-03  1.2950E-03  1.6658E-03   51.020
   723    4   0.1735   0.0000   0.0588  0.00586   1.0118E-03  1.2586E-03  1.6148E-03   51.204
   724    4   0.1677   0.0000   0.0588  0.00586   9.7442E-04  1.2200E-03  1.5614E-03   51.386
   725    4   0.1618   0.0000   0.0588  0.00586   9.3595E-04  1.1794E-03  1.5057E-03   51.565
   726    4   0.1559   0.0000   0.0588  0.00586   8.9647E-04  1.1368E-03  1.4478E-03   51.742
   727    4   0.1501   0.0000   0.0588  0.00586   8.5604E-04  1.0923E-03  1.3878E-03   51.915
   728    4   0.1442   0.0000   0.0588  0.00586   8.1475E-04  1.0461E-03  1.3259E-03   52.086
   729    4   0.1384   0.0000   0.0588  0.00586   7.7267E-04  9.9806E-04  1.2622E-03   52.254
   730    4   0.1325   0.0000   0.0588  0.00586   7.2987E-04  9.4840E-04  1.1967E-03   52.419
   731    4   0.1266   0.0000   0.0588  0.00586   6.8642E-04  8.9716E-04  1.1296E-03   52.580
   732    4   0.1208   0.0000   0.0588  0.00586   6.4238E-04  8.4441E-04  1.0610E-03   52.738
   733    4   0.1149   0.0000   0.0588  0.00586   5.9782E-04  7.9022E-04  9.9088E-04   52.892
   734    4   0.1090   0.0000   0.0588  0.00586   5.5278E-04  7.3466E-04  9.1940E-04   53.041
   735    4   0.1032   0.0000   0.0588  0.00586   5.0733E-04  6.7779E-04  8.4662E-04   53.185
   736    4   0.0973   0.0000   0.0588  0.00586   4.6149E-04  6.1966E-04  7.7263E-04   53.323
   737    4   0.0915   0.0000   0.0588  0.00586   4.1532E-04  5.6035E-04  6.9748E-04   53.455
   738    4   0.0856   0.0000   0.0588  0.00586   3.6884E-04  4.9989E-04  6.2124E-04   53.578
   739    4   0.0797   0.0000   0.0588  0.00586   3.2206E-04  4.3832E-04  5.4392E-04   53.693
   740    4   0.0739   0.0000   0.0588  0.00586   2.7497E-04  3.7566E-04  4.6555E-04   53.797
   741    4   0.0680   0.0000   0.0588  0.00586   2.2754E-04  3.1190E-04  3.8607E-04   53.888
   742    4   0.0621   0.0000   0.0588  0.00586   1.7966E-04  2.4696E-04  3.0540E-04   53.964
   743    4   0.0563   0.0000   0.0588  0.00586   1.3115E-04  1.8066E-04  2.2324E-04   54.022
   744    4   0.0504   0.0000   0.0588  0.00586   8.1573E-05  1.1251E-04  1.3897E-04   54.058
   745    4   0.0446   0.0000   0.0588  0.00586   2.9232E-05  4.0334E-05  4.9813E-05   54.067
   746    5  -0.0265   0.0000   0.2934  0.00744   9.5380E-05 -1.5001E-04  1.7776E-04  -57.550
   747    5  -0.0323   0.0000   0.2889  0.00744   2.6292E-04 -4.1770E-04  4.9356E-04  -57.812
   748    5  -0.0382   0.0000   0.2843  0.00744   4.1725E-04 -6.6862E-04  7.8813E-04  -58.034
   749    5  -0.0441   0.0000   0.2798  0.00744   5.6428E-04 -9.1094E-04  1.0716E-03  -58.224
   750    5  -0.0500   0.0000   0.2752  0.00744   7.0567E-04 -1.1466E-03  1.3463E-03  -58.390
   751    5  -0.0558   0.0000   0.2707  0.00744   8.4220E-04 -1.3763E-03  1.6135E-03  -58.537
   752    5  -0.0617   0.0000   0.2661  0.00744   9.7429E-04 -1.6004E-03  1.8737E-03  -58.668
   753    5  -0.0676   0.0000   0.2615  0.00744   1.1022E-03 -1.8190E-03  2.1268E-03  -58.787
   754    5  -0.0735   0.0000   0.2570  0.00744   1.2259E-03 -2.0319E-03  2.3730E-03  -58.895
   755    5  -0.0794   0.0000   0.2524  0.00744   1.3456E-03 -2.2390E-03  2.6122E-03  -58.994
   756    5  -0.0852   0.0000   0.2479  0.00744   1.4612E-03 -2.4401E-03  2.8441E-03  -59.086
   757    5  -0.0911   0.0000   0.2433  0.00744   1.5726E-03 -2.6350E-03  3.0686E-03  -59.171
   758    5  -0.0970   0.0000   0.2388  0.00744   1.6797E-03 -2.8234E-03  3.2853E-03  -59.250
   759    5  -0.1029   0.0000   0.2342  0.00744   1.7826E-03 -3.0050E-03  3.4939E-03  -59.324
   760    5  -0.1088   0.0000   0.2296  0.00744   1.8809E-03 -3.1796E-03  3.6943E-03  -59.393
   761    5  -0.1146   0.0000   0.2251  0.00744   1.9747E-03 -3.3470E-03  3.8861E-03  -59.459
   762    5  -0.1205   0.0000   0.2205  0.00744   2.0639E-03 -3.5067E-03  4.0690E-03  -59.521
   763    5  -0.1264   0.0000   0.2160  0.00744   2.1483E-03 -3.6586E-03  4.2426E-03  -59.579
   764    5  -0.1323   0.0000   0.2114  0.00744   2.2277E-03 -3.8023E-03  4.4068E-03  -59.635
   765    5  -0.1382   0.0000   0.2069  0.00744   2.3021E-03 -3.9377E-03  4.5613E-03  -59.688
   766    5  -0.1440   0.0000   0.2023  0.00744   2.3714E-03 -4.0644E-03  4.7057E-03  -59.738
   767    5  -0.1499   0.0000   0.1978  0.00744   2.4355E-03 -4.1823E-03  4.8398E-03  -59.787
   768    5  -0.1558   0.0000   0.1932  0.00744   2.4942E-03 -4.2912E-03  4.9634E-03  -59.833
   769    5  -0.1617   0.0000   0.1886  0.00744   2.5475E-03 -4.3907E-03  5.0762E-03  -59.878
   770    5  -0.1675   0.0000   0.1841  0.00744   2.5952E-03 -4.4807E-03  5.1780E-03  -59.920
   771    5  -0.1734   0.0000   0.1795  0.00744   2.6373E-03 -4.5610E-03  5.2686E-03  -59.962
   772    5  -0.1793   0.0000   0.1750  0.00744   2.6738E-03 -4.6315E-03  5.3479E-03  -60.002
   773    5  -0.1852   0.0000   0.1704  0.00744   2.7044E-03 -4.6920E-03  5.4156E-03  -60.041
   774    5  -0.1911   0.0000   0.1659  0.00744   2.7292E-03 -4.7423E-03  5.4716E-03  -60.079
   775    5  -0.1969   0.0000   0.1613  0.00744   2.7482E-03 -4.7824E-03  5.5157E-03  -60.116
   776    5  -0.2028   0.0000   0.1567  0.00744   2.7611E-03 -4.8120E-03  5.5479E-03  -60.153
   777    5  -0.2087   0.0000   0.1522  0.00744   2.7681E-03 -4.8312E-03  5.5681E-03  -60.189
   778    6  -0.2116   0.0000   0.1471  0.00570   2.7693E-03 -4.8394E-03  5.5758E-03  -60.220
   779    6  -0.2116   0.0000   0.1414  0.00570   2.7670E-03 -4.8404E-03  5.5754E-03  -60.246
   780    6  -0.2116   0.0000   0.1357  0.00570   2.7614E-03 -4.8356E-03  5.5685E-03  -60.271
   781    6  -0.2116   0.0000   0.1300  0.00570   2.7527E-03 -4.8251E-03  5.5551E-03  -60.295
   782    6  -0.2116   0.0000   0.1243  0.00570   2.7409E-03 -4.8090E-03  5.5352E-03  -60.319
   783    6  -0.2116   0.0000   0.1186  0.00570   2.7259E-03 -4.7871E-03  5.5088E-03  -60.342
   784    6  -0.2116   0.0000   0.1129  0.00570   2.7078E-03 -4.7596E-03  5.4759E-03  -60.364
   785    6  -0.2116   0.0000   0.1072  0.00570   2.6866E-03 -4.7264E-03  5.4366E-03  -60.385
   786    6  -0.2116   0.0000   0.1015  0.00570   2.6623E-03 -4.6876E-03  5.3909E-03  -60.406
   787    6  -0.2116   0.0000   0.0958  0.00570   2.6350E-03 -4.6433E-03  5.3389E-03  -60.426
   788    6  -0.2116   0.0000   0.0901  0.00570   2.6047E-03 -4.5934E-03  5.2805E-03  -60.445
   789    6  -0.2116   0.0000   0.0844  0.00570   2.5714E-03 -4.5381E-03  5.2160E-03  -60.463
   790    6  -0.2116   0.0000   0.0787  0.00570   2.5352E-03 -4.4773E-03  5.1452E-03  -60.480
   791    6  -0.2116   0.0000   0.0730  0.00570   2.4961E-03 -4.4112E-03  5.0685E-03  -60.497
   792    6  -0.2116   0.0000   0.0673  0.00570   2.4541E-03 -4.3399E-03  4.9857E-03  -60.513
   793    6  -0.2116   0.0000   0.0616  0.00570   2.4094E-03 -4.2633E-03  4.8971E-03  -60.527
   794    7  -0.2087   0.0000   0.0588  0.00586   2.3613E-03 -4.1805E-03  4.8013E-03  -60.541
   795    7  -0.2028   0.0000   0.0588  0.00586   2.3096E-03 -4.0911E-03  4.6980E-03  -60.554
   796    7  -0.1970   0.0000   0.0588  0.00586   2.2550E-03 -3.9964E-03  4.5887E-03  -60.566
   797    7  -0.1911   0.0000   0.0588  0.00586   2.1976E-03 -3.8966E-03  4.4735E-03  -60.578
   798    7  -0.1853   0.0000   0.0588  0.00586   2.1374E-03 -3.7917E-03  4.3526E-03  -60.590
   799    7  -0.1794   0.0000   0.0588  0.00586   2.0746E-03 -3.6819E-03  4.2262E-03  -60.601
   800    7  -0.1735   0.0000   0.0588  0.00586   2.0092E-03 -3.5673E-03  4.0942E-03  -60.611
   801    7  -0.1677   0.0000   0.0588  0.00586   1.9413E-03 -3.4481E-03  3.9570E-03  -60.621
   802    7  -0.1618   0.0000   0.0588  0.00586   1.8709E-03 -3.3244E-03  3.8147E-03  -60.631
   803    7  -0.1559   0.0000   0.0588  0.00586   1.7982E-03 -3.1964E-03  3.6675E-03  -60.639
   804    7  -0.1501   0.0000   0.0588  0.00586   1.7232E-03 -3.0642E-03  3.5156E-03  -60.648
   805    7  -0.1442   0.0000   0.0588  0.00586   1.6461E-03 -2.9280E-03  3.3590E-03  -60.656
   806    7  -0.1384   0.0000   0.0588  0.00586   1.5669E-03 -2.7880E-03  3.1981E-03  -60.663
   807    7  -0.1325   0.0000   0.0588  0.00586   1.4857E-03 -2.6442E-03  3.0331E-03  -60.670
   808    7  -0.1266   0.0000   0.0588  0.00586   1.4026E-03 -2.4970E-03  2.8640E-03  -60.676
   809    7  -0.1208   0.0000   0.0588  0.00586   1.3177E-03 -2.3464E-03  2.6911E-03  -60.681
   810    7  -0.1149   0.0000   0.0588  0.00586   1.2311E-03 -2.1925E-03  2.5145E-03  -60.686
   811    7  -0.1090   0.0000   0.0588  0.00586   1.1428E-03 -2.0356E-03  2.3345E-03  -60.690
   812    7  -0.1032   0.0000   0.0588  0.00586   1.0530E-03 -1.8758E-03  2.1511E-03  -60.693
   813    7  -0.0973   0.0000   0.0588  0.00586   9.6160E-04 -1.7132E-03  1.9646E-03  -60.695
   814    7  -0.0915   0.0000   0.0588  0.00586   8.6879E-04 -1.5479E-03  1.7751E-03  -60.696
   815    7  -0.0856   0.0000   0.0588  0.00586   7.7455E-04 -1.3800E-03  1.5825E-03  -60.696
   816    7  -0.0797   0.0000   0.0588  0.00586   6.7891E-04 -1.2095E-03  1.3870E-03  -60.694
   817    7  -0.0739   0.0000   0.0588  0.00586   5.8183E-04 -1.0364E-03  1.1886E-03  -60.691
   818    7  -0.0680   0.0000   0.0588  0.00586   4.8322E-04 -8.6059E-04  9.8697E-04  -60.686
   819    7  -0.0621   0.0000   0.0588  0.00586   3.8289E-04 -6.8171E-04  7.8187E-04  -60.679
   820    7  -0.0563   0.0000   0.0588  0.00586   2.8044E-04 -4.9910E-04  5.7250E-04  -60.669
   821    7  -0.0504   0.0000   0.0588  0.00586   1.7498E-04 -3.1124E-04  3.5706E-04  -60.656
   822    7  -0.0446   0.0000   0.0588  0.00586   6.2881E-05 -1.1178E-04  1.2825E-04  -60.640



                                        - - - POWER BUDGET - - -

                                           INPUT POWER   = 2.8678E-03 WATTS
                                           RADIATED POWER= 2.8678E-03 WATTS
                                           STRUCTURE LOSS= 0.0000E+00 WATTS
                                           NETWORK LOSS  = 0.0000E+00 WATTS
                                           EFFICIENCY    = 100.00 PERCENT






 ***** DATA CARD NO.  5   EN   0     0     0     0  0.00000E+00  0.00000E+00  0.00000E+00  0.00000E+00  0.00000E+00  0.00000E+00

 RUN TIME =     1.297
