1



                                 *********************************************

                                    NUMERICAL ELECTROMAGNETICS CODE (NEC-2D)

                                 *********************************************




                                     - - - - COMMENTS - - - -


                          *** Gruppenstrahler fuer 23 cm ***                                         
                          *** mit 8 Strahler + 8 Direktoren ***                                      
                          *** breitbandig Elemente 9 mm ***                                          
                          * von dieser Version wurden 2 Antennen gebaut und gemessen *               
                          * Antenne mit RADOM versehen (Beeintraechtigung = gering *                 
                                                                                                     




                                 - - - STRUCTURE SPECIFICATION - - -

                                     COORDINATES MUST BE INPUT IN
                                     METERS OR BE SCALED TO METERS
                                     BEFORE STRUCTURE INPUT IS ENDED


  WIRE                                                                               NO. OF    FIRST  LAST     TAG
  NO.        X1         Y1         Z1          X2         Y2         Z2      RADIUS   SEG.     SEG.   SEG.     NO.
     1    0.00500    0.05900    0.05900     0.09400    0.05900    0.05900    0.00450      5        1     5       1
     2    0.00500    0.17700    0.05900     0.09400    0.17700    0.05900    0.00450      5        6    10       2
     3    0.00800    0.05900    0.11600     0.09100    0.05900    0.11600    0.00450      5       11    15       3
     4    0.00800    0.17700    0.11600     0.09100    0.17700    0.11600    0.00450      5       16    20       4
     1R   0.00000    0.00000    0.00000     0.15000    0.00000    0.00000     SURFACE -   4 BY  8 PATCHES
          0.15000    0.25000    0.00000     0.00000    0.25000    0.00000
      STRUCTURE REFLECTED ALONG THE AXES X Y  .  TAGS INCREMENTED BY   28

   TOTAL SEGMENTS USED=   80     NO. SEG. IN A SYMMETRIC CELL=   20     SYMMETRY FLAG=  1
   TOTAL PATCHES USED=  128      NO. PATCHES IN A SYMMETRIC CELL=   32
 STRUCTURE HAS 2 PLANES OF SYMMETRY



         - MULTIPLE WIRE JUNCTIONS -
 JUNCTION    SEGMENTS  (- FOR END 1, + FOR END 2)
  NONE




                                 - - - - SEGMENTATION DATA - - - -

                                        COORDINATES IN METERS

                         I+ AND I- INDICATE THE SEGMENTS BEFORE AND AFTER I


  SEG.   COORDINATES OF SEG. CENTER     SEG.     ORIENTATION ANGLES    WIRE    CONNECTION DATA   TAG
  NO.       X         Y         Z       LENGTH     ALPHA     BETA      RADIUS    I-   I    I+    NO.
     1   0.01390   0.05900   0.05900   0.01780    0.00000   0.00000   0.00450     0    1    2      1
     2   0.03170   0.05900   0.05900   0.01780    0.00000   0.00000   0.00450     1    2    3      1
     3   0.04950   0.05900   0.05900   0.01780    0.00000   0.00000   0.00450     2    3    4      1
     4   0.06730   0.05900   0.05900   0.01780    0.00000   0.00000   0.00450     3    4    5      1
     5   0.08510   0.05900   0.05900   0.01780    0.00000   0.00000   0.00450     4    5    0      1
     6   0.01390   0.17700   0.05900   0.01780    0.00000   0.00000   0.00450     0    6    7      2
     7   0.03170   0.17700   0.05900   0.01780    0.00000   0.00000   0.00450     6    7    8      2
     8   0.04950   0.17700   0.05900   0.01780    0.00000   0.00000   0.00450     7    8    9      2
     9   0.06730   0.17700   0.05900   0.01780    0.00000   0.00000   0.00450     8    9   10      2
    10   0.08510   0.17700   0.05900   0.01780    0.00000   0.00000   0.00450     9   10    0      2
    11   0.01630   0.05900   0.11600   0.01660    0.00000   0.00000   0.00450     0   11   12      3
    12   0.03290   0.05900   0.11600   0.01660    0.00000   0.00000   0.00450    11   12   13      3
    13   0.04950   0.05900   0.11600   0.01660    0.00000   0.00000   0.00450    12   13   14      3
    14   0.06610   0.05900   0.11600   0.01660    0.00000   0.00000   0.00450    13   14   15      3
    15   0.08270   0.05900   0.11600   0.01660    0.00000   0.00000   0.00450    14   15    0      3
    16   0.01630   0.17700   0.11600   0.01660    0.00000   0.00000   0.00450     0   16   17      4
    17   0.03290   0.17700   0.11600   0.01660    0.00000   0.00000   0.00450    16   17   18      4
    18   0.04950   0.17700   0.11600   0.01660    0.00000   0.00000   0.00450    17   18   19      4
    19   0.06610   0.17700   0.11600   0.01660    0.00000   0.00000   0.00450    18   19   20      4
    20   0.08270   0.17700   0.11600   0.01660    0.00000   0.00000   0.00450    19   20    0      4
    21   0.01390  -0.05900   0.05900   0.01780    0.00000   0.00000   0.00450     0   21   22     29
    22   0.03170  -0.05900   0.05900   0.01780    0.00000   0.00000   0.00450    21   22   23     29
    23   0.04950  -0.05900   0.05900   0.01780    0.00000   0.00000   0.00450    22   23   24     29
    24   0.06730  -0.05900   0.05900   0.01780    0.00000   0.00000   0.00450    23   24   25     29
    25   0.08510  -0.05900   0.05900   0.01780    0.00000   0.00000   0.00450    24   25    0     29
    26   0.01390  -0.17700   0.05900   0.01780    0.00000   0.00000   0.00450     0   26   27     30
    27   0.03170  -0.17700   0.05900   0.01780    0.00000   0.00000   0.00450    26   27   28     30
    28   0.04950  -0.17700   0.05900   0.01780    0.00000   0.00000   0.00450    27   28   29     30
    29   0.06730  -0.17700   0.05900   0.01780    0.00000   0.00000   0.00450    28   29   30     30
    30   0.08510  -0.17700   0.05900   0.01780    0.00000   0.00000   0.00450    29   30    0     30
    31   0.01630  -0.05900   0.11600   0.01660    0.00000   0.00000   0.00450     0   31   32     31
    32   0.03290  -0.05900   0.11600   0.01660    0.00000   0.00000   0.00450    31   32   33     31
    33   0.04950  -0.05900   0.11600   0.01660    0.00000   0.00000   0.00450    32   33   34     31
    34   0.06610  -0.05900   0.11600   0.01660    0.00000   0.00000   0.00450    33   34   35     31
    35   0.08270  -0.05900   0.11600   0.01660    0.00000   0.00000   0.00450    34   35    0     31
    36   0.01630  -0.17700   0.11600   0.01660    0.00000   0.00000   0.00450     0   36   37     32
    37   0.03290  -0.17700   0.11600   0.01660    0.00000   0.00000   0.00450    36   37   38     32
    38   0.04950  -0.17700   0.11600   0.01660    0.00000   0.00000   0.00450    37   38   39     32
    39   0.06610  -0.17700   0.11600   0.01660    0.00000   0.00000   0.00450    38   39   40     32
    40   0.08270  -0.17700   0.11600   0.01660    0.00000   0.00000   0.00450    39   40    0     32
    41  -0.01390   0.05900   0.05900   0.01780    0.00000 180.00000   0.00450     0   41   42     57
    42  -0.03170   0.05900   0.05900   0.01780    0.00000 180.00000   0.00450    41   42   43     57
    43  -0.04950   0.05900   0.05900   0.01780    0.00000 180.00000   0.00450    42   43   44     57
    44  -0.06730   0.05900   0.05900   0.01780    0.00000 180.00000   0.00450    43   44   45     57
    45  -0.08510   0.05900   0.05900   0.01780    0.00000 180.00000   0.00450    44   45    0     57
    46  -0.01390   0.17700   0.05900   0.01780    0.00000 180.00000   0.00450     0   46   47     58
    47  -0.03170   0.17700   0.05900   0.01780    0.00000 180.00000   0.00450    46   47   48     58
    48  -0.04950   0.17700   0.05900   0.01780    0.00000 180.00000   0.00450    47   48   49     58
    49  -0.06730   0.17700   0.05900   0.01780    0.00000 180.00000   0.00450    48   49   50     58
    50  -0.08510   0.17700   0.05900   0.01780    0.00000 180.00000   0.00450    49   50    0     58
    51  -0.01630   0.05900   0.11600   0.01660    0.00000 180.00000   0.00450     0   51   52     59
    52  -0.03290   0.05900   0.11600   0.01660    0.00000 180.00000   0.00450    51   52   53     59
    53  -0.04950   0.05900   0.11600   0.01660    0.00000 180.00000   0.00450    52   53   54     59
    54  -0.06610   0.05900   0.11600   0.01660    0.00000 180.00000   0.00450    53   54   55     59
    55  -0.08270   0.05900   0.11600   0.01660    0.00000 180.00000   0.00450    54   55    0     59
    56  -0.01630   0.17700   0.11600   0.01660    0.00000 180.00000   0.00450     0   56   57     60
    57  -0.03290   0.17700   0.11600   0.01660    0.00000 180.00000   0.00450    56   57   58     60
    58  -0.04950   0.17700   0.11600   0.01660    0.00000 180.00000   0.00450    57   58   59     60
    59  -0.06610   0.17700   0.11600   0.01660    0.00000 180.00000   0.00450    58   59   60     60
    60  -0.08270   0.17700   0.11600   0.01660    0.00000 180.00000   0.00450    59   60    0     60
    61  -0.01390  -0.05900   0.05900   0.01780    0.00000 180.00000   0.00450     0   61   62     85
    62  -0.03170  -0.05900   0.05900   0.01780    0.00000 180.00000   0.00450    61   62   63     85
    63  -0.04950  -0.05900   0.05900   0.01780    0.00000 180.00000   0.00450    62   63   64     85
    64  -0.06730  -0.05900   0.05900   0.01780    0.00000 180.00000   0.00450    63   64   65     85
    65  -0.08510  -0.05900   0.05900   0.01780    0.00000 180.00000   0.00450    64   65    0     85
    66  -0.01390  -0.17700   0.05900   0.01780    0.00000 180.00000   0.00450     0   66   67     86
    67  -0.03170  -0.17700   0.05900   0.01780    0.00000 180.00000   0.00450    66   67   68     86
    68  -0.04950  -0.17700   0.05900   0.01780    0.00000 180.00000   0.00450    67   68   69     86
    69  -0.06730  -0.17700   0.05900   0.01780    0.00000 180.00000   0.00450    68   69   70     86
    70  -0.08510  -0.17700   0.05900   0.01780    0.00000 180.00000   0.00450    69   70    0     86
    71  -0.01630  -0.05900   0.11600   0.01660    0.00000 180.00000   0.00450     0   71   72     87
    72  -0.03290  -0.05900   0.11600   0.01660    0.00000 180.00000   0.00450    71   72   73     87
    73  -0.04950  -0.05900   0.11600   0.01660    0.00000 180.00000   0.00450    72   73   74     87
    74  -0.06610  -0.05900   0.11600   0.01660    0.00000 180.00000   0.00450    73   74   75     87
    75  -0.08270  -0.05900   0.11600   0.01660    0.00000 180.00000   0.00450    74   75    0     87
    76  -0.01630  -0.17700   0.11600   0.01660    0.00000 180.00000   0.00450     0   76   77     88
    77  -0.03290  -0.17700   0.11600   0.01660    0.00000 180.00000   0.00450    76   77   78     88
    78  -0.04950  -0.17700   0.11600   0.01660    0.00000 180.00000   0.00450    77   78   79     88
    79  -0.06610  -0.17700   0.11600   0.01660    0.00000 180.00000   0.00450    78   79   80     88
    80  -0.08270  -0.17700   0.11600   0.01660    0.00000 180.00000   0.00450    79   80    0     88




                                            - - - SURFACE PATCH DATA - - -

                                                 COORDINATES IN METERS

 PATCH     COORD. OF PATCH CENTER       UNIT NORMAL VECTOR      PATCH            COMPONENTS OF UNIT TANGENT VECTORS
  NO.      X         Y         Z         X       Y       Z       AREA       X1      Y1      Z1       X2      Y2      Z2
    1   0.01875   0.01563   0.00000   0.0000  0.0000  1.0000   0.00117   1.0000  0.0000  0.0000   0.0000  1.0000  0.0000
    2   0.05625   0.01563   0.00000   0.0000  0.0000  1.0000   0.00117   1.0000  0.0000  0.0000   0.0000  1.0000  0.0000
    3   0.09375   0.01563   0.00000   0.0000  0.0000  1.0000   0.00117   1.0000  0.0000  0.0000   0.0000  1.0000  0.0000
    4   0.13125   0.01563   0.00000   0.0000  0.0000  1.0000   0.00117   1.0000  0.0000  0.0000   0.0000  1.0000  0.0000
    5   0.01875   0.04688   0.00000   0.0000  0.0000  1.0000   0.00117   1.0000  0.0000  0.0000   0.0000  1.0000  0.0000
    6   0.05625   0.04688   0.00000   0.0000  0.0000  1.0000   0.00117   1.0000  0.0000  0.0000   0.0000  1.0000  0.0000
    7   0.09375   0.04688   0.00000   0.0000  0.0000  1.0000   0.00117   1.0000  0.0000  0.0000   0.0000  1.0000  0.0000
    8   0.13125   0.04688   0.00000   0.0000  0.0000  1.0000   0.00117   1.0000  0.0000  0.0000   0.0000  1.0000  0.0000
    9   0.01875   0.07813   0.00000   0.0000  0.0000  1.0000   0.00117   1.0000  0.0000  0.0000   0.0000  1.0000  0.0000
   10   0.05625   0.07813   0.00000   0.0000  0.0000  1.0000   0.00117   1.0000  0.0000  0.0000   0.0000  1.0000  0.0000
   11   0.09375   0.07813   0.00000   0.0000  0.0000  1.0000   0.00117   1.0000  0.0000  0.0000   0.0000  1.0000  0.0000
   12   0.13125   0.07813   0.00000   0.0000  0.0000  1.0000   0.00117   1.0000  0.0000  0.0000   0.0000  1.0000  0.0000
   13   0.01875   0.10938   0.00000   0.0000  0.0000  1.0000   0.00117   1.0000  0.0000  0.0000   0.0000  1.0000  0.0000
   14   0.05625   0.10938   0.00000   0.0000  0.0000  1.0000   0.00117   1.0000  0.0000  0.0000   0.0000  1.0000  0.0000
   15   0.09375   0.10938   0.00000   0.0000  0.0000  1.0000   0.00117   1.0000  0.0000  0.0000   0.0000  1.0000  0.0000
   16   0.13125   0.10938   0.00000   0.0000  0.0000  1.0000   0.00117   1.0000  0.0000  0.0000   0.0000  1.0000  0.0000
   17   0.01875   0.14063   0.00000   0.0000  0.0000  1.0000   0.00117   1.0000  0.0000  0.0000   0.0000  1.0000  0.0000
   18   0.05625   0.14063   0.00000   0.0000  0.0000  1.0000   0.00117   1.0000  0.0000  0.0000   0.0000  1.0000  0.0000
   19   0.09375   0.14063   0.00000   0.0000  0.0000  1.0000   0.00117   1.0000  0.0000  0.0000   0.0000  1.0000  0.0000
   20   0.13125   0.14063   0.00000   0.0000  0.0000  1.0000   0.00117   1.0000  0.0000  0.0000   0.0000  1.0000  0.0000
   21   0.01875   0.17188   0.00000   0.0000  0.0000  1.0000   0.00117   1.0000  0.0000  0.0000   0.0000  1.0000  0.0000
   22   0.05625   0.17188   0.00000   0.0000  0.0000  1.0000   0.00117   1.0000  0.0000  0.0000   0.0000  1.0000  0.0000
   23   0.09375   0.17188   0.00000   0.0000  0.0000  1.0000   0.00117   1.0000  0.0000  0.0000   0.0000  1.0000  0.0000
   24   0.13125   0.17188   0.00000   0.0000  0.0000  1.0000   0.00117   1.0000  0.0000  0.0000   0.0000  1.0000  0.0000
   25   0.01875   0.20313   0.00000   0.0000  0.0000  1.0000   0.00117   1.0000  0.0000  0.0000   0.0000  1.0000  0.0000
   26   0.05625   0.20313   0.00000   0.0000  0.0000  1.0000   0.00117   1.0000  0.0000  0.0000   0.0000  1.0000  0.0000
   27   0.09375   0.20313   0.00000   0.0000  0.0000  1.0000   0.00117   1.0000  0.0000  0.0000   0.0000  1.0000  0.0000
   28   0.13125   0.20313   0.00000   0.0000  0.0000  1.0000   0.00117   1.0000  0.0000  0.0000   0.0000  1.0000  0.0000
   29   0.01875   0.23438   0.00000   0.0000  0.0000  1.0000   0.00117   1.0000  0.0000  0.0000   0.0000  1.0000  0.0000
   30   0.05625   0.23438   0.00000   0.0000  0.0000  1.0000   0.00117   1.0000  0.0000  0.0000   0.0000  1.0000  0.0000
   31   0.09375   0.23438   0.00000   0.0000  0.0000  1.0000   0.00117   1.0000  0.0000  0.0000   0.0000  1.0000  0.0000
   32   0.13125   0.23438   0.00000   0.0000  0.0000  1.0000   0.00117   1.0000  0.0000  0.0000   0.0000  1.0000  0.0000
   33   0.01875  -0.01563   0.00000   0.0000  0.0000  1.0000   0.00117   1.0000  0.0000  0.0000   0.0000 -1.0000  0.0000
   34   0.05625  -0.01563   0.00000   0.0000  0.0000  1.0000   0.00117   1.0000  0.0000  0.0000   0.0000 -1.0000  0.0000
   35   0.09375  -0.01563   0.00000   0.0000  0.0000  1.0000   0.00117   1.0000  0.0000  0.0000   0.0000 -1.0000  0.0000
   36   0.13125  -0.01563   0.00000   0.0000  0.0000  1.0000   0.00117   1.0000  0.0000  0.0000   0.0000 -1.0000  0.0000
   37   0.01875  -0.04688   0.00000   0.0000  0.0000  1.0000   0.00117   1.0000  0.0000  0.0000   0.0000 -1.0000  0.0000
   38   0.05625  -0.04688   0.00000   0.0000  0.0000  1.0000   0.00117   1.0000  0.0000  0.0000   0.0000 -1.0000  0.0000
   39   0.09375  -0.04688   0.00000   0.0000  0.0000  1.0000   0.00117   1.0000  0.0000  0.0000   0.0000 -1.0000  0.0000
   40   0.13125  -0.04688   0.00000   0.0000  0.0000  1.0000   0.00117   1.0000  0.0000  0.0000   0.0000 -1.0000  0.0000
   41   0.01875  -0.07813   0.00000   0.0000  0.0000  1.0000   0.00117   1.0000  0.0000  0.0000   0.0000 -1.0000  0.0000
   42   0.05625  -0.07813   0.00000   0.0000  0.0000  1.0000   0.00117   1.0000  0.0000  0.0000   0.0000 -1.0000  0.0000
   43   0.09375  -0.07813   0.00000   0.0000  0.0000  1.0000   0.00117   1.0000  0.0000  0.0000   0.0000 -1.0000  0.0000
   44   0.13125  -0.07813   0.00000   0.0000  0.0000  1.0000   0.00117   1.0000  0.0000  0.0000   0.0000 -1.0000  0.0000
   45   0.01875  -0.10938   0.00000   0.0000  0.0000  1.0000   0.00117   1.0000  0.0000  0.0000   0.0000 -1.0000  0.0000
   46   0.05625  -0.10938   0.00000   0.0000  0.0000  1.0000   0.00117   1.0000  0.0000  0.0000   0.0000 -1.0000  0.0000
   47   0.09375  -0.10938   0.00000   0.0000  0.0000  1.0000   0.00117   1.0000  0.0000  0.0000   0.0000 -1.0000  0.0000
   48   0.13125  -0.10938   0.00000   0.0000  0.0000  1.0000   0.00117   1.0000  0.0000  0.0000   0.0000 -1.0000  0.0000
   49   0.01875  -0.14063   0.00000   0.0000  0.0000  1.0000   0.00117   1.0000  0.0000  0.0000   0.0000 -1.0000  0.0000
   50   0.05625  -0.14063   0.00000   0.0000  0.0000  1.0000   0.00117   1.0000  0.0000  0.0000   0.0000 -1.0000  0.0000
   51   0.09375  -0.14063   0.00000   0.0000  0.0000  1.0000   0.00117   1.0000  0.0000  0.0000   0.0000 -1.0000  0.0000
   52   0.13125  -0.14063   0.00000   0.0000  0.0000  1.0000   0.00117   1.0000  0.0000  0.0000   0.0000 -1.0000  0.0000
   53   0.01875  -0.17188   0.00000   0.0000  0.0000  1.0000   0.00117   1.0000  0.0000  0.0000   0.0000 -1.0000  0.0000
   54   0.05625  -0.17188   0.00000   0.0000  0.0000  1.0000   0.00117   1.0000  0.0000  0.0000   0.0000 -1.0000  0.0000
   55   0.09375  -0.17188   0.00000   0.0000  0.0000  1.0000   0.00117   1.0000  0.0000  0.0000   0.0000 -1.0000  0.0000
   56   0.13125  -0.17188   0.00000   0.0000  0.0000  1.0000   0.00117   1.0000  0.0000  0.0000   0.0000 -1.0000  0.0000
   57   0.01875  -0.20313   0.00000   0.0000  0.0000  1.0000   0.00117   1.0000  0.0000  0.0000   0.0000 -1.0000  0.0000
   58   0.05625  -0.20313   0.00000   0.0000  0.0000  1.0000   0.00117   1.0000  0.0000  0.0000   0.0000 -1.0000  0.0000
   59   0.09375  -0.20313   0.00000   0.0000  0.0000  1.0000   0.00117   1.0000  0.0000  0.0000   0.0000 -1.0000  0.0000
   60   0.13125  -0.20313   0.00000   0.0000  0.0000  1.0000   0.00117   1.0000  0.0000  0.0000   0.0000 -1.0000  0.0000
   61   0.01875  -0.23438   0.00000   0.0000  0.0000  1.0000   0.00117   1.0000  0.0000  0.0000   0.0000 -1.0000  0.0000
   62   0.05625  -0.23438   0.00000   0.0000  0.0000  1.0000   0.00117   1.0000  0.0000  0.0000   0.0000 -1.0000  0.0000
   63   0.09375  -0.23438   0.00000   0.0000  0.0000  1.0000   0.00117   1.0000  0.0000  0.0000   0.0000 -1.0000  0.0000
   64   0.13125  -0.23438   0.00000   0.0000  0.0000  1.0000   0.00117   1.0000  0.0000  0.0000   0.0000 -1.0000  0.0000
   65  -0.01875   0.01563   0.00000   0.0000  0.0000  1.0000   0.00117  -1.0000  0.0000  0.0000   0.0000  1.0000  0.0000
   66  -0.05625   0.01563   0.00000   0.0000  0.0000  1.0000   0.00117  -1.0000  0.0000  0.0000   0.0000  1.0000  0.0000
   67  -0.09375   0.01563   0.00000   0.0000  0.0000  1.0000   0.00117  -1.0000  0.0000  0.0000   0.0000  1.0000  0.0000
   68  -0.13125   0.01563   0.00000   0.0000  0.0000  1.0000   0.00117  -1.0000  0.0000  0.0000   0.0000  1.0000  0.0000
   69  -0.01875   0.04688   0.00000   0.0000  0.0000  1.0000   0.00117  -1.0000  0.0000  0.0000   0.0000  1.0000  0.0000
   70  -0.05625   0.04688   0.00000   0.0000  0.0000  1.0000   0.00117  -1.0000  0.0000  0.0000   0.0000  1.0000  0.0000
   71  -0.09375   0.04688   0.00000   0.0000  0.0000  1.0000   0.00117  -1.0000  0.0000  0.0000   0.0000  1.0000  0.0000
   72  -0.13125   0.04688   0.00000   0.0000  0.0000  1.0000   0.00117  -1.0000  0.0000  0.0000   0.0000  1.0000  0.0000
   73  -0.01875   0.07813   0.00000   0.0000  0.0000  1.0000   0.00117  -1.0000  0.0000  0.0000   0.0000  1.0000  0.0000
   74  -0.05625   0.07813   0.00000   0.0000  0.0000  1.0000   0.00117  -1.0000  0.0000  0.0000   0.0000  1.0000  0.0000
   75  -0.09375   0.07813   0.00000   0.0000  0.0000  1.0000   0.00117  -1.0000  0.0000  0.0000   0.0000  1.0000  0.0000
   76  -0.13125   0.07813   0.00000   0.0000  0.0000  1.0000   0.00117  -1.0000  0.0000  0.0000   0.0000  1.0000  0.0000
   77  -0.01875   0.10938   0.00000   0.0000  0.0000  1.0000   0.00117  -1.0000  0.0000  0.0000   0.0000  1.0000  0.0000
   78  -0.05625   0.10938   0.00000   0.0000  0.0000  1.0000   0.00117  -1.0000  0.0000  0.0000   0.0000  1.0000  0.0000
   79  -0.09375   0.10938   0.00000   0.0000  0.0000  1.0000   0.00117  -1.0000  0.0000  0.0000   0.0000  1.0000  0.0000
   80  -0.13125   0.10938   0.00000   0.0000  0.0000  1.0000   0.00117  -1.0000  0.0000  0.0000   0.0000  1.0000  0.0000
   81  -0.01875   0.14063   0.00000   0.0000  0.0000  1.0000   0.00117  -1.0000  0.0000  0.0000   0.0000  1.0000  0.0000
   82  -0.05625   0.14063   0.00000   0.0000  0.0000  1.0000   0.00117  -1.0000  0.0000  0.0000   0.0000  1.0000  0.0000
   83  -0.09375   0.14063   0.00000   0.0000  0.0000  1.0000   0.00117  -1.0000  0.0000  0.0000   0.0000  1.0000  0.0000
   84  -0.13125   0.14063   0.00000   0.0000  0.0000  1.0000   0.00117  -1.0000  0.0000  0.0000   0.0000  1.0000  0.0000
   85  -0.01875   0.17188   0.00000   0.0000  0.0000  1.0000   0.00117  -1.0000  0.0000  0.0000   0.0000  1.0000  0.0000
   86  -0.05625   0.17188   0.00000   0.0000  0.0000  1.0000   0.00117  -1.0000  0.0000  0.0000   0.0000  1.0000  0.0000
   87  -0.09375   0.17188   0.00000   0.0000  0.0000  1.0000   0.00117  -1.0000  0.0000  0.0000   0.0000  1.0000  0.0000
   88  -0.13125   0.17188   0.00000   0.0000  0.0000  1.0000   0.00117  -1.0000  0.0000  0.0000   0.0000  1.0000  0.0000
   89  -0.01875   0.20313   0.00000   0.0000  0.0000  1.0000   0.00117  -1.0000  0.0000  0.0000   0.0000  1.0000  0.0000
   90  -0.05625   0.20313   0.00000   0.0000  0.0000  1.0000   0.00117  -1.0000  0.0000  0.0000   0.0000  1.0000  0.0000
   91  -0.09375   0.20313   0.00000   0.0000  0.0000  1.0000   0.00117  -1.0000  0.0000  0.0000   0.0000  1.0000  0.0000
   92  -0.13125   0.20313   0.00000   0.0000  0.0000  1.0000   0.00117  -1.0000  0.0000  0.0000   0.0000  1.0000  0.0000
   93  -0.01875   0.23438   0.00000   0.0000  0.0000  1.0000   0.00117  -1.0000  0.0000  0.0000   0.0000  1.0000  0.0000
   94  -0.05625   0.23438   0.00000   0.0000  0.0000  1.0000   0.00117  -1.0000  0.0000  0.0000   0.0000  1.0000  0.0000
   95  -0.09375   0.23438   0.00000   0.0000  0.0000  1.0000   0.00117  -1.0000  0.0000  0.0000   0.0000  1.0000  0.0000
   96  -0.13125   0.23438   0.00000   0.0000  0.0000  1.0000   0.00117  -1.0000  0.0000  0.0000   0.0000  1.0000  0.0000
   97  -0.01875  -0.01563   0.00000   0.0000  0.0000  1.0000   0.00117  -1.0000  0.0000  0.0000   0.0000 -1.0000  0.0000
   98  -0.05625  -0.01563   0.00000   0.0000  0.0000  1.0000   0.00117  -1.0000  0.0000  0.0000   0.0000 -1.0000  0.0000
   99  -0.09375  -0.01563   0.00000   0.0000  0.0000  1.0000   0.00117  -1.0000  0.0000  0.0000   0.0000 -1.0000  0.0000
  100  -0.13125  -0.01563   0.00000   0.0000  0.0000  1.0000   0.00117  -1.0000  0.0000  0.0000   0.0000 -1.0000  0.0000
  101  -0.01875  -0.04688   0.00000   0.0000  0.0000  1.0000   0.00117  -1.0000  0.0000  0.0000   0.0000 -1.0000  0.0000
  102  -0.05625  -0.04688   0.00000   0.0000  0.0000  1.0000   0.00117  -1.0000  0.0000  0.0000   0.0000 -1.0000  0.0000
  103  -0.09375  -0.04688   0.00000   0.0000  0.0000  1.0000   0.00117  -1.0000  0.0000  0.0000   0.0000 -1.0000  0.0000
  104  -0.13125  -0.04688   0.00000   0.0000  0.0000  1.0000   0.00117  -1.0000  0.0000  0.0000   0.0000 -1.0000  0.0000
  105  -0.01875  -0.07813   0.00000   0.0000  0.0000  1.0000   0.00117  -1.0000  0.0000  0.0000   0.0000 -1.0000  0.0000
  106  -0.05625  -0.07813   0.00000   0.0000  0.0000  1.0000   0.00117  -1.0000  0.0000  0.0000   0.0000 -1.0000  0.0000
  107  -0.09375  -0.07813   0.00000   0.0000  0.0000  1.0000   0.00117  -1.0000  0.0000  0.0000   0.0000 -1.0000  0.0000
  108  -0.13125  -0.07813   0.00000   0.0000  0.0000  1.0000   0.00117  -1.0000  0.0000  0.0000   0.0000 -1.0000  0.0000
  109  -0.01875  -0.10938   0.00000   0.0000  0.0000  1.0000   0.00117  -1.0000  0.0000  0.0000   0.0000 -1.0000  0.0000
  110  -0.05625  -0.10938   0.00000   0.0000  0.0000  1.0000   0.00117  -1.0000  0.0000  0.0000   0.0000 -1.0000  0.0000
  111  -0.09375  -0.10938   0.00000   0.0000  0.0000  1.0000   0.00117  -1.0000  0.0000  0.0000   0.0000 -1.0000  0.0000
  112  -0.13125  -0.10938   0.00000   0.0000  0.0000  1.0000   0.00117  -1.0000  0.0000  0.0000   0.0000 -1.0000  0.0000
  113  -0.01875  -0.14063   0.00000   0.0000  0.0000  1.0000   0.00117  -1.0000  0.0000  0.0000   0.0000 -1.0000  0.0000
  114  -0.05625  -0.14063   0.00000   0.0000  0.0000  1.0000   0.00117  -1.0000  0.0000  0.0000   0.0000 -1.0000  0.0000
  115  -0.09375  -0.14063   0.00000   0.0000  0.0000  1.0000   0.00117  -1.0000  0.0000  0.0000   0.0000 -1.0000  0.0000
  116  -0.13125  -0.14063   0.00000   0.0000  0.0000  1.0000   0.00117  -1.0000  0.0000  0.0000   0.0000 -1.0000  0.0000
  117  -0.01875  -0.17188   0.00000   0.0000  0.0000  1.0000   0.00117  -1.0000  0.0000  0.0000   0.0000 -1.0000  0.0000
  118  -0.05625  -0.17188   0.00000   0.0000  0.0000  1.0000   0.00117  -1.0000  0.0000  0.0000   0.0000 -1.0000  0.0000
  119  -0.09375  -0.17188   0.00000   0.0000  0.0000  1.0000   0.00117  -1.0000  0.0000  0.0000   0.0000 -1.0000  0.0000
  120  -0.13125  -0.17188   0.00000   0.0000  0.0000  1.0000   0.00117  -1.0000  0.0000  0.0000   0.0000 -1.0000  0.0000
  121  -0.01875  -0.20313   0.00000   0.0000  0.0000  1.0000   0.00117  -1.0000  0.0000  0.0000   0.0000 -1.0000  0.0000
  122  -0.05625  -0.20313   0.00000   0.0000  0.0000  1.0000   0.00117  -1.0000  0.0000  0.0000   0.0000 -1.0000  0.0000
  123  -0.09375  -0.20313   0.00000   0.0000  0.0000  1.0000   0.00117  -1.0000  0.0000  0.0000   0.0000 -1.0000  0.0000
  124  -0.13125  -0.20313   0.00000   0.0000  0.0000  1.0000   0.00117  -1.0000  0.0000  0.0000   0.0000 -1.0000  0.0000
  125  -0.01875  -0.23438   0.00000   0.0000  0.0000  1.0000   0.00117  -1.0000  0.0000  0.0000   0.0000 -1.0000  0.0000
  126  -0.05625  -0.23438   0.00000   0.0000  0.0000  1.0000   0.00117  -1.0000  0.0000  0.0000   0.0000 -1.0000  0.0000
  127  -0.09375  -0.23438   0.00000   0.0000  0.0000  1.0000   0.00117  -1.0000  0.0000  0.0000   0.0000 -1.0000  0.0000
  128  -0.13125  -0.23438   0.00000   0.0000  0.0000  1.0000   0.00117  -1.0000  0.0000  0.0000   0.0000 -1.0000  0.0000






 ***** DATA CARD NO.  1   FR   0     1     0     0  1.29600E+03  0.00000E+00  0.00000E+00  0.00000E+00  0.00000E+00  0.00000E+00
 ***** DATA CARD NO.  2   TL   0     1     0     6 -3.00000E+02  1.10000E-01  0.00000E+00  0.00000E+00  0.00000E+00  0.00000E+00
 ***** DATA CARD NO.  3   TL   0    41     0    46 -3.00000E+02  1.10000E-01  0.00000E+00  0.00000E+00  0.00000E+00  0.00000E+00
 ***** DATA CARD NO.  4   TL   0    21     0    26 -3.00000E+02  1.10000E-01  0.00000E+00  0.00000E+00  0.00000E+00  0.00000E+00
 ***** DATA CARD NO.  5   TL   0    61     0    66 -3.00000E+02  1.10000E-01  0.00000E+00  0.00000E+00  0.00000E+00  0.00000E+00
 ***** DATA CARD NO.  6   EX   0     0     1     0  1.00000E+00  0.00000E+00  0.00000E+00  0.00000E+00  0.00000E+00  0.00000E+00
 ***** DATA CARD NO.  7   EX   0     0    41     0 -1.00000E+00  0.00000E+00  0.00000E+00  0.00000E+00  0.00000E+00  0.00000E+00
 ***** DATA CARD NO.  8   EX   0     0    21     0  1.00000E+00  0.00000E+00  0.00000E+00  0.00000E+00  0.00000E+00  0.00000E+00
 ***** DATA CARD NO.  9   EX   0     0    61     0 -1.00000E+00  0.00000E+00  0.00000E+00  0.00000E+00  0.00000E+00  0.00000E+00
 ***** DATA CARD NO. 10   LD   5     0     0     0  3.72000E+07  0.00000E+00  0.00000E+00  0.00000E+00  0.00000E+00  0.00000E+00
 ***** DATA CARD NO. 11   PT  -1     0     0     0  0.00000E+00  0.00000E+00  0.00000E+00  0.00000E+00  0.00000E+00  0.00000E+00
 ***** DATA CARD NO. 12   RP   0    37    73  1003 -1.80000E+02  0.00000E+00  5.00000E+00  5.00000E+00  0.00000E+00  0.00000E+00




                                 - - - - - - FREQUENCY - - - - - -

                                    FREQUENCY= 1.2960E+03 MHZ
                                    WAVELENGTH= 2.3133E-01 METERS




                    APPROXIMATE INTEGRATION EMPLOYED FOR SEGMENTS MORE THAN   1.000 WAVELENGTHS APART



                               - - - STRUCTURE IMPEDANCE LOADING - - -


       LOCATION          RESISTANCE   INDUCTANCE  CAPACITANCE       IMPEDANCE (OHMS)     CONDUCTIVITY    TYPE
    ITAG FROM THRU          OHMS        HENRYS       FARADS        REAL      IMAGINARY    MHOS/METER

     ALL                                                                                 3.7200E+07     WIRE  



                                  - - - ANTENNA ENVIRONMENT - - -

                                            FREE SPACE



                                - - - MATRIX TIMING - - -

                        FILL=    0.016 SEC.,  FACTOR=    0.000 SEC.



                                            - - - NETWORK DATA - - -

      - FROM -    - TO -           TRANSMISSION LINE               -  -  SHUNT ADMITTANCES (MHOS)  -  -              LINE
      TAG  SEG.   TAG  SEG.      IMPEDANCE      LENGTH            - END ONE -                 - END TWO -            TYPE
      NO.   NO.   NO.   NO.         OHMS        METERS         REAL          IMAG.         REAL          IMAG.
        1     1     2     6     3.0000E+02    1.1000E-01    0.0000E+00    0.0000E+00    0.0000E+00    0.0000E+00   CROSSED 
       57    41    58    46     3.0000E+02    1.1000E-01    0.0000E+00    0.0000E+00    0.0000E+00    0.0000E+00   CROSSED 
       29    21    30    26     3.0000E+02    1.1000E-01    0.0000E+00    0.0000E+00    0.0000E+00    0.0000E+00   CROSSED 
       85    61    86    66     3.0000E+02    1.1000E-01    0.0000E+00    0.0000E+00    0.0000E+00    0.0000E+00   CROSSED 



                           - - - STRUCTURE EXCITATION DATA AT NETWORK CONNECTION POINTS - - -

   TAG   SEG.    VOLTAGE (VOLTS)         CURRENT (AMPS)         IMPEDANCE (OHMS)        ADMITTANCE (MHOS)      POWER
   NO.   NO.    REAL        IMAG.       REAL        IMAG.       REAL        IMAG.       REAL        IMAG.     (WATTS)
     2     6 1.02326E+00 1.01413E-01 2.18015E-03-2.43193E-04 4.58461E+02 9.76576E+01 2.08654E-03-4.44456E-04 1.10310E-03
    58    46-1.02326E+00-1.01413E-01-2.18015E-03 2.43193E-04 4.58461E+02 9.76576E+01 2.08654E-03-4.44456E-04 1.10310E-03
    30    26 1.02326E+00 1.01413E-01 2.18015E-03-2.43193E-04 4.58461E+02 9.76576E+01 2.08654E-03-4.44456E-04 1.10310E-03
    86    66-1.02326E+00-1.01413E-01-2.18015E-03 2.43193E-04 4.58461E+02 9.76576E+01 2.08654E-03-4.44456E-04 1.10310E-03
     1     1 1.00000E+00 0.00000E+00 1.76176E-03 6.81117E-04 4.93806E+02-1.90912E+02 1.76176E-03 6.81117E-04 8.80879E-04
    57    41-1.00000E+00 0.00000E+00-1.76176E-03-6.81117E-04 4.93806E+02-1.90912E+02 1.76176E-03 6.81117E-04 8.80879E-04
    29    21 1.00000E+00 0.00000E+00 1.76176E-03 6.81117E-04 4.93806E+02-1.90912E+02 1.76176E-03 6.81117E-04 8.80879E-04
    85    61-1.00000E+00 0.00000E+00-1.76176E-03-6.81117E-04 4.93806E+02-1.90912E+02 1.76176E-03 6.81117E-04 8.80879E-04



                                          - - - ANTENNA INPUT PARAMETERS - - -

   TAG   SEG.    VOLTAGE (VOLTS)         CURRENT (AMPS)         IMPEDANCE (OHMS)        ADMITTANCE (MHOS)      POWER
   NO.   NO.    REAL        IMAG.       REAL        IMAG.       REAL        IMAG.       REAL        IMAG.     (WATTS)
     1     1 1.00000E+00 0.00000E+00 3.96796E-03-8.18349E-05 2.51912E+02 5.19541E+00 3.96796E-03-8.18349E-05 1.98398E-03
    57    41-1.00000E+00 0.00000E+00-3.96796E-03 8.18349E-05 2.51912E+02 5.19541E+00 3.96796E-03-8.18349E-05 1.98398E-03
    29    21 1.00000E+00 0.00000E+00 3.96796E-03-8.18349E-05 2.51912E+02 5.19541E+00 3.96796E-03-8.18349E-05 1.98398E-03
    85    61-1.00000E+00 0.00000E+00-3.96796E-03 8.18349E-05 2.51912E+02 5.19541E+00 3.96796E-03-8.18349E-05 1.98398E-03




                                         - - - - SURFACE PATCH CURRENTS - - - -

                                                  DISTANCE IN WAVELENGTHS
                                                  CURRENT IN AMPS/METER

                            - - SURFACE COMPONENTS - -                   - - - RECTANGULAR COMPONENTS - - -
      PATCH CENTER      TANGENT VECTOR 1   TANGENT VECTOR 2           X                   Y                   Z
     X      Y      Z     MAG.       PHASE   MAG.       PHASE    REAL      IMAG.     REAL      IMAG.     REAL      IMAG. 
    1
   0.081  0.068  0.000 3.1117E-02  107.29 0.0000E+00    0.00 -9.25E-03  2.97E-02  0.00E+00  0.00E+00  0.00E+00  0.00E+00
    2
   0.243  0.068  0.000 2.9675E-02  100.33 0.0000E+00    0.00 -5.32E-03  2.92E-02  0.00E+00  0.00E+00  0.00E+00  0.00E+00
    3
   0.405  0.068  0.000 2.2801E-02   85.69 0.0000E+00    0.00  1.71E-03  2.27E-02  0.00E+00  0.00E+00  0.00E+00  0.00E+00
    4
   0.567  0.068  0.000 1.4659E-02   60.29 0.0000E+00    0.00  7.26E-03  1.27E-02  0.00E+00  0.00E+00  0.00E+00  0.00E+00
    5
   0.081  0.203  0.000 3.4555E-02  111.42 0.0000E+00    0.00 -1.26E-02  3.22E-02  0.00E+00  0.00E+00  0.00E+00  0.00E+00
    6
   0.243  0.203  0.000 3.4361E-02  104.77 0.0000E+00    0.00 -8.76E-03  3.32E-02  0.00E+00  0.00E+00  0.00E+00  0.00E+00
    7
   0.405  0.203  0.000 2.5276E-02   90.45 0.0000E+00    0.00 -2.00E-04  2.53E-02  0.00E+00  0.00E+00  0.00E+00  0.00E+00
    8
   0.567  0.203  0.000 1.5009E-02   64.21 0.0000E+00    0.00  6.53E-03  1.35E-02  0.00E+00  0.00E+00  0.00E+00  0.00E+00
    9
   0.081  0.338  0.000 3.4655E-02  111.35 0.0000E+00    0.00 -1.26E-02  3.23E-02  0.00E+00  0.00E+00  0.00E+00  0.00E+00
   10
   0.243  0.338  0.000 3.4120E-02  105.03 0.0000E+00    0.00 -8.85E-03  3.30E-02  0.00E+00  0.00E+00  0.00E+00  0.00E+00
   11
   0.405  0.338  0.000 2.5256E-02   91.56 0.0000E+00    0.00 -6.85E-04  2.52E-02  0.00E+00  0.00E+00  0.00E+00  0.00E+00
   12
   0.567  0.338  0.000 1.5017E-02   67.10 0.0000E+00    0.00  5.84E-03  1.38E-02  0.00E+00  0.00E+00  0.00E+00  0.00E+00
   13
   0.081  0.473  0.000 3.3200E-02  108.80 0.0000E+00    0.00 -1.07E-02  3.14E-02  0.00E+00  0.00E+00  0.00E+00  0.00E+00
   14
   0.243  0.473  0.000 3.1370E-02  103.06 0.0000E+00    0.00 -7.09E-03  3.06E-02  0.00E+00  0.00E+00  0.00E+00  0.00E+00
   15
   0.405  0.473  0.000 2.3848E-02   90.90 0.0000E+00    0.00 -3.73E-04  2.38E-02  0.00E+00  0.00E+00  0.00E+00  0.00E+00
   16
   0.567  0.473  0.000 1.4768E-02   69.32 0.0000E+00    0.00  5.22E-03  1.38E-02  0.00E+00  0.00E+00  0.00E+00  0.00E+00
   17
   0.081  0.608  0.000 3.6562E-02  110.59 0.0000E+00    0.00 -1.29E-02  3.42E-02  0.00E+00  0.00E+00  0.00E+00  0.00E+00
   18
   0.243  0.608  0.000 3.5011E-02  105.87 0.0000E+00    0.00 -9.57E-03  3.37E-02  0.00E+00  0.00E+00  0.00E+00  0.00E+00
   19
   0.405  0.608  0.000 2.5672E-02   94.78 0.0000E+00    0.00 -2.14E-03  2.56E-02  0.00E+00  0.00E+00  0.00E+00  0.00E+00
   20
   0.567  0.608  0.000 1.4891E-02   73.71 0.0000E+00    0.00  4.18E-03  1.43E-02  0.00E+00  0.00E+00  0.00E+00  0.00E+00
   21
   0.081  0.743  0.000 4.0173E-02  113.27 0.0000E+00    0.00 -1.59E-02  3.69E-02  0.00E+00  0.00E+00  0.00E+00  0.00E+00
   22
   0.243  0.743  0.000 4.0121E-02  109.19 0.0000E+00    0.00 -1.32E-02  3.79E-02  0.00E+00  0.00E+00  0.00E+00  0.00E+00
   23
   0.405  0.743  0.000 2.7851E-02   98.69 0.0000E+00    0.00 -4.21E-03  2.75E-02  0.00E+00  0.00E+00  0.00E+00  0.00E+00
   24
   0.567  0.743  0.000 1.4543E-02   76.87 0.0000E+00    0.00  3.30E-03  1.42E-02  0.00E+00  0.00E+00  0.00E+00  0.00E+00
   25
   0.081  0.878  0.000 3.2442E-02  109.58 0.0000E+00    0.00 -1.09E-02  3.06E-02  0.00E+00  0.00E+00  0.00E+00  0.00E+00
   26
   0.243  0.878  0.000 3.1834E-02  105.75 0.0000E+00    0.00 -8.64E-03  3.06E-02  0.00E+00  0.00E+00  0.00E+00  0.00E+00
   27
   0.405  0.878  0.000 2.2493E-02   95.08 0.0000E+00    0.00 -1.99E-03  2.24E-02  0.00E+00  0.00E+00  0.00E+00  0.00E+00
   28
   0.567  0.878  0.000 1.2151E-02   72.98 0.0000E+00    0.00  3.56E-03  1.16E-02  0.00E+00  0.00E+00  0.00E+00  0.00E+00
   29
   0.081  1.013  0.000 2.0145E-02   98.19 0.0000E+00    0.00 -2.87E-03  1.99E-02  0.00E+00  0.00E+00  0.00E+00  0.00E+00
   30
   0.243  1.013  0.000 1.8876E-02   94.02 0.0000E+00    0.00 -1.32E-03  1.88E-02  0.00E+00  0.00E+00  0.00E+00  0.00E+00
   31
   0.405  1.013  0.000 1.4160E-02   82.58 0.0000E+00    0.00  1.83E-03  1.40E-02  0.00E+00  0.00E+00  0.00E+00  0.00E+00
   32
   0.567  1.013  0.000 8.7011E-03   60.49 0.0000E+00    0.00  4.29E-03  7.57E-03  0.00E+00  0.00E+00  0.00E+00  0.00E+00
   33
   0.081 -0.068  0.000 3.1117E-02  107.29 0.0000E+00    0.00 -9.25E-03  2.97E-02  0.00E+00  0.00E+00  0.00E+00  0.00E+00
   34
   0.243 -0.068  0.000 2.9675E-02  100.33 0.0000E+00    0.00 -5.32E-03  2.92E-02  0.00E+00  0.00E+00  0.00E+00  0.00E+00
   35
   0.405 -0.068  0.000 2.2801E-02   85.69 0.0000E+00    0.00  1.71E-03  2.27E-02  0.00E+00  0.00E+00  0.00E+00  0.00E+00
   36
   0.567 -0.068  0.000 1.4659E-02   60.29 0.0000E+00    0.00  7.26E-03  1.27E-02  0.00E+00  0.00E+00  0.00E+00  0.00E+00
   37
   0.081 -0.203  0.000 3.4555E-02  111.42 0.0000E+00    0.00 -1.26E-02  3.22E-02  0.00E+00  0.00E+00  0.00E+00  0.00E+00
   38
   0.243 -0.203  0.000 3.4361E-02  104.77 0.0000E+00    0.00 -8.76E-03  3.32E-02  0.00E+00  0.00E+00  0.00E+00  0.00E+00
   39
   0.405 -0.203  0.000 2.5276E-02   90.45 0.0000E+00    0.00 -2.00E-04  2.53E-02  0.00E+00  0.00E+00  0.00E+00  0.00E+00
   40
   0.567 -0.203  0.000 1.5009E-02   64.21 0.0000E+00    0.00  6.53E-03  1.35E-02  0.00E+00  0.00E+00  0.00E+00  0.00E+00
   41
   0.081 -0.338  0.000 3.4655E-02  111.35 0.0000E+00    0.00 -1.26E-02  3.23E-02  0.00E+00  0.00E+00  0.00E+00  0.00E+00
   42
   0.243 -0.338  0.000 3.4120E-02  105.03 0.0000E+00    0.00 -8.85E-03  3.30E-02  0.00E+00  0.00E+00  0.00E+00  0.00E+00
   43
   0.405 -0.338  0.000 2.5256E-02   91.56 0.0000E+00    0.00 -6.85E-04  2.52E-02  0.00E+00  0.00E+00  0.00E+00  0.00E+00
   44
   0.567 -0.338  0.000 1.5017E-02   67.10 0.0000E+00    0.00  5.84E-03  1.38E-02  0.00E+00  0.00E+00  0.00E+00  0.00E+00
   45
   0.081 -0.473  0.000 3.3200E-02  108.80 0.0000E+00    0.00 -1.07E-02  3.14E-02  0.00E+00  0.00E+00  0.00E+00  0.00E+00
   46
   0.243 -0.473  0.000 3.1370E-02  103.06 0.0000E+00    0.00 -7.09E-03  3.06E-02  0.00E+00  0.00E+00  0.00E+00  0.00E+00
   47
   0.405 -0.473  0.000 2.3848E-02   90.90 0.0000E+00    0.00 -3.73E-04  2.38E-02  0.00E+00  0.00E+00  0.00E+00  0.00E+00
   48
   0.567 -0.473  0.000 1.4768E-02   69.32 0.0000E+00    0.00  5.22E-03  1.38E-02  0.00E+00  0.00E+00  0.00E+00  0.00E+00
   49
   0.081 -0.608  0.000 3.6562E-02  110.59 0.0000E+00    0.00 -1.29E-02  3.42E-02  0.00E+00  0.00E+00  0.00E+00  0.00E+00
   50
   0.243 -0.608  0.000 3.5011E-02  105.87 0.0000E+00    0.00 -9.57E-03  3.37E-02  0.00E+00  0.00E+00  0.00E+00  0.00E+00
   51
   0.405 -0.608  0.000 2.5672E-02   94.78 0.0000E+00    0.00 -2.14E-03  2.56E-02  0.00E+00  0.00E+00  0.00E+00  0.00E+00
   52
   0.567 -0.608  0.000 1.4891E-02   73.71 0.0000E+00    0.00  4.18E-03  1.43E-02  0.00E+00  0.00E+00  0.00E+00  0.00E+00
   53
   0.081 -0.743  0.000 4.0173E-02  113.27 0.0000E+00    0.00 -1.59E-02  3.69E-02  0.00E+00  0.00E+00  0.00E+00  0.00E+00
   54
   0.243 -0.743  0.000 4.0121E-02  109.19 0.0000E+00    0.00 -1.32E-02  3.79E-02  0.00E+00  0.00E+00  0.00E+00  0.00E+00
   55
   0.405 -0.743  0.000 2.7851E-02   98.69 0.0000E+00    0.00 -4.21E-03  2.75E-02  0.00E+00  0.00E+00  0.00E+00  0.00E+00
   56
   0.567 -0.743  0.000 1.4543E-02   76.87 0.0000E+00    0.00  3.30E-03  1.42E-02  0.00E+00  0.00E+00  0.00E+00  0.00E+00
   57
   0.081 -0.878  0.000 3.2442E-02  109.58 0.0000E+00    0.00 -1.09E-02  3.06E-02  0.00E+00  0.00E+00  0.00E+00  0.00E+00
   58
   0.243 -0.878  0.000 3.1834E-02  105.75 0.0000E+00    0.00 -8.64E-03  3.06E-02  0.00E+00  0.00E+00  0.00E+00  0.00E+00
   59
   0.405 -0.878  0.000 2.2493E-02   95.08 0.0000E+00    0.00 -1.99E-03  2.24E-02  0.00E+00  0.00E+00  0.00E+00  0.00E+00
   60
   0.567 -0.878  0.000 1.2151E-02   72.98 0.0000E+00    0.00  3.56E-03  1.16E-02  0.00E+00  0.00E+00  0.00E+00  0.00E+00
   61
   0.081 -1.013  0.000 2.0145E-02   98.19 0.0000E+00    0.00 -2.87E-03  1.99E-02  0.00E+00  0.00E+00  0.00E+00  0.00E+00
   62
   0.243 -1.013  0.000 1.8876E-02   94.02 0.0000E+00    0.00 -1.32E-03  1.88E-02  0.00E+00  0.00E+00  0.00E+00  0.00E+00
   63
   0.405 -1.013  0.000 1.4160E-02   82.58 0.0000E+00    0.00  1.83E-03  1.40E-02  0.00E+00  0.00E+00  0.00E+00  0.00E+00
   64
   0.567 -1.013  0.000 8.7011E-03   60.49 0.0000E+00    0.00  4.29E-03  7.57E-03  0.00E+00  0.00E+00  0.00E+00  0.00E+00
   65
  -0.081  0.068  0.000 3.1117E-02  -72.71 0.0000E+00    0.00 -9.25E-03  2.97E-02  0.00E+00  0.00E+00  0.00E+00  0.00E+00
   66
  -0.243  0.068  0.000 2.9675E-02  -79.67 0.0000E+00    0.00 -5.32E-03  2.92E-02  0.00E+00  0.00E+00  0.00E+00  0.00E+00
   67
  -0.405  0.068  0.000 2.2801E-02  -94.31 0.0000E+00    0.00  1.71E-03  2.27E-02  0.00E+00  0.00E+00  0.00E+00  0.00E+00
   68
  -0.567  0.068  0.000 1.4659E-02 -119.71 0.0000E+00    0.00  7.26E-03  1.27E-02  0.00E+00  0.00E+00  0.00E+00  0.00E+00
   69
  -0.081  0.203  0.000 3.4555E-02  -68.58 0.0000E+00    0.00 -1.26E-02  3.22E-02  0.00E+00  0.00E+00  0.00E+00  0.00E+00
   70
  -0.243  0.203  0.000 3.4361E-02  -75.23 0.0000E+00    0.00 -8.76E-03  3.32E-02  0.00E+00  0.00E+00  0.00E+00  0.00E+00
   71
  -0.405  0.203  0.000 2.5276E-02  -89.55 0.0000E+00    0.00 -2.00E-04  2.53E-02  0.00E+00  0.00E+00  0.00E+00  0.00E+00
   72
  -0.567  0.203  0.000 1.5009E-02 -115.79 0.0000E+00    0.00  6.53E-03  1.35E-02  0.00E+00  0.00E+00  0.00E+00  0.00E+00
   73
  -0.081  0.338  0.000 3.4655E-02  -68.65 0.0000E+00    0.00 -1.26E-02  3.23E-02  0.00E+00  0.00E+00  0.00E+00  0.00E+00
   74
  -0.243  0.338  0.000 3.4120E-02  -74.97 0.0000E+00    0.00 -8.85E-03  3.30E-02  0.00E+00  0.00E+00  0.00E+00  0.00E+00
   75
  -0.405  0.338  0.000 2.5256E-02  -88.44 0.0000E+00    0.00 -6.85E-04  2.52E-02  0.00E+00  0.00E+00  0.00E+00  0.00E+00
   76
  -0.567  0.338  0.000 1.5017E-02 -112.90 0.0000E+00    0.00  5.84E-03  1.38E-02  0.00E+00  0.00E+00  0.00E+00  0.00E+00
   77
  -0.081  0.473  0.000 3.3200E-02  -71.20 0.0000E+00    0.00 -1.07E-02  3.14E-02  0.00E+00  0.00E+00  0.00E+00  0.00E+00
   78
  -0.243  0.473  0.000 3.1370E-02  -76.94 0.0000E+00    0.00 -7.09E-03  3.06E-02  0.00E+00  0.00E+00  0.00E+00  0.00E+00
   79
  -0.405  0.473  0.000 2.3848E-02  -89.10 0.0000E+00    0.00 -3.73E-04  2.38E-02  0.00E+00  0.00E+00  0.00E+00  0.00E+00
   80
  -0.567  0.473  0.000 1.4768E-02 -110.68 0.0000E+00    0.00  5.22E-03  1.38E-02  0.00E+00  0.00E+00  0.00E+00  0.00E+00
   81
  -0.081  0.608  0.000 3.6562E-02  -69.41 0.0000E+00    0.00 -1.29E-02  3.42E-02  0.00E+00  0.00E+00  0.00E+00  0.00E+00
   82
  -0.243  0.608  0.000 3.5011E-02  -74.13 0.0000E+00    0.00 -9.57E-03  3.37E-02  0.00E+00  0.00E+00  0.00E+00  0.00E+00
   83
  -0.405  0.608  0.000 2.5672E-02  -85.22 0.0000E+00    0.00 -2.14E-03  2.56E-02  0.00E+00  0.00E+00  0.00E+00  0.00E+00
   84
  -0.567  0.608  0.000 1.4891E-02 -106.29 0.0000E+00    0.00  4.18E-03  1.43E-02  0.00E+00  0.00E+00  0.00E+00  0.00E+00
   85
  -0.081  0.743  0.000 4.0173E-02  -66.73 0.0000E+00    0.00 -1.59E-02  3.69E-02  0.00E+00  0.00E+00  0.00E+00  0.00E+00
   86
  -0.243  0.743  0.000 4.0121E-02  -70.81 0.0000E+00    0.00 -1.32E-02  3.79E-02  0.00E+00  0.00E+00  0.00E+00  0.00E+00
   87
  -0.405  0.743  0.000 2.7851E-02  -81.31 0.0000E+00    0.00 -4.21E-03  2.75E-02  0.00E+00  0.00E+00  0.00E+00  0.00E+00
   88
  -0.567  0.743  0.000 1.4543E-02 -103.13 0.0000E+00    0.00  3.30E-03  1.42E-02  0.00E+00  0.00E+00  0.00E+00  0.00E+00
   89
  -0.081  0.878  0.000 3.2442E-02  -70.42 0.0000E+00    0.00 -1.09E-02  3.06E-02  0.00E+00  0.00E+00  0.00E+00  0.00E+00
   90
  -0.243  0.878  0.000 3.1834E-02  -74.25 0.0000E+00    0.00 -8.64E-03  3.06E-02  0.00E+00  0.00E+00  0.00E+00  0.00E+00
   91
  -0.405  0.878  0.000 2.2493E-02  -84.92 0.0000E+00    0.00 -1.99E-03  2.24E-02  0.00E+00  0.00E+00  0.00E+00  0.00E+00
   92
  -0.567  0.878  0.000 1.2151E-02 -107.02 0.0000E+00    0.00  3.56E-03  1.16E-02  0.00E+00  0.00E+00  0.00E+00  0.00E+00
   93
  -0.081  1.013  0.000 2.0145E-02  -81.81 0.0000E+00    0.00 -2.87E-03  1.99E-02  0.00E+00  0.00E+00  0.00E+00  0.00E+00
   94
  -0.243  1.013  0.000 1.8876E-02  -85.98 0.0000E+00    0.00 -1.32E-03  1.88E-02  0.00E+00  0.00E+00  0.00E+00  0.00E+00
   95
  -0.405  1.013  0.000 1.4160E-02  -97.42 0.0000E+00    0.00  1.83E-03  1.40E-02  0.00E+00  0.00E+00  0.00E+00  0.00E+00
   96
  -0.567  1.013  0.000 8.7011E-03 -119.51 0.0000E+00    0.00  4.29E-03  7.57E-03  0.00E+00  0.00E+00  0.00E+00  0.00E+00
   97
  -0.081 -0.068  0.000 3.1117E-02  -72.71 0.0000E+00    0.00 -9.25E-03  2.97E-02  0.00E+00  0.00E+00  0.00E+00  0.00E+00
   98
  -0.243 -0.068  0.000 2.9675E-02  -79.67 0.0000E+00    0.00 -5.32E-03  2.92E-02  0.00E+00  0.00E+00  0.00E+00  0.00E+00
   99
  -0.405 -0.068  0.000 2.2801E-02  -94.31 0.0000E+00    0.00  1.71E-03  2.27E-02  0.00E+00  0.00E+00  0.00E+00  0.00E+00
  100
  -0.567 -0.068  0.000 1.4659E-02 -119.71 0.0000E+00    0.00  7.26E-03  1.27E-02  0.00E+00  0.00E+00  0.00E+00  0.00E+00
  101
  -0.081 -0.203  0.000 3.4555E-02  -68.58 0.0000E+00    0.00 -1.26E-02  3.22E-02  0.00E+00  0.00E+00  0.00E+00  0.00E+00
  102
  -0.243 -0.203  0.000 3.4361E-02  -75.23 0.0000E+00    0.00 -8.76E-03  3.32E-02  0.00E+00  0.00E+00  0.00E+00  0.00E+00
  103
  -0.405 -0.203  0.000 2.5276E-02  -89.55 0.0000E+00    0.00 -2.00E-04  2.53E-02  0.00E+00  0.00E+00  0.00E+00  0.00E+00
  104
  -0.567 -0.203  0.000 1.5009E-02 -115.79 0.0000E+00    0.00  6.53E-03  1.35E-02  0.00E+00  0.00E+00  0.00E+00  0.00E+00
  105
  -0.081 -0.338  0.000 3.4655E-02  -68.65 0.0000E+00    0.00 -1.26E-02  3.23E-02  0.00E+00  0.00E+00  0.00E+00  0.00E+00
  106
  -0.243 -0.338  0.000 3.4120E-02  -74.97 0.0000E+00    0.00 -8.85E-03  3.30E-02  0.00E+00  0.00E+00  0.00E+00  0.00E+00
  107
  -0.405 -0.338  0.000 2.5256E-02  -88.44 0.0000E+00    0.00 -6.85E-04  2.52E-02  0.00E+00  0.00E+00  0.00E+00  0.00E+00
  108
  -0.567 -0.338  0.000 1.5017E-02 -112.90 0.0000E+00    0.00  5.84E-03  1.38E-02  0.00E+00  0.00E+00  0.00E+00  0.00E+00
  109
  -0.081 -0.473  0.000 3.3200E-02  -71.20 0.0000E+00    0.00 -1.07E-02  3.14E-02  0.00E+00  0.00E+00  0.00E+00  0.00E+00
  110
  -0.243 -0.473  0.000 3.1370E-02  -76.94 0.0000E+00    0.00 -7.09E-03  3.06E-02  0.00E+00  0.00E+00  0.00E+00  0.00E+00
  111
  -0.405 -0.473  0.000 2.3848E-02  -89.10 0.0000E+00    0.00 -3.73E-04  2.38E-02  0.00E+00  0.00E+00  0.00E+00  0.00E+00
  112
  -0.567 -0.473  0.000 1.4768E-02 -110.68 0.0000E+00    0.00  5.22E-03  1.38E-02  0.00E+00  0.00E+00  0.00E+00  0.00E+00
  113
  -0.081 -0.608  0.000 3.6562E-02  -69.41 0.0000E+00    0.00 -1.29E-02  3.42E-02  0.00E+00  0.00E+00  0.00E+00  0.00E+00
  114
  -0.243 -0.608  0.000 3.5011E-02  -74.13 0.0000E+00    0.00 -9.57E-03  3.37E-02  0.00E+00  0.00E+00  0.00E+00  0.00E+00
  115
  -0.405 -0.608  0.000 2.5672E-02  -85.22 0.0000E+00    0.00 -2.14E-03  2.56E-02  0.00E+00  0.00E+00  0.00E+00  0.00E+00
  116
  -0.567 -0.608  0.000 1.4891E-02 -106.29 0.0000E+00    0.00  4.18E-03  1.43E-02  0.00E+00  0.00E+00  0.00E+00  0.00E+00
  117
  -0.081 -0.743  0.000 4.0173E-02  -66.73 0.0000E+00    0.00 -1.59E-02  3.69E-02  0.00E+00  0.00E+00  0.00E+00  0.00E+00
  118
  -0.243 -0.743  0.000 4.0121E-02  -70.81 0.0000E+00    0.00 -1.32E-02  3.79E-02  0.00E+00  0.00E+00  0.00E+00  0.00E+00
  119
  -0.405 -0.743  0.000 2.7851E-02  -81.31 0.0000E+00    0.00 -4.21E-03  2.75E-02  0.00E+00  0.00E+00  0.00E+00  0.00E+00
  120
  -0.567 -0.743  0.000 1.4543E-02 -103.13 0.0000E+00    0.00  3.30E-03  1.42E-02  0.00E+00  0.00E+00  0.00E+00  0.00E+00
  121
  -0.081 -0.878  0.000 3.2442E-02  -70.42 0.0000E+00    0.00 -1.09E-02  3.06E-02  0.00E+00  0.00E+00  0.00E+00  0.00E+00
  122
  -0.243 -0.878  0.000 3.1834E-02  -74.25 0.0000E+00    0.00 -8.64E-03  3.06E-02  0.00E+00  0.00E+00  0.00E+00  0.00E+00
  123
  -0.405 -0.878  0.000 2.2493E-02  -84.92 0.0000E+00    0.00 -1.99E-03  2.24E-02  0.00E+00  0.00E+00  0.00E+00  0.00E+00
  124
  -0.567 -0.878  0.000 1.2151E-02 -107.02 0.0000E+00    0.00  3.56E-03  1.16E-02  0.00E+00  0.00E+00  0.00E+00  0.00E+00
  125
  -0.081 -1.013  0.000 2.0145E-02  -81.81 0.0000E+00    0.00 -2.87E-03  1.99E-02  0.00E+00  0.00E+00  0.00E+00  0.00E+00
  126
  -0.243 -1.013  0.000 1.8876E-02  -85.98 0.0000E+00    0.00 -1.32E-03  1.88E-02  0.00E+00  0.00E+00  0.00E+00  0.00E+00
  127
  -0.405 -1.013  0.000 1.4160E-02  -97.42 0.0000E+00    0.00  1.83E-03  1.40E-02  0.00E+00  0.00E+00  0.00E+00  0.00E+00
  128
  -0.567 -1.013  0.000 8.7011E-03 -119.51 0.0000E+00    0.00  4.29E-03  7.57E-03  0.00E+00  0.00E+00  0.00E+00  0.00E+00



                                        - - - POWER BUDGET - - -

                                           INPUT POWER   = 7.9359E-03 WATTS
                                           RADIATED POWER= 7.9297E-03 WATTS
                                           STRUCTURE LOSS= 6.2406E-06 WATTS
                                           NETWORK LOSS  = 2.1684E-18 WATTS
                                           EFFICIENCY    =  99.92 PERCENT



                                                - - - RADIATION PATTERNS - - -

  - - ANGLES - -           - POWER GAINS -       - - - POLARIZATION - - -    - - - E(THETA) - - -    - - - E(PHI) - - -
  THETA     PHI        VERT.   HOR.    TOTAL      AXIAL     TILT   SENSE     MAGNITUDE    PHASE      MAGNITUDE    PHASE 
 DEGREES  DEGREES       DB      DB      DB        RATIO     DEG.              VOLTS/M    DEGREES      VOLTS/M    DEGREES
 -180.00     0.00      -2.07 -999.99   -2.07    0.00000     0.00  LINEAR    5.43348E-01   -79.51    0.00000E+00     0.00
 -175.00     0.00      -2.53 -999.99   -2.53    0.00000     0.00  LINEAR    5.15719E-01   -77.67    0.00000E+00     0.00
 -170.00     0.00      -3.91 -999.99   -3.91    0.00000     0.00  LINEAR    4.39897E-01   -71.50    0.00000E+00     0.00
 -165.00     0.00      -6.22 -999.99   -6.22    0.00000     0.00  LINEAR    3.37140E-01   -58.55    0.00000E+00     0.00
 -160.00     0.00      -8.99 -999.99   -8.99    0.00000     0.00  LINEAR    2.44997E-01   -33.40    0.00000E+00     0.00
 -155.00     0.00     -10.20 -999.99  -10.20    0.00000     0.00  LINEAR    2.13208E-01     4.93    0.00000E+00     0.00
 -150.00     0.00      -9.03 -999.99   -9.03    0.00000     0.00  LINEAR    2.44002E-01    37.99    0.00000E+00     0.00
 -145.00     0.00      -7.72 -999.99   -7.72    0.00000     0.00  LINEAR    2.83706E-01    59.30    0.00000E+00     0.00
 -140.00     0.00      -7.21 -999.99   -7.21    0.00000     0.00  LINEAR    3.00921E-01    74.93    0.00000E+00     0.00
 -135.00     0.00      -7.52 -999.99   -7.52    0.00000     0.00  LINEAR    2.90198E-01    88.93    0.00000E+00     0.00
 -130.00     0.00      -8.54 -999.99   -8.54    0.00000     0.00  LINEAR    2.58058E-01   103.45    0.00000E+00     0.00
 -125.00     0.00     -10.10 -999.99  -10.10    0.00000     0.00  LINEAR    2.15632E-01   119.89    0.00000E+00     0.00
 -120.00     0.00     -11.96 -999.99  -11.96    0.00000     0.00  LINEAR    1.74048E-01   139.12    0.00000E+00     0.00
 -115.00     0.00     -13.81 -999.99  -13.81    0.00000     0.00  LINEAR    1.40672E-01   160.85    0.00000E+00     0.00
 -110.00     0.00     -15.47 -999.99  -15.47    0.00000     0.00  LINEAR    1.16256E-01  -177.03    0.00000E+00     0.00
 -105.00     0.00     -17.17 -999.99  -17.17    0.00000     0.00  LINEAR    9.55582E-02  -157.19    0.00000E+00     0.00
 -100.00     0.00     -19.64 -999.99  -19.64    0.00000     0.00  LINEAR    7.18880E-02  -140.82    0.00000E+00     0.00
  -95.00     0.00     -24.59 -999.99  -24.59    0.00000     0.00  LINEAR    4.06860E-02  -127.60    0.00000E+00     0.00
  -90.00     0.00    -999.99 -999.99 -999.99    0.00000     0.00            2.66334E-12  -116.67    0.00000E+00     0.00
  -85.00     0.00     -22.79 -999.99  -22.79    0.00000     0.00  LINEAR    5.00179E-02    72.80    0.00000E+00     0.00
  -80.00     0.00     -16.18 -999.99  -16.18    0.00000     0.00  LINEAR    1.07051E-01    81.44    0.00000E+00     0.00
  -75.00     0.00     -12.38 -999.99  -12.38    0.00000     0.00  LINEAR    1.65891E-01    89.73    0.00000E+00     0.00
  -70.00     0.00     -10.02 -999.99  -10.02    0.00000     0.00  LINEAR    2.17521E-01    98.12    0.00000E+00     0.00
  -65.00     0.00      -8.86 -999.99   -8.86    0.00000     0.00  LINEAR    2.48677E-01   107.21    0.00000E+00     0.00
  -60.00     0.00      -9.07 -999.99   -9.07    0.00000     0.00  LINEAR    2.42802E-01   118.47    0.00000E+00     0.00
  -55.00     0.00     -11.39 -999.99  -11.39    0.00000     0.00  LINEAR    1.85849E-01   137.81    0.00000E+00     0.00
  -50.00     0.00     -15.07 -999.99  -15.07    0.00000     0.00  LINEAR    1.21627E-01  -159.97    0.00000E+00     0.00
  -45.00     0.00      -7.48 -999.99   -7.48    0.00000     0.00  LINEAR    2.91499E-01   -93.76    0.00000E+00     0.00
  -40.00     0.00      -0.65 -999.99   -0.65    0.00000     0.00  LINEAR    6.39902E-01   -74.67    0.00000E+00     0.00
  -35.00     0.00       4.09 -999.99    4.09    0.00000     0.00  LINEAR    1.10466E+00   -65.36    0.00000E+00     0.00
  -30.00     0.00       7.63 -999.99    7.63    0.00000     0.00  LINEAR    1.65988E+00   -59.26    0.00000E+00     0.00
  -25.00     0.00      10.34 -999.99   10.34    0.00000     0.00  LINEAR    2.26916E+00   -54.82    0.00000E+00     0.00
  -20.00     0.00      12.42 -999.99   12.42    0.00000     0.00  LINEAR    2.88352E+00   -51.49    0.00000E+00     0.00
  -15.00     0.00      13.97 -999.99   13.97    0.00000     0.00  LINEAR    3.44599E+00   -49.04    0.00000E+00     0.00
  -10.00     0.00      15.04 -999.99   15.04    0.00000     0.00  LINEAR    3.89905E+00   -47.35    0.00000E+00     0.00
   -5.00     0.00      15.68 -999.99   15.68    0.00000     0.00  LINEAR    4.19329E+00   -46.35    0.00000E+00     0.00
    0.00     0.00      15.89 -999.99   15.89    0.00000     0.00  LINEAR    4.29530E+00   -46.02    0.00000E+00     0.00
 -180.00     5.00      -2.11  -23.27   -2.07    0.00000     5.00  LINEAR    5.41280E-01   -79.51    4.73559E-02   -79.51
 -175.00     5.00      -2.56  -23.69   -2.53    0.00000     5.02  LINEAR    5.13461E-01   -77.68    4.50936E-02   -77.68
 -170.00     5.00      -3.96  -24.99   -3.93    0.00000     5.08  LINEAR    4.37120E-01   -71.56    3.88330E-02   -71.56
 -165.00     5.00      -6.31  -27.17   -6.27    0.00000     5.18  LINEAR    3.33604E-01   -58.68    3.02162E-02   -58.68
 -160.00     5.00      -9.15  -29.77   -9.11    0.00000     5.32  LINEAR    2.40502E-01   -33.47    2.23916E-02   -33.47
 -155.00     5.00     -10.41  -30.72  -10.37    0.00000     5.51  LINEAR    2.08042E-01     5.36    2.00829E-02     5.36
 -150.00     5.00      -9.22  -29.13   -9.17    0.00000     5.77  LINEAR    2.38684E-01    38.79    2.41126E-02    38.79
 -145.00     5.00      -7.89  -27.32   -7.84    0.00000     6.10  LINEAR    2.78040E-01    60.15    2.96957E-02    60.15
 -140.00     5.00      -7.38  -26.23   -7.32    0.00000     6.52  LINEAR    2.94923E-01    75.76    3.36827E-02    75.76
 -135.00     5.00      -7.70  -25.85   -7.63    0.00000     7.05  LINEAR    2.84277E-01    89.74    3.51730E-02    89.74
 -130.00     5.00      -8.72  -26.04   -8.64    0.00000     7.75  LINEAR    2.52759E-01   104.22    3.44026E-02   104.22
 -125.00     5.00     -10.28  -26.61  -10.18    0.00000     8.67  LINEAR    2.11335E-01   120.56    3.22353E-02   120.56
 -120.00     5.00     -12.13  -27.27  -12.00    0.00000     9.92  LINEAR    1.70747E-01   139.59    2.98769E-02   139.59
 -115.00     5.00     -13.98  -27.66  -13.80    0.00000    11.70  LINEAR    1.37959E-01   160.99    2.85598E-02   160.99
 -110.00     5.00     -15.66  -27.51  -15.39    0.00000    14.35  LINEAR    1.13646E-01  -177.23    2.90706E-02  -177.23
 -105.00     5.00     -17.41  -26.83  -16.94    0.00000    18.68  LINEAR    9.29210E-02  -157.61    3.14101E-02  -157.61
 -100.00     5.00     -19.93  -25.88  -18.95    0.00000    26.74  LINEAR    6.95420E-02  -141.33    3.50371E-02  -141.33
  -95.00     5.00     -24.91  -24.88  -21.88    0.00000    45.11  LINEAR    3.91997E-02  -128.10    3.93495E-02  -128.10
  -90.00     5.00    -999.99  -23.93  -23.93    0.00000    90.00  LINEAR    2.55889E-12  -117.12    4.38675E-02  -117.12
  -85.00     5.00     -23.15  -23.12  -20.13    0.00000   -45.11  LINEAR    4.79727E-02    72.40    4.81559E-02  -107.60
  -80.00     5.00     -16.55  -22.51  -15.57    0.00000   -26.74  LINEAR    1.02584E-01    81.09    5.16844E-02   -98.91
  -75.00     5.00     -12.75  -22.17  -12.28    0.00000   -18.68  LINEAR    1.58942E-01    89.42    5.37272E-02   -90.58
  -70.00     5.00     -10.39  -22.23  -10.12    0.00000   -14.35  LINEAR    2.08495E-01    97.82    5.33329E-02   -82.18
  -65.00     5.00      -9.22  -22.90   -9.04    0.00000   -11.70  LINEAR    2.38526E-01   106.91    4.93787E-02   -73.09
  -60.00     5.00      -9.43  -24.57   -9.30    0.00000    -9.92  LINEAR    2.32961E-01   118.15    4.07629E-02   -61.85
  -55.00     5.00     -11.77  -28.11  -11.67    0.00000    -8.67  LINEAR    1.77852E-01   137.51    2.71280E-02   -42.49
  -50.00     5.00     -15.48  -32.80  -15.40    0.00000    -7.75  LINEAR    1.16108E-01  -159.21    1.58032E-02    20.79
  -45.00     5.00      -7.68  -25.84   -7.62    0.00000    -7.05  LINEAR    2.84770E-01   -93.22    3.52339E-02    86.78
  -40.00     5.00      -0.82  -19.67   -0.77    0.00000    -6.52  LINEAR    6.27498E-01   -74.45    7.16655E-02   105.55
  -35.00     5.00       3.94  -15.48    3.99    0.00000    -6.10  LINEAR    1.08636E+00   -65.26    1.16027E-01   114.74
  -30.00     5.00       7.51  -12.40    7.55    0.00000    -5.77  LINEAR    1.63708E+00   -59.21    1.65383E-01   120.79
  -25.00     5.00      10.25  -10.06   10.29    0.00000    -5.51  LINEAR    2.24416E+00   -54.79    2.16636E-01   125.21
  -20.00     5.00      12.35   -8.27   12.39    0.00000    -5.32  LINEAR    2.85877E+00   -51.48    2.66162E-01   128.52
  -15.00     5.00      13.91   -6.95   13.95    0.00000    -5.18  LINEAR    3.42337E+00   -49.03    3.10071E-01   130.97
  -10.00     5.00      15.00   -6.03   15.03    0.00000    -5.08  LINEAR    3.87934E+00   -47.34    3.44634E-01   132.66
   -5.00     5.00      15.64   -5.49   15.67    0.00000    -5.02  LINEAR    4.17601E+00   -46.35    3.66749E-01   133.65
    0.00     5.00      15.85   -5.31   15.89    0.00000    -5.00  LINEAR    4.27896E+00   -46.02    3.74360E-01   133.98
 -180.00    10.00      -2.21  -17.28   -2.07    0.00000    10.00  LINEAR    5.35093E-01   -79.51    9.43514E-02   -79.51
 -175.00    10.00      -2.68  -17.72   -2.55    0.00000    10.04  LINEAR    5.06724E-01   -77.73    8.96904E-02   -77.73
 -170.00    10.00      -4.13  -19.07   -3.99    0.00000    10.15  LINEAR    4.28895E-01   -71.75    7.67925E-02   -71.75
 -165.00    10.00      -6.58  -21.36   -6.44    0.00000    10.35  LINEAR    3.23215E-01   -59.07    5.90020E-02   -59.07
 -160.00    10.00      -9.64  -24.17   -9.49    0.00000    10.63  LINEAR    2.27382E-01   -33.66    4.26668E-02   -33.66
 -155.00    10.00     -11.06  -25.28  -10.90    0.00000    11.01  LINEAR    1.93135E-01     6.76    3.75755E-02     6.76
 -150.00    10.00      -9.79  -23.61   -9.61    0.00000    11.51  LINEAR    2.23574E-01    41.28    4.55208E-02    41.28
 -145.00    10.00      -8.41  -21.75   -8.21    0.00000    12.15  LINEAR    2.61975E-01    62.75    5.63916E-02    62.75
 -140.00    10.00      -7.90  -20.66   -7.67    0.00000    12.96  LINEAR    2.77828E-01    78.29    6.39500E-02    78.29
 -135.00    10.00      -8.24  -20.30   -7.97    0.00000    14.00  LINEAR    2.67256E-01    92.17    6.66439E-02    92.17
 -130.00    10.00      -9.27  -20.50   -8.95    0.00000    15.34  LINEAR    2.37317E-01   106.51    6.50999E-02   106.51
 -125.00    10.00     -10.82  -21.06  -10.43    0.00000    17.09  LINEAR    1.98537E-01   122.56    6.10336E-02   122.56
 -120.00    10.00     -12.66  -21.71  -12.15    0.00000    19.43  LINEAR    1.60621E-01   141.00    5.66436E-02   141.00
 -115.00    10.00     -14.53  -22.12  -13.83    0.00000    22.65  LINEAR    1.29489E-01   161.48    5.40260E-02   161.48
 -110.00    10.00     -16.30  -22.05  -15.28    0.00000    27.27  LINEAR    1.05622E-01  -177.72    5.44529E-02  -177.72
 -105.00    10.00     -18.18  -21.51  -16.53    0.00000    34.27  LINEAR    8.50477E-02  -158.77    5.79409E-02  -158.77
 -100.00    10.00     -20.83  -20.70  -17.75    0.00000    45.44  LINEAR    6.26887E-02  -142.76    6.36558E-02  -142.76
  -95.00    10.00     -25.91  -19.79  -18.84    0.00000    63.70  LINEAR    3.49154E-02  -129.54    7.06382E-02  -129.54
  -90.00    10.00    -999.99  -18.92  -18.92    0.00000    90.00  LINEAR    2.26039E-12  -118.46    7.80984E-02  -118.46
  -85.00    10.00     -24.28  -18.16  -17.21    0.00000   -63.70  LINEAR    4.21643E-02    71.19    8.53036E-02  -108.81
  -80.00    10.00     -17.69  -17.56  -14.62    0.00000   -45.44  LINEAR    8.99605E-02    79.98    9.13483E-02  -100.02
  -75.00    10.00     -13.89  -17.22  -12.23    0.00000   -34.27  LINEAR    1.39398E-01    88.38    9.49686E-02   -91.62
  -70.00    10.00     -11.52  -17.27  -10.49    0.00000   -27.27  LINEAR    1.83216E-01    96.80    9.44563E-02   -83.20
  -65.00    10.00     -10.32  -17.91   -9.62    0.00000   -22.65  LINEAR    2.10227E-01   105.85    8.77121E-02   -74.15
  -60.00    10.00     -10.51  -19.56  -10.00    0.00000   -19.43  LINEAR    2.05696E-01   116.99    7.25396E-02   -63.01
  -55.00    10.00     -12.92  -23.17  -12.53    0.00000   -17.09  LINEAR    1.55852E-01   136.28    4.79114E-02   -43.72
  -50.00    10.00     -16.75  -27.98  -16.43    0.00000   -15.34  LINEAR    1.00337E-01  -157.18    2.75241E-02    22.82
  -45.00    10.00      -8.33  -20.39   -8.06    0.00000   -14.00  LINEAR    2.64520E-01   -91.63    6.59619E-02    88.37
  -40.00    10.00      -1.35  -14.11   -1.12    0.00000   -12.96  LINEAR    5.90664E-01   -73.81    1.35958E-01   106.19
  -35.00    10.00       3.50   -9.84    3.70    0.00000   -12.15  LINEAR    1.03237E+00   -64.94    2.22223E-01   115.06
  -30.00    10.00       7.14   -6.68    7.32    0.00000   -11.51  LINEAR    1.56998E+00   -59.04    3.19657E-01   120.96
  -25.00    10.00       9.96   -4.26   10.12    0.00000   -11.01  LINEAR    2.17053E+00   -54.71    4.22287E-01   125.29
  -20.00    10.00      12.12   -2.41   12.27    0.00000   -10.63  LINEAR    2.78569E+00   -51.43    5.22716E-01   128.57
  -15.00    10.00      13.74   -1.03   13.89    0.00000   -10.35  LINEAR    3.35634E+00   -49.01    6.12691E-01   130.99
  -10.00    10.00      14.87   -0.07   15.01    0.00000   -10.15  LINEAR    3.82071E+00   -47.34    6.84087E-01   132.66
   -5.00    10.00      15.53    0.49   15.67    0.00000   -10.04  LINEAR    4.12439E+00   -46.35    7.30019E-01   133.65
    0.00    10.00      15.75    0.68   15.89    0.00000   -10.00  LINEAR    4.23005E+00   -46.02    7.45872E-01   133.98
 -180.00    15.00      -2.37  -13.81   -2.07    0.00000    15.00  LINEAR    5.24834E-01   -79.51    1.40629E-01   -79.51
 -175.00    15.00      -2.87  -14.28   -2.57    0.00000    15.05  LINEAR    4.95621E-01   -77.80    1.33308E-01   -77.80
 -170.00    15.00      -4.40  -15.71   -4.09    0.00000    15.22  LINEAR    4.15527E-01   -72.07    1.13058E-01   -72.07
 -165.00    15.00      -7.04  -18.18   -6.72    0.00000    15.50  LINEAR    3.06601E-01   -59.73    8.50515E-02   -59.73
 -160.00    15.00     -10.47  -21.37  -10.13    0.00000    15.92  LINEAR    2.06693E-01   -34.00    5.89376E-02   -34.00
 -155.00    15.00     -12.16  -22.74  -11.79    0.00000    16.47  LINEAR    1.70202E-01     9.39    5.03202E-02     9.39
 -150.00    15.00     -10.71  -20.90  -10.31    0.00000    17.19  LINEAR    2.01099E-01    45.77    6.22203E-02    45.77
 -145.00    15.00      -9.24  -18.94   -8.80    0.00000    18.11  LINEAR    2.38127E-01    67.27    7.78927E-02    67.27
 -140.00    15.00      -8.74  -17.87   -8.24    0.00000    19.28  LINEAR    2.52119E-01    82.58    8.81870E-02    82.58
 -135.00    15.00      -9.13  -17.56   -8.55    0.00000    20.75  LINEAR    2.41171E-01    96.25    9.13889E-02    96.25
 -130.00    15.00     -10.21  -17.81   -9.51    0.00000    22.63  LINEAR    2.13014E-01   110.30    8.87958E-02   110.30
 -125.00    15.00     -11.79  -18.40  -10.93    0.00000    25.04  LINEAR    1.77591E-01   125.85    8.29624E-02   125.85
 -120.00    15.00     -13.65  -19.07  -12.56    0.00000    28.19  LINEAR    1.43236E-01   143.38    7.67598E-02   143.38
 -115.00    15.00     -15.59  -19.55  -14.13    0.00000    32.38  LINEAR    1.14556E-01   162.50    7.26309E-02   162.50
 -110.00    15.00     -17.52  -19.64  -15.44    0.00000    38.08  LINEAR    9.18102E-02  -178.16    7.19269E-02  -178.16
 -105.00    15.00     -19.61  -19.31  -16.45    0.00000    45.99  LINEAR    7.21273E-02  -160.29    7.46717E-02  -160.29
 -100.00    15.00     -22.47  -18.71  -17.18    0.00000    57.05  LINEAR    5.18770E-02  -144.83    8.00491E-02  -144.83
  -95.00    15.00     -27.73  -17.97  -17.54    0.00000    71.98  LINEAR    2.83315E-02  -131.79    8.71015E-02  -131.79
  -90.00    15.00    -999.99  -17.22  -17.22    0.00000    90.00  LINEAR    1.80972E-12  -120.69    9.50177E-02  -120.69
  -85.00    15.00     -26.27  -16.52  -16.08    0.00000   -71.98  LINEAR    3.35088E-02    69.03    1.03019E-01  -110.97
  -80.00    15.00     -19.71  -15.94  -14.42    0.00000   -57.05  LINEAR    7.13489E-02    77.90    1.10095E-01  -102.10
  -75.00    15.00     -15.88  -15.58  -12.72    0.00000   -45.99  LINEAR    1.10849E-01    86.32    1.14759E-01   -93.68
  -70.00    15.00     -13.45  -15.57  -11.37    0.00000   -38.08  LINEAR    1.46619E-01    94.69    1.14866E-01   -85.31
  -65.00    15.00     -12.18  -16.14  -10.71    0.00000   -32.38  LINEAR    1.69672E-01   103.57    1.07575E-01   -76.43
  -60.00    15.00     -12.31  -17.73  -11.21    0.00000   -28.19  LINEAR    1.67183E-01   114.34    8.95933E-02   -65.66
  -55.00    15.00     -14.81  -21.42  -13.95    0.00000   -25.04  LINEAR    1.25372E-01   132.94    5.85684E-02   -47.06
  -50.00    15.00     -19.12  -26.72  -18.43    0.00000   -22.63  LINEAR    7.63170E-02  -155.01    3.18131E-02    24.99
  -45.00    15.00      -9.51  -17.94   -8.93    0.00000   -20.75  LINEAR    2.30770E-01   -89.00    8.74473E-02    91.00
  -40.00    15.00      -2.28  -11.40   -1.78    0.00000   -19.28  LINEAR    5.30708E-01   -72.70    1.85632E-01   107.30
  -35.00    15.00       2.74   -6.97    3.18    0.00000   -18.11  LINEAR    9.45518E-01   -64.40    3.09284E-01   115.60
  -30.00    15.00       6.53   -3.66    6.92    0.00000   -17.19  LINEAR    1.46236E+00   -58.76    4.52456E-01   121.24
  -25.00    15.00       9.47   -1.11    9.83    0.00000   -16.47  LINEAR    2.05221E+00   -54.56    6.06735E-01   125.44
  -20.00    15.00      11.75    0.85   12.09    0.00000   -15.92  LINEAR    2.66771E+00   -51.36    7.60686E-01   128.64
  -15.00    15.00      13.46    2.32   13.78    0.00000   -15.50  LINEAR    3.24739E+00   -48.98    9.00831E-01   131.02
  -10.00    15.00      14.65    3.34   14.96    0.00000   -15.22  LINEAR    3.72458E+00   -47.32    1.01339E+00   132.68
   -5.00    15.00      15.35    3.95   15.65    0.00000   -15.05  LINEAR    4.03909E+00   -46.35    1.08640E+00   133.65
    0.00    15.00      15.58    4.15   15.89    0.00000   -15.00  LINEAR    4.14894E+00   -46.02    1.11171E+00   133.98
 -180.00    20.00      -2.61  -11.39   -2.07    0.00000    20.00  LINEAR    5.10580E-01   -79.51    1.85836E-01   -79.51
 -175.00    20.00      -3.14  -11.89   -2.60    0.00000    20.07  LINEAR    4.80331E-01   -77.91    1.75494E-01   -77.91
 -170.00    20.00      -4.79  -13.43   -4.23    0.00000    20.28  LINEAR    3.97498E-01   -72.50    1.46909E-01   -72.50
 -165.00    20.00      -7.69  -16.16   -7.11    0.00000    20.65  LINEAR    2.84742E-01   -60.68    1.07294E-01   -60.68
 -160.00    20.00     -11.67  -19.90  -11.06    0.00000    21.17  LINEAR    1.80052E-01   -34.51    6.97392E-02   -34.51
 -155.00    20.00     -13.73  -21.66  -13.08    0.00000    21.88  LINEAR    1.41930E-01    13.87    5.69988E-02    13.87
 -150.00    20.00     -11.92  -19.45  -11.21    0.00000    22.80  LINEAR    1.74948E-01    52.72    7.35265E-02    52.72
 -145.00    20.00     -10.32  -17.37   -9.54    0.00000    23.96  LINEAR    2.10259E-01    73.91    9.34234E-02    73.91
 -140.00    20.00      -9.88  -16.34   -8.99    0.00000    25.41  LINEAR    2.21287E-01    88.75    1.05140E-01    88.75
 -135.00    20.00     -10.38  -16.14   -9.35    0.00000    27.24  LINEAR    2.08909E-01   102.04    1.07532E-01   102.04
 -130.00    20.00     -11.58  -16.52  -10.38    0.00000    29.52  LINEAR    1.81789E-01   115.67    1.02936E-01   115.67
 -125.00    20.00     -13.29  -17.24  -11.82    0.00000    32.40  LINEAR    1.49342E-01   130.54    9.47669E-02   130.54
 -120.00    20.00     -15.30  -18.05  -13.45    0.00000    36.05  LINEAR    1.18559E-01   146.96    8.63040E-02   146.96
 -115.00    20.00     -17.42  -18.72  -15.01    0.00000    40.74  LINEAR    9.28272E-02   164.51    7.99453E-02   164.51
 -110.00    20.00     -19.60  -19.06  -16.32    0.00000    46.78  LINEAR    7.21970E-02  -177.89    7.68304E-02  -177.89
 -105.00    20.00     -22.01  -19.05  -17.27    0.00000    54.58  LINEAR    5.47175E-02  -161.48    7.69478E-02  -161.48
 -100.00    20.00     -25.18  -18.75  -17.86    0.00000    64.49  LINEAR    3.80160E-02  -147.01    7.96824E-02  -147.01
  -95.00    20.00     -30.67  -18.25  -18.01    0.00000    76.53  LINEAR    2.02012E-02  -134.59    8.43621E-02  -134.59
  -90.00    20.00    -999.99  -17.65  -17.65    0.00000    90.00  LINEAR    1.26819E-12  -123.86    9.04463E-02  -123.86
  -85.00    20.00     -29.42  -17.00  -16.76    0.00000   -76.53  LINEAR    2.33228E-02    65.61    9.73982E-02  -114.39
  -80.00    20.00     -22.83  -16.40  -15.51    0.00000   -64.49  LINEAR    4.98165E-02    74.27    1.04416E-01  -105.73
  -75.00    20.00     -18.90  -15.94  -14.16    0.00000   -54.58  LINEAR    7.83134E-02    82.48    1.10130E-01   -97.52
  -70.00    20.00     -16.31  -15.77  -13.02    0.00000   -46.78  LINEAR    1.05533E-01    90.57    1.12306E-01   -89.43
  -65.00    20.00     -14.84  -16.14  -12.43    0.00000   -40.74  LINEAR    1.24974E-01    98.99    1.07631E-01   -81.01
  -60.00    20.00     -14.77  -17.53  -12.92    0.00000   -36.05  LINEAR    1.25983E-01   108.80    9.17084E-02   -71.20
  -55.00    20.00     -17.26  -21.22  -15.80    0.00000   -32.40  LINEAR    9.45094E-02   124.87    5.99722E-02   -55.13
  -50.00    20.00     -23.39  -28.33  -22.18    0.00000   -29.52  LINEAR    4.67006E-02  -156.66    2.64436E-02    23.34
  -45.00    20.00     -11.47  -17.24  -10.45    0.00000   -27.24  LINEAR    1.84175E-01   -85.14    9.48005E-02    94.86
  -40.00    20.00      -3.70  -10.17   -2.82    0.00000   -25.41  LINEAR    4.50291E-01   -71.05    2.13946E-01   108.95
  -35.00    20.00       1.61   -5.43    2.40    0.00000   -23.96  LINEAR    8.30615E-01   -63.60    3.69064E-01   116.40
  -30.00    20.00       5.64   -1.89    6.35    0.00000   -22.80  LINEAR    1.32036E+00   -58.36    5.54915E-01   121.64
  -25.00    20.00       8.78    0.86    9.43    0.00000   -21.88  LINEAR    1.89556E+00   -54.35    7.61249E-01   125.65
  -20.00    20.00      11.22    2.98   11.83    0.00000   -21.17  LINEAR    2.51031E+00   -51.25    9.72314E-01   128.75
  -15.00    20.00      13.05    4.58   13.63    0.00000   -20.65  LINEAR    3.10046E+00   -48.93    1.16828E+00   131.07
  -10.00    20.00      14.34    5.69   14.89    0.00000   -20.28  LINEAR    3.59327E+00   -47.31    1.32802E+00   132.69
   -5.00    20.00      15.09    6.35   15.64    0.00000   -20.07  LINEAR    3.92118E+00   -46.34    1.43265E+00   133.66
    0.00    20.00      15.35    6.57   15.89    0.00000   -20.00  LINEAR    4.03626E+00   -46.02    1.46908E+00   133.98
 -180.00    25.00      -2.93   -9.55   -2.07    0.00000    25.00  LINEAR    4.92441E-01   -79.51    2.29629E-01   -79.51
 -175.00    25.00      -3.50  -10.09   -2.64    0.00000    25.08  LINEAR    4.61096E-01   -78.04    2.15834E-01   -78.04
 -170.00    25.00      -5.28  -11.78   -4.41    0.00000    25.34  LINEAR    3.75433E-01   -73.05    1.77768E-01   -73.05
 -165.00    25.00      -8.51  -14.84   -7.60    0.00000    25.77  LINEAR    2.58881E-01   -61.94    1.24977E-01   -61.94
 -160.00    25.00     -13.28  -19.37  -12.33    0.00000    26.39  LINEAR    1.49455E-01   -35.22    7.41649E-02   -35.22
 -155.00    25.00     -15.80  -21.57  -14.78    0.00000    27.23  LINEAR    1.11843E-01    21.41    5.75447E-02    21.41
 -150.00    25.00     -13.28  -18.66  -12.17    0.00000    28.30  LINEAR    1.49536E-01    62.67    8.05173E-02    62.67
 -145.00    25.00     -11.55  -16.45  -10.33    0.00000    29.65  LINEAR    1.82456E-01    82.78    1.03865E-01    82.78
 -140.00    25.00     -11.24  -15.55   -9.87    0.00000    31.33  LINEAR    1.89043E-01    96.86    1.15074E-01    96.86
 -135.00    25.00     -11.98  -15.60  -10.41    0.00000    33.40  LINEAR    1.73658E-01   109.68    1.14520E-01   109.68
 -130.00    25.00     -13.48  -16.27  -11.64    0.00000    35.96  LINEAR    1.46120E-01   122.89    1.06002E-01   122.89
 -125.00    25.00     -15.52  -17.32  -13.32    0.00000    39.11  LINEAR    1.15501E-01   137.18    9.39007E-02   137.18
 -120.00    25.00     -17.91  -18.52  -15.19    0.00000    43.00  LINEAR    8.77256E-02   152.65    8.18143E-02   152.65
 -115.00    25.00     -20.49  -19.63  -17.03    0.00000    47.81  LINEAR    6.52211E-02   168.83    7.19636E-02   168.83
 -110.00    25.00     -23.18  -20.49  -18.62    0.00000    53.74  LINEAR    4.78086E-02  -175.27    6.51819E-02  -175.27
 -105.00    25.00     -26.13  -21.02  -19.85    0.00000    60.97  LINEAR    3.40639E-02  -160.68    6.13720E-02  -160.68
 -100.00    25.00     -29.77  -21.19  -20.63    0.00000    69.58  LINEAR    2.23939E-02  -148.05    6.01357E-02  -148.05
  -95.00    25.00     -35.61  -21.04  -20.89    0.00000    79.41  LINEAR    1.14378E-02  -137.40    6.11952E-02  -137.40
  -90.00    25.00    -999.99  -20.59  -20.59    0.00000    90.00  LINEAR    7.05464E-13  -128.33    6.44595E-02  -128.33
  -85.00    25.00     -34.46  -19.89  -19.74    0.00000   -79.41  LINEAR    1.30544E-02    59.75    6.98447E-02  -120.25
  -80.00    25.00     -27.63  -19.05  -18.48    0.00000   -69.58  LINEAR    2.86688E-02    67.34    7.69860E-02  -112.66
  -75.00    25.00     -23.31  -18.20  -17.03    0.00000   -60.97  LINEAR    4.71159E-02    74.80    8.48875E-02  -105.20
  -70.00    25.00     -20.24  -17.54  -15.68    0.00000   -53.74  LINEAR    6.71215E-02    82.29    9.15130E-02   -97.71
  -65.00    25.00     -18.23  -17.37  -14.77    0.00000   -47.81  LINEAR    8.46004E-02    89.95    9.33463E-02   -90.05
  -60.00    25.00     -17.58  -18.18  -14.86    0.00000   -43.00  LINEAR    9.11830E-02    98.13    8.50387E-02   -81.87
  -55.00    25.00     -19.50  -21.29  -17.29    0.00000   -39.11  LINEAR    7.31064E-02   108.68    5.94342E-02   -71.32
  -50.00    25.00     -31.47  -34.26  -29.64    0.00000   -35.96  LINEAR    1.84109E-02   168.29    1.33561E-02   -11.71
  -45.00    25.00     -14.71  -18.32  -13.14    0.00000   -33.40  LINEAR    1.26852E-01   -79.00    8.36533E-02   101.00
  -40.00    25.00      -5.80  -10.11   -4.43    0.00000   -31.33  LINEAR    3.53878E-01   -68.61    2.15413E-01   111.39
  -35.00    25.00       0.06   -4.84    1.28    0.00000   -29.65  LINEAR    6.94468E-01   -62.47    3.95331E-01   117.53
  -30.00    25.00       4.46   -0.92    5.56    0.00000   -28.30  LINEAR    1.15218E+00   -57.80    6.20387E-01   122.20
  -25.00    25.00       7.88    2.11    8.90    0.00000   -27.23  LINEAR    1.70884E+00   -54.07    8.79223E-01   125.93
  -20.00    25.00      10.54    4.45   11.49    0.00000   -26.39  LINEAR    2.32060E+00   -51.12    1.15156E+00   128.88
  -15.00    25.00      12.54    6.21   13.45    0.00000   -25.77  LINEAR    2.92069E+00   -48.87    1.40999E+00   131.13
  -10.00    25.00      13.93    7.44   14.81    0.00000   -25.34  LINEAR    3.42981E+00   -47.28    1.62402E+00   132.72
   -5.00    25.00      14.76    8.16   15.62    0.00000   -25.08  LINEAR    3.77211E+00   -46.34    1.76568E+00   133.66
    0.00    25.00      15.03    8.40   15.89    0.00000   -25.00  LINEAR    3.89287E+00   -46.02    1.81527E+00   133.98
 -180.00    30.00      -3.32   -8.09   -2.07    0.00000    30.00  LINEAR    4.70553E-01   -79.51    2.71674E-01   -79.51
 -175.00    30.00      -3.94   -8.68   -2.68    0.00000    30.09  LINEAR    4.38206E-01   -78.19    2.53965E-01   -78.19
 -170.00    30.00      -5.89  -10.53   -4.61    0.00000    30.38  LINEAR    3.50055E-01   -73.71    2.05222E-01   -73.71
 -165.00    30.00      -9.52  -13.99   -8.20    0.00000    30.87  LINEAR    2.30407E-01   -63.54    1.37718E-01   -63.54
 -160.00    30.00     -15.41  -19.64  -14.02    0.00000    31.57  LINEAR    1.17065E-01   -36.23    7.19254E-02   -36.23
 -155.00    30.00     -18.25  -22.17  -16.77    0.00000    32.50  LINEAR    8.43561E-02    34.24    5.37378E-02    34.24
 -150.00    30.00     -14.56  -18.08  -12.96    0.00000    33.69  LINEAR    1.29079E-01    75.69    8.60528E-02    75.69
 -145.00    30.00     -12.80  -15.83  -11.04    0.00000    35.18  LINEAR    1.58101E-01    93.68    1.11432E-01    93.68
 -140.00    30.00     -12.77  -15.23  -10.82    0.00000    37.00  LINEAR    1.58532E-01   106.88    1.19482E-01   106.88
 -135.00    30.00     -13.95  -15.71  -11.73    0.00000    39.23  LINEAR    1.38504E-01   119.50    1.13088E-01   119.50
 -130.00    30.00     -16.02  -16.95  -13.45    0.00000    41.93  LINEAR    1.09059E-01   132.92    9.79570E-02   132.92
 -125.00    30.00     -18.81  -18.75  -15.77    0.00000    45.19  LINEAR    7.91230E-02   147.73    7.96436E-02   147.73
 -120.00    30.00     -22.15  -20.90  -18.47    0.00000    49.11  LINEAR    5.38381E-02   164.03    6.21669E-02   164.03
 -115.00    30.00     -25.93  -23.22  -21.36    0.00000    53.80  LINEAR    3.48484E-02  -178.70    4.76073E-02  -178.70
 -110.00    30.00     -30.10  -25.55  -24.24    0.00000    59.36  LINEAR    2.15739E-02  -161.81    3.64181E-02  -161.81
 -105.00    30.00     -34.74  -27.77  -26.98    0.00000    65.85  LINEAR    1.26402E-02  -147.51    2.81966E-02  -147.51
 -100.00    30.00     -40.13  -29.70  -29.32    0.00000    73.26  LINEAR    6.79433E-03  -138.53    2.25900E-02  -138.53
  -95.00    30.00     -47.19  -30.76  -30.66    0.00000    81.42  LINEAR    3.01609E-03  -136.82    1.99796E-02  -136.82
  -90.00    30.00    -999.99  -30.18  -30.18    0.00000    90.00  LINEAR    1.88892E-13  -139.22    2.13694E-02  -139.22
  -85.00    30.00     -44.52  -28.09  -28.00    0.00000   -81.42  LINEAR    4.10077E-03    41.29    2.71649E-02  -138.71
  -80.00    30.00     -35.88  -25.44  -25.07    0.00000   -73.26  LINEAR    1.10853E-02    46.71    3.68567E-02  -133.29
  -75.00    30.00     -29.84  -22.87  -22.07    0.00000   -65.85  LINEAR    2.22253E-02    54.99    4.95782E-02  -125.01
  -70.00    30.00     -25.24  -20.69  -19.38    0.00000   -59.36  LINEAR    3.77479E-02    64.20    6.37207E-02  -115.80
  -65.00    30.00     -21.86  -19.15  -17.29    0.00000   -53.80  LINEAR    5.56573E-02    73.24    7.60350E-02  -106.76
  -60.00    30.00     -19.88  -18.63  -16.20    0.00000   -49.11  LINEAR    6.99675E-02    81.48    8.07915E-02   -98.52
  -55.00    30.00     -20.02  -19.96  -16.98    0.00000   -45.19  LINEAR    6.88246E-02    88.09    6.92775E-02   -91.91
  -50.00    30.00     -26.23  -27.16  -23.66    0.00000   -41.93  LINEAR    3.36745E-02    86.92    3.02463E-02   -93.08
  -45.00    30.00     -20.66  -22.42  -18.44    0.00000   -39.23  LINEAR    6.39174E-02   -64.26    5.21883E-02   115.74
  -40.00    30.00      -8.89  -11.34   -6.93    0.00000   -37.00  LINEAR    2.47985E-01   -64.59    1.86900E-01   115.41
  -35.00    30.00      -2.04   -5.08   -0.28    0.00000   -35.18  LINEAR    5.45629E-01   -60.84    3.84567E-01   119.16
  -30.00    30.00       2.94   -0.58    4.54    0.00000   -33.69  LINEAR    9.67596E-01   -57.06    6.45064E-01   122.94
  -25.00    30.00       6.76    2.84    8.24    0.00000   -32.50  LINEAR    1.50174E+00   -53.72    9.56664E-01   126.28
  -20.00    30.00       9.70    5.47   11.09    0.00000   -31.57  LINEAR    2.10686E+00   -50.96    1.29446E+00   129.04
  -15.00    30.00      11.90    7.43   13.22    0.00000   -30.87  LINEAR    2.71413E+00   -48.80    1.62228E+00   131.20
  -10.00    30.00      13.43    8.79   14.71    0.00000   -30.38  LINEAR    3.23781E+00   -47.26    1.89819E+00   132.74
   -5.00    30.00      14.34    9.60   15.59    0.00000   -30.09  LINEAR    3.59366E+00   -46.33    2.08272E+00   133.67
    0.00    30.00      14.64    9.86   15.89    0.00000   -30.00  LINEAR    3.71984E+00   -46.02    2.14765E+00   133.98
 -180.00    35.00      -3.81   -6.90   -2.07    0.00000    35.00  LINEAR    4.45085E-01   -79.51    3.11652E-01   -79.51
 -175.00    35.00      -4.48   -7.54   -2.73    0.00000    35.10  LINEAR    4.11989E-01   -78.36    2.89580E-01   -78.36
 -170.00    35.00      -6.61   -9.58   -4.84    0.00000    35.41  LINEAR    3.22131E-01   -74.46    2.29038E-01   -74.46
 -165.00    35.00     -10.72  -13.52   -8.89    0.00000    35.94  LINEAR    2.00740E-01   -65.51    1.45518E-01   -65.51
 -160.00    35.00     -18.19  -20.74  -16.27    0.00000    36.69  LINEAR    8.49949E-02   -37.74    6.33336E-02   -37.74
 -155.00    35.00     -20.52  -22.76  -18.49    0.00000    37.69  LINEAR    6.49741E-02    55.08    5.01985E-02    55.08
 -150.00    35.00     -15.48  -17.33  -13.30    0.00000    38.96  LINEAR    1.16049E-01    90.59    9.38294E-02    90.59
 -145.00    35.00     -13.92  -15.28  -11.54    0.00000    40.52  LINEAR    1.38873E-01   105.82    1.18708E-01   105.82
 -140.00    35.00     -14.38  -15.16  -11.74    0.00000    42.43  LINEAR    1.31772E-01   118.57    1.20447E-01   118.57
 -135.00    35.00     -16.25  -16.33  -13.28    0.00000    44.72  LINEAR    1.06254E-01   132.16    1.05217E-01   132.16
 -130.00    35.00     -19.32  -18.58  -15.93    0.00000    47.45  LINEAR    7.45554E-02   148.36    8.12154E-02   148.36
 -125.00    35.00     -23.56  -21.83  -19.60    0.00000    50.68  LINEAR    4.57941E-02   169.59    5.59043E-02   169.59
 -120.00    35.00     -28.77  -25.84  -24.06    0.00000    54.47  LINEAR    2.51316E-02  -159.12    3.51946E-02  -159.12
 -115.00    35.00     -33.47  -29.09  -27.74    0.00000    58.89  LINEAR    1.46253E-02  -111.02    2.42316E-02  -111.02
 -110.00    35.00     -35.25  -29.03  -28.10    0.00000    63.97  LINEAR    1.19145E-02   -59.61    2.43922E-02   -59.61
 -105.00    35.00     -36.24  -27.60  -27.04    0.00000    69.71  LINEAR    1.06339E-02   -22.61    2.87689E-02   -22.61
 -100.00    35.00     -38.69  -26.58  -26.32    0.00000    76.07  LINEAR    8.02368E-03     5.38    3.23542E-02     5.38
  -95.00    35.00     -44.30  -26.20  -26.14    0.00000    82.90  LINEAR    4.20312E-03    30.02    3.37678E-02    30.02
  -90.00    35.00    -999.99  -26.50  -26.50    0.00000    90.00  LINEAR    2.37939E-13    54.67    3.26461E-02    54.67
  -85.00    35.00     -45.54  -27.44  -27.37    0.00000   -82.90  LINEAR    3.64580E-03   -96.60    2.92903E-02    83.40
  -80.00    35.00     -40.48  -28.37  -28.11    0.00000   -76.07  LINEAR    6.52370E-03   -57.11    2.63057E-02   122.89
  -75.00    35.00     -35.64  -27.00  -26.44    0.00000   -69.71  LINEAR    1.13954E-02    -8.98    3.08291E-02   171.02
  -70.00    35.00     -29.64  -23.42  -22.49    0.00000   -63.97  LINEAR    2.27392E-02    27.38    4.65533E-02  -152.62
  -65.00    35.00     -24.48  -20.09  -18.74    0.00000   -58.89  LINEAR    4.11858E-02    49.96    6.82379E-02  -130.04
  -60.00    35.00     -20.82  -17.89  -16.10    0.00000   -54.47  LINEAR    6.27964E-02    64.87    8.79411E-02  -115.13
  -55.00    35.00     -18.95  -17.22  -14.99    0.00000   -50.68  LINEAR    7.78531E-02    74.75    9.50411E-02  -105.25
  -50.00    35.00     -19.94  -19.20  -16.55    0.00000   -47.45  LINEAR    6.94267E-02    77.85    7.56286E-02  -102.15
  -45.00    35.00     -27.81  -27.89  -24.84    0.00000   -44.72  LINEAR    2.80714E-02    24.53    2.77975E-02  -155.47
  -40.00    35.00     -13.76  -14.54  -11.12    0.00000   -42.43  LINEAR    1.41482E-01   -55.87    1.29322E-01   124.13
  -35.00    35.00      -4.87   -6.23   -2.49    0.00000   -40.52  LINEAR    3.93852E-01   -58.29    3.36663E-01   121.71
  -30.00    35.00       1.04   -0.81    3.22    0.00000   -38.96  LINEAR    7.77200E-01   -56.05    6.28389E-01   123.95
  -25.00    35.00       5.40    3.16    7.43    0.00000   -37.69  LINEAR    1.28460E+00   -53.28    9.92473E-01   126.72
  -20.00    35.00       8.70    6.14   10.62    0.00000   -36.69  LINEAR    1.87797E+00   -50.76    1.39936E+00   129.24
  -15.00    35.00      11.14    8.35   12.97    0.00000   -35.94  LINEAR    2.48729E+00   -48.72    1.80306E+00   131.28
  -10.00    35.00      12.83    9.87   14.61    0.00000   -35.41  LINEAR    3.02127E+00   -47.23    2.14815E+00   132.77
   -5.00    35.00      13.82   10.76   15.57    0.00000   -35.10  LINEAR    3.38786E+00   -46.33    2.38126E+00   133.67
    0.00    35.00      14.15   11.06   15.89    0.00000   -35.00  LINEAR    3.51851E+00   -46.02    2.46368E+00   133.98
 -180.00    40.00      -4.39   -5.91   -2.07    0.00000    40.00  LINEAR    4.16229E-01   -79.51    3.49257E-01   -79.51
 -175.00    40.00      -5.12   -6.61   -2.79    0.00000    40.11  LINEAR    3.82796E-01   -78.54    3.22431E-01   -78.54
 -170.00    40.00      -7.45   -8.84   -5.08    0.00000    40.43  LINEAR    2.92430E-01   -75.29    2.49163E-01   -75.29
 -165.00    40.00     -12.10  -13.33   -9.66    0.00000    40.98  LINEAR    1.71217E-01   -67.90    1.48736E-01   -67.90
 -160.00    40.00     -21.95  -22.93  -19.40    0.00000    41.76  LINEAR    5.51368E-02   -40.27    4.92345E-02   -40.27
 -155.00    40.00     -21.46  -22.13  -18.77    0.00000    42.79  LINEAR    5.83223E-02    81.54    5.39974E-02    81.54
 -150.00    40.00     -15.97  -16.24  -13.09    0.00000    44.10  LINEAR    1.09754E-01   105.01    1.06341E-01   105.01
 -145.00    40.00     -14.88  -14.67  -11.77    0.00000    45.69  LINEAR    1.24339E-01   117.97    1.27367E-01   117.97
 -140.00    40.00     -15.99  -15.20  -12.56    0.00000    47.61  LINEAR    1.09471E-01   131.41    1.19911E-01   131.41
 -135.00    40.00     -18.77  -17.29  -14.96    0.00000    49.88  LINEAR    7.94387E-02   148.71    9.42672E-02   148.71
 -130.00    40.00     -23.06  -20.74  -18.74    0.00000    52.55  LINEAR    4.85106E-02   175.45    6.33260E-02   175.45
 -125.00    40.00     -27.35  -24.05  -22.38    0.00000    55.64  LINEAR    2.95886E-02  -137.18    4.32859E-02  -137.18
 -120.00    40.00     -27.69  -23.19  -21.87    0.00000    59.21  LINEAR    2.84557E-02   -82.89    4.77543E-02   -82.89
 -115.00    40.00     -26.70  -20.74  -19.76    0.00000    63.27  LINEAR    3.19019E-02   -48.66    6.33406E-02   -48.66
 -110.00    40.00     -26.83  -19.04  -18.37    0.00000    67.82  LINEAR    3.14128E-02   -25.28    7.70671E-02   -25.28
 -105.00    40.00     -28.29  -18.07  -17.68    0.00000    72.86  LINEAR    2.65692E-02    -5.85    8.61380E-02    -5.85
 -100.00    40.00     -31.31  -17.63  -17.45    0.00000    78.31  LINEAR    1.87523E-02    12.02    9.06147E-02    12.02
  -95.00    40.00     -37.27  -17.60  -17.56    0.00000    84.07  LINEAR    9.44027E-03    29.32    9.08871E-02    29.32
  -90.00    40.00    -999.99  -17.98  -17.98    0.00000    90.00  LINEAR    5.29193E-13    46.76    8.70096E-02    46.76
  -85.00    40.00     -38.52  -18.85  -18.80    0.00000   -84.07  LINEAR    8.17835E-03  -114.55    7.87378E-02    65.45
  -80.00    40.00     -34.03  -20.35  -20.17    0.00000   -78.31  LINEAR    1.37137E-02   -92.05    6.62672E-02    87.95
  -75.00    40.00     -32.54  -22.32  -21.93    0.00000   -72.86  LINEAR    1.62885E-02   -59.46    5.28079E-02   120.54
  -70.00    40.00     -30.47  -22.68  -22.01    0.00000   -67.82  LINEAR    2.06571E-02   -11.16    5.06794E-02   168.84
  -65.00    40.00     -25.62  -19.67  -18.68    0.00000   -63.27  LINEAR    3.61021E-02    31.03    7.16800E-02  -148.97
  -60.00    40.00     -20.88  -16.39  -15.07    0.00000   -59.21  LINEAR    6.23116E-02    55.59    1.04571E-01  -124.41
  -55.00    40.00     -17.67  -14.36  -12.70    0.00000   -55.64  LINEAR    9.02180E-02    70.32    1.31982E-01  -109.68
  -50.00    40.00     -16.48  -14.16  -12.16    0.00000   -52.55  LINEAR    1.03505E-01    78.79    1.35116E-01  -101.21
  -45.00    40.00     -18.86  -17.37  -15.04    0.00000   -49.88  LINEAR    7.86620E-02    76.58    9.33456E-02  -103.42
  -40.00    40.00     -22.31  -21.52  -18.89    0.00000   -47.61  LINEAR    5.28437E-02   -18.80    5.78832E-02   161.20
  -35.00    40.00      -8.84   -8.63   -5.72    0.00000   -45.69  LINEAR    2.49415E-01   -53.59    2.55489E-01   126.41
  -30.00    40.00      -1.33   -1.61    1.54    0.00000   -44.10  LINEAR    5.91564E-01   -54.64    5.73171E-01   125.36
  -25.00    40.00       3.79    3.12    6.48    0.00000   -42.79  LINEAR    1.06765E+00   -52.74    9.88478E-01   127.26
  -20.00    40.00       7.54    6.55   10.08    0.00000   -41.76  LINEAR    1.64278E+00   -50.54    1.46692E+00   129.46
  -15.00    40.00      10.26    9.03   12.70    0.00000   -40.98  LINEAR    2.24679E+00   -48.62    1.95178E+00   131.38
  -10.00    40.00      12.12   10.73   14.49    0.00000   -40.43  LINEAR    2.78433E+00   -47.19    2.37238E+00   132.81
   -5.00    40.00      13.21   11.72   15.54    0.00000   -40.11  LINEAR    3.15696E+00   -46.32    2.65913E+00   133.68
    0.00    40.00      13.57   12.05   15.89    0.00000   -40.00  LINEAR    3.29039E+00   -46.02    2.76097E+00   133.98
 -180.00    45.00      -5.08   -5.08   -2.07    0.00000    45.00  LINEAR    3.84205E-01   -79.51    3.84205E-01   -79.51
 -175.00    45.00      -5.87   -5.84   -2.84    0.00000    45.11  LINEAR    3.50989E-01   -78.72    3.52330E-01   -78.72
 -170.00    45.00      -8.42   -8.29   -5.34    0.00000    45.44  LINEAR    2.61670E-01   -76.18    2.65706E-01   -76.18
 -165.00    45.00     -13.67  -13.37  -10.50    0.00000    45.99  LINEAR    1.42995E-01   -70.76    1.48039E-01   -70.76
 -160.00    45.00     -27.50  -26.96  -24.21    0.00000    46.78  LINEAR    2.90842E-02   -45.92    3.09507E-02   -45.92
 -155.00    45.00     -20.92  -20.07  -17.46    0.00000    47.81  LINEAR    6.20383E-02   103.67    6.84517E-02   103.67
 -150.00    45.00     -16.19  -14.94  -12.51    0.00000    49.11  LINEAR    1.06926E-01   117.00    1.23467E-01   117.00
 -145.00    45.00     -15.74  -14.01  -11.78    0.00000    50.68  LINEAR    1.12618E-01   128.98    1.37481E-01   128.98
 -140.00    45.00     -17.57  -15.25  -13.25    0.00000    52.55  LINEAR    9.12699E-02   144.72    1.19144E-01   144.72
 -135.00    45.00     -21.19  -18.18  -16.42    0.00000    54.74  LINEAR    6.01611E-02   170.05    8.50806E-02   170.05
 -130.00    45.00     -24.95  -21.11  -19.60    0.00000    57.27  LINEAR    3.90356E-02  -143.15    6.07287E-02  -143.15
 -125.00    45.00     -24.61  -19.78  -18.54    0.00000    60.16  LINEAR    4.05810E-02   -89.85    7.07508E-02   -89.85
 -120.00    45.00     -23.05  -17.03  -16.06    0.00000    63.43  LINEAR    4.85620E-02   -57.71    9.71239E-02   -57.71
 -115.00    45.00     -22.65  -15.17  -14.46    0.00000    67.09  LINEAR    5.08167E-02   -36.39    1.20243E-01   -36.39
 -110.00    45.00     -23.45  -14.13  -13.65    0.00000    71.12  LINEAR    4.63661E-02   -18.92    1.35565E-01   -18.92
 -105.00    45.00     -25.38  -13.64  -13.36    0.00000    75.49  LINEAR    3.71129E-02    -2.96    1.43393E-01    -2.96
 -100.00    45.00     -28.75  -13.54  -13.41    0.00000    80.15  LINEAR    2.51931E-02    12.37    1.45081E-01    12.37
  -95.00    45.00     -34.94  -13.75  -13.71    0.00000    85.02  LINEAR    1.23516E-02    27.50    1.41719E-01    27.50
  -90.00    45.00    -999.99  -14.25  -14.25    0.00000    90.00  LINEAR    6.82084E-13    42.80    1.33653E-01    42.80
  -85.00    45.00     -36.35  -15.16  -15.12    0.00000   -85.02  LINEAR    1.04992E-02  -121.06    1.20465E-01    58.94
  -80.00    45.00     -31.85  -16.64  -16.52    0.00000   -80.15  LINEAR    1.76268E-02  -102.45    1.01509E-01    77.55
  -75.00    45.00     -30.68  -18.94  -18.66    0.00000   -75.49  LINEAR    2.01656E-02   -76.77    7.79138E-02   103.23
  -70.00    45.00     -30.46  -21.14  -20.66    0.00000   -71.12  LINEAR    2.06803E-02   -32.41    6.04651E-02   147.59
  -65.00    45.00     -26.54  -19.06  -18.35    0.00000   -67.09  LINEAR    3.24822E-02    21.88    7.68595E-02  -158.12
  -60.00    45.00     -20.96  -14.94  -13.97    0.00000   -63.43  LINEAR    6.17579E-02    53.42    1.23516E-01  -126.58
  -55.00    45.00     -16.80  -11.97  -10.74    0.00000   -60.16  LINEAR    9.96917E-02    70.71    1.73807E-01  -109.29
  -50.00    45.00     -14.44  -10.60   -9.10    0.00000   -57.27  LINEAR    1.30843E-01    81.41    2.03555E-01   -98.59
  -45.00    45.00     -14.44  -11.42   -9.66    0.00000   -54.74  LINEAR    1.30907E-01    86.62    1.85130E-01   -93.38
  -40.00    45.00     -19.62  -17.31  -15.30    0.00000   -52.55  LINEAR    7.20393E-02    73.02    9.40406E-02  -106.98
  -35.00    45.00     -14.94  -13.21  -10.98    0.00000   -50.68  LINEAR    1.23483E-01   -41.37    1.50745E-01   138.63
  -30.00    45.00      -4.30   -3.05   -0.62    0.00000   -49.11  LINEAR    4.20332E-01   -52.51    4.85358E-01   127.49
  -25.00    45.00       1.92    2.77    5.38    0.00000   -47.81  LINEAR    8.60268E-01   -52.07    9.49200E-01   127.93
  -20.00    45.00       6.21    6.75    9.50    0.00000   -46.78  LINEAR    1.40949E+00   -50.28    1.49995E+00   129.72
  -15.00    45.00       9.24    9.54   12.40    0.00000   -45.99  LINEAR    1.99893E+00   -48.52    2.06944E+00   131.48
  -10.00    45.00      11.29   11.42   14.37    0.00000   -45.44  LINEAR    2.53113E+00   -47.16    2.57018E+00   132.84
   -5.00    45.00      12.48   12.52   15.51    0.00000   -45.11  LINEAR    2.90337E+00   -46.31    2.91446E+00   133.69
    0.00    45.00      12.88   12.88   15.89    0.00000   -45.00  LINEAR    3.03724E+00   -46.02    3.03724E+00   133.98
 -180.00    50.00      -5.91   -4.39   -2.07    0.00000    50.00  LINEAR    3.49257E-01   -79.51    4.16229E-01   -79.51
 -175.00    50.00      -6.76   -5.20   -2.90    0.00000    50.11  LINEAR    3.16929E-01   -78.91    3.79144E-01   -78.91
 -170.00    50.00      -9.52   -7.87   -5.60    0.00000    50.43  LINEAR    2.30481E-01   -77.11    2.78914E-01   -77.11
 -165.00    50.00     -15.41  -13.59  -11.39    0.00000    50.97  LINEAR    1.16973E-01   -74.10    1.44321E-01   -74.10
 -160.00    50.00     -37.89  -35.83  -33.73    0.00000    51.74  LINEAR    8.79285E-03   -73.09    1.11514E-02   -73.09
 -155.00    50.00     -20.05  -17.67  -15.69    0.00000    52.75  LINEAR    6.86010E-02   117.60    9.02072E-02   117.60
 -150.00    50.00     -16.43  -13.66  -11.81    0.00000    53.99  LINEAR    1.04061E-01   126.04    1.43200E-01   126.04
 -145.00    50.00     -16.63  -13.37  -11.69    0.00000    55.50  LINEAR    1.01672E-01   138.27    1.47919E-01   138.27
 -140.00    50.00     -19.13  -15.29  -13.79    0.00000    57.27  LINEAR    7.62576E-02   157.79    1.18636E-01   157.79
 -135.00    50.00     -22.95  -18.42  -17.11    0.00000    59.32  LINEAR    4.91095E-02  -165.28    8.27689E-02  -165.28
 -130.00    50.00     -23.91  -18.55  -17.44    0.00000    61.66  LINEAR    4.39771E-02  -109.44    8.15352E-02  -109.44
 -125.00    50.00     -21.95  -15.60  -14.69    0.00000    64.30  LINEAR    5.51241E-02   -71.18    1.14535E-01   -71.18
 -120.00    50.00     -20.87  -13.32  -12.62    0.00000    67.24  LINEAR    6.24338E-02   -48.37    1.48811E-01   -48.37
 -115.00    50.00     -21.03  -12.03  -11.51    0.00000    70.47  LINEAR    6.12506E-02   -31.08    1.72722E-01   -31.08
 -110.00    50.00     -22.26  -11.42  -11.07    0.00000    73.99  LINEAR    5.31740E-02   -15.87    1.85283E-01   -15.87
 -105.00    50.00     -24.53  -11.26  -11.06    0.00000    77.75  LINEAR    4.09690E-02    -1.52    1.88645E-01    -1.52
 -100.00    50.00     -28.14  -11.41  -11.32    0.00000    81.71  LINEAR    2.70157E-02    12.44    1.85410E-01    12.44
  -95.00    50.00     -34.51  -11.79  -11.77    0.00000    85.82  LINEAR    1.29761E-02    26.26    1.77434E-01    26.26
  -90.00    50.00    -999.99  -12.41  -12.41    0.00000    90.00  LINEAR    7.07988E-13    40.20    1.65330E-01    40.20
  -85.00    50.00     -36.06  -13.35  -13.32    0.00000   -85.82  LINEAR    1.08530E-02  -125.26    1.48403E-01    54.74
  -80.00    50.00     -31.56  -14.83  -14.74    0.00000   -81.71  LINEAR    1.82215E-02  -108.87    1.25055E-01    71.13
  -75.00    50.00     -30.53  -17.27  -17.07    0.00000   -77.75  LINEAR    2.05173E-02   -86.83    9.44738E-02    93.17
  -70.00    50.00     -31.39  -20.54  -20.20    0.00000   -73.99  LINEAR    1.85946E-02   -45.51    6.47921E-02   134.49
  -65.00    50.00     -28.06  -19.05  -18.54    0.00000   -70.47  LINEAR    2.72875E-02    19.49    7.69488E-02  -160.51
  -60.00    50.00     -21.43  -13.88  -13.18    0.00000   -67.24  LINEAR    5.85312E-02    55.34    1.39510E-01  -124.66
  -55.00    50.00     -16.48  -10.13   -9.23    0.00000   -64.30  LINEAR    1.03407E-01    73.08    2.14855E-01  -106.92
  -50.00    50.00     -13.37   -8.00   -6.89    0.00000   -61.66  LINEAR    1.48055E-01    84.21    2.74500E-01   -95.79
  -45.00    50.00     -12.20   -7.66   -6.35    0.00000   -59.32  LINEAR    1.69418E-01    91.28    2.85537E-01   -88.72
  -40.00    50.00     -14.16  -10.32   -8.81    0.00000   -57.27  LINEAR    1.35196E-01    92.07    2.10328E-01   -87.93
  -35.00    50.00     -23.33  -20.07  -18.39    0.00000   -55.50  LINEAR    4.70123E-02    19.89    6.83965E-02  -160.11
  -30.00    50.00      -8.10   -5.33   -3.48    0.00000   -53.99  LINEAR    2.71495E-01   -48.93    3.73609E-01   131.07
  -25.00    50.00      -0.25    2.13    4.11    0.00000   -52.75  LINEAR    6.70269E-01   -51.22    8.81373E-01   128.78
  -20.00    50.00       4.70    6.77    8.87    0.00000   -51.74  LINEAR    1.18521E+00   -50.00    1.50313E+00   130.00
  -15.00    50.00       8.08    9.91   12.10    0.00000   -50.97  LINEAR    1.74935E+00   -48.42    2.15834E+00   131.58
  -10.00    50.00      10.33   11.99   14.25    0.00000   -50.43  LINEAR    2.26555E+00   -47.13    2.74163E+00   132.87
   -5.00    50.00      11.62   13.18   15.48    0.00000   -50.11  LINEAR    2.62956E+00   -46.30    3.14575E+00   133.70
    0.00    50.00      12.05   13.57   15.89    0.00000   -50.00  LINEAR    2.76097E+00   -46.02    3.29039E+00   133.98
 -180.00    55.00      -6.90   -3.81   -2.07    0.00000    55.00  LINEAR    3.11652E-01   -79.51    4.45085E-01   -79.51
 -175.00    55.00      -7.80   -4.67   -2.95    0.00000    55.10  LINEAR    2.80965E-01   -79.10    4.02793E-01   -79.10
 -170.00    55.00     -10.78   -7.55   -5.86    0.00000    55.41  LINEAR    1.99379E-01   -78.05    2.89136E-01   -78.05
 -165.00    55.00     -17.34  -13.94  -12.30    0.00000    55.93  LINEAR    9.37458E-02   -77.94    1.38606E-01   -77.94
 -160.00    55.00     -36.25  -32.61  -31.05    0.00000    56.66  LINEAR    1.06239E-02   172.61    1.61463E-02   172.61
 -155.00    55.00     -19.52  -15.57  -14.10    0.00000    57.60  LINEAR    7.28964E-02   125.81    1.14869E-01   125.81
 -150.00    55.00     -16.87  -12.52  -11.16    0.00000    58.77  LINEAR    9.89533E-02   132.55    1.63182E-01   132.55
 -145.00    55.00     -17.67  -12.84  -11.61    0.00000    60.16  LINEAR    9.02125E-02   145.77    1.57281E-01   145.77
 -140.00    55.00     -20.72  -15.31  -14.21    0.00000    61.79  LINEAR    6.34750E-02   170.05    1.18337E-01   170.05
 -135.00    55.00     -23.88  -17.78  -16.83    0.00000    63.66  LINEAR    4.41098E-02  -142.10    8.90889E-02  -142.10
 -130.00    55.00     -22.71  -15.78  -14.98    0.00000    65.77  LINEAR    5.04891E-02   -90.76    1.12177E-01   -90.76
 -125.00    55.00     -20.80  -12.88  -12.23    0.00000    68.12  LINEAR    6.28897E-02   -61.78    1.56589E-01   -61.78
 -120.00    55.00     -20.22  -11.11  -10.60    0.00000    70.70  LINEAR    6.72323E-02   -42.84    1.92035E-01   -42.84
 -115.00    55.00     -20.83  -10.25   -9.89    0.00000    73.52  LINEAR    6.27070E-02   -27.40    2.11905E-01   -27.40
 -110.00    55.00     -22.42  -10.01   -9.77    0.00000    76.53  LINEAR    5.21918E-02   -13.32    2.17933E-01   -13.32
 -105.00    55.00     -24.99  -10.15  -10.01    0.00000    79.73  LINEAR    3.88342E-02     0.13    2.14285E-01     0.13
 -100.00    55.00     -28.84  -10.54  -10.48    0.00000    83.07  LINEAR    2.49249E-02    13.21    2.04992E-01    13.21
  -95.00    55.00     -35.37  -11.08  -11.06    0.00000    86.51  LINEAR    1.17612E-02    26.07    1.92721E-01    26.07
  -90.00    55.00    -999.99  -11.75  -11.75    0.00000    90.00  LINEAR    6.36988E-13    38.87    1.78256E-01    38.87
  -85.00    55.00     -36.96  -12.67  -12.65    0.00000   -86.51  LINEAR    9.78951E-03  -128.01    1.60412E-01    51.99
  -80.00    55.00     -32.38  -14.08  -14.02    0.00000   -83.07  LINEAR    1.65791E-02  -113.58    1.36353E-01    66.42
  -75.00    55.00     -31.36  -16.53  -16.38    0.00000   -79.73  LINEAR    1.86504E-02   -94.73    1.02912E-01    85.27
  -70.00    55.00     -33.10  -20.68  -20.44    0.00000   -76.53  LINEAR    1.52682E-02   -57.36    6.37544E-02   122.64
  -65.00    55.00     -30.40  -19.83  -19.46    0.00000   -73.52  LINEAR    2.08250E-02    20.40    7.03735E-02  -159.60
  -60.00    55.00     -22.40  -13.29  -12.78    0.00000   -70.70  LINEAR    5.23121E-02    59.09    1.49419E-01  -120.91
  -55.00    55.00     -16.74   -8.82   -8.17    0.00000   -68.12  LINEAR    1.00398E-01    76.05    2.49981E-01  -103.95
  -50.00    55.00     -13.05   -6.12   -5.32    0.00000   -65.77  LINEAR    1.53486E-01    86.78    3.41015E-01   -93.22
  -45.00    55.00     -11.17   -5.06   -4.11    0.00000   -63.66  LINEAR    1.90715E-01    94.24    3.85189E-01   -85.76
  -40.00    55.00     -11.65   -6.24   -5.14    0.00000   -61.79  LINEAR    1.80336E-01    98.13    3.36203E-01   -81.87
  -35.00    55.00     -17.85  -13.02  -11.78    0.00000   -60.16  LINEAR    8.83847E-02    86.63    1.54094E-01   -93.37
  -30.00    55.00     -13.19   -8.84   -7.48    0.00000   -58.77  LINEAR    1.51165E-01   -41.60    2.49283E-01   138.40
  -25.00    55.00      -2.74    1.21    2.68    0.00000   -57.60  LINEAR    5.03420E-01   -50.16    7.93283E-01   129.84
  -20.00    55.00       3.01    6.65    8.21    0.00000   -56.66  LINEAR    9.75475E-01   -49.69    1.48253E+00   130.31
  -15.00    55.00       6.76   10.16   11.80    0.00000   -55.93  LINEAR    1.50275E+00   -48.32    2.22186E+00   131.68
  -10.00    55.00       9.21   12.44   14.13    0.00000   -55.41  LINEAR    1.99112E+00   -47.09    2.88748E+00   132.91
   -5.00    55.00      10.60   13.73   15.45    0.00000   -55.10  LINEAR    2.33802E+00   -46.30    3.35179E+00   133.70
    0.00    55.00      11.06   14.15   15.89    0.00000   -55.00  LINEAR    2.46368E+00   -46.02    3.51851E+00   133.98
 -180.00    60.00      -8.09   -3.32   -2.07    0.00000    60.00  LINEAR    2.71674E-01   -79.51    4.70553E-01   -79.51
 -175.00    60.00      -9.05   -4.24   -3.00    0.00000    60.09  LINEAR    2.43425E-01   -79.27    4.23234E-01   -79.27
 -170.00    60.00     -12.23   -7.33   -6.11    0.00000    60.38  LINEAR    1.68748E-01   -78.97    2.96788E-01   -78.97
 -165.00    60.00     -19.44  -14.37  -13.19    0.00000    60.85  LINEAR    7.35795E-02   -82.22    1.31939E-01   -82.22
 -160.00    60.00     -30.45  -25.14  -24.02    0.00000    61.52  LINEAR    2.07076E-02   156.56    3.81684E-02   156.56
 -155.00    60.00     -19.51  -13.89  -12.84    0.00000    62.38  LINEAR    7.29637E-02   130.73    1.39441E-01   130.73
 -150.00    60.00     -17.61  -11.59  -10.62    0.00000    63.43  LINEAR    9.07920E-02   137.13    1.81584E-01   137.13
 -145.00    60.00     -18.95  -12.45  -11.57    0.00000    64.69  LINEAR    7.78360E-02   151.66    1.64580E-01   151.66
 -140.00    60.00     -22.42  -15.34  -14.56    0.00000    66.14  LINEAR    5.21909E-02  -178.89    1.18005E-01  -178.89
 -135.00    60.00     -24.47  -16.69  -16.02    0.00000    67.79  LINEAR    4.12282E-02  -123.95    1.00988E-01  -123.95
 -130.00    60.00     -22.35  -13.74  -13.18    0.00000    69.64  LINEAR    5.26139E-02   -79.75    1.41773E-01   -79.75
 -125.00    60.00     -20.79  -11.19  -10.74    0.00000    71.68  LINEAR    6.30081E-02   -55.60    1.90268E-01   -55.60
 -120.00    60.00     -20.65   -9.86   -9.51    0.00000    73.90  LINEAR    6.40251E-02   -38.57    2.21790E-01   -38.57
 -115.00    60.00     -21.66   -9.41   -9.15    0.00000    76.29  LINEAR    5.69917E-02   -23.99    2.33574E-01   -23.99
 -110.00    60.00     -23.62   -9.53   -9.37    0.00000    78.83  LINEAR    4.54529E-02   -10.40    2.30182E-01   -10.40
 -105.00    60.00     -26.52  -10.01   -9.91    0.00000    81.50  LINEAR    3.25750E-02     2.65    2.17996E-01     2.65
 -100.00    60.00     -30.62  -10.64  -10.60    0.00000    84.27  LINEAR    2.03057E-02    15.24    2.02539E-01    15.24
  -95.00    60.00     -37.29  -11.33  -11.32    0.00000    87.12  LINEAR    9.42029E-03    27.35    1.87210E-01    27.35
  -90.00    60.00    -999.99  -12.02  -12.02    0.00000    90.00  LINEAR    5.09236E-13    39.04    1.72830E-01    39.04
  -85.00    60.00     -38.79  -12.82  -12.81    0.00000   -87.12  LINEAR    7.92907E-03  -129.35    1.57575E-01    50.65
  -80.00    60.00     -34.01  -14.03  -13.98    0.00000   -84.27  LINEAR    1.37542E-02  -116.98    1.37191E-01    63.02
  -75.00    60.00     -32.79  -16.27  -16.18    0.00000   -81.50  LINEAR    1.58284E-02  -101.47    1.05926E-01    78.53
  -70.00    60.00     -35.08  -20.99  -20.83    0.00000   -78.83  LINEAR    1.21482E-02   -70.74    6.15206E-02   109.26
  -65.00    60.00     -33.76  -21.51  -21.26    0.00000   -76.29  LINEAR    1.41473E-02    22.06    5.79811E-02  -157.94
  -60.00    60.00     -23.96  -13.16  -12.82    0.00000   -73.90  LINEAR    4.37425E-02    63.43    1.51529E-01  -116.57
  -55.00    60.00     -17.58   -7.98   -7.53    0.00000   -71.68  LINEAR    9.11726E-02    79.04    2.75317E-01  -100.96
  -50.00    60.00     -13.40   -4.79   -4.23    0.00000   -69.64  LINEAR    1.47445E-01    89.03    3.97305E-01   -90.97
  -45.00    60.00     -11.00   -3.22   -2.55    0.00000   -67.79  LINEAR    1.94442E-01    96.37    4.76284E-01   -83.63
  -40.00    60.00     -10.64   -3.56   -2.78    0.00000   -66.14  LINEAR    2.02570E-01   101.21    4.58018E-01   -78.79
  -35.00    60.00     -14.12   -7.61   -6.74    0.00000   -64.69  LINEAR    1.35763E-01    99.70    2.87064E-01   -80.30
  -30.00    60.00     -20.43  -14.41  -13.44    0.00000   -63.43  LINEAR    6.56130E-02   -20.29    1.31226E-01   159.71
  -25.00    60.00      -5.57    0.05    1.10    0.00000   -62.38  LINEAR    3.63153E-01   -48.81    6.94024E-01   131.19
  -20.00    60.00       1.11    6.42    7.54    0.00000   -61.52  LINEAR    7.83998E-01   -49.36    1.44507E+00   130.64
  -15.00    60.00       5.25   10.32   11.50    0.00000   -60.85  LINEAR    1.26264E+00   -48.21    2.26411E+00   131.79
  -10.00    60.00       7.89   12.79   14.01    0.00000   -60.38  LINEAR    1.71083E+00   -47.06    3.00896E+00   132.94
   -5.00    60.00       9.38   14.19   15.43    0.00000   -60.09  LINEAR    2.03123E+00   -46.29    3.53164E+00   133.71
    0.00    60.00       9.86   14.64   15.89    0.00000   -60.00  LINEAR    2.14765E+00   -46.02    3.71984E+00   133.98
 -180.00    65.00      -9.55   -2.93   -2.07    0.00000    65.00  LINEAR    2.29629E-01   -79.51    4.92441E-01   -79.51
 -175.00    65.00     -10.56   -3.90   -3.05    0.00000    65.08  LINEAR    2.04610E-01   -79.43    4.40463E-01   -79.43
 -170.00    65.00     -13.92   -7.17   -6.33    0.00000    65.33  LINEAR    1.38829E-01   -79.84    3.02313E-01   -79.84
 -165.00    65.00     -21.75  -14.82  -14.02    0.00000    65.75  LINEAR    5.64241E-02   -86.79    1.25270E-01   -86.79
 -160.00    65.00     -28.43  -21.27  -20.50    0.00000    66.34  LINEAR    2.61220E-02   152.17    5.96140E-02   152.17
 -155.00    65.00     -20.06  -12.58  -11.87    0.00000    67.09  LINEAR    6.84792E-02   133.77    1.62036E-01   133.77
 -150.00    65.00     -18.75  -10.87  -10.22    0.00000    68.01  LINEAR    7.96778E-02   140.33    1.97303E-01   140.33
 -145.00    65.00     -20.55  -12.19  -11.60    0.00000    69.09  LINEAR    6.47333E-02   156.22    1.69469E-01   156.22
 -140.00    65.00     -24.32  -15.38  -14.86    0.00000    70.34  LINEAR    4.19518E-02  -169.23    1.17442E-01  -169.23
 -135.00    65.00     -25.26  -15.62  -15.18    0.00000    71.75  LINEAR    3.76403E-02  -110.82    1.14155E-01  -110.82
 -130.00    65.00     -22.85  -12.38  -12.01    0.00000    73.31  LINEAR    4.96881E-02   -72.34    1.65772E-01   -72.34
 -125.00    65.00     -21.65  -10.20   -9.90    0.00000    75.03  LINEAR    5.70362E-02   -50.83    2.13249E-01   -50.83
 -120.00    65.00     -21.92   -9.28   -9.05    0.00000    76.88  LINEAR    5.52839E-02   -34.69    2.37113E-01   -34.69
 -115.00    65.00     -23.34   -9.24   -9.07    0.00000    78.85  LINEAR    4.69393E-02   -20.32    2.38186E-01   -20.32
 -110.00    65.00     -25.72   -9.77   -9.66    0.00000    80.94  LINEAR    3.57201E-02    -6.62    2.23970E-01    -6.62
 -105.00    65.00     -28.99  -10.62  -10.56    0.00000    83.12  LINEAR    2.45049E-02     6.62    2.03041E-01     6.62
 -100.00    65.00     -33.40  -11.56  -11.53    0.00000    85.37  LINEAR    1.47548E-02    19.19    1.82218E-01    19.19
  -95.00    65.00     -40.22  -12.40  -12.40    0.00000    87.67  LINEAR    6.72190E-03    30.74    1.65395E-01    30.74
  -90.00    65.00    -999.99  -13.06  -13.06    0.00000    90.00  LINEAR    3.64855E-13    41.17    1.53316E-01    41.17
  -85.00    65.00     -41.45  -13.63  -13.63    0.00000   -87.67  LINEAR    5.83468E-03  -129.08    1.43565E-01    50.92
  -80.00    65.00     -36.29  -14.46  -14.43    0.00000   -85.37  LINEAR    1.05732E-02  -119.09    1.30576E-01    60.91
  -75.00    65.00     -34.62  -16.26  -16.19    0.00000   -83.12  LINEAR    1.28094E-02  -107.06    1.06135E-01    72.94
  -70.00    65.00     -36.84  -20.89  -20.78    0.00000   -80.94  LINEAR    9.93001E-03   -85.02    6.22624E-02    94.98
  -65.00    65.00     -38.53  -24.42  -24.25    0.00000   -78.85  LINEAR    8.17398E-03    21.79    4.14775E-02  -158.21
  -60.00    65.00     -26.15  -13.51  -13.28    0.00000   -76.88  LINEAR    3.39679E-02    67.83    1.45689E-01  -112.17
  -55.00    65.00     -19.00   -7.55   -7.25    0.00000   -75.03  LINEAR    7.73588E-02    81.80    2.89232E-01   -98.20
  -50.00    65.00     -14.37   -3.91   -3.53    0.00000   -73.31  LINEAR    1.31883E-01    90.97    4.39995E-01   -89.03
  -45.00    65.00     -11.55   -1.91   -1.47    0.00000   -71.75  LINEAR    1.82460E-01    98.00    5.53363E-01   -82.00
  -40.00    65.00     -10.63   -1.69   -1.17    0.00000   -70.34  LINEAR    2.02759E-01   103.12    5.67615E-01   -76.88
  -35.00    65.00     -12.75   -4.40   -3.80    0.00000   -69.09  LINEAR    1.58853E-01   104.47    4.15870E-01   -75.53
  -30.00    65.00     -25.33  -17.45  -16.80    0.00000   -68.01  LINEAR    3.73506E-02    49.24    9.24899E-02  -130.76
  -25.00    65.00      -8.80   -1.32   -0.60    0.00000   -67.09  LINEAR    2.50507E-01   -47.09    5.92751E-01   132.91
  -20.00    65.00      -1.03    6.14    6.90    0.00000   -66.34  LINEAR    6.12589E-01   -49.03    1.39801E+00   130.97
  -15.00    65.00       3.49   10.42   11.22    0.00000   -65.75  LINEAR    1.03129E+00   -48.11    2.28962E+00   131.89
  -10.00    65.00       6.31   13.07   13.91    0.00000   -65.33  LINEAR    1.42710E+00   -47.03    3.10764E+00   132.97
   -5.00    65.00       7.89   14.55   15.40    0.00000   -65.08  LINEAR    1.71163E+00   -46.28    3.68462E+00   133.72
    0.00    65.00       8.40   15.03   15.89    0.00000   -65.00  LINEAR    1.81527E+00   -46.02    3.89287E+00   133.98
 -180.00    70.00     -11.39   -2.61   -2.07    0.00000    70.00  LINEAR    1.85836E-01   -79.51    5.10580E-01   -79.51
 -175.00    70.00     -12.44   -3.62   -3.09    0.00000    70.07  LINEAR    1.64793E-01   -79.57    4.54494E-01   -79.57
 -170.00    70.00     -15.97   -7.06   -6.53    0.00000    70.28  LINEAR    1.09735E-01   -80.61    3.06144E-01   -80.61
 -165.00    70.00     -24.32  -15.24  -14.73    0.00000    70.63  LINEAR    4.19578E-02   -91.37    1.19345E-01   -91.37
 -160.00    70.00     -28.17  -18.85  -18.37    0.00000    71.12  LINEAR    2.69310E-02   150.07    7.87411E-02   150.07
 -155.00    70.00     -21.23  -11.60  -11.15    0.00000    71.74  LINEAR    5.98616E-02   135.68    1.81471E-01   135.68
 -150.00    70.00     -20.36  -10.34   -9.92    0.00000    72.50  LINEAR    6.61522E-02   142.51    2.09869E-01   142.51
 -145.00    70.00     -22.57  -12.06  -11.69    0.00000    73.40  LINEAR    5.13285E-02   159.65    1.72158E-01   159.65
 -140.00    70.00     -26.53  -15.44  -15.12    0.00000    74.42  LINEAR    3.25104E-02  -161.13    1.16601E-01  -161.13
 -135.00    70.00     -26.57  -14.78  -14.51    0.00000    75.57  LINEAR    3.23626E-02  -101.44    1.25746E-01  -101.44
 -130.00    70.00     -24.15  -11.53  -11.30    0.00000    76.83  LINEAR    4.27932E-02   -66.91    1.82912E-01   -66.91
 -125.00    70.00     -23.30   -9.69   -9.50    0.00000    78.21  LINEAR    4.72026E-02   -46.83    2.26104E-01   -46.83
 -120.00    70.00     -23.96   -9.16   -9.01    0.00000    79.69  LINEAR    4.37473E-02   -30.92    2.40389E-01   -30.92
 -115.00    70.00     -25.80   -9.54   -9.44    0.00000    81.26  LINEAR    3.53841E-02   -16.16    2.30035E-01   -16.16
 -110.00    70.00     -28.62  -10.52  -10.46    0.00000    82.90  LINEAR    2.55682E-02    -1.61    2.05392E-01    -1.61
 -105.00    70.00     -32.34  -11.82  -11.78    0.00000    84.62  LINEAR    1.66675E-02    12.69    1.76933E-01    12.69
 -100.00    70.00     -37.11  -13.12  -13.11    0.00000    86.38  LINEAR    9.62312E-03    26.01    1.52258E-01    26.01
  -95.00    70.00     -44.12  -14.15  -14.15    0.00000    88.18  LINEAR    4.29080E-03    37.27    1.35262E-01    37.27
  -90.00    70.00    -999.99  -14.73  -14.73    0.00000    90.00  LINEAR    2.35068E-13    45.98    1.26551E-01    45.98
  -85.00    70.00     -44.91  -14.94  -14.93    0.00000   -88.18  LINEAR    3.92004E-03  -126.98    1.23574E-01    53.02
  -80.00    70.00     -39.18  -15.20  -15.18    0.00000   -86.38  LINEAR    7.58017E-03  -119.97    1.19934E-01    60.03
  -75.00    70.00     -36.84  -16.33  -16.29    0.00000   -84.62  LINEAR    9.92028E-03  -111.37    1.05308E-01    68.63
  -70.00    70.00     -38.31  -20.21  -20.14    0.00000   -82.90  LINEAR    8.38324E-03   -97.25    6.73433E-02    82.75
  -65.00    70.00     -45.64  -29.38  -29.28    0.00000   -81.26  LINEAR    3.60315E-03    13.28    2.34244E-02  -166.72
  -60.00    70.00     -29.06  -14.26  -14.12    0.00000   -79.69  LINEAR    2.43053E-02    72.14    1.33557E-01  -107.86
  -55.00    70.00     -21.05   -7.45   -7.26    0.00000   -78.21  LINEAR    6.11021E-02    84.28    2.92684E-01   -95.72
  -50.00    70.00     -15.98   -3.36   -3.13    0.00000   -76.83  LINEAR    1.09631E-01    92.60    4.68596E-01   -87.40
  -45.00    70.00     -12.80   -1.01   -0.74    0.00000   -75.57  LINEAR    1.57968E-01    99.27    6.13789E-01   -80.73
  -40.00    70.00     -11.48   -0.39   -0.06    0.00000   -74.42  LINEAR    1.83946E-01   104.42    6.59738E-01   -75.58
  -35.00    70.00     -12.81   -2.30   -1.93    0.00000   -73.40  LINEAR    1.57894E-01   106.88    5.29583E-01   -73.12
  -30.00    70.00     -21.99  -11.96  -11.55    0.00000   -72.50  LINEAR    5.48373E-02    89.09    1.73972E-01   -90.91
  -25.00    70.00     -12.46   -2.83   -2.38    0.00000   -71.74  LINEAR    1.64277E-01   -44.93    4.98007E-01   135.07
  -20.00    70.00      -3.50    5.82    6.30    0.00000   -71.12  LINEAR    4.61175E-01   -48.71    1.34838E+00   131.29
  -15.00    70.00       1.39   10.47   10.98    0.00000   -70.63  LINEAR    8.09639E-01   -48.02    2.30294E+00   131.98
  -10.00    70.00       4.38   13.29   13.81    0.00000   -70.28  LINEAR    1.14172E+00   -47.00    3.18525E+00   133.00
   -5.00    70.00       6.03   14.84   15.38    0.00000   -70.07  LINEAR    1.38154E+00   -46.28    3.81024E+00   133.72
    0.00    70.00       6.57   15.35   15.89    0.00000   -70.00  LINEAR    1.46908E+00   -46.02    4.03626E+00   133.98
 -180.00    75.00     -13.81   -2.37   -2.07    0.00000    75.00  LINEAR    1.40629E-01   -79.51    5.24834E-01   -79.51
 -175.00    75.00     -14.89   -3.42   -3.12    0.00000    75.05  LINEAR    1.24218E-01   -79.68    4.65357E-01   -79.68
 -170.00    75.00     -18.56   -6.98   -6.69    0.00000    75.22  LINEAR    8.14527E-02   -81.26    3.08675E-01   -81.26
 -165.00    75.00     -27.33  -15.59  -15.31    0.00000    75.49  LINEAR    2.96685E-02   -95.59    1.14630E-01   -95.59
 -160.00    75.00     -29.24  -17.26  -16.99    0.00000    75.87  LINEAR    2.38061E-02   148.85    9.45475E-02   148.85
 -155.00    75.00     -23.18  -10.88  -10.63    0.00000    76.35  LINEAR    4.78492E-02   136.86    1.97036E-01   136.86
 -150.00    75.00     -22.64   -9.96   -9.73    0.00000    76.94  LINEAR    5.08767E-02   143.97    2.19248E-01   143.97
 -145.00    75.00     -25.17  -12.00  -11.80    0.00000    77.62  LINEAR    3.80176E-02   162.14    1.73208E-01   162.14
 -140.00    75.00     -29.27  -15.52  -15.34    0.00000    78.40  LINEAR    2.37257E-02  -154.68    1.15588E-01  -154.68
 -135.00    75.00     -28.65  -14.20  -14.04    0.00000    79.27  LINEAR    2.54953E-02   -94.79    1.34562E-01   -94.79
 -130.00    75.00     -26.31  -11.03  -10.90    0.00000    80.23  LINEAR    3.33739E-02   -62.82    1.93770E-01   -62.82
 -125.00    75.00     -25.76   -9.49   -9.39    0.00000    81.26  LINEAR    3.55462E-02   -43.43    2.31286E-01   -43.43
 -120.00    75.00     -26.77   -9.31   -9.24    0.00000    82.37  LINEAR    3.16229E-02   -27.28    2.36036E-01   -27.28
 -115.00    75.00     -29.03  -10.11  -10.05    0.00000    83.54  LINEAR    2.43990E-02   -11.55    2.15462E-01   -11.55
 -110.00    75.00     -32.31  -11.55  -11.51    0.00000    84.76  LINEAR    1.67234E-02     4.70    1.82482E-01     4.70
 -105.00    75.00     -36.49  -13.31  -13.29    0.00000    86.03  LINEAR    1.03343E-02    21.30    1.49016E-01    21.30
 -100.00    75.00     -41.65  -15.00  -14.99    0.00000    87.34  LINEAR    5.70587E-03    36.70    1.22631E-01    36.70
  -95.00    75.00     -48.88  -16.25  -16.25    0.00000    88.66  LINEAR    2.48069E-03    48.20    1.06224E-01    48.20
  -90.00    75.00    -999.99  -16.76  -16.76    0.00000    90.00  LINEAR    1.36989E-13    54.30    1.00178E-01    54.30
  -85.00    75.00     -49.15  -16.52  -16.51    0.00000   -88.66  LINEAR    2.40569E-03  -122.93    1.03013E-01    57.07
  -80.00    75.00     -42.71  -16.07  -16.06    0.00000   -87.34  LINEAR    5.04702E-03  -119.79    1.08471E-01    60.21
  -75.00    75.00     -39.58  -16.40  -16.38    0.00000   -86.03  LINEAR    7.23826E-03  -114.38    1.04372E-01    65.62
  -70.00    75.00     -40.02  -19.26  -19.23    0.00000   -84.76  LINEAR    6.88104E-03  -105.63    7.50844E-02    74.37
  -65.00    75.00     -54.99  -36.07  -36.01    0.00000   -83.54  LINEAR    1.22826E-03   -37.28    1.08465E-02   142.72
  -60.00    75.00     -32.77  -15.31  -15.24    0.00000   -82.37  LINEAR    1.58510E-02    76.35    1.18314E-01  -103.65
  -55.00    75.00     -23.83   -7.56   -7.46    0.00000   -81.26  LINEAR    4.43817E-02    86.41    2.88775E-01   -93.59
  -50.00    75.00     -18.34   -3.06   -2.93    0.00000   -80.23  LINEAR    8.35515E-02    93.91    4.85103E-01   -86.09
  -45.00    75.00     -14.87   -0.42   -0.26    0.00000   -79.27  LINEAR    1.24575E-01   100.23    6.57496E-01   -79.77
  -40.00    75.00     -13.24    0.51    0.69    0.00000   -78.40  LINEAR    1.50179E-01   105.32    7.31647E-01   -74.68
  -35.00    75.00     -14.07   -0.90   -0.69    0.00000   -77.62  LINEAR    1.36573E-01   108.29    6.22225E-01   -71.71
  -30.00    75.00     -21.02   -8.33   -8.10    0.00000   -76.94  LINEAR    6.13452E-02   100.01    2.64361E-01   -79.99
  -25.00    75.00     -16.66   -4.37   -4.12    0.00000   -76.35  LINEAR    1.01304E-01   -42.36    4.17157E-01   137.64
  -20.00    75.00      -6.46    5.52    5.79    0.00000   -75.87  LINEAR    3.27968E-01   -48.41    1.30255E+00   131.59
  -15.00    75.00      -1.25   10.49   10.77    0.00000   -75.49  LINEAR    5.97428E-01   -47.95    2.30828E+00   132.05
  -10.00    75.00       1.87   13.45   13.74    0.00000   -75.22  LINEAR    8.55887E-01   -46.98    3.24349E+00   133.02
   -5.00    75.00       3.59   15.07   15.36    0.00000   -75.05  LINEAR    1.04321E+00   -46.27    3.90819E+00   133.73
    0.00    75.00       4.15   15.58   15.89    0.00000   -75.00  LINEAR    1.11171E+00   -46.02    4.14894E+00   133.98
 -180.00    80.00     -17.28   -2.21   -2.07    0.00000    80.00  LINEAR    9.43514E-02   -79.51    5.35093E-01   -79.51
 -175.00    80.00     -18.38   -3.28   -3.14    0.00000    80.04  LINEAR    8.31003E-02   -79.76    4.73085E-01   -79.76
 -170.00    80.00     -22.15   -6.94   -6.81    0.00000    80.15  LINEAR    5.38716E-02   -81.75    3.10234E-01   -81.75
 -165.00    80.00     -31.22  -15.84  -15.72    0.00000    80.33  LINEAR    1.89592E-02   -99.01    1.11316E-01   -99.01
 -160.00    80.00     -31.86  -16.24  -16.12    0.00000    80.59  LINEAR    1.76162E-02   148.12    1.06318E-01   148.12
 -155.00    80.00     -26.33  -10.40  -10.29    0.00000    80.92  LINEAR    3.32934E-02   137.57    2.08336E-01   137.57
 -150.00    80.00     -26.03   -9.71   -9.61    0.00000    81.32  LINEAR    3.44573E-02   144.89    2.25648E-01   144.89
 -145.00    80.00     -28.80  -12.00  -11.91    0.00000    81.78  LINEAR    2.50319E-02   163.83    1.73305E-01   163.83
 -140.00    80.00     -32.98  -15.59  -15.51    0.00000    82.31  LINEAR    1.54813E-02  -149.98    1.14613E-01  -149.98
 -135.00    80.00     -31.91  -13.82  -13.76    0.00000    82.89  LINEAR    1.75127E-02   -90.29    1.40459E-01   -90.29
 -130.00    80.00     -29.67  -10.76  -10.71    0.00000    83.53  LINEAR    2.26479E-02   -59.86    1.99821E-01   -59.86
 -125.00    80.00     -29.37   -9.47   -9.42    0.00000    84.22  LINEAR    2.34621E-02   -40.72    2.31984E-01   -40.72
 -120.00    80.00     -30.67   -9.58   -9.55    0.00000    84.96  LINEAR    2.01827E-02   -24.06    2.28923E-01   -24.06
 -115.00    80.00     -33.28  -10.72  -10.70    0.00000    85.74  LINEAR    1.49591E-02    -7.02    2.00743E-01    -7.02
 -110.00    80.00     -36.95  -12.55  -12.54    0.00000    86.55  LINEAR    9.80301E-03    11.61    1.62551E-01    11.61
 -105.00    80.00     -41.49  -14.67  -14.67    0.00000    87.39  LINEAR    5.81167E-03    31.70    1.27346E-01    31.70
 -100.00    80.00     -46.90  -16.62  -16.62    0.00000    88.25  LINEAR    3.11660E-03    50.58    1.01787E-01    50.58
  -95.00    80.00     -54.33  -18.06  -18.06    0.00000    89.12  LINEAR    1.32575E-03    63.12    8.62675E-02    63.12
  -90.00    80.00    -999.99  -18.65  -18.65    0.00000    90.00  LINEAR    7.25087E-14    65.85    8.05770E-02    65.85
  -85.00    80.00     -54.32  -18.06  -18.05    0.00000   -89.12  LINEAR    1.32607E-03  -117.43    8.62884E-02    62.57
  -80.00    80.00     -47.17  -16.89  -16.88    0.00000   -88.25  LINEAR    3.02238E-03  -118.95    9.87099E-02    61.05
  -75.00    80.00     -43.27  -16.46  -16.45    0.00000   -87.39  LINEAR    4.73207E-03  -116.27    1.03690E-01    63.73
  -70.00    80.00     -42.80  -18.41  -18.40    0.00000   -86.55  LINEAR    4.99460E-03  -110.52    8.28191E-02    69.48
  -65.00    80.00     -54.21  -31.66  -31.63    0.00000   -85.74  LINEAR    1.34331E-03   -97.92    1.80265E-02    82.08
  -60.00    80.00     -37.54  -16.45  -16.41    0.00000   -84.96  LINEAR    9.15418E-03    80.29    1.03832E-01   -99.71
  -55.00    80.00     -27.68   -7.78   -7.73    0.00000   -84.22  LINEAR    2.84904E-02    88.11    2.81701E-01   -91.89
  -50.00    80.00     -21.83   -2.92   -2.86    0.00000   -83.53  LINEAR    5.58745E-02    94.90    4.92977E-01   -85.10
  -45.00    80.00     -18.13   -0.05    0.02    0.00000   -82.89  LINEAR    8.55516E-02   100.91    6.86159E-01   -79.09
  -40.00    80.00     -16.29    1.10    1.17    0.00000   -82.31  LINEAR    1.05699E-01   105.93    7.82525E-01   -74.07
  -35.00    80.00     -16.80    0.01    0.09    0.00000   -81.78  LINEAR    9.96946E-02   109.13    6.90221E-01   -70.87
  -30.00    80.00     -22.59   -6.27   -6.17    0.00000   -81.32  LINEAR    5.11999E-02   104.30    3.35289E-01   -75.70
  -25.00    80.00     -21.68   -5.75   -5.64    0.00000   -80.92  LINEAR    5.68765E-02   -39.65    3.55908E-01   140.35
  -20.00    80.00     -10.34    5.27    5.39    0.00000   -80.59  LINEAR    2.09734E-01   -48.18    1.26580E+00   131.82
  -15.00    80.00      -4.88   10.50   10.62    0.00000   -80.33  LINEAR    3.93317E-01   -47.89    2.30930E+00   132.11
  -10.00    80.00      -1.65   13.55   13.68    0.00000   -80.15  LINEAR    5.70241E-01   -46.96    3.28388E+00   133.04
   -5.00    80.00       0.11   15.22   15.35    0.00000   -80.04  LINEAR    6.98806E-01   -46.27    3.97826E+00   133.73
    0.00    80.00       0.68   15.75   15.89    0.00000   -80.00  LINEAR    7.45872E-01   -46.02    4.23005E+00   133.98
 -180.00    85.00     -23.27   -2.11   -2.07    0.00000    85.00  LINEAR    4.73559E-02   -79.51    5.41280E-01   -79.51
 -175.00    85.00     -24.39   -3.19   -3.16    0.00000    85.02  LINEAR    4.16351E-02   -79.81    4.77709E-01   -79.81
 -170.00    85.00     -28.21   -6.92   -6.89    0.00000    85.08  LINEAR    2.68015E-02   -82.06    3.11068E-01   -82.06
 -165.00    85.00     -37.46  -16.00  -15.96    0.00000    85.17  LINEAR    9.24417E-03  -101.25    1.09389E-01  -101.25
 -160.00    85.00     -37.37  -15.67  -15.64    0.00000    85.30  LINEAR    9.33672E-03   147.71    1.13568E-01   147.71
 -155.00    85.00     -32.13  -10.12  -10.09    0.00000    85.47  LINEAR    1.70612E-02   137.95    2.15170E-01   137.95
 -150.00    85.00     -31.98   -9.56   -9.54    0.00000    85.67  LINEAR    1.73768E-02   145.39    2.29343E-01   145.39
 -145.00    85.00     -34.90  -12.01  -11.99    0.00000    85.90  LINEAR    1.24037E-02   164.80    1.73075E-01   164.80
 -140.00    85.00     -39.12  -15.64  -15.62    0.00000    86.17  LINEAR    7.63418E-03  -147.12    1.13909E-01  -147.12
 -135.00    85.00     -37.79  -13.62  -13.61    0.00000    86.46  LINEAR    8.89309E-03   -87.66    1.43753E-01   -87.66
 -130.00    85.00     -35.64  -10.64  -10.63    0.00000    86.78  LINEAR    1.13973E-02   -58.05    2.02666E-01   -58.05
 -125.00    85.00     -35.49   -9.50   -9.49    0.00000    87.13  LINEAR    1.15971E-02   -38.94    2.31103E-01   -38.94
 -120.00    85.00     -36.99   -9.81   -9.80    0.00000    87.50  LINEAR    9.75674E-03   -21.77    2.23040E-01   -21.77
 -115.00    85.00     -39.82  -11.18  -11.17    0.00000    87.88  LINEAR    7.04060E-03    -3.55    1.90419E-01    -3.55
 -110.00    85.00     -43.74  -13.26  -13.25    0.00000    88.29  LINEAR    4.48711E-03    17.30    1.49956E-01    17.30
 -105.00    85.00     -48.43  -15.53  -15.53    0.00000    88.70  LINEAR    2.61378E-03    40.74    1.15431E-01    40.74
 -100.00    85.00     -53.85  -17.48  -17.48    0.00000    89.13  LINEAR    1.40089E-03    62.95    9.22109E-02    62.95
  -95.00    85.00     -61.34  -18.98  -18.98    0.00000    89.56  LINEAR    5.91380E-04    76.78    7.75566E-02    76.78
  -90.00    85.00    -999.99  -19.83  -19.83    0.00000    90.00  LINEAR    3.13911E-14    76.90    7.03063E-02    76.90
  -85.00    85.00     -61.52  -19.17  -19.17    0.00000   -89.56  LINEAR    5.78867E-04  -112.26    7.59156E-02    67.74
  -80.00    85.00     -53.84  -17.47  -17.47    0.00000   -89.13  LINEAR    1.40222E-03  -118.04    9.22983E-02    61.96
  -75.00    85.00     -49.39  -16.49  -16.49    0.00000   -88.70  LINEAR    2.33951E-03  -117.28    1.03318E-01    62.72
  -70.00    85.00     -48.33  -17.85  -17.85    0.00000   -88.29  LINEAR    2.64382E-03  -112.96    8.83544E-02    67.04
  -65.00    85.00     -56.61  -27.96  -27.96    0.00000   -87.88  LINEAR    1.01960E-03  -110.23    2.75758E-02    69.77
  -60.00    85.00     -44.53  -17.35  -17.34    0.00000   -87.50  LINEAR    4.09513E-03    83.35    9.36151E-02   -96.65
  -55.00    85.00     -33.96   -7.97   -7.96    0.00000   -87.13  LINEAR    1.38262E-02    89.22    2.75524E-01   -90.78
  -50.00    85.00     -27.87   -2.87   -2.85    0.00000   -86.78  LINEAR    2.78864E-02    95.51    4.95876E-01   -84.49
  -45.00    85.00     -24.02    0.15    0.17    0.00000   -86.46  LINEAR    4.34336E-02   101.33    7.02084E-01   -78.67
  -40.00    85.00     -22.05    1.42    1.44    0.00000   -86.17  LINEAR    5.44645E-02   106.27    8.12658E-01   -73.73
  -35.00    85.00     -22.38    0.51    0.53    0.00000   -85.90  LINEAR    5.24323E-02   109.58    7.31614E-01   -70.42
  -30.00    85.00     -27.59   -5.18   -5.16    0.00000   -85.67  LINEAR    2.87731E-02   106.17    3.79755E-01   -73.83
  -25.00    85.00     -28.74   -6.73   -6.70    0.00000   -85.47  LINEAR    2.52132E-02   -37.44    3.17981E-01   142.56
  -20.00    85.00     -16.59    5.11    5.14    0.00000   -85.30  LINEAR    1.02117E-01   -48.03    1.24212E+00   131.97
  -15.00    85.00     -10.97   10.49   10.52    0.00000   -85.17  LINEAR    1.95106E-01   -47.85    2.30874E+00   132.15
  -10.00    85.00      -7.68   13.62   13.65    0.00000   -85.08  LINEAR    2.84982E-01   -46.95    3.30761E+00   133.05
   -5.00    85.00      -5.88   15.31   15.34    0.00000   -85.02  LINEAR    3.50396E-01   -46.27    4.02035E+00   133.73
    0.00    85.00      -5.31   15.85   15.89    0.00000   -85.00  LINEAR    3.74360E-01   -46.02    4.27896E+00   133.98
 -180.00    90.00    -999.99   -2.07   -2.07    0.00000   -90.00  LINEAR    2.77293E-12   100.49    5.43348E-01   -79.51
 -175.00    90.00    -999.99   -3.16   -3.16    0.00000   -90.00  LINEAR    2.43649E-12   100.17    4.79248E-01   -79.83
 -170.00    90.00    -999.99   -6.91   -6.91    0.00000   -90.00  LINEAR    1.56470E-12    97.84    3.11329E-01   -82.16
 -165.00    90.00    -999.99  -16.05  -16.05    0.00000   -90.00  LINEAR    5.36139E-13    77.97    1.08761E-01  -102.03
 -160.00    90.00    -999.99  -15.48  -15.48    0.00000   -90.00  LINEAR    5.56368E-13   -32.42    1.16016E-01   147.58
 -155.00    90.00    -999.99  -10.03  -10.03    0.00000   -90.00  LINEAR    1.00579E-12   -41.93    2.17456E-01   138.07
 -150.00    90.00    -999.99   -9.52   -9.52    0.00000   -90.00  LINEAR    1.01895E-12   -34.45    2.30548E-01   145.55
 -145.00    90.00    -999.99  -12.02  -12.02    0.00000   -90.00  LINEAR    7.23003E-13   -14.88    1.72948E-01   165.12
 -140.00    90.00    -999.99  -15.66  -15.66    0.00000   -90.00  LINEAR    4.44316E-13    33.85    1.13652E-01  -146.15
 -135.00    90.00    -999.99  -13.56  -13.56    0.00000   -90.00  LINEAR    5.22540E-13    93.21    1.44802E-01   -86.79
 -130.00    90.00    -999.99  -10.60  -10.60    0.00000   -90.00  LINEAR    6.67477E-13   122.56    2.03474E-01   -57.44
 -125.00    90.00    -999.99   -9.52   -9.52    0.00000   -90.00  LINEAR    6.74971E-13   141.68    2.30586E-01   -38.32
 -120.00    90.00    -999.99   -9.89   -9.89    0.00000   -90.00  LINEAR    5.63458E-13   159.06    2.20816E-01   -20.94
 -115.00    90.00    -999.99  -11.35  -11.35    0.00000   -90.00  LINEAR    4.02837E-13   177.77    1.86776E-01    -2.23
 -110.00    90.00    -999.99  -13.50  -13.50    0.00000   -90.00  LINEAR    2.54484E-13  -160.46    1.45797E-01    19.54
 -105.00    90.00    -999.99  -15.79  -15.79    0.00000   -90.00  LINEAR    1.47885E-13  -135.65    1.11961E-01    44.35
 -100.00    90.00    -999.99  -17.69  -17.69    0.00000   -90.00  LINEAR    7.97468E-14  -112.17    8.99876E-02    67.83
  -95.00    90.00    -999.99  -19.19  -19.19    0.00000   -90.00  LINEAR    3.36726E-14   -97.82    7.57043E-02    82.18
  -90.00    90.00    -999.99  -20.19  -20.19    0.00000   -90.00  LINEAR    1.75751E-24   -98.50    6.74803E-02    81.50
  -85.00    90.00    -999.99  -19.57  -19.57    0.00000    90.00  LINEAR    3.22441E-14    69.92    7.24925E-02    69.92
  -80.00    90.00    -999.99  -17.68  -17.68    0.00000    90.00  LINEAR    7.98282E-14    62.35    9.00794E-02    62.35
  -75.00    90.00    -999.99  -16.50  -16.50    0.00000    90.00  LINEAR    1.36320E-13    62.41    1.03205E-01    62.41
  -70.00    90.00    -999.99  -17.66  -17.66    0.00000    90.00  LINEAR    1.57701E-13    66.30    9.03488E-02    66.30
  -65.00    90.00    -999.99  -26.90  -26.90    0.00000    90.00  LINEAR    6.71920E-14    67.45    3.11536E-02    67.45
  -60.00    90.00    -999.99  -17.69  -17.69    0.00000    90.00  LINEAR    2.29538E-13   -95.46    8.99548E-02   -95.46
  -55.00    90.00    -999.99   -8.05   -8.05    0.00000    90.00  LINEAR    7.99479E-13   -90.39    2.73121E-01   -90.39
  -50.00    90.00    -999.99   -2.86   -2.86    0.00000    90.00  LINEAR    1.62876E-12   -84.28    4.96511E-01   -84.28
  -45.00    90.00    -999.99    0.22    0.22    0.00000    90.00  LINEAR    2.55188E-12   -78.54    7.07154E-01   -78.54
  -40.00    90.00    -999.99    1.53    1.53    0.00000    90.00  LINEAR    3.21596E-12   -73.61    8.22615E-01   -73.61
  -35.00    90.00    -999.99    0.67    0.67    0.00000    90.00  LINEAR    3.11653E-12   -70.27    7.45497E-01   -70.27
  -30.00    90.00    -999.99   -4.85   -4.85    0.00000    90.00  LINEAR    1.74516E-12   -73.29    3.94862E-01   -73.29
  -25.00    90.00    -999.99   -7.08   -7.08    0.00000    90.00  LINEAR    1.41154E-12   143.43    3.05182E-01   143.43
  -20.00    90.00    -999.99    5.05    5.05    0.00000    90.00  LINEAR    5.91756E-12   132.03    1.23395E+00   132.03
  -15.00    90.00    -999.99   10.49   10.49    0.00000    90.00  LINEAR    1.13791E-11   132.16    2.30836E+00   132.16
  -10.00    90.00    -999.99   13.64   13.64    0.00000    90.00  LINEAR    1.66630E-11   133.05    3.31544E+00   133.05
   -5.00    90.00    -999.99   15.34   15.34    0.00000    90.00  LINEAR    2.05108E-11   133.73    4.03438E+00   133.73
    0.00    90.00    -999.99   15.89   15.89    0.00000    90.00  LINEAR    2.19207E-11   133.98    4.29530E+00   133.98
 -180.00    95.00     -23.27   -2.11   -2.07    0.00000   -85.00  LINEAR    4.73559E-02   100.49    5.41280E-01   -79.51
 -175.00    95.00     -24.39   -3.19   -3.16    0.00000   -85.02  LINEAR    4.16351E-02   100.19    4.77709E-01   -79.81
 -170.00    95.00     -28.21   -6.92   -6.89    0.00000   -85.08  LINEAR    2.68015E-02    97.94    3.11068E-01   -82.06
 -165.00    95.00     -37.46  -16.00  -15.96    0.00000   -85.17  LINEAR    9.24417E-03    78.75    1.09389E-01  -101.25
 -160.00    95.00     -37.37  -15.67  -15.64    0.00000   -85.30  LINEAR    9.33672E-03   -32.29    1.13568E-01   147.71
 -155.00    95.00     -32.13  -10.12  -10.09    0.00000   -85.47  LINEAR    1.70612E-02   -42.05    2.15170E-01   137.95
 -150.00    95.00     -31.98   -9.56   -9.54    0.00000   -85.67  LINEAR    1.73768E-02   -34.61    2.29343E-01   145.39
 -145.00    95.00     -34.90  -12.01  -11.99    0.00000   -85.90  LINEAR    1.24037E-02   -15.20    1.73075E-01   164.80
 -140.00    95.00     -39.12  -15.64  -15.62    0.00000   -86.17  LINEAR    7.63418E-03    32.88    1.13909E-01  -147.12
 -135.00    95.00     -37.79  -13.62  -13.61    0.00000   -86.46  LINEAR    8.89309E-03    92.34    1.43753E-01   -87.66
 -130.00    95.00     -35.64  -10.64  -10.63    0.00000   -86.78  LINEAR    1.13973E-02   121.95    2.02666E-01   -58.05
 -125.00    95.00     -35.49   -9.50   -9.49    0.00000   -87.13  LINEAR    1.15971E-02   141.06    2.31103E-01   -38.94
 -120.00    95.00     -36.99   -9.81   -9.80    0.00000   -87.50  LINEAR    9.75674E-03   158.23    2.23040E-01   -21.77
 -115.00    95.00     -39.82  -11.18  -11.17    0.00000   -87.88  LINEAR    7.04060E-03   176.45    1.90419E-01    -3.55
 -110.00    95.00     -43.74  -13.26  -13.25    0.00000   -88.29  LINEAR    4.48711E-03  -162.70    1.49956E-01    17.30
 -105.00    95.00     -48.43  -15.53  -15.53    0.00000   -88.70  LINEAR    2.61378E-03  -139.26    1.15431E-01    40.74
 -100.00    95.00     -53.85  -17.48  -17.48    0.00000   -89.13  LINEAR    1.40089E-03  -117.05    9.22109E-02    62.95
  -95.00    95.00     -61.34  -18.98  -18.98    0.00000   -89.56  LINEAR    5.91380E-04  -103.22    7.75566E-02    76.78
  -90.00    95.00    -999.99  -19.83  -19.83    0.00000   -90.00  LINEAR    3.13911E-14  -103.10    7.03063E-02    76.90
  -85.00    95.00     -61.52  -19.17  -19.17    0.00000    89.56  LINEAR    5.78867E-04    67.74    7.59156E-02    67.74
  -80.00    95.00     -53.84  -17.47  -17.47    0.00000    89.13  LINEAR    1.40222E-03    61.96    9.22983E-02    61.96
  -75.00    95.00     -49.39  -16.49  -16.49    0.00000    88.70  LINEAR    2.33951E-03    62.72    1.03318E-01    62.72
  -70.00    95.00     -48.33  -17.85  -17.85    0.00000    88.29  LINEAR    2.64382E-03    67.04    8.83544E-02    67.04
  -65.00    95.00     -56.61  -27.96  -27.96    0.00000    87.88  LINEAR    1.01960E-03    69.77    2.75758E-02    69.77
  -60.00    95.00     -44.53  -17.35  -17.34    0.00000    87.50  LINEAR    4.09513E-03   -96.65    9.36151E-02   -96.65
  -55.00    95.00     -33.96   -7.97   -7.96    0.00000    87.13  LINEAR    1.38262E-02   -90.78    2.75524E-01   -90.78
  -50.00    95.00     -27.87   -2.87   -2.85    0.00000    86.78  LINEAR    2.78864E-02   -84.49    4.95876E-01   -84.49
  -45.00    95.00     -24.02    0.15    0.17    0.00000    86.46  LINEAR    4.34336E-02   -78.67    7.02084E-01   -78.67
  -40.00    95.00     -22.05    1.42    1.44    0.00000    86.17  LINEAR    5.44645E-02   -73.73    8.12658E-01   -73.73
  -35.00    95.00     -22.38    0.51    0.53    0.00000    85.90  LINEAR    5.24323E-02   -70.42    7.31614E-01   -70.42
  -30.00    95.00     -27.59   -5.18   -5.16    0.00000    85.67  LINEAR    2.87731E-02   -73.83    3.79755E-01   -73.83
  -25.00    95.00     -28.74   -6.73   -6.70    0.00000    85.47  LINEAR    2.52132E-02   142.56    3.17981E-01   142.56
  -20.00    95.00     -16.59    5.11    5.14    0.00000    85.30  LINEAR    1.02117E-01   131.97    1.24212E+00   131.97
  -15.00    95.00     -10.97   10.49   10.52    0.00000    85.17  LINEAR    1.95106E-01   132.15    2.30874E+00   132.15
  -10.00    95.00      -7.68   13.62   13.65    0.00000    85.08  LINEAR    2.84982E-01   133.05    3.30761E+00   133.05
   -5.00    95.00      -5.88   15.31   15.34    0.00000    85.02  LINEAR    3.50396E-01   133.73    4.02035E+00   133.73
    0.00    95.00      -5.31   15.85   15.89    0.00000    85.00  LINEAR    3.74360E-01   133.98    4.27896E+00   133.98
 -180.00   100.00     -17.28   -2.21   -2.07    0.00000   -80.00  LINEAR    9.43514E-02   100.49    5.35093E-01   -79.51
 -175.00   100.00     -18.38   -3.28   -3.14    0.00000   -80.04  LINEAR    8.31003E-02   100.24    4.73085E-01   -79.76
 -170.00   100.00     -22.15   -6.94   -6.81    0.00000   -80.15  LINEAR    5.38716E-02    98.25    3.10234E-01   -81.75
 -165.00   100.00     -31.22  -15.84  -15.72    0.00000   -80.33  LINEAR    1.89592E-02    80.99    1.11316E-01   -99.01
 -160.00   100.00     -31.86  -16.24  -16.12    0.00000   -80.59  LINEAR    1.76162E-02   -31.88    1.06318E-01   148.12
 -155.00   100.00     -26.33  -10.40  -10.29    0.00000   -80.92  LINEAR    3.32934E-02   -42.43    2.08336E-01   137.57
 -150.00   100.00     -26.03   -9.71   -9.61    0.00000   -81.32  LINEAR    3.44573E-02   -35.11    2.25648E-01   144.89
 -145.00   100.00     -28.80  -12.00  -11.91    0.00000   -81.78  LINEAR    2.50319E-02   -16.17    1.73305E-01   163.83
 -140.00   100.00     -32.98  -15.59  -15.51    0.00000   -82.31  LINEAR    1.54813E-02    30.02    1.14613E-01  -149.98
 -135.00   100.00     -31.91  -13.82  -13.76    0.00000   -82.89  LINEAR    1.75127E-02    89.71    1.40459E-01   -90.29
 -130.00   100.00     -29.67  -10.76  -10.71    0.00000   -83.53  LINEAR    2.26479E-02   120.14    1.99821E-01   -59.86
 -125.00   100.00     -29.37   -9.47   -9.42    0.00000   -84.22  LINEAR    2.34621E-02   139.28    2.31984E-01   -40.72
 -120.00   100.00     -30.67   -9.58   -9.55    0.00000   -84.96  LINEAR    2.01827E-02   155.94    2.28923E-01   -24.06
 -115.00   100.00     -33.28  -10.72  -10.70    0.00000   -85.74  LINEAR    1.49591E-02   172.98    2.00743E-01    -7.02
 -110.00   100.00     -36.95  -12.55  -12.54    0.00000   -86.55  LINEAR    9.80301E-03  -168.39    1.62551E-01    11.61
 -105.00   100.00     -41.49  -14.67  -14.67    0.00000   -87.39  LINEAR    5.81167E-03  -148.30    1.27346E-01    31.70
 -100.00   100.00     -46.90  -16.62  -16.62    0.00000   -88.25  LINEAR    3.11660E-03  -129.42    1.01787E-01    50.58
  -95.00   100.00     -54.33  -18.06  -18.06    0.00000   -89.12  LINEAR    1.32575E-03  -116.88    8.62675E-02    63.12
  -90.00   100.00    -999.99  -18.65  -18.65    0.00000   -90.00  LINEAR    7.25087E-14  -114.15    8.05770E-02    65.85
  -85.00   100.00     -54.32  -18.06  -18.05    0.00000    89.12  LINEAR    1.32607E-03    62.57    8.62884E-02    62.57
  -80.00   100.00     -47.17  -16.89  -16.88    0.00000    88.25  LINEAR    3.02238E-03    61.05    9.87099E-02    61.05
  -75.00   100.00     -43.27  -16.46  -16.45    0.00000    87.39  LINEAR    4.73207E-03    63.73    1.03690E-01    63.73
  -70.00   100.00     -42.80  -18.41  -18.40    0.00000    86.55  LINEAR    4.99460E-03    69.48    8.28191E-02    69.48
  -65.00   100.00     -54.21  -31.66  -31.63    0.00000    85.74  LINEAR    1.34331E-03    82.08    1.80265E-02    82.08
  -60.00   100.00     -37.54  -16.45  -16.41    0.00000    84.96  LINEAR    9.15418E-03   -99.71    1.03832E-01   -99.71
  -55.00   100.00     -27.68   -7.78   -7.73    0.00000    84.22  LINEAR    2.84904E-02   -91.89    2.81701E-01   -91.89
  -50.00   100.00     -21.83   -2.92   -2.86    0.00000    83.53  LINEAR    5.58745E-02   -85.10    4.92977E-01   -85.10
  -45.00   100.00     -18.13   -0.05    0.02    0.00000    82.89  LINEAR    8.55516E-02   -79.09    6.86159E-01   -79.09
  -40.00   100.00     -16.29    1.10    1.17    0.00000    82.31  LINEAR    1.05699E-01   -74.07    7.82525E-01   -74.07
  -35.00   100.00     -16.80    0.01    0.09    0.00000    81.78  LINEAR    9.96946E-02   -70.87    6.90221E-01   -70.87
  -30.00   100.00     -22.59   -6.27   -6.17    0.00000    81.32  LINEAR    5.11999E-02   -75.70    3.35289E-01   -75.70
  -25.00   100.00     -21.68   -5.75   -5.64    0.00000    80.92  LINEAR    5.68765E-02   140.35    3.55908E-01   140.35
  -20.00   100.00     -10.34    5.27    5.39    0.00000    80.59  LINEAR    2.09734E-01   131.82    1.26580E+00   131.82
  -15.00   100.00      -4.88   10.50   10.62    0.00000    80.33  LINEAR    3.93317E-01   132.11    2.30930E+00   132.11
  -10.00   100.00      -1.65   13.55   13.68    0.00000    80.15  LINEAR    5.70241E-01   133.04    3.28388E+00   133.04
   -5.00   100.00       0.11   15.22   15.35    0.00000    80.04  LINEAR    6.98806E-01   133.73    3.97826E+00   133.73
    0.00   100.00       0.68   15.75   15.89    0.00000    80.00  LINEAR    7.45872E-01   133.98    4.23005E+00   133.98
 -180.00   105.00     -13.81   -2.37   -2.07    0.00000   -75.00  LINEAR    1.40629E-01   100.49    5.24834E-01   -79.51
 -175.00   105.00     -14.89   -3.42   -3.12    0.00000   -75.05  LINEAR    1.24218E-01   100.32    4.65357E-01   -79.68
 -170.00   105.00     -18.56   -6.98   -6.69    0.00000   -75.22  LINEAR    8.14527E-02    98.74    3.08675E-01   -81.26
 -165.00   105.00     -27.33  -15.59  -15.31    0.00000   -75.49  LINEAR    2.96685E-02    84.41    1.14630E-01   -95.59
 -160.00   105.00     -29.24  -17.26  -16.99    0.00000   -75.87  LINEAR    2.38061E-02   -31.15    9.45475E-02   148.85
 -155.00   105.00     -23.18  -10.88  -10.63    0.00000   -76.35  LINEAR    4.78492E-02   -43.14    1.97036E-01   136.86
 -150.00   105.00     -22.64   -9.96   -9.73    0.00000   -76.94  LINEAR    5.08767E-02   -36.03    2.19248E-01   143.97
 -145.00   105.00     -25.17  -12.00  -11.80    0.00000   -77.62  LINEAR    3.80176E-02   -17.86    1.73208E-01   162.14
 -140.00   105.00     -29.27  -15.52  -15.34    0.00000   -78.40  LINEAR    2.37257E-02    25.32    1.15588E-01  -154.68
 -135.00   105.00     -28.65  -14.20  -14.04    0.00000   -79.27  LINEAR    2.54953E-02    85.21    1.34562E-01   -94.79
 -130.00   105.00     -26.31  -11.03  -10.90    0.00000   -80.23  LINEAR    3.33739E-02   117.18    1.93770E-01   -62.82
 -125.00   105.00     -25.76   -9.49   -9.39    0.00000   -81.26  LINEAR    3.55462E-02   136.57    2.31286E-01   -43.43
 -120.00   105.00     -26.77   -9.31   -9.24    0.00000   -82.37  LINEAR    3.16229E-02   152.72    2.36036E-01   -27.28
 -115.00   105.00     -29.03  -10.11  -10.05    0.00000   -83.54  LINEAR    2.43990E-02   168.45    2.15462E-01   -11.55
 -110.00   105.00     -32.31  -11.55  -11.51    0.00000   -84.76  LINEAR    1.67234E-02  -175.30    1.82482E-01     4.70
 -105.00   105.00     -36.49  -13.31  -13.29    0.00000   -86.03  LINEAR    1.03343E-02  -158.70    1.49016E-01    21.30
 -100.00   105.00     -41.65  -15.00  -14.99    0.00000   -87.34  LINEAR    5.70587E-03  -143.30    1.22631E-01    36.70
  -95.00   105.00     -48.88  -16.25  -16.25    0.00000   -88.66  LINEAR    2.48069E-03  -131.80    1.06224E-01    48.20
  -90.00   105.00    -999.99  -16.76  -16.76    0.00000   -90.00  LINEAR    1.36989E-13  -125.70    1.00178E-01    54.30
  -85.00   105.00     -49.15  -16.52  -16.51    0.00000    88.66  LINEAR    2.40569E-03    57.07    1.03013E-01    57.07
  -80.00   105.00     -42.71  -16.07  -16.06    0.00000    87.34  LINEAR    5.04702E-03    60.21    1.08471E-01    60.21
  -75.00   105.00     -39.58  -16.40  -16.38    0.00000    86.03  LINEAR    7.23826E-03    65.62    1.04372E-01    65.62
  -70.00   105.00     -40.02  -19.26  -19.23    0.00000    84.76  LINEAR    6.88104E-03    74.37    7.50844E-02    74.37
  -65.00   105.00     -54.99  -36.07  -36.01    0.00000    83.54  LINEAR    1.22826E-03   142.72    1.08465E-02   142.72
  -60.00   105.00     -32.77  -15.31  -15.24    0.00000    82.37  LINEAR    1.58510E-02  -103.65    1.18314E-01  -103.65
  -55.00   105.00     -23.83   -7.56   -7.46    0.00000    81.26  LINEAR    4.43817E-02   -93.59    2.88775E-01   -93.59
  -50.00   105.00     -18.34   -3.06   -2.93    0.00000    80.23  LINEAR    8.35515E-02   -86.09    4.85103E-01   -86.09
  -45.00   105.00     -14.87   -0.42   -0.26    0.00000    79.27  LINEAR    1.24575E-01   -79.77    6.57496E-01   -79.77
  -40.00   105.00     -13.24    0.51    0.69    0.00000    78.40  LINEAR    1.50179E-01   -74.68    7.31647E-01   -74.68
  -35.00   105.00     -14.07   -0.90   -0.69    0.00000    77.62  LINEAR    1.36573E-01   -71.71    6.22225E-01   -71.71
  -30.00   105.00     -21.02   -8.33   -8.10    0.00000    76.94  LINEAR    6.13452E-02   -79.99    2.64361E-01   -79.99
  -25.00   105.00     -16.66   -4.37   -4.12    0.00000    76.35  LINEAR    1.01304E-01   137.64    4.17157E-01   137.64
  -20.00   105.00      -6.46    5.52    5.79    0.00000    75.87  LINEAR    3.27968E-01   131.59    1.30255E+00   131.59
  -15.00   105.00      -1.25   10.49   10.77    0.00000    75.49  LINEAR    5.97428E-01   132.05    2.30828E+00   132.05
  -10.00   105.00       1.87   13.45   13.74    0.00000    75.22  LINEAR    8.55887E-01   133.02    3.24349E+00   133.02
   -5.00   105.00       3.59   15.07   15.36    0.00000    75.05  LINEAR    1.04321E+00   133.73    3.90819E+00   133.73
    0.00   105.00       4.15   15.58   15.89    0.00000    75.00  LINEAR    1.11171E+00   133.98    4.14894E+00   133.98
 -180.00   110.00     -11.39   -2.61   -2.07    0.00000   -70.00  LINEAR    1.85836E-01   100.49    5.10580E-01   -79.51
 -175.00   110.00     -12.44   -3.62   -3.09    0.00000   -70.07  LINEAR    1.64793E-01   100.43    4.54494E-01   -79.57
 -170.00   110.00     -15.97   -7.06   -6.53    0.00000   -70.28  LINEAR    1.09735E-01    99.39    3.06144E-01   -80.61
 -165.00   110.00     -24.32  -15.24  -14.73    0.00000   -70.63  LINEAR    4.19578E-02    88.63    1.19345E-01   -91.37
 -160.00   110.00     -28.17  -18.85  -18.37    0.00000   -71.12  LINEAR    2.69310E-02   -29.93    7.87411E-02   150.07
 -155.00   110.00     -21.23  -11.60  -11.15    0.00000   -71.74  LINEAR    5.98616E-02   -44.32    1.81471E-01   135.68
 -150.00   110.00     -20.36  -10.34   -9.92    0.00000   -72.50  LINEAR    6.61522E-02   -37.49    2.09869E-01   142.51
 -145.00   110.00     -22.57  -12.06  -11.69    0.00000   -73.40  LINEAR    5.13285E-02   -20.35    1.72158E-01   159.65
 -140.00   110.00     -26.53  -15.44  -15.12    0.00000   -74.42  LINEAR    3.25104E-02    18.87    1.16601E-01  -161.13
 -135.00   110.00     -26.57  -14.78  -14.51    0.00000   -75.57  LINEAR    3.23626E-02    78.56    1.25746E-01  -101.44
 -130.00   110.00     -24.15  -11.53  -11.30    0.00000   -76.83  LINEAR    4.27932E-02   113.09    1.82912E-01   -66.91
 -125.00   110.00     -23.30   -9.69   -9.50    0.00000   -78.21  LINEAR    4.72026E-02   133.17    2.26104E-01   -46.83
 -120.00   110.00     -23.96   -9.16   -9.01    0.00000   -79.69  LINEAR    4.37473E-02   149.08    2.40389E-01   -30.92
 -115.00   110.00     -25.80   -9.54   -9.44    0.00000   -81.26  LINEAR    3.53841E-02   163.84    2.30035E-01   -16.16
 -110.00   110.00     -28.62  -10.52  -10.46    0.00000   -82.90  LINEAR    2.55682E-02   178.39    2.05392E-01    -1.61
 -105.00   110.00     -32.34  -11.82  -11.78    0.00000   -84.62  LINEAR    1.66675E-02  -167.31    1.76933E-01    12.69
 -100.00   110.00     -37.11  -13.12  -13.11    0.00000   -86.38  LINEAR    9.62312E-03  -153.99    1.52258E-01    26.01
  -95.00   110.00     -44.12  -14.15  -14.15    0.00000   -88.18  LINEAR    4.29080E-03  -142.73    1.35262E-01    37.27
  -90.00   110.00    -999.99  -14.73  -14.73    0.00000   -90.00  LINEAR    2.35068E-13  -134.02    1.26551E-01    45.98
  -85.00   110.00     -44.91  -14.94  -14.93    0.00000    88.18  LINEAR    3.92004E-03    53.02    1.23574E-01    53.02
  -80.00   110.00     -39.18  -15.20  -15.18    0.00000    86.38  LINEAR    7.58017E-03    60.03    1.19934E-01    60.03
  -75.00   110.00     -36.84  -16.33  -16.29    0.00000    84.62  LINEAR    9.92028E-03    68.63    1.05308E-01    68.63
  -70.00   110.00     -38.31  -20.21  -20.14    0.00000    82.90  LINEAR    8.38324E-03    82.75    6.73433E-02    82.75
  -65.00   110.00     -45.64  -29.38  -29.28    0.00000    81.26  LINEAR    3.60315E-03  -166.72    2.34244E-02  -166.72
  -60.00   110.00     -29.06  -14.26  -14.12    0.00000    79.69  LINEAR    2.43053E-02  -107.86    1.33557E-01  -107.86
  -55.00   110.00     -21.05   -7.45   -7.26    0.00000    78.21  LINEAR    6.11021E-02   -95.72    2.92684E-01   -95.72
  -50.00   110.00     -15.98   -3.36   -3.13    0.00000    76.83  LINEAR    1.09631E-01   -87.40    4.68596E-01   -87.40
  -45.00   110.00     -12.80   -1.01   -0.74    0.00000    75.57  LINEAR    1.57968E-01   -80.73    6.13789E-01   -80.73
  -40.00   110.00     -11.48   -0.39   -0.06    0.00000    74.42  LINEAR    1.83946E-01   -75.58    6.59738E-01   -75.58
  -35.00   110.00     -12.81   -2.30   -1.93    0.00000    73.40  LINEAR    1.57894E-01   -73.12    5.29583E-01   -73.12
  -30.00   110.00     -21.99  -11.96  -11.55    0.00000    72.50  LINEAR    5.48373E-02   -90.91    1.73972E-01   -90.91
  -25.00   110.00     -12.46   -2.83   -2.38    0.00000    71.74  LINEAR    1.64277E-01   135.07    4.98007E-01   135.07
  -20.00   110.00      -3.50    5.82    6.30    0.00000    71.12  LINEAR    4.61175E-01   131.29    1.34838E+00   131.29
  -15.00   110.00       1.39   10.47   10.98    0.00000    70.63  LINEAR    8.09639E-01   131.98    2.30294E+00   131.98
  -10.00   110.00       4.38   13.29   13.81    0.00000    70.28  LINEAR    1.14172E+00   133.00    3.18525E+00   133.00
   -5.00   110.00       6.03   14.84   15.38    0.00000    70.07  LINEAR    1.38154E+00   133.72    3.81024E+00   133.72
    0.00   110.00       6.57   15.35   15.89    0.00000    70.00  LINEAR    1.46908E+00   133.98    4.03626E+00   133.98
 -180.00   115.00      -9.55   -2.93   -2.07    0.00000   -65.00  LINEAR    2.29629E-01   100.49    4.92441E-01   -79.51
 -175.00   115.00     -10.56   -3.90   -3.05    0.00000   -65.08  LINEAR    2.04610E-01   100.57    4.40463E-01   -79.43
 -170.00   115.00     -13.92   -7.17   -6.33    0.00000   -65.33  LINEAR    1.38829E-01   100.16    3.02313E-01   -79.84
 -165.00   115.00     -21.75  -14.82  -14.02    0.00000   -65.75  LINEAR    5.64241E-02    93.21    1.25270E-01   -86.79
 -160.00   115.00     -28.43  -21.27  -20.50    0.00000   -66.34  LINEAR    2.61220E-02   -27.83    5.96140E-02   152.17
 -155.00   115.00     -20.06  -12.58  -11.87    0.00000   -67.09  LINEAR    6.84792E-02   -46.23    1.62036E-01   133.77
 -150.00   115.00     -18.75  -10.87  -10.22    0.00000   -68.01  LINEAR    7.96778E-02   -39.67    1.97303E-01   140.33
 -145.00   115.00     -20.55  -12.19  -11.60    0.00000   -69.09  LINEAR    6.47333E-02   -23.78    1.69469E-01   156.22
 -140.00   115.00     -24.32  -15.38  -14.86    0.00000   -70.34  LINEAR    4.19518E-02    10.77    1.17442E-01  -169.23
 -135.00   115.00     -25.26  -15.62  -15.18    0.00000   -71.75  LINEAR    3.76403E-02    69.18    1.14155E-01  -110.82
 -130.00   115.00     -22.85  -12.38  -12.01    0.00000   -73.31  LINEAR    4.96881E-02   107.66    1.65772E-01   -72.34
 -125.00   115.00     -21.65  -10.20   -9.90    0.00000   -75.03  LINEAR    5.70362E-02   129.17    2.13249E-01   -50.83
 -120.00   115.00     -21.92   -9.28   -9.05    0.00000   -76.88  LINEAR    5.52839E-02   145.31    2.37113E-01   -34.69
 -115.00   115.00     -23.34   -9.24   -9.07    0.00000   -78.85  LINEAR    4.69393E-02   159.68    2.38186E-01   -20.32
 -110.00   115.00     -25.72   -9.77   -9.66    0.00000   -80.94  LINEAR    3.57201E-02   173.38    2.23970E-01    -6.62
 -105.00   115.00     -28.99  -10.62  -10.56    0.00000   -83.12  LINEAR    2.45049E-02  -173.38    2.03041E-01     6.62
 -100.00   115.00     -33.40  -11.56  -11.53    0.00000   -85.37  LINEAR    1.47548E-02  -160.81    1.82218E-01    19.19
  -95.00   115.00     -40.22  -12.40  -12.40    0.00000   -87.67  LINEAR    6.72190E-03  -149.26    1.65395E-01    30.74
  -90.00   115.00    -999.99  -13.06  -13.06    0.00000   -90.00  LINEAR    3.64855E-13  -138.83    1.53316E-01    41.17
  -85.00   115.00     -41.45  -13.63  -13.63    0.00000    87.67  LINEAR    5.83468E-03    50.92    1.43565E-01    50.92
  -80.00   115.00     -36.29  -14.46  -14.43    0.00000    85.37  LINEAR    1.05732E-02    60.91    1.30576E-01    60.91
  -75.00   115.00     -34.62  -16.26  -16.19    0.00000    83.12  LINEAR    1.28094E-02    72.94    1.06135E-01    72.94
  -70.00   115.00     -36.84  -20.89  -20.78    0.00000    80.94  LINEAR    9.93001E-03    94.98    6.22624E-02    94.98
  -65.00   115.00     -38.53  -24.42  -24.25    0.00000    78.85  LINEAR    8.17398E-03  -158.21    4.14775E-02  -158.21
  -60.00   115.00     -26.15  -13.51  -13.28    0.00000    76.88  LINEAR    3.39679E-02  -112.17    1.45689E-01  -112.17
  -55.00   115.00     -19.00   -7.55   -7.25    0.00000    75.03  LINEAR    7.73588E-02   -98.20    2.89232E-01   -98.20
  -50.00   115.00     -14.37   -3.91   -3.53    0.00000    73.31  LINEAR    1.31883E-01   -89.03    4.39995E-01   -89.03
  -45.00   115.00     -11.55   -1.91   -1.47    0.00000    71.75  LINEAR    1.82460E-01   -82.00    5.53363E-01   -82.00
  -40.00   115.00     -10.63   -1.69   -1.17    0.00000    70.34  LINEAR    2.02759E-01   -76.88    5.67615E-01   -76.88
  -35.00   115.00     -12.75   -4.40   -3.80    0.00000    69.09  LINEAR    1.58853E-01   -75.53    4.15870E-01   -75.53
  -30.00   115.00     -25.33  -17.45  -16.80    0.00000    68.01  LINEAR    3.73506E-02  -130.76    9.24899E-02  -130.76
  -25.00   115.00      -8.80   -1.32   -0.60    0.00000    67.09  LINEAR    2.50507E-01   132.91    5.92751E-01   132.91
  -20.00   115.00      -1.03    6.14    6.90    0.00000    66.34  LINEAR    6.12589E-01   130.97    1.39801E+00   130.97
  -15.00   115.00       3.49   10.42   11.22    0.00000    65.75  LINEAR    1.03129E+00   131.89    2.28962E+00   131.89
  -10.00   115.00       6.31   13.07   13.91    0.00000    65.33  LINEAR    1.42710E+00   132.97    3.10764E+00   132.97
   -5.00   115.00       7.89   14.55   15.40    0.00000    65.08  LINEAR    1.71163E+00   133.72    3.68462E+00   133.72
    0.00   115.00       8.40   15.03   15.89    0.00000    65.00  LINEAR    1.81527E+00   133.98    3.89287E+00   133.98
 -180.00   120.00      -8.09   -3.32   -2.07    0.00000   -60.00  LINEAR    2.71674E-01   100.49    4.70553E-01   -79.51
 -175.00   120.00      -9.05   -4.24   -3.00    0.00000   -60.09  LINEAR    2.43425E-01   100.73    4.23234E-01   -79.27
 -170.00   120.00     -12.23   -7.33   -6.11    0.00000   -60.38  LINEAR    1.68748E-01   101.03    2.96788E-01   -78.97
 -165.00   120.00     -19.44  -14.37  -13.19    0.00000   -60.85  LINEAR    7.35795E-02    97.78    1.31939E-01   -82.22
 -160.00   120.00     -30.45  -25.14  -24.02    0.00000   -61.52  LINEAR    2.07076E-02   -23.44    3.81684E-02   156.56
 -155.00   120.00     -19.51  -13.89  -12.84    0.00000   -62.38  LINEAR    7.29637E-02   -49.27    1.39441E-01   130.73
 -150.00   120.00     -17.61  -11.59  -10.62    0.00000   -63.43  LINEAR    9.07920E-02   -42.87    1.81584E-01   137.13
 -145.00   120.00     -18.95  -12.45  -11.57    0.00000   -64.69  LINEAR    7.78360E-02   -28.34    1.64580E-01   151.66
 -140.00   120.00     -22.42  -15.34  -14.56    0.00000   -66.14  LINEAR    5.21909E-02     1.11    1.18005E-01  -178.89
 -135.00   120.00     -24.47  -16.69  -16.02    0.00000   -67.79  LINEAR    4.12282E-02    56.05    1.00988E-01  -123.95
 -130.00   120.00     -22.35  -13.74  -13.18    0.00000   -69.64  LINEAR    5.26139E-02   100.25    1.41773E-01   -79.75
 -125.00   120.00     -20.79  -11.19  -10.74    0.00000   -71.68  LINEAR    6.30081E-02   124.40    1.90268E-01   -55.60
 -120.00   120.00     -20.65   -9.86   -9.51    0.00000   -73.90  LINEAR    6.40251E-02   141.43    2.21790E-01   -38.57
 -115.00   120.00     -21.66   -9.41   -9.15    0.00000   -76.29  LINEAR    5.69917E-02   156.01    2.33574E-01   -23.99
 -110.00   120.00     -23.62   -9.53   -9.37    0.00000   -78.83  LINEAR    4.54529E-02   169.60    2.30182E-01   -10.40
 -105.00   120.00     -26.52  -10.01   -9.91    0.00000   -81.50  LINEAR    3.25750E-02  -177.35    2.17996E-01     2.65
 -100.00   120.00     -30.62  -10.64  -10.60    0.00000   -84.27  LINEAR    2.03057E-02  -164.76    2.02539E-01    15.24
  -95.00   120.00     -37.29  -11.33  -11.32    0.00000   -87.12  LINEAR    9.42029E-03  -152.65    1.87210E-01    27.35
  -90.00   120.00    -999.99  -12.02  -12.02    0.00000   -90.00  LINEAR    5.09236E-13  -140.96    1.72830E-01    39.04
  -85.00   120.00     -38.79  -12.82  -12.81    0.00000    87.12  LINEAR    7.92907E-03    50.65    1.57575E-01    50.65
  -80.00   120.00     -34.01  -14.03  -13.98    0.00000    84.27  LINEAR    1.37542E-02    63.02    1.37191E-01    63.02
  -75.00   120.00     -32.79  -16.27  -16.18    0.00000    81.50  LINEAR    1.58284E-02    78.53    1.05926E-01    78.53
  -70.00   120.00     -35.08  -20.99  -20.83    0.00000    78.83  LINEAR    1.21482E-02   109.26    6.15206E-02   109.26
  -65.00   120.00     -33.76  -21.51  -21.26    0.00000    76.29  LINEAR    1.41473E-02  -157.94    5.79811E-02  -157.94
  -60.00   120.00     -23.96  -13.16  -12.82    0.00000    73.90  LINEAR    4.37425E-02  -116.57    1.51529E-01  -116.57
  -55.00   120.00     -17.58   -7.98   -7.53    0.00000    71.68  LINEAR    9.11726E-02  -100.96    2.75317E-01  -100.96
  -50.00   120.00     -13.40   -4.79   -4.23    0.00000    69.64  LINEAR    1.47445E-01   -90.97    3.97305E-01   -90.97
  -45.00   120.00     -11.00   -3.22   -2.55    0.00000    67.79  LINEAR    1.94442E-01   -83.63    4.76284E-01   -83.63
  -40.00   120.00     -10.64   -3.56   -2.78    0.00000    66.14  LINEAR    2.02570E-01   -78.79    4.58018E-01   -78.79
  -35.00   120.00     -14.12   -7.61   -6.74    0.00000    64.69  LINEAR    1.35763E-01   -80.30    2.87064E-01   -80.30
  -30.00   120.00     -20.43  -14.41  -13.44    0.00000    63.43  LINEAR    6.56130E-02   159.71    1.31226E-01   159.71
  -25.00   120.00      -5.57    0.05    1.10    0.00000    62.38  LINEAR    3.63153E-01   131.19    6.94024E-01   131.19
  -20.00   120.00       1.11    6.42    7.54    0.00000    61.52  LINEAR    7.83998E-01   130.64    1.44507E+00   130.64
  -15.00   120.00       5.25   10.32   11.50    0.00000    60.85  LINEAR    1.26264E+00   131.79    2.26411E+00   131.79
  -10.00   120.00       7.89   12.79   14.01    0.00000    60.38  LINEAR    1.71083E+00   132.94    3.00896E+00   132.94
   -5.00   120.00       9.38   14.19   15.43    0.00000    60.09  LINEAR    2.03123E+00   133.71    3.53164E+00   133.71
    0.00   120.00       9.86   14.64   15.89    0.00000    60.00  LINEAR    2.14765E+00   133.98    3.71984E+00   133.98
 -180.00   125.00      -6.90   -3.81   -2.07    0.00000   -55.00  LINEAR    3.11652E-01   100.49    4.45085E-01   -79.51
 -175.00   125.00      -7.80   -4.67   -2.95    0.00000   -55.10  LINEAR    2.80965E-01   100.90    4.02793E-01   -79.10
 -170.00   125.00     -10.78   -7.55   -5.86    0.00000   -55.41  LINEAR    1.99379E-01   101.95    2.89136E-01   -78.05
 -165.00   125.00     -17.34  -13.94  -12.30    0.00000   -55.93  LINEAR    9.37458E-02   102.06    1.38606E-01   -77.94
 -160.00   125.00     -36.25  -32.61  -31.05    0.00000   -56.66  LINEAR    1.06239E-02    -7.39    1.61463E-02   172.61
 -155.00   125.00     -19.52  -15.57  -14.10    0.00000   -57.60  LINEAR    7.28964E-02   -54.19    1.14869E-01   125.81
 -150.00   125.00     -16.87  -12.52  -11.16    0.00000   -58.77  LINEAR    9.89533E-02   -47.45    1.63182E-01   132.55
 -145.00   125.00     -17.67  -12.84  -11.61    0.00000   -60.16  LINEAR    9.02125E-02   -34.23    1.57281E-01   145.77
 -140.00   125.00     -20.72  -15.31  -14.21    0.00000   -61.79  LINEAR    6.34750E-02    -9.95    1.18337E-01   170.05
 -135.00   125.00     -23.88  -17.78  -16.83    0.00000   -63.66  LINEAR    4.41098E-02    37.90    8.90889E-02  -142.10
 -130.00   125.00     -22.71  -15.78  -14.98    0.00000   -65.77  LINEAR    5.04891E-02    89.24    1.12177E-01   -90.76
 -125.00   125.00     -20.80  -12.88  -12.23    0.00000   -68.12  LINEAR    6.28897E-02   118.22    1.56589E-01   -61.78
 -120.00   125.00     -20.22  -11.11  -10.60    0.00000   -70.70  LINEAR    6.72323E-02   137.16    1.92035E-01   -42.84
 -115.00   125.00     -20.83  -10.25   -9.89    0.00000   -73.52  LINEAR    6.27070E-02   152.60    2.11905E-01   -27.40
 -110.00   125.00     -22.42  -10.01   -9.77    0.00000   -76.53  LINEAR    5.21918E-02   166.68    2.17933E-01   -13.32
 -105.00   125.00     -24.99  -10.15  -10.01    0.00000   -79.73  LINEAR    3.88342E-02  -179.87    2.14285E-01     0.13
 -100.00   125.00     -28.84  -10.54  -10.48    0.00000   -83.07  LINEAR    2.49249E-02  -166.79    2.04992E-01    13.21
  -95.00   125.00     -35.37  -11.08  -11.06    0.00000   -86.51  LINEAR    1.17612E-02  -153.93    1.92721E-01    26.07
  -90.00   125.00    -999.99  -11.75  -11.75    0.00000   -90.00  LINEAR    6.36988E-13  -141.13    1.78256E-01    38.87
  -85.00   125.00     -36.96  -12.67  -12.65    0.00000    86.51  LINEAR    9.78951E-03    51.99    1.60412E-01    51.99
  -80.00   125.00     -32.38  -14.08  -14.02    0.00000    83.07  LINEAR    1.65791E-02    66.42    1.36353E-01    66.42
  -75.00   125.00     -31.36  -16.53  -16.38    0.00000    79.73  LINEAR    1.86504E-02    85.27    1.02912E-01    85.27
  -70.00   125.00     -33.10  -20.68  -20.44    0.00000    76.53  LINEAR    1.52682E-02   122.64    6.37544E-02   122.64
  -65.00   125.00     -30.40  -19.83  -19.46    0.00000    73.52  LINEAR    2.08250E-02  -159.60    7.03735E-02  -159.60
  -60.00   125.00     -22.40  -13.29  -12.78    0.00000    70.70  LINEAR    5.23121E-02  -120.91    1.49419E-01  -120.91
  -55.00   125.00     -16.74   -8.82   -8.17    0.00000    68.12  LINEAR    1.00398E-01  -103.95    2.49981E-01  -103.95
  -50.00   125.00     -13.05   -6.12   -5.32    0.00000    65.77  LINEAR    1.53486E-01   -93.22    3.41015E-01   -93.22
  -45.00   125.00     -11.17   -5.06   -4.11    0.00000    63.66  LINEAR    1.90715E-01   -85.76    3.85189E-01   -85.76
  -40.00   125.00     -11.65   -6.24   -5.14    0.00000    61.79  LINEAR    1.80336E-01   -81.87    3.36203E-01   -81.87
  -35.00   125.00     -17.85  -13.02  -11.78    0.00000    60.16  LINEAR    8.83847E-02   -93.37    1.54094E-01   -93.37
  -30.00   125.00     -13.19   -8.84   -7.48    0.00000    58.77  LINEAR    1.51165E-01   138.40    2.49283E-01   138.40
  -25.00   125.00      -2.74    1.21    2.68    0.00000    57.60  LINEAR    5.03420E-01   129.84    7.93283E-01   129.84
  -20.00   125.00       3.01    6.65    8.21    0.00000    56.66  LINEAR    9.75475E-01   130.31    1.48253E+00   130.31
  -15.00   125.00       6.76   10.16   11.80    0.00000    55.93  LINEAR    1.50275E+00   131.68    2.22186E+00   131.68
  -10.00   125.00       9.21   12.44   14.13    0.00000    55.41  LINEAR    1.99112E+00   132.91    2.88748E+00   132.91
   -5.00   125.00      10.60   13.73   15.45    0.00000    55.10  LINEAR    2.33802E+00   133.70    3.35179E+00   133.70
    0.00   125.00      11.06   14.15   15.89    0.00000    55.00  LINEAR    2.46368E+00   133.98    3.51851E+00   133.98
 -180.00   130.00      -5.91   -4.39   -2.07    0.00000   -50.00  LINEAR    3.49257E-01   100.49    4.16229E-01   -79.51
 -175.00   130.00      -6.76   -5.20   -2.90    0.00000   -50.11  LINEAR    3.16929E-01   101.09    3.79144E-01   -78.91
 -170.00   130.00      -9.52   -7.87   -5.60    0.00000   -50.43  LINEAR    2.30481E-01   102.89    2.78914E-01   -77.11
 -165.00   130.00     -15.41  -13.59  -11.39    0.00000   -50.97  LINEAR    1.16973E-01   105.90    1.44321E-01   -74.10
 -160.00   130.00     -37.89  -35.83  -33.73    0.00000   -51.74  LINEAR    8.79285E-03   106.91    1.11514E-02   -73.09
 -155.00   130.00     -20.05  -17.67  -15.69    0.00000   -52.75  LINEAR    6.86010E-02   -62.40    9.02072E-02   117.60
 -150.00   130.00     -16.43  -13.66  -11.81    0.00000   -53.99  LINEAR    1.04061E-01   -53.96    1.43200E-01   126.04
 -145.00   130.00     -16.63  -13.37  -11.69    0.00000   -55.50  LINEAR    1.01672E-01   -41.73    1.47919E-01   138.27
 -140.00   130.00     -19.13  -15.29  -13.79    0.00000   -57.27  LINEAR    7.62576E-02   -22.21    1.18636E-01   157.79
 -135.00   130.00     -22.95  -18.42  -17.11    0.00000   -59.32  LINEAR    4.91095E-02    14.72    8.27689E-02  -165.28
 -130.00   130.00     -23.91  -18.55  -17.44    0.00000   -61.66  LINEAR    4.39771E-02    70.56    8.15352E-02  -109.44
 -125.00   130.00     -21.95  -15.60  -14.69    0.00000   -64.30  LINEAR    5.51241E-02   108.82    1.14535E-01   -71.18
 -120.00   130.00     -20.87  -13.32  -12.62    0.00000   -67.24  LINEAR    6.24338E-02   131.63    1.48811E-01   -48.37
 -115.00   130.00     -21.03  -12.03  -11.51    0.00000   -70.47  LINEAR    6.12506E-02   148.92    1.72722E-01   -31.08
 -110.00   130.00     -22.26  -11.42  -11.07    0.00000   -73.99  LINEAR    5.31740E-02   164.13    1.85283E-01   -15.87
 -105.00   130.00     -24.53  -11.26  -11.06    0.00000   -77.75  LINEAR    4.09690E-02   178.48    1.88645E-01    -1.52
 -100.00   130.00     -28.14  -11.41  -11.32    0.00000   -81.71  LINEAR    2.70157E-02  -167.56    1.85410E-01    12.44
  -95.00   130.00     -34.51  -11.79  -11.77    0.00000   -85.82  LINEAR    1.29761E-02  -153.74    1.77434E-01    26.26
  -90.00   130.00    -999.99  -12.41  -12.41    0.00000   -90.00  LINEAR    7.07988E-13  -139.80    1.65330E-01    40.20
  -85.00   130.00     -36.06  -13.35  -13.32    0.00000    85.82  LINEAR    1.08530E-02    54.74    1.48403E-01    54.74
  -80.00   130.00     -31.56  -14.83  -14.74    0.00000    81.71  LINEAR    1.82215E-02    71.13    1.25055E-01    71.13
  -75.00   130.00     -30.53  -17.27  -17.07    0.00000    77.75  LINEAR    2.05173E-02    93.17    9.44738E-02    93.17
  -70.00   130.00     -31.39  -20.54  -20.20    0.00000    73.99  LINEAR    1.85946E-02   134.49    6.47921E-02   134.49
  -65.00   130.00     -28.06  -19.05  -18.54    0.00000    70.47  LINEAR    2.72875E-02  -160.51    7.69488E-02  -160.51
  -60.00   130.00     -21.43  -13.88  -13.18    0.00000    67.24  LINEAR    5.85312E-02  -124.66    1.39510E-01  -124.66
  -55.00   130.00     -16.48  -10.13   -9.23    0.00000    64.30  LINEAR    1.03407E-01  -106.92    2.14855E-01  -106.92
  -50.00   130.00     -13.37   -8.00   -6.89    0.00000    61.66  LINEAR    1.48055E-01   -95.79    2.74500E-01   -95.79
  -45.00   130.00     -12.20   -7.66   -6.35    0.00000    59.32  LINEAR    1.69418E-01   -88.72    2.85537E-01   -88.72
  -40.00   130.00     -14.16  -10.32   -8.81    0.00000    57.27  LINEAR    1.35196E-01   -87.93    2.10328E-01   -87.93
  -35.00   130.00     -23.33  -20.07  -18.39    0.00000    55.50  LINEAR    4.70123E-02  -160.11    6.83965E-02  -160.11
  -30.00   130.00      -8.10   -5.33   -3.48    0.00000    53.99  LINEAR    2.71495E-01   131.07    3.73609E-01   131.07
  -25.00   130.00      -0.25    2.13    4.11    0.00000    52.75  LINEAR    6.70269E-01   128.78    8.81373E-01   128.78
  -20.00   130.00       4.70    6.77    8.87    0.00000    51.74  LINEAR    1.18521E+00   130.00    1.50313E+00   130.00
  -15.00   130.00       8.08    9.91   12.10    0.00000    50.97  LINEAR    1.74935E+00   131.58    2.15834E+00   131.58
  -10.00   130.00      10.33   11.99   14.25    0.00000    50.43  LINEAR    2.26555E+00   132.87    2.74163E+00   132.87
   -5.00   130.00      11.62   13.18   15.48    0.00000    50.11  LINEAR    2.62956E+00   133.70    3.14575E+00   133.70
    0.00   130.00      12.05   13.57   15.89    0.00000    50.00  LINEAR    2.76097E+00   133.98    3.29039E+00   133.98
 -180.00   135.00      -5.08   -5.08   -2.07    0.00000   -45.00  LINEAR    3.84205E-01   100.49    3.84205E-01   -79.51
 -175.00   135.00      -5.87   -5.84   -2.84    0.00000   -45.11  LINEAR    3.50989E-01   101.28    3.52330E-01   -78.72
 -170.00   135.00      -8.42   -8.29   -5.34    0.00000   -45.44  LINEAR    2.61670E-01   103.82    2.65706E-01   -76.18
 -165.00   135.00     -13.67  -13.37  -10.50    0.00000   -45.99  LINEAR    1.42995E-01   109.24    1.48039E-01   -70.76
 -160.00   135.00     -27.50  -26.96  -24.21    0.00000   -46.78  LINEAR    2.90842E-02   134.08    3.09507E-02   -45.92
 -155.00   135.00     -20.92  -20.07  -17.46    0.00000   -47.81  LINEAR    6.20383E-02   -76.33    6.84517E-02   103.67
 -150.00   135.00     -16.19  -14.94  -12.51    0.00000   -49.11  LINEAR    1.06926E-01   -63.00    1.23467E-01   117.00
 -145.00   135.00     -15.74  -14.01  -11.78    0.00000   -50.68  LINEAR    1.12618E-01   -51.02    1.37481E-01   128.98
 -140.00   135.00     -17.57  -15.25  -13.25    0.00000   -52.55  LINEAR    9.12699E-02   -35.28    1.19144E-01   144.72
 -135.00   135.00     -21.19  -18.18  -16.42    0.00000   -54.74  LINEAR    6.01611E-02    -9.95    8.50806E-02   170.05
 -130.00   135.00     -24.95  -21.11  -19.60    0.00000   -57.27  LINEAR    3.90356E-02    36.85    6.07287E-02  -143.15
 -125.00   135.00     -24.61  -19.78  -18.54    0.00000   -60.16  LINEAR    4.05810E-02    90.15    7.07508E-02   -89.85
 -120.00   135.00     -23.05  -17.03  -16.06    0.00000   -63.43  LINEAR    4.85620E-02   122.29    9.71239E-02   -57.71
 -115.00   135.00     -22.65  -15.17  -14.46    0.00000   -67.09  LINEAR    5.08167E-02   143.61    1.20243E-01   -36.39
 -110.00   135.00     -23.45  -14.13  -13.65    0.00000   -71.12  LINEAR    4.63661E-02   161.08    1.35565E-01   -18.92
 -105.00   135.00     -25.38  -13.64  -13.36    0.00000   -75.49  LINEAR    3.71129E-02   177.04    1.43393E-01    -2.96
 -100.00   135.00     -28.75  -13.54  -13.41    0.00000   -80.15  LINEAR    2.51931E-02  -167.63    1.45081E-01    12.37
  -95.00   135.00     -34.94  -13.75  -13.71    0.00000   -85.02  LINEAR    1.23516E-02  -152.50    1.41719E-01    27.50
  -90.00   135.00    -999.99  -14.25  -14.25    0.00000   -90.00  LINEAR    6.82084E-13  -137.20    1.33653E-01    42.80
  -85.00   135.00     -36.35  -15.16  -15.12    0.00000    85.02  LINEAR    1.04992E-02    58.94    1.20465E-01    58.94
  -80.00   135.00     -31.85  -16.64  -16.52    0.00000    80.15  LINEAR    1.76268E-02    77.55    1.01509E-01    77.55
  -75.00   135.00     -30.68  -18.94  -18.66    0.00000    75.49  LINEAR    2.01656E-02   103.23    7.79138E-02   103.23
  -70.00   135.00     -30.46  -21.14  -20.66    0.00000    71.12  LINEAR    2.06803E-02   147.59    6.04651E-02   147.59
  -65.00   135.00     -26.54  -19.06  -18.35    0.00000    67.09  LINEAR    3.24822E-02  -158.12    7.68595E-02  -158.12
  -60.00   135.00     -20.96  -14.94  -13.97    0.00000    63.43  LINEAR    6.17579E-02  -126.58    1.23516E-01  -126.58
  -55.00   135.00     -16.80  -11.97  -10.74    0.00000    60.16  LINEAR    9.96917E-02  -109.29    1.73807E-01  -109.29
  -50.00   135.00     -14.44  -10.60   -9.10    0.00000    57.27  LINEAR    1.30843E-01   -98.59    2.03555E-01   -98.59
  -45.00   135.00     -14.44  -11.42   -9.66    0.00000    54.74  LINEAR    1.30907E-01   -93.38    1.85130E-01   -93.38
  -40.00   135.00     -19.62  -17.31  -15.30    0.00000    52.55  LINEAR    7.20393E-02  -106.98    9.40406E-02  -106.98
  -35.00   135.00     -14.94  -13.21  -10.98    0.00000    50.68  LINEAR    1.23483E-01   138.63    1.50745E-01   138.63
  -30.00   135.00      -4.30   -3.05   -0.62    0.00000    49.11  LINEAR    4.20332E-01   127.49    4.85358E-01   127.49
  -25.00   135.00       1.92    2.77    5.38    0.00000    47.81  LINEAR    8.60268E-01   127.93    9.49200E-01   127.93
  -20.00   135.00       6.21    6.75    9.50    0.00000    46.78  LINEAR    1.40949E+00   129.72    1.49995E+00   129.72
  -15.00   135.00       9.24    9.54   12.40    0.00000    45.99  LINEAR    1.99893E+00   131.48    2.06944E+00   131.48
  -10.00   135.00      11.29   11.42   14.37    0.00000    45.44  LINEAR    2.53113E+00   132.84    2.57018E+00   132.84
   -5.00   135.00      12.48   12.52   15.51    0.00000    45.11  LINEAR    2.90337E+00   133.69    2.91446E+00   133.69
    0.00   135.00      12.88   12.88   15.89    0.00000    45.00  LINEAR    3.03724E+00   133.98    3.03724E+00   133.98
 -180.00   140.00      -4.39   -5.91   -2.07    0.00000   -40.00  LINEAR    4.16229E-01   100.49    3.49257E-01   -79.51
 -175.00   140.00      -5.12   -6.61   -2.79    0.00000   -40.11  LINEAR    3.82796E-01   101.46    3.22431E-01   -78.54
 -170.00   140.00      -7.45   -8.84   -5.08    0.00000   -40.43  LINEAR    2.92430E-01   104.71    2.49163E-01   -75.29
 -165.00   140.00     -12.10  -13.33   -9.66    0.00000   -40.98  LINEAR    1.71217E-01   112.10    1.48736E-01   -67.90
 -160.00   140.00     -21.95  -22.93  -19.40    0.00000   -41.76  LINEAR    5.51368E-02   139.73    4.92345E-02   -40.27
 -155.00   140.00     -21.46  -22.13  -18.77    0.00000   -42.79  LINEAR    5.83223E-02   -98.46    5.39974E-02    81.54
 -150.00   140.00     -15.97  -16.24  -13.09    0.00000   -44.10  LINEAR    1.09754E-01   -74.99    1.06341E-01   105.01
 -145.00   140.00     -14.88  -14.67  -11.77    0.00000   -45.69  LINEAR    1.24339E-01   -62.03    1.27367E-01   117.97
 -140.00   140.00     -15.99  -15.20  -12.56    0.00000   -47.61  LINEAR    1.09471E-01   -48.59    1.19911E-01   131.41
 -135.00   140.00     -18.77  -17.29  -14.96    0.00000   -49.88  LINEAR    7.94387E-02   -31.29    9.42672E-02   148.71
 -130.00   140.00     -23.06  -20.74  -18.74    0.00000   -52.55  LINEAR    4.85106E-02    -4.55    6.33260E-02   175.45
 -125.00   140.00     -27.35  -24.05  -22.38    0.00000   -55.64  LINEAR    2.95886E-02    42.82    4.32859E-02  -137.18
 -120.00   140.00     -27.69  -23.19  -21.87    0.00000   -59.21  LINEAR    2.84557E-02    97.11    4.77543E-02   -82.89
 -115.00   140.00     -26.70  -20.74  -19.76    0.00000   -63.27  LINEAR    3.19019E-02   131.34    6.33406E-02   -48.66
 -110.00   140.00     -26.83  -19.04  -18.37    0.00000   -67.82  LINEAR    3.14128E-02   154.72    7.70671E-02   -25.28
 -105.00   140.00     -28.29  -18.07  -17.68    0.00000   -72.86  LINEAR    2.65692E-02   174.15    8.61380E-02    -5.85
 -100.00   140.00     -31.31  -17.63  -17.45    0.00000   -78.31  LINEAR    1.87523E-02  -167.98    9.06147E-02    12.02
  -95.00   140.00     -37.27  -17.60  -17.56    0.00000   -84.07  LINEAR    9.44027E-03  -150.68    9.08871E-02    29.32
  -90.00   140.00    -999.99  -17.98  -17.98    0.00000   -90.00  LINEAR    5.29193E-13  -133.24    8.70096E-02    46.76
  -85.00   140.00     -38.52  -18.85  -18.80    0.00000    84.07  LINEAR    8.17835E-03    65.45    7.87378E-02    65.45
  -80.00   140.00     -34.03  -20.35  -20.17    0.00000    78.31  LINEAR    1.37137E-02    87.95    6.62672E-02    87.95
  -75.00   140.00     -32.54  -22.32  -21.93    0.00000    72.86  LINEAR    1.62885E-02   120.54    5.28079E-02   120.54
  -70.00   140.00     -30.47  -22.68  -22.01    0.00000    67.82  LINEAR    2.06571E-02   168.84    5.06794E-02   168.84
  -65.00   140.00     -25.62  -19.67  -18.68    0.00000    63.27  LINEAR    3.61021E-02  -148.97    7.16800E-02  -148.97
  -60.00   140.00     -20.88  -16.39  -15.07    0.00000    59.21  LINEAR    6.23116E-02  -124.41    1.04571E-01  -124.41
  -55.00   140.00     -17.67  -14.36  -12.70    0.00000    55.64  LINEAR    9.02180E-02  -109.68    1.31982E-01  -109.68
  -50.00   140.00     -16.48  -14.16  -12.16    0.00000    52.55  LINEAR    1.03505E-01  -101.21    1.35116E-01  -101.21
  -45.00   140.00     -18.86  -17.37  -15.04    0.00000    49.88  LINEAR    7.86620E-02  -103.42    9.33456E-02  -103.42
  -40.00   140.00     -22.31  -21.52  -18.89    0.00000    47.61  LINEAR    5.28437E-02   161.20    5.78832E-02   161.20
  -35.00   140.00      -8.84   -8.63   -5.72    0.00000    45.69  LINEAR    2.49415E-01   126.41    2.55489E-01   126.41
  -30.00   140.00      -1.33   -1.61    1.54    0.00000    44.10  LINEAR    5.91564E-01   125.36    5.73171E-01   125.36
  -25.00   140.00       3.79    3.12    6.48    0.00000    42.79  LINEAR    1.06765E+00   127.26    9.88478E-01   127.26
  -20.00   140.00       7.54    6.55   10.08    0.00000    41.76  LINEAR    1.64278E+00   129.46    1.46692E+00   129.46
  -15.00   140.00      10.26    9.03   12.70    0.00000    40.98  LINEAR    2.24679E+00   131.38    1.95178E+00   131.38
  -10.00   140.00      12.12   10.73   14.49    0.00000    40.43  LINEAR    2.78433E+00   132.81    2.37238E+00   132.81
   -5.00   140.00      13.21   11.72   15.54    0.00000    40.11  LINEAR    3.15696E+00   133.68    2.65913E+00   133.68
    0.00   140.00      13.57   12.05   15.89    0.00000    40.00  LINEAR    3.29039E+00   133.98    2.76097E+00   133.98
 -180.00   145.00      -3.81   -6.90   -2.07    0.00000   -35.00  LINEAR    4.45085E-01   100.49    3.11652E-01   -79.51
 -175.00   145.00      -4.48   -7.54   -2.73    0.00000   -35.10  LINEAR    4.11989E-01   101.64    2.89580E-01   -78.36
 -170.00   145.00      -6.61   -9.58   -4.84    0.00000   -35.41  LINEAR    3.22131E-01   105.54    2.29038E-01   -74.46
 -165.00   145.00     -10.72  -13.52   -8.89    0.00000   -35.94  LINEAR    2.00740E-01   114.49    1.45518E-01   -65.51
 -160.00   145.00     -18.19  -20.74  -16.27    0.00000   -36.69  LINEAR    8.49949E-02   142.26    6.33336E-02   -37.74
 -155.00   145.00     -20.52  -22.76  -18.49    0.00000   -37.69  LINEAR    6.49741E-02  -124.92    5.01985E-02    55.08
 -150.00   145.00     -15.48  -17.33  -13.30    0.00000   -38.96  LINEAR    1.16049E-01   -89.41    9.38294E-02    90.59
 -145.00   145.00     -13.92  -15.28  -11.54    0.00000   -40.52  LINEAR    1.38873E-01   -74.18    1.18708E-01   105.82
 -140.00   145.00     -14.38  -15.16  -11.74    0.00000   -42.43  LINEAR    1.31772E-01   -61.43    1.20447E-01   118.57
 -135.00   145.00     -16.25  -16.33  -13.28    0.00000   -44.72  LINEAR    1.06254E-01   -47.84    1.05217E-01   132.16
 -130.00   145.00     -19.32  -18.58  -15.93    0.00000   -47.45  LINEAR    7.45554E-02   -31.64    8.12154E-02   148.36
 -125.00   145.00     -23.56  -21.83  -19.60    0.00000   -50.68  LINEAR    4.57941E-02   -10.41    5.59043E-02   169.59
 -120.00   145.00     -28.77  -25.84  -24.06    0.00000   -54.47  LINEAR    2.51316E-02    20.88    3.51946E-02  -159.12
 -115.00   145.00     -33.47  -29.09  -27.74    0.00000   -58.89  LINEAR    1.46253E-02    68.98    2.42316E-02  -111.02
 -110.00   145.00     -35.25  -29.03  -28.10    0.00000   -63.97  LINEAR    1.19145E-02   120.39    2.43922E-02   -59.61
 -105.00   145.00     -36.24  -27.60  -27.04    0.00000   -69.71  LINEAR    1.06339E-02   157.39    2.87689E-02   -22.61
 -100.00   145.00     -38.69  -26.58  -26.32    0.00000   -76.07  LINEAR    8.02368E-03  -174.62    3.23542E-02     5.38
  -95.00   145.00     -44.30  -26.20  -26.14    0.00000   -82.90  LINEAR    4.20312E-03  -149.98    3.37678E-02    30.02
  -90.00   145.00    -999.99  -26.50  -26.50    0.00000   -90.00  LINEAR    2.37939E-13  -125.33    3.26461E-02    54.67
  -85.00   145.00     -45.54  -27.44  -27.37    0.00000    82.90  LINEAR    3.64580E-03    83.40    2.92903E-02    83.40
  -80.00   145.00     -40.48  -28.37  -28.11    0.00000    76.07  LINEAR    6.52370E-03   122.89    2.63057E-02   122.89
  -75.00   145.00     -35.64  -27.00  -26.44    0.00000    69.71  LINEAR    1.13954E-02   171.02    3.08291E-02   171.02
  -70.00   145.00     -29.64  -23.42  -22.49    0.00000    63.97  LINEAR    2.27392E-02  -152.62    4.65533E-02  -152.62
  -65.00   145.00     -24.48  -20.09  -18.74    0.00000    58.89  LINEAR    4.11858E-02  -130.04    6.82379E-02  -130.04
  -60.00   145.00     -20.82  -17.89  -16.10    0.00000    54.47  LINEAR    6.27964E-02  -115.13    8.79411E-02  -115.13
  -55.00   145.00     -18.95  -17.22  -14.99    0.00000    50.68  LINEAR    7.78531E-02  -105.25    9.50411E-02  -105.25
  -50.00   145.00     -19.94  -19.20  -16.55    0.00000    47.45  LINEAR    6.94267E-02  -102.15    7.56286E-02  -102.15
  -45.00   145.00     -27.81  -27.89  -24.84    0.00000    44.72  LINEAR    2.80714E-02  -155.47    2.77975E-02  -155.47
  -40.00   145.00     -13.76  -14.54  -11.12    0.00000    42.43  LINEAR    1.41482E-01   124.13    1.29322E-01   124.13
  -35.00   145.00      -4.87   -6.23   -2.49    0.00000    40.52  LINEAR    3.93852E-01   121.71    3.36663E-01   121.71
  -30.00   145.00       1.04   -0.81    3.22    0.00000    38.96  LINEAR    7.77200E-01   123.95    6.28389E-01   123.95
  -25.00   145.00       5.40    3.16    7.43    0.00000    37.69  LINEAR    1.28460E+00   126.72    9.92473E-01   126.72
  -20.00   145.00       8.70    6.14   10.62    0.00000    36.69  LINEAR    1.87797E+00   129.24    1.39936E+00   129.24
  -15.00   145.00      11.14    8.35   12.97    0.00000    35.94  LINEAR    2.48729E+00   131.28    1.80306E+00   131.28
  -10.00   145.00      12.83    9.87   14.61    0.00000    35.41  LINEAR    3.02127E+00   132.77    2.14815E+00   132.77
   -5.00   145.00      13.82   10.76   15.57    0.00000    35.10  LINEAR    3.38786E+00   133.67    2.38126E+00   133.67
    0.00   145.00      14.15   11.06   15.89    0.00000    35.00  LINEAR    3.51851E+00   133.98    2.46368E+00   133.98
 -180.00   150.00      -3.32   -8.09   -2.07    0.00000   -30.00  LINEAR    4.70553E-01   100.49    2.71674E-01   -79.51
 -175.00   150.00      -3.94   -8.68   -2.68    0.00000   -30.09  LINEAR    4.38206E-01   101.81    2.53965E-01   -78.19
 -170.00   150.00      -5.89  -10.53   -4.61    0.00000   -30.38  LINEAR    3.50055E-01   106.29    2.05222E-01   -73.71
 -165.00   150.00      -9.52  -13.99   -8.20    0.00000   -30.87  LINEAR    2.30407E-01   116.46    1.37718E-01   -63.54
 -160.00   150.00     -15.41  -19.64  -14.02    0.00000   -31.57  LINEAR    1.17065E-01   143.77    7.19254E-02   -36.23
 -155.00   150.00     -18.25  -22.17  -16.77    0.00000   -32.50  LINEAR    8.43561E-02  -145.76    5.37378E-02    34.24
 -150.00   150.00     -14.56  -18.08  -12.96    0.00000   -33.69  LINEAR    1.29079E-01  -104.31    8.60528E-02    75.69
 -145.00   150.00     -12.80  -15.83  -11.04    0.00000   -35.18  LINEAR    1.58101E-01   -86.32    1.11432E-01    93.68
 -140.00   150.00     -12.77  -15.23  -10.82    0.00000   -37.00  LINEAR    1.58532E-01   -73.12    1.19482E-01   106.88
 -135.00   150.00     -13.95  -15.71  -11.73    0.00000   -39.23  LINEAR    1.38504E-01   -60.50    1.13088E-01   119.50
 -130.00   150.00     -16.02  -16.95  -13.45    0.00000   -41.93  LINEAR    1.09059E-01   -47.08    9.79570E-02   132.92
 -125.00   150.00     -18.81  -18.75  -15.77    0.00000   -45.19  LINEAR    7.91230E-02   -32.27    7.96436E-02   147.73
 -120.00   150.00     -22.15  -20.90  -18.47    0.00000   -49.11  LINEAR    5.38381E-02   -15.97    6.21669E-02   164.03
 -115.00   150.00     -25.93  -23.22  -21.36    0.00000   -53.80  LINEAR    3.48484E-02     1.30    4.76073E-02  -178.70
 -110.00   150.00     -30.10  -25.55  -24.24    0.00000   -59.36  LINEAR    2.15739E-02    18.19    3.64181E-02  -161.81
 -105.00   150.00     -34.74  -27.77  -26.98    0.00000   -65.85  LINEAR    1.26402E-02    32.49    2.81966E-02  -147.51
 -100.00   150.00     -40.13  -29.70  -29.32    0.00000   -73.26  LINEAR    6.79433E-03    41.47    2.25900E-02  -138.53
  -95.00   150.00     -47.19  -30.76  -30.66    0.00000   -81.42  LINEAR    3.01609E-03    43.18    1.99796E-02  -136.82
  -90.00   150.00    -999.99  -30.18  -30.18    0.00000   -90.00  LINEAR    1.88892E-13    40.78    2.13694E-02  -139.22
  -85.00   150.00     -44.52  -28.09  -28.00    0.00000    81.42  LINEAR    4.10077E-03  -138.71    2.71649E-02  -138.71
  -80.00   150.00     -35.88  -25.44  -25.07    0.00000    73.26  LINEAR    1.10853E-02  -133.29    3.68567E-02  -133.29
  -75.00   150.00     -29.84  -22.87  -22.07    0.00000    65.85  LINEAR    2.22253E-02  -125.01    4.95782E-02  -125.01
  -70.00   150.00     -25.24  -20.69  -19.38    0.00000    59.36  LINEAR    3.77479E-02  -115.80    6.37207E-02  -115.80
  -65.00   150.00     -21.86  -19.15  -17.29    0.00000    53.80  LINEAR    5.56573E-02  -106.76    7.60350E-02  -106.76
  -60.00   150.00     -19.88  -18.63  -16.20    0.00000    49.11  LINEAR    6.99675E-02   -98.52    8.07915E-02   -98.52
  -55.00   150.00     -20.02  -19.96  -16.98    0.00000    45.19  LINEAR    6.88246E-02   -91.91    6.92775E-02   -91.91
  -50.00   150.00     -26.23  -27.16  -23.66    0.00000    41.93  LINEAR    3.36745E-02   -93.08    3.02463E-02   -93.08
  -45.00   150.00     -20.66  -22.42  -18.44    0.00000    39.23  LINEAR    6.39174E-02   115.74    5.21883E-02   115.74
  -40.00   150.00      -8.89  -11.34   -6.93    0.00000    37.00  LINEAR    2.47985E-01   115.41    1.86900E-01   115.41
  -35.00   150.00      -2.04   -5.08   -0.28    0.00000    35.18  LINEAR    5.45629E-01   119.16    3.84567E-01   119.16
  -30.00   150.00       2.94   -0.58    4.54    0.00000    33.69  LINEAR    9.67596E-01   122.94    6.45064E-01   122.94
  -25.00   150.00       6.76    2.84    8.24    0.00000    32.50  LINEAR    1.50174E+00   126.28    9.56664E-01   126.28
  -20.00   150.00       9.70    5.47   11.09    0.00000    31.57  LINEAR    2.10686E+00   129.04    1.29446E+00   129.04
  -15.00   150.00      11.90    7.43   13.22    0.00000    30.87  LINEAR    2.71413E+00   131.20    1.62228E+00   131.20
  -10.00   150.00      13.43    8.79   14.71    0.00000    30.38  LINEAR    3.23781E+00   132.74    1.89819E+00   132.74
   -5.00   150.00      14.34    9.60   15.59    0.00000    30.09  LINEAR    3.59366E+00   133.67    2.08272E+00   133.67
    0.00   150.00      14.64    9.86   15.89    0.00000    30.00  LINEAR    3.71984E+00   133.98    2.14765E+00   133.98
 -180.00   155.00      -2.93   -9.55   -2.07    0.00000   -25.00  LINEAR    4.92441E-01   100.49    2.29629E-01   -79.51
 -175.00   155.00      -3.50  -10.09   -2.64    0.00000   -25.08  LINEAR    4.61096E-01   101.96    2.15834E-01   -78.04
 -170.00   155.00      -5.28  -11.78   -4.41    0.00000   -25.34  LINEAR    3.75433E-01   106.95    1.77768E-01   -73.05
 -165.00   155.00      -8.51  -14.84   -7.60    0.00000   -25.77  LINEAR    2.58881E-01   118.06    1.24977E-01   -61.94
 -160.00   155.00     -13.28  -19.37  -12.33    0.00000   -26.39  LINEAR    1.49455E-01   144.78    7.41649E-02   -35.22
 -155.00   155.00     -15.80  -21.57  -14.78    0.00000   -27.23  LINEAR    1.11843E-01  -158.59    5.75447E-02    21.41
 -150.00   155.00     -13.28  -18.66  -12.17    0.00000   -28.30  LINEAR    1.49536E-01  -117.33    8.05173E-02    62.67
 -145.00   155.00     -11.55  -16.45  -10.33    0.00000   -29.65  LINEAR    1.82456E-01   -97.22    1.03865E-01    82.78
 -140.00   155.00     -11.24  -15.55   -9.87    0.00000   -31.33  LINEAR    1.89043E-01   -83.14    1.15074E-01    96.86
 -135.00   155.00     -11.98  -15.60  -10.41    0.00000   -33.40  LINEAR    1.73658E-01   -70.32    1.14520E-01   109.68
 -130.00   155.00     -13.48  -16.27  -11.64    0.00000   -35.96  LINEAR    1.46120E-01   -57.11    1.06002E-01   122.89
 -125.00   155.00     -15.52  -17.32  -13.32    0.00000   -39.11  LINEAR    1.15501E-01   -42.82    9.39007E-02   137.18
 -120.00   155.00     -17.91  -18.52  -15.19    0.00000   -43.00  LINEAR    8.77256E-02   -27.35    8.18143E-02   152.65
 -115.00   155.00     -20.49  -19.63  -17.03    0.00000   -47.81  LINEAR    6.52211E-02   -11.17    7.19636E-02   168.83
 -110.00   155.00     -23.18  -20.49  -18.62    0.00000   -53.74  LINEAR    4.78086E-02     4.73    6.51819E-02  -175.27
 -105.00   155.00     -26.13  -21.02  -19.85    0.00000   -60.97  LINEAR    3.40639E-02    19.32    6.13720E-02  -160.68
 -100.00   155.00     -29.77  -21.19  -20.63    0.00000   -69.58  LINEAR    2.23939E-02    31.95    6.01357E-02  -148.05
  -95.00   155.00     -35.61  -21.04  -20.89    0.00000   -79.41  LINEAR    1.14378E-02    42.60    6.11952E-02  -137.40
  -90.00   155.00    -999.99  -20.59  -20.59    0.00000   -90.00  LINEAR    7.05464E-13    51.67    6.44595E-02  -128.33
  -85.00   155.00     -34.46  -19.89  -19.74    0.00000    79.41  LINEAR    1.30544E-02  -120.25    6.98447E-02  -120.25
  -80.00   155.00     -27.63  -19.05  -18.48    0.00000    69.58  LINEAR    2.86688E-02  -112.66    7.69860E-02  -112.66
  -75.00   155.00     -23.31  -18.20  -17.03    0.00000    60.97  LINEAR    4.71159E-02  -105.20    8.48875E-02  -105.20
  -70.00   155.00     -20.24  -17.54  -15.68    0.00000    53.74  LINEAR    6.71215E-02   -97.71    9.15130E-02   -97.71
  -65.00   155.00     -18.23  -17.37  -14.77    0.00000    47.81  LINEAR    8.46004E-02   -90.05    9.33463E-02   -90.05
  -60.00   155.00     -17.58  -18.18  -14.86    0.00000    43.00  LINEAR    9.11830E-02   -81.87    8.50387E-02   -81.87
  -55.00   155.00     -19.50  -21.29  -17.29    0.00000    39.11  LINEAR    7.31064E-02   -71.32    5.94342E-02   -71.32
  -50.00   155.00     -31.47  -34.26  -29.64    0.00000    35.96  LINEAR    1.84109E-02   -11.71    1.33561E-02   -11.71
  -45.00   155.00     -14.71  -18.32  -13.14    0.00000    33.40  LINEAR    1.26852E-01   101.00    8.36533E-02   101.00
  -40.00   155.00      -5.80  -10.11   -4.43    0.00000    31.33  LINEAR    3.53878E-01   111.39    2.15413E-01   111.39
  -35.00   155.00       0.06   -4.84    1.28    0.00000    29.65  LINEAR    6.94468E-01   117.53    3.95331E-01   117.53
  -30.00   155.00       4.46   -0.92    5.56    0.00000    28.30  LINEAR    1.15218E+00   122.20    6.20387E-01   122.20
  -25.00   155.00       7.88    2.11    8.90    0.00000    27.23  LINEAR    1.70884E+00   125.93    8.79223E-01   125.93
  -20.00   155.00      10.54    4.45   11.49    0.00000    26.39  LINEAR    2.32060E+00   128.88    1.15156E+00   128.88
  -15.00   155.00      12.54    6.21   13.45    0.00000    25.77  LINEAR    2.92069E+00   131.13    1.40999E+00   131.13
  -10.00   155.00      13.93    7.44   14.81    0.00000    25.34  LINEAR    3.42981E+00   132.72    1.62402E+00   132.72
   -5.00   155.00      14.76    8.16   15.62    0.00000    25.08  LINEAR    3.77211E+00   133.66    1.76568E+00   133.66
    0.00   155.00      15.03    8.40   15.89    0.00000    25.00  LINEAR    3.89287E+00   133.98    1.81527E+00   133.98
 -180.00   160.00      -2.61  -11.39   -2.07    0.00000   -20.00  LINEAR    5.10580E-01   100.49    1.85836E-01   -79.51
 -175.00   160.00      -3.14  -11.89   -2.60    0.00000   -20.07  LINEAR    4.80331E-01   102.09    1.75494E-01   -77.91
 -170.00   160.00      -4.79  -13.43   -4.23    0.00000   -20.28  LINEAR    3.97498E-01   107.50    1.46909E-01   -72.50
 -165.00   160.00      -7.69  -16.16   -7.11    0.00000   -20.65  LINEAR    2.84742E-01   119.32    1.07294E-01   -60.68
 -160.00   160.00     -11.67  -19.90  -11.06    0.00000   -21.17  LINEAR    1.80052E-01   145.49    6.97392E-02   -34.51
 -155.00   160.00     -13.73  -21.66  -13.08    0.00000   -21.88  LINEAR    1.41930E-01  -166.13    5.69988E-02    13.87
 -150.00   160.00     -11.92  -19.45  -11.21    0.00000   -22.80  LINEAR    1.74948E-01  -127.28    7.35265E-02    52.72
 -145.00   160.00     -10.32  -17.37   -9.54    0.00000   -23.96  LINEAR    2.10259E-01  -106.09    9.34234E-02    73.91
 -140.00   160.00      -9.88  -16.34   -8.99    0.00000   -25.41  LINEAR    2.21287E-01   -91.25    1.05140E-01    88.75
 -135.00   160.00     -10.38  -16.14   -9.35    0.00000   -27.24  LINEAR    2.08909E-01   -77.96    1.07532E-01   102.04
 -130.00   160.00     -11.58  -16.52  -10.38    0.00000   -29.52  LINEAR    1.81789E-01   -64.33    1.02936E-01   115.67
 -125.00   160.00     -13.29  -17.24  -11.82    0.00000   -32.40  LINEAR    1.49342E-01   -49.46    9.47669E-02   130.54
 -120.00   160.00     -15.30  -18.05  -13.45    0.00000   -36.05  LINEAR    1.18559E-01   -33.04    8.63040E-02   146.96
 -115.00   160.00     -17.42  -18.72  -15.01    0.00000   -40.74  LINEAR    9.28272E-02   -15.49    7.99453E-02   164.51
 -110.00   160.00     -19.60  -19.06  -16.32    0.00000   -46.78  LINEAR    7.21970E-02     2.11    7.68304E-02  -177.89
 -105.00   160.00     -22.01  -19.05  -17.27    0.00000   -54.58  LINEAR    5.47175E-02    18.52    7.69478E-02  -161.48
 -100.00   160.00     -25.18  -18.75  -17.86    0.00000   -64.49  LINEAR    3.80160E-02    32.99    7.96824E-02  -147.01
  -95.00   160.00     -30.67  -18.25  -18.01    0.00000   -76.53  LINEAR    2.02012E-02    45.41    8.43621E-02  -134.59
  -90.00   160.00    -999.99  -17.65  -17.65    0.00000   -90.00  LINEAR    1.26819E-12    56.14    9.04463E-02  -123.86
  -85.00   160.00     -29.42  -17.00  -16.76    0.00000    76.53  LINEAR    2.33228E-02  -114.39    9.73982E-02  -114.39
  -80.00   160.00     -22.83  -16.40  -15.51    0.00000    64.49  LINEAR    4.98165E-02  -105.73    1.04416E-01  -105.73
  -75.00   160.00     -18.90  -15.94  -14.16    0.00000    54.58  LINEAR    7.83134E-02   -97.52    1.10130E-01   -97.52
  -70.00   160.00     -16.31  -15.77  -13.02    0.00000    46.78  LINEAR    1.05533E-01   -89.43    1.12306E-01   -89.43
  -65.00   160.00     -14.84  -16.14  -12.43    0.00000    40.74  LINEAR    1.24974E-01   -81.01    1.07631E-01   -81.01
  -60.00   160.00     -14.77  -17.53  -12.92    0.00000    36.05  LINEAR    1.25983E-01   -71.20    9.17084E-02   -71.20
  -55.00   160.00     -17.26  -21.22  -15.80    0.00000    32.40  LINEAR    9.45094E-02   -55.13    5.99722E-02   -55.13
  -50.00   160.00     -23.39  -28.33  -22.18    0.00000    29.52  LINEAR    4.67006E-02    23.34    2.64436E-02    23.34
  -45.00   160.00     -11.47  -17.24  -10.45    0.00000    27.24  LINEAR    1.84175E-01    94.86    9.48005E-02    94.86
  -40.00   160.00      -3.70  -10.17   -2.82    0.00000    25.41  LINEAR    4.50291E-01   108.95    2.13946E-01   108.95
  -35.00   160.00       1.61   -5.43    2.40    0.00000    23.96  LINEAR    8.30615E-01   116.40    3.69064E-01   116.40
  -30.00   160.00       5.64   -1.89    6.35    0.00000    22.80  LINEAR    1.32036E+00   121.64    5.54915E-01   121.64
  -25.00   160.00       8.78    0.86    9.43    0.00000    21.88  LINEAR    1.89556E+00   125.65    7.61249E-01   125.65
  -20.00   160.00      11.22    2.98   11.83    0.00000    21.17  LINEAR    2.51031E+00   128.75    9.72314E-01   128.75
  -15.00   160.00      13.05    4.58   13.63    0.00000    20.65  LINEAR    3.10046E+00   131.07    1.16828E+00   131.07
  -10.00   160.00      14.34    5.69   14.89    0.00000    20.28  LINEAR    3.59327E+00   132.69    1.32802E+00   132.69
   -5.00   160.00      15.09    6.35   15.64    0.00000    20.07  LINEAR    3.92118E+00   133.66    1.43265E+00   133.66
    0.00   160.00      15.35    6.57   15.89    0.00000    20.00  LINEAR    4.03626E+00   133.98    1.46908E+00   133.98
 -180.00   165.00      -2.37  -13.81   -2.07    0.00000   -15.00  LINEAR    5.24834E-01   100.49    1.40629E-01   -79.51
 -175.00   165.00      -2.87  -14.28   -2.57    0.00000   -15.05  LINEAR    4.95621E-01   102.20    1.33308E-01   -77.80
 -170.00   165.00      -4.40  -15.71   -4.09    0.00000   -15.22  LINEAR    4.15527E-01   107.93    1.13058E-01   -72.07
 -165.00   165.00      -7.04  -18.18   -6.72    0.00000   -15.50  LINEAR    3.06601E-01   120.27    8.50515E-02   -59.73
 -160.00   165.00     -10.47  -21.37  -10.13    0.00000   -15.92  LINEAR    2.06693E-01   146.00    5.89376E-02   -34.00
 -155.00   165.00     -12.16  -22.74  -11.79    0.00000   -16.47  LINEAR    1.70202E-01  -170.61    5.03202E-02     9.39
 -150.00   165.00     -10.71  -20.90  -10.31    0.00000   -17.19  LINEAR    2.01099E-01  -134.23    6.22203E-02    45.77
 -145.00   165.00      -9.24  -18.94   -8.80    0.00000   -18.11  LINEAR    2.38127E-01  -112.73    7.78927E-02    67.27
 -140.00   165.00      -8.74  -17.87   -8.24    0.00000   -19.28  LINEAR    2.52119E-01   -97.42    8.81870E-02    82.58
 -135.00   165.00      -9.13  -17.56   -8.55    0.00000   -20.75  LINEAR    2.41171E-01   -83.75    9.13889E-02    96.25
 -130.00   165.00     -10.21  -17.81   -9.51    0.00000   -22.63  LINEAR    2.13014E-01   -69.70    8.87958E-02   110.30
 -125.00   165.00     -11.79  -18.40  -10.93    0.00000   -25.04  LINEAR    1.77591E-01   -54.15    8.29624E-02   125.85
 -120.00   165.00     -13.65  -19.07  -12.56    0.00000   -28.19  LINEAR    1.43236E-01   -36.62    7.67598E-02   143.38
 -115.00   165.00     -15.59  -19.55  -14.13    0.00000   -32.38  LINEAR    1.14556E-01   -17.50    7.26309E-02   162.50
 -110.00   165.00     -17.52  -19.64  -15.44    0.00000   -38.08  LINEAR    9.18102E-02     1.84    7.19269E-02  -178.16
 -105.00   165.00     -19.61  -19.31  -16.45    0.00000   -45.99  LINEAR    7.21273E-02    19.71    7.46717E-02  -160.29
 -100.00   165.00     -22.47  -18.71  -17.18    0.00000   -57.05  LINEAR    5.18770E-02    35.17    8.00491E-02  -144.83
  -95.00   165.00     -27.73  -17.97  -17.54    0.00000   -71.98  LINEAR    2.83315E-02    48.21    8.71015E-02  -131.79
  -90.00   165.00    -999.99  -17.22  -17.22    0.00000   -90.00  LINEAR    1.80972E-12    59.31    9.50177E-02  -120.69
  -85.00   165.00     -26.27  -16.52  -16.08    0.00000    71.98  LINEAR    3.35088E-02  -110.97    1.03019E-01  -110.97
  -80.00   165.00     -19.71  -15.94  -14.42    0.00000    57.05  LINEAR    7.13489E-02  -102.10    1.10095E-01  -102.10
  -75.00   165.00     -15.88  -15.58  -12.72    0.00000    45.99  LINEAR    1.10849E-01   -93.68    1.14759E-01   -93.68
  -70.00   165.00     -13.45  -15.57  -11.37    0.00000    38.08  LINEAR    1.46619E-01   -85.31    1.14866E-01   -85.31
  -65.00   165.00     -12.18  -16.14  -10.71    0.00000    32.38  LINEAR    1.69672E-01   -76.43    1.07575E-01   -76.43
  -60.00   165.00     -12.31  -17.73  -11.21    0.00000    28.19  LINEAR    1.67183E-01   -65.66    8.95933E-02   -65.66
  -55.00   165.00     -14.81  -21.42  -13.95    0.00000    25.04  LINEAR    1.25372E-01   -47.06    5.85684E-02   -47.06
  -50.00   165.00     -19.12  -26.72  -18.43    0.00000    22.63  LINEAR    7.63170E-02    24.99    3.18131E-02    24.99
  -45.00   165.00      -9.51  -17.94   -8.93    0.00000    20.75  LINEAR    2.30770E-01    91.00    8.74473E-02    91.00
  -40.00   165.00      -2.28  -11.40   -1.78    0.00000    19.28  LINEAR    5.30708E-01   107.30    1.85632E-01   107.30
  -35.00   165.00       2.74   -6.97    3.18    0.00000    18.11  LINEAR    9.45518E-01   115.60    3.09284E-01   115.60
  -30.00   165.00       6.53   -3.66    6.92    0.00000    17.19  LINEAR    1.46236E+00   121.24    4.52456E-01   121.24
  -25.00   165.00       9.47   -1.11    9.83    0.00000    16.47  LINEAR    2.05221E+00   125.44    6.06735E-01   125.44
  -20.00   165.00      11.75    0.85   12.09    0.00000    15.92  LINEAR    2.66771E+00   128.64    7.60686E-01   128.64
  -15.00   165.00      13.46    2.32   13.78    0.00000    15.50  LINEAR    3.24739E+00   131.02    9.00831E-01   131.02
  -10.00   165.00      14.65    3.34   14.96    0.00000    15.22  LINEAR    3.72458E+00   132.68    1.01339E+00   132.68
   -5.00   165.00      15.35    3.95   15.65    0.00000    15.05  LINEAR    4.03909E+00   133.65    1.08640E+00   133.65
    0.00   165.00      15.58    4.15   15.89    0.00000    15.00  LINEAR    4.14894E+00   133.98    1.11171E+00   133.98
 -180.00   170.00      -2.21  -17.28   -2.07    0.00000   -10.00  LINEAR    5.35093E-01   100.49    9.43514E-02   -79.51
 -175.00   170.00      -2.68  -17.72   -2.55    0.00000   -10.04  LINEAR    5.06724E-01   102.27    8.96904E-02   -77.73
 -170.00   170.00      -4.13  -19.07   -3.99    0.00000   -10.15  LINEAR    4.28895E-01   108.25    7.67925E-02   -71.75
 -165.00   170.00      -6.58  -21.36   -6.44    0.00000   -10.35  LINEAR    3.23215E-01   120.93    5.90020E-02   -59.07
 -160.00   170.00      -9.64  -24.17   -9.49    0.00000   -10.63  LINEAR    2.27382E-01   146.34    4.26668E-02   -33.66
 -155.00   170.00     -11.06  -25.28  -10.90    0.00000   -11.01  LINEAR    1.93135E-01  -173.24    3.75755E-02     6.76
 -150.00   170.00      -9.79  -23.61   -9.61    0.00000   -11.51  LINEAR    2.23574E-01  -138.72    4.55208E-02    41.28
 -145.00   170.00      -8.41  -21.75   -8.21    0.00000   -12.15  LINEAR    2.61975E-01  -117.25    5.63916E-02    62.75
 -140.00   170.00      -7.90  -20.66   -7.67    0.00000   -12.96  LINEAR    2.77828E-01  -101.71    6.39500E-02    78.29
 -135.00   170.00      -8.24  -20.30   -7.97    0.00000   -14.00  LINEAR    2.67256E-01   -87.83    6.66439E-02    92.17
 -130.00   170.00      -9.27  -20.50   -8.95    0.00000   -15.34  LINEAR    2.37317E-01   -73.49    6.50999E-02   106.51
 -125.00   170.00     -10.82  -21.06  -10.43    0.00000   -17.09  LINEAR    1.98537E-01   -57.44    6.10336E-02   122.56
 -120.00   170.00     -12.66  -21.71  -12.15    0.00000   -19.43  LINEAR    1.60621E-01   -39.00    5.66436E-02   141.00
 -115.00   170.00     -14.53  -22.12  -13.83    0.00000   -22.65  LINEAR    1.29489E-01   -18.52    5.40260E-02   161.48
 -110.00   170.00     -16.30  -22.05  -15.28    0.00000   -27.27  LINEAR    1.05622E-01     2.28    5.44529E-02  -177.72
 -105.00   170.00     -18.18  -21.51  -16.53    0.00000   -34.27  LINEAR    8.50477E-02    21.23    5.79409E-02  -158.77
 -100.00   170.00     -20.83  -20.70  -17.75    0.00000   -45.44  LINEAR    6.26887E-02    37.24    6.36558E-02  -142.76
  -95.00   170.00     -25.91  -19.79  -18.84    0.00000   -63.70  LINEAR    3.49154E-02    50.46    7.06382E-02  -129.54
  -90.00   170.00    -999.99  -18.92  -18.92    0.00000   -90.00  LINEAR    2.26039E-12    61.54    7.80984E-02  -118.46
  -85.00   170.00     -24.28  -18.16  -17.21    0.00000    63.70  LINEAR    4.21643E-02  -108.81    8.53036E-02  -108.81
  -80.00   170.00     -17.69  -17.56  -14.62    0.00000    45.44  LINEAR    8.99605E-02  -100.02    9.13483E-02  -100.02
  -75.00   170.00     -13.89  -17.22  -12.23    0.00000    34.27  LINEAR    1.39398E-01   -91.62    9.49686E-02   -91.62
  -70.00   170.00     -11.52  -17.27  -10.49    0.00000    27.27  LINEAR    1.83216E-01   -83.20    9.44563E-02   -83.20
  -65.00   170.00     -10.32  -17.91   -9.62    0.00000    22.65  LINEAR    2.10227E-01   -74.15    8.77121E-02   -74.15
  -60.00   170.00     -10.51  -19.56  -10.00    0.00000    19.43  LINEAR    2.05696E-01   -63.01    7.25396E-02   -63.01
  -55.00   170.00     -12.92  -23.17  -12.53    0.00000    17.09  LINEAR    1.55852E-01   -43.72    4.79114E-02   -43.72
  -50.00   170.00     -16.75  -27.98  -16.43    0.00000    15.34  LINEAR    1.00337E-01    22.82    2.75241E-02    22.82
  -45.00   170.00      -8.33  -20.39   -8.06    0.00000    14.00  LINEAR    2.64520E-01    88.37    6.59619E-02    88.37
  -40.00   170.00      -1.35  -14.11   -1.12    0.00000    12.96  LINEAR    5.90664E-01   106.19    1.35958E-01   106.19
  -35.00   170.00       3.50   -9.84    3.70    0.00000    12.15  LINEAR    1.03237E+00   115.06    2.22223E-01   115.06
  -30.00   170.00       7.14   -6.68    7.32    0.00000    11.51  LINEAR    1.56998E+00   120.96    3.19657E-01   120.96
  -25.00   170.00       9.96   -4.26   10.12    0.00000    11.01  LINEAR    2.17053E+00   125.29    4.22287E-01   125.29
  -20.00   170.00      12.12   -2.41   12.27    0.00000    10.63  LINEAR    2.78569E+00   128.57    5.22716E-01   128.57
  -15.00   170.00      13.74   -1.03   13.89    0.00000    10.35  LINEAR    3.35634E+00   130.99    6.12691E-01   130.99
  -10.00   170.00      14.87   -0.07   15.01    0.00000    10.15  LINEAR    3.82071E+00   132.66    6.84087E-01   132.66
   -5.00   170.00      15.53    0.49   15.67    0.00000    10.04  LINEAR    4.12439E+00   133.65    7.30019E-01   133.65
    0.00   170.00      15.75    0.68   15.89    0.00000    10.00  LINEAR    4.23005E+00   133.98    7.45872E-01   133.98
 -180.00   175.00      -2.11  -23.27   -2.07    0.00000    -5.00  LINEAR    5.41280E-01   100.49    4.73559E-02   -79.51
 -175.00   175.00      -2.56  -23.69   -2.53    0.00000    -5.02  LINEAR    5.13461E-01   102.32    4.50936E-02   -77.68
 -170.00   175.00      -3.96  -24.99   -3.93    0.00000    -5.08  LINEAR    4.37120E-01   108.44    3.88330E-02   -71.56
 -165.00   175.00      -6.31  -27.17   -6.27    0.00000    -5.18  LINEAR    3.33604E-01   121.32    3.02162E-02   -58.68
 -160.00   175.00      -9.15  -29.77   -9.11    0.00000    -5.32  LINEAR    2.40502E-01   146.53    2.23916E-02   -33.47
 -155.00   175.00     -10.41  -30.72  -10.37    0.00000    -5.51  LINEAR    2.08042E-01  -174.64    2.00829E-02     5.36
 -150.00   175.00      -9.22  -29.13   -9.17    0.00000    -5.77  LINEAR    2.38684E-01  -141.21    2.41126E-02    38.79
 -145.00   175.00      -7.89  -27.32   -7.84    0.00000    -6.10  LINEAR    2.78040E-01  -119.85    2.96957E-02    60.15
 -140.00   175.00      -7.38  -26.23   -7.32    0.00000    -6.52  LINEAR    2.94923E-01  -104.24    3.36827E-02    75.76
 -135.00   175.00      -7.70  -25.85   -7.63    0.00000    -7.05  LINEAR    2.84277E-01   -90.26    3.51730E-02    89.74
 -130.00   175.00      -8.72  -26.04   -8.64    0.00000    -7.75  LINEAR    2.52759E-01   -75.78    3.44026E-02   104.22
 -125.00   175.00     -10.28  -26.61  -10.18    0.00000    -8.67  LINEAR    2.11335E-01   -59.44    3.22353E-02   120.56
 -120.00   175.00     -12.13  -27.27  -12.00    0.00000    -9.92  LINEAR    1.70747E-01   -40.41    2.98769E-02   139.59
 -115.00   175.00     -13.98  -27.66  -13.80    0.00000   -11.70  LINEAR    1.37959E-01   -19.01    2.85598E-02   160.99
 -110.00   175.00     -15.66  -27.51  -15.39    0.00000   -14.35  LINEAR    1.13646E-01     2.77    2.90706E-02  -177.23
 -105.00   175.00     -17.41  -26.83  -16.94    0.00000   -18.68  LINEAR    9.29210E-02    22.39    3.14101E-02  -157.61
 -100.00   175.00     -19.93  -25.88  -18.95    0.00000   -26.74  LINEAR    6.95420E-02    38.67    3.50371E-02  -141.33
  -95.00   175.00     -24.91  -24.88  -21.88    0.00000   -45.11  LINEAR    3.91997E-02    51.90    3.93495E-02  -128.10
  -90.00   175.00    -999.99  -23.93  -23.93    0.00000   -90.00  LINEAR    2.55889E-12    62.88    4.38675E-02  -117.12
  -85.00   175.00     -23.15  -23.12  -20.13    0.00000    45.11  LINEAR    4.79727E-02  -107.60    4.81559E-02  -107.60
  -80.00   175.00     -16.55  -22.51  -15.57    0.00000    26.74  LINEAR    1.02584E-01   -98.91    5.16844E-02   -98.91
  -75.00   175.00     -12.75  -22.17  -12.28    0.00000    18.68  LINEAR    1.58942E-01   -90.58    5.37272E-02   -90.58
  -70.00   175.00     -10.39  -22.23  -10.12    0.00000    14.35  LINEAR    2.08495E-01   -82.18    5.33329E-02   -82.18
  -65.00   175.00      -9.22  -22.90   -9.04    0.00000    11.70  LINEAR    2.38526E-01   -73.09    4.93787E-02   -73.09
  -60.00   175.00      -9.43  -24.57   -9.30    0.00000     9.92  LINEAR    2.32961E-01   -61.85    4.07629E-02   -61.85
  -55.00   175.00     -11.77  -28.11  -11.67    0.00000     8.67  LINEAR    1.77852E-01   -42.49    2.71280E-02   -42.49
  -50.00   175.00     -15.48  -32.80  -15.40    0.00000     7.75  LINEAR    1.16108E-01    20.79    1.58032E-02    20.79
  -45.00   175.00      -7.68  -25.84   -7.62    0.00000     7.05  LINEAR    2.84770E-01    86.78    3.52339E-02    86.78
  -40.00   175.00      -0.82  -19.67   -0.77    0.00000     6.52  LINEAR    6.27498E-01   105.55    7.16655E-02   105.55
  -35.00   175.00       3.94  -15.48    3.99    0.00000     6.10  LINEAR    1.08636E+00   114.74    1.16027E-01   114.74
  -30.00   175.00       7.51  -12.40    7.55    0.00000     5.77  LINEAR    1.63708E+00   120.79    1.65383E-01   120.79
  -25.00   175.00      10.25  -10.06   10.29    0.00000     5.51  LINEAR    2.24416E+00   125.21    2.16636E-01   125.21
  -20.00   175.00      12.35   -8.27   12.39    0.00000     5.32  LINEAR    2.85877E+00   128.52    2.66162E-01   128.52
  -15.00   175.00      13.91   -6.95   13.95    0.00000     5.18  LINEAR    3.42337E+00   130.97    3.10071E-01   130.97
  -10.00   175.00      15.00   -6.03   15.03    0.00000     5.08  LINEAR    3.87934E+00   132.66    3.44634E-01   132.66
   -5.00   175.00      15.64   -5.49   15.67    0.00000     5.02  LINEAR    4.17601E+00   133.65    3.66749E-01   133.65
    0.00   175.00      15.85   -5.31   15.89    0.00000     5.00  LINEAR    4.27896E+00   133.98    3.74360E-01   133.98
 -180.00   180.00      -2.07 -999.99   -2.07    0.00000     0.00  LINEAR    5.43348E-01   100.49    5.54586E-12   100.49
 -175.00   180.00      -2.53 -999.99   -2.53    0.00000     0.00  LINEAR    5.15719E-01   102.33    5.28396E-12   102.33
 -170.00   180.00      -3.91 -999.99   -3.91    0.00000     0.00  LINEAR    4.39897E-01   108.50    4.55921E-12   108.50
 -165.00   180.00      -6.22 -999.99   -6.22    0.00000     0.00  LINEAR    3.37140E-01   121.45    3.56252E-12   121.45
 -160.00   180.00      -8.99 -999.99   -8.99    0.00000     0.00  LINEAR    2.44997E-01   146.60    2.66113E-12   146.60
 -155.00   180.00     -10.20 -999.99  -10.20    0.00000     0.00  LINEAR    2.13208E-01  -175.07    2.40114E-12  -175.07
 -150.00   180.00      -9.03 -999.99   -9.03    0.00000     0.00  LINEAR    2.44002E-01  -142.01    2.87576E-12  -142.01
 -145.00   180.00      -7.72 -999.99   -7.72    0.00000     0.00  LINEAR    2.83706E-01  -120.70    3.53504E-12  -120.70
 -140.00   180.00      -7.21 -999.99   -7.21    0.00000     0.00  LINEAR    3.00921E-01  -105.07    4.00949E-12  -105.07
 -135.00   180.00      -7.52 -999.99   -7.52    0.00000     0.00  LINEAR    2.90198E-01   -91.07    4.18889E-12   -91.07
 -130.00   180.00      -8.54 -999.99   -8.54    0.00000     0.00  LINEAR    2.58058E-01   -76.55    4.09770E-12   -76.55
 -125.00   180.00     -10.10 -999.99  -10.10    0.00000     0.00  LINEAR    2.15632E-01   -60.11    3.83717E-12   -60.11
 -120.00   180.00     -11.96 -999.99  -11.96    0.00000     0.00  LINEAR    1.74048E-01   -40.88    3.55296E-12   -40.88
 -115.00   180.00     -13.81 -999.99  -13.81    0.00000     0.00  LINEAR    1.40672E-01   -19.15    3.39743E-12   -19.15
 -110.00   180.00     -15.47 -999.99  -15.47    0.00000     0.00  LINEAR    1.16256E-01     2.97    3.46941E-12     2.97
 -105.00   180.00     -17.17 -999.99  -17.17    0.00000     0.00  LINEAR    9.55582E-02    22.81    3.76845E-12    22.81
 -100.00   180.00     -19.64 -999.99  -19.64    0.00000     0.00  LINEAR    7.18880E-02    39.18    4.22549E-12    39.18
  -95.00   180.00     -24.59 -999.99  -24.59    0.00000     0.00  LINEAR    4.06860E-02    52.40    4.76475E-12    52.40
  -90.00   180.00    -999.99 -999.99 -999.99    0.00000     0.00            2.66334E-12    63.33    5.32668E-12    63.33
  -85.00   180.00     -22.79 -999.99  -22.79    0.00000     0.00  LINEAR    5.00179E-02  -107.20    5.85761E-12    72.80
  -80.00   180.00     -16.18 -999.99  -16.18    0.00000     0.00  LINEAR    1.07051E-01   -98.56    6.29234E-12    81.44
  -75.00   180.00     -12.38 -999.99  -12.38    0.00000     0.00  LINEAR    1.65891E-01   -90.27    6.54209E-12    89.73
  -70.00   180.00     -10.02 -999.99  -10.02    0.00000     0.00  LINEAR    2.17521E-01   -81.88    6.49142E-12    98.12
  -65.00   180.00      -8.86 -999.99   -8.86    0.00000     0.00  LINEAR    2.48677E-01   -72.79    6.00591E-12   107.21
  -60.00   180.00      -9.07 -999.99   -9.07    0.00000     0.00  LINEAR    2.42802E-01   -61.53    4.95647E-12   118.47
  -55.00   180.00     -11.39 -999.99  -11.39    0.00000     0.00  LINEAR    1.85849E-01   -42.19    3.30720E-12   137.81
  -50.00   180.00     -15.07 -999.99  -15.07    0.00000     0.00  LINEAR    1.21627E-01    20.03    1.93132E-12  -159.97
  -45.00   180.00      -7.48 -999.99   -7.48    0.00000     0.00  LINEAR    2.91499E-01    86.24    4.20768E-12   -93.76
  -40.00   180.00      -0.65 -999.99   -0.65    0.00000     0.00  LINEAR    6.39902E-01   105.33    8.52609E-12   -74.67
  -35.00   180.00       4.09 -999.99    4.09    0.00000     0.00  LINEAR    1.10466E+00   114.64    1.37644E-11   -65.36
  -30.00   180.00       7.63 -999.99    7.63    0.00000     0.00  LINEAR    1.65988E+00   120.74    1.95630E-11   -59.26
  -25.00   180.00      10.34 -999.99   10.34    0.00000     0.00  LINEAR    2.26916E+00   125.18    2.55552E-11   -54.82
  -20.00   180.00      12.42 -999.99   12.42    0.00000     0.00  LINEAR    2.88352E+00   128.51    3.13205E-11   -51.49
  -15.00   180.00      13.97 -999.99   13.97    0.00000     0.00  LINEAR    3.44599E+00   130.96    3.64134E-11   -49.04
  -10.00   180.00      15.04 -999.99   15.04    0.00000     0.00  LINEAR    3.89905E+00   132.65    4.04109E-11   -47.35
   -5.00   180.00      15.68 -999.99   15.68    0.00000     0.00  LINEAR    4.19329E+00   133.65    4.29637E-11   -46.35
    0.00   180.00      15.89 -999.99   15.89    0.00000     0.00  LINEAR    4.29530E+00   133.98    4.38414E-11   -46.02
 -180.00   185.00      -2.11  -23.27   -2.07    0.00000     5.00  LINEAR    5.41280E-01   100.49    4.73559E-02   100.49
 -175.00   185.00      -2.56  -23.69   -2.53    0.00000     5.02  LINEAR    5.13461E-01   102.32    4.50936E-02   102.32
 -170.00   185.00      -3.96  -24.99   -3.93    0.00000     5.08  LINEAR    4.37120E-01   108.44    3.88330E-02   108.44
 -165.00   185.00      -6.31  -27.17   -6.27    0.00000     5.18  LINEAR    3.33604E-01   121.32    3.02162E-02   121.32
 -160.00   185.00      -9.15  -29.77   -9.11    0.00000     5.32  LINEAR    2.40502E-01   146.53    2.23916E-02   146.53
 -155.00   185.00     -10.41  -30.72  -10.37    0.00000     5.51  LINEAR    2.08042E-01  -174.64    2.00829E-02  -174.64
 -150.00   185.00      -9.22  -29.13   -9.17    0.00000     5.77  LINEAR    2.38684E-01  -141.21    2.41126E-02  -141.21
 -145.00   185.00      -7.89  -27.32   -7.84    0.00000     6.10  LINEAR    2.78040E-01  -119.85    2.96957E-02  -119.85
 -140.00   185.00      -7.38  -26.23   -7.32    0.00000     6.52  LINEAR    2.94923E-01  -104.24    3.36827E-02  -104.24
 -135.00   185.00      -7.70  -25.85   -7.63    0.00000     7.05  LINEAR    2.84277E-01   -90.26    3.51730E-02   -90.26
 -130.00   185.00      -8.72  -26.04   -8.64    0.00000     7.75  LINEAR    2.52759E-01   -75.78    3.44026E-02   -75.78
 -125.00   185.00     -10.28  -26.61  -10.18    0.00000     8.67  LINEAR    2.11335E-01   -59.44    3.22353E-02   -59.44
 -120.00   185.00     -12.13  -27.27  -12.00    0.00000     9.92  LINEAR    1.70747E-01   -40.41    2.98769E-02   -40.41
 -115.00   185.00     -13.98  -27.66  -13.80    0.00000    11.70  LINEAR    1.37959E-01   -19.01    2.85598E-02   -19.01
 -110.00   185.00     -15.66  -27.51  -15.39    0.00000    14.35  LINEAR    1.13646E-01     2.77    2.90706E-02     2.77
 -105.00   185.00     -17.41  -26.83  -16.94    0.00000    18.68  LINEAR    9.29210E-02    22.39    3.14101E-02    22.39
 -100.00   185.00     -19.93  -25.88  -18.95    0.00000    26.74  LINEAR    6.95420E-02    38.67    3.50371E-02    38.67
  -95.00   185.00     -24.91  -24.88  -21.88    0.00000    45.11  LINEAR    3.91997E-02    51.90    3.93495E-02    51.90
  -90.00   185.00    -999.99  -23.93  -23.93    0.00000    90.00  LINEAR    2.55889E-12    62.88    4.38675E-02    62.88
  -85.00   185.00     -23.15  -23.12  -20.13    0.00000   -45.11  LINEAR    4.79727E-02  -107.60    4.81559E-02    72.40
  -80.00   185.00     -16.55  -22.51  -15.57    0.00000   -26.74  LINEAR    1.02584E-01   -98.91    5.16844E-02    81.09
  -75.00   185.00     -12.75  -22.17  -12.28    0.00000   -18.68  LINEAR    1.58942E-01   -90.58    5.37272E-02    89.42
  -70.00   185.00     -10.39  -22.23  -10.12    0.00000   -14.35  LINEAR    2.08495E-01   -82.18    5.33329E-02    97.82
  -65.00   185.00      -9.22  -22.90   -9.04    0.00000   -11.70  LINEAR    2.38526E-01   -73.09    4.93787E-02   106.91
  -60.00   185.00      -9.43  -24.57   -9.30    0.00000    -9.92  LINEAR    2.32961E-01   -61.85    4.07629E-02   118.15
  -55.00   185.00     -11.77  -28.11  -11.67    0.00000    -8.67  LINEAR    1.77852E-01   -42.49    2.71280E-02   137.51
  -50.00   185.00     -15.48  -32.80  -15.40    0.00000    -7.75  LINEAR    1.16108E-01    20.79    1.58032E-02  -159.21
  -45.00   185.00      -7.68  -25.84   -7.62    0.00000    -7.05  LINEAR    2.84770E-01    86.78    3.52339E-02   -93.22
  -40.00   185.00      -0.82  -19.67   -0.77    0.00000    -6.52  LINEAR    6.27498E-01   105.55    7.16655E-02   -74.45
  -35.00   185.00       3.94  -15.48    3.99    0.00000    -6.10  LINEAR    1.08636E+00   114.74    1.16027E-01   -65.26
  -30.00   185.00       7.51  -12.40    7.55    0.00000    -5.77  LINEAR    1.63708E+00   120.79    1.65383E-01   -59.21
  -25.00   185.00      10.25  -10.06   10.29    0.00000    -5.51  LINEAR    2.24416E+00   125.21    2.16636E-01   -54.79
  -20.00   185.00      12.35   -8.27   12.39    0.00000    -5.32  LINEAR    2.85877E+00   128.52    2.66162E-01   -51.48
  -15.00   185.00      13.91   -6.95   13.95    0.00000    -5.18  LINEAR    3.42337E+00   130.97    3.10071E-01   -49.03
  -10.00   185.00      15.00   -6.03   15.03    0.00000    -5.08  LINEAR    3.87934E+00   132.66    3.44634E-01   -47.34
   -5.00   185.00      15.64   -5.49   15.67    0.00000    -5.02  LINEAR    4.17601E+00   133.65    3.66749E-01   -46.35
    0.00   185.00      15.85   -5.31   15.89    0.00000    -5.00  LINEAR    4.27896E+00   133.98    3.74360E-01   -46.02
 -180.00   190.00      -2.21  -17.28   -2.07    0.00000    10.00  LINEAR    5.35093E-01   100.49    9.43514E-02   100.49
 -175.00   190.00      -2.68  -17.72   -2.55    0.00000    10.04  LINEAR    5.06724E-01   102.27    8.96904E-02   102.27
 -170.00   190.00      -4.13  -19.07   -3.99    0.00000    10.15  LINEAR    4.28895E-01   108.25    7.67925E-02   108.25
 -165.00   190.00      -6.58  -21.36   -6.44    0.00000    10.35  LINEAR    3.23215E-01   120.93    5.90020E-02   120.93
 -160.00   190.00      -9.64  -24.17   -9.49    0.00000    10.63  LINEAR    2.27382E-01   146.34    4.26668E-02   146.34
 -155.00   190.00     -11.06  -25.28  -10.90    0.00000    11.01  LINEAR    1.93135E-01  -173.24    3.75755E-02  -173.24
 -150.00   190.00      -9.79  -23.61   -9.61    0.00000    11.51  LINEAR    2.23574E-01  -138.72    4.55208E-02  -138.72
 -145.00   190.00      -8.41  -21.75   -8.21    0.00000    12.15  LINEAR    2.61975E-01  -117.25    5.63916E-02  -117.25
 -140.00   190.00      -7.90  -20.66   -7.67    0.00000    12.96  LINEAR    2.77828E-01  -101.71    6.39500E-02  -101.71
 -135.00   190.00      -8.24  -20.30   -7.97    0.00000    14.00  LINEAR    2.67256E-01   -87.83    6.66439E-02   -87.83
 -130.00   190.00      -9.27  -20.50   -8.95    0.00000    15.34  LINEAR    2.37317E-01   -73.49    6.50999E-02   -73.49
 -125.00   190.00     -10.82  -21.06  -10.43    0.00000    17.09  LINEAR    1.98537E-01   -57.44    6.10336E-02   -57.44
 -120.00   190.00     -12.66  -21.71  -12.15    0.00000    19.43  LINEAR    1.60621E-01   -39.00    5.66436E-02   -39.00
 -115.00   190.00     -14.53  -22.12  -13.83    0.00000    22.65  LINEAR    1.29489E-01   -18.52    5.40260E-02   -18.52
 -110.00   190.00     -16.30  -22.05  -15.28    0.00000    27.27  LINEAR    1.05622E-01     2.28    5.44529E-02     2.28
 -105.00   190.00     -18.18  -21.51  -16.53    0.00000    34.27  LINEAR    8.50477E-02    21.23    5.79409E-02    21.23
 -100.00   190.00     -20.83  -20.70  -17.75    0.00000    45.44  LINEAR    6.26887E-02    37.24    6.36558E-02    37.24
  -95.00   190.00     -25.91  -19.79  -18.84    0.00000    63.70  LINEAR    3.49154E-02    50.46    7.06382E-02    50.46
  -90.00   190.00    -999.99  -18.92  -18.92    0.00000    90.00  LINEAR    2.26039E-12    61.54    7.80984E-02    61.54
  -85.00   190.00     -24.28  -18.16  -17.21    0.00000   -63.70  LINEAR    4.21643E-02  -108.81    8.53036E-02    71.19
  -80.00   190.00     -17.69  -17.56  -14.62    0.00000   -45.44  LINEAR    8.99605E-02  -100.02    9.13483E-02    79.98
  -75.00   190.00     -13.89  -17.22  -12.23    0.00000   -34.27  LINEAR    1.39398E-01   -91.62    9.49686E-02    88.38
  -70.00   190.00     -11.52  -17.27  -10.49    0.00000   -27.27  LINEAR    1.83216E-01   -83.20    9.44563E-02    96.80
  -65.00   190.00     -10.32  -17.91   -9.62    0.00000   -22.65  LINEAR    2.10227E-01   -74.15    8.77121E-02   105.85
  -60.00   190.00     -10.51  -19.56  -10.00    0.00000   -19.43  LINEAR    2.05696E-01   -63.01    7.25396E-02   116.99
  -55.00   190.00     -12.92  -23.17  -12.53    0.00000   -17.09  LINEAR    1.55852E-01   -43.72    4.79114E-02   136.28
  -50.00   190.00     -16.75  -27.98  -16.43    0.00000   -15.34  LINEAR    1.00337E-01    22.82    2.75241E-02  -157.18
  -45.00   190.00      -8.33  -20.39   -8.06    0.00000   -14.00  LINEAR    2.64520E-01    88.37    6.59619E-02   -91.63
  -40.00   190.00      -1.35  -14.11   -1.12    0.00000   -12.96  LINEAR    5.90664E-01   106.19    1.35958E-01   -73.81
  -35.00   190.00       3.50   -9.84    3.70    0.00000   -12.15  LINEAR    1.03237E+00   115.06    2.22223E-01   -64.94
  -30.00   190.00       7.14   -6.68    7.32    0.00000   -11.51  LINEAR    1.56998E+00   120.96    3.19657E-01   -59.04
  -25.00   190.00       9.96   -4.26   10.12    0.00000   -11.01  LINEAR    2.17053E+00   125.29    4.22287E-01   -54.71
  -20.00   190.00      12.12   -2.41   12.27    0.00000   -10.63  LINEAR    2.78569E+00   128.57    5.22716E-01   -51.43
  -15.00   190.00      13.74   -1.03   13.89    0.00000   -10.35  LINEAR    3.35634E+00   130.99    6.12691E-01   -49.01
  -10.00   190.00      14.87   -0.07   15.01    0.00000   -10.15  LINEAR    3.82071E+00   132.66    6.84087E-01   -47.34
   -5.00   190.00      15.53    0.49   15.67    0.00000   -10.04  LINEAR    4.12439E+00   133.65    7.30019E-01   -46.35
    0.00   190.00      15.75    0.68   15.89    0.00000   -10.00  LINEAR    4.23005E+00   133.98    7.45872E-01   -46.02
 -180.00   195.00      -2.37  -13.81   -2.07    0.00000    15.00  LINEAR    5.24834E-01   100.49    1.40629E-01   100.49
 -175.00   195.00      -2.87  -14.28   -2.57    0.00000    15.05  LINEAR    4.95621E-01   102.20    1.33308E-01   102.20
 -170.00   195.00      -4.40  -15.71   -4.09    0.00000    15.22  LINEAR    4.15527E-01   107.93    1.13058E-01   107.93
 -165.00   195.00      -7.04  -18.18   -6.72    0.00000    15.50  LINEAR    3.06601E-01   120.27    8.50515E-02   120.27
 -160.00   195.00     -10.47  -21.37  -10.13    0.00000    15.92  LINEAR    2.06693E-01   146.00    5.89376E-02   146.00
 -155.00   195.00     -12.16  -22.74  -11.79    0.00000    16.47  LINEAR    1.70202E-01  -170.61    5.03202E-02  -170.61
 -150.00   195.00     -10.71  -20.90  -10.31    0.00000    17.19  LINEAR    2.01099E-01  -134.23    6.22203E-02  -134.23
 -145.00   195.00      -9.24  -18.94   -8.80    0.00000    18.11  LINEAR    2.38127E-01  -112.73    7.78927E-02  -112.73
 -140.00   195.00      -8.74  -17.87   -8.24    0.00000    19.28  LINEAR    2.52119E-01   -97.42    8.81870E-02   -97.42
 -135.00   195.00      -9.13  -17.56   -8.55    0.00000    20.75  LINEAR    2.41171E-01   -83.75    9.13889E-02   -83.75
 -130.00   195.00     -10.21  -17.81   -9.51    0.00000    22.63  LINEAR    2.13014E-01   -69.70    8.87958E-02   -69.70
 -125.00   195.00     -11.79  -18.40  -10.93    0.00000    25.04  LINEAR    1.77591E-01   -54.15    8.29624E-02   -54.15
 -120.00   195.00     -13.65  -19.07  -12.56    0.00000    28.19  LINEAR    1.43236E-01   -36.62    7.67598E-02   -36.62
 -115.00   195.00     -15.59  -19.55  -14.13    0.00000    32.38  LINEAR    1.14556E-01   -17.50    7.26309E-02   -17.50
 -110.00   195.00     -17.52  -19.64  -15.44    0.00000    38.08  LINEAR    9.18102E-02     1.84    7.19269E-02     1.84
 -105.00   195.00     -19.61  -19.31  -16.45    0.00000    45.99  LINEAR    7.21273E-02    19.71    7.46717E-02    19.71
 -100.00   195.00     -22.47  -18.71  -17.18    0.00000    57.05  LINEAR    5.18770E-02    35.17    8.00491E-02    35.17
  -95.00   195.00     -27.73  -17.97  -17.54    0.00000    71.98  LINEAR    2.83315E-02    48.21    8.71015E-02    48.21
  -90.00   195.00    -999.99  -17.22  -17.22    0.00000    90.00  LINEAR    1.80972E-12    59.31    9.50177E-02    59.31
  -85.00   195.00     -26.27  -16.52  -16.08    0.00000   -71.98  LINEAR    3.35088E-02  -110.97    1.03019E-01    69.03
  -80.00   195.00     -19.71  -15.94  -14.42    0.00000   -57.05  LINEAR    7.13489E-02  -102.10    1.10095E-01    77.90
  -75.00   195.00     -15.88  -15.58  -12.72    0.00000   -45.99  LINEAR    1.10849E-01   -93.68    1.14759E-01    86.32
  -70.00   195.00     -13.45  -15.57  -11.37    0.00000   -38.08  LINEAR    1.46619E-01   -85.31    1.14866E-01    94.69
  -65.00   195.00     -12.18  -16.14  -10.71    0.00000   -32.38  LINEAR    1.69672E-01   -76.43    1.07575E-01   103.57
  -60.00   195.00     -12.31  -17.73  -11.21    0.00000   -28.19  LINEAR    1.67183E-01   -65.66    8.95933E-02   114.34
  -55.00   195.00     -14.81  -21.42  -13.95    0.00000   -25.04  LINEAR    1.25372E-01   -47.06    5.85684E-02   132.94
  -50.00   195.00     -19.12  -26.72  -18.43    0.00000   -22.63  LINEAR    7.63170E-02    24.99    3.18131E-02  -155.01
  -45.00   195.00      -9.51  -17.94   -8.93    0.00000   -20.75  LINEAR    2.30770E-01    91.00    8.74473E-02   -89.00
  -40.00   195.00      -2.28  -11.40   -1.78    0.00000   -19.28  LINEAR    5.30708E-01   107.30    1.85632E-01   -72.70
  -35.00   195.00       2.74   -6.97    3.18    0.00000   -18.11  LINEAR    9.45518E-01   115.60    3.09284E-01   -64.40
  -30.00   195.00       6.53   -3.66    6.92    0.00000   -17.19  LINEAR    1.46236E+00   121.24    4.52456E-01   -58.76
  -25.00   195.00       9.47   -1.11    9.83    0.00000   -16.47  LINEAR    2.05221E+00   125.44    6.06735E-01   -54.56
  -20.00   195.00      11.75    0.85   12.09    0.00000   -15.92  LINEAR    2.66771E+00   128.64    7.60686E-01   -51.36
  -15.00   195.00      13.46    2.32   13.78    0.00000   -15.50  LINEAR    3.24739E+00   131.02    9.00831E-01   -48.98
  -10.00   195.00      14.65    3.34   14.96    0.00000   -15.22  LINEAR    3.72458E+00   132.68    1.01339E+00   -47.32
   -5.00   195.00      15.35    3.95   15.65    0.00000   -15.05  LINEAR    4.03909E+00   133.65    1.08640E+00   -46.35
    0.00   195.00      15.58    4.15   15.89    0.00000   -15.00  LINEAR    4.14894E+00   133.98    1.11171E+00   -46.02
 -180.00   200.00      -2.61  -11.39   -2.07    0.00000    20.00  LINEAR    5.10580E-01   100.49    1.85836E-01   100.49
 -175.00   200.00      -3.14  -11.89   -2.60    0.00000    20.07  LINEAR    4.80331E-01   102.09    1.75494E-01   102.09
 -170.00   200.00      -4.79  -13.43   -4.23    0.00000    20.28  LINEAR    3.97498E-01   107.50    1.46909E-01   107.50
 -165.00   200.00      -7.69  -16.16   -7.11    0.00000    20.65  LINEAR    2.84742E-01   119.32    1.07294E-01   119.32
 -160.00   200.00     -11.67  -19.90  -11.06    0.00000    21.17  LINEAR    1.80052E-01   145.49    6.97392E-02   145.49
 -155.00   200.00     -13.73  -21.66  -13.08    0.00000    21.88  LINEAR    1.41930E-01  -166.13    5.69988E-02  -166.13
 -150.00   200.00     -11.92  -19.45  -11.21    0.00000    22.80  LINEAR    1.74948E-01  -127.28    7.35265E-02  -127.28
 -145.00   200.00     -10.32  -17.37   -9.54    0.00000    23.96  LINEAR    2.10259E-01  -106.09    9.34234E-02  -106.09
 -140.00   200.00      -9.88  -16.34   -8.99    0.00000    25.41  LINEAR    2.21287E-01   -91.25    1.05140E-01   -91.25
 -135.00   200.00     -10.38  -16.14   -9.35    0.00000    27.24  LINEAR    2.08909E-01   -77.96    1.07532E-01   -77.96
 -130.00   200.00     -11.58  -16.52  -10.38    0.00000    29.52  LINEAR    1.81789E-01   -64.33    1.02936E-01   -64.33
 -125.00   200.00     -13.29  -17.24  -11.82    0.00000    32.40  LINEAR    1.49342E-01   -49.46    9.47669E-02   -49.46
 -120.00   200.00     -15.30  -18.05  -13.45    0.00000    36.05  LINEAR    1.18559E-01   -33.04    8.63040E-02   -33.04
 -115.00   200.00     -17.42  -18.72  -15.01    0.00000    40.74  LINEAR    9.28272E-02   -15.49    7.99453E-02   -15.49
 -110.00   200.00     -19.60  -19.06  -16.32    0.00000    46.78  LINEAR    7.21970E-02     2.11    7.68304E-02     2.11
 -105.00   200.00     -22.01  -19.05  -17.27    0.00000    54.58  LINEAR    5.47175E-02    18.52    7.69478E-02    18.52
 -100.00   200.00     -25.18  -18.75  -17.86    0.00000    64.49  LINEAR    3.80160E-02    32.99    7.96824E-02    32.99
  -95.00   200.00     -30.67  -18.25  -18.01    0.00000    76.53  LINEAR    2.02012E-02    45.41    8.43621E-02    45.41
  -90.00   200.00    -999.99  -17.65  -17.65    0.00000    90.00  LINEAR    1.26819E-12    56.14    9.04463E-02    56.14
  -85.00   200.00     -29.42  -17.00  -16.76    0.00000   -76.53  LINEAR    2.33228E-02  -114.39    9.73982E-02    65.61
  -80.00   200.00     -22.83  -16.40  -15.51    0.00000   -64.49  LINEAR    4.98165E-02  -105.73    1.04416E-01    74.27
  -75.00   200.00     -18.90  -15.94  -14.16    0.00000   -54.58  LINEAR    7.83134E-02   -97.52    1.10130E-01    82.48
  -70.00   200.00     -16.31  -15.77  -13.02    0.00000   -46.78  LINEAR    1.05533E-01   -89.43    1.12306E-01    90.57
  -65.00   200.00     -14.84  -16.14  -12.43    0.00000   -40.74  LINEAR    1.24974E-01   -81.01    1.07631E-01    98.99
  -60.00   200.00     -14.77  -17.53  -12.92    0.00000   -36.05  LINEAR    1.25983E-01   -71.20    9.17084E-02   108.80
  -55.00   200.00     -17.26  -21.22  -15.80    0.00000   -32.40  LINEAR    9.45094E-02   -55.13    5.99722E-02   124.87
  -50.00   200.00     -23.39  -28.33  -22.18    0.00000   -29.52  LINEAR    4.67006E-02    23.34    2.64436E-02  -156.66
  -45.00   200.00     -11.47  -17.24  -10.45    0.00000   -27.24  LINEAR    1.84175E-01    94.86    9.48005E-02   -85.14
  -40.00   200.00      -3.70  -10.17   -2.82    0.00000   -25.41  LINEAR    4.50291E-01   108.95    2.13946E-01   -71.05
  -35.00   200.00       1.61   -5.43    2.40    0.00000   -23.96  LINEAR    8.30615E-01   116.40    3.69064E-01   -63.60
  -30.00   200.00       5.64   -1.89    6.35    0.00000   -22.80  LINEAR    1.32036E+00   121.64    5.54915E-01   -58.36
  -25.00   200.00       8.78    0.86    9.43    0.00000   -21.88  LINEAR    1.89556E+00   125.65    7.61249E-01   -54.35
  -20.00   200.00      11.22    2.98   11.83    0.00000   -21.17  LINEAR    2.51031E+00   128.75    9.72314E-01   -51.25
  -15.00   200.00      13.05    4.58   13.63    0.00000   -20.65  LINEAR    3.10046E+00   131.07    1.16828E+00   -48.93
  -10.00   200.00      14.34    5.69   14.89    0.00000   -20.28  LINEAR    3.59327E+00   132.69    1.32802E+00   -47.31
   -5.00   200.00      15.09    6.35   15.64    0.00000   -20.07  LINEAR    3.92118E+00   133.66    1.43265E+00   -46.34
    0.00   200.00      15.35    6.57   15.89    0.00000   -20.00  LINEAR    4.03626E+00   133.98    1.46908E+00   -46.02
 -180.00   205.00      -2.93   -9.55   -2.07    0.00000    25.00  LINEAR    4.92441E-01   100.49    2.29629E-01   100.49
 -175.00   205.00      -3.50  -10.09   -2.64    0.00000    25.08  LINEAR    4.61096E-01   101.96    2.15834E-01   101.96
 -170.00   205.00      -5.28  -11.78   -4.41    0.00000    25.34  LINEAR    3.75433E-01   106.95    1.77768E-01   106.95
 -165.00   205.00      -8.51  -14.84   -7.60    0.00000    25.77  LINEAR    2.58881E-01   118.06    1.24977E-01   118.06
 -160.00   205.00     -13.28  -19.37  -12.33    0.00000    26.39  LINEAR    1.49455E-01   144.78    7.41649E-02   144.78
 -155.00   205.00     -15.80  -21.57  -14.78    0.00000    27.23  LINEAR    1.11843E-01  -158.59    5.75447E-02  -158.59
 -150.00   205.00     -13.28  -18.66  -12.17    0.00000    28.30  LINEAR    1.49536E-01  -117.33    8.05173E-02  -117.33
 -145.00   205.00     -11.55  -16.45  -10.33    0.00000    29.65  LINEAR    1.82456E-01   -97.22    1.03865E-01   -97.22
 -140.00   205.00     -11.24  -15.55   -9.87    0.00000    31.33  LINEAR    1.89043E-01   -83.14    1.15074E-01   -83.14
 -135.00   205.00     -11.98  -15.60  -10.41    0.00000    33.40  LINEAR    1.73658E-01   -70.32    1.14520E-01   -70.32
 -130.00   205.00     -13.48  -16.27  -11.64    0.00000    35.96  LINEAR    1.46120E-01   -57.11    1.06002E-01   -57.11
 -125.00   205.00     -15.52  -17.32  -13.32    0.00000    39.11  LINEAR    1.15501E-01   -42.82    9.39007E-02   -42.82
 -120.00   205.00     -17.91  -18.52  -15.19    0.00000    43.00  LINEAR    8.77256E-02   -27.35    8.18143E-02   -27.35
 -115.00   205.00     -20.49  -19.63  -17.03    0.00000    47.81  LINEAR    6.52211E-02   -11.17    7.19636E-02   -11.17
 -110.00   205.00     -23.18  -20.49  -18.62    0.00000    53.74  LINEAR    4.78086E-02     4.73    6.51819E-02     4.73
 -105.00   205.00     -26.13  -21.02  -19.85    0.00000    60.97  LINEAR    3.40639E-02    19.32    6.13720E-02    19.32
 -100.00   205.00     -29.77  -21.19  -20.63    0.00000    69.58  LINEAR    2.23939E-02    31.95    6.01357E-02    31.95
  -95.00   205.00     -35.61  -21.04  -20.89    0.00000    79.41  LINEAR    1.14378E-02    42.60    6.11952E-02    42.60
  -90.00   205.00    -999.99  -20.59  -20.59    0.00000    90.00  LINEAR    7.05464E-13    51.67    6.44595E-02    51.67
  -85.00   205.00     -34.46  -19.89  -19.74    0.00000   -79.41  LINEAR    1.30544E-02  -120.25    6.98447E-02    59.75
  -80.00   205.00     -27.63  -19.05  -18.48    0.00000   -69.58  LINEAR    2.86688E-02  -112.66    7.69860E-02    67.34
  -75.00   205.00     -23.31  -18.20  -17.03    0.00000   -60.97  LINEAR    4.71159E-02  -105.20    8.48875E-02    74.80
  -70.00   205.00     -20.24  -17.54  -15.68    0.00000   -53.74  LINEAR    6.71215E-02   -97.71    9.15130E-02    82.29
  -65.00   205.00     -18.23  -17.37  -14.77    0.00000   -47.81  LINEAR    8.46004E-02   -90.05    9.33463E-02    89.95
  -60.00   205.00     -17.58  -18.18  -14.86    0.00000   -43.00  LINEAR    9.11830E-02   -81.87    8.50387E-02    98.13
  -55.00   205.00     -19.50  -21.29  -17.29    0.00000   -39.11  LINEAR    7.31064E-02   -71.32    5.94342E-02   108.68
  -50.00   205.00     -31.47  -34.26  -29.64    0.00000   -35.96  LINEAR    1.84109E-02   -11.71    1.33561E-02   168.29
  -45.00   205.00     -14.71  -18.32  -13.14    0.00000   -33.40  LINEAR    1.26852E-01   101.00    8.36533E-02   -79.00
  -40.00   205.00      -5.80  -10.11   -4.43    0.00000   -31.33  LINEAR    3.53878E-01   111.39    2.15413E-01   -68.61
  -35.00   205.00       0.06   -4.84    1.28    0.00000   -29.65  LINEAR    6.94468E-01   117.53    3.95331E-01   -62.47
  -30.00   205.00       4.46   -0.92    5.56    0.00000   -28.30  LINEAR    1.15218E+00   122.20    6.20387E-01   -57.80
  -25.00   205.00       7.88    2.11    8.90    0.00000   -27.23  LINEAR    1.70884E+00   125.93    8.79223E-01   -54.07
  -20.00   205.00      10.54    4.45   11.49    0.00000   -26.39  LINEAR    2.32060E+00   128.88    1.15156E+00   -51.12
  -15.00   205.00      12.54    6.21   13.45    0.00000   -25.77  LINEAR    2.92069E+00   131.13    1.40999E+00   -48.87
  -10.00   205.00      13.93    7.44   14.81    0.00000   -25.34  LINEAR    3.42981E+00   132.72    1.62402E+00   -47.28
   -5.00   205.00      14.76    8.16   15.62    0.00000   -25.08  LINEAR    3.77211E+00   133.66    1.76568E+00   -46.34
    0.00   205.00      15.03    8.40   15.89    0.00000   -25.00  LINEAR    3.89287E+00   133.98    1.81527E+00   -46.02
 -180.00   210.00      -3.32   -8.09   -2.07    0.00000    30.00  LINEAR    4.70553E-01   100.49    2.71674E-01   100.49
 -175.00   210.00      -3.94   -8.68   -2.68    0.00000    30.09  LINEAR    4.38206E-01   101.81    2.53965E-01   101.81
 -170.00   210.00      -5.89  -10.53   -4.61    0.00000    30.38  LINEAR    3.50055E-01   106.29    2.05222E-01   106.29
 -165.00   210.00      -9.52  -13.99   -8.20    0.00000    30.87  LINEAR    2.30407E-01   116.46    1.37718E-01   116.46
 -160.00   210.00     -15.41  -19.64  -14.02    0.00000    31.57  LINEAR    1.17065E-01   143.77    7.19254E-02   143.77
 -155.00   210.00     -18.25  -22.17  -16.77    0.00000    32.50  LINEAR    8.43561E-02  -145.76    5.37378E-02  -145.76
 -150.00   210.00     -14.56  -18.08  -12.96    0.00000    33.69  LINEAR    1.29079E-01  -104.31    8.60528E-02  -104.31
 -145.00   210.00     -12.80  -15.83  -11.04    0.00000    35.18  LINEAR    1.58101E-01   -86.32    1.11432E-01   -86.32
 -140.00   210.00     -12.77  -15.23  -10.82    0.00000    37.00  LINEAR    1.58532E-01   -73.12    1.19482E-01   -73.12
 -135.00   210.00     -13.95  -15.71  -11.73    0.00000    39.23  LINEAR    1.38504E-01   -60.50    1.13088E-01   -60.50
 -130.00   210.00     -16.02  -16.95  -13.45    0.00000    41.93  LINEAR    1.09059E-01   -47.08    9.79570E-02   -47.08
 -125.00   210.00     -18.81  -18.75  -15.77    0.00000    45.19  LINEAR    7.91230E-02   -32.27    7.96436E-02   -32.27
 -120.00   210.00     -22.15  -20.90  -18.47    0.00000    49.11  LINEAR    5.38381E-02   -15.97    6.21669E-02   -15.97
 -115.00   210.00     -25.93  -23.22  -21.36    0.00000    53.80  LINEAR    3.48484E-02     1.30    4.76073E-02     1.30
 -110.00   210.00     -30.10  -25.55  -24.24    0.00000    59.36  LINEAR    2.15739E-02    18.19    3.64181E-02    18.19
 -105.00   210.00     -34.74  -27.77  -26.98    0.00000    65.85  LINEAR    1.26402E-02    32.49    2.81966E-02    32.49
 -100.00   210.00     -40.13  -29.70  -29.32    0.00000    73.26  LINEAR    6.79433E-03    41.47    2.25900E-02    41.47
  -95.00   210.00     -47.19  -30.76  -30.66    0.00000    81.42  LINEAR    3.01609E-03    43.18    1.99796E-02    43.18
  -90.00   210.00    -999.99  -30.18  -30.18    0.00000    90.00  LINEAR    1.88892E-13    40.78    2.13694E-02    40.78
  -85.00   210.00     -44.52  -28.09  -28.00    0.00000   -81.42  LINEAR    4.10077E-03  -138.71    2.71649E-02    41.29
  -80.00   210.00     -35.88  -25.44  -25.07    0.00000   -73.26  LINEAR    1.10853E-02  -133.29    3.68567E-02    46.71
  -75.00   210.00     -29.84  -22.87  -22.07    0.00000   -65.85  LINEAR    2.22253E-02  -125.01    4.95782E-02    54.99
  -70.00   210.00     -25.24  -20.69  -19.38    0.00000   -59.36  LINEAR    3.77479E-02  -115.80    6.37207E-02    64.20
  -65.00   210.00     -21.86  -19.15  -17.29    0.00000   -53.80  LINEAR    5.56573E-02  -106.76    7.60350E-02    73.24
  -60.00   210.00     -19.88  -18.63  -16.20    0.00000   -49.11  LINEAR    6.99675E-02   -98.52    8.07915E-02    81.48
  -55.00   210.00     -20.02  -19.96  -16.98    0.00000   -45.19  LINEAR    6.88246E-02   -91.91    6.92775E-02    88.09
  -50.00   210.00     -26.23  -27.16  -23.66    0.00000   -41.93  LINEAR    3.36745E-02   -93.08    3.02463E-02    86.92
  -45.00   210.00     -20.66  -22.42  -18.44    0.00000   -39.23  LINEAR    6.39174E-02   115.74    5.21883E-02   -64.26
  -40.00   210.00      -8.89  -11.34   -6.93    0.00000   -37.00  LINEAR    2.47985E-01   115.41    1.86900E-01   -64.59
  -35.00   210.00      -2.04   -5.08   -0.28    0.00000   -35.18  LINEAR    5.45629E-01   119.16    3.84567E-01   -60.84
  -30.00   210.00       2.94   -0.58    4.54    0.00000   -33.69  LINEAR    9.67596E-01   122.94    6.45064E-01   -57.06
  -25.00   210.00       6.76    2.84    8.24    0.00000   -32.50  LINEAR    1.50174E+00   126.28    9.56664E-01   -53.72
  -20.00   210.00       9.70    5.47   11.09    0.00000   -31.57  LINEAR    2.10686E+00   129.04    1.29446E+00   -50.96
  -15.00   210.00      11.90    7.43   13.22    0.00000   -30.87  LINEAR    2.71413E+00   131.20    1.62228E+00   -48.80
  -10.00   210.00      13.43    8.79   14.71    0.00000   -30.38  LINEAR    3.23781E+00   132.74    1.89819E+00   -47.26
   -5.00   210.00      14.34    9.60   15.59    0.00000   -30.09  LINEAR    3.59366E+00   133.67    2.08272E+00   -46.33
    0.00   210.00      14.64    9.86   15.89    0.00000   -30.00  LINEAR    3.71984E+00   133.98    2.14765E+00   -46.02
 -180.00   215.00      -3.81   -6.90   -2.07    0.00000    35.00  LINEAR    4.45085E-01   100.49    3.11652E-01   100.49
 -175.00   215.00      -4.48   -7.54   -2.73    0.00000    35.10  LINEAR    4.11989E-01   101.64    2.89580E-01   101.64
 -170.00   215.00      -6.61   -9.58   -4.84    0.00000    35.41  LINEAR    3.22131E-01   105.54    2.29038E-01   105.54
 -165.00   215.00     -10.72  -13.52   -8.89    0.00000    35.94  LINEAR    2.00740E-01   114.49    1.45518E-01   114.49
 -160.00   215.00     -18.19  -20.74  -16.27    0.00000    36.69  LINEAR    8.49949E-02   142.26    6.33336E-02   142.26
 -155.00   215.00     -20.52  -22.76  -18.49    0.00000    37.69  LINEAR    6.49741E-02  -124.92    5.01985E-02  -124.92
 -150.00   215.00     -15.48  -17.33  -13.30    0.00000    38.96  LINEAR    1.16049E-01   -89.41    9.38294E-02   -89.41
 -145.00   215.00     -13.92  -15.28  -11.54    0.00000    40.52  LINEAR    1.38873E-01   -74.18    1.18708E-01   -74.18
 -140.00   215.00     -14.38  -15.16  -11.74    0.00000    42.43  LINEAR    1.31772E-01   -61.43    1.20447E-01   -61.43
 -135.00   215.00     -16.25  -16.33  -13.28    0.00000    44.72  LINEAR    1.06254E-01   -47.84    1.05217E-01   -47.84
 -130.00   215.00     -19.32  -18.58  -15.93    0.00000    47.45  LINEAR    7.45554E-02   -31.64    8.12154E-02   -31.64
 -125.00   215.00     -23.56  -21.83  -19.60    0.00000    50.68  LINEAR    4.57941E-02   -10.41    5.59043E-02   -10.41
 -120.00   215.00     -28.77  -25.84  -24.06    0.00000    54.47  LINEAR    2.51316E-02    20.88    3.51946E-02    20.88
 -115.00   215.00     -33.47  -29.09  -27.74    0.00000    58.89  LINEAR    1.46253E-02    68.98    2.42316E-02    68.98
 -110.00   215.00     -35.25  -29.03  -28.10    0.00000    63.97  LINEAR    1.19145E-02   120.39    2.43922E-02   120.39
 -105.00   215.00     -36.24  -27.60  -27.04    0.00000    69.71  LINEAR    1.06339E-02   157.39    2.87689E-02   157.39
 -100.00   215.00     -38.69  -26.58  -26.32    0.00000    76.07  LINEAR    8.02368E-03  -174.62    3.23542E-02  -174.62
  -95.00   215.00     -44.30  -26.20  -26.14    0.00000    82.90  LINEAR    4.20312E-03  -149.98    3.37678E-02  -149.98
  -90.00   215.00    -999.99  -26.50  -26.50    0.00000    90.00  LINEAR    2.37939E-13  -125.33    3.26461E-02  -125.33
  -85.00   215.00     -45.54  -27.44  -27.37    0.00000   -82.90  LINEAR    3.64580E-03    83.40    2.92903E-02   -96.60
  -80.00   215.00     -40.48  -28.37  -28.11    0.00000   -76.07  LINEAR    6.52370E-03   122.89    2.63057E-02   -57.11
  -75.00   215.00     -35.64  -27.00  -26.44    0.00000   -69.71  LINEAR    1.13954E-02   171.02    3.08291E-02    -8.98
  -70.00   215.00     -29.64  -23.42  -22.49    0.00000   -63.97  LINEAR    2.27392E-02  -152.62    4.65533E-02    27.38
  -65.00   215.00     -24.48  -20.09  -18.74    0.00000   -58.89  LINEAR    4.11858E-02  -130.04    6.82379E-02    49.96
  -60.00   215.00     -20.82  -17.89  -16.10    0.00000   -54.47  LINEAR    6.27964E-02  -115.13    8.79411E-02    64.87
  -55.00   215.00     -18.95  -17.22  -14.99    0.00000   -50.68  LINEAR    7.78531E-02  -105.25    9.50411E-02    74.75
  -50.00   215.00     -19.94  -19.20  -16.55    0.00000   -47.45  LINEAR    6.94267E-02  -102.15    7.56286E-02    77.85
  -45.00   215.00     -27.81  -27.89  -24.84    0.00000   -44.72  LINEAR    2.80714E-02  -155.47    2.77975E-02    24.53
  -40.00   215.00     -13.76  -14.54  -11.12    0.00000   -42.43  LINEAR    1.41482E-01   124.13    1.29322E-01   -55.87
  -35.00   215.00      -4.87   -6.23   -2.49    0.00000   -40.52  LINEAR    3.93852E-01   121.71    3.36663E-01   -58.29
  -30.00   215.00       1.04   -0.81    3.22    0.00000   -38.96  LINEAR    7.77200E-01   123.95    6.28389E-01   -56.05
  -25.00   215.00       5.40    3.16    7.43    0.00000   -37.69  LINEAR    1.28460E+00   126.72    9.92473E-01   -53.28
  -20.00   215.00       8.70    6.14   10.62    0.00000   -36.69  LINEAR    1.87797E+00   129.24    1.39936E+00   -50.76
  -15.00   215.00      11.14    8.35   12.97    0.00000   -35.94  LINEAR    2.48729E+00   131.28    1.80306E+00   -48.72
  -10.00   215.00      12.83    9.87   14.61    0.00000   -35.41  LINEAR    3.02127E+00   132.77    2.14815E+00   -47.23
   -5.00   215.00      13.82   10.76   15.57    0.00000   -35.10  LINEAR    3.38786E+00   133.67    2.38126E+00   -46.33
    0.00   215.00      14.15   11.06   15.89    0.00000   -35.00  LINEAR    3.51851E+00   133.98    2.46368E+00   -46.02
 -180.00   220.00      -4.39   -5.91   -2.07    0.00000    40.00  LINEAR    4.16229E-01   100.49    3.49257E-01   100.49
 -175.00   220.00      -5.12   -6.61   -2.79    0.00000    40.11  LINEAR    3.82796E-01   101.46    3.22431E-01   101.46
 -170.00   220.00      -7.45   -8.84   -5.08    0.00000    40.43  LINEAR    2.92430E-01   104.71    2.49163E-01   104.71
 -165.00   220.00     -12.10  -13.33   -9.66    0.00000    40.98  LINEAR    1.71217E-01   112.10    1.48736E-01   112.10
 -160.00   220.00     -21.95  -22.93  -19.40    0.00000    41.76  LINEAR    5.51368E-02   139.73    4.92345E-02   139.73
 -155.00   220.00     -21.46  -22.13  -18.77    0.00000    42.79  LINEAR    5.83223E-02   -98.46    5.39974E-02   -98.46
 -150.00   220.00     -15.97  -16.24  -13.09    0.00000    44.10  LINEAR    1.09754E-01   -74.99    1.06341E-01   -74.99
 -145.00   220.00     -14.88  -14.67  -11.77    0.00000    45.69  LINEAR    1.24339E-01   -62.03    1.27367E-01   -62.03
 -140.00   220.00     -15.99  -15.20  -12.56    0.00000    47.61  LINEAR    1.09471E-01   -48.59    1.19911E-01   -48.59
 -135.00   220.00     -18.77  -17.29  -14.96    0.00000    49.88  LINEAR    7.94387E-02   -31.29    9.42672E-02   -31.29
 -130.00   220.00     -23.06  -20.74  -18.74    0.00000    52.55  LINEAR    4.85106E-02    -4.55    6.33260E-02    -4.55
 -125.00   220.00     -27.35  -24.05  -22.38    0.00000    55.64  LINEAR    2.95886E-02    42.82    4.32859E-02    42.82
 -120.00   220.00     -27.69  -23.19  -21.87    0.00000    59.21  LINEAR    2.84557E-02    97.11    4.77543E-02    97.11
 -115.00   220.00     -26.70  -20.74  -19.76    0.00000    63.27  LINEAR    3.19019E-02   131.34    6.33406E-02   131.34
 -110.00   220.00     -26.83  -19.04  -18.37    0.00000    67.82  LINEAR    3.14128E-02   154.72    7.70671E-02   154.72
 -105.00   220.00     -28.29  -18.07  -17.68    0.00000    72.86  LINEAR    2.65692E-02   174.15    8.61380E-02   174.15
 -100.00   220.00     -31.31  -17.63  -17.45    0.00000    78.31  LINEAR    1.87523E-02  -167.98    9.06147E-02  -167.98
  -95.00   220.00     -37.27  -17.60  -17.56    0.00000    84.07  LINEAR    9.44027E-03  -150.68    9.08871E-02  -150.68
  -90.00   220.00    -999.99  -17.98  -17.98    0.00000    90.00  LINEAR    5.29193E-13  -133.24    8.70096E-02  -133.24
  -85.00   220.00     -38.52  -18.85  -18.80    0.00000   -84.07  LINEAR    8.17835E-03    65.45    7.87378E-02  -114.55
  -80.00   220.00     -34.03  -20.35  -20.17    0.00000   -78.31  LINEAR    1.37137E-02    87.95    6.62672E-02   -92.05
  -75.00   220.00     -32.54  -22.32  -21.93    0.00000   -72.86  LINEAR    1.62885E-02   120.54    5.28079E-02   -59.46
  -70.00   220.00     -30.47  -22.68  -22.01    0.00000   -67.82  LINEAR    2.06571E-02   168.84    5.06794E-02   -11.16
  -65.00   220.00     -25.62  -19.67  -18.68    0.00000   -63.27  LINEAR    3.61021E-02  -148.97    7.16800E-02    31.03
  -60.00   220.00     -20.88  -16.39  -15.07    0.00000   -59.21  LINEAR    6.23116E-02  -124.41    1.04571E-01    55.59
  -55.00   220.00     -17.67  -14.36  -12.70    0.00000   -55.64  LINEAR    9.02180E-02  -109.68    1.31982E-01    70.32
  -50.00   220.00     -16.48  -14.16  -12.16    0.00000   -52.55  LINEAR    1.03505E-01  -101.21    1.35116E-01    78.79
  -45.00   220.00     -18.86  -17.37  -15.04    0.00000   -49.88  LINEAR    7.86620E-02  -103.42    9.33456E-02    76.58
  -40.00   220.00     -22.31  -21.52  -18.89    0.00000   -47.61  LINEAR    5.28437E-02   161.20    5.78832E-02   -18.80
  -35.00   220.00      -8.84   -8.63   -5.72    0.00000   -45.69  LINEAR    2.49415E-01   126.41    2.55489E-01   -53.59
  -30.00   220.00      -1.33   -1.61    1.54    0.00000   -44.10  LINEAR    5.91564E-01   125.36    5.73171E-01   -54.64
  -25.00   220.00       3.79    3.12    6.48    0.00000   -42.79  LINEAR    1.06765E+00   127.26    9.88478E-01   -52.74
  -20.00   220.00       7.54    6.55   10.08    0.00000   -41.76  LINEAR    1.64278E+00   129.46    1.46692E+00   -50.54
  -15.00   220.00      10.26    9.03   12.70    0.00000   -40.98  LINEAR    2.24679E+00   131.38    1.95178E+00   -48.62
  -10.00   220.00      12.12   10.73   14.49    0.00000   -40.43  LINEAR    2.78433E+00   132.81    2.37238E+00   -47.19
   -5.00   220.00      13.21   11.72   15.54    0.00000   -40.11  LINEAR    3.15696E+00   133.68    2.65913E+00   -46.32
    0.00   220.00      13.57   12.05   15.89    0.00000   -40.00  LINEAR    3.29039E+00   133.98    2.76097E+00   -46.02
 -180.00   225.00      -5.08   -5.08   -2.07    0.00000    45.00  LINEAR    3.84205E-01   100.49    3.84205E-01   100.49
 -175.00   225.00      -5.87   -5.84   -2.84    0.00000    45.11  LINEAR    3.50989E-01   101.28    3.52330E-01   101.28
 -170.00   225.00      -8.42   -8.29   -5.34    0.00000    45.44  LINEAR    2.61670E-01   103.82    2.65706E-01   103.82
 -165.00   225.00     -13.67  -13.37  -10.50    0.00000    45.99  LINEAR    1.42995E-01   109.24    1.48039E-01   109.24
 -160.00   225.00     -27.50  -26.96  -24.21    0.00000    46.78  LINEAR    2.90842E-02   134.08    3.09507E-02   134.08
 -155.00   225.00     -20.92  -20.07  -17.46    0.00000    47.81  LINEAR    6.20383E-02   -76.33    6.84517E-02   -76.33
 -150.00   225.00     -16.19  -14.94  -12.51    0.00000    49.11  LINEAR    1.06926E-01   -63.00    1.23467E-01   -63.00
 -145.00   225.00     -15.74  -14.01  -11.78    0.00000    50.68  LINEAR    1.12618E-01   -51.02    1.37481E-01   -51.02
 -140.00   225.00     -17.57  -15.25  -13.25    0.00000    52.55  LINEAR    9.12699E-02   -35.28    1.19144E-01   -35.28
 -135.00   225.00     -21.19  -18.18  -16.42    0.00000    54.74  LINEAR    6.01611E-02    -9.95    8.50806E-02    -9.95
 -130.00   225.00     -24.95  -21.11  -19.60    0.00000    57.27  LINEAR    3.90356E-02    36.85    6.07287E-02    36.85
 -125.00   225.00     -24.61  -19.78  -18.54    0.00000    60.16  LINEAR    4.05810E-02    90.15    7.07508E-02    90.15
 -120.00   225.00     -23.05  -17.03  -16.06    0.00000    63.43  LINEAR    4.85620E-02   122.29    9.71239E-02   122.29
 -115.00   225.00     -22.65  -15.17  -14.46    0.00000    67.09  LINEAR    5.08167E-02   143.61    1.20243E-01   143.61
 -110.00   225.00     -23.45  -14.13  -13.65    0.00000    71.12  LINEAR    4.63661E-02   161.08    1.35565E-01   161.08
 -105.00   225.00     -25.38  -13.64  -13.36    0.00000    75.49  LINEAR    3.71129E-02   177.04    1.43393E-01   177.04
 -100.00   225.00     -28.75  -13.54  -13.41    0.00000    80.15  LINEAR    2.51931E-02  -167.63    1.45081E-01  -167.63
  -95.00   225.00     -34.94  -13.75  -13.71    0.00000    85.02  LINEAR    1.23516E-02  -152.50    1.41719E-01  -152.50
  -90.00   225.00    -999.99  -14.25  -14.25    0.00000    90.00  LINEAR    6.82084E-13  -137.20    1.33653E-01  -137.20
  -85.00   225.00     -36.35  -15.16  -15.12    0.00000   -85.02  LINEAR    1.04992E-02    58.94    1.20465E-01  -121.06
  -80.00   225.00     -31.85  -16.64  -16.52    0.00000   -80.15  LINEAR    1.76268E-02    77.55    1.01509E-01  -102.45
  -75.00   225.00     -30.68  -18.94  -18.66    0.00000   -75.49  LINEAR    2.01656E-02   103.23    7.79138E-02   -76.77
  -70.00   225.00     -30.46  -21.14  -20.66    0.00000   -71.12  LINEAR    2.06803E-02   147.59    6.04651E-02   -32.41
  -65.00   225.00     -26.54  -19.06  -18.35    0.00000   -67.09  LINEAR    3.24822E-02  -158.12    7.68595E-02    21.88
  -60.00   225.00     -20.96  -14.94  -13.97    0.00000   -63.43  LINEAR    6.17579E-02  -126.58    1.23516E-01    53.42
  -55.00   225.00     -16.80  -11.97  -10.74    0.00000   -60.16  LINEAR    9.96917E-02  -109.29    1.73807E-01    70.71
  -50.00   225.00     -14.44  -10.60   -9.10    0.00000   -57.27  LINEAR    1.30843E-01   -98.59    2.03555E-01    81.41
  -45.00   225.00     -14.44  -11.42   -9.66    0.00000   -54.74  LINEAR    1.30907E-01   -93.38    1.85130E-01    86.62
  -40.00   225.00     -19.62  -17.31  -15.30    0.00000   -52.55  LINEAR    7.20393E-02  -106.98    9.40406E-02    73.02
  -35.00   225.00     -14.94  -13.21  -10.98    0.00000   -50.68  LINEAR    1.23483E-01   138.63    1.50745E-01   -41.37
  -30.00   225.00      -4.30   -3.05   -0.62    0.00000   -49.11  LINEAR    4.20332E-01   127.49    4.85358E-01   -52.51
  -25.00   225.00       1.92    2.77    5.38    0.00000   -47.81  LINEAR    8.60268E-01   127.93    9.49200E-01   -52.07
  -20.00   225.00       6.21    6.75    9.50    0.00000   -46.78  LINEAR    1.40949E+00   129.72    1.49995E+00   -50.28
  -15.00   225.00       9.24    9.54   12.40    0.00000   -45.99  LINEAR    1.99893E+00   131.48    2.06944E+00   -48.52
  -10.00   225.00      11.29   11.42   14.37    0.00000   -45.44  LINEAR    2.53113E+00   132.84    2.57018E+00   -47.16
   -5.00   225.00      12.48   12.52   15.51    0.00000   -45.11  LINEAR    2.90337E+00   133.69    2.91446E+00   -46.31
    0.00   225.00      12.88   12.88   15.89    0.00000   -45.00  LINEAR    3.03724E+00   133.98    3.03724E+00   -46.02
 -180.00   230.00      -5.91   -4.39   -2.07    0.00000    50.00  LINEAR    3.49257E-01   100.49    4.16229E-01   100.49
 -175.00   230.00      -6.76   -5.20   -2.90    0.00000    50.11  LINEAR    3.16929E-01   101.09    3.79144E-01   101.09
 -170.00   230.00      -9.52   -7.87   -5.60    0.00000    50.43  LINEAR    2.30481E-01   102.89    2.78914E-01   102.89
 -165.00   230.00     -15.41  -13.59  -11.39    0.00000    50.97  LINEAR    1.16973E-01   105.90    1.44321E-01   105.90
 -160.00   230.00     -37.89  -35.83  -33.73    0.00000    51.74  LINEAR    8.79285E-03   106.91    1.11514E-02   106.91
 -155.00   230.00     -20.05  -17.67  -15.69    0.00000    52.75  LINEAR    6.86010E-02   -62.40    9.02072E-02   -62.40
 -150.00   230.00     -16.43  -13.66  -11.81    0.00000    53.99  LINEAR    1.04061E-01   -53.96    1.43200E-01   -53.96
 -145.00   230.00     -16.63  -13.37  -11.69    0.00000    55.50  LINEAR    1.01672E-01   -41.73    1.47919E-01   -41.73
 -140.00   230.00     -19.13  -15.29  -13.79    0.00000    57.27  LINEAR    7.62576E-02   -22.21    1.18636E-01   -22.21
 -135.00   230.00     -22.95  -18.42  -17.11    0.00000    59.32  LINEAR    4.91095E-02    14.72    8.27689E-02    14.72
 -130.00   230.00     -23.91  -18.55  -17.44    0.00000    61.66  LINEAR    4.39771E-02    70.56    8.15352E-02    70.56
 -125.00   230.00     -21.95  -15.60  -14.69    0.00000    64.30  LINEAR    5.51241E-02   108.82    1.14535E-01   108.82
 -120.00   230.00     -20.87  -13.32  -12.62    0.00000    67.24  LINEAR    6.24338E-02   131.63    1.48811E-01   131.63
 -115.00   230.00     -21.03  -12.03  -11.51    0.00000    70.47  LINEAR    6.12506E-02   148.92    1.72722E-01   148.92
 -110.00   230.00     -22.26  -11.42  -11.07    0.00000    73.99  LINEAR    5.31740E-02   164.13    1.85283E-01   164.13
 -105.00   230.00     -24.53  -11.26  -11.06    0.00000    77.75  LINEAR    4.09690E-02   178.48    1.88645E-01   178.48
 -100.00   230.00     -28.14  -11.41  -11.32    0.00000    81.71  LINEAR    2.70157E-02  -167.56    1.85410E-01  -167.56
  -95.00   230.00     -34.51  -11.79  -11.77    0.00000    85.82  LINEAR    1.29761E-02  -153.74    1.77434E-01  -153.74
  -90.00   230.00    -999.99  -12.41  -12.41    0.00000    90.00  LINEAR    7.07988E-13  -139.80    1.65330E-01  -139.80
  -85.00   230.00     -36.06  -13.35  -13.32    0.00000   -85.82  LINEAR    1.08530E-02    54.74    1.48403E-01  -125.26
  -80.00   230.00     -31.56  -14.83  -14.74    0.00000   -81.71  LINEAR    1.82215E-02    71.13    1.25055E-01  -108.87
  -75.00   230.00     -30.53  -17.27  -17.07    0.00000   -77.75  LINEAR    2.05173E-02    93.17    9.44738E-02   -86.83
  -70.00   230.00     -31.39  -20.54  -20.20    0.00000   -73.99  LINEAR    1.85946E-02   134.49    6.47921E-02   -45.51
  -65.00   230.00     -28.06  -19.05  -18.54    0.00000   -70.47  LINEAR    2.72875E-02  -160.51    7.69488E-02    19.49
  -60.00   230.00     -21.43  -13.88  -13.18    0.00000   -67.24  LINEAR    5.85312E-02  -124.66    1.39510E-01    55.34
  -55.00   230.00     -16.48  -10.13   -9.23    0.00000   -64.30  LINEAR    1.03407E-01  -106.92    2.14855E-01    73.08
  -50.00   230.00     -13.37   -8.00   -6.89    0.00000   -61.66  LINEAR    1.48055E-01   -95.79    2.74500E-01    84.21
  -45.00   230.00     -12.20   -7.66   -6.35    0.00000   -59.32  LINEAR    1.69418E-01   -88.72    2.85537E-01    91.28
  -40.00   230.00     -14.16  -10.32   -8.81    0.00000   -57.27  LINEAR    1.35196E-01   -87.93    2.10328E-01    92.07
  -35.00   230.00     -23.33  -20.07  -18.39    0.00000   -55.50  LINEAR    4.70123E-02  -160.11    6.83965E-02    19.89
  -30.00   230.00      -8.10   -5.33   -3.48    0.00000   -53.99  LINEAR    2.71495E-01   131.07    3.73609E-01   -48.93
  -25.00   230.00      -0.25    2.13    4.11    0.00000   -52.75  LINEAR    6.70269E-01   128.78    8.81373E-01   -51.22
  -20.00   230.00       4.70    6.77    8.87    0.00000   -51.74  LINEAR    1.18521E+00   130.00    1.50313E+00   -50.00
  -15.00   230.00       8.08    9.91   12.10    0.00000   -50.97  LINEAR    1.74935E+00   131.58    2.15834E+00   -48.42
  -10.00   230.00      10.33   11.99   14.25    0.00000   -50.43  LINEAR    2.26555E+00   132.87    2.74163E+00   -47.13
   -5.00   230.00      11.62   13.18   15.48    0.00000   -50.11  LINEAR    2.62956E+00   133.70    3.14575E+00   -46.30
    0.00   230.00      12.05   13.57   15.89    0.00000   -50.00  LINEAR    2.76097E+00   133.98    3.29039E+00   -46.02
 -180.00   235.00      -6.90   -3.81   -2.07    0.00000    55.00  LINEAR    3.11652E-01   100.49    4.45085E-01   100.49
 -175.00   235.00      -7.80   -4.67   -2.95    0.00000    55.10  LINEAR    2.80965E-01   100.90    4.02793E-01   100.90
 -170.00   235.00     -10.78   -7.55   -5.86    0.00000    55.41  LINEAR    1.99379E-01   101.95    2.89136E-01   101.95
 -165.00   235.00     -17.34  -13.94  -12.30    0.00000    55.93  LINEAR    9.37458E-02   102.06    1.38606E-01   102.06
 -160.00   235.00     -36.25  -32.61  -31.05    0.00000    56.66  LINEAR    1.06239E-02    -7.39    1.61463E-02    -7.39
 -155.00   235.00     -19.52  -15.57  -14.10    0.00000    57.60  LINEAR    7.28964E-02   -54.19    1.14869E-01   -54.19
 -150.00   235.00     -16.87  -12.52  -11.16    0.00000    58.77  LINEAR    9.89533E-02   -47.45    1.63182E-01   -47.45
 -145.00   235.00     -17.67  -12.84  -11.61    0.00000    60.16  LINEAR    9.02125E-02   -34.23    1.57281E-01   -34.23
 -140.00   235.00     -20.72  -15.31  -14.21    0.00000    61.79  LINEAR    6.34750E-02    -9.95    1.18337E-01    -9.95
 -135.00   235.00     -23.88  -17.78  -16.83    0.00000    63.66  LINEAR    4.41098E-02    37.90    8.90889E-02    37.90
 -130.00   235.00     -22.71  -15.78  -14.98    0.00000    65.77  LINEAR    5.04891E-02    89.24    1.12177E-01    89.24
 -125.00   235.00     -20.80  -12.88  -12.23    0.00000    68.12  LINEAR    6.28897E-02   118.22    1.56589E-01   118.22
 -120.00   235.00     -20.22  -11.11  -10.60    0.00000    70.70  LINEAR    6.72323E-02   137.16    1.92035E-01   137.16
 -115.00   235.00     -20.83  -10.25   -9.89    0.00000    73.52  LINEAR    6.27070E-02   152.60    2.11905E-01   152.60
 -110.00   235.00     -22.42  -10.01   -9.77    0.00000    76.53  LINEAR    5.21918E-02   166.68    2.17933E-01   166.68
 -105.00   235.00     -24.99  -10.15  -10.01    0.00000    79.73  LINEAR    3.88342E-02  -179.87    2.14285E-01  -179.87
 -100.00   235.00     -28.84  -10.54  -10.48    0.00000    83.07  LINEAR    2.49249E-02  -166.79    2.04992E-01  -166.79
  -95.00   235.00     -35.37  -11.08  -11.06    0.00000    86.51  LINEAR    1.17612E-02  -153.93    1.92721E-01  -153.93
  -90.00   235.00    -999.99  -11.75  -11.75    0.00000    90.00  LINEAR    6.36988E-13  -141.13    1.78256E-01  -141.13
  -85.00   235.00     -36.96  -12.67  -12.65    0.00000   -86.51  LINEAR    9.78951E-03    51.99    1.60412E-01  -128.01
  -80.00   235.00     -32.38  -14.08  -14.02    0.00000   -83.07  LINEAR    1.65791E-02    66.42    1.36353E-01  -113.58
  -75.00   235.00     -31.36  -16.53  -16.38    0.00000   -79.73  LINEAR    1.86504E-02    85.27    1.02912E-01   -94.73
  -70.00   235.00     -33.10  -20.68  -20.44    0.00000   -76.53  LINEAR    1.52682E-02   122.64    6.37544E-02   -57.36
  -65.00   235.00     -30.40  -19.83  -19.46    0.00000   -73.52  LINEAR    2.08250E-02  -159.60    7.03735E-02    20.40
  -60.00   235.00     -22.40  -13.29  -12.78    0.00000   -70.70  LINEAR    5.23121E-02  -120.91    1.49419E-01    59.09
  -55.00   235.00     -16.74   -8.82   -8.17    0.00000   -68.12  LINEAR    1.00398E-01  -103.95    2.49981E-01    76.05
  -50.00   235.00     -13.05   -6.12   -5.32    0.00000   -65.77  LINEAR    1.53486E-01   -93.22    3.41015E-01    86.78
  -45.00   235.00     -11.17   -5.06   -4.11    0.00000   -63.66  LINEAR    1.90715E-01   -85.76    3.85189E-01    94.24
  -40.00   235.00     -11.65   -6.24   -5.14    0.00000   -61.79  LINEAR    1.80336E-01   -81.87    3.36203E-01    98.13
  -35.00   235.00     -17.85  -13.02  -11.78    0.00000   -60.16  LINEAR    8.83847E-02   -93.37    1.54094E-01    86.63
  -30.00   235.00     -13.19   -8.84   -7.48    0.00000   -58.77  LINEAR    1.51165E-01   138.40    2.49283E-01   -41.60
  -25.00   235.00      -2.74    1.21    2.68    0.00000   -57.60  LINEAR    5.03420E-01   129.84    7.93283E-01   -50.16
  -20.00   235.00       3.01    6.65    8.21    0.00000   -56.66  LINEAR    9.75475E-01   130.31    1.48253E+00   -49.69
  -15.00   235.00       6.76   10.16   11.80    0.00000   -55.93  LINEAR    1.50275E+00   131.68    2.22186E+00   -48.32
  -10.00   235.00       9.21   12.44   14.13    0.00000   -55.41  LINEAR    1.99112E+00   132.91    2.88748E+00   -47.09
   -5.00   235.00      10.60   13.73   15.45    0.00000   -55.10  LINEAR    2.33802E+00   133.70    3.35179E+00   -46.30
    0.00   235.00      11.06   14.15   15.89    0.00000   -55.00  LINEAR    2.46368E+00   133.98    3.51851E+00   -46.02
 -180.00   240.00      -8.09   -3.32   -2.07    0.00000    60.00  LINEAR    2.71674E-01   100.49    4.70553E-01   100.49
 -175.00   240.00      -9.05   -4.24   -3.00    0.00000    60.09  LINEAR    2.43425E-01   100.73    4.23234E-01   100.73
 -170.00   240.00     -12.23   -7.33   -6.11    0.00000    60.38  LINEAR    1.68748E-01   101.03    2.96788E-01   101.03
 -165.00   240.00     -19.44  -14.37  -13.19    0.00000    60.85  LINEAR    7.35795E-02    97.78    1.31939E-01    97.78
 -160.00   240.00     -30.45  -25.14  -24.02    0.00000    61.52  LINEAR    2.07076E-02   -23.44    3.81684E-02   -23.44
 -155.00   240.00     -19.51  -13.89  -12.84    0.00000    62.38  LINEAR    7.29637E-02   -49.27    1.39441E-01   -49.27
 -150.00   240.00     -17.61  -11.59  -10.62    0.00000    63.43  LINEAR    9.07920E-02   -42.87    1.81584E-01   -42.87
 -145.00   240.00     -18.95  -12.45  -11.57    0.00000    64.69  LINEAR    7.78360E-02   -28.34    1.64580E-01   -28.34
 -140.00   240.00     -22.42  -15.34  -14.56    0.00000    66.14  LINEAR    5.21909E-02     1.11    1.18005E-01     1.11
 -135.00   240.00     -24.47  -16.69  -16.02    0.00000    67.79  LINEAR    4.12282E-02    56.05    1.00988E-01    56.05
 -130.00   240.00     -22.35  -13.74  -13.18    0.00000    69.64  LINEAR    5.26139E-02   100.25    1.41773E-01   100.25
 -125.00   240.00     -20.79  -11.19  -10.74    0.00000    71.68  LINEAR    6.30081E-02   124.40    1.90268E-01   124.40
 -120.00   240.00     -20.65   -9.86   -9.51    0.00000    73.90  LINEAR    6.40251E-02   141.43    2.21790E-01   141.43
 -115.00   240.00     -21.66   -9.41   -9.15    0.00000    76.29  LINEAR    5.69917E-02   156.01    2.33574E-01   156.01
 -110.00   240.00     -23.62   -9.53   -9.37    0.00000    78.83  LINEAR    4.54529E-02   169.60    2.30182E-01   169.60
 -105.00   240.00     -26.52  -10.01   -9.91    0.00000    81.50  LINEAR    3.25750E-02  -177.35    2.17996E-01  -177.35
 -100.00   240.00     -30.62  -10.64  -10.60    0.00000    84.27  LINEAR    2.03057E-02  -164.76    2.02539E-01  -164.76
  -95.00   240.00     -37.29  -11.33  -11.32    0.00000    87.12  LINEAR    9.42029E-03  -152.65    1.87210E-01  -152.65
  -90.00   240.00    -999.99  -12.02  -12.02    0.00000    90.00  LINEAR    5.09236E-13  -140.96    1.72830E-01  -140.96
  -85.00   240.00     -38.79  -12.82  -12.81    0.00000   -87.12  LINEAR    7.92907E-03    50.65    1.57575E-01  -129.35
  -80.00   240.00     -34.01  -14.03  -13.98    0.00000   -84.27  LINEAR    1.37542E-02    63.02    1.37191E-01  -116.98
  -75.00   240.00     -32.79  -16.27  -16.18    0.00000   -81.50  LINEAR    1.58284E-02    78.53    1.05926E-01  -101.47
  -70.00   240.00     -35.08  -20.99  -20.83    0.00000   -78.83  LINEAR    1.21482E-02   109.26    6.15206E-02   -70.74
  -65.00   240.00     -33.76  -21.51  -21.26    0.00000   -76.29  LINEAR    1.41473E-02  -157.94    5.79811E-02    22.06
  -60.00   240.00     -23.96  -13.16  -12.82    0.00000   -73.90  LINEAR    4.37425E-02  -116.57    1.51529E-01    63.43
  -55.00   240.00     -17.58   -7.98   -7.53    0.00000   -71.68  LINEAR    9.11726E-02  -100.96    2.75317E-01    79.04
  -50.00   240.00     -13.40   -4.79   -4.23    0.00000   -69.64  LINEAR    1.47445E-01   -90.97    3.97305E-01    89.03
  -45.00   240.00     -11.00   -3.22   -2.55    0.00000   -67.79  LINEAR    1.94442E-01   -83.63    4.76284E-01    96.37
  -40.00   240.00     -10.64   -3.56   -2.78    0.00000   -66.14  LINEAR    2.02570E-01   -78.79    4.58018E-01   101.21
  -35.00   240.00     -14.12   -7.61   -6.74    0.00000   -64.69  LINEAR    1.35763E-01   -80.30    2.87064E-01    99.70
  -30.00   240.00     -20.43  -14.41  -13.44    0.00000   -63.43  LINEAR    6.56130E-02   159.71    1.31226E-01   -20.29
  -25.00   240.00      -5.57    0.05    1.10    0.00000   -62.38  LINEAR    3.63153E-01   131.19    6.94024E-01   -48.81
  -20.00   240.00       1.11    6.42    7.54    0.00000   -61.52  LINEAR    7.83998E-01   130.64    1.44507E+00   -49.36
  -15.00   240.00       5.25   10.32   11.50    0.00000   -60.85  LINEAR    1.26264E+00   131.79    2.26411E+00   -48.21
  -10.00   240.00       7.89   12.79   14.01    0.00000   -60.38  LINEAR    1.71083E+00   132.94    3.00896E+00   -47.06
   -5.00   240.00       9.38   14.19   15.43    0.00000   -60.09  LINEAR    2.03123E+00   133.71    3.53164E+00   -46.29
    0.00   240.00       9.86   14.64   15.89    0.00000   -60.00  LINEAR    2.14765E+00   133.98    3.71984E+00   -46.02
 -180.00   245.00      -9.55   -2.93   -2.07    0.00000    65.00  LINEAR    2.29629E-01   100.49    4.92441E-01   100.49
 -175.00   245.00     -10.56   -3.90   -3.05    0.00000    65.08  LINEAR    2.04610E-01   100.57    4.40463E-01   100.57
 -170.00   245.00     -13.92   -7.17   -6.33    0.00000    65.33  LINEAR    1.38829E-01   100.16    3.02313E-01   100.16
 -165.00   245.00     -21.75  -14.82  -14.02    0.00000    65.75  LINEAR    5.64241E-02    93.21    1.25270E-01    93.21
 -160.00   245.00     -28.43  -21.27  -20.50    0.00000    66.34  LINEAR    2.61220E-02   -27.83    5.96140E-02   -27.83
 -155.00   245.00     -20.06  -12.58  -11.87    0.00000    67.09  LINEAR    6.84792E-02   -46.23    1.62036E-01   -46.23
 -150.00   245.00     -18.75  -10.87  -10.22    0.00000    68.01  LINEAR    7.96778E-02   -39.67    1.97303E-01   -39.67
 -145.00   245.00     -20.55  -12.19  -11.60    0.00000    69.09  LINEAR    6.47333E-02   -23.78    1.69469E-01   -23.78
 -140.00   245.00     -24.32  -15.38  -14.86    0.00000    70.34  LINEAR    4.19518E-02    10.77    1.17442E-01    10.77
 -135.00   245.00     -25.26  -15.62  -15.18    0.00000    71.75  LINEAR    3.76403E-02    69.18    1.14155E-01    69.18
 -130.00   245.00     -22.85  -12.38  -12.01    0.00000    73.31  LINEAR    4.96881E-02   107.66    1.65772E-01   107.66
 -125.00   245.00     -21.65  -10.20   -9.90    0.00000    75.03  LINEAR    5.70362E-02   129.17    2.13249E-01   129.17
 -120.00   245.00     -21.92   -9.28   -9.05    0.00000    76.88  LINEAR    5.52839E-02   145.31    2.37113E-01   145.31
 -115.00   245.00     -23.34   -9.24   -9.07    0.00000    78.85  LINEAR    4.69393E-02   159.68    2.38186E-01   159.68
 -110.00   245.00     -25.72   -9.77   -9.66    0.00000    80.94  LINEAR    3.57201E-02   173.38    2.23970E-01   173.38
 -105.00   245.00     -28.99  -10.62  -10.56    0.00000    83.12  LINEAR    2.45049E-02  -173.38    2.03041E-01  -173.38
 -100.00   245.00     -33.40  -11.56  -11.53    0.00000    85.37  LINEAR    1.47548E-02  -160.81    1.82218E-01  -160.81
  -95.00   245.00     -40.22  -12.40  -12.40    0.00000    87.67  LINEAR    6.72190E-03  -149.26    1.65395E-01  -149.26
  -90.00   245.00    -999.99  -13.06  -13.06    0.00000    90.00  LINEAR    3.64855E-13  -138.83    1.53316E-01  -138.83
  -85.00   245.00     -41.45  -13.63  -13.63    0.00000   -87.67  LINEAR    5.83468E-03    50.92    1.43565E-01  -129.08
  -80.00   245.00     -36.29  -14.46  -14.43    0.00000   -85.37  LINEAR    1.05732E-02    60.91    1.30576E-01  -119.09
  -75.00   245.00     -34.62  -16.26  -16.19    0.00000   -83.12  LINEAR    1.28094E-02    72.94    1.06135E-01  -107.06
  -70.00   245.00     -36.84  -20.89  -20.78    0.00000   -80.94  LINEAR    9.93001E-03    94.98    6.22624E-02   -85.02
  -65.00   245.00     -38.53  -24.42  -24.25    0.00000   -78.85  LINEAR    8.17398E-03  -158.21    4.14775E-02    21.79
  -60.00   245.00     -26.15  -13.51  -13.28    0.00000   -76.88  LINEAR    3.39679E-02  -112.17    1.45689E-01    67.83
  -55.00   245.00     -19.00   -7.55   -7.25    0.00000   -75.03  LINEAR    7.73588E-02   -98.20    2.89232E-01    81.80
  -50.00   245.00     -14.37   -3.91   -3.53    0.00000   -73.31  LINEAR    1.31883E-01   -89.03    4.39995E-01    90.97
  -45.00   245.00     -11.55   -1.91   -1.47    0.00000   -71.75  LINEAR    1.82460E-01   -82.00    5.53363E-01    98.00
  -40.00   245.00     -10.63   -1.69   -1.17    0.00000   -70.34  LINEAR    2.02759E-01   -76.88    5.67615E-01   103.12
  -35.00   245.00     -12.75   -4.40   -3.80    0.00000   -69.09  LINEAR    1.58853E-01   -75.53    4.15870E-01   104.47
  -30.00   245.00     -25.33  -17.45  -16.80    0.00000   -68.01  LINEAR    3.73506E-02  -130.76    9.24899E-02    49.24
  -25.00   245.00      -8.80   -1.32   -0.60    0.00000   -67.09  LINEAR    2.50507E-01   132.91    5.92751E-01   -47.09
  -20.00   245.00      -1.03    6.14    6.90    0.00000   -66.34  LINEAR    6.12589E-01   130.97    1.39801E+00   -49.03
  -15.00   245.00       3.49   10.42   11.22    0.00000   -65.75  LINEAR    1.03129E+00   131.89    2.28962E+00   -48.11
  -10.00   245.00       6.31   13.07   13.91    0.00000   -65.33  LINEAR    1.42710E+00   132.97    3.10764E+00   -47.03
   -5.00   245.00       7.89   14.55   15.40    0.00000   -65.08  LINEAR    1.71163E+00   133.72    3.68462E+00   -46.28
    0.00   245.00       8.40   15.03   15.89    0.00000   -65.00  LINEAR    1.81527E+00   133.98    3.89287E+00   -46.02
 -180.00   250.00     -11.39   -2.61   -2.07    0.00000    70.00  LINEAR    1.85836E-01   100.49    5.10580E-01   100.49
 -175.00   250.00     -12.44   -3.62   -3.09    0.00000    70.07  LINEAR    1.64793E-01   100.43    4.54494E-01   100.43
 -170.00   250.00     -15.97   -7.06   -6.53    0.00000    70.28  LINEAR    1.09735E-01    99.39    3.06144E-01    99.39
 -165.00   250.00     -24.32  -15.24  -14.73    0.00000    70.63  LINEAR    4.19578E-02    88.63    1.19345E-01    88.63
 -160.00   250.00     -28.17  -18.85  -18.37    0.00000    71.12  LINEAR    2.69310E-02   -29.93    7.87411E-02   -29.93
 -155.00   250.00     -21.23  -11.60  -11.15    0.00000    71.74  LINEAR    5.98616E-02   -44.32    1.81471E-01   -44.32
 -150.00   250.00     -20.36  -10.34   -9.92    0.00000    72.50  LINEAR    6.61522E-02   -37.49    2.09869E-01   -37.49
 -145.00   250.00     -22.57  -12.06  -11.69    0.00000    73.40  LINEAR    5.13285E-02   -20.35    1.72158E-01   -20.35
 -140.00   250.00     -26.53  -15.44  -15.12    0.00000    74.42  LINEAR    3.25104E-02    18.87    1.16601E-01    18.87
 -135.00   250.00     -26.57  -14.78  -14.51    0.00000    75.57  LINEAR    3.23626E-02    78.56    1.25746E-01    78.56
 -130.00   250.00     -24.15  -11.53  -11.30    0.00000    76.83  LINEAR    4.27932E-02   113.09    1.82912E-01   113.09
 -125.00   250.00     -23.30   -9.69   -9.50    0.00000    78.21  LINEAR    4.72026E-02   133.17    2.26104E-01   133.17
 -120.00   250.00     -23.96   -9.16   -9.01    0.00000    79.69  LINEAR    4.37473E-02   149.08    2.40389E-01   149.08
 -115.00   250.00     -25.80   -9.54   -9.44    0.00000    81.26  LINEAR    3.53841E-02   163.84    2.30035E-01   163.84
 -110.00   250.00     -28.62  -10.52  -10.46    0.00000    82.90  LINEAR    2.55682E-02   178.39    2.05392E-01   178.39
 -105.00   250.00     -32.34  -11.82  -11.78    0.00000    84.62  LINEAR    1.66675E-02  -167.31    1.76933E-01  -167.31
 -100.00   250.00     -37.11  -13.12  -13.11    0.00000    86.38  LINEAR    9.62312E-03  -153.99    1.52258E-01  -153.99
  -95.00   250.00     -44.12  -14.15  -14.15    0.00000    88.18  LINEAR    4.29080E-03  -142.73    1.35262E-01  -142.73
  -90.00   250.00    -999.99  -14.73  -14.73    0.00000    90.00  LINEAR    2.35068E-13  -134.02    1.26551E-01  -134.02
  -85.00   250.00     -44.91  -14.94  -14.93    0.00000   -88.18  LINEAR    3.92004E-03    53.02    1.23574E-01  -126.98
  -80.00   250.00     -39.18  -15.20  -15.18    0.00000   -86.38  LINEAR    7.58017E-03    60.03    1.19934E-01  -119.97
  -75.00   250.00     -36.84  -16.33  -16.29    0.00000   -84.62  LINEAR    9.92028E-03    68.63    1.05308E-01  -111.37
  -70.00   250.00     -38.31  -20.21  -20.14    0.00000   -82.90  LINEAR    8.38324E-03    82.75    6.73433E-02   -97.25
  -65.00   250.00     -45.64  -29.38  -29.28    0.00000   -81.26  LINEAR    3.60315E-03  -166.72    2.34244E-02    13.28
  -60.00   250.00     -29.06  -14.26  -14.12    0.00000   -79.69  LINEAR    2.43053E-02  -107.86    1.33557E-01    72.14
  -55.00   250.00     -21.05   -7.45   -7.26    0.00000   -78.21  LINEAR    6.11021E-02   -95.72    2.92684E-01    84.28
  -50.00   250.00     -15.98   -3.36   -3.13    0.00000   -76.83  LINEAR    1.09631E-01   -87.40    4.68596E-01    92.60
  -45.00   250.00     -12.80   -1.01   -0.74    0.00000   -75.57  LINEAR    1.57968E-01   -80.73    6.13789E-01    99.27
  -40.00   250.00     -11.48   -0.39   -0.06    0.00000   -74.42  LINEAR    1.83946E-01   -75.58    6.59738E-01   104.42
  -35.00   250.00     -12.81   -2.30   -1.93    0.00000   -73.40  LINEAR    1.57894E-01   -73.12    5.29583E-01   106.88
  -30.00   250.00     -21.99  -11.96  -11.55    0.00000   -72.50  LINEAR    5.48373E-02   -90.91    1.73972E-01    89.09
  -25.00   250.00     -12.46   -2.83   -2.38    0.00000   -71.74  LINEAR    1.64277E-01   135.07    4.98007E-01   -44.93
  -20.00   250.00      -3.50    5.82    6.30    0.00000   -71.12  LINEAR    4.61175E-01   131.29    1.34838E+00   -48.71
  -15.00   250.00       1.39   10.47   10.98    0.00000   -70.63  LINEAR    8.09639E-01   131.98    2.30294E+00   -48.02
  -10.00   250.00       4.38   13.29   13.81    0.00000   -70.28  LINEAR    1.14172E+00   133.00    3.18525E+00   -47.00
   -5.00   250.00       6.03   14.84   15.38    0.00000   -70.07  LINEAR    1.38154E+00   133.72    3.81024E+00   -46.28
    0.00   250.00       6.57   15.35   15.89    0.00000   -70.00  LINEAR    1.46908E+00   133.98    4.03626E+00   -46.02
 -180.00   255.00     -13.81   -2.37   -2.07    0.00000    75.00  LINEAR    1.40629E-01   100.49    5.24834E-01   100.49
 -175.00   255.00     -14.89   -3.42   -3.12    0.00000    75.05  LINEAR    1.24218E-01   100.32    4.65357E-01   100.32
 -170.00   255.00     -18.56   -6.98   -6.69    0.00000    75.22  LINEAR    8.14527E-02    98.74    3.08675E-01    98.74
 -165.00   255.00     -27.33  -15.59  -15.31    0.00000    75.49  LINEAR    2.96685E-02    84.41    1.14630E-01    84.41
 -160.00   255.00     -29.24  -17.26  -16.99    0.00000    75.87  LINEAR    2.38061E-02   -31.15    9.45475E-02   -31.15
 -155.00   255.00     -23.18  -10.88  -10.63    0.00000    76.35  LINEAR    4.78492E-02   -43.14    1.97036E-01   -43.14
 -150.00   255.00     -22.64   -9.96   -9.73    0.00000    76.94  LINEAR    5.08767E-02   -36.03    2.19248E-01   -36.03
 -145.00   255.00     -25.17  -12.00  -11.80    0.00000    77.62  LINEAR    3.80176E-02   -17.86    1.73208E-01   -17.86
 -140.00   255.00     -29.27  -15.52  -15.34    0.00000    78.40  LINEAR    2.37257E-02    25.32    1.15588E-01    25.32
 -135.00   255.00     -28.65  -14.20  -14.04    0.00000    79.27  LINEAR    2.54953E-02    85.21    1.34562E-01    85.21
 -130.00   255.00     -26.31  -11.03  -10.90    0.00000    80.23  LINEAR    3.33739E-02   117.18    1.93770E-01   117.18
 -125.00   255.00     -25.76   -9.49   -9.39    0.00000    81.26  LINEAR    3.55462E-02   136.57    2.31286E-01   136.57
 -120.00   255.00     -26.77   -9.31   -9.24    0.00000    82.37  LINEAR    3.16229E-02   152.72    2.36036E-01   152.72
 -115.00   255.00     -29.03  -10.11  -10.05    0.00000    83.54  LINEAR    2.43990E-02   168.45    2.15462E-01   168.45
 -110.00   255.00     -32.31  -11.55  -11.51    0.00000    84.76  LINEAR    1.67234E-02  -175.30    1.82482E-01  -175.30
 -105.00   255.00     -36.49  -13.31  -13.29    0.00000    86.03  LINEAR    1.03343E-02  -158.70    1.49016E-01  -158.70
 -100.00   255.00     -41.65  -15.00  -14.99    0.00000    87.34  LINEAR    5.70587E-03  -143.30    1.22631E-01  -143.30
  -95.00   255.00     -48.88  -16.25  -16.25    0.00000    88.66  LINEAR    2.48069E-03  -131.80    1.06224E-01  -131.80
  -90.00   255.00    -999.99  -16.76  -16.76    0.00000    90.00  LINEAR    1.36989E-13  -125.70    1.00178E-01  -125.70
  -85.00   255.00     -49.15  -16.52  -16.51    0.00000   -88.66  LINEAR    2.40569E-03    57.07    1.03013E-01  -122.93
  -80.00   255.00     -42.71  -16.07  -16.06    0.00000   -87.34  LINEAR    5.04702E-03    60.21    1.08471E-01  -119.79
  -75.00   255.00     -39.58  -16.40  -16.38    0.00000   -86.03  LINEAR    7.23826E-03    65.62    1.04372E-01  -114.38
  -70.00   255.00     -40.02  -19.26  -19.23    0.00000   -84.76  LINEAR    6.88104E-03    74.37    7.50844E-02  -105.63
  -65.00   255.00     -54.99  -36.07  -36.01    0.00000   -83.54  LINEAR    1.22826E-03   142.72    1.08465E-02   -37.28
  -60.00   255.00     -32.77  -15.31  -15.24    0.00000   -82.37  LINEAR    1.58510E-02  -103.65    1.18314E-01    76.35
  -55.00   255.00     -23.83   -7.56   -7.46    0.00000   -81.26  LINEAR    4.43817E-02   -93.59    2.88775E-01    86.41
  -50.00   255.00     -18.34   -3.06   -2.93    0.00000   -80.23  LINEAR    8.35515E-02   -86.09    4.85103E-01    93.91
  -45.00   255.00     -14.87   -0.42   -0.26    0.00000   -79.27  LINEAR    1.24575E-01   -79.77    6.57496E-01   100.23
  -40.00   255.00     -13.24    0.51    0.69    0.00000   -78.40  LINEAR    1.50179E-01   -74.68    7.31647E-01   105.32
  -35.00   255.00     -14.07   -0.90   -0.69    0.00000   -77.62  LINEAR    1.36573E-01   -71.71    6.22225E-01   108.29
  -30.00   255.00     -21.02   -8.33   -8.10    0.00000   -76.94  LINEAR    6.13452E-02   -79.99    2.64361E-01   100.01
  -25.00   255.00     -16.66   -4.37   -4.12    0.00000   -76.35  LINEAR    1.01304E-01   137.64    4.17157E-01   -42.36
  -20.00   255.00      -6.46    5.52    5.79    0.00000   -75.87  LINEAR    3.27968E-01   131.59    1.30255E+00   -48.41
  -15.00   255.00      -1.25   10.49   10.77    0.00000   -75.49  LINEAR    5.97428E-01   132.05    2.30828E+00   -47.95
  -10.00   255.00       1.87   13.45   13.74    0.00000   -75.22  LINEAR    8.55887E-01   133.02    3.24349E+00   -46.98
   -5.00   255.00       3.59   15.07   15.36    0.00000   -75.05  LINEAR    1.04321E+00   133.73    3.90819E+00   -46.27
    0.00   255.00       4.15   15.58   15.89    0.00000   -75.00  LINEAR    1.11171E+00   133.98    4.14894E+00   -46.02
 -180.00   260.00     -17.28   -2.21   -2.07    0.00000    80.00  LINEAR    9.43514E-02   100.49    5.35093E-01   100.49
 -175.00   260.00     -18.38   -3.28   -3.14    0.00000    80.04  LINEAR    8.31003E-02   100.24    4.73085E-01   100.24
 -170.00   260.00     -22.15   -6.94   -6.81    0.00000    80.15  LINEAR    5.38716E-02    98.25    3.10234E-01    98.25
 -165.00   260.00     -31.22  -15.84  -15.72    0.00000    80.33  LINEAR    1.89592E-02    80.99    1.11316E-01    80.99
 -160.00   260.00     -31.86  -16.24  -16.12    0.00000    80.59  LINEAR    1.76162E-02   -31.88    1.06318E-01   -31.88
 -155.00   260.00     -26.33  -10.40  -10.29    0.00000    80.92  LINEAR    3.32934E-02   -42.43    2.08336E-01   -42.43
 -150.00   260.00     -26.03   -9.71   -9.61    0.00000    81.32  LINEAR    3.44573E-02   -35.11    2.25648E-01   -35.11
 -145.00   260.00     -28.80  -12.00  -11.91    0.00000    81.78  LINEAR    2.50319E-02   -16.17    1.73305E-01   -16.17
 -140.00   260.00     -32.98  -15.59  -15.51    0.00000    82.31  LINEAR    1.54813E-02    30.02    1.14613E-01    30.02
 -135.00   260.00     -31.91  -13.82  -13.76    0.00000    82.89  LINEAR    1.75127E-02    89.71    1.40459E-01    89.71
 -130.00   260.00     -29.67  -10.76  -10.71    0.00000    83.53  LINEAR    2.26479E-02   120.14    1.99821E-01   120.14
 -125.00   260.00     -29.37   -9.47   -9.42    0.00000    84.22  LINEAR    2.34621E-02   139.28    2.31984E-01   139.28
 -120.00   260.00     -30.67   -9.58   -9.55    0.00000    84.96  LINEAR    2.01827E-02   155.94    2.28923E-01   155.94
 -115.00   260.00     -33.28  -10.72  -10.70    0.00000    85.74  LINEAR    1.49591E-02   172.98    2.00743E-01   172.98
 -110.00   260.00     -36.95  -12.55  -12.54    0.00000    86.55  LINEAR    9.80301E-03  -168.39    1.62551E-01  -168.39
 -105.00   260.00     -41.49  -14.67  -14.67    0.00000    87.39  LINEAR    5.81167E-03  -148.30    1.27346E-01  -148.30
 -100.00   260.00     -46.90  -16.62  -16.62    0.00000    88.25  LINEAR    3.11660E-03  -129.42    1.01787E-01  -129.42
  -95.00   260.00     -54.33  -18.06  -18.06    0.00000    89.12  LINEAR    1.32575E-03  -116.88    8.62675E-02  -116.88
  -90.00   260.00    -999.99  -18.65  -18.65    0.00000    90.00  LINEAR    7.25087E-14  -114.15    8.05770E-02  -114.15
  -85.00   260.00     -54.32  -18.06  -18.05    0.00000   -89.12  LINEAR    1.32607E-03    62.57    8.62884E-02  -117.43
  -80.00   260.00     -47.17  -16.89  -16.88    0.00000   -88.25  LINEAR    3.02238E-03    61.05    9.87099E-02  -118.95
  -75.00   260.00     -43.27  -16.46  -16.45    0.00000   -87.39  LINEAR    4.73207E-03    63.73    1.03690E-01  -116.27
  -70.00   260.00     -42.80  -18.41  -18.40    0.00000   -86.55  LINEAR    4.99460E-03    69.48    8.28191E-02  -110.52
  -65.00   260.00     -54.21  -31.66  -31.63    0.00000   -85.74  LINEAR    1.34331E-03    82.08    1.80265E-02   -97.92
  -60.00   260.00     -37.54  -16.45  -16.41    0.00000   -84.96  LINEAR    9.15418E-03   -99.71    1.03832E-01    80.29
  -55.00   260.00     -27.68   -7.78   -7.73    0.00000   -84.22  LINEAR    2.84904E-02   -91.89    2.81701E-01    88.11
  -50.00   260.00     -21.83   -2.92   -2.86    0.00000   -83.53  LINEAR    5.58745E-02   -85.10    4.92977E-01    94.90
  -45.00   260.00     -18.13   -0.05    0.02    0.00000   -82.89  LINEAR    8.55516E-02   -79.09    6.86159E-01   100.91
  -40.00   260.00     -16.29    1.10    1.17    0.00000   -82.31  LINEAR    1.05699E-01   -74.07    7.82525E-01   105.93
  -35.00   260.00     -16.80    0.01    0.09    0.00000   -81.78  LINEAR    9.96946E-02   -70.87    6.90221E-01   109.13
  -30.00   260.00     -22.59   -6.27   -6.17    0.00000   -81.32  LINEAR    5.11999E-02   -75.70    3.35289E-01   104.30
  -25.00   260.00     -21.68   -5.75   -5.64    0.00000   -80.92  LINEAR    5.68765E-02   140.35    3.55908E-01   -39.65
  -20.00   260.00     -10.34    5.27    5.39    0.00000   -80.59  LINEAR    2.09734E-01   131.82    1.26580E+00   -48.18
  -15.00   260.00      -4.88   10.50   10.62    0.00000   -80.33  LINEAR    3.93317E-01   132.11    2.30930E+00   -47.89
  -10.00   260.00      -1.65   13.55   13.68    0.00000   -80.15  LINEAR    5.70241E-01   133.04    3.28388E+00   -46.96
   -5.00   260.00       0.11   15.22   15.35    0.00000   -80.04  LINEAR    6.98806E-01   133.73    3.97826E+00   -46.27
    0.00   260.00       0.68   15.75   15.89    0.00000   -80.00  LINEAR    7.45872E-01   133.98    4.23005E+00   -46.02
 -180.00   265.00     -23.27   -2.11   -2.07    0.00000    85.00  LINEAR    4.73559E-02   100.49    5.41280E-01   100.49
 -175.00   265.00     -24.39   -3.19   -3.16    0.00000    85.02  LINEAR    4.16351E-02   100.19    4.77709E-01   100.19
 -170.00   265.00     -28.21   -6.92   -6.89    0.00000    85.08  LINEAR    2.68015E-02    97.94    3.11068E-01    97.94
 -165.00   265.00     -37.46  -16.00  -15.96    0.00000    85.17  LINEAR    9.24417E-03    78.75    1.09389E-01    78.75
 -160.00   265.00     -37.37  -15.67  -15.64    0.00000    85.30  LINEAR    9.33672E-03   -32.29    1.13568E-01   -32.29
 -155.00   265.00     -32.13  -10.12  -10.09    0.00000    85.47  LINEAR    1.70612E-02   -42.05    2.15170E-01   -42.05
 -150.00   265.00     -31.98   -9.56   -9.54    0.00000    85.67  LINEAR    1.73768E-02   -34.61    2.29343E-01   -34.61
 -145.00   265.00     -34.90  -12.01  -11.99    0.00000    85.90  LINEAR    1.24037E-02   -15.20    1.73075E-01   -15.20
 -140.00   265.00     -39.12  -15.64  -15.62    0.00000    86.17  LINEAR    7.63418E-03    32.88    1.13909E-01    32.88
 -135.00   265.00     -37.79  -13.62  -13.61    0.00000    86.46  LINEAR    8.89309E-03    92.34    1.43753E-01    92.34
 -130.00   265.00     -35.64  -10.64  -10.63    0.00000    86.78  LINEAR    1.13973E-02   121.95    2.02666E-01   121.95
 -125.00   265.00     -35.49   -9.50   -9.49    0.00000    87.13  LINEAR    1.15971E-02   141.06    2.31103E-01   141.06
 -120.00   265.00     -36.99   -9.81   -9.80    0.00000    87.50  LINEAR    9.75674E-03   158.23    2.23040E-01   158.23
 -115.00   265.00     -39.82  -11.18  -11.17    0.00000    87.88  LINEAR    7.04060E-03   176.45    1.90419E-01   176.45
 -110.00   265.00     -43.74  -13.26  -13.25    0.00000    88.29  LINEAR    4.48711E-03  -162.70    1.49956E-01  -162.70
 -105.00   265.00     -48.43  -15.53  -15.53    0.00000    88.70  LINEAR    2.61378E-03  -139.26    1.15431E-01  -139.26
 -100.00   265.00     -53.85  -17.48  -17.48    0.00000    89.13  LINEAR    1.40089E-03  -117.05    9.22109E-02  -117.05
  -95.00   265.00     -61.34  -18.98  -18.98    0.00000    89.56  LINEAR    5.91380E-04  -103.22    7.75566E-02  -103.22
  -90.00   265.00    -999.99  -19.83  -19.83    0.00000    90.00  LINEAR    3.13911E-14  -103.10    7.03063E-02  -103.10
  -85.00   265.00     -61.52  -19.17  -19.17    0.00000   -89.56  LINEAR    5.78867E-04    67.74    7.59156E-02  -112.26
  -80.00   265.00     -53.84  -17.47  -17.47    0.00000   -89.13  LINEAR    1.40222E-03    61.96    9.22983E-02  -118.04
  -75.00   265.00     -49.39  -16.49  -16.49    0.00000   -88.70  LINEAR    2.33951E-03    62.72    1.03318E-01  -117.28
  -70.00   265.00     -48.33  -17.85  -17.85    0.00000   -88.29  LINEAR    2.64382E-03    67.04    8.83544E-02  -112.96
  -65.00   265.00     -56.61  -27.96  -27.96    0.00000   -87.88  LINEAR    1.01960E-03    69.77    2.75758E-02  -110.23
  -60.00   265.00     -44.53  -17.35  -17.34    0.00000   -87.50  LINEAR    4.09513E-03   -96.65    9.36151E-02    83.35
  -55.00   265.00     -33.96   -7.97   -7.96    0.00000   -87.13  LINEAR    1.38262E-02   -90.78    2.75524E-01    89.22
  -50.00   265.00     -27.87   -2.87   -2.85    0.00000   -86.78  LINEAR    2.78864E-02   -84.49    4.95876E-01    95.51
  -45.00   265.00     -24.02    0.15    0.17    0.00000   -86.46  LINEAR    4.34336E-02   -78.67    7.02084E-01   101.33
  -40.00   265.00     -22.05    1.42    1.44    0.00000   -86.17  LINEAR    5.44645E-02   -73.73    8.12658E-01   106.27
  -35.00   265.00     -22.38    0.51    0.53    0.00000   -85.90  LINEAR    5.24323E-02   -70.42    7.31614E-01   109.58
  -30.00   265.00     -27.59   -5.18   -5.16    0.00000   -85.67  LINEAR    2.87731E-02   -73.83    3.79755E-01   106.17
  -25.00   265.00     -28.74   -6.73   -6.70    0.00000   -85.47  LINEAR    2.52132E-02   142.56    3.17981E-01   -37.44
  -20.00   265.00     -16.59    5.11    5.14    0.00000   -85.30  LINEAR    1.02117E-01   131.97    1.24212E+00   -48.03
  -15.00   265.00     -10.97   10.49   10.52    0.00000   -85.17  LINEAR    1.95106E-01   132.15    2.30874E+00   -47.85
  -10.00   265.00      -7.68   13.62   13.65    0.00000   -85.08  LINEAR    2.84982E-01   133.05    3.30761E+00   -46.95
   -5.00   265.00      -5.88   15.31   15.34    0.00000   -85.02  LINEAR    3.50396E-01   133.73    4.02035E+00   -46.27
    0.00   265.00      -5.31   15.85   15.89    0.00000   -85.00  LINEAR    3.74360E-01   133.98    4.27896E+00   -46.02
 -180.00   270.00    -999.99   -2.07   -2.07    0.00000   -90.00  LINEAR    8.31879E-12   -79.51    5.43348E-01   100.49
 -175.00   270.00    -999.99   -3.16   -3.16    0.00000   -90.00  LINEAR    7.30947E-12   -79.83    4.79248E-01   100.17
 -170.00   270.00    -999.99   -6.91   -6.91    0.00000   -90.00  LINEAR    4.69411E-12   -82.16    3.11329E-01    97.84
 -165.00   270.00    -999.99  -16.05  -16.05    0.00000   -90.00  LINEAR    1.60842E-12  -102.03    1.08761E-01    77.97
 -160.00   270.00    -999.99  -15.48  -15.48    0.00000   -90.00  LINEAR    1.66911E-12   147.58    1.16016E-01   -32.42
 -155.00   270.00    -999.99  -10.03  -10.03    0.00000   -90.00  LINEAR    3.01737E-12   138.07    2.17456E-01   -41.93
 -150.00   270.00    -999.99   -9.52   -9.52    0.00000   -90.00  LINEAR    3.05685E-12   145.55    2.30548E-01   -34.45
 -145.00   270.00    -999.99  -12.02  -12.02    0.00000   -90.00  LINEAR    2.16901E-12   165.12    1.72948E-01   -14.88
 -140.00   270.00    -999.99  -15.66  -15.66    0.00000   -90.00  LINEAR    1.33295E-12  -146.15    1.13652E-01    33.85
 -135.00   270.00    -999.99  -13.56  -13.56    0.00000   -90.00  LINEAR    1.56762E-12   -86.79    1.44802E-01    93.21
 -130.00   270.00    -999.99  -10.60  -10.60    0.00000   -90.00  LINEAR    2.00243E-12   -57.44    2.03474E-01   122.56
 -125.00   270.00    -999.99   -9.52   -9.52    0.00000   -90.00  LINEAR    2.02491E-12   -38.32    2.30586E-01   141.68
 -120.00   270.00    -999.99   -9.89   -9.89    0.00000   -90.00  LINEAR    1.69038E-12   -20.94    2.20816E-01   159.06
 -115.00   270.00    -999.99  -11.35  -11.35    0.00000   -90.00  LINEAR    1.20851E-12    -2.23    1.86776E-01   177.77
 -110.00   270.00    -999.99  -13.50  -13.50    0.00000   -90.00  LINEAR    7.63452E-13    19.54    1.45797E-01  -160.46
 -105.00   270.00    -999.99  -15.79  -15.79    0.00000   -90.00  LINEAR    4.43656E-13    44.35    1.11961E-01  -135.65
 -100.00   270.00    -999.99  -17.69  -17.69    0.00000   -90.00  LINEAR    2.39240E-13    67.83    8.99876E-02  -112.17
  -95.00   270.00    -999.99  -19.19  -19.19    0.00000   -90.00  LINEAR    1.01018E-13    82.18    7.57043E-02   -97.82
  -90.00   270.00    -999.99  -20.19  -20.19    0.00000   -90.00  LINEAR    5.27254E-24    81.50    6.74803E-02   -98.50
  -85.00   270.00    -999.99  -19.57  -19.57    0.00000    90.00  LINEAR    9.67322E-14  -110.08    7.24925E-02  -110.08
  -80.00   270.00    -999.99  -17.68  -17.68    0.00000    90.00  LINEAR    2.39485E-13  -117.65    9.00794E-02  -117.65
  -75.00   270.00    -999.99  -16.50  -16.50    0.00000    90.00  LINEAR    4.08959E-13  -117.59    1.03205E-01  -117.59
  -70.00   270.00    -999.99  -17.66  -17.66    0.00000    90.00  LINEAR    4.73103E-13  -113.70    9.03488E-02  -113.70
  -65.00   270.00    -999.99  -26.90  -26.90    0.00000    90.00  LINEAR    2.01576E-13  -112.55    3.11536E-02  -112.55
  -60.00   270.00    -999.99  -17.69  -17.69    0.00000    90.00  LINEAR    6.88615E-13    84.54    8.99548E-02    84.54
  -55.00   270.00    -999.99   -8.05   -8.05    0.00000    90.00  LINEAR    2.39844E-12    89.61    2.73121E-01    89.61
  -50.00   270.00    -999.99   -2.86   -2.86    0.00000    90.00  LINEAR    4.88628E-12    95.72    4.96511E-01    95.72
  -45.00   270.00    -999.99    0.22    0.22    0.00000    90.00  LINEAR    7.65563E-12   101.46    7.07154E-01   101.46
  -40.00   270.00    -999.99    1.53    1.53    0.00000    90.00  LINEAR    9.64789E-12   106.39    8.22615E-01   106.39
  -35.00   270.00    -999.99    0.67    0.67    0.00000    90.00  LINEAR    9.34958E-12   109.73    7.45497E-01   109.73
  -30.00   270.00    -999.99   -4.85   -4.85    0.00000    90.00  LINEAR    5.23549E-12   106.71    3.94862E-01   106.71
  -25.00   270.00    -999.99   -7.08   -7.08    0.00000    90.00  LINEAR    4.23463E-12   -36.57    3.05182E-01   -36.57
  -20.00   270.00    -999.99    5.05    5.05    0.00000    90.00  LINEAR    1.77527E-11   -47.97    1.23395E+00   -47.97
  -15.00   270.00    -999.99   10.49   10.49    0.00000    90.00  LINEAR    3.41373E-11   -47.84    2.30836E+00   -47.84
  -10.00   270.00    -999.99   13.64   13.64    0.00000    90.00  LINEAR    4.99890E-11   -46.95    3.31544E+00   -46.95
   -5.00   270.00    -999.99   15.34   15.34    0.00000    90.00  LINEAR    6.15323E-11   -46.27    4.03438E+00   -46.27
    0.00   270.00    -999.99   15.89   15.89    0.00000    90.00  LINEAR    6.57621E-11   -46.02    4.29530E+00   -46.02
 -180.00   275.00     -23.27   -2.11   -2.07    0.00000   -85.00  LINEAR    4.73559E-02   -79.51    5.41280E-01   100.49
 -175.00   275.00     -24.39   -3.19   -3.16    0.00000   -85.02  LINEAR    4.16351E-02   -79.81    4.77709E-01   100.19
 -170.00   275.00     -28.21   -6.92   -6.89    0.00000   -85.08  LINEAR    2.68015E-02   -82.06    3.11068E-01    97.94
 -165.00   275.00     -37.46  -16.00  -15.96    0.00000   -85.17  LINEAR    9.24417E-03  -101.25    1.09389E-01    78.75
 -160.00   275.00     -37.37  -15.67  -15.64    0.00000   -85.30  LINEAR    9.33672E-03   147.71    1.13568E-01   -32.29
 -155.00   275.00     -32.13  -10.12  -10.09    0.00000   -85.47  LINEAR    1.70612E-02   137.95    2.15170E-01   -42.05
 -150.00   275.00     -31.98   -9.56   -9.54    0.00000   -85.67  LINEAR    1.73768E-02   145.39    2.29343E-01   -34.61
 -145.00   275.00     -34.90  -12.01  -11.99    0.00000   -85.90  LINEAR    1.24037E-02   164.80    1.73075E-01   -15.20
 -140.00   275.00     -39.12  -15.64  -15.62    0.00000   -86.17  LINEAR    7.63418E-03  -147.12    1.13909E-01    32.88
 -135.00   275.00     -37.79  -13.62  -13.61    0.00000   -86.46  LINEAR    8.89309E-03   -87.66    1.43753E-01    92.34
 -130.00   275.00     -35.64  -10.64  -10.63    0.00000   -86.78  LINEAR    1.13973E-02   -58.05    2.02666E-01   121.95
 -125.00   275.00     -35.49   -9.50   -9.49    0.00000   -87.13  LINEAR    1.15971E-02   -38.94    2.31103E-01   141.06
 -120.00   275.00     -36.99   -9.81   -9.80    0.00000   -87.50  LINEAR    9.75674E-03   -21.77    2.23040E-01   158.23
 -115.00   275.00     -39.82  -11.18  -11.17    0.00000   -87.88  LINEAR    7.04060E-03    -3.55    1.90419E-01   176.45
 -110.00   275.00     -43.74  -13.26  -13.25    0.00000   -88.29  LINEAR    4.48711E-03    17.30    1.49956E-01  -162.70
 -105.00   275.00     -48.43  -15.53  -15.53    0.00000   -88.70  LINEAR    2.61378E-03    40.74    1.15431E-01  -139.26
 -100.00   275.00     -53.85  -17.48  -17.48    0.00000   -89.13  LINEAR    1.40089E-03    62.95    9.22109E-02  -117.05
  -95.00   275.00     -61.34  -18.98  -18.98    0.00000   -89.56  LINEAR    5.91380E-04    76.78    7.75566E-02  -103.22
  -90.00   275.00    -999.99  -19.83  -19.83    0.00000   -90.00  LINEAR    3.13911E-14    76.90    7.03063E-02  -103.10
  -85.00   275.00     -61.52  -19.17  -19.17    0.00000    89.56  LINEAR    5.78867E-04  -112.26    7.59156E-02  -112.26
  -80.00   275.00     -53.84  -17.47  -17.47    0.00000    89.13  LINEAR    1.40222E-03  -118.04    9.22983E-02  -118.04
  -75.00   275.00     -49.39  -16.49  -16.49    0.00000    88.70  LINEAR    2.33951E-03  -117.28    1.03318E-01  -117.28
  -70.00   275.00     -48.33  -17.85  -17.85    0.00000    88.29  LINEAR    2.64382E-03  -112.96    8.83544E-02  -112.96
  -65.00   275.00     -56.61  -27.96  -27.96    0.00000    87.88  LINEAR    1.01960E-03  -110.23    2.75758E-02  -110.23
  -60.00   275.00     -44.53  -17.35  -17.34    0.00000    87.50  LINEAR    4.09513E-03    83.35    9.36151E-02    83.35
  -55.00   275.00     -33.96   -7.97   -7.96    0.00000    87.13  LINEAR    1.38262E-02    89.22    2.75524E-01    89.22
  -50.00   275.00     -27.87   -2.87   -2.85    0.00000    86.78  LINEAR    2.78864E-02    95.51    4.95876E-01    95.51
  -45.00   275.00     -24.02    0.15    0.17    0.00000    86.46  LINEAR    4.34336E-02   101.33    7.02084E-01   101.33
  -40.00   275.00     -22.05    1.42    1.44    0.00000    86.17  LINEAR    5.44645E-02   106.27    8.12658E-01   106.27
  -35.00   275.00     -22.38    0.51    0.53    0.00000    85.90  LINEAR    5.24323E-02   109.58    7.31614E-01   109.58
  -30.00   275.00     -27.59   -5.18   -5.16    0.00000    85.67  LINEAR    2.87731E-02   106.17    3.79755E-01   106.17
  -25.00   275.00     -28.74   -6.73   -6.70    0.00000    85.47  LINEAR    2.52132E-02   -37.44    3.17981E-01   -37.44
  -20.00   275.00     -16.59    5.11    5.14    0.00000    85.30  LINEAR    1.02117E-01   -48.03    1.24212E+00   -48.03
  -15.00   275.00     -10.97   10.49   10.52    0.00000    85.17  LINEAR    1.95106E-01   -47.85    2.30874E+00   -47.85
  -10.00   275.00      -7.68   13.62   13.65    0.00000    85.08  LINEAR    2.84982E-01   -46.95    3.30761E+00   -46.95
   -5.00   275.00      -5.88   15.31   15.34    0.00000    85.02  LINEAR    3.50396E-01   -46.27    4.02035E+00   -46.27
    0.00   275.00      -5.31   15.85   15.89    0.00000    85.00  LINEAR    3.74360E-01   -46.02    4.27896E+00   -46.02
 -180.00   280.00     -17.28   -2.21   -2.07    0.00000   -80.00  LINEAR    9.43514E-02   -79.51    5.35093E-01   100.49
 -175.00   280.00     -18.38   -3.28   -3.14    0.00000   -80.04  LINEAR    8.31003E-02   -79.76    4.73085E-01   100.24
 -170.00   280.00     -22.15   -6.94   -6.81    0.00000   -80.15  LINEAR    5.38716E-02   -81.75    3.10234E-01    98.25
 -165.00   280.00     -31.22  -15.84  -15.72    0.00000   -80.33  LINEAR    1.89592E-02   -99.01    1.11316E-01    80.99
 -160.00   280.00     -31.86  -16.24  -16.12    0.00000   -80.59  LINEAR    1.76162E-02   148.12    1.06318E-01   -31.88
 -155.00   280.00     -26.33  -10.40  -10.29    0.00000   -80.92  LINEAR    3.32934E-02   137.57    2.08336E-01   -42.43
 -150.00   280.00     -26.03   -9.71   -9.61    0.00000   -81.32  LINEAR    3.44573E-02   144.89    2.25648E-01   -35.11
 -145.00   280.00     -28.80  -12.00  -11.91    0.00000   -81.78  LINEAR    2.50319E-02   163.83    1.73305E-01   -16.17
 -140.00   280.00     -32.98  -15.59  -15.51    0.00000   -82.31  LINEAR    1.54813E-02  -149.98    1.14613E-01    30.02
 -135.00   280.00     -31.91  -13.82  -13.76    0.00000   -82.89  LINEAR    1.75127E-02   -90.29    1.40459E-01    89.71
 -130.00   280.00     -29.67  -10.76  -10.71    0.00000   -83.53  LINEAR    2.26479E-02   -59.86    1.99821E-01   120.14
 -125.00   280.00     -29.37   -9.47   -9.42    0.00000   -84.22  LINEAR    2.34621E-02   -40.72    2.31984E-01   139.28
 -120.00   280.00     -30.67   -9.58   -9.55    0.00000   -84.96  LINEAR    2.01827E-02   -24.06    2.28923E-01   155.94
 -115.00   280.00     -33.28  -10.72  -10.70    0.00000   -85.74  LINEAR    1.49591E-02    -7.02    2.00743E-01   172.98
 -110.00   280.00     -36.95  -12.55  -12.54    0.00000   -86.55  LINEAR    9.80301E-03    11.61    1.62551E-01  -168.39
 -105.00   280.00     -41.49  -14.67  -14.67    0.00000   -87.39  LINEAR    5.81167E-03    31.70    1.27346E-01  -148.30
 -100.00   280.00     -46.90  -16.62  -16.62    0.00000   -88.25  LINEAR    3.11660E-03    50.58    1.01787E-01  -129.42
  -95.00   280.00     -54.33  -18.06  -18.06    0.00000   -89.12  LINEAR    1.32575E-03    63.12    8.62675E-02  -116.88
  -90.00   280.00    -999.99  -18.65  -18.65    0.00000   -90.00  LINEAR    7.25087E-14    65.85    8.05770E-02  -114.15
  -85.00   280.00     -54.32  -18.06  -18.05    0.00000    89.12  LINEAR    1.32607E-03  -117.43    8.62884E-02  -117.43
  -80.00   280.00     -47.17  -16.89  -16.88    0.00000    88.25  LINEAR    3.02238E-03  -118.95    9.87099E-02  -118.95
  -75.00   280.00     -43.27  -16.46  -16.45    0.00000    87.39  LINEAR    4.73207E-03  -116.27    1.03690E-01  -116.27
  -70.00   280.00     -42.80  -18.41  -18.40    0.00000    86.55  LINEAR    4.99460E-03  -110.52    8.28191E-02  -110.52
  -65.00   280.00     -54.21  -31.66  -31.63    0.00000    85.74  LINEAR    1.34331E-03   -97.92    1.80265E-02   -97.92
  -60.00   280.00     -37.54  -16.45  -16.41    0.00000    84.96  LINEAR    9.15418E-03    80.29    1.03832E-01    80.29
  -55.00   280.00     -27.68   -7.78   -7.73    0.00000    84.22  LINEAR    2.84904E-02    88.11    2.81701E-01    88.11
  -50.00   280.00     -21.83   -2.92   -2.86    0.00000    83.53  LINEAR    5.58745E-02    94.90    4.92977E-01    94.90
  -45.00   280.00     -18.13   -0.05    0.02    0.00000    82.89  LINEAR    8.55516E-02   100.91    6.86159E-01   100.91
  -40.00   280.00     -16.29    1.10    1.17    0.00000    82.31  LINEAR    1.05699E-01   105.93    7.82525E-01   105.93
  -35.00   280.00     -16.80    0.01    0.09    0.00000    81.78  LINEAR    9.96946E-02   109.13    6.90221E-01   109.13
  -30.00   280.00     -22.59   -6.27   -6.17    0.00000    81.32  LINEAR    5.11999E-02   104.30    3.35289E-01   104.30
  -25.00   280.00     -21.68   -5.75   -5.64    0.00000    80.92  LINEAR    5.68765E-02   -39.65    3.55908E-01   -39.65
  -20.00   280.00     -10.34    5.27    5.39    0.00000    80.59  LINEAR    2.09734E-01   -48.18    1.26580E+00   -48.18
  -15.00   280.00      -4.88   10.50   10.62    0.00000    80.33  LINEAR    3.93317E-01   -47.89    2.30930E+00   -47.89
  -10.00   280.00      -1.65   13.55   13.68    0.00000    80.15  LINEAR    5.70241E-01   -46.96    3.28388E+00   -46.96
   -5.00   280.00       0.11   15.22   15.35    0.00000    80.04  LINEAR    6.98806E-01   -46.27    3.97826E+00   -46.27
    0.00   280.00       0.68   15.75   15.89    0.00000    80.00  LINEAR    7.45872E-01   -46.02    4.23005E+00   -46.02
 -180.00   285.00     -13.81   -2.37   -2.07    0.00000   -75.00  LINEAR    1.40629E-01   -79.51    5.24834E-01   100.49
 -175.00   285.00     -14.89   -3.42   -3.12    0.00000   -75.05  LINEAR    1.24218E-01   -79.68    4.65357E-01   100.32
 -170.00   285.00     -18.56   -6.98   -6.69    0.00000   -75.22  LINEAR    8.14527E-02   -81.26    3.08675E-01    98.74
 -165.00   285.00     -27.33  -15.59  -15.31    0.00000   -75.49  LINEAR    2.96685E-02   -95.59    1.14630E-01    84.41
 -160.00   285.00     -29.24  -17.26  -16.99    0.00000   -75.87  LINEAR    2.38061E-02   148.85    9.45475E-02   -31.15
 -155.00   285.00     -23.18  -10.88  -10.63    0.00000   -76.35  LINEAR    4.78492E-02   136.86    1.97036E-01   -43.14
 -150.00   285.00     -22.64   -9.96   -9.73    0.00000   -76.94  LINEAR    5.08767E-02   143.97    2.19248E-01   -36.03
 -145.00   285.00     -25.17  -12.00  -11.80    0.00000   -77.62  LINEAR    3.80176E-02   162.14    1.73208E-01   -17.86
 -140.00   285.00     -29.27  -15.52  -15.34    0.00000   -78.40  LINEAR    2.37257E-02  -154.68    1.15588E-01    25.32
 -135.00   285.00     -28.65  -14.20  -14.04    0.00000   -79.27  LINEAR    2.54953E-02   -94.79    1.34562E-01    85.21
 -130.00   285.00     -26.31  -11.03  -10.90    0.00000   -80.23  LINEAR    3.33739E-02   -62.82    1.93770E-01   117.18
 -125.00   285.00     -25.76   -9.49   -9.39    0.00000   -81.26  LINEAR    3.55462E-02   -43.43    2.31286E-01   136.57
 -120.00   285.00     -26.77   -9.31   -9.24    0.00000   -82.37  LINEAR    3.16229E-02   -27.28    2.36036E-01   152.72
 -115.00   285.00     -29.03  -10.11  -10.05    0.00000   -83.54  LINEAR    2.43990E-02   -11.55    2.15462E-01   168.45
 -110.00   285.00     -32.31  -11.55  -11.51    0.00000   -84.76  LINEAR    1.67234E-02     4.70    1.82482E-01  -175.30
 -105.00   285.00     -36.49  -13.31  -13.29    0.00000   -86.03  LINEAR    1.03343E-02    21.30    1.49016E-01  -158.70
 -100.00   285.00     -41.65  -15.00  -14.99    0.00000   -87.34  LINEAR    5.70587E-03    36.70    1.22631E-01  -143.30
  -95.00   285.00     -48.88  -16.25  -16.25    0.00000   -88.66  LINEAR    2.48069E-03    48.20    1.06224E-01  -131.80
  -90.00   285.00    -999.99  -16.76  -16.76    0.00000   -90.00  LINEAR    1.36989E-13    54.30    1.00178E-01  -125.70
  -85.00   285.00     -49.15  -16.52  -16.51    0.00000    88.66  LINEAR    2.40569E-03  -122.93    1.03013E-01  -122.93
  -80.00   285.00     -42.71  -16.07  -16.06    0.00000    87.34  LINEAR    5.04702E-03  -119.79    1.08471E-01  -119.79
  -75.00   285.00     -39.58  -16.40  -16.38    0.00000    86.03  LINEAR    7.23826E-03  -114.38    1.04372E-01  -114.38
  -70.00   285.00     -40.02  -19.26  -19.23    0.00000    84.76  LINEAR    6.88104E-03  -105.63    7.50844E-02  -105.63
  -65.00   285.00     -54.99  -36.07  -36.01    0.00000    83.54  LINEAR    1.22826E-03   -37.28    1.08465E-02   -37.28
  -60.00   285.00     -32.77  -15.31  -15.24    0.00000    82.37  LINEAR    1.58510E-02    76.35    1.18314E-01    76.35
  -55.00   285.00     -23.83   -7.56   -7.46    0.00000    81.26  LINEAR    4.43817E-02    86.41    2.88775E-01    86.41
  -50.00   285.00     -18.34   -3.06   -2.93    0.00000    80.23  LINEAR    8.35515E-02    93.91    4.85103E-01    93.91
  -45.00   285.00     -14.87   -0.42   -0.26    0.00000    79.27  LINEAR    1.24575E-01   100.23    6.57496E-01   100.23
  -40.00   285.00     -13.24    0.51    0.69    0.00000    78.40  LINEAR    1.50179E-01   105.32    7.31647E-01   105.32
  -35.00   285.00     -14.07   -0.90   -0.69    0.00000    77.62  LINEAR    1.36573E-01   108.29    6.22225E-01   108.29
  -30.00   285.00     -21.02   -8.33   -8.10    0.00000    76.94  LINEAR    6.13452E-02   100.01    2.64361E-01   100.01
  -25.00   285.00     -16.66   -4.37   -4.12    0.00000    76.35  LINEAR    1.01304E-01   -42.36    4.17157E-01   -42.36
  -20.00   285.00      -6.46    5.52    5.79    0.00000    75.87  LINEAR    3.27968E-01   -48.41    1.30255E+00   -48.41
  -15.00   285.00      -1.25   10.49   10.77    0.00000    75.49  LINEAR    5.97428E-01   -47.95    2.30828E+00   -47.95
  -10.00   285.00       1.87   13.45   13.74    0.00000    75.22  LINEAR    8.55887E-01   -46.98    3.24349E+00   -46.98
   -5.00   285.00       3.59   15.07   15.36    0.00000    75.05  LINEAR    1.04321E+00   -46.27    3.90819E+00   -46.27
    0.00   285.00       4.15   15.58   15.89    0.00000    75.00  LINEAR    1.11171E+00   -46.02    4.14894E+00   -46.02
 -180.00   290.00     -11.39   -2.61   -2.07    0.00000   -70.00  LINEAR    1.85836E-01   -79.51    5.10580E-01   100.49
 -175.00   290.00     -12.44   -3.62   -3.09    0.00000   -70.07  LINEAR    1.64793E-01   -79.57    4.54494E-01   100.43
 -170.00   290.00     -15.97   -7.06   -6.53    0.00000   -70.28  LINEAR    1.09735E-01   -80.61    3.06144E-01    99.39
 -165.00   290.00     -24.32  -15.24  -14.73    0.00000   -70.63  LINEAR    4.19578E-02   -91.37    1.19345E-01    88.63
 -160.00   290.00     -28.17  -18.85  -18.37    0.00000   -71.12  LINEAR    2.69310E-02   150.07    7.87411E-02   -29.93
 -155.00   290.00     -21.23  -11.60  -11.15    0.00000   -71.74  LINEAR    5.98616E-02   135.68    1.81471E-01   -44.32
 -150.00   290.00     -20.36  -10.34   -9.92    0.00000   -72.50  LINEAR    6.61522E-02   142.51    2.09869E-01   -37.49
 -145.00   290.00     -22.57  -12.06  -11.69    0.00000   -73.40  LINEAR    5.13285E-02   159.65    1.72158E-01   -20.35
 -140.00   290.00     -26.53  -15.44  -15.12    0.00000   -74.42  LINEAR    3.25104E-02  -161.13    1.16601E-01    18.87
 -135.00   290.00     -26.57  -14.78  -14.51    0.00000   -75.57  LINEAR    3.23626E-02  -101.44    1.25746E-01    78.56
 -130.00   290.00     -24.15  -11.53  -11.30    0.00000   -76.83  LINEAR    4.27932E-02   -66.91    1.82912E-01   113.09
 -125.00   290.00     -23.30   -9.69   -9.50    0.00000   -78.21  LINEAR    4.72026E-02   -46.83    2.26104E-01   133.17
 -120.00   290.00     -23.96   -9.16   -9.01    0.00000   -79.69  LINEAR    4.37473E-02   -30.92    2.40389E-01   149.08
 -115.00   290.00     -25.80   -9.54   -9.44    0.00000   -81.26  LINEAR    3.53841E-02   -16.16    2.30035E-01   163.84
 -110.00   290.00     -28.62  -10.52  -10.46    0.00000   -82.90  LINEAR    2.55682E-02    -1.61    2.05392E-01   178.39
 -105.00   290.00     -32.34  -11.82  -11.78    0.00000   -84.62  LINEAR    1.66675E-02    12.69    1.76933E-01  -167.31
 -100.00   290.00     -37.11  -13.12  -13.11    0.00000   -86.38  LINEAR    9.62312E-03    26.01    1.52258E-01  -153.99
  -95.00   290.00     -44.12  -14.15  -14.15    0.00000   -88.18  LINEAR    4.29080E-03    37.27    1.35262E-01  -142.73
  -90.00   290.00    -999.99  -14.73  -14.73    0.00000   -90.00  LINEAR    2.35068E-13    45.98    1.26551E-01  -134.02
  -85.00   290.00     -44.91  -14.94  -14.93    0.00000    88.18  LINEAR    3.92004E-03  -126.98    1.23574E-01  -126.98
  -80.00   290.00     -39.18  -15.20  -15.18    0.00000    86.38  LINEAR    7.58017E-03  -119.97    1.19934E-01  -119.97
  -75.00   290.00     -36.84  -16.33  -16.29    0.00000    84.62  LINEAR    9.92028E-03  -111.37    1.05308E-01  -111.37
  -70.00   290.00     -38.31  -20.21  -20.14    0.00000    82.90  LINEAR    8.38324E-03   -97.25    6.73433E-02   -97.25
  -65.00   290.00     -45.64  -29.38  -29.28    0.00000    81.26  LINEAR    3.60315E-03    13.28    2.34244E-02    13.28
  -60.00   290.00     -29.06  -14.26  -14.12    0.00000    79.69  LINEAR    2.43053E-02    72.14    1.33557E-01    72.14
  -55.00   290.00     -21.05   -7.45   -7.26    0.00000    78.21  LINEAR    6.11021E-02    84.28    2.92684E-01    84.28
  -50.00   290.00     -15.98   -3.36   -3.13    0.00000    76.83  LINEAR    1.09631E-01    92.60    4.68596E-01    92.60
  -45.00   290.00     -12.80   -1.01   -0.74    0.00000    75.57  LINEAR    1.57968E-01    99.27    6.13789E-01    99.27
  -40.00   290.00     -11.48   -0.39   -0.06    0.00000    74.42  LINEAR    1.83946E-01   104.42    6.59738E-01   104.42
  -35.00   290.00     -12.81   -2.30   -1.93    0.00000    73.40  LINEAR    1.57894E-01   106.88    5.29583E-01   106.88
  -30.00   290.00     -21.99  -11.96  -11.55    0.00000    72.50  LINEAR    5.48373E-02    89.09    1.73972E-01    89.09
  -25.00   290.00     -12.46   -2.83   -2.38    0.00000    71.74  LINEAR    1.64277E-01   -44.93    4.98007E-01   -44.93
  -20.00   290.00      -3.50    5.82    6.30    0.00000    71.12  LINEAR    4.61175E-01   -48.71    1.34838E+00   -48.71
  -15.00   290.00       1.39   10.47   10.98    0.00000    70.63  LINEAR    8.09639E-01   -48.02    2.30294E+00   -48.02
  -10.00   290.00       4.38   13.29   13.81    0.00000    70.28  LINEAR    1.14172E+00   -47.00    3.18525E+00   -47.00
   -5.00   290.00       6.03   14.84   15.38    0.00000    70.07  LINEAR    1.38154E+00   -46.28    3.81024E+00   -46.28
    0.00   290.00       6.57   15.35   15.89    0.00000    70.00  LINEAR    1.46908E+00   -46.02    4.03626E+00   -46.02
 -180.00   295.00      -9.55   -2.93   -2.07    0.00000   -65.00  LINEAR    2.29629E-01   -79.51    4.92441E-01   100.49
 -175.00   295.00     -10.56   -3.90   -3.05    0.00000   -65.08  LINEAR    2.04610E-01   -79.43    4.40463E-01   100.57
 -170.00   295.00     -13.92   -7.17   -6.33    0.00000   -65.33  LINEAR    1.38829E-01   -79.84    3.02313E-01   100.16
 -165.00   295.00     -21.75  -14.82  -14.02    0.00000   -65.75  LINEAR    5.64241E-02   -86.79    1.25270E-01    93.21
 -160.00   295.00     -28.43  -21.27  -20.50    0.00000   -66.34  LINEAR    2.61220E-02   152.17    5.96140E-02   -27.83
 -155.00   295.00     -20.06  -12.58  -11.87    0.00000   -67.09  LINEAR    6.84792E-02   133.77    1.62036E-01   -46.23
 -150.00   295.00     -18.75  -10.87  -10.22    0.00000   -68.01  LINEAR    7.96778E-02   140.33    1.97303E-01   -39.67
 -145.00   295.00     -20.55  -12.19  -11.60    0.00000   -69.09  LINEAR    6.47333E-02   156.22    1.69469E-01   -23.78
 -140.00   295.00     -24.32  -15.38  -14.86    0.00000   -70.34  LINEAR    4.19518E-02  -169.23    1.17442E-01    10.77
 -135.00   295.00     -25.26  -15.62  -15.18    0.00000   -71.75  LINEAR    3.76403E-02  -110.82    1.14155E-01    69.18
 -130.00   295.00     -22.85  -12.38  -12.01    0.00000   -73.31  LINEAR    4.96881E-02   -72.34    1.65772E-01   107.66
 -125.00   295.00     -21.65  -10.20   -9.90    0.00000   -75.03  LINEAR    5.70362E-02   -50.83    2.13249E-01   129.17
 -120.00   295.00     -21.92   -9.28   -9.05    0.00000   -76.88  LINEAR    5.52839E-02   -34.69    2.37113E-01   145.31
 -115.00   295.00     -23.34   -9.24   -9.07    0.00000   -78.85  LINEAR    4.69393E-02   -20.32    2.38186E-01   159.68
 -110.00   295.00     -25.72   -9.77   -9.66    0.00000   -80.94  LINEAR    3.57201E-02    -6.62    2.23970E-01   173.38
 -105.00   295.00     -28.99  -10.62  -10.56    0.00000   -83.12  LINEAR    2.45049E-02     6.62    2.03041E-01  -173.38
 -100.00   295.00     -33.40  -11.56  -11.53    0.00000   -85.37  LINEAR    1.47548E-02    19.19    1.82218E-01  -160.81
  -95.00   295.00     -40.22  -12.40  -12.40    0.00000   -87.67  LINEAR    6.72190E-03    30.74    1.65395E-01  -149.26
  -90.00   295.00    -999.99  -13.06  -13.06    0.00000   -90.00  LINEAR    3.64855E-13    41.17    1.53316E-01  -138.83
  -85.00   295.00     -41.45  -13.63  -13.63    0.00000    87.67  LINEAR    5.83468E-03  -129.08    1.43565E-01  -129.08
  -80.00   295.00     -36.29  -14.46  -14.43    0.00000    85.37  LINEAR    1.05732E-02  -119.09    1.30576E-01  -119.09
  -75.00   295.00     -34.62  -16.26  -16.19    0.00000    83.12  LINEAR    1.28094E-02  -107.06    1.06135E-01  -107.06
  -70.00   295.00     -36.84  -20.89  -20.78    0.00000    80.94  LINEAR    9.93001E-03   -85.02    6.22624E-02   -85.02
  -65.00   295.00     -38.53  -24.42  -24.25    0.00000    78.85  LINEAR    8.17398E-03    21.79    4.14775E-02    21.79
  -60.00   295.00     -26.15  -13.51  -13.28    0.00000    76.88  LINEAR    3.39679E-02    67.83    1.45689E-01    67.83
  -55.00   295.00     -19.00   -7.55   -7.25    0.00000    75.03  LINEAR    7.73588E-02    81.80    2.89232E-01    81.80
  -50.00   295.00     -14.37   -3.91   -3.53    0.00000    73.31  LINEAR    1.31883E-01    90.97    4.39995E-01    90.97
  -45.00   295.00     -11.55   -1.91   -1.47    0.00000    71.75  LINEAR    1.82460E-01    98.00    5.53363E-01    98.00
  -40.00   295.00     -10.63   -1.69   -1.17    0.00000    70.34  LINEAR    2.02759E-01   103.12    5.67615E-01   103.12
  -35.00   295.00     -12.75   -4.40   -3.80    0.00000    69.09  LINEAR    1.58853E-01   104.47    4.15870E-01   104.47
  -30.00   295.00     -25.33  -17.45  -16.80    0.00000    68.01  LINEAR    3.73506E-02    49.24    9.24899E-02    49.24
  -25.00   295.00      -8.80   -1.32   -0.60    0.00000    67.09  LINEAR    2.50507E-01   -47.09    5.92751E-01   -47.09
  -20.00   295.00      -1.03    6.14    6.90    0.00000    66.34  LINEAR    6.12589E-01   -49.03    1.39801E+00   -49.03
  -15.00   295.00       3.49   10.42   11.22    0.00000    65.75  LINEAR    1.03129E+00   -48.11    2.28962E+00   -48.11
  -10.00   295.00       6.31   13.07   13.91    0.00000    65.33  LINEAR    1.42710E+00   -47.03    3.10764E+00   -47.03
   -5.00   295.00       7.89   14.55   15.40    0.00000    65.08  LINEAR    1.71163E+00   -46.28    3.68462E+00   -46.28
    0.00   295.00       8.40   15.03   15.89    0.00000    65.00  LINEAR    1.81527E+00   -46.02    3.89287E+00   -46.02
 -180.00   300.00      -8.09   -3.32   -2.07    0.00000   -60.00  LINEAR    2.71674E-01   -79.51    4.70553E-01   100.49
 -175.00   300.00      -9.05   -4.24   -3.00    0.00000   -60.09  LINEAR    2.43425E-01   -79.27    4.23234E-01   100.73
 -170.00   300.00     -12.23   -7.33   -6.11    0.00000   -60.38  LINEAR    1.68748E-01   -78.97    2.96788E-01   101.03
 -165.00   300.00     -19.44  -14.37  -13.19    0.00000   -60.85  LINEAR    7.35795E-02   -82.22    1.31939E-01    97.78
 -160.00   300.00     -30.45  -25.14  -24.02    0.00000   -61.52  LINEAR    2.07076E-02   156.56    3.81684E-02   -23.44
 -155.00   300.00     -19.51  -13.89  -12.84    0.00000   -62.38  LINEAR    7.29637E-02   130.73    1.39441E-01   -49.27
 -150.00   300.00     -17.61  -11.59  -10.62    0.00000   -63.43  LINEAR    9.07920E-02   137.13    1.81584E-01   -42.87
 -145.00   300.00     -18.95  -12.45  -11.57    0.00000   -64.69  LINEAR    7.78360E-02   151.66    1.64580E-01   -28.34
 -140.00   300.00     -22.42  -15.34  -14.56    0.00000   -66.14  LINEAR    5.21909E-02  -178.89    1.18005E-01     1.11
 -135.00   300.00     -24.47  -16.69  -16.02    0.00000   -67.79  LINEAR    4.12282E-02  -123.95    1.00988E-01    56.05
 -130.00   300.00     -22.35  -13.74  -13.18    0.00000   -69.64  LINEAR    5.26139E-02   -79.75    1.41773E-01   100.25
 -125.00   300.00     -20.79  -11.19  -10.74    0.00000   -71.68  LINEAR    6.30081E-02   -55.60    1.90268E-01   124.40
 -120.00   300.00     -20.65   -9.86   -9.51    0.00000   -73.90  LINEAR    6.40251E-02   -38.57    2.21790E-01   141.43
 -115.00   300.00     -21.66   -9.41   -9.15    0.00000   -76.29  LINEAR    5.69917E-02   -23.99    2.33574E-01   156.01
 -110.00   300.00     -23.62   -9.53   -9.37    0.00000   -78.83  LINEAR    4.54529E-02   -10.40    2.30182E-01   169.60
 -105.00   300.00     -26.52  -10.01   -9.91    0.00000   -81.50  LINEAR    3.25750E-02     2.65    2.17996E-01  -177.35
 -100.00   300.00     -30.62  -10.64  -10.60    0.00000   -84.27  LINEAR    2.03057E-02    15.24    2.02539E-01  -164.76
  -95.00   300.00     -37.29  -11.33  -11.32    0.00000   -87.12  LINEAR    9.42029E-03    27.35    1.87210E-01  -152.65
  -90.00   300.00    -999.99  -12.02  -12.02    0.00000   -90.00  LINEAR    5.09236E-13    39.04    1.72830E-01  -140.96
  -85.00   300.00     -38.79  -12.82  -12.81    0.00000    87.12  LINEAR    7.92907E-03  -129.35    1.57575E-01  -129.35
  -80.00   300.00     -34.01  -14.03  -13.98    0.00000    84.27  LINEAR    1.37542E-02  -116.98    1.37191E-01  -116.98
  -75.00   300.00     -32.79  -16.27  -16.18    0.00000    81.50  LINEAR    1.58284E-02  -101.47    1.05926E-01  -101.47
  -70.00   300.00     -35.08  -20.99  -20.83    0.00000    78.83  LINEAR    1.21482E-02   -70.74    6.15206E-02   -70.74
  -65.00   300.00     -33.76  -21.51  -21.26    0.00000    76.29  LINEAR    1.41473E-02    22.06    5.79811E-02    22.06
  -60.00   300.00     -23.96  -13.16  -12.82    0.00000    73.90  LINEAR    4.37425E-02    63.43    1.51529E-01    63.43
  -55.00   300.00     -17.58   -7.98   -7.53    0.00000    71.68  LINEAR    9.11726E-02    79.04    2.75317E-01    79.04
  -50.00   300.00     -13.40   -4.79   -4.23    0.00000    69.64  LINEAR    1.47445E-01    89.03    3.97305E-01    89.03
  -45.00   300.00     -11.00   -3.22   -2.55    0.00000    67.79  LINEAR    1.94442E-01    96.37    4.76284E-01    96.37
  -40.00   300.00     -10.64   -3.56   -2.78    0.00000    66.14  LINEAR    2.02570E-01   101.21    4.58018E-01   101.21
  -35.00   300.00     -14.12   -7.61   -6.74    0.00000    64.69  LINEAR    1.35763E-01    99.70    2.87064E-01    99.70
  -30.00   300.00     -20.43  -14.41  -13.44    0.00000    63.43  LINEAR    6.56130E-02   -20.29    1.31226E-01   -20.29
  -25.00   300.00      -5.57    0.05    1.10    0.00000    62.38  LINEAR    3.63153E-01   -48.81    6.94024E-01   -48.81
  -20.00   300.00       1.11    6.42    7.54    0.00000    61.52  LINEAR    7.83998E-01   -49.36    1.44507E+00   -49.36
  -15.00   300.00       5.25   10.32   11.50    0.00000    60.85  LINEAR    1.26264E+00   -48.21    2.26411E+00   -48.21
  -10.00   300.00       7.89   12.79   14.01    0.00000    60.38  LINEAR    1.71083E+00   -47.06    3.00896E+00   -47.06
   -5.00   300.00       9.38   14.19   15.43    0.00000    60.09  LINEAR    2.03123E+00   -46.29    3.53164E+00   -46.29
    0.00   300.00       9.86   14.64   15.89    0.00000    60.00  LINEAR    2.14765E+00   -46.02    3.71984E+00   -46.02
 -180.00   305.00      -6.90   -3.81   -2.07    0.00000   -55.00  LINEAR    3.11652E-01   -79.51    4.45085E-01   100.49
 -175.00   305.00      -7.80   -4.67   -2.95    0.00000   -55.10  LINEAR    2.80965E-01   -79.10    4.02793E-01   100.90
 -170.00   305.00     -10.78   -7.55   -5.86    0.00000   -55.41  LINEAR    1.99379E-01   -78.05    2.89136E-01   101.95
 -165.00   305.00     -17.34  -13.94  -12.30    0.00000   -55.93  LINEAR    9.37458E-02   -77.94    1.38606E-01   102.06
 -160.00   305.00     -36.25  -32.61  -31.05    0.00000   -56.66  LINEAR    1.06239E-02   172.61    1.61463E-02    -7.39
 -155.00   305.00     -19.52  -15.57  -14.10    0.00000   -57.60  LINEAR    7.28964E-02   125.81    1.14869E-01   -54.19
 -150.00   305.00     -16.87  -12.52  -11.16    0.00000   -58.77  LINEAR    9.89533E-02   132.55    1.63182E-01   -47.45
 -145.00   305.00     -17.67  -12.84  -11.61    0.00000   -60.16  LINEAR    9.02125E-02   145.77    1.57281E-01   -34.23
 -140.00   305.00     -20.72  -15.31  -14.21    0.00000   -61.79  LINEAR    6.34750E-02   170.05    1.18337E-01    -9.95
 -135.00   305.00     -23.88  -17.78  -16.83    0.00000   -63.66  LINEAR    4.41098E-02  -142.10    8.90889E-02    37.90
 -130.00   305.00     -22.71  -15.78  -14.98    0.00000   -65.77  LINEAR    5.04891E-02   -90.76    1.12177E-01    89.24
 -125.00   305.00     -20.80  -12.88  -12.23    0.00000   -68.12  LINEAR    6.28897E-02   -61.78    1.56589E-01   118.22
 -120.00   305.00     -20.22  -11.11  -10.60    0.00000   -70.70  LINEAR    6.72323E-02   -42.84    1.92035E-01   137.16
 -115.00   305.00     -20.83  -10.25   -9.89    0.00000   -73.52  LINEAR    6.27070E-02   -27.40    2.11905E-01   152.60
 -110.00   305.00     -22.42  -10.01   -9.77    0.00000   -76.53  LINEAR    5.21918E-02   -13.32    2.17933E-01   166.68
 -105.00   305.00     -24.99  -10.15  -10.01    0.00000   -79.73  LINEAR    3.88342E-02     0.13    2.14285E-01  -179.87
 -100.00   305.00     -28.84  -10.54  -10.48    0.00000   -83.07  LINEAR    2.49249E-02    13.21    2.04992E-01  -166.79
  -95.00   305.00     -35.37  -11.08  -11.06    0.00000   -86.51  LINEAR    1.17612E-02    26.07    1.92721E-01  -153.93
  -90.00   305.00    -999.99  -11.75  -11.75    0.00000   -90.00  LINEAR    6.36988E-13    38.87    1.78256E-01  -141.13
  -85.00   305.00     -36.96  -12.67  -12.65    0.00000    86.51  LINEAR    9.78951E-03  -128.01    1.60412E-01  -128.01
  -80.00   305.00     -32.38  -14.08  -14.02    0.00000    83.07  LINEAR    1.65791E-02  -113.58    1.36353E-01  -113.58
  -75.00   305.00     -31.36  -16.53  -16.38    0.00000    79.73  LINEAR    1.86504E-02   -94.73    1.02912E-01   -94.73
  -70.00   305.00     -33.10  -20.68  -20.44    0.00000    76.53  LINEAR    1.52682E-02   -57.36    6.37544E-02   -57.36
  -65.00   305.00     -30.40  -19.83  -19.46    0.00000    73.52  LINEAR    2.08250E-02    20.40    7.03735E-02    20.40
  -60.00   305.00     -22.40  -13.29  -12.78    0.00000    70.70  LINEAR    5.23121E-02    59.09    1.49419E-01    59.09
  -55.00   305.00     -16.74   -8.82   -8.17    0.00000    68.12  LINEAR    1.00398E-01    76.05    2.49981E-01    76.05
  -50.00   305.00     -13.05   -6.12   -5.32    0.00000    65.77  LINEAR    1.53486E-01    86.78    3.41015E-01    86.78
  -45.00   305.00     -11.17   -5.06   -4.11    0.00000    63.66  LINEAR    1.90715E-01    94.24    3.85189E-01    94.24
  -40.00   305.00     -11.65   -6.24   -5.14    0.00000    61.79  LINEAR    1.80336E-01    98.13    3.36203E-01    98.13
  -35.00   305.00     -17.85  -13.02  -11.78    0.00000    60.16  LINEAR    8.83847E-02    86.63    1.54094E-01    86.63
  -30.00   305.00     -13.19   -8.84   -7.48    0.00000    58.77  LINEAR    1.51165E-01   -41.60    2.49283E-01   -41.60
  -25.00   305.00      -2.74    1.21    2.68    0.00000    57.60  LINEAR    5.03420E-01   -50.16    7.93283E-01   -50.16
  -20.00   305.00       3.01    6.65    8.21    0.00000    56.66  LINEAR    9.75475E-01   -49.69    1.48253E+00   -49.69
  -15.00   305.00       6.76   10.16   11.80    0.00000    55.93  LINEAR    1.50275E+00   -48.32    2.22186E+00   -48.32
  -10.00   305.00       9.21   12.44   14.13    0.00000    55.41  LINEAR    1.99112E+00   -47.09    2.88748E+00   -47.09
   -5.00   305.00      10.60   13.73   15.45    0.00000    55.10  LINEAR    2.33802E+00   -46.30    3.35179E+00   -46.30
    0.00   305.00      11.06   14.15   15.89    0.00000    55.00  LINEAR    2.46368E+00   -46.02    3.51851E+00   -46.02
 -180.00   310.00      -5.91   -4.39   -2.07    0.00000   -50.00  LINEAR    3.49257E-01   -79.51    4.16229E-01   100.49
 -175.00   310.00      -6.76   -5.20   -2.90    0.00000   -50.11  LINEAR    3.16929E-01   -78.91    3.79144E-01   101.09
 -170.00   310.00      -9.52   -7.87   -5.60    0.00000   -50.43  LINEAR    2.30481E-01   -77.11    2.78914E-01   102.89
 -165.00   310.00     -15.41  -13.59  -11.39    0.00000   -50.97  LINEAR    1.16973E-01   -74.10    1.44321E-01   105.90
 -160.00   310.00     -37.89  -35.83  -33.73    0.00000   -51.74  LINEAR    8.79285E-03   -73.09    1.11514E-02   106.91
 -155.00   310.00     -20.05  -17.67  -15.69    0.00000   -52.75  LINEAR    6.86010E-02   117.60    9.02072E-02   -62.40
 -150.00   310.00     -16.43  -13.66  -11.81    0.00000   -53.99  LINEAR    1.04061E-01   126.04    1.43200E-01   -53.96
 -145.00   310.00     -16.63  -13.37  -11.69    0.00000   -55.50  LINEAR    1.01672E-01   138.27    1.47919E-01   -41.73
 -140.00   310.00     -19.13  -15.29  -13.79    0.00000   -57.27  LINEAR    7.62576E-02   157.79    1.18636E-01   -22.21
 -135.00   310.00     -22.95  -18.42  -17.11    0.00000   -59.32  LINEAR    4.91095E-02  -165.28    8.27689E-02    14.72
 -130.00   310.00     -23.91  -18.55  -17.44    0.00000   -61.66  LINEAR    4.39771E-02  -109.44    8.15352E-02    70.56
 -125.00   310.00     -21.95  -15.60  -14.69    0.00000   -64.30  LINEAR    5.51241E-02   -71.18    1.14535E-01   108.82
 -120.00   310.00     -20.87  -13.32  -12.62    0.00000   -67.24  LINEAR    6.24338E-02   -48.37    1.48811E-01   131.63
 -115.00   310.00     -21.03  -12.03  -11.51    0.00000   -70.47  LINEAR    6.12506E-02   -31.08    1.72722E-01   148.92
 -110.00   310.00     -22.26  -11.42  -11.07    0.00000   -73.99  LINEAR    5.31740E-02   -15.87    1.85283E-01   164.13
 -105.00   310.00     -24.53  -11.26  -11.06    0.00000   -77.75  LINEAR    4.09690E-02    -1.52    1.88645E-01   178.48
 -100.00   310.00     -28.14  -11.41  -11.32    0.00000   -81.71  LINEAR    2.70157E-02    12.44    1.85410E-01  -167.56
  -95.00   310.00     -34.51  -11.79  -11.77    0.00000   -85.82  LINEAR    1.29761E-02    26.26    1.77434E-01  -153.74
  -90.00   310.00    -999.99  -12.41  -12.41    0.00000   -90.00  LINEAR    7.07988E-13    40.20    1.65330E-01  -139.80
  -85.00   310.00     -36.06  -13.35  -13.32    0.00000    85.82  LINEAR    1.08530E-02  -125.26    1.48403E-01  -125.26
  -80.00   310.00     -31.56  -14.83  -14.74    0.00000    81.71  LINEAR    1.82215E-02  -108.87    1.25055E-01  -108.87
  -75.00   310.00     -30.53  -17.27  -17.07    0.00000    77.75  LINEAR    2.05173E-02   -86.83    9.44738E-02   -86.83
  -70.00   310.00     -31.39  -20.54  -20.20    0.00000    73.99  LINEAR    1.85946E-02   -45.51    6.47921E-02   -45.51
  -65.00   310.00     -28.06  -19.05  -18.54    0.00000    70.47  LINEAR    2.72875E-02    19.49    7.69488E-02    19.49
  -60.00   310.00     -21.43  -13.88  -13.18    0.00000    67.24  LINEAR    5.85312E-02    55.34    1.39510E-01    55.34
  -55.00   310.00     -16.48  -10.13   -9.23    0.00000    64.30  LINEAR    1.03407E-01    73.08    2.14855E-01    73.08
  -50.00   310.00     -13.37   -8.00   -6.89    0.00000    61.66  LINEAR    1.48055E-01    84.21    2.74500E-01    84.21
  -45.00   310.00     -12.20   -7.66   -6.35    0.00000    59.32  LINEAR    1.69418E-01    91.28    2.85537E-01    91.28
  -40.00   310.00     -14.16  -10.32   -8.81    0.00000    57.27  LINEAR    1.35196E-01    92.07    2.10328E-01    92.07
  -35.00   310.00     -23.33  -20.07  -18.39    0.00000    55.50  LINEAR    4.70123E-02    19.89    6.83965E-02    19.89
  -30.00   310.00      -8.10   -5.33   -3.48    0.00000    53.99  LINEAR    2.71495E-01   -48.93    3.73609E-01   -48.93
  -25.00   310.00      -0.25    2.13    4.11    0.00000    52.75  LINEAR    6.70269E-01   -51.22    8.81373E-01   -51.22
  -20.00   310.00       4.70    6.77    8.87    0.00000    51.74  LINEAR    1.18521E+00   -50.00    1.50313E+00   -50.00
  -15.00   310.00       8.08    9.91   12.10    0.00000    50.97  LINEAR    1.74935E+00   -48.42    2.15834E+00   -48.42
  -10.00   310.00      10.33   11.99   14.25    0.00000    50.43  LINEAR    2.26555E+00   -47.13    2.74163E+00   -47.13
   -5.00   310.00      11.62   13.18   15.48    0.00000    50.11  LINEAR    2.62956E+00   -46.30    3.14575E+00   -46.30
    0.00   310.00      12.05   13.57   15.89    0.00000    50.00  LINEAR    2.76097E+00   -46.02    3.29039E+00   -46.02
 -180.00   315.00      -5.08   -5.08   -2.07    0.00000   -45.00  LINEAR    3.84205E-01   -79.51    3.84205E-01   100.49
 -175.00   315.00      -5.87   -5.84   -2.84    0.00000   -45.11  LINEAR    3.50989E-01   -78.72    3.52330E-01   101.28
 -170.00   315.00      -8.42   -8.29   -5.34    0.00000   -45.44  LINEAR    2.61670E-01   -76.18    2.65706E-01   103.82
 -165.00   315.00     -13.67  -13.37  -10.50    0.00000   -45.99  LINEAR    1.42995E-01   -70.76    1.48039E-01   109.24
 -160.00   315.00     -27.50  -26.96  -24.21    0.00000   -46.78  LINEAR    2.90842E-02   -45.92    3.09507E-02   134.08
 -155.00   315.00     -20.92  -20.07  -17.46    0.00000   -47.81  LINEAR    6.20383E-02   103.67    6.84517E-02   -76.33
 -150.00   315.00     -16.19  -14.94  -12.51    0.00000   -49.11  LINEAR    1.06926E-01   117.00    1.23467E-01   -63.00
 -145.00   315.00     -15.74  -14.01  -11.78    0.00000   -50.68  LINEAR    1.12618E-01   128.98    1.37481E-01   -51.02
 -140.00   315.00     -17.57  -15.25  -13.25    0.00000   -52.55  LINEAR    9.12699E-02   144.72    1.19144E-01   -35.28
 -135.00   315.00     -21.19  -18.18  -16.42    0.00000   -54.74  LINEAR    6.01611E-02   170.05    8.50806E-02    -9.95
 -130.00   315.00     -24.95  -21.11  -19.60    0.00000   -57.27  LINEAR    3.90356E-02  -143.15    6.07287E-02    36.85
 -125.00   315.00     -24.61  -19.78  -18.54    0.00000   -60.16  LINEAR    4.05810E-02   -89.85    7.07508E-02    90.15
 -120.00   315.00     -23.05  -17.03  -16.06    0.00000   -63.43  LINEAR    4.85620E-02   -57.71    9.71239E-02   122.29
 -115.00   315.00     -22.65  -15.17  -14.46    0.00000   -67.09  LINEAR    5.08167E-02   -36.39    1.20243E-01   143.61
 -110.00   315.00     -23.45  -14.13  -13.65    0.00000   -71.12  LINEAR    4.63661E-02   -18.92    1.35565E-01   161.08
 -105.00   315.00     -25.38  -13.64  -13.36    0.00000   -75.49  LINEAR    3.71129E-02    -2.96    1.43393E-01   177.04
 -100.00   315.00     -28.75  -13.54  -13.41    0.00000   -80.15  LINEAR    2.51931E-02    12.37    1.45081E-01  -167.63
  -95.00   315.00     -34.94  -13.75  -13.71    0.00000   -85.02  LINEAR    1.23516E-02    27.50    1.41719E-01  -152.50
  -90.00   315.00    -999.99  -14.25  -14.25    0.00000   -90.00  LINEAR    6.82084E-13    42.80    1.33653E-01  -137.20
  -85.00   315.00     -36.35  -15.16  -15.12    0.00000    85.02  LINEAR    1.04992E-02  -121.06    1.20465E-01  -121.06
  -80.00   315.00     -31.85  -16.64  -16.52    0.00000    80.15  LINEAR    1.76268E-02  -102.45    1.01509E-01  -102.45
  -75.00   315.00     -30.68  -18.94  -18.66    0.00000    75.49  LINEAR    2.01656E-02   -76.77    7.79138E-02   -76.77
  -70.00   315.00     -30.46  -21.14  -20.66    0.00000    71.12  LINEAR    2.06803E-02   -32.41    6.04651E-02   -32.41
  -65.00   315.00     -26.54  -19.06  -18.35    0.00000    67.09  LINEAR    3.24822E-02    21.88    7.68595E-02    21.88
  -60.00   315.00     -20.96  -14.94  -13.97    0.00000    63.43  LINEAR    6.17579E-02    53.42    1.23516E-01    53.42
  -55.00   315.00     -16.80  -11.97  -10.74    0.00000    60.16  LINEAR    9.96917E-02    70.71    1.73807E-01    70.71
  -50.00   315.00     -14.44  -10.60   -9.10    0.00000    57.27  LINEAR    1.30843E-01    81.41    2.03555E-01    81.41
  -45.00   315.00     -14.44  -11.42   -9.66    0.00000    54.74  LINEAR    1.30907E-01    86.62    1.85130E-01    86.62
  -40.00   315.00     -19.62  -17.31  -15.30    0.00000    52.55  LINEAR    7.20393E-02    73.02    9.40406E-02    73.02
  -35.00   315.00     -14.94  -13.21  -10.98    0.00000    50.68  LINEAR    1.23483E-01   -41.37    1.50745E-01   -41.37
  -30.00   315.00      -4.30   -3.05   -0.62    0.00000    49.11  LINEAR    4.20332E-01   -52.51    4.85358E-01   -52.51
  -25.00   315.00       1.92    2.77    5.38    0.00000    47.81  LINEAR    8.60268E-01   -52.07    9.49200E-01   -52.07
  -20.00   315.00       6.21    6.75    9.50    0.00000    46.78  LINEAR    1.40949E+00   -50.28    1.49995E+00   -50.28
  -15.00   315.00       9.24    9.54   12.40    0.00000    45.99  LINEAR    1.99893E+00   -48.52    2.06944E+00   -48.52
  -10.00   315.00      11.29   11.42   14.37    0.00000    45.44  LINEAR    2.53113E+00   -47.16    2.57018E+00   -47.16
   -5.00   315.00      12.48   12.52   15.51    0.00000    45.11  LINEAR    2.90337E+00   -46.31    2.91446E+00   -46.31
    0.00   315.00      12.88   12.88   15.89    0.00000    45.00  LINEAR    3.03724E+00   -46.02    3.03724E+00   -46.02
 -180.00   320.00      -4.39   -5.91   -2.07    0.00000   -40.00  LINEAR    4.16229E-01   -79.51    3.49257E-01   100.49
 -175.00   320.00      -5.12   -6.61   -2.79    0.00000   -40.11  LINEAR    3.82796E-01   -78.54    3.22431E-01   101.46
 -170.00   320.00      -7.45   -8.84   -5.08    0.00000   -40.43  LINEAR    2.92430E-01   -75.29    2.49163E-01   104.71
 -165.00   320.00     -12.10  -13.33   -9.66    0.00000   -40.98  LINEAR    1.71217E-01   -67.90    1.48736E-01   112.10
 -160.00   320.00     -21.95  -22.93  -19.40    0.00000   -41.76  LINEAR    5.51368E-02   -40.27    4.92345E-02   139.73
 -155.00   320.00     -21.46  -22.13  -18.77    0.00000   -42.79  LINEAR    5.83223E-02    81.54    5.39974E-02   -98.46
 -150.00   320.00     -15.97  -16.24  -13.09    0.00000   -44.10  LINEAR    1.09754E-01   105.01    1.06341E-01   -74.99
 -145.00   320.00     -14.88  -14.67  -11.77    0.00000   -45.69  LINEAR    1.24339E-01   117.97    1.27367E-01   -62.03
 -140.00   320.00     -15.99  -15.20  -12.56    0.00000   -47.61  LINEAR    1.09471E-01   131.41    1.19911E-01   -48.59
 -135.00   320.00     -18.77  -17.29  -14.96    0.00000   -49.88  LINEAR    7.94387E-02   148.71    9.42672E-02   -31.29
 -130.00   320.00     -23.06  -20.74  -18.74    0.00000   -52.55  LINEAR    4.85106E-02   175.45    6.33260E-02    -4.55
 -125.00   320.00     -27.35  -24.05  -22.38    0.00000   -55.64  LINEAR    2.95886E-02  -137.18    4.32859E-02    42.82
 -120.00   320.00     -27.69  -23.19  -21.87    0.00000   -59.21  LINEAR    2.84557E-02   -82.89    4.77543E-02    97.11
 -115.00   320.00     -26.70  -20.74  -19.76    0.00000   -63.27  LINEAR    3.19019E-02   -48.66    6.33406E-02   131.34
 -110.00   320.00     -26.83  -19.04  -18.37    0.00000   -67.82  LINEAR    3.14128E-02   -25.28    7.70671E-02   154.72
 -105.00   320.00     -28.29  -18.07  -17.68    0.00000   -72.86  LINEAR    2.65692E-02    -5.85    8.61380E-02   174.15
 -100.00   320.00     -31.31  -17.63  -17.45    0.00000   -78.31  LINEAR    1.87523E-02    12.02    9.06147E-02  -167.98
  -95.00   320.00     -37.27  -17.60  -17.56    0.00000   -84.07  LINEAR    9.44027E-03    29.32    9.08871E-02  -150.68
  -90.00   320.00    -999.99  -17.98  -17.98    0.00000   -90.00  LINEAR    5.29193E-13    46.76    8.70096E-02  -133.24
  -85.00   320.00     -38.52  -18.85  -18.80    0.00000    84.07  LINEAR    8.17835E-03  -114.55    7.87378E-02  -114.55
  -80.00   320.00     -34.03  -20.35  -20.17    0.00000    78.31  LINEAR    1.37137E-02   -92.05    6.62672E-02   -92.05
  -75.00   320.00     -32.54  -22.32  -21.93    0.00000    72.86  LINEAR    1.62885E-02   -59.46    5.28079E-02   -59.46
  -70.00   320.00     -30.47  -22.68  -22.01    0.00000    67.82  LINEAR    2.06571E-02   -11.16    5.06794E-02   -11.16
  -65.00   320.00     -25.62  -19.67  -18.68    0.00000    63.27  LINEAR    3.61021E-02    31.03    7.16800E-02    31.03
  -60.00   320.00     -20.88  -16.39  -15.07    0.00000    59.21  LINEAR    6.23116E-02    55.59    1.04571E-01    55.59
  -55.00   320.00     -17.67  -14.36  -12.70    0.00000    55.64  LINEAR    9.02180E-02    70.32    1.31982E-01    70.32
  -50.00   320.00     -16.48  -14.16  -12.16    0.00000    52.55  LINEAR    1.03505E-01    78.79    1.35116E-01    78.79
  -45.00   320.00     -18.86  -17.37  -15.04    0.00000    49.88  LINEAR    7.86620E-02    76.58    9.33456E-02    76.58
  -40.00   320.00     -22.31  -21.52  -18.89    0.00000    47.61  LINEAR    5.28437E-02   -18.80    5.78832E-02   -18.80
  -35.00   320.00      -8.84   -8.63   -5.72    0.00000    45.69  LINEAR    2.49415E-01   -53.59    2.55489E-01   -53.59
  -30.00   320.00      -1.33   -1.61    1.54    0.00000    44.10  LINEAR    5.91564E-01   -54.64    5.73171E-01   -54.64
  -25.00   320.00       3.79    3.12    6.48    0.00000    42.79  LINEAR    1.06765E+00   -52.74    9.88478E-01   -52.74
  -20.00   320.00       7.54    6.55   10.08    0.00000    41.76  LINEAR    1.64278E+00   -50.54    1.46692E+00   -50.54
  -15.00   320.00      10.26    9.03   12.70    0.00000    40.98  LINEAR    2.24679E+00   -48.62    1.95178E+00   -48.62
  -10.00   320.00      12.12   10.73   14.49    0.00000    40.43  LINEAR    2.78433E+00   -47.19    2.37238E+00   -47.19
   -5.00   320.00      13.21   11.72   15.54    0.00000    40.11  LINEAR    3.15696E+00   -46.32    2.65913E+00   -46.32
    0.00   320.00      13.57   12.05   15.89    0.00000    40.00  LINEAR    3.29039E+00   -46.02    2.76097E+00   -46.02
 -180.00   325.00      -3.81   -6.90   -2.07    0.00000   -35.00  LINEAR    4.45085E-01   -79.51    3.11652E-01   100.49
 -175.00   325.00      -4.48   -7.54   -2.73    0.00000   -35.10  LINEAR    4.11989E-01   -78.36    2.89580E-01   101.64
 -170.00   325.00      -6.61   -9.58   -4.84    0.00000   -35.41  LINEAR    3.22131E-01   -74.46    2.29038E-01   105.54
 -165.00   325.00     -10.72  -13.52   -8.89    0.00000   -35.94  LINEAR    2.00740E-01   -65.51    1.45518E-01   114.49
 -160.00   325.00     -18.19  -20.74  -16.27    0.00000   -36.69  LINEAR    8.49949E-02   -37.74    6.33336E-02   142.26
 -155.00   325.00     -20.52  -22.76  -18.49    0.00000   -37.69  LINEAR    6.49741E-02    55.08    5.01985E-02  -124.92
 -150.00   325.00     -15.48  -17.33  -13.30    0.00000   -38.96  LINEAR    1.16049E-01    90.59    9.38294E-02   -89.41
 -145.00   325.00     -13.92  -15.28  -11.54    0.00000   -40.52  LINEAR    1.38873E-01   105.82    1.18708E-01   -74.18
 -140.00   325.00     -14.38  -15.16  -11.74    0.00000   -42.43  LINEAR    1.31772E-01   118.57    1.20447E-01   -61.43
 -135.00   325.00     -16.25  -16.33  -13.28    0.00000   -44.72  LINEAR    1.06254E-01   132.16    1.05217E-01   -47.84
 -130.00   325.00     -19.32  -18.58  -15.93    0.00000   -47.45  LINEAR    7.45554E-02   148.36    8.12154E-02   -31.64
 -125.00   325.00     -23.56  -21.83  -19.60    0.00000   -50.68  LINEAR    4.57941E-02   169.59    5.59043E-02   -10.41
 -120.00   325.00     -28.77  -25.84  -24.06    0.00000   -54.47  LINEAR    2.51316E-02  -159.12    3.51946E-02    20.88
 -115.00   325.00     -33.47  -29.09  -27.74    0.00000   -58.89  LINEAR    1.46253E-02  -111.02    2.42316E-02    68.98
 -110.00   325.00     -35.25  -29.03  -28.10    0.00000   -63.97  LINEAR    1.19145E-02   -59.61    2.43922E-02   120.39
 -105.00   325.00     -36.24  -27.60  -27.04    0.00000   -69.71  LINEAR    1.06339E-02   -22.61    2.87689E-02   157.39
 -100.00   325.00     -38.69  -26.58  -26.32    0.00000   -76.07  LINEAR    8.02368E-03     5.38    3.23542E-02  -174.62
  -95.00   325.00     -44.30  -26.20  -26.14    0.00000   -82.90  LINEAR    4.20312E-03    30.02    3.37678E-02  -149.98
  -90.00   325.00    -999.99  -26.50  -26.50    0.00000   -90.00  LINEAR    2.37939E-13    54.67    3.26461E-02  -125.33
  -85.00   325.00     -45.54  -27.44  -27.37    0.00000    82.90  LINEAR    3.64580E-03   -96.60    2.92903E-02   -96.60
  -80.00   325.00     -40.48  -28.37  -28.11    0.00000    76.07  LINEAR    6.52370E-03   -57.11    2.63057E-02   -57.11
  -75.00   325.00     -35.64  -27.00  -26.44    0.00000    69.71  LINEAR    1.13954E-02    -8.98    3.08291E-02    -8.98
  -70.00   325.00     -29.64  -23.42  -22.49    0.00000    63.97  LINEAR    2.27392E-02    27.38    4.65533E-02    27.38
  -65.00   325.00     -24.48  -20.09  -18.74    0.00000    58.89  LINEAR    4.11858E-02    49.96    6.82379E-02    49.96
  -60.00   325.00     -20.82  -17.89  -16.10    0.00000    54.47  LINEAR    6.27964E-02    64.87    8.79411E-02    64.87
  -55.00   325.00     -18.95  -17.22  -14.99    0.00000    50.68  LINEAR    7.78531E-02    74.75    9.50411E-02    74.75
  -50.00   325.00     -19.94  -19.20  -16.55    0.00000    47.45  LINEAR    6.94267E-02    77.85    7.56286E-02    77.85
  -45.00   325.00     -27.81  -27.89  -24.84    0.00000    44.72  LINEAR    2.80714E-02    24.53    2.77975E-02    24.53
  -40.00   325.00     -13.76  -14.54  -11.12    0.00000    42.43  LINEAR    1.41482E-01   -55.87    1.29322E-01   -55.87
  -35.00   325.00      -4.87   -6.23   -2.49    0.00000    40.52  LINEAR    3.93852E-01   -58.29    3.36663E-01   -58.29
  -30.00   325.00       1.04   -0.81    3.22    0.00000    38.96  LINEAR    7.77200E-01   -56.05    6.28389E-01   -56.05
  -25.00   325.00       5.40    3.16    7.43    0.00000    37.69  LINEAR    1.28460E+00   -53.28    9.92473E-01   -53.28
  -20.00   325.00       8.70    6.14   10.62    0.00000    36.69  LINEAR    1.87797E+00   -50.76    1.39936E+00   -50.76
  -15.00   325.00      11.14    8.35   12.97    0.00000    35.94  LINEAR    2.48729E+00   -48.72    1.80306E+00   -48.72
  -10.00   325.00      12.83    9.87   14.61    0.00000    35.41  LINEAR    3.02127E+00   -47.23    2.14815E+00   -47.23
   -5.00   325.00      13.82   10.76   15.57    0.00000    35.10  LINEAR    3.38786E+00   -46.33    2.38126E+00   -46.33
    0.00   325.00      14.15   11.06   15.89    0.00000    35.00  LINEAR    3.51851E+00   -46.02    2.46368E+00   -46.02
 -180.00   330.00      -3.32   -8.09   -2.07    0.00000   -30.00  LINEAR    4.70553E-01   -79.51    2.71674E-01   100.49
 -175.00   330.00      -3.94   -8.68   -2.68    0.00000   -30.09  LINEAR    4.38206E-01   -78.19    2.53965E-01   101.81
 -170.00   330.00      -5.89  -10.53   -4.61    0.00000   -30.38  LINEAR    3.50055E-01   -73.71    2.05222E-01   106.29
 -165.00   330.00      -9.52  -13.99   -8.20    0.00000   -30.87  LINEAR    2.30407E-01   -63.54    1.37718E-01   116.46
 -160.00   330.00     -15.41  -19.64  -14.02    0.00000   -31.57  LINEAR    1.17065E-01   -36.23    7.19254E-02   143.77
 -155.00   330.00     -18.25  -22.17  -16.77    0.00000   -32.50  LINEAR    8.43561E-02    34.24    5.37378E-02  -145.76
 -150.00   330.00     -14.56  -18.08  -12.96    0.00000   -33.69  LINEAR    1.29079E-01    75.69    8.60528E-02  -104.31
 -145.00   330.00     -12.80  -15.83  -11.04    0.00000   -35.18  LINEAR    1.58101E-01    93.68    1.11432E-01   -86.32
 -140.00   330.00     -12.77  -15.23  -10.82    0.00000   -37.00  LINEAR    1.58532E-01   106.88    1.19482E-01   -73.12
 -135.00   330.00     -13.95  -15.71  -11.73    0.00000   -39.23  LINEAR    1.38504E-01   119.50    1.13088E-01   -60.50
 -130.00   330.00     -16.02  -16.95  -13.45    0.00000   -41.93  LINEAR    1.09059E-01   132.92    9.79570E-02   -47.08
 -125.00   330.00     -18.81  -18.75  -15.77    0.00000   -45.19  LINEAR    7.91230E-02   147.73    7.96436E-02   -32.27
 -120.00   330.00     -22.15  -20.90  -18.47    0.00000   -49.11  LINEAR    5.38381E-02   164.03    6.21669E-02   -15.97
 -115.00   330.00     -25.93  -23.22  -21.36    0.00000   -53.80  LINEAR    3.48484E-02  -178.70    4.76073E-02     1.30
 -110.00   330.00     -30.10  -25.55  -24.24    0.00000   -59.36  LINEAR    2.15739E-02  -161.81    3.64181E-02    18.19
 -105.00   330.00     -34.74  -27.77  -26.98    0.00000   -65.85  LINEAR    1.26402E-02  -147.51    2.81966E-02    32.49
 -100.00   330.00     -40.13  -29.70  -29.32    0.00000   -73.26  LINEAR    6.79433E-03  -138.53    2.25900E-02    41.47
  -95.00   330.00     -47.19  -30.76  -30.66    0.00000   -81.42  LINEAR    3.01609E-03  -136.82    1.99796E-02    43.18
  -90.00   330.00    -999.99  -30.18  -30.18    0.00000   -90.00  LINEAR    1.88892E-13  -139.22    2.13694E-02    40.78
  -85.00   330.00     -44.52  -28.09  -28.00    0.00000    81.42  LINEAR    4.10077E-03    41.29    2.71649E-02    41.29
  -80.00   330.00     -35.88  -25.44  -25.07    0.00000    73.26  LINEAR    1.10853E-02    46.71    3.68567E-02    46.71
  -75.00   330.00     -29.84  -22.87  -22.07    0.00000    65.85  LINEAR    2.22253E-02    54.99    4.95782E-02    54.99
  -70.00   330.00     -25.24  -20.69  -19.38    0.00000    59.36  LINEAR    3.77479E-02    64.20    6.37207E-02    64.20
  -65.00   330.00     -21.86  -19.15  -17.29    0.00000    53.80  LINEAR    5.56573E-02    73.24    7.60350E-02    73.24
  -60.00   330.00     -19.88  -18.63  -16.20    0.00000    49.11  LINEAR    6.99675E-02    81.48    8.07915E-02    81.48
  -55.00   330.00     -20.02  -19.96  -16.98    0.00000    45.19  LINEAR    6.88246E-02    88.09    6.92775E-02    88.09
  -50.00   330.00     -26.23  -27.16  -23.66    0.00000    41.93  LINEAR    3.36745E-02    86.92    3.02463E-02    86.92
  -45.00   330.00     -20.66  -22.42  -18.44    0.00000    39.23  LINEAR    6.39174E-02   -64.26    5.21883E-02   -64.26
  -40.00   330.00      -8.89  -11.34   -6.93    0.00000    37.00  LINEAR    2.47985E-01   -64.59    1.86900E-01   -64.59
  -35.00   330.00      -2.04   -5.08   -0.28    0.00000    35.18  LINEAR    5.45629E-01   -60.84    3.84567E-01   -60.84
  -30.00   330.00       2.94   -0.58    4.54    0.00000    33.69  LINEAR    9.67596E-01   -57.06    6.45064E-01   -57.06
  -25.00   330.00       6.76    2.84    8.24    0.00000    32.50  LINEAR    1.50174E+00   -53.72    9.56664E-01   -53.72
  -20.00   330.00       9.70    5.47   11.09    0.00000    31.57  LINEAR    2.10686E+00   -50.96    1.29446E+00   -50.96
  -15.00   330.00      11.90    7.43   13.22    0.00000    30.87  LINEAR    2.71413E+00   -48.80    1.62228E+00   -48.80
  -10.00   330.00      13.43    8.79   14.71    0.00000    30.38  LINEAR    3.23781E+00   -47.26    1.89819E+00   -47.26
   -5.00   330.00      14.34    9.60   15.59    0.00000    30.09  LINEAR    3.59366E+00   -46.33    2.08272E+00   -46.33
    0.00   330.00      14.64    9.86   15.89    0.00000    30.00  LINEAR    3.71984E+00   -46.02    2.14765E+00   -46.02
 -180.00   335.00      -2.93   -9.55   -2.07    0.00000   -25.00  LINEAR    4.92441E-01   -79.51    2.29629E-01   100.49
 -175.00   335.00      -3.50  -10.09   -2.64    0.00000   -25.08  LINEAR    4.61096E-01   -78.04    2.15834E-01   101.96
 -170.00   335.00      -5.28  -11.78   -4.41    0.00000   -25.34  LINEAR    3.75433E-01   -73.05    1.77768E-01   106.95
 -165.00   335.00      -8.51  -14.84   -7.60    0.00000   -25.77  LINEAR    2.58881E-01   -61.94    1.24977E-01   118.06
 -160.00   335.00     -13.28  -19.37  -12.33    0.00000   -26.39  LINEAR    1.49455E-01   -35.22    7.41649E-02   144.78
 -155.00   335.00     -15.80  -21.57  -14.78    0.00000   -27.23  LINEAR    1.11843E-01    21.41    5.75447E-02  -158.59
 -150.00   335.00     -13.28  -18.66  -12.17    0.00000   -28.30  LINEAR    1.49536E-01    62.67    8.05173E-02  -117.33
 -145.00   335.00     -11.55  -16.45  -10.33    0.00000   -29.65  LINEAR    1.82456E-01    82.78    1.03865E-01   -97.22
 -140.00   335.00     -11.24  -15.55   -9.87    0.00000   -31.33  LINEAR    1.89043E-01    96.86    1.15074E-01   -83.14
 -135.00   335.00     -11.98  -15.60  -10.41    0.00000   -33.40  LINEAR    1.73658E-01   109.68    1.14520E-01   -70.32
 -130.00   335.00     -13.48  -16.27  -11.64    0.00000   -35.96  LINEAR    1.46120E-01   122.89    1.06002E-01   -57.11
 -125.00   335.00     -15.52  -17.32  -13.32    0.00000   -39.11  LINEAR    1.15501E-01   137.18    9.39007E-02   -42.82
 -120.00   335.00     -17.91  -18.52  -15.19    0.00000   -43.00  LINEAR    8.77256E-02   152.65    8.18143E-02   -27.35
 -115.00   335.00     -20.49  -19.63  -17.03    0.00000   -47.81  LINEAR    6.52211E-02   168.83    7.19636E-02   -11.17
 -110.00   335.00     -23.18  -20.49  -18.62    0.00000   -53.74  LINEAR    4.78086E-02  -175.27    6.51819E-02     4.73
 -105.00   335.00     -26.13  -21.02  -19.85    0.00000   -60.97  LINEAR    3.40639E-02  -160.68    6.13720E-02    19.32
 -100.00   335.00     -29.77  -21.19  -20.63    0.00000   -69.58  LINEAR    2.23939E-02  -148.05    6.01357E-02    31.95
  -95.00   335.00     -35.61  -21.04  -20.89    0.00000   -79.41  LINEAR    1.14378E-02  -137.40    6.11952E-02    42.60
  -90.00   335.00    -999.99  -20.59  -20.59    0.00000   -90.00  LINEAR    7.05464E-13  -128.33    6.44595E-02    51.67
  -85.00   335.00     -34.46  -19.89  -19.74    0.00000    79.41  LINEAR    1.30544E-02    59.75    6.98447E-02    59.75
  -80.00   335.00     -27.63  -19.05  -18.48    0.00000    69.58  LINEAR    2.86688E-02    67.34    7.69860E-02    67.34
  -75.00   335.00     -23.31  -18.20  -17.03    0.00000    60.97  LINEAR    4.71159E-02    74.80    8.48875E-02    74.80
  -70.00   335.00     -20.24  -17.54  -15.68    0.00000    53.74  LINEAR    6.71215E-02    82.29    9.15130E-02    82.29
  -65.00   335.00     -18.23  -17.37  -14.77    0.00000    47.81  LINEAR    8.46004E-02    89.95    9.33463E-02    89.95
  -60.00   335.00     -17.58  -18.18  -14.86    0.00000    43.00  LINEAR    9.11830E-02    98.13    8.50387E-02    98.13
  -55.00   335.00     -19.50  -21.29  -17.29    0.00000    39.11  LINEAR    7.31064E-02   108.68    5.94342E-02   108.68
  -50.00   335.00     -31.47  -34.26  -29.64    0.00000    35.96  LINEAR    1.84109E-02   168.29    1.33561E-02   168.29
  -45.00   335.00     -14.71  -18.32  -13.14    0.00000    33.40  LINEAR    1.26852E-01   -79.00    8.36533E-02   -79.00
  -40.00   335.00      -5.80  -10.11   -4.43    0.00000    31.33  LINEAR    3.53878E-01   -68.61    2.15413E-01   -68.61
  -35.00   335.00       0.06   -4.84    1.28    0.00000    29.65  LINEAR    6.94468E-01   -62.47    3.95331E-01   -62.47
  -30.00   335.00       4.46   -0.92    5.56    0.00000    28.30  LINEAR    1.15218E+00   -57.80    6.20387E-01   -57.80
  -25.00   335.00       7.88    2.11    8.90    0.00000    27.23  LINEAR    1.70884E+00   -54.07    8.79223E-01   -54.07
  -20.00   335.00      10.54    4.45   11.49    0.00000    26.39  LINEAR    2.32060E+00   -51.12    1.15156E+00   -51.12
  -15.00   335.00      12.54    6.21   13.45    0.00000    25.77  LINEAR    2.92069E+00   -48.87    1.40999E+00   -48.87
  -10.00   335.00      13.93    7.44   14.81    0.00000    25.34  LINEAR    3.42981E+00   -47.28    1.62402E+00   -47.28
   -5.00   335.00      14.76    8.16   15.62    0.00000    25.08  LINEAR    3.77211E+00   -46.34    1.76568E+00   -46.34
    0.00   335.00      15.03    8.40   15.89    0.00000    25.00  LINEAR    3.89287E+00   -46.02    1.81527E+00   -46.02
 -180.00   340.00      -2.61  -11.39   -2.07    0.00000   -20.00  LINEAR    5.10580E-01   -79.51    1.85836E-01   100.49
 -175.00   340.00      -3.14  -11.89   -2.60    0.00000   -20.07  LINEAR    4.80331E-01   -77.91    1.75494E-01   102.09
 -170.00   340.00      -4.79  -13.43   -4.23    0.00000   -20.28  LINEAR    3.97498E-01   -72.50    1.46909E-01   107.50
 -165.00   340.00      -7.69  -16.16   -7.11    0.00000   -20.65  LINEAR    2.84742E-01   -60.68    1.07294E-01   119.32
 -160.00   340.00     -11.67  -19.90  -11.06    0.00000   -21.17  LINEAR    1.80052E-01   -34.51    6.97392E-02   145.49
 -155.00   340.00     -13.73  -21.66  -13.08    0.00000   -21.88  LINEAR    1.41930E-01    13.87    5.69988E-02  -166.13
 -150.00   340.00     -11.92  -19.45  -11.21    0.00000   -22.80  LINEAR    1.74948E-01    52.72    7.35265E-02  -127.28
 -145.00   340.00     -10.32  -17.37   -9.54    0.00000   -23.96  LINEAR    2.10259E-01    73.91    9.34234E-02  -106.09
 -140.00   340.00      -9.88  -16.34   -8.99    0.00000   -25.41  LINEAR    2.21287E-01    88.75    1.05140E-01   -91.25
 -135.00   340.00     -10.38  -16.14   -9.35    0.00000   -27.24  LINEAR    2.08909E-01   102.04    1.07532E-01   -77.96
 -130.00   340.00     -11.58  -16.52  -10.38    0.00000   -29.52  LINEAR    1.81789E-01   115.67    1.02936E-01   -64.33
 -125.00   340.00     -13.29  -17.24  -11.82    0.00000   -32.40  LINEAR    1.49342E-01   130.54    9.47669E-02   -49.46
 -120.00   340.00     -15.30  -18.05  -13.45    0.00000   -36.05  LINEAR    1.18559E-01   146.96    8.63040E-02   -33.04
 -115.00   340.00     -17.42  -18.72  -15.01    0.00000   -40.74  LINEAR    9.28272E-02   164.51    7.99453E-02   -15.49
 -110.00   340.00     -19.60  -19.06  -16.32    0.00000   -46.78  LINEAR    7.21970E-02  -177.89    7.68304E-02     2.11
 -105.00   340.00     -22.01  -19.05  -17.27    0.00000   -54.58  LINEAR    5.47175E-02  -161.48    7.69478E-02    18.52
 -100.00   340.00     -25.18  -18.75  -17.86    0.00000   -64.49  LINEAR    3.80160E-02  -147.01    7.96824E-02    32.99
  -95.00   340.00     -30.67  -18.25  -18.01    0.00000   -76.53  LINEAR    2.02012E-02  -134.59    8.43621E-02    45.41
  -90.00   340.00    -999.99  -17.65  -17.65    0.00000   -90.00  LINEAR    1.26819E-12  -123.86    9.04463E-02    56.14
  -85.00   340.00     -29.42  -17.00  -16.76    0.00000    76.53  LINEAR    2.33228E-02    65.61    9.73982E-02    65.61
  -80.00   340.00     -22.83  -16.40  -15.51    0.00000    64.49  LINEAR    4.98165E-02    74.27    1.04416E-01    74.27
  -75.00   340.00     -18.90  -15.94  -14.16    0.00000    54.58  LINEAR    7.83134E-02    82.48    1.10130E-01    82.48
  -70.00   340.00     -16.31  -15.77  -13.02    0.00000    46.78  LINEAR    1.05533E-01    90.57    1.12306E-01    90.57
  -65.00   340.00     -14.84  -16.14  -12.43    0.00000    40.74  LINEAR    1.24974E-01    98.99    1.07631E-01    98.99
  -60.00   340.00     -14.77  -17.53  -12.92    0.00000    36.05  LINEAR    1.25983E-01   108.80    9.17084E-02   108.80
  -55.00   340.00     -17.26  -21.22  -15.80    0.00000    32.40  LINEAR    9.45094E-02   124.87    5.99722E-02   124.87
  -50.00   340.00     -23.39  -28.33  -22.18    0.00000    29.52  LINEAR    4.67006E-02  -156.66    2.64436E-02  -156.66
  -45.00   340.00     -11.47  -17.24  -10.45    0.00000    27.24  LINEAR    1.84175E-01   -85.14    9.48005E-02   -85.14
  -40.00   340.00      -3.70  -10.17   -2.82    0.00000    25.41  LINEAR    4.50291E-01   -71.05    2.13946E-01   -71.05
  -35.00   340.00       1.61   -5.43    2.40    0.00000    23.96  LINEAR    8.30615E-01   -63.60    3.69064E-01   -63.60
  -30.00   340.00       5.64   -1.89    6.35    0.00000    22.80  LINEAR    1.32036E+00   -58.36    5.54915E-01   -58.36
  -25.00   340.00       8.78    0.86    9.43    0.00000    21.88  LINEAR    1.89556E+00   -54.35    7.61249E-01   -54.35
  -20.00   340.00      11.22    2.98   11.83    0.00000    21.17  LINEAR    2.51031E+00   -51.25    9.72314E-01   -51.25
  -15.00   340.00      13.05    4.58   13.63    0.00000    20.65  LINEAR    3.10046E+00   -48.93    1.16828E+00   -48.93
  -10.00   340.00      14.34    5.69   14.89    0.00000    20.28  LINEAR    3.59327E+00   -47.31    1.32802E+00   -47.31
   -5.00   340.00      15.09    6.35   15.64    0.00000    20.07  LINEAR    3.92118E+00   -46.34    1.43265E+00   -46.34
    0.00   340.00      15.35    6.57   15.89    0.00000    20.00  LINEAR    4.03626E+00   -46.02    1.46908E+00   -46.02
 -180.00   345.00      -2.37  -13.81   -2.07    0.00000   -15.00  LINEAR    5.24834E-01   -79.51    1.40629E-01   100.49
 -175.00   345.00      -2.87  -14.28   -2.57    0.00000   -15.05  LINEAR    4.95621E-01   -77.80    1.33308E-01   102.20
 -170.00   345.00      -4.40  -15.71   -4.09    0.00000   -15.22  LINEAR    4.15527E-01   -72.07    1.13058E-01   107.93
 -165.00   345.00      -7.04  -18.18   -6.72    0.00000   -15.50  LINEAR    3.06601E-01   -59.73    8.50515E-02   120.27
 -160.00   345.00     -10.47  -21.37  -10.13    0.00000   -15.92  LINEAR    2.06693E-01   -34.00    5.89376E-02   146.00
 -155.00   345.00     -12.16  -22.74  -11.79    0.00000   -16.47  LINEAR    1.70202E-01     9.39    5.03202E-02  -170.61
 -150.00   345.00     -10.71  -20.90  -10.31    0.00000   -17.19  LINEAR    2.01099E-01    45.77    6.22203E-02  -134.23
 -145.00   345.00      -9.24  -18.94   -8.80    0.00000   -18.11  LINEAR    2.38127E-01    67.27    7.78927E-02  -112.73
 -140.00   345.00      -8.74  -17.87   -8.24    0.00000   -19.28  LINEAR    2.52119E-01    82.58    8.81870E-02   -97.42
 -135.00   345.00      -9.13  -17.56   -8.55    0.00000   -20.75  LINEAR    2.41171E-01    96.25    9.13889E-02   -83.75
 -130.00   345.00     -10.21  -17.81   -9.51    0.00000   -22.63  LINEAR    2.13014E-01   110.30    8.87958E-02   -69.70
 -125.00   345.00     -11.79  -18.40  -10.93    0.00000   -25.04  LINEAR    1.77591E-01   125.85    8.29624E-02   -54.15
 -120.00   345.00     -13.65  -19.07  -12.56    0.00000   -28.19  LINEAR    1.43236E-01   143.38    7.67598E-02   -36.62
 -115.00   345.00     -15.59  -19.55  -14.13    0.00000   -32.38  LINEAR    1.14556E-01   162.50    7.26309E-02   -17.50
 -110.00   345.00     -17.52  -19.64  -15.44    0.00000   -38.08  LINEAR    9.18102E-02  -178.16    7.19269E-02     1.84
 -105.00   345.00     -19.61  -19.31  -16.45    0.00000   -45.99  LINEAR    7.21273E-02  -160.29    7.46717E-02    19.71
 -100.00   345.00     -22.47  -18.71  -17.18    0.00000   -57.05  LINEAR    5.18770E-02  -144.83    8.00491E-02    35.17
  -95.00   345.00     -27.73  -17.97  -17.54    0.00000   -71.98  LINEAR    2.83315E-02  -131.79    8.71015E-02    48.21
  -90.00   345.00    -999.99  -17.22  -17.22    0.00000   -90.00  LINEAR    1.80972E-12  -120.69    9.50177E-02    59.31
  -85.00   345.00     -26.27  -16.52  -16.08    0.00000    71.98  LINEAR    3.35088E-02    69.03    1.03019E-01    69.03
  -80.00   345.00     -19.71  -15.94  -14.42    0.00000    57.05  LINEAR    7.13489E-02    77.90    1.10095E-01    77.90
  -75.00   345.00     -15.88  -15.58  -12.72    0.00000    45.99  LINEAR    1.10849E-01    86.32    1.14759E-01    86.32
  -70.00   345.00     -13.45  -15.57  -11.37    0.00000    38.08  LINEAR    1.46619E-01    94.69    1.14866E-01    94.69
  -65.00   345.00     -12.18  -16.14  -10.71    0.00000    32.38  LINEAR    1.69672E-01   103.57    1.07575E-01   103.57
  -60.00   345.00     -12.31  -17.73  -11.21    0.00000    28.19  LINEAR    1.67183E-01   114.34    8.95933E-02   114.34
  -55.00   345.00     -14.81  -21.42  -13.95    0.00000    25.04  LINEAR    1.25372E-01   132.94    5.85684E-02   132.94
  -50.00   345.00     -19.12  -26.72  -18.43    0.00000    22.63  LINEAR    7.63170E-02  -155.01    3.18131E-02  -155.01
  -45.00   345.00      -9.51  -17.94   -8.93    0.00000    20.75  LINEAR    2.30770E-01   -89.00    8.74473E-02   -89.00
  -40.00   345.00      -2.28  -11.40   -1.78    0.00000    19.28  LINEAR    5.30708E-01   -72.70    1.85632E-01   -72.70
  -35.00   345.00       2.74   -6.97    3.18    0.00000    18.11  LINEAR    9.45518E-01   -64.40    3.09284E-01   -64.40
  -30.00   345.00       6.53   -3.66    6.92    0.00000    17.19  LINEAR    1.46236E+00   -58.76    4.52456E-01   -58.76
  -25.00   345.00       9.47   -1.11    9.83    0.00000    16.47  LINEAR    2.05221E+00   -54.56    6.06735E-01   -54.56
  -20.00   345.00      11.75    0.85   12.09    0.00000    15.92  LINEAR    2.66771E+00   -51.36    7.60686E-01   -51.36
  -15.00   345.00      13.46    2.32   13.78    0.00000    15.50  LINEAR    3.24739E+00   -48.98    9.00831E-01   -48.98
  -10.00   345.00      14.65    3.34   14.96    0.00000    15.22  LINEAR    3.72458E+00   -47.32    1.01339E+00   -47.32
   -5.00   345.00      15.35    3.95   15.65    0.00000    15.05  LINEAR    4.03909E+00   -46.35    1.08640E+00   -46.35
    0.00   345.00      15.58    4.15   15.89    0.00000    15.00  LINEAR    4.14894E+00   -46.02    1.11171E+00   -46.02
 -180.00   350.00      -2.21  -17.28   -2.07    0.00000   -10.00  LINEAR    5.35093E-01   -79.51    9.43514E-02   100.49
 -175.00   350.00      -2.68  -17.72   -2.55    0.00000   -10.04  LINEAR    5.06724E-01   -77.73    8.96904E-02   102.27
 -170.00   350.00      -4.13  -19.07   -3.99    0.00000   -10.15  LINEAR    4.28895E-01   -71.75    7.67925E-02   108.25
 -165.00   350.00      -6.58  -21.36   -6.44    0.00000   -10.35  LINEAR    3.23215E-01   -59.07    5.90020E-02   120.93
 -160.00   350.00      -9.64  -24.17   -9.49    0.00000   -10.63  LINEAR    2.27382E-01   -33.66    4.26668E-02   146.34
 -155.00   350.00     -11.06  -25.28  -10.90    0.00000   -11.01  LINEAR    1.93135E-01     6.76    3.75755E-02  -173.24
 -150.00   350.00      -9.79  -23.61   -9.61    0.00000   -11.51  LINEAR    2.23574E-01    41.28    4.55208E-02  -138.72
 -145.00   350.00      -8.41  -21.75   -8.21    0.00000   -12.15  LINEAR    2.61975E-01    62.75    5.63916E-02  -117.25
 -140.00   350.00      -7.90  -20.66   -7.67    0.00000   -12.96  LINEAR    2.77828E-01    78.29    6.39500E-02  -101.71
 -135.00   350.00      -8.24  -20.30   -7.97    0.00000   -14.00  LINEAR    2.67256E-01    92.17    6.66439E-02   -87.83
 -130.00   350.00      -9.27  -20.50   -8.95    0.00000   -15.34  LINEAR    2.37317E-01   106.51    6.50999E-02   -73.49
 -125.00   350.00     -10.82  -21.06  -10.43    0.00000   -17.09  LINEAR    1.98537E-01   122.56    6.10336E-02   -57.44
 -120.00   350.00     -12.66  -21.71  -12.15    0.00000   -19.43  LINEAR    1.60621E-01   141.00    5.66436E-02   -39.00
 -115.00   350.00     -14.53  -22.12  -13.83    0.00000   -22.65  LINEAR    1.29489E-01   161.48    5.40260E-02   -18.52
 -110.00   350.00     -16.30  -22.05  -15.28    0.00000   -27.27  LINEAR    1.05622E-01  -177.72    5.44529E-02     2.28
 -105.00   350.00     -18.18  -21.51  -16.53    0.00000   -34.27  LINEAR    8.50477E-02  -158.77    5.79409E-02    21.23
 -100.00   350.00     -20.83  -20.70  -17.75    0.00000   -45.44  LINEAR    6.26887E-02  -142.76    6.36558E-02    37.24
  -95.00   350.00     -25.91  -19.79  -18.84    0.00000   -63.70  LINEAR    3.49154E-02  -129.54    7.06382E-02    50.46
  -90.00   350.00    -999.99  -18.92  -18.92    0.00000   -90.00  LINEAR    2.26039E-12  -118.46    7.80984E-02    61.54
  -85.00   350.00     -24.28  -18.16  -17.21    0.00000    63.70  LINEAR    4.21643E-02    71.19    8.53036E-02    71.19
  -80.00   350.00     -17.69  -17.56  -14.62    0.00000    45.44  LINEAR    8.99605E-02    79.98    9.13483E-02    79.98
  -75.00   350.00     -13.89  -17.22  -12.23    0.00000    34.27  LINEAR    1.39398E-01    88.38    9.49686E-02    88.38
  -70.00   350.00     -11.52  -17.27  -10.49    0.00000    27.27  LINEAR    1.83216E-01    96.80    9.44563E-02    96.80
  -65.00   350.00     -10.32  -17.91   -9.62    0.00000    22.65  LINEAR    2.10227E-01   105.85    8.77121E-02   105.85
  -60.00   350.00     -10.51  -19.56  -10.00    0.00000    19.43  LINEAR    2.05696E-01   116.99    7.25396E-02   116.99
  -55.00   350.00     -12.92  -23.17  -12.53    0.00000    17.09  LINEAR    1.55852E-01   136.28    4.79114E-02   136.28
  -50.00   350.00     -16.75  -27.98  -16.43    0.00000    15.34  LINEAR    1.00337E-01  -157.18    2.75241E-02  -157.18
  -45.00   350.00      -8.33  -20.39   -8.06    0.00000    14.00  LINEAR    2.64520E-01   -91.63    6.59619E-02   -91.63
  -40.00   350.00      -1.35  -14.11   -1.12    0.00000    12.96  LINEAR    5.90664E-01   -73.81    1.35958E-01   -73.81
  -35.00   350.00       3.50   -9.84    3.70    0.00000    12.15  LINEAR    1.03237E+00   -64.94    2.22223E-01   -64.94
  -30.00   350.00       7.14   -6.68    7.32    0.00000    11.51  LINEAR    1.56998E+00   -59.04    3.19657E-01   -59.04
  -25.00   350.00       9.96   -4.26   10.12    0.00000    11.01  LINEAR    2.17053E+00   -54.71    4.22287E-01   -54.71
  -20.00   350.00      12.12   -2.41   12.27    0.00000    10.63  LINEAR    2.78569E+00   -51.43    5.22716E-01   -51.43
  -15.00   350.00      13.74   -1.03   13.89    0.00000    10.35  LINEAR    3.35634E+00   -49.01    6.12691E-01   -49.01
  -10.00   350.00      14.87   -0.07   15.01    0.00000    10.15  LINEAR    3.82071E+00   -47.34    6.84087E-01   -47.34
   -5.00   350.00      15.53    0.49   15.67    0.00000    10.04  LINEAR    4.12439E+00   -46.35    7.30019E-01   -46.35
    0.00   350.00      15.75    0.68   15.89    0.00000    10.00  LINEAR    4.23005E+00   -46.02    7.45872E-01   -46.02
 -180.00   355.00      -2.11  -23.27   -2.07    0.00000    -5.00  LINEAR    5.41280E-01   -79.51    4.73559E-02   100.49
 -175.00   355.00      -2.56  -23.69   -2.53    0.00000    -5.02  LINEAR    5.13461E-01   -77.68    4.50936E-02   102.32
 -170.00   355.00      -3.96  -24.99   -3.93    0.00000    -5.08  LINEAR    4.37120E-01   -71.56    3.88330E-02   108.44
 -165.00   355.00      -6.31  -27.17   -6.27    0.00000    -5.18  LINEAR    3.33604E-01   -58.68    3.02162E-02   121.32
 -160.00   355.00      -9.15  -29.77   -9.11    0.00000    -5.32  LINEAR    2.40502E-01   -33.47    2.23916E-02   146.53
 -155.00   355.00     -10.41  -30.72  -10.37    0.00000    -5.51  LINEAR    2.08042E-01     5.36    2.00829E-02  -174.64
 -150.00   355.00      -9.22  -29.13   -9.17    0.00000    -5.77  LINEAR    2.38684E-01    38.79    2.41126E-02  -141.21
 -145.00   355.00      -7.89  -27.32   -7.84    0.00000    -6.10  LINEAR    2.78040E-01    60.15    2.96957E-02  -119.85
 -140.00   355.00      -7.38  -26.23   -7.32    0.00000    -6.52  LINEAR    2.94923E-01    75.76    3.36827E-02  -104.24
 -135.00   355.00      -7.70  -25.85   -7.63    0.00000    -7.05  LINEAR    2.84277E-01    89.74    3.51730E-02   -90.26
 -130.00   355.00      -8.72  -26.04   -8.64    0.00000    -7.75  LINEAR    2.52759E-01   104.22    3.44026E-02   -75.78
 -125.00   355.00     -10.28  -26.61  -10.18    0.00000    -8.67  LINEAR    2.11335E-01   120.56    3.22353E-02   -59.44
 -120.00   355.00     -12.13  -27.27  -12.00    0.00000    -9.92  LINEAR    1.70747E-01   139.59    2.98769E-02   -40.41
 -115.00   355.00     -13.98  -27.66  -13.80    0.00000   -11.70  LINEAR    1.37959E-01   160.99    2.85598E-02   -19.01
 -110.00   355.00     -15.66  -27.51  -15.39    0.00000   -14.35  LINEAR    1.13646E-01  -177.23    2.90706E-02     2.77
 -105.00   355.00     -17.41  -26.83  -16.94    0.00000   -18.68  LINEAR    9.29210E-02  -157.61    3.14101E-02    22.39
 -100.00   355.00     -19.93  -25.88  -18.95    0.00000   -26.74  LINEAR    6.95420E-02  -141.33    3.50371E-02    38.67
  -95.00   355.00     -24.91  -24.88  -21.88    0.00000   -45.11  LINEAR    3.91997E-02  -128.10    3.93495E-02    51.90
  -90.00   355.00    -999.99  -23.93  -23.93    0.00000   -90.00  LINEAR    2.55889E-12  -117.12    4.38675E-02    62.88
  -85.00   355.00     -23.15  -23.12  -20.13    0.00000    45.11  LINEAR    4.79727E-02    72.40    4.81559E-02    72.40
  -80.00   355.00     -16.55  -22.51  -15.57    0.00000    26.74  LINEAR    1.02584E-01    81.09    5.16844E-02    81.09
  -75.00   355.00     -12.75  -22.17  -12.28    0.00000    18.68  LINEAR    1.58942E-01    89.42    5.37272E-02    89.42
  -70.00   355.00     -10.39  -22.23  -10.12    0.00000    14.35  LINEAR    2.08495E-01    97.82    5.33329E-02    97.82
  -65.00   355.00      -9.22  -22.90   -9.04    0.00000    11.70  LINEAR    2.38526E-01   106.91    4.93787E-02   106.91
  -60.00   355.00      -9.43  -24.57   -9.30    0.00000     9.92  LINEAR    2.32961E-01   118.15    4.07629E-02   118.15
  -55.00   355.00     -11.77  -28.11  -11.67    0.00000     8.67  LINEAR    1.77852E-01   137.51    2.71280E-02   137.51
  -50.00   355.00     -15.48  -32.80  -15.40    0.00000     7.75  LINEAR    1.16108E-01  -159.21    1.58032E-02  -159.21
  -45.00   355.00      -7.68  -25.84   -7.62    0.00000     7.05  LINEAR    2.84770E-01   -93.22    3.52339E-02   -93.22
  -40.00   355.00      -0.82  -19.67   -0.77    0.00000     6.52  LINEAR    6.27498E-01   -74.45    7.16655E-02   -74.45
  -35.00   355.00       3.94  -15.48    3.99    0.00000     6.10  LINEAR    1.08636E+00   -65.26    1.16027E-01   -65.26
  -30.00   355.00       7.51  -12.40    7.55    0.00000     5.77  LINEAR    1.63708E+00   -59.21    1.65383E-01   -59.21
  -25.00   355.00      10.25  -10.06   10.29    0.00000     5.51  LINEAR    2.24416E+00   -54.79    2.16636E-01   -54.79
  -20.00   355.00      12.35   -8.27   12.39    0.00000     5.32  LINEAR    2.85877E+00   -51.48    2.66162E-01   -51.48
  -15.00   355.00      13.91   -6.95   13.95    0.00000     5.18  LINEAR    3.42337E+00   -49.03    3.10071E-01   -49.03
  -10.00   355.00      15.00   -6.03   15.03    0.00000     5.08  LINEAR    3.87934E+00   -47.34    3.44634E-01   -47.34
   -5.00   355.00      15.64   -5.49   15.67    0.00000     5.02  LINEAR    4.17601E+00   -46.35    3.66749E-01   -46.35
    0.00   355.00      15.85   -5.31   15.89    0.00000     5.00  LINEAR    4.27896E+00   -46.02    3.74360E-01   -46.02
 -180.00   360.00      -2.07 -999.99   -2.07    0.00000     0.00  LINEAR    5.43348E-01   -79.51    1.10917E-11   -79.51
 -175.00   360.00      -2.53 -999.99   -2.53    0.00000     0.00  LINEAR    5.15719E-01   -77.67    1.05679E-11   -77.67
 -170.00   360.00      -3.91 -999.99   -3.91    0.00000     0.00  LINEAR    4.39897E-01   -71.50    9.11842E-12   -71.50
 -165.00   360.00      -6.22 -999.99   -6.22    0.00000     0.00  LINEAR    3.37140E-01   -58.55    7.12503E-12   -58.55
 -160.00   360.00      -8.99 -999.99   -8.99    0.00000     0.00  LINEAR    2.44997E-01   -33.40    5.32226E-12   -33.40
 -155.00   360.00     -10.20 -999.99  -10.20    0.00000     0.00  LINEAR    2.13208E-01     4.93    4.80229E-12     4.93
 -150.00   360.00      -9.03 -999.99   -9.03    0.00000     0.00  LINEAR    2.44002E-01    37.99    5.75153E-12    37.99
 -145.00   360.00      -7.72 -999.99   -7.72    0.00000     0.00  LINEAR    2.83706E-01    59.30    7.07008E-12    59.30
 -140.00   360.00      -7.21 -999.99   -7.21    0.00000     0.00  LINEAR    3.00921E-01    74.93    8.01897E-12    74.93
 -135.00   360.00      -7.52 -999.99   -7.52    0.00000     0.00  LINEAR    2.90198E-01    88.93    8.37779E-12    88.93
 -130.00   360.00      -8.54 -999.99   -8.54    0.00000     0.00  LINEAR    2.58058E-01   103.45    8.19539E-12   103.45
 -125.00   360.00     -10.10 -999.99  -10.10    0.00000     0.00  LINEAR    2.15632E-01   119.89    7.67435E-12   119.89
 -120.00   360.00     -11.96 -999.99  -11.96    0.00000     0.00  LINEAR    1.74048E-01   139.12    7.10592E-12   139.12
 -115.00   360.00     -13.81 -999.99  -13.81    0.00000     0.00  LINEAR    1.40672E-01   160.85    6.79486E-12   160.85
 -110.00   360.00     -15.47 -999.99  -15.47    0.00000     0.00  LINEAR    1.16256E-01  -177.03    6.93881E-12  -177.03
 -105.00   360.00     -17.17 -999.99  -17.17    0.00000     0.00  LINEAR    9.55582E-02  -157.19    7.53689E-12  -157.19
 -100.00   360.00     -19.64 -999.99  -19.64    0.00000     0.00  LINEAR    7.18880E-02  -140.82    8.45098E-12  -140.82
  -95.00   360.00     -24.59 -999.99  -24.59    0.00000     0.00  LINEAR    4.06860E-02  -127.60    9.52950E-12  -127.60
  -90.00   360.00    -999.99 -999.99 -999.99    0.00000     0.00            2.66334E-12  -116.67    1.06534E-11  -116.67
  -85.00   360.00     -22.79 -999.99  -22.79    0.00000     0.00  LINEAR    5.00179E-02    72.80    1.17152E-11  -107.20
  -80.00   360.00     -16.18 -999.99  -16.18    0.00000     0.00  LINEAR    1.07051E-01    81.44    1.25847E-11   -98.56
  -75.00   360.00     -12.38 -999.99  -12.38    0.00000     0.00  LINEAR    1.65891E-01    89.73    1.30842E-11   -90.27
  -70.00   360.00     -10.02 -999.99  -10.02    0.00000     0.00  LINEAR    2.17521E-01    98.12    1.29828E-11   -81.88
  -65.00   360.00      -8.86 -999.99   -8.86    0.00000     0.00  LINEAR    2.48677E-01   107.21    1.20118E-11   -72.79
  -60.00   360.00      -9.07 -999.99   -9.07    0.00000     0.00  LINEAR    2.42802E-01   118.47    9.91294E-12   -61.53
  -55.00   360.00     -11.39 -999.99  -11.39    0.00000     0.00  LINEAR    1.85849E-01   137.81    6.61440E-12   -42.19
  -50.00   360.00     -15.07 -999.99  -15.07    0.00000     0.00  LINEAR    1.21627E-01  -159.97    3.86264E-12    20.03
  -45.00   360.00      -7.48 -999.99   -7.48    0.00000     0.00  LINEAR    2.91499E-01   -93.76    8.41537E-12    86.24
  -40.00   360.00      -0.65 -999.99   -0.65    0.00000     0.00  LINEAR    6.39902E-01   -74.67    1.70522E-11   105.33
  -35.00   360.00       4.09 -999.99    4.09    0.00000     0.00  LINEAR    1.10466E+00   -65.36    2.75287E-11   114.64
  -30.00   360.00       7.63 -999.99    7.63    0.00000     0.00  LINEAR    1.65988E+00   -59.26    3.91260E-11   120.74
  -25.00   360.00      10.34 -999.99   10.34    0.00000     0.00  LINEAR    2.26916E+00   -54.82    5.11104E-11   125.18
  -20.00   360.00      12.42 -999.99   12.42    0.00000     0.00  LINEAR    2.88352E+00   -51.49    6.26409E-11   128.51
  -15.00   360.00      13.97 -199.53   13.97    0.00000     0.00  LINEAR    3.44599E+00   -49.04    7.28267E-11   130.96
  -10.00   360.00      15.04 -198.62   15.04    0.00000     0.00  LINEAR    3.89905E+00   -47.35    8.08217E-11   132.65
   -5.00   360.00      15.68 -198.09   15.68    0.00000     0.00  LINEAR    4.19329E+00   -46.35    8.59273E-11   133.65
    0.00   360.00      15.89 -197.92   15.89    0.00000     0.00  LINEAR    4.29530E+00   -46.02    8.76828E-11   133.98


   AVERAGE POWER GAIN= 9.37275E-01       SOLID ANGLE USED IN AVERAGING=( 4.0000)*PI STERADIANS.








 ***** DATA CARD NO. 13   EN   0    37    73  1003 -1.80000E+02  0.00000E+00  5.00000E+00  5.00000E+00  0.00000E+00  0.00000E+00

 RUN TIME =     0.172
