deck,status_a,status_b,wall_a,wall_b,speedup,comparable
4nec2-models/Aperiodic/2ELK9AY.nec,ok,ok,0.2645393228158355,0.29083835519850254,0.9096,1
4nec2-models/Aperiodic/2beverage.nec,ok,ok,0.2707181805744767,0.25304578710347414,1.0698,1
4nec2-models/Aperiodic/2el160flag.nec,ok,ok,0.16547587607055902,0.1645156443119049,1.0058,1
4nec2-models/Aperiodic/80pennant-pf.nec,ok,ok,0.1543418113142252,0.15473479311913252,0.9975,1
4nec2-models/Aperiodic/ON4BAAWD.nec,ok,ok,0.0900267781689763,0.08835915755480528,1.0189,1
4nec2-models/Aperiodic/Rhomb1.nec,ok,ok,0.05779687128961086,0.05771840550005436,1.0014,1
4nec2-models/Aperiodic/Rhombic.nec,ok,ok,0.09378299862146378,0.09244956076145172,1.0144,1
4nec2-models/Aperiodic/Semirhomb.nec,ok,ok,0.26643750816583633,0.2715871948748827,0.9810,1
4nec2-models/Aperiodic/Slopvee.nec,ok,ok,0.20258463080972433,0.19960183277726173,1.0149,1
4nec2-models/Aperiodic/Vee40.nec,ok,ok,0.21922346111387014,0.2174648828804493,1.0081,1
4nec2-models/Aperiodic/bev80.nec,ok,ok,0.24234711565077305,0.2405409011989832,1.0075,1
4nec2-models/Equations/1elQuad.nec,ok,ok,0.003929548896849155,0.0038896482437849045,,0
4nec2-models/Equations/2elQuad.nec,ok,ok,0.005086353048682213,0.005071108229458332,,0
4nec2-models/Equations/3elQuadGain.nec,ok,ok,0.007011104375123978,0.007526845671236515,,0
4nec2-models/Equations/3elQuadWide.nec,ok,ok,0.0073514459654688835,0.007133216597139835,,0
4nec2-models/Equations/3elYagiGain.nec,ok,ok,0.004391285590827465,0.0034550828859210014,,0
4nec2-models/Equations/3elYagiMaxFB.nec,ok,ok,0.0037164613604545593,0.0034243743866682053,,0
4nec2-models/Equations/3elYagiWide.nec,ok,ok,0.0034568291157484055,0.003422638401389122,,0
4nec2-models/Equations/4elQuad.nec,ok,ok,0.011573520489037037,0.010350625030696392,,0
4nec2-models/Equations/Moxon.nec,ok,ok,0.1887972680851817,0.1835371870547533,1.0287,1
4nec2-models/Example1.nec,ok,ok,0.003440447151660919,0.0031313207000494003,,0
4nec2-models/Example2.nec,ok,ok,0.003069003112614155,0.004021085798740387,,0
4nec2-models/Fractals/Fractal.nec,ok,ok,1.106199243105948,1.1001856103539467,1.0055,1
4nec2-models/Fractals/MI2 Loop.nec,ok,ok,0.05366933345794678,0.05283006187528372,1.0159,1
4nec2-models/Fractals/MI3.nec,ok,ok,0.06444164272397757,0.06237879674881697,1.0331,1
4nec2-models/Fractals/RANDOM1.nec,ok,ok,0.05136874504387379,0.05315139330923557,0.9665,1
4nec2-models/Fractals/Random2.nec,ok,ok,0.035964044742286205,0.03567713964730501,,0
4nec2-models/HFActiveFeed/2el10.nec,ok,ok,0.0699474522843957,0.06842436641454697,1.0223,1
4nec2-models/HFActiveFeed/2lsloper.nec,ok,ok,0.39238350838422775,0.39085586834698915,1.0039,1
4nec2-models/HFActiveFeed/2phased.nec,ok,ok,0.003475625067949295,0.0033707553520798683,,0
4nec2-models/HFActiveFeed/3vertical.nec,ok,ok,0.009523369371891022,0.009348821826279163,,0
4nec2-models/HFActiveFeed/BRDZPR10.nec,ok,ok,0.08129224088042974,0.07793313357979059,1.0431,1
4nec2-models/HFActiveFeed/HB9CV.nec,ok,ok,0.003583294339478016,0.0034904619678854942,,0
4nec2-models/HFActiveFeed/Quad4.nec,ok,ok,0.024210925213992596,0.02405297104269266,,0
4nec2-models/HFActiveFeed/ZLSPTS10.nec,ok,ok,0.07411741930991411,0.07395990565419197,1.0021,1
4nec2-models/HFActiveFeed/ZLTROM10.nec,ok,ok,0.10720209404826164,0.10634901281446218,1.0080,1
4nec2-models/HFActiveFeed/cedzph10.nec,ok,ok,0.1007458996027708,0.10074337292462587,1.0000,1
4nec2-models/HFActiveFeed/n2pl_phased_dloop.nec,ok,ok,0.19921846874058247,0.19864556472748518,1.0029,1
4nec2-models/HFActiveFeed/zlspdp10.nec,ok,ok,0.07271257601678371,0.07231988850980997,1.0054,1
4nec2-models/HFbeams/2EL160H.nec,ok,ok,0.6963609308004379,0.6881149532273412,1.0120,1
4nec2-models/HFbeams/2lqful10.nec,ok,ok,0.009187713265419006,0.009022790007293224,,0
4nec2-models/HFbeams/2lyagi20.nec,ok,ok,0.05643969215452671,0.05585965421050787,1.0104,1
4nec2-models/HFbeams/2x4Q15A95.nec,ok,ok,0.02009066566824913,0.020086316391825676,,0
4nec2-models/HFbeams/3YAGI20.nec,ok,ok,0.20203080028295517,0.20278038829565048,0.9963,1
4nec2-models/HFbeams/3el-inverted-V.nec,ok,ok,0.19490093179047108,0.19551230315119028,0.9969,1
4nec2-models/HFbeams/3elquad.nec,ok,ok,0.005113867111504078,0.0051972707733511925,,0
4nec2-models/HFbeams/3lyagi20.nec,ok,ok,0.286521403118968,0.2859121933579445,1.0021,1
4nec2-models/HFbeams/40MYAG2.nec,ok,ok,0.22404311783611774,0.22335085459053516,1.0031,1
4nec2-models/HFbeams/40quad.nec,ok,ok,0.1371563207358122,0.13362267520278692,1.0264,1
4nec2-models/HFbeams/4el_vk1aa1.nec,ok,ok,0.26586291659623384,0.2654582988470793,1.0015,1
4nec2-models/HFbeams/5_el_wbeam_PA2AWU.nec,ok,ok,0.395317810587585,0.4607260590419173,0.8580,1
4nec2-models/HFbeams/7lyagi10.nec,ok,ok,0.23567621875554323,0.20649141445755959,1.1413,1
4nec2-models/HFbeams/80hsbeam.nec,ok,ok,0.2128142397850752,0.21210901718586683,1.0033,1
4nec2-models/HFbeams/80rdbeam.nec,ok,ok,0.21566880494356155,0.2158790146932006,0.9990,1
4nec2-models/HFbeams/8x6q.nec,ok,ok,0.1925130933523178,0.19429661519825459,0.9908,1
4nec2-models/HFbeams/BetaMatch.nec,ok,ok,0.021856226958334446,0.020605500787496567,,0
4nec2-models/HFbeams/Bowtie.nec,timeout,timeout,300.04832619056106,300.04951360076666,,0
4nec2-models/HFbeams/Deltalp.nec,ok,ok,0.08194840606302023,0.0879336316138506,0.9319,1
4nec2-models/HFbeams/NinjaBeam.nec,ok,ok,0.18831105716526508,0.18635827116668224,1.0105,1
4nec2-models/HFbeams/Quad.nec,ok,ok,0.023003002628684044,0.022889357060194016,,0
4nec2-models/HFbeams/Stack.nec,ok,ok,0.277250018902123,0.2572246603667736,1.0779,1
4nec2-models/HFbeams/Unwin.nec,ok,ok,0.0077931880950927734,0.007983005605638027,,0
4nec2-models/HFbeams/Unwin_mod.nec,ok,ok,0.007343702018260956,0.007073531858623028,,0
4nec2-models/HFbeams/fan1022.nec,ok,ok,0.022637298330664635,0.01997925341129303,,0
4nec2-models/HFbeams/moxon20.nec,ok,ok,0.21600734163075686,0.21482732705771923,1.0055,1
4nec2-models/HFbeams/sloper.nec,ok,ok,0.13998181093484163,0.13897542282938957,1.0072,1
4nec2-models/HFbeams/wa2wvl.nec,ok,ok,0.250644713640213,0.24806264974176884,1.0104,1
4nec2-models/HFbeams/y6mhg.nec,ok,ok,0.004501831717789173,0.004660522565245628,,0
4nec2-models/HFbeams/y6mwb.nec,ok,ok,0.005369467660784721,0.005595659837126732,,0
4nec2-models/HFbeams/zl1le10.nec,ok,ok,0.06280315574258566,0.06316710542887449,0.9942,1
4nec2-models/HFcollinear/15edzph2.nec,ok,ok,0.04905206151306629,0.047778270207345486,,0
4nec2-models/HFcollinear/2 dipole on roof.nec,ok,ok,0.6809807363897562,0.6840921677649021,0.9955,1
4nec2-models/HFcollinear/4 Dipole Trans-lines.nec,ok,ok,0.007369635626673698,0.007343187928199768,,0
4nec2-models/HFcollinear/BROADSID.nec,ok,ok,0.0035756882280111313,0.0036133285611867905,,0
4nec2-models/HFcollinear/Collinear_1L.nec,ok,ok,0.07714200019836426,0.07720245700329542,0.9992,1
4nec2-models/HFcollinear/SLOPER2.nec,ok,ok,0.2826203741133213,0.2822126178070903,1.0014,1
4nec2-models/HFcollinear/W8BYA Collinear 7 MHz.nec,ok,ok,0.20987116172909737,0.20980914868414402,1.0003,1
4nec2-models/HFcollinear/franklin.nec,ok,ok,0.004372086375951767,0.004385250620543957,,0
4nec2-models/HFcollinear/hrs_441.nec,ok,ok,6.176673837937415,6.184051341377199,0.9988,1
4nec2-models/HFcollinear/lazyh.nec,ok,ok,0.0047929976135492325,0.004715128801763058,,0
4nec2-models/HFmultiband/4-BAND.nec,ok,ok,3.639775143004954,3.629285752773285,1.0029,1
4nec2-models/HFmultiband/40MYAG2.nec,ok,ok,0.22371212858706713,0.22420629486441612,0.9978,1
4nec2-models/HFmultiband/5BWIDE-1.nec,ok,ok,0.04920297767966986,0.04996695462614298,,0
4nec2-models/HFmultiband/Cobra.nec,ok,ok,0.2471882989630103,0.24708469957113266,1.0004,1
4nec2-models/HFmultiband/Cone.nec,ok,ok,0.2630016691982746,0.26307390443980694,0.9997,1
4nec2-models/HFmultiband/CrossDip.nec,ok,ok,0.008338836953043938,0.008330020122230053,,0
4nec2-models/HFmultiband/DUAL2EL.nec,ok,ok,0.05788778234273195,0.059911999851465225,0.9662,1
4nec2-models/HFmultiband/InvV80-40.nec,ok,ok,0.199657310731709,0.1985202580690384,1.0057,1
4nec2-models/HFmultiband/LPDA1.nec,ok,ok,0.005546329542994499,0.00563737191259861,,0
4nec2-models/HFmultiband/Logp.nec,ok,ok,0.005754461511969566,0.005783668719232082,,0
4nec2-models/HFmultiband/MultiDips.nec,ok,ok,0.2251101415604353,0.22437611874192953,1.0033,1
4nec2-models/HFmultiband/MultiTrap.nec,ok,ok,0.14726973325014114,0.1453206418082118,1.0134,1
4nec2-models/HFmultiband/Sleeve.nec,ok,ok,0.18174229841679335,0.18233601283282042,0.9967,1
4nec2-models/HFmultiband/Telerana.nec,ok,ok,0.025570273399353027,0.025578864850103855,,0
4nec2-models/HFmultiband/TrapDip.nec,ok,ok,0.0044412026181817055,0.004414105787873268,,0
4nec2-models/HFmultiband/TrapDipole.nec,ok,ok,0.004364977590739727,0.004319194704294205,,0
4nec2-models/HFmultiband/UA3SFH.nec,ok,ok,0.055945323780179024,0.05588794965296984,1.0010,1
4nec2-models/HFmultiband/discone.nec,ok,ok,0.02596097905188799,0.025784398429095745,,0
4nec2-models/HFmultiband/dscn2.nec,ok,ok,0.5870566908270121,0.5889435587450862,0.9968,1
4nec2-models/HFmultiband/logper.nec,ok,ok,0.4160820059478283,0.4120070207864046,1.0099,1
4nec2-models/HFmultiband/lpda.nec,ok,ok,0.0716489925980568,0.07060642167925835,1.0148,1
4nec2-models/HFmultiband/mil14.nec,ok,ok,0.7400279361754656,0.7399536976590753,1.0001,1
4nec2-models/HFmultiband/op201510.nec,ok,ok,0.21409068815410137,0.2137630358338356,1.0015,1
4nec2-models/HFmultiband/quad5b10.nec,ok,ok,0.3577289581298828,0.353593978099525,1.0117,1
4nec2-models/HFmultiband/sleeve_err.nec,ok,ok,0.18473964650183916,0.18216717708855867,1.0141,1
4nec2-models/HFmultiband/t2fd.nec,ok,ok,0.005680118687450886,0.004292448051273823,,0
4nec2-models/HFmultiband/y1217bb.nec,ok,ok,0.007539808750152588,0.007589027285575867,,0
4nec2-models/HFmultiband/y2015.nec,ok,ok,0.006567385978996754,0.006594227626919746,,0
4nec2-models/HFmultiband/yi20_40b.nec,ok,ok,0.2532041557133198,0.25390516966581345,0.9972,1
4nec2-models/HFshort/2elShort.nec,ok,ok,0.07169731240719557,0.07159559801220894,1.0014,1
4nec2-models/HFshort/2lqsdi10.nec,ok,ok,0.02665548585355282,0.026580002158880234,,0
4nec2-models/HFshort/2lqssq10.nec,ok,ok,0.0318072410300374,0.031691741198301315,,0
4nec2-models/HFshort/2lygcl10.nec,ok,ok,0.06370423827320337,0.061920166946947575,1.0288,1
4nec2-models/HFshort/CoilCapHat.nec,ok,ok,0.16186926048249006,0.15420083049684763,1.0497,1
4nec2-models/HFshort/DPLNLD10.nec,ok,ok,0.010569965466856956,0.010503018274903297,,0
4nec2-models/HFshort/HelixDip.nec,ok,ok,0.005026442930102348,0.005088348872959614,,0
4nec2-models/HFshort/LinLoad.nec,ok,ok,0.026193179190158844,0.025943727232515812,,0
4nec2-models/HFshort/LinLoad2.nec,ok,ok,0.05017816834151745,0.0499648442491889,,0
4nec2-models/HFshort/Magnetic.nec,ok,ok,0.004338031634688377,0.0043351128697395325,,0
4nec2-models/HFshort/MagneticLoop.nec,ok,ok,0.006141471676528454,0.0049787722527980804,,0
4nec2-models/HFshort/Minibeam.nec,ok,ok,0.006161483004689217,0.0064097922295331955,,0
4nec2-models/HFshort/RXload.nec,ok,ok,0.004127875901758671,0.003738880157470703,,0
4nec2-models/HFshort/caphat10.nec,ok,ok,0.004003412090241909,0.004023312591016293,,0
4nec2-models/HFsimple/36ccd.nec,ok,ok,0.2296685753390193,0.22871697414666414,1.0042,1
4nec2-models/HFsimple/36dip.nec,ok,ok,0.1963500026613474,0.19369877967983484,1.0137,1
4nec2-models/HFsimple/36inv.nec,ok,ok,0.19793004728853703,0.1961119007319212,1.0093,1
4nec2-models/HFsimple/36inv_coat.nec,ok,ok,0.1978776678442955,0.19737087562680244,1.0026,1
4nec2-models/HFsimple/36inv_split.nec,ok,ok,0.19659638684242964,0.19694278482347727,0.9982,1
4nec2-models/HFsimple/70edz.nec,ok,ok,0.2293005371466279,0.2290364010259509,1.0012,1
4nec2-models/HFsimple/CageAlt.nec,ok,ok,0.006604026071727276,0.006590386852622032,,0
4nec2-models/HFsimple/Coax.nec,ok,ok,0.19595940224826336,0.19559170305728912,1.0019,1
4nec2-models/HFsimple/DLoop40.nec,ok,ok,0.14203020930290222,0.14062436390668154,1.0100,1
4nec2-models/HFsimple/EDZ_TL.nec,ok,ok,0.05691605806350708,0.0567630622535944,1.0027,1
4nec2-models/HFsimple/EDZ_mod.nec,ok,ok,0.1760026914998889,0.17511824145913124,1.0051,1
4nec2-models/HFsimple/FANDPL10.nec,ok,ok,0.012228007428348064,0.012097085826098919,,0
4nec2-models/HFsimple/G5RV.nec,ok,ok,0.0037290798500180244,0.0038068443536758423,,0
4nec2-models/HFsimple/Hairpin.nec,ok,ok,0.004718014970421791,0.004674515686929226,,0
4nec2-models/HFsimple/Halfsq40.nec,ok,ok,0.1829533688724041,0.18275835551321507,1.0011,1
4nec2-models/HFsimple/HorLoop80.nec,ok,ok,0.2328993482515216,0.23177730478346348,1.0048,1
4nec2-models/HFsimple/Inv-L.nec,ok,ok,0.2774655967950821,0.2760673454031348,1.0051,1
4nec2-models/HFsimple/Isotrop.nec,ok,ok,0.004968684166669846,0.004803763702511787,,0
4nec2-models/HFsimple/L_match.nec,ok,ok,0.014127696864306927,0.013835272751748562,,0
4nec2-models/HFsimple/LoadPos.nec,ok,ok,0.006047326140105724,0.0058771539479494095,,0
4nec2-models/HFsimple/LoopCirc20.nec,ok,ok,0.004482267424464226,0.004428338259458542,,0
4nec2-models/HFsimple/Lowdip.nec,ok,ok,0.23311065696179867,0.23677143640816212,0.9845,1
4nec2-models/HFsimple/MagCirc.nec,ok,ok,0.05824887007474899,0.057013790123164654,1.0217,1
4nec2-models/HFsimple/Magnetic.nec,ok,ok,0.055150450207293034,0.05489244684576988,1.0047,1
4nec2-models/HFsimple/Magnetic2.nec,ok,ok,0.0048622870817780495,0.00486306007951498,,0
4nec2-models/HFsimple/ParStub.nec,ok,ok,0.004014940001070499,0.0038683759048581123,,0
4nec2-models/HFsimple/Patch.nec,timeout,timeout,301.19575159810483,301.20891429204494,,0
4nec2-models/HFsimple/Piramid.nec,ok,ok,0.14025608077645302,0.13924526702612638,1.0073,1
4nec2-models/HFsimple/Rectb40.nec,ok,ok,0.18066895380616188,0.1801013657823205,1.0032,1
4nec2-models/HFsimple/Rects40.nec,ok,ok,0.1817044885829091,0.18051512073725462,1.0066,1
4nec2-models/HFsimple/SLOPE1.nec,ok,ok,0.21371746808290482,0.21236718259751797,1.0064,1
4nec2-models/HFsimple/SLOPE3.nec,ok,ok,0.35574575141072273,0.35564424749463797,1.0003,1
4nec2-models/HFsimple/StepRadAGT.nec,ok,ok,0.009072527289390564,0.008849771693348885,,0
4nec2-models/HFsimple/TriangleError.nec,ok,ok,0.004220212809741497,0.004085162654519081,,0
4nec2-models/HFsimple/TriangleLimit.nec,ok,ok,0.009613935835659504,0.009437929838895798,,0
4nec2-models/HFsimple/deltb40.nec,ok,ok,0.1924752788618207,0.1914291074499488,1.0055,1
4nec2-models/HFsimple/delts40.nec,ok,ok,0.19628181494772434,0.1954732397571206,1.0041,1
4nec2-models/HFsimple/fanndp10.nec,ok,ok,0.09268546011298895,0.09286415483802557,0.9981,1
4nec2-models/HFsimple/tr-line.nec,ok,ok,0.19735435023903847,0.1954126786440611,1.0099,1
4nec2-models/HFvertical/40M2EL.nec,ok,ok,0.2096388777717948,0.20890631154179573,1.0035,1
4nec2-models/HFvertical/4SQTL.nec,ok,ok,0.17549175769090652,0.17405225709080696,1.0083,1
4nec2-models/HFvertical/4SQUARE.nec,ok,ok,0.1184232272207737,0.11782435420900583,1.0051,1
4nec2-models/HFvertical/80RDBEAM.nec,ok,ok,0.28923826292157173,0.2843974754214287,1.0170,1
4nec2-models/HFvertical/BOBTAIL.nec,ok,ok,0.22071644570678473,0.21947051119059324,1.0057,1
4nec2-models/HFvertical/Bloem.nec,ok,ok,0.16741628386080265,0.1669108374044299,1.0030,1
4nec2-models/HFvertical/BurRad.nec,ok,ok,0.23920276202261448,0.23783919494599104,1.0057,1
4nec2-models/HFvertical/CARDIOID.nec,ok,ok,0.13011515978723764,0.12961324024945498,1.0039,1
4nec2-models/HFvertical/CardTL.nec,ok,ok,0.13048168551176786,0.12828383408486843,1.0171,1
4nec2-models/HFvertical/ElevatRad.nec,ok,ok,0.32345794793218374,0.3252545287832618,0.9945,1
4nec2-models/HFvertical/GNDPLANE.nec,ok,ok,0.004187241196632385,0.004125913605093956,,0
4nec2-models/HFvertical/GP80.nec,ok,ok,0.19918498862534761,0.19725418835878372,1.0098,1
4nec2-models/HFvertical/GndScreen.nec,ok,ok,0.5224321065470576,0.5199685115367174,1.0047,1
4nec2-models/HFvertical/Gwave.nec,ok,ok,0.09465078730136156,0.09401956759393215,1.0067,1
4nec2-models/HFvertical/Isolators.nec,ok,ok,0.2073490358889103,0.20574244298040867,1.0078,1
4nec2-models/HFvertical/Lowdip.nec,ok,ok,0.23314638156443834,0.23177687264978886,1.0059,1
4nec2-models/HFvertical/Phased GP.nec,ok,ok,0.015185145661234856,0.015083218924701214,,0
4nec2-models/HFvertical/Phased array Trans-line.nec,ok,ok,0.14900375623255968,0.1479749958962202,1.0070,1
4nec2-models/HFvertical/TOPLOAD.nec,ok,ok,0.14867870975285769,0.14897510036826134,0.9980,1
4nec2-models/HFvertical/Varray.nec,ok,ok,0.21760896779596806,0.21582516748458147,1.0083,1
4nec2-models/HFvertical/VertHats.nec,ok,ok,0.1871125316247344,0.18699822202324867,1.0006,1
4nec2-models/LFvertical/cutler_single .nec,ok,ok,6.6716527016833425,6.564592190086842,1.0163,1
4nec2-models/Nec4/Catenary.nec,ok,ok,0.0054556624963879585,0.005451337434351444,,0
4nec2-models/Objects/4nec2.nec,ok,ok,0.06408765353262424,0.06426170654594898,0.9973,1
4nec2-models/Objects/747plane.nec,ok,ok,3.8576850900426507,3.852402428165078,1.0014,1
4nec2-models/Objects/GM_test.nec,ok,ok,4.957213444635272,4.9732152335345745,0.9968,1
4nec2-models/Objects/Horn.nec,ok-no-source,ok-no-source,2.288621189072728,2.2894728891551495,,0
4nec2-models/Objects/Illuminate.nec,ok,ok,2.2400416433811188,2.2373047694563866,1.0012,1
4nec2-models/Objects/NearFld.nec,ok,ok,1.658771911635995,1.6421093195676804,1.0101,1
4nec2-models/Objects/Ship1.nec,ok,ok,0.7674687560647726,0.7741848984733224,0.9913,1
4nec2-models/Objects/TL-test.nec,ok,ok,0.10780104715377092,0.10545937716960907,1.0222,1
4nec2-models/Objects/Tank.nec,ok-no-source,ok-no-source,0.025528590194880962,0.025328406132757664,,0
4nec2-models/Objects/Van.nec,ok-no-source,ok-no-source,0.07362845074385405,0.07352384552359581,,0
4nec2-models/Objects/Vehicle.nec,ok,ok,0.06981714814901352,0.06338731665164232,1.1014,1
4nec2-models/Objects/car.nec,ok,ok,0.7530643446370959,0.748288718983531,1.0064,1
4nec2-models/Objects/car_1.nec,ok,ok,0.2028478914871812,0.20268176961690187,1.0008,1
4nec2-models/VHFbeams/10RA432.nec,ok,ok,0.0070129213854670525,0.006933459080755711,,0
4nec2-models/VHFbeams/12el430.nec,ok,ok,0.007072574459016323,0.007003696635365486,,0
4nec2-models/VHFbeams/215DX.nec,ok,ok,0.03737331461161375,0.037475437857210636,,0
4nec2-models/VHFbeams/216CP.nec,ok,ok,0.06813199631869793,0.06838974915444851,0.9962,1
4nec2-models/VHFbeams/23DF.nec,ok,ok,0.008397487923502922,0.008377792313694954,,0
4nec2-models/VHFbeams/28DX.nec,ok,ok,0.04229557327926159,0.04274967685341835,,0
4nec2-models/VHFbeams/2SA.nec,ok,ok,1.2839267468079925,1.2435877863317728,1.0324,1
4nec2-models/VHFbeams/4x20ra.nec,ok,ok,0.0894461665302515,0.0885442765429616,1.0102,1
4nec2-models/VHFbeams/5Vquad.nec,ok,ok,0.013046598993241787,0.01307959109544754,,0
4nec2-models/VHFbeams/5elDdelta.nec,ok,ok,0.04121522046625614,0.04122915118932724,,0
4nec2-models/VHFbeams/5elDquad.nec,ok,ok,0.028163060545921326,0.02815705630928278,,0
4nec2-models/VHFbeams/BIQDFEED.nec,ok,ok,0.8446643501520157,0.868670029565692,0.9724,1
4nec2-models/VHFbeams/DLW6U.nec,ok,ok,0.9890635358169675,0.9987288545817137,0.9903,1
4nec2-models/VHFbeams/DipReflGW.nec,error,error,0.4689795318990946,0.4697179179638624,,0
4nec2-models/VHFbeams/EMEyagi.nec,ok,ok,0.013235091231763363,0.013520723208785057,,0
4nec2-models/VHFbeams/GSM_yagi.nec,ok,ok,0.2459203852340579,0.24385264236479998,1.0085,1
4nec2-models/VHFbeams/JBL.nec,ok,ok,4.987740391865373,4.9731431026011705,1.0029,1
4nec2-models/VHFbeams/Parab50.nec,ok,ok,10.488193270750344,10.484621410258114,1.0003,1
4nec2-models/VHFbeams/QFH1280.nec,ok,ok,0.005742708221077919,0.005807557143270969,,0
4nec2-models/VHFbeams/TV_uhf.nec,ok,ok,0.03482148051261902,0.03544240910559893,,0
4nec2-models/VHFbeams/Vyagi22.nec,ok,ok,0.018902383744716644,0.01820541452616453,,0
4nec2-models/VHFbeams/Yagi16.nec,ok,ok,0.00619867630302906,0.006182555109262466,,0
4nec2-models/VHFbeams/atl50E.nec,ok,ok,0.4452496534213424,0.4438111688941717,1.0032,1
4nec2-models/VHFbeams/atl50e-h.nec,ok,ok,0.5055796829983592,0.5069480920210481,0.9973,1
4nec2-models/VHFbeams/bisq7.nec,ok,ok,0.04709372576326132,0.04741595033556223,,0
4nec2-models/VHFbeams/corner.nec,ok,ok,0.021100119687616825,0.021123730577528477,,0
4nec2-models/VHFbeams/fm6.nec,ok,ok,0.008365445770323277,0.008444156497716904,,0
4nec2-models/VHFbeams/gridyagi.nec,ok,ok,0.7346803601831198,0.7313531963154674,1.0045,1
4nec2-models/VHFbeams/hel10ua.nec,ok,ok,0.2830375451594591,0.28187811467796564,1.0041,1
4nec2-models/VHFbeams/helix.nec,ok,ok,0.6756634935736656,0.6592866675928235,1.0248,1
4nec2-models/VHFbeams/i5tdjii.nec,ok,ok,0.021791815757751465,0.021682321093976498,,0
4nec2-models/VHFbeams/qfh137.nec,ok,ok,0.7592653799802065,0.7518947841599584,1.0098,1
4nec2-models/VHFbeams/quad7.nec,ok,ok,0.009919648058712482,0.009893557988107204,,0
4nec2-models/VHFmultiband/402_306 146 MHz.nec,ok,ok,0.007866659201681614,0.0077575137838721275,,0
4nec2-models/VHFmultiband/Dc8ce.nec,ok,ok,0.08743197470903397,0.08702600933611393,1.0047,1
4nec2-models/VHFmultiband/SpiralAntennaCenterFeed.nec,ok,ok,21.489677648060024,21.090683726593852,1.0189,1
4nec2-models/VHFmultiband/ez2309.nec,ok,ok,0.05566363409161568,0.05537618789821863,1.0052,1
4nec2-models/VHFsimple/2mGP.nec,ok,ok,0.009247567504644394,0.009119614958763123,,0
4nec2-models/VHFsimple/2meteradr.nec,ok,ok,0.07400540076196194,0.07375328429043293,1.0034,1
4nec2-models/VHFsimple/CircDip3.nec,ok,ok,0.0037883082404732704,0.0038723349571228027,,0
4nec2-models/VHFsimple/CoaxEnd.nec,ok,ok,0.2610431658104062,0.26352357491850853,0.9906,1
4nec2-models/VHFsimple/Dquad.nec,ok,ok,0.004230163060128689,0.00433006975799799,,0
4nec2-models/VHFsimple/Generator.nec,ok,ok,0.06162253953516483,0.060514663346111774,1.0183,1
4nec2-models/VHFsimple/Helix.nec,ok,ok,0.010059474036097527,0.009753691963851452,,0
4nec2-models/VHFsimple/J-ant.nec,ok,ok,0.006765738129615784,0.006713313050568104,,0
4nec2-models/VHFsimple/T-box.nec,ok,ok,0.23720620665699244,0.2367162760347128,1.0021,1
4nec2-models/VHFsimple/dip_curv_6m.nec,ok,ok,0.00530517753213644,0.005398777313530445,,0
4nec2-models/VHFsimple/gpflat2m.nec,ok,ok,0.008095413446426392,0.008067821152508259,,0
4nec2-models/VHFsimple/gpslop2m.nec,ok,ok,0.008005620911717415,0.007972236722707748,,0
4nec2-models/VHFsimple/halfsq2m.nec,ok,ok,0.025280357338488102,0.025097900070250034,,0
4nec2-models/VHFsimple/masters.nec,ok,ok,0.007395271211862564,0.007309998385608196,,0
4nec2-models/VHFsimple/sterba.nec,ok,ok,0.009476798586547375,0.00927857868373394,,0
4nec2-models/VHFsimple/thick.nec,ok,ok,0.27061977982521057,0.27094749361276627,0.9988,1
4nec2-models/VHFsimple/wheeler.nec,ok,ok,0.006687222048640251,0.006644794717431068,,0
4nec2-models/zz_EZnec/v3.0/15MQUAD.nec,ok,ok,0.004604535177350044,0.004757080227136612,,0
4nec2-models/zz_EZnec/v3.0/20M5ELYA.nec,ok,ok,0.006706152111291885,0.006427876651287079,,0
4nec2-models/zz_EZnec/v3.0/4SQTL.nec,ok,ok,0.17645442113280296,0.1782800629734993,0.9898,1
4nec2-models/zz_EZnec/v3.0/4SQUARE.nec,ok,ok,0.17589548416435719,0.17501889914274216,1.0050,1
4nec2-models/zz_EZnec/v3.0/BYDipole.nec,ok,ok,0.18724195379763842,0.18627613317221403,1.0052,1
4nec2-models/zz_EZnec/v3.0/BYVee.nec,ok,ok,0.18767615407705307,0.1864575408399105,1.0065,1
4nec2-models/zz_EZnec/v3.0/CardTL.nec,ok,ok,0.0038187745958566666,0.0037925289943814278,,0
4nec2-models/zz_EZnec/v3.0/Cardioid.nec,ok,ok,0.0038657626137137413,0.003746333532035351,,0
4nec2-models/zz_EZnec/v3.0/DipTL.nec,ok,ok,0.1977178743109107,0.19752276595681906,1.0010,1
4nec2-models/zz_EZnec/v3.0/Dipole1.nec,ok,ok,0.0035125240683555603,0.003463970497250557,,0
4nec2-models/zz_EZnec/v3.0/ELEVRAD1.nec,ok,ok,0.20070252288132906,0.20011003129184246,1.0030,1
4nec2-models/zz_EZnec/v3.0/ELEVRAD2.nec,ok,ok,0.3274042159318924,0.3234584676101804,1.0122,1
4nec2-models/zz_EZnec/v3.0/FDSP.nec,ok,ok,0.1954290298745036,0.19355641771107912,1.0097,1
4nec2-models/zz_EZnec/v3.0/K5RP.nec,ok,ok,0.18185612931847572,0.1808364177122712,1.0056,1
4nec2-models/zz_EZnec/v3.0/LOGPER.nec,ok,ok,0.007463954389095306,0.007431299425661564,,0
4nec2-models/zz_EZnec/v3.0/LOGPERTL.nec,ok,ok,0.006158001720905304,0.006062383763492107,,0
4nec2-models/zz_EZnec/v3.0/N4PCLOOP.nec,ok,ok,0.21632306091487408,0.21559567283838987,1.0034,1
4nec2-models/zz_EZnec/v3.0/NBSYAGI.nec,ok,ok,0.0038905907422304153,0.003935360349714756,,0
4nec2-models/zz_EZnec/v3.0/VHFGP.nec,ok,ok,0.006256969645619392,0.005920077674090862,,0
4nec2-models/zz_EZnec/v3.0/Vert1.nec,ok,ok,0.05360111966729164,0.05408559087663889,0.9910,1
4nec2-models/zz_EZnec/v3.0/W8JK.nec,ok,ok,0.16507051419466734,0.17662603594362736,0.9346,1
4nec2-models/zz_MiniNec/ActiveFeed/2 el activ VP2E 40m.nec,ok,ok,0.2126795705407858,0.21141862124204636,1.0060,1
4nec2-models/zz_MiniNec/ActiveFeed/2D40MB10_multinec.nec,ok,ok,0.004902244545519352,0.004890709184110165,,0
4nec2-models/zz_MiniNec/ActiveFeed/4 el Delta act.nec,ok,ok,0.013137726113200188,0.01320866122841835,,0
4nec2-models/zz_MiniNec/ActiveFeed/40m 4square.nec,ok,ok,0.004337670281529427,0.004321779124438763,,0
4nec2-models/zz_MiniNec/ActiveFeed/HB9CVH.nec,ok,ok,0.005161522887647152,0.005142161622643471,,0
4nec2-models/zz_MiniNec/ActiveFeed/HB9CVW.nec,ok,ok,0.0047960588708519936,0.0048771025612950325,,0
4nec2-models/zz_MiniNec/Feeders/025lambda_trans.nec,ok,ok,0.00706370547413826,0.007222435437142849,,0
4nec2-models/zz_MiniNec/Feeders/FEEDER.nec,ok,ok,0.003898734226822853,0.004023066721856594,,0
4nec2-models/zz_MiniNec/HFAperiodic/2elK9AY-1.nec,ok,ok,0.14942898228764534,0.1555036874487996,0.9609,1
4nec2-models/zz_MiniNec/HFAperiodic/BEVERAGE.nec,ok,ok,0.24425583612173796,0.25463342666625977,0.9592,1
4nec2-models/zz_MiniNec/HFAperiodic/D2T.nec,ok,ok,0.1370382010936737,0.13831317517906427,0.9908,1
4nec2-models/zz_MiniNec/HFAperiodic/EWE.nec,ok,ok,0.14621201809495687,0.1458805836737156,1.0023,1
4nec2-models/zz_MiniNec/HFAperiodic/Flag K6SE.nec,ok,ok,0.05761146359145641,0.05765771307051182,0.9992,1
4nec2-models/zz_MiniNec/HFAperiodic/RHOMBIC.nec,ok,ok,0.4421934671700001,0.4393378281965852,1.0065,1
4nec2-models/zz_MiniNec/HFAperiodic/Semirhomb.nec,ok,ok,0.26661009155213833,0.26714022643864155,0.9980,1
4nec2-models/zz_MiniNec/HFAperiodic/T2FD.nec,ok,ok,0.12240641005337238,0.12282491568475962,0.9966,1
4nec2-models/zz_MiniNec/HFAperiodic/beverage200.nec,ok,ok,0.4367244355380535,0.43730585742741823,0.9987,1
4nec2-models/zz_MiniNec/HFAperiodic/widebanddip.nec,ok,ok,0.19766423478722572,0.1971852220594883,1.0024,1
4nec2-models/zz_MiniNec/HFbeams/2CQ20.nec,ok,ok,0.06781952455639839,0.0674652848392725,1.0053,1
4nec2-models/zz_MiniNec/HFbeams/2DELTA20.nec,ok,ok,0.011220674961805344,0.011067157611250877,,0
4nec2-models/zz_MiniNec/HFbeams/2ELQUAD.nec,ok,ok,0.5919684646651149,0.5895113851875067,1.0042,1
4nec2-models/zz_MiniNec/HFbeams/2ELVP15.nec,ok,ok,0.005012570880353451,0.004831215366721153,,0
4nec2-models/zz_MiniNec/HFbeams/2ELVP20.nec,ok,ok,0.00663806963711977,0.00654177088290453,,0
4nec2-models/zz_MiniNec/HFbeams/2el.delta.20m.nec,ok,ok,0.2114817937836051,0.21074103098362684,1.0035,1
4nec2-models/zz_MiniNec/HFbeams/2elQuad W1HXU.nec,ok,ok,0.04833895433694124,0.04643602296710014,,0
4nec2-models/zz_MiniNec/HFbeams/3EL20.nec,ok,ok,0.06821076478809118,0.067880405113101,1.0049,1
4nec2-models/zz_MiniNec/HFbeams/3el GP80 CW.nec,ok,ok,0.19505456369370222,0.1946223983541131,1.0022,1
4nec2-models/zz_MiniNec/HFbeams/4EL20.nec,ok,ok,0.20550445187836885,0.2063390128314495,0.9960,1
4nec2-models/zz_MiniNec/HFbeams/4EL20HM.nec,ok,ok,0.007092299871146679,0.006921013817191124,,0
4nec2-models/zz_MiniNec/HFbeams/4_4RZT_2.nec,ok,ok,0.16822971776127815,0.1672352273017168,1.0059,1
4nec2-models/zz_MiniNec/HFbeams/5EL20.nec,ok,ok,0.007363877259194851,0.007371621206402779,,0
4nec2-models/zz_MiniNec/HFbeams/6EL10.nec,ok,ok,0.006865866482257843,0.006854315288364887,,0
4nec2-models/zz_MiniNec/HFbeams/DL9JFT Yagi 14.nec,ok,ok,0.004919982515275478,0.004651636816561222,,0
4nec2-models/zz_MiniNec/HFbeams/DX415TT.nec,ok,ok,0.18955543637275696,0.18893612455576658,1.0033,1
4nec2-models/zz_MiniNec/HFbeams/Diamond Quadx2 14.nec,ok,ok,0.017471717670559883,0.017383931204676628,,0
4nec2-models/zz_MiniNec/HFbeams/JungleJob.nec,ok,ok,0.004020911641418934,0.004003290086984634,,0
4nec2-models/zz_MiniNec/HFbeams/LPDA15.nec,ok,ok,0.16439034044742584,0.16353757958859205,1.0052,1
4nec2-models/zz_MiniNec/HFbeams/M2CQ.nec,ok,ok,0.014855217188596725,0.014625986106693745,,0
4nec2-models/zz_MiniNec/HFbeams/Rhomb10.nec,ok,ok,0.10430851578712463,0.10424999613314867,1.0006,1
4nec2-models/zz_MiniNec/HFbeams/W2EEY.nec,ok,ok,0.007310805842280388,0.007318080402910709,,0
4nec2-models/zz_MiniNec/HFbeams/XQ20.nec,ok,ok,0.26423607859760523,0.2637537755072117,1.0018,1
4nec2-models/zz_MiniNec/HFbeams/ZL20.nec,ok,ok,0.09043433144688606,0.08970622718334198,1.0081,1
4nec2-models/zz_MiniNec/HFmultiband/10-18-24GP.nec,ok,ok,0.15219217259436846,0.15101551823318005,1.0078,1
4nec2-models/zz_MiniNec/HFmultiband/28_21_14V3.nec,ok,ok,0.005404552444815636,0.005301866680383682,,0
4nec2-models/zz_MiniNec/HFmultiband/3.5-7-14-28offsetdip-1.nec,ok,ok,0.09234318323433399,0.09191612433642149,1.0046,1
4nec2-models/zz_MiniNec/HFmultiband/3e lTriband Yagi.nec,ok,ok,0.21075710095465183,0.21017796732485294,1.0028,1
4nec2-models/zz_MiniNec/HFmultiband/4_4RZT_2.nec,ok,ok,0.16830951813608408,0.16923746652901173,0.9945,1
4nec2-models/zz_MiniNec/HFmultiband/8b Delta Loop.nec,ok,ok,0.22139104083180428,0.22015009075403214,1.0056,1
4nec2-models/zz_MiniNec/HFmultiband/DBLDP.nec,ok,ok,0.06816909927874804,0.06083783693611622,1.1205,1
4nec2-models/zz_MiniNec/HFmultiband/DUAL2EL.nec,ok,ok,0.058633689768612385,0.05851022806018591,1.0021,1
4nec2-models/zz_MiniNec/HFmultiband/Db54m.nec,ok,ok,0.1416942374780774,0.13982111867517233,1.0134,1
4nec2-models/zz_MiniNec/HFmultiband/Delta160allbands.nec,ok,ok,0.2394325491040945,0.2385041294619441,1.0039,1
4nec2-models/zz_MiniNec/HFmultiband/G5RV.nec,ok,ok,0.21888306085020304,0.2178265666589141,1.0049,1
4nec2-models/zz_MiniNec/HFmultiband/LPDA.nec,ok,ok,0.03490865509957075,0.03496996685862541,,0
4nec2-models/zz_MiniNec/HFmultiband/M2CQW.nec,ok,ok,0.23039075825363398,0.22909546829760075,1.0057,1
4nec2-models/zz_MiniNec/HFmultiband/MCQM.nec,ok,ok,0.00938454084098339,0.009244292974472046,,0
4nec2-models/zz_MiniNec/HFmultiband/MULTDP.nec,ok,ok,0.08292677998542786,0.08242706023156643,1.0061,1
4nec2-models/zz_MiniNec/HFmultiband/MULTDPH.nec,ok,ok,0.11854357831180096,0.1180653041228652,1.0041,1
4nec2-models/zz_MiniNec/HFmultiband/MULTDPHW.nec,ok,ok,0.14809984806925058,0.14638506341725588,1.0117,1
4nec2-models/zz_MiniNec/HFmultiband/MULTDPL.nec,ok,ok,0.2265366930514574,0.2257719673216343,1.0034,1
4nec2-models/zz_MiniNec/HFmultiband/MULTDPW.nec,ok,ok,0.1921712001785636,0.19214923400431871,1.0001,1
4nec2-models/zz_MiniNec/HFmultiband/QuadsUA4IF.nec,ok,ok,0.2729293368756771,0.2667977372184396,1.0230,1
4nec2-models/zz_MiniNec/HFmultiband/SHOEBOX.nec,ok,ok,0.007144000381231308,0.007225009612739086,,0
4nec2-models/zz_MiniNec/HFmultiband/TribandQQ.nec,ok,ok,0.21716593392193317,0.2165381321683526,1.0029,1
4nec2-models/zz_MiniNec/HFmultiband/WARC open sleeve dip.nec,ok,ok,0.18328018113970757,0.18038878031075,1.0160,1
4nec2-models/zz_MiniNec/HFshort/05 lamda  deform  GP witn feed line.nec,ok,ok,0.1822862420231104,0.18153604958206415,1.0041,1
4nec2-models/zz_MiniNec/HFshort/28_21_14v3.nec,ok,ok,0.004686882719397545,0.004503295756876469,,0
4nec2-models/zz_MiniNec/HFshort/3el short Yagj W1FBY.nec,ok,ok,0.01908707059919834,0.01925471145659685,,0
4nec2-models/zz_MiniNec/HFshort/4X4NJ -1.nec,ok,ok,0.004478012211620808,0.004415879026055336,,0
4nec2-models/zz_MiniNec/HFshort/80mDLsh.nec,ok,ok,0.14285563118755817,0.14152962900698185,1.0094,1
4nec2-models/zz_MiniNec/HFshort/Auto with GP.nec,ok,ok,0.09337328001856804,0.09359338972717524,0.9976,1
4nec2-models/zz_MiniNec/HFshort/Dipol3_5-7.nec,ok,ok,0.17371776513755322,0.17337313573807478,1.0020,1
4nec2-models/zz_MiniNec/HFshort/Fractal_1.nec,ok,ok,0.19429954513907433,0.19167420361191034,1.0137,1
4nec2-models/zz_MiniNec/HFshort/Gp40short rad.nec,ok,ok,0.15378631744533777,0.15299154445528984,1.0052,1
4nec2-models/zz_MiniNec/HFshort/Lineload75.nec,ok,ok,0.094307248480618,0.09497460722923279,0.9930,1
4nec2-models/zz_MiniNec/HFshort/MCQM.nec,ok,ok,0.09331806283444166,0.09343412332236767,0.9988,1
4nec2-models/zz_MiniNec/HFshort/QQ21-14short.nec,ok,ok,0.13318470306694508,0.13085505086928606,1.0178,1
4nec2-models/zz_MiniNec/HFshort/SLOPER.nec,ok,ok,0.05392471980303526,0.05336507968604565,1.0105,1
4nec2-models/zz_MiniNec/HFshort/TRIHAT.nec,ok,ok,0.12453280575573444,0.12435665167868137,1.0014,1
4nec2-models/zz_MiniNec/HFshort/TopCap75.nec,ok,ok,0.059126817621290684,0.058867343701422215,1.0044,1
4nec2-models/zz_MiniNec/HFshort/VDP40.nec,ok,ok,0.05363754462450743,0.052981759421527386,1.0124,1
4nec2-models/zz_MiniNec/HFshort/VDP40B.nec,ok,ok,0.053597853519022465,0.053503504022955894,1.0018,1
4nec2-models/zz_MiniNec/HFshort/VDP40C.nec,ok,ok,0.05496992822736502,0.055639030411839485,0.9880,1
4nec2-models/zz_MiniNec/HFshort/W2EEY.nec,ok,ok,0.02418879233300686,0.02418475318700075,,0
4nec2-models/zz_MiniNec/HFshort/WA1MKP.nec,ok,ok,0.13849676121026278,0.13533591199666262,1.0234,1
4nec2-models/zz_MiniNec/HFshort/field day GP short.nec,ok,ok,0.13828784506767988,0.13675092719495296,1.0112,1
4nec2-models/zz_MiniNec/HFshort/short vetr75.nec,ok,ok,0.10263187158852816,0.10256228316575289,1.0007,1
4nec2-models/zz_MiniNec/HFsimple/160m vert gnd tower.nec,ok,ok,0.2601136863231659,0.25893295742571354,1.0046,1
4nec2-models/zz_MiniNec/HFsimple/80mDLdouble.nec,ok,ok,0.013840465806424618,0.014057686552405357,,0
4nec2-models/zz_MiniNec/HFsimple/CB5_8 lambda.nec,ok,ok,0.06422575656324625,0.06489260960370302,0.9897,1
4nec2-models/zz_MiniNec/HFsimple/COLLINEA.nec,ok,ok,0.15043118223547935,0.15043152123689651,1.0000,1
4nec2-models/zz_MiniNec/HFsimple/DIPOL160.nec,ok,ok,0.20208401326090097,0.20101452432572842,1.0053,1
4nec2-models/zz_MiniNec/HFsimple/DP160LD.nec,ok,ok,0.003611602820456028,0.0036213044077157974,,0
4nec2-models/zz_MiniNec/HFsimple/DP20.nec,ok,ok,0.05390358064323664,0.05386266764253378,1.0008,1
4nec2-models/zz_MiniNec/HFsimple/Delta-Gamma.nec,ok,ok,0.004723416641354561,0.004709089174866676,,0
4nec2-models/zz_MiniNec/HFsimple/FD20.nec,ok,ok,0.00624722708016634,0.006332572549581528,,0
4nec2-models/zz_MiniNec/HFsimple/GP with gamma match.nec,ok,ok,0.052337286062538624,0.05173810664564371,1.0116,1
4nec2-models/zz_MiniNec/HFsimple/GP40.nec,ok,ok,0.17870578728616238,0.17780080158263445,1.0051,1
4nec2-models/zz_MiniNec/HFsimple/GP40S.nec,ok,ok,0.12491570319980383,0.12441546842455864,1.0040,1
4nec2-models/zz_MiniNec/HFsimple/Hcollinear14.nec,ok,ok,0.005374753847718239,0.005265938118100166,,0
4nec2-models/zz_MiniNec/HFsimple/Hiquad.nec,ok,ok,0.005132927559316158,0.00498097762465477,,0
4nec2-models/zz_MiniNec/HFsimple/J-ant28.nec,ok,ok,0.058398256078362465,0.05787937808781862,1.0090,1
4nec2-models/zz_MiniNec/HFsimple/LAZY-H.nec,ok,ok,0.007131545804440975,0.006857241503894329,,0
4nec2-models/zz_MiniNec/HFsimple/LONDQUAD.nec,ok,ok,0.19668233767151833,0.1953427754342556,1.0069,1
4nec2-models/zz_MiniNec/HFsimple/LOOP20.nec,ok,ok,0.004088320769369602,0.004318078979849815,,0
4nec2-models/zz_MiniNec/HFsimple/LOOP20C.nec,ok,ok,0.004111132584512234,0.004087403416633606,,0
4nec2-models/zz_MiniNec/HFsimple/Piramida.nec,ok,ok,0.14016201253980398,0.13918046094477177,1.0071,1
4nec2-models/zz_MiniNec/HFsimple/VERT20.nec,ok,ok,0.053687783889472485,0.05306966230273247,1.0116,1
4nec2-models/zz_MiniNec/HFsimple/VERT20M.nec,ok,ok,0.0562548516318202,0.05576529074460268,1.0088,1
4nec2-models/zz_MiniNec/HFsimple/VERT53.nec,ok,ok,0.06193418242037296,0.06102003902196884,1.0150,1
4nec2-models/zz_MiniNec/HFsimple/VERT58.nec,ok,ok,0.06019766628742218,0.059288764372467995,1.0153,1
4nec2-models/zz_MiniNec/HFsimple/VP2E 40m.nec,ok,ok,0.17423928249627352,0.17267270106822252,1.0091,1
4nec2-models/zz_MiniNec/HFsimple/VP2E-CW.nec,ok,ok,0.1932123200967908,0.1922655375674367,1.0049,1
4nec2-models/zz_MiniNec/HFsimple/Vcollinear28.nec,ok,ok,0.12556999269872904,0.12407021969556808,1.0121,1
4nec2-models/zz_MiniNec/HFsimple/Vert20s.nec,ok,ok,0.05356987193226814,0.05377730168402195,0.9961,1
4nec2-models/zz_MiniNec/HFsimple/VertUA3SFH.nec,ok,ok,0.05441946256905794,0.05439196806401014,1.0005,1
4nec2-models/zz_MiniNec/HFsimple/WINDOM.nec,ok,ok,0.013838106766343117,0.013688820414245129,,0
4nec2-models/zz_MiniNec/HFsimple/end feer dipole.nec,ok,ok,0.17543601617217064,0.17498070653527975,1.0026,1
4nec2-models/zz_MiniNec/HFsimple/wideInvV80.nec,ok,ok,0.21637488063424826,0.21384912263602018,1.0118,1
4nec2-models/zz_MiniNec/MagLoops/MAGLOOPT.nec,ok,ok,0.056628601625561714,0.05683159735053778,0.9964,1
4nec2-models/zz_MiniNec/Stacks/2X6EL10.nec,ok,ok,0.08886272180825472,0.0885204579681158,1.0039,1
4nec2-models/zz_MiniNec/Stacks/2x4elTwin Delta Loop 145 MHz.nec,ok,ok,0.11306395381689072,0.11351086478680372,0.9961,1
4nec2-models/zz_MiniNec/Stacks/4X12.nec,ok,ok,0.026848849840462208,0.026194754987955093,,0
4nec2-models/zz_MiniNec/Stacks/4xQQ.nec,ok,ok,0.15918433666229248,0.15827785059809685,1.0057,1
4nec2-models/zz_MiniNec/Stacks/syack3el20.nec,ok,ok,0.07652715779840946,0.0770310452207923,0.9935,1
4nec2-models/zz_MiniNec/Stacks/zigzag2x10 el 2 m.nec,ok,ok,0.03845742903649807,0.038205916061997414,,0
4nec2-models/zz_MiniNec/VHFbeams/12CQ430.nec,ok,ok,0.04208206944167614,0.04214281402528286,,0
4nec2-models/zz_MiniNec/VHFbeams/12EL23CM.nec,ok,ok,0.021359889768064022,0.0214898232370615,,0
4nec2-models/zz_MiniNec/VHFbeams/12EL430.nec,ok,ok,0.007034683600068092,0.006919367238879204,,0
4nec2-models/zz_MiniNec/VHFbeams/144-5Yagi.nec,ok,ok,0.005732622928917408,0.005611572414636612,,0
4nec2-models/zz_MiniNec/VHFbeams/15EL23CM.nec,ok,ok,0.015627766959369183,0.01572268269956112,,0
4nec2-models/zz_MiniNec/VHFbeams/3DQ6.nec,ok,ok,0.012918686494231224,0.013020612299442291,,0
4nec2-models/zz_MiniNec/VHFbeams/3HENT.nec,ok,ok,0.011576431803405285,0.011602473445236683,,0
4nec2-models/zz_MiniNec/VHFbeams/4DELTA6.nec,ok,ok,0.012773093767464161,0.012901509180665016,,0
4nec2-models/zz_MiniNec/VHFbeams/4X12.nec,ok,ok,0.026744747534394264,0.026195908896625042,,0
4nec2-models/zz_MiniNec/VHFbeams/5CQ2.nec,ok,ok,0.013429390266537666,0.013308634050190449,,0
4nec2-models/zz_MiniNec/VHFbeams/5ELTWIND.nec,ok,ok,0.04114823695272207,0.04226558282971382,,0
4nec2-models/zz_MiniNec/VHFbeams/6EL6MW.nec,ok,ok,0.006359227932989597,0.006388378329575062,,0
4nec2-models/zz_MiniNec/VHFbeams/7EL6M.nec,ok,ok,0.007166285067796707,0.007294472306966782,,0
4nec2-models/zz_MiniNec/VHFbeams/7elQuad_GW4CQT.nec,ok,ok,0.1179233081638813,0.11671428102999926,1.0104,1
4nec2-models/zz_MiniNec/VHFbeams/8EL2MW.nec,ok,ok,0.032530625350773335,0.032065545208752155,,0
4nec2-models/zz_MiniNec/VHFbeams/8EL6M.nec,ok,ok,0.008251729421317577,0.00845752377063036,,0
4nec2-models/zz_MiniNec/VHFbeams/8EL6MW.nec,ok,ok,0.008921234868466854,0.008918915875256062,,0
4nec2-models/zz_MiniNec/VHFbeams/Crosspol144.nec,ok,ok,0.010485688224434853,0.010191635228693485,,0
4nec2-models/zz_MiniNec/VHFbeams/DK7ZB-2.nec,ok,ok,0.005152720957994461,0.0050325170159339905,,0
4nec2-models/zz_MiniNec/VHFbeams/MIRROR.nec,ok,ok,1.4914752282202244,1.5012350417673588,0.9935,1
4nec2-models/zz_MiniNec/VHFbeams/USN_StarGP.nec,ok,ok,0.006321527063846588,0.006209069862961769,,0
4nec2-models/zz_MiniNec/VHFbeams/f9ft-2-uu4jcr.nec,ok,ok,0.09533914737403393,0.10762348212301731,0.8859,1
4nec2-models/zz_MiniNec/VHFbeams/f9ft-21-432.nec,ok,ok,0.016714932397007942,0.07196007762104273,,0
4nec2-models/zz_MiniNec/VHFsimple/144OMNI.nec,ok,ok,0.004101264290511608,0.11802388820797205,,0
4nec2-models/zz_MiniNec/VHFsimple/6SKYDOOR.nec,ok,ok,0.004440946504473686,0.022156971506774426,,0
4nec2-models/zz_MiniNec/VHFsimple/CR2.nec,ok,ok,0.06788439583033323,0.06789963133633137,0.9998,1
4nec2-models/zz_MiniNec/VHFsimple/Discon55-200.nec,ok,ok,0.007790150120854378,0.007665447890758514,,0
4nec2-models/zz_MiniNec/VHFsimple/GP144-435.nec,ok,ok,0.07041947823017836,0.07047009561210871,0.9993,1
4nec2-models/zz_MiniNec/VHFsimple/HENTENNA.nec,ok,ok,0.1764584332704544,0.13583740405738354,1.2990,1
4nec2-models/zz_MiniNec/VHFsimple/Helix145.nec,ok,ok,0.1788673996925354,0.06860607955604792,2.6072,1
4nec2-models/zz_MiniNec/VHFsimple/Isotrop2.nec,ok,ok,0.09691449627280235,0.021657741628587246,,0
4nec2-models/zz_MiniNec/VHFsimple/J-ant144.nec,ok,ok,0.006815355271100998,0.006598205305635929,,0
4nec2-models/zz_MiniNec/VHFsimple/TWIND.nec,ok,ok,0.004566749557852745,0.004289987497031689,,0
4nec2-models/zz_MiniNec/VHFsimple/TWINLOOP.nec,ok,ok,0.004238194786012173,0.0040929317474365234,,0
antenna-modeling/2el-yagi-freespace.nec,ok,ok,0.6885750386863947,0.6870189616456628,1.0023,1
antenna-modeling/2el-yagi-halfwl.nec,ok,ok,0.7513901572674513,0.7674577673897147,0.9791,1
antenna-modeling/2el-yagi-high.nec,ok,ok,0.7623335523530841,0.7680892944335938,0.9925,1
antenna-modeling/2m-sat-yagi/2m-sat-candidate1-crossed.nec,ok,ok,3.3160678623244166,3.3308616196736693,0.9956,1
antenna-modeling/2m-sat-yagi/2m-sat-candidate1-drivenonly-long.nec,ok,ok,1.6570068523287773,1.6325835241004825,1.0150,1
antenna-modeling/2m-sat-yagi/2m-sat-candidate1-drivenonly.nec,ok,ok,1.7185967359691858,1.69123999401927,1.0162,1
antenna-modeling/2m-sat-yagi/2m-sat-candidate1-inorder.nec,ok,ok,3.303539266809821,3.258697571232915,1.0138,1
antenna-modeling/2m-sat-yagi/2m-sat-candidate1.nec,ok,ok,1.685996231622994,1.6685803094878793,1.0104,1
antenna-modeling/2m-sat-yagi/2m-sat-candidate2-folded-drivenonly.nec,ok,ok,2.1872630529105663,2.1969603011384606,0.9956,1
antenna-modeling/2m-sat-yagi/2m-sat-candidate2-thick-crossed-wide.nec,ok,ok,16.31797672342509,16.219091637060046,1.0061,1
antenna-modeling/2m-sat-yagi/2m-sat-candidate2-thick-crossed.nec,ok,ok,4.097236723639071,4.082375844940543,1.0036,1
antenna-modeling/2m-sat-yagi/2m-sat-candidate2-thick-folded-inorder.nec,ok,ok,1.968142632395029,1.930900332517922,1.0193,1
antenna-modeling/2m-sat-yagi/2m-sat-candidate2-thin-folded-inorder.nec,ok,ok,1.9428128404542804,1.9304909612983465,1.0064,1
antenna-modeling/2m-sat-yagi/bar.nec,ok,ok,4.081673363223672,4.084153656847775,0.9994,1
antenna-modeling/2m-sat-yagi/foo.nec,ok,ok,0.9655454391613603,0.9271489642560482,1.0414,1
antenna-modeling/2m-sat-yagi/thick-300.nec,ok,ok,0.9121243730187416,0.9350751983001828,0.9755,1
antenna-modeling/2m-sat-yagi/thick-clearboom.nec,ok,ok,2.1898860167711973,2.165192943997681,1.0114,1
antenna-modeling/2m-sat-yagi/thin-5.nec,ok,ok,0.9491047197952867,0.969262189231813,0.9792,1
antenna-modeling/2m-sat-yagi/thin-clearboom.nec,ok,ok,2.250562391243875,2.2057058745995164,1.0203,1
antenna-modeling/2m-sat-yagi/thin.nec,ok,ok,0.8665835186839104,0.8604380199685693,1.0071,1
antenna-modeling/2m-yagi-5el-calculated.nec,ok,ok,0.7586365174502134,0.7418717769905925,1.0226,1
antenna-modeling/2m-yagi-test1.nec,ok,ok,0.8810243867337704,0.8811595728620887,0.9998,1
antenna-modeling/General 6-Band G3TXQ Broadband Hex Beam.nec,ok,ok,0.3394736610352993,0.33786612935364246,1.0048,1
antenna-modeling/barry.nec,ok,ok,0.4734507407993078,0.46635616943240166,1.0152,1
antenna-modeling/biqdfeed-fixed.nec,ok,ok,8.23165693320334,8.096071127802134,1.0167,1
antenna-modeling/dipole-10m-gutters.nec,ok,ok,1.0350799802690744,0.999216522090137,1.0359,1
antenna-modeling/dipole-10m.nec,ok,ok,0.4107107510790229,0.40502010099589825,1.0141,1
antenna-modeling/dipole-12m.nec,ok,ok,0.25255364272743464,0.2476777695119381,1.0197,1
antenna-modeling/dipole-15m.nec,ok,ok,1.0247894935309887,1.0105570936575532,1.0141,1
antenna-modeling/dipole-17m.nec,ok,ok,0.24714094959199429,0.24456665385514498,1.0105,1
antenna-modeling/dipole-20m-gutters.nec,ok,ok,1.890882883220911,1.856700086966157,1.0184,1
antenna-modeling/dipole-20m.nec,ok,ok,0.7952450728043914,0.7924751304090023,1.0035,1
antenna-modeling/dipole-30m-gutters.nec,ok,ok,0.5336533430963755,0.5692243669182062,0.9375,1
antenna-modeling/dipole-30m.nec,ok,ok,0.21526596043258905,0.21367547381669283,1.0074,1
antenna-modeling/dipole-40m-gutters.nec,ok,ok,1.4250747291371226,1.4753437163308263,0.9659,1
antenna-modeling/dipole-40m.nec,ok,ok,0.6173918237909675,0.6205894509330392,0.9948,1
antenna-modeling/dipole-80m-gutters.nec,ok,ok,2.1711491560563445,2.175738680176437,0.9979,1
antenna-modeling/dipole-80m.nec,ok,ok,0.9985601771622896,1.0091581344604492,0.9895,1
antenna-modeling/dipole-sample-freespace.nec,ok,ok,0.6153275854885578,0.6073999712243676,1.0131,1
antenna-modeling/dipole-sample-halfwl.nec,ok,ok,0.576600736938417,0.5927840350195765,0.9727,1
antenna-modeling/dipole-sample.nec,ok,ok,0.585880140773952,0.6452284343540668,0.9080,1
antenna-modeling/foo.nec,ok,ok,0.8257933016866446,0.8290711510926485,0.9960,1
antenna-modeling/force12-C3-10m-roof.nec,ok,ok,0.9296305309981108,0.9213054589927197,1.0090,1
antenna-modeling/force12-C3-10m-tower.nec,ok,ok,0.9303894806653261,0.9303767988458276,1.0000,1
antenna-modeling/force12-C3-12m-roof.nec,ok,ok,0.5746569875627756,0.5736497212201357,1.0018,1
antenna-modeling/force12-C3-12m-tower.nec,ok,ok,0.6468809610232711,0.5626005744561553,1.1498,1
antenna-modeling/force12-C3-15m-roof.nec,ok,ok,2.327432995662093,2.3023560028523207,1.0109,1
antenna-modeling/force12-C3-15m-tower.nec,ok,ok,2.3565618274733424,2.3433768339455128,1.0056,1
antenna-modeling/force12-C3-17m-roof.nec,ok,ok,0.6363876508548856,0.5966359041631222,1.0666,1
antenna-modeling/force12-C3-17m-tower.nec,ok,ok,0.6200988255441189,0.551131384447217,1.1251,1
antenna-modeling/force12-C3-20m-roof.nec,ok,ok,1.7534820577129722,1.727134382352233,1.0153,1
antenna-modeling/force12-C3-20m-tower.nec,ok,ok,1.777271043509245,1.7817289410158992,0.9975,1
antenna-modeling/force12-C3.nec,ok,ok,1.5851636761799455,1.6206963285803795,0.9781,1
antenna-modeling/gbhoyt.nec,ok,ok,23.7952514430508,23.567568235099316,1.0097,1
antenna-modeling/hexbeam-20m.nec,ok,ok,0.9803842166438699,0.9650933435186744,1.0158,1
antenna-modeling/log_per.nec,ok,ok,0.0997999720275402,0.09938602242618799,1.0042,1
antenna-modeling/rotatable-dipole-40m.nec,ok,ok,0.5972803793847561,0.5914587061852217,1.0098,1
antenna-modeling/vertical-sample.nec,ok,ok,6.585060807876289,6.674829367548227,0.9866,1
antenna-modeling/yagi.nec,ok,ok,0.8301130905747414,0.8492070082575083,0.9775,1
antenna-modeling/yagitools/2m-sat-candidate1-crossed.nec,ok,ok,1.668129307217896,1.6199713284149766,1.0297,1
antenna-modeling/yagitools/2m-sat-candidate1-drivenonly.nec,ok,ok,1.636058528907597,1.6315940525382757,1.0027,1
antenna-modeling/yagitools/2m-sat-candidate1-inorder.nec,ok,ok,1.6854272987693548,1.6727046947926283,1.0076,1
antenna-modeling/yagitools/2m-sat-candidate1.nec,ok,ok,0.8538591451942921,0.8338672230020165,1.0240,1
antenna-modeling/yagitools/ON6MU-adjusted.nec,ok,ok,5.054766470566392,5.2050559455528855,0.9711,1
antenna-modeling/yagitools/ON6MU-adjusted2.nec,ok,ok,5.031491717323661,4.959332603029907,1.0146,1
antenna-modeling/yagitools/ON6MU-adjusted3.nec,ok,ok,5.049979243427515,5.094458998180926,0.9913,1
antenna-modeling/yagitools/ON6MU-adjusted4-allthick.nec,ok,ok,1.742976219393313,1.7526242388412356,0.9945,1
antenna-modeling/yagitools/ON6MU-adjusted4-refthick.nec,ok,ok,1.6697971494868398,1.6556161334738135,1.0086,1
antenna-modeling/yagitools/ON6MU-adjusted4.nec,ok,ok,1.6752985548228025,1.6914300629869103,0.9905,1
antenna-modeling/yagitools/ON6MU.nec,ok,ok,5.055448734201491,4.97821291256696,1.0155,1
antenna-modeling/yagitools/dipole.nec,ok,ok,0.42361948173493147,0.4237710312008858,0.9996,1
antenna-modeling/yagitools/foo.nec,ok,ok,0.7248751306906343,0.7216855892911553,1.0044,1
arcanum/dumbbell-ori.nec,ok,ok,0.021449370309710503,0.021326735615730286,,0
arcanum/half-wave-dipole.nec,ok,ok,0.015065956860780716,0.01525624468922615,,0
arcanum/yagi-3el.nec,ok,ok,0.01879650354385376,0.018522283993661404,,0
arrl/DIP.nec,ok,ok,0.006275595165789127,0.006263464689254761,,0
arrl/LOOP.nec,ok-no-source,ok-no-source,0.0035331211984157562,0.0034030303359031677,,0
arrl/LPER.nec,ok,ok,0.03164598159492016,0.030857338570058346,,0
arrl/W1JR.nec,ok,ok,0.021060760132968426,0.020716103725135326,,0
arthurcadore/dipole/SimpleReflector.nec,ok,ok,0.003644482232630253,0.00371648371219635,,0
arthurcadore/dipole/phaseShift16Arragement.nec,ok,ok,0.026123149320483208,0.026075086556375027,,0
arthurcadore/dipole/simple2Arragment.nec,ok,ok,0.003981315530836582,0.003984458744525909,,0
arthurcadore/dipole/simple4Arragment.nec,ok,ok,0.00529360119253397,0.00516529381275177,,0
arthurcadore/dipole/turnStile.nec,ok,ok,0.005525660701096058,0.005316616035997868,,0
arthurcadore/helical/helical-simple.nec,ok,ok,0.07303651049733162,0.07102780230343342,1.0283,1
arthurcadore/yagiUda/yagi4Directors.nec,ok,ok,0.006893187761306763,0.006839299574494362,,0
cebik-w4rnl/Basic-Intermediate-Tutorial-Models/EZNEC/partc/20-6-4.nec,ok,ok,0.008878856897354126,0.008878218941390514,,0
cebik-w4rnl/Basic-Intermediate-Tutorial-Models/Tutorial-1/1-1.nec,ok,ok,0.17605978809297085,0.17596956435590982,1.0005,1
cebik-w4rnl/Basic-Intermediate-Tutorial-Models/Tutorial-1/10-1-1.nec,ok,ok,0.011566882953047752,0.011488132178783417,,0
cebik-w4rnl/Basic-Intermediate-Tutorial-Models/Tutorial-1/10-1-2.nec,ok,ok,0.011506728827953339,0.011665722355246544,,0
cebik-w4rnl/Basic-Intermediate-Tutorial-Models/Tutorial-1/10-1-3.nec,ok,ok,0.011489549651741982,0.011522920802235603,,0
cebik-w4rnl/Basic-Intermediate-Tutorial-Models/Tutorial-1/10-1-3A.nec,ok,ok,0.011665785685181618,0.011466240510344505,,0
cebik-w4rnl/Basic-Intermediate-Tutorial-Models/Tutorial-1/10-1-4.nec,ok,ok,0.011478709056973457,0.011572208255529404,,0
cebik-w4rnl/Basic-Intermediate-Tutorial-Models/Tutorial-1/10-2-1.nec,ok,ok,0.01951042003929615,0.019303779117763042,,0
cebik-w4rnl/Basic-Intermediate-Tutorial-Models/Tutorial-1/10-2-2.nec,ok,ok,0.01927928812801838,0.019296690821647644,,0
cebik-w4rnl/Basic-Intermediate-Tutorial-Models/Tutorial-1/10-2-3.nec,ok,ok,0.019410029985010624,0.019379379227757454,,0
cebik-w4rnl/Basic-Intermediate-Tutorial-Models/Tutorial-1/10-2-3A.nec,ok,ok,0.033342466689646244,0.03327435255050659,,0
cebik-w4rnl/Basic-Intermediate-Tutorial-Models/Tutorial-1/10-2-4.nec,ok,ok,0.01940155401825905,0.019310317002236843,,0
cebik-w4rnl/Basic-Intermediate-Tutorial-Models/Tutorial-1/10-3-1.nec,ok,ok,0.010107134468853474,0.010062580928206444,,0
cebik-w4rnl/Basic-Intermediate-Tutorial-Models/Tutorial-1/10-3-2.nec,ok,ok,0.00544371921569109,0.005453887395560741,,0
cebik-w4rnl/Basic-Intermediate-Tutorial-Models/Tutorial-1/10-4-1.nec,ok,ok,0.0076651861891150475,0.007743545807898045,,0
cebik-w4rnl/Basic-Intermediate-Tutorial-Models/Tutorial-1/10-4-2.nec,ok,ok,0.00795298907905817,0.007882677018642426,,0
cebik-w4rnl/Basic-Intermediate-Tutorial-Models/Tutorial-1/10-5-1.nec,ok,ok,0.007117961533367634,0.007099166512489319,,0
cebik-w4rnl/Basic-Intermediate-Tutorial-Models/Tutorial-1/10-5-2.nec,ok,ok,0.007090793922543526,0.0070478953421115875,,0
cebik-w4rnl/Basic-Intermediate-Tutorial-Models/Tutorial-1/11-1-1.nec,ok,ok,0.047006078995764256,0.04692486487329006,,0
cebik-w4rnl/Basic-Intermediate-Tutorial-Models/Tutorial-1/11-1-2.nec,ok,ok,0.1657951408997178,0.15919735189527273,1.0414,1
cebik-w4rnl/Basic-Intermediate-Tutorial-Models/Tutorial-1/11-1-3.nec,ok,ok,0.16009083669632673,0.15895324852317572,1.0072,1
cebik-w4rnl/Basic-Intermediate-Tutorial-Models/Tutorial-1/11-1.nec,ok,ok,0.03262375108897686,0.03245605994015932,,0
cebik-w4rnl/Basic-Intermediate-Tutorial-Models/Tutorial-1/11-2-1.nec,ok,ok,0.1786727923899889,0.17689485661685467,1.0101,1
cebik-w4rnl/Basic-Intermediate-Tutorial-Models/Tutorial-1/11-2.nec,ok,ok,0.006506720557808876,0.006426168605685234,,0
cebik-w4rnl/Basic-Intermediate-Tutorial-Models/Tutorial-1/11-3-1.nec,ok,ok,0.1997523345053196,0.33881476428359747,0.5896,1
cebik-w4rnl/Basic-Intermediate-Tutorial-Models/Tutorial-1/11-3.nec,ok,ok,0.010630357079207897,0.10794451553374529,,0
cebik-w4rnl/Basic-Intermediate-Tutorial-Models/Tutorial-1/11-4.nec,ok,ok,0.007744207978248596,0.09752883203327656,,0
cebik-w4rnl/Basic-Intermediate-Tutorial-Models/Tutorial-1/11-5.nec,ok,ok,0.010454019531607628,0.09243625961244106,,0
cebik-w4rnl/Basic-Intermediate-Tutorial-Models/Tutorial-1/11-6-1.nec,ok,ok,0.23728984408080578,0.2880202131345868,0.8239,1
cebik-w4rnl/Basic-Intermediate-Tutorial-Models/Tutorial-1/11-6.nec,ok,ok,0.29731322824954987,0.28700195252895355,1.0359,1
cebik-w4rnl/Basic-Intermediate-Tutorial-Models/Tutorial-1/11-7-1.nec,ok,ok,0.1625686502084136,0.13674900773912668,1.1888,1
cebik-w4rnl/Basic-Intermediate-Tutorial-Models/Tutorial-1/11-7.nec,ok,ok,0.1971518760547042,0.09784385561943054,2.0150,1
cebik-w4rnl/Basic-Intermediate-Tutorial-Models/Tutorial-1/11-8-1.nec,ok,ok,0.1431232327595353,0.05462315119802952,2.6202,1
cebik-w4rnl/Basic-Intermediate-Tutorial-Models/Tutorial-1/11-8-1a.nec,ok,ok,0.15323124919086695,0.05444937385618687,2.8142,1
cebik-w4rnl/Basic-Intermediate-Tutorial-Models/Tutorial-1/11-8-1b.nec,ok,ok,0.05157472658902407,0.0510716550052166,1.0099,1
cebik-w4rnl/Basic-Intermediate-Tutorial-Models/Tutorial-1/11-8-1c.nec,ok,ok,0.05154782813042402,0.05146840959787369,1.0015,1
cebik-w4rnl/Basic-Intermediate-Tutorial-Models/Tutorial-1/11-8.nec,ok,ok,0.05512572452425957,0.05454782955348492,1.0106,1
cebik-w4rnl/Basic-Intermediate-Tutorial-Models/Tutorial-1/11-8a.nec,ok,ok,0.054619147442281246,0.054692394100129604,0.9987,1
cebik-w4rnl/Basic-Intermediate-Tutorial-Models/Tutorial-1/12-1.nec,ok,ok,0.00637002382427454,0.005200078710913658,,0
cebik-w4rnl/Basic-Intermediate-Tutorial-Models/Tutorial-1/12-1A.nec,ok,ok,0.005523760803043842,0.0053116073831915855,,0
cebik-w4rnl/Basic-Intermediate-Tutorial-Models/Tutorial-1/12-2.nec,ok,ok,0.00539482943713665,0.005277334712445736,,0
cebik-w4rnl/Basic-Intermediate-Tutorial-Models/Tutorial-1/12-2A.nec,ok,ok,0.005398129113018513,0.005372998304665089,,0
cebik-w4rnl/Basic-Intermediate-Tutorial-Models/Tutorial-1/12-3-1.nec,ok,ok,0.009063011035323143,0.00870450958609581,,0
cebik-w4rnl/Basic-Intermediate-Tutorial-Models/Tutorial-1/12-3.nec,ok,ok,0.009182649664580822,0.00874455738812685,,0
cebik-w4rnl/Basic-Intermediate-Tutorial-Models/Tutorial-1/12-4-1.nec,ok,ok,0.00591813400387764,0.005855505354702473,,0
cebik-w4rnl/Basic-Intermediate-Tutorial-Models/Tutorial-1/12-4-2.nec,ok,ok,0.005919544957578182,0.005718030966818333,,0
cebik-w4rnl/Basic-Intermediate-Tutorial-Models/Tutorial-1/12-4.nec,ok,ok,0.0060070110484957695,0.005895950831472874,,0
cebik-w4rnl/Basic-Intermediate-Tutorial-Models/Tutorial-1/12-5-14.nec,ok,ok,0.1921507678925991,0.18988335691392422,1.0119,1
cebik-w4rnl/Basic-Intermediate-Tutorial-Models/Tutorial-1/12-5-18.nec,ok,ok,0.1783928982913494,0.1768561750650406,1.0087,1
cebik-w4rnl/Basic-Intermediate-Tutorial-Models/Tutorial-1/12-5-24.nec,ok,ok,0.12320458982139826,0.12510312907397747,0.9848,1
cebik-w4rnl/Basic-Intermediate-Tutorial-Models/Tutorial-1/12-5-28.nec,ok,ok,0.12319136597216129,0.12272634450346231,1.0038,1
cebik-w4rnl/Basic-Intermediate-Tutorial-Models/Tutorial-1/12-5.nec,ok,ok,0.17348584439605474,0.17905176151543856,0.9689,1
cebik-w4rnl/Basic-Intermediate-Tutorial-Models/Tutorial-1/12-6-1.nec,ok,ok,0.005640686489641666,0.005736577324569225,,0
cebik-w4rnl/Basic-Intermediate-Tutorial-Models/Tutorial-1/12-6.nec,ok,ok,0.0053200870752334595,0.005331079475581646,,0
cebik-w4rnl/Basic-Intermediate-Tutorial-Models/Tutorial-1/12-6A.nec,ok,ok,0.005617841146886349,0.005708648823201656,,0
cebik-w4rnl/Basic-Intermediate-Tutorial-Models/Tutorial-1/12-7.nec,ok,ok,0.01102437824010849,0.011083284392952919,,0
cebik-w4rnl/Basic-Intermediate-Tutorial-Models/Tutorial-1/12-7A.nec,ok,ok,0.023388903588056564,0.023372627794742584,,0
cebik-w4rnl/Basic-Intermediate-Tutorial-Models/Tutorial-1/12-7B.nec,ok,ok,0.043190598487854004,0.04312845878303051,,0
cebik-w4rnl/Basic-Intermediate-Tutorial-Models/Tutorial-1/13-1-1.nec,ok,ok,0.005256042815744877,0.005266145803034306,,0
cebik-w4rnl/Basic-Intermediate-Tutorial-Models/Tutorial-1/13-1.nec,ok,ok,0.005193432793021202,0.005230499431490898,,0
cebik-w4rnl/Basic-Intermediate-Tutorial-Models/Tutorial-1/13-2-1.nec,ok,ok,0.006589814089238644,0.006616617552936077,,0
cebik-w4rnl/Basic-Intermediate-Tutorial-Models/Tutorial-1/13-2.nec,ok,ok,0.005320524796843529,0.0053044650703668594,,0
cebik-w4rnl/Basic-Intermediate-Tutorial-Models/Tutorial-1/13-2a.nec,ok,ok,0.0055151209235191345,0.005526436492800713,,0
cebik-w4rnl/Basic-Intermediate-Tutorial-Models/Tutorial-1/13-3-1.nec,ok,ok,0.007165752351284027,0.007192743010818958,,0
cebik-w4rnl/Basic-Intermediate-Tutorial-Models/Tutorial-1/13-3.nec,ok,ok,0.008677656762301922,0.007248851470649242,,0
cebik-w4rnl/Basic-Intermediate-Tutorial-Models/Tutorial-1/13-4-1.nec,ok,ok,0.010483389720320702,0.010412751697003841,,0
cebik-w4rnl/Basic-Intermediate-Tutorial-Models/Tutorial-1/13-4.nec,ok,ok,0.010194618254899979,0.012945170514285564,,0
cebik-w4rnl/Basic-Intermediate-Tutorial-Models/Tutorial-1/13-5.nec,ok,ok,0.007233702577650547,0.007668953388929367,,0
cebik-w4rnl/Basic-Intermediate-Tutorial-Models/Tutorial-1/13-6.nec,ok,ok,0.17943698074668646,0.17960071843117476,0.9991,1
cebik-w4rnl/Basic-Intermediate-Tutorial-Models/Tutorial-1/13-7-1.nec,ok,ok,0.18747638817876577,0.1869718935340643,1.0027,1
cebik-w4rnl/Basic-Intermediate-Tutorial-Models/Tutorial-1/13-7.nec,ok,ok,0.17970272153615952,0.17908266745507717,1.0035,1
cebik-w4rnl/Basic-Intermediate-Tutorial-Models/Tutorial-1/13-7a.nec,ok,ok,0.18089436646550894,0.17901996709406376,1.0105,1
cebik-w4rnl/Basic-Intermediate-Tutorial-Models/Tutorial-1/13-8-1.nec,ok,ok,0.008680205792188644,0.008569187484681606,,0
cebik-w4rnl/Basic-Intermediate-Tutorial-Models/Tutorial-1/13-8-1a.nec,ok,ok,0.033428097143769264,0.0328248580917716,,0
cebik-w4rnl/Basic-Intermediate-Tutorial-Models/Tutorial-1/13-8-2.nec,ok,ok,0.00849605817347765,0.008616743609309196,,0
cebik-w4rnl/Basic-Intermediate-Tutorial-Models/Tutorial-1/13-8-2a.nec,ok,ok,0.038399056531488895,0.032883177511394024,,0
cebik-w4rnl/Basic-Intermediate-Tutorial-Models/Tutorial-1/13-8.nec,ok,ok,0.008700509555637836,0.015204881317913532,,0
cebik-w4rnl/Basic-Intermediate-Tutorial-Models/Tutorial-1/13-8a.nec,ok,ok,0.03312190342694521,0.032769263722002506,,0
cebik-w4rnl/Basic-Intermediate-Tutorial-Models/Tutorial-1/13-9-10.nec,ok,ok,0.008176502771675587,0.008511549793183804,,0
cebik-w4rnl/Basic-Intermediate-Tutorial-Models/Tutorial-1/13-9-20.nec,ok,ok,0.007945924066007137,0.007942143827676773,,0
cebik-w4rnl/Basic-Intermediate-Tutorial-Models/Tutorial-1/14-1-1.nec,ok,ok,0.4462304497137666,0.43961787316948175,1.0150,1
cebik-w4rnl/Basic-Intermediate-Tutorial-Models/Tutorial-1/14-1-2.nec,ok,ok,0.44087950699031353,0.4418278755620122,0.9979,1
cebik-w4rnl/Basic-Intermediate-Tutorial-Models/Tutorial-1/14-1-3.nec,ok,ok,0.44257511384785175,0.4429415203630924,0.9992,1
cebik-w4rnl/Basic-Intermediate-Tutorial-Models/Tutorial-1/14-1.nec,ok,ok,0.21030779741704464,0.21020539663732052,1.0005,1
cebik-w4rnl/Basic-Intermediate-Tutorial-Models/Tutorial-1/14-2-1.nec,ok,ok,0.009887614287436008,0.01013918500393629,,0
cebik-w4rnl/Basic-Intermediate-Tutorial-Models/Tutorial-1/14-2.nec,ok,ok,0.00808012206107378,0.008535034023225307,,0
cebik-w4rnl/Basic-Intermediate-Tutorial-Models/Tutorial-1/14-3-1.nec,ok,ok,0.018395581282675266,0.01911137066781521,,0
cebik-w4rnl/Basic-Intermediate-Tutorial-Models/Tutorial-1/14-3-2.nec,ok,ok,0.018779059872031212,0.01960575021803379,,0
cebik-w4rnl/Basic-Intermediate-Tutorial-Models/Tutorial-1/14-3.nec,ok,ok,0.01832437701523304,0.01765554863959551,,0
cebik-w4rnl/Basic-Intermediate-Tutorial-Models/Tutorial-1/14-4-1.nec,ok,ok,0.6811608783900738,0.6739034112542868,1.0108,1
cebik-w4rnl/Basic-Intermediate-Tutorial-Models/Tutorial-1/14-4-2.nec,ok,ok,0.6878780154511333,0.6777819041162729,1.0149,1
cebik-w4rnl/Basic-Intermediate-Tutorial-Models/Tutorial-1/14-4.nec,ok,ok,0.6811841204762459,0.6784679312258959,1.0040,1
cebik-w4rnl/Basic-Intermediate-Tutorial-Models/Tutorial-1/14-5-1.nec,ok,ok,0.0459829680621624,0.04543646890670061,,0
cebik-w4rnl/Basic-Intermediate-Tutorial-Models/Tutorial-1/14-5-2.nec,ok,ok,0.047490136697888374,0.04853731952607632,,0
cebik-w4rnl/Basic-Intermediate-Tutorial-Models/Tutorial-1/14-5-3.nec,ok,ok,0.04829951375722885,0.04806651547551155,,0
cebik-w4rnl/Basic-Intermediate-Tutorial-Models/Tutorial-1/14-5.nec,ok,ok,0.014950265176594257,0.014813139103353024,,0
cebik-w4rnl/Basic-Intermediate-Tutorial-Models/Tutorial-1/14-6-1.nec,ok,ok,0.019351309165358543,0.019361235201358795,,0
cebik-w4rnl/Basic-Intermediate-Tutorial-Models/Tutorial-1/14-6.nec,ok,ok,0.0058629633858799934,0.0058259861543774605,,0
cebik-w4rnl/Basic-Intermediate-Tutorial-Models/Tutorial-1/15-1-1.nec,ok,ok,0.007321450859308243,0.00726714264601469,,0
cebik-w4rnl/Basic-Intermediate-Tutorial-Models/Tutorial-1/15-1.nec,ok,ok,0.006515095941722393,0.006494106724858284,,0
cebik-w4rnl/Basic-Intermediate-Tutorial-Models/Tutorial-1/15-1A.nec,ok,ok,0.005827166140079498,0.005873572081327438,,0
cebik-w4rnl/Basic-Intermediate-Tutorial-Models/Tutorial-1/15-1B.nec,ok,ok,0.005286351777613163,0.00520176999270916,,0
cebik-w4rnl/Basic-Intermediate-Tutorial-Models/Tutorial-1/15-1C.nec,ok,ok,0.0047475555911660194,0.004750043153762817,,0
cebik-w4rnl/Basic-Intermediate-Tutorial-Models/Tutorial-1/15-1D.nec,ok,ok,0.004305578768253326,0.004374622367322445,,0
cebik-w4rnl/Basic-Intermediate-Tutorial-Models/Tutorial-1/15-2-12P.nec,ok,ok,0.011259887367486954,0.011223970912396908,,0
cebik-w4rnl/Basic-Intermediate-Tutorial-Models/Tutorial-1/15-2-12S.nec,ok,ok,0.008196409791707993,0.00819346308708191,,0
cebik-w4rnl/Basic-Intermediate-Tutorial-Models/Tutorial-1/15-2-16P.nec,ok,ok,0.014021169394254684,0.01394697930663824,,0
cebik-w4rnl/Basic-Intermediate-Tutorial-Models/Tutorial-1/15-2-16S.nec,ok,ok,0.009311724454164505,0.009148250333964825,,0
cebik-w4rnl/Basic-Intermediate-Tutorial-Models/Tutorial-1/15-2-24P.nec,ok,ok,0.020659804344177246,0.020411723293364048,,0
cebik-w4rnl/Basic-Intermediate-Tutorial-Models/Tutorial-1/15-2-24S.nec,ok,ok,0.0118110878393054,0.011788441799581051,,0
cebik-w4rnl/Basic-Intermediate-Tutorial-Models/Tutorial-1/15-2-32P.nec,ok,ok,0.02859572134912014,0.028547693975269794,,0
cebik-w4rnl/Basic-Intermediate-Tutorial-Models/Tutorial-1/15-2-32S.nec,ok,ok,0.014951437711715698,0.015111970715224743,,0
cebik-w4rnl/Basic-Intermediate-Tutorial-Models/Tutorial-1/15-2-3P.nec,ok,ok,0.007353473454713821,0.007112633436918259,,0
cebik-w4rnl/Basic-Intermediate-Tutorial-Models/Tutorial-1/15-2-3S.nec,ok,ok,0.0061666714027523994,0.006062377244234085,,0
cebik-w4rnl/Basic-Intermediate-Tutorial-Models/Tutorial-1/15-2-4P.nec,ok,ok,0.007642354816198349,0.007585722021758556,,0
cebik-w4rnl/Basic-Intermediate-Tutorial-Models/Tutorial-1/15-2-4S.nec,ok,ok,0.006245231255888939,0.0063349418342113495,,0
cebik-w4rnl/Basic-Intermediate-Tutorial-Models/Tutorial-1/15-2-6P.nec,ok,ok,0.008024453185498714,0.008179157972335815,,0
cebik-w4rnl/Basic-Intermediate-Tutorial-Models/Tutorial-1/15-2-6S.nec,ok,ok,0.006758011877536774,0.0066725146025419235,,0
cebik-w4rnl/Basic-Intermediate-Tutorial-Models/Tutorial-1/15-2-8P.nec,ok,ok,0.010442563332617283,0.009171904064714909,,0
cebik-w4rnl/Basic-Intermediate-Tutorial-Models/Tutorial-1/15-2-8S.nec,ok,ok,0.007178366184234619,0.007196064107120037,,0
cebik-w4rnl/Basic-Intermediate-Tutorial-Models/Tutorial-1/15-3-1.nec,ok,ok,0.005721854045987129,0.005828384310007095,,0
cebik-w4rnl/Basic-Intermediate-Tutorial-Models/Tutorial-1/15-3-1A.nec,ok,ok,0.06710457522422075,0.06698375288397074,1.0018,1
cebik-w4rnl/Basic-Intermediate-Tutorial-Models/Tutorial-1/15-3-1B.nec,ok,ok,0.06175485718995333,0.06156596262007952,1.0031,1
cebik-w4rnl/Basic-Intermediate-Tutorial-Models/Tutorial-1/15-3-1C.nec,ok,ok,0.05768658593297005,0.0573278097435832,1.0063,1
cebik-w4rnl/Basic-Intermediate-Tutorial-Models/Tutorial-1/15-3-2.nec,ok,ok,0.007883391343057156,0.007865282706916332,,0
cebik-w4rnl/Basic-Intermediate-Tutorial-Models/Tutorial-1/15-3-2A.nec,ok,ok,0.08200870454311371,0.08035628963261843,1.0206,1
cebik-w4rnl/Basic-Intermediate-Tutorial-Models/Tutorial-1/15-3-2B.nec,ok,ok,0.07468456588685513,0.07432311121374369,1.0049,1
cebik-w4rnl/Basic-Intermediate-Tutorial-Models/Tutorial-1/15-3-2C.nec,ok,ok,0.07035232242196798,0.07054893299937248,0.9972,1
cebik-w4rnl/Basic-Intermediate-Tutorial-Models/Tutorial-1/15-3-3.nec,ok,ok,0.015113282017409801,0.015033314004540443,,0
cebik-w4rnl/Basic-Intermediate-Tutorial-Models/Tutorial-1/15-3-3A.nec,ok,ok,0.12492089066654444,0.12493515480309725,0.9999,1
cebik-w4rnl/Basic-Intermediate-Tutorial-Models/Tutorial-1/15-3-3B.nec,ok,ok,0.11742644291371107,0.11717317625880241,1.0022,1
cebik-w4rnl/Basic-Intermediate-Tutorial-Models/Tutorial-1/15-3-3C.nec,ok,ok,0.112567781470716,0.11229728534817696,1.0024,1
cebik-w4rnl/Basic-Intermediate-Tutorial-Models/Tutorial-1/15-3-4.nec,ok,ok,0.039169264025986195,0.03911703824996948,,0
cebik-w4rnl/Basic-Intermediate-Tutorial-Models/Tutorial-1/15-3-4A.nec,ok,ok,0.2839077217504382,0.28407979384064674,0.9994,1
cebik-w4rnl/Basic-Intermediate-Tutorial-Models/Tutorial-1/15-3-4b.nec,ok,ok,0.27046678122133017,0.27082454040646553,0.9987,1
cebik-w4rnl/Basic-Intermediate-Tutorial-Models/Tutorial-1/15-3-4c.nec,ok,ok,0.26083012111485004,0.2615593848749995,0.9972,1
cebik-w4rnl/Basic-Intermediate-Tutorial-Models/Tutorial-1/15-4-0.nec,ok,ok,0.061624239198863506,0.06151194218546152,1.0018,1
cebik-w4rnl/Basic-Intermediate-Tutorial-Models/Tutorial-1/15-4-0a.nec,ok,ok,0.18020249903202057,0.1785873295739293,1.0090,1
cebik-w4rnl/Basic-Intermediate-Tutorial-Models/Tutorial-1/15-4-0b.nec,ok,ok,0.1780988574028015,0.17771378438919783,1.0022,1
cebik-w4rnl/Basic-Intermediate-Tutorial-Models/Tutorial-1/15-4-0c.nec,ok,ok,0.1784782437607646,0.17791230883449316,1.0032,1
cebik-w4rnl/Basic-Intermediate-Tutorial-Models/Tutorial-1/15-4-30.nec,ok,ok,0.06177884805947542,0.06148479972034693,1.0048,1
cebik-w4rnl/Basic-Intermediate-Tutorial-Models/Tutorial-1/15-4-30a.nec,ok,ok,0.1784142591059208,0.17854716442525387,0.9993,1
cebik-w4rnl/Basic-Intermediate-Tutorial-Models/Tutorial-1/15-4-30b.nec,ok,ok,0.1782337175682187,0.18953975848853588,0.9404,1
cebik-w4rnl/Basic-Intermediate-Tutorial-Models/Tutorial-1/15-4-45.nec,ok,ok,0.060986039228737354,0.06150295026600361,0.9916,1
cebik-w4rnl/Basic-Intermediate-Tutorial-Models/Tutorial-1/15-4-45a.nec,ok,ok,0.12316848058253527,0.12371757533401251,0.9956,1
cebik-w4rnl/Basic-Intermediate-Tutorial-Models/Tutorial-1/15-4-45b.nec,ok,ok,0.12359533924609423,0.12367396336048841,0.9994,1
cebik-w4rnl/Basic-Intermediate-Tutorial-Models/Tutorial-1/15-4-60.nec,ok,ok,0.06052438635379076,0.0620786352083087,0.9750,1
cebik-w4rnl/Basic-Intermediate-Tutorial-Models/Tutorial-1/15-4-60a.nec,ok,ok,0.12345698475837708,0.12343336548656225,1.0002,1
cebik-w4rnl/Basic-Intermediate-Tutorial-Models/Tutorial-1/15-4-60b.nec,ok,ok,0.12361555360257626,0.12296657543629408,1.0053,1
cebik-w4rnl/Basic-Intermediate-Tutorial-Models/Tutorial-1/15-5-32.nec,ok,ok,0.38465691450983286,0.38417602702975273,1.0013,1
cebik-w4rnl/Basic-Intermediate-Tutorial-Models/Tutorial-1/15-5-32A.nec,ok,ok,0.38572905119508505,0.3833693005144596,1.0062,1
cebik-w4rnl/Basic-Intermediate-Tutorial-Models/Tutorial-1/15-5-32B.nec,ok,ok,0.38442947901785374,0.38466428499668837,0.9994,1
cebik-w4rnl/Basic-Intermediate-Tutorial-Models/Tutorial-1/15-5-32C.nec,ok,ok,0.3812704775482416,0.3810996674001217,1.0004,1
cebik-w4rnl/Basic-Intermediate-Tutorial-Models/Tutorial-1/15-5-4.nec,ok,ok,0.17896798439323902,0.18025862332433462,0.9928,1
cebik-w4rnl/Basic-Intermediate-Tutorial-Models/Tutorial-1/15-5-4A.nec,ok,ok,0.17907289415597916,0.1800028793513775,0.9948,1
cebik-w4rnl/Basic-Intermediate-Tutorial-Models/Tutorial-1/15-5-4B.nec,ok,ok,0.17926298268139362,0.1796518387272954,0.9978,1
cebik-w4rnl/Basic-Intermediate-Tutorial-Models/Tutorial-1/15-5-4C.nec,ok,ok,0.18026794213801622,0.18012440390884876,1.0008,1
cebik-w4rnl/Basic-Intermediate-Tutorial-Models/Tutorial-1/15-6-1.nec,ok,ok,0.0047044698148965836,0.004691720008850098,,0
cebik-w4rnl/Basic-Intermediate-Tutorial-Models/Tutorial-1/15-6-1a.nec,ok,ok,0.004686382599174976,0.0047576818615198135,,0
cebik-w4rnl/Basic-Intermediate-Tutorial-Models/Tutorial-1/15-6-1b.nec,ok,ok,0.00483299046754837,0.004710490815341473,,0
cebik-w4rnl/Basic-Intermediate-Tutorial-Models/Tutorial-1/15-6-1c.nec,ok,ok,0.0048129986971616745,0.004778494127094746,,0
cebik-w4rnl/Basic-Intermediate-Tutorial-Models/Tutorial-1/15-6-2a.nec,ok,ok,0.38683297857642174,0.38664744887501,1.0005,1
cebik-w4rnl/Basic-Intermediate-Tutorial-Models/Tutorial-1/15-6-2b.nec,ok,ok,0.38624461833387613,0.38570352643728256,1.0014,1
cebik-w4rnl/Basic-Intermediate-Tutorial-Models/Tutorial-1/15-6-2c.nec,ok,ok,0.38584301620721817,0.3859056243672967,0.9998,1
cebik-w4rnl/Basic-Intermediate-Tutorial-Models/Tutorial-1/16-1-1.nec,ok,ok,0.006264479830861092,0.006286635063588619,,0
cebik-w4rnl/Basic-Intermediate-Tutorial-Models/Tutorial-1/16-1-2.nec,ok,ok,0.0068985773250460625,0.006822117604315281,,0
cebik-w4rnl/Basic-Intermediate-Tutorial-Models/Tutorial-1/16-2-1.nec,ok,ok,0.005565628409385681,0.0059579480439424515,,0
cebik-w4rnl/Basic-Intermediate-Tutorial-Models/Tutorial-1/16-2-2.nec,ok,ok,0.4120427882298827,0.3916073190048337,1.0522,1
cebik-w4rnl/Basic-Intermediate-Tutorial-Models/Tutorial-1/16-3-1.nec,ok,ok,0.13351980596780777,0.13319996651262045,1.0024,1
cebik-w4rnl/Basic-Intermediate-Tutorial-Models/Tutorial-1/16-3.nec,ok,ok,0.054569775238633156,0.054723079316318035,0.9972,1
cebik-w4rnl/Basic-Intermediate-Tutorial-Models/Tutorial-1/16-4.nec,ok,ok,0.1345029715448618,0.13420638907700777,1.0022,1
cebik-w4rnl/Basic-Intermediate-Tutorial-Models/Tutorial-1/16-5-1.nec,ok,ok,0.008516269735991955,0.00864244345575571,,0
cebik-w4rnl/Basic-Intermediate-Tutorial-Models/Tutorial-1/16-5-2.nec,ok,ok,0.3825939763337374,0.3804109748452902,1.0057,1
cebik-w4rnl/Basic-Intermediate-Tutorial-Models/Tutorial-1/16-5.nec,ok,ok,0.00930737517774105,0.009295618161559105,,0
cebik-w4rnl/Basic-Intermediate-Tutorial-Models/Tutorial-1/16-6-1.nec,ok,ok,0.1875412045046687,0.18647908978164196,1.0057,1
cebik-w4rnl/Basic-Intermediate-Tutorial-Models/Tutorial-1/16-6-2.nec,ok,ok,0.2522942451760173,0.25763866025954485,0.9793,1
cebik-w4rnl/Basic-Intermediate-Tutorial-Models/Tutorial-1/16-6-3.nec,ok,ok,0.18585364893078804,0.18465936928987503,1.0065,1
cebik-w4rnl/Basic-Intermediate-Tutorial-Models/Tutorial-1/16-7-1.nec,ok,ok,0.19000629428774118,0.1897998470813036,1.0011,1
cebik-w4rnl/Basic-Intermediate-Tutorial-Models/Tutorial-1/16-7-2.nec,ok,ok,0.1943707838654518,0.19321969710290432,1.0060,1
cebik-w4rnl/Basic-Intermediate-Tutorial-Models/Tutorial-1/17-1-1.nec,ok,ok,0.19509781431406736,0.19508607871830463,1.0001,1
cebik-w4rnl/Basic-Intermediate-Tutorial-Models/Tutorial-1/17-1.nec,ok,ok,0.19984486140310764,0.19984037335962057,1.0000,1
cebik-w4rnl/Basic-Intermediate-Tutorial-Models/Tutorial-1/17-2-1.nec,ok,ok,0.2556607034057379,0.2692334819585085,0.9496,1
cebik-w4rnl/Basic-Intermediate-Tutorial-Models/Tutorial-1/17-2.nec,ok,ok,0.22064069099724293,0.2148461127653718,1.0270,1
cebik-w4rnl/Basic-Intermediate-Tutorial-Models/Tutorial-1/17-3-1.nec,ok,ok,0.2146095484495163,0.21534230187535286,0.9966,1
cebik-w4rnl/Basic-Intermediate-Tutorial-Models/Tutorial-1/17-3.nec,ok,ok,0.213443617336452,0.21330664679408073,1.0006,1
cebik-w4rnl/Basic-Intermediate-Tutorial-Models/Tutorial-1/17-4-1.nec,ok,ok,0.09815614204853773,0.09817825071513653,0.9998,1
cebik-w4rnl/Basic-Intermediate-Tutorial-Models/Tutorial-1/17-4-2.nec,ok,ok,0.0984210018068552,0.09853500593453646,0.9988,1
cebik-w4rnl/Basic-Intermediate-Tutorial-Models/Tutorial-1/17-4.nec,ok,ok,0.0699106128886342,0.07014083955436945,0.9967,1
cebik-w4rnl/Basic-Intermediate-Tutorial-Models/Tutorial-1/17-5.nec,ok,ok,0.13017510995268822,0.13004330731928349,1.0010,1
cebik-w4rnl/Basic-Intermediate-Tutorial-Models/Tutorial-1/17-6.nec,ok,ok,0.09937895834445953,0.10384466778486967,0.9570,1
cebik-w4rnl/Basic-Intermediate-Tutorial-Models/Tutorial-1/17-7-1.nec,ok,ok,0.4659406989812851,0.46426751650869846,1.0036,1
cebik-w4rnl/Basic-Intermediate-Tutorial-Models/Tutorial-1/17-7-2.nec,ok,ok,0.478660786524415,0.4767090380191803,1.0041,1
cebik-w4rnl/Basic-Intermediate-Tutorial-Models/Tutorial-1/17-7-2a.nec,ok,ok,0.3054129472002387,0.3072073273360729,0.9942,1
cebik-w4rnl/Basic-Intermediate-Tutorial-Models/Tutorial-1/17-7-3.nec,ok,ok,0.44745114352554083,0.44394497759640217,1.0079,1
cebik-w4rnl/Basic-Intermediate-Tutorial-Models/Tutorial-1/17-7.nec,ok,ok,0.497021715156734,0.5018635373562574,0.9904,1
cebik-w4rnl/Basic-Intermediate-Tutorial-Models/Tutorial-1/17-8-1.nec,ok,ok,0.7604673271998763,0.7473438698798418,1.0176,1
cebik-w4rnl/Basic-Intermediate-Tutorial-Models/Tutorial-1/17-8.nec,ok,ok,0.7659449484199286,0.758767981082201,1.0095,1
cebik-w4rnl/Basic-Intermediate-Tutorial-Models/Tutorial-1/18-1-1.nec,ok,ok,0.0177228394895792,0.01762727089226246,,0
cebik-w4rnl/Basic-Intermediate-Tutorial-Models/Tutorial-1/18-1.nec,ok,ok,0.017609071917831898,0.017682796344161034,,0
cebik-w4rnl/Basic-Intermediate-Tutorial-Models/Tutorial-1/18-10-1.nec,ok,ok,0.023132948204874992,0.023011513985693455,,0
cebik-w4rnl/Basic-Intermediate-Tutorial-Models/Tutorial-1/18-10.nec,ok,ok,0.0229027196764946,0.02286197803914547,,0
cebik-w4rnl/Basic-Intermediate-Tutorial-Models/Tutorial-1/18-1a.nec,ok,ok,0.015215960331261158,0.01531212031841278,,0
cebik-w4rnl/Basic-Intermediate-Tutorial-Models/Tutorial-1/18-2-1.nec,ok,ok,0.017654549330472946,0.017587571404874325,,0
cebik-w4rnl/Basic-Intermediate-Tutorial-Models/Tutorial-1/18-2.nec,ok,ok,0.01777711883187294,0.017703663557767868,,0
cebik-w4rnl/Basic-Intermediate-Tutorial-Models/Tutorial-1/18-2a.nec,ok,ok,0.022659776732325554,0.02243520598858595,,0
cebik-w4rnl/Basic-Intermediate-Tutorial-Models/Tutorial-1/18-3-1.nec,ok,ok,0.018522780388593674,0.018271722830832005,,0
cebik-w4rnl/Basic-Intermediate-Tutorial-Models/Tutorial-1/18-3-2.nec,ok,ok,0.018387059681117535,0.018294503912329674,,0
cebik-w4rnl/Basic-Intermediate-Tutorial-Models/Tutorial-1/18-3-3.nec,ok,ok,0.026782061904668808,0.01832640916109085,,0
cebik-w4rnl/Basic-Intermediate-Tutorial-Models/Tutorial-1/18-3.nec,ok,ok,0.00597816426306963,0.005940601229667664,,0
cebik-w4rnl/Basic-Intermediate-Tutorial-Models/Tutorial-1/18-4.nec,ok,ok,0.026290769688785076,0.026347766630351543,,0
cebik-w4rnl/Basic-Intermediate-Tutorial-Models/Tutorial-1/18-5.nec,ok,ok,0.030598425306379795,0.02619894500821829,,0
cebik-w4rnl/Basic-Intermediate-Tutorial-Models/Tutorial-1/18-6.nec,ok,ok,0.06625685002654791,0.06672505475580692,0.9930,1
cebik-w4rnl/Basic-Intermediate-Tutorial-Models/Tutorial-1/18-7.nec,ok,ok,0.0998179242014885,0.09758025873452425,1.0229,1
cebik-w4rnl/Basic-Intermediate-Tutorial-Models/Tutorial-1/18-8-1.nec,ok,ok,0.10743847582489252,0.10714494064450264,1.0027,1
cebik-w4rnl/Basic-Intermediate-Tutorial-Models/Tutorial-1/18-8-2.nec,ok,ok,0.10758874099701643,0.10796372219920158,0.9965,1
cebik-w4rnl/Basic-Intermediate-Tutorial-Models/Tutorial-1/18-8-3.nec,ok,ok,0.10706070251762867,0.1063834885135293,1.0064,1
cebik-w4rnl/Basic-Intermediate-Tutorial-Models/Tutorial-1/18-8-4.nec,ok,ok,0.1062919907271862,0.1063223909586668,0.9997,1
cebik-w4rnl/Basic-Intermediate-Tutorial-Models/Tutorial-1/18-8.nec,ok,ok,0.07528781611472368,0.07090088911354542,1.0619,1
cebik-w4rnl/Basic-Intermediate-Tutorial-Models/Tutorial-1/18-9.nec,ok,ok,0.027650819160044193,0.027819386683404446,,0
cebik-w4rnl/Basic-Intermediate-Tutorial-Models/Tutorial-1/19-1.nec,ok,ok,0.008894362486898899,0.008615061640739441,,0
cebik-w4rnl/Basic-Intermediate-Tutorial-Models/Tutorial-1/19-2-1.nec,ok,ok,0.05801981408149004,0.0718151880428195,0.8079,1
cebik-w4rnl/Basic-Intermediate-Tutorial-Models/Tutorial-1/19-2.nec,ok,ok,0.06482999864965677,0.05845917947590351,1.1090,1
cebik-w4rnl/Basic-Intermediate-Tutorial-Models/Tutorial-1/19-3-1.nec,ok,ok,0.0060853492468595505,0.005983315408229828,,0
cebik-w4rnl/Basic-Intermediate-Tutorial-Models/Tutorial-1/19-3.nec,ok,ok,0.009263118728995323,0.008394730277359486,,0
cebik-w4rnl/Basic-Intermediate-Tutorial-Models/Tutorial-1/19-4-1.nec,ok,ok,0.1156714940443635,0.11471400689333677,1.0083,1
cebik-w4rnl/Basic-Intermediate-Tutorial-Models/Tutorial-1/19-4.nec,ok,ok,0.11522712465375662,0.1144510330632329,1.0068,1
cebik-w4rnl/Basic-Intermediate-Tutorial-Models/Tutorial-1/19-5.nec,ok,ok,0.08023285865783691,0.08010371122509241,1.0016,1
cebik-w4rnl/Basic-Intermediate-Tutorial-Models/Tutorial-1/19-6-1.nec,ok,ok,0.008120034821331501,0.008070060983300209,,0
cebik-w4rnl/Basic-Intermediate-Tutorial-Models/Tutorial-1/19-6-2.nec,ok,ok,0.010592755861580372,0.010521833784878254,,0
cebik-w4rnl/Basic-Intermediate-Tutorial-Models/Tutorial-1/19-6-3.nec,ok,ok,0.013714459724724293,0.013585195876657963,,0
cebik-w4rnl/Basic-Intermediate-Tutorial-Models/Tutorial-1/19-6.nec,ok,ok,0.010512027889490128,0.010522802360355854,,0
cebik-w4rnl/Basic-Intermediate-Tutorial-Models/Tutorial-1/19-7.nec,ok,ok,0.009864765219390392,0.009772889316082,,0
cebik-w4rnl/Basic-Intermediate-Tutorial-Models/Tutorial-1/2-1.nec,ok,ok,0.005740637890994549,0.005616019479930401,,0
cebik-w4rnl/Basic-Intermediate-Tutorial-Models/Tutorial-1/2-2.nec,ok,ok,0.06248898804187775,0.06231308076530695,1.0028,1
cebik-w4rnl/Basic-Intermediate-Tutorial-Models/Tutorial-1/2-3.nec,ok,ok,0.21535668428987265,0.21506926510483027,1.0013,1
cebik-w4rnl/Basic-Intermediate-Tutorial-Models/Tutorial-1/2-4.nec,ok,ok,0.008066690526902676,0.007902958430349827,,0
cebik-w4rnl/Basic-Intermediate-Tutorial-Models/Tutorial-1/2-5.nec,ok,ok,0.19744351226836443,0.19718620367348194,1.0013,1
cebik-w4rnl/Basic-Intermediate-Tutorial-Models/Tutorial-1/2-6.nec,ok,ok,0.011234295554459095,0.011272919364273548,,0
cebik-w4rnl/Basic-Intermediate-Tutorial-Models/Tutorial-1/20-1-1.nec,ok,ok,0.037201263941824436,0.03690907545387745,,0
cebik-w4rnl/Basic-Intermediate-Tutorial-Models/Tutorial-1/20-1-2.nec,ok,ok,0.03513529524207115,0.03700900822877884,,0
cebik-w4rnl/Basic-Intermediate-Tutorial-Models/Tutorial-1/20-1.nec,ok,ok,0.009165782481431961,0.009145783260464668,,0
cebik-w4rnl/Basic-Intermediate-Tutorial-Models/Tutorial-1/20-2-1.nec,ok,ok,0.042122102342545986,0.04242582060396671,,0
cebik-w4rnl/Basic-Intermediate-Tutorial-Models/Tutorial-1/20-2-2.nec,ok,ok,0.03268051240593195,0.028627228923141956,,0
cebik-w4rnl/Basic-Intermediate-Tutorial-Models/Tutorial-1/20-2-3.nec,ok,ok,0.023876427672803402,0.024408480152487755,,0
cebik-w4rnl/Basic-Intermediate-Tutorial-Models/Tutorial-1/20-2-4.nec,ok,ok,0.016069505363702774,0.017742756754159927,,0
cebik-w4rnl/Basic-Intermediate-Tutorial-Models/Tutorial-1/20-2.nec,ok,ok,0.059813838452100754,0.06008987408131361,0.9954,1
cebik-w4rnl/Basic-Intermediate-Tutorial-Models/Tutorial-1/20-3-1.nec,ok,ok,0.01085459440946579,0.010822362266480923,,0
cebik-w4rnl/Basic-Intermediate-Tutorial-Models/Tutorial-1/20-3-2.nec,ok,ok,0.01286452729254961,0.012680529616773129,,0
cebik-w4rnl/Basic-Intermediate-Tutorial-Models/Tutorial-1/20-4-1.nec,ok,ok,0.022115438245236874,0.02138106618076563,,0
cebik-w4rnl/Basic-Intermediate-Tutorial-Models/Tutorial-1/20-4-2.nec,ok,ok,0.02397776860743761,0.021446282975375652,,0
cebik-w4rnl/Basic-Intermediate-Tutorial-Models/Tutorial-1/20-4-3.nec,ok,ok,0.05999466124922037,0.05759403482079506,1.0417,1
cebik-w4rnl/Basic-Intermediate-Tutorial-Models/Tutorial-1/20-4-4.nec,ok,ok,0.05817777011543512,0.061012525111436844,0.9535,1
cebik-w4rnl/Basic-Intermediate-Tutorial-Models/Tutorial-1/20-4.nec,ok,ok,0.01079881563782692,0.010726340115070343,,0
cebik-w4rnl/Basic-Intermediate-Tutorial-Models/Tutorial-1/20-5-1.nec,ok,ok,0.026843847706913948,0.027144520543515682,,0
cebik-w4rnl/Basic-Intermediate-Tutorial-Models/Tutorial-1/20-5-2.nec,ok,ok,0.0438519474118948,0.03853141702711582,,0
cebik-w4rnl/Basic-Intermediate-Tutorial-Models/Tutorial-1/20-5-3.nec,ok,ok,0.0681547736749053,0.06741401832550764,1.0110,1
cebik-w4rnl/Basic-Intermediate-Tutorial-Models/Tutorial-1/20-5-4.nec,ok,ok,0.09082109294831753,0.09102088492363691,0.9978,1
cebik-w4rnl/Basic-Intermediate-Tutorial-Models/Tutorial-1/20-5-5.nec,ok,ok,0.28645211923867464,0.28539674263447523,1.0037,1
cebik-w4rnl/Basic-Intermediate-Tutorial-Models/Tutorial-1/20-6-1.nec,ok,ok,0.005128767341375351,0.005186405964195728,,0
cebik-w4rnl/Basic-Intermediate-Tutorial-Models/Tutorial-1/20-6-1A.nec,ok,ok,0.005633796565234661,0.005544527433812618,,0
cebik-w4rnl/Basic-Intermediate-Tutorial-Models/Tutorial-1/20-6-2.nec,ok,ok,0.010405722074210644,0.010286634787917137,,0
cebik-w4rnl/Basic-Intermediate-Tutorial-Models/Tutorial-1/20-6-2A.nec,ok,ok,0.028929101303219795,0.028185074217617512,,0
cebik-w4rnl/Basic-Intermediate-Tutorial-Models/Tutorial-1/20-6-3.nec,ok,ok,0.0061809588223695755,0.0062051694840192795,,0
cebik-w4rnl/Basic-Intermediate-Tutorial-Models/Tutorial-1/20-6-3A.nec,ok,ok,0.00895494595170021,0.009074549190700054,,0
cebik-w4rnl/Basic-Intermediate-Tutorial-Models/Tutorial-1/20-6-4.nec,ok,ok,0.0070277005434036255,0.0069262441247701645,,0
cebik-w4rnl/Basic-Intermediate-Tutorial-Models/Tutorial-1/20-6-4A.nec,ok,ok,0.012237823568284512,0.012097610160708427,,0
cebik-w4rnl/Basic-Intermediate-Tutorial-Models/Tutorial-1/20-7.nec,ok,ok,0.399698649533093,0.4063002932816744,0.9838,1
cebik-w4rnl/Basic-Intermediate-Tutorial-Models/Tutorial-1/20-8-1.nec,ok,ok,0.005250911228358746,0.005135765299201012,,0
cebik-w4rnl/Basic-Intermediate-Tutorial-Models/Tutorial-1/20-8-2.nec,ok,ok,0.006423000246286392,0.006504250690340996,,0
cebik-w4rnl/Basic-Intermediate-Tutorial-Models/Tutorial-1/20-8-3.nec,ok,ok,0.008421206846833229,0.00821754615753889,,0
cebik-w4rnl/Basic-Intermediate-Tutorial-Models/Tutorial-1/21-1-1.nec,ok,ok,0.032461230643093586,0.03271545469760895,,0
cebik-w4rnl/Basic-Intermediate-Tutorial-Models/Tutorial-1/21-1.nec,ok,ok,0.014413140714168549,0.014364173635840416,,0
cebik-w4rnl/Basic-Intermediate-Tutorial-Models/Tutorial-1/21-2-1.nec,ok,ok,0.038962945342063904,0.03856521099805832,,0
cebik-w4rnl/Basic-Intermediate-Tutorial-Models/Tutorial-1/21-2-2.nec,ok,ok,0.00848972238600254,0.008531931787729263,,0
cebik-w4rnl/Basic-Intermediate-Tutorial-Models/Tutorial-1/21-2-3.nec,ok,ok,0.10819104965776205,0.09785972256213427,1.1056,1
cebik-w4rnl/Basic-Intermediate-Tutorial-Models/Tutorial-1/21-2-4.nec,ok,ok,0.009110931307077408,0.026911412365734577,,0
cebik-w4rnl/Basic-Intermediate-Tutorial-Models/Tutorial-1/21-2-5.nec,ok,ok,0.03906291723251343,0.03866279125213623,,0
cebik-w4rnl/Basic-Intermediate-Tutorial-Models/Tutorial-1/21-3-1.nec,ok,ok,0.005067659541964531,0.005038978531956673,,0
cebik-w4rnl/Basic-Intermediate-Tutorial-Models/Tutorial-1/21-3-2.nec,ok,ok,0.005911414511501789,0.005841336213052273,,0
cebik-w4rnl/Basic-Intermediate-Tutorial-Models/Tutorial-1/21-3-3.nec,ok,ok,0.007914617657661438,0.008084150962531567,,0
cebik-w4rnl/Basic-Intermediate-Tutorial-Models/Tutorial-1/21-3-4.nec,ok,ok,0.04059790074825287,0.04073782451450825,,0
cebik-w4rnl/Basic-Intermediate-Tutorial-Models/Tutorial-1/21-4-1.nec,ok,ok,0.02681001927703619,0.026808127760887146,,0
cebik-w4rnl/Basic-Intermediate-Tutorial-Models/Tutorial-1/21-4-2.nec,ok,ok,0.027491184882819653,0.027698760852217674,,0
cebik-w4rnl/Basic-Intermediate-Tutorial-Models/Tutorial-1/21-4-3.nec,ok,ok,0.027370687574148178,0.0273665152490139,,0
cebik-w4rnl/Basic-Intermediate-Tutorial-Models/Tutorial-1/21-4-4.nec,ok,ok,0.1366581292822957,0.1376226618885994,0.9930,1
cebik-w4rnl/Basic-Intermediate-Tutorial-Models/Tutorial-1/21-4-5.nec,ok,ok,0.028219626285135746,0.02801915630698204,,0
cebik-w4rnl/Basic-Intermediate-Tutorial-Models/Tutorial-1/21-4.nec,ok,ok,0.02666193339973688,0.027115939185023308,,0
cebik-w4rnl/Basic-Intermediate-Tutorial-Models/Tutorial-1/21-5-1.nec,ok,ok,0.00571944285184145,0.005698247812688351,,0
cebik-w4rnl/Basic-Intermediate-Tutorial-Models/Tutorial-1/21-5-2.nec,ok,ok,0.10234244354069233,0.102510467171669,0.9984,1
cebik-w4rnl/Basic-Intermediate-Tutorial-Models/Tutorial-1/21-5-3.nec,ok,ok,0.10192049108445644,0.10073968209326267,1.0117,1
cebik-w4rnl/Basic-Intermediate-Tutorial-Models/Tutorial-1/21-5.nec,ok,ok,0.005591291002929211,0.005730443634092808,,0
cebik-w4rnl/Basic-Intermediate-Tutorial-Models/Tutorial-1/3-1.nec,ok,ok,0.005601578392088413,0.005593183450400829,,0
cebik-w4rnl/Basic-Intermediate-Tutorial-Models/Tutorial-1/3-2.nec,ok,ok,0.058483454398810863,0.054832776077091694,1.0666,1
cebik-w4rnl/Basic-Intermediate-Tutorial-Models/Tutorial-1/3-3.nec,ok,ok,0.0698710959404707,0.06475885678082705,1.0789,1
cebik-w4rnl/Basic-Intermediate-Tutorial-Models/Tutorial-1/3-4.nec,ok,ok,0.04903266113251448,0.0487268241122365,,0
cebik-w4rnl/Basic-Intermediate-Tutorial-Models/Tutorial-1/3-5.nec,ok,ok,0.05002345144748688,0.0493686068803072,,0
cebik-w4rnl/Basic-Intermediate-Tutorial-Models/Tutorial-1/4-1.nec,ok,ok,0.1733580967411399,0.17198268976062536,1.0080,1
cebik-w4rnl/Basic-Intermediate-Tutorial-Models/Tutorial-1/4-10.nec,ok,ok,0.01863051764667034,0.018614436499774456,,0
cebik-w4rnl/Basic-Intermediate-Tutorial-Models/Tutorial-1/4-2.nec,ok,ok,0.015362032689154148,0.015412457287311554,,0
cebik-w4rnl/Basic-Intermediate-Tutorial-Models/Tutorial-1/4-3.nec,ok,ok,0.008623937144875526,0.008578670211136341,,0
cebik-w4rnl/Basic-Intermediate-Tutorial-Models/Tutorial-1/4-4.nec,ok,ok,0.022554884664714336,0.022365461103618145,,0
cebik-w4rnl/Basic-Intermediate-Tutorial-Models/Tutorial-1/4-5.nec,ok,ok,0.19545821193605661,0.19490493275225163,1.0028,1
cebik-w4rnl/Basic-Intermediate-Tutorial-Models/Tutorial-1/4-6.nec,ok,ok,0.2044883333146572,0.20434375572949648,1.0007,1
cebik-w4rnl/Basic-Intermediate-Tutorial-Models/Tutorial-1/4-7.nec,ok,ok,0.20608312729746103,0.2031325027346611,1.0145,1
cebik-w4rnl/Basic-Intermediate-Tutorial-Models/Tutorial-1/4-8.nec,ok,ok,0.18434931989759207,0.19505506101995707,0.9451,1
cebik-w4rnl/Basic-Intermediate-Tutorial-Models/Tutorial-1/4-9.nec,ok,ok,0.011649915017187595,0.010410428047180176,,0
cebik-w4rnl/Basic-Intermediate-Tutorial-Models/Tutorial-1/5-1-1.nec,ok,ok,0.1929034562781453,0.1931518716737628,0.9987,1
cebik-w4rnl/Basic-Intermediate-Tutorial-Models/Tutorial-1/5-1-2.nec,ok,ok,0.017968472093343735,0.018218242563307285,,0
cebik-w4rnl/Basic-Intermediate-Tutorial-Models/Tutorial-1/5-2-1.nec,ok,ok,0.005755109712481499,0.005790424533188343,,0
cebik-w4rnl/Basic-Intermediate-Tutorial-Models/Tutorial-1/5-2-2.nec,ok,ok,0.040829356759786606,0.041044408455491066,,0
cebik-w4rnl/Basic-Intermediate-Tutorial-Models/Tutorial-1/5-3-1.nec,ok,ok,0.00593417976051569,0.005849786102771759,,0
cebik-w4rnl/Basic-Intermediate-Tutorial-Models/Tutorial-1/5-3-2.nec,ok,ok,0.008436856791377068,0.008285791613161564,,0
cebik-w4rnl/Basic-Intermediate-Tutorial-Models/Tutorial-1/5-4-1.nec,ok,ok,0.014416452497243881,0.01447729766368866,,0
cebik-w4rnl/Basic-Intermediate-Tutorial-Models/Tutorial-1/5-4-2.nec,ok,ok,0.014410162344574928,0.014366008341312408,,0
cebik-w4rnl/Basic-Intermediate-Tutorial-Models/Tutorial-1/5-5-1.nec,ok,ok,0.00693541020154953,0.0069389622658491135,,0
cebik-w4rnl/Basic-Intermediate-Tutorial-Models/Tutorial-1/5-5-2.nec,ok,ok,0.006823685020208359,0.006857382133603096,,0
cebik-w4rnl/Basic-Intermediate-Tutorial-Models/Tutorial-1/6-1.nec,ok,ok,0.19901093095541,0.19826314505189657,1.0038,1
cebik-w4rnl/Basic-Intermediate-Tutorial-Models/Tutorial-1/6-2.nec,ok,ok,0.07844939175993204,0.07818461302667856,1.0034,1
cebik-w4rnl/Basic-Intermediate-Tutorial-Models/Tutorial-1/6-3.nec,ok,ok,0.08500885404646397,0.08571594767272472,0.9918,1
cebik-w4rnl/Basic-Intermediate-Tutorial-Models/Tutorial-1/6-4.nec,ok,ok,0.06263192277401686,0.0622973395511508,1.0054,1
cebik-w4rnl/Basic-Intermediate-Tutorial-Models/Tutorial-1/6-5.nec,ok,ok,0.013077642768621445,0.012887208722531796,,0
cebik-w4rnl/Basic-Intermediate-Tutorial-Models/Tutorial-1/6-6.nec,ok,ok,0.2319418378174305,0.22995046712458134,1.0087,1
cebik-w4rnl/Basic-Intermediate-Tutorial-Models/Tutorial-1/6-7.nec,ok,ok,0.26576970517635345,0.2634001336991787,1.0090,1
cebik-w4rnl/Basic-Intermediate-Tutorial-Models/Tutorial-1/7-1.nec,ok,ok,0.18548310175538063,0.18438622541725636,1.0059,1
cebik-w4rnl/Basic-Intermediate-Tutorial-Models/Tutorial-1/7-2.nec,ok,ok,0.01516993809491396,0.015179983340203762,,0
cebik-w4rnl/Basic-Intermediate-Tutorial-Models/Tutorial-1/7-3.nec,ok,ok,0.009716461412608624,0.009634485468268394,,0
cebik-w4rnl/Basic-Intermediate-Tutorial-Models/Tutorial-1/7-4.nec,ok,ok,0.0058638425543904305,0.005827727727591991,,0
cebik-w4rnl/Basic-Intermediate-Tutorial-Models/Tutorial-1/7-5.nec,ok,ok,0.006489703431725502,0.006410568952560425,,0
cebik-w4rnl/Basic-Intermediate-Tutorial-Models/Tutorial-1/7-6.nec,ok,ok,0.007494284771382809,0.007374117150902748,,0
cebik-w4rnl/Basic-Intermediate-Tutorial-Models/Tutorial-1/7-7.nec,ok,ok,0.2216932838782668,0.22232737578451633,0.9971,1
cebik-w4rnl/Basic-Intermediate-Tutorial-Models/Tutorial-1/7-8.nec,ok,ok,0.008815917186439037,0.008736365474760532,,0
cebik-w4rnl/Basic-Intermediate-Tutorial-Models/Tutorial-1/8-1-1.nec,ok,ok,0.006208282895386219,0.00612884946167469,,0
cebik-w4rnl/Basic-Intermediate-Tutorial-Models/Tutorial-1/8-1.nec,ok,ok,0.005361420102417469,0.005229220725595951,,0
cebik-w4rnl/Basic-Intermediate-Tutorial-Models/Tutorial-1/8-2.nec,ok,ok,0.006451819092035294,0.006423132494091988,,0
cebik-w4rnl/Basic-Intermediate-Tutorial-Models/Tutorial-1/8-3.nec,ok,ok,0.0065625449642539024,0.006552023813128471,,0
cebik-w4rnl/Basic-Intermediate-Tutorial-Models/Tutorial-1/8-4.nec,ok,ok,0.00767088495194912,0.007567930966615677,,0
cebik-w4rnl/Basic-Intermediate-Tutorial-Models/Tutorial-1/8-5-1.nec,ok,ok,0.008384665474295616,0.008482491597533226,,0
cebik-w4rnl/Basic-Intermediate-Tutorial-Models/Tutorial-1/8-5.nec,ok,ok,0.009585744701325893,0.009560175240039825,,0
cebik-w4rnl/Basic-Intermediate-Tutorial-Models/Tutorial-1/8-6-1.nec,ok,ok,0.18118052370846272,0.1810714202001691,1.0006,1
cebik-w4rnl/Basic-Intermediate-Tutorial-Models/Tutorial-1/8-6.nec,ok,ok,0.2013160176575184,0.20733583252876997,0.9710,1
cebik-w4rnl/Basic-Intermediate-Tutorial-Models/Tutorial-1/8-7-1.nec,no-impedance,no-impedance,0.00598415732383728,0.005923682823777199,,0
cebik-w4rnl/Basic-Intermediate-Tutorial-Models/Tutorial-1/8-7-2.nec,no-impedance,no-impedance,0.006220354698598385,0.006208691745996475,,0
cebik-w4rnl/Basic-Intermediate-Tutorial-Models/Tutorial-1/8-7.nec,ok,ok,0.005867150612175465,0.005753019824624062,,0
cebik-w4rnl/Basic-Intermediate-Tutorial-Models/Tutorial-1/9-1-1.nec,ok,ok,0.007915000431239605,0.007830937393009663,,0
cebik-w4rnl/Basic-Intermediate-Tutorial-Models/Tutorial-1/9-1-2.nec,ok,ok,0.007836807519197464,0.00782525260001421,,0
cebik-w4rnl/Basic-Intermediate-Tutorial-Models/Tutorial-1/9-1-3.nec,ok,ok,0.0078050605952739716,0.007832585833966732,,0
cebik-w4rnl/Basic-Intermediate-Tutorial-Models/Tutorial-1/9-2-1.nec,ok,ok,0.00790584646165371,0.007842015475034714,,0
cebik-w4rnl/Basic-Intermediate-Tutorial-Models/Tutorial-1/9-2-2.nec,ok,ok,0.007888631895184517,0.009541002102196217,,0
cebik-w4rnl/Basic-Intermediate-Tutorial-Models/Tutorial-1/9-2-3.nec,ok,ok,0.007932868786156178,0.007950175553560257,,0
cebik-w4rnl/Basic-Intermediate-Tutorial-Models/Tutorial-1/9-3-1.nec,ok,ok,0.007890143431723118,0.007853352464735508,,0
cebik-w4rnl/Basic-Intermediate-Tutorial-Models/Tutorial-1/9-3-2.nec,ok,ok,0.007905774749815464,0.008274019695818424,,0
cebik-w4rnl/Basic-Intermediate-Tutorial-Models/Tutorial-1/9-3-3.nec,ok,ok,0.007914623245596886,0.008163301274180412,,0
cebik-w4rnl/Basic-Intermediate-Tutorial-Models/Tutorial-1/9-4-1.nec,ok,ok,0.009468632750213146,0.00978036504238844,,0
cebik-w4rnl/Basic-Intermediate-Tutorial-Models/Tutorial-1/9-4.nec,ok,ok,0.00686915498226881,0.00625375472009182,,0
cebik-w4rnl/Basic-Intermediate-Tutorial-Models/Tutorial-1/9-5-1.nec,ok,ok,0.011234200559556484,0.011626532301306725,,0
cebik-w4rnl/Basic-Intermediate-Tutorial-Models/Tutorial-1/9-5-2.nec,ok,ok,0.014006746001541615,0.011635762639343739,,0
cebik-w4rnl/Basic-Intermediate-Tutorial-Models/Tutorial-1/9-5-3.nec,ok,ok,0.011298099532723427,0.01482002530246973,,0
cebik-w4rnl/Basic-Intermediate-Tutorial-Models/Tutorial-1/9-5.nec,ok,ok,0.014170577749609947,0.011534547433257103,,0
cebik-w4rnl/Basic-Intermediate-Tutorial-Models/Tutorial-1/9-6-1.nec,ok,ok,0.0069791823625564575,0.00681227445602417,,0
cebik-w4rnl/Basic-Intermediate-Tutorial-Models/Tutorial-1/9-6-2.nec,ok,ok,0.005105375312268734,0.005124339833855629,,0
cebik-w4rnl/Basic-Intermediate-Tutorial-Models/Tutorial-1/9-6-3.nec,ok,ok,0.0051738787442445755,0.006482803262770176,,0
cebik-w4rnl/Basic-Intermediate-Tutorial-Models/Tutorial-1/9-6-4.nec,ok,ok,0.006611919030547142,0.0062087951228022575,,0
cebik-w4rnl/Basic-Intermediate-Tutorial-Models/Tutorial-1/9-6-5.nec,ok,ok,0.005951599217951298,0.00568776112049818,,0
cebik-w4rnl/Basic-Intermediate-Tutorial-Models/Tutorial-1/9-6.nec,ok,ok,0.005933496169745922,0.006995861418545246,,0
cebik-w4rnl/Basic-Intermediate-Tutorial-Models/Tutorial-2/ch-0/0-1.nec,ok,ok,0.2977109495550394,0.2951896386221051,1.0085,1
cebik-w4rnl/Basic-Intermediate-Tutorial-Models/Tutorial-2/ch-1/1-1.nec,ok,ok,0.0238197585567832,0.023966345936059952,,0
cebik-w4rnl/Basic-Intermediate-Tutorial-Models/Tutorial-2/ch-1/1-1a.nec,ok,ok,0.023617910221219063,0.023947160691022873,,0
cebik-w4rnl/Basic-Intermediate-Tutorial-Models/Tutorial-2/ch-1/1-1b.nec,ok,ok,0.023435763083398342,0.023220917209982872,,0
cebik-w4rnl/Basic-Intermediate-Tutorial-Models/Tutorial-2/ch-1/1-1c.nec,ok,ok,0.024036483839154243,0.02386689092963934,,0
cebik-w4rnl/Basic-Intermediate-Tutorial-Models/Tutorial-2/ch-1/1-2.nec,ok,ok,0.005382755771279335,0.005294349975883961,,0
cebik-w4rnl/Basic-Intermediate-Tutorial-Models/Tutorial-2/ch-1/1-2a.nec,ok,ok,0.005025756545364857,0.004973188973963261,,0
cebik-w4rnl/Basic-Intermediate-Tutorial-Models/Tutorial-2/ch-1/1-3.nec,ok,ok,0.2546103410422802,0.24398493580520153,1.0435,1
cebik-w4rnl/Basic-Intermediate-Tutorial-Models/Tutorial-2/ch-1/1-4.nec,ok,ok,0.005608120933175087,0.005428103730082512,,0
cebik-w4rnl/Basic-Intermediate-Tutorial-Models/Tutorial-2/ch-1/1-4a.nec,ok,ok,0.005679193884134293,0.005535951815545559,,0
cebik-w4rnl/Basic-Intermediate-Tutorial-Models/Tutorial-2/ch-1/1-4b.nec,ok,ok,0.31429771054536104,0.3131666546687484,1.0036,1
cebik-w4rnl/Basic-Intermediate-Tutorial-Models/Tutorial-2/ch-1/1-5.nec,ok,ok,0.0069472892209887505,0.007001353427767754,,0
cebik-w4rnl/Basic-Intermediate-Tutorial-Models/Tutorial-2/ch-1/1-6.nec,ok,ok,0.008853139355778694,0.008875811472535133,,0
cebik-w4rnl/Basic-Intermediate-Tutorial-Models/Tutorial-2/ch-1/1-6a.nec,ok,ok,0.007797718048095703,0.007810482755303383,,0
cebik-w4rnl/Basic-Intermediate-Tutorial-Models/Tutorial-2/ch-10/10-1.nec,ok,ok,0.004150197841227055,0.004125116392970085,,0
cebik-w4rnl/Basic-Intermediate-Tutorial-Models/Tutorial-2/ch-10/10-10.nec,ok,ok,0.0035541998222470284,0.0035781869664788246,,0
cebik-w4rnl/Basic-Intermediate-Tutorial-Models/Tutorial-2/ch-10/10-10a.nec,ok,ok,0.0035544149577617645,0.003513162024319172,,0
cebik-w4rnl/Basic-Intermediate-Tutorial-Models/Tutorial-2/ch-10/10-10b.nec,ok,ok,0.003565150313079357,0.003474385477602482,,0
cebik-w4rnl/Basic-Intermediate-Tutorial-Models/Tutorial-2/ch-10/10-10c.nec,ok,ok,0.0034410301595926285,0.003564787097275257,,0
cebik-w4rnl/Basic-Intermediate-Tutorial-Models/Tutorial-2/ch-10/10-11.nec,ok,ok,0.003519737161695957,0.0034666508436203003,,0
cebik-w4rnl/Basic-Intermediate-Tutorial-Models/Tutorial-2/ch-10/10-11a.nec,ok,ok,0.004981168545782566,0.004989537410438061,,0
cebik-w4rnl/Basic-Intermediate-Tutorial-Models/Tutorial-2/ch-10/10-11b.nec,ok,ok,0.005095251835882664,0.005118817090988159,,0
cebik-w4rnl/Basic-Intermediate-Tutorial-Models/Tutorial-2/ch-10/10-1a.nec,ok,ok,0.0057134442031383514,0.005637805908918381,,0
cebik-w4rnl/Basic-Intermediate-Tutorial-Models/Tutorial-2/ch-10/10-2.nec,ok,ok,0.004741284996271133,0.0047021303325891495,,0
cebik-w4rnl/Basic-Intermediate-Tutorial-Models/Tutorial-2/ch-10/10-2a.nec,ok,ok,0.0055796438828110695,0.00564939808100462,,0
cebik-w4rnl/Basic-Intermediate-Tutorial-Models/Tutorial-2/ch-10/10-2b.nec,ok,ok,0.004222830757498741,0.004180954769253731,,0
cebik-w4rnl/Basic-Intermediate-Tutorial-Models/Tutorial-2/ch-10/10-3.nec,ok,ok,0.00879520270973444,0.00884050503373146,,0
cebik-w4rnl/Basic-Intermediate-Tutorial-Models/Tutorial-2/ch-10/10-3a.nec,ok,ok,0.007851064205169678,0.00782955251634121,,0
cebik-w4rnl/Basic-Intermediate-Tutorial-Models/Tutorial-2/ch-10/10-3b.nec,ok,ok,0.012058877386152744,0.012297294102609158,,0
cebik-w4rnl/Basic-Intermediate-Tutorial-Models/Tutorial-2/ch-10/10-4.nec,ok,ok,0.00997897144407034,0.010071909055113792,,0
cebik-w4rnl/Basic-Intermediate-Tutorial-Models/Tutorial-2/ch-10/10-4a.nec,ok,ok,0.017743472941219807,0.017631559632718563,,0
cebik-w4rnl/Basic-Intermediate-Tutorial-Models/Tutorial-2/ch-10/10-4b.nec,ok,ok,0.007599208503961563,0.007733565755188465,,0
cebik-w4rnl/Basic-Intermediate-Tutorial-Models/Tutorial-2/ch-10/10-5.nec,ok,ok,0.22563685197383165,0.2204940253868699,1.0233,1
cebik-w4rnl/Basic-Intermediate-Tutorial-Models/Tutorial-2/ch-10/10-5a.nec,ok,ok,0.22686821222305298,0.22850456926971674,0.9928,1
cebik-w4rnl/Basic-Intermediate-Tutorial-Models/Tutorial-2/ch-10/10-6.nec,ok,ok,0.09860395081341267,0.0966817419975996,1.0199,1
cebik-w4rnl/Basic-Intermediate-Tutorial-Models/Tutorial-2/ch-10/10-6a.nec,ok,ok,0.041601710952818394,0.041891627945005894,,0
cebik-w4rnl/Basic-Intermediate-Tutorial-Models/Tutorial-2/ch-10/10-6b.nec,ok,ok,0.041635289788246155,0.04584067594259977,,0
cebik-w4rnl/Basic-Intermediate-Tutorial-Models/Tutorial-2/ch-10/10-7.nec,ok,ok,0.006695798598229885,0.004237041808664799,,0
cebik-w4rnl/Basic-Intermediate-Tutorial-Models/Tutorial-2/ch-10/10-8.nec,ok,ok,0.0037599941715598106,0.00329772662371397,,0
cebik-w4rnl/Basic-Intermediate-Tutorial-Models/Tutorial-2/ch-10/10-8a.nec,ok,ok,0.0035525085404515266,0.003570854663848877,,0
cebik-w4rnl/Basic-Intermediate-Tutorial-Models/Tutorial-2/ch-10/10-8b.nec,ok,ok,0.003684581257402897,0.0034385696053504944,,0
cebik-w4rnl/Basic-Intermediate-Tutorial-Models/Tutorial-2/ch-10/10-8c.nec,ok,ok,0.0035340245813131332,0.003599589690566063,,0
cebik-w4rnl/Basic-Intermediate-Tutorial-Models/Tutorial-2/ch-10/10-8d.nec,ok,ok,0.005243333987891674,0.0053305309265851974,,0
cebik-w4rnl/Basic-Intermediate-Tutorial-Models/Tutorial-2/ch-10/10-9.nec,no-impedance,no-impedance,0.01592044811695814,0.015645969659090042,,0
cebik-w4rnl/Basic-Intermediate-Tutorial-Models/Tutorial-2/ch-10/10-9a.nec,ok,ok,0.014576049521565437,0.01652852352708578,,0
cebik-w4rnl/Basic-Intermediate-Tutorial-Models/Tutorial-2/ch-11/11-10-nec4.nec,ok,ok,0.06741191074252129,0.06856563873589039,0.9832,1
cebik-w4rnl/Basic-Intermediate-Tutorial-Models/Tutorial-2/ch-11/11-10a-nec4.nec,ok,ok,0.06738051678985357,0.06707251630723476,1.0046,1
cebik-w4rnl/Basic-Intermediate-Tutorial-Models/Tutorial-2/ch-11/11-10b-nec4.nec,ok,ok,0.06741562206298113,0.06728661060333252,1.0019,1
cebik-w4rnl/Basic-Intermediate-Tutorial-Models/Tutorial-2/ch-11/11-11.nec,ok,ok,0.19600188732147217,0.19515333510935307,1.0043,1
cebik-w4rnl/Basic-Intermediate-Tutorial-Models/Tutorial-2/ch-11/11-11a.nec,ok,ok,2.1268561696633697,2.1343277068808675,0.9965,1
cebik-w4rnl/Basic-Intermediate-Tutorial-Models/Tutorial-2/ch-11/11-1_1.nec,ok,ok,0.0072846561670303345,0.0072361500933766365,,0
cebik-w4rnl/Basic-Intermediate-Tutorial-Models/Tutorial-2/ch-11/11-1_2.nec,ok,ok,0.00730937160551548,0.007198501378297806,,0
cebik-w4rnl/Basic-Intermediate-Tutorial-Models/Tutorial-2/ch-11/11-1a_1.nec,ok,ok,0.03686369862407446,0.03690371476113796,,0
cebik-w4rnl/Basic-Intermediate-Tutorial-Models/Tutorial-2/ch-11/11-1a_2.nec,ok,ok,0.03676527552306652,0.03659291286021471,,0
cebik-w4rnl/Basic-Intermediate-Tutorial-Models/Tutorial-2/ch-11/11-1b.nec,ok,ok,0.03665126487612724,0.03653317876160145,,0
cebik-w4rnl/Basic-Intermediate-Tutorial-Models/Tutorial-2/ch-11/11-2.nec,ok,ok,0.004972251132130623,0.00493424478918314,,0
cebik-w4rnl/Basic-Intermediate-Tutorial-Models/Tutorial-2/ch-11/11-2a.nec,ok,ok,0.06727132853120565,0.06695789191871881,1.0047,1
cebik-w4rnl/Basic-Intermediate-Tutorial-Models/Tutorial-2/ch-11/11-2b.nec,ok,ok,0.06727812252938747,0.06733910646289587,0.9991,1
cebik-w4rnl/Basic-Intermediate-Tutorial-Models/Tutorial-2/ch-11/11-3.nec,ok,ok,0.18806081265211105,0.18395846150815487,1.0223,1
cebik-w4rnl/Basic-Intermediate-Tutorial-Models/Tutorial-2/ch-11/11-3a.nec,ok,ok,0.18392471689730883,0.18398371431976557,0.9997,1
cebik-w4rnl/Basic-Intermediate-Tutorial-Models/Tutorial-2/ch-11/11-4.nec,ok,ok,0.20396938920021057,0.20384073350578547,1.0006,1
cebik-w4rnl/Basic-Intermediate-Tutorial-Models/Tutorial-2/ch-11/11-4a-nec4.nec,ok,ok,0.670664744451642,0.6699957996606827,1.0010,1
cebik-w4rnl/Basic-Intermediate-Tutorial-Models/Tutorial-2/ch-11/11-5.nec,ok,ok,0.15653686225414276,0.1580735919997096,0.9903,1
cebik-w4rnl/Basic-Intermediate-Tutorial-Models/Tutorial-2/ch-11/11-6.nec,ok,ok,0.05937197990715504,0.05922186002135277,1.0025,1
cebik-w4rnl/Basic-Intermediate-Tutorial-Models/Tutorial-2/ch-11/11-7.nec,ok,ok,0.06610016990453005,0.06572574377059937,1.0057,1
cebik-w4rnl/Basic-Intermediate-Tutorial-Models/Tutorial-2/ch-11/11-7a.nec,ok,ok,0.05923082213848829,0.058612323366105556,1.0106,1
cebik-w4rnl/Basic-Intermediate-Tutorial-Models/Tutorial-2/ch-11/11-7b-nec2.nec,ok,ok,0.0665010018274188,0.06738715246319771,0.9868,1
cebik-w4rnl/Basic-Intermediate-Tutorial-Models/Tutorial-2/ch-11/11-7c-nec2.nec,ok,ok,0.06622308399528265,0.0658577810972929,1.0055,1
cebik-w4rnl/Basic-Intermediate-Tutorial-Models/Tutorial-2/ch-11/11-7d-nec2.nec,ok,ok,0.0662485659122467,0.06582601461559534,1.0064,1
cebik-w4rnl/Basic-Intermediate-Tutorial-Models/Tutorial-2/ch-11/11-7e-nec2.nec,ok,ok,0.06768352165818214,0.067632338963449,1.0008,1
cebik-w4rnl/Basic-Intermediate-Tutorial-Models/Tutorial-2/ch-11/11-7f-nec2.nec,ok,ok,0.06770746875554323,0.06733433157205582,1.0055,1
cebik-w4rnl/Basic-Intermediate-Tutorial-Models/Tutorial-2/ch-11/11-7g-nec2.nec,ok,ok,0.06763374339789152,0.0675719203427434,1.0009,1
cebik-w4rnl/Basic-Intermediate-Tutorial-Models/Tutorial-2/ch-11/11-8b-nec2.nec,ok,ok,0.06591204926371574,0.06569058261811733,1.0034,1
cebik-w4rnl/Basic-Intermediate-Tutorial-Models/Tutorial-2/ch-11/11-8c-nec2.nec,ok,ok,0.0660638427361846,0.06595736742019653,1.0016,1
cebik-w4rnl/Basic-Intermediate-Tutorial-Models/Tutorial-2/ch-11/11-8d-nec2.nec,ok,ok,0.06600603647530079,0.0658338163048029,1.0026,1
cebik-w4rnl/Basic-Intermediate-Tutorial-Models/Tutorial-2/ch-11/11-8e-nec2.nec,ok,ok,0.06758021749556065,0.06780229974538088,0.9967,1
cebik-w4rnl/Basic-Intermediate-Tutorial-Models/Tutorial-2/ch-11/11-8e-nec4.nec,ok,ok,0.06762110255658627,0.06759090907871723,1.0004,1
cebik-w4rnl/Basic-Intermediate-Tutorial-Models/Tutorial-2/ch-11/11-8f-nec2.nec,ok,ok,0.06745418254286051,0.06752779334783554,0.9989,1
cebik-w4rnl/Basic-Intermediate-Tutorial-Models/Tutorial-2/ch-11/11-8f-nec4.nec,ok,ok,0.06769784726202488,0.06855390686541796,0.9875,1
cebik-w4rnl/Basic-Intermediate-Tutorial-Models/Tutorial-2/ch-11/11-8g-nec2.nec,ok,ok,0.06774251442402601,0.06791264470666647,0.9975,1
cebik-w4rnl/Basic-Intermediate-Tutorial-Models/Tutorial-2/ch-11/11-8g-nec4.nec,ok,ok,0.07572003733366728,0.07852972112596035,0.9642,1
cebik-w4rnl/Basic-Intermediate-Tutorial-Models/Tutorial-2/ch-11/11-9-nec2.nec,ok,ok,0.06712443847209215,0.06735624838620424,0.9966,1
cebik-w4rnl/Basic-Intermediate-Tutorial-Models/Tutorial-2/ch-11/11-9a-nec2.nec,ok,ok,0.06728845462203026,0.06856841873377562,0.9813,1
cebik-w4rnl/Basic-Intermediate-Tutorial-Models/Tutorial-2/ch-11/11-9b-nec2.nec,ok,ok,0.06716939155012369,0.06750170141458511,0.9951,1
cebik-w4rnl/Basic-Intermediate-Tutorial-Models/Tutorial-2/ch-12/12-1.nec,ok,ok,0.00521471444517374,0.00533978920429945,,0
cebik-w4rnl/Basic-Intermediate-Tutorial-Models/Tutorial-2/ch-12/12-10-nec4.nec,ok,ok,0.8141196900978684,0.8198186252266169,0.9930,1
cebik-w4rnl/Basic-Intermediate-Tutorial-Models/Tutorial-2/ch-12/12-10a-nec4.nec,ok,ok,0.6399963097646832,0.6410261997953057,0.9984,1
cebik-w4rnl/Basic-Intermediate-Tutorial-Models/Tutorial-2/ch-12/12-11-nec4.nec,ok,ok,2.0178225953131914,2.017218954861164,1.0003,1
cebik-w4rnl/Basic-Intermediate-Tutorial-Models/Tutorial-2/ch-12/12-11a-nec4.nec,ok,ok,2.013403366319835,2.0435529369860888,0.9852,1
cebik-w4rnl/Basic-Intermediate-Tutorial-Models/Tutorial-2/ch-12/12-1a.nec,ok,ok,0.005385269410908222,0.00558814313262701,,0
cebik-w4rnl/Basic-Intermediate-Tutorial-Models/Tutorial-2/ch-12/12-1b.nec,no-impedance,no-impedance,0.005427821539342403,0.0055322712287306786,,0
cebik-w4rnl/Basic-Intermediate-Tutorial-Models/Tutorial-2/ch-12/12-2.nec,ok,ok,0.007538945414125919,0.007455554790794849,,0
cebik-w4rnl/Basic-Intermediate-Tutorial-Models/Tutorial-2/ch-12/12-2a.nec,ok,ok,0.007738478481769562,0.00759219191968441,,0
cebik-w4rnl/Basic-Intermediate-Tutorial-Models/Tutorial-2/ch-12/12-3.nec,ok,ok,0.007470621727406979,0.007547617889940739,,0
cebik-w4rnl/Basic-Intermediate-Tutorial-Models/Tutorial-2/ch-12/12-3a.nec,ok,ok,0.007656915113329887,0.007779239676892757,,0
cebik-w4rnl/Basic-Intermediate-Tutorial-Models/Tutorial-2/ch-12/12-4.nec,ok,ok,0.006271852180361748,0.0062234047800302505,,0
cebik-w4rnl/Basic-Intermediate-Tutorial-Models/Tutorial-2/ch-12/12-4a.nec,ok,ok,0.006360440514981747,0.006288373842835426,,0
cebik-w4rnl/Basic-Intermediate-Tutorial-Models/Tutorial-2/ch-12/12-4b.nec,ok,ok,0.0327795073390007,0.03279299009591341,,0
cebik-w4rnl/Basic-Intermediate-Tutorial-Models/Tutorial-2/ch-12/12-5.nec,ok,ok,0.014728480949997902,0.006141543388366699,,0
cebik-w4rnl/Basic-Intermediate-Tutorial-Models/Tutorial-2/ch-12/12-5a.nec,ok,ok,0.00665503554046154,0.010507655330002308,,0
cebik-w4rnl/Basic-Intermediate-Tutorial-Models/Tutorial-2/ch-12/12-5b.nec,ok,ok,0.03359276056289673,0.03302228357642889,,0
cebik-w4rnl/Basic-Intermediate-Tutorial-Models/Tutorial-2/ch-12/12-6.nec,ok,ok,1.306159514002502,1.290614358149469,1.0120,1
cebik-w4rnl/Basic-Intermediate-Tutorial-Models/Tutorial-2/ch-12/12-7.nec,ok,ok,0.02414082270115614,0.024463245645165443,,0
cebik-w4rnl/Basic-Intermediate-Tutorial-Models/Tutorial-2/ch-12/12-7a.nec,ok,ok,0.009294986724853516,0.009315785951912403,,0
cebik-w4rnl/Basic-Intermediate-Tutorial-Models/Tutorial-2/ch-12/12-8.nec,ok,ok,0.012029001489281654,0.0119886239990592,,0
cebik-w4rnl/Basic-Intermediate-Tutorial-Models/Tutorial-2/ch-12/12-8a.nec,ok,ok,0.012076717801392078,0.012061144225299358,,0
cebik-w4rnl/Basic-Intermediate-Tutorial-Models/Tutorial-2/ch-12/12-8b.nec,ok,ok,0.05723412614315748,0.058027101680636406,0.9863,1
cebik-w4rnl/Basic-Intermediate-Tutorial-Models/Tutorial-2/ch-12/12-9.nec,ok,ok,0.016653919592499733,0.01654814463108778,,0
cebik-w4rnl/Basic-Intermediate-Tutorial-Models/Tutorial-2/ch-12/12-9a.nec,ok,ok,0.004108400084078312,0.004272083751857281,,0
cebik-w4rnl/Basic-Intermediate-Tutorial-Models/Tutorial-2/ch-12/12-9b.nec,ok,ok,0.027734216302633286,0.027255933731794357,,0
cebik-w4rnl/Basic-Intermediate-Tutorial-Models/Tutorial-2/ch-12/12-9c.nec,ok,ok,0.027116695418953896,0.026869711466133595,,0
cebik-w4rnl/Basic-Intermediate-Tutorial-Models/Tutorial-2/ch-13/13-1.nec,ok,ok,0.005235539749264717,0.005214867182075977,,0
cebik-w4rnl/Basic-Intermediate-Tutorial-Models/Tutorial-2/ch-13/13-1a.nec,ok,ok,0.005336272530257702,0.005455720238387585,,0
cebik-w4rnl/Basic-Intermediate-Tutorial-Models/Tutorial-2/ch-13/13-1b.nec,ok,ok,0.00557095929980278,0.005868066102266312,,0
cebik-w4rnl/Basic-Intermediate-Tutorial-Models/Tutorial-2/ch-13/13-1c-nec4.nec,ok,ok,0.005866795778274536,0.005758270621299744,,0
cebik-w4rnl/Basic-Intermediate-Tutorial-Models/Tutorial-2/ch-13/13-1d.nec,ok,ok,0.00564214214682579,0.005276469513773918,,0
cebik-w4rnl/Basic-Intermediate-Tutorial-Models/Tutorial-2/ch-13/13-2.nec,ok,ok,0.005313172936439514,0.0054057445377111435,,0
cebik-w4rnl/Basic-Intermediate-Tutorial-Models/Tutorial-2/ch-13/13-2a.nec,ok,ok,0.00537581741809845,0.005256323143839836,,0
cebik-w4rnl/Basic-Intermediate-Tutorial-Models/Tutorial-2/ch-13/13-2b.nec,ok,ok,0.005381355993449688,0.005233801901340485,,0
cebik-w4rnl/Basic-Intermediate-Tutorial-Models/Tutorial-2/ch-13/13-2c.nec,ok,ok,0.005486336536705494,0.005313844420015812,,0
cebik-w4rnl/Basic-Intermediate-Tutorial-Models/Tutorial-2/ch-13/13-2d.nec,ok,ok,0.00539677869528532,0.0052540963515639305,,0
cebik-w4rnl/Basic-Intermediate-Tutorial-Models/Tutorial-2/ch-13/13-2e.nec,ok,ok,0.00544466357678175,0.0054313503205776215,,0
cebik-w4rnl/Basic-Intermediate-Tutorial-Models/Tutorial-2/ch-13/13-3.nec,ok,ok,0.012377919629216194,0.012662320397794247,,0
cebik-w4rnl/Basic-Intermediate-Tutorial-Models/Tutorial-2/ch-13/13-3a.nec,ok,ok,0.012674428522586823,0.012140100821852684,,0
cebik-w4rnl/Basic-Intermediate-Tutorial-Models/Tutorial-2/ch-13/13-4.nec,ok,ok,0.005261741578578949,0.005380804650485516,,0
cebik-w4rnl/Basic-Intermediate-Tutorial-Models/Tutorial-2/ch-13/13-4a.nec,ok,ok,0.0053933290764689445,0.005284620448946953,,0
cebik-w4rnl/Basic-Intermediate-Tutorial-Models/Tutorial-2/ch-13/13-4b.nec,ok,ok,0.005391798913478851,0.005346606485545635,,0
cebik-w4rnl/Basic-Intermediate-Tutorial-Models/Tutorial-2/ch-13/13-4c.nec,ok,ok,0.005626961588859558,0.0053532179445028305,,0
cebik-w4rnl/Basic-Intermediate-Tutorial-Models/Tutorial-2/ch-13/13-4d.nec,ok,ok,0.005358119495213032,0.005300585180521011,,0
cebik-w4rnl/Basic-Intermediate-Tutorial-Models/Tutorial-2/ch-13/13-5.nec,ok,ok,0.005366295576095581,0.005310499109327793,,0
cebik-w4rnl/Basic-Intermediate-Tutorial-Models/Tutorial-2/ch-13/13-5a.nec,ok,ok,0.005441412329673767,0.005628380924463272,,0
cebik-w4rnl/Basic-Intermediate-Tutorial-Models/Tutorial-2/ch-13/13-6.nec,ok,ok,0.007159317843616009,0.007482937537133694,,0
cebik-w4rnl/Basic-Intermediate-Tutorial-Models/Tutorial-2/ch-13/13-6a.nec,ok,ok,0.0076189907267689705,0.006882414221763611,,0
cebik-w4rnl/Basic-Intermediate-Tutorial-Models/Tutorial-2/ch-13/13-6b.nec,ok,ok,0.0068413494154810905,0.006721034646034241,,0
cebik-w4rnl/Basic-Intermediate-Tutorial-Models/Tutorial-2/ch-13/13-7.nec,ok,ok,0.007830338552594185,0.007755747996270657,,0
cebik-w4rnl/Basic-Intermediate-Tutorial-Models/Tutorial-2/ch-13/13-7a.nec,ok,ok,0.007765575312077999,0.007814660668373108,,0
cebik-w4rnl/Basic-Intermediate-Tutorial-Models/Tutorial-2/ch-13/13-7b.nec,ok,ok,0.015544119291007519,0.015362810343503952,,0
cebik-w4rnl/Basic-Intermediate-Tutorial-Models/Tutorial-2/ch-13/13-7c.nec,ok,ok,0.016261287033557892,0.016045233234763145,,0
cebik-w4rnl/Basic-Intermediate-Tutorial-Models/Tutorial-2/ch-13/13-8.nec,ok,ok,0.008368173614144325,0.00796559453010559,,0
cebik-w4rnl/Basic-Intermediate-Tutorial-Models/Tutorial-2/ch-13/13-8a.nec,ok,ok,0.007955697365105152,0.007833111099898815,,0
cebik-w4rnl/Basic-Intermediate-Tutorial-Models/Tutorial-2/ch-13/13-8b.nec,ok,ok,0.024443012662231922,0.02433509286493063,,0
cebik-w4rnl/Basic-Intermediate-Tutorial-Models/Tutorial-2/ch-13/13-8c.nec,ok,ok,0.02516581490635872,0.02520380076020956,,0
cebik-w4rnl/Basic-Intermediate-Tutorial-Models/Tutorial-2/ch-13/13-9.nec,ok,ok,0.01968354359269142,0.01937117427587509,,0
cebik-w4rnl/Basic-Intermediate-Tutorial-Models/Tutorial-2/ch-13/13-9a.nec,ok,ok,0.061239748261868954,0.06028332281857729,1.0159,1
cebik-w4rnl/Basic-Intermediate-Tutorial-Models/Tutorial-2/ch-14/14-1.nec,ok,ok,0.013398073613643646,0.013419079594314098,,0
cebik-w4rnl/Basic-Intermediate-Tutorial-Models/Tutorial-2/ch-14/14-1a.nec,ok,ok,0.01330592017620802,0.013467690907418728,,0
cebik-w4rnl/Basic-Intermediate-Tutorial-Models/Tutorial-2/ch-14/14-3.nec,ok,ok,0.02765029016882181,0.027218028903007507,,0
cebik-w4rnl/Basic-Intermediate-Tutorial-Models/Tutorial-2/ch-14/14-3a.nec,ok,ok,0.02735917456448078,0.027250471524894238,,0
cebik-w4rnl/Basic-Intermediate-Tutorial-Models/Tutorial-2/ch-14/14-3b.nec,ok,ok,0.028081591241061687,0.028333023190498352,,0
cebik-w4rnl/Basic-Intermediate-Tutorial-Models/Tutorial-2/ch-14/14-3c.nec,ok,ok,0.027596784755587578,0.02719398122280836,,0
cebik-w4rnl/Basic-Intermediate-Tutorial-Models/Tutorial-2/ch-14/14-3d.nec,ok,ok,0.0272238003090024,0.027281753718852997,,0
cebik-w4rnl/Basic-Intermediate-Tutorial-Models/Tutorial-2/ch-14/14-4.nec,ok,ok,0.0037595313042402267,0.0038441913202404976,,0
cebik-w4rnl/Basic-Intermediate-Tutorial-Models/Tutorial-2/ch-14/14-4a.nec,ok,ok,0.003979822620749474,0.003961014561355114,,0
cebik-w4rnl/Basic-Intermediate-Tutorial-Models/Tutorial-2/ch-14/14-4b.nec,ok,ok,0.004061796702444553,0.0038068657740950584,,0
cebik-w4rnl/Basic-Intermediate-Tutorial-Models/Tutorial-2/ch-14/14-4c.nec,ok,ok,0.00370725616812706,0.0035365335643291473,,0
cebik-w4rnl/Basic-Intermediate-Tutorial-Models/Tutorial-2/ch-14/14-5.nec,ok,ok,0.016453323885798454,0.016503704711794853,,0
cebik-w4rnl/Basic-Intermediate-Tutorial-Models/Tutorial-2/ch-14/14-5a.nec,ok,ok,0.017793850041925907,0.01787177100777626,,0
cebik-w4rnl/Basic-Intermediate-Tutorial-Models/Tutorial-2/ch-14/14-6.nec,ok,ok,0.012252353131771088,0.012270781211555004,,0
cebik-w4rnl/Basic-Intermediate-Tutorial-Models/Tutorial-2/ch-14/14-6a.nec,ok,ok,0.012857230380177498,0.012826131656765938,,0
cebik-w4rnl/Basic-Intermediate-Tutorial-Models/Tutorial-2/ch-14/14-6b.nec,ok,ok,0.012744652107357979,0.012376749888062477,,0
cebik-w4rnl/Basic-Intermediate-Tutorial-Models/Tutorial-2/ch-14/14-6c.nec,ok,ok,0.012206408195197582,0.012398438528180122,,0
cebik-w4rnl/Basic-Intermediate-Tutorial-Models/Tutorial-2/ch-14/14-6d.nec,ok,ok,0.01238617766648531,0.012248949147760868,,0
cebik-w4rnl/Basic-Intermediate-Tutorial-Models/Tutorial-2/ch-15/15-1.nec,ok,ok,0.0057683903723955154,0.00591551698744297,,0
cebik-w4rnl/Basic-Intermediate-Tutorial-Models/Tutorial-2/ch-15/15-1a.nec,ok,ok,0.005713357590138912,0.006086444482207298,,0
cebik-w4rnl/Basic-Intermediate-Tutorial-Models/Tutorial-2/ch-15/15-1b.nec,ok,ok,0.005990305915474892,0.006262421607971191,,0
cebik-w4rnl/Basic-Intermediate-Tutorial-Models/Tutorial-2/ch-15/15-1c.nec,ok,ok,0.006383715197443962,0.005743658170104027,,0
cebik-w4rnl/Basic-Intermediate-Tutorial-Models/Tutorial-2/ch-15/15-1c1.nec,ok,ok,0.05113691743463278,0.05129370279610157,0.9969,1
cebik-w4rnl/Basic-Intermediate-Tutorial-Models/Tutorial-2/ch-15/15-1d.nec,ok,ok,0.005763314664363861,0.005724016577005386,,0
cebik-w4rnl/Basic-Intermediate-Tutorial-Models/Tutorial-2/ch-15/15-1d1.nec,ok,ok,0.05395575240254402,0.052192642353475094,1.0338,1
cebik-w4rnl/Basic-Intermediate-Tutorial-Models/Tutorial-2/ch-15/15-2.nec,ok,ok,0.005894436500966549,0.006017835810780525,,0
cebik-w4rnl/Basic-Intermediate-Tutorial-Models/Tutorial-2/ch-15/15-2a.nec,ok,ok,0.006038554012775421,0.006541953422129154,,0
cebik-w4rnl/Basic-Intermediate-Tutorial-Models/Tutorial-2/ch-15/15-2b.nec,ok,ok,0.006353410892188549,0.006325329653918743,,0
cebik-w4rnl/Basic-Intermediate-Tutorial-Models/Tutorial-2/ch-15/15-3.nec,ok,ok,0.09038419928401709,0.06831732857972383,1.3230,1
cebik-w4rnl/Basic-Intermediate-Tutorial-Models/Tutorial-2/ch-15/15-3a.nec,ok,ok,0.05586623679846525,0.05459490790963173,1.0233,1
cebik-w4rnl/Basic-Intermediate-Tutorial-Models/Tutorial-2/ch-15/15-4-1.nec,ok,ok,0.005042099393904209,0.005239914171397686,,0
cebik-w4rnl/Basic-Intermediate-Tutorial-Models/Tutorial-2/ch-15/15-4.nec,ok,ok,0.005246071144938469,0.005236320197582245,,0
cebik-w4rnl/Basic-Intermediate-Tutorial-Models/Tutorial-2/ch-15/15-4a.nec,ok,ok,0.005307450890541077,0.005261562764644623,,0
cebik-w4rnl/Basic-Intermediate-Tutorial-Models/Tutorial-2/ch-15/15-4a1.nec,ok,ok,0.005329528823494911,0.005330846644937992,,0
cebik-w4rnl/Basic-Intermediate-Tutorial-Models/Tutorial-2/ch-15/15-4b.nec,ok,ok,0.005371591076254845,0.00541728176176548,,0
cebik-w4rnl/Basic-Intermediate-Tutorial-Models/Tutorial-2/ch-15/15-4b1.nec,ok,ok,0.005377465859055519,0.005535180680453777,,0
cebik-w4rnl/Basic-Intermediate-Tutorial-Models/Tutorial-2/ch-15/15-4c.nec,ok,ok,0.0052589355036616325,0.005220530554652214,,0
cebik-w4rnl/Basic-Intermediate-Tutorial-Models/Tutorial-2/ch-15/15-4c1.nec,ok,ok,0.005617446266114712,0.00793059915304184,,0
cebik-w4rnl/Basic-Intermediate-Tutorial-Models/Tutorial-2/ch-15/15-5-1.nec,ok,ok,0.005589032545685768,0.005450279451906681,,0
cebik-w4rnl/Basic-Intermediate-Tutorial-Models/Tutorial-2/ch-15/15-5.nec,ok,ok,0.007854387164115906,0.005360969342291355,,0
cebik-w4rnl/Basic-Intermediate-Tutorial-Models/Tutorial-2/ch-15/15-5a-1.nec,ok,ok,0.005494594573974609,0.005287656560540199,,0
cebik-w4rnl/Basic-Intermediate-Tutorial-Models/Tutorial-2/ch-15/15-5a.nec,ok,ok,0.008529122918844223,0.005839702673256397,,0
cebik-w4rnl/Basic-Intermediate-Tutorial-Models/Tutorial-2/ch-15/15-5b-1.nec,ok,ok,0.005265435203909874,0.005759896710515022,,0
cebik-w4rnl/Basic-Intermediate-Tutorial-Models/Tutorial-2/ch-15/15-5b.nec,ok,ok,0.005342194810509682,0.007002206519246101,,0
cebik-w4rnl/Basic-Intermediate-Tutorial-Models/Tutorial-2/ch-15/15-6.nec,ok,ok,0.008446025662124157,0.005486233159899712,,0
cebik-w4rnl/Basic-Intermediate-Tutorial-Models/Tutorial-2/ch-15/15-6a.nec,ok,ok,0.009361973963677883,0.009465926326811314,,0
cebik-w4rnl/Basic-Intermediate-Tutorial-Models/Tutorial-2/ch-15/15-6b.nec,ok,ok,0.12892694026231766,0.1275612311437726,1.0107,1
cebik-w4rnl/Basic-Intermediate-Tutorial-Models/Tutorial-2/ch-15/15-7.nec,ok,ok,0.023525631986558437,0.023489379324018955,,0
cebik-w4rnl/Basic-Intermediate-Tutorial-Models/Tutorial-2/ch-15/15-7a.nec,ok,ok,0.371369575150311,0.372802815400064,0.9962,1
cebik-w4rnl/Basic-Intermediate-Tutorial-Models/Tutorial-2/ch-15/15-7b.nec,ok,ok,0.0233274782076478,0.023377684876322746,,0
cebik-w4rnl/Basic-Intermediate-Tutorial-Models/Tutorial-2/ch-15/15-7c.nec,ok,ok,0.21020388323813677,0.21022724639624357,0.9999,1
cebik-w4rnl/Basic-Intermediate-Tutorial-Models/Tutorial-2/ch-15/15-8.nec,ok,ok,0.2101293159648776,0.20906294416636229,1.0051,1
cebik-w4rnl/Basic-Intermediate-Tutorial-Models/Tutorial-2/ch-15/15-8a.nec,ok,ok,0.2095122803002596,0.21081784460693598,0.9938,1
cebik-w4rnl/Basic-Intermediate-Tutorial-Models/Tutorial-2/ch-15/15-8b.nec,ok,ok,0.21247403044253588,0.211908221244812,1.0027,1
cebik-w4rnl/Basic-Intermediate-Tutorial-Models/Tutorial-2/ch-15/15-9.nec,ok,ok,0.010030114091932774,0.010054750367999077,,0
cebik-w4rnl/Basic-Intermediate-Tutorial-Models/Tutorial-2/ch-15/15-9a.nec,ok,ok,0.06728063430637121,0.06513023190200329,1.0330,1
cebik-w4rnl/Basic-Intermediate-Tutorial-Models/Tutorial-2/ch-16/16-1.nec,ok,ok,0.005286211147904396,0.005177912302315235,,0
cebik-w4rnl/Basic-Intermediate-Tutorial-Models/Tutorial-2/ch-16/16-10a.nec,ok,ok,0.005550602450966835,0.005562080070376396,,0
cebik-w4rnl/Basic-Intermediate-Tutorial-Models/Tutorial-2/ch-16/16-10b.nec,ok,ok,0.0055230725556612015,0.005547216162085533,,0
cebik-w4rnl/Basic-Intermediate-Tutorial-Models/Tutorial-2/ch-16/16-10c.nec,ok,ok,0.005571532994508743,0.005557531490921974,,0
cebik-w4rnl/Basic-Intermediate-Tutorial-Models/Tutorial-2/ch-16/16-10d.nec,ok,ok,0.005604475736618042,0.005503416061401367,,0
cebik-w4rnl/Basic-Intermediate-Tutorial-Models/Tutorial-2/ch-16/16-10e.nec,ok,ok,0.005579804070293903,0.005608622916042805,,0
cebik-w4rnl/Basic-Intermediate-Tutorial-Models/Tutorial-2/ch-16/16-10f.nec,ok,ok,0.005551695823669434,0.005716818384826183,,0
cebik-w4rnl/Basic-Intermediate-Tutorial-Models/Tutorial-2/ch-16/16-10g.nec,ok,ok,0.005520693026483059,0.005540957674384117,,0
cebik-w4rnl/Basic-Intermediate-Tutorial-Models/Tutorial-2/ch-16/16-10h.nec,ok,ok,0.00559011846780777,0.005546967498958111,,0
cebik-w4rnl/Basic-Intermediate-Tutorial-Models/Tutorial-2/ch-16/16-11a.nec,ok,ok,0.005676859058439732,0.00560844037681818,,0
cebik-w4rnl/Basic-Intermediate-Tutorial-Models/Tutorial-2/ch-16/16-11b.nec,ok,ok,0.005613910034298897,0.005663805641233921,,0
cebik-w4rnl/Basic-Intermediate-Tutorial-Models/Tutorial-2/ch-16/16-11c.nec,ok,ok,0.00857916846871376,0.00562690943479538,,0
cebik-w4rnl/Basic-Intermediate-Tutorial-Models/Tutorial-2/ch-16/16-11d.nec,ok,ok,0.005653971806168556,0.0075951674953103065,,0
cebik-w4rnl/Basic-Intermediate-Tutorial-Models/Tutorial-2/ch-16/16-11e.nec,ok,ok,0.008726637810468674,0.005870120599865913,,0
cebik-w4rnl/Basic-Intermediate-Tutorial-Models/Tutorial-2/ch-16/16-11f.nec,ok,ok,0.005575457587838173,0.005675352178514004,,0
cebik-w4rnl/Basic-Intermediate-Tutorial-Models/Tutorial-2/ch-16/16-11g.nec,ok,ok,0.008621235378086567,0.005940987728536129,,0
cebik-w4rnl/Basic-Intermediate-Tutorial-Models/Tutorial-2/ch-16/16-11h.nec,ok,ok,0.007757080718874931,0.005869373679161072,,0
cebik-w4rnl/Basic-Intermediate-Tutorial-Models/Tutorial-2/ch-16/16-1a.nec,ok,ok,0.005216551013290882,0.005127475596964359,,0
cebik-w4rnl/Basic-Intermediate-Tutorial-Models/Tutorial-2/ch-16/16-1b.nec,ok,ok,0.00833927746862173,0.0054483236744999886,,0
cebik-w4rnl/Basic-Intermediate-Tutorial-Models/Tutorial-2/ch-16/16-1c.nec,ok,ok,0.005297188647091389,0.005332686938345432,,0
cebik-w4rnl/Basic-Intermediate-Tutorial-Models/Tutorial-2/ch-16/16-1d.nec,ok,ok,0.005335010588169098,0.005251992493867874,,0
cebik-w4rnl/Basic-Intermediate-Tutorial-Models/Tutorial-2/ch-16/16-2.nec,ok,ok,0.008380199782550335,0.008378474041819572,,0
cebik-w4rnl/Basic-Intermediate-Tutorial-Models/Tutorial-2/ch-16/16-2a.nec,ok,ok,0.005336456000804901,0.005316662602126598,,0
cebik-w4rnl/Basic-Intermediate-Tutorial-Models/Tutorial-2/ch-16/16-2b.nec,ok,ok,0.008203931152820587,0.0054344842210412025,,0
cebik-w4rnl/Basic-Intermediate-Tutorial-Models/Tutorial-2/ch-16/16-2c.nec,ok,ok,0.005373205989599228,0.005090438760817051,,0
cebik-w4rnl/Basic-Intermediate-Tutorial-Models/Tutorial-2/ch-16/16-2d.nec,ok,ok,0.008395364508032799,0.005240572616457939,,0
cebik-w4rnl/Basic-Intermediate-Tutorial-Models/Tutorial-2/ch-16/16-3.nec,ok,ok,0.005609653890132904,0.008181145414710045,,0
cebik-w4rnl/Basic-Intermediate-Tutorial-Models/Tutorial-2/ch-16/16-4.nec,ok,ok,0.008529228158295155,0.005725759081542492,,0
cebik-w4rnl/Basic-Intermediate-Tutorial-Models/Tutorial-2/ch-16/16-4a.nec,ok,ok,0.00569791067391634,0.008528928272426128,,0
cebik-w4rnl/Basic-Intermediate-Tutorial-Models/Tutorial-2/ch-16/16-5.nec,ok,ok,0.005434900522232056,0.005662068724632263,,0
cebik-w4rnl/Basic-Intermediate-Tutorial-Models/Tutorial-2/ch-16/16-5a.nec,ok,ok,0.005563127808272839,0.00867343321442604,,0
cebik-w4rnl/Basic-Intermediate-Tutorial-Models/Tutorial-2/ch-16/16-6.nec,ok,ok,0.005647322162985802,0.005664382129907608,,0
cebik-w4rnl/Basic-Intermediate-Tutorial-Models/Tutorial-2/ch-16/16-6a.nec,ok,ok,0.0055478643625974655,0.005319876596331596,,0
cebik-w4rnl/Basic-Intermediate-Tutorial-Models/Tutorial-2/ch-16/16-7.nec,ok,ok,0.012180349789559841,0.012492896057665348,,0
cebik-w4rnl/Basic-Intermediate-Tutorial-Models/Tutorial-2/ch-16/16-7a.nec,ok,ok,0.012566985562443733,0.012614433653652668,,0
cebik-w4rnl/Basic-Intermediate-Tutorial-Models/Tutorial-2/ch-16/16-7b.nec,ok,ok,0.011540149338543415,0.01146950013935566,,0
cebik-w4rnl/Basic-Intermediate-Tutorial-Models/Tutorial-2/ch-16/16-8.nec,ok,ok,0.00573392678052187,0.0055461423471570015,,0
cebik-w4rnl/Basic-Intermediate-Tutorial-Models/Tutorial-2/ch-16/16-8a.nec,ok,ok,0.006201448850333691,0.005651296116411686,,0
cebik-w4rnl/Basic-Intermediate-Tutorial-Models/Tutorial-2/ch-16/16-8b.nec,ok,ok,0.00569778960198164,0.005622358061373234,,0
cebik-w4rnl/Basic-Intermediate-Tutorial-Models/Tutorial-2/ch-16/16-8c.nec,ok,ok,0.008765350095927715,0.005624064244329929,,0
cebik-w4rnl/Basic-Intermediate-Tutorial-Models/Tutorial-2/ch-16/16-8d.nec,ok,ok,0.006013501435518265,0.005880072712898254,,0
cebik-w4rnl/Basic-Intermediate-Tutorial-Models/Tutorial-2/ch-16/16-9.nec,ok,ok,0.009027248248457909,0.0056311385706067085,,0
cebik-w4rnl/Basic-Intermediate-Tutorial-Models/Tutorial-2/ch-16/16-9a.nec,ok,ok,0.0057323994114995,0.008608001284301281,,0
cebik-w4rnl/Basic-Intermediate-Tutorial-Models/Tutorial-2/ch-16/16-9b.nec,ok,ok,0.005631512030959129,0.005758623592555523,,0
cebik-w4rnl/Basic-Intermediate-Tutorial-Models/Tutorial-2/ch-16/16-9c.nec,ok,ok,0.005594020709395409,0.005549550987780094,,0
cebik-w4rnl/Basic-Intermediate-Tutorial-Models/Tutorial-2/ch-16/16-9d.nec,ok,ok,0.005684572272002697,0.005711360834538937,,0
cebik-w4rnl/Basic-Intermediate-Tutorial-Models/Tutorial-2/ch-16/16-9e.nec,ok,ok,0.005616975016891956,0.00573506485670805,,0
cebik-w4rnl/Basic-Intermediate-Tutorial-Models/Tutorial-2/ch-16/16-9f.nec,ok,ok,0.008948270231485367,0.005769130773842335,,0
cebik-w4rnl/Basic-Intermediate-Tutorial-Models/Tutorial-2/ch-16/16-9g.nec,ok,ok,0.005777834914624691,0.0054342299699783325,,0
cebik-w4rnl/Basic-Intermediate-Tutorial-Models/Tutorial-2/ch-16/16-9h.nec,ok,ok,0.005565737374126911,0.005584605969488621,,0
cebik-w4rnl/Basic-Intermediate-Tutorial-Models/Tutorial-2/ch-17/17-1.nec,ok,ok,0.006674180738627911,0.009049803949892521,,0
cebik-w4rnl/Basic-Intermediate-Tutorial-Models/Tutorial-2/ch-17/17-10-nec2.nec,ok,ok,0.03662357572466135,0.03701153118163347,,0
cebik-w4rnl/Basic-Intermediate-Tutorial-Models/Tutorial-2/ch-17/17-10-nec4.nec,ok,ok,0.019796550273895264,0.019575737416744232,,0
cebik-w4rnl/Basic-Intermediate-Tutorial-Models/Tutorial-2/ch-17/17-11-nec2.nec,ok,ok,0.03921897057443857,0.040032053366303444,,0
cebik-w4rnl/Basic-Intermediate-Tutorial-Models/Tutorial-2/ch-17/17-11-nec4.nec,ok,ok,0.019810324534773827,0.02018131222575903,,0
cebik-w4rnl/Basic-Intermediate-Tutorial-Models/Tutorial-2/ch-17/17-1a.nec,ok,ok,0.0686014499515295,0.06813928857445717,1.0068,1
cebik-w4rnl/Basic-Intermediate-Tutorial-Models/Tutorial-2/ch-17/17-2.nec,ok,ok,0.2444601058959961,0.22937791515141726,1.0658,1
cebik-w4rnl/Basic-Intermediate-Tutorial-Models/Tutorial-2/ch-17/17-2a.nec,ok,ok,0.11683526169508696,0.11752949841320515,0.9941,1
cebik-w4rnl/Basic-Intermediate-Tutorial-Models/Tutorial-2/ch-17/17-3.nec,ok,ok,0.06602291204035282,0.08078052382916212,0.8173,1
cebik-w4rnl/Basic-Intermediate-Tutorial-Models/Tutorial-2/ch-17/17-3a.nec,ok,ok,0.13083458505570889,0.11423918604850769,1.1453,1
cebik-w4rnl/Basic-Intermediate-Tutorial-Models/Tutorial-2/ch-17/17-4.nec,ok,ok,0.005189188756048679,0.004881896078586578,,0
cebik-w4rnl/Basic-Intermediate-Tutorial-Models/Tutorial-2/ch-17/17-5.nec,ok,ok,0.005046863108873367,0.0050584906712174416,,0
cebik-w4rnl/Basic-Intermediate-Tutorial-Models/Tutorial-2/ch-18/18-1.nec,ok,ok,0.0655106408521533,0.0654271999374032,1.0013,1
cebik-w4rnl/Basic-Intermediate-Tutorial-Models/Tutorial-2/ch-18/18-10.nec,ok,ok,0.32578722573816776,0.33331380505114794,0.9774,1
cebik-w4rnl/Basic-Intermediate-Tutorial-Models/Tutorial-2/ch-18/18-11.nec,no-impedance,no-impedance,0.0031757578253746033,0.003093310631811619,,0
cebik-w4rnl/Basic-Intermediate-Tutorial-Models/Tutorial-2/ch-18/18-11a.nec,ok,ok,0.5590075366199017,0.5590092372149229,1.0000,1
cebik-w4rnl/Basic-Intermediate-Tutorial-Models/Tutorial-2/ch-18/18-11b.nec,ok,ok,0.5582332257181406,0.5615374622866511,0.9941,1
cebik-w4rnl/Basic-Intermediate-Tutorial-Models/Tutorial-2/ch-18/18-11c.nec,ok,ok,1.1173992976546288,1.1110269222408533,1.0057,1
cebik-w4rnl/Basic-Intermediate-Tutorial-Models/Tutorial-2/ch-18/18-12-nec2.nec,ok,ok,0.0038395170122385025,0.003720032051205635,,0
cebik-w4rnl/Basic-Intermediate-Tutorial-Models/Tutorial-2/ch-18/18-12-nec4.nec,ok,ok,0.0037946105003356934,0.0036077965050935745,,0
cebik-w4rnl/Basic-Intermediate-Tutorial-Models/Tutorial-2/ch-18/18-13-nec4.nec,ok,ok,0.0038143303245306015,0.0036858590319752693,,0
cebik-w4rnl/Basic-Intermediate-Tutorial-Models/Tutorial-2/ch-18/18-14-nec4.nec,ok,ok,0.004031576216220856,0.003919373266398907,,0
cebik-w4rnl/Basic-Intermediate-Tutorial-Models/Tutorial-2/ch-18/18-2.nec,ok,ok,0.06547534931451082,0.06576084904372692,0.9957,1
cebik-w4rnl/Basic-Intermediate-Tutorial-Models/Tutorial-2/ch-18/18-3.nec,ok,ok,0.06491084024310112,0.06559296231716871,0.9896,1
cebik-w4rnl/Basic-Intermediate-Tutorial-Models/Tutorial-2/ch-18/18-4.nec,ok,ok,0.06520220916718245,0.06568549387156963,0.9926,1
cebik-w4rnl/Basic-Intermediate-Tutorial-Models/Tutorial-2/ch-18/18-5-nec4.nec,ok,ok,0.06483022775501013,0.06565302889794111,0.9875,1
cebik-w4rnl/Basic-Intermediate-Tutorial-Models/Tutorial-2/ch-18/18-6.nec,ok,ok,0.06546200066804886,0.06541373766958714,1.0007,1
cebik-w4rnl/Basic-Intermediate-Tutorial-Models/Tutorial-2/ch-18/18-7.nec,ok,ok,0.1382428240031004,0.1414476316422224,0.9773,1
cebik-w4rnl/Basic-Intermediate-Tutorial-Models/Tutorial-2/ch-18/18-8.nec,ok,ok,0.12951129395514727,0.13104692474007607,0.9883,1
cebik-w4rnl/Basic-Intermediate-Tutorial-Models/Tutorial-2/ch-18/18-9.nec,ok,ok,0.4649471426382661,0.4762050975114107,0.9764,1
cebik-w4rnl/Basic-Intermediate-Tutorial-Models/Tutorial-2/ch-19/19-1.nec,ok,ok,0.005349835380911827,0.005201812833547592,,0
cebik-w4rnl/Basic-Intermediate-Tutorial-Models/Tutorial-2/ch-19/19-10.nec,ok,ok,0.01123865693807602,0.01119199302047491,,0
cebik-w4rnl/Basic-Intermediate-Tutorial-Models/Tutorial-2/ch-19/19-10a.nec,ok,ok,0.6672258414328098,0.6595007376745343,1.0117,1
cebik-w4rnl/Basic-Intermediate-Tutorial-Models/Tutorial-2/ch-19/19-10b.nec,ok,ok,0.40095034148544073,0.4148663207888603,0.9665,1
cebik-w4rnl/Basic-Intermediate-Tutorial-Models/Tutorial-2/ch-19/19-11.nec,ok,ok,0.006994681432843208,0.09781797509640455,,0
cebik-w4rnl/Basic-Intermediate-Tutorial-Models/Tutorial-2/ch-19/19-11a.nec,ok,ok,0.0069776978343725204,0.06436239648610353,,0
cebik-w4rnl/Basic-Intermediate-Tutorial-Models/Tutorial-2/ch-19/19-11b.nec,ok,ok,0.0071685416623950005,0.006939129903912544,,0
cebik-w4rnl/Basic-Intermediate-Tutorial-Models/Tutorial-2/ch-19/19-11c.nec,ok,ok,0.1255625318735838,0.09149579331278801,1.3723,1
cebik-w4rnl/Basic-Intermediate-Tutorial-Models/Tutorial-2/ch-19/19-12.nec,ok-no-source,ok-no-source,0.11267327982932329,0.007483622059226036,,0
cebik-w4rnl/Basic-Intermediate-Tutorial-Models/Tutorial-2/ch-19/19-12a.nec,ok-no-source,ok-no-source,0.007820215076208115,0.007588451728224754,,0
cebik-w4rnl/Basic-Intermediate-Tutorial-Models/Tutorial-2/ch-19/19-12b.nec,ok-no-source,ok-no-source,0.01100506167858839,0.01141794677823782,,0
cebik-w4rnl/Basic-Intermediate-Tutorial-Models/Tutorial-2/ch-19/19-13.nec,ok-no-source,ok-no-source,0.007767706178128719,0.0076222289353609085,,0
cebik-w4rnl/Basic-Intermediate-Tutorial-Models/Tutorial-2/ch-19/19-13a.nec,ok-no-source,ok-no-source,0.007527578622102737,0.007676582783460617,,0
cebik-w4rnl/Basic-Intermediate-Tutorial-Models/Tutorial-2/ch-19/19-14.nec,ok-no-source,ok-no-source,0.007860244251787663,0.007621033117175102,,0
cebik-w4rnl/Basic-Intermediate-Tutorial-Models/Tutorial-2/ch-19/19-15-nec4.nec,ok-no-source,ok-no-source,0.0076140230521559715,0.0076441289857029915,,0
cebik-w4rnl/Basic-Intermediate-Tutorial-Models/Tutorial-2/ch-19/19-15a-nec4.nec,ok-no-source,ok-no-source,0.007775802165269852,0.007612983696162701,,0
cebik-w4rnl/Basic-Intermediate-Tutorial-Models/Tutorial-2/ch-19/19-16.nec,ok-no-source,ok-no-source,0.6988682840019464,0.6997957341372967,,0
cebik-w4rnl/Basic-Intermediate-Tutorial-Models/Tutorial-2/ch-19/19-16a.nec,ok-no-source,ok-no-source,0.712844843044877,0.7017765762284398,,0
cebik-w4rnl/Basic-Intermediate-Tutorial-Models/Tutorial-2/ch-19/19-16b.nec,ok-no-source,ok-no-source,0.6948088742792606,0.6894026082009077,,0
cebik-w4rnl/Basic-Intermediate-Tutorial-Models/Tutorial-2/ch-19/19-1a.nec,ok-no-source,ok-no-source,0.003411504440009594,0.0033701984211802483,,0
cebik-w4rnl/Basic-Intermediate-Tutorial-Models/Tutorial-2/ch-19/19-2.nec,ok,ok,0.06672760006040335,0.06674659624695778,0.9997,1
cebik-w4rnl/Basic-Intermediate-Tutorial-Models/Tutorial-2/ch-19/19-2a.nec,ok-no-source,ok-no-source,0.0658944882452488,0.06496618688106537,,0
cebik-w4rnl/Basic-Intermediate-Tutorial-Models/Tutorial-2/ch-19/19-3.nec,ok,ok,0.005961224436759949,0.005905258469283581,,0
cebik-w4rnl/Basic-Intermediate-Tutorial-Models/Tutorial-2/ch-19/19-3a.nec,ok-no-source,ok-no-source,0.0038236211985349655,0.0037278197705745697,,0
cebik-w4rnl/Basic-Intermediate-Tutorial-Models/Tutorial-2/ch-19/19-4.nec,ok,ok,0.005417772568762302,0.00538992416113615,,0
cebik-w4rnl/Basic-Intermediate-Tutorial-Models/Tutorial-2/ch-19/19-4a.nec,ok-no-source,ok-no-source,0.003949170000851154,0.0036813663318753242,,0
cebik-w4rnl/Basic-Intermediate-Tutorial-Models/Tutorial-2/ch-19/19-5a.nec,ok-no-source,ok-no-source,0.0034827031195163727,0.0033754389733076096,,0
cebik-w4rnl/Basic-Intermediate-Tutorial-Models/Tutorial-2/ch-19/19-5b.nec,ok-no-source,ok-no-source,0.003496267832815647,0.0033101849257946014,,0
cebik-w4rnl/Basic-Intermediate-Tutorial-Models/Tutorial-2/ch-19/19-5c.nec,ok-no-source,ok-no-source,0.0034541310742497444,0.0035156887024641037,,0
cebik-w4rnl/Basic-Intermediate-Tutorial-Models/Tutorial-2/ch-19/19-5d.nec,ok-no-source,ok-no-source,0.003445272333920002,0.0033426349982619286,,0
cebik-w4rnl/Basic-Intermediate-Tutorial-Models/Tutorial-2/ch-19/19-5e.nec,ok-no-source,ok-no-source,0.003435763530433178,0.003329625353217125,,0
cebik-w4rnl/Basic-Intermediate-Tutorial-Models/Tutorial-2/ch-19/19-6a.nec,ok-no-source,ok-no-source,0.06503351964056492,0.06518415920436382,,0
cebik-w4rnl/Basic-Intermediate-Tutorial-Models/Tutorial-2/ch-19/19-6b.nec,ok-no-source,ok-no-source,0.06499988865107298,0.06509756576269865,,0
cebik-w4rnl/Basic-Intermediate-Tutorial-Models/Tutorial-2/ch-19/19-6c.nec,ok-no-source,ok-no-source,0.06501571461558342,0.06507520098239183,,0
cebik-w4rnl/Basic-Intermediate-Tutorial-Models/Tutorial-2/ch-19/19-6d.nec,ok-no-source,ok-no-source,0.06554522924125195,0.06524075008928776,,0
cebik-w4rnl/Basic-Intermediate-Tutorial-Models/Tutorial-2/ch-19/19-6e.nec,ok-no-source,ok-no-source,0.06565684452652931,0.06540537904947996,,0
cebik-w4rnl/Basic-Intermediate-Tutorial-Models/Tutorial-2/ch-19/19-7-nec2.nec,ok,ok,0.03252478688955307,0.03214862663298845,,0
cebik-w4rnl/Basic-Intermediate-Tutorial-Models/Tutorial-2/ch-19/19-7a-nec2.nec,ok-no-source,ok-no-source,0.009655404835939407,0.009601106867194176,,0
cebik-w4rnl/Basic-Intermediate-Tutorial-Models/Tutorial-2/ch-19/19-7b-nec2.nec,ok-no-source,ok-no-source,0.00983063131570816,0.00968131609261036,,0
cebik-w4rnl/Basic-Intermediate-Tutorial-Models/Tutorial-2/ch-19/19-8-nec2.nec,ok,ok,0.03452325891703367,0.035165431909263134,,0
cebik-w4rnl/Basic-Intermediate-Tutorial-Models/Tutorial-2/ch-19/19-8a-nec2.nec,ok-no-source,ok-no-source,0.010801777243614197,0.01085242535918951,,0
cebik-w4rnl/Basic-Intermediate-Tutorial-Models/Tutorial-2/ch-19/19-8b-nec2.nec,ok-no-source,ok-no-source,0.010900222696363926,0.010719018056988716,,0
cebik-w4rnl/Basic-Intermediate-Tutorial-Models/Tutorial-2/ch-19/19-9b-nec.nec,ok-no-source,ok-no-source,0.009819051250815392,0.00967410858720541,,0
cebik-w4rnl/Basic-Intermediate-Tutorial-Models/Tutorial-2/ch-19/19-9c-nec2.nec,ok-no-source,ok-no-source,0.009728718549013138,0.009615985676646233,,0
cebik-w4rnl/Basic-Intermediate-Tutorial-Models/Tutorial-2/ch-19/19-9d-nec2.nec,ok-no-source,ok-no-source,0.009853416122496128,0.00980028323829174,,0
cebik-w4rnl/Basic-Intermediate-Tutorial-Models/Tutorial-2/ch-19/19-9e-nec2.nec,ok-no-source,ok-no-source,0.013039113953709602,0.01661835890263319,,0
cebik-w4rnl/Basic-Intermediate-Tutorial-Models/Tutorial-2/ch-2/2-0.nec,ok,ok,0.005719143897294998,0.005953430198132992,,0
cebik-w4rnl/Basic-Intermediate-Tutorial-Models/Tutorial-2/ch-2/2-1.nec,ok,ok,0.00814291276037693,0.00819307565689087,,0
cebik-w4rnl/Basic-Intermediate-Tutorial-Models/Tutorial-2/ch-2/2-1a.nec,ok,ok,0.006722474470734596,0.006634539924561977,,0
cebik-w4rnl/Basic-Intermediate-Tutorial-Models/Tutorial-2/ch-2/2-1b.nec,ok,ok,0.006579461507499218,0.006740002892911434,,0
cebik-w4rnl/Basic-Intermediate-Tutorial-Models/Tutorial-2/ch-2/2-1c.nec,ok,ok,0.007797585800290108,0.007594196125864983,,0
cebik-w4rnl/Basic-Intermediate-Tutorial-Models/Tutorial-2/ch-2/2-2.nec,ok,ok,0.005516942590475082,0.0054248543456196785,,0
cebik-w4rnl/Basic-Intermediate-Tutorial-Models/Tutorial-2/ch-2/2-2a.nec,ok,ok,0.005301265046000481,0.007527964189648628,,0
cebik-w4rnl/Basic-Intermediate-Tutorial-Models/Tutorial-2/ch-2/2-2b.nec,ok,ok,0.007497447542846203,0.005261837504804134,,0
cebik-w4rnl/Basic-Intermediate-Tutorial-Models/Tutorial-2/ch-2/2-2c.nec,ok,ok,0.005655928514897823,0.005700021982192993,,0
cebik-w4rnl/Basic-Intermediate-Tutorial-Models/Tutorial-2/ch-2/2-2d.nec,error,error,0.002934735268354416,0.0030362429097294807,,0
cebik-w4rnl/Basic-Intermediate-Tutorial-Models/Tutorial-2/ch-2/2-3.nec,ok,ok,0.005434880033135414,0.0055271536111831665,,0
cebik-w4rnl/Basic-Intermediate-Tutorial-Models/Tutorial-2/ch-2/2-3a.nec,ok,ok,0.005631165578961372,0.005617329850792885,,0
cebik-w4rnl/Basic-Intermediate-Tutorial-Models/Tutorial-2/ch-2/2-4.nec,ok,ok,0.006432222202420235,0.00640048086643219,,0
cebik-w4rnl/Basic-Intermediate-Tutorial-Models/Tutorial-2/ch-2/2-4a-nec2.nec,ok,ok,0.006433727219700813,0.006556223146617413,,0
cebik-w4rnl/Basic-Intermediate-Tutorial-Models/Tutorial-2/ch-2/2-4a-nec4.nec,ok,ok,0.006408604793250561,0.006453819572925568,,0
cebik-w4rnl/Basic-Intermediate-Tutorial-Models/Tutorial-2/ch-2/2-5.nec,ok,ok,0.049466729164123535,0.04949566442519426,,0
cebik-w4rnl/Basic-Intermediate-Tutorial-Models/Tutorial-2/ch-2/2-5a-nec2.nec,ok,ok,0.04931016359478235,0.05010723136365414,,0
cebik-w4rnl/Basic-Intermediate-Tutorial-Models/Tutorial-2/ch-2/2-5a-nec4.nec,ok,ok,0.047430988401174545,0.047365826554596424,,0
cebik-w4rnl/Basic-Intermediate-Tutorial-Models/Tutorial-2/ch-2/2-5b-nec2.nec,ok,ok,0.051073950715363026,0.05097176507115364,1.0020,1
cebik-w4rnl/Basic-Intermediate-Tutorial-Models/Tutorial-2/ch-2/2-5b-nec4.nec,ok,ok,0.0472834724932909,0.0472326809540391,,0
cebik-w4rnl/Basic-Intermediate-Tutorial-Models/Tutorial-2/ch-2/2-6-nec2.nec,ok,ok,0.01736311335116625,0.017138972878456116,,0
cebik-w4rnl/Basic-Intermediate-Tutorial-Models/Tutorial-2/ch-2/2-6-nec4.nec,ok,ok,0.017259308136999607,0.017176182009279728,,0
cebik-w4rnl/Basic-Intermediate-Tutorial-Models/Tutorial-2/ch-2/2-6a-nec2.nec,ok,ok,0.01739082019776106,0.017105847597122192,,0
cebik-w4rnl/Basic-Intermediate-Tutorial-Models/Tutorial-2/ch-2/2-6a-nec4.nec,ok,ok,0.0170395253226161,0.01775117591023445,,0
cebik-w4rnl/Basic-Intermediate-Tutorial-Models/Tutorial-2/ch-2/2-7.nec,ok,ok,0.007342895492911339,0.004921966232359409,,0
cebik-w4rnl/Basic-Intermediate-Tutorial-Models/Tutorial-2/ch-2/2-7a.nec,ok,ok,0.005182676948606968,0.005157629027962685,,0
cebik-w4rnl/Basic-Intermediate-Tutorial-Models/Tutorial-2/ch-2/2-7b.nec,ok,ok,0.006282408721745014,0.006112752482295036,,0
cebik-w4rnl/Basic-Intermediate-Tutorial-Models/Tutorial-2/ch-20/20-1-nec2.nec,ok,ok,0.006745652295649052,0.005291212350130081,,0
cebik-w4rnl/Basic-Intermediate-Tutorial-Models/Tutorial-2/ch-20/20-10.nec,ok,ok,0.00716130156069994,0.007249702699482441,,0
cebik-w4rnl/Basic-Intermediate-Tutorial-Models/Tutorial-2/ch-20/20-10a.nec,ok,ok,0.005598518997430801,0.005594966933131218,,0
cebik-w4rnl/Basic-Intermediate-Tutorial-Models/Tutorial-2/ch-20/20-11.nec,ok,ok,0.00772604625672102,0.005490681156516075,,0
cebik-w4rnl/Basic-Intermediate-Tutorial-Models/Tutorial-2/ch-20/20-11a.nec,ok,ok,0.005633465014398098,0.0076624685898423195,,0
cebik-w4rnl/Basic-Intermediate-Tutorial-Models/Tutorial-2/ch-20/20-12.nec,ok,ok,0.005387253127992153,0.005323230288922787,,0
cebik-w4rnl/Basic-Intermediate-Tutorial-Models/Tutorial-2/ch-20/20-13.nec,ok,ok,0.003818250261247158,0.004121527075767517,,0
cebik-w4rnl/Basic-Intermediate-Tutorial-Models/Tutorial-2/ch-20/20-14.nec,ok,ok,0.19121282920241356,0.19178833346813917,0.9970,1
cebik-w4rnl/Basic-Intermediate-Tutorial-Models/Tutorial-2/ch-20/20-15.nec,ok,ok,0.058848884887993336,0.05883469805121422,1.0002,1
cebik-w4rnl/Basic-Intermediate-Tutorial-Models/Tutorial-2/ch-20/20-15a.nec,ok,ok,0.06099425535649061,0.06041203159838915,1.0096,1
cebik-w4rnl/Basic-Intermediate-Tutorial-Models/Tutorial-2/ch-20/20-15b.nec,ok,ok,0.17923571448773146,0.1803539665415883,0.9938,1
cebik-w4rnl/Basic-Intermediate-Tutorial-Models/Tutorial-2/ch-20/20-2a-nec2.nec,ok,ok,0.005090296268463135,0.005137250758707523,,0
cebik-w4rnl/Basic-Intermediate-Tutorial-Models/Tutorial-2/ch-20/20-2b-nec2.nec,ok,ok,0.0050693415105342865,0.00505934190005064,,0
cebik-w4rnl/Basic-Intermediate-Tutorial-Models/Tutorial-2/ch-20/20-2c-nec2.nec,ok,ok,0.005035064183175564,0.005150088109076023,,0
cebik-w4rnl/Basic-Intermediate-Tutorial-Models/Tutorial-2/ch-20/20-2d-nec2.nec,ok,ok,0.005114923231303692,0.005115041509270668,,0
cebik-w4rnl/Basic-Intermediate-Tutorial-Models/Tutorial-2/ch-20/20-2e-nec2.nec,ok,ok,0.005071595311164856,0.005138841457664967,,0
cebik-w4rnl/Basic-Intermediate-Tutorial-Models/Tutorial-2/ch-20/20-2f-nec2.nec,ok,ok,0.005293908528983593,0.005126321688294411,,0
cebik-w4rnl/Basic-Intermediate-Tutorial-Models/Tutorial-2/ch-20/20-2g-nec.nec,ok,ok,0.005168437026441097,0.005129129625856876,,0
cebik-w4rnl/Basic-Intermediate-Tutorial-Models/Tutorial-2/ch-20/20-3a.nec,ok,ok,0.00520212110131979,0.0051429253071546555,,0
cebik-w4rnl/Basic-Intermediate-Tutorial-Models/Tutorial-2/ch-20/20-3b.nec,ok,ok,0.00509465578943491,0.005069212056696415,,0
cebik-w4rnl/Basic-Intermediate-Tutorial-Models/Tutorial-2/ch-20/20-3c.nec,ok,ok,0.005181960761547089,0.005046509206295013,,0
cebik-w4rnl/Basic-Intermediate-Tutorial-Models/Tutorial-2/ch-20/20-3d.nec,ok,ok,0.005145208910107613,0.005044352263212204,,0
cebik-w4rnl/Basic-Intermediate-Tutorial-Models/Tutorial-2/ch-20/20-3e.nec,ok,ok,0.005154763348400593,0.005135646089911461,,0
cebik-w4rnl/Basic-Intermediate-Tutorial-Models/Tutorial-2/ch-20/20-3f.nec,ok,ok,0.00516381673514843,0.005158058367669582,,0
cebik-w4rnl/Basic-Intermediate-Tutorial-Models/Tutorial-2/ch-20/20-3g.nec,ok,ok,0.005089981481432915,0.005132458172738552,,0
cebik-w4rnl/Basic-Intermediate-Tutorial-Models/Tutorial-2/ch-20/20-4a-nec2.nec,ok,ok,0.005110796540975571,0.005072152242064476,,0
cebik-w4rnl/Basic-Intermediate-Tutorial-Models/Tutorial-2/ch-20/20-4b-nec2.nec,ok,ok,0.005182976834475994,0.005091523751616478,,0
cebik-w4rnl/Basic-Intermediate-Tutorial-Models/Tutorial-2/ch-20/20-4c-nec2.nec,ok,ok,0.005112213082611561,0.005132327787578106,,0
cebik-w4rnl/Basic-Intermediate-Tutorial-Models/Tutorial-2/ch-20/20-4d-nec2.nec,ok,ok,0.005167755298316479,0.005078792572021484,,0
cebik-w4rnl/Basic-Intermediate-Tutorial-Models/Tutorial-2/ch-20/20-4e-nec2.nec,ok,ok,0.005087067373096943,0.005091991275548935,,0
cebik-w4rnl/Basic-Intermediate-Tutorial-Models/Tutorial-2/ch-20/20-4f-nec2.nec,ok,ok,0.005190437659621239,0.005046314559876919,,0
cebik-w4rnl/Basic-Intermediate-Tutorial-Models/Tutorial-2/ch-20/20-4g-nec2.nec,ok,ok,0.005103307776153088,0.005188211798667908,,0
cebik-w4rnl/Basic-Intermediate-Tutorial-Models/Tutorial-2/ch-20/20-5a.nec,ok,ok,0.005227356217801571,0.005260232836008072,,0
cebik-w4rnl/Basic-Intermediate-Tutorial-Models/Tutorial-2/ch-20/20-5b.nec,ok,ok,0.005354485474526882,0.00516851432621479,,0
cebik-w4rnl/Basic-Intermediate-Tutorial-Models/Tutorial-2/ch-20/20-5c.nec,ok,ok,0.005048863589763641,0.0051985932514071465,,0
cebik-w4rnl/Basic-Intermediate-Tutorial-Models/Tutorial-2/ch-20/20-5d.nec,ok,ok,0.005237774923443794,0.005147414281964302,,0
cebik-w4rnl/Basic-Intermediate-Tutorial-Models/Tutorial-2/ch-20/20-5e.nec,ok,ok,0.00503173004835844,0.005249449051916599,,0
cebik-w4rnl/Basic-Intermediate-Tutorial-Models/Tutorial-2/ch-20/20-5f.nec,ok,ok,0.005157649517059326,0.00520534161478281,,0
cebik-w4rnl/Basic-Intermediate-Tutorial-Models/Tutorial-2/ch-20/20-5g.nec,ok,ok,0.005152535624802113,0.005445422604680061,,0
cebik-w4rnl/Basic-Intermediate-Tutorial-Models/Tutorial-2/ch-20/20-6.nec,ok,ok,0.005507617257535458,0.00580972246825695,,0
cebik-w4rnl/Basic-Intermediate-Tutorial-Models/Tutorial-2/ch-20/20-6a.nec,ok,ok,0.005814432166516781,0.005466032773256302,,0
cebik-w4rnl/Basic-Intermediate-Tutorial-Models/Tutorial-2/ch-20/20-6b.nec,ok,ok,0.005658190697431564,0.005683662369847298,,0
cebik-w4rnl/Basic-Intermediate-Tutorial-Models/Tutorial-2/ch-20/20-7.nec,ok,ok,0.0034233806654810905,0.005101487040519714,,0
cebik-w4rnl/Basic-Intermediate-Tutorial-Models/Tutorial-2/ch-20/20-8-nec2.nec,ok,ok,0.004132668487727642,0.00397838931530714,,0
cebik-w4rnl/Basic-Intermediate-Tutorial-Models/Tutorial-2/ch-20/20-8-nec4.nec,ok-no-source,ok-no-source,0.0036560017615556717,0.0032831495627760887,,0
cebik-w4rnl/Basic-Intermediate-Tutorial-Models/Tutorial-2/ch-20/20-9-nec2.nec,ok,ok,0.01790971029549837,0.018012290820479393,,0
cebik-w4rnl/Basic-Intermediate-Tutorial-Models/Tutorial-2/ch-20/20-9-nec4.nec,ok-no-source,ok-no-source,0.01648686919361353,0.0158023489639163,,0
cebik-w4rnl/Basic-Intermediate-Tutorial-Models/Tutorial-2/ch-21/21-1.nec,ok,ok,0.007551389746367931,0.007372901774942875,,0
cebik-w4rnl/Basic-Intermediate-Tutorial-Models/Tutorial-2/ch-21/21-10.nec,ok,ok,0.016079233027994633,0.016056915745139122,,0
cebik-w4rnl/Basic-Intermediate-Tutorial-Models/Tutorial-2/ch-21/21-11.nec,ok,ok,0.09238839522004128,0.09113686252385378,1.0137,1
cebik-w4rnl/Basic-Intermediate-Tutorial-Models/Tutorial-2/ch-21/21-12a.nec,ok,ok,0.007358183152973652,0.0073283882811665535,,0
cebik-w4rnl/Basic-Intermediate-Tutorial-Models/Tutorial-2/ch-21/21-12b.nec,ok,ok,0.007369854487478733,0.00738656148314476,,0
cebik-w4rnl/Basic-Intermediate-Tutorial-Models/Tutorial-2/ch-21/21-12c.nec,ok,ok,0.007381047122180462,0.007434936240315437,,0
cebik-w4rnl/Basic-Intermediate-Tutorial-Models/Tutorial-2/ch-21/21-13.nec,ok,ok,0.013233509846031666,0.013221802189946175,,0
cebik-w4rnl/Basic-Intermediate-Tutorial-Models/Tutorial-2/ch-21/21-14.nec,ok,ok,0.011107898317277431,0.011085189878940582,,0
cebik-w4rnl/Basic-Intermediate-Tutorial-Models/Tutorial-2/ch-21/21-15.nec,ok,ok,0.011145150288939476,0.011031812988221645,,0
cebik-w4rnl/Basic-Intermediate-Tutorial-Models/Tutorial-2/ch-21/21-2.nec,ok,ok,0.01287072990089655,0.011328307911753654,,0
cebik-w4rnl/Basic-Intermediate-Tutorial-Models/Tutorial-2/ch-21/21-3.nec,ok,ok,0.0073842378333210945,0.010092589072883129,,0
cebik-w4rnl/Basic-Intermediate-Tutorial-Models/Tutorial-2/ch-21/21-4.nec,ok,ok,0.007416268810629845,0.007722233422100544,,0
cebik-w4rnl/Basic-Intermediate-Tutorial-Models/Tutorial-2/ch-21/21-5.nec,ok,ok,0.013371370732784271,0.01346452347934246,,0
cebik-w4rnl/Basic-Intermediate-Tutorial-Models/Tutorial-2/ch-21/21-6.nec,ok,ok,0.040227568708360195,0.0401432765647769,,0
cebik-w4rnl/Basic-Intermediate-Tutorial-Models/Tutorial-2/ch-21/21-7.nec,ok,ok,0.013168347999453545,0.013278473168611526,,0
cebik-w4rnl/Basic-Intermediate-Tutorial-Models/Tutorial-2/ch-21/21-8.nec,ok,ok,0.009804842062294483,0.006962217390537262,,0
cebik-w4rnl/Basic-Intermediate-Tutorial-Models/Tutorial-2/ch-21/21-9.nec,ok,ok,0.02110473532229662,0.020586399361491203,,0
cebik-w4rnl/Basic-Intermediate-Tutorial-Models/Tutorial-2/ch-3/3-0.nec,ok,ok,0.005500003695487976,0.005414331331849098,,0
cebik-w4rnl/Basic-Intermediate-Tutorial-Models/Tutorial-2/ch-3/3-1.nec,ok,ok,0.006458835676312447,0.01529515441507101,,0
cebik-w4rnl/Basic-Intermediate-Tutorial-Models/Tutorial-2/ch-3/3-1a-nec2.nec,ok,ok,0.018087034113705158,0.0057204123586416245,,0
cebik-w4rnl/Basic-Intermediate-Tutorial-Models/Tutorial-2/ch-3/3-1a-nec4.nec,ok,ok,0.007984569296240807,0.007592952810227871,,0
cebik-w4rnl/Basic-Intermediate-Tutorial-Models/Tutorial-2/ch-3/3-1b-nec4.nec,ok,ok,0.005613833665847778,0.006181531585752964,,0
cebik-w4rnl/Basic-Intermediate-Tutorial-Models/Tutorial-2/ch-3/3-1c-nec4.nec,ok,ok,0.0055896202102303505,0.006295477040112019,,0
cebik-w4rnl/Basic-Intermediate-Tutorial-Models/Tutorial-2/ch-3/3-1d-nec4.nec,ok,ok,0.005685675889253616,0.005718240514397621,,0
cebik-w4rnl/Basic-Intermediate-Tutorial-Models/Tutorial-2/ch-3/3-2.nec,ok,ok,0.2439530799165368,0.2450064131990075,0.9957,1
cebik-w4rnl/Basic-Intermediate-Tutorial-Models/Tutorial-2/ch-3/3-2a-nec4.nec,ok,ok,0.2459629299119115,0.24602194875478745,0.9998,1
cebik-w4rnl/Basic-Intermediate-Tutorial-Models/Tutorial-2/ch-3/3-2b-nec4.nec,ok,ok,0.259259638376534,0.24692690558731556,1.0499,1
cebik-w4rnl/Basic-Intermediate-Tutorial-Models/Tutorial-2/ch-3/3-3.nec,ok,ok,0.004873394034802914,0.00500904954969883,,0
cebik-w4rnl/Basic-Intermediate-Tutorial-Models/Tutorial-2/ch-3/3-3a.nec,ok,ok,0.005073919892311096,0.004926805384457111,,0
cebik-w4rnl/Basic-Intermediate-Tutorial-Models/Tutorial-2/ch-3/3-3b.nec,ok,ok,0.0050362953916192055,0.0050201416015625,,0
cebik-w4rnl/Basic-Intermediate-Tutorial-Models/Tutorial-2/ch-3/3-3c.nec,ok,ok,0.005016040056943893,0.00505384337157011,,0
cebik-w4rnl/Basic-Intermediate-Tutorial-Models/Tutorial-2/ch-3/3-4.nec,ok,ok,0.01456860639154911,0.0145445317029953,,0
cebik-w4rnl/Basic-Intermediate-Tutorial-Models/Tutorial-2/ch-3/3-4a.nec,ok,ok,0.010878829285502434,0.010695177130401134,,0
cebik-w4rnl/Basic-Intermediate-Tutorial-Models/Tutorial-2/ch-3/3-5.nec,ok,ok,0.022440028376877308,0.02242784295231104,,0
cebik-w4rnl/Basic-Intermediate-Tutorial-Models/Tutorial-2/ch-3/3-5a.nec,ok,ok,0.010779975913465023,0.010691124945878983,,0
cebik-w4rnl/Basic-Intermediate-Tutorial-Models/Tutorial-2/ch-3/3-6.nec,ok,ok,0.005136376246809959,0.005075031891465187,,0
cebik-w4rnl/Basic-Intermediate-Tutorial-Models/Tutorial-2/ch-3/3-6a.nec,ok,ok,0.005129425786435604,0.005041545256972313,,0
cebik-w4rnl/Basic-Intermediate-Tutorial-Models/Tutorial-2/ch-3/3-6b.nec,ok,ok,0.005114826373755932,0.005098399706184864,,0
cebik-w4rnl/Basic-Intermediate-Tutorial-Models/Tutorial-2/ch-3/3-6c.nec,ok,ok,0.005181780084967613,0.005075749009847641,,0
cebik-w4rnl/Basic-Intermediate-Tutorial-Models/Tutorial-2/ch-3/3-7.nec,ok,ok,0.005159863270819187,0.005313756875693798,,0
cebik-w4rnl/Basic-Intermediate-Tutorial-Models/Tutorial-2/ch-3/3-7a.nec,ok,ok,0.005294036120176315,0.005202560685575008,,0
cebik-w4rnl/Basic-Intermediate-Tutorial-Models/Tutorial-2/ch-3/3-7b.nec,ok,ok,0.007707139477133751,0.007532547228038311,,0
cebik-w4rnl/Basic-Intermediate-Tutorial-Models/Tutorial-2/ch-3/3-8.nec,ok,ok,0.008341237902641296,0.008297977037727833,,0
cebik-w4rnl/Basic-Intermediate-Tutorial-Models/Tutorial-2/ch-3/3-8a.nec,ok,ok,0.006696808151900768,0.006773820146918297,,0
cebik-w4rnl/Basic-Intermediate-Tutorial-Models/Tutorial-2/ch-3/3-9.nec,ok,ok,0.014596072025597095,0.014427746646106243,,0
cebik-w4rnl/Basic-Intermediate-Tutorial-Models/Tutorial-2/ch-3/3-9a.nec,ok,ok,0.01315620169043541,0.013250412419438362,,0
cebik-w4rnl/Basic-Intermediate-Tutorial-Models/Tutorial-2/ch-4/4-1-nec2.nec,ok,ok,0.01639162003993988,0.01632002741098404,,0
cebik-w4rnl/Basic-Intermediate-Tutorial-Models/Tutorial-2/ch-4/4-1.nec,ok,ok,0.016072873026132584,0.016058827750384808,,0
cebik-w4rnl/Basic-Intermediate-Tutorial-Models/Tutorial-2/ch-4/4-1a.nec,ok,ok,0.01602769736200571,0.015986422076821327,,0
cebik-w4rnl/Basic-Intermediate-Tutorial-Models/Tutorial-2/ch-4/4-1b.nec,ok,ok,0.015658673830330372,0.015707068145275116,,0
cebik-w4rnl/Basic-Intermediate-Tutorial-Models/Tutorial-2/ch-4/4-1c.nec,ok,ok,0.016291171312332153,0.016277807764708996,,0
cebik-w4rnl/Basic-Intermediate-Tutorial-Models/Tutorial-2/ch-4/4-2a.nec,ok,ok,0.01630552764981985,0.016224930994212627,,0
cebik-w4rnl/Basic-Intermediate-Tutorial-Models/Tutorial-2/ch-4/4-2b.nec,ok,ok,0.016246980987489223,0.016378982923924923,,0
cebik-w4rnl/Basic-Intermediate-Tutorial-Models/Tutorial-2/ch-4/4-3a.nec,ok,ok,0.03180179838091135,0.03190606739372015,,0
cebik-w4rnl/Basic-Intermediate-Tutorial-Models/Tutorial-2/ch-4/4-3b.nec,ok,ok,0.012433744966983795,0.012399283237755299,,0
cebik-w4rnl/Basic-Intermediate-Tutorial-Models/Tutorial-2/ch-4/4-3c.nec,ok,ok,0.012658118270337582,0.012621370144188404,,0
cebik-w4rnl/Basic-Intermediate-Tutorial-Models/Tutorial-2/ch-4/4-4.nec,ok,ok,0.13067801389843225,0.13059728126972914,1.0006,1
cebik-w4rnl/Basic-Intermediate-Tutorial-Models/Tutorial-2/ch-4/4-4a.nec,ok,ok,0.1331131448969245,0.13170047290623188,1.0107,1
cebik-w4rnl/Basic-Intermediate-Tutorial-Models/Tutorial-2/ch-4/4-5.nec,ok,ok,0.018300523050129414,0.018105441704392433,,0
cebik-w4rnl/Basic-Intermediate-Tutorial-Models/Tutorial-2/ch-4/4-5a.nec,ok,ok,0.023417687974870205,0.02335482183843851,,0
cebik-w4rnl/Basic-Intermediate-Tutorial-Models/Tutorial-2/ch-4/4-5b.nec,ok,ok,0.025643831118941307,0.026201723143458366,,0
cebik-w4rnl/Basic-Intermediate-Tutorial-Models/Tutorial-2/ch-4/4-5c.nec,ok,ok,0.025939377024769783,0.025634069927036762,,0
cebik-w4rnl/Basic-Intermediate-Tutorial-Models/Tutorial-2/ch-4/4-6.nec,ok,ok,0.013602865859866142,0.013493224047124386,,0
cebik-w4rnl/Basic-Intermediate-Tutorial-Models/Tutorial-2/ch-4/4-6a.nec,ok,ok,0.013595051132142544,0.013639021664857864,,0
cebik-w4rnl/Basic-Intermediate-Tutorial-Models/Tutorial-2/ch-4/4-7.nec,ok,ok,0.019219182431697845,0.01902030874043703,,0
cebik-w4rnl/Basic-Intermediate-Tutorial-Models/Tutorial-2/ch-4/4-7a.nec,ok,ok,0.011225367896258831,0.010024393908679485,,0
cebik-w4rnl/Basic-Intermediate-Tutorial-Models/Tutorial-2/ch-4/4-8.nec,ok,ok,0.13286728784441948,0.13945384602993727,0.9528,1
cebik-w4rnl/Basic-Intermediate-Tutorial-Models/Tutorial-2/ch-4/4-9.nec,ok,ok,0.028999493457376957,0.028897308744490147,,0
cebik-w4rnl/Basic-Intermediate-Tutorial-Models/Tutorial-2/ch-4/4-9a.nec,ok,ok,0.02882485743612051,0.028937112540006638,,0
cebik-w4rnl/Basic-Intermediate-Tutorial-Models/Tutorial-2/ch-5/5-1.nec,ok,ok,0.005973382852971554,0.005968715995550156,,0
cebik-w4rnl/Basic-Intermediate-Tutorial-Models/Tutorial-2/ch-5/5-10.nec,ok,ok,0.44403168093413115,0.44931020867079496,0.9883,1
cebik-w4rnl/Basic-Intermediate-Tutorial-Models/Tutorial-2/ch-5/5-10a.nec,ok,ok,0.27080642245709896,0.2715247170999646,0.9974,1
cebik-w4rnl/Basic-Intermediate-Tutorial-Models/Tutorial-2/ch-5/5-1a.nec,ok,ok,0.005982620641589165,0.005914413370192051,,0
cebik-w4rnl/Basic-Intermediate-Tutorial-Models/Tutorial-2/ch-5/5-1b.nec,ok,ok,0.005893250927329063,0.005757150240242481,,0
cebik-w4rnl/Basic-Intermediate-Tutorial-Models/Tutorial-2/ch-5/5-2a.nec,ok,ok,0.006346693262457848,0.0062567684799432755,,0
cebik-w4rnl/Basic-Intermediate-Tutorial-Models/Tutorial-2/ch-5/5-2b.nec,ok,ok,0.006318692117929459,0.0062212953343987465,,0
cebik-w4rnl/Basic-Intermediate-Tutorial-Models/Tutorial-2/ch-5/5-3.nec,ok,ok,0.006086728535592556,0.006000744178891182,,0
cebik-w4rnl/Basic-Intermediate-Tutorial-Models/Tutorial-2/ch-5/5-3a.nec,ok,ok,0.005817761644721031,0.0058518582955002785,,0
cebik-w4rnl/Basic-Intermediate-Tutorial-Models/Tutorial-2/ch-5/5-3b.nec,ok,ok,0.00583927147090435,0.005887649953365326,,0
cebik-w4rnl/Basic-Intermediate-Tutorial-Models/Tutorial-2/ch-5/5-4.nec,ok,ok,0.005173501558601856,0.00526027474552393,,0
cebik-w4rnl/Basic-Intermediate-Tutorial-Models/Tutorial-2/ch-5/5-4a.nec,ok,ok,0.005611616186797619,0.0054863691329956055,,0
cebik-w4rnl/Basic-Intermediate-Tutorial-Models/Tutorial-2/ch-5/5-5.nec,ok,ok,0.008435717783868313,0.008403022773563862,,0
cebik-w4rnl/Basic-Intermediate-Tutorial-Models/Tutorial-2/ch-5/5-5a.nec,ok,ok,0.012634078040719032,0.012310161255300045,,0
cebik-w4rnl/Basic-Intermediate-Tutorial-Models/Tutorial-2/ch-5/5-6.nec,ok,ok,0.005767859518527985,0.007933939807116985,,0
cebik-w4rnl/Basic-Intermediate-Tutorial-Models/Tutorial-2/ch-5/5-6a.nec,ok,ok,0.008129953406751156,0.006253248080611229,,0
cebik-w4rnl/Basic-Intermediate-Tutorial-Models/Tutorial-2/ch-5/5-6b.nec,ok,ok,0.006440626457333565,0.008652429096400738,,0
cebik-w4rnl/Basic-Intermediate-Tutorial-Models/Tutorial-2/ch-5/5-7.nec,ok,ok,0.01104697585105896,0.011325974948704243,,0
cebik-w4rnl/Basic-Intermediate-Tutorial-Models/Tutorial-2/ch-5/5-7a.nec,ok,ok,0.0644524684175849,0.06270617246627808,1.0278,1
cebik-w4rnl/Basic-Intermediate-Tutorial-Models/Tutorial-2/ch-5/5-7b.nec,ok,ok,0.06455977354198694,0.06214137747883797,1.0389,1
cebik-w4rnl/Basic-Intermediate-Tutorial-Models/Tutorial-2/ch-5/5-7c.nec,ok,ok,0.03224809840321541,0.03149652015417814,,0
cebik-w4rnl/Basic-Intermediate-Tutorial-Models/Tutorial-2/ch-5/5-7d.nec,ok,ok,0.031996626406908035,0.031448978930711746,,0
cebik-w4rnl/Basic-Intermediate-Tutorial-Models/Tutorial-2/ch-5/5-8.nec,ok,ok,5.129049024544656,5.122392331250012,1.0013,1
cebik-w4rnl/Basic-Intermediate-Tutorial-Models/Tutorial-2/ch-5/5-8a.nec,ok,ok,12.233394709415734,12.121158517897129,1.0093,1
cebik-w4rnl/Basic-Intermediate-Tutorial-Models/Tutorial-2/ch-5/5-8b.nec,ok,ok,1.0118278032168746,0.9929487034678459,1.0190,1
cebik-w4rnl/Basic-Intermediate-Tutorial-Models/Tutorial-2/ch-5/5-9.nec,ok,ok,0.00726418849080801,0.007116707973182201,,0
cebik-w4rnl/Basic-Intermediate-Tutorial-Models/Tutorial-2/ch-5/5-9a.nec,ok,ok,0.009283640421926975,0.009208258241415024,,0
cebik-w4rnl/Basic-Intermediate-Tutorial-Models/Tutorial-2/ch-5/5-9b.nec,ok,ok,0.007197132334113121,0.007232173345983028,,0
cebik-w4rnl/Basic-Intermediate-Tutorial-Models/Tutorial-2/ch-5/5-9c-nec2.nec,error,error,0.004470116458833218,0.004501854069530964,,0
cebik-w4rnl/Basic-Intermediate-Tutorial-Models/Tutorial-2/ch-5/5-9c-nec4.nec,error,error,0.004446125589311123,0.00441377330571413,,0
cebik-w4rnl/Basic-Intermediate-Tutorial-Models/Tutorial-2/ch-6/6-4.nec,ok-no-source,ok-no-source,0.03778580203652382,0.038166810758411884,,0
cebik-w4rnl/Basic-Intermediate-Tutorial-Models/Tutorial-2/ch-6/6-4a.nec,ok,ok,0.05500338412821293,0.0536628570407629,1.0250,1
cebik-w4rnl/Basic-Intermediate-Tutorial-Models/Tutorial-2/ch-6/6-5a.nec,ok,ok,0.37814329378306866,0.3774237250909209,1.0019,1
cebik-w4rnl/Basic-Intermediate-Tutorial-Models/Tutorial-2/ch-6/6-6-nec2.nec,ok,ok,0.29209645837545395,0.29204580653458834,1.0002,1
cebik-w4rnl/Basic-Intermediate-Tutorial-Models/Tutorial-2/ch-6/6-6-nec4.nec,ok,ok,0.29048440884798765,0.2918857615441084,0.9952,1
cebik-w4rnl/Basic-Intermediate-Tutorial-Models/Tutorial-2/ch-6/6-s1.nec,ok-no-source,ok-no-source,0.006977743469178677,0.007016695104539394,,0
cebik-w4rnl/Basic-Intermediate-Tutorial-Models/Tutorial-2/ch-6/6-s1a.nec,ok-no-source,ok-no-source,0.012720231898128986,0.012775609269738197,,0
cebik-w4rnl/Basic-Intermediate-Tutorial-Models/Tutorial-2/ch-6/6-s2.nec,ok-no-source,ok-no-source,0.7051224913448095,0.7084420286118984,,0
cebik-w4rnl/Basic-Intermediate-Tutorial-Models/Tutorial-2/ch-6/6-s3a.nec,ok,ok,0.020459171384572983,0.02046533301472664,,0
cebik-w4rnl/Basic-Intermediate-Tutorial-Models/Tutorial-2/ch-6/6-s4.nec,ok-no-source,ok-no-source,0.037693340331315994,0.037935382686555386,,0
cebik-w4rnl/Basic-Intermediate-Tutorial-Models/Tutorial-2/ch-6/6-s4a.nec,ok,ok,0.05408451892435551,0.05402938835322857,1.0010,1
cebik-w4rnl/Basic-Intermediate-Tutorial-Models/Tutorial-2/ch-7/7-0.nec,ok,ok,0.028069287538528442,0.027972296811640263,,0
cebik-w4rnl/Basic-Intermediate-Tutorial-Models/Tutorial-2/ch-7/7-1.nec,ok,ok,0.006167587824165821,0.0062897056341171265,,0
cebik-w4rnl/Basic-Intermediate-Tutorial-Models/Tutorial-2/ch-7/7-10.nec,ok,ok,0.019737455062568188,0.019617442972958088,,0
cebik-w4rnl/Basic-Intermediate-Tutorial-Models/Tutorial-2/ch-7/7-10a.nec,ok,ok,0.024852738715708256,0.024899039417505264,,0
cebik-w4rnl/Basic-Intermediate-Tutorial-Models/Tutorial-2/ch-7/7-10b.nec,ok,ok,0.024149267002940178,0.024119037203490734,,0
cebik-w4rnl/Basic-Intermediate-Tutorial-Models/Tutorial-2/ch-7/7-10c.nec,ok,ok,0.02492234855890274,0.024803968146443367,,0
cebik-w4rnl/Basic-Intermediate-Tutorial-Models/Tutorial-2/ch-7/7-11.nec,ok,ok,0.00859953835606575,0.00853784754872322,,0
cebik-w4rnl/Basic-Intermediate-Tutorial-Models/Tutorial-2/ch-7/7-11a.nec,ok,ok,0.008520571514964104,0.008565898053348064,,0
cebik-w4rnl/Basic-Intermediate-Tutorial-Models/Tutorial-2/ch-7/7-1a.nec,ok,ok,0.006381095387041569,0.006312189623713493,,0
cebik-w4rnl/Basic-Intermediate-Tutorial-Models/Tutorial-2/ch-7/7-2.nec,ok,ok,0.005803205072879791,0.005863999016582966,,0
cebik-w4rnl/Basic-Intermediate-Tutorial-Models/Tutorial-2/ch-7/7-2a.nec,ok,ok,0.005836786702275276,0.005872800946235657,,0
cebik-w4rnl/Basic-Intermediate-Tutorial-Models/Tutorial-2/ch-7/7-2b.nec,ok,ok,0.005855245515704155,0.00587721262127161,,0
cebik-w4rnl/Basic-Intermediate-Tutorial-Models/Tutorial-2/ch-7/7-3.nec,ok,ok,0.006206268444657326,0.006149242632091045,,0
cebik-w4rnl/Basic-Intermediate-Tutorial-Models/Tutorial-2/ch-7/7-3a.nec,ok,ok,0.006267771124839783,0.006134567782282829,,0
cebik-w4rnl/Basic-Intermediate-Tutorial-Models/Tutorial-2/ch-7/7-4.nec,ok,ok,0.005700616165995598,0.005686196498572826,,0
cebik-w4rnl/Basic-Intermediate-Tutorial-Models/Tutorial-2/ch-7/7-5.nec,ok,ok,0.00578096229583025,0.005683942697942257,,0
cebik-w4rnl/Basic-Intermediate-Tutorial-Models/Tutorial-2/ch-7/7-5a.nec,ok,ok,0.005203602835536003,0.005173199810087681,,0
cebik-w4rnl/Basic-Intermediate-Tutorial-Models/Tutorial-2/ch-7/7-5b.nec,ok,ok,0.005813374184072018,0.005807309411466122,,0
cebik-w4rnl/Basic-Intermediate-Tutorial-Models/Tutorial-2/ch-7/7-8.nec,ok,ok,0.018553650937974453,0.01840541511774063,,0
cebik-w4rnl/Basic-Intermediate-Tutorial-Models/Tutorial-2/ch-7/7-9.nec,ok,ok,0.013599053025245667,0.013602238148450851,,0
cebik-w4rnl/Basic-Intermediate-Tutorial-Models/Tutorial-2/ch-7/7-9a.nec,ok,ok,0.2238088697195053,0.22298292070627213,1.0037,1
cebik-w4rnl/Basic-Intermediate-Tutorial-Models/Tutorial-2/ch-8/8-1.nec,ok,ok,0.0036216499283909798,0.003554818220436573,,0
cebik-w4rnl/Basic-Intermediate-Tutorial-Models/Tutorial-2/ch-8/8-1a.nec,ok,ok,0.005472940392792225,0.005412723869085312,,0
cebik-w4rnl/Basic-Intermediate-Tutorial-Models/Tutorial-2/ch-8/8-1b.nec,ok,ok,0.0037440545856952667,0.003702964633703232,,0
cebik-w4rnl/Basic-Intermediate-Tutorial-Models/Tutorial-2/ch-8/8-1c.nec,ok,ok,0.004316880367696285,0.00439996924251318,,0
cebik-w4rnl/Basic-Intermediate-Tutorial-Models/Tutorial-2/ch-8/8-2_1.nec,ok,ok,0.005537479184567928,0.005422266200184822,,0
cebik-w4rnl/Basic-Intermediate-Tutorial-Models/Tutorial-2/ch-8/8-2_2.nec,ok,ok,0.005045912228524685,0.005300935357809067,,0
cebik-w4rnl/Basic-Intermediate-Tutorial-Models/Tutorial-2/ch-8/8-3.nec,ok,ok,0.003906075842678547,0.0038222577422857285,,0
cebik-w4rnl/Basic-Intermediate-Tutorial-Models/Tutorial-2/ch-8/8-3a.nec,no-impedance,no-impedance,0.0032497430220246315,0.003269437700510025,,0
cebik-w4rnl/Basic-Intermediate-Tutorial-Models/Tutorial-2/ch-8/8-3b.nec,no-impedance,no-impedance,0.0031667184084653854,0.003282642923295498,,0
cebik-w4rnl/Basic-Intermediate-Tutorial-Models/Tutorial-2/ch-8/8-3c.nec,ok,ok,0.0042565446346998215,0.0041352491825819016,,0
cebik-w4rnl/Basic-Intermediate-Tutorial-Models/Tutorial-2/ch-8/8-3d.nec,ok,ok,0.004969826899468899,0.005036580376327038,,0
cebik-w4rnl/Basic-Intermediate-Tutorial-Models/Tutorial-2/ch-8/8-4.nec,ok,ok,0.011744747869670391,0.010625586844980717,,0
cebik-w4rnl/Basic-Intermediate-Tutorial-Models/Tutorial-2/ch-8/8-4a.nec,ok,ok,0.013595825992524624,0.014143161475658417,,0
cebik-w4rnl/Basic-Intermediate-Tutorial-Models/Tutorial-2/ch-8/8-5.nec,ok,ok,0.041231634095311165,0.040495545603334904,,0
cebik-w4rnl/Basic-Intermediate-Tutorial-Models/Tutorial-2/ch-8/8-5a.nec,ok,ok,0.06927011255174875,0.07041587959975004,0.9837,1
cebik-w4rnl/Basic-Intermediate-Tutorial-Models/Tutorial-2/ch-8/8-6.nec,ok,ok,0.03714777156710625,0.0366408983245492,,0
cebik-w4rnl/Basic-Intermediate-Tutorial-Models/Tutorial-2/ch-9/9-1.nec,ok,ok,0.0071080755442380905,0.006809882819652557,,0
cebik-w4rnl/Basic-Intermediate-Tutorial-Models/Tutorial-2/ch-9/9-1a.nec,ok,ok,0.006922700442373753,0.006831686943769455,,0
cebik-w4rnl/Basic-Intermediate-Tutorial-Models/Tutorial-2/ch-9/9-2a.nec,ok,ok,0.06935671530663967,0.06900455988943577,1.0051,1
cebik-w4rnl/Basic-Intermediate-Tutorial-Models/Tutorial-2/ch-9/9-2b.nec,ok,ok,0.005039515905082226,0.005020946264266968,,0
cebik-w4rnl/Basic-Intermediate-Tutorial-Models/Tutorial-2/ch-9/9-2c.nec,ok,ok,0.01323210820555687,0.012531757354736328,,0
cebik-w4rnl/Basic-Intermediate-Tutorial-Models/Tutorial-2/ch-9/9-3a.nec,ok,ok,0.07581073883920908,0.07512189354747534,1.0092,1
cebik-w4rnl/Basic-Intermediate-Tutorial-Models/Tutorial-2/ch-9/9-3b.nec,ok,ok,0.03154570050537586,0.03116552345454693,,0
cebik-w4rnl/Basic-Intermediate-Tutorial-Models/Tutorial-2/ch-9/9-4.nec,ok,ok,0.19524180050939322,0.19514228124171495,1.0005,1
cebik-w4rnl/Basic-Intermediate-Tutorial-Models/Tutorial-2/ch-9/9-4a.nec,ok,ok,0.39445999450981617,0.38839635252952576,1.0156,1
cebik-w4rnl/Basic-Intermediate-Tutorial-Models/Tutorial-2/ch-9/9-4b.nec,ok,ok,0.38895947486162186,0.38499500416219234,1.0103,1
cebik-w4rnl/Basic-Intermediate-Tutorial-Models/Tutorial-2/ch-9/9-5.nec,ok,ok,0.007537131197750568,0.0075042154639959335,,0
cebik-w4rnl/Basic-Intermediate-Tutorial-Models/Tutorial-2/ch-9/9-6.nec,ok,ok,0.03696752060204744,0.036291202530264854,,0
cebik-w4rnl/Basic-Intermediate-Tutorial-Models/Tutorial-2/ch-9/9-6a.nec,ok,ok,0.036272686906158924,0.0364072946831584,,0
cebik-w4rnl/Basic-Intermediate-Tutorial-Models/Tutorial-2/ch-9/9-7.nec,ok,ok,0.007654357701539993,0.007462597452104092,,0
cebik-w4rnl/Basic-Intermediate-Tutorial-Models/Tutorial-2/ch-9/9-7a.nec,ok,ok,0.007882515899837017,0.007786489091813564,,0
cebik-w4rnl/Basic-Intermediate-Tutorial-Models/Tutorial-2/ch-9/9-8.nec,ok,ok,0.007441933266818523,0.007395007647573948,,0
cebik-w4rnl/Basic-Intermediate-Tutorial-Models/Tutorial-2/ch-9/9-8a.nec,ok,ok,0.4593660868704319,0.45637740939855576,1.0065,1
cebik-w4rnl/Basic-Intermediate-Tutorial-Models/Tutorial-2/ch-9/9-8b.nec,ok,ok,0.2102641947567463,0.21504809148609638,0.9778,1
cebik-w4rnl/Basic-Intermediate-Tutorial-Models/Tutorial-2/ch-9/9-8c.nec,ok,ok,0.22947169840335846,0.22851613443344831,1.0042,1
cebik-w4rnl/Moxon-Rectangle-Notes-Models/mox10-1al.nec,ok,ok,0.008984277956187725,0.013600930571556091,,0
cebik-w4rnl/Moxon-Rectangle-Notes-Models/mox10-1alv.nec,ok,ok,0.008419527672231197,0.008375870995223522,,0
cebik-w4rnl/Moxon-Rectangle-Notes-Models/mox20-11.nec,ok,ok,0.010338318534195423,0.010182380676269531,,0
cebik-w4rnl/models/LPDAs/nec/LP100-1000-12el3ft150o.nec,ok,ok,0.10919310990720987,0.10965568758547306,0.9958,1
cebik-w4rnl/models/LPDAs/nec/lc14-7el38ft80o-1.nec,ok,ok,0.01351173222064972,0.013516746461391449,,0
cebik-w4rnl/models/LPDAs/nec/lc14-7el52ft65o-1.nec,ok,ok,0.013381906785070896,0.013460369780659676,,0
cebik-w4rnl/models/LPDAs/nec/lc21-5el21ft800o-1-vee.nec,ok,ok,0.01961331721395254,0.019557323306798935,,0
cebik-w4rnl/models/LPDAs/nec/lc21-7el35ft65o-75.nec,ok,ok,0.013450250960886478,0.013332140631973743,,0
cebik-w4rnl/models/LPDAs/nec/lc28-4el10ft75o.nec,ok,ok,0.013857218436896801,0.013655990362167358,,0
cebik-w4rnl/models/LPDAs/nec/lc28-5el16ft800o-75-Vee.nec,ok,ok,0.020177598111331463,0.020060131326317787,,0
cebik-w4rnl/models/LPDAs/nec/lc28-5el20ft150o-50-W6SAI.nec,ok,ok,0.010577752254903316,0.010503430850803852,,0
cebik-w4rnl/models/LPDAs/nec/lc28-6el12ft75o-1.nec,ok,ok,0.012785889208316803,0.01272130012512207,,0
cebik-w4rnl/models/LPDAs/nec/lc28-6el28ft100o-50.nec,ok,ok,0.012043808586895466,0.012047402560710907,,0
cebik-w4rnl/models/LPDAs/nec/lc28-7el14ft80o-875.nec,ok,ok,0.014600922353565693,0.014505088329315186,,0
cebik-w4rnl/models/LPDAs/nec/lc28-7el15ft100o-1.nec,ok,ok,0.0147054772824049,0.014638473279774189,,0
cebik-w4rnl/models/LPDAs/nec/lc28-7el15ft80o-1.nec,ok,ok,0.01454046368598938,0.01467694342136383,,0
cebik-w4rnl/models/LPDAs/nec/lc28-7el19ft80o-50.nec,ok,ok,0.013200726360082626,0.013562115840613842,,0
cebik-w4rnl/models/LPDAs/nec/lc28-7el19ft80o-75.nec,ok,ok,0.013330024667084217,0.013213047757744789,,0
cebik-w4rnl/models/LPDAs/nec/lc28-7el21ft65o-75.nec,ok,ok,0.0132534084841609,0.013307278044521809,,0
cebik-w4rnl/models/LPDAs/nec/lc28-7el25ft80o-75.nec,ok,ok,0.01306786760687828,0.013114224188029766,,0
cebik-w4rnl/models/LPDAs/nec/lc28-7el26ft65o-75.nec,ok,ok,0.013439508154988289,0.013035430572926998,,0
cebik-w4rnl/models/LPDAs/nec/lc28-7el28ft70o-75.nec,ok,ok,0.013197869062423706,0.013012656942009926,,0
cebik-w4rnl/models/LPDAs/nec/lp10-30-12el45ft250o.nec,ok,ok,0.033299616537988186,0.032651071436703205,,0
cebik-w4rnl/models/LPDAs/nec/lp10-30-15el45ft250o.nec,ok,ok,0.046813903376460075,0.046699389815330505,,0
cebik-w4rnl/models/LPDAs/nec/lp100-1000-12el5ft150o.nec,ok,ok,0.12420190311968327,0.11388348042964935,1.0906,1
cebik-w4rnl/models/LPDAs/nec/lp100-1000-26el5ft150o.nec,ok,ok,0.2996275797486305,0.2983856936916709,1.0042,1
cebik-w4rnl/models/LPDAs/nec/lp100-12elFM-med.nec,ok,ok,0.01551390066742897,0.015352229587733746,,0
cebik-w4rnl/models/LPDAs/nec/lp100-16elFM-long.nec,ok,ok,0.024611537344753742,0.024655143730342388,,0
cebik-w4rnl/models/LPDAs/nec/lp100-8elFM-short.nec,ok,ok,0.011990641243755817,0.011712392792105675,,0
cebik-w4rnl/models/LPDAs/nec/lp14-29-11el30ft225o.nec,ok,ok,0.02139604464173317,0.021020771004259586,,0
cebik-w4rnl/models/LPDAs/nec/lp14-29-12el33ft250o-dir.nec,ok,ok,0.023419362492859364,0.02265923283994198,,0
cebik-w4rnl/models/LPDAs/nec/lp14-30-12el26ft125o.nec,ok,ok,0.024614271707832813,0.02406502701342106,,0
cebik-w4rnl/models/LPDAs/nec/lp14-30-12el32ft100o.nec,ok,ok,0.028165609575808048,0.028288456611335278,,0
cebik-w4rnl/models/LPDAs/nec/lp14-30-12el32ft400o.nec,ok,ok,0.02405537199229002,0.025273715145885944,,0
cebik-w4rnl/models/LPDAs/nec/lp14-30-13el29ft200o-telerana14.nec,ok,ok,0.03136864956468344,0.03191900718957186,,0
cebik-w4rnl/models/LPDAs/nec/lp14-30-13el29ft200o-telerana50.nec,ok,ok,0.03144820034503937,0.0312683405354619,,0
cebik-w4rnl/models/LPDAs/nec/lp14-30-13el29ft200o-teleranavee.nec,ok,ok,0.03328297846019268,0.032829444855451584,,0
cebik-w4rnl/models/LPDAs/nec/lp14-30-14el40ft100o.nec,ok,ok,0.12174474354833364,0.12260791473090649,0.9930,1
cebik-w4rnl/models/LPDAs/nec/lp14-30-15el42ft250o-dir-stepdia.nec,ok,ok,0.07112265191972256,0.07019243575632572,1.0133,1
cebik-w4rnl/models/LPDAs/nec/lp14-30-16el42ft100o-dir.nec,ok,ok,0.029299622401595116,0.027424599044024944,,0
cebik-w4rnl/models/LPDAs/nec/lp14-30-21el52ft200o.nec,ok,ok,0.03414417337626219,0.0341132627800107,,0
cebik-w4rnl/models/LPDAs/nec/lp14-30-22el56ft250o-dir.nec,ok,ok,0.03656759671866894,0.03622802905738354,,0
cebik-w4rnl/models/LPDAs/nec/lp14-30-24el58ft200o.nec,ok,ok,0.06560977268964052,0.06554653123021126,1.0010,1
cebik-w4rnl/models/LPDAs/nec/lp14-30-27el217ft200o.nec,ok,ok,0.07494586892426014,0.07434911001473665,1.0080,1
cebik-w4rnl/models/LPDAs/nec/lp14-30-7el20ft100o-K4EWG.nec,ok,ok,0.01836397498846054,0.018287637270987034,,0
cebik-w4rnl/models/LPDAs/nec/lp14-30-8el20ft200o.nec,ok,ok,0.01366609986871481,0.013536031357944012,,0
cebik-w4rnl/models/LPDAs/nec/lp14-30-9el21ft250o-dir.nec,ok,ok,0.018057544715702534,0.018032514490187168,,0
cebik-w4rnl/models/LPDAs/nec/lp144-6el5ft75o-1875.nec,ok,ok,0.017017435282468796,0.017058081924915314,,0
cebik-w4rnl/models/LPDAs/nec/lp17-5el32ft50o.nec,ok,ok,0.007070849649608135,0.010158199816942215,,0
cebik-w4rnl/models/LPDAs/nec/lp21-5el27ft50o.nec,ok,ok,0.007189921103417873,0.0071159955114126205,,0
cebik-w4rnl/models/LPDAs/nec/lp220-15el11ft80o.nec,ok,ok,0.09367489069700241,0.09203055035322905,1.0179,1
cebik-w4rnl/models/LPDAs/nec/lp220-17el11ft60o.nec,ok,ok,0.08972100727260113,0.08854479715228081,1.0133,1
cebik-w4rnl/models/LPDAs/nec/lp220-18el11ft60o.nec,ok,ok,0.09970035031437874,0.09694991819560528,1.0284,1
cebik-w4rnl/models/LPDAs/nec/lp220-20el12ft60o.nec,ok,ok,0.1188105121254921,0.12192689441144466,0.9744,1
cebik-w4rnl/models/LPDAs/nec/lp220-20el13ft60o.nec,ok,ok,0.07988930679857731,0.08037391770631075,0.9940,1
cebik-w4rnl/models/LPDAs/nec/lp250-276-21el4ft80o.nec,ok,ok,0.05034844949841499,0.05395760852843523,0.9331,1
cebik-w4rnl/models/LPDAs/nec/lp250-317-10el3ft75o.nec,ok,ok,0.011688847094774246,0.010208404622972012,,0
cebik-w4rnl/models/LPDAs/nec/lp250-317-15el5ft75o.nec,ok,ok,0.017584748566150665,0.017042906023561954,,0
cebik-w4rnl/models/LPDAs/nec/lp250-317-8el3ft75o.nec,ok,ok,0.00871544610708952,0.008742681704461575,,0
cebik-w4rnl/models/LPDAs/nec/lp250-500-12el3ft80o.nec,ok,ok,0.02996707148849964,0.02975541353225708,,0
cebik-w4rnl/models/LPDAs/nec/lp250-500-20el3ft80o.nec,ok,ok,0.06738380715250969,0.06739434320479631,0.9998,1
cebik-w4rnl/models/LPDAs/nec/lp28-30-4el8ft200o-wire12.nec,ok,ok,0.013900352641940117,0.013908585533499718,,0
cebik-w4rnl/models/LPDAs/nec/lp28-30-4el8ft75o-W4RNL.nec,ok,ok,0.014118769206106663,0.014187012799084187,,0
cebik-w4rnl/models/LPDAs/nec/lp28-30-4el8ft75o-fatel-W4RNL.nec,ok,ok,0.014029019512236118,0.013736703433096409,,0
cebik-w4rnl/models/LPDAs/nec/lp28-30-4el8ft75o-stepdia-W4RNL.nec,ok,ok,0.013215174898505211,0.012880777008831501,,0
cebik-w4rnl/models/LPDAs/nec/lp28-30-53l8ft300o-wire12-zigzag.nec,ok,ok,0.03417715057730675,0.03403946291655302,,0
cebik-w4rnl/models/LPDAs/nec/lp28-30-5el8ftnoline-wire10-zigzag.nec,ok,ok,0.022097899578511715,0.019014276564121246,,0
cebik-w4rnl/models/LPDAs/nec/lp28-31-10el48ft80o.nec,ok,ok,0.013074786402285099,0.012766475789248943,,0
cebik-w4rnl/models/LPDAs/nec/lp3-30-20el100ft200o.nec,ok,ok,0.3684925753623247,0.3744134809821844,0.9842,1
cebik-w4rnl/models/LPDAs/nec/lp3-30-20el60ft150o.nec,ok,ok,0.19076819065958261,0.18937586434185505,1.0074,1
cebik-w4rnl/models/LPDAs/nec/lp3-30-21el100ft200o.nec,ok,ok,0.19055268913507462,0.19162951502949,0.9944,1
cebik-w4rnl/models/LPDAs/nec/lp3-30-22el100ft200o.nec,ok,ok,0.2038598982617259,0.20766454096883535,0.9817,1
cebik-w4rnl/models/LPDAs/nec/lp3-30-23el100ft200o.nec,ok,ok,0.2299442831426859,0.22785926423966885,1.0092,1
cebik-w4rnl/models/LPDAs/nec/lp3-30-24el100ft200o.nec,ok,ok,0.2526953900232911,0.2552972761914134,0.9898,1
cebik-w4rnl/models/LPDAs/nec/lp3-30-25el100ft200o.nec,ok,ok,0.2768178693950176,0.2752311620861292,1.0058,1
cebik-w4rnl/models/LPDAs/nec/lp3-30-26el100ft200o.nec,ok,ok,0.2990909833461046,0.305367742665112,0.9794,1
cebik-w4rnl/models/LPDAs/nec/lp3-30-26el164ft150o.nec,ok,ok,0.29856330808252096,0.2983471853658557,1.0007,1
cebik-w4rnl/models/LPDAs/nec/lp3-30-33el100ft150o.nec,ok,ok,0.3059749323874712,0.30832958593964577,0.9924,1
cebik-w4rnl/models/LPDAs/nec/lp3-30-33el168ft250o.nec,ok,ok,0.5883361604064703,0.5833623297512531,1.0085,1
cebik-w4rnl/models/LPDAs/nec/lp3-30-42el164ft250o.nec,ok,ok,0.8884216407313943,0.9030391983687878,0.9838,1
cebik-w4rnl/models/LPDAs/nec/lp3-7-10el55ft200o.nec,ok,ok,0.017790937796235085,0.018195626325905323,,0
cebik-w4rnl/models/LPDAs/nec/lp3-7-10el56ft200o.nec,ok,ok,0.018185476772487164,0.018247632309794426,,0
cebik-w4rnl/models/LPDAs/nec/lp3-7-11el53ft200o.nec,ok,ok,0.017497213557362556,0.0172059815376997,,0
cebik-w4rnl/models/LPDAs/nec/lp3-7-12el53ft200o.nec,ok,ok,0.019758292473852634,0.01942441239953041,,0
cebik-w4rnl/models/LPDAs/nec/lp3-7-12el55ft200o.nec,ok,ok,0.02351707685738802,0.02317187376320362,,0
cebik-w4rnl/models/LPDAs/nec/lp3-7-16el84ft200o.nec,ok,ok,0.02986402064561844,0.02970260288566351,,0
cebik-w4rnl/models/LPDAs/nec/lp3r5-4-14el89ft200o-2.nec,ok,ok,0.03252370189875364,0.03243521321564913,,0
cebik-w4rnl/models/LPDAs/nec/lp3r5-4-6el86ft100o-2.nec,ok,ok,0.04826282523572445,0.04773023445159197,,0
cebik-w4rnl/models/LPDAs/nec/lp3r5-4-8el86ft100o-2.nec,ok,ok,0.01622746605426073,0.016135280020534992,,0
cebik-w4rnl/models/LPDAs/nec/lp3r5-4-8el86ft150o-12.nec,ok,ok,0.016565002501010895,0.01605994813144207,,0
cebik-w4rnl/models/LPDAs/nec/lp4-30-19el60ft200o.nec,ok,ok,0.15806450229138136,0.15249676257371902,1.0365,1
cebik-w4rnl/models/LPDAs/nec/lp4-30-20el65ft150o.nec,ok,ok,0.18536676093935966,0.18491149600595236,1.0025,1
cebik-w4rnl/models/LPDAs/nec/lp4-30-20el65ft200o.nec,ok,ok,0.12931543122977018,0.12884523160755634,1.0036,1
cebik-w4rnl/models/LPDAs/nec/lp4-30-21el65ft200o.nec,ok,ok,0.1563469935208559,0.15544824954122305,1.0058,1
cebik-w4rnl/models/LPDAs/nec/lp40-90-22el20ft100o-dir.nec,ok,ok,0.036172857508063316,0.03742142301052809,,0
cebik-w4rnl/models/LPDAs/nec/lp400-800-12el1ft250o.nec,ok,ok,0.02742106281220913,0.028005052357912064,,0
cebik-w4rnl/models/LPDAs/nec/lp7-15-10el35ft200o.nec,ok,ok,0.015884121879935265,0.015626220032572746,,0
cebik-w4rnl/models/LPDAs/nec/lp7-15-11el44ft200o-dir.nec,ok,ok,0.017654712311923504,0.016957486048340797,,0
cebik-w4rnl/models/LPDAs/nec/lp7-15-12el42ft200o.nec,ok,ok,0.02147146873176098,0.0200297012925148,,0
cebik-w4rnl/models/LPDAs/nec/lp7-15-13el53ft200o.nec,ok,ok,0.022703290916979313,0.022593642584979534,,0
cebik-w4rnl/models/LPDAs/nec/lp7-15-16el28ft200o.nec,ok,ok,0.031025785021483898,0.03125810995697975,,0
cebik-w4rnl/models/LPDAs/nec/lp7-15-16el56ft200o.nec,ok,ok,0.028289243578910828,0.028290707617998123,,0
cebik-w4rnl/models/LPDAs/nec/lp7-15-16el70ft200o.nec,ok,ok,0.027842496521770954,0.02764508780092001,,0
cebik-w4rnl/models/LPDAs/nec/lp7-15-16el84ft200o.nec,ok,ok,0.027654514648020267,0.027113625779747963,,0
cebik-w4rnl/models/LPDAs/nec/lp7-15-22el78ft200o.nec,ok,ok,0.05560516007244587,0.05557153560221195,1.0006,1
cebik-w4rnl/models/LPDAs/nec/lp7-15-27el434ft200o.nec,ok,ok,0.07494754903018475,0.07693443819880486,0.9742,1
cebik-w4rnl/models/LPDAs/nec/lp7-15-7el25ft200o.nec,ok,ok,0.010126559995114803,0.010176314041018486,,0
cebik-w4rnl/models/LPDAs/nec/lp7-15-7el37ft200o.nec,ok,ok,0.01015226636081934,0.010089382529258728,,0
cebik-w4rnl/models/LPDAs/nec/lp7-15-9el31ft200o.nec,ok,ok,0.014922919683158398,0.014245949685573578,,0
cebik-w4rnl/models/LPDAs/nec/lp800-1200-17el3ft200o.nec,ok,ok,0.01881315652281046,0.018761353567242622,,0
cebik-w4rnl/models/LPDAs/nec/lp850-2600-36el4ft200o.nec,ok,ok,0.2040532799437642,0.20511873997747898,0.9948,1
cebik-w4rnl/models/LPDAs/nec/lp850-2600-37el4ft80o.nec,ok,ok,0.2327862735837698,0.22990279365330935,1.0125,1
cebik-w4rnl/models/LPDAs/nec/lp900-1400-36el4ft200o.nec,ok,ok,0.20449459552764893,0.20013065729290247,1.0218,1
cebik-w4rnl/models/LPDAs/nec/lpma3r5-4-6el86ft75o-buriedradials.nec,ok,ok,13.679832541383803,13.759055070579052,0.9942,1
cebik-w4rnl/models/Phased-Arrays/nec/10-28-edzlazyh-fs-14.nec,ok,ok,0.008995690383017063,0.008933245204389095,,0
cebik-w4rnl/models/Phased-Arrays/nec/14-29-lpda-50.nec,ok,ok,0.06456055957823992,0.06455744244158268,1.0000,1
cebik-w4rnl/models/Phased-Arrays/nec/14-8jk-fs-75.nec,ok,ok,0.0060415612533688545,0.00588925089687109,,0
cebik-w4rnl/models/Phased-Arrays/nec/14-8jkstack-stdphase-12.nec,ok,ok,0.29927745927125216,0.2988729290664196,1.0014,1
cebik-w4rnl/models/Phased-Arrays/nec/14-8jkstack-xphased-12.nec,ok,ok,0.2999171447008848,0.2968251211568713,1.0104,1
cebik-w4rnl/models/Phased-Arrays/nec/14-fdsp-W7EL.nec,ok,ok,0.14448294136673212,0.14386862609535456,1.0043,1
cebik-w4rnl/models/Phased-Arrays/nec/14-longelphased-directfeedp1-W4RNL.nec,ok,ok,0.009374859742820263,0.009350558742880821,,0
cebik-w4rnl/models/Phased-Arrays/nec/14-phased35o-50-W4RNL.nec,ok,ok,0.15163905266672373,0.13696629647165537,1.1071,1
cebik-w4rnl/models/Phased-Arrays/nec/14-phasedsplit50o-50-W4RNL.nec,ok,ok,0.004800730384886265,0.004825490526854992,,0
cebik-w4rnl/models/Phased-Arrays/nec/14-shortel-stubs-50-N7CL.nec,ok,ok,0.07479739375412464,0.07448611129075289,1.0042,1
cebik-w4rnl/models/Phased-Arrays/nec/14-stacked3elYagis-1.nec,ok,ok,0.08698712754994631,0.08882568031549454,0.9793,1
cebik-w4rnl/models/Phased-Arrays/nec/14-zlsporig-1-ZL3MH.nec,ok,ok,0.07831905595958233,0.07797169219702482,1.0045,1
cebik-w4rnl/models/Phased-Arrays/nec/144-3eledzvbeam-fs-40.nec,ok,ok,0.02178285364061594,0.022064766846597195,,0
cebik-w4rnl/models/Phased-Arrays/nec/146-436-dualquad turnstile-sat-146.nec,ok,ok,0.48404861334711313,0.4832260962575674,1.0017,1
cebik-w4rnl/models/Phased-Arrays/nec/146-436-dualquadturnstile-sat-436.nec,ok,ok,0.33605774585157633,0.3406511405482888,0.9865,1
cebik-w4rnl/models/Phased-Arrays/nec/146-moxrectturnstile-sat-1875.nec,ok,ok,0.1667432663962245,0.16492545325309038,1.0110,1
cebik-w4rnl/models/Phased-Arrays/nec/18-fdsp-W7EL.nec,ok,ok,0.14416385907679796,0.14327941928058863,1.0062,1
cebik-w4rnl/models/Phased-Arrays/nec/18-longelphased-directfeedp1-W4RNL.nec,ok,ok,0.009370985440909863,0.009285906329751015,,0
cebik-w4rnl/models/Phased-Arrays/nec/18-phased35o-50-W4RNL.nec,ok,ok,0.12351520918309689,0.12320803292095661,1.0025,1
cebik-w4rnl/models/Phased-Arrays/nec/18-phasedsplit50o-50-W4RNL.nec,ok,ok,0.004798394627869129,0.004780410788953304,,0
cebik-w4rnl/models/Phased-Arrays/nec/18-shortel-stubs-50-N7CL.nec,ok,ok,0.07484822068363428,0.07416875474154949,1.0092,1
cebik-w4rnl/models/Phased-Arrays/nec/1r1-bc2elphased vert.nec,ok,ok,0.00887954980134964,0.008886188268661499,,0
cebik-w4rnl/models/Phased-Arrays/nec/1r4-bc3elendfire-pergnd.nec,ok,ok,0.025634380988776684,0.025654305703938007,,0
cebik-w4rnl/models/Phased-Arrays/nec/1r4-bc6elb-s+e-f-pergnd.nec,ok,ok,0.08039641194045544,0.0802537053823471,1.0018,1
cebik-w4rnl/models/Phased-Arrays/nec/1r5-bc2xhalfwldr+6parguy-sngnd.nec,ok,ok,0.8735870728269219,0.8751080511137843,0.9983,1
cebik-w4rnl/models/Phased-Arrays/nec/1r5-bc3elendfire-burrad.nec,ok,ok,2.060689895413816,2.0446786796674132,1.0078,1
cebik-w4rnl/models/Phased-Arrays/nec/1r5-bc4elendfire-pergnd.nec,ok,ok,0.12576093152165413,0.12377113848924637,1.0161,1
cebik-w4rnl/models/Phased-Arrays/nec/1r5-bc6elphaseaim-pergnd.nec,ok,ok,0.0836462089791894,0.0831404160708189,1.0061,1
cebik-w4rnl/models/Phased-Arrays/nec/1r5-bchalfwldr+6parguy-sngnd.nec,ok,ok,0.5004776967689395,0.5060645742341876,0.9890,1
cebik-w4rnl/models/Phased-Arrays/nec/1r8-2-elphased-radials.nec,ok,ok,3.5002652453258634,3.498349003493786,1.0005,1
cebik-w4rnl/models/Phased-Arrays/nec/1r8-2x4elphased-K8UR.nec,ok,ok,0.5015355767682195,0.5041626738384366,0.9948,1
cebik-w4rnl/models/Phased-Arrays/nec/1r8-4el-broadside.nec,ok,ok,0.07647178135812283,0.07426564767956734,1.0297,1
cebik-w4rnl/models/Phased-Arrays/nec/1r8-4el-endfire-burrad.nec,ok,ok,3.319071118719876,3.3196736071258783,0.9998,1
cebik-w4rnl/models/Phased-Arrays/nec/1r8-4el-endfire.nec,ok,ok,0.08328313753008842,0.08094508945941925,1.0289,1
cebik-w4rnl/models/Phased-Arrays/nec/1r8-4elphased-lowbend-K8UR.nec,ok,ok,0.30666091945022345,0.2949701864272356,1.0396,1
cebik-w4rnl/models/Phased-Arrays/nec/1r8-4elphased-midelbend-K8UR.nec,ok,ok,0.2692337092012167,0.26863125432282686,1.0022,1
cebik-w4rnl/models/Phased-Arrays/nec/1r8-5el-broadside.nec,ok,ok,0.09767893515527248,0.09774949681013823,0.9993,1
cebik-w4rnl/models/Phased-Arrays/nec/1r8-5el-endfire.nec,ok,ok,0.10938122309744358,0.10795885883271694,1.0132,1
cebik-w4rnl/models/Phased-Arrays/nec/21-2eledzbeam-2ref-gnd-12-ZL1LE.nec,ok,ok,0.17381267342716455,0.18204099591821432,0.9548,1
cebik-w4rnl/models/Phased-Arrays/nec/21-coledz-wiretl-12.nec,ok,ok,0.09467879496514797,0.09450620878487825,1.0018,1
cebik-w4rnl/models/Phased-Arrays/nec/21-fdsp-W7EL.nec,ok,ok,0.1442431788891554,0.14392298180609941,1.0022,1
cebik-w4rnl/models/Phased-Arrays/nec/21-longelphased-directfeedp1-W4RNL.nec,ok,ok,0.009289859794080257,0.009385636076331139,,0
cebik-w4rnl/models/Phased-Arrays/nec/21-phased35o-50-W4RNL.nec,ok,ok,0.11445170734077692,0.11629990115761757,0.9841,1
cebik-w4rnl/models/Phased-Arrays/nec/21-phasedcoledz-fs-12.nec,ok,ok,0.04721049405634403,0.04718512110412121,,0
cebik-w4rnl/models/Phased-Arrays/nec/21-phasedsplit50o-50-W4RNL.nec,ok,ok,0.004767140373587608,0.004855364561080933,,0
cebik-w4rnl/models/Phased-Arrays/nec/21-shortel-stubs-50-N7CL.nec,ok,ok,0.07560855988413095,0.07827946543693542,0.9659,1
cebik-w4rnl/models/Phased-Arrays/nec/21-zlsporig-1-ZL3MH.nec,ok,ok,0.07909502554684877,0.07869488000869751,1.0051,1
cebik-w4rnl/models/Phased-Arrays/nec/24-3elzlsp-fs-75.nec,ok,ok,0.010647600516676903,0.010586436837911606,,0
cebik-w4rnl/models/Phased-Arrays/nec/24-fdsp-W7EL.nec,ok,ok,0.1447406755760312,0.15057094022631645,0.9613,1
cebik-w4rnl/models/Phased-Arrays/nec/24-lazyh-fs-K7KGP.nec,ok,ok,0.007795543409883976,0.007747498340904713,,0
cebik-w4rnl/models/Phased-Arrays/nec/24-longelphased-directfeedp1-W4RNL.nec,ok,ok,0.009354986250400543,0.009495570324361324,,0
cebik-w4rnl/models/Phased-Arrays/nec/24-phased35o-50-W4RNL.nec,ok,ok,0.12307908292859793,0.12369736470282078,0.9950,1
cebik-w4rnl/models/Phased-Arrays/nec/24-phasedsplit50o-50-W4RNL.nec,ok,ok,0.004776621237397194,0.004778604954481125,,0
cebik-w4rnl/models/Phased-Arrays/nec/24-shortel-stubs-50-N7CL.nec,ok,ok,0.0760614238679409,0.07716287113726139,0.9857,1
cebik-w4rnl/models/Phased-Arrays/nec/254-turnstileYagi-milsat.nec,ok,ok,0.20147962030023336,0.2010866329073906,1.0020,1
cebik-w4rnl/models/Phased-Arrays/nec/28-2eledzbeam-2ref-fs-12.nec,ok,ok,0.007104514166712761,0.007078003138303757,,0
cebik-w4rnl/models/Phased-Arrays/nec/28-2eledzbeam-fs-12.nec,ok,ok,0.007482544519007206,0.007428726181387901,,0
cebik-w4rnl/models/Phased-Arrays/nec/28-3eledzbeam-2ref-gnd-12.nec,ok,ok,0.07363225612789392,0.07252709288150072,1.0152,1
cebik-w4rnl/models/Phased-Arrays/nec/28-6elphasefedbeam-fs-50.nec,ok,ok,0.01125937420874834,0.011204902082681656,,0
cebik-w4rnl/models/Phased-Arrays/nec/28-7-lazyh-vert-14.nec,ok,ok,0.18204915151000023,0.1868752669543028,0.9742,1
cebik-w4rnl/models/Phased-Arrays/nec/28-fdsp-W7EL.nec,ok,ok,0.1455882266163826,0.14500446990132332,1.0040,1
cebik-w4rnl/models/Phased-Arrays/nec/28-longelphased-directfeedp1-W4RNL.nec,ok,ok,0.009328511543571949,0.00934664811939001,,0
cebik-w4rnl/models/Phased-Arrays/nec/28-phased-gammas-1-HB9CV.nec,ok,ok,0.012443732470273972,0.014155922457575798,,0
cebik-w4rnl/models/Phased-Arrays/nec/28-phased35o-50-W4RNL.nec,ok,ok,0.1277842205017805,0.12862803600728512,0.9934,1
cebik-w4rnl/models/Phased-Arrays/nec/28-phasedsplit50o-50-W4RNL.nec,ok,ok,0.004875867627561092,0.005006061866879463,,0
cebik-w4rnl/models/Phased-Arrays/nec/28-shortel-stubs-50-N7CL.nec,ok,ok,0.07763890270143747,0.07639510650187731,1.0163,1
cebik-w4rnl/models/Phased-Arrays/nec/28-shortel-stubstack-50-N7CL.nec,ok,ok,0.13462305162101984,0.1325525837019086,1.0156,1
cebik-w4rnl/models/Phased-Arrays/nec/28-swissquad-14.nec,ok,ok,0.009748054668307304,0.009610824286937714,,0
cebik-w4rnl/models/Phased-Arrays/nec/28-zlsp-udp-75-W4RNL.nec,ok,ok,0.08068931754678488,0.0801395932212472,1.0069,1
cebik-w4rnl/models/Phased-Arrays/nec/28-zlsporig-1-ZL3MH.nec,ok,ok,0.07980448007583618,0.0823923870921135,0.9686,1
cebik-w4rnl/models/Phased-Arrays/nec/28-zlsptrombone-ARRL.nec,ok,ok,0.11531862989068031,0.11462054215371609,1.0061,1
cebik-w4rnl/models/Phased-Arrays/nec/284-turnstilequad-milsat-ez.nec,ok,ok,0.2973159560933709,0.30551628302782774,0.9732,1
cebik-w4rnl/models/Phased-Arrays/nec/300-11eldplarray.nec,ok,ok,0.05757585819810629,0.05671157315373421,1.0152,1
cebik-w4rnl/models/Phased-Arrays/nec/300-20eldplarray.nec,ok,ok,0.10670796129852533,0.10520586557686329,1.0143,1
cebik-w4rnl/models/Phased-Arrays/nec/300-30eldplarray.nec,ok,ok,0.17956553492695093,0.17819016985595226,1.0077,1
cebik-w4rnl/models/Phased-Arrays/nec/300-40eldplarray.nec,ok,ok,0.2737888563424349,0.27170736342668533,1.0077,1
cebik-w4rnl/models/Phased-Arrays/nec/300-50dplarray.nec,ok,ok,0.3892293758690357,0.3914521811529994,0.9943,1
cebik-w4rnl/models/Phased-Arrays/nec/3r6-2x4elphased-K8UR.nec,ok,ok,0.5284104347229004,0.5260876147076488,1.0044,1
cebik-w4rnl/models/Phased-Arrays/nec/3r6-4elphased-lowbend-K8UR.nec,ok,ok,0.2867829315364361,0.28759025875478983,0.9972,1
cebik-w4rnl/models/Phased-Arrays/nec/3r6-4elphased-midelbend-K8UR.nec,ok,ok,0.20569822937250137,0.20471553225070238,1.0048,1
cebik-w4rnl/models/Phased-Arrays/nec/3r6-8jk-12.nec,ok,ok,0.22968654613941908,0.22783515509217978,1.0081,1
cebik-w4rnl/models/Phased-Arrays/nec/3r6-bruce-3sect-12.nec,ok,ok,0.19863426499068737,0.20170583855360746,0.9848,1
cebik-w4rnl/models/Phased-Arrays/nec/3r6-bruce-4sect-12.nec,ok,ok,0.20381466764956713,0.20332682225853205,1.0024,1
cebik-w4rnl/models/Phased-Arrays/nec/3r6-bruce-5sect-12.nec,ok,ok,0.2427379386499524,0.24257204681634903,1.0007,1
cebik-w4rnl/models/Phased-Arrays/nec/3r6-halfwldr+6parguy-sngnd.nec,ok,ok,0.4165123635903001,0.4163277940824628,1.0004,1
cebik-w4rnl/models/Phased-Arrays/nec/3r6-phasedrect-10-N2DT.nec,ok,ok,0.2274341294541955,0.22694850992411375,1.0021,1
cebik-w4rnl/models/Phased-Arrays/nec/3r6-sterba-12.nec,ok,ok,0.3658062778413296,0.36211885791271925,1.0102,1
cebik-w4rnl/models/Phased-Arrays/nec/3r6-sterba-ctrfed-12.nec,ok,ok,0.34040407557040453,0.33915078546851873,1.0037,1
cebik-w4rnl/models/Phased-Arrays/nec/3r9-halfwldr+6parguy-sngnd.nec,ok,ok,0.37081083096563816,0.3680845042690635,1.0074,1
cebik-w4rnl/models/Phased-Arrays/nec/432-col-coilmatch.nec,ok,ok,0.06059280876070261,0.06002901494503021,1.0094,1
cebik-w4rnl/models/Phased-Arrays/nec/432-col-indloadmatch.nec,ok,ok,0.04114259406924248,0.04149353690445423,,0
cebik-w4rnl/models/Phased-Arrays/nec/436-moxrectturnstile-sat-12.nec,ok,ok,0.09880825877189636,0.09845225512981415,1.0036,1
cebik-w4rnl/models/Phased-Arrays/nec/436-turnstileYagi-sat.nec,ok,ok,0.2000422589480877,0.19983057957142591,1.0011,1
cebik-w4rnl/models/Phased-Arrays/nec/50-edzlazyh-fs-14.nec,ok,ok,0.00909719243645668,0.00890807993710041,,0
cebik-w4rnl/models/Phased-Arrays/nec/5r4-2x4elphased-K8UR.nec,ok,ok,0.5317230829969049,0.5275818379595876,1.0078,1
cebik-w4rnl/models/Phased-Arrays/nec/5r4-4elphased-lowbend-K8UR.nec,ok,ok,0.2865426493808627,0.2844829773530364,1.0072,1
cebik-w4rnl/models/Phased-Arrays/nec/5r4-4elphased-midelbend-K8UR.nec,ok,ok,0.2012777216732502,0.20142756681889296,0.9993,1
cebik-w4rnl/models/Phased-Arrays/nec/5r4-halfwldr+6parguy-sngnd.nec,ok,ok,0.37838899809867144,0.37486236821860075,1.0094,1
cebik-w4rnl/models/Phased-Arrays/nec/7-2elphased-pergnd-2.nec,ok,ok,0.012701339088380337,0.012699873186647892,,0
cebik-w4rnl/models/Phased-Arrays/nec/7-2xhalfwldr+6parguy-sngnd.nec,ok,ok,0.8539091646671295,0.8462674720212817,1.0090,1
cebik-w4rnl/models/Phased-Arrays/nec/7-4square phased verts.nec,ok,ok,0.008434297516942024,0.00810044351965189,,0
cebik-w4rnl/models/Phased-Arrays/nec/7-halfwldr+6parguy-sngnd.nec,ok,ok,0.37513506412506104,0.3705082982778549,1.0125,1
cebik-w4rnl/models/Phased-Arrays/nec/903-vertmonoYagis-inphasefed.nec,ok,ok,0.009696575812995434,0.010016619227826595,,0
cebik-w4rnl/models/Quads/nec/10-2eloptquad-12.nec,ok,ok,0.009628691710531712,0.010223687626421452,,0
cebik-w4rnl/models/Quads/nec/10-3elopthgquad-12.nec,ok,ok,0.011410395614802837,0.011793453246355057,,0
cebik-w4rnl/models/Quads/nec/10-3eloptwbquad-12.nec,ok,ok,0.011442971415817738,0.011844002641737461,,0
cebik-w4rnl/models/Quads/nec/10-4eloptquad-12.nec,ok,ok,0.014899627305567265,0.015056203119456768,,0
cebik-w4rnl/models/Quads/nec/1296-2eloptquad-12.nec,ok,ok,0.00977589562535286,0.009598479606211185,,0
cebik-w4rnl/models/Quads/nec/1296-3elopthgquad-12.nec,ok,ok,0.011666186153888702,0.011244719848036766,,0
cebik-w4rnl/models/Quads/nec/1296-3eloptwbquad-12.nec,ok,ok,0.011377224698662758,0.011836443096399307,,0
cebik-w4rnl/models/Quads/nec/1296-4eloptquad-12.nec,ok,ok,0.01490714680403471,0.015470503829419613,,0
cebik-w4rnl/models/Quads/nec/14-1elloop-diamond-14.nec,ok,ok,0.010533125139772892,0.011076824739575386,,0
cebik-w4rnl/models/Quads/nec/14-28-2b2elquad-14-1feed.nec,ok,ok,0.18619006220251322,0.18341327458620071,1.0151,1
cebik-w4rnl/models/Quads/nec/14-28-2b2elquad-14-widesp.nec,ok,ok,0.013066169805824757,0.013256172649562359,,0
cebik-w4rnl/models/Quads/nec/14-2eloptquad-12.nec,ok,ok,0.010083219036459923,0.009434695355594158,,0
cebik-w4rnl/models/Quads/nec/14-2elquad-sq-14-medsp.nec,ok,ok,0.010914109647274017,0.010390575975179672,,0
cebik-w4rnl/models/Quads/nec/14-2elquad-sq-14-smallsp.nec,ok,ok,0.0081163439899683,0.00765167735517025,,0
cebik-w4rnl/models/Quads/nec/14-2elquad-sq-widesp.nec,ok,ok,0.00722348690032959,0.006708973087370396,,0
cebik-w4rnl/models/Quads/nec/14-3elopthgquad-12.nec,ok,ok,0.011966942809522152,0.011219574138522148,,0
cebik-w4rnl/models/Quads/nec/14-3eloptwbquad-12.nec,ok,ok,0.011989501304924488,0.011193434707820415,,0
cebik-w4rnl/models/Quads/nec/14-3elquad-12-W6SAI.nec,ok,ok,0.017690125852823257,0.016970296390354633,,0
cebik-w4rnl/models/Quads/nec/14-3elquad-14-K2OB.nec,ok,ok,0.016897814348340034,0.01735850516706705,,0
cebik-w4rnl/models/Quads/nec/14-3elquad-14-Yagisp.nec,ok,ok,0.017440933734178543,0.01703453902155161,,0
cebik-w4rnl/models/Quads/nec/14-4eloptquad-12.nec,ok,ok,0.015754597261548042,0.014614379033446312,,0
cebik-w4rnl/models/Quads/nec/14-5elquad-10-eqsp-W4RNL.nec,ok,ok,0.04725498240441084,0.04561001528054476,,0
cebik-w4rnl/models/Quads/nec/14-5elquad-14-K2OB-80ft.nec,ok,ok,0.039960733614861965,0.03838850371539593,,0
cebik-w4rnl/models/Quads/nec/14-5elquad-14-K2OB.nec,ok,ok,0.038723016157746315,0.038451822474598885,,0
cebik-w4rnl/models/Quads/nec/14-6elquad-8.nec,ok,ok,0.060534282587468624,0.06051075737923384,1.0004,1
cebik-w4rnl/models/Quads/nec/144-2eloptquad-12.nec,ok,ok,0.009520159102976322,0.009474577382206917,,0
cebik-w4rnl/models/Quads/nec/144-3eloctagon-50.nec,ok,ok,0.010791613720357418,0.010774154216051102,,0
cebik-w4rnl/models/Quads/nec/144-3elopthgquad-12.nec,ok,ok,0.011342519894242287,0.011235768906772137,,0
cebik-w4rnl/models/Quads/nec/144-3eloptwbquad-12.nec,ok,ok,0.011252293363213539,0.011226464994251728,,0
cebik-w4rnl/models/Quads/nec/144-4eloptquad-12.nec,ok,ok,0.014835153706371784,0.014540928415954113,,0
cebik-w4rnl/models/Quads/nec/144-6elquad-14.nec,ok,ok,0.06049756985157728,0.06064997334033251,0.9975,1
cebik-w4rnl/models/Quads/nec/18-24-2b5-6elquad-W4RNL.nec,ok,ok,0.14277850836515427,0.14347180724143982,0.9952,1
cebik-w4rnl/models/Quads/nec/18-2eloptquad-12.nec,ok,ok,0.009663546457886696,0.009571977891027927,,0
cebik-w4rnl/models/Quads/nec/18-2elquad-sq-14-679ftsp.nec,ok,ok,0.006945179775357246,0.006897404789924622,,0
cebik-w4rnl/models/Quads/nec/18-2elquad-sq-14-944ftsp.nec,ok,ok,0.010353314690291882,0.010351454839110374,,0
cebik-w4rnl/models/Quads/nec/18-3elopthgquad-12.nec,ok,ok,0.011297875083982944,0.011260537430644035,,0
cebik-w4rnl/models/Quads/nec/18-3eloptwbquad.nec,ok,ok,0.011518353596329689,0.011544808745384216,,0
cebik-w4rnl/models/Quads/nec/18-3elquad-14-reversible-AA2NN.nec,ok,ok,0.22674489673227072,0.2267431328073144,1.0000,1
cebik-w4rnl/models/Quads/nec/18-3elquad-14.nec,ok,ok,0.22504207864403725,0.2231128653511405,1.0086,1
cebik-w4rnl/models/Quads/nec/18-4eloptquad-12.nec,ok,ok,0.01468601357191801,0.014518515206873417,,0
cebik-w4rnl/models/Quads/nec/21-28-2b2elquad-14-spider.nec,ok,ok,0.010350600816309452,0.01083802618086338,,0
cebik-w4rnl/models/Quads/nec/21-2eloptquad-12.nec,ok,ok,0.00956095103174448,0.009688923135399818,,0
cebik-w4rnl/models/Quads/nec/21-2elquad-sq-14-580ftsp.nec,ok,ok,0.0065348949283361435,0.0060624657198786736,,0
cebik-w4rnl/models/Quads/nec/21-2elquad-sq-14-8ftsp.nec,ok,ok,0.012057709507644176,0.010362374596297741,,0
cebik-w4rnl/models/Quads/nec/21-2elquad-sq-18-ARRL.nec,ok,ok,0.008664770983159542,0.008662444539368153,,0
cebik-w4rnl/models/Quads/nec/21-3elopthgquad-12.nec,ok,ok,0.011337250471115112,0.014518882147967815,,0
cebik-w4rnl/models/Quads/nec/21-3eloptwbquad-12.nec,ok,ok,0.01429399847984314,0.011391165666282177,,0
cebik-w4rnl/models/Quads/nec/21-4eloptquad-12.nec,ok,ok,0.014895125292241573,0.014978966675698757,,0
cebik-w4rnl/models/Quads/nec/21-5elquad-14-eqsp-W4RNL.nec,ok,ok,0.045354447327554226,0.04558471962809563,,0
cebik-w4rnl/models/Quads/nec/21-6elquad-8.nec,ok,ok,0.06084492616355419,0.06092863343656063,0.9986,1
cebik-w4rnl/models/Quads/nec/220-2eloptquad-12.nec,ok,ok,0.010412289761006832,0.00948250014334917,,0
cebik-w4rnl/models/Quads/nec/220-3elopthgquad-12.nec,ok,ok,0.011416892521083355,0.011448953300714493,,0
cebik-w4rnl/models/Quads/nec/220-3eloptwbquad-12.nec,ok,ok,0.011417154222726822,0.011316434480249882,,0
cebik-w4rnl/models/Quads/nec/220-4eloptquad-12.nec,ok,ok,0.014704016968607903,0.014821701683104038,,0
cebik-w4rnl/models/Quads/nec/24-1elloop-diamond-14.nec,ok,ok,0.01956268958747387,0.019653006456792355,,0
cebik-w4rnl/models/Quads/nec/24-1elloop-diamond-load-14.nec,ok,ok,0.024402432143688202,0.024568267166614532,,0
cebik-w4rnl/models/Quads/nec/24-2eloptquad-12.nec,ok,ok,0.00946960598230362,0.009504888206720352,,0
cebik-w4rnl/models/Quads/nec/24-2elquad-dia-14-675ftsp.nec,ok,ok,0.03111321944743395,0.030906674452126026,,0
cebik-w4rnl/models/Quads/nec/24-2elquad-sq-14-5ftsp.nec,ok,ok,0.005822457373142242,0.005756489932537079,,0
cebik-w4rnl/models/Quads/nec/24-2elquad-sq-14-685ftsp.nec,ok,ok,0.010347352363169193,0.010310212150216103,,0
cebik-w4rnl/models/Quads/nec/24-3elopthgquad-12.nec,ok,ok,0.011292507871985435,0.01125498116016388,,0
cebik-w4rnl/models/Quads/nec/24-3eloptwbquad-12.nec,ok,ok,0.011168789118528366,0.01122234109789133,,0
cebik-w4rnl/models/Quads/nec/24-4eloptquad-12.nec,ok,ok,0.014693508855998516,0.01456412486732006,,0
cebik-w4rnl/models/Quads/nec/28-1elloop-1.nec,ok,ok,0.009915781207382679,0.008692644536495209,,0
cebik-w4rnl/models/Quads/nec/28-1elloop-14.nec,ok,ok,0.007991909049451351,0.00803025346249342,,0
cebik-w4rnl/models/Quads/nec/28-1elloop-load-14.nec,ok,ok,0.010561528615653515,0.008031642995774746,,0
cebik-w4rnl/models/Quads/nec/28-2eldeltaloop-14.nec,ok,ok,0.01915692910552025,0.019165154546499252,,0
cebik-w4rnl/models/Quads/nec/28-2eloptquad-12.nec,ok,ok,0.00954477209597826,0.00974756944924593,,0
cebik-w4rnl/models/Quads/nec/28-2elquad-dia-load-14.nec,ok,ok,0.033999319188296795,0.03553901053965092,,0
cebik-w4rnl/models/Quads/nec/28-2elquad-sq-14-6ftsp.nec,ok,ok,0.010173437185585499,0.010197019204497337,,0
cebik-w4rnl/models/Quads/nec/28-2elquad-sq-14-medsp.nec,ok,ok,0.010345731861889362,0.010333132930099964,,0
cebik-w4rnl/models/Quads/nec/28-2elquad-sq-14-smallsp.nec,ok,ok,0.010691717267036438,0.010599683970212936,,0
cebik-w4rnl/models/Quads/nec/28-2elquad-sq-14-widesp.nec,ok,ok,0.012157640419900417,0.010408344678580761,,0
cebik-w4rnl/models/Quads/nec/28-2elquad-sq-14.nec,ok,ok,0.006852407939732075,0.007080192677676678,,0
cebik-w4rnl/models/Quads/nec/28-2elquad-sq-dblload-14.nec,ok,ok,0.05786232650279999,0.05825000163167715,0.9933,1
cebik-w4rnl/models/Quads/nec/28-2elquad-sq-load-14.nec,ok,ok,0.031809402629733086,0.031999098137021065,,0
cebik-w4rnl/models/Quads/nec/28-2elquad-sq-load.nec,ok,ok,0.018043463118374348,0.018026089295744896,,0
cebik-w4rnl/models/Quads/nec/28-2elswissdelta-14.nec,ok,ok,0.009384813718497753,0.009509922005236149,,0
cebik-w4rnl/models/Quads/nec/28-3elopthgquad-12.nec,ok,ok,0.011114882305264473,0.011088063940405846,,0
cebik-w4rnl/models/Quads/nec/28-3eloptwbquad-12.nec,ok,ok,0.011365602724254131,0.011223141103982925,,0
cebik-w4rnl/models/Quads/nec/28-3elquad-14-Yagisp.nec,ok,ok,0.017019002698361874,0.01715637370944023,,0
cebik-w4rnl/models/Quads/nec/28-3elquad-50-Yagisp.nec,ok,ok,0.017011534422636032,0.017289635725319386,,0
cebik-w4rnl/models/Quads/nec/28-4eloptquad-12.nec,ok,ok,0.014755572192370892,0.014592071995139122,,0
cebik-w4rnl/models/Quads/nec/28-5elquad-16-eqsp-W4RNL.nec,ok,ok,0.04570280946791172,0.045578823424875736,,0
cebik-w4rnl/models/Quads/nec/28-6elquad-8.nec,ok,ok,0.06083566602319479,0.060552049428224564,1.0047,1
cebik-w4rnl/models/Quads/nec/28-birdcage-dri-14.nec,ok,ok,0.013027497567236423,0.013151340186595917,,0
cebik-w4rnl/models/Quads/nec/28-birdcage-ref-14.nec,ok,ok,0.012869625352323055,0.012897090055048466,,0
cebik-w4rnl/models/Quads/nec/3band2elquad-14-1feed-a.nec,ok,ok,0.33520983438938856,0.3371362127363682,0.9943,1
cebik-w4rnl/models/Quads/nec/3band2elquad-14-1feed.nec,ok,ok,0.2452636305242777,0.24477231316268444,1.0020,1
cebik-w4rnl/models/Quads/nec/3band4elquad-12-ARRL.nec,ok,ok,0.06569762341678143,0.06452247779816389,1.0182,1
cebik-w4rnl/models/Quads/nec/3r6-2eloptquad-12.nec,ok,ok,0.009625176899135113,0.009468138217926025,,0
cebik-w4rnl/models/Quads/nec/3r6-3elopthgquad-12.nec,ok,ok,0.011283626779913902,0.011434420011937618,,0
cebik-w4rnl/models/Quads/nec/3r6-3eloptwbquad-12.nec,ok,ok,0.012032289989292622,0.01100755762308836,,0
cebik-w4rnl/models/Quads/nec/3r6-4eloptquad-12.nec,ok,ok,0.015059336088597775,0.014958087354898453,,0
cebik-w4rnl/models/Quads/nec/3r9-2eloptquad-12.nec,ok,ok,0.009554033167660236,0.009718835353851318,,0
cebik-w4rnl/models/Quads/nec/3r9-3elopthgquad-12.nec,ok,ok,0.011247063986957073,0.0112830875441432,,0
cebik-w4rnl/models/Quads/nec/3r9-3eloptwbquad-12.nec,ok,ok,0.011277059093117714,0.011285892687737942,,0
cebik-w4rnl/models/Quads/nec/3r9-4eloptquad-12.nec,ok,ok,0.014686418697237968,0.014643533155322075,,0
cebik-w4rnl/models/Quads/nec/432-2eloptquad-12.nec,ok,ok,0.011629078537225723,0.010866676457226276,,0
cebik-w4rnl/models/Quads/nec/432-3elopthgquad-12.nec,ok,ok,0.011373139917850494,0.011394456960260868,,0
cebik-w4rnl/models/Quads/nec/432-3eloptwbquad-12.nec,ok,ok,0.014696105383336544,0.014220665208995342,,0
cebik-w4rnl/models/Quads/nec/432-4eloptquad-12.nec,ok,ok,0.014941193163394928,0.014686481095850468,,0
cebik-w4rnl/models/Quads/nec/50-2eloptquad-12.nec,ok,ok,0.009636392816901207,0.009769442491233349,,0
cebik-w4rnl/models/Quads/nec/50-3elopthgquad-12.nec,ok,ok,0.011362267658114433,0.011409271508455276,,0
cebik-w4rnl/models/Quads/nec/50-3eloptwbquad-12.nec,ok,ok,0.011251697316765785,0.011252110823988914,,0
cebik-w4rnl/models/Quads/nec/50-4eloptquad-12.nec,ok,ok,0.014770962297916412,0.01474387850612402,,0
cebik-w4rnl/models/Quads/nec/5band2elquad-planar-KC6T.nec,ok,ok,0.052250927314162254,0.05220841709524393,1.0008,1
cebik-w4rnl/models/Quads/nec/5band2elquad-spider-125wlsp.nec,ok,ok,0.051949561573565006,0.05222489684820175,0.9947,1
cebik-w4rnl/models/Quads/nec/5band2elquad-spider-174wlsp.nec,ok,ok,0.05148598924279213,0.051497369073331356,0.9998,1
cebik-w4rnl/models/Quads/nec/5band2elquad-spider-opt.nec,ok,ok,0.052109962329268456,0.05209994129836559,1.0002,1
cebik-w4rnl/models/Quads/nec/5band2elquad-spider-widesp.nec,ok,ok,0.06122810021042824,0.06123153306543827,0.9999,1
cebik-w4rnl/models/Quads/nec/5band3elquad-14-ON7NQ.nec,ok,ok,0.1029533464461565,0.10283048264682293,1.0012,1
cebik-w4rnl/models/Quads/nec/5band3elquad-14-sepfeed.nec,ok,ok,0.10331635549664497,0.10729635693132877,0.9629,1
cebik-w4rnl/models/Quads/nec/5band3r5elquad-12-ON7NQ.nec,ok,ok,0.13375725224614143,0.13413006067276,0.9972,1
cebik-w4rnl/models/Quads/nec/5band4-5elquad-12-W4RNL.nec,ok,ok,0.2214840780943632,0.2199940262362361,1.0068,1
cebik-w4rnl/models/Quads/nec/5band4-5elquad-ON7NQ.nec,ok,ok,0.09118618629872799,0.0907142274081707,1.0052,1
cebik-w4rnl/models/Quads/nec/5band4elquad-12-GI0KVQ.nec,ok,ok,0.1794437849894166,0.1827830709517002,0.9817,1
cebik-w4rnl/models/Quads/nec/5band5-6elquad-12-W4RNL.nec,ok,ok,0.2548505188897252,0.2567309709265828,0.9927,1
cebik-w4rnl/models/Quads/nec/5r4-2eloptquad-12.nec,ok,ok,0.00956699252128601,0.009557466022670269,,0
cebik-w4rnl/models/Quads/nec/5r4-3elopthgquad-12.nec,ok,ok,0.01133369654417038,0.011368582025170326,,0
cebik-w4rnl/models/Quads/nec/5r4-3eloptwbquad-12.nec,ok,ok,0.011271965689957142,0.011186787858605385,,0
cebik-w4rnl/models/Quads/nec/5r4-4eloptquad-12.nec,ok,ok,0.014967460185289383,0.014995019882917404,,0
cebik-w4rnl/models/Quads/nec/7-2eloptquad-12.nec,ok,ok,0.009736710228025913,0.009919021278619766,,0
cebik-w4rnl/models/Quads/nec/7-3elopthgquad-12.nec,ok,ok,0.011565018445253372,0.011509384028613567,,0
cebik-w4rnl/models/Quads/nec/7-3eloptwbquad-12.nec,ok,ok,0.01162401307374239,0.011589105241000652,,0
cebik-w4rnl/models/Quads/nec/7-4eloptquad-12.nec,ok,ok,0.014623817056417465,0.014578508213162422,,0
cebik-w4rnl/models/Quads/nec/903-2eloptquad-12.nec,ok,ok,0.011462952010333538,0.00990976206958294,,0
cebik-w4rnl/models/Quads/nec/903-3elopthgquad-12.nec,ok,ok,0.011682886630296707,0.011511671356856823,,0
cebik-w4rnl/models/Quads/nec/903-3eloptwbquad-12.nec,ok,ok,0.01457848958671093,0.012677661143243313,,0
cebik-w4rnl/models/Quads/nec/903-4eloptquad-12.nec,ok,ok,0.01506522111594677,0.017392992042005062,,0
cebik-w4rnl/models/VHF-UHF/nec/100-FMJpole.nec,ok,ok,0.08083678316324949,0.0804355638101697,1.0050,1
cebik-w4rnl/models/VHF-UHF/nec/100-batwing+reflector.nec,ok,ok,0.12223717197775841,0.12595031782984734,0.9705,1
cebik-w4rnl/models/VHF-UHF/nec/100-batwing-wbdipole.nec,ok,ok,0.02621793933212757,0.02658573631197214,,0
cebik-w4rnl/models/VHF-UHF/nec/100-dual-rhombic.nec,ok,ok,3.6593336826190352,3.6486320812255144,1.0029,1
cebik-w4rnl/models/VHF-UHF/nec/1296-20elYagi-DL6WU.nec,ok,ok,0.03896218817681074,0.03876590635627508,,0
cebik-w4rnl/models/VHF-UHF/nec/1296-32elYagi-DL6WU.nec,ok,ok,0.08541531953960657,0.08503259718418121,1.0045,1
cebik-w4rnl/models/VHF-UHF/nec/1296-cornerrefl+dipole.nec,ok,ok,0.3773044468834996,0.3758875736966729,1.0038,1
cebik-w4rnl/models/VHF-UHF/nec/1296-cornerrefl-vertical.nec,ok,ok,0.08164738491177559,0.08156204130500555,1.0010,1
cebik-w4rnl/models/VHF-UHF/nec/1296-dual-rhombic-QST.nec,ok,ok,0.884358799085021,0.8949271831661463,0.9882,1
cebik-w4rnl/models/VHF-UHF/nec/144-10elOWAYagi.nec,ok,ok,0.018572320230305195,0.018330206163227558,,0
cebik-w4rnl/models/VHF-UHF/nec/144-10elYagi-DL6WU.nec,ok,ok,0.01645408570766449,0.016330978833138943,,0
cebik-w4rnl/models/VHF-UHF/nec/144-11elOWAYagi.nec,ok,ok,0.02073259837925434,0.0202092370018363,,0
cebik-w4rnl/models/VHF-UHF/nec/144-12elOWAYagi.nec,ok,ok,0.02256108447909355,0.02269501704722643,,0
cebik-w4rnl/models/VHF-UHF/nec/144-13elquagi.nec,ok,ok,0.01728295534849167,0.01722082681953907,,0
cebik-w4rnl/models/VHF-UHF/nec/144-2elquad-vertical.nec,ok,ok,0.048670931719243526,0.0483813164755702,,0
cebik-w4rnl/models/VHF-UHF/nec/144-2elquad.nec,ok,ok,0.010837742127478123,0.010986284352838993,,0
cebik-w4rnl/models/VHF-UHF/nec/144-3elhalfsquare.nec,ok,ok,0.047657839953899384,0.047477493062615395,,0
cebik-w4rnl/models/VHF-UHF/nec/144-3elwbYagi-W6SAI.nec,ok,ok,0.008829798549413681,0.00873386487364769,,0
cebik-w4rnl/models/VHF-UHF/nec/144-58gp.nec,ok,ok,0.15870723966509104,0.15623665694147348,1.0158,1
cebik-w4rnl/models/VHF-UHF/nec/144-6elOWAYagi.nec,ok,ok,0.01149752363562584,0.011587724089622498,,0
cebik-w4rnl/models/VHF-UHF/nec/144-7elOWAYagi.nec,ok,ok,0.012943527661263943,0.013177675195038319,,0
cebik-w4rnl/models/VHF-UHF/nec/144-8elOWAYagi.nec,ok,ok,0.014580510556697845,0.01447896845638752,,0
cebik-w4rnl/models/VHF-UHF/nec/144-9elOWAYagi.nec,ok,ok,0.016464914195239544,0.01636175625026226,,0
cebik-w4rnl/models/VHF-UHF/nec/144-collinear-vertical.nec,ok,ok,0.04370294790714979,0.04234058316797018,,0
cebik-w4rnl/models/VHF-UHF/nec/144-dipole-vertical.nec,ok,ok,0.018562018871307373,0.018346327356994152,,0
cebik-w4rnl/models/VHF-UHF/nec/144-edz-delayline.nec,ok,ok,0.02433188632130623,0.02395288273692131,,0
cebik-w4rnl/models/VHF-UHF/nec/144-edz.nec,ok,ok,0.009258977137506008,0.009138504974544048,,0
cebik-w4rnl/models/VHF-UHF/nec/144-moxrect-1.nec,ok,ok,0.0071579450741410255,0.007213175296783447,,0
cebik-w4rnl/models/VHF-UHF/nec/144-moxrect-125.nec,ok,ok,0.007856829091906548,0.0077560897916555405,,0
cebik-w4rnl/models/VHF-UHF/nec/144-quadloop-vertical.nec,ok,ok,0.023609413765370846,0.02356676571071148,,0
cebik-w4rnl/models/VHF-UHF/nec/220-10elOWAYagi.nec,ok,ok,0.01862405054271221,0.01833514589816332,,0
cebik-w4rnl/models/VHF-UHF/nec/220-11elOWAYagi.nec,ok,ok,0.020459416322410107,0.02031019888818264,,0
cebik-w4rnl/models/VHF-UHF/nec/220-12elOWAYagi+2ref.nec,ok,ok,0.025151734240353107,0.0251655587926507,,0
cebik-w4rnl/models/VHF-UHF/nec/220-12elOWAYagi.nec,ok,ok,0.022809699177742004,0.022651982493698597,,0
cebik-w4rnl/models/VHF-UHF/nec/220-12elYagi-DL6WU.nec,ok,ok,0.020255287177860737,0.01991723757237196,,0
cebik-w4rnl/models/VHF-UHF/nec/220-13elYagi-SM5BSZ.nec,ok,ok,0.024942554533481598,0.0247542979195714,,0
cebik-w4rnl/models/VHF-UHF/nec/220-13elquagi-Buchanen.nec,ok,ok,0.01756272464990616,0.017470400780439377,,0
cebik-w4rnl/models/VHF-UHF/nec/220-14elYagi-W4RNL.nec,ok,ok,0.013603313826024532,0.013457910157740116,,0
cebik-w4rnl/models/VHF-UHF/nec/220-15elYagi-Buchanan.nec,ok,ok,0.014770966954529285,0.014372630044817924,,0
cebik-w4rnl/models/VHF-UHF/nec/220-16elYagi-DL6WU.nec,ok,ok,0.028798753395676613,0.028776674531400204,,0
cebik-w4rnl/models/VHF-UHF/nec/220-18elYagi-DL6WU.nec,ok,ok,0.034274530597031116,0.03411185182631016,,0
cebik-w4rnl/models/VHF-UHF/nec/220-21elYagi-DL6WU.nec,ok,ok,0.04278742615133524,0.042486971244215965,,0
cebik-w4rnl/models/VHF-UHF/nec/220-26elYagi-Dl6WU.nec,ok,ok,0.06085406709462404,0.06011824682354927,1.0122,1
cebik-w4rnl/models/VHF-UHF/nec/220-27elYagi-DJ9BV.nec,ok,ok,0.02840494643896818,0.02811540849506855,,0
cebik-w4rnl/models/VHF-UHF/nec/220-33elYagi.nec,ok,ok,0.09054798632860184,0.09049102663993835,1.0006,1
cebik-w4rnl/models/VHF-UHF/nec/220-3elYagi.nec,ok,ok,0.006248786114156246,0.006286392919719219,,0
cebik-w4rnl/models/VHF-UHF/nec/220-4elwbYagi.nec,ok,ok,0.008884897455573082,0.008679516613483429,,0
cebik-w4rnl/models/VHF-UHF/nec/220-6elOWAYagi-a.nec,ok,ok,0.011556459590792656,0.011714479885995388,,0
cebik-w4rnl/models/VHF-UHF/nec/220-6elOWAYagi.nec,ok,ok,0.01150489505380392,0.011550536379218102,,0
cebik-w4rnl/models/VHF-UHF/nec/220-7elOWAYagi-a.nec,ok,ok,0.013083992525935173,0.01288191881030798,,0
cebik-w4rnl/models/VHF-UHF/nec/220-7elOWAYagi.nec,ok,ok,0.012968255206942558,0.012841383926570415,,0
cebik-w4rnl/models/VHF-UHF/nec/220-8elOWAYagi-a.nec,ok,ok,0.014676756225526333,0.014748919755220413,,0
cebik-w4rnl/models/VHF-UHF/nec/220-8elOWAYagi.nec,ok,ok,0.011135890148580074,0.011145664379000664,,0
cebik-w4rnl/models/VHF-UHF/nec/220-9elOWAYagi.nec,ok,ok,0.016551481559872627,0.01635198760777712,,0
cebik-w4rnl/models/VHF-UHF/nec/300-Lindenblad.nec,ok,ok,0.008354413323104382,0.008381791412830353,,0
cebik-w4rnl/models/VHF-UHF/nec/300-turnstile-dipoles.nec,ok,ok,0.0069745564833283424,0.0071086883544921875,,0
cebik-w4rnl/models/VHF-UHF/nec/432-10elOWAYagi-14.nec,ok,ok,0.01858676318079233,0.018339863047003746,,0
cebik-w4rnl/models/VHF-UHF/nec/432-10elYagi-DL6WU.nec,ok,ok,0.018053199164569378,0.016514371149241924,,0
cebik-w4rnl/models/VHF-UHF/nec/432-11elOWAYagi-14.nec,ok,ok,0.0206743897870183,0.0202950369566679,,0
cebik-w4rnl/models/VHF-UHF/nec/432-12elOWAYagi+2ref-4mm.nec,ok,ok,0.02779080905020237,0.027496610768139362,,0
cebik-w4rnl/models/VHF-UHF/nec/432-12elOWAYagi-10mm.nec,ok,ok,0.022488687187433243,0.023175599984824657,,0
cebik-w4rnl/models/VHF-UHF/nec/432-12elOWAYagi-14.nec,ok,ok,0.022872721776366234,0.022155655547976494,,0
cebik-w4rnl/models/VHF-UHF/nec/432-12elOWAYagi-4mm.nec,ok,ok,0.027389558032155037,0.027191019617021084,,0
cebik-w4rnl/models/VHF-UHF/nec/432-14elYagi-DL6WU.nec,ok,ok,0.0238774036988616,0.02386254072189331,,0
cebik-w4rnl/models/VHF-UHF/nec/432-16elYagi-DL6WU.nec,ok,ok,0.028300131671130657,0.02832007873803377,,0
cebik-w4rnl/models/VHF-UHF/nec/432-18elYagi-DL6WU.nec,ok,ok,0.03392659034579992,0.033652025274932384,,0
cebik-w4rnl/models/VHF-UHF/nec/432-18elYagi.nec,ok,ok,0.03368132747709751,0.03357831761240959,,0
cebik-w4rnl/models/VHF-UHF/nec/432-20elYagi-DL6WU.nec,ok,ok,0.039409203454852104,0.03903459757566452,,0
cebik-w4rnl/models/VHF-UHF/nec/432-21-elOWAYagi-4mm.nec,ok,ok,0.04598451405763626,0.0458130557090044,,0
cebik-w4rnl/models/VHF-UHF/nec/432-21elYagi-DL6WU.nec,ok,ok,0.042121111415326595,0.041933939792215824,,0
cebik-w4rnl/models/VHF-UHF/nec/432-25elYagi.nec,ok,ok,0.05543930642306805,0.055234674364328384,1.0037,1
cebik-w4rnl/models/VHF-UHF/nec/432-26elYagi-DL6WU.nec,ok,ok,0.05939656961709261,0.05912217404693365,1.0046,1
cebik-w4rnl/models/VHF-UHF/nec/432-26elYagi-SM5BSZ.nec,ok,ok,0.059381213039159775,0.059369596652686596,1.0002,1
cebik-w4rnl/models/VHF-UHF/nec/432-27elYagi-DJ9BV.nec,ok,ok,0.06303148530423641,0.0631889533251524,0.9975,1
cebik-w4rnl/models/VHF-UHF/nec/432-31elYagi.nec,ok,ok,0.08047710731625557,0.08737209253013134,0.9211,1
cebik-w4rnl/models/VHF-UHF/nec/432-32elYagi-DL6WU.nec,ok,ok,0.08443246129900217,0.08514237962663174,0.9917,1
cebik-w4rnl/models/VHF-UHF/nec/432-32elwbYagi-VK3AUU.nec,ok,ok,0.08581721503287554,0.0851172748953104,1.0082,1
cebik-w4rnl/models/VHF-UHF/nec/432-40elYagi-K1FO.nec,ok,ok,0.12709389254450798,0.128129574470222,0.9919,1
cebik-w4rnl/models/VHF-UHF/nec/432-41elwbYagi-VK3AUU.nec,ok,ok,0.1344276238232851,0.13880473282188177,0.9685,1
cebik-w4rnl/models/VHF-UHF/nec/432-43elYagi-VE7SQB.nec,ok,ok,0.14594582188874483,0.15083893295377493,0.9676,1
cebik-w4rnl/models/VHF-UHF/nec/432-4elwbYagi-W4RNL.nec,ok,ok,0.007381155155599117,0.007535074837505817,,0
cebik-w4rnl/models/VHF-UHF/nec/432-58gp.nec,ok,ok,0.02600684203207493,0.02591533772647381,,0
cebik-w4rnl/models/VHF-UHF/nec/432-58splitvertical-WA6SVT.nec,ok,ok,0.031922847032547,0.031429750844836235,,0
cebik-w4rnl/models/VHF-UHF/nec/432-6elOWAYagi-14.nec,ok,ok,0.014635961502790451,0.011229317635297775,,0
cebik-w4rnl/models/VHF-UHF/nec/432-6elwbYagi-W4RNL.nec,ok,ok,0.009299853816628456,0.008970665745437145,,0
cebik-w4rnl/models/VHF-UHF/nec/432-7elOWAYagi-14.nec,ok,ok,0.012842589989304543,0.012971069663763046,,0
cebik-w4rnl/models/VHF-UHF/nec/432-8elOWAYagi-14.nec,ok,ok,0.014323188923299313,0.014233598485589027,,0
cebik-w4rnl/models/VHF-UHF/nec/432-8elYagi-ARRL.nec,ok,ok,0.01302917767316103,0.012276479043066502,,0
cebik-w4rnl/models/VHF-UHF/nec/432-8elYagi-DL6WU.nec,ok,ok,0.01393306814134121,0.013547264970839024,,0
cebik-w4rnl/models/VHF-UHF/nec/432-8elwbYagi-W4RNL.nec,ok,ok,0.010457138530910015,0.010608237236738205,,0
cebik-w4rnl/models/VHF-UHF/nec/432-8elwireYagi-14.nec,ok,ok,0.00997835397720337,0.009622235782444477,,0
cebik-w4rnl/models/VHF-UHF/nec/432-9elOWAYagi-14.nec,ok,ok,0.016272087581455708,0.016253734938800335,,0
cebik-w4rnl/models/VHF-UHF/nec/432-batwing+reflector.nec,ok,ok,0.3974217474460602,0.39813690073788166,0.9982,1
cebik-w4rnl/models/VHF-UHF/nec/432-batwing-wbdipole.nec,ok,ok,0.02635953202843666,0.026142590679228306,,0
cebik-w4rnl/models/VHF-UHF/nec/432-collinearvertical-GP.nec,ok,ok,0.04118191171437502,0.041086907498538494,,0
cebik-w4rnl/models/VHF-UHF/nec/432-cornerrefl+dipole-a.nec,ok,ok,0.09840828739106655,0.09756174124777317,1.0087,1
cebik-w4rnl/models/VHF-UHF/nec/432-cornerrefl+dipole-b.nec,ok,ok,0.3796577835455537,0.3750981893390417,1.0122,1
cebik-w4rnl/models/VHF-UHF/nec/432-cornerrefl+dipole.nec,ok,ok,0.19286229088902473,0.19168603885918856,1.0061,1
cebik-w4rnl/models/VHF-UHF/nec/432-cornerrefl-horiz.nec,ok,ok,0.6988655356690288,0.6999437399208546,0.9985,1
cebik-w4rnl/models/VHF-UHF/nec/432-cornerrefl-vertical.nec,ok,ok,0.08233960531651974,0.08147837780416012,1.0106,1
cebik-w4rnl/models/VHF-UHF/nec/432-cornerrefl-wiregrid-large.nec,ok,ok,2.8177237566560507,2.8208924494683743,0.9989,1
cebik-w4rnl/models/VHF-UHF/nec/432-cornerrefl-wiregrid-small.nec,ok,ok,0.16575146280229092,0.16544615663588047,1.0018,1
cebik-w4rnl/models/VHF-UHF/nec/432-dbldiamond-wiregridplanarrefl.nec,ok,ok,0.5956401424482465,0.596799953840673,0.9981,1
cebik-w4rnl/models/VHF-UHF/nec/432-flatcornerrefl+dipole.nec,ok,ok,0.12963109742850065,0.13370406813919544,0.9695,1
cebik-w4rnl/models/VHF-UHF/nec/432-tri-cornerrefl.nec,ok,ok,3.4645532313734293,3.4812807803973556,0.9952,1
cebik-w4rnl/models/VHF-UHF/nec/432-vertical-GP-125.nec,ok,ok,0.02047794871032238,0.020121093839406967,,0
cebik-w4rnl/models/VHF-UHF/nec/50-12elXquad-14.nec,ok,ok,0.06833517272025347,0.06759609933942556,1.0109,1
cebik-w4rnl/models/VHF-UHF/nec/50-2eldr-dirYagi.nec,ok,ok,0.006397689692676067,0.006296152248978615,,0
cebik-w4rnl/models/VHF-UHF/nec/50-2elwbYagi-W6SAI.nec,ok,ok,0.006756494753062725,0.006702270358800888,,0
cebik-w4rnl/models/VHF-UHF/nec/50-3elquad-14.nec,ok,ok,0.01741234865039587,0.017504344694316387,,0
cebik-w4rnl/models/VHF-UHF/nec/50-3elwbYagi-W6SAI.nec,ok,ok,0.007750901393592358,0.007635028101503849,,0
cebik-w4rnl/models/VHF-UHF/nec/50-4elhigainYagi-W1VT.nec,ok,ok,0.007290310226380825,0.0072702886536717415,,0
cebik-w4rnl/models/VHF-UHF/nec/50-6elOWAYagi.nec,ok,ok,0.01343904621899128,0.013322253711521626,,0
cebik-w4rnl/models/VHF-UHF/nec/50-7elOWAYagi.nec,ok,ok,0.015321843326091766,0.015206804499030113,,0
cebik-w4rnl/models/VHF-UHF/nec/50-8elOWAYagi.nec,ok,ok,0.017748763784766197,0.017775841988623142,,0
cebik-w4rnl/models/VHF-UHF/nec/50-9elYagi-ON4ANT.nec,ok,ok,0.04387694504112005,0.04257381334900856,,0
cebik-w4rnl/models/VHF-UHF/nec/50-dipole-turnstile.nec,ok,ok,0.0639281952753663,0.06359686516225338,1.0052,1
cebik-w4rnl/models/VHF-UHF/nec/50-lazyH-phasedarray.nec,ok,ok,0.25171476416289806,0.2548746047541499,0.9876,1
cebik-w4rnl/models/VHF-UHF/nec/50-lazyH.nec,ok,ok,0.11123277898877859,0.11168371792882681,0.9960,1
cebik-w4rnl/models/VHF-UHF/nec/50-moxrect-14.nec,ok,ok,0.04261989798396826,0.033739191479980946,,0
cebik-w4rnl/models/VHF-UHF/nec/50-moxrect-50.nec,ok,ok,0.04220024682581425,0.03449702449142933,,0
cebik-w4rnl/models/VHF-UHF/nec/50-quad-turnstile.nec,ok,ok,0.1146464990451932,0.11400621570646763,1.0056,1
cebik-w4rnl/models/VHF-UHF/nec/50-quadrectangle-horiz.nec,ok,ok,0.00888917874544859,0.008847423829138279,,0
cebik-w4rnl/models/VHF-UHF/nec/850-dbldiamond-planarrefl.nec,ok,ok,0.029155883006751537,0.02914722915738821,,0
cebik-w4rnl/models/VHF-UHF/nec/903-20elYagi-DL6WU.nec,ok,ok,0.03974763210862875,0.03982747532427311,,0
cebik-w4rnl/models/VHF-UHF/nec/903-32elYagi-DL6WU.nec,ok,ok,0.0864812945947051,0.0851559666916728,1.0156,1
cebik-w4rnl/models/VHF-UHF/nec/903-cornerrefl-vertical.nec,ok,ok,0.0826049204915762,0.08244528993964195,1.0019,1
cebik-w4rnl/models/Verticals/nec/10-3elparasitic-sngnd.nec,ok,ok,0.30135390907526016,0.29995201993733644,1.0047,1
cebik-w4rnl/models/Verticals/nec/10-3elwireparasitic-sngnd.nec,ok,ok,0.12347188219428062,0.12299966160207987,1.0038,1
cebik-w4rnl/models/Verticals/nec/10-bobtailcurtain-14.nec,ok,ok,0.19688457529991865,0.19510260969400406,1.0091,1
cebik-w4rnl/models/Verticals/nec/10-dblrect-14.nec,ok,ok,0.22729170229285955,0.22529278229922056,1.0089,1
cebik-w4rnl/models/Verticals/nec/10-dpl-spiralhats-sngnd.nec,ok,ok,0.0932749854400754,0.07962459046393633,1.1714,1
cebik-w4rnl/models/Verticals/nec/10-halfsquare-12.nec,ok,ok,0.19435279536992311,0.19517504703253508,0.9958,1
cebik-w4rnl/models/Verticals/nec/10-hsbeam-12.nec,ok,ok,0.2108319979161024,0.20949649531394243,1.0064,1
cebik-w4rnl/models/Verticals/nec/10-quadloop-dia-12.nec,ok,ok,0.20087726786732674,0.20092393178492785,0.9998,1
cebik-w4rnl/models/Verticals/nec/10-quadloop-sq-12.nec,ok,ok,0.1302601294592023,0.12244788650423288,1.0638,1
cebik-w4rnl/models/Verticals/nec/10-rect-14.nec,ok,ok,0.19348826352506876,0.1926999930292368,1.0041,1
cebik-w4rnl/models/Verticals/nec/10-sterba-12.nec,ok,ok,0.3535479549318552,0.35208355635404587,1.0042,1
cebik-w4rnl/models/Verticals/nec/10-sterba-ctrfed-12.nec,ok,ok,0.33632064145058393,0.3345665102824569,1.0052,1
cebik-w4rnl/models/Verticals/nec/14-monopole-4rad.nec,ok,ok,0.21740217320621014,0.21939040534198284,0.9909,1
cebik-w4rnl/models/Verticals/nec/14-monopole-4sloperad.nec,ok,ok,0.15451075602322817,0.1545502981171012,0.9997,1
cebik-w4rnl/models/Verticals/nec/144-14gp-45deg.nec,ok,ok,0.08935555815696716,0.0888717221096158,1.0054,1
cebik-w4rnl/models/Verticals/nec/144-14gp.nec,ok,ok,0.09461655467748642,0.08635940682142973,1.0956,1
cebik-w4rnl/models/Verticals/nec/144-14vertical-GP-fat.nec,ok,ok,0.030463929288089275,0.030758141539990902,,0
cebik-w4rnl/models/Verticals/nec/144-2elBobtail.nec,ok,ok,0.14893894363194704,0.14841747097671032,1.0035,1
cebik-w4rnl/models/Verticals/nec/144-2elhalfsquare.nec,ok,ok,0.029026005417108536,0.028811843134462833,,0
cebik-w4rnl/models/Verticals/nec/144-3eljpoleYagi-375.nec,ok,ok,0.28179999720305204,0.26892827544361353,1.0479,1
cebik-w4rnl/models/Verticals/nec/144-Jpole-50.nec,ok,ok,0.006210843101143837,0.00612254161387682,,0
cebik-w4rnl/models/Verticals/nec/144-Jpole58-375.nec,ok,ok,0.01501935999840498,0.014878862537443638,,0
cebik-w4rnl/models/Verticals/nec/144-edz-vertical.nec,ok,ok,0.03436189237982035,0.03404897451400757,,0
cebik-w4rnl/models/Verticals/nec/144-halfsquare.nec,ok,ok,0.015466432087123394,0.01547857467085123,,0
cebik-w4rnl/models/Verticals/nec/18-jpole-12.nec,ok,ok,0.0061496226117014885,0.005985132418572903,,0
cebik-w4rnl/models/Verticals/nec/1r8-dblrect-12.nec,ok,ok,0.24314198177307844,0.23636136297136545,1.0287,1
cebik-w4rnl/models/Verticals/nec/1r8-monopole-12rad-lentpr.nec,ok,ok,0.23283524252474308,0.2326115444302559,1.0010,1
cebik-w4rnl/models/Verticals/nec/1r8-monopole-4rad-lentpr.nec,ok,ok,0.20602017361670732,0.20453062374144793,1.0073,1
cebik-w4rnl/models/Verticals/nec/1r8-monopole-60rad-lentpr.nec,ok,ok,0.8478152146562934,0.8544566985219717,0.9922,1
cebik-w4rnl/models/Verticals/nec/1r8-rect-12.nec,ok,ok,0.2090059071779251,0.20825275871902704,1.0036,1
cebik-w4rnl/models/Verticals/nec/1r8-thatmonopole-mingnd.nec,ok,ok,0.006251487880945206,0.006323960609734058,,0
cebik-w4rnl/models/Verticals/nec/1r8-thatwiremonopole-mingnd.nec,ok,ok,0.007241955958306789,0.007157249376177788,,0
cebik-w4rnl/models/Verticals/nec/21-jpole-12.nec,ok,ok,0.007330756634473801,0.005958349443972111,,0
cebik-w4rnl/models/Verticals/nec/24-jpole-12.nec,ok,ok,0.006065192632377148,0.006010748445987701,,0
cebik-w4rnl/models/Verticals/nec/28-jpole-12.nec,ok,ok,0.006004981696605682,0.006046805530786514,,0
cebik-w4rnl/models/Verticals/nec/28-monopole-4rad.nec,ok,ok,0.1989125246182084,0.21000412292778492,0.9472,1
cebik-w4rnl/models/Verticals/nec/28-monopole-4sloperad.nec,ok,ok,0.07992498762905598,0.07950840424746275,1.0052,1
cebik-w4rnl/models/Verticals/nec/3-monopole-16hat-pergnd.nec,ok,ok,0.009367967955768108,0.009317589923739433,,0
cebik-w4rnl/models/Verticals/nec/3-monopole-16hat-perim-pergnd.nec,ok,ok,0.014215897768735886,0.014351126737892628,,0
cebik-w4rnl/models/Verticals/nec/3-monopole-4hat-pergnd.nec,ok,ok,0.006379070691764355,0.0063085779547691345,,0
cebik-w4rnl/models/Verticals/nec/3-monopole-4hat-perim-pergnd.nec,ok,ok,0.007596855983138084,0.007665994577109814,,0
cebik-w4rnl/models/Verticals/nec/300-11eldplarray.nec,ok,ok,0.057078893296420574,0.056452855467796326,1.0111,1
cebik-w4rnl/models/Verticals/nec/300-20eldplarray.nec,ok,ok,0.11521904356777668,0.11092462483793497,1.0387,1
cebik-w4rnl/models/Verticals/nec/300-30eldplarray.nec,ok,ok,0.1819987678900361,0.17758290097117424,1.0249,1
cebik-w4rnl/models/Verticals/nec/3r5-equidelta-fs-12.nec,ok,ok,0.007394272834062576,0.0072502074763178825,,0
cebik-w4rnl/models/Verticals/nec/3r6-alt2shortequidelta-sngnd-12.nec,ok,ok,0.155884413048625,0.16335530951619148,0.9543,1
cebik-w4rnl/models/Verticals/nec/3r6-alt3shortequidelta-sngnd-12.nec,ok,ok,0.14846099633723497,0.1476407442241907,1.0056,1
cebik-w4rnl/models/Verticals/nec/3r6-altshortequidelta-sngnd-12.nec,ok,ok,0.14925877377390862,0.14912042394280434,1.0009,1
cebik-w4rnl/models/Verticals/nec/3r6-bobtailbeam-12.nec,ok,ok,0.2619638051837683,0.2615582048892975,1.0016,1
cebik-w4rnl/models/Verticals/nec/3r6-bobtailcurtain-12.nec,ok,ok,0.2361172679811716,0.23283582739531994,1.0141,1
cebik-w4rnl/models/Verticals/nec/3r6-dbldelta-sngnd-12.nec,ok,ok,0.20761508774012327,0.20623520761728287,1.0067,1
cebik-w4rnl/models/Verticals/nec/3r6-dblrect-12.nec,ok,ok,0.2302678283303976,0.2273040246218443,1.0130,1
cebik-w4rnl/models/Verticals/nec/3r6-halfsquare-12.nec,ok,ok,0.19863272365182638,0.1982275154441595,1.0020,1
cebik-w4rnl/models/Verticals/nec/3r6-hentenna-12.nec,ok,ok,0.20268017053604126,0.1996992425993085,1.0149,1
cebik-w4rnl/models/Verticals/nec/3r6-hsbeam-12.nec,ok,ok,0.2150425659492612,0.21458615083247423,1.0021,1
cebik-w4rnl/models/Verticals/nec/3r6-hsbeam-reverible-12.nec,ok,ok,0.21966119203716516,0.21960085351020098,1.0003,1
cebik-w4rnl/models/Verticals/nec/3r6-opendblrect-12.nec,ok,ok,0.21348545979708433,0.21381669864058495,0.9985,1
cebik-w4rnl/models/Verticals/nec/3r6-parasitichentennas-12-N2DT.nec,ok,ok,0.22923347167670727,0.22903098724782467,1.0009,1
cebik-w4rnl/models/Verticals/nec/3r6-phasedhentennas-12-N2DT.nec,ok,ok,0.2304725954309106,0.23043417558073997,1.0002,1
cebik-w4rnl/models/Verticals/nec/3r6-rectangle-12.nec,ok,ok,0.2004381911829114,0.19941370654851198,1.0051,1
cebik-w4rnl/models/Verticals/nec/3r6-rtangdelta-fs-12.nec,ok,ok,0.006655687466263771,0.0065705059096217155,,0
cebik-w4rnl/models/Verticals/nec/3r6-shortequidelta-sngnd-12.nec,ok,ok,0.14928752090781927,0.14893489051610231,1.0024,1
cebik-w4rnl/models/Verticals/nec/3r6-vert-coilhat.nec,ok,ok,0.012854766100645065,0.013030515052378178,,0
cebik-w4rnl/models/Verticals/nec/3r6-vert-spiralhat.nec,ok,ok,0.018944079987704754,0.018910757265985012,,0
cebik-w4rnl/models/Verticals/nec/3r6-vert-symradhat.nec,ok,ok,0.04438748210668564,0.044934896752238274,,0
cebik-w4rnl/models/Verticals/nec/3r6-vert-teehat.nec,ok,ok,0.009514053352177143,0.009602369740605354,,0
cebik-w4rnl/models/Verticals/nec/3r6-vert-zigzaghat.nec,ok,ok,0.013767976313829422,0.01387212797999382,,0
cebik-w4rnl/models/Verticals/nec/50-Lant-375.nec,ok,ok,0.06629215739667416,0.06665353942662477,0.9946,1
cebik-w4rnl/models/Verticals/nec/50-Lant-50.nec,ok,ok,0.06662723049521446,0.06657279841601849,1.0008,1
cebik-w4rnl/models/Verticals/nec/5r4-bobtailcurtain-14.nec,ok,ok,0.20110866334289312,0.200593332760036,1.0026,1
cebik-w4rnl/models/Verticals/nec/5r4-dblrect-14.nec,ok,ok,0.2322530671954155,0.23078830912709236,1.0063,1
cebik-w4rnl/models/Verticals/nec/5r4-halfsquare-12.nec,ok,ok,0.20059072319418192,0.1995824482291937,1.0051,1
cebik-w4rnl/models/Verticals/nec/5r4-opendblrect-12.nec,ok,ok,0.21802574303001165,0.21708323992788792,1.0043,1
cebik-w4rnl/models/Verticals/nec/5r4-rect-14.nec,ok,ok,0.2034940142184496,0.20208292454481125,1.0070,1
cebik-w4rnl/models/Verticals/nec/7-2elphased-mingnd.nec,ok,ok,0.005800820887088776,0.005896627902984619,,0
cebik-w4rnl/models/Verticals/nec/7-2monopoles-parasitic.nec,ok,ok,0.004976295866072178,0.005087975412607193,,0
cebik-w4rnl/models/Verticals/nec/7-2monopoles-phased.nec,ok,ok,0.00581791065633297,0.005900772288441658,,0
cebik-w4rnl/models/Verticals/nec/7-3elcaploadparasitic-sngnd.nec,ok,ok,0.3408762216567993,0.3371677240356803,1.0110,1
cebik-w4rnl/models/Verticals/nec/7-3elhatloadparasitic-sngnd.nec,ok,ok,0.32229368668049574,0.321333316154778,1.0030,1
cebik-w4rnl/models/Verticals/nec/7-3elparasitic-sngnd.nec,ok,ok,0.25070491805672646,0.24990823585540056,1.0032,1
cebik-w4rnl/models/Verticals/nec/7-3elvertYagi-mingnd-1.nec,ok,ok,0.00915020052343607,0.009310011751949787,,0
cebik-w4rnl/models/Verticals/nec/7-3elwireparasitic-sngnd.nec,ok,ok,0.1279119374230504,0.12757042329758406,1.0027,1
cebik-w4rnl/models/Verticals/nec/7-bobtailcurtain-14.nec,ok,ok,0.18509362824261189,0.1841064179316163,1.0054,1
cebik-w4rnl/models/Verticals/nec/7-bruce-12.nec,ok,ok,0.010927814990282059,0.010795815847814083,,0
cebik-w4rnl/models/Verticals/nec/7-dbldelta-sngnd-12.nec,ok,ok,0.1944229993969202,0.19216562248766422,1.0117,1
cebik-w4rnl/models/Verticals/nec/7-dblrect-14.nec,ok,ok,0.21373958978801966,0.21352012362331152,1.0010,1
cebik-w4rnl/models/Verticals/nec/7-dpl-hats-sngnd.nec,ok,ok,0.13836265914142132,0.13784431852400303,1.0038,1
cebik-w4rnl/models/Verticals/nec/7-dpl-spiralhats-sngnd.nec,ok,ok,0.07415886409580708,0.07339187525212765,1.0105,1
cebik-w4rnl/models/Verticals/nec/7-equidelta-fs-12.nec,ok,ok,0.0072807688266038895,0.007268321700394154,,0
cebik-w4rnl/models/Verticals/nec/7-halfsquare-12.nec,ok,ok,0.1840302562341094,0.19544612057507038,0.9416,1
cebik-w4rnl/models/Verticals/nec/7-halfwlvert-6parasiticguys.nec,ok,ok,0.4664164409041405,0.46423705853521824,1.0047,1
cebik-w4rnl/models/Verticals/nec/7-hsbeam-12.nec,ok,ok,0.20304312463849783,0.20272971224039793,1.0015,1
cebik-w4rnl/models/Verticals/nec/7-monopole-4sloperad-sngnd.nec,ok,ok,0.12872623279690742,0.12373062502592802,1.0404,1
cebik-w4rnl/models/Verticals/nec/7-monopole-6rad-sngnd.nec,ok,ok,0.23199452180415392,0.23130370117723942,1.0030,1
cebik-w4rnl/models/Verticals/nec/7-opendblrect-12.nec,ok,ok,0.20036643836647272,0.19863086007535458,1.0087,1
cebik-w4rnl/models/Verticals/nec/7-quadloop-dia-12.nec,ok,ok,0.19307615142315626,0.19198546931147575,1.0057,1
cebik-w4rnl/models/Verticals/nec/7-quadloop-sq-12.nec,ok,ok,0.12758503016084433,0.12783397547900677,0.9981,1
cebik-w4rnl/models/Verticals/nec/7-rect-14.nec,ok,ok,0.18521348480135202,0.18435069546103477,1.0047,1
cebik-w4rnl/models/Verticals/nec/7-rtangdelta-sngnd-12.nec,ok,ok,0.18064647540450096,0.18718836922198534,0.9651,1
cebik-w4rnl/models/Verticals/nec/7-smallloop-1.nec,ok,ok,0.012290333397686481,0.010462868958711624,,0
cebik-w4rnl/models/Verticals/nec/7-sterba-12.nec,ok,ok,0.3464343370869756,0.35418479051440954,0.9781,1
cebik-w4rnl/models/Verticals/nec/7-sterba-ctrfed-12.nec,ok,ok,0.32900693733245134,0.33478899393230677,0.9827,1
cebik-w4rnl/models/Wire-Arrays/nec/10-28-hordelta-cnrfd-12.nec,ok,ok,0.15945171378552914,0.15700287371873856,1.0156,1
cebik-w4rnl/models/Wire-Arrays/nec/10-2elYagi-reversible-12.nec,ok,ok,0.006684747524559498,0.006543353199958801,,0
cebik-w4rnl/models/Wire-Arrays/nec/10-3elYagi-14.nec,ok,ok,0.1961712846532464,0.19561044592410326,1.0029,1
cebik-w4rnl/models/Wire-Arrays/nec/10-8jk-12.nec,ok,ok,0.18994544353336096,0.1896178349852562,1.0017,1
cebik-w4rnl/models/Wire-Arrays/nec/10-halfsq-14.nec,ok,ok,0.21693890821188688,0.2166448077186942,1.0014,1
cebik-w4rnl/models/Wire-Arrays/nec/14-28-rhombic21-12.nec,ok,ok,0.045400625094771385,0.04574602376669645,,0
cebik-w4rnl/models/Wire-Arrays/nec/14-3eledzbeam-12.nec,ok,ok,0.0702347531914711,0.06980106607079506,1.0062,1
cebik-w4rnl/models/Wire-Arrays/nec/14-5wllongwire-endfd-12.nec,ok,ok,0.4776329733431339,0.47548390459269285,1.0045,1
cebik-w4rnl/models/Wire-Arrays/nec/14-8jk-12.nec,ok,ok,0.20335582364350557,0.2034236304461956,0.9997,1
cebik-w4rnl/models/Wire-Arrays/nec/14-N4PCloop-12.nec,ok,ok,0.023677842691540718,0.02368250023573637,,0
cebik-w4rnl/models/Wire-Arrays/nec/14-halfsq-14.nec,ok,ok,0.2310095140710473,0.2288073766976595,1.0096,1
cebik-w4rnl/models/Wire-Arrays/nec/14-halfsqbeam-14.nec,ok,ok,0.21716999169439077,0.21718580462038517,0.9999,1
cebik-w4rnl/models/Wire-Arrays/nec/14-slopet2fd-12.nec,ok,ok,0.20503755938261747,0.20461043436080217,1.0021,1
cebik-w4rnl/models/Wire-Arrays/nec/14-trianglebeam-12.nec,ok,ok,0.7663581855595112,0.7612566370517015,1.0067,1
cebik-w4rnl/models/Wire-Arrays/nec/14-vbeam-12.nec,ok,ok,0.48203987441956997,0.4817890264093876,1.0005,1
cebik-w4rnl/models/Wire-Arrays/nec/1r8-28-horhexloop-12.nec,ok,ok,0.2827937947586179,0.2827302711084485,1.0002,1
cebik-w4rnl/models/Wire-Arrays/nec/1r8-28-horhexloop-large-12.nec,ok,ok,0.2414275025948882,0.2342895194888115,1.0305,1
cebik-w4rnl/models/Wire-Arrays/nec/1r8-28-hort2fd-long-12.nec,ok,ok,0.02267763391137123,0.022401143796741962,,0
cebik-w4rnl/models/Wire-Arrays/nec/1r8-28-hort2fd-med-12.nec,ok,ok,0.22177248168736696,0.22069860994815826,1.0049,1
cebik-w4rnl/models/Wire-Arrays/nec/1r8-28-hort2fd-med-tl-12.nec,ok,ok,0.3293934976682067,0.3244531322270632,1.0152,1
cebik-w4rnl/models/Wire-Arrays/nec/1r8-28-hort2fd-short-12.nec,ok,ok,0.008916007354855537,0.00868986826390028,,0
cebik-w4rnl/models/Wire-Arrays/nec/1r8-bobtailbeam-12.nec,ok,ok,0.26913228910416365,0.26974454801529646,0.9977,1
cebik-w4rnl/models/Wire-Arrays/nec/1r8-dblrect-12.nec,ok,ok,0.23700999561697245,0.24237550050020218,0.9779,1
cebik-w4rnl/models/Wire-Arrays/nec/1r8-halfsq-14.nec,ok,ok,0.20921956561505795,0.20777402352541685,1.0070,1
cebik-w4rnl/models/Wire-Arrays/nec/21-coledz-12.nec,ok,ok,0.1174155930057168,0.11474304646253586,1.0233,1
cebik-w4rnl/models/Wire-Arrays/nec/21-coledzlazyh-12.nec,ok,ok,0.2727541225031018,0.2726444024592638,1.0004,1
cebik-w4rnl/models/Wire-Arrays/nec/28-hentenna-12.nec,ok,ok,0.06951703783124685,0.07014679256826639,0.9910,1
cebik-w4rnl/models/Wire-Arrays/nec/3r6-1wlhordelta-12.nec,ok,ok,0.23721439484506845,0.23408746998757124,1.0134,1
cebik-w4rnl/models/Wire-Arrays/nec/3r6-1wlhorhexloop-14.nec,ok,ok,0.2015991834923625,0.20416868291795254,0.9874,1
cebik-w4rnl/models/Wire-Arrays/nec/3r6-1wlhoroctloop-12.nec,ok,ok,0.23659520410001278,0.23430529609322548,1.0098,1
cebik-w4rnl/models/Wire-Arrays/nec/3r6-2elYagi-12.nec,ok,ok,0.19132965710014105,0.1932191550731659,0.9902,1
cebik-w4rnl/models/Wire-Arrays/nec/3r6-3elYagi-14.nec,ok,ok,0.21006352081894875,0.20839937683194876,1.0080,1
cebik-w4rnl/models/Wire-Arrays/nec/3r6-3r9-4wire2elYagi.nec,ok,ok,0.2114641945809126,0.21396239008754492,0.9883,1
cebik-w4rnl/models/Wire-Arrays/nec/3r6-dblrect-12.nec,ok,ok,0.012336758896708488,0.01249371562153101,,0
cebik-w4rnl/models/Wire-Arrays/nec/3r6-halfsq-12.nec,ok,ok,0.2005498092621565,0.198362291790545,1.0110,1
cebik-w4rnl/models/Wire-Arrays/nec/3r6-halfsqbeam-12.nec,ok,ok,0.22433694824576378,0.22398109454661608,1.0016,1
cebik-w4rnl/models/Wire-Arrays/nec/3r6-linloaddipole-12.nec,ok,ok,0.008520522154867649,0.008508430793881416,,0
cebik-w4rnl/models/Wire-Arrays/nec/3r6-slopet2fd-12.nec,ok,ok,0.15083439741283655,0.15011736191809177,1.0048,1
cebik-w4rnl/models/Wire-Arrays/nec/3r6-vertrect-12.nec,ok,ok,0.20179199147969484,0.213185572065413,0.9466,1
cebik-w4rnl/models/Wire-Arrays/nec/3r6-wbdipole-14.nec,ok,ok,0.19115590956062078,0.18953588884323835,1.0085,1
cebik-w4rnl/models/Wire-Arrays/nec/3r9-2elYagi-14.nec,ok,ok,0.20353381894528866,0.2035040445625782,1.0001,1
cebik-w4rnl/models/Wire-Arrays/nec/3r9-2elYagi-reflload-14.nec,ok,ok,0.20333392545580864,0.2015856383368373,1.0087,1
cebik-w4rnl/models/Wire-Arrays/nec/3r9-3elYagi-14.nec,ok,ok,0.21451446879655123,0.21395879331976175,1.0026,1
cebik-w4rnl/models/Wire-Arrays/nec/3r9-3wire2elYagi-14.nec,ok,ok,0.2082563079893589,0.20706523023545742,1.0058,1
cebik-w4rnl/models/Wire-Arrays/nec/3r9-nvis-1wlloop-planarrefl.nec,ok,ok,0.4022557931020856,0.40336157102137804,0.9973,1
cebik-w4rnl/models/Wire-Arrays/nec/3r9-nvis-batwing-planarrefl.nec,ok,ok,0.6257654121145606,0.6252542920410633,1.0008,1
cebik-w4rnl/models/Wire-Arrays/nec/3r9-nvis-dipole-planarrefl.nec,ok,ok,0.37761313561350107,0.379399792291224,0.9953,1
cebik-w4rnl/models/Wire-Arrays/nec/3r9-nvis-edzlazyh-planarrefl.nec,ok,ok,0.7412216775119305,0.7351282499730587,1.0083,1
cebik-w4rnl/models/Wire-Arrays/nec/3r9-nvis-jamaica-planarrefl.nec,ok,ok,0.5648127133026719,0.5642756903544068,1.0010,1
cebik-w4rnl/models/Wire-Arrays/nec/5r4-2elYagi-reversible-12.nec,ok,ok,0.006724108941853046,0.006819276139140129,,0
cebik-w4rnl/models/Wire-Arrays/nec/5r4-8jk-12.nec,ok,ok,0.232854506932199,0.23265206441283226,1.0009,1
cebik-w4rnl/models/Wire-Arrays/nec/5r4-dblrect-14.nec,ok,ok,0.23132401332259178,0.23145460709929466,0.9994,1
cebik-w4rnl/models/Wire-Arrays/nec/5r4-halfsq-12.nec,ok,ok,0.20023467671126127,0.2012407211586833,0.9950,1
cebik-w4rnl/models/Wire-Arrays/nec/5r4-moxrect-reversible-12-AA2NN.nec,ok,ok,0.19738840498030186,0.19649706967175007,1.0045,1
cebik-w4rnl/models/Wire-Arrays/nec/7-14-rhombic10-12.nec,ok,ok,0.04558721464127302,0.045952060259878635,,0
cebik-w4rnl/models/Wire-Arrays/nec/7-28-hordelta-cnrfd-12.nec,ok,ok,0.22145481407642365,0.2205721829086542,1.0040,1
cebik-w4rnl/models/Wire-Arrays/nec/7-28-lazyh15-al.nec,ok,ok,0.07218699157238007,0.07219643797725439,0.9999,1
cebik-w4rnl/models/Wire-Arrays/nec/7-28-sqloop-cnrfd-12.nec,ok,ok,0.3158941576257348,0.31343670934438705,1.0078,1
cebik-w4rnl/models/Wire-Arrays/nec/7-28-sqloop-sidefd-12.nec,ok,ok,0.2444082172587514,0.2487464752048254,0.9826,1
cebik-w4rnl/models/Wire-Arrays/nec/7-2elYagi-reversible-12.nec,ok,ok,0.00676110852509737,0.006731197237968445,,0
cebik-w4rnl/models/Wire-Arrays/nec/7-2eldelta-12-K4TX.nec,ok,ok,0.2189402161166072,0.2129501923918724,1.0281,1
cebik-w4rnl/models/Wire-Arrays/nec/7-2elwireYagi-12.nec,ok,ok,0.006438536569476128,0.006373794749379158,,0
cebik-w4rnl/models/Wire-Arrays/nec/7-3elYagi-14.nec,ok,ok,0.18738340213894844,0.18903792556375265,0.9912,1
cebik-w4rnl/models/Wire-Arrays/nec/7-8jk-12.nec,ok,ok,0.18223088048398495,0.18173371069133282,1.0027,1
cebik-w4rnl/models/Wire-Arrays/nec/7-bobtailbeam-12.nec,ok,ok,0.2515687784180045,0.2608856800943613,0.9643,1
cebik-w4rnl/models/Wire-Arrays/nec/7-dblrect-14.nec,ok,ok,0.21344591304659843,0.21307074464857578,1.0018,1
cebik-w4rnl/models/Wire-Arrays/nec/7-edzlazyh-14.nec,ok,ok,0.06546746846288443,0.06548890564590693,0.9997,1
cebik-w4rnl/models/Wire-Arrays/nec/7-halfsq-12.nec,ok,ok,0.18235110212117434,0.1805897755548358,1.0098,1
cebik-w4rnl/models/Wire-Arrays/nec/7-halfsqbeam-12.nec,ok,ok,0.1989509155973792,0.1970517160370946,1.0096,1
cebik-w4rnl/models/Wire-Arrays/nec/7-halfsqbeam-14.nec,ok,ok,0.20092579163610935,0.19692657515406609,1.0203,1
cebik-w4rnl/models/Wire-Arrays/nec/7-hentenna-12.nec,ok,ok,0.06791219022125006,0.06690216064453125,1.0151,1
cebik-w4rnl/models/Wire-Arrays/nec/7-lazyh-14.nec,ok,ok,0.06579686794430017,0.06603772100061178,0.9964,1
cebik-w4rnl/models/Wire-Arrays/nec/7-moxrect-reversible-12-AA2NN.nec,ok,ok,0.17968316935002804,0.1781101357191801,1.0088,1
cebik-w4rnl/models/Wire-Arrays/nec/7-multiV-4wl-14.nec,ok,ok,0.38774976693093777,0.38378958869725466,1.0103,1
cebik-w4rnl/models/Wire-Arrays/nec/7-rect-botctrfd-14.nec,ok,ok,0.18045245297253132,0.18052245397120714,0.9996,1
cebik-w4rnl/models/Wire-Arrays/nec/7-rtanglevertdelta-botfd-12.nec,ok,ok,0.18728544935584068,0.18971069902181625,0.9872,1
cebik-w4rnl/models/Wire-Arrays/nec/7-slopet2fd-12.nec,ok,ok,0.1322051053866744,0.1317082904279232,1.0038,1
cebik-w4rnl/models/Wire-Arrays/nec/7-sqquadloop-botfd-12.nec,ok,ok,0.008660219609737396,0.007124239578843117,,0
cebik-w4rnl/models/Wire-Arrays/nec/7-vertdelta-botfd-12.nec,ok,ok,0.18485454376786947,0.18607546295970678,0.9934,1
cebik-w4rnl/models/Wire-Arrays/nec/7-vertintfldloop-12.nec,ok,ok,0.1604967275634408,0.16040965914726257,1.0005,1
cebik-w4rnl/models/Wire-Arrays/nec/7-wbdipole-14.nec,ok,ok,0.17232845537364483,0.1724618896842003,0.9992,1
cebik-w4rnl/models/Yagis-HF/nec/13el20mwireYagi-KB9MZ.nec,ok,ok,0.18894886784255505,0.1898035602644086,0.9955,1
cebik-w4rnl/models/Yagis-HF/nec/2e10mlhelicalelYagi-12.nec,ok,ok,0.03630678728222847,0.03287896141409874,,0
cebik-w4rnl/models/Yagis-HF/nec/2el10mB-antbeam-25.nec,ok,ok,0.10746334958821535,0.11031642556190491,0.9741,1
cebik-w4rnl/models/Yagis-HF/nec/2el10mYagi-stepdia-large.nec,ok,ok,0.006868982687592506,0.006768989376723766,,0
cebik-w4rnl/models/Yagis-HF/nec/2el10mYagi-stepdia-small.nec,ok,ok,0.006666599772870541,0.006618655286729336,,0
cebik-w4rnl/models/Yagis-HF/nec/2el30mwireYagi.nec,ok,ok,0.006409128196537495,0.006193370558321476,,0
cebik-w4rnl/models/Yagis-HF/nec/2el40mwireYagi.nec,ok,ok,0.006330661475658417,0.006199412979185581,,0
cebik-w4rnl/models/Yagis-HF/nec/2el60mwireYagi.nec,ok,ok,0.005826190114021301,0.005908524617552757,,0
cebik-w4rnl/models/Yagis-HF/nec/2el75mwireYagi.nec,ok,ok,0.005671631544828415,0.005578162148594856,,0
cebik-w4rnl/models/Yagis-HF/nec/2el80mwireYagi.nec,ok,ok,0.0056831371039152145,0.005595649592578411,,0
cebik-w4rnl/models/Yagis-HF/nec/2eldr-dir10mYagi-375.nec,ok,ok,0.0062105851247906685,0.006409133784472942,,0
cebik-w4rnl/models/Yagis-HF/nec/2eldr-dir10mYagi-50.nec,ok,ok,0.005648477002978325,0.00567335169762373,,0
cebik-w4rnl/models/Yagis-HF/nec/2eldr-ref12mYagi-42.nec,ok,ok,0.006217578426003456,0.006298442371189594,,0
cebik-w4rnl/models/Yagis-HF/nec/2eldr-ref15mYagi-50.nec,ok,ok,0.006296452134847641,0.006223617121577263,,0
cebik-w4rnl/models/Yagis-HF/nec/2eldr-ref17mYagi-59.nec,ok,ok,0.006293467245995998,0.006191907450556755,,0
cebik-w4rnl/models/Yagis-HF/nec/2eldr-ref20mYagi-1r5.nec,ok,ok,0.008852269500494003,0.00597701221704483,,0
cebik-w4rnl/models/Yagis-HF/nec/2eldr-ref30mYagi-2.nec,ok,ok,0.0061887409538030624,0.0058946264907717705,,0
cebik-w4rnl/models/Yagis-HF/nec/2eldr-ref40mYagi-1r5.nec,ok,ok,0.006502415984869003,0.006234578788280487,,0
cebik-w4rnl/models/Yagis-HF/nec/2eldr-ref40mYagi-stepdia.nec,ok,ok,0.012000336311757565,0.012346247211098671,,0
cebik-w4rnl/models/Yagis-HF/nec/2elwb40mYagi-stepdia.nec,ok,ok,0.01058236975222826,0.011689347214996815,,0
cebik-w4rnl/models/Yagis-HF/nec/3bandHFYagi-uniel-noloads.nec,ok,ok,0.028882170096039772,0.02946976199746132,,0
cebik-w4rnl/models/Yagis-HF/nec/3bandHFtrapYagi-stepdia.nec,ok,ok,0.01553616113960743,0.015639519318938255,,0
cebik-w4rnl/models/Yagis-HF/nec/3el10mYagi-50.nec,ok,ok,0.007416067644953728,0.00733228400349617,,0
cebik-w4rnl/models/Yagis-HF/nec/3el10mYagi-Bird.nec,ok,ok,0.00911096390336752,0.011010095477104187,,0
cebik-w4rnl/models/Yagis-HF/nec/3el10mYagi-stepdia.nec,ok,ok,0.008183466270565987,0.007901091128587723,,0
cebik-w4rnl/models/Yagis-HF/nec/3el12mYagi-625.nec,ok,ok,0.00740303099155426,0.007644909434020519,,0
cebik-w4rnl/models/Yagis-HF/nec/3el15mYagi-stepdia-large.nec,ok,ok,0.008642618544399738,0.010108956135809422,,0
cebik-w4rnl/models/Yagis-HF/nec/3el15mYagi-stepdia-small.nec,ok,ok,0.01145953219383955,0.01144486851990223,,0
cebik-w4rnl/models/Yagis-HF/nec/3el15mlongYagi-75.nec,ok,ok,0.008252521045506,0.007265155203640461,,0
cebik-w4rnl/models/Yagis-HF/nec/3el15mmedYagi-K9EUV.nec,ok,ok,0.006340214982628822,0.00604939553886652,,0
cebik-w4rnl/models/Yagis-HF/nec/3el15mshortYagi-75.nec,ok,ok,0.008458650670945644,0.0073323603719472885,,0
cebik-w4rnl/models/Yagis-HF/nec/3el17mshortYagi-875.nec,ok,ok,0.007432791404426098,0.007274586707353592,,0
cebik-w4rnl/models/Yagis-HF/nec/3el20mlongYagi-1.nec,ok,ok,0.009602656587958336,0.007296284660696983,,0
cebik-w4rnl/models/Yagis-HF/nec/3el20mlongYagi-stepdia.nec,ok,ok,0.008706154301762581,0.007623526267707348,,0
cebik-w4rnl/models/Yagis-HF/nec/3el20mmedYagi-K9EUV.nec,ok,ok,0.006236731074750423,0.006019258871674538,,0
cebik-w4rnl/models/Yagis-HF/nec/3el20mshortYagi-1.nec,ok,ok,0.0074224816635251045,0.0073712971061468124,,0
cebik-w4rnl/models/Yagis-HF/nec/3el20mshortYagi-stepdia.nec,ok,ok,0.009590973146259785,0.007941813208162785,,0
cebik-w4rnl/models/Yagis-HF/nec/3el2b15m10mYagi-1.nec,ok,ok,0.02974690403789282,0.029272635467350483,,0
cebik-w4rnl/models/Yagis-HF/nec/3el40mVYagi-WA3FET.nec,ok,ok,0.008013160899281502,0.007795331068336964,,0
cebik-w4rnl/models/Yagis-HF/nec/3el40mYagi-stepdia.nec,ok,ok,0.007783639244735241,0.007739713415503502,,0
cebik-w4rnl/models/Yagis-HF/nec/3el40mlongYagi-2.nec,ok,ok,0.010851544328033924,0.007479775696992874,,0
cebik-w4rnl/models/Yagis-HF/nec/3el40mshortYagi-2.nec,ok,ok,0.0075293174013495445,0.009761992841959,,0
cebik-w4rnl/models/Yagis-HF/nec/3el40mwireYagi-reversible.nec,ok,ok,0.007341357879340649,0.009476886130869389,,0
cebik-w4rnl/models/Yagis-HF/nec/3el60mwireYagi-reversible.nec,ok,ok,0.009926426224410534,0.007256154902279377,,0
cebik-w4rnl/models/Yagis-HF/nec/3el75mwireYagi-reversible.nec,ok,ok,0.007407844997942448,0.007368444465100765,,0
cebik-w4rnl/models/Yagis-HF/nec/3el80mwireYagi-reversible.nec,ok,ok,0.007551765069365501,0.007490278221666813,,0
cebik-w4rnl/models/Yagis-HF/nec/3elVYagi10m-wa3fet.nec,ok,ok,0.009697018191218376,0.009912646375596523,,0
cebik-w4rnl/models/Yagis-HF/nec/3elmed10mYagi-K9EUV.nec,ok,ok,0.0074949078261852264,0.0100379828363657,,0
cebik-w4rnl/models/Yagis-HF/nec/3elshort10mYagi-50.nec,ok,ok,0.009586256928741932,0.007330304943025112,,0
cebik-w4rnl/models/Yagis-HF/nec/3elwb10mYagi-W6SAI.nec,ok,ok,0.006951597519218922,0.0066869985312223434,,0
cebik-w4rnl/models/Yagis-HF/nec/3elwb10mYagi-stepdia.nec,ok,ok,0.009648560546338558,0.009052980691194534,,0
cebik-w4rnl/models/Yagis-HF/nec/3elwb40mYagi-stepdia.nec,ok,ok,0.015063637867569923,0.014916440472006798,,0
cebik-w4rnl/models/Yagis-HF/nec/4el10mYagi-75.nec,ok,ok,0.006697355769574642,0.0066345129162073135,,0
cebik-w4rnl/models/Yagis-HF/nec/4el10mwbYagi-stepdia-W4RNL.nec,ok,ok,0.01161047164350748,0.011509498581290245,,0
cebik-w4rnl/models/Yagis-HF/nec/4el10mwbYagi-stepdia.nec,ok,ok,0.008615285158157349,0.008555768057703972,,0
cebik-w4rnl/models/Yagis-HF/nec/4el15mYagi-875.nec,ok,ok,0.00865644495934248,0.008436199277639389,,0
cebik-w4rnl/models/Yagis-HF/nec/4el20mYagi-stepdia.nec,ok,ok,0.013541609048843384,0.013396271504461765,,0
cebik-w4rnl/models/Yagis-HF/nec/4el2b12m17mYagi-stepdia.nec,ok,ok,0.012662419117987156,0.01182054728269577,,0
cebik-w4rnl/models/Yagis-HF/nec/4el2b12m17mdr-dirYagi-stepdia.nec,ok,ok,0.011594130657613277,0.012763758189976215,,0
cebik-w4rnl/models/Yagis-HF/nec/4el2band80m75mwireYagi.nec,ok,ok,0.008955815806984901,0.00902627408504486,,0
cebik-w4rnl/models/Yagis-HF/nec/4elwb40mYagi.nec,ok,ok,0.020427366718649864,0.02027542795985937,,0
cebik-w4rnl/models/Yagis-HF/nec/5bandHFYagi50_-ON4ANT.nec,ok,ok,0.031196278519928455,0.031187559477984905,,0
cebik-w4rnl/models/Yagis-HF/nec/5bandHFYagi60_-ON4ANT.nec,ok,ok,0.0347574045881629,0.033356454223394394,,0
cebik-w4rnl/models/Yagis-HF/nec/5el10mYagi-K4SB.nec,ok,ok,0.008007869124412537,0.007907525636255741,,0
cebik-w4rnl/models/Yagis-HF/nec/5el10mwbYagi-stepdia.nec,ok,ok,0.009921260178089142,0.009933484718203545,,0
cebik-w4rnl/models/Yagis-HF/nec/5el20mYagi-K4SB.nec,ok,ok,0.017028314992785454,0.01711366791278124,,0
cebik-w4rnl/models/Yagis-HF/nec/5el20mYagi-N6BV.nec,ok,ok,0.022982780821621418,0.022883299738168716,,0
cebik-w4rnl/models/Yagis-HF/nec/5el20mYagi-W3LPL.nec,ok,ok,0.024790765717625618,0.02237387467175722,,0
cebik-w4rnl/models/Yagis-HF/nec/5el20mYagi-W6NGZ.nec,ok,ok,0.014999523758888245,0.01514124684035778,,0
cebik-w4rnl/models/Yagis-HF/nec/6el10mOWAYagi-N6BV.nec,ok,ok,0.019582382403314114,0.019249122589826584,,0
cebik-w4rnl/models/Yagis-HF/nec/6el10mOWAYagi-NW3Z.nec,ok,ok,0.013301420025527477,0.014158695004880428,,0
cebik-w4rnl/models/Yagis-HF/nec/6el10mOWAYagi-hd-stepdia.nec,ok,ok,0.01126733236014843,0.011017851531505585,,0
cebik-w4rnl/models/Yagis-HF/nec/6el20mOWAYagi-NW3Z.nec,ok,ok,0.022034241817891598,0.02053888514637947,,0
cebik-w4rnl/models/Yagis-HF/nec/6el20mYagi-1r5.nec,ok,ok,0.010967496782541275,0.01380746066570282,,0
cebik-w4rnl/models/Yagis-HF/nec/6el20mYagi-N6BV.nec,ok,ok,0.02005441766232252,0.019350871443748474,,0
cebik-w4rnl/models/Yagis-HF/nec/6el2b15m10mYagi-W4RNL.nec,ok,ok,0.012439403682947159,0.017732467502355576,,0
cebik-w4rnl/models/Yagis-HF/nec/6el2b20m15mYagi-W4RNL.nec,ok,ok,0.011030344292521477,0.010950712487101555,,0
cebik-w4rnl/models/Yagis-HF/nec/7el10mOWAYagi-stepdia.nec,ok,ok,0.012446005828678608,0.014974716119468212,,0
cebik-w4rnl/models/Yagis-HF/nec/7el10mwireYagi.nec,ok,ok,0.009510508738458157,0.009027358144521713,,0
cebik-w4rnl/models/Yagis-HF/nec/7el15mYagi-SP5GRM.nec,ok,ok,0.031109713949263096,0.02962325606495142,,0
cebik-w4rnl/models/Yagis-HF/nec/7el20mlongYagi-1r5.nec,ok,ok,0.0126050915569067,0.012467334046959877,,0
cebik-w4rnl/models/Yagis-HF/nec/7el20mshortYagi-1r5.nec,ok,ok,0.012512382119894028,0.012569762766361237,,0
cebik-w4rnl/models/Yagis-HF/nec/8el20mYagi-1r5.nec,ok,ok,0.01607745047658682,0.016361081041395664,,0
cebik-w4rnl/models/Yagis-HF/nec/capload2el10mYagi-375.nec,ok,ok,0.012681080028414726,0.012569223530590534,,0
cebik-w4rnl/models/Yagis-HF/nec/ctrload2el10mYagi-375.nec,ok,ok,0.00948383379727602,0.00888100452721119,,0
cebik-w4rnl/models/Yagis-HF/nec/ctrload2el10mYagi-75.nec,ok,ok,0.006658537313342094,0.006382111459970474,,0
cebik-w4rnl/models/Yagis-HF/nec/ctrload2el40mYagi-stepdia.nec,ok,ok,0.009744973853230476,0.009335614740848541,,0
cebik-w4rnl/models/Yagis-HF/nec/moxrect10m12.nec,ok,ok,0.00952884927392006,0.010092567652463913,,0
cebik-w4rnl/models/Yagis-HF/nec/moxrect10m50.nec,ok,ok,0.008841772563755512,0.008728370070457458,,0
cebik-w4rnl/models/Yagis-HF/nec/moxrect12m12.nec,ok,ok,0.011096199043095112,0.01246901135891676,,0
cebik-w4rnl/models/Yagis-HF/nec/moxrect12m625.nec,ok,ok,0.011075517162680626,0.008630099706351757,,0
cebik-w4rnl/models/Yagis-HF/nec/moxrect15m12.nec,ok,ok,0.008794932626187801,0.012103335931897163,,0
cebik-w4rnl/models/Yagis-HF/nec/moxrect15m75.nec,ok,ok,0.011421366594731808,0.008755622431635857,,0
cebik-w4rnl/models/Yagis-HF/nec/moxrect17m12.nec,ok,ok,0.00874482560902834,0.008524155244231224,,0
cebik-w4rnl/models/Yagis-HF/nec/moxrect17m875.nec,ok,ok,0.009126163087785244,0.00881173089146614,,0
cebik-w4rnl/models/Yagis-HF/nec/moxrect20m1.nec,ok,ok,0.008948689326643944,0.008537743240594864,,0
cebik-w4rnl/models/Yagis-HF/nec/moxrect20m12.nec,ok,ok,0.011401955969631672,0.008709412068128586,,0
cebik-w4rnl/models/Yagis-HF/nec/moxrect30m12.nec,ok,ok,0.00889889057725668,0.00861123576760292,,0
cebik-w4rnl/models/Yagis-HF/nec/moxrect40m12.nec,ok,ok,0.011640757322311401,0.008760296739637852,,0
cebik-w4rnl/models/Yagis-HF/nec/moxrect60m12.nec,ok,ok,0.008823963813483715,0.011189701966941357,,0
cebik-w4rnl/models/Yagis-HF/nec/moxrect75m12.nec,ok,ok,0.008722441270947456,0.008861805312335491,,0
cebik-w4rnl/models/Yagis-HF/nec/moxrect80m12.nec,ok,ok,0.00879854615777731,0.011370955035090446,,0
cebik-w4rnl/nec2-ex1.nec,ok,ok,0.0038505252450704575,0.003981009125709534,,0
cebik-w4rnl/nec2-ex2.nec,ok,ok,0.004182076081633568,0.00460098497569561,,0
cebik-w4rnl/nec2-ex3.nec,ok,ok,0.05480944272130728,0.054891183972358704,0.9985,1
cebik-w4rnl/nec2-ex5.nec,ok,ok,0.00609930045902729,0.006018416024744511,,0
cebik-w4rnl/nec2-ex7.nec,ok-no-source,ok-no-source,0.12235279753804207,0.12240622937679291,,0
cebik-w4rnl/nec2-ex8.nec,ok-no-source,ok-no-source,0.0039420221000909805,0.00397669430822134,,0
cebik-w4rnl/nec4-ex1.nec,ok,ok,0.0038065919652581215,0.0035917768254876137,,0
cebik-w4rnl/nec4-ex10_1.nec,ok,ok,0.1458994336426258,0.14492093306034803,1.0068,1
cebik-w4rnl/nec4-ex10_2.nec,ok,ok,0.00435820035636425,0.004635050892829895,,0
cebik-w4rnl/nec4-ex10_3.nec,ok,ok,0.14595999382436275,0.14737570378929377,0.9904,1
cebik-w4rnl/nec4-ex11.nec,ok,ok,0.05540440324693918,0.05555510614067316,0.9973,1
cebik-w4rnl/nec4-ex3.nec,ok,ok,0.05459615495055914,0.05484818480908871,0.9954,1
cebik-w4rnl/nec4-ex5.nec,ok,ok,0.006126387044787407,0.006172630004584789,,0
cebik-w4rnl/nec4-ex7.nec,ok-no-source,ok-no-source,0.12236757855862379,0.12228313367813826,,0
cebik-w4rnl/nec4-ex8.nec,ok-no-source,ok-no-source,0.0040113190189003944,0.004017660394310951,,0
g1ojs/10m/10m 65cm Circ 10mm Copper Magloop H.nec,ok,ok,0.05482350755482912,0.0545866871252656,1.0043,1
g1ojs/10m/10m 65cm Circ 10mm Copper Magloop V side.nec,ok,ok,0.05513215810060501,0.055290292017161846,0.9971,1
g1ojs/10m/10m 65cm Circ 10mm Copper Magloop V.nec,ok,ok,0.05542312283068895,0.05506834480911493,1.0064,1
g1ojs/10m/10m Helically loaded dipole 2.43m long.nec,ok,ok,6.948542912490666,7.013280514627695,0.9908,1
g1ojs/10m/10m LL Dipole 4m 5mm dia elements - hairpin.nec,ok,ok,0.4898558771237731,0.4877722719684243,1.0043,1
g1ojs/10m/10m Quad base fed.nec,ok,ok,0.5373285012319684,0.5386240221560001,0.9976,1
g1ojs/10m/10m Rect Petlowany Dipole 10mm dia elements flat 2.nec,ok,ok,0.010644610971212387,0.010630275122821331,,0
g1ojs/10m/10m Short Dipole 3m 5mm dia elements - trombone.nec,ok,ok,0.42249301075935364,0.4272611644119024,0.9888,1
g1ojs/10m/_10m Dipole ref.nec,ok,ok,0.2536767637357116,0.25175028294324875,1.0077,1
g1ojs/10m/_10m V.nec,ok,ok,0.4182200990617275,0.4161333367228508,1.0050,1
g1ojs/15m/_15m V.nec,ok,ok,0.6274467287585139,0.6239494988694787,1.0056,1
g1ojs/160m/160m 239cm Circ 10mm Cu Magloop V.nec,ok,ok,0.07601719442754984,0.07617375254631042,0.9979,1
g1ojs/160m/160m Coax Magloop V.nec,ok,ok,0.058025083504617214,0.05796419829130173,1.0011,1
g1ojs/160m/160m Single Turn Coax Magloop V.nec,ok,ok,0.058030799962580204,0.057752651162445545,1.0048,1
g1ojs/160m/160m Three Turn Coax Magloop V.nec,ok,ok,0.06000531557947397,0.06011443678289652,0.9982,1
g1ojs/160m/160m Two Turn Coax Magloop V.nec,ok,ok,0.05887692142277956,0.05894626025110483,0.9988,1
g1ojs/1V cap plates solid coplanar.nec,ok,ok,0.8665231503546238,0.8700240338221192,0.9960,1
g1ojs/20m/20m 239cm Circ 10mm Copper Magloop H.nec,ok,ok,0.0706422496587038,0.0706116072833538,1.0004,1
g1ojs/20m/20m 239cm Circ 10mm Copper Magloop V.nec,ok,ok,0.07186231762170792,0.07119060307741165,1.0094,1
g1ojs/20m/20m 239cm Circ 10mm Copper Magloop Vside.nec,ok,ok,0.07170629687607288,0.07224164623767138,0.9926,1
g1ojs/20m/20m 65cm Circ 10mm Copper Magloop H.nec,ok,ok,0.061744142323732376,0.05478566139936447,1.1270,1
g1ojs/20m/20m 65cm Circ 10mm Copper Magloop V side.nec,ok,ok,0.05536135472357273,0.05513324774801731,1.0041,1
g1ojs/20m/20m 65cm Circ 10mm Copper Magloop V.nec,ok,ok,0.05528419278562069,0.05522070359438658,1.0011,1
g1ojs/20m/20m Half wave circular loop V side.nec,ok,ok,0.12170617654919624,0.12192285247147083,0.9982,1
g1ojs/20m/20m Half wave square loop V side as built.nec,ok,ok,0.11399450432509184,0.11361264158040285,1.0034,1
g1ojs/20m/20m Half wave square loop V side.nec,ok,ok,0.05366832483559847,0.053587015718221664,1.0015,1
g1ojs/20m/20m V coax braid element.nec,ok,ok,0.7541730077937245,0.7503264928236604,1.0051,1
g1ojs/20m/20m V coax inner element.nec,ok,ok,0.64632205106318,0.6475215628743172,0.9981,1
g1ojs/20m/20m V pvc covered.nec,ok,ok,0.6988430647179484,0.6921882536262274,1.0096,1
g1ojs/20m/Open loop H 7.4m.nec,ok,ok,0.06099993921816349,0.06061423942446709,1.0064,1
g1ojs/20m/Open loop V base 7.4m.nec,ok,ok,0.06142354756593704,0.06118294131010771,1.0039,1
g1ojs/20m/Open loop V side 7.4m.nec,ok,ok,0.06367361079901457,0.06131465267390013,1.0385,1
g1ojs/20m/_20m Dipole ref.nec,ok,ok,0.8016226254403591,0.8158699367195368,0.9825,1
g1ojs/20m/_20m V.nec,ok,ok,0.7484791725873947,0.7521996581926942,0.9951,1
g1ojs/3V cap plates solid coplanar.nec,ok,ok,1.2641935385763645,1.2701347898691893,0.9953,1
g1ojs/40m/40m 239cm Circ 10mm Cu Magloop H.nec,ok,ok,0.06663619540631771,0.06665303464978933,0.9997,1
g1ojs/40m/40m 239cm Circ 10mm Cu Magloop V side.nec,ok,ok,0.06716248113662004,0.06762295681983232,0.9932,1
g1ojs/40m/40m 239cm Circ 10mm Cu Magloop V.nec,ok,ok,0.06726900208741426,0.06758410856127739,0.9953,1
g1ojs/40m/40m Fitted Attic V.nec,ok,ok,0.6499084029346704,0.6544107552617788,0.9931,1
g1ojs/40m/40m V cap plates coplanar.nec,ok,ok,0.866248294711113,0.8760794484987855,0.9888,1
g1ojs/40m/40m V cap spokes.nec,ok,ok,0.6558280866593122,0.6580261392518878,0.9967,1
g1ojs/40m/40m V doglegs BUILT.nec,ok,ok,0.6495654191821814,0.648624500259757,1.0015,1
g1ojs/40m/40m VU built 2.nec,ok,ok,0.6596172293648124,0.6524477349594235,1.0110,1
g1ojs/40m/40m VU built.nec,ok,ok,0.6483239755034447,0.6583326645195484,0.9848,1
g1ojs/40m/40m VU.nec,ok,ok,0.6456059506163001,0.6495123784989119,0.9940,1
g1ojs/40m/_40m Dipole ref.nec,ok,ok,0.900505930185318,0.9069682657718658,0.9929,1
g1ojs/40m/_40m V loaded.nec,ok,ok,0.6438857140019536,0.6438734829425812,1.0000,1
g1ojs/40m/opt/40m V integral PI-01.nec,ok,ok,0.13557784352451563,0.1377855595201254,0.9840,1
g1ojs/40m/opt/40m V integral PI-02.nec,ok,ok,0.1365944342687726,0.13527065236121416,1.0098,1
g1ojs/40m/opt/40m V integral PI-03.nec,ok,ok,0.13535625394433737,0.1361916959285736,0.9939,1
g1ojs/40m/opt/40m V integral PI-04.nec,ok,ok,0.1350734317675233,0.1352868964895606,0.9984,1
g1ojs/40m/opt/40m V integral PI-05.nec,ok,ok,0.13584048859775066,0.13585412595421076,0.9999,1
g1ojs/40m/opt/40m V integral PI-06.nec,ok,ok,0.13582974765449762,0.1355957044288516,1.0017,1
g1ojs/40m/opt/40m V integral PI-07.nec,ok,ok,0.13611038401722908,0.1355095598846674,1.0044,1
g1ojs/40m/opt/40m V integral PI-08.nec,ok,ok,0.13583198469132185,0.13544117007404566,1.0029,1
g1ojs/40m/opt/40m V integral PI-09.nec,ok,ok,0.13613399770110846,0.13631431385874748,0.9987,1
g1ojs/40m/opt/40m V integral PI-10.nec,ok,ok,0.13492589071393013,0.13509059511125088,0.9988,1
g1ojs/40m/opt/40m V integral PI-11.nec,ok,ok,0.1357119856402278,0.1362206619232893,0.9963,1
g1ojs/40m/opt/40m V integral PI-12.nec,ok,ok,0.13508138712495565,0.13529949449002743,0.9984,1
g1ojs/40m/opt/40m V integral PI-13.nec,ok,ok,0.13538014236837626,0.13584069162607193,0.9966,1
g1ojs/40m/opt/40m V integral PI-14.nec,ok,ok,0.1353350505232811,0.1360712368041277,0.9946,1
g1ojs/40m/opt/40m V integral PI-15.nec,ok,ok,0.1368219144642353,0.13623480405658484,1.0043,1
g1ojs/40m/opt/40m V integral PI-16.nec,ok,ok,0.1368724498897791,0.13591061625629663,1.0071,1
g1ojs/40m/opt/40m V integral PI-17.nec,ok,ok,0.13585031684488058,0.135347549803555,1.0037,1
g1ojs/40m/opt/40m V integral PI-18.nec,ok,ok,0.13522074557840824,0.1351786395534873,1.0003,1
g1ojs/40m/opt/40m V integral PI-19.nec,ok,ok,0.13544925302267075,0.1354852830991149,0.9997,1
g1ojs/40m/opt/40m V integral PI-20.nec,ok,ok,0.13544424064457417,0.13603281695395708,0.9957,1
g1ojs/40m/opt/40m V integral PI-21.nec,ok,ok,0.13537437841296196,0.13548698741942644,0.9992,1
g1ojs/40m/opt/40m V integral PI-22.nec,ok,ok,0.1382644223049283,0.13721408043056726,1.0077,1
g1ojs/40m/opt/40m V integral PI-23.nec,ok,ok,0.13642675522714853,0.13567493204027414,1.0055,1
g1ojs/40m/opt/40m V integral PI-24.nec,ok,ok,0.13611131813377142,0.13588381558656693,1.0017,1
g1ojs/40m/opt/40m V integral PI-25.nec,ok,ok,0.13637407962232828,0.13561870250850916,1.0056,1
g1ojs/40m/opt/40m V integral PI-26.nec,ok,ok,0.13603989128023386,0.13606195524334908,0.9998,1
g1ojs/40m/opt/40m V integral PI-27.nec,ok,ok,0.13702478725463152,0.13536501117050648,1.0123,1
g1ojs/40m/opt/40m V integral PI-28.nec,ok,ok,0.13774244766682386,0.13588143233209848,1.0137,1
g1ojs/40m/opt/40m V integral PI-29.nec,ok,ok,0.13696947041898966,0.13698359206318855,0.9999,1
g1ojs/40m/opt/40m V integral PI-30.nec,ok,ok,0.1372838979586959,0.13716525956988335,1.0009,1
g1ojs/40m/opt/40m V integral PI_003-19.nec,ok,ok,0.1365880174562335,0.13702738378196955,0.9968,1
g1ojs/40m/opt/40m V integral PI_007-12.nec,ok,ok,0.13649841211736202,0.13612459879368544,1.0027,1
g1ojs/40m/trials/40m V cage.nec,ok,ok,1.1679808367043734,1.1673995601013303,1.0005,1
g1ojs/40m/trials/40m V curve 4pts 7MHz.nec,ok,ok,0.6530681177973747,0.6541503174230456,0.9983,1
g1ojs/40m/trials/40m V curve 5pts 7MHz.nec,ok,ok,0.6730315620079637,0.6535897459834814,1.0297,1
g1ojs/40m/trials/40m V integral PI.nec,ok,ok,0.6529414867982268,0.6515843076631427,1.0021,1
g1ojs/40m/trials/40m V mesh.nec,ok,ok,1.0329348258674145,1.0372186303138733,0.9959,1
g1ojs/630m/630m Three Turn Coax Magloop V.nec,ok,ok,0.06196300592273474,0.06217481195926666,0.9966,1
g1ojs/80m/40m V3.nec,ok,ok,0.6545393001288176,0.6536343665793538,1.0014,1
g1ojs/80m/80m 239cm Circ 10mm Cu Magloop V.nec,ok,ok,0.07114957552403212,0.07106023654341698,1.0013,1
g1ojs/80m/80m V cap plates high H.nec,ok,ok,0.7986727328971028,0.7886514943093061,1.0127,1
g1ojs/80m/80m V cap plates solid coplanar.nec,ok,ok,0.8864673962816596,0.8866099398583174,0.9998,1
g1ojs/80m/80m V cap plates solid felt.nec,ok,ok,0.854916600510478,0.8540577245876193,1.0010,1
g1ojs/80m/80m V.nec,ok,ok,0.6773029146715999,0.6749631650745869,1.0035,1
g1ojs/80m/80m V3.nec,ok,ok,0.694472711533308,0.7043543746694922,0.9860,1
g1ojs/80m/_80m Dipole ref.nec,ok,ok,0.9868283672258258,1.000928177498281,0.9859,1
g1ojs/80m/tmp.nec,ok,ok,0.6149851093068719,0.6129403179511428,1.0033,1
g1ojs/Delta loop/loop.nec,ok,ok,0.5613650362938643,0.568520525470376,0.9874,1
g1ojs/Loft wires/1V.nec,ok,ok,0.653259445913136,0.6650262977927923,0.9823,1
g1ojs/Loft wires/2V.nec,ok,ok,0.6616021124646068,0.6664958829060197,0.9927,1
g1ojs/Loft wires/LF.nec,ok,ok,0.7289072889834642,0.7389571908861399,0.9864,1
g1ojs/Loft wires/Max space V centre.nec,ok,ok,0.6604488519951701,0.6613710904493928,0.9986,1
g1ojs/Loft wires/Max space V diag.nec,ok,ok,0.6629061875864863,0.661868954077363,1.0016,1
g1ojs/Loft wires/Spiral.nec,ok,ok,0.6891542579978704,0.683766427449882,1.0079,1
g1ojs/Magloop with cap on coupling loop.nec,ok,ok,0.07338604889810085,0.07434869930148125,0.9871,1
g1ojs/Magloop with gap and cap on coupling loop.nec,ok,ok,0.13205434195697308,0.1316848136484623,1.0028,1
g1ojs/Meander Loading/40m Dipole at 7m reference.nec,ok,ok,0.19500972516834736,0.1959826685488224,0.9950,1
g1ojs/Meander Loading/40m Dipole at 7m with 10 meanders.nec,ok,ok,0.14150349982082844,0.1412582127377391,1.0017,1
g1ojs/Meander Loading/40m Dipole at 7m with 20 meanders.nec,ok,ok,0.15328689850866795,0.15118412300944328,1.0139,1
g1ojs/Meander Loading/40m Inverted V at 7m with 10 meanders.nec,ok,ok,0.14422354847192764,0.1437322124838829,1.0034,1
g1ojs/Meander Loading/40m Inverted V at 7m with full meandering.nec,ok,ok,0.1398501880466938,0.13881437294185162,1.0075,1
g1ojs/Open wire V/Open wire V fixed wire length.nec,ok,ok,0.7728608921170235,0.7726449836045504,1.0003,1
g1ojs/Open wire V/Open wire V max wire length.nec,ok,ok,0.6165430806577206,0.6110544474795461,1.0090,1
g1ojs/Small Receiving Loops/1m dia loop.nec,ok,ok,0.05605673976242542,0.05536360200494528,1.0125,1
g1ojs/Trapped/TRAPx1 V 40m 20m.nec,ok,ok,0.06041289586573839,0.06052559055387974,0.9981,1
g1ojs/Trapped/TRAPx2 V 40m 20m 10m - remove 10m.nec,ok,ok,0.05668104626238346,0.05499843694269657,1.0306,1
g1ojs/Trapped/TRAPx2 V 40m 20m 10m.nec,ok,ok,0.05645616352558136,0.056373405270278454,1.0015,1
g1ojs/Trapped/TRAPx2 V 40m 20m 6m.nec,ok,ok,0.05709177441895008,0.05654373485594988,1.0097,1
g1ojs/Trapped/TRAPx2_V.nec,ok,ok,39.52802198193967,39.179755550809205,1.0089,1
g1ojs/Trapped/Test.nec,ok,ok,0.29867708683013916,0.29809584747999907,1.0019,1
g1ojs/Trapped/Trap V - 6m 15m.nec,ok,ok,0.053497965447604656,0.05350285302847624,0.9999,1
g1ojs/Trapped/Trap_V.nec,ok,ok,0.05646831355988979,0.05623309686779976,1.0042,1
g1ojs/Tree/treeV_20m_10m.nec,ok,ok,0.053051852621138096,0.05317476112395525,0.9977,1
g1ojs/Verticals/10m OCF H/10m H OCF 2.5m long.nec,ok,ok,0.2545531950891018,0.25473502092063427,0.9993,1
g1ojs/Verticals/10m OCF H/10m H OCF 3.5m long.nec,ok,ok,0.2530073868110776,0.26071258168667555,0.9704,1
g1ojs/Verticals/10m OCF H/10m H OCF 3m long.nec,ok,ok,0.25492893904447556,0.2530538747087121,1.0074,1
g1ojs/Verticals/10m OCF H/10m Vertical V 3m tall.nec,ok,ok,0.5208887467160821,0.520179957151413,1.0014,1
g1ojs/Verticals/15m/15m H OCF 3m long.nec,ok,ok,0.3018415356054902,0.30211939103901386,0.9991,1
g1ojs/Verticals/20m/20m horizontal V 3.5m high.nec,ok,ok,0.5456231078132987,0.5519184609875083,0.9886,1
g1ojs/Verticals/20m/20m horizontal diamond 3m high.nec,ok,ok,0.5546237621456385,0.5525962905958295,1.0037,1
g1ojs/Verticals/others/10m H OCF - Copy.nec,ok,ok,0.25386112183332443,0.2546576261520386,0.9969,1
g1ojs/Verticals/others/10m arrow 2 wire 75cm wide - OCF.nec,ok,ok,0.2534759035333991,0.2560620605945587,0.9899,1
g1ojs/Verticals/others/10m bicone 2 wire 100cm wide.nec,crash,crash,1.201203141361475,1.2027583261951804,,0
g1ojs/Verticals/others/10m bicone 2 wire 150cm wide.nec,crash,crash,1.2020263019949198,1.2016293397173285,,0
g1ojs/Verticals/others/10m bicone 2 wire 40cm wide.nec,crash,crash,1.2011661194264889,1.2030549179762602,,0
g1ojs/Verticals/others/10m bicone 2 wire 50cm wide.nec,crash,crash,1.2015684600919485,1.2010889137163758,,0
g1ojs/Verticals/others/10m bicone 2 wire 75cm wide - OCF.nec,ok,ok,0.26404205337166786,0.2656477577984333,0.9940,1
g1ojs/Verticals/others/10m bicone 2 wire 75cm wide.nec,crash,crash,1.2017566934227943,1.2027148678898811,,0
g1ojs/Verticals/others/10m bicone 2 wire.nec,crash,crash,1.2000247612595558,1.201970400288701,,0
g1ojs/Verticals/others/10m bicone 4 wire.nec,crash,crash,1.680627298541367,1.2016030550003052,,0
g1ojs/Verticals/others/10m bitrap.nec,crash,crash,2.033887897618115,1.5343974130228162,,0
g1ojs/Verticals/others/10m general.nec,crash,crash,2.0336310248821974,2.038687575608492,,0
g1ojs/Verticals/others/Dipole 4.6m _ too long.nec,crash,crash,2.03532256744802,2.038352834060788,,0
g1ojs/Verticals/others/general 1.nec,crash,crash,2.039615724235773,2.033607056364417,,0
g1ojs/Verticals/others/general 15m.nec,crash,crash,2.0400067334994674,2.0383761301636696,,0
g1ojs/Verticals/others/general 2.nec,crash,crash,2.034492668695748,2.039786972105503,,0
g1ojs/Verticals/others/opt/general 2-01.nec,crash,crash,2.0303160781040788,2.032782580703497,,0
g1ojs/Verticals/others/opt/general 2-02.nec,crash,crash,2.0292926505208015,2.0307430755347013,,0
g1ojs/Verticals/others/opt/general 2-03.nec,crash,crash,2.609788788482547,2.030547742731869,,0
g1ojs/Verticals/others/opt/general 2-04.nec,crash,crash,3.0472275717183948,2.421522106975317,,0
g1ojs/Verticals/others/opt/general 2-05.nec,crash,crash,3.0472073182463646,3.0461861779913306,,0
g1ojs/Verticals/others/opt/general 2-06.nec,crash,crash,3.0480664558708668,3.045926846563816,,0
g1ojs/Verticals/others/opt/general 2-07.nec,crash,crash,3.04648978728801,3.045045904815197,,0
g1ojs/Verticals/others/opt/general 2-08.nec,crash,crash,3.0467811776325107,3.0477442871779203,,0
g1ojs/Verticals/others/opt/general 2-09.nec,crash,crash,3.046138832345605,3.046700509265065,,0
g1ojs/Verticals/others/opt/general 2-10.nec,crash,crash,3.0475982651114464,3.046256066299975,,0
g1ojs/Verticals/others/opt/general 2-11.nec,crash,crash,3.0471268948167562,3.0456963730975986,,0
g1ojs/Verticals/others/opt/general 2-12.nec,crash,crash,3.0471316277980804,3.047026156447828,,0
g1ojs/Verticals/others/opt/general 2-13.nec,crash,crash,3.045804874971509,3.0491586374118924,,0
g1ojs/Verticals/others/opt/general 2-14.nec,crash,crash,3.046752627938986,3.047666246071458,,0
g1ojs/Verticals/others/opt/general 2-15.nec,crash,crash,3.0472583435475826,3.0470684384927154,,0
g1ojs/Verticals/others/opt/general 2-16.nec,crash,crash,3.0463269148021936,3.045367978513241,,0
g1ojs/Verticals/others/opt/general 2-17.nec,crash,crash,3.0503742080181837,3.051038662903011,,0
g1ojs/Verticals/others/opt/general 2-18.nec,crash,crash,3.0497393468394876,3.052714828401804,,0
g1ojs/Verticals/others/opt/general 2-20.nec,crash,crash,3.05159445758909,3.051475473679602,,0
g1ojs/Verticals/others/opt/general 2-21.nec,crash,crash,3.0460008047521114,3.046234686858952,,0
g1ojs/Verticals/others/opt/general 2-22.nec,crash,crash,3.051609881222248,3.078692302107811,,0
g1ojs/Verticals/others/opt/general 2-25.nec,crash,crash,3.0498655159026384,3.08337813988328,,0
g1ojs/Verticals/others/opt/general 2-26.nec,crash,crash,3.0557544641196728,3.088804002851248,,0
g1ojs/Verticals/others/opt/general 2-27.nec,crash,crash,2.992706180550158,3.4434067755937576,,0
g1ojs/Verticals/others/opt/general 2-28.nec,crash,crash,3.885255175642669,4.072536922059953,,0
g1ojs/Verticals/others/opt/general 2-29.nec,crash,crash,4.101983597502112,4.07067259401083,,0
g1ojs/Verticals/others/opt/general 2-30.nec,crash,crash,4.097216049209237,4.0661592008545995,,0
g1ojs/_1m/Contrahelix 1.nec,ok,ok,0.030574829317629337,0.02911333180963993,,0
g1ojs/_1m/Dipole linear 1 75pc.nec,ok,ok,0.004846538417041302,0.0048214951530098915,,0
g1ojs/_1m/Dipole to slot/1 Dipole.nec,ok,ok,0.0038478365167975426,0.0037880931049585342,,0
g1ojs/_1m/Dipole to slot/2 Dipole H.nec,ok,ok,0.004798948764801025,0.004796893335878849,,0
g1ojs/_1m/Dipole to slot/3 Dipole H Serifs.nec,ok,ok,0.0079108951613307,0.007788350805640221,,0
g1ojs/_1m/Dipole to slot/4 Dipole Rects.nec,ok,ok,0.010263118892908096,0.010190952569246292,,0
g1ojs/_1m/Dipole to slot/5 Dipole Rects Shorts.nec,ok,ok,0.011512591503560543,0.011451435275375843,,0
g1ojs/_1m/Dipole to slot/6 Dipole Rects Shorts 2.nec,ok,ok,0.004227436147630215,0.004240707494318485,,0
g1ojs/_1m/Dipole with matching l _ 0.25 v1.nec,ok,ok,0.006610012613236904,0.0065987566486001015,,0
g1ojs/_1m/Dipole with matching l _ 0.25 v2.nec,ok,ok,0.0052266791462898254,0.005203799344599247,,0
g1ojs/_1m/Dipole with matching l _ 0.33.nec,ok,ok,0.006719628348946571,0.006699992343783379,,0
g1ojs/_1m/Dipole.nec,ok,ok,0.003562958911061287,0.0034167077392339706,,0
g1ojs/_1m/Folded 1.nec,ok,ok,0.005725959315896034,0.005640857852995396,,0
g1ojs/_1m/Helix Dipole 11 turn.nec,ok,ok,0.016750061884522438,0.01678568124771118,,0
g1ojs/_1m/Helix Dipole 2.5 turn.nec,ok,ok,0.004895239137113094,0.004870671778917313,,0
g1ojs/_1m/Helix Dipole 21 turn.nec,ok,ok,0.016510959714651108,0.016341102309525013,,0
g1ojs/_1m/Helix Dipole 3 turn.nec,ok,ok,0.004810403101146221,0.004795145243406296,,0
g1ojs/_1m/Helix Dipole 5 turn.nec,ok,ok,0.004750617779791355,0.004761631600558758,,0
g1ojs/_1m/Helix Dipole 7 turn.nec,ok,ok,0.01698916871100664,0.01701551117002964,,0
g1ojs/_1m/Helix Dipole 9 turn.nec,ok,ok,0.016725054942071438,0.016836670227348804,,0
g1ojs/_1m/Pair 1.nec,ok,ok,0.006716545671224594,0.00626559741795063,,0
g1ojs/_1m/Trapezium 1.nec,ok,ok,0.005655067041516304,0.005331479944288731,,0
g1ojs/_1m/Trapezium 2.nec,ok,ok,0.005375499837100506,0.005393143743276596,,0
g1ojs/_1m/Two rect dipole.nec,ok,ok,0.01549107488244772,0.015332425944507122,,0
g1ojs/_2m/2m clutter/2m Diamond A144S5R over ground with clutter.nec,ok,ok,0.6586061762645841,0.6546433866024017,1.0061,1
g1ojs/_2m/2m clutter/2m Diamond A144S5R over ground.nec,ok,ok,0.051113881170749664,0.051348925568163395,0.9954,1
g1ojs/_2m/2m clutter/Circular Quad 2 ele V-pol with clutter.nec,ok,ok,0.15056717116385698,0.15108354855328798,0.9966,1
g1ojs/_2m/2m clutter/Circular Quad 2 ele with clutter no 6m.nec,ok,ok,0.14280677028000355,0.14285883400589228,0.9996,1
g1ojs/_2m/2m clutter/Circular Quad 2 ele with clutter no loop.nec,ok,ok,0.10190906282514334,0.10168582946062088,1.0022,1
g1ojs/_2m/2m clutter/Circular Quad 2 ele with clutter.nec,ok,ok,0.1503947377204895,0.15013218950480223,1.0017,1
g1ojs/_2m/2m clutter/Circular Quad 2 ele.nec,ok,ok,0.016627490520477295,0.016583265736699104,,0
g1ojs/_2m/2m clutter/Clutter feed the clutter.nec,ok,ok,0.08015431743115187,0.08051150385290384,0.9956,1
g1ojs/_2m/2m clutter/Dipole ref with clutter.nec,ok,ok,0.40554069075733423,0.41116131003946066,0.9863,1
g1ojs/_2m/2m clutter/Dipole ref.nec,ok,ok,0.004939681850373745,0.004867227748036385,,0
g1ojs/_2m/2m clutter/Stacked dipoles x2.nec,ok,ok,0.007052991539239883,0.007056530565023422,,0
g1ojs/_2m/Cylindrical slots/2m Circular Slot Cube H Pol.nec,ok,ok,0.012834371067583561,0.012839372269809246,,0
g1ojs/_2m/Cylindrical slots/2m Circular Slot Cube V Pol.nec,ok,ok,0.01663154549896717,0.016563745215535164,,0
g1ojs/_2m/Cylindrical slots/2m Cylindrical Slot Open.nec,ok,ok,0.14636085275560617,0.1481489110738039,0.9879,1
g1ojs/_2m/Cylindrical slots/2m Pair of circles with tilt 0 deg.nec,ok,ok,0.022112484090030193,0.022080477327108383,,0
g1ojs/_2m/Cylindrical slots/2m Pair of circles with tilt 90 deg.nec,ok,ok,0.013449941761791706,0.013377000577747822,,0
g1ojs/_2m/Cylindrical slots/2m Pair of circles with tilt.nec,ok,ok,0.01356066856533289,0.013578045181930065,,0
g1ojs/_2m/Cylindrical slots/Slot cube C shape.nec,ok,ok,0.019539608620107174,0.019725080579519272,,0
g1ojs/_2m/Driven beams/2ele 0.25m long.nec,ok,ok,0.007584410719573498,0.0076504237949848175,,0
g1ojs/_2m/Driven beams/5ele 1m long.nec,ok,ok,0.023934734985232353,0.023926489986479282,,0
g1ojs/_2m/Driven beams/5ele 3m long .nec,ok,ok,0.023779292590916157,0.023623842746019363,,0
g1ojs/_2m/Evolved/Ev3.nec,ok,ok,0.003468431532382965,0.003566979430615902,,0
g1ojs/_2m/Evolved/Ev4.nec,ok,ok,0.0033673029392957687,0.0033553317189216614,,0
g1ojs/_2m/Evolved/Ev5.nec,ok,ok,0.0033805938437581062,0.003353131003677845,,0
g1ojs/_2m/Evolved/Ev6.nec,ok,ok,0.003370966762304306,0.0033705178648233414,,0
g1ojs/_2m/Evolved/Ev7.nec,ok,ok,0.0033782124519348145,0.0033498024567961693,,0
g1ojs/_2m/Evolved/Ev8.nec,ok,ok,0.003603926859796047,0.003587920218706131,,0
g1ojs/_2m/Evolved/Ev9.nec,ok,ok,0.003714415244758129,0.003657202236354351,,0
g1ojs/_2m/Evolved/Test5.nec,ok,ok,0.0036133453249931335,0.0036117397248744965,,0
g1ojs/_2m/Franklin/Horizontal 2m Franklin V over ground.nec,ok,ok,0.027738705277442932,0.022847870364785194,,0
g1ojs/_2m/Franklin/Horizontal 2m Franklin oddity.nec,ok,ok,0.031991361640393734,0.03182525187730789,,0
g1ojs/_2m/Franklin/Horizontal 2m Franklin over ground with Franklin reflector.nec,ok,ok,0.07354515139013529,0.07374035660177469,0.9974,1
g1ojs/_2m/Franklin/Horizontal 2m Franklin over ground.nec,ok,ok,0.022819439880549908,0.022463458590209484,,0
g1ojs/_2m/Franklin/Horizontal 2m Franklin with Twin Reflectors.nec,ok,ok,0.03152012079954147,0.03137528244405985,,0
g1ojs/_2m/Franklin/Horizontal 2m Franklin with droops over ground.nec,ok,ok,0.02690353151410818,0.02749540563672781,,0
g1ojs/_2m/Franklin/Horizontal 2m Vertical Franklin over ground.nec,ok,ok,0.022663574665784836,0.022828699089586735,,0
g1ojs/_2m/Halo based/2m Chimney Halo Phi_0 El_0.nec,ok,ok,0.0446471618488431,0.044860515743494034,,0
g1ojs/_2m/Halo based/2m Chimney Halo Phi_0 El_45.nec,ok,ok,0.04458856116980314,0.044600741006433964,,0
g1ojs/_2m/Halo based/2m Chimney Halo Phi_0 El_90.nec,ok,ok,0.04492767620831728,0.047720461152493954,,0
g1ojs/_2m/Halo based/2m Horizontal Halo at 9m Phi_0 El_00.nec,ok,ok,0.0448452215641737,0.045211657881736755,,0
g1ojs/_2m/Halo based/2m Low halo Phi_0 El_0.nec,ok,ok,0.0448669595643878,0.045393296517431736,,0
g1ojs/_2m/Halo based/2m Stacked Halos Phi_0 El_0 1.5m.nec,ok,ok,0.1682693576440215,0.16818577703088522,1.0005,1
g1ojs/_2m/Halo based/2m Stacked Halos Phi_0 El_0 1.7m.nec,ok,ok,0.1660361122339964,0.16552175115793943,1.0031,1
g1ojs/_2m/Halo based/2m Vertical Halo at 9m Phi_0 El_90.nec,ok,ok,0.045586549676954746,0.045862612314522266,,0
g1ojs/_2m/Halo based/2m halo 8m agl Phi_0 El_0.nec,ok,ok,0.04779887292534113,0.04480540659278631,,0
g1ojs/_2m/Halo based/2m low stacked halos Phi_0 El_0 1.03m .nec,ok,ok,0.16861707251518965,0.16909180860966444,0.9972,1
g1ojs/_2m/Halo based/Horizontal direct fed S with coax balun not folded.nec,ok,ok,0.06685566809028387,0.06620772555470467,1.0098,1
g1ojs/_2m/Halo based/Horizontal direct fed S2 with coax balun not folded.nec,ok,ok,0.06650978326797485,0.06749477330595255,0.9854,1
g1ojs/_2m/Halo based/Horizontal direct fed halo with coax balun not folded.nec,ok,ok,0.06694272626191378,0.06613769941031933,1.0122,1
g1ojs/_2m/Halo based/Horizontal halo delta match with coax balun not folded - Copy.nec,ok,ok,0.0845820577815175,0.08353848941624165,1.0125,1
g1ojs/_2m/Helix/2m Pair of 2turn Helices 1 thin interconnect.nec,crash,crash,1.7926577161997557,1.797340402379632,,0
g1ojs/_2m/Helix/2m Pair of 2turn Helices 2mm wire.nec,crash,crash,2.797606541775167,2.806514900177717,,0
g1ojs/_2m/Helix/2m Single 2turn Helix - Horizontal.nec,ok,ok,0.008586726151406765,0.008733963593840599,,0
g1ojs/_2m/Helix/2m Single 2turn Helix as built.nec,ok,ok,0.008435928262770176,0.00838944036513567,,0
g1ojs/_2m/Helix/2m Single 2turn Helix e.g.nec,ok,ok,0.008666213601827621,0.008554459549486637,,0
g1ojs/_2m/Helix/2m Single 2turn Helix.nec,ok,ok,0.008518699556589127,0.008687063120305538,,0
g1ojs/_2m/Helix/2m Single Helix 1 thin wire direct feed with feedline.nec,ok,ok,0.02635650895535946,0.026258191093802452,,0
g1ojs/_2m/Helix/Square helix.nec,ok,ok,0.018672194331884384,0.01884326245635748,,0
g1ojs/_2m/Hentenna based/2m Cuboid Hentenna Symmetric.nec,ok,ok,0.05260677170008421,0.05270968470722437,0.9980,1
g1ojs/_2m/Hentenna based/2m Hentenna fs.nec,ok,ok,0.006281313486397266,0.006215858273208141,,0
g1ojs/_2m/Hentenna based/2m Hentenna over ground Phi_0 - flashing.nec,ok,ok,1.7997407549992204,1.8074899213388562,0.9957,1
g1ojs/_2m/Hentenna based/2m Hentenna over ground Phi_0.nec,ok,ok,0.03451184183359146,0.03506312798708677,,0
g1ojs/_2m/Hentenna based/2m Hentenna over ground Phi_90 - flashing.nec,ok,ok,1.8069016989320517,1.8482987079769373,0.9776,1
g1ojs/_2m/Hentenna based/2m Hentenna over ground.nec,ok,ok,0.034868018701672554,0.03478670585900545,,0
g1ojs/_2m/Hentenna based/2m Small Cube Hentenna.nec,ok,ok,0.040787761099636555,0.04024681635200977,,0
g1ojs/_2m/Hentenna based/2m Small Cuboid Hentenna Symmetric.nec,ok,ok,0.05229975748807192,0.052020274102687836,1.0054,1
g1ojs/_2m/Hentenna based/2m Small Cuboid Hentenna.nec,ok,ok,0.04095054045319557,0.040613263845443726,,0
g1ojs/_2m/Hentenna based/2m Small Hentenna Loop 12.5 Ohms.nec,ok,ok,0.026125495322048664,0.02625845931470394,,0
g1ojs/_2m/Hentenna based/2m Small Hentenna Loop 700x200 Stub Match Wire dia.nec,ok,ok,0.027430168353021145,0.027190685272216797,,0
g1ojs/_2m/Hentenna based/2m Small Hentenna Loop 700x200 Stub Match.nec,ok,ok,0.029029288329184055,0.029199084267020226,,0
g1ojs/_2m/Hentenna based/2m Small Hentenna Loop 700x280 Stub Match.nec,ok,ok,0.027663318440318108,0.027121280319988728,,0
g1ojs/_2m/Hentenna based/2m Wide Hentenna over ground.nec,ok,ok,0.01742946356534958,0.017560122534632683,,0
g1ojs/_2m/Hentenna based/2m gapped hentenna over ground.nec,ok,ok,0.07795663923025131,0.07644528336822987,1.0198,1
g1ojs/_2m/Hentenna based/2x Stacked 2m Hentenna Single Feed Inverted parallel to roof ridge over Ground.nec,ok,ok,0.08198290038853884,0.08225881773978472,0.9966,1
g1ojs/_2m/Hentenna based/2x Stacked 2m Hentenna Single Feed parallel to roof ridge over Ground Base Direct Feed.nec,ok,ok,0.06245032884180546,0.06220366060733795,1.0040,1
g1ojs/_2m/Hentenna based/2x Stacked 2m Hentenna Single Feed parallel to roof ridge over Ground.nec,ok,ok,0.08027657400816679,0.07989743910729885,1.0047,1
g1ojs/_2m/Hentenna based/2x Stacked 2m Hentenna parallel to roof ridge over Ground.nec,ok,ok,0.06732725445181131,0.06750183645635843,0.9974,1
g1ojs/_2m/Hentenna based/2x Stacked 2m Hentenna parallel to roof ridge with reflector.nec,ok,ok,0.0929795978590846,0.09203932341188192,1.0102,1
g1ojs/_2m/Hentenna based/Build.nec,ok-no-source,ok-no-source,0.029525786638259888,0.029733997769653797,,0
g1ojs/_2m/Horizontal 2m Moxon.nec,ok,ok,0.012040280736982822,0.012030803598463535,,0
g1ojs/_2m/Horizontal Dipole with end loading plates.nec,ok,ok,0.043350258842110634,0.04212255496531725,,0
g1ojs/_2m/Larger loops/Fullwave square one turn.nec,ok,ok,0.0051689669489860535,0.00505459401756525,,0
g1ojs/_2m/Larger loops/Rect 35cm x 50cm.nec,ok,ok,0.004958982579410076,0.004910324700176716,,0
g1ojs/_2m/Larger loops/Rect 35cm x 60cm.nec,ok,ok,0.004937930963933468,0.004891077987849712,,0
g1ojs/_2m/Larger loops/Skinny wire diamond loop.nec,ok,ok,0.009594726376235485,0.00947514921426773,,0
g1ojs/_2m/Larger loops/Square 40cm.nec,ok,ok,0.005024654790759087,0.004994393326342106,,0
g1ojs/_2m/Magloop/2m 17cm dia Magloop 144.2 MHz H - FS.nec,ok,ok,0.007226324640214443,0.007512941956520081,,0
g1ojs/_2m/Magloop/2m 17cm dia Magloop 144.2 MHz H.nec,ok,ok,0.021718798205256462,0.021899900399148464,,0
g1ojs/_2m/Magloop/2m 17cm dia Magloop 144.2 MHz V.nec,ok,ok,0.021571364253759384,0.02175717242062092,,0
g1ojs/_2m/Owen Collinear.nec,ok,ok,0.005946504883468151,0.006082180887460709,,0
g1ojs/_2m/Quads/Circular Loop.nec,ok,ok,0.00935716088861227,0.00950330588966608,,0
g1ojs/_2m/Quads/Circular Quad 2 ele - fb.nec,ok,ok,0.01662692241370678,0.01663795206695795,,0
g1ojs/_2m/Quads/Rect Wire Quad 3 ele 50R.nec,ok,ok,0.03515017032623291,0.03534391988068819,,0
g1ojs/_2m/Quads/Square Quad 1 with dipole reflector.nec,ok,ok,0.010188833810389042,0.010238666087388992,,0
g1ojs/_2m/Quads/Square Quad 2 ele 50R.nec,ok,ok,0.018324273638427258,0.018393363803625107,,0
g1ojs/_2m/Quads/Square Quad 2 ele box.nec,ok,ok,0.03517788462340832,0.03484755288809538,,0
g1ojs/_2m/Quads/Square Thick Wire Quad 3 ele 50R.nec,ok,ok,0.03429050650447607,0.03445772733539343,,0
g1ojs/_2m/Quads/Square Wire Quad 2 ele 50R with clutter.nec,ok,ok,0.32816776540130377,0.32082800287753344,1.0229,1
g1ojs/_2m/Quads/Square Wire Quad 2 ele 50R.nec,ok,ok,0.01984828244894743,0.01960003934800625,,0
g1ojs/_2m/Quads/Square Wire Quad 3 ele 50R - fb.nec,ok,ok,0.03604844585061073,0.03582312539219856,,0
g1ojs/_2m/Quads/Square Wire Quad 3 ele 50R.nec,ok,ok,0.036236053332686424,0.03612839803099632,,0
g1ojs/_2m/Shortened dipoles/2m H dipole 0.5m.nec,ok,ok,0.006642349995672703,0.0066681308671832085,,0
g1ojs/_2m/Shortened dipoles/2m Helix S dipole 0.5t.nec,ok,ok,0.034367541782557964,0.03067281749099493,,0
g1ojs/_2m/Shortened dipoles/2m Helix S dipole 0.7t.nec,ok,ok,0.031611183658242226,0.0303664430975914,,0
g1ojs/_2m/Shortened dipoles/2m Helix S dipole 1t.nec,ok,ok,0.029964282177388668,0.030621579848229885,,0
g1ojs/_2m/Shortened dipoles/2m Helix S dipole.nec,ok,ok,0.030139227397739887,0.03022056072950363,,0
g1ojs/_2m/Shortened dipoles/2m LL Dipole 2mm dia elements 40cm - hairpin.nec,ok,ok,0.01962613593786955,0.019693434238433838,,0
g1ojs/_2m/Shortened dipoles/2m LL Dipole 4mm dia elements 40cm - hairpin.nec,ok,ok,0.019260935485363007,0.01926034316420555,,0
g1ojs/_2m/Shortened dipoles/2m LL Dipole 5mm dia elements 50cm - hairpin.nec,ok,ok,0.019430574029684067,0.019179729744791985,,0
g1ojs/_2m/Shortened dipoles/2m M dipole 0.5m.nec,ok,ok,0.005706635303795338,0.005716893821954727,,0
g1ojs/_2m/Shortened dipoles/2m Rect Petlowany Dipole 5mm dia elements flat 0.4.nec,ok,ok,0.009221414104104042,0.009744285605847836,,0
g1ojs/_2m/Shortened dipoles/2m Rect Petlowany Dipole 5mm dia elements flat 0.5.nec,ok,ok,0.009275902062654495,0.009403138421475887,,0
g1ojs/_2m/Shortened dipoles/2m Z dipole 0.5m.nec,ok,ok,0.005697907879948616,0.005645334720611572,,0
g1ojs/_2m/Shortened dipoles/2m Z dipole 0.6m.nec,ok,ok,0.006508183665573597,0.005789563991129398,,0
g1ojs/_2m/Shortened dipoles/2m meander dipole.nec,ok,ok,0.0044692326337099075,0.003712131641805172,,0
g1ojs/_2m/Shortened dipoles/Dipole wire diameter.nec,ok,ok,0.0059599494561553,0.0058482373133301735,,0
g1ojs/_2m/Shortened dipoles/Patch dipole.nec,ok,ok,0.8756862552836537,0.8677536956965923,1.0091,1
g1ojs/_2m/Slot cube tall.nec,ok,ok,0.02200337126851082,0.021769965067505836,,0
g1ojs/_2m/Slot cube wide.nec,ok,ok,0.021961129270493984,0.03259384352713823,,0
g1ojs/_2m/Slot cube.nec,ok,ok,0.02471115719527006,0.02210977952927351,,0
g1ojs/_2m/Stacked dipoles.nec,ok,ok,0.015572050586342812,0.015801883302628994,,0
g1ojs/_2m/Verticals/2m Stacked Vertical Dipoles with integral baluns - 4 lens opt WITH MEASUREMENT NOTES.nec,ok,ok,0.8633703766390681,0.8583310320973396,1.0059,1
g1ojs/_2m/Verticals/2m Stacked Vertical Dipoles with integral baluns - no harness.nec,ok,ok,0.5838969461619854,0.5846557132899761,0.9987,1
g1ojs/_2m/Verticals/2m Stacked Vertical Dipoles with integral baluns reentrant harness.nec,ok,ok,0.8629721784964204,0.8727036891505122,0.9888,1
g1ojs/_2m/Verticals/2m Stacked Vertical Dipoles with integral baluns.nec,ok,ok,0.779872084967792,0.7651619398966432,1.0192,1
g1ojs/_2m/Verticals/2m Stacked Vertical Gamma Matched Dipole over ground.nec,ok,ok,0.9292463967576623,0.9252097578719258,1.0044,1
g1ojs/_2m/Verticals/2m Vertical Dipole with integral balun.nec,ok,ok,0.5921236956492066,0.591662066988647,1.0008,1
g1ojs/_2m/Verticals/2m Vertical Gamma Matched Dipole over ground.nec,ok,ok,0.5662984773516655,0.5683296993374825,0.9964,1
g1ojs/_2m/Verticals/2m Vertical dipole with phasing balun.nec,ok,ok,1.7373047387227416,1.7247732132673264,1.0073,1
g1ojs/_2m/Verticals/2m high gain Vertical flowerpot with metal sleeve air spaced with feedline and feed stub.nec,ok,ok,0.42240467108786106,0.4179619122296572,1.0106,1
g1ojs/_2m/Verticals/Periodic stubs tests/2m 3lam monopole stubs shaped generic.nec,ok,ok,0.38002836611121893,0.39453048165887594,0.9632,1
g1ojs/_2m/Verticals/Periodic stubs tests/2m gamma dipole extended TL.nec,ok,ok,0.09935452416539192,0.08282689098268747,1.1995,1
g1ojs/_2m/Verticals/Periodic stubs tests/2m gamma dipole extended stubs - test.nec,ok,ok,0.1189456433057785,0.12404422461986542,0.9589,1
g1ojs/_2m/Verticals/Periodic stubs tests/2m gamma dipole extended stubs shaped.nec,ok,ok,0.11133029591292143,0.11348119750618935,0.9810,1
g1ojs/_2m/Verticals/Periodic stubs tests/2m gamma dipole extended stubs.nec,ok,ok,0.10272359102964401,0.10058897361159325,1.0212,1
g1ojs/_2m/Verticals/Periodic stubs tests/2m gamma dipole extended zigzag.nec,ok,ok,0.04996523540467024,0.05205027759075165,,0
g1ojs/_2m/Yagis Loop Fed/2m 3ele LF yagi BUILT.nec,ok,ok,0.02689454611390829,0.02831878326833248,,0
g1ojs/_2m/Yagis Loop Fed/2m 3ele LF yagi opt FR.nec,ok,ok,0.02765551209449768,0.0274204034358263,,0
g1ojs/_2m/Yagis/2m Diamond A144S5R free space.nec,ok,ok,0.011428089812397957,0.014654367230832577,,0
g1ojs/_2m/Yagis/Horizontal 2m 2ele yagi.nec,ok,ok,0.007571980357170105,0.009680015034973621,,0
g1ojs/_2m/Yagis/Horizontal 2m 3ele yagi - M5AML.nec,ok,ok,0.010834823362529278,0.010776708833873272,,0
g1ojs/_2m/Yagis/Horizontal 2m 4ele yagi 95cm boom 20 ohm.nec,ok,ok,0.015805702656507492,0.017563397996127605,,0
g1ojs/_2m/Yagis/Horizontal 2m 4ele yagi BUILT.nec,ok,ok,0.015318403020501137,0.016446609050035477,,0
g1ojs/_2m/Yagis/Horizontal 2m yagi 5 ele.nec,ok,ok,0.023185783065855503,0.02060795109719038,,0
g1ojs/_2m/Yagis/Horizontal 2m yagi 6 ele.nec,ok,ok,0.026983678340911865,0.027542282827198505,,0
g1ojs/_6m/6m 2ele Quad base fed.nec,ok,ok,0.30458402913063765,0.3044638838618994,1.0004,1
g1ojs/_6m/6m Dipole bars.nec,ok,ok,0.24722964502871037,0.24672995693981647,1.0020,1
g1ojs/_6m/6m Dipole coax inner fed.nec,ok,ok,0.008245963603258133,0.00804506428539753,,0
g1ojs/_6m/6m Dipole discs.nec,error,error,0.1093447981402278,0.10833198018372059,,0
g1ojs/_6m/6m Dipole droops.nec,ok,ok,0.24405344389379025,0.2445607976987958,0.9979,1
g1ojs/_6m/6m Dipole speaker wire.nec,ok,ok,0.008041147142648697,0.008027756586670876,,0
g1ojs/_6m/6m Dipole stars.nec,ok,ok,0.2478572390973568,0.24548866972327232,1.0096,1
g1ojs/_6m/6m Helically loaded dipole.nec,ok,ok,7.274963606148958,7.2441909275949,1.0042,1
g1ojs/_6m/6m LL Bar Dipole 5mm dia elements - 2.nec,ok,ok,0.2497331416234374,0.25009714998304844,0.9985,1
g1ojs/_6m/6m LL Bar Dipole 5mm dia elements.nec,ok,ok,0.24955221358686686,0.2520787585526705,0.9900,1
g1ojs/_6m/6m LL Dipole 5mm dia elements - hairpin - 2.nec,ok,ok,0.25767628382891417,0.2596565615385771,0.9924,1
g1ojs/_6m/6m LL Dipole 5mm dia elements - hairpin.nec,ok,ok,0.25875040050596,0.2578151999041438,1.0036,1
g1ojs/_6m/6m LL Dipole test 5mm dia elements - hairpin.nec,ok,ok,0.2602761657908559,0.2597532318904996,1.0020,1
g1ojs/_6m/6m LL2 Dipole 5mm dia elements.nec,ok,ok,0.2527539860457182,0.2514674086123705,1.0051,1
g1ojs/_6m/6m Moxgen Moxon.nec,ok,ok,0.024472810328006744,0.024554024450480938,,0
g1ojs/_6m/6m Moxon 1mm wire.nec,ok,ok,0.011278086341917515,0.01136730145663023,,0
g1ojs/_6m/6m Moxon Front coax inner fed Rear wire.nec,ok,ok,0.021392871625721455,0.021393046714365482,,0
g1ojs/_6m/6m Moxon coax inner fed.nec,ok,ok,0.02149117924273014,0.0215342091396451,,0
g1ojs/_6m/6m Quad base fed.nec,ok,ok,0.25871413946151733,0.2593123121187091,0.9977,1
g1ojs/_6m/6m Quad side fed.nec,ok,ok,0.25905564427375793,0.2575150402262807,1.0060,1
g1ojs/_6m/6m Rect Petlowany Dipole 5mm dia elements 3D.nec,ok,ok,0.24706887733191252,0.2474499847739935,0.9985,1
g1ojs/_6m/6m Rect Petlowany Dipole 5mm dia elements flat 2.nec,ok,ok,0.24837775342166424,0.2467757211998105,1.0065,1
g1ojs/_6m/6m Rect Petlowany Dipole 5mm dia elements flat.nec,ok,ok,0.2462236089631915,0.2468019798398018,0.9977,1
g1ojs/_6m/6m Short Dipole 5mm dia elements - hairpin.nec,ok,ok,0.24761498160660267,0.24769403412938118,0.9997,1
g1ojs/_6m/Build.nec,ok-no-source,ok-no-source,0.004907607100903988,0.004999474622309208,,0
g1ojs/_6m/_6m Dipole ref.nec,ok,ok,0.007743866182863712,0.008151065558195114,,0
g1ojs/_6m/_6m V.nec,ok,ok,0.2526104962453246,0.24749392084777355,1.0207,1
g1ojs/__70cm/70cm 6cm dia Magloop 433.2 MHz V.nec,ok,ok,0.020715735852718353,0.020634563639760017,,0
g1ojs/__70cm/70cm Rect Petlowany Dipole 1mm dia elements flat 2.nec,ok,ok,0.009452489204704762,0.00935724563896656,,0
g1ojs/__70cm/70cm Rect Petlowany Dipole 5mm dia elements flat 2.nec,ok,ok,0.008690946735441685,0.008852810598909855,,0
g1ojs/__70cm/Dipole ref.nec,ok,ok,0.004849407821893692,0.004621717147529125,,0
g1ojs/__70cm/Horizontal 70cm 3ele LF yagi.nec,ok,ok,0.026484521105885506,0.02626533806324005,,0
g1ojs/__70cm/Patch dipole.nec,ok,ok,0.027675083838403225,0.02741872426122427,,0
g1ojs/__70cm/Square loop.nec,ok,ok,0.0075621576979756355,0.008789433166384697,,0
g1ojs/__70cm/Yagis/70cm Horizontal 2ele yagi over ground.nec,ok,ok,0.011903299950063229,0.007516993209719658,,0
g1ojs/__70cm/Yagis/70cm Horizontal 3ele yagi over ground.nec,ok,ok,0.010411996394395828,0.013042234815657139,,0
g1ojs/__70cm/Yagis/70cm Stacked dipoles x3.nec,ok,ok,0.012853818945586681,0.014193588867783546,,0
g1ojs/opt/Loaded V-01.nec,ok,ok,0.13323500286787748,0.13258021511137486,1.0049,1
g1ojs/opt/Loaded V-02.nec,ok,ok,0.13293728325515985,0.1328443456441164,1.0007,1
g1ojs/opt/Loaded V-03.nec,ok,ok,0.133167396299541,0.13263702765107155,1.0040,1
g1ojs/opt/Loaded V-04.nec,ok,ok,0.13338248990476131,0.13250533863902092,1.0066,1
g1ojs/opt/Loaded V-05.nec,ok,ok,0.133400434628129,0.13224096689373255,1.0088,1
g1ojs/opt/Loaded V-06.nec,ok,ok,0.13494980800896883,0.1329970620572567,1.0147,1
g1ojs/opt/Loaded V-07.nec,ok,ok,0.131978377699852,0.13246541190892458,0.9963,1
g1ojs/opt/Loaded V-08.nec,ok,ok,0.13328929990530014,0.13267315458506346,1.0046,1
g1ojs/opt/Loaded V-09.nec,ok,ok,0.13287440687417984,0.13314097840338945,0.9980,1
g1ojs/opt/Loaded V-10.nec,ok,ok,0.1313680149614811,0.13296170625835657,0.9880,1
g1ojs/opt/Loaded V-11.nec,ok,ok,0.1334779392927885,0.1329297572374344,1.0041,1
g1ojs/opt/Loaded V-12.nec,ok,ok,0.13309825863689184,0.13345554936677217,0.9973,1
g1ojs/opt/Loaded V-13.nec,ok,ok,0.13195044826716185,0.13284294214099646,0.9933,1
g1ojs/opt/Loaded V-14.nec,ok,ok,0.14039429929107428,0.13259972911328077,1.0588,1
g1ojs/opt/Loaded V-15.nec,ok,ok,0.13289906457066536,0.13298271503299475,0.9994,1
g1ojs/opt/Loaded V-16.nec,ok,ok,0.13243319001048803,0.1328181428834796,0.9971,1
g1ojs/opt/Loaded V-18.nec,ok,ok,0.13398385513573885,0.1326541928574443,1.0100,1
g1ojs/opt/Loaded V-19.nec,ok,ok,0.1328495843335986,0.1326427487656474,1.0016,1
g1ojs/opt/Loaded V-20.nec,ok,ok,0.1325440751388669,0.1323566446080804,1.0014,1
g1ojs/opt/Loaded V-21.nec,ok,ok,0.13356435485184193,0.13300256058573723,1.0042,1
g1ojs/opt/Loaded V-22.nec,ok,ok,0.13296195585280657,0.13408388290554285,0.9916,1
g1ojs/opt/Loaded V-23.nec,ok,ok,0.13292444217950106,0.133229473605752,0.9977,1
g1ojs/opt/Loaded V-24.nec,ok,ok,0.13372840825468302,0.1336112068966031,1.0009,1
g1ojs/opt/Loaded V-26.nec,ok,ok,0.1327953552827239,0.13266718108206987,1.0010,1
g1ojs/opt/Loaded V-27.nec,ok,ok,0.13319976348429918,0.13281966000795364,1.0029,1
g1ojs/opt/Loaded V-28.nec,ok,ok,0.1335564674809575,0.13347561564296484,1.0006,1
icecube-dbesson/2 dipole on roof.nec,ok,ok,0.6813213657587767,0.6725932890549302,1.0130,1
icecube-dbesson/2lsloper.nec,ok,ok,0.3919648500159383,0.3906686892732978,1.0033,1
icecube-dbesson/2phased.nec,ok,ok,0.0034347521141171455,0.003587163984775543,,0
icecube-dbesson/36ccd.nec,ok,ok,0.2264688927680254,0.22732473257929087,0.9962,1
icecube-dbesson/36dip.nec,ok,ok,0.19511204585433006,0.1939259860664606,1.0061,1
icecube-dbesson/36inv.nec,ok,ok,0.1953513454645872,0.1986273154616356,0.9835,1
icecube-dbesson/36inv_split.nec,ok,ok,0.19659374095499516,0.1956123048439622,1.0050,1
icecube-dbesson/3el-inverted-V.nec,ok,ok,0.19445175770670176,0.19402850233018398,1.0022,1
icecube-dbesson/3elquad.nec,ok,ok,0.005370079539716244,0.005419506691396236,,0
icecube-dbesson/4 Dipole Trans-lines.nec,ok,ok,0.012380780652165413,0.016184967011213303,,0
icecube-dbesson/40quad.nec,ok,ok,0.12744252383708954,0.12633757013827562,1.0087,1
icecube-dbesson/4nec2.nec,ok,ok,0.2528363782912493,0.2516572503373027,1.0047,1
icecube-dbesson/4square.nec,ok,ok,0.1894561117514968,0.19048551842570305,0.9946,1
icecube-dbesson/4x20ra.nec,ok,ok,0.08696225378662348,0.08803519792854786,0.9878,1
icecube-dbesson/7lyagi10.nec,ok,ok,0.1872860575094819,0.18631886783987284,1.0052,1
icecube-dbesson/80hsbeam.nec,ok,ok,0.21597648784518242,0.21445572189986706,1.0071,1
icecube-dbesson/80rdbeam.nec,ok,ok,0.28424171078950167,0.2846249043941498,0.9987,1
icecube-dbesson/BCone45.nec,ok,ok,0.036643548868596554,0.035770042799413204,,0
icecube-dbesson/BCone55.nec,ok,ok,0.5151242883875966,0.5074192434549332,1.0152,1
icecube-dbesson/BCone65.nec,ok,ok,0.5234396476298571,0.5237777410075068,0.9994,1
icecube-dbesson/Bcone-1mmgap.nec,ok,ok,0.03829676378518343,0.03786536958068609,,0
icecube-dbesson/Bcone-3cmgap.nec,ok,ok,0.037476818077266216,0.03742141183465719,,0
icecube-dbesson/BetaMatch.nec,ok,ok,0.020829051733016968,0.020664210431277752,,0
icecube-dbesson/Bicone-dzvar.nec,ok,ok,0.037776293233036995,0.03767861146479845,,0
icecube-dbesson/Bicone0+.nec,ok,ok,0.08710820320993662,0.09105427842587233,0.9567,1
icecube-dbesson/Bicone0.nec,ok,ok,0.026366407051682472,0.026436449959874153,,0
icecube-dbesson/Catenary_1.nec,ok-no-source,ok-no-source,0.0038401437923312187,0.0038561737164855003,,0
icecube-dbesson/Cedzph10.nec,ok,ok,0.10724350344389677,0.10197905823588371,1.0516,1
icecube-dbesson/CoilCapHat.nec,ok,ok,0.1610011849552393,0.16107731312513351,0.9995,1
icecube-dbesson/Collinear_1L.nec,ok,ok,0.0771179748699069,0.0774326017126441,0.9959,1
icecube-dbesson/Deltalp.nec,ok,ok,0.08124766498804092,0.08038937393575907,1.0107,1
icecube-dbesson/Example1.nec,ok,ok,0.00314994715154171,0.0032094772905111313,,0
icecube-dbesson/Example2.nec,ok,ok,0.003248104825615883,0.003027106635272503,,0
icecube-dbesson/Example3.nec,ok,ok,0.19451895914971828,0.19564469810575247,0.9942,1
icecube-dbesson/Fractal.nec,ok,ok,1.1086930325254798,1.1094079809263349,0.9994,1
icecube-dbesson/Generator.nec,ok,ok,0.06109845731407404,0.05990694835782051,1.0199,1
icecube-dbesson/Gwave.nec,ok,ok,0.09353987965732813,0.09316159412264824,1.0041,1
icecube-dbesson/Half-Horn2.nec,ok,ok,0.030652637593448162,0.03096354752779007,,0
icecube-dbesson/Half-horn.nec,ok,ok,0.031042741611599922,0.0312106991186738,,0
icecube-dbesson/Illuminate.nec,ok,ok,2.2036273600533605,2.1920359022915363,1.0053,1
icecube-dbesson/L_match.nec,ok,ok,0.012726075947284698,0.012713724747300148,,0
icecube-dbesson/Logper.nec,ok,ok,0.017313712276518345,0.017159943468868732,,0
icecube-dbesson/Loops.nec,ok,ok,0.0046225655823946,0.0043772561475634575,,0
icecube-dbesson/Lowdip.nec,ok,ok,0.22943414561450481,0.22962542343884706,0.9992,1
icecube-dbesson/Match_Test.nec,ok,ok,0.0033412184566259384,0.0032668234780430794,,0
icecube-dbesson/Moxon.nec,ok,ok,0.18310802057385445,0.18284807913005352,1.0014,1
icecube-dbesson/Multiband.nec,ok,ok,0.22298084199428558,0.22361213900148869,0.9972,1
icecube-dbesson/NearFld.nec,ok,ok,1.624790582805872,1.6243967162445188,1.0002,1
icecube-dbesson/Optimized-discone.nec,ok,ok,0.025638774037361145,0.02579120360314846,,0
icecube-dbesson/Parab50.nec,ok,ok,10.439490959048271,10.549697868525982,0.9896,1
icecube-dbesson/Parabola.nec,ok-no-source,ok-no-source,0.1195623017847538,0.11983182094991207,,0
icecube-dbesson/Patch.nec,ok-no-source,ok-no-source,0.007787782698869705,0.0076638488098979,,0
icecube-dbesson/Phased GP.nec,ok,ok,0.015692051500082016,0.015476484782993793,,0
icecube-dbesson/Phased array Trans-line.nec,ok,ok,0.008564301766455173,0.008415419608354568,,0
icecube-dbesson/Quad.nec,ok,ok,0.3411824619397521,0.3348502656444907,1.0189,1
icecube-dbesson/RICE-dipole.nec,error,error,0.30852522794157267,0.2919510155916214,,0
icecube-dbesson/RICE-dipole0.nec,error,error,0.2632871996611357,0.26541827619075775,,0
icecube-dbesson/Rhombic.nec,ok,ok,0.12368614040315151,0.12851319089531898,0.9624,1
icecube-dbesson/Slopvee.nec,ok,ok,0.2118437336757779,0.1979801906272769,1.0700,1
icecube-dbesson/T-box.nec,ok,ok,0.23554209526628256,0.23524859081953764,1.0012,1
icecube-dbesson/TL-test.nec,ok,ok,0.10378657281398773,0.10272063408046961,1.0104,1
icecube-dbesson/TV_uhf.nec,ok,ok,0.04255962744355202,0.04234629310667515,,0
icecube-dbesson/Tr-line.nec,ok,ok,0.1950852870941162,0.19485838245600462,1.0012,1
icecube-dbesson/TrapDip.nec,ok,ok,0.004439033567905426,0.004547511227428913,,0
icecube-dbesson/Vee40.nec,ok,ok,0.21855406556278467,0.2181947873905301,1.0016,1
icecube-dbesson/Vyagi22.nec,ok,ok,0.024461419321596622,0.02430166769772768,,0
icecube-dbesson/Yagi16.nec,ok,ok,0.03206599038094282,0.031801484525203705,,0
icecube-dbesson/atl50E.nec,ok,ok,0.43577294796705246,0.43688597064465284,0.9975,1
icecube-dbesson/atl50e-h.nec,ok,ok,0.4936488149687648,0.4945993945002556,0.9981,1
icecube-dbesson/bev80.nec,ok,ok,0.23417274188250303,0.23573610931634903,0.9934,1
icecube-dbesson/bisq7.nec,ok,ok,0.046577136032283306,0.04595369379967451,,0
icecube-dbesson/bobtail.nec,ok,ok,0.219040690921247,0.21826544869691133,1.0036,1
icecube-dbesson/circdip3.nec,ok,ok,0.003665396012365818,0.0036560967564582825,,0
icecube-dbesson/corner.nec,ok,ok,0.020500482991337776,0.020264373160898685,,0
icecube-dbesson/dip_curv_6m.nec,ok,ok,0.010675175115466118,0.010507393628358841,,0
icecube-dbesson/discone.nec,ok,ok,0.025826362892985344,0.02553623542189598,,0
icecube-dbesson/dscn2.nec,ok,ok,0.5870912969112396,0.5880550406873226,0.9984,1
icecube-dbesson/edzmod.nec,ok,ok,0.17454881966114044,0.17516466416418552,0.9965,1
icecube-dbesson/emeyagi.nec,ok,ok,0.012904337607324123,0.013028767891228199,,0
icecube-dbesson/fm6.nec,ok,ok,0.007932845503091812,0.007948220707476139,,0
icecube-dbesson/franklin.nec,ok,ok,0.004381243139505386,0.004374523647129536,,0
icecube-dbesson/g5rv.nec,ok,ok,0.0036789709702134132,0.0035939672961831093,,0
icecube-dbesson/gndplane.nec,ok,ok,0.0038937069475650787,0.004033566452562809,,0
icecube-dbesson/hel10ua.nec,ok,ok,0.27863252349197865,0.28112004045397043,0.9912,1
icecube-dbesson/helix.nec,ok,ok,0.662155725993216,0.6634315866976976,0.9981,1
icecube-dbesson/helixve5.nec,ok,ok,0.03622351121157408,0.03567182086408138,,0
icecube-dbesson/hrs_441.nec,ok,ok,6.243181695230305,6.346364118158817,0.9837,1
icecube-dbesson/i5tdjii.nec,ok,ok,0.021305416710674763,0.021616050973534584,,0
icecube-dbesson/isotrop.nec,ok,ok,0.004458690993487835,0.0045319972559809685,,0
icecube-dbesson/jbl.nec,ok,ok,4.9516171822324395,5.033463502302766,0.9837,1
icecube-dbesson/lazyh.nec,ok,ok,0.004827502183616161,0.004838316701352596,,0
kk4obi-bent-dipoles/efhw-straight.nec,ok,ok,0.060430217534303665,0.06021232437342405,1.0036,1
kk4obi-bent-dipoles/folded-end-dipole.nec,ok,ok,0.2048541298136115,0.2075300356373191,0.9871,1
kk4obi-bent-dipoles/ocf-vertical-4radials.nec,ok,ok,0.1497539123520255,0.14942284673452377,1.0022,1
kk4obi-bent-dipoles/std-vertical-dipole.nec,ok,ok,0.07591093704104424,0.06459528300911188,1.1752,1
nec-simulations/nec/biconicalAntenna.nec,ok,ok,0.0054447464644908905,0.005243142135441303,,0
nec-simulations/nec/colinnearDipoles.nec,ok,ok,0.004186613485217094,0.004075426608324051,,0
nec-simulations/nec/foldedDipole_10.nec,ok,ok,0.004621444270014763,0.0045098308473825455,,0
nec-simulations/nec/foldedDipole_5.nec,ok,ok,0.0039022592827677727,0.0038987193256616592,,0
nec-simulations/nec/foldedDipole_50.nec,ok,ok,0.017250054515898228,0.017124013975262642,,0
nec-simulations/nec/helicalAntenna.nec,ok,ok,0.03570039942860603,0.03574254736304283,,0
nec-simulations/nec/inEchellonDipoles.nec,ok,ok,0.003544011153280735,0.0036696335300803185,,0
nec-simulations/nec/parallelDipoles.nec,ok,ok,0.004073022864758968,0.004035229794681072,,0
nec-simulations/nec/turnstileAntenna.nec,ok,ok,0.004081963561475277,0.004033998586237431,,0
nec-simulations/nec/turnstileTestAntenna.nec,ok,ok,7.481656261719763,7.561928470619023,0.9894,1
nec-simulations/nec/wireAntennaFastGround.nec,ok,ok,0.29176898393779993,0.29594717361032963,0.9859,1
nec-simulations/nec/wireAntennaPerfectGround.nec,crash,crash,1.2255699168890715,1.2322525875642896,,0
nec2-toys/2m-fd-fed-yagi.nec,ok,ok,0.7910147104412317,0.7755474373698235,1.0199,1
nec2-toys/2m-folded-dipole/2m-folded-dipole.nec,ok,ok,0.7267379881814122,0.6999237164855003,1.0383,1
nec2-toys/oldStuff/gen1/freeSpace2mDE.nec,ok,ok,0.08835439011454582,0.0864825900644064,1.0216,1
nec2-toys/oldStuff/gen1/nec-2m-2el-146.310.nec,ok,ok,0.08761380519717932,0.0674898587167263,1.2982,1
nec2-toys/oldStuff/gen1/nec-2m-2el-1_8th-wire.nec,ok,ok,0.07042427640408278,0.07848731894046068,0.8973,1
nec2-toys/oldStuff/gen1/nec-2m-2el-3_16ths-wire.nec,ok,ok,0.045521349646151066,0.05165010318160057,,0
nec2c/10RA432.nec,ok,ok,0.006853446364402771,0.007065792568027973,,0
nec2c/19el_432_tonna.nec,ok,ok,0.04575786180794239,0.04521534964442253,,0
nec2c/20RA432.nec,ok,ok,0.02234207559376955,0.021494357846677303,,0
nec2c/20RA_X4.nec,ok,ok,0.06711636763066053,0.06629328802227974,1.0124,1
nec2c/3E_.nec,ok,ok,0.007110471837222576,0.0070080989971756935,,0
nec2c/9EL_GRA.nec,ok,ok,0.012299851514399052,0.012270341627299786,,0
nec2c/9elX2b_gr.nec,ok,ok,0.1076528774574399,0.10502194706350565,1.0251,1
nec2c/9elX2b_mast.nec,ok,ok,0.0988301346078515,0.09819313883781433,1.0065,1
nec2c/9elX2b_tonna.nec,ok,ok,0.09209130611270666,0.09144531656056643,1.0071,1
nec2c/9elX2bm_gr.nec,ok,ok,0.3080056542530656,0.3144031837582588,0.9797,1
nec2c/9elX_gra.nec,ok,ok,0.034050446934998035,0.033706184476614,,0
nec2c/9elX_tonna.nec,ok,ok,0.03382356837391853,0.03358291834592819,,0
nec2c/9elXb_tonna.nec,ok,ok,0.03386996779590845,0.03358700219541788,,0
nec2c/9elXb_tonnaf.nec,ok,ok,0.6840156950056553,0.7046909099444747,0.9707,1
nec2c/9el_p_tonna.nec,ok,ok,0.015856150537729263,0.01567109487950802,,0
nec2c/9el_tonna.nec,ok,ok,0.015682466328144073,0.015470325015485287,,0
nec2c/9el_tonnaf.nec,ok,ok,0.16934981662780046,0.1682480275630951,1.0065,1
nec2c/9elv_tonna.nec,ok,ok,0.015462556853890419,0.015683787874877453,,0
nec2c/BSZ09.nec,ok,ok,0.014978903345763683,0.01446648221462965,,0
nec2c/BSZ10.nec,ok,ok,0.20739128347486258,0.21147304773330688,0.9807,1
nec2c/CAR.nec,ok,ok,0.06669394113123417,0.06729452218860388,0.9911,1
nec2c/DIP2_7T.nec,ok,ok,0.005160074681043625,0.005253566429018974,,0
nec2c/DIP_7.nec,ok,ok,0.006989696063101292,0.00688030943274498,,0
nec2c/DIP_7T.nec,ok,ok,0.004532262682914734,0.00442369282245636,,0
nec2c/DIP_7TB.nec,ok,ok,0.004565052688121796,0.004566904157400131,,0
nec2c/DIP_7TC.nec,ok,ok,0.004521341063082218,0.00443585030734539,,0
nec2c/DIP_7TD.nec,ok,ok,0.0045820195227861404,0.004588104784488678,,0
nec2c/DIP_7TE.nec,ok,ok,0.004564590752124786,0.004807604476809502,,0
nec2c/DIP_REFL.nec,ok,ok,0.010778204537928104,0.010749169625341892,,0
nec2c/ELICA.nec,ok,ok,0.00895731057971716,0.008839249610900879,,0
nec2c/EX1.nec,ok,ok,0.003950932994484901,0.0037040039896965027,,0
nec2c/EX2.nec,ok,ok,0.004067057743668556,0.003344336524605751,,0
nec2c/EX3.nec,ok,ok,0.06911894306540489,0.07321848906576633,0.9440,1
nec2c/EX5.nec,ok,ok,0.031269555911421776,0.006305621936917305,,0
nec2c/EX7.nec,ok-no-source,ok-no-source,0.0038429321721196175,0.004568149335682392,,0
nec2c/I5TDJII.nec,ok,ok,0.03312893025577068,0.03294205013662577,,0
nec2c/I5TDJIII.nec,ok,ok,0.03330195136368275,0.03327265940606594,,0
nec2c/LOGPERIO_1.nec,ok-no-source,ok-no-source,0.004966475069522858,0.005021220073103905,,0
nec2c/LPA9.nec,ok,ok,0.03108731098473072,0.030596187338232994,,0
nec2c/MARCONI.nec,ok,ok,0.0047460757195949554,0.005567025393247604,,0
nec2c/MONOPOLE.nec,ok,ok,0.019177783280611038,0.025923102162778378,,0
nec2c/MONOPOLO.nec,ok,ok,0.006851254962384701,0.01766231097280979,,0
nec2c/MYGP.nec,ok,ok,0.08013861253857613,0.08031943161040545,0.9977,1
nec2c/MYGPR.nec,ok,ok,0.48107738327234983,0.4565989784896374,1.0536,1
nec2c/MYGPX.nec,ok,ok,0.45985720586031675,0.4819286344572902,0.9542,1
nec2c/RHOMBIC.nec,ok,ok,0.03542316146194935,0.03499746136367321,,0
nec2c/ROMBICA.nec,ok,ok,0.03568958770483732,0.03517417050898075,,0
nec2c/SKYWIRE.nec,ok,ok,0.00849192962050438,0.008515642024576664,,0
nec2c/SPIRAL.nec,error,error,0.01374077145010233,0.016214851289987564,,0
nec2c/TEST299.nec,ok,ok,0.027857325971126556,0.025702612474560738,,0
nec2c/TRI_7.nec,ok,ok,0.009010992012917995,0.008974950760602951,,0
nec2c/TRI_7T.nec,ok,ok,0.006040593609213829,0.006109711714088917,,0
nec2c/TRI_7TA.nec,ok,ok,0.005982277914881706,0.007645697332918644,,0
nec2c/TRI_7TB.nec,ok,ok,0.008010015822947025,0.006321555003523827,,0
nec2c/TRI_7TC.nec,ok,ok,0.0061900075525045395,0.005936086177825928,,0
nec2c/VBS_28_T.nec,ok,ok,0.005624567158520222,0.005749467760324478,,0
nec2c/VB_28_T.nec,ok,ok,0.007496408186852932,0.005577859468758106,,0
nec2c/YG_4X6.nec,ok,ok,0.011198815889656544,0.010897381231188774,,0
nec2c/YG_4X6_B.nec,ok,ok,0.03200890123844147,0.029868045821785927,,0
nec2c/YG_6EL.nec,ok,ok,0.00738427322357893,0.007340039126574993,,0
nec2c/YI20_40B.nec,ok,ok,0.9445102671161294,0.9457879271358252,0.9986,1
nec2c/YI20_40C.nec,ok,ok,0.9978934936225414,1.0117257609963417,0.9863,1
nec2c/dip_curv_6m.nec,ok,ok,0.010081020183861256,0.01016741618514061,,0
nec2c/dl_2el_18.nec,ok,ok,0.018066899850964546,0.018671280704438686,,0
nec2c/dl_2el_18_1.nec,ok,ok,0.00969476904720068,0.00979257095605135,,0
nec2c/dl_2el_18_1t.nec,ok,ok,0.006965570151805878,0.006998339667916298,,0
nec2c/dl_2el_18_1t15mvp.nec,ok,ok,0.19455357268452644,0.19672112725675106,0.9890,1
nec2c/dl_2el_18_t10m.nec,ok,ok,0.006633937358856201,0.006661982275545597,,0
nec2c/dl_2el_18_t10mvp.nec,ok,ok,0.006548169068992138,0.00663861446082592,,0
nec2c/dl_2el_18b24.nec,ok,ok,0.020535575225949287,0.0205094488337636,,0
nec2c/dl_2el_24b18.nec,ok,ok,0.02085917256772518,0.02094228472560644,,0
nec2c/dl_2el_28_1.nec,ok,ok,0.02051356341689825,0.020502937957644463,,0
nec2c/dl_2el_28_1t.nec,ok,ok,0.01788030657917261,0.018089769408106804,,0
nec2c/dl_2el_28_f.nec,ok,ok,0.28944797348231077,0.2902653655037284,0.9972,1
nec2c/dl_4el_20.nec,ok,ok,0.03681839443743229,0.03679394815117121,,0
nec2c/dl_4el_20f.nec,ok,ok,0.3692006580531597,0.3696129070594907,0.9989,1
nec2c/firstrhombic.nec,ok,ok,0.00782561581581831,0.007878025062382221,,0
nec2c/i5tdjiiif.nec,ok,ok,0.6424961350858212,0.6586329713463783,0.9755,1
nec2c/log_periodic.nec,ok,ok,0.03047227021306753,0.030100303702056408,,0
nec2c/logperA9.nec,ok,ok,0.031071992591023445,0.030984575860202312,,0
nec2c/quad17m_1.nec,ok,ok,0.03202821221202612,0.03129144571721554,,0
nec2c/quad17m_2.nec,ok,ok,0.02478491421788931,0.031828965060412884,,0
nec2c/rombica_t.nec,ok,ok,0.01534512173384428,0.007752430625259876,,0
nec2c/yg2_5el_50.nec,ok,ok,0.017388267442584038,0.01851752121001482,,0
nec2c/yg2_5el_50t.nec,ok,ok,0.013552341610193253,0.016014887019991875,,0
nec2c/yg_16el_220.nec,ok,ok,0.01313848327845335,0.011955218389630318,,0
nec2c/yg_16el_220M_1.nec,ok,ok,0.02790442481637001,0.03279443923383951,,0
nec2c/yg_16el_220M_2.nec,ok,ok,0.04171641916036606,0.02743333950638771,,0
nec2c/yg_2el_24.nec,ok,ok,0.009362204000353813,0.009327965788543224,,0
nec2c/yg_4el_20.nec,ok,ok,0.01992225833237171,0.015138160437345505,,0
nec2c/yg_4el_20f.nec,ok,ok,0.03299244958907366,0.03438375983387232,,0
nec2c/yg_4el_20g.nec,ok,ok,0.00796777755022049,0.007913731038570404,,0
nec2c/yg_5el_50.nec,ok,ok,0.010079902596771717,0.010108409449458122,,0
nec2c/yg_5el_50_opt.nec,ok,ok,0.012158514931797981,0.01025700569152832,,0
nec2c/yg_5el_50p_opt.nec,ok,ok,0.013639853335916996,0.010407260619103909,,0
nec2c/yg_5el_50t.nec,ok,ok,0.008847378194332123,0.007229002192616463,,0
nec2c/yg_9el_144.nec,ok,ok,0.017284891568124294,0.015717637725174427,,0
nec2org/biquad_2440MHz.nec,ok,ok,0.8468747790902853,0.8611284680664539,0.9834,1
necpp/36dip.nec,ok,ok,0.19484416116029024,0.20207164622843266,0.9642,1
necpp/Collinear_1L.nec,ok,ok,0.07726346608251333,0.07745940424501896,0.9975,1
necpp/GA487.nec,ok,ok,0.518646121956408,0.5501541383564472,0.9427,1
necpp/Yg_4x6_b.nec,ok,ok,0.02619237918406725,0.025862468406558037,,0
necpp/biquad.nec,ok,ok,0.8481770791113377,0.8599817156791687,0.9863,1
necpp/bruce_sommerfeld.nec,ok,ok,0.24136641062796116,0.24085222370922565,1.0021,1
necpp/buoy.nec,ok,ok,0.08522476442158222,0.08509354665875435,1.0015,1
necpp/dipole_anim.nec,ok,ok,0.012469347566366196,0.012486999854445457,,0
necpp/discone.nec,ok-no-source,ok-no-source,2.3056351458653808,2.31865818426013,,0
necpp/ek_test.nec,ok,ok,0.05141889117658138,0.05144793074578047,0.9994,1
necpp/example1.nec,ok,ok,0.036432757042348385,0.0669793738052249,,0
necpp/example2.nec,ok,ok,0.06765060313045979,0.06787155289202929,0.9967,1
necpp/example3.nec,ok,ok,0.11200958397239447,0.10095563530921936,1.1095,1
necpp/example5.nec,ok,ok,0.006212413311004639,0.04597753845155239,,0
necpp/excessive_gain.nec,ok,ok,0.011609792709350586,0.011791960336267948,,0
necpp/ga_pjw_0.nec,ok-no-source,ok-no-source,0.06694332789629698,0.07364145573228598,,0
necpp/ga_pjw_1.nec,ok,ok,0.7587803108617663,0.7254566084593534,1.0459,1
necpp/gh_flat_spiral.nec,ok,ok,0.006980597041547298,0.00753149576485157,,0
necpp/gn2.nec,ok,ok,0.12148002162575722,0.12077482882887125,1.0058,1
necpp/gx_one_plane.nec,ok,ok,0.005771187134087086,0.005536656826734543,,0
necpp/gx_three_planes.nec,ok,ok,0.009247631765902042,0.009091362357139587,,0
necpp/gx_three_planes_control.nec,ok,ok,0.009900948032736778,0.009757451713085175,,0
necpp/hang.nec,ok,ok,0.36105161998420954,0.36639884766191244,0.9854,1
necpp/herzian_dipole.nec,ok,ok,0.00550360232591629,0.005480875261127949,,0
necpp/intersection.nec,ok,ok,0.0038124341517686844,0.003641510382294655,,0
necpp/inverted_v.nec,ok,ok,2.8161764293909073,2.804211218841374,1.0043,1
necpp/medium_test.nec,ok,ok,0.0036420095711946487,0.003701619803905487,,0
necpp/near_field_electric.nec,ok,ok,0.0034045102074742317,0.0033005932345986366,,0
necpp/near_field_magnetic.nec,ok,ok,0.003357735462486744,0.0032614395022392273,,0
necpp/passive_test1.nec,ok-no-source,ok-no-source,0.06170730013400316,0.06072239950299263,,0
necpp/patch_999.nec,error,error,0.10151901841163635,0.10144448094069958,,0
necpp/patch_999_2.nec,no-impedance,no-impedance,0.012771878391504288,0.012533762492239475,,0
necpp/plane.nec,error,error,0.03230407927185297,0.03225887008011341,,0
necpp/plane_wave_excitation.nec,ok-no-source,ok-no-source,0.006575906649231911,0.006576802581548691,,0
necpp/plet_helix.nec,ok-no-source,ok-no-source,0.024991529993712902,0.024372517131268978,,0
necpp/plet_helixumts.nec,ok,ok,0.1654288312420249,0.16531789768487215,1.0007,1
necpp/salt_ground.nec,ok,ok,0.6136910915374756,0.6071814177557826,1.0107,1
necpp/sommerfeld2.nec,ok,ok,0.10494320094585419,0.10463199205696583,1.0030,1
necpp/sommerfeld3.nec,ok,ok,0.20966482628136873,0.20884192828089,1.0039,1
necpp/sommerfield1.nec,ok,ok,0.05852643493562937,0.05862436443567276,0.9983,1
necpp/test299.nec,ok,ok,0.0265157213434577,0.026349724270403385,,0
necpp/yagi.nec,ok,ok,0.03107636608183384,0.03081768937408924,,0
opennec/6mYagi-Onec.nec,ok,ok,41.71182390674949,41.356430446729064,1.0086,1
opennec/6mYagi-Onec2.nec,ok,ok,0.04147233162075281,0.041519650258123875,,0
opennec/example5.nec,ok,ok,0.006284843198955059,0.00614094827324152,,0
qantenna/10-30m_vert4.nec,ok,crash,7.565317855216563,1.3258052952587605,,0
qantenna/19el_432_tonna.nec,ok,ok,0.045650928281247616,0.04476850666105747,,0
qantenna/1_4l-gp_on_pole.nec,ok,ok,1.4746725158765912,1.4333331603556871,1.0288,1
qantenna/5_8l-gp_on_pole.nec,ok,ok,1.294116717763245,1.291545714251697,1.0020,1
qantenna/adrian.nec,ok,ok,0.08078247681260109,0.1588562335819006,0.5085,1
qantenna/airplane.nec,error,error,0.03308455925434828,0.11774249002337456,,0
qantenna/ant.nec,ok,ok,0.03482965100556612,0.033722938038408756,,0
qantenna/collinear.nec,ok,ok,1.524770869873464,1.5345721431076527,0.9936,1
qantenna/delta-loop-15m.nec,ok,ok,0.7669698819518089,0.7424262901768088,1.0331,1
qantenna/quad-20m.nec,ok,ok,0.7157987533137202,0.6952402601018548,1.0296,1
qantenna/spaceship.nec,ok,ok,0.033928888849914074,0.03366756625473499,,0
qantenna/tower.nec,error,error,0.008616814389824867,0.008556659333407879,,0
qantenna/tri_7.nec,ok,ok,0.008817289024591446,0.00883643701672554,,0
qantenna/turnstile-sloped.nec,ok,ok,0.14333521574735641,0.14415364246815443,0.9943,1
qantenna/turnstile.nec,ok,ok,0.14319812506437302,0.16356843430548906,0.8755,1
qantenna/xpol_omni.nec,ok,ok,0.3650576826184988,0.384976196102798,0.9483,1
qantenna/yagi.nec,ok,ok,0.06381529290229082,0.1330018425360322,0.4798,1
qantenna/yagi8sq_ch1.nec,ok,ok,0.0754941226914525,0.10892362240701914,0.6931,1
qantenna/yg_16el_220.nec,ok,ok,0.012033043429255486,0.02768704667687416,,0
qantenna/yg_4el_20.nec,ok,ok,0.04938482865691185,0.0887714046984911,,0
qantenna/yg_6el.nec,ok,ok,0.7425303673371673,0.7649948764592409,0.9706,1
qantenna/zepp-80m.nec,ok,ok,0.2087339023128152,0.2080038096755743,1.0035,1
rchacker-antennas/1180/helical.nec,ok,ok,0.018559356220066547,0.018572363071143627,,0
rchacker-antennas/1180/moxon_44mm.nec,ok,ok,0.008133946917951107,0.008087877184152603,,0
rchacker-antennas/1180/moxon_thin_wire.nec,ok,ok,0.009517786093056202,0.009438781999051571,,0
rchacker-antennas/1180/turnstile_1180_droop_angle_raptor.nec,ok,ok,0.0463794581592083,0.046255989000201225,,0
rchacker-antennas/1180/turnstile_1180_droop_angle_raptor_optimised.nec,ok,ok,0.032772052101790905,0.03370669670403004,,0
rchacker-antennas/1180/use gen program in 4nec folder.nec,ok-no-source,ok-no-source,6.9017332922667265,6.92030029091984,,0
rchacker-antennas/2.4/dipole_2.4.nec,ok,ok,0.008010955527424812,0.00816256832331419,,0
rchacker-antennas/2.4/moxon24.nec,ok,ok,0.0065579283982515335,0.006762820295989513,,0
rchacker-antennas/2.4/stripped_coax_2.4.nec,ok,ok,0.006465575657784939,0.00681222602725029,,0
rchacker-antennas/2.4/swastika thick wire.nec,ok,ok,0.005513621494174004,0.0058449143543839455,,0
rchacker-antennas/2.4/swastika thin wire.nec,ok,ok,0.006403831765055656,0.006806112825870514,,0
rchacker-antennas/2.4/swastika.nec,ok,ok,0.005559510551393032,0.005731829442083836,,0
rchacker-antennas/2.4/swastika_large_wire_opt.nec,ok,ok,0.005500360392034054,0.005738385021686554,,0
rchacker-antennas/2.4/swastika_large_wire_opt_1mm_feed.nec,ok,ok,0.005532878451049328,0.0058105699717998505,,0
rchacker-antennas/2.4/turnstile.nec,ok,ok,0.011233392171561718,0.011594323441386223,,0
rchacker-antennas/2.4/turnstile_2.4_asymmetric.nec,ok,ok,0.011493643745779991,0.011512069962918758,,0
rchacker-antennas/2.4/turnstile_2.4_asymmetric_rad.nec,ok,ok,0.01132342591881752,0.011515202932059765,,0
rchacker-antennas/2.4/vee_2.4.nec,ok,ok,0.007933272048830986,0.008596806786954403,,0
rchacker-antennas/58/helical58.nec,ok,ok,0.3380046095699072,0.34223439916968346,0.9876,1
rchacker-antennas/58/pinwheel5.8.nec,ok,ok,0.10431608092039824,0.18259924743324518,0.5713,1
rchacker-antennas/UHF/_new.nec,ok,ok,0.014615803025662899,0.09150555729866028,,0
rchacker-antennas/UHF/ground_plane.nec,ok,ok,0.03299277741461992,0.07928518578410149,,0
rchacker-antennas/UHF/ground_turnstile.nec,ok,ok,0.006176501512527466,0.006457449868321419,,0
rchacker-antennas/UHF/ibcrazy turnstile.nec,ok,ok,0.003396661952137947,0.003820468671619892,,0
rchacker-antennas/UHF/ibcrazy turnstile_measurements_from_web_tutorial.nec,ok,ok,0.0033619413152337074,0.0042473915964365005,,0
rchacker-antennas/UHF/moxon435_as_per_generator.nec,ok,ok,0.023476983420550823,0.014047788456082344,,0
rchacker-antennas/UHF/moxon435_optimised.nec,ok,ok,0.011916105635464191,0.01179075799882412,,0
rchacker-antennas/UHF/turnstile.nec,ok,ok,0.014603840187191963,0.016133692115545273,,0
rchacker-antennas/UHF/turnstile_NEW.nec,ok,ok,0.01454077661037445,0.014332562685012817,,0
rchacker-antennas/UHF/turnstile_coax_flat.nec,ok,ok,0.014326054602861404,0.0143895847722888,,0
rchacker-antennas/UHF/turnstile_coax_flower.nec,ok,ok,0.027919625863432884,0.027450507506728172,,0
rchacker-antennas/UHF/turnstile_coax_flower_2.5.nec,ok,ok,0.02764861937612295,0.02745892573148012,,0
rchacker-antennas/UHF/turnstile_droop_angle.nec,ok,ok,0.022499955259263515,0.022487320005893707,,0
rchacker-antennas/UHF/turnstile_droop_angle_coax.nec,ok,ok,0.03327805269509554,0.03323385305702686,,0
rchacker-antennas/UHF/turnstile_droop_angle_raptor.nec,ok,ok,0.0806064810603857,0.08052713796496391,1.0010,1
rchacker-antennas/UHF/turnstile_droop_angle_raptor_optimised.nec,ok,ok,0.1552837286144495,0.15310644637793303,1.0142,1
rchacker-antennas/UHF/turnstile_droop_angle_raptor_optimised_eff.nec,ok,ok,0.15473992843180895,0.15440987329930067,1.0021,1
rchacker-antennas/UHF/turnstile_effeciency_optimised.nec,ok,ok,0.022408008575439453,0.022666873410344124,,0
rchacker-antennas/UHF/vee3_asymmetrical.nec,ok,ok,0.008708189241588116,0.008779305033385754,,0
rchacker-antennas/UHF/vee3_asymmetrical_hello_kitty_evolved.nec,ok,ok,0.014643440023064613,0.014957212843000889,,0
rchacker-antennas/UHF/vee3_asymmetrical_hello_kitty_evolved_40.nec,ok,ok,0.014825521968305111,0.014293997548520565,,0
rchacker-antennas/UHF/vee3_asymmetrical_with_coax.nec,ok,ok,0.014997012913227081,0.014353294856846333,,0
rchacker-antennas/UHF/vee3_symmetrical.nec,ok,ok,0.008547925390303135,0.008504538796842098,,0
rchacker-antennas/circular omni/PINWHEEL62m.nec,ok,ok,0.10185502469539642,0.10081026889383793,1.0104,1
rchacker-antennas/circular omni/pinwheel62m_980skewplanar-e3.nec,ok,ok,0.11330466624349356,0.11725051235407591,0.9663,1
rchacker-antennas/vee_cheatsheet/vee3_symmetrical_1080_cat5.nec,ok,ok,0.008707533590495586,0.008586540818214417,,0
rchacker-antennas/vee_cheatsheet/vee3_symmetrical_1180_cat5.nec,ok,ok,0.008753154426813126,0.00935909803956747,,0
rchacker-antennas/vee_cheatsheet/vee3_symmetrical_1280_cat5.nec,ok,ok,0.008931448683142662,0.008712313137948513,,0
rchacker-antennas/vee_cheatsheet/vee3_symmetrical_425.nec,ok,ok,0.010104273445904255,0.008484677411615849,,0
rchacker-antennas/vee_cheatsheet/vee3_symmetrical_433.nec,ok,ok,0.008801029063761234,0.008796564303338528,,0
rchacker-antennas/vee_cheatsheet/vee3_symmetrical_435.nec,ok,ok,0.009603988379240036,0.008686122484505177,,0
rchacker-antennas/vee_cheatsheet/vee3_symmetrical_440.nec,ok,ok,0.010051335208117962,0.008533061482012272,,0
rchacker-antennas/vee_cheatsheet/vee3_symmetrical_459.nec,ok,ok,0.00888130534440279,0.009328131563961506,,0
rchacker-antennas/vee_cheatsheet/vee3_symmetrical_915.nec,ok,ok,0.00883671548217535,0.008671584539115429,,0
rchacker-antennas/vee_cheatsheet/vee3_symmetrical_915_cat5.nec,ok,ok,0.009899914264678955,0.009508135728538036,,0
sokyrad/k8uy_yagi_10el/models/K8UY_yagi_2m_original.nec,ok,ok,0.10805655550211668,0.10780568514019251,1.0023,1
sokyrad/unsorted/10m efhw narrow rect 28.4mhz  10m efhw narrow rect 28.4mhz.nec,ok,ok,0.11641525197774172,0.11627551447600126,1.0012,1
sokyrad/unsorted/10m_3el_yagi_horizontal.nec,ok,ok,0.3363014068454504,0.3321119612082839,1.0126,1
sokyrad/unsorted/10m_3el_yagi_horizontal_quarter_wave_elements.nec,ok,ok,0.3006053725257516,0.2996918233111501,1.0030,1
sokyrad/unsorted/10m_3el_yagi_vertical.nec,ok,ok,0.41953567788004875,0.4175494583323598,1.0048,1
sokyrad/unsorted/10m_efhw_inverted_L_10ft.nec,ok,ok,0.13714164588600397,0.1354905143380165,1.0122,1
sokyrad/unsorted/10m_quarter_wave_ground_plane_10ft.nec,ok,ok,0.6841443460434675,0.6888813683763146,0.9931,1
sokyrad/unsorted/15m_20m_jumper_half_square.nec,ok,ok,2.411370301619172,2.3695890195667744,1.0176,1
sokyrad/unsorted/26ft_vertical_26x20ft_radials_eznec_import.nec,ok,ok,1.6481546144932508,1.6546169351786375,0.9961,1
sokyrad/unsorted/2m70cm_moxon_nested.nec,ok,ok,0.039057896472513676,0.038637070916593075,,0
sokyrad/unsorted/2m70cm_moxon_nested_four_masted.nec,ok,ok,0.3396072117611766,0.3426578724756837,0.9911,1
sokyrad/unsorted/40m_efhw-inverted-v_28.6MHz.nec,ok,ok,0.10736803896725178,0.12237547803670168,0.8774,1
sokyrad/unsorted/40m_efhw_L.nec,ok,ok,0.24038711935281754,0.2414609808474779,0.9956,1
sokyrad/unsorted/6m_2m_70cm_moxon-yagi.nec,ok,ok,0.19886708538979292,0.19143948797136545,1.0388,1
sokyrad/unsorted/80m_delta_loop_top10m_bottom1m_quarterwave_feed_3p9MHz.nec,ok,ok,0.9905828731134534,0.9976566201075912,0.9929,1
sokyrad/unsorted/80m_delta_loop_top3m_bottom1m_quarterwave_feed_3p9MHz.nec,ok,ok,1.01655706577003,0.9789904793724418,1.0384,1
sokyrad/unsorted/80m_efhw-Sloper-L_3.85M.nec,ok,ok,0.2050035521388054,0.2049993108958006,1.0000,1
sokyrad/unsorted/80m_efhw-Sloper-L_7.2375M.nec,ok,ok,0.18902609683573246,0.1893907031044364,0.9981,1
sokyrad/unsorted/80m_efhw-Sloper.nec,ok,ok,0.19664597045630217,0.189071673899889,1.0401,1
sokyrad/unsorted/80m_efhw_inverted_v.nec,ok,ok,0.15765784122049809,0.12588176783174276,1.2524,1
sokyrad/unsorted/80m_efhw_sloper.nec,ok,ok,0.2437664084136486,0.24109711404889822,1.0111,1
sokyrad/unsorted/80m_full-wave_horiz-L_3.8MHz.nec,ok,ok,0.023582130670547485,0.023531616665422916,,0
sokyrad/unsorted/80m_square_horizontal_loop_65ft_3mm_3p9MHz.nec,ok,ok,1.0133603606373072,0.994614215567708,1.0188,1
sokyrad/unsorted/K8UY_dipole_2m_original_gamma.nec,ok,ok,0.5986340055242181,0.5951486425474286,1.0059,1
sokyrad/unsorted/K8UY_yagi_2m_original.nec,ok,ok,0.10669810976833105,0.10723042953759432,0.9950,1
sokyrad/unsorted/butternut_hf6v_approx.nec,ok,ok,0.24724201019853354,0.24948518257588148,0.9910,1
sokyrad/unsorted/custom_28_4MHz_hybrid_dipole_invertedV.nec,ok,ok,0.13111036736518145,0.09520745277404785,1.3771,1
sokyrad/unsorted/custom_28_4MHz_hybrid_dipole_invertedV_10mheight_1_8wave.nec,ok,ok,0.0948365144431591,0.09551292192190886,0.9929,1
sokyrad/unsorted/custom_28_4MHz_hybrid_dipole_invertedV_2_5m.nec,ok,ok,0.47596273850649595,0.47508374601602554,1.0019,1
sokyrad/unsorted/custom_28_4MHz_hybrid_dipole_invertedV_2_5m_horiz_1_8wave_angled_1_4wave.nec,ok,ok,0.41605488397181034,0.4130016593262553,1.0074,1
sokyrad/unsorted/custom_28_4MHz_hybrid_dipole_invertedV_5_0m.nec,ok,ok,0.4761143112555146,0.4742458909749985,1.0039,1
sokyrad/unsorted/custom_double_inverted_v_10m_28_4MHz_20ft.nec,ok,ok,0.4142824187874794,0.41390529926866293,1.0009,1
sokyrad/unsorted/custom_double_inverted_v_10m_28_4MHz_20ft_same_plane.nec,ok,ok,0.41292078606784344,0.41516792867332697,0.9946,1
sokyrad/unsorted/delta_loop_equilateral_29MHz.nec,ok,ok,0.709793359041214,0.6919313948601484,1.0258,1
sokyrad/unsorted/delta_loop_equilateral_29MHz_bottom_corner_feed.nec,ok,ok,0.6727690231055021,0.6673243828117847,1.0082,1
sokyrad/unsorted/dual_band_stacked_moxon_146_444_50mm_only146driven.nec,ok,ok,0.21982448268681765,0.21760874148458242,1.0102,1
sokyrad/unsorted/fan_dipole_80_40_20_10_6m_20m_height_voltage_balun.nec,ok,ok,4.042444983497262,3.9784553460776806,1.0161,1
sokyrad/unsorted/inverted_v_10m_28_4MHz_20ft.nec,ok,ok,0.4037427147850394,0.40112782269716263,1.0065,1
sokyrad/unsorted/inverted_v_14p225MHz.nec,ok,ok,0.8742056088522077,0.8639545673504472,1.0119,1
sokyrad/unsorted/inverted_v_28p4MHz.nec,ok,ok,0.8647452695295215,0.8563148491084576,1.0098,1
sokyrad/unsorted/inverted_v_3p8MHz.nec,ok,ok,0.9143876638263464,0.9080341262742877,1.0070,1
sokyrad/unsorted/inverted_v_7p2MHz.nec,ok,ok,0.8645794186741114,0.849481888115406,1.0178,1
sokyrad/unsorted/moxong_2m_single.nec,ok,ok,0.08711637184023857,0.005357985384762287,,0
sokyrad/unsorted/moxong_2m_stacked_common_feed.nec,ok,ok,0.08962816465646029,0.016275567933917046,,0
sokyrad/unsorted/moxong_2m_stacked_common_feed_0_99lambda.nec,ok,ok,0.01255943812429905,0.0769748454913497,,0
sokyrad/unsorted/simple_10m_inverted_v_10ft.nec,ok,ok,0.5582935195416212,0.605110608972609,0.9226,1
sokyrad/unsorted/simple_dipole_28_4MHz_10_0m.nec,ok,ok,0.18855516705662012,0.18928681500256062,0.9961,1
sokyrad/unsorted/simple_dipole_28_4MHz_2_5m.nec,ok,ok,0.46459589432924986,0.46604734007269144,0.9969,1
sokyrad/unsorted/simple_dipole_28_4MHz_5_0m.nec,ok,ok,0.4728616289794445,0.5222239634022117,0.9055,1
sokyrad/unsorted/stacked_146MHz_moxon_horizontal.nec,ok,ok,0.3820871915668249,0.35834813583642244,1.0662,1
sokyrad/unsorted/stacked_146MHz_moxon_vertical (1).nec,ok,ok,0.3995225429534912,0.380995730869472,1.0486,1
sokyrad/unsorted/stacked_146MHz_moxon_vertical.nec,ok,ok,0.3648436050862074,0.40003004390746355,0.9120,1
sokyrad/unsorted/stacked_146MHz_moxon_vertical_0_75lambda.nec,ok,ok,0.4466879842802882,0.40473998337984085,1.1036,1
w8io/215DX.nec,ok,ok,0.14903388917446136,0.11817106418311596,1.2612,1
w8io/216CP.nec,ok,ok,0.2633033711463213,0.22387859970331192,1.1761,1
w8io/222_13l_50ohm_yagi_kf6a.nec,ok,ok,0.009390922263264656,0.009052835404872894,,0
w8io/222_15l_50ohm_yagi_kf6a.nec,ok,ok,0.008025090210139751,0.007691297680139542,,0
w8io/2m12L_yagi_kf6a.nec,ok,ok,0.008243145421147346,0.008213216438889503,,0
w8io/6m_7L_1-46WL_yagi.nec,ok,ok,0.0050609782338142395,0.005078167654573917,,0
w8io/6m_8L_50ohm_yagi_kf6a.nec,ok,ok,0.005251568742096424,0.0052953073754906654,,0
w8io/BVO-4WL-144-15.nec,ok,ok,0.03654272761195898,0.036328562535345554,,0
w8io/CC-17B2.nec,ok,ok,0.152429960668087,0.1674977233633399,0.9100,1
w8io/DG7YBN 144_GTV2-14w.nec,ok,ok,0.023807530291378498,0.02371043711900711,,0
w8io/DK7ZB-144-12.nec,ok,ok,0.06621251348406076,0.10073662269860506,0.6573,1
w8io/EF7021.nec,ok,ok,10.96485666744411,10.825860439799726,1.0128,1
w8io/EF7027.nec,ok,ok,17.51213027909398,17.604325992055237,0.9948,1
w8io/FO-25-432.nec,ok,ok,15.210000148043036,15.275909699499607,0.9957,1
w8io/FO-33-432.nec,ok,ok,26.196191454306245,26.29504905641079,0.9962,1
w8io/G0KSC-13LFA.nec,ok,ok,0.2267549354583025,0.2269543083384633,0.9991,1
w8io/G0KSC-14LFA.nec,ok,ok,0.25637120846658945,0.257725584320724,0.9947,1
w8io/G0KSC-15LFA.nec,ok,ok,0.301202354952693,0.29341473430395126,1.0265,1
w8io/HG-66DX-CW.nec,ok,ok,0.004503149539232254,0.004403975792229176,,0
w8io/HG7031DX.nec,ok,ok,23.166036401875317,22.981194254010916,1.0080,1
w8io/I0JXX-16JXX2.nec,ok,ok,0.135094597004354,0.1357547715306282,0.9951,1
w8io/IO-432-28.nec,ok,ok,18.857699261046946,18.95867076423019,0.9947,1
w8io/K1FO-222-22.nec,ok,ok,0.16431399807333946,0.12888520490378141,1.2749,1
w8io/K1FO-FO15-144.nec,ok,ok,0.14918638952076435,0.17962548788636923,0.8305,1
w8io/K1FO-FO16-144.nec,ok,ok,0.10321694891899824,0.11096727941185236,0.9302,1
w8io/KF6A-144-18.nec,ok,ok,0.07243960443884134,0.14465794153511524,0.5008,1
w8io/KF6A_6m_7EL_12_5ohm_yagi.nec,ok,ok,0.13351144175976515,0.03167447540909052,,0
w8io/KF6A_70cm_22L.nec,ok,ok,0.16383457463234663,0.05178252514451742,3.1639,1
w8io/LP140-200-2D.nec,ok,ok,2.696198035031557,2.7589162811636925,0.9773,1
w8io/LP144-22.nec,ok,ok,2.2291967812925577,2.1728351255878806,1.0259,1
w8io/LP144-35-MAXFB.nec,ok,ok,36.185838440433145,36.08052678499371,1.0029,1
w8io/LP50-108-16.nec,ok,ok,3.373801982961595,3.3170520924031734,1.0171,1
w8io/LogYag220-520-15dbi.nec,ok,ok,36.50095119327307,36.589873923920095,0.9976,1
w8io/M2-222-5WL.nec,ok,ok,0.10830453224480152,0.14496178459376097,0.7471,1
w8io/M2-2M5WL-inch.nec,ok,ok,0.1734336232766509,0.1775861820206046,0.9766,1
w8io/M2-432-9WLA.nec,ok,ok,19.44068838376552,19.346021487377584,1.0049,1
w8io/SM5BSZ-2SA13.nec,ok,ok,0.02629775833338499,0.025203882716596127,,0
w8io/UR5EAZ_144_12_W8IO_opt.nec,ok,ok,0.017432154156267643,0.01659628376364708,,0
w8io/UR5EAZ_144_RS12.nec,ok,ok,0.017272010445594788,0.016720043495297432,,0
w8io/UR5EAZ_RS_2_11_DRAFT.nec,ok,ok,0.015698738396167755,0.014909221790730953,,0
w8io/W8IO-144-13U.nec,ok,ok,0.019067936576902866,0.018948059529066086,,0
w8io/W8IO-144-13a.nec,ok,ok,0.092842573300004,0.09558784682303667,0.9713,1
w8io/W8IO-144-14U.nec,ok,ok,0.020649594254791737,0.02166161686182022,,0
w8io/W8IO-144-14V.nec,ok,ok,0.02329869009554386,0.024157674983143806,,0
w8io/W8IO-144-15U.nec,ok,ok,0.022739561274647713,0.02361424546688795,,0
w8io/W8IO-144-15V.nec,ok,ok,0.02637500688433647,0.026861067861318588,,0
w8io/W8IO-144-15fd.nec,ok,ok,0.29767059069126844,0.29376231599599123,1.0133,1
w8io/W8IO-144-16V.nec,ok,ok,0.029380718246102333,0.029246720485389233,,0
w8io/W8IO-144-17V.nec,ok,ok,0.031782700680196285,0.03243488073348999,,0
w8io/W8IO-222-17.nec,ok,ok,0.15483797620981932,0.16148432157933712,0.9588,1
w8io/W8IO-222-18.nec,ok,ok,0.17503582406789064,0.17420886270701885,1.0047,1
w8io/W8IO-222-19.nec,ok,ok,0.19719660747796297,0.19212500844150782,1.0264,1
w8io/W8IO-222-19V.nec,ok,ok,0.03839884977787733,0.042122079990804195,,0
w8io/W8IO-UR5EAZ-144-16V.nec,ok,ok,0.01592183578759432,0.016473257914185524,,0
w8io/YU7EF EF0606.nec,ok,ok,0.007977421395480633,0.008468035608530045,,0
w8io/YU7EF-EF0213.nec,ok,ok,0.028913889080286026,0.03030652180314064,,0
w8io/YU7EF-EF0215.nec,ok,ok,0.12022843211889267,0.12469536531716585,0.9642,1
w8io/kf6a-144-17.nec,ok,ok,0.010959330014884472,0.010832803323864937,,0
w8io/kf6a-432-27L.nec,ok,ok,0.02151575218886137,0.021236926317214966,,0
w8io/whip_antenna_8ft_groundplane.nec,ok,ok,184.37419014889747,184.43198493588716,0.9997,1
xnec2c-fixtures/sy_comma_format.nec,ok-no-source,ok-no-source,0.0033318214118480682,0.0036740368232131004,,0
xnec2c-fixtures/sy_math_cmnd.nec,ok-no-source,ok-no-source,0.0040974365547299385,0.0043508922681212425,,0
xnec2c-fixtures/sy_math_geom.nec,ok-no-source,ok-no-source,0.003398776985704899,0.003494665026664734,,0
xnec2c-fixtures/sy_separate_cards.nec,ok-no-source,ok-no-source,0.003277425654232502,0.00311956275254488,,0
xnec2c-fixtures/sy_units_spaces.nec,ok-no-source,ok-no-source,0.003340800292789936,0.0031240833923220634,,0
