deck,status_a,status_b,wall_a,wall_b,speedup,comparable
4nec2-models/Aperiodic/2ELK9AY.nec,ok,ok,0.4305302891880274,0.29083835519850254,1.4803,1
4nec2-models/Aperiodic/2beverage.nec,ok,ok,0.4241330334916711,0.25304578710347414,1.6761,1
4nec2-models/Aperiodic/2el160flag.nec,ok,ok,0.2585563650354743,0.1645156443119049,1.5716,1
4nec2-models/Aperiodic/80pennant-pf.nec,ok,ok,0.2177725089713931,0.15473479311913252,1.4074,1
4nec2-models/Aperiodic/ON4BAAWD.nec,ok,ok,0.17502097319811583,0.08835915755480528,1.9808,1
4nec2-models/Aperiodic/Rhomb1.nec,ok,ok,0.13638767786324024,0.05771840550005436,2.3630,1
4nec2-models/Aperiodic/Rhombic.nec,ok,ok,0.17801764328032732,0.09244956076145172,1.9256,1
4nec2-models/Aperiodic/Semirhomb.nec,ok,ok,0.42331951204687357,0.2715871948748827,1.5587,1
4nec2-models/Aperiodic/Slopvee.nec,ok,ok,0.3205109778791666,0.19960183277726173,1.6058,1
4nec2-models/Aperiodic/Vee40.nec,ok,ok,0.3509051948785782,0.2174648828804493,1.6136,1
4nec2-models/Aperiodic/bev80.nec,ok,ok,0.36936177033931017,0.2405409011989832,1.5355,1
4nec2-models/Equations/1elQuad.nec,ok,ok,0.0037973737344145775,0.0038896482437849045,,0
4nec2-models/Equations/2elQuad.nec,ok,ok,0.0055330125615000725,0.005071108229458332,,0
4nec2-models/Equations/3elQuadGain.nec,ok,ok,0.008847595192492008,0.007526845671236515,,0
4nec2-models/Equations/3elQuadWide.nec,ok,ok,0.009177085012197495,0.007133216597139835,,0
4nec2-models/Equations/3elYagiGain.nec,ok,ok,0.0040031978860497475,0.0034550828859210014,,0
4nec2-models/Equations/3elYagiMaxFB.nec,ok,ok,0.003277515061199665,0.0034243743866682053,,0
4nec2-models/Equations/3elYagiWide.nec,ok,ok,0.0032975655049085617,0.003422638401389122,,0
4nec2-models/Equations/4elQuad.nec,ok,ok,0.013628832995891571,0.010350625030696392,,0
4nec2-models/Equations/Moxon.nec,ok,ok,0.2877982063218951,0.1835371870547533,1.5681,1
4nec2-models/Example1.nec,ok,ok,0.0029330281540751457,0.0031313207000494003,,0
4nec2-models/Example2.nec,ok,ok,0.0027569392696022987,0.004021085798740387,,0
4nec2-models/Fractals/Fractal.nec,ok,ok,1.5637830719351768,1.1001856103539467,1.4214,1
4nec2-models/Fractals/MI2 Loop.nec,ok,ok,0.08433760795742273,0.05283006187528372,1.5964,1
4nec2-models/Fractals/MI3.nec,ok,ok,0.0905125206336379,0.06237879674881697,1.4510,1
4nec2-models/Fractals/RANDOM1.nec,ok,ok,0.08092075306922197,0.05315139330923557,1.5225,1
4nec2-models/Fractals/Random2.nec,ok,ok,0.05431823246181011,0.03567713964730501,,0
4nec2-models/HFActiveFeed/2el10.nec,ok,ok,0.11429879255592823,0.06842436641454697,1.6704,1
4nec2-models/HFActiveFeed/2lsloper.nec,ok,ok,0.6292418548837304,0.39085586834698915,1.6099,1
4nec2-models/HFActiveFeed/2phased.nec,ok,ok,0.003158147446811199,0.0033707553520798683,,0
4nec2-models/HFActiveFeed/3vertical.nec,ok,ok,0.014545130543410778,0.009348821826279163,,0
4nec2-models/HFActiveFeed/BRDZPR10.nec,ok,ok,0.12650376465171576,0.07793313357979059,1.6232,1
4nec2-models/HFActiveFeed/HB9CV.nec,ok,ok,0.0036277109757065773,0.0034904619678854942,,0
4nec2-models/HFActiveFeed/Quad4.nec,ok,ok,0.03992261737585068,0.02405297104269266,,0
4nec2-models/HFActiveFeed/ZLSPTS10.nec,ok,ok,0.12092739343643188,0.07395990565419197,1.6350,1
4nec2-models/HFActiveFeed/ZLTROM10.nec,ok,ok,0.17931775283068419,0.10634901281446218,1.6861,1
4nec2-models/HFActiveFeed/cedzph10.nec,ok,ok,0.18174028396606445,0.10074337292462587,1.8040,1
4nec2-models/HFActiveFeed/n2pl_phased_dloop.nec,ok,ok,0.31399497855454683,0.19864556472748518,1.5807,1
4nec2-models/HFActiveFeed/zlspdp10.nec,ok,ok,0.11671985778957605,0.07231988850980997,1.6139,1
4nec2-models/HFbeams/2EL160H.nec,ok,ok,1.0981813371181488,0.6881149532273412,1.5959,1
4nec2-models/HFbeams/2lqful10.nec,ok,ok,0.013147667050361633,0.009022790007293224,,0
4nec2-models/HFbeams/2lyagi20.nec,ok,ok,0.0863383412361145,0.05585965421050787,1.5456,1
4nec2-models/HFbeams/2x4Q15A95.nec,ok,ok,0.031096184626221657,0.020086316391825676,,0
4nec2-models/HFbeams/3YAGI20.nec,ok,ok,0.3204834256321192,0.20278038829565048,1.5804,1
4nec2-models/HFbeams/3el-inverted-V.nec,ok,ok,0.3117594225332141,0.19551230315119028,1.5946,1
4nec2-models/HFbeams/3elquad.nec,ok,ok,0.005203168839216232,0.0051972707733511925,,0
4nec2-models/HFbeams/3lyagi20.nec,ok,ok,0.5089544067159295,0.2859121933579445,1.7801,1
4nec2-models/HFbeams/40MYAG2.nec,ok,ok,0.3802751526236534,0.22335085459053516,1.7026,1
4nec2-models/HFbeams/40quad.nec,ok,ok,0.2379605583846569,0.13362267520278692,1.7808,1
4nec2-models/HFbeams/4el_vk1aa1.nec,ok,ok,0.49894594214856625,0.2654582988470793,1.8796,1
4nec2-models/HFbeams/5_el_wbeam_PA2AWU.nec,ok,ok,0.5884269112721086,0.4607260590419173,1.2772,1
4nec2-models/HFbeams/7lyagi10.nec,ok,ok,0.2952588340267539,0.20649141445755959,1.4299,1
4nec2-models/HFbeams/80hsbeam.nec,ok,ok,0.3754274267703295,0.21210901718586683,1.7700,1
4nec2-models/HFbeams/80rdbeam.nec,ok,ok,0.36522757820785046,0.2158790146932006,1.6918,1
4nec2-models/HFbeams/8x6q.nec,ok,ok,0.35834868997335434,0.19429661519825459,1.8443,1
4nec2-models/HFbeams/BetaMatch.nec,ok,ok,0.05737319402396679,0.020605500787496567,,0
4nec2-models/HFbeams/Bowtie.nec,timeout,timeout,300.05927730724216,300.04951360076666,,0
4nec2-models/HFbeams/Deltalp.nec,ok,ok,0.1057191202417016,0.0879336316138506,1.2023,1
4nec2-models/HFbeams/NinjaBeam.nec,ok,ok,0.29771743807941675,0.18635827116668224,1.5976,1
4nec2-models/HFbeams/Quad.nec,ok,ok,0.042617601342499256,0.022889357060194016,,0
4nec2-models/HFbeams/Stack.nec,ok,ok,0.4398731915280223,0.2572246603667736,1.7101,1
4nec2-models/HFbeams/Unwin.nec,ok,ok,0.00920630432665348,0.007983005605638027,,0
4nec2-models/HFbeams/Unwin_mod.nec,ok,ok,0.00837007351219654,0.007073531858623028,,0
4nec2-models/HFbeams/fan1022.nec,ok,ok,0.03224139381200075,0.01997925341129303,,0
4nec2-models/HFbeams/moxon20.nec,ok,ok,0.3368743807077408,0.21482732705771923,1.5681,1
4nec2-models/HFbeams/sloper.nec,ok,ok,0.21434820257127285,0.13897542282938957,1.5423,1
4nec2-models/HFbeams/wa2wvl.nec,ok,ok,0.3885012334212661,0.24806264974176884,1.5661,1
4nec2-models/HFbeams/y6mhg.nec,ok,ok,0.005204315297305584,0.004660522565245628,,0
4nec2-models/HFbeams/y6mwb.nec,ok,ok,0.006897144950926304,0.005595659837126732,,0
4nec2-models/HFbeams/zl1le10.nec,ok,ok,0.09806030243635178,0.06316710542887449,1.5524,1
4nec2-models/HFcollinear/15edzph2.nec,ok,ok,0.09509698301553726,0.047778270207345486,,0
4nec2-models/HFcollinear/2 dipole on roof.nec,ok,ok,1.5177737940102816,0.6840921677649021,2.2187,1
4nec2-models/HFcollinear/4 Dipole Trans-lines.nec,ok,ok,0.008968917652964592,0.007343187928199768,,0
4nec2-models/HFcollinear/BROADSID.nec,ok,ok,0.003396410495042801,0.0036133285611867905,,0
4nec2-models/HFcollinear/Collinear_1L.nec,ok,ok,0.12176700308918953,0.07720245700329542,1.5772,1
4nec2-models/HFcollinear/SLOPER2.nec,ok,ok,0.445559024810791,0.2822126178070903,1.5788,1
4nec2-models/HFcollinear/W8BYA Collinear 7 MHz.nec,ok,ok,0.33168389089405537,0.20980914868414402,1.5809,1
4nec2-models/HFcollinear/franklin.nec,ok,ok,0.0043607717379927635,0.004385250620543957,,0
4nec2-models/HFcollinear/hrs_441.nec,ok,ok,14.187275497242808,6.184051341377199,2.2942,1
4nec2-models/HFcollinear/lazyh.nec,ok,ok,0.004749111831188202,0.004715128801763058,,0
4nec2-models/HFmultiband/4-BAND.nec,ok,ok,5.030833274126053,3.629285752773285,1.3862,1
4nec2-models/HFmultiband/40MYAG2.nec,ok,ok,0.35414670780301094,0.22420629486441612,1.5796,1
4nec2-models/HFmultiband/5BWIDE-1.nec,ok,ok,0.07048783637583256,0.04996695462614298,,0
4nec2-models/HFmultiband/Cobra.nec,ok,ok,0.3822212591767311,0.24708469957113266,1.5469,1
4nec2-models/HFmultiband/Cone.nec,ok,ok,0.4096642378717661,0.26307390443980694,1.5572,1
4nec2-models/HFmultiband/CrossDip.nec,ok,ok,0.009693518280982971,0.008330020122230053,,0
4nec2-models/HFmultiband/DUAL2EL.nec,ok,ok,0.08967665489763021,0.059911999851465225,1.4968,1
4nec2-models/HFmultiband/InvV80-40.nec,ok,ok,0.3134383037686348,0.1985202580690384,1.5789,1
4nec2-models/HFmultiband/LPDA1.nec,ok,ok,0.0058442819863557816,0.00563737191259861,,0
4nec2-models/HFmultiband/Logp.nec,ok,ok,0.006313414312899113,0.005783668719232082,,0
4nec2-models/HFmultiband/MultiDips.nec,ok,ok,0.3556750388815999,0.22437611874192953,1.5852,1
4nec2-models/HFmultiband/MultiTrap.nec,ok,ok,0.23354247584939003,0.1453206418082118,1.6071,1
4nec2-models/HFmultiband/Sleeve.nec,ok,ok,0.28590800892561674,0.18233601283282042,1.5680,1
4nec2-models/HFmultiband/Telerana.nec,ok,ok,0.03520362079143524,0.025578864850103855,,0
4nec2-models/HFmultiband/TrapDip.nec,ok,ok,0.004450474865734577,0.004414105787873268,,0
4nec2-models/HFmultiband/TrapDipole.nec,ok,ok,0.004420450888574123,0.004319194704294205,,0
4nec2-models/HFmultiband/UA3SFH.nec,ok,ok,0.08464357815682888,0.05588794965296984,1.5145,1
4nec2-models/HFmultiband/discone.nec,ok,ok,0.03659294173121452,0.025784398429095745,,0
4nec2-models/HFmultiband/dscn2.nec,ok,ok,0.8868804527446628,0.5889435587450862,1.5059,1
4nec2-models/HFmultiband/logper.nec,ok,ok,0.6077333260327578,0.4120070207864046,1.4751,1
4nec2-models/HFmultiband/lpda.nec,ok,ok,0.13845249637961388,0.07060642167925835,1.9609,1
4nec2-models/HFmultiband/mil14.nec,ok,ok,1.1879596170037985,0.7399536976590753,1.6055,1
4nec2-models/HFmultiband/op201510.nec,ok,ok,0.3339634286239743,0.2137630358338356,1.5623,1
4nec2-models/HFmultiband/quad5b10.nec,ok,ok,0.7293416280299425,0.353593978099525,2.0627,1
4nec2-models/HFmultiband/sleeve_err.nec,ok,ok,0.31814327370375395,0.18216717708855867,1.7464,1
4nec2-models/HFmultiband/t2fd.nec,ok,ok,0.004055828787386417,0.004292448051273823,,0
4nec2-models/HFmultiband/y1217bb.nec,ok,ok,0.008391429670155048,0.007589027285575867,,0
4nec2-models/HFmultiband/y2015.nec,ok,ok,0.00702290702611208,0.006594227626919746,,0
4nec2-models/HFmultiband/yi20_40b.nec,ok,ok,0.4311895938590169,0.25390516966581345,1.6982,1
4nec2-models/HFshort/2elShort.nec,ok,ok,0.11357918102294207,0.07159559801220894,1.5864,1
4nec2-models/HFshort/2lqsdi10.nec,ok,ok,0.041758774779736996,0.026580002158880234,,0
4nec2-models/HFshort/2lqssq10.nec,ok,ok,0.04840882122516632,0.031691741198301315,,0
4nec2-models/HFshort/2lygcl10.nec,ok,ok,0.09518982097506523,0.061920166946947575,1.5373,1
4nec2-models/HFshort/CoilCapHat.nec,ok,ok,0.23787609208375216,0.15420083049684763,1.5426,1
4nec2-models/HFshort/DPLNLD10.nec,ok,ok,0.013881165534257889,0.010503018274903297,,0
4nec2-models/HFshort/HelixDip.nec,ok,ok,0.004880157299339771,0.005088348872959614,,0
4nec2-models/HFshort/LinLoad.nec,ok,ok,0.04025062546133995,0.025943727232515812,,0
4nec2-models/HFshort/LinLoad2.nec,ok,ok,0.0792912570759654,0.0499648442491889,,0
4nec2-models/HFshort/Magnetic.nec,ok,ok,0.00403656717389822,0.0043351128697395325,,0
4nec2-models/HFshort/MagneticLoop.nec,ok,ok,0.005005896091461182,0.0049787722527980804,,0
4nec2-models/HFshort/Minibeam.nec,ok,ok,0.006306963041424751,0.0064097922295331955,,0
4nec2-models/HFshort/RXload.nec,ok,ok,0.0034042466431856155,0.003738880157470703,,0
4nec2-models/HFshort/caphat10.nec,ok,ok,0.0037767337635159492,0.004023312591016293,,0
4nec2-models/HFsimple/36ccd.nec,ok,ok,0.3583882376551628,0.22871697414666414,1.5670,1
4nec2-models/HFsimple/36dip.nec,ok,ok,0.3034201106056571,0.19369877967983484,1.5665,1
4nec2-models/HFsimple/36inv.nec,ok,ok,0.30740478355437517,0.1961119007319212,1.5675,1
4nec2-models/HFsimple/36inv_coat.nec,ok,ok,0.3080673385411501,0.19737087562680244,1.5609,1
4nec2-models/HFsimple/36inv_split.nec,ok,ok,0.3070462793111801,0.19694278482347727,1.5591,1
4nec2-models/HFsimple/70edz.nec,ok,ok,0.35751807130873203,0.2290364010259509,1.5610,1
4nec2-models/HFsimple/CageAlt.nec,ok,ok,0.006621676497161388,0.006590386852622032,,0
4nec2-models/HFsimple/Coax.nec,ok,ok,0.3036467479541898,0.19559170305728912,1.5525,1
4nec2-models/HFsimple/DLoop40.nec,ok,ok,0.2171418908983469,0.14062436390668154,1.5441,1
4nec2-models/HFsimple/EDZ_TL.nec,ok,ok,0.08641939144581556,0.0567630622535944,1.5225,1
4nec2-models/HFsimple/EDZ_mod.nec,ok,ok,0.2731817336753011,0.17511824145913124,1.5600,1
4nec2-models/HFsimple/FANDPL10.nec,ok,ok,0.016226339153945446,0.012097085826098919,,0
4nec2-models/HFsimple/G5RV.nec,ok,ok,0.0034223170951008797,0.0038068443536758423,,0
4nec2-models/HFsimple/Hairpin.nec,ok,ok,0.0044590774923563,0.004674515686929226,,0
4nec2-models/HFsimple/Halfsq40.nec,ok,ok,0.2858784403651953,0.18275835551321507,1.5642,1
4nec2-models/HFsimple/HorLoop80.nec,ok,ok,0.3548017852008343,0.23177730478346348,1.5308,1
4nec2-models/HFsimple/Inv-L.nec,ok,ok,0.43083232548087835,0.2760673454031348,1.5606,1
4nec2-models/HFsimple/Isotrop.nec,ok,ok,0.0041977884247899055,0.004803763702511787,,0
4nec2-models/HFsimple/L_match.nec,ok,ok,0.01873971987515688,0.013835272751748562,,0
4nec2-models/HFsimple/LoadPos.nec,ok,ok,0.00611454714089632,0.0058771539479494095,,0
4nec2-models/HFsimple/LoopCirc20.nec,ok,ok,0.003960277885198593,0.004428338259458542,,0
4nec2-models/HFsimple/Lowdip.nec,ok,ok,0.35986247193068266,0.23677143640816212,1.5199,1
4nec2-models/HFsimple/MagCirc.nec,ok,ok,0.08495604898780584,0.057013790123164654,1.4901,1
4nec2-models/HFsimple/Magnetic.nec,ok,ok,0.08238306641578674,0.05489244684576988,1.5008,1
4nec2-models/HFsimple/Magnetic2.nec,ok,ok,0.0052218958735466,0.00486306007951498,,0
4nec2-models/HFsimple/ParStub.nec,ok,ok,0.0038870610296726227,0.0038683759048581123,,0
4nec2-models/HFsimple/Patch.nec,timeout,timeout,301.2607990950346,301.20891429204494,,0
4nec2-models/HFsimple/Piramid.nec,ok,ok,0.21730999276041985,0.13924526702612638,1.5606,1
4nec2-models/HFsimple/Rectb40.nec,ok,ok,0.28275790624320507,0.1801013657823205,1.5700,1
4nec2-models/HFsimple/Rects40.nec,ok,ok,0.2834330406039953,0.18051512073725462,1.5701,1
4nec2-models/HFsimple/SLOPE1.nec,ok,ok,0.3329716045409441,0.21236718259751797,1.5679,1
4nec2-models/HFsimple/SLOPE3.nec,ok,ok,0.5576557032763958,0.35564424749463797,1.5680,1
4nec2-models/HFsimple/StepRadAGT.nec,ok,ok,0.011843536049127579,0.008849771693348885,,0
4nec2-models/HFsimple/TriangleError.nec,ok,ok,0.004075196571648121,0.004085162654519081,,0
4nec2-models/HFsimple/TriangleLimit.nec,ok,ok,0.013189872726798058,0.009437929838895798,,0
4nec2-models/HFsimple/deltb40.nec,ok,ok,0.30052585154771805,0.1914291074499488,1.5699,1
4nec2-models/HFsimple/delts40.nec,ok,ok,0.3064234359189868,0.1954732397571206,1.5676,1
4nec2-models/HFsimple/fanndp10.nec,ok,ok,0.1504301941022277,0.09286415483802557,1.6199,1
4nec2-models/HFsimple/tr-line.nec,ok,ok,0.3086128458380699,0.1954126786440611,1.5793,1
4nec2-models/HFvertical/40M2EL.nec,ok,ok,0.3270427668467164,0.20890631154179573,1.5655,1
4nec2-models/HFvertical/4SQTL.nec,ok,ok,0.2769197793677449,0.17405225709080696,1.5910,1
4nec2-models/HFvertical/4SQUARE.nec,ok,ok,0.18046973180025816,0.11782435420900583,1.5317,1
4nec2-models/HFvertical/80RDBEAM.nec,ok,ok,0.4484299197793007,0.2843974754214287,1.5768,1
4nec2-models/HFvertical/BOBTAIL.nec,ok,ok,0.3516878020018339,0.21947051119059324,1.6024,1
4nec2-models/HFvertical/Bloem.nec,ok,ok,0.2629260439425707,0.1669108374044299,1.5752,1
4nec2-models/HFvertical/BurRad.nec,ok,ok,0.36906304117292166,0.23783919494599104,1.5517,1
4nec2-models/HFvertical/CARDIOID.nec,ok,ok,0.20447813719511032,0.12961324024945498,1.5776,1
4nec2-models/HFvertical/CardTL.nec,ok,ok,0.20453249476850033,0.12828383408486843,1.5944,1
4nec2-models/HFvertical/ElevatRad.nec,ok,ok,0.5174831561744213,0.3252545287832618,1.5910,1
4nec2-models/HFvertical/GNDPLANE.nec,ok,ok,0.0038321325555443764,0.004125913605093956,,0
4nec2-models/HFvertical/GP80.nec,ok,ok,0.305389741435647,0.19725418835878372,1.5482,1
4nec2-models/HFvertical/GndScreen.nec,ok,ok,0.8403901159763336,0.5199685115367174,1.6162,1
4nec2-models/HFvertical/Gwave.nec,ok,ok,0.13549494743347168,0.09401956759393215,1.4411,1
4nec2-models/HFvertical/Isolators.nec,ok,ok,0.3701208755373955,0.20574244298040867,1.7990,1
4nec2-models/HFvertical/Lowdip.nec,ok,ok,0.36066900845617056,0.23177687264978886,1.5561,1
4nec2-models/HFvertical/Phased GP.nec,ok,ok,0.026786684058606625,0.015083218924701214,,0
4nec2-models/HFvertical/Phased array Trans-line.nec,ok,ok,0.23178121261298656,0.1479749958962202,1.5664,1
4nec2-models/HFvertical/TOPLOAD.nec,ok,ok,0.2270506238564849,0.14897510036826134,1.5241,1
4nec2-models/HFvertical/Varray.nec,ok,ok,0.3407112695276737,0.21582516748458147,1.5786,1
4nec2-models/HFvertical/VertHats.nec,ok,ok,0.2930900985375047,0.18699822202324867,1.5673,1
4nec2-models/LFvertical/cutler_single .nec,ok,ok,10.467902903445065,6.564592190086842,1.5946,1
4nec2-models/Nec4/Catenary.nec,ok,ok,0.005872658453881741,0.005451337434351444,,0
4nec2-models/Objects/4nec2.nec,ok,ok,0.08970835246145725,0.06426170654594898,1.3960,1
4nec2-models/Objects/747plane.nec,ok,ok,6.191273899748921,3.852402428165078,1.6071,1
4nec2-models/Objects/GM_test.nec,ok,ok,7.639758452773094,4.9732152335345745,1.5362,1
4nec2-models/Objects/Horn.nec,ok-no-source,ok-no-source,3.406506249681115,2.2894728891551495,,0
4nec2-models/Objects/Illuminate.nec,ok,ok,3.2493678126484156,2.2373047694563866,1.4524,1
4nec2-models/Objects/NearFld.nec,ok,ok,2.367954504676163,1.6421093195676804,1.4420,1
4nec2-models/Objects/Ship1.nec,ok,ok,1.205660647712648,0.7741848984733224,1.5573,1
4nec2-models/Objects/TL-test.nec,ok,ok,0.1568279443308711,0.10545937716960907,1.4871,1
4nec2-models/Objects/Tank.nec,ok-no-source,ok-no-source,0.03422214183956385,0.025328406132757664,,0
4nec2-models/Objects/Van.nec,ok-no-source,ok-no-source,0.10259654186666012,0.07352384552359581,,0
4nec2-models/Objects/Vehicle.nec,ok,ok,0.09337061550468206,0.06338731665164232,1.4730,1
4nec2-models/Objects/car.nec,ok,ok,1.0524467192590237,0.748288718983531,1.4065,1
4nec2-models/Objects/car_1.nec,ok,ok,0.28269648272544146,0.20268176961690187,1.3948,1
4nec2-models/VHFbeams/10RA432.nec,ok,ok,0.0073057059198617935,0.006933459080755711,,0
4nec2-models/VHFbeams/12el430.nec,ok,ok,0.008317607454955578,0.007003696635365486,,0
4nec2-models/VHFbeams/215DX.nec,ok,ok,0.06540511921048164,0.037475437857210636,,0
4nec2-models/VHFbeams/216CP.nec,ok,ok,0.10513918567448854,0.06838974915444851,1.5374,1
4nec2-models/VHFbeams/23DF.nec,ok,ok,0.00835668109357357,0.008377792313694954,,0
4nec2-models/VHFbeams/28DX.nec,ok,ok,0.07366302888840437,0.04274967685341835,,0
4nec2-models/VHFbeams/2SA.nec,ok,ok,2.083056121133268,1.2435877863317728,1.6750,1
4nec2-models/VHFbeams/4x20ra.nec,ok,ok,0.15882860869169235,0.0885442765429616,1.7938,1
4nec2-models/VHFbeams/5Vquad.nec,ok,ok,0.018899062648415565,0.01307959109544754,,0
4nec2-models/VHFbeams/5elDdelta.nec,ok,ok,0.07002681400626898,0.04122915118932724,,0
4nec2-models/VHFbeams/5elDquad.nec,ok,ok,0.045946551486849785,0.02815705630928278,,0
4nec2-models/VHFbeams/BIQDFEED.nec,ok,ok,1.213457097299397,0.868670029565692,1.3969,1
4nec2-models/VHFbeams/DLW6U.nec,ok,ok,1.7543501546606421,0.9987288545817137,1.7566,1
4nec2-models/VHFbeams/DipReflGW.nec,error,error,0.6983687076717615,0.4697179179638624,,0
4nec2-models/VHFbeams/EMEyagi.nec,ok,ok,0.020135859958827496,0.013520723208785057,,0
4nec2-models/VHFbeams/GSM_yagi.nec,ok,ok,0.3425988145172596,0.24385264236479998,1.4049,1
4nec2-models/VHFbeams/JBL.nec,ok,ok,7.4586097141727805,4.9731431026011705,1.4998,1
4nec2-models/VHFbeams/Parab50.nec,ok,ok,15.283956096507609,10.484621410258114,1.4577,1
4nec2-models/VHFbeams/QFH1280.nec,ok,ok,0.005795691162347794,0.005807557143270969,,0
4nec2-models/VHFbeams/TV_uhf.nec,ok,ok,0.053313455544412136,0.03544240910559893,,0
4nec2-models/VHFbeams/Vyagi22.nec,ok,ok,0.019211734645068645,0.01820541452616453,,0
4nec2-models/VHFbeams/Yagi16.nec,ok,ok,0.007110912352800369,0.006182555109262466,,0
4nec2-models/VHFbeams/atl50E.nec,ok,ok,0.8900114698335528,0.4438111688941717,2.0054,1
4nec2-models/VHFbeams/atl50e-h.nec,ok,ok,0.9996277522295713,0.5069480920210481,1.9719,1
4nec2-models/VHFbeams/bisq7.nec,ok,ok,0.07017056085169315,0.04741595033556223,,0
4nec2-models/VHFbeams/corner.nec,ok,ok,0.025042688474059105,0.021123730577528477,,0
4nec2-models/VHFbeams/fm6.nec,ok,ok,0.008912142366170883,0.008444156497716904,,0
4nec2-models/VHFbeams/gridyagi.nec,ok,ok,1.1795190460979939,0.7313531963154674,1.6128,1
4nec2-models/VHFbeams/hel10ua.nec,ok,ok,0.500183068215847,0.28187811467796564,1.7745,1
4nec2-models/VHFbeams/helix.nec,ok,ok,1.1275467099621892,0.6592866675928235,1.7103,1
4nec2-models/VHFbeams/i5tdjii.nec,ok,ok,0.03661737125366926,0.021682321093976498,,0
4nec2-models/VHFbeams/qfh137.nec,ok,ok,1.2893879860639572,0.7518947841599584,1.7149,1
4nec2-models/VHFbeams/quad7.nec,ok,ok,0.011498012579977512,0.009893557988107204,,0
4nec2-models/VHFmultiband/402_306 146 MHz.nec,ok,ok,0.009287216700613499,0.0077575137838721275,,0
4nec2-models/VHFmultiband/Dc8ce.nec,ok,ok,0.13603639975190163,0.08702600933611393,1.5632,1
4nec2-models/VHFmultiband/SpiralAntennaCenterFeed.nec,ok,ok,28.58808572217822,21.090683726593852,1.3555,1
4nec2-models/VHFmultiband/ez2309.nec,ok,ok,0.08448557928204536,0.05537618789821863,1.5257,1
4nec2-models/VHFsimple/2mGP.nec,ok,ok,0.010469475761055946,0.009119614958763123,,0
4nec2-models/VHFsimple/2meteradr.nec,ok,ok,0.10646459925919771,0.07375328429043293,1.4435,1
4nec2-models/VHFsimple/CircDip3.nec,ok,ok,0.0035709524527192116,0.0038723349571228027,,0
4nec2-models/VHFsimple/CoaxEnd.nec,ok,ok,0.36426785308867693,0.26352357491850853,1.3823,1
4nec2-models/VHFsimple/Dquad.nec,ok,ok,0.003981593996286392,0.00433006975799799,,0
4nec2-models/VHFsimple/Generator.nec,ok,ok,0.07280334457755089,0.060514663346111774,1.2031,1
4nec2-models/VHFsimple/Helix.nec,ok,ok,0.010559740476310253,0.009753691963851452,,0
4nec2-models/VHFsimple/J-ant.nec,ok,ok,0.009217949584126472,0.006713313050568104,,0
4nec2-models/VHFsimple/T-box.nec,ok,ok,0.4033821225166321,0.2367162760347128,1.7041,1
4nec2-models/VHFsimple/dip_curv_6m.nec,ok,ok,0.005841923877596855,0.005398777313530445,,0
4nec2-models/VHFsimple/gpflat2m.nec,ok,ok,0.011139675043523312,0.008067821152508259,,0
4nec2-models/VHFsimple/gpslop2m.nec,ok,ok,0.011278155259788036,0.007972236722707748,,0
4nec2-models/VHFsimple/halfsq2m.nec,ok,ok,0.04595838487148285,0.025097900070250034,,0
4nec2-models/VHFsimple/masters.nec,ok,ok,0.007624444551765919,0.007309998385608196,,0
4nec2-models/VHFsimple/sterba.nec,ok,ok,0.012145066633820534,0.00927857868373394,,0
4nec2-models/VHFsimple/thick.nec,ok,ok,0.5215943837538362,0.27094749361276627,1.9251,1
4nec2-models/VHFsimple/wheeler.nec,ok,ok,0.006726270541548729,0.006644794717431068,,0
4nec2-models/zz_EZnec/v3.0/15MQUAD.nec,ok,ok,0.004372945986688137,0.004757080227136612,,0
4nec2-models/zz_EZnec/v3.0/20M5ELYA.nec,ok,ok,0.006995246745646,0.006427876651287079,,0
4nec2-models/zz_EZnec/v3.0/4SQTL.nec,ok,ok,0.27533736918121576,0.1782800629734993,1.5444,1
4nec2-models/zz_EZnec/v3.0/4SQUARE.nec,ok,ok,0.2734399205073714,0.17501889914274216,1.5623,1
4nec2-models/zz_EZnec/v3.0/BYDipole.nec,ok,ok,0.29017310682684183,0.18627613317221403,1.5578,1
4nec2-models/zz_EZnec/v3.0/BYVee.nec,ok,ok,0.28974948544055223,0.1864575408399105,1.5540,1
4nec2-models/zz_EZnec/v3.0/CardTL.nec,ok,ok,0.003691435791552067,0.0037925289943814278,,0
4nec2-models/zz_EZnec/v3.0/Cardioid.nec,ok,ok,0.0035042930394411087,0.003746333532035351,,0
4nec2-models/zz_EZnec/v3.0/DipTL.nec,ok,ok,0.3054495844990015,0.19752276595681906,1.5464,1
4nec2-models/zz_EZnec/v3.0/Dipole1.nec,ok,ok,0.003248625434935093,0.003463970497250557,,0
4nec2-models/zz_EZnec/v3.0/ELEVRAD1.nec,ok,ok,0.311414934694767,0.20011003129184246,1.5562,1
4nec2-models/zz_EZnec/v3.0/ELEVRAD2.nec,ok,ok,0.5144053492695093,0.3234584676101804,1.5903,1
4nec2-models/zz_EZnec/v3.0/FDSP.nec,ok,ok,0.3026821641251445,0.19355641771107912,1.5638,1
4nec2-models/zz_EZnec/v3.0/K5RP.nec,ok,ok,0.2819517608731985,0.1808364177122712,1.5592,1
4nec2-models/zz_EZnec/v3.0/LOGPER.nec,ok,ok,0.007933014072477818,0.007431299425661564,,0
4nec2-models/zz_EZnec/v3.0/LOGPERTL.nec,ok,ok,0.006465206854045391,0.006062383763492107,,0
4nec2-models/zz_EZnec/v3.0/N4PCLOOP.nec,ok,ok,0.3397822780534625,0.21559567283838987,1.5760,1
4nec2-models/zz_EZnec/v3.0/NBSYAGI.nec,ok,ok,0.003579886630177498,0.003935360349714756,,0
4nec2-models/zz_EZnec/v3.0/VHFGP.nec,ok,ok,0.007203350774943829,0.005920077674090862,,0
4nec2-models/zz_EZnec/v3.0/Vert1.nec,ok,ok,0.0795973464846611,0.05408559087663889,1.4717,1
4nec2-models/zz_EZnec/v3.0/W8JK.nec,ok,ok,0.25831750873476267,0.17662603594362736,1.4625,1
4nec2-models/zz_MiniNec/ActiveFeed/2 el activ VP2E 40m.nec,ok,ok,0.33244754280894995,0.21141862124204636,1.5725,1
4nec2-models/zz_MiniNec/ActiveFeed/2D40MB10_multinec.nec,ok,ok,0.004819503054022789,0.004890709184110165,,0
4nec2-models/zz_MiniNec/ActiveFeed/4 el Delta act.nec,ok,ok,0.019750988110899925,0.01320866122841835,,0
4nec2-models/zz_MiniNec/ActiveFeed/40m 4square.nec,ok,ok,0.004486020654439926,0.004321779124438763,,0
4nec2-models/zz_MiniNec/ActiveFeed/HB9CVH.nec,ok,ok,0.005085998214781284,0.005142161622643471,,0
4nec2-models/zz_MiniNec/ActiveFeed/HB9CVW.nec,ok,ok,0.004715225659310818,0.0048771025612950325,,0
4nec2-models/zz_MiniNec/Feeders/025lambda_trans.nec,ok,ok,0.008441368117928505,0.007222435437142849,,0
4nec2-models/zz_MiniNec/Feeders/FEEDER.nec,ok,ok,0.0036848606541752815,0.004023066721856594,,0
4nec2-models/zz_MiniNec/HFAperiodic/2elK9AY-1.nec,ok,ok,0.23288483452051878,0.1555036874487996,1.4976,1
4nec2-models/zz_MiniNec/HFAperiodic/BEVERAGE.nec,ok,ok,0.38390033040195704,0.25463342666625977,1.5077,1
4nec2-models/zz_MiniNec/HFAperiodic/D2T.nec,ok,ok,0.21069703716784716,0.13831317517906427,1.5233,1
4nec2-models/zz_MiniNec/HFAperiodic/EWE.nec,ok,ok,0.22416242584586143,0.1458805836737156,1.5366,1
4nec2-models/zz_MiniNec/HFAperiodic/Flag K6SE.nec,ok,ok,0.0846191318705678,0.05765771307051182,1.4676,1
4nec2-models/zz_MiniNec/HFAperiodic/RHOMBIC.nec,ok,ok,0.7360370066016912,0.4393378281965852,1.6753,1
4nec2-models/zz_MiniNec/HFAperiodic/Semirhomb.nec,ok,ok,0.4152134954929352,0.26714022643864155,1.5543,1
4nec2-models/zz_MiniNec/HFAperiodic/T2FD.nec,ok,ok,0.18875049520283937,0.12282491568475962,1.5367,1
4nec2-models/zz_MiniNec/HFAperiodic/beverage200.nec,ok,ok,0.894548655487597,0.43730585742741823,2.0456,1
4nec2-models/zz_MiniNec/HFAperiodic/widebanddip.nec,ok,ok,0.3061046916991472,0.1971852220594883,1.5524,1
4nec2-models/zz_MiniNec/HFbeams/2CQ20.nec,ok,ok,0.10455808974802494,0.0674652848392725,1.5498,1
4nec2-models/zz_MiniNec/HFbeams/2DELTA20.nec,ok,ok,0.013109981082379818,0.011067157611250877,,0
4nec2-models/zz_MiniNec/HFbeams/2ELQUAD.nec,ok,ok,1.1592823630198836,0.5895113851875067,1.9665,1
4nec2-models/zz_MiniNec/HFbeams/2ELVP15.nec,ok,ok,0.0048784296959638596,0.004831215366721153,,0
4nec2-models/zz_MiniNec/HFbeams/2ELVP20.nec,ok,ok,0.0064845336601138115,0.00654177088290453,,0
4nec2-models/zz_MiniNec/HFbeams/2el.delta.20m.nec,ok,ok,0.33103088941425085,0.21074103098362684,1.5708,1
4nec2-models/zz_MiniNec/HFbeams/2elQuad W1HXU.nec,ok,ok,0.08818572387099266,0.04643602296710014,,0
4nec2-models/zz_MiniNec/HFbeams/3EL20.nec,ok,ok,0.10631434991955757,0.067880405113101,1.5662,1
4nec2-models/zz_MiniNec/HFbeams/3el GP80 CW.nec,ok,ok,0.30357480980455875,0.1946223983541131,1.5598,1
4nec2-models/zz_MiniNec/HFbeams/4EL20.nec,ok,ok,0.32283840514719486,0.2063390128314495,1.5646,1
4nec2-models/zz_MiniNec/HFbeams/4EL20HM.nec,ok,ok,0.008131432346999645,0.006921013817191124,,0
4nec2-models/zz_MiniNec/HFbeams/4_4RZT_2.nec,ok,ok,0.31302424147725105,0.1672352273017168,1.8718,1
4nec2-models/zz_MiniNec/HFbeams/5EL20.nec,ok,ok,0.009054007939994335,0.007371621206402779,,0
4nec2-models/zz_MiniNec/HFbeams/6EL10.nec,ok,ok,0.008213060908019543,0.006854315288364887,,0
4nec2-models/zz_MiniNec/HFbeams/DL9JFT Yagi 14.nec,ok,ok,0.0042678359895944595,0.004651636816561222,,0
4nec2-models/zz_MiniNec/HFbeams/DX415TT.nec,ok,ok,0.29650621209293604,0.18893612455576658,1.5693,1
4nec2-models/zz_MiniNec/HFbeams/Diamond Quadx2 14.nec,ok,ok,0.026377602480351925,0.017383931204676628,,0
4nec2-models/zz_MiniNec/HFbeams/JungleJob.nec,ok,ok,0.0036592986434698105,0.004003290086984634,,0
4nec2-models/zz_MiniNec/HFbeams/LPDA15.nec,ok,ok,0.3165862075984478,0.16353757958859205,1.9359,1
4nec2-models/zz_MiniNec/HFbeams/M2CQ.nec,ok,ok,0.016396100632846355,0.014625986106693745,,0
4nec2-models/zz_MiniNec/HFbeams/Rhomb10.nec,ok,ok,0.1968087898567319,0.10424999613314867,1.8879,1
4nec2-models/zz_MiniNec/HFbeams/W2EEY.nec,ok,ok,0.007519994862377644,0.007318080402910709,,0
4nec2-models/zz_MiniNec/HFbeams/XQ20.nec,ok,ok,0.4372462509199977,0.2637537755072117,1.6578,1
4nec2-models/zz_MiniNec/HFbeams/ZL20.nec,ok,ok,0.14632015768438578,0.08970622718334198,1.6311,1
4nec2-models/zz_MiniNec/HFmultiband/10-18-24GP.nec,ok,ok,0.23475507274270058,0.15101551823318005,1.5545,1
4nec2-models/zz_MiniNec/HFmultiband/28_21_14V3.nec,ok,ok,0.0057849399745464325,0.005301866680383682,,0
4nec2-models/zz_MiniNec/HFmultiband/3.5-7-14-28offsetdip-1.nec,ok,ok,0.16742903646081686,0.09191612433642149,1.8215,1
4nec2-models/zz_MiniNec/HFmultiband/3e lTriband Yagi.nec,ok,ok,0.3282809928059578,0.21017796732485294,1.5619,1
4nec2-models/zz_MiniNec/HFmultiband/4_4RZT_2.nec,ok,ok,0.31119862012565136,0.16923746652901173,1.8388,1
4nec2-models/zz_MiniNec/HFmultiband/8b Delta Loop.nec,ok,ok,0.34042132645845413,0.22015009075403214,1.5463,1
4nec2-models/zz_MiniNec/HFmultiband/DBLDP.nec,ok,ok,0.09981146454811096,0.06083783693611622,1.6406,1
4nec2-models/zz_MiniNec/HFmultiband/DUAL2EL.nec,ok,ok,0.08961962070316076,0.05851022806018591,1.5317,1
4nec2-models/zz_MiniNec/HFmultiband/Db54m.nec,ok,ok,0.2785565610975027,0.13982111867517233,1.9922,1
4nec2-models/zz_MiniNec/HFmultiband/Delta160allbands.nec,ok,ok,0.3703948073089123,0.2385041294619441,1.5530,1
4nec2-models/zz_MiniNec/HFmultiband/G5RV.nec,ok,ok,0.3404391845688224,0.2178265666589141,1.5629,1
4nec2-models/zz_MiniNec/HFmultiband/LPDA.nec,ok,ok,0.05437940452247858,0.03496996685862541,,0
4nec2-models/zz_MiniNec/HFmultiband/M2CQW.nec,ok,ok,0.37237822264432907,0.22909546829760075,1.6254,1
4nec2-models/zz_MiniNec/HFmultiband/MCQM.nec,ok,ok,0.012287192046642303,0.009244292974472046,,0
4nec2-models/zz_MiniNec/HFmultiband/MULTDP.nec,ok,ok,0.13281282782554626,0.08242706023156643,1.6113,1
4nec2-models/zz_MiniNec/HFmultiband/MULTDPH.nec,ok,ok,0.18265228159725666,0.1180653041228652,1.5470,1
4nec2-models/zz_MiniNec/HFmultiband/MULTDPHW.nec,ok,ok,0.22768731601536274,0.14638506341725588,1.5554,1
4nec2-models/zz_MiniNec/HFmultiband/MULTDPL.nec,ok,ok,0.35048664174973965,0.2257719673216343,1.5524,1
4nec2-models/zz_MiniNec/HFmultiband/MULTDPW.nec,ok,ok,0.3070641113445163,0.19214923400431871,1.5981,1
4nec2-models/zz_MiniNec/HFmultiband/QuadsUA4IF.nec,ok,ok,0.4122018376365304,0.2667977372184396,1.5450,1
4nec2-models/zz_MiniNec/HFmultiband/SHOEBOX.nec,ok,ok,0.009032309986650944,0.007225009612739086,,0
4nec2-models/zz_MiniNec/HFmultiband/TribandQQ.nec,ok,ok,0.4817120572552085,0.2165381321683526,2.2246,1
4nec2-models/zz_MiniNec/HFmultiband/WARC open sleeve dip.nec,ok,ok,0.28590969555079937,0.18038878031075,1.5850,1
4nec2-models/zz_MiniNec/HFshort/05 lamda  deform  GP witn feed line.nec,ok,ok,0.2840139642357826,0.18153604958206415,1.5645,1
4nec2-models/zz_MiniNec/HFshort/28_21_14v3.nec,ok,ok,0.004394472576677799,0.004503295756876469,,0
4nec2-models/zz_MiniNec/HFshort/3el short Yagj W1FBY.nec,ok,ok,0.027945700101554394,0.01925471145659685,,0
4nec2-models/zz_MiniNec/HFshort/4X4NJ -1.nec,ok,ok,0.0041970545426011086,0.004415879026055336,,0
4nec2-models/zz_MiniNec/HFshort/80mDLsh.nec,ok,ok,0.21947510913014412,0.14152962900698185,1.5507,1
4nec2-models/zz_MiniNec/HFshort/Auto with GP.nec,ok,ok,0.13768976833671331,0.09359338972717524,1.4711,1
4nec2-models/zz_MiniNec/HFshort/Dipol3_5-7.nec,ok,ok,0.2712182020768523,0.17337313573807478,1.5644,1
4nec2-models/zz_MiniNec/HFshort/Fractal_1.nec,ok,ok,0.3034404432401061,0.19167420361191034,1.5831,1
4nec2-models/zz_MiniNec/HFshort/Gp40short rad.nec,ok,ok,0.23671510349959135,0.15299154445528984,1.5472,1
4nec2-models/zz_MiniNec/HFshort/Lineload75.nec,ok,ok,0.14588455576449633,0.09497460722923279,1.5360,1
4nec2-models/zz_MiniNec/HFshort/MCQM.nec,ok,ok,0.16061114892363548,0.09343412332236767,1.7190,1
4nec2-models/zz_MiniNec/HFshort/QQ21-14short.nec,ok,ok,0.20344855822622776,0.13085505086928606,1.5548,1
4nec2-models/zz_MiniNec/HFshort/SLOPER.nec,ok,ok,0.07884073257446289,0.05336507968604565,1.4774,1
4nec2-models/zz_MiniNec/HFshort/TRIHAT.nec,ok,ok,0.19345861207693815,0.12435665167868137,1.5557,1
4nec2-models/zz_MiniNec/HFshort/TopCap75.nec,ok,ok,0.08615744486451149,0.058867343701422215,1.4636,1
4nec2-models/zz_MiniNec/HFshort/VDP40.nec,ok,ok,0.07947763986885548,0.052981759421527386,1.5001,1
4nec2-models/zz_MiniNec/HFshort/VDP40B.nec,ok,ok,0.07960070669651031,0.053503504022955894,1.4878,1
4nec2-models/zz_MiniNec/HFshort/VDP40C.nec,ok,ok,0.08199979271739721,0.055639030411839485,1.4738,1
4nec2-models/zz_MiniNec/HFshort/W2EEY.nec,ok,ok,0.039157094433903694,0.02418475318700075,,0
4nec2-models/zz_MiniNec/HFshort/WA1MKP.nec,ok,ok,0.21060910820960999,0.13533591199666262,1.5562,1
4nec2-models/zz_MiniNec/HFshort/field day GP short.nec,ok,ok,0.2124273832887411,0.13675092719495296,1.5534,1
4nec2-models/zz_MiniNec/HFshort/short vetr75.nec,ok,ok,0.15670614130795002,0.10256228316575289,1.5279,1
4nec2-models/zz_MiniNec/HFsimple/160m vert gnd tower.nec,ok,ok,0.4079363979399204,0.25893295742571354,1.5755,1
4nec2-models/zz_MiniNec/HFsimple/80mDLdouble.nec,ok,ok,0.021367225795984268,0.014057686552405357,,0
4nec2-models/zz_MiniNec/HFsimple/CB5_8 lambda.nec,ok,ok,0.09605536051094532,0.06489260960370302,1.4802,1
4nec2-models/zz_MiniNec/HFsimple/COLLINEA.nec,ok,ok,0.23344127647578716,0.15043152123689651,1.5518,1
4nec2-models/zz_MiniNec/HFsimple/DIPOL160.nec,ok,ok,0.3109012320637703,0.20101452432572842,1.5467,1
4nec2-models/zz_MiniNec/HFsimple/DP160LD.nec,ok,ok,0.003399590030312538,0.0036213044077157974,,0
4nec2-models/zz_MiniNec/HFsimple/DP20.nec,ok,ok,0.08034838363528252,0.05386266764253378,1.4917,1
4nec2-models/zz_MiniNec/HFsimple/Delta-Gamma.nec,ok,ok,0.00482532475143671,0.004709089174866676,,0
4nec2-models/zz_MiniNec/HFsimple/FD20.nec,ok,ok,0.006481479853391647,0.006332572549581528,,0
4nec2-models/zz_MiniNec/HFsimple/GP with gamma match.nec,ok,ok,0.07683726120740175,0.05173810664564371,1.4851,1
4nec2-models/zz_MiniNec/HFsimple/GP40.nec,ok,ok,0.2791218599304557,0.17780080158263445,1.5699,1
4nec2-models/zz_MiniNec/HFsimple/GP40S.nec,ok,ok,0.19221594650298357,0.12441546842455864,1.5450,1
4nec2-models/zz_MiniNec/HFsimple/Hcollinear14.nec,ok,ok,0.006105704233050346,0.005265938118100166,,0
4nec2-models/zz_MiniNec/HFsimple/Hiquad.nec,ok,ok,0.005211373791098595,0.00498097762465477,,0
4nec2-models/zz_MiniNec/HFsimple/J-ant28.nec,ok,ok,0.08766574691981077,0.05787937808781862,1.5146,1
4nec2-models/zz_MiniNec/HFsimple/LAZY-H.nec,ok,ok,0.0085529126226902,0.006857241503894329,,0
4nec2-models/zz_MiniNec/HFsimple/LONDQUAD.nec,ok,ok,0.30557750165462494,0.1953427754342556,1.5643,1
4nec2-models/zz_MiniNec/HFsimple/LOOP20.nec,ok,ok,0.00392276793718338,0.004318078979849815,,0
4nec2-models/zz_MiniNec/HFsimple/LOOP20C.nec,ok,ok,0.0037909606471657753,0.004087403416633606,,0
4nec2-models/zz_MiniNec/HFsimple/Piramida.nec,ok,ok,0.2142184255644679,0.13918046094477177,1.5391,1
4nec2-models/zz_MiniNec/HFsimple/VERT20.nec,ok,ok,0.07965026888996363,0.05306966230273247,1.5009,1
4nec2-models/zz_MiniNec/HFsimple/VERT20M.nec,ok,ok,0.08298882283270359,0.05576529074460268,1.4882,1
4nec2-models/zz_MiniNec/HFsimple/VERT53.nec,ok,ok,0.09195544756948948,0.06102003902196884,1.5070,1
4nec2-models/zz_MiniNec/HFsimple/VERT58.nec,ok,ok,0.08855402749031782,0.059288764372467995,1.4936,1
4nec2-models/zz_MiniNec/HFsimple/VP2E 40m.nec,ok,ok,0.2702195094898343,0.17267270106822252,1.5649,1
4nec2-models/zz_MiniNec/HFsimple/VP2E-CW.nec,ok,ok,0.2981523582711816,0.1922655375674367,1.5507,1
4nec2-models/zz_MiniNec/HFsimple/Vcollinear28.nec,ok,ok,0.1923114713281393,0.12407021969556808,1.5500,1
4nec2-models/zz_MiniNec/HFsimple/Vert20s.nec,ok,ok,0.07995329983532429,0.05377730168402195,1.4867,1
4nec2-models/zz_MiniNec/HFsimple/VertUA3SFH.nec,ok,ok,0.08075643610209227,0.05439196806401014,1.4847,1
4nec2-models/zz_MiniNec/HFsimple/WINDOM.nec,ok,ok,0.023474734276533127,0.013688820414245129,,0
4nec2-models/zz_MiniNec/HFsimple/end feer dipole.nec,ok,ok,0.27213193010538816,0.17498070653527975,1.5552,1
4nec2-models/zz_MiniNec/HFsimple/wideInvV80.nec,ok,ok,0.3702268162742257,0.21384912263602018,1.7313,1
4nec2-models/zz_MiniNec/MagLoops/MAGLOOPT.nec,ok,ok,0.1687039379030466,0.05683159735053778,2.9685,1
4nec2-models/zz_MiniNec/Stacks/2X6EL10.nec,ok,ok,0.26051607821136713,0.0885204579681158,2.9430,1
4nec2-models/zz_MiniNec/Stacks/2x4elTwin Delta Loop 145 MHz.nec,ok,ok,0.19818114954978228,0.11351086478680372,1.7459,1
4nec2-models/zz_MiniNec/Stacks/4X12.nec,ok,ok,0.0377727672457695,0.026194754987955093,,0
4nec2-models/zz_MiniNec/Stacks/4xQQ.nec,ok,ok,0.2975149042904377,0.15827785059809685,1.8797,1
4nec2-models/zz_MiniNec/Stacks/syack3el20.nec,ok,ok,0.12807480432093143,0.0770310452207923,1.6626,1
4nec2-models/zz_MiniNec/Stacks/zigzag2x10 el 2 m.nec,ok,ok,0.06535004451870918,0.038205916061997414,,0
4nec2-models/zz_MiniNec/VHFbeams/12CQ430.nec,ok,ok,0.0712840985506773,0.04214281402528286,,0
4nec2-models/zz_MiniNec/VHFbeams/12EL23CM.nec,ok,ok,0.03251228481531143,0.0214898232370615,,0
4nec2-models/zz_MiniNec/VHFbeams/12EL430.nec,ok,ok,0.008161717094480991,0.006919367238879204,,0
4nec2-models/zz_MiniNec/VHFbeams/144-5Yagi.nec,ok,ok,0.006253644824028015,0.005611572414636612,,0
4nec2-models/zz_MiniNec/VHFbeams/15EL23CM.nec,ok,ok,0.02500888705253601,0.01572268269956112,,0
4nec2-models/zz_MiniNec/VHFbeams/3DQ6.nec,ok,ok,0.015635727904736996,0.013020612299442291,,0
4nec2-models/zz_MiniNec/VHFbeams/3HENT.nec,ok,ok,0.01574715133756399,0.011602473445236683,,0
4nec2-models/zz_MiniNec/VHFbeams/4DELTA6.nec,ok,ok,0.018504350446164608,0.012901509180665016,,0
4nec2-models/zz_MiniNec/VHFbeams/4X12.nec,ok,ok,0.0380283510312438,0.026195908896625042,,0
4nec2-models/zz_MiniNec/VHFbeams/5CQ2.nec,ok,ok,0.01861046440899372,0.013308634050190449,,0
4nec2-models/zz_MiniNec/VHFbeams/5ELTWIND.nec,ok,ok,0.06911259330809116,0.04226558282971382,,0
4nec2-models/zz_MiniNec/VHFbeams/6EL6MW.nec,ok,ok,0.007459161803126335,0.006388378329575062,,0
4nec2-models/zz_MiniNec/VHFbeams/7EL6M.nec,ok,ok,0.008951447904109955,0.007294472306966782,,0
4nec2-models/zz_MiniNec/VHFbeams/7elQuad_GW4CQT.nec,ok,ok,0.29114553332328796,0.11671428102999926,2.4945,1
4nec2-models/zz_MiniNec/VHFbeams/8EL2MW.nec,ok,ok,0.06005776207894087,0.032065545208752155,,0
4nec2-models/zz_MiniNec/VHFbeams/8EL6M.nec,ok,ok,0.010613294318318367,0.00845752377063036,,0
4nec2-models/zz_MiniNec/VHFbeams/8EL6MW.nec,ok,ok,0.011877822689712048,0.008918915875256062,,0
4nec2-models/zz_MiniNec/VHFbeams/Crosspol144.nec,ok,ok,0.02003976982086897,0.010191635228693485,,0
4nec2-models/zz_MiniNec/VHFbeams/DK7ZB-2.nec,ok,ok,0.007825642824172974,0.0050325170159339905,,0
4nec2-models/zz_MiniNec/VHFbeams/MIRROR.nec,ok,ok,2.462109923362732,1.5012350417673588,1.6401,1
4nec2-models/zz_MiniNec/VHFbeams/USN_StarGP.nec,ok,ok,0.007292699068784714,0.006209069862961769,,0
4nec2-models/zz_MiniNec/VHFbeams/f9ft-2-uu4jcr.nec,ok,ok,0.22805011551827192,0.10762348212301731,2.1190,1
4nec2-models/zz_MiniNec/VHFbeams/f9ft-21-432.nec,ok,ok,0.023855317384004593,0.07196007762104273,,0
4nec2-models/zz_MiniNec/VHFsimple/144OMNI.nec,ok,ok,0.003699825145304203,0.11802388820797205,,0
4nec2-models/zz_MiniNec/VHFsimple/6SKYDOOR.nec,ok,ok,0.0047282008454203606,0.022156971506774426,,0
4nec2-models/zz_MiniNec/VHFsimple/CR2.nec,ok,ok,0.10829844605177641,0.06789963133633137,1.5950,1
4nec2-models/zz_MiniNec/VHFsimple/Discon55-200.nec,ok,ok,0.008039562031626701,0.007665447890758514,,0
4nec2-models/zz_MiniNec/VHFsimple/GP144-435.nec,ok,ok,0.10833281464874744,0.07047009561210871,1.5373,1
4nec2-models/zz_MiniNec/VHFsimple/HENTENNA.nec,ok,ok,0.2124788761138916,0.13583740405738354,1.5642,1
4nec2-models/zz_MiniNec/VHFsimple/Helix145.nec,ok,ok,0.10587289836257696,0.06860607955604792,1.5432,1
4nec2-models/zz_MiniNec/VHFsimple/Isotrop2.nec,ok,ok,0.03538296930491924,0.021657741628587246,,0
4nec2-models/zz_MiniNec/VHFsimple/J-ant144.nec,ok,ok,0.009122795425355434,0.006598205305635929,,0
4nec2-models/zz_MiniNec/VHFsimple/TWIND.nec,ok,ok,0.004128758795559406,0.004289987497031689,,0
4nec2-models/zz_MiniNec/VHFsimple/TWINLOOP.nec,ok,ok,0.0038764197379350662,0.0040929317474365234,,0
antenna-modeling/2el-yagi-freespace.nec,ok,ok,0.801606971770525,0.6870189616456628,1.1668,1
antenna-modeling/2el-yagi-halfwl.nec,ok,ok,0.868231556378305,0.7674577673897147,1.1313,1
antenna-modeling/2el-yagi-high.nec,ok,ok,0.8853631382808089,0.7680892944335938,1.1527,1
antenna-modeling/2m-sat-yagi/2m-sat-candidate1-crossed.nec,ok,ok,4.660356323234737,3.3308616196736693,1.3991,1
antenna-modeling/2m-sat-yagi/2m-sat-candidate1-drivenonly-long.nec,ok,ok,1.809173557907343,1.6325835241004825,1.1082,1
antenna-modeling/2m-sat-yagi/2m-sat-candidate1-drivenonly.nec,ok,ok,1.8767847996205091,1.69123999401927,1.1097,1
antenna-modeling/2m-sat-yagi/2m-sat-candidate1-inorder.nec,ok,ok,4.640112981200218,3.258697571232915,1.4239,1
antenna-modeling/2m-sat-yagi/2m-sat-candidate1.nec,ok,ok,2.242585456930101,1.6685803094878793,1.3440,1
antenna-modeling/2m-sat-yagi/2m-sat-candidate2-folded-drivenonly.nec,ok,ok,2.5940549978986382,2.1969603011384606,1.1807,1
antenna-modeling/2m-sat-yagi/2m-sat-candidate2-thick-crossed-wide.nec,ok,ok,23.465950122103095,16.219091637060046,1.4468,1
antenna-modeling/2m-sat-yagi/2m-sat-candidate2-thick-crossed.nec,ok,ok,5.86701344512403,4.082375844940543,1.4372,1
antenna-modeling/2m-sat-yagi/2m-sat-candidate2-thick-folded-inorder.nec,ok,ok,2.5909913685172796,1.930900332517922,1.3419,1
antenna-modeling/2m-sat-yagi/2m-sat-candidate2-thin-folded-inorder.nec,ok,ok,2.613167761825025,1.9304909612983465,1.3536,1
antenna-modeling/2m-sat-yagi/bar.nec,ok,ok,5.941430035978556,4.084153656847775,1.4548,1
antenna-modeling/2m-sat-yagi/foo.nec,ok,ok,1.0529022887349129,0.9271489642560482,1.1356,1
antenna-modeling/2m-sat-yagi/thick-300.nec,ok,ok,1.1035628616809845,0.9350751983001828,1.1802,1
antenna-modeling/2m-sat-yagi/thick-clearboom.nec,ok,ok,2.62171237077564,2.165192943997681,1.2108,1
antenna-modeling/2m-sat-yagi/thin-5.nec,ok,ok,1.1115484982728958,0.969262189231813,1.1468,1
antenna-modeling/2m-sat-yagi/thin-clearboom.nec,ok,ok,2.5689060762524605,2.2057058745995164,1.1647,1
antenna-modeling/2m-sat-yagi/thin.nec,ok,ok,1.064206724986434,0.8604380199685693,1.2368,1
antenna-modeling/2m-yagi-5el-calculated.nec,ok,ok,1.000285418704152,0.7418717769905925,1.3483,1
antenna-modeling/2m-yagi-test1.nec,ok,ok,1.1157319471240044,0.8811595728620887,1.2662,1
antenna-modeling/General 6-Band G3TXQ Broadband Hex Beam.nec,ok,ok,0.837275086902082,0.33786612935364246,2.4781,1
antenna-modeling/barry.nec,ok,ok,0.630144071765244,0.46635616943240166,1.3512,1
antenna-modeling/biqdfeed-fixed.nec,ok,ok,11.802093180827796,8.096071127802134,1.4578,1
antenna-modeling/dipole-10m-gutters.nec,ok,ok,1.3586598858237267,0.999216522090137,1.3597,1
antenna-modeling/dipole-10m.nec,ok,ok,0.47499850764870644,0.40502010099589825,1.1728,1
antenna-modeling/dipole-12m.nec,ok,ok,0.29119177628308535,0.2476777695119381,1.1757,1
antenna-modeling/dipole-15m.nec,ok,ok,1.1869107158854604,1.0105570936575532,1.1745,1
antenna-modeling/dipole-17m.nec,ok,ok,0.28345279954373837,0.24456665385514498,1.1590,1
antenna-modeling/dipole-20m-gutters.nec,ok,ok,2.5417536944150925,1.856700086966157,1.3690,1
antenna-modeling/dipole-20m.nec,ok,ok,0.9185979142785072,0.7924751304090023,1.1592,1
antenna-modeling/dipole-30m-gutters.nec,ok,ok,0.6867510480806231,0.5692243669182062,1.2065,1
antenna-modeling/dipole-30m.nec,ok,ok,0.24952587950974703,0.21367547381669283,1.1678,1
antenna-modeling/dipole-40m-gutters.nec,ok,ok,1.9783834274858236,1.4753437163308263,1.3410,1
antenna-modeling/dipole-40m.nec,ok,ok,0.7261453345417976,0.6205894509330392,1.1701,1
antenna-modeling/dipole-80m-gutters.nec,ok,ok,3.1748379236087203,2.175738680176437,1.4592,1
antenna-modeling/dipole-80m.nec,ok,ok,1.1879043197259307,1.0091581344604492,1.1771,1
antenna-modeling/dipole-sample-freespace.nec,ok,ok,0.5996887441724539,0.6073999712243676,0.9873,1
antenna-modeling/dipole-sample-halfwl.nec,ok,ok,0.6975445719435811,0.5927840350195765,1.1767,1
antenna-modeling/dipole-sample.nec,ok,ok,0.6436783606186509,0.6452284343540668,0.9976,1
antenna-modeling/foo.nec,ok,ok,1.0780566204339266,0.8290711510926485,1.3003,1
antenna-modeling/force12-C3-10m-roof.nec,ok,ok,1.2191422767937183,0.9213054589927197,1.3233,1
antenna-modeling/force12-C3-10m-tower.nec,ok,ok,1.217847433872521,0.9303767988458276,1.3090,1
antenna-modeling/force12-C3-12m-roof.nec,ok,ok,0.7682123426347971,0.5736497212201357,1.3392,1
antenna-modeling/force12-C3-12m-tower.nec,ok,ok,0.7365609901025891,0.5626005744561553,1.3092,1
antenna-modeling/force12-C3-15m-roof.nec,ok,ok,3.0098213218152523,2.3023560028523207,1.3073,1
antenna-modeling/force12-C3-15m-tower.nec,ok,ok,3.0153453601524234,2.3433768339455128,1.2868,1
antenna-modeling/force12-C3-17m-roof.nec,ok,ok,0.7290245499461889,0.5966359041631222,1.2219,1
antenna-modeling/force12-C3-17m-tower.nec,ok,ok,0.7693096045404673,0.551131384447217,1.3959,1
antenna-modeling/force12-C3-20m-roof.nec,ok,ok,2.2840157905593514,1.727134382352233,1.3224,1
antenna-modeling/force12-C3-20m-tower.nec,ok,ok,2.309436555020511,1.7817289410158992,1.2962,1
antenna-modeling/force12-C3.nec,ok,ok,2.0699639935046434,1.6206963285803795,1.2772,1
antenna-modeling/gbhoyt.nec,ok,ok,35.597310532815754,23.567568235099316,1.5104,1
antenna-modeling/hexbeam-20m.nec,ok,ok,1.1801183447241783,0.9650933435186744,1.2228,1
antenna-modeling/log_per.nec,ok,ok,0.13477191608399153,0.09938602242618799,1.3560,1
antenna-modeling/rotatable-dipole-40m.nec,ok,ok,0.7013279795646667,0.5914587061852217,1.1858,1
antenna-modeling/vertical-sample.nec,ok,ok,14.153680981136858,6.674829367548227,2.1205,1
antenna-modeling/yagi.nec,ok,ok,1.0791791453957558,0.8492070082575083,1.2708,1
antenna-modeling/yagitools/2m-sat-candidate1-crossed.nec,ok,ok,2.302454050630331,1.6199713284149766,1.4213,1
antenna-modeling/yagitools/2m-sat-candidate1-drivenonly.nec,ok,ok,1.8859487297013402,1.6315940525382757,1.1559,1
antenna-modeling/yagitools/2m-sat-candidate1-inorder.nec,ok,ok,2.2955063097178936,1.6727046947926283,1.3723,1
antenna-modeling/yagitools/2m-sat-candidate1.nec,ok,ok,1.1468575075268745,0.8338672230020165,1.3753,1
antenna-modeling/yagitools/ON6MU-adjusted.nec,ok,ok,6.660674140788615,5.2050559455528855,1.2797,1
antenna-modeling/yagitools/ON6MU-adjusted2.nec,ok,ok,6.634925439953804,4.959332603029907,1.3379,1
antenna-modeling/yagitools/ON6MU-adjusted3.nec,ok,ok,6.692692500539124,5.094458998180926,1.3137,1
antenna-modeling/yagitools/ON6MU-adjusted4-allthick.nec,ok,ok,2.275892917998135,1.7526242388412356,1.2986,1
antenna-modeling/yagitools/ON6MU-adjusted4-refthick.nec,ok,ok,2.2146507035940886,1.6556161334738135,1.3377,1
antenna-modeling/yagitools/ON6MU-adjusted4.nec,ok,ok,2.2369901733472943,1.6914300629869103,1.3225,1
antenna-modeling/yagitools/ON6MU.nec,ok,ok,6.712168508209288,4.97821291256696,1.3483,1
antenna-modeling/yagitools/dipole.nec,ok,ok,0.4983850661665201,0.4237710312008858,1.1761,1
antenna-modeling/yagitools/foo.nec,ok,ok,0.9410204570740461,0.7216855892911553,1.3039,1
arcanum/dumbbell-ori.nec,ok,ok,0.02387239784002304,0.021326735615730286,,0
arcanum/half-wave-dipole.nec,ok,ok,0.015403663739562035,0.01525624468922615,,0
arcanum/yagi-3el.nec,ok,ok,0.019805616699159145,0.018522283993661404,,0
arrl/DIP.nec,ok,ok,0.006017139181494713,0.006263464689254761,,0
arrl/LOOP.nec,ok-no-source,ok-no-source,0.0029655704274773598,0.0034030303359031677,,0
arrl/LPER.nec,ok,ok,0.03596880752593279,0.030857338570058346,,0
arrl/W1JR.nec,ok,ok,0.030917112715542316,0.020716103725135326,,0
arthurcadore/dipole/SimpleReflector.nec,ok,ok,0.0032614367082715034,0.00371648371219635,,0
arthurcadore/dipole/phaseShift16Arragement.nec,ok,ok,0.04546061530709267,0.026075086556375027,,0
arthurcadore/dipole/simple2Arragment.nec,ok,ok,0.003800753504037857,0.003984458744525909,,0
arthurcadore/dipole/simple4Arragment.nec,ok,ok,0.005771566182374954,0.00516529381275177,,0
arthurcadore/dipole/turnStile.nec,ok,ok,0.006008433178067207,0.005316616035997868,,0
arthurcadore/helical/helical-simple.nec,ok,ok,0.08862810023128986,0.07102780230343342,1.2478,1
arthurcadore/yagiUda/yagi4Directors.nec,ok,ok,0.008633874356746674,0.006839299574494362,,0
cebik-w4rnl/Basic-Intermediate-Tutorial-Models/EZNEC/partc/20-6-4.nec,ok,ok,0.012042691931128502,0.008878218941390514,,0
cebik-w4rnl/Basic-Intermediate-Tutorial-Models/Tutorial-1/1-1.nec,ok,ok,0.2720588864758611,0.17596956435590982,1.5461,1
cebik-w4rnl/Basic-Intermediate-Tutorial-Models/Tutorial-1/10-1-1.nec,ok,ok,0.014178463257849216,0.011488132178783417,,0
cebik-w4rnl/Basic-Intermediate-Tutorial-Models/Tutorial-1/10-1-2.nec,ok,ok,0.014023138210177422,0.011665722355246544,,0
cebik-w4rnl/Basic-Intermediate-Tutorial-Models/Tutorial-1/10-1-3.nec,ok,ok,0.014049612917006016,0.011522920802235603,,0
cebik-w4rnl/Basic-Intermediate-Tutorial-Models/Tutorial-1/10-1-3A.nec,ok,ok,0.01414024829864502,0.011466240510344505,,0
cebik-w4rnl/Basic-Intermediate-Tutorial-Models/Tutorial-1/10-1-4.nec,ok,ok,0.01415214966982603,0.011572208255529404,,0
cebik-w4rnl/Basic-Intermediate-Tutorial-Models/Tutorial-1/10-2-1.nec,ok,ok,0.031268888153135777,0.019303779117763042,,0
cebik-w4rnl/Basic-Intermediate-Tutorial-Models/Tutorial-1/10-2-2.nec,ok,ok,0.028200426138937473,0.019296690821647644,,0
cebik-w4rnl/Basic-Intermediate-Tutorial-Models/Tutorial-1/10-2-3.nec,ok,ok,0.028556608594954014,0.019379379227757454,,0
cebik-w4rnl/Basic-Intermediate-Tutorial-Models/Tutorial-1/10-2-3A.nec,ok,ok,0.05340493097901344,0.03327435255050659,,0
cebik-w4rnl/Basic-Intermediate-Tutorial-Models/Tutorial-1/10-2-4.nec,ok,ok,0.028577077202498913,0.019310317002236843,,0
cebik-w4rnl/Basic-Intermediate-Tutorial-Models/Tutorial-1/10-3-1.nec,ok,ok,0.012359553016722202,0.010062580928206444,,0
cebik-w4rnl/Basic-Intermediate-Tutorial-Models/Tutorial-1/10-3-2.nec,ok,ok,0.00513820257037878,0.005453887395560741,,0
cebik-w4rnl/Basic-Intermediate-Tutorial-Models/Tutorial-1/10-4-1.nec,ok,ok,0.009040419943630695,0.007743545807898045,,0
cebik-w4rnl/Basic-Intermediate-Tutorial-Models/Tutorial-1/10-4-2.nec,ok,ok,0.009408003650605679,0.007882677018642426,,0
cebik-w4rnl/Basic-Intermediate-Tutorial-Models/Tutorial-1/10-5-1.nec,ok,ok,0.007339391857385635,0.007099166512489319,,0
cebik-w4rnl/Basic-Intermediate-Tutorial-Models/Tutorial-1/10-5-2.nec,ok,ok,0.007353058084845543,0.0070478953421115875,,0
cebik-w4rnl/Basic-Intermediate-Tutorial-Models/Tutorial-1/11-1-1.nec,ok,ok,0.08192702010273933,0.04692486487329006,,0
cebik-w4rnl/Basic-Intermediate-Tutorial-Models/Tutorial-1/11-1-2.nec,ok,ok,0.3088059648871422,0.15919735189527273,1.9398,1
cebik-w4rnl/Basic-Intermediate-Tutorial-Models/Tutorial-1/11-1-3.nec,ok,ok,0.3111172094941139,0.15895324852317572,1.9573,1
cebik-w4rnl/Basic-Intermediate-Tutorial-Models/Tutorial-1/11-1.nec,ok,ok,0.05231557320803404,0.03245605994015932,,0
cebik-w4rnl/Basic-Intermediate-Tutorial-Models/Tutorial-1/11-2-1.nec,ok,ok,0.2761271456256509,0.17689485661685467,1.5610,1
cebik-w4rnl/Basic-Intermediate-Tutorial-Models/Tutorial-1/11-2.nec,ok,ok,0.006512059830129147,0.006426168605685234,,0
cebik-w4rnl/Basic-Intermediate-Tutorial-Models/Tutorial-1/11-3-1.nec,ok,ok,0.309609018266201,0.33881476428359747,0.9138,1
cebik-w4rnl/Basic-Intermediate-Tutorial-Models/Tutorial-1/11-3.nec,ok,ok,0.012767700478434563,0.10794451553374529,,0
cebik-w4rnl/Basic-Intermediate-Tutorial-Models/Tutorial-1/11-4.nec,ok,ok,0.009448333643376827,0.09752883203327656,,0
cebik-w4rnl/Basic-Intermediate-Tutorial-Models/Tutorial-1/11-5.nec,ok,ok,0.01259603537619114,0.09243625961244106,,0
cebik-w4rnl/Basic-Intermediate-Tutorial-Models/Tutorial-1/11-6-1.nec,ok,ok,0.3087763749063015,0.2880202131345868,1.0721,1
cebik-w4rnl/Basic-Intermediate-Tutorial-Models/Tutorial-1/11-6.nec,ok,ok,0.3092734646052122,0.28700195252895355,1.0776,1
cebik-w4rnl/Basic-Intermediate-Tutorial-Models/Tutorial-1/11-7-1.nec,ok,ok,0.25516293197870255,0.13674900773912668,1.8659,1
cebik-w4rnl/Basic-Intermediate-Tutorial-Models/Tutorial-1/11-7.nec,ok,ok,0.25970303546637297,0.09784385561943054,2.6543,1
cebik-w4rnl/Basic-Intermediate-Tutorial-Models/Tutorial-1/11-8-1.nec,ok,ok,0.1696767946705222,0.05462315119802952,3.1063,1
cebik-w4rnl/Basic-Intermediate-Tutorial-Models/Tutorial-1/11-8-1a.nec,ok,ok,0.16963906958699226,0.05444937385618687,3.1155,1
cebik-w4rnl/Basic-Intermediate-Tutorial-Models/Tutorial-1/11-8-1b.nec,ok,ok,0.17044106125831604,0.0510716550052166,3.3373,1
cebik-w4rnl/Basic-Intermediate-Tutorial-Models/Tutorial-1/11-8-1c.nec,ok,ok,0.1850717943161726,0.05146840959787369,3.5958,1
cebik-w4rnl/Basic-Intermediate-Tutorial-Models/Tutorial-1/11-8.nec,ok,ok,0.08117409516125917,0.05454782955348492,1.4881,1
cebik-w4rnl/Basic-Intermediate-Tutorial-Models/Tutorial-1/11-8a.nec,ok,ok,0.08178949449211359,0.054692394100129604,1.4954,1
cebik-w4rnl/Basic-Intermediate-Tutorial-Models/Tutorial-1/12-1.nec,ok,ok,0.0050295088440179825,0.005200078710913658,,0
cebik-w4rnl/Basic-Intermediate-Tutorial-Models/Tutorial-1/12-1A.nec,ok,ok,0.0052351029589772224,0.0053116073831915855,,0
cebik-w4rnl/Basic-Intermediate-Tutorial-Models/Tutorial-1/12-2.nec,ok,ok,0.007170954719185829,0.005277334712445736,,0
cebik-w4rnl/Basic-Intermediate-Tutorial-Models/Tutorial-1/12-2A.nec,ok,ok,0.005198176018893719,0.005372998304665089,,0
cebik-w4rnl/Basic-Intermediate-Tutorial-Models/Tutorial-1/12-3-1.nec,ok,ok,0.0102643221616745,0.00870450958609581,,0
cebik-w4rnl/Basic-Intermediate-Tutorial-Models/Tutorial-1/12-3.nec,ok,ok,0.01013222523033619,0.00874455738812685,,0
cebik-w4rnl/Basic-Intermediate-Tutorial-Models/Tutorial-1/12-4-1.nec,ok,ok,0.007098725996911526,0.005855505354702473,,0
cebik-w4rnl/Basic-Intermediate-Tutorial-Models/Tutorial-1/12-4-2.nec,ok,ok,0.006010085344314575,0.005718030966818333,,0
cebik-w4rnl/Basic-Intermediate-Tutorial-Models/Tutorial-1/12-4.nec,ok,ok,0.006211136467754841,0.005895950831472874,,0
cebik-w4rnl/Basic-Intermediate-Tutorial-Models/Tutorial-1/12-5-14.nec,ok,ok,0.4202989786863327,0.18988335691392422,2.2135,1
cebik-w4rnl/Basic-Intermediate-Tutorial-Models/Tutorial-1/12-5-18.nec,ok,ok,0.38821782544255257,0.1768561750650406,2.1951,1
cebik-w4rnl/Basic-Intermediate-Tutorial-Models/Tutorial-1/12-5-24.nec,ok,ok,0.3036684300750494,0.12510312907397747,2.4273,1
cebik-w4rnl/Basic-Intermediate-Tutorial-Models/Tutorial-1/12-5-28.nec,ok,ok,0.3041652701795101,0.12272634450346231,2.4784,1
cebik-w4rnl/Basic-Intermediate-Tutorial-Models/Tutorial-1/12-5.nec,ok,ok,0.3829825706779957,0.17905176151543856,2.1389,1
cebik-w4rnl/Basic-Intermediate-Tutorial-Models/Tutorial-1/12-6-1.nec,ok,ok,0.00545104406774044,0.005736577324569225,,0
cebik-w4rnl/Basic-Intermediate-Tutorial-Models/Tutorial-1/12-6.nec,ok,ok,0.005125632509589195,0.005331079475581646,,0
cebik-w4rnl/Basic-Intermediate-Tutorial-Models/Tutorial-1/12-6A.nec,ok,ok,0.005478742532432079,0.005708648823201656,,0
cebik-w4rnl/Basic-Intermediate-Tutorial-Models/Tutorial-1/12-7.nec,ok,ok,0.014104513451457024,0.011083284392952919,,0
cebik-w4rnl/Basic-Intermediate-Tutorial-Models/Tutorial-1/12-7A.nec,ok,ok,0.03575195651501417,0.023372627794742584,,0
cebik-w4rnl/Basic-Intermediate-Tutorial-Models/Tutorial-1/12-7B.nec,ok,ok,0.07182603143155575,0.04312845878303051,,0
cebik-w4rnl/Basic-Intermediate-Tutorial-Models/Tutorial-1/13-1-1.nec,ok,ok,0.005027052015066147,0.005266145803034306,,0
cebik-w4rnl/Basic-Intermediate-Tutorial-Models/Tutorial-1/13-1.nec,ok,ok,0.004957079887390137,0.005230499431490898,,0
cebik-w4rnl/Basic-Intermediate-Tutorial-Models/Tutorial-1/13-2-1.nec,ok,ok,0.0068977149203419685,0.006616617552936077,,0
cebik-w4rnl/Basic-Intermediate-Tutorial-Models/Tutorial-1/13-2.nec,ok,ok,0.005046048201620579,0.0053044650703668594,,0
cebik-w4rnl/Basic-Intermediate-Tutorial-Models/Tutorial-1/13-2a.nec,ok,ok,0.005354695953428745,0.005526436492800713,,0
cebik-w4rnl/Basic-Intermediate-Tutorial-Models/Tutorial-1/13-3-1.nec,ok,ok,0.007795718498528004,0.007192743010818958,,0
cebik-w4rnl/Basic-Intermediate-Tutorial-Models/Tutorial-1/13-3.nec,ok,ok,0.007758120074868202,0.007248851470649242,,0
cebik-w4rnl/Basic-Intermediate-Tutorial-Models/Tutorial-1/13-4-1.nec,ok,ok,0.012627108953893185,0.010412751697003841,,0
cebik-w4rnl/Basic-Intermediate-Tutorial-Models/Tutorial-1/13-4.nec,ok,ok,0.012637811712920666,0.012945170514285564,,0
cebik-w4rnl/Basic-Intermediate-Tutorial-Models/Tutorial-1/13-5.nec,ok,ok,0.007760120555758476,0.007668953388929367,,0
cebik-w4rnl/Basic-Intermediate-Tutorial-Models/Tutorial-1/13-6.nec,ok,ok,0.2797417053952813,0.17960071843117476,1.5576,1
cebik-w4rnl/Basic-Intermediate-Tutorial-Models/Tutorial-1/13-7-1.nec,ok,ok,0.29068547394126654,0.1869718935340643,1.5547,1
cebik-w4rnl/Basic-Intermediate-Tutorial-Models/Tutorial-1/13-7.nec,ok,ok,0.27949985582381487,0.17908266745507717,1.5607,1
cebik-w4rnl/Basic-Intermediate-Tutorial-Models/Tutorial-1/13-7a.nec,ok,ok,0.27916841208934784,0.17901996709406376,1.5594,1
cebik-w4rnl/Basic-Intermediate-Tutorial-Models/Tutorial-1/13-8-1.nec,ok,ok,0.009507209062576294,0.008569187484681606,,0
cebik-w4rnl/Basic-Intermediate-Tutorial-Models/Tutorial-1/13-8-1a.nec,ok,ok,0.039667919278144836,0.0328248580917716,,0
cebik-w4rnl/Basic-Intermediate-Tutorial-Models/Tutorial-1/13-8-2.nec,ok,ok,0.009538711048662663,0.008616743609309196,,0
cebik-w4rnl/Basic-Intermediate-Tutorial-Models/Tutorial-1/13-8-2a.nec,ok,ok,0.042138840071856976,0.032883177511394024,,0
cebik-w4rnl/Basic-Intermediate-Tutorial-Models/Tutorial-1/13-8.nec,ok,ok,0.009435761719942093,0.015204881317913532,,0
cebik-w4rnl/Basic-Intermediate-Tutorial-Models/Tutorial-1/13-8a.nec,ok,ok,0.039781032130122185,0.032769263722002506,,0
cebik-w4rnl/Basic-Intermediate-Tutorial-Models/Tutorial-1/13-9-10.nec,ok,ok,0.009427221491932869,0.008511549793183804,,0
cebik-w4rnl/Basic-Intermediate-Tutorial-Models/Tutorial-1/13-9-20.nec,ok,ok,0.008979137055575848,0.007942143827676773,,0
cebik-w4rnl/Basic-Intermediate-Tutorial-Models/Tutorial-1/14-1-1.nec,ok,ok,0.6949786711484194,0.43961787316948175,1.5809,1
cebik-w4rnl/Basic-Intermediate-Tutorial-Models/Tutorial-1/14-1-2.nec,ok,ok,0.6938578495755792,0.4418278755620122,1.5704,1
cebik-w4rnl/Basic-Intermediate-Tutorial-Models/Tutorial-1/14-1-3.nec,ok,ok,0.6955376481637359,0.4429415203630924,1.5703,1
cebik-w4rnl/Basic-Intermediate-Tutorial-Models/Tutorial-1/14-1.nec,ok,ok,0.32272767648100853,0.21020539663732052,1.5353,1
cebik-w4rnl/Basic-Intermediate-Tutorial-Models/Tutorial-1/14-2-1.nec,ok,ok,0.013156086206436157,0.01013918500393629,,0
cebik-w4rnl/Basic-Intermediate-Tutorial-Models/Tutorial-1/14-2.nec,ok,ok,0.00999225489795208,0.008535034023225307,,0
cebik-w4rnl/Basic-Intermediate-Tutorial-Models/Tutorial-1/14-3-1.nec,ok,ok,0.02044201549142599,0.01911137066781521,,0
cebik-w4rnl/Basic-Intermediate-Tutorial-Models/Tutorial-1/14-3-2.nec,ok,ok,0.020842645317316055,0.01960575021803379,,0
cebik-w4rnl/Basic-Intermediate-Tutorial-Models/Tutorial-1/14-3.nec,ok,ok,0.019669403322041035,0.01765554863959551,,0
cebik-w4rnl/Basic-Intermediate-Tutorial-Models/Tutorial-1/14-4-1.nec,ok,ok,1.0748312016949058,0.6739034112542868,1.5949,1
cebik-w4rnl/Basic-Intermediate-Tutorial-Models/Tutorial-1/14-4-2.nec,ok,ok,1.0802240911871195,0.6777819041162729,1.5938,1
cebik-w4rnl/Basic-Intermediate-Tutorial-Models/Tutorial-1/14-4.nec,ok,ok,1.0769230388104916,0.6784679312258959,1.5873,1
cebik-w4rnl/Basic-Intermediate-Tutorial-Models/Tutorial-1/14-5-1.nec,ok,ok,0.07249709591269493,0.04543646890670061,,0
cebik-w4rnl/Basic-Intermediate-Tutorial-Models/Tutorial-1/14-5-2.nec,ok,ok,0.07517531421035528,0.04853731952607632,,0
cebik-w4rnl/Basic-Intermediate-Tutorial-Models/Tutorial-1/14-5-3.nec,ok,ok,0.07559454441070557,0.04806651547551155,,0
cebik-w4rnl/Basic-Intermediate-Tutorial-Models/Tutorial-1/14-5.nec,ok,ok,0.021112609654664993,0.014813139103353024,,0
cebik-w4rnl/Basic-Intermediate-Tutorial-Models/Tutorial-1/14-6-1.nec,ok,ok,0.021290396340191364,0.019361235201358795,,0
cebik-w4rnl/Basic-Intermediate-Tutorial-Models/Tutorial-1/14-6.nec,ok,ok,0.005902010947465897,0.0058259861543774605,,0
cebik-w4rnl/Basic-Intermediate-Tutorial-Models/Tutorial-1/15-1-1.nec,ok,ok,0.008076350204646587,0.00726714264601469,,0
cebik-w4rnl/Basic-Intermediate-Tutorial-Models/Tutorial-1/15-1.nec,ok,ok,0.007726076990365982,0.006494106724858284,,0
cebik-w4rnl/Basic-Intermediate-Tutorial-Models/Tutorial-1/15-1A.nec,ok,ok,0.006544832140207291,0.005873572081327438,,0
cebik-w4rnl/Basic-Intermediate-Tutorial-Models/Tutorial-1/15-1B.nec,ok,ok,0.005535870790481567,0.00520176999270916,,0
cebik-w4rnl/Basic-Intermediate-Tutorial-Models/Tutorial-1/15-1C.nec,ok,ok,0.004732213914394379,0.004750043153762817,,0
cebik-w4rnl/Basic-Intermediate-Tutorial-Models/Tutorial-1/15-1D.nec,ok,ok,0.0042092520743608475,0.004374622367322445,,0
cebik-w4rnl/Basic-Intermediate-Tutorial-Models/Tutorial-1/15-2-12P.nec,ok,ok,0.015089677646756172,0.011223970912396908,,0
cebik-w4rnl/Basic-Intermediate-Tutorial-Models/Tutorial-1/15-2-12S.nec,ok,ok,0.009975561872124672,0.00819346308708191,,0
cebik-w4rnl/Basic-Intermediate-Tutorial-Models/Tutorial-1/15-2-16P.nec,ok,ok,0.019251175224781036,0.01394697930663824,,0
cebik-w4rnl/Basic-Intermediate-Tutorial-Models/Tutorial-1/15-2-16S.nec,ok,ok,0.011661809869110584,0.009148250333964825,,0
cebik-w4rnl/Basic-Intermediate-Tutorial-Models/Tutorial-1/15-2-24P.nec,ok,ok,0.029712073504924774,0.020411723293364048,,0
cebik-w4rnl/Basic-Intermediate-Tutorial-Models/Tutorial-1/15-2-24S.nec,ok,ok,0.01579202339053154,0.011788441799581051,,0
cebik-w4rnl/Basic-Intermediate-Tutorial-Models/Tutorial-1/15-2-32P.nec,ok,ok,0.04312816169112921,0.028547693975269794,,0
cebik-w4rnl/Basic-Intermediate-Tutorial-Models/Tutorial-1/15-2-32S.nec,ok,ok,0.020200783386826515,0.015111970715224743,,0
cebik-w4rnl/Basic-Intermediate-Tutorial-Models/Tutorial-1/15-2-3P.nec,ok,ok,0.0084078973159194,0.007112633436918259,,0
cebik-w4rnl/Basic-Intermediate-Tutorial-Models/Tutorial-1/15-2-3S.nec,ok,ok,0.006954895332455635,0.006062377244234085,,0
cebik-w4rnl/Basic-Intermediate-Tutorial-Models/Tutorial-1/15-2-4P.nec,ok,ok,0.009270883165299892,0.007585722021758556,,0
cebik-w4rnl/Basic-Intermediate-Tutorial-Models/Tutorial-1/15-2-4S.nec,ok,ok,0.007117715664207935,0.0063349418342113495,,0
cebik-w4rnl/Basic-Intermediate-Tutorial-Models/Tutorial-1/15-2-6P.nec,ok,ok,0.009868413209915161,0.008179157972335815,,0
cebik-w4rnl/Basic-Intermediate-Tutorial-Models/Tutorial-1/15-2-6S.nec,ok,ok,0.007803665474057198,0.0066725146025419235,,0
cebik-w4rnl/Basic-Intermediate-Tutorial-Models/Tutorial-1/15-2-8P.nec,ok,ok,0.0113158468157053,0.009171904064714909,,0
cebik-w4rnl/Basic-Intermediate-Tutorial-Models/Tutorial-1/15-2-8S.nec,ok,ok,0.008447389118373394,0.007196064107120037,,0
cebik-w4rnl/Basic-Intermediate-Tutorial-Models/Tutorial-1/15-3-1.nec,ok,ok,0.005870396271348,0.005828384310007095,,0
cebik-w4rnl/Basic-Intermediate-Tutorial-Models/Tutorial-1/15-3-1A.nec,ok,ok,0.10164294485002756,0.06698375288397074,1.5174,1
cebik-w4rnl/Basic-Intermediate-Tutorial-Models/Tutorial-1/15-3-1B.nec,ok,ok,0.09833531640470028,0.06156596262007952,1.5972,1
cebik-w4rnl/Basic-Intermediate-Tutorial-Models/Tutorial-1/15-3-1C.nec,ok,ok,0.0882889935746789,0.0573278097435832,1.5401,1
cebik-w4rnl/Basic-Intermediate-Tutorial-Models/Tutorial-1/15-3-2.nec,ok,ok,0.009008277207612991,0.007865282706916332,,0
cebik-w4rnl/Basic-Intermediate-Tutorial-Models/Tutorial-1/15-3-2A.nec,ok,ok,0.12762957159429789,0.08035628963261843,1.5883,1
cebik-w4rnl/Basic-Intermediate-Tutorial-Models/Tutorial-1/15-3-2B.nec,ok,ok,0.11748880799859762,0.07432311121374369,1.5808,1
cebik-w4rnl/Basic-Intermediate-Tutorial-Models/Tutorial-1/15-3-2C.nec,ok,ok,0.11277645081281662,0.07054893299937248,1.5986,1
cebik-w4rnl/Basic-Intermediate-Tutorial-Models/Tutorial-1/15-3-3.nec,ok,ok,0.017516836524009705,0.015033314004540443,,0
cebik-w4rnl/Basic-Intermediate-Tutorial-Models/Tutorial-1/15-3-3A.nec,ok,ok,0.21171520836651325,0.12493515480309725,1.6946,1
cebik-w4rnl/Basic-Intermediate-Tutorial-Models/Tutorial-1/15-3-3B.nec,ok,ok,0.19790771044790745,0.11717317625880241,1.6890,1
cebik-w4rnl/Basic-Intermediate-Tutorial-Models/Tutorial-1/15-3-3C.nec,ok,ok,0.18952284194529057,0.11229728534817696,1.6877,1
cebik-w4rnl/Basic-Intermediate-Tutorial-Models/Tutorial-1/15-3-4.nec,ok,ok,0.04839979950338602,0.03911703824996948,,0
cebik-w4rnl/Basic-Intermediate-Tutorial-Models/Tutorial-1/15-3-4A.nec,ok,ok,0.5188554059714079,0.28407979384064674,1.8264,1
cebik-w4rnl/Basic-Intermediate-Tutorial-Models/Tutorial-1/15-3-4b.nec,ok,ok,0.4872985705733299,0.27082454040646553,1.7993,1
cebik-w4rnl/Basic-Intermediate-Tutorial-Models/Tutorial-1/15-3-4c.nec,ok,ok,0.4611058384180069,0.2615593848749995,1.7629,1
cebik-w4rnl/Basic-Intermediate-Tutorial-Models/Tutorial-1/15-4-0.nec,ok,ok,0.09304675739258528,0.06151194218546152,1.5127,1
cebik-w4rnl/Basic-Intermediate-Tutorial-Models/Tutorial-1/15-4-0a.nec,ok,ok,0.2848891392350197,0.1785873295739293,1.5952,1
cebik-w4rnl/Basic-Intermediate-Tutorial-Models/Tutorial-1/15-4-0b.nec,ok,ok,0.28385686222463846,0.17771378438919783,1.5973,1
cebik-w4rnl/Basic-Intermediate-Tutorial-Models/Tutorial-1/15-4-0c.nec,ok,ok,0.2828185623511672,0.17791230883449316,1.5897,1
cebik-w4rnl/Basic-Intermediate-Tutorial-Models/Tutorial-1/15-4-30.nec,ok,ok,0.09189749509096146,0.06148479972034693,1.4946,1
cebik-w4rnl/Basic-Intermediate-Tutorial-Models/Tutorial-1/15-4-30a.nec,ok,ok,0.28058290760964155,0.17854716442525387,1.5715,1
cebik-w4rnl/Basic-Intermediate-Tutorial-Models/Tutorial-1/15-4-30b.nec,ok,ok,0.28030820470303297,0.18953975848853588,1.4789,1
cebik-w4rnl/Basic-Intermediate-Tutorial-Models/Tutorial-1/15-4-45.nec,ok,ok,0.0928936367854476,0.06150295026600361,1.5104,1
cebik-w4rnl/Basic-Intermediate-Tutorial-Models/Tutorial-1/15-4-45a.nec,ok,ok,0.1895006811246276,0.12371757533401251,1.5317,1
cebik-w4rnl/Basic-Intermediate-Tutorial-Models/Tutorial-1/15-4-45b.nec,ok,ok,0.19050016067922115,0.12367396336048841,1.5403,1
cebik-w4rnl/Basic-Intermediate-Tutorial-Models/Tutorial-1/15-4-60.nec,ok,ok,0.08980071730911732,0.0620786352083087,1.4466,1
cebik-w4rnl/Basic-Intermediate-Tutorial-Models/Tutorial-1/15-4-60a.nec,ok,ok,0.19123371597379446,0.12343336548656225,1.5493,1
cebik-w4rnl/Basic-Intermediate-Tutorial-Models/Tutorial-1/15-4-60b.nec,ok,ok,0.1893238127231598,0.12296657543629408,1.5396,1
cebik-w4rnl/Basic-Intermediate-Tutorial-Models/Tutorial-1/15-5-32.nec,ok,ok,0.5968909496441483,0.38417602702975273,1.5537,1
cebik-w4rnl/Basic-Intermediate-Tutorial-Models/Tutorial-1/15-5-32A.nec,ok,ok,0.5954538295045495,0.3833693005144596,1.5532,1
cebik-w4rnl/Basic-Intermediate-Tutorial-Models/Tutorial-1/15-5-32B.nec,ok,ok,0.5965992165729403,0.38466428499668837,1.5510,1
cebik-w4rnl/Basic-Intermediate-Tutorial-Models/Tutorial-1/15-5-32C.nec,ok,ok,0.5844696080312133,0.3810996674001217,1.5336,1
cebik-w4rnl/Basic-Intermediate-Tutorial-Models/Tutorial-1/15-5-4.nec,ok,ok,0.2816346390172839,0.18025862332433462,1.5624,1
cebik-w4rnl/Basic-Intermediate-Tutorial-Models/Tutorial-1/15-5-4A.nec,ok,ok,0.2796152252703905,0.1800028793513775,1.5534,1
cebik-w4rnl/Basic-Intermediate-Tutorial-Models/Tutorial-1/15-5-4B.nec,ok,ok,0.28007150162011385,0.1796518387272954,1.5590,1
cebik-w4rnl/Basic-Intermediate-Tutorial-Models/Tutorial-1/15-5-4C.nec,ok,ok,0.27918876335024834,0.18012440390884876,1.5500,1
cebik-w4rnl/Basic-Intermediate-Tutorial-Models/Tutorial-1/15-6-1.nec,ok,ok,0.004546997137367725,0.004691720008850098,,0
cebik-w4rnl/Basic-Intermediate-Tutorial-Models/Tutorial-1/15-6-1a.nec,ok,ok,0.004399259574711323,0.0047576818615198135,,0
cebik-w4rnl/Basic-Intermediate-Tutorial-Models/Tutorial-1/15-6-1b.nec,ok,ok,0.004388275556266308,0.004710490815341473,,0
cebik-w4rnl/Basic-Intermediate-Tutorial-Models/Tutorial-1/15-6-1c.nec,ok,ok,0.004437853582203388,0.004778494127094746,,0
cebik-w4rnl/Basic-Intermediate-Tutorial-Models/Tutorial-1/15-6-2a.nec,ok,ok,0.5968648996204138,0.38664744887501,1.5437,1
cebik-w4rnl/Basic-Intermediate-Tutorial-Models/Tutorial-1/15-6-2b.nec,ok,ok,0.5933572137728333,0.38570352643728256,1.5384,1
cebik-w4rnl/Basic-Intermediate-Tutorial-Models/Tutorial-1/15-6-2c.nec,ok,ok,0.5996763650327921,0.3859056243672967,1.5539,1
cebik-w4rnl/Basic-Intermediate-Tutorial-Models/Tutorial-1/16-1-1.nec,ok,ok,0.006763310171663761,0.006286635063588619,,0
cebik-w4rnl/Basic-Intermediate-Tutorial-Models/Tutorial-1/16-1-2.nec,ok,ok,0.006542163901031017,0.006822117604315281,,0
cebik-w4rnl/Basic-Intermediate-Tutorial-Models/Tutorial-1/16-2-1.nec,ok,ok,0.006223388947546482,0.0059579480439424515,,0
cebik-w4rnl/Basic-Intermediate-Tutorial-Models/Tutorial-1/16-2-2.nec,ok,ok,0.6108147511258721,0.3916073190048337,1.5598,1
cebik-w4rnl/Basic-Intermediate-Tutorial-Models/Tutorial-1/16-3-1.nec,ok,ok,0.20352818351238966,0.13319996651262045,1.5280,1
cebik-w4rnl/Basic-Intermediate-Tutorial-Models/Tutorial-1/16-3.nec,ok,ok,0.0800240421667695,0.054723079316318035,1.4623,1
cebik-w4rnl/Basic-Intermediate-Tutorial-Models/Tutorial-1/16-4.nec,ok,ok,0.2029964979737997,0.13420638907700777,1.5126,1
cebik-w4rnl/Basic-Intermediate-Tutorial-Models/Tutorial-1/16-5-1.nec,ok,ok,0.010891963727772236,0.00864244345575571,,0
cebik-w4rnl/Basic-Intermediate-Tutorial-Models/Tutorial-1/16-5-2.nec,ok,ok,0.6092929979786277,0.3804109748452902,1.6017,1
cebik-w4rnl/Basic-Intermediate-Tutorial-Models/Tutorial-1/16-5.nec,ok,ok,0.011797716841101646,0.009295618161559105,,0
cebik-w4rnl/Basic-Intermediate-Tutorial-Models/Tutorial-1/16-6-1.nec,ok,ok,0.2868956085294485,0.18647908978164196,1.5385,1
cebik-w4rnl/Basic-Intermediate-Tutorial-Models/Tutorial-1/16-6-2.nec,ok,ok,0.38860992807894945,0.25763866025954485,1.5084,1
cebik-w4rnl/Basic-Intermediate-Tutorial-Models/Tutorial-1/16-6-3.nec,ok,ok,0.28786802291870117,0.18465936928987503,1.5589,1
cebik-w4rnl/Basic-Intermediate-Tutorial-Models/Tutorial-1/16-7-1.nec,ok,ok,0.29424590431153774,0.1897998470813036,1.5503,1
cebik-w4rnl/Basic-Intermediate-Tutorial-Models/Tutorial-1/16-7-2.nec,ok,ok,0.30062310863286257,0.19321969710290432,1.5559,1
cebik-w4rnl/Basic-Intermediate-Tutorial-Models/Tutorial-1/17-1-1.nec,ok,ok,0.3042812282219529,0.19508607871830463,1.5597,1
cebik-w4rnl/Basic-Intermediate-Tutorial-Models/Tutorial-1/17-1.nec,ok,ok,0.3093653069809079,0.19984037335962057,1.5481,1
cebik-w4rnl/Basic-Intermediate-Tutorial-Models/Tutorial-1/17-2-1.nec,ok,ok,0.41943492740392685,0.2692334819585085,1.5579,1
cebik-w4rnl/Basic-Intermediate-Tutorial-Models/Tutorial-1/17-2.nec,ok,ok,0.32737833075225353,0.2148461127653718,1.5238,1
cebik-w4rnl/Basic-Intermediate-Tutorial-Models/Tutorial-1/17-3-1.nec,ok,ok,0.3368705492466688,0.21534230187535286,1.5643,1
cebik-w4rnl/Basic-Intermediate-Tutorial-Models/Tutorial-1/17-3.nec,ok,ok,0.33580605033785105,0.21330664679408073,1.5743,1
cebik-w4rnl/Basic-Intermediate-Tutorial-Models/Tutorial-1/17-4-1.nec,ok,ok,0.16731790453195572,0.09817825071513653,1.7042,1
cebik-w4rnl/Basic-Intermediate-Tutorial-Models/Tutorial-1/17-4-2.nec,ok,ok,0.16635072976350784,0.09853500593453646,1.6882,1
cebik-w4rnl/Basic-Intermediate-Tutorial-Models/Tutorial-1/17-4.nec,ok,ok,0.10773593373596668,0.07014083955436945,1.5360,1
cebik-w4rnl/Basic-Intermediate-Tutorial-Models/Tutorial-1/17-5.nec,ok,ok,0.24818038009107113,0.13004330731928349,1.9084,1
cebik-w4rnl/Basic-Intermediate-Tutorial-Models/Tutorial-1/17-6.nec,ok,ok,0.17038646154105663,0.10384466778486967,1.6408,1
cebik-w4rnl/Basic-Intermediate-Tutorial-Models/Tutorial-1/17-7-1.nec,ok,ok,0.8365990975871682,0.46426751650869846,1.8020,1
cebik-w4rnl/Basic-Intermediate-Tutorial-Models/Tutorial-1/17-7-2.nec,ok,ok,0.8712757201865315,0.4767090380191803,1.8277,1
cebik-w4rnl/Basic-Intermediate-Tutorial-Models/Tutorial-1/17-7-2a.nec,ok,ok,0.6915562292560935,0.3072073273360729,2.2511,1
cebik-w4rnl/Basic-Intermediate-Tutorial-Models/Tutorial-1/17-7-3.nec,ok,ok,0.7990634283050895,0.44394497759640217,1.7999,1
cebik-w4rnl/Basic-Intermediate-Tutorial-Models/Tutorial-1/17-7.nec,ok,ok,0.9159751776605844,0.5018635373562574,1.8251,1
cebik-w4rnl/Basic-Intermediate-Tutorial-Models/Tutorial-1/17-8-1.nec,ok,ok,1.6003344738855958,0.7473438698798418,2.1414,1
cebik-w4rnl/Basic-Intermediate-Tutorial-Models/Tutorial-1/17-8.nec,ok,ok,1.71611356921494,0.758767981082201,2.2617,1
cebik-w4rnl/Basic-Intermediate-Tutorial-Models/Tutorial-1/18-1-1.nec,ok,ok,0.01838972046971321,0.01762727089226246,,0
cebik-w4rnl/Basic-Intermediate-Tutorial-Models/Tutorial-1/18-1.nec,ok,ok,0.01878375466912985,0.017682796344161034,,0
cebik-w4rnl/Basic-Intermediate-Tutorial-Models/Tutorial-1/18-10-1.nec,ok,ok,0.028542157262563705,0.023011513985693455,,0
cebik-w4rnl/Basic-Intermediate-Tutorial-Models/Tutorial-1/18-10.nec,ok,ok,0.02783122844994068,0.02286197803914547,,0
cebik-w4rnl/Basic-Intermediate-Tutorial-Models/Tutorial-1/18-1a.nec,ok,ok,0.015725514851510525,0.01531212031841278,,0
cebik-w4rnl/Basic-Intermediate-Tutorial-Models/Tutorial-1/18-2-1.nec,ok,ok,0.01858513616025448,0.017587571404874325,,0
cebik-w4rnl/Basic-Intermediate-Tutorial-Models/Tutorial-1/18-2.nec,ok,ok,0.018615180626511574,0.017703663557767868,,0
cebik-w4rnl/Basic-Intermediate-Tutorial-Models/Tutorial-1/18-2a.nec,ok,ok,0.023714945651590824,0.02243520598858595,,0
cebik-w4rnl/Basic-Intermediate-Tutorial-Models/Tutorial-1/18-3-1.nec,ok,ok,0.019276956096291542,0.018271722830832005,,0
cebik-w4rnl/Basic-Intermediate-Tutorial-Models/Tutorial-1/18-3-2.nec,ok,ok,0.019227097742259502,0.018294503912329674,,0
cebik-w4rnl/Basic-Intermediate-Tutorial-Models/Tutorial-1/18-3-3.nec,ok,ok,0.019258911721408367,0.01832640916109085,,0
cebik-w4rnl/Basic-Intermediate-Tutorial-Models/Tutorial-1/18-3.nec,ok,ok,0.005958846770226955,0.005940601229667664,,0
cebik-w4rnl/Basic-Intermediate-Tutorial-Models/Tutorial-1/18-4.nec,ok,ok,0.030953562818467617,0.026347766630351543,,0
cebik-w4rnl/Basic-Intermediate-Tutorial-Models/Tutorial-1/18-5.nec,ok,ok,0.030590522103011608,0.02619894500821829,,0
cebik-w4rnl/Basic-Intermediate-Tutorial-Models/Tutorial-1/18-6.nec,ok,ok,0.09768061805516481,0.06672505475580692,1.4639,1
cebik-w4rnl/Basic-Intermediate-Tutorial-Models/Tutorial-1/18-7.nec,ok,ok,0.1536750653758645,0.09758025873452425,1.5749,1
cebik-w4rnl/Basic-Intermediate-Tutorial-Models/Tutorial-1/18-8-1.nec,ok,ok,0.18635455425828695,0.10714494064450264,1.7393,1
cebik-w4rnl/Basic-Intermediate-Tutorial-Models/Tutorial-1/18-8-2.nec,ok,ok,0.18615531455725431,0.10796372219920158,1.7242,1
cebik-w4rnl/Basic-Intermediate-Tutorial-Models/Tutorial-1/18-8-3.nec,ok,ok,0.18555578961968422,0.1063834885135293,1.7442,1
cebik-w4rnl/Basic-Intermediate-Tutorial-Models/Tutorial-1/18-8-4.nec,ok,ok,0.18529279809445143,0.1063223909586668,1.7427,1
cebik-w4rnl/Basic-Intermediate-Tutorial-Models/Tutorial-1/18-8.nec,ok,ok,0.11093160230666399,0.07090088911354542,1.5646,1
cebik-w4rnl/Basic-Intermediate-Tutorial-Models/Tutorial-1/18-9.nec,ok,ok,0.03575159702450037,0.027819386683404446,,0
cebik-w4rnl/Basic-Intermediate-Tutorial-Models/Tutorial-1/19-1.nec,ok,ok,0.009474122896790504,0.008615061640739441,,0
cebik-w4rnl/Basic-Intermediate-Tutorial-Models/Tutorial-1/19-2-1.nec,ok,ok,0.07850773446261883,0.0718151880428195,1.0932,1
cebik-w4rnl/Basic-Intermediate-Tutorial-Models/Tutorial-1/19-2.nec,ok,ok,0.07887779921293259,0.05845917947590351,1.3493,1
cebik-w4rnl/Basic-Intermediate-Tutorial-Models/Tutorial-1/19-3-1.nec,ok,ok,0.006018009036779404,0.005983315408229828,,0
cebik-w4rnl/Basic-Intermediate-Tutorial-Models/Tutorial-1/19-3.nec,ok,ok,0.0074599385261535645,0.008394730277359486,,0
cebik-w4rnl/Basic-Intermediate-Tutorial-Models/Tutorial-1/19-4-1.nec,ok,ok,0.19120875000953674,0.11471400689333677,1.6668,1
cebik-w4rnl/Basic-Intermediate-Tutorial-Models/Tutorial-1/19-4.nec,ok,ok,0.1903675403445959,0.1144510330632329,1.6633,1
cebik-w4rnl/Basic-Intermediate-Tutorial-Models/Tutorial-1/19-5.nec,ok,ok,0.127772088162601,0.08010371122509241,1.5951,1
cebik-w4rnl/Basic-Intermediate-Tutorial-Models/Tutorial-1/19-6-1.nec,ok,ok,0.009344502352178097,0.008070060983300209,,0
cebik-w4rnl/Basic-Intermediate-Tutorial-Models/Tutorial-1/19-6-2.nec,ok,ok,0.013152788393199444,0.010521833784878254,,0
cebik-w4rnl/Basic-Intermediate-Tutorial-Models/Tutorial-1/19-6-3.nec,ok,ok,0.017917266115546227,0.013585195876657963,,0
cebik-w4rnl/Basic-Intermediate-Tutorial-Models/Tutorial-1/19-6.nec,ok,ok,0.013331668451428413,0.010522802360355854,,0
cebik-w4rnl/Basic-Intermediate-Tutorial-Models/Tutorial-1/19-7.nec,ok,ok,0.011392930522561073,0.009772889316082,,0
cebik-w4rnl/Basic-Intermediate-Tutorial-Models/Tutorial-1/2-1.nec,ok,ok,0.005463691428303719,0.005616019479930401,,0
cebik-w4rnl/Basic-Intermediate-Tutorial-Models/Tutorial-1/2-2.nec,ok,ok,0.09403183404356241,0.06231308076530695,1.5090,1
cebik-w4rnl/Basic-Intermediate-Tutorial-Models/Tutorial-1/2-3.nec,ok,ok,0.33802388701587915,0.21506926510483027,1.5717,1
cebik-w4rnl/Basic-Intermediate-Tutorial-Models/Tutorial-1/2-4.nec,ok,ok,0.009063206613063812,0.007902958430349827,,0
cebik-w4rnl/Basic-Intermediate-Tutorial-Models/Tutorial-1/2-5.nec,ok,ok,0.30673360358923674,0.19718620367348194,1.5556,1
cebik-w4rnl/Basic-Intermediate-Tutorial-Models/Tutorial-1/2-6.nec,ok,ok,0.015700542367994785,0.011272919364273548,,0
cebik-w4rnl/Basic-Intermediate-Tutorial-Models/Tutorial-1/20-1-1.nec,ok,ok,0.06660904083400965,0.03690907545387745,,0
cebik-w4rnl/Basic-Intermediate-Tutorial-Models/Tutorial-1/20-1-2.nec,ok,ok,0.06452206615358591,0.03700900822877884,,0
cebik-w4rnl/Basic-Intermediate-Tutorial-Models/Tutorial-1/20-1.nec,ok,ok,0.010133868083357811,0.009145783260464668,,0
cebik-w4rnl/Basic-Intermediate-Tutorial-Models/Tutorial-1/20-2-1.nec,ok,ok,0.07032991107553244,0.04242582060396671,,0
cebik-w4rnl/Basic-Intermediate-Tutorial-Models/Tutorial-1/20-2-2.nec,ok,ok,0.04450203571468592,0.028627228923141956,,0
cebik-w4rnl/Basic-Intermediate-Tutorial-Models/Tutorial-1/20-2-3.nec,ok,ok,0.037244727835059166,0.024408480152487755,,0
cebik-w4rnl/Basic-Intermediate-Tutorial-Models/Tutorial-1/20-2-4.nec,ok,ok,0.02293720655143261,0.017742756754159927,,0
cebik-w4rnl/Basic-Intermediate-Tutorial-Models/Tutorial-1/20-2.nec,ok,ok,0.10180784855037928,0.06008987408131361,1.6943,1
cebik-w4rnl/Basic-Intermediate-Tutorial-Models/Tutorial-1/20-3-1.nec,ok,ok,0.013233979232609272,0.010822362266480923,,0
cebik-w4rnl/Basic-Intermediate-Tutorial-Models/Tutorial-1/20-3-2.nec,ok,ok,0.016178643330931664,0.012680529616773129,,0
cebik-w4rnl/Basic-Intermediate-Tutorial-Models/Tutorial-1/20-4-1.nec,ok,ok,0.03155985753983259,0.02138106618076563,,0
cebik-w4rnl/Basic-Intermediate-Tutorial-Models/Tutorial-1/20-4-2.nec,ok,ok,0.031276267021894455,0.021446282975375652,,0
cebik-w4rnl/Basic-Intermediate-Tutorial-Models/Tutorial-1/20-4-3.nec,ok,ok,0.1012679161503911,0.05759403482079506,1.7583,1
cebik-w4rnl/Basic-Intermediate-Tutorial-Models/Tutorial-1/20-4-4.nec,ok,ok,0.09889314230531454,0.061012525111436844,1.6209,1
cebik-w4rnl/Basic-Intermediate-Tutorial-Models/Tutorial-1/20-4.nec,ok,ok,0.013173774816095829,0.010726340115070343,,0
cebik-w4rnl/Basic-Intermediate-Tutorial-Models/Tutorial-1/20-5-1.nec,ok,ok,0.03688778541982174,0.027144520543515682,,0
cebik-w4rnl/Basic-Intermediate-Tutorial-Models/Tutorial-1/20-5-2.nec,ok,ok,0.0662291944026947,0.03853141702711582,,0
cebik-w4rnl/Basic-Intermediate-Tutorial-Models/Tutorial-1/20-5-3.nec,ok,ok,0.12649898044764996,0.06741401832550764,1.8764,1
cebik-w4rnl/Basic-Intermediate-Tutorial-Models/Tutorial-1/20-5-4.nec,ok,ok,0.1776469275355339,0.09102088492363691,1.9517,1
cebik-w4rnl/Basic-Intermediate-Tutorial-Models/Tutorial-1/20-5-5.nec,ok,ok,0.5867525096982718,0.28539674263447523,2.0559,1
cebik-w4rnl/Basic-Intermediate-Tutorial-Models/Tutorial-1/20-6-1.nec,ok,ok,0.004983105696737766,0.005186405964195728,,0
cebik-w4rnl/Basic-Intermediate-Tutorial-Models/Tutorial-1/20-6-1A.nec,ok,ok,0.006136957556009293,0.005544527433812618,,0
cebik-w4rnl/Basic-Intermediate-Tutorial-Models/Tutorial-1/20-6-2.nec,ok,ok,0.012803359888494015,0.010286634787917137,,0
cebik-w4rnl/Basic-Intermediate-Tutorial-Models/Tutorial-1/20-6-2A.nec,ok,ok,0.05070130340754986,0.028185074217617512,,0
cebik-w4rnl/Basic-Intermediate-Tutorial-Models/Tutorial-1/20-6-3.nec,ok,ok,0.006316659040749073,0.0062051694840192795,,0
cebik-w4rnl/Basic-Intermediate-Tutorial-Models/Tutorial-1/20-6-3A.nec,ok,ok,0.012222406454384327,0.009074549190700054,,0
cebik-w4rnl/Basic-Intermediate-Tutorial-Models/Tutorial-1/20-6-4.nec,ok,ok,0.007578137330710888,0.0069262441247701645,,0
cebik-w4rnl/Basic-Intermediate-Tutorial-Models/Tutorial-1/20-6-4A.nec,ok,ok,0.01826394535601139,0.012097610160708427,,0
cebik-w4rnl/Basic-Intermediate-Tutorial-Models/Tutorial-1/20-7.nec,ok,ok,0.5789123335853219,0.4063002932816744,1.4248,1
cebik-w4rnl/Basic-Intermediate-Tutorial-Models/Tutorial-1/20-8-1.nec,ok,ok,0.0050006890669465065,0.005135765299201012,,0
cebik-w4rnl/Basic-Intermediate-Tutorial-Models/Tutorial-1/20-8-2.nec,ok,ok,0.006641088053584099,0.006504250690340996,,0
cebik-w4rnl/Basic-Intermediate-Tutorial-Models/Tutorial-1/20-8-3.nec,ok,ok,0.00959702953696251,0.00821754615753889,,0
cebik-w4rnl/Basic-Intermediate-Tutorial-Models/Tutorial-1/21-1-1.nec,ok,ok,0.04867846891283989,0.03271545469760895,,0
cebik-w4rnl/Basic-Intermediate-Tutorial-Models/Tutorial-1/21-1.nec,ok,ok,0.0183411268517375,0.014364173635840416,,0
cebik-w4rnl/Basic-Intermediate-Tutorial-Models/Tutorial-1/21-2-1.nec,ok,ok,0.062167917378246784,0.03856521099805832,,0
cebik-w4rnl/Basic-Intermediate-Tutorial-Models/Tutorial-1/21-2-2.nec,ok,ok,0.02157481200993061,0.008531931787729263,,0
cebik-w4rnl/Basic-Intermediate-Tutorial-Models/Tutorial-1/21-2-3.nec,ok,ok,0.1554585499688983,0.09785972256213427,1.5886,1
cebik-w4rnl/Basic-Intermediate-Tutorial-Models/Tutorial-1/21-2-4.nec,ok,ok,0.010360508225858212,0.026911412365734577,,0
cebik-w4rnl/Basic-Intermediate-Tutorial-Models/Tutorial-1/21-2-5.nec,ok,ok,0.06237767077982426,0.03866279125213623,,0
cebik-w4rnl/Basic-Intermediate-Tutorial-Models/Tutorial-1/21-3-1.nec,ok,ok,0.00496575515717268,0.005038978531956673,,0
cebik-w4rnl/Basic-Intermediate-Tutorial-Models/Tutorial-1/21-3-2.nec,ok,ok,0.006070619449019432,0.005841336213052273,,0
cebik-w4rnl/Basic-Intermediate-Tutorial-Models/Tutorial-1/21-3-3.nec,ok,ok,0.009378223679959774,0.008084150962531567,,0
cebik-w4rnl/Basic-Intermediate-Tutorial-Models/Tutorial-1/21-3-4.nec,ok,ok,0.06868910975754261,0.04073782451450825,,0
cebik-w4rnl/Basic-Intermediate-Tutorial-Models/Tutorial-1/21-4-1.nec,ok,ok,0.04150399658828974,0.026808127760887146,,0
cebik-w4rnl/Basic-Intermediate-Tutorial-Models/Tutorial-1/21-4-2.nec,ok,ok,0.042400981299579144,0.027698760852217674,,0
cebik-w4rnl/Basic-Intermediate-Tutorial-Models/Tutorial-1/21-4-3.nec,ok,ok,0.042497401125729084,0.0273665152490139,,0
cebik-w4rnl/Basic-Intermediate-Tutorial-Models/Tutorial-1/21-4-4.nec,ok,ok,0.22787900175899267,0.1376226618885994,1.6558,1
cebik-w4rnl/Basic-Intermediate-Tutorial-Models/Tutorial-1/21-4-5.nec,ok,ok,0.04336906224489212,0.02801915630698204,,0
cebik-w4rnl/Basic-Intermediate-Tutorial-Models/Tutorial-1/21-4.nec,ok,ok,0.04141827113926411,0.027115939185023308,,0
cebik-w4rnl/Basic-Intermediate-Tutorial-Models/Tutorial-1/21-5-1.nec,ok,ok,0.006243187002837658,0.005698247812688351,,0
cebik-w4rnl/Basic-Intermediate-Tutorial-Models/Tutorial-1/21-5-2.nec,ok,ok,0.18749173916876316,0.102510467171669,1.8290,1
cebik-w4rnl/Basic-Intermediate-Tutorial-Models/Tutorial-1/21-5-3.nec,ok,ok,0.19841174315661192,0.10073968209326267,1.9695,1
cebik-w4rnl/Basic-Intermediate-Tutorial-Models/Tutorial-1/21-5.nec,ok,ok,0.005461578257381916,0.005730443634092808,,0
cebik-w4rnl/Basic-Intermediate-Tutorial-Models/Tutorial-1/3-1.nec,ok,ok,0.005509877577424049,0.005593183450400829,,0
cebik-w4rnl/Basic-Intermediate-Tutorial-Models/Tutorial-1/3-2.nec,ok,ok,0.08234168589115143,0.054832776077091694,1.5017,1
cebik-w4rnl/Basic-Intermediate-Tutorial-Models/Tutorial-1/3-3.nec,ok,ok,0.09802470356225967,0.06475885678082705,1.5137,1
cebik-w4rnl/Basic-Intermediate-Tutorial-Models/Tutorial-1/3-4.nec,ok,ok,0.06528471782803535,0.0487268241122365,,0
cebik-w4rnl/Basic-Intermediate-Tutorial-Models/Tutorial-1/3-5.nec,ok,ok,0.06415081489831209,0.0493686068803072,,0
cebik-w4rnl/Basic-Intermediate-Tutorial-Models/Tutorial-1/4-1.nec,ok,ok,0.2693960200995207,0.17198268976062536,1.5664,1
cebik-w4rnl/Basic-Intermediate-Tutorial-Models/Tutorial-1/4-10.nec,ok,ok,0.03206551820039749,0.018614436499774456,,0
cebik-w4rnl/Basic-Intermediate-Tutorial-Models/Tutorial-1/4-2.nec,ok,ok,0.022940336726605892,0.015412457287311554,,0
cebik-w4rnl/Basic-Intermediate-Tutorial-Models/Tutorial-1/4-3.nec,ok,ok,0.010939144529402256,0.008578670211136341,,0
cebik-w4rnl/Basic-Intermediate-Tutorial-Models/Tutorial-1/4-4.nec,ok,ok,0.03825622331351042,0.022365461103618145,,0
cebik-w4rnl/Basic-Intermediate-Tutorial-Models/Tutorial-1/4-5.nec,ok,ok,0.304538425989449,0.19490493275225163,1.5625,1
cebik-w4rnl/Basic-Intermediate-Tutorial-Models/Tutorial-1/4-6.nec,ok,ok,0.3177102180197835,0.20434375572949648,1.5548,1
cebik-w4rnl/Basic-Intermediate-Tutorial-Models/Tutorial-1/4-7.nec,ok,ok,0.325702958740294,0.2031325027346611,1.6034,1
cebik-w4rnl/Basic-Intermediate-Tutorial-Models/Tutorial-1/4-8.nec,ok,ok,0.2875277241691947,0.19505506101995707,1.4741,1
cebik-w4rnl/Basic-Intermediate-Tutorial-Models/Tutorial-1/4-9.nec,ok,ok,0.012968625873327255,0.010410428047180176,,0
cebik-w4rnl/Basic-Intermediate-Tutorial-Models/Tutorial-1/5-1-1.nec,ok,ok,0.29981554578989744,0.1931518716737628,1.5522,1
cebik-w4rnl/Basic-Intermediate-Tutorial-Models/Tutorial-1/5-1-2.nec,ok,ok,0.035349126905202866,0.018218242563307285,,0
cebik-w4rnl/Basic-Intermediate-Tutorial-Models/Tutorial-1/5-2-1.nec,ok,ok,0.005752885714173317,0.005790424533188343,,0
cebik-w4rnl/Basic-Intermediate-Tutorial-Models/Tutorial-1/5-2-2.nec,ok,ok,0.065641681663692,0.041044408455491066,,0
cebik-w4rnl/Basic-Intermediate-Tutorial-Models/Tutorial-1/5-3-1.nec,ok,ok,0.0058022188022732735,0.005849786102771759,,0
cebik-w4rnl/Basic-Intermediate-Tutorial-Models/Tutorial-1/5-3-2.nec,ok,ok,0.008984552696347237,0.008285791613161564,,0
cebik-w4rnl/Basic-Intermediate-Tutorial-Models/Tutorial-1/5-4-1.nec,ok,ok,0.01944271195679903,0.01447729766368866,,0
cebik-w4rnl/Basic-Intermediate-Tutorial-Models/Tutorial-1/5-4-2.nec,ok,ok,0.019026330672204494,0.014366008341312408,,0
cebik-w4rnl/Basic-Intermediate-Tutorial-Models/Tutorial-1/5-5-1.nec,ok,ok,0.007639927789568901,0.0069389622658491135,,0
cebik-w4rnl/Basic-Intermediate-Tutorial-Models/Tutorial-1/5-5-2.nec,ok,ok,0.0078083062544465065,0.006857382133603096,,0
cebik-w4rnl/Basic-Intermediate-Tutorial-Models/Tutorial-1/6-1.nec,ok,ok,0.3111063204705715,0.19826314505189657,1.5692,1
cebik-w4rnl/Basic-Intermediate-Tutorial-Models/Tutorial-1/6-2.nec,ok,ok,0.12490300182253122,0.07818461302667856,1.5975,1
cebik-w4rnl/Basic-Intermediate-Tutorial-Models/Tutorial-1/6-3.nec,ok,ok,0.13344767317175865,0.08571594767272472,1.5569,1
cebik-w4rnl/Basic-Intermediate-Tutorial-Models/Tutorial-1/6-4.nec,ok,ok,0.09317145589739084,0.0622973395511508,1.4956,1
cebik-w4rnl/Basic-Intermediate-Tutorial-Models/Tutorial-1/6-5.nec,ok,ok,0.016702051274478436,0.012887208722531796,,0
cebik-w4rnl/Basic-Intermediate-Tutorial-Models/Tutorial-1/6-6.nec,ok,ok,0.41343792993575335,0.22995046712458134,1.7979,1
cebik-w4rnl/Basic-Intermediate-Tutorial-Models/Tutorial-1/6-7.nec,ok,ok,0.41229169350117445,0.2634001336991787,1.5653,1
cebik-w4rnl/Basic-Intermediate-Tutorial-Models/Tutorial-1/7-1.nec,ok,ok,0.28927065897732973,0.18438622541725636,1.5688,1
cebik-w4rnl/Basic-Intermediate-Tutorial-Models/Tutorial-1/7-2.nec,ok,ok,0.018948692828416824,0.015179983340203762,,0
cebik-w4rnl/Basic-Intermediate-Tutorial-Models/Tutorial-1/7-3.nec,ok,ok,0.012134113349020481,0.009634485468268394,,0
cebik-w4rnl/Basic-Intermediate-Tutorial-Models/Tutorial-1/7-4.nec,ok,ok,0.005660376511514187,0.005827727727591991,,0
cebik-w4rnl/Basic-Intermediate-Tutorial-Models/Tutorial-1/7-5.nec,ok,ok,0.006606125272810459,0.006410568952560425,,0
cebik-w4rnl/Basic-Intermediate-Tutorial-Models/Tutorial-1/7-6.nec,ok,ok,0.007966755889356136,0.007374117150902748,,0
cebik-w4rnl/Basic-Intermediate-Tutorial-Models/Tutorial-1/7-7.nec,ok,ok,0.38819246366620064,0.22232737578451633,1.7460,1
cebik-w4rnl/Basic-Intermediate-Tutorial-Models/Tutorial-1/7-8.nec,ok,ok,0.010243898257613182,0.008736365474760532,,0
cebik-w4rnl/Basic-Intermediate-Tutorial-Models/Tutorial-1/8-1-1.nec,ok,ok,0.006302415393292904,0.00612884946167469,,0
cebik-w4rnl/Basic-Intermediate-Tutorial-Models/Tutorial-1/8-1.nec,ok,ok,0.005072372034192085,0.005229220725595951,,0
cebik-w4rnl/Basic-Intermediate-Tutorial-Models/Tutorial-1/8-2.nec,ok,ok,0.006668379530310631,0.006423132494091988,,0
cebik-w4rnl/Basic-Intermediate-Tutorial-Models/Tutorial-1/8-3.nec,ok,ok,0.006675689481198788,0.006552023813128471,,0
cebik-w4rnl/Basic-Intermediate-Tutorial-Models/Tutorial-1/8-4.nec,ok,ok,0.00855029933154583,0.007567930966615677,,0
cebik-w4rnl/Basic-Intermediate-Tutorial-Models/Tutorial-1/8-5-1.nec,ok,ok,0.00962584838271141,0.008482491597533226,,0
cebik-w4rnl/Basic-Intermediate-Tutorial-Models/Tutorial-1/8-5.nec,ok,ok,0.011400244198739529,0.009560175240039825,,0
cebik-w4rnl/Basic-Intermediate-Tutorial-Models/Tutorial-1/8-6-1.nec,ok,ok,0.2806100398302078,0.1810714202001691,1.5497,1
cebik-w4rnl/Basic-Intermediate-Tutorial-Models/Tutorial-1/8-6.nec,ok,ok,0.31522298231720924,0.20733583252876997,1.5203,1
cebik-w4rnl/Basic-Intermediate-Tutorial-Models/Tutorial-1/8-7-1.nec,no-impedance,no-impedance,0.005989672616124153,0.005923682823777199,,0
cebik-w4rnl/Basic-Intermediate-Tutorial-Models/Tutorial-1/8-7-2.nec,no-impedance,no-impedance,0.006184781901538372,0.006208691745996475,,0
cebik-w4rnl/Basic-Intermediate-Tutorial-Models/Tutorial-1/8-7.nec,ok,ok,0.005796634592115879,0.005753019824624062,,0
cebik-w4rnl/Basic-Intermediate-Tutorial-Models/Tutorial-1/9-1-1.nec,ok,ok,0.008966025896370411,0.007830937393009663,,0
cebik-w4rnl/Basic-Intermediate-Tutorial-Models/Tutorial-1/9-1-2.nec,ok,ok,0.008879335597157478,0.00782525260001421,,0
cebik-w4rnl/Basic-Intermediate-Tutorial-Models/Tutorial-1/9-1-3.nec,ok,ok,0.008792988955974579,0.007832585833966732,,0
cebik-w4rnl/Basic-Intermediate-Tutorial-Models/Tutorial-1/9-2-1.nec,ok,ok,0.008825600147247314,0.007842015475034714,,0
cebik-w4rnl/Basic-Intermediate-Tutorial-Models/Tutorial-1/9-2-2.nec,ok,ok,0.008870692923665047,0.009541002102196217,,0
cebik-w4rnl/Basic-Intermediate-Tutorial-Models/Tutorial-1/9-2-3.nec,ok,ok,0.008781593292951584,0.007950175553560257,,0
cebik-w4rnl/Basic-Intermediate-Tutorial-Models/Tutorial-1/9-3-1.nec,ok,ok,0.00889795832335949,0.007853352464735508,,0
cebik-w4rnl/Basic-Intermediate-Tutorial-Models/Tutorial-1/9-3-2.nec,ok,ok,0.008862316608428955,0.008274019695818424,,0
cebik-w4rnl/Basic-Intermediate-Tutorial-Models/Tutorial-1/9-3-3.nec,ok,ok,0.008934877812862396,0.008163301274180412,,0
cebik-w4rnl/Basic-Intermediate-Tutorial-Models/Tutorial-1/9-4-1.nec,ok,ok,0.011216088198125362,0.00978036504238844,,0
cebik-w4rnl/Basic-Intermediate-Tutorial-Models/Tutorial-1/9-4.nec,ok,ok,0.00588587298989296,0.00625375472009182,,0
cebik-w4rnl/Basic-Intermediate-Tutorial-Models/Tutorial-1/9-5-1.nec,ok,ok,0.013761386275291443,0.011626532301306725,,0
cebik-w4rnl/Basic-Intermediate-Tutorial-Models/Tutorial-1/9-5-2.nec,ok,ok,0.014038322493433952,0.011635762639343739,,0
cebik-w4rnl/Basic-Intermediate-Tutorial-Models/Tutorial-1/9-5-3.nec,ok,ok,0.013653498142957687,0.01482002530246973,,0
cebik-w4rnl/Basic-Intermediate-Tutorial-Models/Tutorial-1/9-5.nec,ok,ok,0.0146375373005867,0.011534547433257103,,0
cebik-w4rnl/Basic-Intermediate-Tutorial-Models/Tutorial-1/9-6-1.nec,ok,ok,0.005987974815070629,0.00681227445602417,,0
cebik-w4rnl/Basic-Intermediate-Tutorial-Models/Tutorial-1/9-6-2.nec,ok,ok,0.005169478245079517,0.005124339833855629,,0
cebik-w4rnl/Basic-Intermediate-Tutorial-Models/Tutorial-1/9-6-3.nec,ok,ok,0.00757383368909359,0.006482803262770176,,0
cebik-w4rnl/Basic-Intermediate-Tutorial-Models/Tutorial-1/9-6-4.nec,ok,ok,0.0053705936297774315,0.0062087951228022575,,0
cebik-w4rnl/Basic-Intermediate-Tutorial-Models/Tutorial-1/9-6-5.nec,ok,ok,0.0061388155445456505,0.00568776112049818,,0
cebik-w4rnl/Basic-Intermediate-Tutorial-Models/Tutorial-1/9-6.nec,ok,ok,0.008251173421740532,0.006995861418545246,,0
cebik-w4rnl/Basic-Intermediate-Tutorial-Models/Tutorial-2/ch-0/0-1.nec,ok,ok,0.5826418260112405,0.2951896386221051,1.9738,1
cebik-w4rnl/Basic-Intermediate-Tutorial-Models/Tutorial-2/ch-1/1-1.nec,ok,ok,0.03942322637885809,0.023966345936059952,,0
cebik-w4rnl/Basic-Intermediate-Tutorial-Models/Tutorial-2/ch-1/1-1a.nec,ok,ok,0.03961086366325617,0.023947160691022873,,0
cebik-w4rnl/Basic-Intermediate-Tutorial-Models/Tutorial-2/ch-1/1-1b.nec,ok,ok,0.03941940609365702,0.023220917209982872,,0
cebik-w4rnl/Basic-Intermediate-Tutorial-Models/Tutorial-2/ch-1/1-1c.nec,ok,ok,0.04064618889242411,0.02386689092963934,,0
cebik-w4rnl/Basic-Intermediate-Tutorial-Models/Tutorial-2/ch-1/1-2.nec,ok,ok,0.0050010159611701965,0.005294349975883961,,0
cebik-w4rnl/Basic-Intermediate-Tutorial-Models/Tutorial-2/ch-1/1-2a.nec,ok,ok,0.0047623030841350555,0.004973188973963261,,0
cebik-w4rnl/Basic-Intermediate-Tutorial-Models/Tutorial-2/ch-1/1-3.nec,ok,ok,0.3738685501739383,0.24398493580520153,1.5323,1
cebik-w4rnl/Basic-Intermediate-Tutorial-Models/Tutorial-2/ch-1/1-4.nec,ok,ok,0.005389908328652382,0.005428103730082512,,0
cebik-w4rnl/Basic-Intermediate-Tutorial-Models/Tutorial-2/ch-1/1-4a.nec,ok,ok,0.005535871721804142,0.005535951815545559,,0
cebik-w4rnl/Basic-Intermediate-Tutorial-Models/Tutorial-2/ch-1/1-4b.nec,ok,ok,0.5389053635299206,0.3131666546687484,1.7208,1
cebik-w4rnl/Basic-Intermediate-Tutorial-Models/Tutorial-2/ch-1/1-5.nec,ok,ok,0.007436614483594894,0.007001353427767754,,0
cebik-w4rnl/Basic-Intermediate-Tutorial-Models/Tutorial-2/ch-1/1-6.nec,ok,ok,0.010437993332743645,0.008875811472535133,,0
cebik-w4rnl/Basic-Intermediate-Tutorial-Models/Tutorial-2/ch-1/1-6a.nec,ok,ok,0.008686063811182976,0.007810482755303383,,0
cebik-w4rnl/Basic-Intermediate-Tutorial-Models/Tutorial-2/ch-10/10-1.nec,ok,ok,0.004141605459153652,0.004125116392970085,,0
cebik-w4rnl/Basic-Intermediate-Tutorial-Models/Tutorial-2/ch-10/10-10.nec,ok,ok,0.0032350122928619385,0.0035781869664788246,,0
cebik-w4rnl/Basic-Intermediate-Tutorial-Models/Tutorial-2/ch-10/10-10a.nec,ok,ok,0.00322126317769289,0.003513162024319172,,0
cebik-w4rnl/Basic-Intermediate-Tutorial-Models/Tutorial-2/ch-10/10-10b.nec,ok,ok,0.0032129287719726562,0.003474385477602482,,0
cebik-w4rnl/Basic-Intermediate-Tutorial-Models/Tutorial-2/ch-10/10-10c.nec,ok,ok,0.003230120986700058,0.003564787097275257,,0
cebik-w4rnl/Basic-Intermediate-Tutorial-Models/Tutorial-2/ch-10/10-11.nec,ok,ok,0.00317489355802536,0.0034666508436203003,,0
cebik-w4rnl/Basic-Intermediate-Tutorial-Models/Tutorial-2/ch-10/10-11a.nec,ok,ok,0.004869847558438778,0.004989537410438061,,0
cebik-w4rnl/Basic-Intermediate-Tutorial-Models/Tutorial-2/ch-10/10-11b.nec,ok,ok,0.005029919557273388,0.005118817090988159,,0
cebik-w4rnl/Basic-Intermediate-Tutorial-Models/Tutorial-2/ch-10/10-1a.nec,ok,ok,0.00665478128939867,0.005637805908918381,,0
cebik-w4rnl/Basic-Intermediate-Tutorial-Models/Tutorial-2/ch-10/10-2.nec,ok,ok,0.005116661079227924,0.0047021303325891495,,0
cebik-w4rnl/Basic-Intermediate-Tutorial-Models/Tutorial-2/ch-10/10-2a.nec,ok,ok,0.006544383242726326,0.00564939808100462,,0
cebik-w4rnl/Basic-Intermediate-Tutorial-Models/Tutorial-2/ch-10/10-2b.nec,ok,ok,0.0041559552773833275,0.004180954769253731,,0
cebik-w4rnl/Basic-Intermediate-Tutorial-Models/Tutorial-2/ch-10/10-3.nec,ok,ok,0.010117906145751476,0.00884050503373146,,0
cebik-w4rnl/Basic-Intermediate-Tutorial-Models/Tutorial-2/ch-10/10-3a.nec,ok,ok,0.00868908315896988,0.00782955251634121,,0
cebik-w4rnl/Basic-Intermediate-Tutorial-Models/Tutorial-2/ch-10/10-3b.nec,ok,ok,0.0156038673594594,0.012297294102609158,,0
cebik-w4rnl/Basic-Intermediate-Tutorial-Models/Tutorial-2/ch-10/10-4.nec,ok,ok,0.014275247231125832,0.010071909055113792,,0
cebik-w4rnl/Basic-Intermediate-Tutorial-Models/Tutorial-2/ch-10/10-4a.nec,ok,ok,0.027799504809081554,0.017631559632718563,,0
cebik-w4rnl/Basic-Intermediate-Tutorial-Models/Tutorial-2/ch-10/10-4b.nec,ok,ok,0.009624913334846497,0.007733565755188465,,0
cebik-w4rnl/Basic-Intermediate-Tutorial-Models/Tutorial-2/ch-10/10-5.nec,ok,ok,0.39139298256486654,0.2204940253868699,1.7751,1
cebik-w4rnl/Basic-Intermediate-Tutorial-Models/Tutorial-2/ch-10/10-5a.nec,ok,ok,0.3983878092840314,0.22850456926971674,1.7435,1
cebik-w4rnl/Basic-Intermediate-Tutorial-Models/Tutorial-2/ch-10/10-6.nec,ok,ok,0.15865729004144669,0.0966817419975996,1.6410,1
cebik-w4rnl/Basic-Intermediate-Tutorial-Models/Tutorial-2/ch-10/10-6a.nec,ok,ok,0.06480639521032572,0.041891627945005894,,0
cebik-w4rnl/Basic-Intermediate-Tutorial-Models/Tutorial-2/ch-10/10-6b.nec,ok,ok,0.06522093527019024,0.04584067594259977,,0
cebik-w4rnl/Basic-Intermediate-Tutorial-Models/Tutorial-2/ch-10/10-7.nec,ok,ok,0.0042034657672047615,0.004237041808664799,,0
cebik-w4rnl/Basic-Intermediate-Tutorial-Models/Tutorial-2/ch-10/10-8.nec,ok,ok,0.0029197540134191513,0.00329772662371397,,0
cebik-w4rnl/Basic-Intermediate-Tutorial-Models/Tutorial-2/ch-10/10-8a.nec,ok,ok,0.0030490849167108536,0.003570854663848877,,0
cebik-w4rnl/Basic-Intermediate-Tutorial-Models/Tutorial-2/ch-10/10-8b.nec,ok,ok,0.0030038487166166306,0.0034385696053504944,,0
cebik-w4rnl/Basic-Intermediate-Tutorial-Models/Tutorial-2/ch-10/10-8c.nec,ok,ok,0.002877333201467991,0.003599589690566063,,0
cebik-w4rnl/Basic-Intermediate-Tutorial-Models/Tutorial-2/ch-10/10-8d.nec,ok,ok,0.004371728748083115,0.0053305309265851974,,0
cebik-w4rnl/Basic-Intermediate-Tutorial-Models/Tutorial-2/ch-10/10-9.nec,no-impedance,no-impedance,0.021959880366921425,0.015645969659090042,,0
cebik-w4rnl/Basic-Intermediate-Tutorial-Models/Tutorial-2/ch-10/10-9a.nec,ok,ok,0.02023173775523901,0.01652852352708578,,0
cebik-w4rnl/Basic-Intermediate-Tutorial-Models/Tutorial-2/ch-11/11-10-nec4.nec,ok,ok,0.10348575282841921,0.06856563873589039,1.5093,1
cebik-w4rnl/Basic-Intermediate-Tutorial-Models/Tutorial-2/ch-11/11-10a-nec4.nec,ok,ok,0.10355587489902973,0.06707251630723476,1.5439,1
cebik-w4rnl/Basic-Intermediate-Tutorial-Models/Tutorial-2/ch-11/11-10b-nec4.nec,ok,ok,0.10333305038511753,0.06728661060333252,1.5357,1
cebik-w4rnl/Basic-Intermediate-Tutorial-Models/Tutorial-2/ch-11/11-11.nec,ok,ok,0.307888425886631,0.19515333510935307,1.5777,1
cebik-w4rnl/Basic-Intermediate-Tutorial-Models/Tutorial-2/ch-11/11-11a.nec,ok,ok,3.2000667629763484,2.1343277068808675,1.4993,1
cebik-w4rnl/Basic-Intermediate-Tutorial-Models/Tutorial-2/ch-11/11-1_1.nec,ok,ok,0.007670419290661812,0.0072361500933766365,,0
cebik-w4rnl/Basic-Intermediate-Tutorial-Models/Tutorial-2/ch-11/11-1_2.nec,ok,ok,0.007611625827848911,0.007198501378297806,,0
cebik-w4rnl/Basic-Intermediate-Tutorial-Models/Tutorial-2/ch-11/11-1a_1.nec,ok,ok,0.04415908269584179,0.03690371476113796,,0
cebik-w4rnl/Basic-Intermediate-Tutorial-Models/Tutorial-2/ch-11/11-1a_2.nec,ok,ok,0.04343328811228275,0.03659291286021471,,0
cebik-w4rnl/Basic-Intermediate-Tutorial-Models/Tutorial-2/ch-11/11-1b.nec,ok,ok,0.044505972415208817,0.03653317876160145,,0
cebik-w4rnl/Basic-Intermediate-Tutorial-Models/Tutorial-2/ch-11/11-2.nec,ok,ok,0.005015537142753601,0.00493424478918314,,0
cebik-w4rnl/Basic-Intermediate-Tutorial-Models/Tutorial-2/ch-11/11-2a.nec,ok,ok,0.10313947405666113,0.06695789191871881,1.5404,1
cebik-w4rnl/Basic-Intermediate-Tutorial-Models/Tutorial-2/ch-11/11-2b.nec,ok,ok,0.1035614637658,0.06733910646289587,1.5379,1
cebik-w4rnl/Basic-Intermediate-Tutorial-Models/Tutorial-2/ch-11/11-3.nec,ok,ok,0.2911741388961673,0.18395846150815487,1.5828,1
cebik-w4rnl/Basic-Intermediate-Tutorial-Models/Tutorial-2/ch-11/11-3a.nec,ok,ok,0.29109292943030596,0.18398371431976557,1.5822,1
cebik-w4rnl/Basic-Intermediate-Tutorial-Models/Tutorial-2/ch-11/11-4.nec,ok,ok,0.32214272674173117,0.20384073350578547,1.5804,1
cebik-w4rnl/Basic-Intermediate-Tutorial-Models/Tutorial-2/ch-11/11-4a-nec4.nec,ok,ok,1.0712910806760192,0.6699957996606827,1.5990,1
cebik-w4rnl/Basic-Intermediate-Tutorial-Models/Tutorial-2/ch-11/11-5.nec,ok,ok,0.24438073299825191,0.1580735919997096,1.5460,1
cebik-w4rnl/Basic-Intermediate-Tutorial-Models/Tutorial-2/ch-11/11-6.nec,ok,ok,0.08987878356128931,0.05922186002135277,1.5177,1
cebik-w4rnl/Basic-Intermediate-Tutorial-Models/Tutorial-2/ch-11/11-7.nec,ok,ok,0.10151448845863342,0.06572574377059937,1.5445,1
cebik-w4rnl/Basic-Intermediate-Tutorial-Models/Tutorial-2/ch-11/11-7a.nec,ok,ok,0.08641757257282734,0.058612323366105556,1.4744,1
cebik-w4rnl/Basic-Intermediate-Tutorial-Models/Tutorial-2/ch-11/11-7b-nec2.nec,ok,ok,0.1015255767852068,0.06738715246319771,1.5066,1
cebik-w4rnl/Basic-Intermediate-Tutorial-Models/Tutorial-2/ch-11/11-7c-nec2.nec,ok,ok,0.10150546208024025,0.0658577810972929,1.5413,1
cebik-w4rnl/Basic-Intermediate-Tutorial-Models/Tutorial-2/ch-11/11-7d-nec2.nec,ok,ok,0.10131298005580902,0.06582601461559534,1.5391,1
cebik-w4rnl/Basic-Intermediate-Tutorial-Models/Tutorial-2/ch-11/11-7e-nec2.nec,ok,ok,0.1041690967977047,0.067632338963449,1.5402,1
cebik-w4rnl/Basic-Intermediate-Tutorial-Models/Tutorial-2/ch-11/11-7f-nec2.nec,ok,ok,0.10365831758826971,0.06733433157205582,1.5395,1
cebik-w4rnl/Basic-Intermediate-Tutorial-Models/Tutorial-2/ch-11/11-7g-nec2.nec,ok,ok,0.10346776712685823,0.0675719203427434,1.5312,1
cebik-w4rnl/Basic-Intermediate-Tutorial-Models/Tutorial-2/ch-11/11-8b-nec2.nec,ok,ok,0.10138181503862143,0.06569058261811733,1.5433,1
cebik-w4rnl/Basic-Intermediate-Tutorial-Models/Tutorial-2/ch-11/11-8c-nec2.nec,ok,ok,0.10147350933402777,0.06595736742019653,1.5385,1
cebik-w4rnl/Basic-Intermediate-Tutorial-Models/Tutorial-2/ch-11/11-8d-nec2.nec,ok,ok,0.10172770544886589,0.0658338163048029,1.5452,1
cebik-w4rnl/Basic-Intermediate-Tutorial-Models/Tutorial-2/ch-11/11-8e-nec2.nec,ok,ok,0.10361567419022322,0.06780229974538088,1.5282,1
cebik-w4rnl/Basic-Intermediate-Tutorial-Models/Tutorial-2/ch-11/11-8e-nec4.nec,ok,ok,0.10328944958746433,0.06759090907871723,1.5282,1
cebik-w4rnl/Basic-Intermediate-Tutorial-Models/Tutorial-2/ch-11/11-8f-nec2.nec,ok,ok,0.10323772765696049,0.06752779334783554,1.5288,1
cebik-w4rnl/Basic-Intermediate-Tutorial-Models/Tutorial-2/ch-11/11-8f-nec4.nec,ok,ok,0.10315762087702751,0.06855390686541796,1.5048,1
cebik-w4rnl/Basic-Intermediate-Tutorial-Models/Tutorial-2/ch-11/11-8g-nec2.nec,ok,ok,0.10367589816451073,0.06791264470666647,1.5266,1
cebik-w4rnl/Basic-Intermediate-Tutorial-Models/Tutorial-2/ch-11/11-8g-nec4.nec,ok,ok,0.1183528620749712,0.07852972112596035,1.5071,1
cebik-w4rnl/Basic-Intermediate-Tutorial-Models/Tutorial-2/ch-11/11-9-nec2.nec,ok,ok,0.11017233785241842,0.06735624838620424,1.6357,1
cebik-w4rnl/Basic-Intermediate-Tutorial-Models/Tutorial-2/ch-11/11-9a-nec2.nec,ok,ok,0.10330094676464796,0.06856841873377562,1.5065,1
cebik-w4rnl/Basic-Intermediate-Tutorial-Models/Tutorial-2/ch-11/11-9b-nec2.nec,ok,ok,0.1035629715770483,0.06750170141458511,1.5342,1
cebik-w4rnl/Basic-Intermediate-Tutorial-Models/Tutorial-2/ch-12/12-1.nec,ok,ok,0.004904941655695438,0.00533978920429945,,0
cebik-w4rnl/Basic-Intermediate-Tutorial-Models/Tutorial-2/ch-12/12-10-nec4.nec,ok,ok,1.3775371480733156,0.8198186252266169,1.6803,1
cebik-w4rnl/Basic-Intermediate-Tutorial-Models/Tutorial-2/ch-12/12-10a-nec4.nec,ok,ok,1.0949660278856754,0.6410261997953057,1.7081,1
cebik-w4rnl/Basic-Intermediate-Tutorial-Models/Tutorial-2/ch-12/12-11-nec4.nec,ok,ok,4.406288089230657,2.017218954861164,2.1843,1
cebik-w4rnl/Basic-Intermediate-Tutorial-Models/Tutorial-2/ch-12/12-11a-nec4.nec,ok,ok,4.396840559318662,2.0435529369860888,2.1516,1
cebik-w4rnl/Basic-Intermediate-Tutorial-Models/Tutorial-2/ch-12/12-1a.nec,ok,ok,0.00509826373308897,0.00558814313262701,,0
cebik-w4rnl/Basic-Intermediate-Tutorial-Models/Tutorial-2/ch-12/12-1b.nec,no-impedance,no-impedance,0.005131036974489689,0.0055322712287306786,,0
cebik-w4rnl/Basic-Intermediate-Tutorial-Models/Tutorial-2/ch-12/12-2.nec,ok,ok,0.007831447757780552,0.007455554790794849,,0
cebik-w4rnl/Basic-Intermediate-Tutorial-Models/Tutorial-2/ch-12/12-2a.nec,ok,ok,0.007946954108774662,0.00759219191968441,,0
cebik-w4rnl/Basic-Intermediate-Tutorial-Models/Tutorial-2/ch-12/12-3.nec,ok,ok,0.007796050049364567,0.007547617889940739,,0
cebik-w4rnl/Basic-Intermediate-Tutorial-Models/Tutorial-2/ch-12/12-3a.nec,ok,ok,0.008003495633602142,0.007779239676892757,,0
cebik-w4rnl/Basic-Intermediate-Tutorial-Models/Tutorial-2/ch-12/12-4.nec,ok,ok,0.005934759974479675,0.0062234047800302505,,0
cebik-w4rnl/Basic-Intermediate-Tutorial-Models/Tutorial-2/ch-12/12-4a.nec,ok,ok,0.0061514712870121,0.006288373842835426,,0
cebik-w4rnl/Basic-Intermediate-Tutorial-Models/Tutorial-2/ch-12/12-4b.nec,ok,ok,0.03535441495478153,0.03279299009591341,,0
cebik-w4rnl/Basic-Intermediate-Tutorial-Models/Tutorial-2/ch-12/12-5.nec,ok,ok,0.006297259591519833,0.006141543388366699,,0
cebik-w4rnl/Basic-Intermediate-Tutorial-Models/Tutorial-2/ch-12/12-5a.nec,ok,ok,0.006343761458992958,0.010507655330002308,,0
cebik-w4rnl/Basic-Intermediate-Tutorial-Models/Tutorial-2/ch-12/12-5b.nec,ok,ok,0.03677176311612129,0.03302228357642889,,0
cebik-w4rnl/Basic-Intermediate-Tutorial-Models/Tutorial-2/ch-12/12-6.nec,ok,ok,2.204282568767667,1.290614358149469,1.7079,1
cebik-w4rnl/Basic-Intermediate-Tutorial-Models/Tutorial-2/ch-12/12-7.nec,ok,ok,0.03719707578420639,0.024463245645165443,,0
cebik-w4rnl/Basic-Intermediate-Tutorial-Models/Tutorial-2/ch-12/12-7a.nec,ok,ok,0.012315950356423855,0.009315785951912403,,0
cebik-w4rnl/Basic-Intermediate-Tutorial-Models/Tutorial-2/ch-12/12-8.nec,ok,ok,0.017420298419892788,0.0119886239990592,,0
cebik-w4rnl/Basic-Intermediate-Tutorial-Models/Tutorial-2/ch-12/12-8a.nec,ok,ok,0.017869681119918823,0.012061144225299358,,0
cebik-w4rnl/Basic-Intermediate-Tutorial-Models/Tutorial-2/ch-12/12-8b.nec,ok,ok,0.09469358902424574,0.058027101680636406,1.6319,1
cebik-w4rnl/Basic-Intermediate-Tutorial-Models/Tutorial-2/ch-12/12-9.nec,ok,ok,0.02541979029774666,0.01654814463108778,,0
cebik-w4rnl/Basic-Intermediate-Tutorial-Models/Tutorial-2/ch-12/12-9a.nec,ok,ok,0.003897308371961117,0.004272083751857281,,0
cebik-w4rnl/Basic-Intermediate-Tutorial-Models/Tutorial-2/ch-12/12-9b.nec,ok,ok,0.041272442787885666,0.027255933731794357,,0
cebik-w4rnl/Basic-Intermediate-Tutorial-Models/Tutorial-2/ch-12/12-9c.nec,ok,ok,0.0417934563010931,0.026869711466133595,,0
cebik-w4rnl/Basic-Intermediate-Tutorial-Models/Tutorial-2/ch-13/13-1.nec,ok,ok,0.005029011517763138,0.005214867182075977,,0
cebik-w4rnl/Basic-Intermediate-Tutorial-Models/Tutorial-2/ch-13/13-1a.nec,ok,ok,0.0051928190514445305,0.005455720238387585,,0
cebik-w4rnl/Basic-Intermediate-Tutorial-Models/Tutorial-2/ch-13/13-1b.nec,ok,ok,0.005506853573024273,0.005868066102266312,,0
cebik-w4rnl/Basic-Intermediate-Tutorial-Models/Tutorial-2/ch-13/13-1c-nec4.nec,ok,ok,0.005211510695517063,0.005758270621299744,,0
cebik-w4rnl/Basic-Intermediate-Tutorial-Models/Tutorial-2/ch-13/13-1d.nec,ok,ok,0.0050377799198031425,0.005276469513773918,,0
cebik-w4rnl/Basic-Intermediate-Tutorial-Models/Tutorial-2/ch-13/13-2.nec,ok,ok,0.005015257745981216,0.0054057445377111435,,0
cebik-w4rnl/Basic-Intermediate-Tutorial-Models/Tutorial-2/ch-13/13-2a.nec,ok,ok,0.005010613240301609,0.005256323143839836,,0
cebik-w4rnl/Basic-Intermediate-Tutorial-Models/Tutorial-2/ch-13/13-2b.nec,ok,ok,0.005096151493489742,0.005233801901340485,,0
cebik-w4rnl/Basic-Intermediate-Tutorial-Models/Tutorial-2/ch-13/13-2c.nec,ok,ok,0.005105691030621529,0.005313844420015812,,0
cebik-w4rnl/Basic-Intermediate-Tutorial-Models/Tutorial-2/ch-13/13-2d.nec,ok,ok,0.005030639469623566,0.0052540963515639305,,0
cebik-w4rnl/Basic-Intermediate-Tutorial-Models/Tutorial-2/ch-13/13-2e.nec,ok,ok,0.00499365758150816,0.0054313503205776215,,0
cebik-w4rnl/Basic-Intermediate-Tutorial-Models/Tutorial-2/ch-13/13-3.nec,ok,ok,0.013315284624695778,0.012662320397794247,,0
cebik-w4rnl/Basic-Intermediate-Tutorial-Models/Tutorial-2/ch-13/13-3a.nec,ok,ok,0.013476165011525154,0.012140100821852684,,0
cebik-w4rnl/Basic-Intermediate-Tutorial-Models/Tutorial-2/ch-13/13-4.nec,ok,ok,0.0055637843906879425,0.005380804650485516,,0
cebik-w4rnl/Basic-Intermediate-Tutorial-Models/Tutorial-2/ch-13/13-4a.nec,ok,ok,0.005748420022428036,0.005284620448946953,,0
cebik-w4rnl/Basic-Intermediate-Tutorial-Models/Tutorial-2/ch-13/13-4b.nec,ok,ok,0.00572634395211935,0.005346606485545635,,0
cebik-w4rnl/Basic-Intermediate-Tutorial-Models/Tutorial-2/ch-13/13-4c.nec,ok,ok,0.005959915928542614,0.0053532179445028305,,0
cebik-w4rnl/Basic-Intermediate-Tutorial-Models/Tutorial-2/ch-13/13-4d.nec,ok,ok,0.006032861769199371,0.005300585180521011,,0
cebik-w4rnl/Basic-Intermediate-Tutorial-Models/Tutorial-2/ch-13/13-5.nec,ok,ok,0.00565873458981514,0.005310499109327793,,0
cebik-w4rnl/Basic-Intermediate-Tutorial-Models/Tutorial-2/ch-13/13-5a.nec,ok,ok,0.005576872266829014,0.005628380924463272,,0
cebik-w4rnl/Basic-Intermediate-Tutorial-Models/Tutorial-2/ch-13/13-6.nec,ok,ok,0.007372437976300716,0.007482937537133694,,0
cebik-w4rnl/Basic-Intermediate-Tutorial-Models/Tutorial-2/ch-13/13-6a.nec,ok,ok,0.007399768568575382,0.006882414221763611,,0
cebik-w4rnl/Basic-Intermediate-Tutorial-Models/Tutorial-2/ch-13/13-6b.nec,ok,ok,0.007186073809862137,0.006721034646034241,,0
cebik-w4rnl/Basic-Intermediate-Tutorial-Models/Tutorial-2/ch-13/13-7.nec,ok,ok,0.009047076106071472,0.007755747996270657,,0
cebik-w4rnl/Basic-Intermediate-Tutorial-Models/Tutorial-2/ch-13/13-7a.nec,ok,ok,0.00901363231241703,0.007814660668373108,,0
cebik-w4rnl/Basic-Intermediate-Tutorial-Models/Tutorial-2/ch-13/13-7b.nec,ok,ok,0.019627303816378117,0.015362810343503952,,0
cebik-w4rnl/Basic-Intermediate-Tutorial-Models/Tutorial-2/ch-13/13-7c.nec,ok,ok,0.019763659685850143,0.016045233234763145,,0
cebik-w4rnl/Basic-Intermediate-Tutorial-Models/Tutorial-2/ch-13/13-8.nec,ok,ok,0.009718229062855244,0.00796559453010559,,0
cebik-w4rnl/Basic-Intermediate-Tutorial-Models/Tutorial-2/ch-13/13-8a.nec,ok,ok,0.009159165434539318,0.007833111099898815,,0
cebik-w4rnl/Basic-Intermediate-Tutorial-Models/Tutorial-2/ch-13/13-8b.nec,ok,ok,0.03326617740094662,0.02433509286493063,,0
cebik-w4rnl/Basic-Intermediate-Tutorial-Models/Tutorial-2/ch-13/13-8c.nec,ok,ok,0.0333290034905076,0.02520380076020956,,0
cebik-w4rnl/Basic-Intermediate-Tutorial-Models/Tutorial-2/ch-13/13-9.nec,ok,ok,0.03442765772342682,0.01937117427587509,,0
cebik-w4rnl/Basic-Intermediate-Tutorial-Models/Tutorial-2/ch-13/13-9a.nec,ok,ok,0.09524339996278286,0.06028332281857729,1.5799,1
cebik-w4rnl/Basic-Intermediate-Tutorial-Models/Tutorial-2/ch-14/14-1.nec,ok,ok,0.01767992600798607,0.013419079594314098,,0
cebik-w4rnl/Basic-Intermediate-Tutorial-Models/Tutorial-2/ch-14/14-1a.nec,ok,ok,0.01748619880527258,0.013467690907418728,,0
cebik-w4rnl/Basic-Intermediate-Tutorial-Models/Tutorial-2/ch-14/14-3.nec,ok,ok,0.04138022568076849,0.027218028903007507,,0
cebik-w4rnl/Basic-Intermediate-Tutorial-Models/Tutorial-2/ch-14/14-3a.nec,ok,ok,0.042339165695011616,0.027250471524894238,,0
cebik-w4rnl/Basic-Intermediate-Tutorial-Models/Tutorial-2/ch-14/14-3b.nec,ok,ok,0.04270600154995918,0.028333023190498352,,0
cebik-w4rnl/Basic-Intermediate-Tutorial-Models/Tutorial-2/ch-14/14-3c.nec,ok,ok,0.04210308939218521,0.02719398122280836,,0
cebik-w4rnl/Basic-Intermediate-Tutorial-Models/Tutorial-2/ch-14/14-3d.nec,ok,ok,0.04225348588079214,0.027281753718852997,,0
cebik-w4rnl/Basic-Intermediate-Tutorial-Models/Tutorial-2/ch-14/14-4.nec,ok,ok,0.00344229768961668,0.0038441913202404976,,0
cebik-w4rnl/Basic-Intermediate-Tutorial-Models/Tutorial-2/ch-14/14-4a.nec,ok,ok,0.0034470735117793083,0.003961014561355114,,0
cebik-w4rnl/Basic-Intermediate-Tutorial-Models/Tutorial-2/ch-14/14-4b.nec,ok,ok,0.0032554445788264275,0.0038068657740950584,,0
cebik-w4rnl/Basic-Intermediate-Tutorial-Models/Tutorial-2/ch-14/14-4c.nec,ok,ok,0.003254106268286705,0.0035365335643291473,,0
cebik-w4rnl/Basic-Intermediate-Tutorial-Models/Tutorial-2/ch-14/14-5.nec,ok,ok,0.02255847677588463,0.016503704711794853,,0
cebik-w4rnl/Basic-Intermediate-Tutorial-Models/Tutorial-2/ch-14/14-5a.nec,ok,ok,0.024644168093800545,0.01787177100777626,,0
cebik-w4rnl/Basic-Intermediate-Tutorial-Models/Tutorial-2/ch-14/14-6.nec,ok,ok,0.016868671402335167,0.012270781211555004,,0
cebik-w4rnl/Basic-Intermediate-Tutorial-Models/Tutorial-2/ch-14/14-6a.nec,ok,ok,0.01718773879110813,0.012826131656765938,,0
cebik-w4rnl/Basic-Intermediate-Tutorial-Models/Tutorial-2/ch-14/14-6b.nec,ok,ok,0.0175211438909173,0.012376749888062477,,0
cebik-w4rnl/Basic-Intermediate-Tutorial-Models/Tutorial-2/ch-14/14-6c.nec,ok,ok,0.017666323110461235,0.012398438528180122,,0
cebik-w4rnl/Basic-Intermediate-Tutorial-Models/Tutorial-2/ch-14/14-6d.nec,ok,ok,0.017226174473762512,0.012248949147760868,,0
cebik-w4rnl/Basic-Intermediate-Tutorial-Models/Tutorial-2/ch-15/15-1.nec,ok,ok,0.005774102173745632,0.00591551698744297,,0
cebik-w4rnl/Basic-Intermediate-Tutorial-Models/Tutorial-2/ch-15/15-1a.nec,ok,ok,0.0056206174194812775,0.006086444482207298,,0
cebik-w4rnl/Basic-Intermediate-Tutorial-Models/Tutorial-2/ch-15/15-1b.nec,ok,ok,0.005617300979793072,0.006262421607971191,,0
cebik-w4rnl/Basic-Intermediate-Tutorial-Models/Tutorial-2/ch-15/15-1c.nec,ok,ok,0.005729372613132,0.005743658170104027,,0
cebik-w4rnl/Basic-Intermediate-Tutorial-Models/Tutorial-2/ch-15/15-1c1.nec,ok,ok,0.05636798124760389,0.05129370279610157,1.0989,1
cebik-w4rnl/Basic-Intermediate-Tutorial-Models/Tutorial-2/ch-15/15-1d.nec,ok,ok,0.0056556472554802895,0.005724016577005386,,0
cebik-w4rnl/Basic-Intermediate-Tutorial-Models/Tutorial-2/ch-15/15-1d1.nec,ok,ok,0.05669279955327511,0.052192642353475094,1.0862,1
cebik-w4rnl/Basic-Intermediate-Tutorial-Models/Tutorial-2/ch-15/15-2.nec,ok,ok,0.007727069780230522,0.006017835810780525,,0
cebik-w4rnl/Basic-Intermediate-Tutorial-Models/Tutorial-2/ch-15/15-2a.nec,ok,ok,0.006042676977813244,0.006541953422129154,,0
cebik-w4rnl/Basic-Intermediate-Tutorial-Models/Tutorial-2/ch-15/15-2b.nec,ok,ok,0.005887032486498356,0.006325329653918743,,0
cebik-w4rnl/Basic-Intermediate-Tutorial-Models/Tutorial-2/ch-15/15-3.nec,ok,ok,0.09183803386986256,0.06831732857972383,1.3443,1
cebik-w4rnl/Basic-Intermediate-Tutorial-Models/Tutorial-2/ch-15/15-3a.nec,ok,ok,0.08950022980570793,0.05459490790963173,1.6394,1
cebik-w4rnl/Basic-Intermediate-Tutorial-Models/Tutorial-2/ch-15/15-4-1.nec,ok,ok,0.0050489455461502075,0.005239914171397686,,0
cebik-w4rnl/Basic-Intermediate-Tutorial-Models/Tutorial-2/ch-15/15-4.nec,ok,ok,0.005106352269649506,0.005236320197582245,,0
cebik-w4rnl/Basic-Intermediate-Tutorial-Models/Tutorial-2/ch-15/15-4a.nec,ok,ok,0.005322623997926712,0.005261562764644623,,0
cebik-w4rnl/Basic-Intermediate-Tutorial-Models/Tutorial-2/ch-15/15-4a1.nec,ok,ok,0.005534046329557896,0.005330846644937992,,0
cebik-w4rnl/Basic-Intermediate-Tutorial-Models/Tutorial-2/ch-15/15-4b.nec,ok,ok,0.005012493580579758,0.00541728176176548,,0
cebik-w4rnl/Basic-Intermediate-Tutorial-Models/Tutorial-2/ch-15/15-4b1.nec,ok,ok,0.004994637332856655,0.005535180680453777,,0
cebik-w4rnl/Basic-Intermediate-Tutorial-Models/Tutorial-2/ch-15/15-4c.nec,ok,ok,0.0066995564848184586,0.005220530554652214,,0
cebik-w4rnl/Basic-Intermediate-Tutorial-Models/Tutorial-2/ch-15/15-4c1.nec,ok,ok,0.007020637392997742,0.00793059915304184,,0
cebik-w4rnl/Basic-Intermediate-Tutorial-Models/Tutorial-2/ch-15/15-5-1.nec,ok,ok,0.005055125802755356,0.005450279451906681,,0
cebik-w4rnl/Basic-Intermediate-Tutorial-Models/Tutorial-2/ch-15/15-5.nec,ok,ok,0.005019227974116802,0.005360969342291355,,0
cebik-w4rnl/Basic-Intermediate-Tutorial-Models/Tutorial-2/ch-15/15-5a-1.nec,ok,ok,0.005054662004113197,0.005287656560540199,,0
cebik-w4rnl/Basic-Intermediate-Tutorial-Models/Tutorial-2/ch-15/15-5a.nec,ok,ok,0.005088400095701218,0.005839702673256397,,0
cebik-w4rnl/Basic-Intermediate-Tutorial-Models/Tutorial-2/ch-15/15-5b-1.nec,ok,ok,0.0050406791269779205,0.005759896710515022,,0
cebik-w4rnl/Basic-Intermediate-Tutorial-Models/Tutorial-2/ch-15/15-5b.nec,ok,ok,0.0051118312403559685,0.007002206519246101,,0
cebik-w4rnl/Basic-Intermediate-Tutorial-Models/Tutorial-2/ch-15/15-6.nec,ok,ok,0.0058152880519628525,0.005486233159899712,,0
cebik-w4rnl/Basic-Intermediate-Tutorial-Models/Tutorial-2/ch-15/15-6a.nec,ok,ok,0.011359618045389652,0.009465926326811314,,0
cebik-w4rnl/Basic-Intermediate-Tutorial-Models/Tutorial-2/ch-15/15-6b.nec,ok,ok,0.1729340674355626,0.1275612311437726,1.3557,1
cebik-w4rnl/Basic-Intermediate-Tutorial-Models/Tutorial-2/ch-15/15-7.nec,ok,ok,0.032622020691633224,0.023489379324018955,,0
cebik-w4rnl/Basic-Intermediate-Tutorial-Models/Tutorial-2/ch-15/15-7a.nec,ok,ok,0.5263311062008142,0.372802815400064,1.4118,1
cebik-w4rnl/Basic-Intermediate-Tutorial-Models/Tutorial-2/ch-15/15-7b.nec,ok,ok,0.03283940069377422,0.023377684876322746,,0
cebik-w4rnl/Basic-Intermediate-Tutorial-Models/Tutorial-2/ch-15/15-7c.nec,ok,ok,0.33003388717770576,0.21022724639624357,1.5699,1
cebik-w4rnl/Basic-Intermediate-Tutorial-Models/Tutorial-2/ch-15/15-8.nec,ok,ok,0.32626972906291485,0.20906294416636229,1.5606,1
cebik-w4rnl/Basic-Intermediate-Tutorial-Models/Tutorial-2/ch-15/15-8a.nec,ok,ok,0.32756493892520666,0.21081784460693598,1.5538,1
cebik-w4rnl/Basic-Intermediate-Tutorial-Models/Tutorial-2/ch-15/15-8b.nec,ok,ok,0.32828537188470364,0.211908221244812,1.5492,1
cebik-w4rnl/Basic-Intermediate-Tutorial-Models/Tutorial-2/ch-15/15-9.nec,ok,ok,0.011715449392795563,0.010054750367999077,,0
cebik-w4rnl/Basic-Intermediate-Tutorial-Models/Tutorial-2/ch-15/15-9a.nec,ok,ok,0.09685124550014734,0.06513023190200329,1.4870,1
cebik-w4rnl/Basic-Intermediate-Tutorial-Models/Tutorial-2/ch-16/16-1.nec,ok,ok,0.005034019239246845,0.005177912302315235,,0
cebik-w4rnl/Basic-Intermediate-Tutorial-Models/Tutorial-2/ch-16/16-10a.nec,ok,ok,0.005464514717459679,0.005562080070376396,,0
cebik-w4rnl/Basic-Intermediate-Tutorial-Models/Tutorial-2/ch-16/16-10b.nec,ok,ok,0.005402753129601479,0.005547216162085533,,0
cebik-w4rnl/Basic-Intermediate-Tutorial-Models/Tutorial-2/ch-16/16-10c.nec,ok,ok,0.005367248319089413,0.005557531490921974,,0
cebik-w4rnl/Basic-Intermediate-Tutorial-Models/Tutorial-2/ch-16/16-10d.nec,ok,ok,0.005522924475371838,0.005503416061401367,,0
cebik-w4rnl/Basic-Intermediate-Tutorial-Models/Tutorial-2/ch-16/16-10e.nec,ok,ok,0.005430718883872032,0.005608622916042805,,0
cebik-w4rnl/Basic-Intermediate-Tutorial-Models/Tutorial-2/ch-16/16-10f.nec,ok,ok,0.005516371689736843,0.005716818384826183,,0
cebik-w4rnl/Basic-Intermediate-Tutorial-Models/Tutorial-2/ch-16/16-10g.nec,ok,ok,0.005380075424909592,0.005540957674384117,,0
cebik-w4rnl/Basic-Intermediate-Tutorial-Models/Tutorial-2/ch-16/16-10h.nec,ok,ok,0.005374966189265251,0.005546967498958111,,0
cebik-w4rnl/Basic-Intermediate-Tutorial-Models/Tutorial-2/ch-16/16-11a.nec,ok,ok,0.005439662374556065,0.00560844037681818,,0
cebik-w4rnl/Basic-Intermediate-Tutorial-Models/Tutorial-2/ch-16/16-11b.nec,ok,ok,0.005494506098330021,0.005663805641233921,,0
cebik-w4rnl/Basic-Intermediate-Tutorial-Models/Tutorial-2/ch-16/16-11c.nec,ok,ok,0.00554534699767828,0.00562690943479538,,0
cebik-w4rnl/Basic-Intermediate-Tutorial-Models/Tutorial-2/ch-16/16-11d.nec,ok,ok,0.005506676621735096,0.0075951674953103065,,0
cebik-w4rnl/Basic-Intermediate-Tutorial-Models/Tutorial-2/ch-16/16-11e.nec,ok,ok,0.005478130653500557,0.005870120599865913,,0
cebik-w4rnl/Basic-Intermediate-Tutorial-Models/Tutorial-2/ch-16/16-11f.nec,ok,ok,0.005526440218091011,0.005675352178514004,,0
cebik-w4rnl/Basic-Intermediate-Tutorial-Models/Tutorial-2/ch-16/16-11g.nec,ok,ok,0.005523345433175564,0.005940987728536129,,0
cebik-w4rnl/Basic-Intermediate-Tutorial-Models/Tutorial-2/ch-16/16-11h.nec,ok,ok,0.00550264585763216,0.005869373679161072,,0
cebik-w4rnl/Basic-Intermediate-Tutorial-Models/Tutorial-2/ch-16/16-1a.nec,ok,ok,0.005161556415259838,0.005127475596964359,,0
cebik-w4rnl/Basic-Intermediate-Tutorial-Models/Tutorial-2/ch-16/16-1b.nec,ok,ok,0.005055544897913933,0.0054483236744999886,,0
cebik-w4rnl/Basic-Intermediate-Tutorial-Models/Tutorial-2/ch-16/16-1c.nec,ok,ok,0.0051766810938715935,0.005332686938345432,,0
cebik-w4rnl/Basic-Intermediate-Tutorial-Models/Tutorial-2/ch-16/16-1d.nec,ok,ok,0.005057480186223984,0.005251992493867874,,0
cebik-w4rnl/Basic-Intermediate-Tutorial-Models/Tutorial-2/ch-16/16-2.nec,ok,ok,0.00504448264837265,0.008378474041819572,,0
cebik-w4rnl/Basic-Intermediate-Tutorial-Models/Tutorial-2/ch-16/16-2a.nec,ok,ok,0.005092158913612366,0.005316662602126598,,0
cebik-w4rnl/Basic-Intermediate-Tutorial-Models/Tutorial-2/ch-16/16-2b.nec,ok,ok,0.005107969045639038,0.0054344842210412025,,0
cebik-w4rnl/Basic-Intermediate-Tutorial-Models/Tutorial-2/ch-16/16-2c.nec,ok,ok,0.005240190774202347,0.005090438760817051,,0
cebik-w4rnl/Basic-Intermediate-Tutorial-Models/Tutorial-2/ch-16/16-2d.nec,ok,ok,0.008425385691225529,0.005240572616457939,,0
cebik-w4rnl/Basic-Intermediate-Tutorial-Models/Tutorial-2/ch-16/16-3.nec,ok,ok,0.005566367879509926,0.008181145414710045,,0
cebik-w4rnl/Basic-Intermediate-Tutorial-Models/Tutorial-2/ch-16/16-4.nec,ok,ok,0.005235964432358742,0.005725759081542492,,0
cebik-w4rnl/Basic-Intermediate-Tutorial-Models/Tutorial-2/ch-16/16-4a.nec,ok,ok,0.005536739714443684,0.008528928272426128,,0
cebik-w4rnl/Basic-Intermediate-Tutorial-Models/Tutorial-2/ch-16/16-5.nec,ok,ok,0.008764003403484821,0.005662068724632263,,0
cebik-w4rnl/Basic-Intermediate-Tutorial-Models/Tutorial-2/ch-16/16-5a.nec,ok,ok,0.005570185370743275,0.00867343321442604,,0
cebik-w4rnl/Basic-Intermediate-Tutorial-Models/Tutorial-2/ch-16/16-6.nec,ok,ok,0.008550538681447506,0.005664382129907608,,0
cebik-w4rnl/Basic-Intermediate-Tutorial-Models/Tutorial-2/ch-16/16-6a.nec,ok,ok,0.005475543439388275,0.005319876596331596,,0
cebik-w4rnl/Basic-Intermediate-Tutorial-Models/Tutorial-2/ch-16/16-7.nec,ok,ok,0.01802746020257473,0.012492896057665348,,0
cebik-w4rnl/Basic-Intermediate-Tutorial-Models/Tutorial-2/ch-16/16-7a.nec,ok,ok,0.018416103906929493,0.012614433653652668,,0
cebik-w4rnl/Basic-Intermediate-Tutorial-Models/Tutorial-2/ch-16/16-7b.nec,ok,ok,0.018685863353312016,0.01146950013935566,,0
cebik-w4rnl/Basic-Intermediate-Tutorial-Models/Tutorial-2/ch-16/16-8.nec,ok,ok,0.0055022211745381355,0.0055461423471570015,,0
cebik-w4rnl/Basic-Intermediate-Tutorial-Models/Tutorial-2/ch-16/16-8a.nec,ok,ok,0.0055294521152973175,0.005651296116411686,,0
cebik-w4rnl/Basic-Intermediate-Tutorial-Models/Tutorial-2/ch-16/16-8b.nec,ok,ok,0.008479494601488113,0.005622358061373234,,0
cebik-w4rnl/Basic-Intermediate-Tutorial-Models/Tutorial-2/ch-16/16-8c.nec,ok,ok,0.005559641867876053,0.005624064244329929,,0
cebik-w4rnl/Basic-Intermediate-Tutorial-Models/Tutorial-2/ch-16/16-8d.nec,ok,ok,0.008490649051964283,0.005880072712898254,,0
cebik-w4rnl/Basic-Intermediate-Tutorial-Models/Tutorial-2/ch-16/16-9.nec,ok,ok,0.005622986704111099,0.0056311385706067085,,0
cebik-w4rnl/Basic-Intermediate-Tutorial-Models/Tutorial-2/ch-16/16-9a.nec,ok,ok,0.005293714813888073,0.008608001284301281,,0
cebik-w4rnl/Basic-Intermediate-Tutorial-Models/Tutorial-2/ch-16/16-9b.nec,ok,ok,0.007977443747222424,0.005758623592555523,,0
cebik-w4rnl/Basic-Intermediate-Tutorial-Models/Tutorial-2/ch-16/16-9c.nec,ok,ok,0.005733422935009003,0.005549550987780094,,0
cebik-w4rnl/Basic-Intermediate-Tutorial-Models/Tutorial-2/ch-16/16-9d.nec,ok,ok,0.005523622967302799,0.005711360834538937,,0
cebik-w4rnl/Basic-Intermediate-Tutorial-Models/Tutorial-2/ch-16/16-9e.nec,ok,ok,0.007867041975259781,0.00573506485670805,,0
cebik-w4rnl/Basic-Intermediate-Tutorial-Models/Tutorial-2/ch-16/16-9f.nec,ok,ok,0.0056983837857842445,0.005769130773842335,,0
cebik-w4rnl/Basic-Intermediate-Tutorial-Models/Tutorial-2/ch-16/16-9g.nec,ok,ok,0.005722894333302975,0.0054342299699783325,,0
cebik-w4rnl/Basic-Intermediate-Tutorial-Models/Tutorial-2/ch-16/16-9h.nec,ok,ok,0.005529025569558144,0.005584605969488621,,0
cebik-w4rnl/Basic-Intermediate-Tutorial-Models/Tutorial-2/ch-17/17-1.nec,ok,ok,0.007865333929657936,0.009049803949892521,,0
cebik-w4rnl/Basic-Intermediate-Tutorial-Models/Tutorial-2/ch-17/17-10-nec2.nec,ok,ok,0.04395213257521391,0.03701153118163347,,0
cebik-w4rnl/Basic-Intermediate-Tutorial-Models/Tutorial-2/ch-17/17-10-nec4.nec,ok,ok,0.03023366630077362,0.019575737416744232,,0
cebik-w4rnl/Basic-Intermediate-Tutorial-Models/Tutorial-2/ch-17/17-11-nec2.nec,ok,ok,0.04711237456649542,0.040032053366303444,,0
cebik-w4rnl/Basic-Intermediate-Tutorial-Models/Tutorial-2/ch-17/17-11-nec4.nec,ok,ok,0.031234067864716053,0.02018131222575903,,0
cebik-w4rnl/Basic-Intermediate-Tutorial-Models/Tutorial-2/ch-17/17-1a.nec,ok,ok,0.10407477710396051,0.06813928857445717,1.5274,1
cebik-w4rnl/Basic-Intermediate-Tutorial-Models/Tutorial-2/ch-17/17-2.nec,ok,ok,0.2831027200445533,0.22937791515141726,1.2342,1
cebik-w4rnl/Basic-Intermediate-Tutorial-Models/Tutorial-2/ch-17/17-2a.nec,ok,ok,0.16864334419369698,0.11752949841320515,1.4349,1
cebik-w4rnl/Basic-Intermediate-Tutorial-Models/Tutorial-2/ch-17/17-3.nec,ok,ok,0.11597425118088722,0.08078052382916212,1.4357,1
cebik-w4rnl/Basic-Intermediate-Tutorial-Models/Tutorial-2/ch-17/17-3a.nec,ok,ok,0.10218299552798271,0.11423918604850769,0.8945,1
cebik-w4rnl/Basic-Intermediate-Tutorial-Models/Tutorial-2/ch-17/17-4.nec,ok,ok,0.004627107642591,0.004881896078586578,,0
cebik-w4rnl/Basic-Intermediate-Tutorial-Models/Tutorial-2/ch-17/17-5.nec,ok,ok,0.004956677556037903,0.0050584906712174416,,0
cebik-w4rnl/Basic-Intermediate-Tutorial-Models/Tutorial-2/ch-18/18-1.nec,ok,ok,0.1011141985654831,0.0654271999374032,1.5454,1
cebik-w4rnl/Basic-Intermediate-Tutorial-Models/Tutorial-2/ch-18/18-10.nec,ok,ok,0.7189203994348645,0.33331380505114794,2.1569,1
cebik-w4rnl/Basic-Intermediate-Tutorial-Models/Tutorial-2/ch-18/18-11.nec,no-impedance,no-impedance,0.0029310453683137894,0.003093310631811619,,0
cebik-w4rnl/Basic-Intermediate-Tutorial-Models/Tutorial-2/ch-18/18-11a.nec,ok,ok,0.8799261562526226,0.5590092372149229,1.5741,1
cebik-w4rnl/Basic-Intermediate-Tutorial-Models/Tutorial-2/ch-18/18-11b.nec,ok,ok,0.8815904892981052,0.5615374622866511,1.5700,1
cebik-w4rnl/Basic-Intermediate-Tutorial-Models/Tutorial-2/ch-18/18-11c.nec,ok,ok,1.7589645646512508,1.1110269222408533,1.5832,1
cebik-w4rnl/Basic-Intermediate-Tutorial-Models/Tutorial-2/ch-18/18-12-nec2.nec,ok,ok,0.003453494980931282,0.003720032051205635,,0
cebik-w4rnl/Basic-Intermediate-Tutorial-Models/Tutorial-2/ch-18/18-12-nec4.nec,ok,ok,0.003408251330256462,0.0036077965050935745,,0
cebik-w4rnl/Basic-Intermediate-Tutorial-Models/Tutorial-2/ch-18/18-13-nec4.nec,ok,ok,0.003321218304336071,0.0036858590319752693,,0
cebik-w4rnl/Basic-Intermediate-Tutorial-Models/Tutorial-2/ch-18/18-14-nec4.nec,ok,ok,0.0036637429147958755,0.003919373266398907,,0
cebik-w4rnl/Basic-Intermediate-Tutorial-Models/Tutorial-2/ch-18/18-2.nec,ok,ok,0.1015128530561924,0.06576084904372692,1.5437,1
cebik-w4rnl/Basic-Intermediate-Tutorial-Models/Tutorial-2/ch-18/18-3.nec,ok,ok,0.10119393188506365,0.06559296231716871,1.5428,1
cebik-w4rnl/Basic-Intermediate-Tutorial-Models/Tutorial-2/ch-18/18-4.nec,ok,ok,0.10183050855994225,0.06568549387156963,1.5503,1
cebik-w4rnl/Basic-Intermediate-Tutorial-Models/Tutorial-2/ch-18/18-5-nec4.nec,ok,ok,0.10219452809542418,0.06565302889794111,1.5566,1
cebik-w4rnl/Basic-Intermediate-Tutorial-Models/Tutorial-2/ch-18/18-6.nec,ok,ok,0.101645995862782,0.06541373766958714,1.5539,1
cebik-w4rnl/Basic-Intermediate-Tutorial-Models/Tutorial-2/ch-18/18-7.nec,ok,ok,0.2875397289171815,0.1414476316422224,2.0328,1
cebik-w4rnl/Basic-Intermediate-Tutorial-Models/Tutorial-2/ch-18/18-8.nec,ok,ok,0.26288473699241877,0.13104692474007607,2.0060,1
cebik-w4rnl/Basic-Intermediate-Tutorial-Models/Tutorial-2/ch-18/18-9.nec,ok,ok,1.0856526028364897,0.4762050975114107,2.2798,1
cebik-w4rnl/Basic-Intermediate-Tutorial-Models/Tutorial-2/ch-19/19-1.nec,ok,ok,0.004930552095174789,0.005201812833547592,,0
cebik-w4rnl/Basic-Intermediate-Tutorial-Models/Tutorial-2/ch-19/19-10.nec,ok,ok,0.013455430045723915,0.01119199302047491,,0
cebik-w4rnl/Basic-Intermediate-Tutorial-Models/Tutorial-2/ch-19/19-10a.nec,ok,ok,0.8060464467853308,0.6595007376745343,1.2222,1
cebik-w4rnl/Basic-Intermediate-Tutorial-Models/Tutorial-2/ch-19/19-10b.nec,ok,ok,0.549849952571094,0.4148663207888603,1.3254,1
cebik-w4rnl/Basic-Intermediate-Tutorial-Models/Tutorial-2/ch-19/19-11.nec,ok,ok,0.008327842690050602,0.09781797509640455,,0
cebik-w4rnl/Basic-Intermediate-Tutorial-Models/Tutorial-2/ch-19/19-11a.nec,ok,ok,0.008349602110683918,0.06436239648610353,,0
cebik-w4rnl/Basic-Intermediate-Tutorial-Models/Tutorial-2/ch-19/19-11b.nec,ok,ok,0.008399424143135548,0.006939129903912544,,0
cebik-w4rnl/Basic-Intermediate-Tutorial-Models/Tutorial-2/ch-19/19-11c.nec,ok,ok,0.14533540327101946,0.09149579331278801,1.5884,1
cebik-w4rnl/Basic-Intermediate-Tutorial-Models/Tutorial-2/ch-19/19-12.nec,ok-no-source,ok-no-source,0.009220602922141552,0.007483622059226036,,0
cebik-w4rnl/Basic-Intermediate-Tutorial-Models/Tutorial-2/ch-19/19-12a.nec,ok-no-source,ok-no-source,0.009116820991039276,0.007588451728224754,,0
cebik-w4rnl/Basic-Intermediate-Tutorial-Models/Tutorial-2/ch-19/19-12b.nec,ok-no-source,ok-no-source,0.014751055277884007,0.01141794677823782,,0
cebik-w4rnl/Basic-Intermediate-Tutorial-Models/Tutorial-2/ch-19/19-13.nec,ok-no-source,ok-no-source,0.009225815534591675,0.0076222289353609085,,0
cebik-w4rnl/Basic-Intermediate-Tutorial-Models/Tutorial-2/ch-19/19-13a.nec,ok-no-source,ok-no-source,0.009100654162466526,0.007676582783460617,,0
cebik-w4rnl/Basic-Intermediate-Tutorial-Models/Tutorial-2/ch-19/19-14.nec,ok-no-source,ok-no-source,0.00925200805068016,0.007621033117175102,,0
cebik-w4rnl/Basic-Intermediate-Tutorial-Models/Tutorial-2/ch-19/19-15-nec4.nec,ok-no-source,ok-no-source,0.009148472920060158,0.0076441289857029915,,0
cebik-w4rnl/Basic-Intermediate-Tutorial-Models/Tutorial-2/ch-19/19-15a-nec4.nec,ok-no-source,ok-no-source,0.009141581133008003,0.007612983696162701,,0
cebik-w4rnl/Basic-Intermediate-Tutorial-Models/Tutorial-2/ch-19/19-16.nec,ok-no-source,ok-no-source,1.2533223954960704,0.6997957341372967,,0
cebik-w4rnl/Basic-Intermediate-Tutorial-Models/Tutorial-2/ch-19/19-16a.nec,ok-no-source,ok-no-source,1.253296890296042,0.7017765762284398,,0
cebik-w4rnl/Basic-Intermediate-Tutorial-Models/Tutorial-2/ch-19/19-16b.nec,ok-no-source,ok-no-source,1.2485508928075433,0.6894026082009077,,0
cebik-w4rnl/Basic-Intermediate-Tutorial-Models/Tutorial-2/ch-19/19-1a.nec,ok-no-source,ok-no-source,0.003123779781162739,0.0033701984211802483,,0
cebik-w4rnl/Basic-Intermediate-Tutorial-Models/Tutorial-2/ch-19/19-2.nec,ok,ok,0.10141233820468187,0.06674659624695778,1.5194,1
cebik-w4rnl/Basic-Intermediate-Tutorial-Models/Tutorial-2/ch-19/19-2a.nec,ok-no-source,ok-no-source,0.10059991851449013,0.06496618688106537,,0
cebik-w4rnl/Basic-Intermediate-Tutorial-Models/Tutorial-2/ch-19/19-3.nec,ok,ok,0.005814923904836178,0.005905258469283581,,0
cebik-w4rnl/Basic-Intermediate-Tutorial-Models/Tutorial-2/ch-19/19-3a.nec,ok-no-source,ok-no-source,0.0033569373190402985,0.0037278197705745697,,0
cebik-w4rnl/Basic-Intermediate-Tutorial-Models/Tutorial-2/ch-19/19-4.nec,ok,ok,0.005203628912568092,0.00538992416113615,,0
cebik-w4rnl/Basic-Intermediate-Tutorial-Models/Tutorial-2/ch-19/19-4a.nec,ok-no-source,ok-no-source,0.003460526466369629,0.0036813663318753242,,0
cebik-w4rnl/Basic-Intermediate-Tutorial-Models/Tutorial-2/ch-19/19-5a.nec,ok-no-source,ok-no-source,0.0029542455449700356,0.0033754389733076096,,0
cebik-w4rnl/Basic-Intermediate-Tutorial-Models/Tutorial-2/ch-19/19-5b.nec,ok-no-source,ok-no-source,0.0028783967718482018,0.0033101849257946014,,0
cebik-w4rnl/Basic-Intermediate-Tutorial-Models/Tutorial-2/ch-19/19-5c.nec,ok-no-source,ok-no-source,0.0029977448284626007,0.0035156887024641037,,0
cebik-w4rnl/Basic-Intermediate-Tutorial-Models/Tutorial-2/ch-19/19-5d.nec,ok-no-source,ok-no-source,0.00284573994576931,0.0033426349982619286,,0
cebik-w4rnl/Basic-Intermediate-Tutorial-Models/Tutorial-2/ch-19/19-5e.nec,ok-no-source,ok-no-source,0.002830938436090946,0.003329625353217125,,0
cebik-w4rnl/Basic-Intermediate-Tutorial-Models/Tutorial-2/ch-19/19-6a.nec,ok-no-source,ok-no-source,0.10016640368849039,0.06518415920436382,,0
cebik-w4rnl/Basic-Intermediate-Tutorial-Models/Tutorial-2/ch-19/19-6b.nec,ok-no-source,ok-no-source,0.10063879378139973,0.06509756576269865,,0
cebik-w4rnl/Basic-Intermediate-Tutorial-Models/Tutorial-2/ch-19/19-6c.nec,ok-no-source,ok-no-source,0.10037598665803671,0.06507520098239183,,0
cebik-w4rnl/Basic-Intermediate-Tutorial-Models/Tutorial-2/ch-19/19-6d.nec,ok-no-source,ok-no-source,0.10036818590015173,0.06524075008928776,,0
cebik-w4rnl/Basic-Intermediate-Tutorial-Models/Tutorial-2/ch-19/19-6e.nec,ok-no-source,ok-no-source,0.10099542234092951,0.06540537904947996,,0
cebik-w4rnl/Basic-Intermediate-Tutorial-Models/Tutorial-2/ch-19/19-7-nec2.nec,ok,ok,0.037522196769714355,0.03214862663298845,,0
cebik-w4rnl/Basic-Intermediate-Tutorial-Models/Tutorial-2/ch-19/19-7a-nec2.nec,ok-no-source,ok-no-source,0.010823090560734272,0.009601106867194176,,0
cebik-w4rnl/Basic-Intermediate-Tutorial-Models/Tutorial-2/ch-19/19-7b-nec2.nec,ok-no-source,ok-no-source,0.010339563712477684,0.00968131609261036,,0
cebik-w4rnl/Basic-Intermediate-Tutorial-Models/Tutorial-2/ch-19/19-8-nec2.nec,ok,ok,0.03900967165827751,0.035165431909263134,,0
cebik-w4rnl/Basic-Intermediate-Tutorial-Models/Tutorial-2/ch-19/19-8a-nec2.nec,ok-no-source,ok-no-source,0.0115947425365448,0.01085242535918951,,0
cebik-w4rnl/Basic-Intermediate-Tutorial-Models/Tutorial-2/ch-19/19-8b-nec2.nec,ok-no-source,ok-no-source,0.011589177884161472,0.010719018056988716,,0
cebik-w4rnl/Basic-Intermediate-Tutorial-Models/Tutorial-2/ch-19/19-9b-nec.nec,ok-no-source,ok-no-source,0.010349650867283344,0.00967410858720541,,0
cebik-w4rnl/Basic-Intermediate-Tutorial-Models/Tutorial-2/ch-19/19-9c-nec2.nec,ok-no-source,ok-no-source,0.010413610376417637,0.009615985676646233,,0
cebik-w4rnl/Basic-Intermediate-Tutorial-Models/Tutorial-2/ch-19/19-9d-nec2.nec,ok-no-source,ok-no-source,0.010349833406507969,0.00980028323829174,,0
cebik-w4rnl/Basic-Intermediate-Tutorial-Models/Tutorial-2/ch-19/19-9e-nec2.nec,ok-no-source,ok-no-source,0.010337376035749912,0.01661835890263319,,0
cebik-w4rnl/Basic-Intermediate-Tutorial-Models/Tutorial-2/ch-2/2-0.nec,ok,ok,0.005667876452207565,0.005953430198132992,,0
cebik-w4rnl/Basic-Intermediate-Tutorial-Models/Tutorial-2/ch-2/2-1.nec,ok,ok,0.007270338013768196,0.00819307565689087,,0
cebik-w4rnl/Basic-Intermediate-Tutorial-Models/Tutorial-2/ch-2/2-1a.nec,ok,ok,0.007218795828521252,0.006634539924561977,,0
cebik-w4rnl/Basic-Intermediate-Tutorial-Models/Tutorial-2/ch-2/2-1b.nec,ok,ok,0.014555701054632664,0.006740002892911434,,0
cebik-w4rnl/Basic-Intermediate-Tutorial-Models/Tutorial-2/ch-2/2-1c.nec,ok,ok,0.007373029366135597,0.007594196125864983,,0
cebik-w4rnl/Basic-Intermediate-Tutorial-Models/Tutorial-2/ch-2/2-2.nec,ok,ok,0.0050627803429961205,0.0054248543456196785,,0
cebik-w4rnl/Basic-Intermediate-Tutorial-Models/Tutorial-2/ch-2/2-2a.nec,ok,ok,0.005326179787516594,0.007527964189648628,,0
cebik-w4rnl/Basic-Intermediate-Tutorial-Models/Tutorial-2/ch-2/2-2b.nec,ok,ok,0.005029389634728432,0.005261837504804134,,0
cebik-w4rnl/Basic-Intermediate-Tutorial-Models/Tutorial-2/ch-2/2-2c.nec,ok,ok,0.005183147266507149,0.005700021982192993,,0
cebik-w4rnl/Basic-Intermediate-Tutorial-Models/Tutorial-2/ch-2/2-2d.nec,error,error,0.0029470734298229218,0.0030362429097294807,,0
cebik-w4rnl/Basic-Intermediate-Tutorial-Models/Tutorial-2/ch-2/2-3.nec,ok,ok,0.005172548815608025,0.0055271536111831665,,0
cebik-w4rnl/Basic-Intermediate-Tutorial-Models/Tutorial-2/ch-2/2-3a.nec,ok,ok,0.0052004242315888405,0.005617329850792885,,0
cebik-w4rnl/Basic-Intermediate-Tutorial-Models/Tutorial-2/ch-2/2-4.nec,ok,ok,0.0064764730632305145,0.00640048086643219,,0
cebik-w4rnl/Basic-Intermediate-Tutorial-Models/Tutorial-2/ch-2/2-4a-nec2.nec,ok,ok,0.006601992063224316,0.006556223146617413,,0
cebik-w4rnl/Basic-Intermediate-Tutorial-Models/Tutorial-2/ch-2/2-4a-nec4.nec,ok,ok,0.006392873823642731,0.006453819572925568,,0
cebik-w4rnl/Basic-Intermediate-Tutorial-Models/Tutorial-2/ch-2/2-5.nec,ok,ok,0.06460889521986246,0.04949566442519426,,0
cebik-w4rnl/Basic-Intermediate-Tutorial-Models/Tutorial-2/ch-2/2-5a-nec2.nec,ok,ok,0.06490276474505663,0.05010723136365414,1.2953,1
cebik-w4rnl/Basic-Intermediate-Tutorial-Models/Tutorial-2/ch-2/2-5a-nec4.nec,ok,ok,0.06104708183556795,0.047365826554596424,,0
cebik-w4rnl/Basic-Intermediate-Tutorial-Models/Tutorial-2/ch-2/2-5b-nec2.nec,ok,ok,0.06683546584099531,0.05097176507115364,1.3112,1
cebik-w4rnl/Basic-Intermediate-Tutorial-Models/Tutorial-2/ch-2/2-5b-nec4.nec,ok,ok,0.061251573264598846,0.0472326809540391,,0
cebik-w4rnl/Basic-Intermediate-Tutorial-Models/Tutorial-2/ch-2/2-6-nec2.nec,ok,ok,0.024213965982198715,0.017138972878456116,,0
cebik-w4rnl/Basic-Intermediate-Tutorial-Models/Tutorial-2/ch-2/2-6-nec4.nec,ok,ok,0.024495244957506657,0.017176182009279728,,0
cebik-w4rnl/Basic-Intermediate-Tutorial-Models/Tutorial-2/ch-2/2-6a-nec2.nec,ok,ok,0.024303507059812546,0.017105847597122192,,0
cebik-w4rnl/Basic-Intermediate-Tutorial-Models/Tutorial-2/ch-2/2-6a-nec4.nec,ok,ok,0.024211406707763672,0.01775117591023445,,0
cebik-w4rnl/Basic-Intermediate-Tutorial-Models/Tutorial-2/ch-2/2-7.nec,ok,ok,0.004829488694667816,0.004921966232359409,,0
cebik-w4rnl/Basic-Intermediate-Tutorial-Models/Tutorial-2/ch-2/2-7a.nec,ok,ok,0.005715631879866123,0.005157629027962685,,0
cebik-w4rnl/Basic-Intermediate-Tutorial-Models/Tutorial-2/ch-2/2-7b.nec,ok,ok,0.007314113900065422,0.006112752482295036,,0
cebik-w4rnl/Basic-Intermediate-Tutorial-Models/Tutorial-2/ch-20/20-1-nec2.nec,ok,ok,0.004716143012046814,0.005291212350130081,,0
cebik-w4rnl/Basic-Intermediate-Tutorial-Models/Tutorial-2/ch-20/20-10.nec,ok,ok,0.005099998787045479,0.007249702699482441,,0
cebik-w4rnl/Basic-Intermediate-Tutorial-Models/Tutorial-2/ch-20/20-10a.nec,ok,ok,0.005180796608328819,0.005594966933131218,,0
cebik-w4rnl/Basic-Intermediate-Tutorial-Models/Tutorial-2/ch-20/20-11.nec,ok,ok,0.005263489671051502,0.005490681156516075,,0
cebik-w4rnl/Basic-Intermediate-Tutorial-Models/Tutorial-2/ch-20/20-11a.nec,ok,ok,0.005183367058634758,0.0076624685898423195,,0
cebik-w4rnl/Basic-Intermediate-Tutorial-Models/Tutorial-2/ch-20/20-12.nec,ok,ok,0.004961884580552578,0.005323230288922787,,0
cebik-w4rnl/Basic-Intermediate-Tutorial-Models/Tutorial-2/ch-20/20-13.nec,ok,ok,0.00329524464905262,0.004121527075767517,,0
cebik-w4rnl/Basic-Intermediate-Tutorial-Models/Tutorial-2/ch-20/20-14.nec,ok,ok,0.3004284184426069,0.19178833346813917,1.5665,1
cebik-w4rnl/Basic-Intermediate-Tutorial-Models/Tutorial-2/ch-20/20-15.nec,ok,ok,0.08922414295375347,0.05883469805121422,1.5165,1
cebik-w4rnl/Basic-Intermediate-Tutorial-Models/Tutorial-2/ch-20/20-15a.nec,ok,ok,0.09098855592310429,0.06041203159838915,1.5061,1
cebik-w4rnl/Basic-Intermediate-Tutorial-Models/Tutorial-2/ch-20/20-15b.nec,ok,ok,0.2875495431944728,0.1803539665415883,1.5944,1
cebik-w4rnl/Basic-Intermediate-Tutorial-Models/Tutorial-2/ch-20/20-2a-nec2.nec,ok,ok,0.004917600192129612,0.005137250758707523,,0
cebik-w4rnl/Basic-Intermediate-Tutorial-Models/Tutorial-2/ch-20/20-2b-nec2.nec,ok,ok,0.004773988388478756,0.00505934190005064,,0
cebik-w4rnl/Basic-Intermediate-Tutorial-Models/Tutorial-2/ch-20/20-2c-nec2.nec,ok,ok,0.004801813513040543,0.005150088109076023,,0
cebik-w4rnl/Basic-Intermediate-Tutorial-Models/Tutorial-2/ch-20/20-2d-nec2.nec,ok,ok,0.004936576820909977,0.005115041509270668,,0
cebik-w4rnl/Basic-Intermediate-Tutorial-Models/Tutorial-2/ch-20/20-2e-nec2.nec,ok,ok,0.004751420579850674,0.005138841457664967,,0
cebik-w4rnl/Basic-Intermediate-Tutorial-Models/Tutorial-2/ch-20/20-2f-nec2.nec,ok,ok,0.00479617714881897,0.005126321688294411,,0
cebik-w4rnl/Basic-Intermediate-Tutorial-Models/Tutorial-2/ch-20/20-2g-nec.nec,ok,ok,0.004781380295753479,0.005129129625856876,,0
cebik-w4rnl/Basic-Intermediate-Tutorial-Models/Tutorial-2/ch-20/20-3a.nec,ok,ok,0.004718035459518433,0.0051429253071546555,,0
cebik-w4rnl/Basic-Intermediate-Tutorial-Models/Tutorial-2/ch-20/20-3b.nec,ok,ok,0.004777616821229458,0.005069212056696415,,0
cebik-w4rnl/Basic-Intermediate-Tutorial-Models/Tutorial-2/ch-20/20-3c.nec,ok,ok,0.0047511151060462,0.005046509206295013,,0
cebik-w4rnl/Basic-Intermediate-Tutorial-Models/Tutorial-2/ch-20/20-3d.nec,ok,ok,0.0047310348600149155,0.005044352263212204,,0
cebik-w4rnl/Basic-Intermediate-Tutorial-Models/Tutorial-2/ch-20/20-3e.nec,ok,ok,0.004870373755693436,0.005135646089911461,,0
cebik-w4rnl/Basic-Intermediate-Tutorial-Models/Tutorial-2/ch-20/20-3f.nec,ok,ok,0.004754018038511276,0.005158058367669582,,0
cebik-w4rnl/Basic-Intermediate-Tutorial-Models/Tutorial-2/ch-20/20-3g.nec,ok,ok,0.004762057214975357,0.005132458172738552,,0
cebik-w4rnl/Basic-Intermediate-Tutorial-Models/Tutorial-2/ch-20/20-4a-nec2.nec,ok,ok,0.005069378763437271,0.005072152242064476,,0
cebik-w4rnl/Basic-Intermediate-Tutorial-Models/Tutorial-2/ch-20/20-4b-nec2.nec,ok,ok,0.005090868100523949,0.005091523751616478,,0
cebik-w4rnl/Basic-Intermediate-Tutorial-Models/Tutorial-2/ch-20/20-4c-nec2.nec,ok,ok,0.005026193335652351,0.005132327787578106,,0
cebik-w4rnl/Basic-Intermediate-Tutorial-Models/Tutorial-2/ch-20/20-4d-nec2.nec,ok,ok,0.004997416399419308,0.005078792572021484,,0
cebik-w4rnl/Basic-Intermediate-Tutorial-Models/Tutorial-2/ch-20/20-4e-nec2.nec,ok,ok,0.0050831567496061325,0.005091991275548935,,0
cebik-w4rnl/Basic-Intermediate-Tutorial-Models/Tutorial-2/ch-20/20-4f-nec2.nec,ok,ok,0.004943094216287136,0.005046314559876919,,0
cebik-w4rnl/Basic-Intermediate-Tutorial-Models/Tutorial-2/ch-20/20-4g-nec2.nec,ok,ok,0.005047457292675972,0.005188211798667908,,0
cebik-w4rnl/Basic-Intermediate-Tutorial-Models/Tutorial-2/ch-20/20-5a.nec,ok,ok,0.005371089093387127,0.005260232836008072,,0
cebik-w4rnl/Basic-Intermediate-Tutorial-Models/Tutorial-2/ch-20/20-5b.nec,ok,ok,0.0050975484773516655,0.00516851432621479,,0
cebik-w4rnl/Basic-Intermediate-Tutorial-Models/Tutorial-2/ch-20/20-5c.nec,ok,ok,0.004948867484927177,0.0051985932514071465,,0
cebik-w4rnl/Basic-Intermediate-Tutorial-Models/Tutorial-2/ch-20/20-5d.nec,ok,ok,0.005637632682919502,0.005147414281964302,,0
cebik-w4rnl/Basic-Intermediate-Tutorial-Models/Tutorial-2/ch-20/20-5e.nec,ok,ok,0.005268328823149204,0.005249449051916599,,0
cebik-w4rnl/Basic-Intermediate-Tutorial-Models/Tutorial-2/ch-20/20-5f.nec,ok,ok,0.007091531530022621,0.00520534161478281,,0
cebik-w4rnl/Basic-Intermediate-Tutorial-Models/Tutorial-2/ch-20/20-5g.nec,ok,ok,0.005107861012220383,0.005445422604680061,,0
cebik-w4rnl/Basic-Intermediate-Tutorial-Models/Tutorial-2/ch-20/20-6.nec,ok,ok,0.006863060407340527,0.00580972246825695,,0
cebik-w4rnl/Basic-Intermediate-Tutorial-Models/Tutorial-2/ch-20/20-6a.nec,ok,ok,0.00544204656034708,0.005466032773256302,,0
cebik-w4rnl/Basic-Intermediate-Tutorial-Models/Tutorial-2/ch-20/20-6b.nec,ok,ok,0.008358846418559551,0.005683662369847298,,0
cebik-w4rnl/Basic-Intermediate-Tutorial-Models/Tutorial-2/ch-20/20-7.nec,ok,ok,0.003278893418610096,0.005101487040519714,,0
cebik-w4rnl/Basic-Intermediate-Tutorial-Models/Tutorial-2/ch-20/20-8-nec2.nec,ok,ok,0.0035901106894016266,0.00397838931530714,,0
cebik-w4rnl/Basic-Intermediate-Tutorial-Models/Tutorial-2/ch-20/20-8-nec4.nec,ok-no-source,ok-no-source,0.003096344880759716,0.0032831495627760887,,0
cebik-w4rnl/Basic-Intermediate-Tutorial-Models/Tutorial-2/ch-20/20-9-nec2.nec,ok,ok,0.033147627487778664,0.018012290820479393,,0
cebik-w4rnl/Basic-Intermediate-Tutorial-Models/Tutorial-2/ch-20/20-9-nec4.nec,ok-no-source,ok-no-source,0.029318531043827534,0.0158023489639163,,0
cebik-w4rnl/Basic-Intermediate-Tutorial-Models/Tutorial-2/ch-21/21-1.nec,ok,ok,0.007656886242330074,0.007372901774942875,,0
cebik-w4rnl/Basic-Intermediate-Tutorial-Models/Tutorial-2/ch-21/21-10.nec,ok,ok,0.020442851819097996,0.016056915745139122,,0
cebik-w4rnl/Basic-Intermediate-Tutorial-Models/Tutorial-2/ch-21/21-11.nec,ok,ok,0.13294318038970232,0.09113686252385378,1.4587,1
cebik-w4rnl/Basic-Intermediate-Tutorial-Models/Tutorial-2/ch-21/21-12a.nec,ok,ok,0.007609045132994652,0.0073283882811665535,,0
cebik-w4rnl/Basic-Intermediate-Tutorial-Models/Tutorial-2/ch-21/21-12b.nec,ok,ok,0.007487169466912746,0.00738656148314476,,0
cebik-w4rnl/Basic-Intermediate-Tutorial-Models/Tutorial-2/ch-21/21-12c.nec,ok,ok,0.007530291564762592,0.007434936240315437,,0
cebik-w4rnl/Basic-Intermediate-Tutorial-Models/Tutorial-2/ch-21/21-13.nec,ok,ok,0.01743259746581316,0.013221802189946175,,0
cebik-w4rnl/Basic-Intermediate-Tutorial-Models/Tutorial-2/ch-21/21-14.nec,ok,ok,0.013542624190449715,0.011085189878940582,,0
cebik-w4rnl/Basic-Intermediate-Tutorial-Models/Tutorial-2/ch-21/21-15.nec,ok,ok,0.013754980638623238,0.011031812988221645,,0
cebik-w4rnl/Basic-Intermediate-Tutorial-Models/Tutorial-2/ch-21/21-2.nec,ok,ok,0.007552105002105236,0.011328307911753654,,0
cebik-w4rnl/Basic-Intermediate-Tutorial-Models/Tutorial-2/ch-21/21-3.nec,ok,ok,0.007530992850661278,0.010092589072883129,,0
cebik-w4rnl/Basic-Intermediate-Tutorial-Models/Tutorial-2/ch-21/21-4.nec,ok,ok,0.00752370897680521,0.007722233422100544,,0
cebik-w4rnl/Basic-Intermediate-Tutorial-Models/Tutorial-2/ch-21/21-5.nec,ok,ok,0.020221136510372162,0.01346452347934246,,0
cebik-w4rnl/Basic-Intermediate-Tutorial-Models/Tutorial-2/ch-21/21-6.nec,ok,ok,0.0827756766229868,0.0401432765647769,,0
cebik-w4rnl/Basic-Intermediate-Tutorial-Models/Tutorial-2/ch-21/21-7.nec,ok,ok,0.015989783219993114,0.013278473168611526,,0
cebik-w4rnl/Basic-Intermediate-Tutorial-Models/Tutorial-2/ch-21/21-8.nec,ok,ok,0.007020370103418827,0.006962217390537262,,0
cebik-w4rnl/Basic-Intermediate-Tutorial-Models/Tutorial-2/ch-21/21-9.nec,ok,ok,0.022176049649715424,0.020586399361491203,,0
cebik-w4rnl/Basic-Intermediate-Tutorial-Models/Tutorial-2/ch-3/3-0.nec,ok,ok,0.0054565304890275,0.005414331331849098,,0
cebik-w4rnl/Basic-Intermediate-Tutorial-Models/Tutorial-2/ch-3/3-1.nec,ok,ok,0.007356608286499977,0.01529515441507101,,0
cebik-w4rnl/Basic-Intermediate-Tutorial-Models/Tutorial-2/ch-3/3-1a-nec2.nec,ok,ok,0.0075516486540436745,0.0057204123586416245,,0
cebik-w4rnl/Basic-Intermediate-Tutorial-Models/Tutorial-2/ch-3/3-1a-nec4.nec,ok,ok,0.005020434968173504,0.007592952810227871,,0
cebik-w4rnl/Basic-Intermediate-Tutorial-Models/Tutorial-2/ch-3/3-1b-nec4.nec,ok,ok,0.007527354173362255,0.006181531585752964,,0
cebik-w4rnl/Basic-Intermediate-Tutorial-Models/Tutorial-2/ch-3/3-1c-nec4.nec,ok,ok,0.005234776064753532,0.006295477040112019,,0
cebik-w4rnl/Basic-Intermediate-Tutorial-Models/Tutorial-2/ch-3/3-1d-nec4.nec,ok,ok,0.00558921042829752,0.005718240514397621,,0
cebik-w4rnl/Basic-Intermediate-Tutorial-Models/Tutorial-2/ch-3/3-2.nec,ok,ok,0.3723090784624219,0.2450064131990075,1.5196,1
cebik-w4rnl/Basic-Intermediate-Tutorial-Models/Tutorial-2/ch-3/3-2a-nec4.nec,ok,ok,0.3736355770379305,0.24602194875478745,1.5187,1
cebik-w4rnl/Basic-Intermediate-Tutorial-Models/Tutorial-2/ch-3/3-2b-nec4.nec,ok,ok,0.38685184996575117,0.24692690558731556,1.5667,1
cebik-w4rnl/Basic-Intermediate-Tutorial-Models/Tutorial-2/ch-3/3-3.nec,ok,ok,0.004692992195487022,0.00500904954969883,,0
cebik-w4rnl/Basic-Intermediate-Tutorial-Models/Tutorial-2/ch-3/3-3a.nec,ok,ok,0.004692402668297291,0.004926805384457111,,0
cebik-w4rnl/Basic-Intermediate-Tutorial-Models/Tutorial-2/ch-3/3-3b.nec,ok,ok,0.00471093412488699,0.0050201416015625,,0
cebik-w4rnl/Basic-Intermediate-Tutorial-Models/Tutorial-2/ch-3/3-3c.nec,ok,ok,0.004655766300857067,0.00505384337157011,,0
cebik-w4rnl/Basic-Intermediate-Tutorial-Models/Tutorial-2/ch-3/3-4.nec,ok,ok,0.01940414123237133,0.0145445317029953,,0
cebik-w4rnl/Basic-Intermediate-Tutorial-Models/Tutorial-2/ch-3/3-4a.nec,ok,ok,0.01327010802924633,0.010695177130401134,,0
cebik-w4rnl/Basic-Intermediate-Tutorial-Models/Tutorial-2/ch-3/3-5.nec,ok,ok,0.033217706717550755,0.02242784295231104,,0
cebik-w4rnl/Basic-Intermediate-Tutorial-Models/Tutorial-2/ch-3/3-5a.nec,ok,ok,0.013171800412237644,0.010691124945878983,,0
cebik-w4rnl/Basic-Intermediate-Tutorial-Models/Tutorial-2/ch-3/3-6.nec,ok,ok,0.0048305438831448555,0.005075031891465187,,0
cebik-w4rnl/Basic-Intermediate-Tutorial-Models/Tutorial-2/ch-3/3-6a.nec,ok,ok,0.00476518739014864,0.005041545256972313,,0
cebik-w4rnl/Basic-Intermediate-Tutorial-Models/Tutorial-2/ch-3/3-6b.nec,ok,ok,0.004711209796369076,0.005098399706184864,,0
cebik-w4rnl/Basic-Intermediate-Tutorial-Models/Tutorial-2/ch-3/3-6c.nec,ok,ok,0.004748747684061527,0.005075749009847641,,0
cebik-w4rnl/Basic-Intermediate-Tutorial-Models/Tutorial-2/ch-3/3-7.nec,ok,ok,0.004914386197924614,0.005313756875693798,,0
cebik-w4rnl/Basic-Intermediate-Tutorial-Models/Tutorial-2/ch-3/3-7a.nec,ok,ok,0.004955850541591644,0.005202560685575008,,0
cebik-w4rnl/Basic-Intermediate-Tutorial-Models/Tutorial-2/ch-3/3-7b.nec,ok,ok,0.00812707468867302,0.007532547228038311,,0
cebik-w4rnl/Basic-Intermediate-Tutorial-Models/Tutorial-2/ch-3/3-8.nec,ok,ok,0.009534943848848343,0.008297977037727833,,0
cebik-w4rnl/Basic-Intermediate-Tutorial-Models/Tutorial-2/ch-3/3-8a.nec,ok,ok,0.006924469955265522,0.006773820146918297,,0
cebik-w4rnl/Basic-Intermediate-Tutorial-Models/Tutorial-2/ch-3/3-9.nec,ok,ok,0.019508170895278454,0.014427746646106243,,0
cebik-w4rnl/Basic-Intermediate-Tutorial-Models/Tutorial-2/ch-3/3-9a.nec,ok,ok,0.018971407786011696,0.013250412419438362,,0
cebik-w4rnl/Basic-Intermediate-Tutorial-Models/Tutorial-2/ch-4/4-1-nec2.nec,ok,ok,0.020268453285098076,0.01632002741098404,,0
cebik-w4rnl/Basic-Intermediate-Tutorial-Models/Tutorial-2/ch-4/4-1.nec,ok,ok,0.019507987424731255,0.016058827750384808,,0
cebik-w4rnl/Basic-Intermediate-Tutorial-Models/Tutorial-2/ch-4/4-1a.nec,ok,ok,0.01955749001353979,0.015986422076821327,,0
cebik-w4rnl/Basic-Intermediate-Tutorial-Models/Tutorial-2/ch-4/4-1b.nec,ok,ok,0.019681804813444614,0.015707068145275116,,0
cebik-w4rnl/Basic-Intermediate-Tutorial-Models/Tutorial-2/ch-4/4-1c.nec,ok,ok,0.01983047090470791,0.016277807764708996,,0
cebik-w4rnl/Basic-Intermediate-Tutorial-Models/Tutorial-2/ch-4/4-2a.nec,ok,ok,0.01987563632428646,0.016224930994212627,,0
cebik-w4rnl/Basic-Intermediate-Tutorial-Models/Tutorial-2/ch-4/4-2b.nec,ok,ok,0.01982620172202587,0.016378982923924923,,0
cebik-w4rnl/Basic-Intermediate-Tutorial-Models/Tutorial-2/ch-4/4-3a.nec,ok,ok,0.038584064692258835,0.03190606739372015,,0
cebik-w4rnl/Basic-Intermediate-Tutorial-Models/Tutorial-2/ch-4/4-3b.nec,ok,ok,0.013877559453248978,0.012399283237755299,,0
cebik-w4rnl/Basic-Intermediate-Tutorial-Models/Tutorial-2/ch-4/4-3c.nec,ok,ok,0.014480272307991982,0.012621370144188404,,0
cebik-w4rnl/Basic-Intermediate-Tutorial-Models/Tutorial-2/ch-4/4-4.nec,ok,ok,0.22958517353981733,0.13059728126972914,1.7580,1
cebik-w4rnl/Basic-Intermediate-Tutorial-Models/Tutorial-2/ch-4/4-4a.nec,ok,ok,0.2316206144168973,0.13170047290623188,1.7587,1
cebik-w4rnl/Basic-Intermediate-Tutorial-Models/Tutorial-2/ch-4/4-5.nec,ok,ok,0.02211542520672083,0.018105441704392433,,0
cebik-w4rnl/Basic-Intermediate-Tutorial-Models/Tutorial-2/ch-4/4-5a.nec,ok,ok,0.02800043113529682,0.02335482183843851,,0
cebik-w4rnl/Basic-Intermediate-Tutorial-Models/Tutorial-2/ch-4/4-5b.nec,ok,ok,0.03253814112395048,0.026201723143458366,,0
cebik-w4rnl/Basic-Intermediate-Tutorial-Models/Tutorial-2/ch-4/4-5c.nec,ok,ok,0.032885306514799595,0.025634069927036762,,0
cebik-w4rnl/Basic-Intermediate-Tutorial-Models/Tutorial-2/ch-4/4-6.nec,ok,ok,0.017956461757421494,0.013493224047124386,,0
cebik-w4rnl/Basic-Intermediate-Tutorial-Models/Tutorial-2/ch-4/4-6a.nec,ok,ok,0.01796098332852125,0.013639021664857864,,0
cebik-w4rnl/Basic-Intermediate-Tutorial-Models/Tutorial-2/ch-4/4-7.nec,ok,ok,0.031822106800973415,0.01902030874043703,,0
cebik-w4rnl/Basic-Intermediate-Tutorial-Models/Tutorial-2/ch-4/4-7a.nec,ok,ok,0.012398242019116879,0.010024393908679485,,0
cebik-w4rnl/Basic-Intermediate-Tutorial-Models/Tutorial-2/ch-4/4-8.nec,ok,ok,0.2331773154437542,0.13945384602993727,1.6721,1
cebik-w4rnl/Basic-Intermediate-Tutorial-Models/Tutorial-2/ch-4/4-9.nec,ok,ok,0.03798079490661621,0.028897308744490147,,0
cebik-w4rnl/Basic-Intermediate-Tutorial-Models/Tutorial-2/ch-4/4-9a.nec,ok,ok,0.03770634904503822,0.028937112540006638,,0
cebik-w4rnl/Basic-Intermediate-Tutorial-Models/Tutorial-2/ch-5/5-1.nec,ok,ok,0.006159607321023941,0.005968715995550156,,0
cebik-w4rnl/Basic-Intermediate-Tutorial-Models/Tutorial-2/ch-5/5-10.nec,ok,ok,0.6889142850413918,0.44931020867079496,1.5333,1
cebik-w4rnl/Basic-Intermediate-Tutorial-Models/Tutorial-2/ch-5/5-10a.nec,ok,ok,0.41894557885825634,0.2715247170999646,1.5429,1
cebik-w4rnl/Basic-Intermediate-Tutorial-Models/Tutorial-2/ch-5/5-1a.nec,ok,ok,0.006113057024776936,0.005914413370192051,,0
cebik-w4rnl/Basic-Intermediate-Tutorial-Models/Tutorial-2/ch-5/5-1b.nec,ok,ok,0.005716015584766865,0.005757150240242481,,0
cebik-w4rnl/Basic-Intermediate-Tutorial-Models/Tutorial-2/ch-5/5-2a.nec,ok,ok,0.0065001798793673515,0.0062567684799432755,,0
cebik-w4rnl/Basic-Intermediate-Tutorial-Models/Tutorial-2/ch-5/5-2b.nec,ok,ok,0.006533762440085411,0.0062212953343987465,,0
cebik-w4rnl/Basic-Intermediate-Tutorial-Models/Tutorial-2/ch-5/5-3.nec,ok,ok,0.006172475405037403,0.006000744178891182,,0
cebik-w4rnl/Basic-Intermediate-Tutorial-Models/Tutorial-2/ch-5/5-3a.nec,ok,ok,0.005839509889483452,0.0058518582955002785,,0
cebik-w4rnl/Basic-Intermediate-Tutorial-Models/Tutorial-2/ch-5/5-3b.nec,ok,ok,0.005792106501758099,0.005887649953365326,,0
cebik-w4rnl/Basic-Intermediate-Tutorial-Models/Tutorial-2/ch-5/5-4.nec,ok,ok,0.004791855812072754,0.00526027474552393,,0
cebik-w4rnl/Basic-Intermediate-Tutorial-Models/Tutorial-2/ch-5/5-4a.nec,ok,ok,0.005222732201218605,0.0054863691329956055,,0
cebik-w4rnl/Basic-Intermediate-Tutorial-Models/Tutorial-2/ch-5/5-5.nec,ok,ok,0.009560330770909786,0.008403022773563862,,0
cebik-w4rnl/Basic-Intermediate-Tutorial-Models/Tutorial-2/ch-5/5-5a.nec,ok,ok,0.014697561971843243,0.012310161255300045,,0
cebik-w4rnl/Basic-Intermediate-Tutorial-Models/Tutorial-2/ch-5/5-6.nec,ok,ok,0.005408719182014465,0.007933939807116985,,0
cebik-w4rnl/Basic-Intermediate-Tutorial-Models/Tutorial-2/ch-5/5-6a.nec,ok,ok,0.006073269993066788,0.006253248080611229,,0
cebik-w4rnl/Basic-Intermediate-Tutorial-Models/Tutorial-2/ch-5/5-6b.nec,ok,ok,0.0064151715487241745,0.008652429096400738,,0
cebik-w4rnl/Basic-Intermediate-Tutorial-Models/Tutorial-2/ch-5/5-7.nec,ok,ok,0.013211145997047424,0.011325974948704243,,0
cebik-w4rnl/Basic-Intermediate-Tutorial-Models/Tutorial-2/ch-5/5-7a.nec,ok,ok,0.10659064631909132,0.06270617246627808,1.6998,1
cebik-w4rnl/Basic-Intermediate-Tutorial-Models/Tutorial-2/ch-5/5-7b.nec,ok,ok,0.10552206449210644,0.06214137747883797,1.6981,1
cebik-w4rnl/Basic-Intermediate-Tutorial-Models/Tutorial-2/ch-5/5-7c.nec,ok,ok,0.043230608105659485,0.03149652015417814,,0
cebik-w4rnl/Basic-Intermediate-Tutorial-Models/Tutorial-2/ch-5/5-7d.nec,ok,ok,0.043040637858211994,0.031448978930711746,,0
cebik-w4rnl/Basic-Intermediate-Tutorial-Models/Tutorial-2/ch-5/5-8.nec,ok,ok,8.19699763506651,5.122392331250012,1.6002,1
cebik-w4rnl/Basic-Intermediate-Tutorial-Models/Tutorial-2/ch-5/5-8a.nec,ok,ok,18.7972591528669,12.121158517897129,1.5508,1
cebik-w4rnl/Basic-Intermediate-Tutorial-Models/Tutorial-2/ch-5/5-8b.nec,ok,ok,1.7258664350956678,0.9929487034678459,1.7381,1
cebik-w4rnl/Basic-Intermediate-Tutorial-Models/Tutorial-2/ch-5/5-9.nec,ok,ok,0.006983055733144283,0.007116707973182201,,0
cebik-w4rnl/Basic-Intermediate-Tutorial-Models/Tutorial-2/ch-5/5-9a.nec,ok,ok,0.009644917212426662,0.009208258241415024,,0
cebik-w4rnl/Basic-Intermediate-Tutorial-Models/Tutorial-2/ch-5/5-9b.nec,ok,ok,0.007052197121083736,0.007232173345983028,,0
cebik-w4rnl/Basic-Intermediate-Tutorial-Models/Tutorial-2/ch-5/5-9c-nec2.nec,error,error,0.00413412693887949,0.004501854069530964,,0
cebik-w4rnl/Basic-Intermediate-Tutorial-Models/Tutorial-2/ch-5/5-9c-nec4.nec,error,error,0.003990205004811287,0.00441377330571413,,0
cebik-w4rnl/Basic-Intermediate-Tutorial-Models/Tutorial-2/ch-6/6-4.nec,ok-no-source,ok-no-source,0.048975332640111446,0.038166810758411884,,0
cebik-w4rnl/Basic-Intermediate-Tutorial-Models/Tutorial-2/ch-6/6-4a.nec,ok,ok,0.07063942588865757,0.0536628570407629,1.3164,1
cebik-w4rnl/Basic-Intermediate-Tutorial-Models/Tutorial-2/ch-6/6-5a.nec,ok,ok,0.7257082108408213,0.3774237250909209,1.9228,1
cebik-w4rnl/Basic-Intermediate-Tutorial-Models/Tutorial-2/ch-6/6-6-nec2.nec,ok,ok,0.44696165062487125,0.29204580653458834,1.5305,1
cebik-w4rnl/Basic-Intermediate-Tutorial-Models/Tutorial-2/ch-6/6-6-nec4.nec,ok,ok,0.44731442630290985,0.2918857615441084,1.5325,1
cebik-w4rnl/Basic-Intermediate-Tutorial-Models/Tutorial-2/ch-6/6-s1.nec,ok-no-source,ok-no-source,0.007354158908128738,0.007016695104539394,,0
cebik-w4rnl/Basic-Intermediate-Tutorial-Models/Tutorial-2/ch-6/6-s1a.nec,ok-no-source,ok-no-source,0.013379078358411789,0.012775609269738197,,0
cebik-w4rnl/Basic-Intermediate-Tutorial-Models/Tutorial-2/ch-6/6-s2.nec,ok-no-source,ok-no-source,1.0382587779313326,0.7084420286118984,,0
cebik-w4rnl/Basic-Intermediate-Tutorial-Models/Tutorial-2/ch-6/6-s3a.nec,ok,ok,0.025609311647713184,0.02046533301472664,,0
cebik-w4rnl/Basic-Intermediate-Tutorial-Models/Tutorial-2/ch-6/6-s4.nec,ok-no-source,ok-no-source,0.0516161760315299,0.037935382686555386,,0
cebik-w4rnl/Basic-Intermediate-Tutorial-Models/Tutorial-2/ch-6/6-s4a.nec,ok,ok,0.07342785410583019,0.05402938835322857,1.3590,1
cebik-w4rnl/Basic-Intermediate-Tutorial-Models/Tutorial-2/ch-7/7-0.nec,ok,ok,0.03719370812177658,0.027972296811640263,,0
cebik-w4rnl/Basic-Intermediate-Tutorial-Models/Tutorial-2/ch-7/7-1.nec,ok,ok,0.006107812747359276,0.0062897056341171265,,0
cebik-w4rnl/Basic-Intermediate-Tutorial-Models/Tutorial-2/ch-7/7-10.nec,ok,ok,0.024827351793646812,0.019617442972958088,,0
cebik-w4rnl/Basic-Intermediate-Tutorial-Models/Tutorial-2/ch-7/7-10a.nec,ok,ok,0.03287554066628218,0.024899039417505264,,0
cebik-w4rnl/Basic-Intermediate-Tutorial-Models/Tutorial-2/ch-7/7-10b.nec,ok,ok,0.0312862629070878,0.024119037203490734,,0
cebik-w4rnl/Basic-Intermediate-Tutorial-Models/Tutorial-2/ch-7/7-10c.nec,ok,ok,0.032434651628136635,0.024803968146443367,,0
cebik-w4rnl/Basic-Intermediate-Tutorial-Models/Tutorial-2/ch-7/7-11.nec,ok,ok,0.00972809363156557,0.00853784754872322,,0
cebik-w4rnl/Basic-Intermediate-Tutorial-Models/Tutorial-2/ch-7/7-11a.nec,ok,ok,0.00969515647739172,0.008565898053348064,,0
cebik-w4rnl/Basic-Intermediate-Tutorial-Models/Tutorial-2/ch-7/7-1a.nec,ok,ok,0.006334606558084488,0.006312189623713493,,0
cebik-w4rnl/Basic-Intermediate-Tutorial-Models/Tutorial-2/ch-7/7-2.nec,ok,ok,0.005738000385463238,0.005863999016582966,,0
cebik-w4rnl/Basic-Intermediate-Tutorial-Models/Tutorial-2/ch-7/7-2a.nec,ok,ok,0.005793584510684013,0.005872800946235657,,0
cebik-w4rnl/Basic-Intermediate-Tutorial-Models/Tutorial-2/ch-7/7-2b.nec,ok,ok,0.005682835355401039,0.00587721262127161,,0
cebik-w4rnl/Basic-Intermediate-Tutorial-Models/Tutorial-2/ch-7/7-3.nec,ok,ok,0.006023998372256756,0.006149242632091045,,0
cebik-w4rnl/Basic-Intermediate-Tutorial-Models/Tutorial-2/ch-7/7-3a.nec,ok,ok,0.006115325726568699,0.006134567782282829,,0
cebik-w4rnl/Basic-Intermediate-Tutorial-Models/Tutorial-2/ch-7/7-4.nec,ok,ok,0.005532332696020603,0.005686196498572826,,0
cebik-w4rnl/Basic-Intermediate-Tutorial-Models/Tutorial-2/ch-7/7-5.nec,ok,ok,0.005436103790998459,0.005683942697942257,,0
cebik-w4rnl/Basic-Intermediate-Tutorial-Models/Tutorial-2/ch-7/7-5a.nec,ok,ok,0.005204562097787857,0.005173199810087681,,0
cebik-w4rnl/Basic-Intermediate-Tutorial-Models/Tutorial-2/ch-7/7-5b.nec,ok,ok,0.006146630272269249,0.005807309411466122,,0
cebik-w4rnl/Basic-Intermediate-Tutorial-Models/Tutorial-2/ch-7/7-8.nec,ok,ok,0.026385271921753883,0.01840541511774063,,0
cebik-w4rnl/Basic-Intermediate-Tutorial-Models/Tutorial-2/ch-7/7-9.nec,ok,ok,0.01818983629345894,0.013602238148450851,,0
cebik-w4rnl/Basic-Intermediate-Tutorial-Models/Tutorial-2/ch-7/7-9a.nec,ok,ok,0.34749926161020994,0.22298292070627213,1.5584,1
cebik-w4rnl/Basic-Intermediate-Tutorial-Models/Tutorial-2/ch-8/8-1.nec,ok,ok,0.003307177685201168,0.003554818220436573,,0
cebik-w4rnl/Basic-Intermediate-Tutorial-Models/Tutorial-2/ch-8/8-1a.nec,ok,ok,0.005130115896463394,0.005412723869085312,,0
cebik-w4rnl/Basic-Intermediate-Tutorial-Models/Tutorial-2/ch-8/8-1b.nec,ok,ok,0.003314894624054432,0.003702964633703232,,0
cebik-w4rnl/Basic-Intermediate-Tutorial-Models/Tutorial-2/ch-8/8-1c.nec,ok,ok,0.00417777244001627,0.00439996924251318,,0
cebik-w4rnl/Basic-Intermediate-Tutorial-Models/Tutorial-2/ch-8/8-2_1.nec,ok,ok,0.005091807805001736,0.005422266200184822,,0
cebik-w4rnl/Basic-Intermediate-Tutorial-Models/Tutorial-2/ch-8/8-2_2.nec,ok,ok,0.0048003895208239555,0.005300935357809067,,0
cebik-w4rnl/Basic-Intermediate-Tutorial-Models/Tutorial-2/ch-8/8-3.nec,ok,ok,0.0035162270069122314,0.0038222577422857285,,0
cebik-w4rnl/Basic-Intermediate-Tutorial-Models/Tutorial-2/ch-8/8-3a.nec,no-impedance,no-impedance,0.003078050911426544,0.003269437700510025,,0
cebik-w4rnl/Basic-Intermediate-Tutorial-Models/Tutorial-2/ch-8/8-3b.nec,no-impedance,no-impedance,0.0030000796541571617,0.003282642923295498,,0
cebik-w4rnl/Basic-Intermediate-Tutorial-Models/Tutorial-2/ch-8/8-3c.nec,ok,ok,0.004026150330901146,0.0041352491825819016,,0
cebik-w4rnl/Basic-Intermediate-Tutorial-Models/Tutorial-2/ch-8/8-3d.nec,ok,ok,0.004608528688549995,0.005036580376327038,,0
cebik-w4rnl/Basic-Intermediate-Tutorial-Models/Tutorial-2/ch-8/8-4.nec,ok,ok,0.010490277782082558,0.010625586844980717,,0
cebik-w4rnl/Basic-Intermediate-Tutorial-Models/Tutorial-2/ch-8/8-4a.nec,ok,ok,0.013961425051093102,0.014143161475658417,,0
cebik-w4rnl/Basic-Intermediate-Tutorial-Models/Tutorial-2/ch-8/8-5.nec,ok,ok,0.05382207874208689,0.040495545603334904,,0
cebik-w4rnl/Basic-Intermediate-Tutorial-Models/Tutorial-2/ch-8/8-5a.nec,ok,ok,0.09434318449348211,0.07041587959975004,1.3398,1
cebik-w4rnl/Basic-Intermediate-Tutorial-Models/Tutorial-2/ch-8/8-6.nec,ok,ok,0.06793963816016912,0.0366408983245492,,0
cebik-w4rnl/Basic-Intermediate-Tutorial-Models/Tutorial-2/ch-9/9-1.nec,ok,ok,0.006461751647293568,0.006809882819652557,,0
cebik-w4rnl/Basic-Intermediate-Tutorial-Models/Tutorial-2/ch-9/9-1a.nec,ok,ok,0.006470209918916225,0.006831686943769455,,0
cebik-w4rnl/Basic-Intermediate-Tutorial-Models/Tutorial-2/ch-9/9-2a.nec,ok,ok,0.1051974343135953,0.06900455988943577,1.5245,1
cebik-w4rnl/Basic-Intermediate-Tutorial-Models/Tutorial-2/ch-9/9-2b.nec,ok,ok,0.00476335734128952,0.005020946264266968,,0
cebik-w4rnl/Basic-Intermediate-Tutorial-Models/Tutorial-2/ch-9/9-2c.nec,ok,ok,0.012748684734106064,0.012531757354736328,,0
cebik-w4rnl/Basic-Intermediate-Tutorial-Models/Tutorial-2/ch-9/9-3a.nec,ok,ok,0.11525111924856901,0.07512189354747534,1.5342,1
cebik-w4rnl/Basic-Intermediate-Tutorial-Models/Tutorial-2/ch-9/9-3b.nec,ok,ok,0.03975358605384827,0.03116552345454693,,0
cebik-w4rnl/Basic-Intermediate-Tutorial-Models/Tutorial-2/ch-9/9-4.nec,ok,ok,0.31083518639206886,0.19514228124171495,1.5929,1
cebik-w4rnl/Basic-Intermediate-Tutorial-Models/Tutorial-2/ch-9/9-4a.nec,ok,ok,0.6007182002067566,0.38839635252952576,1.5467,1
cebik-w4rnl/Basic-Intermediate-Tutorial-Models/Tutorial-2/ch-9/9-4b.nec,ok,ok,0.6008715415373445,0.38499500416219234,1.5607,1
cebik-w4rnl/Basic-Intermediate-Tutorial-Models/Tutorial-2/ch-9/9-5.nec,ok,ok,0.007368993014097214,0.0075042154639959335,,0
cebik-w4rnl/Basic-Intermediate-Tutorial-Models/Tutorial-2/ch-9/9-6.nec,ok,ok,0.042676554061472416,0.036291202530264854,,0
cebik-w4rnl/Basic-Intermediate-Tutorial-Models/Tutorial-2/ch-9/9-6a.nec,ok,ok,0.04312461521476507,0.0364072946831584,,0
cebik-w4rnl/Basic-Intermediate-Tutorial-Models/Tutorial-2/ch-9/9-7.nec,ok,ok,0.007794706150889397,0.007462597452104092,,0
cebik-w4rnl/Basic-Intermediate-Tutorial-Models/Tutorial-2/ch-9/9-7a.nec,ok,ok,0.008232667110860348,0.007786489091813564,,0
cebik-w4rnl/Basic-Intermediate-Tutorial-Models/Tutorial-2/ch-9/9-8.nec,ok,ok,0.007809283211827278,0.007395007647573948,,0
cebik-w4rnl/Basic-Intermediate-Tutorial-Models/Tutorial-2/ch-9/9-8a.nec,ok,ok,0.5335837341845036,0.45637740939855576,1.1692,1
cebik-w4rnl/Basic-Intermediate-Tutorial-Models/Tutorial-2/ch-9/9-8b.nec,ok,ok,0.28143238835036755,0.21504809148609638,1.3087,1
cebik-w4rnl/Basic-Intermediate-Tutorial-Models/Tutorial-2/ch-9/9-8c.nec,ok,ok,0.297258285805583,0.22851613443344831,1.3008,1
cebik-w4rnl/Moxon-Rectangle-Notes-Models/mox10-1al.nec,ok,ok,0.011794119141995907,0.013600930571556091,,0
cebik-w4rnl/Moxon-Rectangle-Notes-Models/mox10-1alv.nec,ok,ok,0.009641285985708237,0.008375870995223522,,0
cebik-w4rnl/Moxon-Rectangle-Notes-Models/mox20-11.nec,ok,ok,0.011725514195859432,0.010182380676269531,,0
cebik-w4rnl/models/LPDAs/nec/LP100-1000-12el3ft150o.nec,ok,ok,0.17509874608367682,0.10965568758547306,1.5968,1
cebik-w4rnl/models/LPDAs/nec/lc14-7el38ft80o-1.nec,ok,ok,0.01680318731814623,0.013516746461391449,,0
cebik-w4rnl/models/LPDAs/nec/lc14-7el52ft65o-1.nec,ok,ok,0.01688468921929598,0.013460369780659676,,0
cebik-w4rnl/models/LPDAs/nec/lc21-5el21ft800o-1-vee.nec,ok,ok,0.02695571444928646,0.019557323306798935,,0
cebik-w4rnl/models/LPDAs/nec/lc21-7el35ft65o-75.nec,ok,ok,0.016837560571730137,0.013332140631973743,,0
cebik-w4rnl/models/LPDAs/nec/lc28-4el10ft75o.nec,ok,ok,0.01763440016657114,0.013655990362167358,,0
cebik-w4rnl/models/LPDAs/nec/lc28-5el16ft800o-75-Vee.nec,ok,ok,0.026630585081875324,0.020060131326317787,,0
cebik-w4rnl/models/LPDAs/nec/lc28-5el20ft150o-50-W6SAI.nec,ok,ok,0.011636804789304733,0.010503430850803852,,0
cebik-w4rnl/models/LPDAs/nec/lc28-6el12ft75o-1.nec,ok,ok,0.014040705747902393,0.01272130012512207,,0
cebik-w4rnl/models/LPDAs/nec/lc28-6el28ft100o-50.nec,ok,ok,0.01376847829669714,0.012047402560710907,,0
cebik-w4rnl/models/LPDAs/nec/lc28-7el14ft80o-875.nec,ok,ok,0.016794470138847828,0.014505088329315186,,0
cebik-w4rnl/models/LPDAs/nec/lc28-7el15ft100o-1.nec,ok,ok,0.01685523521155119,0.014638473279774189,,0
cebik-w4rnl/models/LPDAs/nec/lc28-7el15ft80o-1.nec,ok,ok,0.016990557312965393,0.01467694342136383,,0
cebik-w4rnl/models/LPDAs/nec/lc28-7el19ft80o-50.nec,ok,ok,0.016705897636711597,0.013562115840613842,,0
cebik-w4rnl/models/LPDAs/nec/lc28-7el19ft80o-75.nec,ok,ok,0.016632222570478916,0.013213047757744789,,0
cebik-w4rnl/models/LPDAs/nec/lc28-7el21ft65o-75.nec,ok,ok,0.016786254942417145,0.013307278044521809,,0
cebik-w4rnl/models/LPDAs/nec/lc28-7el25ft80o-75.nec,ok,ok,0.016965909861028194,0.013114224188029766,,0
cebik-w4rnl/models/LPDAs/nec/lc28-7el26ft65o-75.nec,ok,ok,0.016834702342748642,0.013035430572926998,,0
cebik-w4rnl/models/LPDAs/nec/lc28-7el28ft70o-75.nec,ok,ok,0.016982899978756905,0.013012656942009926,,0
cebik-w4rnl/models/LPDAs/nec/lp10-30-12el45ft250o.nec,ok,ok,0.049076068215072155,0.032651071436703205,,0
cebik-w4rnl/models/LPDAs/nec/lp10-30-15el45ft250o.nec,ok,ok,0.0702454186975956,0.046699389815330505,,0
cebik-w4rnl/models/LPDAs/nec/lp100-1000-12el5ft150o.nec,ok,ok,0.1931222602725029,0.11388348042964935,1.6958,1
cebik-w4rnl/models/LPDAs/nec/lp100-1000-26el5ft150o.nec,ok,ok,0.491448144428432,0.2983856936916709,1.6470,1
cebik-w4rnl/models/LPDAs/nec/lp100-12elFM-med.nec,ok,ok,0.020767100155353546,0.015352229587733746,,0
cebik-w4rnl/models/LPDAs/nec/lp100-16elFM-long.nec,ok,ok,0.034591794945299625,0.024655143730342388,,0
cebik-w4rnl/models/LPDAs/nec/lp100-8elFM-short.nec,ok,ok,0.016275272704660892,0.011712392792105675,,0
cebik-w4rnl/models/LPDAs/nec/lp14-29-11el30ft225o.nec,ok,ok,0.027541504241526127,0.021020771004259586,,0
cebik-w4rnl/models/LPDAs/nec/lp14-29-12el33ft250o-dir.nec,ok,ok,0.03075783047825098,0.02265923283994198,,0
cebik-w4rnl/models/LPDAs/nec/lp14-30-12el26ft125o.nec,ok,ok,0.03139337059110403,0.02406502701342106,,0
cebik-w4rnl/models/LPDAs/nec/lp14-30-12el32ft100o.nec,ok,ok,0.038819730281829834,0.028288456611335278,,0
cebik-w4rnl/models/LPDAs/nec/lp14-30-12el32ft400o.nec,ok,ok,0.032389833591878414,0.025273715145885944,,0
cebik-w4rnl/models/LPDAs/nec/lp14-30-13el29ft200o-telerana14.nec,ok,ok,0.04348002374172211,0.03191900718957186,,0
cebik-w4rnl/models/LPDAs/nec/lp14-30-13el29ft200o-telerana50.nec,ok,ok,0.04361041355878115,0.0312683405354619,,0
cebik-w4rnl/models/LPDAs/nec/lp14-30-13el29ft200o-teleranavee.nec,ok,ok,0.04477137792855501,0.032829444855451584,,0
cebik-w4rnl/models/LPDAs/nec/lp14-30-14el40ft100o.nec,ok,ok,0.19645865075290203,0.12260791473090649,1.6023,1
cebik-w4rnl/models/LPDAs/nec/lp14-30-15el42ft250o-dir-stepdia.nec,ok,ok,0.10701285395771265,0.07019243575632572,1.5246,1
cebik-w4rnl/models/LPDAs/nec/lp14-30-16el42ft100o-dir.nec,ok,ok,0.03994185570627451,0.027424599044024944,,0
cebik-w4rnl/models/LPDAs/nec/lp14-30-21el52ft200o.nec,ok,ok,0.04899558424949646,0.0341132627800107,,0
cebik-w4rnl/models/LPDAs/nec/lp14-30-22el56ft250o-dir.nec,ok,ok,0.05331688281148672,0.03622802905738354,,0
cebik-w4rnl/models/LPDAs/nec/lp14-30-24el58ft200o.nec,ok,ok,0.100165581330657,0.06554653123021126,1.5282,1
cebik-w4rnl/models/LPDAs/nec/lp14-30-27el217ft200o.nec,ok,ok,0.12265251018106937,0.07434911001473665,1.6497,1
cebik-w4rnl/models/LPDAs/nec/lp14-30-7el20ft100o-K4EWG.nec,ok,ok,0.02338828518986702,0.018287637270987034,,0
cebik-w4rnl/models/LPDAs/nec/lp14-30-8el20ft200o.nec,ok,ok,0.016376085579395294,0.013536031357944012,,0
cebik-w4rnl/models/LPDAs/nec/lp14-30-9el21ft250o-dir.nec,ok,ok,0.02697562985122204,0.018032514490187168,,0
cebik-w4rnl/models/LPDAs/nec/lp144-6el5ft75o-1875.nec,ok,ok,0.023395868949592113,0.017058081924915314,,0
cebik-w4rnl/models/LPDAs/nec/lp17-5el32ft50o.nec,ok,ok,0.0076950835064053535,0.010158199816942215,,0
cebik-w4rnl/models/LPDAs/nec/lp21-5el27ft50o.nec,ok,ok,0.007587919011712074,0.0071159955114126205,,0
cebik-w4rnl/models/LPDAs/nec/lp220-15el11ft80o.nec,ok,ok,0.15220478642731905,0.09203055035322905,1.6539,1
cebik-w4rnl/models/LPDAs/nec/lp220-17el11ft60o.nec,ok,ok,0.14455185178667307,0.08854479715228081,1.6325,1
cebik-w4rnl/models/LPDAs/nec/lp220-18el11ft60o.nec,ok,ok,0.1596417985856533,0.09694991819560528,1.6466,1
cebik-w4rnl/models/LPDAs/nec/lp220-20el12ft60o.nec,ok,ok,0.196776881814003,0.12192689441144466,1.6139,1
cebik-w4rnl/models/LPDAs/nec/lp220-20el13ft60o.nec,ok,ok,0.13163947872817516,0.08037391770631075,1.6378,1
cebik-w4rnl/models/LPDAs/nec/lp250-276-21el4ft80o.nec,ok,ok,0.07468330580741167,0.05395760852843523,1.3841,1
cebik-w4rnl/models/LPDAs/nec/lp250-317-10el3ft75o.nec,ok,ok,0.01222301833331585,0.010208404622972012,,0
cebik-w4rnl/models/LPDAs/nec/lp250-317-15el5ft75o.nec,ok,ok,0.024165110662579536,0.017042906023561954,,0
cebik-w4rnl/models/LPDAs/nec/lp250-317-8el3ft75o.nec,ok,ok,0.01020703837275505,0.008742681704461575,,0
cebik-w4rnl/models/LPDAs/nec/lp250-500-12el3ft80o.nec,ok,ok,0.04491455666720867,0.02975541353225708,,0
cebik-w4rnl/models/LPDAs/nec/lp250-500-20el3ft80o.nec,ok,ok,0.10209173895418644,0.06739434320479631,1.5148,1
cebik-w4rnl/models/LPDAs/nec/lp28-30-4el8ft200o-wire12.nec,ok,ok,0.017851590178906918,0.013908585533499718,,0
cebik-w4rnl/models/LPDAs/nec/lp28-30-4el8ft75o-W4RNL.nec,ok,ok,0.017483238130807877,0.014187012799084187,,0
cebik-w4rnl/models/LPDAs/nec/lp28-30-4el8ft75o-fatel-W4RNL.nec,ok,ok,0.017969828099012375,0.013736703433096409,,0
cebik-w4rnl/models/LPDAs/nec/lp28-30-4el8ft75o-stepdia-W4RNL.nec,ok,ok,0.016318706795573235,0.012880777008831501,,0
cebik-w4rnl/models/LPDAs/nec/lp28-30-53l8ft300o-wire12-zigzag.nec,ok,ok,0.05191864166408777,0.03403946291655302,,0
cebik-w4rnl/models/LPDAs/nec/lp28-30-5el8ftnoline-wire10-zigzag.nec,ok,ok,0.022467457689344883,0.019014276564121246,,0
cebik-w4rnl/models/LPDAs/nec/lp28-31-10el48ft80o.nec,ok,ok,0.0182199627161026,0.012766475789248943,,0
cebik-w4rnl/models/LPDAs/nec/lp3-30-20el100ft200o.nec,ok,ok,0.5842110235244036,0.3744134809821844,1.5603,1
cebik-w4rnl/models/LPDAs/nec/lp3-30-20el60ft150o.nec,ok,ok,0.28995571844279766,0.18937586434185505,1.5311,1
cebik-w4rnl/models/LPDAs/nec/lp3-30-21el100ft200o.nec,ok,ok,0.3001316078007221,0.19162951502949,1.5662,1
cebik-w4rnl/models/LPDAs/nec/lp3-30-22el100ft200o.nec,ok,ok,0.31539709586650133,0.20766454096883535,1.5188,1
cebik-w4rnl/models/LPDAs/nec/lp3-30-23el100ft200o.nec,ok,ok,0.34711500350385904,0.22785926423966885,1.5234,1
cebik-w4rnl/models/LPDAs/nec/lp3-30-24el100ft200o.nec,ok,ok,0.38255114667117596,0.2552972761914134,1.4985,1
cebik-w4rnl/models/LPDAs/nec/lp3-30-25el100ft200o.nec,ok,ok,0.41622566524893045,0.2752311620861292,1.5123,1
cebik-w4rnl/models/LPDAs/nec/lp3-30-26el100ft200o.nec,ok,ok,0.4675560873001814,0.305367742665112,1.5311,1
cebik-w4rnl/models/LPDAs/nec/lp3-30-26el164ft150o.nec,ok,ok,0.4590257303789258,0.2983471853658557,1.5386,1
cebik-w4rnl/models/LPDAs/nec/lp3-30-33el100ft150o.nec,ok,ok,0.48988325614482164,0.30832958593964577,1.5888,1
cebik-w4rnl/models/LPDAs/nec/lp3-30-33el168ft250o.nec,ok,ok,0.8850330244749784,0.5833623297512531,1.5171,1
cebik-w4rnl/models/LPDAs/nec/lp3-30-42el164ft250o.nec,ok,ok,1.3119587628170848,0.9030391983687878,1.4528,1
cebik-w4rnl/models/LPDAs/nec/lp3-7-10el55ft200o.nec,ok,ok,0.02185964584350586,0.018195626325905323,,0
cebik-w4rnl/models/LPDAs/nec/lp3-7-10el56ft200o.nec,ok,ok,0.022926156409084797,0.018247632309794426,,0
cebik-w4rnl/models/LPDAs/nec/lp3-7-11el53ft200o.nec,ok,ok,0.020642364397644997,0.0172059815376997,,0
cebik-w4rnl/models/LPDAs/nec/lp3-7-12el53ft200o.nec,ok,ok,0.02371958177536726,0.01942441239953041,,0
cebik-w4rnl/models/LPDAs/nec/lp3-7-12el55ft200o.nec,ok,ok,0.029260583221912384,0.02317187376320362,,0
cebik-w4rnl/models/LPDAs/nec/lp3-7-16el84ft200o.nec,ok,ok,0.03781095799058676,0.02970260288566351,,0
cebik-w4rnl/models/LPDAs/nec/lp3r5-4-14el89ft200o-2.nec,ok,ok,0.04088795743882656,0.03243521321564913,,0
cebik-w4rnl/models/LPDAs/nec/lp3r5-4-6el86ft100o-2.nec,ok,ok,0.07608921453356743,0.04773023445159197,,0
cebik-w4rnl/models/LPDAs/nec/lp3r5-4-8el86ft100o-2.nec,ok,ok,0.019253656268119812,0.016135280020534992,,0
cebik-w4rnl/models/LPDAs/nec/lp3r5-4-8el86ft150o-12.nec,ok,ok,0.019432718865573406,0.01605994813144207,,0
cebik-w4rnl/models/LPDAs/nec/lp4-30-19el60ft200o.nec,ok,ok,0.2243668781593442,0.15249676257371902,1.4713,1
cebik-w4rnl/models/LPDAs/nec/lp4-30-20el65ft150o.nec,ok,ok,0.31132871471345425,0.18491149600595236,1.6837,1
cebik-w4rnl/models/LPDAs/nec/lp4-30-20el65ft200o.nec,ok,ok,0.22696552518755198,0.12884523160755634,1.7615,1
cebik-w4rnl/models/LPDAs/nec/lp4-30-21el65ft200o.nec,ok,ok,0.2507919492200017,0.15544824954122305,1.6133,1
cebik-w4rnl/models/LPDAs/nec/lp40-90-22el20ft100o-dir.nec,ok,ok,0.05282945651561022,0.03742142301052809,,0
cebik-w4rnl/models/LPDAs/nec/lp400-800-12el1ft250o.nec,ok,ok,0.037702951580286026,0.028005052357912064,,0
cebik-w4rnl/models/LPDAs/nec/lp7-15-10el35ft200o.nec,ok,ok,0.020094982348382473,0.015626220032572746,,0
cebik-w4rnl/models/LPDAs/nec/lp7-15-11el44ft200o-dir.nec,ok,ok,0.021997998468577862,0.016957486048340797,,0
cebik-w4rnl/models/LPDAs/nec/lp7-15-12el42ft200o.nec,ok,ok,0.025862726382911205,0.0200297012925148,,0
cebik-w4rnl/models/LPDAs/nec/lp7-15-13el53ft200o.nec,ok,ok,0.029814794659614563,0.022593642584979534,,0
cebik-w4rnl/models/LPDAs/nec/lp7-15-16el28ft200o.nec,ok,ok,0.04044794291257858,0.03125810995697975,,0
cebik-w4rnl/models/LPDAs/nec/lp7-15-16el56ft200o.nec,ok,ok,0.03753689769655466,0.028290707617998123,,0
cebik-w4rnl/models/LPDAs/nec/lp7-15-16el70ft200o.nec,ok,ok,0.04008452035486698,0.02764508780092001,,0
cebik-w4rnl/models/LPDAs/nec/lp7-15-16el84ft200o.nec,ok,ok,0.03982383385300636,0.027113625779747963,,0
cebik-w4rnl/models/LPDAs/nec/lp7-15-22el78ft200o.nec,ok,ok,0.0803498039022088,0.05557153560221195,1.4459,1
cebik-w4rnl/models/LPDAs/nec/lp7-15-27el434ft200o.nec,ok,ok,0.12749156076461077,0.07693443819880486,1.6571,1
cebik-w4rnl/models/LPDAs/nec/lp7-15-7el25ft200o.nec,ok,ok,0.011041977442800999,0.010176314041018486,,0
cebik-w4rnl/models/LPDAs/nec/lp7-15-7el37ft200o.nec,ok,ok,0.010619484819471836,0.010089382529258728,,0
cebik-w4rnl/models/LPDAs/nec/lp7-15-9el31ft200o.nec,ok,ok,0.021431563422083855,0.014245949685573578,,0
cebik-w4rnl/models/LPDAs/nec/lp800-1200-17el3ft200o.nec,ok,ok,0.026727719232439995,0.018761353567242622,,0
cebik-w4rnl/models/LPDAs/nec/lp850-2600-36el4ft200o.nec,ok,ok,0.3159201992675662,0.20511873997747898,1.5402,1
cebik-w4rnl/models/LPDAs/nec/lp850-2600-37el4ft80o.nec,ok,ok,0.37378829158842564,0.22990279365330935,1.6259,1
cebik-w4rnl/models/LPDAs/nec/lp900-1400-36el4ft200o.nec,ok,ok,0.32096528727561235,0.20013065729290247,1.6038,1
cebik-w4rnl/models/LPDAs/nec/lpma3r5-4-6el86ft75o-buriedradials.nec,ok,ok,21.301973229274154,13.759055070579052,1.5482,1
cebik-w4rnl/models/Phased-Arrays/nec/10-28-edzlazyh-fs-14.nec,ok,ok,0.010602268390357494,0.008933245204389095,,0
cebik-w4rnl/models/Phased-Arrays/nec/14-29-lpda-50.nec,ok,ok,0.09584860317409039,0.06455744244158268,1.4847,1
cebik-w4rnl/models/Phased-Arrays/nec/14-8jk-fs-75.nec,ok,ok,0.006115620024502277,0.00588925089687109,,0
cebik-w4rnl/models/Phased-Arrays/nec/14-8jkstack-stdphase-12.nec,ok,ok,0.5147981494665146,0.2988729290664196,1.7225,1
cebik-w4rnl/models/Phased-Arrays/nec/14-8jkstack-xphased-12.nec,ok,ok,0.5089804688468575,0.2968251211568713,1.7147,1
cebik-w4rnl/models/Phased-Arrays/nec/14-fdsp-W7EL.nec,ok,ok,0.24499548971652985,0.14386862609535456,1.7029,1
cebik-w4rnl/models/Phased-Arrays/nec/14-longelphased-directfeedp1-W4RNL.nec,ok,ok,0.010816996917128563,0.009350558742880821,,0
cebik-w4rnl/models/Phased-Arrays/nec/14-phased35o-50-W4RNL.nec,ok,ok,0.21236382331699133,0.13696629647165537,1.5505,1
cebik-w4rnl/models/Phased-Arrays/nec/14-phasedsplit50o-50-W4RNL.nec,ok,ok,0.00457948911935091,0.004825490526854992,,0
cebik-w4rnl/models/Phased-Arrays/nec/14-shortel-stubs-50-N7CL.nec,ok,ok,0.11790551245212555,0.07448611129075289,1.5829,1
cebik-w4rnl/models/Phased-Arrays/nec/14-stacked3elYagis-1.nec,ok,ok,0.14319288730621338,0.08882568031549454,1.6121,1
cebik-w4rnl/models/Phased-Arrays/nec/14-zlsporig-1-ZL3MH.nec,ok,ok,0.1230849539861083,0.07797169219702482,1.5786,1
cebik-w4rnl/models/Phased-Arrays/nec/144-3eledzvbeam-fs-40.nec,ok,ok,0.03138216212391853,0.022064766846597195,,0
cebik-w4rnl/models/Phased-Arrays/nec/146-436-dualquad turnstile-sat-146.nec,ok,ok,0.9731927588582039,0.4832260962575674,2.0139,1
cebik-w4rnl/models/Phased-Arrays/nec/146-436-dualquadturnstile-sat-436.nec,ok,ok,0.6876807371154428,0.3406511405482888,2.0187,1
cebik-w4rnl/models/Phased-Arrays/nec/146-moxrectturnstile-sat-1875.nec,ok,ok,0.2667871732264757,0.16492545325309038,1.6176,1
cebik-w4rnl/models/Phased-Arrays/nec/18-fdsp-W7EL.nec,ok,ok,0.24297058675438166,0.14327941928058863,1.6958,1
cebik-w4rnl/models/Phased-Arrays/nec/18-longelphased-directfeedp1-W4RNL.nec,ok,ok,0.010753469541668892,0.009285906329751015,,0
cebik-w4rnl/models/Phased-Arrays/nec/18-phased35o-50-W4RNL.nec,ok,ok,0.1918965969234705,0.12320803292095661,1.5575,1
cebik-w4rnl/models/Phased-Arrays/nec/18-phasedsplit50o-50-W4RNL.nec,ok,ok,0.00467919185757637,0.004780410788953304,,0
cebik-w4rnl/models/Phased-Arrays/nec/18-shortel-stubs-50-N7CL.nec,ok,ok,0.1175764137879014,0.07416875474154949,1.5853,1
cebik-w4rnl/models/Phased-Arrays/nec/1r1-bc2elphased vert.nec,ok,ok,0.010958408005535603,0.008886188268661499,,0
cebik-w4rnl/models/Phased-Arrays/nec/1r4-bc3elendfire-pergnd.nec,ok,ok,0.04313793871551752,0.025654305703938007,,0
cebik-w4rnl/models/Phased-Arrays/nec/1r4-bc6elb-s+e-f-pergnd.nec,ok,ok,0.1524889199063182,0.0802537053823471,1.9001,1
cebik-w4rnl/models/Phased-Arrays/nec/1r5-bc2xhalfwldr+6parguy-sngnd.nec,ok,ok,1.3665394270792603,0.8751080511137843,1.5616,1
cebik-w4rnl/models/Phased-Arrays/nec/1r5-bc3elendfire-burrad.nec,ok,ok,3.216799693182111,2.0446786796674132,1.5733,1
cebik-w4rnl/models/Phased-Arrays/nec/1r5-bc4elendfire-pergnd.nec,ok,ok,0.1878501307219267,0.12377113848924637,1.5177,1
cebik-w4rnl/models/Phased-Arrays/nec/1r5-bc6elphaseaim-pergnd.nec,ok,ok,0.15626279637217522,0.0831404160708189,1.8795,1
cebik-w4rnl/models/Phased-Arrays/nec/1r5-bchalfwldr+6parguy-sngnd.nec,ok,ok,0.7442858843132854,0.5060645742341876,1.4707,1
cebik-w4rnl/models/Phased-Arrays/nec/1r8-2-elphased-radials.nec,ok,ok,5.7104540672153234,3.498349003493786,1.6323,1
cebik-w4rnl/models/Phased-Arrays/nec/1r8-2x4elphased-K8UR.nec,ok,ok,0.8058100640773773,0.5041626738384366,1.5983,1
cebik-w4rnl/models/Phased-Arrays/nec/1r8-4el-broadside.nec,ok,ok,0.11958918441087008,0.07426564767956734,1.6103,1
cebik-w4rnl/models/Phased-Arrays/nec/1r8-4el-endfire-burrad.nec,ok,ok,5.206521721556783,3.3196736071258783,1.5684,1
cebik-w4rnl/models/Phased-Arrays/nec/1r8-4el-endfire.nec,ok,ok,0.12860962096601725,0.08094508945941925,1.5889,1
cebik-w4rnl/models/Phased-Arrays/nec/1r8-4elphased-lowbend-K8UR.nec,ok,ok,0.47109896689653397,0.2949701864272356,1.5971,1
cebik-w4rnl/models/Phased-Arrays/nec/1r8-4elphased-midelbend-K8UR.nec,ok,ok,0.42184565030038357,0.26863125432282686,1.5704,1
cebik-w4rnl/models/Phased-Arrays/nec/1r8-5el-broadside.nec,ok,ok,0.1642900975421071,0.09774949681013823,1.6807,1
cebik-w4rnl/models/Phased-Arrays/nec/1r8-5el-endfire.nec,ok,ok,0.17758984584361315,0.10795885883271694,1.6450,1
cebik-w4rnl/models/Phased-Arrays/nec/21-2eledzbeam-2ref-gnd-12-ZL1LE.nec,ok,ok,0.26934678200632334,0.18204099591821432,1.4796,1
cebik-w4rnl/models/Phased-Arrays/nec/21-coledz-wiretl-12.nec,ok,ok,0.1666384283453226,0.09450620878487825,1.7633,1
cebik-w4rnl/models/Phased-Arrays/nec/21-fdsp-W7EL.nec,ok,ok,0.24404743127524853,0.14392298180609941,1.6957,1
cebik-w4rnl/models/Phased-Arrays/nec/21-longelphased-directfeedp1-W4RNL.nec,ok,ok,0.020957442931830883,0.009385636076331139,,0
cebik-w4rnl/models/Phased-Arrays/nec/21-phased35o-50-W4RNL.nec,ok,ok,0.17697428166866302,0.11629990115761757,1.5217,1
cebik-w4rnl/models/Phased-Arrays/nec/21-phasedcoledz-fs-12.nec,ok,ok,0.07594524323940277,0.04718512110412121,,0
cebik-w4rnl/models/Phased-Arrays/nec/21-phasedsplit50o-50-W4RNL.nec,ok,ok,0.004476162604987621,0.004855364561080933,,0
cebik-w4rnl/models/Phased-Arrays/nec/21-shortel-stubs-50-N7CL.nec,ok,ok,0.11908379942178726,0.07827946543693542,1.5213,1
cebik-w4rnl/models/Phased-Arrays/nec/21-zlsporig-1-ZL3MH.nec,ok,ok,0.12425414752215147,0.07869488000869751,1.5789,1
cebik-w4rnl/models/Phased-Arrays/nec/24-3elzlsp-fs-75.nec,ok,ok,0.012813455425202847,0.010586436837911606,,0
cebik-w4rnl/models/Phased-Arrays/nec/24-fdsp-W7EL.nec,ok,ok,0.24967652466148138,0.15057094022631645,1.6582,1
cebik-w4rnl/models/Phased-Arrays/nec/24-lazyh-fs-K7KGP.nec,ok,ok,0.007923051714897156,0.007747498340904713,,0
cebik-w4rnl/models/Phased-Arrays/nec/24-longelphased-directfeedp1-W4RNL.nec,ok,ok,0.010618944652378559,0.009495570324361324,,0
cebik-w4rnl/models/Phased-Arrays/nec/24-phased35o-50-W4RNL.nec,ok,ok,0.1909070461988449,0.12369736470282078,1.5433,1
cebik-w4rnl/models/Phased-Arrays/nec/24-phasedsplit50o-50-W4RNL.nec,ok,ok,0.004458580166101456,0.004778604954481125,,0
cebik-w4rnl/models/Phased-Arrays/nec/24-shortel-stubs-50-N7CL.nec,ok,ok,0.11972683481872082,0.07716287113726139,1.5516,1
cebik-w4rnl/models/Phased-Arrays/nec/254-turnstileYagi-milsat.nec,ok,ok,0.3716617142781615,0.2010866329073906,1.8483,1
cebik-w4rnl/models/Phased-Arrays/nec/28-2eledzbeam-2ref-fs-12.nec,ok,ok,0.007285255007445812,0.007078003138303757,,0
cebik-w4rnl/models/Phased-Arrays/nec/28-2eledzbeam-fs-12.nec,ok,ok,0.0077025797218084335,0.007428726181387901,,0
cebik-w4rnl/models/Phased-Arrays/nec/28-3eledzbeam-2ref-gnd-12.nec,ok,ok,0.11404367815703154,0.07252709288150072,1.5724,1
cebik-w4rnl/models/Phased-Arrays/nec/28-6elphasefedbeam-fs-50.nec,ok,ok,0.01358126476407051,0.011204902082681656,,0
cebik-w4rnl/models/Phased-Arrays/nec/28-7-lazyh-vert-14.nec,ok,ok,0.28322967886924744,0.1868752669543028,1.5156,1
cebik-w4rnl/models/Phased-Arrays/nec/28-fdsp-W7EL.nec,ok,ok,0.24564144015312195,0.14500446990132332,1.6940,1
cebik-w4rnl/models/Phased-Arrays/nec/28-longelphased-directfeedp1-W4RNL.nec,ok,ok,0.010873310267925262,0.00934664811939001,,0
cebik-w4rnl/models/Phased-Arrays/nec/28-phased-gammas-1-HB9CV.nec,ok,ok,0.015579753555357456,0.014155922457575798,,0
cebik-w4rnl/models/Phased-Arrays/nec/28-phased35o-50-W4RNL.nec,ok,ok,0.19215905759483576,0.12862803600728512,1.4939,1
cebik-w4rnl/models/Phased-Arrays/nec/28-phasedsplit50o-50-W4RNL.nec,ok,ok,0.0043740300461649895,0.005006061866879463,,0
cebik-w4rnl/models/Phased-Arrays/nec/28-shortel-stubs-50-N7CL.nec,ok,ok,0.12127405218780041,0.07639510650187731,1.5875,1
cebik-w4rnl/models/Phased-Arrays/nec/28-shortel-stubstack-50-N7CL.nec,ok,ok,0.23565760347992182,0.1325525837019086,1.7778,1
cebik-w4rnl/models/Phased-Arrays/nec/28-swissquad-14.nec,ok,ok,0.010150475427508354,0.009610824286937714,,0
cebik-w4rnl/models/Phased-Arrays/nec/28-zlsp-udp-75-W4RNL.nec,ok,ok,0.12634744960814714,0.0801395932212472,1.5766,1
cebik-w4rnl/models/Phased-Arrays/nec/28-zlsporig-1-ZL3MH.nec,ok,ok,0.12682476360350847,0.0823923870921135,1.5393,1
cebik-w4rnl/models/Phased-Arrays/nec/28-zlsptrombone-ARRL.nec,ok,ok,0.18886339385062456,0.11462054215371609,1.6477,1
cebik-w4rnl/models/Phased-Arrays/nec/284-turnstilequad-milsat-ez.nec,ok,ok,0.5772571982815862,0.30551628302782774,1.8894,1
cebik-w4rnl/models/Phased-Arrays/nec/300-11eldplarray.nec,ok,ok,0.07710623927414417,0.05671157315373421,1.3596,1
cebik-w4rnl/models/Phased-Arrays/nec/300-20eldplarray.nec,ok,ok,0.15786009840667248,0.10520586557686329,1.5005,1
cebik-w4rnl/models/Phased-Arrays/nec/300-30eldplarray.nec,ok,ok,0.2747380919754505,0.17819016985595226,1.5418,1
cebik-w4rnl/models/Phased-Arrays/nec/300-40eldplarray.nec,ok,ok,0.4437317010015249,0.27170736342668533,1.6331,1
cebik-w4rnl/models/Phased-Arrays/nec/300-50dplarray.nec,ok,ok,0.6239705206826329,0.3914521811529994,1.5940,1
cebik-w4rnl/models/Phased-Arrays/nec/3r6-2x4elphased-K8UR.nec,ok,ok,0.8570505566895008,0.5260876147076488,1.6291,1
cebik-w4rnl/models/Phased-Arrays/nec/3r6-4elphased-lowbend-K8UR.nec,ok,ok,0.45729714538902044,0.28759025875478983,1.5901,1
cebik-w4rnl/models/Phased-Arrays/nec/3r6-4elphased-midelbend-K8UR.nec,ok,ok,0.3226224221289158,0.20471553225070238,1.5760,1
cebik-w4rnl/models/Phased-Arrays/nec/3r6-8jk-12.nec,ok,ok,0.35610414668917656,0.22783515509217978,1.5630,1
cebik-w4rnl/models/Phased-Arrays/nec/3r6-bruce-3sect-12.nec,ok,ok,0.306749296374619,0.20170583855360746,1.5208,1
cebik-w4rnl/models/Phased-Arrays/nec/3r6-bruce-4sect-12.nec,ok,ok,0.31441217102110386,0.20332682225853205,1.5463,1
cebik-w4rnl/models/Phased-Arrays/nec/3r6-bruce-5sect-12.nec,ok,ok,0.3826408050954342,0.24257204681634903,1.5774,1
cebik-w4rnl/models/Phased-Arrays/nec/3r6-halfwldr+6parguy-sngnd.nec,ok,ok,0.6425387663766742,0.4163277940824628,1.5433,1
cebik-w4rnl/models/Phased-Arrays/nec/3r6-phasedrect-10-N2DT.nec,ok,ok,0.3481761645525694,0.22694850992411375,1.5342,1
cebik-w4rnl/models/Phased-Arrays/nec/3r6-sterba-12.nec,ok,ok,0.6363289710134268,0.36211885791271925,1.7572,1
cebik-w4rnl/models/Phased-Arrays/nec/3r6-sterba-ctrfed-12.nec,ok,ok,0.5857207775115967,0.33915078546851873,1.7270,1
cebik-w4rnl/models/Phased-Arrays/nec/3r9-halfwldr+6parguy-sngnd.nec,ok,ok,0.567593440413475,0.3680845042690635,1.5420,1
cebik-w4rnl/models/Phased-Arrays/nec/432-col-coilmatch.nec,ok,ok,0.09497950784862041,0.06002901494503021,1.5822,1
cebik-w4rnl/models/Phased-Arrays/nec/432-col-indloadmatch.nec,ok,ok,0.059835538268089294,0.04149353690445423,,0
cebik-w4rnl/models/Phased-Arrays/nec/436-moxrectturnstile-sat-12.nec,ok,ok,0.1663889391347766,0.09845225512981415,1.6900,1
cebik-w4rnl/models/Phased-Arrays/nec/436-turnstileYagi-sat.nec,ok,ok,0.3871379755437374,0.19983057957142591,1.9373,1
cebik-w4rnl/models/Phased-Arrays/nec/50-edzlazyh-fs-14.nec,ok,ok,0.010172400623559952,0.00890807993710041,,0
cebik-w4rnl/models/Phased-Arrays/nec/5r4-2x4elphased-K8UR.nec,ok,ok,0.8522206814959645,0.5275818379595876,1.6153,1
cebik-w4rnl/models/Phased-Arrays/nec/5r4-4elphased-lowbend-K8UR.nec,ok,ok,0.4531167773529887,0.2844829773530364,1.5928,1
cebik-w4rnl/models/Phased-Arrays/nec/5r4-4elphased-midelbend-K8UR.nec,ok,ok,0.318283261731267,0.20142756681889296,1.5801,1
cebik-w4rnl/models/Phased-Arrays/nec/5r4-halfwldr+6parguy-sngnd.nec,ok,ok,0.5794110400602221,0.37486236821860075,1.5457,1
cebik-w4rnl/models/Phased-Arrays/nec/7-2elphased-pergnd-2.nec,ok,ok,0.01767450664192438,0.012699873186647892,,0
cebik-w4rnl/models/Phased-Arrays/nec/7-2xhalfwldr+6parguy-sngnd.nec,ok,ok,1.350791784003377,0.8462674720212817,1.5962,1
cebik-w4rnl/models/Phased-Arrays/nec/7-4square phased verts.nec,ok,ok,0.009003029204905033,0.00810044351965189,,0
cebik-w4rnl/models/Phased-Arrays/nec/7-halfwldr+6parguy-sngnd.nec,ok,ok,0.5924566937610507,0.3705082982778549,1.5990,1
cebik-w4rnl/models/Phased-Arrays/nec/903-vertmonoYagis-inphasefed.nec,ok,ok,0.012212763540446758,0.010016619227826595,,0
cebik-w4rnl/models/Quads/nec/10-2eloptquad-12.nec,ok,ok,0.012476494535803795,0.010223687626421452,,0
cebik-w4rnl/models/Quads/nec/10-3elopthgquad-12.nec,ok,ok,0.013485471718013287,0.011793453246355057,,0
cebik-w4rnl/models/Quads/nec/10-3eloptwbquad-12.nec,ok,ok,0.013431421481072903,0.011844002641737461,,0
cebik-w4rnl/models/Quads/nec/10-4eloptquad-12.nec,ok,ok,0.01939945202320814,0.015056203119456768,,0
cebik-w4rnl/models/Quads/nec/1296-2eloptquad-12.nec,ok,ok,0.012570204213261604,0.009598479606211185,,0
cebik-w4rnl/models/Quads/nec/1296-3elopthgquad-12.nec,ok,ok,0.013431255705654621,0.011244719848036766,,0
cebik-w4rnl/models/Quads/nec/1296-3eloptwbquad-12.nec,ok,ok,0.013422715477645397,0.011836443096399307,,0
cebik-w4rnl/models/Quads/nec/1296-4eloptquad-12.nec,ok,ok,0.0192081518471241,0.015470503829419613,,0
cebik-w4rnl/models/Quads/nec/14-1elloop-diamond-14.nec,ok,ok,0.01257337536662817,0.011076824739575386,,0
cebik-w4rnl/models/Quads/nec/14-28-2b2elquad-14-1feed.nec,ok,ok,0.29000078421086073,0.18341327458620071,1.5811,1
cebik-w4rnl/models/Quads/nec/14-28-2b2elquad-14-widesp.nec,ok,ok,0.014845472760498524,0.013256172649562359,,0
cebik-w4rnl/models/Quads/nec/14-2eloptquad-12.nec,ok,ok,0.01251014694571495,0.009434695355594158,,0
cebik-w4rnl/models/Quads/nec/14-2elquad-sq-14-medsp.nec,ok,ok,0.013637078925967216,0.010390575975179672,,0
cebik-w4rnl/models/Quads/nec/14-2elquad-sq-14-smallsp.nec,ok,ok,0.008860928937792778,0.00765167735517025,,0
cebik-w4rnl/models/Quads/nec/14-2elquad-sq-widesp.nec,ok,ok,0.006537680514156818,0.006708973087370396,,0
cebik-w4rnl/models/Quads/nec/14-3elopthgquad-12.nec,ok,ok,0.013438853435218334,0.011219574138522148,,0
cebik-w4rnl/models/Quads/nec/14-3eloptwbquad-12.nec,ok,ok,0.013510937802493572,0.011193434707820415,,0
cebik-w4rnl/models/Quads/nec/14-3elquad-12-W6SAI.nec,ok,ok,0.02586167212575674,0.016970296390354633,,0
cebik-w4rnl/models/Quads/nec/14-3elquad-14-K2OB.nec,ok,ok,0.027684547938406467,0.01735850516706705,,0
cebik-w4rnl/models/Quads/nec/14-3elquad-14-Yagisp.nec,ok,ok,0.02586761862039566,0.01703453902155161,,0
cebik-w4rnl/models/Quads/nec/14-4eloptquad-12.nec,ok,ok,0.019834035076200962,0.014614379033446312,,0
cebik-w4rnl/models/Quads/nec/14-5elquad-10-eqsp-W4RNL.nec,ok,ok,0.0736102806404233,0.04561001528054476,,0
cebik-w4rnl/models/Quads/nec/14-5elquad-14-K2OB-80ft.nec,ok,ok,0.0645575663074851,0.03838850371539593,,0
cebik-w4rnl/models/Quads/nec/14-5elquad-14-K2OB.nec,ok,ok,0.06434868089854717,0.038451822474598885,,0
cebik-w4rnl/models/Quads/nec/14-6elquad-8.nec,ok,ok,0.10976734664291143,0.06051075737923384,1.8140,1
cebik-w4rnl/models/Quads/nec/144-2eloptquad-12.nec,ok,ok,0.01276515144854784,0.009474577382206917,,0
cebik-w4rnl/models/Quads/nec/144-3eloctagon-50.nec,ok,ok,0.012659895233809948,0.010774154216051102,,0
cebik-w4rnl/models/Quads/nec/144-3elopthgquad-12.nec,ok,ok,0.013758942484855652,0.011235768906772137,,0
cebik-w4rnl/models/Quads/nec/144-3eloptwbquad-12.nec,ok,ok,0.013594997115433216,0.011226464994251728,,0
cebik-w4rnl/models/Quads/nec/144-4eloptquad-12.nec,ok,ok,0.022150754928588867,0.014540928415954113,,0
cebik-w4rnl/models/Quads/nec/144-6elquad-14.nec,ok,ok,0.10307164769619703,0.06064997334033251,1.6995,1
cebik-w4rnl/models/Quads/nec/18-24-2b5-6elquad-W4RNL.nec,ok,ok,0.24439135286957026,0.14347180724143982,1.7034,1
cebik-w4rnl/models/Quads/nec/18-2eloptquad-12.nec,ok,ok,0.016001989133656025,0.009571977891027927,,0
cebik-w4rnl/models/Quads/nec/18-2elquad-sq-14-679ftsp.nec,ok,ok,0.007765013724565506,0.006897404789924622,,0
cebik-w4rnl/models/Quads/nec/18-2elquad-sq-14-944ftsp.nec,ok,ok,0.01369959581643343,0.010351454839110374,,0
cebik-w4rnl/models/Quads/nec/18-3elopthgquad-12.nec,ok,ok,0.013471970334649086,0.011260537430644035,,0
cebik-w4rnl/models/Quads/nec/18-3eloptwbquad.nec,ok,ok,0.013552014715969563,0.011544808745384216,,0
cebik-w4rnl/models/Quads/nec/18-3elquad-14-reversible-AA2NN.nec,ok,ok,0.3555987663567066,0.2267431328073144,1.5683,1
cebik-w4rnl/models/Quads/nec/18-3elquad-14.nec,ok,ok,0.3725626301020384,0.2231128653511405,1.6698,1
cebik-w4rnl/models/Quads/nec/18-4eloptquad-12.nec,ok,ok,0.019422659650444984,0.014518515206873417,,0
cebik-w4rnl/models/Quads/nec/21-28-2b2elquad-14-spider.nec,ok,ok,0.01114993542432785,0.01083802618086338,,0
cebik-w4rnl/models/Quads/nec/21-2eloptquad-12.nec,ok,ok,0.012544533237814903,0.009688923135399818,,0
cebik-w4rnl/models/Quads/nec/21-2elquad-sq-14-580ftsp.nec,ok,ok,0.006519193761050701,0.0060624657198786736,,0
cebik-w4rnl/models/Quads/nec/21-2elquad-sq-14-8ftsp.nec,ok,ok,0.013473756611347198,0.010362374596297741,,0
cebik-w4rnl/models/Quads/nec/21-2elquad-sq-18-ARRL.nec,ok,ok,0.009323062375187874,0.008662444539368153,,0
cebik-w4rnl/models/Quads/nec/21-3elopthgquad-12.nec,ok,ok,0.013806629925966263,0.014518882147967815,,0
cebik-w4rnl/models/Quads/nec/21-3eloptwbquad-12.nec,ok,ok,0.013514090329408646,0.011391165666282177,,0
cebik-w4rnl/models/Quads/nec/21-4eloptquad-12.nec,ok,ok,0.0191735764965415,0.014978966675698757,,0
cebik-w4rnl/models/Quads/nec/21-5elquad-14-eqsp-W4RNL.nec,ok,ok,0.07396138645708561,0.04558471962809563,,0
cebik-w4rnl/models/Quads/nec/21-6elquad-8.nec,ok,ok,0.10346655733883381,0.06092863343656063,1.6982,1
cebik-w4rnl/models/Quads/nec/220-2eloptquad-12.nec,ok,ok,0.01267387717962265,0.00948250014334917,,0
cebik-w4rnl/models/Quads/nec/220-3elopthgquad-12.nec,ok,ok,0.013493138365447521,0.011448953300714493,,0
cebik-w4rnl/models/Quads/nec/220-3eloptwbquad-12.nec,ok,ok,0.01597847230732441,0.011316434480249882,,0
cebik-w4rnl/models/Quads/nec/220-4eloptquad-12.nec,ok,ok,0.021304319612681866,0.014821701683104038,,0
cebik-w4rnl/models/Quads/nec/24-1elloop-diamond-14.nec,ok,ok,0.031189830042421818,0.019653006456792355,,0
cebik-w4rnl/models/Quads/nec/24-1elloop-diamond-load-14.nec,ok,ok,0.04128877632319927,0.024568267166614532,,0
cebik-w4rnl/models/Quads/nec/24-2eloptquad-12.nec,ok,ok,0.012908407486975193,0.009504888206720352,,0
cebik-w4rnl/models/Quads/nec/24-2elquad-dia-14-675ftsp.nec,ok,ok,0.04854389373213053,0.030906674452126026,,0
cebik-w4rnl/models/Quads/nec/24-2elquad-sq-14-5ftsp.nec,ok,ok,0.005880409851670265,0.005756489932537079,,0
cebik-w4rnl/models/Quads/nec/24-2elquad-sq-14-685ftsp.nec,ok,ok,0.013632120564579964,0.010310212150216103,,0
cebik-w4rnl/models/Quads/nec/24-3elopthgquad-12.nec,ok,ok,0.013522432185709476,0.01125498116016388,,0
cebik-w4rnl/models/Quads/nec/24-3eloptwbquad-12.nec,ok,ok,0.013611276634037495,0.01122234109789133,,0
cebik-w4rnl/models/Quads/nec/24-4eloptquad-12.nec,ok,ok,0.026324616745114326,0.01456412486732006,,0
cebik-w4rnl/models/Quads/nec/28-1elloop-1.nec,ok,ok,0.00887464638799429,0.008692644536495209,,0
cebik-w4rnl/models/Quads/nec/28-1elloop-14.nec,ok,ok,0.00891727115958929,0.00803025346249342,,0
cebik-w4rnl/models/Quads/nec/28-1elloop-load-14.nec,ok,ok,0.012978901155292988,0.008031642995774746,,0
cebik-w4rnl/models/Quads/nec/28-2eldeltaloop-14.nec,ok,ok,0.029881909489631653,0.019165154546499252,,0
cebik-w4rnl/models/Quads/nec/28-2eloptquad-12.nec,ok,ok,0.012864083051681519,0.00974756944924593,,0
cebik-w4rnl/models/Quads/nec/28-2elquad-dia-load-14.nec,ok,ok,0.05475359316915274,0.03553901053965092,,0
cebik-w4rnl/models/Quads/nec/28-2elquad-sq-14-6ftsp.nec,ok,ok,0.01376266311854124,0.010197019204497337,,0
cebik-w4rnl/models/Quads/nec/28-2elquad-sq-14-medsp.nec,ok,ok,0.015917008742690086,0.010333132930099964,,0
cebik-w4rnl/models/Quads/nec/28-2elquad-sq-14-smallsp.nec,ok,ok,0.013873156160116196,0.010599683970212936,,0
cebik-w4rnl/models/Quads/nec/28-2elquad-sq-14-widesp.nec,ok,ok,0.013757061213254929,0.010408344678580761,,0
cebik-w4rnl/models/Quads/nec/28-2elquad-sq-14.nec,ok,ok,0.006963296793401241,0.007080192677676678,,0
cebik-w4rnl/models/Quads/nec/28-2elquad-sq-dblload-14.nec,ok,ok,0.0907303849235177,0.05825000163167715,1.5576,1
cebik-w4rnl/models/Quads/nec/28-2elquad-sq-load-14.nec,ok,ok,0.04871656745672226,0.031999098137021065,,0
cebik-w4rnl/models/Quads/nec/28-2elquad-sq-load.nec,ok,ok,0.026275447569787502,0.018026089295744896,,0
cebik-w4rnl/models/Quads/nec/28-2elswissdelta-14.nec,ok,ok,0.011988081969320774,0.009509922005236149,,0
cebik-w4rnl/models/Quads/nec/28-3elopthgquad-12.nec,ok,ok,0.013555414043366909,0.011088063940405846,,0
cebik-w4rnl/models/Quads/nec/28-3eloptwbquad-12.nec,ok,ok,0.016615161672234535,0.011223141103982925,,0
cebik-w4rnl/models/Quads/nec/28-3elquad-14-Yagisp.nec,ok,ok,0.028668799437582493,0.01715637370944023,,0
cebik-w4rnl/models/Quads/nec/28-3elquad-50-Yagisp.nec,ok,ok,0.025645283982157707,0.017289635725319386,,0
cebik-w4rnl/models/Quads/nec/28-4eloptquad-12.nec,ok,ok,0.019360793754458427,0.014592071995139122,,0
cebik-w4rnl/models/Quads/nec/28-5elquad-16-eqsp-W4RNL.nec,ok,ok,0.07404109556227922,0.045578823424875736,,0
cebik-w4rnl/models/Quads/nec/28-6elquad-8.nec,ok,ok,0.10190801601856947,0.060552049428224564,1.6830,1
cebik-w4rnl/models/Quads/nec/28-birdcage-dri-14.nec,ok,ok,0.01638658717274666,0.013151340186595917,,0
cebik-w4rnl/models/Quads/nec/28-birdcage-ref-14.nec,ok,ok,0.016264013946056366,0.012897090055048466,,0
cebik-w4rnl/models/Quads/nec/3band2elquad-14-1feed-a.nec,ok,ok,0.5714362226426601,0.3371362127363682,1.6950,1
cebik-w4rnl/models/Quads/nec/3band2elquad-14-1feed.nec,ok,ok,0.3780333362519741,0.24477231316268444,1.5444,1
cebik-w4rnl/models/Quads/nec/3band4elquad-12-ARRL.nec,ok,ok,0.09810223523527384,0.06452247779816389,1.5204,1
cebik-w4rnl/models/Quads/nec/3r6-2eloptquad-12.nec,ok,ok,0.012656709179282188,0.009468138217926025,,0
cebik-w4rnl/models/Quads/nec/3r6-3elopthgquad-12.nec,ok,ok,0.01335111167281866,0.011434420011937618,,0
cebik-w4rnl/models/Quads/nec/3r6-3eloptwbquad-12.nec,ok,ok,0.013406180776655674,0.01100755762308836,,0
cebik-w4rnl/models/Quads/nec/3r6-4eloptquad-12.nec,ok,ok,0.019227814860641956,0.014958087354898453,,0
cebik-w4rnl/models/Quads/nec/3r9-2eloptquad-12.nec,ok,ok,0.01256283838301897,0.009718835353851318,,0
cebik-w4rnl/models/Quads/nec/3r9-3elopthgquad-12.nec,ok,ok,0.013361547142267227,0.0112830875441432,,0
cebik-w4rnl/models/Quads/nec/3r9-3eloptwbquad-12.nec,ok,ok,0.013547435402870178,0.011285892687737942,,0
cebik-w4rnl/models/Quads/nec/3r9-4eloptquad-12.nec,ok,ok,0.01935386098921299,0.014643533155322075,,0
cebik-w4rnl/models/Quads/nec/432-2eloptquad-12.nec,ok,ok,0.01255748700350523,0.010866676457226276,,0
cebik-w4rnl/models/Quads/nec/432-3elopthgquad-12.nec,ok,ok,0.013526867143809795,0.011394456960260868,,0
cebik-w4rnl/models/Quads/nec/432-3eloptwbquad-12.nec,ok,ok,0.013502330519258976,0.014220665208995342,,0
cebik-w4rnl/models/Quads/nec/432-4eloptquad-12.nec,ok,ok,0.019094862043857574,0.014686481095850468,,0
cebik-w4rnl/models/Quads/nec/50-2eloptquad-12.nec,ok,ok,0.012705677188932896,0.009769442491233349,,0
cebik-w4rnl/models/Quads/nec/50-3elopthgquad-12.nec,ok,ok,0.013515467755496502,0.011409271508455276,,0
cebik-w4rnl/models/Quads/nec/50-3eloptwbquad-12.nec,ok,ok,0.01682197581976652,0.011252110823988914,,0
cebik-w4rnl/models/Quads/nec/50-4eloptquad-12.nec,ok,ok,0.019357575103640556,0.01474387850612402,,0
cebik-w4rnl/models/Quads/nec/5band2elquad-planar-KC6T.nec,ok,ok,0.07001380622386932,0.05220841709524393,1.3410,1
cebik-w4rnl/models/Quads/nec/5band2elquad-spider-125wlsp.nec,ok,ok,0.07065429911017418,0.05222489684820175,1.3529,1
cebik-w4rnl/models/Quads/nec/5band2elquad-spider-174wlsp.nec,ok,ok,0.07317183166742325,0.051497369073331356,1.4209,1
cebik-w4rnl/models/Quads/nec/5band2elquad-spider-opt.nec,ok,ok,0.07325747609138489,0.05209994129836559,1.4061,1
cebik-w4rnl/models/Quads/nec/5band2elquad-spider-widesp.nec,ok,ok,0.08475813269615173,0.06123153306543827,1.3842,1
cebik-w4rnl/models/Quads/nec/5band3elquad-14-ON7NQ.nec,ok,ok,0.15233287401497364,0.10283048264682293,1.4814,1
cebik-w4rnl/models/Quads/nec/5band3elquad-14-sepfeed.nec,ok,ok,0.1519846273586154,0.10729635693132877,1.4165,1
cebik-w4rnl/models/Quads/nec/5band3r5elquad-12-ON7NQ.nec,ok,ok,0.194521420635283,0.13413006067276,1.4502,1
cebik-w4rnl/models/Quads/nec/5band4-5elquad-12-W4RNL.nec,ok,ok,0.34288372099399567,0.2199940262362361,1.5586,1
cebik-w4rnl/models/Quads/nec/5band4-5elquad-ON7NQ.nec,ok,ok,0.11283529177308083,0.0907142274081707,1.2439,1
cebik-w4rnl/models/Quads/nec/5band4elquad-12-GI0KVQ.nec,ok,ok,0.28353013936430216,0.1827830709517002,1.5512,1
cebik-w4rnl/models/Quads/nec/5band5-6elquad-12-W4RNL.nec,ok,ok,0.3995191194117069,0.2567309709265828,1.5562,1
cebik-w4rnl/models/Quads/nec/5r4-2eloptquad-12.nec,ok,ok,0.012660329230129719,0.009557466022670269,,0
cebik-w4rnl/models/Quads/nec/5r4-3elopthgquad-12.nec,ok,ok,0.013667206279933453,0.011368582025170326,,0
cebik-w4rnl/models/Quads/nec/5r4-3eloptwbquad-12.nec,ok,ok,0.013902287930250168,0.011186787858605385,,0
cebik-w4rnl/models/Quads/nec/5r4-4eloptquad-12.nec,ok,ok,0.023905870504677296,0.014995019882917404,,0
cebik-w4rnl/models/Quads/nec/7-2eloptquad-12.nec,ok,ok,0.012835622765123844,0.009919021278619766,,0
cebik-w4rnl/models/Quads/nec/7-3elopthgquad-12.nec,ok,ok,0.0137969134375453,0.011509384028613567,,0
cebik-w4rnl/models/Quads/nec/7-3eloptwbquad-12.nec,ok,ok,0.013757923617959023,0.011589105241000652,,0
cebik-w4rnl/models/Quads/nec/7-4eloptquad-12.nec,ok,ok,0.01918051764369011,0.014578508213162422,,0
cebik-w4rnl/models/Quads/nec/903-2eloptquad-12.nec,ok,ok,0.012966625392436981,0.00990976206958294,,0
cebik-w4rnl/models/Quads/nec/903-3elopthgquad-12.nec,ok,ok,0.013799553737044334,0.011511671356856823,,0
cebik-w4rnl/models/Quads/nec/903-3eloptwbquad-12.nec,ok,ok,0.013864919543266296,0.012677661143243313,,0
cebik-w4rnl/models/Quads/nec/903-4eloptquad-12.nec,ok,ok,0.019761906936764717,0.017392992042005062,,0
cebik-w4rnl/models/VHF-UHF/nec/100-FMJpole.nec,ok,ok,0.1329035209491849,0.0804355638101697,1.6523,1
cebik-w4rnl/models/VHF-UHF/nec/100-batwing+reflector.nec,ok,ok,0.17019824218004942,0.12595031782984734,1.3513,1
cebik-w4rnl/models/VHF-UHF/nec/100-batwing-wbdipole.nec,ok,ok,0.03684464190155268,0.02658573631197214,,0
cebik-w4rnl/models/VHF-UHF/nec/100-dual-rhombic.nec,ok,ok,5.908389198593795,3.6486320812255144,1.6193,1
cebik-w4rnl/models/VHF-UHF/nec/1296-20elYagi-DL6WU.nec,ok,ok,0.06416845414787531,0.03876590635627508,,0
cebik-w4rnl/models/VHF-UHF/nec/1296-32elYagi-DL6WU.nec,ok,ok,0.14871877431869507,0.08503259718418121,1.7490,1
cebik-w4rnl/models/VHF-UHF/nec/1296-cornerrefl+dipole.nec,ok,ok,0.648912200704217,0.3758875736966729,1.7263,1
cebik-w4rnl/models/VHF-UHF/nec/1296-cornerrefl-vertical.nec,ok,ok,0.13475006073713303,0.08156204130500555,1.6521,1
cebik-w4rnl/models/VHF-UHF/nec/1296-dual-rhombic-QST.nec,ok,ok,1.4667765367776155,0.8949271831661463,1.6390,1
cebik-w4rnl/models/VHF-UHF/nec/144-10elOWAYagi.nec,ok,ok,0.02575539331883192,0.018330206163227558,,0
cebik-w4rnl/models/VHF-UHF/nec/144-10elYagi-DL6WU.nec,ok,ok,0.02245294861495495,0.016330978833138943,,0
cebik-w4rnl/models/VHF-UHF/nec/144-11elOWAYagi.nec,ok,ok,0.029368054121732712,0.0202092370018363,,0
cebik-w4rnl/models/VHF-UHF/nec/144-12elOWAYagi.nec,ok,ok,0.03337353281676769,0.02269501704722643,,0
cebik-w4rnl/models/VHF-UHF/nec/144-13elquagi.nec,ok,ok,0.023745722137391567,0.01722082681953907,,0
cebik-w4rnl/models/VHF-UHF/nec/144-2elquad-vertical.nec,ok,ok,0.09039724711328745,0.0483813164755702,,0
cebik-w4rnl/models/VHF-UHF/nec/144-2elquad.nec,ok,ok,0.014335517771542072,0.010986284352838993,,0
cebik-w4rnl/models/VHF-UHF/nec/144-3elhalfsquare.nec,ok,ok,0.08796637691557407,0.047477493062615395,,0
cebik-w4rnl/models/VHF-UHF/nec/144-3elwbYagi-W6SAI.nec,ok,ok,0.010502836667001247,0.00873386487364769,,0
cebik-w4rnl/models/VHF-UHF/nec/144-58gp.nec,ok,ok,0.2955030295997858,0.15623665694147348,1.8914,1
cebik-w4rnl/models/VHF-UHF/nec/144-6elOWAYagi.nec,ok,ok,0.01365218311548233,0.011587724089622498,,0
cebik-w4rnl/models/VHF-UHF/nec/144-7elOWAYagi.nec,ok,ok,0.016110277734696865,0.013177675195038319,,0
cebik-w4rnl/models/VHF-UHF/nec/144-8elOWAYagi.nec,ok,ok,0.01909300684928894,0.01447896845638752,,0
cebik-w4rnl/models/VHF-UHF/nec/144-9elOWAYagi.nec,ok,ok,0.021700939163565636,0.01636175625026226,,0
cebik-w4rnl/models/VHF-UHF/nec/144-collinear-vertical.nec,ok,ok,0.054771654307842255,0.04234058316797018,,0
cebik-w4rnl/models/VHF-UHF/nec/144-dipole-vertical.nec,ok,ok,0.02099891845136881,0.018346327356994152,,0
cebik-w4rnl/models/VHF-UHF/nec/144-edz-delayline.nec,ok,ok,0.046514847315847874,0.02395288273692131,,0
cebik-w4rnl/models/VHF-UHF/nec/144-edz.nec,ok,ok,0.010959342122077942,0.009138504974544048,,0
cebik-w4rnl/models/VHF-UHF/nec/144-moxrect-1.nec,ok,ok,0.0071068499237298965,0.007213175296783447,,0
cebik-w4rnl/models/VHF-UHF/nec/144-moxrect-125.nec,ok,ok,0.008017350919544697,0.0077560897916555405,,0
cebik-w4rnl/models/VHF-UHF/nec/144-quadloop-vertical.nec,ok,ok,0.0420436030253768,0.02356676571071148,,0
cebik-w4rnl/models/VHF-UHF/nec/220-10elOWAYagi.nec,ok,ok,0.02488929033279419,0.01833514589816332,,0
cebik-w4rnl/models/VHF-UHF/nec/220-11elOWAYagi.nec,ok,ok,0.02979971095919609,0.02031019888818264,,0
cebik-w4rnl/models/VHF-UHF/nec/220-12elOWAYagi+2ref.nec,ok,ok,0.03824046067893505,0.0251655587926507,,0
cebik-w4rnl/models/VHF-UHF/nec/220-12elOWAYagi.nec,ok,ok,0.03285128716379404,0.022651982493698597,,0
cebik-w4rnl/models/VHF-UHF/nec/220-12elYagi-DL6WU.nec,ok,ok,0.03139709122478962,0.01991723757237196,,0
cebik-w4rnl/models/VHF-UHF/nec/220-13elYagi-SM5BSZ.nec,ok,ok,0.03706014063209295,0.0247542979195714,,0
cebik-w4rnl/models/VHF-UHF/nec/220-13elquagi-Buchanen.nec,ok,ok,0.023683852516114712,0.017470400780439377,,0
cebik-w4rnl/models/VHF-UHF/nec/220-14elYagi-W4RNL.nec,ok,ok,0.017367633990943432,0.013457910157740116,,0
cebik-w4rnl/models/VHF-UHF/nec/220-15elYagi-Buchanan.nec,ok,ok,0.018683791160583496,0.014372630044817924,,0
cebik-w4rnl/models/VHF-UHF/nec/220-16elYagi-DL6WU.nec,ok,ok,0.043841151520609856,0.028776674531400204,,0
cebik-w4rnl/models/VHF-UHF/nec/220-18elYagi-DL6WU.nec,ok,ok,0.05353038478642702,0.03411185182631016,,0
cebik-w4rnl/models/VHF-UHF/nec/220-21elYagi-DL6WU.nec,ok,ok,0.06954332068562508,0.042486971244215965,,0
cebik-w4rnl/models/VHF-UHF/nec/220-26elYagi-Dl6WU.nec,ok,ok,0.11127857398241758,0.06011824682354927,1.8510,1
cebik-w4rnl/models/VHF-UHF/nec/220-27elYagi-DJ9BV.nec,ok,ok,0.053427278995513916,0.02811540849506855,,0
cebik-w4rnl/models/VHF-UHF/nec/220-33elYagi.nec,ok,ok,0.15672514121979475,0.09049102663993835,1.7319,1
cebik-w4rnl/models/VHF-UHF/nec/220-3elYagi.nec,ok,ok,0.005820552818477154,0.006286392919719219,,0
cebik-w4rnl/models/VHF-UHF/nec/220-4elwbYagi.nec,ok,ok,0.009324165992438793,0.008679516613483429,,0
cebik-w4rnl/models/VHF-UHF/nec/220-6elOWAYagi-a.nec,ok,ok,0.01575983129441738,0.011714479885995388,,0
cebik-w4rnl/models/VHF-UHF/nec/220-6elOWAYagi.nec,ok,ok,0.013912465423345566,0.011550536379218102,,0
cebik-w4rnl/models/VHF-UHF/nec/220-7elOWAYagi-a.nec,ok,ok,0.015879818238317966,0.01288191881030798,,0
cebik-w4rnl/models/VHF-UHF/nec/220-7elOWAYagi.nec,ok,ok,0.018382263369858265,0.012841383926570415,,0
cebik-w4rnl/models/VHF-UHF/nec/220-8elOWAYagi-a.nec,ok,ok,0.018699126318097115,0.014748919755220413,,0
cebik-w4rnl/models/VHF-UHF/nec/220-8elOWAYagi.nec,ok,ok,0.012667737901210785,0.011145664379000664,,0
cebik-w4rnl/models/VHF-UHF/nec/220-9elOWAYagi.nec,ok,ok,0.021988033317029476,0.01635198760777712,,0
cebik-w4rnl/models/VHF-UHF/nec/300-Lindenblad.nec,ok,ok,0.009188158437609673,0.008381791412830353,,0
cebik-w4rnl/models/VHF-UHF/nec/300-turnstile-dipoles.nec,ok,ok,0.0073227183893322945,0.0071086883544921875,,0
cebik-w4rnl/models/VHF-UHF/nec/432-10elOWAYagi-14.nec,ok,ok,0.025655302219092846,0.018339863047003746,,0
cebik-w4rnl/models/VHF-UHF/nec/432-10elYagi-DL6WU.nec,ok,ok,0.022149168886244297,0.016514371149241924,,0
cebik-w4rnl/models/VHF-UHF/nec/432-11elOWAYagi-14.nec,ok,ok,0.03010890632867813,0.0202950369566679,,0
cebik-w4rnl/models/VHF-UHF/nec/432-12elOWAYagi+2ref-4mm.nec,ok,ok,0.04169003292918205,0.027496610768139362,,0
cebik-w4rnl/models/VHF-UHF/nec/432-12elOWAYagi-10mm.nec,ok,ok,0.0365545554086566,0.023175599984824657,,0
cebik-w4rnl/models/VHF-UHF/nec/432-12elOWAYagi-14.nec,ok,ok,0.03319928050041199,0.022155655547976494,,0
cebik-w4rnl/models/VHF-UHF/nec/432-12elOWAYagi-4mm.nec,ok,ok,0.041693114675581455,0.027191019617021084,,0
cebik-w4rnl/models/VHF-UHF/nec/432-14elYagi-DL6WU.nec,ok,ok,0.036169832572340965,0.02386254072189331,,0
cebik-w4rnl/models/VHF-UHF/nec/432-16elYagi-DL6WU.nec,ok,ok,0.043936822563409805,0.02832007873803377,,0
cebik-w4rnl/models/VHF-UHF/nec/432-18elYagi-DL6WU.nec,ok,ok,0.05350232403725386,0.033652025274932384,,0
cebik-w4rnl/models/VHF-UHF/nec/432-18elYagi.nec,ok,ok,0.05376635491847992,0.03357831761240959,,0
cebik-w4rnl/models/VHF-UHF/nec/432-20elYagi-DL6WU.nec,ok,ok,0.06445714458823204,0.03903459757566452,,0
cebik-w4rnl/models/VHF-UHF/nec/432-21-elOWAYagi-4mm.nec,ok,ok,0.07870903238654137,0.0458130557090044,,0
cebik-w4rnl/models/VHF-UHF/nec/432-21elYagi-DL6WU.nec,ok,ok,0.07040596846491098,0.041933939792215824,,0
cebik-w4rnl/models/VHF-UHF/nec/432-25elYagi.nec,ok,ok,0.09377483930438757,0.055234674364328384,1.6978,1
cebik-w4rnl/models/VHF-UHF/nec/432-26elYagi-DL6WU.nec,ok,ok,0.10096368100494146,0.05912217404693365,1.7077,1
cebik-w4rnl/models/VHF-UHF/nec/432-26elYagi-SM5BSZ.nec,ok,ok,0.10165348090231419,0.059369596652686596,1.7122,1
cebik-w4rnl/models/VHF-UHF/nec/432-27elYagi-DJ9BV.nec,ok,ok,0.10795920435339212,0.0631889533251524,1.7085,1
cebik-w4rnl/models/VHF-UHF/nec/432-31elYagi.nec,ok,ok,0.1394025506451726,0.08737209253013134,1.5955,1
cebik-w4rnl/models/VHF-UHF/nec/432-32elYagi-DL6WU.nec,ok,ok,0.14745725691318512,0.08514237962663174,1.7319,1
cebik-w4rnl/models/VHF-UHF/nec/432-32elwbYagi-VK3AUU.nec,ok,ok,0.14674098044633865,0.0851172748953104,1.7240,1
cebik-w4rnl/models/VHF-UHF/nec/432-40elYagi-K1FO.nec,ok,ok,0.22558245435357094,0.128129574470222,1.7606,1
cebik-w4rnl/models/VHF-UHF/nec/432-41elwbYagi-VK3AUU.nec,ok,ok,0.23515099752694368,0.13880473282188177,1.6941,1
cebik-w4rnl/models/VHF-UHF/nec/432-43elYagi-VE7SQB.nec,ok,ok,0.2581710312515497,0.15083893295377493,1.7116,1
cebik-w4rnl/models/VHF-UHF/nec/432-4elwbYagi-W4RNL.nec,ok,ok,0.007711426354944706,0.007535074837505817,,0
cebik-w4rnl/models/VHF-UHF/nec/432-58gp.nec,ok,ok,0.03334974963217974,0.02591533772647381,,0
cebik-w4rnl/models/VHF-UHF/nec/432-58splitvertical-WA6SVT.nec,ok,ok,0.05911901034414768,0.031429750844836235,,0
cebik-w4rnl/models/VHF-UHF/nec/432-6elOWAYagi-14.nec,ok,ok,0.013319023884832859,0.011229317635297775,,0
cebik-w4rnl/models/VHF-UHF/nec/432-6elwbYagi-W4RNL.nec,ok,ok,0.016228361055254936,0.008970665745437145,,0
cebik-w4rnl/models/VHF-UHF/nec/432-7elOWAYagi-14.nec,ok,ok,0.016371521167457104,0.012971069663763046,,0
cebik-w4rnl/models/VHF-UHF/nec/432-8elOWAYagi-14.nec,ok,ok,0.01952865906059742,0.014233598485589027,,0
cebik-w4rnl/models/VHF-UHF/nec/432-8elYagi-ARRL.nec,ok,ok,0.01304609514772892,0.012276479043066502,,0
cebik-w4rnl/models/VHF-UHF/nec/432-8elYagi-DL6WU.nec,ok,ok,0.021836528554558754,0.013547264970839024,,0
cebik-w4rnl/models/VHF-UHF/nec/432-8elwbYagi-W4RNL.nec,ok,ok,0.016384534537792206,0.010608237236738205,,0
cebik-w4rnl/models/VHF-UHF/nec/432-8elwireYagi-14.nec,ok,ok,0.011919565498828888,0.009622235782444477,,0
cebik-w4rnl/models/VHF-UHF/nec/432-9elOWAYagi-14.nec,ok,ok,0.022254448384046555,0.016253734938800335,,0
cebik-w4rnl/models/VHF-UHF/nec/432-batwing+reflector.nec,ok,ok,0.5992509666830301,0.39813690073788166,1.5051,1
cebik-w4rnl/models/VHF-UHF/nec/432-batwing-wbdipole.nec,ok,ok,0.03742970060557127,0.026142590679228306,,0
cebik-w4rnl/models/VHF-UHF/nec/432-collinearvertical-GP.nec,ok,ok,0.060369168408215046,0.041086907498538494,,0
cebik-w4rnl/models/VHF-UHF/nec/432-cornerrefl+dipole-a.nec,ok,ok,0.16413396876305342,0.09756174124777317,1.6824,1
cebik-w4rnl/models/VHF-UHF/nec/432-cornerrefl+dipole-b.nec,ok,ok,0.6556343464180827,0.3750981893390417,1.7479,1
cebik-w4rnl/models/VHF-UHF/nec/432-cornerrefl+dipole.nec,ok,ok,0.32600612565875053,0.19168603885918856,1.7007,1
cebik-w4rnl/models/VHF-UHF/nec/432-cornerrefl-horiz.nec,ok,ok,1.3321332819759846,0.6999437399208546,1.9032,1
cebik-w4rnl/models/VHF-UHF/nec/432-cornerrefl-vertical.nec,ok,ok,0.13677646685391665,0.08147837780416012,1.6787,1
cebik-w4rnl/models/VHF-UHF/nec/432-cornerrefl-wiregrid-large.nec,ok,ok,4.44706616923213,2.8208924494683743,1.5765,1
cebik-w4rnl/models/VHF-UHF/nec/432-cornerrefl-wiregrid-small.nec,ok,ok,0.2427685223519802,0.16544615663588047,1.4674,1
cebik-w4rnl/models/VHF-UHF/nec/432-dbldiamond-wiregridplanarrefl.nec,ok,ok,0.9337923182174563,0.596799953840673,1.5647,1
cebik-w4rnl/models/VHF-UHF/nec/432-flatcornerrefl+dipole.nec,ok,ok,0.21404545940458775,0.13370406813919544,1.6009,1
cebik-w4rnl/models/VHF-UHF/nec/432-tri-cornerrefl.nec,ok,ok,5.146320641040802,3.4812807803973556,1.4783,1
cebik-w4rnl/models/VHF-UHF/nec/432-vertical-GP-125.nec,ok,ok,0.024367013946175575,0.020121093839406967,,0
cebik-w4rnl/models/VHF-UHF/nec/50-12elXquad-14.nec,ok,ok,0.1116377767175436,0.06759609933942556,1.6515,1
cebik-w4rnl/models/VHF-UHF/nec/50-2eldr-dirYagi.nec,ok,ok,0.006235357373952866,0.006296152248978615,,0
cebik-w4rnl/models/VHF-UHF/nec/50-2elwbYagi-W6SAI.nec,ok,ok,0.006471266970038414,0.006702270358800888,,0
cebik-w4rnl/models/VHF-UHF/nec/50-3elquad-14.nec,ok,ok,0.026175299659371376,0.017504344694316387,,0
cebik-w4rnl/models/VHF-UHF/nec/50-3elwbYagi-W6SAI.nec,ok,ok,0.008267507888376713,0.007635028101503849,,0
cebik-w4rnl/models/VHF-UHF/nec/50-4elhigainYagi-W1VT.nec,ok,ok,0.007330696098506451,0.0072702886536717415,,0
cebik-w4rnl/models/VHF-UHF/nec/50-6elOWAYagi.nec,ok,ok,0.016563020646572113,0.013322253711521626,,0
cebik-w4rnl/models/VHF-UHF/nec/50-7elOWAYagi.nec,ok,ok,0.019906814210116863,0.015206804499030113,,0
cebik-w4rnl/models/VHF-UHF/nec/50-8elOWAYagi.nec,ok,ok,0.023797620087862015,0.017775841988623142,,0
cebik-w4rnl/models/VHF-UHF/nec/50-9elYagi-ON4ANT.nec,ok,ok,0.06745068356394768,0.04257381334900856,,0
cebik-w4rnl/models/VHF-UHF/nec/50-dipole-turnstile.nec,ok,ok,0.09615174308419228,0.06359686516225338,1.5119,1
cebik-w4rnl/models/VHF-UHF/nec/50-lazyH-phasedarray.nec,ok,ok,0.531517717987299,0.2548746047541499,2.0854,1
cebik-w4rnl/models/VHF-UHF/nec/50-lazyH.nec,ok,ok,0.1979168364778161,0.11168371792882681,1.7721,1
cebik-w4rnl/models/VHF-UHF/nec/50-moxrect-14.nec,ok,ok,0.0635761646553874,0.033739191479980946,,0
cebik-w4rnl/models/VHF-UHF/nec/50-moxrect-50.nec,ok,ok,0.06584920641034842,0.03449702449142933,,0
cebik-w4rnl/models/VHF-UHF/nec/50-quad-turnstile.nec,ok,ok,0.1859001973643899,0.11400621570646763,1.6306,1
cebik-w4rnl/models/VHF-UHF/nec/50-quadrectangle-horiz.nec,ok,ok,0.010209312662482262,0.008847423829138279,,0
cebik-w4rnl/models/VHF-UHF/nec/850-dbldiamond-planarrefl.nec,ok,ok,0.04190889839082956,0.02914722915738821,,0
cebik-w4rnl/models/VHF-UHF/nec/903-20elYagi-DL6WU.nec,ok,ok,0.06422165501862764,0.03982747532427311,,0
cebik-w4rnl/models/VHF-UHF/nec/903-32elYagi-DL6WU.nec,ok,ok,0.1490902053192258,0.0851559666916728,1.7508,1
cebik-w4rnl/models/VHF-UHF/nec/903-cornerrefl-vertical.nec,ok,ok,0.13557112589478493,0.08244528993964195,1.6444,1
cebik-w4rnl/models/Verticals/nec/10-3elparasitic-sngnd.nec,ok,ok,0.4703150922432542,0.29995201993733644,1.5680,1
cebik-w4rnl/models/Verticals/nec/10-3elwireparasitic-sngnd.nec,ok,ok,0.18791579268872738,0.12299966160207987,1.5278,1
cebik-w4rnl/models/Verticals/nec/10-bobtailcurtain-14.nec,ok,ok,0.301422948949039,0.19510260969400406,1.5449,1
cebik-w4rnl/models/Verticals/nec/10-dblrect-14.nec,ok,ok,0.34698526095598936,0.22529278229922056,1.5402,1
cebik-w4rnl/models/Verticals/nec/10-dpl-spiralhats-sngnd.nec,ok,ok,0.11578026972711086,0.07962459046393633,1.4541,1
cebik-w4rnl/models/Verticals/nec/10-halfsquare-12.nec,ok,ok,0.30015614069998264,0.19517504703253508,1.5379,1
cebik-w4rnl/models/Verticals/nec/10-hsbeam-12.nec,ok,ok,0.33038924541324377,0.20949649531394243,1.5771,1
cebik-w4rnl/models/Verticals/nec/10-quadloop-dia-12.nec,ok,ok,0.31328637804836035,0.20092393178492785,1.5592,1
cebik-w4rnl/models/Verticals/nec/10-quadloop-sq-12.nec,ok,ok,0.1894348105415702,0.12244788650423288,1.5471,1
cebik-w4rnl/models/Verticals/nec/10-rect-14.nec,ok,ok,0.3044955339282751,0.1926999930292368,1.5802,1
cebik-w4rnl/models/Verticals/nec/10-sterba-12.nec,ok,ok,0.6400949712842703,0.35208355635404587,1.8180,1
cebik-w4rnl/models/Verticals/nec/10-sterba-ctrfed-12.nec,ok,ok,0.5907429065555334,0.3345665102824569,1.7657,1
cebik-w4rnl/models/Verticals/nec/14-monopole-4rad.nec,ok,ok,0.3547593308612704,0.21939040534198284,1.6170,1
cebik-w4rnl/models/Verticals/nec/14-monopole-4sloperad.nec,ok,ok,0.24551966227591038,0.1545502981171012,1.5886,1
cebik-w4rnl/models/Verticals/nec/144-14gp-45deg.nec,ok,ok,0.147692846134305,0.0888717221096158,1.6619,1
cebik-w4rnl/models/Verticals/nec/144-14gp.nec,ok,ok,0.1445498913526535,0.08635940682142973,1.6738,1
cebik-w4rnl/models/Verticals/nec/144-14vertical-GP-fat.nec,ok,ok,0.054457335732877254,0.030758141539990902,,0
cebik-w4rnl/models/Verticals/nec/144-2elBobtail.nec,ok,ok,0.3082911027595401,0.14841747097671032,2.0772,1
cebik-w4rnl/models/Verticals/nec/144-2elhalfsquare.nec,ok,ok,0.05052149575203657,0.028811843134462833,,0
cebik-w4rnl/models/Verticals/nec/144-3eljpoleYagi-375.nec,ok,ok,0.510726809501648,0.26892827544361353,1.8991,1
cebik-w4rnl/models/Verticals/nec/144-Jpole-50.nec,ok,ok,0.006340973079204559,0.00612254161387682,,0
cebik-w4rnl/models/Verticals/nec/144-Jpole58-375.nec,ok,ok,0.024221562780439854,0.014878862537443638,,0
cebik-w4rnl/models/Verticals/nec/144-edz-vertical.nec,ok,ok,0.047020843252539635,0.03404897451400757,,0
cebik-w4rnl/models/Verticals/nec/144-halfsquare.nec,ok,ok,0.02369311172515154,0.01547857467085123,,0
cebik-w4rnl/models/Verticals/nec/18-jpole-12.nec,ok,ok,0.006234573200345039,0.005985132418572903,,0
cebik-w4rnl/models/Verticals/nec/1r8-dblrect-12.nec,ok,ok,0.3689595488831401,0.23636136297136545,1.5610,1
cebik-w4rnl/models/Verticals/nec/1r8-monopole-12rad-lentpr.nec,ok,ok,0.35961996391415596,0.2326115444302559,1.5460,1
cebik-w4rnl/models/Verticals/nec/1r8-monopole-4rad-lentpr.nec,ok,ok,0.3176071895286441,0.20453062374144793,1.5529,1
cebik-w4rnl/models/Verticals/nec/1r8-monopole-60rad-lentpr.nec,ok,ok,1.3441143669188023,0.8544566985219717,1.5731,1
cebik-w4rnl/models/Verticals/nec/1r8-rect-12.nec,ok,ok,0.32697684597223997,0.20825275871902704,1.5701,1
cebik-w4rnl/models/Verticals/nec/1r8-thatmonopole-mingnd.nec,ok,ok,0.0070411162450909615,0.006323960609734058,,0
cebik-w4rnl/models/Verticals/nec/1r8-thatwiremonopole-mingnd.nec,ok,ok,0.008715718053281307,0.007157249376177788,,0
cebik-w4rnl/models/Verticals/nec/21-jpole-12.nec,ok,ok,0.006292806006968021,0.005958349443972111,,0
cebik-w4rnl/models/Verticals/nec/24-jpole-12.nec,ok,ok,0.0063278209418058395,0.006010748445987701,,0
cebik-w4rnl/models/Verticals/nec/28-jpole-12.nec,ok,ok,0.0063204290345311165,0.006046805530786514,,0
cebik-w4rnl/models/Verticals/nec/28-monopole-4rad.nec,ok,ok,0.31389043014496565,0.21000412292778492,1.4947,1
cebik-w4rnl/models/Verticals/nec/28-monopole-4sloperad.nec,ok,ok,0.13031924609094858,0.07950840424746275,1.6391,1
cebik-w4rnl/models/Verticals/nec/3-monopole-16hat-pergnd.nec,ok,ok,0.014811818487942219,0.009317589923739433,,0
cebik-w4rnl/models/Verticals/nec/3-monopole-16hat-perim-pergnd.nec,ok,ok,0.01930904109030962,0.014351126737892628,,0
cebik-w4rnl/models/Verticals/nec/3-monopole-4hat-pergnd.nec,ok,ok,0.007193972356617451,0.0063085779547691345,,0
cebik-w4rnl/models/Verticals/nec/3-monopole-4hat-perim-pergnd.nec,ok,ok,0.00935877300798893,0.007665994577109814,,0
cebik-w4rnl/models/Verticals/nec/300-11eldplarray.nec,ok,ok,0.07845357619225979,0.056452855467796326,1.3897,1
cebik-w4rnl/models/Verticals/nec/300-20eldplarray.nec,ok,ok,0.15641418658196926,0.11092462483793497,1.4101,1
cebik-w4rnl/models/Verticals/nec/300-30eldplarray.nec,ok,ok,0.27667454443871975,0.17758290097117424,1.5580,1
cebik-w4rnl/models/Verticals/nec/3r5-equidelta-fs-12.nec,ok,ok,0.008254407905042171,0.0072502074763178825,,0
cebik-w4rnl/models/Verticals/nec/3r6-alt2shortequidelta-sngnd-12.nec,ok,ok,0.22501698974519968,0.16335530951619148,1.3775,1
cebik-w4rnl/models/Verticals/nec/3r6-alt3shortequidelta-sngnd-12.nec,ok,ok,0.22761655785143375,0.1476407442241907,1.5417,1
cebik-w4rnl/models/Verticals/nec/3r6-altshortequidelta-sngnd-12.nec,ok,ok,0.22827266063541174,0.14912042394280434,1.5308,1
cebik-w4rnl/models/Verticals/nec/3r6-bobtailbeam-12.nec,ok,ok,0.40483079478144646,0.2615582048892975,1.5478,1
cebik-w4rnl/models/Verticals/nec/3r6-bobtailcurtain-12.nec,ok,ok,0.3626187378540635,0.23283582739531994,1.5574,1
cebik-w4rnl/models/Verticals/nec/3r6-dbldelta-sngnd-12.nec,ok,ok,0.3201919551938772,0.20623520761728287,1.5526,1
cebik-w4rnl/models/Verticals/nec/3r6-dblrect-12.nec,ok,ok,0.35350241605192423,0.2273040246218443,1.5552,1
cebik-w4rnl/models/Verticals/nec/3r6-halfsquare-12.nec,ok,ok,0.3090118458494544,0.1982275154441595,1.5589,1
cebik-w4rnl/models/Verticals/nec/3r6-hentenna-12.nec,ok,ok,0.3102540373802185,0.1996992425993085,1.5536,1
cebik-w4rnl/models/Verticals/nec/3r6-hsbeam-12.nec,ok,ok,0.3321111872792244,0.21458615083247423,1.5477,1
cebik-w4rnl/models/Verticals/nec/3r6-hsbeam-reverible-12.nec,ok,ok,0.34191417042165995,0.21960085351020098,1.5570,1
cebik-w4rnl/models/Verticals/nec/3r6-opendblrect-12.nec,ok,ok,0.33234601840376854,0.21381669864058495,1.5544,1
cebik-w4rnl/models/Verticals/nec/3r6-parasitichentennas-12-N2DT.nec,ok,ok,0.35397040750831366,0.22903098724782467,1.5455,1
cebik-w4rnl/models/Verticals/nec/3r6-phasedhentennas-12-N2DT.nec,ok,ok,0.3527924306690693,0.23043417558073997,1.5310,1
cebik-w4rnl/models/Verticals/nec/3r6-rectangle-12.nec,ok,ok,0.31312231346964836,0.19941370654851198,1.5702,1
cebik-w4rnl/models/Verticals/nec/3r6-rtangdelta-fs-12.nec,ok,ok,0.006668571382761002,0.0065705059096217155,,0
cebik-w4rnl/models/Verticals/nec/3r6-shortequidelta-sngnd-12.nec,ok,ok,0.237069190479815,0.14893489051610231,1.5918,1
cebik-w4rnl/models/Verticals/nec/3r6-vert-coilhat.nec,ok,ok,0.01756339706480503,0.013030515052378178,,0
cebik-w4rnl/models/Verticals/nec/3r6-vert-spiralhat.nec,ok,ok,0.02662544883787632,0.018910757265985012,,0
cebik-w4rnl/models/Verticals/nec/3r6-vert-symradhat.nec,ok,ok,0.0667480630800128,0.044934896752238274,,0
cebik-w4rnl/models/Verticals/nec/3r6-vert-teehat.nec,ok,ok,0.0129631282761693,0.009602369740605354,,0
cebik-w4rnl/models/Verticals/nec/3r6-vert-zigzaghat.nec,ok,ok,0.02001096773892641,0.01387212797999382,,0
cebik-w4rnl/models/Verticals/nec/50-Lant-375.nec,ok,ok,0.10131791140884161,0.06665353942662477,1.5201,1
cebik-w4rnl/models/Verticals/nec/50-Lant-50.nec,ok,ok,0.1003558598458767,0.06657279841601849,1.5075,1
cebik-w4rnl/models/Verticals/nec/5r4-bobtailcurtain-14.nec,ok,ok,0.3139176080003381,0.200593332760036,1.5649,1
cebik-w4rnl/models/Verticals/nec/5r4-dblrect-14.nec,ok,ok,0.36139604914933443,0.23078830912709236,1.5659,1
cebik-w4rnl/models/Verticals/nec/5r4-halfsquare-12.nec,ok,ok,0.31019115075469017,0.1995824482291937,1.5542,1
cebik-w4rnl/models/Verticals/nec/5r4-opendblrect-12.nec,ok,ok,0.33555256109684706,0.21708323992788792,1.5457,1
cebik-w4rnl/models/Verticals/nec/5r4-rect-14.nec,ok,ok,0.31614266987890005,0.20208292454481125,1.5644,1
cebik-w4rnl/models/Verticals/nec/7-2elphased-mingnd.nec,ok,ok,0.005961238406598568,0.005896627902984619,,0
cebik-w4rnl/models/Verticals/nec/7-2monopoles-parasitic.nec,ok,ok,0.004740322008728981,0.005087975412607193,,0
cebik-w4rnl/models/Verticals/nec/7-2monopoles-phased.nec,ok,ok,0.005856628529727459,0.005900772288441658,,0
cebik-w4rnl/models/Verticals/nec/7-3elcaploadparasitic-sngnd.nec,ok,ok,0.5258523961529136,0.3371677240356803,1.5596,1
cebik-w4rnl/models/Verticals/nec/7-3elhatloadparasitic-sngnd.nec,ok,ok,0.504848062992096,0.321333316154778,1.5711,1
cebik-w4rnl/models/Verticals/nec/7-3elparasitic-sngnd.nec,ok,ok,0.3882442647591233,0.24990823585540056,1.5535,1
cebik-w4rnl/models/Verticals/nec/7-3elvertYagi-mingnd-1.nec,ok,ok,0.010967525653541088,0.009310011751949787,,0
cebik-w4rnl/models/Verticals/nec/7-3elwireparasitic-sngnd.nec,ok,ok,0.1942621748894453,0.12757042329758406,1.5228,1
cebik-w4rnl/models/Verticals/nec/7-bobtailcurtain-14.nec,ok,ok,0.2857607314363122,0.1841064179316163,1.5521,1
cebik-w4rnl/models/Verticals/nec/7-bruce-12.nec,ok,ok,0.013357048854231834,0.010795815847814083,,0
cebik-w4rnl/models/Verticals/nec/7-dbldelta-sngnd-12.nec,ok,ok,0.2971409931778908,0.19216562248766422,1.5463,1
cebik-w4rnl/models/Verticals/nec/7-dblrect-14.nec,ok,ok,0.3292554337531328,0.21352012362331152,1.5420,1
cebik-w4rnl/models/Verticals/nec/7-dpl-hats-sngnd.nec,ok,ok,0.209330546669662,0.13784431852400303,1.5186,1
cebik-w4rnl/models/Verticals/nec/7-dpl-spiralhats-sngnd.nec,ok,ok,0.10762859974056482,0.07339187525212765,1.4665,1
cebik-w4rnl/models/Verticals/nec/7-equidelta-fs-12.nec,ok,ok,0.007467151619493961,0.007268321700394154,,0
cebik-w4rnl/models/Verticals/nec/7-halfsquare-12.nec,ok,ok,0.2841568188741803,0.19544612057507038,1.4539,1
cebik-w4rnl/models/Verticals/nec/7-halfwlvert-6parasiticguys.nec,ok,ok,0.7043277248740196,0.46423705853521824,1.5172,1
cebik-w4rnl/models/Verticals/nec/7-hsbeam-12.nec,ok,ok,0.31325704231858253,0.20272971224039793,1.5452,1
cebik-w4rnl/models/Verticals/nec/7-monopole-4sloperad-sngnd.nec,ok,ok,0.18900298420339823,0.12373062502592802,1.5275,1
cebik-w4rnl/models/Verticals/nec/7-monopole-6rad-sngnd.nec,ok,ok,0.3632681341841817,0.23130370117723942,1.5705,1
cebik-w4rnl/models/Verticals/nec/7-opendblrect-12.nec,ok,ok,0.3086904175579548,0.19863086007535458,1.5541,1
cebik-w4rnl/models/Verticals/nec/7-quadloop-dia-12.nec,ok,ok,0.29860086739063263,0.19198546931147575,1.5553,1
cebik-w4rnl/models/Verticals/nec/7-quadloop-sq-12.nec,ok,ok,0.1952944230288267,0.12783397547900677,1.5277,1
cebik-w4rnl/models/Verticals/nec/7-rect-14.nec,ok,ok,0.2861955324187875,0.18435069546103477,1.5525,1
cebik-w4rnl/models/Verticals/nec/7-rtangdelta-sngnd-12.nec,ok,ok,0.2789687495678663,0.18718836922198534,1.4903,1
cebik-w4rnl/models/Verticals/nec/7-smallloop-1.nec,ok,ok,0.013034174218773842,0.010462868958711624,,0
cebik-w4rnl/models/Verticals/nec/7-sterba-12.nec,ok,ok,0.5981648322194815,0.35418479051440954,1.6888,1
cebik-w4rnl/models/Verticals/nec/7-sterba-ctrfed-12.nec,ok,ok,0.5615900065749884,0.33478899393230677,1.6774,1
cebik-w4rnl/models/Wire-Arrays/nec/10-28-hordelta-cnrfd-12.nec,ok,ok,0.24467948731034994,0.15700287371873856,1.5584,1
cebik-w4rnl/models/Wire-Arrays/nec/10-2elYagi-reversible-12.nec,ok,ok,0.006925794295966625,0.006543353199958801,,0
cebik-w4rnl/models/Wire-Arrays/nec/10-3elYagi-14.nec,ok,ok,0.3056004326790571,0.19561044592410326,1.5623,1
cebik-w4rnl/models/Wire-Arrays/nec/10-8jk-12.nec,ok,ok,0.2956964699551463,0.1896178349852562,1.5594,1
cebik-w4rnl/models/Wire-Arrays/nec/10-halfsq-14.nec,ok,ok,0.33739202562719584,0.2166448077186942,1.5574,1
cebik-w4rnl/models/Wire-Arrays/nec/14-28-rhombic21-12.nec,ok,ok,0.07614867854863405,0.04574602376669645,,0
cebik-w4rnl/models/Wire-Arrays/nec/14-3eledzbeam-12.nec,ok,ok,0.11110684461891651,0.06980106607079506,1.5918,1
cebik-w4rnl/models/Wire-Arrays/nec/14-5wllongwire-endfd-12.nec,ok,ok,0.9507505036890507,0.47548390459269285,1.9995,1
cebik-w4rnl/models/Wire-Arrays/nec/14-8jk-12.nec,ok,ok,0.3161319559440017,0.2034236304461956,1.5541,1
cebik-w4rnl/models/Wire-Arrays/nec/14-N4PCloop-12.nec,ok,ok,0.035489894449710846,0.02368250023573637,,0
cebik-w4rnl/models/Wire-Arrays/nec/14-halfsq-14.nec,ok,ok,0.35570585262030363,0.2288073766976595,1.5546,1
cebik-w4rnl/models/Wire-Arrays/nec/14-halfsqbeam-14.nec,ok,ok,0.33769420720636845,0.21718580462038517,1.5549,1
cebik-w4rnl/models/Wire-Arrays/nec/14-slopet2fd-12.nec,ok,ok,0.3202093215659261,0.20461043436080217,1.5650,1
cebik-w4rnl/models/Wire-Arrays/nec/14-trianglebeam-12.nec,ok,ok,1.7043627593666315,0.7612566370517015,2.2389,1
cebik-w4rnl/models/Wire-Arrays/nec/14-vbeam-12.nec,ok,ok,1.0081041604280472,0.4817890264093876,2.0924,1
cebik-w4rnl/models/Wire-Arrays/nec/1r8-28-horhexloop-12.nec,ok,ok,0.4367897640913725,0.2827302711084485,1.5449,1
cebik-w4rnl/models/Wire-Arrays/nec/1r8-28-horhexloop-large-12.nec,ok,ok,0.3645806033164263,0.2342895194888115,1.5561,1
cebik-w4rnl/models/Wire-Arrays/nec/1r8-28-hort2fd-long-12.nec,ok,ok,0.032747188583016396,0.022401143796741962,,0
cebik-w4rnl/models/Wire-Arrays/nec/1r8-28-hort2fd-med-12.nec,ok,ok,0.3422252545133233,0.22069860994815826,1.5506,1
cebik-w4rnl/models/Wire-Arrays/nec/1r8-28-hort2fd-med-tl-12.nec,ok,ok,0.505635648034513,0.3244531322270632,1.5584,1
cebik-w4rnl/models/Wire-Arrays/nec/1r8-28-hort2fd-short-12.nec,ok,ok,0.010067789815366268,0.00868986826390028,,0
cebik-w4rnl/models/Wire-Arrays/nec/1r8-bobtailbeam-12.nec,ok,ok,0.4194598961621523,0.26974454801529646,1.5550,1
cebik-w4rnl/models/Wire-Arrays/nec/1r8-dblrect-12.nec,ok,ok,0.365938950330019,0.24237550050020218,1.5098,1
cebik-w4rnl/models/Wire-Arrays/nec/1r8-halfsq-14.nec,ok,ok,0.32320616114884615,0.20777402352541685,1.5556,1
cebik-w4rnl/models/Wire-Arrays/nec/21-coledz-12.nec,ok,ok,0.21477847266942263,0.11474304646253586,1.8718,1
cebik-w4rnl/models/Wire-Arrays/nec/21-coledzlazyh-12.nec,ok,ok,0.5934688644483685,0.2726444024592638,2.1767,1
cebik-w4rnl/models/Wire-Arrays/nec/28-hentenna-12.nec,ok,ok,0.10512643028050661,0.07014679256826639,1.4987,1
cebik-w4rnl/models/Wire-Arrays/nec/3r6-1wlhordelta-12.nec,ok,ok,0.36215783562511206,0.23408746998757124,1.5471,1
cebik-w4rnl/models/Wire-Arrays/nec/3r6-1wlhorhexloop-14.nec,ok,ok,0.3137943996116519,0.20416868291795254,1.5369,1
cebik-w4rnl/models/Wire-Arrays/nec/3r6-1wlhoroctloop-12.nec,ok,ok,0.3641897039487958,0.23430529609322548,1.5543,1
cebik-w4rnl/models/Wire-Arrays/nec/3r6-2elYagi-12.nec,ok,ok,0.2967365402728319,0.1932191550731659,1.5358,1
cebik-w4rnl/models/Wire-Arrays/nec/3r6-3elYagi-14.nec,ok,ok,0.32340661343187094,0.20839937683194876,1.5519,1
cebik-w4rnl/models/Wire-Arrays/nec/3r6-3r9-4wire2elYagi.nec,ok,ok,0.32719951402395964,0.21396239008754492,1.5292,1
cebik-w4rnl/models/Wire-Arrays/nec/3r6-dblrect-12.nec,ok,ok,0.015017624944448471,0.01249371562153101,,0
cebik-w4rnl/models/Wire-Arrays/nec/3r6-halfsq-12.nec,ok,ok,0.30814421083778143,0.198362291790545,1.5534,1
cebik-w4rnl/models/Wire-Arrays/nec/3r6-halfsqbeam-12.nec,ok,ok,0.33989384584128857,0.22398109454661608,1.5175,1
cebik-w4rnl/models/Wire-Arrays/nec/3r6-linloaddipole-12.nec,ok,ok,0.00959329679608345,0.008508430793881416,,0
cebik-w4rnl/models/Wire-Arrays/nec/3r6-slopet2fd-12.nec,ok,ok,0.22993681766092777,0.15011736191809177,1.5317,1
cebik-w4rnl/models/Wire-Arrays/nec/3r6-vertrect-12.nec,ok,ok,0.311623708344996,0.213185572065413,1.4617,1
cebik-w4rnl/models/Wire-Arrays/nec/3r6-wbdipole-14.nec,ok,ok,0.29570108000189066,0.18953588884323835,1.5601,1
cebik-w4rnl/models/Wire-Arrays/nec/3r9-2elYagi-14.nec,ok,ok,0.3114379895851016,0.2035040445625782,1.5304,1
cebik-w4rnl/models/Wire-Arrays/nec/3r9-2elYagi-reflload-14.nec,ok,ok,0.3127810060977936,0.2015856383368373,1.5516,1
cebik-w4rnl/models/Wire-Arrays/nec/3r9-3elYagi-14.nec,ok,ok,0.3292680215090513,0.21395879331976175,1.5389,1
cebik-w4rnl/models/Wire-Arrays/nec/3r9-3wire2elYagi-14.nec,ok,ok,0.332275765016675,0.20706523023545742,1.6047,1
cebik-w4rnl/models/Wire-Arrays/nec/3r9-nvis-1wlloop-planarrefl.nec,ok,ok,0.6076236683875322,0.40336157102137804,1.5064,1
cebik-w4rnl/models/Wire-Arrays/nec/3r9-nvis-batwing-planarrefl.nec,ok,ok,0.9476295839995146,0.6252542920410633,1.5156,1
cebik-w4rnl/models/Wire-Arrays/nec/3r9-nvis-dipole-planarrefl.nec,ok,ok,0.5658754967153072,0.379399792291224,1.4915,1
cebik-w4rnl/models/Wire-Arrays/nec/3r9-nvis-edzlazyh-planarrefl.nec,ok,ok,1.118752441368997,0.7351282499730587,1.5218,1
cebik-w4rnl/models/Wire-Arrays/nec/3r9-nvis-jamaica-planarrefl.nec,ok,ok,0.8598297061398625,0.5642756903544068,1.5238,1
cebik-w4rnl/models/Wire-Arrays/nec/5r4-2elYagi-reversible-12.nec,ok,ok,0.007055857218801975,0.006819276139140129,,0
cebik-w4rnl/models/Wire-Arrays/nec/5r4-8jk-12.nec,ok,ok,0.35142934415489435,0.23265206441283226,1.5105,1
cebik-w4rnl/models/Wire-Arrays/nec/5r4-dblrect-14.nec,ok,ok,0.35619819536805153,0.23145460709929466,1.5390,1
cebik-w4rnl/models/Wire-Arrays/nec/5r4-halfsq-12.nec,ok,ok,0.3080893224105239,0.2012407211586833,1.5309,1
cebik-w4rnl/models/Wire-Arrays/nec/5r4-moxrect-reversible-12-AA2NN.nec,ok,ok,0.30465946812182665,0.19649706967175007,1.5505,1
cebik-w4rnl/models/Wire-Arrays/nec/7-14-rhombic10-12.nec,ok,ok,0.07589420955628157,0.045952060259878635,,0
cebik-w4rnl/models/Wire-Arrays/nec/7-28-hordelta-cnrfd-12.nec,ok,ok,0.33836493641138077,0.2205721829086542,1.5340,1
cebik-w4rnl/models/Wire-Arrays/nec/7-28-lazyh15-al.nec,ok,ok,0.1161695858463645,0.07219643797725439,1.6091,1
cebik-w4rnl/models/Wire-Arrays/nec/7-28-sqloop-cnrfd-12.nec,ok,ok,0.49608351197093725,0.31343670934438705,1.5827,1
cebik-w4rnl/models/Wire-Arrays/nec/7-28-sqloop-sidefd-12.nec,ok,ok,0.3802815768867731,0.2487464752048254,1.5288,1
cebik-w4rnl/models/Wire-Arrays/nec/7-2elYagi-reversible-12.nec,ok,ok,0.006668349727988243,0.006731197237968445,,0
cebik-w4rnl/models/Wire-Arrays/nec/7-2eldelta-12-K4TX.nec,ok,ok,0.3335479609668255,0.2129501923918724,1.5663,1
cebik-w4rnl/models/Wire-Arrays/nec/7-2elwireYagi-12.nec,ok,ok,0.006277655251324177,0.006373794749379158,,0
cebik-w4rnl/models/Wire-Arrays/nec/7-3elYagi-14.nec,ok,ok,0.2933155344799161,0.18903792556375265,1.5516,1
cebik-w4rnl/models/Wire-Arrays/nec/7-8jk-12.nec,ok,ok,0.28232256416231394,0.18173371069133282,1.5535,1
cebik-w4rnl/models/Wire-Arrays/nec/7-bobtailbeam-12.nec,ok,ok,0.38906305748969316,0.2608856800943613,1.4913,1
cebik-w4rnl/models/Wire-Arrays/nec/7-dblrect-14.nec,ok,ok,0.3328633615747094,0.21307074464857578,1.5622,1
cebik-w4rnl/models/Wire-Arrays/nec/7-edzlazyh-14.nec,ok,ok,0.10012267995625734,0.06548890564590693,1.5288,1
cebik-w4rnl/models/Wire-Arrays/nec/7-halfsq-12.nec,ok,ok,0.281183279119432,0.1805897755548358,1.5570,1
cebik-w4rnl/models/Wire-Arrays/nec/7-halfsqbeam-12.nec,ok,ok,0.30611999705433846,0.1970517160370946,1.5535,1
cebik-w4rnl/models/Wire-Arrays/nec/7-halfsqbeam-14.nec,ok,ok,0.30950385611504316,0.19692657515406609,1.5717,1
cebik-w4rnl/models/Wire-Arrays/nec/7-hentenna-12.nec,ok,ok,0.09969714283943176,0.06690216064453125,1.4902,1
cebik-w4rnl/models/Wire-Arrays/nec/7-lazyh-14.nec,ok,ok,0.09968415461480618,0.06603772100061178,1.5095,1
cebik-w4rnl/models/Wire-Arrays/nec/7-moxrect-reversible-12-AA2NN.nec,ok,ok,0.27950397972017527,0.1781101357191801,1.5693,1
cebik-w4rnl/models/Wire-Arrays/nec/7-multiV-4wl-14.nec,ok,ok,0.663164452649653,0.38378958869725466,1.7279,1
cebik-w4rnl/models/Wire-Arrays/nec/7-rect-botctrfd-14.nec,ok,ok,0.28125598188489676,0.18052245397120714,1.5580,1
cebik-w4rnl/models/Wire-Arrays/nec/7-rtanglevertdelta-botfd-12.nec,ok,ok,0.2867572531104088,0.18971069902181625,1.5116,1
cebik-w4rnl/models/Wire-Arrays/nec/7-slopet2fd-12.nec,ok,ok,0.20556196011602879,0.1317082904279232,1.5607,1
cebik-w4rnl/models/Wire-Arrays/nec/7-sqquadloop-botfd-12.nec,ok,ok,0.007574876770377159,0.007124239578843117,,0
cebik-w4rnl/models/Wire-Arrays/nec/7-vertdelta-botfd-12.nec,ok,ok,0.2881712485104799,0.18607546295970678,1.5487,1
cebik-w4rnl/models/Wire-Arrays/nec/7-vertintfldloop-12.nec,ok,ok,0.25034631695598364,0.16040965914726257,1.5607,1
cebik-w4rnl/models/Wire-Arrays/nec/7-wbdipole-14.nec,ok,ok,0.2702017929404974,0.1724618896842003,1.5667,1
cebik-w4rnl/models/Yagis-HF/nec/13el20mwireYagi-KB9MZ.nec,ok,ok,0.35514714755117893,0.1898035602644086,1.8711,1
cebik-w4rnl/models/Yagis-HF/nec/2e10mlhelicalelYagi-12.nec,ok,ok,0.048149336129426956,0.03287896141409874,,0
cebik-w4rnl/models/Yagis-HF/nec/2el10mB-antbeam-25.nec,ok,ok,0.1734055606648326,0.11031642556190491,1.5719,1
cebik-w4rnl/models/Yagis-HF/nec/2el10mYagi-stepdia-large.nec,ok,ok,0.006910429336130619,0.006768989376723766,,0
cebik-w4rnl/models/Yagis-HF/nec/2el10mYagi-stepdia-small.nec,ok,ok,0.0065866271033883095,0.006618655286729336,,0
cebik-w4rnl/models/Yagis-HF/nec/2el30mwireYagi.nec,ok,ok,0.008588938973844051,0.006193370558321476,,0
cebik-w4rnl/models/Yagis-HF/nec/2el40mwireYagi.nec,ok,ok,0.008247992023825645,0.006199412979185581,,0
cebik-w4rnl/models/Yagis-HF/nec/2el60mwireYagi.nec,ok,ok,0.007777508348226547,0.005908524617552757,,0
cebik-w4rnl/models/Yagis-HF/nec/2el75mwireYagi.nec,ok,ok,0.005200245417654514,0.005578162148594856,,0
cebik-w4rnl/models/Yagis-HF/nec/2el80mwireYagi.nec,ok,ok,0.005421038717031479,0.005595649592578411,,0
cebik-w4rnl/models/Yagis-HF/nec/2eldr-dir10mYagi-375.nec,ok,ok,0.007389329373836517,0.006409133784472942,,0
cebik-w4rnl/models/Yagis-HF/nec/2eldr-dir10mYagi-50.nec,ok,ok,0.005475527606904507,0.00567335169762373,,0
cebik-w4rnl/models/Yagis-HF/nec/2eldr-ref12mYagi-42.nec,ok,ok,0.007408397272229195,0.006298442371189594,,0
cebik-w4rnl/models/Yagis-HF/nec/2eldr-ref15mYagi-50.nec,ok,ok,0.006286352872848511,0.006223617121577263,,0
cebik-w4rnl/models/Yagis-HF/nec/2eldr-ref17mYagi-59.nec,ok,ok,0.00611178670078516,0.006191907450556755,,0
cebik-w4rnl/models/Yagis-HF/nec/2eldr-ref20mYagi-1r5.nec,ok,ok,0.008041693828999996,0.00597701221704483,,0
cebik-w4rnl/models/Yagis-HF/nec/2eldr-ref30mYagi-2.nec,ok,ok,0.005747354589402676,0.0058946264907717705,,0
cebik-w4rnl/models/Yagis-HF/nec/2eldr-ref40mYagi-1r5.nec,ok,ok,0.006170383654534817,0.006234578788280487,,0
cebik-w4rnl/models/Yagis-HF/nec/2eldr-ref40mYagi-stepdia.nec,ok,ok,0.015629703179001808,0.012346247211098671,,0
cebik-w4rnl/models/Yagis-HF/nec/2elwb40mYagi-stepdia.nec,ok,ok,0.012299519032239914,0.011689347214996815,,0
cebik-w4rnl/models/Yagis-HF/nec/3bandHFYagi-uniel-noloads.nec,ok,ok,0.04118899907916784,0.02946976199746132,,0
cebik-w4rnl/models/Yagis-HF/nec/3bandHFtrapYagi-stepdia.nec,ok,ok,0.020048120990395546,0.015639519318938255,,0
cebik-w4rnl/models/Yagis-HF/nec/3el10mYagi-50.nec,ok,ok,0.009354522451758385,0.00733228400349617,,0
cebik-w4rnl/models/Yagis-HF/nec/3el10mYagi-Bird.nec,ok,ok,0.015374775044620037,0.011010095477104187,,0
cebik-w4rnl/models/Yagis-HF/nec/3el10mYagi-stepdia.nec,ok,ok,0.012250605039298534,0.007901091128587723,,0
cebik-w4rnl/models/Yagis-HF/nec/3el12mYagi-625.nec,ok,ok,0.01359971147030592,0.007644909434020519,,0
cebik-w4rnl/models/Yagis-HF/nec/3el15mYagi-stepdia-large.nec,ok,ok,0.011235673911869526,0.010108956135809422,,0
cebik-w4rnl/models/Yagis-HF/nec/3el15mYagi-stepdia-small.nec,ok,ok,0.016796141862869263,0.01144486851990223,,0
cebik-w4rnl/models/Yagis-HF/nec/3el15mlongYagi-75.nec,ok,ok,0.008033235557377338,0.007265155203640461,,0
cebik-w4rnl/models/Yagis-HF/nec/3el15mmedYagi-K9EUV.nec,ok,ok,0.012821712531149387,0.00604939553886652,,0
cebik-w4rnl/models/Yagis-HF/nec/3el15mshortYagi-75.nec,ok,ok,0.012429522350430489,0.0073323603719472885,,0
cebik-w4rnl/models/Yagis-HF/nec/3el17mshortYagi-875.nec,ok,ok,0.008764296770095825,0.007274586707353592,,0
cebik-w4rnl/models/Yagis-HF/nec/3el20mlongYagi-1.nec,ok,ok,0.009401324205100536,0.007296284660696983,,0
cebik-w4rnl/models/Yagis-HF/nec/3el20mlongYagi-stepdia.nec,ok,ok,0.008688759990036488,0.007623526267707348,,0
cebik-w4rnl/models/Yagis-HF/nec/3el20mmedYagi-K9EUV.nec,ok,ok,0.006301185116171837,0.006019258871674538,,0
cebik-w4rnl/models/Yagis-HF/nec/3el20mshortYagi-1.nec,ok,ok,0.008126107975840569,0.0073712971061468124,,0
cebik-w4rnl/models/Yagis-HF/nec/3el20mshortYagi-stepdia.nec,ok,ok,0.008148986846208572,0.007941813208162785,,0
cebik-w4rnl/models/Yagis-HF/nec/3el2b15m10mYagi-1.nec,ok,ok,0.04615260660648346,0.029272635467350483,,0
cebik-w4rnl/models/Yagis-HF/nec/3el40mVYagi-WA3FET.nec,ok,ok,0.011176906526088715,0.007795331068336964,,0
cebik-w4rnl/models/Yagis-HF/nec/3el40mYagi-stepdia.nec,ok,ok,0.008249974809587002,0.007739713415503502,,0
cebik-w4rnl/models/Yagis-HF/nec/3el40mlongYagi-2.nec,ok,ok,0.010178196243941784,0.007479775696992874,,0
cebik-w4rnl/models/Yagis-HF/nec/3el40mshortYagi-2.nec,ok,ok,0.009856509044766426,0.009761992841959,,0
cebik-w4rnl/models/Yagis-HF/nec/3el40mwireYagi-reversible.nec,ok,ok,0.010254421271383762,0.009476886130869389,,0
cebik-w4rnl/models/Yagis-HF/nec/3el60mwireYagi-reversible.nec,ok,ok,0.01005700696259737,0.007256154902279377,,0
cebik-w4rnl/models/Yagis-HF/nec/3el75mwireYagi-reversible.nec,ok,ok,0.012547115795314312,0.007368444465100765,,0
cebik-w4rnl/models/Yagis-HF/nec/3el80mwireYagi-reversible.nec,ok,ok,0.014938480220735073,0.007490278221666813,,0
cebik-w4rnl/models/Yagis-HF/nec/3elVYagi10m-wa3fet.nec,ok,ok,0.01052042841911316,0.009912646375596523,,0
cebik-w4rnl/models/Yagis-HF/nec/3elmed10mYagi-K9EUV.nec,ok,ok,0.013617999851703644,0.0100379828363657,,0
cebik-w4rnl/models/Yagis-HF/nec/3elshort10mYagi-50.nec,ok,ok,0.007905985228717327,0.007330304943025112,,0
cebik-w4rnl/models/Yagis-HF/nec/3elwb10mYagi-W6SAI.nec,ok,ok,0.007434966042637825,0.0066869985312223434,,0
cebik-w4rnl/models/Yagis-HF/nec/3elwb10mYagi-stepdia.nec,ok,ok,0.015770189464092255,0.009052980691194534,,0
cebik-w4rnl/models/Yagis-HF/nec/3elwb40mYagi-stepdia.nec,ok,ok,0.024015605449676514,0.014916440472006798,,0
cebik-w4rnl/models/Yagis-HF/nec/4el10mYagi-75.nec,ok,ok,0.009709223173558712,0.0066345129162073135,,0
cebik-w4rnl/models/Yagis-HF/nec/4el10mwbYagi-stepdia-W4RNL.nec,ok,ok,0.01567144598811865,0.011509498581290245,,0
cebik-w4rnl/models/Yagis-HF/nec/4el10mwbYagi-stepdia.nec,ok,ok,0.011694767512381077,0.008555768057703972,,0
cebik-w4rnl/models/Yagis-HF/nec/4el15mYagi-875.nec,ok,ok,0.01170147955417633,0.008436199277639389,,0
cebik-w4rnl/models/Yagis-HF/nec/4el20mYagi-stepdia.nec,ok,ok,0.023905334994196892,0.013396271504461765,,0
cebik-w4rnl/models/Yagis-HF/nec/4el2b12m17mYagi-stepdia.nec,ok,ok,0.014189137145876884,0.01182054728269577,,0
cebik-w4rnl/models/Yagis-HF/nec/4el2b12m17mdr-dirYagi-stepdia.nec,ok,ok,0.01347651332616806,0.012763758189976215,,0
cebik-w4rnl/models/Yagis-HF/nec/4el2band80m75mwireYagi.nec,ok,ok,0.014105107635259628,0.00902627408504486,,0
cebik-w4rnl/models/Yagis-HF/nec/4elwb40mYagi.nec,ok,ok,0.03152085095643997,0.02027542795985937,,0
cebik-w4rnl/models/Yagis-HF/nec/5bandHFYagi50_-ON4ANT.nec,ok,ok,0.056142219342291355,0.031187559477984905,,0
cebik-w4rnl/models/Yagis-HF/nec/5bandHFYagi60_-ON4ANT.nec,ok,ok,0.05163657013326883,0.033356454223394394,,0
cebik-w4rnl/models/Yagis-HF/nec/5el10mYagi-K4SB.nec,ok,ok,0.008976435288786888,0.007907525636255741,,0
cebik-w4rnl/models/Yagis-HF/nec/5el10mwbYagi-stepdia.nec,ok,ok,0.012843018397688866,0.009933484718203545,,0
cebik-w4rnl/models/Yagis-HF/nec/5el20mYagi-K4SB.nec,ok,ok,0.024785272777080536,0.01711366791278124,,0
cebik-w4rnl/models/Yagis-HF/nec/5el20mYagi-N6BV.nec,ok,ok,0.0336729409173131,0.022883299738168716,,0
cebik-w4rnl/models/Yagis-HF/nec/5el20mYagi-W3LPL.nec,ok,ok,0.033045725896954536,0.02237387467175722,,0
cebik-w4rnl/models/Yagis-HF/nec/5el20mYagi-W6NGZ.nec,ok,ok,0.01979020144790411,0.01514124684035778,,0
cebik-w4rnl/models/Yagis-HF/nec/6el10mOWAYagi-N6BV.nec,ok,ok,0.028132323175668716,0.019249122589826584,,0
cebik-w4rnl/models/Yagis-HF/nec/6el10mOWAYagi-NW3Z.nec,ok,ok,0.01675410009920597,0.014158695004880428,,0
cebik-w4rnl/models/Yagis-HF/nec/6el10mOWAYagi-hd-stepdia.nec,ok,ok,0.014211490750312805,0.011017851531505585,,0
cebik-w4rnl/models/Yagis-HF/nec/6el20mOWAYagi-NW3Z.nec,ok,ok,0.032202196307480335,0.02053888514637947,,0
cebik-w4rnl/models/Yagis-HF/nec/6el20mYagi-1r5.nec,ok,ok,0.01375570334494114,0.01380746066570282,,0
cebik-w4rnl/models/Yagis-HF/nec/6el20mYagi-N6BV.nec,ok,ok,0.027818750590085983,0.019350871443748474,,0
cebik-w4rnl/models/Yagis-HF/nec/6el2b15m10mYagi-W4RNL.nec,ok,ok,0.01535925641655922,0.017732467502355576,,0
cebik-w4rnl/models/Yagis-HF/nec/6el2b20m15mYagi-W4RNL.nec,ok,ok,0.0151600893586874,0.010950712487101555,,0
cebik-w4rnl/models/Yagis-HF/nec/7el10mOWAYagi-stepdia.nec,ok,ok,0.023511778563261032,0.014974716119468212,,0
cebik-w4rnl/models/Yagis-HF/nec/7el10mwireYagi.nec,ok,ok,0.01471150666475296,0.009027358144521713,,0
cebik-w4rnl/models/Yagis-HF/nec/7el15mYagi-SP5GRM.nec,ok,ok,0.052321561612188816,0.02962325606495142,,0
cebik-w4rnl/models/Yagis-HF/nec/7el20mlongYagi-1r5.nec,ok,ok,0.016344056464731693,0.012467334046959877,,0
cebik-w4rnl/models/Yagis-HF/nec/7el20mshortYagi-1r5.nec,ok,ok,0.015983878634870052,0.012569762766361237,,0
cebik-w4rnl/models/Yagis-HF/nec/8el20mYagi-1r5.nec,ok,ok,0.020290466956794262,0.016361081041395664,,0
cebik-w4rnl/models/Yagis-HF/nec/capload2el10mYagi-375.nec,ok,ok,0.016468645073473454,0.012569223530590534,,0
cebik-w4rnl/models/Yagis-HF/nec/ctrload2el10mYagi-375.nec,ok,ok,0.017284343019127846,0.00888100452721119,,0
cebik-w4rnl/models/Yagis-HF/nec/ctrload2el10mYagi-75.nec,ok,ok,0.006372836418449879,0.006382111459970474,,0
cebik-w4rnl/models/Yagis-HF/nec/ctrload2el40mYagi-stepdia.nec,ok,ok,0.013468834571540356,0.009335614740848541,,0
cebik-w4rnl/models/Yagis-HF/nec/moxrect10m12.nec,ok,ok,0.011612354777753353,0.010092567652463913,,0
cebik-w4rnl/models/Yagis-HF/nec/moxrect10m50.nec,ok,ok,0.011024578474462032,0.008728370070457458,,0
cebik-w4rnl/models/Yagis-HF/nec/moxrect12m12.nec,ok,ok,0.011953440494835377,0.01246901135891676,,0
cebik-w4rnl/models/Yagis-HF/nec/moxrect12m625.nec,ok,ok,0.011472462676465511,0.008630099706351757,,0
cebik-w4rnl/models/Yagis-HF/nec/moxrect15m12.nec,ok,ok,0.01457681879401207,0.012103335931897163,,0
cebik-w4rnl/models/Yagis-HF/nec/moxrect15m75.nec,ok,ok,0.010370243340730667,0.008755622431635857,,0
cebik-w4rnl/models/Yagis-HF/nec/moxrect17m12.nec,ok,ok,0.009904817678034306,0.008524155244231224,,0
cebik-w4rnl/models/Yagis-HF/nec/moxrect17m875.nec,ok,ok,0.015583018772304058,0.00881173089146614,,0
cebik-w4rnl/models/Yagis-HF/nec/moxrect20m1.nec,ok,ok,0.019041161984205246,0.008537743240594864,,0
cebik-w4rnl/models/Yagis-HF/nec/moxrect20m12.nec,ok,ok,0.01239938847720623,0.008709412068128586,,0
cebik-w4rnl/models/Yagis-HF/nec/moxrect30m12.nec,ok,ok,0.016963654197752476,0.00861123576760292,,0
cebik-w4rnl/models/Yagis-HF/nec/moxrect40m12.nec,ok,ok,0.013386771082878113,0.008760296739637852,,0
cebik-w4rnl/models/Yagis-HF/nec/moxrect60m12.nec,ok,ok,0.012510964646935463,0.011189701966941357,,0
cebik-w4rnl/models/Yagis-HF/nec/moxrect75m12.nec,ok,ok,0.02012073528021574,0.008861805312335491,,0
cebik-w4rnl/models/Yagis-HF/nec/moxrect80m12.nec,ok,ok,0.020247106440365314,0.011370955035090446,,0
cebik-w4rnl/nec2-ex1.nec,ok,ok,0.00422877911478281,0.003981009125709534,,0
cebik-w4rnl/nec2-ex2.nec,ok,ok,0.003884163685142994,0.00460098497569561,,0
cebik-w4rnl/nec2-ex3.nec,ok,ok,0.08582976832985878,0.054891183972358704,1.5636,1
cebik-w4rnl/nec2-ex5.nec,ok,ok,0.006687725894153118,0.006018416024744511,,0
cebik-w4rnl/nec2-ex7.nec,ok-no-source,ok-no-source,0.1995472637936473,0.12240622937679291,,0
cebik-w4rnl/nec2-ex8.nec,ok-no-source,ok-no-source,0.004367230460047722,0.00397669430822134,,0
cebik-w4rnl/nec4-ex1.nec,ok,ok,0.003070453181862831,0.0035917768254876137,,0
cebik-w4rnl/nec4-ex10_1.nec,ok,ok,0.2245209040120244,0.14492093306034803,1.5493,1
cebik-w4rnl/nec4-ex10_2.nec,ok,ok,0.003914489410817623,0.004635050892829895,,0
cebik-w4rnl/nec4-ex10_3.nec,ok,ok,0.22647559456527233,0.14737570378929377,1.5367,1
cebik-w4rnl/nec4-ex11.nec,ok,ok,0.08079205546528101,0.05555510614067316,1.4543,1
cebik-w4rnl/nec4-ex3.nec,ok,ok,0.08250558190047741,0.05484818480908871,1.5043,1
cebik-w4rnl/nec4-ex5.nec,ok,ok,0.006460568867623806,0.006172630004584789,,0
cebik-w4rnl/nec4-ex7.nec,ok-no-source,ok-no-source,0.19451186247169971,0.12228313367813826,,0
cebik-w4rnl/nec4-ex8.nec,ok-no-source,ok-no-source,0.003570680506527424,0.004017660394310951,,0
g1ojs/10m/10m 65cm Circ 10mm Copper Magloop H.nec,ok,ok,0.08134250342845917,0.0545866871252656,1.4902,1
g1ojs/10m/10m 65cm Circ 10mm Copper Magloop V side.nec,ok,ok,0.08245756663382053,0.055290292017161846,1.4914,1
g1ojs/10m/10m 65cm Circ 10mm Copper Magloop V.nec,ok,ok,0.08243909757584333,0.05506834480911493,1.4970,1
g1ojs/10m/10m Helically loaded dipole 2.43m long.nec,ok,ok,11.44670275785029,7.013280514627695,1.6321,1
g1ojs/10m/10m LL Dipole 4m 5mm dia elements - hairpin.nec,ok,ok,0.7658077776432037,0.4877722719684243,1.5700,1
g1ojs/10m/10m Quad base fed.nec,ok,ok,0.8360622059553862,0.5386240221560001,1.5522,1
g1ojs/10m/10m Rect Petlowany Dipole 10mm dia elements flat 2.nec,ok,ok,0.014324591495096684,0.010630275122821331,,0
g1ojs/10m/10m Short Dipole 3m 5mm dia elements - trombone.nec,ok,ok,0.6523680575191975,0.4272611644119024,1.5269,1
g1ojs/10m/_10m Dipole ref.nec,ok,ok,0.38553297705948353,0.25175028294324875,1.5314,1
g1ojs/10m/_10m V.nec,ok,ok,0.6732396008446813,0.4161333367228508,1.6178,1
g1ojs/15m/_15m V.nec,ok,ok,0.9765297034755349,0.6239494988694787,1.5651,1
g1ojs/160m/160m 239cm Circ 10mm Cu Magloop V.nec,ok,ok,0.11142023280262947,0.07617375254631042,1.4627,1
g1ojs/160m/160m Coax Magloop V.nec,ok,ok,0.0851840702816844,0.05796419829130173,1.4696,1
g1ojs/160m/160m Single Turn Coax Magloop V.nec,ok,ok,0.0858616465702653,0.057752651162445545,1.4867,1
g1ojs/160m/160m Three Turn Coax Magloop V.nec,ok,ok,0.08774561621248722,0.06011443678289652,1.4596,1
g1ojs/160m/160m Two Turn Coax Magloop V.nec,ok,ok,0.08663322683423758,0.05894626025110483,1.4697,1
g1ojs/1V cap plates solid coplanar.nec,ok,ok,1.327215762808919,0.8700240338221192,1.5255,1
g1ojs/20m/20m 239cm Circ 10mm Copper Magloop H.nec,ok,ok,0.10411400347948074,0.0706116072833538,1.4745,1
g1ojs/20m/20m 239cm Circ 10mm Copper Magloop V.nec,ok,ok,0.10567037854343653,0.07119060307741165,1.4843,1
g1ojs/20m/20m 239cm Circ 10mm Copper Magloop Vside.nec,ok,ok,0.10541464760899544,0.07224164623767138,1.4592,1
g1ojs/20m/20m 65cm Circ 10mm Copper Magloop H.nec,ok,ok,0.08043689467012882,0.05478566139936447,1.4682,1
g1ojs/20m/20m 65cm Circ 10mm Copper Magloop V side.nec,ok,ok,0.08093070704489946,0.05513324774801731,1.4679,1
g1ojs/20m/20m 65cm Circ 10mm Copper Magloop V.nec,ok,ok,0.08095219917595387,0.05522070359438658,1.4660,1
g1ojs/20m/20m Half wave circular loop V side.nec,ok,ok,0.186193379573524,0.12192285247147083,1.5271,1
g1ojs/20m/20m Half wave square loop V side as built.nec,ok,ok,0.17468497809022665,0.11361264158040285,1.5375,1
g1ojs/20m/20m Half wave square loop V side.nec,ok,ok,0.07896480523049831,0.053587015718221664,1.4736,1
g1ojs/20m/20m V coax braid element.nec,ok,ok,1.1756989499554038,0.7503264928236604,1.5669,1
g1ojs/20m/20m V coax inner element.nec,ok,ok,1.013159655034542,0.6475215628743172,1.5647,1
g1ojs/20m/20m V pvc covered.nec,ok,ok,1.1573683358728886,0.6921882536262274,1.6720,1
g1ojs/20m/Open loop H 7.4m.nec,ok,ok,0.08948751725256443,0.06061423942446709,1.4763,1
g1ojs/20m/Open loop V base 7.4m.nec,ok,ok,0.08992700930684805,0.06118294131010771,1.4698,1
g1ojs/20m/Open loop V side 7.4m.nec,ok,ok,0.08977988082915545,0.06131465267390013,1.4642,1
g1ojs/20m/_20m Dipole ref.nec,ok,ok,1.2702899677678943,0.8158699367195368,1.5570,1
g1ojs/20m/_20m V.nec,ok,ok,1.1813313765451312,0.7521996581926942,1.5705,1
g1ojs/3V cap plates solid coplanar.nec,ok,ok,1.9756167391315103,1.2701347898691893,1.5554,1
g1ojs/40m/40m 239cm Circ 10mm Cu Magloop H.nec,ok,ok,0.0978560084477067,0.06665303464978933,1.4681,1
g1ojs/40m/40m 239cm Circ 10mm Cu Magloop V side.nec,ok,ok,0.097879558801651,0.06762295681983232,1.4474,1
g1ojs/40m/40m 239cm Circ 10mm Cu Magloop V.nec,ok,ok,0.09764089994132519,0.06758410856127739,1.4447,1
g1ojs/40m/40m Fitted Attic V.nec,ok,ok,1.0112187266349792,0.6544107552617788,1.5452,1
g1ojs/40m/40m V cap plates coplanar.nec,ok,ok,1.3252046797424555,0.8760794484987855,1.5127,1
g1ojs/40m/40m V cap spokes.nec,ok,ok,1.0163145791739225,0.6580261392518878,1.5445,1
g1ojs/40m/40m V doglegs BUILT.nec,ok,ok,1.021741557866335,0.648624500259757,1.5752,1
g1ojs/40m/40m VU built 2.nec,ok,ok,1.0115309823304415,0.6524477349594235,1.5504,1
g1ojs/40m/40m VU built.nec,ok,ok,1.009236853569746,0.6583326645195484,1.5330,1
g1ojs/40m/40m VU.nec,ok,ok,1.0116538405418396,0.6495123784989119,1.5576,1
g1ojs/40m/_40m Dipole ref.nec,ok,ok,1.4186437176540494,0.9069682657718658,1.5642,1
g1ojs/40m/_40m V loaded.nec,ok,ok,1.0056242011487484,0.6438734829425812,1.5618,1
g1ojs/40m/opt/40m V integral PI-01.nec,ok,ok,0.20827732514590025,0.1377855595201254,1.5116,1
g1ojs/40m/opt/40m V integral PI-02.nec,ok,ok,0.20868739765137434,0.13527065236121416,1.5427,1
g1ojs/40m/opt/40m V integral PI-03.nec,ok,ok,0.2089923294261098,0.1361916959285736,1.5345,1
g1ojs/40m/opt/40m V integral PI-04.nec,ok,ok,0.20724896620959044,0.1352868964895606,1.5319,1
g1ojs/40m/opt/40m V integral PI-05.nec,ok,ok,0.2090255105867982,0.13585412595421076,1.5386,1
g1ojs/40m/opt/40m V integral PI-06.nec,ok,ok,0.20812394749373198,0.1355957044288516,1.5349,1
g1ojs/40m/opt/40m V integral PI-07.nec,ok,ok,0.20783364959061146,0.1355095598846674,1.5337,1
g1ojs/40m/opt/40m V integral PI-08.nec,ok,ok,0.2091192239895463,0.13544117007404566,1.5440,1
g1ojs/40m/opt/40m V integral PI-09.nec,ok,ok,0.20776041317731142,0.13631431385874748,1.5241,1
g1ojs/40m/opt/40m V integral PI-10.nec,ok,ok,0.2076743608340621,0.13509059511125088,1.5373,1
g1ojs/40m/opt/40m V integral PI-11.nec,ok,ok,0.2084887381643057,0.1362206619232893,1.5305,1
g1ojs/40m/opt/40m V integral PI-12.nec,ok,ok,0.2080161990597844,0.13529949449002743,1.5374,1
g1ojs/40m/opt/40m V integral PI-13.nec,ok,ok,0.20804244559258223,0.13584069162607193,1.5315,1
g1ojs/40m/opt/40m V integral PI-14.nec,ok,ok,0.2085682125762105,0.1360712368041277,1.5328,1
g1ojs/40m/opt/40m V integral PI-15.nec,ok,ok,0.20769107155501842,0.13623480405658484,1.5245,1
g1ojs/40m/opt/40m V integral PI-16.nec,ok,ok,0.20773663092404604,0.13591061625629663,1.5285,1
g1ojs/40m/opt/40m V integral PI-17.nec,ok,ok,0.20882831420749426,0.135347549803555,1.5429,1
g1ojs/40m/opt/40m V integral PI-18.nec,ok,ok,0.20734129380434752,0.1351786395534873,1.5338,1
g1ojs/40m/opt/40m V integral PI-19.nec,ok,ok,0.20787921268492937,0.1354852830991149,1.5343,1
g1ojs/40m/opt/40m V integral PI-20.nec,ok,ok,0.20849272143095732,0.13603281695395708,1.5327,1
g1ojs/40m/opt/40m V integral PI-21.nec,ok,ok,0.20784999895840883,0.13548698741942644,1.5341,1
g1ojs/40m/opt/40m V integral PI-22.nec,ok,ok,0.20778592117130756,0.13721408043056726,1.5143,1
g1ojs/40m/opt/40m V integral PI-23.nec,ok,ok,0.20895822998136282,0.13567493204027414,1.5401,1
g1ojs/40m/opt/40m V integral PI-24.nec,ok,ok,0.20750876888632774,0.13588381558656693,1.5271,1
g1ojs/40m/opt/40m V integral PI-25.nec,ok,ok,0.20778341591358185,0.13561870250850916,1.5321,1
g1ojs/40m/opt/40m V integral PI-26.nec,ok,ok,0.2083660252392292,0.13606195524334908,1.5314,1
g1ojs/40m/opt/40m V integral PI-27.nec,ok,ok,0.20913581363856792,0.13536501117050648,1.5450,1
g1ojs/40m/opt/40m V integral PI-28.nec,ok,ok,0.20757752750068903,0.13588143233209848,1.5276,1
g1ojs/40m/opt/40m V integral PI-29.nec,ok,ok,0.20909177884459496,0.13698359206318855,1.5264,1
g1ojs/40m/opt/40m V integral PI-30.nec,ok,ok,0.20818738359957933,0.13716525956988335,1.5178,1
g1ojs/40m/opt/40m V integral PI_003-19.nec,ok,ok,0.20720156282186508,0.13702738378196955,1.5121,1
g1ojs/40m/opt/40m V integral PI_007-12.nec,ok,ok,0.2094896724447608,0.13612459879368544,1.5390,1
g1ojs/40m/trials/40m V cage.nec,ok,ok,1.7770873690024018,1.1673995601013303,1.5223,1
g1ojs/40m/trials/40m V curve 4pts 7MHz.nec,ok,ok,1.009028920903802,0.6541503174230456,1.5425,1
g1ojs/40m/trials/40m V curve 5pts 7MHz.nec,ok,ok,1.0262197172269225,0.6535897459834814,1.5701,1
g1ojs/40m/trials/40m V integral PI.nec,ok,ok,1.0107194939628243,0.6515843076631427,1.5512,1
g1ojs/40m/trials/40m V mesh.nec,ok,ok,1.5901158191263676,1.0372186303138733,1.5331,1
g1ojs/630m/630m Three Turn Coax Magloop V.nec,ok,ok,0.0902478126809001,0.06217481195926666,1.4515,1
g1ojs/80m/40m V3.nec,ok,ok,1.0196913601830602,0.6536343665793538,1.5600,1
g1ojs/80m/80m 239cm Circ 10mm Cu Magloop V.nec,ok,ok,0.10530631057918072,0.07106023654341698,1.4819,1
g1ojs/80m/80m V cap plates high H.nec,ok,ok,1.2037474513053894,0.7886514943093061,1.5263,1
g1ojs/80m/80m V cap plates solid coplanar.nec,ok,ok,1.3539575533941388,0.8866099398583174,1.5271,1
g1ojs/80m/80m V cap plates solid felt.nec,ok,ok,1.3110354468226433,0.8540577245876193,1.5351,1
g1ojs/80m/80m V.nec,ok,ok,1.0468805814161897,0.6749631650745869,1.5510,1
g1ojs/80m/80m V3.nec,ok,ok,1.077837877906859,0.7043543746694922,1.5302,1
g1ojs/80m/_80m Dipole ref.nec,ok,ok,1.5290443683043122,1.000928177498281,1.5276,1
g1ojs/80m/tmp.nec,ok,ok,0.9312003822997212,0.6129403179511428,1.5192,1
g1ojs/Delta loop/loop.nec,ok,ok,0.8702245093882084,0.568520525470376,1.5307,1
g1ojs/Loft wires/1V.nec,ok,ok,1.0079755205661058,0.6650262977927923,1.5157,1
g1ojs/Loft wires/2V.nec,ok,ok,1.0187791474163532,0.6664958829060197,1.5286,1
g1ojs/Loft wires/LF.nec,ok,ok,1.1165481582283974,0.7389571908861399,1.5110,1
g1ojs/Loft wires/Max space V centre.nec,ok,ok,1.0065141944214702,0.6613710904493928,1.5219,1
g1ojs/Loft wires/Max space V diag.nec,ok,ok,1.0106477104127407,0.661868954077363,1.5270,1
g1ojs/Loft wires/Spiral.nec,ok,ok,1.0469734771177173,0.683766427449882,1.5312,1
g1ojs/Magloop with cap on coupling loop.nec,ok,ok,0.11182527989149094,0.07434869930148125,1.5041,1
g1ojs/Magloop with gap and cap on coupling loop.nec,ok,ok,0.1984669677913189,0.1316848136484623,1.5071,1
g1ojs/Meander Loading/40m Dipole at 7m reference.nec,ok,ok,0.2930198609828949,0.1959826685488224,1.4951,1
g1ojs/Meander Loading/40m Dipole at 7m with 10 meanders.nec,ok,ok,0.21171072125434875,0.1412582127377391,1.4987,1
g1ojs/Meander Loading/40m Dipole at 7m with 20 meanders.nec,ok,ok,0.2276512933894992,0.15118412300944328,1.5058,1
g1ojs/Meander Loading/40m Inverted V at 7m with 10 meanders.nec,ok,ok,0.21589412167668343,0.1437322124838829,1.5021,1
g1ojs/Meander Loading/40m Inverted V at 7m with full meandering.nec,ok,ok,0.20889123436063528,0.13881437294185162,1.5048,1
g1ojs/Open wire V/Open wire V fixed wire length.nec,ok,ok,1.1927689500153065,0.7726449836045504,1.5437,1
g1ojs/Open wire V/Open wire V max wire length.nec,ok,ok,0.9526978032663465,0.6110544474795461,1.5591,1
g1ojs/Small Receiving Loops/1m dia loop.nec,ok,ok,0.08015950489789248,0.05536360200494528,1.4479,1
g1ojs/Trapped/TRAPx1 V 40m 20m.nec,ok,ok,0.09528655465692282,0.06052559055387974,1.5743,1
g1ojs/Trapped/TRAPx2 V 40m 20m 10m - remove 10m.nec,ok,ok,0.08306896220892668,0.05499843694269657,1.5104,1
g1ojs/Trapped/TRAPx2 V 40m 20m 10m.nec,ok,ok,0.0863064331933856,0.056373405270278454,1.5310,1
g1ojs/Trapped/TRAPx2 V 40m 20m 6m.nec,ok,ok,0.08683687448501587,0.05654373485594988,1.5357,1
g1ojs/Trapped/TRAPx2_V.nec,ok,ok,61.7702308120206,39.179755550809205,1.5766,1
g1ojs/Trapped/Test.nec,ok,ok,0.46580271795392036,0.29809584747999907,1.5626,1
g1ojs/Trapped/Trap V - 6m 15m.nec,ok,ok,0.08061343710869551,0.05350285302847624,1.5067,1
g1ojs/Trapped/Trap_V.nec,ok,ok,0.08679443690925837,0.05623309686779976,1.5435,1
g1ojs/Tree/treeV_20m_10m.nec,ok,ok,0.08011497277766466,0.05317476112395525,1.5066,1
g1ojs/Verticals/10m OCF H/10m H OCF 2.5m long.nec,ok,ok,0.39034092240035534,0.25473502092063427,1.5323,1
g1ojs/Verticals/10m OCF H/10m H OCF 3.5m long.nec,ok,ok,0.3851326396688819,0.26071258168667555,1.4772,1
g1ojs/Verticals/10m OCF H/10m H OCF 3m long.nec,ok,ok,0.3879318833351135,0.2530538747087121,1.5330,1
g1ojs/Verticals/10m OCF H/10m Vertical V 3m tall.nec,ok,ok,0.8205264396965504,0.520179957151413,1.5774,1
g1ojs/Verticals/15m/15m H OCF 3m long.nec,ok,ok,0.46751249954104424,0.30211939103901386,1.5474,1
g1ojs/Verticals/20m/20m horizontal V 3.5m high.nec,ok,ok,0.8597624730318785,0.5519184609875083,1.5578,1
g1ojs/Verticals/20m/20m horizontal diamond 3m high.nec,ok,ok,0.864687911234796,0.5525962905958295,1.5648,1
g1ojs/Verticals/others/10m H OCF - Copy.nec,ok,ok,0.3890180177986622,0.2546576261520386,1.5276,1
g1ojs/Verticals/others/10m arrow 2 wire 75cm wide - OCF.nec,ok,ok,0.38617418333888054,0.2560620605945587,1.5081,1
g1ojs/Verticals/others/10m bicone 2 wire 100cm wide.nec,crash,crash,1.1864470858126879,1.2027583261951804,,0
g1ojs/Verticals/others/10m bicone 2 wire 150cm wide.nec,crash,crash,2.0570911215618253,1.2016293397173285,,0
g1ojs/Verticals/others/10m bicone 2 wire 40cm wide.nec,crash,crash,3.0312242042273283,1.2030549179762602,,0
g1ojs/Verticals/others/10m bicone 2 wire 50cm wide.nec,crash,crash,3.0467662923038006,1.2010889137163758,,0
g1ojs/Verticals/others/10m bicone 2 wire 75cm wide - OCF.nec,ok,ok,0.3999148653820157,0.2656477577984333,1.5054,1
g1ojs/Verticals/others/10m bicone 2 wire 75cm wide.nec,crash,crash,2.644711146131158,1.2027148678898811,,0
g1ojs/Verticals/others/10m bicone 2 wire.nec,crash,crash,3.0468984888866544,1.201970400288701,,0
g1ojs/Verticals/others/10m bicone 4 wire.nec,crash,crash,3.047066026367247,1.2016030550003052,,0
g1ojs/Verticals/others/10m bitrap.nec,crash,crash,3.0476324474439025,1.5343974130228162,,0
g1ojs/Verticals/others/10m general.nec,crash,crash,3.0514241540804505,2.038687575608492,,0
g1ojs/Verticals/others/Dipole 4.6m _ too long.nec,crash,crash,3.0525869289413095,2.038352834060788,,0
g1ojs/Verticals/others/general 1.nec,crash,crash,3.0512308720499277,2.033607056364417,,0
g1ojs/Verticals/others/general 15m.nec,crash,crash,3.04697132576257,2.0383761301636696,,0
g1ojs/Verticals/others/general 2.nec,crash,crash,3.0448653111234307,2.039786972105503,,0
g1ojs/Verticals/others/opt/general 2-01.nec,crash,crash,3.0469723865389824,2.032782580703497,,0
g1ojs/Verticals/others/opt/general 2-02.nec,crash,crash,3.0468413196504116,2.0307430755347013,,0
g1ojs/Verticals/others/opt/general 2-03.nec,crash,crash,3.0480237612500787,2.030547742731869,,0
g1ojs/Verticals/others/opt/general 2-04.nec,crash,crash,3.046200039796531,2.421522106975317,,0
g1ojs/Verticals/others/opt/general 2-05.nec,crash,crash,3.04696315061301,3.0461861779913306,,0
g1ojs/Verticals/others/opt/general 2-06.nec,crash,crash,3.0476332288235426,3.045926846563816,,0
g1ojs/Verticals/others/opt/general 2-07.nec,crash,crash,3.049430811777711,3.045045904815197,,0
g1ojs/Verticals/others/opt/general 2-08.nec,crash,crash,3.0495218746364117,3.0477442871779203,,0
g1ojs/Verticals/others/opt/general 2-09.nec,crash,crash,3.0477623445913196,3.046700509265065,,0
g1ojs/Verticals/others/opt/general 2-10.nec,crash,crash,3.0472218710929155,3.046256066299975,,0
g1ojs/Verticals/others/opt/general 2-11.nec,crash,crash,3.046729032881558,3.0456963730975986,,0
g1ojs/Verticals/others/opt/general 2-12.nec,crash,crash,3.0477430894970894,3.047026156447828,,0
g1ojs/Verticals/others/opt/general 2-13.nec,crash,crash,3.0471677500754595,3.0491586374118924,,0
g1ojs/Verticals/others/opt/general 2-14.nec,crash,crash,3.0474549513310194,3.047666246071458,,0
g1ojs/Verticals/others/opt/general 2-15.nec,crash,crash,3.0458681797608733,3.0470684384927154,,0
g1ojs/Verticals/others/opt/general 2-16.nec,crash,crash,3.0460177762433887,3.045367978513241,,0
g1ojs/Verticals/others/opt/general 2-17.nec,crash,crash,3.044891889207065,3.051038662903011,,0
g1ojs/Verticals/others/opt/general 2-18.nec,crash,crash,3.0465772775933146,3.052714828401804,,0
g1ojs/Verticals/others/opt/general 2-20.nec,crash,crash,3.0470021218061447,3.051475473679602,,0
g1ojs/Verticals/others/opt/general 2-21.nec,crash,crash,3.0471955249086022,3.046234686858952,,0
g1ojs/Verticals/others/opt/general 2-22.nec,crash,crash,3.04621409997344,3.078692302107811,,0
g1ojs/Verticals/others/opt/general 2-25.nec,crash,crash,3.0460331989452243,3.08337813988328,,0
g1ojs/Verticals/others/opt/general 2-26.nec,crash,crash,3.0472664581611753,3.088804002851248,,0
g1ojs/Verticals/others/opt/general 2-27.nec,crash,crash,3.046464583836496,3.4434067755937576,,0
g1ojs/Verticals/others/opt/general 2-28.nec,crash,crash,3.047993876039982,4.072536922059953,,0
g1ojs/Verticals/others/opt/general 2-29.nec,crash,crash,3.04670740570873,4.07067259401083,,0
g1ojs/Verticals/others/opt/general 2-30.nec,crash,crash,3.0529429521411657,4.0661592008545995,,0
g1ojs/_1m/Contrahelix 1.nec,ok,ok,0.048731242306530476,0.02911333180963993,,0
g1ojs/_1m/Dipole linear 1 75pc.nec,ok,ok,0.00472102127969265,0.0048214951530098915,,0
g1ojs/_1m/Dipole to slot/1 Dipole.nec,ok,ok,0.0035924306139349937,0.0037880931049585342,,0
g1ojs/_1m/Dipole to slot/2 Dipole H.nec,ok,ok,0.004655028693377972,0.004796893335878849,,0
g1ojs/_1m/Dipole to slot/3 Dipole H Serifs.nec,ok,ok,0.008488757535815239,0.007788350805640221,,0
g1ojs/_1m/Dipole to slot/4 Dipole Rects.nec,ok,ok,0.010685424320399761,0.010190952569246292,,0
g1ojs/_1m/Dipole to slot/5 Dipole Rects Shorts.nec,ok,ok,0.012966040521860123,0.011451435275375843,,0
g1ojs/_1m/Dipole to slot/6 Dipole Rects Shorts 2.nec,ok,ok,0.004001150839030743,0.004240707494318485,,0
g1ojs/_1m/Dipole with matching l _ 0.25 v1.nec,ok,ok,0.006877816282212734,0.0065987566486001015,,0
g1ojs/_1m/Dipole with matching l _ 0.25 v2.nec,ok,ok,0.005226037465035915,0.005203799344599247,,0
g1ojs/_1m/Dipole with matching l _ 0.33.nec,ok,ok,0.006806172430515289,0.006699992343783379,,0
g1ojs/_1m/Dipole.nec,ok,ok,0.0031432705000042915,0.0034167077392339706,,0
g1ojs/_1m/Folded 1.nec,ok,ok,0.005740298889577389,0.005640857852995396,,0
g1ojs/_1m/Helix Dipole 11 turn.nec,ok,ok,0.02899976447224617,0.01678568124771118,,0
g1ojs/_1m/Helix Dipole 2.5 turn.nec,ok,ok,0.005806932225823402,0.004870671778917313,,0
g1ojs/_1m/Helix Dipole 21 turn.nec,ok,ok,0.028915753588080406,0.016341102309525013,,0
g1ojs/_1m/Helix Dipole 3 turn.nec,ok,ok,0.005792628042399883,0.004795145243406296,,0
g1ojs/_1m/Helix Dipole 5 turn.nec,ok,ok,0.005696958862245083,0.004761631600558758,,0
g1ojs/_1m/Helix Dipole 7 turn.nec,ok,ok,0.02902192808687687,0.01701551117002964,,0
g1ojs/_1m/Helix Dipole 9 turn.nec,ok,ok,0.028816215693950653,0.016836670227348804,,0
g1ojs/_1m/Pair 1.nec,ok,ok,0.0062955766916275024,0.00626559741795063,,0
g1ojs/_1m/Trapezium 1.nec,ok,ok,0.0054001035168766975,0.005331479944288731,,0
g1ojs/_1m/Trapezium 2.nec,ok,ok,0.00540002528578043,0.005393143743276596,,0
g1ojs/_1m/Two rect dipole.nec,ok,ok,0.018432111479341984,0.015332425944507122,,0
g1ojs/_2m/2m clutter/2m Diamond A144S5R over ground with clutter.nec,ok,ok,1.6193078877404332,0.6546433866024017,2.4736,1
g1ojs/_2m/2m clutter/2m Diamond A144S5R over ground.nec,ok,ok,0.09355942998081446,0.051348925568163395,1.8220,1
g1ojs/_2m/2m clutter/Circular Quad 2 ele V-pol with clutter.nec,ok,ok,0.35722336173057556,0.15108354855328798,2.3644,1
g1ojs/_2m/2m clutter/Circular Quad 2 ele with clutter no 6m.nec,ok,ok,0.3371821343898773,0.14285883400589228,2.3602,1
g1ojs/_2m/2m clutter/Circular Quad 2 ele with clutter no loop.nec,ok,ok,0.2466025222092867,0.10168582946062088,2.4251,1
g1ojs/_2m/2m clutter/Circular Quad 2 ele with clutter.nec,ok,ok,0.3673318596556783,0.15013218950480223,2.4467,1
g1ojs/_2m/2m clutter/Circular Quad 2 ele.nec,ok,ok,0.03058032225817442,0.016583265736699104,,0
g1ojs/_2m/2m clutter/Clutter feed the clutter.nec,ok,ok,0.19503382593393326,0.08051150385290384,2.4224,1
g1ojs/_2m/2m clutter/Dipole ref with clutter.nec,ok,ok,1.0399960884824395,0.41116131003946066,2.5294,1
g1ojs/_2m/2m clutter/Dipole ref.nec,ok,ok,0.005506862886250019,0.004867227748036385,,0
g1ojs/_2m/2m clutter/Stacked dipoles x2.nec,ok,ok,0.00969633087515831,0.007056530565023422,,0
g1ojs/_2m/Cylindrical slots/2m Circular Slot Cube H Pol.nec,ok,ok,0.021615849807858467,0.012839372269809246,,0
g1ojs/_2m/Cylindrical slots/2m Circular Slot Cube V Pol.nec,ok,ok,0.029584656469523907,0.016563745215535164,,0
g1ojs/_2m/Cylindrical slots/2m Cylindrical Slot Open.nec,ok,ok,0.29102372378110886,0.1481489110738039,1.9644,1
g1ojs/_2m/Cylindrical slots/2m Pair of circles with tilt 0 deg.nec,ok,ok,0.0400052797049284,0.022080477327108383,,0
g1ojs/_2m/Cylindrical slots/2m Pair of circles with tilt 90 deg.nec,ok,ok,0.022940661758184433,0.013377000577747822,,0
g1ojs/_2m/Cylindrical slots/2m Pair of circles with tilt.nec,ok,ok,0.02242670115083456,0.013578045181930065,,0
g1ojs/_2m/Cylindrical slots/Slot cube C shape.nec,ok,ok,0.031211490742862225,0.019725080579519272,,0
g1ojs/_2m/Driven beams/2ele 0.25m long.nec,ok,ok,0.010207741521298885,0.0076504237949848175,,0
g1ojs/_2m/Driven beams/5ele 1m long.nec,ok,ok,0.040946369990706444,0.023926489986479282,,0
g1ojs/_2m/Driven beams/5ele 3m long .nec,ok,ok,0.04194521252065897,0.023623842746019363,,0
g1ojs/_2m/Evolved/Ev3.nec,ok,ok,0.0032265791669487953,0.003566979430615902,,0
g1ojs/_2m/Evolved/Ev4.nec,ok,ok,0.003114442341029644,0.0033553317189216614,,0
g1ojs/_2m/Evolved/Ev5.nec,ok,ok,0.0031182896345853806,0.003353131003677845,,0
g1ojs/_2m/Evolved/Ev6.nec,ok,ok,0.003146706148982048,0.0033705178648233414,,0
g1ojs/_2m/Evolved/Ev7.nec,ok,ok,0.0031486405059695244,0.0033498024567961693,,0
g1ojs/_2m/Evolved/Ev8.nec,ok,ok,0.0034644100815057755,0.003587920218706131,,0
g1ojs/_2m/Evolved/Ev9.nec,ok,ok,0.0034614382311701775,0.003657202236354351,,0
g1ojs/_2m/Evolved/Test5.nec,ok,ok,0.0034270090982317924,0.0036117397248744965,,0
g1ojs/_2m/Franklin/Horizontal 2m Franklin V over ground.nec,ok,ok,0.0402285885065794,0.022847870364785194,,0
g1ojs/_2m/Franklin/Horizontal 2m Franklin oddity.nec,ok,ok,0.057192638516426086,0.03182525187730789,,0
g1ojs/_2m/Franklin/Horizontal 2m Franklin over ground with Franklin reflector.nec,ok,ok,0.14340901747345924,0.07374035660177469,1.9448,1
g1ojs/_2m/Franklin/Horizontal 2m Franklin over ground.nec,ok,ok,0.04020371101796627,0.022463458590209484,,0
g1ojs/_2m/Franklin/Horizontal 2m Franklin with Twin Reflectors.nec,ok,ok,0.056523638777434826,0.03137528244405985,,0
g1ojs/_2m/Franklin/Horizontal 2m Franklin with droops over ground.nec,ok,ok,0.04902271833270788,0.02749540563672781,,0
g1ojs/_2m/Franklin/Horizontal 2m Vertical Franklin over ground.nec,ok,ok,0.041675856336951256,0.022828699089586735,,0
g1ojs/_2m/Halo based/2m Chimney Halo Phi_0 El_0.nec,ok,ok,0.08490647375583649,0.044860515743494034,,0
g1ojs/_2m/Halo based/2m Chimney Halo Phi_0 El_45.nec,ok,ok,0.08454260788857937,0.044600741006433964,,0
g1ojs/_2m/Halo based/2m Chimney Halo Phi_0 El_90.nec,ok,ok,0.0861348919570446,0.047720461152493954,,0
g1ojs/_2m/Halo based/2m Horizontal Halo at 9m Phi_0 El_00.nec,ok,ok,0.08491354528814554,0.045211657881736755,,0
g1ojs/_2m/Halo based/2m Low halo Phi_0 El_0.nec,ok,ok,0.08477540593594313,0.045393296517431736,,0
g1ojs/_2m/Halo based/2m Stacked Halos Phi_0 El_0 1.5m.nec,ok,ok,0.3407253623008728,0.16818577703088522,2.0259,1
g1ojs/_2m/Halo based/2m Stacked Halos Phi_0 El_0 1.7m.nec,ok,ok,0.33519943058490753,0.16552175115793943,2.0251,1
g1ojs/_2m/Halo based/2m Vertical Halo at 9m Phi_0 El_90.nec,ok,ok,0.08549884334206581,0.045862612314522266,,0
g1ojs/_2m/Halo based/2m halo 8m agl Phi_0 El_0.nec,ok,ok,0.08459080662578344,0.04480540659278631,,0
g1ojs/_2m/Halo based/2m low stacked halos Phi_0 El_0 1.03m .nec,ok,ok,0.3360369121655822,0.16909180860966444,1.9873,1
g1ojs/_2m/Halo based/Horizontal direct fed S with coax balun not folded.nec,ok,ok,0.1305384747684002,0.06620772555470467,1.9717,1
g1ojs/_2m/Halo based/Horizontal direct fed S2 with coax balun not folded.nec,ok,ok,0.13112416211515665,0.06749477330595255,1.9427,1
g1ojs/_2m/Halo based/Horizontal direct fed halo with coax balun not folded.nec,ok,ok,0.1344699589535594,0.06613769941031933,2.0332,1
g1ojs/_2m/Halo based/Horizontal halo delta match with coax balun not folded - Copy.nec,ok,ok,0.16429353505373,0.08353848941624165,1.9667,1
g1ojs/_2m/Helix/2m Pair of 2turn Helices 1 thin interconnect.nec,crash,crash,1.2093166522681713,1.797340402379632,,0
g1ojs/_2m/Helix/2m Pair of 2turn Helices 2mm wire.nec,crash,crash,2.22947649192065,2.806514900177717,,0
g1ojs/_2m/Helix/2m Single 2turn Helix - Horizontal.nec,ok,ok,0.012633721344172955,0.008733963593840599,,0
g1ojs/_2m/Helix/2m Single 2turn Helix as built.nec,ok,ok,0.01247262954711914,0.00838944036513567,,0
g1ojs/_2m/Helix/2m Single 2turn Helix e.g.nec,ok,ok,0.012563367374241352,0.008554459549486637,,0
g1ojs/_2m/Helix/2m Single 2turn Helix.nec,ok,ok,0.012466191314160824,0.008687063120305538,,0
g1ojs/_2m/Helix/2m Single Helix 1 thin wire direct feed with feedline.nec,ok,ok,0.04598454013466835,0.026258191093802452,,0
g1ojs/_2m/Helix/Square helix.nec,ok,ok,0.02856247778981924,0.01884326245635748,,0
g1ojs/_2m/Hentenna based/2m Cuboid Hentenna Symmetric.nec,ok,ok,0.09613055270165205,0.05270968470722437,1.8238,1
g1ojs/_2m/Hentenna based/2m Hentenna fs.nec,ok,ok,0.0062731001526117325,0.006215858273208141,,0
g1ojs/_2m/Hentenna based/2m Hentenna over ground Phi_0 - flashing.nec,ok,ok,3.502693260088563,1.8074899213388562,1.9379,1
g1ojs/_2m/Hentenna based/2m Hentenna over ground Phi_0.nec,ok,ok,0.06452425848692656,0.03506312798708677,,0
g1ojs/_2m/Hentenna based/2m Hentenna over ground Phi_90 - flashing.nec,ok,ok,3.5449863532558084,1.8482987079769373,1.9180,1
g1ojs/_2m/Hentenna based/2m Hentenna over ground.nec,ok,ok,0.06459301244467497,0.03478670585900545,,0
g1ojs/_2m/Hentenna based/2m Small Cube Hentenna.nec,ok,ok,0.07335001602768898,0.04024681635200977,,0
g1ojs/_2m/Hentenna based/2m Small Cuboid Hentenna Symmetric.nec,ok,ok,0.09597582556307316,0.052020274102687836,1.8450,1
g1ojs/_2m/Hentenna based/2m Small Cuboid Hentenna.nec,ok,ok,0.07399248611181974,0.040613263845443726,,0
g1ojs/_2m/Hentenna based/2m Small Hentenna Loop 12.5 Ohms.nec,ok,ok,0.04745842609554529,0.02625845931470394,,0
g1ojs/_2m/Hentenna based/2m Small Hentenna Loop 700x200 Stub Match Wire dia.nec,ok,ok,0.0504495007917285,0.027190685272216797,,0
g1ojs/_2m/Hentenna based/2m Small Hentenna Loop 700x200 Stub Match.nec,ok,ok,0.050219565629959106,0.029199084267020226,,0
g1ojs/_2m/Hentenna based/2m Small Hentenna Loop 700x280 Stub Match.nec,ok,ok,0.04987414740025997,0.027121280319988728,,0
g1ojs/_2m/Hentenna based/2m Wide Hentenna over ground.nec,ok,ok,0.027980417013168335,0.017560122534632683,,0
g1ojs/_2m/Hentenna based/2m gapped hentenna over ground.nec,ok,ok,0.15510988235473633,0.07644528336822987,2.0290,1
g1ojs/_2m/Hentenna based/2x Stacked 2m Hentenna Single Feed Inverted parallel to roof ridge over Ground.nec,ok,ok,0.15838996693491936,0.08225881773978472,1.9255,1
g1ojs/_2m/Hentenna based/2x Stacked 2m Hentenna Single Feed parallel to roof ridge over Ground Base Direct Feed.nec,ok,ok,0.11693703662604094,0.06220366060733795,1.8799,1
g1ojs/_2m/Hentenna based/2x Stacked 2m Hentenna Single Feed parallel to roof ridge over Ground.nec,ok,ok,0.14899219293147326,0.07989743910729885,1.8648,1
g1ojs/_2m/Hentenna based/2x Stacked 2m Hentenna parallel to roof ridge over Ground.nec,ok,ok,0.1285693570971489,0.06750183645635843,1.9047,1
g1ojs/_2m/Hentenna based/2x Stacked 2m Hentenna parallel to roof ridge with reflector.nec,ok,ok,0.17755882069468498,0.09203932341188192,1.9292,1
g1ojs/_2m/Hentenna based/Build.nec,ok-no-source,ok-no-source,0.05188292171806097,0.029733997769653797,,0
g1ojs/_2m/Horizontal 2m Moxon.nec,ok,ok,0.018864727579057217,0.012030803598463535,,0
g1ojs/_2m/Horizontal Dipole with end loading plates.nec,ok,ok,0.07393811736255884,0.04212255496531725,,0
g1ojs/_2m/Larger loops/Fullwave square one turn.nec,ok,ok,0.006012831814587116,0.00505459401756525,,0
g1ojs/_2m/Larger loops/Rect 35cm x 50cm.nec,ok,ok,0.0057085976004600525,0.004910324700176716,,0
g1ojs/_2m/Larger loops/Rect 35cm x 60cm.nec,ok,ok,0.008375092409551144,0.004891077987849712,,0
g1ojs/_2m/Larger loops/Skinny wire diamond loop.nec,ok,ok,0.013243619352579117,0.00947514921426773,,0
g1ojs/_2m/Larger loops/Square 40cm.nec,ok,ok,0.005855606868863106,0.004994393326342106,,0
g1ojs/_2m/Magloop/2m 17cm dia Magloop 144.2 MHz H - FS.nec,ok,ok,0.008318720385432243,0.007512941956520081,,0
g1ojs/_2m/Magloop/2m 17cm dia Magloop 144.2 MHz H.nec,ok,ok,0.03902286756783724,0.021899900399148464,,0
g1ojs/_2m/Magloop/2m 17cm dia Magloop 144.2 MHz V.nec,ok,ok,0.04081381671130657,0.02175717242062092,,0
g1ojs/_2m/Owen Collinear.nec,ok,ok,0.008069044910371304,0.006082180887460709,,0
g1ojs/_2m/Quads/Circular Loop.nec,ok,ok,0.014768206514418125,0.00950330588966608,,0
g1ojs/_2m/Quads/Circular Quad 2 ele - fb.nec,ok,ok,0.02926019486039877,0.01663795206695795,,0
g1ojs/_2m/Quads/Rect Wire Quad 3 ele 50R.nec,ok,ok,0.06138486973941326,0.03534391988068819,,0
g1ojs/_2m/Quads/Square Quad 1 with dipole reflector.nec,ok,ok,0.01475844718515873,0.010238666087388992,,0
g1ojs/_2m/Quads/Square Quad 2 ele 50R.nec,ok,ok,0.02976876311004162,0.018393363803625107,,0
g1ojs/_2m/Quads/Square Quad 2 ele box.nec,ok,ok,0.061033301055431366,0.03484755288809538,,0
g1ojs/_2m/Quads/Square Thick Wire Quad 3 ele 50R.nec,ok,ok,0.05985026340931654,0.03445772733539343,,0
g1ojs/_2m/Quads/Square Wire Quad 2 ele 50R with clutter.nec,ok,ok,0.7992377756163478,0.32082800287753344,2.4912,1
g1ojs/_2m/Quads/Square Wire Quad 2 ele 50R.nec,ok,ok,0.031257799826562405,0.01960003934800625,,0
g1ojs/_2m/Quads/Square Wire Quad 3 ele 50R - fb.nec,ok,ok,0.06123314704746008,0.03582312539219856,,0
g1ojs/_2m/Quads/Square Wire Quad 3 ele 50R.nec,ok,ok,0.061045470647513866,0.03612839803099632,,0
g1ojs/_2m/Shortened dipoles/2m H dipole 0.5m.nec,ok,ok,0.008003038354218006,0.0066681308671832085,,0
g1ojs/_2m/Shortened dipoles/2m Helix S dipole 0.5t.nec,ok,ok,0.05301954597234726,0.03067281749099493,,0
g1ojs/_2m/Shortened dipoles/2m Helix S dipole 0.7t.nec,ok,ok,0.053926022723317146,0.0303664430975914,,0
g1ojs/_2m/Shortened dipoles/2m Helix S dipole 1t.nec,ok,ok,0.05325103737413883,0.030621579848229885,,0
g1ojs/_2m/Shortened dipoles/2m Helix S dipole.nec,ok,ok,0.05340013187378645,0.03022056072950363,,0
g1ojs/_2m/Shortened dipoles/2m LL Dipole 2mm dia elements 40cm - hairpin.nec,ok,ok,0.03190738055855036,0.019693434238433838,,0
g1ojs/_2m/Shortened dipoles/2m LL Dipole 4mm dia elements 40cm - hairpin.nec,ok,ok,0.03125787526369095,0.01926034316420555,,0
g1ojs/_2m/Shortened dipoles/2m LL Dipole 5mm dia elements 50cm - hairpin.nec,ok,ok,0.03135496936738491,0.019179729744791985,,0
g1ojs/_2m/Shortened dipoles/2m M dipole 0.5m.nec,ok,ok,0.007321997545659542,0.005716893821954727,,0
g1ojs/_2m/Shortened dipoles/2m Rect Petlowany Dipole 5mm dia elements flat 0.4.nec,ok,ok,0.013428578153252602,0.009744285605847836,,0
g1ojs/_2m/Shortened dipoles/2m Rect Petlowany Dipole 5mm dia elements flat 0.5.nec,ok,ok,0.013352518901228905,0.009403138421475887,,0
g1ojs/_2m/Shortened dipoles/2m Z dipole 0.5m.nec,ok,ok,0.006991032510995865,0.005645334720611572,,0
g1ojs/_2m/Shortened dipoles/2m Z dipole 0.6m.nec,ok,ok,0.007078889757394791,0.005789563991129398,,0
g1ojs/_2m/Shortened dipoles/2m meander dipole.nec,ok,ok,0.003663156181573868,0.003712131641805172,,0
g1ojs/_2m/Shortened dipoles/Dipole wire diameter.nec,ok,ok,0.0074329618364572525,0.0058482373133301735,,0
g1ojs/_2m/Shortened dipoles/Patch dipole.nec,ok,ok,1.3303548907861114,0.8677536956965923,1.5331,1
g1ojs/_2m/Slot cube tall.nec,ok,ok,0.037556521594524384,0.021769965067505836,,0
g1ojs/_2m/Slot cube wide.nec,ok,ok,0.03590602893382311,0.03259384352713823,,0
g1ojs/_2m/Slot cube.nec,ok,ok,0.03320605307817459,0.02210977952927351,,0
g1ojs/_2m/Stacked dipoles.nec,ok,ok,0.024988660588860512,0.015801883302628994,,0
g1ojs/_2m/Verticals/2m Stacked Vertical Dipoles with integral baluns - 4 lens opt WITH MEASUREMENT NOTES.nec,ok,ok,1.8088261634111404,0.8583310320973396,2.1074,1
g1ojs/_2m/Verticals/2m Stacked Vertical Dipoles with integral baluns - no harness.nec,ok,ok,1.1557459309697151,0.5846557132899761,1.9768,1
g1ojs/_2m/Verticals/2m Stacked Vertical Dipoles with integral baluns reentrant harness.nec,ok,ok,1.810919494368136,0.8727036891505122,2.0751,1
g1ojs/_2m/Verticals/2m Stacked Vertical Dipoles with integral baluns.nec,ok,ok,1.5873112753033638,0.7651619398966432,2.0745,1
g1ojs/_2m/Verticals/2m Stacked Vertical Gamma Matched Dipole over ground.nec,ok,ok,1.982030576094985,0.9252097578719258,2.1422,1
g1ojs/_2m/Verticals/2m Vertical Dipole with integral balun.nec,ok,ok,1.1615571659058332,0.591662066988647,1.9632,1
g1ojs/_2m/Verticals/2m Vertical Gamma Matched Dipole over ground.nec,ok,ok,1.1091403663158417,0.5683296993374825,1.9516,1
g1ojs/_2m/Verticals/2m Vertical dipole with phasing balun.nec,ok,ok,3.795819497667253,1.7247732132673264,2.2008,1
g1ojs/_2m/Verticals/2m high gain Vertical flowerpot with metal sleeve air spaced with feedline and feed stub.nec,ok,ok,0.8044351162388921,0.4179619122296572,1.9247,1
g1ojs/_2m/Verticals/Periodic stubs tests/2m 3lam monopole stubs shaped generic.nec,ok,ok,0.6111042639240623,0.39453048165887594,1.5489,1
g1ojs/_2m/Verticals/Periodic stubs tests/2m gamma dipole extended TL.nec,ok,ok,0.16072591207921505,0.08282689098268747,1.9405,1
g1ojs/_2m/Verticals/Periodic stubs tests/2m gamma dipole extended stubs - test.nec,ok,ok,0.1932296771556139,0.12404422461986542,1.5577,1
g1ojs/_2m/Verticals/Periodic stubs tests/2m gamma dipole extended stubs shaped.nec,ok,ok,0.1826065955683589,0.11348119750618935,1.6091,1
g1ojs/_2m/Verticals/Periodic stubs tests/2m gamma dipole extended stubs.nec,ok,ok,0.15991978347301483,0.10058897361159325,1.5898,1
g1ojs/_2m/Verticals/Periodic stubs tests/2m gamma dipole extended zigzag.nec,ok,ok,0.08139381464570761,0.05205027759075165,1.5638,1
g1ojs/_2m/Yagis Loop Fed/2m 3ele LF yagi BUILT.nec,ok,ok,0.04747562576085329,0.02831878326833248,,0
g1ojs/_2m/Yagis Loop Fed/2m 3ele LF yagi opt FR.nec,ok,ok,0.04739023465663195,0.0274204034358263,,0
g1ojs/_2m/Yagis/2m Diamond A144S5R free space.nec,ok,ok,0.013665199279785156,0.014654367230832577,,0
g1ojs/_2m/Yagis/Horizontal 2m 2ele yagi.nec,ok,ok,0.009659990668296814,0.009680015034973621,,0
g1ojs/_2m/Yagis/Horizontal 2m 3ele yagi - M5AML.nec,ok,ok,0.01600651815533638,0.010776708833873272,,0
g1ojs/_2m/Yagis/Horizontal 2m 4ele yagi 95cm boom 20 ohm.nec,ok,ok,0.024559464305639267,0.017563397996127605,,0
g1ojs/_2m/Yagis/Horizontal 2m 4ele yagi BUILT.nec,ok,ok,0.024242459796369076,0.016446609050035477,,0
g1ojs/_2m/Yagis/Horizontal 2m yagi 5 ele.nec,ok,ok,0.0345383295789361,0.02060795109719038,,0
g1ojs/_2m/Yagis/Horizontal 2m yagi 6 ele.nec,ok,ok,0.04712989926338196,0.027542282827198505,,0
g1ojs/_6m/6m 2ele Quad base fed.nec,ok,ok,0.4983939230442047,0.3044638838618994,1.6370,1
g1ojs/_6m/6m Dipole bars.nec,ok,ok,0.3770502405241132,0.24672995693981647,1.5282,1
g1ojs/_6m/6m Dipole coax inner fed.nec,ok,ok,0.011798462830483913,0.00804506428539753,,0
g1ojs/_6m/6m Dipole discs.nec,error,error,0.18943264987319708,0.10833198018372059,,0
g1ojs/_6m/6m Dipole droops.nec,ok,ok,0.3773370608687401,0.2445607976987958,1.5429,1
g1ojs/_6m/6m Dipole speaker wire.nec,ok,ok,0.011558452621102333,0.008027756586670876,,0
g1ojs/_6m/6m Dipole stars.nec,ok,ok,0.38375571090728045,0.24548866972327232,1.5632,1
g1ojs/_6m/6m Helically loaded dipole.nec,ok,ok,12.964715478010476,7.2441909275949,1.7897,1
g1ojs/_6m/6m LL Bar Dipole 5mm dia elements - 2.nec,ok,ok,0.38645488675683737,0.25009714998304844,1.5452,1
g1ojs/_6m/6m LL Bar Dipole 5mm dia elements.nec,ok,ok,0.3862914675846696,0.2520787585526705,1.5324,1
g1ojs/_6m/6m LL Dipole 5mm dia elements - hairpin - 2.nec,ok,ok,0.3971975250169635,0.2596565615385771,1.5297,1
g1ojs/_6m/6m LL Dipole 5mm dia elements - hairpin.nec,ok,ok,0.4049850348383188,0.2578151999041438,1.5708,1
g1ojs/_6m/6m LL Dipole test 5mm dia elements - hairpin.nec,ok,ok,0.39585937839001417,0.2597532318904996,1.5240,1
g1ojs/_6m/6m LL2 Dipole 5mm dia elements.nec,ok,ok,0.3896928634494543,0.2514674086123705,1.5497,1
g1ojs/_6m/6m Moxgen Moxon.nec,ok,ok,0.0434297863394022,0.024554024450480938,,0
g1ojs/_6m/6m Moxon 1mm wire.nec,ok,ok,0.018098696134984493,0.01136730145663023,,0
g1ojs/_6m/6m Moxon Front coax inner fed Rear wire.nec,ok,ok,0.039053816348314285,0.021393046714365482,,0
g1ojs/_6m/6m Moxon coax inner fed.nec,ok,ok,0.0387215930968523,0.0215342091396451,,0
g1ojs/_6m/6m Quad base fed.nec,ok,ok,0.40018292888998985,0.2593123121187091,1.5432,1
g1ojs/_6m/6m Quad side fed.nec,ok,ok,0.3995761526748538,0.2575150402262807,1.5517,1
g1ojs/_6m/6m Rect Petlowany Dipole 5mm dia elements 3D.nec,ok,ok,0.38192673679441214,0.2474499847739935,1.5435,1
g1ojs/_6m/6m Rect Petlowany Dipole 5mm dia elements flat 2.nec,ok,ok,0.3825094299390912,0.2467757211998105,1.5500,1
g1ojs/_6m/6m Rect Petlowany Dipole 5mm dia elements flat.nec,ok,ok,0.3808874702081084,0.2468019798398018,1.5433,1
g1ojs/_6m/6m Short Dipole 5mm dia elements - hairpin.nec,ok,ok,0.38185697328299284,0.24769403412938118,1.5416,1
g1ojs/_6m/Build.nec,ok-no-source,ok-no-source,0.0050184465944767,0.004999474622309208,,0
g1ojs/_6m/_6m Dipole ref.nec,ok,ok,0.011251362040638924,0.008151065558195114,,0
g1ojs/_6m/_6m V.nec,ok,ok,0.38147909846156836,0.24749392084777355,1.5414,1
g1ojs/__70cm/70cm 6cm dia Magloop 433.2 MHz V.nec,ok,ok,0.03481100779026747,0.020634563639760017,,0
g1ojs/__70cm/70cm Rect Petlowany Dipole 1mm dia elements flat 2.nec,ok,ok,0.013532097451388836,0.00935724563896656,,0
g1ojs/__70cm/70cm Rect Petlowany Dipole 5mm dia elements flat 2.nec,ok,ok,0.012171681970357895,0.008852810598909855,,0
g1ojs/__70cm/Dipole ref.nec,ok,ok,0.005171429365873337,0.004621717147529125,,0
g1ojs/__70cm/Horizontal 70cm 3ele LF yagi.nec,ok,ok,0.04336545988917351,0.02626533806324005,,0
g1ojs/__70cm/Patch dipole.nec,ok,ok,0.033823215402662754,0.02741872426122427,,0
g1ojs/__70cm/Square loop.nec,ok,ok,0.009735634550452232,0.008789433166384697,,0
g1ojs/__70cm/Yagis/70cm Horizontal 2ele yagi over ground.nec,ok,ok,0.008959043771028519,0.007516993209719658,,0
g1ojs/__70cm/Yagis/70cm Horizontal 3ele yagi over ground.nec,ok,ok,0.014469359070062637,0.013042234815657139,,0
g1ojs/__70cm/Yagis/70cm Stacked dipoles x3.nec,ok,ok,0.01921170298010111,0.014193588867783546,,0
g1ojs/opt/Loaded V-01.nec,ok,ok,0.20619525481015444,0.13258021511137486,1.5552,1
g1ojs/opt/Loaded V-02.nec,ok,ok,0.20625439938157797,0.1328443456441164,1.5526,1
g1ojs/opt/Loaded V-03.nec,ok,ok,0.20650016516447067,0.13263702765107155,1.5569,1
g1ojs/opt/Loaded V-04.nec,ok,ok,0.20582145359367132,0.13250533863902092,1.5533,1
g1ojs/opt/Loaded V-05.nec,ok,ok,0.20597933419048786,0.13224096689373255,1.5576,1
g1ojs/opt/Loaded V-06.nec,ok,ok,0.20637814048677683,0.1329970620572567,1.5517,1
g1ojs/opt/Loaded V-07.nec,ok,ok,0.2059608306735754,0.13246541190892458,1.5548,1
g1ojs/opt/Loaded V-08.nec,ok,ok,0.20657763350754976,0.13267315458506346,1.5570,1
g1ojs/opt/Loaded V-09.nec,ok,ok,0.20581182837486267,0.13314097840338945,1.5458,1
g1ojs/opt/Loaded V-10.nec,ok,ok,0.20609211921691895,0.13296170625835657,1.5500,1
g1ojs/opt/Loaded V-11.nec,ok,ok,0.205576385371387,0.1329297572374344,1.5465,1
g1ojs/opt/Loaded V-12.nec,ok,ok,0.20646087173372507,0.13345554936677217,1.5470,1
g1ojs/opt/Loaded V-13.nec,ok,ok,0.20586456544697285,0.13284294214099646,1.5497,1
g1ojs/opt/Loaded V-14.nec,ok,ok,0.20642280206084251,0.13259972911328077,1.5567,1
g1ojs/opt/Loaded V-15.nec,ok,ok,0.2060373267158866,0.13298271503299475,1.5494,1
g1ojs/opt/Loaded V-16.nec,ok,ok,0.20671876054257154,0.1328181428834796,1.5564,1
g1ojs/opt/Loaded V-18.nec,ok,ok,0.2065470591187477,0.1326541928574443,1.5570,1
g1ojs/opt/Loaded V-19.nec,ok,ok,0.20748618058860302,0.1326427487656474,1.5642,1
g1ojs/opt/Loaded V-20.nec,ok,ok,0.20572004187852144,0.1323566446080804,1.5543,1
g1ojs/opt/Loaded V-21.nec,ok,ok,0.2060198960825801,0.13300256058573723,1.5490,1
g1ojs/opt/Loaded V-22.nec,ok,ok,0.20550965424627066,0.13408388290554285,1.5327,1
g1ojs/opt/Loaded V-23.nec,ok,ok,0.20545817725360394,0.133229473605752,1.5421,1
g1ojs/opt/Loaded V-24.nec,ok,ok,0.2055822415277362,0.1336112068966031,1.5387,1
g1ojs/opt/Loaded V-26.nec,ok,ok,0.23080227989703417,0.13266718108206987,1.7397,1
g1ojs/opt/Loaded V-27.nec,ok,ok,0.23276096396148205,0.13281966000795364,1.7525,1
g1ojs/opt/Loaded V-28.nec,ok,ok,0.24631911143660545,0.13347561564296484,1.8454,1
icecube-dbesson/2 dipole on roof.nec,ok,ok,1.5443417010828853,0.6725932890549302,2.2961,1
icecube-dbesson/2lsloper.nec,ok,ok,0.626189524307847,0.3906686892732978,1.6029,1
icecube-dbesson/2phased.nec,ok,ok,0.003326810896396637,0.003587163984775543,,0
icecube-dbesson/36ccd.nec,ok,ok,0.3560887100175023,0.22732473257929087,1.5664,1
icecube-dbesson/36dip.nec,ok,ok,0.3034760234877467,0.1939259860664606,1.5649,1
icecube-dbesson/36inv.nec,ok,ok,0.30698015075176954,0.1986273154616356,1.5455,1
icecube-dbesson/36inv_split.nec,ok,ok,0.3068238105624914,0.1956123048439622,1.5685,1
icecube-dbesson/3el-inverted-V.nec,ok,ok,0.31132393423467875,0.19402850233018398,1.6045,1
icecube-dbesson/3elquad.nec,ok,ok,0.005234336480498314,0.005419506691396236,,0
icecube-dbesson/4 Dipole Trans-lines.nec,ok,ok,0.014963595196604729,0.016184967011213303,,0
icecube-dbesson/40quad.nec,ok,ok,0.19562162179499865,0.12633757013827562,1.5484,1
icecube-dbesson/4nec2.nec,ok,ok,0.45088363345712423,0.2516572503373027,1.7917,1
icecube-dbesson/4square.nec,ok,ok,0.2970130071043968,0.19048551842570305,1.5592,1
icecube-dbesson/4x20ra.nec,ok,ok,0.15722646471112967,0.08803519792854786,1.7860,1
icecube-dbesson/7lyagi10.nec,ok,ok,0.30696046631783247,0.18631886783987284,1.6475,1
icecube-dbesson/80hsbeam.nec,ok,ok,0.3348257848992944,0.21445572189986706,1.5613,1
icecube-dbesson/80rdbeam.nec,ok,ok,0.4448181362822652,0.2846249043941498,1.5628,1
icecube-dbesson/BCone45.nec,ok,ok,0.05076659098267555,0.035770042799413204,,0
icecube-dbesson/BCone55.nec,ok,ok,0.8300448404625058,0.5074192434549332,1.6358,1
icecube-dbesson/BCone65.nec,ok,ok,0.8458349602296948,0.5237777410075068,1.6149,1
icecube-dbesson/Bcone-1mmgap.nec,ok,ok,0.05276729818433523,0.03786536958068609,,0
icecube-dbesson/Bcone-3cmgap.nec,ok,ok,0.052766889333724976,0.03742141183465719,,0
icecube-dbesson/BetaMatch.nec,ok,ok,0.0335184158757329,0.020664210431277752,,0
icecube-dbesson/Bicone-dzvar.nec,ok,ok,0.05268082953989506,0.03767861146479845,,0
icecube-dbesson/Bicone0+.nec,ok,ok,0.10931761097162962,0.09105427842587233,1.2006,1
icecube-dbesson/Bicone0.nec,ok,ok,0.031016843393445015,0.026436449959874153,,0
icecube-dbesson/Catenary_1.nec,ok-no-source,ok-no-source,0.0035678185522556305,0.0038561737164855003,,0
icecube-dbesson/Cedzph10.nec,ok,ok,0.18249309714883566,0.10197905823588371,1.7895,1
icecube-dbesson/CoilCapHat.nec,ok,ok,0.2504117926582694,0.16107731312513351,1.5546,1
icecube-dbesson/Collinear_1L.nec,ok,ok,0.12208021711558104,0.0774326017126441,1.5766,1
icecube-dbesson/Deltalp.nec,ok,ok,0.10587889607995749,0.08038937393575907,1.3171,1
icecube-dbesson/Example1.nec,ok,ok,0.003197699785232544,0.0032094772905111313,,0
icecube-dbesson/Example2.nec,ok,ok,0.0036513200029730797,0.003027106635272503,,0
icecube-dbesson/Example3.nec,ok,ok,0.3043762780725956,0.19564469810575247,1.5558,1
icecube-dbesson/Fractal.nec,ok,ok,1.556416604667902,1.1094079809263349,1.4029,1
icecube-dbesson/Generator.nec,ok,ok,0.07232455164194107,0.05990694835782051,1.2073,1
icecube-dbesson/Gwave.nec,ok,ok,0.13337192684412003,0.09316159412264824,1.4316,1
icecube-dbesson/Half-Horn2.nec,ok,ok,0.038857223466038704,0.03096354752779007,,0
icecube-dbesson/Half-horn.nec,ok,ok,0.039517201483249664,0.0312106991186738,,0
icecube-dbesson/Illuminate.nec,ok,ok,3.2315601212903857,2.1920359022915363,1.4742,1
icecube-dbesson/L_match.nec,ok,ok,0.018413159996271133,0.012713724747300148,,0
icecube-dbesson/Logper.nec,ok,ok,0.019887274131178856,0.017159943468868732,,0
icecube-dbesson/Loops.nec,ok,ok,0.004270152188837528,0.0043772561475634575,,0
icecube-dbesson/Lowdip.nec,ok,ok,0.3576964857056737,0.22962542343884706,1.5577,1
icecube-dbesson/Match_Test.nec,ok,ok,0.0030541541054844856,0.0032668234780430794,,0
icecube-dbesson/Moxon.nec,ok,ok,0.287548640742898,0.18284807913005352,1.5726,1
icecube-dbesson/Multiband.nec,ok,ok,0.35372776817530394,0.22361213900148869,1.5819,1
icecube-dbesson/NearFld.nec,ok,ok,2.340110826306045,1.6243967162445188,1.4406,1
icecube-dbesson/Optimized-discone.nec,ok,ok,0.03642740659415722,0.02579120360314846,,0
icecube-dbesson/Parab50.nec,ok,ok,14.701563355512917,10.549697868525982,1.3936,1
icecube-dbesson/Parabola.nec,ok-no-source,ok-no-source,0.19147077575325966,0.11983182094991207,,0
icecube-dbesson/Patch.nec,ok-no-source,ok-no-source,0.00832965038716793,0.0076638488098979,,0
icecube-dbesson/Phased GP.nec,ok,ok,0.028576796874403954,0.015476484782993793,,0
icecube-dbesson/Phased array Trans-line.nec,ok,ok,0.011328448541462421,0.008415419608354568,,0
icecube-dbesson/Quad.nec,ok,ok,0.44169331807643175,0.3348502656444907,1.3191,1
icecube-dbesson/RICE-dipole.nec,error,error,0.4396762913092971,0.2919510155916214,,0
icecube-dbesson/RICE-dipole0.nec,error,error,0.381021186709404,0.26541827619075775,,0
icecube-dbesson/Rhombic.nec,ok,ok,0.16003031190484762,0.12851319089531898,1.2452,1
icecube-dbesson/Slopvee.nec,ok,ok,0.31200924329459667,0.1979801906272769,1.5760,1
icecube-dbesson/T-box.nec,ok,ok,0.3998994491994381,0.23524859081953764,1.6999,1
icecube-dbesson/TL-test.nec,ok,ok,0.15501893498003483,0.10272063408046961,1.5091,1
icecube-dbesson/TV_uhf.nec,ok,ok,0.06325353402644396,0.04234629310667515,,0
icecube-dbesson/Tr-line.nec,ok,ok,0.3059714650735259,0.19485838245600462,1.5702,1
icecube-dbesson/TrapDip.nec,ok,ok,0.004460899159312248,0.004547511227428913,,0
icecube-dbesson/Vee40.nec,ok,ok,0.3426864081993699,0.2181947873905301,1.5706,1
icecube-dbesson/Vyagi22.nec,ok,ok,0.026613672263920307,0.02430166769772768,,0
icecube-dbesson/Yagi16.nec,ok,ok,0.03822699934244156,0.031801484525203705,,0
icecube-dbesson/atl50E.nec,ok,ok,0.8823953149840236,0.43688597064465284,2.0197,1
icecube-dbesson/atl50e-h.nec,ok,ok,0.9885500483214855,0.4945993945002556,1.9987,1
icecube-dbesson/bev80.nec,ok,ok,0.36923519242554903,0.23573610931634903,1.5663,1
icecube-dbesson/bisq7.nec,ok,ok,0.0698475381359458,0.04595369379967451,,0
icecube-dbesson/bobtail.nec,ok,ok,0.34447196777909994,0.21826544869691133,1.5782,1
icecube-dbesson/circdip3.nec,ok,ok,0.0035374630242586136,0.0036560967564582825,,0
icecube-dbesson/corner.nec,ok,ok,0.025042719207704067,0.020264373160898685,,0
icecube-dbesson/dip_curv_6m.nec,ok,ok,0.012200807221233845,0.010507393628358841,,0
icecube-dbesson/discone.nec,ok,ok,0.03696100972592831,0.02553623542189598,,0
icecube-dbesson/dscn2.nec,ok,ok,0.8876656321808696,0.5880550406873226,1.5095,1
icecube-dbesson/edzmod.nec,ok,ok,0.27406811341643333,0.17516466416418552,1.5646,1
icecube-dbesson/emeyagi.nec,ok,ok,0.019880374893546104,0.013028767891228199,,0
icecube-dbesson/fm6.nec,ok,ok,0.008765110746026039,0.007948220707476139,,0
icecube-dbesson/franklin.nec,ok,ok,0.00431106798350811,0.004374523647129536,,0
icecube-dbesson/g5rv.nec,ok,ok,0.00337319727987051,0.0035939672961831093,,0
icecube-dbesson/gndplane.nec,ok,ok,0.003508416935801506,0.004033566452562809,,0
icecube-dbesson/hel10ua.nec,ok,ok,0.494550091214478,0.28112004045397043,1.7592,1
icecube-dbesson/helix.nec,ok,ok,1.1282200086861849,0.6634315866976976,1.7006,1
icecube-dbesson/helixve5.nec,ok,ok,0.0470963129773736,0.03567182086408138,,0
icecube-dbesson/hrs_441.nec,ok,ok,14.269524442963302,6.346364118158817,2.2485,1
icecube-dbesson/i5tdjii.nec,ok,ok,0.03628452681005001,0.021616050973534584,,0
icecube-dbesson/isotrop.nec,ok,ok,0.0042699649930000305,0.0045319972559809685,,0
icecube-dbesson/jbl.nec,ok,ok,7.448500130325556,5.033463502302766,1.4798,1
icecube-dbesson/lazyh.nec,ok,ok,0.005360662937164307,0.004838316701352596,,0
kk4obi-bent-dipoles/efhw-straight.nec,ok,ok,0.0968309985473752,0.06021232437342405,1.6082,1
kk4obi-bent-dipoles/folded-end-dipole.nec,ok,ok,0.3199877869337797,0.2075300356373191,1.5419,1
kk4obi-bent-dipoles/ocf-vertical-4radials.nec,ok,ok,0.23386079538613558,0.14942284673452377,1.5651,1
kk4obi-bent-dipoles/std-vertical-dipole.nec,ok,ok,0.09664592146873474,0.06459528300911188,1.4962,1
nec-simulations/nec/biconicalAntenna.nec,ok,ok,0.005176843143999577,0.005243142135441303,,0
nec-simulations/nec/colinnearDipoles.nec,ok,ok,0.0038144998252391815,0.004075426608324051,,0
nec-simulations/nec/foldedDipole_10.nec,ok,ok,0.0044138021767139435,0.0045098308473825455,,0
nec-simulations/nec/foldedDipole_5.nec,ok,ok,0.0034847063943743706,0.0038987193256616592,,0
nec-simulations/nec/foldedDipole_50.nec,ok,ok,0.02537364512681961,0.017124013975262642,,0
nec-simulations/nec/helicalAntenna.nec,ok,ok,0.04876448679715395,0.03574254736304283,,0
nec-simulations/nec/inEchellonDipoles.nec,ok,ok,0.003234921023249626,0.0036696335300803185,,0
nec-simulations/nec/parallelDipoles.nec,ok,ok,0.003950847312808037,0.004035229794681072,,0
nec-simulations/nec/turnstileAntenna.nec,ok,ok,0.003900350071489811,0.004033998586237431,,0
nec-simulations/nec/turnstileTestAntenna.nec,ok,ok,11.373191034421325,7.561928470619023,1.5040,1
nec-simulations/nec/wireAntennaFastGround.nec,ok,ok,0.4649966722354293,0.29594717361032963,1.5712,1
nec-simulations/nec/wireAntennaPerfectGround.nec,crash,crash,1.2237423602491617,1.2322525875642896,,0
nec2-toys/2m-fd-fed-yagi.nec,ok,ok,1.034254102036357,0.7755474373698235,1.3336,1
nec2-toys/2m-folded-dipole/2m-folded-dipole.nec,ok,ok,0.8687901897355914,0.6999237164855003,1.2413,1
nec2-toys/oldStuff/gen1/freeSpace2mDE.nec,ok,ok,0.01755353808403015,0.0864825900644064,,0
nec2-toys/oldStuff/gen1/nec-2m-2el-146.310.nec,ok,ok,0.023679804988205433,0.0674898587167263,,0
nec2-toys/oldStuff/gen1/nec-2m-2el-1_8th-wire.nec,ok,ok,0.02008017059415579,0.07848731894046068,,0
nec2-toys/oldStuff/gen1/nec-2m-2el-3_16ths-wire.nec,ok,ok,0.020269108936190605,0.05165010318160057,,0
nec2c/10RA432.nec,ok,ok,0.007409627549350262,0.007065792568027973,,0
nec2c/19el_432_tonna.nec,ok,ok,0.07080062013119459,0.04521534964442253,,0
nec2c/20RA432.nec,ok,ok,0.02733766194432974,0.021494357846677303,,0
nec2c/20RA_X4.nec,ok,ok,0.1282881936058402,0.06629328802227974,1.9352,1
nec2c/3E_.nec,ok,ok,0.06194702070206404,0.0070080989971756935,,0
nec2c/9EL_GRA.nec,ok,ok,0.019111198373138905,0.012270341627299786,,0
nec2c/9elX2b_gr.nec,ok,ok,0.2113533327355981,0.10502194706350565,2.0125,1
nec2c/9elX2b_mast.nec,ok,ok,0.16409318521618843,0.09819313883781433,1.6711,1
nec2c/9elX2b_tonna.nec,ok,ok,0.15514955017715693,0.09144531656056643,1.6966,1
nec2c/9elX2bm_gr.nec,ok,ok,0.6340419519692659,0.3144031837582588,2.0167,1
nec2c/9elX_gra.nec,ok,ok,0.06048107799142599,0.033706184476614,,0
nec2c/9elX_tonna.nec,ok,ok,0.049952019937336445,0.03358291834592819,,0
nec2c/9elXb_tonna.nec,ok,ok,0.05003103706985712,0.03358700219541788,,0
nec2c/9elXb_tonnaf.nec,ok,ok,1.2108679180964828,0.7046909099444747,1.7183,1
nec2c/9el_p_tonna.nec,ok,ok,0.020494122058153152,0.01567109487950802,,0
nec2c/9el_tonna.nec,ok,ok,0.020404954440891743,0.015470325015485287,,0
nec2c/9el_tonnaf.nec,ok,ok,0.29809143114835024,0.1682480275630951,1.7717,1
nec2c/9elv_tonna.nec,ok,ok,0.020262280479073524,0.015683787874877453,,0
nec2c/BSZ09.nec,ok,ok,0.018362480215728283,0.01446648221462965,,0
nec2c/BSZ10.nec,ok,ok,0.2503756023943424,0.21147304773330688,1.1840,1
nec2c/CAR.nec,ok,ok,0.08615804277360439,0.06729452218860388,1.2803,1
nec2c/DIP2_7T.nec,ok,ok,0.024228344671428204,0.005253566429018974,,0
nec2c/DIP_7.nec,ok,ok,0.007643288001418114,0.00688030943274498,,0
nec2c/DIP_7T.nec,ok,ok,0.006124809384346008,0.00442369282245636,,0
nec2c/DIP_7TB.nec,ok,ok,0.004443907178938389,0.004566904157400131,,0
nec2c/DIP_7TC.nec,ok,ok,0.005885239690542221,0.00443585030734539,,0
nec2c/DIP_7TD.nec,ok,ok,0.004472285509109497,0.004588104784488678,,0
nec2c/DIP_7TE.nec,ok,ok,0.005455942824482918,0.004807604476809502,,0
nec2c/DIP_REFL.nec,ok,ok,0.013685386627912521,0.010749169625341892,,0
nec2c/ELICA.nec,ok,ok,0.009427358396351337,0.008839249610900879,,0
nec2c/EX1.nec,ok,ok,0.0033013466745615005,0.0037040039896965027,,0
nec2c/EX2.nec,ok,ok,0.003165123052895069,0.003344336524605751,,0
nec2c/EX3.nec,ok,ok,0.0819682814180851,0.07321848906576633,1.1195,1
nec2c/EX5.nec,ok,ok,0.006556082516908646,0.006305621936917305,,0
nec2c/EX7.nec,ok-no-source,ok-no-source,0.0036083823069930077,0.004568149335682392,,0
nec2c/I5TDJII.nec,ok,ok,0.05166891496628523,0.03294205013662577,,0
nec2c/I5TDJIII.nec,ok,ok,0.05238257348537445,0.03327265940606594,,0
nec2c/LOGPERIO_1.nec,ok-no-source,ok-no-source,0.005707395263016224,0.005021220073103905,,0
nec2c/LPA9.nec,ok,ok,0.03637333773076534,0.030596187338232994,,0
nec2c/MARCONI.nec,ok,ok,0.004635785706341267,0.005567025393247604,,0
nec2c/MONOPOLE.nec,ok,ok,0.004588717594742775,0.025923102162778378,,0
nec2c/MONOPOLO.nec,ok,ok,0.004776528105139732,0.01766231097280979,,0
nec2c/MYGP.nec,ok,ok,0.12218557856976986,0.08031943161040545,1.5212,1
nec2c/MYGPR.nec,ok,ok,0.6912071164697409,0.4565989784896374,1.5138,1
nec2c/MYGPX.nec,ok,ok,0.7080170847475529,0.4819286344572902,1.4691,1
nec2c/RHOMBIC.nec,ok,ok,0.04362924210727215,0.03499746136367321,,0
nec2c/ROMBICA.nec,ok,ok,0.04406610410660505,0.03517417050898075,,0
nec2c/SKYWIRE.nec,ok,ok,0.011362569406628609,0.008515642024576664,,0
nec2c/SPIRAL.nec,error,error,0.004816270433366299,0.016214851289987564,,0
nec2c/TEST299.nec,ok,ok,0.046669269911944866,0.025702612474560738,,0
nec2c/TRI_7.nec,ok,ok,0.009984130039811134,0.008974950760602951,,0
nec2c/TRI_7T.nec,ok,ok,0.007035397924482822,0.006109711714088917,,0
nec2c/TRI_7TA.nec,ok,ok,0.007102803327143192,0.007645697332918644,,0
nec2c/TRI_7TB.nec,ok,ok,0.007008330896496773,0.006321555003523827,,0
nec2c/TRI_7TC.nec,ok,ok,0.007966909557580948,0.005936086177825928,,0
nec2c/VBS_28_T.nec,ok,ok,0.005758920684456825,0.005749467760324478,,0
nec2c/VB_28_T.nec,ok,ok,0.005679827183485031,0.005577859468758106,,0
nec2c/YG_4X6.nec,ok,ok,0.012240096926689148,0.010897381231188774,,0
nec2c/YG_4X6_B.nec,ok,ok,0.03437511436641216,0.029868045821785927,,0
nec2c/YG_6EL.nec,ok,ok,0.007690678350627422,0.007340039126574993,,0
nec2c/YI20_40B.nec,ok,ok,1.5012061400339007,0.9457879271358252,1.5873,1
nec2c/YI20_40C.nec,ok,ok,1.8459878908470273,1.0117257609963417,1.8246,1
nec2c/dip_curv_6m.nec,ok,ok,0.012038325890898705,0.01016741618514061,,0
nec2c/dl_2el_18.nec,ok,ok,0.02801705989986658,0.018671280704438686,,0
nec2c/dl_2el_18_1.nec,ok,ok,0.011101272888481617,0.00979257095605135,,0
nec2c/dl_2el_18_1t.nec,ok,ok,0.00825451035052538,0.006998339667916298,,0
nec2c/dl_2el_18_1t15mvp.nec,ok,ok,0.30738606583327055,0.19672112725675106,1.5625,1
nec2c/dl_2el_18_t10m.nec,ok,ok,0.008492735214531422,0.006661982275545597,,0
nec2c/dl_2el_18_t10mvp.nec,ok,ok,0.008554489351809025,0.00663861446082592,,0
nec2c/dl_2el_18b24.nec,ok,ok,0.027273169718682766,0.0205094488337636,,0
nec2c/dl_2el_24b18.nec,ok,ok,0.02711583860218525,0.02094228472560644,,0
nec2c/dl_2el_28_1.nec,ok,ok,0.028262080624699593,0.020502937957644463,,0
nec2c/dl_2el_28_1t.nec,ok,ok,0.030141388066112995,0.018089769408106804,,0
nec2c/dl_2el_28_f.nec,ok,ok,0.5343006271868944,0.2902653655037284,1.8407,1
nec2c/dl_4el_20.nec,ok,ok,0.05527805257588625,0.03679394815117121,,0
nec2c/dl_4el_20f.nec,ok,ok,0.6671668849885464,0.3696129070594907,1.8050,1
nec2c/firstrhombic.nec,ok,ok,0.009822404943406582,0.007878025062382221,,0
nec2c/i5tdjiiif.nec,ok,ok,1.2667121440172195,0.6586329713463783,1.9232,1
nec2c/log_periodic.nec,ok,ok,0.03578393626958132,0.030100303702056408,,0
nec2c/logperA9.nec,ok,ok,0.03864266350865364,0.030984575860202312,,0
nec2c/quad17m_1.nec,ok,ok,0.04295608028769493,0.03129144571721554,,0
nec2c/quad17m_2.nec,ok,ok,0.0436827726662159,0.031828965060412884,,0
nec2c/rombica_t.nec,ok,ok,0.009951380081474781,0.007752430625259876,,0
nec2c/yg2_5el_50.nec,ok,ok,0.02347863744944334,0.01851752121001482,,0
nec2c/yg2_5el_50t.nec,ok,ok,0.02173637878149748,0.016014887019991875,,0
nec2c/yg_16el_220.nec,ok,ok,0.014169753529131413,0.011955218389630318,,0
nec2c/yg_16el_220M_1.nec,ok,ok,0.03315226547420025,0.03279443923383951,,0
nec2c/yg_16el_220M_2.nec,ok,ok,0.041479517705738544,0.02743333950638771,,0
nec2c/yg_2el_24.nec,ok,ok,0.011848486959934235,0.009327965788543224,,0
nec2c/yg_4el_20.nec,ok,ok,0.013224278576672077,0.015138160437345505,,0
nec2c/yg_4el_20f.nec,ok,ok,0.04793290700763464,0.03438375983387232,,0
nec2c/yg_4el_20g.nec,ok,ok,0.010202877223491669,0.007913731038570404,,0
nec2c/yg_5el_50.nec,ok,ok,0.011674806475639343,0.010108409449458122,,0
nec2c/yg_5el_50_opt.nec,ok,ok,0.012047676369547844,0.01025700569152832,,0
nec2c/yg_5el_50p_opt.nec,ok,ok,0.011823099106550217,0.010407260619103909,,0
nec2c/yg_5el_50t.nec,ok,ok,0.008903233334422112,0.007229002192616463,,0
nec2c/yg_9el_144.nec,ok,ok,0.01999056152999401,0.015717637725174427,,0
nec2org/biquad_2440MHz.nec,ok,ok,1.1880385400727391,0.8611284680664539,1.3796,1
necpp/36dip.nec,ok,ok,0.3042493611574173,0.20207164622843266,1.5057,1
necpp/Collinear_1L.nec,ok,ok,0.12218844424933195,0.07745940424501896,1.5775,1
necpp/GA487.nec,ok,ok,0.5270367385819554,0.5501541383564472,0.9580,1
necpp/Yg_4x6_b.nec,ok,ok,0.03468974772840738,0.025862468406558037,,0
necpp/biquad.nec,ok,ok,1.1894776578992605,0.8599817156791687,1.3831,1
necpp/bruce_sommerfeld.nec,ok,ok,0.39461604971438646,0.24085222370922565,1.6384,1
necpp/buoy.nec,ok,ok,0.16137866396456957,0.08509354665875435,1.8965,1
necpp/dipole_anim.nec,ok,ok,0.10761506669223309,0.012486999854445457,,0
necpp/discone.nec,ok-no-source,ok-no-source,4.478510385379195,2.31865818426013,,0
necpp/ek_test.nec,ok,ok,0.005351636558771133,0.05144793074578047,,0
necpp/example1.nec,ok,ok,0.00595405139029026,0.0669793738052249,,0
necpp/example2.nec,ok,ok,0.003374719060957432,0.06787155289202929,,0
necpp/example3.nec,ok,ok,0.09601111896336079,0.10095563530921936,0.9510,1
necpp/example5.nec,ok,ok,0.006442331708967686,0.04597753845155239,,0
necpp/excessive_gain.nec,ok,ok,0.0123344287276268,0.011791960336267948,,0
necpp/ga_pjw_0.nec,ok-no-source,ok-no-source,0.1222127303481102,0.07364145573228598,,0
necpp/ga_pjw_1.nec,ok,ok,1.0717306239530444,0.7254566084593534,1.4773,1
necpp/gh_flat_spiral.nec,ok,ok,0.00772870983928442,0.00753149576485157,,0
necpp/gn2.nec,ok,ok,0.18837237637490034,0.12077482882887125,1.5597,1
necpp/gx_one_plane.nec,ok,ok,0.005872830748558044,0.005536656826734543,,0
necpp/gx_three_planes.nec,ok,ok,0.01009082980453968,0.009091362357139587,,0
necpp/gx_three_planes_control.nec,ok,ok,0.010933773592114449,0.009757451713085175,,0
necpp/hang.nec,ok,ok,0.6780625125393271,0.36639884766191244,1.8506,1
necpp/herzian_dipole.nec,ok,ok,0.005610646679997444,0.005480875261127949,,0
necpp/intersection.nec,ok,ok,0.0035856375470757484,0.003641510382294655,,0
necpp/inverted_v.nec,ok,ok,4.500453040935099,2.804211218841374,1.6049,1
necpp/medium_test.nec,ok,ok,0.0034777000546455383,0.003701619803905487,,0
necpp/near_field_electric.nec,ok,ok,0.0032082851976156235,0.0033005932345986366,,0
necpp/near_field_magnetic.nec,ok,ok,0.0029509104788303375,0.0032614395022392273,,0
necpp/passive_test1.nec,ok-no-source,ok-no-source,0.10947960987687111,0.06072239950299263,,0
necpp/patch_999.nec,error,error,0.13477681577205658,0.10144448094069958,,0
necpp/patch_999_2.nec,no-impedance,no-impedance,0.012747439555823803,0.012533762492239475,,0
necpp/plane.nec,ok-no-source,error,0.04017030727118254,0.03225887008011341,,0
necpp/plane_wave_excitation.nec,ok-no-source,ok-no-source,0.009493046440184116,0.006576802581548691,,0
necpp/plet_helix.nec,ok-no-source,ok-no-source,0.0351704116910696,0.024372517131268978,,0
necpp/plet_helixumts.nec,ok,ok,0.2567618051543832,0.16531789768487215,1.5531,1
necpp/salt_ground.nec,ok,ok,0.8938849763944745,0.6071814177557826,1.4722,1
necpp/sommerfeld2.nec,ok,ok,0.16074885427951813,0.10463199205696583,1.5363,1
necpp/sommerfeld3.nec,ok,ok,0.3162851044908166,0.20884192828089,1.5145,1
necpp/sommerfield1.nec,ok,ok,0.08779227267950773,0.05862436443567276,1.4975,1
necpp/test299.nec,ok,ok,0.047173287719488144,0.026349724270403385,,0
necpp/yagi.nec,ok,ok,0.03580678626894951,0.03081768937408924,,0
opennec/6mYagi-Onec.nec,ok,ok,49.68595137260854,41.356430446729064,1.2014,1
opennec/6mYagi-Onec2.nec,ok,ok,0.05547357723116875,0.041519650258123875,,0
opennec/example5.nec,ok,ok,0.006784078665077686,0.00614094827324152,,0
qantenna/10-30m_vert4.nec,ok,crash,15.606926392763853,1.3258052952587605,,0
qantenna/19el_432_tonna.nec,ok,ok,0.06939333025366068,0.04476850666105747,,0
qantenna/1_4l-gp_on_pole.nec,ok,ok,1.80795247387141,1.4333331603556871,1.2614,1
qantenna/5_8l-gp_on_pole.nec,ok,ok,1.7544164210557938,1.291545714251697,1.3584,1
qantenna/adrian.nec,ok,ok,0.1000089617446065,0.1588562335819006,0.6296,1
qantenna/airplane.nec,ok,error,0.592750484123826,0.11774249002337456,,0
qantenna/ant.nec,ok,ok,0.03639702033251524,0.033722938038408756,,0
qantenna/collinear.nec,ok,ok,1.9544591661542654,1.5345721431076527,1.2736,1
qantenna/delta-loop-15m.nec,ok,ok,0.9668835522606969,0.7424262901768088,1.3023,1
qantenna/quad-20m.nec,ok,ok,0.8845038935542107,0.6952402601018548,1.2722,1
qantenna/spaceship.nec,ok,ok,0.03665706142783165,0.03366756625473499,,0
qantenna/tower.nec,error,error,0.009265407919883728,0.008556659333407879,,0
qantenna/tri_7.nec,ok,ok,0.009716447442770004,0.00883643701672554,,0
qantenna/turnstile-sloped.nec,ok,ok,0.2049278225749731,0.14415364246815443,1.4216,1
qantenna/turnstile.nec,ok,ok,0.18528450839221478,0.16356843430548906,1.1328,1
qantenna/xpol_omni.nec,ok,ok,0.43491849210113287,0.384976196102798,1.1297,1
qantenna/yagi.nec,ok,ok,0.07960949279367924,0.1330018425360322,0.5986,1
qantenna/yagi8sq_ch1.nec,ok,ok,0.09860130026936531,0.10892362240701914,0.9052,1
qantenna/yg_16el_220.nec,ok,ok,0.020273255184292793,0.02768704667687416,,0
qantenna/yg_4el_20.nec,ok,ok,0.0588890602812171,0.0887714046984911,0.6634,1
qantenna/yg_6el.nec,ok,ok,0.8145139925181866,0.7649948764592409,1.0647,1
qantenna/zepp-80m.nec,ok,ok,0.24829192459583282,0.2080038096755743,1.1937,1
rchacker-antennas/1180/helical.nec,ok,ok,0.022434820421040058,0.018572363071143627,,0
rchacker-antennas/1180/moxon_44mm.nec,ok,ok,0.010271044448018074,0.008087877184152603,,0
rchacker-antennas/1180/moxon_thin_wire.nec,ok,ok,0.011150901205837727,0.009438781999051571,,0
rchacker-antennas/1180/turnstile_1180_droop_angle_raptor.nec,ok,ok,0.07872627303004265,0.046255989000201225,,0
rchacker-antennas/1180/turnstile_1180_droop_angle_raptor_optimised.nec,ok,ok,0.057012119330465794,0.03370669670403004,,0
rchacker-antennas/1180/use gen program in 4nec folder.nec,ok-no-source,ok-no-source,9.858232886530459,6.92030029091984,,0
rchacker-antennas/2.4/dipole_2.4.nec,ok,ok,0.010921109467744827,0.00816256832331419,,0
rchacker-antennas/2.4/moxon24.nec,ok,ok,0.007661920972168446,0.006762820295989513,,0
rchacker-antennas/2.4/stripped_coax_2.4.nec,ok,ok,0.00856032595038414,0.00681222602725029,,0
rchacker-antennas/2.4/swastika thick wire.nec,ok,ok,0.00612020306289196,0.0058449143543839455,,0
rchacker-antennas/2.4/swastika thin wire.nec,ok,ok,0.007768467999994755,0.006806112825870514,,0
rchacker-antennas/2.4/swastika.nec,ok,ok,0.006147732026875019,0.005731829442083836,,0
rchacker-antennas/2.4/swastika_large_wire_opt.nec,ok,ok,0.006110690534114838,0.005738385021686554,,0
rchacker-antennas/2.4/swastika_large_wire_opt_1mm_feed.nec,ok,ok,0.00624189805239439,0.0058105699717998505,,0
rchacker-antennas/2.4/turnstile.nec,ok,ok,0.01665034517645836,0.011594323441386223,,0
rchacker-antennas/2.4/turnstile_2.4_asymmetric.nec,ok,ok,0.016684746369719505,0.011512069962918758,,0
rchacker-antennas/2.4/turnstile_2.4_asymmetric_rad.nec,ok,ok,0.016735020093619823,0.011515202932059765,,0
rchacker-antennas/2.4/vee_2.4.nec,ok,ok,0.012408503331243992,0.008596806786954403,,0
rchacker-antennas/58/helical58.nec,ok,ok,0.47911399882286787,0.34223439916968346,1.4000,1
rchacker-antennas/58/pinwheel5.8.nec,ok,ok,0.13678181171417236,0.18259924743324518,0.7491,1
rchacker-antennas/UHF/_new.nec,ok,ok,0.02197654079645872,0.09150555729866028,,0
rchacker-antennas/UHF/ground_plane.nec,ok,ok,0.0550921680405736,0.07928518578410149,0.6949,1
rchacker-antennas/UHF/ground_turnstile.nec,ok,ok,0.006357034668326378,0.006457449868321419,,0
rchacker-antennas/UHF/ibcrazy turnstile.nec,ok,ok,0.0031493352726101875,0.003820468671619892,,0
rchacker-antennas/UHF/ibcrazy turnstile_measurements_from_web_tutorial.nec,ok,ok,0.0031429678201675415,0.0042473915964365005,,0
rchacker-antennas/UHF/moxon435_as_per_generator.nec,ok,ok,0.016842574812471867,0.014047788456082344,,0
rchacker-antennas/UHF/moxon435_optimised.nec,ok,ok,0.016748026944696903,0.01179075799882412,,0
rchacker-antennas/UHF/turnstile.nec,ok,ok,0.02163650654256344,0.016133692115545273,,0
rchacker-antennas/UHF/turnstile_NEW.nec,ok,ok,0.022030755877494812,0.014332562685012817,,0
rchacker-antennas/UHF/turnstile_coax_flat.nec,ok,ok,0.02190606389194727,0.0143895847722888,,0
rchacker-antennas/UHF/turnstile_coax_flower.nec,ok,ok,0.04523955937474966,0.027450507506728172,,0
rchacker-antennas/UHF/turnstile_coax_flower_2.5.nec,ok,ok,0.04613639507442713,0.02745892573148012,,0
rchacker-antennas/UHF/turnstile_droop_angle.nec,ok,ok,0.03621549531817436,0.022487320005893707,,0
rchacker-antennas/UHF/turnstile_droop_angle_coax.nec,ok,ok,0.056409052573144436,0.03323385305702686,,0
rchacker-antennas/UHF/turnstile_droop_angle_raptor.nec,ok,ok,0.14288821164518595,0.08052713796496391,1.7744,1
rchacker-antennas/UHF/turnstile_droop_angle_raptor_optimised.nec,ok,ok,0.2740215118974447,0.15310644637793303,1.7897,1
rchacker-antennas/UHF/turnstile_droop_angle_raptor_optimised_eff.nec,ok,ok,0.27385383658111095,0.15440987329930067,1.7736,1
rchacker-antennas/UHF/turnstile_effeciency_optimised.nec,ok,ok,0.036669048480689526,0.022666873410344124,,0
rchacker-antennas/UHF/vee3_asymmetrical.nec,ok,ok,0.011792625300586224,0.008779305033385754,,0
rchacker-antennas/UHF/vee3_asymmetrical_hello_kitty_evolved.nec,ok,ok,0.02224208414554596,0.014957212843000889,,0
rchacker-antennas/UHF/vee3_asymmetrical_hello_kitty_evolved_40.nec,ok,ok,0.02217799983918667,0.014293997548520565,,0
rchacker-antennas/UHF/vee3_asymmetrical_with_coax.nec,ok,ok,0.02226735558360815,0.014353294856846333,,0
rchacker-antennas/UHF/vee3_symmetrical.nec,ok,ok,0.01174931414425373,0.008504538796842098,,0
rchacker-antennas/circular omni/PINWHEEL62m.nec,ok,ok,0.13406077213585377,0.10081026889383793,1.3298,1
rchacker-antennas/circular omni/pinwheel62m_980skewplanar-e3.nec,ok,ok,0.13593240920454264,0.11725051235407591,1.1593,1
rchacker-antennas/vee_cheatsheet/vee3_symmetrical_1080_cat5.nec,ok,ok,0.011736386455595493,0.008586540818214417,,0
rchacker-antennas/vee_cheatsheet/vee3_symmetrical_1180_cat5.nec,ok,ok,0.011596756055951118,0.00935909803956747,,0
rchacker-antennas/vee_cheatsheet/vee3_symmetrical_1280_cat5.nec,ok,ok,0.011665537022054195,0.008712313137948513,,0
rchacker-antennas/vee_cheatsheet/vee3_symmetrical_425.nec,ok,ok,0.011680301278829575,0.008484677411615849,,0
rchacker-antennas/vee_cheatsheet/vee3_symmetrical_433.nec,ok,ok,0.011671042069792747,0.008796564303338528,,0
rchacker-antennas/vee_cheatsheet/vee3_symmetrical_435.nec,ok,ok,0.011680608615279198,0.008686122484505177,,0
rchacker-antennas/vee_cheatsheet/vee3_symmetrical_440.nec,ok,ok,0.011728252284228802,0.008533061482012272,,0
rchacker-antennas/vee_cheatsheet/vee3_symmetrical_459.nec,ok,ok,0.011628462933003902,0.009328131563961506,,0
rchacker-antennas/vee_cheatsheet/vee3_symmetrical_915.nec,ok,ok,0.011674996465444565,0.008671584539115429,,0
rchacker-antennas/vee_cheatsheet/vee3_symmetrical_915_cat5.nec,ok,ok,0.011693364940583706,0.009508135728538036,,0
sokyrad/k8uy_yagi_10el/models/K8UY_yagi_2m_original.nec,ok,ok,0.20355293713510036,0.10780568514019251,1.8881,1
sokyrad/unsorted/10m efhw narrow rect 28.4mhz  10m efhw narrow rect 28.4mhz.nec,ok,ok,0.18437774572521448,0.11627551447600126,1.5857,1
sokyrad/unsorted/10m_3el_yagi_horizontal.nec,ok,ok,0.43650011625140905,0.3321119612082839,1.3143,1
sokyrad/unsorted/10m_3el_yagi_horizontal_quarter_wave_elements.nec,ok,ok,0.40894633438438177,0.2996918233111501,1.3646,1
sokyrad/unsorted/10m_3el_yagi_vertical.nec,ok,ok,0.573821522295475,0.4175494583323598,1.3743,1
sokyrad/unsorted/10m_efhw_inverted_L_10ft.nec,ok,ok,0.20887576695531607,0.1354905143380165,1.5416,1
sokyrad/unsorted/10m_quarter_wave_ground_plane_10ft.nec,ok,ok,0.9747987724840641,0.6888813683763146,1.4150,1
sokyrad/unsorted/15m_20m_jumper_half_square.nec,ok,ok,3.1273705940693617,2.3695890195667744,1.3198,1
sokyrad/unsorted/26ft_vertical_26x20ft_radials_eznec_import.nec,ok,ok,2.4555791215971112,1.6546169351786375,1.4841,1
sokyrad/unsorted/2m70cm_moxon_nested.nec,ok,ok,0.056590499356389046,0.038637070916593075,,0
sokyrad/unsorted/2m70cm_moxon_nested_four_masted.nec,ok,ok,0.7369270203635097,0.3426578724756837,2.1506,1
sokyrad/unsorted/40m_efhw-inverted-v_28.6MHz.nec,ok,ok,0.11223060172051191,0.12237547803670168,0.9171,1
sokyrad/unsorted/40m_efhw_L.nec,ok,ok,0.30307277012616396,0.2414609808474779,1.2552,1
sokyrad/unsorted/6m_2m_70cm_moxon-yagi.nec,ok,ok,0.23413123842328787,0.19143948797136545,1.2230,1
sokyrad/unsorted/80m_delta_loop_top10m_bottom1m_quarterwave_feed_3p9MHz.nec,ok,ok,1.5120931714773178,0.9976566201075912,1.5156,1
sokyrad/unsorted/80m_delta_loop_top3m_bottom1m_quarterwave_feed_3p9MHz.nec,ok,ok,1.438588121905923,0.9789904793724418,1.4695,1
sokyrad/unsorted/80m_efhw-Sloper-L_3.85M.nec,ok,ok,0.32833236921578646,0.2049993108958006,1.6016,1
sokyrad/unsorted/80m_efhw-Sloper-L_7.2375M.nec,ok,ok,0.29468136839568615,0.1893907031044364,1.5559,1
sokyrad/unsorted/80m_efhw-Sloper.nec,ok,ok,0.2923800488933921,0.189071673899889,1.5464,1
sokyrad/unsorted/80m_efhw_inverted_v.nec,ok,ok,0.19657291751354933,0.12588176783174276,1.5616,1
sokyrad/unsorted/80m_efhw_sloper.nec,ok,ok,0.39892468973994255,0.24109711404889822,1.6546,1
sokyrad/unsorted/80m_full-wave_horiz-L_3.8MHz.nec,ok,ok,0.046953086741268635,0.023531616665422916,,0
sokyrad/unsorted/80m_square_horizontal_loop_65ft_3mm_3p9MHz.nec,ok,ok,1.4707670137286186,0.994614215567708,1.4787,1
sokyrad/unsorted/K8UY_dipole_2m_original_gamma.nec,ok,ok,0.8512878017500043,0.5951486425474286,1.4304,1
sokyrad/unsorted/K8UY_yagi_2m_original.nec,ok,ok,0.20284949149936438,0.10723042953759432,1.8917,1
sokyrad/unsorted/butternut_hf6v_approx.nec,ok,ok,0.37780413031578064,0.24948518257588148,1.5143,1
sokyrad/unsorted/custom_28_4MHz_hybrid_dipole_invertedV.nec,ok,ok,0.15164530277252197,0.09520745277404785,1.5928,1
sokyrad/unsorted/custom_28_4MHz_hybrid_dipole_invertedV_10mheight_1_8wave.nec,ok,ok,0.15293183084577322,0.09551292192190886,1.6012,1
sokyrad/unsorted/custom_28_4MHz_hybrid_dipole_invertedV_2_5m.nec,ok,ok,0.7182048996910453,0.47508374601602554,1.5117,1
sokyrad/unsorted/custom_28_4MHz_hybrid_dipole_invertedV_2_5m_horiz_1_8wave_angled_1_4wave.nec,ok,ok,0.6296028606593609,0.4130016593262553,1.5245,1
sokyrad/unsorted/custom_28_4MHz_hybrid_dipole_invertedV_5_0m.nec,ok,ok,0.7209960669279099,0.4742458909749985,1.5203,1
sokyrad/unsorted/custom_double_inverted_v_10m_28_4MHz_20ft.nec,ok,ok,0.6279800711199641,0.41390529926866293,1.5172,1
sokyrad/unsorted/custom_double_inverted_v_10m_28_4MHz_20ft_same_plane.nec,ok,ok,0.6283262362703681,0.41516792867332697,1.5134,1
sokyrad/unsorted/delta_loop_equilateral_29MHz.nec,ok,ok,1.007622305303812,0.6919313948601484,1.4562,1
sokyrad/unsorted/delta_loop_equilateral_29MHz_bottom_corner_feed.nec,ok,ok,0.9554287400096655,0.6673243828117847,1.4317,1
sokyrad/unsorted/dual_band_stacked_moxon_146_444_50mm_only146driven.nec,ok,ok,0.29964795242995024,0.21760874148458242,1.3770,1
sokyrad/unsorted/fan_dipole_80_40_20_10_6m_20m_height_voltage_balun.nec,ok,ok,5.982215669006109,3.9784553460776806,1.5037,1
sokyrad/unsorted/inverted_v_10m_28_4MHz_20ft.nec,ok,ok,0.611345836892724,0.40112782269716263,1.5241,1
sokyrad/unsorted/inverted_v_14p225MHz.nec,ok,ok,1.1724968291819096,0.8639545673504472,1.3571,1
sokyrad/unsorted/inverted_v_28p4MHz.nec,ok,ok,1.1508336430415511,0.8563148491084576,1.3439,1
sokyrad/unsorted/inverted_v_3p8MHz.nec,ok,ok,1.246227702125907,0.9080341262742877,1.3724,1
sokyrad/unsorted/inverted_v_7p2MHz.nec,ok,ok,1.1434393599629402,0.849481888115406,1.3460,1
sokyrad/unsorted/moxong_2m_single.nec,ok,ok,0.006131933070719242,0.005357985384762287,,0
sokyrad/unsorted/moxong_2m_stacked_common_feed.nec,ok,ok,0.01769091095775366,0.016275567933917046,,0
sokyrad/unsorted/moxong_2m_stacked_common_feed_0_99lambda.nec,ok,ok,0.01784751284867525,0.0769748454913497,,0
sokyrad/unsorted/simple_10m_inverted_v_10ft.nec,ok,ok,0.8033882947638631,0.605110608972609,1.3277,1
sokyrad/unsorted/simple_dipole_28_4MHz_10_0m.nec,ok,ok,0.2946733199059963,0.18928681500256062,1.5568,1
sokyrad/unsorted/simple_dipole_28_4MHz_2_5m.nec,ok,ok,0.7018032725900412,0.46604734007269144,1.5059,1
sokyrad/unsorted/simple_dipole_28_4MHz_5_0m.nec,ok,ok,0.6998981107026339,0.5222239634022117,1.3402,1
sokyrad/unsorted/stacked_146MHz_moxon_horizontal.nec,ok,ok,0.5253987116739154,0.35834813583642244,1.4662,1
sokyrad/unsorted/stacked_146MHz_moxon_vertical (1).nec,ok,ok,0.5387423485517502,0.380995730869472,1.4140,1
sokyrad/unsorted/stacked_146MHz_moxon_vertical.nec,ok,ok,0.5627188757061958,0.40003004390746355,1.4067,1
sokyrad/unsorted/stacked_146MHz_moxon_vertical_0_75lambda.nec,ok,ok,0.6663213176652789,0.40473998337984085,1.6463,1
w8io/215DX.nec,ok,ok,0.2272829608991742,0.11817106418311596,1.9233,1
w8io/216CP.nec,ok,ok,0.3255645530298352,0.22387859970331192,1.4542,1
w8io/222_13l_50ohm_yagi_kf6a.nec,ok,ok,0.012836117297410965,0.009052835404872894,,0
w8io/222_15l_50ohm_yagi_kf6a.nec,ok,ok,0.01019339356571436,0.007691297680139542,,0
w8io/2m12L_yagi_kf6a.nec,ok,ok,0.011500497348606586,0.008213216438889503,,0
w8io/6m_7L_1-46WL_yagi.nec,ok,ok,0.005391201935708523,0.005078167654573917,,0
w8io/6m_8L_50ohm_yagi_kf6a.nec,ok,ok,0.0058412011712789536,0.0052953073754906654,,0
w8io/BVO-4WL-144-15.nec,ok,ok,0.10735155642032623,0.036328562535345554,,0
w8io/CC-17B2.nec,ok,ok,0.32826602924615145,0.1674977233633399,1.9598,1
w8io/DG7YBN 144_GTV2-14w.nec,ok,ok,0.04006744362413883,0.02371043711900711,,0
w8io/DK7ZB-144-12.nec,ok,ok,0.124883565120399,0.10073662269860506,1.2397,1
w8io/EF7021.nec,ok,ok,20.76624688785523,10.825860439799726,1.9182,1
w8io/EF7027.nec,ok,ok,33.0812717769295,17.604325992055237,1.8792,1
w8io/FO-25-432.nec,ok,ok,28.477045623585582,15.275909699499607,1.8642,1
w8io/FO-33-432.nec,ok,ok,49.41452282294631,26.29504905641079,1.8792,1
w8io/G0KSC-13LFA.nec,ok,ok,0.5122495582327247,0.2269543083384633,2.2571,1
w8io/G0KSC-14LFA.nec,ok,ok,0.5714587718248367,0.257725584320724,2.2173,1
w8io/G0KSC-15LFA.nec,ok,ok,0.6487330161035061,0.29341473430395126,2.2110,1
w8io/HG-66DX-CW.nec,ok,ok,0.09739266522228718,0.004403975792229176,,0
w8io/HG7031DX.nec,ok,ok,43.58457880653441,22.981194254010916,1.8965,1
w8io/I0JXX-16JXX2.nec,ok,ok,0.3279526745900512,0.1357547715306282,2.4158,1
w8io/IO-432-28.nec,ok,ok,35.89827978052199,18.95867076423019,1.8935,1
w8io/K1FO-222-22.nec,ok,ok,0.10592194646596909,0.12888520490378141,0.8218,1
w8io/K1FO-FO15-144.nec,ok,ok,0.07881800644099712,0.17962548788636923,0.4388,1
w8io/K1FO-FO16-144.nec,ok,ok,0.07175945676863194,0.11096727941185236,0.6467,1
w8io/KF6A-144-18.nec,ok,ok,0.01721114758402109,0.14465794153511524,,0
w8io/KF6A_6m_7EL_12_5ohm_yagi.nec,ok,ok,0.0057881055399775505,0.03167447540909052,,0
w8io/KF6A_70cm_22L.nec,ok,ok,0.028990204446017742,0.05178252514451742,,0
w8io/LP140-200-2D.nec,ok,ok,4.084683157503605,2.7589162811636925,1.4805,1
w8io/LP144-22.nec,ok,ok,3.4080740911886096,2.1728351255878806,1.5685,1
w8io/LP144-35-MAXFB.nec,ok,ok,59.58175388444215,36.08052678499371,1.6514,1
w8io/LP50-108-16.nec,ok,ok,5.048789733089507,3.3170520924031734,1.5221,1
w8io/LogYag220-520-15dbi.nec,ok,ok,57.802667282521725,36.589873923920095,1.5797,1
w8io/M2-222-5WL.nec,ok,ok,0.05227260384708643,0.14496178459376097,0.3606,1
w8io/M2-2M5WL-inch.nec,ok,ok,0.14504868257790804,0.1775861820206046,0.8168,1
w8io/M2-432-9WLA.nec,ok,ok,36.3044811906293,19.346021487377584,1.8766,1
w8io/SM5BSZ-2SA13.nec,ok,ok,0.04755051713436842,0.025203882716596127,,0
w8io/UR5EAZ_144_12_W8IO_opt.nec,ok,ok,0.028591113165020943,0.01659628376364708,,0
w8io/UR5EAZ_144_RS12.nec,ok,ok,0.028376057744026184,0.016720043495297432,,0
w8io/UR5EAZ_RS_2_11_DRAFT.nec,ok,ok,0.02433562744408846,0.014909221790730953,,0
w8io/W8IO-144-13U.nec,ok,ok,0.03143746592104435,0.018948059529066086,,0
w8io/W8IO-144-13a.nec,ok,ok,0.17264937330037355,0.09558784682303667,1.8062,1
w8io/W8IO-144-14U.nec,ok,ok,0.03680018242448568,0.02166161686182022,,0
w8io/W8IO-144-14V.nec,ok,ok,0.04043675772845745,0.024157674983143806,,0
w8io/W8IO-144-15U.nec,ok,ok,0.03901291638612747,0.02361424546688795,,0
w8io/W8IO-144-15V.nec,ok,ok,0.044682471081614494,0.026861067861318588,,0
w8io/W8IO-144-15fd.nec,ok,ok,0.5738287307322025,0.29376231599599123,1.9534,1
w8io/W8IO-144-16V.nec,ok,ok,0.050446552224457264,0.029246720485389233,,0
w8io/W8IO-144-17V.nec,ok,ok,0.05634919926524162,0.03243488073348999,,0
w8io/W8IO-222-17.nec,ok,ok,0.2975485799834132,0.16148432157933712,1.8426,1
w8io/W8IO-222-18.nec,ok,ok,0.3409704687073827,0.17420886270701885,1.9573,1
w8io/W8IO-222-19.nec,ok,ok,0.3737869644537568,0.19212500844150782,1.9455,1
w8io/W8IO-222-19V.nec,ok,ok,0.06843285728245974,0.042122079990804195,,0
w8io/W8IO-UR5EAZ-144-16V.nec,ok,ok,0.02478555403649807,0.016473257914185524,,0
w8io/YU7EF EF0606.nec,ok,ok,0.010781633667647839,0.008468035608530045,,0
w8io/YU7EF-EF0213.nec,ok,ok,0.050122887827456,0.03030652180314064,,0
w8io/YU7EF-EF0215.nec,ok,ok,0.2351107308641076,0.12469536531716585,1.8855,1
w8io/kf6a-144-17.nec,ok,ok,0.016518505290150642,0.010832803323864937,,0
w8io/kf6a-432-27L.nec,ok,ok,0.03818425163626671,0.021236926317214966,,0
w8io/whip_antenna_8ft_groundplane.nec,ok,ok,256.0810097856447,184.43198493588716,1.3885,1
xnec2c-fixtures/sy_comma_format.nec,ok-no-source,ok-no-source,0.0030399104580283165,0.0036740368232131004,,0
xnec2c-fixtures/sy_math_cmnd.nec,ok-no-source,ok-no-source,0.0037223706021904945,0.0043508922681212425,,0
xnec2c-fixtures/sy_math_geom.nec,ok-no-source,ok-no-source,0.0030274204909801483,0.003494665026664734,,0
xnec2c-fixtures/sy_separate_cards.nec,ok-no-source,ok-no-source,0.0028770463541150093,0.00311956275254488,,0
xnec2c-fixtures/sy_units_spaces.nec,ok-no-source,ok-no-source,0.0030251285061240196,0.0031240833923220634,,0
