deck,status_a,status_b,wall_a,wall_b,speedup,comparable
4nec2-models/Aperiodic/2ELK9AY.nec,ok,ok,0.4551872294396162,0.255848734639585,1.7791,1
4nec2-models/Aperiodic/2beverage.nec,ok,ok,0.4326833812519908,0.25411361642181873,1.7027,1
4nec2-models/Aperiodic/2el160flag.nec,ok,ok,0.28518702276051044,0.2099397499114275,1.3584,1
4nec2-models/Aperiodic/80pennant-pf.nec,ok,ok,0.2502874983474612,0.1750473203137517,1.4298,1
4nec2-models/Aperiodic/ON4BAAWD.nec,ok,ok,0.1580543238669634,0.12265641428530216,1.2886,1
4nec2-models/Aperiodic/Rhomb1.nec,ok,ok,0.10293498449027538,0.07752637099474669,1.3277,1
4nec2-models/Aperiodic/Rhombic.nec,ok,ok,0.14904782827943563,0.09397382568567991,1.5861,1
4nec2-models/Aperiodic/Semirhomb.nec,ok,ok,0.4404250979423523,0.2855434874072671,1.5424,1
4nec2-models/Aperiodic/Slopvee.nec,ok,ok,0.3458468010649085,0.2370071755722165,1.4592,1
4nec2-models/Aperiodic/Vee40.nec,ok,ok,0.36534204706549644,0.25276836287230253,1.4454,1
4nec2-models/Aperiodic/bev80.nec,ok,ok,0.3930807178840041,0.27511725202202797,1.4288,1
4nec2-models/Equations/1elQuad.nec,ok,ok,0.005422268062829971,0.005495709367096424,,0
4nec2-models/Equations/2elQuad.nec,ok,ok,0.008605328388512135,0.006602659821510315,,0
4nec2-models/Equations/3elQuadGain.nec,ok,ok,0.013058832846581936,0.011525576934218407,,0
4nec2-models/Equations/3elQuadWide.nec,ok,ok,0.015512373298406601,0.011727022007107735,,0
4nec2-models/Equations/3elYagiGain.nec,ok,ok,0.01015398558229208,0.0049608685076236725,,0
4nec2-models/Equations/3elYagiMaxFB.nec,ok,ok,0.0072868699207901955,0.004783838056027889,,0
4nec2-models/Equations/3elYagiWide.nec,ok,ok,0.010394512675702572,0.0049434565007686615,,0
4nec2-models/Equations/4elQuad.nec,ok,ok,0.016072388738393784,0.010692317970097065,,0
4nec2-models/Equations/Moxon.nec,ok,ok,0.3262150688096881,0.3841716265305877,0.8491,1
4nec2-models/Example1.nec,ok,ok,0.012485949322581291,0.003927960060536861,,0
4nec2-models/Example2.nec,ok,ok,0.008199285715818405,0.0038196640089154243,,0
4nec2-models/Fractals/Fractal.nec,ok,ok,1.8419092614203691,1.5087944511324167,1.2208,1
4nec2-models/Fractals/MI2 Loop.nec,ok,ok,0.08439534809440374,0.2189998421818018,0.3854,1
4nec2-models/Fractals/MI3.nec,ok,ok,0.10580804198980331,0.07119661010801792,1.4861,1
4nec2-models/Fractals/RANDOM1.nec,ok,ok,0.07995957415550947,0.3301674351096153,0.2422,1
4nec2-models/Fractals/Random2.nec,ok,ok,0.060910213738679886,0.12185054086148739,0.4999,1
4nec2-models/HFActiveFeed/2el10.nec,ok,ok,0.10976742766797543,0.17190041206777096,0.6386,1
4nec2-models/HFActiveFeed/2lsloper.nec,ok,ok,0.6370279500260949,0.4614469390362501,1.3805,1
4nec2-models/HFActiveFeed/2phased.nec,ok,ok,0.006152967922389507,0.00473430659621954,,0
4nec2-models/HFActiveFeed/3vertical.nec,ok,ok,0.015811865217983723,0.012967291288077831,,0
4nec2-models/HFActiveFeed/BRDZPR10.nec,ok,ok,0.11912873387336731,0.1299523999914527,0.9167,1
4nec2-models/HFActiveFeed/HB9CV.nec,ok,ok,0.006328204646706581,0.005268072709441185,,0
4nec2-models/HFActiveFeed/Quad4.nec,ok,ok,0.040199252776801586,0.07928034663200378,,0
4nec2-models/HFActiveFeed/ZLSPTS10.nec,ok,ok,0.12606463953852654,0.11548191867768764,1.0916,1
4nec2-models/HFActiveFeed/ZLTROM10.nec,ok,ok,0.16326709277927876,0.1397668719291687,1.1681,1
4nec2-models/HFActiveFeed/cedzph10.nec,ok,ok,0.15588941890746355,0.1334675969555974,1.1680,1
4nec2-models/HFActiveFeed/n2pl_phased_dloop.nec,ok,ok,0.33197748102247715,0.23866247944533825,1.3910,1
4nec2-models/HFActiveFeed/zlspdp10.nec,ok,ok,0.11580581311136484,0.10387832950800657,1.1148,1
4nec2-models/HFbeams/2EL160H.nec,ok,ok,1.1222514072433114,0.5201539602130651,2.1575,1
4nec2-models/HFbeams/2lqful10.nec,ok,ok,0.014696662314236164,0.040284911170601845,,0
4nec2-models/HFbeams/2lyagi20.nec,ok,ok,0.08978458493947983,0.09527846798300743,0.9423,1
4nec2-models/HFbeams/2x4Q15A95.nec,ok,ok,0.03239746391773224,0.0788956955075264,,0
4nec2-models/HFbeams/3YAGI20.nec,ok,ok,0.3265653820708394,0.2468256102874875,1.3231,1
4nec2-models/HFbeams/3el-inverted-V.nec,ok,ok,0.31502237636595964,0.22367616463452578,1.4084,1
4nec2-models/HFbeams/3elquad.nec,ok,ok,0.00836790818721056,0.03151331562548876,,0
4nec2-models/HFbeams/3lyagi20.nec,ok,ok,0.45308076310902834,0.27956486865878105,1.6207,1
4nec2-models/HFbeams/40MYAG2.nec,ok,ok,0.3646761253476143,0.24549994431436062,1.4854,1
4nec2-models/HFbeams/40quad.nec,ok,ok,0.21047977358102798,0.1604722486808896,1.3116,1
4nec2-models/HFbeams/4el_vk1aa1.nec,ok,ok,0.3779476284980774,0.19162685051560402,1.9723,1
4nec2-models/HFbeams/5_el_wbeam_PA2AWU.nec,ok,ok,0.6084977649152279,0.34932500682771206,1.7419,1
4nec2-models/HFbeams/7lyagi10.nec,ok,ok,0.30639665108174086,0.22385017946362495,1.3688,1
4nec2-models/HFbeams/80hsbeam.nec,ok,ok,0.35701710544526577,0.24021681398153305,1.4862,1
4nec2-models/HFbeams/80rdbeam.nec,ok,ok,0.36270299926400185,0.32119743898510933,1.1292,1
4nec2-models/HFbeams/8x6q.nec,ok,ok,0.30815176479518414,0.35602792631834745,0.8655,1
4nec2-models/HFbeams/BetaMatch.nec,ok,ok,0.032152884639799595,0.1554144024848938,,0
4nec2-models/HFbeams/Bowtie.nec,timeout,ok,300.0810594074428,194.48470445070416,,0
4nec2-models/HFbeams/Deltalp.nec,ok,ok,0.13604744151234627,0.08229369856417179,1.6532,1
4nec2-models/HFbeams/NinjaBeam.nec,ok,ok,0.29431608505547047,0.21481815166771412,1.3701,1
4nec2-models/HFbeams/Quad.nec,ok,ok,0.0382643761113286,0.025052492506802082,,0
4nec2-models/HFbeams/Stack.nec,ok,ok,0.38909303676337004,0.27512253262102604,1.4143,1
4nec2-models/HFbeams/Unwin.nec,ok,ok,0.011845670640468597,0.0917242681607604,,0
4nec2-models/HFbeams/Unwin_mod.nec,ok,ok,0.01312534511089325,0.08556359820067883,,0
4nec2-models/HFbeams/fan1022.nec,ok,ok,0.05942966137081385,0.09215214848518372,0.6449,1
4nec2-models/HFbeams/moxon20.nec,ok,ok,0.3473080825060606,0.2763513792306185,1.2568,1
4nec2-models/HFbeams/sloper.nec,ok,ok,0.22708296217024326,0.17814730759710073,1.2747,1
4nec2-models/HFbeams/wa2wvl.nec,ok,ok,0.4139587366953492,0.28594927955418825,1.4477,1
4nec2-models/HFbeams/y6mhg.nec,ok,ok,0.007001928985118866,0.07492241822183132,,0
4nec2-models/HFbeams/y6mwb.nec,ok,ok,0.008122259750962257,0.06055201403796673,,0
4nec2-models/HFbeams/zl1le10.nec,ok,ok,0.11755934171378613,0.09927951823920012,1.1841,1
4nec2-models/HFcollinear/15edzph2.nec,ok,ok,0.07538585364818573,0.11446792539209127,0.6586,1
4nec2-models/HFcollinear/2 dipole on roof.nec,ok,ok,1.077456339262426,0.3779528243467212,2.8508,1
4nec2-models/HFcollinear/4 Dipole Trans-lines.nec,ok,ok,0.012477406300604343,0.03967852983623743,,0
4nec2-models/HFcollinear/BROADSID.nec,ok,ok,0.008173608221113682,0.005099296569824219,,0
4nec2-models/HFcollinear/Collinear_1L.nec,ok,ok,0.12550149392336607,0.11902957409620285,1.0544,1
4nec2-models/HFcollinear/SLOPER2.nec,ok,ok,0.5059904754161835,0.3182153217494488,1.5901,1
4nec2-models/HFcollinear/W8BYA Collinear 7 MHz.nec,ok,ok,0.36431609094142914,0.2517960639670491,1.4469,1
4nec2-models/HFcollinear/franklin.nec,ok,ok,0.007486495189368725,0.007072111591696739,,0
4nec2-models/HFcollinear/hrs_441.nec,ok,ok,10.167329314164817,7.601845542900264,1.3375,1
4nec2-models/HFcollinear/lazyh.nec,ok,ok,0.00805366039276123,0.009270662441849709,,0
4nec2-models/HFmultiband/4-BAND.nec,ok,ok,5.755165750160813,7.714031330309808,0.7461,1
4nec2-models/HFmultiband/40MYAG2.nec,ok,ok,0.32038115710020065,0.26195939909666777,1.2230,1
4nec2-models/HFmultiband/5BWIDE-1.nec,ok,ok,0.10260373819619417,0.1071391785517335,0.9577,1
4nec2-models/HFmultiband/Cobra.nec,ok,ok,0.4102163724601269,0.2788669103756547,1.4710,1
4nec2-models/HFmultiband/Cone.nec,ok,ok,0.4316166155040264,0.3094021687284112,1.3950,1
4nec2-models/HFmultiband/CrossDip.nec,ok,ok,0.013144484721124172,0.0734080309048295,,0
4nec2-models/HFmultiband/DUAL2EL.nec,ok,ok,0.09429158177226782,0.09803035669028759,0.9619,1
4nec2-models/HFmultiband/InvV80-40.nec,ok,ok,0.32320181746035814,0.27130588330328465,1.1913,1
4nec2-models/HFmultiband/LPDA1.nec,ok,ok,0.009118050336837769,0.024932398460805416,,0
4nec2-models/HFmultiband/Logp.nec,ok,ok,0.009549971669912338,0.017225582152605057,,0
4nec2-models/HFmultiband/MultiDips.nec,ok,ok,0.38506706804037094,0.33681938517838717,1.1432,1
4nec2-models/HFmultiband/MultiTrap.nec,ok,ok,0.23483547288924456,0.2318870574235916,1.0127,1
4nec2-models/HFmultiband/Sleeve.nec,ok,ok,0.2923017581924796,0.287610144354403,1.0163,1
4nec2-models/HFmultiband/Telerana.nec,ok,ok,0.03993031568825245,0.11472492944449186,,0
4nec2-models/HFmultiband/TrapDip.nec,ok,ok,0.010115091688930988,0.0064822351559996605,,0
4nec2-models/HFmultiband/TrapDipole.nec,ok,ok,0.013748576864600182,0.0063879722729325294,,0
4nec2-models/HFmultiband/UA3SFH.nec,ok,ok,0.1456932034343481,0.08761787228286266,1.6628,1
4nec2-models/HFmultiband/discone.nec,ok,ok,0.04187291581183672,0.09208979643881321,,0
4nec2-models/HFmultiband/dscn2.nec,ok,ok,0.9568536216393113,0.46975779067724943,2.0369,1
4nec2-models/HFmultiband/logper.nec,ok,ok,0.7165703047066927,0.8682326069101691,0.8253,1
4nec2-models/HFmultiband/lpda.nec,ok,ok,0.11956054996699095,0.16476388555020094,0.7256,1
4nec2-models/HFmultiband/mil14.nec,ok,ok,1.1790750129148364,0.43185586482286453,2.7303,1
4nec2-models/HFmultiband/op201510.nec,ok,ok,0.34163957741111517,0.2592337168753147,1.3179,1
4nec2-models/HFmultiband/quad5b10.nec,ok,ok,0.5809600716456771,0.23972303234040737,2.4235,1
4nec2-models/HFmultiband/sleeve_err.nec,ok,ok,0.3206717288121581,0.22491193003952503,1.4258,1
4nec2-models/HFmultiband/t2fd.nec,ok,ok,0.006932086311280727,0.006215534172952175,,0
4nec2-models/HFmultiband/y1217bb.nec,ok,ok,0.012027696706354618,0.08387298416346312,,0
4nec2-models/HFmultiband/y2015.nec,ok,ok,0.01021002046763897,0.09079810790717602,,0
4nec2-models/HFmultiband/yi20_40b.nec,ok,ok,0.42314484622329473,0.23775692284107208,1.7797,1
4nec2-models/HFshort/2elShort.nec,ok,ok,0.11493321601301432,0.10539411008358002,1.0905,1
4nec2-models/HFshort/2lqsdi10.nec,ok,ok,0.042051549069583416,0.10097942221909761,,0
4nec2-models/HFshort/2lqssq10.nec,ok,ok,0.051681315526366234,0.10809843987226486,0.4781,1
4nec2-models/HFshort/2lygcl10.nec,ok,ok,0.1022105636075139,0.10095675103366375,1.0124,1
4nec2-models/HFshort/CoilCapHat.nec,ok,ok,0.24797805678099394,0.19162561930716038,1.2941,1
4nec2-models/HFshort/DPLNLD10.nec,ok,ok,0.015914633870124817,0.0878030089661479,,0
4nec2-models/HFshort/HelixDip.nec,ok,ok,0.0085003562271595,0.00906314980238676,,0
4nec2-models/HFshort/LinLoad.nec,ok,ok,0.041765859350562096,0.10514608956873417,,0
4nec2-models/HFshort/LinLoad2.nec,ok,ok,0.08064978662878275,0.11872739531099796,0.6793,1
4nec2-models/HFshort/Magnetic.nec,ok,ok,0.007407183758914471,0.007072952575981617,,0
4nec2-models/HFshort/MagneticLoop.nec,ok,ok,0.008211104199290276,0.01931772008538246,,0
4nec2-models/HFshort/Minibeam.nec,ok,ok,0.01068798266351223,0.02234479784965515,,0
4nec2-models/HFshort/RXload.nec,ok,ok,0.0049268100410699844,0.004783100448548794,,0
4nec2-models/HFshort/caphat10.nec,ok,ok,0.00772462785243988,0.005977807566523552,,0
4nec2-models/HFsimple/36ccd.nec,ok,ok,0.37710477598011494,0.27421631664037704,1.3752,1
4nec2-models/HFsimple/36dip.nec,ok,ok,0.3143170699477196,0.23839683830738068,1.3185,1
4nec2-models/HFsimple/36inv.nec,ok,ok,0.31866298243403435,0.29095880314707756,1.0952,1
4nec2-models/HFsimple/36inv_coat.nec,ok,ok,0.3308306513354182,0.321894358843565,1.0278,1
4nec2-models/HFsimple/36inv_split.nec,ok,ok,0.3188132690265775,0.31348633114248514,1.0170,1
4nec2-models/HFsimple/70edz.nec,ok,ok,0.3679249808192253,0.3568098936229944,1.0312,1
4nec2-models/HFsimple/CageAlt.nec,ok,ok,0.010828184895217419,0.021981695666909218,,0
4nec2-models/HFsimple/Coax.nec,ok,ok,0.3223929535597563,0.29967917781323195,1.0758,1
4nec2-models/HFsimple/DLoop40.nec,ok,ok,0.22771269362419844,0.1843408215790987,1.2353,1
4nec2-models/HFsimple/EDZ_TL.nec,ok,ok,0.09247183054685593,0.09735395573079586,0.9499,1
4nec2-models/HFsimple/EDZ_mod.nec,ok,ok,0.2845107838511467,0.21641902718693018,1.3146,1
4nec2-models/HFsimple/FANDPL10.nec,ok,ok,0.019140458665788174,0.08806724194437265,,0
4nec2-models/HFsimple/G5RV.nec,ok,ok,0.0060574570670723915,0.005383261479437351,,0
4nec2-models/HFsimple/Hairpin.nec,ok,ok,0.007684748619794846,0.037810925394296646,,0
4nec2-models/HFsimple/Halfsq40.nec,ok,ok,0.29376641009002924,0.21929262299090624,1.3396,1
4nec2-models/HFsimple/HorLoop80.nec,ok,ok,0.3690910339355469,0.27873680647462606,1.3242,1
4nec2-models/HFsimple/Inv-L.nec,ok,ok,0.4408593410626054,0.28366938792169094,1.5541,1
4nec2-models/HFsimple/Isotrop.nec,ok,ok,0.007276500575244427,0.0072021326050162315,,0
4nec2-models/HFsimple/L_match.nec,ok,ok,0.0213310606777668,0.10178181901574135,,0
4nec2-models/HFsimple/LoadPos.nec,ok,ok,0.009002236649394035,0.06460682116448879,,0
4nec2-models/HFsimple/LoopCirc20.nec,ok,ok,0.006555698812007904,0.0057257069274783134,,0
4nec2-models/HFsimple/Lowdip.nec,ok,ok,0.38058593589812517,0.2714458229020238,1.4021,1
4nec2-models/HFsimple/MagCirc.nec,ok,ok,0.09244411531835794,0.09630166832357645,0.9599,1
4nec2-models/HFsimple/Magnetic.nec,ok,ok,0.08975144196301699,0.09516402706503868,0.9431,1
4nec2-models/HFsimple/Magnetic2.nec,ok,ok,0.008031308650970459,0.03648062702268362,,0
4nec2-models/HFsimple/ParStub.nec,ok,ok,0.005162072367966175,0.005766734480857849,,0
4nec2-models/HFsimple/Patch.nec,timeout,timeout,302.22864777222276,301.43849543947726,,0
4nec2-models/HFsimple/Piramid.nec,ok,ok,0.23711981158703566,0.1874103071168065,1.2652,1
4nec2-models/HFsimple/Rectb40.nec,ok,ok,0.2865427518263459,0.23049548268318176,1.2432,1
4nec2-models/HFsimple/Rects40.nec,ok,ok,0.2884149579331279,0.22877120412886143,1.2607,1
4nec2-models/HFsimple/SLOPE1.nec,ok,ok,0.3479148671030998,0.2728379173204303,1.2752,1
4nec2-models/HFsimple/SLOPE3.nec,ok,ok,0.5691030332818627,0.36195787508040667,1.5723,1
4nec2-models/HFsimple/StepRadAGT.nec,ok,ok,0.015279646962881088,0.08694111090153456,,0
4nec2-models/HFsimple/TriangleError.nec,ok,ok,0.007136444561183453,0.0062734466046094894,,0
4nec2-models/HFsimple/TriangleLimit.nec,ok,ok,0.015658289194107056,0.0874401368200779,,0
4nec2-models/HFsimple/deltb40.nec,ok,ok,0.31315638218075037,0.24867867585271597,1.2593,1
4nec2-models/HFsimple/delts40.nec,ok,ok,0.31243832036852837,0.24890251643955708,1.2553,1
4nec2-models/HFsimple/fanndp10.nec,ok,ok,0.14675654750317335,0.12997786607593298,1.1291,1
4nec2-models/HFsimple/tr-line.nec,ok,ok,0.32278641406446695,0.250058407895267,1.2908,1
4nec2-models/HFvertical/40M2EL.nec,ok,ok,0.3398100323975086,0.2626452697440982,1.2938,1
4nec2-models/HFvertical/4SQTL.nec,ok,ok,0.2810704195871949,0.22658609226346016,1.2405,1
4nec2-models/HFvertical/4SQUARE.nec,ok,ok,0.18802360724657774,0.16454426478594542,1.1427,1
4nec2-models/HFvertical/80RDBEAM.nec,ok,ok,0.4605060676112771,0.3054372724145651,1.5077,1
4nec2-models/HFvertical/BOBTAIL.nec,ok,ok,0.3569762231782079,0.2746605668216944,1.2997,1
4nec2-models/HFvertical/Bloem.nec,ok,ok,0.27921859361231327,0.21229391917586327,1.3152,1
4nec2-models/HFvertical/BurRad.nec,ok,ok,0.38656166289001703,0.2691893996670842,1.4360,1
4nec2-models/HFvertical/CARDIOID.nec,ok,ok,0.2107057049870491,0.16874108836054802,1.2487,1
4nec2-models/HFvertical/CardTL.nec,ok,ok,0.21125845797359943,0.16846179217100143,1.2540,1
4nec2-models/HFvertical/ElevatRad.nec,ok,ok,0.5278979148715734,0.33023695927113295,1.5985,1
4nec2-models/HFvertical/GNDPLANE.nec,ok,ok,0.006844640709459782,0.0057261036708951,,0
4nec2-models/HFvertical/GP80.nec,ok,ok,0.3200664669275284,0.2346696127206087,1.3639,1
4nec2-models/HFvertical/GndScreen.nec,ok,ok,0.9003046797588468,0.4552229782566428,1.9777,1
4nec2-models/HFvertical/Gwave.nec,ok,ok,0.15388888213783503,0.13396634999662638,1.1487,1
4nec2-models/HFvertical/Isolators.nec,ok,ok,0.36650440096855164,0.24869330041110516,1.4737,1
4nec2-models/HFvertical/Lowdip.nec,ok,ok,0.44421224296092987,0.2726286966353655,1.6294,1
4nec2-models/HFvertical/Phased GP.nec,ok,ok,0.023932763375341892,0.07819895911961794,,0
4nec2-models/HFvertical/Phased array Trans-line.nec,ok,ok,0.2415554989129305,0.19605697318911552,1.2321,1
4nec2-models/HFvertical/TOPLOAD.nec,ok,ok,0.24629732873290777,0.24449026491492987,1.0074,1
4nec2-models/HFvertical/Varray.nec,ok,ok,0.3849058747291565,0.3438587477430701,1.1194,1
4nec2-models/HFvertical/VertHats.nec,ok,ok,0.3254358749836683,0.22957135923206806,1.4176,1
4nec2-models/LFvertical/cutler_single .nec,ok,ok,11.795744408853352,3.640905063599348,3.2398,1
4nec2-models/Nec4/Catenary.nec,ok,ok,0.008144036866724491,0.008609573356807232,,0
4nec2-models/Objects/4nec2.nec,ok,ok,0.10291480924934149,0.05552513711154461,1.8535,1
4nec2-models/Objects/747plane.nec,ok,ok,6.5831044390797615,2.1737031983211637,3.0285,1
4nec2-models/Objects/GM_test.nec,ok,ok,8.828659755177796,2.8879364179447293,3.0571,1
4nec2-models/Objects/Horn.nec,ok-no-source,ok-no-source,4.111747111193836,1.346027416177094,,0
4nec2-models/Objects/Illuminate.nec,ok,ok,3.611943880096078,1.119428931735456,3.2266,1
4nec2-models/Objects/NearFld.nec,ok,ok,2.637173722498119,0.9342751819640398,2.8227,1
4nec2-models/Objects/Ship1.nec,ok,ok,1.2995752999559045,0.5152710257098079,2.5221,1
4nec2-models/Objects/TL-test.nec,ok,ok,0.18234338331967592,0.13526497315615416,1.3480,1
4nec2-models/Objects/Tank.nec,ok-no-source,ok-no-source,0.0396762378513813,0.10913336742669344,,0
4nec2-models/Objects/Van.nec,ok-no-source,ok-no-source,0.11589376907795668,0.1115230405703187,,0
4nec2-models/Objects/Vehicle.nec,ok,ok,0.09937185514718294,0.10330134443938732,0.9620,1
4nec2-models/Objects/car.nec,ok,ok,1.166309205815196,0.47562094405293465,2.4522,1
4nec2-models/Objects/car_1.nec,ok,ok,0.35541355796158314,0.17535552568733692,2.0268,1
4nec2-models/VHFbeams/10RA432.nec,ok,ok,0.011969061568379402,0.03473157715052366,,0
4nec2-models/VHFbeams/12el430.nec,ok,ok,0.01026717945933342,0.0941851707175374,,0
4nec2-models/VHFbeams/215DX.nec,ok,ok,0.05971400719136,0.14597979933023453,0.4091,1
4nec2-models/VHFbeams/216CP.nec,ok,ok,0.11389008071273565,0.26317738089710474,0.4328,1
4nec2-models/VHFbeams/23DF.nec,ok,ok,0.013850889168679714,0.01580776832997799,,0
4nec2-models/VHFbeams/28DX.nec,ok,ok,0.06834053248167038,0.1790940323844552,0.3816,1
4nec2-models/VHFbeams/2SA.nec,ok,ok,2.1320665702223778,1.2198921758681536,1.7478,1
4nec2-models/VHFbeams/4x20ra.nec,ok,ok,0.14165242295712233,0.12267572991549969,1.1547,1
4nec2-models/VHFbeams/5Vquad.nec,ok,ok,0.02165370713919401,0.11060942243784666,,0
4nec2-models/VHFbeams/5elDdelta.nec,ok,ok,0.0721172308549285,0.10931523889303207,0.6597,1
4nec2-models/VHFbeams/5elDquad.nec,ok,ok,0.043828390538692474,0.10481987055391073,,0
4nec2-models/VHFbeams/BIQDFEED.nec,ok,ok,1.4064908251166344,0.5242006136104465,2.6831,1
4nec2-models/VHFbeams/DLW6U.nec,ok,ok,1.7311978302896023,0.5728390105068684,3.0221,1
4nec2-models/VHFbeams/DipReflGW.nec,error,error,0.7959791664034128,0.30633330065757036,,0
4nec2-models/VHFbeams/EMEyagi.nec,ok,ok,0.02053171396255493,0.09696659073233604,,0
4nec2-models/VHFbeams/GSM_yagi.nec,ok,ok,0.3894729996100068,0.5222660973668098,0.7457,1
4nec2-models/VHFbeams/JBL.nec,ok,ok,8.978262277320027,2.8752608923241496,3.1226,1
4nec2-models/VHFbeams/Parab50.nec,ok,ok,18.214916390366852,6.079864262603223,2.9959,1
4nec2-models/VHFbeams/QFH1280.nec,ok,ok,0.009656904265284538,0.009083125740289688,,0
4nec2-models/VHFbeams/TV_uhf.nec,ok,ok,0.057757618837058544,0.038769680075347424,,0
4nec2-models/VHFbeams/Vyagi22.nec,ok,ok,0.031061029992997646,0.03086075745522976,,0
4nec2-models/VHFbeams/Yagi16.nec,ok,ok,0.010103131644427776,0.010346987284719944,,0
4nec2-models/VHFbeams/atl50E.nec,ok,ok,0.7736647482961416,0.39216284174472094,1.9728,1
4nec2-models/VHFbeams/atl50e-h.nec,ok,ok,0.8538290839642286,0.5158433150500059,1.6552,1
4nec2-models/VHFbeams/bisq7.nec,ok,ok,0.07713942974805832,0.07719314377754927,0.9993,1
4nec2-models/VHFbeams/corner.nec,ok,ok,0.03272407315671444,0.028111189603805542,,0
4nec2-models/VHFbeams/fm6.nec,ok,ok,0.013674920424818993,0.03328851331025362,,0
4nec2-models/VHFbeams/gridyagi.nec,ok,ok,1.2250789888203144,0.4451883686706424,2.7518,1
4nec2-models/VHFbeams/hel10ua.nec,ok,ok,0.4592626541852951,0.21106054913252592,2.1760,1
4nec2-models/VHFbeams/helix.nec,ok,ok,1.089239657856524,0.47597877867519855,2.2884,1
4nec2-models/VHFbeams/i5tdjii.nec,ok,ok,0.03541103657335043,0.10869016498327255,,0
4nec2-models/VHFbeams/qfh137.nec,ok,ok,1.199492795392871,1.0119666205719113,1.1853,1
4nec2-models/VHFbeams/quad7.nec,ok,ok,0.016458683647215366,0.015968337655067444,,0
4nec2-models/VHFmultiband/402_306 146 MHz.nec,ok,ok,0.011726020835340023,0.10991829633712769,,0
4nec2-models/VHFmultiband/Dc8ce.nec,ok,ok,0.14324189070612192,0.4570195497944951,0.3134,1
4nec2-models/VHFmultiband/SpiralAntennaCenterFeed.nec,ok,ok,34.73031229618937,17.218533986248076,2.0170,1
4nec2-models/VHFmultiband/ez2309.nec,ok,ok,0.09303127508610487,0.1149593461304903,0.8093,1
4nec2-models/VHFsimple/2mGP.nec,ok,ok,0.017702448181807995,0.01283624954521656,,0
4nec2-models/VHFsimple/2meteradr.nec,ok,ok,0.1251639574766159,0.1399031300097704,0.8946,1
4nec2-models/VHFsimple/CircDip3.nec,ok,ok,0.006872028112411499,0.005928954109549522,,0
4nec2-models/VHFsimple/CoaxEnd.nec,ok,ok,0.4412069320678711,0.3567605456337333,1.2367,1
4nec2-models/VHFsimple/Dquad.nec,ok,ok,0.007303730584681034,0.006656466983258724,,0
4nec2-models/VHFsimple/Generator.nec,ok,ok,0.10041946358978748,0.068450259976089,1.4670,1
4nec2-models/VHFsimple/Helix.nec,ok,ok,0.015110383741557598,0.030449634417891502,,0
4nec2-models/VHFsimple/J-ant.nec,ok,ok,0.011263065040111542,0.010550254955887794,,0
4nec2-models/VHFsimple/T-box.nec,ok,ok,0.38991066068410873,0.19011902436614037,2.0509,1
4nec2-models/VHFsimple/dip_curv_6m.nec,ok,ok,0.009056167677044868,0.028427742421627045,,0
4nec2-models/VHFsimple/gpflat2m.nec,ok,ok,0.012152517214417458,0.015159938484430313,,0
4nec2-models/VHFsimple/gpslop2m.nec,ok,ok,0.013149025849997997,0.015304634347558022,,0
4nec2-models/VHFsimple/halfsq2m.nec,ok,ok,0.038996209390461445,0.11226241383701563,,0
4nec2-models/VHFsimple/masters.nec,ok,ok,0.011434642598032951,0.013980504125356674,,0
4nec2-models/VHFsimple/sterba.nec,ok,ok,0.0146040553227067,0.08884462993592024,,0
4nec2-models/VHFsimple/thick.nec,ok,ok,0.43617448303848505,0.2520896289497614,1.7302,1
4nec2-models/VHFsimple/wheeler.nec,ok,ok,0.01143023744225502,0.023463615216314793,,0
4nec2-models/zz_EZnec/v3.0/15MQUAD.nec,ok,ok,0.0071591539308428764,0.0074770767241716385,,0
4nec2-models/zz_EZnec/v3.0/20M5ELYA.nec,ok,ok,0.016916573978960514,0.02863998059183359,,0
4nec2-models/zz_EZnec/v3.0/4SQTL.nec,ok,ok,0.2793068466708064,0.22706353291869164,1.2301,1
4nec2-models/zz_EZnec/v3.0/4SQUARE.nec,ok,ok,0.286478822119534,0.22622625809162855,1.2663,1
4nec2-models/zz_EZnec/v3.0/BYDipole.nec,ok,ok,0.29325139708817005,0.23798841517418623,1.2322,1
4nec2-models/zz_EZnec/v3.0/BYVee.nec,ok,ok,0.2977758105844259,0.23810258600860834,1.2506,1
4nec2-models/zz_EZnec/v3.0/CardTL.nec,ok,ok,0.006396216340363026,0.005708450451493263,,0
4nec2-models/zz_EZnec/v3.0/Cardioid.nec,ok,ok,0.006490101106464863,0.005360400304198265,,0
4nec2-models/zz_EZnec/v3.0/DipTL.nec,ok,ok,0.3255895087495446,0.24329131375998259,1.3383,1
4nec2-models/zz_EZnec/v3.0/Dipole1.nec,ok,ok,0.005996080115437508,0.004903767257928848,,0
4nec2-models/zz_EZnec/v3.0/ELEVRAD1.nec,ok,ok,0.31767325196415186,0.253259701654315,1.2543,1
4nec2-models/zz_EZnec/v3.0/ELEVRAD2.nec,ok,ok,0.5478877648711205,0.3345634927973151,1.6376,1
4nec2-models/zz_EZnec/v3.0/FDSP.nec,ok,ok,0.3289950918406248,0.24468071851879358,1.3446,1
4nec2-models/zz_EZnec/v3.0/K5RP.nec,ok,ok,0.2969278944656253,0.2275548567995429,1.3049,1
4nec2-models/zz_EZnec/v3.0/LOGPER.nec,ok,ok,0.015320406295359135,0.09201377909630537,,0
4nec2-models/zz_EZnec/v3.0/LOGPERTL.nec,ok,ok,0.011009380221366882,0.07380305975675583,,0
4nec2-models/zz_EZnec/v3.0/N4PCLOOP.nec,ok,ok,0.3655929025262594,0.2701344219967723,1.3534,1
4nec2-models/zz_EZnec/v3.0/NBSYAGI.nec,ok,ok,0.006948048248887062,0.005861104466021061,,0
4nec2-models/zz_EZnec/v3.0/VHFGP.nec,ok,ok,0.013563474640250206,0.010387718677520752,,0
4nec2-models/zz_EZnec/v3.0/Vert1.nec,ok,ok,0.08968809340149164,0.09523454867303371,0.9418,1
4nec2-models/zz_EZnec/v3.0/W8JK.nec,ok,ok,0.26957430969923735,0.21398741006851196,1.2598,1
4nec2-models/zz_MiniNec/ActiveFeed/2 el activ VP2E 40m.nec,ok,ok,0.3550577349960804,0.25807188265025616,1.3758,1
4nec2-models/zz_MiniNec/ActiveFeed/2D40MB10_multinec.nec,ok,ok,0.008559245616197586,0.04202594142407179,,0
4nec2-models/zz_MiniNec/ActiveFeed/4 el Delta act.nec,ok,ok,0.022953352890908718,0.08849937375634909,,0
4nec2-models/zz_MiniNec/ActiveFeed/40m 4square.nec,ok,ok,0.007531643845140934,0.006864557974040508,,0
4nec2-models/zz_MiniNec/ActiveFeed/HB9CVH.nec,ok,ok,0.0075521646067500114,0.024876010604202747,,0
4nec2-models/zz_MiniNec/ActiveFeed/HB9CVW.nec,ok,ok,0.0081558832898736,0.007922413758933544,,0
4nec2-models/zz_MiniNec/Feeders/025lambda_trans.nec,ok,ok,0.012102942913770676,0.04945393651723862,,0
4nec2-models/zz_MiniNec/Feeders/FEEDER.nec,ok,ok,0.00555034726858139,0.005817499943077564,,0
4nec2-models/zz_MiniNec/HFAperiodic/2elK9AY-1.nec,ok,ok,0.2511734729632735,0.19353901594877243,1.2978,1
4nec2-models/zz_MiniNec/HFAperiodic/BEVERAGE.nec,ok,ok,0.401293670758605,0.292052136734128,1.3740,1
4nec2-models/zz_MiniNec/HFAperiodic/D2T.nec,ok,ok,0.22597391065210104,0.19374723359942436,1.1663,1
4nec2-models/zz_MiniNec/HFAperiodic/EWE.nec,ok,ok,0.25441113114356995,0.1957534421235323,1.2997,1
4nec2-models/zz_MiniNec/HFAperiodic/Flag K6SE.nec,ok,ok,0.09561360627412796,0.09957970399409533,0.9602,1
4nec2-models/zz_MiniNec/HFAperiodic/RHOMBIC.nec,ok,ok,0.7804248295724392,0.39343177527189255,1.9836,1
4nec2-models/zz_MiniNec/HFAperiodic/Semirhomb.nec,ok,ok,0.46382871363312006,0.31100776232779026,1.4914,1
4nec2-models/zz_MiniNec/HFAperiodic/T2FD.nec,ok,ok,0.21567917056381702,0.17139208037406206,1.2584,1
4nec2-models/zz_MiniNec/HFAperiodic/beverage200.nec,ok,ok,0.7256156848743558,0.3846980044618249,1.8862,1
4nec2-models/zz_MiniNec/HFAperiodic/widebanddip.nec,ok,ok,0.3293556086719036,0.2794724917039275,1.1785,1
4nec2-models/zz_MiniNec/HFbeams/2CQ20.nec,ok,ok,0.11094027850776911,0.1038367198780179,1.0684,1
4nec2-models/zz_MiniNec/HFbeams/2DELTA20.nec,ok,ok,0.018271224573254585,0.08785975631326437,,0
4nec2-models/zz_MiniNec/HFbeams/2ELQUAD.nec,ok,ok,1.0513554271310568,0.37497818376868963,2.8038,1
4nec2-models/zz_MiniNec/HFbeams/2ELVP15.nec,ok,ok,0.00851182546466589,0.008354623802006245,,0
4nec2-models/zz_MiniNec/HFbeams/2ELVP20.nec,ok,ok,0.010926649905741215,0.05289953202009201,,0
4nec2-models/zz_MiniNec/HFbeams/2el.delta.20m.nec,ok,ok,0.3530498994514346,0.3148247394710779,1.1214,1
4nec2-models/zz_MiniNec/HFbeams/2elQuad W1HXU.nec,ok,ok,0.07763547077775002,0.10171705298125744,0.7632,1
4nec2-models/zz_MiniNec/HFbeams/3EL20.nec,ok,ok,0.10841723252087831,0.09619789943099022,1.1270,1
4nec2-models/zz_MiniNec/HFbeams/3el GP80 CW.nec,ok,ok,0.3170969197526574,0.3296753326430917,0.9618,1
4nec2-models/zz_MiniNec/HFbeams/4EL20.nec,ok,ok,0.34210509434342384,0.33591853734105825,1.0184,1
4nec2-models/zz_MiniNec/HFbeams/4EL20HM.nec,ok,ok,0.010581746697425842,0.05058080796152353,,0
4nec2-models/zz_MiniNec/HFbeams/4_4RZT_2.nec,ok,ok,0.25678645819425583,0.14752378221601248,1.7406,1
4nec2-models/zz_MiniNec/HFbeams/5EL20.nec,ok,ok,0.011753207072615623,0.030815905891358852,,0
4nec2-models/zz_MiniNec/HFbeams/6EL10.nec,ok,ok,0.010993174277245998,0.029458480887115,,0
4nec2-models/zz_MiniNec/HFbeams/DL9JFT Yagi 14.nec,ok,ok,0.00802250113338232,0.008328363299369812,,0
4nec2-models/zz_MiniNec/HFbeams/DX415TT.nec,ok,ok,0.31850905530154705,0.30472262669354677,1.0452,1
4nec2-models/zz_MiniNec/HFbeams/Diamond Quadx2 14.nec,ok,ok,0.0294642997905612,0.09735010750591755,,0
4nec2-models/zz_MiniNec/HFbeams/JungleJob.nec,ok,ok,0.007007789798080921,0.006159833632409573,,0
4nec2-models/zz_MiniNec/HFbeams/LPDA15.nec,ok,ok,0.2593797454610467,0.15149019937962294,1.7122,1
4nec2-models/zz_MiniNec/HFbeams/M2CQ.nec,ok,ok,0.0239403173327446,0.09024158958345652,,0
4nec2-models/zz_MiniNec/HFbeams/Rhomb10.nec,ok,ok,0.16889134515076876,0.12501183059066534,1.3510,1
4nec2-models/zz_MiniNec/HFbeams/W2EEY.nec,ok,ok,0.011698612943291664,0.027321272529661655,,0
4nec2-models/zz_MiniNec/HFbeams/XQ20.nec,ok,ok,0.42740392591804266,0.35976535081863403,1.1880,1
4nec2-models/zz_MiniNec/HFbeams/ZL20.nec,ok,ok,0.1413087109103799,0.11542390752583742,1.2243,1
4nec2-models/zz_MiniNec/HFmultiband/10-18-24GP.nec,ok,ok,0.2535478100180626,0.2264693770557642,1.1196,1
4nec2-models/zz_MiniNec/HFmultiband/28_21_14V3.nec,ok,ok,0.008107990957796574,0.08233220875263214,,0
4nec2-models/zz_MiniNec/HFmultiband/3.5-7-14-28offsetdip-1.nec,ok,ok,0.14621013589203358,0.12793056014925241,1.1429,1
4nec2-models/zz_MiniNec/HFmultiband/3e lTriband Yagi.nec,ok,ok,0.347113024443388,0.27062788885086775,1.2826,1
4nec2-models/zz_MiniNec/HFmultiband/4_4RZT_2.nec,ok,ok,0.2594267902895808,0.15686287451535463,1.6538,1
4nec2-models/zz_MiniNec/HFmultiband/8b Delta Loop.nec,ok,ok,0.3916990654543042,0.26241090428084135,1.4927,1
4nec2-models/zz_MiniNec/HFmultiband/DBLDP.nec,ok,ok,0.0999646270647645,0.10020493064075708,0.9976,1
4nec2-models/zz_MiniNec/HFmultiband/DUAL2EL.nec,ok,ok,0.09563364181667566,0.09757510293275118,0.9801,1
4nec2-models/zz_MiniNec/HFmultiband/Db54m.nec,ok,ok,0.2254253039136529,0.14436881337314844,1.5615,1
4nec2-models/zz_MiniNec/HFmultiband/Delta160allbands.nec,ok,ok,0.524001631885767,0.2694737361744046,1.9445,1
4nec2-models/zz_MiniNec/HFmultiband/G5RV.nec,ok,ok,0.35700208507478237,0.25801289267838,1.3837,1
4nec2-models/zz_MiniNec/HFmultiband/LPDA.nec,ok,ok,0.061117629520595074,0.09849213622510433,0.6205,1
4nec2-models/zz_MiniNec/HFmultiband/M2CQW.nec,ok,ok,0.37657683715224266,0.1836760025471449,2.0502,1
4nec2-models/zz_MiniNec/HFmultiband/MCQM.nec,ok,ok,0.015599547885358334,0.09223619382828474,,0
4nec2-models/zz_MiniNec/HFmultiband/MULTDP.nec,ok,ok,0.13429823517799377,0.11989250872284174,1.1202,1
4nec2-models/zz_MiniNec/HFmultiband/MULTDPH.nec,ok,ok,0.25183135364204645,0.15700608491897583,1.6040,1
4nec2-models/zz_MiniNec/HFmultiband/MULTDPHW.nec,ok,ok,0.2494579814374447,0.18554758559912443,1.3444,1
4nec2-models/zz_MiniNec/HFmultiband/MULTDPL.nec,ok,ok,0.36667612474411726,0.28386114817112684,1.2917,1
4nec2-models/zz_MiniNec/HFmultiband/MULTDPW.nec,ok,ok,0.30988275445997715,0.29442750941962004,1.0525,1
4nec2-models/zz_MiniNec/HFmultiband/QuadsUA4IF.nec,ok,ok,0.4246767982840538,0.3521690806373954,1.2059,1
4nec2-models/zz_MiniNec/HFmultiband/SHOEBOX.nec,ok,ok,0.0134497145190835,0.08900948241353035,,0
4nec2-models/zz_MiniNec/HFmultiband/TribandQQ.nec,ok,ok,0.42196517810225487,0.1891173981130123,2.2312,1
4nec2-models/zz_MiniNec/HFmultiband/WARC open sleeve dip.nec,ok,ok,0.3062169458717108,0.28591892775148153,1.0710,1
4nec2-models/zz_MiniNec/HFshort/05 lamda  deform  GP witn feed line.nec,ok,ok,0.2975199492648244,0.23011919762939215,1.2929,1
4nec2-models/zz_MiniNec/HFshort/28_21_14v3.nec,ok,ok,0.007748316042125225,0.0067594824358820915,,0
4nec2-models/zz_MiniNec/HFshort/3el short Yagj W1FBY.nec,ok,ok,0.030397268012166023,0.08774761017411947,,0
4nec2-models/zz_MiniNec/HFshort/4X4NJ -1.nec,ok,ok,0.0075877271592617035,0.006531501188874245,,0
4nec2-models/zz_MiniNec/HFshort/80mDLsh.nec,ok,ok,0.2967616328969598,0.22719874419271946,1.3062,1
4nec2-models/zz_MiniNec/HFshort/Auto with GP.nec,ok,ok,0.1524829352274537,0.11562907788902521,1.3187,1
4nec2-models/zz_MiniNec/HFshort/Dipol3_5-7.nec,ok,ok,0.37855793815106153,0.273178375326097,1.3858,1
4nec2-models/zz_MiniNec/HFshort/Fractal_1.nec,ok,ok,0.3125217193737626,0.29657894652336836,1.0538,1
4nec2-models/zz_MiniNec/HFshort/Gp40short rad.nec,ok,ok,0.24626618158072233,0.22630019672214985,1.0882,1
4nec2-models/zz_MiniNec/HFshort/Lineload75.nec,ok,ok,0.1878050835803151,0.11826471239328384,1.5880,1
4nec2-models/zz_MiniNec/HFshort/MCQM.nec,ok,ok,0.14675655029714108,0.11910062842071056,1.2322,1
4nec2-models/zz_MiniNec/HFshort/QQ21-14short.nec,ok,ok,0.21083826385438442,0.20564062986522913,1.0253,1
4nec2-models/zz_MiniNec/HFshort/SLOPER.nec,ok,ok,0.08684852346777916,0.08867784310132265,0.9794,1
4nec2-models/zz_MiniNec/HFshort/TRIHAT.nec,ok,ok,0.25577119551599026,0.20777042396366596,1.2310,1
4nec2-models/zz_MiniNec/HFshort/TopCap75.nec,ok,ok,0.09520666114985943,0.0972200883552432,0.9793,1
4nec2-models/zz_MiniNec/HFshort/VDP40.nec,ok,ok,0.08559370785951614,0.08814391028136015,0.9711,1
4nec2-models/zz_MiniNec/HFshort/VDP40B.nec,ok,ok,0.08783573657274246,0.08806340489536524,0.9974,1
4nec2-models/zz_MiniNec/HFshort/VDP40C.nec,ok,ok,0.08974538091570139,0.09053670428693295,0.9913,1
4nec2-models/zz_MiniNec/HFshort/W2EEY.nec,ok,ok,0.0528006786480546,0.10004592128098011,0.5278,1
4nec2-models/zz_MiniNec/HFshort/WA1MKP.nec,ok,ok,0.23329576663672924,0.21874857041984797,1.0665,1
4nec2-models/zz_MiniNec/HFshort/field day GP short.nec,ok,ok,0.22411356214433908,0.22959600575268269,0.9761,1
4nec2-models/zz_MiniNec/HFshort/short vetr75.nec,ok,ok,0.2616253858432174,0.12303016614168882,2.1265,1
4nec2-models/zz_MiniNec/HFsimple/160m vert gnd tower.nec,ok,ok,0.5014559179544449,0.31582390051335096,1.5878,1
4nec2-models/zz_MiniNec/HFsimple/80mDLdouble.nec,ok,ok,0.02310838457196951,0.11205383762717247,,0
4nec2-models/zz_MiniNec/HFsimple/CB5_8 lambda.nec,ok,ok,0.10570194851607084,0.10383974481374025,1.0179,1
4nec2-models/zz_MiniNec/HFsimple/COLLINEA.nec,ok,ok,0.24087984673678875,0.21122753154486418,1.1404,1
4nec2-models/zz_MiniNec/HFsimple/DIPOL160.nec,ok,ok,0.4173318352550268,0.254094697535038,1.6424,1
4nec2-models/zz_MiniNec/HFsimple/DP160LD.nec,ok,ok,0.009694775566458702,0.005068976432085037,,0
4nec2-models/zz_MiniNec/HFsimple/DP20.nec,ok,ok,0.08717272523790598,0.09644430782645941,0.9039,1
4nec2-models/zz_MiniNec/HFsimple/Delta-Gamma.nec,ok,ok,0.012795201502740383,0.007932514883577824,,0
4nec2-models/zz_MiniNec/HFsimple/FD20.nec,ok,ok,0.009875839576125145,0.05211685597896576,,0
4nec2-models/zz_MiniNec/HFsimple/GP with gamma match.nec,ok,ok,0.08730602636933327,0.09469150379300117,0.9220,1
4nec2-models/zz_MiniNec/HFsimple/GP40.nec,ok,ok,0.28602933790534735,0.22998962830752134,1.2437,1
4nec2-models/zz_MiniNec/HFsimple/GP40S.nec,ok,ok,0.22512353863567114,0.1713920859619975,1.3135,1
4nec2-models/zz_MiniNec/HFsimple/Hcollinear14.nec,ok,ok,0.017240985296666622,0.0508868582546711,,0
4nec2-models/zz_MiniNec/HFsimple/Hiquad.nec,ok,ok,0.017512276768684387,0.035844611935317516,,0
4nec2-models/zz_MiniNec/HFsimple/J-ant28.nec,ok,ok,0.16111851204186678,0.10029344912618399,1.6065,1
4nec2-models/zz_MiniNec/HFsimple/LAZY-H.nec,ok,ok,0.014175723306834698,0.08932006265968084,,0
4nec2-models/zz_MiniNec/HFsimple/LONDQUAD.nec,ok,ok,0.34709722828119993,0.24739454686641693,1.4030,1
4nec2-models/zz_MiniNec/HFsimple/LOOP20.nec,ok,ok,0.0075691333040595055,0.00632136594504118,,0
4nec2-models/zz_MiniNec/HFsimple/LOOP20C.nec,ok,ok,0.016261455602943897,0.006180156022310257,,0
4nec2-models/zz_MiniNec/HFsimple/Piramida.nec,ok,ok,0.32277616765350103,0.18767814245074987,1.7198,1
4nec2-models/zz_MiniNec/HFsimple/VERT20.nec,ok,ok,0.17079355474561453,0.09586364682763815,1.7816,1
4nec2-models/zz_MiniNec/HFsimple/VERT20M.nec,ok,ok,0.09065482672303915,0.1004225630313158,0.9027,1
4nec2-models/zz_MiniNec/HFsimple/VERT53.nec,ok,ok,0.09904821123927832,0.10142385959625244,0.9766,1
4nec2-models/zz_MiniNec/HFsimple/VERT58.nec,ok,ok,0.12629682943224907,0.09950744733214378,1.2692,1
4nec2-models/zz_MiniNec/HFsimple/VP2E 40m.nec,ok,ok,0.2751493789255619,0.22393106296658516,1.2287,1
4nec2-models/zz_MiniNec/HFsimple/VP2E-CW.nec,ok,ok,0.31716620177030563,0.24512097984552383,1.2939,1
4nec2-models/zz_MiniNec/HFsimple/Vcollinear28.nec,ok,ok,0.29632862005382776,0.17301145289093256,1.7128,1
4nec2-models/zz_MiniNec/HFsimple/Vert20s.nec,ok,ok,0.08644086681306362,0.09557892568409443,0.9044,1
4nec2-models/zz_MiniNec/HFsimple/VertUA3SFH.nec,ok,ok,0.08859169390052557,0.0962695274502039,0.9202,1
4nec2-models/zz_MiniNec/HFsimple/WINDOM.nec,ok,ok,0.02250434085726738,0.09035439230501652,,0
4nec2-models/zz_MiniNec/HFsimple/end feer dipole.nec,ok,ok,0.2945313584059477,0.22674123011529446,1.2990,1
4nec2-models/zz_MiniNec/HFsimple/wideInvV80.nec,ok,ok,0.3534608678892255,0.28413979336619377,1.2440,1
4nec2-models/zz_MiniNec/MagLoops/MAGLOOPT.nec,ok,ok,0.14867919590324163,0.0986899770796299,1.5065,1
4nec2-models/zz_MiniNec/Stacks/2X6EL10.nec,ok,ok,0.13587809819728136,0.1193763604387641,1.1382,1
4nec2-models/zz_MiniNec/Stacks/2x4elTwin Delta Loop 145 MHz.nec,ok,ok,0.22198071889579296,0.14035787619650364,1.5815,1
4nec2-models/zz_MiniNec/Stacks/4X12.nec,ok,ok,0.04313544183969498,0.059631950221955776,,0
4nec2-models/zz_MiniNec/Stacks/4xQQ.nec,ok,ok,0.2443098332732916,0.2118818797171116,1.1530,1
4nec2-models/zz_MiniNec/Stacks/syack3el20.nec,ok,ok,0.12278428301215172,0.11252041254192591,1.0912,1
4nec2-models/zz_MiniNec/Stacks/zigzag2x10 el 2 m.nec,ok,ok,0.06153646111488342,0.10292311105877161,0.5979,1
4nec2-models/zz_MiniNec/VHFbeams/12CQ430.nec,ok,ok,0.06880731973797083,0.11663093324750662,0.5900,1
4nec2-models/zz_MiniNec/VHFbeams/12EL23CM.nec,ok,ok,0.034005491994321346,0.10192286688834429,,0
4nec2-models/zz_MiniNec/VHFbeams/12EL430.nec,ok,ok,0.02206421736627817,0.08418307825922966,,0
4nec2-models/zz_MiniNec/VHFbeams/144-5Yagi.nec,ok,ok,0.01140016783028841,0.07309670932590961,,0
4nec2-models/zz_MiniNec/VHFbeams/15EL23CM.nec,ok,ok,0.028974891640245914,0.09002868831157684,,0
4nec2-models/zz_MiniNec/VHFbeams/3DQ6.nec,ok,ok,0.021474654786288738,0.09298899862915277,,0
4nec2-models/zz_MiniNec/VHFbeams/3HENT.nec,ok,ok,0.019025015644729137,0.10157093778252602,,0
4nec2-models/zz_MiniNec/VHFbeams/4DELTA6.nec,ok,ok,0.024945098906755447,0.08948240987956524,,0
4nec2-models/zz_MiniNec/VHFbeams/4X12.nec,ok,ok,0.04837788175791502,0.05947242397814989,,0
4nec2-models/zz_MiniNec/VHFbeams/5CQ2.nec,ok,ok,0.020163100212812424,0.09064147900789976,,0
4nec2-models/zz_MiniNec/VHFbeams/5ELTWIND.nec,ok,ok,0.06850117910653353,0.10709993541240692,0.6396,1
4nec2-models/zz_MiniNec/VHFbeams/6EL6MW.nec,ok,ok,0.009903687052428722,0.05134807340800762,,0
4nec2-models/zz_MiniNec/VHFbeams/7EL6M.nec,ok,ok,0.014065737836062908,0.08447363134473562,,0
4nec2-models/zz_MiniNec/VHFbeams/7elQuad_GW4CQT.nec,ok,ok,0.18196589592844248,0.13313379231840372,1.3668,1
4nec2-models/zz_MiniNec/VHFbeams/8EL2MW.nec,ok,ok,0.06405054498463869,0.09528503753244877,0.6722,1
4nec2-models/zz_MiniNec/VHFbeams/8EL6M.nec,ok,ok,0.01300190668553114,0.08740329369902611,,0
4nec2-models/zz_MiniNec/VHFbeams/8EL6MW.nec,ok,ok,0.015136973932385445,0.09413893707096577,,0
4nec2-models/zz_MiniNec/VHFbeams/Crosspol144.nec,ok,ok,0.016525608487427235,0.09749806858599186,,0
4nec2-models/zz_MiniNec/VHFbeams/DK7ZB-2.nec,ok,ok,0.008457227610051632,0.037538773380219936,,0
4nec2-models/zz_MiniNec/VHFbeams/MIRROR.nec,ok,ok,2.4022964192554355,0.8900794479995966,2.6990,1
4nec2-models/zz_MiniNec/VHFbeams/USN_StarGP.nec,ok,ok,0.00962291844189167,0.05546466447412968,,0
4nec2-models/zz_MiniNec/VHFbeams/f9ft-2-uu4jcr.nec,ok,ok,0.1564427437260747,0.12696017138659954,1.2322,1
4nec2-models/zz_MiniNec/VHFbeams/f9ft-21-432.nec,ok,ok,0.03456408064812422,0.10227180831134319,,0
4nec2-models/zz_MiniNec/VHFsimple/144OMNI.nec,ok,ok,0.008229542523622513,0.00596717931330204,,0
4nec2-models/zz_MiniNec/VHFsimple/6SKYDOOR.nec,ok,ok,0.0081558246165514,0.007147438824176788,,0
4nec2-models/zz_MiniNec/VHFsimple/CR2.nec,ok,ok,0.13802272453904152,0.14063166547566652,0.9814,1
4nec2-models/zz_MiniNec/VHFsimple/Discon55-200.nec,ok,ok,0.012019122019410133,0.04891674779355526,,0
4nec2-models/zz_MiniNec/VHFsimple/GP144-435.nec,ok,ok,0.11388293281197548,0.11338189523667097,1.0044,1
4nec2-models/zz_MiniNec/VHFsimple/HENTENNA.nec,ok,ok,0.2185163889080286,0.1777296606451273,1.2295,1
4nec2-models/zz_MiniNec/VHFsimple/Helix145.nec,ok,ok,0.14182781148701906,0.11205686070024967,1.2657,1
4nec2-models/zz_MiniNec/VHFsimple/Isotrop2.nec,ok,ok,0.034799681045114994,0.09505417197942734,,0
4nec2-models/zz_MiniNec/VHFsimple/J-ant144.nec,ok,ok,0.011017933487892151,0.012388186529278755,,0
4nec2-models/zz_MiniNec/VHFsimple/TWIND.nec,ok,ok,0.007545432075858116,0.006840791553258896,,0
4nec2-models/zz_MiniNec/VHFsimple/TWINLOOP.nec,ok,ok,0.007474583573639393,0.0065920110791921616,,0
antenna-modeling/2el-yagi-freespace.nec,ok,ok,1.171619538217783,0.8516849651932716,1.3756,1
antenna-modeling/2el-yagi-halfwl.nec,ok,ok,1.816737444140017,0.6891192169860005,2.6363,1
antenna-modeling/2el-yagi-high.nec,ok,ok,1.3020841600373387,0.7310342993587255,1.7812,1
antenna-modeling/2m-sat-yagi/2m-sat-candidate1-crossed.nec,ok,ok,7.758290863595903,3.1304213982075453,2.4784,1
antenna-modeling/2m-sat-yagi/2m-sat-candidate1-drivenonly-long.nec,ok,ok,2.877211321145296,2.3714110273867846,1.2133,1
antenna-modeling/2m-sat-yagi/2m-sat-candidate1-drivenonly.nec,ok,ok,2.8904887726530433,2.3029784597456455,1.2551,1
antenna-modeling/2m-sat-yagi/2m-sat-candidate1-inorder.nec,ok,ok,6.609346294775605,2.9885840993374586,2.2115,1
antenna-modeling/2m-sat-yagi/2m-sat-candidate1.nec,ok,ok,4.021326676942408,2.2329688938334584,1.8009,1
antenna-modeling/2m-sat-yagi/2m-sat-candidate2-folded-drivenonly.nec,ok,ok,3.254543134011328,2.039617992937565,1.5957,1
antenna-modeling/2m-sat-yagi/2m-sat-candidate2-thick-crossed-wide.nec,ok,ok,24.924630818888545,12.867281507700682,1.9371,1
antenna-modeling/2m-sat-yagi/2m-sat-candidate2-thick-crossed.nec,ok,ok,5.984154026024044,3.5668863877654076,1.6777,1
antenna-modeling/2m-sat-yagi/2m-sat-candidate2-thick-folded-inorder.nec,ok,ok,3.402988105081022,2.6769357696175575,1.2712,1
antenna-modeling/2m-sat-yagi/2m-sat-candidate2-thin-folded-inorder.nec,ok,ok,3.035478309728205,2.9225330455228686,1.0386,1
antenna-modeling/2m-sat-yagi/bar.nec,ok,ok,6.493559876456857,3.7981604421511292,1.7097,1
antenna-modeling/2m-sat-yagi/foo.nec,ok,ok,1.5026483619585633,0.9326101867482066,1.6112,1
antenna-modeling/2m-sat-yagi/thick-300.nec,ok,ok,1.6482121115550399,0.7623846465721726,2.1619,1
antenna-modeling/2m-sat-yagi/thick-clearboom.nec,ok,ok,3.2326729856431484,1.872185762040317,1.7267,1
antenna-modeling/2m-sat-yagi/thin-5.nec,ok,ok,1.6763440994545817,0.7999244872480631,2.0956,1
antenna-modeling/2m-sat-yagi/thin-clearboom.nec,ok,ok,3.022333251312375,1.8128890143707395,1.6671,1
antenna-modeling/2m-sat-yagi/thin.nec,ok,ok,1.7448706049472094,0.7801472935825586,2.2366,1
antenna-modeling/2m-yagi-5el-calculated.nec,ok,ok,0.9843739308416843,0.9889520602300763,0.9954,1
antenna-modeling/2m-yagi-test1.nec,ok,ok,1.4418576825410128,1.3214887864887714,1.0911,1
antenna-modeling/General 6-Band G3TXQ Broadband Hex Beam.nec,ok,ok,0.5785833867266774,0.19099366571754217,3.0293,1
antenna-modeling/barry.nec,ok,ok,0.9483497142791748,1.333618707023561,0.7111,1
antenna-modeling/biqdfeed-fixed.nec,ok,ok,12.506709503941238,4.260103260166943,2.9358,1
antenna-modeling/dipole-10m-gutters.nec,ok,ok,1.7206431701779366,1.162661193870008,1.4799,1
antenna-modeling/dipole-10m.nec,ok,ok,0.7607576493173838,0.4220172977074981,1.8027,1
antenna-modeling/dipole-12m.nec,ok,ok,0.4828095892444253,0.280191482976079,1.7231,1
antenna-modeling/dipole-15m.nec,ok,ok,1.7061324631795287,0.9324346259236336,1.8298,1
antenna-modeling/dipole-17m.nec,ok,ok,0.4961820524185896,0.3321476550772786,1.4939,1
antenna-modeling/dipole-20m-gutters.nec,ok,ok,3.2635149136185646,1.6351385563611984,1.9959,1
antenna-modeling/dipole-20m.nec,ok,ok,1.3694226369261742,1.1979764206334949,1.1431,1
antenna-modeling/dipole-30m-gutters.nec,ok,ok,0.9039967730641365,0.5908508412539959,1.5300,1
antenna-modeling/dipole-30m.nec,ok,ok,0.43533557653427124,0.32257734704762697,1.3496,1
antenna-modeling/dipole-40m-gutters.nec,ok,ok,2.3629488265141845,1.9938357127830386,1.1851,1
antenna-modeling/dipole-40m.nec,ok,ok,1.360314036719501,0.7928493861109018,1.7157,1
antenna-modeling/dipole-80m-gutters.nec,ok,ok,3.369465071707964,2.851908260025084,1.1815,1
antenna-modeling/dipole-80m.nec,ok,ok,1.8807923309504986,1.2854674151167274,1.4631,1
antenna-modeling/dipole-sample-freespace.nec,ok,ok,1.0615830542519689,0.6192967444658279,1.7142,1
antenna-modeling/dipole-sample-halfwl.nec,ok,ok,0.972108744084835,0.5756062790751457,1.6888,1
antenna-modeling/dipole-sample.nec,ok,ok,0.6940093711018562,0.9186049103736877,0.7555,1
antenna-modeling/foo.nec,ok,ok,1.6768990373238921,1.0771760595962405,1.5568,1
antenna-modeling/force12-C3-10m-roof.nec,ok,ok,1.7004359504207969,1.5950568821281195,1.0661,1
antenna-modeling/force12-C3-10m-tower.nec,ok,ok,1.3024037135764956,1.8971829200163484,0.6865,1
antenna-modeling/force12-C3-12m-roof.nec,ok,ok,0.8204461243003607,0.8340710420161486,0.9837,1
antenna-modeling/force12-C3-12m-tower.nec,ok,ok,0.9913784936070442,0.8380081448704004,1.1830,1
antenna-modeling/force12-C3-15m-roof.nec,ok,ok,3.628726754337549,3.5725060049444437,1.0157,1
antenna-modeling/force12-C3-15m-tower.nec,ok,ok,3.951745383441448,3.3375486694276333,1.1840,1
antenna-modeling/force12-C3-17m-roof.nec,ok,ok,0.8938272716477513,0.875000299885869,1.0215,1
antenna-modeling/force12-C3-17m-tower.nec,ok,ok,0.9587316513061523,0.7942661950364709,1.2071,1
antenna-modeling/force12-C3-20m-roof.nec,ok,ok,3.0502466596663,2.7896404461935163,1.0934,1
antenna-modeling/force12-C3-20m-tower.nec,ok,ok,3.011248172260821,2.508046720176935,1.2006,1
antenna-modeling/force12-C3.nec,ok,ok,2.884233226068318,3.299848192371428,0.8741,1
antenna-modeling/gbhoyt.nec,ok,ok,34.07952291890979,20.04228278901428,1.7004,1
antenna-modeling/hexbeam-20m.nec,ok,ok,1.543737635947764,1.0105964820832014,1.5276,1
antenna-modeling/log_per.nec,ok,ok,0.25339302606880665,0.11759561765938997,2.1548,1
antenna-modeling/rotatable-dipole-40m.nec,ok,ok,1.0993392523378134,0.888033458031714,1.2379,1
antenna-modeling/vertical-sample.nec,ok,ok,10.297821915708482,11.832846695557237,0.8703,1
antenna-modeling/yagi.nec,ok,ok,1.486319800838828,1.1310892784968019,1.3141,1
antenna-modeling/yagitools/2m-sat-candidate1-crossed.nec,ok,ok,2.3532877219840884,1.5095189763233066,1.5590,1
antenna-modeling/yagitools/2m-sat-candidate1-drivenonly.nec,ok,ok,3.0318706138059497,1.3995868107303977,2.1663,1
antenna-modeling/yagitools/2m-sat-candidate1-inorder.nec,ok,ok,2.954644679091871,2.603676864877343,1.1348,1
antenna-modeling/yagitools/2m-sat-candidate1.nec,ok,ok,1.4527987567707896,1.5966103617101908,0.9099,1
antenna-modeling/yagitools/ON6MU-adjusted.nec,ok,ok,8.517053495161235,9.022232053801417,0.9440,1
antenna-modeling/yagitools/ON6MU-adjusted2.nec,ok,ok,8.689563249237835,8.308374942280352,1.0459,1
antenna-modeling/yagitools/ON6MU-adjusted3.nec,ok,ok,7.688435271382332,7.263610848225653,1.0585,1
antenna-modeling/yagitools/ON6MU-adjusted4-allthick.nec,ok,ok,3.150738352909684,2.921397893689573,1.0785,1
antenna-modeling/yagitools/ON6MU-adjusted4-refthick.nec,ok,ok,3.0144184827804565,2.833259283564985,1.0639,1
antenna-modeling/yagitools/ON6MU-adjusted4.nec,ok,ok,3.136524102650583,2.4802915873005986,1.2646,1
antenna-modeling/yagitools/ON6MU.nec,ok,ok,6.1405578991398215,5.437610606662929,1.1293,1
antenna-modeling/yagitools/dipole.nec,ok,ok,0.9013301720842719,0.5542753422632813,1.6261,1
antenna-modeling/yagitools/foo.nec,ok,ok,1.3163608917966485,1.590821630321443,0.8275,1
arcanum/dumbbell-ori.nec,ok,ok,0.20901127252727747,0.043563337065279484,,0
arcanum/half-wave-dipole.nec,ok,ok,0.10436645057052374,0.03589429333806038,,0
arcanum/yagi-3el.nec,ok,ok,0.1146819842979312,0.0381096126511693,,0
arrl/DIP.nec,ok,ok,0.12937657441943884,0.04178252909332514,,0
arrl/LOOP.nec,ok-no-source,ok-no-source,0.09787834249436855,0.007426698692142963,,0
arrl/LPER.nec,ok,ok,0.18035216815769672,0.06098196376115084,2.9575,1
arrl/W1JR.nec,ok,ok,0.17993785254657269,0.15686146821826696,1.1471,1
arthurcadore/dipole/SimpleReflector.nec,ok,ok,0.15726738516241312,0.0921853594481945,1.7060,1
arthurcadore/dipole/phaseShift16Arragement.nec,ok,ok,0.10414083022624254,0.1079397751018405,0.9648,1
arthurcadore/dipole/simple2Arragment.nec,ok,ok,0.13723262678831816,0.06673041731119156,2.0565,1
arthurcadore/dipole/simple4Arragment.nec,ok,ok,0.11137158889323473,0.08710949774831533,1.2785,1
arthurcadore/dipole/turnStile.nec,ok,ok,0.1455046646296978,0.09223435539752245,1.5776,1
arthurcadore/helical/helical-simple.nec,ok,ok,0.17815940454602242,0.13822068832814693,1.2889,1
arthurcadore/yagiUda/yagi4Directors.nec,ok,ok,0.08844577334821224,0.08986021485179663,0.9843,1
cebik-w4rnl/Basic-Intermediate-Tutorial-Models/EZNEC/partc/20-6-4.nec,ok,ok,0.08764610718935728,0.08022562973201275,1.0925,1
cebik-w4rnl/Basic-Intermediate-Tutorial-Models/Tutorial-1/1-1.nec,ok,ok,0.3005446456372738,0.2841228870674968,1.0578,1
cebik-w4rnl/Basic-Intermediate-Tutorial-Models/Tutorial-1/10-1-1.nec,ok,ok,0.09370196796953678,0.016831962391734123,,0
cebik-w4rnl/Basic-Intermediate-Tutorial-Models/Tutorial-1/10-1-2.nec,ok,ok,0.07819643896073103,0.016702058725059032,,0
cebik-w4rnl/Basic-Intermediate-Tutorial-Models/Tutorial-1/10-1-3.nec,ok,ok,0.07888275384902954,0.016969753429293633,,0
cebik-w4rnl/Basic-Intermediate-Tutorial-Models/Tutorial-1/10-1-3A.nec,ok,ok,0.0693818274885416,0.0167398639023304,,0
cebik-w4rnl/Basic-Intermediate-Tutorial-Models/Tutorial-1/10-1-4.nec,ok,ok,0.12015801202505827,0.02553986944258213,,0
cebik-w4rnl/Basic-Intermediate-Tutorial-Models/Tutorial-1/10-2-1.nec,ok,ok,0.0818896098062396,0.049302528612315655,,0
cebik-w4rnl/Basic-Intermediate-Tutorial-Models/Tutorial-1/10-2-2.nec,ok,ok,0.07081106211990118,0.05419963039457798,1.3065,1
cebik-w4rnl/Basic-Intermediate-Tutorial-Models/Tutorial-1/10-2-3.nec,ok,ok,0.15393808763474226,0.09919118974357843,1.5519,1
cebik-w4rnl/Basic-Intermediate-Tutorial-Models/Tutorial-1/10-2-3A.nec,ok,ok,0.07368240505456924,0.1076949080452323,0.6842,1
cebik-w4rnl/Basic-Intermediate-Tutorial-Models/Tutorial-1/10-2-4.nec,ok,ok,0.07332745008170605,0.02752839680761099,,0
cebik-w4rnl/Basic-Intermediate-Tutorial-Models/Tutorial-1/10-3-1.nec,ok,ok,0.08934328705072403,0.040955035015940666,,0
cebik-w4rnl/Basic-Intermediate-Tutorial-Models/Tutorial-1/10-3-2.nec,ok,ok,0.07796975132077932,0.018865205347537994,,0
cebik-w4rnl/Basic-Intermediate-Tutorial-Models/Tutorial-1/10-4-1.nec,ok,ok,0.06656859256327152,0.009779528714716434,,0
cebik-w4rnl/Basic-Intermediate-Tutorial-Models/Tutorial-1/10-4-2.nec,ok,ok,0.05872558802366257,0.03331245481967926,,0
cebik-w4rnl/Basic-Intermediate-Tutorial-Models/Tutorial-1/10-5-1.nec,ok,ok,0.08319976646453142,0.026361441239714622,,0
cebik-w4rnl/Basic-Intermediate-Tutorial-Models/Tutorial-1/10-5-2.nec,ok,ok,0.03551173768937588,0.008258485235273838,,0
cebik-w4rnl/Basic-Intermediate-Tutorial-Models/Tutorial-1/11-1-1.nec,ok,ok,0.13500048499554396,0.12258957978338003,1.1012,1
cebik-w4rnl/Basic-Intermediate-Tutorial-Models/Tutorial-1/11-1-2.nec,ok,ok,0.3277142886072397,0.14320444874465466,2.2884,1
cebik-w4rnl/Basic-Intermediate-Tutorial-Models/Tutorial-1/11-1-3.nec,ok,ok,0.28983709029853344,0.13615849986672401,2.1287,1
cebik-w4rnl/Basic-Intermediate-Tutorial-Models/Tutorial-1/11-1.nec,ok,ok,0.09883389808237553,0.10410672146826982,0.9494,1
cebik-w4rnl/Basic-Intermediate-Tutorial-Models/Tutorial-1/11-2-1.nec,ok,ok,0.3752234848216176,0.21461045928299427,1.7484,1
cebik-w4rnl/Basic-Intermediate-Tutorial-Models/Tutorial-1/11-2.nec,ok,ok,0.09947904385626316,0.024585665203630924,,0
cebik-w4rnl/Basic-Intermediate-Tutorial-Models/Tutorial-1/11-3-1.nec,ok,ok,0.3876980720087886,0.24925786536186934,1.5554,1
cebik-w4rnl/Basic-Intermediate-Tutorial-Models/Tutorial-1/11-3.nec,ok,ok,0.09098508860915899,0.015558712184429169,,0
cebik-w4rnl/Basic-Intermediate-Tutorial-Models/Tutorial-1/11-4.nec,ok,ok,0.07656656578183174,0.07227010279893875,1.0595,1
cebik-w4rnl/Basic-Intermediate-Tutorial-Models/Tutorial-1/11-5.nec,ok,ok,0.10173824895173311,0.03227043058723211,,0
cebik-w4rnl/Basic-Intermediate-Tutorial-Models/Tutorial-1/11-6-1.nec,ok,ok,0.3981390669941902,0.23577403649687767,1.6886,1
cebik-w4rnl/Basic-Intermediate-Tutorial-Models/Tutorial-1/11-6.nec,ok,ok,0.3981421096250415,0.23790414351969957,1.6735,1
cebik-w4rnl/Basic-Intermediate-Tutorial-Models/Tutorial-1/11-7-1.nec,ok,ok,0.20427931658923626,0.13052760995924473,1.5650,1
cebik-w4rnl/Basic-Intermediate-Tutorial-Models/Tutorial-1/11-7.nec,ok,ok,0.17251481860876083,0.13759504444897175,1.2538,1
cebik-w4rnl/Basic-Intermediate-Tutorial-Models/Tutorial-1/11-8-1.nec,ok,ok,0.16588328126817942,0.09171672351658344,1.8086,1
cebik-w4rnl/Basic-Intermediate-Tutorial-Models/Tutorial-1/11-8-1a.nec,ok,ok,0.15262913424521685,0.09631075896322727,1.5848,1
cebik-w4rnl/Basic-Intermediate-Tutorial-Models/Tutorial-1/11-8-1b.nec,ok,ok,0.08686486817896366,0.09244292508810759,0.9397,1
cebik-w4rnl/Basic-Intermediate-Tutorial-Models/Tutorial-1/11-8-1c.nec,ok,ok,0.08121052291244268,0.09214439895004034,0.8813,1
cebik-w4rnl/Basic-Intermediate-Tutorial-Models/Tutorial-1/11-8.nec,ok,ok,0.09067108947783709,0.0933731934055686,0.9711,1
cebik-w4rnl/Basic-Intermediate-Tutorial-Models/Tutorial-1/11-8a.nec,ok,ok,0.08121597580611706,0.10055497847497463,0.8077,1
cebik-w4rnl/Basic-Intermediate-Tutorial-Models/Tutorial-1/12-1.nec,ok,ok,0.008975118398666382,0.008490679785609245,,0
cebik-w4rnl/Basic-Intermediate-Tutorial-Models/Tutorial-1/12-1A.nec,ok,ok,0.012577401474118233,0.009400436654686928,,0
cebik-w4rnl/Basic-Intermediate-Tutorial-Models/Tutorial-1/12-2.nec,ok,ok,0.007773938588798046,0.022969386540353298,,0
cebik-w4rnl/Basic-Intermediate-Tutorial-Models/Tutorial-1/12-2A.nec,ok,ok,0.00847333762794733,0.029753156937658787,,0
cebik-w4rnl/Basic-Intermediate-Tutorial-Models/Tutorial-1/12-3-1.nec,ok,ok,0.014972750097513199,0.00923430360853672,,0
cebik-w4rnl/Basic-Intermediate-Tutorial-Models/Tutorial-1/12-3.nec,ok,ok,0.017785655334591866,0.01773697230964899,,0
cebik-w4rnl/Basic-Intermediate-Tutorial-Models/Tutorial-1/12-4-1.nec,ok,ok,0.013028742745518684,0.010833284817636013,,0
cebik-w4rnl/Basic-Intermediate-Tutorial-Models/Tutorial-1/12-4-2.nec,ok,ok,0.008595401421189308,0.023973400704562664,,0
cebik-w4rnl/Basic-Intermediate-Tutorial-Models/Tutorial-1/12-4.nec,ok,ok,0.012184418737888336,0.02898495551198721,,0
cebik-w4rnl/Basic-Intermediate-Tutorial-Models/Tutorial-1/12-5-14.nec,ok,ok,0.3083425657823682,0.1891766218468547,1.6299,1
cebik-w4rnl/Basic-Intermediate-Tutorial-Models/Tutorial-1/12-5-18.nec,ok,ok,0.2870394876226783,0.18014402594417334,1.5934,1
cebik-w4rnl/Basic-Intermediate-Tutorial-Models/Tutorial-1/12-5-24.nec,ok,ok,0.19209104124456644,0.1611487055197358,1.1920,1
cebik-w4rnl/Basic-Intermediate-Tutorial-Models/Tutorial-1/12-5-28.nec,ok,ok,0.19725474901497364,0.20769917964935303,0.9497,1
cebik-w4rnl/Basic-Intermediate-Tutorial-Models/Tutorial-1/12-5.nec,ok,ok,0.28254907857626677,0.17354368325322866,1.6281,1
cebik-w4rnl/Basic-Intermediate-Tutorial-Models/Tutorial-1/12-6-1.nec,ok,ok,0.012313581071794033,0.02381975296884775,,0
cebik-w4rnl/Basic-Intermediate-Tutorial-Models/Tutorial-1/12-6.nec,ok,ok,0.0087994784116745,0.028920906595885754,,0
cebik-w4rnl/Basic-Intermediate-Tutorial-Models/Tutorial-1/12-6A.nec,ok,ok,0.009438510984182358,0.011152409017086029,,0
cebik-w4rnl/Basic-Intermediate-Tutorial-Models/Tutorial-1/12-7.nec,ok,ok,0.01687145233154297,0.052194167859852314,,0
cebik-w4rnl/Basic-Intermediate-Tutorial-Models/Tutorial-1/12-7A.nec,ok,ok,0.043643116019666195,0.09983453247696161,,0
cebik-w4rnl/Basic-Intermediate-Tutorial-Models/Tutorial-1/12-7B.nec,ok,ok,0.07374690566211939,0.12022956274449825,0.6134,1
cebik-w4rnl/Basic-Intermediate-Tutorial-Models/Tutorial-1/13-1-1.nec,ok,ok,0.018842976540327072,0.01401547808200121,,0
cebik-w4rnl/Basic-Intermediate-Tutorial-Models/Tutorial-1/13-1.nec,ok,ok,0.013311188668012619,0.033285961486399174,,0
cebik-w4rnl/Basic-Intermediate-Tutorial-Models/Tutorial-1/13-2-1.nec,ok,ok,0.015994536690413952,0.030634659342467785,,0
cebik-w4rnl/Basic-Intermediate-Tutorial-Models/Tutorial-1/13-2.nec,ok,ok,0.007912718690931797,0.02722316700965166,,0
cebik-w4rnl/Basic-Intermediate-Tutorial-Models/Tutorial-1/13-2a.nec,ok,ok,0.01113677117973566,0.023694083094596863,,0
cebik-w4rnl/Basic-Intermediate-Tutorial-Models/Tutorial-1/13-3-1.nec,ok,ok,0.014297154732048512,0.041441623121500015,,0
cebik-w4rnl/Basic-Intermediate-Tutorial-Models/Tutorial-1/13-3.nec,ok,ok,0.014162343926727772,0.04514636564999819,,0
cebik-w4rnl/Basic-Intermediate-Tutorial-Models/Tutorial-1/13-4-1.nec,ok,ok,0.017807940021157265,0.07181301526725292,,0
cebik-w4rnl/Basic-Intermediate-Tutorial-Models/Tutorial-1/13-4.nec,ok,ok,0.027733026072382927,0.07894077897071838,,0
cebik-w4rnl/Basic-Intermediate-Tutorial-Models/Tutorial-1/13-5.nec,ok,ok,0.012661726213991642,0.03756140451878309,,0
cebik-w4rnl/Basic-Intermediate-Tutorial-Models/Tutorial-1/13-6.nec,ok,ok,0.3031279118731618,0.2165336636826396,1.3999,1
cebik-w4rnl/Basic-Intermediate-Tutorial-Models/Tutorial-1/13-7-1.nec,ok,ok,0.30313333217054605,0.22775960713624954,1.3309,1
cebik-w4rnl/Basic-Intermediate-Tutorial-Models/Tutorial-1/13-7.nec,ok,ok,0.302432119846344,0.21654905192553997,1.3966,1
cebik-w4rnl/Basic-Intermediate-Tutorial-Models/Tutorial-1/13-7a.nec,ok,ok,0.29401808697730303,0.22973188012838364,1.2798,1
cebik-w4rnl/Basic-Intermediate-Tutorial-Models/Tutorial-1/13-8-1.nec,ok,ok,0.012992861680686474,0.01187802292406559,,0
cebik-w4rnl/Basic-Intermediate-Tutorial-Models/Tutorial-1/13-8-1a.nec,ok,ok,0.05397498607635498,0.045777169056236744,,0
cebik-w4rnl/Basic-Intermediate-Tutorial-Models/Tutorial-1/13-8-2.nec,ok,ok,0.014284028671681881,0.06660077534615993,,0
cebik-w4rnl/Basic-Intermediate-Tutorial-Models/Tutorial-1/13-8-2a.nec,ok,ok,0.05477812234312296,0.09422081522643566,0.5814,1
cebik-w4rnl/Basic-Intermediate-Tutorial-Models/Tutorial-1/13-8.nec,ok,ok,0.014108987525105476,0.03899354301393032,,0
cebik-w4rnl/Basic-Intermediate-Tutorial-Models/Tutorial-1/13-8a.nec,ok,ok,0.05314726196229458,0.0901264538988471,0.5897,1
cebik-w4rnl/Basic-Intermediate-Tutorial-Models/Tutorial-1/13-9-10.nec,ok,ok,0.013236947357654572,0.0535676795989275,,0
cebik-w4rnl/Basic-Intermediate-Tutorial-Models/Tutorial-1/13-9-20.nec,ok,ok,0.013208620250225067,0.023039949126541615,,0
cebik-w4rnl/Basic-Intermediate-Tutorial-Models/Tutorial-1/14-1-1.nec,ok,ok,0.7127913497388363,0.48703085258603096,1.4635,1
cebik-w4rnl/Basic-Intermediate-Tutorial-Models/Tutorial-1/14-1-2.nec,ok,ok,0.7215550756081939,0.4879989931359887,1.4786,1
cebik-w4rnl/Basic-Intermediate-Tutorial-Models/Tutorial-1/14-1-3.nec,ok,ok,0.7181723322719336,0.5164111107587814,1.3907,1
cebik-w4rnl/Basic-Intermediate-Tutorial-Models/Tutorial-1/14-1.nec,ok,ok,0.33936827071011066,0.2583467997610569,1.3136,1
cebik-w4rnl/Basic-Intermediate-Tutorial-Models/Tutorial-1/14-2-1.nec,ok,ok,0.015554062090814114,0.014827955514192581,,0
cebik-w4rnl/Basic-Intermediate-Tutorial-Models/Tutorial-1/14-2.nec,ok,ok,0.013778844848275185,0.010728757828474045,,0
cebik-w4rnl/Basic-Intermediate-Tutorial-Models/Tutorial-1/14-3-1.nec,ok,ok,0.02956622000783682,0.03342876955866814,,0
cebik-w4rnl/Basic-Intermediate-Tutorial-Models/Tutorial-1/14-3-2.nec,ok,ok,0.03129441197961569,0.03529105708003044,,0
cebik-w4rnl/Basic-Intermediate-Tutorial-Models/Tutorial-1/14-3.nec,ok,ok,0.028599511831998825,0.03269736468791962,,0
cebik-w4rnl/Basic-Intermediate-Tutorial-Models/Tutorial-1/14-4-1.nec,ok,ok,1.0746929990127683,0.723440065048635,1.4855,1
cebik-w4rnl/Basic-Intermediate-Tutorial-Models/Tutorial-1/14-4-2.nec,ok,ok,1.3771061869338155,0.7267429931089282,1.8949,1
cebik-w4rnl/Basic-Intermediate-Tutorial-Models/Tutorial-1/14-4.nec,ok,ok,1.0019831396639347,0.8695074273273349,1.1524,1
cebik-w4rnl/Basic-Intermediate-Tutorial-Models/Tutorial-1/14-5-1.nec,ok,ok,0.07540751155465841,0.05402522999793291,1.3958,1
cebik-w4rnl/Basic-Intermediate-Tutorial-Models/Tutorial-1/14-5-2.nec,ok,ok,0.09321532119065523,0.05474795773625374,1.7026,1
cebik-w4rnl/Basic-Intermediate-Tutorial-Models/Tutorial-1/14-5-3.nec,ok,ok,0.08322548400610685,0.05681717395782471,1.4648,1
cebik-w4rnl/Basic-Intermediate-Tutorial-Models/Tutorial-1/14-5.nec,ok,ok,0.02452746406197548,0.02007668185979128,,0
cebik-w4rnl/Basic-Intermediate-Tutorial-Models/Tutorial-1/14-6-1.nec,ok,ok,0.03148654010146856,0.035958691500127316,,0
cebik-w4rnl/Basic-Intermediate-Tutorial-Models/Tutorial-1/14-6.nec,ok,ok,0.009885046631097794,0.008795452304184437,,0
cebik-w4rnl/Basic-Intermediate-Tutorial-Models/Tutorial-1/15-1-1.nec,ok,ok,0.012642387300729752,0.010445033200085163,,0
cebik-w4rnl/Basic-Intermediate-Tutorial-Models/Tutorial-1/15-1.nec,ok,ok,0.012143001891672611,0.008091828785836697,,0
cebik-w4rnl/Basic-Intermediate-Tutorial-Models/Tutorial-1/15-1A.nec,ok,ok,0.009528027847409248,0.00847083330154419,,0
cebik-w4rnl/Basic-Intermediate-Tutorial-Models/Tutorial-1/15-1B.nec,ok,ok,0.009042583405971527,0.007429620251059532,,0
cebik-w4rnl/Basic-Intermediate-Tutorial-Models/Tutorial-1/15-1C.nec,ok,ok,0.006899457424879074,0.006828976795077324,,0
cebik-w4rnl/Basic-Intermediate-Tutorial-Models/Tutorial-1/15-1D.nec,ok,ok,0.00748438760638237,0.006728519685566425,,0
cebik-w4rnl/Basic-Intermediate-Tutorial-Models/Tutorial-1/15-2-12P.nec,ok,ok,0.01849269401282072,0.01632071752101183,,0
cebik-w4rnl/Basic-Intermediate-Tutorial-Models/Tutorial-1/15-2-12S.nec,ok,ok,0.012463675811886787,0.011671803891658783,,0
cebik-w4rnl/Basic-Intermediate-Tutorial-Models/Tutorial-1/15-2-16P.nec,ok,ok,0.022208604030311108,0.0780099993571639,,0
cebik-w4rnl/Basic-Intermediate-Tutorial-Models/Tutorial-1/15-2-16S.nec,ok,ok,0.014351851306855679,0.011082307435572147,,0
cebik-w4rnl/Basic-Intermediate-Tutorial-Models/Tutorial-1/15-2-24P.nec,ok,ok,0.037756974808871746,0.025185790844261646,,0
cebik-w4rnl/Basic-Intermediate-Tutorial-Models/Tutorial-1/15-2-24S.nec,ok,ok,0.01956775411963463,0.01606554351747036,,0
cebik-w4rnl/Basic-Intermediate-Tutorial-Models/Tutorial-1/15-2-32P.nec,ok,ok,0.052830880507826805,0.03261274844408035,,0
cebik-w4rnl/Basic-Intermediate-Tutorial-Models/Tutorial-1/15-2-32S.nec,ok,ok,0.023511070758104324,0.02499567251652479,,0
cebik-w4rnl/Basic-Intermediate-Tutorial-Models/Tutorial-1/15-2-3P.nec,ok,ok,0.011926796287298203,0.009040896780788898,,0
cebik-w4rnl/Basic-Intermediate-Tutorial-Models/Tutorial-1/15-2-3S.nec,ok,ok,0.010406458750367165,0.02236640267074108,,0
cebik-w4rnl/Basic-Intermediate-Tutorial-Models/Tutorial-1/15-2-4P.nec,ok,ok,0.012597713619470596,0.009615064598619938,,0
cebik-w4rnl/Basic-Intermediate-Tutorial-Models/Tutorial-1/15-2-4S.nec,ok,ok,0.010531536303460598,0.009656218811869621,,0
cebik-w4rnl/Basic-Intermediate-Tutorial-Models/Tutorial-1/15-2-6P.nec,ok,ok,0.012769489549100399,0.0100134601816535,,0
cebik-w4rnl/Basic-Intermediate-Tutorial-Models/Tutorial-1/15-2-6S.nec,ok,ok,0.011269164271652699,0.008471032604575157,,0
cebik-w4rnl/Basic-Intermediate-Tutorial-Models/Tutorial-1/15-2-8P.nec,ok,ok,0.014734015800058842,0.013944387435913086,,0
cebik-w4rnl/Basic-Intermediate-Tutorial-Models/Tutorial-1/15-2-8S.nec,ok,ok,0.017223753966391087,0.009080546908080578,,0
cebik-w4rnl/Basic-Intermediate-Tutorial-Models/Tutorial-1/15-3-1.nec,ok,ok,0.010920659638941288,0.00889804121106863,,0
cebik-w4rnl/Basic-Intermediate-Tutorial-Models/Tutorial-1/15-3-1A.nec,ok,ok,0.5350817032158375,0.11692499928176403,4.5763,1
cebik-w4rnl/Basic-Intermediate-Tutorial-Models/Tutorial-1/15-3-1B.nec,ok,ok,0.5403609154745936,0.09975817520171404,5.4167,1
cebik-w4rnl/Basic-Intermediate-Tutorial-Models/Tutorial-1/15-3-1C.nec,ok,ok,0.46759366896003485,0.09815415181219578,4.7639,1
cebik-w4rnl/Basic-Intermediate-Tutorial-Models/Tutorial-1/15-3-2.nec,ok,ok,0.037911090068519115,0.009757443331182003,,0
cebik-w4rnl/Basic-Intermediate-Tutorial-Models/Tutorial-1/15-3-2A.nec,ok,ok,0.1793214250355959,0.10690579190850258,1.6774,1
cebik-w4rnl/Basic-Intermediate-Tutorial-Models/Tutorial-1/15-3-2B.nec,ok,ok,0.0980929983779788,0.10242355335503817,0.9577,1
cebik-w4rnl/Basic-Intermediate-Tutorial-Models/Tutorial-1/15-3-2C.nec,ok,ok,0.13560207467526197,0.1061477130278945,1.2775,1
cebik-w4rnl/Basic-Intermediate-Tutorial-Models/Tutorial-1/15-3-3.nec,ok,ok,0.08473518118262291,0.08179202303290367,1.0360,1
cebik-w4rnl/Basic-Intermediate-Tutorial-Models/Tutorial-1/15-3-3A.nec,ok,ok,0.2579693589359522,0.14200062863528728,1.8167,1
cebik-w4rnl/Basic-Intermediate-Tutorial-Models/Tutorial-1/15-3-3B.nec,ok,ok,0.20715370122343302,0.12585900630801916,1.6459,1
cebik-w4rnl/Basic-Intermediate-Tutorial-Models/Tutorial-1/15-3-3C.nec,ok,ok,0.24667811580002308,0.1710624396800995,1.4420,1
cebik-w4rnl/Basic-Intermediate-Tutorial-Models/Tutorial-1/15-3-4.nec,ok,ok,0.1111404923722148,0.08984530717134476,1.2370,1
cebik-w4rnl/Basic-Intermediate-Tutorial-Models/Tutorial-1/15-3-4A.nec,ok,ok,0.395374340005219,0.233764523640275,1.6913,1
cebik-w4rnl/Basic-Intermediate-Tutorial-Models/Tutorial-1/15-3-4b.nec,ok,ok,0.3653517235070467,0.20984106604009867,1.7411,1
cebik-w4rnl/Basic-Intermediate-Tutorial-Models/Tutorial-1/15-3-4c.nec,ok,ok,0.46551230177283287,0.2105210032314062,2.2112,1
cebik-w4rnl/Basic-Intermediate-Tutorial-Models/Tutorial-1/15-4-0.nec,ok,ok,0.155863668769598,0.10193925444036722,1.5290,1
cebik-w4rnl/Basic-Intermediate-Tutorial-Models/Tutorial-1/15-4-0a.nec,ok,ok,0.3537172917276621,0.2157107787206769,1.6398,1
cebik-w4rnl/Basic-Intermediate-Tutorial-Models/Tutorial-1/15-4-0b.nec,ok,ok,0.2604992650449276,0.21692464593797922,1.2009,1
cebik-w4rnl/Basic-Intermediate-Tutorial-Models/Tutorial-1/15-4-0c.nec,ok,ok,0.3250419180840254,0.21706752572208643,1.4974,1
cebik-w4rnl/Basic-Intermediate-Tutorial-Models/Tutorial-1/15-4-30.nec,ok,ok,0.14526398573070765,0.09928268287330866,1.4631,1
cebik-w4rnl/Basic-Intermediate-Tutorial-Models/Tutorial-1/15-4-30a.nec,ok,ok,0.3360257651656866,0.21671414375305176,1.5505,1
cebik-w4rnl/Basic-Intermediate-Tutorial-Models/Tutorial-1/15-4-30b.nec,ok,ok,0.36087565030902624,0.21695530228316784,1.6634,1
cebik-w4rnl/Basic-Intermediate-Tutorial-Models/Tutorial-1/15-4-45.nec,ok,ok,0.14221142791211605,0.1003820188343525,1.4167,1
cebik-w4rnl/Basic-Intermediate-Tutorial-Models/Tutorial-1/15-4-45a.nec,ok,ok,0.23871529009193182,0.161030113697052,1.4824,1
cebik-w4rnl/Basic-Intermediate-Tutorial-Models/Tutorial-1/15-4-45b.nec,ok,ok,0.2798897670581937,0.16406272538006306,1.7060,1
cebik-w4rnl/Basic-Intermediate-Tutorial-Models/Tutorial-1/15-4-60.nec,ok,ok,0.12462090514600277,0.09917971678078175,1.2565,1
cebik-w4rnl/Basic-Intermediate-Tutorial-Models/Tutorial-1/15-4-60a.nec,ok,ok,0.2277873419225216,0.16123253107070923,1.4128,1
cebik-w4rnl/Basic-Intermediate-Tutorial-Models/Tutorial-1/15-4-60b.nec,ok,ok,0.19057635124772787,0.16248730570077896,1.1729,1
cebik-w4rnl/Basic-Intermediate-Tutorial-Models/Tutorial-1/15-5-32.nec,ok,ok,0.6869017137214541,0.31946980115026236,2.1501,1
cebik-w4rnl/Basic-Intermediate-Tutorial-Models/Tutorial-1/15-5-32A.nec,ok,ok,0.6452235914766788,0.3478280398994684,1.8550,1
cebik-w4rnl/Basic-Intermediate-Tutorial-Models/Tutorial-1/15-5-32B.nec,ok,ok,0.6606552833691239,0.3127072313800454,2.1127,1
cebik-w4rnl/Basic-Intermediate-Tutorial-Models/Tutorial-1/15-5-32C.nec,ok,ok,0.6585601698607206,0.3568599447607994,1.8454,1
cebik-w4rnl/Basic-Intermediate-Tutorial-Models/Tutorial-1/15-5-4.nec,ok,ok,0.3015946811065078,0.22316824831068516,1.3514,1
cebik-w4rnl/Basic-Intermediate-Tutorial-Models/Tutorial-1/15-5-4A.nec,ok,ok,0.30801630672067404,0.21719691343605518,1.4181,1
cebik-w4rnl/Basic-Intermediate-Tutorial-Models/Tutorial-1/15-5-4B.nec,ok,ok,0.2894902992993593,0.2186628021299839,1.3239,1
cebik-w4rnl/Basic-Intermediate-Tutorial-Models/Tutorial-1/15-5-4C.nec,ok,ok,0.23715420253574848,0.21963608358055353,1.0798,1
cebik-w4rnl/Basic-Intermediate-Tutorial-Models/Tutorial-1/15-6-1.nec,ok,ok,0.07275514677166939,0.00651181023567915,,0
cebik-w4rnl/Basic-Intermediate-Tutorial-Models/Tutorial-1/15-6-1a.nec,ok,ok,0.07939783483743668,0.006343021057546139,,0
cebik-w4rnl/Basic-Intermediate-Tutorial-Models/Tutorial-1/15-6-1b.nec,ok,ok,0.10549140628427267,0.006489702500402927,,0
cebik-w4rnl/Basic-Intermediate-Tutorial-Models/Tutorial-1/15-6-1c.nec,ok,ok,0.08976608049124479,0.00748065672814846,,0
cebik-w4rnl/Basic-Intermediate-Tutorial-Models/Tutorial-1/15-6-2a.nec,ok,ok,0.655240636318922,0.315261535346508,2.0784,1
cebik-w4rnl/Basic-Intermediate-Tutorial-Models/Tutorial-1/15-6-2b.nec,ok,ok,0.6726945014670491,0.3578092437237501,1.8800,1
cebik-w4rnl/Basic-Intermediate-Tutorial-Models/Tutorial-1/15-6-2c.nec,ok,ok,0.7025576187297702,0.34729523304849863,2.0229,1
cebik-w4rnl/Basic-Intermediate-Tutorial-Models/Tutorial-1/16-1-1.nec,ok,ok,0.06859850883483887,0.010486575774848461,,0
cebik-w4rnl/Basic-Intermediate-Tutorial-Models/Tutorial-1/16-1-2.nec,ok,ok,0.053090657107532024,0.011010835878551006,,0
cebik-w4rnl/Basic-Intermediate-Tutorial-Models/Tutorial-1/16-2-1.nec,ok,ok,0.05243906192481518,0.03196127712726593,,0
cebik-w4rnl/Basic-Intermediate-Tutorial-Models/Tutorial-1/16-2-2.nec,ok,ok,0.5705050621181726,0.3334340304136276,1.7110,1
cebik-w4rnl/Basic-Intermediate-Tutorial-Models/Tutorial-1/16-3-1.nec,ok,ok,0.2568823164328933,0.16495795268565416,1.5573,1
cebik-w4rnl/Basic-Intermediate-Tutorial-Models/Tutorial-1/16-3.nec,ok,ok,0.1785240275785327,0.09499402344226837,1.8793,1
cebik-w4rnl/Basic-Intermediate-Tutorial-Models/Tutorial-1/16-4.nec,ok,ok,0.23790927417576313,0.1690132962539792,1.4076,1
cebik-w4rnl/Basic-Intermediate-Tutorial-Models/Tutorial-1/16-5-1.nec,ok,ok,0.03453283477574587,0.011338022537529469,,0
cebik-w4rnl/Basic-Intermediate-Tutorial-Models/Tutorial-1/16-5-2.nec,ok,ok,0.645713803358376,0.3444208651781082,1.8748,1
cebik-w4rnl/Basic-Intermediate-Tutorial-Models/Tutorial-1/16-5.nec,ok,ok,0.06267992127686739,0.012232594192028046,,0
cebik-w4rnl/Basic-Intermediate-Tutorial-Models/Tutorial-1/16-6-1.nec,ok,ok,0.29011260252445936,0.2447995264083147,1.1851,1
cebik-w4rnl/Basic-Intermediate-Tutorial-Models/Tutorial-1/16-6-2.nec,ok,ok,0.5093752685934305,0.2629411881789565,1.9372,1
cebik-w4rnl/Basic-Intermediate-Tutorial-Models/Tutorial-1/16-6-3.nec,ok,ok,0.3702936349436641,0.2155656423419714,1.7178,1
cebik-w4rnl/Basic-Intermediate-Tutorial-Models/Tutorial-1/16-7-1.nec,ok,ok,0.3712863102555275,0.22233346942812204,1.6700,1
cebik-w4rnl/Basic-Intermediate-Tutorial-Models/Tutorial-1/16-7-2.nec,ok,ok,0.349365777336061,0.24348480720072985,1.4349,1
cebik-w4rnl/Basic-Intermediate-Tutorial-Models/Tutorial-1/17-1-1.nec,ok,ok,0.3928021462634206,0.23213126696646214,1.6922,1
cebik-w4rnl/Basic-Intermediate-Tutorial-Models/Tutorial-1/17-1.nec,ok,ok,0.40322271455079317,0.23940408509224653,1.6843,1
cebik-w4rnl/Basic-Intermediate-Tutorial-Models/Tutorial-1/17-2-1.nec,ok,ok,0.4739312408491969,0.2520230021327734,1.8805,1
cebik-w4rnl/Basic-Intermediate-Tutorial-Models/Tutorial-1/17-2.nec,ok,ok,0.40839692763984203,0.25635602697730064,1.5931,1
cebik-w4rnl/Basic-Intermediate-Tutorial-Models/Tutorial-1/17-3-1.nec,ok,ok,0.32884060870856047,0.24101225938647985,1.3644,1
cebik-w4rnl/Basic-Intermediate-Tutorial-Models/Tutorial-1/17-3.nec,ok,ok,0.32889100443571806,0.24681443069130182,1.3325,1
cebik-w4rnl/Basic-Intermediate-Tutorial-Models/Tutorial-1/17-4-1.nec,ok,ok,0.18560132291167974,0.1422788305208087,1.3045,1
cebik-w4rnl/Basic-Intermediate-Tutorial-Models/Tutorial-1/17-4-2.nec,ok,ok,0.17333998996764421,0.16163255460560322,1.0724,1
cebik-w4rnl/Basic-Intermediate-Tutorial-Models/Tutorial-1/17-4.nec,ok,ok,0.17328106053173542,0.11321208532899618,1.5306,1
cebik-w4rnl/Basic-Intermediate-Tutorial-Models/Tutorial-1/17-5.nec,ok,ok,0.27717252168804407,0.159027055837214,1.7429,1
cebik-w4rnl/Basic-Intermediate-Tutorial-Models/Tutorial-1/17-6.nec,ok,ok,0.20679030939936638,0.14700583089143038,1.4067,1
cebik-w4rnl/Basic-Intermediate-Tutorial-Models/Tutorial-1/17-7-1.nec,ok,ok,0.8145746244117618,0.41142942663282156,1.9799,1
cebik-w4rnl/Basic-Intermediate-Tutorial-Models/Tutorial-1/17-7-2.nec,ok,ok,0.7034020200371742,0.4633581265807152,1.5181,1
cebik-w4rnl/Basic-Intermediate-Tutorial-Models/Tutorial-1/17-7-2a.nec,ok,ok,0.5448049185797572,0.2390404911711812,2.2791,1
cebik-w4rnl/Basic-Intermediate-Tutorial-Models/Tutorial-1/17-7-3.nec,ok,ok,0.784365089610219,0.4123343266546726,1.9023,1
cebik-w4rnl/Basic-Intermediate-Tutorial-Models/Tutorial-1/17-7.nec,ok,ok,0.8404806731268764,0.4530764492228627,1.8551,1
cebik-w4rnl/Basic-Intermediate-Tutorial-Models/Tutorial-1/17-8-1.nec,ok,ok,1.1417707744985819,0.5649783303961158,2.0209,1
cebik-w4rnl/Basic-Intermediate-Tutorial-Models/Tutorial-1/17-8.nec,ok,ok,1.2573276357725263,0.6275893906131387,2.0034,1
cebik-w4rnl/Basic-Intermediate-Tutorial-Models/Tutorial-1/18-1-1.nec,ok,ok,0.09351231064647436,0.10338028706610203,0.9045,1
cebik-w4rnl/Basic-Intermediate-Tutorial-Models/Tutorial-1/18-1.nec,ok,ok,0.17465230077505112,0.064779007807374,2.6961,1
cebik-w4rnl/Basic-Intermediate-Tutorial-Models/Tutorial-1/18-10-1.nec,ok,ok,0.04821261204779148,0.05855673365294933,,0
cebik-w4rnl/Basic-Intermediate-Tutorial-Models/Tutorial-1/18-10.nec,ok,ok,0.04204014129936695,0.11195338051766157,,0
cebik-w4rnl/Basic-Intermediate-Tutorial-Models/Tutorial-1/18-1a.nec,ok,ok,0.04435050021857023,0.09499201364815235,,0
cebik-w4rnl/Basic-Intermediate-Tutorial-Models/Tutorial-1/18-2-1.nec,ok,ok,0.050593284890055656,0.06070938520133495,0.8334,1
cebik-w4rnl/Basic-Intermediate-Tutorial-Models/Tutorial-1/18-2.nec,ok,ok,0.030351568944752216,0.03868698142468929,,0
cebik-w4rnl/Basic-Intermediate-Tutorial-Models/Tutorial-1/18-2a.nec,ok,ok,0.045766967348754406,0.0921470345929265,,0
cebik-w4rnl/Basic-Intermediate-Tutorial-Models/Tutorial-1/18-3-1.nec,ok,ok,0.0439652381464839,0.07936900854110718,,0
cebik-w4rnl/Basic-Intermediate-Tutorial-Models/Tutorial-1/18-3-2.nec,ok,ok,0.03852184396237135,0.09028389491140842,,0
cebik-w4rnl/Basic-Intermediate-Tutorial-Models/Tutorial-1/18-3-3.nec,ok,ok,0.03278433624655008,0.07762954849749804,,0
cebik-w4rnl/Basic-Intermediate-Tutorial-Models/Tutorial-1/18-3.nec,ok,ok,0.009533308446407318,0.032120357267558575,,0
cebik-w4rnl/Basic-Intermediate-Tutorial-Models/Tutorial-1/18-4.nec,ok,ok,0.058892279863357544,0.08522312622517347,0.6910,1
cebik-w4rnl/Basic-Intermediate-Tutorial-Models/Tutorial-1/18-5.nec,ok,ok,0.04373976867645979,0.06514024641364813,,0
cebik-w4rnl/Basic-Intermediate-Tutorial-Models/Tutorial-1/18-6.nec,ok,ok,0.10837123822420835,0.18669470958411694,0.5805,1
cebik-w4rnl/Basic-Intermediate-Tutorial-Models/Tutorial-1/18-7.nec,ok,ok,0.16122160106897354,0.24038930516690016,0.6707,1
cebik-w4rnl/Basic-Intermediate-Tutorial-Models/Tutorial-1/18-8-1.nec,ok,ok,0.18291317392140627,0.1317871380597353,1.3879,1
cebik-w4rnl/Basic-Intermediate-Tutorial-Models/Tutorial-1/18-8-2.nec,ok,ok,0.1879794355481863,0.12774370983242989,1.4715,1
cebik-w4rnl/Basic-Intermediate-Tutorial-Models/Tutorial-1/18-8-3.nec,ok,ok,0.15312240831553936,0.1384700909256935,1.1058,1
cebik-w4rnl/Basic-Intermediate-Tutorial-Models/Tutorial-1/18-8-4.nec,ok,ok,0.17053255811333656,0.15317567996680737,1.1133,1
cebik-w4rnl/Basic-Intermediate-Tutorial-Models/Tutorial-1/18-8.nec,ok,ok,0.11347429547458887,0.13054023869335651,0.8693,1
cebik-w4rnl/Basic-Intermediate-Tutorial-Models/Tutorial-1/18-9.nec,ok,ok,0.04477696679532528,0.06255317199975252,,0
cebik-w4rnl/Basic-Intermediate-Tutorial-Models/Tutorial-1/19-1.nec,ok,ok,0.014414888806641102,0.05030284635722637,,0
cebik-w4rnl/Basic-Intermediate-Tutorial-Models/Tutorial-1/19-2-1.nec,ok,ok,0.09846829436719418,0.17666757386177778,0.5574,1
cebik-w4rnl/Basic-Intermediate-Tutorial-Models/Tutorial-1/19-2.nec,ok,ok,0.09296204429119825,0.11542571242898703,0.8054,1
cebik-w4rnl/Basic-Intermediate-Tutorial-Models/Tutorial-1/19-3-1.nec,ok,ok,0.01915287785232067,0.023709549568593502,,0
cebik-w4rnl/Basic-Intermediate-Tutorial-Models/Tutorial-1/19-3.nec,ok,ok,0.0111758504062891,0.025618596002459526,,0
cebik-w4rnl/Basic-Intermediate-Tutorial-Models/Tutorial-1/19-4-1.nec,ok,ok,0.18160700425505638,0.13568998780101538,1.3384,1
cebik-w4rnl/Basic-Intermediate-Tutorial-Models/Tutorial-1/19-4.nec,ok,ok,0.17062309198081493,0.1423532124608755,1.1986,1
cebik-w4rnl/Basic-Intermediate-Tutorial-Models/Tutorial-1/19-5.nec,ok,ok,0.13176212646067142,0.15761290956288576,0.8360,1
cebik-w4rnl/Basic-Intermediate-Tutorial-Models/Tutorial-1/19-6-1.nec,ok,ok,0.01338858064264059,0.06672390829771757,,0
cebik-w4rnl/Basic-Intermediate-Tutorial-Models/Tutorial-1/19-6-2.nec,ok,ok,0.01653322670608759,0.015544290654361248,,0
cebik-w4rnl/Basic-Intermediate-Tutorial-Models/Tutorial-1/19-6-3.nec,ok,ok,0.02164736669510603,0.03959387168288231,,0
cebik-w4rnl/Basic-Intermediate-Tutorial-Models/Tutorial-1/19-6.nec,ok,ok,0.016995877027511597,0.038360634818673134,,0
cebik-w4rnl/Basic-Intermediate-Tutorial-Models/Tutorial-1/19-7.nec,ok,ok,0.014846409671008587,0.013936763629317284,,0
cebik-w4rnl/Basic-Intermediate-Tutorial-Models/Tutorial-1/2-1.nec,ok,ok,0.00804955419152975,0.027501857839524746,,0
cebik-w4rnl/Basic-Intermediate-Tutorial-Models/Tutorial-1/2-2.nec,ok,ok,0.10048653744161129,0.10138104110956192,0.9912,1
cebik-w4rnl/Basic-Intermediate-Tutorial-Models/Tutorial-1/2-3.nec,ok,ok,0.34840308874845505,0.24506395496428013,1.4217,1
cebik-w4rnl/Basic-Intermediate-Tutorial-Models/Tutorial-1/2-4.nec,ok,ok,0.012295015156269073,0.01103051658719778,,0
cebik-w4rnl/Basic-Intermediate-Tutorial-Models/Tutorial-1/2-5.nec,ok,ok,0.3245536061003804,0.25698999781161547,1.2629,1
cebik-w4rnl/Basic-Intermediate-Tutorial-Models/Tutorial-1/2-6.nec,ok,ok,0.023111971095204353,0.018892986699938774,,0
cebik-w4rnl/Basic-Intermediate-Tutorial-Models/Tutorial-1/20-1-1.nec,ok,ok,0.05561474338173866,0.03139261808246374,,0
cebik-w4rnl/Basic-Intermediate-Tutorial-Models/Tutorial-1/20-1-2.nec,ok,ok,0.0560716837644577,0.08668968081474304,0.6468,1
cebik-w4rnl/Basic-Intermediate-Tutorial-Models/Tutorial-1/20-1.nec,ok,ok,0.01649496890604496,0.029978103004395962,,0
cebik-w4rnl/Basic-Intermediate-Tutorial-Models/Tutorial-1/20-2-1.nec,ok,ok,0.06990030128508806,0.06937605049461126,1.0076,1
cebik-w4rnl/Basic-Intermediate-Tutorial-Models/Tutorial-1/20-2-2.nec,ok,ok,0.045945427380502224,0.06446423009037971,,0
cebik-w4rnl/Basic-Intermediate-Tutorial-Models/Tutorial-1/20-2-3.nec,ok,ok,0.041748530231416225,0.036054919473826885,,0
cebik-w4rnl/Basic-Intermediate-Tutorial-Models/Tutorial-1/20-2-4.nec,ok,ok,0.03810522332787514,0.053966009989380836,,0
cebik-w4rnl/Basic-Intermediate-Tutorial-Models/Tutorial-1/20-2.nec,ok,ok,0.10686079040169716,0.07834363356232643,1.3640,1
cebik-w4rnl/Basic-Intermediate-Tutorial-Models/Tutorial-1/20-3-1.nec,ok,ok,0.0167813366279006,0.046088745817542076,,0
cebik-w4rnl/Basic-Intermediate-Tutorial-Models/Tutorial-1/20-3-2.nec,ok,ok,0.02096160128712654,0.096662862226367,,0
cebik-w4rnl/Basic-Intermediate-Tutorial-Models/Tutorial-1/20-4-1.nec,ok,ok,0.03892966825515032,0.09902745019644499,,0
cebik-w4rnl/Basic-Intermediate-Tutorial-Models/Tutorial-1/20-4-2.nec,ok,ok,0.033122274093329906,0.12768207769840956,,0
cebik-w4rnl/Basic-Intermediate-Tutorial-Models/Tutorial-1/20-4-3.nec,ok,ok,0.09183122497051954,0.11726752948015928,0.7831,1
cebik-w4rnl/Basic-Intermediate-Tutorial-Models/Tutorial-1/20-4-4.nec,ok,ok,0.09873274061828852,0.16249627340584993,0.6076,1
cebik-w4rnl/Basic-Intermediate-Tutorial-Models/Tutorial-1/20-4.nec,ok,ok,0.022882548160851002,0.06522696744650602,,0
cebik-w4rnl/Basic-Intermediate-Tutorial-Models/Tutorial-1/20-5-1.nec,ok,ok,0.04464361723512411,0.06240135245025158,,0
cebik-w4rnl/Basic-Intermediate-Tutorial-Models/Tutorial-1/20-5-2.nec,ok,ok,0.06580467522144318,0.041194926016032696,,0
cebik-w4rnl/Basic-Intermediate-Tutorial-Models/Tutorial-1/20-5-3.nec,ok,ok,0.0987432450056076,0.18372793681919575,0.5374,1
cebik-w4rnl/Basic-Intermediate-Tutorial-Models/Tutorial-1/20-5-4.nec,ok,ok,0.14233067352324724,0.1612972468137741,0.8824,1
cebik-w4rnl/Basic-Intermediate-Tutorial-Models/Tutorial-1/20-5-5.nec,ok,ok,0.4639114933088422,0.2740066507831216,1.6931,1
cebik-w4rnl/Basic-Intermediate-Tutorial-Models/Tutorial-1/20-6-1.nec,ok,ok,0.007361399009823799,0.028429809026420116,,0
cebik-w4rnl/Basic-Intermediate-Tutorial-Models/Tutorial-1/20-6-1A.nec,ok,ok,0.011035227216780186,0.010814021341502666,,0
cebik-w4rnl/Basic-Intermediate-Tutorial-Models/Tutorial-1/20-6-2.nec,ok,ok,0.01873338595032692,0.04915303643792868,,0
cebik-w4rnl/Basic-Intermediate-Tutorial-Models/Tutorial-1/20-6-2A.nec,ok,ok,0.04718033503741026,0.18095430079847574,,0
cebik-w4rnl/Basic-Intermediate-Tutorial-Models/Tutorial-1/20-6-3.nec,ok,ok,0.013124387711286545,0.031686242669820786,,0
cebik-w4rnl/Basic-Intermediate-Tutorial-Models/Tutorial-1/20-6-3A.nec,ok,ok,0.01393297128379345,0.029242608696222305,,0
cebik-w4rnl/Basic-Intermediate-Tutorial-Models/Tutorial-1/20-6-4.nec,ok,ok,0.010588942095637321,0.009646753780543804,,0
cebik-w4rnl/Basic-Intermediate-Tutorial-Models/Tutorial-1/20-6-4A.nec,ok,ok,0.019157529808580875,0.009635403752326965,,0
cebik-w4rnl/Basic-Intermediate-Tutorial-Models/Tutorial-1/20-7.nec,ok,ok,0.6357775153592229,0.4228686625137925,1.5035,1
cebik-w4rnl/Basic-Intermediate-Tutorial-Models/Tutorial-1/20-8-1.nec,ok,ok,0.00831615086644888,0.024016140960156918,,0
cebik-w4rnl/Basic-Intermediate-Tutorial-Models/Tutorial-1/20-8-2.nec,ok,ok,0.009692437015473843,0.017643988132476807,,0
cebik-w4rnl/Basic-Intermediate-Tutorial-Models/Tutorial-1/20-8-3.nec,ok,ok,0.013131062500178814,0.030719486996531487,,0
cebik-w4rnl/Basic-Intermediate-Tutorial-Models/Tutorial-1/21-1-1.nec,ok,ok,0.05320387426763773,0.25735076144337654,0.2067,1
cebik-w4rnl/Basic-Intermediate-Tutorial-Models/Tutorial-1/21-1.nec,ok,ok,0.023528526537120342,0.08876549266278744,,0
cebik-w4rnl/Basic-Intermediate-Tutorial-Models/Tutorial-1/21-2-1.nec,ok,ok,0.06486753467470407,0.04240984097123146,,0
cebik-w4rnl/Basic-Intermediate-Tutorial-Models/Tutorial-1/21-2-2.nec,ok,ok,0.014401130378246307,0.02390806656330824,,0
cebik-w4rnl/Basic-Intermediate-Tutorial-Models/Tutorial-1/21-2-3.nec,ok,ok,0.159574830904603,0.10764597449451685,1.4824,1
cebik-w4rnl/Basic-Intermediate-Tutorial-Models/Tutorial-1/21-2-4.nec,ok,ok,0.01724467519670725,0.06339416652917862,,0
cebik-w4rnl/Basic-Intermediate-Tutorial-Models/Tutorial-1/21-2-5.nec,ok,ok,0.06353786960244179,0.04424466285854578,,0
cebik-w4rnl/Basic-Intermediate-Tutorial-Models/Tutorial-1/21-3-1.nec,ok,ok,0.008512732572853565,0.013921098783612251,,0
cebik-w4rnl/Basic-Intermediate-Tutorial-Models/Tutorial-1/21-3-2.nec,ok,ok,0.009875909425318241,0.04320166073739529,,0
cebik-w4rnl/Basic-Intermediate-Tutorial-Models/Tutorial-1/21-3-3.nec,ok,ok,0.01229262538254261,0.04140171501785517,,0
cebik-w4rnl/Basic-Intermediate-Tutorial-Models/Tutorial-1/21-3-4.nec,ok,ok,0.06667838525027037,0.11400926485657692,0.5849,1
cebik-w4rnl/Basic-Intermediate-Tutorial-Models/Tutorial-1/21-4-1.nec,ok,ok,0.04355907067656517,0.12228390574455261,,0
cebik-w4rnl/Basic-Intermediate-Tutorial-Models/Tutorial-1/21-4-2.nec,ok,ok,0.044356669299304485,0.06500317342579365,,0
cebik-w4rnl/Basic-Intermediate-Tutorial-Models/Tutorial-1/21-4-3.nec,ok,ok,0.045871395617723465,0.0666977958753705,,0
cebik-w4rnl/Basic-Intermediate-Tutorial-Models/Tutorial-1/21-4-4.nec,ok,ok,0.22831569891422987,0.2263365499675274,1.0087,1
cebik-w4rnl/Basic-Intermediate-Tutorial-Models/Tutorial-1/21-4-5.nec,ok,ok,0.045667555183172226,0.20913764741271734,,0
cebik-w4rnl/Basic-Intermediate-Tutorial-Models/Tutorial-1/21-4.nec,ok,ok,0.04434295371174812,0.03200313076376915,,0
cebik-w4rnl/Basic-Intermediate-Tutorial-Models/Tutorial-1/21-5-1.nec,ok,ok,0.009630843065679073,0.008405894041061401,,0
cebik-w4rnl/Basic-Intermediate-Tutorial-Models/Tutorial-1/21-5-2.nec,ok,ok,0.16058083716779947,0.13090480118989944,1.2267,1
cebik-w4rnl/Basic-Intermediate-Tutorial-Models/Tutorial-1/21-5-3.nec,ok,ok,0.16116618365049362,0.13578737154603004,1.1869,1
cebik-w4rnl/Basic-Intermediate-Tutorial-Models/Tutorial-1/21-5.nec,ok,ok,0.009384648874402046,0.034136515110731125,,0
cebik-w4rnl/Basic-Intermediate-Tutorial-Models/Tutorial-1/3-1.nec,ok,ok,0.009540931321680546,0.03122886549681425,,0
cebik-w4rnl/Basic-Intermediate-Tutorial-Models/Tutorial-1/3-2.nec,ok,ok,0.09037255961447954,0.09633355401456356,0.9381,1
cebik-w4rnl/Basic-Intermediate-Tutorial-Models/Tutorial-1/3-3.nec,ok,ok,0.06910750642418861,0.09468028787523508,0.7299,1
cebik-w4rnl/Basic-Intermediate-Tutorial-Models/Tutorial-1/3-4.nec,ok,ok,0.0799486543983221,0.12225139141082764,0.6540,1
cebik-w4rnl/Basic-Intermediate-Tutorial-Models/Tutorial-1/3-5.nec,ok,ok,0.11201794818043709,0.10203381348401308,1.0979,1
cebik-w4rnl/Basic-Intermediate-Tutorial-Models/Tutorial-1/4-1.nec,ok,ok,0.2573584569618106,0.21961085684597492,1.1719,1
cebik-w4rnl/Basic-Intermediate-Tutorial-Models/Tutorial-1/4-10.nec,ok,ok,0.030023789033293724,0.07473995350301266,,0
cebik-w4rnl/Basic-Intermediate-Tutorial-Models/Tutorial-1/4-2.nec,ok,ok,0.02386643085628748,0.01551306527107954,,0
cebik-w4rnl/Basic-Intermediate-Tutorial-Models/Tutorial-1/4-3.nec,ok,ok,0.016769619658589363,0.014102460816502571,,0
cebik-w4rnl/Basic-Intermediate-Tutorial-Models/Tutorial-1/4-4.nec,ok,ok,0.051438745111227036,0.02004566788673401,,0
cebik-w4rnl/Basic-Intermediate-Tutorial-Models/Tutorial-1/4-5.nec,ok,ok,0.29917743522673845,0.23102072346955538,1.2950,1
cebik-w4rnl/Basic-Intermediate-Tutorial-Models/Tutorial-1/4-6.nec,ok,ok,0.33340386021882296,0.2350404318422079,1.4185,1
cebik-w4rnl/Basic-Intermediate-Tutorial-Models/Tutorial-1/4-7.nec,ok,ok,0.327372414059937,0.22613537590950727,1.4477,1
cebik-w4rnl/Basic-Intermediate-Tutorial-Models/Tutorial-1/4-8.nec,ok,ok,0.29552573151886463,0.22579907719045877,1.3088,1
cebik-w4rnl/Basic-Intermediate-Tutorial-Models/Tutorial-1/4-9.nec,ok,ok,0.016045461408793926,0.015585613436996937,,0
cebik-w4rnl/Basic-Intermediate-Tutorial-Models/Tutorial-1/5-1-1.nec,ok,ok,0.3142860708758235,0.2609274620190263,1.2045,1
cebik-w4rnl/Basic-Intermediate-Tutorial-Models/Tutorial-1/5-1-2.nec,ok,ok,0.028391716070473194,0.015682213939726353,,0
cebik-w4rnl/Basic-Intermediate-Tutorial-Models/Tutorial-1/5-2-1.nec,ok,ok,0.009522941894829273,0.00879970844835043,,0
cebik-w4rnl/Basic-Intermediate-Tutorial-Models/Tutorial-1/5-2-2.nec,ok,ok,0.06637547165155411,0.04100618418306112,,0
cebik-w4rnl/Basic-Intermediate-Tutorial-Models/Tutorial-1/5-3-1.nec,ok,ok,0.008835947141051292,0.009439162909984589,,0
cebik-w4rnl/Basic-Intermediate-Tutorial-Models/Tutorial-1/5-3-2.nec,ok,ok,0.012461489997804165,0.011123085394501686,,0
cebik-w4rnl/Basic-Intermediate-Tutorial-Models/Tutorial-1/5-4-1.nec,ok,ok,0.023486945778131485,0.019454682245850563,,0
cebik-w4rnl/Basic-Intermediate-Tutorial-Models/Tutorial-1/5-4-2.nec,ok,ok,0.023168516345322132,0.0194195918738842,,0
cebik-w4rnl/Basic-Intermediate-Tutorial-Models/Tutorial-1/5-5-1.nec,ok,ok,0.01113006379455328,0.010359678417444229,,0
cebik-w4rnl/Basic-Intermediate-Tutorial-Models/Tutorial-1/5-5-2.nec,ok,ok,0.011240635998547077,0.010559925809502602,,0
cebik-w4rnl/Basic-Intermediate-Tutorial-Models/Tutorial-1/6-1.nec,ok,ok,0.31100647523999214,0.27030508778989315,1.1506,1
cebik-w4rnl/Basic-Intermediate-Tutorial-Models/Tutorial-1/6-2.nec,ok,ok,0.1231269771233201,0.10529185086488724,1.1694,1
cebik-w4rnl/Basic-Intermediate-Tutorial-Models/Tutorial-1/6-3.nec,ok,ok,0.13619166053831577,0.10126652475446463,1.3449,1
cebik-w4rnl/Basic-Intermediate-Tutorial-Models/Tutorial-1/6-4.nec,ok,ok,0.1023640614002943,0.11286354344338179,0.9070,1
cebik-w4rnl/Basic-Intermediate-Tutorial-Models/Tutorial-1/6-5.nec,ok,ok,0.019480450078845024,0.09043009299784899,,0
cebik-w4rnl/Basic-Intermediate-Tutorial-Models/Tutorial-1/6-6.nec,ok,ok,0.34482106752693653,0.18555581010878086,1.8583,1
cebik-w4rnl/Basic-Intermediate-Tutorial-Models/Tutorial-1/6-7.nec,ok,ok,0.4236245369538665,0.29476993530988693,1.4371,1
cebik-w4rnl/Basic-Intermediate-Tutorial-Models/Tutorial-1/7-1.nec,ok,ok,0.30557041335850954,0.2793562337756157,1.0938,1
cebik-w4rnl/Basic-Intermediate-Tutorial-Models/Tutorial-1/7-2.nec,ok,ok,0.02503265719860792,0.020113734528422356,,0
cebik-w4rnl/Basic-Intermediate-Tutorial-Models/Tutorial-1/7-3.nec,ok,ok,0.015233296900987625,0.014394441619515419,,0
cebik-w4rnl/Basic-Intermediate-Tutorial-Models/Tutorial-1/7-4.nec,ok,ok,0.010713847354054451,0.009095242246985435,,0
cebik-w4rnl/Basic-Intermediate-Tutorial-Models/Tutorial-1/7-5.nec,ok,ok,0.010704961605370045,0.00976954959332943,,0
cebik-w4rnl/Basic-Intermediate-Tutorial-Models/Tutorial-1/7-6.nec,ok,ok,0.014190861023962498,0.010324647650122643,,0
cebik-w4rnl/Basic-Intermediate-Tutorial-Models/Tutorial-1/7-7.nec,ok,ok,0.3732838658615947,0.29031725879758596,1.2858,1
cebik-w4rnl/Basic-Intermediate-Tutorial-Models/Tutorial-1/7-8.nec,ok,ok,0.01306675560772419,0.02135985530912876,,0
cebik-w4rnl/Basic-Intermediate-Tutorial-Models/Tutorial-1/8-1-1.nec,ok,ok,0.010277423076331615,0.008703106082975864,,0
cebik-w4rnl/Basic-Intermediate-Tutorial-Models/Tutorial-1/8-1.nec,ok,ok,0.008800087496638298,0.007996253669261932,,0
cebik-w4rnl/Basic-Intermediate-Tutorial-Models/Tutorial-1/8-2.nec,ok,ok,0.01046073716133833,0.01518667209893465,,0
cebik-w4rnl/Basic-Intermediate-Tutorial-Models/Tutorial-1/8-3.nec,ok,ok,0.01073472760617733,0.009848960675299168,,0
cebik-w4rnl/Basic-Intermediate-Tutorial-Models/Tutorial-1/8-4.nec,ok,ok,0.018141905777156353,0.018450227566063404,,0
cebik-w4rnl/Basic-Intermediate-Tutorial-Models/Tutorial-1/8-5-1.nec,ok,ok,0.017819308675825596,0.017093160189688206,,0
cebik-w4rnl/Basic-Intermediate-Tutorial-Models/Tutorial-1/8-5.nec,ok,ok,0.017074260860681534,0.04722227714955807,,0
cebik-w4rnl/Basic-Intermediate-Tutorial-Models/Tutorial-1/8-6-1.nec,ok,ok,0.29739335738122463,0.21487176325172186,1.3841,1
cebik-w4rnl/Basic-Intermediate-Tutorial-Models/Tutorial-1/8-6.nec,ok,ok,0.3203272009268403,0.2621309971436858,1.2220,1
cebik-w4rnl/Basic-Intermediate-Tutorial-Models/Tutorial-1/8-7-1.nec,no-impedance,no-impedance,0.010036110877990723,0.009262323379516602,,0
cebik-w4rnl/Basic-Intermediate-Tutorial-Models/Tutorial-1/8-7-2.nec,no-impedance,no-impedance,0.00993855856359005,0.00929040927439928,,0
cebik-w4rnl/Basic-Intermediate-Tutorial-Models/Tutorial-1/8-7.nec,ok,ok,0.012971080839633942,0.009006801061332226,,0
cebik-w4rnl/Basic-Intermediate-Tutorial-Models/Tutorial-1/9-1-1.nec,ok,ok,0.01629035919904709,0.010777275077998638,,0
cebik-w4rnl/Basic-Intermediate-Tutorial-Models/Tutorial-1/9-1-2.nec,ok,ok,0.01284679677337408,0.010493803769350052,,0
cebik-w4rnl/Basic-Intermediate-Tutorial-Models/Tutorial-1/9-1-3.nec,ok,ok,0.012953119352459908,0.010378388687968254,,0
cebik-w4rnl/Basic-Intermediate-Tutorial-Models/Tutorial-1/9-2-1.nec,ok,ok,0.012469027191400528,0.010855784639716148,,0
cebik-w4rnl/Basic-Intermediate-Tutorial-Models/Tutorial-1/9-2-2.nec,ok,ok,0.013023762963712215,0.03514346852898598,,0
cebik-w4rnl/Basic-Intermediate-Tutorial-Models/Tutorial-1/9-2-3.nec,ok,ok,0.016059749759733677,0.04723198711872101,,0
cebik-w4rnl/Basic-Intermediate-Tutorial-Models/Tutorial-1/9-3-1.nec,ok,ok,0.013864164240658283,0.04000586364418268,,0
cebik-w4rnl/Basic-Intermediate-Tutorial-Models/Tutorial-1/9-3-2.nec,ok,ok,0.016556239686906338,0.01239004172384739,,0
cebik-w4rnl/Basic-Intermediate-Tutorial-Models/Tutorial-1/9-3-3.nec,ok,ok,0.01261555403470993,0.008999800309538841,,0
cebik-w4rnl/Basic-Intermediate-Tutorial-Models/Tutorial-1/9-4-1.nec,ok,ok,0.021425385028123856,0.047066861763596535,,0
cebik-w4rnl/Basic-Intermediate-Tutorial-Models/Tutorial-1/9-4.nec,ok,ok,0.008759614080190659,0.03781639784574509,,0
cebik-w4rnl/Basic-Intermediate-Tutorial-Models/Tutorial-1/9-5-1.nec,ok,ok,0.016612164676189423,0.06474612187594175,,0
cebik-w4rnl/Basic-Intermediate-Tutorial-Models/Tutorial-1/9-5-2.nec,ok,ok,0.053835878148674965,0.049989448860287666,,0
cebik-w4rnl/Basic-Intermediate-Tutorial-Models/Tutorial-1/9-5-3.nec,ok,ok,0.048336366191506386,0.07427135016769171,,0
cebik-w4rnl/Basic-Intermediate-Tutorial-Models/Tutorial-1/9-5.nec,ok,ok,0.07532766088843346,0.07805830892175436,0.9650,1
cebik-w4rnl/Basic-Intermediate-Tutorial-Models/Tutorial-1/9-6-1.nec,ok,ok,0.010075513273477554,0.026480451226234436,,0
cebik-w4rnl/Basic-Intermediate-Tutorial-Models/Tutorial-1/9-6-2.nec,ok,ok,0.007450246252119541,0.023853611201047897,,0
cebik-w4rnl/Basic-Intermediate-Tutorial-Models/Tutorial-1/9-6-3.nec,ok,ok,0.009358566254377365,0.03157392144203186,,0
cebik-w4rnl/Basic-Intermediate-Tutorial-Models/Tutorial-1/9-6-4.nec,ok,ok,0.00992369931191206,0.023920590057969093,,0
cebik-w4rnl/Basic-Intermediate-Tutorial-Models/Tutorial-1/9-6-5.nec,ok,ok,0.010104168206453323,0.009743413887917995,,0
cebik-w4rnl/Basic-Intermediate-Tutorial-Models/Tutorial-1/9-6.nec,ok,ok,0.010220374912023544,0.038589347153902054,,0
cebik-w4rnl/Basic-Intermediate-Tutorial-Models/Tutorial-2/ch-0/0-1.nec,ok,ok,0.44168311078101397,0.267671718262136,1.6501,1
cebik-w4rnl/Basic-Intermediate-Tutorial-Models/Tutorial-2/ch-1/1-1.nec,ok,ok,0.04268812760710716,0.04910190310329199,,0
cebik-w4rnl/Basic-Intermediate-Tutorial-Models/Tutorial-2/ch-1/1-1a.nec,ok,ok,0.04105442576110363,0.022221168503165245,,0
cebik-w4rnl/Basic-Intermediate-Tutorial-Models/Tutorial-2/ch-1/1-1b.nec,ok,ok,0.035563199780881405,0.08831760007888079,,0
cebik-w4rnl/Basic-Intermediate-Tutorial-Models/Tutorial-2/ch-1/1-1c.nec,ok,ok,0.04579084925353527,0.033453731797635555,,0
cebik-w4rnl/Basic-Intermediate-Tutorial-Models/Tutorial-2/ch-1/1-2.nec,ok,ok,0.00882057286798954,0.017034837044775486,,0
cebik-w4rnl/Basic-Intermediate-Tutorial-Models/Tutorial-2/ch-1/1-2a.nec,ok,ok,0.008310225792229176,0.023271375335752964,,0
cebik-w4rnl/Basic-Intermediate-Tutorial-Models/Tutorial-2/ch-1/1-3.nec,ok,ok,0.4071763176470995,0.32853188179433346,1.2394,1
cebik-w4rnl/Basic-Intermediate-Tutorial-Models/Tutorial-2/ch-1/1-4.nec,ok,ok,0.009211224503815174,0.04039881471544504,,0
cebik-w4rnl/Basic-Intermediate-Tutorial-Models/Tutorial-2/ch-1/1-4a.nec,ok,ok,0.012305363081395626,0.008585806004703045,,0
cebik-w4rnl/Basic-Intermediate-Tutorial-Models/Tutorial-2/ch-1/1-4b.nec,ok,ok,0.5128465918824077,0.19426849205046892,2.6399,1
cebik-w4rnl/Basic-Intermediate-Tutorial-Models/Tutorial-2/ch-1/1-5.nec,ok,ok,0.01245084684342146,0.010637432336807251,,0
cebik-w4rnl/Basic-Intermediate-Tutorial-Models/Tutorial-2/ch-1/1-6.nec,ok,ok,0.014147743582725525,0.011370686814188957,,0
cebik-w4rnl/Basic-Intermediate-Tutorial-Models/Tutorial-2/ch-1/1-6a.nec,ok,ok,0.01702285837382078,0.01061336975544691,,0
cebik-w4rnl/Basic-Intermediate-Tutorial-Models/Tutorial-2/ch-10/10-1.nec,ok,ok,0.006826926022768021,0.0054364921525120735,,0
cebik-w4rnl/Basic-Intermediate-Tutorial-Models/Tutorial-2/ch-10/10-10.nec,ok,ok,0.008764853700995445,0.0035115284845232964,,0
cebik-w4rnl/Basic-Intermediate-Tutorial-Models/Tutorial-2/ch-10/10-10a.nec,ok,ok,0.0062545547261834145,0.004336114041507244,,0
cebik-w4rnl/Basic-Intermediate-Tutorial-Models/Tutorial-2/ch-10/10-10b.nec,ok,ok,0.004864600487053394,0.004289573989808559,,0
cebik-w4rnl/Basic-Intermediate-Tutorial-Models/Tutorial-2/ch-10/10-10c.nec,ok,ok,0.004610380157828331,0.004180071875452995,,0
cebik-w4rnl/Basic-Intermediate-Tutorial-Models/Tutorial-2/ch-10/10-11.nec,ok,ok,0.005872165784239769,0.00403288658708334,,0
cebik-w4rnl/Basic-Intermediate-Tutorial-Models/Tutorial-2/ch-10/10-11a.nec,ok,ok,0.007141736336052418,0.007047723978757858,,0
cebik-w4rnl/Basic-Intermediate-Tutorial-Models/Tutorial-2/ch-10/10-11b.nec,ok,ok,0.006588543765246868,0.007990014739334583,,0
cebik-w4rnl/Basic-Intermediate-Tutorial-Models/Tutorial-2/ch-10/10-1a.nec,ok,ok,0.010765349492430687,0.02082478627562523,,0
cebik-w4rnl/Basic-Intermediate-Tutorial-Models/Tutorial-2/ch-10/10-2.nec,ok,ok,0.006714126095175743,0.017089887522161007,,0
cebik-w4rnl/Basic-Intermediate-Tutorial-Models/Tutorial-2/ch-10/10-2a.nec,ok,ok,0.007987373508512974,0.007021046243607998,,0
cebik-w4rnl/Basic-Intermediate-Tutorial-Models/Tutorial-2/ch-10/10-2b.nec,ok,ok,0.006904699839651585,0.005632193759083748,,0
cebik-w4rnl/Basic-Intermediate-Tutorial-Models/Tutorial-2/ch-10/10-3.nec,ok,ok,0.016360454261302948,0.016909761354327202,,0
cebik-w4rnl/Basic-Intermediate-Tutorial-Models/Tutorial-2/ch-10/10-3a.nec,ok,ok,0.012494169175624847,0.033932968974113464,,0
cebik-w4rnl/Basic-Intermediate-Tutorial-Models/Tutorial-2/ch-10/10-3b.nec,ok,ok,0.01889044977724552,0.04048135690391064,,0
cebik-w4rnl/Basic-Intermediate-Tutorial-Models/Tutorial-2/ch-10/10-4.nec,ok,ok,0.016778276301920414,0.05099095497280359,,0
cebik-w4rnl/Basic-Intermediate-Tutorial-Models/Tutorial-2/ch-10/10-4a.nec,ok,ok,0.02737181819975376,0.033976972103118896,,0
cebik-w4rnl/Basic-Intermediate-Tutorial-Models/Tutorial-2/ch-10/10-4b.nec,ok,ok,0.012381731532514095,0.011509047821164131,,0
cebik-w4rnl/Basic-Intermediate-Tutorial-Models/Tutorial-2/ch-10/10-5.nec,ok,ok,0.3401501942425966,0.1815130626782775,1.8740,1
cebik-w4rnl/Basic-Intermediate-Tutorial-Models/Tutorial-2/ch-10/10-5a.nec,ok,ok,0.3487180136144161,0.18536944687366486,1.8812,1
cebik-w4rnl/Basic-Intermediate-Tutorial-Models/Tutorial-2/ch-10/10-6.nec,ok,ok,0.15573624148964882,0.12187216896563768,1.2779,1
cebik-w4rnl/Basic-Intermediate-Tutorial-Models/Tutorial-2/ch-10/10-6a.nec,ok,ok,0.06794578675180674,0.08609937690198421,0.7892,1
cebik-w4rnl/Basic-Intermediate-Tutorial-Models/Tutorial-2/ch-10/10-6b.nec,ok,ok,0.06822958588600159,0.04397712741047144,,0
cebik-w4rnl/Basic-Intermediate-Tutorial-Models/Tutorial-2/ch-10/10-7.nec,ok,ok,0.007036630064249039,0.00879534613341093,,0
cebik-w4rnl/Basic-Intermediate-Tutorial-Models/Tutorial-2/ch-10/10-8.nec,ok,ok,0.005981330759823322,0.009935198351740837,,0
cebik-w4rnl/Basic-Intermediate-Tutorial-Models/Tutorial-2/ch-10/10-8a.nec,ok,ok,0.006173822097480297,0.006429491564631462,,0
cebik-w4rnl/Basic-Intermediate-Tutorial-Models/Tutorial-2/ch-10/10-8b.nec,ok,ok,0.00570681132376194,0.004305548034608364,,0
cebik-w4rnl/Basic-Intermediate-Tutorial-Models/Tutorial-2/ch-10/10-8c.nec,ok,ok,0.005512138828635216,0.004377021454274654,,0
cebik-w4rnl/Basic-Intermediate-Tutorial-Models/Tutorial-2/ch-10/10-8d.nec,ok,ok,0.009289860725402832,0.026729471050202847,,0
cebik-w4rnl/Basic-Intermediate-Tutorial-Models/Tutorial-2/ch-10/10-9.nec,no-impedance,no-impedance,0.02787560224533081,0.07469138316810131,,0
cebik-w4rnl/Basic-Intermediate-Tutorial-Models/Tutorial-2/ch-10/10-9a.nec,ok,ok,0.028499040752649307,0.05897201970219612,,0
cebik-w4rnl/Basic-Intermediate-Tutorial-Models/Tutorial-2/ch-11/11-10-nec4.nec,ok,ok,0.10508692916482687,0.10569389164447784,0.9943,1
cebik-w4rnl/Basic-Intermediate-Tutorial-Models/Tutorial-2/ch-11/11-10a-nec4.nec,ok,ok,0.11958303861320019,0.10919798444956541,1.0951,1
cebik-w4rnl/Basic-Intermediate-Tutorial-Models/Tutorial-2/ch-11/11-10b-nec4.nec,ok,ok,0.10894029587507248,0.10650017391890287,1.0229,1
cebik-w4rnl/Basic-Intermediate-Tutorial-Models/Tutorial-2/ch-11/11-11.nec,ok,ok,0.30995453149080276,0.23187156207859516,1.3368,1
cebik-w4rnl/Basic-Intermediate-Tutorial-Models/Tutorial-2/ch-11/11-11a.nec,ok,ok,3.686927482485771,1.2490949537605047,2.9517,1
cebik-w4rnl/Basic-Intermediate-Tutorial-Models/Tutorial-2/ch-11/11-1_1.nec,ok,ok,0.011986232362687588,0.010064306668937206,,0
cebik-w4rnl/Basic-Intermediate-Tutorial-Models/Tutorial-2/ch-11/11-1_2.nec,ok,ok,0.010724886320531368,0.009996470995247364,,0
cebik-w4rnl/Basic-Intermediate-Tutorial-Models/Tutorial-2/ch-11/11-1a_1.nec,ok,ok,0.060884615406394005,0.05821140855550766,1.0459,1
cebik-w4rnl/Basic-Intermediate-Tutorial-Models/Tutorial-2/ch-11/11-1a_2.nec,ok,ok,0.06378309242427349,0.06107409670948982,1.0444,1
cebik-w4rnl/Basic-Intermediate-Tutorial-Models/Tutorial-2/ch-11/11-1b.nec,ok,ok,0.06578017957508564,0.10384451970458031,0.6334,1
cebik-w4rnl/Basic-Intermediate-Tutorial-Models/Tutorial-2/ch-11/11-2.nec,ok,ok,0.008176833391189575,0.02453191578388214,,0
cebik-w4rnl/Basic-Intermediate-Tutorial-Models/Tutorial-2/ch-11/11-2a.nec,ok,ok,0.09689958766102791,0.10646647587418556,0.9101,1
cebik-w4rnl/Basic-Intermediate-Tutorial-Models/Tutorial-2/ch-11/11-2b.nec,ok,ok,0.10913413483649492,0.10654522012919188,1.0243,1
cebik-w4rnl/Basic-Intermediate-Tutorial-Models/Tutorial-2/ch-11/11-3.nec,ok,ok,0.2950471034273505,0.29573476780205965,0.9977,1
cebik-w4rnl/Basic-Intermediate-Tutorial-Models/Tutorial-2/ch-11/11-3a.nec,ok,ok,0.29703385196626186,0.26276965718716383,1.1304,1
cebik-w4rnl/Basic-Intermediate-Tutorial-Models/Tutorial-2/ch-11/11-4.nec,ok,ok,0.32961387280374765,0.251040518283844,1.3130,1
cebik-w4rnl/Basic-Intermediate-Tutorial-Models/Tutorial-2/ch-11/11-4a-nec4.nec,ok,ok,1.1137560019269586,0.4688124815002084,2.3757,1
cebik-w4rnl/Basic-Intermediate-Tutorial-Models/Tutorial-2/ch-11/11-5.nec,ok,ok,0.25465936679393053,0.1971983201801777,1.2914,1
cebik-w4rnl/Basic-Intermediate-Tutorial-Models/Tutorial-2/ch-11/11-6.nec,ok,ok,0.0960022322833538,0.09966515190899372,0.9632,1
cebik-w4rnl/Basic-Intermediate-Tutorial-Models/Tutorial-2/ch-11/11-7.nec,ok,ok,0.10722085181623697,0.10529448743909597,1.0183,1
cebik-w4rnl/Basic-Intermediate-Tutorial-Models/Tutorial-2/ch-11/11-7a.nec,ok,ok,0.09518357925117016,0.09934789035469294,0.9581,1
cebik-w4rnl/Basic-Intermediate-Tutorial-Models/Tutorial-2/ch-11/11-7b-nec2.nec,ok,ok,0.10768051724880934,0.10645817127078772,1.0115,1
cebik-w4rnl/Basic-Intermediate-Tutorial-Models/Tutorial-2/ch-11/11-7c-nec2.nec,ok,ok,0.10661234147846699,0.12466267589479685,0.8552,1
cebik-w4rnl/Basic-Intermediate-Tutorial-Models/Tutorial-2/ch-11/11-7d-nec2.nec,ok,ok,0.10728511027991772,0.0747264726087451,1.4357,1
cebik-w4rnl/Basic-Intermediate-Tutorial-Models/Tutorial-2/ch-11/11-7e-nec2.nec,ok,ok,0.11041581816971302,0.10704496875405312,1.0315,1
cebik-w4rnl/Basic-Intermediate-Tutorial-Models/Tutorial-2/ch-11/11-7f-nec2.nec,ok,ok,0.11211993359029293,0.10627736430615187,1.0550,1
cebik-w4rnl/Basic-Intermediate-Tutorial-Models/Tutorial-2/ch-11/11-7g-nec2.nec,ok,ok,0.1127008842304349,0.10776357632130384,1.0458,1
cebik-w4rnl/Basic-Intermediate-Tutorial-Models/Tutorial-2/ch-11/11-8b-nec2.nec,ok,ok,0.10553960874676704,0.10596523061394691,0.9960,1
cebik-w4rnl/Basic-Intermediate-Tutorial-Models/Tutorial-2/ch-11/11-8c-nec2.nec,ok,ok,0.11138978879898787,0.1080579562112689,1.0308,1
cebik-w4rnl/Basic-Intermediate-Tutorial-Models/Tutorial-2/ch-11/11-8d-nec2.nec,ok,ok,0.10912824049592018,0.10562168899923563,1.0332,1
cebik-w4rnl/Basic-Intermediate-Tutorial-Models/Tutorial-2/ch-11/11-8e-nec2.nec,ok,ok,0.10982443578541279,0.10866253264248371,1.0107,1
cebik-w4rnl/Basic-Intermediate-Tutorial-Models/Tutorial-2/ch-11/11-8e-nec4.nec,ok,ok,0.11221213452517986,0.10668003931641579,1.0519,1
cebik-w4rnl/Basic-Intermediate-Tutorial-Models/Tutorial-2/ch-11/11-8f-nec2.nec,ok,ok,0.10860903281718493,0.10723558813333511,1.0128,1
cebik-w4rnl/Basic-Intermediate-Tutorial-Models/Tutorial-2/ch-11/11-8f-nec4.nec,ok,ok,0.1113437544554472,0.11058104876428843,1.0069,1
cebik-w4rnl/Basic-Intermediate-Tutorial-Models/Tutorial-2/ch-11/11-8g-nec2.nec,ok,ok,0.10897085815668106,0.10927786584943533,0.9972,1
cebik-w4rnl/Basic-Intermediate-Tutorial-Models/Tutorial-2/ch-11/11-8g-nec4.nec,ok,ok,0.12296486180275679,0.1143826674669981,1.0750,1
cebik-w4rnl/Basic-Intermediate-Tutorial-Models/Tutorial-2/ch-11/11-9-nec2.nec,ok,ok,0.11218332592397928,0.10578475520014763,1.0605,1
cebik-w4rnl/Basic-Intermediate-Tutorial-Models/Tutorial-2/ch-11/11-9a-nec2.nec,ok,ok,0.10942941438406706,0.10613228660076857,1.0311,1
cebik-w4rnl/Basic-Intermediate-Tutorial-Models/Tutorial-2/ch-11/11-9b-nec2.nec,ok,ok,0.11224276758730412,0.10849542543292046,1.0345,1
cebik-w4rnl/Basic-Intermediate-Tutorial-Models/Tutorial-2/ch-12/12-1.nec,ok,ok,0.009036402218043804,0.051410152576863766,,0
cebik-w4rnl/Basic-Intermediate-Tutorial-Models/Tutorial-2/ch-12/12-10-nec4.nec,ok,ok,1.4327033376321197,0.4928381126374006,2.9070,1
cebik-w4rnl/Basic-Intermediate-Tutorial-Models/Tutorial-2/ch-12/12-10a-nec4.nec,ok,ok,1.0668004713952541,0.392838429659605,2.7156,1
cebik-w4rnl/Basic-Intermediate-Tutorial-Models/Tutorial-2/ch-12/12-11-nec4.nec,ok,ok,3.1307777389883995,0.9350003385916352,3.3484,1
cebik-w4rnl/Basic-Intermediate-Tutorial-Models/Tutorial-2/ch-12/12-11a-nec4.nec,ok,ok,3.0780807081609964,0.9437818303704262,3.2614,1
cebik-w4rnl/Basic-Intermediate-Tutorial-Models/Tutorial-2/ch-12/12-1a.nec,ok,ok,0.009189218282699585,0.023682852275669575,,0
cebik-w4rnl/Basic-Intermediate-Tutorial-Models/Tutorial-2/ch-12/12-1b.nec,no-impedance,no-impedance,0.009152917191386223,0.026548773050308228,,0
cebik-w4rnl/Basic-Intermediate-Tutorial-Models/Tutorial-2/ch-12/12-2.nec,ok,ok,0.012429902330040932,0.04968409426510334,,0
cebik-w4rnl/Basic-Intermediate-Tutorial-Models/Tutorial-2/ch-12/12-2a.nec,ok,ok,0.012508233077824116,0.043336992152035236,,0
cebik-w4rnl/Basic-Intermediate-Tutorial-Models/Tutorial-2/ch-12/12-3.nec,ok,ok,0.012404561042785645,0.013388808816671371,,0
cebik-w4rnl/Basic-Intermediate-Tutorial-Models/Tutorial-2/ch-12/12-3a.nec,ok,ok,0.012623347342014313,0.011339065618813038,,0
cebik-w4rnl/Basic-Intermediate-Tutorial-Models/Tutorial-2/ch-12/12-4.nec,ok,ok,0.010179581120610237,0.03668780531734228,,0
cebik-w4rnl/Basic-Intermediate-Tutorial-Models/Tutorial-2/ch-12/12-4a.nec,ok,ok,0.010376867838203907,0.03896607179194689,,0
cebik-w4rnl/Basic-Intermediate-Tutorial-Models/Tutorial-2/ch-12/12-4b.nec,ok,ok,0.05290041025727987,0.07837250828742981,0.6750,1
cebik-w4rnl/Basic-Intermediate-Tutorial-Models/Tutorial-2/ch-12/12-5.nec,ok,ok,0.010453254915773869,0.049112094566226006,,0
cebik-w4rnl/Basic-Intermediate-Tutorial-Models/Tutorial-2/ch-12/12-5a.nec,ok,ok,0.010619674809277058,0.012944246642291546,,0
cebik-w4rnl/Basic-Intermediate-Tutorial-Models/Tutorial-2/ch-12/12-5b.nec,ok,ok,0.05470095667988062,0.03589922282844782,,0
cebik-w4rnl/Basic-Intermediate-Tutorial-Models/Tutorial-2/ch-12/12-6.nec,ok,ok,2.0588082559406757,1.2252638088539243,1.6803,1
cebik-w4rnl/Basic-Intermediate-Tutorial-Models/Tutorial-2/ch-12/12-7.nec,ok,ok,0.037754531018435955,0.037280614487826824,,0
cebik-w4rnl/Basic-Intermediate-Tutorial-Models/Tutorial-2/ch-12/12-7a.nec,ok,ok,0.015479063615202904,0.11380450055003166,,0
cebik-w4rnl/Basic-Intermediate-Tutorial-Models/Tutorial-2/ch-12/12-8.nec,ok,ok,0.018764544278383255,0.031081335619091988,,0
cebik-w4rnl/Basic-Intermediate-Tutorial-Models/Tutorial-2/ch-12/12-8a.nec,ok,ok,0.02000219840556383,0.07936153095215559,,0
cebik-w4rnl/Basic-Intermediate-Tutorial-Models/Tutorial-2/ch-12/12-8b.nec,ok,ok,0.09239218756556511,0.10077179968357086,0.9168,1
cebik-w4rnl/Basic-Intermediate-Tutorial-Models/Tutorial-2/ch-12/12-9.nec,ok,ok,0.02648080699145794,0.08271553926169872,,0
cebik-w4rnl/Basic-Intermediate-Tutorial-Models/Tutorial-2/ch-12/12-9a.nec,ok,ok,0.0070902444422245026,0.005928683094680309,,0
cebik-w4rnl/Basic-Intermediate-Tutorial-Models/Tutorial-2/ch-12/12-9b.nec,ok,ok,0.044093165546655655,0.1527837123721838,,0
cebik-w4rnl/Basic-Intermediate-Tutorial-Models/Tutorial-2/ch-12/12-9c.nec,ok,ok,0.04469282738864422,0.05380421504378319,,0
cebik-w4rnl/Basic-Intermediate-Tutorial-Models/Tutorial-2/ch-13/13-1.nec,ok,ok,0.007867886684834957,0.01776672713458538,,0
cebik-w4rnl/Basic-Intermediate-Tutorial-Models/Tutorial-2/ch-13/13-1a.nec,ok,ok,0.010818366892635822,0.024455854669213295,,0
cebik-w4rnl/Basic-Intermediate-Tutorial-Models/Tutorial-2/ch-13/13-1b.nec,ok,ok,0.008102897554636002,0.03465675190091133,,0
cebik-w4rnl/Basic-Intermediate-Tutorial-Models/Tutorial-2/ch-13/13-1c-nec4.nec,ok,ok,0.00806655827909708,0.009171213023364544,,0
cebik-w4rnl/Basic-Intermediate-Tutorial-Models/Tutorial-2/ch-13/13-1d.nec,ok,ok,0.00789966993033886,0.01822546124458313,,0
cebik-w4rnl/Basic-Intermediate-Tutorial-Models/Tutorial-2/ch-13/13-2.nec,ok,ok,0.00789126567542553,0.013670168817043304,,0
cebik-w4rnl/Basic-Intermediate-Tutorial-Models/Tutorial-2/ch-13/13-2a.nec,ok,ok,0.007930362597107887,0.014055163599550724,,0
cebik-w4rnl/Basic-Intermediate-Tutorial-Models/Tutorial-2/ch-13/13-2b.nec,ok,ok,0.007822120562195778,0.009752191603183746,,0
cebik-w4rnl/Basic-Intermediate-Tutorial-Models/Tutorial-2/ch-13/13-2c.nec,ok,ok,0.011836320161819458,0.015709849074482918,,0
cebik-w4rnl/Basic-Intermediate-Tutorial-Models/Tutorial-2/ch-13/13-2d.nec,ok,ok,0.007717454805970192,0.025818930938839912,,0
cebik-w4rnl/Basic-Intermediate-Tutorial-Models/Tutorial-2/ch-13/13-2e.nec,ok,ok,0.0090263606980443,0.02040388248860836,,0
cebik-w4rnl/Basic-Intermediate-Tutorial-Models/Tutorial-2/ch-13/13-3.nec,ok,ok,0.020653522573411465,0.08632111735641956,,0
cebik-w4rnl/Basic-Intermediate-Tutorial-Models/Tutorial-2/ch-13/13-3a.nec,ok,ok,0.020163760520517826,0.14800010155886412,,0
cebik-w4rnl/Basic-Intermediate-Tutorial-Models/Tutorial-2/ch-13/13-4.nec,ok,ok,0.007881964556872845,0.011904900893568993,,0
cebik-w4rnl/Basic-Intermediate-Tutorial-Models/Tutorial-2/ch-13/13-4a.nec,ok,ok,0.00811508484184742,0.036524553783237934,,0
cebik-w4rnl/Basic-Intermediate-Tutorial-Models/Tutorial-2/ch-13/13-4b.nec,ok,ok,0.007726038806140423,0.026988478377461433,,0
cebik-w4rnl/Basic-Intermediate-Tutorial-Models/Tutorial-2/ch-13/13-4c.nec,ok,ok,0.008117315359413624,0.00742862094193697,,0
cebik-w4rnl/Basic-Intermediate-Tutorial-Models/Tutorial-2/ch-13/13-4d.nec,ok,ok,0.008144036866724491,0.015161920338869095,,0
cebik-w4rnl/Basic-Intermediate-Tutorial-Models/Tutorial-2/ch-13/13-5.nec,ok,ok,0.00839704554527998,0.009504735469818115,,0
cebik-w4rnl/Basic-Intermediate-Tutorial-Models/Tutorial-2/ch-13/13-5a.nec,ok,ok,0.0114170853048563,0.017157986760139465,,0
cebik-w4rnl/Basic-Intermediate-Tutorial-Models/Tutorial-2/ch-13/13-6.nec,ok,ok,0.014000020921230316,0.021349691785871983,,0
cebik-w4rnl/Basic-Intermediate-Tutorial-Models/Tutorial-2/ch-13/13-6a.nec,ok,ok,0.014449561946094036,0.015306014567613602,,0
cebik-w4rnl/Basic-Intermediate-Tutorial-Models/Tutorial-2/ch-13/13-6b.nec,ok,ok,0.011497224681079388,0.018116663210093975,,0
cebik-w4rnl/Basic-Intermediate-Tutorial-Models/Tutorial-2/ch-13/13-7.nec,ok,ok,0.015054161660373211,0.01909956242889166,,0
cebik-w4rnl/Basic-Intermediate-Tutorial-Models/Tutorial-2/ch-13/13-7a.nec,ok,ok,0.013394179753959179,0.011824381537735462,,0
cebik-w4rnl/Basic-Intermediate-Tutorial-Models/Tutorial-2/ch-13/13-7b.nec,ok,ok,0.02426221128553152,0.047256010584533215,,0
cebik-w4rnl/Basic-Intermediate-Tutorial-Models/Tutorial-2/ch-13/13-7c.nec,ok,ok,0.02519212942570448,0.0417237002402544,,0
cebik-w4rnl/Basic-Intermediate-Tutorial-Models/Tutorial-2/ch-13/13-8.nec,ok,ok,0.018251003697514534,0.05625113192945719,,0
cebik-w4rnl/Basic-Intermediate-Tutorial-Models/Tutorial-2/ch-13/13-8a.nec,ok,ok,0.012757239863276482,0.04476378206163645,,0
cebik-w4rnl/Basic-Intermediate-Tutorial-Models/Tutorial-2/ch-13/13-8b.nec,ok,ok,0.04006395675241947,0.10202224273234606,,0
cebik-w4rnl/Basic-Intermediate-Tutorial-Models/Tutorial-2/ch-13/13-8c.nec,ok,ok,0.046518782153725624,0.09754223469644785,,0
cebik-w4rnl/Basic-Intermediate-Tutorial-Models/Tutorial-2/ch-13/13-9.nec,ok,ok,0.030840410850942135,0.07760544400662184,,0
cebik-w4rnl/Basic-Intermediate-Tutorial-Models/Tutorial-2/ch-13/13-9a.nec,ok,ok,0.09997451398521662,0.13087253458797932,0.7639,1
cebik-w4rnl/Basic-Intermediate-Tutorial-Models/Tutorial-2/ch-14/14-1.nec,ok,ok,0.022043797187507153,0.025150759145617485,,0
cebik-w4rnl/Basic-Intermediate-Tutorial-Models/Tutorial-2/ch-14/14-1a.nec,ok,ok,0.02220613695681095,0.03581668343394995,,0
cebik-w4rnl/Basic-Intermediate-Tutorial-Models/Tutorial-2/ch-14/14-3.nec,ok,ok,0.051134007051587105,0.12328715994954109,0.4148,1
cebik-w4rnl/Basic-Intermediate-Tutorial-Models/Tutorial-2/ch-14/14-3a.nec,ok,ok,0.0492986673489213,0.11386210098862648,,0
cebik-w4rnl/Basic-Intermediate-Tutorial-Models/Tutorial-2/ch-14/14-3b.nec,ok,ok,0.043615459464490414,0.06902046408504248,,0
cebik-w4rnl/Basic-Intermediate-Tutorial-Models/Tutorial-2/ch-14/14-3c.nec,ok,ok,0.04426904767751694,0.04816925432533026,,0
cebik-w4rnl/Basic-Intermediate-Tutorial-Models/Tutorial-2/ch-14/14-3d.nec,ok,ok,0.062033286318182945,0.10103926155716181,0.6140,1
cebik-w4rnl/Basic-Intermediate-Tutorial-Models/Tutorial-2/ch-14/14-4.nec,ok,ok,0.005753477104008198,0.004331905394792557,,0
cebik-w4rnl/Basic-Intermediate-Tutorial-Models/Tutorial-2/ch-14/14-4a.nec,ok,ok,0.010930388234555721,0.004116528667509556,,0
cebik-w4rnl/Basic-Intermediate-Tutorial-Models/Tutorial-2/ch-14/14-4b.nec,ok,ok,0.004880682565271854,0.004440438002347946,,0
cebik-w4rnl/Basic-Intermediate-Tutorial-Models/Tutorial-2/ch-14/14-4c.nec,ok,ok,0.005903798155486584,0.0037671858444809914,,0
cebik-w4rnl/Basic-Intermediate-Tutorial-Models/Tutorial-2/ch-14/14-5.nec,ok,ok,0.027513218112289906,0.0946243368089199,,0
cebik-w4rnl/Basic-Intermediate-Tutorial-Models/Tutorial-2/ch-14/14-5a.nec,ok,ok,0.0313439117744565,0.1123563488945365,,0
cebik-w4rnl/Basic-Intermediate-Tutorial-Models/Tutorial-2/ch-14/14-6.nec,ok,ok,0.018848969601094723,0.10060340538620949,,0
cebik-w4rnl/Basic-Intermediate-Tutorial-Models/Tutorial-2/ch-14/14-6a.nec,ok,ok,0.02087322063744068,0.096331387758255,,0
cebik-w4rnl/Basic-Intermediate-Tutorial-Models/Tutorial-2/ch-14/14-6b.nec,ok,ok,0.01926521211862564,0.10154385212808847,,0
cebik-w4rnl/Basic-Intermediate-Tutorial-Models/Tutorial-2/ch-14/14-6c.nec,ok,ok,0.02113959938287735,0.01666092313826084,,0
cebik-w4rnl/Basic-Intermediate-Tutorial-Models/Tutorial-2/ch-14/14-6d.nec,ok,ok,0.018838337622582912,0.03564988821744919,,0
cebik-w4rnl/Basic-Intermediate-Tutorial-Models/Tutorial-2/ch-15/15-1.nec,ok,ok,0.009664271958172321,0.02046272996813059,,0
cebik-w4rnl/Basic-Intermediate-Tutorial-Models/Tutorial-2/ch-15/15-1a.nec,ok,ok,0.009683859534561634,0.006607001647353172,,0
cebik-w4rnl/Basic-Intermediate-Tutorial-Models/Tutorial-2/ch-15/15-1b.nec,ok,ok,0.00843836646527052,0.011944356374442577,,0
cebik-w4rnl/Basic-Intermediate-Tutorial-Models/Tutorial-2/ch-15/15-1c.nec,ok,ok,0.008449251763522625,0.006594409234821796,,0
cebik-w4rnl/Basic-Intermediate-Tutorial-Models/Tutorial-2/ch-15/15-1c1.nec,ok,ok,0.09187335893511772,0.16448185965418816,0.5586,1
cebik-w4rnl/Basic-Intermediate-Tutorial-Models/Tutorial-2/ch-15/15-1d.nec,ok,ok,0.009867220185697079,0.0252632861956954,,0
cebik-w4rnl/Basic-Intermediate-Tutorial-Models/Tutorial-2/ch-15/15-1d1.nec,ok,ok,0.09281719662249088,0.09703232068568468,0.9566,1
cebik-w4rnl/Basic-Intermediate-Tutorial-Models/Tutorial-2/ch-15/15-2.nec,ok,ok,0.012604376301169395,0.02760050818324089,,0
cebik-w4rnl/Basic-Intermediate-Tutorial-Models/Tutorial-2/ch-15/15-2a.nec,ok,ok,0.008961264975368977,0.007053687237203121,,0
cebik-w4rnl/Basic-Intermediate-Tutorial-Models/Tutorial-2/ch-15/15-2b.nec,ok,ok,0.00995647069066763,0.016393122263252735,,0
cebik-w4rnl/Basic-Intermediate-Tutorial-Models/Tutorial-2/ch-15/15-3.nec,ok,ok,0.08733231760561466,0.0818328307941556,1.0672,1
cebik-w4rnl/Basic-Intermediate-Tutorial-Models/Tutorial-2/ch-15/15-3a.nec,ok,ok,0.08640342578291893,0.08397839963436127,1.0289,1
cebik-w4rnl/Basic-Intermediate-Tutorial-Models/Tutorial-2/ch-15/15-4-1.nec,ok,ok,0.012403563596308231,0.009308334439992905,,0
cebik-w4rnl/Basic-Intermediate-Tutorial-Models/Tutorial-2/ch-15/15-4.nec,ok,ok,0.011089574545621872,0.008308938704431057,,0
cebik-w4rnl/Basic-Intermediate-Tutorial-Models/Tutorial-2/ch-15/15-4a.nec,ok,ok,0.007442912086844444,0.008379613980650902,,0
cebik-w4rnl/Basic-Intermediate-Tutorial-Models/Tutorial-2/ch-15/15-4a1.nec,ok,ok,0.008034965954720974,0.009972934611141682,,0
cebik-w4rnl/Basic-Intermediate-Tutorial-Models/Tutorial-2/ch-15/15-4b.nec,ok,ok,0.007940556854009628,0.009771334007382393,,0
cebik-w4rnl/Basic-Intermediate-Tutorial-Models/Tutorial-2/ch-15/15-4b1.nec,ok,ok,0.00783588457852602,0.00663582980632782,,0
cebik-w4rnl/Basic-Intermediate-Tutorial-Models/Tutorial-2/ch-15/15-4c.nec,ok,ok,0.007927513681352139,0.032824582420289516,,0
cebik-w4rnl/Basic-Intermediate-Tutorial-Models/Tutorial-2/ch-15/15-4c1.nec,ok,ok,0.007832471281290054,0.0353520130738616,,0
cebik-w4rnl/Basic-Intermediate-Tutorial-Models/Tutorial-2/ch-15/15-5-1.nec,ok,ok,0.007834959775209427,0.0304151251912117,,0
cebik-w4rnl/Basic-Intermediate-Tutorial-Models/Tutorial-2/ch-15/15-5.nec,ok,ok,0.009103147312998772,0.02317444421350956,,0
cebik-w4rnl/Basic-Intermediate-Tutorial-Models/Tutorial-2/ch-15/15-5a-1.nec,ok,ok,0.009153909981250763,0.009607406333088875,,0
cebik-w4rnl/Basic-Intermediate-Tutorial-Models/Tutorial-2/ch-15/15-5a.nec,ok,ok,0.008004652336239815,0.00772921834141016,,0
cebik-w4rnl/Basic-Intermediate-Tutorial-Models/Tutorial-2/ch-15/15-5b-1.nec,ok,ok,0.0117651904001832,0.03185559902340174,,0
cebik-w4rnl/Basic-Intermediate-Tutorial-Models/Tutorial-2/ch-15/15-5b.nec,ok,ok,0.013980126939713955,0.02905231062322855,,0
cebik-w4rnl/Basic-Intermediate-Tutorial-Models/Tutorial-2/ch-15/15-6.nec,ok,ok,0.010057860985398293,0.03230202663689852,,0
cebik-w4rnl/Basic-Intermediate-Tutorial-Models/Tutorial-2/ch-15/15-6a.nec,ok,ok,0.01601990032941103,0.03637936897575855,,0
cebik-w4rnl/Basic-Intermediate-Tutorial-Models/Tutorial-2/ch-15/15-6b.nec,ok,ok,0.2357026021927595,0.09649109095335007,2.4427,1
cebik-w4rnl/Basic-Intermediate-Tutorial-Models/Tutorial-2/ch-15/15-7.nec,ok,ok,0.03969673998653889,0.08960545528680086,,0
cebik-w4rnl/Basic-Intermediate-Tutorial-Models/Tutorial-2/ch-15/15-7a.nec,ok,ok,0.6285434458404779,0.24272425938397646,2.5895,1
cebik-w4rnl/Basic-Intermediate-Tutorial-Models/Tutorial-2/ch-15/15-7b.nec,ok,ok,0.039999051950871944,0.10407745651900768,,0
cebik-w4rnl/Basic-Intermediate-Tutorial-Models/Tutorial-2/ch-15/15-7c.nec,ok,ok,0.34785868134349585,0.24976240657269955,1.3928,1
cebik-w4rnl/Basic-Intermediate-Tutorial-Models/Tutorial-2/ch-15/15-8.nec,ok,ok,0.3509573480114341,0.25708587747067213,1.3651,1
cebik-w4rnl/Basic-Intermediate-Tutorial-Models/Tutorial-2/ch-15/15-8a.nec,ok,ok,0.3465562090277672,0.24384022876620293,1.4212,1
cebik-w4rnl/Basic-Intermediate-Tutorial-Models/Tutorial-2/ch-15/15-8b.nec,ok,ok,0.31782628037035465,0.2601994862779975,1.2215,1
cebik-w4rnl/Basic-Intermediate-Tutorial-Models/Tutorial-2/ch-15/15-9.nec,ok,ok,0.018442905507981777,0.00976644642651081,,0
cebik-w4rnl/Basic-Intermediate-Tutorial-Models/Tutorial-2/ch-15/15-9a.nec,ok,ok,0.10127667244523764,0.10014369990676641,1.0113,1
cebik-w4rnl/Basic-Intermediate-Tutorial-Models/Tutorial-2/ch-16/16-1.nec,ok,ok,0.008284791372716427,0.00808249693363905,,0
cebik-w4rnl/Basic-Intermediate-Tutorial-Models/Tutorial-2/ch-16/16-10a.nec,ok,ok,0.01199120283126831,0.02192596346139908,,0
cebik-w4rnl/Basic-Intermediate-Tutorial-Models/Tutorial-2/ch-16/16-10b.nec,ok,ok,0.01184005755931139,0.012298334389925003,,0
cebik-w4rnl/Basic-Intermediate-Tutorial-Models/Tutorial-2/ch-16/16-10c.nec,ok,ok,0.00774551834911108,0.03777841851115227,,0
cebik-w4rnl/Basic-Intermediate-Tutorial-Models/Tutorial-2/ch-16/16-10d.nec,ok,ok,0.010668786242604256,0.03564246091991663,,0
cebik-w4rnl/Basic-Intermediate-Tutorial-Models/Tutorial-2/ch-16/16-10e.nec,ok,ok,0.008868087083101273,0.040298295207321644,,0
cebik-w4rnl/Basic-Intermediate-Tutorial-Models/Tutorial-2/ch-16/16-10f.nec,ok,ok,0.012910827994346619,0.03964769374579191,,0
cebik-w4rnl/Basic-Intermediate-Tutorial-Models/Tutorial-2/ch-16/16-10g.nec,ok,ok,0.0117855379357934,0.024074125103652477,,0
cebik-w4rnl/Basic-Intermediate-Tutorial-Models/Tutorial-2/ch-16/16-10h.nec,ok,ok,0.008205083198845387,0.026022518053650856,,0
cebik-w4rnl/Basic-Intermediate-Tutorial-Models/Tutorial-2/ch-16/16-11a.nec,ok,ok,0.011157012544572353,0.03766936343163252,,0
cebik-w4rnl/Basic-Intermediate-Tutorial-Models/Tutorial-2/ch-16/16-11b.nec,ok,ok,0.011354241520166397,0.035310257226228714,,0
cebik-w4rnl/Basic-Intermediate-Tutorial-Models/Tutorial-2/ch-16/16-11c.nec,ok,ok,0.010682002641260624,0.031058453023433685,,0
cebik-w4rnl/Basic-Intermediate-Tutorial-Models/Tutorial-2/ch-16/16-11d.nec,ok,ok,0.011362704448401928,0.02718714252114296,,0
cebik-w4rnl/Basic-Intermediate-Tutorial-Models/Tutorial-2/ch-16/16-11e.nec,ok,ok,0.011345098726451397,0.008366250433027744,,0
cebik-w4rnl/Basic-Intermediate-Tutorial-Models/Tutorial-2/ch-16/16-11f.nec,ok,ok,0.010418776422739029,0.008290511555969715,,0
cebik-w4rnl/Basic-Intermediate-Tutorial-Models/Tutorial-2/ch-16/16-11g.nec,ok,ok,0.01058715209364891,0.022672753781080246,,0
cebik-w4rnl/Basic-Intermediate-Tutorial-Models/Tutorial-2/ch-16/16-11h.nec,ok,ok,0.010008128359913826,0.02459405455738306,,0
cebik-w4rnl/Basic-Intermediate-Tutorial-Models/Tutorial-2/ch-16/16-1a.nec,ok,ok,0.007949798367917538,0.027967317029833794,,0
cebik-w4rnl/Basic-Intermediate-Tutorial-Models/Tutorial-2/ch-16/16-1b.nec,ok,ok,0.007489119656383991,0.025748352520167828,,0
cebik-w4rnl/Basic-Intermediate-Tutorial-Models/Tutorial-2/ch-16/16-1c.nec,ok,ok,0.007532254792749882,0.023784497752785683,,0
cebik-w4rnl/Basic-Intermediate-Tutorial-Models/Tutorial-2/ch-16/16-1d.nec,ok,ok,0.010765776969492435,0.025651673786342144,,0
cebik-w4rnl/Basic-Intermediate-Tutorial-Models/Tutorial-2/ch-16/16-2.nec,ok,ok,0.008120715618133545,0.032278817147016525,,0
cebik-w4rnl/Basic-Intermediate-Tutorial-Models/Tutorial-2/ch-16/16-2a.nec,ok,ok,0.008438176475465298,0.04334287624806166,,0
cebik-w4rnl/Basic-Intermediate-Tutorial-Models/Tutorial-2/ch-16/16-2b.nec,ok,ok,0.007284724153578281,0.01181346457451582,,0
cebik-w4rnl/Basic-Intermediate-Tutorial-Models/Tutorial-2/ch-16/16-2c.nec,ok,ok,0.01356405857950449,0.04804032016545534,,0
cebik-w4rnl/Basic-Intermediate-Tutorial-Models/Tutorial-2/ch-16/16-2d.nec,ok,ok,0.017055650241672993,0.050330267287790775,,0
cebik-w4rnl/Basic-Intermediate-Tutorial-Models/Tutorial-2/ch-16/16-3.nec,ok,ok,0.011054916307330132,0.0324733117595315,,0
cebik-w4rnl/Basic-Intermediate-Tutorial-Models/Tutorial-2/ch-16/16-4.nec,ok,ok,0.01041464228183031,0.03578703384846449,,0
cebik-w4rnl/Basic-Intermediate-Tutorial-Models/Tutorial-2/ch-16/16-4a.nec,ok,ok,0.015445148572325706,0.03792456444352865,,0
cebik-w4rnl/Basic-Intermediate-Tutorial-Models/Tutorial-2/ch-16/16-5.nec,ok,ok,0.012270321138203144,0.02647816576063633,,0
cebik-w4rnl/Basic-Intermediate-Tutorial-Models/Tutorial-2/ch-16/16-5a.nec,ok,ok,0.012035383842885494,0.014476255513727665,,0
cebik-w4rnl/Basic-Intermediate-Tutorial-Models/Tutorial-2/ch-16/16-6.nec,ok,ok,0.013870805501937866,0.015151320025324821,,0
cebik-w4rnl/Basic-Intermediate-Tutorial-Models/Tutorial-2/ch-16/16-6a.nec,ok,ok,0.013162839226424694,0.0068689072504639626,,0
cebik-w4rnl/Basic-Intermediate-Tutorial-Models/Tutorial-2/ch-16/16-7.nec,ok,ok,0.02192588709294796,0.09675585478544235,,0
cebik-w4rnl/Basic-Intermediate-Tutorial-Models/Tutorial-2/ch-16/16-7a.nec,ok,ok,0.021885579451918602,0.09803449641913176,,0
cebik-w4rnl/Basic-Intermediate-Tutorial-Models/Tutorial-2/ch-16/16-7b.nec,ok,ok,0.01924104057252407,0.04395937919616699,,0
cebik-w4rnl/Basic-Intermediate-Tutorial-Models/Tutorial-2/ch-16/16-8.nec,ok,ok,0.008731107227504253,0.036068965680897236,,0
cebik-w4rnl/Basic-Intermediate-Tutorial-Models/Tutorial-2/ch-16/16-8a.nec,ok,ok,0.011479181237518787,0.00831233337521553,,0
cebik-w4rnl/Basic-Intermediate-Tutorial-Models/Tutorial-2/ch-16/16-8b.nec,ok,ok,0.00841860193759203,0.012670955620706081,,0
cebik-w4rnl/Basic-Intermediate-Tutorial-Models/Tutorial-2/ch-16/16-8c.nec,ok,ok,0.008153964765369892,0.007501471787691116,,0
cebik-w4rnl/Basic-Intermediate-Tutorial-Models/Tutorial-2/ch-16/16-8d.nec,ok,ok,0.010927955619990826,0.026058590039610863,,0
cebik-w4rnl/Basic-Intermediate-Tutorial-Models/Tutorial-2/ch-16/16-9.nec,ok,ok,0.010458634234964848,0.02330960426479578,,0
cebik-w4rnl/Basic-Intermediate-Tutorial-Models/Tutorial-2/ch-16/16-9a.nec,ok,ok,0.00967424176633358,0.03372259810566902,,0
cebik-w4rnl/Basic-Intermediate-Tutorial-Models/Tutorial-2/ch-16/16-9b.nec,ok,ok,0.0157436802983284,0.030983873642981052,,0
cebik-w4rnl/Basic-Intermediate-Tutorial-Models/Tutorial-2/ch-16/16-9c.nec,ok,ok,0.015093917958438396,0.032259298488497734,,0
cebik-w4rnl/Basic-Intermediate-Tutorial-Models/Tutorial-2/ch-16/16-9d.nec,ok,ok,0.012455021031200886,0.028069891035556793,,0
cebik-w4rnl/Basic-Intermediate-Tutorial-Models/Tutorial-2/ch-16/16-9e.nec,ok,ok,0.009425386786460876,0.008355922996997833,,0
cebik-w4rnl/Basic-Intermediate-Tutorial-Models/Tutorial-2/ch-16/16-9f.nec,ok,ok,0.008771207183599472,0.01022032555192709,,0
cebik-w4rnl/Basic-Intermediate-Tutorial-Models/Tutorial-2/ch-16/16-9g.nec,ok,ok,0.01744789630174637,0.008263474330306053,,0
cebik-w4rnl/Basic-Intermediate-Tutorial-Models/Tutorial-2/ch-16/16-9h.nec,ok,ok,0.017527328804135323,0.011197922751307487,,0
cebik-w4rnl/Basic-Intermediate-Tutorial-Models/Tutorial-2/ch-17/17-1.nec,ok,ok,0.017581505700945854,0.008688624016940594,,0
cebik-w4rnl/Basic-Intermediate-Tutorial-Models/Tutorial-2/ch-17/17-10-nec2.nec,ok,ok,0.060324777849018574,0.10824717115610838,0.5573,1
cebik-w4rnl/Basic-Intermediate-Tutorial-Models/Tutorial-2/ch-17/17-10-nec4.nec,ok,ok,0.031037495471537113,0.10562776867300272,,0
cebik-w4rnl/Basic-Intermediate-Tutorial-Models/Tutorial-2/ch-17/17-11-nec2.nec,ok,ok,0.06337608303874731,0.10354513023048639,0.6121,1
cebik-w4rnl/Basic-Intermediate-Tutorial-Models/Tutorial-2/ch-17/17-11-nec4.nec,ok,ok,0.031193737871944904,0.11216994468122721,,0
cebik-w4rnl/Basic-Intermediate-Tutorial-Models/Tutorial-2/ch-17/17-1a.nec,ok,ok,0.1098330020904541,0.10732277203351259,1.0234,1
cebik-w4rnl/Basic-Intermediate-Tutorial-Models/Tutorial-2/ch-17/17-2.nec,ok,ok,0.38832036033272743,0.24967677798122168,1.5553,1
cebik-w4rnl/Basic-Intermediate-Tutorial-Models/Tutorial-2/ch-17/17-2a.nec,ok,ok,0.18968580849468708,0.12415794376283884,1.5278,1
cebik-w4rnl/Basic-Intermediate-Tutorial-Models/Tutorial-2/ch-17/17-3.nec,ok,ok,0.10652138944715261,0.11871746834367514,0.8973,1
cebik-w4rnl/Basic-Intermediate-Tutorial-Models/Tutorial-2/ch-17/17-3a.nec,ok,ok,0.10800699703395367,0.12118075974285603,0.8913,1
cebik-w4rnl/Basic-Intermediate-Tutorial-Models/Tutorial-2/ch-17/17-4.nec,ok,ok,0.008346565067768097,0.015351076610386372,,0
cebik-w4rnl/Basic-Intermediate-Tutorial-Models/Tutorial-2/ch-17/17-5.nec,ok,ok,0.008414488285779953,0.018249141052365303,,0
cebik-w4rnl/Basic-Intermediate-Tutorial-Models/Tutorial-2/ch-18/18-1.nec,ok,ok,0.10547073744237423,0.10397982969880104,1.0143,1
cebik-w4rnl/Basic-Intermediate-Tutorial-Models/Tutorial-2/ch-18/18-10.nec,ok,ok,0.5315381018444896,0.36721192579716444,1.4475,1
cebik-w4rnl/Basic-Intermediate-Tutorial-Models/Tutorial-2/ch-18/18-11.nec,no-impedance,no-impedance,0.005196131765842438,0.0034603318199515343,,0
cebik-w4rnl/Basic-Intermediate-Tutorial-Models/Tutorial-2/ch-18/18-11a.nec,ok,ok,0.8974691145122051,0.5932058179751039,1.5129,1
cebik-w4rnl/Basic-Intermediate-Tutorial-Models/Tutorial-2/ch-18/18-11b.nec,ok,ok,0.9072394268587232,0.595502014271915,1.5235,1
cebik-w4rnl/Basic-Intermediate-Tutorial-Models/Tutorial-2/ch-18/18-11c.nec,ok,ok,1.8125119730830193,1.1434204392135143,1.5852,1
cebik-w4rnl/Basic-Intermediate-Tutorial-Models/Tutorial-2/ch-18/18-12-nec2.nec,ok,ok,0.006041732616722584,0.004617459140717983,,0
cebik-w4rnl/Basic-Intermediate-Tutorial-Models/Tutorial-2/ch-18/18-12-nec4.nec,ok,ok,0.006062489002943039,0.004469160921871662,,0
cebik-w4rnl/Basic-Intermediate-Tutorial-Models/Tutorial-2/ch-18/18-13-nec4.nec,ok,ok,0.0060530900955200195,0.004489290527999401,,0
cebik-w4rnl/Basic-Intermediate-Tutorial-Models/Tutorial-2/ch-18/18-14-nec4.nec,ok,ok,0.0064293257892131805,0.005438699387013912,,0
cebik-w4rnl/Basic-Intermediate-Tutorial-Models/Tutorial-2/ch-18/18-2.nec,ok,ok,0.10585434641689062,0.1043840954080224,1.0141,1
cebik-w4rnl/Basic-Intermediate-Tutorial-Models/Tutorial-2/ch-18/18-3.nec,ok,ok,0.14897472970187664,0.10426769312471151,1.4288,1
cebik-w4rnl/Basic-Intermediate-Tutorial-Models/Tutorial-2/ch-18/18-4.nec,ok,ok,0.11137179378420115,0.10472698416560888,1.0634,1
cebik-w4rnl/Basic-Intermediate-Tutorial-Models/Tutorial-2/ch-18/18-5-nec4.nec,ok,ok,0.11120728217065334,0.1051484476774931,1.0576,1
cebik-w4rnl/Basic-Intermediate-Tutorial-Models/Tutorial-2/ch-18/18-6.nec,ok,ok,0.10471141245216131,0.10408584866672754,1.0060,1
cebik-w4rnl/Basic-Intermediate-Tutorial-Models/Tutorial-2/ch-18/18-7.nec,ok,ok,0.22279269620776176,0.1792173869907856,1.2431,1
cebik-w4rnl/Basic-Intermediate-Tutorial-Models/Tutorial-2/ch-18/18-8.nec,ok,ok,0.20467878878116608,0.18625392578542233,1.0989,1
cebik-w4rnl/Basic-Intermediate-Tutorial-Models/Tutorial-2/ch-18/18-9.nec,ok,ok,0.735399748198688,0.6262047765776515,1.1744,1
cebik-w4rnl/Basic-Intermediate-Tutorial-Models/Tutorial-2/ch-19/19-1.nec,ok,ok,0.008768786676228046,0.032185161486268044,,0
cebik-w4rnl/Basic-Intermediate-Tutorial-Models/Tutorial-2/ch-19/19-10.nec,ok,ok,0.018106456845998764,0.05205851886421442,,0
cebik-w4rnl/Basic-Intermediate-Tutorial-Models/Tutorial-2/ch-19/19-10a.nec,ok,ok,1.1077335188165307,0.41291937604546547,2.6827,1
cebik-w4rnl/Basic-Intermediate-Tutorial-Models/Tutorial-2/ch-19/19-10b.nec,ok,ok,0.6788197904825211,0.2225435022264719,3.0503,1
cebik-w4rnl/Basic-Intermediate-Tutorial-Models/Tutorial-2/ch-19/19-11.nec,ok,ok,0.010963434353470802,0.05885329097509384,,0
cebik-w4rnl/Basic-Intermediate-Tutorial-Models/Tutorial-2/ch-19/19-11a.nec,ok,ok,0.010892854072153568,0.019489917904138565,,0
cebik-w4rnl/Basic-Intermediate-Tutorial-Models/Tutorial-2/ch-19/19-11b.nec,ok,ok,0.009898755699396133,0.042708336375653744,,0
cebik-w4rnl/Basic-Intermediate-Tutorial-Models/Tutorial-2/ch-19/19-11c.nec,ok,ok,0.14448626432567835,0.14681407809257507,0.9841,1
cebik-w4rnl/Basic-Intermediate-Tutorial-Models/Tutorial-2/ch-19/19-12.nec,ok-no-source,ok-no-source,0.01157471351325512,0.07065099384635687,,0
cebik-w4rnl/Basic-Intermediate-Tutorial-Models/Tutorial-2/ch-19/19-12a.nec,ok-no-source,ok-no-source,0.01199879590421915,0.07234526891261339,,0
cebik-w4rnl/Basic-Intermediate-Tutorial-Models/Tutorial-2/ch-19/19-12b.nec,ok-no-source,ok-no-source,0.01780515071004629,0.07826634496450424,,0
cebik-w4rnl/Basic-Intermediate-Tutorial-Models/Tutorial-2/ch-19/19-13.nec,ok-no-source,ok-no-source,0.011937995441257954,0.07177572418004274,,0
cebik-w4rnl/Basic-Intermediate-Tutorial-Models/Tutorial-2/ch-19/19-13a.nec,ok-no-source,ok-no-source,0.011950935237109661,0.019932406954467297,,0
cebik-w4rnl/Basic-Intermediate-Tutorial-Models/Tutorial-2/ch-19/19-14.nec,ok-no-source,ok-no-source,0.011884467676281929,0.03749237023293972,,0
cebik-w4rnl/Basic-Intermediate-Tutorial-Models/Tutorial-2/ch-19/19-15-nec4.nec,ok-no-source,ok-no-source,0.011889367364346981,0.027862833812832832,,0
cebik-w4rnl/Basic-Intermediate-Tutorial-Models/Tutorial-2/ch-19/19-15a-nec4.nec,ok-no-source,ok-no-source,0.011868910863995552,0.008964904583990574,,0
cebik-w4rnl/Basic-Intermediate-Tutorial-Models/Tutorial-2/ch-19/19-16.nec,ok-no-source,ok-no-source,1.2044921992346644,0.4325046595185995,,0
cebik-w4rnl/Basic-Intermediate-Tutorial-Models/Tutorial-2/ch-19/19-16a.nec,ok-no-source,ok-no-source,1.191650585271418,0.41936258878558874,,0
cebik-w4rnl/Basic-Intermediate-Tutorial-Models/Tutorial-2/ch-19/19-16b.nec,ok-no-source,ok-no-source,1.1887759873643517,0.44231887720525265,,0
cebik-w4rnl/Basic-Intermediate-Tutorial-Models/Tutorial-2/ch-19/19-1a.nec,ok-no-source,ok-no-source,0.004651125520467758,0.003950688987970352,,0
cebik-w4rnl/Basic-Intermediate-Tutorial-Models/Tutorial-2/ch-19/19-2.nec,ok,ok,0.10820904187858105,0.10591723956167698,1.0216,1
cebik-w4rnl/Basic-Intermediate-Tutorial-Models/Tutorial-2/ch-19/19-2a.nec,ok-no-source,ok-no-source,0.1057641850784421,0.10449273325502872,,0
cebik-w4rnl/Basic-Intermediate-Tutorial-Models/Tutorial-2/ch-19/19-3.nec,ok,ok,0.009973875246942043,0.03943317290395498,,0
cebik-w4rnl/Basic-Intermediate-Tutorial-Models/Tutorial-2/ch-19/19-3a.nec,ok-no-source,ok-no-source,0.0064835622906684875,0.004849383607506752,,0
cebik-w4rnl/Basic-Intermediate-Tutorial-Models/Tutorial-2/ch-19/19-4.nec,ok,ok,0.009374625980854034,0.013178392313420773,,0
cebik-w4rnl/Basic-Intermediate-Tutorial-Models/Tutorial-2/ch-19/19-4a.nec,ok-no-source,ok-no-source,0.006499310024082661,0.005236867815256119,,0
cebik-w4rnl/Basic-Intermediate-Tutorial-Models/Tutorial-2/ch-19/19-5a.nec,ok-no-source,ok-no-source,0.006158096715807915,0.0046372190117836,,0
cebik-w4rnl/Basic-Intermediate-Tutorial-Models/Tutorial-2/ch-19/19-5b.nec,ok-no-source,ok-no-source,0.005805200897157192,0.0045642005279660225,,0
cebik-w4rnl/Basic-Intermediate-Tutorial-Models/Tutorial-2/ch-19/19-5c.nec,ok-no-source,ok-no-source,0.0060375751927495,0.004466270096600056,,0
cebik-w4rnl/Basic-Intermediate-Tutorial-Models/Tutorial-2/ch-19/19-5d.nec,ok-no-source,ok-no-source,0.005897438153624535,0.004514614120125771,,0
cebik-w4rnl/Basic-Intermediate-Tutorial-Models/Tutorial-2/ch-19/19-5e.nec,ok-no-source,ok-no-source,0.0058608707040548325,0.0041802991181612015,,0
cebik-w4rnl/Basic-Intermediate-Tutorial-Models/Tutorial-2/ch-19/19-6a.nec,ok-no-source,ok-no-source,0.10632581822574139,0.10539157968014479,,0
cebik-w4rnl/Basic-Intermediate-Tutorial-Models/Tutorial-2/ch-19/19-6b.nec,ok-no-source,ok-no-source,0.12777031492441893,0.10423124395310879,,0
cebik-w4rnl/Basic-Intermediate-Tutorial-Models/Tutorial-2/ch-19/19-6c.nec,ok-no-source,ok-no-source,0.1340494155883789,0.1042102612555027,,0
cebik-w4rnl/Basic-Intermediate-Tutorial-Models/Tutorial-2/ch-19/19-6d.nec,ok-no-source,ok-no-source,0.14376499876379967,0.1037802817299962,,0
cebik-w4rnl/Basic-Intermediate-Tutorial-Models/Tutorial-2/ch-19/19-6e.nec,ok-no-source,ok-no-source,0.17584567330777645,0.10560067556798458,,0
cebik-w4rnl/Basic-Intermediate-Tutorial-Models/Tutorial-2/ch-19/19-7-nec2.nec,ok,ok,0.055106653831899166,0.12738381512463093,0.4326,1
cebik-w4rnl/Basic-Intermediate-Tutorial-Models/Tutorial-2/ch-19/19-7a-nec2.nec,ok-no-source,ok-no-source,0.014727410860359669,0.08511450421065092,,0
cebik-w4rnl/Basic-Intermediate-Tutorial-Models/Tutorial-2/ch-19/19-7b-nec2.nec,ok-no-source,ok-no-source,0.014491821639239788,0.09973116032779217,,0
cebik-w4rnl/Basic-Intermediate-Tutorial-Models/Tutorial-2/ch-19/19-8-nec2.nec,ok,ok,0.05734890326857567,0.09968500398099422,0.5753,1
cebik-w4rnl/Basic-Intermediate-Tutorial-Models/Tutorial-2/ch-19/19-8a-nec2.nec,ok-no-source,ok-no-source,0.01629598531872034,0.0864552240818739,,0
cebik-w4rnl/Basic-Intermediate-Tutorial-Models/Tutorial-2/ch-19/19-8b-nec2.nec,ok-no-source,ok-no-source,0.01679821126163006,0.08457578253000975,,0
cebik-w4rnl/Basic-Intermediate-Tutorial-Models/Tutorial-2/ch-19/19-9b-nec.nec,ok-no-source,ok-no-source,0.015507028438150883,0.08563259243965149,,0
cebik-w4rnl/Basic-Intermediate-Tutorial-Models/Tutorial-2/ch-19/19-9c-nec2.nec,ok-no-source,ok-no-source,0.014410893432796001,0.08500118460506201,,0
cebik-w4rnl/Basic-Intermediate-Tutorial-Models/Tutorial-2/ch-19/19-9d-nec2.nec,ok-no-source,ok-no-source,0.015067107044160366,0.08734480943530798,,0
cebik-w4rnl/Basic-Intermediate-Tutorial-Models/Tutorial-2/ch-19/19-9e-nec2.nec,ok-no-source,ok-no-source,0.014389296993613243,0.0893360273912549,,0
cebik-w4rnl/Basic-Intermediate-Tutorial-Models/Tutorial-2/ch-2/2-0.nec,ok,ok,0.00941383745521307,0.007769551128149033,,0
cebik-w4rnl/Basic-Intermediate-Tutorial-Models/Tutorial-2/ch-2/2-1.nec,ok,ok,0.015594197437167168,0.01015979889780283,,0
cebik-w4rnl/Basic-Intermediate-Tutorial-Models/Tutorial-2/ch-2/2-1a.nec,ok,ok,0.012097983621060848,0.01488350797444582,,0
cebik-w4rnl/Basic-Intermediate-Tutorial-Models/Tutorial-2/ch-2/2-1b.nec,ok,ok,0.014593807980418205,0.007123560644686222,,0
cebik-w4rnl/Basic-Intermediate-Tutorial-Models/Tutorial-2/ch-2/2-1c.nec,ok,ok,0.020084301009774208,0.04827405046671629,,0
cebik-w4rnl/Basic-Intermediate-Tutorial-Models/Tutorial-2/ch-2/2-2.nec,ok,ok,0.011700491420924664,0.05070430226624012,,0
cebik-w4rnl/Basic-Intermediate-Tutorial-Models/Tutorial-2/ch-2/2-2a.nec,ok,ok,0.011433719657361507,0.031590741127729416,,0
cebik-w4rnl/Basic-Intermediate-Tutorial-Models/Tutorial-2/ch-2/2-2b.nec,ok,ok,0.007478200830519199,0.034389239735901356,,0
cebik-w4rnl/Basic-Intermediate-Tutorial-Models/Tutorial-2/ch-2/2-2c.nec,ok,ok,0.013582836836576462,0.008100822567939758,,0
cebik-w4rnl/Basic-Intermediate-Tutorial-Models/Tutorial-2/ch-2/2-2d.nec,error,error,0.004445423372089863,0.003283456899225712,,0
cebik-w4rnl/Basic-Intermediate-Tutorial-Models/Tutorial-2/ch-2/2-3.nec,ok,ok,0.015456589870154858,0.010368319228291512,,0
cebik-w4rnl/Basic-Intermediate-Tutorial-Models/Tutorial-2/ch-2/2-3a.nec,ok,ok,0.013636309653520584,0.006196146830916405,,0
cebik-w4rnl/Basic-Intermediate-Tutorial-Models/Tutorial-2/ch-2/2-4.nec,ok,ok,0.00984917487949133,0.030182895250618458,,0
cebik-w4rnl/Basic-Intermediate-Tutorial-Models/Tutorial-2/ch-2/2-4a-nec2.nec,ok,ok,0.017942333593964577,0.02990021836012602,,0
cebik-w4rnl/Basic-Intermediate-Tutorial-Models/Tutorial-2/ch-2/2-4a-nec4.nec,ok,ok,0.011202102527022362,0.039146462455391884,,0
cebik-w4rnl/Basic-Intermediate-Tutorial-Models/Tutorial-2/ch-2/2-5.nec,ok,ok,0.08789553120732307,0.09656049311161041,0.9103,1
cebik-w4rnl/Basic-Intermediate-Tutorial-Models/Tutorial-2/ch-2/2-5a-nec2.nec,ok,ok,0.07730296161025763,0.1746063344180584,0.4427,1
cebik-w4rnl/Basic-Intermediate-Tutorial-Models/Tutorial-2/ch-2/2-5a-nec4.nec,ok,ok,0.0829659029841423,0.12281642202287912,0.6755,1
cebik-w4rnl/Basic-Intermediate-Tutorial-Models/Tutorial-2/ch-2/2-5b-nec2.nec,ok,ok,0.0831806380301714,0.12675272580236197,0.6562,1
cebik-w4rnl/Basic-Intermediate-Tutorial-Models/Tutorial-2/ch-2/2-5b-nec4.nec,ok,ok,0.08242116030305624,0.10991038475185633,0.7499,1
cebik-w4rnl/Basic-Intermediate-Tutorial-Models/Tutorial-2/ch-2/2-6-nec2.nec,ok,ok,0.028924680314958096,0.023277664557099342,,0
cebik-w4rnl/Basic-Intermediate-Tutorial-Models/Tutorial-2/ch-2/2-6-nec4.nec,ok,ok,0.03586754575371742,0.015512763522565365,,0
cebik-w4rnl/Basic-Intermediate-Tutorial-Models/Tutorial-2/ch-2/2-6a-nec2.nec,ok,ok,0.0310586579144001,0.017032410018146038,,0
cebik-w4rnl/Basic-Intermediate-Tutorial-Models/Tutorial-2/ch-2/2-6a-nec4.nec,ok,ok,0.030343021266162395,0.015574793331325054,,0
cebik-w4rnl/Basic-Intermediate-Tutorial-Models/Tutorial-2/ch-2/2-7.nec,ok,ok,0.010154482908546925,0.0123645244166255,,0
cebik-w4rnl/Basic-Intermediate-Tutorial-Models/Tutorial-2/ch-2/2-7a.nec,ok,ok,0.009873317554593086,0.008291392587125301,,0
cebik-w4rnl/Basic-Intermediate-Tutorial-Models/Tutorial-2/ch-2/2-7b.nec,ok,ok,0.00848869327455759,0.026155375875532627,,0
cebik-w4rnl/Basic-Intermediate-Tutorial-Models/Tutorial-2/ch-20/20-1-nec2.nec,ok,ok,0.008068135939538479,0.020859395153820515,,0
cebik-w4rnl/Basic-Intermediate-Tutorial-Models/Tutorial-2/ch-20/20-10.nec,ok,ok,0.014759328216314316,0.008338895626366138,,0
cebik-w4rnl/Basic-Intermediate-Tutorial-Models/Tutorial-2/ch-20/20-10a.nec,ok,ok,0.007720942609012127,0.006291613914072514,,0
cebik-w4rnl/Basic-Intermediate-Tutorial-Models/Tutorial-2/ch-20/20-11.nec,ok,ok,0.011632167734205723,0.02865003142505884,,0
cebik-w4rnl/Basic-Intermediate-Tutorial-Models/Tutorial-2/ch-20/20-11a.nec,ok,ok,0.007814242504537106,0.031166142784059048,,0
cebik-w4rnl/Basic-Intermediate-Tutorial-Models/Tutorial-2/ch-20/20-12.nec,ok,ok,0.010940303094685078,0.009360157884657383,,0
cebik-w4rnl/Basic-Intermediate-Tutorial-Models/Tutorial-2/ch-20/20-13.nec,ok,ok,0.0049508316442370415,0.004569972865283489,,0
cebik-w4rnl/Basic-Intermediate-Tutorial-Models/Tutorial-2/ch-20/20-14.nec,ok,ok,0.28084780275821686,0.22781669814139605,1.2328,1
cebik-w4rnl/Basic-Intermediate-Tutorial-Models/Tutorial-2/ch-20/20-15.nec,ok,ok,0.0920218713581562,0.09767743200063705,0.9421,1
cebik-w4rnl/Basic-Intermediate-Tutorial-Models/Tutorial-2/ch-20/20-15a.nec,ok,ok,0.09861509501934052,0.0992132043465972,0.9940,1
cebik-w4rnl/Basic-Intermediate-Tutorial-Models/Tutorial-2/ch-20/20-15b.nec,ok,ok,0.29245119728147984,0.2395444344729185,1.2209,1
cebik-w4rnl/Basic-Intermediate-Tutorial-Models/Tutorial-2/ch-20/20-2a-nec2.nec,ok,ok,0.0072182584553956985,0.028335233218967915,,0
cebik-w4rnl/Basic-Intermediate-Tutorial-Models/Tutorial-2/ch-20/20-2b-nec2.nec,ok,ok,0.010394995100796223,0.021245885640382767,,0
cebik-w4rnl/Basic-Intermediate-Tutorial-Models/Tutorial-2/ch-20/20-2c-nec2.nec,ok,ok,0.007752204313874245,0.008040976710617542,,0
cebik-w4rnl/Basic-Intermediate-Tutorial-Models/Tutorial-2/ch-20/20-2d-nec2.nec,ok,ok,0.010828517377376556,0.007904362864792347,,0
cebik-w4rnl/Basic-Intermediate-Tutorial-Models/Tutorial-2/ch-20/20-2e-nec2.nec,ok,ok,0.007598172873258591,0.008250696584582329,,0
cebik-w4rnl/Basic-Intermediate-Tutorial-Models/Tutorial-2/ch-20/20-2f-nec2.nec,ok,ok,0.007562617771327496,0.008004836738109589,,0
cebik-w4rnl/Basic-Intermediate-Tutorial-Models/Tutorial-2/ch-20/20-2g-nec.nec,ok,ok,0.007608911022543907,0.008252592757344246,,0
cebik-w4rnl/Basic-Intermediate-Tutorial-Models/Tutorial-2/ch-20/20-3a.nec,ok,ok,0.007631260901689529,0.008257965557277203,,0
cebik-w4rnl/Basic-Intermediate-Tutorial-Models/Tutorial-2/ch-20/20-3b.nec,ok,ok,0.008358892984688282,0.008163055405020714,,0
cebik-w4rnl/Basic-Intermediate-Tutorial-Models/Tutorial-2/ch-20/20-3c.nec,ok,ok,0.011134892702102661,0.008010905236005783,,0
cebik-w4rnl/Basic-Intermediate-Tutorial-Models/Tutorial-2/ch-20/20-3d.nec,ok,ok,0.008912897668778896,0.007817230187356472,,0
cebik-w4rnl/Basic-Intermediate-Tutorial-Models/Tutorial-2/ch-20/20-3e.nec,ok,ok,0.012219619005918503,0.007756272330880165,,0
cebik-w4rnl/Basic-Intermediate-Tutorial-Models/Tutorial-2/ch-20/20-3f.nec,ok,ok,0.009098559617996216,0.008452323265373707,,0
cebik-w4rnl/Basic-Intermediate-Tutorial-Models/Tutorial-2/ch-20/20-3g.nec,ok,ok,0.008418017998337746,0.007771125994622707,,0
cebik-w4rnl/Basic-Intermediate-Tutorial-Models/Tutorial-2/ch-20/20-4a-nec2.nec,ok,ok,0.015363721176981926,0.007367722690105438,,0
cebik-w4rnl/Basic-Intermediate-Tutorial-Models/Tutorial-2/ch-20/20-4b-nec2.nec,ok,ok,0.010760444216430187,0.00737167801707983,,0
cebik-w4rnl/Basic-Intermediate-Tutorial-Models/Tutorial-2/ch-20/20-4c-nec2.nec,ok,ok,0.010685591958463192,0.007469562813639641,,0
cebik-w4rnl/Basic-Intermediate-Tutorial-Models/Tutorial-2/ch-20/20-4d-nec2.nec,ok,ok,0.010411102324724197,0.007384700700640678,,0
cebik-w4rnl/Basic-Intermediate-Tutorial-Models/Tutorial-2/ch-20/20-4e-nec2.nec,ok,ok,0.010348483920097351,0.016667486168444157,,0
cebik-w4rnl/Basic-Intermediate-Tutorial-Models/Tutorial-2/ch-20/20-4f-nec2.nec,ok,ok,0.007959989830851555,0.01566920056939125,,0
cebik-w4rnl/Basic-Intermediate-Tutorial-Models/Tutorial-2/ch-20/20-4g-nec2.nec,ok,ok,0.010376903228461742,0.03244474157691002,,0
cebik-w4rnl/Basic-Intermediate-Tutorial-Models/Tutorial-2/ch-20/20-5a.nec,ok,ok,0.008840718306601048,0.02840288169682026,,0
cebik-w4rnl/Basic-Intermediate-Tutorial-Models/Tutorial-2/ch-20/20-5b.nec,ok,ok,0.007923081517219543,0.024831557646393776,,0
cebik-w4rnl/Basic-Intermediate-Tutorial-Models/Tutorial-2/ch-20/20-5c.nec,ok,ok,0.00798209011554718,0.019212725572288036,,0
cebik-w4rnl/Basic-Intermediate-Tutorial-Models/Tutorial-2/ch-20/20-5d.nec,ok,ok,0.007324950769543648,0.014650373719632626,,0
cebik-w4rnl/Basic-Intermediate-Tutorial-Models/Tutorial-2/ch-20/20-5e.nec,ok,ok,0.00817472767084837,0.013219241052865982,,0
cebik-w4rnl/Basic-Intermediate-Tutorial-Models/Tutorial-2/ch-20/20-5f.nec,ok,ok,0.012098821811378002,0.02630174160003662,,0
cebik-w4rnl/Basic-Intermediate-Tutorial-Models/Tutorial-2/ch-20/20-5g.nec,ok,ok,0.00744879525154829,0.027453139424324036,,0
cebik-w4rnl/Basic-Intermediate-Tutorial-Models/Tutorial-2/ch-20/20-6.nec,ok,ok,0.012487798929214478,0.026444246992468834,,0
cebik-w4rnl/Basic-Intermediate-Tutorial-Models/Tutorial-2/ch-20/20-6a.nec,ok,ok,0.008483919315040112,0.023829014040529728,,0
cebik-w4rnl/Basic-Intermediate-Tutorial-Models/Tutorial-2/ch-20/20-6b.nec,ok,ok,0.012674855999648571,0.008555564098060131,,0
cebik-w4rnl/Basic-Intermediate-Tutorial-Models/Tutorial-2/ch-20/20-7.nec,ok,ok,0.0059321168810129166,0.0041435714811086655,,0
cebik-w4rnl/Basic-Intermediate-Tutorial-Models/Tutorial-2/ch-20/20-8-nec2.nec,ok,ok,0.005866180174052715,0.006453494541347027,,0
cebik-w4rnl/Basic-Intermediate-Tutorial-Models/Tutorial-2/ch-20/20-8-nec4.nec,ok-no-source,ok-no-source,0.009567365050315857,0.004238089546561241,,0
cebik-w4rnl/Basic-Intermediate-Tutorial-Models/Tutorial-2/ch-20/20-9-nec2.nec,ok,ok,0.03156312368810177,0.025295458734035492,,0
cebik-w4rnl/Basic-Intermediate-Tutorial-Models/Tutorial-2/ch-20/20-9-nec4.nec,ok-no-source,ok-no-source,0.024101387709379196,0.02313090953975916,,0
cebik-w4rnl/Basic-Intermediate-Tutorial-Models/Tutorial-2/ch-21/21-1.nec,ok,ok,0.011361053213477135,0.05218236427754164,,0
cebik-w4rnl/Basic-Intermediate-Tutorial-Models/Tutorial-2/ch-21/21-10.nec,ok,ok,0.026885217055678368,0.08734912425279617,,0
cebik-w4rnl/Basic-Intermediate-Tutorial-Models/Tutorial-2/ch-21/21-11.nec,ok,ok,0.15305009949952364,0.1412581279873848,1.0835,1
cebik-w4rnl/Basic-Intermediate-Tutorial-Models/Tutorial-2/ch-21/21-12a.nec,ok,ok,0.01469158660620451,0.03547362331300974,,0
cebik-w4rnl/Basic-Intermediate-Tutorial-Models/Tutorial-2/ch-21/21-12b.nec,ok,ok,0.013148410245776176,0.017001446336507797,,0
cebik-w4rnl/Basic-Intermediate-Tutorial-Models/Tutorial-2/ch-21/21-12c.nec,ok,ok,0.012393847107887268,0.03264323063194752,,0
cebik-w4rnl/Basic-Intermediate-Tutorial-Models/Tutorial-2/ch-21/21-13.nec,ok,ok,0.02726203389465809,0.11755478754639626,,0
cebik-w4rnl/Basic-Intermediate-Tutorial-Models/Tutorial-2/ch-21/21-14.nec,ok,ok,0.019431469030678272,0.10869080200791359,,0
cebik-w4rnl/Basic-Intermediate-Tutorial-Models/Tutorial-2/ch-21/21-15.nec,ok,ok,0.02097953762859106,0.024582411162555218,,0
cebik-w4rnl/Basic-Intermediate-Tutorial-Models/Tutorial-2/ch-21/21-2.nec,ok,ok,0.018222364597022533,0.0156565485522151,,0
cebik-w4rnl/Basic-Intermediate-Tutorial-Models/Tutorial-2/ch-21/21-3.nec,ok,ok,0.013088550418615341,0.04892694856971502,,0
cebik-w4rnl/Basic-Intermediate-Tutorial-Models/Tutorial-2/ch-21/21-4.nec,ok,ok,0.019050817005336285,0.053608132526278496,,0
cebik-w4rnl/Basic-Intermediate-Tutorial-Models/Tutorial-2/ch-21/21-5.nec,ok,ok,0.022047090344130993,0.1155795082449913,,0
cebik-w4rnl/Basic-Intermediate-Tutorial-Models/Tutorial-2/ch-21/21-6.nec,ok,ok,0.06768066249787807,0.1207709601148963,0.5604,1
cebik-w4rnl/Basic-Intermediate-Tutorial-Models/Tutorial-2/ch-21/21-7.nec,ok,ok,0.02170501835644245,0.021210030652582645,,0
cebik-w4rnl/Basic-Intermediate-Tutorial-Models/Tutorial-2/ch-21/21-8.nec,ok,ok,0.01218738965690136,0.02781215962022543,,0
cebik-w4rnl/Basic-Intermediate-Tutorial-Models/Tutorial-2/ch-21/21-9.nec,ok,ok,0.034122842364013195,0.037616060115396976,,0
cebik-w4rnl/Basic-Intermediate-Tutorial-Models/Tutorial-2/ch-3/3-0.nec,ok,ok,0.014131464064121246,0.00806526467204094,,0
cebik-w4rnl/Basic-Intermediate-Tutorial-Models/Tutorial-2/ch-3/3-1.nec,ok,ok,0.02457141224294901,0.013856661505997181,,0
cebik-w4rnl/Basic-Intermediate-Tutorial-Models/Tutorial-2/ch-3/3-1a-nec2.nec,ok,ok,0.02481064945459366,0.025403750129044056,,0
cebik-w4rnl/Basic-Intermediate-Tutorial-Models/Tutorial-2/ch-3/3-1a-nec4.nec,ok,ok,0.024229776114225388,0.009930726140737534,,0
cebik-w4rnl/Basic-Intermediate-Tutorial-Models/Tutorial-2/ch-3/3-1b-nec4.nec,ok,ok,0.008747533895075321,0.009469629265367985,,0
cebik-w4rnl/Basic-Intermediate-Tutorial-Models/Tutorial-2/ch-3/3-1c-nec4.nec,ok,ok,0.01283799298107624,0.026393632404506207,,0
cebik-w4rnl/Basic-Intermediate-Tutorial-Models/Tutorial-2/ch-3/3-1d-nec4.nec,ok,ok,0.012571572326123714,0.019094958901405334,,0
cebik-w4rnl/Basic-Intermediate-Tutorial-Models/Tutorial-2/ch-3/3-2.nec,ok,ok,0.3872950216755271,0.2820051582530141,1.3734,1
cebik-w4rnl/Basic-Intermediate-Tutorial-Models/Tutorial-2/ch-3/3-2a-nec4.nec,ok,ok,0.3905239310115576,0.2783465590327978,1.4030,1
cebik-w4rnl/Basic-Intermediate-Tutorial-Models/Tutorial-2/ch-3/3-2b-nec4.nec,ok,ok,0.3985526654869318,0.33610729314386845,1.1858,1
cebik-w4rnl/Basic-Intermediate-Tutorial-Models/Tutorial-2/ch-3/3-3.nec,ok,ok,0.011659116484224796,0.047543054446578026,,0
cebik-w4rnl/Basic-Intermediate-Tutorial-Models/Tutorial-2/ch-3/3-3a.nec,ok,ok,0.011357462964951992,0.02413230389356613,,0
cebik-w4rnl/Basic-Intermediate-Tutorial-Models/Tutorial-2/ch-3/3-3b.nec,ok,ok,0.007608775980770588,0.00756155326962471,,0
cebik-w4rnl/Basic-Intermediate-Tutorial-Models/Tutorial-2/ch-3/3-3c.nec,ok,ok,0.008759591728448868,0.00747361034154892,,0
cebik-w4rnl/Basic-Intermediate-Tutorial-Models/Tutorial-2/ch-3/3-4.nec,ok,ok,0.02343684807419777,0.02127851452678442,,0
cebik-w4rnl/Basic-Intermediate-Tutorial-Models/Tutorial-2/ch-3/3-4a.nec,ok,ok,0.01812855154275894,0.01605756301432848,,0
cebik-w4rnl/Basic-Intermediate-Tutorial-Models/Tutorial-2/ch-3/3-5.nec,ok,ok,0.03740247245877981,0.02698733750730753,,0
cebik-w4rnl/Basic-Intermediate-Tutorial-Models/Tutorial-2/ch-3/3-5a.nec,ok,ok,0.017566950991749763,0.016185683198273182,,0
cebik-w4rnl/Basic-Intermediate-Tutorial-Models/Tutorial-2/ch-3/3-6.nec,ok,ok,0.008942660875618458,0.00792774185538292,,0
cebik-w4rnl/Basic-Intermediate-Tutorial-Models/Tutorial-2/ch-3/3-6a.nec,ok,ok,0.008635138161480427,0.00795695185661316,,0
cebik-w4rnl/Basic-Intermediate-Tutorial-Models/Tutorial-2/ch-3/3-6b.nec,ok,ok,0.011282439343631268,0.008055915124714375,,0
cebik-w4rnl/Basic-Intermediate-Tutorial-Models/Tutorial-2/ch-3/3-6c.nec,ok,ok,0.008238769136369228,0.007999751716852188,,0
cebik-w4rnl/Basic-Intermediate-Tutorial-Models/Tutorial-2/ch-3/3-7.nec,ok,ok,0.011071537621319294,0.007793361321091652,,0
cebik-w4rnl/Basic-Intermediate-Tutorial-Models/Tutorial-2/ch-3/3-7a.nec,ok,ok,0.009121064096689224,0.00789521262049675,,0
cebik-w4rnl/Basic-Intermediate-Tutorial-Models/Tutorial-2/ch-3/3-7b.nec,ok,ok,0.012754523195326328,0.012328232638537884,,0
cebik-w4rnl/Basic-Intermediate-Tutorial-Models/Tutorial-2/ch-3/3-8.nec,ok,ok,0.016700911335647106,0.016072973608970642,,0
cebik-w4rnl/Basic-Intermediate-Tutorial-Models/Tutorial-2/ch-3/3-8a.nec,ok,ok,0.011708375066518784,0.020376685075461864,,0
cebik-w4rnl/Basic-Intermediate-Tutorial-Models/Tutorial-2/ch-3/3-9.nec,ok,ok,0.026197967119514942,0.021453602239489555,,0
cebik-w4rnl/Basic-Intermediate-Tutorial-Models/Tutorial-2/ch-3/3-9a.nec,ok,ok,0.020996540784835815,0.10533362906426191,,0
cebik-w4rnl/Basic-Intermediate-Tutorial-Models/Tutorial-2/ch-4/4-1-nec2.nec,ok,ok,0.0282386327162385,0.09423102159053087,,0
cebik-w4rnl/Basic-Intermediate-Tutorial-Models/Tutorial-2/ch-4/4-1.nec,ok,ok,0.025561011396348476,0.02402753382921219,,0
cebik-w4rnl/Basic-Intermediate-Tutorial-Models/Tutorial-2/ch-4/4-1a.nec,ok,ok,0.02960955072194338,0.06363397371023893,,0
cebik-w4rnl/Basic-Intermediate-Tutorial-Models/Tutorial-2/ch-4/4-1b.nec,ok,ok,0.02661159448325634,0.03675210755318403,,0
cebik-w4rnl/Basic-Intermediate-Tutorial-Models/Tutorial-2/ch-4/4-1c.nec,ok,ok,0.03052756004035473,0.0852080611512065,,0
cebik-w4rnl/Basic-Intermediate-Tutorial-Models/Tutorial-2/ch-4/4-2a.nec,ok,ok,0.025663066655397415,0.07897703163325787,,0
cebik-w4rnl/Basic-Intermediate-Tutorial-Models/Tutorial-2/ch-4/4-2b.nec,ok,ok,0.026024618186056614,0.10518083069473505,,0
cebik-w4rnl/Basic-Intermediate-Tutorial-Models/Tutorial-2/ch-4/4-3a.nec,ok,ok,0.051563363522291183,0.10829171352088451,0.4762,1
cebik-w4rnl/Basic-Intermediate-Tutorial-Models/Tutorial-2/ch-4/4-3b.nec,ok,ok,0.020711290650069714,0.09470356907695532,,0
cebik-w4rnl/Basic-Intermediate-Tutorial-Models/Tutorial-2/ch-4/4-3c.nec,ok,ok,0.021435690112411976,0.10370342247188091,,0
cebik-w4rnl/Basic-Intermediate-Tutorial-Models/Tutorial-2/ch-4/4-4.nec,ok,ok,0.2085788445547223,0.15838839393109083,1.3169,1
cebik-w4rnl/Basic-Intermediate-Tutorial-Models/Tutorial-2/ch-4/4-4a.nec,ok,ok,0.2100330302491784,0.15161902084946632,1.3853,1
cebik-w4rnl/Basic-Intermediate-Tutorial-Models/Tutorial-2/ch-4/4-5.nec,ok,ok,0.02904341835528612,0.089806217700243,,0
cebik-w4rnl/Basic-Intermediate-Tutorial-Models/Tutorial-2/ch-4/4-5a.nec,ok,ok,0.03805914055556059,0.11427007149904966,,0
cebik-w4rnl/Basic-Intermediate-Tutorial-Models/Tutorial-2/ch-4/4-5b.nec,ok,ok,0.043647341430187225,0.08553803991526365,,0
cebik-w4rnl/Basic-Intermediate-Tutorial-Models/Tutorial-2/ch-4/4-5c.nec,ok,ok,0.041996720246970654,0.06471846159547567,,0
cebik-w4rnl/Basic-Intermediate-Tutorial-Models/Tutorial-2/ch-4/4-6.nec,ok,ok,0.02243924606591463,0.09432356338948011,,0
cebik-w4rnl/Basic-Intermediate-Tutorial-Models/Tutorial-2/ch-4/4-6a.nec,ok,ok,0.022777018137276173,0.09103999380022287,,0
cebik-w4rnl/Basic-Intermediate-Tutorial-Models/Tutorial-2/ch-4/4-7.nec,ok,ok,0.03057049587368965,0.11078515369445086,,0
cebik-w4rnl/Basic-Intermediate-Tutorial-Models/Tutorial-2/ch-4/4-7a.nec,ok,ok,0.01681890431791544,0.10113321896642447,,0
cebik-w4rnl/Basic-Intermediate-Tutorial-Models/Tutorial-2/ch-4/4-8.nec,ok,ok,0.2100196424871683,0.18531668838113546,1.1333,1
cebik-w4rnl/Basic-Intermediate-Tutorial-Models/Tutorial-2/ch-4/4-9.nec,ok,ok,0.04850005730986595,0.08600895758718252,,0
cebik-w4rnl/Basic-Intermediate-Tutorial-Models/Tutorial-2/ch-4/4-9a.nec,ok,ok,0.04641976673156023,0.07948016282171011,,0
cebik-w4rnl/Basic-Intermediate-Tutorial-Models/Tutorial-2/ch-5/5-1.nec,ok,ok,0.010180779732763767,0.030214122496545315,,0
cebik-w4rnl/Basic-Intermediate-Tutorial-Models/Tutorial-2/ch-5/5-10.nec,ok,ok,0.738053017295897,0.35541272070258856,2.0766,1
cebik-w4rnl/Basic-Intermediate-Tutorial-Models/Tutorial-2/ch-5/5-10a.nec,ok,ok,0.4216251987963915,0.3114305939525366,1.3538,1
cebik-w4rnl/Basic-Intermediate-Tutorial-Models/Tutorial-2/ch-5/5-1a.nec,ok,ok,0.008834630250930786,0.011649915017187595,,0
cebik-w4rnl/Basic-Intermediate-Tutorial-Models/Tutorial-2/ch-5/5-1b.nec,ok,ok,0.011920367367565632,0.025035030208528042,,0
cebik-w4rnl/Basic-Intermediate-Tutorial-Models/Tutorial-2/ch-5/5-2a.nec,ok,ok,0.01575959473848343,0.029235715977847576,,0
cebik-w4rnl/Basic-Intermediate-Tutorial-Models/Tutorial-2/ch-5/5-2b.nec,ok,ok,0.012527383863925934,0.03403887711465359,,0
cebik-w4rnl/Basic-Intermediate-Tutorial-Models/Tutorial-2/ch-5/5-3.nec,ok,ok,0.008907201699912548,0.026117684319615364,,0
cebik-w4rnl/Basic-Intermediate-Tutorial-Models/Tutorial-2/ch-5/5-3a.nec,ok,ok,0.011977067217230797,0.010833252221345901,,0
cebik-w4rnl/Basic-Intermediate-Tutorial-Models/Tutorial-2/ch-5/5-3b.nec,ok,ok,0.008552084676921368,0.00877111591398716,,0
cebik-w4rnl/Basic-Intermediate-Tutorial-Models/Tutorial-2/ch-5/5-4.nec,ok,ok,0.00746806338429451,0.032303642481565475,,0
cebik-w4rnl/Basic-Intermediate-Tutorial-Models/Tutorial-2/ch-5/5-4a.nec,ok,ok,0.010478976182639599,0.028965851292014122,,0
cebik-w4rnl/Basic-Intermediate-Tutorial-Models/Tutorial-2/ch-5/5-5.nec,ok,ok,0.012851336970925331,0.027130206115543842,,0
cebik-w4rnl/Basic-Intermediate-Tutorial-Models/Tutorial-2/ch-5/5-5a.nec,ok,ok,0.020142771303653717,0.013916317373514175,,0
cebik-w4rnl/Basic-Intermediate-Tutorial-Models/Tutorial-2/ch-5/5-6.nec,ok,ok,0.008841556496918201,0.008957311511039734,,0
cebik-w4rnl/Basic-Intermediate-Tutorial-Models/Tutorial-2/ch-5/5-6a.nec,ok,ok,0.009147067554295063,0.02372504025697708,,0
cebik-w4rnl/Basic-Intermediate-Tutorial-Models/Tutorial-2/ch-5/5-6b.nec,ok,ok,0.012660416774451733,0.025718471966683865,,0
cebik-w4rnl/Basic-Intermediate-Tutorial-Models/Tutorial-2/ch-5/5-7.nec,ok,ok,0.017828657291829586,0.09305580984801054,,0
cebik-w4rnl/Basic-Intermediate-Tutorial-Models/Tutorial-2/ch-5/5-7a.nec,ok,ok,0.10023362655192614,0.11411904077976942,0.8783,1
cebik-w4rnl/Basic-Intermediate-Tutorial-Models/Tutorial-2/ch-5/5-7b.nec,ok,ok,0.11593982763588428,0.060587855987250805,1.9136,1
cebik-w4rnl/Basic-Intermediate-Tutorial-Models/Tutorial-2/ch-5/5-7c.nec,ok,ok,0.05237755458801985,0.074601492844522,0.7021,1
cebik-w4rnl/Basic-Intermediate-Tutorial-Models/Tutorial-2/ch-5/5-7d.nec,ok,ok,0.052240354008972645,0.07650681771337986,0.6828,1
cebik-w4rnl/Basic-Intermediate-Tutorial-Models/Tutorial-2/ch-5/5-8.nec,ok,ok,8.836485887877643,2.5037622451782227,3.5293,1
cebik-w4rnl/Basic-Intermediate-Tutorial-Models/Tutorial-2/ch-5/5-8a.nec,ok,ok,21.48506609816104,10.29021339584142,2.0879,1
cebik-w4rnl/Basic-Intermediate-Tutorial-Models/Tutorial-2/ch-5/5-8b.nec,ok,ok,1.7289618495851755,0.5178422033786774,3.3388,1
cebik-w4rnl/Basic-Intermediate-Tutorial-Models/Tutorial-2/ch-5/5-9.nec,ok,ok,0.011426239274442196,0.010065645910799503,,0
cebik-w4rnl/Basic-Intermediate-Tutorial-Models/Tutorial-2/ch-5/5-9a.nec,ok,ok,0.014739749021828175,0.012097205966711044,,0
cebik-w4rnl/Basic-Intermediate-Tutorial-Models/Tutorial-2/ch-5/5-9b.nec,ok,ok,0.011775720864534378,0.009709872305393219,,0
cebik-w4rnl/Basic-Intermediate-Tutorial-Models/Tutorial-2/ch-5/5-9c-nec2.nec,error,error,0.007063068449497223,0.0056166453287005424,,0
cebik-w4rnl/Basic-Intermediate-Tutorial-Models/Tutorial-2/ch-5/5-9c-nec4.nec,error,error,0.007100425660610199,0.005607279948890209,,0
cebik-w4rnl/Basic-Intermediate-Tutorial-Models/Tutorial-2/ch-6/6-4.nec,ok-no-source,ok-no-source,0.05952217057347298,0.07001332379877567,,0
cebik-w4rnl/Basic-Intermediate-Tutorial-Models/Tutorial-2/ch-6/6-4a.nec,ok,ok,0.08897420018911362,0.05052991583943367,1.7608,1
cebik-w4rnl/Basic-Intermediate-Tutorial-Models/Tutorial-2/ch-6/6-5a.nec,ok,ok,0.5740547571331263,0.23854776471853256,2.4065,1
cebik-w4rnl/Basic-Intermediate-Tutorial-Models/Tutorial-2/ch-6/6-6-nec2.nec,ok,ok,0.49838903173804283,0.18848345335572958,2.6442,1
cebik-w4rnl/Basic-Intermediate-Tutorial-Models/Tutorial-2/ch-6/6-6-nec4.nec,ok,ok,0.48092151526361704,0.18966383207589388,2.5357,1
cebik-w4rnl/Basic-Intermediate-Tutorial-Models/Tutorial-2/ch-6/6-s1.nec,ok-no-source,ok-no-source,0.010732288472354412,0.008475646376609802,,0
cebik-w4rnl/Basic-Intermediate-Tutorial-Models/Tutorial-2/ch-6/6-s1a.nec,ok-no-source,ok-no-source,0.019824116490781307,0.01732737384736538,,0
cebik-w4rnl/Basic-Intermediate-Tutorial-Models/Tutorial-2/ch-6/6-s2.nec,ok-no-source,ok-no-source,1.1750999614596367,0.4029750321060419,,0
cebik-w4rnl/Basic-Intermediate-Tutorial-Models/Tutorial-2/ch-6/6-s3a.nec,ok,ok,0.033775641582906246,0.02664269506931305,,0
cebik-w4rnl/Basic-Intermediate-Tutorial-Models/Tutorial-2/ch-6/6-s4.nec,ok-no-source,ok-no-source,0.06908211763948202,0.03401708044111729,,0
cebik-w4rnl/Basic-Intermediate-Tutorial-Models/Tutorial-2/ch-6/6-s4a.nec,ok,ok,0.1505834385752678,0.05156697705388069,2.9202,1
cebik-w4rnl/Basic-Intermediate-Tutorial-Models/Tutorial-2/ch-7/7-0.nec,ok,ok,0.07734293770045042,0.027796996757388115,,0
cebik-w4rnl/Basic-Intermediate-Tutorial-Models/Tutorial-2/ch-7/7-1.nec,ok,ok,0.009471477940678596,0.009213966317474842,,0
cebik-w4rnl/Basic-Intermediate-Tutorial-Models/Tutorial-2/ch-7/7-10.nec,ok,ok,0.03455411083996296,0.025835750624537468,,0
cebik-w4rnl/Basic-Intermediate-Tutorial-Models/Tutorial-2/ch-7/7-10a.nec,ok,ok,0.04432986583560705,0.033016812056303024,,0
cebik-w4rnl/Basic-Intermediate-Tutorial-Models/Tutorial-2/ch-7/7-10b.nec,ok,ok,0.04879985935986042,0.03266784828156233,,0
cebik-w4rnl/Basic-Intermediate-Tutorial-Models/Tutorial-2/ch-7/7-10c.nec,ok,ok,0.04091022256761789,0.03352075442671776,,0
cebik-w4rnl/Basic-Intermediate-Tutorial-Models/Tutorial-2/ch-7/7-11.nec,ok,ok,0.0139705715700984,0.011202385649085045,,0
cebik-w4rnl/Basic-Intermediate-Tutorial-Models/Tutorial-2/ch-7/7-11a.nec,ok,ok,0.014163614250719547,0.011168484576046467,,0
cebik-w4rnl/Basic-Intermediate-Tutorial-Models/Tutorial-2/ch-7/7-1a.nec,ok,ok,0.01542658731341362,0.009420945309102535,,0
cebik-w4rnl/Basic-Intermediate-Tutorial-Models/Tutorial-2/ch-7/7-2.nec,ok,ok,0.008643196895718575,0.008692300878465176,,0
cebik-w4rnl/Basic-Intermediate-Tutorial-Models/Tutorial-2/ch-7/7-2a.nec,ok,ok,0.012228013947606087,0.008702201768755913,,0
cebik-w4rnl/Basic-Intermediate-Tutorial-Models/Tutorial-2/ch-7/7-2b.nec,ok,ok,0.008800982497632504,0.008856878615915775,,0
cebik-w4rnl/Basic-Intermediate-Tutorial-Models/Tutorial-2/ch-7/7-3.nec,ok,ok,0.012372561730444431,0.009173165075480938,,0
cebik-w4rnl/Basic-Intermediate-Tutorial-Models/Tutorial-2/ch-7/7-3a.nec,ok,ok,0.011852631345391273,0.00925881415605545,,0
cebik-w4rnl/Basic-Intermediate-Tutorial-Models/Tutorial-2/ch-7/7-4.nec,ok,ok,0.008084384724497795,0.008512567728757858,,0
cebik-w4rnl/Basic-Intermediate-Tutorial-Models/Tutorial-2/ch-7/7-5.nec,ok,ok,0.011014992371201515,0.008441485464572906,,0
cebik-w4rnl/Basic-Intermediate-Tutorial-Models/Tutorial-2/ch-7/7-5a.nec,ok,ok,0.008203350007534027,0.007097114808857441,,0
cebik-w4rnl/Basic-Intermediate-Tutorial-Models/Tutorial-2/ch-7/7-5b.nec,ok,ok,0.009710048325359821,0.008303963579237461,,0
cebik-w4rnl/Basic-Intermediate-Tutorial-Models/Tutorial-2/ch-7/7-8.nec,ok,ok,0.0302263330668211,0.02279083337634802,,0
cebik-w4rnl/Basic-Intermediate-Tutorial-Models/Tutorial-2/ch-7/7-9.nec,ok,ok,0.022936957888305187,0.022817866876721382,,0
cebik-w4rnl/Basic-Intermediate-Tutorial-Models/Tutorial-2/ch-7/7-9a.nec,ok,ok,0.35477104876190424,0.2349015073850751,1.5103,1
cebik-w4rnl/Basic-Intermediate-Tutorial-Models/Tutorial-2/ch-8/8-1.nec,ok,ok,0.004692660644650459,0.004163061268627644,,0
cebik-w4rnl/Basic-Intermediate-Tutorial-Models/Tutorial-2/ch-8/8-1a.nec,ok,ok,0.009106404148042202,0.007906073704361916,,0
cebik-w4rnl/Basic-Intermediate-Tutorial-Models/Tutorial-2/ch-8/8-1b.nec,ok,ok,0.006093435920774937,0.00407655443996191,,0
cebik-w4rnl/Basic-Intermediate-Tutorial-Models/Tutorial-2/ch-8/8-1c.nec,ok,ok,0.007483799010515213,0.006003731861710548,,0
cebik-w4rnl/Basic-Intermediate-Tutorial-Models/Tutorial-2/ch-8/8-2_1.nec,ok,ok,0.009206283837556839,0.00827129278331995,,0
cebik-w4rnl/Basic-Intermediate-Tutorial-Models/Tutorial-2/ch-8/8-2_2.nec,ok,ok,0.00867906492203474,0.007743361406028271,,0
cebik-w4rnl/Basic-Intermediate-Tutorial-Models/Tutorial-2/ch-8/8-3.nec,ok,ok,0.006427261978387833,0.004392689093947411,,0
cebik-w4rnl/Basic-Intermediate-Tutorial-Models/Tutorial-2/ch-8/8-3a.nec,no-impedance,no-impedance,0.005621111020445824,0.0036189015954732895,,0
cebik-w4rnl/Basic-Intermediate-Tutorial-Models/Tutorial-2/ch-8/8-3b.nec,no-impedance,no-impedance,0.005622131749987602,0.0034919753670692444,,0
cebik-w4rnl/Basic-Intermediate-Tutorial-Models/Tutorial-2/ch-8/8-3c.nec,ok,ok,0.006998009979724884,0.005274691618978977,,0
cebik-w4rnl/Basic-Intermediate-Tutorial-Models/Tutorial-2/ch-8/8-3d.nec,ok,ok,0.0069495514035224915,0.006393724121153355,,0
cebik-w4rnl/Basic-Intermediate-Tutorial-Models/Tutorial-2/ch-8/8-4.nec,ok,ok,0.01811711397022009,0.019631117582321167,,0
cebik-w4rnl/Basic-Intermediate-Tutorial-Models/Tutorial-2/ch-8/8-4a.nec,ok,ok,0.02373549807816744,0.027521362528204918,,0
cebik-w4rnl/Basic-Intermediate-Tutorial-Models/Tutorial-2/ch-8/8-5.nec,ok,ok,0.06571169383823872,0.05007146019488573,1.3124,1
cebik-w4rnl/Basic-Intermediate-Tutorial-Models/Tutorial-2/ch-8/8-5a.nec,ok,ok,0.1138197323307395,0.0839882642030716,1.3552,1
cebik-w4rnl/Basic-Intermediate-Tutorial-Models/Tutorial-2/ch-8/8-6.nec,ok,ok,0.06190358102321625,0.033863553777337074,,0
cebik-w4rnl/Basic-Intermediate-Tutorial-Models/Tutorial-2/ch-9/9-1.nec,ok,ok,0.010835354216396809,0.01144497375935316,,0
cebik-w4rnl/Basic-Intermediate-Tutorial-Models/Tutorial-2/ch-9/9-1a.nec,ok,ok,0.010056428611278534,0.011360857635736465,,0
cebik-w4rnl/Basic-Intermediate-Tutorial-Models/Tutorial-2/ch-9/9-2a.nec,ok,ok,0.11985143274068832,0.10698344465345144,1.1203,1
cebik-w4rnl/Basic-Intermediate-Tutorial-Models/Tutorial-2/ch-9/9-2b.nec,ok,ok,0.0072908056899905205,0.006947415880858898,,0
cebik-w4rnl/Basic-Intermediate-Tutorial-Models/Tutorial-2/ch-9/9-2c.nec,ok,ok,0.01976581383496523,0.023485259152948856,,0
cebik-w4rnl/Basic-Intermediate-Tutorial-Models/Tutorial-2/ch-9/9-3a.nec,ok,ok,0.11992352735251188,0.10834022052586079,1.1069,1
cebik-w4rnl/Basic-Intermediate-Tutorial-Models/Tutorial-2/ch-9/9-3b.nec,ok,ok,0.05023184325546026,0.03555174544453621,,0
cebik-w4rnl/Basic-Intermediate-Tutorial-Models/Tutorial-2/ch-9/9-4.nec,ok,ok,0.308587065897882,0.23679353389889002,1.3032,1
cebik-w4rnl/Basic-Intermediate-Tutorial-Models/Tutorial-2/ch-9/9-4a.nec,ok,ok,0.6212069075554609,0.43413318134844303,1.4309,1
cebik-w4rnl/Basic-Intermediate-Tutorial-Models/Tutorial-2/ch-9/9-4b.nec,ok,ok,0.6272252202033997,0.43296424578875303,1.4487,1
cebik-w4rnl/Basic-Intermediate-Tutorial-Models/Tutorial-2/ch-9/9-5.nec,ok,ok,0.012291944585740566,0.012599319219589233,,0
cebik-w4rnl/Basic-Intermediate-Tutorial-Models/Tutorial-2/ch-9/9-6.nec,ok,ok,0.059048560447990894,0.034409306943416595,,0
cebik-w4rnl/Basic-Intermediate-Tutorial-Models/Tutorial-2/ch-9/9-6a.nec,ok,ok,0.058835869655013084,0.034375389106571674,,0
cebik-w4rnl/Basic-Intermediate-Tutorial-Models/Tutorial-2/ch-9/9-7.nec,ok,ok,0.01236952655017376,0.01068553514778614,,0
cebik-w4rnl/Basic-Intermediate-Tutorial-Models/Tutorial-2/ch-9/9-7a.nec,ok,ok,0.013004664331674576,0.011536492966115475,,0
cebik-w4rnl/Basic-Intermediate-Tutorial-Models/Tutorial-2/ch-9/9-8.nec,ok,ok,0.012442361563444138,0.010654390789568424,,0
cebik-w4rnl/Basic-Intermediate-Tutorial-Models/Tutorial-2/ch-9/9-8a.nec,ok,ok,0.7744511822238564,0.3699164558202028,2.0936,1
cebik-w4rnl/Basic-Intermediate-Tutorial-Models/Tutorial-2/ch-9/9-8b.nec,ok,ok,0.3538153674453497,0.14502749126404524,2.4396,1
cebik-w4rnl/Basic-Intermediate-Tutorial-Models/Tutorial-2/ch-9/9-8c.nec,ok,ok,0.3863069945946336,0.15325559582561255,2.5207,1
cebik-w4rnl/Moxon-Rectangle-Notes-Models/mox10-1al.nec,ok,ok,0.014783497899770737,0.07569994125515223,,0
cebik-w4rnl/Moxon-Rectangle-Notes-Models/mox10-1alv.nec,ok,ok,0.01693155523389578,0.041841126047074795,,0
cebik-w4rnl/Moxon-Rectangle-Notes-Models/mox20-11.nec,ok,ok,0.015902191400527954,0.07698078732937574,,0
cebik-w4rnl/models/LPDAs/nec/LP100-1000-12el3ft150o.nec,ok,ok,0.17665616236627102,0.1400950625538826,1.2610,1
cebik-w4rnl/models/LPDAs/nec/lc14-7el38ft80o-1.nec,ok,ok,0.022222114726901054,0.10433509852737188,,0
cebik-w4rnl/models/LPDAs/nec/lc14-7el52ft65o-1.nec,ok,ok,0.020744903944432735,0.0925912382081151,,0
cebik-w4rnl/models/LPDAs/nec/lc21-5el21ft800o-1-vee.nec,ok,ok,0.03076830692589283,0.10799938440322876,,0
cebik-w4rnl/models/LPDAs/nec/lc21-7el35ft65o-75.nec,ok,ok,0.021065800450742245,0.07320362608879805,,0
cebik-w4rnl/models/LPDAs/nec/lc28-4el10ft75o.nec,ok,ok,0.021788806654512882,0.09909732826054096,,0
cebik-w4rnl/models/LPDAs/nec/lc28-5el16ft800o-75-Vee.nec,ok,ok,0.03062621783465147,0.09634882677346468,,0
cebik-w4rnl/models/LPDAs/nec/lc28-5el20ft150o-50-W6SAI.nec,ok,ok,0.01541434321552515,0.07389818783849478,,0
cebik-w4rnl/models/LPDAs/nec/lc28-6el12ft75o-1.nec,ok,ok,0.01852613128721714,0.07182351220399141,,0
cebik-w4rnl/models/LPDAs/nec/lc28-6el28ft100o-50.nec,ok,ok,0.01771857962012291,0.08790002018213272,,0
cebik-w4rnl/models/LPDAs/nec/lc28-7el14ft80o-875.nec,ok,ok,0.022748439572751522,0.1023518955335021,,0
cebik-w4rnl/models/LPDAs/nec/lc28-7el15ft100o-1.nec,ok,ok,0.022911744192242622,0.09856841247528791,,0
cebik-w4rnl/models/LPDAs/nec/lc28-7el15ft80o-1.nec,ok,ok,0.02254392486065626,0.09376985672861338,,0
cebik-w4rnl/models/LPDAs/nec/lc28-7el19ft80o-50.nec,ok,ok,0.022287815809249878,0.09966057538986206,,0
cebik-w4rnl/models/LPDAs/nec/lc28-7el19ft80o-75.nec,ok,ok,0.02100043836981058,0.09639645181596279,,0
cebik-w4rnl/models/LPDAs/nec/lc28-7el21ft65o-75.nec,ok,ok,0.022275758907198906,0.09728308860212564,,0
cebik-w4rnl/models/LPDAs/nec/lc28-7el25ft80o-75.nec,ok,ok,0.021705560386180878,0.07661836221814156,,0
cebik-w4rnl/models/LPDAs/nec/lc28-7el26ft65o-75.nec,ok,ok,0.021219260059297085,0.09290982689708471,,0
cebik-w4rnl/models/LPDAs/nec/lc28-7el28ft70o-75.nec,ok,ok,0.021899606101214886,0.08903815317898989,,0
cebik-w4rnl/models/LPDAs/nec/lp10-30-12el45ft250o.nec,ok,ok,0.05884123221039772,0.11017302423715591,0.5341,1
cebik-w4rnl/models/LPDAs/nec/lp10-30-15el45ft250o.nec,ok,ok,0.09627007506787777,0.10434115119278431,0.9226,1
cebik-w4rnl/models/LPDAs/nec/lp100-1000-12el5ft150o.nec,ok,ok,0.1817117277532816,0.10401083435863256,1.7470,1
cebik-w4rnl/models/LPDAs/nec/lp100-1000-26el5ft150o.nec,ok,ok,0.5099672554060817,0.24602970480918884,2.0728,1
cebik-w4rnl/models/LPDAs/nec/lp100-12elFM-med.nec,ok,ok,0.12809176836162806,0.05226297676563263,2.4509,1
cebik-w4rnl/models/LPDAs/nec/lp100-16elFM-long.nec,ok,ok,0.10577178560197353,0.12874734122306108,0.8215,1
cebik-w4rnl/models/LPDAs/nec/lp100-8elFM-short.nec,ok,ok,0.07963823899626732,0.029468229971826077,,0
cebik-w4rnl/models/LPDAs/nec/lp14-29-11el30ft225o.nec,ok,ok,0.035109877586364746,0.05216686800122261,,0
cebik-w4rnl/models/LPDAs/nec/lp14-29-12el33ft250o-dir.nec,ok,ok,0.040224386379122734,0.058694008737802505,,0
cebik-w4rnl/models/LPDAs/nec/lp14-30-12el26ft125o.nec,ok,ok,0.04034422151744366,0.1302282614633441,,0
cebik-w4rnl/models/LPDAs/nec/lp14-30-12el32ft100o.nec,ok,ok,0.05024454835802317,0.10357442032545805,0.4851,1
cebik-w4rnl/models/LPDAs/nec/lp14-30-12el32ft400o.nec,ok,ok,0.0427260622382164,0.029641390778124332,,0
cebik-w4rnl/models/LPDAs/nec/lp14-30-13el29ft200o-telerana14.nec,ok,ok,0.051469300873577595,0.03986920602619648,,0
cebik-w4rnl/models/LPDAs/nec/lp14-30-13el29ft200o-telerana50.nec,ok,ok,0.05115250311791897,0.08901550341397524,0.5746,1
cebik-w4rnl/models/LPDAs/nec/lp14-30-13el29ft200o-teleranavee.nec,ok,ok,0.06306241545826197,0.05322668794542551,1.1848,1
cebik-w4rnl/models/LPDAs/nec/lp14-30-14el40ft100o.nec,ok,ok,0.20411530043929815,0.1537284106016159,1.3278,1
cebik-w4rnl/models/LPDAs/nec/lp14-30-15el42ft250o-dir-stepdia.nec,ok,ok,0.11781376227736473,0.13146462198346853,0.8962,1
cebik-w4rnl/models/LPDAs/nec/lp14-30-16el42ft100o-dir.nec,ok,ok,0.045062996447086334,0.11098995432257652,,0
cebik-w4rnl/models/LPDAs/nec/lp14-30-21el52ft200o.nec,ok,ok,0.055705505423247814,0.1456153243780136,0.3826,1
cebik-w4rnl/models/LPDAs/nec/lp14-30-22el56ft250o-dir.nec,ok,ok,0.059715949930250645,0.04855836741626263,,0
cebik-w4rnl/models/LPDAs/nec/lp14-30-24el58ft200o.nec,ok,ok,0.11148751433938742,0.11657434795051813,0.9564,1
cebik-w4rnl/models/LPDAs/nec/lp14-30-27el217ft200o.nec,ok,ok,0.12366127129644156,0.13313233759254217,0.9289,1
cebik-w4rnl/models/LPDAs/nec/lp14-30-7el20ft100o-K4EWG.nec,ok,ok,0.030750902369618416,0.029863017611205578,,0
cebik-w4rnl/models/LPDAs/nec/lp14-30-8el20ft200o.nec,ok,ok,0.025263557210564613,0.12910085823386908,,0
cebik-w4rnl/models/LPDAs/nec/lp14-30-9el21ft250o-dir.nec,ok,ok,0.03890270181000233,0.1122368611395359,,0
cebik-w4rnl/models/LPDAs/nec/lp144-6el5ft75o-1875.nec,ok,ok,0.028681885451078415,0.030988624319434166,,0
cebik-w4rnl/models/LPDAs/nec/lp17-5el32ft50o.nec,ok,ok,0.012375302612781525,0.009252423420548439,,0
cebik-w4rnl/models/LPDAs/nec/lp21-5el27ft50o.nec,ok,ok,0.016174026764929295,0.020856679417192936,,0
cebik-w4rnl/models/LPDAs/nec/lp220-15el11ft80o.nec,ok,ok,0.15696410182863474,0.12234385777264833,1.2830,1
cebik-w4rnl/models/LPDAs/nec/lp220-17el11ft60o.nec,ok,ok,0.1592702129855752,0.14748690277338028,1.0799,1
cebik-w4rnl/models/LPDAs/nec/lp220-18el11ft60o.nec,ok,ok,0.1662193424999714,0.12796087842434645,1.2990,1
cebik-w4rnl/models/LPDAs/nec/lp220-20el12ft60o.nec,ok,ok,0.19873318541795015,0.12180129531770945,1.6316,1
cebik-w4rnl/models/LPDAs/nec/lp220-20el13ft60o.nec,ok,ok,0.1372397467494011,0.07540288474410772,1.8201,1
cebik-w4rnl/models/LPDAs/nec/lp250-276-21el4ft80o.nec,ok,ok,0.08162635564804077,0.11489975824952126,0.7104,1
cebik-w4rnl/models/LPDAs/nec/lp250-317-10el3ft75o.nec,ok,ok,0.016986853443086147,0.08347709942609072,,0
cebik-w4rnl/models/LPDAs/nec/lp250-317-15el5ft75o.nec,ok,ok,0.036506764590740204,0.08870443049818277,,0
cebik-w4rnl/models/LPDAs/nec/lp250-317-8el3ft75o.nec,ok,ok,0.013813219964504242,0.0927153741940856,,0
cebik-w4rnl/models/LPDAs/nec/lp250-500-12el3ft80o.nec,ok,ok,0.05094833765178919,0.11034570075571537,0.4617,1
cebik-w4rnl/models/LPDAs/nec/lp250-500-20el3ft80o.nec,ok,ok,0.11281251534819603,0.12644651997834444,0.8922,1
cebik-w4rnl/models/LPDAs/nec/lp28-30-4el8ft200o-wire12.nec,ok,ok,0.024080466479063034,0.10754905082285404,,0
cebik-w4rnl/models/LPDAs/nec/lp28-30-4el8ft75o-W4RNL.nec,ok,ok,0.02697228640317917,0.10062918812036514,,0
cebik-w4rnl/models/LPDAs/nec/lp28-30-4el8ft75o-fatel-W4RNL.nec,ok,ok,0.02358352206647396,0.032570754177868366,,0
cebik-w4rnl/models/LPDAs/nec/lp28-30-4el8ft75o-stepdia-W4RNL.nec,ok,ok,0.027292948216199875,0.027034224942326546,,0
cebik-w4rnl/models/LPDAs/nec/lp28-30-53l8ft300o-wire12-zigzag.nec,ok,ok,0.05565194133669138,0.13058463856577873,0.4262,1
cebik-w4rnl/models/LPDAs/nec/lp28-30-5el8ftnoline-wire10-zigzag.nec,ok,ok,0.036311715841293335,0.09978269226849079,,0
cebik-w4rnl/models/LPDAs/nec/lp28-31-10el48ft80o.nec,ok,ok,0.02032079454511404,0.11399733927100897,,0
cebik-w4rnl/models/LPDAs/nec/lp3-30-20el100ft200o.nec,ok,ok,0.6130654029548168,0.3565125595778227,1.7196,1
cebik-w4rnl/models/LPDAs/nec/lp3-30-20el60ft150o.nec,ok,ok,0.33242944441735744,0.21911502350121737,1.5171,1
cebik-w4rnl/models/LPDAs/nec/lp3-30-21el100ft200o.nec,ok,ok,0.33553843945264816,0.22070893924683332,1.5203,1
cebik-w4rnl/models/LPDAs/nec/lp3-30-22el100ft200o.nec,ok,ok,0.3445480205118656,0.1703659873455763,2.0224,1
cebik-w4rnl/models/LPDAs/nec/lp3-30-23el100ft200o.nec,ok,ok,0.38257771357893944,0.24032250326126814,1.5919,1
cebik-w4rnl/models/LPDAs/nec/lp3-30-24el100ft200o.nec,ok,ok,0.44251080602407455,0.23053691536188126,1.9195,1
cebik-w4rnl/models/LPDAs/nec/lp3-30-25el100ft200o.nec,ok,ok,0.46020510513335466,0.25111216492950916,1.8327,1
cebik-w4rnl/models/LPDAs/nec/lp3-30-26el100ft200o.nec,ok,ok,0.49311859905719757,0.2540741516277194,1.9408,1
cebik-w4rnl/models/LPDAs/nec/lp3-30-26el164ft150o.nec,ok,ok,0.48108759336173534,0.26691601052880287,1.8024,1
cebik-w4rnl/models/LPDAs/nec/lp3-30-33el100ft150o.nec,ok,ok,0.5077507356181741,0.265058733522892,1.9156,1
cebik-w4rnl/models/LPDAs/nec/lp3-30-33el168ft250o.nec,ok,ok,0.975405071862042,0.39496082812547684,2.4696,1
cebik-w4rnl/models/LPDAs/nec/lp3-30-42el164ft250o.nec,ok,ok,1.4562642518430948,0.5290773259475827,2.7525,1
cebik-w4rnl/models/LPDAs/nec/lp3-7-10el55ft200o.nec,ok,ok,0.02957913465797901,0.08633959665894508,,0
cebik-w4rnl/models/LPDAs/nec/lp3-7-10el56ft200o.nec,ok,ok,0.03053658176213503,0.023424179293215275,,0
cebik-w4rnl/models/LPDAs/nec/lp3-7-11el53ft200o.nec,ok,ok,0.028981504030525684,0.023521997965872288,,0
cebik-w4rnl/models/LPDAs/nec/lp3-7-12el53ft200o.nec,ok,ok,0.032849458046257496,0.10733778029680252,,0
cebik-w4rnl/models/LPDAs/nec/lp3-7-12el55ft200o.nec,ok,ok,0.03923526778817177,0.10061526484787464,,0
cebik-w4rnl/models/LPDAs/nec/lp3-7-16el84ft200o.nec,ok,ok,0.04962992388755083,0.06632796674966812,,0
cebik-w4rnl/models/LPDAs/nec/lp3r5-4-14el89ft200o-2.nec,ok,ok,0.05317741073668003,0.053066556341946125,1.0021,1
cebik-w4rnl/models/LPDAs/nec/lp3r5-4-6el86ft100o-2.nec,ok,ok,0.08168584015220404,0.10729379672557116,0.7613,1
cebik-w4rnl/models/LPDAs/nec/lp3r5-4-8el86ft100o-2.nec,ok,ok,0.027815413661301136,0.10389417037367821,,0
cebik-w4rnl/models/LPDAs/nec/lp3r5-4-8el86ft150o-12.nec,ok,ok,0.027021177113056183,0.1052720919251442,,0
cebik-w4rnl/models/LPDAs/nec/lp4-30-19el60ft200o.nec,ok,ok,0.2464810935780406,0.19183178059756756,1.2849,1
cebik-w4rnl/models/LPDAs/nec/lp4-30-20el65ft150o.nec,ok,ok,0.3091322183609009,0.21566960774362087,1.4334,1
cebik-w4rnl/models/LPDAs/nec/lp4-30-20el65ft200o.nec,ok,ok,0.21578550525009632,0.13250810652971268,1.6285,1
cebik-w4rnl/models/LPDAs/nec/lp4-30-21el65ft200o.nec,ok,ok,0.258016062900424,0.16917881183326244,1.5251,1
cebik-w4rnl/models/LPDAs/nec/lp40-90-22el20ft100o-dir.nec,ok,ok,0.059513626620173454,0.12673060875386,0.4696,1
cebik-w4rnl/models/LPDAs/nec/lp400-800-12el1ft250o.nec,ok,ok,0.045973122119903564,0.11156943999230862,,0
cebik-w4rnl/models/LPDAs/nec/lp7-15-10el35ft200o.nec,ok,ok,0.02797562349587679,0.075036252848804,,0
cebik-w4rnl/models/LPDAs/nec/lp7-15-11el44ft200o-dir.nec,ok,ok,0.028116599656641483,0.10024597868323326,,0
cebik-w4rnl/models/LPDAs/nec/lp7-15-12el42ft200o.nec,ok,ok,0.032524836249649525,0.10588680487126112,,0
cebik-w4rnl/models/LPDAs/nec/lp7-15-13el53ft200o.nec,ok,ok,0.03883000649511814,0.10310308914631605,,0
cebik-w4rnl/models/LPDAs/nec/lp7-15-16el28ft200o.nec,ok,ok,0.05295258201658726,0.10645953472703695,0.4974,1
cebik-w4rnl/models/LPDAs/nec/lp7-15-16el56ft200o.nec,ok,ok,0.04860300850123167,0.04832481313496828,,0
cebik-w4rnl/models/LPDAs/nec/lp7-15-16el70ft200o.nec,ok,ok,0.04663986898958683,0.07044707052409649,,0
cebik-w4rnl/models/LPDAs/nec/lp7-15-16el84ft200o.nec,ok,ok,0.044870478101074696,0.04634000640362501,,0
cebik-w4rnl/models/LPDAs/nec/lp7-15-22el78ft200o.nec,ok,ok,0.09498775657266378,0.08266220055520535,1.1491,1
cebik-w4rnl/models/LPDAs/nec/lp7-15-27el434ft200o.nec,ok,ok,0.13377626705914736,0.0673627844080329,1.9859,1
cebik-w4rnl/models/LPDAs/nec/lp7-15-7el25ft200o.nec,ok,ok,0.016095004975795746,0.11939677968621254,,0
cebik-w4rnl/models/LPDAs/nec/lp7-15-7el37ft200o.nec,ok,ok,0.015409644693136215,0.11957547999918461,,0
cebik-w4rnl/models/LPDAs/nec/lp7-15-9el31ft200o.nec,ok,ok,0.024090147577226162,0.09430062118917704,,0
cebik-w4rnl/models/LPDAs/nec/lp800-1200-17el3ft200o.nec,ok,ok,0.06421518139541149,0.105782107450068,0.6071,1
cebik-w4rnl/models/LPDAs/nec/lp850-2600-36el4ft200o.nec,ok,ok,0.34185061138123274,0.22420300729572773,1.5247,1
cebik-w4rnl/models/LPDAs/nec/lp850-2600-37el4ft80o.nec,ok,ok,0.3736152704805136,0.20646505896002054,1.8096,1
cebik-w4rnl/models/LPDAs/nec/lp900-1400-36el4ft200o.nec,ok,ok,0.33586046379059553,0.19861164037138224,1.6910,1
cebik-w4rnl/models/LPDAs/nec/lpma3r5-4-6el86ft75o-buriedradials.nec,ok,ok,24.14143888745457,6.5726089309901,3.6730,1
cebik-w4rnl/models/Phased-Arrays/nec/10-28-edzlazyh-fs-14.nec,ok,ok,0.014825509861111641,0.012211035937070847,,0
cebik-w4rnl/models/Phased-Arrays/nec/14-29-lpda-50.nec,ok,ok,0.10574607271701097,0.057904490269720554,1.8262,1
cebik-w4rnl/models/Phased-Arrays/nec/14-8jk-fs-75.nec,ok,ok,0.008851414546370506,0.009147164411842823,,0
cebik-w4rnl/models/Phased-Arrays/nec/14-8jkstack-stdphase-12.nec,ok,ok,0.493409251794219,0.29613335989415646,1.6662,1
cebik-w4rnl/models/Phased-Arrays/nec/14-8jkstack-xphased-12.nec,ok,ok,0.4784050080925226,0.29238496627658606,1.6362,1
cebik-w4rnl/models/Phased-Arrays/nec/14-fdsp-W7EL.nec,ok,ok,0.2288840776309371,0.1491644587367773,1.5344,1
cebik-w4rnl/models/Phased-Arrays/nec/14-longelphased-directfeedp1-W4RNL.nec,ok,ok,0.017172088846564293,0.09683148376643658,,0
cebik-w4rnl/models/Phased-Arrays/nec/14-phased35o-50-W4RNL.nec,ok,ok,0.22436701506376266,0.17694181855767965,1.2680,1
cebik-w4rnl/models/Phased-Arrays/nec/14-phasedsplit50o-50-W4RNL.nec,ok,ok,0.009423822164535522,0.03153559286147356,,0
cebik-w4rnl/models/Phased-Arrays/nec/14-shortel-stubs-50-N7CL.nec,ok,ok,0.11919866781681776,0.1183901634067297,1.0068,1
cebik-w4rnl/models/Phased-Arrays/nec/14-stacked3elYagis-1.nec,ok,ok,0.14037303440272808,0.1251121060922742,1.1220,1
cebik-w4rnl/models/Phased-Arrays/nec/14-zlsporig-1-ZL3MH.nec,ok,ok,0.125892523676157,0.12084609549492598,1.0418,1
cebik-w4rnl/models/Phased-Arrays/nec/144-3eledzvbeam-fs-40.nec,ok,ok,0.036086151376366615,0.10071997251361609,,0
cebik-w4rnl/models/Phased-Arrays/nec/146-436-dualquad turnstile-sat-146.nec,ok,ok,0.7686210395768285,0.3104447079822421,2.4759,1
cebik-w4rnl/models/Phased-Arrays/nec/146-436-dualquadturnstile-sat-436.nec,ok,ok,0.52942219004035,0.23094578925520182,2.2924,1
cebik-w4rnl/models/Phased-Arrays/nec/146-moxrectturnstile-sat-1875.nec,ok,ok,0.26347929798066616,0.19972322694957256,1.3192,1
cebik-w4rnl/models/Phased-Arrays/nec/18-fdsp-W7EL.nec,ok,ok,0.2252639727666974,0.14669499453157187,1.5356,1
cebik-w4rnl/models/Phased-Arrays/nec/18-longelphased-directfeedp1-W4RNL.nec,ok,ok,0.015225812792778015,0.08987770602107048,,0
cebik-w4rnl/models/Phased-Arrays/nec/18-phased35o-50-W4RNL.nec,ok,ok,0.2027361122891307,0.16196107026189566,1.2518,1
cebik-w4rnl/models/Phased-Arrays/nec/18-phasedsplit50o-50-W4RNL.nec,ok,ok,0.008344201371073723,0.03751188889145851,,0
cebik-w4rnl/models/Phased-Arrays/nec/18-shortel-stubs-50-N7CL.nec,ok,ok,0.11886865831911564,0.11722893081605434,1.0140,1
cebik-w4rnl/models/Phased-Arrays/nec/1r1-bc2elphased vert.nec,ok,ok,0.016050354577600956,0.07541785389184952,,0
cebik-w4rnl/models/Phased-Arrays/nec/1r4-bc3elendfire-pergnd.nec,ok,ok,0.04451441019773483,0.09356179647147655,,0
cebik-w4rnl/models/Phased-Arrays/nec/1r4-bc6elb-s+e-f-pergnd.nec,ok,ok,0.13573812507092953,0.12732259184122086,1.0661,1
cebik-w4rnl/models/Phased-Arrays/nec/1r5-bc2xhalfwldr+6parguy-sngnd.nec,ok,ok,1.4546411875635386,0.6003406401723623,2.4230,1
cebik-w4rnl/models/Phased-Arrays/nec/1r5-bc3elendfire-burrad.nec,ok,ok,3.537017200142145,1.1193469613790512,3.1599,1
cebik-w4rnl/models/Phased-Arrays/nec/1r5-bc4elendfire-pergnd.nec,ok,ok,0.22279587294906378,0.16919240448623896,1.3168,1
cebik-w4rnl/models/Phased-Arrays/nec/1r5-bc6elphaseaim-pergnd.nec,ok,ok,0.14210359938442707,0.1659078374505043,0.8565,1
cebik-w4rnl/models/Phased-Arrays/nec/1r5-bchalfwldr+6parguy-sngnd.nec,ok,ok,0.8460587235167623,0.4917913181707263,1.7204,1
cebik-w4rnl/models/Phased-Arrays/nec/1r8-2-elphased-radials.nec,ok,ok,6.081234347075224,1.7925319578498602,3.3925,1
cebik-w4rnl/models/Phased-Arrays/nec/1r8-2x4elphased-K8UR.nec,ok,ok,0.8507115142419934,0.41048891469836235,2.0724,1
cebik-w4rnl/models/Phased-Arrays/nec/1r8-4el-broadside.nec,ok,ok,0.12887181341648102,0.12977911531925201,0.9930,1
cebik-w4rnl/models/Phased-Arrays/nec/1r8-4el-endfire-burrad.nec,ok,ok,5.774688199162483,1.722227276302874,3.3530,1
cebik-w4rnl/models/Phased-Arrays/nec/1r8-4el-endfire.nec,ok,ok,0.14552834443747997,0.13615323416888714,1.0689,1
cebik-w4rnl/models/Phased-Arrays/nec/1r8-4elphased-lowbend-K8UR.nec,ok,ok,0.5086097354069352,0.2996171284466982,1.6975,1
cebik-w4rnl/models/Phased-Arrays/nec/1r8-4elphased-midelbend-K8UR.nec,ok,ok,0.4570439923554659,0.2895744852721691,1.5783,1
cebik-w4rnl/models/Phased-Arrays/nec/1r8-5el-broadside.nec,ok,ok,0.20187479630112648,0.15098815690726042,1.3370,1
cebik-w4rnl/models/Phased-Arrays/nec/1r8-5el-endfire.nec,ok,ok,0.18937280494719744,0.13182481192052364,1.4365,1
cebik-w4rnl/models/Phased-Arrays/nec/21-2eledzbeam-2ref-gnd-12-ZL1LE.nec,ok,ok,0.29143416974693537,0.2129583340138197,1.3685,1
cebik-w4rnl/models/Phased-Arrays/nec/21-coledz-wiretl-12.nec,ok,ok,0.15344616398215294,0.12863669637590647,1.1929,1
cebik-w4rnl/models/Phased-Arrays/nec/21-fdsp-W7EL.nec,ok,ok,0.23048159200698137,0.16109153348952532,1.4307,1
cebik-w4rnl/models/Phased-Arrays/nec/21-longelphased-directfeedp1-W4RNL.nec,ok,ok,0.016102928668260574,0.05162603035569191,,0
cebik-w4rnl/models/Phased-Arrays/nec/21-phased35o-50-W4RNL.nec,ok,ok,0.185921311378479,0.16455169394612312,1.1299,1
cebik-w4rnl/models/Phased-Arrays/nec/21-phasedcoledz-fs-12.nec,ok,ok,0.08022276405245066,0.045707191340625286,,0
cebik-w4rnl/models/Phased-Arrays/nec/21-phasedsplit50o-50-W4RNL.nec,ok,ok,0.007348459213972092,0.006949049420654774,,0
cebik-w4rnl/models/Phased-Arrays/nec/21-shortel-stubs-50-N7CL.nec,ok,ok,0.12120864726603031,0.11552386358380318,1.0492,1
cebik-w4rnl/models/Phased-Arrays/nec/21-zlsporig-1-ZL3MH.nec,ok,ok,0.12937796860933304,0.11564088612794876,1.1188,1
cebik-w4rnl/models/Phased-Arrays/nec/24-3elzlsp-fs-75.nec,ok,ok,0.01824695523828268,0.015711773186922073,,0
cebik-w4rnl/models/Phased-Arrays/nec/24-fdsp-W7EL.nec,ok,ok,0.22418464347720146,0.1625227639451623,1.3794,1
cebik-w4rnl/models/Phased-Arrays/nec/24-lazyh-fs-K7KGP.nec,ok,ok,0.013612990267574787,0.04169190861284733,,0
cebik-w4rnl/models/Phased-Arrays/nec/24-longelphased-directfeedp1-W4RNL.nec,ok,ok,0.015185021795332432,0.015357259660959244,,0
cebik-w4rnl/models/Phased-Arrays/nec/24-phased35o-50-W4RNL.nec,ok,ok,0.20812914334237576,0.16681405995041132,1.2477,1
cebik-w4rnl/models/Phased-Arrays/nec/24-phasedsplit50o-50-W4RNL.nec,ok,ok,0.008449934422969818,0.006932451389729977,,0
cebik-w4rnl/models/Phased-Arrays/nec/24-shortel-stubs-50-N7CL.nec,ok,ok,0.12301074992865324,0.12346703372895718,0.9963,1
cebik-w4rnl/models/Phased-Arrays/nec/254-turnstileYagi-milsat.nec,ok,ok,0.3318733526393771,0.18757226783782244,1.7693,1
cebik-w4rnl/models/Phased-Arrays/nec/28-2eledzbeam-2ref-fs-12.nec,ok,ok,0.01252489909529686,0.030869715847074986,,0
cebik-w4rnl/models/Phased-Arrays/nec/28-2eledzbeam-fs-12.nec,ok,ok,0.013064587488770485,0.010134783573448658,,0
cebik-w4rnl/models/Phased-Arrays/nec/28-3eledzbeam-2ref-gnd-12.nec,ok,ok,0.11696239374577999,0.1087363874539733,1.0757,1
cebik-w4rnl/models/Phased-Arrays/nec/28-6elphasefedbeam-fs-50.nec,ok,ok,0.0180737916380167,0.025375268422067165,,0
cebik-w4rnl/models/Phased-Arrays/nec/28-7-lazyh-vert-14.nec,ok,ok,0.29423479177057743,0.2385412435978651,1.2335,1
cebik-w4rnl/models/Phased-Arrays/nec/28-fdsp-W7EL.nec,ok,ok,0.23400329798460007,0.13930489215999842,1.6798,1
cebik-w4rnl/models/Phased-Arrays/nec/28-longelphased-directfeedp1-W4RNL.nec,ok,ok,0.021991193294525146,0.0387228662148118,,0
cebik-w4rnl/models/Phased-Arrays/nec/28-phased-gammas-1-HB9CV.nec,ok,ok,0.01995924673974514,0.018247895874083042,,0
cebik-w4rnl/models/Phased-Arrays/nec/28-phased35o-50-W4RNL.nec,ok,ok,0.21376940049231052,0.16729211434721947,1.2778,1
cebik-w4rnl/models/Phased-Arrays/nec/28-phasedsplit50o-50-W4RNL.nec,ok,ok,0.008368209935724735,0.02869334351271391,,0
cebik-w4rnl/models/Phased-Arrays/nec/28-shortel-stubs-50-N7CL.nec,ok,ok,0.12306157872080803,0.12203992996364832,1.0084,1
cebik-w4rnl/models/Phased-Arrays/nec/28-shortel-stubstack-50-N7CL.nec,ok,ok,0.2151298802345991,0.159584017470479,1.3481,1
cebik-w4rnl/models/Phased-Arrays/nec/28-swissquad-14.nec,ok,ok,0.016823606565594673,0.07602460216730833,,0
cebik-w4rnl/models/Phased-Arrays/nec/28-zlsp-udp-75-W4RNL.nec,ok,ok,0.13609705679118633,0.1259474977850914,1.0806,1
cebik-w4rnl/models/Phased-Arrays/nec/28-zlsporig-1-ZL3MH.nec,ok,ok,0.12843429669737816,0.12422050815075636,1.0339,1
cebik-w4rnl/models/Phased-Arrays/nec/28-zlsptrombone-ARRL.nec,ok,ok,0.18590994644910097,0.15006060432642698,1.2389,1
cebik-w4rnl/models/Phased-Arrays/nec/284-turnstilequad-milsat-ez.nec,ok,ok,0.4614453138783574,0.31530093122273684,1.4635,1
cebik-w4rnl/models/Phased-Arrays/nec/300-11eldplarray.nec,ok,ok,0.10455821454524994,0.054640994407236576,1.9135,1
cebik-w4rnl/models/Phased-Arrays/nec/300-20eldplarray.nec,ok,ok,0.18738101329654455,0.15210234373807907,1.2319,1
cebik-w4rnl/models/Phased-Arrays/nec/300-30eldplarray.nec,ok,ok,0.33926521334797144,0.2029131231829524,1.6720,1
cebik-w4rnl/models/Phased-Arrays/nec/300-40eldplarray.nec,ok,ok,0.4779380690306425,0.2746084099635482,1.7404,1
cebik-w4rnl/models/Phased-Arrays/nec/300-50dplarray.nec,ok,ok,0.6730443369597197,0.24844440817832947,2.7090,1
cebik-w4rnl/models/Phased-Arrays/nec/3r6-2x4elphased-K8UR.nec,ok,ok,0.8789925975725055,0.44286677800118923,1.9848,1
cebik-w4rnl/models/Phased-Arrays/nec/3r6-4elphased-lowbend-K8UR.nec,ok,ok,0.4784290986135602,0.3350898055359721,1.4278,1
cebik-w4rnl/models/Phased-Arrays/nec/3r6-4elphased-midelbend-K8UR.nec,ok,ok,0.3369331927970052,0.21811553929001093,1.5447,1
cebik-w4rnl/models/Phased-Arrays/nec/3r6-8jk-12.nec,ok,ok,0.3830233495682478,0.26681756787002087,1.4355,1
cebik-w4rnl/models/Phased-Arrays/nec/3r6-bruce-3sect-12.nec,ok,ok,0.3200387144461274,0.23665402363985777,1.3523,1
cebik-w4rnl/models/Phased-Arrays/nec/3r6-bruce-4sect-12.nec,ok,ok,0.33015312254428864,0.2336972076445818,1.4127,1
cebik-w4rnl/models/Phased-Arrays/nec/3r6-bruce-5sect-12.nec,ok,ok,0.3936979230493307,0.2696812767535448,1.4599,1
cebik-w4rnl/models/Phased-Arrays/nec/3r6-halfwldr+6parguy-sngnd.nec,ok,ok,0.7017402043566108,0.3786662947386503,1.8532,1
cebik-w4rnl/models/Phased-Arrays/nec/3r6-phasedrect-10-N2DT.nec,ok,ok,0.3661547526717186,0.25853993836790323,1.4162,1
cebik-w4rnl/models/Phased-Arrays/nec/3r6-sterba-12.nec,ok,ok,0.61109499912709,0.3386329524219036,1.8046,1
cebik-w4rnl/models/Phased-Arrays/nec/3r6-sterba-ctrfed-12.nec,ok,ok,0.5572396665811539,0.32709988951683044,1.7036,1
cebik-w4rnl/models/Phased-Arrays/nec/3r9-halfwldr+6parguy-sngnd.nec,ok,ok,0.6065950635820627,0.4135820670053363,1.4667,1
cebik-w4rnl/models/Phased-Arrays/nec/432-col-coilmatch.nec,ok,ok,0.10129974409937859,0.11264356225728989,0.8993,1
cebik-w4rnl/models/Phased-Arrays/nec/432-col-indloadmatch.nec,ok,ok,0.06956086028367281,0.06158791482448578,1.1295,1
cebik-w4rnl/models/Phased-Arrays/nec/436-moxrectturnstile-sat-12.nec,ok,ok,0.15994114615023136,0.11939476523548365,1.3396,1
cebik-w4rnl/models/Phased-Arrays/nec/436-turnstileYagi-sat.nec,ok,ok,0.31883256416767836,0.2087003318592906,1.5277,1
cebik-w4rnl/models/Phased-Arrays/nec/50-edzlazyh-fs-14.nec,ok,ok,0.01542685553431511,0.011909431777894497,,0
cebik-w4rnl/models/Phased-Arrays/nec/5r4-2x4elphased-K8UR.nec,ok,ok,0.8918238636106253,0.48020480014383793,1.8572,1
cebik-w4rnl/models/Phased-Arrays/nec/5r4-4elphased-lowbend-K8UR.nec,ok,ok,0.4734601890668273,0.30336238630115986,1.5607,1
cebik-w4rnl/models/Phased-Arrays/nec/5r4-4elphased-midelbend-K8UR.nec,ok,ok,0.328301003202796,0.22024040017277002,1.4906,1
cebik-w4rnl/models/Phased-Arrays/nec/5r4-halfwldr+6parguy-sngnd.nec,ok,ok,0.6285095121711493,0.3450825624167919,1.8213,1
cebik-w4rnl/models/Phased-Arrays/nec/7-2elphased-pergnd-2.nec,ok,ok,0.020715483464300632,0.017335031181573868,,0
cebik-w4rnl/models/Phased-Arrays/nec/7-2xhalfwldr+6parguy-sngnd.nec,ok,ok,1.4811374340206385,0.5736212665215135,2.5821,1
cebik-w4rnl/models/Phased-Arrays/nec/7-4square phased verts.nec,ok,ok,0.014063972048461437,0.017675076611340046,,0
cebik-w4rnl/models/Phased-Arrays/nec/7-halfwldr+6parguy-sngnd.nec,ok,ok,0.6137504428625107,0.34002530481666327,1.8050,1
cebik-w4rnl/models/Phased-Arrays/nec/903-vertmonoYagis-inphasefed.nec,ok,ok,0.018034338019788265,0.02472089882940054,,0
cebik-w4rnl/models/Quads/nec/10-2eloptquad-12.nec,ok,ok,0.015908725559711456,0.08893444109708071,,0
cebik-w4rnl/models/Quads/nec/10-3elopthgquad-12.nec,ok,ok,0.018056885339319706,0.0982751902192831,,0
cebik-w4rnl/models/Quads/nec/10-3eloptwbquad-12.nec,ok,ok,0.022582633420825005,0.012981612235307693,,0
cebik-w4rnl/models/Quads/nec/10-4eloptquad-12.nec,ok,ok,0.023931369185447693,0.09133410453796387,,0
cebik-w4rnl/models/Quads/nec/1296-2eloptquad-12.nec,ok,ok,0.015042223036289215,0.09510668646544218,,0
cebik-w4rnl/models/Quads/nec/1296-3elopthgquad-12.nec,ok,ok,0.018172169104218483,0.06551229394972324,,0
cebik-w4rnl/models/Quads/nec/1296-3eloptwbquad-12.nec,ok,ok,0.019278508611023426,0.08151203114539385,,0
cebik-w4rnl/models/Quads/nec/1296-4eloptquad-12.nec,ok,ok,0.024033875204622746,0.06018003448843956,,0
cebik-w4rnl/models/Quads/nec/14-1elloop-diamond-14.nec,ok,ok,0.016819894313812256,0.038018880411982536,,0
cebik-w4rnl/models/Quads/nec/14-28-2b2elquad-14-1feed.nec,ok,ok,0.30874013900756836,0.24358782451599836,1.2675,1
cebik-w4rnl/models/Quads/nec/14-28-2b2elquad-14-widesp.nec,ok,ok,0.020751059986650944,0.07983427215367556,,0
cebik-w4rnl/models/Quads/nec/14-2eloptquad-12.nec,ok,ok,0.016262130811810493,0.013614758849143982,,0
cebik-w4rnl/models/Quads/nec/14-2elquad-sq-14-medsp.nec,ok,ok,0.01765936892479658,0.0147608807310462,,0
cebik-w4rnl/models/Quads/nec/14-2elquad-sq-14-smallsp.nec,ok,ok,0.013178624212741852,0.011929158121347427,,0
cebik-w4rnl/models/Quads/nec/14-2elquad-sq-widesp.nec,ok,ok,0.012094124220311642,0.010859005153179169,,0
cebik-w4rnl/models/Quads/nec/14-3elopthgquad-12.nec,ok,ok,0.019496794790029526,0.017534433864057064,,0
cebik-w4rnl/models/Quads/nec/14-3eloptwbquad-12.nec,ok,ok,0.01836589816957712,0.017232106067240238,,0
cebik-w4rnl/models/Quads/nec/14-3elquad-12-W6SAI.nec,ok,ok,0.027612571604549885,0.06511570513248444,,0
cebik-w4rnl/models/Quads/nec/14-3elquad-14-K2OB.nec,ok,ok,0.02774746436625719,0.048983437940478325,,0
cebik-w4rnl/models/Quads/nec/14-3elquad-14-Yagisp.nec,ok,ok,0.028594776056706905,0.04241641703993082,,0
cebik-w4rnl/models/Quads/nec/14-4eloptquad-12.nec,ok,ok,0.02535513136535883,0.09642164688557386,,0
cebik-w4rnl/models/Quads/nec/14-5elquad-10-eqsp-W4RNL.nec,ok,ok,0.07691075559705496,0.11729282047599554,0.6557,1
cebik-w4rnl/models/Quads/nec/14-5elquad-14-K2OB-80ft.nec,ok,ok,0.06754327658563852,0.03855502977967262,,0
cebik-w4rnl/models/Quads/nec/14-5elquad-14-K2OB.nec,ok,ok,0.06831369642168283,0.058810421265661716,1.1616,1
cebik-w4rnl/models/Quads/nec/14-6elquad-8.nec,ok,ok,0.10150839574635029,0.07132375240325928,1.4232,1
cebik-w4rnl/models/Quads/nec/144-2eloptquad-12.nec,ok,ok,0.014693839475512505,0.0311256255954504,,0
cebik-w4rnl/models/Quads/nec/144-3eloctagon-50.nec,ok,ok,0.017390442080795765,0.035853808745741844,,0
cebik-w4rnl/models/Quads/nec/144-3elopthgquad-12.nec,ok,ok,0.018602759577333927,0.03751036711037159,,0
cebik-w4rnl/models/Quads/nec/144-3eloptwbquad-12.nec,ok,ok,0.018804121762514114,0.01594584621489048,,0
cebik-w4rnl/models/Quads/nec/144-4eloptquad-12.nec,ok,ok,0.024039020761847496,0.05855365563184023,,0
cebik-w4rnl/models/Quads/nec/144-6elquad-14.nec,ok,ok,0.10296202264726162,0.10179170966148376,1.0115,1
cebik-w4rnl/models/Quads/nec/18-24-2b5-6elquad-W4RNL.nec,ok,ok,0.24017757456749678,0.17861090693622828,1.3447,1
cebik-w4rnl/models/Quads/nec/18-2eloptquad-12.nec,ok,ok,0.015372118912637234,0.08883418329060078,,0
cebik-w4rnl/models/Quads/nec/18-2elquad-sq-14-679ftsp.nec,ok,ok,0.010981480590999126,0.04178640805184841,,0
cebik-w4rnl/models/Quads/nec/18-2elquad-sq-14-944ftsp.nec,ok,ok,0.016653602942824364,0.09467823803424835,,0
cebik-w4rnl/models/Quads/nec/18-3elopthgquad-12.nec,ok,ok,0.019842426292598248,0.08975527621805668,,0
cebik-w4rnl/models/Quads/nec/18-3eloptwbquad.nec,ok,ok,0.01829952374100685,0.07351238653063774,,0
cebik-w4rnl/models/Quads/nec/18-3elquad-14-reversible-AA2NN.nec,ok,ok,0.3846588907763362,0.2391842668876052,1.6082,1
cebik-w4rnl/models/Quads/nec/18-3elquad-14.nec,ok,ok,0.3697724621742964,0.3372974507510662,1.0963,1
cebik-w4rnl/models/Quads/nec/18-4eloptquad-12.nec,ok,ok,0.024195577949285507,0.020806645043194294,,0
cebik-w4rnl/models/Quads/nec/21-28-2b2elquad-14-spider.nec,ok,ok,0.017441258765757084,0.014608129858970642,,0
cebik-w4rnl/models/Quads/nec/21-2eloptquad-12.nec,ok,ok,0.01609444059431553,0.013079170137643814,,0
cebik-w4rnl/models/Quads/nec/21-2elquad-sq-14-580ftsp.nec,ok,ok,0.010668381117284298,0.034724557772278786,,0
cebik-w4rnl/models/Quads/nec/21-2elquad-sq-14-8ftsp.nec,ok,ok,0.017370075918734074,0.08387324213981628,,0
cebik-w4rnl/models/Quads/nec/21-2elquad-sq-18-ARRL.nec,ok,ok,0.014620192348957062,0.052779559046030045,,0
cebik-w4rnl/models/Quads/nec/21-3elopthgquad-12.nec,ok,ok,0.01849359553307295,0.07122116535902023,,0
cebik-w4rnl/models/Quads/nec/21-3eloptwbquad-12.nec,ok,ok,0.019333799369633198,0.05970654170960188,,0
cebik-w4rnl/models/Quads/nec/21-4eloptquad-12.nec,ok,ok,0.024117075838148594,0.03391793556511402,,0
cebik-w4rnl/models/Quads/nec/21-5elquad-14-eqsp-W4RNL.nec,ok,ok,0.07548758573830128,0.13537415489554405,0.5576,1
cebik-w4rnl/models/Quads/nec/21-6elquad-8.nec,ok,ok,0.10277696512639523,0.12380949035286903,0.8301,1
cebik-w4rnl/models/Quads/nec/220-2eloptquad-12.nec,ok,ok,0.015127596445381641,0.014630726538598537,,0
cebik-w4rnl/models/Quads/nec/220-3elopthgquad-12.nec,ok,ok,0.018704820424318314,0.09361682552844286,,0
cebik-w4rnl/models/Quads/nec/220-3eloptwbquad-12.nec,ok,ok,0.018226251006126404,0.07933914195746183,,0
cebik-w4rnl/models/Quads/nec/220-4eloptquad-12.nec,ok,ok,0.023828507401049137,0.09388404712080956,,0
cebik-w4rnl/models/Quads/nec/24-1elloop-diamond-14.nec,ok,ok,0.033310079015791416,0.09927723556756973,,0
cebik-w4rnl/models/Quads/nec/24-1elloop-diamond-load-14.nec,ok,ok,0.047034203074872494,0.12148632202297449,,0
cebik-w4rnl/models/Quads/nec/24-2eloptquad-12.nec,ok,ok,0.020166592672467232,0.08290465828031301,,0
cebik-w4rnl/models/Quads/nec/24-2elquad-dia-14-675ftsp.nec,ok,ok,0.0509559428319335,0.11279899440705776,0.4517,1
cebik-w4rnl/models/Quads/nec/24-2elquad-sq-14-5ftsp.nec,ok,ok,0.009314386174082756,0.01410888135433197,,0
cebik-w4rnl/models/Quads/nec/24-2elquad-sq-14-685ftsp.nec,ok,ok,0.016623342409729958,0.03717487584799528,,0
cebik-w4rnl/models/Quads/nec/24-3elopthgquad-12.nec,ok,ok,0.01810697838664055,0.081536415964365,,0
cebik-w4rnl/models/Quads/nec/24-3eloptwbquad-12.nec,ok,ok,0.019001423381268978,0.05556894559413195,,0
cebik-w4rnl/models/Quads/nec/24-4eloptquad-12.nec,ok,ok,0.024928686209023,0.07897619996219873,,0
cebik-w4rnl/models/Quads/nec/28-1elloop-1.nec,ok,ok,0.017712806351482868,0.04153141379356384,,0
cebik-w4rnl/models/Quads/nec/28-1elloop-14.nec,ok,ok,0.017480206675827503,0.025314848870038986,,0
cebik-w4rnl/models/Quads/nec/28-1elloop-load-14.nec,ok,ok,0.01795579306781292,0.045333691872656345,,0
cebik-w4rnl/models/Quads/nec/28-2eldeltaloop-14.nec,ok,ok,0.03110063634812832,0.06085802894085646,,0
cebik-w4rnl/models/Quads/nec/28-2eloptquad-12.nec,ok,ok,0.014657849445939064,0.059246950782835484,,0
cebik-w4rnl/models/Quads/nec/28-2elquad-dia-load-14.nec,ok,ok,0.057406981475651264,0.054809194058179855,1.0474,1
cebik-w4rnl/models/Quads/nec/28-2elquad-sq-14-6ftsp.nec,ok,ok,0.0174527820199728,0.031067263334989548,,0
cebik-w4rnl/models/Quads/nec/28-2elquad-sq-14-medsp.nec,ok,ok,0.019167346879839897,0.06206111144274473,,0
cebik-w4rnl/models/Quads/nec/28-2elquad-sq-14-smallsp.nec,ok,ok,0.01626900490373373,0.050781561993062496,,0
cebik-w4rnl/models/Quads/nec/28-2elquad-sq-14-widesp.nec,ok,ok,0.016152343712747097,0.060694397427141666,,0
cebik-w4rnl/models/Quads/nec/28-2elquad-sq-14.nec,ok,ok,0.01119031198322773,0.04890089761465788,,0
cebik-w4rnl/models/Quads/nec/28-2elquad-sq-dblload-14.nec,ok,ok,0.09499004296958447,0.12979825679212809,0.7318,1
cebik-w4rnl/models/Quads/nec/28-2elquad-sq-load-14.nec,ok,ok,0.057331569492816925,0.11609859578311443,0.4938,1
cebik-w4rnl/models/Quads/nec/28-2elquad-sq-load.nec,ok,ok,0.029695557430386543,0.02279631979763508,,0
cebik-w4rnl/models/Quads/nec/28-2elswissdelta-14.nec,ok,ok,0.015686845406889915,0.015858370810747147,,0
cebik-w4rnl/models/Quads/nec/28-3elopthgquad-12.nec,ok,ok,0.018435314297676086,0.02510114386677742,,0
cebik-w4rnl/models/Quads/nec/28-3eloptwbquad-12.nec,ok,ok,0.020902998745441437,0.0939777260646224,,0
cebik-w4rnl/models/Quads/nec/28-3elquad-14-Yagisp.nec,ok,ok,0.02742722723633051,0.07701628934592009,,0
cebik-w4rnl/models/Quads/nec/28-3elquad-50-Yagisp.nec,ok,ok,0.03141620010137558,0.015782498754560947,,0
cebik-w4rnl/models/Quads/nec/28-4eloptquad-12.nec,ok,ok,0.02649644110351801,0.01720658503472805,,0
cebik-w4rnl/models/Quads/nec/28-5elquad-16-eqsp-W4RNL.nec,ok,ok,0.08253669831901789,0.03840520139783621,,0
cebik-w4rnl/models/Quads/nec/28-6elquad-8.nec,ok,ok,0.10011577513068914,0.09023202769458294,1.1095,1
cebik-w4rnl/models/Quads/nec/28-birdcage-dri-14.nec,ok,ok,0.02091093361377716,0.023973342031240463,,0
cebik-w4rnl/models/Quads/nec/28-birdcage-ref-14.nec,ok,ok,0.025138345547020435,0.04074836056679487,,0
cebik-w4rnl/models/Quads/nec/3band2elquad-14-1feed-a.nec,ok,ok,0.5363910254091024,0.32779561448842287,1.6364,1
cebik-w4rnl/models/Quads/nec/3band2elquad-14-1feed.nec,ok,ok,0.4080261839553714,0.22839811630547047,1.7865,1
cebik-w4rnl/models/Quads/nec/3band4elquad-12-ARRL.nec,ok,ok,0.10778553504496813,0.1735778832808137,0.6210,1
cebik-w4rnl/models/Quads/nec/3r6-2eloptquad-12.nec,ok,ok,0.015085912309587002,0.08453492075204849,,0
cebik-w4rnl/models/Quads/nec/3r6-3elopthgquad-12.nec,ok,ok,0.019489039666950703,0.07209107559174299,,0
cebik-w4rnl/models/Quads/nec/3r6-3eloptwbquad-12.nec,ok,ok,0.04253822099417448,0.08336618635803461,,0
cebik-w4rnl/models/Quads/nec/3r6-4eloptquad-12.nec,ok,ok,0.028725462034344673,0.015472382307052612,,0
cebik-w4rnl/models/Quads/nec/3r9-2eloptquad-12.nec,ok,ok,0.017165472730994225,0.011764616705477238,,0
cebik-w4rnl/models/Quads/nec/3r9-3elopthgquad-12.nec,ok,ok,0.022987715899944305,0.08102736808359623,,0
cebik-w4rnl/models/Quads/nec/3r9-3eloptwbquad-12.nec,ok,ok,0.01802824717015028,0.06990006845444441,,0
cebik-w4rnl/models/Quads/nec/3r9-4eloptquad-12.nec,ok,ok,0.025070536881685257,0.028436717577278614,,0
cebik-w4rnl/models/Quads/nec/432-2eloptquad-12.nec,ok,ok,0.015820140950381756,0.030803697183728218,,0
cebik-w4rnl/models/Quads/nec/432-3elopthgquad-12.nec,ok,ok,0.017814161255955696,0.07369513902813196,,0
cebik-w4rnl/models/Quads/nec/432-3eloptwbquad-12.nec,ok,ok,0.019688235595822334,0.07551021873950958,,0
cebik-w4rnl/models/Quads/nec/432-4eloptquad-12.nec,ok,ok,0.02530594728887081,0.019383142702281475,,0
cebik-w4rnl/models/Quads/nec/50-2eloptquad-12.nec,ok,ok,0.016869151033461094,0.039984299801290035,,0
cebik-w4rnl/models/Quads/nec/50-3elopthgquad-12.nec,ok,ok,0.01822691597044468,0.03536539617925882,,0
cebik-w4rnl/models/Quads/nec/50-3eloptwbquad-12.nec,ok,ok,0.02264663763344288,0.01244816742837429,,0
cebik-w4rnl/models/Quads/nec/50-4eloptquad-12.nec,ok,ok,0.025021152570843697,0.019431992433965206,,0
cebik-w4rnl/models/Quads/nec/5band2elquad-planar-KC6T.nec,ok,ok,0.0839442778378725,0.09036411810666323,0.9290,1
cebik-w4rnl/models/Quads/nec/5band2elquad-spider-125wlsp.nec,ok,ok,0.0865516783669591,0.08562670275568962,1.0108,1
cebik-w4rnl/models/Quads/nec/5band2elquad-spider-174wlsp.nec,ok,ok,0.08495467528700829,0.0916124451905489,0.9273,1
cebik-w4rnl/models/Quads/nec/5band2elquad-spider-opt.nec,ok,ok,0.08976886793971062,0.095976697281003,0.9353,1
cebik-w4rnl/models/Quads/nec/5band2elquad-spider-widesp.nec,ok,ok,0.1015643086284399,0.10369082819670439,0.9795,1
cebik-w4rnl/models/Quads/nec/5band3elquad-14-ON7NQ.nec,ok,ok,0.17186388093978167,0.08321305178105831,2.0653,1
cebik-w4rnl/models/Quads/nec/5band3elquad-14-sepfeed.nec,ok,ok,0.17826558463275433,0.13650264125317335,1.3059,1
cebik-w4rnl/models/Quads/nec/5band3r5elquad-12-ON7NQ.nec,ok,ok,0.22523812390863895,0.15002721920609474,1.5013,1
cebik-w4rnl/models/Quads/nec/5band4-5elquad-12-W4RNL.nec,ok,ok,0.3691913364455104,0.20800410024821758,1.7749,1
cebik-w4rnl/models/Quads/nec/5band4-5elquad-ON7NQ.nec,ok,ok,0.14902375638484955,0.14244933798909187,1.0462,1
cebik-w4rnl/models/Quads/nec/5band4elquad-12-GI0KVQ.nec,ok,ok,0.31987263914197683,0.18403116520494223,1.7381,1
cebik-w4rnl/models/Quads/nec/5band5-6elquad-12-W4RNL.nec,ok,ok,0.42676689103245735,0.2464965796098113,1.7313,1
cebik-w4rnl/models/Quads/nec/5r4-2eloptquad-12.nec,ok,ok,0.015493514016270638,0.07895393949002028,,0
cebik-w4rnl/models/Quads/nec/5r4-3elopthgquad-12.nec,ok,ok,0.018606623634696007,0.050137266516685486,,0
cebik-w4rnl/models/Quads/nec/5r4-3eloptwbquad-12.nec,ok,ok,0.018242985010147095,0.0949628371745348,,0
cebik-w4rnl/models/Quads/nec/5r4-4eloptquad-12.nec,ok,ok,0.024618925526738167,0.10454201977699995,,0
cebik-w4rnl/models/Quads/nec/7-2eloptquad-12.nec,ok,ok,0.016323097050189972,0.02518000826239586,,0
cebik-w4rnl/models/Quads/nec/7-3elopthgquad-12.nec,ok,ok,0.018192549236118793,0.025537529960274696,,0
cebik-w4rnl/models/Quads/nec/7-3eloptwbquad-12.nec,ok,ok,0.018605045974254608,0.05542436055839062,,0
cebik-w4rnl/models/Quads/nec/7-4eloptquad-12.nec,ok,ok,0.025367679074406624,0.07876459416002035,,0
cebik-w4rnl/models/Quads/nec/903-2eloptquad-12.nec,ok,ok,0.015018186531960964,0.034403324127197266,,0
cebik-w4rnl/models/Quads/nec/903-3elopthgquad-12.nec,ok,ok,0.01835743896663189,0.10269612353295088,,0
cebik-w4rnl/models/Quads/nec/903-3eloptwbquad-12.nec,ok,ok,0.01900299172848463,0.09560379944741726,,0
cebik-w4rnl/models/Quads/nec/903-4eloptquad-12.nec,ok,ok,0.02460494078695774,0.02416215743869543,,0
cebik-w4rnl/models/VHF-UHF/nec/100-FMJpole.nec,ok,ok,0.13164493069052696,0.12468100525438786,1.0559,1
cebik-w4rnl/models/VHF-UHF/nec/100-batwing+reflector.nec,ok,ok,0.20704360958188772,0.1322838244959712,1.5651,1
cebik-w4rnl/models/VHF-UHF/nec/100-batwing-wbdipole.nec,ok,ok,0.04255805257707834,0.09657747205346823,,0
cebik-w4rnl/models/VHF-UHF/nec/100-dual-rhombic.nec,ok,ok,6.334899376146495,2.028643379919231,3.1227,1
cebik-w4rnl/models/VHF-UHF/nec/1296-20elYagi-DL6WU.nec,ok,ok,0.06456868071109056,0.06439913250505924,1.0026,1
cebik-w4rnl/models/VHF-UHF/nec/1296-32elYagi-DL6WU.nec,ok,ok,0.13982972223311663,0.07515653036534786,1.8605,1
cebik-w4rnl/models/VHF-UHF/nec/1296-cornerrefl+dipole.nec,ok,ok,0.6359951701015234,0.2555014109238982,2.4892,1
cebik-w4rnl/models/VHF-UHF/nec/1296-cornerrefl-vertical.nec,ok,ok,0.13410896714776754,0.13796029146760702,0.9721,1
cebik-w4rnl/models/VHF-UHF/nec/1296-dual-rhombic-QST.nec,ok,ok,1.5082162888720632,0.4987772610038519,3.0238,1
cebik-w4rnl/models/VHF-UHF/nec/144-10elOWAYagi.nec,ok,ok,0.029146109707653522,0.09076888766139746,,0
cebik-w4rnl/models/VHF-UHF/nec/144-10elYagi-DL6WU.nec,ok,ok,0.026263847947120667,0.10709172766655684,,0
cebik-w4rnl/models/VHF-UHF/nec/144-11elOWAYagi.nec,ok,ok,0.032626861706376076,0.09333350323140621,,0
cebik-w4rnl/models/VHF-UHF/nec/144-12elOWAYagi.nec,ok,ok,0.03778703883290291,0.09513892233371735,,0
cebik-w4rnl/models/VHF-UHF/nec/144-13elquagi.nec,ok,ok,0.027692405506968498,0.11506385914981365,,0
cebik-w4rnl/models/VHF-UHF/nec/144-2elquad-vertical.nec,ok,ok,0.07670790422707796,0.10012764949351549,0.7661,1
cebik-w4rnl/models/VHF-UHF/nec/144-2elquad.nec,ok,ok,0.018370221368968487,0.091574152931571,,0
cebik-w4rnl/models/VHF-UHF/nec/144-3elhalfsquare.nec,ok,ok,0.0757706519216299,0.10997618734836578,0.6890,1
cebik-w4rnl/models/VHF-UHF/nec/144-3elwbYagi-W6SAI.nec,ok,ok,0.015107017941772938,0.03200460411608219,,0
cebik-w4rnl/models/VHF-UHF/nec/144-58gp.nec,ok,ok,0.26080716494470835,0.15101192146539688,1.7271,1
cebik-w4rnl/models/VHF-UHF/nec/144-6elOWAYagi.nec,ok,ok,0.01836011651903391,0.03214479796588421,,0
cebik-w4rnl/models/VHF-UHF/nec/144-7elOWAYagi.nec,ok,ok,0.021866563707590103,0.06666266452521086,,0
cebik-w4rnl/models/VHF-UHF/nec/144-8elOWAYagi.nec,ok,ok,0.023703979328274727,0.09654711466282606,,0
cebik-w4rnl/models/VHF-UHF/nec/144-9elOWAYagi.nec,ok,ok,0.02611171081662178,0.1048534894362092,,0
cebik-w4rnl/models/VHF-UHF/nec/144-collinear-vertical.nec,ok,ok,0.0715975221246481,0.06031669303774834,1.1870,1
cebik-w4rnl/models/VHF-UHF/nec/144-dipole-vertical.nec,ok,ok,0.050748041830956936,0.021450961008667946,,0
cebik-w4rnl/models/VHF-UHF/nec/144-edz-delayline.nec,ok,ok,0.039907658472657204,0.03643768932670355,,0
cebik-w4rnl/models/VHF-UHF/nec/144-edz.nec,ok,ok,0.01449608989059925,0.022076794877648354,,0
cebik-w4rnl/models/VHF-UHF/nec/144-moxrect-1.nec,ok,ok,0.011360684409737587,0.015027969144284725,,0
cebik-w4rnl/models/VHF-UHF/nec/144-moxrect-125.nec,ok,ok,0.012044280767440796,0.010537093505263329,,0
cebik-w4rnl/models/VHF-UHF/nec/144-quadloop-vertical.nec,ok,ok,0.04454121645539999,0.0375873064622283,,0
cebik-w4rnl/models/VHF-UHF/nec/220-10elOWAYagi.nec,ok,ok,0.02997202891856432,0.03672460746020079,,0
cebik-w4rnl/models/VHF-UHF/nec/220-11elOWAYagi.nec,ok,ok,0.0366122480481863,0.059954412281513214,,0
cebik-w4rnl/models/VHF-UHF/nec/220-12elOWAYagi+2ref.nec,ok,ok,0.04154175240546465,0.049253059551119804,,0
cebik-w4rnl/models/VHF-UHF/nec/220-12elOWAYagi.nec,ok,ok,0.07018805108964443,0.1148116597905755,0.6113,1
cebik-w4rnl/models/VHF-UHF/nec/220-12elYagi-DL6WU.nec,ok,ok,0.047245156951248646,0.0990757904946804,,0
cebik-w4rnl/models/VHF-UHF/nec/220-13elYagi-SM5BSZ.nec,ok,ok,0.04171415977180004,0.033151798881590366,,0
cebik-w4rnl/models/VHF-UHF/nec/220-13elquagi-Buchanen.nec,ok,ok,0.02833692543208599,0.02922650519758463,,0
cebik-w4rnl/models/VHF-UHF/nec/220-14elYagi-W4RNL.nec,ok,ok,0.02085369173437357,0.04501476604491472,,0
cebik-w4rnl/models/VHF-UHF/nec/220-15elYagi-Buchanan.nec,ok,ok,0.02452925778925419,0.046144439838826656,,0
cebik-w4rnl/models/VHF-UHF/nec/220-16elYagi-DL6WU.nec,ok,ok,0.04652598313987255,0.09729351848363876,,0
cebik-w4rnl/models/VHF-UHF/nec/220-18elYagi-DL6WU.nec,ok,ok,0.056506755761802197,0.09908520430326462,0.5703,1
cebik-w4rnl/models/VHF-UHF/nec/220-21elYagi-DL6WU.nec,ok,ok,0.07003451511263847,0.12156022991985083,0.5761,1
cebik-w4rnl/models/VHF-UHF/nec/220-26elYagi-Dl6WU.nec,ok,ok,0.09746210370212793,0.1206467505544424,0.8078,1
cebik-w4rnl/models/VHF-UHF/nec/220-27elYagi-DJ9BV.nec,ok,ok,0.04672813508659601,0.1346034910529852,,0
cebik-w4rnl/models/VHF-UHF/nec/220-33elYagi.nec,ok,ok,0.14649024046957493,0.12913219537585974,1.1344,1
cebik-w4rnl/models/VHF-UHF/nec/220-3elYagi.nec,ok,ok,0.010423052124679089,0.024436033330857754,,0
cebik-w4rnl/models/VHF-UHF/nec/220-4elwbYagi.nec,ok,ok,0.01448703184723854,0.03141161147505045,,0
cebik-w4rnl/models/VHF-UHF/nec/220-6elOWAYagi-a.nec,ok,ok,0.01843044999986887,0.05753524135798216,,0
cebik-w4rnl/models/VHF-UHF/nec/220-6elOWAYagi.nec,ok,ok,0.019147935323417187,0.043296399526298046,,0
cebik-w4rnl/models/VHF-UHF/nec/220-7elOWAYagi-a.nec,ok,ok,0.020823189057409763,0.022707466036081314,,0
cebik-w4rnl/models/VHF-UHF/nec/220-7elOWAYagi.nec,ok,ok,0.02158656995743513,0.02186903264373541,,0
cebik-w4rnl/models/VHF-UHF/nec/220-8elOWAYagi-a.nec,ok,ok,0.022822844795882702,0.023884250782430172,,0
cebik-w4rnl/models/VHF-UHF/nec/220-8elOWAYagi.nec,ok,ok,0.01853443868458271,0.03662619087845087,,0
cebik-w4rnl/models/VHF-UHF/nec/220-9elOWAYagi.nec,ok,ok,0.02514342963695526,0.018428364768624306,,0
cebik-w4rnl/models/VHF-UHF/nec/300-Lindenblad.nec,ok,ok,0.01647305116057396,0.013340611010789871,,0
cebik-w4rnl/models/VHF-UHF/nec/300-turnstile-dipoles.nec,ok,ok,0.011731592938303947,0.01106100995093584,,0
cebik-w4rnl/models/VHF-UHF/nec/432-10elOWAYagi-14.nec,ok,ok,0.029255645349621773,0.11705206334590912,,0
cebik-w4rnl/models/VHF-UHF/nec/432-10elYagi-DL6WU.nec,ok,ok,0.02591803204268217,0.12473428715020418,,0
cebik-w4rnl/models/VHF-UHF/nec/432-11elOWAYagi-14.nec,ok,ok,0.032834241166710854,0.03791114315390587,,0
cebik-w4rnl/models/VHF-UHF/nec/432-12elOWAYagi+2ref-4mm.nec,ok,ok,0.04583756532520056,0.04816063400357962,,0
cebik-w4rnl/models/VHF-UHF/nec/432-12elOWAYagi-10mm.nec,ok,ok,0.036141812801361084,0.11944402102380991,,0
cebik-w4rnl/models/VHF-UHF/nec/432-12elOWAYagi-14.nec,ok,ok,0.036982180550694466,0.10369453206658363,,0
cebik-w4rnl/models/VHF-UHF/nec/432-12elOWAYagi-4mm.nec,ok,ok,0.04450694937258959,0.0943837147206068,,0
cebik-w4rnl/models/VHF-UHF/nec/432-14elYagi-DL6WU.nec,ok,ok,0.03982891608029604,0.09990555141121149,,0
cebik-w4rnl/models/VHF-UHF/nec/432-16elYagi-DL6WU.nec,ok,ok,0.04715824034065008,0.1092736953869462,,0
cebik-w4rnl/models/VHF-UHF/nec/432-18elYagi-DL6WU.nec,ok,ok,0.053749906830489635,0.10482426825910807,0.5128,1
cebik-w4rnl/models/VHF-UHF/nec/432-18elYagi.nec,ok,ok,0.06030631065368652,0.10151650849729776,0.5941,1
cebik-w4rnl/models/VHF-UHF/nec/432-20elYagi-DL6WU.nec,ok,ok,0.06623753998428583,0.10500313248485327,0.6308,1
cebik-w4rnl/models/VHF-UHF/nec/432-21-elOWAYagi-4mm.nec,ok,ok,0.09399818163365126,0.1039733923971653,0.9041,1
cebik-w4rnl/models/VHF-UHF/nec/432-21elYagi-DL6WU.nec,ok,ok,0.07747367024421692,0.11335148569196463,0.6835,1
cebik-w4rnl/models/VHF-UHF/nec/432-25elYagi.nec,ok,ok,0.07702329196035862,0.11491346918046474,0.6703,1
cebik-w4rnl/models/VHF-UHF/nec/432-26elYagi-DL6WU.nec,ok,ok,0.09890631679445505,0.1300834473222494,0.7603,1
cebik-w4rnl/models/VHF-UHF/nec/432-26elYagi-SM5BSZ.nec,ok,ok,0.10580565501004457,0.07386739552021027,1.4324,1
cebik-w4rnl/models/VHF-UHF/nec/432-27elYagi-DJ9BV.nec,ok,ok,0.11381461471319199,0.07888480369001627,1.4428,1
cebik-w4rnl/models/VHF-UHF/nec/432-31elYagi.nec,ok,ok,0.13328779954463243,0.12174507137387991,1.0948,1
cebik-w4rnl/models/VHF-UHF/nec/432-32elYagi-DL6WU.nec,ok,ok,0.14701802656054497,0.114545370452106,1.2835,1
cebik-w4rnl/models/VHF-UHF/nec/432-32elwbYagi-VK3AUU.nec,ok,ok,0.15447142720222473,0.1306408941745758,1.1824,1
cebik-w4rnl/models/VHF-UHF/nec/432-40elYagi-K1FO.nec,ok,ok,0.21407087706029415,0.15591924358159304,1.3730,1
cebik-w4rnl/models/VHF-UHF/nec/432-41elwbYagi-VK3AUU.nec,ok,ok,0.2222544141113758,0.15131321363151073,1.4688,1
cebik-w4rnl/models/VHF-UHF/nec/432-43elYagi-VE7SQB.nec,ok,ok,0.23926616180688143,0.13280794210731983,1.8016,1
cebik-w4rnl/models/VHF-UHF/nec/432-4elwbYagi-W4RNL.nec,ok,ok,0.011514494195580482,0.02806474082171917,,0
cebik-w4rnl/models/VHF-UHF/nec/432-58gp.nec,ok,ok,0.05106851365417242,0.0771468710154295,0.6620,1
cebik-w4rnl/models/VHF-UHF/nec/432-58splitvertical-WA6SVT.nec,ok,ok,0.045879993587732315,0.08419325295835733,,0
cebik-w4rnl/models/VHF-UHF/nec/432-6elOWAYagi-14.nec,ok,ok,0.027179756201803684,0.08035496063530445,,0
cebik-w4rnl/models/VHF-UHF/nec/432-6elwbYagi-W4RNL.nec,ok,ok,0.018578086979687214,0.07276024669408798,,0
cebik-w4rnl/models/VHF-UHF/nec/432-7elOWAYagi-14.nec,ok,ok,0.022636422887444496,0.10089138522744179,,0
cebik-w4rnl/models/VHF-UHF/nec/432-8elOWAYagi-14.nec,ok,ok,0.02994099911302328,0.09629430342465639,,0
cebik-w4rnl/models/VHF-UHF/nec/432-8elYagi-ARRL.nec,ok,ok,0.017067433334887028,0.03730322699993849,,0
cebik-w4rnl/models/VHF-UHF/nec/432-8elYagi-DL6WU.nec,ok,ok,0.020902241580188274,0.03863430302590132,,0
cebik-w4rnl/models/VHF-UHF/nec/432-8elwbYagi-W4RNL.nec,ok,ok,0.021527872420847416,0.05113198980689049,,0
cebik-w4rnl/models/VHF-UHF/nec/432-8elwireYagi-14.nec,ok,ok,0.016575771383941174,0.04662739485502243,,0
cebik-w4rnl/models/VHF-UHF/nec/432-9elOWAYagi-14.nec,ok,ok,0.026046745479106903,0.08394032530486584,,0
cebik-w4rnl/models/VHF-UHF/nec/432-batwing+reflector.nec,ok,ok,0.697596525773406,0.3327010050415993,2.0968,1
cebik-w4rnl/models/VHF-UHF/nec/432-batwing-wbdipole.nec,ok,ok,0.04825694765895605,0.04413600079715252,,0
cebik-w4rnl/models/VHF-UHF/nec/432-collinearvertical-GP.nec,ok,ok,0.06635784730315208,0.10482828691601753,0.6330,1
cebik-w4rnl/models/VHF-UHF/nec/432-cornerrefl+dipole-a.nec,ok,ok,0.16064319107681513,0.12894922029227018,1.2458,1
cebik-w4rnl/models/VHF-UHF/nec/432-cornerrefl+dipole-b.nec,ok,ok,0.6608045250177383,0.2678278386592865,2.4673,1
cebik-w4rnl/models/VHF-UHF/nec/432-cornerrefl+dipole.nec,ok,ok,0.3273509796708822,0.17190482653677464,1.9043,1
cebik-w4rnl/models/VHF-UHF/nec/432-cornerrefl-horiz.nec,ok,ok,1.1806964660063386,0.4190921951085329,2.8173,1
cebik-w4rnl/models/VHF-UHF/nec/432-cornerrefl-vertical.nec,ok,ok,0.14272293262183666,0.12485372927039862,1.1431,1
cebik-w4rnl/models/VHF-UHF/nec/432-cornerrefl-wiregrid-large.nec,ok,ok,5.31511555146426,1.6427209470421076,3.2356,1
cebik-w4rnl/models/VHF-UHF/nec/432-cornerrefl-wiregrid-small.nec,ok,ok,0.28804417699575424,0.1587106827646494,1.8149,1
cebik-w4rnl/models/VHF-UHF/nec/432-dbldiamond-wiregridplanarrefl.nec,ok,ok,1.0646042563021183,0.38409031834453344,2.7718,1
cebik-w4rnl/models/VHF-UHF/nec/432-flatcornerrefl+dipole.nec,ok,ok,0.21757540479302406,0.13848528638482094,1.5711,1
cebik-w4rnl/models/VHF-UHF/nec/432-tri-cornerrefl.nec,ok,ok,6.337151505984366,1.9455143483355641,3.2573,1
cebik-w4rnl/models/VHF-UHF/nec/432-vertical-GP-125.nec,ok,ok,0.03377815708518028,0.02832550462335348,,0
cebik-w4rnl/models/VHF-UHF/nec/50-12elXquad-14.nec,ok,ok,0.11268267873674631,0.11268227733671665,1.0000,1
cebik-w4rnl/models/VHF-UHF/nec/50-2eldr-dirYagi.nec,ok,ok,0.011264275759458542,0.03276341315358877,,0
cebik-w4rnl/models/VHF-UHF/nec/50-2elwbYagi-W6SAI.nec,ok,ok,0.011824140325188637,0.04553363844752312,,0
cebik-w4rnl/models/VHF-UHF/nec/50-3elquad-14.nec,ok,ok,0.028568299487233162,0.09079861547797918,,0
cebik-w4rnl/models/VHF-UHF/nec/50-3elwbYagi-W6SAI.nec,ok,ok,0.013554772362112999,0.0710622388869524,,0
cebik-w4rnl/models/VHF-UHF/nec/50-4elhigainYagi-W1VT.nec,ok,ok,0.011697057634592056,0.031059345230460167,,0
cebik-w4rnl/models/VHF-UHF/nec/50-6elOWAYagi.nec,ok,ok,0.02193254604935646,0.09369952790439129,,0
cebik-w4rnl/models/VHF-UHF/nec/50-7elOWAYagi.nec,ok,ok,0.025204120203852654,0.09825561102479696,,0
cebik-w4rnl/models/VHF-UHF/nec/50-8elOWAYagi.nec,ok,ok,0.02842362504452467,0.09562004450708628,,0
cebik-w4rnl/models/VHF-UHF/nec/50-9elYagi-ON4ANT.nec,ok,ok,0.0681086853146553,0.1173628717660904,0.5803,1
cebik-w4rnl/models/VHF-UHF/nec/50-dipole-turnstile.nec,ok,ok,0.106864626519382,0.10430175717920065,1.0246,1
cebik-w4rnl/models/VHF-UHF/nec/50-lazyH-phasedarray.nec,ok,ok,0.4085717936977744,0.23313343059271574,1.7525,1
cebik-w4rnl/models/VHF-UHF/nec/50-lazyH.nec,ok,ok,0.18797207809984684,0.18674585409462452,1.0066,1
cebik-w4rnl/models/VHF-UHF/nec/50-moxrect-14.nec,ok,ok,0.05529609974473715,0.1014734422788024,0.5449,1
cebik-w4rnl/models/VHF-UHF/nec/50-moxrect-50.nec,ok,ok,0.05643695406615734,0.09166952408850193,0.6157,1
cebik-w4rnl/models/VHF-UHF/nec/50-quad-turnstile.nec,ok,ok,0.1876196265220642,0.15618558041751385,1.2013,1
cebik-w4rnl/models/VHF-UHF/nec/50-quadrectangle-horiz.nec,ok,ok,0.014392244629561901,0.01731011364609003,,0
cebik-w4rnl/models/VHF-UHF/nec/850-dbldiamond-planarrefl.nec,ok,ok,0.047482920810580254,0.14309840835630894,,0
cebik-w4rnl/models/VHF-UHF/nec/903-20elYagi-DL6WU.nec,ok,ok,0.06869795080274343,0.10680847056210041,0.6432,1
cebik-w4rnl/models/VHF-UHF/nec/903-32elYagi-DL6WU.nec,ok,ok,0.1455476637929678,0.14963347371667624,0.9727,1
cebik-w4rnl/models/VHF-UHF/nec/903-cornerrefl-vertical.nec,ok,ok,0.1421236451715231,0.13370686769485474,1.0629,1
cebik-w4rnl/models/Verticals/nec/10-3elparasitic-sngnd.nec,ok,ok,0.5094767287373543,0.26260076742619276,1.9401,1
cebik-w4rnl/models/Verticals/nec/10-3elwireparasitic-sngnd.nec,ok,ok,0.20919100008904934,0.1553381597623229,1.3467,1
cebik-w4rnl/models/Verticals/nec/10-bobtailcurtain-14.nec,ok,ok,0.32401507161557674,0.22941620834171772,1.4123,1
cebik-w4rnl/models/Verticals/nec/10-dblrect-14.nec,ok,ok,0.3727222252637148,0.25671649910509586,1.4519,1
cebik-w4rnl/models/Verticals/nec/10-dpl-spiralhats-sngnd.nec,ok,ok,0.12962101865559816,0.1195740383118391,1.0840,1
cebik-w4rnl/models/Verticals/nec/10-halfsquare-12.nec,ok,ok,0.32466720789670944,0.22751339804381132,1.4270,1
cebik-w4rnl/models/Verticals/nec/10-hsbeam-12.nec,ok,ok,0.3563330713659525,0.2497427361086011,1.4268,1
cebik-w4rnl/models/Verticals/nec/10-quadloop-dia-12.nec,ok,ok,0.3402913510799408,0.2488659741356969,1.3674,1
cebik-w4rnl/models/Verticals/nec/10-quadloop-sq-12.nec,ok,ok,0.21292755007743835,0.1554191391915083,1.3700,1
cebik-w4rnl/models/Verticals/nec/10-rect-14.nec,ok,ok,0.3119171718135476,0.2237077420577407,1.3943,1
cebik-w4rnl/models/Verticals/nec/10-sterba-12.nec,ok,ok,0.5923460684716702,0.3144006906077266,1.8840,1
cebik-w4rnl/models/Verticals/nec/10-sterba-ctrfed-12.nec,ok,ok,0.559019242413342,0.3138899430632591,1.7809,1
cebik-w4rnl/models/Verticals/nec/14-monopole-4rad.nec,ok,ok,0.37255424447357655,0.25475458707660437,1.4624,1
cebik-w4rnl/models/Verticals/nec/14-monopole-4sloperad.nec,ok,ok,0.2627381160855293,0.27219147607684135,0.9653,1
cebik-w4rnl/models/Verticals/nec/144-14gp-45deg.nec,ok,ok,0.15415174514055252,0.07499190606176853,2.0556,1
cebik-w4rnl/models/Verticals/nec/144-14gp.nec,ok,ok,0.1508695762604475,0.09437006432563066,1.5987,1
cebik-w4rnl/models/Verticals/nec/144-14vertical-GP-fat.nec,ok,ok,0.04966369457542896,0.09833616111427546,,0
cebik-w4rnl/models/Verticals/nec/144-2elBobtail.nec,ok,ok,0.24526053294539452,0.15945404674857855,1.5381,1
cebik-w4rnl/models/Verticals/nec/144-2elhalfsquare.nec,ok,ok,0.04700914956629276,0.06682439986616373,,0
cebik-w4rnl/models/Verticals/nec/144-3eljpoleYagi-375.nec,ok,ok,0.4533272823318839,0.22733896784484386,1.9941,1
cebik-w4rnl/models/Verticals/nec/144-Jpole-50.nec,ok,ok,0.01101547572761774,0.02761777676641941,,0
cebik-w4rnl/models/Verticals/nec/144-Jpole58-375.nec,ok,ok,0.02508915215730667,0.014840492978692055,,0
cebik-w4rnl/models/Verticals/nec/144-edz-vertical.nec,ok,ok,0.056842063553631306,0.04552012402564287,,0
cebik-w4rnl/models/Verticals/nec/144-halfsquare.nec,ok,ok,0.029840394854545593,0.020035207271575928,,0
cebik-w4rnl/models/Verticals/nec/18-jpole-12.nec,ok,ok,0.00953573640435934,0.02609091065824032,,0
cebik-w4rnl/models/Verticals/nec/1r8-dblrect-12.nec,ok,ok,0.40796656254678965,0.24892012402415276,1.6389,1
cebik-w4rnl/models/Verticals/nec/1r8-monopole-12rad-lentpr.nec,ok,ok,0.3904933165758848,0.2678606379777193,1.4578,1
cebik-w4rnl/models/Verticals/nec/1r8-monopole-4rad-lentpr.nec,ok,ok,0.34596271626651287,0.24393305275589228,1.4183,1
cebik-w4rnl/models/Verticals/nec/1r8-monopole-60rad-lentpr.nec,ok,ok,1.4544823858886957,0.5995855610817671,2.4258,1
cebik-w4rnl/models/Verticals/nec/1r8-rect-12.nec,ok,ok,0.35439637769013643,0.24327689595520496,1.4568,1
cebik-w4rnl/models/Verticals/nec/1r8-thatmonopole-mingnd.nec,ok,ok,0.011420895345509052,0.04004114866256714,,0
cebik-w4rnl/models/Verticals/nec/1r8-thatwiremonopole-mingnd.nec,ok,ok,0.013262690976262093,0.07243164721876383,,0
cebik-w4rnl/models/Verticals/nec/21-jpole-12.nec,ok,ok,0.011594871059060097,0.048653729259967804,,0
cebik-w4rnl/models/Verticals/nec/24-jpole-12.nec,ok,ok,0.010617614723742008,0.027964618988335133,,0
cebik-w4rnl/models/Verticals/nec/28-jpole-12.nec,ok,ok,0.010516239330172539,0.008465335704386234,,0
cebik-w4rnl/models/Verticals/nec/28-monopole-4rad.nec,ok,ok,0.3343249261379242,0.31064735166728497,1.0762,1
cebik-w4rnl/models/Verticals/nec/28-monopole-4sloperad.nec,ok,ok,0.13342425785958767,0.1080338079482317,1.2350,1
cebik-w4rnl/models/Verticals/nec/3-monopole-16hat-pergnd.nec,ok,ok,0.014900409616529942,0.01284808199852705,,0
cebik-w4rnl/models/Verticals/nec/3-monopole-16hat-perim-pergnd.nec,ok,ok,0.02426954358816147,0.018772580660879612,,0
cebik-w4rnl/models/Verticals/nec/3-monopole-4hat-pergnd.nec,ok,ok,0.01132457610219717,0.009785404428839684,,0
cebik-w4rnl/models/Verticals/nec/3-monopole-4hat-perim-pergnd.nec,ok,ok,0.013111433014273643,0.00964783038944006,,0
cebik-w4rnl/models/Verticals/nec/300-11eldplarray.nec,ok,ok,0.10124209057539701,0.11616312246769667,0.8716,1
cebik-w4rnl/models/Verticals/nec/300-20eldplarray.nec,ok,ok,0.1870757145807147,0.21279535908252,0.8791,1
cebik-w4rnl/models/Verticals/nec/300-30eldplarray.nec,ok,ok,0.308288861066103,0.172650252468884,1.7856,1
cebik-w4rnl/models/Verticals/nec/3r5-equidelta-fs-12.nec,ok,ok,0.01295358408242464,0.07293336000293493,,0
cebik-w4rnl/models/Verticals/nec/3r6-alt2shortequidelta-sngnd-12.nec,ok,ok,0.24982484988868237,0.18009157106280327,1.3872,1
cebik-w4rnl/models/Verticals/nec/3r6-alt3shortequidelta-sngnd-12.nec,ok,ok,0.2511908086016774,0.180817105807364,1.3892,1
cebik-w4rnl/models/Verticals/nec/3r6-altshortequidelta-sngnd-12.nec,ok,ok,0.27118044067174196,0.1803539004176855,1.5036,1
cebik-w4rnl/models/Verticals/nec/3r6-bobtailbeam-12.nec,ok,ok,0.43048295378685,0.2824224252253771,1.5243,1
cebik-w4rnl/models/Verticals/nec/3r6-bobtailcurtain-12.nec,ok,ok,0.39647470600903034,0.2739602383226156,1.4472,1
cebik-w4rnl/models/Verticals/nec/3r6-dbldelta-sngnd-12.nec,ok,ok,0.35694663506001234,0.2511045830324292,1.4215,1
cebik-w4rnl/models/Verticals/nec/3r6-dblrect-12.nec,ok,ok,0.38463208731263876,0.24950051680207253,1.5416,1
cebik-w4rnl/models/Verticals/nec/3r6-halfsquare-12.nec,ok,ok,0.335225198417902,0.23440952599048615,1.4301,1
cebik-w4rnl/models/Verticals/nec/3r6-hentenna-12.nec,ok,ok,0.3337208852171898,0.23470261506736279,1.4219,1
cebik-w4rnl/models/Verticals/nec/3r6-hsbeam-12.nec,ok,ok,0.3664714489132166,0.2442021118476987,1.5007,1
cebik-w4rnl/models/Verticals/nec/3r6-hsbeam-reverible-12.nec,ok,ok,0.3829820118844509,0.24796035885810852,1.5445,1
cebik-w4rnl/models/Verticals/nec/3r6-opendblrect-12.nec,ok,ok,0.3760443925857544,0.24437145702540874,1.5388,1
cebik-w4rnl/models/Verticals/nec/3r6-parasitichentennas-12-N2DT.nec,ok,ok,0.3827475970610976,0.2508116262033582,1.5260,1
cebik-w4rnl/models/Verticals/nec/3r6-phasedhentennas-12-N2DT.nec,ok,ok,0.36676571145653725,0.2552015520632267,1.4372,1
cebik-w4rnl/models/Verticals/nec/3r6-rectangle-12.nec,ok,ok,0.3301682732999325,0.23993767984211445,1.3761,1
cebik-w4rnl/models/Verticals/nec/3r6-rtangdelta-fs-12.nec,ok,ok,0.011406614445149899,0.010332869365811348,,0
cebik-w4rnl/models/Verticals/nec/3r6-shortequidelta-sngnd-12.nec,ok,ok,0.24299001321196556,0.20834456197917461,1.1663,1
cebik-w4rnl/models/Verticals/nec/3r6-vert-coilhat.nec,ok,ok,0.021454778499901295,0.017446632497012615,,0
cebik-w4rnl/models/Verticals/nec/3r6-vert-spiralhat.nec,ok,ok,0.032376522198319435,0.023030445910990238,,0
cebik-w4rnl/models/Verticals/nec/3r6-vert-symradhat.nec,ok,ok,0.0782120106741786,0.04304640833288431,,0
cebik-w4rnl/models/Verticals/nec/3r6-vert-teehat.nec,ok,ok,0.016516167670488358,0.01377294771373272,,0
cebik-w4rnl/models/Verticals/nec/3r6-vert-zigzaghat.nec,ok,ok,0.02399646583944559,0.017707456834614277,,0
cebik-w4rnl/models/Verticals/nec/50-Lant-375.nec,ok,ok,0.1103737773373723,0.10431945417076349,1.0580,1
cebik-w4rnl/models/Verticals/nec/50-Lant-50.nec,ok,ok,0.11078707966953516,0.10464326571673155,1.0587,1
cebik-w4rnl/models/Verticals/nec/5r4-bobtailcurtain-14.nec,ok,ok,0.32632906548678875,0.23292308393865824,1.4010,1
cebik-w4rnl/models/Verticals/nec/5r4-dblrect-14.nec,ok,ok,0.38001005444675684,0.2635501604527235,1.4419,1
cebik-w4rnl/models/Verticals/nec/5r4-halfsquare-12.nec,ok,ok,0.3328285366296768,0.2323497822508216,1.4324,1
cebik-w4rnl/models/Verticals/nec/5r4-opendblrect-12.nec,ok,ok,0.3485895749181509,0.2609976548701525,1.3356,1
cebik-w4rnl/models/Verticals/nec/5r4-rect-14.nec,ok,ok,0.33387566916644573,0.23401592019945383,1.4267,1
cebik-w4rnl/models/Verticals/nec/7-2elphased-mingnd.nec,ok,ok,0.010018306784331799,0.00923492293804884,,0
cebik-w4rnl/models/Verticals/nec/7-2monopoles-parasitic.nec,ok,ok,0.008623737841844559,0.0068508656695485115,,0
cebik-w4rnl/models/Verticals/nec/7-2monopoles-phased.nec,ok,ok,0.010084162466228008,0.008216516114771366,,0
cebik-w4rnl/models/Verticals/nec/7-3elcaploadparasitic-sngnd.nec,ok,ok,0.5522519117221236,0.29398861434310675,1.8785,1
cebik-w4rnl/models/Verticals/nec/7-3elhatloadparasitic-sngnd.nec,ok,ok,0.5295778168365359,0.3026084303855896,1.7500,1
cebik-w4rnl/models/Verticals/nec/7-3elparasitic-sngnd.nec,ok,ok,0.4154544612392783,0.2457850920036435,1.6903,1
cebik-w4rnl/models/Verticals/nec/7-3elvertYagi-mingnd-1.nec,ok,ok,0.014523978345096111,0.012595126405358315,,0
cebik-w4rnl/models/Verticals/nec/7-3elwireparasitic-sngnd.nec,ok,ok,0.20517428871244192,0.16582499630749226,1.2373,1
cebik-w4rnl/models/Verticals/nec/7-bobtailcurtain-14.nec,ok,ok,0.3031630562618375,0.21838189847767353,1.3882,1
cebik-w4rnl/models/Verticals/nec/7-bruce-12.nec,ok,ok,0.018255076371133327,0.016522718593478203,,0
cebik-w4rnl/models/Verticals/nec/7-dbldelta-sngnd-12.nec,ok,ok,0.3179611023515463,0.2268620701506734,1.4016,1
cebik-w4rnl/models/Verticals/nec/7-dblrect-14.nec,ok,ok,0.34590633772313595,0.24736081063747406,1.3984,1
cebik-w4rnl/models/Verticals/nec/7-dpl-hats-sngnd.nec,ok,ok,0.23152864072471857,0.19561391416937113,1.1836,1
cebik-w4rnl/models/Verticals/nec/7-dpl-spiralhats-sngnd.nec,ok,ok,0.1208687387406826,0.10953974723815918,1.1034,1
cebik-w4rnl/models/Verticals/nec/7-equidelta-fs-12.nec,ok,ok,0.01211282704025507,0.01936335116624832,,0
cebik-w4rnl/models/Verticals/nec/7-halfsquare-12.nec,ok,ok,0.2926068874076009,0.2154320003464818,1.3582,1
cebik-w4rnl/models/Verticals/nec/7-halfwlvert-6parasiticguys.nec,ok,ok,0.7772877588868141,0.38582552410662174,2.0146,1
cebik-w4rnl/models/Verticals/nec/7-hsbeam-12.nec,ok,ok,0.32917861361056566,0.29225866589695215,1.1263,1
cebik-w4rnl/models/Verticals/nec/7-monopole-4sloperad-sngnd.nec,ok,ok,0.2007997613400221,0.16132283490151167,1.2447,1
cebik-w4rnl/models/Verticals/nec/7-monopole-6rad-sngnd.nec,ok,ok,0.3750259131193161,0.2401784434914589,1.5614,1
cebik-w4rnl/models/Verticals/nec/7-opendblrect-12.nec,ok,ok,0.3264057170599699,0.23593512643128633,1.3835,1
cebik-w4rnl/models/Verticals/nec/7-quadloop-dia-12.nec,ok,ok,0.31814707815647125,0.22440532594919205,1.4177,1
cebik-w4rnl/models/Verticals/nec/7-quadloop-sq-12.nec,ok,ok,0.20535285118967295,0.16577745787799358,1.2387,1
cebik-w4rnl/models/Verticals/nec/7-rect-14.nec,ok,ok,0.3006416466087103,0.21633031871169806,1.3897,1
cebik-w4rnl/models/Verticals/nec/7-rtangdelta-sngnd-12.nec,ok,ok,0.29309566132724285,0.21977853868156672,1.3336,1
cebik-w4rnl/models/Verticals/nec/7-smallloop-1.nec,ok,ok,0.016441501677036285,0.01658657193183899,,0
cebik-w4rnl/models/Verticals/nec/7-sterba-12.nec,ok,ok,0.556513893418014,0.32982381898909807,1.6873,1
cebik-w4rnl/models/Verticals/nec/7-sterba-ctrfed-12.nec,ok,ok,0.5285520553588867,0.31875021662563086,1.6582,1
cebik-w4rnl/models/Wire-Arrays/nec/10-28-hordelta-cnrfd-12.nec,ok,ok,0.2549131503328681,0.18506611045449972,1.3774,1
cebik-w4rnl/models/Wire-Arrays/nec/10-2elYagi-reversible-12.nec,ok,ok,0.010134574957191944,0.032368713058531284,,0
cebik-w4rnl/models/Wire-Arrays/nec/10-3elYagi-14.nec,ok,ok,0.3189120041206479,0.22666735108941793,1.4070,1
cebik-w4rnl/models/Wire-Arrays/nec/10-8jk-12.nec,ok,ok,0.31367066223174334,0.22210242692381144,1.4123,1
cebik-w4rnl/models/Wire-Arrays/nec/10-halfsq-14.nec,ok,ok,0.3540642196312547,0.2688149558380246,1.3171,1
cebik-w4rnl/models/Wire-Arrays/nec/14-28-rhombic21-12.nec,ok,ok,0.07197091542184353,0.044469582848250866,,0
cebik-w4rnl/models/Wire-Arrays/nec/14-3eledzbeam-12.nec,ok,ok,0.11313861887902021,0.10592066310346127,1.0681,1
cebik-w4rnl/models/Wire-Arrays/nec/14-5wllongwire-endfd-12.nec,ok,ok,0.7768824594095349,0.38897895254194736,1.9972,1
cebik-w4rnl/models/Wire-Arrays/nec/14-8jk-12.nec,ok,ok,0.32433432526886463,0.2344994693994522,1.3831,1
cebik-w4rnl/models/Wire-Arrays/nec/14-N4PCloop-12.nec,ok,ok,0.03841362055391073,0.11051763966679573,,0
cebik-w4rnl/models/Wire-Arrays/nec/14-halfsq-14.nec,ok,ok,0.36741373408585787,0.2635212717577815,1.3942,1
cebik-w4rnl/models/Wire-Arrays/nec/14-halfsqbeam-14.nec,ok,ok,0.354097256436944,0.25786955934017897,1.3732,1
cebik-w4rnl/models/Wire-Arrays/nec/14-slopet2fd-12.nec,ok,ok,0.33573757484555244,0.23367998749017715,1.4367,1
cebik-w4rnl/models/Wire-Arrays/nec/14-trianglebeam-12.nec,ok,ok,1.247965220361948,0.5181077001616359,2.4087,1
cebik-w4rnl/models/Wire-Arrays/nec/14-vbeam-12.nec,ok,ok,0.7884046342223883,0.392660778015852,2.0079,1
cebik-w4rnl/models/Wire-Arrays/nec/1r8-28-horhexloop-12.nec,ok,ok,0.4588481383398175,0.2904689246788621,1.5797,1
cebik-w4rnl/models/Wire-Arrays/nec/1r8-28-horhexloop-large-12.nec,ok,ok,0.3945393478497863,0.2894052378833294,1.3633,1
cebik-w4rnl/models/Wire-Arrays/nec/1r8-28-hort2fd-long-12.nec,ok,ok,0.03559926804155111,0.02616314310580492,,0
cebik-w4rnl/models/Wire-Arrays/nec/1r8-28-hort2fd-med-12.nec,ok,ok,0.36870514787733555,0.2548607178032398,1.4467,1
cebik-w4rnl/models/Wire-Arrays/nec/1r8-28-hort2fd-med-tl-12.nec,ok,ok,0.5416209446266294,0.30378593411296606,1.7829,1
cebik-w4rnl/models/Wire-Arrays/nec/1r8-28-hort2fd-short-12.nec,ok,ok,0.013509795069694519,0.011690795421600342,,0
cebik-w4rnl/models/Wire-Arrays/nec/1r8-bobtailbeam-12.nec,ok,ok,0.45409166533499956,0.29376441054046154,1.5458,1
cebik-w4rnl/models/Wire-Arrays/nec/1r8-dblrect-12.nec,ok,ok,0.4000931968912482,0.27381495386362076,1.4612,1
cebik-w4rnl/models/Wire-Arrays/nec/1r8-halfsq-14.nec,ok,ok,0.3351981397718191,0.2442847490310669,1.3722,1
cebik-w4rnl/models/Wire-Arrays/nec/21-coledz-12.nec,ok,ok,0.18449334893375635,0.133470231667161,1.3823,1
cebik-w4rnl/models/Wire-Arrays/nec/21-coledzlazyh-12.nec,ok,ok,0.4244621768593788,0.2138099279254675,1.9852,1
cebik-w4rnl/models/Wire-Arrays/nec/28-hentenna-12.nec,ok,ok,0.11460406612604856,0.09258653223514557,1.2378,1
cebik-w4rnl/models/Wire-Arrays/nec/3r6-1wlhordelta-12.nec,ok,ok,0.38342429138720036,0.27385255321860313,1.4001,1
cebik-w4rnl/models/Wire-Arrays/nec/3r6-1wlhorhexloop-14.nec,ok,ok,0.33283005468547344,0.2381207998842001,1.3977,1
cebik-w4rnl/models/Wire-Arrays/nec/3r6-1wlhoroctloop-12.nec,ok,ok,0.3794641997665167,0.2507918793708086,1.5131,1
cebik-w4rnl/models/Wire-Arrays/nec/3r6-2elYagi-12.nec,ok,ok,0.31115376576781273,0.23318146727979183,1.3344,1
cebik-w4rnl/models/Wire-Arrays/nec/3r6-3elYagi-14.nec,ok,ok,0.3400875637307763,0.2365855099633336,1.4375,1
cebik-w4rnl/models/Wire-Arrays/nec/3r6-3r9-4wire2elYagi.nec,ok,ok,0.3347946908324957,0.2468619178980589,1.3562,1
cebik-w4rnl/models/Wire-Arrays/nec/3r6-dblrect-12.nec,ok,ok,0.020547965541481972,0.018060690723359585,,0
cebik-w4rnl/models/Wire-Arrays/nec/3r6-halfsq-12.nec,ok,ok,0.3256753832101822,0.23140705563127995,1.4074,1
cebik-w4rnl/models/Wire-Arrays/nec/3r6-halfsqbeam-12.nec,ok,ok,0.3628903841599822,0.26497068256139755,1.3695,1
cebik-w4rnl/models/Wire-Arrays/nec/3r6-linloaddipole-12.nec,ok,ok,0.013688858598470688,0.013075897470116615,,0
cebik-w4rnl/models/Wire-Arrays/nec/3r6-slopet2fd-12.nec,ok,ok,0.2458864664658904,0.18104220554232597,1.3582,1
cebik-w4rnl/models/Wire-Arrays/nec/3r6-vertrect-12.nec,ok,ok,0.3218977451324463,0.23382952436804771,1.3766,1
cebik-w4rnl/models/Wire-Arrays/nec/3r6-wbdipole-14.nec,ok,ok,0.31133372243493795,0.22812289651483297,1.3648,1
cebik-w4rnl/models/Wire-Arrays/nec/3r9-2elYagi-14.nec,ok,ok,0.33015614189207554,0.23800755571573973,1.3872,1
cebik-w4rnl/models/Wire-Arrays/nec/3r9-2elYagi-reflload-14.nec,ok,ok,0.32292138040065765,0.23540311213582754,1.3718,1
cebik-w4rnl/models/Wire-Arrays/nec/3r9-3elYagi-14.nec,ok,ok,0.34651540499180555,0.24298177938908339,1.4261,1
cebik-w4rnl/models/Wire-Arrays/nec/3r9-3wire2elYagi-14.nec,ok,ok,0.3336997302249074,0.23825704958289862,1.4006,1
cebik-w4rnl/models/Wire-Arrays/nec/3r9-nvis-1wlloop-planarrefl.nec,ok,ok,0.6647012326866388,0.347326866351068,1.9138,1
cebik-w4rnl/models/Wire-Arrays/nec/3r9-nvis-batwing-planarrefl.nec,ok,ok,1.0576972281560302,0.4759112875908613,2.2225,1
cebik-w4rnl/models/Wire-Arrays/nec/3r9-nvis-dipole-planarrefl.nec,ok,ok,0.6194798648357391,0.3766825348138809,1.6446,1
cebik-w4rnl/models/Wire-Arrays/nec/3r9-nvis-edzlazyh-planarrefl.nec,ok,ok,1.219696388579905,0.49963744916021824,2.4412,1
cebik-w4rnl/models/Wire-Arrays/nec/3r9-nvis-jamaica-planarrefl.nec,ok,ok,0.9539252268150449,0.45033895689994097,2.1182,1
cebik-w4rnl/models/Wire-Arrays/nec/5r4-2elYagi-reversible-12.nec,ok,ok,0.01092797052115202,0.02992565929889679,,0
cebik-w4rnl/models/Wire-Arrays/nec/5r4-8jk-12.nec,ok,ok,0.3641513707116246,0.2587325805798173,1.4074,1
cebik-w4rnl/models/Wire-Arrays/nec/5r4-dblrect-14.nec,ok,ok,0.38206712529063225,0.2703931936994195,1.4130,1
cebik-w4rnl/models/Wire-Arrays/nec/5r4-halfsq-12.nec,ok,ok,0.3214660547673702,0.22987010702490807,1.3985,1
cebik-w4rnl/models/Wire-Arrays/nec/5r4-moxrect-reversible-12-AA2NN.nec,ok,ok,0.3216200014576316,0.2462065275758505,1.3063,1
cebik-w4rnl/models/Wire-Arrays/nec/7-14-rhombic10-12.nec,ok,ok,0.07375030405819416,0.046089126728475094,,0
cebik-w4rnl/models/Wire-Arrays/nec/7-28-hordelta-cnrfd-12.nec,ok,ok,0.3550380263477564,0.25600089132785797,1.3869,1
cebik-w4rnl/models/Wire-Arrays/nec/7-28-lazyh15-al.nec,ok,ok,0.11799340136349201,0.09616174455732107,1.2270,1
cebik-w4rnl/models/Wire-Arrays/nec/7-28-sqloop-cnrfd-12.nec,ok,ok,0.5101939691230655,0.29932188894599676,1.7045,1
cebik-w4rnl/models/Wire-Arrays/nec/7-28-sqloop-sidefd-12.nec,ok,ok,0.4015492172911763,0.2736612632870674,1.4673,1
cebik-w4rnl/models/Wire-Arrays/nec/7-2elYagi-reversible-12.nec,ok,ok,0.011509755626320839,0.010334608145058155,,0
cebik-w4rnl/models/Wire-Arrays/nec/7-2eldelta-12-K4TX.nec,ok,ok,0.34878366347402334,0.23351943958550692,1.4936,1
cebik-w4rnl/models/Wire-Arrays/nec/7-2elwireYagi-12.nec,ok,ok,0.01061712484806776,0.009714679792523384,,0
cebik-w4rnl/models/Wire-Arrays/nec/7-3elYagi-14.nec,ok,ok,0.3094624066725373,0.22012244537472725,1.4059,1
cebik-w4rnl/models/Wire-Arrays/nec/7-8jk-12.nec,ok,ok,0.29858123045414686,0.21671020053327084,1.3778,1
cebik-w4rnl/models/Wire-Arrays/nec/7-bobtailbeam-12.nec,ok,ok,0.3999096089974046,0.2727614166215062,1.4662,1
cebik-w4rnl/models/Wire-Arrays/nec/7-dblrect-14.nec,ok,ok,0.34538845159113407,0.24965167976915836,1.3835,1
cebik-w4rnl/models/Wire-Arrays/nec/7-edzlazyh-14.nec,ok,ok,0.10529092978686094,0.10962671879678965,0.9604,1
cebik-w4rnl/models/Wire-Arrays/nec/7-halfsq-12.nec,ok,ok,0.29512382205575705,0.21489871852099895,1.3733,1
cebik-w4rnl/models/Wire-Arrays/nec/7-halfsqbeam-12.nec,ok,ok,0.3177153430879116,0.24054707027971745,1.3208,1
cebik-w4rnl/models/Wire-Arrays/nec/7-halfsqbeam-14.nec,ok,ok,0.32148378156125546,0.24309831019490957,1.3224,1
cebik-w4rnl/models/Wire-Arrays/nec/7-hentenna-12.nec,ok,ok,0.10800445824861526,0.09840658027678728,1.0975,1
cebik-w4rnl/models/Wire-Arrays/nec/7-lazyh-14.nec,ok,ok,0.10625241324305534,0.1160562764853239,0.9155,1
cebik-w4rnl/models/Wire-Arrays/nec/7-moxrect-reversible-12-AA2NN.nec,ok,ok,0.28305648639798164,0.21528572961688042,1.3148,1
cebik-w4rnl/models/Wire-Arrays/nec/7-multiV-4wl-14.nec,ok,ok,0.6299673207104206,0.3390579232946038,1.8580,1
cebik-w4rnl/models/Wire-Arrays/nec/7-rect-botctrfd-14.nec,ok,ok,0.3000320242717862,0.22413950227200985,1.3386,1
cebik-w4rnl/models/Wire-Arrays/nec/7-rtanglevertdelta-botfd-12.nec,ok,ok,0.3001291425898671,0.21525138337165117,1.3943,1
cebik-w4rnl/models/Wire-Arrays/nec/7-slopet2fd-12.nec,ok,ok,0.21309904754161835,0.17093208339065313,1.2467,1
cebik-w4rnl/models/Wire-Arrays/nec/7-sqquadloop-botfd-12.nec,ok,ok,0.012072207406163216,0.01030696276575327,,0
cebik-w4rnl/models/Wire-Arrays/nec/7-vertdelta-botfd-12.nec,ok,ok,0.3028747970238328,0.21698361542075872,1.3958,1
cebik-w4rnl/models/Wire-Arrays/nec/7-vertintfldloop-12.nec,ok,ok,0.2630222514271736,0.184566305950284,1.4251,1
cebik-w4rnl/models/Wire-Arrays/nec/7-wbdipole-14.nec,ok,ok,0.275528104044497,0.2242397116497159,1.2287,1
cebik-w4rnl/models/Yagis-HF/nec/13el20mwireYagi-KB9MZ.nec,ok,ok,0.2876568976789713,0.15719259530305862,1.8300,1
cebik-w4rnl/models/Yagis-HF/nec/2e10mlhelicalelYagi-12.nec,ok,ok,0.05528257694095373,0.04007419291883707,,0
cebik-w4rnl/models/Yagis-HF/nec/2el10mB-antbeam-25.nec,ok,ok,0.17571704275906086,0.1397590348497033,1.2573,1
cebik-w4rnl/models/Yagis-HF/nec/2el10mYagi-stepdia-large.nec,ok,ok,0.011632299982011318,0.0488354442641139,,0
cebik-w4rnl/models/Yagis-HF/nec/2el10mYagi-stepdia-small.nec,ok,ok,0.011255960911512375,0.01036620419472456,,0
cebik-w4rnl/models/Yagis-HF/nec/2el30mwireYagi.nec,ok,ok,0.010618917644023895,0.009471275843679905,,0
cebik-w4rnl/models/Yagis-HF/nec/2el40mwireYagi.nec,ok,ok,0.010831981897354126,0.033383854664862156,,0
cebik-w4rnl/models/Yagis-HF/nec/2el60mwireYagi.nec,ok,ok,0.012316417880356312,0.015792926773428917,,0
cebik-w4rnl/models/Yagis-HF/nec/2el75mwireYagi.nec,ok,ok,0.009473906829953194,0.023865358904004097,,0
cebik-w4rnl/models/Yagis-HF/nec/2el80mwireYagi.nec,ok,ok,0.012186684645712376,0.027813210152089596,,0
cebik-w4rnl/models/Yagis-HF/nec/2eldr-dir10mYagi-375.nec,ok,ok,0.009214733727276325,0.011065981350839138,,0
cebik-w4rnl/models/Yagis-HF/nec/2eldr-dir10mYagi-50.nec,ok,ok,0.01201623398810625,0.005799959413707256,,0
cebik-w4rnl/models/Yagis-HF/nec/2eldr-ref12mYagi-42.nec,ok,ok,0.013439654372632504,0.020866072736680508,,0
cebik-w4rnl/models/Yagis-HF/nec/2eldr-ref15mYagi-50.nec,ok,ok,0.00933893769979477,0.02327207662165165,,0
cebik-w4rnl/models/Yagis-HF/nec/2eldr-ref17mYagi-59.nec,ok,ok,0.013093359768390656,0.03076590597629547,,0
cebik-w4rnl/models/Yagis-HF/nec/2eldr-ref20mYagi-1r5.nec,ok,ok,0.009374929592013359,0.02842228300869465,,0
cebik-w4rnl/models/Yagis-HF/nec/2eldr-ref30mYagi-2.nec,ok,ok,0.008920226246118546,0.02337744552642107,,0
cebik-w4rnl/models/Yagis-HF/nec/2eldr-ref40mYagi-1r5.nec,ok,ok,0.01480863243341446,0.030042392201721668,,0
cebik-w4rnl/models/Yagis-HF/nec/2eldr-ref40mYagi-stepdia.nec,ok,ok,0.021973918192088604,0.03428439889103174,,0
cebik-w4rnl/models/Yagis-HF/nec/2elwb40mYagi-stepdia.nec,ok,ok,0.020969854667782784,0.03372063487768173,,0
cebik-w4rnl/models/Yagis-HF/nec/3bandHFYagi-uniel-noloads.nec,ok,ok,0.03893278073519468,0.10853099077939987,,0
cebik-w4rnl/models/Yagis-HF/nec/3bandHFtrapYagi-stepdia.nec,ok,ok,0.03299442492425442,0.09083340037614107,,0
cebik-w4rnl/models/Yagis-HF/nec/3el10mYagi-50.nec,ok,ok,0.015808925963938236,0.019168882630765438,,0
cebik-w4rnl/models/Yagis-HF/nec/3el10mYagi-Bird.nec,ok,ok,0.024535926058888435,0.07039665803313255,,0
cebik-w4rnl/models/Yagis-HF/nec/3el10mYagi-stepdia.nec,ok,ok,0.01669224165380001,0.0484008165076375,,0
cebik-w4rnl/models/Yagis-HF/nec/3el12mYagi-625.nec,ok,ok,0.01663303840905428,0.007331683300435543,,0
cebik-w4rnl/models/Yagis-HF/nec/3el15mYagi-stepdia-large.nec,ok,ok,0.015823385678231716,0.011876923963427544,,0
cebik-w4rnl/models/Yagis-HF/nec/3el15mYagi-stepdia-small.nec,ok,ok,0.021154489368200302,0.0816694526001811,,0
cebik-w4rnl/models/Yagis-HF/nec/3el15mlongYagi-75.nec,ok,ok,0.01407555490732193,0.04946469236165285,,0
cebik-w4rnl/models/Yagis-HF/nec/3el15mmedYagi-K9EUV.nec,ok,ok,0.01299563329666853,0.00960681401193142,,0
cebik-w4rnl/models/Yagis-HF/nec/3el15mshortYagi-75.nec,ok,ok,0.012564465403556824,0.016620920971035957,,0
cebik-w4rnl/models/Yagis-HF/nec/3el17mshortYagi-875.nec,ok,ok,0.015385955572128296,0.034355937503278255,,0
cebik-w4rnl/models/Yagis-HF/nec/3el20mlongYagi-1.nec,ok,ok,0.011054741218686104,0.06083266995847225,,0
cebik-w4rnl/models/Yagis-HF/nec/3el20mlongYagi-stepdia.nec,ok,ok,0.015290217474102974,0.01738225668668747,,0
cebik-w4rnl/models/Yagis-HF/nec/3el20mmedYagi-K9EUV.nec,ok,ok,0.014554214663803577,0.023199609480798244,,0
cebik-w4rnl/models/Yagis-HF/nec/3el20mshortYagi-1.nec,ok,ok,0.014423626475036144,0.02519697230309248,,0
cebik-w4rnl/models/Yagis-HF/nec/3el20mshortYagi-stepdia.nec,ok,ok,0.013309087604284286,0.01790656615048647,,0
cebik-w4rnl/models/Yagis-HF/nec/3el2b15m10mYagi-1.nec,ok,ok,0.047118973918259144,0.05713626556098461,,0
cebik-w4rnl/models/Yagis-HF/nec/3el40mVYagi-WA3FET.nec,ok,ok,0.019674966111779213,0.029785064980387688,,0
cebik-w4rnl/models/Yagis-HF/nec/3el40mYagi-stepdia.nec,ok,ok,0.015378041192889214,0.014760497957468033,,0
cebik-w4rnl/models/Yagis-HF/nec/3el40mlongYagi-2.nec,ok,ok,0.011897368356585503,0.00989168044179678,,0
cebik-w4rnl/models/Yagis-HF/nec/3el40mshortYagi-2.nec,ok,ok,0.015220836736261845,0.008151018992066383,,0
cebik-w4rnl/models/Yagis-HF/nec/3el40mwireYagi-reversible.nec,ok,ok,0.015366091392934322,0.012140210717916489,,0
cebik-w4rnl/models/Yagis-HF/nec/3el60mwireYagi-reversible.nec,ok,ok,0.015301098115742207,0.011622926220297813,,0
cebik-w4rnl/models/Yagis-HF/nec/3el75mwireYagi-reversible.nec,ok,ok,0.014662215486168861,0.038083214312791824,,0
cebik-w4rnl/models/Yagis-HF/nec/3el80mwireYagi-reversible.nec,ok,ok,0.010636773891746998,0.04189442936331034,,0
cebik-w4rnl/models/Yagis-HF/nec/3elVYagi10m-wa3fet.nec,ok,ok,0.014219104312360287,0.011130617000162601,,0
cebik-w4rnl/models/Yagis-HF/nec/3elmed10mYagi-K9EUV.nec,ok,ok,0.014158342964947224,0.008910303004086018,,0
cebik-w4rnl/models/Yagis-HF/nec/3elshort10mYagi-50.nec,ok,ok,0.017775140702724457,0.026412727311253548,,0
cebik-w4rnl/models/Yagis-HF/nec/3elwb10mYagi-W6SAI.nec,ok,ok,0.011011174879968166,0.03135100472718477,,0
cebik-w4rnl/models/Yagis-HF/nec/3elwb10mYagi-stepdia.nec,ok,ok,0.01420389674603939,0.011505908332765102,,0
cebik-w4rnl/models/Yagis-HF/nec/3elwb40mYagi-stepdia.nec,ok,ok,0.0240510581061244,0.023848927579820156,,0
cebik-w4rnl/models/Yagis-HF/nec/4el10mYagi-75.nec,ok,ok,0.014194690622389317,0.02227750327438116,,0
cebik-w4rnl/models/Yagis-HF/nec/4el10mwbYagi-stepdia-W4RNL.nec,ok,ok,0.029985318891704082,0.0887997904792428,,0
cebik-w4rnl/models/Yagis-HF/nec/4el10mwbYagi-stepdia.nec,ok,ok,0.016913128085434437,0.07333540823310614,,0
cebik-w4rnl/models/Yagis-HF/nec/4el15mYagi-875.nec,ok,ok,0.017002101987600327,0.009290347807109356,,0
cebik-w4rnl/models/Yagis-HF/nec/4el20mYagi-stepdia.nec,ok,ok,0.02573291026055813,0.07402355317026377,,0
cebik-w4rnl/models/Yagis-HF/nec/4el2b12m17mYagi-stepdia.nec,ok,ok,0.024149395525455475,0.07057229615747929,,0
cebik-w4rnl/models/Yagis-HF/nec/4el2b12m17mdr-dirYagi-stepdia.nec,ok,ok,0.02487457823008299,0.06457938812673092,,0
cebik-w4rnl/models/Yagis-HF/nec/4el2band80m75mwireYagi.nec,ok,ok,0.014928231947124004,0.049591949209570885,,0
cebik-w4rnl/models/Yagis-HF/nec/4elwb40mYagi.nec,ok,ok,0.03958026506006718,0.12223573215305805,,0
cebik-w4rnl/models/Yagis-HF/nec/5bandHFYagi50_-ON4ANT.nec,ok,ok,0.05875253491103649,0.10531207639724016,0.5579,1
cebik-w4rnl/models/Yagis-HF/nec/5bandHFYagi60_-ON4ANT.nec,ok,ok,0.06014128401875496,0.0392428832128644,,0
cebik-w4rnl/models/Yagis-HF/nec/5el10mYagi-K4SB.nec,ok,ok,0.013699895702302456,0.023440198972821236,,0
cebik-w4rnl/models/Yagis-HF/nec/5el10mwbYagi-stepdia.nec,ok,ok,0.017747907899320126,0.0467587448656559,,0
cebik-w4rnl/models/Yagis-HF/nec/5el20mYagi-K4SB.nec,ok,ok,0.02817551326006651,0.06083501223474741,,0
cebik-w4rnl/models/Yagis-HF/nec/5el20mYagi-N6BV.nec,ok,ok,0.04411938972771168,0.027484391815960407,,0
cebik-w4rnl/models/Yagis-HF/nec/5el20mYagi-W3LPL.nec,ok,ok,0.0388293219730258,0.05804897006601095,,0
cebik-w4rnl/models/Yagis-HF/nec/5el20mYagi-W6NGZ.nec,ok,ok,0.026200775057077408,0.03126918990164995,,0
cebik-w4rnl/models/Yagis-HF/nec/6el10mOWAYagi-N6BV.nec,ok,ok,0.03229532390832901,0.06585801765322685,,0
cebik-w4rnl/models/Yagis-HF/nec/6el10mOWAYagi-NW3Z.nec,ok,ok,0.03253532014787197,0.045685527846217155,,0
cebik-w4rnl/models/Yagis-HF/nec/6el10mOWAYagi-hd-stepdia.nec,ok,ok,0.023107146844267845,0.028258031234145164,,0
cebik-w4rnl/models/Yagis-HF/nec/6el20mOWAYagi-NW3Z.nec,ok,ok,0.03634110651910305,0.06034652888774872,,0
cebik-w4rnl/models/Yagis-HF/nec/6el20mYagi-1r5.nec,ok,ok,0.020954768173396587,0.036627164110541344,,0
cebik-w4rnl/models/Yagis-HF/nec/6el20mYagi-N6BV.nec,ok,ok,0.03444975055754185,0.05169506184756756,,0
cebik-w4rnl/models/Yagis-HF/nec/6el2b15m10mYagi-W4RNL.nec,ok,ok,0.025419785641133785,0.055298615247011185,,0
cebik-w4rnl/models/Yagis-HF/nec/6el2b20m15mYagi-W4RNL.nec,ok,ok,0.03006089013069868,0.018208221532404423,,0
cebik-w4rnl/models/Yagis-HF/nec/7el10mOWAYagi-stepdia.nec,ok,ok,0.024748533964157104,0.02095096278935671,,0
cebik-w4rnl/models/Yagis-HF/nec/7el10mwireYagi.nec,ok,ok,0.014810768887400627,0.014739083126187325,,0
cebik-w4rnl/models/Yagis-HF/nec/7el15mYagi-SP5GRM.nec,ok,ok,0.045298147946596146,0.10661077965050936,,0
cebik-w4rnl/models/Yagis-HF/nec/7el20mlongYagi-1r5.nec,ok,ok,0.031112139113247395,0.09175661019980907,,0
cebik-w4rnl/models/Yagis-HF/nec/7el20mshortYagi-1r5.nec,ok,ok,0.022513496689498425,0.019584919326007366,,0
cebik-w4rnl/models/Yagis-HF/nec/8el20mYagi-1r5.nec,ok,ok,0.030979773961007595,0.02543885912746191,,0
cebik-w4rnl/models/Yagis-HF/nec/capload2el10mYagi-375.nec,ok,ok,0.02565115410834551,0.0613219877704978,,0
cebik-w4rnl/models/Yagis-HF/nec/ctrload2el10mYagi-375.nec,ok,ok,0.017821237444877625,0.03270423598587513,,0
cebik-w4rnl/models/Yagis-HF/nec/ctrload2el10mYagi-75.nec,ok,ok,0.013988036662340164,0.010834967717528343,,0
cebik-w4rnl/models/Yagis-HF/nec/ctrload2el40mYagi-stepdia.nec,ok,ok,0.017835186794400215,0.011916546151041985,,0
cebik-w4rnl/models/Yagis-HF/nec/moxrect10m12.nec,ok,ok,0.014357215724885464,0.014755143783986568,,0
cebik-w4rnl/models/Yagis-HF/nec/moxrect10m50.nec,ok,ok,0.020640979520976543,0.010503183118999004,,0
cebik-w4rnl/models/Yagis-HF/nec/moxrect12m12.nec,ok,ok,0.021421924233436584,0.08088854607194662,,0
cebik-w4rnl/models/Yagis-HF/nec/moxrect12m625.nec,ok,ok,0.021365908905863762,0.07782393507659435,,0
cebik-w4rnl/models/Yagis-HF/nec/moxrect15m12.nec,ok,ok,0.015553846023976803,0.0545868705958128,,0
cebik-w4rnl/models/Yagis-HF/nec/moxrect15m75.nec,ok,ok,0.015251188538968563,0.04131791274994612,,0
cebik-w4rnl/models/Yagis-HF/nec/moxrect17m12.nec,ok,ok,0.01629328541457653,0.017522655427455902,,0
cebik-w4rnl/models/Yagis-HF/nec/moxrect17m875.nec,ok,ok,0.015170499682426453,0.02281624637544155,,0
cebik-w4rnl/models/Yagis-HF/nec/moxrect20m1.nec,ok,ok,0.01476320344954729,0.01950039155781269,,0
cebik-w4rnl/models/Yagis-HF/nec/moxrect20m12.nec,ok,ok,0.01478249579668045,0.0692514656111598,,0
cebik-w4rnl/models/Yagis-HF/nec/moxrect30m12.nec,ok,ok,0.014604838564991951,0.04555629566311836,,0
cebik-w4rnl/models/Yagis-HF/nec/moxrect40m12.nec,ok,ok,0.013771172612905502,0.023680955171585083,,0
cebik-w4rnl/models/Yagis-HF/nec/moxrect60m12.nec,ok,ok,0.02918273862451315,0.008831517770886421,,0
cebik-w4rnl/models/Yagis-HF/nec/moxrect75m12.nec,ok,ok,0.017541629262268543,0.009874344803392887,,0
cebik-w4rnl/models/Yagis-HF/nec/moxrect80m12.nec,ok,ok,0.014205509796738625,0.010345445945858955,,0
cebik-w4rnl/nec2-ex1.nec,ok,ok,0.005800854414701462,0.006882933899760246,,0
cebik-w4rnl/nec2-ex2.nec,ok,ok,0.005777967162430286,0.005199246108531952,,0
cebik-w4rnl/nec2-ex3.nec,ok,ok,0.08669165708124638,0.09434620104730129,0.9189,1
cebik-w4rnl/nec2-ex5.nec,ok,ok,0.009215123020112514,0.06849553342908621,,0
cebik-w4rnl/nec2-ex7.nec,ok-no-source,ok-no-source,0.19432412926107645,0.18299772217869759,,0
cebik-w4rnl/nec2-ex8.nec,ok-no-source,ok-no-source,0.009024458937346935,0.00534487422555685,,0
cebik-w4rnl/nec4-ex1.nec,ok,ok,0.005221392028033733,0.0047156913205981255,,0
cebik-w4rnl/nec4-ex10_1.nec,ok,ok,0.23511592112481594,0.19795203767716885,1.1877,1
cebik-w4rnl/nec4-ex10_2.nec,ok,ok,0.007436678744852543,0.006280021741986275,,0
cebik-w4rnl/nec4-ex10_3.nec,ok,ok,0.24227334931492805,0.18394209258258343,1.3171,1
cebik-w4rnl/nec4-ex11.nec,ok,crash,0.09069996234029531,1.2894585663452744,,0
cebik-w4rnl/nec4-ex3.nec,ok,ok,0.08897451590746641,0.09403436444699764,0.9462,1
cebik-w4rnl/nec4-ex5.nec,ok,ok,0.010001121088862419,0.008410507813096046,,0
cebik-w4rnl/nec4-ex7.nec,ok-no-source,ok-no-source,0.1963535351678729,0.1544984420761466,,0
cebik-w4rnl/nec4-ex8.nec,ok-no-source,ok-no-source,0.005037268623709679,0.004151393659412861,,0
g1ojs/10m/10m 65cm Circ 10mm Copper Magloop H.nec,ok,ok,0.08976557571440935,0.054500456899404526,1.6471,1
g1ojs/10m/10m 65cm Circ 10mm Copper Magloop V side.nec,ok,ok,0.0881249587982893,0.05502098333090544,1.6017,1
g1ojs/10m/10m 65cm Circ 10mm Copper Magloop V.nec,ok,ok,0.08876144513487816,0.054973091930150986,1.6146,1
g1ojs/10m/10m Helically loaded dipole 2.43m long.nec,ok,ok,11.524235632270575,3.1539822816848755,3.6539,1
g1ojs/10m/10m LL Dipole 4m 5mm dia elements - hairpin.nec,ok,ok,0.7980235535651445,0.7607500301674008,1.0490,1
g1ojs/10m/10m Quad base fed.nec,ok,ok,0.8639151314273477,0.8017215859144926,1.0776,1
g1ojs/10m/10m Rect Petlowany Dipole 10mm dia elements flat 2.nec,ok,ok,0.015666925348341465,0.01568284723907709,,0
g1ojs/10m/10m Short Dipole 3m 5mm dia elements - trombone.nec,ok,ok,0.6655700337141752,0.6632280386984348,1.0035,1
g1ojs/10m/_10m Dipole ref.nec,ok,ok,0.4038866152986884,0.31000042147934437,1.3029,1
g1ojs/10m/_10m V.nec,ok,ok,0.6719475695863366,0.45125292893499136,1.4891,1
g1ojs/15m/_15m V.nec,ok,ok,0.9912956925109029,0.6646107090637088,1.4915,1
g1ojs/160m/160m 239cm Circ 10mm Cu Magloop V.nec,ok,ok,0.13315526396036148,0.11624385695904493,1.1455,1
g1ojs/160m/160m Coax Magloop V.nec,ok,ok,0.09444442577660084,0.09670639596879482,0.9766,1
g1ojs/160m/160m Single Turn Coax Magloop V.nec,ok,ok,0.0953281419351697,0.09684122540056705,0.9844,1
g1ojs/160m/160m Three Turn Coax Magloop V.nec,ok,ok,0.09819809533655643,0.09890379384160042,0.9929,1
g1ojs/160m/160m Two Turn Coax Magloop V.nec,ok,ok,0.0950956866145134,0.09750755503773689,0.9753,1
g1ojs/1V cap plates solid coplanar.nec,ok,ok,1.4282098012045026,1.0632515950128436,1.3432,1
g1ojs/20m/20m 239cm Circ 10mm Copper Magloop H.nec,ok,ok,0.1133173294365406,0.11092691589146852,1.0215,1
g1ojs/20m/20m 239cm Circ 10mm Copper Magloop V.nec,ok,ok,0.11597972456365824,0.1039451053366065,1.1158,1
g1ojs/20m/20m 239cm Circ 10mm Copper Magloop Vside.nec,ok,ok,0.11402210406959057,0.11483597569167614,0.9929,1
g1ojs/20m/20m 65cm Circ 10mm Copper Magloop H.nec,ok,ok,0.0885337796062231,0.09330587182193995,0.9489,1
g1ojs/20m/20m 65cm Circ 10mm Copper Magloop V side.nec,ok,ok,0.0885867616161704,0.09333627205342054,0.9491,1
g1ojs/20m/20m 65cm Circ 10mm Copper Magloop V.nec,ok,ok,0.08865486364811659,0.09382109437137842,0.9449,1
g1ojs/20m/20m Half wave circular loop V side.nec,ok,ok,0.19520437810570002,0.15487013943493366,1.2604,1
g1ojs/20m/20m Half wave square loop V side as built.nec,ok,ok,0.18385885283350945,0.1517563359811902,1.2115,1
g1ojs/20m/20m Half wave square loop V side.nec,ok,ok,0.08602376095950603,0.09201922081410885,0.9348,1
g1ojs/20m/20m V coax braid element.nec,ok,ok,1.1973710795864463,0.7788132270798087,1.5374,1
g1ojs/20m/20m V coax inner element.nec,ok,ok,1.049736243672669,0.6772177899256349,1.5501,1
g1ojs/20m/20m V pvc covered.nec,ok,ok,1.124968740157783,0.7301529981195927,1.5407,1
g1ojs/20m/Open loop H 7.4m.nec,ok,ok,0.0974397324025631,0.09542960859835148,1.0211,1
g1ojs/20m/Open loop V base 7.4m.nec,ok,ok,0.09813216049224138,0.09576066862791777,1.0248,1
g1ojs/20m/Open loop V side 7.4m.nec,ok,ok,0.09830152988433838,0.09579930175095797,1.0261,1
g1ojs/20m/_20m Dipole ref.nec,ok,ok,1.2701029544696212,0.8297354346141219,1.5307,1
g1ojs/20m/_20m V.nec,ok,ok,1.2199919009581208,0.8228508653119206,1.4826,1
g1ojs/3V cap plates solid coplanar.nec,ok,ok,2.041106720454991,1.0819722805172205,1.8865,1
g1ojs/40m/40m 239cm Circ 10mm Cu Magloop H.nec,ok,ok,0.10819722339510918,0.11302593722939491,0.9573,1
g1ojs/40m/40m 239cm Circ 10mm Cu Magloop V side.nec,ok,ok,0.10859501734375954,0.1143652880564332,0.9495,1
g1ojs/40m/40m 239cm Circ 10mm Cu Magloop V.nec,ok,ok,0.10774354916065931,0.11249903962016106,0.9577,1
g1ojs/40m/40m Fitted Attic V.nec,ok,ok,1.0611038655042648,0.7257480137050152,1.4621,1
g1ojs/40m/40m V cap plates coplanar.nec,ok,ok,1.4004535963758826,1.0753824710845947,1.3023,1
g1ojs/40m/40m V cap spokes.nec,ok,ok,1.0466034729033709,0.707950753159821,1.4784,1
g1ojs/40m/40m V doglegs BUILT.nec,ok,ok,1.070701734162867,0.7546084048226476,1.4189,1
g1ojs/40m/40m VU built 2.nec,ok,ok,1.061287371441722,0.6828730795532465,1.5542,1
g1ojs/40m/40m VU built.nec,ok,ok,1.0458105895668268,0.6833777101710439,1.5304,1
g1ojs/40m/40m VU.nec,ok,ok,1.0381120657548308,0.6820167135447264,1.5221,1
g1ojs/40m/_40m Dipole ref.nec,ok,ok,1.4582996619865298,0.9388173632323742,1.5533,1
g1ojs/40m/_40m V loaded.nec,ok,ok,1.063633798621595,0.6996779721230268,1.5202,1
g1ojs/40m/opt/40m V integral PI-01.nec,ok,ok,0.21984438970685005,0.17321729846298695,1.2692,1
g1ojs/40m/opt/40m V integral PI-02.nec,ok,ok,0.22001931630074978,0.17329471558332443,1.2696,1
g1ojs/40m/opt/40m V integral PI-03.nec,ok,ok,0.21771089173853397,0.17438726592808962,1.2484,1
g1ojs/40m/opt/40m V integral PI-04.nec,ok,ok,0.21824637800455093,0.17309345677495003,1.2609,1
g1ojs/40m/opt/40m V integral PI-05.nec,ok,ok,0.2199605368077755,0.1733516389504075,1.2689,1
g1ojs/40m/opt/40m V integral PI-06.nec,ok,ok,0.21734654530882835,0.17362907528877258,1.2518,1
g1ojs/40m/opt/40m V integral PI-07.nec,ok,ok,0.21813637763261795,0.1719105876982212,1.2689,1
g1ojs/40m/opt/40m V integral PI-08.nec,ok,ok,0.2200418384745717,0.17324613220989704,1.2701,1
g1ojs/40m/opt/40m V integral PI-09.nec,ok,ok,0.2169876592233777,0.17383551225066185,1.2482,1
g1ojs/40m/opt/40m V integral PI-10.nec,ok,ok,0.2166828280314803,0.1731262793764472,1.2516,1
g1ojs/40m/opt/40m V integral PI-11.nec,ok,ok,0.22102238796651363,0.17342286091297865,1.2745,1
g1ojs/40m/opt/40m V integral PI-12.nec,ok,ok,0.2241606255993247,0.1730557819828391,1.2953,1
g1ojs/40m/opt/40m V integral PI-13.nec,ok,ok,0.2180787343531847,0.17387485969811678,1.2542,1
g1ojs/40m/opt/40m V integral PI-14.nec,ok,ok,0.21688493620604277,0.1742803929373622,1.2445,1
g1ojs/40m/opt/40m V integral PI-15.nec,ok,ok,0.22021904215216637,0.18619304988533258,1.1827,1
g1ojs/40m/opt/40m V integral PI-16.nec,ok,ok,0.22015220765024424,0.1753875883296132,1.2552,1
g1ojs/40m/opt/40m V integral PI-17.nec,ok,ok,0.22391008585691452,0.17392986174672842,1.2874,1
g1ojs/40m/opt/40m V integral PI-18.nec,ok,ok,0.21638476382941008,0.1733340062201023,1.2484,1
g1ojs/40m/opt/40m V integral PI-19.nec,ok,ok,0.2168436087667942,0.17358624190092087,1.2492,1
g1ojs/40m/opt/40m V integral PI-20.nec,ok,ok,0.22028571646660566,0.17317353934049606,1.2721,1
g1ojs/40m/opt/40m V integral PI-21.nec,ok,ok,0.2200239598751068,0.17339965794235468,1.2689,1
g1ojs/40m/opt/40m V integral PI-22.nec,ok,ok,0.22393512539565563,0.17339556850492954,1.2915,1
g1ojs/40m/opt/40m V integral PI-23.nec,ok,ok,0.2185656614601612,0.17468653991818428,1.2512,1
g1ojs/40m/opt/40m V integral PI-24.nec,ok,ok,0.2170560471713543,0.17297763843089342,1.2548,1
g1ojs/40m/opt/40m V integral PI-25.nec,ok,ok,0.21970496699213982,0.17583977058529854,1.2495,1
g1ojs/40m/opt/40m V integral PI-26.nec,ok,ok,0.21998426597565413,0.17358344793319702,1.2673,1
g1ojs/40m/opt/40m V integral PI-27.nec,ok,ok,0.22422850131988525,0.17376005183905363,1.2904,1
g1ojs/40m/opt/40m V integral PI-28.nec,ok,ok,0.2172264652326703,0.1731521962210536,1.2545,1
g1ojs/40m/opt/40m V integral PI-29.nec,ok,ok,0.2165211532264948,0.1738128112629056,1.2457,1
g1ojs/40m/opt/40m V integral PI-30.nec,ok,ok,0.22443635761737823,0.1730152601376176,1.2972,1
g1ojs/40m/opt/40m V integral PI_003-19.nec,ok,ok,0.22006850317120552,0.17328164633363485,1.2700,1
g1ojs/40m/opt/40m V integral PI_007-12.nec,ok,ok,0.22410618048161268,0.17302385810762644,1.2952,1
g1ojs/40m/trials/40m V cage.nec,ok,ok,1.86282719951123,1.3533561592921615,1.3765,1
g1ojs/40m/trials/40m V curve 4pts 7MHz.nec,ok,ok,1.0383460186421871,0.6837799614295363,1.5185,1
g1ojs/40m/trials/40m V curve 5pts 7MHz.nec,ok,ok,1.0646117171272635,0.6843713223934174,1.5556,1
g1ojs/40m/trials/40m V integral PI.nec,ok,ok,1.0593689121305943,0.8430495839565992,1.2566,1
g1ojs/40m/trials/40m V mesh.nec,ok,ok,1.6917806509882212,1.217875512316823,1.3891,1
g1ojs/630m/630m Three Turn Coax Magloop V.nec,ok,ok,0.09906136523932219,0.10037604253739119,0.9869,1
g1ojs/80m/40m V3.nec,ok,ok,1.0621375869959593,0.815722725354135,1.3021,1
g1ojs/80m/80m 239cm Circ 10mm Cu Magloop V.nec,ok,ok,0.11406595353037119,0.12102725729346275,0.9425,1
g1ojs/80m/80m V cap plates high H.nec,ok,ok,1.2754383878782392,0.9744487572461367,1.3089,1
g1ojs/80m/80m V cap plates solid coplanar.nec,ok,ok,1.421659260056913,1.0749828862026334,1.3225,1
g1ojs/80m/80m V cap plates solid felt.nec,ok,ok,1.4263239642605186,1.0435635102912784,1.3668,1
g1ojs/80m/80m V.nec,ok,ok,1.075629385188222,0.8628365751355886,1.2466,1
g1ojs/80m/80m V3.nec,ok,ok,1.134592586196959,0.7259982209652662,1.5628,1
g1ojs/80m/_80m Dipole ref.nec,ok,ok,1.6072961995378137,1.0086844097822905,1.5935,1
g1ojs/80m/tmp.nec,ok,ok,0.979531372897327,0.8134752297773957,1.2041,1
g1ojs/Delta loop/loop.nec,ok,ok,0.8984274249523878,0.6730230748653412,1.3349,1
g1ojs/Loft wires/1V.nec,ok,ok,1.084524093195796,0.7069518659263849,1.5341,1
g1ojs/Loft wires/2V.nec,ok,ok,1.1135395457968116,0.7385324807837605,1.5078,1
g1ojs/Loft wires/LF.nec,ok,ok,1.2539145946502686,0.8234609449282289,1.5227,1
g1ojs/Loft wires/Max space V centre.nec,ok,ok,1.0375601146370173,0.693074987269938,1.4970,1
g1ojs/Loft wires/Max space V diag.nec,ok,ok,1.0724956654012203,0.6796799385920167,1.5779,1
g1ojs/Loft wires/Spiral.nec,ok,ok,1.108149274252355,0.751222051680088,1.4751,1
g1ojs/Magloop with cap on coupling loop.nec,ok,ok,0.11624293867498636,0.10524233058094978,1.1045,1
g1ojs/Magloop with gap and cap on coupling loop.nec,ok,ok,0.21020417101681232,0.15402383264154196,1.3648,1
g1ojs/Meander Loading/40m Dipole at 7m reference.nec,ok,ok,0.31193938199430704,0.2276296140626073,1.3704,1
g1ojs/Meander Loading/40m Dipole at 7m with 10 meanders.nec,ok,ok,0.2258674344047904,0.17640149779617786,1.2804,1
g1ojs/Meander Loading/40m Dipole at 7m with 20 meanders.nec,ok,ok,0.23708096146583557,0.17817081231623888,1.3306,1
g1ojs/Meander Loading/40m Inverted V at 7m with 10 meanders.nec,ok,ok,0.22826150245964527,0.17835838813334703,1.2798,1
g1ojs/Meander Loading/40m Inverted V at 7m with full meandering.nec,ok,ok,0.22321170754730701,0.17619491554796696,1.2668,1
g1ojs/Open wire V/Open wire V fixed wire length.nec,ok,ok,1.2298522125929594,0.7897277446463704,1.5573,1
g1ojs/Open wire V/Open wire V max wire length.nec,ok,ok,0.9731743903830647,0.6378355948254466,1.5257,1
g1ojs/Small Receiving Loops/1m dia loop.nec,ok,ok,0.08700185641646385,0.0931076742708683,0.9344,1
g1ojs/Trapped/TRAPx1 V 40m 20m.nec,ok,ok,0.0959039106965065,0.09647021535784006,0.9941,1
g1ojs/Trapped/TRAPx2 V 40m 20m 10m - remove 10m.nec,ok,ok,0.0865760538727045,0.09314885549247265,0.9294,1
g1ojs/Trapped/TRAPx2 V 40m 20m 10m.nec,ok,ok,0.09049135632812977,0.09509480744600296,0.9516,1
g1ojs/Trapped/TRAPx2 V 40m 20m 6m.nec,ok,ok,0.09108875691890717,0.09513061493635178,0.9575,1
g1ojs/Trapped/TRAPx2_V.nec,ok,ok,40.233948385342956,39.32928090263158,1.0230,1
g1ojs/Trapped/Test.nec,ok,ok,0.47861110884696245,0.33583455439656973,1.4251,1
g1ojs/Trapped/Trap V - 6m 15m.nec,ok,ok,0.08691237214952707,0.09222739655524492,0.9424,1
g1ojs/Trapped/Trap_V.nec,ok,ok,0.09739385265856981,0.09492845926433802,1.0260,1
g1ojs/Tree/treeV_20m_10m.nec,ok,ok,0.0859948405995965,0.0915426379069686,0.9394,1
g1ojs/Verticals/10m OCF H/10m H OCF 2.5m long.nec,ok,ok,0.4130373978987336,0.4498417628929019,0.9182,1
g1ojs/Verticals/10m OCF H/10m H OCF 3.5m long.nec,ok,ok,0.41037013195455074,0.44604102429002523,0.9200,1
g1ojs/Verticals/10m OCF H/10m H OCF 3m long.nec,ok,ok,0.40942897740751505,0.4504062617197633,0.9090,1
g1ojs/Verticals/10m OCF H/10m Vertical V 3m tall.nec,ok,ok,0.8492810288444161,0.5564841199666262,1.5262,1
g1ojs/Verticals/15m/15m H OCF 3m long.nec,ok,ok,0.49608441814780235,0.459915435872972,1.0786,1
g1ojs/Verticals/20m/20m horizontal V 3.5m high.nec,ok,ok,0.8852786775678396,0.6014717929065228,1.4719,1
g1ojs/Verticals/20m/20m horizontal diamond 3m high.nec,ok,ok,0.8874046485871077,0.5882038464769721,1.5087,1
g1ojs/Verticals/others/10m H OCF - Copy.nec,ok,ok,0.4128118669614196,0.4477766379714012,0.9219,1
g1ojs/Verticals/others/10m arrow 2 wire 75cm wide - OCF.nec,ok,ok,0.4120261836796999,0.45045180432498455,0.9147,1
g1ojs/Verticals/others/10m bicone 2 wire 100cm wide.nec,crash,crash,1.2978637022897601,1.2234562821686268,,0
g1ojs/Verticals/others/10m bicone 2 wire 150cm wide.nec,crash,crash,2.245501484721899,1.2181301638484001,,0
g1ojs/Verticals/others/10m bicone 2 wire 40cm wide.nec,crash,crash,3.200810161419213,1.2229378558695316,,0
g1ojs/Verticals/others/10m bicone 2 wire 50cm wide.nec,crash,crash,4.143401148729026,1.2244089879095554,,0
g1ojs/Verticals/others/10m bicone 2 wire 75cm wide - OCF.nec,ok,ok,0.3073789747431874,0.46245753951370716,0.6647,1
g1ojs/Verticals/others/10m bicone 2 wire 75cm wide.nec,crash,crash,4.708989076316357,1.22270723618567,,0
g1ojs/Verticals/others/10m bicone 2 wire.nec,crash,crash,5.111447207629681,1.2239837618544698,,0
g1ojs/Verticals/others/10m bicone 4 wire.nec,crash,crash,5.111231375485659,1.2239781972020864,,0
g1ojs/Verticals/others/10m bitrap.nec,crash,crash,5.108305335044861,1.2249956419691443,,0
g1ojs/Verticals/others/10m general.nec,crash,crash,5.106692195869982,1.2256382089108229,,0
g1ojs/Verticals/others/Dipole 4.6m _ too long.nec,crash,crash,5.108290541917086,1.2799156364053488,,0
g1ojs/Verticals/others/general 1.nec,crash,crash,5.113244372420013,1.2248328225687146,,0
g1ojs/Verticals/others/general 15m.nec,crash,crash,5.108667937107384,1.2258028825744987,,0
g1ojs/Verticals/others/general 2.nec,crash,crash,5.112609885632992,1.2256790837273002,,0
g1ojs/Verticals/others/opt/general 2-01.nec,crash,crash,5.1094491770491,1.2256579715758562,,0
g1ojs/Verticals/others/opt/general 2-02.nec,crash,crash,5.107368657365441,1.2252497263252735,,0
g1ojs/Verticals/others/opt/general 2-03.nec,crash,crash,5.104919992387295,1.2245738841593266,,0
g1ojs/Verticals/others/opt/general 2-04.nec,crash,crash,5.111543532460928,1.2235817424952984,,0
g1ojs/Verticals/others/opt/general 2-05.nec,crash,crash,5.106267080642283,1.2260393854230642,,0
g1ojs/Verticals/others/opt/general 2-06.nec,crash,crash,5.104892174713314,1.2236204613000154,,0
g1ojs/Verticals/others/opt/general 2-07.nec,crash,crash,5.099695632234216,1.2242937963455915,,0
g1ojs/Verticals/others/opt/general 2-08.nec,crash,crash,5.097748884931207,1.2257388951256871,,0
g1ojs/Verticals/others/opt/general 2-09.nec,crash,crash,5.090297674760222,1.2247335761785507,,0
g1ojs/Verticals/others/opt/general 2-10.nec,crash,crash,5.096776435151696,1.2259986530989408,,0
g1ojs/Verticals/others/opt/general 2-11.nec,crash,crash,5.098098090849817,1.2248059883713722,,0
g1ojs/Verticals/others/opt/general 2-12.nec,crash,crash,5.099627811461687,1.1942775752395391,,0
g1ojs/Verticals/others/opt/general 2-13.nec,crash,crash,5.106908280402422,1.2268871739506721,,0
g1ojs/Verticals/others/opt/general 2-14.nec,crash,crash,5.107581602409482,1.2256209440529346,,0
g1ojs/Verticals/others/opt/general 2-15.nec,crash,crash,5.1065926952287555,1.2446270063519478,,0
g1ojs/Verticals/others/opt/general 2-16.nec,crash,crash,5.106567618437111,1.3468152666464448,,0
g1ojs/Verticals/others/opt/general 2-17.nec,crash,crash,5.104750704951584,2.0394745776429772,,0
g1ojs/Verticals/others/opt/general 2-18.nec,crash,crash,5.103202743455768,2.0391673427075148,,0
g1ojs/Verticals/others/opt/general 2-20.nec,crash,crash,5.103499665856361,2.0392736420035362,,0
g1ojs/Verticals/others/opt/general 2-21.nec,crash,crash,5.103769592009485,2.039060306735337,,0
g1ojs/Verticals/others/opt/general 2-22.nec,crash,crash,5.103096951730549,2.0391656011343002,,0
g1ojs/Verticals/others/opt/general 2-25.nec,crash,crash,5.110104677267373,2.039372768253088,,0
g1ojs/Verticals/others/opt/general 2-26.nec,crash,crash,5.105683138594031,2.040482150390744,,0
g1ojs/Verticals/others/opt/general 2-27.nec,crash,crash,5.111776065081358,2.0401820726692677,,0
g1ojs/Verticals/others/opt/general 2-28.nec,crash,crash,5.121324476785958,2.0397224156185985,,0
g1ojs/Verticals/others/opt/general 2-29.nec,crash,crash,5.120829192921519,2.03969001583755,,0
g1ojs/Verticals/others/opt/general 2-30.nec,crash,crash,5.122291088104248,2.0473458878695965,,0
g1ojs/_1m/Contrahelix 1.nec,ok,ok,0.029032384045422077,0.021400713361799717,,0
g1ojs/_1m/Dipole linear 1 75pc.nec,ok,ok,0.005146878771483898,0.008489307947456837,,0
g1ojs/_1m/Dipole to slot/1 Dipole.nec,ok,ok,0.004274400882422924,0.004369188100099564,,0
g1ojs/_1m/Dipole to slot/2 Dipole H.nec,ok,ok,0.005351134575903416,0.005082675255835056,,0
g1ojs/_1m/Dipole to slot/3 Dipole H Serifs.nec,ok,ok,0.008468803018331528,0.008144979365170002,,0
g1ojs/_1m/Dipole to slot/4 Dipole Rects.nec,ok,ok,0.010793637484312057,0.01056075468659401,,0
g1ojs/_1m/Dipole to slot/5 Dipole Rects Shorts.nec,ok,ok,0.012044302187860012,0.011813056655228138,,0
g1ojs/_1m/Dipole to slot/6 Dipole Rects Shorts 2.nec,ok,ok,0.00477433018386364,0.004689222201704979,,0
g1ojs/_1m/Dipole with matching l _ 0.25 v1.nec,ok,ok,0.00709107331931591,0.006890071555972099,,0
g1ojs/_1m/Dipole with matching l _ 0.25 v2.nec,ok,ok,0.005747661925852299,0.005736738443374634,,0
g1ojs/_1m/Dipole with matching l _ 0.33.nec,ok,ok,0.007246225140988827,0.007131863385438919,,0
g1ojs/_1m/Dipole.nec,ok,ok,0.0039035016670823097,0.003691687248647213,,0
g1ojs/_1m/Folded 1.nec,ok,ok,0.006278093904256821,0.0059567103162407875,,0
g1ojs/_1m/Helix Dipole 11 turn.nec,ok,ok,0.017610028386116028,0.012067262083292007,,0
g1ojs/_1m/Helix Dipole 2.5 turn.nec,ok,ok,0.005340678617358208,0.005250945687294006,,0
g1ojs/_1m/Helix Dipole 21 turn.nec,ok,ok,0.01715776138007641,0.011872964911162853,,0
g1ojs/_1m/Helix Dipole 3 turn.nec,ok,ok,0.0052085453644394875,0.005134185776114464,,0
g1ojs/_1m/Helix Dipole 5 turn.nec,ok,ok,0.005215818993747234,0.005085735581815243,,0
g1ojs/_1m/Helix Dipole 7 turn.nec,ok,ok,0.01818735897541046,0.01246692892163992,,0
g1ojs/_1m/Helix Dipole 9 turn.nec,ok,ok,0.017490489408373833,0.012165617197751999,,0
g1ojs/_1m/Pair 1.nec,ok,ok,0.006690065376460552,0.006675767712295055,,0
g1ojs/_1m/Trapezium 1.nec,ok,ok,0.005874190479516983,0.005655332468450069,,0
g1ojs/_1m/Trapezium 2.nec,ok,ok,0.00592828169465065,0.005745170637965202,,0
g1ojs/_1m/Two rect dipole.nec,ok,ok,0.016159609891474247,0.01564991381019354,,0
g1ojs/_2m/2m clutter/2m Diamond A144S5R over ground with clutter.nec,ok,ok,0.6796103976666927,0.3685954110696912,1.8438,1
g1ojs/_2m/2m clutter/2m Diamond A144S5R over ground.nec,ok,ok,0.05718598887324333,0.03367974981665611,,0
g1ojs/_2m/2m clutter/Circular Quad 2 ele V-pol with clutter.nec,ok,ok,0.23882522340863943,0.08656541164964437,2.7589,1
g1ojs/_2m/2m clutter/Circular Quad 2 ele with clutter no 6m.nec,ok,ok,0.22628935426473618,0.08363824896514416,2.7056,1
g1ojs/_2m/2m clutter/Circular Quad 2 ele with clutter no loop.nec,ok,ok,0.1641866648569703,0.06441036984324455,2.5491,1
g1ojs/_2m/2m clutter/Circular Quad 2 ele with clutter.nec,ok,ok,0.23839398194104433,0.08738882653415203,2.7280,1
g1ojs/_2m/2m clutter/Circular Quad 2 ele.nec,ok,ok,0.0261291591450572,0.011925644241273403,,0
g1ojs/_2m/2m clutter/Clutter feed the clutter.nec,ok,ok,0.12710262462496758,0.10867101792246103,1.1696,1
g1ojs/_2m/2m clutter/Dipole ref with clutter.nec,ok,ok,0.557811638340354,0.42419278901070356,1.3150,1
g1ojs/_2m/2m clutter/Dipole ref.nec,ok,ok,0.007131105288863182,0.00683233980089426,,0
g1ojs/_2m/2m clutter/Stacked dipoles x2.nec,ok,ok,0.010956420563161373,0.011601247824728489,,0
g1ojs/_2m/Cylindrical slots/2m Circular Slot Cube H Pol.nec,ok,ok,0.020497229881584644,0.05440919194370508,,0
g1ojs/_2m/Cylindrical slots/2m Circular Slot Cube V Pol.nec,ok,ok,0.026664678938686848,0.019609438255429268,,0
g1ojs/_2m/Cylindrical slots/2m Cylindrical Slot Open.nec,ok,ok,0.276356453076005,0.19558518007397652,1.4130,1
g1ojs/_2m/Cylindrical slots/2m Pair of circles with tilt 0 deg.nec,ok,ok,0.043667097575962543,0.055255175568163395,,0
g1ojs/_2m/Cylindrical slots/2m Pair of circles with tilt 90 deg.nec,ok,ok,0.01460982859134674,0.08563501574099064,,0
g1ojs/_2m/Cylindrical slots/2m Pair of circles with tilt.nec,ok,ok,0.020460409112274647,0.08188725914806128,,0
g1ojs/_2m/Cylindrical slots/Slot cube C shape.nec,ok,ok,0.027306078001856804,0.04145796410739422,,0
g1ojs/_2m/Driven beams/2ele 0.25m long.nec,ok,ok,0.012422190979123116,0.0143733574077487,,0
g1ojs/_2m/Driven beams/5ele 1m long.nec,ok,ok,0.037455097772181034,0.05109581537544727,,0
g1ojs/_2m/Driven beams/5ele 3m long .nec,ok,ok,0.03546384163200855,0.05109022464603186,,0
g1ojs/_2m/Evolved/Ev3.nec,ok,ok,0.005238723009824753,0.0048522185534238815,,0
g1ojs/_2m/Evolved/Ev4.nec,ok,ok,0.0051068030297756195,0.0048696137964725494,,0
g1ojs/_2m/Evolved/Ev5.nec,ok,ok,0.0044224923476576805,0.004792980849742889,,0
g1ojs/_2m/Evolved/Ev6.nec,ok,ok,0.004892927594482899,0.006513906642794609,,0
g1ojs/_2m/Evolved/Ev7.nec,ok,ok,0.003778659738600254,0.005028334446251392,,0
g1ojs/_2m/Evolved/Ev8.nec,ok,ok,0.0055055925622582436,0.005686558783054352,,0
g1ojs/_2m/Evolved/Ev9.nec,ok,ok,0.004429408349096775,0.005869423039257526,,0
g1ojs/_2m/Evolved/Test5.nec,ok,ok,0.007005720399320126,0.005675881169736385,,0
g1ojs/_2m/Franklin/Horizontal 2m Franklin V over ground.nec,ok,ok,0.03178401663899422,0.04819844290614128,,0
g1ojs/_2m/Franklin/Horizontal 2m Franklin oddity.nec,ok,ok,0.034760394133627415,0.06815076619386673,,0
g1ojs/_2m/Franklin/Horizontal 2m Franklin over ground with Franklin reflector.nec,ok,ok,0.11410063225775957,0.06864109169691801,1.6623,1
g1ojs/_2m/Franklin/Horizontal 2m Franklin over ground.nec,ok,ok,0.03417108487337828,0.033024540171027184,,0
g1ojs/_2m/Franklin/Horizontal 2m Franklin with Twin Reflectors.nec,ok,ok,0.036326310597360134,0.06213705334812403,,0
g1ojs/_2m/Franklin/Horizontal 2m Franklin with droops over ground.nec,ok,ok,0.04378298670053482,0.05810924246907234,,0
g1ojs/_2m/Franklin/Horizontal 2m Vertical Franklin over ground.nec,ok,ok,0.036561147309839725,0.048719557002186775,,0
g1ojs/_2m/Halo based/2m Chimney Halo Phi_0 El_0.nec,ok,ok,0.05267542600631714,0.09688269812613726,0.5437,1
g1ojs/_2m/Halo based/2m Chimney Halo Phi_0 El_45.nec,ok,ok,0.07279130723327398,0.0897185392677784,0.8113,1
g1ojs/_2m/Halo based/2m Chimney Halo Phi_0 El_90.nec,ok,ok,0.0766512705013156,0.06245340220630169,1.2273,1
g1ojs/_2m/Halo based/2m Horizontal Halo at 9m Phi_0 El_00.nec,ok,ok,0.05086577497422695,0.05013156495988369,1.0146,1
g1ojs/_2m/Halo based/2m Low halo Phi_0 El_0.nec,ok,ok,0.07097545638680458,0.08503269869834185,0.8347,1
g1ojs/_2m/Halo based/2m Stacked Halos Phi_0 El_0 1.5m.nec,ok,ok,0.24598486442118883,0.2305911723524332,1.0668,1
g1ojs/_2m/Halo based/2m Stacked Halos Phi_0 El_0 1.7m.nec,ok,ok,0.26090507861226797,0.39008738938719034,0.6688,1
g1ojs/_2m/Halo based/2m Vertical Halo at 9m Phi_0 El_90.nec,ok,ok,0.07280221302062273,0.17127852234989405,0.4251,1
g1ojs/_2m/Halo based/2m halo 8m agl Phi_0 El_0.nec,ok,ok,0.07224094867706299,0.06116075441241264,1.1812,1
g1ojs/_2m/Halo based/2m low stacked halos Phi_0 El_0 1.03m .nec,ok,ok,0.23559845238924026,0.2636970393359661,0.8934,1
g1ojs/_2m/Halo based/Horizontal direct fed S with coax balun not folded.nec,ok,ok,0.10683580301702023,0.1873489571735263,0.5703,1
g1ojs/_2m/Halo based/Horizontal direct fed S2 with coax balun not folded.nec,ok,ok,0.09929392859339714,0.06317550782114267,1.5717,1
g1ojs/_2m/Halo based/Horizontal direct fed halo with coax balun not folded.nec,ok,ok,0.10263391677290201,0.15099007170647383,0.6797,1
g1ojs/_2m/Halo based/Horizontal halo delta match with coax balun not folded - Copy.nec,ok,ok,0.12787232268601656,0.17201039753854275,0.7434,1
g1ojs/_2m/Helix/2m Pair of 2turn Helices 1 thin interconnect.nec,crash,crash,2.4897606149315834,1.249144183471799,,0
g1ojs/_2m/Helix/2m Pair of 2turn Helices 2mm wire.nec,crash,crash,3.5180517872795463,2.2493992215022445,,0
g1ojs/_2m/Helix/2m Single 2turn Helix - Horizontal.nec,ok,ok,0.0134423291310668,0.010695470497012138,,0
g1ojs/_2m/Helix/2m Single 2turn Helix as built.nec,ok,ok,0.013022801838815212,0.010316337458789349,,0
g1ojs/_2m/Helix/2m Single 2turn Helix e.g.nec,ok,ok,0.013047946617007256,0.009084323421120644,,0
g1ojs/_2m/Helix/2m Single 2turn Helix.nec,ok,ok,0.013083298690617085,0.008582575246691704,,0
g1ojs/_2m/Helix/2m Single Helix 1 thin wire direct feed with feedline.nec,ok,ok,0.041492595337331295,0.019568673335015774,,0
g1ojs/_2m/Helix/Square helix.nec,ok,ok,0.03203190304338932,0.014988469891250134,,0
g1ojs/_2m/Hentenna based/2m Cuboid Hentenna Symmetric.nec,ok,ok,0.06148212309926748,0.05212664697319269,1.1795,1
g1ojs/_2m/Hentenna based/2m Hentenna fs.nec,ok,ok,0.008519004099071026,0.006272970698773861,,0
g1ojs/_2m/Hentenna based/2m Hentenna over ground Phi_0 - flashing.nec,ok,ok,2.247344578616321,0.5425796043127775,4.1420,1
g1ojs/_2m/Hentenna based/2m Hentenna over ground Phi_0.nec,ok,ok,0.03565628454089165,0.02350633591413498,,0
g1ojs/_2m/Hentenna based/2m Hentenna over ground Phi_90 - flashing.nec,ok,ok,1.9349504560232162,0.7606906453147531,2.5437,1
g1ojs/_2m/Hentenna based/2m Hentenna over ground.nec,ok,ok,0.05550799425691366,0.10138701181858778,0.5475,1
g1ojs/_2m/Hentenna based/2m Small Cube Hentenna.nec,ok,ok,0.064498838968575,0.09560222923755646,0.6747,1
g1ojs/_2m/Hentenna based/2m Small Cuboid Hentenna Symmetric.nec,ok,ok,0.0833346601575613,0.11427934560924768,0.7292,1
g1ojs/_2m/Hentenna based/2m Small Cuboid Hentenna.nec,ok,ok,0.06388072576373816,0.08777200523763895,0.7278,1
g1ojs/_2m/Hentenna based/2m Small Hentenna Loop 12.5 Ohms.nec,ok,ok,0.0411341842263937,0.05657015647739172,,0
g1ojs/_2m/Hentenna based/2m Small Hentenna Loop 700x200 Stub Match Wire dia.nec,ok,ok,0.04368449095636606,0.058912879787385464,,0
g1ojs/_2m/Hentenna based/2m Small Hentenna Loop 700x200 Stub Match.nec,ok,ok,0.04370580427348614,0.05832931958138943,,0
g1ojs/_2m/Hentenna based/2m Small Hentenna Loop 700x280 Stub Match.nec,ok,ok,0.04397415556013584,0.05827393941581249,,0
g1ojs/_2m/Hentenna based/2m Wide Hentenna over ground.nec,ok,ok,0.02770267240703106,0.035996091552078724,,0
g1ojs/_2m/Hentenna based/2m gapped hentenna over ground.nec,ok,ok,0.12340724468231201,0.18163213320076466,0.6794,1
g1ojs/_2m/Hentenna based/2x Stacked 2m Hentenna Single Feed Inverted parallel to roof ridge over Ground.nec,ok,ok,0.12718936055898666,0.22811651416122913,0.5576,1
g1ojs/_2m/Hentenna based/2x Stacked 2m Hentenna Single Feed parallel to roof ridge over Ground Base Direct Feed.nec,ok,ok,0.09711866360157728,0.11446409579366446,0.8485,1
g1ojs/_2m/Hentenna based/2x Stacked 2m Hentenna Single Feed parallel to roof ridge over Ground.nec,ok,ok,0.12420745100826025,0.07095977943390608,1.7504,1
g1ojs/_2m/Hentenna based/2x Stacked 2m Hentenna parallel to roof ridge over Ground.nec,ok,ok,0.1049141651019454,0.07698125205934048,1.3629,1
g1ojs/_2m/Hentenna based/2x Stacked 2m Hentenna parallel to roof ridge with reflector.nec,ok,ok,0.14100896753370762,0.21626035869121552,0.6520,1
g1ojs/_2m/Hentenna based/Build.nec,ok-no-source,ok-no-source,0.047715541906654835,0.14223466720432043,,0
g1ojs/_2m/Horizontal 2m Moxon.nec,ok,ok,0.01981413457542658,0.024601968936622143,,0
g1ojs/_2m/Horizontal Dipole with end loading plates.nec,ok,ok,0.06551822274923325,0.04256400093436241,,0
g1ojs/_2m/Larger loops/Fullwave square one turn.nec,ok,ok,0.007231476716697216,0.008284483104944229,,0
g1ojs/_2m/Larger loops/Rect 35cm x 50cm.nec,ok,ok,0.0074663106352090836,0.007841081358492374,,0
g1ojs/_2m/Larger loops/Rect 35cm x 60cm.nec,ok,ok,0.007395186461508274,0.00811169296503067,,0
g1ojs/_2m/Larger loops/Skinny wire diamond loop.nec,ok,ok,0.014662028290331364,0.016108110547065735,,0
g1ojs/_2m/Larger loops/Square 40cm.nec,ok,ok,0.007413037121295929,0.007978125475347042,,0
g1ojs/_2m/Magloop/2m 17cm dia Magloop 144.2 MHz H - FS.nec,ok,ok,0.011591709218919277,0.09113285969942808,,0
g1ojs/_2m/Magloop/2m 17cm dia Magloop 144.2 MHz H.nec,ok,ok,0.03833434917032719,0.0899746036157012,,0
g1ojs/_2m/Magloop/2m 17cm dia Magloop 144.2 MHz V.nec,ok,ok,0.03319214750081301,0.09684842079877853,,0
g1ojs/_2m/Owen Collinear.nec,ok,ok,0.009095643647015095,0.07503243163228035,,0
g1ojs/_2m/Quads/Circular Loop.nec,ok,ok,0.014036047272384167,0.019712170585989952,,0
g1ojs/_2m/Quads/Circular Quad 2 ele - fb.nec,ok,ok,0.02599215228110552,0.07734117191284895,,0
g1ojs/_2m/Quads/Rect Wire Quad 3 ele 50R.nec,ok,ok,0.05394689552485943,0.07464105356484652,0.7228,1
g1ojs/_2m/Quads/Square Quad 1 with dipole reflector.nec,ok,ok,0.015835593454539776,0.01985496375709772,,0
g1ojs/_2m/Quads/Square Quad 2 ele 50R.nec,ok,ok,0.02893869671970606,0.03817779943346977,,0
g1ojs/_2m/Quads/Square Quad 2 ele box.nec,ok,ok,0.05383238196372986,0.07198770623654127,0.7478,1
g1ojs/_2m/Quads/Square Thick Wire Quad 3 ele 50R.nec,ok,ok,0.05457953177392483,0.07309182360768318,0.7467,1
g1ojs/_2m/Quads/Square Wire Quad 2 ele 50R with clutter.nec,ok,ok,0.4994039833545685,0.39297560695558786,1.2708,1
g1ojs/_2m/Quads/Square Wire Quad 2 ele 50R.nec,ok,ok,0.0310502452775836,0.041082216426730156,,0
g1ojs/_2m/Quads/Square Wire Quad 3 ele 50R - fb.nec,ok,ok,0.05636621546000242,0.07570297550410032,0.7446,1
g1ojs/_2m/Quads/Square Wire Quad 3 ele 50R.nec,ok,ok,0.05643718130886555,0.05450781621038914,1.0354,1
g1ojs/_2m/Shortened dipoles/2m H dipole 0.5m.nec,ok,ok,0.0097845159471035,0.010119222104549408,,0
g1ojs/_2m/Shortened dipoles/2m Helix S dipole 0.5t.nec,ok,ok,0.04873709660023451,0.17992559261620045,,0
g1ojs/_2m/Shortened dipoles/2m Helix S dipole 0.7t.nec,ok,ok,0.04700736794620752,0.1614588676020503,,0
g1ojs/_2m/Shortened dipoles/2m Helix S dipole 1t.nec,ok,ok,0.04848351143300533,0.09385378379374743,,0
g1ojs/_2m/Shortened dipoles/2m Helix S dipole.nec,ok,ok,0.04319506045430899,0.08502757363021374,,0
g1ojs/_2m/Shortened dipoles/2m LL Dipole 2mm dia elements 40cm - hairpin.nec,ok,ok,0.03126993868499994,0.02541514579206705,,0
g1ojs/_2m/Shortened dipoles/2m LL Dipole 4mm dia elements 40cm - hairpin.nec,ok,ok,0.03128317929804325,0.028977273032069206,,0
g1ojs/_2m/Shortened dipoles/2m LL Dipole 5mm dia elements 50cm - hairpin.nec,ok,ok,0.03108770027756691,0.026787391863763332,,0
g1ojs/_2m/Shortened dipoles/2m M dipole 0.5m.nec,ok,ok,0.008480428718030453,0.011089648120105267,,0
g1ojs/_2m/Shortened dipoles/2m Rect Petlowany Dipole 5mm dia elements flat 0.4.nec,ok,ok,0.01105785183608532,0.018114177510142326,,0
g1ojs/_2m/Shortened dipoles/2m Rect Petlowany Dipole 5mm dia elements flat 0.5.nec,ok,ok,0.013659488409757614,0.0178653160110116,,0
g1ojs/_2m/Shortened dipoles/2m Z dipole 0.5m.nec,ok,ok,0.00895257480442524,0.009815248660743237,,0
g1ojs/_2m/Shortened dipoles/2m Z dipole 0.6m.nec,ok,ok,0.008834253065288067,0.009983249939978123,,0
g1ojs/_2m/Shortened dipoles/2m meander dipole.nec,ok,ok,0.005696151405572891,0.005176529288291931,,0
g1ojs/_2m/Shortened dipoles/Dipole wire diameter.nec,ok,ok,0.00878187920898199,0.010616075247526169,,0
g1ojs/_2m/Shortened dipoles/Patch dipole.nec,ok,ok,1.4669362409040332,0.5557718453928828,2.6395,1
g1ojs/_2m/Slot cube tall.nec,ok,ok,0.0393600445240736,0.046798618510365486,,0
g1ojs/_2m/Slot cube wide.nec,ok,ok,0.03562300372868776,0.04566469695419073,,0
g1ojs/_2m/Slot cube.nec,ok,ok,0.02840055339038372,0.04151621460914612,,0
g1ojs/_2m/Stacked dipoles.nec,ok,ok,0.023489056155085564,0.03129691258072853,,0
g1ojs/_2m/Verticals/2m Stacked Vertical Dipoles with integral baluns - 4 lens opt WITH MEASUREMENT NOTES.nec,ok,ok,0.9531683484092355,0.9944480489939451,0.9585,1
g1ojs/_2m/Verticals/2m Stacked Vertical Dipoles with integral baluns - no harness.nec,ok,ok,0.9090955015271902,0.7172669563442469,1.2674,1
g1ojs/_2m/Verticals/2m Stacked Vertical Dipoles with integral baluns reentrant harness.nec,ok,ok,1.3708713483065367,0.9453046731650829,1.4502,1
g1ojs/_2m/Verticals/2m Stacked Vertical Dipoles with integral baluns.nec,ok,ok,1.1778459819033742,0.9205443141981959,1.2795,1
g1ojs/_2m/Verticals/2m Stacked Vertical Gamma Matched Dipole over ground.nec,ok,ok,1.402586316689849,1.0257128849625587,1.3674,1
g1ojs/_2m/Verticals/2m Vertical Dipole with integral balun.nec,ok,ok,0.9355756007134914,0.7349108466878533,1.2730,1
g1ojs/_2m/Verticals/2m Vertical Gamma Matched Dipole over ground.nec,ok,ok,0.9270801730453968,0.6800628807395697,1.3632,1
g1ojs/_2m/Verticals/2m Vertical dipole with phasing balun.nec,ok,ok,2.709126125089824,1.4539996134117246,1.8632,1
g1ojs/_2m/Verticals/2m high gain Vertical flowerpot with metal sleeve air spaced with feedline and feed stub.nec,ok,ok,0.6520782774314284,0.34102981071919203,1.9121,1
g1ojs/_2m/Verticals/Periodic stubs tests/2m 3lam monopole stubs shaped generic.nec,ok,ok,0.5767596149817109,0.39839301630854607,1.4477,1
g1ojs/_2m/Verticals/Periodic stubs tests/2m gamma dipole extended TL.nec,ok,ok,0.12897619605064392,0.15431583020836115,0.8358,1
g1ojs/_2m/Verticals/Periodic stubs tests/2m gamma dipole extended stubs - test.nec,ok,ok,0.18583035375922918,0.16314731165766716,1.1390,1
g1ojs/_2m/Verticals/Periodic stubs tests/2m gamma dipole extended stubs shaped.nec,ok,ok,0.16818604059517384,0.16338826809078455,1.0294,1
g1ojs/_2m/Verticals/Periodic stubs tests/2m gamma dipole extended stubs.nec,ok,ok,0.15500806365162134,0.10607103444635868,1.4614,1
g1ojs/_2m/Verticals/Periodic stubs tests/2m gamma dipole extended zigzag.nec,ok,ok,0.07754506636410952,0.09201175905764103,0.8428,1
g1ojs/_2m/Yagis Loop Fed/2m 3ele LF yagi BUILT.nec,ok,ok,0.04547454975545406,0.0576868886128068,,0
g1ojs/_2m/Yagis Loop Fed/2m 3ele LF yagi opt FR.nec,ok,ok,0.0450329203158617,0.05819070339202881,,0
g1ojs/_2m/Yagis/2m Diamond A144S5R free space.nec,ok,ok,0.018702173605561256,0.03679381497204304,,0
g1ojs/_2m/Yagis/Horizontal 2m 2ele yagi.nec,ok,ok,0.015203038230538368,0.013452722690999508,,0
g1ojs/_2m/Yagis/Horizontal 2m 3ele yagi - M5AML.nec,ok,ok,0.01754325907677412,0.021095382049679756,,0
g1ojs/_2m/Yagis/Horizontal 2m 4ele yagi 95cm boom 20 ohm.nec,ok,ok,0.024755969643592834,0.032006911002099514,,0
g1ojs/_2m/Yagis/Horizontal 2m 4ele yagi BUILT.nec,ok,ok,0.024733188562095165,0.031218609772622585,,0
g1ojs/_2m/Yagis/Horizontal 2m yagi 5 ele.nec,ok,ok,0.033205630257725716,0.042933073826134205,,0
g1ojs/_2m/Yagis/Horizontal 2m yagi 6 ele.nec,ok,ok,0.04290315601974726,0.05731015931814909,,0
g1ojs/_6m/6m 2ele Quad base fed.nec,ok,ok,0.48290565703064203,0.3352513313293457,1.4404,1
g1ojs/_6m/6m Dipole bars.nec,ok,ok,0.39863815158605576,0.41241670306771994,0.9666,1
g1ojs/_6m/6m Dipole coax inner fed.nec,ok,ok,0.013363363221287727,0.01517107430845499,,0
g1ojs/_6m/6m Dipole discs.nec,error,error,0.16638260055333376,0.13516425155103207,,0
g1ojs/_6m/6m Dipole droops.nec,ok,ok,0.3988388506695628,0.2824206966906786,1.4122,1
g1ojs/_6m/6m Dipole speaker wire.nec,ok,ok,0.013057642616331577,0.014891691505908966,,0
g1ojs/_6m/6m Dipole stars.nec,ok,ok,0.40366360917687416,0.28895838279277086,1.3970,1
g1ojs/_6m/6m Helically loaded dipole.nec,ok,ok,11.758626563474536,3.8973548160865903,3.0171,1
g1ojs/_6m/6m LL Bar Dipole 5mm dia elements - 2.nec,ok,ok,0.40619919914752245,0.44754087552428246,0.9076,1
g1ojs/_6m/6m LL Bar Dipole 5mm dia elements.nec,ok,ok,0.40746892523020506,0.4116257168352604,0.9899,1
g1ojs/_6m/6m LL Dipole 5mm dia elements - hairpin - 2.nec,ok,ok,0.42012266628444195,0.4553855825215578,0.9226,1
g1ojs/_6m/6m LL Dipole 5mm dia elements - hairpin.nec,ok,ok,0.4242475004866719,0.4690066147595644,0.9046,1
g1ojs/_6m/6m LL Dipole test 5mm dia elements - hairpin.nec,ok,ok,0.418787713162601,0.4537484301254153,0.9230,1
g1ojs/_6m/6m LL2 Dipole 5mm dia elements.nec,ok,ok,0.41072350926697254,0.4022124884650111,1.0212,1
g1ojs/_6m/6m Moxgen Moxon.nec,ok,ok,0.039279273711144924,0.08155784010887146,,0
g1ojs/_6m/6m Moxon 1mm wire.nec,ok,ok,0.01716644875705242,0.02220036741346121,,0
g1ojs/_6m/6m Moxon Front coax inner fed Rear wire.nec,ok,ok,0.03604826703667641,0.04318143241107464,,0
g1ojs/_6m/6m Moxon coax inner fed.nec,ok,ok,0.03254407737404108,0.04426767397671938,,0
g1ojs/_6m/6m Quad base fed.nec,ok,ok,0.41644705180078745,0.3470513317734003,1.2000,1
g1ojs/_6m/6m Quad side fed.nec,ok,ok,0.41906073316931725,0.29679528437554836,1.4120,1
g1ojs/_6m/6m Rect Petlowany Dipole 5mm dia elements 3D.nec,ok,ok,0.4011501632630825,0.34907050617039204,1.1492,1
g1ojs/_6m/6m Rect Petlowany Dipole 5mm dia elements flat 2.nec,ok,ok,0.4015084495767951,0.3442410761490464,1.1664,1
g1ojs/_6m/6m Rect Petlowany Dipole 5mm dia elements flat.nec,ok,ok,0.40139090828597546,0.4465340804308653,0.8989,1
g1ojs/_6m/6m Short Dipole 5mm dia elements - hairpin.nec,ok,ok,0.4036361202597618,0.3807482570409775,1.0601,1
g1ojs/_6m/Build.nec,ok-no-source,ok-no-source,0.008431070484220982,0.026343979872763157,,0
g1ojs/_6m/_6m Dipole ref.nec,ok,ok,0.012981975451111794,0.014457632787525654,,0
g1ojs/_6m/_6m V.nec,ok,ok,0.39508964493870735,0.3553091809153557,1.1120,1
g1ojs/__70cm/70cm 6cm dia Magloop 433.2 MHz V.nec,ok,ok,0.03348968271166086,0.022407695651054382,,0
g1ojs/__70cm/70cm Rect Petlowany Dipole 1mm dia elements flat 2.nec,ok,ok,0.01446648221462965,0.01792625430971384,,0
g1ojs/__70cm/70cm Rect Petlowany Dipole 5mm dia elements flat 2.nec,ok,ok,0.021793142892420292,0.01675448566675186,,0
g1ojs/__70cm/Dipole ref.nec,ok,ok,0.007114412263035774,0.007165216840803623,,0
g1ojs/__70cm/Horizontal 70cm 3ele LF yagi.nec,ok,ok,0.04229373950511217,0.056439961306750774,,0
g1ojs/__70cm/Patch dipole.nec,ok,ok,0.045184724032878876,0.03637917898595333,,0
g1ojs/__70cm/Square loop.nec,ok,ok,0.020888826809823513,0.010765663348138332,,0
g1ojs/__70cm/Yagis/70cm Horizontal 2ele yagi over ground.nec,ok,ok,0.012006943114101887,0.010004453361034393,,0
g1ojs/__70cm/Yagis/70cm Horizontal 3ele yagi over ground.nec,ok,ok,0.016551178880035877,0.019578573293983936,,0
g1ojs/__70cm/Yagis/70cm Stacked dipoles x3.nec,ok,ok,0.020449467934668064,0.02522379532456398,,0
g1ojs/opt/Loaded V-01.nec,ok,ok,0.22395102865993977,0.1720951721072197,1.3013,1
g1ojs/opt/Loaded V-02.nec,ok,ok,0.21872960217297077,0.1722048344090581,1.2702,1
g1ojs/opt/Loaded V-03.nec,ok,ok,0.21631234139204025,0.1720947241410613,1.2569,1
g1ojs/opt/Loaded V-04.nec,ok,ok,0.21703642792999744,0.17195519525557756,1.2622,1
g1ojs/opt/Loaded V-05.nec,ok,ok,0.21958810836076736,0.17270046845078468,1.2715,1
g1ojs/opt/Loaded V-06.nec,ok,ok,0.22047267109155655,0.1724055130034685,1.2788,1
g1ojs/opt/Loaded V-07.nec,ok,ok,0.2186333304271102,0.17258098721504211,1.2668,1
g1ojs/opt/Loaded V-08.nec,ok,ok,0.2183867869898677,0.1730657648295164,1.2619,1
g1ojs/opt/Loaded V-09.nec,ok,ok,0.21596915274858475,0.17265567928552628,1.2509,1
g1ojs/opt/Loaded V-10.nec,ok,ok,0.22017543949186802,0.17256585508584976,1.2759,1
g1ojs/opt/Loaded V-11.nec,ok,ok,0.22447710298001766,0.17455118335783482,1.2860,1
g1ojs/opt/Loaded V-12.nec,ok,ok,0.2175138322636485,0.17268538754433393,1.2596,1
g1ojs/opt/Loaded V-13.nec,ok,ok,0.2155651357024908,0.17279208172112703,1.2475,1
g1ojs/opt/Loaded V-14.nec,ok,ok,0.21851731929928064,0.1722429906949401,1.2687,1
g1ojs/opt/Loaded V-15.nec,ok,ok,0.22093505691736937,0.1726079611107707,1.2800,1
g1ojs/opt/Loaded V-16.nec,ok,ok,0.21788151282817125,0.1723639853298664,1.2641,1
g1ojs/opt/Loaded V-18.nec,ok,ok,0.2166826380416751,0.17238657176494598,1.2570,1
g1ojs/opt/Loaded V-19.nec,ok,ok,0.21894603874534369,0.17242092546075583,1.2698,1
g1ojs/opt/Loaded V-20.nec,ok,ok,0.21984473709017038,0.17218074295669794,1.2768,1
g1ojs/opt/Loaded V-21.nec,ok,ok,0.2232490163296461,0.17205577064305544,1.2975,1
g1ojs/opt/Loaded V-22.nec,ok,ok,0.2154887542128563,0.1739780232310295,1.2386,1
g1ojs/opt/Loaded V-23.nec,ok,ok,0.21735808812081814,0.17264130618423223,1.2590,1
g1ojs/opt/Loaded V-24.nec,ok,ok,0.22473948169499636,0.17344084288924932,1.2958,1
g1ojs/opt/Loaded V-26.nec,ok,ok,0.21785804629325867,0.17190373968333006,1.2673,1
g1ojs/opt/Loaded V-27.nec,ok,ok,0.21525631938129663,0.17245496530085802,1.2482,1
g1ojs/opt/Loaded V-28.nec,ok,ok,0.22440584562718868,0.17149674892425537,1.3085,1
icecube-dbesson/2 dipole on roof.nec,ok,ok,1.0628529144451022,0.35855816304683685,2.9642,1
icecube-dbesson/2lsloper.nec,ok,ok,0.6348158735781908,0.4495421452447772,1.4121,1
icecube-dbesson/2phased.nec,ok,ok,0.006791254505515099,0.004659825004637241,,0
icecube-dbesson/36ccd.nec,ok,ok,0.3704365501180291,0.2659075101837516,1.3931,1
icecube-dbesson/36dip.nec,ok,ok,0.3124934332445264,0.23412125185132027,1.3348,1
icecube-dbesson/36inv.nec,ok,ok,0.33021380566060543,0.2355462545529008,1.4019,1
icecube-dbesson/36inv_split.nec,ok,ok,0.32213072665035725,0.23472091928124428,1.3724,1
icecube-dbesson/3el-inverted-V.nec,ok,ok,0.3120670821517706,0.23178334720432758,1.3464,1
icecube-dbesson/3elquad.nec,ok,ok,0.008946189656853676,0.013554309494793415,,0
icecube-dbesson/4 Dipole Trans-lines.nec,ok,ok,0.020769884809851646,0.015154357999563217,,0
icecube-dbesson/40quad.nec,ok,ok,0.2101216120645404,0.16391422878950834,1.2819,1
icecube-dbesson/4nec2.nec,ok,ok,0.40530536510050297,0.19482028763741255,2.0804,1
icecube-dbesson/4square.nec,ok,ok,0.304570484906435,0.26369509007781744,1.1550,1
icecube-dbesson/4x20ra.nec,ok,ok,0.1425754288211465,0.0718845073133707,1.9834,1
icecube-dbesson/7lyagi10.nec,ok,ok,0.299290306866169,0.22284059692174196,1.3431,1
icecube-dbesson/80hsbeam.nec,ok,ok,0.3711373610422015,0.24869271274656057,1.4924,1
icecube-dbesson/80rdbeam.nec,ok,ok,0.4674302041530609,0.3151033101603389,1.4834,1
icecube-dbesson/BCone45.nec,ok,ok,0.05745773669332266,0.08292731922119856,0.6929,1
icecube-dbesson/BCone55.nec,ok,ok,0.8332034358754754,0.3045560969039798,2.7358,1
icecube-dbesson/BCone65.nec,ok,ok,0.8487360076978803,0.3719113115221262,2.2821,1
icecube-dbesson/Bcone-1mmgap.nec,ok,ok,0.06160310283303261,0.10438912454992533,0.5901,1
icecube-dbesson/Bcone-3cmgap.nec,ok,ok,0.06091398559510708,0.10282260552048683,0.5924,1
icecube-dbesson/BetaMatch.nec,ok,ok,0.033967310562729836,0.04572753515094519,,0
icecube-dbesson/Bicone-dzvar.nec,ok,ok,0.06150762178003788,0.1153245847672224,0.5333,1
icecube-dbesson/Bicone0+.nec,ok,ok,0.1429895367473364,0.12134234234690666,1.1784,1
icecube-dbesson/Bicone0.nec,ok,ok,0.04211290180683136,0.03200992662459612,,0
icecube-dbesson/Catenary_1.nec,ok-no-source,ok-no-source,0.006402110680937767,0.0075467051938176155,,0
icecube-dbesson/Cedzph10.nec,ok,ok,0.15869388077408075,0.12550234701484442,1.2645,1
icecube-dbesson/CoilCapHat.nec,ok,ok,0.2816806538030505,0.20760593377053738,1.3568,1
icecube-dbesson/Collinear_1L.nec,ok,ok,0.124084179289639,0.13114940002560616,0.9461,1
icecube-dbesson/Deltalp.nec,ok,ok,0.13424933329224586,0.08254159800708294,1.6264,1
icecube-dbesson/Example1.nec,ok,ok,0.005859101191163063,0.0053392499685287476,,0
icecube-dbesson/Example2.nec,ok,ok,0.005870560184121132,0.0048962803557515144,,0
icecube-dbesson/Example3.nec,ok,ok,0.31262655835598707,0.4462865795940161,0.7005,1
icecube-dbesson/Fractal.nec,ok,ok,1.8037583036348224,0.8210381800308824,2.1969,1
icecube-dbesson/Generator.nec,ok,ok,0.09931347984820604,0.17240414582192898,0.5761,1
icecube-dbesson/Gwave.nec,ok,ok,0.14896673802286386,0.22458706703037024,0.6633,1
icecube-dbesson/Half-Horn2.nec,ok,ok,0.05062241666018963,0.11430341843515635,0.4429,1
icecube-dbesson/Half-horn.nec,ok,ok,0.05399231892079115,0.0426705339923501,,0
icecube-dbesson/Illuminate.nec,ok,ok,3.5704800467938185,1.033311665058136,3.4554,1
icecube-dbesson/L_match.nec,ok,ok,0.024309989996254444,0.11901605781167746,,0
icecube-dbesson/Logper.nec,ok,ok,0.0291564567014575,0.08463400788605213,,0
icecube-dbesson/Loops.nec,ok,ok,0.007338722236454487,0.0063784923404455185,,0
icecube-dbesson/Lowdip.nec,ok,ok,0.37015284039080143,0.2636417029425502,1.4040,1
icecube-dbesson/Match_Test.nec,ok,ok,0.006085398606956005,0.0040268199518322945,,0
icecube-dbesson/Moxon.nec,ok,ok,0.3001083629205823,0.21542779728770256,1.3931,1
icecube-dbesson/Multiband.nec,ok,ok,0.3645004788413644,0.2626500753685832,1.3878,1
icecube-dbesson/NearFld.nec,ok,ok,2.7266181893646717,0.783606662414968,3.4796,1
icecube-dbesson/Optimized-discone.nec,ok,ok,0.04177513439208269,0.06475178897380829,,0
icecube-dbesson/Parab50.nec,ok,ok,17.895600876770914,5.547885685227811,3.2257,1
icecube-dbesson/Parabola.nec,ok-no-source,ok-no-source,0.17978303786367178,0.13472105469554663,,0
icecube-dbesson/Patch.nec,ok-no-source,ok-no-source,0.012440873309969902,0.02251389902085066,,0
icecube-dbesson/Phased GP.nec,ok,ok,0.029181573539972305,0.08756241109222174,,0
icecube-dbesson/Phased array Trans-line.nec,ok,ok,0.016714656725525856,0.0850019920617342,,0
icecube-dbesson/Quad.nec,ok,ok,0.6226773243397474,0.3184801759198308,1.9552,1
icecube-dbesson/RICE-dipole.nec,error,error,0.49028640054166317,0.21078461594879627,,0
icecube-dbesson/RICE-dipole0.nec,error,error,0.4192112721502781,0.19734970480203629,,0
icecube-dbesson/Rhombic.nec,ok,ok,0.20080939400941133,0.15959718264639378,1.2582,1
icecube-dbesson/Slopvee.nec,ok,ok,0.31718273367732763,0.23255513794720173,1.3639,1
icecube-dbesson/T-box.nec,ok,ok,0.3882019044831395,0.19125238247215748,2.0298,1
icecube-dbesson/TL-test.nec,ok,ok,0.1669271495193243,0.1314772292971611,1.2696,1
icecube-dbesson/TV_uhf.nec,ok,ok,0.06693090870976448,0.10597474128007889,0.6316,1
icecube-dbesson/Tr-line.nec,ok,ok,0.3132197381928563,0.2400294654071331,1.3049,1
icecube-dbesson/TrapDip.nec,ok,ok,0.007537649944424629,0.006656233221292496,,0
icecube-dbesson/Vee40.nec,ok,ok,0.389031327329576,0.2583158742636442,1.5060,1
icecube-dbesson/Vyagi22.nec,ok,ok,0.05238476116210222,0.08606433216482401,0.6087,1
icecube-dbesson/Yagi16.nec,ok,ok,0.09333988837897778,0.09631855972111225,0.9691,1
icecube-dbesson/atl50E.nec,ok,ok,0.7740341378375888,0.5316957887262106,1.4558,1
icecube-dbesson/atl50e-h.nec,ok,ok,0.8238511513918638,0.5897590611129999,1.3969,1
icecube-dbesson/bev80.nec,ok,ok,0.37667512241750956,0.28893113788217306,1.3037,1
icecube-dbesson/bisq7.nec,ok,ok,0.07710264343768358,0.09012517612427473,0.8555,1
icecube-dbesson/bobtail.nec,ok,ok,0.3482089526951313,0.26257201842963696,1.3261,1
icecube-dbesson/circdip3.nec,ok,ok,0.006534907966852188,0.004966801032423973,,0
icecube-dbesson/corner.nec,ok,ok,0.03292154800146818,0.09035911224782467,,0
icecube-dbesson/dip_curv_6m.nec,ok,ok,0.01827390305697918,0.07405249588191509,,0
icecube-dbesson/discone.nec,ok,ok,0.0410307589918375,0.05227131675928831,,0
icecube-dbesson/dscn2.nec,ok,ok,0.9648246187716722,0.4435869511216879,2.1751,1
icecube-dbesson/edzmod.nec,ok,ok,0.2848839061334729,0.21375897247344255,1.3327,1
icecube-dbesson/emeyagi.nec,ok,ok,0.020165875554084778,0.10918069444596767,,0
icecube-dbesson/fm6.nec,ok,ok,0.013463773764669895,0.07486404292285442,,0
icecube-dbesson/franklin.nec,ok,ok,0.007430060766637325,0.006422276608645916,,0
icecube-dbesson/g5rv.nec,ok,ok,0.005903463810682297,0.005061496049165726,,0
icecube-dbesson/gndplane.nec,ok,ok,0.00684539508074522,0.005417954176664352,,0
icecube-dbesson/hel10ua.nec,ok,ok,0.45517038460820913,0.20014745369553566,2.2742,1
icecube-dbesson/helix.nec,ok,ok,1.0583409303799272,0.4485760387033224,2.3593,1
icecube-dbesson/helixve5.nec,ok,ok,0.06208260077983141,0.12379009742289782,0.5015,1
icecube-dbesson/hrs_441.nec,ok,ok,10.538813021965325,6.6837870217859745,1.5768,1
icecube-dbesson/i5tdjii.nec,ok,ok,0.03464299347251654,0.025356843136250973,,0
icecube-dbesson/isotrop.nec,ok,ok,0.007705719210207462,0.006483474746346474,,0
icecube-dbesson/jbl.nec,ok,ok,8.847570046782494,2.404139013029635,3.6801,1
icecube-dbesson/lazyh.nec,ok,ok,0.007301566191017628,0.00610679667443037,,0
kk4obi-bent-dipoles/efhw-straight.nec,ok,ok,0.09850415587425232,0.09364234656095505,1.0519,1
kk4obi-bent-dipoles/folded-end-dipole.nec,ok,ok,0.3410342149436474,0.23753948137164116,1.4357,1
kk4obi-bent-dipoles/ocf-vertical-4radials.nec,ok,ok,0.23951643612235785,0.17321697436273098,1.3828,1
kk4obi-bent-dipoles/std-vertical-dipole.nec,ok,ok,0.10642748791724443,0.09635025821626186,1.1046,1
nec-simulations/nec/biconicalAntenna.nec,ok,ok,0.00910724326968193,0.008267462253570557,,0
nec-simulations/nec/colinnearDipoles.nec,ok,ok,0.007132350467145443,0.005432315170764923,,0
nec-simulations/nec/foldedDipole_10.nec,ok,ok,0.0078280633315444,0.006365329027175903,,0
nec-simulations/nec/foldedDipole_5.nec,ok,ok,0.006584532558917999,0.004934445954859257,,0
nec-simulations/nec/foldedDipole_50.nec,ok,ok,0.028735002502799034,0.01951596327126026,,0
nec-simulations/nec/helicalAntenna.nec,ok,ok,0.05875478219240904,0.036703125573694706,,0
nec-simulations/nec/inEchellonDipoles.nec,ok,ok,0.0051637012511491776,0.004327352158725262,,0
nec-simulations/nec/parallelDipoles.nec,ok,ok,0.006412825547158718,0.005383956246078014,,0
nec-simulations/nec/turnstileAntenna.nec,ok,ok,0.00625985860824585,0.005343477241694927,,0
nec-simulations/nec/turnstileTestAntenna.nec,ok,ok,13.6260986905545,3.8278463827446103,3.5597,1
nec-simulations/nec/wireAntennaFastGround.nec,ok,ok,0.4655902571976185,0.3222334962338209,1.4449,1
nec-simulations/nec/wireAntennaPerfectGround.nec,crash,crash,1.3303560689091682,1.294623164460063,,0
nec2-toys/2m-fd-fed-yagi.nec,ok,ok,1.3832152243703604,0.7016887245699763,1.9713,1
nec2-toys/2m-folded-dipole/2m-folded-dipole.nec,ok,ok,1.1901400247588754,1.0565116619691253,1.1265,1
nec2-toys/oldStuff/gen1/freeSpace2mDE.nec,ok,ok,0.05286729335784912,0.1200827220454812,0.4403,1
nec2-toys/oldStuff/gen1/nec-2m-2el-146.310.nec,ok,ok,0.032217979431152344,0.09194442257285118,,0
nec2-toys/oldStuff/gen1/nec-2m-2el-1_8th-wire.nec,ok,ok,0.027697693556547165,0.05242257472127676,,0
nec2-toys/oldStuff/gen1/nec-2m-2el-3_16ths-wire.nec,ok,ok,0.029538595117628574,0.11446068435907364,,0
nec2c/10RA432.nec,ok,ok,0.01185897458344698,0.013510588556528091,,0
nec2c/19el_432_tonna.nec,ok,ok,0.07861511409282684,0.27292195055633783,0.2880,1
nec2c/20RA432.nec,ok,ok,0.03129029180854559,0.044830890372395515,,0
nec2c/20RA_X4.nec,ok,ok,0.11319180764257908,0.14689069986343384,0.7706,1
nec2c/3E_.nec,ok,ok,0.013537878170609474,0.0710320882499218,,0
nec2c/9EL_GRA.nec,ok,ok,0.022044525481760502,0.10676736943423748,,0
nec2c/9elX2b_gr.nec,ok,ok,0.18226893804967403,0.08141146320849657,2.2389,1
nec2c/9elX2b_mast.nec,ok,ok,0.16860671248286963,0.14807183761149645,1.1387,1
nec2c/9elX2b_tonna.nec,ok,ok,0.1570129692554474,0.13313906267285347,1.1793,1
nec2c/9elX2bm_gr.nec,ok,ok,0.545666916295886,0.23243031930178404,2.3477,1
nec2c/9elX_gra.nec,ok,ok,0.057896483689546585,0.10432423651218414,0.5550,1
nec2c/9elX_tonna.nec,ok,ok,0.06223539728671312,0.11450542975217104,0.5435,1
nec2c/9elXb_tonna.nec,ok,ok,0.05861566495150328,0.06539719365537167,0.8963,1
nec2c/9elXb_tonnaf.nec,ok,ok,1.1572190150618553,1.287946354597807,0.8985,1
nec2c/9el_p_tonna.nec,ok,ok,0.02829866111278534,0.18477618973702192,,0
nec2c/9el_tonna.nec,ok,ok,0.02710380032658577,0.08382586762309074,,0
nec2c/9el_tonnaf.nec,ok,ok,0.29485003743320704,0.9563231216743588,0.3083,1
nec2c/9elv_tonna.nec,ok,ok,0.026635310612618923,0.04982640594244003,,0
nec2c/BSZ09.nec,ok,ok,0.026333213783800602,0.056370947510004044,,0
nec2c/BSZ10.nec,ok,ok,0.36175557877868414,0.16499037202447653,2.1926,1
nec2c/CAR.nec,ok,ok,0.1180288614705205,0.10624212678521872,1.1109,1
nec2c/DIP2_7T.nec,ok,ok,0.008861105889081955,0.007496939040720463,,0
nec2c/DIP_7.nec,ok,ok,0.012069915421307087,0.011624234728515148,,0
nec2c/DIP_7T.nec,ok,ok,0.008846170268952847,0.006285171024501324,,0
nec2c/DIP_7TB.nec,ok,ok,0.008563212119042873,0.006273089908063412,,0
nec2c/DIP_7TC.nec,ok,ok,0.008568217977881432,0.051702508702874184,,0
nec2c/DIP_7TD.nec,ok,ok,0.007372689433395863,0.00808356236666441,,0
nec2c/DIP_7TE.nec,ok,ok,0.009134272113442421,0.005444991402328014,,0
nec2c/DIP_REFL.nec,ok,ok,0.021454286761581898,0.011617089621722698,,0
nec2c/ELICA.nec,ok,ok,0.015349511988461018,0.020091223530471325,,0
nec2c/EX1.nec,ok,ok,0.006567145697772503,0.0049171242862939835,,0
nec2c/EX2.nec,ok,ok,0.005856909789144993,0.0046942876651883125,,0
nec2c/EX3.nec,ok,ok,0.09358276519924402,0.10126642789691687,0.9241,1
nec2c/EX5.nec,ok,ok,0.011433107778429985,0.011579861864447594,,0
nec2c/EX7.nec,ok-no-source,ok-no-source,0.007444899529218674,0.005178880877792835,,0
nec2c/I5TDJII.nec,ok,ok,0.05782292224466801,0.08094294834882021,0.7144,1
nec2c/I5TDJIII.nec,ok,ok,0.05883364379405975,0.07156985811889172,0.8220,1
nec2c/LOGPERIO_1.nec,ok-no-source,ok-no-source,0.008553942665457726,0.011215897276997566,,0
nec2c/LPA9.nec,ok,ok,0.055308593437075615,0.027910783886909485,,0
nec2c/MARCONI.nec,ok,ok,0.013927132822573185,0.011053517460823059,,0
nec2c/MONOPOLE.nec,ok,ok,0.01735800039023161,0.032802652567625046,,0
nec2c/MONOPOLO.nec,ok,ok,0.008521041832864285,0.030428958125412464,,0
nec2c/MYGP.nec,ok,ok,0.13651831820607185,0.11930775735527277,1.1443,1
nec2c/MYGPR.nec,ok,ok,0.7843848261982203,0.49582748115062714,1.5820,1
nec2c/MYGPX.nec,ok,ok,0.7818083064630628,0.5155208054929972,1.5165,1
nec2c/RHOMBIC.nec,ok,ok,0.06298927683383226,0.06840863358229399,0.9208,1
nec2c/ROMBICA.nec,ok,ok,0.062403904274106026,0.046051545068621635,,0
nec2c/SKYWIRE.nec,ok,ok,0.01606023032218218,0.04123079311102629,,0
nec2c/SPIRAL.nec,error,error,0.01897591073065996,0.008404887281358242,,0
nec2c/TEST299.nec,ok,ok,0.04656403977423906,0.07114489935338497,,0
nec2c/TRI_7.nec,ok,ok,0.01565748918801546,0.032958103343844414,,0
nec2c/TRI_7T.nec,ok,ok,0.011772388592362404,0.06179204769432545,,0
nec2c/TRI_7TA.nec,ok,ok,0.012702582404017448,0.05945058632642031,,0
nec2c/TRI_7TB.nec,ok,ok,0.010747077874839306,0.00802174024283886,,0
nec2c/TRI_7TC.nec,ok,ok,0.012291031889617443,0.024247409775853157,,0
nec2c/VBS_28_T.nec,ok,ok,0.009524340741336346,0.030971192754805088,,0
nec2c/VB_28_T.nec,ok,ok,0.011542077176272869,0.01932379975914955,,0
nec2c/YG_4X6.nec,ok,ok,0.019771692343056202,0.07415242586284876,,0
nec2c/YG_4X6_B.nec,ok,ok,0.047518148086965084,0.07514099683612585,,0
nec2c/YG_6EL.nec,ok,ok,0.013600442558526993,0.04263896495103836,,0
nec2c/YI20_40B.nec,ok,ok,1.7343239886686206,1.1364898243919015,1.5260,1
nec2c/YI20_40C.nec,ok,ok,1.6254361001774669,0.8927895808592439,1.8206,1
nec2c/dip_curv_6m.nec,ok,ok,0.018510905094444752,0.03228810802102089,,0
nec2c/dl_2el_18.nec,ok,ok,0.03031711746007204,0.020762368105351925,,0
nec2c/dl_2el_18_1.nec,ok,ok,0.017938773147761822,0.014622815884649754,,0
nec2c/dl_2el_18_1t.nec,ok,ok,0.012420267798006535,0.008275007829070091,,0
nec2c/dl_2el_18_1t15mvp.nec,ok,ok,0.34918596129864454,0.2931478964164853,1.1912,1
nec2c/dl_2el_18_t10m.nec,ok,ok,0.011592057533562183,0.008558669127523899,,0
nec2c/dl_2el_18_t10mvp.nec,ok,ok,0.012632687576115131,0.008385793305933475,,0
nec2c/dl_2el_18b24.nec,ok,ok,0.036501300521194935,0.025527977384626865,,0
nec2c/dl_2el_24b18.nec,ok,ok,0.03559557441622019,0.026234164834022522,,0
nec2c/dl_2el_28_1.nec,ok,ok,0.03482186608016491,0.025113597512245178,,0
nec2c/dl_2el_28_1t.nec,ok,ok,0.031796048395335674,0.01951451599597931,,0
nec2c/dl_2el_28_f.nec,ok,ok,0.5126836709678173,0.9271044172346592,0.5530,1
nec2c/dl_4el_20.nec,ok,ok,0.06590179353952408,0.20923630520701408,0.3150,1
nec2c/dl_4el_20f.nec,ok,ok,0.648601938970387,1.1700282273814082,0.5543,1
nec2c/firstrhombic.nec,ok,ok,0.013169513083994389,0.018078429624438286,,0
nec2c/i5tdjiiif.nec,ok,ok,1.0808156877756119,1.1296877460554242,0.9567,1
nec2c/log_periodic.nec,ok,ok,0.053731778636574745,0.03264490608125925,,0
nec2c/logperA9.nec,ok,ok,0.05548063665628433,0.05621704272925854,0.9869,1
nec2c/quad17m_1.nec,ok,ok,0.042560198344290257,0.11762379948049784,,0
nec2c/quad17m_2.nec,ok,ok,0.04190306179225445,0.12966338451951742,,0
nec2c/rombica_t.nec,ok,ok,0.018605532124638557,0.03338513523340225,,0
nec2c/yg2_5el_50.nec,ok,ok,0.03175141662359238,0.1834379369392991,,0
nec2c/yg2_5el_50t.nec,ok,ok,0.024686986580491066,0.09155261144042015,,0
nec2c/yg_16el_220.nec,ok,ok,0.023095943965017796,0.05986519996076822,,0
nec2c/yg_16el_220M_1.nec,ok,ok,0.06136070191860199,0.041765124537050724,,0
nec2c/yg_16el_220M_2.nec,ok,ok,0.049999349750578403,0.04911025147885084,,0
nec2c/yg_2el_24.nec,ok,ok,0.01694866083562374,0.028369021601974964,,0
nec2c/yg_4el_20.nec,ok,ok,0.025034028105437756,0.06306583154946566,,0
nec2c/yg_4el_20f.nec,ok,ok,0.0557033633813262,0.10288764908909798,0.5414,1
nec2c/yg_4el_20g.nec,ok,ok,0.014340117573738098,0.024968909099698067,,0
nec2c/yg_5el_50.nec,ok,ok,0.01795807294547558,0.0368278669193387,,0
nec2c/yg_5el_50_opt.nec,ok,ok,0.018597427755594254,0.05835551768541336,,0
nec2c/yg_5el_50p_opt.nec,ok,ok,0.017520210705697536,0.04435977153480053,,0
nec2c/yg_5el_50t.nec,ok,ok,0.016504693776369095,0.012620197609066963,,0
nec2c/yg_9el_144.nec,ok,ok,0.02730035036802292,0.10076567716896534,,0
nec2org/biquad_2440MHz.nec,ok,ok,1.4962067622691393,0.49783444311469793,3.0054,1
necpp/36dip.nec,ok,ok,0.326204564422369,0.3096477407962084,1.0535,1
necpp/Collinear_1L.nec,ok,ok,0.13019965030252934,0.11709503177553415,1.1119,1
necpp/GA487.nec,ok,ok,0.9818010292947292,0.6459010541439056,1.5200,1
necpp/Yg_4x6_b.nec,ok,ok,0.044889966025948524,0.03368098381906748,,0
necpp/biquad.nec,ok,ok,1.5021808128803968,0.4289752561599016,3.5018,1
necpp/bruce_sommerfeld.nec,ok,ok,0.40868163015693426,0.29630964901298285,1.3792,1
necpp/buoy.nec,ok,ok,0.1485784687101841,0.1842389153316617,0.8064,1
necpp/dipole_anim.nec,ok,ok,0.022249615751206875,0.10560004133731127,,0
necpp/discone.nec,ok-no-source,ok-no-source,4.148085073567927,1.2377792289480567,,0
necpp/ek_test.nec,ok,ok,0.08917033392935991,0.03583149425685406,,0
necpp/example1.nec,ok,ok,0.1037846626713872,0.004401488229632378,,0
necpp/example2.nec,ok,ok,0.05181554239243269,0.004546116106212139,,0
necpp/example3.nec,ok,ok,0.1526665771380067,0.0936480313539505,1.6302,1
necpp/example5.nec,ok,ok,0.010843745432794094,0.07773617003113031,,0
necpp/excessive_gain.nec,ok,ok,0.01958240568637848,0.015299282036721706,,0
necpp/ga_pjw_0.nec,ok-no-source,ok-no-source,0.11729768011718988,0.117011952213943,,0
necpp/ga_pjw_1.nec,ok,ok,1.2852390203624964,0.4287110436707735,2.9979,1
necpp/gh_flat_spiral.nec,ok,ok,0.012739916332066059,0.011628501117229462,,0
necpp/gn2.nec,ok,ok,0.20545085985213518,0.16356191132217646,1.2561,1
necpp/gx_one_plane.nec,ok,ok,0.009576336480677128,0.019397979602217674,,0
necpp/gx_three_planes.nec,ok,ok,0.015970533713698387,0.03718393389135599,,0
necpp/gx_three_planes_control.nec,ok,ok,0.017083389684557915,0.05386399384588003,,0
necpp/hang.nec,ok,ok,0.6424743933603168,0.2708361893892288,2.3722,1
necpp/herzian_dipole.nec,ok,ok,0.010645831003785133,0.06788940541446209,,0
necpp/intersection.nec,ok,ok,0.006149171851575375,0.005713168531656265,,0
necpp/inverted_v.nec,ok,ok,4.999527896754444,1.5117413979023695,3.3071,1
necpp/medium_test.nec,ok,ok,0.024622047320008278,0.0047707827761769295,,0
necpp/near_field_electric.nec,ok,ok,0.006129119545221329,0.0038664424791932106,,0
necpp/near_field_magnetic.nec,ok,ok,0.006161900237202644,0.003837139345705509,,0
necpp/passive_test1.nec,ok-no-source,ok-no-source,0.10286067426204681,0.04943844769150019,,0
necpp/patch_999.nec,error,error,0.17293291445821524,0.07549326587468386,,0
necpp/patch_999_2.nec,no-impedance,no-impedance,0.02177000790834427,0.027025960385799408,,0
necpp/plane.nec,error,error,0.055381339974701405,0.04339063819497824,,0
necpp/plane_wave_excitation.nec,ok-no-source,ok-no-source,0.010732213035225868,0.011150562204420567,,0
necpp/plet_helix.nec,ok-no-source,ok-no-source,0.04277421813458204,0.09633160475641489,,0
necpp/plet_helixumts.nec,ok,ok,0.2881940742954612,0.1893338095396757,1.5221,1
necpp/salt_ground.nec,ok,ok,1.0175711456686258,0.6396847199648619,1.5907,1
necpp/sommerfeld2.nec,ok,ok,0.17746589053422213,0.13537940569221973,1.3109,1
necpp/sommerfeld3.nec,ok,ok,0.34138338826596737,0.246300483122468,1.3860,1
necpp/sommerfield1.nec,ok,ok,0.097666772082448,0.10981322266161442,0.8894,1
necpp/test299.nec,ok,ok,0.04345561843365431,0.027439511381089687,,0
necpp/yagi.nec,ok,ok,0.05502109229564667,0.07666555885225534,0.7177,1
opennec/6mYagi-Onec.nec,ok,ok,68.84197945613414,31.43016578629613,2.1903,1
opennec/6mYagi-Onec2.nec,ok,ok,0.07131887599825859,0.0934784822165966,0.7629,1
opennec/example5.nec,ok,ok,0.01060719694942236,0.08104446716606617,,0
qantenna/10-30m_vert4.nec,crash,crash,1.5238343300297856,1.312614788301289,,0
qantenna/19el_432_tonna.nec,ok,ok,0.07527259271591902,0.06227889284491539,1.2086,1
qantenna/1_4l-gp_on_pole.nec,ok,ok,2.3039717292413116,1.637093865312636,1.4074,1
qantenna/5_8l-gp_on_pole.nec,ok,ok,1.789796968922019,0.9991111485287547,1.7914,1
qantenna/adrian.nec,ok,ok,0.13655071519315243,0.08860536199063063,1.5411,1
qantenna/airplane.nec,error,error,0.05435126554220915,0.06690378207713366,,0
qantenna/ant.nec,ok,ok,0.059671176597476006,0.06571958865970373,0.9080,1
qantenna/collinear.nec,ok,ok,2.3420818019658327,1.2883411273360252,1.8179,1
qantenna/delta-loop-15m.nec,ok,ok,1.2242483915761113,0.940547795034945,1.3016,1
qantenna/quad-20m.nec,ok,ok,1.1076553473249078,0.6948023280128837,1.5942,1
qantenna/spaceship.nec,ok,ok,0.1240688031539321,0.046789271757006645,,0
qantenna/tower.nec,error,error,0.0929876808077097,0.016460523940622807,,0
qantenna/tri_7.nec,ok,ok,0.04767703078687191,0.03711783234030008,,0
qantenna/turnstile-sloped.nec,ok,ok,0.3084980985149741,0.14810927119106054,2.0829,1
qantenna/turnstile.nec,ok,ok,0.2591159949079156,0.11791225615888834,2.1975,1
qantenna/xpol_omni.nec,ok,ok,0.4792428044602275,0.486031680367887,0.9860,1
qantenna/yagi.nec,ok,ok,0.17131881602108479,0.08173489570617676,2.0960,1
qantenna/yagi8sq_ch1.nec,ok,ok,0.16562778875231743,0.08416553866118193,1.9679,1
qantenna/yg_16el_220.nec,ok,ok,0.0995957599952817,0.01595496293157339,,0
qantenna/yg_4el_20.nec,ok,ok,0.13746376521885395,0.07153246272355318,1.9217,1
qantenna/yg_6el.nec,ok,ok,1.1952312430366874,0.682432715781033,1.7514,1
qantenna/zepp-80m.nec,ok,ok,0.35978143755346537,0.1941873924806714,1.8528,1
rchacker-antennas/1180/helical.nec,ok,ok,0.03548175096511841,0.06530843116343021,,0
rchacker-antennas/1180/moxon_44mm.nec,ok,ok,0.013893035240471363,0.013129091821610928,,0
rchacker-antennas/1180/moxon_thin_wire.nec,ok,ok,0.016651456244289875,0.013606857508420944,,0
rchacker-antennas/1180/turnstile_1180_droop_angle_raptor.nec,ok,ok,0.08929865527898073,0.04290237557142973,,0
rchacker-antennas/1180/turnstile_1180_droop_angle_raptor_optimised.nec,ok,ok,0.05276942625641823,0.03403014503419399,,0
rchacker-antennas/1180/use gen program in 4nec folder.nec,ok-no-source,ok-no-source,13.047867499291897,3.589177317917347,,0
rchacker-antennas/2.4/dipole_2.4.nec,ok,ok,0.014007598161697388,0.012248142622411251,,0
rchacker-antennas/2.4/moxon24.nec,ok,ok,0.01114592608064413,0.008928566239774227,,0
rchacker-antennas/2.4/stripped_coax_2.4.nec,ok,ok,0.010784690268337727,0.010101612657308578,,0
rchacker-antennas/2.4/swastika thick wire.nec,ok,ok,0.009259827435016632,0.006919855251908302,,0
rchacker-antennas/2.4/swastika thin wire.nec,ok,ok,0.010776911862194538,0.01010687556117773,,0
rchacker-antennas/2.4/swastika.nec,ok,ok,0.009151005186140537,0.006955907680094242,,0
rchacker-antennas/2.4/swastika_large_wire_opt.nec,ok,ok,0.008443618193268776,0.006800317205488682,,0
rchacker-antennas/2.4/swastika_large_wire_opt_1mm_feed.nec,ok,ok,0.009639643132686615,0.006839307025074959,,0
rchacker-antennas/2.4/turnstile.nec,ok,ok,0.01776617020368576,0.014951332472264767,,0
rchacker-antennas/2.4/turnstile_2.4_asymmetric.nec,ok,ok,0.01951729878783226,0.01489519327878952,,0
rchacker-antennas/2.4/turnstile_2.4_asymmetric_rad.nec,ok,ok,0.01900299731642008,0.015396478585898876,,0
rchacker-antennas/2.4/vee_2.4.nec,ok,ok,0.0123881995677948,0.012411628849804401,,0
rchacker-antennas/58/helical58.nec,ok,ok,0.5343977063894272,0.2039981698617339,2.6196,1
rchacker-antennas/58/pinwheel5.8.nec,ok,ok,0.20218182913959026,0.09622568730264902,2.1011,1
rchacker-antennas/UHF/_new.nec,ok,ok,0.028577431105077267,0.01815270259976387,,0
rchacker-antennas/UHF/ground_plane.nec,ok,ok,0.05404525622725487,0.033663379959762096,,0
rchacker-antennas/UHF/ground_turnstile.nec,ok,ok,0.011648708023130894,0.00985326711088419,,0
rchacker-antennas/UHF/ibcrazy turnstile.nec,ok,ok,0.006559131667017937,0.004378434270620346,,0
rchacker-antennas/UHF/ibcrazy turnstile_measurements_from_web_tutorial.nec,ok,ok,0.010084610432386398,0.004225298762321472,,0
rchacker-antennas/UHF/moxon435_as_per_generator.nec,ok,ok,0.021962594240903854,0.0883086146786809,,0
rchacker-antennas/UHF/moxon435_optimised.nec,ok,ok,0.019277440384030342,0.11836902797222137,,0
rchacker-antennas/UHF/turnstile.nec,ok,ok,0.02911461889743805,0.06507162470370531,,0
rchacker-antennas/UHF/turnstile_NEW.nec,ok,ok,0.02305132895708084,0.017379474826157093,,0
rchacker-antennas/UHF/turnstile_coax_flat.nec,ok,ok,0.023255533538758755,0.017586556263267994,,0
rchacker-antennas/UHF/turnstile_coax_flower.nec,ok,ok,0.04587746597826481,0.02877075131982565,,0
rchacker-antennas/UHF/turnstile_coax_flower_2.5.nec,ok,ok,0.04552561417222023,0.02859586291015148,,0
rchacker-antennas/UHF/turnstile_droop_angle.nec,ok,ok,0.03641450311988592,0.025141341611742973,,0
rchacker-antennas/UHF/turnstile_droop_angle_coax.nec,ok,ok,0.05511576309800148,0.033932545222342014,,0
rchacker-antennas/UHF/turnstile_droop_angle_raptor.nec,ok,ok,0.13114419300109148,0.0661339433863759,1.9830,1
rchacker-antennas/UHF/turnstile_droop_angle_raptor_optimised.nec,ok,ok,0.254693360067904,0.11056644842028618,2.3035,1
rchacker-antennas/UHF/turnstile_droop_angle_raptor_optimised_eff.nec,ok,ok,0.25481646694242954,0.11074413638561964,2.3009,1
rchacker-antennas/UHF/turnstile_effeciency_optimised.nec,ok,ok,0.037006876431405544,0.024453931488096714,,0
rchacker-antennas/UHF/vee3_asymmetrical.nec,ok,ok,0.01450655609369278,0.012615690007805824,,0
rchacker-antennas/UHF/vee3_asymmetrical_hello_kitty_evolved.nec,ok,ok,0.024378027766942978,0.017263781279325485,,0
rchacker-antennas/UHF/vee3_asymmetrical_hello_kitty_evolved_40.nec,ok,ok,0.024136532098054886,0.01747989095747471,,0
rchacker-antennas/UHF/vee3_asymmetrical_with_coax.nec,ok,ok,0.02328208088874817,0.017234893515706062,,0
rchacker-antennas/UHF/vee3_symmetrical.nec,ok,ok,0.013642780482769012,0.012586316093802452,,0
rchacker-antennas/circular omni/PINWHEEL62m.nec,ok,ok,0.18643531296402216,0.15667013451457024,1.1900,1
rchacker-antennas/circular omni/pinwheel62m_980skewplanar-e3.nec,ok,ok,0.18635960016399622,0.10710710287094116,1.7399,1
rchacker-antennas/vee_cheatsheet/vee3_symmetrical_1080_cat5.nec,ok,ok,0.08751152455806732,0.012537253089249134,,0
rchacker-antennas/vee_cheatsheet/vee3_symmetrical_1180_cat5.nec,ok,ok,0.04184826835989952,0.013080685399472713,,0
rchacker-antennas/vee_cheatsheet/vee3_symmetrical_1280_cat5.nec,ok,ok,0.08937389310449362,0.012902609072625637,,0
rchacker-antennas/vee_cheatsheet/vee3_symmetrical_425.nec,ok,ok,0.0900706835091114,0.012399986386299133,,0
rchacker-antennas/vee_cheatsheet/vee3_symmetrical_433.nec,ok,ok,0.07451950758695602,0.012476651929318905,,0
rchacker-antennas/vee_cheatsheet/vee3_symmetrical_435.nec,ok,ok,0.06818364840000868,0.012380361557006836,,0
rchacker-antennas/vee_cheatsheet/vee3_symmetrical_440.nec,ok,ok,0.06204914953559637,0.01250210590660572,,0
rchacker-antennas/vee_cheatsheet/vee3_symmetrical_459.nec,ok,ok,0.06130899861454964,0.012391531839966774,,0
rchacker-antennas/vee_cheatsheet/vee3_symmetrical_915.nec,ok,ok,0.03841370530426502,0.012801002711057663,,0
rchacker-antennas/vee_cheatsheet/vee3_symmetrical_915_cat5.nec,ok,ok,0.013464365154504776,0.012461856938898563,,0
sokyrad/k8uy_yagi_10el/models/K8UY_yagi_2m_original.nec,ok,ok,0.1721342159435153,0.08222681656479836,2.0934,1
sokyrad/unsorted/10m efhw narrow rect 28.4mhz  10m efhw narrow rect 28.4mhz.nec,ok,ok,0.1824909606948495,0.12847568280994892,1.4204,1
sokyrad/unsorted/10m_3el_yagi_horizontal.nec,ok,ok,0.577651709318161,0.3115993570536375,1.8538,1
sokyrad/unsorted/10m_3el_yagi_horizontal_quarter_wave_elements.nec,ok,ok,0.5215183878317475,0.2605551090091467,2.0016,1
sokyrad/unsorted/10m_3el_yagi_vertical.nec,ok,ok,0.6826657084748149,0.3731732117012143,1.8294,1
sokyrad/unsorted/10m_efhw_inverted_L_10ft.nec,ok,ok,0.21953034400939941,0.17149751167744398,1.2801,1
sokyrad/unsorted/10m_quarter_wave_ground_plane_10ft.nec,ok,ok,1.1115381484851241,0.6045850422233343,1.8385,1
sokyrad/unsorted/15m_20m_jumper_half_square.nec,ok,ok,3.9483566377311945,1.7572980606928468,2.2468,1
sokyrad/unsorted/26ft_vertical_26x20ft_radials_eznec_import.nec,ok,ok,2.803859742358327,1.1111241150647402,2.5234,1
sokyrad/unsorted/2m70cm_moxon_nested.nec,ok,ok,0.06222354434430599,0.038239181973040104,,0
sokyrad/unsorted/2m70cm_moxon_nested_four_masted.nec,ok,ok,0.5448958482593298,0.22468225937336683,2.4252,1
sokyrad/unsorted/40m_efhw-inverted-v_28.6MHz.nec,ok,ok,0.04490550793707371,0.0341417184099555,,0
sokyrad/unsorted/40m_efhw_L.nec,ok,ok,0.2464635781943798,0.1882543321698904,1.3092,1
sokyrad/unsorted/6m_2m_70cm_moxon-yagi.nec,ok,ok,0.17911851592361927,0.14179282076656818,1.2632,1
sokyrad/unsorted/80m_delta_loop_top10m_bottom1m_quarterwave_feed_3p9MHz.nec,ok,ok,1.6518488880246878,0.8376603294163942,1.9720,1
sokyrad/unsorted/80m_delta_loop_top3m_bottom1m_quarterwave_feed_3p9MHz.nec,ok,ok,1.6514511229470372,0.8415406625717878,1.9624,1
sokyrad/unsorted/80m_efhw-Sloper-L_3.85M.nec,ok,ok,0.412564005702734,0.25233313348144293,1.6350,1
sokyrad/unsorted/80m_efhw-Sloper-L_7.2375M.nec,ok,ok,0.3182857409119606,0.22386989276856184,1.4217,1
sokyrad/unsorted/80m_efhw-Sloper.nec,ok,ok,0.3071064641699195,0.2233437979593873,1.3750,1
sokyrad/unsorted/80m_efhw_inverted_v.nec,ok,ok,0.20652047730982304,0.16575120855122805,1.2460,1
sokyrad/unsorted/80m_efhw_sloper.nec,ok,ok,0.39583567809313536,0.27509153448045254,1.4389,1
sokyrad/unsorted/80m_full-wave_horiz-L_3.8MHz.nec,ok,ok,0.045387618243694305,0.0325769754126668,,0
sokyrad/unsorted/80m_square_horizontal_loop_65ft_3mm_3p9MHz.nec,ok,ok,1.4731257855892181,0.8537494670599699,1.7255,1
sokyrad/unsorted/K8UY_dipole_2m_original_gamma.nec,ok,ok,1.0491439746692777,0.36829424276947975,2.8487,1
sokyrad/unsorted/K8UY_yagi_2m_original.nec,ok,ok,0.18025235179811716,0.08328388817608356,2.1643,1
sokyrad/unsorted/butternut_hf6v_approx.nec,ok,ok,0.51193159352988,0.24609351810067892,2.0802,1
sokyrad/unsorted/custom_28_4MHz_hybrid_dipole_invertedV.nec,ok,ok,0.2052749702706933,0.13926215935498476,1.4740,1
sokyrad/unsorted/custom_28_4MHz_hybrid_dipole_invertedV_10mheight_1_8wave.nec,ok,ok,0.20227556116878986,0.13316317833960056,1.5190,1
sokyrad/unsorted/custom_28_4MHz_hybrid_dipole_invertedV_2_5m.nec,ok,ok,0.7705486202612519,0.5264034559950233,1.4638,1
sokyrad/unsorted/custom_28_4MHz_hybrid_dipole_invertedV_2_5m_horiz_1_8wave_angled_1_4wave.nec,ok,ok,0.7474894253537059,0.4470698134973645,1.6720,1
sokyrad/unsorted/custom_28_4MHz_hybrid_dipole_invertedV_5_0m.nec,ok,ok,0.8405221290886402,2.5022439965978265,0.3359,1
sokyrad/unsorted/custom_double_inverted_v_10m_28_4MHz_20ft.nec,ok,ok,0.6772101232782006,0.5038660103455186,1.3440,1
sokyrad/unsorted/custom_double_inverted_v_10m_28_4MHz_20ft_same_plane.nec,ok,ok,0.7079267138615251,0.5077042859047651,1.3944,1
sokyrad/unsorted/delta_loop_equilateral_29MHz.nec,ok,ok,1.2049838034436107,0.6790441777557135,1.7745,1
sokyrad/unsorted/delta_loop_equilateral_29MHz_bottom_corner_feed.nec,ok,ok,1.1041456032544374,0.6629405962303281,1.6655,1
sokyrad/unsorted/dual_band_stacked_moxon_146_444_50mm_only146driven.nec,ok,ok,0.3965112892910838,0.22496211808174849,1.7626,1
sokyrad/unsorted/fan_dipole_80_40_20_10_6m_20m_height_voltage_balun.nec,ok,ok,5.958212353289127,2.242908558808267,2.6565,1
sokyrad/unsorted/inverted_v_10m_28_4MHz_20ft.nec,ok,ok,0.6865898864343762,0.48933231830596924,1.4031,1
sokyrad/unsorted/inverted_v_14p225MHz.nec,ok,ok,1.5526057910174131,0.6648790743201971,2.3352,1
sokyrad/unsorted/inverted_v_28p4MHz.nec,ok,ok,1.5124652497470379,0.6498500164598227,2.3274,1
sokyrad/unsorted/inverted_v_3p8MHz.nec,ok,ok,1.67691451869905,0.70293970964849,2.3856,1
sokyrad/unsorted/inverted_v_7p2MHz.nec,ok,ok,1.4644956653937697,0.6468138601630926,2.2642,1
sokyrad/unsorted/moxong_2m_single.nec,ok,ok,0.009103130549192429,0.06674547400325537,,0
sokyrad/unsorted/moxong_2m_stacked_common_feed.nec,ok,ok,0.01904311031103134,0.1054893871769309,,0
sokyrad/unsorted/moxong_2m_stacked_common_feed_0_99lambda.nec,ok,ok,0.02025714609771967,0.09038869850337505,,0
sokyrad/unsorted/simple_10m_inverted_v_10ft.nec,ok,ok,0.9387191403657198,0.5886810934171081,1.5946,1
sokyrad/unsorted/simple_dipole_28_4MHz_10_0m.nec,ok,ok,0.3072023969143629,0.266274637542665,1.1537,1
sokyrad/unsorted/simple_dipole_28_4MHz_2_5m.nec,ok,ok,0.742371017113328,0.5752724818885326,1.2905,1
sokyrad/unsorted/simple_dipole_28_4MHz_5_0m.nec,ok,ok,0.7684126934036613,0.5613249782472849,1.3689,1
sokyrad/unsorted/stacked_146MHz_moxon_horizontal.nec,ok,ok,0.5784176168963313,0.2878206931054592,2.0096,1
sokyrad/unsorted/stacked_146MHz_moxon_vertical (1).nec,ok,ok,0.649717602878809,0.28854615800082684,2.2517,1
sokyrad/unsorted/stacked_146MHz_moxon_vertical.nec,ok,ok,0.659339596517384,0.2868355009704828,2.2987,1
sokyrad/unsorted/stacked_146MHz_moxon_vertical_0_75lambda.nec,ok,ok,0.7747350912541151,0.3010410387068987,2.5735,1
w8io/215DX.nec,ok,ok,0.21109129581600428,0.21249784156680107,0.9934,1
w8io/216CP.nec,ok,ok,0.49328657519072294,0.31407186575233936,1.5706,1
w8io/222_13l_50ohm_yagi_kf6a.nec,ok,ok,0.13848811946809292,0.08758577983826399,1.5812,1
w8io/222_15l_50ohm_yagi_kf6a.nec,ok,ok,0.05759353656321764,0.09145457576960325,0.6298,1
w8io/2m12L_yagi_kf6a.nec,ok,ok,0.07483219169080257,0.061813016422092915,1.2106,1
w8io/6m_7L_1-46WL_yagi.nec,ok,ok,0.06869201455265284,0.07176840584725142,0.9571,1
w8io/6m_8L_50ohm_yagi_kf6a.nec,ok,ok,0.04800807870924473,0.09217510279268026,,0
w8io/BVO-4WL-144-15.nec,ok,ok,0.09359090309590101,0.11799970455467701,0.7931,1
w8io/CC-17B2.nec,ok,ok,0.2733672773465514,0.18535592127591372,1.4748,1
w8io/DG7YBN 144_GTV2-14w.nec,ok,ok,0.03928965516388416,0.10619883332401514,,0
w8io/DK7ZB-144-12.nec,ok,ok,0.10926299169659615,0.12886314187198877,0.8479,1
w8io/EF7021.nec,ok,ok,18.614463416859508,8.075376691296697,2.3051,1
w8io/EF7027.nec,ok,ok,29.47992132138461,14.611716109327972,2.0176,1
w8io/FO-25-432.nec,ok,ok,25.96113734226674,13.901670749299228,1.8675,1
w8io/FO-33-432.nec,ok,ok,44.92990380618721,21.76172176003456,2.0646,1
w8io/G0KSC-13LFA.nec,ok,ok,0.3753307266160846,0.6108383722603321,0.6145,1
w8io/G0KSC-14LFA.nec,ok,ok,0.4365207115188241,0.8714934252202511,0.5009,1
w8io/G0KSC-15LFA.nec,ok,ok,0.49379561375826597,0.6413490837439895,0.7699,1
w8io/HG-66DX-CW.nec,ok,ok,0.007805065251886845,0.008126080967485905,,0
w8io/HG7031DX.nec,ok,ok,39.219687193632126,18.823952263221145,2.0835,1
w8io/I0JXX-16JXX2.nec,ok,ok,0.23125509545207024,0.3934119585901499,0.5878,1
w8io/IO-432-28.nec,ok,ok,31.964241829700768,16.711649507284164,1.9127,1
w8io/K1FO-222-22.nec,ok,ok,0.09774953499436378,0.17825477942824364,0.5484,1
w8io/K1FO-FO15-144.nec,ok,ok,0.06099805049598217,0.41806582547724247,0.1459,1
w8io/K1FO-FO16-144.nec,ok,ok,0.07002338115125895,0.3539946535602212,0.1978,1
w8io/KF6A-144-18.nec,ok,ok,0.02450931165367365,0.05781707353889942,,0
w8io/KF6A_6m_7EL_12_5ohm_yagi.nec,ok,ok,0.009163113310933113,0.02943504322320223,,0
w8io/KF6A_70cm_22L.nec,ok,ok,0.02923593297600746,0.062327067367732525,,0
w8io/LP140-200-2D.nec,ok,ok,4.405775913968682,5.176448811776936,0.8511,1
w8io/LP144-22.nec,ok,ok,3.5470184087753296,3.2127474984154105,1.1040,1
w8io/LP144-35-MAXFB.nec,ok,ok,42.681901048868895,25.50380670838058,1.6736,1
w8io/LP50-108-16.nec,ok,ok,5.39049986936152,5.049038805998862,1.0676,1
w8io/LogYag220-520-15dbi.nec,ok,ok,45.0839053504169,23.3362206062302,1.9319,1
w8io/M2-222-5WL.nec,ok,ok,0.06847613584250212,0.09014057461172342,0.7597,1
w8io/M2-2M5WL-inch.nec,ok,ok,0.1330991005524993,0.1838375311344862,0.7240,1
w8io/M2-432-9WLA.nec,ok,ok,24.628737861290574,16.638937989249825,1.4802,1
w8io/SM5BSZ-2SA13.nec,ok,ok,0.04152125772088766,0.08763893600553274,,0
w8io/UR5EAZ_144_12_W8IO_opt.nec,ok,ok,0.028174810111522675,0.1106334887444973,,0
w8io/UR5EAZ_144_RS12.nec,ok,ok,0.027703232131898403,0.09514620341360569,,0
w8io/UR5EAZ_RS_2_11_DRAFT.nec,ok,ok,0.024829113855957985,0.14674422144889832,,0
w8io/W8IO-144-13U.nec,ok,ok,0.03143776394426823,0.18820931389927864,,0
w8io/W8IO-144-13a.nec,ok,ok,0.1558694802224636,0.3339670728892088,0.4667,1
w8io/W8IO-144-14U.nec,ok,ok,0.03414319455623627,0.21217055432498455,,0
w8io/W8IO-144-14V.nec,ok,ok,0.039296722039580345,0.1927052866667509,,0
w8io/W8IO-144-15U.nec,ok,ok,0.03742591664195061,0.15892655961215496,,0
w8io/W8IO-144-15V.nec,ok,ok,0.044239990413188934,0.11188874207437038,,0
w8io/W8IO-144-15fd.nec,ok,ok,0.4971350096166134,0.8964488180354238,0.5546,1
w8io/W8IO-144-16V.nec,ok,ok,0.0483305873349309,0.07623759564012289,,0
w8io/W8IO-144-17V.nec,ok,ok,0.05237103532999754,0.11272994708269835,0.4646,1
w8io/W8IO-222-17.nec,ok,ok,0.2582618501037359,0.3418680764734745,0.7554,1
w8io/W8IO-222-18.nec,ok,ok,0.2938554557040334,0.42502792179584503,0.6914,1
w8io/W8IO-222-19.nec,ok,ok,0.32221709936857224,0.6819407250732183,0.4725,1
w8io/W8IO-222-19V.nec,ok,ok,0.06387241091579199,0.14816977456212044,0.4311,1
w8io/W8IO-UR5EAZ-144-16V.nec,ok,ok,0.02493953425437212,0.09699361491948366,,0
w8io/YU7EF EF0606.nec,ok,ok,0.01288585178554058,0.07975796237587929,,0
w8io/YU7EF-EF0213.nec,ok,ok,0.04857565648853779,0.10753737110644579,,0
w8io/YU7EF-EF0215.nec,ok,ok,0.20469583291560411,0.42029548436403275,0.4870,1
w8io/kf6a-144-17.nec,ok,ok,0.018368062563240528,0.0356018478050828,,0
w8io/kf6a-432-27L.nec,ok,ok,0.03646355215460062,0.12275891937315464,,0
w8io/whip_antenna_8ft_groundplane.nec,ok,ok,189.4512767214328,52.88974726200104,3.5820,1
xnec2c-fixtures/sy_comma_format.nec,ok-no-source,ok-no-source,0.005408851429820061,0.004035722464323044,,0
xnec2c-fixtures/sy_math_cmnd.nec,ok-no-source,ok-no-source,0.006377299316227436,0.005499131977558136,,0
xnec2c-fixtures/sy_math_geom.nec,ok-no-source,ok-no-source,0.00553832296282053,0.0042068734765052795,,0
xnec2c-fixtures/sy_separate_cards.nec,ok-no-source,ok-no-source,0.006577405147254467,0.0039734384045004845,,0
xnec2c-fixtures/sy_units_spaces.nec,ok-no-source,ok-no-source,0.005767378956079483,0.00427431333810091,,0
